insert into T_SIMINFO (SIM_ID, ORG_CODE, DEPTCODE, STATE,PAY_MODLE, SIM_NUM) values(22001, 'B0000802', '中国移动', 1, '预付费', 13100002000);
insert into T_TERMINALINFO (TERMINAL_ID,TTYPE_ID,SIM_ID,TERMINAL_CODE,ORG_CODE,IS_VIDEO_TERMINAL,SP_SERVER_NAME,PROTOCOL_TYPE,CHANNELS,YT_PROTOCOL_TYPE) values(220001, 4, 22001, '1002000', 'B0000802',1,'1076测试服务器','4',8,'0');
insert into V_VEHICLEINFO (ORG_CODE,VEHICLE_ID,ID_NUMBER,TYPE_ID,TERMINAL_ID,DELETE_FLAG,COLOR_ID_NUMBER_ID,AUTHORIZED_PAY_MASS) values ('B0000802','2200001', '测B02000', 4, 220001, 0, '2',15);

insert into T_SIMINFO (SIM_ID, ORG_CODE, DEPTCODE, STATE,PAY_MODLE, SIM_NUM) values(22002, 'B0000802', '中国移动', 1, '预付费', 13100002001);
insert into T_TERMINALINFO (TERMINAL_ID,TTYPE_ID,SIM_ID,TERMINAL_CODE,ORG_CODE,IS_VIDEO_TERMINAL,SP_SERVER_NAME,PROTOCOL_TYPE,CHANNELS,YT_PROTOCOL_TYPE) values(220002, 4, 22002, '1002001', 'B0000802',1,'1076测试服务器','4',8,'0');
insert into V_VEHICLEINFO (ORG_CODE,VEHICLE_ID,ID_NUMBER,TYPE_ID,TERMINAL_ID,DELETE_FLAG,COLOR_ID_NUMBER_ID,AUTHORIZED_PAY_MASS) values ('B0000802','2200002', '测B02001', 4, 220002, 0, '2',15);

insert into T_SIMINFO (SIM_ID, ORG_CODE, DEPTCODE, STATE,PAY_MODLE, SIM_NUM) values(22003, 'B0000802', '中国移动', 1, '预付费', 13100002002);
insert into T_TERMINALINFO (TERMINAL_ID,TTYPE_ID,SIM_ID,TERMINAL_CODE,ORG_CODE,IS_VIDEO_TERMINAL,SP_SERVER_NAME,PROTOCOL_TYPE,CHANNELS,YT_PROTOCOL_TYPE) values(220003, 4, 22003, '1002002', 'B0000802',1,'1076测试服务器','4',8,'0');
insert into V_VEHICLEINFO (ORG_CODE,VEHICLE_ID,ID_NUMBER,TYPE_ID,TERMINAL_ID,DELETE_FLAG,COLOR_ID_NUMBER_ID,AUTHORIZED_PAY_MASS) values ('B0000802','2200003', '测B02002', 4, 220003, 0, '2',15);

insert into T_SIMINFO (SIM_ID, ORG_CODE, DEPTCODE, STATE,PAY_MODLE, SIM_NUM) values(22004, 'B0000802', '中国移动', 1, '预付费', 13100002003);
insert into T_TERMINALINFO (TERMINAL_ID,TTYPE_ID,SIM_ID,TERMINAL_CODE,ORG_CODE,IS_VIDEO_TERMINAL,SP_SERVER_NAME,PROTOCOL_TYPE,CHANNELS,YT_PROTOCOL_TYPE) values(220004, 4, 22004, '1002003', 'B0000802',1,'1076测试服务器','4',8,'0');
insert into V_VEHICLEINFO (ORG_CODE,VEHICLE_ID,ID_NUMBER,TYPE_ID,TERMINAL_ID,DELETE_FLAG,COLOR_ID_NUMBER_ID,AUTHORIZED_PAY_MASS) values ('B0000802','2200004', '测B02003', 4, 220004, 0, '2',15);

insert into T_SIMINFO (SIM_ID, ORG_CODE, DEPTCODE, STATE,PAY_MODLE, SIM_NUM) values(22005, 'B0000802', '中国移动', 1, '预付费', 13100002004);
insert into T_TERMINALINFO (TERMINAL_ID,TTYPE_ID,SIM_ID,TERMINAL_CODE,ORG_CODE,IS_VIDEO_TERMINAL,SP_SERVER_NAME,PROTOCOL_TYPE,CHANNELS,YT_PROTOCOL_TYPE) values(220005, 4, 22005, '1002004', 'B0000802',1,'1076测试服务器','4',8,'0');
insert into V_VEHICLEINFO (ORG_CODE,VEHICLE_ID,ID_NUMBER,TYPE_ID,TERMINAL_ID,DELETE_FLAG,COLOR_ID_NUMBER_ID,AUTHORIZED_PAY_MASS) values ('B0000802','2200005', '测B02004', 4, 220005, 0, '2',15);

insert into T_SIMINFO (SIM_ID, ORG_CODE, DEPTCODE, STATE,PAY_MODLE, SIM_NUM) values(22006, 'B0000802', '中国移动', 1, '预付费', 13100002005);
insert into T_TERMINALINFO (TERMINAL_ID,TTYPE_ID,SIM_ID,TERMINAL_CODE,ORG_CODE,IS_VIDEO_TERMINAL,SP_SERVER_NAME,PROTOCOL_TYPE,CHANNELS,YT_PROTOCOL_TYPE) values(220006, 4, 22006, '1002005', 'B0000802',1,'1076测试服务器','4',8,'0');
insert into V_VEHICLEINFO (ORG_CODE,VEHICLE_ID,ID_NUMBER,TYPE_ID,TERMINAL_ID,DELETE_FLAG,COLOR_ID_NUMBER_ID,AUTHORIZED_PAY_MASS) values ('B0000802','2200006', '测B02005', 4, 220006, 0, '2',15);

insert into T_SIMINFO (SIM_ID, ORG_CODE, DEPTCODE, STATE,PAY_MODLE, SIM_NUM) values(22007, 'B0000802', '中国移动', 1, '预付费', 13100002006);
insert into T_TERMINALINFO (TERMINAL_ID,TTYPE_ID,SIM_ID,TERMINAL_CODE,ORG_CODE,IS_VIDEO_TERMINAL,SP_SERVER_NAME,PROTOCOL_TYPE,CHANNELS,YT_PROTOCOL_TYPE) values(220007, 4, 22007, '1002006', 'B0000802',1,'1076测试服务器','4',8,'0');
insert into V_VEHICLEINFO (ORG_CODE,VEHICLE_ID,ID_NUMBER,TYPE_ID,TERMINAL_ID,DELETE_FLAG,COLOR_ID_NUMBER_ID,AUTHORIZED_PAY_MASS) values ('B0000802','2200007', '测B02006', 4, 220007, 0, '2',15);

insert into T_SIMINFO (SIM_ID, ORG_CODE, DEPTCODE, STATE,PAY_MODLE, SIM_NUM) values(22008, 'B0000802', '中国移动', 1, '预付费', 13100002007);
insert into T_TERMINALINFO (TERMINAL_ID,TTYPE_ID,SIM_ID,TERMINAL_CODE,ORG_CODE,IS_VIDEO_TERMINAL,SP_SERVER_NAME,PROTOCOL_TYPE,CHANNELS,YT_PROTOCOL_TYPE) values(220008, 4, 22008, '1002007', 'B0000802',1,'1076测试服务器','4',8,'0');
insert into V_VEHICLEINFO (ORG_CODE,VEHICLE_ID,ID_NUMBER,TYPE_ID,TERMINAL_ID,DELETE_FLAG,COLOR_ID_NUMBER_ID,AUTHORIZED_PAY_MASS) values ('B0000802','2200008', '测B02007', 4, 220008, 0, '2',15);

insert into T_SIMINFO (SIM_ID, ORG_CODE, DEPTCODE, STATE,PAY_MODLE, SIM_NUM) values(22009, 'B0000802', '中国移动', 1, '预付费', 13100002008);
insert into T_TERMINALINFO (TERMINAL_ID,TTYPE_ID,SIM_ID,TERMINAL_CODE,ORG_CODE,IS_VIDEO_TERMINAL,SP_SERVER_NAME,PROTOCOL_TYPE,CHANNELS,YT_PROTOCOL_TYPE) values(220009, 4, 22009, '1002008', 'B0000802',1,'1076测试服务器','4',8,'0');
insert into V_VEHICLEINFO (ORG_CODE,VEHICLE_ID,ID_NUMBER,TYPE_ID,TERMINAL_ID,DELETE_FLAG,COLOR_ID_NUMBER_ID,AUTHORIZED_PAY_MASS) values ('B0000802','2200009', '测B02008', 4, 220009, 0, '2',15);

insert into T_SIMINFO (SIM_ID, ORG_CODE, DEPTCODE, STATE,PAY_MODLE, SIM_NUM) values(22010, 'B0000802', '中国移动', 1, '预付费', 13100002009);
insert into T_TERMINALINFO (TERMINAL_ID,TTYPE_ID,SIM_ID,TERMINAL_CODE,ORG_CODE,IS_VIDEO_TERMINAL,SP_SERVER_NAME,PROTOCOL_TYPE,CHANNELS,YT_PROTOCOL_TYPE) values(220010, 4, 22010, '1002009', 'B0000802',1,'1076测试服务器','4',8,'0');
insert into V_VEHICLEINFO (ORG_CODE,VEHICLE_ID,ID_NUMBER,TYPE_ID,TERMINAL_ID,DELETE_FLAG,COLOR_ID_NUMBER_ID,AUTHORIZED_PAY_MASS) values ('B0000802','2200010', '测B02009', 4, 220010, 0, '2',15);

insert into T_SIMINFO (SIM_ID, ORG_CODE, DEPTCODE, STATE,PAY_MODLE, SIM_NUM) values(22011, 'B0000802', '中国移动', 1, '预付费', 13100002010);
insert into T_TERMINALINFO (TERMINAL_ID,TTYPE_ID,SIM_ID,TERMINAL_CODE,ORG_CODE,IS_VIDEO_TERMINAL,SP_SERVER_NAME,PROTOCOL_TYPE,CHANNELS,YT_PROTOCOL_TYPE) values(220011, 4, 22011, '1002010', 'B0000802',1,'1076测试服务器','4',8,'0');
insert into V_VEHICLEINFO (ORG_CODE,VEHICLE_ID,ID_NUMBER,TYPE_ID,TERMINAL_ID,DELETE_FLAG,COLOR_ID_NUMBER_ID,AUTHORIZED_PAY_MASS) values ('B0000802','2200011', '测B02010', 4, 220011, 0, '2',15);

insert into T_SIMINFO (SIM_ID, ORG_CODE, DEPTCODE, STATE,PAY_MODLE, SIM_NUM) values(22012, 'B0000802', '中国移动', 1, '预付费', 13100002011);
insert into T_TERMINALINFO (TERMINAL_ID,TTYPE_ID,SIM_ID,TERMINAL_CODE,ORG_CODE,IS_VIDEO_TERMINAL,SP_SERVER_NAME,PROTOCOL_TYPE,CHANNELS,YT_PROTOCOL_TYPE) values(220012, 4, 22012, '1002011', 'B0000802',1,'1076测试服务器','4',8,'0');
insert into V_VEHICLEINFO (ORG_CODE,VEHICLE_ID,ID_NUMBER,TYPE_ID,TERMINAL_ID,DELETE_FLAG,COLOR_ID_NUMBER_ID,AUTHORIZED_PAY_MASS) values ('B0000802','2200012', '测B02011', 4, 220012, 0, '2',15);

insert into T_SIMINFO (SIM_ID, ORG_CODE, DEPTCODE, STATE,PAY_MODLE, SIM_NUM) values(22013, 'B0000802', '中国移动', 1, '预付费', 13100002012);
insert into T_TERMINALINFO (TERMINAL_ID,TTYPE_ID,SIM_ID,TERMINAL_CODE,ORG_CODE,IS_VIDEO_TERMINAL,SP_SERVER_NAME,PROTOCOL_TYPE,CHANNELS,YT_PROTOCOL_TYPE) values(220013, 4, 22013, '1002012', 'B0000802',1,'1076测试服务器','4',8,'0');
insert into V_VEHICLEINFO (ORG_CODE,VEHICLE_ID,ID_NUMBER,TYPE_ID,TERMINAL_ID,DELETE_FLAG,COLOR_ID_NUMBER_ID,AUTHORIZED_PAY_MASS) values ('B0000802','2200013', '测B02012', 4, 220013, 0, '2',15);

insert into T_SIMINFO (SIM_ID, ORG_CODE, DEPTCODE, STATE,PAY_MODLE, SIM_NUM) values(22014, 'B0000802', '中国移动', 1, '预付费', 13100002013);
insert into T_TERMINALINFO (TERMINAL_ID,TTYPE_ID,SIM_ID,TERMINAL_CODE,ORG_CODE,IS_VIDEO_TERMINAL,SP_SERVER_NAME,PROTOCOL_TYPE,CHANNELS,YT_PROTOCOL_TYPE) values(220014, 4, 22014, '1002013', 'B0000802',1,'1076测试服务器','4',8,'0');
insert into V_VEHICLEINFO (ORG_CODE,VEHICLE_ID,ID_NUMBER,TYPE_ID,TERMINAL_ID,DELETE_FLAG,COLOR_ID_NUMBER_ID,AUTHORIZED_PAY_MASS) values ('B0000802','2200014', '测B02013', 4, 220014, 0, '2',15);

insert into T_SIMINFO (SIM_ID, ORG_CODE, DEPTCODE, STATE,PAY_MODLE, SIM_NUM) values(22015, 'B0000802', '中国移动', 1, '预付费', 13100002014);
insert into T_TERMINALINFO (TERMINAL_ID,TTYPE_ID,SIM_ID,TERMINAL_CODE,ORG_CODE,IS_VIDEO_TERMINAL,SP_SERVER_NAME,PROTOCOL_TYPE,CHANNELS,YT_PROTOCOL_TYPE) values(220015, 4, 22015, '1002014', 'B0000802',1,'1076测试服务器','4',8,'0');
insert into V_VEHICLEINFO (ORG_CODE,VEHICLE_ID,ID_NUMBER,TYPE_ID,TERMINAL_ID,DELETE_FLAG,COLOR_ID_NUMBER_ID,AUTHORIZED_PAY_MASS) values ('B0000802','2200015', '测B02014', 4, 220015, 0, '2',15);

insert into T_SIMINFO (SIM_ID, ORG_CODE, DEPTCODE, STATE,PAY_MODLE, SIM_NUM) values(22016, 'B0000802', '中国移动', 1, '预付费', 13100002015);
insert into T_TERMINALINFO (TERMINAL_ID,TTYPE_ID,SIM_ID,TERMINAL_CODE,ORG_CODE,IS_VIDEO_TERMINAL,SP_SERVER_NAME,PROTOCOL_TYPE,CHANNELS,YT_PROTOCOL_TYPE) values(220016, 4, 22016, '1002015', 'B0000802',1,'1076测试服务器','4',8,'0');
insert into V_VEHICLEINFO (ORG_CODE,VEHICLE_ID,ID_NUMBER,TYPE_ID,TERMINAL_ID,DELETE_FLAG,COLOR_ID_NUMBER_ID,AUTHORIZED_PAY_MASS) values ('B0000802','2200016', '测B02015', 4, 220016, 0, '2',15);

insert into T_SIMINFO (SIM_ID, ORG_CODE, DEPTCODE, STATE,PAY_MODLE, SIM_NUM) values(22017, 'B0000802', '中国移动', 1, '预付费', 13100002016);
insert into T_TERMINALINFO (TERMINAL_ID,TTYPE_ID,SIM_ID,TERMINAL_CODE,ORG_CODE,IS_VIDEO_TERMINAL,SP_SERVER_NAME,PROTOCOL_TYPE,CHANNELS,YT_PROTOCOL_TYPE) values(220017, 4, 22017, '1002016', 'B0000802',1,'1076测试服务器','4',8,'0');
insert into V_VEHICLEINFO (ORG_CODE,VEHICLE_ID,ID_NUMBER,TYPE_ID,TERMINAL_ID,DELETE_FLAG,COLOR_ID_NUMBER_ID,AUTHORIZED_PAY_MASS) values ('B0000802','2200017', '测B02016', 4, 220017, 0, '2',15);

insert into T_SIMINFO (SIM_ID, ORG_CODE, DEPTCODE, STATE,PAY_MODLE, SIM_NUM) values(22018, 'B0000802', '中国移动', 1, '预付费', 13100002017);
insert into T_TERMINALINFO (TERMINAL_ID,TTYPE_ID,SIM_ID,TERMINAL_CODE,ORG_CODE,IS_VIDEO_TERMINAL,SP_SERVER_NAME,PROTOCOL_TYPE,CHANNELS,YT_PROTOCOL_TYPE) values(220018, 4, 22018, '1002017', 'B0000802',1,'1076测试服务器','4',8,'0');
insert into V_VEHICLEINFO (ORG_CODE,VEHICLE_ID,ID_NUMBER,TYPE_ID,TERMINAL_ID,DELETE_FLAG,COLOR_ID_NUMBER_ID,AUTHORIZED_PAY_MASS) values ('B0000802','2200018', '测B02017', 4, 220018, 0, '2',15);

insert into T_SIMINFO (SIM_ID, ORG_CODE, DEPTCODE, STATE,PAY_MODLE, SIM_NUM) values(22019, 'B0000802', '中国移动', 1, '预付费', 13100002018);
insert into T_TERMINALINFO (TERMINAL_ID,TTYPE_ID,SIM_ID,TERMINAL_CODE,ORG_CODE,IS_VIDEO_TERMINAL,SP_SERVER_NAME,PROTOCOL_TYPE,CHANNELS,YT_PROTOCOL_TYPE) values(220019, 4, 22019, '1002018', 'B0000802',1,'1076测试服务器','4',8,'0');
insert into V_VEHICLEINFO (ORG_CODE,VEHICLE_ID,ID_NUMBER,TYPE_ID,TERMINAL_ID,DELETE_FLAG,COLOR_ID_NUMBER_ID,AUTHORIZED_PAY_MASS) values ('B0000802','2200019', '测B02018', 4, 220019, 0, '2',15);

insert into T_SIMINFO (SIM_ID, ORG_CODE, DEPTCODE, STATE,PAY_MODLE, SIM_NUM) values(22020, 'B0000802', '中国移动', 1, '预付费', 13100002019);
insert into T_TERMINALINFO (TERMINAL_ID,TTYPE_ID,SIM_ID,TERMINAL_CODE,ORG_CODE,IS_VIDEO_TERMINAL,SP_SERVER_NAME,PROTOCOL_TYPE,CHANNELS,YT_PROTOCOL_TYPE) values(220020, 4, 22020, '1002019', 'B0000802',1,'1076测试服务器','4',8,'0');
insert into V_VEHICLEINFO (ORG_CODE,VEHICLE_ID,ID_NUMBER,TYPE_ID,TERMINAL_ID,DELETE_FLAG,COLOR_ID_NUMBER_ID,AUTHORIZED_PAY_MASS) values ('B0000802','2200020', '测B02019', 4, 220020, 0, '2',15);

insert into T_SIMINFO (SIM_ID, ORG_CODE, DEPTCODE, STATE,PAY_MODLE, SIM_NUM) values(22021, 'B0000802', '中国移动', 1, '预付费', 13100002020);
insert into T_TERMINALINFO (TERMINAL_ID,TTYPE_ID,SIM_ID,TERMINAL_CODE,ORG_CODE,IS_VIDEO_TERMINAL,SP_SERVER_NAME,PROTOCOL_TYPE,CHANNELS,YT_PROTOCOL_TYPE) values(220021, 4, 22021, '1002020', 'B0000802',1,'1076测试服务器','4',8,'0');
insert into V_VEHICLEINFO (ORG_CODE,VEHICLE_ID,ID_NUMBER,TYPE_ID,TERMINAL_ID,DELETE_FLAG,COLOR_ID_NUMBER_ID,AUTHORIZED_PAY_MASS) values ('B0000802','2200021', '测B02020', 4, 220021, 0, '2',15);

insert into T_SIMINFO (SIM_ID, ORG_CODE, DEPTCODE, STATE,PAY_MODLE, SIM_NUM) values(22022, 'B0000802', '中国移动', 1, '预付费', 13100002021);
insert into T_TERMINALINFO (TERMINAL_ID,TTYPE_ID,SIM_ID,TERMINAL_CODE,ORG_CODE,IS_VIDEO_TERMINAL,SP_SERVER_NAME,PROTOCOL_TYPE,CHANNELS,YT_PROTOCOL_TYPE) values(220022, 4, 22022, '1002021', 'B0000802',1,'1076测试服务器','4',8,'0');
insert into V_VEHICLEINFO (ORG_CODE,VEHICLE_ID,ID_NUMBER,TYPE_ID,TERMINAL_ID,DELETE_FLAG,COLOR_ID_NUMBER_ID,AUTHORIZED_PAY_MASS) values ('B0000802','2200022', '测B02021', 4, 220022, 0, '2',15);

insert into T_SIMINFO (SIM_ID, ORG_CODE, DEPTCODE, STATE,PAY_MODLE, SIM_NUM) values(22023, 'B0000802', '中国移动', 1, '预付费', 13100002022);
insert into T_TERMINALINFO (TERMINAL_ID,TTYPE_ID,SIM_ID,TERMINAL_CODE,ORG_CODE,IS_VIDEO_TERMINAL,SP_SERVER_NAME,PROTOCOL_TYPE,CHANNELS,YT_PROTOCOL_TYPE) values(220023, 4, 22023, '1002022', 'B0000802',1,'1076测试服务器','4',8,'0');
insert into V_VEHICLEINFO (ORG_CODE,VEHICLE_ID,ID_NUMBER,TYPE_ID,TERMINAL_ID,DELETE_FLAG,COLOR_ID_NUMBER_ID,AUTHORIZED_PAY_MASS) values ('B0000802','2200023', '测B02022', 4, 220023, 0, '2',15);

insert into T_SIMINFO (SIM_ID, ORG_CODE, DEPTCODE, STATE,PAY_MODLE, SIM_NUM) values(22024, 'B0000802', '中国移动', 1, '预付费', 13100002023);
insert into T_TERMINALINFO (TERMINAL_ID,TTYPE_ID,SIM_ID,TERMINAL_CODE,ORG_CODE,IS_VIDEO_TERMINAL,SP_SERVER_NAME,PROTOCOL_TYPE,CHANNELS,YT_PROTOCOL_TYPE) values(220024, 4, 22024, '1002023', 'B0000802',1,'1076测试服务器','4',8,'0');
insert into V_VEHICLEINFO (ORG_CODE,VEHICLE_ID,ID_NUMBER,TYPE_ID,TERMINAL_ID,DELETE_FLAG,COLOR_ID_NUMBER_ID,AUTHORIZED_PAY_MASS) values ('B0000802','2200024', '测B02023', 4, 220024, 0, '2',15);

insert into T_SIMINFO (SIM_ID, ORG_CODE, DEPTCODE, STATE,PAY_MODLE, SIM_NUM) values(22025, 'B0000802', '中国移动', 1, '预付费', 13100002024);
insert into T_TERMINALINFO (TERMINAL_ID,TTYPE_ID,SIM_ID,TERMINAL_CODE,ORG_CODE,IS_VIDEO_TERMINAL,SP_SERVER_NAME,PROTOCOL_TYPE,CHANNELS,YT_PROTOCOL_TYPE) values(220025, 4, 22025, '1002024', 'B0000802',1,'1076测试服务器','4',8,'0');
insert into V_VEHICLEINFO (ORG_CODE,VEHICLE_ID,ID_NUMBER,TYPE_ID,TERMINAL_ID,DELETE_FLAG,COLOR_ID_NUMBER_ID,AUTHORIZED_PAY_MASS) values ('B0000802','2200025', '测B02024', 4, 220025, 0, '2',15);

insert into T_SIMINFO (SIM_ID, ORG_CODE, DEPTCODE, STATE,PAY_MODLE, SIM_NUM) values(22026, 'B0000802', '中国移动', 1, '预付费', 13100002025);
insert into T_TERMINALINFO (TERMINAL_ID,TTYPE_ID,SIM_ID,TERMINAL_CODE,ORG_CODE,IS_VIDEO_TERMINAL,SP_SERVER_NAME,PROTOCOL_TYPE,CHANNELS,YT_PROTOCOL_TYPE) values(220026, 4, 22026, '1002025', 'B0000802',1,'1076测试服务器','4',8,'0');
insert into V_VEHICLEINFO (ORG_CODE,VEHICLE_ID,ID_NUMBER,TYPE_ID,TERMINAL_ID,DELETE_FLAG,COLOR_ID_NUMBER_ID,AUTHORIZED_PAY_MASS) values ('B0000802','2200026', '测B02025', 4, 220026, 0, '2',15);

insert into T_SIMINFO (SIM_ID, ORG_CODE, DEPTCODE, STATE,PAY_MODLE, SIM_NUM) values(22027, 'B0000802', '中国移动', 1, '预付费', 13100002026);
insert into T_TERMINALINFO (TERMINAL_ID,TTYPE_ID,SIM_ID,TERMINAL_CODE,ORG_CODE,IS_VIDEO_TERMINAL,SP_SERVER_NAME,PROTOCOL_TYPE,CHANNELS,YT_PROTOCOL_TYPE) values(220027, 4, 22027, '1002026', 'B0000802',1,'1076测试服务器','4',8,'0');
insert into V_VEHICLEINFO (ORG_CODE,VEHICLE_ID,ID_NUMBER,TYPE_ID,TERMINAL_ID,DELETE_FLAG,COLOR_ID_NUMBER_ID,AUTHORIZED_PAY_MASS) values ('B0000802','2200027', '测B02026', 4, 220027, 0, '2',15);

insert into T_SIMINFO (SIM_ID, ORG_CODE, DEPTCODE, STATE,PAY_MODLE, SIM_NUM) values(22028, 'B0000802', '中国移动', 1, '预付费', 13100002027);
insert into T_TERMINALINFO (TERMINAL_ID,TTYPE_ID,SIM_ID,TERMINAL_CODE,ORG_CODE,IS_VIDEO_TERMINAL,SP_SERVER_NAME,PROTOCOL_TYPE,CHANNELS,YT_PROTOCOL_TYPE) values(220028, 4, 22028, '1002027', 'B0000802',1,'1076测试服务器','4',8,'0');
insert into V_VEHICLEINFO (ORG_CODE,VEHICLE_ID,ID_NUMBER,TYPE_ID,TERMINAL_ID,DELETE_FLAG,COLOR_ID_NUMBER_ID,AUTHORIZED_PAY_MASS) values ('B0000802','2200028', '测B02027', 4, 220028, 0, '2',15);

insert into T_SIMINFO (SIM_ID, ORG_CODE, DEPTCODE, STATE,PAY_MODLE, SIM_NUM) values(22029, 'B0000802', '中国移动', 1, '预付费', 13100002028);
insert into T_TERMINALINFO (TERMINAL_ID,TTYPE_ID,SIM_ID,TERMINAL_CODE,ORG_CODE,IS_VIDEO_TERMINAL,SP_SERVER_NAME,PROTOCOL_TYPE,CHANNELS,YT_PROTOCOL_TYPE) values(220029, 4, 22029, '1002028', 'B0000802',1,'1076测试服务器','4',8,'0');
insert into V_VEHICLEINFO (ORG_CODE,VEHICLE_ID,ID_NUMBER,TYPE_ID,TERMINAL_ID,DELETE_FLAG,COLOR_ID_NUMBER_ID,AUTHORIZED_PAY_MASS) values ('B0000802','2200029', '测B02028', 4, 220029, 0, '2',15);

insert into T_SIMINFO (SIM_ID, ORG_CODE, DEPTCODE, STATE,PAY_MODLE, SIM_NUM) values(22030, 'B0000802', '中国移动', 1, '预付费', 13100002029);
insert into T_TERMINALINFO (TERMINAL_ID,TTYPE_ID,SIM_ID,TERMINAL_CODE,ORG_CODE,IS_VIDEO_TERMINAL,SP_SERVER_NAME,PROTOCOL_TYPE,CHANNELS,YT_PROTOCOL_TYPE) values(220030, 4, 22030, '1002029', 'B0000802',1,'1076测试服务器','4',8,'0');
insert into V_VEHICLEINFO (ORG_CODE,VEHICLE_ID,ID_NUMBER,TYPE_ID,TERMINAL_ID,DELETE_FLAG,COLOR_ID_NUMBER_ID,AUTHORIZED_PAY_MASS) values ('B0000802','2200030', '测B02029', 4, 220030, 0, '2',15);

insert into T_SIMINFO (SIM_ID, ORG_CODE, DEPTCODE, STATE,PAY_MODLE, SIM_NUM) values(22031, 'B0000802', '中国移动', 1, '预付费', 13100002030);
insert into T_TERMINALINFO (TERMINAL_ID,TTYPE_ID,SIM_ID,TERMINAL_CODE,ORG_CODE,IS_VIDEO_TERMINAL,SP_SERVER_NAME,PROTOCOL_TYPE,CHANNELS,YT_PROTOCOL_TYPE) values(220031, 4, 22031, '1002030', 'B0000802',1,'1076测试服务器','4',8,'0');
insert into V_VEHICLEINFO (ORG_CODE,VEHICLE_ID,ID_NUMBER,TYPE_ID,TERMINAL_ID,DELETE_FLAG,COLOR_ID_NUMBER_ID,AUTHORIZED_PAY_MASS) values ('B0000802','2200031', '测B02030', 4, 220031, 0, '2',15);

insert into T_SIMINFO (SIM_ID, ORG_CODE, DEPTCODE, STATE,PAY_MODLE, SIM_NUM) values(22032, 'B0000802', '中国移动', 1, '预付费', 13100002031);
insert into T_TERMINALINFO (TERMINAL_ID,TTYPE_ID,SIM_ID,TERMINAL_CODE,ORG_CODE,IS_VIDEO_TERMINAL,SP_SERVER_NAME,PROTOCOL_TYPE,CHANNELS,YT_PROTOCOL_TYPE) values(220032, 4, 22032, '1002031', 'B0000802',1,'1076测试服务器','4',8,'0');
insert into V_VEHICLEINFO (ORG_CODE,VEHICLE_ID,ID_NUMBER,TYPE_ID,TERMINAL_ID,DELETE_FLAG,COLOR_ID_NUMBER_ID,AUTHORIZED_PAY_MASS) values ('B0000802','2200032', '测B02031', 4, 220032, 0, '2',15);

insert into T_SIMINFO (SIM_ID, ORG_CODE, DEPTCODE, STATE,PAY_MODLE, SIM_NUM) values(22033, 'B0000802', '中国移动', 1, '预付费', 13100002032);
insert into T_TERMINALINFO (TERMINAL_ID,TTYPE_ID,SIM_ID,TERMINAL_CODE,ORG_CODE,IS_VIDEO_TERMINAL,SP_SERVER_NAME,PROTOCOL_TYPE,CHANNELS,YT_PROTOCOL_TYPE) values(220033, 4, 22033, '1002032', 'B0000802',1,'1076测试服务器','4',8,'0');
insert into V_VEHICLEINFO (ORG_CODE,VEHICLE_ID,ID_NUMBER,TYPE_ID,TERMINAL_ID,DELETE_FLAG,COLOR_ID_NUMBER_ID,AUTHORIZED_PAY_MASS) values ('B0000802','2200033', '测B02032', 4, 220033, 0, '2',15);

insert into T_SIMINFO (SIM_ID, ORG_CODE, DEPTCODE, STATE,PAY_MODLE, SIM_NUM) values(22034, 'B0000802', '中国移动', 1, '预付费', 13100002033);
insert into T_TERMINALINFO (TERMINAL_ID,TTYPE_ID,SIM_ID,TERMINAL_CODE,ORG_CODE,IS_VIDEO_TERMINAL,SP_SERVER_NAME,PROTOCOL_TYPE,CHANNELS,YT_PROTOCOL_TYPE) values(220034, 4, 22034, '1002033', 'B0000802',1,'1076测试服务器','4',8,'0');
insert into V_VEHICLEINFO (ORG_CODE,VEHICLE_ID,ID_NUMBER,TYPE_ID,TERMINAL_ID,DELETE_FLAG,COLOR_ID_NUMBER_ID,AUTHORIZED_PAY_MASS) values ('B0000802','2200034', '测B02033', 4, 220034, 0, '2',15);

insert into T_SIMINFO (SIM_ID, ORG_CODE, DEPTCODE, STATE,PAY_MODLE, SIM_NUM) values(22035, 'B0000802', '中国移动', 1, '预付费', 13100002034);
insert into T_TERMINALINFO (TERMINAL_ID,TTYPE_ID,SIM_ID,TERMINAL_CODE,ORG_CODE,IS_VIDEO_TERMINAL,SP_SERVER_NAME,PROTOCOL_TYPE,CHANNELS,YT_PROTOCOL_TYPE) values(220035, 4, 22035, '1002034', 'B0000802',1,'1076测试服务器','4',8,'0');
insert into V_VEHICLEINFO (ORG_CODE,VEHICLE_ID,ID_NUMBER,TYPE_ID,TERMINAL_ID,DELETE_FLAG,COLOR_ID_NUMBER_ID,AUTHORIZED_PAY_MASS) values ('B0000802','2200035', '测B02034', 4, 220035, 0, '2',15);

insert into T_SIMINFO (SIM_ID, ORG_CODE, DEPTCODE, STATE,PAY_MODLE, SIM_NUM) values(22036, 'B0000802', '中国移动', 1, '预付费', 13100002035);
insert into T_TERMINALINFO (TERMINAL_ID,TTYPE_ID,SIM_ID,TERMINAL_CODE,ORG_CODE,IS_VIDEO_TERMINAL,SP_SERVER_NAME,PROTOCOL_TYPE,CHANNELS,YT_PROTOCOL_TYPE) values(220036, 4, 22036, '1002035', 'B0000802',1,'1076测试服务器','4',8,'0');
insert into V_VEHICLEINFO (ORG_CODE,VEHICLE_ID,ID_NUMBER,TYPE_ID,TERMINAL_ID,DELETE_FLAG,COLOR_ID_NUMBER_ID,AUTHORIZED_PAY_MASS) values ('B0000802','2200036', '测B02035', 4, 220036, 0, '2',15);

insert into T_SIMINFO (SIM_ID, ORG_CODE, DEPTCODE, STATE,PAY_MODLE, SIM_NUM) values(22037, 'B0000802', '中国移动', 1, '预付费', 13100002036);
insert into T_TERMINALINFO (TERMINAL_ID,TTYPE_ID,SIM_ID,TERMINAL_CODE,ORG_CODE,IS_VIDEO_TERMINAL,SP_SERVER_NAME,PROTOCOL_TYPE,CHANNELS,YT_PROTOCOL_TYPE) values(220037, 4, 22037, '1002036', 'B0000802',1,'1076测试服务器','4',8,'0');
insert into V_VEHICLEINFO (ORG_CODE,VEHICLE_ID,ID_NUMBER,TYPE_ID,TERMINAL_ID,DELETE_FLAG,COLOR_ID_NUMBER_ID,AUTHORIZED_PAY_MASS) values ('B0000802','2200037', '测B02036', 4, 220037, 0, '2',15);

insert into T_SIMINFO (SIM_ID, ORG_CODE, DEPTCODE, STATE,PAY_MODLE, SIM_NUM) values(22038, 'B0000802', '中国移动', 1, '预付费', 13100002037);
insert into T_TERMINALINFO (TERMINAL_ID,TTYPE_ID,SIM_ID,TERMINAL_CODE,ORG_CODE,IS_VIDEO_TERMINAL,SP_SERVER_NAME,PROTOCOL_TYPE,CHANNELS,YT_PROTOCOL_TYPE) values(220038, 4, 22038, '1002037', 'B0000802',1,'1076测试服务器','4',8,'0');
insert into V_VEHICLEINFO (ORG_CODE,VEHICLE_ID,ID_NUMBER,TYPE_ID,TERMINAL_ID,DELETE_FLAG,COLOR_ID_NUMBER_ID,AUTHORIZED_PAY_MASS) values ('B0000802','2200038', '测B02037', 4, 220038, 0, '2',15);

insert into T_SIMINFO (SIM_ID, ORG_CODE, DEPTCODE, STATE,PAY_MODLE, SIM_NUM) values(22039, 'B0000802', '中国移动', 1, '预付费', 13100002038);
insert into T_TERMINALINFO (TERMINAL_ID,TTYPE_ID,SIM_ID,TERMINAL_CODE,ORG_CODE,IS_VIDEO_TERMINAL,SP_SERVER_NAME,PROTOCOL_TYPE,CHANNELS,YT_PROTOCOL_TYPE) values(220039, 4, 22039, '1002038', 'B0000802',1,'1076测试服务器','4',8,'0');
insert into V_VEHICLEINFO (ORG_CODE,VEHICLE_ID,ID_NUMBER,TYPE_ID,TERMINAL_ID,DELETE_FLAG,COLOR_ID_NUMBER_ID,AUTHORIZED_PAY_MASS) values ('B0000802','2200039', '测B02038', 4, 220039, 0, '2',15);

insert into T_SIMINFO (SIM_ID, ORG_CODE, DEPTCODE, STATE,PAY_MODLE, SIM_NUM) values(22040, 'B0000802', '中国移动', 1, '预付费', 13100002039);
insert into T_TERMINALINFO (TERMINAL_ID,TTYPE_ID,SIM_ID,TERMINAL_CODE,ORG_CODE,IS_VIDEO_TERMINAL,SP_SERVER_NAME,PROTOCOL_TYPE,CHANNELS,YT_PROTOCOL_TYPE) values(220040, 4, 22040, '1002039', 'B0000802',1,'1076测试服务器','4',8,'0');
insert into V_VEHICLEINFO (ORG_CODE,VEHICLE_ID,ID_NUMBER,TYPE_ID,TERMINAL_ID,DELETE_FLAG,COLOR_ID_NUMBER_ID,AUTHORIZED_PAY_MASS) values ('B0000802','2200040', '测B02039', 4, 220040, 0, '2',15);

insert into T_SIMINFO (SIM_ID, ORG_CODE, DEPTCODE, STATE,PAY_MODLE, SIM_NUM) values(22041, 'B0000802', '中国移动', 1, '预付费', 13100002040);
insert into T_TERMINALINFO (TERMINAL_ID,TTYPE_ID,SIM_ID,TERMINAL_CODE,ORG_CODE,IS_VIDEO_TERMINAL,SP_SERVER_NAME,PROTOCOL_TYPE,CHANNELS,YT_PROTOCOL_TYPE) values(220041, 4, 22041, '1002040', 'B0000802',1,'1076测试服务器','4',8,'0');
insert into V_VEHICLEINFO (ORG_CODE,VEHICLE_ID,ID_NUMBER,TYPE_ID,TERMINAL_ID,DELETE_FLAG,COLOR_ID_NUMBER_ID,AUTHORIZED_PAY_MASS) values ('B0000802','2200041', '测B02040', 4, 220041, 0, '2',15);

insert into T_SIMINFO (SIM_ID, ORG_CODE, DEPTCODE, STATE,PAY_MODLE, SIM_NUM) values(22042, 'B0000802', '中国移动', 1, '预付费', 13100002041);
insert into T_TERMINALINFO (TERMINAL_ID,TTYPE_ID,SIM_ID,TERMINAL_CODE,ORG_CODE,IS_VIDEO_TERMINAL,SP_SERVER_NAME,PROTOCOL_TYPE,CHANNELS,YT_PROTOCOL_TYPE) values(220042, 4, 22042, '1002041', 'B0000802',1,'1076测试服务器','4',8,'0');
insert into V_VEHICLEINFO (ORG_CODE,VEHICLE_ID,ID_NUMBER,TYPE_ID,TERMINAL_ID,DELETE_FLAG,COLOR_ID_NUMBER_ID,AUTHORIZED_PAY_MASS) values ('B0000802','2200042', '测B02041', 4, 220042, 0, '2',15);

insert into T_SIMINFO (SIM_ID, ORG_CODE, DEPTCODE, STATE,PAY_MODLE, SIM_NUM) values(22043, 'B0000802', '中国移动', 1, '预付费', 13100002042);
insert into T_TERMINALINFO (TERMINAL_ID,TTYPE_ID,SIM_ID,TERMINAL_CODE,ORG_CODE,IS_VIDEO_TERMINAL,SP_SERVER_NAME,PROTOCOL_TYPE,CHANNELS,YT_PROTOCOL_TYPE) values(220043, 4, 22043, '1002042', 'B0000802',1,'1076测试服务器','4',8,'0');
insert into V_VEHICLEINFO (ORG_CODE,VEHICLE_ID,ID_NUMBER,TYPE_ID,TERMINAL_ID,DELETE_FLAG,COLOR_ID_NUMBER_ID,AUTHORIZED_PAY_MASS) values ('B0000802','2200043', '测B02042', 4, 220043, 0, '2',15);

insert into T_SIMINFO (SIM_ID, ORG_CODE, DEPTCODE, STATE,PAY_MODLE, SIM_NUM) values(22044, 'B0000802', '中国移动', 1, '预付费', 13100002043);
insert into T_TERMINALINFO (TERMINAL_ID,TTYPE_ID,SIM_ID,TERMINAL_CODE,ORG_CODE,IS_VIDEO_TERMINAL,SP_SERVER_NAME,PROTOCOL_TYPE,CHANNELS,YT_PROTOCOL_TYPE) values(220044, 4, 22044, '1002043', 'B0000802',1,'1076测试服务器','4',8,'0');
insert into V_VEHICLEINFO (ORG_CODE,VEHICLE_ID,ID_NUMBER,TYPE_ID,TERMINAL_ID,DELETE_FLAG,COLOR_ID_NUMBER_ID,AUTHORIZED_PAY_MASS) values ('B0000802','2200044', '测B02043', 4, 220044, 0, '2',15);

insert into T_SIMINFO (SIM_ID, ORG_CODE, DEPTCODE, STATE,PAY_MODLE, SIM_NUM) values(22045, 'B0000802', '中国移动', 1, '预付费', 13100002044);
insert into T_TERMINALINFO (TERMINAL_ID,TTYPE_ID,SIM_ID,TERMINAL_CODE,ORG_CODE,IS_VIDEO_TERMINAL,SP_SERVER_NAME,PROTOCOL_TYPE,CHANNELS,YT_PROTOCOL_TYPE) values(220045, 4, 22045, '1002044', 'B0000802',1,'1076测试服务器','4',8,'0');
insert into V_VEHICLEINFO (ORG_CODE,VEHICLE_ID,ID_NUMBER,TYPE_ID,TERMINAL_ID,DELETE_FLAG,COLOR_ID_NUMBER_ID,AUTHORIZED_PAY_MASS) values ('B0000802','2200045', '测B02044', 4, 220045, 0, '2',15);

insert into T_SIMINFO (SIM_ID, ORG_CODE, DEPTCODE, STATE,PAY_MODLE, SIM_NUM) values(22046, 'B0000802', '中国移动', 1, '预付费', 13100002045);
insert into T_TERMINALINFO (TERMINAL_ID,TTYPE_ID,SIM_ID,TERMINAL_CODE,ORG_CODE,IS_VIDEO_TERMINAL,SP_SERVER_NAME,PROTOCOL_TYPE,CHANNELS,YT_PROTOCOL_TYPE) values(220046, 4, 22046, '1002045', 'B0000802',1,'1076测试服务器','4',8,'0');
insert into V_VEHICLEINFO (ORG_CODE,VEHICLE_ID,ID_NUMBER,TYPE_ID,TERMINAL_ID,DELETE_FLAG,COLOR_ID_NUMBER_ID,AUTHORIZED_PAY_MASS) values ('B0000802','2200046', '测B02045', 4, 220046, 0, '2',15);

insert into T_SIMINFO (SIM_ID, ORG_CODE, DEPTCODE, STATE,PAY_MODLE, SIM_NUM) values(22047, 'B0000802', '中国移动', 1, '预付费', 13100002046);
insert into T_TERMINALINFO (TERMINAL_ID,TTYPE_ID,SIM_ID,TERMINAL_CODE,ORG_CODE,IS_VIDEO_TERMINAL,SP_SERVER_NAME,PROTOCOL_TYPE,CHANNELS,YT_PROTOCOL_TYPE) values(220047, 4, 22047, '1002046', 'B0000802',1,'1076测试服务器','4',8,'0');
insert into V_VEHICLEINFO (ORG_CODE,VEHICLE_ID,ID_NUMBER,TYPE_ID,TERMINAL_ID,DELETE_FLAG,COLOR_ID_NUMBER_ID,AUTHORIZED_PAY_MASS) values ('B0000802','2200047', '测B02046', 4, 220047, 0, '2',15);

insert into T_SIMINFO (SIM_ID, ORG_CODE, DEPTCODE, STATE,PAY_MODLE, SIM_NUM) values(22048, 'B0000802', '中国移动', 1, '预付费', 13100002047);
insert into T_TERMINALINFO (TERMINAL_ID,TTYPE_ID,SIM_ID,TERMINAL_CODE,ORG_CODE,IS_VIDEO_TERMINAL,SP_SERVER_NAME,PROTOCOL_TYPE,CHANNELS,YT_PROTOCOL_TYPE) values(220048, 4, 22048, '1002047', 'B0000802',1,'1076测试服务器','4',8,'0');
insert into V_VEHICLEINFO (ORG_CODE,VEHICLE_ID,ID_NUMBER,TYPE_ID,TERMINAL_ID,DELETE_FLAG,COLOR_ID_NUMBER_ID,AUTHORIZED_PAY_MASS) values ('B0000802','2200048', '测B02047', 4, 220048, 0, '2',15);

insert into T_SIMINFO (SIM_ID, ORG_CODE, DEPTCODE, STATE,PAY_MODLE, SIM_NUM) values(22049, 'B0000802', '中国移动', 1, '预付费', 13100002048);
insert into T_TERMINALINFO (TERMINAL_ID,TTYPE_ID,SIM_ID,TERMINAL_CODE,ORG_CODE,IS_VIDEO_TERMINAL,SP_SERVER_NAME,PROTOCOL_TYPE,CHANNELS,YT_PROTOCOL_TYPE) values(220049, 4, 22049, '1002048', 'B0000802',1,'1076测试服务器','4',8,'0');
insert into V_VEHICLEINFO (ORG_CODE,VEHICLE_ID,ID_NUMBER,TYPE_ID,TERMINAL_ID,DELETE_FLAG,COLOR_ID_NUMBER_ID,AUTHORIZED_PAY_MASS) values ('B0000802','2200049', '测B02048', 4, 220049, 0, '2',15);

insert into T_SIMINFO (SIM_ID, ORG_CODE, DEPTCODE, STATE,PAY_MODLE, SIM_NUM) values(22050, 'B0000802', '中国移动', 1, '预付费', 13100002049);
insert into T_TERMINALINFO (TERMINAL_ID,TTYPE_ID,SIM_ID,TERMINAL_CODE,ORG_CODE,IS_VIDEO_TERMINAL,SP_SERVER_NAME,PROTOCOL_TYPE,CHANNELS,YT_PROTOCOL_TYPE) values(220050, 4, 22050, '1002049', 'B0000802',1,'1076测试服务器','4',8,'0');
insert into V_VEHICLEINFO (ORG_CODE,VEHICLE_ID,ID_NUMBER,TYPE_ID,TERMINAL_ID,DELETE_FLAG,COLOR_ID_NUMBER_ID,AUTHORIZED_PAY_MASS) values ('B0000802','2200050', '测B02049', 4, 220050, 0, '2',15);

insert into T_SIMINFO (SIM_ID, ORG_CODE, DEPTCODE, STATE,PAY_MODLE, SIM_NUM) values(22051, 'B0000802', '中国移动', 1, '预付费', 13100002050);
insert into T_TERMINALINFO (TERMINAL_ID,TTYPE_ID,SIM_ID,TERMINAL_CODE,ORG_CODE,IS_VIDEO_TERMINAL,SP_SERVER_NAME,PROTOCOL_TYPE,CHANNELS,YT_PROTOCOL_TYPE) values(220051, 4, 22051, '1002050', 'B0000802',1,'1076测试服务器','4',8,'0');
insert into V_VEHICLEINFO (ORG_CODE,VEHICLE_ID,ID_NUMBER,TYPE_ID,TERMINAL_ID,DELETE_FLAG,COLOR_ID_NUMBER_ID,AUTHORIZED_PAY_MASS) values ('B0000802','2200051', '测B02050', 4, 220051, 0, '2',15);

insert into T_SIMINFO (SIM_ID, ORG_CODE, DEPTCODE, STATE,PAY_MODLE, SIM_NUM) values(22052, 'B0000802', '中国移动', 1, '预付费', 13100002051);
insert into T_TERMINALINFO (TERMINAL_ID,TTYPE_ID,SIM_ID,TERMINAL_CODE,ORG_CODE,IS_VIDEO_TERMINAL,SP_SERVER_NAME,PROTOCOL_TYPE,CHANNELS,YT_PROTOCOL_TYPE) values(220052, 4, 22052, '1002051', 'B0000802',1,'1076测试服务器','4',8,'0');
insert into V_VEHICLEINFO (ORG_CODE,VEHICLE_ID,ID_NUMBER,TYPE_ID,TERMINAL_ID,DELETE_FLAG,COLOR_ID_NUMBER_ID,AUTHORIZED_PAY_MASS) values ('B0000802','2200052', '测B02051', 4, 220052, 0, '2',15);

insert into T_SIMINFO (SIM_ID, ORG_CODE, DEPTCODE, STATE,PAY_MODLE, SIM_NUM) values(22053, 'B0000802', '中国移动', 1, '预付费', 13100002052);
insert into T_TERMINALINFO (TERMINAL_ID,TTYPE_ID,SIM_ID,TERMINAL_CODE,ORG_CODE,IS_VIDEO_TERMINAL,SP_SERVER_NAME,PROTOCOL_TYPE,CHANNELS,YT_PROTOCOL_TYPE) values(220053, 4, 22053, '1002052', 'B0000802',1,'1076测试服务器','4',8,'0');
insert into V_VEHICLEINFO (ORG_CODE,VEHICLE_ID,ID_NUMBER,TYPE_ID,TERMINAL_ID,DELETE_FLAG,COLOR_ID_NUMBER_ID,AUTHORIZED_PAY_MASS) values ('B0000802','2200053', '测B02052', 4, 220053, 0, '2',15);

insert into T_SIMINFO (SIM_ID, ORG_CODE, DEPTCODE, STATE,PAY_MODLE, SIM_NUM) values(22054, 'B0000802', '中国移动', 1, '预付费', 13100002053);
insert into T_TERMINALINFO (TERMINAL_ID,TTYPE_ID,SIM_ID,TERMINAL_CODE,ORG_CODE,IS_VIDEO_TERMINAL,SP_SERVER_NAME,PROTOCOL_TYPE,CHANNELS,YT_PROTOCOL_TYPE) values(220054, 4, 22054, '1002053', 'B0000802',1,'1076测试服务器','4',8,'0');
insert into V_VEHICLEINFO (ORG_CODE,VEHICLE_ID,ID_NUMBER,TYPE_ID,TERMINAL_ID,DELETE_FLAG,COLOR_ID_NUMBER_ID,AUTHORIZED_PAY_MASS) values ('B0000802','2200054', '测B02053', 4, 220054, 0, '2',15);

insert into T_SIMINFO (SIM_ID, ORG_CODE, DEPTCODE, STATE,PAY_MODLE, SIM_NUM) values(22055, 'B0000802', '中国移动', 1, '预付费', 13100002054);
insert into T_TERMINALINFO (TERMINAL_ID,TTYPE_ID,SIM_ID,TERMINAL_CODE,ORG_CODE,IS_VIDEO_TERMINAL,SP_SERVER_NAME,PROTOCOL_TYPE,CHANNELS,YT_PROTOCOL_TYPE) values(220055, 4, 22055, '1002054', 'B0000802',1,'1076测试服务器','4',8,'0');
insert into V_VEHICLEINFO (ORG_CODE,VEHICLE_ID,ID_NUMBER,TYPE_ID,TERMINAL_ID,DELETE_FLAG,COLOR_ID_NUMBER_ID,AUTHORIZED_PAY_MASS) values ('B0000802','2200055', '测B02054', 4, 220055, 0, '2',15);

insert into T_SIMINFO (SIM_ID, ORG_CODE, DEPTCODE, STATE,PAY_MODLE, SIM_NUM) values(22056, 'B0000802', '中国移动', 1, '预付费', 13100002055);
insert into T_TERMINALINFO (TERMINAL_ID,TTYPE_ID,SIM_ID,TERMINAL_CODE,ORG_CODE,IS_VIDEO_TERMINAL,SP_SERVER_NAME,PROTOCOL_TYPE,CHANNELS,YT_PROTOCOL_TYPE) values(220056, 4, 22056, '1002055', 'B0000802',1,'1076测试服务器','4',8,'0');
insert into V_VEHICLEINFO (ORG_CODE,VEHICLE_ID,ID_NUMBER,TYPE_ID,TERMINAL_ID,DELETE_FLAG,COLOR_ID_NUMBER_ID,AUTHORIZED_PAY_MASS) values ('B0000802','2200056', '测B02055', 4, 220056, 0, '2',15);

insert into T_SIMINFO (SIM_ID, ORG_CODE, DEPTCODE, STATE,PAY_MODLE, SIM_NUM) values(22057, 'B0000802', '中国移动', 1, '预付费', 13100002056);
insert into T_TERMINALINFO (TERMINAL_ID,TTYPE_ID,SIM_ID,TERMINAL_CODE,ORG_CODE,IS_VIDEO_TERMINAL,SP_SERVER_NAME,PROTOCOL_TYPE,CHANNELS,YT_PROTOCOL_TYPE) values(220057, 4, 22057, '1002056', 'B0000802',1,'1076测试服务器','4',8,'0');
insert into V_VEHICLEINFO (ORG_CODE,VEHICLE_ID,ID_NUMBER,TYPE_ID,TERMINAL_ID,DELETE_FLAG,COLOR_ID_NUMBER_ID,AUTHORIZED_PAY_MASS) values ('B0000802','2200057', '测B02056', 4, 220057, 0, '2',15);

insert into T_SIMINFO (SIM_ID, ORG_CODE, DEPTCODE, STATE,PAY_MODLE, SIM_NUM) values(22058, 'B0000802', '中国移动', 1, '预付费', 13100002057);
insert into T_TERMINALINFO (TERMINAL_ID,TTYPE_ID,SIM_ID,TERMINAL_CODE,ORG_CODE,IS_VIDEO_TERMINAL,SP_SERVER_NAME,PROTOCOL_TYPE,CHANNELS,YT_PROTOCOL_TYPE) values(220058, 4, 22058, '1002057', 'B0000802',1,'1076测试服务器','4',8,'0');
insert into V_VEHICLEINFO (ORG_CODE,VEHICLE_ID,ID_NUMBER,TYPE_ID,TERMINAL_ID,DELETE_FLAG,COLOR_ID_NUMBER_ID,AUTHORIZED_PAY_MASS) values ('B0000802','2200058', '测B02057', 4, 220058, 0, '2',15);

insert into T_SIMINFO (SIM_ID, ORG_CODE, DEPTCODE, STATE,PAY_MODLE, SIM_NUM) values(22059, 'B0000802', '中国移动', 1, '预付费', 13100002058);
insert into T_TERMINALINFO (TERMINAL_ID,TTYPE_ID,SIM_ID,TERMINAL_CODE,ORG_CODE,IS_VIDEO_TERMINAL,SP_SERVER_NAME,PROTOCOL_TYPE,CHANNELS,YT_PROTOCOL_TYPE) values(220059, 4, 22059, '1002058', 'B0000802',1,'1076测试服务器','4',8,'0');
insert into V_VEHICLEINFO (ORG_CODE,VEHICLE_ID,ID_NUMBER,TYPE_ID,TERMINAL_ID,DELETE_FLAG,COLOR_ID_NUMBER_ID,AUTHORIZED_PAY_MASS) values ('B0000802','2200059', '测B02058', 4, 220059, 0, '2',15);

insert into T_SIMINFO (SIM_ID, ORG_CODE, DEPTCODE, STATE,PAY_MODLE, SIM_NUM) values(22060, 'B0000802', '中国移动', 1, '预付费', 13100002059);
insert into T_TERMINALINFO (TERMINAL_ID,TTYPE_ID,SIM_ID,TERMINAL_CODE,ORG_CODE,IS_VIDEO_TERMINAL,SP_SERVER_NAME,PROTOCOL_TYPE,CHANNELS,YT_PROTOCOL_TYPE) values(220060, 4, 22060, '1002059', 'B0000802',1,'1076测试服务器','4',8,'0');
insert into V_VEHICLEINFO (ORG_CODE,VEHICLE_ID,ID_NUMBER,TYPE_ID,TERMINAL_ID,DELETE_FLAG,COLOR_ID_NUMBER_ID,AUTHORIZED_PAY_MASS) values ('B0000802','2200060', '测B02059', 4, 220060, 0, '2',15);

insert into T_SIMINFO (SIM_ID, ORG_CODE, DEPTCODE, STATE,PAY_MODLE, SIM_NUM) values(22061, 'B0000802', '中国移动', 1, '预付费', 13100002060);
insert into T_TERMINALINFO (TERMINAL_ID,TTYPE_ID,SIM_ID,TERMINAL_CODE,ORG_CODE,IS_VIDEO_TERMINAL,SP_SERVER_NAME,PROTOCOL_TYPE,CHANNELS,YT_PROTOCOL_TYPE) values(220061, 4, 22061, '1002060', 'B0000802',1,'1076测试服务器','4',8,'0');
insert into V_VEHICLEINFO (ORG_CODE,VEHICLE_ID,ID_NUMBER,TYPE_ID,TERMINAL_ID,DELETE_FLAG,COLOR_ID_NUMBER_ID,AUTHORIZED_PAY_MASS) values ('B0000802','2200061', '测B02060', 4, 220061, 0, '2',15);

insert into T_SIMINFO (SIM_ID, ORG_CODE, DEPTCODE, STATE,PAY_MODLE, SIM_NUM) values(22062, 'B0000802', '中国移动', 1, '预付费', 13100002061);
insert into T_TERMINALINFO (TERMINAL_ID,TTYPE_ID,SIM_ID,TERMINAL_CODE,ORG_CODE,IS_VIDEO_TERMINAL,SP_SERVER_NAME,PROTOCOL_TYPE,CHANNELS,YT_PROTOCOL_TYPE) values(220062, 4, 22062, '1002061', 'B0000802',1,'1076测试服务器','4',8,'0');
insert into V_VEHICLEINFO (ORG_CODE,VEHICLE_ID,ID_NUMBER,TYPE_ID,TERMINAL_ID,DELETE_FLAG,COLOR_ID_NUMBER_ID,AUTHORIZED_PAY_MASS) values ('B0000802','2200062', '测B02061', 4, 220062, 0, '2',15);

insert into T_SIMINFO (SIM_ID, ORG_CODE, DEPTCODE, STATE,PAY_MODLE, SIM_NUM) values(22063, 'B0000802', '中国移动', 1, '预付费', 13100002062);
insert into T_TERMINALINFO (TERMINAL_ID,TTYPE_ID,SIM_ID,TERMINAL_CODE,ORG_CODE,IS_VIDEO_TERMINAL,SP_SERVER_NAME,PROTOCOL_TYPE,CHANNELS,YT_PROTOCOL_TYPE) values(220063, 4, 22063, '1002062', 'B0000802',1,'1076测试服务器','4',8,'0');
insert into V_VEHICLEINFO (ORG_CODE,VEHICLE_ID,ID_NUMBER,TYPE_ID,TERMINAL_ID,DELETE_FLAG,COLOR_ID_NUMBER_ID,AUTHORIZED_PAY_MASS) values ('B0000802','2200063', '测B02062', 4, 220063, 0, '2',15);

insert into T_SIMINFO (SIM_ID, ORG_CODE, DEPTCODE, STATE,PAY_MODLE, SIM_NUM) values(22064, 'B0000802', '中国移动', 1, '预付费', 13100002063);
insert into T_TERMINALINFO (TERMINAL_ID,TTYPE_ID,SIM_ID,TERMINAL_CODE,ORG_CODE,IS_VIDEO_TERMINAL,SP_SERVER_NAME,PROTOCOL_TYPE,CHANNELS,YT_PROTOCOL_TYPE) values(220064, 4, 22064, '1002063', 'B0000802',1,'1076测试服务器','4',8,'0');
insert into V_VEHICLEINFO (ORG_CODE,VEHICLE_ID,ID_NUMBER,TYPE_ID,TERMINAL_ID,DELETE_FLAG,COLOR_ID_NUMBER_ID,AUTHORIZED_PAY_MASS) values ('B0000802','2200064', '测B02063', 4, 220064, 0, '2',15);

insert into T_SIMINFO (SIM_ID, ORG_CODE, DEPTCODE, STATE,PAY_MODLE, SIM_NUM) values(22065, 'B0000802', '中国移动', 1, '预付费', 13100002064);
insert into T_TERMINALINFO (TERMINAL_ID,TTYPE_ID,SIM_ID,TERMINAL_CODE,ORG_CODE,IS_VIDEO_TERMINAL,SP_SERVER_NAME,PROTOCOL_TYPE,CHANNELS,YT_PROTOCOL_TYPE) values(220065, 4, 22065, '1002064', 'B0000802',1,'1076测试服务器','4',8,'0');
insert into V_VEHICLEINFO (ORG_CODE,VEHICLE_ID,ID_NUMBER,TYPE_ID,TERMINAL_ID,DELETE_FLAG,COLOR_ID_NUMBER_ID,AUTHORIZED_PAY_MASS) values ('B0000802','2200065', '测B02064', 4, 220065, 0, '2',15);

insert into T_SIMINFO (SIM_ID, ORG_CODE, DEPTCODE, STATE,PAY_MODLE, SIM_NUM) values(22066, 'B0000802', '中国移动', 1, '预付费', 13100002065);
insert into T_TERMINALINFO (TERMINAL_ID,TTYPE_ID,SIM_ID,TERMINAL_CODE,ORG_CODE,IS_VIDEO_TERMINAL,SP_SERVER_NAME,PROTOCOL_TYPE,CHANNELS,YT_PROTOCOL_TYPE) values(220066, 4, 22066, '1002065', 'B0000802',1,'1076测试服务器','4',8,'0');
insert into V_VEHICLEINFO (ORG_CODE,VEHICLE_ID,ID_NUMBER,TYPE_ID,TERMINAL_ID,DELETE_FLAG,COLOR_ID_NUMBER_ID,AUTHORIZED_PAY_MASS) values ('B0000802','2200066', '测B02065', 4, 220066, 0, '2',15);

insert into T_SIMINFO (SIM_ID, ORG_CODE, DEPTCODE, STATE,PAY_MODLE, SIM_NUM) values(22067, 'B0000802', '中国移动', 1, '预付费', 13100002066);
insert into T_TERMINALINFO (TERMINAL_ID,TTYPE_ID,SIM_ID,TERMINAL_CODE,ORG_CODE,IS_VIDEO_TERMINAL,SP_SERVER_NAME,PROTOCOL_TYPE,CHANNELS,YT_PROTOCOL_TYPE) values(220067, 4, 22067, '1002066', 'B0000802',1,'1076测试服务器','4',8,'0');
insert into V_VEHICLEINFO (ORG_CODE,VEHICLE_ID,ID_NUMBER,TYPE_ID,TERMINAL_ID,DELETE_FLAG,COLOR_ID_NUMBER_ID,AUTHORIZED_PAY_MASS) values ('B0000802','2200067', '测B02066', 4, 220067, 0, '2',15);

insert into T_SIMINFO (SIM_ID, ORG_CODE, DEPTCODE, STATE,PAY_MODLE, SIM_NUM) values(22068, 'B0000802', '中国移动', 1, '预付费', 13100002067);
insert into T_TERMINALINFO (TERMINAL_ID,TTYPE_ID,SIM_ID,TERMINAL_CODE,ORG_CODE,IS_VIDEO_TERMINAL,SP_SERVER_NAME,PROTOCOL_TYPE,CHANNELS,YT_PROTOCOL_TYPE) values(220068, 4, 22068, '1002067', 'B0000802',1,'1076测试服务器','4',8,'0');
insert into V_VEHICLEINFO (ORG_CODE,VEHICLE_ID,ID_NUMBER,TYPE_ID,TERMINAL_ID,DELETE_FLAG,COLOR_ID_NUMBER_ID,AUTHORIZED_PAY_MASS) values ('B0000802','2200068', '测B02067', 4, 220068, 0, '2',15);

insert into T_SIMINFO (SIM_ID, ORG_CODE, DEPTCODE, STATE,PAY_MODLE, SIM_NUM) values(22069, 'B0000802', '中国移动', 1, '预付费', 13100002068);
insert into T_TERMINALINFO (TERMINAL_ID,TTYPE_ID,SIM_ID,TERMINAL_CODE,ORG_CODE,IS_VIDEO_TERMINAL,SP_SERVER_NAME,PROTOCOL_TYPE,CHANNELS,YT_PROTOCOL_TYPE) values(220069, 4, 22069, '1002068', 'B0000802',1,'1076测试服务器','4',8,'0');
insert into V_VEHICLEINFO (ORG_CODE,VEHICLE_ID,ID_NUMBER,TYPE_ID,TERMINAL_ID,DELETE_FLAG,COLOR_ID_NUMBER_ID,AUTHORIZED_PAY_MASS) values ('B0000802','2200069', '测B02068', 4, 220069, 0, '2',15);

insert into T_SIMINFO (SIM_ID, ORG_CODE, DEPTCODE, STATE,PAY_MODLE, SIM_NUM) values(22070, 'B0000802', '中国移动', 1, '预付费', 13100002069);
insert into T_TERMINALINFO (TERMINAL_ID,TTYPE_ID,SIM_ID,TERMINAL_CODE,ORG_CODE,IS_VIDEO_TERMINAL,SP_SERVER_NAME,PROTOCOL_TYPE,CHANNELS,YT_PROTOCOL_TYPE) values(220070, 4, 22070, '1002069', 'B0000802',1,'1076测试服务器','4',8,'0');
insert into V_VEHICLEINFO (ORG_CODE,VEHICLE_ID,ID_NUMBER,TYPE_ID,TERMINAL_ID,DELETE_FLAG,COLOR_ID_NUMBER_ID,AUTHORIZED_PAY_MASS) values ('B0000802','2200070', '测B02069', 4, 220070, 0, '2',15);

insert into T_SIMINFO (SIM_ID, ORG_CODE, DEPTCODE, STATE,PAY_MODLE, SIM_NUM) values(22071, 'B0000802', '中国移动', 1, '预付费', 13100002070);
insert into T_TERMINALINFO (TERMINAL_ID,TTYPE_ID,SIM_ID,TERMINAL_CODE,ORG_CODE,IS_VIDEO_TERMINAL,SP_SERVER_NAME,PROTOCOL_TYPE,CHANNELS,YT_PROTOCOL_TYPE) values(220071, 4, 22071, '1002070', 'B0000802',1,'1076测试服务器','4',8,'0');
insert into V_VEHICLEINFO (ORG_CODE,VEHICLE_ID,ID_NUMBER,TYPE_ID,TERMINAL_ID,DELETE_FLAG,COLOR_ID_NUMBER_ID,AUTHORIZED_PAY_MASS) values ('B0000802','2200071', '测B02070', 4, 220071, 0, '2',15);

insert into T_SIMINFO (SIM_ID, ORG_CODE, DEPTCODE, STATE,PAY_MODLE, SIM_NUM) values(22072, 'B0000802', '中国移动', 1, '预付费', 13100002071);
insert into T_TERMINALINFO (TERMINAL_ID,TTYPE_ID,SIM_ID,TERMINAL_CODE,ORG_CODE,IS_VIDEO_TERMINAL,SP_SERVER_NAME,PROTOCOL_TYPE,CHANNELS,YT_PROTOCOL_TYPE) values(220072, 4, 22072, '1002071', 'B0000802',1,'1076测试服务器','4',8,'0');
insert into V_VEHICLEINFO (ORG_CODE,VEHICLE_ID,ID_NUMBER,TYPE_ID,TERMINAL_ID,DELETE_FLAG,COLOR_ID_NUMBER_ID,AUTHORIZED_PAY_MASS) values ('B0000802','2200072', '测B02071', 4, 220072, 0, '2',15);

insert into T_SIMINFO (SIM_ID, ORG_CODE, DEPTCODE, STATE,PAY_MODLE, SIM_NUM) values(22073, 'B0000802', '中国移动', 1, '预付费', 13100002072);
insert into T_TERMINALINFO (TERMINAL_ID,TTYPE_ID,SIM_ID,TERMINAL_CODE,ORG_CODE,IS_VIDEO_TERMINAL,SP_SERVER_NAME,PROTOCOL_TYPE,CHANNELS,YT_PROTOCOL_TYPE) values(220073, 4, 22073, '1002072', 'B0000802',1,'1076测试服务器','4',8,'0');
insert into V_VEHICLEINFO (ORG_CODE,VEHICLE_ID,ID_NUMBER,TYPE_ID,TERMINAL_ID,DELETE_FLAG,COLOR_ID_NUMBER_ID,AUTHORIZED_PAY_MASS) values ('B0000802','2200073', '测B02072', 4, 220073, 0, '2',15);

insert into T_SIMINFO (SIM_ID, ORG_CODE, DEPTCODE, STATE,PAY_MODLE, SIM_NUM) values(22074, 'B0000802', '中国移动', 1, '预付费', 13100002073);
insert into T_TERMINALINFO (TERMINAL_ID,TTYPE_ID,SIM_ID,TERMINAL_CODE,ORG_CODE,IS_VIDEO_TERMINAL,SP_SERVER_NAME,PROTOCOL_TYPE,CHANNELS,YT_PROTOCOL_TYPE) values(220074, 4, 22074, '1002073', 'B0000802',1,'1076测试服务器','4',8,'0');
insert into V_VEHICLEINFO (ORG_CODE,VEHICLE_ID,ID_NUMBER,TYPE_ID,TERMINAL_ID,DELETE_FLAG,COLOR_ID_NUMBER_ID,AUTHORIZED_PAY_MASS) values ('B0000802','2200074', '测B02073', 4, 220074, 0, '2',15);

insert into T_SIMINFO (SIM_ID, ORG_CODE, DEPTCODE, STATE,PAY_MODLE, SIM_NUM) values(22075, 'B0000802', '中国移动', 1, '预付费', 13100002074);
insert into T_TERMINALINFO (TERMINAL_ID,TTYPE_ID,SIM_ID,TERMINAL_CODE,ORG_CODE,IS_VIDEO_TERMINAL,SP_SERVER_NAME,PROTOCOL_TYPE,CHANNELS,YT_PROTOCOL_TYPE) values(220075, 4, 22075, '1002074', 'B0000802',1,'1076测试服务器','4',8,'0');
insert into V_VEHICLEINFO (ORG_CODE,VEHICLE_ID,ID_NUMBER,TYPE_ID,TERMINAL_ID,DELETE_FLAG,COLOR_ID_NUMBER_ID,AUTHORIZED_PAY_MASS) values ('B0000802','2200075', '测B02074', 4, 220075, 0, '2',15);

insert into T_SIMINFO (SIM_ID, ORG_CODE, DEPTCODE, STATE,PAY_MODLE, SIM_NUM) values(22076, 'B0000802', '中国移动', 1, '预付费', 13100002075);
insert into T_TERMINALINFO (TERMINAL_ID,TTYPE_ID,SIM_ID,TERMINAL_CODE,ORG_CODE,IS_VIDEO_TERMINAL,SP_SERVER_NAME,PROTOCOL_TYPE,CHANNELS,YT_PROTOCOL_TYPE) values(220076, 4, 22076, '1002075', 'B0000802',1,'1076测试服务器','4',8,'0');
insert into V_VEHICLEINFO (ORG_CODE,VEHICLE_ID,ID_NUMBER,TYPE_ID,TERMINAL_ID,DELETE_FLAG,COLOR_ID_NUMBER_ID,AUTHORIZED_PAY_MASS) values ('B0000802','2200076', '测B02075', 4, 220076, 0, '2',15);

insert into T_SIMINFO (SIM_ID, ORG_CODE, DEPTCODE, STATE,PAY_MODLE, SIM_NUM) values(22077, 'B0000802', '中国移动', 1, '预付费', 13100002076);
insert into T_TERMINALINFO (TERMINAL_ID,TTYPE_ID,SIM_ID,TERMINAL_CODE,ORG_CODE,IS_VIDEO_TERMINAL,SP_SERVER_NAME,PROTOCOL_TYPE,CHANNELS,YT_PROTOCOL_TYPE) values(220077, 4, 22077, '1002076', 'B0000802',1,'1076测试服务器','4',8,'0');
insert into V_VEHICLEINFO (ORG_CODE,VEHICLE_ID,ID_NUMBER,TYPE_ID,TERMINAL_ID,DELETE_FLAG,COLOR_ID_NUMBER_ID,AUTHORIZED_PAY_MASS) values ('B0000802','2200077', '测B02076', 4, 220077, 0, '2',15);

insert into T_SIMINFO (SIM_ID, ORG_CODE, DEPTCODE, STATE,PAY_MODLE, SIM_NUM) values(22078, 'B0000802', '中国移动', 1, '预付费', 13100002077);
insert into T_TERMINALINFO (TERMINAL_ID,TTYPE_ID,SIM_ID,TERMINAL_CODE,ORG_CODE,IS_VIDEO_TERMINAL,SP_SERVER_NAME,PROTOCOL_TYPE,CHANNELS,YT_PROTOCOL_TYPE) values(220078, 4, 22078, '1002077', 'B0000802',1,'1076测试服务器','4',8,'0');
insert into V_VEHICLEINFO (ORG_CODE,VEHICLE_ID,ID_NUMBER,TYPE_ID,TERMINAL_ID,DELETE_FLAG,COLOR_ID_NUMBER_ID,AUTHORIZED_PAY_MASS) values ('B0000802','2200078', '测B02077', 4, 220078, 0, '2',15);

insert into T_SIMINFO (SIM_ID, ORG_CODE, DEPTCODE, STATE,PAY_MODLE, SIM_NUM) values(22079, 'B0000802', '中国移动', 1, '预付费', 13100002078);
insert into T_TERMINALINFO (TERMINAL_ID,TTYPE_ID,SIM_ID,TERMINAL_CODE,ORG_CODE,IS_VIDEO_TERMINAL,SP_SERVER_NAME,PROTOCOL_TYPE,CHANNELS,YT_PROTOCOL_TYPE) values(220079, 4, 22079, '1002078', 'B0000802',1,'1076测试服务器','4',8,'0');
insert into V_VEHICLEINFO (ORG_CODE,VEHICLE_ID,ID_NUMBER,TYPE_ID,TERMINAL_ID,DELETE_FLAG,COLOR_ID_NUMBER_ID,AUTHORIZED_PAY_MASS) values ('B0000802','2200079', '测B02078', 4, 220079, 0, '2',15);

insert into T_SIMINFO (SIM_ID, ORG_CODE, DEPTCODE, STATE,PAY_MODLE, SIM_NUM) values(22080, 'B0000802', '中国移动', 1, '预付费', 13100002079);
insert into T_TERMINALINFO (TERMINAL_ID,TTYPE_ID,SIM_ID,TERMINAL_CODE,ORG_CODE,IS_VIDEO_TERMINAL,SP_SERVER_NAME,PROTOCOL_TYPE,CHANNELS,YT_PROTOCOL_TYPE) values(220080, 4, 22080, '1002079', 'B0000802',1,'1076测试服务器','4',8,'0');
insert into V_VEHICLEINFO (ORG_CODE,VEHICLE_ID,ID_NUMBER,TYPE_ID,TERMINAL_ID,DELETE_FLAG,COLOR_ID_NUMBER_ID,AUTHORIZED_PAY_MASS) values ('B0000802','2200080', '测B02079', 4, 220080, 0, '2',15);

insert into T_SIMINFO (SIM_ID, ORG_CODE, DEPTCODE, STATE,PAY_MODLE, SIM_NUM) values(22081, 'B0000802', '中国移动', 1, '预付费', 13100002080);
insert into T_TERMINALINFO (TERMINAL_ID,TTYPE_ID,SIM_ID,TERMINAL_CODE,ORG_CODE,IS_VIDEO_TERMINAL,SP_SERVER_NAME,PROTOCOL_TYPE,CHANNELS,YT_PROTOCOL_TYPE) values(220081, 4, 22081, '1002080', 'B0000802',1,'1076测试服务器','4',8,'0');
insert into V_VEHICLEINFO (ORG_CODE,VEHICLE_ID,ID_NUMBER,TYPE_ID,TERMINAL_ID,DELETE_FLAG,COLOR_ID_NUMBER_ID,AUTHORIZED_PAY_MASS) values ('B0000802','2200081', '测B02080', 4, 220081, 0, '2',15);

insert into T_SIMINFO (SIM_ID, ORG_CODE, DEPTCODE, STATE,PAY_MODLE, SIM_NUM) values(22082, 'B0000802', '中国移动', 1, '预付费', 13100002081);
insert into T_TERMINALINFO (TERMINAL_ID,TTYPE_ID,SIM_ID,TERMINAL_CODE,ORG_CODE,IS_VIDEO_TERMINAL,SP_SERVER_NAME,PROTOCOL_TYPE,CHANNELS,YT_PROTOCOL_TYPE) values(220082, 4, 22082, '1002081', 'B0000802',1,'1076测试服务器','4',8,'0');
insert into V_VEHICLEINFO (ORG_CODE,VEHICLE_ID,ID_NUMBER,TYPE_ID,TERMINAL_ID,DELETE_FLAG,COLOR_ID_NUMBER_ID,AUTHORIZED_PAY_MASS) values ('B0000802','2200082', '测B02081', 4, 220082, 0, '2',15);

insert into T_SIMINFO (SIM_ID, ORG_CODE, DEPTCODE, STATE,PAY_MODLE, SIM_NUM) values(22083, 'B0000802', '中国移动', 1, '预付费', 13100002082);
insert into T_TERMINALINFO (TERMINAL_ID,TTYPE_ID,SIM_ID,TERMINAL_CODE,ORG_CODE,IS_VIDEO_TERMINAL,SP_SERVER_NAME,PROTOCOL_TYPE,CHANNELS,YT_PROTOCOL_TYPE) values(220083, 4, 22083, '1002082', 'B0000802',1,'1076测试服务器','4',8,'0');
insert into V_VEHICLEINFO (ORG_CODE,VEHICLE_ID,ID_NUMBER,TYPE_ID,TERMINAL_ID,DELETE_FLAG,COLOR_ID_NUMBER_ID,AUTHORIZED_PAY_MASS) values ('B0000802','2200083', '测B02082', 4, 220083, 0, '2',15);

insert into T_SIMINFO (SIM_ID, ORG_CODE, DEPTCODE, STATE,PAY_MODLE, SIM_NUM) values(22084, 'B0000802', '中国移动', 1, '预付费', 13100002083);
insert into T_TERMINALINFO (TERMINAL_ID,TTYPE_ID,SIM_ID,TERMINAL_CODE,ORG_CODE,IS_VIDEO_TERMINAL,SP_SERVER_NAME,PROTOCOL_TYPE,CHANNELS,YT_PROTOCOL_TYPE) values(220084, 4, 22084, '1002083', 'B0000802',1,'1076测试服务器','4',8,'0');
insert into V_VEHICLEINFO (ORG_CODE,VEHICLE_ID,ID_NUMBER,TYPE_ID,TERMINAL_ID,DELETE_FLAG,COLOR_ID_NUMBER_ID,AUTHORIZED_PAY_MASS) values ('B0000802','2200084', '测B02083', 4, 220084, 0, '2',15);

insert into T_SIMINFO (SIM_ID, ORG_CODE, DEPTCODE, STATE,PAY_MODLE, SIM_NUM) values(22085, 'B0000802', '中国移动', 1, '预付费', 13100002084);
insert into T_TERMINALINFO (TERMINAL_ID,TTYPE_ID,SIM_ID,TERMINAL_CODE,ORG_CODE,IS_VIDEO_TERMINAL,SP_SERVER_NAME,PROTOCOL_TYPE,CHANNELS,YT_PROTOCOL_TYPE) values(220085, 4, 22085, '1002084', 'B0000802',1,'1076测试服务器','4',8,'0');
insert into V_VEHICLEINFO (ORG_CODE,VEHICLE_ID,ID_NUMBER,TYPE_ID,TERMINAL_ID,DELETE_FLAG,COLOR_ID_NUMBER_ID,AUTHORIZED_PAY_MASS) values ('B0000802','2200085', '测B02084', 4, 220085, 0, '2',15);

insert into T_SIMINFO (SIM_ID, ORG_CODE, DEPTCODE, STATE,PAY_MODLE, SIM_NUM) values(22086, 'B0000802', '中国移动', 1, '预付费', 13100002085);
insert into T_TERMINALINFO (TERMINAL_ID,TTYPE_ID,SIM_ID,TERMINAL_CODE,ORG_CODE,IS_VIDEO_TERMINAL,SP_SERVER_NAME,PROTOCOL_TYPE,CHANNELS,YT_PROTOCOL_TYPE) values(220086, 4, 22086, '1002085', 'B0000802',1,'1076测试服务器','4',8,'0');
insert into V_VEHICLEINFO (ORG_CODE,VEHICLE_ID,ID_NUMBER,TYPE_ID,TERMINAL_ID,DELETE_FLAG,COLOR_ID_NUMBER_ID,AUTHORIZED_PAY_MASS) values ('B0000802','2200086', '测B02085', 4, 220086, 0, '2',15);

insert into T_SIMINFO (SIM_ID, ORG_CODE, DEPTCODE, STATE,PAY_MODLE, SIM_NUM) values(22087, 'B0000802', '中国移动', 1, '预付费', 13100002086);
insert into T_TERMINALINFO (TERMINAL_ID,TTYPE_ID,SIM_ID,TERMINAL_CODE,ORG_CODE,IS_VIDEO_TERMINAL,SP_SERVER_NAME,PROTOCOL_TYPE,CHANNELS,YT_PROTOCOL_TYPE) values(220087, 4, 22087, '1002086', 'B0000802',1,'1076测试服务器','4',8,'0');
insert into V_VEHICLEINFO (ORG_CODE,VEHICLE_ID,ID_NUMBER,TYPE_ID,TERMINAL_ID,DELETE_FLAG,COLOR_ID_NUMBER_ID,AUTHORIZED_PAY_MASS) values ('B0000802','2200087', '测B02086', 4, 220087, 0, '2',15);

insert into T_SIMINFO (SIM_ID, ORG_CODE, DEPTCODE, STATE,PAY_MODLE, SIM_NUM) values(22088, 'B0000802', '中国移动', 1, '预付费', 13100002087);
insert into T_TERMINALINFO (TERMINAL_ID,TTYPE_ID,SIM_ID,TERMINAL_CODE,ORG_CODE,IS_VIDEO_TERMINAL,SP_SERVER_NAME,PROTOCOL_TYPE,CHANNELS,YT_PROTOCOL_TYPE) values(220088, 4, 22088, '1002087', 'B0000802',1,'1076测试服务器','4',8,'0');
insert into V_VEHICLEINFO (ORG_CODE,VEHICLE_ID,ID_NUMBER,TYPE_ID,TERMINAL_ID,DELETE_FLAG,COLOR_ID_NUMBER_ID,AUTHORIZED_PAY_MASS) values ('B0000802','2200088', '测B02087', 4, 220088, 0, '2',15);

insert into T_SIMINFO (SIM_ID, ORG_CODE, DEPTCODE, STATE,PAY_MODLE, SIM_NUM) values(22089, 'B0000802', '中国移动', 1, '预付费', 13100002088);
insert into T_TERMINALINFO (TERMINAL_ID,TTYPE_ID,SIM_ID,TERMINAL_CODE,ORG_CODE,IS_VIDEO_TERMINAL,SP_SERVER_NAME,PROTOCOL_TYPE,CHANNELS,YT_PROTOCOL_TYPE) values(220089, 4, 22089, '1002088', 'B0000802',1,'1076测试服务器','4',8,'0');
insert into V_VEHICLEINFO (ORG_CODE,VEHICLE_ID,ID_NUMBER,TYPE_ID,TERMINAL_ID,DELETE_FLAG,COLOR_ID_NUMBER_ID,AUTHORIZED_PAY_MASS) values ('B0000802','2200089', '测B02088', 4, 220089, 0, '2',15);

insert into T_SIMINFO (SIM_ID, ORG_CODE, DEPTCODE, STATE,PAY_MODLE, SIM_NUM) values(22090, 'B0000802', '中国移动', 1, '预付费', 13100002089);
insert into T_TERMINALINFO (TERMINAL_ID,TTYPE_ID,SIM_ID,TERMINAL_CODE,ORG_CODE,IS_VIDEO_TERMINAL,SP_SERVER_NAME,PROTOCOL_TYPE,CHANNELS,YT_PROTOCOL_TYPE) values(220090, 4, 22090, '1002089', 'B0000802',1,'1076测试服务器','4',8,'0');
insert into V_VEHICLEINFO (ORG_CODE,VEHICLE_ID,ID_NUMBER,TYPE_ID,TERMINAL_ID,DELETE_FLAG,COLOR_ID_NUMBER_ID,AUTHORIZED_PAY_MASS) values ('B0000802','2200090', '测B02089', 4, 220090, 0, '2',15);

insert into T_SIMINFO (SIM_ID, ORG_CODE, DEPTCODE, STATE,PAY_MODLE, SIM_NUM) values(22091, 'B0000802', '中国移动', 1, '预付费', 13100002090);
insert into T_TERMINALINFO (TERMINAL_ID,TTYPE_ID,SIM_ID,TERMINAL_CODE,ORG_CODE,IS_VIDEO_TERMINAL,SP_SERVER_NAME,PROTOCOL_TYPE,CHANNELS,YT_PROTOCOL_TYPE) values(220091, 4, 22091, '1002090', 'B0000802',1,'1076测试服务器','4',8,'0');
insert into V_VEHICLEINFO (ORG_CODE,VEHICLE_ID,ID_NUMBER,TYPE_ID,TERMINAL_ID,DELETE_FLAG,COLOR_ID_NUMBER_ID,AUTHORIZED_PAY_MASS) values ('B0000802','2200091', '测B02090', 4, 220091, 0, '2',15);

insert into T_SIMINFO (SIM_ID, ORG_CODE, DEPTCODE, STATE,PAY_MODLE, SIM_NUM) values(22092, 'B0000802', '中国移动', 1, '预付费', 13100002091);
insert into T_TERMINALINFO (TERMINAL_ID,TTYPE_ID,SIM_ID,TERMINAL_CODE,ORG_CODE,IS_VIDEO_TERMINAL,SP_SERVER_NAME,PROTOCOL_TYPE,CHANNELS,YT_PROTOCOL_TYPE) values(220092, 4, 22092, '1002091', 'B0000802',1,'1076测试服务器','4',8,'0');
insert into V_VEHICLEINFO (ORG_CODE,VEHICLE_ID,ID_NUMBER,TYPE_ID,TERMINAL_ID,DELETE_FLAG,COLOR_ID_NUMBER_ID,AUTHORIZED_PAY_MASS) values ('B0000802','2200092', '测B02091', 4, 220092, 0, '2',15);

insert into T_SIMINFO (SIM_ID, ORG_CODE, DEPTCODE, STATE,PAY_MODLE, SIM_NUM) values(22093, 'B0000802', '中国移动', 1, '预付费', 13100002092);
insert into T_TERMINALINFO (TERMINAL_ID,TTYPE_ID,SIM_ID,TERMINAL_CODE,ORG_CODE,IS_VIDEO_TERMINAL,SP_SERVER_NAME,PROTOCOL_TYPE,CHANNELS,YT_PROTOCOL_TYPE) values(220093, 4, 22093, '1002092', 'B0000802',1,'1076测试服务器','4',8,'0');
insert into V_VEHICLEINFO (ORG_CODE,VEHICLE_ID,ID_NUMBER,TYPE_ID,TERMINAL_ID,DELETE_FLAG,COLOR_ID_NUMBER_ID,AUTHORIZED_PAY_MASS) values ('B0000802','2200093', '测B02092', 4, 220093, 0, '2',15);

insert into T_SIMINFO (SIM_ID, ORG_CODE, DEPTCODE, STATE,PAY_MODLE, SIM_NUM) values(22094, 'B0000802', '中国移动', 1, '预付费', 13100002093);
insert into T_TERMINALINFO (TERMINAL_ID,TTYPE_ID,SIM_ID,TERMINAL_CODE,ORG_CODE,IS_VIDEO_TERMINAL,SP_SERVER_NAME,PROTOCOL_TYPE,CHANNELS,YT_PROTOCOL_TYPE) values(220094, 4, 22094, '1002093', 'B0000802',1,'1076测试服务器','4',8,'0');
insert into V_VEHICLEINFO (ORG_CODE,VEHICLE_ID,ID_NUMBER,TYPE_ID,TERMINAL_ID,DELETE_FLAG,COLOR_ID_NUMBER_ID,AUTHORIZED_PAY_MASS) values ('B0000802','2200094', '测B02093', 4, 220094, 0, '2',15);

insert into T_SIMINFO (SIM_ID, ORG_CODE, DEPTCODE, STATE,PAY_MODLE, SIM_NUM) values(22095, 'B0000802', '中国移动', 1, '预付费', 13100002094);
insert into T_TERMINALINFO (TERMINAL_ID,TTYPE_ID,SIM_ID,TERMINAL_CODE,ORG_CODE,IS_VIDEO_TERMINAL,SP_SERVER_NAME,PROTOCOL_TYPE,CHANNELS,YT_PROTOCOL_TYPE) values(220095, 4, 22095, '1002094', 'B0000802',1,'1076测试服务器','4',8,'0');
insert into V_VEHICLEINFO (ORG_CODE,VEHICLE_ID,ID_NUMBER,TYPE_ID,TERMINAL_ID,DELETE_FLAG,COLOR_ID_NUMBER_ID,AUTHORIZED_PAY_MASS) values ('B0000802','2200095', '测B02094', 4, 220095, 0, '2',15);

insert into T_SIMINFO (SIM_ID, ORG_CODE, DEPTCODE, STATE,PAY_MODLE, SIM_NUM) values(22096, 'B0000802', '中国移动', 1, '预付费', 13100002095);
insert into T_TERMINALINFO (TERMINAL_ID,TTYPE_ID,SIM_ID,TERMINAL_CODE,ORG_CODE,IS_VIDEO_TERMINAL,SP_SERVER_NAME,PROTOCOL_TYPE,CHANNELS,YT_PROTOCOL_TYPE) values(220096, 4, 22096, '1002095', 'B0000802',1,'1076测试服务器','4',8,'0');
insert into V_VEHICLEINFO (ORG_CODE,VEHICLE_ID,ID_NUMBER,TYPE_ID,TERMINAL_ID,DELETE_FLAG,COLOR_ID_NUMBER_ID,AUTHORIZED_PAY_MASS) values ('B0000802','2200096', '测B02095', 4, 220096, 0, '2',15);

insert into T_SIMINFO (SIM_ID, ORG_CODE, DEPTCODE, STATE,PAY_MODLE, SIM_NUM) values(22097, 'B0000802', '中国移动', 1, '预付费', 13100002096);
insert into T_TERMINALINFO (TERMINAL_ID,TTYPE_ID,SIM_ID,TERMINAL_CODE,ORG_CODE,IS_VIDEO_TERMINAL,SP_SERVER_NAME,PROTOCOL_TYPE,CHANNELS,YT_PROTOCOL_TYPE) values(220097, 4, 22097, '1002096', 'B0000802',1,'1076测试服务器','4',8,'0');
insert into V_VEHICLEINFO (ORG_CODE,VEHICLE_ID,ID_NUMBER,TYPE_ID,TERMINAL_ID,DELETE_FLAG,COLOR_ID_NUMBER_ID,AUTHORIZED_PAY_MASS) values ('B0000802','2200097', '测B02096', 4, 220097, 0, '2',15);

insert into T_SIMINFO (SIM_ID, ORG_CODE, DEPTCODE, STATE,PAY_MODLE, SIM_NUM) values(22098, 'B0000802', '中国移动', 1, '预付费', 13100002097);
insert into T_TERMINALINFO (TERMINAL_ID,TTYPE_ID,SIM_ID,TERMINAL_CODE,ORG_CODE,IS_VIDEO_TERMINAL,SP_SERVER_NAME,PROTOCOL_TYPE,CHANNELS,YT_PROTOCOL_TYPE) values(220098, 4, 22098, '1002097', 'B0000802',1,'1076测试服务器','4',8,'0');
insert into V_VEHICLEINFO (ORG_CODE,VEHICLE_ID,ID_NUMBER,TYPE_ID,TERMINAL_ID,DELETE_FLAG,COLOR_ID_NUMBER_ID,AUTHORIZED_PAY_MASS) values ('B0000802','2200098', '测B02097', 4, 220098, 0, '2',15);

insert into T_SIMINFO (SIM_ID, ORG_CODE, DEPTCODE, STATE,PAY_MODLE, SIM_NUM) values(22099, 'B0000802', '中国移动', 1, '预付费', 13100002098);
insert into T_TERMINALINFO (TERMINAL_ID,TTYPE_ID,SIM_ID,TERMINAL_CODE,ORG_CODE,IS_VIDEO_TERMINAL,SP_SERVER_NAME,PROTOCOL_TYPE,CHANNELS,YT_PROTOCOL_TYPE) values(220099, 4, 22099, '1002098', 'B0000802',1,'1076测试服务器','4',8,'0');
insert into V_VEHICLEINFO (ORG_CODE,VEHICLE_ID,ID_NUMBER,TYPE_ID,TERMINAL_ID,DELETE_FLAG,COLOR_ID_NUMBER_ID,AUTHORIZED_PAY_MASS) values ('B0000802','2200099', '测B02098', 4, 220099, 0, '2',15);

insert into T_SIMINFO (SIM_ID, ORG_CODE, DEPTCODE, STATE,PAY_MODLE, SIM_NUM) values(22100, 'B0000802', '中国移动', 1, '预付费', 13100002099);
insert into T_TERMINALINFO (TERMINAL_ID,TTYPE_ID,SIM_ID,TERMINAL_CODE,ORG_CODE,IS_VIDEO_TERMINAL,SP_SERVER_NAME,PROTOCOL_TYPE,CHANNELS,YT_PROTOCOL_TYPE) values(220100, 4, 22100, '1002099', 'B0000802',1,'1076测试服务器','4',8,'0');
insert into V_VEHICLEINFO (ORG_CODE,VEHICLE_ID,ID_NUMBER,TYPE_ID,TERMINAL_ID,DELETE_FLAG,COLOR_ID_NUMBER_ID,AUTHORIZED_PAY_MASS) values ('B0000802','2200100', '测B02099', 4, 220100, 0, '2',15);

insert into T_SIMINFO (SIM_ID, ORG_CODE, DEPTCODE, STATE,PAY_MODLE, SIM_NUM) values(22101, 'B0000802', '中国移动', 1, '预付费', 13100002100);
insert into T_TERMINALINFO (TERMINAL_ID,TTYPE_ID,SIM_ID,TERMINAL_CODE,ORG_CODE,IS_VIDEO_TERMINAL,SP_SERVER_NAME,PROTOCOL_TYPE,CHANNELS,YT_PROTOCOL_TYPE) values(220101, 4, 22101, '1002100', 'B0000802',1,'1076测试服务器','4',8,'0');
insert into V_VEHICLEINFO (ORG_CODE,VEHICLE_ID,ID_NUMBER,TYPE_ID,TERMINAL_ID,DELETE_FLAG,COLOR_ID_NUMBER_ID,AUTHORIZED_PAY_MASS) values ('B0000802','2200101', '测B02100', 4, 220101, 0, '2',15);

insert into T_SIMINFO (SIM_ID, ORG_CODE, DEPTCODE, STATE,PAY_MODLE, SIM_NUM) values(22102, 'B0000802', '中国移动', 1, '预付费', 13100002101);
insert into T_TERMINALINFO (TERMINAL_ID,TTYPE_ID,SIM_ID,TERMINAL_CODE,ORG_CODE,IS_VIDEO_TERMINAL,SP_SERVER_NAME,PROTOCOL_TYPE,CHANNELS,YT_PROTOCOL_TYPE) values(220102, 4, 22102, '1002101', 'B0000802',1,'1076测试服务器','4',8,'0');
insert into V_VEHICLEINFO (ORG_CODE,VEHICLE_ID,ID_NUMBER,TYPE_ID,TERMINAL_ID,DELETE_FLAG,COLOR_ID_NUMBER_ID,AUTHORIZED_PAY_MASS) values ('B0000802','2200102', '测B02101', 4, 220102, 0, '2',15);

insert into T_SIMINFO (SIM_ID, ORG_CODE, DEPTCODE, STATE,PAY_MODLE, SIM_NUM) values(22103, 'B0000802', '中国移动', 1, '预付费', 13100002102);
insert into T_TERMINALINFO (TERMINAL_ID,TTYPE_ID,SIM_ID,TERMINAL_CODE,ORG_CODE,IS_VIDEO_TERMINAL,SP_SERVER_NAME,PROTOCOL_TYPE,CHANNELS,YT_PROTOCOL_TYPE) values(220103, 4, 22103, '1002102', 'B0000802',1,'1076测试服务器','4',8,'0');
insert into V_VEHICLEINFO (ORG_CODE,VEHICLE_ID,ID_NUMBER,TYPE_ID,TERMINAL_ID,DELETE_FLAG,COLOR_ID_NUMBER_ID,AUTHORIZED_PAY_MASS) values ('B0000802','2200103', '测B02102', 4, 220103, 0, '2',15);

insert into T_SIMINFO (SIM_ID, ORG_CODE, DEPTCODE, STATE,PAY_MODLE, SIM_NUM) values(22104, 'B0000802', '中国移动', 1, '预付费', 13100002103);
insert into T_TERMINALINFO (TERMINAL_ID,TTYPE_ID,SIM_ID,TERMINAL_CODE,ORG_CODE,IS_VIDEO_TERMINAL,SP_SERVER_NAME,PROTOCOL_TYPE,CHANNELS,YT_PROTOCOL_TYPE) values(220104, 4, 22104, '1002103', 'B0000802',1,'1076测试服务器','4',8,'0');
insert into V_VEHICLEINFO (ORG_CODE,VEHICLE_ID,ID_NUMBER,TYPE_ID,TERMINAL_ID,DELETE_FLAG,COLOR_ID_NUMBER_ID,AUTHORIZED_PAY_MASS) values ('B0000802','2200104', '测B02103', 4, 220104, 0, '2',15);

insert into T_SIMINFO (SIM_ID, ORG_CODE, DEPTCODE, STATE,PAY_MODLE, SIM_NUM) values(22105, 'B0000802', '中国移动', 1, '预付费', 13100002104);
insert into T_TERMINALINFO (TERMINAL_ID,TTYPE_ID,SIM_ID,TERMINAL_CODE,ORG_CODE,IS_VIDEO_TERMINAL,SP_SERVER_NAME,PROTOCOL_TYPE,CHANNELS,YT_PROTOCOL_TYPE) values(220105, 4, 22105, '1002104', 'B0000802',1,'1076测试服务器','4',8,'0');
insert into V_VEHICLEINFO (ORG_CODE,VEHICLE_ID,ID_NUMBER,TYPE_ID,TERMINAL_ID,DELETE_FLAG,COLOR_ID_NUMBER_ID,AUTHORIZED_PAY_MASS) values ('B0000802','2200105', '测B02104', 4, 220105, 0, '2',15);

insert into T_SIMINFO (SIM_ID, ORG_CODE, DEPTCODE, STATE,PAY_MODLE, SIM_NUM) values(22106, 'B0000802', '中国移动', 1, '预付费', 13100002105);
insert into T_TERMINALINFO (TERMINAL_ID,TTYPE_ID,SIM_ID,TERMINAL_CODE,ORG_CODE,IS_VIDEO_TERMINAL,SP_SERVER_NAME,PROTOCOL_TYPE,CHANNELS,YT_PROTOCOL_TYPE) values(220106, 4, 22106, '1002105', 'B0000802',1,'1076测试服务器','4',8,'0');
insert into V_VEHICLEINFO (ORG_CODE,VEHICLE_ID,ID_NUMBER,TYPE_ID,TERMINAL_ID,DELETE_FLAG,COLOR_ID_NUMBER_ID,AUTHORIZED_PAY_MASS) values ('B0000802','2200106', '测B02105', 4, 220106, 0, '2',15);

insert into T_SIMINFO (SIM_ID, ORG_CODE, DEPTCODE, STATE,PAY_MODLE, SIM_NUM) values(22107, 'B0000802', '中国移动', 1, '预付费', 13100002106);
insert into T_TERMINALINFO (TERMINAL_ID,TTYPE_ID,SIM_ID,TERMINAL_CODE,ORG_CODE,IS_VIDEO_TERMINAL,SP_SERVER_NAME,PROTOCOL_TYPE,CHANNELS,YT_PROTOCOL_TYPE) values(220107, 4, 22107, '1002106', 'B0000802',1,'1076测试服务器','4',8,'0');
insert into V_VEHICLEINFO (ORG_CODE,VEHICLE_ID,ID_NUMBER,TYPE_ID,TERMINAL_ID,DELETE_FLAG,COLOR_ID_NUMBER_ID,AUTHORIZED_PAY_MASS) values ('B0000802','2200107', '测B02106', 4, 220107, 0, '2',15);

insert into T_SIMINFO (SIM_ID, ORG_CODE, DEPTCODE, STATE,PAY_MODLE, SIM_NUM) values(22108, 'B0000802', '中国移动', 1, '预付费', 13100002107);
insert into T_TERMINALINFO (TERMINAL_ID,TTYPE_ID,SIM_ID,TERMINAL_CODE,ORG_CODE,IS_VIDEO_TERMINAL,SP_SERVER_NAME,PROTOCOL_TYPE,CHANNELS,YT_PROTOCOL_TYPE) values(220108, 4, 22108, '1002107', 'B0000802',1,'1076测试服务器','4',8,'0');
insert into V_VEHICLEINFO (ORG_CODE,VEHICLE_ID,ID_NUMBER,TYPE_ID,TERMINAL_ID,DELETE_FLAG,COLOR_ID_NUMBER_ID,AUTHORIZED_PAY_MASS) values ('B0000802','2200108', '测B02107', 4, 220108, 0, '2',15);

insert into T_SIMINFO (SIM_ID, ORG_CODE, DEPTCODE, STATE,PAY_MODLE, SIM_NUM) values(22109, 'B0000802', '中国移动', 1, '预付费', 13100002108);
insert into T_TERMINALINFO (TERMINAL_ID,TTYPE_ID,SIM_ID,TERMINAL_CODE,ORG_CODE,IS_VIDEO_TERMINAL,SP_SERVER_NAME,PROTOCOL_TYPE,CHANNELS,YT_PROTOCOL_TYPE) values(220109, 4, 22109, '1002108', 'B0000802',1,'1076测试服务器','4',8,'0');
insert into V_VEHICLEINFO (ORG_CODE,VEHICLE_ID,ID_NUMBER,TYPE_ID,TERMINAL_ID,DELETE_FLAG,COLOR_ID_NUMBER_ID,AUTHORIZED_PAY_MASS) values ('B0000802','2200109', '测B02108', 4, 220109, 0, '2',15);

insert into T_SIMINFO (SIM_ID, ORG_CODE, DEPTCODE, STATE,PAY_MODLE, SIM_NUM) values(22110, 'B0000802', '中国移动', 1, '预付费', 13100002109);
insert into T_TERMINALINFO (TERMINAL_ID,TTYPE_ID,SIM_ID,TERMINAL_CODE,ORG_CODE,IS_VIDEO_TERMINAL,SP_SERVER_NAME,PROTOCOL_TYPE,CHANNELS,YT_PROTOCOL_TYPE) values(220110, 4, 22110, '1002109', 'B0000802',1,'1076测试服务器','4',8,'0');
insert into V_VEHICLEINFO (ORG_CODE,VEHICLE_ID,ID_NUMBER,TYPE_ID,TERMINAL_ID,DELETE_FLAG,COLOR_ID_NUMBER_ID,AUTHORIZED_PAY_MASS) values ('B0000802','2200110', '测B02109', 4, 220110, 0, '2',15);

insert into T_SIMINFO (SIM_ID, ORG_CODE, DEPTCODE, STATE,PAY_MODLE, SIM_NUM) values(22111, 'B0000802', '中国移动', 1, '预付费', 13100002110);
insert into T_TERMINALINFO (TERMINAL_ID,TTYPE_ID,SIM_ID,TERMINAL_CODE,ORG_CODE,IS_VIDEO_TERMINAL,SP_SERVER_NAME,PROTOCOL_TYPE,CHANNELS,YT_PROTOCOL_TYPE) values(220111, 4, 22111, '1002110', 'B0000802',1,'1076测试服务器','4',8,'0');
insert into V_VEHICLEINFO (ORG_CODE,VEHICLE_ID,ID_NUMBER,TYPE_ID,TERMINAL_ID,DELETE_FLAG,COLOR_ID_NUMBER_ID,AUTHORIZED_PAY_MASS) values ('B0000802','2200111', '测B02110', 4, 220111, 0, '2',15);

insert into T_SIMINFO (SIM_ID, ORG_CODE, DEPTCODE, STATE,PAY_MODLE, SIM_NUM) values(22112, 'B0000802', '中国移动', 1, '预付费', 13100002111);
insert into T_TERMINALINFO (TERMINAL_ID,TTYPE_ID,SIM_ID,TERMINAL_CODE,ORG_CODE,IS_VIDEO_TERMINAL,SP_SERVER_NAME,PROTOCOL_TYPE,CHANNELS,YT_PROTOCOL_TYPE) values(220112, 4, 22112, '1002111', 'B0000802',1,'1076测试服务器','4',8,'0');
insert into V_VEHICLEINFO (ORG_CODE,VEHICLE_ID,ID_NUMBER,TYPE_ID,TERMINAL_ID,DELETE_FLAG,COLOR_ID_NUMBER_ID,AUTHORIZED_PAY_MASS) values ('B0000802','2200112', '测B02111', 4, 220112, 0, '2',15);

insert into T_SIMINFO (SIM_ID, ORG_CODE, DEPTCODE, STATE,PAY_MODLE, SIM_NUM) values(22113, 'B0000802', '中国移动', 1, '预付费', 13100002112);
insert into T_TERMINALINFO (TERMINAL_ID,TTYPE_ID,SIM_ID,TERMINAL_CODE,ORG_CODE,IS_VIDEO_TERMINAL,SP_SERVER_NAME,PROTOCOL_TYPE,CHANNELS,YT_PROTOCOL_TYPE) values(220113, 4, 22113, '1002112', 'B0000802',1,'1076测试服务器','4',8,'0');
insert into V_VEHICLEINFO (ORG_CODE,VEHICLE_ID,ID_NUMBER,TYPE_ID,TERMINAL_ID,DELETE_FLAG,COLOR_ID_NUMBER_ID,AUTHORIZED_PAY_MASS) values ('B0000802','2200113', '测B02112', 4, 220113, 0, '2',15);

insert into T_SIMINFO (SIM_ID, ORG_CODE, DEPTCODE, STATE,PAY_MODLE, SIM_NUM) values(22114, 'B0000802', '中国移动', 1, '预付费', 13100002113);
insert into T_TERMINALINFO (TERMINAL_ID,TTYPE_ID,SIM_ID,TERMINAL_CODE,ORG_CODE,IS_VIDEO_TERMINAL,SP_SERVER_NAME,PROTOCOL_TYPE,CHANNELS,YT_PROTOCOL_TYPE) values(220114, 4, 22114, '1002113', 'B0000802',1,'1076测试服务器','4',8,'0');
insert into V_VEHICLEINFO (ORG_CODE,VEHICLE_ID,ID_NUMBER,TYPE_ID,TERMINAL_ID,DELETE_FLAG,COLOR_ID_NUMBER_ID,AUTHORIZED_PAY_MASS) values ('B0000802','2200114', '测B02113', 4, 220114, 0, '2',15);

insert into T_SIMINFO (SIM_ID, ORG_CODE, DEPTCODE, STATE,PAY_MODLE, SIM_NUM) values(22115, 'B0000802', '中国移动', 1, '预付费', 13100002114);
insert into T_TERMINALINFO (TERMINAL_ID,TTYPE_ID,SIM_ID,TERMINAL_CODE,ORG_CODE,IS_VIDEO_TERMINAL,SP_SERVER_NAME,PROTOCOL_TYPE,CHANNELS,YT_PROTOCOL_TYPE) values(220115, 4, 22115, '1002114', 'B0000802',1,'1076测试服务器','4',8,'0');
insert into V_VEHICLEINFO (ORG_CODE,VEHICLE_ID,ID_NUMBER,TYPE_ID,TERMINAL_ID,DELETE_FLAG,COLOR_ID_NUMBER_ID,AUTHORIZED_PAY_MASS) values ('B0000802','2200115', '测B02114', 4, 220115, 0, '2',15);

insert into T_SIMINFO (SIM_ID, ORG_CODE, DEPTCODE, STATE,PAY_MODLE, SIM_NUM) values(22116, 'B0000802', '中国移动', 1, '预付费', 13100002115);
insert into T_TERMINALINFO (TERMINAL_ID,TTYPE_ID,SIM_ID,TERMINAL_CODE,ORG_CODE,IS_VIDEO_TERMINAL,SP_SERVER_NAME,PROTOCOL_TYPE,CHANNELS,YT_PROTOCOL_TYPE) values(220116, 4, 22116, '1002115', 'B0000802',1,'1076测试服务器','4',8,'0');
insert into V_VEHICLEINFO (ORG_CODE,VEHICLE_ID,ID_NUMBER,TYPE_ID,TERMINAL_ID,DELETE_FLAG,COLOR_ID_NUMBER_ID,AUTHORIZED_PAY_MASS) values ('B0000802','2200116', '测B02115', 4, 220116, 0, '2',15);

insert into T_SIMINFO (SIM_ID, ORG_CODE, DEPTCODE, STATE,PAY_MODLE, SIM_NUM) values(22117, 'B0000802', '中国移动', 1, '预付费', 13100002116);
insert into T_TERMINALINFO (TERMINAL_ID,TTYPE_ID,SIM_ID,TERMINAL_CODE,ORG_CODE,IS_VIDEO_TERMINAL,SP_SERVER_NAME,PROTOCOL_TYPE,CHANNELS,YT_PROTOCOL_TYPE) values(220117, 4, 22117, '1002116', 'B0000802',1,'1076测试服务器','4',8,'0');
insert into V_VEHICLEINFO (ORG_CODE,VEHICLE_ID,ID_NUMBER,TYPE_ID,TERMINAL_ID,DELETE_FLAG,COLOR_ID_NUMBER_ID,AUTHORIZED_PAY_MASS) values ('B0000802','2200117', '测B02116', 4, 220117, 0, '2',15);

insert into T_SIMINFO (SIM_ID, ORG_CODE, DEPTCODE, STATE,PAY_MODLE, SIM_NUM) values(22118, 'B0000802', '中国移动', 1, '预付费', 13100002117);
insert into T_TERMINALINFO (TERMINAL_ID,TTYPE_ID,SIM_ID,TERMINAL_CODE,ORG_CODE,IS_VIDEO_TERMINAL,SP_SERVER_NAME,PROTOCOL_TYPE,CHANNELS,YT_PROTOCOL_TYPE) values(220118, 4, 22118, '1002117', 'B0000802',1,'1076测试服务器','4',8,'0');
insert into V_VEHICLEINFO (ORG_CODE,VEHICLE_ID,ID_NUMBER,TYPE_ID,TERMINAL_ID,DELETE_FLAG,COLOR_ID_NUMBER_ID,AUTHORIZED_PAY_MASS) values ('B0000802','2200118', '测B02117', 4, 220118, 0, '2',15);

insert into T_SIMINFO (SIM_ID, ORG_CODE, DEPTCODE, STATE,PAY_MODLE, SIM_NUM) values(22119, 'B0000802', '中国移动', 1, '预付费', 13100002118);
insert into T_TERMINALINFO (TERMINAL_ID,TTYPE_ID,SIM_ID,TERMINAL_CODE,ORG_CODE,IS_VIDEO_TERMINAL,SP_SERVER_NAME,PROTOCOL_TYPE,CHANNELS,YT_PROTOCOL_TYPE) values(220119, 4, 22119, '1002118', 'B0000802',1,'1076测试服务器','4',8,'0');
insert into V_VEHICLEINFO (ORG_CODE,VEHICLE_ID,ID_NUMBER,TYPE_ID,TERMINAL_ID,DELETE_FLAG,COLOR_ID_NUMBER_ID,AUTHORIZED_PAY_MASS) values ('B0000802','2200119', '测B02118', 4, 220119, 0, '2',15);

insert into T_SIMINFO (SIM_ID, ORG_CODE, DEPTCODE, STATE,PAY_MODLE, SIM_NUM) values(22120, 'B0000802', '中国移动', 1, '预付费', 13100002119);
insert into T_TERMINALINFO (TERMINAL_ID,TTYPE_ID,SIM_ID,TERMINAL_CODE,ORG_CODE,IS_VIDEO_TERMINAL,SP_SERVER_NAME,PROTOCOL_TYPE,CHANNELS,YT_PROTOCOL_TYPE) values(220120, 4, 22120, '1002119', 'B0000802',1,'1076测试服务器','4',8,'0');
insert into V_VEHICLEINFO (ORG_CODE,VEHICLE_ID,ID_NUMBER,TYPE_ID,TERMINAL_ID,DELETE_FLAG,COLOR_ID_NUMBER_ID,AUTHORIZED_PAY_MASS) values ('B0000802','2200120', '测B02119', 4, 220120, 0, '2',15);

insert into T_SIMINFO (SIM_ID, ORG_CODE, DEPTCODE, STATE,PAY_MODLE, SIM_NUM) values(22121, 'B0000802', '中国移动', 1, '预付费', 13100002120);
insert into T_TERMINALINFO (TERMINAL_ID,TTYPE_ID,SIM_ID,TERMINAL_CODE,ORG_CODE,IS_VIDEO_TERMINAL,SP_SERVER_NAME,PROTOCOL_TYPE,CHANNELS,YT_PROTOCOL_TYPE) values(220121, 4, 22121, '1002120', 'B0000802',1,'1076测试服务器','4',8,'0');
insert into V_VEHICLEINFO (ORG_CODE,VEHICLE_ID,ID_NUMBER,TYPE_ID,TERMINAL_ID,DELETE_FLAG,COLOR_ID_NUMBER_ID,AUTHORIZED_PAY_MASS) values ('B0000802','2200121', '测B02120', 4, 220121, 0, '2',15);

insert into T_SIMINFO (SIM_ID, ORG_CODE, DEPTCODE, STATE,PAY_MODLE, SIM_NUM) values(22122, 'B0000802', '中国移动', 1, '预付费', 13100002121);
insert into T_TERMINALINFO (TERMINAL_ID,TTYPE_ID,SIM_ID,TERMINAL_CODE,ORG_CODE,IS_VIDEO_TERMINAL,SP_SERVER_NAME,PROTOCOL_TYPE,CHANNELS,YT_PROTOCOL_TYPE) values(220122, 4, 22122, '1002121', 'B0000802',1,'1076测试服务器','4',8,'0');
insert into V_VEHICLEINFO (ORG_CODE,VEHICLE_ID,ID_NUMBER,TYPE_ID,TERMINAL_ID,DELETE_FLAG,COLOR_ID_NUMBER_ID,AUTHORIZED_PAY_MASS) values ('B0000802','2200122', '测B02121', 4, 220122, 0, '2',15);

insert into T_SIMINFO (SIM_ID, ORG_CODE, DEPTCODE, STATE,PAY_MODLE, SIM_NUM) values(22123, 'B0000802', '中国移动', 1, '预付费', 13100002122);
insert into T_TERMINALINFO (TERMINAL_ID,TTYPE_ID,SIM_ID,TERMINAL_CODE,ORG_CODE,IS_VIDEO_TERMINAL,SP_SERVER_NAME,PROTOCOL_TYPE,CHANNELS,YT_PROTOCOL_TYPE) values(220123, 4, 22123, '1002122', 'B0000802',1,'1076测试服务器','4',8,'0');
insert into V_VEHICLEINFO (ORG_CODE,VEHICLE_ID,ID_NUMBER,TYPE_ID,TERMINAL_ID,DELETE_FLAG,COLOR_ID_NUMBER_ID,AUTHORIZED_PAY_MASS) values ('B0000802','2200123', '测B02122', 4, 220123, 0, '2',15);

insert into T_SIMINFO (SIM_ID, ORG_CODE, DEPTCODE, STATE,PAY_MODLE, SIM_NUM) values(22124, 'B0000802', '中国移动', 1, '预付费', 13100002123);
insert into T_TERMINALINFO (TERMINAL_ID,TTYPE_ID,SIM_ID,TERMINAL_CODE,ORG_CODE,IS_VIDEO_TERMINAL,SP_SERVER_NAME,PROTOCOL_TYPE,CHANNELS,YT_PROTOCOL_TYPE) values(220124, 4, 22124, '1002123', 'B0000802',1,'1076测试服务器','4',8,'0');
insert into V_VEHICLEINFO (ORG_CODE,VEHICLE_ID,ID_NUMBER,TYPE_ID,TERMINAL_ID,DELETE_FLAG,COLOR_ID_NUMBER_ID,AUTHORIZED_PAY_MASS) values ('B0000802','2200124', '测B02123', 4, 220124, 0, '2',15);

insert into T_SIMINFO (SIM_ID, ORG_CODE, DEPTCODE, STATE,PAY_MODLE, SIM_NUM) values(22125, 'B0000802', '中国移动', 1, '预付费', 13100002124);
insert into T_TERMINALINFO (TERMINAL_ID,TTYPE_ID,SIM_ID,TERMINAL_CODE,ORG_CODE,IS_VIDEO_TERMINAL,SP_SERVER_NAME,PROTOCOL_TYPE,CHANNELS,YT_PROTOCOL_TYPE) values(220125, 4, 22125, '1002124', 'B0000802',1,'1076测试服务器','4',8,'0');
insert into V_VEHICLEINFO (ORG_CODE,VEHICLE_ID,ID_NUMBER,TYPE_ID,TERMINAL_ID,DELETE_FLAG,COLOR_ID_NUMBER_ID,AUTHORIZED_PAY_MASS) values ('B0000802','2200125', '测B02124', 4, 220125, 0, '2',15);

insert into T_SIMINFO (SIM_ID, ORG_CODE, DEPTCODE, STATE,PAY_MODLE, SIM_NUM) values(22126, 'B0000802', '中国移动', 1, '预付费', 13100002125);
insert into T_TERMINALINFO (TERMINAL_ID,TTYPE_ID,SIM_ID,TERMINAL_CODE,ORG_CODE,IS_VIDEO_TERMINAL,SP_SERVER_NAME,PROTOCOL_TYPE,CHANNELS,YT_PROTOCOL_TYPE) values(220126, 4, 22126, '1002125', 'B0000802',1,'1076测试服务器','4',8,'0');
insert into V_VEHICLEINFO (ORG_CODE,VEHICLE_ID,ID_NUMBER,TYPE_ID,TERMINAL_ID,DELETE_FLAG,COLOR_ID_NUMBER_ID,AUTHORIZED_PAY_MASS) values ('B0000802','2200126', '测B02125', 4, 220126, 0, '2',15);

insert into T_SIMINFO (SIM_ID, ORG_CODE, DEPTCODE, STATE,PAY_MODLE, SIM_NUM) values(22127, 'B0000802', '中国移动', 1, '预付费', 13100002126);
insert into T_TERMINALINFO (TERMINAL_ID,TTYPE_ID,SIM_ID,TERMINAL_CODE,ORG_CODE,IS_VIDEO_TERMINAL,SP_SERVER_NAME,PROTOCOL_TYPE,CHANNELS,YT_PROTOCOL_TYPE) values(220127, 4, 22127, '1002126', 'B0000802',1,'1076测试服务器','4',8,'0');
insert into V_VEHICLEINFO (ORG_CODE,VEHICLE_ID,ID_NUMBER,TYPE_ID,TERMINAL_ID,DELETE_FLAG,COLOR_ID_NUMBER_ID,AUTHORIZED_PAY_MASS) values ('B0000802','2200127', '测B02126', 4, 220127, 0, '2',15);

insert into T_SIMINFO (SIM_ID, ORG_CODE, DEPTCODE, STATE,PAY_MODLE, SIM_NUM) values(22128, 'B0000802', '中国移动', 1, '预付费', 13100002127);
insert into T_TERMINALINFO (TERMINAL_ID,TTYPE_ID,SIM_ID,TERMINAL_CODE,ORG_CODE,IS_VIDEO_TERMINAL,SP_SERVER_NAME,PROTOCOL_TYPE,CHANNELS,YT_PROTOCOL_TYPE) values(220128, 4, 22128, '1002127', 'B0000802',1,'1076测试服务器','4',8,'0');
insert into V_VEHICLEINFO (ORG_CODE,VEHICLE_ID,ID_NUMBER,TYPE_ID,TERMINAL_ID,DELETE_FLAG,COLOR_ID_NUMBER_ID,AUTHORIZED_PAY_MASS) values ('B0000802','2200128', '测B02127', 4, 220128, 0, '2',15);

insert into T_SIMINFO (SIM_ID, ORG_CODE, DEPTCODE, STATE,PAY_MODLE, SIM_NUM) values(22129, 'B0000802', '中国移动', 1, '预付费', 13100002128);
insert into T_TERMINALINFO (TERMINAL_ID,TTYPE_ID,SIM_ID,TERMINAL_CODE,ORG_CODE,IS_VIDEO_TERMINAL,SP_SERVER_NAME,PROTOCOL_TYPE,CHANNELS,YT_PROTOCOL_TYPE) values(220129, 4, 22129, '1002128', 'B0000802',1,'1076测试服务器','4',8,'0');
insert into V_VEHICLEINFO (ORG_CODE,VEHICLE_ID,ID_NUMBER,TYPE_ID,TERMINAL_ID,DELETE_FLAG,COLOR_ID_NUMBER_ID,AUTHORIZED_PAY_MASS) values ('B0000802','2200129', '测B02128', 4, 220129, 0, '2',15);

insert into T_SIMINFO (SIM_ID, ORG_CODE, DEPTCODE, STATE,PAY_MODLE, SIM_NUM) values(22130, 'B0000802', '中国移动', 1, '预付费', 13100002129);
insert into T_TERMINALINFO (TERMINAL_ID,TTYPE_ID,SIM_ID,TERMINAL_CODE,ORG_CODE,IS_VIDEO_TERMINAL,SP_SERVER_NAME,PROTOCOL_TYPE,CHANNELS,YT_PROTOCOL_TYPE) values(220130, 4, 22130, '1002129', 'B0000802',1,'1076测试服务器','4',8,'0');
insert into V_VEHICLEINFO (ORG_CODE,VEHICLE_ID,ID_NUMBER,TYPE_ID,TERMINAL_ID,DELETE_FLAG,COLOR_ID_NUMBER_ID,AUTHORIZED_PAY_MASS) values ('B0000802','2200130', '测B02129', 4, 220130, 0, '2',15);

insert into T_SIMINFO (SIM_ID, ORG_CODE, DEPTCODE, STATE,PAY_MODLE, SIM_NUM) values(22131, 'B0000802', '中国移动', 1, '预付费', 13100002130);
insert into T_TERMINALINFO (TERMINAL_ID,TTYPE_ID,SIM_ID,TERMINAL_CODE,ORG_CODE,IS_VIDEO_TERMINAL,SP_SERVER_NAME,PROTOCOL_TYPE,CHANNELS,YT_PROTOCOL_TYPE) values(220131, 4, 22131, '1002130', 'B0000802',1,'1076测试服务器','4',8,'0');
insert into V_VEHICLEINFO (ORG_CODE,VEHICLE_ID,ID_NUMBER,TYPE_ID,TERMINAL_ID,DELETE_FLAG,COLOR_ID_NUMBER_ID,AUTHORIZED_PAY_MASS) values ('B0000802','2200131', '测B02130', 4, 220131, 0, '2',15);

insert into T_SIMINFO (SIM_ID, ORG_CODE, DEPTCODE, STATE,PAY_MODLE, SIM_NUM) values(22132, 'B0000802', '中国移动', 1, '预付费', 13100002131);
insert into T_TERMINALINFO (TERMINAL_ID,TTYPE_ID,SIM_ID,TERMINAL_CODE,ORG_CODE,IS_VIDEO_TERMINAL,SP_SERVER_NAME,PROTOCOL_TYPE,CHANNELS,YT_PROTOCOL_TYPE) values(220132, 4, 22132, '1002131', 'B0000802',1,'1076测试服务器','4',8,'0');
insert into V_VEHICLEINFO (ORG_CODE,VEHICLE_ID,ID_NUMBER,TYPE_ID,TERMINAL_ID,DELETE_FLAG,COLOR_ID_NUMBER_ID,AUTHORIZED_PAY_MASS) values ('B0000802','2200132', '测B02131', 4, 220132, 0, '2',15);

insert into T_SIMINFO (SIM_ID, ORG_CODE, DEPTCODE, STATE,PAY_MODLE, SIM_NUM) values(22133, 'B0000802', '中国移动', 1, '预付费', 13100002132);
insert into T_TERMINALINFO (TERMINAL_ID,TTYPE_ID,SIM_ID,TERMINAL_CODE,ORG_CODE,IS_VIDEO_TERMINAL,SP_SERVER_NAME,PROTOCOL_TYPE,CHANNELS,YT_PROTOCOL_TYPE) values(220133, 4, 22133, '1002132', 'B0000802',1,'1076测试服务器','4',8,'0');
insert into V_VEHICLEINFO (ORG_CODE,VEHICLE_ID,ID_NUMBER,TYPE_ID,TERMINAL_ID,DELETE_FLAG,COLOR_ID_NUMBER_ID,AUTHORIZED_PAY_MASS) values ('B0000802','2200133', '测B02132', 4, 220133, 0, '2',15);

insert into T_SIMINFO (SIM_ID, ORG_CODE, DEPTCODE, STATE,PAY_MODLE, SIM_NUM) values(22134, 'B0000802', '中国移动', 1, '预付费', 13100002133);
insert into T_TERMINALINFO (TERMINAL_ID,TTYPE_ID,SIM_ID,TERMINAL_CODE,ORG_CODE,IS_VIDEO_TERMINAL,SP_SERVER_NAME,PROTOCOL_TYPE,CHANNELS,YT_PROTOCOL_TYPE) values(220134, 4, 22134, '1002133', 'B0000802',1,'1076测试服务器','4',8,'0');
insert into V_VEHICLEINFO (ORG_CODE,VEHICLE_ID,ID_NUMBER,TYPE_ID,TERMINAL_ID,DELETE_FLAG,COLOR_ID_NUMBER_ID,AUTHORIZED_PAY_MASS) values ('B0000802','2200134', '测B02133', 4, 220134, 0, '2',15);

insert into T_SIMINFO (SIM_ID, ORG_CODE, DEPTCODE, STATE,PAY_MODLE, SIM_NUM) values(22135, 'B0000802', '中国移动', 1, '预付费', 13100002134);
insert into T_TERMINALINFO (TERMINAL_ID,TTYPE_ID,SIM_ID,TERMINAL_CODE,ORG_CODE,IS_VIDEO_TERMINAL,SP_SERVER_NAME,PROTOCOL_TYPE,CHANNELS,YT_PROTOCOL_TYPE) values(220135, 4, 22135, '1002134', 'B0000802',1,'1076测试服务器','4',8,'0');
insert into V_VEHICLEINFO (ORG_CODE,VEHICLE_ID,ID_NUMBER,TYPE_ID,TERMINAL_ID,DELETE_FLAG,COLOR_ID_NUMBER_ID,AUTHORIZED_PAY_MASS) values ('B0000802','2200135', '测B02134', 4, 220135, 0, '2',15);

insert into T_SIMINFO (SIM_ID, ORG_CODE, DEPTCODE, STATE,PAY_MODLE, SIM_NUM) values(22136, 'B0000802', '中国移动', 1, '预付费', 13100002135);
insert into T_TERMINALINFO (TERMINAL_ID,TTYPE_ID,SIM_ID,TERMINAL_CODE,ORG_CODE,IS_VIDEO_TERMINAL,SP_SERVER_NAME,PROTOCOL_TYPE,CHANNELS,YT_PROTOCOL_TYPE) values(220136, 4, 22136, '1002135', 'B0000802',1,'1076测试服务器','4',8,'0');
insert into V_VEHICLEINFO (ORG_CODE,VEHICLE_ID,ID_NUMBER,TYPE_ID,TERMINAL_ID,DELETE_FLAG,COLOR_ID_NUMBER_ID,AUTHORIZED_PAY_MASS) values ('B0000802','2200136', '测B02135', 4, 220136, 0, '2',15);

insert into T_SIMINFO (SIM_ID, ORG_CODE, DEPTCODE, STATE,PAY_MODLE, SIM_NUM) values(22137, 'B0000802', '中国移动', 1, '预付费', 13100002136);
insert into T_TERMINALINFO (TERMINAL_ID,TTYPE_ID,SIM_ID,TERMINAL_CODE,ORG_CODE,IS_VIDEO_TERMINAL,SP_SERVER_NAME,PROTOCOL_TYPE,CHANNELS,YT_PROTOCOL_TYPE) values(220137, 4, 22137, '1002136', 'B0000802',1,'1076测试服务器','4',8,'0');
insert into V_VEHICLEINFO (ORG_CODE,VEHICLE_ID,ID_NUMBER,TYPE_ID,TERMINAL_ID,DELETE_FLAG,COLOR_ID_NUMBER_ID,AUTHORIZED_PAY_MASS) values ('B0000802','2200137', '测B02136', 4, 220137, 0, '2',15);

insert into T_SIMINFO (SIM_ID, ORG_CODE, DEPTCODE, STATE,PAY_MODLE, SIM_NUM) values(22138, 'B0000802', '中国移动', 1, '预付费', 13100002137);
insert into T_TERMINALINFO (TERMINAL_ID,TTYPE_ID,SIM_ID,TERMINAL_CODE,ORG_CODE,IS_VIDEO_TERMINAL,SP_SERVER_NAME,PROTOCOL_TYPE,CHANNELS,YT_PROTOCOL_TYPE) values(220138, 4, 22138, '1002137', 'B0000802',1,'1076测试服务器','4',8,'0');
insert into V_VEHICLEINFO (ORG_CODE,VEHICLE_ID,ID_NUMBER,TYPE_ID,TERMINAL_ID,DELETE_FLAG,COLOR_ID_NUMBER_ID,AUTHORIZED_PAY_MASS) values ('B0000802','2200138', '测B02137', 4, 220138, 0, '2',15);

insert into T_SIMINFO (SIM_ID, ORG_CODE, DEPTCODE, STATE,PAY_MODLE, SIM_NUM) values(22139, 'B0000802', '中国移动', 1, '预付费', 13100002138);
insert into T_TERMINALINFO (TERMINAL_ID,TTYPE_ID,SIM_ID,TERMINAL_CODE,ORG_CODE,IS_VIDEO_TERMINAL,SP_SERVER_NAME,PROTOCOL_TYPE,CHANNELS,YT_PROTOCOL_TYPE) values(220139, 4, 22139, '1002138', 'B0000802',1,'1076测试服务器','4',8,'0');
insert into V_VEHICLEINFO (ORG_CODE,VEHICLE_ID,ID_NUMBER,TYPE_ID,TERMINAL_ID,DELETE_FLAG,COLOR_ID_NUMBER_ID,AUTHORIZED_PAY_MASS) values ('B0000802','2200139', '测B02138', 4, 220139, 0, '2',15);

insert into T_SIMINFO (SIM_ID, ORG_CODE, DEPTCODE, STATE,PAY_MODLE, SIM_NUM) values(22140, 'B0000802', '中国移动', 1, '预付费', 13100002139);
insert into T_TERMINALINFO (TERMINAL_ID,TTYPE_ID,SIM_ID,TERMINAL_CODE,ORG_CODE,IS_VIDEO_TERMINAL,SP_SERVER_NAME,PROTOCOL_TYPE,CHANNELS,YT_PROTOCOL_TYPE) values(220140, 4, 22140, '1002139', 'B0000802',1,'1076测试服务器','4',8,'0');
insert into V_VEHICLEINFO (ORG_CODE,VEHICLE_ID,ID_NUMBER,TYPE_ID,TERMINAL_ID,DELETE_FLAG,COLOR_ID_NUMBER_ID,AUTHORIZED_PAY_MASS) values ('B0000802','2200140', '测B02139', 4, 220140, 0, '2',15);

insert into T_SIMINFO (SIM_ID, ORG_CODE, DEPTCODE, STATE,PAY_MODLE, SIM_NUM) values(22141, 'B0000802', '中国移动', 1, '预付费', 13100002140);
insert into T_TERMINALINFO (TERMINAL_ID,TTYPE_ID,SIM_ID,TERMINAL_CODE,ORG_CODE,IS_VIDEO_TERMINAL,SP_SERVER_NAME,PROTOCOL_TYPE,CHANNELS,YT_PROTOCOL_TYPE) values(220141, 4, 22141, '1002140', 'B0000802',1,'1076测试服务器','4',8,'0');
insert into V_VEHICLEINFO (ORG_CODE,VEHICLE_ID,ID_NUMBER,TYPE_ID,TERMINAL_ID,DELETE_FLAG,COLOR_ID_NUMBER_ID,AUTHORIZED_PAY_MASS) values ('B0000802','2200141', '测B02140', 4, 220141, 0, '2',15);

insert into T_SIMINFO (SIM_ID, ORG_CODE, DEPTCODE, STATE,PAY_MODLE, SIM_NUM) values(22142, 'B0000802', '中国移动', 1, '预付费', 13100002141);
insert into T_TERMINALINFO (TERMINAL_ID,TTYPE_ID,SIM_ID,TERMINAL_CODE,ORG_CODE,IS_VIDEO_TERMINAL,SP_SERVER_NAME,PROTOCOL_TYPE,CHANNELS,YT_PROTOCOL_TYPE) values(220142, 4, 22142, '1002141', 'B0000802',1,'1076测试服务器','4',8,'0');
insert into V_VEHICLEINFO (ORG_CODE,VEHICLE_ID,ID_NUMBER,TYPE_ID,TERMINAL_ID,DELETE_FLAG,COLOR_ID_NUMBER_ID,AUTHORIZED_PAY_MASS) values ('B0000802','2200142', '测B02141', 4, 220142, 0, '2',15);

insert into T_SIMINFO (SIM_ID, ORG_CODE, DEPTCODE, STATE,PAY_MODLE, SIM_NUM) values(22143, 'B0000802', '中国移动', 1, '预付费', 13100002142);
insert into T_TERMINALINFO (TERMINAL_ID,TTYPE_ID,SIM_ID,TERMINAL_CODE,ORG_CODE,IS_VIDEO_TERMINAL,SP_SERVER_NAME,PROTOCOL_TYPE,CHANNELS,YT_PROTOCOL_TYPE) values(220143, 4, 22143, '1002142', 'B0000802',1,'1076测试服务器','4',8,'0');
insert into V_VEHICLEINFO (ORG_CODE,VEHICLE_ID,ID_NUMBER,TYPE_ID,TERMINAL_ID,DELETE_FLAG,COLOR_ID_NUMBER_ID,AUTHORIZED_PAY_MASS) values ('B0000802','2200143', '测B02142', 4, 220143, 0, '2',15);

insert into T_SIMINFO (SIM_ID, ORG_CODE, DEPTCODE, STATE,PAY_MODLE, SIM_NUM) values(22144, 'B0000802', '中国移动', 1, '预付费', 13100002143);
insert into T_TERMINALINFO (TERMINAL_ID,TTYPE_ID,SIM_ID,TERMINAL_CODE,ORG_CODE,IS_VIDEO_TERMINAL,SP_SERVER_NAME,PROTOCOL_TYPE,CHANNELS,YT_PROTOCOL_TYPE) values(220144, 4, 22144, '1002143', 'B0000802',1,'1076测试服务器','4',8,'0');
insert into V_VEHICLEINFO (ORG_CODE,VEHICLE_ID,ID_NUMBER,TYPE_ID,TERMINAL_ID,DELETE_FLAG,COLOR_ID_NUMBER_ID,AUTHORIZED_PAY_MASS) values ('B0000802','2200144', '测B02143', 4, 220144, 0, '2',15);

insert into T_SIMINFO (SIM_ID, ORG_CODE, DEPTCODE, STATE,PAY_MODLE, SIM_NUM) values(22145, 'B0000802', '中国移动', 1, '预付费', 13100002144);
insert into T_TERMINALINFO (TERMINAL_ID,TTYPE_ID,SIM_ID,TERMINAL_CODE,ORG_CODE,IS_VIDEO_TERMINAL,SP_SERVER_NAME,PROTOCOL_TYPE,CHANNELS,YT_PROTOCOL_TYPE) values(220145, 4, 22145, '1002144', 'B0000802',1,'1076测试服务器','4',8,'0');
insert into V_VEHICLEINFO (ORG_CODE,VEHICLE_ID,ID_NUMBER,TYPE_ID,TERMINAL_ID,DELETE_FLAG,COLOR_ID_NUMBER_ID,AUTHORIZED_PAY_MASS) values ('B0000802','2200145', '测B02144', 4, 220145, 0, '2',15);

insert into T_SIMINFO (SIM_ID, ORG_CODE, DEPTCODE, STATE,PAY_MODLE, SIM_NUM) values(22146, 'B0000802', '中国移动', 1, '预付费', 13100002145);
insert into T_TERMINALINFO (TERMINAL_ID,TTYPE_ID,SIM_ID,TERMINAL_CODE,ORG_CODE,IS_VIDEO_TERMINAL,SP_SERVER_NAME,PROTOCOL_TYPE,CHANNELS,YT_PROTOCOL_TYPE) values(220146, 4, 22146, '1002145', 'B0000802',1,'1076测试服务器','4',8,'0');
insert into V_VEHICLEINFO (ORG_CODE,VEHICLE_ID,ID_NUMBER,TYPE_ID,TERMINAL_ID,DELETE_FLAG,COLOR_ID_NUMBER_ID,AUTHORIZED_PAY_MASS) values ('B0000802','2200146', '测B02145', 4, 220146, 0, '2',15);

insert into T_SIMINFO (SIM_ID, ORG_CODE, DEPTCODE, STATE,PAY_MODLE, SIM_NUM) values(22147, 'B0000802', '中国移动', 1, '预付费', 13100002146);
insert into T_TERMINALINFO (TERMINAL_ID,TTYPE_ID,SIM_ID,TERMINAL_CODE,ORG_CODE,IS_VIDEO_TERMINAL,SP_SERVER_NAME,PROTOCOL_TYPE,CHANNELS,YT_PROTOCOL_TYPE) values(220147, 4, 22147, '1002146', 'B0000802',1,'1076测试服务器','4',8,'0');
insert into V_VEHICLEINFO (ORG_CODE,VEHICLE_ID,ID_NUMBER,TYPE_ID,TERMINAL_ID,DELETE_FLAG,COLOR_ID_NUMBER_ID,AUTHORIZED_PAY_MASS) values ('B0000802','2200147', '测B02146', 4, 220147, 0, '2',15);

insert into T_SIMINFO (SIM_ID, ORG_CODE, DEPTCODE, STATE,PAY_MODLE, SIM_NUM) values(22148, 'B0000802', '中国移动', 1, '预付费', 13100002147);
insert into T_TERMINALINFO (TERMINAL_ID,TTYPE_ID,SIM_ID,TERMINAL_CODE,ORG_CODE,IS_VIDEO_TERMINAL,SP_SERVER_NAME,PROTOCOL_TYPE,CHANNELS,YT_PROTOCOL_TYPE) values(220148, 4, 22148, '1002147', 'B0000802',1,'1076测试服务器','4',8,'0');
insert into V_VEHICLEINFO (ORG_CODE,VEHICLE_ID,ID_NUMBER,TYPE_ID,TERMINAL_ID,DELETE_FLAG,COLOR_ID_NUMBER_ID,AUTHORIZED_PAY_MASS) values ('B0000802','2200148', '测B02147', 4, 220148, 0, '2',15);

insert into T_SIMINFO (SIM_ID, ORG_CODE, DEPTCODE, STATE,PAY_MODLE, SIM_NUM) values(22149, 'B0000802', '中国移动', 1, '预付费', 13100002148);
insert into T_TERMINALINFO (TERMINAL_ID,TTYPE_ID,SIM_ID,TERMINAL_CODE,ORG_CODE,IS_VIDEO_TERMINAL,SP_SERVER_NAME,PROTOCOL_TYPE,CHANNELS,YT_PROTOCOL_TYPE) values(220149, 4, 22149, '1002148', 'B0000802',1,'1076测试服务器','4',8,'0');
insert into V_VEHICLEINFO (ORG_CODE,VEHICLE_ID,ID_NUMBER,TYPE_ID,TERMINAL_ID,DELETE_FLAG,COLOR_ID_NUMBER_ID,AUTHORIZED_PAY_MASS) values ('B0000802','2200149', '测B02148', 4, 220149, 0, '2',15);

insert into T_SIMINFO (SIM_ID, ORG_CODE, DEPTCODE, STATE,PAY_MODLE, SIM_NUM) values(22150, 'B0000802', '中国移动', 1, '预付费', 13100002149);
insert into T_TERMINALINFO (TERMINAL_ID,TTYPE_ID,SIM_ID,TERMINAL_CODE,ORG_CODE,IS_VIDEO_TERMINAL,SP_SERVER_NAME,PROTOCOL_TYPE,CHANNELS,YT_PROTOCOL_TYPE) values(220150, 4, 22150, '1002149', 'B0000802',1,'1076测试服务器','4',8,'0');
insert into V_VEHICLEINFO (ORG_CODE,VEHICLE_ID,ID_NUMBER,TYPE_ID,TERMINAL_ID,DELETE_FLAG,COLOR_ID_NUMBER_ID,AUTHORIZED_PAY_MASS) values ('B0000802','2200150', '测B02149', 4, 220150, 0, '2',15);

insert into T_SIMINFO (SIM_ID, ORG_CODE, DEPTCODE, STATE,PAY_MODLE, SIM_NUM) values(22151, 'B0000802', '中国移动', 1, '预付费', 13100002150);
insert into T_TERMINALINFO (TERMINAL_ID,TTYPE_ID,SIM_ID,TERMINAL_CODE,ORG_CODE,IS_VIDEO_TERMINAL,SP_SERVER_NAME,PROTOCOL_TYPE,CHANNELS,YT_PROTOCOL_TYPE) values(220151, 4, 22151, '1002150', 'B0000802',1,'1076测试服务器','4',8,'0');
insert into V_VEHICLEINFO (ORG_CODE,VEHICLE_ID,ID_NUMBER,TYPE_ID,TERMINAL_ID,DELETE_FLAG,COLOR_ID_NUMBER_ID,AUTHORIZED_PAY_MASS) values ('B0000802','2200151', '测B02150', 4, 220151, 0, '2',15);

insert into T_SIMINFO (SIM_ID, ORG_CODE, DEPTCODE, STATE,PAY_MODLE, SIM_NUM) values(22152, 'B0000802', '中国移动', 1, '预付费', 13100002151);
insert into T_TERMINALINFO (TERMINAL_ID,TTYPE_ID,SIM_ID,TERMINAL_CODE,ORG_CODE,IS_VIDEO_TERMINAL,SP_SERVER_NAME,PROTOCOL_TYPE,CHANNELS,YT_PROTOCOL_TYPE) values(220152, 4, 22152, '1002151', 'B0000802',1,'1076测试服务器','4',8,'0');
insert into V_VEHICLEINFO (ORG_CODE,VEHICLE_ID,ID_NUMBER,TYPE_ID,TERMINAL_ID,DELETE_FLAG,COLOR_ID_NUMBER_ID,AUTHORIZED_PAY_MASS) values ('B0000802','2200152', '测B02151', 4, 220152, 0, '2',15);

insert into T_SIMINFO (SIM_ID, ORG_CODE, DEPTCODE, STATE,PAY_MODLE, SIM_NUM) values(22153, 'B0000802', '中国移动', 1, '预付费', 13100002152);
insert into T_TERMINALINFO (TERMINAL_ID,TTYPE_ID,SIM_ID,TERMINAL_CODE,ORG_CODE,IS_VIDEO_TERMINAL,SP_SERVER_NAME,PROTOCOL_TYPE,CHANNELS,YT_PROTOCOL_TYPE) values(220153, 4, 22153, '1002152', 'B0000802',1,'1076测试服务器','4',8,'0');
insert into V_VEHICLEINFO (ORG_CODE,VEHICLE_ID,ID_NUMBER,TYPE_ID,TERMINAL_ID,DELETE_FLAG,COLOR_ID_NUMBER_ID,AUTHORIZED_PAY_MASS) values ('B0000802','2200153', '测B02152', 4, 220153, 0, '2',15);

insert into T_SIMINFO (SIM_ID, ORG_CODE, DEPTCODE, STATE,PAY_MODLE, SIM_NUM) values(22154, 'B0000802', '中国移动', 1, '预付费', 13100002153);
insert into T_TERMINALINFO (TERMINAL_ID,TTYPE_ID,SIM_ID,TERMINAL_CODE,ORG_CODE,IS_VIDEO_TERMINAL,SP_SERVER_NAME,PROTOCOL_TYPE,CHANNELS,YT_PROTOCOL_TYPE) values(220154, 4, 22154, '1002153', 'B0000802',1,'1076测试服务器','4',8,'0');
insert into V_VEHICLEINFO (ORG_CODE,VEHICLE_ID,ID_NUMBER,TYPE_ID,TERMINAL_ID,DELETE_FLAG,COLOR_ID_NUMBER_ID,AUTHORIZED_PAY_MASS) values ('B0000802','2200154', '测B02153', 4, 220154, 0, '2',15);

insert into T_SIMINFO (SIM_ID, ORG_CODE, DEPTCODE, STATE,PAY_MODLE, SIM_NUM) values(22155, 'B0000802', '中国移动', 1, '预付费', 13100002154);
insert into T_TERMINALINFO (TERMINAL_ID,TTYPE_ID,SIM_ID,TERMINAL_CODE,ORG_CODE,IS_VIDEO_TERMINAL,SP_SERVER_NAME,PROTOCOL_TYPE,CHANNELS,YT_PROTOCOL_TYPE) values(220155, 4, 22155, '1002154', 'B0000802',1,'1076测试服务器','4',8,'0');
insert into V_VEHICLEINFO (ORG_CODE,VEHICLE_ID,ID_NUMBER,TYPE_ID,TERMINAL_ID,DELETE_FLAG,COLOR_ID_NUMBER_ID,AUTHORIZED_PAY_MASS) values ('B0000802','2200155', '测B02154', 4, 220155, 0, '2',15);

insert into T_SIMINFO (SIM_ID, ORG_CODE, DEPTCODE, STATE,PAY_MODLE, SIM_NUM) values(22156, 'B0000802', '中国移动', 1, '预付费', 13100002155);
insert into T_TERMINALINFO (TERMINAL_ID,TTYPE_ID,SIM_ID,TERMINAL_CODE,ORG_CODE,IS_VIDEO_TERMINAL,SP_SERVER_NAME,PROTOCOL_TYPE,CHANNELS,YT_PROTOCOL_TYPE) values(220156, 4, 22156, '1002155', 'B0000802',1,'1076测试服务器','4',8,'0');
insert into V_VEHICLEINFO (ORG_CODE,VEHICLE_ID,ID_NUMBER,TYPE_ID,TERMINAL_ID,DELETE_FLAG,COLOR_ID_NUMBER_ID,AUTHORIZED_PAY_MASS) values ('B0000802','2200156', '测B02155', 4, 220156, 0, '2',15);

insert into T_SIMINFO (SIM_ID, ORG_CODE, DEPTCODE, STATE,PAY_MODLE, SIM_NUM) values(22157, 'B0000802', '中国移动', 1, '预付费', 13100002156);
insert into T_TERMINALINFO (TERMINAL_ID,TTYPE_ID,SIM_ID,TERMINAL_CODE,ORG_CODE,IS_VIDEO_TERMINAL,SP_SERVER_NAME,PROTOCOL_TYPE,CHANNELS,YT_PROTOCOL_TYPE) values(220157, 4, 22157, '1002156', 'B0000802',1,'1076测试服务器','4',8,'0');
insert into V_VEHICLEINFO (ORG_CODE,VEHICLE_ID,ID_NUMBER,TYPE_ID,TERMINAL_ID,DELETE_FLAG,COLOR_ID_NUMBER_ID,AUTHORIZED_PAY_MASS) values ('B0000802','2200157', '测B02156', 4, 220157, 0, '2',15);

insert into T_SIMINFO (SIM_ID, ORG_CODE, DEPTCODE, STATE,PAY_MODLE, SIM_NUM) values(22158, 'B0000802', '中国移动', 1, '预付费', 13100002157);
insert into T_TERMINALINFO (TERMINAL_ID,TTYPE_ID,SIM_ID,TERMINAL_CODE,ORG_CODE,IS_VIDEO_TERMINAL,SP_SERVER_NAME,PROTOCOL_TYPE,CHANNELS,YT_PROTOCOL_TYPE) values(220158, 4, 22158, '1002157', 'B0000802',1,'1076测试服务器','4',8,'0');
insert into V_VEHICLEINFO (ORG_CODE,VEHICLE_ID,ID_NUMBER,TYPE_ID,TERMINAL_ID,DELETE_FLAG,COLOR_ID_NUMBER_ID,AUTHORIZED_PAY_MASS) values ('B0000802','2200158', '测B02157', 4, 220158, 0, '2',15);

insert into T_SIMINFO (SIM_ID, ORG_CODE, DEPTCODE, STATE,PAY_MODLE, SIM_NUM) values(22159, 'B0000802', '中国移动', 1, '预付费', 13100002158);
insert into T_TERMINALINFO (TERMINAL_ID,TTYPE_ID,SIM_ID,TERMINAL_CODE,ORG_CODE,IS_VIDEO_TERMINAL,SP_SERVER_NAME,PROTOCOL_TYPE,CHANNELS,YT_PROTOCOL_TYPE) values(220159, 4, 22159, '1002158', 'B0000802',1,'1076测试服务器','4',8,'0');
insert into V_VEHICLEINFO (ORG_CODE,VEHICLE_ID,ID_NUMBER,TYPE_ID,TERMINAL_ID,DELETE_FLAG,COLOR_ID_NUMBER_ID,AUTHORIZED_PAY_MASS) values ('B0000802','2200159', '测B02158', 4, 220159, 0, '2',15);

insert into T_SIMINFO (SIM_ID, ORG_CODE, DEPTCODE, STATE,PAY_MODLE, SIM_NUM) values(22160, 'B0000802', '中国移动', 1, '预付费', 13100002159);
insert into T_TERMINALINFO (TERMINAL_ID,TTYPE_ID,SIM_ID,TERMINAL_CODE,ORG_CODE,IS_VIDEO_TERMINAL,SP_SERVER_NAME,PROTOCOL_TYPE,CHANNELS,YT_PROTOCOL_TYPE) values(220160, 4, 22160, '1002159', 'B0000802',1,'1076测试服务器','4',8,'0');
insert into V_VEHICLEINFO (ORG_CODE,VEHICLE_ID,ID_NUMBER,TYPE_ID,TERMINAL_ID,DELETE_FLAG,COLOR_ID_NUMBER_ID,AUTHORIZED_PAY_MASS) values ('B0000802','2200160', '测B02159', 4, 220160, 0, '2',15);

insert into T_SIMINFO (SIM_ID, ORG_CODE, DEPTCODE, STATE,PAY_MODLE, SIM_NUM) values(22161, 'B0000802', '中国移动', 1, '预付费', 13100002160);
insert into T_TERMINALINFO (TERMINAL_ID,TTYPE_ID,SIM_ID,TERMINAL_CODE,ORG_CODE,IS_VIDEO_TERMINAL,SP_SERVER_NAME,PROTOCOL_TYPE,CHANNELS,YT_PROTOCOL_TYPE) values(220161, 4, 22161, '1002160', 'B0000802',1,'1076测试服务器','4',8,'0');
insert into V_VEHICLEINFO (ORG_CODE,VEHICLE_ID,ID_NUMBER,TYPE_ID,TERMINAL_ID,DELETE_FLAG,COLOR_ID_NUMBER_ID,AUTHORIZED_PAY_MASS) values ('B0000802','2200161', '测B02160', 4, 220161, 0, '2',15);

insert into T_SIMINFO (SIM_ID, ORG_CODE, DEPTCODE, STATE,PAY_MODLE, SIM_NUM) values(22162, 'B0000802', '中国移动', 1, '预付费', 13100002161);
insert into T_TERMINALINFO (TERMINAL_ID,TTYPE_ID,SIM_ID,TERMINAL_CODE,ORG_CODE,IS_VIDEO_TERMINAL,SP_SERVER_NAME,PROTOCOL_TYPE,CHANNELS,YT_PROTOCOL_TYPE) values(220162, 4, 22162, '1002161', 'B0000802',1,'1076测试服务器','4',8,'0');
insert into V_VEHICLEINFO (ORG_CODE,VEHICLE_ID,ID_NUMBER,TYPE_ID,TERMINAL_ID,DELETE_FLAG,COLOR_ID_NUMBER_ID,AUTHORIZED_PAY_MASS) values ('B0000802','2200162', '测B02161', 4, 220162, 0, '2',15);

insert into T_SIMINFO (SIM_ID, ORG_CODE, DEPTCODE, STATE,PAY_MODLE, SIM_NUM) values(22163, 'B0000802', '中国移动', 1, '预付费', 13100002162);
insert into T_TERMINALINFO (TERMINAL_ID,TTYPE_ID,SIM_ID,TERMINAL_CODE,ORG_CODE,IS_VIDEO_TERMINAL,SP_SERVER_NAME,PROTOCOL_TYPE,CHANNELS,YT_PROTOCOL_TYPE) values(220163, 4, 22163, '1002162', 'B0000802',1,'1076测试服务器','4',8,'0');
insert into V_VEHICLEINFO (ORG_CODE,VEHICLE_ID,ID_NUMBER,TYPE_ID,TERMINAL_ID,DELETE_FLAG,COLOR_ID_NUMBER_ID,AUTHORIZED_PAY_MASS) values ('B0000802','2200163', '测B02162', 4, 220163, 0, '2',15);

insert into T_SIMINFO (SIM_ID, ORG_CODE, DEPTCODE, STATE,PAY_MODLE, SIM_NUM) values(22164, 'B0000802', '中国移动', 1, '预付费', 13100002163);
insert into T_TERMINALINFO (TERMINAL_ID,TTYPE_ID,SIM_ID,TERMINAL_CODE,ORG_CODE,IS_VIDEO_TERMINAL,SP_SERVER_NAME,PROTOCOL_TYPE,CHANNELS,YT_PROTOCOL_TYPE) values(220164, 4, 22164, '1002163', 'B0000802',1,'1076测试服务器','4',8,'0');
insert into V_VEHICLEINFO (ORG_CODE,VEHICLE_ID,ID_NUMBER,TYPE_ID,TERMINAL_ID,DELETE_FLAG,COLOR_ID_NUMBER_ID,AUTHORIZED_PAY_MASS) values ('B0000802','2200164', '测B02163', 4, 220164, 0, '2',15);

insert into T_SIMINFO (SIM_ID, ORG_CODE, DEPTCODE, STATE,PAY_MODLE, SIM_NUM) values(22165, 'B0000802', '中国移动', 1, '预付费', 13100002164);
insert into T_TERMINALINFO (TERMINAL_ID,TTYPE_ID,SIM_ID,TERMINAL_CODE,ORG_CODE,IS_VIDEO_TERMINAL,SP_SERVER_NAME,PROTOCOL_TYPE,CHANNELS,YT_PROTOCOL_TYPE) values(220165, 4, 22165, '1002164', 'B0000802',1,'1076测试服务器','4',8,'0');
insert into V_VEHICLEINFO (ORG_CODE,VEHICLE_ID,ID_NUMBER,TYPE_ID,TERMINAL_ID,DELETE_FLAG,COLOR_ID_NUMBER_ID,AUTHORIZED_PAY_MASS) values ('B0000802','2200165', '测B02164', 4, 220165, 0, '2',15);

insert into T_SIMINFO (SIM_ID, ORG_CODE, DEPTCODE, STATE,PAY_MODLE, SIM_NUM) values(22166, 'B0000802', '中国移动', 1, '预付费', 13100002165);
insert into T_TERMINALINFO (TERMINAL_ID,TTYPE_ID,SIM_ID,TERMINAL_CODE,ORG_CODE,IS_VIDEO_TERMINAL,SP_SERVER_NAME,PROTOCOL_TYPE,CHANNELS,YT_PROTOCOL_TYPE) values(220166, 4, 22166, '1002165', 'B0000802',1,'1076测试服务器','4',8,'0');
insert into V_VEHICLEINFO (ORG_CODE,VEHICLE_ID,ID_NUMBER,TYPE_ID,TERMINAL_ID,DELETE_FLAG,COLOR_ID_NUMBER_ID,AUTHORIZED_PAY_MASS) values ('B0000802','2200166', '测B02165', 4, 220166, 0, '2',15);

insert into T_SIMINFO (SIM_ID, ORG_CODE, DEPTCODE, STATE,PAY_MODLE, SIM_NUM) values(22167, 'B0000802', '中国移动', 1, '预付费', 13100002166);
insert into T_TERMINALINFO (TERMINAL_ID,TTYPE_ID,SIM_ID,TERMINAL_CODE,ORG_CODE,IS_VIDEO_TERMINAL,SP_SERVER_NAME,PROTOCOL_TYPE,CHANNELS,YT_PROTOCOL_TYPE) values(220167, 4, 22167, '1002166', 'B0000802',1,'1076测试服务器','4',8,'0');
insert into V_VEHICLEINFO (ORG_CODE,VEHICLE_ID,ID_NUMBER,TYPE_ID,TERMINAL_ID,DELETE_FLAG,COLOR_ID_NUMBER_ID,AUTHORIZED_PAY_MASS) values ('B0000802','2200167', '测B02166', 4, 220167, 0, '2',15);

insert into T_SIMINFO (SIM_ID, ORG_CODE, DEPTCODE, STATE,PAY_MODLE, SIM_NUM) values(22168, 'B0000802', '中国移动', 1, '预付费', 13100002167);
insert into T_TERMINALINFO (TERMINAL_ID,TTYPE_ID,SIM_ID,TERMINAL_CODE,ORG_CODE,IS_VIDEO_TERMINAL,SP_SERVER_NAME,PROTOCOL_TYPE,CHANNELS,YT_PROTOCOL_TYPE) values(220168, 4, 22168, '1002167', 'B0000802',1,'1076测试服务器','4',8,'0');
insert into V_VEHICLEINFO (ORG_CODE,VEHICLE_ID,ID_NUMBER,TYPE_ID,TERMINAL_ID,DELETE_FLAG,COLOR_ID_NUMBER_ID,AUTHORIZED_PAY_MASS) values ('B0000802','2200168', '测B02167', 4, 220168, 0, '2',15);

insert into T_SIMINFO (SIM_ID, ORG_CODE, DEPTCODE, STATE,PAY_MODLE, SIM_NUM) values(22169, 'B0000802', '中国移动', 1, '预付费', 13100002168);
insert into T_TERMINALINFO (TERMINAL_ID,TTYPE_ID,SIM_ID,TERMINAL_CODE,ORG_CODE,IS_VIDEO_TERMINAL,SP_SERVER_NAME,PROTOCOL_TYPE,CHANNELS,YT_PROTOCOL_TYPE) values(220169, 4, 22169, '1002168', 'B0000802',1,'1076测试服务器','4',8,'0');
insert into V_VEHICLEINFO (ORG_CODE,VEHICLE_ID,ID_NUMBER,TYPE_ID,TERMINAL_ID,DELETE_FLAG,COLOR_ID_NUMBER_ID,AUTHORIZED_PAY_MASS) values ('B0000802','2200169', '测B02168', 4, 220169, 0, '2',15);

insert into T_SIMINFO (SIM_ID, ORG_CODE, DEPTCODE, STATE,PAY_MODLE, SIM_NUM) values(22170, 'B0000802', '中国移动', 1, '预付费', 13100002169);
insert into T_TERMINALINFO (TERMINAL_ID,TTYPE_ID,SIM_ID,TERMINAL_CODE,ORG_CODE,IS_VIDEO_TERMINAL,SP_SERVER_NAME,PROTOCOL_TYPE,CHANNELS,YT_PROTOCOL_TYPE) values(220170, 4, 22170, '1002169', 'B0000802',1,'1076测试服务器','4',8,'0');
insert into V_VEHICLEINFO (ORG_CODE,VEHICLE_ID,ID_NUMBER,TYPE_ID,TERMINAL_ID,DELETE_FLAG,COLOR_ID_NUMBER_ID,AUTHORIZED_PAY_MASS) values ('B0000802','2200170', '测B02169', 4, 220170, 0, '2',15);

insert into T_SIMINFO (SIM_ID, ORG_CODE, DEPTCODE, STATE,PAY_MODLE, SIM_NUM) values(22171, 'B0000802', '中国移动', 1, '预付费', 13100002170);
insert into T_TERMINALINFO (TERMINAL_ID,TTYPE_ID,SIM_ID,TERMINAL_CODE,ORG_CODE,IS_VIDEO_TERMINAL,SP_SERVER_NAME,PROTOCOL_TYPE,CHANNELS,YT_PROTOCOL_TYPE) values(220171, 4, 22171, '1002170', 'B0000802',1,'1076测试服务器','4',8,'0');
insert into V_VEHICLEINFO (ORG_CODE,VEHICLE_ID,ID_NUMBER,TYPE_ID,TERMINAL_ID,DELETE_FLAG,COLOR_ID_NUMBER_ID,AUTHORIZED_PAY_MASS) values ('B0000802','2200171', '测B02170', 4, 220171, 0, '2',15);

insert into T_SIMINFO (SIM_ID, ORG_CODE, DEPTCODE, STATE,PAY_MODLE, SIM_NUM) values(22172, 'B0000802', '中国移动', 1, '预付费', 13100002171);
insert into T_TERMINALINFO (TERMINAL_ID,TTYPE_ID,SIM_ID,TERMINAL_CODE,ORG_CODE,IS_VIDEO_TERMINAL,SP_SERVER_NAME,PROTOCOL_TYPE,CHANNELS,YT_PROTOCOL_TYPE) values(220172, 4, 22172, '1002171', 'B0000802',1,'1076测试服务器','4',8,'0');
insert into V_VEHICLEINFO (ORG_CODE,VEHICLE_ID,ID_NUMBER,TYPE_ID,TERMINAL_ID,DELETE_FLAG,COLOR_ID_NUMBER_ID,AUTHORIZED_PAY_MASS) values ('B0000802','2200172', '测B02171', 4, 220172, 0, '2',15);

insert into T_SIMINFO (SIM_ID, ORG_CODE, DEPTCODE, STATE,PAY_MODLE, SIM_NUM) values(22173, 'B0000802', '中国移动', 1, '预付费', 13100002172);
insert into T_TERMINALINFO (TERMINAL_ID,TTYPE_ID,SIM_ID,TERMINAL_CODE,ORG_CODE,IS_VIDEO_TERMINAL,SP_SERVER_NAME,PROTOCOL_TYPE,CHANNELS,YT_PROTOCOL_TYPE) values(220173, 4, 22173, '1002172', 'B0000802',1,'1076测试服务器','4',8,'0');
insert into V_VEHICLEINFO (ORG_CODE,VEHICLE_ID,ID_NUMBER,TYPE_ID,TERMINAL_ID,DELETE_FLAG,COLOR_ID_NUMBER_ID,AUTHORIZED_PAY_MASS) values ('B0000802','2200173', '测B02172', 4, 220173, 0, '2',15);

insert into T_SIMINFO (SIM_ID, ORG_CODE, DEPTCODE, STATE,PAY_MODLE, SIM_NUM) values(22174, 'B0000802', '中国移动', 1, '预付费', 13100002173);
insert into T_TERMINALINFO (TERMINAL_ID,TTYPE_ID,SIM_ID,TERMINAL_CODE,ORG_CODE,IS_VIDEO_TERMINAL,SP_SERVER_NAME,PROTOCOL_TYPE,CHANNELS,YT_PROTOCOL_TYPE) values(220174, 4, 22174, '1002173', 'B0000802',1,'1076测试服务器','4',8,'0');
insert into V_VEHICLEINFO (ORG_CODE,VEHICLE_ID,ID_NUMBER,TYPE_ID,TERMINAL_ID,DELETE_FLAG,COLOR_ID_NUMBER_ID,AUTHORIZED_PAY_MASS) values ('B0000802','2200174', '测B02173', 4, 220174, 0, '2',15);

insert into T_SIMINFO (SIM_ID, ORG_CODE, DEPTCODE, STATE,PAY_MODLE, SIM_NUM) values(22175, 'B0000802', '中国移动', 1, '预付费', 13100002174);
insert into T_TERMINALINFO (TERMINAL_ID,TTYPE_ID,SIM_ID,TERMINAL_CODE,ORG_CODE,IS_VIDEO_TERMINAL,SP_SERVER_NAME,PROTOCOL_TYPE,CHANNELS,YT_PROTOCOL_TYPE) values(220175, 4, 22175, '1002174', 'B0000802',1,'1076测试服务器','4',8,'0');
insert into V_VEHICLEINFO (ORG_CODE,VEHICLE_ID,ID_NUMBER,TYPE_ID,TERMINAL_ID,DELETE_FLAG,COLOR_ID_NUMBER_ID,AUTHORIZED_PAY_MASS) values ('B0000802','2200175', '测B02174', 4, 220175, 0, '2',15);

insert into T_SIMINFO (SIM_ID, ORG_CODE, DEPTCODE, STATE,PAY_MODLE, SIM_NUM) values(22176, 'B0000802', '中国移动', 1, '预付费', 13100002175);
insert into T_TERMINALINFO (TERMINAL_ID,TTYPE_ID,SIM_ID,TERMINAL_CODE,ORG_CODE,IS_VIDEO_TERMINAL,SP_SERVER_NAME,PROTOCOL_TYPE,CHANNELS,YT_PROTOCOL_TYPE) values(220176, 4, 22176, '1002175', 'B0000802',1,'1076测试服务器','4',8,'0');
insert into V_VEHICLEINFO (ORG_CODE,VEHICLE_ID,ID_NUMBER,TYPE_ID,TERMINAL_ID,DELETE_FLAG,COLOR_ID_NUMBER_ID,AUTHORIZED_PAY_MASS) values ('B0000802','2200176', '测B02175', 4, 220176, 0, '2',15);

insert into T_SIMINFO (SIM_ID, ORG_CODE, DEPTCODE, STATE,PAY_MODLE, SIM_NUM) values(22177, 'B0000802', '中国移动', 1, '预付费', 13100002176);
insert into T_TERMINALINFO (TERMINAL_ID,TTYPE_ID,SIM_ID,TERMINAL_CODE,ORG_CODE,IS_VIDEO_TERMINAL,SP_SERVER_NAME,PROTOCOL_TYPE,CHANNELS,YT_PROTOCOL_TYPE) values(220177, 4, 22177, '1002176', 'B0000802',1,'1076测试服务器','4',8,'0');
insert into V_VEHICLEINFO (ORG_CODE,VEHICLE_ID,ID_NUMBER,TYPE_ID,TERMINAL_ID,DELETE_FLAG,COLOR_ID_NUMBER_ID,AUTHORIZED_PAY_MASS) values ('B0000802','2200177', '测B02176', 4, 220177, 0, '2',15);

insert into T_SIMINFO (SIM_ID, ORG_CODE, DEPTCODE, STATE,PAY_MODLE, SIM_NUM) values(22178, 'B0000802', '中国移动', 1, '预付费', 13100002177);
insert into T_TERMINALINFO (TERMINAL_ID,TTYPE_ID,SIM_ID,TERMINAL_CODE,ORG_CODE,IS_VIDEO_TERMINAL,SP_SERVER_NAME,PROTOCOL_TYPE,CHANNELS,YT_PROTOCOL_TYPE) values(220178, 4, 22178, '1002177', 'B0000802',1,'1076测试服务器','4',8,'0');
insert into V_VEHICLEINFO (ORG_CODE,VEHICLE_ID,ID_NUMBER,TYPE_ID,TERMINAL_ID,DELETE_FLAG,COLOR_ID_NUMBER_ID,AUTHORIZED_PAY_MASS) values ('B0000802','2200178', '测B02177', 4, 220178, 0, '2',15);

insert into T_SIMINFO (SIM_ID, ORG_CODE, DEPTCODE, STATE,PAY_MODLE, SIM_NUM) values(22179, 'B0000802', '中国移动', 1, '预付费', 13100002178);
insert into T_TERMINALINFO (TERMINAL_ID,TTYPE_ID,SIM_ID,TERMINAL_CODE,ORG_CODE,IS_VIDEO_TERMINAL,SP_SERVER_NAME,PROTOCOL_TYPE,CHANNELS,YT_PROTOCOL_TYPE) values(220179, 4, 22179, '1002178', 'B0000802',1,'1076测试服务器','4',8,'0');
insert into V_VEHICLEINFO (ORG_CODE,VEHICLE_ID,ID_NUMBER,TYPE_ID,TERMINAL_ID,DELETE_FLAG,COLOR_ID_NUMBER_ID,AUTHORIZED_PAY_MASS) values ('B0000802','2200179', '测B02178', 4, 220179, 0, '2',15);

insert into T_SIMINFO (SIM_ID, ORG_CODE, DEPTCODE, STATE,PAY_MODLE, SIM_NUM) values(22180, 'B0000802', '中国移动', 1, '预付费', 13100002179);
insert into T_TERMINALINFO (TERMINAL_ID,TTYPE_ID,SIM_ID,TERMINAL_CODE,ORG_CODE,IS_VIDEO_TERMINAL,SP_SERVER_NAME,PROTOCOL_TYPE,CHANNELS,YT_PROTOCOL_TYPE) values(220180, 4, 22180, '1002179', 'B0000802',1,'1076测试服务器','4',8,'0');
insert into V_VEHICLEINFO (ORG_CODE,VEHICLE_ID,ID_NUMBER,TYPE_ID,TERMINAL_ID,DELETE_FLAG,COLOR_ID_NUMBER_ID,AUTHORIZED_PAY_MASS) values ('B0000802','2200180', '测B02179', 4, 220180, 0, '2',15);

insert into T_SIMINFO (SIM_ID, ORG_CODE, DEPTCODE, STATE,PAY_MODLE, SIM_NUM) values(22181, 'B0000802', '中国移动', 1, '预付费', 13100002180);
insert into T_TERMINALINFO (TERMINAL_ID,TTYPE_ID,SIM_ID,TERMINAL_CODE,ORG_CODE,IS_VIDEO_TERMINAL,SP_SERVER_NAME,PROTOCOL_TYPE,CHANNELS,YT_PROTOCOL_TYPE) values(220181, 4, 22181, '1002180', 'B0000802',1,'1076测试服务器','4',8,'0');
insert into V_VEHICLEINFO (ORG_CODE,VEHICLE_ID,ID_NUMBER,TYPE_ID,TERMINAL_ID,DELETE_FLAG,COLOR_ID_NUMBER_ID,AUTHORIZED_PAY_MASS) values ('B0000802','2200181', '测B02180', 4, 220181, 0, '2',15);

insert into T_SIMINFO (SIM_ID, ORG_CODE, DEPTCODE, STATE,PAY_MODLE, SIM_NUM) values(22182, 'B0000802', '中国移动', 1, '预付费', 13100002181);
insert into T_TERMINALINFO (TERMINAL_ID,TTYPE_ID,SIM_ID,TERMINAL_CODE,ORG_CODE,IS_VIDEO_TERMINAL,SP_SERVER_NAME,PROTOCOL_TYPE,CHANNELS,YT_PROTOCOL_TYPE) values(220182, 4, 22182, '1002181', 'B0000802',1,'1076测试服务器','4',8,'0');
insert into V_VEHICLEINFO (ORG_CODE,VEHICLE_ID,ID_NUMBER,TYPE_ID,TERMINAL_ID,DELETE_FLAG,COLOR_ID_NUMBER_ID,AUTHORIZED_PAY_MASS) values ('B0000802','2200182', '测B02181', 4, 220182, 0, '2',15);

insert into T_SIMINFO (SIM_ID, ORG_CODE, DEPTCODE, STATE,PAY_MODLE, SIM_NUM) values(22183, 'B0000802', '中国移动', 1, '预付费', 13100002182);
insert into T_TERMINALINFO (TERMINAL_ID,TTYPE_ID,SIM_ID,TERMINAL_CODE,ORG_CODE,IS_VIDEO_TERMINAL,SP_SERVER_NAME,PROTOCOL_TYPE,CHANNELS,YT_PROTOCOL_TYPE) values(220183, 4, 22183, '1002182', 'B0000802',1,'1076测试服务器','4',8,'0');
insert into V_VEHICLEINFO (ORG_CODE,VEHICLE_ID,ID_NUMBER,TYPE_ID,TERMINAL_ID,DELETE_FLAG,COLOR_ID_NUMBER_ID,AUTHORIZED_PAY_MASS) values ('B0000802','2200183', '测B02182', 4, 220183, 0, '2',15);

insert into T_SIMINFO (SIM_ID, ORG_CODE, DEPTCODE, STATE,PAY_MODLE, SIM_NUM) values(22184, 'B0000802', '中国移动', 1, '预付费', 13100002183);
insert into T_TERMINALINFO (TERMINAL_ID,TTYPE_ID,SIM_ID,TERMINAL_CODE,ORG_CODE,IS_VIDEO_TERMINAL,SP_SERVER_NAME,PROTOCOL_TYPE,CHANNELS,YT_PROTOCOL_TYPE) values(220184, 4, 22184, '1002183', 'B0000802',1,'1076测试服务器','4',8,'0');
insert into V_VEHICLEINFO (ORG_CODE,VEHICLE_ID,ID_NUMBER,TYPE_ID,TERMINAL_ID,DELETE_FLAG,COLOR_ID_NUMBER_ID,AUTHORIZED_PAY_MASS) values ('B0000802','2200184', '测B02183', 4, 220184, 0, '2',15);

insert into T_SIMINFO (SIM_ID, ORG_CODE, DEPTCODE, STATE,PAY_MODLE, SIM_NUM) values(22185, 'B0000802', '中国移动', 1, '预付费', 13100002184);
insert into T_TERMINALINFO (TERMINAL_ID,TTYPE_ID,SIM_ID,TERMINAL_CODE,ORG_CODE,IS_VIDEO_TERMINAL,SP_SERVER_NAME,PROTOCOL_TYPE,CHANNELS,YT_PROTOCOL_TYPE) values(220185, 4, 22185, '1002184', 'B0000802',1,'1076测试服务器','4',8,'0');
insert into V_VEHICLEINFO (ORG_CODE,VEHICLE_ID,ID_NUMBER,TYPE_ID,TERMINAL_ID,DELETE_FLAG,COLOR_ID_NUMBER_ID,AUTHORIZED_PAY_MASS) values ('B0000802','2200185', '测B02184', 4, 220185, 0, '2',15);

insert into T_SIMINFO (SIM_ID, ORG_CODE, DEPTCODE, STATE,PAY_MODLE, SIM_NUM) values(22186, 'B0000802', '中国移动', 1, '预付费', 13100002185);
insert into T_TERMINALINFO (TERMINAL_ID,TTYPE_ID,SIM_ID,TERMINAL_CODE,ORG_CODE,IS_VIDEO_TERMINAL,SP_SERVER_NAME,PROTOCOL_TYPE,CHANNELS,YT_PROTOCOL_TYPE) values(220186, 4, 22186, '1002185', 'B0000802',1,'1076测试服务器','4',8,'0');
insert into V_VEHICLEINFO (ORG_CODE,VEHICLE_ID,ID_NUMBER,TYPE_ID,TERMINAL_ID,DELETE_FLAG,COLOR_ID_NUMBER_ID,AUTHORIZED_PAY_MASS) values ('B0000802','2200186', '测B02185', 4, 220186, 0, '2',15);

insert into T_SIMINFO (SIM_ID, ORG_CODE, DEPTCODE, STATE,PAY_MODLE, SIM_NUM) values(22187, 'B0000802', '中国移动', 1, '预付费', 13100002186);
insert into T_TERMINALINFO (TERMINAL_ID,TTYPE_ID,SIM_ID,TERMINAL_CODE,ORG_CODE,IS_VIDEO_TERMINAL,SP_SERVER_NAME,PROTOCOL_TYPE,CHANNELS,YT_PROTOCOL_TYPE) values(220187, 4, 22187, '1002186', 'B0000802',1,'1076测试服务器','4',8,'0');
insert into V_VEHICLEINFO (ORG_CODE,VEHICLE_ID,ID_NUMBER,TYPE_ID,TERMINAL_ID,DELETE_FLAG,COLOR_ID_NUMBER_ID,AUTHORIZED_PAY_MASS) values ('B0000802','2200187', '测B02186', 4, 220187, 0, '2',15);

insert into T_SIMINFO (SIM_ID, ORG_CODE, DEPTCODE, STATE,PAY_MODLE, SIM_NUM) values(22188, 'B0000802', '中国移动', 1, '预付费', 13100002187);
insert into T_TERMINALINFO (TERMINAL_ID,TTYPE_ID,SIM_ID,TERMINAL_CODE,ORG_CODE,IS_VIDEO_TERMINAL,SP_SERVER_NAME,PROTOCOL_TYPE,CHANNELS,YT_PROTOCOL_TYPE) values(220188, 4, 22188, '1002187', 'B0000802',1,'1076测试服务器','4',8,'0');
insert into V_VEHICLEINFO (ORG_CODE,VEHICLE_ID,ID_NUMBER,TYPE_ID,TERMINAL_ID,DELETE_FLAG,COLOR_ID_NUMBER_ID,AUTHORIZED_PAY_MASS) values ('B0000802','2200188', '测B02187', 4, 220188, 0, '2',15);

insert into T_SIMINFO (SIM_ID, ORG_CODE, DEPTCODE, STATE,PAY_MODLE, SIM_NUM) values(22189, 'B0000802', '中国移动', 1, '预付费', 13100002188);
insert into T_TERMINALINFO (TERMINAL_ID,TTYPE_ID,SIM_ID,TERMINAL_CODE,ORG_CODE,IS_VIDEO_TERMINAL,SP_SERVER_NAME,PROTOCOL_TYPE,CHANNELS,YT_PROTOCOL_TYPE) values(220189, 4, 22189, '1002188', 'B0000802',1,'1076测试服务器','4',8,'0');
insert into V_VEHICLEINFO (ORG_CODE,VEHICLE_ID,ID_NUMBER,TYPE_ID,TERMINAL_ID,DELETE_FLAG,COLOR_ID_NUMBER_ID,AUTHORIZED_PAY_MASS) values ('B0000802','2200189', '测B02188', 4, 220189, 0, '2',15);

insert into T_SIMINFO (SIM_ID, ORG_CODE, DEPTCODE, STATE,PAY_MODLE, SIM_NUM) values(22190, 'B0000802', '中国移动', 1, '预付费', 13100002189);
insert into T_TERMINALINFO (TERMINAL_ID,TTYPE_ID,SIM_ID,TERMINAL_CODE,ORG_CODE,IS_VIDEO_TERMINAL,SP_SERVER_NAME,PROTOCOL_TYPE,CHANNELS,YT_PROTOCOL_TYPE) values(220190, 4, 22190, '1002189', 'B0000802',1,'1076测试服务器','4',8,'0');
insert into V_VEHICLEINFO (ORG_CODE,VEHICLE_ID,ID_NUMBER,TYPE_ID,TERMINAL_ID,DELETE_FLAG,COLOR_ID_NUMBER_ID,AUTHORIZED_PAY_MASS) values ('B0000802','2200190', '测B02189', 4, 220190, 0, '2',15);

insert into T_SIMINFO (SIM_ID, ORG_CODE, DEPTCODE, STATE,PAY_MODLE, SIM_NUM) values(22191, 'B0000802', '中国移动', 1, '预付费', 13100002190);
insert into T_TERMINALINFO (TERMINAL_ID,TTYPE_ID,SIM_ID,TERMINAL_CODE,ORG_CODE,IS_VIDEO_TERMINAL,SP_SERVER_NAME,PROTOCOL_TYPE,CHANNELS,YT_PROTOCOL_TYPE) values(220191, 4, 22191, '1002190', 'B0000802',1,'1076测试服务器','4',8,'0');
insert into V_VEHICLEINFO (ORG_CODE,VEHICLE_ID,ID_NUMBER,TYPE_ID,TERMINAL_ID,DELETE_FLAG,COLOR_ID_NUMBER_ID,AUTHORIZED_PAY_MASS) values ('B0000802','2200191', '测B02190', 4, 220191, 0, '2',15);

insert into T_SIMINFO (SIM_ID, ORG_CODE, DEPTCODE, STATE,PAY_MODLE, SIM_NUM) values(22192, 'B0000802', '中国移动', 1, '预付费', 13100002191);
insert into T_TERMINALINFO (TERMINAL_ID,TTYPE_ID,SIM_ID,TERMINAL_CODE,ORG_CODE,IS_VIDEO_TERMINAL,SP_SERVER_NAME,PROTOCOL_TYPE,CHANNELS,YT_PROTOCOL_TYPE) values(220192, 4, 22192, '1002191', 'B0000802',1,'1076测试服务器','4',8,'0');
insert into V_VEHICLEINFO (ORG_CODE,VEHICLE_ID,ID_NUMBER,TYPE_ID,TERMINAL_ID,DELETE_FLAG,COLOR_ID_NUMBER_ID,AUTHORIZED_PAY_MASS) values ('B0000802','2200192', '测B02191', 4, 220192, 0, '2',15);

insert into T_SIMINFO (SIM_ID, ORG_CODE, DEPTCODE, STATE,PAY_MODLE, SIM_NUM) values(22193, 'B0000802', '中国移动', 1, '预付费', 13100002192);
insert into T_TERMINALINFO (TERMINAL_ID,TTYPE_ID,SIM_ID,TERMINAL_CODE,ORG_CODE,IS_VIDEO_TERMINAL,SP_SERVER_NAME,PROTOCOL_TYPE,CHANNELS,YT_PROTOCOL_TYPE) values(220193, 4, 22193, '1002192', 'B0000802',1,'1076测试服务器','4',8,'0');
insert into V_VEHICLEINFO (ORG_CODE,VEHICLE_ID,ID_NUMBER,TYPE_ID,TERMINAL_ID,DELETE_FLAG,COLOR_ID_NUMBER_ID,AUTHORIZED_PAY_MASS) values ('B0000802','2200193', '测B02192', 4, 220193, 0, '2',15);

insert into T_SIMINFO (SIM_ID, ORG_CODE, DEPTCODE, STATE,PAY_MODLE, SIM_NUM) values(22194, 'B0000802', '中国移动', 1, '预付费', 13100002193);
insert into T_TERMINALINFO (TERMINAL_ID,TTYPE_ID,SIM_ID,TERMINAL_CODE,ORG_CODE,IS_VIDEO_TERMINAL,SP_SERVER_NAME,PROTOCOL_TYPE,CHANNELS,YT_PROTOCOL_TYPE) values(220194, 4, 22194, '1002193', 'B0000802',1,'1076测试服务器','4',8,'0');
insert into V_VEHICLEINFO (ORG_CODE,VEHICLE_ID,ID_NUMBER,TYPE_ID,TERMINAL_ID,DELETE_FLAG,COLOR_ID_NUMBER_ID,AUTHORIZED_PAY_MASS) values ('B0000802','2200194', '测B02193', 4, 220194, 0, '2',15);

insert into T_SIMINFO (SIM_ID, ORG_CODE, DEPTCODE, STATE,PAY_MODLE, SIM_NUM) values(22195, 'B0000802', '中国移动', 1, '预付费', 13100002194);
insert into T_TERMINALINFO (TERMINAL_ID,TTYPE_ID,SIM_ID,TERMINAL_CODE,ORG_CODE,IS_VIDEO_TERMINAL,SP_SERVER_NAME,PROTOCOL_TYPE,CHANNELS,YT_PROTOCOL_TYPE) values(220195, 4, 22195, '1002194', 'B0000802',1,'1076测试服务器','4',8,'0');
insert into V_VEHICLEINFO (ORG_CODE,VEHICLE_ID,ID_NUMBER,TYPE_ID,TERMINAL_ID,DELETE_FLAG,COLOR_ID_NUMBER_ID,AUTHORIZED_PAY_MASS) values ('B0000802','2200195', '测B02194', 4, 220195, 0, '2',15);

insert into T_SIMINFO (SIM_ID, ORG_CODE, DEPTCODE, STATE,PAY_MODLE, SIM_NUM) values(22196, 'B0000802', '中国移动', 1, '预付费', 13100002195);
insert into T_TERMINALINFO (TERMINAL_ID,TTYPE_ID,SIM_ID,TERMINAL_CODE,ORG_CODE,IS_VIDEO_TERMINAL,SP_SERVER_NAME,PROTOCOL_TYPE,CHANNELS,YT_PROTOCOL_TYPE) values(220196, 4, 22196, '1002195', 'B0000802',1,'1076测试服务器','4',8,'0');
insert into V_VEHICLEINFO (ORG_CODE,VEHICLE_ID,ID_NUMBER,TYPE_ID,TERMINAL_ID,DELETE_FLAG,COLOR_ID_NUMBER_ID,AUTHORIZED_PAY_MASS) values ('B0000802','2200196', '测B02195', 4, 220196, 0, '2',15);

insert into T_SIMINFO (SIM_ID, ORG_CODE, DEPTCODE, STATE,PAY_MODLE, SIM_NUM) values(22197, 'B0000802', '中国移动', 1, '预付费', 13100002196);
insert into T_TERMINALINFO (TERMINAL_ID,TTYPE_ID,SIM_ID,TERMINAL_CODE,ORG_CODE,IS_VIDEO_TERMINAL,SP_SERVER_NAME,PROTOCOL_TYPE,CHANNELS,YT_PROTOCOL_TYPE) values(220197, 4, 22197, '1002196', 'B0000802',1,'1076测试服务器','4',8,'0');
insert into V_VEHICLEINFO (ORG_CODE,VEHICLE_ID,ID_NUMBER,TYPE_ID,TERMINAL_ID,DELETE_FLAG,COLOR_ID_NUMBER_ID,AUTHORIZED_PAY_MASS) values ('B0000802','2200197', '测B02196', 4, 220197, 0, '2',15);

insert into T_SIMINFO (SIM_ID, ORG_CODE, DEPTCODE, STATE,PAY_MODLE, SIM_NUM) values(22198, 'B0000802', '中国移动', 1, '预付费', 13100002197);
insert into T_TERMINALINFO (TERMINAL_ID,TTYPE_ID,SIM_ID,TERMINAL_CODE,ORG_CODE,IS_VIDEO_TERMINAL,SP_SERVER_NAME,PROTOCOL_TYPE,CHANNELS,YT_PROTOCOL_TYPE) values(220198, 4, 22198, '1002197', 'B0000802',1,'1076测试服务器','4',8,'0');
insert into V_VEHICLEINFO (ORG_CODE,VEHICLE_ID,ID_NUMBER,TYPE_ID,TERMINAL_ID,DELETE_FLAG,COLOR_ID_NUMBER_ID,AUTHORIZED_PAY_MASS) values ('B0000802','2200198', '测B02197', 4, 220198, 0, '2',15);

insert into T_SIMINFO (SIM_ID, ORG_CODE, DEPTCODE, STATE,PAY_MODLE, SIM_NUM) values(22199, 'B0000802', '中国移动', 1, '预付费', 13100002198);
insert into T_TERMINALINFO (TERMINAL_ID,TTYPE_ID,SIM_ID,TERMINAL_CODE,ORG_CODE,IS_VIDEO_TERMINAL,SP_SERVER_NAME,PROTOCOL_TYPE,CHANNELS,YT_PROTOCOL_TYPE) values(220199, 4, 22199, '1002198', 'B0000802',1,'1076测试服务器','4',8,'0');
insert into V_VEHICLEINFO (ORG_CODE,VEHICLE_ID,ID_NUMBER,TYPE_ID,TERMINAL_ID,DELETE_FLAG,COLOR_ID_NUMBER_ID,AUTHORIZED_PAY_MASS) values ('B0000802','2200199', '测B02198', 4, 220199, 0, '2',15);

insert into T_SIMINFO (SIM_ID, ORG_CODE, DEPTCODE, STATE,PAY_MODLE, SIM_NUM) values(22200, 'B0000802', '中国移动', 1, '预付费', 13100002199);
insert into T_TERMINALINFO (TERMINAL_ID,TTYPE_ID,SIM_ID,TERMINAL_CODE,ORG_CODE,IS_VIDEO_TERMINAL,SP_SERVER_NAME,PROTOCOL_TYPE,CHANNELS,YT_PROTOCOL_TYPE) values(220200, 4, 22200, '1002199', 'B0000802',1,'1076测试服务器','4',8,'0');
insert into V_VEHICLEINFO (ORG_CODE,VEHICLE_ID,ID_NUMBER,TYPE_ID,TERMINAL_ID,DELETE_FLAG,COLOR_ID_NUMBER_ID,AUTHORIZED_PAY_MASS) values ('B0000802','2200200', '测B02199', 4, 220200, 0, '2',15);

insert into T_SIMINFO (SIM_ID, ORG_CODE, DEPTCODE, STATE,PAY_MODLE, SIM_NUM) values(22201, 'B0000802', '中国移动', 1, '预付费', 13100002200);
insert into T_TERMINALINFO (TERMINAL_ID,TTYPE_ID,SIM_ID,TERMINAL_CODE,ORG_CODE,IS_VIDEO_TERMINAL,SP_SERVER_NAME,PROTOCOL_TYPE,CHANNELS,YT_PROTOCOL_TYPE) values(220201, 4, 22201, '1002200', 'B0000802',1,'1076测试服务器','4',8,'0');
insert into V_VEHICLEINFO (ORG_CODE,VEHICLE_ID,ID_NUMBER,TYPE_ID,TERMINAL_ID,DELETE_FLAG,COLOR_ID_NUMBER_ID,AUTHORIZED_PAY_MASS) values ('B0000802','2200201', '测B02200', 4, 220201, 0, '2',15);

insert into T_SIMINFO (SIM_ID, ORG_CODE, DEPTCODE, STATE,PAY_MODLE, SIM_NUM) values(22202, 'B0000802', '中国移动', 1, '预付费', 13100002201);
insert into T_TERMINALINFO (TERMINAL_ID,TTYPE_ID,SIM_ID,TERMINAL_CODE,ORG_CODE,IS_VIDEO_TERMINAL,SP_SERVER_NAME,PROTOCOL_TYPE,CHANNELS,YT_PROTOCOL_TYPE) values(220202, 4, 22202, '1002201', 'B0000802',1,'1076测试服务器','4',8,'0');
insert into V_VEHICLEINFO (ORG_CODE,VEHICLE_ID,ID_NUMBER,TYPE_ID,TERMINAL_ID,DELETE_FLAG,COLOR_ID_NUMBER_ID,AUTHORIZED_PAY_MASS) values ('B0000802','2200202', '测B02201', 4, 220202, 0, '2',15);

insert into T_SIMINFO (SIM_ID, ORG_CODE, DEPTCODE, STATE,PAY_MODLE, SIM_NUM) values(22203, 'B0000802', '中国移动', 1, '预付费', 13100002202);
insert into T_TERMINALINFO (TERMINAL_ID,TTYPE_ID,SIM_ID,TERMINAL_CODE,ORG_CODE,IS_VIDEO_TERMINAL,SP_SERVER_NAME,PROTOCOL_TYPE,CHANNELS,YT_PROTOCOL_TYPE) values(220203, 4, 22203, '1002202', 'B0000802',1,'1076测试服务器','4',8,'0');
insert into V_VEHICLEINFO (ORG_CODE,VEHICLE_ID,ID_NUMBER,TYPE_ID,TERMINAL_ID,DELETE_FLAG,COLOR_ID_NUMBER_ID,AUTHORIZED_PAY_MASS) values ('B0000802','2200203', '测B02202', 4, 220203, 0, '2',15);

insert into T_SIMINFO (SIM_ID, ORG_CODE, DEPTCODE, STATE,PAY_MODLE, SIM_NUM) values(22204, 'B0000802', '中国移动', 1, '预付费', 13100002203);
insert into T_TERMINALINFO (TERMINAL_ID,TTYPE_ID,SIM_ID,TERMINAL_CODE,ORG_CODE,IS_VIDEO_TERMINAL,SP_SERVER_NAME,PROTOCOL_TYPE,CHANNELS,YT_PROTOCOL_TYPE) values(220204, 4, 22204, '1002203', 'B0000802',1,'1076测试服务器','4',8,'0');
insert into V_VEHICLEINFO (ORG_CODE,VEHICLE_ID,ID_NUMBER,TYPE_ID,TERMINAL_ID,DELETE_FLAG,COLOR_ID_NUMBER_ID,AUTHORIZED_PAY_MASS) values ('B0000802','2200204', '测B02203', 4, 220204, 0, '2',15);

insert into T_SIMINFO (SIM_ID, ORG_CODE, DEPTCODE, STATE,PAY_MODLE, SIM_NUM) values(22205, 'B0000802', '中国移动', 1, '预付费', 13100002204);
insert into T_TERMINALINFO (TERMINAL_ID,TTYPE_ID,SIM_ID,TERMINAL_CODE,ORG_CODE,IS_VIDEO_TERMINAL,SP_SERVER_NAME,PROTOCOL_TYPE,CHANNELS,YT_PROTOCOL_TYPE) values(220205, 4, 22205, '1002204', 'B0000802',1,'1076测试服务器','4',8,'0');
insert into V_VEHICLEINFO (ORG_CODE,VEHICLE_ID,ID_NUMBER,TYPE_ID,TERMINAL_ID,DELETE_FLAG,COLOR_ID_NUMBER_ID,AUTHORIZED_PAY_MASS) values ('B0000802','2200205', '测B02204', 4, 220205, 0, '2',15);

insert into T_SIMINFO (SIM_ID, ORG_CODE, DEPTCODE, STATE,PAY_MODLE, SIM_NUM) values(22206, 'B0000802', '中国移动', 1, '预付费', 13100002205);
insert into T_TERMINALINFO (TERMINAL_ID,TTYPE_ID,SIM_ID,TERMINAL_CODE,ORG_CODE,IS_VIDEO_TERMINAL,SP_SERVER_NAME,PROTOCOL_TYPE,CHANNELS,YT_PROTOCOL_TYPE) values(220206, 4, 22206, '1002205', 'B0000802',1,'1076测试服务器','4',8,'0');
insert into V_VEHICLEINFO (ORG_CODE,VEHICLE_ID,ID_NUMBER,TYPE_ID,TERMINAL_ID,DELETE_FLAG,COLOR_ID_NUMBER_ID,AUTHORIZED_PAY_MASS) values ('B0000802','2200206', '测B02205', 4, 220206, 0, '2',15);

insert into T_SIMINFO (SIM_ID, ORG_CODE, DEPTCODE, STATE,PAY_MODLE, SIM_NUM) values(22207, 'B0000802', '中国移动', 1, '预付费', 13100002206);
insert into T_TERMINALINFO (TERMINAL_ID,TTYPE_ID,SIM_ID,TERMINAL_CODE,ORG_CODE,IS_VIDEO_TERMINAL,SP_SERVER_NAME,PROTOCOL_TYPE,CHANNELS,YT_PROTOCOL_TYPE) values(220207, 4, 22207, '1002206', 'B0000802',1,'1076测试服务器','4',8,'0');
insert into V_VEHICLEINFO (ORG_CODE,VEHICLE_ID,ID_NUMBER,TYPE_ID,TERMINAL_ID,DELETE_FLAG,COLOR_ID_NUMBER_ID,AUTHORIZED_PAY_MASS) values ('B0000802','2200207', '测B02206', 4, 220207, 0, '2',15);

insert into T_SIMINFO (SIM_ID, ORG_CODE, DEPTCODE, STATE,PAY_MODLE, SIM_NUM) values(22208, 'B0000802', '中国移动', 1, '预付费', 13100002207);
insert into T_TERMINALINFO (TERMINAL_ID,TTYPE_ID,SIM_ID,TERMINAL_CODE,ORG_CODE,IS_VIDEO_TERMINAL,SP_SERVER_NAME,PROTOCOL_TYPE,CHANNELS,YT_PROTOCOL_TYPE) values(220208, 4, 22208, '1002207', 'B0000802',1,'1076测试服务器','4',8,'0');
insert into V_VEHICLEINFO (ORG_CODE,VEHICLE_ID,ID_NUMBER,TYPE_ID,TERMINAL_ID,DELETE_FLAG,COLOR_ID_NUMBER_ID,AUTHORIZED_PAY_MASS) values ('B0000802','2200208', '测B02207', 4, 220208, 0, '2',15);

insert into T_SIMINFO (SIM_ID, ORG_CODE, DEPTCODE, STATE,PAY_MODLE, SIM_NUM) values(22209, 'B0000802', '中国移动', 1, '预付费', 13100002208);
insert into T_TERMINALINFO (TERMINAL_ID,TTYPE_ID,SIM_ID,TERMINAL_CODE,ORG_CODE,IS_VIDEO_TERMINAL,SP_SERVER_NAME,PROTOCOL_TYPE,CHANNELS,YT_PROTOCOL_TYPE) values(220209, 4, 22209, '1002208', 'B0000802',1,'1076测试服务器','4',8,'0');
insert into V_VEHICLEINFO (ORG_CODE,VEHICLE_ID,ID_NUMBER,TYPE_ID,TERMINAL_ID,DELETE_FLAG,COLOR_ID_NUMBER_ID,AUTHORIZED_PAY_MASS) values ('B0000802','2200209', '测B02208', 4, 220209, 0, '2',15);

insert into T_SIMINFO (SIM_ID, ORG_CODE, DEPTCODE, STATE,PAY_MODLE, SIM_NUM) values(22210, 'B0000802', '中国移动', 1, '预付费', 13100002209);
insert into T_TERMINALINFO (TERMINAL_ID,TTYPE_ID,SIM_ID,TERMINAL_CODE,ORG_CODE,IS_VIDEO_TERMINAL,SP_SERVER_NAME,PROTOCOL_TYPE,CHANNELS,YT_PROTOCOL_TYPE) values(220210, 4, 22210, '1002209', 'B0000802',1,'1076测试服务器','4',8,'0');
insert into V_VEHICLEINFO (ORG_CODE,VEHICLE_ID,ID_NUMBER,TYPE_ID,TERMINAL_ID,DELETE_FLAG,COLOR_ID_NUMBER_ID,AUTHORIZED_PAY_MASS) values ('B0000802','2200210', '测B02209', 4, 220210, 0, '2',15);

insert into T_SIMINFO (SIM_ID, ORG_CODE, DEPTCODE, STATE,PAY_MODLE, SIM_NUM) values(22211, 'B0000802', '中国移动', 1, '预付费', 13100002210);
insert into T_TERMINALINFO (TERMINAL_ID,TTYPE_ID,SIM_ID,TERMINAL_CODE,ORG_CODE,IS_VIDEO_TERMINAL,SP_SERVER_NAME,PROTOCOL_TYPE,CHANNELS,YT_PROTOCOL_TYPE) values(220211, 4, 22211, '1002210', 'B0000802',1,'1076测试服务器','4',8,'0');
insert into V_VEHICLEINFO (ORG_CODE,VEHICLE_ID,ID_NUMBER,TYPE_ID,TERMINAL_ID,DELETE_FLAG,COLOR_ID_NUMBER_ID,AUTHORIZED_PAY_MASS) values ('B0000802','2200211', '测B02210', 4, 220211, 0, '2',15);

insert into T_SIMINFO (SIM_ID, ORG_CODE, DEPTCODE, STATE,PAY_MODLE, SIM_NUM) values(22212, 'B0000802', '中国移动', 1, '预付费', 13100002211);
insert into T_TERMINALINFO (TERMINAL_ID,TTYPE_ID,SIM_ID,TERMINAL_CODE,ORG_CODE,IS_VIDEO_TERMINAL,SP_SERVER_NAME,PROTOCOL_TYPE,CHANNELS,YT_PROTOCOL_TYPE) values(220212, 4, 22212, '1002211', 'B0000802',1,'1076测试服务器','4',8,'0');
insert into V_VEHICLEINFO (ORG_CODE,VEHICLE_ID,ID_NUMBER,TYPE_ID,TERMINAL_ID,DELETE_FLAG,COLOR_ID_NUMBER_ID,AUTHORIZED_PAY_MASS) values ('B0000802','2200212', '测B02211', 4, 220212, 0, '2',15);

insert into T_SIMINFO (SIM_ID, ORG_CODE, DEPTCODE, STATE,PAY_MODLE, SIM_NUM) values(22213, 'B0000802', '中国移动', 1, '预付费', 13100002212);
insert into T_TERMINALINFO (TERMINAL_ID,TTYPE_ID,SIM_ID,TERMINAL_CODE,ORG_CODE,IS_VIDEO_TERMINAL,SP_SERVER_NAME,PROTOCOL_TYPE,CHANNELS,YT_PROTOCOL_TYPE) values(220213, 4, 22213, '1002212', 'B0000802',1,'1076测试服务器','4',8,'0');
insert into V_VEHICLEINFO (ORG_CODE,VEHICLE_ID,ID_NUMBER,TYPE_ID,TERMINAL_ID,DELETE_FLAG,COLOR_ID_NUMBER_ID,AUTHORIZED_PAY_MASS) values ('B0000802','2200213', '测B02212', 4, 220213, 0, '2',15);

insert into T_SIMINFO (SIM_ID, ORG_CODE, DEPTCODE, STATE,PAY_MODLE, SIM_NUM) values(22214, 'B0000802', '中国移动', 1, '预付费', 13100002213);
insert into T_TERMINALINFO (TERMINAL_ID,TTYPE_ID,SIM_ID,TERMINAL_CODE,ORG_CODE,IS_VIDEO_TERMINAL,SP_SERVER_NAME,PROTOCOL_TYPE,CHANNELS,YT_PROTOCOL_TYPE) values(220214, 4, 22214, '1002213', 'B0000802',1,'1076测试服务器','4',8,'0');
insert into V_VEHICLEINFO (ORG_CODE,VEHICLE_ID,ID_NUMBER,TYPE_ID,TERMINAL_ID,DELETE_FLAG,COLOR_ID_NUMBER_ID,AUTHORIZED_PAY_MASS) values ('B0000802','2200214', '测B02213', 4, 220214, 0, '2',15);

insert into T_SIMINFO (SIM_ID, ORG_CODE, DEPTCODE, STATE,PAY_MODLE, SIM_NUM) values(22215, 'B0000802', '中国移动', 1, '预付费', 13100002214);
insert into T_TERMINALINFO (TERMINAL_ID,TTYPE_ID,SIM_ID,TERMINAL_CODE,ORG_CODE,IS_VIDEO_TERMINAL,SP_SERVER_NAME,PROTOCOL_TYPE,CHANNELS,YT_PROTOCOL_TYPE) values(220215, 4, 22215, '1002214', 'B0000802',1,'1076测试服务器','4',8,'0');
insert into V_VEHICLEINFO (ORG_CODE,VEHICLE_ID,ID_NUMBER,TYPE_ID,TERMINAL_ID,DELETE_FLAG,COLOR_ID_NUMBER_ID,AUTHORIZED_PAY_MASS) values ('B0000802','2200215', '测B02214', 4, 220215, 0, '2',15);

insert into T_SIMINFO (SIM_ID, ORG_CODE, DEPTCODE, STATE,PAY_MODLE, SIM_NUM) values(22216, 'B0000802', '中国移动', 1, '预付费', 13100002215);
insert into T_TERMINALINFO (TERMINAL_ID,TTYPE_ID,SIM_ID,TERMINAL_CODE,ORG_CODE,IS_VIDEO_TERMINAL,SP_SERVER_NAME,PROTOCOL_TYPE,CHANNELS,YT_PROTOCOL_TYPE) values(220216, 4, 22216, '1002215', 'B0000802',1,'1076测试服务器','4',8,'0');
insert into V_VEHICLEINFO (ORG_CODE,VEHICLE_ID,ID_NUMBER,TYPE_ID,TERMINAL_ID,DELETE_FLAG,COLOR_ID_NUMBER_ID,AUTHORIZED_PAY_MASS) values ('B0000802','2200216', '测B02215', 4, 220216, 0, '2',15);

insert into T_SIMINFO (SIM_ID, ORG_CODE, DEPTCODE, STATE,PAY_MODLE, SIM_NUM) values(22217, 'B0000802', '中国移动', 1, '预付费', 13100002216);
insert into T_TERMINALINFO (TERMINAL_ID,TTYPE_ID,SIM_ID,TERMINAL_CODE,ORG_CODE,IS_VIDEO_TERMINAL,SP_SERVER_NAME,PROTOCOL_TYPE,CHANNELS,YT_PROTOCOL_TYPE) values(220217, 4, 22217, '1002216', 'B0000802',1,'1076测试服务器','4',8,'0');
insert into V_VEHICLEINFO (ORG_CODE,VEHICLE_ID,ID_NUMBER,TYPE_ID,TERMINAL_ID,DELETE_FLAG,COLOR_ID_NUMBER_ID,AUTHORIZED_PAY_MASS) values ('B0000802','2200217', '测B02216', 4, 220217, 0, '2',15);

insert into T_SIMINFO (SIM_ID, ORG_CODE, DEPTCODE, STATE,PAY_MODLE, SIM_NUM) values(22218, 'B0000802', '中国移动', 1, '预付费', 13100002217);
insert into T_TERMINALINFO (TERMINAL_ID,TTYPE_ID,SIM_ID,TERMINAL_CODE,ORG_CODE,IS_VIDEO_TERMINAL,SP_SERVER_NAME,PROTOCOL_TYPE,CHANNELS,YT_PROTOCOL_TYPE) values(220218, 4, 22218, '1002217', 'B0000802',1,'1076测试服务器','4',8,'0');
insert into V_VEHICLEINFO (ORG_CODE,VEHICLE_ID,ID_NUMBER,TYPE_ID,TERMINAL_ID,DELETE_FLAG,COLOR_ID_NUMBER_ID,AUTHORIZED_PAY_MASS) values ('B0000802','2200218', '测B02217', 4, 220218, 0, '2',15);

insert into T_SIMINFO (SIM_ID, ORG_CODE, DEPTCODE, STATE,PAY_MODLE, SIM_NUM) values(22219, 'B0000802', '中国移动', 1, '预付费', 13100002218);
insert into T_TERMINALINFO (TERMINAL_ID,TTYPE_ID,SIM_ID,TERMINAL_CODE,ORG_CODE,IS_VIDEO_TERMINAL,SP_SERVER_NAME,PROTOCOL_TYPE,CHANNELS,YT_PROTOCOL_TYPE) values(220219, 4, 22219, '1002218', 'B0000802',1,'1076测试服务器','4',8,'0');
insert into V_VEHICLEINFO (ORG_CODE,VEHICLE_ID,ID_NUMBER,TYPE_ID,TERMINAL_ID,DELETE_FLAG,COLOR_ID_NUMBER_ID,AUTHORIZED_PAY_MASS) values ('B0000802','2200219', '测B02218', 4, 220219, 0, '2',15);

insert into T_SIMINFO (SIM_ID, ORG_CODE, DEPTCODE, STATE,PAY_MODLE, SIM_NUM) values(22220, 'B0000802', '中国移动', 1, '预付费', 13100002219);
insert into T_TERMINALINFO (TERMINAL_ID,TTYPE_ID,SIM_ID,TERMINAL_CODE,ORG_CODE,IS_VIDEO_TERMINAL,SP_SERVER_NAME,PROTOCOL_TYPE,CHANNELS,YT_PROTOCOL_TYPE) values(220220, 4, 22220, '1002219', 'B0000802',1,'1076测试服务器','4',8,'0');
insert into V_VEHICLEINFO (ORG_CODE,VEHICLE_ID,ID_NUMBER,TYPE_ID,TERMINAL_ID,DELETE_FLAG,COLOR_ID_NUMBER_ID,AUTHORIZED_PAY_MASS) values ('B0000802','2200220', '测B02219', 4, 220220, 0, '2',15);

insert into T_SIMINFO (SIM_ID, ORG_CODE, DEPTCODE, STATE,PAY_MODLE, SIM_NUM) values(22221, 'B0000802', '中国移动', 1, '预付费', 13100002220);
insert into T_TERMINALINFO (TERMINAL_ID,TTYPE_ID,SIM_ID,TERMINAL_CODE,ORG_CODE,IS_VIDEO_TERMINAL,SP_SERVER_NAME,PROTOCOL_TYPE,CHANNELS,YT_PROTOCOL_TYPE) values(220221, 4, 22221, '1002220', 'B0000802',1,'1076测试服务器','4',8,'0');
insert into V_VEHICLEINFO (ORG_CODE,VEHICLE_ID,ID_NUMBER,TYPE_ID,TERMINAL_ID,DELETE_FLAG,COLOR_ID_NUMBER_ID,AUTHORIZED_PAY_MASS) values ('B0000802','2200221', '测B02220', 4, 220221, 0, '2',15);

insert into T_SIMINFO (SIM_ID, ORG_CODE, DEPTCODE, STATE,PAY_MODLE, SIM_NUM) values(22222, 'B0000802', '中国移动', 1, '预付费', 13100002221);
insert into T_TERMINALINFO (TERMINAL_ID,TTYPE_ID,SIM_ID,TERMINAL_CODE,ORG_CODE,IS_VIDEO_TERMINAL,SP_SERVER_NAME,PROTOCOL_TYPE,CHANNELS,YT_PROTOCOL_TYPE) values(220222, 4, 22222, '1002221', 'B0000802',1,'1076测试服务器','4',8,'0');
insert into V_VEHICLEINFO (ORG_CODE,VEHICLE_ID,ID_NUMBER,TYPE_ID,TERMINAL_ID,DELETE_FLAG,COLOR_ID_NUMBER_ID,AUTHORIZED_PAY_MASS) values ('B0000802','2200222', '测B02221', 4, 220222, 0, '2',15);

insert into T_SIMINFO (SIM_ID, ORG_CODE, DEPTCODE, STATE,PAY_MODLE, SIM_NUM) values(22223, 'B0000802', '中国移动', 1, '预付费', 13100002222);
insert into T_TERMINALINFO (TERMINAL_ID,TTYPE_ID,SIM_ID,TERMINAL_CODE,ORG_CODE,IS_VIDEO_TERMINAL,SP_SERVER_NAME,PROTOCOL_TYPE,CHANNELS,YT_PROTOCOL_TYPE) values(220223, 4, 22223, '1002222', 'B0000802',1,'1076测试服务器','4',8,'0');
insert into V_VEHICLEINFO (ORG_CODE,VEHICLE_ID,ID_NUMBER,TYPE_ID,TERMINAL_ID,DELETE_FLAG,COLOR_ID_NUMBER_ID,AUTHORIZED_PAY_MASS) values ('B0000802','2200223', '测B02222', 4, 220223, 0, '2',15);

insert into T_SIMINFO (SIM_ID, ORG_CODE, DEPTCODE, STATE,PAY_MODLE, SIM_NUM) values(22224, 'B0000802', '中国移动', 1, '预付费', 13100002223);
insert into T_TERMINALINFO (TERMINAL_ID,TTYPE_ID,SIM_ID,TERMINAL_CODE,ORG_CODE,IS_VIDEO_TERMINAL,SP_SERVER_NAME,PROTOCOL_TYPE,CHANNELS,YT_PROTOCOL_TYPE) values(220224, 4, 22224, '1002223', 'B0000802',1,'1076测试服务器','4',8,'0');
insert into V_VEHICLEINFO (ORG_CODE,VEHICLE_ID,ID_NUMBER,TYPE_ID,TERMINAL_ID,DELETE_FLAG,COLOR_ID_NUMBER_ID,AUTHORIZED_PAY_MASS) values ('B0000802','2200224', '测B02223', 4, 220224, 0, '2',15);

insert into T_SIMINFO (SIM_ID, ORG_CODE, DEPTCODE, STATE,PAY_MODLE, SIM_NUM) values(22225, 'B0000802', '中国移动', 1, '预付费', 13100002224);
insert into T_TERMINALINFO (TERMINAL_ID,TTYPE_ID,SIM_ID,TERMINAL_CODE,ORG_CODE,IS_VIDEO_TERMINAL,SP_SERVER_NAME,PROTOCOL_TYPE,CHANNELS,YT_PROTOCOL_TYPE) values(220225, 4, 22225, '1002224', 'B0000802',1,'1076测试服务器','4',8,'0');
insert into V_VEHICLEINFO (ORG_CODE,VEHICLE_ID,ID_NUMBER,TYPE_ID,TERMINAL_ID,DELETE_FLAG,COLOR_ID_NUMBER_ID,AUTHORIZED_PAY_MASS) values ('B0000802','2200225', '测B02224', 4, 220225, 0, '2',15);

insert into T_SIMINFO (SIM_ID, ORG_CODE, DEPTCODE, STATE,PAY_MODLE, SIM_NUM) values(22226, 'B0000802', '中国移动', 1, '预付费', 13100002225);
insert into T_TERMINALINFO (TERMINAL_ID,TTYPE_ID,SIM_ID,TERMINAL_CODE,ORG_CODE,IS_VIDEO_TERMINAL,SP_SERVER_NAME,PROTOCOL_TYPE,CHANNELS,YT_PROTOCOL_TYPE) values(220226, 4, 22226, '1002225', 'B0000802',1,'1076测试服务器','4',8,'0');
insert into V_VEHICLEINFO (ORG_CODE,VEHICLE_ID,ID_NUMBER,TYPE_ID,TERMINAL_ID,DELETE_FLAG,COLOR_ID_NUMBER_ID,AUTHORIZED_PAY_MASS) values ('B0000802','2200226', '测B02225', 4, 220226, 0, '2',15);

insert into T_SIMINFO (SIM_ID, ORG_CODE, DEPTCODE, STATE,PAY_MODLE, SIM_NUM) values(22227, 'B0000802', '中国移动', 1, '预付费', 13100002226);
insert into T_TERMINALINFO (TERMINAL_ID,TTYPE_ID,SIM_ID,TERMINAL_CODE,ORG_CODE,IS_VIDEO_TERMINAL,SP_SERVER_NAME,PROTOCOL_TYPE,CHANNELS,YT_PROTOCOL_TYPE) values(220227, 4, 22227, '1002226', 'B0000802',1,'1076测试服务器','4',8,'0');
insert into V_VEHICLEINFO (ORG_CODE,VEHICLE_ID,ID_NUMBER,TYPE_ID,TERMINAL_ID,DELETE_FLAG,COLOR_ID_NUMBER_ID,AUTHORIZED_PAY_MASS) values ('B0000802','2200227', '测B02226', 4, 220227, 0, '2',15);

insert into T_SIMINFO (SIM_ID, ORG_CODE, DEPTCODE, STATE,PAY_MODLE, SIM_NUM) values(22228, 'B0000802', '中国移动', 1, '预付费', 13100002227);
insert into T_TERMINALINFO (TERMINAL_ID,TTYPE_ID,SIM_ID,TERMINAL_CODE,ORG_CODE,IS_VIDEO_TERMINAL,SP_SERVER_NAME,PROTOCOL_TYPE,CHANNELS,YT_PROTOCOL_TYPE) values(220228, 4, 22228, '1002227', 'B0000802',1,'1076测试服务器','4',8,'0');
insert into V_VEHICLEINFO (ORG_CODE,VEHICLE_ID,ID_NUMBER,TYPE_ID,TERMINAL_ID,DELETE_FLAG,COLOR_ID_NUMBER_ID,AUTHORIZED_PAY_MASS) values ('B0000802','2200228', '测B02227', 4, 220228, 0, '2',15);

insert into T_SIMINFO (SIM_ID, ORG_CODE, DEPTCODE, STATE,PAY_MODLE, SIM_NUM) values(22229, 'B0000802', '中国移动', 1, '预付费', 13100002228);
insert into T_TERMINALINFO (TERMINAL_ID,TTYPE_ID,SIM_ID,TERMINAL_CODE,ORG_CODE,IS_VIDEO_TERMINAL,SP_SERVER_NAME,PROTOCOL_TYPE,CHANNELS,YT_PROTOCOL_TYPE) values(220229, 4, 22229, '1002228', 'B0000802',1,'1076测试服务器','4',8,'0');
insert into V_VEHICLEINFO (ORG_CODE,VEHICLE_ID,ID_NUMBER,TYPE_ID,TERMINAL_ID,DELETE_FLAG,COLOR_ID_NUMBER_ID,AUTHORIZED_PAY_MASS) values ('B0000802','2200229', '测B02228', 4, 220229, 0, '2',15);

insert into T_SIMINFO (SIM_ID, ORG_CODE, DEPTCODE, STATE,PAY_MODLE, SIM_NUM) values(22230, 'B0000802', '中国移动', 1, '预付费', 13100002229);
insert into T_TERMINALINFO (TERMINAL_ID,TTYPE_ID,SIM_ID,TERMINAL_CODE,ORG_CODE,IS_VIDEO_TERMINAL,SP_SERVER_NAME,PROTOCOL_TYPE,CHANNELS,YT_PROTOCOL_TYPE) values(220230, 4, 22230, '1002229', 'B0000802',1,'1076测试服务器','4',8,'0');
insert into V_VEHICLEINFO (ORG_CODE,VEHICLE_ID,ID_NUMBER,TYPE_ID,TERMINAL_ID,DELETE_FLAG,COLOR_ID_NUMBER_ID,AUTHORIZED_PAY_MASS) values ('B0000802','2200230', '测B02229', 4, 220230, 0, '2',15);

insert into T_SIMINFO (SIM_ID, ORG_CODE, DEPTCODE, STATE,PAY_MODLE, SIM_NUM) values(22231, 'B0000802', '中国移动', 1, '预付费', 13100002230);
insert into T_TERMINALINFO (TERMINAL_ID,TTYPE_ID,SIM_ID,TERMINAL_CODE,ORG_CODE,IS_VIDEO_TERMINAL,SP_SERVER_NAME,PROTOCOL_TYPE,CHANNELS,YT_PROTOCOL_TYPE) values(220231, 4, 22231, '1002230', 'B0000802',1,'1076测试服务器','4',8,'0');
insert into V_VEHICLEINFO (ORG_CODE,VEHICLE_ID,ID_NUMBER,TYPE_ID,TERMINAL_ID,DELETE_FLAG,COLOR_ID_NUMBER_ID,AUTHORIZED_PAY_MASS) values ('B0000802','2200231', '测B02230', 4, 220231, 0, '2',15);

insert into T_SIMINFO (SIM_ID, ORG_CODE, DEPTCODE, STATE,PAY_MODLE, SIM_NUM) values(22232, 'B0000802', '中国移动', 1, '预付费', 13100002231);
insert into T_TERMINALINFO (TERMINAL_ID,TTYPE_ID,SIM_ID,TERMINAL_CODE,ORG_CODE,IS_VIDEO_TERMINAL,SP_SERVER_NAME,PROTOCOL_TYPE,CHANNELS,YT_PROTOCOL_TYPE) values(220232, 4, 22232, '1002231', 'B0000802',1,'1076测试服务器','4',8,'0');
insert into V_VEHICLEINFO (ORG_CODE,VEHICLE_ID,ID_NUMBER,TYPE_ID,TERMINAL_ID,DELETE_FLAG,COLOR_ID_NUMBER_ID,AUTHORIZED_PAY_MASS) values ('B0000802','2200232', '测B02231', 4, 220232, 0, '2',15);

insert into T_SIMINFO (SIM_ID, ORG_CODE, DEPTCODE, STATE,PAY_MODLE, SIM_NUM) values(22233, 'B0000802', '中国移动', 1, '预付费', 13100002232);
insert into T_TERMINALINFO (TERMINAL_ID,TTYPE_ID,SIM_ID,TERMINAL_CODE,ORG_CODE,IS_VIDEO_TERMINAL,SP_SERVER_NAME,PROTOCOL_TYPE,CHANNELS,YT_PROTOCOL_TYPE) values(220233, 4, 22233, '1002232', 'B0000802',1,'1076测试服务器','4',8,'0');
insert into V_VEHICLEINFO (ORG_CODE,VEHICLE_ID,ID_NUMBER,TYPE_ID,TERMINAL_ID,DELETE_FLAG,COLOR_ID_NUMBER_ID,AUTHORIZED_PAY_MASS) values ('B0000802','2200233', '测B02232', 4, 220233, 0, '2',15);

insert into T_SIMINFO (SIM_ID, ORG_CODE, DEPTCODE, STATE,PAY_MODLE, SIM_NUM) values(22234, 'B0000802', '中国移动', 1, '预付费', 13100002233);
insert into T_TERMINALINFO (TERMINAL_ID,TTYPE_ID,SIM_ID,TERMINAL_CODE,ORG_CODE,IS_VIDEO_TERMINAL,SP_SERVER_NAME,PROTOCOL_TYPE,CHANNELS,YT_PROTOCOL_TYPE) values(220234, 4, 22234, '1002233', 'B0000802',1,'1076测试服务器','4',8,'0');
insert into V_VEHICLEINFO (ORG_CODE,VEHICLE_ID,ID_NUMBER,TYPE_ID,TERMINAL_ID,DELETE_FLAG,COLOR_ID_NUMBER_ID,AUTHORIZED_PAY_MASS) values ('B0000802','2200234', '测B02233', 4, 220234, 0, '2',15);

insert into T_SIMINFO (SIM_ID, ORG_CODE, DEPTCODE, STATE,PAY_MODLE, SIM_NUM) values(22235, 'B0000802', '中国移动', 1, '预付费', 13100002234);
insert into T_TERMINALINFO (TERMINAL_ID,TTYPE_ID,SIM_ID,TERMINAL_CODE,ORG_CODE,IS_VIDEO_TERMINAL,SP_SERVER_NAME,PROTOCOL_TYPE,CHANNELS,YT_PROTOCOL_TYPE) values(220235, 4, 22235, '1002234', 'B0000802',1,'1076测试服务器','4',8,'0');
insert into V_VEHICLEINFO (ORG_CODE,VEHICLE_ID,ID_NUMBER,TYPE_ID,TERMINAL_ID,DELETE_FLAG,COLOR_ID_NUMBER_ID,AUTHORIZED_PAY_MASS) values ('B0000802','2200235', '测B02234', 4, 220235, 0, '2',15);

insert into T_SIMINFO (SIM_ID, ORG_CODE, DEPTCODE, STATE,PAY_MODLE, SIM_NUM) values(22236, 'B0000802', '中国移动', 1, '预付费', 13100002235);
insert into T_TERMINALINFO (TERMINAL_ID,TTYPE_ID,SIM_ID,TERMINAL_CODE,ORG_CODE,IS_VIDEO_TERMINAL,SP_SERVER_NAME,PROTOCOL_TYPE,CHANNELS,YT_PROTOCOL_TYPE) values(220236, 4, 22236, '1002235', 'B0000802',1,'1076测试服务器','4',8,'0');
insert into V_VEHICLEINFO (ORG_CODE,VEHICLE_ID,ID_NUMBER,TYPE_ID,TERMINAL_ID,DELETE_FLAG,COLOR_ID_NUMBER_ID,AUTHORIZED_PAY_MASS) values ('B0000802','2200236', '测B02235', 4, 220236, 0, '2',15);

insert into T_SIMINFO (SIM_ID, ORG_CODE, DEPTCODE, STATE,PAY_MODLE, SIM_NUM) values(22237, 'B0000802', '中国移动', 1, '预付费', 13100002236);
insert into T_TERMINALINFO (TERMINAL_ID,TTYPE_ID,SIM_ID,TERMINAL_CODE,ORG_CODE,IS_VIDEO_TERMINAL,SP_SERVER_NAME,PROTOCOL_TYPE,CHANNELS,YT_PROTOCOL_TYPE) values(220237, 4, 22237, '1002236', 'B0000802',1,'1076测试服务器','4',8,'0');
insert into V_VEHICLEINFO (ORG_CODE,VEHICLE_ID,ID_NUMBER,TYPE_ID,TERMINAL_ID,DELETE_FLAG,COLOR_ID_NUMBER_ID,AUTHORIZED_PAY_MASS) values ('B0000802','2200237', '测B02236', 4, 220237, 0, '2',15);

insert into T_SIMINFO (SIM_ID, ORG_CODE, DEPTCODE, STATE,PAY_MODLE, SIM_NUM) values(22238, 'B0000802', '中国移动', 1, '预付费', 13100002237);
insert into T_TERMINALINFO (TERMINAL_ID,TTYPE_ID,SIM_ID,TERMINAL_CODE,ORG_CODE,IS_VIDEO_TERMINAL,SP_SERVER_NAME,PROTOCOL_TYPE,CHANNELS,YT_PROTOCOL_TYPE) values(220238, 4, 22238, '1002237', 'B0000802',1,'1076测试服务器','4',8,'0');
insert into V_VEHICLEINFO (ORG_CODE,VEHICLE_ID,ID_NUMBER,TYPE_ID,TERMINAL_ID,DELETE_FLAG,COLOR_ID_NUMBER_ID,AUTHORIZED_PAY_MASS) values ('B0000802','2200238', '测B02237', 4, 220238, 0, '2',15);

insert into T_SIMINFO (SIM_ID, ORG_CODE, DEPTCODE, STATE,PAY_MODLE, SIM_NUM) values(22239, 'B0000802', '中国移动', 1, '预付费', 13100002238);
insert into T_TERMINALINFO (TERMINAL_ID,TTYPE_ID,SIM_ID,TERMINAL_CODE,ORG_CODE,IS_VIDEO_TERMINAL,SP_SERVER_NAME,PROTOCOL_TYPE,CHANNELS,YT_PROTOCOL_TYPE) values(220239, 4, 22239, '1002238', 'B0000802',1,'1076测试服务器','4',8,'0');
insert into V_VEHICLEINFO (ORG_CODE,VEHICLE_ID,ID_NUMBER,TYPE_ID,TERMINAL_ID,DELETE_FLAG,COLOR_ID_NUMBER_ID,AUTHORIZED_PAY_MASS) values ('B0000802','2200239', '测B02238', 4, 220239, 0, '2',15);

insert into T_SIMINFO (SIM_ID, ORG_CODE, DEPTCODE, STATE,PAY_MODLE, SIM_NUM) values(22240, 'B0000802', '中国移动', 1, '预付费', 13100002239);
insert into T_TERMINALINFO (TERMINAL_ID,TTYPE_ID,SIM_ID,TERMINAL_CODE,ORG_CODE,IS_VIDEO_TERMINAL,SP_SERVER_NAME,PROTOCOL_TYPE,CHANNELS,YT_PROTOCOL_TYPE) values(220240, 4, 22240, '1002239', 'B0000802',1,'1076测试服务器','4',8,'0');
insert into V_VEHICLEINFO (ORG_CODE,VEHICLE_ID,ID_NUMBER,TYPE_ID,TERMINAL_ID,DELETE_FLAG,COLOR_ID_NUMBER_ID,AUTHORIZED_PAY_MASS) values ('B0000802','2200240', '测B02239', 4, 220240, 0, '2',15);

insert into T_SIMINFO (SIM_ID, ORG_CODE, DEPTCODE, STATE,PAY_MODLE, SIM_NUM) values(22241, 'B0000802', '中国移动', 1, '预付费', 13100002240);
insert into T_TERMINALINFO (TERMINAL_ID,TTYPE_ID,SIM_ID,TERMINAL_CODE,ORG_CODE,IS_VIDEO_TERMINAL,SP_SERVER_NAME,PROTOCOL_TYPE,CHANNELS,YT_PROTOCOL_TYPE) values(220241, 4, 22241, '1002240', 'B0000802',1,'1076测试服务器','4',8,'0');
insert into V_VEHICLEINFO (ORG_CODE,VEHICLE_ID,ID_NUMBER,TYPE_ID,TERMINAL_ID,DELETE_FLAG,COLOR_ID_NUMBER_ID,AUTHORIZED_PAY_MASS) values ('B0000802','2200241', '测B02240', 4, 220241, 0, '2',15);

insert into T_SIMINFO (SIM_ID, ORG_CODE, DEPTCODE, STATE,PAY_MODLE, SIM_NUM) values(22242, 'B0000802', '中国移动', 1, '预付费', 13100002241);
insert into T_TERMINALINFO (TERMINAL_ID,TTYPE_ID,SIM_ID,TERMINAL_CODE,ORG_CODE,IS_VIDEO_TERMINAL,SP_SERVER_NAME,PROTOCOL_TYPE,CHANNELS,YT_PROTOCOL_TYPE) values(220242, 4, 22242, '1002241', 'B0000802',1,'1076测试服务器','4',8,'0');
insert into V_VEHICLEINFO (ORG_CODE,VEHICLE_ID,ID_NUMBER,TYPE_ID,TERMINAL_ID,DELETE_FLAG,COLOR_ID_NUMBER_ID,AUTHORIZED_PAY_MASS) values ('B0000802','2200242', '测B02241', 4, 220242, 0, '2',15);

insert into T_SIMINFO (SIM_ID, ORG_CODE, DEPTCODE, STATE,PAY_MODLE, SIM_NUM) values(22243, 'B0000802', '中国移动', 1, '预付费', 13100002242);
insert into T_TERMINALINFO (TERMINAL_ID,TTYPE_ID,SIM_ID,TERMINAL_CODE,ORG_CODE,IS_VIDEO_TERMINAL,SP_SERVER_NAME,PROTOCOL_TYPE,CHANNELS,YT_PROTOCOL_TYPE) values(220243, 4, 22243, '1002242', 'B0000802',1,'1076测试服务器','4',8,'0');
insert into V_VEHICLEINFO (ORG_CODE,VEHICLE_ID,ID_NUMBER,TYPE_ID,TERMINAL_ID,DELETE_FLAG,COLOR_ID_NUMBER_ID,AUTHORIZED_PAY_MASS) values ('B0000802','2200243', '测B02242', 4, 220243, 0, '2',15);

insert into T_SIMINFO (SIM_ID, ORG_CODE, DEPTCODE, STATE,PAY_MODLE, SIM_NUM) values(22244, 'B0000802', '中国移动', 1, '预付费', 13100002243);
insert into T_TERMINALINFO (TERMINAL_ID,TTYPE_ID,SIM_ID,TERMINAL_CODE,ORG_CODE,IS_VIDEO_TERMINAL,SP_SERVER_NAME,PROTOCOL_TYPE,CHANNELS,YT_PROTOCOL_TYPE) values(220244, 4, 22244, '1002243', 'B0000802',1,'1076测试服务器','4',8,'0');
insert into V_VEHICLEINFO (ORG_CODE,VEHICLE_ID,ID_NUMBER,TYPE_ID,TERMINAL_ID,DELETE_FLAG,COLOR_ID_NUMBER_ID,AUTHORIZED_PAY_MASS) values ('B0000802','2200244', '测B02243', 4, 220244, 0, '2',15);

insert into T_SIMINFO (SIM_ID, ORG_CODE, DEPTCODE, STATE,PAY_MODLE, SIM_NUM) values(22245, 'B0000802', '中国移动', 1, '预付费', 13100002244);
insert into T_TERMINALINFO (TERMINAL_ID,TTYPE_ID,SIM_ID,TERMINAL_CODE,ORG_CODE,IS_VIDEO_TERMINAL,SP_SERVER_NAME,PROTOCOL_TYPE,CHANNELS,YT_PROTOCOL_TYPE) values(220245, 4, 22245, '1002244', 'B0000802',1,'1076测试服务器','4',8,'0');
insert into V_VEHICLEINFO (ORG_CODE,VEHICLE_ID,ID_NUMBER,TYPE_ID,TERMINAL_ID,DELETE_FLAG,COLOR_ID_NUMBER_ID,AUTHORIZED_PAY_MASS) values ('B0000802','2200245', '测B02244', 4, 220245, 0, '2',15);

insert into T_SIMINFO (SIM_ID, ORG_CODE, DEPTCODE, STATE,PAY_MODLE, SIM_NUM) values(22246, 'B0000802', '中国移动', 1, '预付费', 13100002245);
insert into T_TERMINALINFO (TERMINAL_ID,TTYPE_ID,SIM_ID,TERMINAL_CODE,ORG_CODE,IS_VIDEO_TERMINAL,SP_SERVER_NAME,PROTOCOL_TYPE,CHANNELS,YT_PROTOCOL_TYPE) values(220246, 4, 22246, '1002245', 'B0000802',1,'1076测试服务器','4',8,'0');
insert into V_VEHICLEINFO (ORG_CODE,VEHICLE_ID,ID_NUMBER,TYPE_ID,TERMINAL_ID,DELETE_FLAG,COLOR_ID_NUMBER_ID,AUTHORIZED_PAY_MASS) values ('B0000802','2200246', '测B02245', 4, 220246, 0, '2',15);

insert into T_SIMINFO (SIM_ID, ORG_CODE, DEPTCODE, STATE,PAY_MODLE, SIM_NUM) values(22247, 'B0000802', '中国移动', 1, '预付费', 13100002246);
insert into T_TERMINALINFO (TERMINAL_ID,TTYPE_ID,SIM_ID,TERMINAL_CODE,ORG_CODE,IS_VIDEO_TERMINAL,SP_SERVER_NAME,PROTOCOL_TYPE,CHANNELS,YT_PROTOCOL_TYPE) values(220247, 4, 22247, '1002246', 'B0000802',1,'1076测试服务器','4',8,'0');
insert into V_VEHICLEINFO (ORG_CODE,VEHICLE_ID,ID_NUMBER,TYPE_ID,TERMINAL_ID,DELETE_FLAG,COLOR_ID_NUMBER_ID,AUTHORIZED_PAY_MASS) values ('B0000802','2200247', '测B02246', 4, 220247, 0, '2',15);

insert into T_SIMINFO (SIM_ID, ORG_CODE, DEPTCODE, STATE,PAY_MODLE, SIM_NUM) values(22248, 'B0000802', '中国移动', 1, '预付费', 13100002247);
insert into T_TERMINALINFO (TERMINAL_ID,TTYPE_ID,SIM_ID,TERMINAL_CODE,ORG_CODE,IS_VIDEO_TERMINAL,SP_SERVER_NAME,PROTOCOL_TYPE,CHANNELS,YT_PROTOCOL_TYPE) values(220248, 4, 22248, '1002247', 'B0000802',1,'1076测试服务器','4',8,'0');
insert into V_VEHICLEINFO (ORG_CODE,VEHICLE_ID,ID_NUMBER,TYPE_ID,TERMINAL_ID,DELETE_FLAG,COLOR_ID_NUMBER_ID,AUTHORIZED_PAY_MASS) values ('B0000802','2200248', '测B02247', 4, 220248, 0, '2',15);

insert into T_SIMINFO (SIM_ID, ORG_CODE, DEPTCODE, STATE,PAY_MODLE, SIM_NUM) values(22249, 'B0000802', '中国移动', 1, '预付费', 13100002248);
insert into T_TERMINALINFO (TERMINAL_ID,TTYPE_ID,SIM_ID,TERMINAL_CODE,ORG_CODE,IS_VIDEO_TERMINAL,SP_SERVER_NAME,PROTOCOL_TYPE,CHANNELS,YT_PROTOCOL_TYPE) values(220249, 4, 22249, '1002248', 'B0000802',1,'1076测试服务器','4',8,'0');
insert into V_VEHICLEINFO (ORG_CODE,VEHICLE_ID,ID_NUMBER,TYPE_ID,TERMINAL_ID,DELETE_FLAG,COLOR_ID_NUMBER_ID,AUTHORIZED_PAY_MASS) values ('B0000802','2200249', '测B02248', 4, 220249, 0, '2',15);

insert into T_SIMINFO (SIM_ID, ORG_CODE, DEPTCODE, STATE,PAY_MODLE, SIM_NUM) values(22250, 'B0000802', '中国移动', 1, '预付费', 13100002249);
insert into T_TERMINALINFO (TERMINAL_ID,TTYPE_ID,SIM_ID,TERMINAL_CODE,ORG_CODE,IS_VIDEO_TERMINAL,SP_SERVER_NAME,PROTOCOL_TYPE,CHANNELS,YT_PROTOCOL_TYPE) values(220250, 4, 22250, '1002249', 'B0000802',1,'1076测试服务器','4',8,'0');
insert into V_VEHICLEINFO (ORG_CODE,VEHICLE_ID,ID_NUMBER,TYPE_ID,TERMINAL_ID,DELETE_FLAG,COLOR_ID_NUMBER_ID,AUTHORIZED_PAY_MASS) values ('B0000802','2200250', '测B02249', 4, 220250, 0, '2',15);

insert into T_SIMINFO (SIM_ID, ORG_CODE, DEPTCODE, STATE,PAY_MODLE, SIM_NUM) values(22251, 'B0000802', '中国移动', 1, '预付费', 13100002250);
insert into T_TERMINALINFO (TERMINAL_ID,TTYPE_ID,SIM_ID,TERMINAL_CODE,ORG_CODE,IS_VIDEO_TERMINAL,SP_SERVER_NAME,PROTOCOL_TYPE,CHANNELS,YT_PROTOCOL_TYPE) values(220251, 4, 22251, '1002250', 'B0000802',1,'1076测试服务器','4',8,'0');
insert into V_VEHICLEINFO (ORG_CODE,VEHICLE_ID,ID_NUMBER,TYPE_ID,TERMINAL_ID,DELETE_FLAG,COLOR_ID_NUMBER_ID,AUTHORIZED_PAY_MASS) values ('B0000802','2200251', '测B02250', 4, 220251, 0, '2',15);

insert into T_SIMINFO (SIM_ID, ORG_CODE, DEPTCODE, STATE,PAY_MODLE, SIM_NUM) values(22252, 'B0000802', '中国移动', 1, '预付费', 13100002251);
insert into T_TERMINALINFO (TERMINAL_ID,TTYPE_ID,SIM_ID,TERMINAL_CODE,ORG_CODE,IS_VIDEO_TERMINAL,SP_SERVER_NAME,PROTOCOL_TYPE,CHANNELS,YT_PROTOCOL_TYPE) values(220252, 4, 22252, '1002251', 'B0000802',1,'1076测试服务器','4',8,'0');
insert into V_VEHICLEINFO (ORG_CODE,VEHICLE_ID,ID_NUMBER,TYPE_ID,TERMINAL_ID,DELETE_FLAG,COLOR_ID_NUMBER_ID,AUTHORIZED_PAY_MASS) values ('B0000802','2200252', '测B02251', 4, 220252, 0, '2',15);

insert into T_SIMINFO (SIM_ID, ORG_CODE, DEPTCODE, STATE,PAY_MODLE, SIM_NUM) values(22253, 'B0000802', '中国移动', 1, '预付费', 13100002252);
insert into T_TERMINALINFO (TERMINAL_ID,TTYPE_ID,SIM_ID,TERMINAL_CODE,ORG_CODE,IS_VIDEO_TERMINAL,SP_SERVER_NAME,PROTOCOL_TYPE,CHANNELS,YT_PROTOCOL_TYPE) values(220253, 4, 22253, '1002252', 'B0000802',1,'1076测试服务器','4',8,'0');
insert into V_VEHICLEINFO (ORG_CODE,VEHICLE_ID,ID_NUMBER,TYPE_ID,TERMINAL_ID,DELETE_FLAG,COLOR_ID_NUMBER_ID,AUTHORIZED_PAY_MASS) values ('B0000802','2200253', '测B02252', 4, 220253, 0, '2',15);

insert into T_SIMINFO (SIM_ID, ORG_CODE, DEPTCODE, STATE,PAY_MODLE, SIM_NUM) values(22254, 'B0000802', '中国移动', 1, '预付费', 13100002253);
insert into T_TERMINALINFO (TERMINAL_ID,TTYPE_ID,SIM_ID,TERMINAL_CODE,ORG_CODE,IS_VIDEO_TERMINAL,SP_SERVER_NAME,PROTOCOL_TYPE,CHANNELS,YT_PROTOCOL_TYPE) values(220254, 4, 22254, '1002253', 'B0000802',1,'1076测试服务器','4',8,'0');
insert into V_VEHICLEINFO (ORG_CODE,VEHICLE_ID,ID_NUMBER,TYPE_ID,TERMINAL_ID,DELETE_FLAG,COLOR_ID_NUMBER_ID,AUTHORIZED_PAY_MASS) values ('B0000802','2200254', '测B02253', 4, 220254, 0, '2',15);

insert into T_SIMINFO (SIM_ID, ORG_CODE, DEPTCODE, STATE,PAY_MODLE, SIM_NUM) values(22255, 'B0000802', '中国移动', 1, '预付费', 13100002254);
insert into T_TERMINALINFO (TERMINAL_ID,TTYPE_ID,SIM_ID,TERMINAL_CODE,ORG_CODE,IS_VIDEO_TERMINAL,SP_SERVER_NAME,PROTOCOL_TYPE,CHANNELS,YT_PROTOCOL_TYPE) values(220255, 4, 22255, '1002254', 'B0000802',1,'1076测试服务器','4',8,'0');
insert into V_VEHICLEINFO (ORG_CODE,VEHICLE_ID,ID_NUMBER,TYPE_ID,TERMINAL_ID,DELETE_FLAG,COLOR_ID_NUMBER_ID,AUTHORIZED_PAY_MASS) values ('B0000802','2200255', '测B02254', 4, 220255, 0, '2',15);

insert into T_SIMINFO (SIM_ID, ORG_CODE, DEPTCODE, STATE,PAY_MODLE, SIM_NUM) values(22256, 'B0000802', '中国移动', 1, '预付费', 13100002255);
insert into T_TERMINALINFO (TERMINAL_ID,TTYPE_ID,SIM_ID,TERMINAL_CODE,ORG_CODE,IS_VIDEO_TERMINAL,SP_SERVER_NAME,PROTOCOL_TYPE,CHANNELS,YT_PROTOCOL_TYPE) values(220256, 4, 22256, '1002255', 'B0000802',1,'1076测试服务器','4',8,'0');
insert into V_VEHICLEINFO (ORG_CODE,VEHICLE_ID,ID_NUMBER,TYPE_ID,TERMINAL_ID,DELETE_FLAG,COLOR_ID_NUMBER_ID,AUTHORIZED_PAY_MASS) values ('B0000802','2200256', '测B02255', 4, 220256, 0, '2',15);

insert into T_SIMINFO (SIM_ID, ORG_CODE, DEPTCODE, STATE,PAY_MODLE, SIM_NUM) values(22257, 'B0000802', '中国移动', 1, '预付费', 13100002256);
insert into T_TERMINALINFO (TERMINAL_ID,TTYPE_ID,SIM_ID,TERMINAL_CODE,ORG_CODE,IS_VIDEO_TERMINAL,SP_SERVER_NAME,PROTOCOL_TYPE,CHANNELS,YT_PROTOCOL_TYPE) values(220257, 4, 22257, '1002256', 'B0000802',1,'1076测试服务器','4',8,'0');
insert into V_VEHICLEINFO (ORG_CODE,VEHICLE_ID,ID_NUMBER,TYPE_ID,TERMINAL_ID,DELETE_FLAG,COLOR_ID_NUMBER_ID,AUTHORIZED_PAY_MASS) values ('B0000802','2200257', '测B02256', 4, 220257, 0, '2',15);

insert into T_SIMINFO (SIM_ID, ORG_CODE, DEPTCODE, STATE,PAY_MODLE, SIM_NUM) values(22258, 'B0000802', '中国移动', 1, '预付费', 13100002257);
insert into T_TERMINALINFO (TERMINAL_ID,TTYPE_ID,SIM_ID,TERMINAL_CODE,ORG_CODE,IS_VIDEO_TERMINAL,SP_SERVER_NAME,PROTOCOL_TYPE,CHANNELS,YT_PROTOCOL_TYPE) values(220258, 4, 22258, '1002257', 'B0000802',1,'1076测试服务器','4',8,'0');
insert into V_VEHICLEINFO (ORG_CODE,VEHICLE_ID,ID_NUMBER,TYPE_ID,TERMINAL_ID,DELETE_FLAG,COLOR_ID_NUMBER_ID,AUTHORIZED_PAY_MASS) values ('B0000802','2200258', '测B02257', 4, 220258, 0, '2',15);

insert into T_SIMINFO (SIM_ID, ORG_CODE, DEPTCODE, STATE,PAY_MODLE, SIM_NUM) values(22259, 'B0000802', '中国移动', 1, '预付费', 13100002258);
insert into T_TERMINALINFO (TERMINAL_ID,TTYPE_ID,SIM_ID,TERMINAL_CODE,ORG_CODE,IS_VIDEO_TERMINAL,SP_SERVER_NAME,PROTOCOL_TYPE,CHANNELS,YT_PROTOCOL_TYPE) values(220259, 4, 22259, '1002258', 'B0000802',1,'1076测试服务器','4',8,'0');
insert into V_VEHICLEINFO (ORG_CODE,VEHICLE_ID,ID_NUMBER,TYPE_ID,TERMINAL_ID,DELETE_FLAG,COLOR_ID_NUMBER_ID,AUTHORIZED_PAY_MASS) values ('B0000802','2200259', '测B02258', 4, 220259, 0, '2',15);

insert into T_SIMINFO (SIM_ID, ORG_CODE, DEPTCODE, STATE,PAY_MODLE, SIM_NUM) values(22260, 'B0000802', '中国移动', 1, '预付费', 13100002259);
insert into T_TERMINALINFO (TERMINAL_ID,TTYPE_ID,SIM_ID,TERMINAL_CODE,ORG_CODE,IS_VIDEO_TERMINAL,SP_SERVER_NAME,PROTOCOL_TYPE,CHANNELS,YT_PROTOCOL_TYPE) values(220260, 4, 22260, '1002259', 'B0000802',1,'1076测试服务器','4',8,'0');
insert into V_VEHICLEINFO (ORG_CODE,VEHICLE_ID,ID_NUMBER,TYPE_ID,TERMINAL_ID,DELETE_FLAG,COLOR_ID_NUMBER_ID,AUTHORIZED_PAY_MASS) values ('B0000802','2200260', '测B02259', 4, 220260, 0, '2',15);

insert into T_SIMINFO (SIM_ID, ORG_CODE, DEPTCODE, STATE,PAY_MODLE, SIM_NUM) values(22261, 'B0000802', '中国移动', 1, '预付费', 13100002260);
insert into T_TERMINALINFO (TERMINAL_ID,TTYPE_ID,SIM_ID,TERMINAL_CODE,ORG_CODE,IS_VIDEO_TERMINAL,SP_SERVER_NAME,PROTOCOL_TYPE,CHANNELS,YT_PROTOCOL_TYPE) values(220261, 4, 22261, '1002260', 'B0000802',1,'1076测试服务器','4',8,'0');
insert into V_VEHICLEINFO (ORG_CODE,VEHICLE_ID,ID_NUMBER,TYPE_ID,TERMINAL_ID,DELETE_FLAG,COLOR_ID_NUMBER_ID,AUTHORIZED_PAY_MASS) values ('B0000802','2200261', '测B02260', 4, 220261, 0, '2',15);

insert into T_SIMINFO (SIM_ID, ORG_CODE, DEPTCODE, STATE,PAY_MODLE, SIM_NUM) values(22262, 'B0000802', '中国移动', 1, '预付费', 13100002261);
insert into T_TERMINALINFO (TERMINAL_ID,TTYPE_ID,SIM_ID,TERMINAL_CODE,ORG_CODE,IS_VIDEO_TERMINAL,SP_SERVER_NAME,PROTOCOL_TYPE,CHANNELS,YT_PROTOCOL_TYPE) values(220262, 4, 22262, '1002261', 'B0000802',1,'1076测试服务器','4',8,'0');
insert into V_VEHICLEINFO (ORG_CODE,VEHICLE_ID,ID_NUMBER,TYPE_ID,TERMINAL_ID,DELETE_FLAG,COLOR_ID_NUMBER_ID,AUTHORIZED_PAY_MASS) values ('B0000802','2200262', '测B02261', 4, 220262, 0, '2',15);

insert into T_SIMINFO (SIM_ID, ORG_CODE, DEPTCODE, STATE,PAY_MODLE, SIM_NUM) values(22263, 'B0000802', '中国移动', 1, '预付费', 13100002262);
insert into T_TERMINALINFO (TERMINAL_ID,TTYPE_ID,SIM_ID,TERMINAL_CODE,ORG_CODE,IS_VIDEO_TERMINAL,SP_SERVER_NAME,PROTOCOL_TYPE,CHANNELS,YT_PROTOCOL_TYPE) values(220263, 4, 22263, '1002262', 'B0000802',1,'1076测试服务器','4',8,'0');
insert into V_VEHICLEINFO (ORG_CODE,VEHICLE_ID,ID_NUMBER,TYPE_ID,TERMINAL_ID,DELETE_FLAG,COLOR_ID_NUMBER_ID,AUTHORIZED_PAY_MASS) values ('B0000802','2200263', '测B02262', 4, 220263, 0, '2',15);

insert into T_SIMINFO (SIM_ID, ORG_CODE, DEPTCODE, STATE,PAY_MODLE, SIM_NUM) values(22264, 'B0000802', '中国移动', 1, '预付费', 13100002263);
insert into T_TERMINALINFO (TERMINAL_ID,TTYPE_ID,SIM_ID,TERMINAL_CODE,ORG_CODE,IS_VIDEO_TERMINAL,SP_SERVER_NAME,PROTOCOL_TYPE,CHANNELS,YT_PROTOCOL_TYPE) values(220264, 4, 22264, '1002263', 'B0000802',1,'1076测试服务器','4',8,'0');
insert into V_VEHICLEINFO (ORG_CODE,VEHICLE_ID,ID_NUMBER,TYPE_ID,TERMINAL_ID,DELETE_FLAG,COLOR_ID_NUMBER_ID,AUTHORIZED_PAY_MASS) values ('B0000802','2200264', '测B02263', 4, 220264, 0, '2',15);

insert into T_SIMINFO (SIM_ID, ORG_CODE, DEPTCODE, STATE,PAY_MODLE, SIM_NUM) values(22265, 'B0000802', '中国移动', 1, '预付费', 13100002264);
insert into T_TERMINALINFO (TERMINAL_ID,TTYPE_ID,SIM_ID,TERMINAL_CODE,ORG_CODE,IS_VIDEO_TERMINAL,SP_SERVER_NAME,PROTOCOL_TYPE,CHANNELS,YT_PROTOCOL_TYPE) values(220265, 4, 22265, '1002264', 'B0000802',1,'1076测试服务器','4',8,'0');
insert into V_VEHICLEINFO (ORG_CODE,VEHICLE_ID,ID_NUMBER,TYPE_ID,TERMINAL_ID,DELETE_FLAG,COLOR_ID_NUMBER_ID,AUTHORIZED_PAY_MASS) values ('B0000802','2200265', '测B02264', 4, 220265, 0, '2',15);

insert into T_SIMINFO (SIM_ID, ORG_CODE, DEPTCODE, STATE,PAY_MODLE, SIM_NUM) values(22266, 'B0000802', '中国移动', 1, '预付费', 13100002265);
insert into T_TERMINALINFO (TERMINAL_ID,TTYPE_ID,SIM_ID,TERMINAL_CODE,ORG_CODE,IS_VIDEO_TERMINAL,SP_SERVER_NAME,PROTOCOL_TYPE,CHANNELS,YT_PROTOCOL_TYPE) values(220266, 4, 22266, '1002265', 'B0000802',1,'1076测试服务器','4',8,'0');
insert into V_VEHICLEINFO (ORG_CODE,VEHICLE_ID,ID_NUMBER,TYPE_ID,TERMINAL_ID,DELETE_FLAG,COLOR_ID_NUMBER_ID,AUTHORIZED_PAY_MASS) values ('B0000802','2200266', '测B02265', 4, 220266, 0, '2',15);

insert into T_SIMINFO (SIM_ID, ORG_CODE, DEPTCODE, STATE,PAY_MODLE, SIM_NUM) values(22267, 'B0000802', '中国移动', 1, '预付费', 13100002266);
insert into T_TERMINALINFO (TERMINAL_ID,TTYPE_ID,SIM_ID,TERMINAL_CODE,ORG_CODE,IS_VIDEO_TERMINAL,SP_SERVER_NAME,PROTOCOL_TYPE,CHANNELS,YT_PROTOCOL_TYPE) values(220267, 4, 22267, '1002266', 'B0000802',1,'1076测试服务器','4',8,'0');
insert into V_VEHICLEINFO (ORG_CODE,VEHICLE_ID,ID_NUMBER,TYPE_ID,TERMINAL_ID,DELETE_FLAG,COLOR_ID_NUMBER_ID,AUTHORIZED_PAY_MASS) values ('B0000802','2200267', '测B02266', 4, 220267, 0, '2',15);

insert into T_SIMINFO (SIM_ID, ORG_CODE, DEPTCODE, STATE,PAY_MODLE, SIM_NUM) values(22268, 'B0000802', '中国移动', 1, '预付费', 13100002267);
insert into T_TERMINALINFO (TERMINAL_ID,TTYPE_ID,SIM_ID,TERMINAL_CODE,ORG_CODE,IS_VIDEO_TERMINAL,SP_SERVER_NAME,PROTOCOL_TYPE,CHANNELS,YT_PROTOCOL_TYPE) values(220268, 4, 22268, '1002267', 'B0000802',1,'1076测试服务器','4',8,'0');
insert into V_VEHICLEINFO (ORG_CODE,VEHICLE_ID,ID_NUMBER,TYPE_ID,TERMINAL_ID,DELETE_FLAG,COLOR_ID_NUMBER_ID,AUTHORIZED_PAY_MASS) values ('B0000802','2200268', '测B02267', 4, 220268, 0, '2',15);

insert into T_SIMINFO (SIM_ID, ORG_CODE, DEPTCODE, STATE,PAY_MODLE, SIM_NUM) values(22269, 'B0000802', '中国移动', 1, '预付费', 13100002268);
insert into T_TERMINALINFO (TERMINAL_ID,TTYPE_ID,SIM_ID,TERMINAL_CODE,ORG_CODE,IS_VIDEO_TERMINAL,SP_SERVER_NAME,PROTOCOL_TYPE,CHANNELS,YT_PROTOCOL_TYPE) values(220269, 4, 22269, '1002268', 'B0000802',1,'1076测试服务器','4',8,'0');
insert into V_VEHICLEINFO (ORG_CODE,VEHICLE_ID,ID_NUMBER,TYPE_ID,TERMINAL_ID,DELETE_FLAG,COLOR_ID_NUMBER_ID,AUTHORIZED_PAY_MASS) values ('B0000802','2200269', '测B02268', 4, 220269, 0, '2',15);

insert into T_SIMINFO (SIM_ID, ORG_CODE, DEPTCODE, STATE,PAY_MODLE, SIM_NUM) values(22270, 'B0000802', '中国移动', 1, '预付费', 13100002269);
insert into T_TERMINALINFO (TERMINAL_ID,TTYPE_ID,SIM_ID,TERMINAL_CODE,ORG_CODE,IS_VIDEO_TERMINAL,SP_SERVER_NAME,PROTOCOL_TYPE,CHANNELS,YT_PROTOCOL_TYPE) values(220270, 4, 22270, '1002269', 'B0000802',1,'1076测试服务器','4',8,'0');
insert into V_VEHICLEINFO (ORG_CODE,VEHICLE_ID,ID_NUMBER,TYPE_ID,TERMINAL_ID,DELETE_FLAG,COLOR_ID_NUMBER_ID,AUTHORIZED_PAY_MASS) values ('B0000802','2200270', '测B02269', 4, 220270, 0, '2',15);

insert into T_SIMINFO (SIM_ID, ORG_CODE, DEPTCODE, STATE,PAY_MODLE, SIM_NUM) values(22271, 'B0000802', '中国移动', 1, '预付费', 13100002270);
insert into T_TERMINALINFO (TERMINAL_ID,TTYPE_ID,SIM_ID,TERMINAL_CODE,ORG_CODE,IS_VIDEO_TERMINAL,SP_SERVER_NAME,PROTOCOL_TYPE,CHANNELS,YT_PROTOCOL_TYPE) values(220271, 4, 22271, '1002270', 'B0000802',1,'1076测试服务器','4',8,'0');
insert into V_VEHICLEINFO (ORG_CODE,VEHICLE_ID,ID_NUMBER,TYPE_ID,TERMINAL_ID,DELETE_FLAG,COLOR_ID_NUMBER_ID,AUTHORIZED_PAY_MASS) values ('B0000802','2200271', '测B02270', 4, 220271, 0, '2',15);

insert into T_SIMINFO (SIM_ID, ORG_CODE, DEPTCODE, STATE,PAY_MODLE, SIM_NUM) values(22272, 'B0000802', '中国移动', 1, '预付费', 13100002271);
insert into T_TERMINALINFO (TERMINAL_ID,TTYPE_ID,SIM_ID,TERMINAL_CODE,ORG_CODE,IS_VIDEO_TERMINAL,SP_SERVER_NAME,PROTOCOL_TYPE,CHANNELS,YT_PROTOCOL_TYPE) values(220272, 4, 22272, '1002271', 'B0000802',1,'1076测试服务器','4',8,'0');
insert into V_VEHICLEINFO (ORG_CODE,VEHICLE_ID,ID_NUMBER,TYPE_ID,TERMINAL_ID,DELETE_FLAG,COLOR_ID_NUMBER_ID,AUTHORIZED_PAY_MASS) values ('B0000802','2200272', '测B02271', 4, 220272, 0, '2',15);

insert into T_SIMINFO (SIM_ID, ORG_CODE, DEPTCODE, STATE,PAY_MODLE, SIM_NUM) values(22273, 'B0000802', '中国移动', 1, '预付费', 13100002272);
insert into T_TERMINALINFO (TERMINAL_ID,TTYPE_ID,SIM_ID,TERMINAL_CODE,ORG_CODE,IS_VIDEO_TERMINAL,SP_SERVER_NAME,PROTOCOL_TYPE,CHANNELS,YT_PROTOCOL_TYPE) values(220273, 4, 22273, '1002272', 'B0000802',1,'1076测试服务器','4',8,'0');
insert into V_VEHICLEINFO (ORG_CODE,VEHICLE_ID,ID_NUMBER,TYPE_ID,TERMINAL_ID,DELETE_FLAG,COLOR_ID_NUMBER_ID,AUTHORIZED_PAY_MASS) values ('B0000802','2200273', '测B02272', 4, 220273, 0, '2',15);

insert into T_SIMINFO (SIM_ID, ORG_CODE, DEPTCODE, STATE,PAY_MODLE, SIM_NUM) values(22274, 'B0000802', '中国移动', 1, '预付费', 13100002273);
insert into T_TERMINALINFO (TERMINAL_ID,TTYPE_ID,SIM_ID,TERMINAL_CODE,ORG_CODE,IS_VIDEO_TERMINAL,SP_SERVER_NAME,PROTOCOL_TYPE,CHANNELS,YT_PROTOCOL_TYPE) values(220274, 4, 22274, '1002273', 'B0000802',1,'1076测试服务器','4',8,'0');
insert into V_VEHICLEINFO (ORG_CODE,VEHICLE_ID,ID_NUMBER,TYPE_ID,TERMINAL_ID,DELETE_FLAG,COLOR_ID_NUMBER_ID,AUTHORIZED_PAY_MASS) values ('B0000802','2200274', '测B02273', 4, 220274, 0, '2',15);

insert into T_SIMINFO (SIM_ID, ORG_CODE, DEPTCODE, STATE,PAY_MODLE, SIM_NUM) values(22275, 'B0000802', '中国移动', 1, '预付费', 13100002274);
insert into T_TERMINALINFO (TERMINAL_ID,TTYPE_ID,SIM_ID,TERMINAL_CODE,ORG_CODE,IS_VIDEO_TERMINAL,SP_SERVER_NAME,PROTOCOL_TYPE,CHANNELS,YT_PROTOCOL_TYPE) values(220275, 4, 22275, '1002274', 'B0000802',1,'1076测试服务器','4',8,'0');
insert into V_VEHICLEINFO (ORG_CODE,VEHICLE_ID,ID_NUMBER,TYPE_ID,TERMINAL_ID,DELETE_FLAG,COLOR_ID_NUMBER_ID,AUTHORIZED_PAY_MASS) values ('B0000802','2200275', '测B02274', 4, 220275, 0, '2',15);

insert into T_SIMINFO (SIM_ID, ORG_CODE, DEPTCODE, STATE,PAY_MODLE, SIM_NUM) values(22276, 'B0000802', '中国移动', 1, '预付费', 13100002275);
insert into T_TERMINALINFO (TERMINAL_ID,TTYPE_ID,SIM_ID,TERMINAL_CODE,ORG_CODE,IS_VIDEO_TERMINAL,SP_SERVER_NAME,PROTOCOL_TYPE,CHANNELS,YT_PROTOCOL_TYPE) values(220276, 4, 22276, '1002275', 'B0000802',1,'1076测试服务器','4',8,'0');
insert into V_VEHICLEINFO (ORG_CODE,VEHICLE_ID,ID_NUMBER,TYPE_ID,TERMINAL_ID,DELETE_FLAG,COLOR_ID_NUMBER_ID,AUTHORIZED_PAY_MASS) values ('B0000802','2200276', '测B02275', 4, 220276, 0, '2',15);

insert into T_SIMINFO (SIM_ID, ORG_CODE, DEPTCODE, STATE,PAY_MODLE, SIM_NUM) values(22277, 'B0000802', '中国移动', 1, '预付费', 13100002276);
insert into T_TERMINALINFO (TERMINAL_ID,TTYPE_ID,SIM_ID,TERMINAL_CODE,ORG_CODE,IS_VIDEO_TERMINAL,SP_SERVER_NAME,PROTOCOL_TYPE,CHANNELS,YT_PROTOCOL_TYPE) values(220277, 4, 22277, '1002276', 'B0000802',1,'1076测试服务器','4',8,'0');
insert into V_VEHICLEINFO (ORG_CODE,VEHICLE_ID,ID_NUMBER,TYPE_ID,TERMINAL_ID,DELETE_FLAG,COLOR_ID_NUMBER_ID,AUTHORIZED_PAY_MASS) values ('B0000802','2200277', '测B02276', 4, 220277, 0, '2',15);

insert into T_SIMINFO (SIM_ID, ORG_CODE, DEPTCODE, STATE,PAY_MODLE, SIM_NUM) values(22278, 'B0000802', '中国移动', 1, '预付费', 13100002277);
insert into T_TERMINALINFO (TERMINAL_ID,TTYPE_ID,SIM_ID,TERMINAL_CODE,ORG_CODE,IS_VIDEO_TERMINAL,SP_SERVER_NAME,PROTOCOL_TYPE,CHANNELS,YT_PROTOCOL_TYPE) values(220278, 4, 22278, '1002277', 'B0000802',1,'1076测试服务器','4',8,'0');
insert into V_VEHICLEINFO (ORG_CODE,VEHICLE_ID,ID_NUMBER,TYPE_ID,TERMINAL_ID,DELETE_FLAG,COLOR_ID_NUMBER_ID,AUTHORIZED_PAY_MASS) values ('B0000802','2200278', '测B02277', 4, 220278, 0, '2',15);

insert into T_SIMINFO (SIM_ID, ORG_CODE, DEPTCODE, STATE,PAY_MODLE, SIM_NUM) values(22279, 'B0000802', '中国移动', 1, '预付费', 13100002278);
insert into T_TERMINALINFO (TERMINAL_ID,TTYPE_ID,SIM_ID,TERMINAL_CODE,ORG_CODE,IS_VIDEO_TERMINAL,SP_SERVER_NAME,PROTOCOL_TYPE,CHANNELS,YT_PROTOCOL_TYPE) values(220279, 4, 22279, '1002278', 'B0000802',1,'1076测试服务器','4',8,'0');
insert into V_VEHICLEINFO (ORG_CODE,VEHICLE_ID,ID_NUMBER,TYPE_ID,TERMINAL_ID,DELETE_FLAG,COLOR_ID_NUMBER_ID,AUTHORIZED_PAY_MASS) values ('B0000802','2200279', '测B02278', 4, 220279, 0, '2',15);

insert into T_SIMINFO (SIM_ID, ORG_CODE, DEPTCODE, STATE,PAY_MODLE, SIM_NUM) values(22280, 'B0000802', '中国移动', 1, '预付费', 13100002279);
insert into T_TERMINALINFO (TERMINAL_ID,TTYPE_ID,SIM_ID,TERMINAL_CODE,ORG_CODE,IS_VIDEO_TERMINAL,SP_SERVER_NAME,PROTOCOL_TYPE,CHANNELS,YT_PROTOCOL_TYPE) values(220280, 4, 22280, '1002279', 'B0000802',1,'1076测试服务器','4',8,'0');
insert into V_VEHICLEINFO (ORG_CODE,VEHICLE_ID,ID_NUMBER,TYPE_ID,TERMINAL_ID,DELETE_FLAG,COLOR_ID_NUMBER_ID,AUTHORIZED_PAY_MASS) values ('B0000802','2200280', '测B02279', 4, 220280, 0, '2',15);

insert into T_SIMINFO (SIM_ID, ORG_CODE, DEPTCODE, STATE,PAY_MODLE, SIM_NUM) values(22281, 'B0000802', '中国移动', 1, '预付费', 13100002280);
insert into T_TERMINALINFO (TERMINAL_ID,TTYPE_ID,SIM_ID,TERMINAL_CODE,ORG_CODE,IS_VIDEO_TERMINAL,SP_SERVER_NAME,PROTOCOL_TYPE,CHANNELS,YT_PROTOCOL_TYPE) values(220281, 4, 22281, '1002280', 'B0000802',1,'1076测试服务器','4',8,'0');
insert into V_VEHICLEINFO (ORG_CODE,VEHICLE_ID,ID_NUMBER,TYPE_ID,TERMINAL_ID,DELETE_FLAG,COLOR_ID_NUMBER_ID,AUTHORIZED_PAY_MASS) values ('B0000802','2200281', '测B02280', 4, 220281, 0, '2',15);

insert into T_SIMINFO (SIM_ID, ORG_CODE, DEPTCODE, STATE,PAY_MODLE, SIM_NUM) values(22282, 'B0000802', '中国移动', 1, '预付费', 13100002281);
insert into T_TERMINALINFO (TERMINAL_ID,TTYPE_ID,SIM_ID,TERMINAL_CODE,ORG_CODE,IS_VIDEO_TERMINAL,SP_SERVER_NAME,PROTOCOL_TYPE,CHANNELS,YT_PROTOCOL_TYPE) values(220282, 4, 22282, '1002281', 'B0000802',1,'1076测试服务器','4',8,'0');
insert into V_VEHICLEINFO (ORG_CODE,VEHICLE_ID,ID_NUMBER,TYPE_ID,TERMINAL_ID,DELETE_FLAG,COLOR_ID_NUMBER_ID,AUTHORIZED_PAY_MASS) values ('B0000802','2200282', '测B02281', 4, 220282, 0, '2',15);

insert into T_SIMINFO (SIM_ID, ORG_CODE, DEPTCODE, STATE,PAY_MODLE, SIM_NUM) values(22283, 'B0000802', '中国移动', 1, '预付费', 13100002282);
insert into T_TERMINALINFO (TERMINAL_ID,TTYPE_ID,SIM_ID,TERMINAL_CODE,ORG_CODE,IS_VIDEO_TERMINAL,SP_SERVER_NAME,PROTOCOL_TYPE,CHANNELS,YT_PROTOCOL_TYPE) values(220283, 4, 22283, '1002282', 'B0000802',1,'1076测试服务器','4',8,'0');
insert into V_VEHICLEINFO (ORG_CODE,VEHICLE_ID,ID_NUMBER,TYPE_ID,TERMINAL_ID,DELETE_FLAG,COLOR_ID_NUMBER_ID,AUTHORIZED_PAY_MASS) values ('B0000802','2200283', '测B02282', 4, 220283, 0, '2',15);

insert into T_SIMINFO (SIM_ID, ORG_CODE, DEPTCODE, STATE,PAY_MODLE, SIM_NUM) values(22284, 'B0000802', '中国移动', 1, '预付费', 13100002283);
insert into T_TERMINALINFO (TERMINAL_ID,TTYPE_ID,SIM_ID,TERMINAL_CODE,ORG_CODE,IS_VIDEO_TERMINAL,SP_SERVER_NAME,PROTOCOL_TYPE,CHANNELS,YT_PROTOCOL_TYPE) values(220284, 4, 22284, '1002283', 'B0000802',1,'1076测试服务器','4',8,'0');
insert into V_VEHICLEINFO (ORG_CODE,VEHICLE_ID,ID_NUMBER,TYPE_ID,TERMINAL_ID,DELETE_FLAG,COLOR_ID_NUMBER_ID,AUTHORIZED_PAY_MASS) values ('B0000802','2200284', '测B02283', 4, 220284, 0, '2',15);

insert into T_SIMINFO (SIM_ID, ORG_CODE, DEPTCODE, STATE,PAY_MODLE, SIM_NUM) values(22285, 'B0000802', '中国移动', 1, '预付费', 13100002284);
insert into T_TERMINALINFO (TERMINAL_ID,TTYPE_ID,SIM_ID,TERMINAL_CODE,ORG_CODE,IS_VIDEO_TERMINAL,SP_SERVER_NAME,PROTOCOL_TYPE,CHANNELS,YT_PROTOCOL_TYPE) values(220285, 4, 22285, '1002284', 'B0000802',1,'1076测试服务器','4',8,'0');
insert into V_VEHICLEINFO (ORG_CODE,VEHICLE_ID,ID_NUMBER,TYPE_ID,TERMINAL_ID,DELETE_FLAG,COLOR_ID_NUMBER_ID,AUTHORIZED_PAY_MASS) values ('B0000802','2200285', '测B02284', 4, 220285, 0, '2',15);

insert into T_SIMINFO (SIM_ID, ORG_CODE, DEPTCODE, STATE,PAY_MODLE, SIM_NUM) values(22286, 'B0000802', '中国移动', 1, '预付费', 13100002285);
insert into T_TERMINALINFO (TERMINAL_ID,TTYPE_ID,SIM_ID,TERMINAL_CODE,ORG_CODE,IS_VIDEO_TERMINAL,SP_SERVER_NAME,PROTOCOL_TYPE,CHANNELS,YT_PROTOCOL_TYPE) values(220286, 4, 22286, '1002285', 'B0000802',1,'1076测试服务器','4',8,'0');
insert into V_VEHICLEINFO (ORG_CODE,VEHICLE_ID,ID_NUMBER,TYPE_ID,TERMINAL_ID,DELETE_FLAG,COLOR_ID_NUMBER_ID,AUTHORIZED_PAY_MASS) values ('B0000802','2200286', '测B02285', 4, 220286, 0, '2',15);

insert into T_SIMINFO (SIM_ID, ORG_CODE, DEPTCODE, STATE,PAY_MODLE, SIM_NUM) values(22287, 'B0000802', '中国移动', 1, '预付费', 13100002286);
insert into T_TERMINALINFO (TERMINAL_ID,TTYPE_ID,SIM_ID,TERMINAL_CODE,ORG_CODE,IS_VIDEO_TERMINAL,SP_SERVER_NAME,PROTOCOL_TYPE,CHANNELS,YT_PROTOCOL_TYPE) values(220287, 4, 22287, '1002286', 'B0000802',1,'1076测试服务器','4',8,'0');
insert into V_VEHICLEINFO (ORG_CODE,VEHICLE_ID,ID_NUMBER,TYPE_ID,TERMINAL_ID,DELETE_FLAG,COLOR_ID_NUMBER_ID,AUTHORIZED_PAY_MASS) values ('B0000802','2200287', '测B02286', 4, 220287, 0, '2',15);

insert into T_SIMINFO (SIM_ID, ORG_CODE, DEPTCODE, STATE,PAY_MODLE, SIM_NUM) values(22288, 'B0000802', '中国移动', 1, '预付费', 13100002287);
insert into T_TERMINALINFO (TERMINAL_ID,TTYPE_ID,SIM_ID,TERMINAL_CODE,ORG_CODE,IS_VIDEO_TERMINAL,SP_SERVER_NAME,PROTOCOL_TYPE,CHANNELS,YT_PROTOCOL_TYPE) values(220288, 4, 22288, '1002287', 'B0000802',1,'1076测试服务器','4',8,'0');
insert into V_VEHICLEINFO (ORG_CODE,VEHICLE_ID,ID_NUMBER,TYPE_ID,TERMINAL_ID,DELETE_FLAG,COLOR_ID_NUMBER_ID,AUTHORIZED_PAY_MASS) values ('B0000802','2200288', '测B02287', 4, 220288, 0, '2',15);

insert into T_SIMINFO (SIM_ID, ORG_CODE, DEPTCODE, STATE,PAY_MODLE, SIM_NUM) values(22289, 'B0000802', '中国移动', 1, '预付费', 13100002288);
insert into T_TERMINALINFO (TERMINAL_ID,TTYPE_ID,SIM_ID,TERMINAL_CODE,ORG_CODE,IS_VIDEO_TERMINAL,SP_SERVER_NAME,PROTOCOL_TYPE,CHANNELS,YT_PROTOCOL_TYPE) values(220289, 4, 22289, '1002288', 'B0000802',1,'1076测试服务器','4',8,'0');
insert into V_VEHICLEINFO (ORG_CODE,VEHICLE_ID,ID_NUMBER,TYPE_ID,TERMINAL_ID,DELETE_FLAG,COLOR_ID_NUMBER_ID,AUTHORIZED_PAY_MASS) values ('B0000802','2200289', '测B02288', 4, 220289, 0, '2',15);

insert into T_SIMINFO (SIM_ID, ORG_CODE, DEPTCODE, STATE,PAY_MODLE, SIM_NUM) values(22290, 'B0000802', '中国移动', 1, '预付费', 13100002289);
insert into T_TERMINALINFO (TERMINAL_ID,TTYPE_ID,SIM_ID,TERMINAL_CODE,ORG_CODE,IS_VIDEO_TERMINAL,SP_SERVER_NAME,PROTOCOL_TYPE,CHANNELS,YT_PROTOCOL_TYPE) values(220290, 4, 22290, '1002289', 'B0000802',1,'1076测试服务器','4',8,'0');
insert into V_VEHICLEINFO (ORG_CODE,VEHICLE_ID,ID_NUMBER,TYPE_ID,TERMINAL_ID,DELETE_FLAG,COLOR_ID_NUMBER_ID,AUTHORIZED_PAY_MASS) values ('B0000802','2200290', '测B02289', 4, 220290, 0, '2',15);

insert into T_SIMINFO (SIM_ID, ORG_CODE, DEPTCODE, STATE,PAY_MODLE, SIM_NUM) values(22291, 'B0000802', '中国移动', 1, '预付费', 13100002290);
insert into T_TERMINALINFO (TERMINAL_ID,TTYPE_ID,SIM_ID,TERMINAL_CODE,ORG_CODE,IS_VIDEO_TERMINAL,SP_SERVER_NAME,PROTOCOL_TYPE,CHANNELS,YT_PROTOCOL_TYPE) values(220291, 4, 22291, '1002290', 'B0000802',1,'1076测试服务器','4',8,'0');
insert into V_VEHICLEINFO (ORG_CODE,VEHICLE_ID,ID_NUMBER,TYPE_ID,TERMINAL_ID,DELETE_FLAG,COLOR_ID_NUMBER_ID,AUTHORIZED_PAY_MASS) values ('B0000802','2200291', '测B02290', 4, 220291, 0, '2',15);

insert into T_SIMINFO (SIM_ID, ORG_CODE, DEPTCODE, STATE,PAY_MODLE, SIM_NUM) values(22292, 'B0000802', '中国移动', 1, '预付费', 13100002291);
insert into T_TERMINALINFO (TERMINAL_ID,TTYPE_ID,SIM_ID,TERMINAL_CODE,ORG_CODE,IS_VIDEO_TERMINAL,SP_SERVER_NAME,PROTOCOL_TYPE,CHANNELS,YT_PROTOCOL_TYPE) values(220292, 4, 22292, '1002291', 'B0000802',1,'1076测试服务器','4',8,'0');
insert into V_VEHICLEINFO (ORG_CODE,VEHICLE_ID,ID_NUMBER,TYPE_ID,TERMINAL_ID,DELETE_FLAG,COLOR_ID_NUMBER_ID,AUTHORIZED_PAY_MASS) values ('B0000802','2200292', '测B02291', 4, 220292, 0, '2',15);

insert into T_SIMINFO (SIM_ID, ORG_CODE, DEPTCODE, STATE,PAY_MODLE, SIM_NUM) values(22293, 'B0000802', '中国移动', 1, '预付费', 13100002292);
insert into T_TERMINALINFO (TERMINAL_ID,TTYPE_ID,SIM_ID,TERMINAL_CODE,ORG_CODE,IS_VIDEO_TERMINAL,SP_SERVER_NAME,PROTOCOL_TYPE,CHANNELS,YT_PROTOCOL_TYPE) values(220293, 4, 22293, '1002292', 'B0000802',1,'1076测试服务器','4',8,'0');
insert into V_VEHICLEINFO (ORG_CODE,VEHICLE_ID,ID_NUMBER,TYPE_ID,TERMINAL_ID,DELETE_FLAG,COLOR_ID_NUMBER_ID,AUTHORIZED_PAY_MASS) values ('B0000802','2200293', '测B02292', 4, 220293, 0, '2',15);

insert into T_SIMINFO (SIM_ID, ORG_CODE, DEPTCODE, STATE,PAY_MODLE, SIM_NUM) values(22294, 'B0000802', '中国移动', 1, '预付费', 13100002293);
insert into T_TERMINALINFO (TERMINAL_ID,TTYPE_ID,SIM_ID,TERMINAL_CODE,ORG_CODE,IS_VIDEO_TERMINAL,SP_SERVER_NAME,PROTOCOL_TYPE,CHANNELS,YT_PROTOCOL_TYPE) values(220294, 4, 22294, '1002293', 'B0000802',1,'1076测试服务器','4',8,'0');
insert into V_VEHICLEINFO (ORG_CODE,VEHICLE_ID,ID_NUMBER,TYPE_ID,TERMINAL_ID,DELETE_FLAG,COLOR_ID_NUMBER_ID,AUTHORIZED_PAY_MASS) values ('B0000802','2200294', '测B02293', 4, 220294, 0, '2',15);

insert into T_SIMINFO (SIM_ID, ORG_CODE, DEPTCODE, STATE,PAY_MODLE, SIM_NUM) values(22295, 'B0000802', '中国移动', 1, '预付费', 13100002294);
insert into T_TERMINALINFO (TERMINAL_ID,TTYPE_ID,SIM_ID,TERMINAL_CODE,ORG_CODE,IS_VIDEO_TERMINAL,SP_SERVER_NAME,PROTOCOL_TYPE,CHANNELS,YT_PROTOCOL_TYPE) values(220295, 4, 22295, '1002294', 'B0000802',1,'1076测试服务器','4',8,'0');
insert into V_VEHICLEINFO (ORG_CODE,VEHICLE_ID,ID_NUMBER,TYPE_ID,TERMINAL_ID,DELETE_FLAG,COLOR_ID_NUMBER_ID,AUTHORIZED_PAY_MASS) values ('B0000802','2200295', '测B02294', 4, 220295, 0, '2',15);

insert into T_SIMINFO (SIM_ID, ORG_CODE, DEPTCODE, STATE,PAY_MODLE, SIM_NUM) values(22296, 'B0000802', '中国移动', 1, '预付费', 13100002295);
insert into T_TERMINALINFO (TERMINAL_ID,TTYPE_ID,SIM_ID,TERMINAL_CODE,ORG_CODE,IS_VIDEO_TERMINAL,SP_SERVER_NAME,PROTOCOL_TYPE,CHANNELS,YT_PROTOCOL_TYPE) values(220296, 4, 22296, '1002295', 'B0000802',1,'1076测试服务器','4',8,'0');
insert into V_VEHICLEINFO (ORG_CODE,VEHICLE_ID,ID_NUMBER,TYPE_ID,TERMINAL_ID,DELETE_FLAG,COLOR_ID_NUMBER_ID,AUTHORIZED_PAY_MASS) values ('B0000802','2200296', '测B02295', 4, 220296, 0, '2',15);

insert into T_SIMINFO (SIM_ID, ORG_CODE, DEPTCODE, STATE,PAY_MODLE, SIM_NUM) values(22297, 'B0000802', '中国移动', 1, '预付费', 13100002296);
insert into T_TERMINALINFO (TERMINAL_ID,TTYPE_ID,SIM_ID,TERMINAL_CODE,ORG_CODE,IS_VIDEO_TERMINAL,SP_SERVER_NAME,PROTOCOL_TYPE,CHANNELS,YT_PROTOCOL_TYPE) values(220297, 4, 22297, '1002296', 'B0000802',1,'1076测试服务器','4',8,'0');
insert into V_VEHICLEINFO (ORG_CODE,VEHICLE_ID,ID_NUMBER,TYPE_ID,TERMINAL_ID,DELETE_FLAG,COLOR_ID_NUMBER_ID,AUTHORIZED_PAY_MASS) values ('B0000802','2200297', '测B02296', 4, 220297, 0, '2',15);

insert into T_SIMINFO (SIM_ID, ORG_CODE, DEPTCODE, STATE,PAY_MODLE, SIM_NUM) values(22298, 'B0000802', '中国移动', 1, '预付费', 13100002297);
insert into T_TERMINALINFO (TERMINAL_ID,TTYPE_ID,SIM_ID,TERMINAL_CODE,ORG_CODE,IS_VIDEO_TERMINAL,SP_SERVER_NAME,PROTOCOL_TYPE,CHANNELS,YT_PROTOCOL_TYPE) values(220298, 4, 22298, '1002297', 'B0000802',1,'1076测试服务器','4',8,'0');
insert into V_VEHICLEINFO (ORG_CODE,VEHICLE_ID,ID_NUMBER,TYPE_ID,TERMINAL_ID,DELETE_FLAG,COLOR_ID_NUMBER_ID,AUTHORIZED_PAY_MASS) values ('B0000802','2200298', '测B02297', 4, 220298, 0, '2',15);

insert into T_SIMINFO (SIM_ID, ORG_CODE, DEPTCODE, STATE,PAY_MODLE, SIM_NUM) values(22299, 'B0000802', '中国移动', 1, '预付费', 13100002298);
insert into T_TERMINALINFO (TERMINAL_ID,TTYPE_ID,SIM_ID,TERMINAL_CODE,ORG_CODE,IS_VIDEO_TERMINAL,SP_SERVER_NAME,PROTOCOL_TYPE,CHANNELS,YT_PROTOCOL_TYPE) values(220299, 4, 22299, '1002298', 'B0000802',1,'1076测试服务器','4',8,'0');
insert into V_VEHICLEINFO (ORG_CODE,VEHICLE_ID,ID_NUMBER,TYPE_ID,TERMINAL_ID,DELETE_FLAG,COLOR_ID_NUMBER_ID,AUTHORIZED_PAY_MASS) values ('B0000802','2200299', '测B02298', 4, 220299, 0, '2',15);

insert into T_SIMINFO (SIM_ID, ORG_CODE, DEPTCODE, STATE,PAY_MODLE, SIM_NUM) values(22300, 'B0000802', '中国移动', 1, '预付费', 13100002299);
insert into T_TERMINALINFO (TERMINAL_ID,TTYPE_ID,SIM_ID,TERMINAL_CODE,ORG_CODE,IS_VIDEO_TERMINAL,SP_SERVER_NAME,PROTOCOL_TYPE,CHANNELS,YT_PROTOCOL_TYPE) values(220300, 4, 22300, '1002299', 'B0000802',1,'1076测试服务器','4',8,'0');
insert into V_VEHICLEINFO (ORG_CODE,VEHICLE_ID,ID_NUMBER,TYPE_ID,TERMINAL_ID,DELETE_FLAG,COLOR_ID_NUMBER_ID,AUTHORIZED_PAY_MASS) values ('B0000802','2200300', '测B02299', 4, 220300, 0, '2',15);

insert into T_SIMINFO (SIM_ID, ORG_CODE, DEPTCODE, STATE,PAY_MODLE, SIM_NUM) values(22301, 'B0000802', '中国移动', 1, '预付费', 13100002300);
insert into T_TERMINALINFO (TERMINAL_ID,TTYPE_ID,SIM_ID,TERMINAL_CODE,ORG_CODE,IS_VIDEO_TERMINAL,SP_SERVER_NAME,PROTOCOL_TYPE,CHANNELS,YT_PROTOCOL_TYPE) values(220301, 4, 22301, '1002300', 'B0000802',1,'1076测试服务器','4',8,'0');
insert into V_VEHICLEINFO (ORG_CODE,VEHICLE_ID,ID_NUMBER,TYPE_ID,TERMINAL_ID,DELETE_FLAG,COLOR_ID_NUMBER_ID,AUTHORIZED_PAY_MASS) values ('B0000802','2200301', '测B02300', 4, 220301, 0, '2',15);

insert into T_SIMINFO (SIM_ID, ORG_CODE, DEPTCODE, STATE,PAY_MODLE, SIM_NUM) values(22302, 'B0000802', '中国移动', 1, '预付费', 13100002301);
insert into T_TERMINALINFO (TERMINAL_ID,TTYPE_ID,SIM_ID,TERMINAL_CODE,ORG_CODE,IS_VIDEO_TERMINAL,SP_SERVER_NAME,PROTOCOL_TYPE,CHANNELS,YT_PROTOCOL_TYPE) values(220302, 4, 22302, '1002301', 'B0000802',1,'1076测试服务器','4',8,'0');
insert into V_VEHICLEINFO (ORG_CODE,VEHICLE_ID,ID_NUMBER,TYPE_ID,TERMINAL_ID,DELETE_FLAG,COLOR_ID_NUMBER_ID,AUTHORIZED_PAY_MASS) values ('B0000802','2200302', '测B02301', 4, 220302, 0, '2',15);

insert into T_SIMINFO (SIM_ID, ORG_CODE, DEPTCODE, STATE,PAY_MODLE, SIM_NUM) values(22303, 'B0000802', '中国移动', 1, '预付费', 13100002302);
insert into T_TERMINALINFO (TERMINAL_ID,TTYPE_ID,SIM_ID,TERMINAL_CODE,ORG_CODE,IS_VIDEO_TERMINAL,SP_SERVER_NAME,PROTOCOL_TYPE,CHANNELS,YT_PROTOCOL_TYPE) values(220303, 4, 22303, '1002302', 'B0000802',1,'1076测试服务器','4',8,'0');
insert into V_VEHICLEINFO (ORG_CODE,VEHICLE_ID,ID_NUMBER,TYPE_ID,TERMINAL_ID,DELETE_FLAG,COLOR_ID_NUMBER_ID,AUTHORIZED_PAY_MASS) values ('B0000802','2200303', '测B02302', 4, 220303, 0, '2',15);

insert into T_SIMINFO (SIM_ID, ORG_CODE, DEPTCODE, STATE,PAY_MODLE, SIM_NUM) values(22304, 'B0000802', '中国移动', 1, '预付费', 13100002303);
insert into T_TERMINALINFO (TERMINAL_ID,TTYPE_ID,SIM_ID,TERMINAL_CODE,ORG_CODE,IS_VIDEO_TERMINAL,SP_SERVER_NAME,PROTOCOL_TYPE,CHANNELS,YT_PROTOCOL_TYPE) values(220304, 4, 22304, '1002303', 'B0000802',1,'1076测试服务器','4',8,'0');
insert into V_VEHICLEINFO (ORG_CODE,VEHICLE_ID,ID_NUMBER,TYPE_ID,TERMINAL_ID,DELETE_FLAG,COLOR_ID_NUMBER_ID,AUTHORIZED_PAY_MASS) values ('B0000802','2200304', '测B02303', 4, 220304, 0, '2',15);

insert into T_SIMINFO (SIM_ID, ORG_CODE, DEPTCODE, STATE,PAY_MODLE, SIM_NUM) values(22305, 'B0000802', '中国移动', 1, '预付费', 13100002304);
insert into T_TERMINALINFO (TERMINAL_ID,TTYPE_ID,SIM_ID,TERMINAL_CODE,ORG_CODE,IS_VIDEO_TERMINAL,SP_SERVER_NAME,PROTOCOL_TYPE,CHANNELS,YT_PROTOCOL_TYPE) values(220305, 4, 22305, '1002304', 'B0000802',1,'1076测试服务器','4',8,'0');
insert into V_VEHICLEINFO (ORG_CODE,VEHICLE_ID,ID_NUMBER,TYPE_ID,TERMINAL_ID,DELETE_FLAG,COLOR_ID_NUMBER_ID,AUTHORIZED_PAY_MASS) values ('B0000802','2200305', '测B02304', 4, 220305, 0, '2',15);

insert into T_SIMINFO (SIM_ID, ORG_CODE, DEPTCODE, STATE,PAY_MODLE, SIM_NUM) values(22306, 'B0000802', '中国移动', 1, '预付费', 13100002305);
insert into T_TERMINALINFO (TERMINAL_ID,TTYPE_ID,SIM_ID,TERMINAL_CODE,ORG_CODE,IS_VIDEO_TERMINAL,SP_SERVER_NAME,PROTOCOL_TYPE,CHANNELS,YT_PROTOCOL_TYPE) values(220306, 4, 22306, '1002305', 'B0000802',1,'1076测试服务器','4',8,'0');
insert into V_VEHICLEINFO (ORG_CODE,VEHICLE_ID,ID_NUMBER,TYPE_ID,TERMINAL_ID,DELETE_FLAG,COLOR_ID_NUMBER_ID,AUTHORIZED_PAY_MASS) values ('B0000802','2200306', '测B02305', 4, 220306, 0, '2',15);

insert into T_SIMINFO (SIM_ID, ORG_CODE, DEPTCODE, STATE,PAY_MODLE, SIM_NUM) values(22307, 'B0000802', '中国移动', 1, '预付费', 13100002306);
insert into T_TERMINALINFO (TERMINAL_ID,TTYPE_ID,SIM_ID,TERMINAL_CODE,ORG_CODE,IS_VIDEO_TERMINAL,SP_SERVER_NAME,PROTOCOL_TYPE,CHANNELS,YT_PROTOCOL_TYPE) values(220307, 4, 22307, '1002306', 'B0000802',1,'1076测试服务器','4',8,'0');
insert into V_VEHICLEINFO (ORG_CODE,VEHICLE_ID,ID_NUMBER,TYPE_ID,TERMINAL_ID,DELETE_FLAG,COLOR_ID_NUMBER_ID,AUTHORIZED_PAY_MASS) values ('B0000802','2200307', '测B02306', 4, 220307, 0, '2',15);

insert into T_SIMINFO (SIM_ID, ORG_CODE, DEPTCODE, STATE,PAY_MODLE, SIM_NUM) values(22308, 'B0000802', '中国移动', 1, '预付费', 13100002307);
insert into T_TERMINALINFO (TERMINAL_ID,TTYPE_ID,SIM_ID,TERMINAL_CODE,ORG_CODE,IS_VIDEO_TERMINAL,SP_SERVER_NAME,PROTOCOL_TYPE,CHANNELS,YT_PROTOCOL_TYPE) values(220308, 4, 22308, '1002307', 'B0000802',1,'1076测试服务器','4',8,'0');
insert into V_VEHICLEINFO (ORG_CODE,VEHICLE_ID,ID_NUMBER,TYPE_ID,TERMINAL_ID,DELETE_FLAG,COLOR_ID_NUMBER_ID,AUTHORIZED_PAY_MASS) values ('B0000802','2200308', '测B02307', 4, 220308, 0, '2',15);

insert into T_SIMINFO (SIM_ID, ORG_CODE, DEPTCODE, STATE,PAY_MODLE, SIM_NUM) values(22309, 'B0000802', '中国移动', 1, '预付费', 13100002308);
insert into T_TERMINALINFO (TERMINAL_ID,TTYPE_ID,SIM_ID,TERMINAL_CODE,ORG_CODE,IS_VIDEO_TERMINAL,SP_SERVER_NAME,PROTOCOL_TYPE,CHANNELS,YT_PROTOCOL_TYPE) values(220309, 4, 22309, '1002308', 'B0000802',1,'1076测试服务器','4',8,'0');
insert into V_VEHICLEINFO (ORG_CODE,VEHICLE_ID,ID_NUMBER,TYPE_ID,TERMINAL_ID,DELETE_FLAG,COLOR_ID_NUMBER_ID,AUTHORIZED_PAY_MASS) values ('B0000802','2200309', '测B02308', 4, 220309, 0, '2',15);

insert into T_SIMINFO (SIM_ID, ORG_CODE, DEPTCODE, STATE,PAY_MODLE, SIM_NUM) values(22310, 'B0000802', '中国移动', 1, '预付费', 13100002309);
insert into T_TERMINALINFO (TERMINAL_ID,TTYPE_ID,SIM_ID,TERMINAL_CODE,ORG_CODE,IS_VIDEO_TERMINAL,SP_SERVER_NAME,PROTOCOL_TYPE,CHANNELS,YT_PROTOCOL_TYPE) values(220310, 4, 22310, '1002309', 'B0000802',1,'1076测试服务器','4',8,'0');
insert into V_VEHICLEINFO (ORG_CODE,VEHICLE_ID,ID_NUMBER,TYPE_ID,TERMINAL_ID,DELETE_FLAG,COLOR_ID_NUMBER_ID,AUTHORIZED_PAY_MASS) values ('B0000802','2200310', '测B02309', 4, 220310, 0, '2',15);

insert into T_SIMINFO (SIM_ID, ORG_CODE, DEPTCODE, STATE,PAY_MODLE, SIM_NUM) values(22311, 'B0000802', '中国移动', 1, '预付费', 13100002310);
insert into T_TERMINALINFO (TERMINAL_ID,TTYPE_ID,SIM_ID,TERMINAL_CODE,ORG_CODE,IS_VIDEO_TERMINAL,SP_SERVER_NAME,PROTOCOL_TYPE,CHANNELS,YT_PROTOCOL_TYPE) values(220311, 4, 22311, '1002310', 'B0000802',1,'1076测试服务器','4',8,'0');
insert into V_VEHICLEINFO (ORG_CODE,VEHICLE_ID,ID_NUMBER,TYPE_ID,TERMINAL_ID,DELETE_FLAG,COLOR_ID_NUMBER_ID,AUTHORIZED_PAY_MASS) values ('B0000802','2200311', '测B02310', 4, 220311, 0, '2',15);

insert into T_SIMINFO (SIM_ID, ORG_CODE, DEPTCODE, STATE,PAY_MODLE, SIM_NUM) values(22312, 'B0000802', '中国移动', 1, '预付费', 13100002311);
insert into T_TERMINALINFO (TERMINAL_ID,TTYPE_ID,SIM_ID,TERMINAL_CODE,ORG_CODE,IS_VIDEO_TERMINAL,SP_SERVER_NAME,PROTOCOL_TYPE,CHANNELS,YT_PROTOCOL_TYPE) values(220312, 4, 22312, '1002311', 'B0000802',1,'1076测试服务器','4',8,'0');
insert into V_VEHICLEINFO (ORG_CODE,VEHICLE_ID,ID_NUMBER,TYPE_ID,TERMINAL_ID,DELETE_FLAG,COLOR_ID_NUMBER_ID,AUTHORIZED_PAY_MASS) values ('B0000802','2200312', '测B02311', 4, 220312, 0, '2',15);

insert into T_SIMINFO (SIM_ID, ORG_CODE, DEPTCODE, STATE,PAY_MODLE, SIM_NUM) values(22313, 'B0000802', '中国移动', 1, '预付费', 13100002312);
insert into T_TERMINALINFO (TERMINAL_ID,TTYPE_ID,SIM_ID,TERMINAL_CODE,ORG_CODE,IS_VIDEO_TERMINAL,SP_SERVER_NAME,PROTOCOL_TYPE,CHANNELS,YT_PROTOCOL_TYPE) values(220313, 4, 22313, '1002312', 'B0000802',1,'1076测试服务器','4',8,'0');
insert into V_VEHICLEINFO (ORG_CODE,VEHICLE_ID,ID_NUMBER,TYPE_ID,TERMINAL_ID,DELETE_FLAG,COLOR_ID_NUMBER_ID,AUTHORIZED_PAY_MASS) values ('B0000802','2200313', '测B02312', 4, 220313, 0, '2',15);

insert into T_SIMINFO (SIM_ID, ORG_CODE, DEPTCODE, STATE,PAY_MODLE, SIM_NUM) values(22314, 'B0000802', '中国移动', 1, '预付费', 13100002313);
insert into T_TERMINALINFO (TERMINAL_ID,TTYPE_ID,SIM_ID,TERMINAL_CODE,ORG_CODE,IS_VIDEO_TERMINAL,SP_SERVER_NAME,PROTOCOL_TYPE,CHANNELS,YT_PROTOCOL_TYPE) values(220314, 4, 22314, '1002313', 'B0000802',1,'1076测试服务器','4',8,'0');
insert into V_VEHICLEINFO (ORG_CODE,VEHICLE_ID,ID_NUMBER,TYPE_ID,TERMINAL_ID,DELETE_FLAG,COLOR_ID_NUMBER_ID,AUTHORIZED_PAY_MASS) values ('B0000802','2200314', '测B02313', 4, 220314, 0, '2',15);

insert into T_SIMINFO (SIM_ID, ORG_CODE, DEPTCODE, STATE,PAY_MODLE, SIM_NUM) values(22315, 'B0000802', '中国移动', 1, '预付费', 13100002314);
insert into T_TERMINALINFO (TERMINAL_ID,TTYPE_ID,SIM_ID,TERMINAL_CODE,ORG_CODE,IS_VIDEO_TERMINAL,SP_SERVER_NAME,PROTOCOL_TYPE,CHANNELS,YT_PROTOCOL_TYPE) values(220315, 4, 22315, '1002314', 'B0000802',1,'1076测试服务器','4',8,'0');
insert into V_VEHICLEINFO (ORG_CODE,VEHICLE_ID,ID_NUMBER,TYPE_ID,TERMINAL_ID,DELETE_FLAG,COLOR_ID_NUMBER_ID,AUTHORIZED_PAY_MASS) values ('B0000802','2200315', '测B02314', 4, 220315, 0, '2',15);

insert into T_SIMINFO (SIM_ID, ORG_CODE, DEPTCODE, STATE,PAY_MODLE, SIM_NUM) values(22316, 'B0000802', '中国移动', 1, '预付费', 13100002315);
insert into T_TERMINALINFO (TERMINAL_ID,TTYPE_ID,SIM_ID,TERMINAL_CODE,ORG_CODE,IS_VIDEO_TERMINAL,SP_SERVER_NAME,PROTOCOL_TYPE,CHANNELS,YT_PROTOCOL_TYPE) values(220316, 4, 22316, '1002315', 'B0000802',1,'1076测试服务器','4',8,'0');
insert into V_VEHICLEINFO (ORG_CODE,VEHICLE_ID,ID_NUMBER,TYPE_ID,TERMINAL_ID,DELETE_FLAG,COLOR_ID_NUMBER_ID,AUTHORIZED_PAY_MASS) values ('B0000802','2200316', '测B02315', 4, 220316, 0, '2',15);

insert into T_SIMINFO (SIM_ID, ORG_CODE, DEPTCODE, STATE,PAY_MODLE, SIM_NUM) values(22317, 'B0000802', '中国移动', 1, '预付费', 13100002316);
insert into T_TERMINALINFO (TERMINAL_ID,TTYPE_ID,SIM_ID,TERMINAL_CODE,ORG_CODE,IS_VIDEO_TERMINAL,SP_SERVER_NAME,PROTOCOL_TYPE,CHANNELS,YT_PROTOCOL_TYPE) values(220317, 4, 22317, '1002316', 'B0000802',1,'1076测试服务器','4',8,'0');
insert into V_VEHICLEINFO (ORG_CODE,VEHICLE_ID,ID_NUMBER,TYPE_ID,TERMINAL_ID,DELETE_FLAG,COLOR_ID_NUMBER_ID,AUTHORIZED_PAY_MASS) values ('B0000802','2200317', '测B02316', 4, 220317, 0, '2',15);

insert into T_SIMINFO (SIM_ID, ORG_CODE, DEPTCODE, STATE,PAY_MODLE, SIM_NUM) values(22318, 'B0000802', '中国移动', 1, '预付费', 13100002317);
insert into T_TERMINALINFO (TERMINAL_ID,TTYPE_ID,SIM_ID,TERMINAL_CODE,ORG_CODE,IS_VIDEO_TERMINAL,SP_SERVER_NAME,PROTOCOL_TYPE,CHANNELS,YT_PROTOCOL_TYPE) values(220318, 4, 22318, '1002317', 'B0000802',1,'1076测试服务器','4',8,'0');
insert into V_VEHICLEINFO (ORG_CODE,VEHICLE_ID,ID_NUMBER,TYPE_ID,TERMINAL_ID,DELETE_FLAG,COLOR_ID_NUMBER_ID,AUTHORIZED_PAY_MASS) values ('B0000802','2200318', '测B02317', 4, 220318, 0, '2',15);

insert into T_SIMINFO (SIM_ID, ORG_CODE, DEPTCODE, STATE,PAY_MODLE, SIM_NUM) values(22319, 'B0000802', '中国移动', 1, '预付费', 13100002318);
insert into T_TERMINALINFO (TERMINAL_ID,TTYPE_ID,SIM_ID,TERMINAL_CODE,ORG_CODE,IS_VIDEO_TERMINAL,SP_SERVER_NAME,PROTOCOL_TYPE,CHANNELS,YT_PROTOCOL_TYPE) values(220319, 4, 22319, '1002318', 'B0000802',1,'1076测试服务器','4',8,'0');
insert into V_VEHICLEINFO (ORG_CODE,VEHICLE_ID,ID_NUMBER,TYPE_ID,TERMINAL_ID,DELETE_FLAG,COLOR_ID_NUMBER_ID,AUTHORIZED_PAY_MASS) values ('B0000802','2200319', '测B02318', 4, 220319, 0, '2',15);

insert into T_SIMINFO (SIM_ID, ORG_CODE, DEPTCODE, STATE,PAY_MODLE, SIM_NUM) values(22320, 'B0000802', '中国移动', 1, '预付费', 13100002319);
insert into T_TERMINALINFO (TERMINAL_ID,TTYPE_ID,SIM_ID,TERMINAL_CODE,ORG_CODE,IS_VIDEO_TERMINAL,SP_SERVER_NAME,PROTOCOL_TYPE,CHANNELS,YT_PROTOCOL_TYPE) values(220320, 4, 22320, '1002319', 'B0000802',1,'1076测试服务器','4',8,'0');
insert into V_VEHICLEINFO (ORG_CODE,VEHICLE_ID,ID_NUMBER,TYPE_ID,TERMINAL_ID,DELETE_FLAG,COLOR_ID_NUMBER_ID,AUTHORIZED_PAY_MASS) values ('B0000802','2200320', '测B02319', 4, 220320, 0, '2',15);

insert into T_SIMINFO (SIM_ID, ORG_CODE, DEPTCODE, STATE,PAY_MODLE, SIM_NUM) values(22321, 'B0000802', '中国移动', 1, '预付费', 13100002320);
insert into T_TERMINALINFO (TERMINAL_ID,TTYPE_ID,SIM_ID,TERMINAL_CODE,ORG_CODE,IS_VIDEO_TERMINAL,SP_SERVER_NAME,PROTOCOL_TYPE,CHANNELS,YT_PROTOCOL_TYPE) values(220321, 4, 22321, '1002320', 'B0000802',1,'1076测试服务器','4',8,'0');
insert into V_VEHICLEINFO (ORG_CODE,VEHICLE_ID,ID_NUMBER,TYPE_ID,TERMINAL_ID,DELETE_FLAG,COLOR_ID_NUMBER_ID,AUTHORIZED_PAY_MASS) values ('B0000802','2200321', '测B02320', 4, 220321, 0, '2',15);

insert into T_SIMINFO (SIM_ID, ORG_CODE, DEPTCODE, STATE,PAY_MODLE, SIM_NUM) values(22322, 'B0000802', '中国移动', 1, '预付费', 13100002321);
insert into T_TERMINALINFO (TERMINAL_ID,TTYPE_ID,SIM_ID,TERMINAL_CODE,ORG_CODE,IS_VIDEO_TERMINAL,SP_SERVER_NAME,PROTOCOL_TYPE,CHANNELS,YT_PROTOCOL_TYPE) values(220322, 4, 22322, '1002321', 'B0000802',1,'1076测试服务器','4',8,'0');
insert into V_VEHICLEINFO (ORG_CODE,VEHICLE_ID,ID_NUMBER,TYPE_ID,TERMINAL_ID,DELETE_FLAG,COLOR_ID_NUMBER_ID,AUTHORIZED_PAY_MASS) values ('B0000802','2200322', '测B02321', 4, 220322, 0, '2',15);

insert into T_SIMINFO (SIM_ID, ORG_CODE, DEPTCODE, STATE,PAY_MODLE, SIM_NUM) values(22323, 'B0000802', '中国移动', 1, '预付费', 13100002322);
insert into T_TERMINALINFO (TERMINAL_ID,TTYPE_ID,SIM_ID,TERMINAL_CODE,ORG_CODE,IS_VIDEO_TERMINAL,SP_SERVER_NAME,PROTOCOL_TYPE,CHANNELS,YT_PROTOCOL_TYPE) values(220323, 4, 22323, '1002322', 'B0000802',1,'1076测试服务器','4',8,'0');
insert into V_VEHICLEINFO (ORG_CODE,VEHICLE_ID,ID_NUMBER,TYPE_ID,TERMINAL_ID,DELETE_FLAG,COLOR_ID_NUMBER_ID,AUTHORIZED_PAY_MASS) values ('B0000802','2200323', '测B02322', 4, 220323, 0, '2',15);

insert into T_SIMINFO (SIM_ID, ORG_CODE, DEPTCODE, STATE,PAY_MODLE, SIM_NUM) values(22324, 'B0000802', '中国移动', 1, '预付费', 13100002323);
insert into T_TERMINALINFO (TERMINAL_ID,TTYPE_ID,SIM_ID,TERMINAL_CODE,ORG_CODE,IS_VIDEO_TERMINAL,SP_SERVER_NAME,PROTOCOL_TYPE,CHANNELS,YT_PROTOCOL_TYPE) values(220324, 4, 22324, '1002323', 'B0000802',1,'1076测试服务器','4',8,'0');
insert into V_VEHICLEINFO (ORG_CODE,VEHICLE_ID,ID_NUMBER,TYPE_ID,TERMINAL_ID,DELETE_FLAG,COLOR_ID_NUMBER_ID,AUTHORIZED_PAY_MASS) values ('B0000802','2200324', '测B02323', 4, 220324, 0, '2',15);

insert into T_SIMINFO (SIM_ID, ORG_CODE, DEPTCODE, STATE,PAY_MODLE, SIM_NUM) values(22325, 'B0000802', '中国移动', 1, '预付费', 13100002324);
insert into T_TERMINALINFO (TERMINAL_ID,TTYPE_ID,SIM_ID,TERMINAL_CODE,ORG_CODE,IS_VIDEO_TERMINAL,SP_SERVER_NAME,PROTOCOL_TYPE,CHANNELS,YT_PROTOCOL_TYPE) values(220325, 4, 22325, '1002324', 'B0000802',1,'1076测试服务器','4',8,'0');
insert into V_VEHICLEINFO (ORG_CODE,VEHICLE_ID,ID_NUMBER,TYPE_ID,TERMINAL_ID,DELETE_FLAG,COLOR_ID_NUMBER_ID,AUTHORIZED_PAY_MASS) values ('B0000802','2200325', '测B02324', 4, 220325, 0, '2',15);

insert into T_SIMINFO (SIM_ID, ORG_CODE, DEPTCODE, STATE,PAY_MODLE, SIM_NUM) values(22326, 'B0000802', '中国移动', 1, '预付费', 13100002325);
insert into T_TERMINALINFO (TERMINAL_ID,TTYPE_ID,SIM_ID,TERMINAL_CODE,ORG_CODE,IS_VIDEO_TERMINAL,SP_SERVER_NAME,PROTOCOL_TYPE,CHANNELS,YT_PROTOCOL_TYPE) values(220326, 4, 22326, '1002325', 'B0000802',1,'1076测试服务器','4',8,'0');
insert into V_VEHICLEINFO (ORG_CODE,VEHICLE_ID,ID_NUMBER,TYPE_ID,TERMINAL_ID,DELETE_FLAG,COLOR_ID_NUMBER_ID,AUTHORIZED_PAY_MASS) values ('B0000802','2200326', '测B02325', 4, 220326, 0, '2',15);

insert into T_SIMINFO (SIM_ID, ORG_CODE, DEPTCODE, STATE,PAY_MODLE, SIM_NUM) values(22327, 'B0000802', '中国移动', 1, '预付费', 13100002326);
insert into T_TERMINALINFO (TERMINAL_ID,TTYPE_ID,SIM_ID,TERMINAL_CODE,ORG_CODE,IS_VIDEO_TERMINAL,SP_SERVER_NAME,PROTOCOL_TYPE,CHANNELS,YT_PROTOCOL_TYPE) values(220327, 4, 22327, '1002326', 'B0000802',1,'1076测试服务器','4',8,'0');
insert into V_VEHICLEINFO (ORG_CODE,VEHICLE_ID,ID_NUMBER,TYPE_ID,TERMINAL_ID,DELETE_FLAG,COLOR_ID_NUMBER_ID,AUTHORIZED_PAY_MASS) values ('B0000802','2200327', '测B02326', 4, 220327, 0, '2',15);

insert into T_SIMINFO (SIM_ID, ORG_CODE, DEPTCODE, STATE,PAY_MODLE, SIM_NUM) values(22328, 'B0000802', '中国移动', 1, '预付费', 13100002327);
insert into T_TERMINALINFO (TERMINAL_ID,TTYPE_ID,SIM_ID,TERMINAL_CODE,ORG_CODE,IS_VIDEO_TERMINAL,SP_SERVER_NAME,PROTOCOL_TYPE,CHANNELS,YT_PROTOCOL_TYPE) values(220328, 4, 22328, '1002327', 'B0000802',1,'1076测试服务器','4',8,'0');
insert into V_VEHICLEINFO (ORG_CODE,VEHICLE_ID,ID_NUMBER,TYPE_ID,TERMINAL_ID,DELETE_FLAG,COLOR_ID_NUMBER_ID,AUTHORIZED_PAY_MASS) values ('B0000802','2200328', '测B02327', 4, 220328, 0, '2',15);

insert into T_SIMINFO (SIM_ID, ORG_CODE, DEPTCODE, STATE,PAY_MODLE, SIM_NUM) values(22329, 'B0000802', '中国移动', 1, '预付费', 13100002328);
insert into T_TERMINALINFO (TERMINAL_ID,TTYPE_ID,SIM_ID,TERMINAL_CODE,ORG_CODE,IS_VIDEO_TERMINAL,SP_SERVER_NAME,PROTOCOL_TYPE,CHANNELS,YT_PROTOCOL_TYPE) values(220329, 4, 22329, '1002328', 'B0000802',1,'1076测试服务器','4',8,'0');
insert into V_VEHICLEINFO (ORG_CODE,VEHICLE_ID,ID_NUMBER,TYPE_ID,TERMINAL_ID,DELETE_FLAG,COLOR_ID_NUMBER_ID,AUTHORIZED_PAY_MASS) values ('B0000802','2200329', '测B02328', 4, 220329, 0, '2',15);

insert into T_SIMINFO (SIM_ID, ORG_CODE, DEPTCODE, STATE,PAY_MODLE, SIM_NUM) values(22330, 'B0000802', '中国移动', 1, '预付费', 13100002329);
insert into T_TERMINALINFO (TERMINAL_ID,TTYPE_ID,SIM_ID,TERMINAL_CODE,ORG_CODE,IS_VIDEO_TERMINAL,SP_SERVER_NAME,PROTOCOL_TYPE,CHANNELS,YT_PROTOCOL_TYPE) values(220330, 4, 22330, '1002329', 'B0000802',1,'1076测试服务器','4',8,'0');
insert into V_VEHICLEINFO (ORG_CODE,VEHICLE_ID,ID_NUMBER,TYPE_ID,TERMINAL_ID,DELETE_FLAG,COLOR_ID_NUMBER_ID,AUTHORIZED_PAY_MASS) values ('B0000802','2200330', '测B02329', 4, 220330, 0, '2',15);

insert into T_SIMINFO (SIM_ID, ORG_CODE, DEPTCODE, STATE,PAY_MODLE, SIM_NUM) values(22331, 'B0000802', '中国移动', 1, '预付费', 13100002330);
insert into T_TERMINALINFO (TERMINAL_ID,TTYPE_ID,SIM_ID,TERMINAL_CODE,ORG_CODE,IS_VIDEO_TERMINAL,SP_SERVER_NAME,PROTOCOL_TYPE,CHANNELS,YT_PROTOCOL_TYPE) values(220331, 4, 22331, '1002330', 'B0000802',1,'1076测试服务器','4',8,'0');
insert into V_VEHICLEINFO (ORG_CODE,VEHICLE_ID,ID_NUMBER,TYPE_ID,TERMINAL_ID,DELETE_FLAG,COLOR_ID_NUMBER_ID,AUTHORIZED_PAY_MASS) values ('B0000802','2200331', '测B02330', 4, 220331, 0, '2',15);

insert into T_SIMINFO (SIM_ID, ORG_CODE, DEPTCODE, STATE,PAY_MODLE, SIM_NUM) values(22332, 'B0000802', '中国移动', 1, '预付费', 13100002331);
insert into T_TERMINALINFO (TERMINAL_ID,TTYPE_ID,SIM_ID,TERMINAL_CODE,ORG_CODE,IS_VIDEO_TERMINAL,SP_SERVER_NAME,PROTOCOL_TYPE,CHANNELS,YT_PROTOCOL_TYPE) values(220332, 4, 22332, '1002331', 'B0000802',1,'1076测试服务器','4',8,'0');
insert into V_VEHICLEINFO (ORG_CODE,VEHICLE_ID,ID_NUMBER,TYPE_ID,TERMINAL_ID,DELETE_FLAG,COLOR_ID_NUMBER_ID,AUTHORIZED_PAY_MASS) values ('B0000802','2200332', '测B02331', 4, 220332, 0, '2',15);

insert into T_SIMINFO (SIM_ID, ORG_CODE, DEPTCODE, STATE,PAY_MODLE, SIM_NUM) values(22333, 'B0000802', '中国移动', 1, '预付费', 13100002332);
insert into T_TERMINALINFO (TERMINAL_ID,TTYPE_ID,SIM_ID,TERMINAL_CODE,ORG_CODE,IS_VIDEO_TERMINAL,SP_SERVER_NAME,PROTOCOL_TYPE,CHANNELS,YT_PROTOCOL_TYPE) values(220333, 4, 22333, '1002332', 'B0000802',1,'1076测试服务器','4',8,'0');
insert into V_VEHICLEINFO (ORG_CODE,VEHICLE_ID,ID_NUMBER,TYPE_ID,TERMINAL_ID,DELETE_FLAG,COLOR_ID_NUMBER_ID,AUTHORIZED_PAY_MASS) values ('B0000802','2200333', '测B02332', 4, 220333, 0, '2',15);

insert into T_SIMINFO (SIM_ID, ORG_CODE, DEPTCODE, STATE,PAY_MODLE, SIM_NUM) values(22334, 'B0000802', '中国移动', 1, '预付费', 13100002333);
insert into T_TERMINALINFO (TERMINAL_ID,TTYPE_ID,SIM_ID,TERMINAL_CODE,ORG_CODE,IS_VIDEO_TERMINAL,SP_SERVER_NAME,PROTOCOL_TYPE,CHANNELS,YT_PROTOCOL_TYPE) values(220334, 4, 22334, '1002333', 'B0000802',1,'1076测试服务器','4',8,'0');
insert into V_VEHICLEINFO (ORG_CODE,VEHICLE_ID,ID_NUMBER,TYPE_ID,TERMINAL_ID,DELETE_FLAG,COLOR_ID_NUMBER_ID,AUTHORIZED_PAY_MASS) values ('B0000802','2200334', '测B02333', 4, 220334, 0, '2',15);

insert into T_SIMINFO (SIM_ID, ORG_CODE, DEPTCODE, STATE,PAY_MODLE, SIM_NUM) values(22335, 'B0000802', '中国移动', 1, '预付费', 13100002334);
insert into T_TERMINALINFO (TERMINAL_ID,TTYPE_ID,SIM_ID,TERMINAL_CODE,ORG_CODE,IS_VIDEO_TERMINAL,SP_SERVER_NAME,PROTOCOL_TYPE,CHANNELS,YT_PROTOCOL_TYPE) values(220335, 4, 22335, '1002334', 'B0000802',1,'1076测试服务器','4',8,'0');
insert into V_VEHICLEINFO (ORG_CODE,VEHICLE_ID,ID_NUMBER,TYPE_ID,TERMINAL_ID,DELETE_FLAG,COLOR_ID_NUMBER_ID,AUTHORIZED_PAY_MASS) values ('B0000802','2200335', '测B02334', 4, 220335, 0, '2',15);

insert into T_SIMINFO (SIM_ID, ORG_CODE, DEPTCODE, STATE,PAY_MODLE, SIM_NUM) values(22336, 'B0000802', '中国移动', 1, '预付费', 13100002335);
insert into T_TERMINALINFO (TERMINAL_ID,TTYPE_ID,SIM_ID,TERMINAL_CODE,ORG_CODE,IS_VIDEO_TERMINAL,SP_SERVER_NAME,PROTOCOL_TYPE,CHANNELS,YT_PROTOCOL_TYPE) values(220336, 4, 22336, '1002335', 'B0000802',1,'1076测试服务器','4',8,'0');
insert into V_VEHICLEINFO (ORG_CODE,VEHICLE_ID,ID_NUMBER,TYPE_ID,TERMINAL_ID,DELETE_FLAG,COLOR_ID_NUMBER_ID,AUTHORIZED_PAY_MASS) values ('B0000802','2200336', '测B02335', 4, 220336, 0, '2',15);

insert into T_SIMINFO (SIM_ID, ORG_CODE, DEPTCODE, STATE,PAY_MODLE, SIM_NUM) values(22337, 'B0000802', '中国移动', 1, '预付费', 13100002336);
insert into T_TERMINALINFO (TERMINAL_ID,TTYPE_ID,SIM_ID,TERMINAL_CODE,ORG_CODE,IS_VIDEO_TERMINAL,SP_SERVER_NAME,PROTOCOL_TYPE,CHANNELS,YT_PROTOCOL_TYPE) values(220337, 4, 22337, '1002336', 'B0000802',1,'1076测试服务器','4',8,'0');
insert into V_VEHICLEINFO (ORG_CODE,VEHICLE_ID,ID_NUMBER,TYPE_ID,TERMINAL_ID,DELETE_FLAG,COLOR_ID_NUMBER_ID,AUTHORIZED_PAY_MASS) values ('B0000802','2200337', '测B02336', 4, 220337, 0, '2',15);

insert into T_SIMINFO (SIM_ID, ORG_CODE, DEPTCODE, STATE,PAY_MODLE, SIM_NUM) values(22338, 'B0000802', '中国移动', 1, '预付费', 13100002337);
insert into T_TERMINALINFO (TERMINAL_ID,TTYPE_ID,SIM_ID,TERMINAL_CODE,ORG_CODE,IS_VIDEO_TERMINAL,SP_SERVER_NAME,PROTOCOL_TYPE,CHANNELS,YT_PROTOCOL_TYPE) values(220338, 4, 22338, '1002337', 'B0000802',1,'1076测试服务器','4',8,'0');
insert into V_VEHICLEINFO (ORG_CODE,VEHICLE_ID,ID_NUMBER,TYPE_ID,TERMINAL_ID,DELETE_FLAG,COLOR_ID_NUMBER_ID,AUTHORIZED_PAY_MASS) values ('B0000802','2200338', '测B02337', 4, 220338, 0, '2',15);

insert into T_SIMINFO (SIM_ID, ORG_CODE, DEPTCODE, STATE,PAY_MODLE, SIM_NUM) values(22339, 'B0000802', '中国移动', 1, '预付费', 13100002338);
insert into T_TERMINALINFO (TERMINAL_ID,TTYPE_ID,SIM_ID,TERMINAL_CODE,ORG_CODE,IS_VIDEO_TERMINAL,SP_SERVER_NAME,PROTOCOL_TYPE,CHANNELS,YT_PROTOCOL_TYPE) values(220339, 4, 22339, '1002338', 'B0000802',1,'1076测试服务器','4',8,'0');
insert into V_VEHICLEINFO (ORG_CODE,VEHICLE_ID,ID_NUMBER,TYPE_ID,TERMINAL_ID,DELETE_FLAG,COLOR_ID_NUMBER_ID,AUTHORIZED_PAY_MASS) values ('B0000802','2200339', '测B02338', 4, 220339, 0, '2',15);

insert into T_SIMINFO (SIM_ID, ORG_CODE, DEPTCODE, STATE,PAY_MODLE, SIM_NUM) values(22340, 'B0000802', '中国移动', 1, '预付费', 13100002339);
insert into T_TERMINALINFO (TERMINAL_ID,TTYPE_ID,SIM_ID,TERMINAL_CODE,ORG_CODE,IS_VIDEO_TERMINAL,SP_SERVER_NAME,PROTOCOL_TYPE,CHANNELS,YT_PROTOCOL_TYPE) values(220340, 4, 22340, '1002339', 'B0000802',1,'1076测试服务器','4',8,'0');
insert into V_VEHICLEINFO (ORG_CODE,VEHICLE_ID,ID_NUMBER,TYPE_ID,TERMINAL_ID,DELETE_FLAG,COLOR_ID_NUMBER_ID,AUTHORIZED_PAY_MASS) values ('B0000802','2200340', '测B02339', 4, 220340, 0, '2',15);

insert into T_SIMINFO (SIM_ID, ORG_CODE, DEPTCODE, STATE,PAY_MODLE, SIM_NUM) values(22341, 'B0000802', '中国移动', 1, '预付费', 13100002340);
insert into T_TERMINALINFO (TERMINAL_ID,TTYPE_ID,SIM_ID,TERMINAL_CODE,ORG_CODE,IS_VIDEO_TERMINAL,SP_SERVER_NAME,PROTOCOL_TYPE,CHANNELS,YT_PROTOCOL_TYPE) values(220341, 4, 22341, '1002340', 'B0000802',1,'1076测试服务器','4',8,'0');
insert into V_VEHICLEINFO (ORG_CODE,VEHICLE_ID,ID_NUMBER,TYPE_ID,TERMINAL_ID,DELETE_FLAG,COLOR_ID_NUMBER_ID,AUTHORIZED_PAY_MASS) values ('B0000802','2200341', '测B02340', 4, 220341, 0, '2',15);

insert into T_SIMINFO (SIM_ID, ORG_CODE, DEPTCODE, STATE,PAY_MODLE, SIM_NUM) values(22342, 'B0000802', '中国移动', 1, '预付费', 13100002341);
insert into T_TERMINALINFO (TERMINAL_ID,TTYPE_ID,SIM_ID,TERMINAL_CODE,ORG_CODE,IS_VIDEO_TERMINAL,SP_SERVER_NAME,PROTOCOL_TYPE,CHANNELS,YT_PROTOCOL_TYPE) values(220342, 4, 22342, '1002341', 'B0000802',1,'1076测试服务器','4',8,'0');
insert into V_VEHICLEINFO (ORG_CODE,VEHICLE_ID,ID_NUMBER,TYPE_ID,TERMINAL_ID,DELETE_FLAG,COLOR_ID_NUMBER_ID,AUTHORIZED_PAY_MASS) values ('B0000802','2200342', '测B02341', 4, 220342, 0, '2',15);

insert into T_SIMINFO (SIM_ID, ORG_CODE, DEPTCODE, STATE,PAY_MODLE, SIM_NUM) values(22343, 'B0000802', '中国移动', 1, '预付费', 13100002342);
insert into T_TERMINALINFO (TERMINAL_ID,TTYPE_ID,SIM_ID,TERMINAL_CODE,ORG_CODE,IS_VIDEO_TERMINAL,SP_SERVER_NAME,PROTOCOL_TYPE,CHANNELS,YT_PROTOCOL_TYPE) values(220343, 4, 22343, '1002342', 'B0000802',1,'1076测试服务器','4',8,'0');
insert into V_VEHICLEINFO (ORG_CODE,VEHICLE_ID,ID_NUMBER,TYPE_ID,TERMINAL_ID,DELETE_FLAG,COLOR_ID_NUMBER_ID,AUTHORIZED_PAY_MASS) values ('B0000802','2200343', '测B02342', 4, 220343, 0, '2',15);

insert into T_SIMINFO (SIM_ID, ORG_CODE, DEPTCODE, STATE,PAY_MODLE, SIM_NUM) values(22344, 'B0000802', '中国移动', 1, '预付费', 13100002343);
insert into T_TERMINALINFO (TERMINAL_ID,TTYPE_ID,SIM_ID,TERMINAL_CODE,ORG_CODE,IS_VIDEO_TERMINAL,SP_SERVER_NAME,PROTOCOL_TYPE,CHANNELS,YT_PROTOCOL_TYPE) values(220344, 4, 22344, '1002343', 'B0000802',1,'1076测试服务器','4',8,'0');
insert into V_VEHICLEINFO (ORG_CODE,VEHICLE_ID,ID_NUMBER,TYPE_ID,TERMINAL_ID,DELETE_FLAG,COLOR_ID_NUMBER_ID,AUTHORIZED_PAY_MASS) values ('B0000802','2200344', '测B02343', 4, 220344, 0, '2',15);

insert into T_SIMINFO (SIM_ID, ORG_CODE, DEPTCODE, STATE,PAY_MODLE, SIM_NUM) values(22345, 'B0000802', '中国移动', 1, '预付费', 13100002344);
insert into T_TERMINALINFO (TERMINAL_ID,TTYPE_ID,SIM_ID,TERMINAL_CODE,ORG_CODE,IS_VIDEO_TERMINAL,SP_SERVER_NAME,PROTOCOL_TYPE,CHANNELS,YT_PROTOCOL_TYPE) values(220345, 4, 22345, '1002344', 'B0000802',1,'1076测试服务器','4',8,'0');
insert into V_VEHICLEINFO (ORG_CODE,VEHICLE_ID,ID_NUMBER,TYPE_ID,TERMINAL_ID,DELETE_FLAG,COLOR_ID_NUMBER_ID,AUTHORIZED_PAY_MASS) values ('B0000802','2200345', '测B02344', 4, 220345, 0, '2',15);

insert into T_SIMINFO (SIM_ID, ORG_CODE, DEPTCODE, STATE,PAY_MODLE, SIM_NUM) values(22346, 'B0000802', '中国移动', 1, '预付费', 13100002345);
insert into T_TERMINALINFO (TERMINAL_ID,TTYPE_ID,SIM_ID,TERMINAL_CODE,ORG_CODE,IS_VIDEO_TERMINAL,SP_SERVER_NAME,PROTOCOL_TYPE,CHANNELS,YT_PROTOCOL_TYPE) values(220346, 4, 22346, '1002345', 'B0000802',1,'1076测试服务器','4',8,'0');
insert into V_VEHICLEINFO (ORG_CODE,VEHICLE_ID,ID_NUMBER,TYPE_ID,TERMINAL_ID,DELETE_FLAG,COLOR_ID_NUMBER_ID,AUTHORIZED_PAY_MASS) values ('B0000802','2200346', '测B02345', 4, 220346, 0, '2',15);

insert into T_SIMINFO (SIM_ID, ORG_CODE, DEPTCODE, STATE,PAY_MODLE, SIM_NUM) values(22347, 'B0000802', '中国移动', 1, '预付费', 13100002346);
insert into T_TERMINALINFO (TERMINAL_ID,TTYPE_ID,SIM_ID,TERMINAL_CODE,ORG_CODE,IS_VIDEO_TERMINAL,SP_SERVER_NAME,PROTOCOL_TYPE,CHANNELS,YT_PROTOCOL_TYPE) values(220347, 4, 22347, '1002346', 'B0000802',1,'1076测试服务器','4',8,'0');
insert into V_VEHICLEINFO (ORG_CODE,VEHICLE_ID,ID_NUMBER,TYPE_ID,TERMINAL_ID,DELETE_FLAG,COLOR_ID_NUMBER_ID,AUTHORIZED_PAY_MASS) values ('B0000802','2200347', '测B02346', 4, 220347, 0, '2',15);

insert into T_SIMINFO (SIM_ID, ORG_CODE, DEPTCODE, STATE,PAY_MODLE, SIM_NUM) values(22348, 'B0000802', '中国移动', 1, '预付费', 13100002347);
insert into T_TERMINALINFO (TERMINAL_ID,TTYPE_ID,SIM_ID,TERMINAL_CODE,ORG_CODE,IS_VIDEO_TERMINAL,SP_SERVER_NAME,PROTOCOL_TYPE,CHANNELS,YT_PROTOCOL_TYPE) values(220348, 4, 22348, '1002347', 'B0000802',1,'1076测试服务器','4',8,'0');
insert into V_VEHICLEINFO (ORG_CODE,VEHICLE_ID,ID_NUMBER,TYPE_ID,TERMINAL_ID,DELETE_FLAG,COLOR_ID_NUMBER_ID,AUTHORIZED_PAY_MASS) values ('B0000802','2200348', '测B02347', 4, 220348, 0, '2',15);

insert into T_SIMINFO (SIM_ID, ORG_CODE, DEPTCODE, STATE,PAY_MODLE, SIM_NUM) values(22349, 'B0000802', '中国移动', 1, '预付费', 13100002348);
insert into T_TERMINALINFO (TERMINAL_ID,TTYPE_ID,SIM_ID,TERMINAL_CODE,ORG_CODE,IS_VIDEO_TERMINAL,SP_SERVER_NAME,PROTOCOL_TYPE,CHANNELS,YT_PROTOCOL_TYPE) values(220349, 4, 22349, '1002348', 'B0000802',1,'1076测试服务器','4',8,'0');
insert into V_VEHICLEINFO (ORG_CODE,VEHICLE_ID,ID_NUMBER,TYPE_ID,TERMINAL_ID,DELETE_FLAG,COLOR_ID_NUMBER_ID,AUTHORIZED_PAY_MASS) values ('B0000802','2200349', '测B02348', 4, 220349, 0, '2',15);

insert into T_SIMINFO (SIM_ID, ORG_CODE, DEPTCODE, STATE,PAY_MODLE, SIM_NUM) values(22350, 'B0000802', '中国移动', 1, '预付费', 13100002349);
insert into T_TERMINALINFO (TERMINAL_ID,TTYPE_ID,SIM_ID,TERMINAL_CODE,ORG_CODE,IS_VIDEO_TERMINAL,SP_SERVER_NAME,PROTOCOL_TYPE,CHANNELS,YT_PROTOCOL_TYPE) values(220350, 4, 22350, '1002349', 'B0000802',1,'1076测试服务器','4',8,'0');
insert into V_VEHICLEINFO (ORG_CODE,VEHICLE_ID,ID_NUMBER,TYPE_ID,TERMINAL_ID,DELETE_FLAG,COLOR_ID_NUMBER_ID,AUTHORIZED_PAY_MASS) values ('B0000802','2200350', '测B02349', 4, 220350, 0, '2',15);

insert into T_SIMINFO (SIM_ID, ORG_CODE, DEPTCODE, STATE,PAY_MODLE, SIM_NUM) values(22351, 'B0000802', '中国移动', 1, '预付费', 13100002350);
insert into T_TERMINALINFO (TERMINAL_ID,TTYPE_ID,SIM_ID,TERMINAL_CODE,ORG_CODE,IS_VIDEO_TERMINAL,SP_SERVER_NAME,PROTOCOL_TYPE,CHANNELS,YT_PROTOCOL_TYPE) values(220351, 4, 22351, '1002350', 'B0000802',1,'1076测试服务器','4',8,'0');
insert into V_VEHICLEINFO (ORG_CODE,VEHICLE_ID,ID_NUMBER,TYPE_ID,TERMINAL_ID,DELETE_FLAG,COLOR_ID_NUMBER_ID,AUTHORIZED_PAY_MASS) values ('B0000802','2200351', '测B02350', 4, 220351, 0, '2',15);

insert into T_SIMINFO (SIM_ID, ORG_CODE, DEPTCODE, STATE,PAY_MODLE, SIM_NUM) values(22352, 'B0000802', '中国移动', 1, '预付费', 13100002351);
insert into T_TERMINALINFO (TERMINAL_ID,TTYPE_ID,SIM_ID,TERMINAL_CODE,ORG_CODE,IS_VIDEO_TERMINAL,SP_SERVER_NAME,PROTOCOL_TYPE,CHANNELS,YT_PROTOCOL_TYPE) values(220352, 4, 22352, '1002351', 'B0000802',1,'1076测试服务器','4',8,'0');
insert into V_VEHICLEINFO (ORG_CODE,VEHICLE_ID,ID_NUMBER,TYPE_ID,TERMINAL_ID,DELETE_FLAG,COLOR_ID_NUMBER_ID,AUTHORIZED_PAY_MASS) values ('B0000802','2200352', '测B02351', 4, 220352, 0, '2',15);

insert into T_SIMINFO (SIM_ID, ORG_CODE, DEPTCODE, STATE,PAY_MODLE, SIM_NUM) values(22353, 'B0000802', '中国移动', 1, '预付费', 13100002352);
insert into T_TERMINALINFO (TERMINAL_ID,TTYPE_ID,SIM_ID,TERMINAL_CODE,ORG_CODE,IS_VIDEO_TERMINAL,SP_SERVER_NAME,PROTOCOL_TYPE,CHANNELS,YT_PROTOCOL_TYPE) values(220353, 4, 22353, '1002352', 'B0000802',1,'1076测试服务器','4',8,'0');
insert into V_VEHICLEINFO (ORG_CODE,VEHICLE_ID,ID_NUMBER,TYPE_ID,TERMINAL_ID,DELETE_FLAG,COLOR_ID_NUMBER_ID,AUTHORIZED_PAY_MASS) values ('B0000802','2200353', '测B02352', 4, 220353, 0, '2',15);

insert into T_SIMINFO (SIM_ID, ORG_CODE, DEPTCODE, STATE,PAY_MODLE, SIM_NUM) values(22354, 'B0000802', '中国移动', 1, '预付费', 13100002353);
insert into T_TERMINALINFO (TERMINAL_ID,TTYPE_ID,SIM_ID,TERMINAL_CODE,ORG_CODE,IS_VIDEO_TERMINAL,SP_SERVER_NAME,PROTOCOL_TYPE,CHANNELS,YT_PROTOCOL_TYPE) values(220354, 4, 22354, '1002353', 'B0000802',1,'1076测试服务器','4',8,'0');
insert into V_VEHICLEINFO (ORG_CODE,VEHICLE_ID,ID_NUMBER,TYPE_ID,TERMINAL_ID,DELETE_FLAG,COLOR_ID_NUMBER_ID,AUTHORIZED_PAY_MASS) values ('B0000802','2200354', '测B02353', 4, 220354, 0, '2',15);

insert into T_SIMINFO (SIM_ID, ORG_CODE, DEPTCODE, STATE,PAY_MODLE, SIM_NUM) values(22355, 'B0000802', '中国移动', 1, '预付费', 13100002354);
insert into T_TERMINALINFO (TERMINAL_ID,TTYPE_ID,SIM_ID,TERMINAL_CODE,ORG_CODE,IS_VIDEO_TERMINAL,SP_SERVER_NAME,PROTOCOL_TYPE,CHANNELS,YT_PROTOCOL_TYPE) values(220355, 4, 22355, '1002354', 'B0000802',1,'1076测试服务器','4',8,'0');
insert into V_VEHICLEINFO (ORG_CODE,VEHICLE_ID,ID_NUMBER,TYPE_ID,TERMINAL_ID,DELETE_FLAG,COLOR_ID_NUMBER_ID,AUTHORIZED_PAY_MASS) values ('B0000802','2200355', '测B02354', 4, 220355, 0, '2',15);

insert into T_SIMINFO (SIM_ID, ORG_CODE, DEPTCODE, STATE,PAY_MODLE, SIM_NUM) values(22356, 'B0000802', '中国移动', 1, '预付费', 13100002355);
insert into T_TERMINALINFO (TERMINAL_ID,TTYPE_ID,SIM_ID,TERMINAL_CODE,ORG_CODE,IS_VIDEO_TERMINAL,SP_SERVER_NAME,PROTOCOL_TYPE,CHANNELS,YT_PROTOCOL_TYPE) values(220356, 4, 22356, '1002355', 'B0000802',1,'1076测试服务器','4',8,'0');
insert into V_VEHICLEINFO (ORG_CODE,VEHICLE_ID,ID_NUMBER,TYPE_ID,TERMINAL_ID,DELETE_FLAG,COLOR_ID_NUMBER_ID,AUTHORIZED_PAY_MASS) values ('B0000802','2200356', '测B02355', 4, 220356, 0, '2',15);

insert into T_SIMINFO (SIM_ID, ORG_CODE, DEPTCODE, STATE,PAY_MODLE, SIM_NUM) values(22357, 'B0000802', '中国移动', 1, '预付费', 13100002356);
insert into T_TERMINALINFO (TERMINAL_ID,TTYPE_ID,SIM_ID,TERMINAL_CODE,ORG_CODE,IS_VIDEO_TERMINAL,SP_SERVER_NAME,PROTOCOL_TYPE,CHANNELS,YT_PROTOCOL_TYPE) values(220357, 4, 22357, '1002356', 'B0000802',1,'1076测试服务器','4',8,'0');
insert into V_VEHICLEINFO (ORG_CODE,VEHICLE_ID,ID_NUMBER,TYPE_ID,TERMINAL_ID,DELETE_FLAG,COLOR_ID_NUMBER_ID,AUTHORIZED_PAY_MASS) values ('B0000802','2200357', '测B02356', 4, 220357, 0, '2',15);

insert into T_SIMINFO (SIM_ID, ORG_CODE, DEPTCODE, STATE,PAY_MODLE, SIM_NUM) values(22358, 'B0000802', '中国移动', 1, '预付费', 13100002357);
insert into T_TERMINALINFO (TERMINAL_ID,TTYPE_ID,SIM_ID,TERMINAL_CODE,ORG_CODE,IS_VIDEO_TERMINAL,SP_SERVER_NAME,PROTOCOL_TYPE,CHANNELS,YT_PROTOCOL_TYPE) values(220358, 4, 22358, '1002357', 'B0000802',1,'1076测试服务器','4',8,'0');
insert into V_VEHICLEINFO (ORG_CODE,VEHICLE_ID,ID_NUMBER,TYPE_ID,TERMINAL_ID,DELETE_FLAG,COLOR_ID_NUMBER_ID,AUTHORIZED_PAY_MASS) values ('B0000802','2200358', '测B02357', 4, 220358, 0, '2',15);

insert into T_SIMINFO (SIM_ID, ORG_CODE, DEPTCODE, STATE,PAY_MODLE, SIM_NUM) values(22359, 'B0000802', '中国移动', 1, '预付费', 13100002358);
insert into T_TERMINALINFO (TERMINAL_ID,TTYPE_ID,SIM_ID,TERMINAL_CODE,ORG_CODE,IS_VIDEO_TERMINAL,SP_SERVER_NAME,PROTOCOL_TYPE,CHANNELS,YT_PROTOCOL_TYPE) values(220359, 4, 22359, '1002358', 'B0000802',1,'1076测试服务器','4',8,'0');
insert into V_VEHICLEINFO (ORG_CODE,VEHICLE_ID,ID_NUMBER,TYPE_ID,TERMINAL_ID,DELETE_FLAG,COLOR_ID_NUMBER_ID,AUTHORIZED_PAY_MASS) values ('B0000802','2200359', '测B02358', 4, 220359, 0, '2',15);

insert into T_SIMINFO (SIM_ID, ORG_CODE, DEPTCODE, STATE,PAY_MODLE, SIM_NUM) values(22360, 'B0000802', '中国移动', 1, '预付费', 13100002359);
insert into T_TERMINALINFO (TERMINAL_ID,TTYPE_ID,SIM_ID,TERMINAL_CODE,ORG_CODE,IS_VIDEO_TERMINAL,SP_SERVER_NAME,PROTOCOL_TYPE,CHANNELS,YT_PROTOCOL_TYPE) values(220360, 4, 22360, '1002359', 'B0000802',1,'1076测试服务器','4',8,'0');
insert into V_VEHICLEINFO (ORG_CODE,VEHICLE_ID,ID_NUMBER,TYPE_ID,TERMINAL_ID,DELETE_FLAG,COLOR_ID_NUMBER_ID,AUTHORIZED_PAY_MASS) values ('B0000802','2200360', '测B02359', 4, 220360, 0, '2',15);

insert into T_SIMINFO (SIM_ID, ORG_CODE, DEPTCODE, STATE,PAY_MODLE, SIM_NUM) values(22361, 'B0000802', '中国移动', 1, '预付费', 13100002360);
insert into T_TERMINALINFO (TERMINAL_ID,TTYPE_ID,SIM_ID,TERMINAL_CODE,ORG_CODE,IS_VIDEO_TERMINAL,SP_SERVER_NAME,PROTOCOL_TYPE,CHANNELS,YT_PROTOCOL_TYPE) values(220361, 4, 22361, '1002360', 'B0000802',1,'1076测试服务器','4',8,'0');
insert into V_VEHICLEINFO (ORG_CODE,VEHICLE_ID,ID_NUMBER,TYPE_ID,TERMINAL_ID,DELETE_FLAG,COLOR_ID_NUMBER_ID,AUTHORIZED_PAY_MASS) values ('B0000802','2200361', '测B02360', 4, 220361, 0, '2',15);

insert into T_SIMINFO (SIM_ID, ORG_CODE, DEPTCODE, STATE,PAY_MODLE, SIM_NUM) values(22362, 'B0000802', '中国移动', 1, '预付费', 13100002361);
insert into T_TERMINALINFO (TERMINAL_ID,TTYPE_ID,SIM_ID,TERMINAL_CODE,ORG_CODE,IS_VIDEO_TERMINAL,SP_SERVER_NAME,PROTOCOL_TYPE,CHANNELS,YT_PROTOCOL_TYPE) values(220362, 4, 22362, '1002361', 'B0000802',1,'1076测试服务器','4',8,'0');
insert into V_VEHICLEINFO (ORG_CODE,VEHICLE_ID,ID_NUMBER,TYPE_ID,TERMINAL_ID,DELETE_FLAG,COLOR_ID_NUMBER_ID,AUTHORIZED_PAY_MASS) values ('B0000802','2200362', '测B02361', 4, 220362, 0, '2',15);

insert into T_SIMINFO (SIM_ID, ORG_CODE, DEPTCODE, STATE,PAY_MODLE, SIM_NUM) values(22363, 'B0000802', '中国移动', 1, '预付费', 13100002362);
insert into T_TERMINALINFO (TERMINAL_ID,TTYPE_ID,SIM_ID,TERMINAL_CODE,ORG_CODE,IS_VIDEO_TERMINAL,SP_SERVER_NAME,PROTOCOL_TYPE,CHANNELS,YT_PROTOCOL_TYPE) values(220363, 4, 22363, '1002362', 'B0000802',1,'1076测试服务器','4',8,'0');
insert into V_VEHICLEINFO (ORG_CODE,VEHICLE_ID,ID_NUMBER,TYPE_ID,TERMINAL_ID,DELETE_FLAG,COLOR_ID_NUMBER_ID,AUTHORIZED_PAY_MASS) values ('B0000802','2200363', '测B02362', 4, 220363, 0, '2',15);

insert into T_SIMINFO (SIM_ID, ORG_CODE, DEPTCODE, STATE,PAY_MODLE, SIM_NUM) values(22364, 'B0000802', '中国移动', 1, '预付费', 13100002363);
insert into T_TERMINALINFO (TERMINAL_ID,TTYPE_ID,SIM_ID,TERMINAL_CODE,ORG_CODE,IS_VIDEO_TERMINAL,SP_SERVER_NAME,PROTOCOL_TYPE,CHANNELS,YT_PROTOCOL_TYPE) values(220364, 4, 22364, '1002363', 'B0000802',1,'1076测试服务器','4',8,'0');
insert into V_VEHICLEINFO (ORG_CODE,VEHICLE_ID,ID_NUMBER,TYPE_ID,TERMINAL_ID,DELETE_FLAG,COLOR_ID_NUMBER_ID,AUTHORIZED_PAY_MASS) values ('B0000802','2200364', '测B02363', 4, 220364, 0, '2',15);

insert into T_SIMINFO (SIM_ID, ORG_CODE, DEPTCODE, STATE,PAY_MODLE, SIM_NUM) values(22365, 'B0000802', '中国移动', 1, '预付费', 13100002364);
insert into T_TERMINALINFO (TERMINAL_ID,TTYPE_ID,SIM_ID,TERMINAL_CODE,ORG_CODE,IS_VIDEO_TERMINAL,SP_SERVER_NAME,PROTOCOL_TYPE,CHANNELS,YT_PROTOCOL_TYPE) values(220365, 4, 22365, '1002364', 'B0000802',1,'1076测试服务器','4',8,'0');
insert into V_VEHICLEINFO (ORG_CODE,VEHICLE_ID,ID_NUMBER,TYPE_ID,TERMINAL_ID,DELETE_FLAG,COLOR_ID_NUMBER_ID,AUTHORIZED_PAY_MASS) values ('B0000802','2200365', '测B02364', 4, 220365, 0, '2',15);

insert into T_SIMINFO (SIM_ID, ORG_CODE, DEPTCODE, STATE,PAY_MODLE, SIM_NUM) values(22366, 'B0000802', '中国移动', 1, '预付费', 13100002365);
insert into T_TERMINALINFO (TERMINAL_ID,TTYPE_ID,SIM_ID,TERMINAL_CODE,ORG_CODE,IS_VIDEO_TERMINAL,SP_SERVER_NAME,PROTOCOL_TYPE,CHANNELS,YT_PROTOCOL_TYPE) values(220366, 4, 22366, '1002365', 'B0000802',1,'1076测试服务器','4',8,'0');
insert into V_VEHICLEINFO (ORG_CODE,VEHICLE_ID,ID_NUMBER,TYPE_ID,TERMINAL_ID,DELETE_FLAG,COLOR_ID_NUMBER_ID,AUTHORIZED_PAY_MASS) values ('B0000802','2200366', '测B02365', 4, 220366, 0, '2',15);

insert into T_SIMINFO (SIM_ID, ORG_CODE, DEPTCODE, STATE,PAY_MODLE, SIM_NUM) values(22367, 'B0000802', '中国移动', 1, '预付费', 13100002366);
insert into T_TERMINALINFO (TERMINAL_ID,TTYPE_ID,SIM_ID,TERMINAL_CODE,ORG_CODE,IS_VIDEO_TERMINAL,SP_SERVER_NAME,PROTOCOL_TYPE,CHANNELS,YT_PROTOCOL_TYPE) values(220367, 4, 22367, '1002366', 'B0000802',1,'1076测试服务器','4',8,'0');
insert into V_VEHICLEINFO (ORG_CODE,VEHICLE_ID,ID_NUMBER,TYPE_ID,TERMINAL_ID,DELETE_FLAG,COLOR_ID_NUMBER_ID,AUTHORIZED_PAY_MASS) values ('B0000802','2200367', '测B02366', 4, 220367, 0, '2',15);

insert into T_SIMINFO (SIM_ID, ORG_CODE, DEPTCODE, STATE,PAY_MODLE, SIM_NUM) values(22368, 'B0000802', '中国移动', 1, '预付费', 13100002367);
insert into T_TERMINALINFO (TERMINAL_ID,TTYPE_ID,SIM_ID,TERMINAL_CODE,ORG_CODE,IS_VIDEO_TERMINAL,SP_SERVER_NAME,PROTOCOL_TYPE,CHANNELS,YT_PROTOCOL_TYPE) values(220368, 4, 22368, '1002367', 'B0000802',1,'1076测试服务器','4',8,'0');
insert into V_VEHICLEINFO (ORG_CODE,VEHICLE_ID,ID_NUMBER,TYPE_ID,TERMINAL_ID,DELETE_FLAG,COLOR_ID_NUMBER_ID,AUTHORIZED_PAY_MASS) values ('B0000802','2200368', '测B02367', 4, 220368, 0, '2',15);

insert into T_SIMINFO (SIM_ID, ORG_CODE, DEPTCODE, STATE,PAY_MODLE, SIM_NUM) values(22369, 'B0000802', '中国移动', 1, '预付费', 13100002368);
insert into T_TERMINALINFO (TERMINAL_ID,TTYPE_ID,SIM_ID,TERMINAL_CODE,ORG_CODE,IS_VIDEO_TERMINAL,SP_SERVER_NAME,PROTOCOL_TYPE,CHANNELS,YT_PROTOCOL_TYPE) values(220369, 4, 22369, '1002368', 'B0000802',1,'1076测试服务器','4',8,'0');
insert into V_VEHICLEINFO (ORG_CODE,VEHICLE_ID,ID_NUMBER,TYPE_ID,TERMINAL_ID,DELETE_FLAG,COLOR_ID_NUMBER_ID,AUTHORIZED_PAY_MASS) values ('B0000802','2200369', '测B02368', 4, 220369, 0, '2',15);

insert into T_SIMINFO (SIM_ID, ORG_CODE, DEPTCODE, STATE,PAY_MODLE, SIM_NUM) values(22370, 'B0000802', '中国移动', 1, '预付费', 13100002369);
insert into T_TERMINALINFO (TERMINAL_ID,TTYPE_ID,SIM_ID,TERMINAL_CODE,ORG_CODE,IS_VIDEO_TERMINAL,SP_SERVER_NAME,PROTOCOL_TYPE,CHANNELS,YT_PROTOCOL_TYPE) values(220370, 4, 22370, '1002369', 'B0000802',1,'1076测试服务器','4',8,'0');
insert into V_VEHICLEINFO (ORG_CODE,VEHICLE_ID,ID_NUMBER,TYPE_ID,TERMINAL_ID,DELETE_FLAG,COLOR_ID_NUMBER_ID,AUTHORIZED_PAY_MASS) values ('B0000802','2200370', '测B02369', 4, 220370, 0, '2',15);

insert into T_SIMINFO (SIM_ID, ORG_CODE, DEPTCODE, STATE,PAY_MODLE, SIM_NUM) values(22371, 'B0000802', '中国移动', 1, '预付费', 13100002370);
insert into T_TERMINALINFO (TERMINAL_ID,TTYPE_ID,SIM_ID,TERMINAL_CODE,ORG_CODE,IS_VIDEO_TERMINAL,SP_SERVER_NAME,PROTOCOL_TYPE,CHANNELS,YT_PROTOCOL_TYPE) values(220371, 4, 22371, '1002370', 'B0000802',1,'1076测试服务器','4',8,'0');
insert into V_VEHICLEINFO (ORG_CODE,VEHICLE_ID,ID_NUMBER,TYPE_ID,TERMINAL_ID,DELETE_FLAG,COLOR_ID_NUMBER_ID,AUTHORIZED_PAY_MASS) values ('B0000802','2200371', '测B02370', 4, 220371, 0, '2',15);

insert into T_SIMINFO (SIM_ID, ORG_CODE, DEPTCODE, STATE,PAY_MODLE, SIM_NUM) values(22372, 'B0000802', '中国移动', 1, '预付费', 13100002371);
insert into T_TERMINALINFO (TERMINAL_ID,TTYPE_ID,SIM_ID,TERMINAL_CODE,ORG_CODE,IS_VIDEO_TERMINAL,SP_SERVER_NAME,PROTOCOL_TYPE,CHANNELS,YT_PROTOCOL_TYPE) values(220372, 4, 22372, '1002371', 'B0000802',1,'1076测试服务器','4',8,'0');
insert into V_VEHICLEINFO (ORG_CODE,VEHICLE_ID,ID_NUMBER,TYPE_ID,TERMINAL_ID,DELETE_FLAG,COLOR_ID_NUMBER_ID,AUTHORIZED_PAY_MASS) values ('B0000802','2200372', '测B02371', 4, 220372, 0, '2',15);

insert into T_SIMINFO (SIM_ID, ORG_CODE, DEPTCODE, STATE,PAY_MODLE, SIM_NUM) values(22373, 'B0000802', '中国移动', 1, '预付费', 13100002372);
insert into T_TERMINALINFO (TERMINAL_ID,TTYPE_ID,SIM_ID,TERMINAL_CODE,ORG_CODE,IS_VIDEO_TERMINAL,SP_SERVER_NAME,PROTOCOL_TYPE,CHANNELS,YT_PROTOCOL_TYPE) values(220373, 4, 22373, '1002372', 'B0000802',1,'1076测试服务器','4',8,'0');
insert into V_VEHICLEINFO (ORG_CODE,VEHICLE_ID,ID_NUMBER,TYPE_ID,TERMINAL_ID,DELETE_FLAG,COLOR_ID_NUMBER_ID,AUTHORIZED_PAY_MASS) values ('B0000802','2200373', '测B02372', 4, 220373, 0, '2',15);

insert into T_SIMINFO (SIM_ID, ORG_CODE, DEPTCODE, STATE,PAY_MODLE, SIM_NUM) values(22374, 'B0000802', '中国移动', 1, '预付费', 13100002373);
insert into T_TERMINALINFO (TERMINAL_ID,TTYPE_ID,SIM_ID,TERMINAL_CODE,ORG_CODE,IS_VIDEO_TERMINAL,SP_SERVER_NAME,PROTOCOL_TYPE,CHANNELS,YT_PROTOCOL_TYPE) values(220374, 4, 22374, '1002373', 'B0000802',1,'1076测试服务器','4',8,'0');
insert into V_VEHICLEINFO (ORG_CODE,VEHICLE_ID,ID_NUMBER,TYPE_ID,TERMINAL_ID,DELETE_FLAG,COLOR_ID_NUMBER_ID,AUTHORIZED_PAY_MASS) values ('B0000802','2200374', '测B02373', 4, 220374, 0, '2',15);

insert into T_SIMINFO (SIM_ID, ORG_CODE, DEPTCODE, STATE,PAY_MODLE, SIM_NUM) values(22375, 'B0000802', '中国移动', 1, '预付费', 13100002374);
insert into T_TERMINALINFO (TERMINAL_ID,TTYPE_ID,SIM_ID,TERMINAL_CODE,ORG_CODE,IS_VIDEO_TERMINAL,SP_SERVER_NAME,PROTOCOL_TYPE,CHANNELS,YT_PROTOCOL_TYPE) values(220375, 4, 22375, '1002374', 'B0000802',1,'1076测试服务器','4',8,'0');
insert into V_VEHICLEINFO (ORG_CODE,VEHICLE_ID,ID_NUMBER,TYPE_ID,TERMINAL_ID,DELETE_FLAG,COLOR_ID_NUMBER_ID,AUTHORIZED_PAY_MASS) values ('B0000802','2200375', '测B02374', 4, 220375, 0, '2',15);

insert into T_SIMINFO (SIM_ID, ORG_CODE, DEPTCODE, STATE,PAY_MODLE, SIM_NUM) values(22376, 'B0000802', '中国移动', 1, '预付费', 13100002375);
insert into T_TERMINALINFO (TERMINAL_ID,TTYPE_ID,SIM_ID,TERMINAL_CODE,ORG_CODE,IS_VIDEO_TERMINAL,SP_SERVER_NAME,PROTOCOL_TYPE,CHANNELS,YT_PROTOCOL_TYPE) values(220376, 4, 22376, '1002375', 'B0000802',1,'1076测试服务器','4',8,'0');
insert into V_VEHICLEINFO (ORG_CODE,VEHICLE_ID,ID_NUMBER,TYPE_ID,TERMINAL_ID,DELETE_FLAG,COLOR_ID_NUMBER_ID,AUTHORIZED_PAY_MASS) values ('B0000802','2200376', '测B02375', 4, 220376, 0, '2',15);

insert into T_SIMINFO (SIM_ID, ORG_CODE, DEPTCODE, STATE,PAY_MODLE, SIM_NUM) values(22377, 'B0000802', '中国移动', 1, '预付费', 13100002376);
insert into T_TERMINALINFO (TERMINAL_ID,TTYPE_ID,SIM_ID,TERMINAL_CODE,ORG_CODE,IS_VIDEO_TERMINAL,SP_SERVER_NAME,PROTOCOL_TYPE,CHANNELS,YT_PROTOCOL_TYPE) values(220377, 4, 22377, '1002376', 'B0000802',1,'1076测试服务器','4',8,'0');
insert into V_VEHICLEINFO (ORG_CODE,VEHICLE_ID,ID_NUMBER,TYPE_ID,TERMINAL_ID,DELETE_FLAG,COLOR_ID_NUMBER_ID,AUTHORIZED_PAY_MASS) values ('B0000802','2200377', '测B02376', 4, 220377, 0, '2',15);

insert into T_SIMINFO (SIM_ID, ORG_CODE, DEPTCODE, STATE,PAY_MODLE, SIM_NUM) values(22378, 'B0000802', '中国移动', 1, '预付费', 13100002377);
insert into T_TERMINALINFO (TERMINAL_ID,TTYPE_ID,SIM_ID,TERMINAL_CODE,ORG_CODE,IS_VIDEO_TERMINAL,SP_SERVER_NAME,PROTOCOL_TYPE,CHANNELS,YT_PROTOCOL_TYPE) values(220378, 4, 22378, '1002377', 'B0000802',1,'1076测试服务器','4',8,'0');
insert into V_VEHICLEINFO (ORG_CODE,VEHICLE_ID,ID_NUMBER,TYPE_ID,TERMINAL_ID,DELETE_FLAG,COLOR_ID_NUMBER_ID,AUTHORIZED_PAY_MASS) values ('B0000802','2200378', '测B02377', 4, 220378, 0, '2',15);

insert into T_SIMINFO (SIM_ID, ORG_CODE, DEPTCODE, STATE,PAY_MODLE, SIM_NUM) values(22379, 'B0000802', '中国移动', 1, '预付费', 13100002378);
insert into T_TERMINALINFO (TERMINAL_ID,TTYPE_ID,SIM_ID,TERMINAL_CODE,ORG_CODE,IS_VIDEO_TERMINAL,SP_SERVER_NAME,PROTOCOL_TYPE,CHANNELS,YT_PROTOCOL_TYPE) values(220379, 4, 22379, '1002378', 'B0000802',1,'1076测试服务器','4',8,'0');
insert into V_VEHICLEINFO (ORG_CODE,VEHICLE_ID,ID_NUMBER,TYPE_ID,TERMINAL_ID,DELETE_FLAG,COLOR_ID_NUMBER_ID,AUTHORIZED_PAY_MASS) values ('B0000802','2200379', '测B02378', 4, 220379, 0, '2',15);

insert into T_SIMINFO (SIM_ID, ORG_CODE, DEPTCODE, STATE,PAY_MODLE, SIM_NUM) values(22380, 'B0000802', '中国移动', 1, '预付费', 13100002379);
insert into T_TERMINALINFO (TERMINAL_ID,TTYPE_ID,SIM_ID,TERMINAL_CODE,ORG_CODE,IS_VIDEO_TERMINAL,SP_SERVER_NAME,PROTOCOL_TYPE,CHANNELS,YT_PROTOCOL_TYPE) values(220380, 4, 22380, '1002379', 'B0000802',1,'1076测试服务器','4',8,'0');
insert into V_VEHICLEINFO (ORG_CODE,VEHICLE_ID,ID_NUMBER,TYPE_ID,TERMINAL_ID,DELETE_FLAG,COLOR_ID_NUMBER_ID,AUTHORIZED_PAY_MASS) values ('B0000802','2200380', '测B02379', 4, 220380, 0, '2',15);

insert into T_SIMINFO (SIM_ID, ORG_CODE, DEPTCODE, STATE,PAY_MODLE, SIM_NUM) values(22381, 'B0000802', '中国移动', 1, '预付费', 13100002380);
insert into T_TERMINALINFO (TERMINAL_ID,TTYPE_ID,SIM_ID,TERMINAL_CODE,ORG_CODE,IS_VIDEO_TERMINAL,SP_SERVER_NAME,PROTOCOL_TYPE,CHANNELS,YT_PROTOCOL_TYPE) values(220381, 4, 22381, '1002380', 'B0000802',1,'1076测试服务器','4',8,'0');
insert into V_VEHICLEINFO (ORG_CODE,VEHICLE_ID,ID_NUMBER,TYPE_ID,TERMINAL_ID,DELETE_FLAG,COLOR_ID_NUMBER_ID,AUTHORIZED_PAY_MASS) values ('B0000802','2200381', '测B02380', 4, 220381, 0, '2',15);

insert into T_SIMINFO (SIM_ID, ORG_CODE, DEPTCODE, STATE,PAY_MODLE, SIM_NUM) values(22382, 'B0000802', '中国移动', 1, '预付费', 13100002381);
insert into T_TERMINALINFO (TERMINAL_ID,TTYPE_ID,SIM_ID,TERMINAL_CODE,ORG_CODE,IS_VIDEO_TERMINAL,SP_SERVER_NAME,PROTOCOL_TYPE,CHANNELS,YT_PROTOCOL_TYPE) values(220382, 4, 22382, '1002381', 'B0000802',1,'1076测试服务器','4',8,'0');
insert into V_VEHICLEINFO (ORG_CODE,VEHICLE_ID,ID_NUMBER,TYPE_ID,TERMINAL_ID,DELETE_FLAG,COLOR_ID_NUMBER_ID,AUTHORIZED_PAY_MASS) values ('B0000802','2200382', '测B02381', 4, 220382, 0, '2',15);

insert into T_SIMINFO (SIM_ID, ORG_CODE, DEPTCODE, STATE,PAY_MODLE, SIM_NUM) values(22383, 'B0000802', '中国移动', 1, '预付费', 13100002382);
insert into T_TERMINALINFO (TERMINAL_ID,TTYPE_ID,SIM_ID,TERMINAL_CODE,ORG_CODE,IS_VIDEO_TERMINAL,SP_SERVER_NAME,PROTOCOL_TYPE,CHANNELS,YT_PROTOCOL_TYPE) values(220383, 4, 22383, '1002382', 'B0000802',1,'1076测试服务器','4',8,'0');
insert into V_VEHICLEINFO (ORG_CODE,VEHICLE_ID,ID_NUMBER,TYPE_ID,TERMINAL_ID,DELETE_FLAG,COLOR_ID_NUMBER_ID,AUTHORIZED_PAY_MASS) values ('B0000802','2200383', '测B02382', 4, 220383, 0, '2',15);

insert into T_SIMINFO (SIM_ID, ORG_CODE, DEPTCODE, STATE,PAY_MODLE, SIM_NUM) values(22384, 'B0000802', '中国移动', 1, '预付费', 13100002383);
insert into T_TERMINALINFO (TERMINAL_ID,TTYPE_ID,SIM_ID,TERMINAL_CODE,ORG_CODE,IS_VIDEO_TERMINAL,SP_SERVER_NAME,PROTOCOL_TYPE,CHANNELS,YT_PROTOCOL_TYPE) values(220384, 4, 22384, '1002383', 'B0000802',1,'1076测试服务器','4',8,'0');
insert into V_VEHICLEINFO (ORG_CODE,VEHICLE_ID,ID_NUMBER,TYPE_ID,TERMINAL_ID,DELETE_FLAG,COLOR_ID_NUMBER_ID,AUTHORIZED_PAY_MASS) values ('B0000802','2200384', '测B02383', 4, 220384, 0, '2',15);

insert into T_SIMINFO (SIM_ID, ORG_CODE, DEPTCODE, STATE,PAY_MODLE, SIM_NUM) values(22385, 'B0000802', '中国移动', 1, '预付费', 13100002384);
insert into T_TERMINALINFO (TERMINAL_ID,TTYPE_ID,SIM_ID,TERMINAL_CODE,ORG_CODE,IS_VIDEO_TERMINAL,SP_SERVER_NAME,PROTOCOL_TYPE,CHANNELS,YT_PROTOCOL_TYPE) values(220385, 4, 22385, '1002384', 'B0000802',1,'1076测试服务器','4',8,'0');
insert into V_VEHICLEINFO (ORG_CODE,VEHICLE_ID,ID_NUMBER,TYPE_ID,TERMINAL_ID,DELETE_FLAG,COLOR_ID_NUMBER_ID,AUTHORIZED_PAY_MASS) values ('B0000802','2200385', '测B02384', 4, 220385, 0, '2',15);

insert into T_SIMINFO (SIM_ID, ORG_CODE, DEPTCODE, STATE,PAY_MODLE, SIM_NUM) values(22386, 'B0000802', '中国移动', 1, '预付费', 13100002385);
insert into T_TERMINALINFO (TERMINAL_ID,TTYPE_ID,SIM_ID,TERMINAL_CODE,ORG_CODE,IS_VIDEO_TERMINAL,SP_SERVER_NAME,PROTOCOL_TYPE,CHANNELS,YT_PROTOCOL_TYPE) values(220386, 4, 22386, '1002385', 'B0000802',1,'1076测试服务器','4',8,'0');
insert into V_VEHICLEINFO (ORG_CODE,VEHICLE_ID,ID_NUMBER,TYPE_ID,TERMINAL_ID,DELETE_FLAG,COLOR_ID_NUMBER_ID,AUTHORIZED_PAY_MASS) values ('B0000802','2200386', '测B02385', 4, 220386, 0, '2',15);

insert into T_SIMINFO (SIM_ID, ORG_CODE, DEPTCODE, STATE,PAY_MODLE, SIM_NUM) values(22387, 'B0000802', '中国移动', 1, '预付费', 13100002386);
insert into T_TERMINALINFO (TERMINAL_ID,TTYPE_ID,SIM_ID,TERMINAL_CODE,ORG_CODE,IS_VIDEO_TERMINAL,SP_SERVER_NAME,PROTOCOL_TYPE,CHANNELS,YT_PROTOCOL_TYPE) values(220387, 4, 22387, '1002386', 'B0000802',1,'1076测试服务器','4',8,'0');
insert into V_VEHICLEINFO (ORG_CODE,VEHICLE_ID,ID_NUMBER,TYPE_ID,TERMINAL_ID,DELETE_FLAG,COLOR_ID_NUMBER_ID,AUTHORIZED_PAY_MASS) values ('B0000802','2200387', '测B02386', 4, 220387, 0, '2',15);

insert into T_SIMINFO (SIM_ID, ORG_CODE, DEPTCODE, STATE,PAY_MODLE, SIM_NUM) values(22388, 'B0000802', '中国移动', 1, '预付费', 13100002387);
insert into T_TERMINALINFO (TERMINAL_ID,TTYPE_ID,SIM_ID,TERMINAL_CODE,ORG_CODE,IS_VIDEO_TERMINAL,SP_SERVER_NAME,PROTOCOL_TYPE,CHANNELS,YT_PROTOCOL_TYPE) values(220388, 4, 22388, '1002387', 'B0000802',1,'1076测试服务器','4',8,'0');
insert into V_VEHICLEINFO (ORG_CODE,VEHICLE_ID,ID_NUMBER,TYPE_ID,TERMINAL_ID,DELETE_FLAG,COLOR_ID_NUMBER_ID,AUTHORIZED_PAY_MASS) values ('B0000802','2200388', '测B02387', 4, 220388, 0, '2',15);

insert into T_SIMINFO (SIM_ID, ORG_CODE, DEPTCODE, STATE,PAY_MODLE, SIM_NUM) values(22389, 'B0000802', '中国移动', 1, '预付费', 13100002388);
insert into T_TERMINALINFO (TERMINAL_ID,TTYPE_ID,SIM_ID,TERMINAL_CODE,ORG_CODE,IS_VIDEO_TERMINAL,SP_SERVER_NAME,PROTOCOL_TYPE,CHANNELS,YT_PROTOCOL_TYPE) values(220389, 4, 22389, '1002388', 'B0000802',1,'1076测试服务器','4',8,'0');
insert into V_VEHICLEINFO (ORG_CODE,VEHICLE_ID,ID_NUMBER,TYPE_ID,TERMINAL_ID,DELETE_FLAG,COLOR_ID_NUMBER_ID,AUTHORIZED_PAY_MASS) values ('B0000802','2200389', '测B02388', 4, 220389, 0, '2',15);

insert into T_SIMINFO (SIM_ID, ORG_CODE, DEPTCODE, STATE,PAY_MODLE, SIM_NUM) values(22390, 'B0000802', '中国移动', 1, '预付费', 13100002389);
insert into T_TERMINALINFO (TERMINAL_ID,TTYPE_ID,SIM_ID,TERMINAL_CODE,ORG_CODE,IS_VIDEO_TERMINAL,SP_SERVER_NAME,PROTOCOL_TYPE,CHANNELS,YT_PROTOCOL_TYPE) values(220390, 4, 22390, '1002389', 'B0000802',1,'1076测试服务器','4',8,'0');
insert into V_VEHICLEINFO (ORG_CODE,VEHICLE_ID,ID_NUMBER,TYPE_ID,TERMINAL_ID,DELETE_FLAG,COLOR_ID_NUMBER_ID,AUTHORIZED_PAY_MASS) values ('B0000802','2200390', '测B02389', 4, 220390, 0, '2',15);

insert into T_SIMINFO (SIM_ID, ORG_CODE, DEPTCODE, STATE,PAY_MODLE, SIM_NUM) values(22391, 'B0000802', '中国移动', 1, '预付费', 13100002390);
insert into T_TERMINALINFO (TERMINAL_ID,TTYPE_ID,SIM_ID,TERMINAL_CODE,ORG_CODE,IS_VIDEO_TERMINAL,SP_SERVER_NAME,PROTOCOL_TYPE,CHANNELS,YT_PROTOCOL_TYPE) values(220391, 4, 22391, '1002390', 'B0000802',1,'1076测试服务器','4',8,'0');
insert into V_VEHICLEINFO (ORG_CODE,VEHICLE_ID,ID_NUMBER,TYPE_ID,TERMINAL_ID,DELETE_FLAG,COLOR_ID_NUMBER_ID,AUTHORIZED_PAY_MASS) values ('B0000802','2200391', '测B02390', 4, 220391, 0, '2',15);

insert into T_SIMINFO (SIM_ID, ORG_CODE, DEPTCODE, STATE,PAY_MODLE, SIM_NUM) values(22392, 'B0000802', '中国移动', 1, '预付费', 13100002391);
insert into T_TERMINALINFO (TERMINAL_ID,TTYPE_ID,SIM_ID,TERMINAL_CODE,ORG_CODE,IS_VIDEO_TERMINAL,SP_SERVER_NAME,PROTOCOL_TYPE,CHANNELS,YT_PROTOCOL_TYPE) values(220392, 4, 22392, '1002391', 'B0000802',1,'1076测试服务器','4',8,'0');
insert into V_VEHICLEINFO (ORG_CODE,VEHICLE_ID,ID_NUMBER,TYPE_ID,TERMINAL_ID,DELETE_FLAG,COLOR_ID_NUMBER_ID,AUTHORIZED_PAY_MASS) values ('B0000802','2200392', '测B02391', 4, 220392, 0, '2',15);

insert into T_SIMINFO (SIM_ID, ORG_CODE, DEPTCODE, STATE,PAY_MODLE, SIM_NUM) values(22393, 'B0000802', '中国移动', 1, '预付费', 13100002392);
insert into T_TERMINALINFO (TERMINAL_ID,TTYPE_ID,SIM_ID,TERMINAL_CODE,ORG_CODE,IS_VIDEO_TERMINAL,SP_SERVER_NAME,PROTOCOL_TYPE,CHANNELS,YT_PROTOCOL_TYPE) values(220393, 4, 22393, '1002392', 'B0000802',1,'1076测试服务器','4',8,'0');
insert into V_VEHICLEINFO (ORG_CODE,VEHICLE_ID,ID_NUMBER,TYPE_ID,TERMINAL_ID,DELETE_FLAG,COLOR_ID_NUMBER_ID,AUTHORIZED_PAY_MASS) values ('B0000802','2200393', '测B02392', 4, 220393, 0, '2',15);

insert into T_SIMINFO (SIM_ID, ORG_CODE, DEPTCODE, STATE,PAY_MODLE, SIM_NUM) values(22394, 'B0000802', '中国移动', 1, '预付费', 13100002393);
insert into T_TERMINALINFO (TERMINAL_ID,TTYPE_ID,SIM_ID,TERMINAL_CODE,ORG_CODE,IS_VIDEO_TERMINAL,SP_SERVER_NAME,PROTOCOL_TYPE,CHANNELS,YT_PROTOCOL_TYPE) values(220394, 4, 22394, '1002393', 'B0000802',1,'1076测试服务器','4',8,'0');
insert into V_VEHICLEINFO (ORG_CODE,VEHICLE_ID,ID_NUMBER,TYPE_ID,TERMINAL_ID,DELETE_FLAG,COLOR_ID_NUMBER_ID,AUTHORIZED_PAY_MASS) values ('B0000802','2200394', '测B02393', 4, 220394, 0, '2',15);

insert into T_SIMINFO (SIM_ID, ORG_CODE, DEPTCODE, STATE,PAY_MODLE, SIM_NUM) values(22395, 'B0000802', '中国移动', 1, '预付费', 13100002394);
insert into T_TERMINALINFO (TERMINAL_ID,TTYPE_ID,SIM_ID,TERMINAL_CODE,ORG_CODE,IS_VIDEO_TERMINAL,SP_SERVER_NAME,PROTOCOL_TYPE,CHANNELS,YT_PROTOCOL_TYPE) values(220395, 4, 22395, '1002394', 'B0000802',1,'1076测试服务器','4',8,'0');
insert into V_VEHICLEINFO (ORG_CODE,VEHICLE_ID,ID_NUMBER,TYPE_ID,TERMINAL_ID,DELETE_FLAG,COLOR_ID_NUMBER_ID,AUTHORIZED_PAY_MASS) values ('B0000802','2200395', '测B02394', 4, 220395, 0, '2',15);

insert into T_SIMINFO (SIM_ID, ORG_CODE, DEPTCODE, STATE,PAY_MODLE, SIM_NUM) values(22396, 'B0000802', '中国移动', 1, '预付费', 13100002395);
insert into T_TERMINALINFO (TERMINAL_ID,TTYPE_ID,SIM_ID,TERMINAL_CODE,ORG_CODE,IS_VIDEO_TERMINAL,SP_SERVER_NAME,PROTOCOL_TYPE,CHANNELS,YT_PROTOCOL_TYPE) values(220396, 4, 22396, '1002395', 'B0000802',1,'1076测试服务器','4',8,'0');
insert into V_VEHICLEINFO (ORG_CODE,VEHICLE_ID,ID_NUMBER,TYPE_ID,TERMINAL_ID,DELETE_FLAG,COLOR_ID_NUMBER_ID,AUTHORIZED_PAY_MASS) values ('B0000802','2200396', '测B02395', 4, 220396, 0, '2',15);

insert into T_SIMINFO (SIM_ID, ORG_CODE, DEPTCODE, STATE,PAY_MODLE, SIM_NUM) values(22397, 'B0000802', '中国移动', 1, '预付费', 13100002396);
insert into T_TERMINALINFO (TERMINAL_ID,TTYPE_ID,SIM_ID,TERMINAL_CODE,ORG_CODE,IS_VIDEO_TERMINAL,SP_SERVER_NAME,PROTOCOL_TYPE,CHANNELS,YT_PROTOCOL_TYPE) values(220397, 4, 22397, '1002396', 'B0000802',1,'1076测试服务器','4',8,'0');
insert into V_VEHICLEINFO (ORG_CODE,VEHICLE_ID,ID_NUMBER,TYPE_ID,TERMINAL_ID,DELETE_FLAG,COLOR_ID_NUMBER_ID,AUTHORIZED_PAY_MASS) values ('B0000802','2200397', '测B02396', 4, 220397, 0, '2',15);

insert into T_SIMINFO (SIM_ID, ORG_CODE, DEPTCODE, STATE,PAY_MODLE, SIM_NUM) values(22398, 'B0000802', '中国移动', 1, '预付费', 13100002397);
insert into T_TERMINALINFO (TERMINAL_ID,TTYPE_ID,SIM_ID,TERMINAL_CODE,ORG_CODE,IS_VIDEO_TERMINAL,SP_SERVER_NAME,PROTOCOL_TYPE,CHANNELS,YT_PROTOCOL_TYPE) values(220398, 4, 22398, '1002397', 'B0000802',1,'1076测试服务器','4',8,'0');
insert into V_VEHICLEINFO (ORG_CODE,VEHICLE_ID,ID_NUMBER,TYPE_ID,TERMINAL_ID,DELETE_FLAG,COLOR_ID_NUMBER_ID,AUTHORIZED_PAY_MASS) values ('B0000802','2200398', '测B02397', 4, 220398, 0, '2',15);

insert into T_SIMINFO (SIM_ID, ORG_CODE, DEPTCODE, STATE,PAY_MODLE, SIM_NUM) values(22399, 'B0000802', '中国移动', 1, '预付费', 13100002398);
insert into T_TERMINALINFO (TERMINAL_ID,TTYPE_ID,SIM_ID,TERMINAL_CODE,ORG_CODE,IS_VIDEO_TERMINAL,SP_SERVER_NAME,PROTOCOL_TYPE,CHANNELS,YT_PROTOCOL_TYPE) values(220399, 4, 22399, '1002398', 'B0000802',1,'1076测试服务器','4',8,'0');
insert into V_VEHICLEINFO (ORG_CODE,VEHICLE_ID,ID_NUMBER,TYPE_ID,TERMINAL_ID,DELETE_FLAG,COLOR_ID_NUMBER_ID,AUTHORIZED_PAY_MASS) values ('B0000802','2200399', '测B02398', 4, 220399, 0, '2',15);

insert into T_SIMINFO (SIM_ID, ORG_CODE, DEPTCODE, STATE,PAY_MODLE, SIM_NUM) values(22400, 'B0000802', '中国移动', 1, '预付费', 13100002399);
insert into T_TERMINALINFO (TERMINAL_ID,TTYPE_ID,SIM_ID,TERMINAL_CODE,ORG_CODE,IS_VIDEO_TERMINAL,SP_SERVER_NAME,PROTOCOL_TYPE,CHANNELS,YT_PROTOCOL_TYPE) values(220400, 4, 22400, '1002399', 'B0000802',1,'1076测试服务器','4',8,'0');
insert into V_VEHICLEINFO (ORG_CODE,VEHICLE_ID,ID_NUMBER,TYPE_ID,TERMINAL_ID,DELETE_FLAG,COLOR_ID_NUMBER_ID,AUTHORIZED_PAY_MASS) values ('B0000802','2200400', '测B02399', 4, 220400, 0, '2',15);

insert into T_SIMINFO (SIM_ID, ORG_CODE, DEPTCODE, STATE,PAY_MODLE, SIM_NUM) values(22401, 'B0000802', '中国移动', 1, '预付费', 13100002400);
insert into T_TERMINALINFO (TERMINAL_ID,TTYPE_ID,SIM_ID,TERMINAL_CODE,ORG_CODE,IS_VIDEO_TERMINAL,SP_SERVER_NAME,PROTOCOL_TYPE,CHANNELS,YT_PROTOCOL_TYPE) values(220401, 4, 22401, '1002400', 'B0000802',1,'1076测试服务器','4',8,'0');
insert into V_VEHICLEINFO (ORG_CODE,VEHICLE_ID,ID_NUMBER,TYPE_ID,TERMINAL_ID,DELETE_FLAG,COLOR_ID_NUMBER_ID,AUTHORIZED_PAY_MASS) values ('B0000802','2200401', '测B02400', 4, 220401, 0, '2',15);

insert into T_SIMINFO (SIM_ID, ORG_CODE, DEPTCODE, STATE,PAY_MODLE, SIM_NUM) values(22402, 'B0000802', '中国移动', 1, '预付费', 13100002401);
insert into T_TERMINALINFO (TERMINAL_ID,TTYPE_ID,SIM_ID,TERMINAL_CODE,ORG_CODE,IS_VIDEO_TERMINAL,SP_SERVER_NAME,PROTOCOL_TYPE,CHANNELS,YT_PROTOCOL_TYPE) values(220402, 4, 22402, '1002401', 'B0000802',1,'1076测试服务器','4',8,'0');
insert into V_VEHICLEINFO (ORG_CODE,VEHICLE_ID,ID_NUMBER,TYPE_ID,TERMINAL_ID,DELETE_FLAG,COLOR_ID_NUMBER_ID,AUTHORIZED_PAY_MASS) values ('B0000802','2200402', '测B02401', 4, 220402, 0, '2',15);

insert into T_SIMINFO (SIM_ID, ORG_CODE, DEPTCODE, STATE,PAY_MODLE, SIM_NUM) values(22403, 'B0000802', '中国移动', 1, '预付费', 13100002402);
insert into T_TERMINALINFO (TERMINAL_ID,TTYPE_ID,SIM_ID,TERMINAL_CODE,ORG_CODE,IS_VIDEO_TERMINAL,SP_SERVER_NAME,PROTOCOL_TYPE,CHANNELS,YT_PROTOCOL_TYPE) values(220403, 4, 22403, '1002402', 'B0000802',1,'1076测试服务器','4',8,'0');
insert into V_VEHICLEINFO (ORG_CODE,VEHICLE_ID,ID_NUMBER,TYPE_ID,TERMINAL_ID,DELETE_FLAG,COLOR_ID_NUMBER_ID,AUTHORIZED_PAY_MASS) values ('B0000802','2200403', '测B02402', 4, 220403, 0, '2',15);

insert into T_SIMINFO (SIM_ID, ORG_CODE, DEPTCODE, STATE,PAY_MODLE, SIM_NUM) values(22404, 'B0000802', '中国移动', 1, '预付费', 13100002403);
insert into T_TERMINALINFO (TERMINAL_ID,TTYPE_ID,SIM_ID,TERMINAL_CODE,ORG_CODE,IS_VIDEO_TERMINAL,SP_SERVER_NAME,PROTOCOL_TYPE,CHANNELS,YT_PROTOCOL_TYPE) values(220404, 4, 22404, '1002403', 'B0000802',1,'1076测试服务器','4',8,'0');
insert into V_VEHICLEINFO (ORG_CODE,VEHICLE_ID,ID_NUMBER,TYPE_ID,TERMINAL_ID,DELETE_FLAG,COLOR_ID_NUMBER_ID,AUTHORIZED_PAY_MASS) values ('B0000802','2200404', '测B02403', 4, 220404, 0, '2',15);

insert into T_SIMINFO (SIM_ID, ORG_CODE, DEPTCODE, STATE,PAY_MODLE, SIM_NUM) values(22405, 'B0000802', '中国移动', 1, '预付费', 13100002404);
insert into T_TERMINALINFO (TERMINAL_ID,TTYPE_ID,SIM_ID,TERMINAL_CODE,ORG_CODE,IS_VIDEO_TERMINAL,SP_SERVER_NAME,PROTOCOL_TYPE,CHANNELS,YT_PROTOCOL_TYPE) values(220405, 4, 22405, '1002404', 'B0000802',1,'1076测试服务器','4',8,'0');
insert into V_VEHICLEINFO (ORG_CODE,VEHICLE_ID,ID_NUMBER,TYPE_ID,TERMINAL_ID,DELETE_FLAG,COLOR_ID_NUMBER_ID,AUTHORIZED_PAY_MASS) values ('B0000802','2200405', '测B02404', 4, 220405, 0, '2',15);

insert into T_SIMINFO (SIM_ID, ORG_CODE, DEPTCODE, STATE,PAY_MODLE, SIM_NUM) values(22406, 'B0000802', '中国移动', 1, '预付费', 13100002405);
insert into T_TERMINALINFO (TERMINAL_ID,TTYPE_ID,SIM_ID,TERMINAL_CODE,ORG_CODE,IS_VIDEO_TERMINAL,SP_SERVER_NAME,PROTOCOL_TYPE,CHANNELS,YT_PROTOCOL_TYPE) values(220406, 4, 22406, '1002405', 'B0000802',1,'1076测试服务器','4',8,'0');
insert into V_VEHICLEINFO (ORG_CODE,VEHICLE_ID,ID_NUMBER,TYPE_ID,TERMINAL_ID,DELETE_FLAG,COLOR_ID_NUMBER_ID,AUTHORIZED_PAY_MASS) values ('B0000802','2200406', '测B02405', 4, 220406, 0, '2',15);

insert into T_SIMINFO (SIM_ID, ORG_CODE, DEPTCODE, STATE,PAY_MODLE, SIM_NUM) values(22407, 'B0000802', '中国移动', 1, '预付费', 13100002406);
insert into T_TERMINALINFO (TERMINAL_ID,TTYPE_ID,SIM_ID,TERMINAL_CODE,ORG_CODE,IS_VIDEO_TERMINAL,SP_SERVER_NAME,PROTOCOL_TYPE,CHANNELS,YT_PROTOCOL_TYPE) values(220407, 4, 22407, '1002406', 'B0000802',1,'1076测试服务器','4',8,'0');
insert into V_VEHICLEINFO (ORG_CODE,VEHICLE_ID,ID_NUMBER,TYPE_ID,TERMINAL_ID,DELETE_FLAG,COLOR_ID_NUMBER_ID,AUTHORIZED_PAY_MASS) values ('B0000802','2200407', '测B02406', 4, 220407, 0, '2',15);

insert into T_SIMINFO (SIM_ID, ORG_CODE, DEPTCODE, STATE,PAY_MODLE, SIM_NUM) values(22408, 'B0000802', '中国移动', 1, '预付费', 13100002407);
insert into T_TERMINALINFO (TERMINAL_ID,TTYPE_ID,SIM_ID,TERMINAL_CODE,ORG_CODE,IS_VIDEO_TERMINAL,SP_SERVER_NAME,PROTOCOL_TYPE,CHANNELS,YT_PROTOCOL_TYPE) values(220408, 4, 22408, '1002407', 'B0000802',1,'1076测试服务器','4',8,'0');
insert into V_VEHICLEINFO (ORG_CODE,VEHICLE_ID,ID_NUMBER,TYPE_ID,TERMINAL_ID,DELETE_FLAG,COLOR_ID_NUMBER_ID,AUTHORIZED_PAY_MASS) values ('B0000802','2200408', '测B02407', 4, 220408, 0, '2',15);

insert into T_SIMINFO (SIM_ID, ORG_CODE, DEPTCODE, STATE,PAY_MODLE, SIM_NUM) values(22409, 'B0000802', '中国移动', 1, '预付费', 13100002408);
insert into T_TERMINALINFO (TERMINAL_ID,TTYPE_ID,SIM_ID,TERMINAL_CODE,ORG_CODE,IS_VIDEO_TERMINAL,SP_SERVER_NAME,PROTOCOL_TYPE,CHANNELS,YT_PROTOCOL_TYPE) values(220409, 4, 22409, '1002408', 'B0000802',1,'1076测试服务器','4',8,'0');
insert into V_VEHICLEINFO (ORG_CODE,VEHICLE_ID,ID_NUMBER,TYPE_ID,TERMINAL_ID,DELETE_FLAG,COLOR_ID_NUMBER_ID,AUTHORIZED_PAY_MASS) values ('B0000802','2200409', '测B02408', 4, 220409, 0, '2',15);

insert into T_SIMINFO (SIM_ID, ORG_CODE, DEPTCODE, STATE,PAY_MODLE, SIM_NUM) values(22410, 'B0000802', '中国移动', 1, '预付费', 13100002409);
insert into T_TERMINALINFO (TERMINAL_ID,TTYPE_ID,SIM_ID,TERMINAL_CODE,ORG_CODE,IS_VIDEO_TERMINAL,SP_SERVER_NAME,PROTOCOL_TYPE,CHANNELS,YT_PROTOCOL_TYPE) values(220410, 4, 22410, '1002409', 'B0000802',1,'1076测试服务器','4',8,'0');
insert into V_VEHICLEINFO (ORG_CODE,VEHICLE_ID,ID_NUMBER,TYPE_ID,TERMINAL_ID,DELETE_FLAG,COLOR_ID_NUMBER_ID,AUTHORIZED_PAY_MASS) values ('B0000802','2200410', '测B02409', 4, 220410, 0, '2',15);

insert into T_SIMINFO (SIM_ID, ORG_CODE, DEPTCODE, STATE,PAY_MODLE, SIM_NUM) values(22411, 'B0000802', '中国移动', 1, '预付费', 13100002410);
insert into T_TERMINALINFO (TERMINAL_ID,TTYPE_ID,SIM_ID,TERMINAL_CODE,ORG_CODE,IS_VIDEO_TERMINAL,SP_SERVER_NAME,PROTOCOL_TYPE,CHANNELS,YT_PROTOCOL_TYPE) values(220411, 4, 22411, '1002410', 'B0000802',1,'1076测试服务器','4',8,'0');
insert into V_VEHICLEINFO (ORG_CODE,VEHICLE_ID,ID_NUMBER,TYPE_ID,TERMINAL_ID,DELETE_FLAG,COLOR_ID_NUMBER_ID,AUTHORIZED_PAY_MASS) values ('B0000802','2200411', '测B02410', 4, 220411, 0, '2',15);

insert into T_SIMINFO (SIM_ID, ORG_CODE, DEPTCODE, STATE,PAY_MODLE, SIM_NUM) values(22412, 'B0000802', '中国移动', 1, '预付费', 13100002411);
insert into T_TERMINALINFO (TERMINAL_ID,TTYPE_ID,SIM_ID,TERMINAL_CODE,ORG_CODE,IS_VIDEO_TERMINAL,SP_SERVER_NAME,PROTOCOL_TYPE,CHANNELS,YT_PROTOCOL_TYPE) values(220412, 4, 22412, '1002411', 'B0000802',1,'1076测试服务器','4',8,'0');
insert into V_VEHICLEINFO (ORG_CODE,VEHICLE_ID,ID_NUMBER,TYPE_ID,TERMINAL_ID,DELETE_FLAG,COLOR_ID_NUMBER_ID,AUTHORIZED_PAY_MASS) values ('B0000802','2200412', '测B02411', 4, 220412, 0, '2',15);

insert into T_SIMINFO (SIM_ID, ORG_CODE, DEPTCODE, STATE,PAY_MODLE, SIM_NUM) values(22413, 'B0000802', '中国移动', 1, '预付费', 13100002412);
insert into T_TERMINALINFO (TERMINAL_ID,TTYPE_ID,SIM_ID,TERMINAL_CODE,ORG_CODE,IS_VIDEO_TERMINAL,SP_SERVER_NAME,PROTOCOL_TYPE,CHANNELS,YT_PROTOCOL_TYPE) values(220413, 4, 22413, '1002412', 'B0000802',1,'1076测试服务器','4',8,'0');
insert into V_VEHICLEINFO (ORG_CODE,VEHICLE_ID,ID_NUMBER,TYPE_ID,TERMINAL_ID,DELETE_FLAG,COLOR_ID_NUMBER_ID,AUTHORIZED_PAY_MASS) values ('B0000802','2200413', '测B02412', 4, 220413, 0, '2',15);

insert into T_SIMINFO (SIM_ID, ORG_CODE, DEPTCODE, STATE,PAY_MODLE, SIM_NUM) values(22414, 'B0000802', '中国移动', 1, '预付费', 13100002413);
insert into T_TERMINALINFO (TERMINAL_ID,TTYPE_ID,SIM_ID,TERMINAL_CODE,ORG_CODE,IS_VIDEO_TERMINAL,SP_SERVER_NAME,PROTOCOL_TYPE,CHANNELS,YT_PROTOCOL_TYPE) values(220414, 4, 22414, '1002413', 'B0000802',1,'1076测试服务器','4',8,'0');
insert into V_VEHICLEINFO (ORG_CODE,VEHICLE_ID,ID_NUMBER,TYPE_ID,TERMINAL_ID,DELETE_FLAG,COLOR_ID_NUMBER_ID,AUTHORIZED_PAY_MASS) values ('B0000802','2200414', '测B02413', 4, 220414, 0, '2',15);

insert into T_SIMINFO (SIM_ID, ORG_CODE, DEPTCODE, STATE,PAY_MODLE, SIM_NUM) values(22415, 'B0000802', '中国移动', 1, '预付费', 13100002414);
insert into T_TERMINALINFO (TERMINAL_ID,TTYPE_ID,SIM_ID,TERMINAL_CODE,ORG_CODE,IS_VIDEO_TERMINAL,SP_SERVER_NAME,PROTOCOL_TYPE,CHANNELS,YT_PROTOCOL_TYPE) values(220415, 4, 22415, '1002414', 'B0000802',1,'1076测试服务器','4',8,'0');
insert into V_VEHICLEINFO (ORG_CODE,VEHICLE_ID,ID_NUMBER,TYPE_ID,TERMINAL_ID,DELETE_FLAG,COLOR_ID_NUMBER_ID,AUTHORIZED_PAY_MASS) values ('B0000802','2200415', '测B02414', 4, 220415, 0, '2',15);

insert into T_SIMINFO (SIM_ID, ORG_CODE, DEPTCODE, STATE,PAY_MODLE, SIM_NUM) values(22416, 'B0000802', '中国移动', 1, '预付费', 13100002415);
insert into T_TERMINALINFO (TERMINAL_ID,TTYPE_ID,SIM_ID,TERMINAL_CODE,ORG_CODE,IS_VIDEO_TERMINAL,SP_SERVER_NAME,PROTOCOL_TYPE,CHANNELS,YT_PROTOCOL_TYPE) values(220416, 4, 22416, '1002415', 'B0000802',1,'1076测试服务器','4',8,'0');
insert into V_VEHICLEINFO (ORG_CODE,VEHICLE_ID,ID_NUMBER,TYPE_ID,TERMINAL_ID,DELETE_FLAG,COLOR_ID_NUMBER_ID,AUTHORIZED_PAY_MASS) values ('B0000802','2200416', '测B02415', 4, 220416, 0, '2',15);

insert into T_SIMINFO (SIM_ID, ORG_CODE, DEPTCODE, STATE,PAY_MODLE, SIM_NUM) values(22417, 'B0000802', '中国移动', 1, '预付费', 13100002416);
insert into T_TERMINALINFO (TERMINAL_ID,TTYPE_ID,SIM_ID,TERMINAL_CODE,ORG_CODE,IS_VIDEO_TERMINAL,SP_SERVER_NAME,PROTOCOL_TYPE,CHANNELS,YT_PROTOCOL_TYPE) values(220417, 4, 22417, '1002416', 'B0000802',1,'1076测试服务器','4',8,'0');
insert into V_VEHICLEINFO (ORG_CODE,VEHICLE_ID,ID_NUMBER,TYPE_ID,TERMINAL_ID,DELETE_FLAG,COLOR_ID_NUMBER_ID,AUTHORIZED_PAY_MASS) values ('B0000802','2200417', '测B02416', 4, 220417, 0, '2',15);

insert into T_SIMINFO (SIM_ID, ORG_CODE, DEPTCODE, STATE,PAY_MODLE, SIM_NUM) values(22418, 'B0000802', '中国移动', 1, '预付费', 13100002417);
insert into T_TERMINALINFO (TERMINAL_ID,TTYPE_ID,SIM_ID,TERMINAL_CODE,ORG_CODE,IS_VIDEO_TERMINAL,SP_SERVER_NAME,PROTOCOL_TYPE,CHANNELS,YT_PROTOCOL_TYPE) values(220418, 4, 22418, '1002417', 'B0000802',1,'1076测试服务器','4',8,'0');
insert into V_VEHICLEINFO (ORG_CODE,VEHICLE_ID,ID_NUMBER,TYPE_ID,TERMINAL_ID,DELETE_FLAG,COLOR_ID_NUMBER_ID,AUTHORIZED_PAY_MASS) values ('B0000802','2200418', '测B02417', 4, 220418, 0, '2',15);

insert into T_SIMINFO (SIM_ID, ORG_CODE, DEPTCODE, STATE,PAY_MODLE, SIM_NUM) values(22419, 'B0000802', '中国移动', 1, '预付费', 13100002418);
insert into T_TERMINALINFO (TERMINAL_ID,TTYPE_ID,SIM_ID,TERMINAL_CODE,ORG_CODE,IS_VIDEO_TERMINAL,SP_SERVER_NAME,PROTOCOL_TYPE,CHANNELS,YT_PROTOCOL_TYPE) values(220419, 4, 22419, '1002418', 'B0000802',1,'1076测试服务器','4',8,'0');
insert into V_VEHICLEINFO (ORG_CODE,VEHICLE_ID,ID_NUMBER,TYPE_ID,TERMINAL_ID,DELETE_FLAG,COLOR_ID_NUMBER_ID,AUTHORIZED_PAY_MASS) values ('B0000802','2200419', '测B02418', 4, 220419, 0, '2',15);

insert into T_SIMINFO (SIM_ID, ORG_CODE, DEPTCODE, STATE,PAY_MODLE, SIM_NUM) values(22420, 'B0000802', '中国移动', 1, '预付费', 13100002419);
insert into T_TERMINALINFO (TERMINAL_ID,TTYPE_ID,SIM_ID,TERMINAL_CODE,ORG_CODE,IS_VIDEO_TERMINAL,SP_SERVER_NAME,PROTOCOL_TYPE,CHANNELS,YT_PROTOCOL_TYPE) values(220420, 4, 22420, '1002419', 'B0000802',1,'1076测试服务器','4',8,'0');
insert into V_VEHICLEINFO (ORG_CODE,VEHICLE_ID,ID_NUMBER,TYPE_ID,TERMINAL_ID,DELETE_FLAG,COLOR_ID_NUMBER_ID,AUTHORIZED_PAY_MASS) values ('B0000802','2200420', '测B02419', 4, 220420, 0, '2',15);

insert into T_SIMINFO (SIM_ID, ORG_CODE, DEPTCODE, STATE,PAY_MODLE, SIM_NUM) values(22421, 'B0000802', '中国移动', 1, '预付费', 13100002420);
insert into T_TERMINALINFO (TERMINAL_ID,TTYPE_ID,SIM_ID,TERMINAL_CODE,ORG_CODE,IS_VIDEO_TERMINAL,SP_SERVER_NAME,PROTOCOL_TYPE,CHANNELS,YT_PROTOCOL_TYPE) values(220421, 4, 22421, '1002420', 'B0000802',1,'1076测试服务器','4',8,'0');
insert into V_VEHICLEINFO (ORG_CODE,VEHICLE_ID,ID_NUMBER,TYPE_ID,TERMINAL_ID,DELETE_FLAG,COLOR_ID_NUMBER_ID,AUTHORIZED_PAY_MASS) values ('B0000802','2200421', '测B02420', 4, 220421, 0, '2',15);

insert into T_SIMINFO (SIM_ID, ORG_CODE, DEPTCODE, STATE,PAY_MODLE, SIM_NUM) values(22422, 'B0000802', '中国移动', 1, '预付费', 13100002421);
insert into T_TERMINALINFO (TERMINAL_ID,TTYPE_ID,SIM_ID,TERMINAL_CODE,ORG_CODE,IS_VIDEO_TERMINAL,SP_SERVER_NAME,PROTOCOL_TYPE,CHANNELS,YT_PROTOCOL_TYPE) values(220422, 4, 22422, '1002421', 'B0000802',1,'1076测试服务器','4',8,'0');
insert into V_VEHICLEINFO (ORG_CODE,VEHICLE_ID,ID_NUMBER,TYPE_ID,TERMINAL_ID,DELETE_FLAG,COLOR_ID_NUMBER_ID,AUTHORIZED_PAY_MASS) values ('B0000802','2200422', '测B02421', 4, 220422, 0, '2',15);

insert into T_SIMINFO (SIM_ID, ORG_CODE, DEPTCODE, STATE,PAY_MODLE, SIM_NUM) values(22423, 'B0000802', '中国移动', 1, '预付费', 13100002422);
insert into T_TERMINALINFO (TERMINAL_ID,TTYPE_ID,SIM_ID,TERMINAL_CODE,ORG_CODE,IS_VIDEO_TERMINAL,SP_SERVER_NAME,PROTOCOL_TYPE,CHANNELS,YT_PROTOCOL_TYPE) values(220423, 4, 22423, '1002422', 'B0000802',1,'1076测试服务器','4',8,'0');
insert into V_VEHICLEINFO (ORG_CODE,VEHICLE_ID,ID_NUMBER,TYPE_ID,TERMINAL_ID,DELETE_FLAG,COLOR_ID_NUMBER_ID,AUTHORIZED_PAY_MASS) values ('B0000802','2200423', '测B02422', 4, 220423, 0, '2',15);

insert into T_SIMINFO (SIM_ID, ORG_CODE, DEPTCODE, STATE,PAY_MODLE, SIM_NUM) values(22424, 'B0000802', '中国移动', 1, '预付费', 13100002423);
insert into T_TERMINALINFO (TERMINAL_ID,TTYPE_ID,SIM_ID,TERMINAL_CODE,ORG_CODE,IS_VIDEO_TERMINAL,SP_SERVER_NAME,PROTOCOL_TYPE,CHANNELS,YT_PROTOCOL_TYPE) values(220424, 4, 22424, '1002423', 'B0000802',1,'1076测试服务器','4',8,'0');
insert into V_VEHICLEINFO (ORG_CODE,VEHICLE_ID,ID_NUMBER,TYPE_ID,TERMINAL_ID,DELETE_FLAG,COLOR_ID_NUMBER_ID,AUTHORIZED_PAY_MASS) values ('B0000802','2200424', '测B02423', 4, 220424, 0, '2',15);

insert into T_SIMINFO (SIM_ID, ORG_CODE, DEPTCODE, STATE,PAY_MODLE, SIM_NUM) values(22425, 'B0000802', '中国移动', 1, '预付费', 13100002424);
insert into T_TERMINALINFO (TERMINAL_ID,TTYPE_ID,SIM_ID,TERMINAL_CODE,ORG_CODE,IS_VIDEO_TERMINAL,SP_SERVER_NAME,PROTOCOL_TYPE,CHANNELS,YT_PROTOCOL_TYPE) values(220425, 4, 22425, '1002424', 'B0000802',1,'1076测试服务器','4',8,'0');
insert into V_VEHICLEINFO (ORG_CODE,VEHICLE_ID,ID_NUMBER,TYPE_ID,TERMINAL_ID,DELETE_FLAG,COLOR_ID_NUMBER_ID,AUTHORIZED_PAY_MASS) values ('B0000802','2200425', '测B02424', 4, 220425, 0, '2',15);

insert into T_SIMINFO (SIM_ID, ORG_CODE, DEPTCODE, STATE,PAY_MODLE, SIM_NUM) values(22426, 'B0000802', '中国移动', 1, '预付费', 13100002425);
insert into T_TERMINALINFO (TERMINAL_ID,TTYPE_ID,SIM_ID,TERMINAL_CODE,ORG_CODE,IS_VIDEO_TERMINAL,SP_SERVER_NAME,PROTOCOL_TYPE,CHANNELS,YT_PROTOCOL_TYPE) values(220426, 4, 22426, '1002425', 'B0000802',1,'1076测试服务器','4',8,'0');
insert into V_VEHICLEINFO (ORG_CODE,VEHICLE_ID,ID_NUMBER,TYPE_ID,TERMINAL_ID,DELETE_FLAG,COLOR_ID_NUMBER_ID,AUTHORIZED_PAY_MASS) values ('B0000802','2200426', '测B02425', 4, 220426, 0, '2',15);

insert into T_SIMINFO (SIM_ID, ORG_CODE, DEPTCODE, STATE,PAY_MODLE, SIM_NUM) values(22427, 'B0000802', '中国移动', 1, '预付费', 13100002426);
insert into T_TERMINALINFO (TERMINAL_ID,TTYPE_ID,SIM_ID,TERMINAL_CODE,ORG_CODE,IS_VIDEO_TERMINAL,SP_SERVER_NAME,PROTOCOL_TYPE,CHANNELS,YT_PROTOCOL_TYPE) values(220427, 4, 22427, '1002426', 'B0000802',1,'1076测试服务器','4',8,'0');
insert into V_VEHICLEINFO (ORG_CODE,VEHICLE_ID,ID_NUMBER,TYPE_ID,TERMINAL_ID,DELETE_FLAG,COLOR_ID_NUMBER_ID,AUTHORIZED_PAY_MASS) values ('B0000802','2200427', '测B02426', 4, 220427, 0, '2',15);

insert into T_SIMINFO (SIM_ID, ORG_CODE, DEPTCODE, STATE,PAY_MODLE, SIM_NUM) values(22428, 'B0000802', '中国移动', 1, '预付费', 13100002427);
insert into T_TERMINALINFO (TERMINAL_ID,TTYPE_ID,SIM_ID,TERMINAL_CODE,ORG_CODE,IS_VIDEO_TERMINAL,SP_SERVER_NAME,PROTOCOL_TYPE,CHANNELS,YT_PROTOCOL_TYPE) values(220428, 4, 22428, '1002427', 'B0000802',1,'1076测试服务器','4',8,'0');
insert into V_VEHICLEINFO (ORG_CODE,VEHICLE_ID,ID_NUMBER,TYPE_ID,TERMINAL_ID,DELETE_FLAG,COLOR_ID_NUMBER_ID,AUTHORIZED_PAY_MASS) values ('B0000802','2200428', '测B02427', 4, 220428, 0, '2',15);

insert into T_SIMINFO (SIM_ID, ORG_CODE, DEPTCODE, STATE,PAY_MODLE, SIM_NUM) values(22429, 'B0000802', '中国移动', 1, '预付费', 13100002428);
insert into T_TERMINALINFO (TERMINAL_ID,TTYPE_ID,SIM_ID,TERMINAL_CODE,ORG_CODE,IS_VIDEO_TERMINAL,SP_SERVER_NAME,PROTOCOL_TYPE,CHANNELS,YT_PROTOCOL_TYPE) values(220429, 4, 22429, '1002428', 'B0000802',1,'1076测试服务器','4',8,'0');
insert into V_VEHICLEINFO (ORG_CODE,VEHICLE_ID,ID_NUMBER,TYPE_ID,TERMINAL_ID,DELETE_FLAG,COLOR_ID_NUMBER_ID,AUTHORIZED_PAY_MASS) values ('B0000802','2200429', '测B02428', 4, 220429, 0, '2',15);

insert into T_SIMINFO (SIM_ID, ORG_CODE, DEPTCODE, STATE,PAY_MODLE, SIM_NUM) values(22430, 'B0000802', '中国移动', 1, '预付费', 13100002429);
insert into T_TERMINALINFO (TERMINAL_ID,TTYPE_ID,SIM_ID,TERMINAL_CODE,ORG_CODE,IS_VIDEO_TERMINAL,SP_SERVER_NAME,PROTOCOL_TYPE,CHANNELS,YT_PROTOCOL_TYPE) values(220430, 4, 22430, '1002429', 'B0000802',1,'1076测试服务器','4',8,'0');
insert into V_VEHICLEINFO (ORG_CODE,VEHICLE_ID,ID_NUMBER,TYPE_ID,TERMINAL_ID,DELETE_FLAG,COLOR_ID_NUMBER_ID,AUTHORIZED_PAY_MASS) values ('B0000802','2200430', '测B02429', 4, 220430, 0, '2',15);

insert into T_SIMINFO (SIM_ID, ORG_CODE, DEPTCODE, STATE,PAY_MODLE, SIM_NUM) values(22431, 'B0000802', '中国移动', 1, '预付费', 13100002430);
insert into T_TERMINALINFO (TERMINAL_ID,TTYPE_ID,SIM_ID,TERMINAL_CODE,ORG_CODE,IS_VIDEO_TERMINAL,SP_SERVER_NAME,PROTOCOL_TYPE,CHANNELS,YT_PROTOCOL_TYPE) values(220431, 4, 22431, '1002430', 'B0000802',1,'1076测试服务器','4',8,'0');
insert into V_VEHICLEINFO (ORG_CODE,VEHICLE_ID,ID_NUMBER,TYPE_ID,TERMINAL_ID,DELETE_FLAG,COLOR_ID_NUMBER_ID,AUTHORIZED_PAY_MASS) values ('B0000802','2200431', '测B02430', 4, 220431, 0, '2',15);

insert into T_SIMINFO (SIM_ID, ORG_CODE, DEPTCODE, STATE,PAY_MODLE, SIM_NUM) values(22432, 'B0000802', '中国移动', 1, '预付费', 13100002431);
insert into T_TERMINALINFO (TERMINAL_ID,TTYPE_ID,SIM_ID,TERMINAL_CODE,ORG_CODE,IS_VIDEO_TERMINAL,SP_SERVER_NAME,PROTOCOL_TYPE,CHANNELS,YT_PROTOCOL_TYPE) values(220432, 4, 22432, '1002431', 'B0000802',1,'1076测试服务器','4',8,'0');
insert into V_VEHICLEINFO (ORG_CODE,VEHICLE_ID,ID_NUMBER,TYPE_ID,TERMINAL_ID,DELETE_FLAG,COLOR_ID_NUMBER_ID,AUTHORIZED_PAY_MASS) values ('B0000802','2200432', '测B02431', 4, 220432, 0, '2',15);

insert into T_SIMINFO (SIM_ID, ORG_CODE, DEPTCODE, STATE,PAY_MODLE, SIM_NUM) values(22433, 'B0000802', '中国移动', 1, '预付费', 13100002432);
insert into T_TERMINALINFO (TERMINAL_ID,TTYPE_ID,SIM_ID,TERMINAL_CODE,ORG_CODE,IS_VIDEO_TERMINAL,SP_SERVER_NAME,PROTOCOL_TYPE,CHANNELS,YT_PROTOCOL_TYPE) values(220433, 4, 22433, '1002432', 'B0000802',1,'1076测试服务器','4',8,'0');
insert into V_VEHICLEINFO (ORG_CODE,VEHICLE_ID,ID_NUMBER,TYPE_ID,TERMINAL_ID,DELETE_FLAG,COLOR_ID_NUMBER_ID,AUTHORIZED_PAY_MASS) values ('B0000802','2200433', '测B02432', 4, 220433, 0, '2',15);

insert into T_SIMINFO (SIM_ID, ORG_CODE, DEPTCODE, STATE,PAY_MODLE, SIM_NUM) values(22434, 'B0000802', '中国移动', 1, '预付费', 13100002433);
insert into T_TERMINALINFO (TERMINAL_ID,TTYPE_ID,SIM_ID,TERMINAL_CODE,ORG_CODE,IS_VIDEO_TERMINAL,SP_SERVER_NAME,PROTOCOL_TYPE,CHANNELS,YT_PROTOCOL_TYPE) values(220434, 4, 22434, '1002433', 'B0000802',1,'1076测试服务器','4',8,'0');
insert into V_VEHICLEINFO (ORG_CODE,VEHICLE_ID,ID_NUMBER,TYPE_ID,TERMINAL_ID,DELETE_FLAG,COLOR_ID_NUMBER_ID,AUTHORIZED_PAY_MASS) values ('B0000802','2200434', '测B02433', 4, 220434, 0, '2',15);

insert into T_SIMINFO (SIM_ID, ORG_CODE, DEPTCODE, STATE,PAY_MODLE, SIM_NUM) values(22435, 'B0000802', '中国移动', 1, '预付费', 13100002434);
insert into T_TERMINALINFO (TERMINAL_ID,TTYPE_ID,SIM_ID,TERMINAL_CODE,ORG_CODE,IS_VIDEO_TERMINAL,SP_SERVER_NAME,PROTOCOL_TYPE,CHANNELS,YT_PROTOCOL_TYPE) values(220435, 4, 22435, '1002434', 'B0000802',1,'1076测试服务器','4',8,'0');
insert into V_VEHICLEINFO (ORG_CODE,VEHICLE_ID,ID_NUMBER,TYPE_ID,TERMINAL_ID,DELETE_FLAG,COLOR_ID_NUMBER_ID,AUTHORIZED_PAY_MASS) values ('B0000802','2200435', '测B02434', 4, 220435, 0, '2',15);

insert into T_SIMINFO (SIM_ID, ORG_CODE, DEPTCODE, STATE,PAY_MODLE, SIM_NUM) values(22436, 'B0000802', '中国移动', 1, '预付费', 13100002435);
insert into T_TERMINALINFO (TERMINAL_ID,TTYPE_ID,SIM_ID,TERMINAL_CODE,ORG_CODE,IS_VIDEO_TERMINAL,SP_SERVER_NAME,PROTOCOL_TYPE,CHANNELS,YT_PROTOCOL_TYPE) values(220436, 4, 22436, '1002435', 'B0000802',1,'1076测试服务器','4',8,'0');
insert into V_VEHICLEINFO (ORG_CODE,VEHICLE_ID,ID_NUMBER,TYPE_ID,TERMINAL_ID,DELETE_FLAG,COLOR_ID_NUMBER_ID,AUTHORIZED_PAY_MASS) values ('B0000802','2200436', '测B02435', 4, 220436, 0, '2',15);

insert into T_SIMINFO (SIM_ID, ORG_CODE, DEPTCODE, STATE,PAY_MODLE, SIM_NUM) values(22437, 'B0000802', '中国移动', 1, '预付费', 13100002436);
insert into T_TERMINALINFO (TERMINAL_ID,TTYPE_ID,SIM_ID,TERMINAL_CODE,ORG_CODE,IS_VIDEO_TERMINAL,SP_SERVER_NAME,PROTOCOL_TYPE,CHANNELS,YT_PROTOCOL_TYPE) values(220437, 4, 22437, '1002436', 'B0000802',1,'1076测试服务器','4',8,'0');
insert into V_VEHICLEINFO (ORG_CODE,VEHICLE_ID,ID_NUMBER,TYPE_ID,TERMINAL_ID,DELETE_FLAG,COLOR_ID_NUMBER_ID,AUTHORIZED_PAY_MASS) values ('B0000802','2200437', '测B02436', 4, 220437, 0, '2',15);

insert into T_SIMINFO (SIM_ID, ORG_CODE, DEPTCODE, STATE,PAY_MODLE, SIM_NUM) values(22438, 'B0000802', '中国移动', 1, '预付费', 13100002437);
insert into T_TERMINALINFO (TERMINAL_ID,TTYPE_ID,SIM_ID,TERMINAL_CODE,ORG_CODE,IS_VIDEO_TERMINAL,SP_SERVER_NAME,PROTOCOL_TYPE,CHANNELS,YT_PROTOCOL_TYPE) values(220438, 4, 22438, '1002437', 'B0000802',1,'1076测试服务器','4',8,'0');
insert into V_VEHICLEINFO (ORG_CODE,VEHICLE_ID,ID_NUMBER,TYPE_ID,TERMINAL_ID,DELETE_FLAG,COLOR_ID_NUMBER_ID,AUTHORIZED_PAY_MASS) values ('B0000802','2200438', '测B02437', 4, 220438, 0, '2',15);

insert into T_SIMINFO (SIM_ID, ORG_CODE, DEPTCODE, STATE,PAY_MODLE, SIM_NUM) values(22439, 'B0000802', '中国移动', 1, '预付费', 13100002438);
insert into T_TERMINALINFO (TERMINAL_ID,TTYPE_ID,SIM_ID,TERMINAL_CODE,ORG_CODE,IS_VIDEO_TERMINAL,SP_SERVER_NAME,PROTOCOL_TYPE,CHANNELS,YT_PROTOCOL_TYPE) values(220439, 4, 22439, '1002438', 'B0000802',1,'1076测试服务器','4',8,'0');
insert into V_VEHICLEINFO (ORG_CODE,VEHICLE_ID,ID_NUMBER,TYPE_ID,TERMINAL_ID,DELETE_FLAG,COLOR_ID_NUMBER_ID,AUTHORIZED_PAY_MASS) values ('B0000802','2200439', '测B02438', 4, 220439, 0, '2',15);

insert into T_SIMINFO (SIM_ID, ORG_CODE, DEPTCODE, STATE,PAY_MODLE, SIM_NUM) values(22440, 'B0000802', '中国移动', 1, '预付费', 13100002439);
insert into T_TERMINALINFO (TERMINAL_ID,TTYPE_ID,SIM_ID,TERMINAL_CODE,ORG_CODE,IS_VIDEO_TERMINAL,SP_SERVER_NAME,PROTOCOL_TYPE,CHANNELS,YT_PROTOCOL_TYPE) values(220440, 4, 22440, '1002439', 'B0000802',1,'1076测试服务器','4',8,'0');
insert into V_VEHICLEINFO (ORG_CODE,VEHICLE_ID,ID_NUMBER,TYPE_ID,TERMINAL_ID,DELETE_FLAG,COLOR_ID_NUMBER_ID,AUTHORIZED_PAY_MASS) values ('B0000802','2200440', '测B02439', 4, 220440, 0, '2',15);

insert into T_SIMINFO (SIM_ID, ORG_CODE, DEPTCODE, STATE,PAY_MODLE, SIM_NUM) values(22441, 'B0000802', '中国移动', 1, '预付费', 13100002440);
insert into T_TERMINALINFO (TERMINAL_ID,TTYPE_ID,SIM_ID,TERMINAL_CODE,ORG_CODE,IS_VIDEO_TERMINAL,SP_SERVER_NAME,PROTOCOL_TYPE,CHANNELS,YT_PROTOCOL_TYPE) values(220441, 4, 22441, '1002440', 'B0000802',1,'1076测试服务器','4',8,'0');
insert into V_VEHICLEINFO (ORG_CODE,VEHICLE_ID,ID_NUMBER,TYPE_ID,TERMINAL_ID,DELETE_FLAG,COLOR_ID_NUMBER_ID,AUTHORIZED_PAY_MASS) values ('B0000802','2200441', '测B02440', 4, 220441, 0, '2',15);

insert into T_SIMINFO (SIM_ID, ORG_CODE, DEPTCODE, STATE,PAY_MODLE, SIM_NUM) values(22442, 'B0000802', '中国移动', 1, '预付费', 13100002441);
insert into T_TERMINALINFO (TERMINAL_ID,TTYPE_ID,SIM_ID,TERMINAL_CODE,ORG_CODE,IS_VIDEO_TERMINAL,SP_SERVER_NAME,PROTOCOL_TYPE,CHANNELS,YT_PROTOCOL_TYPE) values(220442, 4, 22442, '1002441', 'B0000802',1,'1076测试服务器','4',8,'0');
insert into V_VEHICLEINFO (ORG_CODE,VEHICLE_ID,ID_NUMBER,TYPE_ID,TERMINAL_ID,DELETE_FLAG,COLOR_ID_NUMBER_ID,AUTHORIZED_PAY_MASS) values ('B0000802','2200442', '测B02441', 4, 220442, 0, '2',15);

insert into T_SIMINFO (SIM_ID, ORG_CODE, DEPTCODE, STATE,PAY_MODLE, SIM_NUM) values(22443, 'B0000802', '中国移动', 1, '预付费', 13100002442);
insert into T_TERMINALINFO (TERMINAL_ID,TTYPE_ID,SIM_ID,TERMINAL_CODE,ORG_CODE,IS_VIDEO_TERMINAL,SP_SERVER_NAME,PROTOCOL_TYPE,CHANNELS,YT_PROTOCOL_TYPE) values(220443, 4, 22443, '1002442', 'B0000802',1,'1076测试服务器','4',8,'0');
insert into V_VEHICLEINFO (ORG_CODE,VEHICLE_ID,ID_NUMBER,TYPE_ID,TERMINAL_ID,DELETE_FLAG,COLOR_ID_NUMBER_ID,AUTHORIZED_PAY_MASS) values ('B0000802','2200443', '测B02442', 4, 220443, 0, '2',15);

insert into T_SIMINFO (SIM_ID, ORG_CODE, DEPTCODE, STATE,PAY_MODLE, SIM_NUM) values(22444, 'B0000802', '中国移动', 1, '预付费', 13100002443);
insert into T_TERMINALINFO (TERMINAL_ID,TTYPE_ID,SIM_ID,TERMINAL_CODE,ORG_CODE,IS_VIDEO_TERMINAL,SP_SERVER_NAME,PROTOCOL_TYPE,CHANNELS,YT_PROTOCOL_TYPE) values(220444, 4, 22444, '1002443', 'B0000802',1,'1076测试服务器','4',8,'0');
insert into V_VEHICLEINFO (ORG_CODE,VEHICLE_ID,ID_NUMBER,TYPE_ID,TERMINAL_ID,DELETE_FLAG,COLOR_ID_NUMBER_ID,AUTHORIZED_PAY_MASS) values ('B0000802','2200444', '测B02443', 4, 220444, 0, '2',15);

insert into T_SIMINFO (SIM_ID, ORG_CODE, DEPTCODE, STATE,PAY_MODLE, SIM_NUM) values(22445, 'B0000802', '中国移动', 1, '预付费', 13100002444);
insert into T_TERMINALINFO (TERMINAL_ID,TTYPE_ID,SIM_ID,TERMINAL_CODE,ORG_CODE,IS_VIDEO_TERMINAL,SP_SERVER_NAME,PROTOCOL_TYPE,CHANNELS,YT_PROTOCOL_TYPE) values(220445, 4, 22445, '1002444', 'B0000802',1,'1076测试服务器','4',8,'0');
insert into V_VEHICLEINFO (ORG_CODE,VEHICLE_ID,ID_NUMBER,TYPE_ID,TERMINAL_ID,DELETE_FLAG,COLOR_ID_NUMBER_ID,AUTHORIZED_PAY_MASS) values ('B0000802','2200445', '测B02444', 4, 220445, 0, '2',15);

insert into T_SIMINFO (SIM_ID, ORG_CODE, DEPTCODE, STATE,PAY_MODLE, SIM_NUM) values(22446, 'B0000802', '中国移动', 1, '预付费', 13100002445);
insert into T_TERMINALINFO (TERMINAL_ID,TTYPE_ID,SIM_ID,TERMINAL_CODE,ORG_CODE,IS_VIDEO_TERMINAL,SP_SERVER_NAME,PROTOCOL_TYPE,CHANNELS,YT_PROTOCOL_TYPE) values(220446, 4, 22446, '1002445', 'B0000802',1,'1076测试服务器','4',8,'0');
insert into V_VEHICLEINFO (ORG_CODE,VEHICLE_ID,ID_NUMBER,TYPE_ID,TERMINAL_ID,DELETE_FLAG,COLOR_ID_NUMBER_ID,AUTHORIZED_PAY_MASS) values ('B0000802','2200446', '测B02445', 4, 220446, 0, '2',15);

insert into T_SIMINFO (SIM_ID, ORG_CODE, DEPTCODE, STATE,PAY_MODLE, SIM_NUM) values(22447, 'B0000802', '中国移动', 1, '预付费', 13100002446);
insert into T_TERMINALINFO (TERMINAL_ID,TTYPE_ID,SIM_ID,TERMINAL_CODE,ORG_CODE,IS_VIDEO_TERMINAL,SP_SERVER_NAME,PROTOCOL_TYPE,CHANNELS,YT_PROTOCOL_TYPE) values(220447, 4, 22447, '1002446', 'B0000802',1,'1076测试服务器','4',8,'0');
insert into V_VEHICLEINFO (ORG_CODE,VEHICLE_ID,ID_NUMBER,TYPE_ID,TERMINAL_ID,DELETE_FLAG,COLOR_ID_NUMBER_ID,AUTHORIZED_PAY_MASS) values ('B0000802','2200447', '测B02446', 4, 220447, 0, '2',15);

insert into T_SIMINFO (SIM_ID, ORG_CODE, DEPTCODE, STATE,PAY_MODLE, SIM_NUM) values(22448, 'B0000802', '中国移动', 1, '预付费', 13100002447);
insert into T_TERMINALINFO (TERMINAL_ID,TTYPE_ID,SIM_ID,TERMINAL_CODE,ORG_CODE,IS_VIDEO_TERMINAL,SP_SERVER_NAME,PROTOCOL_TYPE,CHANNELS,YT_PROTOCOL_TYPE) values(220448, 4, 22448, '1002447', 'B0000802',1,'1076测试服务器','4',8,'0');
insert into V_VEHICLEINFO (ORG_CODE,VEHICLE_ID,ID_NUMBER,TYPE_ID,TERMINAL_ID,DELETE_FLAG,COLOR_ID_NUMBER_ID,AUTHORIZED_PAY_MASS) values ('B0000802','2200448', '测B02447', 4, 220448, 0, '2',15);

insert into T_SIMINFO (SIM_ID, ORG_CODE, DEPTCODE, STATE,PAY_MODLE, SIM_NUM) values(22449, 'B0000802', '中国移动', 1, '预付费', 13100002448);
insert into T_TERMINALINFO (TERMINAL_ID,TTYPE_ID,SIM_ID,TERMINAL_CODE,ORG_CODE,IS_VIDEO_TERMINAL,SP_SERVER_NAME,PROTOCOL_TYPE,CHANNELS,YT_PROTOCOL_TYPE) values(220449, 4, 22449, '1002448', 'B0000802',1,'1076测试服务器','4',8,'0');
insert into V_VEHICLEINFO (ORG_CODE,VEHICLE_ID,ID_NUMBER,TYPE_ID,TERMINAL_ID,DELETE_FLAG,COLOR_ID_NUMBER_ID,AUTHORIZED_PAY_MASS) values ('B0000802','2200449', '测B02448', 4, 220449, 0, '2',15);

insert into T_SIMINFO (SIM_ID, ORG_CODE, DEPTCODE, STATE,PAY_MODLE, SIM_NUM) values(22450, 'B0000802', '中国移动', 1, '预付费', 13100002449);
insert into T_TERMINALINFO (TERMINAL_ID,TTYPE_ID,SIM_ID,TERMINAL_CODE,ORG_CODE,IS_VIDEO_TERMINAL,SP_SERVER_NAME,PROTOCOL_TYPE,CHANNELS,YT_PROTOCOL_TYPE) values(220450, 4, 22450, '1002449', 'B0000802',1,'1076测试服务器','4',8,'0');
insert into V_VEHICLEINFO (ORG_CODE,VEHICLE_ID,ID_NUMBER,TYPE_ID,TERMINAL_ID,DELETE_FLAG,COLOR_ID_NUMBER_ID,AUTHORIZED_PAY_MASS) values ('B0000802','2200450', '测B02449', 4, 220450, 0, '2',15);

insert into T_SIMINFO (SIM_ID, ORG_CODE, DEPTCODE, STATE,PAY_MODLE, SIM_NUM) values(22451, 'B0000802', '中国移动', 1, '预付费', 13100002450);
insert into T_TERMINALINFO (TERMINAL_ID,TTYPE_ID,SIM_ID,TERMINAL_CODE,ORG_CODE,IS_VIDEO_TERMINAL,SP_SERVER_NAME,PROTOCOL_TYPE,CHANNELS,YT_PROTOCOL_TYPE) values(220451, 4, 22451, '1002450', 'B0000802',1,'1076测试服务器','4',8,'0');
insert into V_VEHICLEINFO (ORG_CODE,VEHICLE_ID,ID_NUMBER,TYPE_ID,TERMINAL_ID,DELETE_FLAG,COLOR_ID_NUMBER_ID,AUTHORIZED_PAY_MASS) values ('B0000802','2200451', '测B02450', 4, 220451, 0, '2',15);

insert into T_SIMINFO (SIM_ID, ORG_CODE, DEPTCODE, STATE,PAY_MODLE, SIM_NUM) values(22452, 'B0000802', '中国移动', 1, '预付费', 13100002451);
insert into T_TERMINALINFO (TERMINAL_ID,TTYPE_ID,SIM_ID,TERMINAL_CODE,ORG_CODE,IS_VIDEO_TERMINAL,SP_SERVER_NAME,PROTOCOL_TYPE,CHANNELS,YT_PROTOCOL_TYPE) values(220452, 4, 22452, '1002451', 'B0000802',1,'1076测试服务器','4',8,'0');
insert into V_VEHICLEINFO (ORG_CODE,VEHICLE_ID,ID_NUMBER,TYPE_ID,TERMINAL_ID,DELETE_FLAG,COLOR_ID_NUMBER_ID,AUTHORIZED_PAY_MASS) values ('B0000802','2200452', '测B02451', 4, 220452, 0, '2',15);

insert into T_SIMINFO (SIM_ID, ORG_CODE, DEPTCODE, STATE,PAY_MODLE, SIM_NUM) values(22453, 'B0000802', '中国移动', 1, '预付费', 13100002452);
insert into T_TERMINALINFO (TERMINAL_ID,TTYPE_ID,SIM_ID,TERMINAL_CODE,ORG_CODE,IS_VIDEO_TERMINAL,SP_SERVER_NAME,PROTOCOL_TYPE,CHANNELS,YT_PROTOCOL_TYPE) values(220453, 4, 22453, '1002452', 'B0000802',1,'1076测试服务器','4',8,'0');
insert into V_VEHICLEINFO (ORG_CODE,VEHICLE_ID,ID_NUMBER,TYPE_ID,TERMINAL_ID,DELETE_FLAG,COLOR_ID_NUMBER_ID,AUTHORIZED_PAY_MASS) values ('B0000802','2200453', '测B02452', 4, 220453, 0, '2',15);

insert into T_SIMINFO (SIM_ID, ORG_CODE, DEPTCODE, STATE,PAY_MODLE, SIM_NUM) values(22454, 'B0000802', '中国移动', 1, '预付费', 13100002453);
insert into T_TERMINALINFO (TERMINAL_ID,TTYPE_ID,SIM_ID,TERMINAL_CODE,ORG_CODE,IS_VIDEO_TERMINAL,SP_SERVER_NAME,PROTOCOL_TYPE,CHANNELS,YT_PROTOCOL_TYPE) values(220454, 4, 22454, '1002453', 'B0000802',1,'1076测试服务器','4',8,'0');
insert into V_VEHICLEINFO (ORG_CODE,VEHICLE_ID,ID_NUMBER,TYPE_ID,TERMINAL_ID,DELETE_FLAG,COLOR_ID_NUMBER_ID,AUTHORIZED_PAY_MASS) values ('B0000802','2200454', '测B02453', 4, 220454, 0, '2',15);

insert into T_SIMINFO (SIM_ID, ORG_CODE, DEPTCODE, STATE,PAY_MODLE, SIM_NUM) values(22455, 'B0000802', '中国移动', 1, '预付费', 13100002454);
insert into T_TERMINALINFO (TERMINAL_ID,TTYPE_ID,SIM_ID,TERMINAL_CODE,ORG_CODE,IS_VIDEO_TERMINAL,SP_SERVER_NAME,PROTOCOL_TYPE,CHANNELS,YT_PROTOCOL_TYPE) values(220455, 4, 22455, '1002454', 'B0000802',1,'1076测试服务器','4',8,'0');
insert into V_VEHICLEINFO (ORG_CODE,VEHICLE_ID,ID_NUMBER,TYPE_ID,TERMINAL_ID,DELETE_FLAG,COLOR_ID_NUMBER_ID,AUTHORIZED_PAY_MASS) values ('B0000802','2200455', '测B02454', 4, 220455, 0, '2',15);

insert into T_SIMINFO (SIM_ID, ORG_CODE, DEPTCODE, STATE,PAY_MODLE, SIM_NUM) values(22456, 'B0000802', '中国移动', 1, '预付费', 13100002455);
insert into T_TERMINALINFO (TERMINAL_ID,TTYPE_ID,SIM_ID,TERMINAL_CODE,ORG_CODE,IS_VIDEO_TERMINAL,SP_SERVER_NAME,PROTOCOL_TYPE,CHANNELS,YT_PROTOCOL_TYPE) values(220456, 4, 22456, '1002455', 'B0000802',1,'1076测试服务器','4',8,'0');
insert into V_VEHICLEINFO (ORG_CODE,VEHICLE_ID,ID_NUMBER,TYPE_ID,TERMINAL_ID,DELETE_FLAG,COLOR_ID_NUMBER_ID,AUTHORIZED_PAY_MASS) values ('B0000802','2200456', '测B02455', 4, 220456, 0, '2',15);

insert into T_SIMINFO (SIM_ID, ORG_CODE, DEPTCODE, STATE,PAY_MODLE, SIM_NUM) values(22457, 'B0000802', '中国移动', 1, '预付费', 13100002456);
insert into T_TERMINALINFO (TERMINAL_ID,TTYPE_ID,SIM_ID,TERMINAL_CODE,ORG_CODE,IS_VIDEO_TERMINAL,SP_SERVER_NAME,PROTOCOL_TYPE,CHANNELS,YT_PROTOCOL_TYPE) values(220457, 4, 22457, '1002456', 'B0000802',1,'1076测试服务器','4',8,'0');
insert into V_VEHICLEINFO (ORG_CODE,VEHICLE_ID,ID_NUMBER,TYPE_ID,TERMINAL_ID,DELETE_FLAG,COLOR_ID_NUMBER_ID,AUTHORIZED_PAY_MASS) values ('B0000802','2200457', '测B02456', 4, 220457, 0, '2',15);

insert into T_SIMINFO (SIM_ID, ORG_CODE, DEPTCODE, STATE,PAY_MODLE, SIM_NUM) values(22458, 'B0000802', '中国移动', 1, '预付费', 13100002457);
insert into T_TERMINALINFO (TERMINAL_ID,TTYPE_ID,SIM_ID,TERMINAL_CODE,ORG_CODE,IS_VIDEO_TERMINAL,SP_SERVER_NAME,PROTOCOL_TYPE,CHANNELS,YT_PROTOCOL_TYPE) values(220458, 4, 22458, '1002457', 'B0000802',1,'1076测试服务器','4',8,'0');
insert into V_VEHICLEINFO (ORG_CODE,VEHICLE_ID,ID_NUMBER,TYPE_ID,TERMINAL_ID,DELETE_FLAG,COLOR_ID_NUMBER_ID,AUTHORIZED_PAY_MASS) values ('B0000802','2200458', '测B02457', 4, 220458, 0, '2',15);

insert into T_SIMINFO (SIM_ID, ORG_CODE, DEPTCODE, STATE,PAY_MODLE, SIM_NUM) values(22459, 'B0000802', '中国移动', 1, '预付费', 13100002458);
insert into T_TERMINALINFO (TERMINAL_ID,TTYPE_ID,SIM_ID,TERMINAL_CODE,ORG_CODE,IS_VIDEO_TERMINAL,SP_SERVER_NAME,PROTOCOL_TYPE,CHANNELS,YT_PROTOCOL_TYPE) values(220459, 4, 22459, '1002458', 'B0000802',1,'1076测试服务器','4',8,'0');
insert into V_VEHICLEINFO (ORG_CODE,VEHICLE_ID,ID_NUMBER,TYPE_ID,TERMINAL_ID,DELETE_FLAG,COLOR_ID_NUMBER_ID,AUTHORIZED_PAY_MASS) values ('B0000802','2200459', '测B02458', 4, 220459, 0, '2',15);

insert into T_SIMINFO (SIM_ID, ORG_CODE, DEPTCODE, STATE,PAY_MODLE, SIM_NUM) values(22460, 'B0000802', '中国移动', 1, '预付费', 13100002459);
insert into T_TERMINALINFO (TERMINAL_ID,TTYPE_ID,SIM_ID,TERMINAL_CODE,ORG_CODE,IS_VIDEO_TERMINAL,SP_SERVER_NAME,PROTOCOL_TYPE,CHANNELS,YT_PROTOCOL_TYPE) values(220460, 4, 22460, '1002459', 'B0000802',1,'1076测试服务器','4',8,'0');
insert into V_VEHICLEINFO (ORG_CODE,VEHICLE_ID,ID_NUMBER,TYPE_ID,TERMINAL_ID,DELETE_FLAG,COLOR_ID_NUMBER_ID,AUTHORIZED_PAY_MASS) values ('B0000802','2200460', '测B02459', 4, 220460, 0, '2',15);

insert into T_SIMINFO (SIM_ID, ORG_CODE, DEPTCODE, STATE,PAY_MODLE, SIM_NUM) values(22461, 'B0000802', '中国移动', 1, '预付费', 13100002460);
insert into T_TERMINALINFO (TERMINAL_ID,TTYPE_ID,SIM_ID,TERMINAL_CODE,ORG_CODE,IS_VIDEO_TERMINAL,SP_SERVER_NAME,PROTOCOL_TYPE,CHANNELS,YT_PROTOCOL_TYPE) values(220461, 4, 22461, '1002460', 'B0000802',1,'1076测试服务器','4',8,'0');
insert into V_VEHICLEINFO (ORG_CODE,VEHICLE_ID,ID_NUMBER,TYPE_ID,TERMINAL_ID,DELETE_FLAG,COLOR_ID_NUMBER_ID,AUTHORIZED_PAY_MASS) values ('B0000802','2200461', '测B02460', 4, 220461, 0, '2',15);

insert into T_SIMINFO (SIM_ID, ORG_CODE, DEPTCODE, STATE,PAY_MODLE, SIM_NUM) values(22462, 'B0000802', '中国移动', 1, '预付费', 13100002461);
insert into T_TERMINALINFO (TERMINAL_ID,TTYPE_ID,SIM_ID,TERMINAL_CODE,ORG_CODE,IS_VIDEO_TERMINAL,SP_SERVER_NAME,PROTOCOL_TYPE,CHANNELS,YT_PROTOCOL_TYPE) values(220462, 4, 22462, '1002461', 'B0000802',1,'1076测试服务器','4',8,'0');
insert into V_VEHICLEINFO (ORG_CODE,VEHICLE_ID,ID_NUMBER,TYPE_ID,TERMINAL_ID,DELETE_FLAG,COLOR_ID_NUMBER_ID,AUTHORIZED_PAY_MASS) values ('B0000802','2200462', '测B02461', 4, 220462, 0, '2',15);

insert into T_SIMINFO (SIM_ID, ORG_CODE, DEPTCODE, STATE,PAY_MODLE, SIM_NUM) values(22463, 'B0000802', '中国移动', 1, '预付费', 13100002462);
insert into T_TERMINALINFO (TERMINAL_ID,TTYPE_ID,SIM_ID,TERMINAL_CODE,ORG_CODE,IS_VIDEO_TERMINAL,SP_SERVER_NAME,PROTOCOL_TYPE,CHANNELS,YT_PROTOCOL_TYPE) values(220463, 4, 22463, '1002462', 'B0000802',1,'1076测试服务器','4',8,'0');
insert into V_VEHICLEINFO (ORG_CODE,VEHICLE_ID,ID_NUMBER,TYPE_ID,TERMINAL_ID,DELETE_FLAG,COLOR_ID_NUMBER_ID,AUTHORIZED_PAY_MASS) values ('B0000802','2200463', '测B02462', 4, 220463, 0, '2',15);

insert into T_SIMINFO (SIM_ID, ORG_CODE, DEPTCODE, STATE,PAY_MODLE, SIM_NUM) values(22464, 'B0000802', '中国移动', 1, '预付费', 13100002463);
insert into T_TERMINALINFO (TERMINAL_ID,TTYPE_ID,SIM_ID,TERMINAL_CODE,ORG_CODE,IS_VIDEO_TERMINAL,SP_SERVER_NAME,PROTOCOL_TYPE,CHANNELS,YT_PROTOCOL_TYPE) values(220464, 4, 22464, '1002463', 'B0000802',1,'1076测试服务器','4',8,'0');
insert into V_VEHICLEINFO (ORG_CODE,VEHICLE_ID,ID_NUMBER,TYPE_ID,TERMINAL_ID,DELETE_FLAG,COLOR_ID_NUMBER_ID,AUTHORIZED_PAY_MASS) values ('B0000802','2200464', '测B02463', 4, 220464, 0, '2',15);

insert into T_SIMINFO (SIM_ID, ORG_CODE, DEPTCODE, STATE,PAY_MODLE, SIM_NUM) values(22465, 'B0000802', '中国移动', 1, '预付费', 13100002464);
insert into T_TERMINALINFO (TERMINAL_ID,TTYPE_ID,SIM_ID,TERMINAL_CODE,ORG_CODE,IS_VIDEO_TERMINAL,SP_SERVER_NAME,PROTOCOL_TYPE,CHANNELS,YT_PROTOCOL_TYPE) values(220465, 4, 22465, '1002464', 'B0000802',1,'1076测试服务器','4',8,'0');
insert into V_VEHICLEINFO (ORG_CODE,VEHICLE_ID,ID_NUMBER,TYPE_ID,TERMINAL_ID,DELETE_FLAG,COLOR_ID_NUMBER_ID,AUTHORIZED_PAY_MASS) values ('B0000802','2200465', '测B02464', 4, 220465, 0, '2',15);

insert into T_SIMINFO (SIM_ID, ORG_CODE, DEPTCODE, STATE,PAY_MODLE, SIM_NUM) values(22466, 'B0000802', '中国移动', 1, '预付费', 13100002465);
insert into T_TERMINALINFO (TERMINAL_ID,TTYPE_ID,SIM_ID,TERMINAL_CODE,ORG_CODE,IS_VIDEO_TERMINAL,SP_SERVER_NAME,PROTOCOL_TYPE,CHANNELS,YT_PROTOCOL_TYPE) values(220466, 4, 22466, '1002465', 'B0000802',1,'1076测试服务器','4',8,'0');
insert into V_VEHICLEINFO (ORG_CODE,VEHICLE_ID,ID_NUMBER,TYPE_ID,TERMINAL_ID,DELETE_FLAG,COLOR_ID_NUMBER_ID,AUTHORIZED_PAY_MASS) values ('B0000802','2200466', '测B02465', 4, 220466, 0, '2',15);

insert into T_SIMINFO (SIM_ID, ORG_CODE, DEPTCODE, STATE,PAY_MODLE, SIM_NUM) values(22467, 'B0000802', '中国移动', 1, '预付费', 13100002466);
insert into T_TERMINALINFO (TERMINAL_ID,TTYPE_ID,SIM_ID,TERMINAL_CODE,ORG_CODE,IS_VIDEO_TERMINAL,SP_SERVER_NAME,PROTOCOL_TYPE,CHANNELS,YT_PROTOCOL_TYPE) values(220467, 4, 22467, '1002466', 'B0000802',1,'1076测试服务器','4',8,'0');
insert into V_VEHICLEINFO (ORG_CODE,VEHICLE_ID,ID_NUMBER,TYPE_ID,TERMINAL_ID,DELETE_FLAG,COLOR_ID_NUMBER_ID,AUTHORIZED_PAY_MASS) values ('B0000802','2200467', '测B02466', 4, 220467, 0, '2',15);

insert into T_SIMINFO (SIM_ID, ORG_CODE, DEPTCODE, STATE,PAY_MODLE, SIM_NUM) values(22468, 'B0000802', '中国移动', 1, '预付费', 13100002467);
insert into T_TERMINALINFO (TERMINAL_ID,TTYPE_ID,SIM_ID,TERMINAL_CODE,ORG_CODE,IS_VIDEO_TERMINAL,SP_SERVER_NAME,PROTOCOL_TYPE,CHANNELS,YT_PROTOCOL_TYPE) values(220468, 4, 22468, '1002467', 'B0000802',1,'1076测试服务器','4',8,'0');
insert into V_VEHICLEINFO (ORG_CODE,VEHICLE_ID,ID_NUMBER,TYPE_ID,TERMINAL_ID,DELETE_FLAG,COLOR_ID_NUMBER_ID,AUTHORIZED_PAY_MASS) values ('B0000802','2200468', '测B02467', 4, 220468, 0, '2',15);

insert into T_SIMINFO (SIM_ID, ORG_CODE, DEPTCODE, STATE,PAY_MODLE, SIM_NUM) values(22469, 'B0000802', '中国移动', 1, '预付费', 13100002468);
insert into T_TERMINALINFO (TERMINAL_ID,TTYPE_ID,SIM_ID,TERMINAL_CODE,ORG_CODE,IS_VIDEO_TERMINAL,SP_SERVER_NAME,PROTOCOL_TYPE,CHANNELS,YT_PROTOCOL_TYPE) values(220469, 4, 22469, '1002468', 'B0000802',1,'1076测试服务器','4',8,'0');
insert into V_VEHICLEINFO (ORG_CODE,VEHICLE_ID,ID_NUMBER,TYPE_ID,TERMINAL_ID,DELETE_FLAG,COLOR_ID_NUMBER_ID,AUTHORIZED_PAY_MASS) values ('B0000802','2200469', '测B02468', 4, 220469, 0, '2',15);

insert into T_SIMINFO (SIM_ID, ORG_CODE, DEPTCODE, STATE,PAY_MODLE, SIM_NUM) values(22470, 'B0000802', '中国移动', 1, '预付费', 13100002469);
insert into T_TERMINALINFO (TERMINAL_ID,TTYPE_ID,SIM_ID,TERMINAL_CODE,ORG_CODE,IS_VIDEO_TERMINAL,SP_SERVER_NAME,PROTOCOL_TYPE,CHANNELS,YT_PROTOCOL_TYPE) values(220470, 4, 22470, '1002469', 'B0000802',1,'1076测试服务器','4',8,'0');
insert into V_VEHICLEINFO (ORG_CODE,VEHICLE_ID,ID_NUMBER,TYPE_ID,TERMINAL_ID,DELETE_FLAG,COLOR_ID_NUMBER_ID,AUTHORIZED_PAY_MASS) values ('B0000802','2200470', '测B02469', 4, 220470, 0, '2',15);

insert into T_SIMINFO (SIM_ID, ORG_CODE, DEPTCODE, STATE,PAY_MODLE, SIM_NUM) values(22471, 'B0000802', '中国移动', 1, '预付费', 13100002470);
insert into T_TERMINALINFO (TERMINAL_ID,TTYPE_ID,SIM_ID,TERMINAL_CODE,ORG_CODE,IS_VIDEO_TERMINAL,SP_SERVER_NAME,PROTOCOL_TYPE,CHANNELS,YT_PROTOCOL_TYPE) values(220471, 4, 22471, '1002470', 'B0000802',1,'1076测试服务器','4',8,'0');
insert into V_VEHICLEINFO (ORG_CODE,VEHICLE_ID,ID_NUMBER,TYPE_ID,TERMINAL_ID,DELETE_FLAG,COLOR_ID_NUMBER_ID,AUTHORIZED_PAY_MASS) values ('B0000802','2200471', '测B02470', 4, 220471, 0, '2',15);

insert into T_SIMINFO (SIM_ID, ORG_CODE, DEPTCODE, STATE,PAY_MODLE, SIM_NUM) values(22472, 'B0000802', '中国移动', 1, '预付费', 13100002471);
insert into T_TERMINALINFO (TERMINAL_ID,TTYPE_ID,SIM_ID,TERMINAL_CODE,ORG_CODE,IS_VIDEO_TERMINAL,SP_SERVER_NAME,PROTOCOL_TYPE,CHANNELS,YT_PROTOCOL_TYPE) values(220472, 4, 22472, '1002471', 'B0000802',1,'1076测试服务器','4',8,'0');
insert into V_VEHICLEINFO (ORG_CODE,VEHICLE_ID,ID_NUMBER,TYPE_ID,TERMINAL_ID,DELETE_FLAG,COLOR_ID_NUMBER_ID,AUTHORIZED_PAY_MASS) values ('B0000802','2200472', '测B02471', 4, 220472, 0, '2',15);

insert into T_SIMINFO (SIM_ID, ORG_CODE, DEPTCODE, STATE,PAY_MODLE, SIM_NUM) values(22473, 'B0000802', '中国移动', 1, '预付费', 13100002472);
insert into T_TERMINALINFO (TERMINAL_ID,TTYPE_ID,SIM_ID,TERMINAL_CODE,ORG_CODE,IS_VIDEO_TERMINAL,SP_SERVER_NAME,PROTOCOL_TYPE,CHANNELS,YT_PROTOCOL_TYPE) values(220473, 4, 22473, '1002472', 'B0000802',1,'1076测试服务器','4',8,'0');
insert into V_VEHICLEINFO (ORG_CODE,VEHICLE_ID,ID_NUMBER,TYPE_ID,TERMINAL_ID,DELETE_FLAG,COLOR_ID_NUMBER_ID,AUTHORIZED_PAY_MASS) values ('B0000802','2200473', '测B02472', 4, 220473, 0, '2',15);

insert into T_SIMINFO (SIM_ID, ORG_CODE, DEPTCODE, STATE,PAY_MODLE, SIM_NUM) values(22474, 'B0000802', '中国移动', 1, '预付费', 13100002473);
insert into T_TERMINALINFO (TERMINAL_ID,TTYPE_ID,SIM_ID,TERMINAL_CODE,ORG_CODE,IS_VIDEO_TERMINAL,SP_SERVER_NAME,PROTOCOL_TYPE,CHANNELS,YT_PROTOCOL_TYPE) values(220474, 4, 22474, '1002473', 'B0000802',1,'1076测试服务器','4',8,'0');
insert into V_VEHICLEINFO (ORG_CODE,VEHICLE_ID,ID_NUMBER,TYPE_ID,TERMINAL_ID,DELETE_FLAG,COLOR_ID_NUMBER_ID,AUTHORIZED_PAY_MASS) values ('B0000802','2200474', '测B02473', 4, 220474, 0, '2',15);

insert into T_SIMINFO (SIM_ID, ORG_CODE, DEPTCODE, STATE,PAY_MODLE, SIM_NUM) values(22475, 'B0000802', '中国移动', 1, '预付费', 13100002474);
insert into T_TERMINALINFO (TERMINAL_ID,TTYPE_ID,SIM_ID,TERMINAL_CODE,ORG_CODE,IS_VIDEO_TERMINAL,SP_SERVER_NAME,PROTOCOL_TYPE,CHANNELS,YT_PROTOCOL_TYPE) values(220475, 4, 22475, '1002474', 'B0000802',1,'1076测试服务器','4',8,'0');
insert into V_VEHICLEINFO (ORG_CODE,VEHICLE_ID,ID_NUMBER,TYPE_ID,TERMINAL_ID,DELETE_FLAG,COLOR_ID_NUMBER_ID,AUTHORIZED_PAY_MASS) values ('B0000802','2200475', '测B02474', 4, 220475, 0, '2',15);

insert into T_SIMINFO (SIM_ID, ORG_CODE, DEPTCODE, STATE,PAY_MODLE, SIM_NUM) values(22476, 'B0000802', '中国移动', 1, '预付费', 13100002475);
insert into T_TERMINALINFO (TERMINAL_ID,TTYPE_ID,SIM_ID,TERMINAL_CODE,ORG_CODE,IS_VIDEO_TERMINAL,SP_SERVER_NAME,PROTOCOL_TYPE,CHANNELS,YT_PROTOCOL_TYPE) values(220476, 4, 22476, '1002475', 'B0000802',1,'1076测试服务器','4',8,'0');
insert into V_VEHICLEINFO (ORG_CODE,VEHICLE_ID,ID_NUMBER,TYPE_ID,TERMINAL_ID,DELETE_FLAG,COLOR_ID_NUMBER_ID,AUTHORIZED_PAY_MASS) values ('B0000802','2200476', '测B02475', 4, 220476, 0, '2',15);

insert into T_SIMINFO (SIM_ID, ORG_CODE, DEPTCODE, STATE,PAY_MODLE, SIM_NUM) values(22477, 'B0000802', '中国移动', 1, '预付费', 13100002476);
insert into T_TERMINALINFO (TERMINAL_ID,TTYPE_ID,SIM_ID,TERMINAL_CODE,ORG_CODE,IS_VIDEO_TERMINAL,SP_SERVER_NAME,PROTOCOL_TYPE,CHANNELS,YT_PROTOCOL_TYPE) values(220477, 4, 22477, '1002476', 'B0000802',1,'1076测试服务器','4',8,'0');
insert into V_VEHICLEINFO (ORG_CODE,VEHICLE_ID,ID_NUMBER,TYPE_ID,TERMINAL_ID,DELETE_FLAG,COLOR_ID_NUMBER_ID,AUTHORIZED_PAY_MASS) values ('B0000802','2200477', '测B02476', 4, 220477, 0, '2',15);

insert into T_SIMINFO (SIM_ID, ORG_CODE, DEPTCODE, STATE,PAY_MODLE, SIM_NUM) values(22478, 'B0000802', '中国移动', 1, '预付费', 13100002477);
insert into T_TERMINALINFO (TERMINAL_ID,TTYPE_ID,SIM_ID,TERMINAL_CODE,ORG_CODE,IS_VIDEO_TERMINAL,SP_SERVER_NAME,PROTOCOL_TYPE,CHANNELS,YT_PROTOCOL_TYPE) values(220478, 4, 22478, '1002477', 'B0000802',1,'1076测试服务器','4',8,'0');
insert into V_VEHICLEINFO (ORG_CODE,VEHICLE_ID,ID_NUMBER,TYPE_ID,TERMINAL_ID,DELETE_FLAG,COLOR_ID_NUMBER_ID,AUTHORIZED_PAY_MASS) values ('B0000802','2200478', '测B02477', 4, 220478, 0, '2',15);

insert into T_SIMINFO (SIM_ID, ORG_CODE, DEPTCODE, STATE,PAY_MODLE, SIM_NUM) values(22479, 'B0000802', '中国移动', 1, '预付费', 13100002478);
insert into T_TERMINALINFO (TERMINAL_ID,TTYPE_ID,SIM_ID,TERMINAL_CODE,ORG_CODE,IS_VIDEO_TERMINAL,SP_SERVER_NAME,PROTOCOL_TYPE,CHANNELS,YT_PROTOCOL_TYPE) values(220479, 4, 22479, '1002478', 'B0000802',1,'1076测试服务器','4',8,'0');
insert into V_VEHICLEINFO (ORG_CODE,VEHICLE_ID,ID_NUMBER,TYPE_ID,TERMINAL_ID,DELETE_FLAG,COLOR_ID_NUMBER_ID,AUTHORIZED_PAY_MASS) values ('B0000802','2200479', '测B02478', 4, 220479, 0, '2',15);

insert into T_SIMINFO (SIM_ID, ORG_CODE, DEPTCODE, STATE,PAY_MODLE, SIM_NUM) values(22480, 'B0000802', '中国移动', 1, '预付费', 13100002479);
insert into T_TERMINALINFO (TERMINAL_ID,TTYPE_ID,SIM_ID,TERMINAL_CODE,ORG_CODE,IS_VIDEO_TERMINAL,SP_SERVER_NAME,PROTOCOL_TYPE,CHANNELS,YT_PROTOCOL_TYPE) values(220480, 4, 22480, '1002479', 'B0000802',1,'1076测试服务器','4',8,'0');
insert into V_VEHICLEINFO (ORG_CODE,VEHICLE_ID,ID_NUMBER,TYPE_ID,TERMINAL_ID,DELETE_FLAG,COLOR_ID_NUMBER_ID,AUTHORIZED_PAY_MASS) values ('B0000802','2200480', '测B02479', 4, 220480, 0, '2',15);

insert into T_SIMINFO (SIM_ID, ORG_CODE, DEPTCODE, STATE,PAY_MODLE, SIM_NUM) values(22481, 'B0000802', '中国移动', 1, '预付费', 13100002480);
insert into T_TERMINALINFO (TERMINAL_ID,TTYPE_ID,SIM_ID,TERMINAL_CODE,ORG_CODE,IS_VIDEO_TERMINAL,SP_SERVER_NAME,PROTOCOL_TYPE,CHANNELS,YT_PROTOCOL_TYPE) values(220481, 4, 22481, '1002480', 'B0000802',1,'1076测试服务器','4',8,'0');
insert into V_VEHICLEINFO (ORG_CODE,VEHICLE_ID,ID_NUMBER,TYPE_ID,TERMINAL_ID,DELETE_FLAG,COLOR_ID_NUMBER_ID,AUTHORIZED_PAY_MASS) values ('B0000802','2200481', '测B02480', 4, 220481, 0, '2',15);

insert into T_SIMINFO (SIM_ID, ORG_CODE, DEPTCODE, STATE,PAY_MODLE, SIM_NUM) values(22482, 'B0000802', '中国移动', 1, '预付费', 13100002481);
insert into T_TERMINALINFO (TERMINAL_ID,TTYPE_ID,SIM_ID,TERMINAL_CODE,ORG_CODE,IS_VIDEO_TERMINAL,SP_SERVER_NAME,PROTOCOL_TYPE,CHANNELS,YT_PROTOCOL_TYPE) values(220482, 4, 22482, '1002481', 'B0000802',1,'1076测试服务器','4',8,'0');
insert into V_VEHICLEINFO (ORG_CODE,VEHICLE_ID,ID_NUMBER,TYPE_ID,TERMINAL_ID,DELETE_FLAG,COLOR_ID_NUMBER_ID,AUTHORIZED_PAY_MASS) values ('B0000802','2200482', '测B02481', 4, 220482, 0, '2',15);

insert into T_SIMINFO (SIM_ID, ORG_CODE, DEPTCODE, STATE,PAY_MODLE, SIM_NUM) values(22483, 'B0000802', '中国移动', 1, '预付费', 13100002482);
insert into T_TERMINALINFO (TERMINAL_ID,TTYPE_ID,SIM_ID,TERMINAL_CODE,ORG_CODE,IS_VIDEO_TERMINAL,SP_SERVER_NAME,PROTOCOL_TYPE,CHANNELS,YT_PROTOCOL_TYPE) values(220483, 4, 22483, '1002482', 'B0000802',1,'1076测试服务器','4',8,'0');
insert into V_VEHICLEINFO (ORG_CODE,VEHICLE_ID,ID_NUMBER,TYPE_ID,TERMINAL_ID,DELETE_FLAG,COLOR_ID_NUMBER_ID,AUTHORIZED_PAY_MASS) values ('B0000802','2200483', '测B02482', 4, 220483, 0, '2',15);

insert into T_SIMINFO (SIM_ID, ORG_CODE, DEPTCODE, STATE,PAY_MODLE, SIM_NUM) values(22484, 'B0000802', '中国移动', 1, '预付费', 13100002483);
insert into T_TERMINALINFO (TERMINAL_ID,TTYPE_ID,SIM_ID,TERMINAL_CODE,ORG_CODE,IS_VIDEO_TERMINAL,SP_SERVER_NAME,PROTOCOL_TYPE,CHANNELS,YT_PROTOCOL_TYPE) values(220484, 4, 22484, '1002483', 'B0000802',1,'1076测试服务器','4',8,'0');
insert into V_VEHICLEINFO (ORG_CODE,VEHICLE_ID,ID_NUMBER,TYPE_ID,TERMINAL_ID,DELETE_FLAG,COLOR_ID_NUMBER_ID,AUTHORIZED_PAY_MASS) values ('B0000802','2200484', '测B02483', 4, 220484, 0, '2',15);

insert into T_SIMINFO (SIM_ID, ORG_CODE, DEPTCODE, STATE,PAY_MODLE, SIM_NUM) values(22485, 'B0000802', '中国移动', 1, '预付费', 13100002484);
insert into T_TERMINALINFO (TERMINAL_ID,TTYPE_ID,SIM_ID,TERMINAL_CODE,ORG_CODE,IS_VIDEO_TERMINAL,SP_SERVER_NAME,PROTOCOL_TYPE,CHANNELS,YT_PROTOCOL_TYPE) values(220485, 4, 22485, '1002484', 'B0000802',1,'1076测试服务器','4',8,'0');
insert into V_VEHICLEINFO (ORG_CODE,VEHICLE_ID,ID_NUMBER,TYPE_ID,TERMINAL_ID,DELETE_FLAG,COLOR_ID_NUMBER_ID,AUTHORIZED_PAY_MASS) values ('B0000802','2200485', '测B02484', 4, 220485, 0, '2',15);

insert into T_SIMINFO (SIM_ID, ORG_CODE, DEPTCODE, STATE,PAY_MODLE, SIM_NUM) values(22486, 'B0000802', '中国移动', 1, '预付费', 13100002485);
insert into T_TERMINALINFO (TERMINAL_ID,TTYPE_ID,SIM_ID,TERMINAL_CODE,ORG_CODE,IS_VIDEO_TERMINAL,SP_SERVER_NAME,PROTOCOL_TYPE,CHANNELS,YT_PROTOCOL_TYPE) values(220486, 4, 22486, '1002485', 'B0000802',1,'1076测试服务器','4',8,'0');
insert into V_VEHICLEINFO (ORG_CODE,VEHICLE_ID,ID_NUMBER,TYPE_ID,TERMINAL_ID,DELETE_FLAG,COLOR_ID_NUMBER_ID,AUTHORIZED_PAY_MASS) values ('B0000802','2200486', '测B02485', 4, 220486, 0, '2',15);

insert into T_SIMINFO (SIM_ID, ORG_CODE, DEPTCODE, STATE,PAY_MODLE, SIM_NUM) values(22487, 'B0000802', '中国移动', 1, '预付费', 13100002486);
insert into T_TERMINALINFO (TERMINAL_ID,TTYPE_ID,SIM_ID,TERMINAL_CODE,ORG_CODE,IS_VIDEO_TERMINAL,SP_SERVER_NAME,PROTOCOL_TYPE,CHANNELS,YT_PROTOCOL_TYPE) values(220487, 4, 22487, '1002486', 'B0000802',1,'1076测试服务器','4',8,'0');
insert into V_VEHICLEINFO (ORG_CODE,VEHICLE_ID,ID_NUMBER,TYPE_ID,TERMINAL_ID,DELETE_FLAG,COLOR_ID_NUMBER_ID,AUTHORIZED_PAY_MASS) values ('B0000802','2200487', '测B02486', 4, 220487, 0, '2',15);

insert into T_SIMINFO (SIM_ID, ORG_CODE, DEPTCODE, STATE,PAY_MODLE, SIM_NUM) values(22488, 'B0000802', '中国移动', 1, '预付费', 13100002487);
insert into T_TERMINALINFO (TERMINAL_ID,TTYPE_ID,SIM_ID,TERMINAL_CODE,ORG_CODE,IS_VIDEO_TERMINAL,SP_SERVER_NAME,PROTOCOL_TYPE,CHANNELS,YT_PROTOCOL_TYPE) values(220488, 4, 22488, '1002487', 'B0000802',1,'1076测试服务器','4',8,'0');
insert into V_VEHICLEINFO (ORG_CODE,VEHICLE_ID,ID_NUMBER,TYPE_ID,TERMINAL_ID,DELETE_FLAG,COLOR_ID_NUMBER_ID,AUTHORIZED_PAY_MASS) values ('B0000802','2200488', '测B02487', 4, 220488, 0, '2',15);

insert into T_SIMINFO (SIM_ID, ORG_CODE, DEPTCODE, STATE,PAY_MODLE, SIM_NUM) values(22489, 'B0000802', '中国移动', 1, '预付费', 13100002488);
insert into T_TERMINALINFO (TERMINAL_ID,TTYPE_ID,SIM_ID,TERMINAL_CODE,ORG_CODE,IS_VIDEO_TERMINAL,SP_SERVER_NAME,PROTOCOL_TYPE,CHANNELS,YT_PROTOCOL_TYPE) values(220489, 4, 22489, '1002488', 'B0000802',1,'1076测试服务器','4',8,'0');
insert into V_VEHICLEINFO (ORG_CODE,VEHICLE_ID,ID_NUMBER,TYPE_ID,TERMINAL_ID,DELETE_FLAG,COLOR_ID_NUMBER_ID,AUTHORIZED_PAY_MASS) values ('B0000802','2200489', '测B02488', 4, 220489, 0, '2',15);

insert into T_SIMINFO (SIM_ID, ORG_CODE, DEPTCODE, STATE,PAY_MODLE, SIM_NUM) values(22490, 'B0000802', '中国移动', 1, '预付费', 13100002489);
insert into T_TERMINALINFO (TERMINAL_ID,TTYPE_ID,SIM_ID,TERMINAL_CODE,ORG_CODE,IS_VIDEO_TERMINAL,SP_SERVER_NAME,PROTOCOL_TYPE,CHANNELS,YT_PROTOCOL_TYPE) values(220490, 4, 22490, '1002489', 'B0000802',1,'1076测试服务器','4',8,'0');
insert into V_VEHICLEINFO (ORG_CODE,VEHICLE_ID,ID_NUMBER,TYPE_ID,TERMINAL_ID,DELETE_FLAG,COLOR_ID_NUMBER_ID,AUTHORIZED_PAY_MASS) values ('B0000802','2200490', '测B02489', 4, 220490, 0, '2',15);

insert into T_SIMINFO (SIM_ID, ORG_CODE, DEPTCODE, STATE,PAY_MODLE, SIM_NUM) values(22491, 'B0000802', '中国移动', 1, '预付费', 13100002490);
insert into T_TERMINALINFO (TERMINAL_ID,TTYPE_ID,SIM_ID,TERMINAL_CODE,ORG_CODE,IS_VIDEO_TERMINAL,SP_SERVER_NAME,PROTOCOL_TYPE,CHANNELS,YT_PROTOCOL_TYPE) values(220491, 4, 22491, '1002490', 'B0000802',1,'1076测试服务器','4',8,'0');
insert into V_VEHICLEINFO (ORG_CODE,VEHICLE_ID,ID_NUMBER,TYPE_ID,TERMINAL_ID,DELETE_FLAG,COLOR_ID_NUMBER_ID,AUTHORIZED_PAY_MASS) values ('B0000802','2200491', '测B02490', 4, 220491, 0, '2',15);

insert into T_SIMINFO (SIM_ID, ORG_CODE, DEPTCODE, STATE,PAY_MODLE, SIM_NUM) values(22492, 'B0000802', '中国移动', 1, '预付费', 13100002491);
insert into T_TERMINALINFO (TERMINAL_ID,TTYPE_ID,SIM_ID,TERMINAL_CODE,ORG_CODE,IS_VIDEO_TERMINAL,SP_SERVER_NAME,PROTOCOL_TYPE,CHANNELS,YT_PROTOCOL_TYPE) values(220492, 4, 22492, '1002491', 'B0000802',1,'1076测试服务器','4',8,'0');
insert into V_VEHICLEINFO (ORG_CODE,VEHICLE_ID,ID_NUMBER,TYPE_ID,TERMINAL_ID,DELETE_FLAG,COLOR_ID_NUMBER_ID,AUTHORIZED_PAY_MASS) values ('B0000802','2200492', '测B02491', 4, 220492, 0, '2',15);

insert into T_SIMINFO (SIM_ID, ORG_CODE, DEPTCODE, STATE,PAY_MODLE, SIM_NUM) values(22493, 'B0000802', '中国移动', 1, '预付费', 13100002492);
insert into T_TERMINALINFO (TERMINAL_ID,TTYPE_ID,SIM_ID,TERMINAL_CODE,ORG_CODE,IS_VIDEO_TERMINAL,SP_SERVER_NAME,PROTOCOL_TYPE,CHANNELS,YT_PROTOCOL_TYPE) values(220493, 4, 22493, '1002492', 'B0000802',1,'1076测试服务器','4',8,'0');
insert into V_VEHICLEINFO (ORG_CODE,VEHICLE_ID,ID_NUMBER,TYPE_ID,TERMINAL_ID,DELETE_FLAG,COLOR_ID_NUMBER_ID,AUTHORIZED_PAY_MASS) values ('B0000802','2200493', '测B02492', 4, 220493, 0, '2',15);

insert into T_SIMINFO (SIM_ID, ORG_CODE, DEPTCODE, STATE,PAY_MODLE, SIM_NUM) values(22494, 'B0000802', '中国移动', 1, '预付费', 13100002493);
insert into T_TERMINALINFO (TERMINAL_ID,TTYPE_ID,SIM_ID,TERMINAL_CODE,ORG_CODE,IS_VIDEO_TERMINAL,SP_SERVER_NAME,PROTOCOL_TYPE,CHANNELS,YT_PROTOCOL_TYPE) values(220494, 4, 22494, '1002493', 'B0000802',1,'1076测试服务器','4',8,'0');
insert into V_VEHICLEINFO (ORG_CODE,VEHICLE_ID,ID_NUMBER,TYPE_ID,TERMINAL_ID,DELETE_FLAG,COLOR_ID_NUMBER_ID,AUTHORIZED_PAY_MASS) values ('B0000802','2200494', '测B02493', 4, 220494, 0, '2',15);

insert into T_SIMINFO (SIM_ID, ORG_CODE, DEPTCODE, STATE,PAY_MODLE, SIM_NUM) values(22495, 'B0000802', '中国移动', 1, '预付费', 13100002494);
insert into T_TERMINALINFO (TERMINAL_ID,TTYPE_ID,SIM_ID,TERMINAL_CODE,ORG_CODE,IS_VIDEO_TERMINAL,SP_SERVER_NAME,PROTOCOL_TYPE,CHANNELS,YT_PROTOCOL_TYPE) values(220495, 4, 22495, '1002494', 'B0000802',1,'1076测试服务器','4',8,'0');
insert into V_VEHICLEINFO (ORG_CODE,VEHICLE_ID,ID_NUMBER,TYPE_ID,TERMINAL_ID,DELETE_FLAG,COLOR_ID_NUMBER_ID,AUTHORIZED_PAY_MASS) values ('B0000802','2200495', '测B02494', 4, 220495, 0, '2',15);

insert into T_SIMINFO (SIM_ID, ORG_CODE, DEPTCODE, STATE,PAY_MODLE, SIM_NUM) values(22496, 'B0000802', '中国移动', 1, '预付费', 13100002495);
insert into T_TERMINALINFO (TERMINAL_ID,TTYPE_ID,SIM_ID,TERMINAL_CODE,ORG_CODE,IS_VIDEO_TERMINAL,SP_SERVER_NAME,PROTOCOL_TYPE,CHANNELS,YT_PROTOCOL_TYPE) values(220496, 4, 22496, '1002495', 'B0000802',1,'1076测试服务器','4',8,'0');
insert into V_VEHICLEINFO (ORG_CODE,VEHICLE_ID,ID_NUMBER,TYPE_ID,TERMINAL_ID,DELETE_FLAG,COLOR_ID_NUMBER_ID,AUTHORIZED_PAY_MASS) values ('B0000802','2200496', '测B02495', 4, 220496, 0, '2',15);

insert into T_SIMINFO (SIM_ID, ORG_CODE, DEPTCODE, STATE,PAY_MODLE, SIM_NUM) values(22497, 'B0000802', '中国移动', 1, '预付费', 13100002496);
insert into T_TERMINALINFO (TERMINAL_ID,TTYPE_ID,SIM_ID,TERMINAL_CODE,ORG_CODE,IS_VIDEO_TERMINAL,SP_SERVER_NAME,PROTOCOL_TYPE,CHANNELS,YT_PROTOCOL_TYPE) values(220497, 4, 22497, '1002496', 'B0000802',1,'1076测试服务器','4',8,'0');
insert into V_VEHICLEINFO (ORG_CODE,VEHICLE_ID,ID_NUMBER,TYPE_ID,TERMINAL_ID,DELETE_FLAG,COLOR_ID_NUMBER_ID,AUTHORIZED_PAY_MASS) values ('B0000802','2200497', '测B02496', 4, 220497, 0, '2',15);

insert into T_SIMINFO (SIM_ID, ORG_CODE, DEPTCODE, STATE,PAY_MODLE, SIM_NUM) values(22498, 'B0000802', '中国移动', 1, '预付费', 13100002497);
insert into T_TERMINALINFO (TERMINAL_ID,TTYPE_ID,SIM_ID,TERMINAL_CODE,ORG_CODE,IS_VIDEO_TERMINAL,SP_SERVER_NAME,PROTOCOL_TYPE,CHANNELS,YT_PROTOCOL_TYPE) values(220498, 4, 22498, '1002497', 'B0000802',1,'1076测试服务器','4',8,'0');
insert into V_VEHICLEINFO (ORG_CODE,VEHICLE_ID,ID_NUMBER,TYPE_ID,TERMINAL_ID,DELETE_FLAG,COLOR_ID_NUMBER_ID,AUTHORIZED_PAY_MASS) values ('B0000802','2200498', '测B02497', 4, 220498, 0, '2',15);

insert into T_SIMINFO (SIM_ID, ORG_CODE, DEPTCODE, STATE,PAY_MODLE, SIM_NUM) values(22499, 'B0000802', '中国移动', 1, '预付费', 13100002498);
insert into T_TERMINALINFO (TERMINAL_ID,TTYPE_ID,SIM_ID,TERMINAL_CODE,ORG_CODE,IS_VIDEO_TERMINAL,SP_SERVER_NAME,PROTOCOL_TYPE,CHANNELS,YT_PROTOCOL_TYPE) values(220499, 4, 22499, '1002498', 'B0000802',1,'1076测试服务器','4',8,'0');
insert into V_VEHICLEINFO (ORG_CODE,VEHICLE_ID,ID_NUMBER,TYPE_ID,TERMINAL_ID,DELETE_FLAG,COLOR_ID_NUMBER_ID,AUTHORIZED_PAY_MASS) values ('B0000802','2200499', '测B02498', 4, 220499, 0, '2',15);

insert into T_SIMINFO (SIM_ID, ORG_CODE, DEPTCODE, STATE,PAY_MODLE, SIM_NUM) values(22500, 'B0000802', '中国移动', 1, '预付费', 13100002499);
insert into T_TERMINALINFO (TERMINAL_ID,TTYPE_ID,SIM_ID,TERMINAL_CODE,ORG_CODE,IS_VIDEO_TERMINAL,SP_SERVER_NAME,PROTOCOL_TYPE,CHANNELS,YT_PROTOCOL_TYPE) values(220500, 4, 22500, '1002499', 'B0000802',1,'1076测试服务器','4',8,'0');
insert into V_VEHICLEINFO (ORG_CODE,VEHICLE_ID,ID_NUMBER,TYPE_ID,TERMINAL_ID,DELETE_FLAG,COLOR_ID_NUMBER_ID,AUTHORIZED_PAY_MASS) values ('B0000802','2200500', '测B02499', 4, 220500, 0, '2',15);

insert into T_SIMINFO (SIM_ID, ORG_CODE, DEPTCODE, STATE,PAY_MODLE, SIM_NUM) values(22501, 'B0000802', '中国移动', 1, '预付费', 13100002500);
insert into T_TERMINALINFO (TERMINAL_ID,TTYPE_ID,SIM_ID,TERMINAL_CODE,ORG_CODE,IS_VIDEO_TERMINAL,SP_SERVER_NAME,PROTOCOL_TYPE,CHANNELS,YT_PROTOCOL_TYPE) values(220501, 4, 22501, '1002500', 'B0000802',1,'1076测试服务器','4',8,'0');
insert into V_VEHICLEINFO (ORG_CODE,VEHICLE_ID,ID_NUMBER,TYPE_ID,TERMINAL_ID,DELETE_FLAG,COLOR_ID_NUMBER_ID,AUTHORIZED_PAY_MASS) values ('B0000802','2200501', '测B02500', 4, 220501, 0, '2',15);

insert into T_SIMINFO (SIM_ID, ORG_CODE, DEPTCODE, STATE,PAY_MODLE, SIM_NUM) values(22502, 'B0000802', '中国移动', 1, '预付费', 13100002501);
insert into T_TERMINALINFO (TERMINAL_ID,TTYPE_ID,SIM_ID,TERMINAL_CODE,ORG_CODE,IS_VIDEO_TERMINAL,SP_SERVER_NAME,PROTOCOL_TYPE,CHANNELS,YT_PROTOCOL_TYPE) values(220502, 4, 22502, '1002501', 'B0000802',1,'1076测试服务器','4',8,'0');
insert into V_VEHICLEINFO (ORG_CODE,VEHICLE_ID,ID_NUMBER,TYPE_ID,TERMINAL_ID,DELETE_FLAG,COLOR_ID_NUMBER_ID,AUTHORIZED_PAY_MASS) values ('B0000802','2200502', '测B02501', 4, 220502, 0, '2',15);

insert into T_SIMINFO (SIM_ID, ORG_CODE, DEPTCODE, STATE,PAY_MODLE, SIM_NUM) values(22503, 'B0000802', '中国移动', 1, '预付费', 13100002502);
insert into T_TERMINALINFO (TERMINAL_ID,TTYPE_ID,SIM_ID,TERMINAL_CODE,ORG_CODE,IS_VIDEO_TERMINAL,SP_SERVER_NAME,PROTOCOL_TYPE,CHANNELS,YT_PROTOCOL_TYPE) values(220503, 4, 22503, '1002502', 'B0000802',1,'1076测试服务器','4',8,'0');
insert into V_VEHICLEINFO (ORG_CODE,VEHICLE_ID,ID_NUMBER,TYPE_ID,TERMINAL_ID,DELETE_FLAG,COLOR_ID_NUMBER_ID,AUTHORIZED_PAY_MASS) values ('B0000802','2200503', '测B02502', 4, 220503, 0, '2',15);

insert into T_SIMINFO (SIM_ID, ORG_CODE, DEPTCODE, STATE,PAY_MODLE, SIM_NUM) values(22504, 'B0000802', '中国移动', 1, '预付费', 13100002503);
insert into T_TERMINALINFO (TERMINAL_ID,TTYPE_ID,SIM_ID,TERMINAL_CODE,ORG_CODE,IS_VIDEO_TERMINAL,SP_SERVER_NAME,PROTOCOL_TYPE,CHANNELS,YT_PROTOCOL_TYPE) values(220504, 4, 22504, '1002503', 'B0000802',1,'1076测试服务器','4',8,'0');
insert into V_VEHICLEINFO (ORG_CODE,VEHICLE_ID,ID_NUMBER,TYPE_ID,TERMINAL_ID,DELETE_FLAG,COLOR_ID_NUMBER_ID,AUTHORIZED_PAY_MASS) values ('B0000802','2200504', '测B02503', 4, 220504, 0, '2',15);

insert into T_SIMINFO (SIM_ID, ORG_CODE, DEPTCODE, STATE,PAY_MODLE, SIM_NUM) values(22505, 'B0000802', '中国移动', 1, '预付费', 13100002504);
insert into T_TERMINALINFO (TERMINAL_ID,TTYPE_ID,SIM_ID,TERMINAL_CODE,ORG_CODE,IS_VIDEO_TERMINAL,SP_SERVER_NAME,PROTOCOL_TYPE,CHANNELS,YT_PROTOCOL_TYPE) values(220505, 4, 22505, '1002504', 'B0000802',1,'1076测试服务器','4',8,'0');
insert into V_VEHICLEINFO (ORG_CODE,VEHICLE_ID,ID_NUMBER,TYPE_ID,TERMINAL_ID,DELETE_FLAG,COLOR_ID_NUMBER_ID,AUTHORIZED_PAY_MASS) values ('B0000802','2200505', '测B02504', 4, 220505, 0, '2',15);

insert into T_SIMINFO (SIM_ID, ORG_CODE, DEPTCODE, STATE,PAY_MODLE, SIM_NUM) values(22506, 'B0000802', '中国移动', 1, '预付费', 13100002505);
insert into T_TERMINALINFO (TERMINAL_ID,TTYPE_ID,SIM_ID,TERMINAL_CODE,ORG_CODE,IS_VIDEO_TERMINAL,SP_SERVER_NAME,PROTOCOL_TYPE,CHANNELS,YT_PROTOCOL_TYPE) values(220506, 4, 22506, '1002505', 'B0000802',1,'1076测试服务器','4',8,'0');
insert into V_VEHICLEINFO (ORG_CODE,VEHICLE_ID,ID_NUMBER,TYPE_ID,TERMINAL_ID,DELETE_FLAG,COLOR_ID_NUMBER_ID,AUTHORIZED_PAY_MASS) values ('B0000802','2200506', '测B02505', 4, 220506, 0, '2',15);

insert into T_SIMINFO (SIM_ID, ORG_CODE, DEPTCODE, STATE,PAY_MODLE, SIM_NUM) values(22507, 'B0000802', '中国移动', 1, '预付费', 13100002506);
insert into T_TERMINALINFO (TERMINAL_ID,TTYPE_ID,SIM_ID,TERMINAL_CODE,ORG_CODE,IS_VIDEO_TERMINAL,SP_SERVER_NAME,PROTOCOL_TYPE,CHANNELS,YT_PROTOCOL_TYPE) values(220507, 4, 22507, '1002506', 'B0000802',1,'1076测试服务器','4',8,'0');
insert into V_VEHICLEINFO (ORG_CODE,VEHICLE_ID,ID_NUMBER,TYPE_ID,TERMINAL_ID,DELETE_FLAG,COLOR_ID_NUMBER_ID,AUTHORIZED_PAY_MASS) values ('B0000802','2200507', '测B02506', 4, 220507, 0, '2',15);

insert into T_SIMINFO (SIM_ID, ORG_CODE, DEPTCODE, STATE,PAY_MODLE, SIM_NUM) values(22508, 'B0000802', '中国移动', 1, '预付费', 13100002507);
insert into T_TERMINALINFO (TERMINAL_ID,TTYPE_ID,SIM_ID,TERMINAL_CODE,ORG_CODE,IS_VIDEO_TERMINAL,SP_SERVER_NAME,PROTOCOL_TYPE,CHANNELS,YT_PROTOCOL_TYPE) values(220508, 4, 22508, '1002507', 'B0000802',1,'1076测试服务器','4',8,'0');
insert into V_VEHICLEINFO (ORG_CODE,VEHICLE_ID,ID_NUMBER,TYPE_ID,TERMINAL_ID,DELETE_FLAG,COLOR_ID_NUMBER_ID,AUTHORIZED_PAY_MASS) values ('B0000802','2200508', '测B02507', 4, 220508, 0, '2',15);

insert into T_SIMINFO (SIM_ID, ORG_CODE, DEPTCODE, STATE,PAY_MODLE, SIM_NUM) values(22509, 'B0000802', '中国移动', 1, '预付费', 13100002508);
insert into T_TERMINALINFO (TERMINAL_ID,TTYPE_ID,SIM_ID,TERMINAL_CODE,ORG_CODE,IS_VIDEO_TERMINAL,SP_SERVER_NAME,PROTOCOL_TYPE,CHANNELS,YT_PROTOCOL_TYPE) values(220509, 4, 22509, '1002508', 'B0000802',1,'1076测试服务器','4',8,'0');
insert into V_VEHICLEINFO (ORG_CODE,VEHICLE_ID,ID_NUMBER,TYPE_ID,TERMINAL_ID,DELETE_FLAG,COLOR_ID_NUMBER_ID,AUTHORIZED_PAY_MASS) values ('B0000802','2200509', '测B02508', 4, 220509, 0, '2',15);

insert into T_SIMINFO (SIM_ID, ORG_CODE, DEPTCODE, STATE,PAY_MODLE, SIM_NUM) values(22510, 'B0000802', '中国移动', 1, '预付费', 13100002509);
insert into T_TERMINALINFO (TERMINAL_ID,TTYPE_ID,SIM_ID,TERMINAL_CODE,ORG_CODE,IS_VIDEO_TERMINAL,SP_SERVER_NAME,PROTOCOL_TYPE,CHANNELS,YT_PROTOCOL_TYPE) values(220510, 4, 22510, '1002509', 'B0000802',1,'1076测试服务器','4',8,'0');
insert into V_VEHICLEINFO (ORG_CODE,VEHICLE_ID,ID_NUMBER,TYPE_ID,TERMINAL_ID,DELETE_FLAG,COLOR_ID_NUMBER_ID,AUTHORIZED_PAY_MASS) values ('B0000802','2200510', '测B02509', 4, 220510, 0, '2',15);

insert into T_SIMINFO (SIM_ID, ORG_CODE, DEPTCODE, STATE,PAY_MODLE, SIM_NUM) values(22511, 'B0000802', '中国移动', 1, '预付费', 13100002510);
insert into T_TERMINALINFO (TERMINAL_ID,TTYPE_ID,SIM_ID,TERMINAL_CODE,ORG_CODE,IS_VIDEO_TERMINAL,SP_SERVER_NAME,PROTOCOL_TYPE,CHANNELS,YT_PROTOCOL_TYPE) values(220511, 4, 22511, '1002510', 'B0000802',1,'1076测试服务器','4',8,'0');
insert into V_VEHICLEINFO (ORG_CODE,VEHICLE_ID,ID_NUMBER,TYPE_ID,TERMINAL_ID,DELETE_FLAG,COLOR_ID_NUMBER_ID,AUTHORIZED_PAY_MASS) values ('B0000802','2200511', '测B02510', 4, 220511, 0, '2',15);

insert into T_SIMINFO (SIM_ID, ORG_CODE, DEPTCODE, STATE,PAY_MODLE, SIM_NUM) values(22512, 'B0000802', '中国移动', 1, '预付费', 13100002511);
insert into T_TERMINALINFO (TERMINAL_ID,TTYPE_ID,SIM_ID,TERMINAL_CODE,ORG_CODE,IS_VIDEO_TERMINAL,SP_SERVER_NAME,PROTOCOL_TYPE,CHANNELS,YT_PROTOCOL_TYPE) values(220512, 4, 22512, '1002511', 'B0000802',1,'1076测试服务器','4',8,'0');
insert into V_VEHICLEINFO (ORG_CODE,VEHICLE_ID,ID_NUMBER,TYPE_ID,TERMINAL_ID,DELETE_FLAG,COLOR_ID_NUMBER_ID,AUTHORIZED_PAY_MASS) values ('B0000802','2200512', '测B02511', 4, 220512, 0, '2',15);

insert into T_SIMINFO (SIM_ID, ORG_CODE, DEPTCODE, STATE,PAY_MODLE, SIM_NUM) values(22513, 'B0000802', '中国移动', 1, '预付费', 13100002512);
insert into T_TERMINALINFO (TERMINAL_ID,TTYPE_ID,SIM_ID,TERMINAL_CODE,ORG_CODE,IS_VIDEO_TERMINAL,SP_SERVER_NAME,PROTOCOL_TYPE,CHANNELS,YT_PROTOCOL_TYPE) values(220513, 4, 22513, '1002512', 'B0000802',1,'1076测试服务器','4',8,'0');
insert into V_VEHICLEINFO (ORG_CODE,VEHICLE_ID,ID_NUMBER,TYPE_ID,TERMINAL_ID,DELETE_FLAG,COLOR_ID_NUMBER_ID,AUTHORIZED_PAY_MASS) values ('B0000802','2200513', '测B02512', 4, 220513, 0, '2',15);

insert into T_SIMINFO (SIM_ID, ORG_CODE, DEPTCODE, STATE,PAY_MODLE, SIM_NUM) values(22514, 'B0000802', '中国移动', 1, '预付费', 13100002513);
insert into T_TERMINALINFO (TERMINAL_ID,TTYPE_ID,SIM_ID,TERMINAL_CODE,ORG_CODE,IS_VIDEO_TERMINAL,SP_SERVER_NAME,PROTOCOL_TYPE,CHANNELS,YT_PROTOCOL_TYPE) values(220514, 4, 22514, '1002513', 'B0000802',1,'1076测试服务器','4',8,'0');
insert into V_VEHICLEINFO (ORG_CODE,VEHICLE_ID,ID_NUMBER,TYPE_ID,TERMINAL_ID,DELETE_FLAG,COLOR_ID_NUMBER_ID,AUTHORIZED_PAY_MASS) values ('B0000802','2200514', '测B02513', 4, 220514, 0, '2',15);

insert into T_SIMINFO (SIM_ID, ORG_CODE, DEPTCODE, STATE,PAY_MODLE, SIM_NUM) values(22515, 'B0000802', '中国移动', 1, '预付费', 13100002514);
insert into T_TERMINALINFO (TERMINAL_ID,TTYPE_ID,SIM_ID,TERMINAL_CODE,ORG_CODE,IS_VIDEO_TERMINAL,SP_SERVER_NAME,PROTOCOL_TYPE,CHANNELS,YT_PROTOCOL_TYPE) values(220515, 4, 22515, '1002514', 'B0000802',1,'1076测试服务器','4',8,'0');
insert into V_VEHICLEINFO (ORG_CODE,VEHICLE_ID,ID_NUMBER,TYPE_ID,TERMINAL_ID,DELETE_FLAG,COLOR_ID_NUMBER_ID,AUTHORIZED_PAY_MASS) values ('B0000802','2200515', '测B02514', 4, 220515, 0, '2',15);

insert into T_SIMINFO (SIM_ID, ORG_CODE, DEPTCODE, STATE,PAY_MODLE, SIM_NUM) values(22516, 'B0000802', '中国移动', 1, '预付费', 13100002515);
insert into T_TERMINALINFO (TERMINAL_ID,TTYPE_ID,SIM_ID,TERMINAL_CODE,ORG_CODE,IS_VIDEO_TERMINAL,SP_SERVER_NAME,PROTOCOL_TYPE,CHANNELS,YT_PROTOCOL_TYPE) values(220516, 4, 22516, '1002515', 'B0000802',1,'1076测试服务器','4',8,'0');
insert into V_VEHICLEINFO (ORG_CODE,VEHICLE_ID,ID_NUMBER,TYPE_ID,TERMINAL_ID,DELETE_FLAG,COLOR_ID_NUMBER_ID,AUTHORIZED_PAY_MASS) values ('B0000802','2200516', '测B02515', 4, 220516, 0, '2',15);

insert into T_SIMINFO (SIM_ID, ORG_CODE, DEPTCODE, STATE,PAY_MODLE, SIM_NUM) values(22517, 'B0000802', '中国移动', 1, '预付费', 13100002516);
insert into T_TERMINALINFO (TERMINAL_ID,TTYPE_ID,SIM_ID,TERMINAL_CODE,ORG_CODE,IS_VIDEO_TERMINAL,SP_SERVER_NAME,PROTOCOL_TYPE,CHANNELS,YT_PROTOCOL_TYPE) values(220517, 4, 22517, '1002516', 'B0000802',1,'1076测试服务器','4',8,'0');
insert into V_VEHICLEINFO (ORG_CODE,VEHICLE_ID,ID_NUMBER,TYPE_ID,TERMINAL_ID,DELETE_FLAG,COLOR_ID_NUMBER_ID,AUTHORIZED_PAY_MASS) values ('B0000802','2200517', '测B02516', 4, 220517, 0, '2',15);

insert into T_SIMINFO (SIM_ID, ORG_CODE, DEPTCODE, STATE,PAY_MODLE, SIM_NUM) values(22518, 'B0000802', '中国移动', 1, '预付费', 13100002517);
insert into T_TERMINALINFO (TERMINAL_ID,TTYPE_ID,SIM_ID,TERMINAL_CODE,ORG_CODE,IS_VIDEO_TERMINAL,SP_SERVER_NAME,PROTOCOL_TYPE,CHANNELS,YT_PROTOCOL_TYPE) values(220518, 4, 22518, '1002517', 'B0000802',1,'1076测试服务器','4',8,'0');
insert into V_VEHICLEINFO (ORG_CODE,VEHICLE_ID,ID_NUMBER,TYPE_ID,TERMINAL_ID,DELETE_FLAG,COLOR_ID_NUMBER_ID,AUTHORIZED_PAY_MASS) values ('B0000802','2200518', '测B02517', 4, 220518, 0, '2',15);

insert into T_SIMINFO (SIM_ID, ORG_CODE, DEPTCODE, STATE,PAY_MODLE, SIM_NUM) values(22519, 'B0000802', '中国移动', 1, '预付费', 13100002518);
insert into T_TERMINALINFO (TERMINAL_ID,TTYPE_ID,SIM_ID,TERMINAL_CODE,ORG_CODE,IS_VIDEO_TERMINAL,SP_SERVER_NAME,PROTOCOL_TYPE,CHANNELS,YT_PROTOCOL_TYPE) values(220519, 4, 22519, '1002518', 'B0000802',1,'1076测试服务器','4',8,'0');
insert into V_VEHICLEINFO (ORG_CODE,VEHICLE_ID,ID_NUMBER,TYPE_ID,TERMINAL_ID,DELETE_FLAG,COLOR_ID_NUMBER_ID,AUTHORIZED_PAY_MASS) values ('B0000802','2200519', '测B02518', 4, 220519, 0, '2',15);

insert into T_SIMINFO (SIM_ID, ORG_CODE, DEPTCODE, STATE,PAY_MODLE, SIM_NUM) values(22520, 'B0000802', '中国移动', 1, '预付费', 13100002519);
insert into T_TERMINALINFO (TERMINAL_ID,TTYPE_ID,SIM_ID,TERMINAL_CODE,ORG_CODE,IS_VIDEO_TERMINAL,SP_SERVER_NAME,PROTOCOL_TYPE,CHANNELS,YT_PROTOCOL_TYPE) values(220520, 4, 22520, '1002519', 'B0000802',1,'1076测试服务器','4',8,'0');
insert into V_VEHICLEINFO (ORG_CODE,VEHICLE_ID,ID_NUMBER,TYPE_ID,TERMINAL_ID,DELETE_FLAG,COLOR_ID_NUMBER_ID,AUTHORIZED_PAY_MASS) values ('B0000802','2200520', '测B02519', 4, 220520, 0, '2',15);

insert into T_SIMINFO (SIM_ID, ORG_CODE, DEPTCODE, STATE,PAY_MODLE, SIM_NUM) values(22521, 'B0000802', '中国移动', 1, '预付费', 13100002520);
insert into T_TERMINALINFO (TERMINAL_ID,TTYPE_ID,SIM_ID,TERMINAL_CODE,ORG_CODE,IS_VIDEO_TERMINAL,SP_SERVER_NAME,PROTOCOL_TYPE,CHANNELS,YT_PROTOCOL_TYPE) values(220521, 4, 22521, '1002520', 'B0000802',1,'1076测试服务器','4',8,'0');
insert into V_VEHICLEINFO (ORG_CODE,VEHICLE_ID,ID_NUMBER,TYPE_ID,TERMINAL_ID,DELETE_FLAG,COLOR_ID_NUMBER_ID,AUTHORIZED_PAY_MASS) values ('B0000802','2200521', '测B02520', 4, 220521, 0, '2',15);

insert into T_SIMINFO (SIM_ID, ORG_CODE, DEPTCODE, STATE,PAY_MODLE, SIM_NUM) values(22522, 'B0000802', '中国移动', 1, '预付费', 13100002521);
insert into T_TERMINALINFO (TERMINAL_ID,TTYPE_ID,SIM_ID,TERMINAL_CODE,ORG_CODE,IS_VIDEO_TERMINAL,SP_SERVER_NAME,PROTOCOL_TYPE,CHANNELS,YT_PROTOCOL_TYPE) values(220522, 4, 22522, '1002521', 'B0000802',1,'1076测试服务器','4',8,'0');
insert into V_VEHICLEINFO (ORG_CODE,VEHICLE_ID,ID_NUMBER,TYPE_ID,TERMINAL_ID,DELETE_FLAG,COLOR_ID_NUMBER_ID,AUTHORIZED_PAY_MASS) values ('B0000802','2200522', '测B02521', 4, 220522, 0, '2',15);

insert into T_SIMINFO (SIM_ID, ORG_CODE, DEPTCODE, STATE,PAY_MODLE, SIM_NUM) values(22523, 'B0000802', '中国移动', 1, '预付费', 13100002522);
insert into T_TERMINALINFO (TERMINAL_ID,TTYPE_ID,SIM_ID,TERMINAL_CODE,ORG_CODE,IS_VIDEO_TERMINAL,SP_SERVER_NAME,PROTOCOL_TYPE,CHANNELS,YT_PROTOCOL_TYPE) values(220523, 4, 22523, '1002522', 'B0000802',1,'1076测试服务器','4',8,'0');
insert into V_VEHICLEINFO (ORG_CODE,VEHICLE_ID,ID_NUMBER,TYPE_ID,TERMINAL_ID,DELETE_FLAG,COLOR_ID_NUMBER_ID,AUTHORIZED_PAY_MASS) values ('B0000802','2200523', '测B02522', 4, 220523, 0, '2',15);

insert into T_SIMINFO (SIM_ID, ORG_CODE, DEPTCODE, STATE,PAY_MODLE, SIM_NUM) values(22524, 'B0000802', '中国移动', 1, '预付费', 13100002523);
insert into T_TERMINALINFO (TERMINAL_ID,TTYPE_ID,SIM_ID,TERMINAL_CODE,ORG_CODE,IS_VIDEO_TERMINAL,SP_SERVER_NAME,PROTOCOL_TYPE,CHANNELS,YT_PROTOCOL_TYPE) values(220524, 4, 22524, '1002523', 'B0000802',1,'1076测试服务器','4',8,'0');
insert into V_VEHICLEINFO (ORG_CODE,VEHICLE_ID,ID_NUMBER,TYPE_ID,TERMINAL_ID,DELETE_FLAG,COLOR_ID_NUMBER_ID,AUTHORIZED_PAY_MASS) values ('B0000802','2200524', '测B02523', 4, 220524, 0, '2',15);

insert into T_SIMINFO (SIM_ID, ORG_CODE, DEPTCODE, STATE,PAY_MODLE, SIM_NUM) values(22525, 'B0000802', '中国移动', 1, '预付费', 13100002524);
insert into T_TERMINALINFO (TERMINAL_ID,TTYPE_ID,SIM_ID,TERMINAL_CODE,ORG_CODE,IS_VIDEO_TERMINAL,SP_SERVER_NAME,PROTOCOL_TYPE,CHANNELS,YT_PROTOCOL_TYPE) values(220525, 4, 22525, '1002524', 'B0000802',1,'1076测试服务器','4',8,'0');
insert into V_VEHICLEINFO (ORG_CODE,VEHICLE_ID,ID_NUMBER,TYPE_ID,TERMINAL_ID,DELETE_FLAG,COLOR_ID_NUMBER_ID,AUTHORIZED_PAY_MASS) values ('B0000802','2200525', '测B02524', 4, 220525, 0, '2',15);

insert into T_SIMINFO (SIM_ID, ORG_CODE, DEPTCODE, STATE,PAY_MODLE, SIM_NUM) values(22526, 'B0000802', '中国移动', 1, '预付费', 13100002525);
insert into T_TERMINALINFO (TERMINAL_ID,TTYPE_ID,SIM_ID,TERMINAL_CODE,ORG_CODE,IS_VIDEO_TERMINAL,SP_SERVER_NAME,PROTOCOL_TYPE,CHANNELS,YT_PROTOCOL_TYPE) values(220526, 4, 22526, '1002525', 'B0000802',1,'1076测试服务器','4',8,'0');
insert into V_VEHICLEINFO (ORG_CODE,VEHICLE_ID,ID_NUMBER,TYPE_ID,TERMINAL_ID,DELETE_FLAG,COLOR_ID_NUMBER_ID,AUTHORIZED_PAY_MASS) values ('B0000802','2200526', '测B02525', 4, 220526, 0, '2',15);

insert into T_SIMINFO (SIM_ID, ORG_CODE, DEPTCODE, STATE,PAY_MODLE, SIM_NUM) values(22527, 'B0000802', '中国移动', 1, '预付费', 13100002526);
insert into T_TERMINALINFO (TERMINAL_ID,TTYPE_ID,SIM_ID,TERMINAL_CODE,ORG_CODE,IS_VIDEO_TERMINAL,SP_SERVER_NAME,PROTOCOL_TYPE,CHANNELS,YT_PROTOCOL_TYPE) values(220527, 4, 22527, '1002526', 'B0000802',1,'1076测试服务器','4',8,'0');
insert into V_VEHICLEINFO (ORG_CODE,VEHICLE_ID,ID_NUMBER,TYPE_ID,TERMINAL_ID,DELETE_FLAG,COLOR_ID_NUMBER_ID,AUTHORIZED_PAY_MASS) values ('B0000802','2200527', '测B02526', 4, 220527, 0, '2',15);

insert into T_SIMINFO (SIM_ID, ORG_CODE, DEPTCODE, STATE,PAY_MODLE, SIM_NUM) values(22528, 'B0000802', '中国移动', 1, '预付费', 13100002527);
insert into T_TERMINALINFO (TERMINAL_ID,TTYPE_ID,SIM_ID,TERMINAL_CODE,ORG_CODE,IS_VIDEO_TERMINAL,SP_SERVER_NAME,PROTOCOL_TYPE,CHANNELS,YT_PROTOCOL_TYPE) values(220528, 4, 22528, '1002527', 'B0000802',1,'1076测试服务器','4',8,'0');
insert into V_VEHICLEINFO (ORG_CODE,VEHICLE_ID,ID_NUMBER,TYPE_ID,TERMINAL_ID,DELETE_FLAG,COLOR_ID_NUMBER_ID,AUTHORIZED_PAY_MASS) values ('B0000802','2200528', '测B02527', 4, 220528, 0, '2',15);

insert into T_SIMINFO (SIM_ID, ORG_CODE, DEPTCODE, STATE,PAY_MODLE, SIM_NUM) values(22529, 'B0000802', '中国移动', 1, '预付费', 13100002528);
insert into T_TERMINALINFO (TERMINAL_ID,TTYPE_ID,SIM_ID,TERMINAL_CODE,ORG_CODE,IS_VIDEO_TERMINAL,SP_SERVER_NAME,PROTOCOL_TYPE,CHANNELS,YT_PROTOCOL_TYPE) values(220529, 4, 22529, '1002528', 'B0000802',1,'1076测试服务器','4',8,'0');
insert into V_VEHICLEINFO (ORG_CODE,VEHICLE_ID,ID_NUMBER,TYPE_ID,TERMINAL_ID,DELETE_FLAG,COLOR_ID_NUMBER_ID,AUTHORIZED_PAY_MASS) values ('B0000802','2200529', '测B02528', 4, 220529, 0, '2',15);

insert into T_SIMINFO (SIM_ID, ORG_CODE, DEPTCODE, STATE,PAY_MODLE, SIM_NUM) values(22530, 'B0000802', '中国移动', 1, '预付费', 13100002529);
insert into T_TERMINALINFO (TERMINAL_ID,TTYPE_ID,SIM_ID,TERMINAL_CODE,ORG_CODE,IS_VIDEO_TERMINAL,SP_SERVER_NAME,PROTOCOL_TYPE,CHANNELS,YT_PROTOCOL_TYPE) values(220530, 4, 22530, '1002529', 'B0000802',1,'1076测试服务器','4',8,'0');
insert into V_VEHICLEINFO (ORG_CODE,VEHICLE_ID,ID_NUMBER,TYPE_ID,TERMINAL_ID,DELETE_FLAG,COLOR_ID_NUMBER_ID,AUTHORIZED_PAY_MASS) values ('B0000802','2200530', '测B02529', 4, 220530, 0, '2',15);

insert into T_SIMINFO (SIM_ID, ORG_CODE, DEPTCODE, STATE,PAY_MODLE, SIM_NUM) values(22531, 'B0000802', '中国移动', 1, '预付费', 13100002530);
insert into T_TERMINALINFO (TERMINAL_ID,TTYPE_ID,SIM_ID,TERMINAL_CODE,ORG_CODE,IS_VIDEO_TERMINAL,SP_SERVER_NAME,PROTOCOL_TYPE,CHANNELS,YT_PROTOCOL_TYPE) values(220531, 4, 22531, '1002530', 'B0000802',1,'1076测试服务器','4',8,'0');
insert into V_VEHICLEINFO (ORG_CODE,VEHICLE_ID,ID_NUMBER,TYPE_ID,TERMINAL_ID,DELETE_FLAG,COLOR_ID_NUMBER_ID,AUTHORIZED_PAY_MASS) values ('B0000802','2200531', '测B02530', 4, 220531, 0, '2',15);

insert into T_SIMINFO (SIM_ID, ORG_CODE, DEPTCODE, STATE,PAY_MODLE, SIM_NUM) values(22532, 'B0000802', '中国移动', 1, '预付费', 13100002531);
insert into T_TERMINALINFO (TERMINAL_ID,TTYPE_ID,SIM_ID,TERMINAL_CODE,ORG_CODE,IS_VIDEO_TERMINAL,SP_SERVER_NAME,PROTOCOL_TYPE,CHANNELS,YT_PROTOCOL_TYPE) values(220532, 4, 22532, '1002531', 'B0000802',1,'1076测试服务器','4',8,'0');
insert into V_VEHICLEINFO (ORG_CODE,VEHICLE_ID,ID_NUMBER,TYPE_ID,TERMINAL_ID,DELETE_FLAG,COLOR_ID_NUMBER_ID,AUTHORIZED_PAY_MASS) values ('B0000802','2200532', '测B02531', 4, 220532, 0, '2',15);

insert into T_SIMINFO (SIM_ID, ORG_CODE, DEPTCODE, STATE,PAY_MODLE, SIM_NUM) values(22533, 'B0000802', '中国移动', 1, '预付费', 13100002532);
insert into T_TERMINALINFO (TERMINAL_ID,TTYPE_ID,SIM_ID,TERMINAL_CODE,ORG_CODE,IS_VIDEO_TERMINAL,SP_SERVER_NAME,PROTOCOL_TYPE,CHANNELS,YT_PROTOCOL_TYPE) values(220533, 4, 22533, '1002532', 'B0000802',1,'1076测试服务器','4',8,'0');
insert into V_VEHICLEINFO (ORG_CODE,VEHICLE_ID,ID_NUMBER,TYPE_ID,TERMINAL_ID,DELETE_FLAG,COLOR_ID_NUMBER_ID,AUTHORIZED_PAY_MASS) values ('B0000802','2200533', '测B02532', 4, 220533, 0, '2',15);

insert into T_SIMINFO (SIM_ID, ORG_CODE, DEPTCODE, STATE,PAY_MODLE, SIM_NUM) values(22534, 'B0000802', '中国移动', 1, '预付费', 13100002533);
insert into T_TERMINALINFO (TERMINAL_ID,TTYPE_ID,SIM_ID,TERMINAL_CODE,ORG_CODE,IS_VIDEO_TERMINAL,SP_SERVER_NAME,PROTOCOL_TYPE,CHANNELS,YT_PROTOCOL_TYPE) values(220534, 4, 22534, '1002533', 'B0000802',1,'1076测试服务器','4',8,'0');
insert into V_VEHICLEINFO (ORG_CODE,VEHICLE_ID,ID_NUMBER,TYPE_ID,TERMINAL_ID,DELETE_FLAG,COLOR_ID_NUMBER_ID,AUTHORIZED_PAY_MASS) values ('B0000802','2200534', '测B02533', 4, 220534, 0, '2',15);

insert into T_SIMINFO (SIM_ID, ORG_CODE, DEPTCODE, STATE,PAY_MODLE, SIM_NUM) values(22535, 'B0000802', '中国移动', 1, '预付费', 13100002534);
insert into T_TERMINALINFO (TERMINAL_ID,TTYPE_ID,SIM_ID,TERMINAL_CODE,ORG_CODE,IS_VIDEO_TERMINAL,SP_SERVER_NAME,PROTOCOL_TYPE,CHANNELS,YT_PROTOCOL_TYPE) values(220535, 4, 22535, '1002534', 'B0000802',1,'1076测试服务器','4',8,'0');
insert into V_VEHICLEINFO (ORG_CODE,VEHICLE_ID,ID_NUMBER,TYPE_ID,TERMINAL_ID,DELETE_FLAG,COLOR_ID_NUMBER_ID,AUTHORIZED_PAY_MASS) values ('B0000802','2200535', '测B02534', 4, 220535, 0, '2',15);

insert into T_SIMINFO (SIM_ID, ORG_CODE, DEPTCODE, STATE,PAY_MODLE, SIM_NUM) values(22536, 'B0000802', '中国移动', 1, '预付费', 13100002535);
insert into T_TERMINALINFO (TERMINAL_ID,TTYPE_ID,SIM_ID,TERMINAL_CODE,ORG_CODE,IS_VIDEO_TERMINAL,SP_SERVER_NAME,PROTOCOL_TYPE,CHANNELS,YT_PROTOCOL_TYPE) values(220536, 4, 22536, '1002535', 'B0000802',1,'1076测试服务器','4',8,'0');
insert into V_VEHICLEINFO (ORG_CODE,VEHICLE_ID,ID_NUMBER,TYPE_ID,TERMINAL_ID,DELETE_FLAG,COLOR_ID_NUMBER_ID,AUTHORIZED_PAY_MASS) values ('B0000802','2200536', '测B02535', 4, 220536, 0, '2',15);

insert into T_SIMINFO (SIM_ID, ORG_CODE, DEPTCODE, STATE,PAY_MODLE, SIM_NUM) values(22537, 'B0000802', '中国移动', 1, '预付费', 13100002536);
insert into T_TERMINALINFO (TERMINAL_ID,TTYPE_ID,SIM_ID,TERMINAL_CODE,ORG_CODE,IS_VIDEO_TERMINAL,SP_SERVER_NAME,PROTOCOL_TYPE,CHANNELS,YT_PROTOCOL_TYPE) values(220537, 4, 22537, '1002536', 'B0000802',1,'1076测试服务器','4',8,'0');
insert into V_VEHICLEINFO (ORG_CODE,VEHICLE_ID,ID_NUMBER,TYPE_ID,TERMINAL_ID,DELETE_FLAG,COLOR_ID_NUMBER_ID,AUTHORIZED_PAY_MASS) values ('B0000802','2200537', '测B02536', 4, 220537, 0, '2',15);

insert into T_SIMINFO (SIM_ID, ORG_CODE, DEPTCODE, STATE,PAY_MODLE, SIM_NUM) values(22538, 'B0000802', '中国移动', 1, '预付费', 13100002537);
insert into T_TERMINALINFO (TERMINAL_ID,TTYPE_ID,SIM_ID,TERMINAL_CODE,ORG_CODE,IS_VIDEO_TERMINAL,SP_SERVER_NAME,PROTOCOL_TYPE,CHANNELS,YT_PROTOCOL_TYPE) values(220538, 4, 22538, '1002537', 'B0000802',1,'1076测试服务器','4',8,'0');
insert into V_VEHICLEINFO (ORG_CODE,VEHICLE_ID,ID_NUMBER,TYPE_ID,TERMINAL_ID,DELETE_FLAG,COLOR_ID_NUMBER_ID,AUTHORIZED_PAY_MASS) values ('B0000802','2200538', '测B02537', 4, 220538, 0, '2',15);

insert into T_SIMINFO (SIM_ID, ORG_CODE, DEPTCODE, STATE,PAY_MODLE, SIM_NUM) values(22539, 'B0000802', '中国移动', 1, '预付费', 13100002538);
insert into T_TERMINALINFO (TERMINAL_ID,TTYPE_ID,SIM_ID,TERMINAL_CODE,ORG_CODE,IS_VIDEO_TERMINAL,SP_SERVER_NAME,PROTOCOL_TYPE,CHANNELS,YT_PROTOCOL_TYPE) values(220539, 4, 22539, '1002538', 'B0000802',1,'1076测试服务器','4',8,'0');
insert into V_VEHICLEINFO (ORG_CODE,VEHICLE_ID,ID_NUMBER,TYPE_ID,TERMINAL_ID,DELETE_FLAG,COLOR_ID_NUMBER_ID,AUTHORIZED_PAY_MASS) values ('B0000802','2200539', '测B02538', 4, 220539, 0, '2',15);

insert into T_SIMINFO (SIM_ID, ORG_CODE, DEPTCODE, STATE,PAY_MODLE, SIM_NUM) values(22540, 'B0000802', '中国移动', 1, '预付费', 13100002539);
insert into T_TERMINALINFO (TERMINAL_ID,TTYPE_ID,SIM_ID,TERMINAL_CODE,ORG_CODE,IS_VIDEO_TERMINAL,SP_SERVER_NAME,PROTOCOL_TYPE,CHANNELS,YT_PROTOCOL_TYPE) values(220540, 4, 22540, '1002539', 'B0000802',1,'1076测试服务器','4',8,'0');
insert into V_VEHICLEINFO (ORG_CODE,VEHICLE_ID,ID_NUMBER,TYPE_ID,TERMINAL_ID,DELETE_FLAG,COLOR_ID_NUMBER_ID,AUTHORIZED_PAY_MASS) values ('B0000802','2200540', '测B02539', 4, 220540, 0, '2',15);

insert into T_SIMINFO (SIM_ID, ORG_CODE, DEPTCODE, STATE,PAY_MODLE, SIM_NUM) values(22541, 'B0000802', '中国移动', 1, '预付费', 13100002540);
insert into T_TERMINALINFO (TERMINAL_ID,TTYPE_ID,SIM_ID,TERMINAL_CODE,ORG_CODE,IS_VIDEO_TERMINAL,SP_SERVER_NAME,PROTOCOL_TYPE,CHANNELS,YT_PROTOCOL_TYPE) values(220541, 4, 22541, '1002540', 'B0000802',1,'1076测试服务器','4',8,'0');
insert into V_VEHICLEINFO (ORG_CODE,VEHICLE_ID,ID_NUMBER,TYPE_ID,TERMINAL_ID,DELETE_FLAG,COLOR_ID_NUMBER_ID,AUTHORIZED_PAY_MASS) values ('B0000802','2200541', '测B02540', 4, 220541, 0, '2',15);

insert into T_SIMINFO (SIM_ID, ORG_CODE, DEPTCODE, STATE,PAY_MODLE, SIM_NUM) values(22542, 'B0000802', '中国移动', 1, '预付费', 13100002541);
insert into T_TERMINALINFO (TERMINAL_ID,TTYPE_ID,SIM_ID,TERMINAL_CODE,ORG_CODE,IS_VIDEO_TERMINAL,SP_SERVER_NAME,PROTOCOL_TYPE,CHANNELS,YT_PROTOCOL_TYPE) values(220542, 4, 22542, '1002541', 'B0000802',1,'1076测试服务器','4',8,'0');
insert into V_VEHICLEINFO (ORG_CODE,VEHICLE_ID,ID_NUMBER,TYPE_ID,TERMINAL_ID,DELETE_FLAG,COLOR_ID_NUMBER_ID,AUTHORIZED_PAY_MASS) values ('B0000802','2200542', '测B02541', 4, 220542, 0, '2',15);

insert into T_SIMINFO (SIM_ID, ORG_CODE, DEPTCODE, STATE,PAY_MODLE, SIM_NUM) values(22543, 'B0000802', '中国移动', 1, '预付费', 13100002542);
insert into T_TERMINALINFO (TERMINAL_ID,TTYPE_ID,SIM_ID,TERMINAL_CODE,ORG_CODE,IS_VIDEO_TERMINAL,SP_SERVER_NAME,PROTOCOL_TYPE,CHANNELS,YT_PROTOCOL_TYPE) values(220543, 4, 22543, '1002542', 'B0000802',1,'1076测试服务器','4',8,'0');
insert into V_VEHICLEINFO (ORG_CODE,VEHICLE_ID,ID_NUMBER,TYPE_ID,TERMINAL_ID,DELETE_FLAG,COLOR_ID_NUMBER_ID,AUTHORIZED_PAY_MASS) values ('B0000802','2200543', '测B02542', 4, 220543, 0, '2',15);

insert into T_SIMINFO (SIM_ID, ORG_CODE, DEPTCODE, STATE,PAY_MODLE, SIM_NUM) values(22544, 'B0000802', '中国移动', 1, '预付费', 13100002543);
insert into T_TERMINALINFO (TERMINAL_ID,TTYPE_ID,SIM_ID,TERMINAL_CODE,ORG_CODE,IS_VIDEO_TERMINAL,SP_SERVER_NAME,PROTOCOL_TYPE,CHANNELS,YT_PROTOCOL_TYPE) values(220544, 4, 22544, '1002543', 'B0000802',1,'1076测试服务器','4',8,'0');
insert into V_VEHICLEINFO (ORG_CODE,VEHICLE_ID,ID_NUMBER,TYPE_ID,TERMINAL_ID,DELETE_FLAG,COLOR_ID_NUMBER_ID,AUTHORIZED_PAY_MASS) values ('B0000802','2200544', '测B02543', 4, 220544, 0, '2',15);

insert into T_SIMINFO (SIM_ID, ORG_CODE, DEPTCODE, STATE,PAY_MODLE, SIM_NUM) values(22545, 'B0000802', '中国移动', 1, '预付费', 13100002544);
insert into T_TERMINALINFO (TERMINAL_ID,TTYPE_ID,SIM_ID,TERMINAL_CODE,ORG_CODE,IS_VIDEO_TERMINAL,SP_SERVER_NAME,PROTOCOL_TYPE,CHANNELS,YT_PROTOCOL_TYPE) values(220545, 4, 22545, '1002544', 'B0000802',1,'1076测试服务器','4',8,'0');
insert into V_VEHICLEINFO (ORG_CODE,VEHICLE_ID,ID_NUMBER,TYPE_ID,TERMINAL_ID,DELETE_FLAG,COLOR_ID_NUMBER_ID,AUTHORIZED_PAY_MASS) values ('B0000802','2200545', '测B02544', 4, 220545, 0, '2',15);

insert into T_SIMINFO (SIM_ID, ORG_CODE, DEPTCODE, STATE,PAY_MODLE, SIM_NUM) values(22546, 'B0000802', '中国移动', 1, '预付费', 13100002545);
insert into T_TERMINALINFO (TERMINAL_ID,TTYPE_ID,SIM_ID,TERMINAL_CODE,ORG_CODE,IS_VIDEO_TERMINAL,SP_SERVER_NAME,PROTOCOL_TYPE,CHANNELS,YT_PROTOCOL_TYPE) values(220546, 4, 22546, '1002545', 'B0000802',1,'1076测试服务器','4',8,'0');
insert into V_VEHICLEINFO (ORG_CODE,VEHICLE_ID,ID_NUMBER,TYPE_ID,TERMINAL_ID,DELETE_FLAG,COLOR_ID_NUMBER_ID,AUTHORIZED_PAY_MASS) values ('B0000802','2200546', '测B02545', 4, 220546, 0, '2',15);

insert into T_SIMINFO (SIM_ID, ORG_CODE, DEPTCODE, STATE,PAY_MODLE, SIM_NUM) values(22547, 'B0000802', '中国移动', 1, '预付费', 13100002546);
insert into T_TERMINALINFO (TERMINAL_ID,TTYPE_ID,SIM_ID,TERMINAL_CODE,ORG_CODE,IS_VIDEO_TERMINAL,SP_SERVER_NAME,PROTOCOL_TYPE,CHANNELS,YT_PROTOCOL_TYPE) values(220547, 4, 22547, '1002546', 'B0000802',1,'1076测试服务器','4',8,'0');
insert into V_VEHICLEINFO (ORG_CODE,VEHICLE_ID,ID_NUMBER,TYPE_ID,TERMINAL_ID,DELETE_FLAG,COLOR_ID_NUMBER_ID,AUTHORIZED_PAY_MASS) values ('B0000802','2200547', '测B02546', 4, 220547, 0, '2',15);

insert into T_SIMINFO (SIM_ID, ORG_CODE, DEPTCODE, STATE,PAY_MODLE, SIM_NUM) values(22548, 'B0000802', '中国移动', 1, '预付费', 13100002547);
insert into T_TERMINALINFO (TERMINAL_ID,TTYPE_ID,SIM_ID,TERMINAL_CODE,ORG_CODE,IS_VIDEO_TERMINAL,SP_SERVER_NAME,PROTOCOL_TYPE,CHANNELS,YT_PROTOCOL_TYPE) values(220548, 4, 22548, '1002547', 'B0000802',1,'1076测试服务器','4',8,'0');
insert into V_VEHICLEINFO (ORG_CODE,VEHICLE_ID,ID_NUMBER,TYPE_ID,TERMINAL_ID,DELETE_FLAG,COLOR_ID_NUMBER_ID,AUTHORIZED_PAY_MASS) values ('B0000802','2200548', '测B02547', 4, 220548, 0, '2',15);

insert into T_SIMINFO (SIM_ID, ORG_CODE, DEPTCODE, STATE,PAY_MODLE, SIM_NUM) values(22549, 'B0000802', '中国移动', 1, '预付费', 13100002548);
insert into T_TERMINALINFO (TERMINAL_ID,TTYPE_ID,SIM_ID,TERMINAL_CODE,ORG_CODE,IS_VIDEO_TERMINAL,SP_SERVER_NAME,PROTOCOL_TYPE,CHANNELS,YT_PROTOCOL_TYPE) values(220549, 4, 22549, '1002548', 'B0000802',1,'1076测试服务器','4',8,'0');
insert into V_VEHICLEINFO (ORG_CODE,VEHICLE_ID,ID_NUMBER,TYPE_ID,TERMINAL_ID,DELETE_FLAG,COLOR_ID_NUMBER_ID,AUTHORIZED_PAY_MASS) values ('B0000802','2200549', '测B02548', 4, 220549, 0, '2',15);

insert into T_SIMINFO (SIM_ID, ORG_CODE, DEPTCODE, STATE,PAY_MODLE, SIM_NUM) values(22550, 'B0000802', '中国移动', 1, '预付费', 13100002549);
insert into T_TERMINALINFO (TERMINAL_ID,TTYPE_ID,SIM_ID,TERMINAL_CODE,ORG_CODE,IS_VIDEO_TERMINAL,SP_SERVER_NAME,PROTOCOL_TYPE,CHANNELS,YT_PROTOCOL_TYPE) values(220550, 4, 22550, '1002549', 'B0000802',1,'1076测试服务器','4',8,'0');
insert into V_VEHICLEINFO (ORG_CODE,VEHICLE_ID,ID_NUMBER,TYPE_ID,TERMINAL_ID,DELETE_FLAG,COLOR_ID_NUMBER_ID,AUTHORIZED_PAY_MASS) values ('B0000802','2200550', '测B02549', 4, 220550, 0, '2',15);

insert into T_SIMINFO (SIM_ID, ORG_CODE, DEPTCODE, STATE,PAY_MODLE, SIM_NUM) values(22551, 'B0000802', '中国移动', 1, '预付费', 13100002550);
insert into T_TERMINALINFO (TERMINAL_ID,TTYPE_ID,SIM_ID,TERMINAL_CODE,ORG_CODE,IS_VIDEO_TERMINAL,SP_SERVER_NAME,PROTOCOL_TYPE,CHANNELS,YT_PROTOCOL_TYPE) values(220551, 4, 22551, '1002550', 'B0000802',1,'1076测试服务器','4',8,'0');
insert into V_VEHICLEINFO (ORG_CODE,VEHICLE_ID,ID_NUMBER,TYPE_ID,TERMINAL_ID,DELETE_FLAG,COLOR_ID_NUMBER_ID,AUTHORIZED_PAY_MASS) values ('B0000802','2200551', '测B02550', 4, 220551, 0, '2',15);

insert into T_SIMINFO (SIM_ID, ORG_CODE, DEPTCODE, STATE,PAY_MODLE, SIM_NUM) values(22552, 'B0000802', '中国移动', 1, '预付费', 13100002551);
insert into T_TERMINALINFO (TERMINAL_ID,TTYPE_ID,SIM_ID,TERMINAL_CODE,ORG_CODE,IS_VIDEO_TERMINAL,SP_SERVER_NAME,PROTOCOL_TYPE,CHANNELS,YT_PROTOCOL_TYPE) values(220552, 4, 22552, '1002551', 'B0000802',1,'1076测试服务器','4',8,'0');
insert into V_VEHICLEINFO (ORG_CODE,VEHICLE_ID,ID_NUMBER,TYPE_ID,TERMINAL_ID,DELETE_FLAG,COLOR_ID_NUMBER_ID,AUTHORIZED_PAY_MASS) values ('B0000802','2200552', '测B02551', 4, 220552, 0, '2',15);

insert into T_SIMINFO (SIM_ID, ORG_CODE, DEPTCODE, STATE,PAY_MODLE, SIM_NUM) values(22553, 'B0000802', '中国移动', 1, '预付费', 13100002552);
insert into T_TERMINALINFO (TERMINAL_ID,TTYPE_ID,SIM_ID,TERMINAL_CODE,ORG_CODE,IS_VIDEO_TERMINAL,SP_SERVER_NAME,PROTOCOL_TYPE,CHANNELS,YT_PROTOCOL_TYPE) values(220553, 4, 22553, '1002552', 'B0000802',1,'1076测试服务器','4',8,'0');
insert into V_VEHICLEINFO (ORG_CODE,VEHICLE_ID,ID_NUMBER,TYPE_ID,TERMINAL_ID,DELETE_FLAG,COLOR_ID_NUMBER_ID,AUTHORIZED_PAY_MASS) values ('B0000802','2200553', '测B02552', 4, 220553, 0, '2',15);

insert into T_SIMINFO (SIM_ID, ORG_CODE, DEPTCODE, STATE,PAY_MODLE, SIM_NUM) values(22554, 'B0000802', '中国移动', 1, '预付费', 13100002553);
insert into T_TERMINALINFO (TERMINAL_ID,TTYPE_ID,SIM_ID,TERMINAL_CODE,ORG_CODE,IS_VIDEO_TERMINAL,SP_SERVER_NAME,PROTOCOL_TYPE,CHANNELS,YT_PROTOCOL_TYPE) values(220554, 4, 22554, '1002553', 'B0000802',1,'1076测试服务器','4',8,'0');
insert into V_VEHICLEINFO (ORG_CODE,VEHICLE_ID,ID_NUMBER,TYPE_ID,TERMINAL_ID,DELETE_FLAG,COLOR_ID_NUMBER_ID,AUTHORIZED_PAY_MASS) values ('B0000802','2200554', '测B02553', 4, 220554, 0, '2',15);

insert into T_SIMINFO (SIM_ID, ORG_CODE, DEPTCODE, STATE,PAY_MODLE, SIM_NUM) values(22555, 'B0000802', '中国移动', 1, '预付费', 13100002554);
insert into T_TERMINALINFO (TERMINAL_ID,TTYPE_ID,SIM_ID,TERMINAL_CODE,ORG_CODE,IS_VIDEO_TERMINAL,SP_SERVER_NAME,PROTOCOL_TYPE,CHANNELS,YT_PROTOCOL_TYPE) values(220555, 4, 22555, '1002554', 'B0000802',1,'1076测试服务器','4',8,'0');
insert into V_VEHICLEINFO (ORG_CODE,VEHICLE_ID,ID_NUMBER,TYPE_ID,TERMINAL_ID,DELETE_FLAG,COLOR_ID_NUMBER_ID,AUTHORIZED_PAY_MASS) values ('B0000802','2200555', '测B02554', 4, 220555, 0, '2',15);

insert into T_SIMINFO (SIM_ID, ORG_CODE, DEPTCODE, STATE,PAY_MODLE, SIM_NUM) values(22556, 'B0000802', '中国移动', 1, '预付费', 13100002555);
insert into T_TERMINALINFO (TERMINAL_ID,TTYPE_ID,SIM_ID,TERMINAL_CODE,ORG_CODE,IS_VIDEO_TERMINAL,SP_SERVER_NAME,PROTOCOL_TYPE,CHANNELS,YT_PROTOCOL_TYPE) values(220556, 4, 22556, '1002555', 'B0000802',1,'1076测试服务器','4',8,'0');
insert into V_VEHICLEINFO (ORG_CODE,VEHICLE_ID,ID_NUMBER,TYPE_ID,TERMINAL_ID,DELETE_FLAG,COLOR_ID_NUMBER_ID,AUTHORIZED_PAY_MASS) values ('B0000802','2200556', '测B02555', 4, 220556, 0, '2',15);

insert into T_SIMINFO (SIM_ID, ORG_CODE, DEPTCODE, STATE,PAY_MODLE, SIM_NUM) values(22557, 'B0000802', '中国移动', 1, '预付费', 13100002556);
insert into T_TERMINALINFO (TERMINAL_ID,TTYPE_ID,SIM_ID,TERMINAL_CODE,ORG_CODE,IS_VIDEO_TERMINAL,SP_SERVER_NAME,PROTOCOL_TYPE,CHANNELS,YT_PROTOCOL_TYPE) values(220557, 4, 22557, '1002556', 'B0000802',1,'1076测试服务器','4',8,'0');
insert into V_VEHICLEINFO (ORG_CODE,VEHICLE_ID,ID_NUMBER,TYPE_ID,TERMINAL_ID,DELETE_FLAG,COLOR_ID_NUMBER_ID,AUTHORIZED_PAY_MASS) values ('B0000802','2200557', '测B02556', 4, 220557, 0, '2',15);

insert into T_SIMINFO (SIM_ID, ORG_CODE, DEPTCODE, STATE,PAY_MODLE, SIM_NUM) values(22558, 'B0000802', '中国移动', 1, '预付费', 13100002557);
insert into T_TERMINALINFO (TERMINAL_ID,TTYPE_ID,SIM_ID,TERMINAL_CODE,ORG_CODE,IS_VIDEO_TERMINAL,SP_SERVER_NAME,PROTOCOL_TYPE,CHANNELS,YT_PROTOCOL_TYPE) values(220558, 4, 22558, '1002557', 'B0000802',1,'1076测试服务器','4',8,'0');
insert into V_VEHICLEINFO (ORG_CODE,VEHICLE_ID,ID_NUMBER,TYPE_ID,TERMINAL_ID,DELETE_FLAG,COLOR_ID_NUMBER_ID,AUTHORIZED_PAY_MASS) values ('B0000802','2200558', '测B02557', 4, 220558, 0, '2',15);

insert into T_SIMINFO (SIM_ID, ORG_CODE, DEPTCODE, STATE,PAY_MODLE, SIM_NUM) values(22559, 'B0000802', '中国移动', 1, '预付费', 13100002558);
insert into T_TERMINALINFO (TERMINAL_ID,TTYPE_ID,SIM_ID,TERMINAL_CODE,ORG_CODE,IS_VIDEO_TERMINAL,SP_SERVER_NAME,PROTOCOL_TYPE,CHANNELS,YT_PROTOCOL_TYPE) values(220559, 4, 22559, '1002558', 'B0000802',1,'1076测试服务器','4',8,'0');
insert into V_VEHICLEINFO (ORG_CODE,VEHICLE_ID,ID_NUMBER,TYPE_ID,TERMINAL_ID,DELETE_FLAG,COLOR_ID_NUMBER_ID,AUTHORIZED_PAY_MASS) values ('B0000802','2200559', '测B02558', 4, 220559, 0, '2',15);

insert into T_SIMINFO (SIM_ID, ORG_CODE, DEPTCODE, STATE,PAY_MODLE, SIM_NUM) values(22560, 'B0000802', '中国移动', 1, '预付费', 13100002559);
insert into T_TERMINALINFO (TERMINAL_ID,TTYPE_ID,SIM_ID,TERMINAL_CODE,ORG_CODE,IS_VIDEO_TERMINAL,SP_SERVER_NAME,PROTOCOL_TYPE,CHANNELS,YT_PROTOCOL_TYPE) values(220560, 4, 22560, '1002559', 'B0000802',1,'1076测试服务器','4',8,'0');
insert into V_VEHICLEINFO (ORG_CODE,VEHICLE_ID,ID_NUMBER,TYPE_ID,TERMINAL_ID,DELETE_FLAG,COLOR_ID_NUMBER_ID,AUTHORIZED_PAY_MASS) values ('B0000802','2200560', '测B02559', 4, 220560, 0, '2',15);

insert into T_SIMINFO (SIM_ID, ORG_CODE, DEPTCODE, STATE,PAY_MODLE, SIM_NUM) values(22561, 'B0000802', '中国移动', 1, '预付费', 13100002560);
insert into T_TERMINALINFO (TERMINAL_ID,TTYPE_ID,SIM_ID,TERMINAL_CODE,ORG_CODE,IS_VIDEO_TERMINAL,SP_SERVER_NAME,PROTOCOL_TYPE,CHANNELS,YT_PROTOCOL_TYPE) values(220561, 4, 22561, '1002560', 'B0000802',1,'1076测试服务器','4',8,'0');
insert into V_VEHICLEINFO (ORG_CODE,VEHICLE_ID,ID_NUMBER,TYPE_ID,TERMINAL_ID,DELETE_FLAG,COLOR_ID_NUMBER_ID,AUTHORIZED_PAY_MASS) values ('B0000802','2200561', '测B02560', 4, 220561, 0, '2',15);

insert into T_SIMINFO (SIM_ID, ORG_CODE, DEPTCODE, STATE,PAY_MODLE, SIM_NUM) values(22562, 'B0000802', '中国移动', 1, '预付费', 13100002561);
insert into T_TERMINALINFO (TERMINAL_ID,TTYPE_ID,SIM_ID,TERMINAL_CODE,ORG_CODE,IS_VIDEO_TERMINAL,SP_SERVER_NAME,PROTOCOL_TYPE,CHANNELS,YT_PROTOCOL_TYPE) values(220562, 4, 22562, '1002561', 'B0000802',1,'1076测试服务器','4',8,'0');
insert into V_VEHICLEINFO (ORG_CODE,VEHICLE_ID,ID_NUMBER,TYPE_ID,TERMINAL_ID,DELETE_FLAG,COLOR_ID_NUMBER_ID,AUTHORIZED_PAY_MASS) values ('B0000802','2200562', '测B02561', 4, 220562, 0, '2',15);

insert into T_SIMINFO (SIM_ID, ORG_CODE, DEPTCODE, STATE,PAY_MODLE, SIM_NUM) values(22563, 'B0000802', '中国移动', 1, '预付费', 13100002562);
insert into T_TERMINALINFO (TERMINAL_ID,TTYPE_ID,SIM_ID,TERMINAL_CODE,ORG_CODE,IS_VIDEO_TERMINAL,SP_SERVER_NAME,PROTOCOL_TYPE,CHANNELS,YT_PROTOCOL_TYPE) values(220563, 4, 22563, '1002562', 'B0000802',1,'1076测试服务器','4',8,'0');
insert into V_VEHICLEINFO (ORG_CODE,VEHICLE_ID,ID_NUMBER,TYPE_ID,TERMINAL_ID,DELETE_FLAG,COLOR_ID_NUMBER_ID,AUTHORIZED_PAY_MASS) values ('B0000802','2200563', '测B02562', 4, 220563, 0, '2',15);

insert into T_SIMINFO (SIM_ID, ORG_CODE, DEPTCODE, STATE,PAY_MODLE, SIM_NUM) values(22564, 'B0000802', '中国移动', 1, '预付费', 13100002563);
insert into T_TERMINALINFO (TERMINAL_ID,TTYPE_ID,SIM_ID,TERMINAL_CODE,ORG_CODE,IS_VIDEO_TERMINAL,SP_SERVER_NAME,PROTOCOL_TYPE,CHANNELS,YT_PROTOCOL_TYPE) values(220564, 4, 22564, '1002563', 'B0000802',1,'1076测试服务器','4',8,'0');
insert into V_VEHICLEINFO (ORG_CODE,VEHICLE_ID,ID_NUMBER,TYPE_ID,TERMINAL_ID,DELETE_FLAG,COLOR_ID_NUMBER_ID,AUTHORIZED_PAY_MASS) values ('B0000802','2200564', '测B02563', 4, 220564, 0, '2',15);

insert into T_SIMINFO (SIM_ID, ORG_CODE, DEPTCODE, STATE,PAY_MODLE, SIM_NUM) values(22565, 'B0000802', '中国移动', 1, '预付费', 13100002564);
insert into T_TERMINALINFO (TERMINAL_ID,TTYPE_ID,SIM_ID,TERMINAL_CODE,ORG_CODE,IS_VIDEO_TERMINAL,SP_SERVER_NAME,PROTOCOL_TYPE,CHANNELS,YT_PROTOCOL_TYPE) values(220565, 4, 22565, '1002564', 'B0000802',1,'1076测试服务器','4',8,'0');
insert into V_VEHICLEINFO (ORG_CODE,VEHICLE_ID,ID_NUMBER,TYPE_ID,TERMINAL_ID,DELETE_FLAG,COLOR_ID_NUMBER_ID,AUTHORIZED_PAY_MASS) values ('B0000802','2200565', '测B02564', 4, 220565, 0, '2',15);

insert into T_SIMINFO (SIM_ID, ORG_CODE, DEPTCODE, STATE,PAY_MODLE, SIM_NUM) values(22566, 'B0000802', '中国移动', 1, '预付费', 13100002565);
insert into T_TERMINALINFO (TERMINAL_ID,TTYPE_ID,SIM_ID,TERMINAL_CODE,ORG_CODE,IS_VIDEO_TERMINAL,SP_SERVER_NAME,PROTOCOL_TYPE,CHANNELS,YT_PROTOCOL_TYPE) values(220566, 4, 22566, '1002565', 'B0000802',1,'1076测试服务器','4',8,'0');
insert into V_VEHICLEINFO (ORG_CODE,VEHICLE_ID,ID_NUMBER,TYPE_ID,TERMINAL_ID,DELETE_FLAG,COLOR_ID_NUMBER_ID,AUTHORIZED_PAY_MASS) values ('B0000802','2200566', '测B02565', 4, 220566, 0, '2',15);

insert into T_SIMINFO (SIM_ID, ORG_CODE, DEPTCODE, STATE,PAY_MODLE, SIM_NUM) values(22567, 'B0000802', '中国移动', 1, '预付费', 13100002566);
insert into T_TERMINALINFO (TERMINAL_ID,TTYPE_ID,SIM_ID,TERMINAL_CODE,ORG_CODE,IS_VIDEO_TERMINAL,SP_SERVER_NAME,PROTOCOL_TYPE,CHANNELS,YT_PROTOCOL_TYPE) values(220567, 4, 22567, '1002566', 'B0000802',1,'1076测试服务器','4',8,'0');
insert into V_VEHICLEINFO (ORG_CODE,VEHICLE_ID,ID_NUMBER,TYPE_ID,TERMINAL_ID,DELETE_FLAG,COLOR_ID_NUMBER_ID,AUTHORIZED_PAY_MASS) values ('B0000802','2200567', '测B02566', 4, 220567, 0, '2',15);

insert into T_SIMINFO (SIM_ID, ORG_CODE, DEPTCODE, STATE,PAY_MODLE, SIM_NUM) values(22568, 'B0000802', '中国移动', 1, '预付费', 13100002567);
insert into T_TERMINALINFO (TERMINAL_ID,TTYPE_ID,SIM_ID,TERMINAL_CODE,ORG_CODE,IS_VIDEO_TERMINAL,SP_SERVER_NAME,PROTOCOL_TYPE,CHANNELS,YT_PROTOCOL_TYPE) values(220568, 4, 22568, '1002567', 'B0000802',1,'1076测试服务器','4',8,'0');
insert into V_VEHICLEINFO (ORG_CODE,VEHICLE_ID,ID_NUMBER,TYPE_ID,TERMINAL_ID,DELETE_FLAG,COLOR_ID_NUMBER_ID,AUTHORIZED_PAY_MASS) values ('B0000802','2200568', '测B02567', 4, 220568, 0, '2',15);

insert into T_SIMINFO (SIM_ID, ORG_CODE, DEPTCODE, STATE,PAY_MODLE, SIM_NUM) values(22569, 'B0000802', '中国移动', 1, '预付费', 13100002568);
insert into T_TERMINALINFO (TERMINAL_ID,TTYPE_ID,SIM_ID,TERMINAL_CODE,ORG_CODE,IS_VIDEO_TERMINAL,SP_SERVER_NAME,PROTOCOL_TYPE,CHANNELS,YT_PROTOCOL_TYPE) values(220569, 4, 22569, '1002568', 'B0000802',1,'1076测试服务器','4',8,'0');
insert into V_VEHICLEINFO (ORG_CODE,VEHICLE_ID,ID_NUMBER,TYPE_ID,TERMINAL_ID,DELETE_FLAG,COLOR_ID_NUMBER_ID,AUTHORIZED_PAY_MASS) values ('B0000802','2200569', '测B02568', 4, 220569, 0, '2',15);

insert into T_SIMINFO (SIM_ID, ORG_CODE, DEPTCODE, STATE,PAY_MODLE, SIM_NUM) values(22570, 'B0000802', '中国移动', 1, '预付费', 13100002569);
insert into T_TERMINALINFO (TERMINAL_ID,TTYPE_ID,SIM_ID,TERMINAL_CODE,ORG_CODE,IS_VIDEO_TERMINAL,SP_SERVER_NAME,PROTOCOL_TYPE,CHANNELS,YT_PROTOCOL_TYPE) values(220570, 4, 22570, '1002569', 'B0000802',1,'1076测试服务器','4',8,'0');
insert into V_VEHICLEINFO (ORG_CODE,VEHICLE_ID,ID_NUMBER,TYPE_ID,TERMINAL_ID,DELETE_FLAG,COLOR_ID_NUMBER_ID,AUTHORIZED_PAY_MASS) values ('B0000802','2200570', '测B02569', 4, 220570, 0, '2',15);

insert into T_SIMINFO (SIM_ID, ORG_CODE, DEPTCODE, STATE,PAY_MODLE, SIM_NUM) values(22571, 'B0000802', '中国移动', 1, '预付费', 13100002570);
insert into T_TERMINALINFO (TERMINAL_ID,TTYPE_ID,SIM_ID,TERMINAL_CODE,ORG_CODE,IS_VIDEO_TERMINAL,SP_SERVER_NAME,PROTOCOL_TYPE,CHANNELS,YT_PROTOCOL_TYPE) values(220571, 4, 22571, '1002570', 'B0000802',1,'1076测试服务器','4',8,'0');
insert into V_VEHICLEINFO (ORG_CODE,VEHICLE_ID,ID_NUMBER,TYPE_ID,TERMINAL_ID,DELETE_FLAG,COLOR_ID_NUMBER_ID,AUTHORIZED_PAY_MASS) values ('B0000802','2200571', '测B02570', 4, 220571, 0, '2',15);

insert into T_SIMINFO (SIM_ID, ORG_CODE, DEPTCODE, STATE,PAY_MODLE, SIM_NUM) values(22572, 'B0000802', '中国移动', 1, '预付费', 13100002571);
insert into T_TERMINALINFO (TERMINAL_ID,TTYPE_ID,SIM_ID,TERMINAL_CODE,ORG_CODE,IS_VIDEO_TERMINAL,SP_SERVER_NAME,PROTOCOL_TYPE,CHANNELS,YT_PROTOCOL_TYPE) values(220572, 4, 22572, '1002571', 'B0000802',1,'1076测试服务器','4',8,'0');
insert into V_VEHICLEINFO (ORG_CODE,VEHICLE_ID,ID_NUMBER,TYPE_ID,TERMINAL_ID,DELETE_FLAG,COLOR_ID_NUMBER_ID,AUTHORIZED_PAY_MASS) values ('B0000802','2200572', '测B02571', 4, 220572, 0, '2',15);

insert into T_SIMINFO (SIM_ID, ORG_CODE, DEPTCODE, STATE,PAY_MODLE, SIM_NUM) values(22573, 'B0000802', '中国移动', 1, '预付费', 13100002572);
insert into T_TERMINALINFO (TERMINAL_ID,TTYPE_ID,SIM_ID,TERMINAL_CODE,ORG_CODE,IS_VIDEO_TERMINAL,SP_SERVER_NAME,PROTOCOL_TYPE,CHANNELS,YT_PROTOCOL_TYPE) values(220573, 4, 22573, '1002572', 'B0000802',1,'1076测试服务器','4',8,'0');
insert into V_VEHICLEINFO (ORG_CODE,VEHICLE_ID,ID_NUMBER,TYPE_ID,TERMINAL_ID,DELETE_FLAG,COLOR_ID_NUMBER_ID,AUTHORIZED_PAY_MASS) values ('B0000802','2200573', '测B02572', 4, 220573, 0, '2',15);

insert into T_SIMINFO (SIM_ID, ORG_CODE, DEPTCODE, STATE,PAY_MODLE, SIM_NUM) values(22574, 'B0000802', '中国移动', 1, '预付费', 13100002573);
insert into T_TERMINALINFO (TERMINAL_ID,TTYPE_ID,SIM_ID,TERMINAL_CODE,ORG_CODE,IS_VIDEO_TERMINAL,SP_SERVER_NAME,PROTOCOL_TYPE,CHANNELS,YT_PROTOCOL_TYPE) values(220574, 4, 22574, '1002573', 'B0000802',1,'1076测试服务器','4',8,'0');
insert into V_VEHICLEINFO (ORG_CODE,VEHICLE_ID,ID_NUMBER,TYPE_ID,TERMINAL_ID,DELETE_FLAG,COLOR_ID_NUMBER_ID,AUTHORIZED_PAY_MASS) values ('B0000802','2200574', '测B02573', 4, 220574, 0, '2',15);

insert into T_SIMINFO (SIM_ID, ORG_CODE, DEPTCODE, STATE,PAY_MODLE, SIM_NUM) values(22575, 'B0000802', '中国移动', 1, '预付费', 13100002574);
insert into T_TERMINALINFO (TERMINAL_ID,TTYPE_ID,SIM_ID,TERMINAL_CODE,ORG_CODE,IS_VIDEO_TERMINAL,SP_SERVER_NAME,PROTOCOL_TYPE,CHANNELS,YT_PROTOCOL_TYPE) values(220575, 4, 22575, '1002574', 'B0000802',1,'1076测试服务器','4',8,'0');
insert into V_VEHICLEINFO (ORG_CODE,VEHICLE_ID,ID_NUMBER,TYPE_ID,TERMINAL_ID,DELETE_FLAG,COLOR_ID_NUMBER_ID,AUTHORIZED_PAY_MASS) values ('B0000802','2200575', '测B02574', 4, 220575, 0, '2',15);

insert into T_SIMINFO (SIM_ID, ORG_CODE, DEPTCODE, STATE,PAY_MODLE, SIM_NUM) values(22576, 'B0000802', '中国移动', 1, '预付费', 13100002575);
insert into T_TERMINALINFO (TERMINAL_ID,TTYPE_ID,SIM_ID,TERMINAL_CODE,ORG_CODE,IS_VIDEO_TERMINAL,SP_SERVER_NAME,PROTOCOL_TYPE,CHANNELS,YT_PROTOCOL_TYPE) values(220576, 4, 22576, '1002575', 'B0000802',1,'1076测试服务器','4',8,'0');
insert into V_VEHICLEINFO (ORG_CODE,VEHICLE_ID,ID_NUMBER,TYPE_ID,TERMINAL_ID,DELETE_FLAG,COLOR_ID_NUMBER_ID,AUTHORIZED_PAY_MASS) values ('B0000802','2200576', '测B02575', 4, 220576, 0, '2',15);

insert into T_SIMINFO (SIM_ID, ORG_CODE, DEPTCODE, STATE,PAY_MODLE, SIM_NUM) values(22577, 'B0000802', '中国移动', 1, '预付费', 13100002576);
insert into T_TERMINALINFO (TERMINAL_ID,TTYPE_ID,SIM_ID,TERMINAL_CODE,ORG_CODE,IS_VIDEO_TERMINAL,SP_SERVER_NAME,PROTOCOL_TYPE,CHANNELS,YT_PROTOCOL_TYPE) values(220577, 4, 22577, '1002576', 'B0000802',1,'1076测试服务器','4',8,'0');
insert into V_VEHICLEINFO (ORG_CODE,VEHICLE_ID,ID_NUMBER,TYPE_ID,TERMINAL_ID,DELETE_FLAG,COLOR_ID_NUMBER_ID,AUTHORIZED_PAY_MASS) values ('B0000802','2200577', '测B02576', 4, 220577, 0, '2',15);

insert into T_SIMINFO (SIM_ID, ORG_CODE, DEPTCODE, STATE,PAY_MODLE, SIM_NUM) values(22578, 'B0000802', '中国移动', 1, '预付费', 13100002577);
insert into T_TERMINALINFO (TERMINAL_ID,TTYPE_ID,SIM_ID,TERMINAL_CODE,ORG_CODE,IS_VIDEO_TERMINAL,SP_SERVER_NAME,PROTOCOL_TYPE,CHANNELS,YT_PROTOCOL_TYPE) values(220578, 4, 22578, '1002577', 'B0000802',1,'1076测试服务器','4',8,'0');
insert into V_VEHICLEINFO (ORG_CODE,VEHICLE_ID,ID_NUMBER,TYPE_ID,TERMINAL_ID,DELETE_FLAG,COLOR_ID_NUMBER_ID,AUTHORIZED_PAY_MASS) values ('B0000802','2200578', '测B02577', 4, 220578, 0, '2',15);

insert into T_SIMINFO (SIM_ID, ORG_CODE, DEPTCODE, STATE,PAY_MODLE, SIM_NUM) values(22579, 'B0000802', '中国移动', 1, '预付费', 13100002578);
insert into T_TERMINALINFO (TERMINAL_ID,TTYPE_ID,SIM_ID,TERMINAL_CODE,ORG_CODE,IS_VIDEO_TERMINAL,SP_SERVER_NAME,PROTOCOL_TYPE,CHANNELS,YT_PROTOCOL_TYPE) values(220579, 4, 22579, '1002578', 'B0000802',1,'1076测试服务器','4',8,'0');
insert into V_VEHICLEINFO (ORG_CODE,VEHICLE_ID,ID_NUMBER,TYPE_ID,TERMINAL_ID,DELETE_FLAG,COLOR_ID_NUMBER_ID,AUTHORIZED_PAY_MASS) values ('B0000802','2200579', '测B02578', 4, 220579, 0, '2',15);

insert into T_SIMINFO (SIM_ID, ORG_CODE, DEPTCODE, STATE,PAY_MODLE, SIM_NUM) values(22580, 'B0000802', '中国移动', 1, '预付费', 13100002579);
insert into T_TERMINALINFO (TERMINAL_ID,TTYPE_ID,SIM_ID,TERMINAL_CODE,ORG_CODE,IS_VIDEO_TERMINAL,SP_SERVER_NAME,PROTOCOL_TYPE,CHANNELS,YT_PROTOCOL_TYPE) values(220580, 4, 22580, '1002579', 'B0000802',1,'1076测试服务器','4',8,'0');
insert into V_VEHICLEINFO (ORG_CODE,VEHICLE_ID,ID_NUMBER,TYPE_ID,TERMINAL_ID,DELETE_FLAG,COLOR_ID_NUMBER_ID,AUTHORIZED_PAY_MASS) values ('B0000802','2200580', '测B02579', 4, 220580, 0, '2',15);

insert into T_SIMINFO (SIM_ID, ORG_CODE, DEPTCODE, STATE,PAY_MODLE, SIM_NUM) values(22581, 'B0000802', '中国移动', 1, '预付费', 13100002580);
insert into T_TERMINALINFO (TERMINAL_ID,TTYPE_ID,SIM_ID,TERMINAL_CODE,ORG_CODE,IS_VIDEO_TERMINAL,SP_SERVER_NAME,PROTOCOL_TYPE,CHANNELS,YT_PROTOCOL_TYPE) values(220581, 4, 22581, '1002580', 'B0000802',1,'1076测试服务器','4',8,'0');
insert into V_VEHICLEINFO (ORG_CODE,VEHICLE_ID,ID_NUMBER,TYPE_ID,TERMINAL_ID,DELETE_FLAG,COLOR_ID_NUMBER_ID,AUTHORIZED_PAY_MASS) values ('B0000802','2200581', '测B02580', 4, 220581, 0, '2',15);

insert into T_SIMINFO (SIM_ID, ORG_CODE, DEPTCODE, STATE,PAY_MODLE, SIM_NUM) values(22582, 'B0000802', '中国移动', 1, '预付费', 13100002581);
insert into T_TERMINALINFO (TERMINAL_ID,TTYPE_ID,SIM_ID,TERMINAL_CODE,ORG_CODE,IS_VIDEO_TERMINAL,SP_SERVER_NAME,PROTOCOL_TYPE,CHANNELS,YT_PROTOCOL_TYPE) values(220582, 4, 22582, '1002581', 'B0000802',1,'1076测试服务器','4',8,'0');
insert into V_VEHICLEINFO (ORG_CODE,VEHICLE_ID,ID_NUMBER,TYPE_ID,TERMINAL_ID,DELETE_FLAG,COLOR_ID_NUMBER_ID,AUTHORIZED_PAY_MASS) values ('B0000802','2200582', '测B02581', 4, 220582, 0, '2',15);

insert into T_SIMINFO (SIM_ID, ORG_CODE, DEPTCODE, STATE,PAY_MODLE, SIM_NUM) values(22583, 'B0000802', '中国移动', 1, '预付费', 13100002582);
insert into T_TERMINALINFO (TERMINAL_ID,TTYPE_ID,SIM_ID,TERMINAL_CODE,ORG_CODE,IS_VIDEO_TERMINAL,SP_SERVER_NAME,PROTOCOL_TYPE,CHANNELS,YT_PROTOCOL_TYPE) values(220583, 4, 22583, '1002582', 'B0000802',1,'1076测试服务器','4',8,'0');
insert into V_VEHICLEINFO (ORG_CODE,VEHICLE_ID,ID_NUMBER,TYPE_ID,TERMINAL_ID,DELETE_FLAG,COLOR_ID_NUMBER_ID,AUTHORIZED_PAY_MASS) values ('B0000802','2200583', '测B02582', 4, 220583, 0, '2',15);

insert into T_SIMINFO (SIM_ID, ORG_CODE, DEPTCODE, STATE,PAY_MODLE, SIM_NUM) values(22584, 'B0000802', '中国移动', 1, '预付费', 13100002583);
insert into T_TERMINALINFO (TERMINAL_ID,TTYPE_ID,SIM_ID,TERMINAL_CODE,ORG_CODE,IS_VIDEO_TERMINAL,SP_SERVER_NAME,PROTOCOL_TYPE,CHANNELS,YT_PROTOCOL_TYPE) values(220584, 4, 22584, '1002583', 'B0000802',1,'1076测试服务器','4',8,'0');
insert into V_VEHICLEINFO (ORG_CODE,VEHICLE_ID,ID_NUMBER,TYPE_ID,TERMINAL_ID,DELETE_FLAG,COLOR_ID_NUMBER_ID,AUTHORIZED_PAY_MASS) values ('B0000802','2200584', '测B02583', 4, 220584, 0, '2',15);

insert into T_SIMINFO (SIM_ID, ORG_CODE, DEPTCODE, STATE,PAY_MODLE, SIM_NUM) values(22585, 'B0000802', '中国移动', 1, '预付费', 13100002584);
insert into T_TERMINALINFO (TERMINAL_ID,TTYPE_ID,SIM_ID,TERMINAL_CODE,ORG_CODE,IS_VIDEO_TERMINAL,SP_SERVER_NAME,PROTOCOL_TYPE,CHANNELS,YT_PROTOCOL_TYPE) values(220585, 4, 22585, '1002584', 'B0000802',1,'1076测试服务器','4',8,'0');
insert into V_VEHICLEINFO (ORG_CODE,VEHICLE_ID,ID_NUMBER,TYPE_ID,TERMINAL_ID,DELETE_FLAG,COLOR_ID_NUMBER_ID,AUTHORIZED_PAY_MASS) values ('B0000802','2200585', '测B02584', 4, 220585, 0, '2',15);

insert into T_SIMINFO (SIM_ID, ORG_CODE, DEPTCODE, STATE,PAY_MODLE, SIM_NUM) values(22586, 'B0000802', '中国移动', 1, '预付费', 13100002585);
insert into T_TERMINALINFO (TERMINAL_ID,TTYPE_ID,SIM_ID,TERMINAL_CODE,ORG_CODE,IS_VIDEO_TERMINAL,SP_SERVER_NAME,PROTOCOL_TYPE,CHANNELS,YT_PROTOCOL_TYPE) values(220586, 4, 22586, '1002585', 'B0000802',1,'1076测试服务器','4',8,'0');
insert into V_VEHICLEINFO (ORG_CODE,VEHICLE_ID,ID_NUMBER,TYPE_ID,TERMINAL_ID,DELETE_FLAG,COLOR_ID_NUMBER_ID,AUTHORIZED_PAY_MASS) values ('B0000802','2200586', '测B02585', 4, 220586, 0, '2',15);

insert into T_SIMINFO (SIM_ID, ORG_CODE, DEPTCODE, STATE,PAY_MODLE, SIM_NUM) values(22587, 'B0000802', '中国移动', 1, '预付费', 13100002586);
insert into T_TERMINALINFO (TERMINAL_ID,TTYPE_ID,SIM_ID,TERMINAL_CODE,ORG_CODE,IS_VIDEO_TERMINAL,SP_SERVER_NAME,PROTOCOL_TYPE,CHANNELS,YT_PROTOCOL_TYPE) values(220587, 4, 22587, '1002586', 'B0000802',1,'1076测试服务器','4',8,'0');
insert into V_VEHICLEINFO (ORG_CODE,VEHICLE_ID,ID_NUMBER,TYPE_ID,TERMINAL_ID,DELETE_FLAG,COLOR_ID_NUMBER_ID,AUTHORIZED_PAY_MASS) values ('B0000802','2200587', '测B02586', 4, 220587, 0, '2',15);

insert into T_SIMINFO (SIM_ID, ORG_CODE, DEPTCODE, STATE,PAY_MODLE, SIM_NUM) values(22588, 'B0000802', '中国移动', 1, '预付费', 13100002587);
insert into T_TERMINALINFO (TERMINAL_ID,TTYPE_ID,SIM_ID,TERMINAL_CODE,ORG_CODE,IS_VIDEO_TERMINAL,SP_SERVER_NAME,PROTOCOL_TYPE,CHANNELS,YT_PROTOCOL_TYPE) values(220588, 4, 22588, '1002587', 'B0000802',1,'1076测试服务器','4',8,'0');
insert into V_VEHICLEINFO (ORG_CODE,VEHICLE_ID,ID_NUMBER,TYPE_ID,TERMINAL_ID,DELETE_FLAG,COLOR_ID_NUMBER_ID,AUTHORIZED_PAY_MASS) values ('B0000802','2200588', '测B02587', 4, 220588, 0, '2',15);

insert into T_SIMINFO (SIM_ID, ORG_CODE, DEPTCODE, STATE,PAY_MODLE, SIM_NUM) values(22589, 'B0000802', '中国移动', 1, '预付费', 13100002588);
insert into T_TERMINALINFO (TERMINAL_ID,TTYPE_ID,SIM_ID,TERMINAL_CODE,ORG_CODE,IS_VIDEO_TERMINAL,SP_SERVER_NAME,PROTOCOL_TYPE,CHANNELS,YT_PROTOCOL_TYPE) values(220589, 4, 22589, '1002588', 'B0000802',1,'1076测试服务器','4',8,'0');
insert into V_VEHICLEINFO (ORG_CODE,VEHICLE_ID,ID_NUMBER,TYPE_ID,TERMINAL_ID,DELETE_FLAG,COLOR_ID_NUMBER_ID,AUTHORIZED_PAY_MASS) values ('B0000802','2200589', '测B02588', 4, 220589, 0, '2',15);

insert into T_SIMINFO (SIM_ID, ORG_CODE, DEPTCODE, STATE,PAY_MODLE, SIM_NUM) values(22590, 'B0000802', '中国移动', 1, '预付费', 13100002589);
insert into T_TERMINALINFO (TERMINAL_ID,TTYPE_ID,SIM_ID,TERMINAL_CODE,ORG_CODE,IS_VIDEO_TERMINAL,SP_SERVER_NAME,PROTOCOL_TYPE,CHANNELS,YT_PROTOCOL_TYPE) values(220590, 4, 22590, '1002589', 'B0000802',1,'1076测试服务器','4',8,'0');
insert into V_VEHICLEINFO (ORG_CODE,VEHICLE_ID,ID_NUMBER,TYPE_ID,TERMINAL_ID,DELETE_FLAG,COLOR_ID_NUMBER_ID,AUTHORIZED_PAY_MASS) values ('B0000802','2200590', '测B02589', 4, 220590, 0, '2',15);

insert into T_SIMINFO (SIM_ID, ORG_CODE, DEPTCODE, STATE,PAY_MODLE, SIM_NUM) values(22591, 'B0000802', '中国移动', 1, '预付费', 13100002590);
insert into T_TERMINALINFO (TERMINAL_ID,TTYPE_ID,SIM_ID,TERMINAL_CODE,ORG_CODE,IS_VIDEO_TERMINAL,SP_SERVER_NAME,PROTOCOL_TYPE,CHANNELS,YT_PROTOCOL_TYPE) values(220591, 4, 22591, '1002590', 'B0000802',1,'1076测试服务器','4',8,'0');
insert into V_VEHICLEINFO (ORG_CODE,VEHICLE_ID,ID_NUMBER,TYPE_ID,TERMINAL_ID,DELETE_FLAG,COLOR_ID_NUMBER_ID,AUTHORIZED_PAY_MASS) values ('B0000802','2200591', '测B02590', 4, 220591, 0, '2',15);

insert into T_SIMINFO (SIM_ID, ORG_CODE, DEPTCODE, STATE,PAY_MODLE, SIM_NUM) values(22592, 'B0000802', '中国移动', 1, '预付费', 13100002591);
insert into T_TERMINALINFO (TERMINAL_ID,TTYPE_ID,SIM_ID,TERMINAL_CODE,ORG_CODE,IS_VIDEO_TERMINAL,SP_SERVER_NAME,PROTOCOL_TYPE,CHANNELS,YT_PROTOCOL_TYPE) values(220592, 4, 22592, '1002591', 'B0000802',1,'1076测试服务器','4',8,'0');
insert into V_VEHICLEINFO (ORG_CODE,VEHICLE_ID,ID_NUMBER,TYPE_ID,TERMINAL_ID,DELETE_FLAG,COLOR_ID_NUMBER_ID,AUTHORIZED_PAY_MASS) values ('B0000802','2200592', '测B02591', 4, 220592, 0, '2',15);

insert into T_SIMINFO (SIM_ID, ORG_CODE, DEPTCODE, STATE,PAY_MODLE, SIM_NUM) values(22593, 'B0000802', '中国移动', 1, '预付费', 13100002592);
insert into T_TERMINALINFO (TERMINAL_ID,TTYPE_ID,SIM_ID,TERMINAL_CODE,ORG_CODE,IS_VIDEO_TERMINAL,SP_SERVER_NAME,PROTOCOL_TYPE,CHANNELS,YT_PROTOCOL_TYPE) values(220593, 4, 22593, '1002592', 'B0000802',1,'1076测试服务器','4',8,'0');
insert into V_VEHICLEINFO (ORG_CODE,VEHICLE_ID,ID_NUMBER,TYPE_ID,TERMINAL_ID,DELETE_FLAG,COLOR_ID_NUMBER_ID,AUTHORIZED_PAY_MASS) values ('B0000802','2200593', '测B02592', 4, 220593, 0, '2',15);

insert into T_SIMINFO (SIM_ID, ORG_CODE, DEPTCODE, STATE,PAY_MODLE, SIM_NUM) values(22594, 'B0000802', '中国移动', 1, '预付费', 13100002593);
insert into T_TERMINALINFO (TERMINAL_ID,TTYPE_ID,SIM_ID,TERMINAL_CODE,ORG_CODE,IS_VIDEO_TERMINAL,SP_SERVER_NAME,PROTOCOL_TYPE,CHANNELS,YT_PROTOCOL_TYPE) values(220594, 4, 22594, '1002593', 'B0000802',1,'1076测试服务器','4',8,'0');
insert into V_VEHICLEINFO (ORG_CODE,VEHICLE_ID,ID_NUMBER,TYPE_ID,TERMINAL_ID,DELETE_FLAG,COLOR_ID_NUMBER_ID,AUTHORIZED_PAY_MASS) values ('B0000802','2200594', '测B02593', 4, 220594, 0, '2',15);

insert into T_SIMINFO (SIM_ID, ORG_CODE, DEPTCODE, STATE,PAY_MODLE, SIM_NUM) values(22595, 'B0000802', '中国移动', 1, '预付费', 13100002594);
insert into T_TERMINALINFO (TERMINAL_ID,TTYPE_ID,SIM_ID,TERMINAL_CODE,ORG_CODE,IS_VIDEO_TERMINAL,SP_SERVER_NAME,PROTOCOL_TYPE,CHANNELS,YT_PROTOCOL_TYPE) values(220595, 4, 22595, '1002594', 'B0000802',1,'1076测试服务器','4',8,'0');
insert into V_VEHICLEINFO (ORG_CODE,VEHICLE_ID,ID_NUMBER,TYPE_ID,TERMINAL_ID,DELETE_FLAG,COLOR_ID_NUMBER_ID,AUTHORIZED_PAY_MASS) values ('B0000802','2200595', '测B02594', 4, 220595, 0, '2',15);

insert into T_SIMINFO (SIM_ID, ORG_CODE, DEPTCODE, STATE,PAY_MODLE, SIM_NUM) values(22596, 'B0000802', '中国移动', 1, '预付费', 13100002595);
insert into T_TERMINALINFO (TERMINAL_ID,TTYPE_ID,SIM_ID,TERMINAL_CODE,ORG_CODE,IS_VIDEO_TERMINAL,SP_SERVER_NAME,PROTOCOL_TYPE,CHANNELS,YT_PROTOCOL_TYPE) values(220596, 4, 22596, '1002595', 'B0000802',1,'1076测试服务器','4',8,'0');
insert into V_VEHICLEINFO (ORG_CODE,VEHICLE_ID,ID_NUMBER,TYPE_ID,TERMINAL_ID,DELETE_FLAG,COLOR_ID_NUMBER_ID,AUTHORIZED_PAY_MASS) values ('B0000802','2200596', '测B02595', 4, 220596, 0, '2',15);

insert into T_SIMINFO (SIM_ID, ORG_CODE, DEPTCODE, STATE,PAY_MODLE, SIM_NUM) values(22597, 'B0000802', '中国移动', 1, '预付费', 13100002596);
insert into T_TERMINALINFO (TERMINAL_ID,TTYPE_ID,SIM_ID,TERMINAL_CODE,ORG_CODE,IS_VIDEO_TERMINAL,SP_SERVER_NAME,PROTOCOL_TYPE,CHANNELS,YT_PROTOCOL_TYPE) values(220597, 4, 22597, '1002596', 'B0000802',1,'1076测试服务器','4',8,'0');
insert into V_VEHICLEINFO (ORG_CODE,VEHICLE_ID,ID_NUMBER,TYPE_ID,TERMINAL_ID,DELETE_FLAG,COLOR_ID_NUMBER_ID,AUTHORIZED_PAY_MASS) values ('B0000802','2200597', '测B02596', 4, 220597, 0, '2',15);

insert into T_SIMINFO (SIM_ID, ORG_CODE, DEPTCODE, STATE,PAY_MODLE, SIM_NUM) values(22598, 'B0000802', '中国移动', 1, '预付费', 13100002597);
insert into T_TERMINALINFO (TERMINAL_ID,TTYPE_ID,SIM_ID,TERMINAL_CODE,ORG_CODE,IS_VIDEO_TERMINAL,SP_SERVER_NAME,PROTOCOL_TYPE,CHANNELS,YT_PROTOCOL_TYPE) values(220598, 4, 22598, '1002597', 'B0000802',1,'1076测试服务器','4',8,'0');
insert into V_VEHICLEINFO (ORG_CODE,VEHICLE_ID,ID_NUMBER,TYPE_ID,TERMINAL_ID,DELETE_FLAG,COLOR_ID_NUMBER_ID,AUTHORIZED_PAY_MASS) values ('B0000802','2200598', '测B02597', 4, 220598, 0, '2',15);

insert into T_SIMINFO (SIM_ID, ORG_CODE, DEPTCODE, STATE,PAY_MODLE, SIM_NUM) values(22599, 'B0000802', '中国移动', 1, '预付费', 13100002598);
insert into T_TERMINALINFO (TERMINAL_ID,TTYPE_ID,SIM_ID,TERMINAL_CODE,ORG_CODE,IS_VIDEO_TERMINAL,SP_SERVER_NAME,PROTOCOL_TYPE,CHANNELS,YT_PROTOCOL_TYPE) values(220599, 4, 22599, '1002598', 'B0000802',1,'1076测试服务器','4',8,'0');
insert into V_VEHICLEINFO (ORG_CODE,VEHICLE_ID,ID_NUMBER,TYPE_ID,TERMINAL_ID,DELETE_FLAG,COLOR_ID_NUMBER_ID,AUTHORIZED_PAY_MASS) values ('B0000802','2200599', '测B02598', 4, 220599, 0, '2',15);

insert into T_SIMINFO (SIM_ID, ORG_CODE, DEPTCODE, STATE,PAY_MODLE, SIM_NUM) values(22600, 'B0000802', '中国移动', 1, '预付费', 13100002599);
insert into T_TERMINALINFO (TERMINAL_ID,TTYPE_ID,SIM_ID,TERMINAL_CODE,ORG_CODE,IS_VIDEO_TERMINAL,SP_SERVER_NAME,PROTOCOL_TYPE,CHANNELS,YT_PROTOCOL_TYPE) values(220600, 4, 22600, '1002599', 'B0000802',1,'1076测试服务器','4',8,'0');
insert into V_VEHICLEINFO (ORG_CODE,VEHICLE_ID,ID_NUMBER,TYPE_ID,TERMINAL_ID,DELETE_FLAG,COLOR_ID_NUMBER_ID,AUTHORIZED_PAY_MASS) values ('B0000802','2200600', '测B02599', 4, 220600, 0, '2',15);

insert into T_SIMINFO (SIM_ID, ORG_CODE, DEPTCODE, STATE,PAY_MODLE, SIM_NUM) values(22601, 'B0000802', '中国移动', 1, '预付费', 13100002600);
insert into T_TERMINALINFO (TERMINAL_ID,TTYPE_ID,SIM_ID,TERMINAL_CODE,ORG_CODE,IS_VIDEO_TERMINAL,SP_SERVER_NAME,PROTOCOL_TYPE,CHANNELS,YT_PROTOCOL_TYPE) values(220601, 4, 22601, '1002600', 'B0000802',1,'1076测试服务器','4',8,'0');
insert into V_VEHICLEINFO (ORG_CODE,VEHICLE_ID,ID_NUMBER,TYPE_ID,TERMINAL_ID,DELETE_FLAG,COLOR_ID_NUMBER_ID,AUTHORIZED_PAY_MASS) values ('B0000802','2200601', '测B02600', 4, 220601, 0, '2',15);

insert into T_SIMINFO (SIM_ID, ORG_CODE, DEPTCODE, STATE,PAY_MODLE, SIM_NUM) values(22602, 'B0000802', '中国移动', 1, '预付费', 13100002601);
insert into T_TERMINALINFO (TERMINAL_ID,TTYPE_ID,SIM_ID,TERMINAL_CODE,ORG_CODE,IS_VIDEO_TERMINAL,SP_SERVER_NAME,PROTOCOL_TYPE,CHANNELS,YT_PROTOCOL_TYPE) values(220602, 4, 22602, '1002601', 'B0000802',1,'1076测试服务器','4',8,'0');
insert into V_VEHICLEINFO (ORG_CODE,VEHICLE_ID,ID_NUMBER,TYPE_ID,TERMINAL_ID,DELETE_FLAG,COLOR_ID_NUMBER_ID,AUTHORIZED_PAY_MASS) values ('B0000802','2200602', '测B02601', 4, 220602, 0, '2',15);

insert into T_SIMINFO (SIM_ID, ORG_CODE, DEPTCODE, STATE,PAY_MODLE, SIM_NUM) values(22603, 'B0000802', '中国移动', 1, '预付费', 13100002602);
insert into T_TERMINALINFO (TERMINAL_ID,TTYPE_ID,SIM_ID,TERMINAL_CODE,ORG_CODE,IS_VIDEO_TERMINAL,SP_SERVER_NAME,PROTOCOL_TYPE,CHANNELS,YT_PROTOCOL_TYPE) values(220603, 4, 22603, '1002602', 'B0000802',1,'1076测试服务器','4',8,'0');
insert into V_VEHICLEINFO (ORG_CODE,VEHICLE_ID,ID_NUMBER,TYPE_ID,TERMINAL_ID,DELETE_FLAG,COLOR_ID_NUMBER_ID,AUTHORIZED_PAY_MASS) values ('B0000802','2200603', '测B02602', 4, 220603, 0, '2',15);

insert into T_SIMINFO (SIM_ID, ORG_CODE, DEPTCODE, STATE,PAY_MODLE, SIM_NUM) values(22604, 'B0000802', '中国移动', 1, '预付费', 13100002603);
insert into T_TERMINALINFO (TERMINAL_ID,TTYPE_ID,SIM_ID,TERMINAL_CODE,ORG_CODE,IS_VIDEO_TERMINAL,SP_SERVER_NAME,PROTOCOL_TYPE,CHANNELS,YT_PROTOCOL_TYPE) values(220604, 4, 22604, '1002603', 'B0000802',1,'1076测试服务器','4',8,'0');
insert into V_VEHICLEINFO (ORG_CODE,VEHICLE_ID,ID_NUMBER,TYPE_ID,TERMINAL_ID,DELETE_FLAG,COLOR_ID_NUMBER_ID,AUTHORIZED_PAY_MASS) values ('B0000802','2200604', '测B02603', 4, 220604, 0, '2',15);

insert into T_SIMINFO (SIM_ID, ORG_CODE, DEPTCODE, STATE,PAY_MODLE, SIM_NUM) values(22605, 'B0000802', '中国移动', 1, '预付费', 13100002604);
insert into T_TERMINALINFO (TERMINAL_ID,TTYPE_ID,SIM_ID,TERMINAL_CODE,ORG_CODE,IS_VIDEO_TERMINAL,SP_SERVER_NAME,PROTOCOL_TYPE,CHANNELS,YT_PROTOCOL_TYPE) values(220605, 4, 22605, '1002604', 'B0000802',1,'1076测试服务器','4',8,'0');
insert into V_VEHICLEINFO (ORG_CODE,VEHICLE_ID,ID_NUMBER,TYPE_ID,TERMINAL_ID,DELETE_FLAG,COLOR_ID_NUMBER_ID,AUTHORIZED_PAY_MASS) values ('B0000802','2200605', '测B02604', 4, 220605, 0, '2',15);

insert into T_SIMINFO (SIM_ID, ORG_CODE, DEPTCODE, STATE,PAY_MODLE, SIM_NUM) values(22606, 'B0000802', '中国移动', 1, '预付费', 13100002605);
insert into T_TERMINALINFO (TERMINAL_ID,TTYPE_ID,SIM_ID,TERMINAL_CODE,ORG_CODE,IS_VIDEO_TERMINAL,SP_SERVER_NAME,PROTOCOL_TYPE,CHANNELS,YT_PROTOCOL_TYPE) values(220606, 4, 22606, '1002605', 'B0000802',1,'1076测试服务器','4',8,'0');
insert into V_VEHICLEINFO (ORG_CODE,VEHICLE_ID,ID_NUMBER,TYPE_ID,TERMINAL_ID,DELETE_FLAG,COLOR_ID_NUMBER_ID,AUTHORIZED_PAY_MASS) values ('B0000802','2200606', '测B02605', 4, 220606, 0, '2',15);

insert into T_SIMINFO (SIM_ID, ORG_CODE, DEPTCODE, STATE,PAY_MODLE, SIM_NUM) values(22607, 'B0000802', '中国移动', 1, '预付费', 13100002606);
insert into T_TERMINALINFO (TERMINAL_ID,TTYPE_ID,SIM_ID,TERMINAL_CODE,ORG_CODE,IS_VIDEO_TERMINAL,SP_SERVER_NAME,PROTOCOL_TYPE,CHANNELS,YT_PROTOCOL_TYPE) values(220607, 4, 22607, '1002606', 'B0000802',1,'1076测试服务器','4',8,'0');
insert into V_VEHICLEINFO (ORG_CODE,VEHICLE_ID,ID_NUMBER,TYPE_ID,TERMINAL_ID,DELETE_FLAG,COLOR_ID_NUMBER_ID,AUTHORIZED_PAY_MASS) values ('B0000802','2200607', '测B02606', 4, 220607, 0, '2',15);

insert into T_SIMINFO (SIM_ID, ORG_CODE, DEPTCODE, STATE,PAY_MODLE, SIM_NUM) values(22608, 'B0000802', '中国移动', 1, '预付费', 13100002607);
insert into T_TERMINALINFO (TERMINAL_ID,TTYPE_ID,SIM_ID,TERMINAL_CODE,ORG_CODE,IS_VIDEO_TERMINAL,SP_SERVER_NAME,PROTOCOL_TYPE,CHANNELS,YT_PROTOCOL_TYPE) values(220608, 4, 22608, '1002607', 'B0000802',1,'1076测试服务器','4',8,'0');
insert into V_VEHICLEINFO (ORG_CODE,VEHICLE_ID,ID_NUMBER,TYPE_ID,TERMINAL_ID,DELETE_FLAG,COLOR_ID_NUMBER_ID,AUTHORIZED_PAY_MASS) values ('B0000802','2200608', '测B02607', 4, 220608, 0, '2',15);

insert into T_SIMINFO (SIM_ID, ORG_CODE, DEPTCODE, STATE,PAY_MODLE, SIM_NUM) values(22609, 'B0000802', '中国移动', 1, '预付费', 13100002608);
insert into T_TERMINALINFO (TERMINAL_ID,TTYPE_ID,SIM_ID,TERMINAL_CODE,ORG_CODE,IS_VIDEO_TERMINAL,SP_SERVER_NAME,PROTOCOL_TYPE,CHANNELS,YT_PROTOCOL_TYPE) values(220609, 4, 22609, '1002608', 'B0000802',1,'1076测试服务器','4',8,'0');
insert into V_VEHICLEINFO (ORG_CODE,VEHICLE_ID,ID_NUMBER,TYPE_ID,TERMINAL_ID,DELETE_FLAG,COLOR_ID_NUMBER_ID,AUTHORIZED_PAY_MASS) values ('B0000802','2200609', '测B02608', 4, 220609, 0, '2',15);

insert into T_SIMINFO (SIM_ID, ORG_CODE, DEPTCODE, STATE,PAY_MODLE, SIM_NUM) values(22610, 'B0000802', '中国移动', 1, '预付费', 13100002609);
insert into T_TERMINALINFO (TERMINAL_ID,TTYPE_ID,SIM_ID,TERMINAL_CODE,ORG_CODE,IS_VIDEO_TERMINAL,SP_SERVER_NAME,PROTOCOL_TYPE,CHANNELS,YT_PROTOCOL_TYPE) values(220610, 4, 22610, '1002609', 'B0000802',1,'1076测试服务器','4',8,'0');
insert into V_VEHICLEINFO (ORG_CODE,VEHICLE_ID,ID_NUMBER,TYPE_ID,TERMINAL_ID,DELETE_FLAG,COLOR_ID_NUMBER_ID,AUTHORIZED_PAY_MASS) values ('B0000802','2200610', '测B02609', 4, 220610, 0, '2',15);

insert into T_SIMINFO (SIM_ID, ORG_CODE, DEPTCODE, STATE,PAY_MODLE, SIM_NUM) values(22611, 'B0000802', '中国移动', 1, '预付费', 13100002610);
insert into T_TERMINALINFO (TERMINAL_ID,TTYPE_ID,SIM_ID,TERMINAL_CODE,ORG_CODE,IS_VIDEO_TERMINAL,SP_SERVER_NAME,PROTOCOL_TYPE,CHANNELS,YT_PROTOCOL_TYPE) values(220611, 4, 22611, '1002610', 'B0000802',1,'1076测试服务器','4',8,'0');
insert into V_VEHICLEINFO (ORG_CODE,VEHICLE_ID,ID_NUMBER,TYPE_ID,TERMINAL_ID,DELETE_FLAG,COLOR_ID_NUMBER_ID,AUTHORIZED_PAY_MASS) values ('B0000802','2200611', '测B02610', 4, 220611, 0, '2',15);

insert into T_SIMINFO (SIM_ID, ORG_CODE, DEPTCODE, STATE,PAY_MODLE, SIM_NUM) values(22612, 'B0000802', '中国移动', 1, '预付费', 13100002611);
insert into T_TERMINALINFO (TERMINAL_ID,TTYPE_ID,SIM_ID,TERMINAL_CODE,ORG_CODE,IS_VIDEO_TERMINAL,SP_SERVER_NAME,PROTOCOL_TYPE,CHANNELS,YT_PROTOCOL_TYPE) values(220612, 4, 22612, '1002611', 'B0000802',1,'1076测试服务器','4',8,'0');
insert into V_VEHICLEINFO (ORG_CODE,VEHICLE_ID,ID_NUMBER,TYPE_ID,TERMINAL_ID,DELETE_FLAG,COLOR_ID_NUMBER_ID,AUTHORIZED_PAY_MASS) values ('B0000802','2200612', '测B02611', 4, 220612, 0, '2',15);

insert into T_SIMINFO (SIM_ID, ORG_CODE, DEPTCODE, STATE,PAY_MODLE, SIM_NUM) values(22613, 'B0000802', '中国移动', 1, '预付费', 13100002612);
insert into T_TERMINALINFO (TERMINAL_ID,TTYPE_ID,SIM_ID,TERMINAL_CODE,ORG_CODE,IS_VIDEO_TERMINAL,SP_SERVER_NAME,PROTOCOL_TYPE,CHANNELS,YT_PROTOCOL_TYPE) values(220613, 4, 22613, '1002612', 'B0000802',1,'1076测试服务器','4',8,'0');
insert into V_VEHICLEINFO (ORG_CODE,VEHICLE_ID,ID_NUMBER,TYPE_ID,TERMINAL_ID,DELETE_FLAG,COLOR_ID_NUMBER_ID,AUTHORIZED_PAY_MASS) values ('B0000802','2200613', '测B02612', 4, 220613, 0, '2',15);

insert into T_SIMINFO (SIM_ID, ORG_CODE, DEPTCODE, STATE,PAY_MODLE, SIM_NUM) values(22614, 'B0000802', '中国移动', 1, '预付费', 13100002613);
insert into T_TERMINALINFO (TERMINAL_ID,TTYPE_ID,SIM_ID,TERMINAL_CODE,ORG_CODE,IS_VIDEO_TERMINAL,SP_SERVER_NAME,PROTOCOL_TYPE,CHANNELS,YT_PROTOCOL_TYPE) values(220614, 4, 22614, '1002613', 'B0000802',1,'1076测试服务器','4',8,'0');
insert into V_VEHICLEINFO (ORG_CODE,VEHICLE_ID,ID_NUMBER,TYPE_ID,TERMINAL_ID,DELETE_FLAG,COLOR_ID_NUMBER_ID,AUTHORIZED_PAY_MASS) values ('B0000802','2200614', '测B02613', 4, 220614, 0, '2',15);

insert into T_SIMINFO (SIM_ID, ORG_CODE, DEPTCODE, STATE,PAY_MODLE, SIM_NUM) values(22615, 'B0000802', '中国移动', 1, '预付费', 13100002614);
insert into T_TERMINALINFO (TERMINAL_ID,TTYPE_ID,SIM_ID,TERMINAL_CODE,ORG_CODE,IS_VIDEO_TERMINAL,SP_SERVER_NAME,PROTOCOL_TYPE,CHANNELS,YT_PROTOCOL_TYPE) values(220615, 4, 22615, '1002614', 'B0000802',1,'1076测试服务器','4',8,'0');
insert into V_VEHICLEINFO (ORG_CODE,VEHICLE_ID,ID_NUMBER,TYPE_ID,TERMINAL_ID,DELETE_FLAG,COLOR_ID_NUMBER_ID,AUTHORIZED_PAY_MASS) values ('B0000802','2200615', '测B02614', 4, 220615, 0, '2',15);

insert into T_SIMINFO (SIM_ID, ORG_CODE, DEPTCODE, STATE,PAY_MODLE, SIM_NUM) values(22616, 'B0000802', '中国移动', 1, '预付费', 13100002615);
insert into T_TERMINALINFO (TERMINAL_ID,TTYPE_ID,SIM_ID,TERMINAL_CODE,ORG_CODE,IS_VIDEO_TERMINAL,SP_SERVER_NAME,PROTOCOL_TYPE,CHANNELS,YT_PROTOCOL_TYPE) values(220616, 4, 22616, '1002615', 'B0000802',1,'1076测试服务器','4',8,'0');
insert into V_VEHICLEINFO (ORG_CODE,VEHICLE_ID,ID_NUMBER,TYPE_ID,TERMINAL_ID,DELETE_FLAG,COLOR_ID_NUMBER_ID,AUTHORIZED_PAY_MASS) values ('B0000802','2200616', '测B02615', 4, 220616, 0, '2',15);

insert into T_SIMINFO (SIM_ID, ORG_CODE, DEPTCODE, STATE,PAY_MODLE, SIM_NUM) values(22617, 'B0000802', '中国移动', 1, '预付费', 13100002616);
insert into T_TERMINALINFO (TERMINAL_ID,TTYPE_ID,SIM_ID,TERMINAL_CODE,ORG_CODE,IS_VIDEO_TERMINAL,SP_SERVER_NAME,PROTOCOL_TYPE,CHANNELS,YT_PROTOCOL_TYPE) values(220617, 4, 22617, '1002616', 'B0000802',1,'1076测试服务器','4',8,'0');
insert into V_VEHICLEINFO (ORG_CODE,VEHICLE_ID,ID_NUMBER,TYPE_ID,TERMINAL_ID,DELETE_FLAG,COLOR_ID_NUMBER_ID,AUTHORIZED_PAY_MASS) values ('B0000802','2200617', '测B02616', 4, 220617, 0, '2',15);

insert into T_SIMINFO (SIM_ID, ORG_CODE, DEPTCODE, STATE,PAY_MODLE, SIM_NUM) values(22618, 'B0000802', '中国移动', 1, '预付费', 13100002617);
insert into T_TERMINALINFO (TERMINAL_ID,TTYPE_ID,SIM_ID,TERMINAL_CODE,ORG_CODE,IS_VIDEO_TERMINAL,SP_SERVER_NAME,PROTOCOL_TYPE,CHANNELS,YT_PROTOCOL_TYPE) values(220618, 4, 22618, '1002617', 'B0000802',1,'1076测试服务器','4',8,'0');
insert into V_VEHICLEINFO (ORG_CODE,VEHICLE_ID,ID_NUMBER,TYPE_ID,TERMINAL_ID,DELETE_FLAG,COLOR_ID_NUMBER_ID,AUTHORIZED_PAY_MASS) values ('B0000802','2200618', '测B02617', 4, 220618, 0, '2',15);

insert into T_SIMINFO (SIM_ID, ORG_CODE, DEPTCODE, STATE,PAY_MODLE, SIM_NUM) values(22619, 'B0000802', '中国移动', 1, '预付费', 13100002618);
insert into T_TERMINALINFO (TERMINAL_ID,TTYPE_ID,SIM_ID,TERMINAL_CODE,ORG_CODE,IS_VIDEO_TERMINAL,SP_SERVER_NAME,PROTOCOL_TYPE,CHANNELS,YT_PROTOCOL_TYPE) values(220619, 4, 22619, '1002618', 'B0000802',1,'1076测试服务器','4',8,'0');
insert into V_VEHICLEINFO (ORG_CODE,VEHICLE_ID,ID_NUMBER,TYPE_ID,TERMINAL_ID,DELETE_FLAG,COLOR_ID_NUMBER_ID,AUTHORIZED_PAY_MASS) values ('B0000802','2200619', '测B02618', 4, 220619, 0, '2',15);

insert into T_SIMINFO (SIM_ID, ORG_CODE, DEPTCODE, STATE,PAY_MODLE, SIM_NUM) values(22620, 'B0000802', '中国移动', 1, '预付费', 13100002619);
insert into T_TERMINALINFO (TERMINAL_ID,TTYPE_ID,SIM_ID,TERMINAL_CODE,ORG_CODE,IS_VIDEO_TERMINAL,SP_SERVER_NAME,PROTOCOL_TYPE,CHANNELS,YT_PROTOCOL_TYPE) values(220620, 4, 22620, '1002619', 'B0000802',1,'1076测试服务器','4',8,'0');
insert into V_VEHICLEINFO (ORG_CODE,VEHICLE_ID,ID_NUMBER,TYPE_ID,TERMINAL_ID,DELETE_FLAG,COLOR_ID_NUMBER_ID,AUTHORIZED_PAY_MASS) values ('B0000802','2200620', '测B02619', 4, 220620, 0, '2',15);

insert into T_SIMINFO (SIM_ID, ORG_CODE, DEPTCODE, STATE,PAY_MODLE, SIM_NUM) values(22621, 'B0000802', '中国移动', 1, '预付费', 13100002620);
insert into T_TERMINALINFO (TERMINAL_ID,TTYPE_ID,SIM_ID,TERMINAL_CODE,ORG_CODE,IS_VIDEO_TERMINAL,SP_SERVER_NAME,PROTOCOL_TYPE,CHANNELS,YT_PROTOCOL_TYPE) values(220621, 4, 22621, '1002620', 'B0000802',1,'1076测试服务器','4',8,'0');
insert into V_VEHICLEINFO (ORG_CODE,VEHICLE_ID,ID_NUMBER,TYPE_ID,TERMINAL_ID,DELETE_FLAG,COLOR_ID_NUMBER_ID,AUTHORIZED_PAY_MASS) values ('B0000802','2200621', '测B02620', 4, 220621, 0, '2',15);

insert into T_SIMINFO (SIM_ID, ORG_CODE, DEPTCODE, STATE,PAY_MODLE, SIM_NUM) values(22622, 'B0000802', '中国移动', 1, '预付费', 13100002621);
insert into T_TERMINALINFO (TERMINAL_ID,TTYPE_ID,SIM_ID,TERMINAL_CODE,ORG_CODE,IS_VIDEO_TERMINAL,SP_SERVER_NAME,PROTOCOL_TYPE,CHANNELS,YT_PROTOCOL_TYPE) values(220622, 4, 22622, '1002621', 'B0000802',1,'1076测试服务器','4',8,'0');
insert into V_VEHICLEINFO (ORG_CODE,VEHICLE_ID,ID_NUMBER,TYPE_ID,TERMINAL_ID,DELETE_FLAG,COLOR_ID_NUMBER_ID,AUTHORIZED_PAY_MASS) values ('B0000802','2200622', '测B02621', 4, 220622, 0, '2',15);

insert into T_SIMINFO (SIM_ID, ORG_CODE, DEPTCODE, STATE,PAY_MODLE, SIM_NUM) values(22623, 'B0000802', '中国移动', 1, '预付费', 13100002622);
insert into T_TERMINALINFO (TERMINAL_ID,TTYPE_ID,SIM_ID,TERMINAL_CODE,ORG_CODE,IS_VIDEO_TERMINAL,SP_SERVER_NAME,PROTOCOL_TYPE,CHANNELS,YT_PROTOCOL_TYPE) values(220623, 4, 22623, '1002622', 'B0000802',1,'1076测试服务器','4',8,'0');
insert into V_VEHICLEINFO (ORG_CODE,VEHICLE_ID,ID_NUMBER,TYPE_ID,TERMINAL_ID,DELETE_FLAG,COLOR_ID_NUMBER_ID,AUTHORIZED_PAY_MASS) values ('B0000802','2200623', '测B02622', 4, 220623, 0, '2',15);

insert into T_SIMINFO (SIM_ID, ORG_CODE, DEPTCODE, STATE,PAY_MODLE, SIM_NUM) values(22624, 'B0000802', '中国移动', 1, '预付费', 13100002623);
insert into T_TERMINALINFO (TERMINAL_ID,TTYPE_ID,SIM_ID,TERMINAL_CODE,ORG_CODE,IS_VIDEO_TERMINAL,SP_SERVER_NAME,PROTOCOL_TYPE,CHANNELS,YT_PROTOCOL_TYPE) values(220624, 4, 22624, '1002623', 'B0000802',1,'1076测试服务器','4',8,'0');
insert into V_VEHICLEINFO (ORG_CODE,VEHICLE_ID,ID_NUMBER,TYPE_ID,TERMINAL_ID,DELETE_FLAG,COLOR_ID_NUMBER_ID,AUTHORIZED_PAY_MASS) values ('B0000802','2200624', '测B02623', 4, 220624, 0, '2',15);

insert into T_SIMINFO (SIM_ID, ORG_CODE, DEPTCODE, STATE,PAY_MODLE, SIM_NUM) values(22625, 'B0000802', '中国移动', 1, '预付费', 13100002624);
insert into T_TERMINALINFO (TERMINAL_ID,TTYPE_ID,SIM_ID,TERMINAL_CODE,ORG_CODE,IS_VIDEO_TERMINAL,SP_SERVER_NAME,PROTOCOL_TYPE,CHANNELS,YT_PROTOCOL_TYPE) values(220625, 4, 22625, '1002624', 'B0000802',1,'1076测试服务器','4',8,'0');
insert into V_VEHICLEINFO (ORG_CODE,VEHICLE_ID,ID_NUMBER,TYPE_ID,TERMINAL_ID,DELETE_FLAG,COLOR_ID_NUMBER_ID,AUTHORIZED_PAY_MASS) values ('B0000802','2200625', '测B02624', 4, 220625, 0, '2',15);

insert into T_SIMINFO (SIM_ID, ORG_CODE, DEPTCODE, STATE,PAY_MODLE, SIM_NUM) values(22626, 'B0000802', '中国移动', 1, '预付费', 13100002625);
insert into T_TERMINALINFO (TERMINAL_ID,TTYPE_ID,SIM_ID,TERMINAL_CODE,ORG_CODE,IS_VIDEO_TERMINAL,SP_SERVER_NAME,PROTOCOL_TYPE,CHANNELS,YT_PROTOCOL_TYPE) values(220626, 4, 22626, '1002625', 'B0000802',1,'1076测试服务器','4',8,'0');
insert into V_VEHICLEINFO (ORG_CODE,VEHICLE_ID,ID_NUMBER,TYPE_ID,TERMINAL_ID,DELETE_FLAG,COLOR_ID_NUMBER_ID,AUTHORIZED_PAY_MASS) values ('B0000802','2200626', '测B02625', 4, 220626, 0, '2',15);

insert into T_SIMINFO (SIM_ID, ORG_CODE, DEPTCODE, STATE,PAY_MODLE, SIM_NUM) values(22627, 'B0000802', '中国移动', 1, '预付费', 13100002626);
insert into T_TERMINALINFO (TERMINAL_ID,TTYPE_ID,SIM_ID,TERMINAL_CODE,ORG_CODE,IS_VIDEO_TERMINAL,SP_SERVER_NAME,PROTOCOL_TYPE,CHANNELS,YT_PROTOCOL_TYPE) values(220627, 4, 22627, '1002626', 'B0000802',1,'1076测试服务器','4',8,'0');
insert into V_VEHICLEINFO (ORG_CODE,VEHICLE_ID,ID_NUMBER,TYPE_ID,TERMINAL_ID,DELETE_FLAG,COLOR_ID_NUMBER_ID,AUTHORIZED_PAY_MASS) values ('B0000802','2200627', '测B02626', 4, 220627, 0, '2',15);

insert into T_SIMINFO (SIM_ID, ORG_CODE, DEPTCODE, STATE,PAY_MODLE, SIM_NUM) values(22628, 'B0000802', '中国移动', 1, '预付费', 13100002627);
insert into T_TERMINALINFO (TERMINAL_ID,TTYPE_ID,SIM_ID,TERMINAL_CODE,ORG_CODE,IS_VIDEO_TERMINAL,SP_SERVER_NAME,PROTOCOL_TYPE,CHANNELS,YT_PROTOCOL_TYPE) values(220628, 4, 22628, '1002627', 'B0000802',1,'1076测试服务器','4',8,'0');
insert into V_VEHICLEINFO (ORG_CODE,VEHICLE_ID,ID_NUMBER,TYPE_ID,TERMINAL_ID,DELETE_FLAG,COLOR_ID_NUMBER_ID,AUTHORIZED_PAY_MASS) values ('B0000802','2200628', '测B02627', 4, 220628, 0, '2',15);

insert into T_SIMINFO (SIM_ID, ORG_CODE, DEPTCODE, STATE,PAY_MODLE, SIM_NUM) values(22629, 'B0000802', '中国移动', 1, '预付费', 13100002628);
insert into T_TERMINALINFO (TERMINAL_ID,TTYPE_ID,SIM_ID,TERMINAL_CODE,ORG_CODE,IS_VIDEO_TERMINAL,SP_SERVER_NAME,PROTOCOL_TYPE,CHANNELS,YT_PROTOCOL_TYPE) values(220629, 4, 22629, '1002628', 'B0000802',1,'1076测试服务器','4',8,'0');
insert into V_VEHICLEINFO (ORG_CODE,VEHICLE_ID,ID_NUMBER,TYPE_ID,TERMINAL_ID,DELETE_FLAG,COLOR_ID_NUMBER_ID,AUTHORIZED_PAY_MASS) values ('B0000802','2200629', '测B02628', 4, 220629, 0, '2',15);

insert into T_SIMINFO (SIM_ID, ORG_CODE, DEPTCODE, STATE,PAY_MODLE, SIM_NUM) values(22630, 'B0000802', '中国移动', 1, '预付费', 13100002629);
insert into T_TERMINALINFO (TERMINAL_ID,TTYPE_ID,SIM_ID,TERMINAL_CODE,ORG_CODE,IS_VIDEO_TERMINAL,SP_SERVER_NAME,PROTOCOL_TYPE,CHANNELS,YT_PROTOCOL_TYPE) values(220630, 4, 22630, '1002629', 'B0000802',1,'1076测试服务器','4',8,'0');
insert into V_VEHICLEINFO (ORG_CODE,VEHICLE_ID,ID_NUMBER,TYPE_ID,TERMINAL_ID,DELETE_FLAG,COLOR_ID_NUMBER_ID,AUTHORIZED_PAY_MASS) values ('B0000802','2200630', '测B02629', 4, 220630, 0, '2',15);

insert into T_SIMINFO (SIM_ID, ORG_CODE, DEPTCODE, STATE,PAY_MODLE, SIM_NUM) values(22631, 'B0000802', '中国移动', 1, '预付费', 13100002630);
insert into T_TERMINALINFO (TERMINAL_ID,TTYPE_ID,SIM_ID,TERMINAL_CODE,ORG_CODE,IS_VIDEO_TERMINAL,SP_SERVER_NAME,PROTOCOL_TYPE,CHANNELS,YT_PROTOCOL_TYPE) values(220631, 4, 22631, '1002630', 'B0000802',1,'1076测试服务器','4',8,'0');
insert into V_VEHICLEINFO (ORG_CODE,VEHICLE_ID,ID_NUMBER,TYPE_ID,TERMINAL_ID,DELETE_FLAG,COLOR_ID_NUMBER_ID,AUTHORIZED_PAY_MASS) values ('B0000802','2200631', '测B02630', 4, 220631, 0, '2',15);

insert into T_SIMINFO (SIM_ID, ORG_CODE, DEPTCODE, STATE,PAY_MODLE, SIM_NUM) values(22632, 'B0000802', '中国移动', 1, '预付费', 13100002631);
insert into T_TERMINALINFO (TERMINAL_ID,TTYPE_ID,SIM_ID,TERMINAL_CODE,ORG_CODE,IS_VIDEO_TERMINAL,SP_SERVER_NAME,PROTOCOL_TYPE,CHANNELS,YT_PROTOCOL_TYPE) values(220632, 4, 22632, '1002631', 'B0000802',1,'1076测试服务器','4',8,'0');
insert into V_VEHICLEINFO (ORG_CODE,VEHICLE_ID,ID_NUMBER,TYPE_ID,TERMINAL_ID,DELETE_FLAG,COLOR_ID_NUMBER_ID,AUTHORIZED_PAY_MASS) values ('B0000802','2200632', '测B02631', 4, 220632, 0, '2',15);

insert into T_SIMINFO (SIM_ID, ORG_CODE, DEPTCODE, STATE,PAY_MODLE, SIM_NUM) values(22633, 'B0000802', '中国移动', 1, '预付费', 13100002632);
insert into T_TERMINALINFO (TERMINAL_ID,TTYPE_ID,SIM_ID,TERMINAL_CODE,ORG_CODE,IS_VIDEO_TERMINAL,SP_SERVER_NAME,PROTOCOL_TYPE,CHANNELS,YT_PROTOCOL_TYPE) values(220633, 4, 22633, '1002632', 'B0000802',1,'1076测试服务器','4',8,'0');
insert into V_VEHICLEINFO (ORG_CODE,VEHICLE_ID,ID_NUMBER,TYPE_ID,TERMINAL_ID,DELETE_FLAG,COLOR_ID_NUMBER_ID,AUTHORIZED_PAY_MASS) values ('B0000802','2200633', '测B02632', 4, 220633, 0, '2',15);

insert into T_SIMINFO (SIM_ID, ORG_CODE, DEPTCODE, STATE,PAY_MODLE, SIM_NUM) values(22634, 'B0000802', '中国移动', 1, '预付费', 13100002633);
insert into T_TERMINALINFO (TERMINAL_ID,TTYPE_ID,SIM_ID,TERMINAL_CODE,ORG_CODE,IS_VIDEO_TERMINAL,SP_SERVER_NAME,PROTOCOL_TYPE,CHANNELS,YT_PROTOCOL_TYPE) values(220634, 4, 22634, '1002633', 'B0000802',1,'1076测试服务器','4',8,'0');
insert into V_VEHICLEINFO (ORG_CODE,VEHICLE_ID,ID_NUMBER,TYPE_ID,TERMINAL_ID,DELETE_FLAG,COLOR_ID_NUMBER_ID,AUTHORIZED_PAY_MASS) values ('B0000802','2200634', '测B02633', 4, 220634, 0, '2',15);

insert into T_SIMINFO (SIM_ID, ORG_CODE, DEPTCODE, STATE,PAY_MODLE, SIM_NUM) values(22635, 'B0000802', '中国移动', 1, '预付费', 13100002634);
insert into T_TERMINALINFO (TERMINAL_ID,TTYPE_ID,SIM_ID,TERMINAL_CODE,ORG_CODE,IS_VIDEO_TERMINAL,SP_SERVER_NAME,PROTOCOL_TYPE,CHANNELS,YT_PROTOCOL_TYPE) values(220635, 4, 22635, '1002634', 'B0000802',1,'1076测试服务器','4',8,'0');
insert into V_VEHICLEINFO (ORG_CODE,VEHICLE_ID,ID_NUMBER,TYPE_ID,TERMINAL_ID,DELETE_FLAG,COLOR_ID_NUMBER_ID,AUTHORIZED_PAY_MASS) values ('B0000802','2200635', '测B02634', 4, 220635, 0, '2',15);

insert into T_SIMINFO (SIM_ID, ORG_CODE, DEPTCODE, STATE,PAY_MODLE, SIM_NUM) values(22636, 'B0000802', '中国移动', 1, '预付费', 13100002635);
insert into T_TERMINALINFO (TERMINAL_ID,TTYPE_ID,SIM_ID,TERMINAL_CODE,ORG_CODE,IS_VIDEO_TERMINAL,SP_SERVER_NAME,PROTOCOL_TYPE,CHANNELS,YT_PROTOCOL_TYPE) values(220636, 4, 22636, '1002635', 'B0000802',1,'1076测试服务器','4',8,'0');
insert into V_VEHICLEINFO (ORG_CODE,VEHICLE_ID,ID_NUMBER,TYPE_ID,TERMINAL_ID,DELETE_FLAG,COLOR_ID_NUMBER_ID,AUTHORIZED_PAY_MASS) values ('B0000802','2200636', '测B02635', 4, 220636, 0, '2',15);

insert into T_SIMINFO (SIM_ID, ORG_CODE, DEPTCODE, STATE,PAY_MODLE, SIM_NUM) values(22637, 'B0000802', '中国移动', 1, '预付费', 13100002636);
insert into T_TERMINALINFO (TERMINAL_ID,TTYPE_ID,SIM_ID,TERMINAL_CODE,ORG_CODE,IS_VIDEO_TERMINAL,SP_SERVER_NAME,PROTOCOL_TYPE,CHANNELS,YT_PROTOCOL_TYPE) values(220637, 4, 22637, '1002636', 'B0000802',1,'1076测试服务器','4',8,'0');
insert into V_VEHICLEINFO (ORG_CODE,VEHICLE_ID,ID_NUMBER,TYPE_ID,TERMINAL_ID,DELETE_FLAG,COLOR_ID_NUMBER_ID,AUTHORIZED_PAY_MASS) values ('B0000802','2200637', '测B02636', 4, 220637, 0, '2',15);

insert into T_SIMINFO (SIM_ID, ORG_CODE, DEPTCODE, STATE,PAY_MODLE, SIM_NUM) values(22638, 'B0000802', '中国移动', 1, '预付费', 13100002637);
insert into T_TERMINALINFO (TERMINAL_ID,TTYPE_ID,SIM_ID,TERMINAL_CODE,ORG_CODE,IS_VIDEO_TERMINAL,SP_SERVER_NAME,PROTOCOL_TYPE,CHANNELS,YT_PROTOCOL_TYPE) values(220638, 4, 22638, '1002637', 'B0000802',1,'1076测试服务器','4',8,'0');
insert into V_VEHICLEINFO (ORG_CODE,VEHICLE_ID,ID_NUMBER,TYPE_ID,TERMINAL_ID,DELETE_FLAG,COLOR_ID_NUMBER_ID,AUTHORIZED_PAY_MASS) values ('B0000802','2200638', '测B02637', 4, 220638, 0, '2',15);

insert into T_SIMINFO (SIM_ID, ORG_CODE, DEPTCODE, STATE,PAY_MODLE, SIM_NUM) values(22639, 'B0000802', '中国移动', 1, '预付费', 13100002638);
insert into T_TERMINALINFO (TERMINAL_ID,TTYPE_ID,SIM_ID,TERMINAL_CODE,ORG_CODE,IS_VIDEO_TERMINAL,SP_SERVER_NAME,PROTOCOL_TYPE,CHANNELS,YT_PROTOCOL_TYPE) values(220639, 4, 22639, '1002638', 'B0000802',1,'1076测试服务器','4',8,'0');
insert into V_VEHICLEINFO (ORG_CODE,VEHICLE_ID,ID_NUMBER,TYPE_ID,TERMINAL_ID,DELETE_FLAG,COLOR_ID_NUMBER_ID,AUTHORIZED_PAY_MASS) values ('B0000802','2200639', '测B02638', 4, 220639, 0, '2',15);

insert into T_SIMINFO (SIM_ID, ORG_CODE, DEPTCODE, STATE,PAY_MODLE, SIM_NUM) values(22640, 'B0000802', '中国移动', 1, '预付费', 13100002639);
insert into T_TERMINALINFO (TERMINAL_ID,TTYPE_ID,SIM_ID,TERMINAL_CODE,ORG_CODE,IS_VIDEO_TERMINAL,SP_SERVER_NAME,PROTOCOL_TYPE,CHANNELS,YT_PROTOCOL_TYPE) values(220640, 4, 22640, '1002639', 'B0000802',1,'1076测试服务器','4',8,'0');
insert into V_VEHICLEINFO (ORG_CODE,VEHICLE_ID,ID_NUMBER,TYPE_ID,TERMINAL_ID,DELETE_FLAG,COLOR_ID_NUMBER_ID,AUTHORIZED_PAY_MASS) values ('B0000802','2200640', '测B02639', 4, 220640, 0, '2',15);

insert into T_SIMINFO (SIM_ID, ORG_CODE, DEPTCODE, STATE,PAY_MODLE, SIM_NUM) values(22641, 'B0000802', '中国移动', 1, '预付费', 13100002640);
insert into T_TERMINALINFO (TERMINAL_ID,TTYPE_ID,SIM_ID,TERMINAL_CODE,ORG_CODE,IS_VIDEO_TERMINAL,SP_SERVER_NAME,PROTOCOL_TYPE,CHANNELS,YT_PROTOCOL_TYPE) values(220641, 4, 22641, '1002640', 'B0000802',1,'1076测试服务器','4',8,'0');
insert into V_VEHICLEINFO (ORG_CODE,VEHICLE_ID,ID_NUMBER,TYPE_ID,TERMINAL_ID,DELETE_FLAG,COLOR_ID_NUMBER_ID,AUTHORIZED_PAY_MASS) values ('B0000802','2200641', '测B02640', 4, 220641, 0, '2',15);

insert into T_SIMINFO (SIM_ID, ORG_CODE, DEPTCODE, STATE,PAY_MODLE, SIM_NUM) values(22642, 'B0000802', '中国移动', 1, '预付费', 13100002641);
insert into T_TERMINALINFO (TERMINAL_ID,TTYPE_ID,SIM_ID,TERMINAL_CODE,ORG_CODE,IS_VIDEO_TERMINAL,SP_SERVER_NAME,PROTOCOL_TYPE,CHANNELS,YT_PROTOCOL_TYPE) values(220642, 4, 22642, '1002641', 'B0000802',1,'1076测试服务器','4',8,'0');
insert into V_VEHICLEINFO (ORG_CODE,VEHICLE_ID,ID_NUMBER,TYPE_ID,TERMINAL_ID,DELETE_FLAG,COLOR_ID_NUMBER_ID,AUTHORIZED_PAY_MASS) values ('B0000802','2200642', '测B02641', 4, 220642, 0, '2',15);

insert into T_SIMINFO (SIM_ID, ORG_CODE, DEPTCODE, STATE,PAY_MODLE, SIM_NUM) values(22643, 'B0000802', '中国移动', 1, '预付费', 13100002642);
insert into T_TERMINALINFO (TERMINAL_ID,TTYPE_ID,SIM_ID,TERMINAL_CODE,ORG_CODE,IS_VIDEO_TERMINAL,SP_SERVER_NAME,PROTOCOL_TYPE,CHANNELS,YT_PROTOCOL_TYPE) values(220643, 4, 22643, '1002642', 'B0000802',1,'1076测试服务器','4',8,'0');
insert into V_VEHICLEINFO (ORG_CODE,VEHICLE_ID,ID_NUMBER,TYPE_ID,TERMINAL_ID,DELETE_FLAG,COLOR_ID_NUMBER_ID,AUTHORIZED_PAY_MASS) values ('B0000802','2200643', '测B02642', 4, 220643, 0, '2',15);

insert into T_SIMINFO (SIM_ID, ORG_CODE, DEPTCODE, STATE,PAY_MODLE, SIM_NUM) values(22644, 'B0000802', '中国移动', 1, '预付费', 13100002643);
insert into T_TERMINALINFO (TERMINAL_ID,TTYPE_ID,SIM_ID,TERMINAL_CODE,ORG_CODE,IS_VIDEO_TERMINAL,SP_SERVER_NAME,PROTOCOL_TYPE,CHANNELS,YT_PROTOCOL_TYPE) values(220644, 4, 22644, '1002643', 'B0000802',1,'1076测试服务器','4',8,'0');
insert into V_VEHICLEINFO (ORG_CODE,VEHICLE_ID,ID_NUMBER,TYPE_ID,TERMINAL_ID,DELETE_FLAG,COLOR_ID_NUMBER_ID,AUTHORIZED_PAY_MASS) values ('B0000802','2200644', '测B02643', 4, 220644, 0, '2',15);

insert into T_SIMINFO (SIM_ID, ORG_CODE, DEPTCODE, STATE,PAY_MODLE, SIM_NUM) values(22645, 'B0000802', '中国移动', 1, '预付费', 13100002644);
insert into T_TERMINALINFO (TERMINAL_ID,TTYPE_ID,SIM_ID,TERMINAL_CODE,ORG_CODE,IS_VIDEO_TERMINAL,SP_SERVER_NAME,PROTOCOL_TYPE,CHANNELS,YT_PROTOCOL_TYPE) values(220645, 4, 22645, '1002644', 'B0000802',1,'1076测试服务器','4',8,'0');
insert into V_VEHICLEINFO (ORG_CODE,VEHICLE_ID,ID_NUMBER,TYPE_ID,TERMINAL_ID,DELETE_FLAG,COLOR_ID_NUMBER_ID,AUTHORIZED_PAY_MASS) values ('B0000802','2200645', '测B02644', 4, 220645, 0, '2',15);

insert into T_SIMINFO (SIM_ID, ORG_CODE, DEPTCODE, STATE,PAY_MODLE, SIM_NUM) values(22646, 'B0000802', '中国移动', 1, '预付费', 13100002645);
insert into T_TERMINALINFO (TERMINAL_ID,TTYPE_ID,SIM_ID,TERMINAL_CODE,ORG_CODE,IS_VIDEO_TERMINAL,SP_SERVER_NAME,PROTOCOL_TYPE,CHANNELS,YT_PROTOCOL_TYPE) values(220646, 4, 22646, '1002645', 'B0000802',1,'1076测试服务器','4',8,'0');
insert into V_VEHICLEINFO (ORG_CODE,VEHICLE_ID,ID_NUMBER,TYPE_ID,TERMINAL_ID,DELETE_FLAG,COLOR_ID_NUMBER_ID,AUTHORIZED_PAY_MASS) values ('B0000802','2200646', '测B02645', 4, 220646, 0, '2',15);

insert into T_SIMINFO (SIM_ID, ORG_CODE, DEPTCODE, STATE,PAY_MODLE, SIM_NUM) values(22647, 'B0000802', '中国移动', 1, '预付费', 13100002646);
insert into T_TERMINALINFO (TERMINAL_ID,TTYPE_ID,SIM_ID,TERMINAL_CODE,ORG_CODE,IS_VIDEO_TERMINAL,SP_SERVER_NAME,PROTOCOL_TYPE,CHANNELS,YT_PROTOCOL_TYPE) values(220647, 4, 22647, '1002646', 'B0000802',1,'1076测试服务器','4',8,'0');
insert into V_VEHICLEINFO (ORG_CODE,VEHICLE_ID,ID_NUMBER,TYPE_ID,TERMINAL_ID,DELETE_FLAG,COLOR_ID_NUMBER_ID,AUTHORIZED_PAY_MASS) values ('B0000802','2200647', '测B02646', 4, 220647, 0, '2',15);

insert into T_SIMINFO (SIM_ID, ORG_CODE, DEPTCODE, STATE,PAY_MODLE, SIM_NUM) values(22648, 'B0000802', '中国移动', 1, '预付费', 13100002647);
insert into T_TERMINALINFO (TERMINAL_ID,TTYPE_ID,SIM_ID,TERMINAL_CODE,ORG_CODE,IS_VIDEO_TERMINAL,SP_SERVER_NAME,PROTOCOL_TYPE,CHANNELS,YT_PROTOCOL_TYPE) values(220648, 4, 22648, '1002647', 'B0000802',1,'1076测试服务器','4',8,'0');
insert into V_VEHICLEINFO (ORG_CODE,VEHICLE_ID,ID_NUMBER,TYPE_ID,TERMINAL_ID,DELETE_FLAG,COLOR_ID_NUMBER_ID,AUTHORIZED_PAY_MASS) values ('B0000802','2200648', '测B02647', 4, 220648, 0, '2',15);

insert into T_SIMINFO (SIM_ID, ORG_CODE, DEPTCODE, STATE,PAY_MODLE, SIM_NUM) values(22649, 'B0000802', '中国移动', 1, '预付费', 13100002648);
insert into T_TERMINALINFO (TERMINAL_ID,TTYPE_ID,SIM_ID,TERMINAL_CODE,ORG_CODE,IS_VIDEO_TERMINAL,SP_SERVER_NAME,PROTOCOL_TYPE,CHANNELS,YT_PROTOCOL_TYPE) values(220649, 4, 22649, '1002648', 'B0000802',1,'1076测试服务器','4',8,'0');
insert into V_VEHICLEINFO (ORG_CODE,VEHICLE_ID,ID_NUMBER,TYPE_ID,TERMINAL_ID,DELETE_FLAG,COLOR_ID_NUMBER_ID,AUTHORIZED_PAY_MASS) values ('B0000802','2200649', '测B02648', 4, 220649, 0, '2',15);

insert into T_SIMINFO (SIM_ID, ORG_CODE, DEPTCODE, STATE,PAY_MODLE, SIM_NUM) values(22650, 'B0000802', '中国移动', 1, '预付费', 13100002649);
insert into T_TERMINALINFO (TERMINAL_ID,TTYPE_ID,SIM_ID,TERMINAL_CODE,ORG_CODE,IS_VIDEO_TERMINAL,SP_SERVER_NAME,PROTOCOL_TYPE,CHANNELS,YT_PROTOCOL_TYPE) values(220650, 4, 22650, '1002649', 'B0000802',1,'1076测试服务器','4',8,'0');
insert into V_VEHICLEINFO (ORG_CODE,VEHICLE_ID,ID_NUMBER,TYPE_ID,TERMINAL_ID,DELETE_FLAG,COLOR_ID_NUMBER_ID,AUTHORIZED_PAY_MASS) values ('B0000802','2200650', '测B02649', 4, 220650, 0, '2',15);

insert into T_SIMINFO (SIM_ID, ORG_CODE, DEPTCODE, STATE,PAY_MODLE, SIM_NUM) values(22651, 'B0000802', '中国移动', 1, '预付费', 13100002650);
insert into T_TERMINALINFO (TERMINAL_ID,TTYPE_ID,SIM_ID,TERMINAL_CODE,ORG_CODE,IS_VIDEO_TERMINAL,SP_SERVER_NAME,PROTOCOL_TYPE,CHANNELS,YT_PROTOCOL_TYPE) values(220651, 4, 22651, '1002650', 'B0000802',1,'1076测试服务器','4',8,'0');
insert into V_VEHICLEINFO (ORG_CODE,VEHICLE_ID,ID_NUMBER,TYPE_ID,TERMINAL_ID,DELETE_FLAG,COLOR_ID_NUMBER_ID,AUTHORIZED_PAY_MASS) values ('B0000802','2200651', '测B02650', 4, 220651, 0, '2',15);

insert into T_SIMINFO (SIM_ID, ORG_CODE, DEPTCODE, STATE,PAY_MODLE, SIM_NUM) values(22652, 'B0000802', '中国移动', 1, '预付费', 13100002651);
insert into T_TERMINALINFO (TERMINAL_ID,TTYPE_ID,SIM_ID,TERMINAL_CODE,ORG_CODE,IS_VIDEO_TERMINAL,SP_SERVER_NAME,PROTOCOL_TYPE,CHANNELS,YT_PROTOCOL_TYPE) values(220652, 4, 22652, '1002651', 'B0000802',1,'1076测试服务器','4',8,'0');
insert into V_VEHICLEINFO (ORG_CODE,VEHICLE_ID,ID_NUMBER,TYPE_ID,TERMINAL_ID,DELETE_FLAG,COLOR_ID_NUMBER_ID,AUTHORIZED_PAY_MASS) values ('B0000802','2200652', '测B02651', 4, 220652, 0, '2',15);

insert into T_SIMINFO (SIM_ID, ORG_CODE, DEPTCODE, STATE,PAY_MODLE, SIM_NUM) values(22653, 'B0000802', '中国移动', 1, '预付费', 13100002652);
insert into T_TERMINALINFO (TERMINAL_ID,TTYPE_ID,SIM_ID,TERMINAL_CODE,ORG_CODE,IS_VIDEO_TERMINAL,SP_SERVER_NAME,PROTOCOL_TYPE,CHANNELS,YT_PROTOCOL_TYPE) values(220653, 4, 22653, '1002652', 'B0000802',1,'1076测试服务器','4',8,'0');
insert into V_VEHICLEINFO (ORG_CODE,VEHICLE_ID,ID_NUMBER,TYPE_ID,TERMINAL_ID,DELETE_FLAG,COLOR_ID_NUMBER_ID,AUTHORIZED_PAY_MASS) values ('B0000802','2200653', '测B02652', 4, 220653, 0, '2',15);

insert into T_SIMINFO (SIM_ID, ORG_CODE, DEPTCODE, STATE,PAY_MODLE, SIM_NUM) values(22654, 'B0000802', '中国移动', 1, '预付费', 13100002653);
insert into T_TERMINALINFO (TERMINAL_ID,TTYPE_ID,SIM_ID,TERMINAL_CODE,ORG_CODE,IS_VIDEO_TERMINAL,SP_SERVER_NAME,PROTOCOL_TYPE,CHANNELS,YT_PROTOCOL_TYPE) values(220654, 4, 22654, '1002653', 'B0000802',1,'1076测试服务器','4',8,'0');
insert into V_VEHICLEINFO (ORG_CODE,VEHICLE_ID,ID_NUMBER,TYPE_ID,TERMINAL_ID,DELETE_FLAG,COLOR_ID_NUMBER_ID,AUTHORIZED_PAY_MASS) values ('B0000802','2200654', '测B02653', 4, 220654, 0, '2',15);

insert into T_SIMINFO (SIM_ID, ORG_CODE, DEPTCODE, STATE,PAY_MODLE, SIM_NUM) values(22655, 'B0000802', '中国移动', 1, '预付费', 13100002654);
insert into T_TERMINALINFO (TERMINAL_ID,TTYPE_ID,SIM_ID,TERMINAL_CODE,ORG_CODE,IS_VIDEO_TERMINAL,SP_SERVER_NAME,PROTOCOL_TYPE,CHANNELS,YT_PROTOCOL_TYPE) values(220655, 4, 22655, '1002654', 'B0000802',1,'1076测试服务器','4',8,'0');
insert into V_VEHICLEINFO (ORG_CODE,VEHICLE_ID,ID_NUMBER,TYPE_ID,TERMINAL_ID,DELETE_FLAG,COLOR_ID_NUMBER_ID,AUTHORIZED_PAY_MASS) values ('B0000802','2200655', '测B02654', 4, 220655, 0, '2',15);

insert into T_SIMINFO (SIM_ID, ORG_CODE, DEPTCODE, STATE,PAY_MODLE, SIM_NUM) values(22656, 'B0000802', '中国移动', 1, '预付费', 13100002655);
insert into T_TERMINALINFO (TERMINAL_ID,TTYPE_ID,SIM_ID,TERMINAL_CODE,ORG_CODE,IS_VIDEO_TERMINAL,SP_SERVER_NAME,PROTOCOL_TYPE,CHANNELS,YT_PROTOCOL_TYPE) values(220656, 4, 22656, '1002655', 'B0000802',1,'1076测试服务器','4',8,'0');
insert into V_VEHICLEINFO (ORG_CODE,VEHICLE_ID,ID_NUMBER,TYPE_ID,TERMINAL_ID,DELETE_FLAG,COLOR_ID_NUMBER_ID,AUTHORIZED_PAY_MASS) values ('B0000802','2200656', '测B02655', 4, 220656, 0, '2',15);

insert into T_SIMINFO (SIM_ID, ORG_CODE, DEPTCODE, STATE,PAY_MODLE, SIM_NUM) values(22657, 'B0000802', '中国移动', 1, '预付费', 13100002656);
insert into T_TERMINALINFO (TERMINAL_ID,TTYPE_ID,SIM_ID,TERMINAL_CODE,ORG_CODE,IS_VIDEO_TERMINAL,SP_SERVER_NAME,PROTOCOL_TYPE,CHANNELS,YT_PROTOCOL_TYPE) values(220657, 4, 22657, '1002656', 'B0000802',1,'1076测试服务器','4',8,'0');
insert into V_VEHICLEINFO (ORG_CODE,VEHICLE_ID,ID_NUMBER,TYPE_ID,TERMINAL_ID,DELETE_FLAG,COLOR_ID_NUMBER_ID,AUTHORIZED_PAY_MASS) values ('B0000802','2200657', '测B02656', 4, 220657, 0, '2',15);

insert into T_SIMINFO (SIM_ID, ORG_CODE, DEPTCODE, STATE,PAY_MODLE, SIM_NUM) values(22658, 'B0000802', '中国移动', 1, '预付费', 13100002657);
insert into T_TERMINALINFO (TERMINAL_ID,TTYPE_ID,SIM_ID,TERMINAL_CODE,ORG_CODE,IS_VIDEO_TERMINAL,SP_SERVER_NAME,PROTOCOL_TYPE,CHANNELS,YT_PROTOCOL_TYPE) values(220658, 4, 22658, '1002657', 'B0000802',1,'1076测试服务器','4',8,'0');
insert into V_VEHICLEINFO (ORG_CODE,VEHICLE_ID,ID_NUMBER,TYPE_ID,TERMINAL_ID,DELETE_FLAG,COLOR_ID_NUMBER_ID,AUTHORIZED_PAY_MASS) values ('B0000802','2200658', '测B02657', 4, 220658, 0, '2',15);

insert into T_SIMINFO (SIM_ID, ORG_CODE, DEPTCODE, STATE,PAY_MODLE, SIM_NUM) values(22659, 'B0000802', '中国移动', 1, '预付费', 13100002658);
insert into T_TERMINALINFO (TERMINAL_ID,TTYPE_ID,SIM_ID,TERMINAL_CODE,ORG_CODE,IS_VIDEO_TERMINAL,SP_SERVER_NAME,PROTOCOL_TYPE,CHANNELS,YT_PROTOCOL_TYPE) values(220659, 4, 22659, '1002658', 'B0000802',1,'1076测试服务器','4',8,'0');
insert into V_VEHICLEINFO (ORG_CODE,VEHICLE_ID,ID_NUMBER,TYPE_ID,TERMINAL_ID,DELETE_FLAG,COLOR_ID_NUMBER_ID,AUTHORIZED_PAY_MASS) values ('B0000802','2200659', '测B02658', 4, 220659, 0, '2',15);

insert into T_SIMINFO (SIM_ID, ORG_CODE, DEPTCODE, STATE,PAY_MODLE, SIM_NUM) values(22660, 'B0000802', '中国移动', 1, '预付费', 13100002659);
insert into T_TERMINALINFO (TERMINAL_ID,TTYPE_ID,SIM_ID,TERMINAL_CODE,ORG_CODE,IS_VIDEO_TERMINAL,SP_SERVER_NAME,PROTOCOL_TYPE,CHANNELS,YT_PROTOCOL_TYPE) values(220660, 4, 22660, '1002659', 'B0000802',1,'1076测试服务器','4',8,'0');
insert into V_VEHICLEINFO (ORG_CODE,VEHICLE_ID,ID_NUMBER,TYPE_ID,TERMINAL_ID,DELETE_FLAG,COLOR_ID_NUMBER_ID,AUTHORIZED_PAY_MASS) values ('B0000802','2200660', '测B02659', 4, 220660, 0, '2',15);

insert into T_SIMINFO (SIM_ID, ORG_CODE, DEPTCODE, STATE,PAY_MODLE, SIM_NUM) values(22661, 'B0000802', '中国移动', 1, '预付费', 13100002660);
insert into T_TERMINALINFO (TERMINAL_ID,TTYPE_ID,SIM_ID,TERMINAL_CODE,ORG_CODE,IS_VIDEO_TERMINAL,SP_SERVER_NAME,PROTOCOL_TYPE,CHANNELS,YT_PROTOCOL_TYPE) values(220661, 4, 22661, '1002660', 'B0000802',1,'1076测试服务器','4',8,'0');
insert into V_VEHICLEINFO (ORG_CODE,VEHICLE_ID,ID_NUMBER,TYPE_ID,TERMINAL_ID,DELETE_FLAG,COLOR_ID_NUMBER_ID,AUTHORIZED_PAY_MASS) values ('B0000802','2200661', '测B02660', 4, 220661, 0, '2',15);

insert into T_SIMINFO (SIM_ID, ORG_CODE, DEPTCODE, STATE,PAY_MODLE, SIM_NUM) values(22662, 'B0000802', '中国移动', 1, '预付费', 13100002661);
insert into T_TERMINALINFO (TERMINAL_ID,TTYPE_ID,SIM_ID,TERMINAL_CODE,ORG_CODE,IS_VIDEO_TERMINAL,SP_SERVER_NAME,PROTOCOL_TYPE,CHANNELS,YT_PROTOCOL_TYPE) values(220662, 4, 22662, '1002661', 'B0000802',1,'1076测试服务器','4',8,'0');
insert into V_VEHICLEINFO (ORG_CODE,VEHICLE_ID,ID_NUMBER,TYPE_ID,TERMINAL_ID,DELETE_FLAG,COLOR_ID_NUMBER_ID,AUTHORIZED_PAY_MASS) values ('B0000802','2200662', '测B02661', 4, 220662, 0, '2',15);

insert into T_SIMINFO (SIM_ID, ORG_CODE, DEPTCODE, STATE,PAY_MODLE, SIM_NUM) values(22663, 'B0000802', '中国移动', 1, '预付费', 13100002662);
insert into T_TERMINALINFO (TERMINAL_ID,TTYPE_ID,SIM_ID,TERMINAL_CODE,ORG_CODE,IS_VIDEO_TERMINAL,SP_SERVER_NAME,PROTOCOL_TYPE,CHANNELS,YT_PROTOCOL_TYPE) values(220663, 4, 22663, '1002662', 'B0000802',1,'1076测试服务器','4',8,'0');
insert into V_VEHICLEINFO (ORG_CODE,VEHICLE_ID,ID_NUMBER,TYPE_ID,TERMINAL_ID,DELETE_FLAG,COLOR_ID_NUMBER_ID,AUTHORIZED_PAY_MASS) values ('B0000802','2200663', '测B02662', 4, 220663, 0, '2',15);

insert into T_SIMINFO (SIM_ID, ORG_CODE, DEPTCODE, STATE,PAY_MODLE, SIM_NUM) values(22664, 'B0000802', '中国移动', 1, '预付费', 13100002663);
insert into T_TERMINALINFO (TERMINAL_ID,TTYPE_ID,SIM_ID,TERMINAL_CODE,ORG_CODE,IS_VIDEO_TERMINAL,SP_SERVER_NAME,PROTOCOL_TYPE,CHANNELS,YT_PROTOCOL_TYPE) values(220664, 4, 22664, '1002663', 'B0000802',1,'1076测试服务器','4',8,'0');
insert into V_VEHICLEINFO (ORG_CODE,VEHICLE_ID,ID_NUMBER,TYPE_ID,TERMINAL_ID,DELETE_FLAG,COLOR_ID_NUMBER_ID,AUTHORIZED_PAY_MASS) values ('B0000802','2200664', '测B02663', 4, 220664, 0, '2',15);

insert into T_SIMINFO (SIM_ID, ORG_CODE, DEPTCODE, STATE,PAY_MODLE, SIM_NUM) values(22665, 'B0000802', '中国移动', 1, '预付费', 13100002664);
insert into T_TERMINALINFO (TERMINAL_ID,TTYPE_ID,SIM_ID,TERMINAL_CODE,ORG_CODE,IS_VIDEO_TERMINAL,SP_SERVER_NAME,PROTOCOL_TYPE,CHANNELS,YT_PROTOCOL_TYPE) values(220665, 4, 22665, '1002664', 'B0000802',1,'1076测试服务器','4',8,'0');
insert into V_VEHICLEINFO (ORG_CODE,VEHICLE_ID,ID_NUMBER,TYPE_ID,TERMINAL_ID,DELETE_FLAG,COLOR_ID_NUMBER_ID,AUTHORIZED_PAY_MASS) values ('B0000802','2200665', '测B02664', 4, 220665, 0, '2',15);

insert into T_SIMINFO (SIM_ID, ORG_CODE, DEPTCODE, STATE,PAY_MODLE, SIM_NUM) values(22666, 'B0000802', '中国移动', 1, '预付费', 13100002665);
insert into T_TERMINALINFO (TERMINAL_ID,TTYPE_ID,SIM_ID,TERMINAL_CODE,ORG_CODE,IS_VIDEO_TERMINAL,SP_SERVER_NAME,PROTOCOL_TYPE,CHANNELS,YT_PROTOCOL_TYPE) values(220666, 4, 22666, '1002665', 'B0000802',1,'1076测试服务器','4',8,'0');
insert into V_VEHICLEINFO (ORG_CODE,VEHICLE_ID,ID_NUMBER,TYPE_ID,TERMINAL_ID,DELETE_FLAG,COLOR_ID_NUMBER_ID,AUTHORIZED_PAY_MASS) values ('B0000802','2200666', '测B02665', 4, 220666, 0, '2',15);

insert into T_SIMINFO (SIM_ID, ORG_CODE, DEPTCODE, STATE,PAY_MODLE, SIM_NUM) values(22667, 'B0000802', '中国移动', 1, '预付费', 13100002666);
insert into T_TERMINALINFO (TERMINAL_ID,TTYPE_ID,SIM_ID,TERMINAL_CODE,ORG_CODE,IS_VIDEO_TERMINAL,SP_SERVER_NAME,PROTOCOL_TYPE,CHANNELS,YT_PROTOCOL_TYPE) values(220667, 4, 22667, '1002666', 'B0000802',1,'1076测试服务器','4',8,'0');
insert into V_VEHICLEINFO (ORG_CODE,VEHICLE_ID,ID_NUMBER,TYPE_ID,TERMINAL_ID,DELETE_FLAG,COLOR_ID_NUMBER_ID,AUTHORIZED_PAY_MASS) values ('B0000802','2200667', '测B02666', 4, 220667, 0, '2',15);

insert into T_SIMINFO (SIM_ID, ORG_CODE, DEPTCODE, STATE,PAY_MODLE, SIM_NUM) values(22668, 'B0000802', '中国移动', 1, '预付费', 13100002667);
insert into T_TERMINALINFO (TERMINAL_ID,TTYPE_ID,SIM_ID,TERMINAL_CODE,ORG_CODE,IS_VIDEO_TERMINAL,SP_SERVER_NAME,PROTOCOL_TYPE,CHANNELS,YT_PROTOCOL_TYPE) values(220668, 4, 22668, '1002667', 'B0000802',1,'1076测试服务器','4',8,'0');
insert into V_VEHICLEINFO (ORG_CODE,VEHICLE_ID,ID_NUMBER,TYPE_ID,TERMINAL_ID,DELETE_FLAG,COLOR_ID_NUMBER_ID,AUTHORIZED_PAY_MASS) values ('B0000802','2200668', '测B02667', 4, 220668, 0, '2',15);

insert into T_SIMINFO (SIM_ID, ORG_CODE, DEPTCODE, STATE,PAY_MODLE, SIM_NUM) values(22669, 'B0000802', '中国移动', 1, '预付费', 13100002668);
insert into T_TERMINALINFO (TERMINAL_ID,TTYPE_ID,SIM_ID,TERMINAL_CODE,ORG_CODE,IS_VIDEO_TERMINAL,SP_SERVER_NAME,PROTOCOL_TYPE,CHANNELS,YT_PROTOCOL_TYPE) values(220669, 4, 22669, '1002668', 'B0000802',1,'1076测试服务器','4',8,'0');
insert into V_VEHICLEINFO (ORG_CODE,VEHICLE_ID,ID_NUMBER,TYPE_ID,TERMINAL_ID,DELETE_FLAG,COLOR_ID_NUMBER_ID,AUTHORIZED_PAY_MASS) values ('B0000802','2200669', '测B02668', 4, 220669, 0, '2',15);

insert into T_SIMINFO (SIM_ID, ORG_CODE, DEPTCODE, STATE,PAY_MODLE, SIM_NUM) values(22670, 'B0000802', '中国移动', 1, '预付费', 13100002669);
insert into T_TERMINALINFO (TERMINAL_ID,TTYPE_ID,SIM_ID,TERMINAL_CODE,ORG_CODE,IS_VIDEO_TERMINAL,SP_SERVER_NAME,PROTOCOL_TYPE,CHANNELS,YT_PROTOCOL_TYPE) values(220670, 4, 22670, '1002669', 'B0000802',1,'1076测试服务器','4',8,'0');
insert into V_VEHICLEINFO (ORG_CODE,VEHICLE_ID,ID_NUMBER,TYPE_ID,TERMINAL_ID,DELETE_FLAG,COLOR_ID_NUMBER_ID,AUTHORIZED_PAY_MASS) values ('B0000802','2200670', '测B02669', 4, 220670, 0, '2',15);

insert into T_SIMINFO (SIM_ID, ORG_CODE, DEPTCODE, STATE,PAY_MODLE, SIM_NUM) values(22671, 'B0000802', '中国移动', 1, '预付费', 13100002670);
insert into T_TERMINALINFO (TERMINAL_ID,TTYPE_ID,SIM_ID,TERMINAL_CODE,ORG_CODE,IS_VIDEO_TERMINAL,SP_SERVER_NAME,PROTOCOL_TYPE,CHANNELS,YT_PROTOCOL_TYPE) values(220671, 4, 22671, '1002670', 'B0000802',1,'1076测试服务器','4',8,'0');
insert into V_VEHICLEINFO (ORG_CODE,VEHICLE_ID,ID_NUMBER,TYPE_ID,TERMINAL_ID,DELETE_FLAG,COLOR_ID_NUMBER_ID,AUTHORIZED_PAY_MASS) values ('B0000802','2200671', '测B02670', 4, 220671, 0, '2',15);

insert into T_SIMINFO (SIM_ID, ORG_CODE, DEPTCODE, STATE,PAY_MODLE, SIM_NUM) values(22672, 'B0000802', '中国移动', 1, '预付费', 13100002671);
insert into T_TERMINALINFO (TERMINAL_ID,TTYPE_ID,SIM_ID,TERMINAL_CODE,ORG_CODE,IS_VIDEO_TERMINAL,SP_SERVER_NAME,PROTOCOL_TYPE,CHANNELS,YT_PROTOCOL_TYPE) values(220672, 4, 22672, '1002671', 'B0000802',1,'1076测试服务器','4',8,'0');
insert into V_VEHICLEINFO (ORG_CODE,VEHICLE_ID,ID_NUMBER,TYPE_ID,TERMINAL_ID,DELETE_FLAG,COLOR_ID_NUMBER_ID,AUTHORIZED_PAY_MASS) values ('B0000802','2200672', '测B02671', 4, 220672, 0, '2',15);

insert into T_SIMINFO (SIM_ID, ORG_CODE, DEPTCODE, STATE,PAY_MODLE, SIM_NUM) values(22673, 'B0000802', '中国移动', 1, '预付费', 13100002672);
insert into T_TERMINALINFO (TERMINAL_ID,TTYPE_ID,SIM_ID,TERMINAL_CODE,ORG_CODE,IS_VIDEO_TERMINAL,SP_SERVER_NAME,PROTOCOL_TYPE,CHANNELS,YT_PROTOCOL_TYPE) values(220673, 4, 22673, '1002672', 'B0000802',1,'1076测试服务器','4',8,'0');
insert into V_VEHICLEINFO (ORG_CODE,VEHICLE_ID,ID_NUMBER,TYPE_ID,TERMINAL_ID,DELETE_FLAG,COLOR_ID_NUMBER_ID,AUTHORIZED_PAY_MASS) values ('B0000802','2200673', '测B02672', 4, 220673, 0, '2',15);

insert into T_SIMINFO (SIM_ID, ORG_CODE, DEPTCODE, STATE,PAY_MODLE, SIM_NUM) values(22674, 'B0000802', '中国移动', 1, '预付费', 13100002673);
insert into T_TERMINALINFO (TERMINAL_ID,TTYPE_ID,SIM_ID,TERMINAL_CODE,ORG_CODE,IS_VIDEO_TERMINAL,SP_SERVER_NAME,PROTOCOL_TYPE,CHANNELS,YT_PROTOCOL_TYPE) values(220674, 4, 22674, '1002673', 'B0000802',1,'1076测试服务器','4',8,'0');
insert into V_VEHICLEINFO (ORG_CODE,VEHICLE_ID,ID_NUMBER,TYPE_ID,TERMINAL_ID,DELETE_FLAG,COLOR_ID_NUMBER_ID,AUTHORIZED_PAY_MASS) values ('B0000802','2200674', '测B02673', 4, 220674, 0, '2',15);

insert into T_SIMINFO (SIM_ID, ORG_CODE, DEPTCODE, STATE,PAY_MODLE, SIM_NUM) values(22675, 'B0000802', '中国移动', 1, '预付费', 13100002674);
insert into T_TERMINALINFO (TERMINAL_ID,TTYPE_ID,SIM_ID,TERMINAL_CODE,ORG_CODE,IS_VIDEO_TERMINAL,SP_SERVER_NAME,PROTOCOL_TYPE,CHANNELS,YT_PROTOCOL_TYPE) values(220675, 4, 22675, '1002674', 'B0000802',1,'1076测试服务器','4',8,'0');
insert into V_VEHICLEINFO (ORG_CODE,VEHICLE_ID,ID_NUMBER,TYPE_ID,TERMINAL_ID,DELETE_FLAG,COLOR_ID_NUMBER_ID,AUTHORIZED_PAY_MASS) values ('B0000802','2200675', '测B02674', 4, 220675, 0, '2',15);

insert into T_SIMINFO (SIM_ID, ORG_CODE, DEPTCODE, STATE,PAY_MODLE, SIM_NUM) values(22676, 'B0000802', '中国移动', 1, '预付费', 13100002675);
insert into T_TERMINALINFO (TERMINAL_ID,TTYPE_ID,SIM_ID,TERMINAL_CODE,ORG_CODE,IS_VIDEO_TERMINAL,SP_SERVER_NAME,PROTOCOL_TYPE,CHANNELS,YT_PROTOCOL_TYPE) values(220676, 4, 22676, '1002675', 'B0000802',1,'1076测试服务器','4',8,'0');
insert into V_VEHICLEINFO (ORG_CODE,VEHICLE_ID,ID_NUMBER,TYPE_ID,TERMINAL_ID,DELETE_FLAG,COLOR_ID_NUMBER_ID,AUTHORIZED_PAY_MASS) values ('B0000802','2200676', '测B02675', 4, 220676, 0, '2',15);

insert into T_SIMINFO (SIM_ID, ORG_CODE, DEPTCODE, STATE,PAY_MODLE, SIM_NUM) values(22677, 'B0000802', '中国移动', 1, '预付费', 13100002676);
insert into T_TERMINALINFO (TERMINAL_ID,TTYPE_ID,SIM_ID,TERMINAL_CODE,ORG_CODE,IS_VIDEO_TERMINAL,SP_SERVER_NAME,PROTOCOL_TYPE,CHANNELS,YT_PROTOCOL_TYPE) values(220677, 4, 22677, '1002676', 'B0000802',1,'1076测试服务器','4',8,'0');
insert into V_VEHICLEINFO (ORG_CODE,VEHICLE_ID,ID_NUMBER,TYPE_ID,TERMINAL_ID,DELETE_FLAG,COLOR_ID_NUMBER_ID,AUTHORIZED_PAY_MASS) values ('B0000802','2200677', '测B02676', 4, 220677, 0, '2',15);

insert into T_SIMINFO (SIM_ID, ORG_CODE, DEPTCODE, STATE,PAY_MODLE, SIM_NUM) values(22678, 'B0000802', '中国移动', 1, '预付费', 13100002677);
insert into T_TERMINALINFO (TERMINAL_ID,TTYPE_ID,SIM_ID,TERMINAL_CODE,ORG_CODE,IS_VIDEO_TERMINAL,SP_SERVER_NAME,PROTOCOL_TYPE,CHANNELS,YT_PROTOCOL_TYPE) values(220678, 4, 22678, '1002677', 'B0000802',1,'1076测试服务器','4',8,'0');
insert into V_VEHICLEINFO (ORG_CODE,VEHICLE_ID,ID_NUMBER,TYPE_ID,TERMINAL_ID,DELETE_FLAG,COLOR_ID_NUMBER_ID,AUTHORIZED_PAY_MASS) values ('B0000802','2200678', '测B02677', 4, 220678, 0, '2',15);

insert into T_SIMINFO (SIM_ID, ORG_CODE, DEPTCODE, STATE,PAY_MODLE, SIM_NUM) values(22679, 'B0000802', '中国移动', 1, '预付费', 13100002678);
insert into T_TERMINALINFO (TERMINAL_ID,TTYPE_ID,SIM_ID,TERMINAL_CODE,ORG_CODE,IS_VIDEO_TERMINAL,SP_SERVER_NAME,PROTOCOL_TYPE,CHANNELS,YT_PROTOCOL_TYPE) values(220679, 4, 22679, '1002678', 'B0000802',1,'1076测试服务器','4',8,'0');
insert into V_VEHICLEINFO (ORG_CODE,VEHICLE_ID,ID_NUMBER,TYPE_ID,TERMINAL_ID,DELETE_FLAG,COLOR_ID_NUMBER_ID,AUTHORIZED_PAY_MASS) values ('B0000802','2200679', '测B02678', 4, 220679, 0, '2',15);

insert into T_SIMINFO (SIM_ID, ORG_CODE, DEPTCODE, STATE,PAY_MODLE, SIM_NUM) values(22680, 'B0000802', '中国移动', 1, '预付费', 13100002679);
insert into T_TERMINALINFO (TERMINAL_ID,TTYPE_ID,SIM_ID,TERMINAL_CODE,ORG_CODE,IS_VIDEO_TERMINAL,SP_SERVER_NAME,PROTOCOL_TYPE,CHANNELS,YT_PROTOCOL_TYPE) values(220680, 4, 22680, '1002679', 'B0000802',1,'1076测试服务器','4',8,'0');
insert into V_VEHICLEINFO (ORG_CODE,VEHICLE_ID,ID_NUMBER,TYPE_ID,TERMINAL_ID,DELETE_FLAG,COLOR_ID_NUMBER_ID,AUTHORIZED_PAY_MASS) values ('B0000802','2200680', '测B02679', 4, 220680, 0, '2',15);

insert into T_SIMINFO (SIM_ID, ORG_CODE, DEPTCODE, STATE,PAY_MODLE, SIM_NUM) values(22681, 'B0000802', '中国移动', 1, '预付费', 13100002680);
insert into T_TERMINALINFO (TERMINAL_ID,TTYPE_ID,SIM_ID,TERMINAL_CODE,ORG_CODE,IS_VIDEO_TERMINAL,SP_SERVER_NAME,PROTOCOL_TYPE,CHANNELS,YT_PROTOCOL_TYPE) values(220681, 4, 22681, '1002680', 'B0000802',1,'1076测试服务器','4',8,'0');
insert into V_VEHICLEINFO (ORG_CODE,VEHICLE_ID,ID_NUMBER,TYPE_ID,TERMINAL_ID,DELETE_FLAG,COLOR_ID_NUMBER_ID,AUTHORIZED_PAY_MASS) values ('B0000802','2200681', '测B02680', 4, 220681, 0, '2',15);

insert into T_SIMINFO (SIM_ID, ORG_CODE, DEPTCODE, STATE,PAY_MODLE, SIM_NUM) values(22682, 'B0000802', '中国移动', 1, '预付费', 13100002681);
insert into T_TERMINALINFO (TERMINAL_ID,TTYPE_ID,SIM_ID,TERMINAL_CODE,ORG_CODE,IS_VIDEO_TERMINAL,SP_SERVER_NAME,PROTOCOL_TYPE,CHANNELS,YT_PROTOCOL_TYPE) values(220682, 4, 22682, '1002681', 'B0000802',1,'1076测试服务器','4',8,'0');
insert into V_VEHICLEINFO (ORG_CODE,VEHICLE_ID,ID_NUMBER,TYPE_ID,TERMINAL_ID,DELETE_FLAG,COLOR_ID_NUMBER_ID,AUTHORIZED_PAY_MASS) values ('B0000802','2200682', '测B02681', 4, 220682, 0, '2',15);

insert into T_SIMINFO (SIM_ID, ORG_CODE, DEPTCODE, STATE,PAY_MODLE, SIM_NUM) values(22683, 'B0000802', '中国移动', 1, '预付费', 13100002682);
insert into T_TERMINALINFO (TERMINAL_ID,TTYPE_ID,SIM_ID,TERMINAL_CODE,ORG_CODE,IS_VIDEO_TERMINAL,SP_SERVER_NAME,PROTOCOL_TYPE,CHANNELS,YT_PROTOCOL_TYPE) values(220683, 4, 22683, '1002682', 'B0000802',1,'1076测试服务器','4',8,'0');
insert into V_VEHICLEINFO (ORG_CODE,VEHICLE_ID,ID_NUMBER,TYPE_ID,TERMINAL_ID,DELETE_FLAG,COLOR_ID_NUMBER_ID,AUTHORIZED_PAY_MASS) values ('B0000802','2200683', '测B02682', 4, 220683, 0, '2',15);

insert into T_SIMINFO (SIM_ID, ORG_CODE, DEPTCODE, STATE,PAY_MODLE, SIM_NUM) values(22684, 'B0000802', '中国移动', 1, '预付费', 13100002683);
insert into T_TERMINALINFO (TERMINAL_ID,TTYPE_ID,SIM_ID,TERMINAL_CODE,ORG_CODE,IS_VIDEO_TERMINAL,SP_SERVER_NAME,PROTOCOL_TYPE,CHANNELS,YT_PROTOCOL_TYPE) values(220684, 4, 22684, '1002683', 'B0000802',1,'1076测试服务器','4',8,'0');
insert into V_VEHICLEINFO (ORG_CODE,VEHICLE_ID,ID_NUMBER,TYPE_ID,TERMINAL_ID,DELETE_FLAG,COLOR_ID_NUMBER_ID,AUTHORIZED_PAY_MASS) values ('B0000802','2200684', '测B02683', 4, 220684, 0, '2',15);

insert into T_SIMINFO (SIM_ID, ORG_CODE, DEPTCODE, STATE,PAY_MODLE, SIM_NUM) values(22685, 'B0000802', '中国移动', 1, '预付费', 13100002684);
insert into T_TERMINALINFO (TERMINAL_ID,TTYPE_ID,SIM_ID,TERMINAL_CODE,ORG_CODE,IS_VIDEO_TERMINAL,SP_SERVER_NAME,PROTOCOL_TYPE,CHANNELS,YT_PROTOCOL_TYPE) values(220685, 4, 22685, '1002684', 'B0000802',1,'1076测试服务器','4',8,'0');
insert into V_VEHICLEINFO (ORG_CODE,VEHICLE_ID,ID_NUMBER,TYPE_ID,TERMINAL_ID,DELETE_FLAG,COLOR_ID_NUMBER_ID,AUTHORIZED_PAY_MASS) values ('B0000802','2200685', '测B02684', 4, 220685, 0, '2',15);

insert into T_SIMINFO (SIM_ID, ORG_CODE, DEPTCODE, STATE,PAY_MODLE, SIM_NUM) values(22686, 'B0000802', '中国移动', 1, '预付费', 13100002685);
insert into T_TERMINALINFO (TERMINAL_ID,TTYPE_ID,SIM_ID,TERMINAL_CODE,ORG_CODE,IS_VIDEO_TERMINAL,SP_SERVER_NAME,PROTOCOL_TYPE,CHANNELS,YT_PROTOCOL_TYPE) values(220686, 4, 22686, '1002685', 'B0000802',1,'1076测试服务器','4',8,'0');
insert into V_VEHICLEINFO (ORG_CODE,VEHICLE_ID,ID_NUMBER,TYPE_ID,TERMINAL_ID,DELETE_FLAG,COLOR_ID_NUMBER_ID,AUTHORIZED_PAY_MASS) values ('B0000802','2200686', '测B02685', 4, 220686, 0, '2',15);

insert into T_SIMINFO (SIM_ID, ORG_CODE, DEPTCODE, STATE,PAY_MODLE, SIM_NUM) values(22687, 'B0000802', '中国移动', 1, '预付费', 13100002686);
insert into T_TERMINALINFO (TERMINAL_ID,TTYPE_ID,SIM_ID,TERMINAL_CODE,ORG_CODE,IS_VIDEO_TERMINAL,SP_SERVER_NAME,PROTOCOL_TYPE,CHANNELS,YT_PROTOCOL_TYPE) values(220687, 4, 22687, '1002686', 'B0000802',1,'1076测试服务器','4',8,'0');
insert into V_VEHICLEINFO (ORG_CODE,VEHICLE_ID,ID_NUMBER,TYPE_ID,TERMINAL_ID,DELETE_FLAG,COLOR_ID_NUMBER_ID,AUTHORIZED_PAY_MASS) values ('B0000802','2200687', '测B02686', 4, 220687, 0, '2',15);

insert into T_SIMINFO (SIM_ID, ORG_CODE, DEPTCODE, STATE,PAY_MODLE, SIM_NUM) values(22688, 'B0000802', '中国移动', 1, '预付费', 13100002687);
insert into T_TERMINALINFO (TERMINAL_ID,TTYPE_ID,SIM_ID,TERMINAL_CODE,ORG_CODE,IS_VIDEO_TERMINAL,SP_SERVER_NAME,PROTOCOL_TYPE,CHANNELS,YT_PROTOCOL_TYPE) values(220688, 4, 22688, '1002687', 'B0000802',1,'1076测试服务器','4',8,'0');
insert into V_VEHICLEINFO (ORG_CODE,VEHICLE_ID,ID_NUMBER,TYPE_ID,TERMINAL_ID,DELETE_FLAG,COLOR_ID_NUMBER_ID,AUTHORIZED_PAY_MASS) values ('B0000802','2200688', '测B02687', 4, 220688, 0, '2',15);

insert into T_SIMINFO (SIM_ID, ORG_CODE, DEPTCODE, STATE,PAY_MODLE, SIM_NUM) values(22689, 'B0000802', '中国移动', 1, '预付费', 13100002688);
insert into T_TERMINALINFO (TERMINAL_ID,TTYPE_ID,SIM_ID,TERMINAL_CODE,ORG_CODE,IS_VIDEO_TERMINAL,SP_SERVER_NAME,PROTOCOL_TYPE,CHANNELS,YT_PROTOCOL_TYPE) values(220689, 4, 22689, '1002688', 'B0000802',1,'1076测试服务器','4',8,'0');
insert into V_VEHICLEINFO (ORG_CODE,VEHICLE_ID,ID_NUMBER,TYPE_ID,TERMINAL_ID,DELETE_FLAG,COLOR_ID_NUMBER_ID,AUTHORIZED_PAY_MASS) values ('B0000802','2200689', '测B02688', 4, 220689, 0, '2',15);

insert into T_SIMINFO (SIM_ID, ORG_CODE, DEPTCODE, STATE,PAY_MODLE, SIM_NUM) values(22690, 'B0000802', '中国移动', 1, '预付费', 13100002689);
insert into T_TERMINALINFO (TERMINAL_ID,TTYPE_ID,SIM_ID,TERMINAL_CODE,ORG_CODE,IS_VIDEO_TERMINAL,SP_SERVER_NAME,PROTOCOL_TYPE,CHANNELS,YT_PROTOCOL_TYPE) values(220690, 4, 22690, '1002689', 'B0000802',1,'1076测试服务器','4',8,'0');
insert into V_VEHICLEINFO (ORG_CODE,VEHICLE_ID,ID_NUMBER,TYPE_ID,TERMINAL_ID,DELETE_FLAG,COLOR_ID_NUMBER_ID,AUTHORIZED_PAY_MASS) values ('B0000802','2200690', '测B02689', 4, 220690, 0, '2',15);

insert into T_SIMINFO (SIM_ID, ORG_CODE, DEPTCODE, STATE,PAY_MODLE, SIM_NUM) values(22691, 'B0000802', '中国移动', 1, '预付费', 13100002690);
insert into T_TERMINALINFO (TERMINAL_ID,TTYPE_ID,SIM_ID,TERMINAL_CODE,ORG_CODE,IS_VIDEO_TERMINAL,SP_SERVER_NAME,PROTOCOL_TYPE,CHANNELS,YT_PROTOCOL_TYPE) values(220691, 4, 22691, '1002690', 'B0000802',1,'1076测试服务器','4',8,'0');
insert into V_VEHICLEINFO (ORG_CODE,VEHICLE_ID,ID_NUMBER,TYPE_ID,TERMINAL_ID,DELETE_FLAG,COLOR_ID_NUMBER_ID,AUTHORIZED_PAY_MASS) values ('B0000802','2200691', '测B02690', 4, 220691, 0, '2',15);

insert into T_SIMINFO (SIM_ID, ORG_CODE, DEPTCODE, STATE,PAY_MODLE, SIM_NUM) values(22692, 'B0000802', '中国移动', 1, '预付费', 13100002691);
insert into T_TERMINALINFO (TERMINAL_ID,TTYPE_ID,SIM_ID,TERMINAL_CODE,ORG_CODE,IS_VIDEO_TERMINAL,SP_SERVER_NAME,PROTOCOL_TYPE,CHANNELS,YT_PROTOCOL_TYPE) values(220692, 4, 22692, '1002691', 'B0000802',1,'1076测试服务器','4',8,'0');
insert into V_VEHICLEINFO (ORG_CODE,VEHICLE_ID,ID_NUMBER,TYPE_ID,TERMINAL_ID,DELETE_FLAG,COLOR_ID_NUMBER_ID,AUTHORIZED_PAY_MASS) values ('B0000802','2200692', '测B02691', 4, 220692, 0, '2',15);

insert into T_SIMINFO (SIM_ID, ORG_CODE, DEPTCODE, STATE,PAY_MODLE, SIM_NUM) values(22693, 'B0000802', '中国移动', 1, '预付费', 13100002692);
insert into T_TERMINALINFO (TERMINAL_ID,TTYPE_ID,SIM_ID,TERMINAL_CODE,ORG_CODE,IS_VIDEO_TERMINAL,SP_SERVER_NAME,PROTOCOL_TYPE,CHANNELS,YT_PROTOCOL_TYPE) values(220693, 4, 22693, '1002692', 'B0000802',1,'1076测试服务器','4',8,'0');
insert into V_VEHICLEINFO (ORG_CODE,VEHICLE_ID,ID_NUMBER,TYPE_ID,TERMINAL_ID,DELETE_FLAG,COLOR_ID_NUMBER_ID,AUTHORIZED_PAY_MASS) values ('B0000802','2200693', '测B02692', 4, 220693, 0, '2',15);

insert into T_SIMINFO (SIM_ID, ORG_CODE, DEPTCODE, STATE,PAY_MODLE, SIM_NUM) values(22694, 'B0000802', '中国移动', 1, '预付费', 13100002693);
insert into T_TERMINALINFO (TERMINAL_ID,TTYPE_ID,SIM_ID,TERMINAL_CODE,ORG_CODE,IS_VIDEO_TERMINAL,SP_SERVER_NAME,PROTOCOL_TYPE,CHANNELS,YT_PROTOCOL_TYPE) values(220694, 4, 22694, '1002693', 'B0000802',1,'1076测试服务器','4',8,'0');
insert into V_VEHICLEINFO (ORG_CODE,VEHICLE_ID,ID_NUMBER,TYPE_ID,TERMINAL_ID,DELETE_FLAG,COLOR_ID_NUMBER_ID,AUTHORIZED_PAY_MASS) values ('B0000802','2200694', '测B02693', 4, 220694, 0, '2',15);

insert into T_SIMINFO (SIM_ID, ORG_CODE, DEPTCODE, STATE,PAY_MODLE, SIM_NUM) values(22695, 'B0000802', '中国移动', 1, '预付费', 13100002694);
insert into T_TERMINALINFO (TERMINAL_ID,TTYPE_ID,SIM_ID,TERMINAL_CODE,ORG_CODE,IS_VIDEO_TERMINAL,SP_SERVER_NAME,PROTOCOL_TYPE,CHANNELS,YT_PROTOCOL_TYPE) values(220695, 4, 22695, '1002694', 'B0000802',1,'1076测试服务器','4',8,'0');
insert into V_VEHICLEINFO (ORG_CODE,VEHICLE_ID,ID_NUMBER,TYPE_ID,TERMINAL_ID,DELETE_FLAG,COLOR_ID_NUMBER_ID,AUTHORIZED_PAY_MASS) values ('B0000802','2200695', '测B02694', 4, 220695, 0, '2',15);

insert into T_SIMINFO (SIM_ID, ORG_CODE, DEPTCODE, STATE,PAY_MODLE, SIM_NUM) values(22696, 'B0000802', '中国移动', 1, '预付费', 13100002695);
insert into T_TERMINALINFO (TERMINAL_ID,TTYPE_ID,SIM_ID,TERMINAL_CODE,ORG_CODE,IS_VIDEO_TERMINAL,SP_SERVER_NAME,PROTOCOL_TYPE,CHANNELS,YT_PROTOCOL_TYPE) values(220696, 4, 22696, '1002695', 'B0000802',1,'1076测试服务器','4',8,'0');
insert into V_VEHICLEINFO (ORG_CODE,VEHICLE_ID,ID_NUMBER,TYPE_ID,TERMINAL_ID,DELETE_FLAG,COLOR_ID_NUMBER_ID,AUTHORIZED_PAY_MASS) values ('B0000802','2200696', '测B02695', 4, 220696, 0, '2',15);

insert into T_SIMINFO (SIM_ID, ORG_CODE, DEPTCODE, STATE,PAY_MODLE, SIM_NUM) values(22697, 'B0000802', '中国移动', 1, '预付费', 13100002696);
insert into T_TERMINALINFO (TERMINAL_ID,TTYPE_ID,SIM_ID,TERMINAL_CODE,ORG_CODE,IS_VIDEO_TERMINAL,SP_SERVER_NAME,PROTOCOL_TYPE,CHANNELS,YT_PROTOCOL_TYPE) values(220697, 4, 22697, '1002696', 'B0000802',1,'1076测试服务器','4',8,'0');
insert into V_VEHICLEINFO (ORG_CODE,VEHICLE_ID,ID_NUMBER,TYPE_ID,TERMINAL_ID,DELETE_FLAG,COLOR_ID_NUMBER_ID,AUTHORIZED_PAY_MASS) values ('B0000802','2200697', '测B02696', 4, 220697, 0, '2',15);

insert into T_SIMINFO (SIM_ID, ORG_CODE, DEPTCODE, STATE,PAY_MODLE, SIM_NUM) values(22698, 'B0000802', '中国移动', 1, '预付费', 13100002697);
insert into T_TERMINALINFO (TERMINAL_ID,TTYPE_ID,SIM_ID,TERMINAL_CODE,ORG_CODE,IS_VIDEO_TERMINAL,SP_SERVER_NAME,PROTOCOL_TYPE,CHANNELS,YT_PROTOCOL_TYPE) values(220698, 4, 22698, '1002697', 'B0000802',1,'1076测试服务器','4',8,'0');
insert into V_VEHICLEINFO (ORG_CODE,VEHICLE_ID,ID_NUMBER,TYPE_ID,TERMINAL_ID,DELETE_FLAG,COLOR_ID_NUMBER_ID,AUTHORIZED_PAY_MASS) values ('B0000802','2200698', '测B02697', 4, 220698, 0, '2',15);

insert into T_SIMINFO (SIM_ID, ORG_CODE, DEPTCODE, STATE,PAY_MODLE, SIM_NUM) values(22699, 'B0000802', '中国移动', 1, '预付费', 13100002698);
insert into T_TERMINALINFO (TERMINAL_ID,TTYPE_ID,SIM_ID,TERMINAL_CODE,ORG_CODE,IS_VIDEO_TERMINAL,SP_SERVER_NAME,PROTOCOL_TYPE,CHANNELS,YT_PROTOCOL_TYPE) values(220699, 4, 22699, '1002698', 'B0000802',1,'1076测试服务器','4',8,'0');
insert into V_VEHICLEINFO (ORG_CODE,VEHICLE_ID,ID_NUMBER,TYPE_ID,TERMINAL_ID,DELETE_FLAG,COLOR_ID_NUMBER_ID,AUTHORIZED_PAY_MASS) values ('B0000802','2200699', '测B02698', 4, 220699, 0, '2',15);

insert into T_SIMINFO (SIM_ID, ORG_CODE, DEPTCODE, STATE,PAY_MODLE, SIM_NUM) values(22700, 'B0000802', '中国移动', 1, '预付费', 13100002699);
insert into T_TERMINALINFO (TERMINAL_ID,TTYPE_ID,SIM_ID,TERMINAL_CODE,ORG_CODE,IS_VIDEO_TERMINAL,SP_SERVER_NAME,PROTOCOL_TYPE,CHANNELS,YT_PROTOCOL_TYPE) values(220700, 4, 22700, '1002699', 'B0000802',1,'1076测试服务器','4',8,'0');
insert into V_VEHICLEINFO (ORG_CODE,VEHICLE_ID,ID_NUMBER,TYPE_ID,TERMINAL_ID,DELETE_FLAG,COLOR_ID_NUMBER_ID,AUTHORIZED_PAY_MASS) values ('B0000802','2200700', '测B02699', 4, 220700, 0, '2',15);

insert into T_SIMINFO (SIM_ID, ORG_CODE, DEPTCODE, STATE,PAY_MODLE, SIM_NUM) values(22701, 'B0000802', '中国移动', 1, '预付费', 13100002700);
insert into T_TERMINALINFO (TERMINAL_ID,TTYPE_ID,SIM_ID,TERMINAL_CODE,ORG_CODE,IS_VIDEO_TERMINAL,SP_SERVER_NAME,PROTOCOL_TYPE,CHANNELS,YT_PROTOCOL_TYPE) values(220701, 4, 22701, '1002700', 'B0000802',1,'1076测试服务器','4',8,'0');
insert into V_VEHICLEINFO (ORG_CODE,VEHICLE_ID,ID_NUMBER,TYPE_ID,TERMINAL_ID,DELETE_FLAG,COLOR_ID_NUMBER_ID,AUTHORIZED_PAY_MASS) values ('B0000802','2200701', '测B02700', 4, 220701, 0, '2',15);

insert into T_SIMINFO (SIM_ID, ORG_CODE, DEPTCODE, STATE,PAY_MODLE, SIM_NUM) values(22702, 'B0000802', '中国移动', 1, '预付费', 13100002701);
insert into T_TERMINALINFO (TERMINAL_ID,TTYPE_ID,SIM_ID,TERMINAL_CODE,ORG_CODE,IS_VIDEO_TERMINAL,SP_SERVER_NAME,PROTOCOL_TYPE,CHANNELS,YT_PROTOCOL_TYPE) values(220702, 4, 22702, '1002701', 'B0000802',1,'1076测试服务器','4',8,'0');
insert into V_VEHICLEINFO (ORG_CODE,VEHICLE_ID,ID_NUMBER,TYPE_ID,TERMINAL_ID,DELETE_FLAG,COLOR_ID_NUMBER_ID,AUTHORIZED_PAY_MASS) values ('B0000802','2200702', '测B02701', 4, 220702, 0, '2',15);

insert into T_SIMINFO (SIM_ID, ORG_CODE, DEPTCODE, STATE,PAY_MODLE, SIM_NUM) values(22703, 'B0000802', '中国移动', 1, '预付费', 13100002702);
insert into T_TERMINALINFO (TERMINAL_ID,TTYPE_ID,SIM_ID,TERMINAL_CODE,ORG_CODE,IS_VIDEO_TERMINAL,SP_SERVER_NAME,PROTOCOL_TYPE,CHANNELS,YT_PROTOCOL_TYPE) values(220703, 4, 22703, '1002702', 'B0000802',1,'1076测试服务器','4',8,'0');
insert into V_VEHICLEINFO (ORG_CODE,VEHICLE_ID,ID_NUMBER,TYPE_ID,TERMINAL_ID,DELETE_FLAG,COLOR_ID_NUMBER_ID,AUTHORIZED_PAY_MASS) values ('B0000802','2200703', '测B02702', 4, 220703, 0, '2',15);

insert into T_SIMINFO (SIM_ID, ORG_CODE, DEPTCODE, STATE,PAY_MODLE, SIM_NUM) values(22704, 'B0000802', '中国移动', 1, '预付费', 13100002703);
insert into T_TERMINALINFO (TERMINAL_ID,TTYPE_ID,SIM_ID,TERMINAL_CODE,ORG_CODE,IS_VIDEO_TERMINAL,SP_SERVER_NAME,PROTOCOL_TYPE,CHANNELS,YT_PROTOCOL_TYPE) values(220704, 4, 22704, '1002703', 'B0000802',1,'1076测试服务器','4',8,'0');
insert into V_VEHICLEINFO (ORG_CODE,VEHICLE_ID,ID_NUMBER,TYPE_ID,TERMINAL_ID,DELETE_FLAG,COLOR_ID_NUMBER_ID,AUTHORIZED_PAY_MASS) values ('B0000802','2200704', '测B02703', 4, 220704, 0, '2',15);

insert into T_SIMINFO (SIM_ID, ORG_CODE, DEPTCODE, STATE,PAY_MODLE, SIM_NUM) values(22705, 'B0000802', '中国移动', 1, '预付费', 13100002704);
insert into T_TERMINALINFO (TERMINAL_ID,TTYPE_ID,SIM_ID,TERMINAL_CODE,ORG_CODE,IS_VIDEO_TERMINAL,SP_SERVER_NAME,PROTOCOL_TYPE,CHANNELS,YT_PROTOCOL_TYPE) values(220705, 4, 22705, '1002704', 'B0000802',1,'1076测试服务器','4',8,'0');
insert into V_VEHICLEINFO (ORG_CODE,VEHICLE_ID,ID_NUMBER,TYPE_ID,TERMINAL_ID,DELETE_FLAG,COLOR_ID_NUMBER_ID,AUTHORIZED_PAY_MASS) values ('B0000802','2200705', '测B02704', 4, 220705, 0, '2',15);

insert into T_SIMINFO (SIM_ID, ORG_CODE, DEPTCODE, STATE,PAY_MODLE, SIM_NUM) values(22706, 'B0000802', '中国移动', 1, '预付费', 13100002705);
insert into T_TERMINALINFO (TERMINAL_ID,TTYPE_ID,SIM_ID,TERMINAL_CODE,ORG_CODE,IS_VIDEO_TERMINAL,SP_SERVER_NAME,PROTOCOL_TYPE,CHANNELS,YT_PROTOCOL_TYPE) values(220706, 4, 22706, '1002705', 'B0000802',1,'1076测试服务器','4',8,'0');
insert into V_VEHICLEINFO (ORG_CODE,VEHICLE_ID,ID_NUMBER,TYPE_ID,TERMINAL_ID,DELETE_FLAG,COLOR_ID_NUMBER_ID,AUTHORIZED_PAY_MASS) values ('B0000802','2200706', '测B02705', 4, 220706, 0, '2',15);

insert into T_SIMINFO (SIM_ID, ORG_CODE, DEPTCODE, STATE,PAY_MODLE, SIM_NUM) values(22707, 'B0000802', '中国移动', 1, '预付费', 13100002706);
insert into T_TERMINALINFO (TERMINAL_ID,TTYPE_ID,SIM_ID,TERMINAL_CODE,ORG_CODE,IS_VIDEO_TERMINAL,SP_SERVER_NAME,PROTOCOL_TYPE,CHANNELS,YT_PROTOCOL_TYPE) values(220707, 4, 22707, '1002706', 'B0000802',1,'1076测试服务器','4',8,'0');
insert into V_VEHICLEINFO (ORG_CODE,VEHICLE_ID,ID_NUMBER,TYPE_ID,TERMINAL_ID,DELETE_FLAG,COLOR_ID_NUMBER_ID,AUTHORIZED_PAY_MASS) values ('B0000802','2200707', '测B02706', 4, 220707, 0, '2',15);

insert into T_SIMINFO (SIM_ID, ORG_CODE, DEPTCODE, STATE,PAY_MODLE, SIM_NUM) values(22708, 'B0000802', '中国移动', 1, '预付费', 13100002707);
insert into T_TERMINALINFO (TERMINAL_ID,TTYPE_ID,SIM_ID,TERMINAL_CODE,ORG_CODE,IS_VIDEO_TERMINAL,SP_SERVER_NAME,PROTOCOL_TYPE,CHANNELS,YT_PROTOCOL_TYPE) values(220708, 4, 22708, '1002707', 'B0000802',1,'1076测试服务器','4',8,'0');
insert into V_VEHICLEINFO (ORG_CODE,VEHICLE_ID,ID_NUMBER,TYPE_ID,TERMINAL_ID,DELETE_FLAG,COLOR_ID_NUMBER_ID,AUTHORIZED_PAY_MASS) values ('B0000802','2200708', '测B02707', 4, 220708, 0, '2',15);

insert into T_SIMINFO (SIM_ID, ORG_CODE, DEPTCODE, STATE,PAY_MODLE, SIM_NUM) values(22709, 'B0000802', '中国移动', 1, '预付费', 13100002708);
insert into T_TERMINALINFO (TERMINAL_ID,TTYPE_ID,SIM_ID,TERMINAL_CODE,ORG_CODE,IS_VIDEO_TERMINAL,SP_SERVER_NAME,PROTOCOL_TYPE,CHANNELS,YT_PROTOCOL_TYPE) values(220709, 4, 22709, '1002708', 'B0000802',1,'1076测试服务器','4',8,'0');
insert into V_VEHICLEINFO (ORG_CODE,VEHICLE_ID,ID_NUMBER,TYPE_ID,TERMINAL_ID,DELETE_FLAG,COLOR_ID_NUMBER_ID,AUTHORIZED_PAY_MASS) values ('B0000802','2200709', '测B02708', 4, 220709, 0, '2',15);

insert into T_SIMINFO (SIM_ID, ORG_CODE, DEPTCODE, STATE,PAY_MODLE, SIM_NUM) values(22710, 'B0000802', '中国移动', 1, '预付费', 13100002709);
insert into T_TERMINALINFO (TERMINAL_ID,TTYPE_ID,SIM_ID,TERMINAL_CODE,ORG_CODE,IS_VIDEO_TERMINAL,SP_SERVER_NAME,PROTOCOL_TYPE,CHANNELS,YT_PROTOCOL_TYPE) values(220710, 4, 22710, '1002709', 'B0000802',1,'1076测试服务器','4',8,'0');
insert into V_VEHICLEINFO (ORG_CODE,VEHICLE_ID,ID_NUMBER,TYPE_ID,TERMINAL_ID,DELETE_FLAG,COLOR_ID_NUMBER_ID,AUTHORIZED_PAY_MASS) values ('B0000802','2200710', '测B02709', 4, 220710, 0, '2',15);

insert into T_SIMINFO (SIM_ID, ORG_CODE, DEPTCODE, STATE,PAY_MODLE, SIM_NUM) values(22711, 'B0000802', '中国移动', 1, '预付费', 13100002710);
insert into T_TERMINALINFO (TERMINAL_ID,TTYPE_ID,SIM_ID,TERMINAL_CODE,ORG_CODE,IS_VIDEO_TERMINAL,SP_SERVER_NAME,PROTOCOL_TYPE,CHANNELS,YT_PROTOCOL_TYPE) values(220711, 4, 22711, '1002710', 'B0000802',1,'1076测试服务器','4',8,'0');
insert into V_VEHICLEINFO (ORG_CODE,VEHICLE_ID,ID_NUMBER,TYPE_ID,TERMINAL_ID,DELETE_FLAG,COLOR_ID_NUMBER_ID,AUTHORIZED_PAY_MASS) values ('B0000802','2200711', '测B02710', 4, 220711, 0, '2',15);

insert into T_SIMINFO (SIM_ID, ORG_CODE, DEPTCODE, STATE,PAY_MODLE, SIM_NUM) values(22712, 'B0000802', '中国移动', 1, '预付费', 13100002711);
insert into T_TERMINALINFO (TERMINAL_ID,TTYPE_ID,SIM_ID,TERMINAL_CODE,ORG_CODE,IS_VIDEO_TERMINAL,SP_SERVER_NAME,PROTOCOL_TYPE,CHANNELS,YT_PROTOCOL_TYPE) values(220712, 4, 22712, '1002711', 'B0000802',1,'1076测试服务器','4',8,'0');
insert into V_VEHICLEINFO (ORG_CODE,VEHICLE_ID,ID_NUMBER,TYPE_ID,TERMINAL_ID,DELETE_FLAG,COLOR_ID_NUMBER_ID,AUTHORIZED_PAY_MASS) values ('B0000802','2200712', '测B02711', 4, 220712, 0, '2',15);

insert into T_SIMINFO (SIM_ID, ORG_CODE, DEPTCODE, STATE,PAY_MODLE, SIM_NUM) values(22713, 'B0000802', '中国移动', 1, '预付费', 13100002712);
insert into T_TERMINALINFO (TERMINAL_ID,TTYPE_ID,SIM_ID,TERMINAL_CODE,ORG_CODE,IS_VIDEO_TERMINAL,SP_SERVER_NAME,PROTOCOL_TYPE,CHANNELS,YT_PROTOCOL_TYPE) values(220713, 4, 22713, '1002712', 'B0000802',1,'1076测试服务器','4',8,'0');
insert into V_VEHICLEINFO (ORG_CODE,VEHICLE_ID,ID_NUMBER,TYPE_ID,TERMINAL_ID,DELETE_FLAG,COLOR_ID_NUMBER_ID,AUTHORIZED_PAY_MASS) values ('B0000802','2200713', '测B02712', 4, 220713, 0, '2',15);

insert into T_SIMINFO (SIM_ID, ORG_CODE, DEPTCODE, STATE,PAY_MODLE, SIM_NUM) values(22714, 'B0000802', '中国移动', 1, '预付费', 13100002713);
insert into T_TERMINALINFO (TERMINAL_ID,TTYPE_ID,SIM_ID,TERMINAL_CODE,ORG_CODE,IS_VIDEO_TERMINAL,SP_SERVER_NAME,PROTOCOL_TYPE,CHANNELS,YT_PROTOCOL_TYPE) values(220714, 4, 22714, '1002713', 'B0000802',1,'1076测试服务器','4',8,'0');
insert into V_VEHICLEINFO (ORG_CODE,VEHICLE_ID,ID_NUMBER,TYPE_ID,TERMINAL_ID,DELETE_FLAG,COLOR_ID_NUMBER_ID,AUTHORIZED_PAY_MASS) values ('B0000802','2200714', '测B02713', 4, 220714, 0, '2',15);

insert into T_SIMINFO (SIM_ID, ORG_CODE, DEPTCODE, STATE,PAY_MODLE, SIM_NUM) values(22715, 'B0000802', '中国移动', 1, '预付费', 13100002714);
insert into T_TERMINALINFO (TERMINAL_ID,TTYPE_ID,SIM_ID,TERMINAL_CODE,ORG_CODE,IS_VIDEO_TERMINAL,SP_SERVER_NAME,PROTOCOL_TYPE,CHANNELS,YT_PROTOCOL_TYPE) values(220715, 4, 22715, '1002714', 'B0000802',1,'1076测试服务器','4',8,'0');
insert into V_VEHICLEINFO (ORG_CODE,VEHICLE_ID,ID_NUMBER,TYPE_ID,TERMINAL_ID,DELETE_FLAG,COLOR_ID_NUMBER_ID,AUTHORIZED_PAY_MASS) values ('B0000802','2200715', '测B02714', 4, 220715, 0, '2',15);

insert into T_SIMINFO (SIM_ID, ORG_CODE, DEPTCODE, STATE,PAY_MODLE, SIM_NUM) values(22716, 'B0000802', '中国移动', 1, '预付费', 13100002715);
insert into T_TERMINALINFO (TERMINAL_ID,TTYPE_ID,SIM_ID,TERMINAL_CODE,ORG_CODE,IS_VIDEO_TERMINAL,SP_SERVER_NAME,PROTOCOL_TYPE,CHANNELS,YT_PROTOCOL_TYPE) values(220716, 4, 22716, '1002715', 'B0000802',1,'1076测试服务器','4',8,'0');
insert into V_VEHICLEINFO (ORG_CODE,VEHICLE_ID,ID_NUMBER,TYPE_ID,TERMINAL_ID,DELETE_FLAG,COLOR_ID_NUMBER_ID,AUTHORIZED_PAY_MASS) values ('B0000802','2200716', '测B02715', 4, 220716, 0, '2',15);

insert into T_SIMINFO (SIM_ID, ORG_CODE, DEPTCODE, STATE,PAY_MODLE, SIM_NUM) values(22717, 'B0000802', '中国移动', 1, '预付费', 13100002716);
insert into T_TERMINALINFO (TERMINAL_ID,TTYPE_ID,SIM_ID,TERMINAL_CODE,ORG_CODE,IS_VIDEO_TERMINAL,SP_SERVER_NAME,PROTOCOL_TYPE,CHANNELS,YT_PROTOCOL_TYPE) values(220717, 4, 22717, '1002716', 'B0000802',1,'1076测试服务器','4',8,'0');
insert into V_VEHICLEINFO (ORG_CODE,VEHICLE_ID,ID_NUMBER,TYPE_ID,TERMINAL_ID,DELETE_FLAG,COLOR_ID_NUMBER_ID,AUTHORIZED_PAY_MASS) values ('B0000802','2200717', '测B02716', 4, 220717, 0, '2',15);

insert into T_SIMINFO (SIM_ID, ORG_CODE, DEPTCODE, STATE,PAY_MODLE, SIM_NUM) values(22718, 'B0000802', '中国移动', 1, '预付费', 13100002717);
insert into T_TERMINALINFO (TERMINAL_ID,TTYPE_ID,SIM_ID,TERMINAL_CODE,ORG_CODE,IS_VIDEO_TERMINAL,SP_SERVER_NAME,PROTOCOL_TYPE,CHANNELS,YT_PROTOCOL_TYPE) values(220718, 4, 22718, '1002717', 'B0000802',1,'1076测试服务器','4',8,'0');
insert into V_VEHICLEINFO (ORG_CODE,VEHICLE_ID,ID_NUMBER,TYPE_ID,TERMINAL_ID,DELETE_FLAG,COLOR_ID_NUMBER_ID,AUTHORIZED_PAY_MASS) values ('B0000802','2200718', '测B02717', 4, 220718, 0, '2',15);

insert into T_SIMINFO (SIM_ID, ORG_CODE, DEPTCODE, STATE,PAY_MODLE, SIM_NUM) values(22719, 'B0000802', '中国移动', 1, '预付费', 13100002718);
insert into T_TERMINALINFO (TERMINAL_ID,TTYPE_ID,SIM_ID,TERMINAL_CODE,ORG_CODE,IS_VIDEO_TERMINAL,SP_SERVER_NAME,PROTOCOL_TYPE,CHANNELS,YT_PROTOCOL_TYPE) values(220719, 4, 22719, '1002718', 'B0000802',1,'1076测试服务器','4',8,'0');
insert into V_VEHICLEINFO (ORG_CODE,VEHICLE_ID,ID_NUMBER,TYPE_ID,TERMINAL_ID,DELETE_FLAG,COLOR_ID_NUMBER_ID,AUTHORIZED_PAY_MASS) values ('B0000802','2200719', '测B02718', 4, 220719, 0, '2',15);

insert into T_SIMINFO (SIM_ID, ORG_CODE, DEPTCODE, STATE,PAY_MODLE, SIM_NUM) values(22720, 'B0000802', '中国移动', 1, '预付费', 13100002719);
insert into T_TERMINALINFO (TERMINAL_ID,TTYPE_ID,SIM_ID,TERMINAL_CODE,ORG_CODE,IS_VIDEO_TERMINAL,SP_SERVER_NAME,PROTOCOL_TYPE,CHANNELS,YT_PROTOCOL_TYPE) values(220720, 4, 22720, '1002719', 'B0000802',1,'1076测试服务器','4',8,'0');
insert into V_VEHICLEINFO (ORG_CODE,VEHICLE_ID,ID_NUMBER,TYPE_ID,TERMINAL_ID,DELETE_FLAG,COLOR_ID_NUMBER_ID,AUTHORIZED_PAY_MASS) values ('B0000802','2200720', '测B02719', 4, 220720, 0, '2',15);

insert into T_SIMINFO (SIM_ID, ORG_CODE, DEPTCODE, STATE,PAY_MODLE, SIM_NUM) values(22721, 'B0000802', '中国移动', 1, '预付费', 13100002720);
insert into T_TERMINALINFO (TERMINAL_ID,TTYPE_ID,SIM_ID,TERMINAL_CODE,ORG_CODE,IS_VIDEO_TERMINAL,SP_SERVER_NAME,PROTOCOL_TYPE,CHANNELS,YT_PROTOCOL_TYPE) values(220721, 4, 22721, '1002720', 'B0000802',1,'1076测试服务器','4',8,'0');
insert into V_VEHICLEINFO (ORG_CODE,VEHICLE_ID,ID_NUMBER,TYPE_ID,TERMINAL_ID,DELETE_FLAG,COLOR_ID_NUMBER_ID,AUTHORIZED_PAY_MASS) values ('B0000802','2200721', '测B02720', 4, 220721, 0, '2',15);

insert into T_SIMINFO (SIM_ID, ORG_CODE, DEPTCODE, STATE,PAY_MODLE, SIM_NUM) values(22722, 'B0000802', '中国移动', 1, '预付费', 13100002721);
insert into T_TERMINALINFO (TERMINAL_ID,TTYPE_ID,SIM_ID,TERMINAL_CODE,ORG_CODE,IS_VIDEO_TERMINAL,SP_SERVER_NAME,PROTOCOL_TYPE,CHANNELS,YT_PROTOCOL_TYPE) values(220722, 4, 22722, '1002721', 'B0000802',1,'1076测试服务器','4',8,'0');
insert into V_VEHICLEINFO (ORG_CODE,VEHICLE_ID,ID_NUMBER,TYPE_ID,TERMINAL_ID,DELETE_FLAG,COLOR_ID_NUMBER_ID,AUTHORIZED_PAY_MASS) values ('B0000802','2200722', '测B02721', 4, 220722, 0, '2',15);

insert into T_SIMINFO (SIM_ID, ORG_CODE, DEPTCODE, STATE,PAY_MODLE, SIM_NUM) values(22723, 'B0000802', '中国移动', 1, '预付费', 13100002722);
insert into T_TERMINALINFO (TERMINAL_ID,TTYPE_ID,SIM_ID,TERMINAL_CODE,ORG_CODE,IS_VIDEO_TERMINAL,SP_SERVER_NAME,PROTOCOL_TYPE,CHANNELS,YT_PROTOCOL_TYPE) values(220723, 4, 22723, '1002722', 'B0000802',1,'1076测试服务器','4',8,'0');
insert into V_VEHICLEINFO (ORG_CODE,VEHICLE_ID,ID_NUMBER,TYPE_ID,TERMINAL_ID,DELETE_FLAG,COLOR_ID_NUMBER_ID,AUTHORIZED_PAY_MASS) values ('B0000802','2200723', '测B02722', 4, 220723, 0, '2',15);

insert into T_SIMINFO (SIM_ID, ORG_CODE, DEPTCODE, STATE,PAY_MODLE, SIM_NUM) values(22724, 'B0000802', '中国移动', 1, '预付费', 13100002723);
insert into T_TERMINALINFO (TERMINAL_ID,TTYPE_ID,SIM_ID,TERMINAL_CODE,ORG_CODE,IS_VIDEO_TERMINAL,SP_SERVER_NAME,PROTOCOL_TYPE,CHANNELS,YT_PROTOCOL_TYPE) values(220724, 4, 22724, '1002723', 'B0000802',1,'1076测试服务器','4',8,'0');
insert into V_VEHICLEINFO (ORG_CODE,VEHICLE_ID,ID_NUMBER,TYPE_ID,TERMINAL_ID,DELETE_FLAG,COLOR_ID_NUMBER_ID,AUTHORIZED_PAY_MASS) values ('B0000802','2200724', '测B02723', 4, 220724, 0, '2',15);

insert into T_SIMINFO (SIM_ID, ORG_CODE, DEPTCODE, STATE,PAY_MODLE, SIM_NUM) values(22725, 'B0000802', '中国移动', 1, '预付费', 13100002724);
insert into T_TERMINALINFO (TERMINAL_ID,TTYPE_ID,SIM_ID,TERMINAL_CODE,ORG_CODE,IS_VIDEO_TERMINAL,SP_SERVER_NAME,PROTOCOL_TYPE,CHANNELS,YT_PROTOCOL_TYPE) values(220725, 4, 22725, '1002724', 'B0000802',1,'1076测试服务器','4',8,'0');
insert into V_VEHICLEINFO (ORG_CODE,VEHICLE_ID,ID_NUMBER,TYPE_ID,TERMINAL_ID,DELETE_FLAG,COLOR_ID_NUMBER_ID,AUTHORIZED_PAY_MASS) values ('B0000802','2200725', '测B02724', 4, 220725, 0, '2',15);

insert into T_SIMINFO (SIM_ID, ORG_CODE, DEPTCODE, STATE,PAY_MODLE, SIM_NUM) values(22726, 'B0000802', '中国移动', 1, '预付费', 13100002725);
insert into T_TERMINALINFO (TERMINAL_ID,TTYPE_ID,SIM_ID,TERMINAL_CODE,ORG_CODE,IS_VIDEO_TERMINAL,SP_SERVER_NAME,PROTOCOL_TYPE,CHANNELS,YT_PROTOCOL_TYPE) values(220726, 4, 22726, '1002725', 'B0000802',1,'1076测试服务器','4',8,'0');
insert into V_VEHICLEINFO (ORG_CODE,VEHICLE_ID,ID_NUMBER,TYPE_ID,TERMINAL_ID,DELETE_FLAG,COLOR_ID_NUMBER_ID,AUTHORIZED_PAY_MASS) values ('B0000802','2200726', '测B02725', 4, 220726, 0, '2',15);

insert into T_SIMINFO (SIM_ID, ORG_CODE, DEPTCODE, STATE,PAY_MODLE, SIM_NUM) values(22727, 'B0000802', '中国移动', 1, '预付费', 13100002726);
insert into T_TERMINALINFO (TERMINAL_ID,TTYPE_ID,SIM_ID,TERMINAL_CODE,ORG_CODE,IS_VIDEO_TERMINAL,SP_SERVER_NAME,PROTOCOL_TYPE,CHANNELS,YT_PROTOCOL_TYPE) values(220727, 4, 22727, '1002726', 'B0000802',1,'1076测试服务器','4',8,'0');
insert into V_VEHICLEINFO (ORG_CODE,VEHICLE_ID,ID_NUMBER,TYPE_ID,TERMINAL_ID,DELETE_FLAG,COLOR_ID_NUMBER_ID,AUTHORIZED_PAY_MASS) values ('B0000802','2200727', '测B02726', 4, 220727, 0, '2',15);

insert into T_SIMINFO (SIM_ID, ORG_CODE, DEPTCODE, STATE,PAY_MODLE, SIM_NUM) values(22728, 'B0000802', '中国移动', 1, '预付费', 13100002727);
insert into T_TERMINALINFO (TERMINAL_ID,TTYPE_ID,SIM_ID,TERMINAL_CODE,ORG_CODE,IS_VIDEO_TERMINAL,SP_SERVER_NAME,PROTOCOL_TYPE,CHANNELS,YT_PROTOCOL_TYPE) values(220728, 4, 22728, '1002727', 'B0000802',1,'1076测试服务器','4',8,'0');
insert into V_VEHICLEINFO (ORG_CODE,VEHICLE_ID,ID_NUMBER,TYPE_ID,TERMINAL_ID,DELETE_FLAG,COLOR_ID_NUMBER_ID,AUTHORIZED_PAY_MASS) values ('B0000802','2200728', '测B02727', 4, 220728, 0, '2',15);

insert into T_SIMINFO (SIM_ID, ORG_CODE, DEPTCODE, STATE,PAY_MODLE, SIM_NUM) values(22729, 'B0000802', '中国移动', 1, '预付费', 13100002728);
insert into T_TERMINALINFO (TERMINAL_ID,TTYPE_ID,SIM_ID,TERMINAL_CODE,ORG_CODE,IS_VIDEO_TERMINAL,SP_SERVER_NAME,PROTOCOL_TYPE,CHANNELS,YT_PROTOCOL_TYPE) values(220729, 4, 22729, '1002728', 'B0000802',1,'1076测试服务器','4',8,'0');
insert into V_VEHICLEINFO (ORG_CODE,VEHICLE_ID,ID_NUMBER,TYPE_ID,TERMINAL_ID,DELETE_FLAG,COLOR_ID_NUMBER_ID,AUTHORIZED_PAY_MASS) values ('B0000802','2200729', '测B02728', 4, 220729, 0, '2',15);

insert into T_SIMINFO (SIM_ID, ORG_CODE, DEPTCODE, STATE,PAY_MODLE, SIM_NUM) values(22730, 'B0000802', '中国移动', 1, '预付费', 13100002729);
insert into T_TERMINALINFO (TERMINAL_ID,TTYPE_ID,SIM_ID,TERMINAL_CODE,ORG_CODE,IS_VIDEO_TERMINAL,SP_SERVER_NAME,PROTOCOL_TYPE,CHANNELS,YT_PROTOCOL_TYPE) values(220730, 4, 22730, '1002729', 'B0000802',1,'1076测试服务器','4',8,'0');
insert into V_VEHICLEINFO (ORG_CODE,VEHICLE_ID,ID_NUMBER,TYPE_ID,TERMINAL_ID,DELETE_FLAG,COLOR_ID_NUMBER_ID,AUTHORIZED_PAY_MASS) values ('B0000802','2200730', '测B02729', 4, 220730, 0, '2',15);

insert into T_SIMINFO (SIM_ID, ORG_CODE, DEPTCODE, STATE,PAY_MODLE, SIM_NUM) values(22731, 'B0000802', '中国移动', 1, '预付费', 13100002730);
insert into T_TERMINALINFO (TERMINAL_ID,TTYPE_ID,SIM_ID,TERMINAL_CODE,ORG_CODE,IS_VIDEO_TERMINAL,SP_SERVER_NAME,PROTOCOL_TYPE,CHANNELS,YT_PROTOCOL_TYPE) values(220731, 4, 22731, '1002730', 'B0000802',1,'1076测试服务器','4',8,'0');
insert into V_VEHICLEINFO (ORG_CODE,VEHICLE_ID,ID_NUMBER,TYPE_ID,TERMINAL_ID,DELETE_FLAG,COLOR_ID_NUMBER_ID,AUTHORIZED_PAY_MASS) values ('B0000802','2200731', '测B02730', 4, 220731, 0, '2',15);

insert into T_SIMINFO (SIM_ID, ORG_CODE, DEPTCODE, STATE,PAY_MODLE, SIM_NUM) values(22732, 'B0000802', '中国移动', 1, '预付费', 13100002731);
insert into T_TERMINALINFO (TERMINAL_ID,TTYPE_ID,SIM_ID,TERMINAL_CODE,ORG_CODE,IS_VIDEO_TERMINAL,SP_SERVER_NAME,PROTOCOL_TYPE,CHANNELS,YT_PROTOCOL_TYPE) values(220732, 4, 22732, '1002731', 'B0000802',1,'1076测试服务器','4',8,'0');
insert into V_VEHICLEINFO (ORG_CODE,VEHICLE_ID,ID_NUMBER,TYPE_ID,TERMINAL_ID,DELETE_FLAG,COLOR_ID_NUMBER_ID,AUTHORIZED_PAY_MASS) values ('B0000802','2200732', '测B02731', 4, 220732, 0, '2',15);

insert into T_SIMINFO (SIM_ID, ORG_CODE, DEPTCODE, STATE,PAY_MODLE, SIM_NUM) values(22733, 'B0000802', '中国移动', 1, '预付费', 13100002732);
insert into T_TERMINALINFO (TERMINAL_ID,TTYPE_ID,SIM_ID,TERMINAL_CODE,ORG_CODE,IS_VIDEO_TERMINAL,SP_SERVER_NAME,PROTOCOL_TYPE,CHANNELS,YT_PROTOCOL_TYPE) values(220733, 4, 22733, '1002732', 'B0000802',1,'1076测试服务器','4',8,'0');
insert into V_VEHICLEINFO (ORG_CODE,VEHICLE_ID,ID_NUMBER,TYPE_ID,TERMINAL_ID,DELETE_FLAG,COLOR_ID_NUMBER_ID,AUTHORIZED_PAY_MASS) values ('B0000802','2200733', '测B02732', 4, 220733, 0, '2',15);

insert into T_SIMINFO (SIM_ID, ORG_CODE, DEPTCODE, STATE,PAY_MODLE, SIM_NUM) values(22734, 'B0000802', '中国移动', 1, '预付费', 13100002733);
insert into T_TERMINALINFO (TERMINAL_ID,TTYPE_ID,SIM_ID,TERMINAL_CODE,ORG_CODE,IS_VIDEO_TERMINAL,SP_SERVER_NAME,PROTOCOL_TYPE,CHANNELS,YT_PROTOCOL_TYPE) values(220734, 4, 22734, '1002733', 'B0000802',1,'1076测试服务器','4',8,'0');
insert into V_VEHICLEINFO (ORG_CODE,VEHICLE_ID,ID_NUMBER,TYPE_ID,TERMINAL_ID,DELETE_FLAG,COLOR_ID_NUMBER_ID,AUTHORIZED_PAY_MASS) values ('B0000802','2200734', '测B02733', 4, 220734, 0, '2',15);

insert into T_SIMINFO (SIM_ID, ORG_CODE, DEPTCODE, STATE,PAY_MODLE, SIM_NUM) values(22735, 'B0000802', '中国移动', 1, '预付费', 13100002734);
insert into T_TERMINALINFO (TERMINAL_ID,TTYPE_ID,SIM_ID,TERMINAL_CODE,ORG_CODE,IS_VIDEO_TERMINAL,SP_SERVER_NAME,PROTOCOL_TYPE,CHANNELS,YT_PROTOCOL_TYPE) values(220735, 4, 22735, '1002734', 'B0000802',1,'1076测试服务器','4',8,'0');
insert into V_VEHICLEINFO (ORG_CODE,VEHICLE_ID,ID_NUMBER,TYPE_ID,TERMINAL_ID,DELETE_FLAG,COLOR_ID_NUMBER_ID,AUTHORIZED_PAY_MASS) values ('B0000802','2200735', '测B02734', 4, 220735, 0, '2',15);

insert into T_SIMINFO (SIM_ID, ORG_CODE, DEPTCODE, STATE,PAY_MODLE, SIM_NUM) values(22736, 'B0000802', '中国移动', 1, '预付费', 13100002735);
insert into T_TERMINALINFO (TERMINAL_ID,TTYPE_ID,SIM_ID,TERMINAL_CODE,ORG_CODE,IS_VIDEO_TERMINAL,SP_SERVER_NAME,PROTOCOL_TYPE,CHANNELS,YT_PROTOCOL_TYPE) values(220736, 4, 22736, '1002735', 'B0000802',1,'1076测试服务器','4',8,'0');
insert into V_VEHICLEINFO (ORG_CODE,VEHICLE_ID,ID_NUMBER,TYPE_ID,TERMINAL_ID,DELETE_FLAG,COLOR_ID_NUMBER_ID,AUTHORIZED_PAY_MASS) values ('B0000802','2200736', '测B02735', 4, 220736, 0, '2',15);

insert into T_SIMINFO (SIM_ID, ORG_CODE, DEPTCODE, STATE,PAY_MODLE, SIM_NUM) values(22737, 'B0000802', '中国移动', 1, '预付费', 13100002736);
insert into T_TERMINALINFO (TERMINAL_ID,TTYPE_ID,SIM_ID,TERMINAL_CODE,ORG_CODE,IS_VIDEO_TERMINAL,SP_SERVER_NAME,PROTOCOL_TYPE,CHANNELS,YT_PROTOCOL_TYPE) values(220737, 4, 22737, '1002736', 'B0000802',1,'1076测试服务器','4',8,'0');
insert into V_VEHICLEINFO (ORG_CODE,VEHICLE_ID,ID_NUMBER,TYPE_ID,TERMINAL_ID,DELETE_FLAG,COLOR_ID_NUMBER_ID,AUTHORIZED_PAY_MASS) values ('B0000802','2200737', '测B02736', 4, 220737, 0, '2',15);

insert into T_SIMINFO (SIM_ID, ORG_CODE, DEPTCODE, STATE,PAY_MODLE, SIM_NUM) values(22738, 'B0000802', '中国移动', 1, '预付费', 13100002737);
insert into T_TERMINALINFO (TERMINAL_ID,TTYPE_ID,SIM_ID,TERMINAL_CODE,ORG_CODE,IS_VIDEO_TERMINAL,SP_SERVER_NAME,PROTOCOL_TYPE,CHANNELS,YT_PROTOCOL_TYPE) values(220738, 4, 22738, '1002737', 'B0000802',1,'1076测试服务器','4',8,'0');
insert into V_VEHICLEINFO (ORG_CODE,VEHICLE_ID,ID_NUMBER,TYPE_ID,TERMINAL_ID,DELETE_FLAG,COLOR_ID_NUMBER_ID,AUTHORIZED_PAY_MASS) values ('B0000802','2200738', '测B02737', 4, 220738, 0, '2',15);

insert into T_SIMINFO (SIM_ID, ORG_CODE, DEPTCODE, STATE,PAY_MODLE, SIM_NUM) values(22739, 'B0000802', '中国移动', 1, '预付费', 13100002738);
insert into T_TERMINALINFO (TERMINAL_ID,TTYPE_ID,SIM_ID,TERMINAL_CODE,ORG_CODE,IS_VIDEO_TERMINAL,SP_SERVER_NAME,PROTOCOL_TYPE,CHANNELS,YT_PROTOCOL_TYPE) values(220739, 4, 22739, '1002738', 'B0000802',1,'1076测试服务器','4',8,'0');
insert into V_VEHICLEINFO (ORG_CODE,VEHICLE_ID,ID_NUMBER,TYPE_ID,TERMINAL_ID,DELETE_FLAG,COLOR_ID_NUMBER_ID,AUTHORIZED_PAY_MASS) values ('B0000802','2200739', '测B02738', 4, 220739, 0, '2',15);

insert into T_SIMINFO (SIM_ID, ORG_CODE, DEPTCODE, STATE,PAY_MODLE, SIM_NUM) values(22740, 'B0000802', '中国移动', 1, '预付费', 13100002739);
insert into T_TERMINALINFO (TERMINAL_ID,TTYPE_ID,SIM_ID,TERMINAL_CODE,ORG_CODE,IS_VIDEO_TERMINAL,SP_SERVER_NAME,PROTOCOL_TYPE,CHANNELS,YT_PROTOCOL_TYPE) values(220740, 4, 22740, '1002739', 'B0000802',1,'1076测试服务器','4',8,'0');
insert into V_VEHICLEINFO (ORG_CODE,VEHICLE_ID,ID_NUMBER,TYPE_ID,TERMINAL_ID,DELETE_FLAG,COLOR_ID_NUMBER_ID,AUTHORIZED_PAY_MASS) values ('B0000802','2200740', '测B02739', 4, 220740, 0, '2',15);

insert into T_SIMINFO (SIM_ID, ORG_CODE, DEPTCODE, STATE,PAY_MODLE, SIM_NUM) values(22741, 'B0000802', '中国移动', 1, '预付费', 13100002740);
insert into T_TERMINALINFO (TERMINAL_ID,TTYPE_ID,SIM_ID,TERMINAL_CODE,ORG_CODE,IS_VIDEO_TERMINAL,SP_SERVER_NAME,PROTOCOL_TYPE,CHANNELS,YT_PROTOCOL_TYPE) values(220741, 4, 22741, '1002740', 'B0000802',1,'1076测试服务器','4',8,'0');
insert into V_VEHICLEINFO (ORG_CODE,VEHICLE_ID,ID_NUMBER,TYPE_ID,TERMINAL_ID,DELETE_FLAG,COLOR_ID_NUMBER_ID,AUTHORIZED_PAY_MASS) values ('B0000802','2200741', '测B02740', 4, 220741, 0, '2',15);

insert into T_SIMINFO (SIM_ID, ORG_CODE, DEPTCODE, STATE,PAY_MODLE, SIM_NUM) values(22742, 'B0000802', '中国移动', 1, '预付费', 13100002741);
insert into T_TERMINALINFO (TERMINAL_ID,TTYPE_ID,SIM_ID,TERMINAL_CODE,ORG_CODE,IS_VIDEO_TERMINAL,SP_SERVER_NAME,PROTOCOL_TYPE,CHANNELS,YT_PROTOCOL_TYPE) values(220742, 4, 22742, '1002741', 'B0000802',1,'1076测试服务器','4',8,'0');
insert into V_VEHICLEINFO (ORG_CODE,VEHICLE_ID,ID_NUMBER,TYPE_ID,TERMINAL_ID,DELETE_FLAG,COLOR_ID_NUMBER_ID,AUTHORIZED_PAY_MASS) values ('B0000802','2200742', '测B02741', 4, 220742, 0, '2',15);

insert into T_SIMINFO (SIM_ID, ORG_CODE, DEPTCODE, STATE,PAY_MODLE, SIM_NUM) values(22743, 'B0000802', '中国移动', 1, '预付费', 13100002742);
insert into T_TERMINALINFO (TERMINAL_ID,TTYPE_ID,SIM_ID,TERMINAL_CODE,ORG_CODE,IS_VIDEO_TERMINAL,SP_SERVER_NAME,PROTOCOL_TYPE,CHANNELS,YT_PROTOCOL_TYPE) values(220743, 4, 22743, '1002742', 'B0000802',1,'1076测试服务器','4',8,'0');
insert into V_VEHICLEINFO (ORG_CODE,VEHICLE_ID,ID_NUMBER,TYPE_ID,TERMINAL_ID,DELETE_FLAG,COLOR_ID_NUMBER_ID,AUTHORIZED_PAY_MASS) values ('B0000802','2200743', '测B02742', 4, 220743, 0, '2',15);

insert into T_SIMINFO (SIM_ID, ORG_CODE, DEPTCODE, STATE,PAY_MODLE, SIM_NUM) values(22744, 'B0000802', '中国移动', 1, '预付费', 13100002743);
insert into T_TERMINALINFO (TERMINAL_ID,TTYPE_ID,SIM_ID,TERMINAL_CODE,ORG_CODE,IS_VIDEO_TERMINAL,SP_SERVER_NAME,PROTOCOL_TYPE,CHANNELS,YT_PROTOCOL_TYPE) values(220744, 4, 22744, '1002743', 'B0000802',1,'1076测试服务器','4',8,'0');
insert into V_VEHICLEINFO (ORG_CODE,VEHICLE_ID,ID_NUMBER,TYPE_ID,TERMINAL_ID,DELETE_FLAG,COLOR_ID_NUMBER_ID,AUTHORIZED_PAY_MASS) values ('B0000802','2200744', '测B02743', 4, 220744, 0, '2',15);

insert into T_SIMINFO (SIM_ID, ORG_CODE, DEPTCODE, STATE,PAY_MODLE, SIM_NUM) values(22745, 'B0000802', '中国移动', 1, '预付费', 13100002744);
insert into T_TERMINALINFO (TERMINAL_ID,TTYPE_ID,SIM_ID,TERMINAL_CODE,ORG_CODE,IS_VIDEO_TERMINAL,SP_SERVER_NAME,PROTOCOL_TYPE,CHANNELS,YT_PROTOCOL_TYPE) values(220745, 4, 22745, '1002744', 'B0000802',1,'1076测试服务器','4',8,'0');
insert into V_VEHICLEINFO (ORG_CODE,VEHICLE_ID,ID_NUMBER,TYPE_ID,TERMINAL_ID,DELETE_FLAG,COLOR_ID_NUMBER_ID,AUTHORIZED_PAY_MASS) values ('B0000802','2200745', '测B02744', 4, 220745, 0, '2',15);

insert into T_SIMINFO (SIM_ID, ORG_CODE, DEPTCODE, STATE,PAY_MODLE, SIM_NUM) values(22746, 'B0000802', '中国移动', 1, '预付费', 13100002745);
insert into T_TERMINALINFO (TERMINAL_ID,TTYPE_ID,SIM_ID,TERMINAL_CODE,ORG_CODE,IS_VIDEO_TERMINAL,SP_SERVER_NAME,PROTOCOL_TYPE,CHANNELS,YT_PROTOCOL_TYPE) values(220746, 4, 22746, '1002745', 'B0000802',1,'1076测试服务器','4',8,'0');
insert into V_VEHICLEINFO (ORG_CODE,VEHICLE_ID,ID_NUMBER,TYPE_ID,TERMINAL_ID,DELETE_FLAG,COLOR_ID_NUMBER_ID,AUTHORIZED_PAY_MASS) values ('B0000802','2200746', '测B02745', 4, 220746, 0, '2',15);

insert into T_SIMINFO (SIM_ID, ORG_CODE, DEPTCODE, STATE,PAY_MODLE, SIM_NUM) values(22747, 'B0000802', '中国移动', 1, '预付费', 13100002746);
insert into T_TERMINALINFO (TERMINAL_ID,TTYPE_ID,SIM_ID,TERMINAL_CODE,ORG_CODE,IS_VIDEO_TERMINAL,SP_SERVER_NAME,PROTOCOL_TYPE,CHANNELS,YT_PROTOCOL_TYPE) values(220747, 4, 22747, '1002746', 'B0000802',1,'1076测试服务器','4',8,'0');
insert into V_VEHICLEINFO (ORG_CODE,VEHICLE_ID,ID_NUMBER,TYPE_ID,TERMINAL_ID,DELETE_FLAG,COLOR_ID_NUMBER_ID,AUTHORIZED_PAY_MASS) values ('B0000802','2200747', '测B02746', 4, 220747, 0, '2',15);

insert into T_SIMINFO (SIM_ID, ORG_CODE, DEPTCODE, STATE,PAY_MODLE, SIM_NUM) values(22748, 'B0000802', '中国移动', 1, '预付费', 13100002747);
insert into T_TERMINALINFO (TERMINAL_ID,TTYPE_ID,SIM_ID,TERMINAL_CODE,ORG_CODE,IS_VIDEO_TERMINAL,SP_SERVER_NAME,PROTOCOL_TYPE,CHANNELS,YT_PROTOCOL_TYPE) values(220748, 4, 22748, '1002747', 'B0000802',1,'1076测试服务器','4',8,'0');
insert into V_VEHICLEINFO (ORG_CODE,VEHICLE_ID,ID_NUMBER,TYPE_ID,TERMINAL_ID,DELETE_FLAG,COLOR_ID_NUMBER_ID,AUTHORIZED_PAY_MASS) values ('B0000802','2200748', '测B02747', 4, 220748, 0, '2',15);

insert into T_SIMINFO (SIM_ID, ORG_CODE, DEPTCODE, STATE,PAY_MODLE, SIM_NUM) values(22749, 'B0000802', '中国移动', 1, '预付费', 13100002748);
insert into T_TERMINALINFO (TERMINAL_ID,TTYPE_ID,SIM_ID,TERMINAL_CODE,ORG_CODE,IS_VIDEO_TERMINAL,SP_SERVER_NAME,PROTOCOL_TYPE,CHANNELS,YT_PROTOCOL_TYPE) values(220749, 4, 22749, '1002748', 'B0000802',1,'1076测试服务器','4',8,'0');
insert into V_VEHICLEINFO (ORG_CODE,VEHICLE_ID,ID_NUMBER,TYPE_ID,TERMINAL_ID,DELETE_FLAG,COLOR_ID_NUMBER_ID,AUTHORIZED_PAY_MASS) values ('B0000802','2200749', '测B02748', 4, 220749, 0, '2',15);

insert into T_SIMINFO (SIM_ID, ORG_CODE, DEPTCODE, STATE,PAY_MODLE, SIM_NUM) values(22750, 'B0000802', '中国移动', 1, '预付费', 13100002749);
insert into T_TERMINALINFO (TERMINAL_ID,TTYPE_ID,SIM_ID,TERMINAL_CODE,ORG_CODE,IS_VIDEO_TERMINAL,SP_SERVER_NAME,PROTOCOL_TYPE,CHANNELS,YT_PROTOCOL_TYPE) values(220750, 4, 22750, '1002749', 'B0000802',1,'1076测试服务器','4',8,'0');
insert into V_VEHICLEINFO (ORG_CODE,VEHICLE_ID,ID_NUMBER,TYPE_ID,TERMINAL_ID,DELETE_FLAG,COLOR_ID_NUMBER_ID,AUTHORIZED_PAY_MASS) values ('B0000802','2200750', '测B02749', 4, 220750, 0, '2',15);

insert into T_SIMINFO (SIM_ID, ORG_CODE, DEPTCODE, STATE,PAY_MODLE, SIM_NUM) values(22751, 'B0000802', '中国移动', 1, '预付费', 13100002750);
insert into T_TERMINALINFO (TERMINAL_ID,TTYPE_ID,SIM_ID,TERMINAL_CODE,ORG_CODE,IS_VIDEO_TERMINAL,SP_SERVER_NAME,PROTOCOL_TYPE,CHANNELS,YT_PROTOCOL_TYPE) values(220751, 4, 22751, '1002750', 'B0000802',1,'1076测试服务器','4',8,'0');
insert into V_VEHICLEINFO (ORG_CODE,VEHICLE_ID,ID_NUMBER,TYPE_ID,TERMINAL_ID,DELETE_FLAG,COLOR_ID_NUMBER_ID,AUTHORIZED_PAY_MASS) values ('B0000802','2200751', '测B02750', 4, 220751, 0, '2',15);

insert into T_SIMINFO (SIM_ID, ORG_CODE, DEPTCODE, STATE,PAY_MODLE, SIM_NUM) values(22752, 'B0000802', '中国移动', 1, '预付费', 13100002751);
insert into T_TERMINALINFO (TERMINAL_ID,TTYPE_ID,SIM_ID,TERMINAL_CODE,ORG_CODE,IS_VIDEO_TERMINAL,SP_SERVER_NAME,PROTOCOL_TYPE,CHANNELS,YT_PROTOCOL_TYPE) values(220752, 4, 22752, '1002751', 'B0000802',1,'1076测试服务器','4',8,'0');
insert into V_VEHICLEINFO (ORG_CODE,VEHICLE_ID,ID_NUMBER,TYPE_ID,TERMINAL_ID,DELETE_FLAG,COLOR_ID_NUMBER_ID,AUTHORIZED_PAY_MASS) values ('B0000802','2200752', '测B02751', 4, 220752, 0, '2',15);

insert into T_SIMINFO (SIM_ID, ORG_CODE, DEPTCODE, STATE,PAY_MODLE, SIM_NUM) values(22753, 'B0000802', '中国移动', 1, '预付费', 13100002752);
insert into T_TERMINALINFO (TERMINAL_ID,TTYPE_ID,SIM_ID,TERMINAL_CODE,ORG_CODE,IS_VIDEO_TERMINAL,SP_SERVER_NAME,PROTOCOL_TYPE,CHANNELS,YT_PROTOCOL_TYPE) values(220753, 4, 22753, '1002752', 'B0000802',1,'1076测试服务器','4',8,'0');
insert into V_VEHICLEINFO (ORG_CODE,VEHICLE_ID,ID_NUMBER,TYPE_ID,TERMINAL_ID,DELETE_FLAG,COLOR_ID_NUMBER_ID,AUTHORIZED_PAY_MASS) values ('B0000802','2200753', '测B02752', 4, 220753, 0, '2',15);

insert into T_SIMINFO (SIM_ID, ORG_CODE, DEPTCODE, STATE,PAY_MODLE, SIM_NUM) values(22754, 'B0000802', '中国移动', 1, '预付费', 13100002753);
insert into T_TERMINALINFO (TERMINAL_ID,TTYPE_ID,SIM_ID,TERMINAL_CODE,ORG_CODE,IS_VIDEO_TERMINAL,SP_SERVER_NAME,PROTOCOL_TYPE,CHANNELS,YT_PROTOCOL_TYPE) values(220754, 4, 22754, '1002753', 'B0000802',1,'1076测试服务器','4',8,'0');
insert into V_VEHICLEINFO (ORG_CODE,VEHICLE_ID,ID_NUMBER,TYPE_ID,TERMINAL_ID,DELETE_FLAG,COLOR_ID_NUMBER_ID,AUTHORIZED_PAY_MASS) values ('B0000802','2200754', '测B02753', 4, 220754, 0, '2',15);

insert into T_SIMINFO (SIM_ID, ORG_CODE, DEPTCODE, STATE,PAY_MODLE, SIM_NUM) values(22755, 'B0000802', '中国移动', 1, '预付费', 13100002754);
insert into T_TERMINALINFO (TERMINAL_ID,TTYPE_ID,SIM_ID,TERMINAL_CODE,ORG_CODE,IS_VIDEO_TERMINAL,SP_SERVER_NAME,PROTOCOL_TYPE,CHANNELS,YT_PROTOCOL_TYPE) values(220755, 4, 22755, '1002754', 'B0000802',1,'1076测试服务器','4',8,'0');
insert into V_VEHICLEINFO (ORG_CODE,VEHICLE_ID,ID_NUMBER,TYPE_ID,TERMINAL_ID,DELETE_FLAG,COLOR_ID_NUMBER_ID,AUTHORIZED_PAY_MASS) values ('B0000802','2200755', '测B02754', 4, 220755, 0, '2',15);

insert into T_SIMINFO (SIM_ID, ORG_CODE, DEPTCODE, STATE,PAY_MODLE, SIM_NUM) values(22756, 'B0000802', '中国移动', 1, '预付费', 13100002755);
insert into T_TERMINALINFO (TERMINAL_ID,TTYPE_ID,SIM_ID,TERMINAL_CODE,ORG_CODE,IS_VIDEO_TERMINAL,SP_SERVER_NAME,PROTOCOL_TYPE,CHANNELS,YT_PROTOCOL_TYPE) values(220756, 4, 22756, '1002755', 'B0000802',1,'1076测试服务器','4',8,'0');
insert into V_VEHICLEINFO (ORG_CODE,VEHICLE_ID,ID_NUMBER,TYPE_ID,TERMINAL_ID,DELETE_FLAG,COLOR_ID_NUMBER_ID,AUTHORIZED_PAY_MASS) values ('B0000802','2200756', '测B02755', 4, 220756, 0, '2',15);

insert into T_SIMINFO (SIM_ID, ORG_CODE, DEPTCODE, STATE,PAY_MODLE, SIM_NUM) values(22757, 'B0000802', '中国移动', 1, '预付费', 13100002756);
insert into T_TERMINALINFO (TERMINAL_ID,TTYPE_ID,SIM_ID,TERMINAL_CODE,ORG_CODE,IS_VIDEO_TERMINAL,SP_SERVER_NAME,PROTOCOL_TYPE,CHANNELS,YT_PROTOCOL_TYPE) values(220757, 4, 22757, '1002756', 'B0000802',1,'1076测试服务器','4',8,'0');
insert into V_VEHICLEINFO (ORG_CODE,VEHICLE_ID,ID_NUMBER,TYPE_ID,TERMINAL_ID,DELETE_FLAG,COLOR_ID_NUMBER_ID,AUTHORIZED_PAY_MASS) values ('B0000802','2200757', '测B02756', 4, 220757, 0, '2',15);

insert into T_SIMINFO (SIM_ID, ORG_CODE, DEPTCODE, STATE,PAY_MODLE, SIM_NUM) values(22758, 'B0000802', '中国移动', 1, '预付费', 13100002757);
insert into T_TERMINALINFO (TERMINAL_ID,TTYPE_ID,SIM_ID,TERMINAL_CODE,ORG_CODE,IS_VIDEO_TERMINAL,SP_SERVER_NAME,PROTOCOL_TYPE,CHANNELS,YT_PROTOCOL_TYPE) values(220758, 4, 22758, '1002757', 'B0000802',1,'1076测试服务器','4',8,'0');
insert into V_VEHICLEINFO (ORG_CODE,VEHICLE_ID,ID_NUMBER,TYPE_ID,TERMINAL_ID,DELETE_FLAG,COLOR_ID_NUMBER_ID,AUTHORIZED_PAY_MASS) values ('B0000802','2200758', '测B02757', 4, 220758, 0, '2',15);

insert into T_SIMINFO (SIM_ID, ORG_CODE, DEPTCODE, STATE,PAY_MODLE, SIM_NUM) values(22759, 'B0000802', '中国移动', 1, '预付费', 13100002758);
insert into T_TERMINALINFO (TERMINAL_ID,TTYPE_ID,SIM_ID,TERMINAL_CODE,ORG_CODE,IS_VIDEO_TERMINAL,SP_SERVER_NAME,PROTOCOL_TYPE,CHANNELS,YT_PROTOCOL_TYPE) values(220759, 4, 22759, '1002758', 'B0000802',1,'1076测试服务器','4',8,'0');
insert into V_VEHICLEINFO (ORG_CODE,VEHICLE_ID,ID_NUMBER,TYPE_ID,TERMINAL_ID,DELETE_FLAG,COLOR_ID_NUMBER_ID,AUTHORIZED_PAY_MASS) values ('B0000802','2200759', '测B02758', 4, 220759, 0, '2',15);

insert into T_SIMINFO (SIM_ID, ORG_CODE, DEPTCODE, STATE,PAY_MODLE, SIM_NUM) values(22760, 'B0000802', '中国移动', 1, '预付费', 13100002759);
insert into T_TERMINALINFO (TERMINAL_ID,TTYPE_ID,SIM_ID,TERMINAL_CODE,ORG_CODE,IS_VIDEO_TERMINAL,SP_SERVER_NAME,PROTOCOL_TYPE,CHANNELS,YT_PROTOCOL_TYPE) values(220760, 4, 22760, '1002759', 'B0000802',1,'1076测试服务器','4',8,'0');
insert into V_VEHICLEINFO (ORG_CODE,VEHICLE_ID,ID_NUMBER,TYPE_ID,TERMINAL_ID,DELETE_FLAG,COLOR_ID_NUMBER_ID,AUTHORIZED_PAY_MASS) values ('B0000802','2200760', '测B02759', 4, 220760, 0, '2',15);

insert into T_SIMINFO (SIM_ID, ORG_CODE, DEPTCODE, STATE,PAY_MODLE, SIM_NUM) values(22761, 'B0000802', '中国移动', 1, '预付费', 13100002760);
insert into T_TERMINALINFO (TERMINAL_ID,TTYPE_ID,SIM_ID,TERMINAL_CODE,ORG_CODE,IS_VIDEO_TERMINAL,SP_SERVER_NAME,PROTOCOL_TYPE,CHANNELS,YT_PROTOCOL_TYPE) values(220761, 4, 22761, '1002760', 'B0000802',1,'1076测试服务器','4',8,'0');
insert into V_VEHICLEINFO (ORG_CODE,VEHICLE_ID,ID_NUMBER,TYPE_ID,TERMINAL_ID,DELETE_FLAG,COLOR_ID_NUMBER_ID,AUTHORIZED_PAY_MASS) values ('B0000802','2200761', '测B02760', 4, 220761, 0, '2',15);

insert into T_SIMINFO (SIM_ID, ORG_CODE, DEPTCODE, STATE,PAY_MODLE, SIM_NUM) values(22762, 'B0000802', '中国移动', 1, '预付费', 13100002761);
insert into T_TERMINALINFO (TERMINAL_ID,TTYPE_ID,SIM_ID,TERMINAL_CODE,ORG_CODE,IS_VIDEO_TERMINAL,SP_SERVER_NAME,PROTOCOL_TYPE,CHANNELS,YT_PROTOCOL_TYPE) values(220762, 4, 22762, '1002761', 'B0000802',1,'1076测试服务器','4',8,'0');
insert into V_VEHICLEINFO (ORG_CODE,VEHICLE_ID,ID_NUMBER,TYPE_ID,TERMINAL_ID,DELETE_FLAG,COLOR_ID_NUMBER_ID,AUTHORIZED_PAY_MASS) values ('B0000802','2200762', '测B02761', 4, 220762, 0, '2',15);

insert into T_SIMINFO (SIM_ID, ORG_CODE, DEPTCODE, STATE,PAY_MODLE, SIM_NUM) values(22763, 'B0000802', '中国移动', 1, '预付费', 13100002762);
insert into T_TERMINALINFO (TERMINAL_ID,TTYPE_ID,SIM_ID,TERMINAL_CODE,ORG_CODE,IS_VIDEO_TERMINAL,SP_SERVER_NAME,PROTOCOL_TYPE,CHANNELS,YT_PROTOCOL_TYPE) values(220763, 4, 22763, '1002762', 'B0000802',1,'1076测试服务器','4',8,'0');
insert into V_VEHICLEINFO (ORG_CODE,VEHICLE_ID,ID_NUMBER,TYPE_ID,TERMINAL_ID,DELETE_FLAG,COLOR_ID_NUMBER_ID,AUTHORIZED_PAY_MASS) values ('B0000802','2200763', '测B02762', 4, 220763, 0, '2',15);

insert into T_SIMINFO (SIM_ID, ORG_CODE, DEPTCODE, STATE,PAY_MODLE, SIM_NUM) values(22764, 'B0000802', '中国移动', 1, '预付费', 13100002763);
insert into T_TERMINALINFO (TERMINAL_ID,TTYPE_ID,SIM_ID,TERMINAL_CODE,ORG_CODE,IS_VIDEO_TERMINAL,SP_SERVER_NAME,PROTOCOL_TYPE,CHANNELS,YT_PROTOCOL_TYPE) values(220764, 4, 22764, '1002763', 'B0000802',1,'1076测试服务器','4',8,'0');
insert into V_VEHICLEINFO (ORG_CODE,VEHICLE_ID,ID_NUMBER,TYPE_ID,TERMINAL_ID,DELETE_FLAG,COLOR_ID_NUMBER_ID,AUTHORIZED_PAY_MASS) values ('B0000802','2200764', '测B02763', 4, 220764, 0, '2',15);

insert into T_SIMINFO (SIM_ID, ORG_CODE, DEPTCODE, STATE,PAY_MODLE, SIM_NUM) values(22765, 'B0000802', '中国移动', 1, '预付费', 13100002764);
insert into T_TERMINALINFO (TERMINAL_ID,TTYPE_ID,SIM_ID,TERMINAL_CODE,ORG_CODE,IS_VIDEO_TERMINAL,SP_SERVER_NAME,PROTOCOL_TYPE,CHANNELS,YT_PROTOCOL_TYPE) values(220765, 4, 22765, '1002764', 'B0000802',1,'1076测试服务器','4',8,'0');
insert into V_VEHICLEINFO (ORG_CODE,VEHICLE_ID,ID_NUMBER,TYPE_ID,TERMINAL_ID,DELETE_FLAG,COLOR_ID_NUMBER_ID,AUTHORIZED_PAY_MASS) values ('B0000802','2200765', '测B02764', 4, 220765, 0, '2',15);

insert into T_SIMINFO (SIM_ID, ORG_CODE, DEPTCODE, STATE,PAY_MODLE, SIM_NUM) values(22766, 'B0000802', '中国移动', 1, '预付费', 13100002765);
insert into T_TERMINALINFO (TERMINAL_ID,TTYPE_ID,SIM_ID,TERMINAL_CODE,ORG_CODE,IS_VIDEO_TERMINAL,SP_SERVER_NAME,PROTOCOL_TYPE,CHANNELS,YT_PROTOCOL_TYPE) values(220766, 4, 22766, '1002765', 'B0000802',1,'1076测试服务器','4',8,'0');
insert into V_VEHICLEINFO (ORG_CODE,VEHICLE_ID,ID_NUMBER,TYPE_ID,TERMINAL_ID,DELETE_FLAG,COLOR_ID_NUMBER_ID,AUTHORIZED_PAY_MASS) values ('B0000802','2200766', '测B02765', 4, 220766, 0, '2',15);

insert into T_SIMINFO (SIM_ID, ORG_CODE, DEPTCODE, STATE,PAY_MODLE, SIM_NUM) values(22767, 'B0000802', '中国移动', 1, '预付费', 13100002766);
insert into T_TERMINALINFO (TERMINAL_ID,TTYPE_ID,SIM_ID,TERMINAL_CODE,ORG_CODE,IS_VIDEO_TERMINAL,SP_SERVER_NAME,PROTOCOL_TYPE,CHANNELS,YT_PROTOCOL_TYPE) values(220767, 4, 22767, '1002766', 'B0000802',1,'1076测试服务器','4',8,'0');
insert into V_VEHICLEINFO (ORG_CODE,VEHICLE_ID,ID_NUMBER,TYPE_ID,TERMINAL_ID,DELETE_FLAG,COLOR_ID_NUMBER_ID,AUTHORIZED_PAY_MASS) values ('B0000802','2200767', '测B02766', 4, 220767, 0, '2',15);

insert into T_SIMINFO (SIM_ID, ORG_CODE, DEPTCODE, STATE,PAY_MODLE, SIM_NUM) values(22768, 'B0000802', '中国移动', 1, '预付费', 13100002767);
insert into T_TERMINALINFO (TERMINAL_ID,TTYPE_ID,SIM_ID,TERMINAL_CODE,ORG_CODE,IS_VIDEO_TERMINAL,SP_SERVER_NAME,PROTOCOL_TYPE,CHANNELS,YT_PROTOCOL_TYPE) values(220768, 4, 22768, '1002767', 'B0000802',1,'1076测试服务器','4',8,'0');
insert into V_VEHICLEINFO (ORG_CODE,VEHICLE_ID,ID_NUMBER,TYPE_ID,TERMINAL_ID,DELETE_FLAG,COLOR_ID_NUMBER_ID,AUTHORIZED_PAY_MASS) values ('B0000802','2200768', '测B02767', 4, 220768, 0, '2',15);

insert into T_SIMINFO (SIM_ID, ORG_CODE, DEPTCODE, STATE,PAY_MODLE, SIM_NUM) values(22769, 'B0000802', '中国移动', 1, '预付费', 13100002768);
insert into T_TERMINALINFO (TERMINAL_ID,TTYPE_ID,SIM_ID,TERMINAL_CODE,ORG_CODE,IS_VIDEO_TERMINAL,SP_SERVER_NAME,PROTOCOL_TYPE,CHANNELS,YT_PROTOCOL_TYPE) values(220769, 4, 22769, '1002768', 'B0000802',1,'1076测试服务器','4',8,'0');
insert into V_VEHICLEINFO (ORG_CODE,VEHICLE_ID,ID_NUMBER,TYPE_ID,TERMINAL_ID,DELETE_FLAG,COLOR_ID_NUMBER_ID,AUTHORIZED_PAY_MASS) values ('B0000802','2200769', '测B02768', 4, 220769, 0, '2',15);

insert into T_SIMINFO (SIM_ID, ORG_CODE, DEPTCODE, STATE,PAY_MODLE, SIM_NUM) values(22770, 'B0000802', '中国移动', 1, '预付费', 13100002769);
insert into T_TERMINALINFO (TERMINAL_ID,TTYPE_ID,SIM_ID,TERMINAL_CODE,ORG_CODE,IS_VIDEO_TERMINAL,SP_SERVER_NAME,PROTOCOL_TYPE,CHANNELS,YT_PROTOCOL_TYPE) values(220770, 4, 22770, '1002769', 'B0000802',1,'1076测试服务器','4',8,'0');
insert into V_VEHICLEINFO (ORG_CODE,VEHICLE_ID,ID_NUMBER,TYPE_ID,TERMINAL_ID,DELETE_FLAG,COLOR_ID_NUMBER_ID,AUTHORIZED_PAY_MASS) values ('B0000802','2200770', '测B02769', 4, 220770, 0, '2',15);

insert into T_SIMINFO (SIM_ID, ORG_CODE, DEPTCODE, STATE,PAY_MODLE, SIM_NUM) values(22771, 'B0000802', '中国移动', 1, '预付费', 13100002770);
insert into T_TERMINALINFO (TERMINAL_ID,TTYPE_ID,SIM_ID,TERMINAL_CODE,ORG_CODE,IS_VIDEO_TERMINAL,SP_SERVER_NAME,PROTOCOL_TYPE,CHANNELS,YT_PROTOCOL_TYPE) values(220771, 4, 22771, '1002770', 'B0000802',1,'1076测试服务器','4',8,'0');
insert into V_VEHICLEINFO (ORG_CODE,VEHICLE_ID,ID_NUMBER,TYPE_ID,TERMINAL_ID,DELETE_FLAG,COLOR_ID_NUMBER_ID,AUTHORIZED_PAY_MASS) values ('B0000802','2200771', '测B02770', 4, 220771, 0, '2',15);

insert into T_SIMINFO (SIM_ID, ORG_CODE, DEPTCODE, STATE,PAY_MODLE, SIM_NUM) values(22772, 'B0000802', '中国移动', 1, '预付费', 13100002771);
insert into T_TERMINALINFO (TERMINAL_ID,TTYPE_ID,SIM_ID,TERMINAL_CODE,ORG_CODE,IS_VIDEO_TERMINAL,SP_SERVER_NAME,PROTOCOL_TYPE,CHANNELS,YT_PROTOCOL_TYPE) values(220772, 4, 22772, '1002771', 'B0000802',1,'1076测试服务器','4',8,'0');
insert into V_VEHICLEINFO (ORG_CODE,VEHICLE_ID,ID_NUMBER,TYPE_ID,TERMINAL_ID,DELETE_FLAG,COLOR_ID_NUMBER_ID,AUTHORIZED_PAY_MASS) values ('B0000802','2200772', '测B02771', 4, 220772, 0, '2',15);

insert into T_SIMINFO (SIM_ID, ORG_CODE, DEPTCODE, STATE,PAY_MODLE, SIM_NUM) values(22773, 'B0000802', '中国移动', 1, '预付费', 13100002772);
insert into T_TERMINALINFO (TERMINAL_ID,TTYPE_ID,SIM_ID,TERMINAL_CODE,ORG_CODE,IS_VIDEO_TERMINAL,SP_SERVER_NAME,PROTOCOL_TYPE,CHANNELS,YT_PROTOCOL_TYPE) values(220773, 4, 22773, '1002772', 'B0000802',1,'1076测试服务器','4',8,'0');
insert into V_VEHICLEINFO (ORG_CODE,VEHICLE_ID,ID_NUMBER,TYPE_ID,TERMINAL_ID,DELETE_FLAG,COLOR_ID_NUMBER_ID,AUTHORIZED_PAY_MASS) values ('B0000802','2200773', '测B02772', 4, 220773, 0, '2',15);

insert into T_SIMINFO (SIM_ID, ORG_CODE, DEPTCODE, STATE,PAY_MODLE, SIM_NUM) values(22774, 'B0000802', '中国移动', 1, '预付费', 13100002773);
insert into T_TERMINALINFO (TERMINAL_ID,TTYPE_ID,SIM_ID,TERMINAL_CODE,ORG_CODE,IS_VIDEO_TERMINAL,SP_SERVER_NAME,PROTOCOL_TYPE,CHANNELS,YT_PROTOCOL_TYPE) values(220774, 4, 22774, '1002773', 'B0000802',1,'1076测试服务器','4',8,'0');
insert into V_VEHICLEINFO (ORG_CODE,VEHICLE_ID,ID_NUMBER,TYPE_ID,TERMINAL_ID,DELETE_FLAG,COLOR_ID_NUMBER_ID,AUTHORIZED_PAY_MASS) values ('B0000802','2200774', '测B02773', 4, 220774, 0, '2',15);

insert into T_SIMINFO (SIM_ID, ORG_CODE, DEPTCODE, STATE,PAY_MODLE, SIM_NUM) values(22775, 'B0000802', '中国移动', 1, '预付费', 13100002774);
insert into T_TERMINALINFO (TERMINAL_ID,TTYPE_ID,SIM_ID,TERMINAL_CODE,ORG_CODE,IS_VIDEO_TERMINAL,SP_SERVER_NAME,PROTOCOL_TYPE,CHANNELS,YT_PROTOCOL_TYPE) values(220775, 4, 22775, '1002774', 'B0000802',1,'1076测试服务器','4',8,'0');
insert into V_VEHICLEINFO (ORG_CODE,VEHICLE_ID,ID_NUMBER,TYPE_ID,TERMINAL_ID,DELETE_FLAG,COLOR_ID_NUMBER_ID,AUTHORIZED_PAY_MASS) values ('B0000802','2200775', '测B02774', 4, 220775, 0, '2',15);

insert into T_SIMINFO (SIM_ID, ORG_CODE, DEPTCODE, STATE,PAY_MODLE, SIM_NUM) values(22776, 'B0000802', '中国移动', 1, '预付费', 13100002775);
insert into T_TERMINALINFO (TERMINAL_ID,TTYPE_ID,SIM_ID,TERMINAL_CODE,ORG_CODE,IS_VIDEO_TERMINAL,SP_SERVER_NAME,PROTOCOL_TYPE,CHANNELS,YT_PROTOCOL_TYPE) values(220776, 4, 22776, '1002775', 'B0000802',1,'1076测试服务器','4',8,'0');
insert into V_VEHICLEINFO (ORG_CODE,VEHICLE_ID,ID_NUMBER,TYPE_ID,TERMINAL_ID,DELETE_FLAG,COLOR_ID_NUMBER_ID,AUTHORIZED_PAY_MASS) values ('B0000802','2200776', '测B02775', 4, 220776, 0, '2',15);

insert into T_SIMINFO (SIM_ID, ORG_CODE, DEPTCODE, STATE,PAY_MODLE, SIM_NUM) values(22777, 'B0000802', '中国移动', 1, '预付费', 13100002776);
insert into T_TERMINALINFO (TERMINAL_ID,TTYPE_ID,SIM_ID,TERMINAL_CODE,ORG_CODE,IS_VIDEO_TERMINAL,SP_SERVER_NAME,PROTOCOL_TYPE,CHANNELS,YT_PROTOCOL_TYPE) values(220777, 4, 22777, '1002776', 'B0000802',1,'1076测试服务器','4',8,'0');
insert into V_VEHICLEINFO (ORG_CODE,VEHICLE_ID,ID_NUMBER,TYPE_ID,TERMINAL_ID,DELETE_FLAG,COLOR_ID_NUMBER_ID,AUTHORIZED_PAY_MASS) values ('B0000802','2200777', '测B02776', 4, 220777, 0, '2',15);

insert into T_SIMINFO (SIM_ID, ORG_CODE, DEPTCODE, STATE,PAY_MODLE, SIM_NUM) values(22778, 'B0000802', '中国移动', 1, '预付费', 13100002777);
insert into T_TERMINALINFO (TERMINAL_ID,TTYPE_ID,SIM_ID,TERMINAL_CODE,ORG_CODE,IS_VIDEO_TERMINAL,SP_SERVER_NAME,PROTOCOL_TYPE,CHANNELS,YT_PROTOCOL_TYPE) values(220778, 4, 22778, '1002777', 'B0000802',1,'1076测试服务器','4',8,'0');
insert into V_VEHICLEINFO (ORG_CODE,VEHICLE_ID,ID_NUMBER,TYPE_ID,TERMINAL_ID,DELETE_FLAG,COLOR_ID_NUMBER_ID,AUTHORIZED_PAY_MASS) values ('B0000802','2200778', '测B02777', 4, 220778, 0, '2',15);

insert into T_SIMINFO (SIM_ID, ORG_CODE, DEPTCODE, STATE,PAY_MODLE, SIM_NUM) values(22779, 'B0000802', '中国移动', 1, '预付费', 13100002778);
insert into T_TERMINALINFO (TERMINAL_ID,TTYPE_ID,SIM_ID,TERMINAL_CODE,ORG_CODE,IS_VIDEO_TERMINAL,SP_SERVER_NAME,PROTOCOL_TYPE,CHANNELS,YT_PROTOCOL_TYPE) values(220779, 4, 22779, '1002778', 'B0000802',1,'1076测试服务器','4',8,'0');
insert into V_VEHICLEINFO (ORG_CODE,VEHICLE_ID,ID_NUMBER,TYPE_ID,TERMINAL_ID,DELETE_FLAG,COLOR_ID_NUMBER_ID,AUTHORIZED_PAY_MASS) values ('B0000802','2200779', '测B02778', 4, 220779, 0, '2',15);

insert into T_SIMINFO (SIM_ID, ORG_CODE, DEPTCODE, STATE,PAY_MODLE, SIM_NUM) values(22780, 'B0000802', '中国移动', 1, '预付费', 13100002779);
insert into T_TERMINALINFO (TERMINAL_ID,TTYPE_ID,SIM_ID,TERMINAL_CODE,ORG_CODE,IS_VIDEO_TERMINAL,SP_SERVER_NAME,PROTOCOL_TYPE,CHANNELS,YT_PROTOCOL_TYPE) values(220780, 4, 22780, '1002779', 'B0000802',1,'1076测试服务器','4',8,'0');
insert into V_VEHICLEINFO (ORG_CODE,VEHICLE_ID,ID_NUMBER,TYPE_ID,TERMINAL_ID,DELETE_FLAG,COLOR_ID_NUMBER_ID,AUTHORIZED_PAY_MASS) values ('B0000802','2200780', '测B02779', 4, 220780, 0, '2',15);

insert into T_SIMINFO (SIM_ID, ORG_CODE, DEPTCODE, STATE,PAY_MODLE, SIM_NUM) values(22781, 'B0000802', '中国移动', 1, '预付费', 13100002780);
insert into T_TERMINALINFO (TERMINAL_ID,TTYPE_ID,SIM_ID,TERMINAL_CODE,ORG_CODE,IS_VIDEO_TERMINAL,SP_SERVER_NAME,PROTOCOL_TYPE,CHANNELS,YT_PROTOCOL_TYPE) values(220781, 4, 22781, '1002780', 'B0000802',1,'1076测试服务器','4',8,'0');
insert into V_VEHICLEINFO (ORG_CODE,VEHICLE_ID,ID_NUMBER,TYPE_ID,TERMINAL_ID,DELETE_FLAG,COLOR_ID_NUMBER_ID,AUTHORIZED_PAY_MASS) values ('B0000802','2200781', '测B02780', 4, 220781, 0, '2',15);

insert into T_SIMINFO (SIM_ID, ORG_CODE, DEPTCODE, STATE,PAY_MODLE, SIM_NUM) values(22782, 'B0000802', '中国移动', 1, '预付费', 13100002781);
insert into T_TERMINALINFO (TERMINAL_ID,TTYPE_ID,SIM_ID,TERMINAL_CODE,ORG_CODE,IS_VIDEO_TERMINAL,SP_SERVER_NAME,PROTOCOL_TYPE,CHANNELS,YT_PROTOCOL_TYPE) values(220782, 4, 22782, '1002781', 'B0000802',1,'1076测试服务器','4',8,'0');
insert into V_VEHICLEINFO (ORG_CODE,VEHICLE_ID,ID_NUMBER,TYPE_ID,TERMINAL_ID,DELETE_FLAG,COLOR_ID_NUMBER_ID,AUTHORIZED_PAY_MASS) values ('B0000802','2200782', '测B02781', 4, 220782, 0, '2',15);

insert into T_SIMINFO (SIM_ID, ORG_CODE, DEPTCODE, STATE,PAY_MODLE, SIM_NUM) values(22783, 'B0000802', '中国移动', 1, '预付费', 13100002782);
insert into T_TERMINALINFO (TERMINAL_ID,TTYPE_ID,SIM_ID,TERMINAL_CODE,ORG_CODE,IS_VIDEO_TERMINAL,SP_SERVER_NAME,PROTOCOL_TYPE,CHANNELS,YT_PROTOCOL_TYPE) values(220783, 4, 22783, '1002782', 'B0000802',1,'1076测试服务器','4',8,'0');
insert into V_VEHICLEINFO (ORG_CODE,VEHICLE_ID,ID_NUMBER,TYPE_ID,TERMINAL_ID,DELETE_FLAG,COLOR_ID_NUMBER_ID,AUTHORIZED_PAY_MASS) values ('B0000802','2200783', '测B02782', 4, 220783, 0, '2',15);

insert into T_SIMINFO (SIM_ID, ORG_CODE, DEPTCODE, STATE,PAY_MODLE, SIM_NUM) values(22784, 'B0000802', '中国移动', 1, '预付费', 13100002783);
insert into T_TERMINALINFO (TERMINAL_ID,TTYPE_ID,SIM_ID,TERMINAL_CODE,ORG_CODE,IS_VIDEO_TERMINAL,SP_SERVER_NAME,PROTOCOL_TYPE,CHANNELS,YT_PROTOCOL_TYPE) values(220784, 4, 22784, '1002783', 'B0000802',1,'1076测试服务器','4',8,'0');
insert into V_VEHICLEINFO (ORG_CODE,VEHICLE_ID,ID_NUMBER,TYPE_ID,TERMINAL_ID,DELETE_FLAG,COLOR_ID_NUMBER_ID,AUTHORIZED_PAY_MASS) values ('B0000802','2200784', '测B02783', 4, 220784, 0, '2',15);

insert into T_SIMINFO (SIM_ID, ORG_CODE, DEPTCODE, STATE,PAY_MODLE, SIM_NUM) values(22785, 'B0000802', '中国移动', 1, '预付费', 13100002784);
insert into T_TERMINALINFO (TERMINAL_ID,TTYPE_ID,SIM_ID,TERMINAL_CODE,ORG_CODE,IS_VIDEO_TERMINAL,SP_SERVER_NAME,PROTOCOL_TYPE,CHANNELS,YT_PROTOCOL_TYPE) values(220785, 4, 22785, '1002784', 'B0000802',1,'1076测试服务器','4',8,'0');
insert into V_VEHICLEINFO (ORG_CODE,VEHICLE_ID,ID_NUMBER,TYPE_ID,TERMINAL_ID,DELETE_FLAG,COLOR_ID_NUMBER_ID,AUTHORIZED_PAY_MASS) values ('B0000802','2200785', '测B02784', 4, 220785, 0, '2',15);

insert into T_SIMINFO (SIM_ID, ORG_CODE, DEPTCODE, STATE,PAY_MODLE, SIM_NUM) values(22786, 'B0000802', '中国移动', 1, '预付费', 13100002785);
insert into T_TERMINALINFO (TERMINAL_ID,TTYPE_ID,SIM_ID,TERMINAL_CODE,ORG_CODE,IS_VIDEO_TERMINAL,SP_SERVER_NAME,PROTOCOL_TYPE,CHANNELS,YT_PROTOCOL_TYPE) values(220786, 4, 22786, '1002785', 'B0000802',1,'1076测试服务器','4',8,'0');
insert into V_VEHICLEINFO (ORG_CODE,VEHICLE_ID,ID_NUMBER,TYPE_ID,TERMINAL_ID,DELETE_FLAG,COLOR_ID_NUMBER_ID,AUTHORIZED_PAY_MASS) values ('B0000802','2200786', '测B02785', 4, 220786, 0, '2',15);

insert into T_SIMINFO (SIM_ID, ORG_CODE, DEPTCODE, STATE,PAY_MODLE, SIM_NUM) values(22787, 'B0000802', '中国移动', 1, '预付费', 13100002786);
insert into T_TERMINALINFO (TERMINAL_ID,TTYPE_ID,SIM_ID,TERMINAL_CODE,ORG_CODE,IS_VIDEO_TERMINAL,SP_SERVER_NAME,PROTOCOL_TYPE,CHANNELS,YT_PROTOCOL_TYPE) values(220787, 4, 22787, '1002786', 'B0000802',1,'1076测试服务器','4',8,'0');
insert into V_VEHICLEINFO (ORG_CODE,VEHICLE_ID,ID_NUMBER,TYPE_ID,TERMINAL_ID,DELETE_FLAG,COLOR_ID_NUMBER_ID,AUTHORIZED_PAY_MASS) values ('B0000802','2200787', '测B02786', 4, 220787, 0, '2',15);

insert into T_SIMINFO (SIM_ID, ORG_CODE, DEPTCODE, STATE,PAY_MODLE, SIM_NUM) values(22788, 'B0000802', '中国移动', 1, '预付费', 13100002787);
insert into T_TERMINALINFO (TERMINAL_ID,TTYPE_ID,SIM_ID,TERMINAL_CODE,ORG_CODE,IS_VIDEO_TERMINAL,SP_SERVER_NAME,PROTOCOL_TYPE,CHANNELS,YT_PROTOCOL_TYPE) values(220788, 4, 22788, '1002787', 'B0000802',1,'1076测试服务器','4',8,'0');
insert into V_VEHICLEINFO (ORG_CODE,VEHICLE_ID,ID_NUMBER,TYPE_ID,TERMINAL_ID,DELETE_FLAG,COLOR_ID_NUMBER_ID,AUTHORIZED_PAY_MASS) values ('B0000802','2200788', '测B02787', 4, 220788, 0, '2',15);

insert into T_SIMINFO (SIM_ID, ORG_CODE, DEPTCODE, STATE,PAY_MODLE, SIM_NUM) values(22789, 'B0000802', '中国移动', 1, '预付费', 13100002788);
insert into T_TERMINALINFO (TERMINAL_ID,TTYPE_ID,SIM_ID,TERMINAL_CODE,ORG_CODE,IS_VIDEO_TERMINAL,SP_SERVER_NAME,PROTOCOL_TYPE,CHANNELS,YT_PROTOCOL_TYPE) values(220789, 4, 22789, '1002788', 'B0000802',1,'1076测试服务器','4',8,'0');
insert into V_VEHICLEINFO (ORG_CODE,VEHICLE_ID,ID_NUMBER,TYPE_ID,TERMINAL_ID,DELETE_FLAG,COLOR_ID_NUMBER_ID,AUTHORIZED_PAY_MASS) values ('B0000802','2200789', '测B02788', 4, 220789, 0, '2',15);

insert into T_SIMINFO (SIM_ID, ORG_CODE, DEPTCODE, STATE,PAY_MODLE, SIM_NUM) values(22790, 'B0000802', '中国移动', 1, '预付费', 13100002789);
insert into T_TERMINALINFO (TERMINAL_ID,TTYPE_ID,SIM_ID,TERMINAL_CODE,ORG_CODE,IS_VIDEO_TERMINAL,SP_SERVER_NAME,PROTOCOL_TYPE,CHANNELS,YT_PROTOCOL_TYPE) values(220790, 4, 22790, '1002789', 'B0000802',1,'1076测试服务器','4',8,'0');
insert into V_VEHICLEINFO (ORG_CODE,VEHICLE_ID,ID_NUMBER,TYPE_ID,TERMINAL_ID,DELETE_FLAG,COLOR_ID_NUMBER_ID,AUTHORIZED_PAY_MASS) values ('B0000802','2200790', '测B02789', 4, 220790, 0, '2',15);

insert into T_SIMINFO (SIM_ID, ORG_CODE, DEPTCODE, STATE,PAY_MODLE, SIM_NUM) values(22791, 'B0000802', '中国移动', 1, '预付费', 13100002790);
insert into T_TERMINALINFO (TERMINAL_ID,TTYPE_ID,SIM_ID,TERMINAL_CODE,ORG_CODE,IS_VIDEO_TERMINAL,SP_SERVER_NAME,PROTOCOL_TYPE,CHANNELS,YT_PROTOCOL_TYPE) values(220791, 4, 22791, '1002790', 'B0000802',1,'1076测试服务器','4',8,'0');
insert into V_VEHICLEINFO (ORG_CODE,VEHICLE_ID,ID_NUMBER,TYPE_ID,TERMINAL_ID,DELETE_FLAG,COLOR_ID_NUMBER_ID,AUTHORIZED_PAY_MASS) values ('B0000802','2200791', '测B02790', 4, 220791, 0, '2',15);

insert into T_SIMINFO (SIM_ID, ORG_CODE, DEPTCODE, STATE,PAY_MODLE, SIM_NUM) values(22792, 'B0000802', '中国移动', 1, '预付费', 13100002791);
insert into T_TERMINALINFO (TERMINAL_ID,TTYPE_ID,SIM_ID,TERMINAL_CODE,ORG_CODE,IS_VIDEO_TERMINAL,SP_SERVER_NAME,PROTOCOL_TYPE,CHANNELS,YT_PROTOCOL_TYPE) values(220792, 4, 22792, '1002791', 'B0000802',1,'1076测试服务器','4',8,'0');
insert into V_VEHICLEINFO (ORG_CODE,VEHICLE_ID,ID_NUMBER,TYPE_ID,TERMINAL_ID,DELETE_FLAG,COLOR_ID_NUMBER_ID,AUTHORIZED_PAY_MASS) values ('B0000802','2200792', '测B02791', 4, 220792, 0, '2',15);

insert into T_SIMINFO (SIM_ID, ORG_CODE, DEPTCODE, STATE,PAY_MODLE, SIM_NUM) values(22793, 'B0000802', '中国移动', 1, '预付费', 13100002792);
insert into T_TERMINALINFO (TERMINAL_ID,TTYPE_ID,SIM_ID,TERMINAL_CODE,ORG_CODE,IS_VIDEO_TERMINAL,SP_SERVER_NAME,PROTOCOL_TYPE,CHANNELS,YT_PROTOCOL_TYPE) values(220793, 4, 22793, '1002792', 'B0000802',1,'1076测试服务器','4',8,'0');
insert into V_VEHICLEINFO (ORG_CODE,VEHICLE_ID,ID_NUMBER,TYPE_ID,TERMINAL_ID,DELETE_FLAG,COLOR_ID_NUMBER_ID,AUTHORIZED_PAY_MASS) values ('B0000802','2200793', '测B02792', 4, 220793, 0, '2',15);

insert into T_SIMINFO (SIM_ID, ORG_CODE, DEPTCODE, STATE,PAY_MODLE, SIM_NUM) values(22794, 'B0000802', '中国移动', 1, '预付费', 13100002793);
insert into T_TERMINALINFO (TERMINAL_ID,TTYPE_ID,SIM_ID,TERMINAL_CODE,ORG_CODE,IS_VIDEO_TERMINAL,SP_SERVER_NAME,PROTOCOL_TYPE,CHANNELS,YT_PROTOCOL_TYPE) values(220794, 4, 22794, '1002793', 'B0000802',1,'1076测试服务器','4',8,'0');
insert into V_VEHICLEINFO (ORG_CODE,VEHICLE_ID,ID_NUMBER,TYPE_ID,TERMINAL_ID,DELETE_FLAG,COLOR_ID_NUMBER_ID,AUTHORIZED_PAY_MASS) values ('B0000802','2200794', '测B02793', 4, 220794, 0, '2',15);

insert into T_SIMINFO (SIM_ID, ORG_CODE, DEPTCODE, STATE,PAY_MODLE, SIM_NUM) values(22795, 'B0000802', '中国移动', 1, '预付费', 13100002794);
insert into T_TERMINALINFO (TERMINAL_ID,TTYPE_ID,SIM_ID,TERMINAL_CODE,ORG_CODE,IS_VIDEO_TERMINAL,SP_SERVER_NAME,PROTOCOL_TYPE,CHANNELS,YT_PROTOCOL_TYPE) values(220795, 4, 22795, '1002794', 'B0000802',1,'1076测试服务器','4',8,'0');
insert into V_VEHICLEINFO (ORG_CODE,VEHICLE_ID,ID_NUMBER,TYPE_ID,TERMINAL_ID,DELETE_FLAG,COLOR_ID_NUMBER_ID,AUTHORIZED_PAY_MASS) values ('B0000802','2200795', '测B02794', 4, 220795, 0, '2',15);

insert into T_SIMINFO (SIM_ID, ORG_CODE, DEPTCODE, STATE,PAY_MODLE, SIM_NUM) values(22796, 'B0000802', '中国移动', 1, '预付费', 13100002795);
insert into T_TERMINALINFO (TERMINAL_ID,TTYPE_ID,SIM_ID,TERMINAL_CODE,ORG_CODE,IS_VIDEO_TERMINAL,SP_SERVER_NAME,PROTOCOL_TYPE,CHANNELS,YT_PROTOCOL_TYPE) values(220796, 4, 22796, '1002795', 'B0000802',1,'1076测试服务器','4',8,'0');
insert into V_VEHICLEINFO (ORG_CODE,VEHICLE_ID,ID_NUMBER,TYPE_ID,TERMINAL_ID,DELETE_FLAG,COLOR_ID_NUMBER_ID,AUTHORIZED_PAY_MASS) values ('B0000802','2200796', '测B02795', 4, 220796, 0, '2',15);

insert into T_SIMINFO (SIM_ID, ORG_CODE, DEPTCODE, STATE,PAY_MODLE, SIM_NUM) values(22797, 'B0000802', '中国移动', 1, '预付费', 13100002796);
insert into T_TERMINALINFO (TERMINAL_ID,TTYPE_ID,SIM_ID,TERMINAL_CODE,ORG_CODE,IS_VIDEO_TERMINAL,SP_SERVER_NAME,PROTOCOL_TYPE,CHANNELS,YT_PROTOCOL_TYPE) values(220797, 4, 22797, '1002796', 'B0000802',1,'1076测试服务器','4',8,'0');
insert into V_VEHICLEINFO (ORG_CODE,VEHICLE_ID,ID_NUMBER,TYPE_ID,TERMINAL_ID,DELETE_FLAG,COLOR_ID_NUMBER_ID,AUTHORIZED_PAY_MASS) values ('B0000802','2200797', '测B02796', 4, 220797, 0, '2',15);

insert into T_SIMINFO (SIM_ID, ORG_CODE, DEPTCODE, STATE,PAY_MODLE, SIM_NUM) values(22798, 'B0000802', '中国移动', 1, '预付费', 13100002797);
insert into T_TERMINALINFO (TERMINAL_ID,TTYPE_ID,SIM_ID,TERMINAL_CODE,ORG_CODE,IS_VIDEO_TERMINAL,SP_SERVER_NAME,PROTOCOL_TYPE,CHANNELS,YT_PROTOCOL_TYPE) values(220798, 4, 22798, '1002797', 'B0000802',1,'1076测试服务器','4',8,'0');
insert into V_VEHICLEINFO (ORG_CODE,VEHICLE_ID,ID_NUMBER,TYPE_ID,TERMINAL_ID,DELETE_FLAG,COLOR_ID_NUMBER_ID,AUTHORIZED_PAY_MASS) values ('B0000802','2200798', '测B02797', 4, 220798, 0, '2',15);

insert into T_SIMINFO (SIM_ID, ORG_CODE, DEPTCODE, STATE,PAY_MODLE, SIM_NUM) values(22799, 'B0000802', '中国移动', 1, '预付费', 13100002798);
insert into T_TERMINALINFO (TERMINAL_ID,TTYPE_ID,SIM_ID,TERMINAL_CODE,ORG_CODE,IS_VIDEO_TERMINAL,SP_SERVER_NAME,PROTOCOL_TYPE,CHANNELS,YT_PROTOCOL_TYPE) values(220799, 4, 22799, '1002798', 'B0000802',1,'1076测试服务器','4',8,'0');
insert into V_VEHICLEINFO (ORG_CODE,VEHICLE_ID,ID_NUMBER,TYPE_ID,TERMINAL_ID,DELETE_FLAG,COLOR_ID_NUMBER_ID,AUTHORIZED_PAY_MASS) values ('B0000802','2200799', '测B02798', 4, 220799, 0, '2',15);

insert into T_SIMINFO (SIM_ID, ORG_CODE, DEPTCODE, STATE,PAY_MODLE, SIM_NUM) values(22800, 'B0000802', '中国移动', 1, '预付费', 13100002799);
insert into T_TERMINALINFO (TERMINAL_ID,TTYPE_ID,SIM_ID,TERMINAL_CODE,ORG_CODE,IS_VIDEO_TERMINAL,SP_SERVER_NAME,PROTOCOL_TYPE,CHANNELS,YT_PROTOCOL_TYPE) values(220800, 4, 22800, '1002799', 'B0000802',1,'1076测试服务器','4',8,'0');
insert into V_VEHICLEINFO (ORG_CODE,VEHICLE_ID,ID_NUMBER,TYPE_ID,TERMINAL_ID,DELETE_FLAG,COLOR_ID_NUMBER_ID,AUTHORIZED_PAY_MASS) values ('B0000802','2200800', '测B02799', 4, 220800, 0, '2',15);

insert into T_SIMINFO (SIM_ID, ORG_CODE, DEPTCODE, STATE,PAY_MODLE, SIM_NUM) values(22801, 'B0000802', '中国移动', 1, '预付费', 13100002800);
insert into T_TERMINALINFO (TERMINAL_ID,TTYPE_ID,SIM_ID,TERMINAL_CODE,ORG_CODE,IS_VIDEO_TERMINAL,SP_SERVER_NAME,PROTOCOL_TYPE,CHANNELS,YT_PROTOCOL_TYPE) values(220801, 4, 22801, '1002800', 'B0000802',1,'1076测试服务器','4',8,'0');
insert into V_VEHICLEINFO (ORG_CODE,VEHICLE_ID,ID_NUMBER,TYPE_ID,TERMINAL_ID,DELETE_FLAG,COLOR_ID_NUMBER_ID,AUTHORIZED_PAY_MASS) values ('B0000802','2200801', '测B02800', 4, 220801, 0, '2',15);

insert into T_SIMINFO (SIM_ID, ORG_CODE, DEPTCODE, STATE,PAY_MODLE, SIM_NUM) values(22802, 'B0000802', '中国移动', 1, '预付费', 13100002801);
insert into T_TERMINALINFO (TERMINAL_ID,TTYPE_ID,SIM_ID,TERMINAL_CODE,ORG_CODE,IS_VIDEO_TERMINAL,SP_SERVER_NAME,PROTOCOL_TYPE,CHANNELS,YT_PROTOCOL_TYPE) values(220802, 4, 22802, '1002801', 'B0000802',1,'1076测试服务器','4',8,'0');
insert into V_VEHICLEINFO (ORG_CODE,VEHICLE_ID,ID_NUMBER,TYPE_ID,TERMINAL_ID,DELETE_FLAG,COLOR_ID_NUMBER_ID,AUTHORIZED_PAY_MASS) values ('B0000802','2200802', '测B02801', 4, 220802, 0, '2',15);

insert into T_SIMINFO (SIM_ID, ORG_CODE, DEPTCODE, STATE,PAY_MODLE, SIM_NUM) values(22803, 'B0000802', '中国移动', 1, '预付费', 13100002802);
insert into T_TERMINALINFO (TERMINAL_ID,TTYPE_ID,SIM_ID,TERMINAL_CODE,ORG_CODE,IS_VIDEO_TERMINAL,SP_SERVER_NAME,PROTOCOL_TYPE,CHANNELS,YT_PROTOCOL_TYPE) values(220803, 4, 22803, '1002802', 'B0000802',1,'1076测试服务器','4',8,'0');
insert into V_VEHICLEINFO (ORG_CODE,VEHICLE_ID,ID_NUMBER,TYPE_ID,TERMINAL_ID,DELETE_FLAG,COLOR_ID_NUMBER_ID,AUTHORIZED_PAY_MASS) values ('B0000802','2200803', '测B02802', 4, 220803, 0, '2',15);

insert into T_SIMINFO (SIM_ID, ORG_CODE, DEPTCODE, STATE,PAY_MODLE, SIM_NUM) values(22804, 'B0000802', '中国移动', 1, '预付费', 13100002803);
insert into T_TERMINALINFO (TERMINAL_ID,TTYPE_ID,SIM_ID,TERMINAL_CODE,ORG_CODE,IS_VIDEO_TERMINAL,SP_SERVER_NAME,PROTOCOL_TYPE,CHANNELS,YT_PROTOCOL_TYPE) values(220804, 4, 22804, '1002803', 'B0000802',1,'1076测试服务器','4',8,'0');
insert into V_VEHICLEINFO (ORG_CODE,VEHICLE_ID,ID_NUMBER,TYPE_ID,TERMINAL_ID,DELETE_FLAG,COLOR_ID_NUMBER_ID,AUTHORIZED_PAY_MASS) values ('B0000802','2200804', '测B02803', 4, 220804, 0, '2',15);

insert into T_SIMINFO (SIM_ID, ORG_CODE, DEPTCODE, STATE,PAY_MODLE, SIM_NUM) values(22805, 'B0000802', '中国移动', 1, '预付费', 13100002804);
insert into T_TERMINALINFO (TERMINAL_ID,TTYPE_ID,SIM_ID,TERMINAL_CODE,ORG_CODE,IS_VIDEO_TERMINAL,SP_SERVER_NAME,PROTOCOL_TYPE,CHANNELS,YT_PROTOCOL_TYPE) values(220805, 4, 22805, '1002804', 'B0000802',1,'1076测试服务器','4',8,'0');
insert into V_VEHICLEINFO (ORG_CODE,VEHICLE_ID,ID_NUMBER,TYPE_ID,TERMINAL_ID,DELETE_FLAG,COLOR_ID_NUMBER_ID,AUTHORIZED_PAY_MASS) values ('B0000802','2200805', '测B02804', 4, 220805, 0, '2',15);

insert into T_SIMINFO (SIM_ID, ORG_CODE, DEPTCODE, STATE,PAY_MODLE, SIM_NUM) values(22806, 'B0000802', '中国移动', 1, '预付费', 13100002805);
insert into T_TERMINALINFO (TERMINAL_ID,TTYPE_ID,SIM_ID,TERMINAL_CODE,ORG_CODE,IS_VIDEO_TERMINAL,SP_SERVER_NAME,PROTOCOL_TYPE,CHANNELS,YT_PROTOCOL_TYPE) values(220806, 4, 22806, '1002805', 'B0000802',1,'1076测试服务器','4',8,'0');
insert into V_VEHICLEINFO (ORG_CODE,VEHICLE_ID,ID_NUMBER,TYPE_ID,TERMINAL_ID,DELETE_FLAG,COLOR_ID_NUMBER_ID,AUTHORIZED_PAY_MASS) values ('B0000802','2200806', '测B02805', 4, 220806, 0, '2',15);

insert into T_SIMINFO (SIM_ID, ORG_CODE, DEPTCODE, STATE,PAY_MODLE, SIM_NUM) values(22807, 'B0000802', '中国移动', 1, '预付费', 13100002806);
insert into T_TERMINALINFO (TERMINAL_ID,TTYPE_ID,SIM_ID,TERMINAL_CODE,ORG_CODE,IS_VIDEO_TERMINAL,SP_SERVER_NAME,PROTOCOL_TYPE,CHANNELS,YT_PROTOCOL_TYPE) values(220807, 4, 22807, '1002806', 'B0000802',1,'1076测试服务器','4',8,'0');
insert into V_VEHICLEINFO (ORG_CODE,VEHICLE_ID,ID_NUMBER,TYPE_ID,TERMINAL_ID,DELETE_FLAG,COLOR_ID_NUMBER_ID,AUTHORIZED_PAY_MASS) values ('B0000802','2200807', '测B02806', 4, 220807, 0, '2',15);

insert into T_SIMINFO (SIM_ID, ORG_CODE, DEPTCODE, STATE,PAY_MODLE, SIM_NUM) values(22808, 'B0000802', '中国移动', 1, '预付费', 13100002807);
insert into T_TERMINALINFO (TERMINAL_ID,TTYPE_ID,SIM_ID,TERMINAL_CODE,ORG_CODE,IS_VIDEO_TERMINAL,SP_SERVER_NAME,PROTOCOL_TYPE,CHANNELS,YT_PROTOCOL_TYPE) values(220808, 4, 22808, '1002807', 'B0000802',1,'1076测试服务器','4',8,'0');
insert into V_VEHICLEINFO (ORG_CODE,VEHICLE_ID,ID_NUMBER,TYPE_ID,TERMINAL_ID,DELETE_FLAG,COLOR_ID_NUMBER_ID,AUTHORIZED_PAY_MASS) values ('B0000802','2200808', '测B02807', 4, 220808, 0, '2',15);

insert into T_SIMINFO (SIM_ID, ORG_CODE, DEPTCODE, STATE,PAY_MODLE, SIM_NUM) values(22809, 'B0000802', '中国移动', 1, '预付费', 13100002808);
insert into T_TERMINALINFO (TERMINAL_ID,TTYPE_ID,SIM_ID,TERMINAL_CODE,ORG_CODE,IS_VIDEO_TERMINAL,SP_SERVER_NAME,PROTOCOL_TYPE,CHANNELS,YT_PROTOCOL_TYPE) values(220809, 4, 22809, '1002808', 'B0000802',1,'1076测试服务器','4',8,'0');
insert into V_VEHICLEINFO (ORG_CODE,VEHICLE_ID,ID_NUMBER,TYPE_ID,TERMINAL_ID,DELETE_FLAG,COLOR_ID_NUMBER_ID,AUTHORIZED_PAY_MASS) values ('B0000802','2200809', '测B02808', 4, 220809, 0, '2',15);

insert into T_SIMINFO (SIM_ID, ORG_CODE, DEPTCODE, STATE,PAY_MODLE, SIM_NUM) values(22810, 'B0000802', '中国移动', 1, '预付费', 13100002809);
insert into T_TERMINALINFO (TERMINAL_ID,TTYPE_ID,SIM_ID,TERMINAL_CODE,ORG_CODE,IS_VIDEO_TERMINAL,SP_SERVER_NAME,PROTOCOL_TYPE,CHANNELS,YT_PROTOCOL_TYPE) values(220810, 4, 22810, '1002809', 'B0000802',1,'1076测试服务器','4',8,'0');
insert into V_VEHICLEINFO (ORG_CODE,VEHICLE_ID,ID_NUMBER,TYPE_ID,TERMINAL_ID,DELETE_FLAG,COLOR_ID_NUMBER_ID,AUTHORIZED_PAY_MASS) values ('B0000802','2200810', '测B02809', 4, 220810, 0, '2',15);

insert into T_SIMINFO (SIM_ID, ORG_CODE, DEPTCODE, STATE,PAY_MODLE, SIM_NUM) values(22811, 'B0000802', '中国移动', 1, '预付费', 13100002810);
insert into T_TERMINALINFO (TERMINAL_ID,TTYPE_ID,SIM_ID,TERMINAL_CODE,ORG_CODE,IS_VIDEO_TERMINAL,SP_SERVER_NAME,PROTOCOL_TYPE,CHANNELS,YT_PROTOCOL_TYPE) values(220811, 4, 22811, '1002810', 'B0000802',1,'1076测试服务器','4',8,'0');
insert into V_VEHICLEINFO (ORG_CODE,VEHICLE_ID,ID_NUMBER,TYPE_ID,TERMINAL_ID,DELETE_FLAG,COLOR_ID_NUMBER_ID,AUTHORIZED_PAY_MASS) values ('B0000802','2200811', '测B02810', 4, 220811, 0, '2',15);

insert into T_SIMINFO (SIM_ID, ORG_CODE, DEPTCODE, STATE,PAY_MODLE, SIM_NUM) values(22812, 'B0000802', '中国移动', 1, '预付费', 13100002811);
insert into T_TERMINALINFO (TERMINAL_ID,TTYPE_ID,SIM_ID,TERMINAL_CODE,ORG_CODE,IS_VIDEO_TERMINAL,SP_SERVER_NAME,PROTOCOL_TYPE,CHANNELS,YT_PROTOCOL_TYPE) values(220812, 4, 22812, '1002811', 'B0000802',1,'1076测试服务器','4',8,'0');
insert into V_VEHICLEINFO (ORG_CODE,VEHICLE_ID,ID_NUMBER,TYPE_ID,TERMINAL_ID,DELETE_FLAG,COLOR_ID_NUMBER_ID,AUTHORIZED_PAY_MASS) values ('B0000802','2200812', '测B02811', 4, 220812, 0, '2',15);

insert into T_SIMINFO (SIM_ID, ORG_CODE, DEPTCODE, STATE,PAY_MODLE, SIM_NUM) values(22813, 'B0000802', '中国移动', 1, '预付费', 13100002812);
insert into T_TERMINALINFO (TERMINAL_ID,TTYPE_ID,SIM_ID,TERMINAL_CODE,ORG_CODE,IS_VIDEO_TERMINAL,SP_SERVER_NAME,PROTOCOL_TYPE,CHANNELS,YT_PROTOCOL_TYPE) values(220813, 4, 22813, '1002812', 'B0000802',1,'1076测试服务器','4',8,'0');
insert into V_VEHICLEINFO (ORG_CODE,VEHICLE_ID,ID_NUMBER,TYPE_ID,TERMINAL_ID,DELETE_FLAG,COLOR_ID_NUMBER_ID,AUTHORIZED_PAY_MASS) values ('B0000802','2200813', '测B02812', 4, 220813, 0, '2',15);

insert into T_SIMINFO (SIM_ID, ORG_CODE, DEPTCODE, STATE,PAY_MODLE, SIM_NUM) values(22814, 'B0000802', '中国移动', 1, '预付费', 13100002813);
insert into T_TERMINALINFO (TERMINAL_ID,TTYPE_ID,SIM_ID,TERMINAL_CODE,ORG_CODE,IS_VIDEO_TERMINAL,SP_SERVER_NAME,PROTOCOL_TYPE,CHANNELS,YT_PROTOCOL_TYPE) values(220814, 4, 22814, '1002813', 'B0000802',1,'1076测试服务器','4',8,'0');
insert into V_VEHICLEINFO (ORG_CODE,VEHICLE_ID,ID_NUMBER,TYPE_ID,TERMINAL_ID,DELETE_FLAG,COLOR_ID_NUMBER_ID,AUTHORIZED_PAY_MASS) values ('B0000802','2200814', '测B02813', 4, 220814, 0, '2',15);

insert into T_SIMINFO (SIM_ID, ORG_CODE, DEPTCODE, STATE,PAY_MODLE, SIM_NUM) values(22815, 'B0000802', '中国移动', 1, '预付费', 13100002814);
insert into T_TERMINALINFO (TERMINAL_ID,TTYPE_ID,SIM_ID,TERMINAL_CODE,ORG_CODE,IS_VIDEO_TERMINAL,SP_SERVER_NAME,PROTOCOL_TYPE,CHANNELS,YT_PROTOCOL_TYPE) values(220815, 4, 22815, '1002814', 'B0000802',1,'1076测试服务器','4',8,'0');
insert into V_VEHICLEINFO (ORG_CODE,VEHICLE_ID,ID_NUMBER,TYPE_ID,TERMINAL_ID,DELETE_FLAG,COLOR_ID_NUMBER_ID,AUTHORIZED_PAY_MASS) values ('B0000802','2200815', '测B02814', 4, 220815, 0, '2',15);

insert into T_SIMINFO (SIM_ID, ORG_CODE, DEPTCODE, STATE,PAY_MODLE, SIM_NUM) values(22816, 'B0000802', '中国移动', 1, '预付费', 13100002815);
insert into T_TERMINALINFO (TERMINAL_ID,TTYPE_ID,SIM_ID,TERMINAL_CODE,ORG_CODE,IS_VIDEO_TERMINAL,SP_SERVER_NAME,PROTOCOL_TYPE,CHANNELS,YT_PROTOCOL_TYPE) values(220816, 4, 22816, '1002815', 'B0000802',1,'1076测试服务器','4',8,'0');
insert into V_VEHICLEINFO (ORG_CODE,VEHICLE_ID,ID_NUMBER,TYPE_ID,TERMINAL_ID,DELETE_FLAG,COLOR_ID_NUMBER_ID,AUTHORIZED_PAY_MASS) values ('B0000802','2200816', '测B02815', 4, 220816, 0, '2',15);

insert into T_SIMINFO (SIM_ID, ORG_CODE, DEPTCODE, STATE,PAY_MODLE, SIM_NUM) values(22817, 'B0000802', '中国移动', 1, '预付费', 13100002816);
insert into T_TERMINALINFO (TERMINAL_ID,TTYPE_ID,SIM_ID,TERMINAL_CODE,ORG_CODE,IS_VIDEO_TERMINAL,SP_SERVER_NAME,PROTOCOL_TYPE,CHANNELS,YT_PROTOCOL_TYPE) values(220817, 4, 22817, '1002816', 'B0000802',1,'1076测试服务器','4',8,'0');
insert into V_VEHICLEINFO (ORG_CODE,VEHICLE_ID,ID_NUMBER,TYPE_ID,TERMINAL_ID,DELETE_FLAG,COLOR_ID_NUMBER_ID,AUTHORIZED_PAY_MASS) values ('B0000802','2200817', '测B02816', 4, 220817, 0, '2',15);

insert into T_SIMINFO (SIM_ID, ORG_CODE, DEPTCODE, STATE,PAY_MODLE, SIM_NUM) values(22818, 'B0000802', '中国移动', 1, '预付费', 13100002817);
insert into T_TERMINALINFO (TERMINAL_ID,TTYPE_ID,SIM_ID,TERMINAL_CODE,ORG_CODE,IS_VIDEO_TERMINAL,SP_SERVER_NAME,PROTOCOL_TYPE,CHANNELS,YT_PROTOCOL_TYPE) values(220818, 4, 22818, '1002817', 'B0000802',1,'1076测试服务器','4',8,'0');
insert into V_VEHICLEINFO (ORG_CODE,VEHICLE_ID,ID_NUMBER,TYPE_ID,TERMINAL_ID,DELETE_FLAG,COLOR_ID_NUMBER_ID,AUTHORIZED_PAY_MASS) values ('B0000802','2200818', '测B02817', 4, 220818, 0, '2',15);

insert into T_SIMINFO (SIM_ID, ORG_CODE, DEPTCODE, STATE,PAY_MODLE, SIM_NUM) values(22819, 'B0000802', '中国移动', 1, '预付费', 13100002818);
insert into T_TERMINALINFO (TERMINAL_ID,TTYPE_ID,SIM_ID,TERMINAL_CODE,ORG_CODE,IS_VIDEO_TERMINAL,SP_SERVER_NAME,PROTOCOL_TYPE,CHANNELS,YT_PROTOCOL_TYPE) values(220819, 4, 22819, '1002818', 'B0000802',1,'1076测试服务器','4',8,'0');
insert into V_VEHICLEINFO (ORG_CODE,VEHICLE_ID,ID_NUMBER,TYPE_ID,TERMINAL_ID,DELETE_FLAG,COLOR_ID_NUMBER_ID,AUTHORIZED_PAY_MASS) values ('B0000802','2200819', '测B02818', 4, 220819, 0, '2',15);

insert into T_SIMINFO (SIM_ID, ORG_CODE, DEPTCODE, STATE,PAY_MODLE, SIM_NUM) values(22820, 'B0000802', '中国移动', 1, '预付费', 13100002819);
insert into T_TERMINALINFO (TERMINAL_ID,TTYPE_ID,SIM_ID,TERMINAL_CODE,ORG_CODE,IS_VIDEO_TERMINAL,SP_SERVER_NAME,PROTOCOL_TYPE,CHANNELS,YT_PROTOCOL_TYPE) values(220820, 4, 22820, '1002819', 'B0000802',1,'1076测试服务器','4',8,'0');
insert into V_VEHICLEINFO (ORG_CODE,VEHICLE_ID,ID_NUMBER,TYPE_ID,TERMINAL_ID,DELETE_FLAG,COLOR_ID_NUMBER_ID,AUTHORIZED_PAY_MASS) values ('B0000802','2200820', '测B02819', 4, 220820, 0, '2',15);

insert into T_SIMINFO (SIM_ID, ORG_CODE, DEPTCODE, STATE,PAY_MODLE, SIM_NUM) values(22821, 'B0000802', '中国移动', 1, '预付费', 13100002820);
insert into T_TERMINALINFO (TERMINAL_ID,TTYPE_ID,SIM_ID,TERMINAL_CODE,ORG_CODE,IS_VIDEO_TERMINAL,SP_SERVER_NAME,PROTOCOL_TYPE,CHANNELS,YT_PROTOCOL_TYPE) values(220821, 4, 22821, '1002820', 'B0000802',1,'1076测试服务器','4',8,'0');
insert into V_VEHICLEINFO (ORG_CODE,VEHICLE_ID,ID_NUMBER,TYPE_ID,TERMINAL_ID,DELETE_FLAG,COLOR_ID_NUMBER_ID,AUTHORIZED_PAY_MASS) values ('B0000802','2200821', '测B02820', 4, 220821, 0, '2',15);

insert into T_SIMINFO (SIM_ID, ORG_CODE, DEPTCODE, STATE,PAY_MODLE, SIM_NUM) values(22822, 'B0000802', '中国移动', 1, '预付费', 13100002821);
insert into T_TERMINALINFO (TERMINAL_ID,TTYPE_ID,SIM_ID,TERMINAL_CODE,ORG_CODE,IS_VIDEO_TERMINAL,SP_SERVER_NAME,PROTOCOL_TYPE,CHANNELS,YT_PROTOCOL_TYPE) values(220822, 4, 22822, '1002821', 'B0000802',1,'1076测试服务器','4',8,'0');
insert into V_VEHICLEINFO (ORG_CODE,VEHICLE_ID,ID_NUMBER,TYPE_ID,TERMINAL_ID,DELETE_FLAG,COLOR_ID_NUMBER_ID,AUTHORIZED_PAY_MASS) values ('B0000802','2200822', '测B02821', 4, 220822, 0, '2',15);

insert into T_SIMINFO (SIM_ID, ORG_CODE, DEPTCODE, STATE,PAY_MODLE, SIM_NUM) values(22823, 'B0000802', '中国移动', 1, '预付费', 13100002822);
insert into T_TERMINALINFO (TERMINAL_ID,TTYPE_ID,SIM_ID,TERMINAL_CODE,ORG_CODE,IS_VIDEO_TERMINAL,SP_SERVER_NAME,PROTOCOL_TYPE,CHANNELS,YT_PROTOCOL_TYPE) values(220823, 4, 22823, '1002822', 'B0000802',1,'1076测试服务器','4',8,'0');
insert into V_VEHICLEINFO (ORG_CODE,VEHICLE_ID,ID_NUMBER,TYPE_ID,TERMINAL_ID,DELETE_FLAG,COLOR_ID_NUMBER_ID,AUTHORIZED_PAY_MASS) values ('B0000802','2200823', '测B02822', 4, 220823, 0, '2',15);

insert into T_SIMINFO (SIM_ID, ORG_CODE, DEPTCODE, STATE,PAY_MODLE, SIM_NUM) values(22824, 'B0000802', '中国移动', 1, '预付费', 13100002823);
insert into T_TERMINALINFO (TERMINAL_ID,TTYPE_ID,SIM_ID,TERMINAL_CODE,ORG_CODE,IS_VIDEO_TERMINAL,SP_SERVER_NAME,PROTOCOL_TYPE,CHANNELS,YT_PROTOCOL_TYPE) values(220824, 4, 22824, '1002823', 'B0000802',1,'1076测试服务器','4',8,'0');
insert into V_VEHICLEINFO (ORG_CODE,VEHICLE_ID,ID_NUMBER,TYPE_ID,TERMINAL_ID,DELETE_FLAG,COLOR_ID_NUMBER_ID,AUTHORIZED_PAY_MASS) values ('B0000802','2200824', '测B02823', 4, 220824, 0, '2',15);

insert into T_SIMINFO (SIM_ID, ORG_CODE, DEPTCODE, STATE,PAY_MODLE, SIM_NUM) values(22825, 'B0000802', '中国移动', 1, '预付费', 13100002824);
insert into T_TERMINALINFO (TERMINAL_ID,TTYPE_ID,SIM_ID,TERMINAL_CODE,ORG_CODE,IS_VIDEO_TERMINAL,SP_SERVER_NAME,PROTOCOL_TYPE,CHANNELS,YT_PROTOCOL_TYPE) values(220825, 4, 22825, '1002824', 'B0000802',1,'1076测试服务器','4',8,'0');
insert into V_VEHICLEINFO (ORG_CODE,VEHICLE_ID,ID_NUMBER,TYPE_ID,TERMINAL_ID,DELETE_FLAG,COLOR_ID_NUMBER_ID,AUTHORIZED_PAY_MASS) values ('B0000802','2200825', '测B02824', 4, 220825, 0, '2',15);

insert into T_SIMINFO (SIM_ID, ORG_CODE, DEPTCODE, STATE,PAY_MODLE, SIM_NUM) values(22826, 'B0000802', '中国移动', 1, '预付费', 13100002825);
insert into T_TERMINALINFO (TERMINAL_ID,TTYPE_ID,SIM_ID,TERMINAL_CODE,ORG_CODE,IS_VIDEO_TERMINAL,SP_SERVER_NAME,PROTOCOL_TYPE,CHANNELS,YT_PROTOCOL_TYPE) values(220826, 4, 22826, '1002825', 'B0000802',1,'1076测试服务器','4',8,'0');
insert into V_VEHICLEINFO (ORG_CODE,VEHICLE_ID,ID_NUMBER,TYPE_ID,TERMINAL_ID,DELETE_FLAG,COLOR_ID_NUMBER_ID,AUTHORIZED_PAY_MASS) values ('B0000802','2200826', '测B02825', 4, 220826, 0, '2',15);

insert into T_SIMINFO (SIM_ID, ORG_CODE, DEPTCODE, STATE,PAY_MODLE, SIM_NUM) values(22827, 'B0000802', '中国移动', 1, '预付费', 13100002826);
insert into T_TERMINALINFO (TERMINAL_ID,TTYPE_ID,SIM_ID,TERMINAL_CODE,ORG_CODE,IS_VIDEO_TERMINAL,SP_SERVER_NAME,PROTOCOL_TYPE,CHANNELS,YT_PROTOCOL_TYPE) values(220827, 4, 22827, '1002826', 'B0000802',1,'1076测试服务器','4',8,'0');
insert into V_VEHICLEINFO (ORG_CODE,VEHICLE_ID,ID_NUMBER,TYPE_ID,TERMINAL_ID,DELETE_FLAG,COLOR_ID_NUMBER_ID,AUTHORIZED_PAY_MASS) values ('B0000802','2200827', '测B02826', 4, 220827, 0, '2',15);

insert into T_SIMINFO (SIM_ID, ORG_CODE, DEPTCODE, STATE,PAY_MODLE, SIM_NUM) values(22828, 'B0000802', '中国移动', 1, '预付费', 13100002827);
insert into T_TERMINALINFO (TERMINAL_ID,TTYPE_ID,SIM_ID,TERMINAL_CODE,ORG_CODE,IS_VIDEO_TERMINAL,SP_SERVER_NAME,PROTOCOL_TYPE,CHANNELS,YT_PROTOCOL_TYPE) values(220828, 4, 22828, '1002827', 'B0000802',1,'1076测试服务器','4',8,'0');
insert into V_VEHICLEINFO (ORG_CODE,VEHICLE_ID,ID_NUMBER,TYPE_ID,TERMINAL_ID,DELETE_FLAG,COLOR_ID_NUMBER_ID,AUTHORIZED_PAY_MASS) values ('B0000802','2200828', '测B02827', 4, 220828, 0, '2',15);

insert into T_SIMINFO (SIM_ID, ORG_CODE, DEPTCODE, STATE,PAY_MODLE, SIM_NUM) values(22829, 'B0000802', '中国移动', 1, '预付费', 13100002828);
insert into T_TERMINALINFO (TERMINAL_ID,TTYPE_ID,SIM_ID,TERMINAL_CODE,ORG_CODE,IS_VIDEO_TERMINAL,SP_SERVER_NAME,PROTOCOL_TYPE,CHANNELS,YT_PROTOCOL_TYPE) values(220829, 4, 22829, '1002828', 'B0000802',1,'1076测试服务器','4',8,'0');
insert into V_VEHICLEINFO (ORG_CODE,VEHICLE_ID,ID_NUMBER,TYPE_ID,TERMINAL_ID,DELETE_FLAG,COLOR_ID_NUMBER_ID,AUTHORIZED_PAY_MASS) values ('B0000802','2200829', '测B02828', 4, 220829, 0, '2',15);

insert into T_SIMINFO (SIM_ID, ORG_CODE, DEPTCODE, STATE,PAY_MODLE, SIM_NUM) values(22830, 'B0000802', '中国移动', 1, '预付费', 13100002829);
insert into T_TERMINALINFO (TERMINAL_ID,TTYPE_ID,SIM_ID,TERMINAL_CODE,ORG_CODE,IS_VIDEO_TERMINAL,SP_SERVER_NAME,PROTOCOL_TYPE,CHANNELS,YT_PROTOCOL_TYPE) values(220830, 4, 22830, '1002829', 'B0000802',1,'1076测试服务器','4',8,'0');
insert into V_VEHICLEINFO (ORG_CODE,VEHICLE_ID,ID_NUMBER,TYPE_ID,TERMINAL_ID,DELETE_FLAG,COLOR_ID_NUMBER_ID,AUTHORIZED_PAY_MASS) values ('B0000802','2200830', '测B02829', 4, 220830, 0, '2',15);

insert into T_SIMINFO (SIM_ID, ORG_CODE, DEPTCODE, STATE,PAY_MODLE, SIM_NUM) values(22831, 'B0000802', '中国移动', 1, '预付费', 13100002830);
insert into T_TERMINALINFO (TERMINAL_ID,TTYPE_ID,SIM_ID,TERMINAL_CODE,ORG_CODE,IS_VIDEO_TERMINAL,SP_SERVER_NAME,PROTOCOL_TYPE,CHANNELS,YT_PROTOCOL_TYPE) values(220831, 4, 22831, '1002830', 'B0000802',1,'1076测试服务器','4',8,'0');
insert into V_VEHICLEINFO (ORG_CODE,VEHICLE_ID,ID_NUMBER,TYPE_ID,TERMINAL_ID,DELETE_FLAG,COLOR_ID_NUMBER_ID,AUTHORIZED_PAY_MASS) values ('B0000802','2200831', '测B02830', 4, 220831, 0, '2',15);

insert into T_SIMINFO (SIM_ID, ORG_CODE, DEPTCODE, STATE,PAY_MODLE, SIM_NUM) values(22832, 'B0000802', '中国移动', 1, '预付费', 13100002831);
insert into T_TERMINALINFO (TERMINAL_ID,TTYPE_ID,SIM_ID,TERMINAL_CODE,ORG_CODE,IS_VIDEO_TERMINAL,SP_SERVER_NAME,PROTOCOL_TYPE,CHANNELS,YT_PROTOCOL_TYPE) values(220832, 4, 22832, '1002831', 'B0000802',1,'1076测试服务器','4',8,'0');
insert into V_VEHICLEINFO (ORG_CODE,VEHICLE_ID,ID_NUMBER,TYPE_ID,TERMINAL_ID,DELETE_FLAG,COLOR_ID_NUMBER_ID,AUTHORIZED_PAY_MASS) values ('B0000802','2200832', '测B02831', 4, 220832, 0, '2',15);

insert into T_SIMINFO (SIM_ID, ORG_CODE, DEPTCODE, STATE,PAY_MODLE, SIM_NUM) values(22833, 'B0000802', '中国移动', 1, '预付费', 13100002832);
insert into T_TERMINALINFO (TERMINAL_ID,TTYPE_ID,SIM_ID,TERMINAL_CODE,ORG_CODE,IS_VIDEO_TERMINAL,SP_SERVER_NAME,PROTOCOL_TYPE,CHANNELS,YT_PROTOCOL_TYPE) values(220833, 4, 22833, '1002832', 'B0000802',1,'1076测试服务器','4',8,'0');
insert into V_VEHICLEINFO (ORG_CODE,VEHICLE_ID,ID_NUMBER,TYPE_ID,TERMINAL_ID,DELETE_FLAG,COLOR_ID_NUMBER_ID,AUTHORIZED_PAY_MASS) values ('B0000802','2200833', '测B02832', 4, 220833, 0, '2',15);

insert into T_SIMINFO (SIM_ID, ORG_CODE, DEPTCODE, STATE,PAY_MODLE, SIM_NUM) values(22834, 'B0000802', '中国移动', 1, '预付费', 13100002833);
insert into T_TERMINALINFO (TERMINAL_ID,TTYPE_ID,SIM_ID,TERMINAL_CODE,ORG_CODE,IS_VIDEO_TERMINAL,SP_SERVER_NAME,PROTOCOL_TYPE,CHANNELS,YT_PROTOCOL_TYPE) values(220834, 4, 22834, '1002833', 'B0000802',1,'1076测试服务器','4',8,'0');
insert into V_VEHICLEINFO (ORG_CODE,VEHICLE_ID,ID_NUMBER,TYPE_ID,TERMINAL_ID,DELETE_FLAG,COLOR_ID_NUMBER_ID,AUTHORIZED_PAY_MASS) values ('B0000802','2200834', '测B02833', 4, 220834, 0, '2',15);

insert into T_SIMINFO (SIM_ID, ORG_CODE, DEPTCODE, STATE,PAY_MODLE, SIM_NUM) values(22835, 'B0000802', '中国移动', 1, '预付费', 13100002834);
insert into T_TERMINALINFO (TERMINAL_ID,TTYPE_ID,SIM_ID,TERMINAL_CODE,ORG_CODE,IS_VIDEO_TERMINAL,SP_SERVER_NAME,PROTOCOL_TYPE,CHANNELS,YT_PROTOCOL_TYPE) values(220835, 4, 22835, '1002834', 'B0000802',1,'1076测试服务器','4',8,'0');
insert into V_VEHICLEINFO (ORG_CODE,VEHICLE_ID,ID_NUMBER,TYPE_ID,TERMINAL_ID,DELETE_FLAG,COLOR_ID_NUMBER_ID,AUTHORIZED_PAY_MASS) values ('B0000802','2200835', '测B02834', 4, 220835, 0, '2',15);

insert into T_SIMINFO (SIM_ID, ORG_CODE, DEPTCODE, STATE,PAY_MODLE, SIM_NUM) values(22836, 'B0000802', '中国移动', 1, '预付费', 13100002835);
insert into T_TERMINALINFO (TERMINAL_ID,TTYPE_ID,SIM_ID,TERMINAL_CODE,ORG_CODE,IS_VIDEO_TERMINAL,SP_SERVER_NAME,PROTOCOL_TYPE,CHANNELS,YT_PROTOCOL_TYPE) values(220836, 4, 22836, '1002835', 'B0000802',1,'1076测试服务器','4',8,'0');
insert into V_VEHICLEINFO (ORG_CODE,VEHICLE_ID,ID_NUMBER,TYPE_ID,TERMINAL_ID,DELETE_FLAG,COLOR_ID_NUMBER_ID,AUTHORIZED_PAY_MASS) values ('B0000802','2200836', '测B02835', 4, 220836, 0, '2',15);

insert into T_SIMINFO (SIM_ID, ORG_CODE, DEPTCODE, STATE,PAY_MODLE, SIM_NUM) values(22837, 'B0000802', '中国移动', 1, '预付费', 13100002836);
insert into T_TERMINALINFO (TERMINAL_ID,TTYPE_ID,SIM_ID,TERMINAL_CODE,ORG_CODE,IS_VIDEO_TERMINAL,SP_SERVER_NAME,PROTOCOL_TYPE,CHANNELS,YT_PROTOCOL_TYPE) values(220837, 4, 22837, '1002836', 'B0000802',1,'1076测试服务器','4',8,'0');
insert into V_VEHICLEINFO (ORG_CODE,VEHICLE_ID,ID_NUMBER,TYPE_ID,TERMINAL_ID,DELETE_FLAG,COLOR_ID_NUMBER_ID,AUTHORIZED_PAY_MASS) values ('B0000802','2200837', '测B02836', 4, 220837, 0, '2',15);

insert into T_SIMINFO (SIM_ID, ORG_CODE, DEPTCODE, STATE,PAY_MODLE, SIM_NUM) values(22838, 'B0000802', '中国移动', 1, '预付费', 13100002837);
insert into T_TERMINALINFO (TERMINAL_ID,TTYPE_ID,SIM_ID,TERMINAL_CODE,ORG_CODE,IS_VIDEO_TERMINAL,SP_SERVER_NAME,PROTOCOL_TYPE,CHANNELS,YT_PROTOCOL_TYPE) values(220838, 4, 22838, '1002837', 'B0000802',1,'1076测试服务器','4',8,'0');
insert into V_VEHICLEINFO (ORG_CODE,VEHICLE_ID,ID_NUMBER,TYPE_ID,TERMINAL_ID,DELETE_FLAG,COLOR_ID_NUMBER_ID,AUTHORIZED_PAY_MASS) values ('B0000802','2200838', '测B02837', 4, 220838, 0, '2',15);

insert into T_SIMINFO (SIM_ID, ORG_CODE, DEPTCODE, STATE,PAY_MODLE, SIM_NUM) values(22839, 'B0000802', '中国移动', 1, '预付费', 13100002838);
insert into T_TERMINALINFO (TERMINAL_ID,TTYPE_ID,SIM_ID,TERMINAL_CODE,ORG_CODE,IS_VIDEO_TERMINAL,SP_SERVER_NAME,PROTOCOL_TYPE,CHANNELS,YT_PROTOCOL_TYPE) values(220839, 4, 22839, '1002838', 'B0000802',1,'1076测试服务器','4',8,'0');
insert into V_VEHICLEINFO (ORG_CODE,VEHICLE_ID,ID_NUMBER,TYPE_ID,TERMINAL_ID,DELETE_FLAG,COLOR_ID_NUMBER_ID,AUTHORIZED_PAY_MASS) values ('B0000802','2200839', '测B02838', 4, 220839, 0, '2',15);

insert into T_SIMINFO (SIM_ID, ORG_CODE, DEPTCODE, STATE,PAY_MODLE, SIM_NUM) values(22840, 'B0000802', '中国移动', 1, '预付费', 13100002839);
insert into T_TERMINALINFO (TERMINAL_ID,TTYPE_ID,SIM_ID,TERMINAL_CODE,ORG_CODE,IS_VIDEO_TERMINAL,SP_SERVER_NAME,PROTOCOL_TYPE,CHANNELS,YT_PROTOCOL_TYPE) values(220840, 4, 22840, '1002839', 'B0000802',1,'1076测试服务器','4',8,'0');
insert into V_VEHICLEINFO (ORG_CODE,VEHICLE_ID,ID_NUMBER,TYPE_ID,TERMINAL_ID,DELETE_FLAG,COLOR_ID_NUMBER_ID,AUTHORIZED_PAY_MASS) values ('B0000802','2200840', '测B02839', 4, 220840, 0, '2',15);

insert into T_SIMINFO (SIM_ID, ORG_CODE, DEPTCODE, STATE,PAY_MODLE, SIM_NUM) values(22841, 'B0000802', '中国移动', 1, '预付费', 13100002840);
insert into T_TERMINALINFO (TERMINAL_ID,TTYPE_ID,SIM_ID,TERMINAL_CODE,ORG_CODE,IS_VIDEO_TERMINAL,SP_SERVER_NAME,PROTOCOL_TYPE,CHANNELS,YT_PROTOCOL_TYPE) values(220841, 4, 22841, '1002840', 'B0000802',1,'1076测试服务器','4',8,'0');
insert into V_VEHICLEINFO (ORG_CODE,VEHICLE_ID,ID_NUMBER,TYPE_ID,TERMINAL_ID,DELETE_FLAG,COLOR_ID_NUMBER_ID,AUTHORIZED_PAY_MASS) values ('B0000802','2200841', '测B02840', 4, 220841, 0, '2',15);

insert into T_SIMINFO (SIM_ID, ORG_CODE, DEPTCODE, STATE,PAY_MODLE, SIM_NUM) values(22842, 'B0000802', '中国移动', 1, '预付费', 13100002841);
insert into T_TERMINALINFO (TERMINAL_ID,TTYPE_ID,SIM_ID,TERMINAL_CODE,ORG_CODE,IS_VIDEO_TERMINAL,SP_SERVER_NAME,PROTOCOL_TYPE,CHANNELS,YT_PROTOCOL_TYPE) values(220842, 4, 22842, '1002841', 'B0000802',1,'1076测试服务器','4',8,'0');
insert into V_VEHICLEINFO (ORG_CODE,VEHICLE_ID,ID_NUMBER,TYPE_ID,TERMINAL_ID,DELETE_FLAG,COLOR_ID_NUMBER_ID,AUTHORIZED_PAY_MASS) values ('B0000802','2200842', '测B02841', 4, 220842, 0, '2',15);

insert into T_SIMINFO (SIM_ID, ORG_CODE, DEPTCODE, STATE,PAY_MODLE, SIM_NUM) values(22843, 'B0000802', '中国移动', 1, '预付费', 13100002842);
insert into T_TERMINALINFO (TERMINAL_ID,TTYPE_ID,SIM_ID,TERMINAL_CODE,ORG_CODE,IS_VIDEO_TERMINAL,SP_SERVER_NAME,PROTOCOL_TYPE,CHANNELS,YT_PROTOCOL_TYPE) values(220843, 4, 22843, '1002842', 'B0000802',1,'1076测试服务器','4',8,'0');
insert into V_VEHICLEINFO (ORG_CODE,VEHICLE_ID,ID_NUMBER,TYPE_ID,TERMINAL_ID,DELETE_FLAG,COLOR_ID_NUMBER_ID,AUTHORIZED_PAY_MASS) values ('B0000802','2200843', '测B02842', 4, 220843, 0, '2',15);

insert into T_SIMINFO (SIM_ID, ORG_CODE, DEPTCODE, STATE,PAY_MODLE, SIM_NUM) values(22844, 'B0000802', '中国移动', 1, '预付费', 13100002843);
insert into T_TERMINALINFO (TERMINAL_ID,TTYPE_ID,SIM_ID,TERMINAL_CODE,ORG_CODE,IS_VIDEO_TERMINAL,SP_SERVER_NAME,PROTOCOL_TYPE,CHANNELS,YT_PROTOCOL_TYPE) values(220844, 4, 22844, '1002843', 'B0000802',1,'1076测试服务器','4',8,'0');
insert into V_VEHICLEINFO (ORG_CODE,VEHICLE_ID,ID_NUMBER,TYPE_ID,TERMINAL_ID,DELETE_FLAG,COLOR_ID_NUMBER_ID,AUTHORIZED_PAY_MASS) values ('B0000802','2200844', '测B02843', 4, 220844, 0, '2',15);

insert into T_SIMINFO (SIM_ID, ORG_CODE, DEPTCODE, STATE,PAY_MODLE, SIM_NUM) values(22845, 'B0000802', '中国移动', 1, '预付费', 13100002844);
insert into T_TERMINALINFO (TERMINAL_ID,TTYPE_ID,SIM_ID,TERMINAL_CODE,ORG_CODE,IS_VIDEO_TERMINAL,SP_SERVER_NAME,PROTOCOL_TYPE,CHANNELS,YT_PROTOCOL_TYPE) values(220845, 4, 22845, '1002844', 'B0000802',1,'1076测试服务器','4',8,'0');
insert into V_VEHICLEINFO (ORG_CODE,VEHICLE_ID,ID_NUMBER,TYPE_ID,TERMINAL_ID,DELETE_FLAG,COLOR_ID_NUMBER_ID,AUTHORIZED_PAY_MASS) values ('B0000802','2200845', '测B02844', 4, 220845, 0, '2',15);

insert into T_SIMINFO (SIM_ID, ORG_CODE, DEPTCODE, STATE,PAY_MODLE, SIM_NUM) values(22846, 'B0000802', '中国移动', 1, '预付费', 13100002845);
insert into T_TERMINALINFO (TERMINAL_ID,TTYPE_ID,SIM_ID,TERMINAL_CODE,ORG_CODE,IS_VIDEO_TERMINAL,SP_SERVER_NAME,PROTOCOL_TYPE,CHANNELS,YT_PROTOCOL_TYPE) values(220846, 4, 22846, '1002845', 'B0000802',1,'1076测试服务器','4',8,'0');
insert into V_VEHICLEINFO (ORG_CODE,VEHICLE_ID,ID_NUMBER,TYPE_ID,TERMINAL_ID,DELETE_FLAG,COLOR_ID_NUMBER_ID,AUTHORIZED_PAY_MASS) values ('B0000802','2200846', '测B02845', 4, 220846, 0, '2',15);

insert into T_SIMINFO (SIM_ID, ORG_CODE, DEPTCODE, STATE,PAY_MODLE, SIM_NUM) values(22847, 'B0000802', '中国移动', 1, '预付费', 13100002846);
insert into T_TERMINALINFO (TERMINAL_ID,TTYPE_ID,SIM_ID,TERMINAL_CODE,ORG_CODE,IS_VIDEO_TERMINAL,SP_SERVER_NAME,PROTOCOL_TYPE,CHANNELS,YT_PROTOCOL_TYPE) values(220847, 4, 22847, '1002846', 'B0000802',1,'1076测试服务器','4',8,'0');
insert into V_VEHICLEINFO (ORG_CODE,VEHICLE_ID,ID_NUMBER,TYPE_ID,TERMINAL_ID,DELETE_FLAG,COLOR_ID_NUMBER_ID,AUTHORIZED_PAY_MASS) values ('B0000802','2200847', '测B02846', 4, 220847, 0, '2',15);

insert into T_SIMINFO (SIM_ID, ORG_CODE, DEPTCODE, STATE,PAY_MODLE, SIM_NUM) values(22848, 'B0000802', '中国移动', 1, '预付费', 13100002847);
insert into T_TERMINALINFO (TERMINAL_ID,TTYPE_ID,SIM_ID,TERMINAL_CODE,ORG_CODE,IS_VIDEO_TERMINAL,SP_SERVER_NAME,PROTOCOL_TYPE,CHANNELS,YT_PROTOCOL_TYPE) values(220848, 4, 22848, '1002847', 'B0000802',1,'1076测试服务器','4',8,'0');
insert into V_VEHICLEINFO (ORG_CODE,VEHICLE_ID,ID_NUMBER,TYPE_ID,TERMINAL_ID,DELETE_FLAG,COLOR_ID_NUMBER_ID,AUTHORIZED_PAY_MASS) values ('B0000802','2200848', '测B02847', 4, 220848, 0, '2',15);

insert into T_SIMINFO (SIM_ID, ORG_CODE, DEPTCODE, STATE,PAY_MODLE, SIM_NUM) values(22849, 'B0000802', '中国移动', 1, '预付费', 13100002848);
insert into T_TERMINALINFO (TERMINAL_ID,TTYPE_ID,SIM_ID,TERMINAL_CODE,ORG_CODE,IS_VIDEO_TERMINAL,SP_SERVER_NAME,PROTOCOL_TYPE,CHANNELS,YT_PROTOCOL_TYPE) values(220849, 4, 22849, '1002848', 'B0000802',1,'1076测试服务器','4',8,'0');
insert into V_VEHICLEINFO (ORG_CODE,VEHICLE_ID,ID_NUMBER,TYPE_ID,TERMINAL_ID,DELETE_FLAG,COLOR_ID_NUMBER_ID,AUTHORIZED_PAY_MASS) values ('B0000802','2200849', '测B02848', 4, 220849, 0, '2',15);

insert into T_SIMINFO (SIM_ID, ORG_CODE, DEPTCODE, STATE,PAY_MODLE, SIM_NUM) values(22850, 'B0000802', '中国移动', 1, '预付费', 13100002849);
insert into T_TERMINALINFO (TERMINAL_ID,TTYPE_ID,SIM_ID,TERMINAL_CODE,ORG_CODE,IS_VIDEO_TERMINAL,SP_SERVER_NAME,PROTOCOL_TYPE,CHANNELS,YT_PROTOCOL_TYPE) values(220850, 4, 22850, '1002849', 'B0000802',1,'1076测试服务器','4',8,'0');
insert into V_VEHICLEINFO (ORG_CODE,VEHICLE_ID,ID_NUMBER,TYPE_ID,TERMINAL_ID,DELETE_FLAG,COLOR_ID_NUMBER_ID,AUTHORIZED_PAY_MASS) values ('B0000802','2200850', '测B02849', 4, 220850, 0, '2',15);

insert into T_SIMINFO (SIM_ID, ORG_CODE, DEPTCODE, STATE,PAY_MODLE, SIM_NUM) values(22851, 'B0000802', '中国移动', 1, '预付费', 13100002850);
insert into T_TERMINALINFO (TERMINAL_ID,TTYPE_ID,SIM_ID,TERMINAL_CODE,ORG_CODE,IS_VIDEO_TERMINAL,SP_SERVER_NAME,PROTOCOL_TYPE,CHANNELS,YT_PROTOCOL_TYPE) values(220851, 4, 22851, '1002850', 'B0000802',1,'1076测试服务器','4',8,'0');
insert into V_VEHICLEINFO (ORG_CODE,VEHICLE_ID,ID_NUMBER,TYPE_ID,TERMINAL_ID,DELETE_FLAG,COLOR_ID_NUMBER_ID,AUTHORIZED_PAY_MASS) values ('B0000802','2200851', '测B02850', 4, 220851, 0, '2',15);

insert into T_SIMINFO (SIM_ID, ORG_CODE, DEPTCODE, STATE,PAY_MODLE, SIM_NUM) values(22852, 'B0000802', '中国移动', 1, '预付费', 13100002851);
insert into T_TERMINALINFO (TERMINAL_ID,TTYPE_ID,SIM_ID,TERMINAL_CODE,ORG_CODE,IS_VIDEO_TERMINAL,SP_SERVER_NAME,PROTOCOL_TYPE,CHANNELS,YT_PROTOCOL_TYPE) values(220852, 4, 22852, '1002851', 'B0000802',1,'1076测试服务器','4',8,'0');
insert into V_VEHICLEINFO (ORG_CODE,VEHICLE_ID,ID_NUMBER,TYPE_ID,TERMINAL_ID,DELETE_FLAG,COLOR_ID_NUMBER_ID,AUTHORIZED_PAY_MASS) values ('B0000802','2200852', '测B02851', 4, 220852, 0, '2',15);

insert into T_SIMINFO (SIM_ID, ORG_CODE, DEPTCODE, STATE,PAY_MODLE, SIM_NUM) values(22853, 'B0000802', '中国移动', 1, '预付费', 13100002852);
insert into T_TERMINALINFO (TERMINAL_ID,TTYPE_ID,SIM_ID,TERMINAL_CODE,ORG_CODE,IS_VIDEO_TERMINAL,SP_SERVER_NAME,PROTOCOL_TYPE,CHANNELS,YT_PROTOCOL_TYPE) values(220853, 4, 22853, '1002852', 'B0000802',1,'1076测试服务器','4',8,'0');
insert into V_VEHICLEINFO (ORG_CODE,VEHICLE_ID,ID_NUMBER,TYPE_ID,TERMINAL_ID,DELETE_FLAG,COLOR_ID_NUMBER_ID,AUTHORIZED_PAY_MASS) values ('B0000802','2200853', '测B02852', 4, 220853, 0, '2',15);

insert into T_SIMINFO (SIM_ID, ORG_CODE, DEPTCODE, STATE,PAY_MODLE, SIM_NUM) values(22854, 'B0000802', '中国移动', 1, '预付费', 13100002853);
insert into T_TERMINALINFO (TERMINAL_ID,TTYPE_ID,SIM_ID,TERMINAL_CODE,ORG_CODE,IS_VIDEO_TERMINAL,SP_SERVER_NAME,PROTOCOL_TYPE,CHANNELS,YT_PROTOCOL_TYPE) values(220854, 4, 22854, '1002853', 'B0000802',1,'1076测试服务器','4',8,'0');
insert into V_VEHICLEINFO (ORG_CODE,VEHICLE_ID,ID_NUMBER,TYPE_ID,TERMINAL_ID,DELETE_FLAG,COLOR_ID_NUMBER_ID,AUTHORIZED_PAY_MASS) values ('B0000802','2200854', '测B02853', 4, 220854, 0, '2',15);

insert into T_SIMINFO (SIM_ID, ORG_CODE, DEPTCODE, STATE,PAY_MODLE, SIM_NUM) values(22855, 'B0000802', '中国移动', 1, '预付费', 13100002854);
insert into T_TERMINALINFO (TERMINAL_ID,TTYPE_ID,SIM_ID,TERMINAL_CODE,ORG_CODE,IS_VIDEO_TERMINAL,SP_SERVER_NAME,PROTOCOL_TYPE,CHANNELS,YT_PROTOCOL_TYPE) values(220855, 4, 22855, '1002854', 'B0000802',1,'1076测试服务器','4',8,'0');
insert into V_VEHICLEINFO (ORG_CODE,VEHICLE_ID,ID_NUMBER,TYPE_ID,TERMINAL_ID,DELETE_FLAG,COLOR_ID_NUMBER_ID,AUTHORIZED_PAY_MASS) values ('B0000802','2200855', '测B02854', 4, 220855, 0, '2',15);

insert into T_SIMINFO (SIM_ID, ORG_CODE, DEPTCODE, STATE,PAY_MODLE, SIM_NUM) values(22856, 'B0000802', '中国移动', 1, '预付费', 13100002855);
insert into T_TERMINALINFO (TERMINAL_ID,TTYPE_ID,SIM_ID,TERMINAL_CODE,ORG_CODE,IS_VIDEO_TERMINAL,SP_SERVER_NAME,PROTOCOL_TYPE,CHANNELS,YT_PROTOCOL_TYPE) values(220856, 4, 22856, '1002855', 'B0000802',1,'1076测试服务器','4',8,'0');
insert into V_VEHICLEINFO (ORG_CODE,VEHICLE_ID,ID_NUMBER,TYPE_ID,TERMINAL_ID,DELETE_FLAG,COLOR_ID_NUMBER_ID,AUTHORIZED_PAY_MASS) values ('B0000802','2200856', '测B02855', 4, 220856, 0, '2',15);

insert into T_SIMINFO (SIM_ID, ORG_CODE, DEPTCODE, STATE,PAY_MODLE, SIM_NUM) values(22857, 'B0000802', '中国移动', 1, '预付费', 13100002856);
insert into T_TERMINALINFO (TERMINAL_ID,TTYPE_ID,SIM_ID,TERMINAL_CODE,ORG_CODE,IS_VIDEO_TERMINAL,SP_SERVER_NAME,PROTOCOL_TYPE,CHANNELS,YT_PROTOCOL_TYPE) values(220857, 4, 22857, '1002856', 'B0000802',1,'1076测试服务器','4',8,'0');
insert into V_VEHICLEINFO (ORG_CODE,VEHICLE_ID,ID_NUMBER,TYPE_ID,TERMINAL_ID,DELETE_FLAG,COLOR_ID_NUMBER_ID,AUTHORIZED_PAY_MASS) values ('B0000802','2200857', '测B02856', 4, 220857, 0, '2',15);

insert into T_SIMINFO (SIM_ID, ORG_CODE, DEPTCODE, STATE,PAY_MODLE, SIM_NUM) values(22858, 'B0000802', '中国移动', 1, '预付费', 13100002857);
insert into T_TERMINALINFO (TERMINAL_ID,TTYPE_ID,SIM_ID,TERMINAL_CODE,ORG_CODE,IS_VIDEO_TERMINAL,SP_SERVER_NAME,PROTOCOL_TYPE,CHANNELS,YT_PROTOCOL_TYPE) values(220858, 4, 22858, '1002857', 'B0000802',1,'1076测试服务器','4',8,'0');
insert into V_VEHICLEINFO (ORG_CODE,VEHICLE_ID,ID_NUMBER,TYPE_ID,TERMINAL_ID,DELETE_FLAG,COLOR_ID_NUMBER_ID,AUTHORIZED_PAY_MASS) values ('B0000802','2200858', '测B02857', 4, 220858, 0, '2',15);

insert into T_SIMINFO (SIM_ID, ORG_CODE, DEPTCODE, STATE,PAY_MODLE, SIM_NUM) values(22859, 'B0000802', '中国移动', 1, '预付费', 13100002858);
insert into T_TERMINALINFO (TERMINAL_ID,TTYPE_ID,SIM_ID,TERMINAL_CODE,ORG_CODE,IS_VIDEO_TERMINAL,SP_SERVER_NAME,PROTOCOL_TYPE,CHANNELS,YT_PROTOCOL_TYPE) values(220859, 4, 22859, '1002858', 'B0000802',1,'1076测试服务器','4',8,'0');
insert into V_VEHICLEINFO (ORG_CODE,VEHICLE_ID,ID_NUMBER,TYPE_ID,TERMINAL_ID,DELETE_FLAG,COLOR_ID_NUMBER_ID,AUTHORIZED_PAY_MASS) values ('B0000802','2200859', '测B02858', 4, 220859, 0, '2',15);

insert into T_SIMINFO (SIM_ID, ORG_CODE, DEPTCODE, STATE,PAY_MODLE, SIM_NUM) values(22860, 'B0000802', '中国移动', 1, '预付费', 13100002859);
insert into T_TERMINALINFO (TERMINAL_ID,TTYPE_ID,SIM_ID,TERMINAL_CODE,ORG_CODE,IS_VIDEO_TERMINAL,SP_SERVER_NAME,PROTOCOL_TYPE,CHANNELS,YT_PROTOCOL_TYPE) values(220860, 4, 22860, '1002859', 'B0000802',1,'1076测试服务器','4',8,'0');
insert into V_VEHICLEINFO (ORG_CODE,VEHICLE_ID,ID_NUMBER,TYPE_ID,TERMINAL_ID,DELETE_FLAG,COLOR_ID_NUMBER_ID,AUTHORIZED_PAY_MASS) values ('B0000802','2200860', '测B02859', 4, 220860, 0, '2',15);

insert into T_SIMINFO (SIM_ID, ORG_CODE, DEPTCODE, STATE,PAY_MODLE, SIM_NUM) values(22861, 'B0000802', '中国移动', 1, '预付费', 13100002860);
insert into T_TERMINALINFO (TERMINAL_ID,TTYPE_ID,SIM_ID,TERMINAL_CODE,ORG_CODE,IS_VIDEO_TERMINAL,SP_SERVER_NAME,PROTOCOL_TYPE,CHANNELS,YT_PROTOCOL_TYPE) values(220861, 4, 22861, '1002860', 'B0000802',1,'1076测试服务器','4',8,'0');
insert into V_VEHICLEINFO (ORG_CODE,VEHICLE_ID,ID_NUMBER,TYPE_ID,TERMINAL_ID,DELETE_FLAG,COLOR_ID_NUMBER_ID,AUTHORIZED_PAY_MASS) values ('B0000802','2200861', '测B02860', 4, 220861, 0, '2',15);

insert into T_SIMINFO (SIM_ID, ORG_CODE, DEPTCODE, STATE,PAY_MODLE, SIM_NUM) values(22862, 'B0000802', '中国移动', 1, '预付费', 13100002861);
insert into T_TERMINALINFO (TERMINAL_ID,TTYPE_ID,SIM_ID,TERMINAL_CODE,ORG_CODE,IS_VIDEO_TERMINAL,SP_SERVER_NAME,PROTOCOL_TYPE,CHANNELS,YT_PROTOCOL_TYPE) values(220862, 4, 22862, '1002861', 'B0000802',1,'1076测试服务器','4',8,'0');
insert into V_VEHICLEINFO (ORG_CODE,VEHICLE_ID,ID_NUMBER,TYPE_ID,TERMINAL_ID,DELETE_FLAG,COLOR_ID_NUMBER_ID,AUTHORIZED_PAY_MASS) values ('B0000802','2200862', '测B02861', 4, 220862, 0, '2',15);

insert into T_SIMINFO (SIM_ID, ORG_CODE, DEPTCODE, STATE,PAY_MODLE, SIM_NUM) values(22863, 'B0000802', '中国移动', 1, '预付费', 13100002862);
insert into T_TERMINALINFO (TERMINAL_ID,TTYPE_ID,SIM_ID,TERMINAL_CODE,ORG_CODE,IS_VIDEO_TERMINAL,SP_SERVER_NAME,PROTOCOL_TYPE,CHANNELS,YT_PROTOCOL_TYPE) values(220863, 4, 22863, '1002862', 'B0000802',1,'1076测试服务器','4',8,'0');
insert into V_VEHICLEINFO (ORG_CODE,VEHICLE_ID,ID_NUMBER,TYPE_ID,TERMINAL_ID,DELETE_FLAG,COLOR_ID_NUMBER_ID,AUTHORIZED_PAY_MASS) values ('B0000802','2200863', '测B02862', 4, 220863, 0, '2',15);

insert into T_SIMINFO (SIM_ID, ORG_CODE, DEPTCODE, STATE,PAY_MODLE, SIM_NUM) values(22864, 'B0000802', '中国移动', 1, '预付费', 13100002863);
insert into T_TERMINALINFO (TERMINAL_ID,TTYPE_ID,SIM_ID,TERMINAL_CODE,ORG_CODE,IS_VIDEO_TERMINAL,SP_SERVER_NAME,PROTOCOL_TYPE,CHANNELS,YT_PROTOCOL_TYPE) values(220864, 4, 22864, '1002863', 'B0000802',1,'1076测试服务器','4',8,'0');
insert into V_VEHICLEINFO (ORG_CODE,VEHICLE_ID,ID_NUMBER,TYPE_ID,TERMINAL_ID,DELETE_FLAG,COLOR_ID_NUMBER_ID,AUTHORIZED_PAY_MASS) values ('B0000802','2200864', '测B02863', 4, 220864, 0, '2',15);

insert into T_SIMINFO (SIM_ID, ORG_CODE, DEPTCODE, STATE,PAY_MODLE, SIM_NUM) values(22865, 'B0000802', '中国移动', 1, '预付费', 13100002864);
insert into T_TERMINALINFO (TERMINAL_ID,TTYPE_ID,SIM_ID,TERMINAL_CODE,ORG_CODE,IS_VIDEO_TERMINAL,SP_SERVER_NAME,PROTOCOL_TYPE,CHANNELS,YT_PROTOCOL_TYPE) values(220865, 4, 22865, '1002864', 'B0000802',1,'1076测试服务器','4',8,'0');
insert into V_VEHICLEINFO (ORG_CODE,VEHICLE_ID,ID_NUMBER,TYPE_ID,TERMINAL_ID,DELETE_FLAG,COLOR_ID_NUMBER_ID,AUTHORIZED_PAY_MASS) values ('B0000802','2200865', '测B02864', 4, 220865, 0, '2',15);

insert into T_SIMINFO (SIM_ID, ORG_CODE, DEPTCODE, STATE,PAY_MODLE, SIM_NUM) values(22866, 'B0000802', '中国移动', 1, '预付费', 13100002865);
insert into T_TERMINALINFO (TERMINAL_ID,TTYPE_ID,SIM_ID,TERMINAL_CODE,ORG_CODE,IS_VIDEO_TERMINAL,SP_SERVER_NAME,PROTOCOL_TYPE,CHANNELS,YT_PROTOCOL_TYPE) values(220866, 4, 22866, '1002865', 'B0000802',1,'1076测试服务器','4',8,'0');
insert into V_VEHICLEINFO (ORG_CODE,VEHICLE_ID,ID_NUMBER,TYPE_ID,TERMINAL_ID,DELETE_FLAG,COLOR_ID_NUMBER_ID,AUTHORIZED_PAY_MASS) values ('B0000802','2200866', '测B02865', 4, 220866, 0, '2',15);

insert into T_SIMINFO (SIM_ID, ORG_CODE, DEPTCODE, STATE,PAY_MODLE, SIM_NUM) values(22867, 'B0000802', '中国移动', 1, '预付费', 13100002866);
insert into T_TERMINALINFO (TERMINAL_ID,TTYPE_ID,SIM_ID,TERMINAL_CODE,ORG_CODE,IS_VIDEO_TERMINAL,SP_SERVER_NAME,PROTOCOL_TYPE,CHANNELS,YT_PROTOCOL_TYPE) values(220867, 4, 22867, '1002866', 'B0000802',1,'1076测试服务器','4',8,'0');
insert into V_VEHICLEINFO (ORG_CODE,VEHICLE_ID,ID_NUMBER,TYPE_ID,TERMINAL_ID,DELETE_FLAG,COLOR_ID_NUMBER_ID,AUTHORIZED_PAY_MASS) values ('B0000802','2200867', '测B02866', 4, 220867, 0, '2',15);

insert into T_SIMINFO (SIM_ID, ORG_CODE, DEPTCODE, STATE,PAY_MODLE, SIM_NUM) values(22868, 'B0000802', '中国移动', 1, '预付费', 13100002867);
insert into T_TERMINALINFO (TERMINAL_ID,TTYPE_ID,SIM_ID,TERMINAL_CODE,ORG_CODE,IS_VIDEO_TERMINAL,SP_SERVER_NAME,PROTOCOL_TYPE,CHANNELS,YT_PROTOCOL_TYPE) values(220868, 4, 22868, '1002867', 'B0000802',1,'1076测试服务器','4',8,'0');
insert into V_VEHICLEINFO (ORG_CODE,VEHICLE_ID,ID_NUMBER,TYPE_ID,TERMINAL_ID,DELETE_FLAG,COLOR_ID_NUMBER_ID,AUTHORIZED_PAY_MASS) values ('B0000802','2200868', '测B02867', 4, 220868, 0, '2',15);

insert into T_SIMINFO (SIM_ID, ORG_CODE, DEPTCODE, STATE,PAY_MODLE, SIM_NUM) values(22869, 'B0000802', '中国移动', 1, '预付费', 13100002868);
insert into T_TERMINALINFO (TERMINAL_ID,TTYPE_ID,SIM_ID,TERMINAL_CODE,ORG_CODE,IS_VIDEO_TERMINAL,SP_SERVER_NAME,PROTOCOL_TYPE,CHANNELS,YT_PROTOCOL_TYPE) values(220869, 4, 22869, '1002868', 'B0000802',1,'1076测试服务器','4',8,'0');
insert into V_VEHICLEINFO (ORG_CODE,VEHICLE_ID,ID_NUMBER,TYPE_ID,TERMINAL_ID,DELETE_FLAG,COLOR_ID_NUMBER_ID,AUTHORIZED_PAY_MASS) values ('B0000802','2200869', '测B02868', 4, 220869, 0, '2',15);

insert into T_SIMINFO (SIM_ID, ORG_CODE, DEPTCODE, STATE,PAY_MODLE, SIM_NUM) values(22870, 'B0000802', '中国移动', 1, '预付费', 13100002869);
insert into T_TERMINALINFO (TERMINAL_ID,TTYPE_ID,SIM_ID,TERMINAL_CODE,ORG_CODE,IS_VIDEO_TERMINAL,SP_SERVER_NAME,PROTOCOL_TYPE,CHANNELS,YT_PROTOCOL_TYPE) values(220870, 4, 22870, '1002869', 'B0000802',1,'1076测试服务器','4',8,'0');
insert into V_VEHICLEINFO (ORG_CODE,VEHICLE_ID,ID_NUMBER,TYPE_ID,TERMINAL_ID,DELETE_FLAG,COLOR_ID_NUMBER_ID,AUTHORIZED_PAY_MASS) values ('B0000802','2200870', '测B02869', 4, 220870, 0, '2',15);

insert into T_SIMINFO (SIM_ID, ORG_CODE, DEPTCODE, STATE,PAY_MODLE, SIM_NUM) values(22871, 'B0000802', '中国移动', 1, '预付费', 13100002870);
insert into T_TERMINALINFO (TERMINAL_ID,TTYPE_ID,SIM_ID,TERMINAL_CODE,ORG_CODE,IS_VIDEO_TERMINAL,SP_SERVER_NAME,PROTOCOL_TYPE,CHANNELS,YT_PROTOCOL_TYPE) values(220871, 4, 22871, '1002870', 'B0000802',1,'1076测试服务器','4',8,'0');
insert into V_VEHICLEINFO (ORG_CODE,VEHICLE_ID,ID_NUMBER,TYPE_ID,TERMINAL_ID,DELETE_FLAG,COLOR_ID_NUMBER_ID,AUTHORIZED_PAY_MASS) values ('B0000802','2200871', '测B02870', 4, 220871, 0, '2',15);

insert into T_SIMINFO (SIM_ID, ORG_CODE, DEPTCODE, STATE,PAY_MODLE, SIM_NUM) values(22872, 'B0000802', '中国移动', 1, '预付费', 13100002871);
insert into T_TERMINALINFO (TERMINAL_ID,TTYPE_ID,SIM_ID,TERMINAL_CODE,ORG_CODE,IS_VIDEO_TERMINAL,SP_SERVER_NAME,PROTOCOL_TYPE,CHANNELS,YT_PROTOCOL_TYPE) values(220872, 4, 22872, '1002871', 'B0000802',1,'1076测试服务器','4',8,'0');
insert into V_VEHICLEINFO (ORG_CODE,VEHICLE_ID,ID_NUMBER,TYPE_ID,TERMINAL_ID,DELETE_FLAG,COLOR_ID_NUMBER_ID,AUTHORIZED_PAY_MASS) values ('B0000802','2200872', '测B02871', 4, 220872, 0, '2',15);

insert into T_SIMINFO (SIM_ID, ORG_CODE, DEPTCODE, STATE,PAY_MODLE, SIM_NUM) values(22873, 'B0000802', '中国移动', 1, '预付费', 13100002872);
insert into T_TERMINALINFO (TERMINAL_ID,TTYPE_ID,SIM_ID,TERMINAL_CODE,ORG_CODE,IS_VIDEO_TERMINAL,SP_SERVER_NAME,PROTOCOL_TYPE,CHANNELS,YT_PROTOCOL_TYPE) values(220873, 4, 22873, '1002872', 'B0000802',1,'1076测试服务器','4',8,'0');
insert into V_VEHICLEINFO (ORG_CODE,VEHICLE_ID,ID_NUMBER,TYPE_ID,TERMINAL_ID,DELETE_FLAG,COLOR_ID_NUMBER_ID,AUTHORIZED_PAY_MASS) values ('B0000802','2200873', '测B02872', 4, 220873, 0, '2',15);

insert into T_SIMINFO (SIM_ID, ORG_CODE, DEPTCODE, STATE,PAY_MODLE, SIM_NUM) values(22874, 'B0000802', '中国移动', 1, '预付费', 13100002873);
insert into T_TERMINALINFO (TERMINAL_ID,TTYPE_ID,SIM_ID,TERMINAL_CODE,ORG_CODE,IS_VIDEO_TERMINAL,SP_SERVER_NAME,PROTOCOL_TYPE,CHANNELS,YT_PROTOCOL_TYPE) values(220874, 4, 22874, '1002873', 'B0000802',1,'1076测试服务器','4',8,'0');
insert into V_VEHICLEINFO (ORG_CODE,VEHICLE_ID,ID_NUMBER,TYPE_ID,TERMINAL_ID,DELETE_FLAG,COLOR_ID_NUMBER_ID,AUTHORIZED_PAY_MASS) values ('B0000802','2200874', '测B02873', 4, 220874, 0, '2',15);

insert into T_SIMINFO (SIM_ID, ORG_CODE, DEPTCODE, STATE,PAY_MODLE, SIM_NUM) values(22875, 'B0000802', '中国移动', 1, '预付费', 13100002874);
insert into T_TERMINALINFO (TERMINAL_ID,TTYPE_ID,SIM_ID,TERMINAL_CODE,ORG_CODE,IS_VIDEO_TERMINAL,SP_SERVER_NAME,PROTOCOL_TYPE,CHANNELS,YT_PROTOCOL_TYPE) values(220875, 4, 22875, '1002874', 'B0000802',1,'1076测试服务器','4',8,'0');
insert into V_VEHICLEINFO (ORG_CODE,VEHICLE_ID,ID_NUMBER,TYPE_ID,TERMINAL_ID,DELETE_FLAG,COLOR_ID_NUMBER_ID,AUTHORIZED_PAY_MASS) values ('B0000802','2200875', '测B02874', 4, 220875, 0, '2',15);

insert into T_SIMINFO (SIM_ID, ORG_CODE, DEPTCODE, STATE,PAY_MODLE, SIM_NUM) values(22876, 'B0000802', '中国移动', 1, '预付费', 13100002875);
insert into T_TERMINALINFO (TERMINAL_ID,TTYPE_ID,SIM_ID,TERMINAL_CODE,ORG_CODE,IS_VIDEO_TERMINAL,SP_SERVER_NAME,PROTOCOL_TYPE,CHANNELS,YT_PROTOCOL_TYPE) values(220876, 4, 22876, '1002875', 'B0000802',1,'1076测试服务器','4',8,'0');
insert into V_VEHICLEINFO (ORG_CODE,VEHICLE_ID,ID_NUMBER,TYPE_ID,TERMINAL_ID,DELETE_FLAG,COLOR_ID_NUMBER_ID,AUTHORIZED_PAY_MASS) values ('B0000802','2200876', '测B02875', 4, 220876, 0, '2',15);

insert into T_SIMINFO (SIM_ID, ORG_CODE, DEPTCODE, STATE,PAY_MODLE, SIM_NUM) values(22877, 'B0000802', '中国移动', 1, '预付费', 13100002876);
insert into T_TERMINALINFO (TERMINAL_ID,TTYPE_ID,SIM_ID,TERMINAL_CODE,ORG_CODE,IS_VIDEO_TERMINAL,SP_SERVER_NAME,PROTOCOL_TYPE,CHANNELS,YT_PROTOCOL_TYPE) values(220877, 4, 22877, '1002876', 'B0000802',1,'1076测试服务器','4',8,'0');
insert into V_VEHICLEINFO (ORG_CODE,VEHICLE_ID,ID_NUMBER,TYPE_ID,TERMINAL_ID,DELETE_FLAG,COLOR_ID_NUMBER_ID,AUTHORIZED_PAY_MASS) values ('B0000802','2200877', '测B02876', 4, 220877, 0, '2',15);

insert into T_SIMINFO (SIM_ID, ORG_CODE, DEPTCODE, STATE,PAY_MODLE, SIM_NUM) values(22878, 'B0000802', '中国移动', 1, '预付费', 13100002877);
insert into T_TERMINALINFO (TERMINAL_ID,TTYPE_ID,SIM_ID,TERMINAL_CODE,ORG_CODE,IS_VIDEO_TERMINAL,SP_SERVER_NAME,PROTOCOL_TYPE,CHANNELS,YT_PROTOCOL_TYPE) values(220878, 4, 22878, '1002877', 'B0000802',1,'1076测试服务器','4',8,'0');
insert into V_VEHICLEINFO (ORG_CODE,VEHICLE_ID,ID_NUMBER,TYPE_ID,TERMINAL_ID,DELETE_FLAG,COLOR_ID_NUMBER_ID,AUTHORIZED_PAY_MASS) values ('B0000802','2200878', '测B02877', 4, 220878, 0, '2',15);

insert into T_SIMINFO (SIM_ID, ORG_CODE, DEPTCODE, STATE,PAY_MODLE, SIM_NUM) values(22879, 'B0000802', '中国移动', 1, '预付费', 13100002878);
insert into T_TERMINALINFO (TERMINAL_ID,TTYPE_ID,SIM_ID,TERMINAL_CODE,ORG_CODE,IS_VIDEO_TERMINAL,SP_SERVER_NAME,PROTOCOL_TYPE,CHANNELS,YT_PROTOCOL_TYPE) values(220879, 4, 22879, '1002878', 'B0000802',1,'1076测试服务器','4',8,'0');
insert into V_VEHICLEINFO (ORG_CODE,VEHICLE_ID,ID_NUMBER,TYPE_ID,TERMINAL_ID,DELETE_FLAG,COLOR_ID_NUMBER_ID,AUTHORIZED_PAY_MASS) values ('B0000802','2200879', '测B02878', 4, 220879, 0, '2',15);

insert into T_SIMINFO (SIM_ID, ORG_CODE, DEPTCODE, STATE,PAY_MODLE, SIM_NUM) values(22880, 'B0000802', '中国移动', 1, '预付费', 13100002879);
insert into T_TERMINALINFO (TERMINAL_ID,TTYPE_ID,SIM_ID,TERMINAL_CODE,ORG_CODE,IS_VIDEO_TERMINAL,SP_SERVER_NAME,PROTOCOL_TYPE,CHANNELS,YT_PROTOCOL_TYPE) values(220880, 4, 22880, '1002879', 'B0000802',1,'1076测试服务器','4',8,'0');
insert into V_VEHICLEINFO (ORG_CODE,VEHICLE_ID,ID_NUMBER,TYPE_ID,TERMINAL_ID,DELETE_FLAG,COLOR_ID_NUMBER_ID,AUTHORIZED_PAY_MASS) values ('B0000802','2200880', '测B02879', 4, 220880, 0, '2',15);

insert into T_SIMINFO (SIM_ID, ORG_CODE, DEPTCODE, STATE,PAY_MODLE, SIM_NUM) values(22881, 'B0000802', '中国移动', 1, '预付费', 13100002880);
insert into T_TERMINALINFO (TERMINAL_ID,TTYPE_ID,SIM_ID,TERMINAL_CODE,ORG_CODE,IS_VIDEO_TERMINAL,SP_SERVER_NAME,PROTOCOL_TYPE,CHANNELS,YT_PROTOCOL_TYPE) values(220881, 4, 22881, '1002880', 'B0000802',1,'1076测试服务器','4',8,'0');
insert into V_VEHICLEINFO (ORG_CODE,VEHICLE_ID,ID_NUMBER,TYPE_ID,TERMINAL_ID,DELETE_FLAG,COLOR_ID_NUMBER_ID,AUTHORIZED_PAY_MASS) values ('B0000802','2200881', '测B02880', 4, 220881, 0, '2',15);

insert into T_SIMINFO (SIM_ID, ORG_CODE, DEPTCODE, STATE,PAY_MODLE, SIM_NUM) values(22882, 'B0000802', '中国移动', 1, '预付费', 13100002881);
insert into T_TERMINALINFO (TERMINAL_ID,TTYPE_ID,SIM_ID,TERMINAL_CODE,ORG_CODE,IS_VIDEO_TERMINAL,SP_SERVER_NAME,PROTOCOL_TYPE,CHANNELS,YT_PROTOCOL_TYPE) values(220882, 4, 22882, '1002881', 'B0000802',1,'1076测试服务器','4',8,'0');
insert into V_VEHICLEINFO (ORG_CODE,VEHICLE_ID,ID_NUMBER,TYPE_ID,TERMINAL_ID,DELETE_FLAG,COLOR_ID_NUMBER_ID,AUTHORIZED_PAY_MASS) values ('B0000802','2200882', '测B02881', 4, 220882, 0, '2',15);

insert into T_SIMINFO (SIM_ID, ORG_CODE, DEPTCODE, STATE,PAY_MODLE, SIM_NUM) values(22883, 'B0000802', '中国移动', 1, '预付费', 13100002882);
insert into T_TERMINALINFO (TERMINAL_ID,TTYPE_ID,SIM_ID,TERMINAL_CODE,ORG_CODE,IS_VIDEO_TERMINAL,SP_SERVER_NAME,PROTOCOL_TYPE,CHANNELS,YT_PROTOCOL_TYPE) values(220883, 4, 22883, '1002882', 'B0000802',1,'1076测试服务器','4',8,'0');
insert into V_VEHICLEINFO (ORG_CODE,VEHICLE_ID,ID_NUMBER,TYPE_ID,TERMINAL_ID,DELETE_FLAG,COLOR_ID_NUMBER_ID,AUTHORIZED_PAY_MASS) values ('B0000802','2200883', '测B02882', 4, 220883, 0, '2',15);

insert into T_SIMINFO (SIM_ID, ORG_CODE, DEPTCODE, STATE,PAY_MODLE, SIM_NUM) values(22884, 'B0000802', '中国移动', 1, '预付费', 13100002883);
insert into T_TERMINALINFO (TERMINAL_ID,TTYPE_ID,SIM_ID,TERMINAL_CODE,ORG_CODE,IS_VIDEO_TERMINAL,SP_SERVER_NAME,PROTOCOL_TYPE,CHANNELS,YT_PROTOCOL_TYPE) values(220884, 4, 22884, '1002883', 'B0000802',1,'1076测试服务器','4',8,'0');
insert into V_VEHICLEINFO (ORG_CODE,VEHICLE_ID,ID_NUMBER,TYPE_ID,TERMINAL_ID,DELETE_FLAG,COLOR_ID_NUMBER_ID,AUTHORIZED_PAY_MASS) values ('B0000802','2200884', '测B02883', 4, 220884, 0, '2',15);

insert into T_SIMINFO (SIM_ID, ORG_CODE, DEPTCODE, STATE,PAY_MODLE, SIM_NUM) values(22885, 'B0000802', '中国移动', 1, '预付费', 13100002884);
insert into T_TERMINALINFO (TERMINAL_ID,TTYPE_ID,SIM_ID,TERMINAL_CODE,ORG_CODE,IS_VIDEO_TERMINAL,SP_SERVER_NAME,PROTOCOL_TYPE,CHANNELS,YT_PROTOCOL_TYPE) values(220885, 4, 22885, '1002884', 'B0000802',1,'1076测试服务器','4',8,'0');
insert into V_VEHICLEINFO (ORG_CODE,VEHICLE_ID,ID_NUMBER,TYPE_ID,TERMINAL_ID,DELETE_FLAG,COLOR_ID_NUMBER_ID,AUTHORIZED_PAY_MASS) values ('B0000802','2200885', '测B02884', 4, 220885, 0, '2',15);

insert into T_SIMINFO (SIM_ID, ORG_CODE, DEPTCODE, STATE,PAY_MODLE, SIM_NUM) values(22886, 'B0000802', '中国移动', 1, '预付费', 13100002885);
insert into T_TERMINALINFO (TERMINAL_ID,TTYPE_ID,SIM_ID,TERMINAL_CODE,ORG_CODE,IS_VIDEO_TERMINAL,SP_SERVER_NAME,PROTOCOL_TYPE,CHANNELS,YT_PROTOCOL_TYPE) values(220886, 4, 22886, '1002885', 'B0000802',1,'1076测试服务器','4',8,'0');
insert into V_VEHICLEINFO (ORG_CODE,VEHICLE_ID,ID_NUMBER,TYPE_ID,TERMINAL_ID,DELETE_FLAG,COLOR_ID_NUMBER_ID,AUTHORIZED_PAY_MASS) values ('B0000802','2200886', '测B02885', 4, 220886, 0, '2',15);

insert into T_SIMINFO (SIM_ID, ORG_CODE, DEPTCODE, STATE,PAY_MODLE, SIM_NUM) values(22887, 'B0000802', '中国移动', 1, '预付费', 13100002886);
insert into T_TERMINALINFO (TERMINAL_ID,TTYPE_ID,SIM_ID,TERMINAL_CODE,ORG_CODE,IS_VIDEO_TERMINAL,SP_SERVER_NAME,PROTOCOL_TYPE,CHANNELS,YT_PROTOCOL_TYPE) values(220887, 4, 22887, '1002886', 'B0000802',1,'1076测试服务器','4',8,'0');
insert into V_VEHICLEINFO (ORG_CODE,VEHICLE_ID,ID_NUMBER,TYPE_ID,TERMINAL_ID,DELETE_FLAG,COLOR_ID_NUMBER_ID,AUTHORIZED_PAY_MASS) values ('B0000802','2200887', '测B02886', 4, 220887, 0, '2',15);

insert into T_SIMINFO (SIM_ID, ORG_CODE, DEPTCODE, STATE,PAY_MODLE, SIM_NUM) values(22888, 'B0000802', '中国移动', 1, '预付费', 13100002887);
insert into T_TERMINALINFO (TERMINAL_ID,TTYPE_ID,SIM_ID,TERMINAL_CODE,ORG_CODE,IS_VIDEO_TERMINAL,SP_SERVER_NAME,PROTOCOL_TYPE,CHANNELS,YT_PROTOCOL_TYPE) values(220888, 4, 22888, '1002887', 'B0000802',1,'1076测试服务器','4',8,'0');
insert into V_VEHICLEINFO (ORG_CODE,VEHICLE_ID,ID_NUMBER,TYPE_ID,TERMINAL_ID,DELETE_FLAG,COLOR_ID_NUMBER_ID,AUTHORIZED_PAY_MASS) values ('B0000802','2200888', '测B02887', 4, 220888, 0, '2',15);

insert into T_SIMINFO (SIM_ID, ORG_CODE, DEPTCODE, STATE,PAY_MODLE, SIM_NUM) values(22889, 'B0000802', '中国移动', 1, '预付费', 13100002888);
insert into T_TERMINALINFO (TERMINAL_ID,TTYPE_ID,SIM_ID,TERMINAL_CODE,ORG_CODE,IS_VIDEO_TERMINAL,SP_SERVER_NAME,PROTOCOL_TYPE,CHANNELS,YT_PROTOCOL_TYPE) values(220889, 4, 22889, '1002888', 'B0000802',1,'1076测试服务器','4',8,'0');
insert into V_VEHICLEINFO (ORG_CODE,VEHICLE_ID,ID_NUMBER,TYPE_ID,TERMINAL_ID,DELETE_FLAG,COLOR_ID_NUMBER_ID,AUTHORIZED_PAY_MASS) values ('B0000802','2200889', '测B02888', 4, 220889, 0, '2',15);

insert into T_SIMINFO (SIM_ID, ORG_CODE, DEPTCODE, STATE,PAY_MODLE, SIM_NUM) values(22890, 'B0000802', '中国移动', 1, '预付费', 13100002889);
insert into T_TERMINALINFO (TERMINAL_ID,TTYPE_ID,SIM_ID,TERMINAL_CODE,ORG_CODE,IS_VIDEO_TERMINAL,SP_SERVER_NAME,PROTOCOL_TYPE,CHANNELS,YT_PROTOCOL_TYPE) values(220890, 4, 22890, '1002889', 'B0000802',1,'1076测试服务器','4',8,'0');
insert into V_VEHICLEINFO (ORG_CODE,VEHICLE_ID,ID_NUMBER,TYPE_ID,TERMINAL_ID,DELETE_FLAG,COLOR_ID_NUMBER_ID,AUTHORIZED_PAY_MASS) values ('B0000802','2200890', '测B02889', 4, 220890, 0, '2',15);

insert into T_SIMINFO (SIM_ID, ORG_CODE, DEPTCODE, STATE,PAY_MODLE, SIM_NUM) values(22891, 'B0000802', '中国移动', 1, '预付费', 13100002890);
insert into T_TERMINALINFO (TERMINAL_ID,TTYPE_ID,SIM_ID,TERMINAL_CODE,ORG_CODE,IS_VIDEO_TERMINAL,SP_SERVER_NAME,PROTOCOL_TYPE,CHANNELS,YT_PROTOCOL_TYPE) values(220891, 4, 22891, '1002890', 'B0000802',1,'1076测试服务器','4',8,'0');
insert into V_VEHICLEINFO (ORG_CODE,VEHICLE_ID,ID_NUMBER,TYPE_ID,TERMINAL_ID,DELETE_FLAG,COLOR_ID_NUMBER_ID,AUTHORIZED_PAY_MASS) values ('B0000802','2200891', '测B02890', 4, 220891, 0, '2',15);

insert into T_SIMINFO (SIM_ID, ORG_CODE, DEPTCODE, STATE,PAY_MODLE, SIM_NUM) values(22892, 'B0000802', '中国移动', 1, '预付费', 13100002891);
insert into T_TERMINALINFO (TERMINAL_ID,TTYPE_ID,SIM_ID,TERMINAL_CODE,ORG_CODE,IS_VIDEO_TERMINAL,SP_SERVER_NAME,PROTOCOL_TYPE,CHANNELS,YT_PROTOCOL_TYPE) values(220892, 4, 22892, '1002891', 'B0000802',1,'1076测试服务器','4',8,'0');
insert into V_VEHICLEINFO (ORG_CODE,VEHICLE_ID,ID_NUMBER,TYPE_ID,TERMINAL_ID,DELETE_FLAG,COLOR_ID_NUMBER_ID,AUTHORIZED_PAY_MASS) values ('B0000802','2200892', '测B02891', 4, 220892, 0, '2',15);

insert into T_SIMINFO (SIM_ID, ORG_CODE, DEPTCODE, STATE,PAY_MODLE, SIM_NUM) values(22893, 'B0000802', '中国移动', 1, '预付费', 13100002892);
insert into T_TERMINALINFO (TERMINAL_ID,TTYPE_ID,SIM_ID,TERMINAL_CODE,ORG_CODE,IS_VIDEO_TERMINAL,SP_SERVER_NAME,PROTOCOL_TYPE,CHANNELS,YT_PROTOCOL_TYPE) values(220893, 4, 22893, '1002892', 'B0000802',1,'1076测试服务器','4',8,'0');
insert into V_VEHICLEINFO (ORG_CODE,VEHICLE_ID,ID_NUMBER,TYPE_ID,TERMINAL_ID,DELETE_FLAG,COLOR_ID_NUMBER_ID,AUTHORIZED_PAY_MASS) values ('B0000802','2200893', '测B02892', 4, 220893, 0, '2',15);

insert into T_SIMINFO (SIM_ID, ORG_CODE, DEPTCODE, STATE,PAY_MODLE, SIM_NUM) values(22894, 'B0000802', '中国移动', 1, '预付费', 13100002893);
insert into T_TERMINALINFO (TERMINAL_ID,TTYPE_ID,SIM_ID,TERMINAL_CODE,ORG_CODE,IS_VIDEO_TERMINAL,SP_SERVER_NAME,PROTOCOL_TYPE,CHANNELS,YT_PROTOCOL_TYPE) values(220894, 4, 22894, '1002893', 'B0000802',1,'1076测试服务器','4',8,'0');
insert into V_VEHICLEINFO (ORG_CODE,VEHICLE_ID,ID_NUMBER,TYPE_ID,TERMINAL_ID,DELETE_FLAG,COLOR_ID_NUMBER_ID,AUTHORIZED_PAY_MASS) values ('B0000802','2200894', '测B02893', 4, 220894, 0, '2',15);

insert into T_SIMINFO (SIM_ID, ORG_CODE, DEPTCODE, STATE,PAY_MODLE, SIM_NUM) values(22895, 'B0000802', '中国移动', 1, '预付费', 13100002894);
insert into T_TERMINALINFO (TERMINAL_ID,TTYPE_ID,SIM_ID,TERMINAL_CODE,ORG_CODE,IS_VIDEO_TERMINAL,SP_SERVER_NAME,PROTOCOL_TYPE,CHANNELS,YT_PROTOCOL_TYPE) values(220895, 4, 22895, '1002894', 'B0000802',1,'1076测试服务器','4',8,'0');
insert into V_VEHICLEINFO (ORG_CODE,VEHICLE_ID,ID_NUMBER,TYPE_ID,TERMINAL_ID,DELETE_FLAG,COLOR_ID_NUMBER_ID,AUTHORIZED_PAY_MASS) values ('B0000802','2200895', '测B02894', 4, 220895, 0, '2',15);

insert into T_SIMINFO (SIM_ID, ORG_CODE, DEPTCODE, STATE,PAY_MODLE, SIM_NUM) values(22896, 'B0000802', '中国移动', 1, '预付费', 13100002895);
insert into T_TERMINALINFO (TERMINAL_ID,TTYPE_ID,SIM_ID,TERMINAL_CODE,ORG_CODE,IS_VIDEO_TERMINAL,SP_SERVER_NAME,PROTOCOL_TYPE,CHANNELS,YT_PROTOCOL_TYPE) values(220896, 4, 22896, '1002895', 'B0000802',1,'1076测试服务器','4',8,'0');
insert into V_VEHICLEINFO (ORG_CODE,VEHICLE_ID,ID_NUMBER,TYPE_ID,TERMINAL_ID,DELETE_FLAG,COLOR_ID_NUMBER_ID,AUTHORIZED_PAY_MASS) values ('B0000802','2200896', '测B02895', 4, 220896, 0, '2',15);

insert into T_SIMINFO (SIM_ID, ORG_CODE, DEPTCODE, STATE,PAY_MODLE, SIM_NUM) values(22897, 'B0000802', '中国移动', 1, '预付费', 13100002896);
insert into T_TERMINALINFO (TERMINAL_ID,TTYPE_ID,SIM_ID,TERMINAL_CODE,ORG_CODE,IS_VIDEO_TERMINAL,SP_SERVER_NAME,PROTOCOL_TYPE,CHANNELS,YT_PROTOCOL_TYPE) values(220897, 4, 22897, '1002896', 'B0000802',1,'1076测试服务器','4',8,'0');
insert into V_VEHICLEINFO (ORG_CODE,VEHICLE_ID,ID_NUMBER,TYPE_ID,TERMINAL_ID,DELETE_FLAG,COLOR_ID_NUMBER_ID,AUTHORIZED_PAY_MASS) values ('B0000802','2200897', '测B02896', 4, 220897, 0, '2',15);

insert into T_SIMINFO (SIM_ID, ORG_CODE, DEPTCODE, STATE,PAY_MODLE, SIM_NUM) values(22898, 'B0000802', '中国移动', 1, '预付费', 13100002897);
insert into T_TERMINALINFO (TERMINAL_ID,TTYPE_ID,SIM_ID,TERMINAL_CODE,ORG_CODE,IS_VIDEO_TERMINAL,SP_SERVER_NAME,PROTOCOL_TYPE,CHANNELS,YT_PROTOCOL_TYPE) values(220898, 4, 22898, '1002897', 'B0000802',1,'1076测试服务器','4',8,'0');
insert into V_VEHICLEINFO (ORG_CODE,VEHICLE_ID,ID_NUMBER,TYPE_ID,TERMINAL_ID,DELETE_FLAG,COLOR_ID_NUMBER_ID,AUTHORIZED_PAY_MASS) values ('B0000802','2200898', '测B02897', 4, 220898, 0, '2',15);

insert into T_SIMINFO (SIM_ID, ORG_CODE, DEPTCODE, STATE,PAY_MODLE, SIM_NUM) values(22899, 'B0000802', '中国移动', 1, '预付费', 13100002898);
insert into T_TERMINALINFO (TERMINAL_ID,TTYPE_ID,SIM_ID,TERMINAL_CODE,ORG_CODE,IS_VIDEO_TERMINAL,SP_SERVER_NAME,PROTOCOL_TYPE,CHANNELS,YT_PROTOCOL_TYPE) values(220899, 4, 22899, '1002898', 'B0000802',1,'1076测试服务器','4',8,'0');
insert into V_VEHICLEINFO (ORG_CODE,VEHICLE_ID,ID_NUMBER,TYPE_ID,TERMINAL_ID,DELETE_FLAG,COLOR_ID_NUMBER_ID,AUTHORIZED_PAY_MASS) values ('B0000802','2200899', '测B02898', 4, 220899, 0, '2',15);

insert into T_SIMINFO (SIM_ID, ORG_CODE, DEPTCODE, STATE,PAY_MODLE, SIM_NUM) values(22900, 'B0000802', '中国移动', 1, '预付费', 13100002899);
insert into T_TERMINALINFO (TERMINAL_ID,TTYPE_ID,SIM_ID,TERMINAL_CODE,ORG_CODE,IS_VIDEO_TERMINAL,SP_SERVER_NAME,PROTOCOL_TYPE,CHANNELS,YT_PROTOCOL_TYPE) values(220900, 4, 22900, '1002899', 'B0000802',1,'1076测试服务器','4',8,'0');
insert into V_VEHICLEINFO (ORG_CODE,VEHICLE_ID,ID_NUMBER,TYPE_ID,TERMINAL_ID,DELETE_FLAG,COLOR_ID_NUMBER_ID,AUTHORIZED_PAY_MASS) values ('B0000802','2200900', '测B02899', 4, 220900, 0, '2',15);

insert into T_SIMINFO (SIM_ID, ORG_CODE, DEPTCODE, STATE,PAY_MODLE, SIM_NUM) values(22901, 'B0000802', '中国移动', 1, '预付费', 13100002900);
insert into T_TERMINALINFO (TERMINAL_ID,TTYPE_ID,SIM_ID,TERMINAL_CODE,ORG_CODE,IS_VIDEO_TERMINAL,SP_SERVER_NAME,PROTOCOL_TYPE,CHANNELS,YT_PROTOCOL_TYPE) values(220901, 4, 22901, '1002900', 'B0000802',1,'1076测试服务器','4',8,'0');
insert into V_VEHICLEINFO (ORG_CODE,VEHICLE_ID,ID_NUMBER,TYPE_ID,TERMINAL_ID,DELETE_FLAG,COLOR_ID_NUMBER_ID,AUTHORIZED_PAY_MASS) values ('B0000802','2200901', '测B02900', 4, 220901, 0, '2',15);

insert into T_SIMINFO (SIM_ID, ORG_CODE, DEPTCODE, STATE,PAY_MODLE, SIM_NUM) values(22902, 'B0000802', '中国移动', 1, '预付费', 13100002901);
insert into T_TERMINALINFO (TERMINAL_ID,TTYPE_ID,SIM_ID,TERMINAL_CODE,ORG_CODE,IS_VIDEO_TERMINAL,SP_SERVER_NAME,PROTOCOL_TYPE,CHANNELS,YT_PROTOCOL_TYPE) values(220902, 4, 22902, '1002901', 'B0000802',1,'1076测试服务器','4',8,'0');
insert into V_VEHICLEINFO (ORG_CODE,VEHICLE_ID,ID_NUMBER,TYPE_ID,TERMINAL_ID,DELETE_FLAG,COLOR_ID_NUMBER_ID,AUTHORIZED_PAY_MASS) values ('B0000802','2200902', '测B02901', 4, 220902, 0, '2',15);

insert into T_SIMINFO (SIM_ID, ORG_CODE, DEPTCODE, STATE,PAY_MODLE, SIM_NUM) values(22903, 'B0000802', '中国移动', 1, '预付费', 13100002902);
insert into T_TERMINALINFO (TERMINAL_ID,TTYPE_ID,SIM_ID,TERMINAL_CODE,ORG_CODE,IS_VIDEO_TERMINAL,SP_SERVER_NAME,PROTOCOL_TYPE,CHANNELS,YT_PROTOCOL_TYPE) values(220903, 4, 22903, '1002902', 'B0000802',1,'1076测试服务器','4',8,'0');
insert into V_VEHICLEINFO (ORG_CODE,VEHICLE_ID,ID_NUMBER,TYPE_ID,TERMINAL_ID,DELETE_FLAG,COLOR_ID_NUMBER_ID,AUTHORIZED_PAY_MASS) values ('B0000802','2200903', '测B02902', 4, 220903, 0, '2',15);

insert into T_SIMINFO (SIM_ID, ORG_CODE, DEPTCODE, STATE,PAY_MODLE, SIM_NUM) values(22904, 'B0000802', '中国移动', 1, '预付费', 13100002903);
insert into T_TERMINALINFO (TERMINAL_ID,TTYPE_ID,SIM_ID,TERMINAL_CODE,ORG_CODE,IS_VIDEO_TERMINAL,SP_SERVER_NAME,PROTOCOL_TYPE,CHANNELS,YT_PROTOCOL_TYPE) values(220904, 4, 22904, '1002903', 'B0000802',1,'1076测试服务器','4',8,'0');
insert into V_VEHICLEINFO (ORG_CODE,VEHICLE_ID,ID_NUMBER,TYPE_ID,TERMINAL_ID,DELETE_FLAG,COLOR_ID_NUMBER_ID,AUTHORIZED_PAY_MASS) values ('B0000802','2200904', '测B02903', 4, 220904, 0, '2',15);

insert into T_SIMINFO (SIM_ID, ORG_CODE, DEPTCODE, STATE,PAY_MODLE, SIM_NUM) values(22905, 'B0000802', '中国移动', 1, '预付费', 13100002904);
insert into T_TERMINALINFO (TERMINAL_ID,TTYPE_ID,SIM_ID,TERMINAL_CODE,ORG_CODE,IS_VIDEO_TERMINAL,SP_SERVER_NAME,PROTOCOL_TYPE,CHANNELS,YT_PROTOCOL_TYPE) values(220905, 4, 22905, '1002904', 'B0000802',1,'1076测试服务器','4',8,'0');
insert into V_VEHICLEINFO (ORG_CODE,VEHICLE_ID,ID_NUMBER,TYPE_ID,TERMINAL_ID,DELETE_FLAG,COLOR_ID_NUMBER_ID,AUTHORIZED_PAY_MASS) values ('B0000802','2200905', '测B02904', 4, 220905, 0, '2',15);

insert into T_SIMINFO (SIM_ID, ORG_CODE, DEPTCODE, STATE,PAY_MODLE, SIM_NUM) values(22906, 'B0000802', '中国移动', 1, '预付费', 13100002905);
insert into T_TERMINALINFO (TERMINAL_ID,TTYPE_ID,SIM_ID,TERMINAL_CODE,ORG_CODE,IS_VIDEO_TERMINAL,SP_SERVER_NAME,PROTOCOL_TYPE,CHANNELS,YT_PROTOCOL_TYPE) values(220906, 4, 22906, '1002905', 'B0000802',1,'1076测试服务器','4',8,'0');
insert into V_VEHICLEINFO (ORG_CODE,VEHICLE_ID,ID_NUMBER,TYPE_ID,TERMINAL_ID,DELETE_FLAG,COLOR_ID_NUMBER_ID,AUTHORIZED_PAY_MASS) values ('B0000802','2200906', '测B02905', 4, 220906, 0, '2',15);

insert into T_SIMINFO (SIM_ID, ORG_CODE, DEPTCODE, STATE,PAY_MODLE, SIM_NUM) values(22907, 'B0000802', '中国移动', 1, '预付费', 13100002906);
insert into T_TERMINALINFO (TERMINAL_ID,TTYPE_ID,SIM_ID,TERMINAL_CODE,ORG_CODE,IS_VIDEO_TERMINAL,SP_SERVER_NAME,PROTOCOL_TYPE,CHANNELS,YT_PROTOCOL_TYPE) values(220907, 4, 22907, '1002906', 'B0000802',1,'1076测试服务器','4',8,'0');
insert into V_VEHICLEINFO (ORG_CODE,VEHICLE_ID,ID_NUMBER,TYPE_ID,TERMINAL_ID,DELETE_FLAG,COLOR_ID_NUMBER_ID,AUTHORIZED_PAY_MASS) values ('B0000802','2200907', '测B02906', 4, 220907, 0, '2',15);

insert into T_SIMINFO (SIM_ID, ORG_CODE, DEPTCODE, STATE,PAY_MODLE, SIM_NUM) values(22908, 'B0000802', '中国移动', 1, '预付费', 13100002907);
insert into T_TERMINALINFO (TERMINAL_ID,TTYPE_ID,SIM_ID,TERMINAL_CODE,ORG_CODE,IS_VIDEO_TERMINAL,SP_SERVER_NAME,PROTOCOL_TYPE,CHANNELS,YT_PROTOCOL_TYPE) values(220908, 4, 22908, '1002907', 'B0000802',1,'1076测试服务器','4',8,'0');
insert into V_VEHICLEINFO (ORG_CODE,VEHICLE_ID,ID_NUMBER,TYPE_ID,TERMINAL_ID,DELETE_FLAG,COLOR_ID_NUMBER_ID,AUTHORIZED_PAY_MASS) values ('B0000802','2200908', '测B02907', 4, 220908, 0, '2',15);

insert into T_SIMINFO (SIM_ID, ORG_CODE, DEPTCODE, STATE,PAY_MODLE, SIM_NUM) values(22909, 'B0000802', '中国移动', 1, '预付费', 13100002908);
insert into T_TERMINALINFO (TERMINAL_ID,TTYPE_ID,SIM_ID,TERMINAL_CODE,ORG_CODE,IS_VIDEO_TERMINAL,SP_SERVER_NAME,PROTOCOL_TYPE,CHANNELS,YT_PROTOCOL_TYPE) values(220909, 4, 22909, '1002908', 'B0000802',1,'1076测试服务器','4',8,'0');
insert into V_VEHICLEINFO (ORG_CODE,VEHICLE_ID,ID_NUMBER,TYPE_ID,TERMINAL_ID,DELETE_FLAG,COLOR_ID_NUMBER_ID,AUTHORIZED_PAY_MASS) values ('B0000802','2200909', '测B02908', 4, 220909, 0, '2',15);

insert into T_SIMINFO (SIM_ID, ORG_CODE, DEPTCODE, STATE,PAY_MODLE, SIM_NUM) values(22910, 'B0000802', '中国移动', 1, '预付费', 13100002909);
insert into T_TERMINALINFO (TERMINAL_ID,TTYPE_ID,SIM_ID,TERMINAL_CODE,ORG_CODE,IS_VIDEO_TERMINAL,SP_SERVER_NAME,PROTOCOL_TYPE,CHANNELS,YT_PROTOCOL_TYPE) values(220910, 4, 22910, '1002909', 'B0000802',1,'1076测试服务器','4',8,'0');
insert into V_VEHICLEINFO (ORG_CODE,VEHICLE_ID,ID_NUMBER,TYPE_ID,TERMINAL_ID,DELETE_FLAG,COLOR_ID_NUMBER_ID,AUTHORIZED_PAY_MASS) values ('B0000802','2200910', '测B02909', 4, 220910, 0, '2',15);

insert into T_SIMINFO (SIM_ID, ORG_CODE, DEPTCODE, STATE,PAY_MODLE, SIM_NUM) values(22911, 'B0000802', '中国移动', 1, '预付费', 13100002910);
insert into T_TERMINALINFO (TERMINAL_ID,TTYPE_ID,SIM_ID,TERMINAL_CODE,ORG_CODE,IS_VIDEO_TERMINAL,SP_SERVER_NAME,PROTOCOL_TYPE,CHANNELS,YT_PROTOCOL_TYPE) values(220911, 4, 22911, '1002910', 'B0000802',1,'1076测试服务器','4',8,'0');
insert into V_VEHICLEINFO (ORG_CODE,VEHICLE_ID,ID_NUMBER,TYPE_ID,TERMINAL_ID,DELETE_FLAG,COLOR_ID_NUMBER_ID,AUTHORIZED_PAY_MASS) values ('B0000802','2200911', '测B02910', 4, 220911, 0, '2',15);

insert into T_SIMINFO (SIM_ID, ORG_CODE, DEPTCODE, STATE,PAY_MODLE, SIM_NUM) values(22912, 'B0000802', '中国移动', 1, '预付费', 13100002911);
insert into T_TERMINALINFO (TERMINAL_ID,TTYPE_ID,SIM_ID,TERMINAL_CODE,ORG_CODE,IS_VIDEO_TERMINAL,SP_SERVER_NAME,PROTOCOL_TYPE,CHANNELS,YT_PROTOCOL_TYPE) values(220912, 4, 22912, '1002911', 'B0000802',1,'1076测试服务器','4',8,'0');
insert into V_VEHICLEINFO (ORG_CODE,VEHICLE_ID,ID_NUMBER,TYPE_ID,TERMINAL_ID,DELETE_FLAG,COLOR_ID_NUMBER_ID,AUTHORIZED_PAY_MASS) values ('B0000802','2200912', '测B02911', 4, 220912, 0, '2',15);

insert into T_SIMINFO (SIM_ID, ORG_CODE, DEPTCODE, STATE,PAY_MODLE, SIM_NUM) values(22913, 'B0000802', '中国移动', 1, '预付费', 13100002912);
insert into T_TERMINALINFO (TERMINAL_ID,TTYPE_ID,SIM_ID,TERMINAL_CODE,ORG_CODE,IS_VIDEO_TERMINAL,SP_SERVER_NAME,PROTOCOL_TYPE,CHANNELS,YT_PROTOCOL_TYPE) values(220913, 4, 22913, '1002912', 'B0000802',1,'1076测试服务器','4',8,'0');
insert into V_VEHICLEINFO (ORG_CODE,VEHICLE_ID,ID_NUMBER,TYPE_ID,TERMINAL_ID,DELETE_FLAG,COLOR_ID_NUMBER_ID,AUTHORIZED_PAY_MASS) values ('B0000802','2200913', '测B02912', 4, 220913, 0, '2',15);

insert into T_SIMINFO (SIM_ID, ORG_CODE, DEPTCODE, STATE,PAY_MODLE, SIM_NUM) values(22914, 'B0000802', '中国移动', 1, '预付费', 13100002913);
insert into T_TERMINALINFO (TERMINAL_ID,TTYPE_ID,SIM_ID,TERMINAL_CODE,ORG_CODE,IS_VIDEO_TERMINAL,SP_SERVER_NAME,PROTOCOL_TYPE,CHANNELS,YT_PROTOCOL_TYPE) values(220914, 4, 22914, '1002913', 'B0000802',1,'1076测试服务器','4',8,'0');
insert into V_VEHICLEINFO (ORG_CODE,VEHICLE_ID,ID_NUMBER,TYPE_ID,TERMINAL_ID,DELETE_FLAG,COLOR_ID_NUMBER_ID,AUTHORIZED_PAY_MASS) values ('B0000802','2200914', '测B02913', 4, 220914, 0, '2',15);

insert into T_SIMINFO (SIM_ID, ORG_CODE, DEPTCODE, STATE,PAY_MODLE, SIM_NUM) values(22915, 'B0000802', '中国移动', 1, '预付费', 13100002914);
insert into T_TERMINALINFO (TERMINAL_ID,TTYPE_ID,SIM_ID,TERMINAL_CODE,ORG_CODE,IS_VIDEO_TERMINAL,SP_SERVER_NAME,PROTOCOL_TYPE,CHANNELS,YT_PROTOCOL_TYPE) values(220915, 4, 22915, '1002914', 'B0000802',1,'1076测试服务器','4',8,'0');
insert into V_VEHICLEINFO (ORG_CODE,VEHICLE_ID,ID_NUMBER,TYPE_ID,TERMINAL_ID,DELETE_FLAG,COLOR_ID_NUMBER_ID,AUTHORIZED_PAY_MASS) values ('B0000802','2200915', '测B02914', 4, 220915, 0, '2',15);

insert into T_SIMINFO (SIM_ID, ORG_CODE, DEPTCODE, STATE,PAY_MODLE, SIM_NUM) values(22916, 'B0000802', '中国移动', 1, '预付费', 13100002915);
insert into T_TERMINALINFO (TERMINAL_ID,TTYPE_ID,SIM_ID,TERMINAL_CODE,ORG_CODE,IS_VIDEO_TERMINAL,SP_SERVER_NAME,PROTOCOL_TYPE,CHANNELS,YT_PROTOCOL_TYPE) values(220916, 4, 22916, '1002915', 'B0000802',1,'1076测试服务器','4',8,'0');
insert into V_VEHICLEINFO (ORG_CODE,VEHICLE_ID,ID_NUMBER,TYPE_ID,TERMINAL_ID,DELETE_FLAG,COLOR_ID_NUMBER_ID,AUTHORIZED_PAY_MASS) values ('B0000802','2200916', '测B02915', 4, 220916, 0, '2',15);

insert into T_SIMINFO (SIM_ID, ORG_CODE, DEPTCODE, STATE,PAY_MODLE, SIM_NUM) values(22917, 'B0000802', '中国移动', 1, '预付费', 13100002916);
insert into T_TERMINALINFO (TERMINAL_ID,TTYPE_ID,SIM_ID,TERMINAL_CODE,ORG_CODE,IS_VIDEO_TERMINAL,SP_SERVER_NAME,PROTOCOL_TYPE,CHANNELS,YT_PROTOCOL_TYPE) values(220917, 4, 22917, '1002916', 'B0000802',1,'1076测试服务器','4',8,'0');
insert into V_VEHICLEINFO (ORG_CODE,VEHICLE_ID,ID_NUMBER,TYPE_ID,TERMINAL_ID,DELETE_FLAG,COLOR_ID_NUMBER_ID,AUTHORIZED_PAY_MASS) values ('B0000802','2200917', '测B02916', 4, 220917, 0, '2',15);

insert into T_SIMINFO (SIM_ID, ORG_CODE, DEPTCODE, STATE,PAY_MODLE, SIM_NUM) values(22918, 'B0000802', '中国移动', 1, '预付费', 13100002917);
insert into T_TERMINALINFO (TERMINAL_ID,TTYPE_ID,SIM_ID,TERMINAL_CODE,ORG_CODE,IS_VIDEO_TERMINAL,SP_SERVER_NAME,PROTOCOL_TYPE,CHANNELS,YT_PROTOCOL_TYPE) values(220918, 4, 22918, '1002917', 'B0000802',1,'1076测试服务器','4',8,'0');
insert into V_VEHICLEINFO (ORG_CODE,VEHICLE_ID,ID_NUMBER,TYPE_ID,TERMINAL_ID,DELETE_FLAG,COLOR_ID_NUMBER_ID,AUTHORIZED_PAY_MASS) values ('B0000802','2200918', '测B02917', 4, 220918, 0, '2',15);

insert into T_SIMINFO (SIM_ID, ORG_CODE, DEPTCODE, STATE,PAY_MODLE, SIM_NUM) values(22919, 'B0000802', '中国移动', 1, '预付费', 13100002918);
insert into T_TERMINALINFO (TERMINAL_ID,TTYPE_ID,SIM_ID,TERMINAL_CODE,ORG_CODE,IS_VIDEO_TERMINAL,SP_SERVER_NAME,PROTOCOL_TYPE,CHANNELS,YT_PROTOCOL_TYPE) values(220919, 4, 22919, '1002918', 'B0000802',1,'1076测试服务器','4',8,'0');
insert into V_VEHICLEINFO (ORG_CODE,VEHICLE_ID,ID_NUMBER,TYPE_ID,TERMINAL_ID,DELETE_FLAG,COLOR_ID_NUMBER_ID,AUTHORIZED_PAY_MASS) values ('B0000802','2200919', '测B02918', 4, 220919, 0, '2',15);

insert into T_SIMINFO (SIM_ID, ORG_CODE, DEPTCODE, STATE,PAY_MODLE, SIM_NUM) values(22920, 'B0000802', '中国移动', 1, '预付费', 13100002919);
insert into T_TERMINALINFO (TERMINAL_ID,TTYPE_ID,SIM_ID,TERMINAL_CODE,ORG_CODE,IS_VIDEO_TERMINAL,SP_SERVER_NAME,PROTOCOL_TYPE,CHANNELS,YT_PROTOCOL_TYPE) values(220920, 4, 22920, '1002919', 'B0000802',1,'1076测试服务器','4',8,'0');
insert into V_VEHICLEINFO (ORG_CODE,VEHICLE_ID,ID_NUMBER,TYPE_ID,TERMINAL_ID,DELETE_FLAG,COLOR_ID_NUMBER_ID,AUTHORIZED_PAY_MASS) values ('B0000802','2200920', '测B02919', 4, 220920, 0, '2',15);

insert into T_SIMINFO (SIM_ID, ORG_CODE, DEPTCODE, STATE,PAY_MODLE, SIM_NUM) values(22921, 'B0000802', '中国移动', 1, '预付费', 13100002920);
insert into T_TERMINALINFO (TERMINAL_ID,TTYPE_ID,SIM_ID,TERMINAL_CODE,ORG_CODE,IS_VIDEO_TERMINAL,SP_SERVER_NAME,PROTOCOL_TYPE,CHANNELS,YT_PROTOCOL_TYPE) values(220921, 4, 22921, '1002920', 'B0000802',1,'1076测试服务器','4',8,'0');
insert into V_VEHICLEINFO (ORG_CODE,VEHICLE_ID,ID_NUMBER,TYPE_ID,TERMINAL_ID,DELETE_FLAG,COLOR_ID_NUMBER_ID,AUTHORIZED_PAY_MASS) values ('B0000802','2200921', '测B02920', 4, 220921, 0, '2',15);

insert into T_SIMINFO (SIM_ID, ORG_CODE, DEPTCODE, STATE,PAY_MODLE, SIM_NUM) values(22922, 'B0000802', '中国移动', 1, '预付费', 13100002921);
insert into T_TERMINALINFO (TERMINAL_ID,TTYPE_ID,SIM_ID,TERMINAL_CODE,ORG_CODE,IS_VIDEO_TERMINAL,SP_SERVER_NAME,PROTOCOL_TYPE,CHANNELS,YT_PROTOCOL_TYPE) values(220922, 4, 22922, '1002921', 'B0000802',1,'1076测试服务器','4',8,'0');
insert into V_VEHICLEINFO (ORG_CODE,VEHICLE_ID,ID_NUMBER,TYPE_ID,TERMINAL_ID,DELETE_FLAG,COLOR_ID_NUMBER_ID,AUTHORIZED_PAY_MASS) values ('B0000802','2200922', '测B02921', 4, 220922, 0, '2',15);

insert into T_SIMINFO (SIM_ID, ORG_CODE, DEPTCODE, STATE,PAY_MODLE, SIM_NUM) values(22923, 'B0000802', '中国移动', 1, '预付费', 13100002922);
insert into T_TERMINALINFO (TERMINAL_ID,TTYPE_ID,SIM_ID,TERMINAL_CODE,ORG_CODE,IS_VIDEO_TERMINAL,SP_SERVER_NAME,PROTOCOL_TYPE,CHANNELS,YT_PROTOCOL_TYPE) values(220923, 4, 22923, '1002922', 'B0000802',1,'1076测试服务器','4',8,'0');
insert into V_VEHICLEINFO (ORG_CODE,VEHICLE_ID,ID_NUMBER,TYPE_ID,TERMINAL_ID,DELETE_FLAG,COLOR_ID_NUMBER_ID,AUTHORIZED_PAY_MASS) values ('B0000802','2200923', '测B02922', 4, 220923, 0, '2',15);

insert into T_SIMINFO (SIM_ID, ORG_CODE, DEPTCODE, STATE,PAY_MODLE, SIM_NUM) values(22924, 'B0000802', '中国移动', 1, '预付费', 13100002923);
insert into T_TERMINALINFO (TERMINAL_ID,TTYPE_ID,SIM_ID,TERMINAL_CODE,ORG_CODE,IS_VIDEO_TERMINAL,SP_SERVER_NAME,PROTOCOL_TYPE,CHANNELS,YT_PROTOCOL_TYPE) values(220924, 4, 22924, '1002923', 'B0000802',1,'1076测试服务器','4',8,'0');
insert into V_VEHICLEINFO (ORG_CODE,VEHICLE_ID,ID_NUMBER,TYPE_ID,TERMINAL_ID,DELETE_FLAG,COLOR_ID_NUMBER_ID,AUTHORIZED_PAY_MASS) values ('B0000802','2200924', '测B02923', 4, 220924, 0, '2',15);

insert into T_SIMINFO (SIM_ID, ORG_CODE, DEPTCODE, STATE,PAY_MODLE, SIM_NUM) values(22925, 'B0000802', '中国移动', 1, '预付费', 13100002924);
insert into T_TERMINALINFO (TERMINAL_ID,TTYPE_ID,SIM_ID,TERMINAL_CODE,ORG_CODE,IS_VIDEO_TERMINAL,SP_SERVER_NAME,PROTOCOL_TYPE,CHANNELS,YT_PROTOCOL_TYPE) values(220925, 4, 22925, '1002924', 'B0000802',1,'1076测试服务器','4',8,'0');
insert into V_VEHICLEINFO (ORG_CODE,VEHICLE_ID,ID_NUMBER,TYPE_ID,TERMINAL_ID,DELETE_FLAG,COLOR_ID_NUMBER_ID,AUTHORIZED_PAY_MASS) values ('B0000802','2200925', '测B02924', 4, 220925, 0, '2',15);

insert into T_SIMINFO (SIM_ID, ORG_CODE, DEPTCODE, STATE,PAY_MODLE, SIM_NUM) values(22926, 'B0000802', '中国移动', 1, '预付费', 13100002925);
insert into T_TERMINALINFO (TERMINAL_ID,TTYPE_ID,SIM_ID,TERMINAL_CODE,ORG_CODE,IS_VIDEO_TERMINAL,SP_SERVER_NAME,PROTOCOL_TYPE,CHANNELS,YT_PROTOCOL_TYPE) values(220926, 4, 22926, '1002925', 'B0000802',1,'1076测试服务器','4',8,'0');
insert into V_VEHICLEINFO (ORG_CODE,VEHICLE_ID,ID_NUMBER,TYPE_ID,TERMINAL_ID,DELETE_FLAG,COLOR_ID_NUMBER_ID,AUTHORIZED_PAY_MASS) values ('B0000802','2200926', '测B02925', 4, 220926, 0, '2',15);

insert into T_SIMINFO (SIM_ID, ORG_CODE, DEPTCODE, STATE,PAY_MODLE, SIM_NUM) values(22927, 'B0000802', '中国移动', 1, '预付费', 13100002926);
insert into T_TERMINALINFO (TERMINAL_ID,TTYPE_ID,SIM_ID,TERMINAL_CODE,ORG_CODE,IS_VIDEO_TERMINAL,SP_SERVER_NAME,PROTOCOL_TYPE,CHANNELS,YT_PROTOCOL_TYPE) values(220927, 4, 22927, '1002926', 'B0000802',1,'1076测试服务器','4',8,'0');
insert into V_VEHICLEINFO (ORG_CODE,VEHICLE_ID,ID_NUMBER,TYPE_ID,TERMINAL_ID,DELETE_FLAG,COLOR_ID_NUMBER_ID,AUTHORIZED_PAY_MASS) values ('B0000802','2200927', '测B02926', 4, 220927, 0, '2',15);

insert into T_SIMINFO (SIM_ID, ORG_CODE, DEPTCODE, STATE,PAY_MODLE, SIM_NUM) values(22928, 'B0000802', '中国移动', 1, '预付费', 13100002927);
insert into T_TERMINALINFO (TERMINAL_ID,TTYPE_ID,SIM_ID,TERMINAL_CODE,ORG_CODE,IS_VIDEO_TERMINAL,SP_SERVER_NAME,PROTOCOL_TYPE,CHANNELS,YT_PROTOCOL_TYPE) values(220928, 4, 22928, '1002927', 'B0000802',1,'1076测试服务器','4',8,'0');
insert into V_VEHICLEINFO (ORG_CODE,VEHICLE_ID,ID_NUMBER,TYPE_ID,TERMINAL_ID,DELETE_FLAG,COLOR_ID_NUMBER_ID,AUTHORIZED_PAY_MASS) values ('B0000802','2200928', '测B02927', 4, 220928, 0, '2',15);

insert into T_SIMINFO (SIM_ID, ORG_CODE, DEPTCODE, STATE,PAY_MODLE, SIM_NUM) values(22929, 'B0000802', '中国移动', 1, '预付费', 13100002928);
insert into T_TERMINALINFO (TERMINAL_ID,TTYPE_ID,SIM_ID,TERMINAL_CODE,ORG_CODE,IS_VIDEO_TERMINAL,SP_SERVER_NAME,PROTOCOL_TYPE,CHANNELS,YT_PROTOCOL_TYPE) values(220929, 4, 22929, '1002928', 'B0000802',1,'1076测试服务器','4',8,'0');
insert into V_VEHICLEINFO (ORG_CODE,VEHICLE_ID,ID_NUMBER,TYPE_ID,TERMINAL_ID,DELETE_FLAG,COLOR_ID_NUMBER_ID,AUTHORIZED_PAY_MASS) values ('B0000802','2200929', '测B02928', 4, 220929, 0, '2',15);

insert into T_SIMINFO (SIM_ID, ORG_CODE, DEPTCODE, STATE,PAY_MODLE, SIM_NUM) values(22930, 'B0000802', '中国移动', 1, '预付费', 13100002929);
insert into T_TERMINALINFO (TERMINAL_ID,TTYPE_ID,SIM_ID,TERMINAL_CODE,ORG_CODE,IS_VIDEO_TERMINAL,SP_SERVER_NAME,PROTOCOL_TYPE,CHANNELS,YT_PROTOCOL_TYPE) values(220930, 4, 22930, '1002929', 'B0000802',1,'1076测试服务器','4',8,'0');
insert into V_VEHICLEINFO (ORG_CODE,VEHICLE_ID,ID_NUMBER,TYPE_ID,TERMINAL_ID,DELETE_FLAG,COLOR_ID_NUMBER_ID,AUTHORIZED_PAY_MASS) values ('B0000802','2200930', '测B02929', 4, 220930, 0, '2',15);

insert into T_SIMINFO (SIM_ID, ORG_CODE, DEPTCODE, STATE,PAY_MODLE, SIM_NUM) values(22931, 'B0000802', '中国移动', 1, '预付费', 13100002930);
insert into T_TERMINALINFO (TERMINAL_ID,TTYPE_ID,SIM_ID,TERMINAL_CODE,ORG_CODE,IS_VIDEO_TERMINAL,SP_SERVER_NAME,PROTOCOL_TYPE,CHANNELS,YT_PROTOCOL_TYPE) values(220931, 4, 22931, '1002930', 'B0000802',1,'1076测试服务器','4',8,'0');
insert into V_VEHICLEINFO (ORG_CODE,VEHICLE_ID,ID_NUMBER,TYPE_ID,TERMINAL_ID,DELETE_FLAG,COLOR_ID_NUMBER_ID,AUTHORIZED_PAY_MASS) values ('B0000802','2200931', '测B02930', 4, 220931, 0, '2',15);

insert into T_SIMINFO (SIM_ID, ORG_CODE, DEPTCODE, STATE,PAY_MODLE, SIM_NUM) values(22932, 'B0000802', '中国移动', 1, '预付费', 13100002931);
insert into T_TERMINALINFO (TERMINAL_ID,TTYPE_ID,SIM_ID,TERMINAL_CODE,ORG_CODE,IS_VIDEO_TERMINAL,SP_SERVER_NAME,PROTOCOL_TYPE,CHANNELS,YT_PROTOCOL_TYPE) values(220932, 4, 22932, '1002931', 'B0000802',1,'1076测试服务器','4',8,'0');
insert into V_VEHICLEINFO (ORG_CODE,VEHICLE_ID,ID_NUMBER,TYPE_ID,TERMINAL_ID,DELETE_FLAG,COLOR_ID_NUMBER_ID,AUTHORIZED_PAY_MASS) values ('B0000802','2200932', '测B02931', 4, 220932, 0, '2',15);

insert into T_SIMINFO (SIM_ID, ORG_CODE, DEPTCODE, STATE,PAY_MODLE, SIM_NUM) values(22933, 'B0000802', '中国移动', 1, '预付费', 13100002932);
insert into T_TERMINALINFO (TERMINAL_ID,TTYPE_ID,SIM_ID,TERMINAL_CODE,ORG_CODE,IS_VIDEO_TERMINAL,SP_SERVER_NAME,PROTOCOL_TYPE,CHANNELS,YT_PROTOCOL_TYPE) values(220933, 4, 22933, '1002932', 'B0000802',1,'1076测试服务器','4',8,'0');
insert into V_VEHICLEINFO (ORG_CODE,VEHICLE_ID,ID_NUMBER,TYPE_ID,TERMINAL_ID,DELETE_FLAG,COLOR_ID_NUMBER_ID,AUTHORIZED_PAY_MASS) values ('B0000802','2200933', '测B02932', 4, 220933, 0, '2',15);

insert into T_SIMINFO (SIM_ID, ORG_CODE, DEPTCODE, STATE,PAY_MODLE, SIM_NUM) values(22934, 'B0000802', '中国移动', 1, '预付费', 13100002933);
insert into T_TERMINALINFO (TERMINAL_ID,TTYPE_ID,SIM_ID,TERMINAL_CODE,ORG_CODE,IS_VIDEO_TERMINAL,SP_SERVER_NAME,PROTOCOL_TYPE,CHANNELS,YT_PROTOCOL_TYPE) values(220934, 4, 22934, '1002933', 'B0000802',1,'1076测试服务器','4',8,'0');
insert into V_VEHICLEINFO (ORG_CODE,VEHICLE_ID,ID_NUMBER,TYPE_ID,TERMINAL_ID,DELETE_FLAG,COLOR_ID_NUMBER_ID,AUTHORIZED_PAY_MASS) values ('B0000802','2200934', '测B02933', 4, 220934, 0, '2',15);

insert into T_SIMINFO (SIM_ID, ORG_CODE, DEPTCODE, STATE,PAY_MODLE, SIM_NUM) values(22935, 'B0000802', '中国移动', 1, '预付费', 13100002934);
insert into T_TERMINALINFO (TERMINAL_ID,TTYPE_ID,SIM_ID,TERMINAL_CODE,ORG_CODE,IS_VIDEO_TERMINAL,SP_SERVER_NAME,PROTOCOL_TYPE,CHANNELS,YT_PROTOCOL_TYPE) values(220935, 4, 22935, '1002934', 'B0000802',1,'1076测试服务器','4',8,'0');
insert into V_VEHICLEINFO (ORG_CODE,VEHICLE_ID,ID_NUMBER,TYPE_ID,TERMINAL_ID,DELETE_FLAG,COLOR_ID_NUMBER_ID,AUTHORIZED_PAY_MASS) values ('B0000802','2200935', '测B02934', 4, 220935, 0, '2',15);

insert into T_SIMINFO (SIM_ID, ORG_CODE, DEPTCODE, STATE,PAY_MODLE, SIM_NUM) values(22936, 'B0000802', '中国移动', 1, '预付费', 13100002935);
insert into T_TERMINALINFO (TERMINAL_ID,TTYPE_ID,SIM_ID,TERMINAL_CODE,ORG_CODE,IS_VIDEO_TERMINAL,SP_SERVER_NAME,PROTOCOL_TYPE,CHANNELS,YT_PROTOCOL_TYPE) values(220936, 4, 22936, '1002935', 'B0000802',1,'1076测试服务器','4',8,'0');
insert into V_VEHICLEINFO (ORG_CODE,VEHICLE_ID,ID_NUMBER,TYPE_ID,TERMINAL_ID,DELETE_FLAG,COLOR_ID_NUMBER_ID,AUTHORIZED_PAY_MASS) values ('B0000802','2200936', '测B02935', 4, 220936, 0, '2',15);

insert into T_SIMINFO (SIM_ID, ORG_CODE, DEPTCODE, STATE,PAY_MODLE, SIM_NUM) values(22937, 'B0000802', '中国移动', 1, '预付费', 13100002936);
insert into T_TERMINALINFO (TERMINAL_ID,TTYPE_ID,SIM_ID,TERMINAL_CODE,ORG_CODE,IS_VIDEO_TERMINAL,SP_SERVER_NAME,PROTOCOL_TYPE,CHANNELS,YT_PROTOCOL_TYPE) values(220937, 4, 22937, '1002936', 'B0000802',1,'1076测试服务器','4',8,'0');
insert into V_VEHICLEINFO (ORG_CODE,VEHICLE_ID,ID_NUMBER,TYPE_ID,TERMINAL_ID,DELETE_FLAG,COLOR_ID_NUMBER_ID,AUTHORIZED_PAY_MASS) values ('B0000802','2200937', '测B02936', 4, 220937, 0, '2',15);

insert into T_SIMINFO (SIM_ID, ORG_CODE, DEPTCODE, STATE,PAY_MODLE, SIM_NUM) values(22938, 'B0000802', '中国移动', 1, '预付费', 13100002937);
insert into T_TERMINALINFO (TERMINAL_ID,TTYPE_ID,SIM_ID,TERMINAL_CODE,ORG_CODE,IS_VIDEO_TERMINAL,SP_SERVER_NAME,PROTOCOL_TYPE,CHANNELS,YT_PROTOCOL_TYPE) values(220938, 4, 22938, '1002937', 'B0000802',1,'1076测试服务器','4',8,'0');
insert into V_VEHICLEINFO (ORG_CODE,VEHICLE_ID,ID_NUMBER,TYPE_ID,TERMINAL_ID,DELETE_FLAG,COLOR_ID_NUMBER_ID,AUTHORIZED_PAY_MASS) values ('B0000802','2200938', '测B02937', 4, 220938, 0, '2',15);

insert into T_SIMINFO (SIM_ID, ORG_CODE, DEPTCODE, STATE,PAY_MODLE, SIM_NUM) values(22939, 'B0000802', '中国移动', 1, '预付费', 13100002938);
insert into T_TERMINALINFO (TERMINAL_ID,TTYPE_ID,SIM_ID,TERMINAL_CODE,ORG_CODE,IS_VIDEO_TERMINAL,SP_SERVER_NAME,PROTOCOL_TYPE,CHANNELS,YT_PROTOCOL_TYPE) values(220939, 4, 22939, '1002938', 'B0000802',1,'1076测试服务器','4',8,'0');
insert into V_VEHICLEINFO (ORG_CODE,VEHICLE_ID,ID_NUMBER,TYPE_ID,TERMINAL_ID,DELETE_FLAG,COLOR_ID_NUMBER_ID,AUTHORIZED_PAY_MASS) values ('B0000802','2200939', '测B02938', 4, 220939, 0, '2',15);

insert into T_SIMINFO (SIM_ID, ORG_CODE, DEPTCODE, STATE,PAY_MODLE, SIM_NUM) values(22940, 'B0000802', '中国移动', 1, '预付费', 13100002939);
insert into T_TERMINALINFO (TERMINAL_ID,TTYPE_ID,SIM_ID,TERMINAL_CODE,ORG_CODE,IS_VIDEO_TERMINAL,SP_SERVER_NAME,PROTOCOL_TYPE,CHANNELS,YT_PROTOCOL_TYPE) values(220940, 4, 22940, '1002939', 'B0000802',1,'1076测试服务器','4',8,'0');
insert into V_VEHICLEINFO (ORG_CODE,VEHICLE_ID,ID_NUMBER,TYPE_ID,TERMINAL_ID,DELETE_FLAG,COLOR_ID_NUMBER_ID,AUTHORIZED_PAY_MASS) values ('B0000802','2200940', '测B02939', 4, 220940, 0, '2',15);

insert into T_SIMINFO (SIM_ID, ORG_CODE, DEPTCODE, STATE,PAY_MODLE, SIM_NUM) values(22941, 'B0000802', '中国移动', 1, '预付费', 13100002940);
insert into T_TERMINALINFO (TERMINAL_ID,TTYPE_ID,SIM_ID,TERMINAL_CODE,ORG_CODE,IS_VIDEO_TERMINAL,SP_SERVER_NAME,PROTOCOL_TYPE,CHANNELS,YT_PROTOCOL_TYPE) values(220941, 4, 22941, '1002940', 'B0000802',1,'1076测试服务器','4',8,'0');
insert into V_VEHICLEINFO (ORG_CODE,VEHICLE_ID,ID_NUMBER,TYPE_ID,TERMINAL_ID,DELETE_FLAG,COLOR_ID_NUMBER_ID,AUTHORIZED_PAY_MASS) values ('B0000802','2200941', '测B02940', 4, 220941, 0, '2',15);

insert into T_SIMINFO (SIM_ID, ORG_CODE, DEPTCODE, STATE,PAY_MODLE, SIM_NUM) values(22942, 'B0000802', '中国移动', 1, '预付费', 13100002941);
insert into T_TERMINALINFO (TERMINAL_ID,TTYPE_ID,SIM_ID,TERMINAL_CODE,ORG_CODE,IS_VIDEO_TERMINAL,SP_SERVER_NAME,PROTOCOL_TYPE,CHANNELS,YT_PROTOCOL_TYPE) values(220942, 4, 22942, '1002941', 'B0000802',1,'1076测试服务器','4',8,'0');
insert into V_VEHICLEINFO (ORG_CODE,VEHICLE_ID,ID_NUMBER,TYPE_ID,TERMINAL_ID,DELETE_FLAG,COLOR_ID_NUMBER_ID,AUTHORIZED_PAY_MASS) values ('B0000802','2200942', '测B02941', 4, 220942, 0, '2',15);

insert into T_SIMINFO (SIM_ID, ORG_CODE, DEPTCODE, STATE,PAY_MODLE, SIM_NUM) values(22943, 'B0000802', '中国移动', 1, '预付费', 13100002942);
insert into T_TERMINALINFO (TERMINAL_ID,TTYPE_ID,SIM_ID,TERMINAL_CODE,ORG_CODE,IS_VIDEO_TERMINAL,SP_SERVER_NAME,PROTOCOL_TYPE,CHANNELS,YT_PROTOCOL_TYPE) values(220943, 4, 22943, '1002942', 'B0000802',1,'1076测试服务器','4',8,'0');
insert into V_VEHICLEINFO (ORG_CODE,VEHICLE_ID,ID_NUMBER,TYPE_ID,TERMINAL_ID,DELETE_FLAG,COLOR_ID_NUMBER_ID,AUTHORIZED_PAY_MASS) values ('B0000802','2200943', '测B02942', 4, 220943, 0, '2',15);

insert into T_SIMINFO (SIM_ID, ORG_CODE, DEPTCODE, STATE,PAY_MODLE, SIM_NUM) values(22944, 'B0000802', '中国移动', 1, '预付费', 13100002943);
insert into T_TERMINALINFO (TERMINAL_ID,TTYPE_ID,SIM_ID,TERMINAL_CODE,ORG_CODE,IS_VIDEO_TERMINAL,SP_SERVER_NAME,PROTOCOL_TYPE,CHANNELS,YT_PROTOCOL_TYPE) values(220944, 4, 22944, '1002943', 'B0000802',1,'1076测试服务器','4',8,'0');
insert into V_VEHICLEINFO (ORG_CODE,VEHICLE_ID,ID_NUMBER,TYPE_ID,TERMINAL_ID,DELETE_FLAG,COLOR_ID_NUMBER_ID,AUTHORIZED_PAY_MASS) values ('B0000802','2200944', '测B02943', 4, 220944, 0, '2',15);

insert into T_SIMINFO (SIM_ID, ORG_CODE, DEPTCODE, STATE,PAY_MODLE, SIM_NUM) values(22945, 'B0000802', '中国移动', 1, '预付费', 13100002944);
insert into T_TERMINALINFO (TERMINAL_ID,TTYPE_ID,SIM_ID,TERMINAL_CODE,ORG_CODE,IS_VIDEO_TERMINAL,SP_SERVER_NAME,PROTOCOL_TYPE,CHANNELS,YT_PROTOCOL_TYPE) values(220945, 4, 22945, '1002944', 'B0000802',1,'1076测试服务器','4',8,'0');
insert into V_VEHICLEINFO (ORG_CODE,VEHICLE_ID,ID_NUMBER,TYPE_ID,TERMINAL_ID,DELETE_FLAG,COLOR_ID_NUMBER_ID,AUTHORIZED_PAY_MASS) values ('B0000802','2200945', '测B02944', 4, 220945, 0, '2',15);

insert into T_SIMINFO (SIM_ID, ORG_CODE, DEPTCODE, STATE,PAY_MODLE, SIM_NUM) values(22946, 'B0000802', '中国移动', 1, '预付费', 13100002945);
insert into T_TERMINALINFO (TERMINAL_ID,TTYPE_ID,SIM_ID,TERMINAL_CODE,ORG_CODE,IS_VIDEO_TERMINAL,SP_SERVER_NAME,PROTOCOL_TYPE,CHANNELS,YT_PROTOCOL_TYPE) values(220946, 4, 22946, '1002945', 'B0000802',1,'1076测试服务器','4',8,'0');
insert into V_VEHICLEINFO (ORG_CODE,VEHICLE_ID,ID_NUMBER,TYPE_ID,TERMINAL_ID,DELETE_FLAG,COLOR_ID_NUMBER_ID,AUTHORIZED_PAY_MASS) values ('B0000802','2200946', '测B02945', 4, 220946, 0, '2',15);

insert into T_SIMINFO (SIM_ID, ORG_CODE, DEPTCODE, STATE,PAY_MODLE, SIM_NUM) values(22947, 'B0000802', '中国移动', 1, '预付费', 13100002946);
insert into T_TERMINALINFO (TERMINAL_ID,TTYPE_ID,SIM_ID,TERMINAL_CODE,ORG_CODE,IS_VIDEO_TERMINAL,SP_SERVER_NAME,PROTOCOL_TYPE,CHANNELS,YT_PROTOCOL_TYPE) values(220947, 4, 22947, '1002946', 'B0000802',1,'1076测试服务器','4',8,'0');
insert into V_VEHICLEINFO (ORG_CODE,VEHICLE_ID,ID_NUMBER,TYPE_ID,TERMINAL_ID,DELETE_FLAG,COLOR_ID_NUMBER_ID,AUTHORIZED_PAY_MASS) values ('B0000802','2200947', '测B02946', 4, 220947, 0, '2',15);

insert into T_SIMINFO (SIM_ID, ORG_CODE, DEPTCODE, STATE,PAY_MODLE, SIM_NUM) values(22948, 'B0000802', '中国移动', 1, '预付费', 13100002947);
insert into T_TERMINALINFO (TERMINAL_ID,TTYPE_ID,SIM_ID,TERMINAL_CODE,ORG_CODE,IS_VIDEO_TERMINAL,SP_SERVER_NAME,PROTOCOL_TYPE,CHANNELS,YT_PROTOCOL_TYPE) values(220948, 4, 22948, '1002947', 'B0000802',1,'1076测试服务器','4',8,'0');
insert into V_VEHICLEINFO (ORG_CODE,VEHICLE_ID,ID_NUMBER,TYPE_ID,TERMINAL_ID,DELETE_FLAG,COLOR_ID_NUMBER_ID,AUTHORIZED_PAY_MASS) values ('B0000802','2200948', '测B02947', 4, 220948, 0, '2',15);

insert into T_SIMINFO (SIM_ID, ORG_CODE, DEPTCODE, STATE,PAY_MODLE, SIM_NUM) values(22949, 'B0000802', '中国移动', 1, '预付费', 13100002948);
insert into T_TERMINALINFO (TERMINAL_ID,TTYPE_ID,SIM_ID,TERMINAL_CODE,ORG_CODE,IS_VIDEO_TERMINAL,SP_SERVER_NAME,PROTOCOL_TYPE,CHANNELS,YT_PROTOCOL_TYPE) values(220949, 4, 22949, '1002948', 'B0000802',1,'1076测试服务器','4',8,'0');
insert into V_VEHICLEINFO (ORG_CODE,VEHICLE_ID,ID_NUMBER,TYPE_ID,TERMINAL_ID,DELETE_FLAG,COLOR_ID_NUMBER_ID,AUTHORIZED_PAY_MASS) values ('B0000802','2200949', '测B02948', 4, 220949, 0, '2',15);

insert into T_SIMINFO (SIM_ID, ORG_CODE, DEPTCODE, STATE,PAY_MODLE, SIM_NUM) values(22950, 'B0000802', '中国移动', 1, '预付费', 13100002949);
insert into T_TERMINALINFO (TERMINAL_ID,TTYPE_ID,SIM_ID,TERMINAL_CODE,ORG_CODE,IS_VIDEO_TERMINAL,SP_SERVER_NAME,PROTOCOL_TYPE,CHANNELS,YT_PROTOCOL_TYPE) values(220950, 4, 22950, '1002949', 'B0000802',1,'1076测试服务器','4',8,'0');
insert into V_VEHICLEINFO (ORG_CODE,VEHICLE_ID,ID_NUMBER,TYPE_ID,TERMINAL_ID,DELETE_FLAG,COLOR_ID_NUMBER_ID,AUTHORIZED_PAY_MASS) values ('B0000802','2200950', '测B02949', 4, 220950, 0, '2',15);

insert into T_SIMINFO (SIM_ID, ORG_CODE, DEPTCODE, STATE,PAY_MODLE, SIM_NUM) values(22951, 'B0000802', '中国移动', 1, '预付费', 13100002950);
insert into T_TERMINALINFO (TERMINAL_ID,TTYPE_ID,SIM_ID,TERMINAL_CODE,ORG_CODE,IS_VIDEO_TERMINAL,SP_SERVER_NAME,PROTOCOL_TYPE,CHANNELS,YT_PROTOCOL_TYPE) values(220951, 4, 22951, '1002950', 'B0000802',1,'1076测试服务器','4',8,'0');
insert into V_VEHICLEINFO (ORG_CODE,VEHICLE_ID,ID_NUMBER,TYPE_ID,TERMINAL_ID,DELETE_FLAG,COLOR_ID_NUMBER_ID,AUTHORIZED_PAY_MASS) values ('B0000802','2200951', '测B02950', 4, 220951, 0, '2',15);

insert into T_SIMINFO (SIM_ID, ORG_CODE, DEPTCODE, STATE,PAY_MODLE, SIM_NUM) values(22952, 'B0000802', '中国移动', 1, '预付费', 13100002951);
insert into T_TERMINALINFO (TERMINAL_ID,TTYPE_ID,SIM_ID,TERMINAL_CODE,ORG_CODE,IS_VIDEO_TERMINAL,SP_SERVER_NAME,PROTOCOL_TYPE,CHANNELS,YT_PROTOCOL_TYPE) values(220952, 4, 22952, '1002951', 'B0000802',1,'1076测试服务器','4',8,'0');
insert into V_VEHICLEINFO (ORG_CODE,VEHICLE_ID,ID_NUMBER,TYPE_ID,TERMINAL_ID,DELETE_FLAG,COLOR_ID_NUMBER_ID,AUTHORIZED_PAY_MASS) values ('B0000802','2200952', '测B02951', 4, 220952, 0, '2',15);

insert into T_SIMINFO (SIM_ID, ORG_CODE, DEPTCODE, STATE,PAY_MODLE, SIM_NUM) values(22953, 'B0000802', '中国移动', 1, '预付费', 13100002952);
insert into T_TERMINALINFO (TERMINAL_ID,TTYPE_ID,SIM_ID,TERMINAL_CODE,ORG_CODE,IS_VIDEO_TERMINAL,SP_SERVER_NAME,PROTOCOL_TYPE,CHANNELS,YT_PROTOCOL_TYPE) values(220953, 4, 22953, '1002952', 'B0000802',1,'1076测试服务器','4',8,'0');
insert into V_VEHICLEINFO (ORG_CODE,VEHICLE_ID,ID_NUMBER,TYPE_ID,TERMINAL_ID,DELETE_FLAG,COLOR_ID_NUMBER_ID,AUTHORIZED_PAY_MASS) values ('B0000802','2200953', '测B02952', 4, 220953, 0, '2',15);

insert into T_SIMINFO (SIM_ID, ORG_CODE, DEPTCODE, STATE,PAY_MODLE, SIM_NUM) values(22954, 'B0000802', '中国移动', 1, '预付费', 13100002953);
insert into T_TERMINALINFO (TERMINAL_ID,TTYPE_ID,SIM_ID,TERMINAL_CODE,ORG_CODE,IS_VIDEO_TERMINAL,SP_SERVER_NAME,PROTOCOL_TYPE,CHANNELS,YT_PROTOCOL_TYPE) values(220954, 4, 22954, '1002953', 'B0000802',1,'1076测试服务器','4',8,'0');
insert into V_VEHICLEINFO (ORG_CODE,VEHICLE_ID,ID_NUMBER,TYPE_ID,TERMINAL_ID,DELETE_FLAG,COLOR_ID_NUMBER_ID,AUTHORIZED_PAY_MASS) values ('B0000802','2200954', '测B02953', 4, 220954, 0, '2',15);

insert into T_SIMINFO (SIM_ID, ORG_CODE, DEPTCODE, STATE,PAY_MODLE, SIM_NUM) values(22955, 'B0000802', '中国移动', 1, '预付费', 13100002954);
insert into T_TERMINALINFO (TERMINAL_ID,TTYPE_ID,SIM_ID,TERMINAL_CODE,ORG_CODE,IS_VIDEO_TERMINAL,SP_SERVER_NAME,PROTOCOL_TYPE,CHANNELS,YT_PROTOCOL_TYPE) values(220955, 4, 22955, '1002954', 'B0000802',1,'1076测试服务器','4',8,'0');
insert into V_VEHICLEINFO (ORG_CODE,VEHICLE_ID,ID_NUMBER,TYPE_ID,TERMINAL_ID,DELETE_FLAG,COLOR_ID_NUMBER_ID,AUTHORIZED_PAY_MASS) values ('B0000802','2200955', '测B02954', 4, 220955, 0, '2',15);

insert into T_SIMINFO (SIM_ID, ORG_CODE, DEPTCODE, STATE,PAY_MODLE, SIM_NUM) values(22956, 'B0000802', '中国移动', 1, '预付费', 13100002955);
insert into T_TERMINALINFO (TERMINAL_ID,TTYPE_ID,SIM_ID,TERMINAL_CODE,ORG_CODE,IS_VIDEO_TERMINAL,SP_SERVER_NAME,PROTOCOL_TYPE,CHANNELS,YT_PROTOCOL_TYPE) values(220956, 4, 22956, '1002955', 'B0000802',1,'1076测试服务器','4',8,'0');
insert into V_VEHICLEINFO (ORG_CODE,VEHICLE_ID,ID_NUMBER,TYPE_ID,TERMINAL_ID,DELETE_FLAG,COLOR_ID_NUMBER_ID,AUTHORIZED_PAY_MASS) values ('B0000802','2200956', '测B02955', 4, 220956, 0, '2',15);

insert into T_SIMINFO (SIM_ID, ORG_CODE, DEPTCODE, STATE,PAY_MODLE, SIM_NUM) values(22957, 'B0000802', '中国移动', 1, '预付费', 13100002956);
insert into T_TERMINALINFO (TERMINAL_ID,TTYPE_ID,SIM_ID,TERMINAL_CODE,ORG_CODE,IS_VIDEO_TERMINAL,SP_SERVER_NAME,PROTOCOL_TYPE,CHANNELS,YT_PROTOCOL_TYPE) values(220957, 4, 22957, '1002956', 'B0000802',1,'1076测试服务器','4',8,'0');
insert into V_VEHICLEINFO (ORG_CODE,VEHICLE_ID,ID_NUMBER,TYPE_ID,TERMINAL_ID,DELETE_FLAG,COLOR_ID_NUMBER_ID,AUTHORIZED_PAY_MASS) values ('B0000802','2200957', '测B02956', 4, 220957, 0, '2',15);

insert into T_SIMINFO (SIM_ID, ORG_CODE, DEPTCODE, STATE,PAY_MODLE, SIM_NUM) values(22958, 'B0000802', '中国移动', 1, '预付费', 13100002957);
insert into T_TERMINALINFO (TERMINAL_ID,TTYPE_ID,SIM_ID,TERMINAL_CODE,ORG_CODE,IS_VIDEO_TERMINAL,SP_SERVER_NAME,PROTOCOL_TYPE,CHANNELS,YT_PROTOCOL_TYPE) values(220958, 4, 22958, '1002957', 'B0000802',1,'1076测试服务器','4',8,'0');
insert into V_VEHICLEINFO (ORG_CODE,VEHICLE_ID,ID_NUMBER,TYPE_ID,TERMINAL_ID,DELETE_FLAG,COLOR_ID_NUMBER_ID,AUTHORIZED_PAY_MASS) values ('B0000802','2200958', '测B02957', 4, 220958, 0, '2',15);

insert into T_SIMINFO (SIM_ID, ORG_CODE, DEPTCODE, STATE,PAY_MODLE, SIM_NUM) values(22959, 'B0000802', '中国移动', 1, '预付费', 13100002958);
insert into T_TERMINALINFO (TERMINAL_ID,TTYPE_ID,SIM_ID,TERMINAL_CODE,ORG_CODE,IS_VIDEO_TERMINAL,SP_SERVER_NAME,PROTOCOL_TYPE,CHANNELS,YT_PROTOCOL_TYPE) values(220959, 4, 22959, '1002958', 'B0000802',1,'1076测试服务器','4',8,'0');
insert into V_VEHICLEINFO (ORG_CODE,VEHICLE_ID,ID_NUMBER,TYPE_ID,TERMINAL_ID,DELETE_FLAG,COLOR_ID_NUMBER_ID,AUTHORIZED_PAY_MASS) values ('B0000802','2200959', '测B02958', 4, 220959, 0, '2',15);

insert into T_SIMINFO (SIM_ID, ORG_CODE, DEPTCODE, STATE,PAY_MODLE, SIM_NUM) values(22960, 'B0000802', '中国移动', 1, '预付费', 13100002959);
insert into T_TERMINALINFO (TERMINAL_ID,TTYPE_ID,SIM_ID,TERMINAL_CODE,ORG_CODE,IS_VIDEO_TERMINAL,SP_SERVER_NAME,PROTOCOL_TYPE,CHANNELS,YT_PROTOCOL_TYPE) values(220960, 4, 22960, '1002959', 'B0000802',1,'1076测试服务器','4',8,'0');
insert into V_VEHICLEINFO (ORG_CODE,VEHICLE_ID,ID_NUMBER,TYPE_ID,TERMINAL_ID,DELETE_FLAG,COLOR_ID_NUMBER_ID,AUTHORIZED_PAY_MASS) values ('B0000802','2200960', '测B02959', 4, 220960, 0, '2',15);

insert into T_SIMINFO (SIM_ID, ORG_CODE, DEPTCODE, STATE,PAY_MODLE, SIM_NUM) values(22961, 'B0000802', '中国移动', 1, '预付费', 13100002960);
insert into T_TERMINALINFO (TERMINAL_ID,TTYPE_ID,SIM_ID,TERMINAL_CODE,ORG_CODE,IS_VIDEO_TERMINAL,SP_SERVER_NAME,PROTOCOL_TYPE,CHANNELS,YT_PROTOCOL_TYPE) values(220961, 4, 22961, '1002960', 'B0000802',1,'1076测试服务器','4',8,'0');
insert into V_VEHICLEINFO (ORG_CODE,VEHICLE_ID,ID_NUMBER,TYPE_ID,TERMINAL_ID,DELETE_FLAG,COLOR_ID_NUMBER_ID,AUTHORIZED_PAY_MASS) values ('B0000802','2200961', '测B02960', 4, 220961, 0, '2',15);

insert into T_SIMINFO (SIM_ID, ORG_CODE, DEPTCODE, STATE,PAY_MODLE, SIM_NUM) values(22962, 'B0000802', '中国移动', 1, '预付费', 13100002961);
insert into T_TERMINALINFO (TERMINAL_ID,TTYPE_ID,SIM_ID,TERMINAL_CODE,ORG_CODE,IS_VIDEO_TERMINAL,SP_SERVER_NAME,PROTOCOL_TYPE,CHANNELS,YT_PROTOCOL_TYPE) values(220962, 4, 22962, '1002961', 'B0000802',1,'1076测试服务器','4',8,'0');
insert into V_VEHICLEINFO (ORG_CODE,VEHICLE_ID,ID_NUMBER,TYPE_ID,TERMINAL_ID,DELETE_FLAG,COLOR_ID_NUMBER_ID,AUTHORIZED_PAY_MASS) values ('B0000802','2200962', '测B02961', 4, 220962, 0, '2',15);

insert into T_SIMINFO (SIM_ID, ORG_CODE, DEPTCODE, STATE,PAY_MODLE, SIM_NUM) values(22963, 'B0000802', '中国移动', 1, '预付费', 13100002962);
insert into T_TERMINALINFO (TERMINAL_ID,TTYPE_ID,SIM_ID,TERMINAL_CODE,ORG_CODE,IS_VIDEO_TERMINAL,SP_SERVER_NAME,PROTOCOL_TYPE,CHANNELS,YT_PROTOCOL_TYPE) values(220963, 4, 22963, '1002962', 'B0000802',1,'1076测试服务器','4',8,'0');
insert into V_VEHICLEINFO (ORG_CODE,VEHICLE_ID,ID_NUMBER,TYPE_ID,TERMINAL_ID,DELETE_FLAG,COLOR_ID_NUMBER_ID,AUTHORIZED_PAY_MASS) values ('B0000802','2200963', '测B02962', 4, 220963, 0, '2',15);

insert into T_SIMINFO (SIM_ID, ORG_CODE, DEPTCODE, STATE,PAY_MODLE, SIM_NUM) values(22964, 'B0000802', '中国移动', 1, '预付费', 13100002963);
insert into T_TERMINALINFO (TERMINAL_ID,TTYPE_ID,SIM_ID,TERMINAL_CODE,ORG_CODE,IS_VIDEO_TERMINAL,SP_SERVER_NAME,PROTOCOL_TYPE,CHANNELS,YT_PROTOCOL_TYPE) values(220964, 4, 22964, '1002963', 'B0000802',1,'1076测试服务器','4',8,'0');
insert into V_VEHICLEINFO (ORG_CODE,VEHICLE_ID,ID_NUMBER,TYPE_ID,TERMINAL_ID,DELETE_FLAG,COLOR_ID_NUMBER_ID,AUTHORIZED_PAY_MASS) values ('B0000802','2200964', '测B02963', 4, 220964, 0, '2',15);

insert into T_SIMINFO (SIM_ID, ORG_CODE, DEPTCODE, STATE,PAY_MODLE, SIM_NUM) values(22965, 'B0000802', '中国移动', 1, '预付费', 13100002964);
insert into T_TERMINALINFO (TERMINAL_ID,TTYPE_ID,SIM_ID,TERMINAL_CODE,ORG_CODE,IS_VIDEO_TERMINAL,SP_SERVER_NAME,PROTOCOL_TYPE,CHANNELS,YT_PROTOCOL_TYPE) values(220965, 4, 22965, '1002964', 'B0000802',1,'1076测试服务器','4',8,'0');
insert into V_VEHICLEINFO (ORG_CODE,VEHICLE_ID,ID_NUMBER,TYPE_ID,TERMINAL_ID,DELETE_FLAG,COLOR_ID_NUMBER_ID,AUTHORIZED_PAY_MASS) values ('B0000802','2200965', '测B02964', 4, 220965, 0, '2',15);

insert into T_SIMINFO (SIM_ID, ORG_CODE, DEPTCODE, STATE,PAY_MODLE, SIM_NUM) values(22966, 'B0000802', '中国移动', 1, '预付费', 13100002965);
insert into T_TERMINALINFO (TERMINAL_ID,TTYPE_ID,SIM_ID,TERMINAL_CODE,ORG_CODE,IS_VIDEO_TERMINAL,SP_SERVER_NAME,PROTOCOL_TYPE,CHANNELS,YT_PROTOCOL_TYPE) values(220966, 4, 22966, '1002965', 'B0000802',1,'1076测试服务器','4',8,'0');
insert into V_VEHICLEINFO (ORG_CODE,VEHICLE_ID,ID_NUMBER,TYPE_ID,TERMINAL_ID,DELETE_FLAG,COLOR_ID_NUMBER_ID,AUTHORIZED_PAY_MASS) values ('B0000802','2200966', '测B02965', 4, 220966, 0, '2',15);

insert into T_SIMINFO (SIM_ID, ORG_CODE, DEPTCODE, STATE,PAY_MODLE, SIM_NUM) values(22967, 'B0000802', '中国移动', 1, '预付费', 13100002966);
insert into T_TERMINALINFO (TERMINAL_ID,TTYPE_ID,SIM_ID,TERMINAL_CODE,ORG_CODE,IS_VIDEO_TERMINAL,SP_SERVER_NAME,PROTOCOL_TYPE,CHANNELS,YT_PROTOCOL_TYPE) values(220967, 4, 22967, '1002966', 'B0000802',1,'1076测试服务器','4',8,'0');
insert into V_VEHICLEINFO (ORG_CODE,VEHICLE_ID,ID_NUMBER,TYPE_ID,TERMINAL_ID,DELETE_FLAG,COLOR_ID_NUMBER_ID,AUTHORIZED_PAY_MASS) values ('B0000802','2200967', '测B02966', 4, 220967, 0, '2',15);

insert into T_SIMINFO (SIM_ID, ORG_CODE, DEPTCODE, STATE,PAY_MODLE, SIM_NUM) values(22968, 'B0000802', '中国移动', 1, '预付费', 13100002967);
insert into T_TERMINALINFO (TERMINAL_ID,TTYPE_ID,SIM_ID,TERMINAL_CODE,ORG_CODE,IS_VIDEO_TERMINAL,SP_SERVER_NAME,PROTOCOL_TYPE,CHANNELS,YT_PROTOCOL_TYPE) values(220968, 4, 22968, '1002967', 'B0000802',1,'1076测试服务器','4',8,'0');
insert into V_VEHICLEINFO (ORG_CODE,VEHICLE_ID,ID_NUMBER,TYPE_ID,TERMINAL_ID,DELETE_FLAG,COLOR_ID_NUMBER_ID,AUTHORIZED_PAY_MASS) values ('B0000802','2200968', '测B02967', 4, 220968, 0, '2',15);

insert into T_SIMINFO (SIM_ID, ORG_CODE, DEPTCODE, STATE,PAY_MODLE, SIM_NUM) values(22969, 'B0000802', '中国移动', 1, '预付费', 13100002968);
insert into T_TERMINALINFO (TERMINAL_ID,TTYPE_ID,SIM_ID,TERMINAL_CODE,ORG_CODE,IS_VIDEO_TERMINAL,SP_SERVER_NAME,PROTOCOL_TYPE,CHANNELS,YT_PROTOCOL_TYPE) values(220969, 4, 22969, '1002968', 'B0000802',1,'1076测试服务器','4',8,'0');
insert into V_VEHICLEINFO (ORG_CODE,VEHICLE_ID,ID_NUMBER,TYPE_ID,TERMINAL_ID,DELETE_FLAG,COLOR_ID_NUMBER_ID,AUTHORIZED_PAY_MASS) values ('B0000802','2200969', '测B02968', 4, 220969, 0, '2',15);

insert into T_SIMINFO (SIM_ID, ORG_CODE, DEPTCODE, STATE,PAY_MODLE, SIM_NUM) values(22970, 'B0000802', '中国移动', 1, '预付费', 13100002969);
insert into T_TERMINALINFO (TERMINAL_ID,TTYPE_ID,SIM_ID,TERMINAL_CODE,ORG_CODE,IS_VIDEO_TERMINAL,SP_SERVER_NAME,PROTOCOL_TYPE,CHANNELS,YT_PROTOCOL_TYPE) values(220970, 4, 22970, '1002969', 'B0000802',1,'1076测试服务器','4',8,'0');
insert into V_VEHICLEINFO (ORG_CODE,VEHICLE_ID,ID_NUMBER,TYPE_ID,TERMINAL_ID,DELETE_FLAG,COLOR_ID_NUMBER_ID,AUTHORIZED_PAY_MASS) values ('B0000802','2200970', '测B02969', 4, 220970, 0, '2',15);

insert into T_SIMINFO (SIM_ID, ORG_CODE, DEPTCODE, STATE,PAY_MODLE, SIM_NUM) values(22971, 'B0000802', '中国移动', 1, '预付费', 13100002970);
insert into T_TERMINALINFO (TERMINAL_ID,TTYPE_ID,SIM_ID,TERMINAL_CODE,ORG_CODE,IS_VIDEO_TERMINAL,SP_SERVER_NAME,PROTOCOL_TYPE,CHANNELS,YT_PROTOCOL_TYPE) values(220971, 4, 22971, '1002970', 'B0000802',1,'1076测试服务器','4',8,'0');
insert into V_VEHICLEINFO (ORG_CODE,VEHICLE_ID,ID_NUMBER,TYPE_ID,TERMINAL_ID,DELETE_FLAG,COLOR_ID_NUMBER_ID,AUTHORIZED_PAY_MASS) values ('B0000802','2200971', '测B02970', 4, 220971, 0, '2',15);

insert into T_SIMINFO (SIM_ID, ORG_CODE, DEPTCODE, STATE,PAY_MODLE, SIM_NUM) values(22972, 'B0000802', '中国移动', 1, '预付费', 13100002971);
insert into T_TERMINALINFO (TERMINAL_ID,TTYPE_ID,SIM_ID,TERMINAL_CODE,ORG_CODE,IS_VIDEO_TERMINAL,SP_SERVER_NAME,PROTOCOL_TYPE,CHANNELS,YT_PROTOCOL_TYPE) values(220972, 4, 22972, '1002971', 'B0000802',1,'1076测试服务器','4',8,'0');
insert into V_VEHICLEINFO (ORG_CODE,VEHICLE_ID,ID_NUMBER,TYPE_ID,TERMINAL_ID,DELETE_FLAG,COLOR_ID_NUMBER_ID,AUTHORIZED_PAY_MASS) values ('B0000802','2200972', '测B02971', 4, 220972, 0, '2',15);

insert into T_SIMINFO (SIM_ID, ORG_CODE, DEPTCODE, STATE,PAY_MODLE, SIM_NUM) values(22973, 'B0000802', '中国移动', 1, '预付费', 13100002972);
insert into T_TERMINALINFO (TERMINAL_ID,TTYPE_ID,SIM_ID,TERMINAL_CODE,ORG_CODE,IS_VIDEO_TERMINAL,SP_SERVER_NAME,PROTOCOL_TYPE,CHANNELS,YT_PROTOCOL_TYPE) values(220973, 4, 22973, '1002972', 'B0000802',1,'1076测试服务器','4',8,'0');
insert into V_VEHICLEINFO (ORG_CODE,VEHICLE_ID,ID_NUMBER,TYPE_ID,TERMINAL_ID,DELETE_FLAG,COLOR_ID_NUMBER_ID,AUTHORIZED_PAY_MASS) values ('B0000802','2200973', '测B02972', 4, 220973, 0, '2',15);

insert into T_SIMINFO (SIM_ID, ORG_CODE, DEPTCODE, STATE,PAY_MODLE, SIM_NUM) values(22974, 'B0000802', '中国移动', 1, '预付费', 13100002973);
insert into T_TERMINALINFO (TERMINAL_ID,TTYPE_ID,SIM_ID,TERMINAL_CODE,ORG_CODE,IS_VIDEO_TERMINAL,SP_SERVER_NAME,PROTOCOL_TYPE,CHANNELS,YT_PROTOCOL_TYPE) values(220974, 4, 22974, '1002973', 'B0000802',1,'1076测试服务器','4',8,'0');
insert into V_VEHICLEINFO (ORG_CODE,VEHICLE_ID,ID_NUMBER,TYPE_ID,TERMINAL_ID,DELETE_FLAG,COLOR_ID_NUMBER_ID,AUTHORIZED_PAY_MASS) values ('B0000802','2200974', '测B02973', 4, 220974, 0, '2',15);

insert into T_SIMINFO (SIM_ID, ORG_CODE, DEPTCODE, STATE,PAY_MODLE, SIM_NUM) values(22975, 'B0000802', '中国移动', 1, '预付费', 13100002974);
insert into T_TERMINALINFO (TERMINAL_ID,TTYPE_ID,SIM_ID,TERMINAL_CODE,ORG_CODE,IS_VIDEO_TERMINAL,SP_SERVER_NAME,PROTOCOL_TYPE,CHANNELS,YT_PROTOCOL_TYPE) values(220975, 4, 22975, '1002974', 'B0000802',1,'1076测试服务器','4',8,'0');
insert into V_VEHICLEINFO (ORG_CODE,VEHICLE_ID,ID_NUMBER,TYPE_ID,TERMINAL_ID,DELETE_FLAG,COLOR_ID_NUMBER_ID,AUTHORIZED_PAY_MASS) values ('B0000802','2200975', '测B02974', 4, 220975, 0, '2',15);

insert into T_SIMINFO (SIM_ID, ORG_CODE, DEPTCODE, STATE,PAY_MODLE, SIM_NUM) values(22976, 'B0000802', '中国移动', 1, '预付费', 13100002975);
insert into T_TERMINALINFO (TERMINAL_ID,TTYPE_ID,SIM_ID,TERMINAL_CODE,ORG_CODE,IS_VIDEO_TERMINAL,SP_SERVER_NAME,PROTOCOL_TYPE,CHANNELS,YT_PROTOCOL_TYPE) values(220976, 4, 22976, '1002975', 'B0000802',1,'1076测试服务器','4',8,'0');
insert into V_VEHICLEINFO (ORG_CODE,VEHICLE_ID,ID_NUMBER,TYPE_ID,TERMINAL_ID,DELETE_FLAG,COLOR_ID_NUMBER_ID,AUTHORIZED_PAY_MASS) values ('B0000802','2200976', '测B02975', 4, 220976, 0, '2',15);

insert into T_SIMINFO (SIM_ID, ORG_CODE, DEPTCODE, STATE,PAY_MODLE, SIM_NUM) values(22977, 'B0000802', '中国移动', 1, '预付费', 13100002976);
insert into T_TERMINALINFO (TERMINAL_ID,TTYPE_ID,SIM_ID,TERMINAL_CODE,ORG_CODE,IS_VIDEO_TERMINAL,SP_SERVER_NAME,PROTOCOL_TYPE,CHANNELS,YT_PROTOCOL_TYPE) values(220977, 4, 22977, '1002976', 'B0000802',1,'1076测试服务器','4',8,'0');
insert into V_VEHICLEINFO (ORG_CODE,VEHICLE_ID,ID_NUMBER,TYPE_ID,TERMINAL_ID,DELETE_FLAG,COLOR_ID_NUMBER_ID,AUTHORIZED_PAY_MASS) values ('B0000802','2200977', '测B02976', 4, 220977, 0, '2',15);

insert into T_SIMINFO (SIM_ID, ORG_CODE, DEPTCODE, STATE,PAY_MODLE, SIM_NUM) values(22978, 'B0000802', '中国移动', 1, '预付费', 13100002977);
insert into T_TERMINALINFO (TERMINAL_ID,TTYPE_ID,SIM_ID,TERMINAL_CODE,ORG_CODE,IS_VIDEO_TERMINAL,SP_SERVER_NAME,PROTOCOL_TYPE,CHANNELS,YT_PROTOCOL_TYPE) values(220978, 4, 22978, '1002977', 'B0000802',1,'1076测试服务器','4',8,'0');
insert into V_VEHICLEINFO (ORG_CODE,VEHICLE_ID,ID_NUMBER,TYPE_ID,TERMINAL_ID,DELETE_FLAG,COLOR_ID_NUMBER_ID,AUTHORIZED_PAY_MASS) values ('B0000802','2200978', '测B02977', 4, 220978, 0, '2',15);

insert into T_SIMINFO (SIM_ID, ORG_CODE, DEPTCODE, STATE,PAY_MODLE, SIM_NUM) values(22979, 'B0000802', '中国移动', 1, '预付费', 13100002978);
insert into T_TERMINALINFO (TERMINAL_ID,TTYPE_ID,SIM_ID,TERMINAL_CODE,ORG_CODE,IS_VIDEO_TERMINAL,SP_SERVER_NAME,PROTOCOL_TYPE,CHANNELS,YT_PROTOCOL_TYPE) values(220979, 4, 22979, '1002978', 'B0000802',1,'1076测试服务器','4',8,'0');
insert into V_VEHICLEINFO (ORG_CODE,VEHICLE_ID,ID_NUMBER,TYPE_ID,TERMINAL_ID,DELETE_FLAG,COLOR_ID_NUMBER_ID,AUTHORIZED_PAY_MASS) values ('B0000802','2200979', '测B02978', 4, 220979, 0, '2',15);

insert into T_SIMINFO (SIM_ID, ORG_CODE, DEPTCODE, STATE,PAY_MODLE, SIM_NUM) values(22980, 'B0000802', '中国移动', 1, '预付费', 13100002979);
insert into T_TERMINALINFO (TERMINAL_ID,TTYPE_ID,SIM_ID,TERMINAL_CODE,ORG_CODE,IS_VIDEO_TERMINAL,SP_SERVER_NAME,PROTOCOL_TYPE,CHANNELS,YT_PROTOCOL_TYPE) values(220980, 4, 22980, '1002979', 'B0000802',1,'1076测试服务器','4',8,'0');
insert into V_VEHICLEINFO (ORG_CODE,VEHICLE_ID,ID_NUMBER,TYPE_ID,TERMINAL_ID,DELETE_FLAG,COLOR_ID_NUMBER_ID,AUTHORIZED_PAY_MASS) values ('B0000802','2200980', '测B02979', 4, 220980, 0, '2',15);

insert into T_SIMINFO (SIM_ID, ORG_CODE, DEPTCODE, STATE,PAY_MODLE, SIM_NUM) values(22981, 'B0000802', '中国移动', 1, '预付费', 13100002980);
insert into T_TERMINALINFO (TERMINAL_ID,TTYPE_ID,SIM_ID,TERMINAL_CODE,ORG_CODE,IS_VIDEO_TERMINAL,SP_SERVER_NAME,PROTOCOL_TYPE,CHANNELS,YT_PROTOCOL_TYPE) values(220981, 4, 22981, '1002980', 'B0000802',1,'1076测试服务器','4',8,'0');
insert into V_VEHICLEINFO (ORG_CODE,VEHICLE_ID,ID_NUMBER,TYPE_ID,TERMINAL_ID,DELETE_FLAG,COLOR_ID_NUMBER_ID,AUTHORIZED_PAY_MASS) values ('B0000802','2200981', '测B02980', 4, 220981, 0, '2',15);

insert into T_SIMINFO (SIM_ID, ORG_CODE, DEPTCODE, STATE,PAY_MODLE, SIM_NUM) values(22982, 'B0000802', '中国移动', 1, '预付费', 13100002981);
insert into T_TERMINALINFO (TERMINAL_ID,TTYPE_ID,SIM_ID,TERMINAL_CODE,ORG_CODE,IS_VIDEO_TERMINAL,SP_SERVER_NAME,PROTOCOL_TYPE,CHANNELS,YT_PROTOCOL_TYPE) values(220982, 4, 22982, '1002981', 'B0000802',1,'1076测试服务器','4',8,'0');
insert into V_VEHICLEINFO (ORG_CODE,VEHICLE_ID,ID_NUMBER,TYPE_ID,TERMINAL_ID,DELETE_FLAG,COLOR_ID_NUMBER_ID,AUTHORIZED_PAY_MASS) values ('B0000802','2200982', '测B02981', 4, 220982, 0, '2',15);

insert into T_SIMINFO (SIM_ID, ORG_CODE, DEPTCODE, STATE,PAY_MODLE, SIM_NUM) values(22983, 'B0000802', '中国移动', 1, '预付费', 13100002982);
insert into T_TERMINALINFO (TERMINAL_ID,TTYPE_ID,SIM_ID,TERMINAL_CODE,ORG_CODE,IS_VIDEO_TERMINAL,SP_SERVER_NAME,PROTOCOL_TYPE,CHANNELS,YT_PROTOCOL_TYPE) values(220983, 4, 22983, '1002982', 'B0000802',1,'1076测试服务器','4',8,'0');
insert into V_VEHICLEINFO (ORG_CODE,VEHICLE_ID,ID_NUMBER,TYPE_ID,TERMINAL_ID,DELETE_FLAG,COLOR_ID_NUMBER_ID,AUTHORIZED_PAY_MASS) values ('B0000802','2200983', '测B02982', 4, 220983, 0, '2',15);

insert into T_SIMINFO (SIM_ID, ORG_CODE, DEPTCODE, STATE,PAY_MODLE, SIM_NUM) values(22984, 'B0000802', '中国移动', 1, '预付费', 13100002983);
insert into T_TERMINALINFO (TERMINAL_ID,TTYPE_ID,SIM_ID,TERMINAL_CODE,ORG_CODE,IS_VIDEO_TERMINAL,SP_SERVER_NAME,PROTOCOL_TYPE,CHANNELS,YT_PROTOCOL_TYPE) values(220984, 4, 22984, '1002983', 'B0000802',1,'1076测试服务器','4',8,'0');
insert into V_VEHICLEINFO (ORG_CODE,VEHICLE_ID,ID_NUMBER,TYPE_ID,TERMINAL_ID,DELETE_FLAG,COLOR_ID_NUMBER_ID,AUTHORIZED_PAY_MASS) values ('B0000802','2200984', '测B02983', 4, 220984, 0, '2',15);

insert into T_SIMINFO (SIM_ID, ORG_CODE, DEPTCODE, STATE,PAY_MODLE, SIM_NUM) values(22985, 'B0000802', '中国移动', 1, '预付费', 13100002984);
insert into T_TERMINALINFO (TERMINAL_ID,TTYPE_ID,SIM_ID,TERMINAL_CODE,ORG_CODE,IS_VIDEO_TERMINAL,SP_SERVER_NAME,PROTOCOL_TYPE,CHANNELS,YT_PROTOCOL_TYPE) values(220985, 4, 22985, '1002984', 'B0000802',1,'1076测试服务器','4',8,'0');
insert into V_VEHICLEINFO (ORG_CODE,VEHICLE_ID,ID_NUMBER,TYPE_ID,TERMINAL_ID,DELETE_FLAG,COLOR_ID_NUMBER_ID,AUTHORIZED_PAY_MASS) values ('B0000802','2200985', '测B02984', 4, 220985, 0, '2',15);

insert into T_SIMINFO (SIM_ID, ORG_CODE, DEPTCODE, STATE,PAY_MODLE, SIM_NUM) values(22986, 'B0000802', '中国移动', 1, '预付费', 13100002985);
insert into T_TERMINALINFO (TERMINAL_ID,TTYPE_ID,SIM_ID,TERMINAL_CODE,ORG_CODE,IS_VIDEO_TERMINAL,SP_SERVER_NAME,PROTOCOL_TYPE,CHANNELS,YT_PROTOCOL_TYPE) values(220986, 4, 22986, '1002985', 'B0000802',1,'1076测试服务器','4',8,'0');
insert into V_VEHICLEINFO (ORG_CODE,VEHICLE_ID,ID_NUMBER,TYPE_ID,TERMINAL_ID,DELETE_FLAG,COLOR_ID_NUMBER_ID,AUTHORIZED_PAY_MASS) values ('B0000802','2200986', '测B02985', 4, 220986, 0, '2',15);

insert into T_SIMINFO (SIM_ID, ORG_CODE, DEPTCODE, STATE,PAY_MODLE, SIM_NUM) values(22987, 'B0000802', '中国移动', 1, '预付费', 13100002986);
insert into T_TERMINALINFO (TERMINAL_ID,TTYPE_ID,SIM_ID,TERMINAL_CODE,ORG_CODE,IS_VIDEO_TERMINAL,SP_SERVER_NAME,PROTOCOL_TYPE,CHANNELS,YT_PROTOCOL_TYPE) values(220987, 4, 22987, '1002986', 'B0000802',1,'1076测试服务器','4',8,'0');
insert into V_VEHICLEINFO (ORG_CODE,VEHICLE_ID,ID_NUMBER,TYPE_ID,TERMINAL_ID,DELETE_FLAG,COLOR_ID_NUMBER_ID,AUTHORIZED_PAY_MASS) values ('B0000802','2200987', '测B02986', 4, 220987, 0, '2',15);

insert into T_SIMINFO (SIM_ID, ORG_CODE, DEPTCODE, STATE,PAY_MODLE, SIM_NUM) values(22988, 'B0000802', '中国移动', 1, '预付费', 13100002987);
insert into T_TERMINALINFO (TERMINAL_ID,TTYPE_ID,SIM_ID,TERMINAL_CODE,ORG_CODE,IS_VIDEO_TERMINAL,SP_SERVER_NAME,PROTOCOL_TYPE,CHANNELS,YT_PROTOCOL_TYPE) values(220988, 4, 22988, '1002987', 'B0000802',1,'1076测试服务器','4',8,'0');
insert into V_VEHICLEINFO (ORG_CODE,VEHICLE_ID,ID_NUMBER,TYPE_ID,TERMINAL_ID,DELETE_FLAG,COLOR_ID_NUMBER_ID,AUTHORIZED_PAY_MASS) values ('B0000802','2200988', '测B02987', 4, 220988, 0, '2',15);

insert into T_SIMINFO (SIM_ID, ORG_CODE, DEPTCODE, STATE,PAY_MODLE, SIM_NUM) values(22989, 'B0000802', '中国移动', 1, '预付费', 13100002988);
insert into T_TERMINALINFO (TERMINAL_ID,TTYPE_ID,SIM_ID,TERMINAL_CODE,ORG_CODE,IS_VIDEO_TERMINAL,SP_SERVER_NAME,PROTOCOL_TYPE,CHANNELS,YT_PROTOCOL_TYPE) values(220989, 4, 22989, '1002988', 'B0000802',1,'1076测试服务器','4',8,'0');
insert into V_VEHICLEINFO (ORG_CODE,VEHICLE_ID,ID_NUMBER,TYPE_ID,TERMINAL_ID,DELETE_FLAG,COLOR_ID_NUMBER_ID,AUTHORIZED_PAY_MASS) values ('B0000802','2200989', '测B02988', 4, 220989, 0, '2',15);

insert into T_SIMINFO (SIM_ID, ORG_CODE, DEPTCODE, STATE,PAY_MODLE, SIM_NUM) values(22990, 'B0000802', '中国移动', 1, '预付费', 13100002989);
insert into T_TERMINALINFO (TERMINAL_ID,TTYPE_ID,SIM_ID,TERMINAL_CODE,ORG_CODE,IS_VIDEO_TERMINAL,SP_SERVER_NAME,PROTOCOL_TYPE,CHANNELS,YT_PROTOCOL_TYPE) values(220990, 4, 22990, '1002989', 'B0000802',1,'1076测试服务器','4',8,'0');
insert into V_VEHICLEINFO (ORG_CODE,VEHICLE_ID,ID_NUMBER,TYPE_ID,TERMINAL_ID,DELETE_FLAG,COLOR_ID_NUMBER_ID,AUTHORIZED_PAY_MASS) values ('B0000802','2200990', '测B02989', 4, 220990, 0, '2',15);

insert into T_SIMINFO (SIM_ID, ORG_CODE, DEPTCODE, STATE,PAY_MODLE, SIM_NUM) values(22991, 'B0000802', '中国移动', 1, '预付费', 13100002990);
insert into T_TERMINALINFO (TERMINAL_ID,TTYPE_ID,SIM_ID,TERMINAL_CODE,ORG_CODE,IS_VIDEO_TERMINAL,SP_SERVER_NAME,PROTOCOL_TYPE,CHANNELS,YT_PROTOCOL_TYPE) values(220991, 4, 22991, '1002990', 'B0000802',1,'1076测试服务器','4',8,'0');
insert into V_VEHICLEINFO (ORG_CODE,VEHICLE_ID,ID_NUMBER,TYPE_ID,TERMINAL_ID,DELETE_FLAG,COLOR_ID_NUMBER_ID,AUTHORIZED_PAY_MASS) values ('B0000802','2200991', '测B02990', 4, 220991, 0, '2',15);

insert into T_SIMINFO (SIM_ID, ORG_CODE, DEPTCODE, STATE,PAY_MODLE, SIM_NUM) values(22992, 'B0000802', '中国移动', 1, '预付费', 13100002991);
insert into T_TERMINALINFO (TERMINAL_ID,TTYPE_ID,SIM_ID,TERMINAL_CODE,ORG_CODE,IS_VIDEO_TERMINAL,SP_SERVER_NAME,PROTOCOL_TYPE,CHANNELS,YT_PROTOCOL_TYPE) values(220992, 4, 22992, '1002991', 'B0000802',1,'1076测试服务器','4',8,'0');
insert into V_VEHICLEINFO (ORG_CODE,VEHICLE_ID,ID_NUMBER,TYPE_ID,TERMINAL_ID,DELETE_FLAG,COLOR_ID_NUMBER_ID,AUTHORIZED_PAY_MASS) values ('B0000802','2200992', '测B02991', 4, 220992, 0, '2',15);

insert into T_SIMINFO (SIM_ID, ORG_CODE, DEPTCODE, STATE,PAY_MODLE, SIM_NUM) values(22993, 'B0000802', '中国移动', 1, '预付费', 13100002992);
insert into T_TERMINALINFO (TERMINAL_ID,TTYPE_ID,SIM_ID,TERMINAL_CODE,ORG_CODE,IS_VIDEO_TERMINAL,SP_SERVER_NAME,PROTOCOL_TYPE,CHANNELS,YT_PROTOCOL_TYPE) values(220993, 4, 22993, '1002992', 'B0000802',1,'1076测试服务器','4',8,'0');
insert into V_VEHICLEINFO (ORG_CODE,VEHICLE_ID,ID_NUMBER,TYPE_ID,TERMINAL_ID,DELETE_FLAG,COLOR_ID_NUMBER_ID,AUTHORIZED_PAY_MASS) values ('B0000802','2200993', '测B02992', 4, 220993, 0, '2',15);

insert into T_SIMINFO (SIM_ID, ORG_CODE, DEPTCODE, STATE,PAY_MODLE, SIM_NUM) values(22994, 'B0000802', '中国移动', 1, '预付费', 13100002993);
insert into T_TERMINALINFO (TERMINAL_ID,TTYPE_ID,SIM_ID,TERMINAL_CODE,ORG_CODE,IS_VIDEO_TERMINAL,SP_SERVER_NAME,PROTOCOL_TYPE,CHANNELS,YT_PROTOCOL_TYPE) values(220994, 4, 22994, '1002993', 'B0000802',1,'1076测试服务器','4',8,'0');
insert into V_VEHICLEINFO (ORG_CODE,VEHICLE_ID,ID_NUMBER,TYPE_ID,TERMINAL_ID,DELETE_FLAG,COLOR_ID_NUMBER_ID,AUTHORIZED_PAY_MASS) values ('B0000802','2200994', '测B02993', 4, 220994, 0, '2',15);

insert into T_SIMINFO (SIM_ID, ORG_CODE, DEPTCODE, STATE,PAY_MODLE, SIM_NUM) values(22995, 'B0000802', '中国移动', 1, '预付费', 13100002994);
insert into T_TERMINALINFO (TERMINAL_ID,TTYPE_ID,SIM_ID,TERMINAL_CODE,ORG_CODE,IS_VIDEO_TERMINAL,SP_SERVER_NAME,PROTOCOL_TYPE,CHANNELS,YT_PROTOCOL_TYPE) values(220995, 4, 22995, '1002994', 'B0000802',1,'1076测试服务器','4',8,'0');
insert into V_VEHICLEINFO (ORG_CODE,VEHICLE_ID,ID_NUMBER,TYPE_ID,TERMINAL_ID,DELETE_FLAG,COLOR_ID_NUMBER_ID,AUTHORIZED_PAY_MASS) values ('B0000802','2200995', '测B02994', 4, 220995, 0, '2',15);

insert into T_SIMINFO (SIM_ID, ORG_CODE, DEPTCODE, STATE,PAY_MODLE, SIM_NUM) values(22996, 'B0000802', '中国移动', 1, '预付费', 13100002995);
insert into T_TERMINALINFO (TERMINAL_ID,TTYPE_ID,SIM_ID,TERMINAL_CODE,ORG_CODE,IS_VIDEO_TERMINAL,SP_SERVER_NAME,PROTOCOL_TYPE,CHANNELS,YT_PROTOCOL_TYPE) values(220996, 4, 22996, '1002995', 'B0000802',1,'1076测试服务器','4',8,'0');
insert into V_VEHICLEINFO (ORG_CODE,VEHICLE_ID,ID_NUMBER,TYPE_ID,TERMINAL_ID,DELETE_FLAG,COLOR_ID_NUMBER_ID,AUTHORIZED_PAY_MASS) values ('B0000802','2200996', '测B02995', 4, 220996, 0, '2',15);

insert into T_SIMINFO (SIM_ID, ORG_CODE, DEPTCODE, STATE,PAY_MODLE, SIM_NUM) values(22997, 'B0000802', '中国移动', 1, '预付费', 13100002996);
insert into T_TERMINALINFO (TERMINAL_ID,TTYPE_ID,SIM_ID,TERMINAL_CODE,ORG_CODE,IS_VIDEO_TERMINAL,SP_SERVER_NAME,PROTOCOL_TYPE,CHANNELS,YT_PROTOCOL_TYPE) values(220997, 4, 22997, '1002996', 'B0000802',1,'1076测试服务器','4',8,'0');
insert into V_VEHICLEINFO (ORG_CODE,VEHICLE_ID,ID_NUMBER,TYPE_ID,TERMINAL_ID,DELETE_FLAG,COLOR_ID_NUMBER_ID,AUTHORIZED_PAY_MASS) values ('B0000802','2200997', '测B02996', 4, 220997, 0, '2',15);

insert into T_SIMINFO (SIM_ID, ORG_CODE, DEPTCODE, STATE,PAY_MODLE, SIM_NUM) values(22998, 'B0000802', '中国移动', 1, '预付费', 13100002997);
insert into T_TERMINALINFO (TERMINAL_ID,TTYPE_ID,SIM_ID,TERMINAL_CODE,ORG_CODE,IS_VIDEO_TERMINAL,SP_SERVER_NAME,PROTOCOL_TYPE,CHANNELS,YT_PROTOCOL_TYPE) values(220998, 4, 22998, '1002997', 'B0000802',1,'1076测试服务器','4',8,'0');
insert into V_VEHICLEINFO (ORG_CODE,VEHICLE_ID,ID_NUMBER,TYPE_ID,TERMINAL_ID,DELETE_FLAG,COLOR_ID_NUMBER_ID,AUTHORIZED_PAY_MASS) values ('B0000802','2200998', '测B02997', 4, 220998, 0, '2',15);

insert into T_SIMINFO (SIM_ID, ORG_CODE, DEPTCODE, STATE,PAY_MODLE, SIM_NUM) values(22999, 'B0000802', '中国移动', 1, '预付费', 13100002998);
insert into T_TERMINALINFO (TERMINAL_ID,TTYPE_ID,SIM_ID,TERMINAL_CODE,ORG_CODE,IS_VIDEO_TERMINAL,SP_SERVER_NAME,PROTOCOL_TYPE,CHANNELS,YT_PROTOCOL_TYPE) values(220999, 4, 22999, '1002998', 'B0000802',1,'1076测试服务器','4',8,'0');
insert into V_VEHICLEINFO (ORG_CODE,VEHICLE_ID,ID_NUMBER,TYPE_ID,TERMINAL_ID,DELETE_FLAG,COLOR_ID_NUMBER_ID,AUTHORIZED_PAY_MASS) values ('B0000802','2200999', '测B02998', 4, 220999, 0, '2',15);

insert into T_SIMINFO (SIM_ID, ORG_CODE, DEPTCODE, STATE,PAY_MODLE, SIM_NUM) values(23000, 'B0000802', '中国移动', 1, '预付费', 13100002999);
insert into T_TERMINALINFO (TERMINAL_ID,TTYPE_ID,SIM_ID,TERMINAL_CODE,ORG_CODE,IS_VIDEO_TERMINAL,SP_SERVER_NAME,PROTOCOL_TYPE,CHANNELS,YT_PROTOCOL_TYPE) values(221000, 4, 23000, '1002999', 'B0000802',1,'1076测试服务器','4',8,'0');
insert into V_VEHICLEINFO (ORG_CODE,VEHICLE_ID,ID_NUMBER,TYPE_ID,TERMINAL_ID,DELETE_FLAG,COLOR_ID_NUMBER_ID,AUTHORIZED_PAY_MASS) values ('B0000802','2201000', '测B02999', 4, 221000, 0, '2',15);

insert into T_SIMINFO (SIM_ID, ORG_CODE, DEPTCODE, STATE,PAY_MODLE, SIM_NUM) values(23001, 'B0000802', '中国移动', 1, '预付费', 13100003000);
insert into T_TERMINALINFO (TERMINAL_ID,TTYPE_ID,SIM_ID,TERMINAL_CODE,ORG_CODE,IS_VIDEO_TERMINAL,SP_SERVER_NAME,PROTOCOL_TYPE,CHANNELS,YT_PROTOCOL_TYPE) values(221001, 4, 23001, '1003000', 'B0000802',1,'1076测试服务器','4',8,'0');
insert into V_VEHICLEINFO (ORG_CODE,VEHICLE_ID,ID_NUMBER,TYPE_ID,TERMINAL_ID,DELETE_FLAG,COLOR_ID_NUMBER_ID,AUTHORIZED_PAY_MASS) values ('B0000802','2201001', '测B03000', 4, 221001, 0, '2',15);

insert into T_SIMINFO (SIM_ID, ORG_CODE, DEPTCODE, STATE,PAY_MODLE, SIM_NUM) values(23002, 'B0000802', '中国移动', 1, '预付费', 13100003001);
insert into T_TERMINALINFO (TERMINAL_ID,TTYPE_ID,SIM_ID,TERMINAL_CODE,ORG_CODE,IS_VIDEO_TERMINAL,SP_SERVER_NAME,PROTOCOL_TYPE,CHANNELS,YT_PROTOCOL_TYPE) values(221002, 4, 23002, '1003001', 'B0000802',1,'1076测试服务器','4',8,'0');
insert into V_VEHICLEINFO (ORG_CODE,VEHICLE_ID,ID_NUMBER,TYPE_ID,TERMINAL_ID,DELETE_FLAG,COLOR_ID_NUMBER_ID,AUTHORIZED_PAY_MASS) values ('B0000802','2201002', '测B03001', 4, 221002, 0, '2',15);

insert into T_SIMINFO (SIM_ID, ORG_CODE, DEPTCODE, STATE,PAY_MODLE, SIM_NUM) values(23003, 'B0000802', '中国移动', 1, '预付费', 13100003002);
insert into T_TERMINALINFO (TERMINAL_ID,TTYPE_ID,SIM_ID,TERMINAL_CODE,ORG_CODE,IS_VIDEO_TERMINAL,SP_SERVER_NAME,PROTOCOL_TYPE,CHANNELS,YT_PROTOCOL_TYPE) values(221003, 4, 23003, '1003002', 'B0000802',1,'1076测试服务器','4',8,'0');
insert into V_VEHICLEINFO (ORG_CODE,VEHICLE_ID,ID_NUMBER,TYPE_ID,TERMINAL_ID,DELETE_FLAG,COLOR_ID_NUMBER_ID,AUTHORIZED_PAY_MASS) values ('B0000802','2201003', '测B03002', 4, 221003, 0, '2',15);

insert into T_SIMINFO (SIM_ID, ORG_CODE, DEPTCODE, STATE,PAY_MODLE, SIM_NUM) values(23004, 'B0000802', '中国移动', 1, '预付费', 13100003003);
insert into T_TERMINALINFO (TERMINAL_ID,TTYPE_ID,SIM_ID,TERMINAL_CODE,ORG_CODE,IS_VIDEO_TERMINAL,SP_SERVER_NAME,PROTOCOL_TYPE,CHANNELS,YT_PROTOCOL_TYPE) values(221004, 4, 23004, '1003003', 'B0000802',1,'1076测试服务器','4',8,'0');
insert into V_VEHICLEINFO (ORG_CODE,VEHICLE_ID,ID_NUMBER,TYPE_ID,TERMINAL_ID,DELETE_FLAG,COLOR_ID_NUMBER_ID,AUTHORIZED_PAY_MASS) values ('B0000802','2201004', '测B03003', 4, 221004, 0, '2',15);

insert into T_SIMINFO (SIM_ID, ORG_CODE, DEPTCODE, STATE,PAY_MODLE, SIM_NUM) values(23005, 'B0000802', '中国移动', 1, '预付费', 13100003004);
insert into T_TERMINALINFO (TERMINAL_ID,TTYPE_ID,SIM_ID,TERMINAL_CODE,ORG_CODE,IS_VIDEO_TERMINAL,SP_SERVER_NAME,PROTOCOL_TYPE,CHANNELS,YT_PROTOCOL_TYPE) values(221005, 4, 23005, '1003004', 'B0000802',1,'1076测试服务器','4',8,'0');
insert into V_VEHICLEINFO (ORG_CODE,VEHICLE_ID,ID_NUMBER,TYPE_ID,TERMINAL_ID,DELETE_FLAG,COLOR_ID_NUMBER_ID,AUTHORIZED_PAY_MASS) values ('B0000802','2201005', '测B03004', 4, 221005, 0, '2',15);

insert into T_SIMINFO (SIM_ID, ORG_CODE, DEPTCODE, STATE,PAY_MODLE, SIM_NUM) values(23006, 'B0000802', '中国移动', 1, '预付费', 13100003005);
insert into T_TERMINALINFO (TERMINAL_ID,TTYPE_ID,SIM_ID,TERMINAL_CODE,ORG_CODE,IS_VIDEO_TERMINAL,SP_SERVER_NAME,PROTOCOL_TYPE,CHANNELS,YT_PROTOCOL_TYPE) values(221006, 4, 23006, '1003005', 'B0000802',1,'1076测试服务器','4',8,'0');
insert into V_VEHICLEINFO (ORG_CODE,VEHICLE_ID,ID_NUMBER,TYPE_ID,TERMINAL_ID,DELETE_FLAG,COLOR_ID_NUMBER_ID,AUTHORIZED_PAY_MASS) values ('B0000802','2201006', '测B03005', 4, 221006, 0, '2',15);

insert into T_SIMINFO (SIM_ID, ORG_CODE, DEPTCODE, STATE,PAY_MODLE, SIM_NUM) values(23007, 'B0000802', '中国移动', 1, '预付费', 13100003006);
insert into T_TERMINALINFO (TERMINAL_ID,TTYPE_ID,SIM_ID,TERMINAL_CODE,ORG_CODE,IS_VIDEO_TERMINAL,SP_SERVER_NAME,PROTOCOL_TYPE,CHANNELS,YT_PROTOCOL_TYPE) values(221007, 4, 23007, '1003006', 'B0000802',1,'1076测试服务器','4',8,'0');
insert into V_VEHICLEINFO (ORG_CODE,VEHICLE_ID,ID_NUMBER,TYPE_ID,TERMINAL_ID,DELETE_FLAG,COLOR_ID_NUMBER_ID,AUTHORIZED_PAY_MASS) values ('B0000802','2201007', '测B03006', 4, 221007, 0, '2',15);

insert into T_SIMINFO (SIM_ID, ORG_CODE, DEPTCODE, STATE,PAY_MODLE, SIM_NUM) values(23008, 'B0000802', '中国移动', 1, '预付费', 13100003007);
insert into T_TERMINALINFO (TERMINAL_ID,TTYPE_ID,SIM_ID,TERMINAL_CODE,ORG_CODE,IS_VIDEO_TERMINAL,SP_SERVER_NAME,PROTOCOL_TYPE,CHANNELS,YT_PROTOCOL_TYPE) values(221008, 4, 23008, '1003007', 'B0000802',1,'1076测试服务器','4',8,'0');
insert into V_VEHICLEINFO (ORG_CODE,VEHICLE_ID,ID_NUMBER,TYPE_ID,TERMINAL_ID,DELETE_FLAG,COLOR_ID_NUMBER_ID,AUTHORIZED_PAY_MASS) values ('B0000802','2201008', '测B03007', 4, 221008, 0, '2',15);

insert into T_SIMINFO (SIM_ID, ORG_CODE, DEPTCODE, STATE,PAY_MODLE, SIM_NUM) values(23009, 'B0000802', '中国移动', 1, '预付费', 13100003008);
insert into T_TERMINALINFO (TERMINAL_ID,TTYPE_ID,SIM_ID,TERMINAL_CODE,ORG_CODE,IS_VIDEO_TERMINAL,SP_SERVER_NAME,PROTOCOL_TYPE,CHANNELS,YT_PROTOCOL_TYPE) values(221009, 4, 23009, '1003008', 'B0000802',1,'1076测试服务器','4',8,'0');
insert into V_VEHICLEINFO (ORG_CODE,VEHICLE_ID,ID_NUMBER,TYPE_ID,TERMINAL_ID,DELETE_FLAG,COLOR_ID_NUMBER_ID,AUTHORIZED_PAY_MASS) values ('B0000802','2201009', '测B03008', 4, 221009, 0, '2',15);

insert into T_SIMINFO (SIM_ID, ORG_CODE, DEPTCODE, STATE,PAY_MODLE, SIM_NUM) values(23010, 'B0000802', '中国移动', 1, '预付费', 13100003009);
insert into T_TERMINALINFO (TERMINAL_ID,TTYPE_ID,SIM_ID,TERMINAL_CODE,ORG_CODE,IS_VIDEO_TERMINAL,SP_SERVER_NAME,PROTOCOL_TYPE,CHANNELS,YT_PROTOCOL_TYPE) values(221010, 4, 23010, '1003009', 'B0000802',1,'1076测试服务器','4',8,'0');
insert into V_VEHICLEINFO (ORG_CODE,VEHICLE_ID,ID_NUMBER,TYPE_ID,TERMINAL_ID,DELETE_FLAG,COLOR_ID_NUMBER_ID,AUTHORIZED_PAY_MASS) values ('B0000802','2201010', '测B03009', 4, 221010, 0, '2',15);

insert into T_SIMINFO (SIM_ID, ORG_CODE, DEPTCODE, STATE,PAY_MODLE, SIM_NUM) values(23011, 'B0000802', '中国移动', 1, '预付费', 13100003010);
insert into T_TERMINALINFO (TERMINAL_ID,TTYPE_ID,SIM_ID,TERMINAL_CODE,ORG_CODE,IS_VIDEO_TERMINAL,SP_SERVER_NAME,PROTOCOL_TYPE,CHANNELS,YT_PROTOCOL_TYPE) values(221011, 4, 23011, '1003010', 'B0000802',1,'1076测试服务器','4',8,'0');
insert into V_VEHICLEINFO (ORG_CODE,VEHICLE_ID,ID_NUMBER,TYPE_ID,TERMINAL_ID,DELETE_FLAG,COLOR_ID_NUMBER_ID,AUTHORIZED_PAY_MASS) values ('B0000802','2201011', '测B03010', 4, 221011, 0, '2',15);

insert into T_SIMINFO (SIM_ID, ORG_CODE, DEPTCODE, STATE,PAY_MODLE, SIM_NUM) values(23012, 'B0000802', '中国移动', 1, '预付费', 13100003011);
insert into T_TERMINALINFO (TERMINAL_ID,TTYPE_ID,SIM_ID,TERMINAL_CODE,ORG_CODE,IS_VIDEO_TERMINAL,SP_SERVER_NAME,PROTOCOL_TYPE,CHANNELS,YT_PROTOCOL_TYPE) values(221012, 4, 23012, '1003011', 'B0000802',1,'1076测试服务器','4',8,'0');
insert into V_VEHICLEINFO (ORG_CODE,VEHICLE_ID,ID_NUMBER,TYPE_ID,TERMINAL_ID,DELETE_FLAG,COLOR_ID_NUMBER_ID,AUTHORIZED_PAY_MASS) values ('B0000802','2201012', '测B03011', 4, 221012, 0, '2',15);

insert into T_SIMINFO (SIM_ID, ORG_CODE, DEPTCODE, STATE,PAY_MODLE, SIM_NUM) values(23013, 'B0000802', '中国移动', 1, '预付费', 13100003012);
insert into T_TERMINALINFO (TERMINAL_ID,TTYPE_ID,SIM_ID,TERMINAL_CODE,ORG_CODE,IS_VIDEO_TERMINAL,SP_SERVER_NAME,PROTOCOL_TYPE,CHANNELS,YT_PROTOCOL_TYPE) values(221013, 4, 23013, '1003012', 'B0000802',1,'1076测试服务器','4',8,'0');
insert into V_VEHICLEINFO (ORG_CODE,VEHICLE_ID,ID_NUMBER,TYPE_ID,TERMINAL_ID,DELETE_FLAG,COLOR_ID_NUMBER_ID,AUTHORIZED_PAY_MASS) values ('B0000802','2201013', '测B03012', 4, 221013, 0, '2',15);

insert into T_SIMINFO (SIM_ID, ORG_CODE, DEPTCODE, STATE,PAY_MODLE, SIM_NUM) values(23014, 'B0000802', '中国移动', 1, '预付费', 13100003013);
insert into T_TERMINALINFO (TERMINAL_ID,TTYPE_ID,SIM_ID,TERMINAL_CODE,ORG_CODE,IS_VIDEO_TERMINAL,SP_SERVER_NAME,PROTOCOL_TYPE,CHANNELS,YT_PROTOCOL_TYPE) values(221014, 4, 23014, '1003013', 'B0000802',1,'1076测试服务器','4',8,'0');
insert into V_VEHICLEINFO (ORG_CODE,VEHICLE_ID,ID_NUMBER,TYPE_ID,TERMINAL_ID,DELETE_FLAG,COLOR_ID_NUMBER_ID,AUTHORIZED_PAY_MASS) values ('B0000802','2201014', '测B03013', 4, 221014, 0, '2',15);

insert into T_SIMINFO (SIM_ID, ORG_CODE, DEPTCODE, STATE,PAY_MODLE, SIM_NUM) values(23015, 'B0000802', '中国移动', 1, '预付费', 13100003014);
insert into T_TERMINALINFO (TERMINAL_ID,TTYPE_ID,SIM_ID,TERMINAL_CODE,ORG_CODE,IS_VIDEO_TERMINAL,SP_SERVER_NAME,PROTOCOL_TYPE,CHANNELS,YT_PROTOCOL_TYPE) values(221015, 4, 23015, '1003014', 'B0000802',1,'1076测试服务器','4',8,'0');
insert into V_VEHICLEINFO (ORG_CODE,VEHICLE_ID,ID_NUMBER,TYPE_ID,TERMINAL_ID,DELETE_FLAG,COLOR_ID_NUMBER_ID,AUTHORIZED_PAY_MASS) values ('B0000802','2201015', '测B03014', 4, 221015, 0, '2',15);

insert into T_SIMINFO (SIM_ID, ORG_CODE, DEPTCODE, STATE,PAY_MODLE, SIM_NUM) values(23016, 'B0000802', '中国移动', 1, '预付费', 13100003015);
insert into T_TERMINALINFO (TERMINAL_ID,TTYPE_ID,SIM_ID,TERMINAL_CODE,ORG_CODE,IS_VIDEO_TERMINAL,SP_SERVER_NAME,PROTOCOL_TYPE,CHANNELS,YT_PROTOCOL_TYPE) values(221016, 4, 23016, '1003015', 'B0000802',1,'1076测试服务器','4',8,'0');
insert into V_VEHICLEINFO (ORG_CODE,VEHICLE_ID,ID_NUMBER,TYPE_ID,TERMINAL_ID,DELETE_FLAG,COLOR_ID_NUMBER_ID,AUTHORIZED_PAY_MASS) values ('B0000802','2201016', '测B03015', 4, 221016, 0, '2',15);

insert into T_SIMINFO (SIM_ID, ORG_CODE, DEPTCODE, STATE,PAY_MODLE, SIM_NUM) values(23017, 'B0000802', '中国移动', 1, '预付费', 13100003016);
insert into T_TERMINALINFO (TERMINAL_ID,TTYPE_ID,SIM_ID,TERMINAL_CODE,ORG_CODE,IS_VIDEO_TERMINAL,SP_SERVER_NAME,PROTOCOL_TYPE,CHANNELS,YT_PROTOCOL_TYPE) values(221017, 4, 23017, '1003016', 'B0000802',1,'1076测试服务器','4',8,'0');
insert into V_VEHICLEINFO (ORG_CODE,VEHICLE_ID,ID_NUMBER,TYPE_ID,TERMINAL_ID,DELETE_FLAG,COLOR_ID_NUMBER_ID,AUTHORIZED_PAY_MASS) values ('B0000802','2201017', '测B03016', 4, 221017, 0, '2',15);

insert into T_SIMINFO (SIM_ID, ORG_CODE, DEPTCODE, STATE,PAY_MODLE, SIM_NUM) values(23018, 'B0000802', '中国移动', 1, '预付费', 13100003017);
insert into T_TERMINALINFO (TERMINAL_ID,TTYPE_ID,SIM_ID,TERMINAL_CODE,ORG_CODE,IS_VIDEO_TERMINAL,SP_SERVER_NAME,PROTOCOL_TYPE,CHANNELS,YT_PROTOCOL_TYPE) values(221018, 4, 23018, '1003017', 'B0000802',1,'1076测试服务器','4',8,'0');
insert into V_VEHICLEINFO (ORG_CODE,VEHICLE_ID,ID_NUMBER,TYPE_ID,TERMINAL_ID,DELETE_FLAG,COLOR_ID_NUMBER_ID,AUTHORIZED_PAY_MASS) values ('B0000802','2201018', '测B03017', 4, 221018, 0, '2',15);

insert into T_SIMINFO (SIM_ID, ORG_CODE, DEPTCODE, STATE,PAY_MODLE, SIM_NUM) values(23019, 'B0000802', '中国移动', 1, '预付费', 13100003018);
insert into T_TERMINALINFO (TERMINAL_ID,TTYPE_ID,SIM_ID,TERMINAL_CODE,ORG_CODE,IS_VIDEO_TERMINAL,SP_SERVER_NAME,PROTOCOL_TYPE,CHANNELS,YT_PROTOCOL_TYPE) values(221019, 4, 23019, '1003018', 'B0000802',1,'1076测试服务器','4',8,'0');
insert into V_VEHICLEINFO (ORG_CODE,VEHICLE_ID,ID_NUMBER,TYPE_ID,TERMINAL_ID,DELETE_FLAG,COLOR_ID_NUMBER_ID,AUTHORIZED_PAY_MASS) values ('B0000802','2201019', '测B03018', 4, 221019, 0, '2',15);

insert into T_SIMINFO (SIM_ID, ORG_CODE, DEPTCODE, STATE,PAY_MODLE, SIM_NUM) values(23020, 'B0000802', '中国移动', 1, '预付费', 13100003019);
insert into T_TERMINALINFO (TERMINAL_ID,TTYPE_ID,SIM_ID,TERMINAL_CODE,ORG_CODE,IS_VIDEO_TERMINAL,SP_SERVER_NAME,PROTOCOL_TYPE,CHANNELS,YT_PROTOCOL_TYPE) values(221020, 4, 23020, '1003019', 'B0000802',1,'1076测试服务器','4',8,'0');
insert into V_VEHICLEINFO (ORG_CODE,VEHICLE_ID,ID_NUMBER,TYPE_ID,TERMINAL_ID,DELETE_FLAG,COLOR_ID_NUMBER_ID,AUTHORIZED_PAY_MASS) values ('B0000802','2201020', '测B03019', 4, 221020, 0, '2',15);

insert into T_SIMINFO (SIM_ID, ORG_CODE, DEPTCODE, STATE,PAY_MODLE, SIM_NUM) values(23021, 'B0000802', '中国移动', 1, '预付费', 13100003020);
insert into T_TERMINALINFO (TERMINAL_ID,TTYPE_ID,SIM_ID,TERMINAL_CODE,ORG_CODE,IS_VIDEO_TERMINAL,SP_SERVER_NAME,PROTOCOL_TYPE,CHANNELS,YT_PROTOCOL_TYPE) values(221021, 4, 23021, '1003020', 'B0000802',1,'1076测试服务器','4',8,'0');
insert into V_VEHICLEINFO (ORG_CODE,VEHICLE_ID,ID_NUMBER,TYPE_ID,TERMINAL_ID,DELETE_FLAG,COLOR_ID_NUMBER_ID,AUTHORIZED_PAY_MASS) values ('B0000802','2201021', '测B03020', 4, 221021, 0, '2',15);

insert into T_SIMINFO (SIM_ID, ORG_CODE, DEPTCODE, STATE,PAY_MODLE, SIM_NUM) values(23022, 'B0000802', '中国移动', 1, '预付费', 13100003021);
insert into T_TERMINALINFO (TERMINAL_ID,TTYPE_ID,SIM_ID,TERMINAL_CODE,ORG_CODE,IS_VIDEO_TERMINAL,SP_SERVER_NAME,PROTOCOL_TYPE,CHANNELS,YT_PROTOCOL_TYPE) values(221022, 4, 23022, '1003021', 'B0000802',1,'1076测试服务器','4',8,'0');
insert into V_VEHICLEINFO (ORG_CODE,VEHICLE_ID,ID_NUMBER,TYPE_ID,TERMINAL_ID,DELETE_FLAG,COLOR_ID_NUMBER_ID,AUTHORIZED_PAY_MASS) values ('B0000802','2201022', '测B03021', 4, 221022, 0, '2',15);

insert into T_SIMINFO (SIM_ID, ORG_CODE, DEPTCODE, STATE,PAY_MODLE, SIM_NUM) values(23023, 'B0000802', '中国移动', 1, '预付费', 13100003022);
insert into T_TERMINALINFO (TERMINAL_ID,TTYPE_ID,SIM_ID,TERMINAL_CODE,ORG_CODE,IS_VIDEO_TERMINAL,SP_SERVER_NAME,PROTOCOL_TYPE,CHANNELS,YT_PROTOCOL_TYPE) values(221023, 4, 23023, '1003022', 'B0000802',1,'1076测试服务器','4',8,'0');
insert into V_VEHICLEINFO (ORG_CODE,VEHICLE_ID,ID_NUMBER,TYPE_ID,TERMINAL_ID,DELETE_FLAG,COLOR_ID_NUMBER_ID,AUTHORIZED_PAY_MASS) values ('B0000802','2201023', '测B03022', 4, 221023, 0, '2',15);

insert into T_SIMINFO (SIM_ID, ORG_CODE, DEPTCODE, STATE,PAY_MODLE, SIM_NUM) values(23024, 'B0000802', '中国移动', 1, '预付费', 13100003023);
insert into T_TERMINALINFO (TERMINAL_ID,TTYPE_ID,SIM_ID,TERMINAL_CODE,ORG_CODE,IS_VIDEO_TERMINAL,SP_SERVER_NAME,PROTOCOL_TYPE,CHANNELS,YT_PROTOCOL_TYPE) values(221024, 4, 23024, '1003023', 'B0000802',1,'1076测试服务器','4',8,'0');
insert into V_VEHICLEINFO (ORG_CODE,VEHICLE_ID,ID_NUMBER,TYPE_ID,TERMINAL_ID,DELETE_FLAG,COLOR_ID_NUMBER_ID,AUTHORIZED_PAY_MASS) values ('B0000802','2201024', '测B03023', 4, 221024, 0, '2',15);

insert into T_SIMINFO (SIM_ID, ORG_CODE, DEPTCODE, STATE,PAY_MODLE, SIM_NUM) values(23025, 'B0000802', '中国移动', 1, '预付费', 13100003024);
insert into T_TERMINALINFO (TERMINAL_ID,TTYPE_ID,SIM_ID,TERMINAL_CODE,ORG_CODE,IS_VIDEO_TERMINAL,SP_SERVER_NAME,PROTOCOL_TYPE,CHANNELS,YT_PROTOCOL_TYPE) values(221025, 4, 23025, '1003024', 'B0000802',1,'1076测试服务器','4',8,'0');
insert into V_VEHICLEINFO (ORG_CODE,VEHICLE_ID,ID_NUMBER,TYPE_ID,TERMINAL_ID,DELETE_FLAG,COLOR_ID_NUMBER_ID,AUTHORIZED_PAY_MASS) values ('B0000802','2201025', '测B03024', 4, 221025, 0, '2',15);

insert into T_SIMINFO (SIM_ID, ORG_CODE, DEPTCODE, STATE,PAY_MODLE, SIM_NUM) values(23026, 'B0000802', '中国移动', 1, '预付费', 13100003025);
insert into T_TERMINALINFO (TERMINAL_ID,TTYPE_ID,SIM_ID,TERMINAL_CODE,ORG_CODE,IS_VIDEO_TERMINAL,SP_SERVER_NAME,PROTOCOL_TYPE,CHANNELS,YT_PROTOCOL_TYPE) values(221026, 4, 23026, '1003025', 'B0000802',1,'1076测试服务器','4',8,'0');
insert into V_VEHICLEINFO (ORG_CODE,VEHICLE_ID,ID_NUMBER,TYPE_ID,TERMINAL_ID,DELETE_FLAG,COLOR_ID_NUMBER_ID,AUTHORIZED_PAY_MASS) values ('B0000802','2201026', '测B03025', 4, 221026, 0, '2',15);

insert into T_SIMINFO (SIM_ID, ORG_CODE, DEPTCODE, STATE,PAY_MODLE, SIM_NUM) values(23027, 'B0000802', '中国移动', 1, '预付费', 13100003026);
insert into T_TERMINALINFO (TERMINAL_ID,TTYPE_ID,SIM_ID,TERMINAL_CODE,ORG_CODE,IS_VIDEO_TERMINAL,SP_SERVER_NAME,PROTOCOL_TYPE,CHANNELS,YT_PROTOCOL_TYPE) values(221027, 4, 23027, '1003026', 'B0000802',1,'1076测试服务器','4',8,'0');
insert into V_VEHICLEINFO (ORG_CODE,VEHICLE_ID,ID_NUMBER,TYPE_ID,TERMINAL_ID,DELETE_FLAG,COLOR_ID_NUMBER_ID,AUTHORIZED_PAY_MASS) values ('B0000802','2201027', '测B03026', 4, 221027, 0, '2',15);

insert into T_SIMINFO (SIM_ID, ORG_CODE, DEPTCODE, STATE,PAY_MODLE, SIM_NUM) values(23028, 'B0000802', '中国移动', 1, '预付费', 13100003027);
insert into T_TERMINALINFO (TERMINAL_ID,TTYPE_ID,SIM_ID,TERMINAL_CODE,ORG_CODE,IS_VIDEO_TERMINAL,SP_SERVER_NAME,PROTOCOL_TYPE,CHANNELS,YT_PROTOCOL_TYPE) values(221028, 4, 23028, '1003027', 'B0000802',1,'1076测试服务器','4',8,'0');
insert into V_VEHICLEINFO (ORG_CODE,VEHICLE_ID,ID_NUMBER,TYPE_ID,TERMINAL_ID,DELETE_FLAG,COLOR_ID_NUMBER_ID,AUTHORIZED_PAY_MASS) values ('B0000802','2201028', '测B03027', 4, 221028, 0, '2',15);

insert into T_SIMINFO (SIM_ID, ORG_CODE, DEPTCODE, STATE,PAY_MODLE, SIM_NUM) values(23029, 'B0000802', '中国移动', 1, '预付费', 13100003028);
insert into T_TERMINALINFO (TERMINAL_ID,TTYPE_ID,SIM_ID,TERMINAL_CODE,ORG_CODE,IS_VIDEO_TERMINAL,SP_SERVER_NAME,PROTOCOL_TYPE,CHANNELS,YT_PROTOCOL_TYPE) values(221029, 4, 23029, '1003028', 'B0000802',1,'1076测试服务器','4',8,'0');
insert into V_VEHICLEINFO (ORG_CODE,VEHICLE_ID,ID_NUMBER,TYPE_ID,TERMINAL_ID,DELETE_FLAG,COLOR_ID_NUMBER_ID,AUTHORIZED_PAY_MASS) values ('B0000802','2201029', '测B03028', 4, 221029, 0, '2',15);

insert into T_SIMINFO (SIM_ID, ORG_CODE, DEPTCODE, STATE,PAY_MODLE, SIM_NUM) values(23030, 'B0000802', '中国移动', 1, '预付费', 13100003029);
insert into T_TERMINALINFO (TERMINAL_ID,TTYPE_ID,SIM_ID,TERMINAL_CODE,ORG_CODE,IS_VIDEO_TERMINAL,SP_SERVER_NAME,PROTOCOL_TYPE,CHANNELS,YT_PROTOCOL_TYPE) values(221030, 4, 23030, '1003029', 'B0000802',1,'1076测试服务器','4',8,'0');
insert into V_VEHICLEINFO (ORG_CODE,VEHICLE_ID,ID_NUMBER,TYPE_ID,TERMINAL_ID,DELETE_FLAG,COLOR_ID_NUMBER_ID,AUTHORIZED_PAY_MASS) values ('B0000802','2201030', '测B03029', 4, 221030, 0, '2',15);

insert into T_SIMINFO (SIM_ID, ORG_CODE, DEPTCODE, STATE,PAY_MODLE, SIM_NUM) values(23031, 'B0000802', '中国移动', 1, '预付费', 13100003030);
insert into T_TERMINALINFO (TERMINAL_ID,TTYPE_ID,SIM_ID,TERMINAL_CODE,ORG_CODE,IS_VIDEO_TERMINAL,SP_SERVER_NAME,PROTOCOL_TYPE,CHANNELS,YT_PROTOCOL_TYPE) values(221031, 4, 23031, '1003030', 'B0000802',1,'1076测试服务器','4',8,'0');
insert into V_VEHICLEINFO (ORG_CODE,VEHICLE_ID,ID_NUMBER,TYPE_ID,TERMINAL_ID,DELETE_FLAG,COLOR_ID_NUMBER_ID,AUTHORIZED_PAY_MASS) values ('B0000802','2201031', '测B03030', 4, 221031, 0, '2',15);

insert into T_SIMINFO (SIM_ID, ORG_CODE, DEPTCODE, STATE,PAY_MODLE, SIM_NUM) values(23032, 'B0000802', '中国移动', 1, '预付费', 13100003031);
insert into T_TERMINALINFO (TERMINAL_ID,TTYPE_ID,SIM_ID,TERMINAL_CODE,ORG_CODE,IS_VIDEO_TERMINAL,SP_SERVER_NAME,PROTOCOL_TYPE,CHANNELS,YT_PROTOCOL_TYPE) values(221032, 4, 23032, '1003031', 'B0000802',1,'1076测试服务器','4',8,'0');
insert into V_VEHICLEINFO (ORG_CODE,VEHICLE_ID,ID_NUMBER,TYPE_ID,TERMINAL_ID,DELETE_FLAG,COLOR_ID_NUMBER_ID,AUTHORIZED_PAY_MASS) values ('B0000802','2201032', '测B03031', 4, 221032, 0, '2',15);

insert into T_SIMINFO (SIM_ID, ORG_CODE, DEPTCODE, STATE,PAY_MODLE, SIM_NUM) values(23033, 'B0000802', '中国移动', 1, '预付费', 13100003032);
insert into T_TERMINALINFO (TERMINAL_ID,TTYPE_ID,SIM_ID,TERMINAL_CODE,ORG_CODE,IS_VIDEO_TERMINAL,SP_SERVER_NAME,PROTOCOL_TYPE,CHANNELS,YT_PROTOCOL_TYPE) values(221033, 4, 23033, '1003032', 'B0000802',1,'1076测试服务器','4',8,'0');
insert into V_VEHICLEINFO (ORG_CODE,VEHICLE_ID,ID_NUMBER,TYPE_ID,TERMINAL_ID,DELETE_FLAG,COLOR_ID_NUMBER_ID,AUTHORIZED_PAY_MASS) values ('B0000802','2201033', '测B03032', 4, 221033, 0, '2',15);

insert into T_SIMINFO (SIM_ID, ORG_CODE, DEPTCODE, STATE,PAY_MODLE, SIM_NUM) values(23034, 'B0000802', '中国移动', 1, '预付费', 13100003033);
insert into T_TERMINALINFO (TERMINAL_ID,TTYPE_ID,SIM_ID,TERMINAL_CODE,ORG_CODE,IS_VIDEO_TERMINAL,SP_SERVER_NAME,PROTOCOL_TYPE,CHANNELS,YT_PROTOCOL_TYPE) values(221034, 4, 23034, '1003033', 'B0000802',1,'1076测试服务器','4',8,'0');
insert into V_VEHICLEINFO (ORG_CODE,VEHICLE_ID,ID_NUMBER,TYPE_ID,TERMINAL_ID,DELETE_FLAG,COLOR_ID_NUMBER_ID,AUTHORIZED_PAY_MASS) values ('B0000802','2201034', '测B03033', 4, 221034, 0, '2',15);

insert into T_SIMINFO (SIM_ID, ORG_CODE, DEPTCODE, STATE,PAY_MODLE, SIM_NUM) values(23035, 'B0000802', '中国移动', 1, '预付费', 13100003034);
insert into T_TERMINALINFO (TERMINAL_ID,TTYPE_ID,SIM_ID,TERMINAL_CODE,ORG_CODE,IS_VIDEO_TERMINAL,SP_SERVER_NAME,PROTOCOL_TYPE,CHANNELS,YT_PROTOCOL_TYPE) values(221035, 4, 23035, '1003034', 'B0000802',1,'1076测试服务器','4',8,'0');
insert into V_VEHICLEINFO (ORG_CODE,VEHICLE_ID,ID_NUMBER,TYPE_ID,TERMINAL_ID,DELETE_FLAG,COLOR_ID_NUMBER_ID,AUTHORIZED_PAY_MASS) values ('B0000802','2201035', '测B03034', 4, 221035, 0, '2',15);

insert into T_SIMINFO (SIM_ID, ORG_CODE, DEPTCODE, STATE,PAY_MODLE, SIM_NUM) values(23036, 'B0000802', '中国移动', 1, '预付费', 13100003035);
insert into T_TERMINALINFO (TERMINAL_ID,TTYPE_ID,SIM_ID,TERMINAL_CODE,ORG_CODE,IS_VIDEO_TERMINAL,SP_SERVER_NAME,PROTOCOL_TYPE,CHANNELS,YT_PROTOCOL_TYPE) values(221036, 4, 23036, '1003035', 'B0000802',1,'1076测试服务器','4',8,'0');
insert into V_VEHICLEINFO (ORG_CODE,VEHICLE_ID,ID_NUMBER,TYPE_ID,TERMINAL_ID,DELETE_FLAG,COLOR_ID_NUMBER_ID,AUTHORIZED_PAY_MASS) values ('B0000802','2201036', '测B03035', 4, 221036, 0, '2',15);

insert into T_SIMINFO (SIM_ID, ORG_CODE, DEPTCODE, STATE,PAY_MODLE, SIM_NUM) values(23037, 'B0000802', '中国移动', 1, '预付费', 13100003036);
insert into T_TERMINALINFO (TERMINAL_ID,TTYPE_ID,SIM_ID,TERMINAL_CODE,ORG_CODE,IS_VIDEO_TERMINAL,SP_SERVER_NAME,PROTOCOL_TYPE,CHANNELS,YT_PROTOCOL_TYPE) values(221037, 4, 23037, '1003036', 'B0000802',1,'1076测试服务器','4',8,'0');
insert into V_VEHICLEINFO (ORG_CODE,VEHICLE_ID,ID_NUMBER,TYPE_ID,TERMINAL_ID,DELETE_FLAG,COLOR_ID_NUMBER_ID,AUTHORIZED_PAY_MASS) values ('B0000802','2201037', '测B03036', 4, 221037, 0, '2',15);

insert into T_SIMINFO (SIM_ID, ORG_CODE, DEPTCODE, STATE,PAY_MODLE, SIM_NUM) values(23038, 'B0000802', '中国移动', 1, '预付费', 13100003037);
insert into T_TERMINALINFO (TERMINAL_ID,TTYPE_ID,SIM_ID,TERMINAL_CODE,ORG_CODE,IS_VIDEO_TERMINAL,SP_SERVER_NAME,PROTOCOL_TYPE,CHANNELS,YT_PROTOCOL_TYPE) values(221038, 4, 23038, '1003037', 'B0000802',1,'1076测试服务器','4',8,'0');
insert into V_VEHICLEINFO (ORG_CODE,VEHICLE_ID,ID_NUMBER,TYPE_ID,TERMINAL_ID,DELETE_FLAG,COLOR_ID_NUMBER_ID,AUTHORIZED_PAY_MASS) values ('B0000802','2201038', '测B03037', 4, 221038, 0, '2',15);

insert into T_SIMINFO (SIM_ID, ORG_CODE, DEPTCODE, STATE,PAY_MODLE, SIM_NUM) values(23039, 'B0000802', '中国移动', 1, '预付费', 13100003038);
insert into T_TERMINALINFO (TERMINAL_ID,TTYPE_ID,SIM_ID,TERMINAL_CODE,ORG_CODE,IS_VIDEO_TERMINAL,SP_SERVER_NAME,PROTOCOL_TYPE,CHANNELS,YT_PROTOCOL_TYPE) values(221039, 4, 23039, '1003038', 'B0000802',1,'1076测试服务器','4',8,'0');
insert into V_VEHICLEINFO (ORG_CODE,VEHICLE_ID,ID_NUMBER,TYPE_ID,TERMINAL_ID,DELETE_FLAG,COLOR_ID_NUMBER_ID,AUTHORIZED_PAY_MASS) values ('B0000802','2201039', '测B03038', 4, 221039, 0, '2',15);

insert into T_SIMINFO (SIM_ID, ORG_CODE, DEPTCODE, STATE,PAY_MODLE, SIM_NUM) values(23040, 'B0000802', '中国移动', 1, '预付费', 13100003039);
insert into T_TERMINALINFO (TERMINAL_ID,TTYPE_ID,SIM_ID,TERMINAL_CODE,ORG_CODE,IS_VIDEO_TERMINAL,SP_SERVER_NAME,PROTOCOL_TYPE,CHANNELS,YT_PROTOCOL_TYPE) values(221040, 4, 23040, '1003039', 'B0000802',1,'1076测试服务器','4',8,'0');
insert into V_VEHICLEINFO (ORG_CODE,VEHICLE_ID,ID_NUMBER,TYPE_ID,TERMINAL_ID,DELETE_FLAG,COLOR_ID_NUMBER_ID,AUTHORIZED_PAY_MASS) values ('B0000802','2201040', '测B03039', 4, 221040, 0, '2',15);

insert into T_SIMINFO (SIM_ID, ORG_CODE, DEPTCODE, STATE,PAY_MODLE, SIM_NUM) values(23041, 'B0000802', '中国移动', 1, '预付费', 13100003040);
insert into T_TERMINALINFO (TERMINAL_ID,TTYPE_ID,SIM_ID,TERMINAL_CODE,ORG_CODE,IS_VIDEO_TERMINAL,SP_SERVER_NAME,PROTOCOL_TYPE,CHANNELS,YT_PROTOCOL_TYPE) values(221041, 4, 23041, '1003040', 'B0000802',1,'1076测试服务器','4',8,'0');
insert into V_VEHICLEINFO (ORG_CODE,VEHICLE_ID,ID_NUMBER,TYPE_ID,TERMINAL_ID,DELETE_FLAG,COLOR_ID_NUMBER_ID,AUTHORIZED_PAY_MASS) values ('B0000802','2201041', '测B03040', 4, 221041, 0, '2',15);

insert into T_SIMINFO (SIM_ID, ORG_CODE, DEPTCODE, STATE,PAY_MODLE, SIM_NUM) values(23042, 'B0000802', '中国移动', 1, '预付费', 13100003041);
insert into T_TERMINALINFO (TERMINAL_ID,TTYPE_ID,SIM_ID,TERMINAL_CODE,ORG_CODE,IS_VIDEO_TERMINAL,SP_SERVER_NAME,PROTOCOL_TYPE,CHANNELS,YT_PROTOCOL_TYPE) values(221042, 4, 23042, '1003041', 'B0000802',1,'1076测试服务器','4',8,'0');
insert into V_VEHICLEINFO (ORG_CODE,VEHICLE_ID,ID_NUMBER,TYPE_ID,TERMINAL_ID,DELETE_FLAG,COLOR_ID_NUMBER_ID,AUTHORIZED_PAY_MASS) values ('B0000802','2201042', '测B03041', 4, 221042, 0, '2',15);

insert into T_SIMINFO (SIM_ID, ORG_CODE, DEPTCODE, STATE,PAY_MODLE, SIM_NUM) values(23043, 'B0000802', '中国移动', 1, '预付费', 13100003042);
insert into T_TERMINALINFO (TERMINAL_ID,TTYPE_ID,SIM_ID,TERMINAL_CODE,ORG_CODE,IS_VIDEO_TERMINAL,SP_SERVER_NAME,PROTOCOL_TYPE,CHANNELS,YT_PROTOCOL_TYPE) values(221043, 4, 23043, '1003042', 'B0000802',1,'1076测试服务器','4',8,'0');
insert into V_VEHICLEINFO (ORG_CODE,VEHICLE_ID,ID_NUMBER,TYPE_ID,TERMINAL_ID,DELETE_FLAG,COLOR_ID_NUMBER_ID,AUTHORIZED_PAY_MASS) values ('B0000802','2201043', '测B03042', 4, 221043, 0, '2',15);

insert into T_SIMINFO (SIM_ID, ORG_CODE, DEPTCODE, STATE,PAY_MODLE, SIM_NUM) values(23044, 'B0000802', '中国移动', 1, '预付费', 13100003043);
insert into T_TERMINALINFO (TERMINAL_ID,TTYPE_ID,SIM_ID,TERMINAL_CODE,ORG_CODE,IS_VIDEO_TERMINAL,SP_SERVER_NAME,PROTOCOL_TYPE,CHANNELS,YT_PROTOCOL_TYPE) values(221044, 4, 23044, '1003043', 'B0000802',1,'1076测试服务器','4',8,'0');
insert into V_VEHICLEINFO (ORG_CODE,VEHICLE_ID,ID_NUMBER,TYPE_ID,TERMINAL_ID,DELETE_FLAG,COLOR_ID_NUMBER_ID,AUTHORIZED_PAY_MASS) values ('B0000802','2201044', '测B03043', 4, 221044, 0, '2',15);

insert into T_SIMINFO (SIM_ID, ORG_CODE, DEPTCODE, STATE,PAY_MODLE, SIM_NUM) values(23045, 'B0000802', '中国移动', 1, '预付费', 13100003044);
insert into T_TERMINALINFO (TERMINAL_ID,TTYPE_ID,SIM_ID,TERMINAL_CODE,ORG_CODE,IS_VIDEO_TERMINAL,SP_SERVER_NAME,PROTOCOL_TYPE,CHANNELS,YT_PROTOCOL_TYPE) values(221045, 4, 23045, '1003044', 'B0000802',1,'1076测试服务器','4',8,'0');
insert into V_VEHICLEINFO (ORG_CODE,VEHICLE_ID,ID_NUMBER,TYPE_ID,TERMINAL_ID,DELETE_FLAG,COLOR_ID_NUMBER_ID,AUTHORIZED_PAY_MASS) values ('B0000802','2201045', '测B03044', 4, 221045, 0, '2',15);

insert into T_SIMINFO (SIM_ID, ORG_CODE, DEPTCODE, STATE,PAY_MODLE, SIM_NUM) values(23046, 'B0000802', '中国移动', 1, '预付费', 13100003045);
insert into T_TERMINALINFO (TERMINAL_ID,TTYPE_ID,SIM_ID,TERMINAL_CODE,ORG_CODE,IS_VIDEO_TERMINAL,SP_SERVER_NAME,PROTOCOL_TYPE,CHANNELS,YT_PROTOCOL_TYPE) values(221046, 4, 23046, '1003045', 'B0000802',1,'1076测试服务器','4',8,'0');
insert into V_VEHICLEINFO (ORG_CODE,VEHICLE_ID,ID_NUMBER,TYPE_ID,TERMINAL_ID,DELETE_FLAG,COLOR_ID_NUMBER_ID,AUTHORIZED_PAY_MASS) values ('B0000802','2201046', '测B03045', 4, 221046, 0, '2',15);

insert into T_SIMINFO (SIM_ID, ORG_CODE, DEPTCODE, STATE,PAY_MODLE, SIM_NUM) values(23047, 'B0000802', '中国移动', 1, '预付费', 13100003046);
insert into T_TERMINALINFO (TERMINAL_ID,TTYPE_ID,SIM_ID,TERMINAL_CODE,ORG_CODE,IS_VIDEO_TERMINAL,SP_SERVER_NAME,PROTOCOL_TYPE,CHANNELS,YT_PROTOCOL_TYPE) values(221047, 4, 23047, '1003046', 'B0000802',1,'1076测试服务器','4',8,'0');
insert into V_VEHICLEINFO (ORG_CODE,VEHICLE_ID,ID_NUMBER,TYPE_ID,TERMINAL_ID,DELETE_FLAG,COLOR_ID_NUMBER_ID,AUTHORIZED_PAY_MASS) values ('B0000802','2201047', '测B03046', 4, 221047, 0, '2',15);

insert into T_SIMINFO (SIM_ID, ORG_CODE, DEPTCODE, STATE,PAY_MODLE, SIM_NUM) values(23048, 'B0000802', '中国移动', 1, '预付费', 13100003047);
insert into T_TERMINALINFO (TERMINAL_ID,TTYPE_ID,SIM_ID,TERMINAL_CODE,ORG_CODE,IS_VIDEO_TERMINAL,SP_SERVER_NAME,PROTOCOL_TYPE,CHANNELS,YT_PROTOCOL_TYPE) values(221048, 4, 23048, '1003047', 'B0000802',1,'1076测试服务器','4',8,'0');
insert into V_VEHICLEINFO (ORG_CODE,VEHICLE_ID,ID_NUMBER,TYPE_ID,TERMINAL_ID,DELETE_FLAG,COLOR_ID_NUMBER_ID,AUTHORIZED_PAY_MASS) values ('B0000802','2201048', '测B03047', 4, 221048, 0, '2',15);

insert into T_SIMINFO (SIM_ID, ORG_CODE, DEPTCODE, STATE,PAY_MODLE, SIM_NUM) values(23049, 'B0000802', '中国移动', 1, '预付费', 13100003048);
insert into T_TERMINALINFO (TERMINAL_ID,TTYPE_ID,SIM_ID,TERMINAL_CODE,ORG_CODE,IS_VIDEO_TERMINAL,SP_SERVER_NAME,PROTOCOL_TYPE,CHANNELS,YT_PROTOCOL_TYPE) values(221049, 4, 23049, '1003048', 'B0000802',1,'1076测试服务器','4',8,'0');
insert into V_VEHICLEINFO (ORG_CODE,VEHICLE_ID,ID_NUMBER,TYPE_ID,TERMINAL_ID,DELETE_FLAG,COLOR_ID_NUMBER_ID,AUTHORIZED_PAY_MASS) values ('B0000802','2201049', '测B03048', 4, 221049, 0, '2',15);

insert into T_SIMINFO (SIM_ID, ORG_CODE, DEPTCODE, STATE,PAY_MODLE, SIM_NUM) values(23050, 'B0000802', '中国移动', 1, '预付费', 13100003049);
insert into T_TERMINALINFO (TERMINAL_ID,TTYPE_ID,SIM_ID,TERMINAL_CODE,ORG_CODE,IS_VIDEO_TERMINAL,SP_SERVER_NAME,PROTOCOL_TYPE,CHANNELS,YT_PROTOCOL_TYPE) values(221050, 4, 23050, '1003049', 'B0000802',1,'1076测试服务器','4',8,'0');
insert into V_VEHICLEINFO (ORG_CODE,VEHICLE_ID,ID_NUMBER,TYPE_ID,TERMINAL_ID,DELETE_FLAG,COLOR_ID_NUMBER_ID,AUTHORIZED_PAY_MASS) values ('B0000802','2201050', '测B03049', 4, 221050, 0, '2',15);

insert into T_SIMINFO (SIM_ID, ORG_CODE, DEPTCODE, STATE,PAY_MODLE, SIM_NUM) values(23051, 'B0000802', '中国移动', 1, '预付费', 13100003050);
insert into T_TERMINALINFO (TERMINAL_ID,TTYPE_ID,SIM_ID,TERMINAL_CODE,ORG_CODE,IS_VIDEO_TERMINAL,SP_SERVER_NAME,PROTOCOL_TYPE,CHANNELS,YT_PROTOCOL_TYPE) values(221051, 4, 23051, '1003050', 'B0000802',1,'1076测试服务器','4',8,'0');
insert into V_VEHICLEINFO (ORG_CODE,VEHICLE_ID,ID_NUMBER,TYPE_ID,TERMINAL_ID,DELETE_FLAG,COLOR_ID_NUMBER_ID,AUTHORIZED_PAY_MASS) values ('B0000802','2201051', '测B03050', 4, 221051, 0, '2',15);

insert into T_SIMINFO (SIM_ID, ORG_CODE, DEPTCODE, STATE,PAY_MODLE, SIM_NUM) values(23052, 'B0000802', '中国移动', 1, '预付费', 13100003051);
insert into T_TERMINALINFO (TERMINAL_ID,TTYPE_ID,SIM_ID,TERMINAL_CODE,ORG_CODE,IS_VIDEO_TERMINAL,SP_SERVER_NAME,PROTOCOL_TYPE,CHANNELS,YT_PROTOCOL_TYPE) values(221052, 4, 23052, '1003051', 'B0000802',1,'1076测试服务器','4',8,'0');
insert into V_VEHICLEINFO (ORG_CODE,VEHICLE_ID,ID_NUMBER,TYPE_ID,TERMINAL_ID,DELETE_FLAG,COLOR_ID_NUMBER_ID,AUTHORIZED_PAY_MASS) values ('B0000802','2201052', '测B03051', 4, 221052, 0, '2',15);

insert into T_SIMINFO (SIM_ID, ORG_CODE, DEPTCODE, STATE,PAY_MODLE, SIM_NUM) values(23053, 'B0000802', '中国移动', 1, '预付费', 13100003052);
insert into T_TERMINALINFO (TERMINAL_ID,TTYPE_ID,SIM_ID,TERMINAL_CODE,ORG_CODE,IS_VIDEO_TERMINAL,SP_SERVER_NAME,PROTOCOL_TYPE,CHANNELS,YT_PROTOCOL_TYPE) values(221053, 4, 23053, '1003052', 'B0000802',1,'1076测试服务器','4',8,'0');
insert into V_VEHICLEINFO (ORG_CODE,VEHICLE_ID,ID_NUMBER,TYPE_ID,TERMINAL_ID,DELETE_FLAG,COLOR_ID_NUMBER_ID,AUTHORIZED_PAY_MASS) values ('B0000802','2201053', '测B03052', 4, 221053, 0, '2',15);

insert into T_SIMINFO (SIM_ID, ORG_CODE, DEPTCODE, STATE,PAY_MODLE, SIM_NUM) values(23054, 'B0000802', '中国移动', 1, '预付费', 13100003053);
insert into T_TERMINALINFO (TERMINAL_ID,TTYPE_ID,SIM_ID,TERMINAL_CODE,ORG_CODE,IS_VIDEO_TERMINAL,SP_SERVER_NAME,PROTOCOL_TYPE,CHANNELS,YT_PROTOCOL_TYPE) values(221054, 4, 23054, '1003053', 'B0000802',1,'1076测试服务器','4',8,'0');
insert into V_VEHICLEINFO (ORG_CODE,VEHICLE_ID,ID_NUMBER,TYPE_ID,TERMINAL_ID,DELETE_FLAG,COLOR_ID_NUMBER_ID,AUTHORIZED_PAY_MASS) values ('B0000802','2201054', '测B03053', 4, 221054, 0, '2',15);

insert into T_SIMINFO (SIM_ID, ORG_CODE, DEPTCODE, STATE,PAY_MODLE, SIM_NUM) values(23055, 'B0000802', '中国移动', 1, '预付费', 13100003054);
insert into T_TERMINALINFO (TERMINAL_ID,TTYPE_ID,SIM_ID,TERMINAL_CODE,ORG_CODE,IS_VIDEO_TERMINAL,SP_SERVER_NAME,PROTOCOL_TYPE,CHANNELS,YT_PROTOCOL_TYPE) values(221055, 4, 23055, '1003054', 'B0000802',1,'1076测试服务器','4',8,'0');
insert into V_VEHICLEINFO (ORG_CODE,VEHICLE_ID,ID_NUMBER,TYPE_ID,TERMINAL_ID,DELETE_FLAG,COLOR_ID_NUMBER_ID,AUTHORIZED_PAY_MASS) values ('B0000802','2201055', '测B03054', 4, 221055, 0, '2',15);

insert into T_SIMINFO (SIM_ID, ORG_CODE, DEPTCODE, STATE,PAY_MODLE, SIM_NUM) values(23056, 'B0000802', '中国移动', 1, '预付费', 13100003055);
insert into T_TERMINALINFO (TERMINAL_ID,TTYPE_ID,SIM_ID,TERMINAL_CODE,ORG_CODE,IS_VIDEO_TERMINAL,SP_SERVER_NAME,PROTOCOL_TYPE,CHANNELS,YT_PROTOCOL_TYPE) values(221056, 4, 23056, '1003055', 'B0000802',1,'1076测试服务器','4',8,'0');
insert into V_VEHICLEINFO (ORG_CODE,VEHICLE_ID,ID_NUMBER,TYPE_ID,TERMINAL_ID,DELETE_FLAG,COLOR_ID_NUMBER_ID,AUTHORIZED_PAY_MASS) values ('B0000802','2201056', '测B03055', 4, 221056, 0, '2',15);

insert into T_SIMINFO (SIM_ID, ORG_CODE, DEPTCODE, STATE,PAY_MODLE, SIM_NUM) values(23057, 'B0000802', '中国移动', 1, '预付费', 13100003056);
insert into T_TERMINALINFO (TERMINAL_ID,TTYPE_ID,SIM_ID,TERMINAL_CODE,ORG_CODE,IS_VIDEO_TERMINAL,SP_SERVER_NAME,PROTOCOL_TYPE,CHANNELS,YT_PROTOCOL_TYPE) values(221057, 4, 23057, '1003056', 'B0000802',1,'1076测试服务器','4',8,'0');
insert into V_VEHICLEINFO (ORG_CODE,VEHICLE_ID,ID_NUMBER,TYPE_ID,TERMINAL_ID,DELETE_FLAG,COLOR_ID_NUMBER_ID,AUTHORIZED_PAY_MASS) values ('B0000802','2201057', '测B03056', 4, 221057, 0, '2',15);

insert into T_SIMINFO (SIM_ID, ORG_CODE, DEPTCODE, STATE,PAY_MODLE, SIM_NUM) values(23058, 'B0000802', '中国移动', 1, '预付费', 13100003057);
insert into T_TERMINALINFO (TERMINAL_ID,TTYPE_ID,SIM_ID,TERMINAL_CODE,ORG_CODE,IS_VIDEO_TERMINAL,SP_SERVER_NAME,PROTOCOL_TYPE,CHANNELS,YT_PROTOCOL_TYPE) values(221058, 4, 23058, '1003057', 'B0000802',1,'1076测试服务器','4',8,'0');
insert into V_VEHICLEINFO (ORG_CODE,VEHICLE_ID,ID_NUMBER,TYPE_ID,TERMINAL_ID,DELETE_FLAG,COLOR_ID_NUMBER_ID,AUTHORIZED_PAY_MASS) values ('B0000802','2201058', '测B03057', 4, 221058, 0, '2',15);

insert into T_SIMINFO (SIM_ID, ORG_CODE, DEPTCODE, STATE,PAY_MODLE, SIM_NUM) values(23059, 'B0000802', '中国移动', 1, '预付费', 13100003058);
insert into T_TERMINALINFO (TERMINAL_ID,TTYPE_ID,SIM_ID,TERMINAL_CODE,ORG_CODE,IS_VIDEO_TERMINAL,SP_SERVER_NAME,PROTOCOL_TYPE,CHANNELS,YT_PROTOCOL_TYPE) values(221059, 4, 23059, '1003058', 'B0000802',1,'1076测试服务器','4',8,'0');
insert into V_VEHICLEINFO (ORG_CODE,VEHICLE_ID,ID_NUMBER,TYPE_ID,TERMINAL_ID,DELETE_FLAG,COLOR_ID_NUMBER_ID,AUTHORIZED_PAY_MASS) values ('B0000802','2201059', '测B03058', 4, 221059, 0, '2',15);

insert into T_SIMINFO (SIM_ID, ORG_CODE, DEPTCODE, STATE,PAY_MODLE, SIM_NUM) values(23060, 'B0000802', '中国移动', 1, '预付费', 13100003059);
insert into T_TERMINALINFO (TERMINAL_ID,TTYPE_ID,SIM_ID,TERMINAL_CODE,ORG_CODE,IS_VIDEO_TERMINAL,SP_SERVER_NAME,PROTOCOL_TYPE,CHANNELS,YT_PROTOCOL_TYPE) values(221060, 4, 23060, '1003059', 'B0000802',1,'1076测试服务器','4',8,'0');
insert into V_VEHICLEINFO (ORG_CODE,VEHICLE_ID,ID_NUMBER,TYPE_ID,TERMINAL_ID,DELETE_FLAG,COLOR_ID_NUMBER_ID,AUTHORIZED_PAY_MASS) values ('B0000802','2201060', '测B03059', 4, 221060, 0, '2',15);

insert into T_SIMINFO (SIM_ID, ORG_CODE, DEPTCODE, STATE,PAY_MODLE, SIM_NUM) values(23061, 'B0000802', '中国移动', 1, '预付费', 13100003060);
insert into T_TERMINALINFO (TERMINAL_ID,TTYPE_ID,SIM_ID,TERMINAL_CODE,ORG_CODE,IS_VIDEO_TERMINAL,SP_SERVER_NAME,PROTOCOL_TYPE,CHANNELS,YT_PROTOCOL_TYPE) values(221061, 4, 23061, '1003060', 'B0000802',1,'1076测试服务器','4',8,'0');
insert into V_VEHICLEINFO (ORG_CODE,VEHICLE_ID,ID_NUMBER,TYPE_ID,TERMINAL_ID,DELETE_FLAG,COLOR_ID_NUMBER_ID,AUTHORIZED_PAY_MASS) values ('B0000802','2201061', '测B03060', 4, 221061, 0, '2',15);

insert into T_SIMINFO (SIM_ID, ORG_CODE, DEPTCODE, STATE,PAY_MODLE, SIM_NUM) values(23062, 'B0000802', '中国移动', 1, '预付费', 13100003061);
insert into T_TERMINALINFO (TERMINAL_ID,TTYPE_ID,SIM_ID,TERMINAL_CODE,ORG_CODE,IS_VIDEO_TERMINAL,SP_SERVER_NAME,PROTOCOL_TYPE,CHANNELS,YT_PROTOCOL_TYPE) values(221062, 4, 23062, '1003061', 'B0000802',1,'1076测试服务器','4',8,'0');
insert into V_VEHICLEINFO (ORG_CODE,VEHICLE_ID,ID_NUMBER,TYPE_ID,TERMINAL_ID,DELETE_FLAG,COLOR_ID_NUMBER_ID,AUTHORIZED_PAY_MASS) values ('B0000802','2201062', '测B03061', 4, 221062, 0, '2',15);

insert into T_SIMINFO (SIM_ID, ORG_CODE, DEPTCODE, STATE,PAY_MODLE, SIM_NUM) values(23063, 'B0000802', '中国移动', 1, '预付费', 13100003062);
insert into T_TERMINALINFO (TERMINAL_ID,TTYPE_ID,SIM_ID,TERMINAL_CODE,ORG_CODE,IS_VIDEO_TERMINAL,SP_SERVER_NAME,PROTOCOL_TYPE,CHANNELS,YT_PROTOCOL_TYPE) values(221063, 4, 23063, '1003062', 'B0000802',1,'1076测试服务器','4',8,'0');
insert into V_VEHICLEINFO (ORG_CODE,VEHICLE_ID,ID_NUMBER,TYPE_ID,TERMINAL_ID,DELETE_FLAG,COLOR_ID_NUMBER_ID,AUTHORIZED_PAY_MASS) values ('B0000802','2201063', '测B03062', 4, 221063, 0, '2',15);

insert into T_SIMINFO (SIM_ID, ORG_CODE, DEPTCODE, STATE,PAY_MODLE, SIM_NUM) values(23064, 'B0000802', '中国移动', 1, '预付费', 13100003063);
insert into T_TERMINALINFO (TERMINAL_ID,TTYPE_ID,SIM_ID,TERMINAL_CODE,ORG_CODE,IS_VIDEO_TERMINAL,SP_SERVER_NAME,PROTOCOL_TYPE,CHANNELS,YT_PROTOCOL_TYPE) values(221064, 4, 23064, '1003063', 'B0000802',1,'1076测试服务器','4',8,'0');
insert into V_VEHICLEINFO (ORG_CODE,VEHICLE_ID,ID_NUMBER,TYPE_ID,TERMINAL_ID,DELETE_FLAG,COLOR_ID_NUMBER_ID,AUTHORIZED_PAY_MASS) values ('B0000802','2201064', '测B03063', 4, 221064, 0, '2',15);

insert into T_SIMINFO (SIM_ID, ORG_CODE, DEPTCODE, STATE,PAY_MODLE, SIM_NUM) values(23065, 'B0000802', '中国移动', 1, '预付费', 13100003064);
insert into T_TERMINALINFO (TERMINAL_ID,TTYPE_ID,SIM_ID,TERMINAL_CODE,ORG_CODE,IS_VIDEO_TERMINAL,SP_SERVER_NAME,PROTOCOL_TYPE,CHANNELS,YT_PROTOCOL_TYPE) values(221065, 4, 23065, '1003064', 'B0000802',1,'1076测试服务器','4',8,'0');
insert into V_VEHICLEINFO (ORG_CODE,VEHICLE_ID,ID_NUMBER,TYPE_ID,TERMINAL_ID,DELETE_FLAG,COLOR_ID_NUMBER_ID,AUTHORIZED_PAY_MASS) values ('B0000802','2201065', '测B03064', 4, 221065, 0, '2',15);

insert into T_SIMINFO (SIM_ID, ORG_CODE, DEPTCODE, STATE,PAY_MODLE, SIM_NUM) values(23066, 'B0000802', '中国移动', 1, '预付费', 13100003065);
insert into T_TERMINALINFO (TERMINAL_ID,TTYPE_ID,SIM_ID,TERMINAL_CODE,ORG_CODE,IS_VIDEO_TERMINAL,SP_SERVER_NAME,PROTOCOL_TYPE,CHANNELS,YT_PROTOCOL_TYPE) values(221066, 4, 23066, '1003065', 'B0000802',1,'1076测试服务器','4',8,'0');
insert into V_VEHICLEINFO (ORG_CODE,VEHICLE_ID,ID_NUMBER,TYPE_ID,TERMINAL_ID,DELETE_FLAG,COLOR_ID_NUMBER_ID,AUTHORIZED_PAY_MASS) values ('B0000802','2201066', '测B03065', 4, 221066, 0, '2',15);

insert into T_SIMINFO (SIM_ID, ORG_CODE, DEPTCODE, STATE,PAY_MODLE, SIM_NUM) values(23067, 'B0000802', '中国移动', 1, '预付费', 13100003066);
insert into T_TERMINALINFO (TERMINAL_ID,TTYPE_ID,SIM_ID,TERMINAL_CODE,ORG_CODE,IS_VIDEO_TERMINAL,SP_SERVER_NAME,PROTOCOL_TYPE,CHANNELS,YT_PROTOCOL_TYPE) values(221067, 4, 23067, '1003066', 'B0000802',1,'1076测试服务器','4',8,'0');
insert into V_VEHICLEINFO (ORG_CODE,VEHICLE_ID,ID_NUMBER,TYPE_ID,TERMINAL_ID,DELETE_FLAG,COLOR_ID_NUMBER_ID,AUTHORIZED_PAY_MASS) values ('B0000802','2201067', '测B03066', 4, 221067, 0, '2',15);

insert into T_SIMINFO (SIM_ID, ORG_CODE, DEPTCODE, STATE,PAY_MODLE, SIM_NUM) values(23068, 'B0000802', '中国移动', 1, '预付费', 13100003067);
insert into T_TERMINALINFO (TERMINAL_ID,TTYPE_ID,SIM_ID,TERMINAL_CODE,ORG_CODE,IS_VIDEO_TERMINAL,SP_SERVER_NAME,PROTOCOL_TYPE,CHANNELS,YT_PROTOCOL_TYPE) values(221068, 4, 23068, '1003067', 'B0000802',1,'1076测试服务器','4',8,'0');
insert into V_VEHICLEINFO (ORG_CODE,VEHICLE_ID,ID_NUMBER,TYPE_ID,TERMINAL_ID,DELETE_FLAG,COLOR_ID_NUMBER_ID,AUTHORIZED_PAY_MASS) values ('B0000802','2201068', '测B03067', 4, 221068, 0, '2',15);

insert into T_SIMINFO (SIM_ID, ORG_CODE, DEPTCODE, STATE,PAY_MODLE, SIM_NUM) values(23069, 'B0000802', '中国移动', 1, '预付费', 13100003068);
insert into T_TERMINALINFO (TERMINAL_ID,TTYPE_ID,SIM_ID,TERMINAL_CODE,ORG_CODE,IS_VIDEO_TERMINAL,SP_SERVER_NAME,PROTOCOL_TYPE,CHANNELS,YT_PROTOCOL_TYPE) values(221069, 4, 23069, '1003068', 'B0000802',1,'1076测试服务器','4',8,'0');
insert into V_VEHICLEINFO (ORG_CODE,VEHICLE_ID,ID_NUMBER,TYPE_ID,TERMINAL_ID,DELETE_FLAG,COLOR_ID_NUMBER_ID,AUTHORIZED_PAY_MASS) values ('B0000802','2201069', '测B03068', 4, 221069, 0, '2',15);

insert into T_SIMINFO (SIM_ID, ORG_CODE, DEPTCODE, STATE,PAY_MODLE, SIM_NUM) values(23070, 'B0000802', '中国移动', 1, '预付费', 13100003069);
insert into T_TERMINALINFO (TERMINAL_ID,TTYPE_ID,SIM_ID,TERMINAL_CODE,ORG_CODE,IS_VIDEO_TERMINAL,SP_SERVER_NAME,PROTOCOL_TYPE,CHANNELS,YT_PROTOCOL_TYPE) values(221070, 4, 23070, '1003069', 'B0000802',1,'1076测试服务器','4',8,'0');
insert into V_VEHICLEINFO (ORG_CODE,VEHICLE_ID,ID_NUMBER,TYPE_ID,TERMINAL_ID,DELETE_FLAG,COLOR_ID_NUMBER_ID,AUTHORIZED_PAY_MASS) values ('B0000802','2201070', '测B03069', 4, 221070, 0, '2',15);

insert into T_SIMINFO (SIM_ID, ORG_CODE, DEPTCODE, STATE,PAY_MODLE, SIM_NUM) values(23071, 'B0000802', '中国移动', 1, '预付费', 13100003070);
insert into T_TERMINALINFO (TERMINAL_ID,TTYPE_ID,SIM_ID,TERMINAL_CODE,ORG_CODE,IS_VIDEO_TERMINAL,SP_SERVER_NAME,PROTOCOL_TYPE,CHANNELS,YT_PROTOCOL_TYPE) values(221071, 4, 23071, '1003070', 'B0000802',1,'1076测试服务器','4',8,'0');
insert into V_VEHICLEINFO (ORG_CODE,VEHICLE_ID,ID_NUMBER,TYPE_ID,TERMINAL_ID,DELETE_FLAG,COLOR_ID_NUMBER_ID,AUTHORIZED_PAY_MASS) values ('B0000802','2201071', '测B03070', 4, 221071, 0, '2',15);

insert into T_SIMINFO (SIM_ID, ORG_CODE, DEPTCODE, STATE,PAY_MODLE, SIM_NUM) values(23072, 'B0000802', '中国移动', 1, '预付费', 13100003071);
insert into T_TERMINALINFO (TERMINAL_ID,TTYPE_ID,SIM_ID,TERMINAL_CODE,ORG_CODE,IS_VIDEO_TERMINAL,SP_SERVER_NAME,PROTOCOL_TYPE,CHANNELS,YT_PROTOCOL_TYPE) values(221072, 4, 23072, '1003071', 'B0000802',1,'1076测试服务器','4',8,'0');
insert into V_VEHICLEINFO (ORG_CODE,VEHICLE_ID,ID_NUMBER,TYPE_ID,TERMINAL_ID,DELETE_FLAG,COLOR_ID_NUMBER_ID,AUTHORIZED_PAY_MASS) values ('B0000802','2201072', '测B03071', 4, 221072, 0, '2',15);

insert into T_SIMINFO (SIM_ID, ORG_CODE, DEPTCODE, STATE,PAY_MODLE, SIM_NUM) values(23073, 'B0000802', '中国移动', 1, '预付费', 13100003072);
insert into T_TERMINALINFO (TERMINAL_ID,TTYPE_ID,SIM_ID,TERMINAL_CODE,ORG_CODE,IS_VIDEO_TERMINAL,SP_SERVER_NAME,PROTOCOL_TYPE,CHANNELS,YT_PROTOCOL_TYPE) values(221073, 4, 23073, '1003072', 'B0000802',1,'1076测试服务器','4',8,'0');
insert into V_VEHICLEINFO (ORG_CODE,VEHICLE_ID,ID_NUMBER,TYPE_ID,TERMINAL_ID,DELETE_FLAG,COLOR_ID_NUMBER_ID,AUTHORIZED_PAY_MASS) values ('B0000802','2201073', '测B03072', 4, 221073, 0, '2',15);

insert into T_SIMINFO (SIM_ID, ORG_CODE, DEPTCODE, STATE,PAY_MODLE, SIM_NUM) values(23074, 'B0000802', '中国移动', 1, '预付费', 13100003073);
insert into T_TERMINALINFO (TERMINAL_ID,TTYPE_ID,SIM_ID,TERMINAL_CODE,ORG_CODE,IS_VIDEO_TERMINAL,SP_SERVER_NAME,PROTOCOL_TYPE,CHANNELS,YT_PROTOCOL_TYPE) values(221074, 4, 23074, '1003073', 'B0000802',1,'1076测试服务器','4',8,'0');
insert into V_VEHICLEINFO (ORG_CODE,VEHICLE_ID,ID_NUMBER,TYPE_ID,TERMINAL_ID,DELETE_FLAG,COLOR_ID_NUMBER_ID,AUTHORIZED_PAY_MASS) values ('B0000802','2201074', '测B03073', 4, 221074, 0, '2',15);

insert into T_SIMINFO (SIM_ID, ORG_CODE, DEPTCODE, STATE,PAY_MODLE, SIM_NUM) values(23075, 'B0000802', '中国移动', 1, '预付费', 13100003074);
insert into T_TERMINALINFO (TERMINAL_ID,TTYPE_ID,SIM_ID,TERMINAL_CODE,ORG_CODE,IS_VIDEO_TERMINAL,SP_SERVER_NAME,PROTOCOL_TYPE,CHANNELS,YT_PROTOCOL_TYPE) values(221075, 4, 23075, '1003074', 'B0000802',1,'1076测试服务器','4',8,'0');
insert into V_VEHICLEINFO (ORG_CODE,VEHICLE_ID,ID_NUMBER,TYPE_ID,TERMINAL_ID,DELETE_FLAG,COLOR_ID_NUMBER_ID,AUTHORIZED_PAY_MASS) values ('B0000802','2201075', '测B03074', 4, 221075, 0, '2',15);

insert into T_SIMINFO (SIM_ID, ORG_CODE, DEPTCODE, STATE,PAY_MODLE, SIM_NUM) values(23076, 'B0000802', '中国移动', 1, '预付费', 13100003075);
insert into T_TERMINALINFO (TERMINAL_ID,TTYPE_ID,SIM_ID,TERMINAL_CODE,ORG_CODE,IS_VIDEO_TERMINAL,SP_SERVER_NAME,PROTOCOL_TYPE,CHANNELS,YT_PROTOCOL_TYPE) values(221076, 4, 23076, '1003075', 'B0000802',1,'1076测试服务器','4',8,'0');
insert into V_VEHICLEINFO (ORG_CODE,VEHICLE_ID,ID_NUMBER,TYPE_ID,TERMINAL_ID,DELETE_FLAG,COLOR_ID_NUMBER_ID,AUTHORIZED_PAY_MASS) values ('B0000802','2201076', '测B03075', 4, 221076, 0, '2',15);

insert into T_SIMINFO (SIM_ID, ORG_CODE, DEPTCODE, STATE,PAY_MODLE, SIM_NUM) values(23077, 'B0000802', '中国移动', 1, '预付费', 13100003076);
insert into T_TERMINALINFO (TERMINAL_ID,TTYPE_ID,SIM_ID,TERMINAL_CODE,ORG_CODE,IS_VIDEO_TERMINAL,SP_SERVER_NAME,PROTOCOL_TYPE,CHANNELS,YT_PROTOCOL_TYPE) values(221077, 4, 23077, '1003076', 'B0000802',1,'1076测试服务器','4',8,'0');
insert into V_VEHICLEINFO (ORG_CODE,VEHICLE_ID,ID_NUMBER,TYPE_ID,TERMINAL_ID,DELETE_FLAG,COLOR_ID_NUMBER_ID,AUTHORIZED_PAY_MASS) values ('B0000802','2201077', '测B03076', 4, 221077, 0, '2',15);

insert into T_SIMINFO (SIM_ID, ORG_CODE, DEPTCODE, STATE,PAY_MODLE, SIM_NUM) values(23078, 'B0000802', '中国移动', 1, '预付费', 13100003077);
insert into T_TERMINALINFO (TERMINAL_ID,TTYPE_ID,SIM_ID,TERMINAL_CODE,ORG_CODE,IS_VIDEO_TERMINAL,SP_SERVER_NAME,PROTOCOL_TYPE,CHANNELS,YT_PROTOCOL_TYPE) values(221078, 4, 23078, '1003077', 'B0000802',1,'1076测试服务器','4',8,'0');
insert into V_VEHICLEINFO (ORG_CODE,VEHICLE_ID,ID_NUMBER,TYPE_ID,TERMINAL_ID,DELETE_FLAG,COLOR_ID_NUMBER_ID,AUTHORIZED_PAY_MASS) values ('B0000802','2201078', '测B03077', 4, 221078, 0, '2',15);

insert into T_SIMINFO (SIM_ID, ORG_CODE, DEPTCODE, STATE,PAY_MODLE, SIM_NUM) values(23079, 'B0000802', '中国移动', 1, '预付费', 13100003078);
insert into T_TERMINALINFO (TERMINAL_ID,TTYPE_ID,SIM_ID,TERMINAL_CODE,ORG_CODE,IS_VIDEO_TERMINAL,SP_SERVER_NAME,PROTOCOL_TYPE,CHANNELS,YT_PROTOCOL_TYPE) values(221079, 4, 23079, '1003078', 'B0000802',1,'1076测试服务器','4',8,'0');
insert into V_VEHICLEINFO (ORG_CODE,VEHICLE_ID,ID_NUMBER,TYPE_ID,TERMINAL_ID,DELETE_FLAG,COLOR_ID_NUMBER_ID,AUTHORIZED_PAY_MASS) values ('B0000802','2201079', '测B03078', 4, 221079, 0, '2',15);

insert into T_SIMINFO (SIM_ID, ORG_CODE, DEPTCODE, STATE,PAY_MODLE, SIM_NUM) values(23080, 'B0000802', '中国移动', 1, '预付费', 13100003079);
insert into T_TERMINALINFO (TERMINAL_ID,TTYPE_ID,SIM_ID,TERMINAL_CODE,ORG_CODE,IS_VIDEO_TERMINAL,SP_SERVER_NAME,PROTOCOL_TYPE,CHANNELS,YT_PROTOCOL_TYPE) values(221080, 4, 23080, '1003079', 'B0000802',1,'1076测试服务器','4',8,'0');
insert into V_VEHICLEINFO (ORG_CODE,VEHICLE_ID,ID_NUMBER,TYPE_ID,TERMINAL_ID,DELETE_FLAG,COLOR_ID_NUMBER_ID,AUTHORIZED_PAY_MASS) values ('B0000802','2201080', '测B03079', 4, 221080, 0, '2',15);

insert into T_SIMINFO (SIM_ID, ORG_CODE, DEPTCODE, STATE,PAY_MODLE, SIM_NUM) values(23081, 'B0000802', '中国移动', 1, '预付费', 13100003080);
insert into T_TERMINALINFO (TERMINAL_ID,TTYPE_ID,SIM_ID,TERMINAL_CODE,ORG_CODE,IS_VIDEO_TERMINAL,SP_SERVER_NAME,PROTOCOL_TYPE,CHANNELS,YT_PROTOCOL_TYPE) values(221081, 4, 23081, '1003080', 'B0000802',1,'1076测试服务器','4',8,'0');
insert into V_VEHICLEINFO (ORG_CODE,VEHICLE_ID,ID_NUMBER,TYPE_ID,TERMINAL_ID,DELETE_FLAG,COLOR_ID_NUMBER_ID,AUTHORIZED_PAY_MASS) values ('B0000802','2201081', '测B03080', 4, 221081, 0, '2',15);

insert into T_SIMINFO (SIM_ID, ORG_CODE, DEPTCODE, STATE,PAY_MODLE, SIM_NUM) values(23082, 'B0000802', '中国移动', 1, '预付费', 13100003081);
insert into T_TERMINALINFO (TERMINAL_ID,TTYPE_ID,SIM_ID,TERMINAL_CODE,ORG_CODE,IS_VIDEO_TERMINAL,SP_SERVER_NAME,PROTOCOL_TYPE,CHANNELS,YT_PROTOCOL_TYPE) values(221082, 4, 23082, '1003081', 'B0000802',1,'1076测试服务器','4',8,'0');
insert into V_VEHICLEINFO (ORG_CODE,VEHICLE_ID,ID_NUMBER,TYPE_ID,TERMINAL_ID,DELETE_FLAG,COLOR_ID_NUMBER_ID,AUTHORIZED_PAY_MASS) values ('B0000802','2201082', '测B03081', 4, 221082, 0, '2',15);

insert into T_SIMINFO (SIM_ID, ORG_CODE, DEPTCODE, STATE,PAY_MODLE, SIM_NUM) values(23083, 'B0000802', '中国移动', 1, '预付费', 13100003082);
insert into T_TERMINALINFO (TERMINAL_ID,TTYPE_ID,SIM_ID,TERMINAL_CODE,ORG_CODE,IS_VIDEO_TERMINAL,SP_SERVER_NAME,PROTOCOL_TYPE,CHANNELS,YT_PROTOCOL_TYPE) values(221083, 4, 23083, '1003082', 'B0000802',1,'1076测试服务器','4',8,'0');
insert into V_VEHICLEINFO (ORG_CODE,VEHICLE_ID,ID_NUMBER,TYPE_ID,TERMINAL_ID,DELETE_FLAG,COLOR_ID_NUMBER_ID,AUTHORIZED_PAY_MASS) values ('B0000802','2201083', '测B03082', 4, 221083, 0, '2',15);

insert into T_SIMINFO (SIM_ID, ORG_CODE, DEPTCODE, STATE,PAY_MODLE, SIM_NUM) values(23084, 'B0000802', '中国移动', 1, '预付费', 13100003083);
insert into T_TERMINALINFO (TERMINAL_ID,TTYPE_ID,SIM_ID,TERMINAL_CODE,ORG_CODE,IS_VIDEO_TERMINAL,SP_SERVER_NAME,PROTOCOL_TYPE,CHANNELS,YT_PROTOCOL_TYPE) values(221084, 4, 23084, '1003083', 'B0000802',1,'1076测试服务器','4',8,'0');
insert into V_VEHICLEINFO (ORG_CODE,VEHICLE_ID,ID_NUMBER,TYPE_ID,TERMINAL_ID,DELETE_FLAG,COLOR_ID_NUMBER_ID,AUTHORIZED_PAY_MASS) values ('B0000802','2201084', '测B03083', 4, 221084, 0, '2',15);

insert into T_SIMINFO (SIM_ID, ORG_CODE, DEPTCODE, STATE,PAY_MODLE, SIM_NUM) values(23085, 'B0000802', '中国移动', 1, '预付费', 13100003084);
insert into T_TERMINALINFO (TERMINAL_ID,TTYPE_ID,SIM_ID,TERMINAL_CODE,ORG_CODE,IS_VIDEO_TERMINAL,SP_SERVER_NAME,PROTOCOL_TYPE,CHANNELS,YT_PROTOCOL_TYPE) values(221085, 4, 23085, '1003084', 'B0000802',1,'1076测试服务器','4',8,'0');
insert into V_VEHICLEINFO (ORG_CODE,VEHICLE_ID,ID_NUMBER,TYPE_ID,TERMINAL_ID,DELETE_FLAG,COLOR_ID_NUMBER_ID,AUTHORIZED_PAY_MASS) values ('B0000802','2201085', '测B03084', 4, 221085, 0, '2',15);

insert into T_SIMINFO (SIM_ID, ORG_CODE, DEPTCODE, STATE,PAY_MODLE, SIM_NUM) values(23086, 'B0000802', '中国移动', 1, '预付费', 13100003085);
insert into T_TERMINALINFO (TERMINAL_ID,TTYPE_ID,SIM_ID,TERMINAL_CODE,ORG_CODE,IS_VIDEO_TERMINAL,SP_SERVER_NAME,PROTOCOL_TYPE,CHANNELS,YT_PROTOCOL_TYPE) values(221086, 4, 23086, '1003085', 'B0000802',1,'1076测试服务器','4',8,'0');
insert into V_VEHICLEINFO (ORG_CODE,VEHICLE_ID,ID_NUMBER,TYPE_ID,TERMINAL_ID,DELETE_FLAG,COLOR_ID_NUMBER_ID,AUTHORIZED_PAY_MASS) values ('B0000802','2201086', '测B03085', 4, 221086, 0, '2',15);

insert into T_SIMINFO (SIM_ID, ORG_CODE, DEPTCODE, STATE,PAY_MODLE, SIM_NUM) values(23087, 'B0000802', '中国移动', 1, '预付费', 13100003086);
insert into T_TERMINALINFO (TERMINAL_ID,TTYPE_ID,SIM_ID,TERMINAL_CODE,ORG_CODE,IS_VIDEO_TERMINAL,SP_SERVER_NAME,PROTOCOL_TYPE,CHANNELS,YT_PROTOCOL_TYPE) values(221087, 4, 23087, '1003086', 'B0000802',1,'1076测试服务器','4',8,'0');
insert into V_VEHICLEINFO (ORG_CODE,VEHICLE_ID,ID_NUMBER,TYPE_ID,TERMINAL_ID,DELETE_FLAG,COLOR_ID_NUMBER_ID,AUTHORIZED_PAY_MASS) values ('B0000802','2201087', '测B03086', 4, 221087, 0, '2',15);

insert into T_SIMINFO (SIM_ID, ORG_CODE, DEPTCODE, STATE,PAY_MODLE, SIM_NUM) values(23088, 'B0000802', '中国移动', 1, '预付费', 13100003087);
insert into T_TERMINALINFO (TERMINAL_ID,TTYPE_ID,SIM_ID,TERMINAL_CODE,ORG_CODE,IS_VIDEO_TERMINAL,SP_SERVER_NAME,PROTOCOL_TYPE,CHANNELS,YT_PROTOCOL_TYPE) values(221088, 4, 23088, '1003087', 'B0000802',1,'1076测试服务器','4',8,'0');
insert into V_VEHICLEINFO (ORG_CODE,VEHICLE_ID,ID_NUMBER,TYPE_ID,TERMINAL_ID,DELETE_FLAG,COLOR_ID_NUMBER_ID,AUTHORIZED_PAY_MASS) values ('B0000802','2201088', '测B03087', 4, 221088, 0, '2',15);

insert into T_SIMINFO (SIM_ID, ORG_CODE, DEPTCODE, STATE,PAY_MODLE, SIM_NUM) values(23089, 'B0000802', '中国移动', 1, '预付费', 13100003088);
insert into T_TERMINALINFO (TERMINAL_ID,TTYPE_ID,SIM_ID,TERMINAL_CODE,ORG_CODE,IS_VIDEO_TERMINAL,SP_SERVER_NAME,PROTOCOL_TYPE,CHANNELS,YT_PROTOCOL_TYPE) values(221089, 4, 23089, '1003088', 'B0000802',1,'1076测试服务器','4',8,'0');
insert into V_VEHICLEINFO (ORG_CODE,VEHICLE_ID,ID_NUMBER,TYPE_ID,TERMINAL_ID,DELETE_FLAG,COLOR_ID_NUMBER_ID,AUTHORIZED_PAY_MASS) values ('B0000802','2201089', '测B03088', 4, 221089, 0, '2',15);

insert into T_SIMINFO (SIM_ID, ORG_CODE, DEPTCODE, STATE,PAY_MODLE, SIM_NUM) values(23090, 'B0000802', '中国移动', 1, '预付费', 13100003089);
insert into T_TERMINALINFO (TERMINAL_ID,TTYPE_ID,SIM_ID,TERMINAL_CODE,ORG_CODE,IS_VIDEO_TERMINAL,SP_SERVER_NAME,PROTOCOL_TYPE,CHANNELS,YT_PROTOCOL_TYPE) values(221090, 4, 23090, '1003089', 'B0000802',1,'1076测试服务器','4',8,'0');
insert into V_VEHICLEINFO (ORG_CODE,VEHICLE_ID,ID_NUMBER,TYPE_ID,TERMINAL_ID,DELETE_FLAG,COLOR_ID_NUMBER_ID,AUTHORIZED_PAY_MASS) values ('B0000802','2201090', '测B03089', 4, 221090, 0, '2',15);

insert into T_SIMINFO (SIM_ID, ORG_CODE, DEPTCODE, STATE,PAY_MODLE, SIM_NUM) values(23091, 'B0000802', '中国移动', 1, '预付费', 13100003090);
insert into T_TERMINALINFO (TERMINAL_ID,TTYPE_ID,SIM_ID,TERMINAL_CODE,ORG_CODE,IS_VIDEO_TERMINAL,SP_SERVER_NAME,PROTOCOL_TYPE,CHANNELS,YT_PROTOCOL_TYPE) values(221091, 4, 23091, '1003090', 'B0000802',1,'1076测试服务器','4',8,'0');
insert into V_VEHICLEINFO (ORG_CODE,VEHICLE_ID,ID_NUMBER,TYPE_ID,TERMINAL_ID,DELETE_FLAG,COLOR_ID_NUMBER_ID,AUTHORIZED_PAY_MASS) values ('B0000802','2201091', '测B03090', 4, 221091, 0, '2',15);

insert into T_SIMINFO (SIM_ID, ORG_CODE, DEPTCODE, STATE,PAY_MODLE, SIM_NUM) values(23092, 'B0000802', '中国移动', 1, '预付费', 13100003091);
insert into T_TERMINALINFO (TERMINAL_ID,TTYPE_ID,SIM_ID,TERMINAL_CODE,ORG_CODE,IS_VIDEO_TERMINAL,SP_SERVER_NAME,PROTOCOL_TYPE,CHANNELS,YT_PROTOCOL_TYPE) values(221092, 4, 23092, '1003091', 'B0000802',1,'1076测试服务器','4',8,'0');
insert into V_VEHICLEINFO (ORG_CODE,VEHICLE_ID,ID_NUMBER,TYPE_ID,TERMINAL_ID,DELETE_FLAG,COLOR_ID_NUMBER_ID,AUTHORIZED_PAY_MASS) values ('B0000802','2201092', '测B03091', 4, 221092, 0, '2',15);

insert into T_SIMINFO (SIM_ID, ORG_CODE, DEPTCODE, STATE,PAY_MODLE, SIM_NUM) values(23093, 'B0000802', '中国移动', 1, '预付费', 13100003092);
insert into T_TERMINALINFO (TERMINAL_ID,TTYPE_ID,SIM_ID,TERMINAL_CODE,ORG_CODE,IS_VIDEO_TERMINAL,SP_SERVER_NAME,PROTOCOL_TYPE,CHANNELS,YT_PROTOCOL_TYPE) values(221093, 4, 23093, '1003092', 'B0000802',1,'1076测试服务器','4',8,'0');
insert into V_VEHICLEINFO (ORG_CODE,VEHICLE_ID,ID_NUMBER,TYPE_ID,TERMINAL_ID,DELETE_FLAG,COLOR_ID_NUMBER_ID,AUTHORIZED_PAY_MASS) values ('B0000802','2201093', '测B03092', 4, 221093, 0, '2',15);

insert into T_SIMINFO (SIM_ID, ORG_CODE, DEPTCODE, STATE,PAY_MODLE, SIM_NUM) values(23094, 'B0000802', '中国移动', 1, '预付费', 13100003093);
insert into T_TERMINALINFO (TERMINAL_ID,TTYPE_ID,SIM_ID,TERMINAL_CODE,ORG_CODE,IS_VIDEO_TERMINAL,SP_SERVER_NAME,PROTOCOL_TYPE,CHANNELS,YT_PROTOCOL_TYPE) values(221094, 4, 23094, '1003093', 'B0000802',1,'1076测试服务器','4',8,'0');
insert into V_VEHICLEINFO (ORG_CODE,VEHICLE_ID,ID_NUMBER,TYPE_ID,TERMINAL_ID,DELETE_FLAG,COLOR_ID_NUMBER_ID,AUTHORIZED_PAY_MASS) values ('B0000802','2201094', '测B03093', 4, 221094, 0, '2',15);

insert into T_SIMINFO (SIM_ID, ORG_CODE, DEPTCODE, STATE,PAY_MODLE, SIM_NUM) values(23095, 'B0000802', '中国移动', 1, '预付费', 13100003094);
insert into T_TERMINALINFO (TERMINAL_ID,TTYPE_ID,SIM_ID,TERMINAL_CODE,ORG_CODE,IS_VIDEO_TERMINAL,SP_SERVER_NAME,PROTOCOL_TYPE,CHANNELS,YT_PROTOCOL_TYPE) values(221095, 4, 23095, '1003094', 'B0000802',1,'1076测试服务器','4',8,'0');
insert into V_VEHICLEINFO (ORG_CODE,VEHICLE_ID,ID_NUMBER,TYPE_ID,TERMINAL_ID,DELETE_FLAG,COLOR_ID_NUMBER_ID,AUTHORIZED_PAY_MASS) values ('B0000802','2201095', '测B03094', 4, 221095, 0, '2',15);

insert into T_SIMINFO (SIM_ID, ORG_CODE, DEPTCODE, STATE,PAY_MODLE, SIM_NUM) values(23096, 'B0000802', '中国移动', 1, '预付费', 13100003095);
insert into T_TERMINALINFO (TERMINAL_ID,TTYPE_ID,SIM_ID,TERMINAL_CODE,ORG_CODE,IS_VIDEO_TERMINAL,SP_SERVER_NAME,PROTOCOL_TYPE,CHANNELS,YT_PROTOCOL_TYPE) values(221096, 4, 23096, '1003095', 'B0000802',1,'1076测试服务器','4',8,'0');
insert into V_VEHICLEINFO (ORG_CODE,VEHICLE_ID,ID_NUMBER,TYPE_ID,TERMINAL_ID,DELETE_FLAG,COLOR_ID_NUMBER_ID,AUTHORIZED_PAY_MASS) values ('B0000802','2201096', '测B03095', 4, 221096, 0, '2',15);

insert into T_SIMINFO (SIM_ID, ORG_CODE, DEPTCODE, STATE,PAY_MODLE, SIM_NUM) values(23097, 'B0000802', '中国移动', 1, '预付费', 13100003096);
insert into T_TERMINALINFO (TERMINAL_ID,TTYPE_ID,SIM_ID,TERMINAL_CODE,ORG_CODE,IS_VIDEO_TERMINAL,SP_SERVER_NAME,PROTOCOL_TYPE,CHANNELS,YT_PROTOCOL_TYPE) values(221097, 4, 23097, '1003096', 'B0000802',1,'1076测试服务器','4',8,'0');
insert into V_VEHICLEINFO (ORG_CODE,VEHICLE_ID,ID_NUMBER,TYPE_ID,TERMINAL_ID,DELETE_FLAG,COLOR_ID_NUMBER_ID,AUTHORIZED_PAY_MASS) values ('B0000802','2201097', '测B03096', 4, 221097, 0, '2',15);

insert into T_SIMINFO (SIM_ID, ORG_CODE, DEPTCODE, STATE,PAY_MODLE, SIM_NUM) values(23098, 'B0000802', '中国移动', 1, '预付费', 13100003097);
insert into T_TERMINALINFO (TERMINAL_ID,TTYPE_ID,SIM_ID,TERMINAL_CODE,ORG_CODE,IS_VIDEO_TERMINAL,SP_SERVER_NAME,PROTOCOL_TYPE,CHANNELS,YT_PROTOCOL_TYPE) values(221098, 4, 23098, '1003097', 'B0000802',1,'1076测试服务器','4',8,'0');
insert into V_VEHICLEINFO (ORG_CODE,VEHICLE_ID,ID_NUMBER,TYPE_ID,TERMINAL_ID,DELETE_FLAG,COLOR_ID_NUMBER_ID,AUTHORIZED_PAY_MASS) values ('B0000802','2201098', '测B03097', 4, 221098, 0, '2',15);

insert into T_SIMINFO (SIM_ID, ORG_CODE, DEPTCODE, STATE,PAY_MODLE, SIM_NUM) values(23099, 'B0000802', '中国移动', 1, '预付费', 13100003098);
insert into T_TERMINALINFO (TERMINAL_ID,TTYPE_ID,SIM_ID,TERMINAL_CODE,ORG_CODE,IS_VIDEO_TERMINAL,SP_SERVER_NAME,PROTOCOL_TYPE,CHANNELS,YT_PROTOCOL_TYPE) values(221099, 4, 23099, '1003098', 'B0000802',1,'1076测试服务器','4',8,'0');
insert into V_VEHICLEINFO (ORG_CODE,VEHICLE_ID,ID_NUMBER,TYPE_ID,TERMINAL_ID,DELETE_FLAG,COLOR_ID_NUMBER_ID,AUTHORIZED_PAY_MASS) values ('B0000802','2201099', '测B03098', 4, 221099, 0, '2',15);

insert into T_SIMINFO (SIM_ID, ORG_CODE, DEPTCODE, STATE,PAY_MODLE, SIM_NUM) values(23100, 'B0000802', '中国移动', 1, '预付费', 13100003099);
insert into T_TERMINALINFO (TERMINAL_ID,TTYPE_ID,SIM_ID,TERMINAL_CODE,ORG_CODE,IS_VIDEO_TERMINAL,SP_SERVER_NAME,PROTOCOL_TYPE,CHANNELS,YT_PROTOCOL_TYPE) values(221100, 4, 23100, '1003099', 'B0000802',1,'1076测试服务器','4',8,'0');
insert into V_VEHICLEINFO (ORG_CODE,VEHICLE_ID,ID_NUMBER,TYPE_ID,TERMINAL_ID,DELETE_FLAG,COLOR_ID_NUMBER_ID,AUTHORIZED_PAY_MASS) values ('B0000802','2201100', '测B03099', 4, 221100, 0, '2',15);

insert into T_SIMINFO (SIM_ID, ORG_CODE, DEPTCODE, STATE,PAY_MODLE, SIM_NUM) values(23101, 'B0000802', '中国移动', 1, '预付费', 13100003100);
insert into T_TERMINALINFO (TERMINAL_ID,TTYPE_ID,SIM_ID,TERMINAL_CODE,ORG_CODE,IS_VIDEO_TERMINAL,SP_SERVER_NAME,PROTOCOL_TYPE,CHANNELS,YT_PROTOCOL_TYPE) values(221101, 4, 23101, '1003100', 'B0000802',1,'1076测试服务器','4',8,'0');
insert into V_VEHICLEINFO (ORG_CODE,VEHICLE_ID,ID_NUMBER,TYPE_ID,TERMINAL_ID,DELETE_FLAG,COLOR_ID_NUMBER_ID,AUTHORIZED_PAY_MASS) values ('B0000802','2201101', '测B03100', 4, 221101, 0, '2',15);

insert into T_SIMINFO (SIM_ID, ORG_CODE, DEPTCODE, STATE,PAY_MODLE, SIM_NUM) values(23102, 'B0000802', '中国移动', 1, '预付费', 13100003101);
insert into T_TERMINALINFO (TERMINAL_ID,TTYPE_ID,SIM_ID,TERMINAL_CODE,ORG_CODE,IS_VIDEO_TERMINAL,SP_SERVER_NAME,PROTOCOL_TYPE,CHANNELS,YT_PROTOCOL_TYPE) values(221102, 4, 23102, '1003101', 'B0000802',1,'1076测试服务器','4',8,'0');
insert into V_VEHICLEINFO (ORG_CODE,VEHICLE_ID,ID_NUMBER,TYPE_ID,TERMINAL_ID,DELETE_FLAG,COLOR_ID_NUMBER_ID,AUTHORIZED_PAY_MASS) values ('B0000802','2201102', '测B03101', 4, 221102, 0, '2',15);

insert into T_SIMINFO (SIM_ID, ORG_CODE, DEPTCODE, STATE,PAY_MODLE, SIM_NUM) values(23103, 'B0000802', '中国移动', 1, '预付费', 13100003102);
insert into T_TERMINALINFO (TERMINAL_ID,TTYPE_ID,SIM_ID,TERMINAL_CODE,ORG_CODE,IS_VIDEO_TERMINAL,SP_SERVER_NAME,PROTOCOL_TYPE,CHANNELS,YT_PROTOCOL_TYPE) values(221103, 4, 23103, '1003102', 'B0000802',1,'1076测试服务器','4',8,'0');
insert into V_VEHICLEINFO (ORG_CODE,VEHICLE_ID,ID_NUMBER,TYPE_ID,TERMINAL_ID,DELETE_FLAG,COLOR_ID_NUMBER_ID,AUTHORIZED_PAY_MASS) values ('B0000802','2201103', '测B03102', 4, 221103, 0, '2',15);

insert into T_SIMINFO (SIM_ID, ORG_CODE, DEPTCODE, STATE,PAY_MODLE, SIM_NUM) values(23104, 'B0000802', '中国移动', 1, '预付费', 13100003103);
insert into T_TERMINALINFO (TERMINAL_ID,TTYPE_ID,SIM_ID,TERMINAL_CODE,ORG_CODE,IS_VIDEO_TERMINAL,SP_SERVER_NAME,PROTOCOL_TYPE,CHANNELS,YT_PROTOCOL_TYPE) values(221104, 4, 23104, '1003103', 'B0000802',1,'1076测试服务器','4',8,'0');
insert into V_VEHICLEINFO (ORG_CODE,VEHICLE_ID,ID_NUMBER,TYPE_ID,TERMINAL_ID,DELETE_FLAG,COLOR_ID_NUMBER_ID,AUTHORIZED_PAY_MASS) values ('B0000802','2201104', '测B03103', 4, 221104, 0, '2',15);

insert into T_SIMINFO (SIM_ID, ORG_CODE, DEPTCODE, STATE,PAY_MODLE, SIM_NUM) values(23105, 'B0000802', '中国移动', 1, '预付费', 13100003104);
insert into T_TERMINALINFO (TERMINAL_ID,TTYPE_ID,SIM_ID,TERMINAL_CODE,ORG_CODE,IS_VIDEO_TERMINAL,SP_SERVER_NAME,PROTOCOL_TYPE,CHANNELS,YT_PROTOCOL_TYPE) values(221105, 4, 23105, '1003104', 'B0000802',1,'1076测试服务器','4',8,'0');
insert into V_VEHICLEINFO (ORG_CODE,VEHICLE_ID,ID_NUMBER,TYPE_ID,TERMINAL_ID,DELETE_FLAG,COLOR_ID_NUMBER_ID,AUTHORIZED_PAY_MASS) values ('B0000802','2201105', '测B03104', 4, 221105, 0, '2',15);

insert into T_SIMINFO (SIM_ID, ORG_CODE, DEPTCODE, STATE,PAY_MODLE, SIM_NUM) values(23106, 'B0000802', '中国移动', 1, '预付费', 13100003105);
insert into T_TERMINALINFO (TERMINAL_ID,TTYPE_ID,SIM_ID,TERMINAL_CODE,ORG_CODE,IS_VIDEO_TERMINAL,SP_SERVER_NAME,PROTOCOL_TYPE,CHANNELS,YT_PROTOCOL_TYPE) values(221106, 4, 23106, '1003105', 'B0000802',1,'1076测试服务器','4',8,'0');
insert into V_VEHICLEINFO (ORG_CODE,VEHICLE_ID,ID_NUMBER,TYPE_ID,TERMINAL_ID,DELETE_FLAG,COLOR_ID_NUMBER_ID,AUTHORIZED_PAY_MASS) values ('B0000802','2201106', '测B03105', 4, 221106, 0, '2',15);

insert into T_SIMINFO (SIM_ID, ORG_CODE, DEPTCODE, STATE,PAY_MODLE, SIM_NUM) values(23107, 'B0000802', '中国移动', 1, '预付费', 13100003106);
insert into T_TERMINALINFO (TERMINAL_ID,TTYPE_ID,SIM_ID,TERMINAL_CODE,ORG_CODE,IS_VIDEO_TERMINAL,SP_SERVER_NAME,PROTOCOL_TYPE,CHANNELS,YT_PROTOCOL_TYPE) values(221107, 4, 23107, '1003106', 'B0000802',1,'1076测试服务器','4',8,'0');
insert into V_VEHICLEINFO (ORG_CODE,VEHICLE_ID,ID_NUMBER,TYPE_ID,TERMINAL_ID,DELETE_FLAG,COLOR_ID_NUMBER_ID,AUTHORIZED_PAY_MASS) values ('B0000802','2201107', '测B03106', 4, 221107, 0, '2',15);

insert into T_SIMINFO (SIM_ID, ORG_CODE, DEPTCODE, STATE,PAY_MODLE, SIM_NUM) values(23108, 'B0000802', '中国移动', 1, '预付费', 13100003107);
insert into T_TERMINALINFO (TERMINAL_ID,TTYPE_ID,SIM_ID,TERMINAL_CODE,ORG_CODE,IS_VIDEO_TERMINAL,SP_SERVER_NAME,PROTOCOL_TYPE,CHANNELS,YT_PROTOCOL_TYPE) values(221108, 4, 23108, '1003107', 'B0000802',1,'1076测试服务器','4',8,'0');
insert into V_VEHICLEINFO (ORG_CODE,VEHICLE_ID,ID_NUMBER,TYPE_ID,TERMINAL_ID,DELETE_FLAG,COLOR_ID_NUMBER_ID,AUTHORIZED_PAY_MASS) values ('B0000802','2201108', '测B03107', 4, 221108, 0, '2',15);

insert into T_SIMINFO (SIM_ID, ORG_CODE, DEPTCODE, STATE,PAY_MODLE, SIM_NUM) values(23109, 'B0000802', '中国移动', 1, '预付费', 13100003108);
insert into T_TERMINALINFO (TERMINAL_ID,TTYPE_ID,SIM_ID,TERMINAL_CODE,ORG_CODE,IS_VIDEO_TERMINAL,SP_SERVER_NAME,PROTOCOL_TYPE,CHANNELS,YT_PROTOCOL_TYPE) values(221109, 4, 23109, '1003108', 'B0000802',1,'1076测试服务器','4',8,'0');
insert into V_VEHICLEINFO (ORG_CODE,VEHICLE_ID,ID_NUMBER,TYPE_ID,TERMINAL_ID,DELETE_FLAG,COLOR_ID_NUMBER_ID,AUTHORIZED_PAY_MASS) values ('B0000802','2201109', '测B03108', 4, 221109, 0, '2',15);

insert into T_SIMINFO (SIM_ID, ORG_CODE, DEPTCODE, STATE,PAY_MODLE, SIM_NUM) values(23110, 'B0000802', '中国移动', 1, '预付费', 13100003109);
insert into T_TERMINALINFO (TERMINAL_ID,TTYPE_ID,SIM_ID,TERMINAL_CODE,ORG_CODE,IS_VIDEO_TERMINAL,SP_SERVER_NAME,PROTOCOL_TYPE,CHANNELS,YT_PROTOCOL_TYPE) values(221110, 4, 23110, '1003109', 'B0000802',1,'1076测试服务器','4',8,'0');
insert into V_VEHICLEINFO (ORG_CODE,VEHICLE_ID,ID_NUMBER,TYPE_ID,TERMINAL_ID,DELETE_FLAG,COLOR_ID_NUMBER_ID,AUTHORIZED_PAY_MASS) values ('B0000802','2201110', '测B03109', 4, 221110, 0, '2',15);

insert into T_SIMINFO (SIM_ID, ORG_CODE, DEPTCODE, STATE,PAY_MODLE, SIM_NUM) values(23111, 'B0000802', '中国移动', 1, '预付费', 13100003110);
insert into T_TERMINALINFO (TERMINAL_ID,TTYPE_ID,SIM_ID,TERMINAL_CODE,ORG_CODE,IS_VIDEO_TERMINAL,SP_SERVER_NAME,PROTOCOL_TYPE,CHANNELS,YT_PROTOCOL_TYPE) values(221111, 4, 23111, '1003110', 'B0000802',1,'1076测试服务器','4',8,'0');
insert into V_VEHICLEINFO (ORG_CODE,VEHICLE_ID,ID_NUMBER,TYPE_ID,TERMINAL_ID,DELETE_FLAG,COLOR_ID_NUMBER_ID,AUTHORIZED_PAY_MASS) values ('B0000802','2201111', '测B03110', 4, 221111, 0, '2',15);

insert into T_SIMINFO (SIM_ID, ORG_CODE, DEPTCODE, STATE,PAY_MODLE, SIM_NUM) values(23112, 'B0000802', '中国移动', 1, '预付费', 13100003111);
insert into T_TERMINALINFO (TERMINAL_ID,TTYPE_ID,SIM_ID,TERMINAL_CODE,ORG_CODE,IS_VIDEO_TERMINAL,SP_SERVER_NAME,PROTOCOL_TYPE,CHANNELS,YT_PROTOCOL_TYPE) values(221112, 4, 23112, '1003111', 'B0000802',1,'1076测试服务器','4',8,'0');
insert into V_VEHICLEINFO (ORG_CODE,VEHICLE_ID,ID_NUMBER,TYPE_ID,TERMINAL_ID,DELETE_FLAG,COLOR_ID_NUMBER_ID,AUTHORIZED_PAY_MASS) values ('B0000802','2201112', '测B03111', 4, 221112, 0, '2',15);

insert into T_SIMINFO (SIM_ID, ORG_CODE, DEPTCODE, STATE,PAY_MODLE, SIM_NUM) values(23113, 'B0000802', '中国移动', 1, '预付费', 13100003112);
insert into T_TERMINALINFO (TERMINAL_ID,TTYPE_ID,SIM_ID,TERMINAL_CODE,ORG_CODE,IS_VIDEO_TERMINAL,SP_SERVER_NAME,PROTOCOL_TYPE,CHANNELS,YT_PROTOCOL_TYPE) values(221113, 4, 23113, '1003112', 'B0000802',1,'1076测试服务器','4',8,'0');
insert into V_VEHICLEINFO (ORG_CODE,VEHICLE_ID,ID_NUMBER,TYPE_ID,TERMINAL_ID,DELETE_FLAG,COLOR_ID_NUMBER_ID,AUTHORIZED_PAY_MASS) values ('B0000802','2201113', '测B03112', 4, 221113, 0, '2',15);

insert into T_SIMINFO (SIM_ID, ORG_CODE, DEPTCODE, STATE,PAY_MODLE, SIM_NUM) values(23114, 'B0000802', '中国移动', 1, '预付费', 13100003113);
insert into T_TERMINALINFO (TERMINAL_ID,TTYPE_ID,SIM_ID,TERMINAL_CODE,ORG_CODE,IS_VIDEO_TERMINAL,SP_SERVER_NAME,PROTOCOL_TYPE,CHANNELS,YT_PROTOCOL_TYPE) values(221114, 4, 23114, '1003113', 'B0000802',1,'1076测试服务器','4',8,'0');
insert into V_VEHICLEINFO (ORG_CODE,VEHICLE_ID,ID_NUMBER,TYPE_ID,TERMINAL_ID,DELETE_FLAG,COLOR_ID_NUMBER_ID,AUTHORIZED_PAY_MASS) values ('B0000802','2201114', '测B03113', 4, 221114, 0, '2',15);

insert into T_SIMINFO (SIM_ID, ORG_CODE, DEPTCODE, STATE,PAY_MODLE, SIM_NUM) values(23115, 'B0000802', '中国移动', 1, '预付费', 13100003114);
insert into T_TERMINALINFO (TERMINAL_ID,TTYPE_ID,SIM_ID,TERMINAL_CODE,ORG_CODE,IS_VIDEO_TERMINAL,SP_SERVER_NAME,PROTOCOL_TYPE,CHANNELS,YT_PROTOCOL_TYPE) values(221115, 4, 23115, '1003114', 'B0000802',1,'1076测试服务器','4',8,'0');
insert into V_VEHICLEINFO (ORG_CODE,VEHICLE_ID,ID_NUMBER,TYPE_ID,TERMINAL_ID,DELETE_FLAG,COLOR_ID_NUMBER_ID,AUTHORIZED_PAY_MASS) values ('B0000802','2201115', '测B03114', 4, 221115, 0, '2',15);

insert into T_SIMINFO (SIM_ID, ORG_CODE, DEPTCODE, STATE,PAY_MODLE, SIM_NUM) values(23116, 'B0000802', '中国移动', 1, '预付费', 13100003115);
insert into T_TERMINALINFO (TERMINAL_ID,TTYPE_ID,SIM_ID,TERMINAL_CODE,ORG_CODE,IS_VIDEO_TERMINAL,SP_SERVER_NAME,PROTOCOL_TYPE,CHANNELS,YT_PROTOCOL_TYPE) values(221116, 4, 23116, '1003115', 'B0000802',1,'1076测试服务器','4',8,'0');
insert into V_VEHICLEINFO (ORG_CODE,VEHICLE_ID,ID_NUMBER,TYPE_ID,TERMINAL_ID,DELETE_FLAG,COLOR_ID_NUMBER_ID,AUTHORIZED_PAY_MASS) values ('B0000802','2201116', '测B03115', 4, 221116, 0, '2',15);

insert into T_SIMINFO (SIM_ID, ORG_CODE, DEPTCODE, STATE,PAY_MODLE, SIM_NUM) values(23117, 'B0000802', '中国移动', 1, '预付费', 13100003116);
insert into T_TERMINALINFO (TERMINAL_ID,TTYPE_ID,SIM_ID,TERMINAL_CODE,ORG_CODE,IS_VIDEO_TERMINAL,SP_SERVER_NAME,PROTOCOL_TYPE,CHANNELS,YT_PROTOCOL_TYPE) values(221117, 4, 23117, '1003116', 'B0000802',1,'1076测试服务器','4',8,'0');
insert into V_VEHICLEINFO (ORG_CODE,VEHICLE_ID,ID_NUMBER,TYPE_ID,TERMINAL_ID,DELETE_FLAG,COLOR_ID_NUMBER_ID,AUTHORIZED_PAY_MASS) values ('B0000802','2201117', '测B03116', 4, 221117, 0, '2',15);

insert into T_SIMINFO (SIM_ID, ORG_CODE, DEPTCODE, STATE,PAY_MODLE, SIM_NUM) values(23118, 'B0000802', '中国移动', 1, '预付费', 13100003117);
insert into T_TERMINALINFO (TERMINAL_ID,TTYPE_ID,SIM_ID,TERMINAL_CODE,ORG_CODE,IS_VIDEO_TERMINAL,SP_SERVER_NAME,PROTOCOL_TYPE,CHANNELS,YT_PROTOCOL_TYPE) values(221118, 4, 23118, '1003117', 'B0000802',1,'1076测试服务器','4',8,'0');
insert into V_VEHICLEINFO (ORG_CODE,VEHICLE_ID,ID_NUMBER,TYPE_ID,TERMINAL_ID,DELETE_FLAG,COLOR_ID_NUMBER_ID,AUTHORIZED_PAY_MASS) values ('B0000802','2201118', '测B03117', 4, 221118, 0, '2',15);

insert into T_SIMINFO (SIM_ID, ORG_CODE, DEPTCODE, STATE,PAY_MODLE, SIM_NUM) values(23119, 'B0000802', '中国移动', 1, '预付费', 13100003118);
insert into T_TERMINALINFO (TERMINAL_ID,TTYPE_ID,SIM_ID,TERMINAL_CODE,ORG_CODE,IS_VIDEO_TERMINAL,SP_SERVER_NAME,PROTOCOL_TYPE,CHANNELS,YT_PROTOCOL_TYPE) values(221119, 4, 23119, '1003118', 'B0000802',1,'1076测试服务器','4',8,'0');
insert into V_VEHICLEINFO (ORG_CODE,VEHICLE_ID,ID_NUMBER,TYPE_ID,TERMINAL_ID,DELETE_FLAG,COLOR_ID_NUMBER_ID,AUTHORIZED_PAY_MASS) values ('B0000802','2201119', '测B03118', 4, 221119, 0, '2',15);

insert into T_SIMINFO (SIM_ID, ORG_CODE, DEPTCODE, STATE,PAY_MODLE, SIM_NUM) values(23120, 'B0000802', '中国移动', 1, '预付费', 13100003119);
insert into T_TERMINALINFO (TERMINAL_ID,TTYPE_ID,SIM_ID,TERMINAL_CODE,ORG_CODE,IS_VIDEO_TERMINAL,SP_SERVER_NAME,PROTOCOL_TYPE,CHANNELS,YT_PROTOCOL_TYPE) values(221120, 4, 23120, '1003119', 'B0000802',1,'1076测试服务器','4',8,'0');
insert into V_VEHICLEINFO (ORG_CODE,VEHICLE_ID,ID_NUMBER,TYPE_ID,TERMINAL_ID,DELETE_FLAG,COLOR_ID_NUMBER_ID,AUTHORIZED_PAY_MASS) values ('B0000802','2201120', '测B03119', 4, 221120, 0, '2',15);

insert into T_SIMINFO (SIM_ID, ORG_CODE, DEPTCODE, STATE,PAY_MODLE, SIM_NUM) values(23121, 'B0000802', '中国移动', 1, '预付费', 13100003120);
insert into T_TERMINALINFO (TERMINAL_ID,TTYPE_ID,SIM_ID,TERMINAL_CODE,ORG_CODE,IS_VIDEO_TERMINAL,SP_SERVER_NAME,PROTOCOL_TYPE,CHANNELS,YT_PROTOCOL_TYPE) values(221121, 4, 23121, '1003120', 'B0000802',1,'1076测试服务器','4',8,'0');
insert into V_VEHICLEINFO (ORG_CODE,VEHICLE_ID,ID_NUMBER,TYPE_ID,TERMINAL_ID,DELETE_FLAG,COLOR_ID_NUMBER_ID,AUTHORIZED_PAY_MASS) values ('B0000802','2201121', '测B03120', 4, 221121, 0, '2',15);

insert into T_SIMINFO (SIM_ID, ORG_CODE, DEPTCODE, STATE,PAY_MODLE, SIM_NUM) values(23122, 'B0000802', '中国移动', 1, '预付费', 13100003121);
insert into T_TERMINALINFO (TERMINAL_ID,TTYPE_ID,SIM_ID,TERMINAL_CODE,ORG_CODE,IS_VIDEO_TERMINAL,SP_SERVER_NAME,PROTOCOL_TYPE,CHANNELS,YT_PROTOCOL_TYPE) values(221122, 4, 23122, '1003121', 'B0000802',1,'1076测试服务器','4',8,'0');
insert into V_VEHICLEINFO (ORG_CODE,VEHICLE_ID,ID_NUMBER,TYPE_ID,TERMINAL_ID,DELETE_FLAG,COLOR_ID_NUMBER_ID,AUTHORIZED_PAY_MASS) values ('B0000802','2201122', '测B03121', 4, 221122, 0, '2',15);

insert into T_SIMINFO (SIM_ID, ORG_CODE, DEPTCODE, STATE,PAY_MODLE, SIM_NUM) values(23123, 'B0000802', '中国移动', 1, '预付费', 13100003122);
insert into T_TERMINALINFO (TERMINAL_ID,TTYPE_ID,SIM_ID,TERMINAL_CODE,ORG_CODE,IS_VIDEO_TERMINAL,SP_SERVER_NAME,PROTOCOL_TYPE,CHANNELS,YT_PROTOCOL_TYPE) values(221123, 4, 23123, '1003122', 'B0000802',1,'1076测试服务器','4',8,'0');
insert into V_VEHICLEINFO (ORG_CODE,VEHICLE_ID,ID_NUMBER,TYPE_ID,TERMINAL_ID,DELETE_FLAG,COLOR_ID_NUMBER_ID,AUTHORIZED_PAY_MASS) values ('B0000802','2201123', '测B03122', 4, 221123, 0, '2',15);

insert into T_SIMINFO (SIM_ID, ORG_CODE, DEPTCODE, STATE,PAY_MODLE, SIM_NUM) values(23124, 'B0000802', '中国移动', 1, '预付费', 13100003123);
insert into T_TERMINALINFO (TERMINAL_ID,TTYPE_ID,SIM_ID,TERMINAL_CODE,ORG_CODE,IS_VIDEO_TERMINAL,SP_SERVER_NAME,PROTOCOL_TYPE,CHANNELS,YT_PROTOCOL_TYPE) values(221124, 4, 23124, '1003123', 'B0000802',1,'1076测试服务器','4',8,'0');
insert into V_VEHICLEINFO (ORG_CODE,VEHICLE_ID,ID_NUMBER,TYPE_ID,TERMINAL_ID,DELETE_FLAG,COLOR_ID_NUMBER_ID,AUTHORIZED_PAY_MASS) values ('B0000802','2201124', '测B03123', 4, 221124, 0, '2',15);

insert into T_SIMINFO (SIM_ID, ORG_CODE, DEPTCODE, STATE,PAY_MODLE, SIM_NUM) values(23125, 'B0000802', '中国移动', 1, '预付费', 13100003124);
insert into T_TERMINALINFO (TERMINAL_ID,TTYPE_ID,SIM_ID,TERMINAL_CODE,ORG_CODE,IS_VIDEO_TERMINAL,SP_SERVER_NAME,PROTOCOL_TYPE,CHANNELS,YT_PROTOCOL_TYPE) values(221125, 4, 23125, '1003124', 'B0000802',1,'1076测试服务器','4',8,'0');
insert into V_VEHICLEINFO (ORG_CODE,VEHICLE_ID,ID_NUMBER,TYPE_ID,TERMINAL_ID,DELETE_FLAG,COLOR_ID_NUMBER_ID,AUTHORIZED_PAY_MASS) values ('B0000802','2201125', '测B03124', 4, 221125, 0, '2',15);

insert into T_SIMINFO (SIM_ID, ORG_CODE, DEPTCODE, STATE,PAY_MODLE, SIM_NUM) values(23126, 'B0000802', '中国移动', 1, '预付费', 13100003125);
insert into T_TERMINALINFO (TERMINAL_ID,TTYPE_ID,SIM_ID,TERMINAL_CODE,ORG_CODE,IS_VIDEO_TERMINAL,SP_SERVER_NAME,PROTOCOL_TYPE,CHANNELS,YT_PROTOCOL_TYPE) values(221126, 4, 23126, '1003125', 'B0000802',1,'1076测试服务器','4',8,'0');
insert into V_VEHICLEINFO (ORG_CODE,VEHICLE_ID,ID_NUMBER,TYPE_ID,TERMINAL_ID,DELETE_FLAG,COLOR_ID_NUMBER_ID,AUTHORIZED_PAY_MASS) values ('B0000802','2201126', '测B03125', 4, 221126, 0, '2',15);

insert into T_SIMINFO (SIM_ID, ORG_CODE, DEPTCODE, STATE,PAY_MODLE, SIM_NUM) values(23127, 'B0000802', '中国移动', 1, '预付费', 13100003126);
insert into T_TERMINALINFO (TERMINAL_ID,TTYPE_ID,SIM_ID,TERMINAL_CODE,ORG_CODE,IS_VIDEO_TERMINAL,SP_SERVER_NAME,PROTOCOL_TYPE,CHANNELS,YT_PROTOCOL_TYPE) values(221127, 4, 23127, '1003126', 'B0000802',1,'1076测试服务器','4',8,'0');
insert into V_VEHICLEINFO (ORG_CODE,VEHICLE_ID,ID_NUMBER,TYPE_ID,TERMINAL_ID,DELETE_FLAG,COLOR_ID_NUMBER_ID,AUTHORIZED_PAY_MASS) values ('B0000802','2201127', '测B03126', 4, 221127, 0, '2',15);

insert into T_SIMINFO (SIM_ID, ORG_CODE, DEPTCODE, STATE,PAY_MODLE, SIM_NUM) values(23128, 'B0000802', '中国移动', 1, '预付费', 13100003127);
insert into T_TERMINALINFO (TERMINAL_ID,TTYPE_ID,SIM_ID,TERMINAL_CODE,ORG_CODE,IS_VIDEO_TERMINAL,SP_SERVER_NAME,PROTOCOL_TYPE,CHANNELS,YT_PROTOCOL_TYPE) values(221128, 4, 23128, '1003127', 'B0000802',1,'1076测试服务器','4',8,'0');
insert into V_VEHICLEINFO (ORG_CODE,VEHICLE_ID,ID_NUMBER,TYPE_ID,TERMINAL_ID,DELETE_FLAG,COLOR_ID_NUMBER_ID,AUTHORIZED_PAY_MASS) values ('B0000802','2201128', '测B03127', 4, 221128, 0, '2',15);

insert into T_SIMINFO (SIM_ID, ORG_CODE, DEPTCODE, STATE,PAY_MODLE, SIM_NUM) values(23129, 'B0000802', '中国移动', 1, '预付费', 13100003128);
insert into T_TERMINALINFO (TERMINAL_ID,TTYPE_ID,SIM_ID,TERMINAL_CODE,ORG_CODE,IS_VIDEO_TERMINAL,SP_SERVER_NAME,PROTOCOL_TYPE,CHANNELS,YT_PROTOCOL_TYPE) values(221129, 4, 23129, '1003128', 'B0000802',1,'1076测试服务器','4',8,'0');
insert into V_VEHICLEINFO (ORG_CODE,VEHICLE_ID,ID_NUMBER,TYPE_ID,TERMINAL_ID,DELETE_FLAG,COLOR_ID_NUMBER_ID,AUTHORIZED_PAY_MASS) values ('B0000802','2201129', '测B03128', 4, 221129, 0, '2',15);

insert into T_SIMINFO (SIM_ID, ORG_CODE, DEPTCODE, STATE,PAY_MODLE, SIM_NUM) values(23130, 'B0000802', '中国移动', 1, '预付费', 13100003129);
insert into T_TERMINALINFO (TERMINAL_ID,TTYPE_ID,SIM_ID,TERMINAL_CODE,ORG_CODE,IS_VIDEO_TERMINAL,SP_SERVER_NAME,PROTOCOL_TYPE,CHANNELS,YT_PROTOCOL_TYPE) values(221130, 4, 23130, '1003129', 'B0000802',1,'1076测试服务器','4',8,'0');
insert into V_VEHICLEINFO (ORG_CODE,VEHICLE_ID,ID_NUMBER,TYPE_ID,TERMINAL_ID,DELETE_FLAG,COLOR_ID_NUMBER_ID,AUTHORIZED_PAY_MASS) values ('B0000802','2201130', '测B03129', 4, 221130, 0, '2',15);

insert into T_SIMINFO (SIM_ID, ORG_CODE, DEPTCODE, STATE,PAY_MODLE, SIM_NUM) values(23131, 'B0000802', '中国移动', 1, '预付费', 13100003130);
insert into T_TERMINALINFO (TERMINAL_ID,TTYPE_ID,SIM_ID,TERMINAL_CODE,ORG_CODE,IS_VIDEO_TERMINAL,SP_SERVER_NAME,PROTOCOL_TYPE,CHANNELS,YT_PROTOCOL_TYPE) values(221131, 4, 23131, '1003130', 'B0000802',1,'1076测试服务器','4',8,'0');
insert into V_VEHICLEINFO (ORG_CODE,VEHICLE_ID,ID_NUMBER,TYPE_ID,TERMINAL_ID,DELETE_FLAG,COLOR_ID_NUMBER_ID,AUTHORIZED_PAY_MASS) values ('B0000802','2201131', '测B03130', 4, 221131, 0, '2',15);

insert into T_SIMINFO (SIM_ID, ORG_CODE, DEPTCODE, STATE,PAY_MODLE, SIM_NUM) values(23132, 'B0000802', '中国移动', 1, '预付费', 13100003131);
insert into T_TERMINALINFO (TERMINAL_ID,TTYPE_ID,SIM_ID,TERMINAL_CODE,ORG_CODE,IS_VIDEO_TERMINAL,SP_SERVER_NAME,PROTOCOL_TYPE,CHANNELS,YT_PROTOCOL_TYPE) values(221132, 4, 23132, '1003131', 'B0000802',1,'1076测试服务器','4',8,'0');
insert into V_VEHICLEINFO (ORG_CODE,VEHICLE_ID,ID_NUMBER,TYPE_ID,TERMINAL_ID,DELETE_FLAG,COLOR_ID_NUMBER_ID,AUTHORIZED_PAY_MASS) values ('B0000802','2201132', '测B03131', 4, 221132, 0, '2',15);

insert into T_SIMINFO (SIM_ID, ORG_CODE, DEPTCODE, STATE,PAY_MODLE, SIM_NUM) values(23133, 'B0000802', '中国移动', 1, '预付费', 13100003132);
insert into T_TERMINALINFO (TERMINAL_ID,TTYPE_ID,SIM_ID,TERMINAL_CODE,ORG_CODE,IS_VIDEO_TERMINAL,SP_SERVER_NAME,PROTOCOL_TYPE,CHANNELS,YT_PROTOCOL_TYPE) values(221133, 4, 23133, '1003132', 'B0000802',1,'1076测试服务器','4',8,'0');
insert into V_VEHICLEINFO (ORG_CODE,VEHICLE_ID,ID_NUMBER,TYPE_ID,TERMINAL_ID,DELETE_FLAG,COLOR_ID_NUMBER_ID,AUTHORIZED_PAY_MASS) values ('B0000802','2201133', '测B03132', 4, 221133, 0, '2',15);

insert into T_SIMINFO (SIM_ID, ORG_CODE, DEPTCODE, STATE,PAY_MODLE, SIM_NUM) values(23134, 'B0000802', '中国移动', 1, '预付费', 13100003133);
insert into T_TERMINALINFO (TERMINAL_ID,TTYPE_ID,SIM_ID,TERMINAL_CODE,ORG_CODE,IS_VIDEO_TERMINAL,SP_SERVER_NAME,PROTOCOL_TYPE,CHANNELS,YT_PROTOCOL_TYPE) values(221134, 4, 23134, '1003133', 'B0000802',1,'1076测试服务器','4',8,'0');
insert into V_VEHICLEINFO (ORG_CODE,VEHICLE_ID,ID_NUMBER,TYPE_ID,TERMINAL_ID,DELETE_FLAG,COLOR_ID_NUMBER_ID,AUTHORIZED_PAY_MASS) values ('B0000802','2201134', '测B03133', 4, 221134, 0, '2',15);

insert into T_SIMINFO (SIM_ID, ORG_CODE, DEPTCODE, STATE,PAY_MODLE, SIM_NUM) values(23135, 'B0000802', '中国移动', 1, '预付费', 13100003134);
insert into T_TERMINALINFO (TERMINAL_ID,TTYPE_ID,SIM_ID,TERMINAL_CODE,ORG_CODE,IS_VIDEO_TERMINAL,SP_SERVER_NAME,PROTOCOL_TYPE,CHANNELS,YT_PROTOCOL_TYPE) values(221135, 4, 23135, '1003134', 'B0000802',1,'1076测试服务器','4',8,'0');
insert into V_VEHICLEINFO (ORG_CODE,VEHICLE_ID,ID_NUMBER,TYPE_ID,TERMINAL_ID,DELETE_FLAG,COLOR_ID_NUMBER_ID,AUTHORIZED_PAY_MASS) values ('B0000802','2201135', '测B03134', 4, 221135, 0, '2',15);

insert into T_SIMINFO (SIM_ID, ORG_CODE, DEPTCODE, STATE,PAY_MODLE, SIM_NUM) values(23136, 'B0000802', '中国移动', 1, '预付费', 13100003135);
insert into T_TERMINALINFO (TERMINAL_ID,TTYPE_ID,SIM_ID,TERMINAL_CODE,ORG_CODE,IS_VIDEO_TERMINAL,SP_SERVER_NAME,PROTOCOL_TYPE,CHANNELS,YT_PROTOCOL_TYPE) values(221136, 4, 23136, '1003135', 'B0000802',1,'1076测试服务器','4',8,'0');
insert into V_VEHICLEINFO (ORG_CODE,VEHICLE_ID,ID_NUMBER,TYPE_ID,TERMINAL_ID,DELETE_FLAG,COLOR_ID_NUMBER_ID,AUTHORIZED_PAY_MASS) values ('B0000802','2201136', '测B03135', 4, 221136, 0, '2',15);

insert into T_SIMINFO (SIM_ID, ORG_CODE, DEPTCODE, STATE,PAY_MODLE, SIM_NUM) values(23137, 'B0000802', '中国移动', 1, '预付费', 13100003136);
insert into T_TERMINALINFO (TERMINAL_ID,TTYPE_ID,SIM_ID,TERMINAL_CODE,ORG_CODE,IS_VIDEO_TERMINAL,SP_SERVER_NAME,PROTOCOL_TYPE,CHANNELS,YT_PROTOCOL_TYPE) values(221137, 4, 23137, '1003136', 'B0000802',1,'1076测试服务器','4',8,'0');
insert into V_VEHICLEINFO (ORG_CODE,VEHICLE_ID,ID_NUMBER,TYPE_ID,TERMINAL_ID,DELETE_FLAG,COLOR_ID_NUMBER_ID,AUTHORIZED_PAY_MASS) values ('B0000802','2201137', '测B03136', 4, 221137, 0, '2',15);

insert into T_SIMINFO (SIM_ID, ORG_CODE, DEPTCODE, STATE,PAY_MODLE, SIM_NUM) values(23138, 'B0000802', '中国移动', 1, '预付费', 13100003137);
insert into T_TERMINALINFO (TERMINAL_ID,TTYPE_ID,SIM_ID,TERMINAL_CODE,ORG_CODE,IS_VIDEO_TERMINAL,SP_SERVER_NAME,PROTOCOL_TYPE,CHANNELS,YT_PROTOCOL_TYPE) values(221138, 4, 23138, '1003137', 'B0000802',1,'1076测试服务器','4',8,'0');
insert into V_VEHICLEINFO (ORG_CODE,VEHICLE_ID,ID_NUMBER,TYPE_ID,TERMINAL_ID,DELETE_FLAG,COLOR_ID_NUMBER_ID,AUTHORIZED_PAY_MASS) values ('B0000802','2201138', '测B03137', 4, 221138, 0, '2',15);

insert into T_SIMINFO (SIM_ID, ORG_CODE, DEPTCODE, STATE,PAY_MODLE, SIM_NUM) values(23139, 'B0000802', '中国移动', 1, '预付费', 13100003138);
insert into T_TERMINALINFO (TERMINAL_ID,TTYPE_ID,SIM_ID,TERMINAL_CODE,ORG_CODE,IS_VIDEO_TERMINAL,SP_SERVER_NAME,PROTOCOL_TYPE,CHANNELS,YT_PROTOCOL_TYPE) values(221139, 4, 23139, '1003138', 'B0000802',1,'1076测试服务器','4',8,'0');
insert into V_VEHICLEINFO (ORG_CODE,VEHICLE_ID,ID_NUMBER,TYPE_ID,TERMINAL_ID,DELETE_FLAG,COLOR_ID_NUMBER_ID,AUTHORIZED_PAY_MASS) values ('B0000802','2201139', '测B03138', 4, 221139, 0, '2',15);

insert into T_SIMINFO (SIM_ID, ORG_CODE, DEPTCODE, STATE,PAY_MODLE, SIM_NUM) values(23140, 'B0000802', '中国移动', 1, '预付费', 13100003139);
insert into T_TERMINALINFO (TERMINAL_ID,TTYPE_ID,SIM_ID,TERMINAL_CODE,ORG_CODE,IS_VIDEO_TERMINAL,SP_SERVER_NAME,PROTOCOL_TYPE,CHANNELS,YT_PROTOCOL_TYPE) values(221140, 4, 23140, '1003139', 'B0000802',1,'1076测试服务器','4',8,'0');
insert into V_VEHICLEINFO (ORG_CODE,VEHICLE_ID,ID_NUMBER,TYPE_ID,TERMINAL_ID,DELETE_FLAG,COLOR_ID_NUMBER_ID,AUTHORIZED_PAY_MASS) values ('B0000802','2201140', '测B03139', 4, 221140, 0, '2',15);

insert into T_SIMINFO (SIM_ID, ORG_CODE, DEPTCODE, STATE,PAY_MODLE, SIM_NUM) values(23141, 'B0000802', '中国移动', 1, '预付费', 13100003140);
insert into T_TERMINALINFO (TERMINAL_ID,TTYPE_ID,SIM_ID,TERMINAL_CODE,ORG_CODE,IS_VIDEO_TERMINAL,SP_SERVER_NAME,PROTOCOL_TYPE,CHANNELS,YT_PROTOCOL_TYPE) values(221141, 4, 23141, '1003140', 'B0000802',1,'1076测试服务器','4',8,'0');
insert into V_VEHICLEINFO (ORG_CODE,VEHICLE_ID,ID_NUMBER,TYPE_ID,TERMINAL_ID,DELETE_FLAG,COLOR_ID_NUMBER_ID,AUTHORIZED_PAY_MASS) values ('B0000802','2201141', '测B03140', 4, 221141, 0, '2',15);

insert into T_SIMINFO (SIM_ID, ORG_CODE, DEPTCODE, STATE,PAY_MODLE, SIM_NUM) values(23142, 'B0000802', '中国移动', 1, '预付费', 13100003141);
insert into T_TERMINALINFO (TERMINAL_ID,TTYPE_ID,SIM_ID,TERMINAL_CODE,ORG_CODE,IS_VIDEO_TERMINAL,SP_SERVER_NAME,PROTOCOL_TYPE,CHANNELS,YT_PROTOCOL_TYPE) values(221142, 4, 23142, '1003141', 'B0000802',1,'1076测试服务器','4',8,'0');
insert into V_VEHICLEINFO (ORG_CODE,VEHICLE_ID,ID_NUMBER,TYPE_ID,TERMINAL_ID,DELETE_FLAG,COLOR_ID_NUMBER_ID,AUTHORIZED_PAY_MASS) values ('B0000802','2201142', '测B03141', 4, 221142, 0, '2',15);

insert into T_SIMINFO (SIM_ID, ORG_CODE, DEPTCODE, STATE,PAY_MODLE, SIM_NUM) values(23143, 'B0000802', '中国移动', 1, '预付费', 13100003142);
insert into T_TERMINALINFO (TERMINAL_ID,TTYPE_ID,SIM_ID,TERMINAL_CODE,ORG_CODE,IS_VIDEO_TERMINAL,SP_SERVER_NAME,PROTOCOL_TYPE,CHANNELS,YT_PROTOCOL_TYPE) values(221143, 4, 23143, '1003142', 'B0000802',1,'1076测试服务器','4',8,'0');
insert into V_VEHICLEINFO (ORG_CODE,VEHICLE_ID,ID_NUMBER,TYPE_ID,TERMINAL_ID,DELETE_FLAG,COLOR_ID_NUMBER_ID,AUTHORIZED_PAY_MASS) values ('B0000802','2201143', '测B03142', 4, 221143, 0, '2',15);

insert into T_SIMINFO (SIM_ID, ORG_CODE, DEPTCODE, STATE,PAY_MODLE, SIM_NUM) values(23144, 'B0000802', '中国移动', 1, '预付费', 13100003143);
insert into T_TERMINALINFO (TERMINAL_ID,TTYPE_ID,SIM_ID,TERMINAL_CODE,ORG_CODE,IS_VIDEO_TERMINAL,SP_SERVER_NAME,PROTOCOL_TYPE,CHANNELS,YT_PROTOCOL_TYPE) values(221144, 4, 23144, '1003143', 'B0000802',1,'1076测试服务器','4',8,'0');
insert into V_VEHICLEINFO (ORG_CODE,VEHICLE_ID,ID_NUMBER,TYPE_ID,TERMINAL_ID,DELETE_FLAG,COLOR_ID_NUMBER_ID,AUTHORIZED_PAY_MASS) values ('B0000802','2201144', '测B03143', 4, 221144, 0, '2',15);

insert into T_SIMINFO (SIM_ID, ORG_CODE, DEPTCODE, STATE,PAY_MODLE, SIM_NUM) values(23145, 'B0000802', '中国移动', 1, '预付费', 13100003144);
insert into T_TERMINALINFO (TERMINAL_ID,TTYPE_ID,SIM_ID,TERMINAL_CODE,ORG_CODE,IS_VIDEO_TERMINAL,SP_SERVER_NAME,PROTOCOL_TYPE,CHANNELS,YT_PROTOCOL_TYPE) values(221145, 4, 23145, '1003144', 'B0000802',1,'1076测试服务器','4',8,'0');
insert into V_VEHICLEINFO (ORG_CODE,VEHICLE_ID,ID_NUMBER,TYPE_ID,TERMINAL_ID,DELETE_FLAG,COLOR_ID_NUMBER_ID,AUTHORIZED_PAY_MASS) values ('B0000802','2201145', '测B03144', 4, 221145, 0, '2',15);

insert into T_SIMINFO (SIM_ID, ORG_CODE, DEPTCODE, STATE,PAY_MODLE, SIM_NUM) values(23146, 'B0000802', '中国移动', 1, '预付费', 13100003145);
insert into T_TERMINALINFO (TERMINAL_ID,TTYPE_ID,SIM_ID,TERMINAL_CODE,ORG_CODE,IS_VIDEO_TERMINAL,SP_SERVER_NAME,PROTOCOL_TYPE,CHANNELS,YT_PROTOCOL_TYPE) values(221146, 4, 23146, '1003145', 'B0000802',1,'1076测试服务器','4',8,'0');
insert into V_VEHICLEINFO (ORG_CODE,VEHICLE_ID,ID_NUMBER,TYPE_ID,TERMINAL_ID,DELETE_FLAG,COLOR_ID_NUMBER_ID,AUTHORIZED_PAY_MASS) values ('B0000802','2201146', '测B03145', 4, 221146, 0, '2',15);

insert into T_SIMINFO (SIM_ID, ORG_CODE, DEPTCODE, STATE,PAY_MODLE, SIM_NUM) values(23147, 'B0000802', '中国移动', 1, '预付费', 13100003146);
insert into T_TERMINALINFO (TERMINAL_ID,TTYPE_ID,SIM_ID,TERMINAL_CODE,ORG_CODE,IS_VIDEO_TERMINAL,SP_SERVER_NAME,PROTOCOL_TYPE,CHANNELS,YT_PROTOCOL_TYPE) values(221147, 4, 23147, '1003146', 'B0000802',1,'1076测试服务器','4',8,'0');
insert into V_VEHICLEINFO (ORG_CODE,VEHICLE_ID,ID_NUMBER,TYPE_ID,TERMINAL_ID,DELETE_FLAG,COLOR_ID_NUMBER_ID,AUTHORIZED_PAY_MASS) values ('B0000802','2201147', '测B03146', 4, 221147, 0, '2',15);

insert into T_SIMINFO (SIM_ID, ORG_CODE, DEPTCODE, STATE,PAY_MODLE, SIM_NUM) values(23148, 'B0000802', '中国移动', 1, '预付费', 13100003147);
insert into T_TERMINALINFO (TERMINAL_ID,TTYPE_ID,SIM_ID,TERMINAL_CODE,ORG_CODE,IS_VIDEO_TERMINAL,SP_SERVER_NAME,PROTOCOL_TYPE,CHANNELS,YT_PROTOCOL_TYPE) values(221148, 4, 23148, '1003147', 'B0000802',1,'1076测试服务器','4',8,'0');
insert into V_VEHICLEINFO (ORG_CODE,VEHICLE_ID,ID_NUMBER,TYPE_ID,TERMINAL_ID,DELETE_FLAG,COLOR_ID_NUMBER_ID,AUTHORIZED_PAY_MASS) values ('B0000802','2201148', '测B03147', 4, 221148, 0, '2',15);

insert into T_SIMINFO (SIM_ID, ORG_CODE, DEPTCODE, STATE,PAY_MODLE, SIM_NUM) values(23149, 'B0000802', '中国移动', 1, '预付费', 13100003148);
insert into T_TERMINALINFO (TERMINAL_ID,TTYPE_ID,SIM_ID,TERMINAL_CODE,ORG_CODE,IS_VIDEO_TERMINAL,SP_SERVER_NAME,PROTOCOL_TYPE,CHANNELS,YT_PROTOCOL_TYPE) values(221149, 4, 23149, '1003148', 'B0000802',1,'1076测试服务器','4',8,'0');
insert into V_VEHICLEINFO (ORG_CODE,VEHICLE_ID,ID_NUMBER,TYPE_ID,TERMINAL_ID,DELETE_FLAG,COLOR_ID_NUMBER_ID,AUTHORIZED_PAY_MASS) values ('B0000802','2201149', '测B03148', 4, 221149, 0, '2',15);

insert into T_SIMINFO (SIM_ID, ORG_CODE, DEPTCODE, STATE,PAY_MODLE, SIM_NUM) values(23150, 'B0000802', '中国移动', 1, '预付费', 13100003149);
insert into T_TERMINALINFO (TERMINAL_ID,TTYPE_ID,SIM_ID,TERMINAL_CODE,ORG_CODE,IS_VIDEO_TERMINAL,SP_SERVER_NAME,PROTOCOL_TYPE,CHANNELS,YT_PROTOCOL_TYPE) values(221150, 4, 23150, '1003149', 'B0000802',1,'1076测试服务器','4',8,'0');
insert into V_VEHICLEINFO (ORG_CODE,VEHICLE_ID,ID_NUMBER,TYPE_ID,TERMINAL_ID,DELETE_FLAG,COLOR_ID_NUMBER_ID,AUTHORIZED_PAY_MASS) values ('B0000802','2201150', '测B03149', 4, 221150, 0, '2',15);

insert into T_SIMINFO (SIM_ID, ORG_CODE, DEPTCODE, STATE,PAY_MODLE, SIM_NUM) values(23151, 'B0000802', '中国移动', 1, '预付费', 13100003150);
insert into T_TERMINALINFO (TERMINAL_ID,TTYPE_ID,SIM_ID,TERMINAL_CODE,ORG_CODE,IS_VIDEO_TERMINAL,SP_SERVER_NAME,PROTOCOL_TYPE,CHANNELS,YT_PROTOCOL_TYPE) values(221151, 4, 23151, '1003150', 'B0000802',1,'1076测试服务器','4',8,'0');
insert into V_VEHICLEINFO (ORG_CODE,VEHICLE_ID,ID_NUMBER,TYPE_ID,TERMINAL_ID,DELETE_FLAG,COLOR_ID_NUMBER_ID,AUTHORIZED_PAY_MASS) values ('B0000802','2201151', '测B03150', 4, 221151, 0, '2',15);

insert into T_SIMINFO (SIM_ID, ORG_CODE, DEPTCODE, STATE,PAY_MODLE, SIM_NUM) values(23152, 'B0000802', '中国移动', 1, '预付费', 13100003151);
insert into T_TERMINALINFO (TERMINAL_ID,TTYPE_ID,SIM_ID,TERMINAL_CODE,ORG_CODE,IS_VIDEO_TERMINAL,SP_SERVER_NAME,PROTOCOL_TYPE,CHANNELS,YT_PROTOCOL_TYPE) values(221152, 4, 23152, '1003151', 'B0000802',1,'1076测试服务器','4',8,'0');
insert into V_VEHICLEINFO (ORG_CODE,VEHICLE_ID,ID_NUMBER,TYPE_ID,TERMINAL_ID,DELETE_FLAG,COLOR_ID_NUMBER_ID,AUTHORIZED_PAY_MASS) values ('B0000802','2201152', '测B03151', 4, 221152, 0, '2',15);

insert into T_SIMINFO (SIM_ID, ORG_CODE, DEPTCODE, STATE,PAY_MODLE, SIM_NUM) values(23153, 'B0000802', '中国移动', 1, '预付费', 13100003152);
insert into T_TERMINALINFO (TERMINAL_ID,TTYPE_ID,SIM_ID,TERMINAL_CODE,ORG_CODE,IS_VIDEO_TERMINAL,SP_SERVER_NAME,PROTOCOL_TYPE,CHANNELS,YT_PROTOCOL_TYPE) values(221153, 4, 23153, '1003152', 'B0000802',1,'1076测试服务器','4',8,'0');
insert into V_VEHICLEINFO (ORG_CODE,VEHICLE_ID,ID_NUMBER,TYPE_ID,TERMINAL_ID,DELETE_FLAG,COLOR_ID_NUMBER_ID,AUTHORIZED_PAY_MASS) values ('B0000802','2201153', '测B03152', 4, 221153, 0, '2',15);

insert into T_SIMINFO (SIM_ID, ORG_CODE, DEPTCODE, STATE,PAY_MODLE, SIM_NUM) values(23154, 'B0000802', '中国移动', 1, '预付费', 13100003153);
insert into T_TERMINALINFO (TERMINAL_ID,TTYPE_ID,SIM_ID,TERMINAL_CODE,ORG_CODE,IS_VIDEO_TERMINAL,SP_SERVER_NAME,PROTOCOL_TYPE,CHANNELS,YT_PROTOCOL_TYPE) values(221154, 4, 23154, '1003153', 'B0000802',1,'1076测试服务器','4',8,'0');
insert into V_VEHICLEINFO (ORG_CODE,VEHICLE_ID,ID_NUMBER,TYPE_ID,TERMINAL_ID,DELETE_FLAG,COLOR_ID_NUMBER_ID,AUTHORIZED_PAY_MASS) values ('B0000802','2201154', '测B03153', 4, 221154, 0, '2',15);

insert into T_SIMINFO (SIM_ID, ORG_CODE, DEPTCODE, STATE,PAY_MODLE, SIM_NUM) values(23155, 'B0000802', '中国移动', 1, '预付费', 13100003154);
insert into T_TERMINALINFO (TERMINAL_ID,TTYPE_ID,SIM_ID,TERMINAL_CODE,ORG_CODE,IS_VIDEO_TERMINAL,SP_SERVER_NAME,PROTOCOL_TYPE,CHANNELS,YT_PROTOCOL_TYPE) values(221155, 4, 23155, '1003154', 'B0000802',1,'1076测试服务器','4',8,'0');
insert into V_VEHICLEINFO (ORG_CODE,VEHICLE_ID,ID_NUMBER,TYPE_ID,TERMINAL_ID,DELETE_FLAG,COLOR_ID_NUMBER_ID,AUTHORIZED_PAY_MASS) values ('B0000802','2201155', '测B03154', 4, 221155, 0, '2',15);

insert into T_SIMINFO (SIM_ID, ORG_CODE, DEPTCODE, STATE,PAY_MODLE, SIM_NUM) values(23156, 'B0000802', '中国移动', 1, '预付费', 13100003155);
insert into T_TERMINALINFO (TERMINAL_ID,TTYPE_ID,SIM_ID,TERMINAL_CODE,ORG_CODE,IS_VIDEO_TERMINAL,SP_SERVER_NAME,PROTOCOL_TYPE,CHANNELS,YT_PROTOCOL_TYPE) values(221156, 4, 23156, '1003155', 'B0000802',1,'1076测试服务器','4',8,'0');
insert into V_VEHICLEINFO (ORG_CODE,VEHICLE_ID,ID_NUMBER,TYPE_ID,TERMINAL_ID,DELETE_FLAG,COLOR_ID_NUMBER_ID,AUTHORIZED_PAY_MASS) values ('B0000802','2201156', '测B03155', 4, 221156, 0, '2',15);

insert into T_SIMINFO (SIM_ID, ORG_CODE, DEPTCODE, STATE,PAY_MODLE, SIM_NUM) values(23157, 'B0000802', '中国移动', 1, '预付费', 13100003156);
insert into T_TERMINALINFO (TERMINAL_ID,TTYPE_ID,SIM_ID,TERMINAL_CODE,ORG_CODE,IS_VIDEO_TERMINAL,SP_SERVER_NAME,PROTOCOL_TYPE,CHANNELS,YT_PROTOCOL_TYPE) values(221157, 4, 23157, '1003156', 'B0000802',1,'1076测试服务器','4',8,'0');
insert into V_VEHICLEINFO (ORG_CODE,VEHICLE_ID,ID_NUMBER,TYPE_ID,TERMINAL_ID,DELETE_FLAG,COLOR_ID_NUMBER_ID,AUTHORIZED_PAY_MASS) values ('B0000802','2201157', '测B03156', 4, 221157, 0, '2',15);

insert into T_SIMINFO (SIM_ID, ORG_CODE, DEPTCODE, STATE,PAY_MODLE, SIM_NUM) values(23158, 'B0000802', '中国移动', 1, '预付费', 13100003157);
insert into T_TERMINALINFO (TERMINAL_ID,TTYPE_ID,SIM_ID,TERMINAL_CODE,ORG_CODE,IS_VIDEO_TERMINAL,SP_SERVER_NAME,PROTOCOL_TYPE,CHANNELS,YT_PROTOCOL_TYPE) values(221158, 4, 23158, '1003157', 'B0000802',1,'1076测试服务器','4',8,'0');
insert into V_VEHICLEINFO (ORG_CODE,VEHICLE_ID,ID_NUMBER,TYPE_ID,TERMINAL_ID,DELETE_FLAG,COLOR_ID_NUMBER_ID,AUTHORIZED_PAY_MASS) values ('B0000802','2201158', '测B03157', 4, 221158, 0, '2',15);

insert into T_SIMINFO (SIM_ID, ORG_CODE, DEPTCODE, STATE,PAY_MODLE, SIM_NUM) values(23159, 'B0000802', '中国移动', 1, '预付费', 13100003158);
insert into T_TERMINALINFO (TERMINAL_ID,TTYPE_ID,SIM_ID,TERMINAL_CODE,ORG_CODE,IS_VIDEO_TERMINAL,SP_SERVER_NAME,PROTOCOL_TYPE,CHANNELS,YT_PROTOCOL_TYPE) values(221159, 4, 23159, '1003158', 'B0000802',1,'1076测试服务器','4',8,'0');
insert into V_VEHICLEINFO (ORG_CODE,VEHICLE_ID,ID_NUMBER,TYPE_ID,TERMINAL_ID,DELETE_FLAG,COLOR_ID_NUMBER_ID,AUTHORIZED_PAY_MASS) values ('B0000802','2201159', '测B03158', 4, 221159, 0, '2',15);

insert into T_SIMINFO (SIM_ID, ORG_CODE, DEPTCODE, STATE,PAY_MODLE, SIM_NUM) values(23160, 'B0000802', '中国移动', 1, '预付费', 13100003159);
insert into T_TERMINALINFO (TERMINAL_ID,TTYPE_ID,SIM_ID,TERMINAL_CODE,ORG_CODE,IS_VIDEO_TERMINAL,SP_SERVER_NAME,PROTOCOL_TYPE,CHANNELS,YT_PROTOCOL_TYPE) values(221160, 4, 23160, '1003159', 'B0000802',1,'1076测试服务器','4',8,'0');
insert into V_VEHICLEINFO (ORG_CODE,VEHICLE_ID,ID_NUMBER,TYPE_ID,TERMINAL_ID,DELETE_FLAG,COLOR_ID_NUMBER_ID,AUTHORIZED_PAY_MASS) values ('B0000802','2201160', '测B03159', 4, 221160, 0, '2',15);

insert into T_SIMINFO (SIM_ID, ORG_CODE, DEPTCODE, STATE,PAY_MODLE, SIM_NUM) values(23161, 'B0000802', '中国移动', 1, '预付费', 13100003160);
insert into T_TERMINALINFO (TERMINAL_ID,TTYPE_ID,SIM_ID,TERMINAL_CODE,ORG_CODE,IS_VIDEO_TERMINAL,SP_SERVER_NAME,PROTOCOL_TYPE,CHANNELS,YT_PROTOCOL_TYPE) values(221161, 4, 23161, '1003160', 'B0000802',1,'1076测试服务器','4',8,'0');
insert into V_VEHICLEINFO (ORG_CODE,VEHICLE_ID,ID_NUMBER,TYPE_ID,TERMINAL_ID,DELETE_FLAG,COLOR_ID_NUMBER_ID,AUTHORIZED_PAY_MASS) values ('B0000802','2201161', '测B03160', 4, 221161, 0, '2',15);

insert into T_SIMINFO (SIM_ID, ORG_CODE, DEPTCODE, STATE,PAY_MODLE, SIM_NUM) values(23162, 'B0000802', '中国移动', 1, '预付费', 13100003161);
insert into T_TERMINALINFO (TERMINAL_ID,TTYPE_ID,SIM_ID,TERMINAL_CODE,ORG_CODE,IS_VIDEO_TERMINAL,SP_SERVER_NAME,PROTOCOL_TYPE,CHANNELS,YT_PROTOCOL_TYPE) values(221162, 4, 23162, '1003161', 'B0000802',1,'1076测试服务器','4',8,'0');
insert into V_VEHICLEINFO (ORG_CODE,VEHICLE_ID,ID_NUMBER,TYPE_ID,TERMINAL_ID,DELETE_FLAG,COLOR_ID_NUMBER_ID,AUTHORIZED_PAY_MASS) values ('B0000802','2201162', '测B03161', 4, 221162, 0, '2',15);

insert into T_SIMINFO (SIM_ID, ORG_CODE, DEPTCODE, STATE,PAY_MODLE, SIM_NUM) values(23163, 'B0000802', '中国移动', 1, '预付费', 13100003162);
insert into T_TERMINALINFO (TERMINAL_ID,TTYPE_ID,SIM_ID,TERMINAL_CODE,ORG_CODE,IS_VIDEO_TERMINAL,SP_SERVER_NAME,PROTOCOL_TYPE,CHANNELS,YT_PROTOCOL_TYPE) values(221163, 4, 23163, '1003162', 'B0000802',1,'1076测试服务器','4',8,'0');
insert into V_VEHICLEINFO (ORG_CODE,VEHICLE_ID,ID_NUMBER,TYPE_ID,TERMINAL_ID,DELETE_FLAG,COLOR_ID_NUMBER_ID,AUTHORIZED_PAY_MASS) values ('B0000802','2201163', '测B03162', 4, 221163, 0, '2',15);

insert into T_SIMINFO (SIM_ID, ORG_CODE, DEPTCODE, STATE,PAY_MODLE, SIM_NUM) values(23164, 'B0000802', '中国移动', 1, '预付费', 13100003163);
insert into T_TERMINALINFO (TERMINAL_ID,TTYPE_ID,SIM_ID,TERMINAL_CODE,ORG_CODE,IS_VIDEO_TERMINAL,SP_SERVER_NAME,PROTOCOL_TYPE,CHANNELS,YT_PROTOCOL_TYPE) values(221164, 4, 23164, '1003163', 'B0000802',1,'1076测试服务器','4',8,'0');
insert into V_VEHICLEINFO (ORG_CODE,VEHICLE_ID,ID_NUMBER,TYPE_ID,TERMINAL_ID,DELETE_FLAG,COLOR_ID_NUMBER_ID,AUTHORIZED_PAY_MASS) values ('B0000802','2201164', '测B03163', 4, 221164, 0, '2',15);

insert into T_SIMINFO (SIM_ID, ORG_CODE, DEPTCODE, STATE,PAY_MODLE, SIM_NUM) values(23165, 'B0000802', '中国移动', 1, '预付费', 13100003164);
insert into T_TERMINALINFO (TERMINAL_ID,TTYPE_ID,SIM_ID,TERMINAL_CODE,ORG_CODE,IS_VIDEO_TERMINAL,SP_SERVER_NAME,PROTOCOL_TYPE,CHANNELS,YT_PROTOCOL_TYPE) values(221165, 4, 23165, '1003164', 'B0000802',1,'1076测试服务器','4',8,'0');
insert into V_VEHICLEINFO (ORG_CODE,VEHICLE_ID,ID_NUMBER,TYPE_ID,TERMINAL_ID,DELETE_FLAG,COLOR_ID_NUMBER_ID,AUTHORIZED_PAY_MASS) values ('B0000802','2201165', '测B03164', 4, 221165, 0, '2',15);

insert into T_SIMINFO (SIM_ID, ORG_CODE, DEPTCODE, STATE,PAY_MODLE, SIM_NUM) values(23166, 'B0000802', '中国移动', 1, '预付费', 13100003165);
insert into T_TERMINALINFO (TERMINAL_ID,TTYPE_ID,SIM_ID,TERMINAL_CODE,ORG_CODE,IS_VIDEO_TERMINAL,SP_SERVER_NAME,PROTOCOL_TYPE,CHANNELS,YT_PROTOCOL_TYPE) values(221166, 4, 23166, '1003165', 'B0000802',1,'1076测试服务器','4',8,'0');
insert into V_VEHICLEINFO (ORG_CODE,VEHICLE_ID,ID_NUMBER,TYPE_ID,TERMINAL_ID,DELETE_FLAG,COLOR_ID_NUMBER_ID,AUTHORIZED_PAY_MASS) values ('B0000802','2201166', '测B03165', 4, 221166, 0, '2',15);

insert into T_SIMINFO (SIM_ID, ORG_CODE, DEPTCODE, STATE,PAY_MODLE, SIM_NUM) values(23167, 'B0000802', '中国移动', 1, '预付费', 13100003166);
insert into T_TERMINALINFO (TERMINAL_ID,TTYPE_ID,SIM_ID,TERMINAL_CODE,ORG_CODE,IS_VIDEO_TERMINAL,SP_SERVER_NAME,PROTOCOL_TYPE,CHANNELS,YT_PROTOCOL_TYPE) values(221167, 4, 23167, '1003166', 'B0000802',1,'1076测试服务器','4',8,'0');
insert into V_VEHICLEINFO (ORG_CODE,VEHICLE_ID,ID_NUMBER,TYPE_ID,TERMINAL_ID,DELETE_FLAG,COLOR_ID_NUMBER_ID,AUTHORIZED_PAY_MASS) values ('B0000802','2201167', '测B03166', 4, 221167, 0, '2',15);

insert into T_SIMINFO (SIM_ID, ORG_CODE, DEPTCODE, STATE,PAY_MODLE, SIM_NUM) values(23168, 'B0000802', '中国移动', 1, '预付费', 13100003167);
insert into T_TERMINALINFO (TERMINAL_ID,TTYPE_ID,SIM_ID,TERMINAL_CODE,ORG_CODE,IS_VIDEO_TERMINAL,SP_SERVER_NAME,PROTOCOL_TYPE,CHANNELS,YT_PROTOCOL_TYPE) values(221168, 4, 23168, '1003167', 'B0000802',1,'1076测试服务器','4',8,'0');
insert into V_VEHICLEINFO (ORG_CODE,VEHICLE_ID,ID_NUMBER,TYPE_ID,TERMINAL_ID,DELETE_FLAG,COLOR_ID_NUMBER_ID,AUTHORIZED_PAY_MASS) values ('B0000802','2201168', '测B03167', 4, 221168, 0, '2',15);

insert into T_SIMINFO (SIM_ID, ORG_CODE, DEPTCODE, STATE,PAY_MODLE, SIM_NUM) values(23169, 'B0000802', '中国移动', 1, '预付费', 13100003168);
insert into T_TERMINALINFO (TERMINAL_ID,TTYPE_ID,SIM_ID,TERMINAL_CODE,ORG_CODE,IS_VIDEO_TERMINAL,SP_SERVER_NAME,PROTOCOL_TYPE,CHANNELS,YT_PROTOCOL_TYPE) values(221169, 4, 23169, '1003168', 'B0000802',1,'1076测试服务器','4',8,'0');
insert into V_VEHICLEINFO (ORG_CODE,VEHICLE_ID,ID_NUMBER,TYPE_ID,TERMINAL_ID,DELETE_FLAG,COLOR_ID_NUMBER_ID,AUTHORIZED_PAY_MASS) values ('B0000802','2201169', '测B03168', 4, 221169, 0, '2',15);

insert into T_SIMINFO (SIM_ID, ORG_CODE, DEPTCODE, STATE,PAY_MODLE, SIM_NUM) values(23170, 'B0000802', '中国移动', 1, '预付费', 13100003169);
insert into T_TERMINALINFO (TERMINAL_ID,TTYPE_ID,SIM_ID,TERMINAL_CODE,ORG_CODE,IS_VIDEO_TERMINAL,SP_SERVER_NAME,PROTOCOL_TYPE,CHANNELS,YT_PROTOCOL_TYPE) values(221170, 4, 23170, '1003169', 'B0000802',1,'1076测试服务器','4',8,'0');
insert into V_VEHICLEINFO (ORG_CODE,VEHICLE_ID,ID_NUMBER,TYPE_ID,TERMINAL_ID,DELETE_FLAG,COLOR_ID_NUMBER_ID,AUTHORIZED_PAY_MASS) values ('B0000802','2201170', '测B03169', 4, 221170, 0, '2',15);

insert into T_SIMINFO (SIM_ID, ORG_CODE, DEPTCODE, STATE,PAY_MODLE, SIM_NUM) values(23171, 'B0000802', '中国移动', 1, '预付费', 13100003170);
insert into T_TERMINALINFO (TERMINAL_ID,TTYPE_ID,SIM_ID,TERMINAL_CODE,ORG_CODE,IS_VIDEO_TERMINAL,SP_SERVER_NAME,PROTOCOL_TYPE,CHANNELS,YT_PROTOCOL_TYPE) values(221171, 4, 23171, '1003170', 'B0000802',1,'1076测试服务器','4',8,'0');
insert into V_VEHICLEINFO (ORG_CODE,VEHICLE_ID,ID_NUMBER,TYPE_ID,TERMINAL_ID,DELETE_FLAG,COLOR_ID_NUMBER_ID,AUTHORIZED_PAY_MASS) values ('B0000802','2201171', '测B03170', 4, 221171, 0, '2',15);

insert into T_SIMINFO (SIM_ID, ORG_CODE, DEPTCODE, STATE,PAY_MODLE, SIM_NUM) values(23172, 'B0000802', '中国移动', 1, '预付费', 13100003171);
insert into T_TERMINALINFO (TERMINAL_ID,TTYPE_ID,SIM_ID,TERMINAL_CODE,ORG_CODE,IS_VIDEO_TERMINAL,SP_SERVER_NAME,PROTOCOL_TYPE,CHANNELS,YT_PROTOCOL_TYPE) values(221172, 4, 23172, '1003171', 'B0000802',1,'1076测试服务器','4',8,'0');
insert into V_VEHICLEINFO (ORG_CODE,VEHICLE_ID,ID_NUMBER,TYPE_ID,TERMINAL_ID,DELETE_FLAG,COLOR_ID_NUMBER_ID,AUTHORIZED_PAY_MASS) values ('B0000802','2201172', '测B03171', 4, 221172, 0, '2',15);

insert into T_SIMINFO (SIM_ID, ORG_CODE, DEPTCODE, STATE,PAY_MODLE, SIM_NUM) values(23173, 'B0000802', '中国移动', 1, '预付费', 13100003172);
insert into T_TERMINALINFO (TERMINAL_ID,TTYPE_ID,SIM_ID,TERMINAL_CODE,ORG_CODE,IS_VIDEO_TERMINAL,SP_SERVER_NAME,PROTOCOL_TYPE,CHANNELS,YT_PROTOCOL_TYPE) values(221173, 4, 23173, '1003172', 'B0000802',1,'1076测试服务器','4',8,'0');
insert into V_VEHICLEINFO (ORG_CODE,VEHICLE_ID,ID_NUMBER,TYPE_ID,TERMINAL_ID,DELETE_FLAG,COLOR_ID_NUMBER_ID,AUTHORIZED_PAY_MASS) values ('B0000802','2201173', '测B03172', 4, 221173, 0, '2',15);

insert into T_SIMINFO (SIM_ID, ORG_CODE, DEPTCODE, STATE,PAY_MODLE, SIM_NUM) values(23174, 'B0000802', '中国移动', 1, '预付费', 13100003173);
insert into T_TERMINALINFO (TERMINAL_ID,TTYPE_ID,SIM_ID,TERMINAL_CODE,ORG_CODE,IS_VIDEO_TERMINAL,SP_SERVER_NAME,PROTOCOL_TYPE,CHANNELS,YT_PROTOCOL_TYPE) values(221174, 4, 23174, '1003173', 'B0000802',1,'1076测试服务器','4',8,'0');
insert into V_VEHICLEINFO (ORG_CODE,VEHICLE_ID,ID_NUMBER,TYPE_ID,TERMINAL_ID,DELETE_FLAG,COLOR_ID_NUMBER_ID,AUTHORIZED_PAY_MASS) values ('B0000802','2201174', '测B03173', 4, 221174, 0, '2',15);

insert into T_SIMINFO (SIM_ID, ORG_CODE, DEPTCODE, STATE,PAY_MODLE, SIM_NUM) values(23175, 'B0000802', '中国移动', 1, '预付费', 13100003174);
insert into T_TERMINALINFO (TERMINAL_ID,TTYPE_ID,SIM_ID,TERMINAL_CODE,ORG_CODE,IS_VIDEO_TERMINAL,SP_SERVER_NAME,PROTOCOL_TYPE,CHANNELS,YT_PROTOCOL_TYPE) values(221175, 4, 23175, '1003174', 'B0000802',1,'1076测试服务器','4',8,'0');
insert into V_VEHICLEINFO (ORG_CODE,VEHICLE_ID,ID_NUMBER,TYPE_ID,TERMINAL_ID,DELETE_FLAG,COLOR_ID_NUMBER_ID,AUTHORIZED_PAY_MASS) values ('B0000802','2201175', '测B03174', 4, 221175, 0, '2',15);

insert into T_SIMINFO (SIM_ID, ORG_CODE, DEPTCODE, STATE,PAY_MODLE, SIM_NUM) values(23176, 'B0000802', '中国移动', 1, '预付费', 13100003175);
insert into T_TERMINALINFO (TERMINAL_ID,TTYPE_ID,SIM_ID,TERMINAL_CODE,ORG_CODE,IS_VIDEO_TERMINAL,SP_SERVER_NAME,PROTOCOL_TYPE,CHANNELS,YT_PROTOCOL_TYPE) values(221176, 4, 23176, '1003175', 'B0000802',1,'1076测试服务器','4',8,'0');
insert into V_VEHICLEINFO (ORG_CODE,VEHICLE_ID,ID_NUMBER,TYPE_ID,TERMINAL_ID,DELETE_FLAG,COLOR_ID_NUMBER_ID,AUTHORIZED_PAY_MASS) values ('B0000802','2201176', '测B03175', 4, 221176, 0, '2',15);

insert into T_SIMINFO (SIM_ID, ORG_CODE, DEPTCODE, STATE,PAY_MODLE, SIM_NUM) values(23177, 'B0000802', '中国移动', 1, '预付费', 13100003176);
insert into T_TERMINALINFO (TERMINAL_ID,TTYPE_ID,SIM_ID,TERMINAL_CODE,ORG_CODE,IS_VIDEO_TERMINAL,SP_SERVER_NAME,PROTOCOL_TYPE,CHANNELS,YT_PROTOCOL_TYPE) values(221177, 4, 23177, '1003176', 'B0000802',1,'1076测试服务器','4',8,'0');
insert into V_VEHICLEINFO (ORG_CODE,VEHICLE_ID,ID_NUMBER,TYPE_ID,TERMINAL_ID,DELETE_FLAG,COLOR_ID_NUMBER_ID,AUTHORIZED_PAY_MASS) values ('B0000802','2201177', '测B03176', 4, 221177, 0, '2',15);

insert into T_SIMINFO (SIM_ID, ORG_CODE, DEPTCODE, STATE,PAY_MODLE, SIM_NUM) values(23178, 'B0000802', '中国移动', 1, '预付费', 13100003177);
insert into T_TERMINALINFO (TERMINAL_ID,TTYPE_ID,SIM_ID,TERMINAL_CODE,ORG_CODE,IS_VIDEO_TERMINAL,SP_SERVER_NAME,PROTOCOL_TYPE,CHANNELS,YT_PROTOCOL_TYPE) values(221178, 4, 23178, '1003177', 'B0000802',1,'1076测试服务器','4',8,'0');
insert into V_VEHICLEINFO (ORG_CODE,VEHICLE_ID,ID_NUMBER,TYPE_ID,TERMINAL_ID,DELETE_FLAG,COLOR_ID_NUMBER_ID,AUTHORIZED_PAY_MASS) values ('B0000802','2201178', '测B03177', 4, 221178, 0, '2',15);

insert into T_SIMINFO (SIM_ID, ORG_CODE, DEPTCODE, STATE,PAY_MODLE, SIM_NUM) values(23179, 'B0000802', '中国移动', 1, '预付费', 13100003178);
insert into T_TERMINALINFO (TERMINAL_ID,TTYPE_ID,SIM_ID,TERMINAL_CODE,ORG_CODE,IS_VIDEO_TERMINAL,SP_SERVER_NAME,PROTOCOL_TYPE,CHANNELS,YT_PROTOCOL_TYPE) values(221179, 4, 23179, '1003178', 'B0000802',1,'1076测试服务器','4',8,'0');
insert into V_VEHICLEINFO (ORG_CODE,VEHICLE_ID,ID_NUMBER,TYPE_ID,TERMINAL_ID,DELETE_FLAG,COLOR_ID_NUMBER_ID,AUTHORIZED_PAY_MASS) values ('B0000802','2201179', '测B03178', 4, 221179, 0, '2',15);

insert into T_SIMINFO (SIM_ID, ORG_CODE, DEPTCODE, STATE,PAY_MODLE, SIM_NUM) values(23180, 'B0000802', '中国移动', 1, '预付费', 13100003179);
insert into T_TERMINALINFO (TERMINAL_ID,TTYPE_ID,SIM_ID,TERMINAL_CODE,ORG_CODE,IS_VIDEO_TERMINAL,SP_SERVER_NAME,PROTOCOL_TYPE,CHANNELS,YT_PROTOCOL_TYPE) values(221180, 4, 23180, '1003179', 'B0000802',1,'1076测试服务器','4',8,'0');
insert into V_VEHICLEINFO (ORG_CODE,VEHICLE_ID,ID_NUMBER,TYPE_ID,TERMINAL_ID,DELETE_FLAG,COLOR_ID_NUMBER_ID,AUTHORIZED_PAY_MASS) values ('B0000802','2201180', '测B03179', 4, 221180, 0, '2',15);

insert into T_SIMINFO (SIM_ID, ORG_CODE, DEPTCODE, STATE,PAY_MODLE, SIM_NUM) values(23181, 'B0000802', '中国移动', 1, '预付费', 13100003180);
insert into T_TERMINALINFO (TERMINAL_ID,TTYPE_ID,SIM_ID,TERMINAL_CODE,ORG_CODE,IS_VIDEO_TERMINAL,SP_SERVER_NAME,PROTOCOL_TYPE,CHANNELS,YT_PROTOCOL_TYPE) values(221181, 4, 23181, '1003180', 'B0000802',1,'1076测试服务器','4',8,'0');
insert into V_VEHICLEINFO (ORG_CODE,VEHICLE_ID,ID_NUMBER,TYPE_ID,TERMINAL_ID,DELETE_FLAG,COLOR_ID_NUMBER_ID,AUTHORIZED_PAY_MASS) values ('B0000802','2201181', '测B03180', 4, 221181, 0, '2',15);

insert into T_SIMINFO (SIM_ID, ORG_CODE, DEPTCODE, STATE,PAY_MODLE, SIM_NUM) values(23182, 'B0000802', '中国移动', 1, '预付费', 13100003181);
insert into T_TERMINALINFO (TERMINAL_ID,TTYPE_ID,SIM_ID,TERMINAL_CODE,ORG_CODE,IS_VIDEO_TERMINAL,SP_SERVER_NAME,PROTOCOL_TYPE,CHANNELS,YT_PROTOCOL_TYPE) values(221182, 4, 23182, '1003181', 'B0000802',1,'1076测试服务器','4',8,'0');
insert into V_VEHICLEINFO (ORG_CODE,VEHICLE_ID,ID_NUMBER,TYPE_ID,TERMINAL_ID,DELETE_FLAG,COLOR_ID_NUMBER_ID,AUTHORIZED_PAY_MASS) values ('B0000802','2201182', '测B03181', 4, 221182, 0, '2',15);

insert into T_SIMINFO (SIM_ID, ORG_CODE, DEPTCODE, STATE,PAY_MODLE, SIM_NUM) values(23183, 'B0000802', '中国移动', 1, '预付费', 13100003182);
insert into T_TERMINALINFO (TERMINAL_ID,TTYPE_ID,SIM_ID,TERMINAL_CODE,ORG_CODE,IS_VIDEO_TERMINAL,SP_SERVER_NAME,PROTOCOL_TYPE,CHANNELS,YT_PROTOCOL_TYPE) values(221183, 4, 23183, '1003182', 'B0000802',1,'1076测试服务器','4',8,'0');
insert into V_VEHICLEINFO (ORG_CODE,VEHICLE_ID,ID_NUMBER,TYPE_ID,TERMINAL_ID,DELETE_FLAG,COLOR_ID_NUMBER_ID,AUTHORIZED_PAY_MASS) values ('B0000802','2201183', '测B03182', 4, 221183, 0, '2',15);

insert into T_SIMINFO (SIM_ID, ORG_CODE, DEPTCODE, STATE,PAY_MODLE, SIM_NUM) values(23184, 'B0000802', '中国移动', 1, '预付费', 13100003183);
insert into T_TERMINALINFO (TERMINAL_ID,TTYPE_ID,SIM_ID,TERMINAL_CODE,ORG_CODE,IS_VIDEO_TERMINAL,SP_SERVER_NAME,PROTOCOL_TYPE,CHANNELS,YT_PROTOCOL_TYPE) values(221184, 4, 23184, '1003183', 'B0000802',1,'1076测试服务器','4',8,'0');
insert into V_VEHICLEINFO (ORG_CODE,VEHICLE_ID,ID_NUMBER,TYPE_ID,TERMINAL_ID,DELETE_FLAG,COLOR_ID_NUMBER_ID,AUTHORIZED_PAY_MASS) values ('B0000802','2201184', '测B03183', 4, 221184, 0, '2',15);

insert into T_SIMINFO (SIM_ID, ORG_CODE, DEPTCODE, STATE,PAY_MODLE, SIM_NUM) values(23185, 'B0000802', '中国移动', 1, '预付费', 13100003184);
insert into T_TERMINALINFO (TERMINAL_ID,TTYPE_ID,SIM_ID,TERMINAL_CODE,ORG_CODE,IS_VIDEO_TERMINAL,SP_SERVER_NAME,PROTOCOL_TYPE,CHANNELS,YT_PROTOCOL_TYPE) values(221185, 4, 23185, '1003184', 'B0000802',1,'1076测试服务器','4',8,'0');
insert into V_VEHICLEINFO (ORG_CODE,VEHICLE_ID,ID_NUMBER,TYPE_ID,TERMINAL_ID,DELETE_FLAG,COLOR_ID_NUMBER_ID,AUTHORIZED_PAY_MASS) values ('B0000802','2201185', '测B03184', 4, 221185, 0, '2',15);

insert into T_SIMINFO (SIM_ID, ORG_CODE, DEPTCODE, STATE,PAY_MODLE, SIM_NUM) values(23186, 'B0000802', '中国移动', 1, '预付费', 13100003185);
insert into T_TERMINALINFO (TERMINAL_ID,TTYPE_ID,SIM_ID,TERMINAL_CODE,ORG_CODE,IS_VIDEO_TERMINAL,SP_SERVER_NAME,PROTOCOL_TYPE,CHANNELS,YT_PROTOCOL_TYPE) values(221186, 4, 23186, '1003185', 'B0000802',1,'1076测试服务器','4',8,'0');
insert into V_VEHICLEINFO (ORG_CODE,VEHICLE_ID,ID_NUMBER,TYPE_ID,TERMINAL_ID,DELETE_FLAG,COLOR_ID_NUMBER_ID,AUTHORIZED_PAY_MASS) values ('B0000802','2201186', '测B03185', 4, 221186, 0, '2',15);

insert into T_SIMINFO (SIM_ID, ORG_CODE, DEPTCODE, STATE,PAY_MODLE, SIM_NUM) values(23187, 'B0000802', '中国移动', 1, '预付费', 13100003186);
insert into T_TERMINALINFO (TERMINAL_ID,TTYPE_ID,SIM_ID,TERMINAL_CODE,ORG_CODE,IS_VIDEO_TERMINAL,SP_SERVER_NAME,PROTOCOL_TYPE,CHANNELS,YT_PROTOCOL_TYPE) values(221187, 4, 23187, '1003186', 'B0000802',1,'1076测试服务器','4',8,'0');
insert into V_VEHICLEINFO (ORG_CODE,VEHICLE_ID,ID_NUMBER,TYPE_ID,TERMINAL_ID,DELETE_FLAG,COLOR_ID_NUMBER_ID,AUTHORIZED_PAY_MASS) values ('B0000802','2201187', '测B03186', 4, 221187, 0, '2',15);

insert into T_SIMINFO (SIM_ID, ORG_CODE, DEPTCODE, STATE,PAY_MODLE, SIM_NUM) values(23188, 'B0000802', '中国移动', 1, '预付费', 13100003187);
insert into T_TERMINALINFO (TERMINAL_ID,TTYPE_ID,SIM_ID,TERMINAL_CODE,ORG_CODE,IS_VIDEO_TERMINAL,SP_SERVER_NAME,PROTOCOL_TYPE,CHANNELS,YT_PROTOCOL_TYPE) values(221188, 4, 23188, '1003187', 'B0000802',1,'1076测试服务器','4',8,'0');
insert into V_VEHICLEINFO (ORG_CODE,VEHICLE_ID,ID_NUMBER,TYPE_ID,TERMINAL_ID,DELETE_FLAG,COLOR_ID_NUMBER_ID,AUTHORIZED_PAY_MASS) values ('B0000802','2201188', '测B03187', 4, 221188, 0, '2',15);

insert into T_SIMINFO (SIM_ID, ORG_CODE, DEPTCODE, STATE,PAY_MODLE, SIM_NUM) values(23189, 'B0000802', '中国移动', 1, '预付费', 13100003188);
insert into T_TERMINALINFO (TERMINAL_ID,TTYPE_ID,SIM_ID,TERMINAL_CODE,ORG_CODE,IS_VIDEO_TERMINAL,SP_SERVER_NAME,PROTOCOL_TYPE,CHANNELS,YT_PROTOCOL_TYPE) values(221189, 4, 23189, '1003188', 'B0000802',1,'1076测试服务器','4',8,'0');
insert into V_VEHICLEINFO (ORG_CODE,VEHICLE_ID,ID_NUMBER,TYPE_ID,TERMINAL_ID,DELETE_FLAG,COLOR_ID_NUMBER_ID,AUTHORIZED_PAY_MASS) values ('B0000802','2201189', '测B03188', 4, 221189, 0, '2',15);

insert into T_SIMINFO (SIM_ID, ORG_CODE, DEPTCODE, STATE,PAY_MODLE, SIM_NUM) values(23190, 'B0000802', '中国移动', 1, '预付费', 13100003189);
insert into T_TERMINALINFO (TERMINAL_ID,TTYPE_ID,SIM_ID,TERMINAL_CODE,ORG_CODE,IS_VIDEO_TERMINAL,SP_SERVER_NAME,PROTOCOL_TYPE,CHANNELS,YT_PROTOCOL_TYPE) values(221190, 4, 23190, '1003189', 'B0000802',1,'1076测试服务器','4',8,'0');
insert into V_VEHICLEINFO (ORG_CODE,VEHICLE_ID,ID_NUMBER,TYPE_ID,TERMINAL_ID,DELETE_FLAG,COLOR_ID_NUMBER_ID,AUTHORIZED_PAY_MASS) values ('B0000802','2201190', '测B03189', 4, 221190, 0, '2',15);

insert into T_SIMINFO (SIM_ID, ORG_CODE, DEPTCODE, STATE,PAY_MODLE, SIM_NUM) values(23191, 'B0000802', '中国移动', 1, '预付费', 13100003190);
insert into T_TERMINALINFO (TERMINAL_ID,TTYPE_ID,SIM_ID,TERMINAL_CODE,ORG_CODE,IS_VIDEO_TERMINAL,SP_SERVER_NAME,PROTOCOL_TYPE,CHANNELS,YT_PROTOCOL_TYPE) values(221191, 4, 23191, '1003190', 'B0000802',1,'1076测试服务器','4',8,'0');
insert into V_VEHICLEINFO (ORG_CODE,VEHICLE_ID,ID_NUMBER,TYPE_ID,TERMINAL_ID,DELETE_FLAG,COLOR_ID_NUMBER_ID,AUTHORIZED_PAY_MASS) values ('B0000802','2201191', '测B03190', 4, 221191, 0, '2',15);

insert into T_SIMINFO (SIM_ID, ORG_CODE, DEPTCODE, STATE,PAY_MODLE, SIM_NUM) values(23192, 'B0000802', '中国移动', 1, '预付费', 13100003191);
insert into T_TERMINALINFO (TERMINAL_ID,TTYPE_ID,SIM_ID,TERMINAL_CODE,ORG_CODE,IS_VIDEO_TERMINAL,SP_SERVER_NAME,PROTOCOL_TYPE,CHANNELS,YT_PROTOCOL_TYPE) values(221192, 4, 23192, '1003191', 'B0000802',1,'1076测试服务器','4',8,'0');
insert into V_VEHICLEINFO (ORG_CODE,VEHICLE_ID,ID_NUMBER,TYPE_ID,TERMINAL_ID,DELETE_FLAG,COLOR_ID_NUMBER_ID,AUTHORIZED_PAY_MASS) values ('B0000802','2201192', '测B03191', 4, 221192, 0, '2',15);

insert into T_SIMINFO (SIM_ID, ORG_CODE, DEPTCODE, STATE,PAY_MODLE, SIM_NUM) values(23193, 'B0000802', '中国移动', 1, '预付费', 13100003192);
insert into T_TERMINALINFO (TERMINAL_ID,TTYPE_ID,SIM_ID,TERMINAL_CODE,ORG_CODE,IS_VIDEO_TERMINAL,SP_SERVER_NAME,PROTOCOL_TYPE,CHANNELS,YT_PROTOCOL_TYPE) values(221193, 4, 23193, '1003192', 'B0000802',1,'1076测试服务器','4',8,'0');
insert into V_VEHICLEINFO (ORG_CODE,VEHICLE_ID,ID_NUMBER,TYPE_ID,TERMINAL_ID,DELETE_FLAG,COLOR_ID_NUMBER_ID,AUTHORIZED_PAY_MASS) values ('B0000802','2201193', '测B03192', 4, 221193, 0, '2',15);

insert into T_SIMINFO (SIM_ID, ORG_CODE, DEPTCODE, STATE,PAY_MODLE, SIM_NUM) values(23194, 'B0000802', '中国移动', 1, '预付费', 13100003193);
insert into T_TERMINALINFO (TERMINAL_ID,TTYPE_ID,SIM_ID,TERMINAL_CODE,ORG_CODE,IS_VIDEO_TERMINAL,SP_SERVER_NAME,PROTOCOL_TYPE,CHANNELS,YT_PROTOCOL_TYPE) values(221194, 4, 23194, '1003193', 'B0000802',1,'1076测试服务器','4',8,'0');
insert into V_VEHICLEINFO (ORG_CODE,VEHICLE_ID,ID_NUMBER,TYPE_ID,TERMINAL_ID,DELETE_FLAG,COLOR_ID_NUMBER_ID,AUTHORIZED_PAY_MASS) values ('B0000802','2201194', '测B03193', 4, 221194, 0, '2',15);

insert into T_SIMINFO (SIM_ID, ORG_CODE, DEPTCODE, STATE,PAY_MODLE, SIM_NUM) values(23195, 'B0000802', '中国移动', 1, '预付费', 13100003194);
insert into T_TERMINALINFO (TERMINAL_ID,TTYPE_ID,SIM_ID,TERMINAL_CODE,ORG_CODE,IS_VIDEO_TERMINAL,SP_SERVER_NAME,PROTOCOL_TYPE,CHANNELS,YT_PROTOCOL_TYPE) values(221195, 4, 23195, '1003194', 'B0000802',1,'1076测试服务器','4',8,'0');
insert into V_VEHICLEINFO (ORG_CODE,VEHICLE_ID,ID_NUMBER,TYPE_ID,TERMINAL_ID,DELETE_FLAG,COLOR_ID_NUMBER_ID,AUTHORIZED_PAY_MASS) values ('B0000802','2201195', '测B03194', 4, 221195, 0, '2',15);

insert into T_SIMINFO (SIM_ID, ORG_CODE, DEPTCODE, STATE,PAY_MODLE, SIM_NUM) values(23196, 'B0000802', '中国移动', 1, '预付费', 13100003195);
insert into T_TERMINALINFO (TERMINAL_ID,TTYPE_ID,SIM_ID,TERMINAL_CODE,ORG_CODE,IS_VIDEO_TERMINAL,SP_SERVER_NAME,PROTOCOL_TYPE,CHANNELS,YT_PROTOCOL_TYPE) values(221196, 4, 23196, '1003195', 'B0000802',1,'1076测试服务器','4',8,'0');
insert into V_VEHICLEINFO (ORG_CODE,VEHICLE_ID,ID_NUMBER,TYPE_ID,TERMINAL_ID,DELETE_FLAG,COLOR_ID_NUMBER_ID,AUTHORIZED_PAY_MASS) values ('B0000802','2201196', '测B03195', 4, 221196, 0, '2',15);

insert into T_SIMINFO (SIM_ID, ORG_CODE, DEPTCODE, STATE,PAY_MODLE, SIM_NUM) values(23197, 'B0000802', '中国移动', 1, '预付费', 13100003196);
insert into T_TERMINALINFO (TERMINAL_ID,TTYPE_ID,SIM_ID,TERMINAL_CODE,ORG_CODE,IS_VIDEO_TERMINAL,SP_SERVER_NAME,PROTOCOL_TYPE,CHANNELS,YT_PROTOCOL_TYPE) values(221197, 4, 23197, '1003196', 'B0000802',1,'1076测试服务器','4',8,'0');
insert into V_VEHICLEINFO (ORG_CODE,VEHICLE_ID,ID_NUMBER,TYPE_ID,TERMINAL_ID,DELETE_FLAG,COLOR_ID_NUMBER_ID,AUTHORIZED_PAY_MASS) values ('B0000802','2201197', '测B03196', 4, 221197, 0, '2',15);

insert into T_SIMINFO (SIM_ID, ORG_CODE, DEPTCODE, STATE,PAY_MODLE, SIM_NUM) values(23198, 'B0000802', '中国移动', 1, '预付费', 13100003197);
insert into T_TERMINALINFO (TERMINAL_ID,TTYPE_ID,SIM_ID,TERMINAL_CODE,ORG_CODE,IS_VIDEO_TERMINAL,SP_SERVER_NAME,PROTOCOL_TYPE,CHANNELS,YT_PROTOCOL_TYPE) values(221198, 4, 23198, '1003197', 'B0000802',1,'1076测试服务器','4',8,'0');
insert into V_VEHICLEINFO (ORG_CODE,VEHICLE_ID,ID_NUMBER,TYPE_ID,TERMINAL_ID,DELETE_FLAG,COLOR_ID_NUMBER_ID,AUTHORIZED_PAY_MASS) values ('B0000802','2201198', '测B03197', 4, 221198, 0, '2',15);

insert into T_SIMINFO (SIM_ID, ORG_CODE, DEPTCODE, STATE,PAY_MODLE, SIM_NUM) values(23199, 'B0000802', '中国移动', 1, '预付费', 13100003198);
insert into T_TERMINALINFO (TERMINAL_ID,TTYPE_ID,SIM_ID,TERMINAL_CODE,ORG_CODE,IS_VIDEO_TERMINAL,SP_SERVER_NAME,PROTOCOL_TYPE,CHANNELS,YT_PROTOCOL_TYPE) values(221199, 4, 23199, '1003198', 'B0000802',1,'1076测试服务器','4',8,'0');
insert into V_VEHICLEINFO (ORG_CODE,VEHICLE_ID,ID_NUMBER,TYPE_ID,TERMINAL_ID,DELETE_FLAG,COLOR_ID_NUMBER_ID,AUTHORIZED_PAY_MASS) values ('B0000802','2201199', '测B03198', 4, 221199, 0, '2',15);

insert into T_SIMINFO (SIM_ID, ORG_CODE, DEPTCODE, STATE,PAY_MODLE, SIM_NUM) values(23200, 'B0000802', '中国移动', 1, '预付费', 13100003199);
insert into T_TERMINALINFO (TERMINAL_ID,TTYPE_ID,SIM_ID,TERMINAL_CODE,ORG_CODE,IS_VIDEO_TERMINAL,SP_SERVER_NAME,PROTOCOL_TYPE,CHANNELS,YT_PROTOCOL_TYPE) values(221200, 4, 23200, '1003199', 'B0000802',1,'1076测试服务器','4',8,'0');
insert into V_VEHICLEINFO (ORG_CODE,VEHICLE_ID,ID_NUMBER,TYPE_ID,TERMINAL_ID,DELETE_FLAG,COLOR_ID_NUMBER_ID,AUTHORIZED_PAY_MASS) values ('B0000802','2201200', '测B03199', 4, 221200, 0, '2',15);

insert into T_SIMINFO (SIM_ID, ORG_CODE, DEPTCODE, STATE,PAY_MODLE, SIM_NUM) values(23201, 'B0000802', '中国移动', 1, '预付费', 13100003200);
insert into T_TERMINALINFO (TERMINAL_ID,TTYPE_ID,SIM_ID,TERMINAL_CODE,ORG_CODE,IS_VIDEO_TERMINAL,SP_SERVER_NAME,PROTOCOL_TYPE,CHANNELS,YT_PROTOCOL_TYPE) values(221201, 4, 23201, '1003200', 'B0000802',1,'1076测试服务器','4',8,'0');
insert into V_VEHICLEINFO (ORG_CODE,VEHICLE_ID,ID_NUMBER,TYPE_ID,TERMINAL_ID,DELETE_FLAG,COLOR_ID_NUMBER_ID,AUTHORIZED_PAY_MASS) values ('B0000802','2201201', '测B03200', 4, 221201, 0, '2',15);

insert into T_SIMINFO (SIM_ID, ORG_CODE, DEPTCODE, STATE,PAY_MODLE, SIM_NUM) values(23202, 'B0000802', '中国移动', 1, '预付费', 13100003201);
insert into T_TERMINALINFO (TERMINAL_ID,TTYPE_ID,SIM_ID,TERMINAL_CODE,ORG_CODE,IS_VIDEO_TERMINAL,SP_SERVER_NAME,PROTOCOL_TYPE,CHANNELS,YT_PROTOCOL_TYPE) values(221202, 4, 23202, '1003201', 'B0000802',1,'1076测试服务器','4',8,'0');
insert into V_VEHICLEINFO (ORG_CODE,VEHICLE_ID,ID_NUMBER,TYPE_ID,TERMINAL_ID,DELETE_FLAG,COLOR_ID_NUMBER_ID,AUTHORIZED_PAY_MASS) values ('B0000802','2201202', '测B03201', 4, 221202, 0, '2',15);

insert into T_SIMINFO (SIM_ID, ORG_CODE, DEPTCODE, STATE,PAY_MODLE, SIM_NUM) values(23203, 'B0000802', '中国移动', 1, '预付费', 13100003202);
insert into T_TERMINALINFO (TERMINAL_ID,TTYPE_ID,SIM_ID,TERMINAL_CODE,ORG_CODE,IS_VIDEO_TERMINAL,SP_SERVER_NAME,PROTOCOL_TYPE,CHANNELS,YT_PROTOCOL_TYPE) values(221203, 4, 23203, '1003202', 'B0000802',1,'1076测试服务器','4',8,'0');
insert into V_VEHICLEINFO (ORG_CODE,VEHICLE_ID,ID_NUMBER,TYPE_ID,TERMINAL_ID,DELETE_FLAG,COLOR_ID_NUMBER_ID,AUTHORIZED_PAY_MASS) values ('B0000802','2201203', '测B03202', 4, 221203, 0, '2',15);

insert into T_SIMINFO (SIM_ID, ORG_CODE, DEPTCODE, STATE,PAY_MODLE, SIM_NUM) values(23204, 'B0000802', '中国移动', 1, '预付费', 13100003203);
insert into T_TERMINALINFO (TERMINAL_ID,TTYPE_ID,SIM_ID,TERMINAL_CODE,ORG_CODE,IS_VIDEO_TERMINAL,SP_SERVER_NAME,PROTOCOL_TYPE,CHANNELS,YT_PROTOCOL_TYPE) values(221204, 4, 23204, '1003203', 'B0000802',1,'1076测试服务器','4',8,'0');
insert into V_VEHICLEINFO (ORG_CODE,VEHICLE_ID,ID_NUMBER,TYPE_ID,TERMINAL_ID,DELETE_FLAG,COLOR_ID_NUMBER_ID,AUTHORIZED_PAY_MASS) values ('B0000802','2201204', '测B03203', 4, 221204, 0, '2',15);

insert into T_SIMINFO (SIM_ID, ORG_CODE, DEPTCODE, STATE,PAY_MODLE, SIM_NUM) values(23205, 'B0000802', '中国移动', 1, '预付费', 13100003204);
insert into T_TERMINALINFO (TERMINAL_ID,TTYPE_ID,SIM_ID,TERMINAL_CODE,ORG_CODE,IS_VIDEO_TERMINAL,SP_SERVER_NAME,PROTOCOL_TYPE,CHANNELS,YT_PROTOCOL_TYPE) values(221205, 4, 23205, '1003204', 'B0000802',1,'1076测试服务器','4',8,'0');
insert into V_VEHICLEINFO (ORG_CODE,VEHICLE_ID,ID_NUMBER,TYPE_ID,TERMINAL_ID,DELETE_FLAG,COLOR_ID_NUMBER_ID,AUTHORIZED_PAY_MASS) values ('B0000802','2201205', '测B03204', 4, 221205, 0, '2',15);

insert into T_SIMINFO (SIM_ID, ORG_CODE, DEPTCODE, STATE,PAY_MODLE, SIM_NUM) values(23206, 'B0000802', '中国移动', 1, '预付费', 13100003205);
insert into T_TERMINALINFO (TERMINAL_ID,TTYPE_ID,SIM_ID,TERMINAL_CODE,ORG_CODE,IS_VIDEO_TERMINAL,SP_SERVER_NAME,PROTOCOL_TYPE,CHANNELS,YT_PROTOCOL_TYPE) values(221206, 4, 23206, '1003205', 'B0000802',1,'1076测试服务器','4',8,'0');
insert into V_VEHICLEINFO (ORG_CODE,VEHICLE_ID,ID_NUMBER,TYPE_ID,TERMINAL_ID,DELETE_FLAG,COLOR_ID_NUMBER_ID,AUTHORIZED_PAY_MASS) values ('B0000802','2201206', '测B03205', 4, 221206, 0, '2',15);

insert into T_SIMINFO (SIM_ID, ORG_CODE, DEPTCODE, STATE,PAY_MODLE, SIM_NUM) values(23207, 'B0000802', '中国移动', 1, '预付费', 13100003206);
insert into T_TERMINALINFO (TERMINAL_ID,TTYPE_ID,SIM_ID,TERMINAL_CODE,ORG_CODE,IS_VIDEO_TERMINAL,SP_SERVER_NAME,PROTOCOL_TYPE,CHANNELS,YT_PROTOCOL_TYPE) values(221207, 4, 23207, '1003206', 'B0000802',1,'1076测试服务器','4',8,'0');
insert into V_VEHICLEINFO (ORG_CODE,VEHICLE_ID,ID_NUMBER,TYPE_ID,TERMINAL_ID,DELETE_FLAG,COLOR_ID_NUMBER_ID,AUTHORIZED_PAY_MASS) values ('B0000802','2201207', '测B03206', 4, 221207, 0, '2',15);

insert into T_SIMINFO (SIM_ID, ORG_CODE, DEPTCODE, STATE,PAY_MODLE, SIM_NUM) values(23208, 'B0000802', '中国移动', 1, '预付费', 13100003207);
insert into T_TERMINALINFO (TERMINAL_ID,TTYPE_ID,SIM_ID,TERMINAL_CODE,ORG_CODE,IS_VIDEO_TERMINAL,SP_SERVER_NAME,PROTOCOL_TYPE,CHANNELS,YT_PROTOCOL_TYPE) values(221208, 4, 23208, '1003207', 'B0000802',1,'1076测试服务器','4',8,'0');
insert into V_VEHICLEINFO (ORG_CODE,VEHICLE_ID,ID_NUMBER,TYPE_ID,TERMINAL_ID,DELETE_FLAG,COLOR_ID_NUMBER_ID,AUTHORIZED_PAY_MASS) values ('B0000802','2201208', '测B03207', 4, 221208, 0, '2',15);

insert into T_SIMINFO (SIM_ID, ORG_CODE, DEPTCODE, STATE,PAY_MODLE, SIM_NUM) values(23209, 'B0000802', '中国移动', 1, '预付费', 13100003208);
insert into T_TERMINALINFO (TERMINAL_ID,TTYPE_ID,SIM_ID,TERMINAL_CODE,ORG_CODE,IS_VIDEO_TERMINAL,SP_SERVER_NAME,PROTOCOL_TYPE,CHANNELS,YT_PROTOCOL_TYPE) values(221209, 4, 23209, '1003208', 'B0000802',1,'1076测试服务器','4',8,'0');
insert into V_VEHICLEINFO (ORG_CODE,VEHICLE_ID,ID_NUMBER,TYPE_ID,TERMINAL_ID,DELETE_FLAG,COLOR_ID_NUMBER_ID,AUTHORIZED_PAY_MASS) values ('B0000802','2201209', '测B03208', 4, 221209, 0, '2',15);

insert into T_SIMINFO (SIM_ID, ORG_CODE, DEPTCODE, STATE,PAY_MODLE, SIM_NUM) values(23210, 'B0000802', '中国移动', 1, '预付费', 13100003209);
insert into T_TERMINALINFO (TERMINAL_ID,TTYPE_ID,SIM_ID,TERMINAL_CODE,ORG_CODE,IS_VIDEO_TERMINAL,SP_SERVER_NAME,PROTOCOL_TYPE,CHANNELS,YT_PROTOCOL_TYPE) values(221210, 4, 23210, '1003209', 'B0000802',1,'1076测试服务器','4',8,'0');
insert into V_VEHICLEINFO (ORG_CODE,VEHICLE_ID,ID_NUMBER,TYPE_ID,TERMINAL_ID,DELETE_FLAG,COLOR_ID_NUMBER_ID,AUTHORIZED_PAY_MASS) values ('B0000802','2201210', '测B03209', 4, 221210, 0, '2',15);

insert into T_SIMINFO (SIM_ID, ORG_CODE, DEPTCODE, STATE,PAY_MODLE, SIM_NUM) values(23211, 'B0000802', '中国移动', 1, '预付费', 13100003210);
insert into T_TERMINALINFO (TERMINAL_ID,TTYPE_ID,SIM_ID,TERMINAL_CODE,ORG_CODE,IS_VIDEO_TERMINAL,SP_SERVER_NAME,PROTOCOL_TYPE,CHANNELS,YT_PROTOCOL_TYPE) values(221211, 4, 23211, '1003210', 'B0000802',1,'1076测试服务器','4',8,'0');
insert into V_VEHICLEINFO (ORG_CODE,VEHICLE_ID,ID_NUMBER,TYPE_ID,TERMINAL_ID,DELETE_FLAG,COLOR_ID_NUMBER_ID,AUTHORIZED_PAY_MASS) values ('B0000802','2201211', '测B03210', 4, 221211, 0, '2',15);

insert into T_SIMINFO (SIM_ID, ORG_CODE, DEPTCODE, STATE,PAY_MODLE, SIM_NUM) values(23212, 'B0000802', '中国移动', 1, '预付费', 13100003211);
insert into T_TERMINALINFO (TERMINAL_ID,TTYPE_ID,SIM_ID,TERMINAL_CODE,ORG_CODE,IS_VIDEO_TERMINAL,SP_SERVER_NAME,PROTOCOL_TYPE,CHANNELS,YT_PROTOCOL_TYPE) values(221212, 4, 23212, '1003211', 'B0000802',1,'1076测试服务器','4',8,'0');
insert into V_VEHICLEINFO (ORG_CODE,VEHICLE_ID,ID_NUMBER,TYPE_ID,TERMINAL_ID,DELETE_FLAG,COLOR_ID_NUMBER_ID,AUTHORIZED_PAY_MASS) values ('B0000802','2201212', '测B03211', 4, 221212, 0, '2',15);

insert into T_SIMINFO (SIM_ID, ORG_CODE, DEPTCODE, STATE,PAY_MODLE, SIM_NUM) values(23213, 'B0000802', '中国移动', 1, '预付费', 13100003212);
insert into T_TERMINALINFO (TERMINAL_ID,TTYPE_ID,SIM_ID,TERMINAL_CODE,ORG_CODE,IS_VIDEO_TERMINAL,SP_SERVER_NAME,PROTOCOL_TYPE,CHANNELS,YT_PROTOCOL_TYPE) values(221213, 4, 23213, '1003212', 'B0000802',1,'1076测试服务器','4',8,'0');
insert into V_VEHICLEINFO (ORG_CODE,VEHICLE_ID,ID_NUMBER,TYPE_ID,TERMINAL_ID,DELETE_FLAG,COLOR_ID_NUMBER_ID,AUTHORIZED_PAY_MASS) values ('B0000802','2201213', '测B03212', 4, 221213, 0, '2',15);

insert into T_SIMINFO (SIM_ID, ORG_CODE, DEPTCODE, STATE,PAY_MODLE, SIM_NUM) values(23214, 'B0000802', '中国移动', 1, '预付费', 13100003213);
insert into T_TERMINALINFO (TERMINAL_ID,TTYPE_ID,SIM_ID,TERMINAL_CODE,ORG_CODE,IS_VIDEO_TERMINAL,SP_SERVER_NAME,PROTOCOL_TYPE,CHANNELS,YT_PROTOCOL_TYPE) values(221214, 4, 23214, '1003213', 'B0000802',1,'1076测试服务器','4',8,'0');
insert into V_VEHICLEINFO (ORG_CODE,VEHICLE_ID,ID_NUMBER,TYPE_ID,TERMINAL_ID,DELETE_FLAG,COLOR_ID_NUMBER_ID,AUTHORIZED_PAY_MASS) values ('B0000802','2201214', '测B03213', 4, 221214, 0, '2',15);

insert into T_SIMINFO (SIM_ID, ORG_CODE, DEPTCODE, STATE,PAY_MODLE, SIM_NUM) values(23215, 'B0000802', '中国移动', 1, '预付费', 13100003214);
insert into T_TERMINALINFO (TERMINAL_ID,TTYPE_ID,SIM_ID,TERMINAL_CODE,ORG_CODE,IS_VIDEO_TERMINAL,SP_SERVER_NAME,PROTOCOL_TYPE,CHANNELS,YT_PROTOCOL_TYPE) values(221215, 4, 23215, '1003214', 'B0000802',1,'1076测试服务器','4',8,'0');
insert into V_VEHICLEINFO (ORG_CODE,VEHICLE_ID,ID_NUMBER,TYPE_ID,TERMINAL_ID,DELETE_FLAG,COLOR_ID_NUMBER_ID,AUTHORIZED_PAY_MASS) values ('B0000802','2201215', '测B03214', 4, 221215, 0, '2',15);

insert into T_SIMINFO (SIM_ID, ORG_CODE, DEPTCODE, STATE,PAY_MODLE, SIM_NUM) values(23216, 'B0000802', '中国移动', 1, '预付费', 13100003215);
insert into T_TERMINALINFO (TERMINAL_ID,TTYPE_ID,SIM_ID,TERMINAL_CODE,ORG_CODE,IS_VIDEO_TERMINAL,SP_SERVER_NAME,PROTOCOL_TYPE,CHANNELS,YT_PROTOCOL_TYPE) values(221216, 4, 23216, '1003215', 'B0000802',1,'1076测试服务器','4',8,'0');
insert into V_VEHICLEINFO (ORG_CODE,VEHICLE_ID,ID_NUMBER,TYPE_ID,TERMINAL_ID,DELETE_FLAG,COLOR_ID_NUMBER_ID,AUTHORIZED_PAY_MASS) values ('B0000802','2201216', '测B03215', 4, 221216, 0, '2',15);

insert into T_SIMINFO (SIM_ID, ORG_CODE, DEPTCODE, STATE,PAY_MODLE, SIM_NUM) values(23217, 'B0000802', '中国移动', 1, '预付费', 13100003216);
insert into T_TERMINALINFO (TERMINAL_ID,TTYPE_ID,SIM_ID,TERMINAL_CODE,ORG_CODE,IS_VIDEO_TERMINAL,SP_SERVER_NAME,PROTOCOL_TYPE,CHANNELS,YT_PROTOCOL_TYPE) values(221217, 4, 23217, '1003216', 'B0000802',1,'1076测试服务器','4',8,'0');
insert into V_VEHICLEINFO (ORG_CODE,VEHICLE_ID,ID_NUMBER,TYPE_ID,TERMINAL_ID,DELETE_FLAG,COLOR_ID_NUMBER_ID,AUTHORIZED_PAY_MASS) values ('B0000802','2201217', '测B03216', 4, 221217, 0, '2',15);

insert into T_SIMINFO (SIM_ID, ORG_CODE, DEPTCODE, STATE,PAY_MODLE, SIM_NUM) values(23218, 'B0000802', '中国移动', 1, '预付费', 13100003217);
insert into T_TERMINALINFO (TERMINAL_ID,TTYPE_ID,SIM_ID,TERMINAL_CODE,ORG_CODE,IS_VIDEO_TERMINAL,SP_SERVER_NAME,PROTOCOL_TYPE,CHANNELS,YT_PROTOCOL_TYPE) values(221218, 4, 23218, '1003217', 'B0000802',1,'1076测试服务器','4',8,'0');
insert into V_VEHICLEINFO (ORG_CODE,VEHICLE_ID,ID_NUMBER,TYPE_ID,TERMINAL_ID,DELETE_FLAG,COLOR_ID_NUMBER_ID,AUTHORIZED_PAY_MASS) values ('B0000802','2201218', '测B03217', 4, 221218, 0, '2',15);

insert into T_SIMINFO (SIM_ID, ORG_CODE, DEPTCODE, STATE,PAY_MODLE, SIM_NUM) values(23219, 'B0000802', '中国移动', 1, '预付费', 13100003218);
insert into T_TERMINALINFO (TERMINAL_ID,TTYPE_ID,SIM_ID,TERMINAL_CODE,ORG_CODE,IS_VIDEO_TERMINAL,SP_SERVER_NAME,PROTOCOL_TYPE,CHANNELS,YT_PROTOCOL_TYPE) values(221219, 4, 23219, '1003218', 'B0000802',1,'1076测试服务器','4',8,'0');
insert into V_VEHICLEINFO (ORG_CODE,VEHICLE_ID,ID_NUMBER,TYPE_ID,TERMINAL_ID,DELETE_FLAG,COLOR_ID_NUMBER_ID,AUTHORIZED_PAY_MASS) values ('B0000802','2201219', '测B03218', 4, 221219, 0, '2',15);

insert into T_SIMINFO (SIM_ID, ORG_CODE, DEPTCODE, STATE,PAY_MODLE, SIM_NUM) values(23220, 'B0000802', '中国移动', 1, '预付费', 13100003219);
insert into T_TERMINALINFO (TERMINAL_ID,TTYPE_ID,SIM_ID,TERMINAL_CODE,ORG_CODE,IS_VIDEO_TERMINAL,SP_SERVER_NAME,PROTOCOL_TYPE,CHANNELS,YT_PROTOCOL_TYPE) values(221220, 4, 23220, '1003219', 'B0000802',1,'1076测试服务器','4',8,'0');
insert into V_VEHICLEINFO (ORG_CODE,VEHICLE_ID,ID_NUMBER,TYPE_ID,TERMINAL_ID,DELETE_FLAG,COLOR_ID_NUMBER_ID,AUTHORIZED_PAY_MASS) values ('B0000802','2201220', '测B03219', 4, 221220, 0, '2',15);

insert into T_SIMINFO (SIM_ID, ORG_CODE, DEPTCODE, STATE,PAY_MODLE, SIM_NUM) values(23221, 'B0000802', '中国移动', 1, '预付费', 13100003220);
insert into T_TERMINALINFO (TERMINAL_ID,TTYPE_ID,SIM_ID,TERMINAL_CODE,ORG_CODE,IS_VIDEO_TERMINAL,SP_SERVER_NAME,PROTOCOL_TYPE,CHANNELS,YT_PROTOCOL_TYPE) values(221221, 4, 23221, '1003220', 'B0000802',1,'1076测试服务器','4',8,'0');
insert into V_VEHICLEINFO (ORG_CODE,VEHICLE_ID,ID_NUMBER,TYPE_ID,TERMINAL_ID,DELETE_FLAG,COLOR_ID_NUMBER_ID,AUTHORIZED_PAY_MASS) values ('B0000802','2201221', '测B03220', 4, 221221, 0, '2',15);

insert into T_SIMINFO (SIM_ID, ORG_CODE, DEPTCODE, STATE,PAY_MODLE, SIM_NUM) values(23222, 'B0000802', '中国移动', 1, '预付费', 13100003221);
insert into T_TERMINALINFO (TERMINAL_ID,TTYPE_ID,SIM_ID,TERMINAL_CODE,ORG_CODE,IS_VIDEO_TERMINAL,SP_SERVER_NAME,PROTOCOL_TYPE,CHANNELS,YT_PROTOCOL_TYPE) values(221222, 4, 23222, '1003221', 'B0000802',1,'1076测试服务器','4',8,'0');
insert into V_VEHICLEINFO (ORG_CODE,VEHICLE_ID,ID_NUMBER,TYPE_ID,TERMINAL_ID,DELETE_FLAG,COLOR_ID_NUMBER_ID,AUTHORIZED_PAY_MASS) values ('B0000802','2201222', '测B03221', 4, 221222, 0, '2',15);

insert into T_SIMINFO (SIM_ID, ORG_CODE, DEPTCODE, STATE,PAY_MODLE, SIM_NUM) values(23223, 'B0000802', '中国移动', 1, '预付费', 13100003222);
insert into T_TERMINALINFO (TERMINAL_ID,TTYPE_ID,SIM_ID,TERMINAL_CODE,ORG_CODE,IS_VIDEO_TERMINAL,SP_SERVER_NAME,PROTOCOL_TYPE,CHANNELS,YT_PROTOCOL_TYPE) values(221223, 4, 23223, '1003222', 'B0000802',1,'1076测试服务器','4',8,'0');
insert into V_VEHICLEINFO (ORG_CODE,VEHICLE_ID,ID_NUMBER,TYPE_ID,TERMINAL_ID,DELETE_FLAG,COLOR_ID_NUMBER_ID,AUTHORIZED_PAY_MASS) values ('B0000802','2201223', '测B03222', 4, 221223, 0, '2',15);

insert into T_SIMINFO (SIM_ID, ORG_CODE, DEPTCODE, STATE,PAY_MODLE, SIM_NUM) values(23224, 'B0000802', '中国移动', 1, '预付费', 13100003223);
insert into T_TERMINALINFO (TERMINAL_ID,TTYPE_ID,SIM_ID,TERMINAL_CODE,ORG_CODE,IS_VIDEO_TERMINAL,SP_SERVER_NAME,PROTOCOL_TYPE,CHANNELS,YT_PROTOCOL_TYPE) values(221224, 4, 23224, '1003223', 'B0000802',1,'1076测试服务器','4',8,'0');
insert into V_VEHICLEINFO (ORG_CODE,VEHICLE_ID,ID_NUMBER,TYPE_ID,TERMINAL_ID,DELETE_FLAG,COLOR_ID_NUMBER_ID,AUTHORIZED_PAY_MASS) values ('B0000802','2201224', '测B03223', 4, 221224, 0, '2',15);

insert into T_SIMINFO (SIM_ID, ORG_CODE, DEPTCODE, STATE,PAY_MODLE, SIM_NUM) values(23225, 'B0000802', '中国移动', 1, '预付费', 13100003224);
insert into T_TERMINALINFO (TERMINAL_ID,TTYPE_ID,SIM_ID,TERMINAL_CODE,ORG_CODE,IS_VIDEO_TERMINAL,SP_SERVER_NAME,PROTOCOL_TYPE,CHANNELS,YT_PROTOCOL_TYPE) values(221225, 4, 23225, '1003224', 'B0000802',1,'1076测试服务器','4',8,'0');
insert into V_VEHICLEINFO (ORG_CODE,VEHICLE_ID,ID_NUMBER,TYPE_ID,TERMINAL_ID,DELETE_FLAG,COLOR_ID_NUMBER_ID,AUTHORIZED_PAY_MASS) values ('B0000802','2201225', '测B03224', 4, 221225, 0, '2',15);

insert into T_SIMINFO (SIM_ID, ORG_CODE, DEPTCODE, STATE,PAY_MODLE, SIM_NUM) values(23226, 'B0000802', '中国移动', 1, '预付费', 13100003225);
insert into T_TERMINALINFO (TERMINAL_ID,TTYPE_ID,SIM_ID,TERMINAL_CODE,ORG_CODE,IS_VIDEO_TERMINAL,SP_SERVER_NAME,PROTOCOL_TYPE,CHANNELS,YT_PROTOCOL_TYPE) values(221226, 4, 23226, '1003225', 'B0000802',1,'1076测试服务器','4',8,'0');
insert into V_VEHICLEINFO (ORG_CODE,VEHICLE_ID,ID_NUMBER,TYPE_ID,TERMINAL_ID,DELETE_FLAG,COLOR_ID_NUMBER_ID,AUTHORIZED_PAY_MASS) values ('B0000802','2201226', '测B03225', 4, 221226, 0, '2',15);

insert into T_SIMINFO (SIM_ID, ORG_CODE, DEPTCODE, STATE,PAY_MODLE, SIM_NUM) values(23227, 'B0000802', '中国移动', 1, '预付费', 13100003226);
insert into T_TERMINALINFO (TERMINAL_ID,TTYPE_ID,SIM_ID,TERMINAL_CODE,ORG_CODE,IS_VIDEO_TERMINAL,SP_SERVER_NAME,PROTOCOL_TYPE,CHANNELS,YT_PROTOCOL_TYPE) values(221227, 4, 23227, '1003226', 'B0000802',1,'1076测试服务器','4',8,'0');
insert into V_VEHICLEINFO (ORG_CODE,VEHICLE_ID,ID_NUMBER,TYPE_ID,TERMINAL_ID,DELETE_FLAG,COLOR_ID_NUMBER_ID,AUTHORIZED_PAY_MASS) values ('B0000802','2201227', '测B03226', 4, 221227, 0, '2',15);

insert into T_SIMINFO (SIM_ID, ORG_CODE, DEPTCODE, STATE,PAY_MODLE, SIM_NUM) values(23228, 'B0000802', '中国移动', 1, '预付费', 13100003227);
insert into T_TERMINALINFO (TERMINAL_ID,TTYPE_ID,SIM_ID,TERMINAL_CODE,ORG_CODE,IS_VIDEO_TERMINAL,SP_SERVER_NAME,PROTOCOL_TYPE,CHANNELS,YT_PROTOCOL_TYPE) values(221228, 4, 23228, '1003227', 'B0000802',1,'1076测试服务器','4',8,'0');
insert into V_VEHICLEINFO (ORG_CODE,VEHICLE_ID,ID_NUMBER,TYPE_ID,TERMINAL_ID,DELETE_FLAG,COLOR_ID_NUMBER_ID,AUTHORIZED_PAY_MASS) values ('B0000802','2201228', '测B03227', 4, 221228, 0, '2',15);

insert into T_SIMINFO (SIM_ID, ORG_CODE, DEPTCODE, STATE,PAY_MODLE, SIM_NUM) values(23229, 'B0000802', '中国移动', 1, '预付费', 13100003228);
insert into T_TERMINALINFO (TERMINAL_ID,TTYPE_ID,SIM_ID,TERMINAL_CODE,ORG_CODE,IS_VIDEO_TERMINAL,SP_SERVER_NAME,PROTOCOL_TYPE,CHANNELS,YT_PROTOCOL_TYPE) values(221229, 4, 23229, '1003228', 'B0000802',1,'1076测试服务器','4',8,'0');
insert into V_VEHICLEINFO (ORG_CODE,VEHICLE_ID,ID_NUMBER,TYPE_ID,TERMINAL_ID,DELETE_FLAG,COLOR_ID_NUMBER_ID,AUTHORIZED_PAY_MASS) values ('B0000802','2201229', '测B03228', 4, 221229, 0, '2',15);

insert into T_SIMINFO (SIM_ID, ORG_CODE, DEPTCODE, STATE,PAY_MODLE, SIM_NUM) values(23230, 'B0000802', '中国移动', 1, '预付费', 13100003229);
insert into T_TERMINALINFO (TERMINAL_ID,TTYPE_ID,SIM_ID,TERMINAL_CODE,ORG_CODE,IS_VIDEO_TERMINAL,SP_SERVER_NAME,PROTOCOL_TYPE,CHANNELS,YT_PROTOCOL_TYPE) values(221230, 4, 23230, '1003229', 'B0000802',1,'1076测试服务器','4',8,'0');
insert into V_VEHICLEINFO (ORG_CODE,VEHICLE_ID,ID_NUMBER,TYPE_ID,TERMINAL_ID,DELETE_FLAG,COLOR_ID_NUMBER_ID,AUTHORIZED_PAY_MASS) values ('B0000802','2201230', '测B03229', 4, 221230, 0, '2',15);

insert into T_SIMINFO (SIM_ID, ORG_CODE, DEPTCODE, STATE,PAY_MODLE, SIM_NUM) values(23231, 'B0000802', '中国移动', 1, '预付费', 13100003230);
insert into T_TERMINALINFO (TERMINAL_ID,TTYPE_ID,SIM_ID,TERMINAL_CODE,ORG_CODE,IS_VIDEO_TERMINAL,SP_SERVER_NAME,PROTOCOL_TYPE,CHANNELS,YT_PROTOCOL_TYPE) values(221231, 4, 23231, '1003230', 'B0000802',1,'1076测试服务器','4',8,'0');
insert into V_VEHICLEINFO (ORG_CODE,VEHICLE_ID,ID_NUMBER,TYPE_ID,TERMINAL_ID,DELETE_FLAG,COLOR_ID_NUMBER_ID,AUTHORIZED_PAY_MASS) values ('B0000802','2201231', '测B03230', 4, 221231, 0, '2',15);

insert into T_SIMINFO (SIM_ID, ORG_CODE, DEPTCODE, STATE,PAY_MODLE, SIM_NUM) values(23232, 'B0000802', '中国移动', 1, '预付费', 13100003231);
insert into T_TERMINALINFO (TERMINAL_ID,TTYPE_ID,SIM_ID,TERMINAL_CODE,ORG_CODE,IS_VIDEO_TERMINAL,SP_SERVER_NAME,PROTOCOL_TYPE,CHANNELS,YT_PROTOCOL_TYPE) values(221232, 4, 23232, '1003231', 'B0000802',1,'1076测试服务器','4',8,'0');
insert into V_VEHICLEINFO (ORG_CODE,VEHICLE_ID,ID_NUMBER,TYPE_ID,TERMINAL_ID,DELETE_FLAG,COLOR_ID_NUMBER_ID,AUTHORIZED_PAY_MASS) values ('B0000802','2201232', '测B03231', 4, 221232, 0, '2',15);

insert into T_SIMINFO (SIM_ID, ORG_CODE, DEPTCODE, STATE,PAY_MODLE, SIM_NUM) values(23233, 'B0000802', '中国移动', 1, '预付费', 13100003232);
insert into T_TERMINALINFO (TERMINAL_ID,TTYPE_ID,SIM_ID,TERMINAL_CODE,ORG_CODE,IS_VIDEO_TERMINAL,SP_SERVER_NAME,PROTOCOL_TYPE,CHANNELS,YT_PROTOCOL_TYPE) values(221233, 4, 23233, '1003232', 'B0000802',1,'1076测试服务器','4',8,'0');
insert into V_VEHICLEINFO (ORG_CODE,VEHICLE_ID,ID_NUMBER,TYPE_ID,TERMINAL_ID,DELETE_FLAG,COLOR_ID_NUMBER_ID,AUTHORIZED_PAY_MASS) values ('B0000802','2201233', '测B03232', 4, 221233, 0, '2',15);

insert into T_SIMINFO (SIM_ID, ORG_CODE, DEPTCODE, STATE,PAY_MODLE, SIM_NUM) values(23234, 'B0000802', '中国移动', 1, '预付费', 13100003233);
insert into T_TERMINALINFO (TERMINAL_ID,TTYPE_ID,SIM_ID,TERMINAL_CODE,ORG_CODE,IS_VIDEO_TERMINAL,SP_SERVER_NAME,PROTOCOL_TYPE,CHANNELS,YT_PROTOCOL_TYPE) values(221234, 4, 23234, '1003233', 'B0000802',1,'1076测试服务器','4',8,'0');
insert into V_VEHICLEINFO (ORG_CODE,VEHICLE_ID,ID_NUMBER,TYPE_ID,TERMINAL_ID,DELETE_FLAG,COLOR_ID_NUMBER_ID,AUTHORIZED_PAY_MASS) values ('B0000802','2201234', '测B03233', 4, 221234, 0, '2',15);

insert into T_SIMINFO (SIM_ID, ORG_CODE, DEPTCODE, STATE,PAY_MODLE, SIM_NUM) values(23235, 'B0000802', '中国移动', 1, '预付费', 13100003234);
insert into T_TERMINALINFO (TERMINAL_ID,TTYPE_ID,SIM_ID,TERMINAL_CODE,ORG_CODE,IS_VIDEO_TERMINAL,SP_SERVER_NAME,PROTOCOL_TYPE,CHANNELS,YT_PROTOCOL_TYPE) values(221235, 4, 23235, '1003234', 'B0000802',1,'1076测试服务器','4',8,'0');
insert into V_VEHICLEINFO (ORG_CODE,VEHICLE_ID,ID_NUMBER,TYPE_ID,TERMINAL_ID,DELETE_FLAG,COLOR_ID_NUMBER_ID,AUTHORIZED_PAY_MASS) values ('B0000802','2201235', '测B03234', 4, 221235, 0, '2',15);

insert into T_SIMINFO (SIM_ID, ORG_CODE, DEPTCODE, STATE,PAY_MODLE, SIM_NUM) values(23236, 'B0000802', '中国移动', 1, '预付费', 13100003235);
insert into T_TERMINALINFO (TERMINAL_ID,TTYPE_ID,SIM_ID,TERMINAL_CODE,ORG_CODE,IS_VIDEO_TERMINAL,SP_SERVER_NAME,PROTOCOL_TYPE,CHANNELS,YT_PROTOCOL_TYPE) values(221236, 4, 23236, '1003235', 'B0000802',1,'1076测试服务器','4',8,'0');
insert into V_VEHICLEINFO (ORG_CODE,VEHICLE_ID,ID_NUMBER,TYPE_ID,TERMINAL_ID,DELETE_FLAG,COLOR_ID_NUMBER_ID,AUTHORIZED_PAY_MASS) values ('B0000802','2201236', '测B03235', 4, 221236, 0, '2',15);

insert into T_SIMINFO (SIM_ID, ORG_CODE, DEPTCODE, STATE,PAY_MODLE, SIM_NUM) values(23237, 'B0000802', '中国移动', 1, '预付费', 13100003236);
insert into T_TERMINALINFO (TERMINAL_ID,TTYPE_ID,SIM_ID,TERMINAL_CODE,ORG_CODE,IS_VIDEO_TERMINAL,SP_SERVER_NAME,PROTOCOL_TYPE,CHANNELS,YT_PROTOCOL_TYPE) values(221237, 4, 23237, '1003236', 'B0000802',1,'1076测试服务器','4',8,'0');
insert into V_VEHICLEINFO (ORG_CODE,VEHICLE_ID,ID_NUMBER,TYPE_ID,TERMINAL_ID,DELETE_FLAG,COLOR_ID_NUMBER_ID,AUTHORIZED_PAY_MASS) values ('B0000802','2201237', '测B03236', 4, 221237, 0, '2',15);

insert into T_SIMINFO (SIM_ID, ORG_CODE, DEPTCODE, STATE,PAY_MODLE, SIM_NUM) values(23238, 'B0000802', '中国移动', 1, '预付费', 13100003237);
insert into T_TERMINALINFO (TERMINAL_ID,TTYPE_ID,SIM_ID,TERMINAL_CODE,ORG_CODE,IS_VIDEO_TERMINAL,SP_SERVER_NAME,PROTOCOL_TYPE,CHANNELS,YT_PROTOCOL_TYPE) values(221238, 4, 23238, '1003237', 'B0000802',1,'1076测试服务器','4',8,'0');
insert into V_VEHICLEINFO (ORG_CODE,VEHICLE_ID,ID_NUMBER,TYPE_ID,TERMINAL_ID,DELETE_FLAG,COLOR_ID_NUMBER_ID,AUTHORIZED_PAY_MASS) values ('B0000802','2201238', '测B03237', 4, 221238, 0, '2',15);

insert into T_SIMINFO (SIM_ID, ORG_CODE, DEPTCODE, STATE,PAY_MODLE, SIM_NUM) values(23239, 'B0000802', '中国移动', 1, '预付费', 13100003238);
insert into T_TERMINALINFO (TERMINAL_ID,TTYPE_ID,SIM_ID,TERMINAL_CODE,ORG_CODE,IS_VIDEO_TERMINAL,SP_SERVER_NAME,PROTOCOL_TYPE,CHANNELS,YT_PROTOCOL_TYPE) values(221239, 4, 23239, '1003238', 'B0000802',1,'1076测试服务器','4',8,'0');
insert into V_VEHICLEINFO (ORG_CODE,VEHICLE_ID,ID_NUMBER,TYPE_ID,TERMINAL_ID,DELETE_FLAG,COLOR_ID_NUMBER_ID,AUTHORIZED_PAY_MASS) values ('B0000802','2201239', '测B03238', 4, 221239, 0, '2',15);

insert into T_SIMINFO (SIM_ID, ORG_CODE, DEPTCODE, STATE,PAY_MODLE, SIM_NUM) values(23240, 'B0000802', '中国移动', 1, '预付费', 13100003239);
insert into T_TERMINALINFO (TERMINAL_ID,TTYPE_ID,SIM_ID,TERMINAL_CODE,ORG_CODE,IS_VIDEO_TERMINAL,SP_SERVER_NAME,PROTOCOL_TYPE,CHANNELS,YT_PROTOCOL_TYPE) values(221240, 4, 23240, '1003239', 'B0000802',1,'1076测试服务器','4',8,'0');
insert into V_VEHICLEINFO (ORG_CODE,VEHICLE_ID,ID_NUMBER,TYPE_ID,TERMINAL_ID,DELETE_FLAG,COLOR_ID_NUMBER_ID,AUTHORIZED_PAY_MASS) values ('B0000802','2201240', '测B03239', 4, 221240, 0, '2',15);

insert into T_SIMINFO (SIM_ID, ORG_CODE, DEPTCODE, STATE,PAY_MODLE, SIM_NUM) values(23241, 'B0000802', '中国移动', 1, '预付费', 13100003240);
insert into T_TERMINALINFO (TERMINAL_ID,TTYPE_ID,SIM_ID,TERMINAL_CODE,ORG_CODE,IS_VIDEO_TERMINAL,SP_SERVER_NAME,PROTOCOL_TYPE,CHANNELS,YT_PROTOCOL_TYPE) values(221241, 4, 23241, '1003240', 'B0000802',1,'1076测试服务器','4',8,'0');
insert into V_VEHICLEINFO (ORG_CODE,VEHICLE_ID,ID_NUMBER,TYPE_ID,TERMINAL_ID,DELETE_FLAG,COLOR_ID_NUMBER_ID,AUTHORIZED_PAY_MASS) values ('B0000802','2201241', '测B03240', 4, 221241, 0, '2',15);

insert into T_SIMINFO (SIM_ID, ORG_CODE, DEPTCODE, STATE,PAY_MODLE, SIM_NUM) values(23242, 'B0000802', '中国移动', 1, '预付费', 13100003241);
insert into T_TERMINALINFO (TERMINAL_ID,TTYPE_ID,SIM_ID,TERMINAL_CODE,ORG_CODE,IS_VIDEO_TERMINAL,SP_SERVER_NAME,PROTOCOL_TYPE,CHANNELS,YT_PROTOCOL_TYPE) values(221242, 4, 23242, '1003241', 'B0000802',1,'1076测试服务器','4',8,'0');
insert into V_VEHICLEINFO (ORG_CODE,VEHICLE_ID,ID_NUMBER,TYPE_ID,TERMINAL_ID,DELETE_FLAG,COLOR_ID_NUMBER_ID,AUTHORIZED_PAY_MASS) values ('B0000802','2201242', '测B03241', 4, 221242, 0, '2',15);

insert into T_SIMINFO (SIM_ID, ORG_CODE, DEPTCODE, STATE,PAY_MODLE, SIM_NUM) values(23243, 'B0000802', '中国移动', 1, '预付费', 13100003242);
insert into T_TERMINALINFO (TERMINAL_ID,TTYPE_ID,SIM_ID,TERMINAL_CODE,ORG_CODE,IS_VIDEO_TERMINAL,SP_SERVER_NAME,PROTOCOL_TYPE,CHANNELS,YT_PROTOCOL_TYPE) values(221243, 4, 23243, '1003242', 'B0000802',1,'1076测试服务器','4',8,'0');
insert into V_VEHICLEINFO (ORG_CODE,VEHICLE_ID,ID_NUMBER,TYPE_ID,TERMINAL_ID,DELETE_FLAG,COLOR_ID_NUMBER_ID,AUTHORIZED_PAY_MASS) values ('B0000802','2201243', '测B03242', 4, 221243, 0, '2',15);

insert into T_SIMINFO (SIM_ID, ORG_CODE, DEPTCODE, STATE,PAY_MODLE, SIM_NUM) values(23244, 'B0000802', '中国移动', 1, '预付费', 13100003243);
insert into T_TERMINALINFO (TERMINAL_ID,TTYPE_ID,SIM_ID,TERMINAL_CODE,ORG_CODE,IS_VIDEO_TERMINAL,SP_SERVER_NAME,PROTOCOL_TYPE,CHANNELS,YT_PROTOCOL_TYPE) values(221244, 4, 23244, '1003243', 'B0000802',1,'1076测试服务器','4',8,'0');
insert into V_VEHICLEINFO (ORG_CODE,VEHICLE_ID,ID_NUMBER,TYPE_ID,TERMINAL_ID,DELETE_FLAG,COLOR_ID_NUMBER_ID,AUTHORIZED_PAY_MASS) values ('B0000802','2201244', '测B03243', 4, 221244, 0, '2',15);

insert into T_SIMINFO (SIM_ID, ORG_CODE, DEPTCODE, STATE,PAY_MODLE, SIM_NUM) values(23245, 'B0000802', '中国移动', 1, '预付费', 13100003244);
insert into T_TERMINALINFO (TERMINAL_ID,TTYPE_ID,SIM_ID,TERMINAL_CODE,ORG_CODE,IS_VIDEO_TERMINAL,SP_SERVER_NAME,PROTOCOL_TYPE,CHANNELS,YT_PROTOCOL_TYPE) values(221245, 4, 23245, '1003244', 'B0000802',1,'1076测试服务器','4',8,'0');
insert into V_VEHICLEINFO (ORG_CODE,VEHICLE_ID,ID_NUMBER,TYPE_ID,TERMINAL_ID,DELETE_FLAG,COLOR_ID_NUMBER_ID,AUTHORIZED_PAY_MASS) values ('B0000802','2201245', '测B03244', 4, 221245, 0, '2',15);

insert into T_SIMINFO (SIM_ID, ORG_CODE, DEPTCODE, STATE,PAY_MODLE, SIM_NUM) values(23246, 'B0000802', '中国移动', 1, '预付费', 13100003245);
insert into T_TERMINALINFO (TERMINAL_ID,TTYPE_ID,SIM_ID,TERMINAL_CODE,ORG_CODE,IS_VIDEO_TERMINAL,SP_SERVER_NAME,PROTOCOL_TYPE,CHANNELS,YT_PROTOCOL_TYPE) values(221246, 4, 23246, '1003245', 'B0000802',1,'1076测试服务器','4',8,'0');
insert into V_VEHICLEINFO (ORG_CODE,VEHICLE_ID,ID_NUMBER,TYPE_ID,TERMINAL_ID,DELETE_FLAG,COLOR_ID_NUMBER_ID,AUTHORIZED_PAY_MASS) values ('B0000802','2201246', '测B03245', 4, 221246, 0, '2',15);

insert into T_SIMINFO (SIM_ID, ORG_CODE, DEPTCODE, STATE,PAY_MODLE, SIM_NUM) values(23247, 'B0000802', '中国移动', 1, '预付费', 13100003246);
insert into T_TERMINALINFO (TERMINAL_ID,TTYPE_ID,SIM_ID,TERMINAL_CODE,ORG_CODE,IS_VIDEO_TERMINAL,SP_SERVER_NAME,PROTOCOL_TYPE,CHANNELS,YT_PROTOCOL_TYPE) values(221247, 4, 23247, '1003246', 'B0000802',1,'1076测试服务器','4',8,'0');
insert into V_VEHICLEINFO (ORG_CODE,VEHICLE_ID,ID_NUMBER,TYPE_ID,TERMINAL_ID,DELETE_FLAG,COLOR_ID_NUMBER_ID,AUTHORIZED_PAY_MASS) values ('B0000802','2201247', '测B03246', 4, 221247, 0, '2',15);

insert into T_SIMINFO (SIM_ID, ORG_CODE, DEPTCODE, STATE,PAY_MODLE, SIM_NUM) values(23248, 'B0000802', '中国移动', 1, '预付费', 13100003247);
insert into T_TERMINALINFO (TERMINAL_ID,TTYPE_ID,SIM_ID,TERMINAL_CODE,ORG_CODE,IS_VIDEO_TERMINAL,SP_SERVER_NAME,PROTOCOL_TYPE,CHANNELS,YT_PROTOCOL_TYPE) values(221248, 4, 23248, '1003247', 'B0000802',1,'1076测试服务器','4',8,'0');
insert into V_VEHICLEINFO (ORG_CODE,VEHICLE_ID,ID_NUMBER,TYPE_ID,TERMINAL_ID,DELETE_FLAG,COLOR_ID_NUMBER_ID,AUTHORIZED_PAY_MASS) values ('B0000802','2201248', '测B03247', 4, 221248, 0, '2',15);

insert into T_SIMINFO (SIM_ID, ORG_CODE, DEPTCODE, STATE,PAY_MODLE, SIM_NUM) values(23249, 'B0000802', '中国移动', 1, '预付费', 13100003248);
insert into T_TERMINALINFO (TERMINAL_ID,TTYPE_ID,SIM_ID,TERMINAL_CODE,ORG_CODE,IS_VIDEO_TERMINAL,SP_SERVER_NAME,PROTOCOL_TYPE,CHANNELS,YT_PROTOCOL_TYPE) values(221249, 4, 23249, '1003248', 'B0000802',1,'1076测试服务器','4',8,'0');
insert into V_VEHICLEINFO (ORG_CODE,VEHICLE_ID,ID_NUMBER,TYPE_ID,TERMINAL_ID,DELETE_FLAG,COLOR_ID_NUMBER_ID,AUTHORIZED_PAY_MASS) values ('B0000802','2201249', '测B03248', 4, 221249, 0, '2',15);

insert into T_SIMINFO (SIM_ID, ORG_CODE, DEPTCODE, STATE,PAY_MODLE, SIM_NUM) values(23250, 'B0000802', '中国移动', 1, '预付费', 13100003249);
insert into T_TERMINALINFO (TERMINAL_ID,TTYPE_ID,SIM_ID,TERMINAL_CODE,ORG_CODE,IS_VIDEO_TERMINAL,SP_SERVER_NAME,PROTOCOL_TYPE,CHANNELS,YT_PROTOCOL_TYPE) values(221250, 4, 23250, '1003249', 'B0000802',1,'1076测试服务器','4',8,'0');
insert into V_VEHICLEINFO (ORG_CODE,VEHICLE_ID,ID_NUMBER,TYPE_ID,TERMINAL_ID,DELETE_FLAG,COLOR_ID_NUMBER_ID,AUTHORIZED_PAY_MASS) values ('B0000802','2201250', '测B03249', 4, 221250, 0, '2',15);

insert into T_SIMINFO (SIM_ID, ORG_CODE, DEPTCODE, STATE,PAY_MODLE, SIM_NUM) values(23251, 'B0000802', '中国移动', 1, '预付费', 13100003250);
insert into T_TERMINALINFO (TERMINAL_ID,TTYPE_ID,SIM_ID,TERMINAL_CODE,ORG_CODE,IS_VIDEO_TERMINAL,SP_SERVER_NAME,PROTOCOL_TYPE,CHANNELS,YT_PROTOCOL_TYPE) values(221251, 4, 23251, '1003250', 'B0000802',1,'1076测试服务器','4',8,'0');
insert into V_VEHICLEINFO (ORG_CODE,VEHICLE_ID,ID_NUMBER,TYPE_ID,TERMINAL_ID,DELETE_FLAG,COLOR_ID_NUMBER_ID,AUTHORIZED_PAY_MASS) values ('B0000802','2201251', '测B03250', 4, 221251, 0, '2',15);

insert into T_SIMINFO (SIM_ID, ORG_CODE, DEPTCODE, STATE,PAY_MODLE, SIM_NUM) values(23252, 'B0000802', '中国移动', 1, '预付费', 13100003251);
insert into T_TERMINALINFO (TERMINAL_ID,TTYPE_ID,SIM_ID,TERMINAL_CODE,ORG_CODE,IS_VIDEO_TERMINAL,SP_SERVER_NAME,PROTOCOL_TYPE,CHANNELS,YT_PROTOCOL_TYPE) values(221252, 4, 23252, '1003251', 'B0000802',1,'1076测试服务器','4',8,'0');
insert into V_VEHICLEINFO (ORG_CODE,VEHICLE_ID,ID_NUMBER,TYPE_ID,TERMINAL_ID,DELETE_FLAG,COLOR_ID_NUMBER_ID,AUTHORIZED_PAY_MASS) values ('B0000802','2201252', '测B03251', 4, 221252, 0, '2',15);

insert into T_SIMINFO (SIM_ID, ORG_CODE, DEPTCODE, STATE,PAY_MODLE, SIM_NUM) values(23253, 'B0000802', '中国移动', 1, '预付费', 13100003252);
insert into T_TERMINALINFO (TERMINAL_ID,TTYPE_ID,SIM_ID,TERMINAL_CODE,ORG_CODE,IS_VIDEO_TERMINAL,SP_SERVER_NAME,PROTOCOL_TYPE,CHANNELS,YT_PROTOCOL_TYPE) values(221253, 4, 23253, '1003252', 'B0000802',1,'1076测试服务器','4',8,'0');
insert into V_VEHICLEINFO (ORG_CODE,VEHICLE_ID,ID_NUMBER,TYPE_ID,TERMINAL_ID,DELETE_FLAG,COLOR_ID_NUMBER_ID,AUTHORIZED_PAY_MASS) values ('B0000802','2201253', '测B03252', 4, 221253, 0, '2',15);

insert into T_SIMINFO (SIM_ID, ORG_CODE, DEPTCODE, STATE,PAY_MODLE, SIM_NUM) values(23254, 'B0000802', '中国移动', 1, '预付费', 13100003253);
insert into T_TERMINALINFO (TERMINAL_ID,TTYPE_ID,SIM_ID,TERMINAL_CODE,ORG_CODE,IS_VIDEO_TERMINAL,SP_SERVER_NAME,PROTOCOL_TYPE,CHANNELS,YT_PROTOCOL_TYPE) values(221254, 4, 23254, '1003253', 'B0000802',1,'1076测试服务器','4',8,'0');
insert into V_VEHICLEINFO (ORG_CODE,VEHICLE_ID,ID_NUMBER,TYPE_ID,TERMINAL_ID,DELETE_FLAG,COLOR_ID_NUMBER_ID,AUTHORIZED_PAY_MASS) values ('B0000802','2201254', '测B03253', 4, 221254, 0, '2',15);

insert into T_SIMINFO (SIM_ID, ORG_CODE, DEPTCODE, STATE,PAY_MODLE, SIM_NUM) values(23255, 'B0000802', '中国移动', 1, '预付费', 13100003254);
insert into T_TERMINALINFO (TERMINAL_ID,TTYPE_ID,SIM_ID,TERMINAL_CODE,ORG_CODE,IS_VIDEO_TERMINAL,SP_SERVER_NAME,PROTOCOL_TYPE,CHANNELS,YT_PROTOCOL_TYPE) values(221255, 4, 23255, '1003254', 'B0000802',1,'1076测试服务器','4',8,'0');
insert into V_VEHICLEINFO (ORG_CODE,VEHICLE_ID,ID_NUMBER,TYPE_ID,TERMINAL_ID,DELETE_FLAG,COLOR_ID_NUMBER_ID,AUTHORIZED_PAY_MASS) values ('B0000802','2201255', '测B03254', 4, 221255, 0, '2',15);

insert into T_SIMINFO (SIM_ID, ORG_CODE, DEPTCODE, STATE,PAY_MODLE, SIM_NUM) values(23256, 'B0000802', '中国移动', 1, '预付费', 13100003255);
insert into T_TERMINALINFO (TERMINAL_ID,TTYPE_ID,SIM_ID,TERMINAL_CODE,ORG_CODE,IS_VIDEO_TERMINAL,SP_SERVER_NAME,PROTOCOL_TYPE,CHANNELS,YT_PROTOCOL_TYPE) values(221256, 4, 23256, '1003255', 'B0000802',1,'1076测试服务器','4',8,'0');
insert into V_VEHICLEINFO (ORG_CODE,VEHICLE_ID,ID_NUMBER,TYPE_ID,TERMINAL_ID,DELETE_FLAG,COLOR_ID_NUMBER_ID,AUTHORIZED_PAY_MASS) values ('B0000802','2201256', '测B03255', 4, 221256, 0, '2',15);

insert into T_SIMINFO (SIM_ID, ORG_CODE, DEPTCODE, STATE,PAY_MODLE, SIM_NUM) values(23257, 'B0000802', '中国移动', 1, '预付费', 13100003256);
insert into T_TERMINALINFO (TERMINAL_ID,TTYPE_ID,SIM_ID,TERMINAL_CODE,ORG_CODE,IS_VIDEO_TERMINAL,SP_SERVER_NAME,PROTOCOL_TYPE,CHANNELS,YT_PROTOCOL_TYPE) values(221257, 4, 23257, '1003256', 'B0000802',1,'1076测试服务器','4',8,'0');
insert into V_VEHICLEINFO (ORG_CODE,VEHICLE_ID,ID_NUMBER,TYPE_ID,TERMINAL_ID,DELETE_FLAG,COLOR_ID_NUMBER_ID,AUTHORIZED_PAY_MASS) values ('B0000802','2201257', '测B03256', 4, 221257, 0, '2',15);

insert into T_SIMINFO (SIM_ID, ORG_CODE, DEPTCODE, STATE,PAY_MODLE, SIM_NUM) values(23258, 'B0000802', '中国移动', 1, '预付费', 13100003257);
insert into T_TERMINALINFO (TERMINAL_ID,TTYPE_ID,SIM_ID,TERMINAL_CODE,ORG_CODE,IS_VIDEO_TERMINAL,SP_SERVER_NAME,PROTOCOL_TYPE,CHANNELS,YT_PROTOCOL_TYPE) values(221258, 4, 23258, '1003257', 'B0000802',1,'1076测试服务器','4',8,'0');
insert into V_VEHICLEINFO (ORG_CODE,VEHICLE_ID,ID_NUMBER,TYPE_ID,TERMINAL_ID,DELETE_FLAG,COLOR_ID_NUMBER_ID,AUTHORIZED_PAY_MASS) values ('B0000802','2201258', '测B03257', 4, 221258, 0, '2',15);

insert into T_SIMINFO (SIM_ID, ORG_CODE, DEPTCODE, STATE,PAY_MODLE, SIM_NUM) values(23259, 'B0000802', '中国移动', 1, '预付费', 13100003258);
insert into T_TERMINALINFO (TERMINAL_ID,TTYPE_ID,SIM_ID,TERMINAL_CODE,ORG_CODE,IS_VIDEO_TERMINAL,SP_SERVER_NAME,PROTOCOL_TYPE,CHANNELS,YT_PROTOCOL_TYPE) values(221259, 4, 23259, '1003258', 'B0000802',1,'1076测试服务器','4',8,'0');
insert into V_VEHICLEINFO (ORG_CODE,VEHICLE_ID,ID_NUMBER,TYPE_ID,TERMINAL_ID,DELETE_FLAG,COLOR_ID_NUMBER_ID,AUTHORIZED_PAY_MASS) values ('B0000802','2201259', '测B03258', 4, 221259, 0, '2',15);

insert into T_SIMINFO (SIM_ID, ORG_CODE, DEPTCODE, STATE,PAY_MODLE, SIM_NUM) values(23260, 'B0000802', '中国移动', 1, '预付费', 13100003259);
insert into T_TERMINALINFO (TERMINAL_ID,TTYPE_ID,SIM_ID,TERMINAL_CODE,ORG_CODE,IS_VIDEO_TERMINAL,SP_SERVER_NAME,PROTOCOL_TYPE,CHANNELS,YT_PROTOCOL_TYPE) values(221260, 4, 23260, '1003259', 'B0000802',1,'1076测试服务器','4',8,'0');
insert into V_VEHICLEINFO (ORG_CODE,VEHICLE_ID,ID_NUMBER,TYPE_ID,TERMINAL_ID,DELETE_FLAG,COLOR_ID_NUMBER_ID,AUTHORIZED_PAY_MASS) values ('B0000802','2201260', '测B03259', 4, 221260, 0, '2',15);

insert into T_SIMINFO (SIM_ID, ORG_CODE, DEPTCODE, STATE,PAY_MODLE, SIM_NUM) values(23261, 'B0000802', '中国移动', 1, '预付费', 13100003260);
insert into T_TERMINALINFO (TERMINAL_ID,TTYPE_ID,SIM_ID,TERMINAL_CODE,ORG_CODE,IS_VIDEO_TERMINAL,SP_SERVER_NAME,PROTOCOL_TYPE,CHANNELS,YT_PROTOCOL_TYPE) values(221261, 4, 23261, '1003260', 'B0000802',1,'1076测试服务器','4',8,'0');
insert into V_VEHICLEINFO (ORG_CODE,VEHICLE_ID,ID_NUMBER,TYPE_ID,TERMINAL_ID,DELETE_FLAG,COLOR_ID_NUMBER_ID,AUTHORIZED_PAY_MASS) values ('B0000802','2201261', '测B03260', 4, 221261, 0, '2',15);

insert into T_SIMINFO (SIM_ID, ORG_CODE, DEPTCODE, STATE,PAY_MODLE, SIM_NUM) values(23262, 'B0000802', '中国移动', 1, '预付费', 13100003261);
insert into T_TERMINALINFO (TERMINAL_ID,TTYPE_ID,SIM_ID,TERMINAL_CODE,ORG_CODE,IS_VIDEO_TERMINAL,SP_SERVER_NAME,PROTOCOL_TYPE,CHANNELS,YT_PROTOCOL_TYPE) values(221262, 4, 23262, '1003261', 'B0000802',1,'1076测试服务器','4',8,'0');
insert into V_VEHICLEINFO (ORG_CODE,VEHICLE_ID,ID_NUMBER,TYPE_ID,TERMINAL_ID,DELETE_FLAG,COLOR_ID_NUMBER_ID,AUTHORIZED_PAY_MASS) values ('B0000802','2201262', '测B03261', 4, 221262, 0, '2',15);

insert into T_SIMINFO (SIM_ID, ORG_CODE, DEPTCODE, STATE,PAY_MODLE, SIM_NUM) values(23263, 'B0000802', '中国移动', 1, '预付费', 13100003262);
insert into T_TERMINALINFO (TERMINAL_ID,TTYPE_ID,SIM_ID,TERMINAL_CODE,ORG_CODE,IS_VIDEO_TERMINAL,SP_SERVER_NAME,PROTOCOL_TYPE,CHANNELS,YT_PROTOCOL_TYPE) values(221263, 4, 23263, '1003262', 'B0000802',1,'1076测试服务器','4',8,'0');
insert into V_VEHICLEINFO (ORG_CODE,VEHICLE_ID,ID_NUMBER,TYPE_ID,TERMINAL_ID,DELETE_FLAG,COLOR_ID_NUMBER_ID,AUTHORIZED_PAY_MASS) values ('B0000802','2201263', '测B03262', 4, 221263, 0, '2',15);

insert into T_SIMINFO (SIM_ID, ORG_CODE, DEPTCODE, STATE,PAY_MODLE, SIM_NUM) values(23264, 'B0000802', '中国移动', 1, '预付费', 13100003263);
insert into T_TERMINALINFO (TERMINAL_ID,TTYPE_ID,SIM_ID,TERMINAL_CODE,ORG_CODE,IS_VIDEO_TERMINAL,SP_SERVER_NAME,PROTOCOL_TYPE,CHANNELS,YT_PROTOCOL_TYPE) values(221264, 4, 23264, '1003263', 'B0000802',1,'1076测试服务器','4',8,'0');
insert into V_VEHICLEINFO (ORG_CODE,VEHICLE_ID,ID_NUMBER,TYPE_ID,TERMINAL_ID,DELETE_FLAG,COLOR_ID_NUMBER_ID,AUTHORIZED_PAY_MASS) values ('B0000802','2201264', '测B03263', 4, 221264, 0, '2',15);

insert into T_SIMINFO (SIM_ID, ORG_CODE, DEPTCODE, STATE,PAY_MODLE, SIM_NUM) values(23265, 'B0000802', '中国移动', 1, '预付费', 13100003264);
insert into T_TERMINALINFO (TERMINAL_ID,TTYPE_ID,SIM_ID,TERMINAL_CODE,ORG_CODE,IS_VIDEO_TERMINAL,SP_SERVER_NAME,PROTOCOL_TYPE,CHANNELS,YT_PROTOCOL_TYPE) values(221265, 4, 23265, '1003264', 'B0000802',1,'1076测试服务器','4',8,'0');
insert into V_VEHICLEINFO (ORG_CODE,VEHICLE_ID,ID_NUMBER,TYPE_ID,TERMINAL_ID,DELETE_FLAG,COLOR_ID_NUMBER_ID,AUTHORIZED_PAY_MASS) values ('B0000802','2201265', '测B03264', 4, 221265, 0, '2',15);

insert into T_SIMINFO (SIM_ID, ORG_CODE, DEPTCODE, STATE,PAY_MODLE, SIM_NUM) values(23266, 'B0000802', '中国移动', 1, '预付费', 13100003265);
insert into T_TERMINALINFO (TERMINAL_ID,TTYPE_ID,SIM_ID,TERMINAL_CODE,ORG_CODE,IS_VIDEO_TERMINAL,SP_SERVER_NAME,PROTOCOL_TYPE,CHANNELS,YT_PROTOCOL_TYPE) values(221266, 4, 23266, '1003265', 'B0000802',1,'1076测试服务器','4',8,'0');
insert into V_VEHICLEINFO (ORG_CODE,VEHICLE_ID,ID_NUMBER,TYPE_ID,TERMINAL_ID,DELETE_FLAG,COLOR_ID_NUMBER_ID,AUTHORIZED_PAY_MASS) values ('B0000802','2201266', '测B03265', 4, 221266, 0, '2',15);

insert into T_SIMINFO (SIM_ID, ORG_CODE, DEPTCODE, STATE,PAY_MODLE, SIM_NUM) values(23267, 'B0000802', '中国移动', 1, '预付费', 13100003266);
insert into T_TERMINALINFO (TERMINAL_ID,TTYPE_ID,SIM_ID,TERMINAL_CODE,ORG_CODE,IS_VIDEO_TERMINAL,SP_SERVER_NAME,PROTOCOL_TYPE,CHANNELS,YT_PROTOCOL_TYPE) values(221267, 4, 23267, '1003266', 'B0000802',1,'1076测试服务器','4',8,'0');
insert into V_VEHICLEINFO (ORG_CODE,VEHICLE_ID,ID_NUMBER,TYPE_ID,TERMINAL_ID,DELETE_FLAG,COLOR_ID_NUMBER_ID,AUTHORIZED_PAY_MASS) values ('B0000802','2201267', '测B03266', 4, 221267, 0, '2',15);

insert into T_SIMINFO (SIM_ID, ORG_CODE, DEPTCODE, STATE,PAY_MODLE, SIM_NUM) values(23268, 'B0000802', '中国移动', 1, '预付费', 13100003267);
insert into T_TERMINALINFO (TERMINAL_ID,TTYPE_ID,SIM_ID,TERMINAL_CODE,ORG_CODE,IS_VIDEO_TERMINAL,SP_SERVER_NAME,PROTOCOL_TYPE,CHANNELS,YT_PROTOCOL_TYPE) values(221268, 4, 23268, '1003267', 'B0000802',1,'1076测试服务器','4',8,'0');
insert into V_VEHICLEINFO (ORG_CODE,VEHICLE_ID,ID_NUMBER,TYPE_ID,TERMINAL_ID,DELETE_FLAG,COLOR_ID_NUMBER_ID,AUTHORIZED_PAY_MASS) values ('B0000802','2201268', '测B03267', 4, 221268, 0, '2',15);

insert into T_SIMINFO (SIM_ID, ORG_CODE, DEPTCODE, STATE,PAY_MODLE, SIM_NUM) values(23269, 'B0000802', '中国移动', 1, '预付费', 13100003268);
insert into T_TERMINALINFO (TERMINAL_ID,TTYPE_ID,SIM_ID,TERMINAL_CODE,ORG_CODE,IS_VIDEO_TERMINAL,SP_SERVER_NAME,PROTOCOL_TYPE,CHANNELS,YT_PROTOCOL_TYPE) values(221269, 4, 23269, '1003268', 'B0000802',1,'1076测试服务器','4',8,'0');
insert into V_VEHICLEINFO (ORG_CODE,VEHICLE_ID,ID_NUMBER,TYPE_ID,TERMINAL_ID,DELETE_FLAG,COLOR_ID_NUMBER_ID,AUTHORIZED_PAY_MASS) values ('B0000802','2201269', '测B03268', 4, 221269, 0, '2',15);

insert into T_SIMINFO (SIM_ID, ORG_CODE, DEPTCODE, STATE,PAY_MODLE, SIM_NUM) values(23270, 'B0000802', '中国移动', 1, '预付费', 13100003269);
insert into T_TERMINALINFO (TERMINAL_ID,TTYPE_ID,SIM_ID,TERMINAL_CODE,ORG_CODE,IS_VIDEO_TERMINAL,SP_SERVER_NAME,PROTOCOL_TYPE,CHANNELS,YT_PROTOCOL_TYPE) values(221270, 4, 23270, '1003269', 'B0000802',1,'1076测试服务器','4',8,'0');
insert into V_VEHICLEINFO (ORG_CODE,VEHICLE_ID,ID_NUMBER,TYPE_ID,TERMINAL_ID,DELETE_FLAG,COLOR_ID_NUMBER_ID,AUTHORIZED_PAY_MASS) values ('B0000802','2201270', '测B03269', 4, 221270, 0, '2',15);

insert into T_SIMINFO (SIM_ID, ORG_CODE, DEPTCODE, STATE,PAY_MODLE, SIM_NUM) values(23271, 'B0000802', '中国移动', 1, '预付费', 13100003270);
insert into T_TERMINALINFO (TERMINAL_ID,TTYPE_ID,SIM_ID,TERMINAL_CODE,ORG_CODE,IS_VIDEO_TERMINAL,SP_SERVER_NAME,PROTOCOL_TYPE,CHANNELS,YT_PROTOCOL_TYPE) values(221271, 4, 23271, '1003270', 'B0000802',1,'1076测试服务器','4',8,'0');
insert into V_VEHICLEINFO (ORG_CODE,VEHICLE_ID,ID_NUMBER,TYPE_ID,TERMINAL_ID,DELETE_FLAG,COLOR_ID_NUMBER_ID,AUTHORIZED_PAY_MASS) values ('B0000802','2201271', '测B03270', 4, 221271, 0, '2',15);

insert into T_SIMINFO (SIM_ID, ORG_CODE, DEPTCODE, STATE,PAY_MODLE, SIM_NUM) values(23272, 'B0000802', '中国移动', 1, '预付费', 13100003271);
insert into T_TERMINALINFO (TERMINAL_ID,TTYPE_ID,SIM_ID,TERMINAL_CODE,ORG_CODE,IS_VIDEO_TERMINAL,SP_SERVER_NAME,PROTOCOL_TYPE,CHANNELS,YT_PROTOCOL_TYPE) values(221272, 4, 23272, '1003271', 'B0000802',1,'1076测试服务器','4',8,'0');
insert into V_VEHICLEINFO (ORG_CODE,VEHICLE_ID,ID_NUMBER,TYPE_ID,TERMINAL_ID,DELETE_FLAG,COLOR_ID_NUMBER_ID,AUTHORIZED_PAY_MASS) values ('B0000802','2201272', '测B03271', 4, 221272, 0, '2',15);

insert into T_SIMINFO (SIM_ID, ORG_CODE, DEPTCODE, STATE,PAY_MODLE, SIM_NUM) values(23273, 'B0000802', '中国移动', 1, '预付费', 13100003272);
insert into T_TERMINALINFO (TERMINAL_ID,TTYPE_ID,SIM_ID,TERMINAL_CODE,ORG_CODE,IS_VIDEO_TERMINAL,SP_SERVER_NAME,PROTOCOL_TYPE,CHANNELS,YT_PROTOCOL_TYPE) values(221273, 4, 23273, '1003272', 'B0000802',1,'1076测试服务器','4',8,'0');
insert into V_VEHICLEINFO (ORG_CODE,VEHICLE_ID,ID_NUMBER,TYPE_ID,TERMINAL_ID,DELETE_FLAG,COLOR_ID_NUMBER_ID,AUTHORIZED_PAY_MASS) values ('B0000802','2201273', '测B03272', 4, 221273, 0, '2',15);

insert into T_SIMINFO (SIM_ID, ORG_CODE, DEPTCODE, STATE,PAY_MODLE, SIM_NUM) values(23274, 'B0000802', '中国移动', 1, '预付费', 13100003273);
insert into T_TERMINALINFO (TERMINAL_ID,TTYPE_ID,SIM_ID,TERMINAL_CODE,ORG_CODE,IS_VIDEO_TERMINAL,SP_SERVER_NAME,PROTOCOL_TYPE,CHANNELS,YT_PROTOCOL_TYPE) values(221274, 4, 23274, '1003273', 'B0000802',1,'1076测试服务器','4',8,'0');
insert into V_VEHICLEINFO (ORG_CODE,VEHICLE_ID,ID_NUMBER,TYPE_ID,TERMINAL_ID,DELETE_FLAG,COLOR_ID_NUMBER_ID,AUTHORIZED_PAY_MASS) values ('B0000802','2201274', '测B03273', 4, 221274, 0, '2',15);

insert into T_SIMINFO (SIM_ID, ORG_CODE, DEPTCODE, STATE,PAY_MODLE, SIM_NUM) values(23275, 'B0000802', '中国移动', 1, '预付费', 13100003274);
insert into T_TERMINALINFO (TERMINAL_ID,TTYPE_ID,SIM_ID,TERMINAL_CODE,ORG_CODE,IS_VIDEO_TERMINAL,SP_SERVER_NAME,PROTOCOL_TYPE,CHANNELS,YT_PROTOCOL_TYPE) values(221275, 4, 23275, '1003274', 'B0000802',1,'1076测试服务器','4',8,'0');
insert into V_VEHICLEINFO (ORG_CODE,VEHICLE_ID,ID_NUMBER,TYPE_ID,TERMINAL_ID,DELETE_FLAG,COLOR_ID_NUMBER_ID,AUTHORIZED_PAY_MASS) values ('B0000802','2201275', '测B03274', 4, 221275, 0, '2',15);

insert into T_SIMINFO (SIM_ID, ORG_CODE, DEPTCODE, STATE,PAY_MODLE, SIM_NUM) values(23276, 'B0000802', '中国移动', 1, '预付费', 13100003275);
insert into T_TERMINALINFO (TERMINAL_ID,TTYPE_ID,SIM_ID,TERMINAL_CODE,ORG_CODE,IS_VIDEO_TERMINAL,SP_SERVER_NAME,PROTOCOL_TYPE,CHANNELS,YT_PROTOCOL_TYPE) values(221276, 4, 23276, '1003275', 'B0000802',1,'1076测试服务器','4',8,'0');
insert into V_VEHICLEINFO (ORG_CODE,VEHICLE_ID,ID_NUMBER,TYPE_ID,TERMINAL_ID,DELETE_FLAG,COLOR_ID_NUMBER_ID,AUTHORIZED_PAY_MASS) values ('B0000802','2201276', '测B03275', 4, 221276, 0, '2',15);

insert into T_SIMINFO (SIM_ID, ORG_CODE, DEPTCODE, STATE,PAY_MODLE, SIM_NUM) values(23277, 'B0000802', '中国移动', 1, '预付费', 13100003276);
insert into T_TERMINALINFO (TERMINAL_ID,TTYPE_ID,SIM_ID,TERMINAL_CODE,ORG_CODE,IS_VIDEO_TERMINAL,SP_SERVER_NAME,PROTOCOL_TYPE,CHANNELS,YT_PROTOCOL_TYPE) values(221277, 4, 23277, '1003276', 'B0000802',1,'1076测试服务器','4',8,'0');
insert into V_VEHICLEINFO (ORG_CODE,VEHICLE_ID,ID_NUMBER,TYPE_ID,TERMINAL_ID,DELETE_FLAG,COLOR_ID_NUMBER_ID,AUTHORIZED_PAY_MASS) values ('B0000802','2201277', '测B03276', 4, 221277, 0, '2',15);

insert into T_SIMINFO (SIM_ID, ORG_CODE, DEPTCODE, STATE,PAY_MODLE, SIM_NUM) values(23278, 'B0000802', '中国移动', 1, '预付费', 13100003277);
insert into T_TERMINALINFO (TERMINAL_ID,TTYPE_ID,SIM_ID,TERMINAL_CODE,ORG_CODE,IS_VIDEO_TERMINAL,SP_SERVER_NAME,PROTOCOL_TYPE,CHANNELS,YT_PROTOCOL_TYPE) values(221278, 4, 23278, '1003277', 'B0000802',1,'1076测试服务器','4',8,'0');
insert into V_VEHICLEINFO (ORG_CODE,VEHICLE_ID,ID_NUMBER,TYPE_ID,TERMINAL_ID,DELETE_FLAG,COLOR_ID_NUMBER_ID,AUTHORIZED_PAY_MASS) values ('B0000802','2201278', '测B03277', 4, 221278, 0, '2',15);

insert into T_SIMINFO (SIM_ID, ORG_CODE, DEPTCODE, STATE,PAY_MODLE, SIM_NUM) values(23279, 'B0000802', '中国移动', 1, '预付费', 13100003278);
insert into T_TERMINALINFO (TERMINAL_ID,TTYPE_ID,SIM_ID,TERMINAL_CODE,ORG_CODE,IS_VIDEO_TERMINAL,SP_SERVER_NAME,PROTOCOL_TYPE,CHANNELS,YT_PROTOCOL_TYPE) values(221279, 4, 23279, '1003278', 'B0000802',1,'1076测试服务器','4',8,'0');
insert into V_VEHICLEINFO (ORG_CODE,VEHICLE_ID,ID_NUMBER,TYPE_ID,TERMINAL_ID,DELETE_FLAG,COLOR_ID_NUMBER_ID,AUTHORIZED_PAY_MASS) values ('B0000802','2201279', '测B03278', 4, 221279, 0, '2',15);

insert into T_SIMINFO (SIM_ID, ORG_CODE, DEPTCODE, STATE,PAY_MODLE, SIM_NUM) values(23280, 'B0000802', '中国移动', 1, '预付费', 13100003279);
insert into T_TERMINALINFO (TERMINAL_ID,TTYPE_ID,SIM_ID,TERMINAL_CODE,ORG_CODE,IS_VIDEO_TERMINAL,SP_SERVER_NAME,PROTOCOL_TYPE,CHANNELS,YT_PROTOCOL_TYPE) values(221280, 4, 23280, '1003279', 'B0000802',1,'1076测试服务器','4',8,'0');
insert into V_VEHICLEINFO (ORG_CODE,VEHICLE_ID,ID_NUMBER,TYPE_ID,TERMINAL_ID,DELETE_FLAG,COLOR_ID_NUMBER_ID,AUTHORIZED_PAY_MASS) values ('B0000802','2201280', '测B03279', 4, 221280, 0, '2',15);

insert into T_SIMINFO (SIM_ID, ORG_CODE, DEPTCODE, STATE,PAY_MODLE, SIM_NUM) values(23281, 'B0000802', '中国移动', 1, '预付费', 13100003280);
insert into T_TERMINALINFO (TERMINAL_ID,TTYPE_ID,SIM_ID,TERMINAL_CODE,ORG_CODE,IS_VIDEO_TERMINAL,SP_SERVER_NAME,PROTOCOL_TYPE,CHANNELS,YT_PROTOCOL_TYPE) values(221281, 4, 23281, '1003280', 'B0000802',1,'1076测试服务器','4',8,'0');
insert into V_VEHICLEINFO (ORG_CODE,VEHICLE_ID,ID_NUMBER,TYPE_ID,TERMINAL_ID,DELETE_FLAG,COLOR_ID_NUMBER_ID,AUTHORIZED_PAY_MASS) values ('B0000802','2201281', '测B03280', 4, 221281, 0, '2',15);

insert into T_SIMINFO (SIM_ID, ORG_CODE, DEPTCODE, STATE,PAY_MODLE, SIM_NUM) values(23282, 'B0000802', '中国移动', 1, '预付费', 13100003281);
insert into T_TERMINALINFO (TERMINAL_ID,TTYPE_ID,SIM_ID,TERMINAL_CODE,ORG_CODE,IS_VIDEO_TERMINAL,SP_SERVER_NAME,PROTOCOL_TYPE,CHANNELS,YT_PROTOCOL_TYPE) values(221282, 4, 23282, '1003281', 'B0000802',1,'1076测试服务器','4',8,'0');
insert into V_VEHICLEINFO (ORG_CODE,VEHICLE_ID,ID_NUMBER,TYPE_ID,TERMINAL_ID,DELETE_FLAG,COLOR_ID_NUMBER_ID,AUTHORIZED_PAY_MASS) values ('B0000802','2201282', '测B03281', 4, 221282, 0, '2',15);

insert into T_SIMINFO (SIM_ID, ORG_CODE, DEPTCODE, STATE,PAY_MODLE, SIM_NUM) values(23283, 'B0000802', '中国移动', 1, '预付费', 13100003282);
insert into T_TERMINALINFO (TERMINAL_ID,TTYPE_ID,SIM_ID,TERMINAL_CODE,ORG_CODE,IS_VIDEO_TERMINAL,SP_SERVER_NAME,PROTOCOL_TYPE,CHANNELS,YT_PROTOCOL_TYPE) values(221283, 4, 23283, '1003282', 'B0000802',1,'1076测试服务器','4',8,'0');
insert into V_VEHICLEINFO (ORG_CODE,VEHICLE_ID,ID_NUMBER,TYPE_ID,TERMINAL_ID,DELETE_FLAG,COLOR_ID_NUMBER_ID,AUTHORIZED_PAY_MASS) values ('B0000802','2201283', '测B03282', 4, 221283, 0, '2',15);

insert into T_SIMINFO (SIM_ID, ORG_CODE, DEPTCODE, STATE,PAY_MODLE, SIM_NUM) values(23284, 'B0000802', '中国移动', 1, '预付费', 13100003283);
insert into T_TERMINALINFO (TERMINAL_ID,TTYPE_ID,SIM_ID,TERMINAL_CODE,ORG_CODE,IS_VIDEO_TERMINAL,SP_SERVER_NAME,PROTOCOL_TYPE,CHANNELS,YT_PROTOCOL_TYPE) values(221284, 4, 23284, '1003283', 'B0000802',1,'1076测试服务器','4',8,'0');
insert into V_VEHICLEINFO (ORG_CODE,VEHICLE_ID,ID_NUMBER,TYPE_ID,TERMINAL_ID,DELETE_FLAG,COLOR_ID_NUMBER_ID,AUTHORIZED_PAY_MASS) values ('B0000802','2201284', '测B03283', 4, 221284, 0, '2',15);

insert into T_SIMINFO (SIM_ID, ORG_CODE, DEPTCODE, STATE,PAY_MODLE, SIM_NUM) values(23285, 'B0000802', '中国移动', 1, '预付费', 13100003284);
insert into T_TERMINALINFO (TERMINAL_ID,TTYPE_ID,SIM_ID,TERMINAL_CODE,ORG_CODE,IS_VIDEO_TERMINAL,SP_SERVER_NAME,PROTOCOL_TYPE,CHANNELS,YT_PROTOCOL_TYPE) values(221285, 4, 23285, '1003284', 'B0000802',1,'1076测试服务器','4',8,'0');
insert into V_VEHICLEINFO (ORG_CODE,VEHICLE_ID,ID_NUMBER,TYPE_ID,TERMINAL_ID,DELETE_FLAG,COLOR_ID_NUMBER_ID,AUTHORIZED_PAY_MASS) values ('B0000802','2201285', '测B03284', 4, 221285, 0, '2',15);

insert into T_SIMINFO (SIM_ID, ORG_CODE, DEPTCODE, STATE,PAY_MODLE, SIM_NUM) values(23286, 'B0000802', '中国移动', 1, '预付费', 13100003285);
insert into T_TERMINALINFO (TERMINAL_ID,TTYPE_ID,SIM_ID,TERMINAL_CODE,ORG_CODE,IS_VIDEO_TERMINAL,SP_SERVER_NAME,PROTOCOL_TYPE,CHANNELS,YT_PROTOCOL_TYPE) values(221286, 4, 23286, '1003285', 'B0000802',1,'1076测试服务器','4',8,'0');
insert into V_VEHICLEINFO (ORG_CODE,VEHICLE_ID,ID_NUMBER,TYPE_ID,TERMINAL_ID,DELETE_FLAG,COLOR_ID_NUMBER_ID,AUTHORIZED_PAY_MASS) values ('B0000802','2201286', '测B03285', 4, 221286, 0, '2',15);

insert into T_SIMINFO (SIM_ID, ORG_CODE, DEPTCODE, STATE,PAY_MODLE, SIM_NUM) values(23287, 'B0000802', '中国移动', 1, '预付费', 13100003286);
insert into T_TERMINALINFO (TERMINAL_ID,TTYPE_ID,SIM_ID,TERMINAL_CODE,ORG_CODE,IS_VIDEO_TERMINAL,SP_SERVER_NAME,PROTOCOL_TYPE,CHANNELS,YT_PROTOCOL_TYPE) values(221287, 4, 23287, '1003286', 'B0000802',1,'1076测试服务器','4',8,'0');
insert into V_VEHICLEINFO (ORG_CODE,VEHICLE_ID,ID_NUMBER,TYPE_ID,TERMINAL_ID,DELETE_FLAG,COLOR_ID_NUMBER_ID,AUTHORIZED_PAY_MASS) values ('B0000802','2201287', '测B03286', 4, 221287, 0, '2',15);

insert into T_SIMINFO (SIM_ID, ORG_CODE, DEPTCODE, STATE,PAY_MODLE, SIM_NUM) values(23288, 'B0000802', '中国移动', 1, '预付费', 13100003287);
insert into T_TERMINALINFO (TERMINAL_ID,TTYPE_ID,SIM_ID,TERMINAL_CODE,ORG_CODE,IS_VIDEO_TERMINAL,SP_SERVER_NAME,PROTOCOL_TYPE,CHANNELS,YT_PROTOCOL_TYPE) values(221288, 4, 23288, '1003287', 'B0000802',1,'1076测试服务器','4',8,'0');
insert into V_VEHICLEINFO (ORG_CODE,VEHICLE_ID,ID_NUMBER,TYPE_ID,TERMINAL_ID,DELETE_FLAG,COLOR_ID_NUMBER_ID,AUTHORIZED_PAY_MASS) values ('B0000802','2201288', '测B03287', 4, 221288, 0, '2',15);

insert into T_SIMINFO (SIM_ID, ORG_CODE, DEPTCODE, STATE,PAY_MODLE, SIM_NUM) values(23289, 'B0000802', '中国移动', 1, '预付费', 13100003288);
insert into T_TERMINALINFO (TERMINAL_ID,TTYPE_ID,SIM_ID,TERMINAL_CODE,ORG_CODE,IS_VIDEO_TERMINAL,SP_SERVER_NAME,PROTOCOL_TYPE,CHANNELS,YT_PROTOCOL_TYPE) values(221289, 4, 23289, '1003288', 'B0000802',1,'1076测试服务器','4',8,'0');
insert into V_VEHICLEINFO (ORG_CODE,VEHICLE_ID,ID_NUMBER,TYPE_ID,TERMINAL_ID,DELETE_FLAG,COLOR_ID_NUMBER_ID,AUTHORIZED_PAY_MASS) values ('B0000802','2201289', '测B03288', 4, 221289, 0, '2',15);

insert into T_SIMINFO (SIM_ID, ORG_CODE, DEPTCODE, STATE,PAY_MODLE, SIM_NUM) values(23290, 'B0000802', '中国移动', 1, '预付费', 13100003289);
insert into T_TERMINALINFO (TERMINAL_ID,TTYPE_ID,SIM_ID,TERMINAL_CODE,ORG_CODE,IS_VIDEO_TERMINAL,SP_SERVER_NAME,PROTOCOL_TYPE,CHANNELS,YT_PROTOCOL_TYPE) values(221290, 4, 23290, '1003289', 'B0000802',1,'1076测试服务器','4',8,'0');
insert into V_VEHICLEINFO (ORG_CODE,VEHICLE_ID,ID_NUMBER,TYPE_ID,TERMINAL_ID,DELETE_FLAG,COLOR_ID_NUMBER_ID,AUTHORIZED_PAY_MASS) values ('B0000802','2201290', '测B03289', 4, 221290, 0, '2',15);

insert into T_SIMINFO (SIM_ID, ORG_CODE, DEPTCODE, STATE,PAY_MODLE, SIM_NUM) values(23291, 'B0000802', '中国移动', 1, '预付费', 13100003290);
insert into T_TERMINALINFO (TERMINAL_ID,TTYPE_ID,SIM_ID,TERMINAL_CODE,ORG_CODE,IS_VIDEO_TERMINAL,SP_SERVER_NAME,PROTOCOL_TYPE,CHANNELS,YT_PROTOCOL_TYPE) values(221291, 4, 23291, '1003290', 'B0000802',1,'1076测试服务器','4',8,'0');
insert into V_VEHICLEINFO (ORG_CODE,VEHICLE_ID,ID_NUMBER,TYPE_ID,TERMINAL_ID,DELETE_FLAG,COLOR_ID_NUMBER_ID,AUTHORIZED_PAY_MASS) values ('B0000802','2201291', '测B03290', 4, 221291, 0, '2',15);

insert into T_SIMINFO (SIM_ID, ORG_CODE, DEPTCODE, STATE,PAY_MODLE, SIM_NUM) values(23292, 'B0000802', '中国移动', 1, '预付费', 13100003291);
insert into T_TERMINALINFO (TERMINAL_ID,TTYPE_ID,SIM_ID,TERMINAL_CODE,ORG_CODE,IS_VIDEO_TERMINAL,SP_SERVER_NAME,PROTOCOL_TYPE,CHANNELS,YT_PROTOCOL_TYPE) values(221292, 4, 23292, '1003291', 'B0000802',1,'1076测试服务器','4',8,'0');
insert into V_VEHICLEINFO (ORG_CODE,VEHICLE_ID,ID_NUMBER,TYPE_ID,TERMINAL_ID,DELETE_FLAG,COLOR_ID_NUMBER_ID,AUTHORIZED_PAY_MASS) values ('B0000802','2201292', '测B03291', 4, 221292, 0, '2',15);

insert into T_SIMINFO (SIM_ID, ORG_CODE, DEPTCODE, STATE,PAY_MODLE, SIM_NUM) values(23293, 'B0000802', '中国移动', 1, '预付费', 13100003292);
insert into T_TERMINALINFO (TERMINAL_ID,TTYPE_ID,SIM_ID,TERMINAL_CODE,ORG_CODE,IS_VIDEO_TERMINAL,SP_SERVER_NAME,PROTOCOL_TYPE,CHANNELS,YT_PROTOCOL_TYPE) values(221293, 4, 23293, '1003292', 'B0000802',1,'1076测试服务器','4',8,'0');
insert into V_VEHICLEINFO (ORG_CODE,VEHICLE_ID,ID_NUMBER,TYPE_ID,TERMINAL_ID,DELETE_FLAG,COLOR_ID_NUMBER_ID,AUTHORIZED_PAY_MASS) values ('B0000802','2201293', '测B03292', 4, 221293, 0, '2',15);

insert into T_SIMINFO (SIM_ID, ORG_CODE, DEPTCODE, STATE,PAY_MODLE, SIM_NUM) values(23294, 'B0000802', '中国移动', 1, '预付费', 13100003293);
insert into T_TERMINALINFO (TERMINAL_ID,TTYPE_ID,SIM_ID,TERMINAL_CODE,ORG_CODE,IS_VIDEO_TERMINAL,SP_SERVER_NAME,PROTOCOL_TYPE,CHANNELS,YT_PROTOCOL_TYPE) values(221294, 4, 23294, '1003293', 'B0000802',1,'1076测试服务器','4',8,'0');
insert into V_VEHICLEINFO (ORG_CODE,VEHICLE_ID,ID_NUMBER,TYPE_ID,TERMINAL_ID,DELETE_FLAG,COLOR_ID_NUMBER_ID,AUTHORIZED_PAY_MASS) values ('B0000802','2201294', '测B03293', 4, 221294, 0, '2',15);

insert into T_SIMINFO (SIM_ID, ORG_CODE, DEPTCODE, STATE,PAY_MODLE, SIM_NUM) values(23295, 'B0000802', '中国移动', 1, '预付费', 13100003294);
insert into T_TERMINALINFO (TERMINAL_ID,TTYPE_ID,SIM_ID,TERMINAL_CODE,ORG_CODE,IS_VIDEO_TERMINAL,SP_SERVER_NAME,PROTOCOL_TYPE,CHANNELS,YT_PROTOCOL_TYPE) values(221295, 4, 23295, '1003294', 'B0000802',1,'1076测试服务器','4',8,'0');
insert into V_VEHICLEINFO (ORG_CODE,VEHICLE_ID,ID_NUMBER,TYPE_ID,TERMINAL_ID,DELETE_FLAG,COLOR_ID_NUMBER_ID,AUTHORIZED_PAY_MASS) values ('B0000802','2201295', '测B03294', 4, 221295, 0, '2',15);

insert into T_SIMINFO (SIM_ID, ORG_CODE, DEPTCODE, STATE,PAY_MODLE, SIM_NUM) values(23296, 'B0000802', '中国移动', 1, '预付费', 13100003295);
insert into T_TERMINALINFO (TERMINAL_ID,TTYPE_ID,SIM_ID,TERMINAL_CODE,ORG_CODE,IS_VIDEO_TERMINAL,SP_SERVER_NAME,PROTOCOL_TYPE,CHANNELS,YT_PROTOCOL_TYPE) values(221296, 4, 23296, '1003295', 'B0000802',1,'1076测试服务器','4',8,'0');
insert into V_VEHICLEINFO (ORG_CODE,VEHICLE_ID,ID_NUMBER,TYPE_ID,TERMINAL_ID,DELETE_FLAG,COLOR_ID_NUMBER_ID,AUTHORIZED_PAY_MASS) values ('B0000802','2201296', '测B03295', 4, 221296, 0, '2',15);

insert into T_SIMINFO (SIM_ID, ORG_CODE, DEPTCODE, STATE,PAY_MODLE, SIM_NUM) values(23297, 'B0000802', '中国移动', 1, '预付费', 13100003296);
insert into T_TERMINALINFO (TERMINAL_ID,TTYPE_ID,SIM_ID,TERMINAL_CODE,ORG_CODE,IS_VIDEO_TERMINAL,SP_SERVER_NAME,PROTOCOL_TYPE,CHANNELS,YT_PROTOCOL_TYPE) values(221297, 4, 23297, '1003296', 'B0000802',1,'1076测试服务器','4',8,'0');
insert into V_VEHICLEINFO (ORG_CODE,VEHICLE_ID,ID_NUMBER,TYPE_ID,TERMINAL_ID,DELETE_FLAG,COLOR_ID_NUMBER_ID,AUTHORIZED_PAY_MASS) values ('B0000802','2201297', '测B03296', 4, 221297, 0, '2',15);

insert into T_SIMINFO (SIM_ID, ORG_CODE, DEPTCODE, STATE,PAY_MODLE, SIM_NUM) values(23298, 'B0000802', '中国移动', 1, '预付费', 13100003297);
insert into T_TERMINALINFO (TERMINAL_ID,TTYPE_ID,SIM_ID,TERMINAL_CODE,ORG_CODE,IS_VIDEO_TERMINAL,SP_SERVER_NAME,PROTOCOL_TYPE,CHANNELS,YT_PROTOCOL_TYPE) values(221298, 4, 23298, '1003297', 'B0000802',1,'1076测试服务器','4',8,'0');
insert into V_VEHICLEINFO (ORG_CODE,VEHICLE_ID,ID_NUMBER,TYPE_ID,TERMINAL_ID,DELETE_FLAG,COLOR_ID_NUMBER_ID,AUTHORIZED_PAY_MASS) values ('B0000802','2201298', '测B03297', 4, 221298, 0, '2',15);

insert into T_SIMINFO (SIM_ID, ORG_CODE, DEPTCODE, STATE,PAY_MODLE, SIM_NUM) values(23299, 'B0000802', '中国移动', 1, '预付费', 13100003298);
insert into T_TERMINALINFO (TERMINAL_ID,TTYPE_ID,SIM_ID,TERMINAL_CODE,ORG_CODE,IS_VIDEO_TERMINAL,SP_SERVER_NAME,PROTOCOL_TYPE,CHANNELS,YT_PROTOCOL_TYPE) values(221299, 4, 23299, '1003298', 'B0000802',1,'1076测试服务器','4',8,'0');
insert into V_VEHICLEINFO (ORG_CODE,VEHICLE_ID,ID_NUMBER,TYPE_ID,TERMINAL_ID,DELETE_FLAG,COLOR_ID_NUMBER_ID,AUTHORIZED_PAY_MASS) values ('B0000802','2201299', '测B03298', 4, 221299, 0, '2',15);

insert into T_SIMINFO (SIM_ID, ORG_CODE, DEPTCODE, STATE,PAY_MODLE, SIM_NUM) values(23300, 'B0000802', '中国移动', 1, '预付费', 13100003299);
insert into T_TERMINALINFO (TERMINAL_ID,TTYPE_ID,SIM_ID,TERMINAL_CODE,ORG_CODE,IS_VIDEO_TERMINAL,SP_SERVER_NAME,PROTOCOL_TYPE,CHANNELS,YT_PROTOCOL_TYPE) values(221300, 4, 23300, '1003299', 'B0000802',1,'1076测试服务器','4',8,'0');
insert into V_VEHICLEINFO (ORG_CODE,VEHICLE_ID,ID_NUMBER,TYPE_ID,TERMINAL_ID,DELETE_FLAG,COLOR_ID_NUMBER_ID,AUTHORIZED_PAY_MASS) values ('B0000802','2201300', '测B03299', 4, 221300, 0, '2',15);

insert into T_SIMINFO (SIM_ID, ORG_CODE, DEPTCODE, STATE,PAY_MODLE, SIM_NUM) values(23301, 'B0000802', '中国移动', 1, '预付费', 13100003300);
insert into T_TERMINALINFO (TERMINAL_ID,TTYPE_ID,SIM_ID,TERMINAL_CODE,ORG_CODE,IS_VIDEO_TERMINAL,SP_SERVER_NAME,PROTOCOL_TYPE,CHANNELS,YT_PROTOCOL_TYPE) values(221301, 4, 23301, '1003300', 'B0000802',1,'1076测试服务器','4',8,'0');
insert into V_VEHICLEINFO (ORG_CODE,VEHICLE_ID,ID_NUMBER,TYPE_ID,TERMINAL_ID,DELETE_FLAG,COLOR_ID_NUMBER_ID,AUTHORIZED_PAY_MASS) values ('B0000802','2201301', '测B03300', 4, 221301, 0, '2',15);

insert into T_SIMINFO (SIM_ID, ORG_CODE, DEPTCODE, STATE,PAY_MODLE, SIM_NUM) values(23302, 'B0000802', '中国移动', 1, '预付费', 13100003301);
insert into T_TERMINALINFO (TERMINAL_ID,TTYPE_ID,SIM_ID,TERMINAL_CODE,ORG_CODE,IS_VIDEO_TERMINAL,SP_SERVER_NAME,PROTOCOL_TYPE,CHANNELS,YT_PROTOCOL_TYPE) values(221302, 4, 23302, '1003301', 'B0000802',1,'1076测试服务器','4',8,'0');
insert into V_VEHICLEINFO (ORG_CODE,VEHICLE_ID,ID_NUMBER,TYPE_ID,TERMINAL_ID,DELETE_FLAG,COLOR_ID_NUMBER_ID,AUTHORIZED_PAY_MASS) values ('B0000802','2201302', '测B03301', 4, 221302, 0, '2',15);

insert into T_SIMINFO (SIM_ID, ORG_CODE, DEPTCODE, STATE,PAY_MODLE, SIM_NUM) values(23303, 'B0000802', '中国移动', 1, '预付费', 13100003302);
insert into T_TERMINALINFO (TERMINAL_ID,TTYPE_ID,SIM_ID,TERMINAL_CODE,ORG_CODE,IS_VIDEO_TERMINAL,SP_SERVER_NAME,PROTOCOL_TYPE,CHANNELS,YT_PROTOCOL_TYPE) values(221303, 4, 23303, '1003302', 'B0000802',1,'1076测试服务器','4',8,'0');
insert into V_VEHICLEINFO (ORG_CODE,VEHICLE_ID,ID_NUMBER,TYPE_ID,TERMINAL_ID,DELETE_FLAG,COLOR_ID_NUMBER_ID,AUTHORIZED_PAY_MASS) values ('B0000802','2201303', '测B03302', 4, 221303, 0, '2',15);

insert into T_SIMINFO (SIM_ID, ORG_CODE, DEPTCODE, STATE,PAY_MODLE, SIM_NUM) values(23304, 'B0000802', '中国移动', 1, '预付费', 13100003303);
insert into T_TERMINALINFO (TERMINAL_ID,TTYPE_ID,SIM_ID,TERMINAL_CODE,ORG_CODE,IS_VIDEO_TERMINAL,SP_SERVER_NAME,PROTOCOL_TYPE,CHANNELS,YT_PROTOCOL_TYPE) values(221304, 4, 23304, '1003303', 'B0000802',1,'1076测试服务器','4',8,'0');
insert into V_VEHICLEINFO (ORG_CODE,VEHICLE_ID,ID_NUMBER,TYPE_ID,TERMINAL_ID,DELETE_FLAG,COLOR_ID_NUMBER_ID,AUTHORIZED_PAY_MASS) values ('B0000802','2201304', '测B03303', 4, 221304, 0, '2',15);

insert into T_SIMINFO (SIM_ID, ORG_CODE, DEPTCODE, STATE,PAY_MODLE, SIM_NUM) values(23305, 'B0000802', '中国移动', 1, '预付费', 13100003304);
insert into T_TERMINALINFO (TERMINAL_ID,TTYPE_ID,SIM_ID,TERMINAL_CODE,ORG_CODE,IS_VIDEO_TERMINAL,SP_SERVER_NAME,PROTOCOL_TYPE,CHANNELS,YT_PROTOCOL_TYPE) values(221305, 4, 23305, '1003304', 'B0000802',1,'1076测试服务器','4',8,'0');
insert into V_VEHICLEINFO (ORG_CODE,VEHICLE_ID,ID_NUMBER,TYPE_ID,TERMINAL_ID,DELETE_FLAG,COLOR_ID_NUMBER_ID,AUTHORIZED_PAY_MASS) values ('B0000802','2201305', '测B03304', 4, 221305, 0, '2',15);

insert into T_SIMINFO (SIM_ID, ORG_CODE, DEPTCODE, STATE,PAY_MODLE, SIM_NUM) values(23306, 'B0000802', '中国移动', 1, '预付费', 13100003305);
insert into T_TERMINALINFO (TERMINAL_ID,TTYPE_ID,SIM_ID,TERMINAL_CODE,ORG_CODE,IS_VIDEO_TERMINAL,SP_SERVER_NAME,PROTOCOL_TYPE,CHANNELS,YT_PROTOCOL_TYPE) values(221306, 4, 23306, '1003305', 'B0000802',1,'1076测试服务器','4',8,'0');
insert into V_VEHICLEINFO (ORG_CODE,VEHICLE_ID,ID_NUMBER,TYPE_ID,TERMINAL_ID,DELETE_FLAG,COLOR_ID_NUMBER_ID,AUTHORIZED_PAY_MASS) values ('B0000802','2201306', '测B03305', 4, 221306, 0, '2',15);

insert into T_SIMINFO (SIM_ID, ORG_CODE, DEPTCODE, STATE,PAY_MODLE, SIM_NUM) values(23307, 'B0000802', '中国移动', 1, '预付费', 13100003306);
insert into T_TERMINALINFO (TERMINAL_ID,TTYPE_ID,SIM_ID,TERMINAL_CODE,ORG_CODE,IS_VIDEO_TERMINAL,SP_SERVER_NAME,PROTOCOL_TYPE,CHANNELS,YT_PROTOCOL_TYPE) values(221307, 4, 23307, '1003306', 'B0000802',1,'1076测试服务器','4',8,'0');
insert into V_VEHICLEINFO (ORG_CODE,VEHICLE_ID,ID_NUMBER,TYPE_ID,TERMINAL_ID,DELETE_FLAG,COLOR_ID_NUMBER_ID,AUTHORIZED_PAY_MASS) values ('B0000802','2201307', '测B03306', 4, 221307, 0, '2',15);

insert into T_SIMINFO (SIM_ID, ORG_CODE, DEPTCODE, STATE,PAY_MODLE, SIM_NUM) values(23308, 'B0000802', '中国移动', 1, '预付费', 13100003307);
insert into T_TERMINALINFO (TERMINAL_ID,TTYPE_ID,SIM_ID,TERMINAL_CODE,ORG_CODE,IS_VIDEO_TERMINAL,SP_SERVER_NAME,PROTOCOL_TYPE,CHANNELS,YT_PROTOCOL_TYPE) values(221308, 4, 23308, '1003307', 'B0000802',1,'1076测试服务器','4',8,'0');
insert into V_VEHICLEINFO (ORG_CODE,VEHICLE_ID,ID_NUMBER,TYPE_ID,TERMINAL_ID,DELETE_FLAG,COLOR_ID_NUMBER_ID,AUTHORIZED_PAY_MASS) values ('B0000802','2201308', '测B03307', 4, 221308, 0, '2',15);

insert into T_SIMINFO (SIM_ID, ORG_CODE, DEPTCODE, STATE,PAY_MODLE, SIM_NUM) values(23309, 'B0000802', '中国移动', 1, '预付费', 13100003308);
insert into T_TERMINALINFO (TERMINAL_ID,TTYPE_ID,SIM_ID,TERMINAL_CODE,ORG_CODE,IS_VIDEO_TERMINAL,SP_SERVER_NAME,PROTOCOL_TYPE,CHANNELS,YT_PROTOCOL_TYPE) values(221309, 4, 23309, '1003308', 'B0000802',1,'1076测试服务器','4',8,'0');
insert into V_VEHICLEINFO (ORG_CODE,VEHICLE_ID,ID_NUMBER,TYPE_ID,TERMINAL_ID,DELETE_FLAG,COLOR_ID_NUMBER_ID,AUTHORIZED_PAY_MASS) values ('B0000802','2201309', '测B03308', 4, 221309, 0, '2',15);

insert into T_SIMINFO (SIM_ID, ORG_CODE, DEPTCODE, STATE,PAY_MODLE, SIM_NUM) values(23310, 'B0000802', '中国移动', 1, '预付费', 13100003309);
insert into T_TERMINALINFO (TERMINAL_ID,TTYPE_ID,SIM_ID,TERMINAL_CODE,ORG_CODE,IS_VIDEO_TERMINAL,SP_SERVER_NAME,PROTOCOL_TYPE,CHANNELS,YT_PROTOCOL_TYPE) values(221310, 4, 23310, '1003309', 'B0000802',1,'1076测试服务器','4',8,'0');
insert into V_VEHICLEINFO (ORG_CODE,VEHICLE_ID,ID_NUMBER,TYPE_ID,TERMINAL_ID,DELETE_FLAG,COLOR_ID_NUMBER_ID,AUTHORIZED_PAY_MASS) values ('B0000802','2201310', '测B03309', 4, 221310, 0, '2',15);

insert into T_SIMINFO (SIM_ID, ORG_CODE, DEPTCODE, STATE,PAY_MODLE, SIM_NUM) values(23311, 'B0000802', '中国移动', 1, '预付费', 13100003310);
insert into T_TERMINALINFO (TERMINAL_ID,TTYPE_ID,SIM_ID,TERMINAL_CODE,ORG_CODE,IS_VIDEO_TERMINAL,SP_SERVER_NAME,PROTOCOL_TYPE,CHANNELS,YT_PROTOCOL_TYPE) values(221311, 4, 23311, '1003310', 'B0000802',1,'1076测试服务器','4',8,'0');
insert into V_VEHICLEINFO (ORG_CODE,VEHICLE_ID,ID_NUMBER,TYPE_ID,TERMINAL_ID,DELETE_FLAG,COLOR_ID_NUMBER_ID,AUTHORIZED_PAY_MASS) values ('B0000802','2201311', '测B03310', 4, 221311, 0, '2',15);

insert into T_SIMINFO (SIM_ID, ORG_CODE, DEPTCODE, STATE,PAY_MODLE, SIM_NUM) values(23312, 'B0000802', '中国移动', 1, '预付费', 13100003311);
insert into T_TERMINALINFO (TERMINAL_ID,TTYPE_ID,SIM_ID,TERMINAL_CODE,ORG_CODE,IS_VIDEO_TERMINAL,SP_SERVER_NAME,PROTOCOL_TYPE,CHANNELS,YT_PROTOCOL_TYPE) values(221312, 4, 23312, '1003311', 'B0000802',1,'1076测试服务器','4',8,'0');
insert into V_VEHICLEINFO (ORG_CODE,VEHICLE_ID,ID_NUMBER,TYPE_ID,TERMINAL_ID,DELETE_FLAG,COLOR_ID_NUMBER_ID,AUTHORIZED_PAY_MASS) values ('B0000802','2201312', '测B03311', 4, 221312, 0, '2',15);

insert into T_SIMINFO (SIM_ID, ORG_CODE, DEPTCODE, STATE,PAY_MODLE, SIM_NUM) values(23313, 'B0000802', '中国移动', 1, '预付费', 13100003312);
insert into T_TERMINALINFO (TERMINAL_ID,TTYPE_ID,SIM_ID,TERMINAL_CODE,ORG_CODE,IS_VIDEO_TERMINAL,SP_SERVER_NAME,PROTOCOL_TYPE,CHANNELS,YT_PROTOCOL_TYPE) values(221313, 4, 23313, '1003312', 'B0000802',1,'1076测试服务器','4',8,'0');
insert into V_VEHICLEINFO (ORG_CODE,VEHICLE_ID,ID_NUMBER,TYPE_ID,TERMINAL_ID,DELETE_FLAG,COLOR_ID_NUMBER_ID,AUTHORIZED_PAY_MASS) values ('B0000802','2201313', '测B03312', 4, 221313, 0, '2',15);

insert into T_SIMINFO (SIM_ID, ORG_CODE, DEPTCODE, STATE,PAY_MODLE, SIM_NUM) values(23314, 'B0000802', '中国移动', 1, '预付费', 13100003313);
insert into T_TERMINALINFO (TERMINAL_ID,TTYPE_ID,SIM_ID,TERMINAL_CODE,ORG_CODE,IS_VIDEO_TERMINAL,SP_SERVER_NAME,PROTOCOL_TYPE,CHANNELS,YT_PROTOCOL_TYPE) values(221314, 4, 23314, '1003313', 'B0000802',1,'1076测试服务器','4',8,'0');
insert into V_VEHICLEINFO (ORG_CODE,VEHICLE_ID,ID_NUMBER,TYPE_ID,TERMINAL_ID,DELETE_FLAG,COLOR_ID_NUMBER_ID,AUTHORIZED_PAY_MASS) values ('B0000802','2201314', '测B03313', 4, 221314, 0, '2',15);

insert into T_SIMINFO (SIM_ID, ORG_CODE, DEPTCODE, STATE,PAY_MODLE, SIM_NUM) values(23315, 'B0000802', '中国移动', 1, '预付费', 13100003314);
insert into T_TERMINALINFO (TERMINAL_ID,TTYPE_ID,SIM_ID,TERMINAL_CODE,ORG_CODE,IS_VIDEO_TERMINAL,SP_SERVER_NAME,PROTOCOL_TYPE,CHANNELS,YT_PROTOCOL_TYPE) values(221315, 4, 23315, '1003314', 'B0000802',1,'1076测试服务器','4',8,'0');
insert into V_VEHICLEINFO (ORG_CODE,VEHICLE_ID,ID_NUMBER,TYPE_ID,TERMINAL_ID,DELETE_FLAG,COLOR_ID_NUMBER_ID,AUTHORIZED_PAY_MASS) values ('B0000802','2201315', '测B03314', 4, 221315, 0, '2',15);

insert into T_SIMINFO (SIM_ID, ORG_CODE, DEPTCODE, STATE,PAY_MODLE, SIM_NUM) values(23316, 'B0000802', '中国移动', 1, '预付费', 13100003315);
insert into T_TERMINALINFO (TERMINAL_ID,TTYPE_ID,SIM_ID,TERMINAL_CODE,ORG_CODE,IS_VIDEO_TERMINAL,SP_SERVER_NAME,PROTOCOL_TYPE,CHANNELS,YT_PROTOCOL_TYPE) values(221316, 4, 23316, '1003315', 'B0000802',1,'1076测试服务器','4',8,'0');
insert into V_VEHICLEINFO (ORG_CODE,VEHICLE_ID,ID_NUMBER,TYPE_ID,TERMINAL_ID,DELETE_FLAG,COLOR_ID_NUMBER_ID,AUTHORIZED_PAY_MASS) values ('B0000802','2201316', '测B03315', 4, 221316, 0, '2',15);

insert into T_SIMINFO (SIM_ID, ORG_CODE, DEPTCODE, STATE,PAY_MODLE, SIM_NUM) values(23317, 'B0000802', '中国移动', 1, '预付费', 13100003316);
insert into T_TERMINALINFO (TERMINAL_ID,TTYPE_ID,SIM_ID,TERMINAL_CODE,ORG_CODE,IS_VIDEO_TERMINAL,SP_SERVER_NAME,PROTOCOL_TYPE,CHANNELS,YT_PROTOCOL_TYPE) values(221317, 4, 23317, '1003316', 'B0000802',1,'1076测试服务器','4',8,'0');
insert into V_VEHICLEINFO (ORG_CODE,VEHICLE_ID,ID_NUMBER,TYPE_ID,TERMINAL_ID,DELETE_FLAG,COLOR_ID_NUMBER_ID,AUTHORIZED_PAY_MASS) values ('B0000802','2201317', '测B03316', 4, 221317, 0, '2',15);

insert into T_SIMINFO (SIM_ID, ORG_CODE, DEPTCODE, STATE,PAY_MODLE, SIM_NUM) values(23318, 'B0000802', '中国移动', 1, '预付费', 13100003317);
insert into T_TERMINALINFO (TERMINAL_ID,TTYPE_ID,SIM_ID,TERMINAL_CODE,ORG_CODE,IS_VIDEO_TERMINAL,SP_SERVER_NAME,PROTOCOL_TYPE,CHANNELS,YT_PROTOCOL_TYPE) values(221318, 4, 23318, '1003317', 'B0000802',1,'1076测试服务器','4',8,'0');
insert into V_VEHICLEINFO (ORG_CODE,VEHICLE_ID,ID_NUMBER,TYPE_ID,TERMINAL_ID,DELETE_FLAG,COLOR_ID_NUMBER_ID,AUTHORIZED_PAY_MASS) values ('B0000802','2201318', '测B03317', 4, 221318, 0, '2',15);

insert into T_SIMINFO (SIM_ID, ORG_CODE, DEPTCODE, STATE,PAY_MODLE, SIM_NUM) values(23319, 'B0000802', '中国移动', 1, '预付费', 13100003318);
insert into T_TERMINALINFO (TERMINAL_ID,TTYPE_ID,SIM_ID,TERMINAL_CODE,ORG_CODE,IS_VIDEO_TERMINAL,SP_SERVER_NAME,PROTOCOL_TYPE,CHANNELS,YT_PROTOCOL_TYPE) values(221319, 4, 23319, '1003318', 'B0000802',1,'1076测试服务器','4',8,'0');
insert into V_VEHICLEINFO (ORG_CODE,VEHICLE_ID,ID_NUMBER,TYPE_ID,TERMINAL_ID,DELETE_FLAG,COLOR_ID_NUMBER_ID,AUTHORIZED_PAY_MASS) values ('B0000802','2201319', '测B03318', 4, 221319, 0, '2',15);

insert into T_SIMINFO (SIM_ID, ORG_CODE, DEPTCODE, STATE,PAY_MODLE, SIM_NUM) values(23320, 'B0000802', '中国移动', 1, '预付费', 13100003319);
insert into T_TERMINALINFO (TERMINAL_ID,TTYPE_ID,SIM_ID,TERMINAL_CODE,ORG_CODE,IS_VIDEO_TERMINAL,SP_SERVER_NAME,PROTOCOL_TYPE,CHANNELS,YT_PROTOCOL_TYPE) values(221320, 4, 23320, '1003319', 'B0000802',1,'1076测试服务器','4',8,'0');
insert into V_VEHICLEINFO (ORG_CODE,VEHICLE_ID,ID_NUMBER,TYPE_ID,TERMINAL_ID,DELETE_FLAG,COLOR_ID_NUMBER_ID,AUTHORIZED_PAY_MASS) values ('B0000802','2201320', '测B03319', 4, 221320, 0, '2',15);

insert into T_SIMINFO (SIM_ID, ORG_CODE, DEPTCODE, STATE,PAY_MODLE, SIM_NUM) values(23321, 'B0000802', '中国移动', 1, '预付费', 13100003320);
insert into T_TERMINALINFO (TERMINAL_ID,TTYPE_ID,SIM_ID,TERMINAL_CODE,ORG_CODE,IS_VIDEO_TERMINAL,SP_SERVER_NAME,PROTOCOL_TYPE,CHANNELS,YT_PROTOCOL_TYPE) values(221321, 4, 23321, '1003320', 'B0000802',1,'1076测试服务器','4',8,'0');
insert into V_VEHICLEINFO (ORG_CODE,VEHICLE_ID,ID_NUMBER,TYPE_ID,TERMINAL_ID,DELETE_FLAG,COLOR_ID_NUMBER_ID,AUTHORIZED_PAY_MASS) values ('B0000802','2201321', '测B03320', 4, 221321, 0, '2',15);

insert into T_SIMINFO (SIM_ID, ORG_CODE, DEPTCODE, STATE,PAY_MODLE, SIM_NUM) values(23322, 'B0000802', '中国移动', 1, '预付费', 13100003321);
insert into T_TERMINALINFO (TERMINAL_ID,TTYPE_ID,SIM_ID,TERMINAL_CODE,ORG_CODE,IS_VIDEO_TERMINAL,SP_SERVER_NAME,PROTOCOL_TYPE,CHANNELS,YT_PROTOCOL_TYPE) values(221322, 4, 23322, '1003321', 'B0000802',1,'1076测试服务器','4',8,'0');
insert into V_VEHICLEINFO (ORG_CODE,VEHICLE_ID,ID_NUMBER,TYPE_ID,TERMINAL_ID,DELETE_FLAG,COLOR_ID_NUMBER_ID,AUTHORIZED_PAY_MASS) values ('B0000802','2201322', '测B03321', 4, 221322, 0, '2',15);

insert into T_SIMINFO (SIM_ID, ORG_CODE, DEPTCODE, STATE,PAY_MODLE, SIM_NUM) values(23323, 'B0000802', '中国移动', 1, '预付费', 13100003322);
insert into T_TERMINALINFO (TERMINAL_ID,TTYPE_ID,SIM_ID,TERMINAL_CODE,ORG_CODE,IS_VIDEO_TERMINAL,SP_SERVER_NAME,PROTOCOL_TYPE,CHANNELS,YT_PROTOCOL_TYPE) values(221323, 4, 23323, '1003322', 'B0000802',1,'1076测试服务器','4',8,'0');
insert into V_VEHICLEINFO (ORG_CODE,VEHICLE_ID,ID_NUMBER,TYPE_ID,TERMINAL_ID,DELETE_FLAG,COLOR_ID_NUMBER_ID,AUTHORIZED_PAY_MASS) values ('B0000802','2201323', '测B03322', 4, 221323, 0, '2',15);

insert into T_SIMINFO (SIM_ID, ORG_CODE, DEPTCODE, STATE,PAY_MODLE, SIM_NUM) values(23324, 'B0000802', '中国移动', 1, '预付费', 13100003323);
insert into T_TERMINALINFO (TERMINAL_ID,TTYPE_ID,SIM_ID,TERMINAL_CODE,ORG_CODE,IS_VIDEO_TERMINAL,SP_SERVER_NAME,PROTOCOL_TYPE,CHANNELS,YT_PROTOCOL_TYPE) values(221324, 4, 23324, '1003323', 'B0000802',1,'1076测试服务器','4',8,'0');
insert into V_VEHICLEINFO (ORG_CODE,VEHICLE_ID,ID_NUMBER,TYPE_ID,TERMINAL_ID,DELETE_FLAG,COLOR_ID_NUMBER_ID,AUTHORIZED_PAY_MASS) values ('B0000802','2201324', '测B03323', 4, 221324, 0, '2',15);

insert into T_SIMINFO (SIM_ID, ORG_CODE, DEPTCODE, STATE,PAY_MODLE, SIM_NUM) values(23325, 'B0000802', '中国移动', 1, '预付费', 13100003324);
insert into T_TERMINALINFO (TERMINAL_ID,TTYPE_ID,SIM_ID,TERMINAL_CODE,ORG_CODE,IS_VIDEO_TERMINAL,SP_SERVER_NAME,PROTOCOL_TYPE,CHANNELS,YT_PROTOCOL_TYPE) values(221325, 4, 23325, '1003324', 'B0000802',1,'1076测试服务器','4',8,'0');
insert into V_VEHICLEINFO (ORG_CODE,VEHICLE_ID,ID_NUMBER,TYPE_ID,TERMINAL_ID,DELETE_FLAG,COLOR_ID_NUMBER_ID,AUTHORIZED_PAY_MASS) values ('B0000802','2201325', '测B03324', 4, 221325, 0, '2',15);

insert into T_SIMINFO (SIM_ID, ORG_CODE, DEPTCODE, STATE,PAY_MODLE, SIM_NUM) values(23326, 'B0000802', '中国移动', 1, '预付费', 13100003325);
insert into T_TERMINALINFO (TERMINAL_ID,TTYPE_ID,SIM_ID,TERMINAL_CODE,ORG_CODE,IS_VIDEO_TERMINAL,SP_SERVER_NAME,PROTOCOL_TYPE,CHANNELS,YT_PROTOCOL_TYPE) values(221326, 4, 23326, '1003325', 'B0000802',1,'1076测试服务器','4',8,'0');
insert into V_VEHICLEINFO (ORG_CODE,VEHICLE_ID,ID_NUMBER,TYPE_ID,TERMINAL_ID,DELETE_FLAG,COLOR_ID_NUMBER_ID,AUTHORIZED_PAY_MASS) values ('B0000802','2201326', '测B03325', 4, 221326, 0, '2',15);

insert into T_SIMINFO (SIM_ID, ORG_CODE, DEPTCODE, STATE,PAY_MODLE, SIM_NUM) values(23327, 'B0000802', '中国移动', 1, '预付费', 13100003326);
insert into T_TERMINALINFO (TERMINAL_ID,TTYPE_ID,SIM_ID,TERMINAL_CODE,ORG_CODE,IS_VIDEO_TERMINAL,SP_SERVER_NAME,PROTOCOL_TYPE,CHANNELS,YT_PROTOCOL_TYPE) values(221327, 4, 23327, '1003326', 'B0000802',1,'1076测试服务器','4',8,'0');
insert into V_VEHICLEINFO (ORG_CODE,VEHICLE_ID,ID_NUMBER,TYPE_ID,TERMINAL_ID,DELETE_FLAG,COLOR_ID_NUMBER_ID,AUTHORIZED_PAY_MASS) values ('B0000802','2201327', '测B03326', 4, 221327, 0, '2',15);

insert into T_SIMINFO (SIM_ID, ORG_CODE, DEPTCODE, STATE,PAY_MODLE, SIM_NUM) values(23328, 'B0000802', '中国移动', 1, '预付费', 13100003327);
insert into T_TERMINALINFO (TERMINAL_ID,TTYPE_ID,SIM_ID,TERMINAL_CODE,ORG_CODE,IS_VIDEO_TERMINAL,SP_SERVER_NAME,PROTOCOL_TYPE,CHANNELS,YT_PROTOCOL_TYPE) values(221328, 4, 23328, '1003327', 'B0000802',1,'1076测试服务器','4',8,'0');
insert into V_VEHICLEINFO (ORG_CODE,VEHICLE_ID,ID_NUMBER,TYPE_ID,TERMINAL_ID,DELETE_FLAG,COLOR_ID_NUMBER_ID,AUTHORIZED_PAY_MASS) values ('B0000802','2201328', '测B03327', 4, 221328, 0, '2',15);

insert into T_SIMINFO (SIM_ID, ORG_CODE, DEPTCODE, STATE,PAY_MODLE, SIM_NUM) values(23329, 'B0000802', '中国移动', 1, '预付费', 13100003328);
insert into T_TERMINALINFO (TERMINAL_ID,TTYPE_ID,SIM_ID,TERMINAL_CODE,ORG_CODE,IS_VIDEO_TERMINAL,SP_SERVER_NAME,PROTOCOL_TYPE,CHANNELS,YT_PROTOCOL_TYPE) values(221329, 4, 23329, '1003328', 'B0000802',1,'1076测试服务器','4',8,'0');
insert into V_VEHICLEINFO (ORG_CODE,VEHICLE_ID,ID_NUMBER,TYPE_ID,TERMINAL_ID,DELETE_FLAG,COLOR_ID_NUMBER_ID,AUTHORIZED_PAY_MASS) values ('B0000802','2201329', '测B03328', 4, 221329, 0, '2',15);

insert into T_SIMINFO (SIM_ID, ORG_CODE, DEPTCODE, STATE,PAY_MODLE, SIM_NUM) values(23330, 'B0000802', '中国移动', 1, '预付费', 13100003329);
insert into T_TERMINALINFO (TERMINAL_ID,TTYPE_ID,SIM_ID,TERMINAL_CODE,ORG_CODE,IS_VIDEO_TERMINAL,SP_SERVER_NAME,PROTOCOL_TYPE,CHANNELS,YT_PROTOCOL_TYPE) values(221330, 4, 23330, '1003329', 'B0000802',1,'1076测试服务器','4',8,'0');
insert into V_VEHICLEINFO (ORG_CODE,VEHICLE_ID,ID_NUMBER,TYPE_ID,TERMINAL_ID,DELETE_FLAG,COLOR_ID_NUMBER_ID,AUTHORIZED_PAY_MASS) values ('B0000802','2201330', '测B03329', 4, 221330, 0, '2',15);

insert into T_SIMINFO (SIM_ID, ORG_CODE, DEPTCODE, STATE,PAY_MODLE, SIM_NUM) values(23331, 'B0000802', '中国移动', 1, '预付费', 13100003330);
insert into T_TERMINALINFO (TERMINAL_ID,TTYPE_ID,SIM_ID,TERMINAL_CODE,ORG_CODE,IS_VIDEO_TERMINAL,SP_SERVER_NAME,PROTOCOL_TYPE,CHANNELS,YT_PROTOCOL_TYPE) values(221331, 4, 23331, '1003330', 'B0000802',1,'1076测试服务器','4',8,'0');
insert into V_VEHICLEINFO (ORG_CODE,VEHICLE_ID,ID_NUMBER,TYPE_ID,TERMINAL_ID,DELETE_FLAG,COLOR_ID_NUMBER_ID,AUTHORIZED_PAY_MASS) values ('B0000802','2201331', '测B03330', 4, 221331, 0, '2',15);

insert into T_SIMINFO (SIM_ID, ORG_CODE, DEPTCODE, STATE,PAY_MODLE, SIM_NUM) values(23332, 'B0000802', '中国移动', 1, '预付费', 13100003331);
insert into T_TERMINALINFO (TERMINAL_ID,TTYPE_ID,SIM_ID,TERMINAL_CODE,ORG_CODE,IS_VIDEO_TERMINAL,SP_SERVER_NAME,PROTOCOL_TYPE,CHANNELS,YT_PROTOCOL_TYPE) values(221332, 4, 23332, '1003331', 'B0000802',1,'1076测试服务器','4',8,'0');
insert into V_VEHICLEINFO (ORG_CODE,VEHICLE_ID,ID_NUMBER,TYPE_ID,TERMINAL_ID,DELETE_FLAG,COLOR_ID_NUMBER_ID,AUTHORIZED_PAY_MASS) values ('B0000802','2201332', '测B03331', 4, 221332, 0, '2',15);

insert into T_SIMINFO (SIM_ID, ORG_CODE, DEPTCODE, STATE,PAY_MODLE, SIM_NUM) values(23333, 'B0000802', '中国移动', 1, '预付费', 13100003332);
insert into T_TERMINALINFO (TERMINAL_ID,TTYPE_ID,SIM_ID,TERMINAL_CODE,ORG_CODE,IS_VIDEO_TERMINAL,SP_SERVER_NAME,PROTOCOL_TYPE,CHANNELS,YT_PROTOCOL_TYPE) values(221333, 4, 23333, '1003332', 'B0000802',1,'1076测试服务器','4',8,'0');
insert into V_VEHICLEINFO (ORG_CODE,VEHICLE_ID,ID_NUMBER,TYPE_ID,TERMINAL_ID,DELETE_FLAG,COLOR_ID_NUMBER_ID,AUTHORIZED_PAY_MASS) values ('B0000802','2201333', '测B03332', 4, 221333, 0, '2',15);

insert into T_SIMINFO (SIM_ID, ORG_CODE, DEPTCODE, STATE,PAY_MODLE, SIM_NUM) values(23334, 'B0000802', '中国移动', 1, '预付费', 13100003333);
insert into T_TERMINALINFO (TERMINAL_ID,TTYPE_ID,SIM_ID,TERMINAL_CODE,ORG_CODE,IS_VIDEO_TERMINAL,SP_SERVER_NAME,PROTOCOL_TYPE,CHANNELS,YT_PROTOCOL_TYPE) values(221334, 4, 23334, '1003333', 'B0000802',1,'1076测试服务器','4',8,'0');
insert into V_VEHICLEINFO (ORG_CODE,VEHICLE_ID,ID_NUMBER,TYPE_ID,TERMINAL_ID,DELETE_FLAG,COLOR_ID_NUMBER_ID,AUTHORIZED_PAY_MASS) values ('B0000802','2201334', '测B03333', 4, 221334, 0, '2',15);

insert into T_SIMINFO (SIM_ID, ORG_CODE, DEPTCODE, STATE,PAY_MODLE, SIM_NUM) values(23335, 'B0000802', '中国移动', 1, '预付费', 13100003334);
insert into T_TERMINALINFO (TERMINAL_ID,TTYPE_ID,SIM_ID,TERMINAL_CODE,ORG_CODE,IS_VIDEO_TERMINAL,SP_SERVER_NAME,PROTOCOL_TYPE,CHANNELS,YT_PROTOCOL_TYPE) values(221335, 4, 23335, '1003334', 'B0000802',1,'1076测试服务器','4',8,'0');
insert into V_VEHICLEINFO (ORG_CODE,VEHICLE_ID,ID_NUMBER,TYPE_ID,TERMINAL_ID,DELETE_FLAG,COLOR_ID_NUMBER_ID,AUTHORIZED_PAY_MASS) values ('B0000802','2201335', '测B03334', 4, 221335, 0, '2',15);

insert into T_SIMINFO (SIM_ID, ORG_CODE, DEPTCODE, STATE,PAY_MODLE, SIM_NUM) values(23336, 'B0000802', '中国移动', 1, '预付费', 13100003335);
insert into T_TERMINALINFO (TERMINAL_ID,TTYPE_ID,SIM_ID,TERMINAL_CODE,ORG_CODE,IS_VIDEO_TERMINAL,SP_SERVER_NAME,PROTOCOL_TYPE,CHANNELS,YT_PROTOCOL_TYPE) values(221336, 4, 23336, '1003335', 'B0000802',1,'1076测试服务器','4',8,'0');
insert into V_VEHICLEINFO (ORG_CODE,VEHICLE_ID,ID_NUMBER,TYPE_ID,TERMINAL_ID,DELETE_FLAG,COLOR_ID_NUMBER_ID,AUTHORIZED_PAY_MASS) values ('B0000802','2201336', '测B03335', 4, 221336, 0, '2',15);

insert into T_SIMINFO (SIM_ID, ORG_CODE, DEPTCODE, STATE,PAY_MODLE, SIM_NUM) values(23337, 'B0000802', '中国移动', 1, '预付费', 13100003336);
insert into T_TERMINALINFO (TERMINAL_ID,TTYPE_ID,SIM_ID,TERMINAL_CODE,ORG_CODE,IS_VIDEO_TERMINAL,SP_SERVER_NAME,PROTOCOL_TYPE,CHANNELS,YT_PROTOCOL_TYPE) values(221337, 4, 23337, '1003336', 'B0000802',1,'1076测试服务器','4',8,'0');
insert into V_VEHICLEINFO (ORG_CODE,VEHICLE_ID,ID_NUMBER,TYPE_ID,TERMINAL_ID,DELETE_FLAG,COLOR_ID_NUMBER_ID,AUTHORIZED_PAY_MASS) values ('B0000802','2201337', '测B03336', 4, 221337, 0, '2',15);

insert into T_SIMINFO (SIM_ID, ORG_CODE, DEPTCODE, STATE,PAY_MODLE, SIM_NUM) values(23338, 'B0000802', '中国移动', 1, '预付费', 13100003337);
insert into T_TERMINALINFO (TERMINAL_ID,TTYPE_ID,SIM_ID,TERMINAL_CODE,ORG_CODE,IS_VIDEO_TERMINAL,SP_SERVER_NAME,PROTOCOL_TYPE,CHANNELS,YT_PROTOCOL_TYPE) values(221338, 4, 23338, '1003337', 'B0000802',1,'1076测试服务器','4',8,'0');
insert into V_VEHICLEINFO (ORG_CODE,VEHICLE_ID,ID_NUMBER,TYPE_ID,TERMINAL_ID,DELETE_FLAG,COLOR_ID_NUMBER_ID,AUTHORIZED_PAY_MASS) values ('B0000802','2201338', '测B03337', 4, 221338, 0, '2',15);

insert into T_SIMINFO (SIM_ID, ORG_CODE, DEPTCODE, STATE,PAY_MODLE, SIM_NUM) values(23339, 'B0000802', '中国移动', 1, '预付费', 13100003338);
insert into T_TERMINALINFO (TERMINAL_ID,TTYPE_ID,SIM_ID,TERMINAL_CODE,ORG_CODE,IS_VIDEO_TERMINAL,SP_SERVER_NAME,PROTOCOL_TYPE,CHANNELS,YT_PROTOCOL_TYPE) values(221339, 4, 23339, '1003338', 'B0000802',1,'1076测试服务器','4',8,'0');
insert into V_VEHICLEINFO (ORG_CODE,VEHICLE_ID,ID_NUMBER,TYPE_ID,TERMINAL_ID,DELETE_FLAG,COLOR_ID_NUMBER_ID,AUTHORIZED_PAY_MASS) values ('B0000802','2201339', '测B03338', 4, 221339, 0, '2',15);

insert into T_SIMINFO (SIM_ID, ORG_CODE, DEPTCODE, STATE,PAY_MODLE, SIM_NUM) values(23340, 'B0000802', '中国移动', 1, '预付费', 13100003339);
insert into T_TERMINALINFO (TERMINAL_ID,TTYPE_ID,SIM_ID,TERMINAL_CODE,ORG_CODE,IS_VIDEO_TERMINAL,SP_SERVER_NAME,PROTOCOL_TYPE,CHANNELS,YT_PROTOCOL_TYPE) values(221340, 4, 23340, '1003339', 'B0000802',1,'1076测试服务器','4',8,'0');
insert into V_VEHICLEINFO (ORG_CODE,VEHICLE_ID,ID_NUMBER,TYPE_ID,TERMINAL_ID,DELETE_FLAG,COLOR_ID_NUMBER_ID,AUTHORIZED_PAY_MASS) values ('B0000802','2201340', '测B03339', 4, 221340, 0, '2',15);

insert into T_SIMINFO (SIM_ID, ORG_CODE, DEPTCODE, STATE,PAY_MODLE, SIM_NUM) values(23341, 'B0000802', '中国移动', 1, '预付费', 13100003340);
insert into T_TERMINALINFO (TERMINAL_ID,TTYPE_ID,SIM_ID,TERMINAL_CODE,ORG_CODE,IS_VIDEO_TERMINAL,SP_SERVER_NAME,PROTOCOL_TYPE,CHANNELS,YT_PROTOCOL_TYPE) values(221341, 4, 23341, '1003340', 'B0000802',1,'1076测试服务器','4',8,'0');
insert into V_VEHICLEINFO (ORG_CODE,VEHICLE_ID,ID_NUMBER,TYPE_ID,TERMINAL_ID,DELETE_FLAG,COLOR_ID_NUMBER_ID,AUTHORIZED_PAY_MASS) values ('B0000802','2201341', '测B03340', 4, 221341, 0, '2',15);

insert into T_SIMINFO (SIM_ID, ORG_CODE, DEPTCODE, STATE,PAY_MODLE, SIM_NUM) values(23342, 'B0000802', '中国移动', 1, '预付费', 13100003341);
insert into T_TERMINALINFO (TERMINAL_ID,TTYPE_ID,SIM_ID,TERMINAL_CODE,ORG_CODE,IS_VIDEO_TERMINAL,SP_SERVER_NAME,PROTOCOL_TYPE,CHANNELS,YT_PROTOCOL_TYPE) values(221342, 4, 23342, '1003341', 'B0000802',1,'1076测试服务器','4',8,'0');
insert into V_VEHICLEINFO (ORG_CODE,VEHICLE_ID,ID_NUMBER,TYPE_ID,TERMINAL_ID,DELETE_FLAG,COLOR_ID_NUMBER_ID,AUTHORIZED_PAY_MASS) values ('B0000802','2201342', '测B03341', 4, 221342, 0, '2',15);

insert into T_SIMINFO (SIM_ID, ORG_CODE, DEPTCODE, STATE,PAY_MODLE, SIM_NUM) values(23343, 'B0000802', '中国移动', 1, '预付费', 13100003342);
insert into T_TERMINALINFO (TERMINAL_ID,TTYPE_ID,SIM_ID,TERMINAL_CODE,ORG_CODE,IS_VIDEO_TERMINAL,SP_SERVER_NAME,PROTOCOL_TYPE,CHANNELS,YT_PROTOCOL_TYPE) values(221343, 4, 23343, '1003342', 'B0000802',1,'1076测试服务器','4',8,'0');
insert into V_VEHICLEINFO (ORG_CODE,VEHICLE_ID,ID_NUMBER,TYPE_ID,TERMINAL_ID,DELETE_FLAG,COLOR_ID_NUMBER_ID,AUTHORIZED_PAY_MASS) values ('B0000802','2201343', '测B03342', 4, 221343, 0, '2',15);

insert into T_SIMINFO (SIM_ID, ORG_CODE, DEPTCODE, STATE,PAY_MODLE, SIM_NUM) values(23344, 'B0000802', '中国移动', 1, '预付费', 13100003343);
insert into T_TERMINALINFO (TERMINAL_ID,TTYPE_ID,SIM_ID,TERMINAL_CODE,ORG_CODE,IS_VIDEO_TERMINAL,SP_SERVER_NAME,PROTOCOL_TYPE,CHANNELS,YT_PROTOCOL_TYPE) values(221344, 4, 23344, '1003343', 'B0000802',1,'1076测试服务器','4',8,'0');
insert into V_VEHICLEINFO (ORG_CODE,VEHICLE_ID,ID_NUMBER,TYPE_ID,TERMINAL_ID,DELETE_FLAG,COLOR_ID_NUMBER_ID,AUTHORIZED_PAY_MASS) values ('B0000802','2201344', '测B03343', 4, 221344, 0, '2',15);

insert into T_SIMINFO (SIM_ID, ORG_CODE, DEPTCODE, STATE,PAY_MODLE, SIM_NUM) values(23345, 'B0000802', '中国移动', 1, '预付费', 13100003344);
insert into T_TERMINALINFO (TERMINAL_ID,TTYPE_ID,SIM_ID,TERMINAL_CODE,ORG_CODE,IS_VIDEO_TERMINAL,SP_SERVER_NAME,PROTOCOL_TYPE,CHANNELS,YT_PROTOCOL_TYPE) values(221345, 4, 23345, '1003344', 'B0000802',1,'1076测试服务器','4',8,'0');
insert into V_VEHICLEINFO (ORG_CODE,VEHICLE_ID,ID_NUMBER,TYPE_ID,TERMINAL_ID,DELETE_FLAG,COLOR_ID_NUMBER_ID,AUTHORIZED_PAY_MASS) values ('B0000802','2201345', '测B03344', 4, 221345, 0, '2',15);

insert into T_SIMINFO (SIM_ID, ORG_CODE, DEPTCODE, STATE,PAY_MODLE, SIM_NUM) values(23346, 'B0000802', '中国移动', 1, '预付费', 13100003345);
insert into T_TERMINALINFO (TERMINAL_ID,TTYPE_ID,SIM_ID,TERMINAL_CODE,ORG_CODE,IS_VIDEO_TERMINAL,SP_SERVER_NAME,PROTOCOL_TYPE,CHANNELS,YT_PROTOCOL_TYPE) values(221346, 4, 23346, '1003345', 'B0000802',1,'1076测试服务器','4',8,'0');
insert into V_VEHICLEINFO (ORG_CODE,VEHICLE_ID,ID_NUMBER,TYPE_ID,TERMINAL_ID,DELETE_FLAG,COLOR_ID_NUMBER_ID,AUTHORIZED_PAY_MASS) values ('B0000802','2201346', '测B03345', 4, 221346, 0, '2',15);

insert into T_SIMINFO (SIM_ID, ORG_CODE, DEPTCODE, STATE,PAY_MODLE, SIM_NUM) values(23347, 'B0000802', '中国移动', 1, '预付费', 13100003346);
insert into T_TERMINALINFO (TERMINAL_ID,TTYPE_ID,SIM_ID,TERMINAL_CODE,ORG_CODE,IS_VIDEO_TERMINAL,SP_SERVER_NAME,PROTOCOL_TYPE,CHANNELS,YT_PROTOCOL_TYPE) values(221347, 4, 23347, '1003346', 'B0000802',1,'1076测试服务器','4',8,'0');
insert into V_VEHICLEINFO (ORG_CODE,VEHICLE_ID,ID_NUMBER,TYPE_ID,TERMINAL_ID,DELETE_FLAG,COLOR_ID_NUMBER_ID,AUTHORIZED_PAY_MASS) values ('B0000802','2201347', '测B03346', 4, 221347, 0, '2',15);

insert into T_SIMINFO (SIM_ID, ORG_CODE, DEPTCODE, STATE,PAY_MODLE, SIM_NUM) values(23348, 'B0000802', '中国移动', 1, '预付费', 13100003347);
insert into T_TERMINALINFO (TERMINAL_ID,TTYPE_ID,SIM_ID,TERMINAL_CODE,ORG_CODE,IS_VIDEO_TERMINAL,SP_SERVER_NAME,PROTOCOL_TYPE,CHANNELS,YT_PROTOCOL_TYPE) values(221348, 4, 23348, '1003347', 'B0000802',1,'1076测试服务器','4',8,'0');
insert into V_VEHICLEINFO (ORG_CODE,VEHICLE_ID,ID_NUMBER,TYPE_ID,TERMINAL_ID,DELETE_FLAG,COLOR_ID_NUMBER_ID,AUTHORIZED_PAY_MASS) values ('B0000802','2201348', '测B03347', 4, 221348, 0, '2',15);

insert into T_SIMINFO (SIM_ID, ORG_CODE, DEPTCODE, STATE,PAY_MODLE, SIM_NUM) values(23349, 'B0000802', '中国移动', 1, '预付费', 13100003348);
insert into T_TERMINALINFO (TERMINAL_ID,TTYPE_ID,SIM_ID,TERMINAL_CODE,ORG_CODE,IS_VIDEO_TERMINAL,SP_SERVER_NAME,PROTOCOL_TYPE,CHANNELS,YT_PROTOCOL_TYPE) values(221349, 4, 23349, '1003348', 'B0000802',1,'1076测试服务器','4',8,'0');
insert into V_VEHICLEINFO (ORG_CODE,VEHICLE_ID,ID_NUMBER,TYPE_ID,TERMINAL_ID,DELETE_FLAG,COLOR_ID_NUMBER_ID,AUTHORIZED_PAY_MASS) values ('B0000802','2201349', '测B03348', 4, 221349, 0, '2',15);

insert into T_SIMINFO (SIM_ID, ORG_CODE, DEPTCODE, STATE,PAY_MODLE, SIM_NUM) values(23350, 'B0000802', '中国移动', 1, '预付费', 13100003349);
insert into T_TERMINALINFO (TERMINAL_ID,TTYPE_ID,SIM_ID,TERMINAL_CODE,ORG_CODE,IS_VIDEO_TERMINAL,SP_SERVER_NAME,PROTOCOL_TYPE,CHANNELS,YT_PROTOCOL_TYPE) values(221350, 4, 23350, '1003349', 'B0000802',1,'1076测试服务器','4',8,'0');
insert into V_VEHICLEINFO (ORG_CODE,VEHICLE_ID,ID_NUMBER,TYPE_ID,TERMINAL_ID,DELETE_FLAG,COLOR_ID_NUMBER_ID,AUTHORIZED_PAY_MASS) values ('B0000802','2201350', '测B03349', 4, 221350, 0, '2',15);

insert into T_SIMINFO (SIM_ID, ORG_CODE, DEPTCODE, STATE,PAY_MODLE, SIM_NUM) values(23351, 'B0000802', '中国移动', 1, '预付费', 13100003350);
insert into T_TERMINALINFO (TERMINAL_ID,TTYPE_ID,SIM_ID,TERMINAL_CODE,ORG_CODE,IS_VIDEO_TERMINAL,SP_SERVER_NAME,PROTOCOL_TYPE,CHANNELS,YT_PROTOCOL_TYPE) values(221351, 4, 23351, '1003350', 'B0000802',1,'1076测试服务器','4',8,'0');
insert into V_VEHICLEINFO (ORG_CODE,VEHICLE_ID,ID_NUMBER,TYPE_ID,TERMINAL_ID,DELETE_FLAG,COLOR_ID_NUMBER_ID,AUTHORIZED_PAY_MASS) values ('B0000802','2201351', '测B03350', 4, 221351, 0, '2',15);

insert into T_SIMINFO (SIM_ID, ORG_CODE, DEPTCODE, STATE,PAY_MODLE, SIM_NUM) values(23352, 'B0000802', '中国移动', 1, '预付费', 13100003351);
insert into T_TERMINALINFO (TERMINAL_ID,TTYPE_ID,SIM_ID,TERMINAL_CODE,ORG_CODE,IS_VIDEO_TERMINAL,SP_SERVER_NAME,PROTOCOL_TYPE,CHANNELS,YT_PROTOCOL_TYPE) values(221352, 4, 23352, '1003351', 'B0000802',1,'1076测试服务器','4',8,'0');
insert into V_VEHICLEINFO (ORG_CODE,VEHICLE_ID,ID_NUMBER,TYPE_ID,TERMINAL_ID,DELETE_FLAG,COLOR_ID_NUMBER_ID,AUTHORIZED_PAY_MASS) values ('B0000802','2201352', '测B03351', 4, 221352, 0, '2',15);

insert into T_SIMINFO (SIM_ID, ORG_CODE, DEPTCODE, STATE,PAY_MODLE, SIM_NUM) values(23353, 'B0000802', '中国移动', 1, '预付费', 13100003352);
insert into T_TERMINALINFO (TERMINAL_ID,TTYPE_ID,SIM_ID,TERMINAL_CODE,ORG_CODE,IS_VIDEO_TERMINAL,SP_SERVER_NAME,PROTOCOL_TYPE,CHANNELS,YT_PROTOCOL_TYPE) values(221353, 4, 23353, '1003352', 'B0000802',1,'1076测试服务器','4',8,'0');
insert into V_VEHICLEINFO (ORG_CODE,VEHICLE_ID,ID_NUMBER,TYPE_ID,TERMINAL_ID,DELETE_FLAG,COLOR_ID_NUMBER_ID,AUTHORIZED_PAY_MASS) values ('B0000802','2201353', '测B03352', 4, 221353, 0, '2',15);

insert into T_SIMINFO (SIM_ID, ORG_CODE, DEPTCODE, STATE,PAY_MODLE, SIM_NUM) values(23354, 'B0000802', '中国移动', 1, '预付费', 13100003353);
insert into T_TERMINALINFO (TERMINAL_ID,TTYPE_ID,SIM_ID,TERMINAL_CODE,ORG_CODE,IS_VIDEO_TERMINAL,SP_SERVER_NAME,PROTOCOL_TYPE,CHANNELS,YT_PROTOCOL_TYPE) values(221354, 4, 23354, '1003353', 'B0000802',1,'1076测试服务器','4',8,'0');
insert into V_VEHICLEINFO (ORG_CODE,VEHICLE_ID,ID_NUMBER,TYPE_ID,TERMINAL_ID,DELETE_FLAG,COLOR_ID_NUMBER_ID,AUTHORIZED_PAY_MASS) values ('B0000802','2201354', '测B03353', 4, 221354, 0, '2',15);

insert into T_SIMINFO (SIM_ID, ORG_CODE, DEPTCODE, STATE,PAY_MODLE, SIM_NUM) values(23355, 'B0000802', '中国移动', 1, '预付费', 13100003354);
insert into T_TERMINALINFO (TERMINAL_ID,TTYPE_ID,SIM_ID,TERMINAL_CODE,ORG_CODE,IS_VIDEO_TERMINAL,SP_SERVER_NAME,PROTOCOL_TYPE,CHANNELS,YT_PROTOCOL_TYPE) values(221355, 4, 23355, '1003354', 'B0000802',1,'1076测试服务器','4',8,'0');
insert into V_VEHICLEINFO (ORG_CODE,VEHICLE_ID,ID_NUMBER,TYPE_ID,TERMINAL_ID,DELETE_FLAG,COLOR_ID_NUMBER_ID,AUTHORIZED_PAY_MASS) values ('B0000802','2201355', '测B03354', 4, 221355, 0, '2',15);

insert into T_SIMINFO (SIM_ID, ORG_CODE, DEPTCODE, STATE,PAY_MODLE, SIM_NUM) values(23356, 'B0000802', '中国移动', 1, '预付费', 13100003355);
insert into T_TERMINALINFO (TERMINAL_ID,TTYPE_ID,SIM_ID,TERMINAL_CODE,ORG_CODE,IS_VIDEO_TERMINAL,SP_SERVER_NAME,PROTOCOL_TYPE,CHANNELS,YT_PROTOCOL_TYPE) values(221356, 4, 23356, '1003355', 'B0000802',1,'1076测试服务器','4',8,'0');
insert into V_VEHICLEINFO (ORG_CODE,VEHICLE_ID,ID_NUMBER,TYPE_ID,TERMINAL_ID,DELETE_FLAG,COLOR_ID_NUMBER_ID,AUTHORIZED_PAY_MASS) values ('B0000802','2201356', '测B03355', 4, 221356, 0, '2',15);

insert into T_SIMINFO (SIM_ID, ORG_CODE, DEPTCODE, STATE,PAY_MODLE, SIM_NUM) values(23357, 'B0000802', '中国移动', 1, '预付费', 13100003356);
insert into T_TERMINALINFO (TERMINAL_ID,TTYPE_ID,SIM_ID,TERMINAL_CODE,ORG_CODE,IS_VIDEO_TERMINAL,SP_SERVER_NAME,PROTOCOL_TYPE,CHANNELS,YT_PROTOCOL_TYPE) values(221357, 4, 23357, '1003356', 'B0000802',1,'1076测试服务器','4',8,'0');
insert into V_VEHICLEINFO (ORG_CODE,VEHICLE_ID,ID_NUMBER,TYPE_ID,TERMINAL_ID,DELETE_FLAG,COLOR_ID_NUMBER_ID,AUTHORIZED_PAY_MASS) values ('B0000802','2201357', '测B03356', 4, 221357, 0, '2',15);

insert into T_SIMINFO (SIM_ID, ORG_CODE, DEPTCODE, STATE,PAY_MODLE, SIM_NUM) values(23358, 'B0000802', '中国移动', 1, '预付费', 13100003357);
insert into T_TERMINALINFO (TERMINAL_ID,TTYPE_ID,SIM_ID,TERMINAL_CODE,ORG_CODE,IS_VIDEO_TERMINAL,SP_SERVER_NAME,PROTOCOL_TYPE,CHANNELS,YT_PROTOCOL_TYPE) values(221358, 4, 23358, '1003357', 'B0000802',1,'1076测试服务器','4',8,'0');
insert into V_VEHICLEINFO (ORG_CODE,VEHICLE_ID,ID_NUMBER,TYPE_ID,TERMINAL_ID,DELETE_FLAG,COLOR_ID_NUMBER_ID,AUTHORIZED_PAY_MASS) values ('B0000802','2201358', '测B03357', 4, 221358, 0, '2',15);

insert into T_SIMINFO (SIM_ID, ORG_CODE, DEPTCODE, STATE,PAY_MODLE, SIM_NUM) values(23359, 'B0000802', '中国移动', 1, '预付费', 13100003358);
insert into T_TERMINALINFO (TERMINAL_ID,TTYPE_ID,SIM_ID,TERMINAL_CODE,ORG_CODE,IS_VIDEO_TERMINAL,SP_SERVER_NAME,PROTOCOL_TYPE,CHANNELS,YT_PROTOCOL_TYPE) values(221359, 4, 23359, '1003358', 'B0000802',1,'1076测试服务器','4',8,'0');
insert into V_VEHICLEINFO (ORG_CODE,VEHICLE_ID,ID_NUMBER,TYPE_ID,TERMINAL_ID,DELETE_FLAG,COLOR_ID_NUMBER_ID,AUTHORIZED_PAY_MASS) values ('B0000802','2201359', '测B03358', 4, 221359, 0, '2',15);

insert into T_SIMINFO (SIM_ID, ORG_CODE, DEPTCODE, STATE,PAY_MODLE, SIM_NUM) values(23360, 'B0000802', '中国移动', 1, '预付费', 13100003359);
insert into T_TERMINALINFO (TERMINAL_ID,TTYPE_ID,SIM_ID,TERMINAL_CODE,ORG_CODE,IS_VIDEO_TERMINAL,SP_SERVER_NAME,PROTOCOL_TYPE,CHANNELS,YT_PROTOCOL_TYPE) values(221360, 4, 23360, '1003359', 'B0000802',1,'1076测试服务器','4',8,'0');
insert into V_VEHICLEINFO (ORG_CODE,VEHICLE_ID,ID_NUMBER,TYPE_ID,TERMINAL_ID,DELETE_FLAG,COLOR_ID_NUMBER_ID,AUTHORIZED_PAY_MASS) values ('B0000802','2201360', '测B03359', 4, 221360, 0, '2',15);

insert into T_SIMINFO (SIM_ID, ORG_CODE, DEPTCODE, STATE,PAY_MODLE, SIM_NUM) values(23361, 'B0000802', '中国移动', 1, '预付费', 13100003360);
insert into T_TERMINALINFO (TERMINAL_ID,TTYPE_ID,SIM_ID,TERMINAL_CODE,ORG_CODE,IS_VIDEO_TERMINAL,SP_SERVER_NAME,PROTOCOL_TYPE,CHANNELS,YT_PROTOCOL_TYPE) values(221361, 4, 23361, '1003360', 'B0000802',1,'1076测试服务器','4',8,'0');
insert into V_VEHICLEINFO (ORG_CODE,VEHICLE_ID,ID_NUMBER,TYPE_ID,TERMINAL_ID,DELETE_FLAG,COLOR_ID_NUMBER_ID,AUTHORIZED_PAY_MASS) values ('B0000802','2201361', '测B03360', 4, 221361, 0, '2',15);

insert into T_SIMINFO (SIM_ID, ORG_CODE, DEPTCODE, STATE,PAY_MODLE, SIM_NUM) values(23362, 'B0000802', '中国移动', 1, '预付费', 13100003361);
insert into T_TERMINALINFO (TERMINAL_ID,TTYPE_ID,SIM_ID,TERMINAL_CODE,ORG_CODE,IS_VIDEO_TERMINAL,SP_SERVER_NAME,PROTOCOL_TYPE,CHANNELS,YT_PROTOCOL_TYPE) values(221362, 4, 23362, '1003361', 'B0000802',1,'1076测试服务器','4',8,'0');
insert into V_VEHICLEINFO (ORG_CODE,VEHICLE_ID,ID_NUMBER,TYPE_ID,TERMINAL_ID,DELETE_FLAG,COLOR_ID_NUMBER_ID,AUTHORIZED_PAY_MASS) values ('B0000802','2201362', '测B03361', 4, 221362, 0, '2',15);

insert into T_SIMINFO (SIM_ID, ORG_CODE, DEPTCODE, STATE,PAY_MODLE, SIM_NUM) values(23363, 'B0000802', '中国移动', 1, '预付费', 13100003362);
insert into T_TERMINALINFO (TERMINAL_ID,TTYPE_ID,SIM_ID,TERMINAL_CODE,ORG_CODE,IS_VIDEO_TERMINAL,SP_SERVER_NAME,PROTOCOL_TYPE,CHANNELS,YT_PROTOCOL_TYPE) values(221363, 4, 23363, '1003362', 'B0000802',1,'1076测试服务器','4',8,'0');
insert into V_VEHICLEINFO (ORG_CODE,VEHICLE_ID,ID_NUMBER,TYPE_ID,TERMINAL_ID,DELETE_FLAG,COLOR_ID_NUMBER_ID,AUTHORIZED_PAY_MASS) values ('B0000802','2201363', '测B03362', 4, 221363, 0, '2',15);

insert into T_SIMINFO (SIM_ID, ORG_CODE, DEPTCODE, STATE,PAY_MODLE, SIM_NUM) values(23364, 'B0000802', '中国移动', 1, '预付费', 13100003363);
insert into T_TERMINALINFO (TERMINAL_ID,TTYPE_ID,SIM_ID,TERMINAL_CODE,ORG_CODE,IS_VIDEO_TERMINAL,SP_SERVER_NAME,PROTOCOL_TYPE,CHANNELS,YT_PROTOCOL_TYPE) values(221364, 4, 23364, '1003363', 'B0000802',1,'1076测试服务器','4',8,'0');
insert into V_VEHICLEINFO (ORG_CODE,VEHICLE_ID,ID_NUMBER,TYPE_ID,TERMINAL_ID,DELETE_FLAG,COLOR_ID_NUMBER_ID,AUTHORIZED_PAY_MASS) values ('B0000802','2201364', '测B03363', 4, 221364, 0, '2',15);

insert into T_SIMINFO (SIM_ID, ORG_CODE, DEPTCODE, STATE,PAY_MODLE, SIM_NUM) values(23365, 'B0000802', '中国移动', 1, '预付费', 13100003364);
insert into T_TERMINALINFO (TERMINAL_ID,TTYPE_ID,SIM_ID,TERMINAL_CODE,ORG_CODE,IS_VIDEO_TERMINAL,SP_SERVER_NAME,PROTOCOL_TYPE,CHANNELS,YT_PROTOCOL_TYPE) values(221365, 4, 23365, '1003364', 'B0000802',1,'1076测试服务器','4',8,'0');
insert into V_VEHICLEINFO (ORG_CODE,VEHICLE_ID,ID_NUMBER,TYPE_ID,TERMINAL_ID,DELETE_FLAG,COLOR_ID_NUMBER_ID,AUTHORIZED_PAY_MASS) values ('B0000802','2201365', '测B03364', 4, 221365, 0, '2',15);

insert into T_SIMINFO (SIM_ID, ORG_CODE, DEPTCODE, STATE,PAY_MODLE, SIM_NUM) values(23366, 'B0000802', '中国移动', 1, '预付费', 13100003365);
insert into T_TERMINALINFO (TERMINAL_ID,TTYPE_ID,SIM_ID,TERMINAL_CODE,ORG_CODE,IS_VIDEO_TERMINAL,SP_SERVER_NAME,PROTOCOL_TYPE,CHANNELS,YT_PROTOCOL_TYPE) values(221366, 4, 23366, '1003365', 'B0000802',1,'1076测试服务器','4',8,'0');
insert into V_VEHICLEINFO (ORG_CODE,VEHICLE_ID,ID_NUMBER,TYPE_ID,TERMINAL_ID,DELETE_FLAG,COLOR_ID_NUMBER_ID,AUTHORIZED_PAY_MASS) values ('B0000802','2201366', '测B03365', 4, 221366, 0, '2',15);

insert into T_SIMINFO (SIM_ID, ORG_CODE, DEPTCODE, STATE,PAY_MODLE, SIM_NUM) values(23367, 'B0000802', '中国移动', 1, '预付费', 13100003366);
insert into T_TERMINALINFO (TERMINAL_ID,TTYPE_ID,SIM_ID,TERMINAL_CODE,ORG_CODE,IS_VIDEO_TERMINAL,SP_SERVER_NAME,PROTOCOL_TYPE,CHANNELS,YT_PROTOCOL_TYPE) values(221367, 4, 23367, '1003366', 'B0000802',1,'1076测试服务器','4',8,'0');
insert into V_VEHICLEINFO (ORG_CODE,VEHICLE_ID,ID_NUMBER,TYPE_ID,TERMINAL_ID,DELETE_FLAG,COLOR_ID_NUMBER_ID,AUTHORIZED_PAY_MASS) values ('B0000802','2201367', '测B03366', 4, 221367, 0, '2',15);

insert into T_SIMINFO (SIM_ID, ORG_CODE, DEPTCODE, STATE,PAY_MODLE, SIM_NUM) values(23368, 'B0000802', '中国移动', 1, '预付费', 13100003367);
insert into T_TERMINALINFO (TERMINAL_ID,TTYPE_ID,SIM_ID,TERMINAL_CODE,ORG_CODE,IS_VIDEO_TERMINAL,SP_SERVER_NAME,PROTOCOL_TYPE,CHANNELS,YT_PROTOCOL_TYPE) values(221368, 4, 23368, '1003367', 'B0000802',1,'1076测试服务器','4',8,'0');
insert into V_VEHICLEINFO (ORG_CODE,VEHICLE_ID,ID_NUMBER,TYPE_ID,TERMINAL_ID,DELETE_FLAG,COLOR_ID_NUMBER_ID,AUTHORIZED_PAY_MASS) values ('B0000802','2201368', '测B03367', 4, 221368, 0, '2',15);

insert into T_SIMINFO (SIM_ID, ORG_CODE, DEPTCODE, STATE,PAY_MODLE, SIM_NUM) values(23369, 'B0000802', '中国移动', 1, '预付费', 13100003368);
insert into T_TERMINALINFO (TERMINAL_ID,TTYPE_ID,SIM_ID,TERMINAL_CODE,ORG_CODE,IS_VIDEO_TERMINAL,SP_SERVER_NAME,PROTOCOL_TYPE,CHANNELS,YT_PROTOCOL_TYPE) values(221369, 4, 23369, '1003368', 'B0000802',1,'1076测试服务器','4',8,'0');
insert into V_VEHICLEINFO (ORG_CODE,VEHICLE_ID,ID_NUMBER,TYPE_ID,TERMINAL_ID,DELETE_FLAG,COLOR_ID_NUMBER_ID,AUTHORIZED_PAY_MASS) values ('B0000802','2201369', '测B03368', 4, 221369, 0, '2',15);

insert into T_SIMINFO (SIM_ID, ORG_CODE, DEPTCODE, STATE,PAY_MODLE, SIM_NUM) values(23370, 'B0000802', '中国移动', 1, '预付费', 13100003369);
insert into T_TERMINALINFO (TERMINAL_ID,TTYPE_ID,SIM_ID,TERMINAL_CODE,ORG_CODE,IS_VIDEO_TERMINAL,SP_SERVER_NAME,PROTOCOL_TYPE,CHANNELS,YT_PROTOCOL_TYPE) values(221370, 4, 23370, '1003369', 'B0000802',1,'1076测试服务器','4',8,'0');
insert into V_VEHICLEINFO (ORG_CODE,VEHICLE_ID,ID_NUMBER,TYPE_ID,TERMINAL_ID,DELETE_FLAG,COLOR_ID_NUMBER_ID,AUTHORIZED_PAY_MASS) values ('B0000802','2201370', '测B03369', 4, 221370, 0, '2',15);

insert into T_SIMINFO (SIM_ID, ORG_CODE, DEPTCODE, STATE,PAY_MODLE, SIM_NUM) values(23371, 'B0000802', '中国移动', 1, '预付费', 13100003370);
insert into T_TERMINALINFO (TERMINAL_ID,TTYPE_ID,SIM_ID,TERMINAL_CODE,ORG_CODE,IS_VIDEO_TERMINAL,SP_SERVER_NAME,PROTOCOL_TYPE,CHANNELS,YT_PROTOCOL_TYPE) values(221371, 4, 23371, '1003370', 'B0000802',1,'1076测试服务器','4',8,'0');
insert into V_VEHICLEINFO (ORG_CODE,VEHICLE_ID,ID_NUMBER,TYPE_ID,TERMINAL_ID,DELETE_FLAG,COLOR_ID_NUMBER_ID,AUTHORIZED_PAY_MASS) values ('B0000802','2201371', '测B03370', 4, 221371, 0, '2',15);

insert into T_SIMINFO (SIM_ID, ORG_CODE, DEPTCODE, STATE,PAY_MODLE, SIM_NUM) values(23372, 'B0000802', '中国移动', 1, '预付费', 13100003371);
insert into T_TERMINALINFO (TERMINAL_ID,TTYPE_ID,SIM_ID,TERMINAL_CODE,ORG_CODE,IS_VIDEO_TERMINAL,SP_SERVER_NAME,PROTOCOL_TYPE,CHANNELS,YT_PROTOCOL_TYPE) values(221372, 4, 23372, '1003371', 'B0000802',1,'1076测试服务器','4',8,'0');
insert into V_VEHICLEINFO (ORG_CODE,VEHICLE_ID,ID_NUMBER,TYPE_ID,TERMINAL_ID,DELETE_FLAG,COLOR_ID_NUMBER_ID,AUTHORIZED_PAY_MASS) values ('B0000802','2201372', '测B03371', 4, 221372, 0, '2',15);

insert into T_SIMINFO (SIM_ID, ORG_CODE, DEPTCODE, STATE,PAY_MODLE, SIM_NUM) values(23373, 'B0000802', '中国移动', 1, '预付费', 13100003372);
insert into T_TERMINALINFO (TERMINAL_ID,TTYPE_ID,SIM_ID,TERMINAL_CODE,ORG_CODE,IS_VIDEO_TERMINAL,SP_SERVER_NAME,PROTOCOL_TYPE,CHANNELS,YT_PROTOCOL_TYPE) values(221373, 4, 23373, '1003372', 'B0000802',1,'1076测试服务器','4',8,'0');
insert into V_VEHICLEINFO (ORG_CODE,VEHICLE_ID,ID_NUMBER,TYPE_ID,TERMINAL_ID,DELETE_FLAG,COLOR_ID_NUMBER_ID,AUTHORIZED_PAY_MASS) values ('B0000802','2201373', '测B03372', 4, 221373, 0, '2',15);

insert into T_SIMINFO (SIM_ID, ORG_CODE, DEPTCODE, STATE,PAY_MODLE, SIM_NUM) values(23374, 'B0000802', '中国移动', 1, '预付费', 13100003373);
insert into T_TERMINALINFO (TERMINAL_ID,TTYPE_ID,SIM_ID,TERMINAL_CODE,ORG_CODE,IS_VIDEO_TERMINAL,SP_SERVER_NAME,PROTOCOL_TYPE,CHANNELS,YT_PROTOCOL_TYPE) values(221374, 4, 23374, '1003373', 'B0000802',1,'1076测试服务器','4',8,'0');
insert into V_VEHICLEINFO (ORG_CODE,VEHICLE_ID,ID_NUMBER,TYPE_ID,TERMINAL_ID,DELETE_FLAG,COLOR_ID_NUMBER_ID,AUTHORIZED_PAY_MASS) values ('B0000802','2201374', '测B03373', 4, 221374, 0, '2',15);

insert into T_SIMINFO (SIM_ID, ORG_CODE, DEPTCODE, STATE,PAY_MODLE, SIM_NUM) values(23375, 'B0000802', '中国移动', 1, '预付费', 13100003374);
insert into T_TERMINALINFO (TERMINAL_ID,TTYPE_ID,SIM_ID,TERMINAL_CODE,ORG_CODE,IS_VIDEO_TERMINAL,SP_SERVER_NAME,PROTOCOL_TYPE,CHANNELS,YT_PROTOCOL_TYPE) values(221375, 4, 23375, '1003374', 'B0000802',1,'1076测试服务器','4',8,'0');
insert into V_VEHICLEINFO (ORG_CODE,VEHICLE_ID,ID_NUMBER,TYPE_ID,TERMINAL_ID,DELETE_FLAG,COLOR_ID_NUMBER_ID,AUTHORIZED_PAY_MASS) values ('B0000802','2201375', '测B03374', 4, 221375, 0, '2',15);

insert into T_SIMINFO (SIM_ID, ORG_CODE, DEPTCODE, STATE,PAY_MODLE, SIM_NUM) values(23376, 'B0000802', '中国移动', 1, '预付费', 13100003375);
insert into T_TERMINALINFO (TERMINAL_ID,TTYPE_ID,SIM_ID,TERMINAL_CODE,ORG_CODE,IS_VIDEO_TERMINAL,SP_SERVER_NAME,PROTOCOL_TYPE,CHANNELS,YT_PROTOCOL_TYPE) values(221376, 4, 23376, '1003375', 'B0000802',1,'1076测试服务器','4',8,'0');
insert into V_VEHICLEINFO (ORG_CODE,VEHICLE_ID,ID_NUMBER,TYPE_ID,TERMINAL_ID,DELETE_FLAG,COLOR_ID_NUMBER_ID,AUTHORIZED_PAY_MASS) values ('B0000802','2201376', '测B03375', 4, 221376, 0, '2',15);

insert into T_SIMINFO (SIM_ID, ORG_CODE, DEPTCODE, STATE,PAY_MODLE, SIM_NUM) values(23377, 'B0000802', '中国移动', 1, '预付费', 13100003376);
insert into T_TERMINALINFO (TERMINAL_ID,TTYPE_ID,SIM_ID,TERMINAL_CODE,ORG_CODE,IS_VIDEO_TERMINAL,SP_SERVER_NAME,PROTOCOL_TYPE,CHANNELS,YT_PROTOCOL_TYPE) values(221377, 4, 23377, '1003376', 'B0000802',1,'1076测试服务器','4',8,'0');
insert into V_VEHICLEINFO (ORG_CODE,VEHICLE_ID,ID_NUMBER,TYPE_ID,TERMINAL_ID,DELETE_FLAG,COLOR_ID_NUMBER_ID,AUTHORIZED_PAY_MASS) values ('B0000802','2201377', '测B03376', 4, 221377, 0, '2',15);

insert into T_SIMINFO (SIM_ID, ORG_CODE, DEPTCODE, STATE,PAY_MODLE, SIM_NUM) values(23378, 'B0000802', '中国移动', 1, '预付费', 13100003377);
insert into T_TERMINALINFO (TERMINAL_ID,TTYPE_ID,SIM_ID,TERMINAL_CODE,ORG_CODE,IS_VIDEO_TERMINAL,SP_SERVER_NAME,PROTOCOL_TYPE,CHANNELS,YT_PROTOCOL_TYPE) values(221378, 4, 23378, '1003377', 'B0000802',1,'1076测试服务器','4',8,'0');
insert into V_VEHICLEINFO (ORG_CODE,VEHICLE_ID,ID_NUMBER,TYPE_ID,TERMINAL_ID,DELETE_FLAG,COLOR_ID_NUMBER_ID,AUTHORIZED_PAY_MASS) values ('B0000802','2201378', '测B03377', 4, 221378, 0, '2',15);

insert into T_SIMINFO (SIM_ID, ORG_CODE, DEPTCODE, STATE,PAY_MODLE, SIM_NUM) values(23379, 'B0000802', '中国移动', 1, '预付费', 13100003378);
insert into T_TERMINALINFO (TERMINAL_ID,TTYPE_ID,SIM_ID,TERMINAL_CODE,ORG_CODE,IS_VIDEO_TERMINAL,SP_SERVER_NAME,PROTOCOL_TYPE,CHANNELS,YT_PROTOCOL_TYPE) values(221379, 4, 23379, '1003378', 'B0000802',1,'1076测试服务器','4',8,'0');
insert into V_VEHICLEINFO (ORG_CODE,VEHICLE_ID,ID_NUMBER,TYPE_ID,TERMINAL_ID,DELETE_FLAG,COLOR_ID_NUMBER_ID,AUTHORIZED_PAY_MASS) values ('B0000802','2201379', '测B03378', 4, 221379, 0, '2',15);

insert into T_SIMINFO (SIM_ID, ORG_CODE, DEPTCODE, STATE,PAY_MODLE, SIM_NUM) values(23380, 'B0000802', '中国移动', 1, '预付费', 13100003379);
insert into T_TERMINALINFO (TERMINAL_ID,TTYPE_ID,SIM_ID,TERMINAL_CODE,ORG_CODE,IS_VIDEO_TERMINAL,SP_SERVER_NAME,PROTOCOL_TYPE,CHANNELS,YT_PROTOCOL_TYPE) values(221380, 4, 23380, '1003379', 'B0000802',1,'1076测试服务器','4',8,'0');
insert into V_VEHICLEINFO (ORG_CODE,VEHICLE_ID,ID_NUMBER,TYPE_ID,TERMINAL_ID,DELETE_FLAG,COLOR_ID_NUMBER_ID,AUTHORIZED_PAY_MASS) values ('B0000802','2201380', '测B03379', 4, 221380, 0, '2',15);

insert into T_SIMINFO (SIM_ID, ORG_CODE, DEPTCODE, STATE,PAY_MODLE, SIM_NUM) values(23381, 'B0000802', '中国移动', 1, '预付费', 13100003380);
insert into T_TERMINALINFO (TERMINAL_ID,TTYPE_ID,SIM_ID,TERMINAL_CODE,ORG_CODE,IS_VIDEO_TERMINAL,SP_SERVER_NAME,PROTOCOL_TYPE,CHANNELS,YT_PROTOCOL_TYPE) values(221381, 4, 23381, '1003380', 'B0000802',1,'1076测试服务器','4',8,'0');
insert into V_VEHICLEINFO (ORG_CODE,VEHICLE_ID,ID_NUMBER,TYPE_ID,TERMINAL_ID,DELETE_FLAG,COLOR_ID_NUMBER_ID,AUTHORIZED_PAY_MASS) values ('B0000802','2201381', '测B03380', 4, 221381, 0, '2',15);

insert into T_SIMINFO (SIM_ID, ORG_CODE, DEPTCODE, STATE,PAY_MODLE, SIM_NUM) values(23382, 'B0000802', '中国移动', 1, '预付费', 13100003381);
insert into T_TERMINALINFO (TERMINAL_ID,TTYPE_ID,SIM_ID,TERMINAL_CODE,ORG_CODE,IS_VIDEO_TERMINAL,SP_SERVER_NAME,PROTOCOL_TYPE,CHANNELS,YT_PROTOCOL_TYPE) values(221382, 4, 23382, '1003381', 'B0000802',1,'1076测试服务器','4',8,'0');
insert into V_VEHICLEINFO (ORG_CODE,VEHICLE_ID,ID_NUMBER,TYPE_ID,TERMINAL_ID,DELETE_FLAG,COLOR_ID_NUMBER_ID,AUTHORIZED_PAY_MASS) values ('B0000802','2201382', '测B03381', 4, 221382, 0, '2',15);

insert into T_SIMINFO (SIM_ID, ORG_CODE, DEPTCODE, STATE,PAY_MODLE, SIM_NUM) values(23383, 'B0000802', '中国移动', 1, '预付费', 13100003382);
insert into T_TERMINALINFO (TERMINAL_ID,TTYPE_ID,SIM_ID,TERMINAL_CODE,ORG_CODE,IS_VIDEO_TERMINAL,SP_SERVER_NAME,PROTOCOL_TYPE,CHANNELS,YT_PROTOCOL_TYPE) values(221383, 4, 23383, '1003382', 'B0000802',1,'1076测试服务器','4',8,'0');
insert into V_VEHICLEINFO (ORG_CODE,VEHICLE_ID,ID_NUMBER,TYPE_ID,TERMINAL_ID,DELETE_FLAG,COLOR_ID_NUMBER_ID,AUTHORIZED_PAY_MASS) values ('B0000802','2201383', '测B03382', 4, 221383, 0, '2',15);

insert into T_SIMINFO (SIM_ID, ORG_CODE, DEPTCODE, STATE,PAY_MODLE, SIM_NUM) values(23384, 'B0000802', '中国移动', 1, '预付费', 13100003383);
insert into T_TERMINALINFO (TERMINAL_ID,TTYPE_ID,SIM_ID,TERMINAL_CODE,ORG_CODE,IS_VIDEO_TERMINAL,SP_SERVER_NAME,PROTOCOL_TYPE,CHANNELS,YT_PROTOCOL_TYPE) values(221384, 4, 23384, '1003383', 'B0000802',1,'1076测试服务器','4',8,'0');
insert into V_VEHICLEINFO (ORG_CODE,VEHICLE_ID,ID_NUMBER,TYPE_ID,TERMINAL_ID,DELETE_FLAG,COLOR_ID_NUMBER_ID,AUTHORIZED_PAY_MASS) values ('B0000802','2201384', '测B03383', 4, 221384, 0, '2',15);

insert into T_SIMINFO (SIM_ID, ORG_CODE, DEPTCODE, STATE,PAY_MODLE, SIM_NUM) values(23385, 'B0000802', '中国移动', 1, '预付费', 13100003384);
insert into T_TERMINALINFO (TERMINAL_ID,TTYPE_ID,SIM_ID,TERMINAL_CODE,ORG_CODE,IS_VIDEO_TERMINAL,SP_SERVER_NAME,PROTOCOL_TYPE,CHANNELS,YT_PROTOCOL_TYPE) values(221385, 4, 23385, '1003384', 'B0000802',1,'1076测试服务器','4',8,'0');
insert into V_VEHICLEINFO (ORG_CODE,VEHICLE_ID,ID_NUMBER,TYPE_ID,TERMINAL_ID,DELETE_FLAG,COLOR_ID_NUMBER_ID,AUTHORIZED_PAY_MASS) values ('B0000802','2201385', '测B03384', 4, 221385, 0, '2',15);

insert into T_SIMINFO (SIM_ID, ORG_CODE, DEPTCODE, STATE,PAY_MODLE, SIM_NUM) values(23386, 'B0000802', '中国移动', 1, '预付费', 13100003385);
insert into T_TERMINALINFO (TERMINAL_ID,TTYPE_ID,SIM_ID,TERMINAL_CODE,ORG_CODE,IS_VIDEO_TERMINAL,SP_SERVER_NAME,PROTOCOL_TYPE,CHANNELS,YT_PROTOCOL_TYPE) values(221386, 4, 23386, '1003385', 'B0000802',1,'1076测试服务器','4',8,'0');
insert into V_VEHICLEINFO (ORG_CODE,VEHICLE_ID,ID_NUMBER,TYPE_ID,TERMINAL_ID,DELETE_FLAG,COLOR_ID_NUMBER_ID,AUTHORIZED_PAY_MASS) values ('B0000802','2201386', '测B03385', 4, 221386, 0, '2',15);

insert into T_SIMINFO (SIM_ID, ORG_CODE, DEPTCODE, STATE,PAY_MODLE, SIM_NUM) values(23387, 'B0000802', '中国移动', 1, '预付费', 13100003386);
insert into T_TERMINALINFO (TERMINAL_ID,TTYPE_ID,SIM_ID,TERMINAL_CODE,ORG_CODE,IS_VIDEO_TERMINAL,SP_SERVER_NAME,PROTOCOL_TYPE,CHANNELS,YT_PROTOCOL_TYPE) values(221387, 4, 23387, '1003386', 'B0000802',1,'1076测试服务器','4',8,'0');
insert into V_VEHICLEINFO (ORG_CODE,VEHICLE_ID,ID_NUMBER,TYPE_ID,TERMINAL_ID,DELETE_FLAG,COLOR_ID_NUMBER_ID,AUTHORIZED_PAY_MASS) values ('B0000802','2201387', '测B03386', 4, 221387, 0, '2',15);

insert into T_SIMINFO (SIM_ID, ORG_CODE, DEPTCODE, STATE,PAY_MODLE, SIM_NUM) values(23388, 'B0000802', '中国移动', 1, '预付费', 13100003387);
insert into T_TERMINALINFO (TERMINAL_ID,TTYPE_ID,SIM_ID,TERMINAL_CODE,ORG_CODE,IS_VIDEO_TERMINAL,SP_SERVER_NAME,PROTOCOL_TYPE,CHANNELS,YT_PROTOCOL_TYPE) values(221388, 4, 23388, '1003387', 'B0000802',1,'1076测试服务器','4',8,'0');
insert into V_VEHICLEINFO (ORG_CODE,VEHICLE_ID,ID_NUMBER,TYPE_ID,TERMINAL_ID,DELETE_FLAG,COLOR_ID_NUMBER_ID,AUTHORIZED_PAY_MASS) values ('B0000802','2201388', '测B03387', 4, 221388, 0, '2',15);

insert into T_SIMINFO (SIM_ID, ORG_CODE, DEPTCODE, STATE,PAY_MODLE, SIM_NUM) values(23389, 'B0000802', '中国移动', 1, '预付费', 13100003388);
insert into T_TERMINALINFO (TERMINAL_ID,TTYPE_ID,SIM_ID,TERMINAL_CODE,ORG_CODE,IS_VIDEO_TERMINAL,SP_SERVER_NAME,PROTOCOL_TYPE,CHANNELS,YT_PROTOCOL_TYPE) values(221389, 4, 23389, '1003388', 'B0000802',1,'1076测试服务器','4',8,'0');
insert into V_VEHICLEINFO (ORG_CODE,VEHICLE_ID,ID_NUMBER,TYPE_ID,TERMINAL_ID,DELETE_FLAG,COLOR_ID_NUMBER_ID,AUTHORIZED_PAY_MASS) values ('B0000802','2201389', '测B03388', 4, 221389, 0, '2',15);

insert into T_SIMINFO (SIM_ID, ORG_CODE, DEPTCODE, STATE,PAY_MODLE, SIM_NUM) values(23390, 'B0000802', '中国移动', 1, '预付费', 13100003389);
insert into T_TERMINALINFO (TERMINAL_ID,TTYPE_ID,SIM_ID,TERMINAL_CODE,ORG_CODE,IS_VIDEO_TERMINAL,SP_SERVER_NAME,PROTOCOL_TYPE,CHANNELS,YT_PROTOCOL_TYPE) values(221390, 4, 23390, '1003389', 'B0000802',1,'1076测试服务器','4',8,'0');
insert into V_VEHICLEINFO (ORG_CODE,VEHICLE_ID,ID_NUMBER,TYPE_ID,TERMINAL_ID,DELETE_FLAG,COLOR_ID_NUMBER_ID,AUTHORIZED_PAY_MASS) values ('B0000802','2201390', '测B03389', 4, 221390, 0, '2',15);

insert into T_SIMINFO (SIM_ID, ORG_CODE, DEPTCODE, STATE,PAY_MODLE, SIM_NUM) values(23391, 'B0000802', '中国移动', 1, '预付费', 13100003390);
insert into T_TERMINALINFO (TERMINAL_ID,TTYPE_ID,SIM_ID,TERMINAL_CODE,ORG_CODE,IS_VIDEO_TERMINAL,SP_SERVER_NAME,PROTOCOL_TYPE,CHANNELS,YT_PROTOCOL_TYPE) values(221391, 4, 23391, '1003390', 'B0000802',1,'1076测试服务器','4',8,'0');
insert into V_VEHICLEINFO (ORG_CODE,VEHICLE_ID,ID_NUMBER,TYPE_ID,TERMINAL_ID,DELETE_FLAG,COLOR_ID_NUMBER_ID,AUTHORIZED_PAY_MASS) values ('B0000802','2201391', '测B03390', 4, 221391, 0, '2',15);

insert into T_SIMINFO (SIM_ID, ORG_CODE, DEPTCODE, STATE,PAY_MODLE, SIM_NUM) values(23392, 'B0000802', '中国移动', 1, '预付费', 13100003391);
insert into T_TERMINALINFO (TERMINAL_ID,TTYPE_ID,SIM_ID,TERMINAL_CODE,ORG_CODE,IS_VIDEO_TERMINAL,SP_SERVER_NAME,PROTOCOL_TYPE,CHANNELS,YT_PROTOCOL_TYPE) values(221392, 4, 23392, '1003391', 'B0000802',1,'1076测试服务器','4',8,'0');
insert into V_VEHICLEINFO (ORG_CODE,VEHICLE_ID,ID_NUMBER,TYPE_ID,TERMINAL_ID,DELETE_FLAG,COLOR_ID_NUMBER_ID,AUTHORIZED_PAY_MASS) values ('B0000802','2201392', '测B03391', 4, 221392, 0, '2',15);

insert into T_SIMINFO (SIM_ID, ORG_CODE, DEPTCODE, STATE,PAY_MODLE, SIM_NUM) values(23393, 'B0000802', '中国移动', 1, '预付费', 13100003392);
insert into T_TERMINALINFO (TERMINAL_ID,TTYPE_ID,SIM_ID,TERMINAL_CODE,ORG_CODE,IS_VIDEO_TERMINAL,SP_SERVER_NAME,PROTOCOL_TYPE,CHANNELS,YT_PROTOCOL_TYPE) values(221393, 4, 23393, '1003392', 'B0000802',1,'1076测试服务器','4',8,'0');
insert into V_VEHICLEINFO (ORG_CODE,VEHICLE_ID,ID_NUMBER,TYPE_ID,TERMINAL_ID,DELETE_FLAG,COLOR_ID_NUMBER_ID,AUTHORIZED_PAY_MASS) values ('B0000802','2201393', '测B03392', 4, 221393, 0, '2',15);

insert into T_SIMINFO (SIM_ID, ORG_CODE, DEPTCODE, STATE,PAY_MODLE, SIM_NUM) values(23394, 'B0000802', '中国移动', 1, '预付费', 13100003393);
insert into T_TERMINALINFO (TERMINAL_ID,TTYPE_ID,SIM_ID,TERMINAL_CODE,ORG_CODE,IS_VIDEO_TERMINAL,SP_SERVER_NAME,PROTOCOL_TYPE,CHANNELS,YT_PROTOCOL_TYPE) values(221394, 4, 23394, '1003393', 'B0000802',1,'1076测试服务器','4',8,'0');
insert into V_VEHICLEINFO (ORG_CODE,VEHICLE_ID,ID_NUMBER,TYPE_ID,TERMINAL_ID,DELETE_FLAG,COLOR_ID_NUMBER_ID,AUTHORIZED_PAY_MASS) values ('B0000802','2201394', '测B03393', 4, 221394, 0, '2',15);

insert into T_SIMINFO (SIM_ID, ORG_CODE, DEPTCODE, STATE,PAY_MODLE, SIM_NUM) values(23395, 'B0000802', '中国移动', 1, '预付费', 13100003394);
insert into T_TERMINALINFO (TERMINAL_ID,TTYPE_ID,SIM_ID,TERMINAL_CODE,ORG_CODE,IS_VIDEO_TERMINAL,SP_SERVER_NAME,PROTOCOL_TYPE,CHANNELS,YT_PROTOCOL_TYPE) values(221395, 4, 23395, '1003394', 'B0000802',1,'1076测试服务器','4',8,'0');
insert into V_VEHICLEINFO (ORG_CODE,VEHICLE_ID,ID_NUMBER,TYPE_ID,TERMINAL_ID,DELETE_FLAG,COLOR_ID_NUMBER_ID,AUTHORIZED_PAY_MASS) values ('B0000802','2201395', '测B03394', 4, 221395, 0, '2',15);

insert into T_SIMINFO (SIM_ID, ORG_CODE, DEPTCODE, STATE,PAY_MODLE, SIM_NUM) values(23396, 'B0000802', '中国移动', 1, '预付费', 13100003395);
insert into T_TERMINALINFO (TERMINAL_ID,TTYPE_ID,SIM_ID,TERMINAL_CODE,ORG_CODE,IS_VIDEO_TERMINAL,SP_SERVER_NAME,PROTOCOL_TYPE,CHANNELS,YT_PROTOCOL_TYPE) values(221396, 4, 23396, '1003395', 'B0000802',1,'1076测试服务器','4',8,'0');
insert into V_VEHICLEINFO (ORG_CODE,VEHICLE_ID,ID_NUMBER,TYPE_ID,TERMINAL_ID,DELETE_FLAG,COLOR_ID_NUMBER_ID,AUTHORIZED_PAY_MASS) values ('B0000802','2201396', '测B03395', 4, 221396, 0, '2',15);

insert into T_SIMINFO (SIM_ID, ORG_CODE, DEPTCODE, STATE,PAY_MODLE, SIM_NUM) values(23397, 'B0000802', '中国移动', 1, '预付费', 13100003396);
insert into T_TERMINALINFO (TERMINAL_ID,TTYPE_ID,SIM_ID,TERMINAL_CODE,ORG_CODE,IS_VIDEO_TERMINAL,SP_SERVER_NAME,PROTOCOL_TYPE,CHANNELS,YT_PROTOCOL_TYPE) values(221397, 4, 23397, '1003396', 'B0000802',1,'1076测试服务器','4',8,'0');
insert into V_VEHICLEINFO (ORG_CODE,VEHICLE_ID,ID_NUMBER,TYPE_ID,TERMINAL_ID,DELETE_FLAG,COLOR_ID_NUMBER_ID,AUTHORIZED_PAY_MASS) values ('B0000802','2201397', '测B03396', 4, 221397, 0, '2',15);

insert into T_SIMINFO (SIM_ID, ORG_CODE, DEPTCODE, STATE,PAY_MODLE, SIM_NUM) values(23398, 'B0000802', '中国移动', 1, '预付费', 13100003397);
insert into T_TERMINALINFO (TERMINAL_ID,TTYPE_ID,SIM_ID,TERMINAL_CODE,ORG_CODE,IS_VIDEO_TERMINAL,SP_SERVER_NAME,PROTOCOL_TYPE,CHANNELS,YT_PROTOCOL_TYPE) values(221398, 4, 23398, '1003397', 'B0000802',1,'1076测试服务器','4',8,'0');
insert into V_VEHICLEINFO (ORG_CODE,VEHICLE_ID,ID_NUMBER,TYPE_ID,TERMINAL_ID,DELETE_FLAG,COLOR_ID_NUMBER_ID,AUTHORIZED_PAY_MASS) values ('B0000802','2201398', '测B03397', 4, 221398, 0, '2',15);

insert into T_SIMINFO (SIM_ID, ORG_CODE, DEPTCODE, STATE,PAY_MODLE, SIM_NUM) values(23399, 'B0000802', '中国移动', 1, '预付费', 13100003398);
insert into T_TERMINALINFO (TERMINAL_ID,TTYPE_ID,SIM_ID,TERMINAL_CODE,ORG_CODE,IS_VIDEO_TERMINAL,SP_SERVER_NAME,PROTOCOL_TYPE,CHANNELS,YT_PROTOCOL_TYPE) values(221399, 4, 23399, '1003398', 'B0000802',1,'1076测试服务器','4',8,'0');
insert into V_VEHICLEINFO (ORG_CODE,VEHICLE_ID,ID_NUMBER,TYPE_ID,TERMINAL_ID,DELETE_FLAG,COLOR_ID_NUMBER_ID,AUTHORIZED_PAY_MASS) values ('B0000802','2201399', '测B03398', 4, 221399, 0, '2',15);

insert into T_SIMINFO (SIM_ID, ORG_CODE, DEPTCODE, STATE,PAY_MODLE, SIM_NUM) values(23400, 'B0000802', '中国移动', 1, '预付费', 13100003399);
insert into T_TERMINALINFO (TERMINAL_ID,TTYPE_ID,SIM_ID,TERMINAL_CODE,ORG_CODE,IS_VIDEO_TERMINAL,SP_SERVER_NAME,PROTOCOL_TYPE,CHANNELS,YT_PROTOCOL_TYPE) values(221400, 4, 23400, '1003399', 'B0000802',1,'1076测试服务器','4',8,'0');
insert into V_VEHICLEINFO (ORG_CODE,VEHICLE_ID,ID_NUMBER,TYPE_ID,TERMINAL_ID,DELETE_FLAG,COLOR_ID_NUMBER_ID,AUTHORIZED_PAY_MASS) values ('B0000802','2201400', '测B03399', 4, 221400, 0, '2',15);

insert into T_SIMINFO (SIM_ID, ORG_CODE, DEPTCODE, STATE,PAY_MODLE, SIM_NUM) values(23401, 'B0000802', '中国移动', 1, '预付费', 13100003400);
insert into T_TERMINALINFO (TERMINAL_ID,TTYPE_ID,SIM_ID,TERMINAL_CODE,ORG_CODE,IS_VIDEO_TERMINAL,SP_SERVER_NAME,PROTOCOL_TYPE,CHANNELS,YT_PROTOCOL_TYPE) values(221401, 4, 23401, '1003400', 'B0000802',1,'1076测试服务器','4',8,'0');
insert into V_VEHICLEINFO (ORG_CODE,VEHICLE_ID,ID_NUMBER,TYPE_ID,TERMINAL_ID,DELETE_FLAG,COLOR_ID_NUMBER_ID,AUTHORIZED_PAY_MASS) values ('B0000802','2201401', '测B03400', 4, 221401, 0, '2',15);

insert into T_SIMINFO (SIM_ID, ORG_CODE, DEPTCODE, STATE,PAY_MODLE, SIM_NUM) values(23402, 'B0000802', '中国移动', 1, '预付费', 13100003401);
insert into T_TERMINALINFO (TERMINAL_ID,TTYPE_ID,SIM_ID,TERMINAL_CODE,ORG_CODE,IS_VIDEO_TERMINAL,SP_SERVER_NAME,PROTOCOL_TYPE,CHANNELS,YT_PROTOCOL_TYPE) values(221402, 4, 23402, '1003401', 'B0000802',1,'1076测试服务器','4',8,'0');
insert into V_VEHICLEINFO (ORG_CODE,VEHICLE_ID,ID_NUMBER,TYPE_ID,TERMINAL_ID,DELETE_FLAG,COLOR_ID_NUMBER_ID,AUTHORIZED_PAY_MASS) values ('B0000802','2201402', '测B03401', 4, 221402, 0, '2',15);

insert into T_SIMINFO (SIM_ID, ORG_CODE, DEPTCODE, STATE,PAY_MODLE, SIM_NUM) values(23403, 'B0000802', '中国移动', 1, '预付费', 13100003402);
insert into T_TERMINALINFO (TERMINAL_ID,TTYPE_ID,SIM_ID,TERMINAL_CODE,ORG_CODE,IS_VIDEO_TERMINAL,SP_SERVER_NAME,PROTOCOL_TYPE,CHANNELS,YT_PROTOCOL_TYPE) values(221403, 4, 23403, '1003402', 'B0000802',1,'1076测试服务器','4',8,'0');
insert into V_VEHICLEINFO (ORG_CODE,VEHICLE_ID,ID_NUMBER,TYPE_ID,TERMINAL_ID,DELETE_FLAG,COLOR_ID_NUMBER_ID,AUTHORIZED_PAY_MASS) values ('B0000802','2201403', '测B03402', 4, 221403, 0, '2',15);

insert into T_SIMINFO (SIM_ID, ORG_CODE, DEPTCODE, STATE,PAY_MODLE, SIM_NUM) values(23404, 'B0000802', '中国移动', 1, '预付费', 13100003403);
insert into T_TERMINALINFO (TERMINAL_ID,TTYPE_ID,SIM_ID,TERMINAL_CODE,ORG_CODE,IS_VIDEO_TERMINAL,SP_SERVER_NAME,PROTOCOL_TYPE,CHANNELS,YT_PROTOCOL_TYPE) values(221404, 4, 23404, '1003403', 'B0000802',1,'1076测试服务器','4',8,'0');
insert into V_VEHICLEINFO (ORG_CODE,VEHICLE_ID,ID_NUMBER,TYPE_ID,TERMINAL_ID,DELETE_FLAG,COLOR_ID_NUMBER_ID,AUTHORIZED_PAY_MASS) values ('B0000802','2201404', '测B03403', 4, 221404, 0, '2',15);

insert into T_SIMINFO (SIM_ID, ORG_CODE, DEPTCODE, STATE,PAY_MODLE, SIM_NUM) values(23405, 'B0000802', '中国移动', 1, '预付费', 13100003404);
insert into T_TERMINALINFO (TERMINAL_ID,TTYPE_ID,SIM_ID,TERMINAL_CODE,ORG_CODE,IS_VIDEO_TERMINAL,SP_SERVER_NAME,PROTOCOL_TYPE,CHANNELS,YT_PROTOCOL_TYPE) values(221405, 4, 23405, '1003404', 'B0000802',1,'1076测试服务器','4',8,'0');
insert into V_VEHICLEINFO (ORG_CODE,VEHICLE_ID,ID_NUMBER,TYPE_ID,TERMINAL_ID,DELETE_FLAG,COLOR_ID_NUMBER_ID,AUTHORIZED_PAY_MASS) values ('B0000802','2201405', '测B03404', 4, 221405, 0, '2',15);

insert into T_SIMINFO (SIM_ID, ORG_CODE, DEPTCODE, STATE,PAY_MODLE, SIM_NUM) values(23406, 'B0000802', '中国移动', 1, '预付费', 13100003405);
insert into T_TERMINALINFO (TERMINAL_ID,TTYPE_ID,SIM_ID,TERMINAL_CODE,ORG_CODE,IS_VIDEO_TERMINAL,SP_SERVER_NAME,PROTOCOL_TYPE,CHANNELS,YT_PROTOCOL_TYPE) values(221406, 4, 23406, '1003405', 'B0000802',1,'1076测试服务器','4',8,'0');
insert into V_VEHICLEINFO (ORG_CODE,VEHICLE_ID,ID_NUMBER,TYPE_ID,TERMINAL_ID,DELETE_FLAG,COLOR_ID_NUMBER_ID,AUTHORIZED_PAY_MASS) values ('B0000802','2201406', '测B03405', 4, 221406, 0, '2',15);

insert into T_SIMINFO (SIM_ID, ORG_CODE, DEPTCODE, STATE,PAY_MODLE, SIM_NUM) values(23407, 'B0000802', '中国移动', 1, '预付费', 13100003406);
insert into T_TERMINALINFO (TERMINAL_ID,TTYPE_ID,SIM_ID,TERMINAL_CODE,ORG_CODE,IS_VIDEO_TERMINAL,SP_SERVER_NAME,PROTOCOL_TYPE,CHANNELS,YT_PROTOCOL_TYPE) values(221407, 4, 23407, '1003406', 'B0000802',1,'1076测试服务器','4',8,'0');
insert into V_VEHICLEINFO (ORG_CODE,VEHICLE_ID,ID_NUMBER,TYPE_ID,TERMINAL_ID,DELETE_FLAG,COLOR_ID_NUMBER_ID,AUTHORIZED_PAY_MASS) values ('B0000802','2201407', '测B03406', 4, 221407, 0, '2',15);

insert into T_SIMINFO (SIM_ID, ORG_CODE, DEPTCODE, STATE,PAY_MODLE, SIM_NUM) values(23408, 'B0000802', '中国移动', 1, '预付费', 13100003407);
insert into T_TERMINALINFO (TERMINAL_ID,TTYPE_ID,SIM_ID,TERMINAL_CODE,ORG_CODE,IS_VIDEO_TERMINAL,SP_SERVER_NAME,PROTOCOL_TYPE,CHANNELS,YT_PROTOCOL_TYPE) values(221408, 4, 23408, '1003407', 'B0000802',1,'1076测试服务器','4',8,'0');
insert into V_VEHICLEINFO (ORG_CODE,VEHICLE_ID,ID_NUMBER,TYPE_ID,TERMINAL_ID,DELETE_FLAG,COLOR_ID_NUMBER_ID,AUTHORIZED_PAY_MASS) values ('B0000802','2201408', '测B03407', 4, 221408, 0, '2',15);

insert into T_SIMINFO (SIM_ID, ORG_CODE, DEPTCODE, STATE,PAY_MODLE, SIM_NUM) values(23409, 'B0000802', '中国移动', 1, '预付费', 13100003408);
insert into T_TERMINALINFO (TERMINAL_ID,TTYPE_ID,SIM_ID,TERMINAL_CODE,ORG_CODE,IS_VIDEO_TERMINAL,SP_SERVER_NAME,PROTOCOL_TYPE,CHANNELS,YT_PROTOCOL_TYPE) values(221409, 4, 23409, '1003408', 'B0000802',1,'1076测试服务器','4',8,'0');
insert into V_VEHICLEINFO (ORG_CODE,VEHICLE_ID,ID_NUMBER,TYPE_ID,TERMINAL_ID,DELETE_FLAG,COLOR_ID_NUMBER_ID,AUTHORIZED_PAY_MASS) values ('B0000802','2201409', '测B03408', 4, 221409, 0, '2',15);

insert into T_SIMINFO (SIM_ID, ORG_CODE, DEPTCODE, STATE,PAY_MODLE, SIM_NUM) values(23410, 'B0000802', '中国移动', 1, '预付费', 13100003409);
insert into T_TERMINALINFO (TERMINAL_ID,TTYPE_ID,SIM_ID,TERMINAL_CODE,ORG_CODE,IS_VIDEO_TERMINAL,SP_SERVER_NAME,PROTOCOL_TYPE,CHANNELS,YT_PROTOCOL_TYPE) values(221410, 4, 23410, '1003409', 'B0000802',1,'1076测试服务器','4',8,'0');
insert into V_VEHICLEINFO (ORG_CODE,VEHICLE_ID,ID_NUMBER,TYPE_ID,TERMINAL_ID,DELETE_FLAG,COLOR_ID_NUMBER_ID,AUTHORIZED_PAY_MASS) values ('B0000802','2201410', '测B03409', 4, 221410, 0, '2',15);

insert into T_SIMINFO (SIM_ID, ORG_CODE, DEPTCODE, STATE,PAY_MODLE, SIM_NUM) values(23411, 'B0000802', '中国移动', 1, '预付费', 13100003410);
insert into T_TERMINALINFO (TERMINAL_ID,TTYPE_ID,SIM_ID,TERMINAL_CODE,ORG_CODE,IS_VIDEO_TERMINAL,SP_SERVER_NAME,PROTOCOL_TYPE,CHANNELS,YT_PROTOCOL_TYPE) values(221411, 4, 23411, '1003410', 'B0000802',1,'1076测试服务器','4',8,'0');
insert into V_VEHICLEINFO (ORG_CODE,VEHICLE_ID,ID_NUMBER,TYPE_ID,TERMINAL_ID,DELETE_FLAG,COLOR_ID_NUMBER_ID,AUTHORIZED_PAY_MASS) values ('B0000802','2201411', '测B03410', 4, 221411, 0, '2',15);

insert into T_SIMINFO (SIM_ID, ORG_CODE, DEPTCODE, STATE,PAY_MODLE, SIM_NUM) values(23412, 'B0000802', '中国移动', 1, '预付费', 13100003411);
insert into T_TERMINALINFO (TERMINAL_ID,TTYPE_ID,SIM_ID,TERMINAL_CODE,ORG_CODE,IS_VIDEO_TERMINAL,SP_SERVER_NAME,PROTOCOL_TYPE,CHANNELS,YT_PROTOCOL_TYPE) values(221412, 4, 23412, '1003411', 'B0000802',1,'1076测试服务器','4',8,'0');
insert into V_VEHICLEINFO (ORG_CODE,VEHICLE_ID,ID_NUMBER,TYPE_ID,TERMINAL_ID,DELETE_FLAG,COLOR_ID_NUMBER_ID,AUTHORIZED_PAY_MASS) values ('B0000802','2201412', '测B03411', 4, 221412, 0, '2',15);

insert into T_SIMINFO (SIM_ID, ORG_CODE, DEPTCODE, STATE,PAY_MODLE, SIM_NUM) values(23413, 'B0000802', '中国移动', 1, '预付费', 13100003412);
insert into T_TERMINALINFO (TERMINAL_ID,TTYPE_ID,SIM_ID,TERMINAL_CODE,ORG_CODE,IS_VIDEO_TERMINAL,SP_SERVER_NAME,PROTOCOL_TYPE,CHANNELS,YT_PROTOCOL_TYPE) values(221413, 4, 23413, '1003412', 'B0000802',1,'1076测试服务器','4',8,'0');
insert into V_VEHICLEINFO (ORG_CODE,VEHICLE_ID,ID_NUMBER,TYPE_ID,TERMINAL_ID,DELETE_FLAG,COLOR_ID_NUMBER_ID,AUTHORIZED_PAY_MASS) values ('B0000802','2201413', '测B03412', 4, 221413, 0, '2',15);

insert into T_SIMINFO (SIM_ID, ORG_CODE, DEPTCODE, STATE,PAY_MODLE, SIM_NUM) values(23414, 'B0000802', '中国移动', 1, '预付费', 13100003413);
insert into T_TERMINALINFO (TERMINAL_ID,TTYPE_ID,SIM_ID,TERMINAL_CODE,ORG_CODE,IS_VIDEO_TERMINAL,SP_SERVER_NAME,PROTOCOL_TYPE,CHANNELS,YT_PROTOCOL_TYPE) values(221414, 4, 23414, '1003413', 'B0000802',1,'1076测试服务器','4',8,'0');
insert into V_VEHICLEINFO (ORG_CODE,VEHICLE_ID,ID_NUMBER,TYPE_ID,TERMINAL_ID,DELETE_FLAG,COLOR_ID_NUMBER_ID,AUTHORIZED_PAY_MASS) values ('B0000802','2201414', '测B03413', 4, 221414, 0, '2',15);

insert into T_SIMINFO (SIM_ID, ORG_CODE, DEPTCODE, STATE,PAY_MODLE, SIM_NUM) values(23415, 'B0000802', '中国移动', 1, '预付费', 13100003414);
insert into T_TERMINALINFO (TERMINAL_ID,TTYPE_ID,SIM_ID,TERMINAL_CODE,ORG_CODE,IS_VIDEO_TERMINAL,SP_SERVER_NAME,PROTOCOL_TYPE,CHANNELS,YT_PROTOCOL_TYPE) values(221415, 4, 23415, '1003414', 'B0000802',1,'1076测试服务器','4',8,'0');
insert into V_VEHICLEINFO (ORG_CODE,VEHICLE_ID,ID_NUMBER,TYPE_ID,TERMINAL_ID,DELETE_FLAG,COLOR_ID_NUMBER_ID,AUTHORIZED_PAY_MASS) values ('B0000802','2201415', '测B03414', 4, 221415, 0, '2',15);

insert into T_SIMINFO (SIM_ID, ORG_CODE, DEPTCODE, STATE,PAY_MODLE, SIM_NUM) values(23416, 'B0000802', '中国移动', 1, '预付费', 13100003415);
insert into T_TERMINALINFO (TERMINAL_ID,TTYPE_ID,SIM_ID,TERMINAL_CODE,ORG_CODE,IS_VIDEO_TERMINAL,SP_SERVER_NAME,PROTOCOL_TYPE,CHANNELS,YT_PROTOCOL_TYPE) values(221416, 4, 23416, '1003415', 'B0000802',1,'1076测试服务器','4',8,'0');
insert into V_VEHICLEINFO (ORG_CODE,VEHICLE_ID,ID_NUMBER,TYPE_ID,TERMINAL_ID,DELETE_FLAG,COLOR_ID_NUMBER_ID,AUTHORIZED_PAY_MASS) values ('B0000802','2201416', '测B03415', 4, 221416, 0, '2',15);

insert into T_SIMINFO (SIM_ID, ORG_CODE, DEPTCODE, STATE,PAY_MODLE, SIM_NUM) values(23417, 'B0000802', '中国移动', 1, '预付费', 13100003416);
insert into T_TERMINALINFO (TERMINAL_ID,TTYPE_ID,SIM_ID,TERMINAL_CODE,ORG_CODE,IS_VIDEO_TERMINAL,SP_SERVER_NAME,PROTOCOL_TYPE,CHANNELS,YT_PROTOCOL_TYPE) values(221417, 4, 23417, '1003416', 'B0000802',1,'1076测试服务器','4',8,'0');
insert into V_VEHICLEINFO (ORG_CODE,VEHICLE_ID,ID_NUMBER,TYPE_ID,TERMINAL_ID,DELETE_FLAG,COLOR_ID_NUMBER_ID,AUTHORIZED_PAY_MASS) values ('B0000802','2201417', '测B03416', 4, 221417, 0, '2',15);

insert into T_SIMINFO (SIM_ID, ORG_CODE, DEPTCODE, STATE,PAY_MODLE, SIM_NUM) values(23418, 'B0000802', '中国移动', 1, '预付费', 13100003417);
insert into T_TERMINALINFO (TERMINAL_ID,TTYPE_ID,SIM_ID,TERMINAL_CODE,ORG_CODE,IS_VIDEO_TERMINAL,SP_SERVER_NAME,PROTOCOL_TYPE,CHANNELS,YT_PROTOCOL_TYPE) values(221418, 4, 23418, '1003417', 'B0000802',1,'1076测试服务器','4',8,'0');
insert into V_VEHICLEINFO (ORG_CODE,VEHICLE_ID,ID_NUMBER,TYPE_ID,TERMINAL_ID,DELETE_FLAG,COLOR_ID_NUMBER_ID,AUTHORIZED_PAY_MASS) values ('B0000802','2201418', '测B03417', 4, 221418, 0, '2',15);

insert into T_SIMINFO (SIM_ID, ORG_CODE, DEPTCODE, STATE,PAY_MODLE, SIM_NUM) values(23419, 'B0000802', '中国移动', 1, '预付费', 13100003418);
insert into T_TERMINALINFO (TERMINAL_ID,TTYPE_ID,SIM_ID,TERMINAL_CODE,ORG_CODE,IS_VIDEO_TERMINAL,SP_SERVER_NAME,PROTOCOL_TYPE,CHANNELS,YT_PROTOCOL_TYPE) values(221419, 4, 23419, '1003418', 'B0000802',1,'1076测试服务器','4',8,'0');
insert into V_VEHICLEINFO (ORG_CODE,VEHICLE_ID,ID_NUMBER,TYPE_ID,TERMINAL_ID,DELETE_FLAG,COLOR_ID_NUMBER_ID,AUTHORIZED_PAY_MASS) values ('B0000802','2201419', '测B03418', 4, 221419, 0, '2',15);

insert into T_SIMINFO (SIM_ID, ORG_CODE, DEPTCODE, STATE,PAY_MODLE, SIM_NUM) values(23420, 'B0000802', '中国移动', 1, '预付费', 13100003419);
insert into T_TERMINALINFO (TERMINAL_ID,TTYPE_ID,SIM_ID,TERMINAL_CODE,ORG_CODE,IS_VIDEO_TERMINAL,SP_SERVER_NAME,PROTOCOL_TYPE,CHANNELS,YT_PROTOCOL_TYPE) values(221420, 4, 23420, '1003419', 'B0000802',1,'1076测试服务器','4',8,'0');
insert into V_VEHICLEINFO (ORG_CODE,VEHICLE_ID,ID_NUMBER,TYPE_ID,TERMINAL_ID,DELETE_FLAG,COLOR_ID_NUMBER_ID,AUTHORIZED_PAY_MASS) values ('B0000802','2201420', '测B03419', 4, 221420, 0, '2',15);

insert into T_SIMINFO (SIM_ID, ORG_CODE, DEPTCODE, STATE,PAY_MODLE, SIM_NUM) values(23421, 'B0000802', '中国移动', 1, '预付费', 13100003420);
insert into T_TERMINALINFO (TERMINAL_ID,TTYPE_ID,SIM_ID,TERMINAL_CODE,ORG_CODE,IS_VIDEO_TERMINAL,SP_SERVER_NAME,PROTOCOL_TYPE,CHANNELS,YT_PROTOCOL_TYPE) values(221421, 4, 23421, '1003420', 'B0000802',1,'1076测试服务器','4',8,'0');
insert into V_VEHICLEINFO (ORG_CODE,VEHICLE_ID,ID_NUMBER,TYPE_ID,TERMINAL_ID,DELETE_FLAG,COLOR_ID_NUMBER_ID,AUTHORIZED_PAY_MASS) values ('B0000802','2201421', '测B03420', 4, 221421, 0, '2',15);

insert into T_SIMINFO (SIM_ID, ORG_CODE, DEPTCODE, STATE,PAY_MODLE, SIM_NUM) values(23422, 'B0000802', '中国移动', 1, '预付费', 13100003421);
insert into T_TERMINALINFO (TERMINAL_ID,TTYPE_ID,SIM_ID,TERMINAL_CODE,ORG_CODE,IS_VIDEO_TERMINAL,SP_SERVER_NAME,PROTOCOL_TYPE,CHANNELS,YT_PROTOCOL_TYPE) values(221422, 4, 23422, '1003421', 'B0000802',1,'1076测试服务器','4',8,'0');
insert into V_VEHICLEINFO (ORG_CODE,VEHICLE_ID,ID_NUMBER,TYPE_ID,TERMINAL_ID,DELETE_FLAG,COLOR_ID_NUMBER_ID,AUTHORIZED_PAY_MASS) values ('B0000802','2201422', '测B03421', 4, 221422, 0, '2',15);

insert into T_SIMINFO (SIM_ID, ORG_CODE, DEPTCODE, STATE,PAY_MODLE, SIM_NUM) values(23423, 'B0000802', '中国移动', 1, '预付费', 13100003422);
insert into T_TERMINALINFO (TERMINAL_ID,TTYPE_ID,SIM_ID,TERMINAL_CODE,ORG_CODE,IS_VIDEO_TERMINAL,SP_SERVER_NAME,PROTOCOL_TYPE,CHANNELS,YT_PROTOCOL_TYPE) values(221423, 4, 23423, '1003422', 'B0000802',1,'1076测试服务器','4',8,'0');
insert into V_VEHICLEINFO (ORG_CODE,VEHICLE_ID,ID_NUMBER,TYPE_ID,TERMINAL_ID,DELETE_FLAG,COLOR_ID_NUMBER_ID,AUTHORIZED_PAY_MASS) values ('B0000802','2201423', '测B03422', 4, 221423, 0, '2',15);

insert into T_SIMINFO (SIM_ID, ORG_CODE, DEPTCODE, STATE,PAY_MODLE, SIM_NUM) values(23424, 'B0000802', '中国移动', 1, '预付费', 13100003423);
insert into T_TERMINALINFO (TERMINAL_ID,TTYPE_ID,SIM_ID,TERMINAL_CODE,ORG_CODE,IS_VIDEO_TERMINAL,SP_SERVER_NAME,PROTOCOL_TYPE,CHANNELS,YT_PROTOCOL_TYPE) values(221424, 4, 23424, '1003423', 'B0000802',1,'1076测试服务器','4',8,'0');
insert into V_VEHICLEINFO (ORG_CODE,VEHICLE_ID,ID_NUMBER,TYPE_ID,TERMINAL_ID,DELETE_FLAG,COLOR_ID_NUMBER_ID,AUTHORIZED_PAY_MASS) values ('B0000802','2201424', '测B03423', 4, 221424, 0, '2',15);

insert into T_SIMINFO (SIM_ID, ORG_CODE, DEPTCODE, STATE,PAY_MODLE, SIM_NUM) values(23425, 'B0000802', '中国移动', 1, '预付费', 13100003424);
insert into T_TERMINALINFO (TERMINAL_ID,TTYPE_ID,SIM_ID,TERMINAL_CODE,ORG_CODE,IS_VIDEO_TERMINAL,SP_SERVER_NAME,PROTOCOL_TYPE,CHANNELS,YT_PROTOCOL_TYPE) values(221425, 4, 23425, '1003424', 'B0000802',1,'1076测试服务器','4',8,'0');
insert into V_VEHICLEINFO (ORG_CODE,VEHICLE_ID,ID_NUMBER,TYPE_ID,TERMINAL_ID,DELETE_FLAG,COLOR_ID_NUMBER_ID,AUTHORIZED_PAY_MASS) values ('B0000802','2201425', '测B03424', 4, 221425, 0, '2',15);

insert into T_SIMINFO (SIM_ID, ORG_CODE, DEPTCODE, STATE,PAY_MODLE, SIM_NUM) values(23426, 'B0000802', '中国移动', 1, '预付费', 13100003425);
insert into T_TERMINALINFO (TERMINAL_ID,TTYPE_ID,SIM_ID,TERMINAL_CODE,ORG_CODE,IS_VIDEO_TERMINAL,SP_SERVER_NAME,PROTOCOL_TYPE,CHANNELS,YT_PROTOCOL_TYPE) values(221426, 4, 23426, '1003425', 'B0000802',1,'1076测试服务器','4',8,'0');
insert into V_VEHICLEINFO (ORG_CODE,VEHICLE_ID,ID_NUMBER,TYPE_ID,TERMINAL_ID,DELETE_FLAG,COLOR_ID_NUMBER_ID,AUTHORIZED_PAY_MASS) values ('B0000802','2201426', '测B03425', 4, 221426, 0, '2',15);

insert into T_SIMINFO (SIM_ID, ORG_CODE, DEPTCODE, STATE,PAY_MODLE, SIM_NUM) values(23427, 'B0000802', '中国移动', 1, '预付费', 13100003426);
insert into T_TERMINALINFO (TERMINAL_ID,TTYPE_ID,SIM_ID,TERMINAL_CODE,ORG_CODE,IS_VIDEO_TERMINAL,SP_SERVER_NAME,PROTOCOL_TYPE,CHANNELS,YT_PROTOCOL_TYPE) values(221427, 4, 23427, '1003426', 'B0000802',1,'1076测试服务器','4',8,'0');
insert into V_VEHICLEINFO (ORG_CODE,VEHICLE_ID,ID_NUMBER,TYPE_ID,TERMINAL_ID,DELETE_FLAG,COLOR_ID_NUMBER_ID,AUTHORIZED_PAY_MASS) values ('B0000802','2201427', '测B03426', 4, 221427, 0, '2',15);

insert into T_SIMINFO (SIM_ID, ORG_CODE, DEPTCODE, STATE,PAY_MODLE, SIM_NUM) values(23428, 'B0000802', '中国移动', 1, '预付费', 13100003427);
insert into T_TERMINALINFO (TERMINAL_ID,TTYPE_ID,SIM_ID,TERMINAL_CODE,ORG_CODE,IS_VIDEO_TERMINAL,SP_SERVER_NAME,PROTOCOL_TYPE,CHANNELS,YT_PROTOCOL_TYPE) values(221428, 4, 23428, '1003427', 'B0000802',1,'1076测试服务器','4',8,'0');
insert into V_VEHICLEINFO (ORG_CODE,VEHICLE_ID,ID_NUMBER,TYPE_ID,TERMINAL_ID,DELETE_FLAG,COLOR_ID_NUMBER_ID,AUTHORIZED_PAY_MASS) values ('B0000802','2201428', '测B03427', 4, 221428, 0, '2',15);

insert into T_SIMINFO (SIM_ID, ORG_CODE, DEPTCODE, STATE,PAY_MODLE, SIM_NUM) values(23429, 'B0000802', '中国移动', 1, '预付费', 13100003428);
insert into T_TERMINALINFO (TERMINAL_ID,TTYPE_ID,SIM_ID,TERMINAL_CODE,ORG_CODE,IS_VIDEO_TERMINAL,SP_SERVER_NAME,PROTOCOL_TYPE,CHANNELS,YT_PROTOCOL_TYPE) values(221429, 4, 23429, '1003428', 'B0000802',1,'1076测试服务器','4',8,'0');
insert into V_VEHICLEINFO (ORG_CODE,VEHICLE_ID,ID_NUMBER,TYPE_ID,TERMINAL_ID,DELETE_FLAG,COLOR_ID_NUMBER_ID,AUTHORIZED_PAY_MASS) values ('B0000802','2201429', '测B03428', 4, 221429, 0, '2',15);

insert into T_SIMINFO (SIM_ID, ORG_CODE, DEPTCODE, STATE,PAY_MODLE, SIM_NUM) values(23430, 'B0000802', '中国移动', 1, '预付费', 13100003429);
insert into T_TERMINALINFO (TERMINAL_ID,TTYPE_ID,SIM_ID,TERMINAL_CODE,ORG_CODE,IS_VIDEO_TERMINAL,SP_SERVER_NAME,PROTOCOL_TYPE,CHANNELS,YT_PROTOCOL_TYPE) values(221430, 4, 23430, '1003429', 'B0000802',1,'1076测试服务器','4',8,'0');
insert into V_VEHICLEINFO (ORG_CODE,VEHICLE_ID,ID_NUMBER,TYPE_ID,TERMINAL_ID,DELETE_FLAG,COLOR_ID_NUMBER_ID,AUTHORIZED_PAY_MASS) values ('B0000802','2201430', '测B03429', 4, 221430, 0, '2',15);

insert into T_SIMINFO (SIM_ID, ORG_CODE, DEPTCODE, STATE,PAY_MODLE, SIM_NUM) values(23431, 'B0000802', '中国移动', 1, '预付费', 13100003430);
insert into T_TERMINALINFO (TERMINAL_ID,TTYPE_ID,SIM_ID,TERMINAL_CODE,ORG_CODE,IS_VIDEO_TERMINAL,SP_SERVER_NAME,PROTOCOL_TYPE,CHANNELS,YT_PROTOCOL_TYPE) values(221431, 4, 23431, '1003430', 'B0000802',1,'1076测试服务器','4',8,'0');
insert into V_VEHICLEINFO (ORG_CODE,VEHICLE_ID,ID_NUMBER,TYPE_ID,TERMINAL_ID,DELETE_FLAG,COLOR_ID_NUMBER_ID,AUTHORIZED_PAY_MASS) values ('B0000802','2201431', '测B03430', 4, 221431, 0, '2',15);

insert into T_SIMINFO (SIM_ID, ORG_CODE, DEPTCODE, STATE,PAY_MODLE, SIM_NUM) values(23432, 'B0000802', '中国移动', 1, '预付费', 13100003431);
insert into T_TERMINALINFO (TERMINAL_ID,TTYPE_ID,SIM_ID,TERMINAL_CODE,ORG_CODE,IS_VIDEO_TERMINAL,SP_SERVER_NAME,PROTOCOL_TYPE,CHANNELS,YT_PROTOCOL_TYPE) values(221432, 4, 23432, '1003431', 'B0000802',1,'1076测试服务器','4',8,'0');
insert into V_VEHICLEINFO (ORG_CODE,VEHICLE_ID,ID_NUMBER,TYPE_ID,TERMINAL_ID,DELETE_FLAG,COLOR_ID_NUMBER_ID,AUTHORIZED_PAY_MASS) values ('B0000802','2201432', '测B03431', 4, 221432, 0, '2',15);

insert into T_SIMINFO (SIM_ID, ORG_CODE, DEPTCODE, STATE,PAY_MODLE, SIM_NUM) values(23433, 'B0000802', '中国移动', 1, '预付费', 13100003432);
insert into T_TERMINALINFO (TERMINAL_ID,TTYPE_ID,SIM_ID,TERMINAL_CODE,ORG_CODE,IS_VIDEO_TERMINAL,SP_SERVER_NAME,PROTOCOL_TYPE,CHANNELS,YT_PROTOCOL_TYPE) values(221433, 4, 23433, '1003432', 'B0000802',1,'1076测试服务器','4',8,'0');
insert into V_VEHICLEINFO (ORG_CODE,VEHICLE_ID,ID_NUMBER,TYPE_ID,TERMINAL_ID,DELETE_FLAG,COLOR_ID_NUMBER_ID,AUTHORIZED_PAY_MASS) values ('B0000802','2201433', '测B03432', 4, 221433, 0, '2',15);

insert into T_SIMINFO (SIM_ID, ORG_CODE, DEPTCODE, STATE,PAY_MODLE, SIM_NUM) values(23434, 'B0000802', '中国移动', 1, '预付费', 13100003433);
insert into T_TERMINALINFO (TERMINAL_ID,TTYPE_ID,SIM_ID,TERMINAL_CODE,ORG_CODE,IS_VIDEO_TERMINAL,SP_SERVER_NAME,PROTOCOL_TYPE,CHANNELS,YT_PROTOCOL_TYPE) values(221434, 4, 23434, '1003433', 'B0000802',1,'1076测试服务器','4',8,'0');
insert into V_VEHICLEINFO (ORG_CODE,VEHICLE_ID,ID_NUMBER,TYPE_ID,TERMINAL_ID,DELETE_FLAG,COLOR_ID_NUMBER_ID,AUTHORIZED_PAY_MASS) values ('B0000802','2201434', '测B03433', 4, 221434, 0, '2',15);

insert into T_SIMINFO (SIM_ID, ORG_CODE, DEPTCODE, STATE,PAY_MODLE, SIM_NUM) values(23435, 'B0000802', '中国移动', 1, '预付费', 13100003434);
insert into T_TERMINALINFO (TERMINAL_ID,TTYPE_ID,SIM_ID,TERMINAL_CODE,ORG_CODE,IS_VIDEO_TERMINAL,SP_SERVER_NAME,PROTOCOL_TYPE,CHANNELS,YT_PROTOCOL_TYPE) values(221435, 4, 23435, '1003434', 'B0000802',1,'1076测试服务器','4',8,'0');
insert into V_VEHICLEINFO (ORG_CODE,VEHICLE_ID,ID_NUMBER,TYPE_ID,TERMINAL_ID,DELETE_FLAG,COLOR_ID_NUMBER_ID,AUTHORIZED_PAY_MASS) values ('B0000802','2201435', '测B03434', 4, 221435, 0, '2',15);

insert into T_SIMINFO (SIM_ID, ORG_CODE, DEPTCODE, STATE,PAY_MODLE, SIM_NUM) values(23436, 'B0000802', '中国移动', 1, '预付费', 13100003435);
insert into T_TERMINALINFO (TERMINAL_ID,TTYPE_ID,SIM_ID,TERMINAL_CODE,ORG_CODE,IS_VIDEO_TERMINAL,SP_SERVER_NAME,PROTOCOL_TYPE,CHANNELS,YT_PROTOCOL_TYPE) values(221436, 4, 23436, '1003435', 'B0000802',1,'1076测试服务器','4',8,'0');
insert into V_VEHICLEINFO (ORG_CODE,VEHICLE_ID,ID_NUMBER,TYPE_ID,TERMINAL_ID,DELETE_FLAG,COLOR_ID_NUMBER_ID,AUTHORIZED_PAY_MASS) values ('B0000802','2201436', '测B03435', 4, 221436, 0, '2',15);

insert into T_SIMINFO (SIM_ID, ORG_CODE, DEPTCODE, STATE,PAY_MODLE, SIM_NUM) values(23437, 'B0000802', '中国移动', 1, '预付费', 13100003436);
insert into T_TERMINALINFO (TERMINAL_ID,TTYPE_ID,SIM_ID,TERMINAL_CODE,ORG_CODE,IS_VIDEO_TERMINAL,SP_SERVER_NAME,PROTOCOL_TYPE,CHANNELS,YT_PROTOCOL_TYPE) values(221437, 4, 23437, '1003436', 'B0000802',1,'1076测试服务器','4',8,'0');
insert into V_VEHICLEINFO (ORG_CODE,VEHICLE_ID,ID_NUMBER,TYPE_ID,TERMINAL_ID,DELETE_FLAG,COLOR_ID_NUMBER_ID,AUTHORIZED_PAY_MASS) values ('B0000802','2201437', '测B03436', 4, 221437, 0, '2',15);

insert into T_SIMINFO (SIM_ID, ORG_CODE, DEPTCODE, STATE,PAY_MODLE, SIM_NUM) values(23438, 'B0000802', '中国移动', 1, '预付费', 13100003437);
insert into T_TERMINALINFO (TERMINAL_ID,TTYPE_ID,SIM_ID,TERMINAL_CODE,ORG_CODE,IS_VIDEO_TERMINAL,SP_SERVER_NAME,PROTOCOL_TYPE,CHANNELS,YT_PROTOCOL_TYPE) values(221438, 4, 23438, '1003437', 'B0000802',1,'1076测试服务器','4',8,'0');
insert into V_VEHICLEINFO (ORG_CODE,VEHICLE_ID,ID_NUMBER,TYPE_ID,TERMINAL_ID,DELETE_FLAG,COLOR_ID_NUMBER_ID,AUTHORIZED_PAY_MASS) values ('B0000802','2201438', '测B03437', 4, 221438, 0, '2',15);

insert into T_SIMINFO (SIM_ID, ORG_CODE, DEPTCODE, STATE,PAY_MODLE, SIM_NUM) values(23439, 'B0000802', '中国移动', 1, '预付费', 13100003438);
insert into T_TERMINALINFO (TERMINAL_ID,TTYPE_ID,SIM_ID,TERMINAL_CODE,ORG_CODE,IS_VIDEO_TERMINAL,SP_SERVER_NAME,PROTOCOL_TYPE,CHANNELS,YT_PROTOCOL_TYPE) values(221439, 4, 23439, '1003438', 'B0000802',1,'1076测试服务器','4',8,'0');
insert into V_VEHICLEINFO (ORG_CODE,VEHICLE_ID,ID_NUMBER,TYPE_ID,TERMINAL_ID,DELETE_FLAG,COLOR_ID_NUMBER_ID,AUTHORIZED_PAY_MASS) values ('B0000802','2201439', '测B03438', 4, 221439, 0, '2',15);

insert into T_SIMINFO (SIM_ID, ORG_CODE, DEPTCODE, STATE,PAY_MODLE, SIM_NUM) values(23440, 'B0000802', '中国移动', 1, '预付费', 13100003439);
insert into T_TERMINALINFO (TERMINAL_ID,TTYPE_ID,SIM_ID,TERMINAL_CODE,ORG_CODE,IS_VIDEO_TERMINAL,SP_SERVER_NAME,PROTOCOL_TYPE,CHANNELS,YT_PROTOCOL_TYPE) values(221440, 4, 23440, '1003439', 'B0000802',1,'1076测试服务器','4',8,'0');
insert into V_VEHICLEINFO (ORG_CODE,VEHICLE_ID,ID_NUMBER,TYPE_ID,TERMINAL_ID,DELETE_FLAG,COLOR_ID_NUMBER_ID,AUTHORIZED_PAY_MASS) values ('B0000802','2201440', '测B03439', 4, 221440, 0, '2',15);

insert into T_SIMINFO (SIM_ID, ORG_CODE, DEPTCODE, STATE,PAY_MODLE, SIM_NUM) values(23441, 'B0000802', '中国移动', 1, '预付费', 13100003440);
insert into T_TERMINALINFO (TERMINAL_ID,TTYPE_ID,SIM_ID,TERMINAL_CODE,ORG_CODE,IS_VIDEO_TERMINAL,SP_SERVER_NAME,PROTOCOL_TYPE,CHANNELS,YT_PROTOCOL_TYPE) values(221441, 4, 23441, '1003440', 'B0000802',1,'1076测试服务器','4',8,'0');
insert into V_VEHICLEINFO (ORG_CODE,VEHICLE_ID,ID_NUMBER,TYPE_ID,TERMINAL_ID,DELETE_FLAG,COLOR_ID_NUMBER_ID,AUTHORIZED_PAY_MASS) values ('B0000802','2201441', '测B03440', 4, 221441, 0, '2',15);

insert into T_SIMINFO (SIM_ID, ORG_CODE, DEPTCODE, STATE,PAY_MODLE, SIM_NUM) values(23442, 'B0000802', '中国移动', 1, '预付费', 13100003441);
insert into T_TERMINALINFO (TERMINAL_ID,TTYPE_ID,SIM_ID,TERMINAL_CODE,ORG_CODE,IS_VIDEO_TERMINAL,SP_SERVER_NAME,PROTOCOL_TYPE,CHANNELS,YT_PROTOCOL_TYPE) values(221442, 4, 23442, '1003441', 'B0000802',1,'1076测试服务器','4',8,'0');
insert into V_VEHICLEINFO (ORG_CODE,VEHICLE_ID,ID_NUMBER,TYPE_ID,TERMINAL_ID,DELETE_FLAG,COLOR_ID_NUMBER_ID,AUTHORIZED_PAY_MASS) values ('B0000802','2201442', '测B03441', 4, 221442, 0, '2',15);

insert into T_SIMINFO (SIM_ID, ORG_CODE, DEPTCODE, STATE,PAY_MODLE, SIM_NUM) values(23443, 'B0000802', '中国移动', 1, '预付费', 13100003442);
insert into T_TERMINALINFO (TERMINAL_ID,TTYPE_ID,SIM_ID,TERMINAL_CODE,ORG_CODE,IS_VIDEO_TERMINAL,SP_SERVER_NAME,PROTOCOL_TYPE,CHANNELS,YT_PROTOCOL_TYPE) values(221443, 4, 23443, '1003442', 'B0000802',1,'1076测试服务器','4',8,'0');
insert into V_VEHICLEINFO (ORG_CODE,VEHICLE_ID,ID_NUMBER,TYPE_ID,TERMINAL_ID,DELETE_FLAG,COLOR_ID_NUMBER_ID,AUTHORIZED_PAY_MASS) values ('B0000802','2201443', '测B03442', 4, 221443, 0, '2',15);

insert into T_SIMINFO (SIM_ID, ORG_CODE, DEPTCODE, STATE,PAY_MODLE, SIM_NUM) values(23444, 'B0000802', '中国移动', 1, '预付费', 13100003443);
insert into T_TERMINALINFO (TERMINAL_ID,TTYPE_ID,SIM_ID,TERMINAL_CODE,ORG_CODE,IS_VIDEO_TERMINAL,SP_SERVER_NAME,PROTOCOL_TYPE,CHANNELS,YT_PROTOCOL_TYPE) values(221444, 4, 23444, '1003443', 'B0000802',1,'1076测试服务器','4',8,'0');
insert into V_VEHICLEINFO (ORG_CODE,VEHICLE_ID,ID_NUMBER,TYPE_ID,TERMINAL_ID,DELETE_FLAG,COLOR_ID_NUMBER_ID,AUTHORIZED_PAY_MASS) values ('B0000802','2201444', '测B03443', 4, 221444, 0, '2',15);

insert into T_SIMINFO (SIM_ID, ORG_CODE, DEPTCODE, STATE,PAY_MODLE, SIM_NUM) values(23445, 'B0000802', '中国移动', 1, '预付费', 13100003444);
insert into T_TERMINALINFO (TERMINAL_ID,TTYPE_ID,SIM_ID,TERMINAL_CODE,ORG_CODE,IS_VIDEO_TERMINAL,SP_SERVER_NAME,PROTOCOL_TYPE,CHANNELS,YT_PROTOCOL_TYPE) values(221445, 4, 23445, '1003444', 'B0000802',1,'1076测试服务器','4',8,'0');
insert into V_VEHICLEINFO (ORG_CODE,VEHICLE_ID,ID_NUMBER,TYPE_ID,TERMINAL_ID,DELETE_FLAG,COLOR_ID_NUMBER_ID,AUTHORIZED_PAY_MASS) values ('B0000802','2201445', '测B03444', 4, 221445, 0, '2',15);

insert into T_SIMINFO (SIM_ID, ORG_CODE, DEPTCODE, STATE,PAY_MODLE, SIM_NUM) values(23446, 'B0000802', '中国移动', 1, '预付费', 13100003445);
insert into T_TERMINALINFO (TERMINAL_ID,TTYPE_ID,SIM_ID,TERMINAL_CODE,ORG_CODE,IS_VIDEO_TERMINAL,SP_SERVER_NAME,PROTOCOL_TYPE,CHANNELS,YT_PROTOCOL_TYPE) values(221446, 4, 23446, '1003445', 'B0000802',1,'1076测试服务器','4',8,'0');
insert into V_VEHICLEINFO (ORG_CODE,VEHICLE_ID,ID_NUMBER,TYPE_ID,TERMINAL_ID,DELETE_FLAG,COLOR_ID_NUMBER_ID,AUTHORIZED_PAY_MASS) values ('B0000802','2201446', '测B03445', 4, 221446, 0, '2',15);

insert into T_SIMINFO (SIM_ID, ORG_CODE, DEPTCODE, STATE,PAY_MODLE, SIM_NUM) values(23447, 'B0000802', '中国移动', 1, '预付费', 13100003446);
insert into T_TERMINALINFO (TERMINAL_ID,TTYPE_ID,SIM_ID,TERMINAL_CODE,ORG_CODE,IS_VIDEO_TERMINAL,SP_SERVER_NAME,PROTOCOL_TYPE,CHANNELS,YT_PROTOCOL_TYPE) values(221447, 4, 23447, '1003446', 'B0000802',1,'1076测试服务器','4',8,'0');
insert into V_VEHICLEINFO (ORG_CODE,VEHICLE_ID,ID_NUMBER,TYPE_ID,TERMINAL_ID,DELETE_FLAG,COLOR_ID_NUMBER_ID,AUTHORIZED_PAY_MASS) values ('B0000802','2201447', '测B03446', 4, 221447, 0, '2',15);

insert into T_SIMINFO (SIM_ID, ORG_CODE, DEPTCODE, STATE,PAY_MODLE, SIM_NUM) values(23448, 'B0000802', '中国移动', 1, '预付费', 13100003447);
insert into T_TERMINALINFO (TERMINAL_ID,TTYPE_ID,SIM_ID,TERMINAL_CODE,ORG_CODE,IS_VIDEO_TERMINAL,SP_SERVER_NAME,PROTOCOL_TYPE,CHANNELS,YT_PROTOCOL_TYPE) values(221448, 4, 23448, '1003447', 'B0000802',1,'1076测试服务器','4',8,'0');
insert into V_VEHICLEINFO (ORG_CODE,VEHICLE_ID,ID_NUMBER,TYPE_ID,TERMINAL_ID,DELETE_FLAG,COLOR_ID_NUMBER_ID,AUTHORIZED_PAY_MASS) values ('B0000802','2201448', '测B03447', 4, 221448, 0, '2',15);

insert into T_SIMINFO (SIM_ID, ORG_CODE, DEPTCODE, STATE,PAY_MODLE, SIM_NUM) values(23449, 'B0000802', '中国移动', 1, '预付费', 13100003448);
insert into T_TERMINALINFO (TERMINAL_ID,TTYPE_ID,SIM_ID,TERMINAL_CODE,ORG_CODE,IS_VIDEO_TERMINAL,SP_SERVER_NAME,PROTOCOL_TYPE,CHANNELS,YT_PROTOCOL_TYPE) values(221449, 4, 23449, '1003448', 'B0000802',1,'1076测试服务器','4',8,'0');
insert into V_VEHICLEINFO (ORG_CODE,VEHICLE_ID,ID_NUMBER,TYPE_ID,TERMINAL_ID,DELETE_FLAG,COLOR_ID_NUMBER_ID,AUTHORIZED_PAY_MASS) values ('B0000802','2201449', '测B03448', 4, 221449, 0, '2',15);

insert into T_SIMINFO (SIM_ID, ORG_CODE, DEPTCODE, STATE,PAY_MODLE, SIM_NUM) values(23450, 'B0000802', '中国移动', 1, '预付费', 13100003449);
insert into T_TERMINALINFO (TERMINAL_ID,TTYPE_ID,SIM_ID,TERMINAL_CODE,ORG_CODE,IS_VIDEO_TERMINAL,SP_SERVER_NAME,PROTOCOL_TYPE,CHANNELS,YT_PROTOCOL_TYPE) values(221450, 4, 23450, '1003449', 'B0000802',1,'1076测试服务器','4',8,'0');
insert into V_VEHICLEINFO (ORG_CODE,VEHICLE_ID,ID_NUMBER,TYPE_ID,TERMINAL_ID,DELETE_FLAG,COLOR_ID_NUMBER_ID,AUTHORIZED_PAY_MASS) values ('B0000802','2201450', '测B03449', 4, 221450, 0, '2',15);

insert into T_SIMINFO (SIM_ID, ORG_CODE, DEPTCODE, STATE,PAY_MODLE, SIM_NUM) values(23451, 'B0000802', '中国移动', 1, '预付费', 13100003450);
insert into T_TERMINALINFO (TERMINAL_ID,TTYPE_ID,SIM_ID,TERMINAL_CODE,ORG_CODE,IS_VIDEO_TERMINAL,SP_SERVER_NAME,PROTOCOL_TYPE,CHANNELS,YT_PROTOCOL_TYPE) values(221451, 4, 23451, '1003450', 'B0000802',1,'1076测试服务器','4',8,'0');
insert into V_VEHICLEINFO (ORG_CODE,VEHICLE_ID,ID_NUMBER,TYPE_ID,TERMINAL_ID,DELETE_FLAG,COLOR_ID_NUMBER_ID,AUTHORIZED_PAY_MASS) values ('B0000802','2201451', '测B03450', 4, 221451, 0, '2',15);

insert into T_SIMINFO (SIM_ID, ORG_CODE, DEPTCODE, STATE,PAY_MODLE, SIM_NUM) values(23452, 'B0000802', '中国移动', 1, '预付费', 13100003451);
insert into T_TERMINALINFO (TERMINAL_ID,TTYPE_ID,SIM_ID,TERMINAL_CODE,ORG_CODE,IS_VIDEO_TERMINAL,SP_SERVER_NAME,PROTOCOL_TYPE,CHANNELS,YT_PROTOCOL_TYPE) values(221452, 4, 23452, '1003451', 'B0000802',1,'1076测试服务器','4',8,'0');
insert into V_VEHICLEINFO (ORG_CODE,VEHICLE_ID,ID_NUMBER,TYPE_ID,TERMINAL_ID,DELETE_FLAG,COLOR_ID_NUMBER_ID,AUTHORIZED_PAY_MASS) values ('B0000802','2201452', '测B03451', 4, 221452, 0, '2',15);

insert into T_SIMINFO (SIM_ID, ORG_CODE, DEPTCODE, STATE,PAY_MODLE, SIM_NUM) values(23453, 'B0000802', '中国移动', 1, '预付费', 13100003452);
insert into T_TERMINALINFO (TERMINAL_ID,TTYPE_ID,SIM_ID,TERMINAL_CODE,ORG_CODE,IS_VIDEO_TERMINAL,SP_SERVER_NAME,PROTOCOL_TYPE,CHANNELS,YT_PROTOCOL_TYPE) values(221453, 4, 23453, '1003452', 'B0000802',1,'1076测试服务器','4',8,'0');
insert into V_VEHICLEINFO (ORG_CODE,VEHICLE_ID,ID_NUMBER,TYPE_ID,TERMINAL_ID,DELETE_FLAG,COLOR_ID_NUMBER_ID,AUTHORIZED_PAY_MASS) values ('B0000802','2201453', '测B03452', 4, 221453, 0, '2',15);

insert into T_SIMINFO (SIM_ID, ORG_CODE, DEPTCODE, STATE,PAY_MODLE, SIM_NUM) values(23454, 'B0000802', '中国移动', 1, '预付费', 13100003453);
insert into T_TERMINALINFO (TERMINAL_ID,TTYPE_ID,SIM_ID,TERMINAL_CODE,ORG_CODE,IS_VIDEO_TERMINAL,SP_SERVER_NAME,PROTOCOL_TYPE,CHANNELS,YT_PROTOCOL_TYPE) values(221454, 4, 23454, '1003453', 'B0000802',1,'1076测试服务器','4',8,'0');
insert into V_VEHICLEINFO (ORG_CODE,VEHICLE_ID,ID_NUMBER,TYPE_ID,TERMINAL_ID,DELETE_FLAG,COLOR_ID_NUMBER_ID,AUTHORIZED_PAY_MASS) values ('B0000802','2201454', '测B03453', 4, 221454, 0, '2',15);

insert into T_SIMINFO (SIM_ID, ORG_CODE, DEPTCODE, STATE,PAY_MODLE, SIM_NUM) values(23455, 'B0000802', '中国移动', 1, '预付费', 13100003454);
insert into T_TERMINALINFO (TERMINAL_ID,TTYPE_ID,SIM_ID,TERMINAL_CODE,ORG_CODE,IS_VIDEO_TERMINAL,SP_SERVER_NAME,PROTOCOL_TYPE,CHANNELS,YT_PROTOCOL_TYPE) values(221455, 4, 23455, '1003454', 'B0000802',1,'1076测试服务器','4',8,'0');
insert into V_VEHICLEINFO (ORG_CODE,VEHICLE_ID,ID_NUMBER,TYPE_ID,TERMINAL_ID,DELETE_FLAG,COLOR_ID_NUMBER_ID,AUTHORIZED_PAY_MASS) values ('B0000802','2201455', '测B03454', 4, 221455, 0, '2',15);

insert into T_SIMINFO (SIM_ID, ORG_CODE, DEPTCODE, STATE,PAY_MODLE, SIM_NUM) values(23456, 'B0000802', '中国移动', 1, '预付费', 13100003455);
insert into T_TERMINALINFO (TERMINAL_ID,TTYPE_ID,SIM_ID,TERMINAL_CODE,ORG_CODE,IS_VIDEO_TERMINAL,SP_SERVER_NAME,PROTOCOL_TYPE,CHANNELS,YT_PROTOCOL_TYPE) values(221456, 4, 23456, '1003455', 'B0000802',1,'1076测试服务器','4',8,'0');
insert into V_VEHICLEINFO (ORG_CODE,VEHICLE_ID,ID_NUMBER,TYPE_ID,TERMINAL_ID,DELETE_FLAG,COLOR_ID_NUMBER_ID,AUTHORIZED_PAY_MASS) values ('B0000802','2201456', '测B03455', 4, 221456, 0, '2',15);

insert into T_SIMINFO (SIM_ID, ORG_CODE, DEPTCODE, STATE,PAY_MODLE, SIM_NUM) values(23457, 'B0000802', '中国移动', 1, '预付费', 13100003456);
insert into T_TERMINALINFO (TERMINAL_ID,TTYPE_ID,SIM_ID,TERMINAL_CODE,ORG_CODE,IS_VIDEO_TERMINAL,SP_SERVER_NAME,PROTOCOL_TYPE,CHANNELS,YT_PROTOCOL_TYPE) values(221457, 4, 23457, '1003456', 'B0000802',1,'1076测试服务器','4',8,'0');
insert into V_VEHICLEINFO (ORG_CODE,VEHICLE_ID,ID_NUMBER,TYPE_ID,TERMINAL_ID,DELETE_FLAG,COLOR_ID_NUMBER_ID,AUTHORIZED_PAY_MASS) values ('B0000802','2201457', '测B03456', 4, 221457, 0, '2',15);

insert into T_SIMINFO (SIM_ID, ORG_CODE, DEPTCODE, STATE,PAY_MODLE, SIM_NUM) values(23458, 'B0000802', '中国移动', 1, '预付费', 13100003457);
insert into T_TERMINALINFO (TERMINAL_ID,TTYPE_ID,SIM_ID,TERMINAL_CODE,ORG_CODE,IS_VIDEO_TERMINAL,SP_SERVER_NAME,PROTOCOL_TYPE,CHANNELS,YT_PROTOCOL_TYPE) values(221458, 4, 23458, '1003457', 'B0000802',1,'1076测试服务器','4',8,'0');
insert into V_VEHICLEINFO (ORG_CODE,VEHICLE_ID,ID_NUMBER,TYPE_ID,TERMINAL_ID,DELETE_FLAG,COLOR_ID_NUMBER_ID,AUTHORIZED_PAY_MASS) values ('B0000802','2201458', '测B03457', 4, 221458, 0, '2',15);

insert into T_SIMINFO (SIM_ID, ORG_CODE, DEPTCODE, STATE,PAY_MODLE, SIM_NUM) values(23459, 'B0000802', '中国移动', 1, '预付费', 13100003458);
insert into T_TERMINALINFO (TERMINAL_ID,TTYPE_ID,SIM_ID,TERMINAL_CODE,ORG_CODE,IS_VIDEO_TERMINAL,SP_SERVER_NAME,PROTOCOL_TYPE,CHANNELS,YT_PROTOCOL_TYPE) values(221459, 4, 23459, '1003458', 'B0000802',1,'1076测试服务器','4',8,'0');
insert into V_VEHICLEINFO (ORG_CODE,VEHICLE_ID,ID_NUMBER,TYPE_ID,TERMINAL_ID,DELETE_FLAG,COLOR_ID_NUMBER_ID,AUTHORIZED_PAY_MASS) values ('B0000802','2201459', '测B03458', 4, 221459, 0, '2',15);

insert into T_SIMINFO (SIM_ID, ORG_CODE, DEPTCODE, STATE,PAY_MODLE, SIM_NUM) values(23460, 'B0000802', '中国移动', 1, '预付费', 13100003459);
insert into T_TERMINALINFO (TERMINAL_ID,TTYPE_ID,SIM_ID,TERMINAL_CODE,ORG_CODE,IS_VIDEO_TERMINAL,SP_SERVER_NAME,PROTOCOL_TYPE,CHANNELS,YT_PROTOCOL_TYPE) values(221460, 4, 23460, '1003459', 'B0000802',1,'1076测试服务器','4',8,'0');
insert into V_VEHICLEINFO (ORG_CODE,VEHICLE_ID,ID_NUMBER,TYPE_ID,TERMINAL_ID,DELETE_FLAG,COLOR_ID_NUMBER_ID,AUTHORIZED_PAY_MASS) values ('B0000802','2201460', '测B03459', 4, 221460, 0, '2',15);

insert into T_SIMINFO (SIM_ID, ORG_CODE, DEPTCODE, STATE,PAY_MODLE, SIM_NUM) values(23461, 'B0000802', '中国移动', 1, '预付费', 13100003460);
insert into T_TERMINALINFO (TERMINAL_ID,TTYPE_ID,SIM_ID,TERMINAL_CODE,ORG_CODE,IS_VIDEO_TERMINAL,SP_SERVER_NAME,PROTOCOL_TYPE,CHANNELS,YT_PROTOCOL_TYPE) values(221461, 4, 23461, '1003460', 'B0000802',1,'1076测试服务器','4',8,'0');
insert into V_VEHICLEINFO (ORG_CODE,VEHICLE_ID,ID_NUMBER,TYPE_ID,TERMINAL_ID,DELETE_FLAG,COLOR_ID_NUMBER_ID,AUTHORIZED_PAY_MASS) values ('B0000802','2201461', '测B03460', 4, 221461, 0, '2',15);

insert into T_SIMINFO (SIM_ID, ORG_CODE, DEPTCODE, STATE,PAY_MODLE, SIM_NUM) values(23462, 'B0000802', '中国移动', 1, '预付费', 13100003461);
insert into T_TERMINALINFO (TERMINAL_ID,TTYPE_ID,SIM_ID,TERMINAL_CODE,ORG_CODE,IS_VIDEO_TERMINAL,SP_SERVER_NAME,PROTOCOL_TYPE,CHANNELS,YT_PROTOCOL_TYPE) values(221462, 4, 23462, '1003461', 'B0000802',1,'1076测试服务器','4',8,'0');
insert into V_VEHICLEINFO (ORG_CODE,VEHICLE_ID,ID_NUMBER,TYPE_ID,TERMINAL_ID,DELETE_FLAG,COLOR_ID_NUMBER_ID,AUTHORIZED_PAY_MASS) values ('B0000802','2201462', '测B03461', 4, 221462, 0, '2',15);

insert into T_SIMINFO (SIM_ID, ORG_CODE, DEPTCODE, STATE,PAY_MODLE, SIM_NUM) values(23463, 'B0000802', '中国移动', 1, '预付费', 13100003462);
insert into T_TERMINALINFO (TERMINAL_ID,TTYPE_ID,SIM_ID,TERMINAL_CODE,ORG_CODE,IS_VIDEO_TERMINAL,SP_SERVER_NAME,PROTOCOL_TYPE,CHANNELS,YT_PROTOCOL_TYPE) values(221463, 4, 23463, '1003462', 'B0000802',1,'1076测试服务器','4',8,'0');
insert into V_VEHICLEINFO (ORG_CODE,VEHICLE_ID,ID_NUMBER,TYPE_ID,TERMINAL_ID,DELETE_FLAG,COLOR_ID_NUMBER_ID,AUTHORIZED_PAY_MASS) values ('B0000802','2201463', '测B03462', 4, 221463, 0, '2',15);

insert into T_SIMINFO (SIM_ID, ORG_CODE, DEPTCODE, STATE,PAY_MODLE, SIM_NUM) values(23464, 'B0000802', '中国移动', 1, '预付费', 13100003463);
insert into T_TERMINALINFO (TERMINAL_ID,TTYPE_ID,SIM_ID,TERMINAL_CODE,ORG_CODE,IS_VIDEO_TERMINAL,SP_SERVER_NAME,PROTOCOL_TYPE,CHANNELS,YT_PROTOCOL_TYPE) values(221464, 4, 23464, '1003463', 'B0000802',1,'1076测试服务器','4',8,'0');
insert into V_VEHICLEINFO (ORG_CODE,VEHICLE_ID,ID_NUMBER,TYPE_ID,TERMINAL_ID,DELETE_FLAG,COLOR_ID_NUMBER_ID,AUTHORIZED_PAY_MASS) values ('B0000802','2201464', '测B03463', 4, 221464, 0, '2',15);

insert into T_SIMINFO (SIM_ID, ORG_CODE, DEPTCODE, STATE,PAY_MODLE, SIM_NUM) values(23465, 'B0000802', '中国移动', 1, '预付费', 13100003464);
insert into T_TERMINALINFO (TERMINAL_ID,TTYPE_ID,SIM_ID,TERMINAL_CODE,ORG_CODE,IS_VIDEO_TERMINAL,SP_SERVER_NAME,PROTOCOL_TYPE,CHANNELS,YT_PROTOCOL_TYPE) values(221465, 4, 23465, '1003464', 'B0000802',1,'1076测试服务器','4',8,'0');
insert into V_VEHICLEINFO (ORG_CODE,VEHICLE_ID,ID_NUMBER,TYPE_ID,TERMINAL_ID,DELETE_FLAG,COLOR_ID_NUMBER_ID,AUTHORIZED_PAY_MASS) values ('B0000802','2201465', '测B03464', 4, 221465, 0, '2',15);

insert into T_SIMINFO (SIM_ID, ORG_CODE, DEPTCODE, STATE,PAY_MODLE, SIM_NUM) values(23466, 'B0000802', '中国移动', 1, '预付费', 13100003465);
insert into T_TERMINALINFO (TERMINAL_ID,TTYPE_ID,SIM_ID,TERMINAL_CODE,ORG_CODE,IS_VIDEO_TERMINAL,SP_SERVER_NAME,PROTOCOL_TYPE,CHANNELS,YT_PROTOCOL_TYPE) values(221466, 4, 23466, '1003465', 'B0000802',1,'1076测试服务器','4',8,'0');
insert into V_VEHICLEINFO (ORG_CODE,VEHICLE_ID,ID_NUMBER,TYPE_ID,TERMINAL_ID,DELETE_FLAG,COLOR_ID_NUMBER_ID,AUTHORIZED_PAY_MASS) values ('B0000802','2201466', '测B03465', 4, 221466, 0, '2',15);

insert into T_SIMINFO (SIM_ID, ORG_CODE, DEPTCODE, STATE,PAY_MODLE, SIM_NUM) values(23467, 'B0000802', '中国移动', 1, '预付费', 13100003466);
insert into T_TERMINALINFO (TERMINAL_ID,TTYPE_ID,SIM_ID,TERMINAL_CODE,ORG_CODE,IS_VIDEO_TERMINAL,SP_SERVER_NAME,PROTOCOL_TYPE,CHANNELS,YT_PROTOCOL_TYPE) values(221467, 4, 23467, '1003466', 'B0000802',1,'1076测试服务器','4',8,'0');
insert into V_VEHICLEINFO (ORG_CODE,VEHICLE_ID,ID_NUMBER,TYPE_ID,TERMINAL_ID,DELETE_FLAG,COLOR_ID_NUMBER_ID,AUTHORIZED_PAY_MASS) values ('B0000802','2201467', '测B03466', 4, 221467, 0, '2',15);

insert into T_SIMINFO (SIM_ID, ORG_CODE, DEPTCODE, STATE,PAY_MODLE, SIM_NUM) values(23468, 'B0000802', '中国移动', 1, '预付费', 13100003467);
insert into T_TERMINALINFO (TERMINAL_ID,TTYPE_ID,SIM_ID,TERMINAL_CODE,ORG_CODE,IS_VIDEO_TERMINAL,SP_SERVER_NAME,PROTOCOL_TYPE,CHANNELS,YT_PROTOCOL_TYPE) values(221468, 4, 23468, '1003467', 'B0000802',1,'1076测试服务器','4',8,'0');
insert into V_VEHICLEINFO (ORG_CODE,VEHICLE_ID,ID_NUMBER,TYPE_ID,TERMINAL_ID,DELETE_FLAG,COLOR_ID_NUMBER_ID,AUTHORIZED_PAY_MASS) values ('B0000802','2201468', '测B03467', 4, 221468, 0, '2',15);

insert into T_SIMINFO (SIM_ID, ORG_CODE, DEPTCODE, STATE,PAY_MODLE, SIM_NUM) values(23469, 'B0000802', '中国移动', 1, '预付费', 13100003468);
insert into T_TERMINALINFO (TERMINAL_ID,TTYPE_ID,SIM_ID,TERMINAL_CODE,ORG_CODE,IS_VIDEO_TERMINAL,SP_SERVER_NAME,PROTOCOL_TYPE,CHANNELS,YT_PROTOCOL_TYPE) values(221469, 4, 23469, '1003468', 'B0000802',1,'1076测试服务器','4',8,'0');
insert into V_VEHICLEINFO (ORG_CODE,VEHICLE_ID,ID_NUMBER,TYPE_ID,TERMINAL_ID,DELETE_FLAG,COLOR_ID_NUMBER_ID,AUTHORIZED_PAY_MASS) values ('B0000802','2201469', '测B03468', 4, 221469, 0, '2',15);

insert into T_SIMINFO (SIM_ID, ORG_CODE, DEPTCODE, STATE,PAY_MODLE, SIM_NUM) values(23470, 'B0000802', '中国移动', 1, '预付费', 13100003469);
insert into T_TERMINALINFO (TERMINAL_ID,TTYPE_ID,SIM_ID,TERMINAL_CODE,ORG_CODE,IS_VIDEO_TERMINAL,SP_SERVER_NAME,PROTOCOL_TYPE,CHANNELS,YT_PROTOCOL_TYPE) values(221470, 4, 23470, '1003469', 'B0000802',1,'1076测试服务器','4',8,'0');
insert into V_VEHICLEINFO (ORG_CODE,VEHICLE_ID,ID_NUMBER,TYPE_ID,TERMINAL_ID,DELETE_FLAG,COLOR_ID_NUMBER_ID,AUTHORIZED_PAY_MASS) values ('B0000802','2201470', '测B03469', 4, 221470, 0, '2',15);

insert into T_SIMINFO (SIM_ID, ORG_CODE, DEPTCODE, STATE,PAY_MODLE, SIM_NUM) values(23471, 'B0000802', '中国移动', 1, '预付费', 13100003470);
insert into T_TERMINALINFO (TERMINAL_ID,TTYPE_ID,SIM_ID,TERMINAL_CODE,ORG_CODE,IS_VIDEO_TERMINAL,SP_SERVER_NAME,PROTOCOL_TYPE,CHANNELS,YT_PROTOCOL_TYPE) values(221471, 4, 23471, '1003470', 'B0000802',1,'1076测试服务器','4',8,'0');
insert into V_VEHICLEINFO (ORG_CODE,VEHICLE_ID,ID_NUMBER,TYPE_ID,TERMINAL_ID,DELETE_FLAG,COLOR_ID_NUMBER_ID,AUTHORIZED_PAY_MASS) values ('B0000802','2201471', '测B03470', 4, 221471, 0, '2',15);

insert into T_SIMINFO (SIM_ID, ORG_CODE, DEPTCODE, STATE,PAY_MODLE, SIM_NUM) values(23472, 'B0000802', '中国移动', 1, '预付费', 13100003471);
insert into T_TERMINALINFO (TERMINAL_ID,TTYPE_ID,SIM_ID,TERMINAL_CODE,ORG_CODE,IS_VIDEO_TERMINAL,SP_SERVER_NAME,PROTOCOL_TYPE,CHANNELS,YT_PROTOCOL_TYPE) values(221472, 4, 23472, '1003471', 'B0000802',1,'1076测试服务器','4',8,'0');
insert into V_VEHICLEINFO (ORG_CODE,VEHICLE_ID,ID_NUMBER,TYPE_ID,TERMINAL_ID,DELETE_FLAG,COLOR_ID_NUMBER_ID,AUTHORIZED_PAY_MASS) values ('B0000802','2201472', '测B03471', 4, 221472, 0, '2',15);

insert into T_SIMINFO (SIM_ID, ORG_CODE, DEPTCODE, STATE,PAY_MODLE, SIM_NUM) values(23473, 'B0000802', '中国移动', 1, '预付费', 13100003472);
insert into T_TERMINALINFO (TERMINAL_ID,TTYPE_ID,SIM_ID,TERMINAL_CODE,ORG_CODE,IS_VIDEO_TERMINAL,SP_SERVER_NAME,PROTOCOL_TYPE,CHANNELS,YT_PROTOCOL_TYPE) values(221473, 4, 23473, '1003472', 'B0000802',1,'1076测试服务器','4',8,'0');
insert into V_VEHICLEINFO (ORG_CODE,VEHICLE_ID,ID_NUMBER,TYPE_ID,TERMINAL_ID,DELETE_FLAG,COLOR_ID_NUMBER_ID,AUTHORIZED_PAY_MASS) values ('B0000802','2201473', '测B03472', 4, 221473, 0, '2',15);

insert into T_SIMINFO (SIM_ID, ORG_CODE, DEPTCODE, STATE,PAY_MODLE, SIM_NUM) values(23474, 'B0000802', '中国移动', 1, '预付费', 13100003473);
insert into T_TERMINALINFO (TERMINAL_ID,TTYPE_ID,SIM_ID,TERMINAL_CODE,ORG_CODE,IS_VIDEO_TERMINAL,SP_SERVER_NAME,PROTOCOL_TYPE,CHANNELS,YT_PROTOCOL_TYPE) values(221474, 4, 23474, '1003473', 'B0000802',1,'1076测试服务器','4',8,'0');
insert into V_VEHICLEINFO (ORG_CODE,VEHICLE_ID,ID_NUMBER,TYPE_ID,TERMINAL_ID,DELETE_FLAG,COLOR_ID_NUMBER_ID,AUTHORIZED_PAY_MASS) values ('B0000802','2201474', '测B03473', 4, 221474, 0, '2',15);

insert into T_SIMINFO (SIM_ID, ORG_CODE, DEPTCODE, STATE,PAY_MODLE, SIM_NUM) values(23475, 'B0000802', '中国移动', 1, '预付费', 13100003474);
insert into T_TERMINALINFO (TERMINAL_ID,TTYPE_ID,SIM_ID,TERMINAL_CODE,ORG_CODE,IS_VIDEO_TERMINAL,SP_SERVER_NAME,PROTOCOL_TYPE,CHANNELS,YT_PROTOCOL_TYPE) values(221475, 4, 23475, '1003474', 'B0000802',1,'1076测试服务器','4',8,'0');
insert into V_VEHICLEINFO (ORG_CODE,VEHICLE_ID,ID_NUMBER,TYPE_ID,TERMINAL_ID,DELETE_FLAG,COLOR_ID_NUMBER_ID,AUTHORIZED_PAY_MASS) values ('B0000802','2201475', '测B03474', 4, 221475, 0, '2',15);

insert into T_SIMINFO (SIM_ID, ORG_CODE, DEPTCODE, STATE,PAY_MODLE, SIM_NUM) values(23476, 'B0000802', '中国移动', 1, '预付费', 13100003475);
insert into T_TERMINALINFO (TERMINAL_ID,TTYPE_ID,SIM_ID,TERMINAL_CODE,ORG_CODE,IS_VIDEO_TERMINAL,SP_SERVER_NAME,PROTOCOL_TYPE,CHANNELS,YT_PROTOCOL_TYPE) values(221476, 4, 23476, '1003475', 'B0000802',1,'1076测试服务器','4',8,'0');
insert into V_VEHICLEINFO (ORG_CODE,VEHICLE_ID,ID_NUMBER,TYPE_ID,TERMINAL_ID,DELETE_FLAG,COLOR_ID_NUMBER_ID,AUTHORIZED_PAY_MASS) values ('B0000802','2201476', '测B03475', 4, 221476, 0, '2',15);

insert into T_SIMINFO (SIM_ID, ORG_CODE, DEPTCODE, STATE,PAY_MODLE, SIM_NUM) values(23477, 'B0000802', '中国移动', 1, '预付费', 13100003476);
insert into T_TERMINALINFO (TERMINAL_ID,TTYPE_ID,SIM_ID,TERMINAL_CODE,ORG_CODE,IS_VIDEO_TERMINAL,SP_SERVER_NAME,PROTOCOL_TYPE,CHANNELS,YT_PROTOCOL_TYPE) values(221477, 4, 23477, '1003476', 'B0000802',1,'1076测试服务器','4',8,'0');
insert into V_VEHICLEINFO (ORG_CODE,VEHICLE_ID,ID_NUMBER,TYPE_ID,TERMINAL_ID,DELETE_FLAG,COLOR_ID_NUMBER_ID,AUTHORIZED_PAY_MASS) values ('B0000802','2201477', '测B03476', 4, 221477, 0, '2',15);

insert into T_SIMINFO (SIM_ID, ORG_CODE, DEPTCODE, STATE,PAY_MODLE, SIM_NUM) values(23478, 'B0000802', '中国移动', 1, '预付费', 13100003477);
insert into T_TERMINALINFO (TERMINAL_ID,TTYPE_ID,SIM_ID,TERMINAL_CODE,ORG_CODE,IS_VIDEO_TERMINAL,SP_SERVER_NAME,PROTOCOL_TYPE,CHANNELS,YT_PROTOCOL_TYPE) values(221478, 4, 23478, '1003477', 'B0000802',1,'1076测试服务器','4',8,'0');
insert into V_VEHICLEINFO (ORG_CODE,VEHICLE_ID,ID_NUMBER,TYPE_ID,TERMINAL_ID,DELETE_FLAG,COLOR_ID_NUMBER_ID,AUTHORIZED_PAY_MASS) values ('B0000802','2201478', '测B03477', 4, 221478, 0, '2',15);

insert into T_SIMINFO (SIM_ID, ORG_CODE, DEPTCODE, STATE,PAY_MODLE, SIM_NUM) values(23479, 'B0000802', '中国移动', 1, '预付费', 13100003478);
insert into T_TERMINALINFO (TERMINAL_ID,TTYPE_ID,SIM_ID,TERMINAL_CODE,ORG_CODE,IS_VIDEO_TERMINAL,SP_SERVER_NAME,PROTOCOL_TYPE,CHANNELS,YT_PROTOCOL_TYPE) values(221479, 4, 23479, '1003478', 'B0000802',1,'1076测试服务器','4',8,'0');
insert into V_VEHICLEINFO (ORG_CODE,VEHICLE_ID,ID_NUMBER,TYPE_ID,TERMINAL_ID,DELETE_FLAG,COLOR_ID_NUMBER_ID,AUTHORIZED_PAY_MASS) values ('B0000802','2201479', '测B03478', 4, 221479, 0, '2',15);

insert into T_SIMINFO (SIM_ID, ORG_CODE, DEPTCODE, STATE,PAY_MODLE, SIM_NUM) values(23480, 'B0000802', '中国移动', 1, '预付费', 13100003479);
insert into T_TERMINALINFO (TERMINAL_ID,TTYPE_ID,SIM_ID,TERMINAL_CODE,ORG_CODE,IS_VIDEO_TERMINAL,SP_SERVER_NAME,PROTOCOL_TYPE,CHANNELS,YT_PROTOCOL_TYPE) values(221480, 4, 23480, '1003479', 'B0000802',1,'1076测试服务器','4',8,'0');
insert into V_VEHICLEINFO (ORG_CODE,VEHICLE_ID,ID_NUMBER,TYPE_ID,TERMINAL_ID,DELETE_FLAG,COLOR_ID_NUMBER_ID,AUTHORIZED_PAY_MASS) values ('B0000802','2201480', '测B03479', 4, 221480, 0, '2',15);

insert into T_SIMINFO (SIM_ID, ORG_CODE, DEPTCODE, STATE,PAY_MODLE, SIM_NUM) values(23481, 'B0000802', '中国移动', 1, '预付费', 13100003480);
insert into T_TERMINALINFO (TERMINAL_ID,TTYPE_ID,SIM_ID,TERMINAL_CODE,ORG_CODE,IS_VIDEO_TERMINAL,SP_SERVER_NAME,PROTOCOL_TYPE,CHANNELS,YT_PROTOCOL_TYPE) values(221481, 4, 23481, '1003480', 'B0000802',1,'1076测试服务器','4',8,'0');
insert into V_VEHICLEINFO (ORG_CODE,VEHICLE_ID,ID_NUMBER,TYPE_ID,TERMINAL_ID,DELETE_FLAG,COLOR_ID_NUMBER_ID,AUTHORIZED_PAY_MASS) values ('B0000802','2201481', '测B03480', 4, 221481, 0, '2',15);

insert into T_SIMINFO (SIM_ID, ORG_CODE, DEPTCODE, STATE,PAY_MODLE, SIM_NUM) values(23482, 'B0000802', '中国移动', 1, '预付费', 13100003481);
insert into T_TERMINALINFO (TERMINAL_ID,TTYPE_ID,SIM_ID,TERMINAL_CODE,ORG_CODE,IS_VIDEO_TERMINAL,SP_SERVER_NAME,PROTOCOL_TYPE,CHANNELS,YT_PROTOCOL_TYPE) values(221482, 4, 23482, '1003481', 'B0000802',1,'1076测试服务器','4',8,'0');
insert into V_VEHICLEINFO (ORG_CODE,VEHICLE_ID,ID_NUMBER,TYPE_ID,TERMINAL_ID,DELETE_FLAG,COLOR_ID_NUMBER_ID,AUTHORIZED_PAY_MASS) values ('B0000802','2201482', '测B03481', 4, 221482, 0, '2',15);

insert into T_SIMINFO (SIM_ID, ORG_CODE, DEPTCODE, STATE,PAY_MODLE, SIM_NUM) values(23483, 'B0000802', '中国移动', 1, '预付费', 13100003482);
insert into T_TERMINALINFO (TERMINAL_ID,TTYPE_ID,SIM_ID,TERMINAL_CODE,ORG_CODE,IS_VIDEO_TERMINAL,SP_SERVER_NAME,PROTOCOL_TYPE,CHANNELS,YT_PROTOCOL_TYPE) values(221483, 4, 23483, '1003482', 'B0000802',1,'1076测试服务器','4',8,'0');
insert into V_VEHICLEINFO (ORG_CODE,VEHICLE_ID,ID_NUMBER,TYPE_ID,TERMINAL_ID,DELETE_FLAG,COLOR_ID_NUMBER_ID,AUTHORIZED_PAY_MASS) values ('B0000802','2201483', '测B03482', 4, 221483, 0, '2',15);

insert into T_SIMINFO (SIM_ID, ORG_CODE, DEPTCODE, STATE,PAY_MODLE, SIM_NUM) values(23484, 'B0000802', '中国移动', 1, '预付费', 13100003483);
insert into T_TERMINALINFO (TERMINAL_ID,TTYPE_ID,SIM_ID,TERMINAL_CODE,ORG_CODE,IS_VIDEO_TERMINAL,SP_SERVER_NAME,PROTOCOL_TYPE,CHANNELS,YT_PROTOCOL_TYPE) values(221484, 4, 23484, '1003483', 'B0000802',1,'1076测试服务器','4',8,'0');
insert into V_VEHICLEINFO (ORG_CODE,VEHICLE_ID,ID_NUMBER,TYPE_ID,TERMINAL_ID,DELETE_FLAG,COLOR_ID_NUMBER_ID,AUTHORIZED_PAY_MASS) values ('B0000802','2201484', '测B03483', 4, 221484, 0, '2',15);

insert into T_SIMINFO (SIM_ID, ORG_CODE, DEPTCODE, STATE,PAY_MODLE, SIM_NUM) values(23485, 'B0000802', '中国移动', 1, '预付费', 13100003484);
insert into T_TERMINALINFO (TERMINAL_ID,TTYPE_ID,SIM_ID,TERMINAL_CODE,ORG_CODE,IS_VIDEO_TERMINAL,SP_SERVER_NAME,PROTOCOL_TYPE,CHANNELS,YT_PROTOCOL_TYPE) values(221485, 4, 23485, '1003484', 'B0000802',1,'1076测试服务器','4',8,'0');
insert into V_VEHICLEINFO (ORG_CODE,VEHICLE_ID,ID_NUMBER,TYPE_ID,TERMINAL_ID,DELETE_FLAG,COLOR_ID_NUMBER_ID,AUTHORIZED_PAY_MASS) values ('B0000802','2201485', '测B03484', 4, 221485, 0, '2',15);

insert into T_SIMINFO (SIM_ID, ORG_CODE, DEPTCODE, STATE,PAY_MODLE, SIM_NUM) values(23486, 'B0000802', '中国移动', 1, '预付费', 13100003485);
insert into T_TERMINALINFO (TERMINAL_ID,TTYPE_ID,SIM_ID,TERMINAL_CODE,ORG_CODE,IS_VIDEO_TERMINAL,SP_SERVER_NAME,PROTOCOL_TYPE,CHANNELS,YT_PROTOCOL_TYPE) values(221486, 4, 23486, '1003485', 'B0000802',1,'1076测试服务器','4',8,'0');
insert into V_VEHICLEINFO (ORG_CODE,VEHICLE_ID,ID_NUMBER,TYPE_ID,TERMINAL_ID,DELETE_FLAG,COLOR_ID_NUMBER_ID,AUTHORIZED_PAY_MASS) values ('B0000802','2201486', '测B03485', 4, 221486, 0, '2',15);

insert into T_SIMINFO (SIM_ID, ORG_CODE, DEPTCODE, STATE,PAY_MODLE, SIM_NUM) values(23487, 'B0000802', '中国移动', 1, '预付费', 13100003486);
insert into T_TERMINALINFO (TERMINAL_ID,TTYPE_ID,SIM_ID,TERMINAL_CODE,ORG_CODE,IS_VIDEO_TERMINAL,SP_SERVER_NAME,PROTOCOL_TYPE,CHANNELS,YT_PROTOCOL_TYPE) values(221487, 4, 23487, '1003486', 'B0000802',1,'1076测试服务器','4',8,'0');
insert into V_VEHICLEINFO (ORG_CODE,VEHICLE_ID,ID_NUMBER,TYPE_ID,TERMINAL_ID,DELETE_FLAG,COLOR_ID_NUMBER_ID,AUTHORIZED_PAY_MASS) values ('B0000802','2201487', '测B03486', 4, 221487, 0, '2',15);

insert into T_SIMINFO (SIM_ID, ORG_CODE, DEPTCODE, STATE,PAY_MODLE, SIM_NUM) values(23488, 'B0000802', '中国移动', 1, '预付费', 13100003487);
insert into T_TERMINALINFO (TERMINAL_ID,TTYPE_ID,SIM_ID,TERMINAL_CODE,ORG_CODE,IS_VIDEO_TERMINAL,SP_SERVER_NAME,PROTOCOL_TYPE,CHANNELS,YT_PROTOCOL_TYPE) values(221488, 4, 23488, '1003487', 'B0000802',1,'1076测试服务器','4',8,'0');
insert into V_VEHICLEINFO (ORG_CODE,VEHICLE_ID,ID_NUMBER,TYPE_ID,TERMINAL_ID,DELETE_FLAG,COLOR_ID_NUMBER_ID,AUTHORIZED_PAY_MASS) values ('B0000802','2201488', '测B03487', 4, 221488, 0, '2',15);

insert into T_SIMINFO (SIM_ID, ORG_CODE, DEPTCODE, STATE,PAY_MODLE, SIM_NUM) values(23489, 'B0000802', '中国移动', 1, '预付费', 13100003488);
insert into T_TERMINALINFO (TERMINAL_ID,TTYPE_ID,SIM_ID,TERMINAL_CODE,ORG_CODE,IS_VIDEO_TERMINAL,SP_SERVER_NAME,PROTOCOL_TYPE,CHANNELS,YT_PROTOCOL_TYPE) values(221489, 4, 23489, '1003488', 'B0000802',1,'1076测试服务器','4',8,'0');
insert into V_VEHICLEINFO (ORG_CODE,VEHICLE_ID,ID_NUMBER,TYPE_ID,TERMINAL_ID,DELETE_FLAG,COLOR_ID_NUMBER_ID,AUTHORIZED_PAY_MASS) values ('B0000802','2201489', '测B03488', 4, 221489, 0, '2',15);

insert into T_SIMINFO (SIM_ID, ORG_CODE, DEPTCODE, STATE,PAY_MODLE, SIM_NUM) values(23490, 'B0000802', '中国移动', 1, '预付费', 13100003489);
insert into T_TERMINALINFO (TERMINAL_ID,TTYPE_ID,SIM_ID,TERMINAL_CODE,ORG_CODE,IS_VIDEO_TERMINAL,SP_SERVER_NAME,PROTOCOL_TYPE,CHANNELS,YT_PROTOCOL_TYPE) values(221490, 4, 23490, '1003489', 'B0000802',1,'1076测试服务器','4',8,'0');
insert into V_VEHICLEINFO (ORG_CODE,VEHICLE_ID,ID_NUMBER,TYPE_ID,TERMINAL_ID,DELETE_FLAG,COLOR_ID_NUMBER_ID,AUTHORIZED_PAY_MASS) values ('B0000802','2201490', '测B03489', 4, 221490, 0, '2',15);

insert into T_SIMINFO (SIM_ID, ORG_CODE, DEPTCODE, STATE,PAY_MODLE, SIM_NUM) values(23491, 'B0000802', '中国移动', 1, '预付费', 13100003490);
insert into T_TERMINALINFO (TERMINAL_ID,TTYPE_ID,SIM_ID,TERMINAL_CODE,ORG_CODE,IS_VIDEO_TERMINAL,SP_SERVER_NAME,PROTOCOL_TYPE,CHANNELS,YT_PROTOCOL_TYPE) values(221491, 4, 23491, '1003490', 'B0000802',1,'1076测试服务器','4',8,'0');
insert into V_VEHICLEINFO (ORG_CODE,VEHICLE_ID,ID_NUMBER,TYPE_ID,TERMINAL_ID,DELETE_FLAG,COLOR_ID_NUMBER_ID,AUTHORIZED_PAY_MASS) values ('B0000802','2201491', '测B03490', 4, 221491, 0, '2',15);

insert into T_SIMINFO (SIM_ID, ORG_CODE, DEPTCODE, STATE,PAY_MODLE, SIM_NUM) values(23492, 'B0000802', '中国移动', 1, '预付费', 13100003491);
insert into T_TERMINALINFO (TERMINAL_ID,TTYPE_ID,SIM_ID,TERMINAL_CODE,ORG_CODE,IS_VIDEO_TERMINAL,SP_SERVER_NAME,PROTOCOL_TYPE,CHANNELS,YT_PROTOCOL_TYPE) values(221492, 4, 23492, '1003491', 'B0000802',1,'1076测试服务器','4',8,'0');
insert into V_VEHICLEINFO (ORG_CODE,VEHICLE_ID,ID_NUMBER,TYPE_ID,TERMINAL_ID,DELETE_FLAG,COLOR_ID_NUMBER_ID,AUTHORIZED_PAY_MASS) values ('B0000802','2201492', '测B03491', 4, 221492, 0, '2',15);

insert into T_SIMINFO (SIM_ID, ORG_CODE, DEPTCODE, STATE,PAY_MODLE, SIM_NUM) values(23493, 'B0000802', '中国移动', 1, '预付费', 13100003492);
insert into T_TERMINALINFO (TERMINAL_ID,TTYPE_ID,SIM_ID,TERMINAL_CODE,ORG_CODE,IS_VIDEO_TERMINAL,SP_SERVER_NAME,PROTOCOL_TYPE,CHANNELS,YT_PROTOCOL_TYPE) values(221493, 4, 23493, '1003492', 'B0000802',1,'1076测试服务器','4',8,'0');
insert into V_VEHICLEINFO (ORG_CODE,VEHICLE_ID,ID_NUMBER,TYPE_ID,TERMINAL_ID,DELETE_FLAG,COLOR_ID_NUMBER_ID,AUTHORIZED_PAY_MASS) values ('B0000802','2201493', '测B03492', 4, 221493, 0, '2',15);

insert into T_SIMINFO (SIM_ID, ORG_CODE, DEPTCODE, STATE,PAY_MODLE, SIM_NUM) values(23494, 'B0000802', '中国移动', 1, '预付费', 13100003493);
insert into T_TERMINALINFO (TERMINAL_ID,TTYPE_ID,SIM_ID,TERMINAL_CODE,ORG_CODE,IS_VIDEO_TERMINAL,SP_SERVER_NAME,PROTOCOL_TYPE,CHANNELS,YT_PROTOCOL_TYPE) values(221494, 4, 23494, '1003493', 'B0000802',1,'1076测试服务器','4',8,'0');
insert into V_VEHICLEINFO (ORG_CODE,VEHICLE_ID,ID_NUMBER,TYPE_ID,TERMINAL_ID,DELETE_FLAG,COLOR_ID_NUMBER_ID,AUTHORIZED_PAY_MASS) values ('B0000802','2201494', '测B03493', 4, 221494, 0, '2',15);

insert into T_SIMINFO (SIM_ID, ORG_CODE, DEPTCODE, STATE,PAY_MODLE, SIM_NUM) values(23495, 'B0000802', '中国移动', 1, '预付费', 13100003494);
insert into T_TERMINALINFO (TERMINAL_ID,TTYPE_ID,SIM_ID,TERMINAL_CODE,ORG_CODE,IS_VIDEO_TERMINAL,SP_SERVER_NAME,PROTOCOL_TYPE,CHANNELS,YT_PROTOCOL_TYPE) values(221495, 4, 23495, '1003494', 'B0000802',1,'1076测试服务器','4',8,'0');
insert into V_VEHICLEINFO (ORG_CODE,VEHICLE_ID,ID_NUMBER,TYPE_ID,TERMINAL_ID,DELETE_FLAG,COLOR_ID_NUMBER_ID,AUTHORIZED_PAY_MASS) values ('B0000802','2201495', '测B03494', 4, 221495, 0, '2',15);

insert into T_SIMINFO (SIM_ID, ORG_CODE, DEPTCODE, STATE,PAY_MODLE, SIM_NUM) values(23496, 'B0000802', '中国移动', 1, '预付费', 13100003495);
insert into T_TERMINALINFO (TERMINAL_ID,TTYPE_ID,SIM_ID,TERMINAL_CODE,ORG_CODE,IS_VIDEO_TERMINAL,SP_SERVER_NAME,PROTOCOL_TYPE,CHANNELS,YT_PROTOCOL_TYPE) values(221496, 4, 23496, '1003495', 'B0000802',1,'1076测试服务器','4',8,'0');
insert into V_VEHICLEINFO (ORG_CODE,VEHICLE_ID,ID_NUMBER,TYPE_ID,TERMINAL_ID,DELETE_FLAG,COLOR_ID_NUMBER_ID,AUTHORIZED_PAY_MASS) values ('B0000802','2201496', '测B03495', 4, 221496, 0, '2',15);

insert into T_SIMINFO (SIM_ID, ORG_CODE, DEPTCODE, STATE,PAY_MODLE, SIM_NUM) values(23497, 'B0000802', '中国移动', 1, '预付费', 13100003496);
insert into T_TERMINALINFO (TERMINAL_ID,TTYPE_ID,SIM_ID,TERMINAL_CODE,ORG_CODE,IS_VIDEO_TERMINAL,SP_SERVER_NAME,PROTOCOL_TYPE,CHANNELS,YT_PROTOCOL_TYPE) values(221497, 4, 23497, '1003496', 'B0000802',1,'1076测试服务器','4',8,'0');
insert into V_VEHICLEINFO (ORG_CODE,VEHICLE_ID,ID_NUMBER,TYPE_ID,TERMINAL_ID,DELETE_FLAG,COLOR_ID_NUMBER_ID,AUTHORIZED_PAY_MASS) values ('B0000802','2201497', '测B03496', 4, 221497, 0, '2',15);

insert into T_SIMINFO (SIM_ID, ORG_CODE, DEPTCODE, STATE,PAY_MODLE, SIM_NUM) values(23498, 'B0000802', '中国移动', 1, '预付费', 13100003497);
insert into T_TERMINALINFO (TERMINAL_ID,TTYPE_ID,SIM_ID,TERMINAL_CODE,ORG_CODE,IS_VIDEO_TERMINAL,SP_SERVER_NAME,PROTOCOL_TYPE,CHANNELS,YT_PROTOCOL_TYPE) values(221498, 4, 23498, '1003497', 'B0000802',1,'1076测试服务器','4',8,'0');
insert into V_VEHICLEINFO (ORG_CODE,VEHICLE_ID,ID_NUMBER,TYPE_ID,TERMINAL_ID,DELETE_FLAG,COLOR_ID_NUMBER_ID,AUTHORIZED_PAY_MASS) values ('B0000802','2201498', '测B03497', 4, 221498, 0, '2',15);

insert into T_SIMINFO (SIM_ID, ORG_CODE, DEPTCODE, STATE,PAY_MODLE, SIM_NUM) values(23499, 'B0000802', '中国移动', 1, '预付费', 13100003498);
insert into T_TERMINALINFO (TERMINAL_ID,TTYPE_ID,SIM_ID,TERMINAL_CODE,ORG_CODE,IS_VIDEO_TERMINAL,SP_SERVER_NAME,PROTOCOL_TYPE,CHANNELS,YT_PROTOCOL_TYPE) values(221499, 4, 23499, '1003498', 'B0000802',1,'1076测试服务器','4',8,'0');
insert into V_VEHICLEINFO (ORG_CODE,VEHICLE_ID,ID_NUMBER,TYPE_ID,TERMINAL_ID,DELETE_FLAG,COLOR_ID_NUMBER_ID,AUTHORIZED_PAY_MASS) values ('B0000802','2201499', '测B03498', 4, 221499, 0, '2',15);

insert into T_SIMINFO (SIM_ID, ORG_CODE, DEPTCODE, STATE,PAY_MODLE, SIM_NUM) values(23500, 'B0000802', '中国移动', 1, '预付费', 13100003499);
insert into T_TERMINALINFO (TERMINAL_ID,TTYPE_ID,SIM_ID,TERMINAL_CODE,ORG_CODE,IS_VIDEO_TERMINAL,SP_SERVER_NAME,PROTOCOL_TYPE,CHANNELS,YT_PROTOCOL_TYPE) values(221500, 4, 23500, '1003499', 'B0000802',1,'1076测试服务器','4',8,'0');
insert into V_VEHICLEINFO (ORG_CODE,VEHICLE_ID,ID_NUMBER,TYPE_ID,TERMINAL_ID,DELETE_FLAG,COLOR_ID_NUMBER_ID,AUTHORIZED_PAY_MASS) values ('B0000802','2201500', '测B03499', 4, 221500, 0, '2',15);

insert into T_SIMINFO (SIM_ID, ORG_CODE, DEPTCODE, STATE,PAY_MODLE, SIM_NUM) values(23501, 'B0000802', '中国移动', 1, '预付费', 13100003500);
insert into T_TERMINALINFO (TERMINAL_ID,TTYPE_ID,SIM_ID,TERMINAL_CODE,ORG_CODE,IS_VIDEO_TERMINAL,SP_SERVER_NAME,PROTOCOL_TYPE,CHANNELS,YT_PROTOCOL_TYPE) values(221501, 4, 23501, '1003500', 'B0000802',1,'1076测试服务器','4',8,'0');
insert into V_VEHICLEINFO (ORG_CODE,VEHICLE_ID,ID_NUMBER,TYPE_ID,TERMINAL_ID,DELETE_FLAG,COLOR_ID_NUMBER_ID,AUTHORIZED_PAY_MASS) values ('B0000802','2201501', '测B03500', 4, 221501, 0, '2',15);

insert into T_SIMINFO (SIM_ID, ORG_CODE, DEPTCODE, STATE,PAY_MODLE, SIM_NUM) values(23502, 'B0000802', '中国移动', 1, '预付费', 13100003501);
insert into T_TERMINALINFO (TERMINAL_ID,TTYPE_ID,SIM_ID,TERMINAL_CODE,ORG_CODE,IS_VIDEO_TERMINAL,SP_SERVER_NAME,PROTOCOL_TYPE,CHANNELS,YT_PROTOCOL_TYPE) values(221502, 4, 23502, '1003501', 'B0000802',1,'1076测试服务器','4',8,'0');
insert into V_VEHICLEINFO (ORG_CODE,VEHICLE_ID,ID_NUMBER,TYPE_ID,TERMINAL_ID,DELETE_FLAG,COLOR_ID_NUMBER_ID,AUTHORIZED_PAY_MASS) values ('B0000802','2201502', '测B03501', 4, 221502, 0, '2',15);

insert into T_SIMINFO (SIM_ID, ORG_CODE, DEPTCODE, STATE,PAY_MODLE, SIM_NUM) values(23503, 'B0000802', '中国移动', 1, '预付费', 13100003502);
insert into T_TERMINALINFO (TERMINAL_ID,TTYPE_ID,SIM_ID,TERMINAL_CODE,ORG_CODE,IS_VIDEO_TERMINAL,SP_SERVER_NAME,PROTOCOL_TYPE,CHANNELS,YT_PROTOCOL_TYPE) values(221503, 4, 23503, '1003502', 'B0000802',1,'1076测试服务器','4',8,'0');
insert into V_VEHICLEINFO (ORG_CODE,VEHICLE_ID,ID_NUMBER,TYPE_ID,TERMINAL_ID,DELETE_FLAG,COLOR_ID_NUMBER_ID,AUTHORIZED_PAY_MASS) values ('B0000802','2201503', '测B03502', 4, 221503, 0, '2',15);

insert into T_SIMINFO (SIM_ID, ORG_CODE, DEPTCODE, STATE,PAY_MODLE, SIM_NUM) values(23504, 'B0000802', '中国移动', 1, '预付费', 13100003503);
insert into T_TERMINALINFO (TERMINAL_ID,TTYPE_ID,SIM_ID,TERMINAL_CODE,ORG_CODE,IS_VIDEO_TERMINAL,SP_SERVER_NAME,PROTOCOL_TYPE,CHANNELS,YT_PROTOCOL_TYPE) values(221504, 4, 23504, '1003503', 'B0000802',1,'1076测试服务器','4',8,'0');
insert into V_VEHICLEINFO (ORG_CODE,VEHICLE_ID,ID_NUMBER,TYPE_ID,TERMINAL_ID,DELETE_FLAG,COLOR_ID_NUMBER_ID,AUTHORIZED_PAY_MASS) values ('B0000802','2201504', '测B03503', 4, 221504, 0, '2',15);

insert into T_SIMINFO (SIM_ID, ORG_CODE, DEPTCODE, STATE,PAY_MODLE, SIM_NUM) values(23505, 'B0000802', '中国移动', 1, '预付费', 13100003504);
insert into T_TERMINALINFO (TERMINAL_ID,TTYPE_ID,SIM_ID,TERMINAL_CODE,ORG_CODE,IS_VIDEO_TERMINAL,SP_SERVER_NAME,PROTOCOL_TYPE,CHANNELS,YT_PROTOCOL_TYPE) values(221505, 4, 23505, '1003504', 'B0000802',1,'1076测试服务器','4',8,'0');
insert into V_VEHICLEINFO (ORG_CODE,VEHICLE_ID,ID_NUMBER,TYPE_ID,TERMINAL_ID,DELETE_FLAG,COLOR_ID_NUMBER_ID,AUTHORIZED_PAY_MASS) values ('B0000802','2201505', '测B03504', 4, 221505, 0, '2',15);

insert into T_SIMINFO (SIM_ID, ORG_CODE, DEPTCODE, STATE,PAY_MODLE, SIM_NUM) values(23506, 'B0000802', '中国移动', 1, '预付费', 13100003505);
insert into T_TERMINALINFO (TERMINAL_ID,TTYPE_ID,SIM_ID,TERMINAL_CODE,ORG_CODE,IS_VIDEO_TERMINAL,SP_SERVER_NAME,PROTOCOL_TYPE,CHANNELS,YT_PROTOCOL_TYPE) values(221506, 4, 23506, '1003505', 'B0000802',1,'1076测试服务器','4',8,'0');
insert into V_VEHICLEINFO (ORG_CODE,VEHICLE_ID,ID_NUMBER,TYPE_ID,TERMINAL_ID,DELETE_FLAG,COLOR_ID_NUMBER_ID,AUTHORIZED_PAY_MASS) values ('B0000802','2201506', '测B03505', 4, 221506, 0, '2',15);

insert into T_SIMINFO (SIM_ID, ORG_CODE, DEPTCODE, STATE,PAY_MODLE, SIM_NUM) values(23507, 'B0000802', '中国移动', 1, '预付费', 13100003506);
insert into T_TERMINALINFO (TERMINAL_ID,TTYPE_ID,SIM_ID,TERMINAL_CODE,ORG_CODE,IS_VIDEO_TERMINAL,SP_SERVER_NAME,PROTOCOL_TYPE,CHANNELS,YT_PROTOCOL_TYPE) values(221507, 4, 23507, '1003506', 'B0000802',1,'1076测试服务器','4',8,'0');
insert into V_VEHICLEINFO (ORG_CODE,VEHICLE_ID,ID_NUMBER,TYPE_ID,TERMINAL_ID,DELETE_FLAG,COLOR_ID_NUMBER_ID,AUTHORIZED_PAY_MASS) values ('B0000802','2201507', '测B03506', 4, 221507, 0, '2',15);

insert into T_SIMINFO (SIM_ID, ORG_CODE, DEPTCODE, STATE,PAY_MODLE, SIM_NUM) values(23508, 'B0000802', '中国移动', 1, '预付费', 13100003507);
insert into T_TERMINALINFO (TERMINAL_ID,TTYPE_ID,SIM_ID,TERMINAL_CODE,ORG_CODE,IS_VIDEO_TERMINAL,SP_SERVER_NAME,PROTOCOL_TYPE,CHANNELS,YT_PROTOCOL_TYPE) values(221508, 4, 23508, '1003507', 'B0000802',1,'1076测试服务器','4',8,'0');
insert into V_VEHICLEINFO (ORG_CODE,VEHICLE_ID,ID_NUMBER,TYPE_ID,TERMINAL_ID,DELETE_FLAG,COLOR_ID_NUMBER_ID,AUTHORIZED_PAY_MASS) values ('B0000802','2201508', '测B03507', 4, 221508, 0, '2',15);

insert into T_SIMINFO (SIM_ID, ORG_CODE, DEPTCODE, STATE,PAY_MODLE, SIM_NUM) values(23509, 'B0000802', '中国移动', 1, '预付费', 13100003508);
insert into T_TERMINALINFO (TERMINAL_ID,TTYPE_ID,SIM_ID,TERMINAL_CODE,ORG_CODE,IS_VIDEO_TERMINAL,SP_SERVER_NAME,PROTOCOL_TYPE,CHANNELS,YT_PROTOCOL_TYPE) values(221509, 4, 23509, '1003508', 'B0000802',1,'1076测试服务器','4',8,'0');
insert into V_VEHICLEINFO (ORG_CODE,VEHICLE_ID,ID_NUMBER,TYPE_ID,TERMINAL_ID,DELETE_FLAG,COLOR_ID_NUMBER_ID,AUTHORIZED_PAY_MASS) values ('B0000802','2201509', '测B03508', 4, 221509, 0, '2',15);

insert into T_SIMINFO (SIM_ID, ORG_CODE, DEPTCODE, STATE,PAY_MODLE, SIM_NUM) values(23510, 'B0000802', '中国移动', 1, '预付费', 13100003509);
insert into T_TERMINALINFO (TERMINAL_ID,TTYPE_ID,SIM_ID,TERMINAL_CODE,ORG_CODE,IS_VIDEO_TERMINAL,SP_SERVER_NAME,PROTOCOL_TYPE,CHANNELS,YT_PROTOCOL_TYPE) values(221510, 4, 23510, '1003509', 'B0000802',1,'1076测试服务器','4',8,'0');
insert into V_VEHICLEINFO (ORG_CODE,VEHICLE_ID,ID_NUMBER,TYPE_ID,TERMINAL_ID,DELETE_FLAG,COLOR_ID_NUMBER_ID,AUTHORIZED_PAY_MASS) values ('B0000802','2201510', '测B03509', 4, 221510, 0, '2',15);

insert into T_SIMINFO (SIM_ID, ORG_CODE, DEPTCODE, STATE,PAY_MODLE, SIM_NUM) values(23511, 'B0000802', '中国移动', 1, '预付费', 13100003510);
insert into T_TERMINALINFO (TERMINAL_ID,TTYPE_ID,SIM_ID,TERMINAL_CODE,ORG_CODE,IS_VIDEO_TERMINAL,SP_SERVER_NAME,PROTOCOL_TYPE,CHANNELS,YT_PROTOCOL_TYPE) values(221511, 4, 23511, '1003510', 'B0000802',1,'1076测试服务器','4',8,'0');
insert into V_VEHICLEINFO (ORG_CODE,VEHICLE_ID,ID_NUMBER,TYPE_ID,TERMINAL_ID,DELETE_FLAG,COLOR_ID_NUMBER_ID,AUTHORIZED_PAY_MASS) values ('B0000802','2201511', '测B03510', 4, 221511, 0, '2',15);

insert into T_SIMINFO (SIM_ID, ORG_CODE, DEPTCODE, STATE,PAY_MODLE, SIM_NUM) values(23512, 'B0000802', '中国移动', 1, '预付费', 13100003511);
insert into T_TERMINALINFO (TERMINAL_ID,TTYPE_ID,SIM_ID,TERMINAL_CODE,ORG_CODE,IS_VIDEO_TERMINAL,SP_SERVER_NAME,PROTOCOL_TYPE,CHANNELS,YT_PROTOCOL_TYPE) values(221512, 4, 23512, '1003511', 'B0000802',1,'1076测试服务器','4',8,'0');
insert into V_VEHICLEINFO (ORG_CODE,VEHICLE_ID,ID_NUMBER,TYPE_ID,TERMINAL_ID,DELETE_FLAG,COLOR_ID_NUMBER_ID,AUTHORIZED_PAY_MASS) values ('B0000802','2201512', '测B03511', 4, 221512, 0, '2',15);

insert into T_SIMINFO (SIM_ID, ORG_CODE, DEPTCODE, STATE,PAY_MODLE, SIM_NUM) values(23513, 'B0000802', '中国移动', 1, '预付费', 13100003512);
insert into T_TERMINALINFO (TERMINAL_ID,TTYPE_ID,SIM_ID,TERMINAL_CODE,ORG_CODE,IS_VIDEO_TERMINAL,SP_SERVER_NAME,PROTOCOL_TYPE,CHANNELS,YT_PROTOCOL_TYPE) values(221513, 4, 23513, '1003512', 'B0000802',1,'1076测试服务器','4',8,'0');
insert into V_VEHICLEINFO (ORG_CODE,VEHICLE_ID,ID_NUMBER,TYPE_ID,TERMINAL_ID,DELETE_FLAG,COLOR_ID_NUMBER_ID,AUTHORIZED_PAY_MASS) values ('B0000802','2201513', '测B03512', 4, 221513, 0, '2',15);

insert into T_SIMINFO (SIM_ID, ORG_CODE, DEPTCODE, STATE,PAY_MODLE, SIM_NUM) values(23514, 'B0000802', '中国移动', 1, '预付费', 13100003513);
insert into T_TERMINALINFO (TERMINAL_ID,TTYPE_ID,SIM_ID,TERMINAL_CODE,ORG_CODE,IS_VIDEO_TERMINAL,SP_SERVER_NAME,PROTOCOL_TYPE,CHANNELS,YT_PROTOCOL_TYPE) values(221514, 4, 23514, '1003513', 'B0000802',1,'1076测试服务器','4',8,'0');
insert into V_VEHICLEINFO (ORG_CODE,VEHICLE_ID,ID_NUMBER,TYPE_ID,TERMINAL_ID,DELETE_FLAG,COLOR_ID_NUMBER_ID,AUTHORIZED_PAY_MASS) values ('B0000802','2201514', '测B03513', 4, 221514, 0, '2',15);

insert into T_SIMINFO (SIM_ID, ORG_CODE, DEPTCODE, STATE,PAY_MODLE, SIM_NUM) values(23515, 'B0000802', '中国移动', 1, '预付费', 13100003514);
insert into T_TERMINALINFO (TERMINAL_ID,TTYPE_ID,SIM_ID,TERMINAL_CODE,ORG_CODE,IS_VIDEO_TERMINAL,SP_SERVER_NAME,PROTOCOL_TYPE,CHANNELS,YT_PROTOCOL_TYPE) values(221515, 4, 23515, '1003514', 'B0000802',1,'1076测试服务器','4',8,'0');
insert into V_VEHICLEINFO (ORG_CODE,VEHICLE_ID,ID_NUMBER,TYPE_ID,TERMINAL_ID,DELETE_FLAG,COLOR_ID_NUMBER_ID,AUTHORIZED_PAY_MASS) values ('B0000802','2201515', '测B03514', 4, 221515, 0, '2',15);

insert into T_SIMINFO (SIM_ID, ORG_CODE, DEPTCODE, STATE,PAY_MODLE, SIM_NUM) values(23516, 'B0000802', '中国移动', 1, '预付费', 13100003515);
insert into T_TERMINALINFO (TERMINAL_ID,TTYPE_ID,SIM_ID,TERMINAL_CODE,ORG_CODE,IS_VIDEO_TERMINAL,SP_SERVER_NAME,PROTOCOL_TYPE,CHANNELS,YT_PROTOCOL_TYPE) values(221516, 4, 23516, '1003515', 'B0000802',1,'1076测试服务器','4',8,'0');
insert into V_VEHICLEINFO (ORG_CODE,VEHICLE_ID,ID_NUMBER,TYPE_ID,TERMINAL_ID,DELETE_FLAG,COLOR_ID_NUMBER_ID,AUTHORIZED_PAY_MASS) values ('B0000802','2201516', '测B03515', 4, 221516, 0, '2',15);

insert into T_SIMINFO (SIM_ID, ORG_CODE, DEPTCODE, STATE,PAY_MODLE, SIM_NUM) values(23517, 'B0000802', '中国移动', 1, '预付费', 13100003516);
insert into T_TERMINALINFO (TERMINAL_ID,TTYPE_ID,SIM_ID,TERMINAL_CODE,ORG_CODE,IS_VIDEO_TERMINAL,SP_SERVER_NAME,PROTOCOL_TYPE,CHANNELS,YT_PROTOCOL_TYPE) values(221517, 4, 23517, '1003516', 'B0000802',1,'1076测试服务器','4',8,'0');
insert into V_VEHICLEINFO (ORG_CODE,VEHICLE_ID,ID_NUMBER,TYPE_ID,TERMINAL_ID,DELETE_FLAG,COLOR_ID_NUMBER_ID,AUTHORIZED_PAY_MASS) values ('B0000802','2201517', '测B03516', 4, 221517, 0, '2',15);

insert into T_SIMINFO (SIM_ID, ORG_CODE, DEPTCODE, STATE,PAY_MODLE, SIM_NUM) values(23518, 'B0000802', '中国移动', 1, '预付费', 13100003517);
insert into T_TERMINALINFO (TERMINAL_ID,TTYPE_ID,SIM_ID,TERMINAL_CODE,ORG_CODE,IS_VIDEO_TERMINAL,SP_SERVER_NAME,PROTOCOL_TYPE,CHANNELS,YT_PROTOCOL_TYPE) values(221518, 4, 23518, '1003517', 'B0000802',1,'1076测试服务器','4',8,'0');
insert into V_VEHICLEINFO (ORG_CODE,VEHICLE_ID,ID_NUMBER,TYPE_ID,TERMINAL_ID,DELETE_FLAG,COLOR_ID_NUMBER_ID,AUTHORIZED_PAY_MASS) values ('B0000802','2201518', '测B03517', 4, 221518, 0, '2',15);

insert into T_SIMINFO (SIM_ID, ORG_CODE, DEPTCODE, STATE,PAY_MODLE, SIM_NUM) values(23519, 'B0000802', '中国移动', 1, '预付费', 13100003518);
insert into T_TERMINALINFO (TERMINAL_ID,TTYPE_ID,SIM_ID,TERMINAL_CODE,ORG_CODE,IS_VIDEO_TERMINAL,SP_SERVER_NAME,PROTOCOL_TYPE,CHANNELS,YT_PROTOCOL_TYPE) values(221519, 4, 23519, '1003518', 'B0000802',1,'1076测试服务器','4',8,'0');
insert into V_VEHICLEINFO (ORG_CODE,VEHICLE_ID,ID_NUMBER,TYPE_ID,TERMINAL_ID,DELETE_FLAG,COLOR_ID_NUMBER_ID,AUTHORIZED_PAY_MASS) values ('B0000802','2201519', '测B03518', 4, 221519, 0, '2',15);

insert into T_SIMINFO (SIM_ID, ORG_CODE, DEPTCODE, STATE,PAY_MODLE, SIM_NUM) values(23520, 'B0000802', '中国移动', 1, '预付费', 13100003519);
insert into T_TERMINALINFO (TERMINAL_ID,TTYPE_ID,SIM_ID,TERMINAL_CODE,ORG_CODE,IS_VIDEO_TERMINAL,SP_SERVER_NAME,PROTOCOL_TYPE,CHANNELS,YT_PROTOCOL_TYPE) values(221520, 4, 23520, '1003519', 'B0000802',1,'1076测试服务器','4',8,'0');
insert into V_VEHICLEINFO (ORG_CODE,VEHICLE_ID,ID_NUMBER,TYPE_ID,TERMINAL_ID,DELETE_FLAG,COLOR_ID_NUMBER_ID,AUTHORIZED_PAY_MASS) values ('B0000802','2201520', '测B03519', 4, 221520, 0, '2',15);

insert into T_SIMINFO (SIM_ID, ORG_CODE, DEPTCODE, STATE,PAY_MODLE, SIM_NUM) values(23521, 'B0000802', '中国移动', 1, '预付费', 13100003520);
insert into T_TERMINALINFO (TERMINAL_ID,TTYPE_ID,SIM_ID,TERMINAL_CODE,ORG_CODE,IS_VIDEO_TERMINAL,SP_SERVER_NAME,PROTOCOL_TYPE,CHANNELS,YT_PROTOCOL_TYPE) values(221521, 4, 23521, '1003520', 'B0000802',1,'1076测试服务器','4',8,'0');
insert into V_VEHICLEINFO (ORG_CODE,VEHICLE_ID,ID_NUMBER,TYPE_ID,TERMINAL_ID,DELETE_FLAG,COLOR_ID_NUMBER_ID,AUTHORIZED_PAY_MASS) values ('B0000802','2201521', '测B03520', 4, 221521, 0, '2',15);

insert into T_SIMINFO (SIM_ID, ORG_CODE, DEPTCODE, STATE,PAY_MODLE, SIM_NUM) values(23522, 'B0000802', '中国移动', 1, '预付费', 13100003521);
insert into T_TERMINALINFO (TERMINAL_ID,TTYPE_ID,SIM_ID,TERMINAL_CODE,ORG_CODE,IS_VIDEO_TERMINAL,SP_SERVER_NAME,PROTOCOL_TYPE,CHANNELS,YT_PROTOCOL_TYPE) values(221522, 4, 23522, '1003521', 'B0000802',1,'1076测试服务器','4',8,'0');
insert into V_VEHICLEINFO (ORG_CODE,VEHICLE_ID,ID_NUMBER,TYPE_ID,TERMINAL_ID,DELETE_FLAG,COLOR_ID_NUMBER_ID,AUTHORIZED_PAY_MASS) values ('B0000802','2201522', '测B03521', 4, 221522, 0, '2',15);

insert into T_SIMINFO (SIM_ID, ORG_CODE, DEPTCODE, STATE,PAY_MODLE, SIM_NUM) values(23523, 'B0000802', '中国移动', 1, '预付费', 13100003522);
insert into T_TERMINALINFO (TERMINAL_ID,TTYPE_ID,SIM_ID,TERMINAL_CODE,ORG_CODE,IS_VIDEO_TERMINAL,SP_SERVER_NAME,PROTOCOL_TYPE,CHANNELS,YT_PROTOCOL_TYPE) values(221523, 4, 23523, '1003522', 'B0000802',1,'1076测试服务器','4',8,'0');
insert into V_VEHICLEINFO (ORG_CODE,VEHICLE_ID,ID_NUMBER,TYPE_ID,TERMINAL_ID,DELETE_FLAG,COLOR_ID_NUMBER_ID,AUTHORIZED_PAY_MASS) values ('B0000802','2201523', '测B03522', 4, 221523, 0, '2',15);

insert into T_SIMINFO (SIM_ID, ORG_CODE, DEPTCODE, STATE,PAY_MODLE, SIM_NUM) values(23524, 'B0000802', '中国移动', 1, '预付费', 13100003523);
insert into T_TERMINALINFO (TERMINAL_ID,TTYPE_ID,SIM_ID,TERMINAL_CODE,ORG_CODE,IS_VIDEO_TERMINAL,SP_SERVER_NAME,PROTOCOL_TYPE,CHANNELS,YT_PROTOCOL_TYPE) values(221524, 4, 23524, '1003523', 'B0000802',1,'1076测试服务器','4',8,'0');
insert into V_VEHICLEINFO (ORG_CODE,VEHICLE_ID,ID_NUMBER,TYPE_ID,TERMINAL_ID,DELETE_FLAG,COLOR_ID_NUMBER_ID,AUTHORIZED_PAY_MASS) values ('B0000802','2201524', '测B03523', 4, 221524, 0, '2',15);

insert into T_SIMINFO (SIM_ID, ORG_CODE, DEPTCODE, STATE,PAY_MODLE, SIM_NUM) values(23525, 'B0000802', '中国移动', 1, '预付费', 13100003524);
insert into T_TERMINALINFO (TERMINAL_ID,TTYPE_ID,SIM_ID,TERMINAL_CODE,ORG_CODE,IS_VIDEO_TERMINAL,SP_SERVER_NAME,PROTOCOL_TYPE,CHANNELS,YT_PROTOCOL_TYPE) values(221525, 4, 23525, '1003524', 'B0000802',1,'1076测试服务器','4',8,'0');
insert into V_VEHICLEINFO (ORG_CODE,VEHICLE_ID,ID_NUMBER,TYPE_ID,TERMINAL_ID,DELETE_FLAG,COLOR_ID_NUMBER_ID,AUTHORIZED_PAY_MASS) values ('B0000802','2201525', '测B03524', 4, 221525, 0, '2',15);

insert into T_SIMINFO (SIM_ID, ORG_CODE, DEPTCODE, STATE,PAY_MODLE, SIM_NUM) values(23526, 'B0000802', '中国移动', 1, '预付费', 13100003525);
insert into T_TERMINALINFO (TERMINAL_ID,TTYPE_ID,SIM_ID,TERMINAL_CODE,ORG_CODE,IS_VIDEO_TERMINAL,SP_SERVER_NAME,PROTOCOL_TYPE,CHANNELS,YT_PROTOCOL_TYPE) values(221526, 4, 23526, '1003525', 'B0000802',1,'1076测试服务器','4',8,'0');
insert into V_VEHICLEINFO (ORG_CODE,VEHICLE_ID,ID_NUMBER,TYPE_ID,TERMINAL_ID,DELETE_FLAG,COLOR_ID_NUMBER_ID,AUTHORIZED_PAY_MASS) values ('B0000802','2201526', '测B03525', 4, 221526, 0, '2',15);

insert into T_SIMINFO (SIM_ID, ORG_CODE, DEPTCODE, STATE,PAY_MODLE, SIM_NUM) values(23527, 'B0000802', '中国移动', 1, '预付费', 13100003526);
insert into T_TERMINALINFO (TERMINAL_ID,TTYPE_ID,SIM_ID,TERMINAL_CODE,ORG_CODE,IS_VIDEO_TERMINAL,SP_SERVER_NAME,PROTOCOL_TYPE,CHANNELS,YT_PROTOCOL_TYPE) values(221527, 4, 23527, '1003526', 'B0000802',1,'1076测试服务器','4',8,'0');
insert into V_VEHICLEINFO (ORG_CODE,VEHICLE_ID,ID_NUMBER,TYPE_ID,TERMINAL_ID,DELETE_FLAG,COLOR_ID_NUMBER_ID,AUTHORIZED_PAY_MASS) values ('B0000802','2201527', '测B03526', 4, 221527, 0, '2',15);

insert into T_SIMINFO (SIM_ID, ORG_CODE, DEPTCODE, STATE,PAY_MODLE, SIM_NUM) values(23528, 'B0000802', '中国移动', 1, '预付费', 13100003527);
insert into T_TERMINALINFO (TERMINAL_ID,TTYPE_ID,SIM_ID,TERMINAL_CODE,ORG_CODE,IS_VIDEO_TERMINAL,SP_SERVER_NAME,PROTOCOL_TYPE,CHANNELS,YT_PROTOCOL_TYPE) values(221528, 4, 23528, '1003527', 'B0000802',1,'1076测试服务器','4',8,'0');
insert into V_VEHICLEINFO (ORG_CODE,VEHICLE_ID,ID_NUMBER,TYPE_ID,TERMINAL_ID,DELETE_FLAG,COLOR_ID_NUMBER_ID,AUTHORIZED_PAY_MASS) values ('B0000802','2201528', '测B03527', 4, 221528, 0, '2',15);

insert into T_SIMINFO (SIM_ID, ORG_CODE, DEPTCODE, STATE,PAY_MODLE, SIM_NUM) values(23529, 'B0000802', '中国移动', 1, '预付费', 13100003528);
insert into T_TERMINALINFO (TERMINAL_ID,TTYPE_ID,SIM_ID,TERMINAL_CODE,ORG_CODE,IS_VIDEO_TERMINAL,SP_SERVER_NAME,PROTOCOL_TYPE,CHANNELS,YT_PROTOCOL_TYPE) values(221529, 4, 23529, '1003528', 'B0000802',1,'1076测试服务器','4',8,'0');
insert into V_VEHICLEINFO (ORG_CODE,VEHICLE_ID,ID_NUMBER,TYPE_ID,TERMINAL_ID,DELETE_FLAG,COLOR_ID_NUMBER_ID,AUTHORIZED_PAY_MASS) values ('B0000802','2201529', '测B03528', 4, 221529, 0, '2',15);

insert into T_SIMINFO (SIM_ID, ORG_CODE, DEPTCODE, STATE,PAY_MODLE, SIM_NUM) values(23530, 'B0000802', '中国移动', 1, '预付费', 13100003529);
insert into T_TERMINALINFO (TERMINAL_ID,TTYPE_ID,SIM_ID,TERMINAL_CODE,ORG_CODE,IS_VIDEO_TERMINAL,SP_SERVER_NAME,PROTOCOL_TYPE,CHANNELS,YT_PROTOCOL_TYPE) values(221530, 4, 23530, '1003529', 'B0000802',1,'1076测试服务器','4',8,'0');
insert into V_VEHICLEINFO (ORG_CODE,VEHICLE_ID,ID_NUMBER,TYPE_ID,TERMINAL_ID,DELETE_FLAG,COLOR_ID_NUMBER_ID,AUTHORIZED_PAY_MASS) values ('B0000802','2201530', '测B03529', 4, 221530, 0, '2',15);

insert into T_SIMINFO (SIM_ID, ORG_CODE, DEPTCODE, STATE,PAY_MODLE, SIM_NUM) values(23531, 'B0000802', '中国移动', 1, '预付费', 13100003530);
insert into T_TERMINALINFO (TERMINAL_ID,TTYPE_ID,SIM_ID,TERMINAL_CODE,ORG_CODE,IS_VIDEO_TERMINAL,SP_SERVER_NAME,PROTOCOL_TYPE,CHANNELS,YT_PROTOCOL_TYPE) values(221531, 4, 23531, '1003530', 'B0000802',1,'1076测试服务器','4',8,'0');
insert into V_VEHICLEINFO (ORG_CODE,VEHICLE_ID,ID_NUMBER,TYPE_ID,TERMINAL_ID,DELETE_FLAG,COLOR_ID_NUMBER_ID,AUTHORIZED_PAY_MASS) values ('B0000802','2201531', '测B03530', 4, 221531, 0, '2',15);

insert into T_SIMINFO (SIM_ID, ORG_CODE, DEPTCODE, STATE,PAY_MODLE, SIM_NUM) values(23532, 'B0000802', '中国移动', 1, '预付费', 13100003531);
insert into T_TERMINALINFO (TERMINAL_ID,TTYPE_ID,SIM_ID,TERMINAL_CODE,ORG_CODE,IS_VIDEO_TERMINAL,SP_SERVER_NAME,PROTOCOL_TYPE,CHANNELS,YT_PROTOCOL_TYPE) values(221532, 4, 23532, '1003531', 'B0000802',1,'1076测试服务器','4',8,'0');
insert into V_VEHICLEINFO (ORG_CODE,VEHICLE_ID,ID_NUMBER,TYPE_ID,TERMINAL_ID,DELETE_FLAG,COLOR_ID_NUMBER_ID,AUTHORIZED_PAY_MASS) values ('B0000802','2201532', '测B03531', 4, 221532, 0, '2',15);

insert into T_SIMINFO (SIM_ID, ORG_CODE, DEPTCODE, STATE,PAY_MODLE, SIM_NUM) values(23533, 'B0000802', '中国移动', 1, '预付费', 13100003532);
insert into T_TERMINALINFO (TERMINAL_ID,TTYPE_ID,SIM_ID,TERMINAL_CODE,ORG_CODE,IS_VIDEO_TERMINAL,SP_SERVER_NAME,PROTOCOL_TYPE,CHANNELS,YT_PROTOCOL_TYPE) values(221533, 4, 23533, '1003532', 'B0000802',1,'1076测试服务器','4',8,'0');
insert into V_VEHICLEINFO (ORG_CODE,VEHICLE_ID,ID_NUMBER,TYPE_ID,TERMINAL_ID,DELETE_FLAG,COLOR_ID_NUMBER_ID,AUTHORIZED_PAY_MASS) values ('B0000802','2201533', '测B03532', 4, 221533, 0, '2',15);

insert into T_SIMINFO (SIM_ID, ORG_CODE, DEPTCODE, STATE,PAY_MODLE, SIM_NUM) values(23534, 'B0000802', '中国移动', 1, '预付费', 13100003533);
insert into T_TERMINALINFO (TERMINAL_ID,TTYPE_ID,SIM_ID,TERMINAL_CODE,ORG_CODE,IS_VIDEO_TERMINAL,SP_SERVER_NAME,PROTOCOL_TYPE,CHANNELS,YT_PROTOCOL_TYPE) values(221534, 4, 23534, '1003533', 'B0000802',1,'1076测试服务器','4',8,'0');
insert into V_VEHICLEINFO (ORG_CODE,VEHICLE_ID,ID_NUMBER,TYPE_ID,TERMINAL_ID,DELETE_FLAG,COLOR_ID_NUMBER_ID,AUTHORIZED_PAY_MASS) values ('B0000802','2201534', '测B03533', 4, 221534, 0, '2',15);

insert into T_SIMINFO (SIM_ID, ORG_CODE, DEPTCODE, STATE,PAY_MODLE, SIM_NUM) values(23535, 'B0000802', '中国移动', 1, '预付费', 13100003534);
insert into T_TERMINALINFO (TERMINAL_ID,TTYPE_ID,SIM_ID,TERMINAL_CODE,ORG_CODE,IS_VIDEO_TERMINAL,SP_SERVER_NAME,PROTOCOL_TYPE,CHANNELS,YT_PROTOCOL_TYPE) values(221535, 4, 23535, '1003534', 'B0000802',1,'1076测试服务器','4',8,'0');
insert into V_VEHICLEINFO (ORG_CODE,VEHICLE_ID,ID_NUMBER,TYPE_ID,TERMINAL_ID,DELETE_FLAG,COLOR_ID_NUMBER_ID,AUTHORIZED_PAY_MASS) values ('B0000802','2201535', '测B03534', 4, 221535, 0, '2',15);

insert into T_SIMINFO (SIM_ID, ORG_CODE, DEPTCODE, STATE,PAY_MODLE, SIM_NUM) values(23536, 'B0000802', '中国移动', 1, '预付费', 13100003535);
insert into T_TERMINALINFO (TERMINAL_ID,TTYPE_ID,SIM_ID,TERMINAL_CODE,ORG_CODE,IS_VIDEO_TERMINAL,SP_SERVER_NAME,PROTOCOL_TYPE,CHANNELS,YT_PROTOCOL_TYPE) values(221536, 4, 23536, '1003535', 'B0000802',1,'1076测试服务器','4',8,'0');
insert into V_VEHICLEINFO (ORG_CODE,VEHICLE_ID,ID_NUMBER,TYPE_ID,TERMINAL_ID,DELETE_FLAG,COLOR_ID_NUMBER_ID,AUTHORIZED_PAY_MASS) values ('B0000802','2201536', '测B03535', 4, 221536, 0, '2',15);

insert into T_SIMINFO (SIM_ID, ORG_CODE, DEPTCODE, STATE,PAY_MODLE, SIM_NUM) values(23537, 'B0000802', '中国移动', 1, '预付费', 13100003536);
insert into T_TERMINALINFO (TERMINAL_ID,TTYPE_ID,SIM_ID,TERMINAL_CODE,ORG_CODE,IS_VIDEO_TERMINAL,SP_SERVER_NAME,PROTOCOL_TYPE,CHANNELS,YT_PROTOCOL_TYPE) values(221537, 4, 23537, '1003536', 'B0000802',1,'1076测试服务器','4',8,'0');
insert into V_VEHICLEINFO (ORG_CODE,VEHICLE_ID,ID_NUMBER,TYPE_ID,TERMINAL_ID,DELETE_FLAG,COLOR_ID_NUMBER_ID,AUTHORIZED_PAY_MASS) values ('B0000802','2201537', '测B03536', 4, 221537, 0, '2',15);

insert into T_SIMINFO (SIM_ID, ORG_CODE, DEPTCODE, STATE,PAY_MODLE, SIM_NUM) values(23538, 'B0000802', '中国移动', 1, '预付费', 13100003537);
insert into T_TERMINALINFO (TERMINAL_ID,TTYPE_ID,SIM_ID,TERMINAL_CODE,ORG_CODE,IS_VIDEO_TERMINAL,SP_SERVER_NAME,PROTOCOL_TYPE,CHANNELS,YT_PROTOCOL_TYPE) values(221538, 4, 23538, '1003537', 'B0000802',1,'1076测试服务器','4',8,'0');
insert into V_VEHICLEINFO (ORG_CODE,VEHICLE_ID,ID_NUMBER,TYPE_ID,TERMINAL_ID,DELETE_FLAG,COLOR_ID_NUMBER_ID,AUTHORIZED_PAY_MASS) values ('B0000802','2201538', '测B03537', 4, 221538, 0, '2',15);

insert into T_SIMINFO (SIM_ID, ORG_CODE, DEPTCODE, STATE,PAY_MODLE, SIM_NUM) values(23539, 'B0000802', '中国移动', 1, '预付费', 13100003538);
insert into T_TERMINALINFO (TERMINAL_ID,TTYPE_ID,SIM_ID,TERMINAL_CODE,ORG_CODE,IS_VIDEO_TERMINAL,SP_SERVER_NAME,PROTOCOL_TYPE,CHANNELS,YT_PROTOCOL_TYPE) values(221539, 4, 23539, '1003538', 'B0000802',1,'1076测试服务器','4',8,'0');
insert into V_VEHICLEINFO (ORG_CODE,VEHICLE_ID,ID_NUMBER,TYPE_ID,TERMINAL_ID,DELETE_FLAG,COLOR_ID_NUMBER_ID,AUTHORIZED_PAY_MASS) values ('B0000802','2201539', '测B03538', 4, 221539, 0, '2',15);

insert into T_SIMINFO (SIM_ID, ORG_CODE, DEPTCODE, STATE,PAY_MODLE, SIM_NUM) values(23540, 'B0000802', '中国移动', 1, '预付费', 13100003539);
insert into T_TERMINALINFO (TERMINAL_ID,TTYPE_ID,SIM_ID,TERMINAL_CODE,ORG_CODE,IS_VIDEO_TERMINAL,SP_SERVER_NAME,PROTOCOL_TYPE,CHANNELS,YT_PROTOCOL_TYPE) values(221540, 4, 23540, '1003539', 'B0000802',1,'1076测试服务器','4',8,'0');
insert into V_VEHICLEINFO (ORG_CODE,VEHICLE_ID,ID_NUMBER,TYPE_ID,TERMINAL_ID,DELETE_FLAG,COLOR_ID_NUMBER_ID,AUTHORIZED_PAY_MASS) values ('B0000802','2201540', '测B03539', 4, 221540, 0, '2',15);

insert into T_SIMINFO (SIM_ID, ORG_CODE, DEPTCODE, STATE,PAY_MODLE, SIM_NUM) values(23541, 'B0000802', '中国移动', 1, '预付费', 13100003540);
insert into T_TERMINALINFO (TERMINAL_ID,TTYPE_ID,SIM_ID,TERMINAL_CODE,ORG_CODE,IS_VIDEO_TERMINAL,SP_SERVER_NAME,PROTOCOL_TYPE,CHANNELS,YT_PROTOCOL_TYPE) values(221541, 4, 23541, '1003540', 'B0000802',1,'1076测试服务器','4',8,'0');
insert into V_VEHICLEINFO (ORG_CODE,VEHICLE_ID,ID_NUMBER,TYPE_ID,TERMINAL_ID,DELETE_FLAG,COLOR_ID_NUMBER_ID,AUTHORIZED_PAY_MASS) values ('B0000802','2201541', '测B03540', 4, 221541, 0, '2',15);

insert into T_SIMINFO (SIM_ID, ORG_CODE, DEPTCODE, STATE,PAY_MODLE, SIM_NUM) values(23542, 'B0000802', '中国移动', 1, '预付费', 13100003541);
insert into T_TERMINALINFO (TERMINAL_ID,TTYPE_ID,SIM_ID,TERMINAL_CODE,ORG_CODE,IS_VIDEO_TERMINAL,SP_SERVER_NAME,PROTOCOL_TYPE,CHANNELS,YT_PROTOCOL_TYPE) values(221542, 4, 23542, '1003541', 'B0000802',1,'1076测试服务器','4',8,'0');
insert into V_VEHICLEINFO (ORG_CODE,VEHICLE_ID,ID_NUMBER,TYPE_ID,TERMINAL_ID,DELETE_FLAG,COLOR_ID_NUMBER_ID,AUTHORIZED_PAY_MASS) values ('B0000802','2201542', '测B03541', 4, 221542, 0, '2',15);

insert into T_SIMINFO (SIM_ID, ORG_CODE, DEPTCODE, STATE,PAY_MODLE, SIM_NUM) values(23543, 'B0000802', '中国移动', 1, '预付费', 13100003542);
insert into T_TERMINALINFO (TERMINAL_ID,TTYPE_ID,SIM_ID,TERMINAL_CODE,ORG_CODE,IS_VIDEO_TERMINAL,SP_SERVER_NAME,PROTOCOL_TYPE,CHANNELS,YT_PROTOCOL_TYPE) values(221543, 4, 23543, '1003542', 'B0000802',1,'1076测试服务器','4',8,'0');
insert into V_VEHICLEINFO (ORG_CODE,VEHICLE_ID,ID_NUMBER,TYPE_ID,TERMINAL_ID,DELETE_FLAG,COLOR_ID_NUMBER_ID,AUTHORIZED_PAY_MASS) values ('B0000802','2201543', '测B03542', 4, 221543, 0, '2',15);

insert into T_SIMINFO (SIM_ID, ORG_CODE, DEPTCODE, STATE,PAY_MODLE, SIM_NUM) values(23544, 'B0000802', '中国移动', 1, '预付费', 13100003543);
insert into T_TERMINALINFO (TERMINAL_ID,TTYPE_ID,SIM_ID,TERMINAL_CODE,ORG_CODE,IS_VIDEO_TERMINAL,SP_SERVER_NAME,PROTOCOL_TYPE,CHANNELS,YT_PROTOCOL_TYPE) values(221544, 4, 23544, '1003543', 'B0000802',1,'1076测试服务器','4',8,'0');
insert into V_VEHICLEINFO (ORG_CODE,VEHICLE_ID,ID_NUMBER,TYPE_ID,TERMINAL_ID,DELETE_FLAG,COLOR_ID_NUMBER_ID,AUTHORIZED_PAY_MASS) values ('B0000802','2201544', '测B03543', 4, 221544, 0, '2',15);

insert into T_SIMINFO (SIM_ID, ORG_CODE, DEPTCODE, STATE,PAY_MODLE, SIM_NUM) values(23545, 'B0000802', '中国移动', 1, '预付费', 13100003544);
insert into T_TERMINALINFO (TERMINAL_ID,TTYPE_ID,SIM_ID,TERMINAL_CODE,ORG_CODE,IS_VIDEO_TERMINAL,SP_SERVER_NAME,PROTOCOL_TYPE,CHANNELS,YT_PROTOCOL_TYPE) values(221545, 4, 23545, '1003544', 'B0000802',1,'1076测试服务器','4',8,'0');
insert into V_VEHICLEINFO (ORG_CODE,VEHICLE_ID,ID_NUMBER,TYPE_ID,TERMINAL_ID,DELETE_FLAG,COLOR_ID_NUMBER_ID,AUTHORIZED_PAY_MASS) values ('B0000802','2201545', '测B03544', 4, 221545, 0, '2',15);

insert into T_SIMINFO (SIM_ID, ORG_CODE, DEPTCODE, STATE,PAY_MODLE, SIM_NUM) values(23546, 'B0000802', '中国移动', 1, '预付费', 13100003545);
insert into T_TERMINALINFO (TERMINAL_ID,TTYPE_ID,SIM_ID,TERMINAL_CODE,ORG_CODE,IS_VIDEO_TERMINAL,SP_SERVER_NAME,PROTOCOL_TYPE,CHANNELS,YT_PROTOCOL_TYPE) values(221546, 4, 23546, '1003545', 'B0000802',1,'1076测试服务器','4',8,'0');
insert into V_VEHICLEINFO (ORG_CODE,VEHICLE_ID,ID_NUMBER,TYPE_ID,TERMINAL_ID,DELETE_FLAG,COLOR_ID_NUMBER_ID,AUTHORIZED_PAY_MASS) values ('B0000802','2201546', '测B03545', 4, 221546, 0, '2',15);

insert into T_SIMINFO (SIM_ID, ORG_CODE, DEPTCODE, STATE,PAY_MODLE, SIM_NUM) values(23547, 'B0000802', '中国移动', 1, '预付费', 13100003546);
insert into T_TERMINALINFO (TERMINAL_ID,TTYPE_ID,SIM_ID,TERMINAL_CODE,ORG_CODE,IS_VIDEO_TERMINAL,SP_SERVER_NAME,PROTOCOL_TYPE,CHANNELS,YT_PROTOCOL_TYPE) values(221547, 4, 23547, '1003546', 'B0000802',1,'1076测试服务器','4',8,'0');
insert into V_VEHICLEINFO (ORG_CODE,VEHICLE_ID,ID_NUMBER,TYPE_ID,TERMINAL_ID,DELETE_FLAG,COLOR_ID_NUMBER_ID,AUTHORIZED_PAY_MASS) values ('B0000802','2201547', '测B03546', 4, 221547, 0, '2',15);

insert into T_SIMINFO (SIM_ID, ORG_CODE, DEPTCODE, STATE,PAY_MODLE, SIM_NUM) values(23548, 'B0000802', '中国移动', 1, '预付费', 13100003547);
insert into T_TERMINALINFO (TERMINAL_ID,TTYPE_ID,SIM_ID,TERMINAL_CODE,ORG_CODE,IS_VIDEO_TERMINAL,SP_SERVER_NAME,PROTOCOL_TYPE,CHANNELS,YT_PROTOCOL_TYPE) values(221548, 4, 23548, '1003547', 'B0000802',1,'1076测试服务器','4',8,'0');
insert into V_VEHICLEINFO (ORG_CODE,VEHICLE_ID,ID_NUMBER,TYPE_ID,TERMINAL_ID,DELETE_FLAG,COLOR_ID_NUMBER_ID,AUTHORIZED_PAY_MASS) values ('B0000802','2201548', '测B03547', 4, 221548, 0, '2',15);

insert into T_SIMINFO (SIM_ID, ORG_CODE, DEPTCODE, STATE,PAY_MODLE, SIM_NUM) values(23549, 'B0000802', '中国移动', 1, '预付费', 13100003548);
insert into T_TERMINALINFO (TERMINAL_ID,TTYPE_ID,SIM_ID,TERMINAL_CODE,ORG_CODE,IS_VIDEO_TERMINAL,SP_SERVER_NAME,PROTOCOL_TYPE,CHANNELS,YT_PROTOCOL_TYPE) values(221549, 4, 23549, '1003548', 'B0000802',1,'1076测试服务器','4',8,'0');
insert into V_VEHICLEINFO (ORG_CODE,VEHICLE_ID,ID_NUMBER,TYPE_ID,TERMINAL_ID,DELETE_FLAG,COLOR_ID_NUMBER_ID,AUTHORIZED_PAY_MASS) values ('B0000802','2201549', '测B03548', 4, 221549, 0, '2',15);

insert into T_SIMINFO (SIM_ID, ORG_CODE, DEPTCODE, STATE,PAY_MODLE, SIM_NUM) values(23550, 'B0000802', '中国移动', 1, '预付费', 13100003549);
insert into T_TERMINALINFO (TERMINAL_ID,TTYPE_ID,SIM_ID,TERMINAL_CODE,ORG_CODE,IS_VIDEO_TERMINAL,SP_SERVER_NAME,PROTOCOL_TYPE,CHANNELS,YT_PROTOCOL_TYPE) values(221550, 4, 23550, '1003549', 'B0000802',1,'1076测试服务器','4',8,'0');
insert into V_VEHICLEINFO (ORG_CODE,VEHICLE_ID,ID_NUMBER,TYPE_ID,TERMINAL_ID,DELETE_FLAG,COLOR_ID_NUMBER_ID,AUTHORIZED_PAY_MASS) values ('B0000802','2201550', '测B03549', 4, 221550, 0, '2',15);

insert into T_SIMINFO (SIM_ID, ORG_CODE, DEPTCODE, STATE,PAY_MODLE, SIM_NUM) values(23551, 'B0000802', '中国移动', 1, '预付费', 13100003550);
insert into T_TERMINALINFO (TERMINAL_ID,TTYPE_ID,SIM_ID,TERMINAL_CODE,ORG_CODE,IS_VIDEO_TERMINAL,SP_SERVER_NAME,PROTOCOL_TYPE,CHANNELS,YT_PROTOCOL_TYPE) values(221551, 4, 23551, '1003550', 'B0000802',1,'1076测试服务器','4',8,'0');
insert into V_VEHICLEINFO (ORG_CODE,VEHICLE_ID,ID_NUMBER,TYPE_ID,TERMINAL_ID,DELETE_FLAG,COLOR_ID_NUMBER_ID,AUTHORIZED_PAY_MASS) values ('B0000802','2201551', '测B03550', 4, 221551, 0, '2',15);

insert into T_SIMINFO (SIM_ID, ORG_CODE, DEPTCODE, STATE,PAY_MODLE, SIM_NUM) values(23552, 'B0000802', '中国移动', 1, '预付费', 13100003551);
insert into T_TERMINALINFO (TERMINAL_ID,TTYPE_ID,SIM_ID,TERMINAL_CODE,ORG_CODE,IS_VIDEO_TERMINAL,SP_SERVER_NAME,PROTOCOL_TYPE,CHANNELS,YT_PROTOCOL_TYPE) values(221552, 4, 23552, '1003551', 'B0000802',1,'1076测试服务器','4',8,'0');
insert into V_VEHICLEINFO (ORG_CODE,VEHICLE_ID,ID_NUMBER,TYPE_ID,TERMINAL_ID,DELETE_FLAG,COLOR_ID_NUMBER_ID,AUTHORIZED_PAY_MASS) values ('B0000802','2201552', '测B03551', 4, 221552, 0, '2',15);

insert into T_SIMINFO (SIM_ID, ORG_CODE, DEPTCODE, STATE,PAY_MODLE, SIM_NUM) values(23553, 'B0000802', '中国移动', 1, '预付费', 13100003552);
insert into T_TERMINALINFO (TERMINAL_ID,TTYPE_ID,SIM_ID,TERMINAL_CODE,ORG_CODE,IS_VIDEO_TERMINAL,SP_SERVER_NAME,PROTOCOL_TYPE,CHANNELS,YT_PROTOCOL_TYPE) values(221553, 4, 23553, '1003552', 'B0000802',1,'1076测试服务器','4',8,'0');
insert into V_VEHICLEINFO (ORG_CODE,VEHICLE_ID,ID_NUMBER,TYPE_ID,TERMINAL_ID,DELETE_FLAG,COLOR_ID_NUMBER_ID,AUTHORIZED_PAY_MASS) values ('B0000802','2201553', '测B03552', 4, 221553, 0, '2',15);

insert into T_SIMINFO (SIM_ID, ORG_CODE, DEPTCODE, STATE,PAY_MODLE, SIM_NUM) values(23554, 'B0000802', '中国移动', 1, '预付费', 13100003553);
insert into T_TERMINALINFO (TERMINAL_ID,TTYPE_ID,SIM_ID,TERMINAL_CODE,ORG_CODE,IS_VIDEO_TERMINAL,SP_SERVER_NAME,PROTOCOL_TYPE,CHANNELS,YT_PROTOCOL_TYPE) values(221554, 4, 23554, '1003553', 'B0000802',1,'1076测试服务器','4',8,'0');
insert into V_VEHICLEINFO (ORG_CODE,VEHICLE_ID,ID_NUMBER,TYPE_ID,TERMINAL_ID,DELETE_FLAG,COLOR_ID_NUMBER_ID,AUTHORIZED_PAY_MASS) values ('B0000802','2201554', '测B03553', 4, 221554, 0, '2',15);

insert into T_SIMINFO (SIM_ID, ORG_CODE, DEPTCODE, STATE,PAY_MODLE, SIM_NUM) values(23555, 'B0000802', '中国移动', 1, '预付费', 13100003554);
insert into T_TERMINALINFO (TERMINAL_ID,TTYPE_ID,SIM_ID,TERMINAL_CODE,ORG_CODE,IS_VIDEO_TERMINAL,SP_SERVER_NAME,PROTOCOL_TYPE,CHANNELS,YT_PROTOCOL_TYPE) values(221555, 4, 23555, '1003554', 'B0000802',1,'1076测试服务器','4',8,'0');
insert into V_VEHICLEINFO (ORG_CODE,VEHICLE_ID,ID_NUMBER,TYPE_ID,TERMINAL_ID,DELETE_FLAG,COLOR_ID_NUMBER_ID,AUTHORIZED_PAY_MASS) values ('B0000802','2201555', '测B03554', 4, 221555, 0, '2',15);

insert into T_SIMINFO (SIM_ID, ORG_CODE, DEPTCODE, STATE,PAY_MODLE, SIM_NUM) values(23556, 'B0000802', '中国移动', 1, '预付费', 13100003555);
insert into T_TERMINALINFO (TERMINAL_ID,TTYPE_ID,SIM_ID,TERMINAL_CODE,ORG_CODE,IS_VIDEO_TERMINAL,SP_SERVER_NAME,PROTOCOL_TYPE,CHANNELS,YT_PROTOCOL_TYPE) values(221556, 4, 23556, '1003555', 'B0000802',1,'1076测试服务器','4',8,'0');
insert into V_VEHICLEINFO (ORG_CODE,VEHICLE_ID,ID_NUMBER,TYPE_ID,TERMINAL_ID,DELETE_FLAG,COLOR_ID_NUMBER_ID,AUTHORIZED_PAY_MASS) values ('B0000802','2201556', '测B03555', 4, 221556, 0, '2',15);

insert into T_SIMINFO (SIM_ID, ORG_CODE, DEPTCODE, STATE,PAY_MODLE, SIM_NUM) values(23557, 'B0000802', '中国移动', 1, '预付费', 13100003556);
insert into T_TERMINALINFO (TERMINAL_ID,TTYPE_ID,SIM_ID,TERMINAL_CODE,ORG_CODE,IS_VIDEO_TERMINAL,SP_SERVER_NAME,PROTOCOL_TYPE,CHANNELS,YT_PROTOCOL_TYPE) values(221557, 4, 23557, '1003556', 'B0000802',1,'1076测试服务器','4',8,'0');
insert into V_VEHICLEINFO (ORG_CODE,VEHICLE_ID,ID_NUMBER,TYPE_ID,TERMINAL_ID,DELETE_FLAG,COLOR_ID_NUMBER_ID,AUTHORIZED_PAY_MASS) values ('B0000802','2201557', '测B03556', 4, 221557, 0, '2',15);

insert into T_SIMINFO (SIM_ID, ORG_CODE, DEPTCODE, STATE,PAY_MODLE, SIM_NUM) values(23558, 'B0000802', '中国移动', 1, '预付费', 13100003557);
insert into T_TERMINALINFO (TERMINAL_ID,TTYPE_ID,SIM_ID,TERMINAL_CODE,ORG_CODE,IS_VIDEO_TERMINAL,SP_SERVER_NAME,PROTOCOL_TYPE,CHANNELS,YT_PROTOCOL_TYPE) values(221558, 4, 23558, '1003557', 'B0000802',1,'1076测试服务器','4',8,'0');
insert into V_VEHICLEINFO (ORG_CODE,VEHICLE_ID,ID_NUMBER,TYPE_ID,TERMINAL_ID,DELETE_FLAG,COLOR_ID_NUMBER_ID,AUTHORIZED_PAY_MASS) values ('B0000802','2201558', '测B03557', 4, 221558, 0, '2',15);

insert into T_SIMINFO (SIM_ID, ORG_CODE, DEPTCODE, STATE,PAY_MODLE, SIM_NUM) values(23559, 'B0000802', '中国移动', 1, '预付费', 13100003558);
insert into T_TERMINALINFO (TERMINAL_ID,TTYPE_ID,SIM_ID,TERMINAL_CODE,ORG_CODE,IS_VIDEO_TERMINAL,SP_SERVER_NAME,PROTOCOL_TYPE,CHANNELS,YT_PROTOCOL_TYPE) values(221559, 4, 23559, '1003558', 'B0000802',1,'1076测试服务器','4',8,'0');
insert into V_VEHICLEINFO (ORG_CODE,VEHICLE_ID,ID_NUMBER,TYPE_ID,TERMINAL_ID,DELETE_FLAG,COLOR_ID_NUMBER_ID,AUTHORIZED_PAY_MASS) values ('B0000802','2201559', '测B03558', 4, 221559, 0, '2',15);

insert into T_SIMINFO (SIM_ID, ORG_CODE, DEPTCODE, STATE,PAY_MODLE, SIM_NUM) values(23560, 'B0000802', '中国移动', 1, '预付费', 13100003559);
insert into T_TERMINALINFO (TERMINAL_ID,TTYPE_ID,SIM_ID,TERMINAL_CODE,ORG_CODE,IS_VIDEO_TERMINAL,SP_SERVER_NAME,PROTOCOL_TYPE,CHANNELS,YT_PROTOCOL_TYPE) values(221560, 4, 23560, '1003559', 'B0000802',1,'1076测试服务器','4',8,'0');
insert into V_VEHICLEINFO (ORG_CODE,VEHICLE_ID,ID_NUMBER,TYPE_ID,TERMINAL_ID,DELETE_FLAG,COLOR_ID_NUMBER_ID,AUTHORIZED_PAY_MASS) values ('B0000802','2201560', '测B03559', 4, 221560, 0, '2',15);

insert into T_SIMINFO (SIM_ID, ORG_CODE, DEPTCODE, STATE,PAY_MODLE, SIM_NUM) values(23561, 'B0000802', '中国移动', 1, '预付费', 13100003560);
insert into T_TERMINALINFO (TERMINAL_ID,TTYPE_ID,SIM_ID,TERMINAL_CODE,ORG_CODE,IS_VIDEO_TERMINAL,SP_SERVER_NAME,PROTOCOL_TYPE,CHANNELS,YT_PROTOCOL_TYPE) values(221561, 4, 23561, '1003560', 'B0000802',1,'1076测试服务器','4',8,'0');
insert into V_VEHICLEINFO (ORG_CODE,VEHICLE_ID,ID_NUMBER,TYPE_ID,TERMINAL_ID,DELETE_FLAG,COLOR_ID_NUMBER_ID,AUTHORIZED_PAY_MASS) values ('B0000802','2201561', '测B03560', 4, 221561, 0, '2',15);

insert into T_SIMINFO (SIM_ID, ORG_CODE, DEPTCODE, STATE,PAY_MODLE, SIM_NUM) values(23562, 'B0000802', '中国移动', 1, '预付费', 13100003561);
insert into T_TERMINALINFO (TERMINAL_ID,TTYPE_ID,SIM_ID,TERMINAL_CODE,ORG_CODE,IS_VIDEO_TERMINAL,SP_SERVER_NAME,PROTOCOL_TYPE,CHANNELS,YT_PROTOCOL_TYPE) values(221562, 4, 23562, '1003561', 'B0000802',1,'1076测试服务器','4',8,'0');
insert into V_VEHICLEINFO (ORG_CODE,VEHICLE_ID,ID_NUMBER,TYPE_ID,TERMINAL_ID,DELETE_FLAG,COLOR_ID_NUMBER_ID,AUTHORIZED_PAY_MASS) values ('B0000802','2201562', '测B03561', 4, 221562, 0, '2',15);

insert into T_SIMINFO (SIM_ID, ORG_CODE, DEPTCODE, STATE,PAY_MODLE, SIM_NUM) values(23563, 'B0000802', '中国移动', 1, '预付费', 13100003562);
insert into T_TERMINALINFO (TERMINAL_ID,TTYPE_ID,SIM_ID,TERMINAL_CODE,ORG_CODE,IS_VIDEO_TERMINAL,SP_SERVER_NAME,PROTOCOL_TYPE,CHANNELS,YT_PROTOCOL_TYPE) values(221563, 4, 23563, '1003562', 'B0000802',1,'1076测试服务器','4',8,'0');
insert into V_VEHICLEINFO (ORG_CODE,VEHICLE_ID,ID_NUMBER,TYPE_ID,TERMINAL_ID,DELETE_FLAG,COLOR_ID_NUMBER_ID,AUTHORIZED_PAY_MASS) values ('B0000802','2201563', '测B03562', 4, 221563, 0, '2',15);

insert into T_SIMINFO (SIM_ID, ORG_CODE, DEPTCODE, STATE,PAY_MODLE, SIM_NUM) values(23564, 'B0000802', '中国移动', 1, '预付费', 13100003563);
insert into T_TERMINALINFO (TERMINAL_ID,TTYPE_ID,SIM_ID,TERMINAL_CODE,ORG_CODE,IS_VIDEO_TERMINAL,SP_SERVER_NAME,PROTOCOL_TYPE,CHANNELS,YT_PROTOCOL_TYPE) values(221564, 4, 23564, '1003563', 'B0000802',1,'1076测试服务器','4',8,'0');
insert into V_VEHICLEINFO (ORG_CODE,VEHICLE_ID,ID_NUMBER,TYPE_ID,TERMINAL_ID,DELETE_FLAG,COLOR_ID_NUMBER_ID,AUTHORIZED_PAY_MASS) values ('B0000802','2201564', '测B03563', 4, 221564, 0, '2',15);

insert into T_SIMINFO (SIM_ID, ORG_CODE, DEPTCODE, STATE,PAY_MODLE, SIM_NUM) values(23565, 'B0000802', '中国移动', 1, '预付费', 13100003564);
insert into T_TERMINALINFO (TERMINAL_ID,TTYPE_ID,SIM_ID,TERMINAL_CODE,ORG_CODE,IS_VIDEO_TERMINAL,SP_SERVER_NAME,PROTOCOL_TYPE,CHANNELS,YT_PROTOCOL_TYPE) values(221565, 4, 23565, '1003564', 'B0000802',1,'1076测试服务器','4',8,'0');
insert into V_VEHICLEINFO (ORG_CODE,VEHICLE_ID,ID_NUMBER,TYPE_ID,TERMINAL_ID,DELETE_FLAG,COLOR_ID_NUMBER_ID,AUTHORIZED_PAY_MASS) values ('B0000802','2201565', '测B03564', 4, 221565, 0, '2',15);

insert into T_SIMINFO (SIM_ID, ORG_CODE, DEPTCODE, STATE,PAY_MODLE, SIM_NUM) values(23566, 'B0000802', '中国移动', 1, '预付费', 13100003565);
insert into T_TERMINALINFO (TERMINAL_ID,TTYPE_ID,SIM_ID,TERMINAL_CODE,ORG_CODE,IS_VIDEO_TERMINAL,SP_SERVER_NAME,PROTOCOL_TYPE,CHANNELS,YT_PROTOCOL_TYPE) values(221566, 4, 23566, '1003565', 'B0000802',1,'1076测试服务器','4',8,'0');
insert into V_VEHICLEINFO (ORG_CODE,VEHICLE_ID,ID_NUMBER,TYPE_ID,TERMINAL_ID,DELETE_FLAG,COLOR_ID_NUMBER_ID,AUTHORIZED_PAY_MASS) values ('B0000802','2201566', '测B03565', 4, 221566, 0, '2',15);

insert into T_SIMINFO (SIM_ID, ORG_CODE, DEPTCODE, STATE,PAY_MODLE, SIM_NUM) values(23567, 'B0000802', '中国移动', 1, '预付费', 13100003566);
insert into T_TERMINALINFO (TERMINAL_ID,TTYPE_ID,SIM_ID,TERMINAL_CODE,ORG_CODE,IS_VIDEO_TERMINAL,SP_SERVER_NAME,PROTOCOL_TYPE,CHANNELS,YT_PROTOCOL_TYPE) values(221567, 4, 23567, '1003566', 'B0000802',1,'1076测试服务器','4',8,'0');
insert into V_VEHICLEINFO (ORG_CODE,VEHICLE_ID,ID_NUMBER,TYPE_ID,TERMINAL_ID,DELETE_FLAG,COLOR_ID_NUMBER_ID,AUTHORIZED_PAY_MASS) values ('B0000802','2201567', '测B03566', 4, 221567, 0, '2',15);

insert into T_SIMINFO (SIM_ID, ORG_CODE, DEPTCODE, STATE,PAY_MODLE, SIM_NUM) values(23568, 'B0000802', '中国移动', 1, '预付费', 13100003567);
insert into T_TERMINALINFO (TERMINAL_ID,TTYPE_ID,SIM_ID,TERMINAL_CODE,ORG_CODE,IS_VIDEO_TERMINAL,SP_SERVER_NAME,PROTOCOL_TYPE,CHANNELS,YT_PROTOCOL_TYPE) values(221568, 4, 23568, '1003567', 'B0000802',1,'1076测试服务器','4',8,'0');
insert into V_VEHICLEINFO (ORG_CODE,VEHICLE_ID,ID_NUMBER,TYPE_ID,TERMINAL_ID,DELETE_FLAG,COLOR_ID_NUMBER_ID,AUTHORIZED_PAY_MASS) values ('B0000802','2201568', '测B03567', 4, 221568, 0, '2',15);

insert into T_SIMINFO (SIM_ID, ORG_CODE, DEPTCODE, STATE,PAY_MODLE, SIM_NUM) values(23569, 'B0000802', '中国移动', 1, '预付费', 13100003568);
insert into T_TERMINALINFO (TERMINAL_ID,TTYPE_ID,SIM_ID,TERMINAL_CODE,ORG_CODE,IS_VIDEO_TERMINAL,SP_SERVER_NAME,PROTOCOL_TYPE,CHANNELS,YT_PROTOCOL_TYPE) values(221569, 4, 23569, '1003568', 'B0000802',1,'1076测试服务器','4',8,'0');
insert into V_VEHICLEINFO (ORG_CODE,VEHICLE_ID,ID_NUMBER,TYPE_ID,TERMINAL_ID,DELETE_FLAG,COLOR_ID_NUMBER_ID,AUTHORIZED_PAY_MASS) values ('B0000802','2201569', '测B03568', 4, 221569, 0, '2',15);

insert into T_SIMINFO (SIM_ID, ORG_CODE, DEPTCODE, STATE,PAY_MODLE, SIM_NUM) values(23570, 'B0000802', '中国移动', 1, '预付费', 13100003569);
insert into T_TERMINALINFO (TERMINAL_ID,TTYPE_ID,SIM_ID,TERMINAL_CODE,ORG_CODE,IS_VIDEO_TERMINAL,SP_SERVER_NAME,PROTOCOL_TYPE,CHANNELS,YT_PROTOCOL_TYPE) values(221570, 4, 23570, '1003569', 'B0000802',1,'1076测试服务器','4',8,'0');
insert into V_VEHICLEINFO (ORG_CODE,VEHICLE_ID,ID_NUMBER,TYPE_ID,TERMINAL_ID,DELETE_FLAG,COLOR_ID_NUMBER_ID,AUTHORIZED_PAY_MASS) values ('B0000802','2201570', '测B03569', 4, 221570, 0, '2',15);

insert into T_SIMINFO (SIM_ID, ORG_CODE, DEPTCODE, STATE,PAY_MODLE, SIM_NUM) values(23571, 'B0000802', '中国移动', 1, '预付费', 13100003570);
insert into T_TERMINALINFO (TERMINAL_ID,TTYPE_ID,SIM_ID,TERMINAL_CODE,ORG_CODE,IS_VIDEO_TERMINAL,SP_SERVER_NAME,PROTOCOL_TYPE,CHANNELS,YT_PROTOCOL_TYPE) values(221571, 4, 23571, '1003570', 'B0000802',1,'1076测试服务器','4',8,'0');
insert into V_VEHICLEINFO (ORG_CODE,VEHICLE_ID,ID_NUMBER,TYPE_ID,TERMINAL_ID,DELETE_FLAG,COLOR_ID_NUMBER_ID,AUTHORIZED_PAY_MASS) values ('B0000802','2201571', '测B03570', 4, 221571, 0, '2',15);

insert into T_SIMINFO (SIM_ID, ORG_CODE, DEPTCODE, STATE,PAY_MODLE, SIM_NUM) values(23572, 'B0000802', '中国移动', 1, '预付费', 13100003571);
insert into T_TERMINALINFO (TERMINAL_ID,TTYPE_ID,SIM_ID,TERMINAL_CODE,ORG_CODE,IS_VIDEO_TERMINAL,SP_SERVER_NAME,PROTOCOL_TYPE,CHANNELS,YT_PROTOCOL_TYPE) values(221572, 4, 23572, '1003571', 'B0000802',1,'1076测试服务器','4',8,'0');
insert into V_VEHICLEINFO (ORG_CODE,VEHICLE_ID,ID_NUMBER,TYPE_ID,TERMINAL_ID,DELETE_FLAG,COLOR_ID_NUMBER_ID,AUTHORIZED_PAY_MASS) values ('B0000802','2201572', '测B03571', 4, 221572, 0, '2',15);

insert into T_SIMINFO (SIM_ID, ORG_CODE, DEPTCODE, STATE,PAY_MODLE, SIM_NUM) values(23573, 'B0000802', '中国移动', 1, '预付费', 13100003572);
insert into T_TERMINALINFO (TERMINAL_ID,TTYPE_ID,SIM_ID,TERMINAL_CODE,ORG_CODE,IS_VIDEO_TERMINAL,SP_SERVER_NAME,PROTOCOL_TYPE,CHANNELS,YT_PROTOCOL_TYPE) values(221573, 4, 23573, '1003572', 'B0000802',1,'1076测试服务器','4',8,'0');
insert into V_VEHICLEINFO (ORG_CODE,VEHICLE_ID,ID_NUMBER,TYPE_ID,TERMINAL_ID,DELETE_FLAG,COLOR_ID_NUMBER_ID,AUTHORIZED_PAY_MASS) values ('B0000802','2201573', '测B03572', 4, 221573, 0, '2',15);

insert into T_SIMINFO (SIM_ID, ORG_CODE, DEPTCODE, STATE,PAY_MODLE, SIM_NUM) values(23574, 'B0000802', '中国移动', 1, '预付费', 13100003573);
insert into T_TERMINALINFO (TERMINAL_ID,TTYPE_ID,SIM_ID,TERMINAL_CODE,ORG_CODE,IS_VIDEO_TERMINAL,SP_SERVER_NAME,PROTOCOL_TYPE,CHANNELS,YT_PROTOCOL_TYPE) values(221574, 4, 23574, '1003573', 'B0000802',1,'1076测试服务器','4',8,'0');
insert into V_VEHICLEINFO (ORG_CODE,VEHICLE_ID,ID_NUMBER,TYPE_ID,TERMINAL_ID,DELETE_FLAG,COLOR_ID_NUMBER_ID,AUTHORIZED_PAY_MASS) values ('B0000802','2201574', '测B03573', 4, 221574, 0, '2',15);

insert into T_SIMINFO (SIM_ID, ORG_CODE, DEPTCODE, STATE,PAY_MODLE, SIM_NUM) values(23575, 'B0000802', '中国移动', 1, '预付费', 13100003574);
insert into T_TERMINALINFO (TERMINAL_ID,TTYPE_ID,SIM_ID,TERMINAL_CODE,ORG_CODE,IS_VIDEO_TERMINAL,SP_SERVER_NAME,PROTOCOL_TYPE,CHANNELS,YT_PROTOCOL_TYPE) values(221575, 4, 23575, '1003574', 'B0000802',1,'1076测试服务器','4',8,'0');
insert into V_VEHICLEINFO (ORG_CODE,VEHICLE_ID,ID_NUMBER,TYPE_ID,TERMINAL_ID,DELETE_FLAG,COLOR_ID_NUMBER_ID,AUTHORIZED_PAY_MASS) values ('B0000802','2201575', '测B03574', 4, 221575, 0, '2',15);

insert into T_SIMINFO (SIM_ID, ORG_CODE, DEPTCODE, STATE,PAY_MODLE, SIM_NUM) values(23576, 'B0000802', '中国移动', 1, '预付费', 13100003575);
insert into T_TERMINALINFO (TERMINAL_ID,TTYPE_ID,SIM_ID,TERMINAL_CODE,ORG_CODE,IS_VIDEO_TERMINAL,SP_SERVER_NAME,PROTOCOL_TYPE,CHANNELS,YT_PROTOCOL_TYPE) values(221576, 4, 23576, '1003575', 'B0000802',1,'1076测试服务器','4',8,'0');
insert into V_VEHICLEINFO (ORG_CODE,VEHICLE_ID,ID_NUMBER,TYPE_ID,TERMINAL_ID,DELETE_FLAG,COLOR_ID_NUMBER_ID,AUTHORIZED_PAY_MASS) values ('B0000802','2201576', '测B03575', 4, 221576, 0, '2',15);

insert into T_SIMINFO (SIM_ID, ORG_CODE, DEPTCODE, STATE,PAY_MODLE, SIM_NUM) values(23577, 'B0000802', '中国移动', 1, '预付费', 13100003576);
insert into T_TERMINALINFO (TERMINAL_ID,TTYPE_ID,SIM_ID,TERMINAL_CODE,ORG_CODE,IS_VIDEO_TERMINAL,SP_SERVER_NAME,PROTOCOL_TYPE,CHANNELS,YT_PROTOCOL_TYPE) values(221577, 4, 23577, '1003576', 'B0000802',1,'1076测试服务器','4',8,'0');
insert into V_VEHICLEINFO (ORG_CODE,VEHICLE_ID,ID_NUMBER,TYPE_ID,TERMINAL_ID,DELETE_FLAG,COLOR_ID_NUMBER_ID,AUTHORIZED_PAY_MASS) values ('B0000802','2201577', '测B03576', 4, 221577, 0, '2',15);

insert into T_SIMINFO (SIM_ID, ORG_CODE, DEPTCODE, STATE,PAY_MODLE, SIM_NUM) values(23578, 'B0000802', '中国移动', 1, '预付费', 13100003577);
insert into T_TERMINALINFO (TERMINAL_ID,TTYPE_ID,SIM_ID,TERMINAL_CODE,ORG_CODE,IS_VIDEO_TERMINAL,SP_SERVER_NAME,PROTOCOL_TYPE,CHANNELS,YT_PROTOCOL_TYPE) values(221578, 4, 23578, '1003577', 'B0000802',1,'1076测试服务器','4',8,'0');
insert into V_VEHICLEINFO (ORG_CODE,VEHICLE_ID,ID_NUMBER,TYPE_ID,TERMINAL_ID,DELETE_FLAG,COLOR_ID_NUMBER_ID,AUTHORIZED_PAY_MASS) values ('B0000802','2201578', '测B03577', 4, 221578, 0, '2',15);

insert into T_SIMINFO (SIM_ID, ORG_CODE, DEPTCODE, STATE,PAY_MODLE, SIM_NUM) values(23579, 'B0000802', '中国移动', 1, '预付费', 13100003578);
insert into T_TERMINALINFO (TERMINAL_ID,TTYPE_ID,SIM_ID,TERMINAL_CODE,ORG_CODE,IS_VIDEO_TERMINAL,SP_SERVER_NAME,PROTOCOL_TYPE,CHANNELS,YT_PROTOCOL_TYPE) values(221579, 4, 23579, '1003578', 'B0000802',1,'1076测试服务器','4',8,'0');
insert into V_VEHICLEINFO (ORG_CODE,VEHICLE_ID,ID_NUMBER,TYPE_ID,TERMINAL_ID,DELETE_FLAG,COLOR_ID_NUMBER_ID,AUTHORIZED_PAY_MASS) values ('B0000802','2201579', '测B03578', 4, 221579, 0, '2',15);

insert into T_SIMINFO (SIM_ID, ORG_CODE, DEPTCODE, STATE,PAY_MODLE, SIM_NUM) values(23580, 'B0000802', '中国移动', 1, '预付费', 13100003579);
insert into T_TERMINALINFO (TERMINAL_ID,TTYPE_ID,SIM_ID,TERMINAL_CODE,ORG_CODE,IS_VIDEO_TERMINAL,SP_SERVER_NAME,PROTOCOL_TYPE,CHANNELS,YT_PROTOCOL_TYPE) values(221580, 4, 23580, '1003579', 'B0000802',1,'1076测试服务器','4',8,'0');
insert into V_VEHICLEINFO (ORG_CODE,VEHICLE_ID,ID_NUMBER,TYPE_ID,TERMINAL_ID,DELETE_FLAG,COLOR_ID_NUMBER_ID,AUTHORIZED_PAY_MASS) values ('B0000802','2201580', '测B03579', 4, 221580, 0, '2',15);

insert into T_SIMINFO (SIM_ID, ORG_CODE, DEPTCODE, STATE,PAY_MODLE, SIM_NUM) values(23581, 'B0000802', '中国移动', 1, '预付费', 13100003580);
insert into T_TERMINALINFO (TERMINAL_ID,TTYPE_ID,SIM_ID,TERMINAL_CODE,ORG_CODE,IS_VIDEO_TERMINAL,SP_SERVER_NAME,PROTOCOL_TYPE,CHANNELS,YT_PROTOCOL_TYPE) values(221581, 4, 23581, '1003580', 'B0000802',1,'1076测试服务器','4',8,'0');
insert into V_VEHICLEINFO (ORG_CODE,VEHICLE_ID,ID_NUMBER,TYPE_ID,TERMINAL_ID,DELETE_FLAG,COLOR_ID_NUMBER_ID,AUTHORIZED_PAY_MASS) values ('B0000802','2201581', '测B03580', 4, 221581, 0, '2',15);

insert into T_SIMINFO (SIM_ID, ORG_CODE, DEPTCODE, STATE,PAY_MODLE, SIM_NUM) values(23582, 'B0000802', '中国移动', 1, '预付费', 13100003581);
insert into T_TERMINALINFO (TERMINAL_ID,TTYPE_ID,SIM_ID,TERMINAL_CODE,ORG_CODE,IS_VIDEO_TERMINAL,SP_SERVER_NAME,PROTOCOL_TYPE,CHANNELS,YT_PROTOCOL_TYPE) values(221582, 4, 23582, '1003581', 'B0000802',1,'1076测试服务器','4',8,'0');
insert into V_VEHICLEINFO (ORG_CODE,VEHICLE_ID,ID_NUMBER,TYPE_ID,TERMINAL_ID,DELETE_FLAG,COLOR_ID_NUMBER_ID,AUTHORIZED_PAY_MASS) values ('B0000802','2201582', '测B03581', 4, 221582, 0, '2',15);

insert into T_SIMINFO (SIM_ID, ORG_CODE, DEPTCODE, STATE,PAY_MODLE, SIM_NUM) values(23583, 'B0000802', '中国移动', 1, '预付费', 13100003582);
insert into T_TERMINALINFO (TERMINAL_ID,TTYPE_ID,SIM_ID,TERMINAL_CODE,ORG_CODE,IS_VIDEO_TERMINAL,SP_SERVER_NAME,PROTOCOL_TYPE,CHANNELS,YT_PROTOCOL_TYPE) values(221583, 4, 23583, '1003582', 'B0000802',1,'1076测试服务器','4',8,'0');
insert into V_VEHICLEINFO (ORG_CODE,VEHICLE_ID,ID_NUMBER,TYPE_ID,TERMINAL_ID,DELETE_FLAG,COLOR_ID_NUMBER_ID,AUTHORIZED_PAY_MASS) values ('B0000802','2201583', '测B03582', 4, 221583, 0, '2',15);

insert into T_SIMINFO (SIM_ID, ORG_CODE, DEPTCODE, STATE,PAY_MODLE, SIM_NUM) values(23584, 'B0000802', '中国移动', 1, '预付费', 13100003583);
insert into T_TERMINALINFO (TERMINAL_ID,TTYPE_ID,SIM_ID,TERMINAL_CODE,ORG_CODE,IS_VIDEO_TERMINAL,SP_SERVER_NAME,PROTOCOL_TYPE,CHANNELS,YT_PROTOCOL_TYPE) values(221584, 4, 23584, '1003583', 'B0000802',1,'1076测试服务器','4',8,'0');
insert into V_VEHICLEINFO (ORG_CODE,VEHICLE_ID,ID_NUMBER,TYPE_ID,TERMINAL_ID,DELETE_FLAG,COLOR_ID_NUMBER_ID,AUTHORIZED_PAY_MASS) values ('B0000802','2201584', '测B03583', 4, 221584, 0, '2',15);

insert into T_SIMINFO (SIM_ID, ORG_CODE, DEPTCODE, STATE,PAY_MODLE, SIM_NUM) values(23585, 'B0000802', '中国移动', 1, '预付费', 13100003584);
insert into T_TERMINALINFO (TERMINAL_ID,TTYPE_ID,SIM_ID,TERMINAL_CODE,ORG_CODE,IS_VIDEO_TERMINAL,SP_SERVER_NAME,PROTOCOL_TYPE,CHANNELS,YT_PROTOCOL_TYPE) values(221585, 4, 23585, '1003584', 'B0000802',1,'1076测试服务器','4',8,'0');
insert into V_VEHICLEINFO (ORG_CODE,VEHICLE_ID,ID_NUMBER,TYPE_ID,TERMINAL_ID,DELETE_FLAG,COLOR_ID_NUMBER_ID,AUTHORIZED_PAY_MASS) values ('B0000802','2201585', '测B03584', 4, 221585, 0, '2',15);

insert into T_SIMINFO (SIM_ID, ORG_CODE, DEPTCODE, STATE,PAY_MODLE, SIM_NUM) values(23586, 'B0000802', '中国移动', 1, '预付费', 13100003585);
insert into T_TERMINALINFO (TERMINAL_ID,TTYPE_ID,SIM_ID,TERMINAL_CODE,ORG_CODE,IS_VIDEO_TERMINAL,SP_SERVER_NAME,PROTOCOL_TYPE,CHANNELS,YT_PROTOCOL_TYPE) values(221586, 4, 23586, '1003585', 'B0000802',1,'1076测试服务器','4',8,'0');
insert into V_VEHICLEINFO (ORG_CODE,VEHICLE_ID,ID_NUMBER,TYPE_ID,TERMINAL_ID,DELETE_FLAG,COLOR_ID_NUMBER_ID,AUTHORIZED_PAY_MASS) values ('B0000802','2201586', '测B03585', 4, 221586, 0, '2',15);

insert into T_SIMINFO (SIM_ID, ORG_CODE, DEPTCODE, STATE,PAY_MODLE, SIM_NUM) values(23587, 'B0000802', '中国移动', 1, '预付费', 13100003586);
insert into T_TERMINALINFO (TERMINAL_ID,TTYPE_ID,SIM_ID,TERMINAL_CODE,ORG_CODE,IS_VIDEO_TERMINAL,SP_SERVER_NAME,PROTOCOL_TYPE,CHANNELS,YT_PROTOCOL_TYPE) values(221587, 4, 23587, '1003586', 'B0000802',1,'1076测试服务器','4',8,'0');
insert into V_VEHICLEINFO (ORG_CODE,VEHICLE_ID,ID_NUMBER,TYPE_ID,TERMINAL_ID,DELETE_FLAG,COLOR_ID_NUMBER_ID,AUTHORIZED_PAY_MASS) values ('B0000802','2201587', '测B03586', 4, 221587, 0, '2',15);

insert into T_SIMINFO (SIM_ID, ORG_CODE, DEPTCODE, STATE,PAY_MODLE, SIM_NUM) values(23588, 'B0000802', '中国移动', 1, '预付费', 13100003587);
insert into T_TERMINALINFO (TERMINAL_ID,TTYPE_ID,SIM_ID,TERMINAL_CODE,ORG_CODE,IS_VIDEO_TERMINAL,SP_SERVER_NAME,PROTOCOL_TYPE,CHANNELS,YT_PROTOCOL_TYPE) values(221588, 4, 23588, '1003587', 'B0000802',1,'1076测试服务器','4',8,'0');
insert into V_VEHICLEINFO (ORG_CODE,VEHICLE_ID,ID_NUMBER,TYPE_ID,TERMINAL_ID,DELETE_FLAG,COLOR_ID_NUMBER_ID,AUTHORIZED_PAY_MASS) values ('B0000802','2201588', '测B03587', 4, 221588, 0, '2',15);

insert into T_SIMINFO (SIM_ID, ORG_CODE, DEPTCODE, STATE,PAY_MODLE, SIM_NUM) values(23589, 'B0000802', '中国移动', 1, '预付费', 13100003588);
insert into T_TERMINALINFO (TERMINAL_ID,TTYPE_ID,SIM_ID,TERMINAL_CODE,ORG_CODE,IS_VIDEO_TERMINAL,SP_SERVER_NAME,PROTOCOL_TYPE,CHANNELS,YT_PROTOCOL_TYPE) values(221589, 4, 23589, '1003588', 'B0000802',1,'1076测试服务器','4',8,'0');
insert into V_VEHICLEINFO (ORG_CODE,VEHICLE_ID,ID_NUMBER,TYPE_ID,TERMINAL_ID,DELETE_FLAG,COLOR_ID_NUMBER_ID,AUTHORIZED_PAY_MASS) values ('B0000802','2201589', '测B03588', 4, 221589, 0, '2',15);

insert into T_SIMINFO (SIM_ID, ORG_CODE, DEPTCODE, STATE,PAY_MODLE, SIM_NUM) values(23590, 'B0000802', '中国移动', 1, '预付费', 13100003589);
insert into T_TERMINALINFO (TERMINAL_ID,TTYPE_ID,SIM_ID,TERMINAL_CODE,ORG_CODE,IS_VIDEO_TERMINAL,SP_SERVER_NAME,PROTOCOL_TYPE,CHANNELS,YT_PROTOCOL_TYPE) values(221590, 4, 23590, '1003589', 'B0000802',1,'1076测试服务器','4',8,'0');
insert into V_VEHICLEINFO (ORG_CODE,VEHICLE_ID,ID_NUMBER,TYPE_ID,TERMINAL_ID,DELETE_FLAG,COLOR_ID_NUMBER_ID,AUTHORIZED_PAY_MASS) values ('B0000802','2201590', '测B03589', 4, 221590, 0, '2',15);

insert into T_SIMINFO (SIM_ID, ORG_CODE, DEPTCODE, STATE,PAY_MODLE, SIM_NUM) values(23591, 'B0000802', '中国移动', 1, '预付费', 13100003590);
insert into T_TERMINALINFO (TERMINAL_ID,TTYPE_ID,SIM_ID,TERMINAL_CODE,ORG_CODE,IS_VIDEO_TERMINAL,SP_SERVER_NAME,PROTOCOL_TYPE,CHANNELS,YT_PROTOCOL_TYPE) values(221591, 4, 23591, '1003590', 'B0000802',1,'1076测试服务器','4',8,'0');
insert into V_VEHICLEINFO (ORG_CODE,VEHICLE_ID,ID_NUMBER,TYPE_ID,TERMINAL_ID,DELETE_FLAG,COLOR_ID_NUMBER_ID,AUTHORIZED_PAY_MASS) values ('B0000802','2201591', '测B03590', 4, 221591, 0, '2',15);

insert into T_SIMINFO (SIM_ID, ORG_CODE, DEPTCODE, STATE,PAY_MODLE, SIM_NUM) values(23592, 'B0000802', '中国移动', 1, '预付费', 13100003591);
insert into T_TERMINALINFO (TERMINAL_ID,TTYPE_ID,SIM_ID,TERMINAL_CODE,ORG_CODE,IS_VIDEO_TERMINAL,SP_SERVER_NAME,PROTOCOL_TYPE,CHANNELS,YT_PROTOCOL_TYPE) values(221592, 4, 23592, '1003591', 'B0000802',1,'1076测试服务器','4',8,'0');
insert into V_VEHICLEINFO (ORG_CODE,VEHICLE_ID,ID_NUMBER,TYPE_ID,TERMINAL_ID,DELETE_FLAG,COLOR_ID_NUMBER_ID,AUTHORIZED_PAY_MASS) values ('B0000802','2201592', '测B03591', 4, 221592, 0, '2',15);

insert into T_SIMINFO (SIM_ID, ORG_CODE, DEPTCODE, STATE,PAY_MODLE, SIM_NUM) values(23593, 'B0000802', '中国移动', 1, '预付费', 13100003592);
insert into T_TERMINALINFO (TERMINAL_ID,TTYPE_ID,SIM_ID,TERMINAL_CODE,ORG_CODE,IS_VIDEO_TERMINAL,SP_SERVER_NAME,PROTOCOL_TYPE,CHANNELS,YT_PROTOCOL_TYPE) values(221593, 4, 23593, '1003592', 'B0000802',1,'1076测试服务器','4',8,'0');
insert into V_VEHICLEINFO (ORG_CODE,VEHICLE_ID,ID_NUMBER,TYPE_ID,TERMINAL_ID,DELETE_FLAG,COLOR_ID_NUMBER_ID,AUTHORIZED_PAY_MASS) values ('B0000802','2201593', '测B03592', 4, 221593, 0, '2',15);

insert into T_SIMINFO (SIM_ID, ORG_CODE, DEPTCODE, STATE,PAY_MODLE, SIM_NUM) values(23594, 'B0000802', '中国移动', 1, '预付费', 13100003593);
insert into T_TERMINALINFO (TERMINAL_ID,TTYPE_ID,SIM_ID,TERMINAL_CODE,ORG_CODE,IS_VIDEO_TERMINAL,SP_SERVER_NAME,PROTOCOL_TYPE,CHANNELS,YT_PROTOCOL_TYPE) values(221594, 4, 23594, '1003593', 'B0000802',1,'1076测试服务器','4',8,'0');
insert into V_VEHICLEINFO (ORG_CODE,VEHICLE_ID,ID_NUMBER,TYPE_ID,TERMINAL_ID,DELETE_FLAG,COLOR_ID_NUMBER_ID,AUTHORIZED_PAY_MASS) values ('B0000802','2201594', '测B03593', 4, 221594, 0, '2',15);

insert into T_SIMINFO (SIM_ID, ORG_CODE, DEPTCODE, STATE,PAY_MODLE, SIM_NUM) values(23595, 'B0000802', '中国移动', 1, '预付费', 13100003594);
insert into T_TERMINALINFO (TERMINAL_ID,TTYPE_ID,SIM_ID,TERMINAL_CODE,ORG_CODE,IS_VIDEO_TERMINAL,SP_SERVER_NAME,PROTOCOL_TYPE,CHANNELS,YT_PROTOCOL_TYPE) values(221595, 4, 23595, '1003594', 'B0000802',1,'1076测试服务器','4',8,'0');
insert into V_VEHICLEINFO (ORG_CODE,VEHICLE_ID,ID_NUMBER,TYPE_ID,TERMINAL_ID,DELETE_FLAG,COLOR_ID_NUMBER_ID,AUTHORIZED_PAY_MASS) values ('B0000802','2201595', '测B03594', 4, 221595, 0, '2',15);

insert into T_SIMINFO (SIM_ID, ORG_CODE, DEPTCODE, STATE,PAY_MODLE, SIM_NUM) values(23596, 'B0000802', '中国移动', 1, '预付费', 13100003595);
insert into T_TERMINALINFO (TERMINAL_ID,TTYPE_ID,SIM_ID,TERMINAL_CODE,ORG_CODE,IS_VIDEO_TERMINAL,SP_SERVER_NAME,PROTOCOL_TYPE,CHANNELS,YT_PROTOCOL_TYPE) values(221596, 4, 23596, '1003595', 'B0000802',1,'1076测试服务器','4',8,'0');
insert into V_VEHICLEINFO (ORG_CODE,VEHICLE_ID,ID_NUMBER,TYPE_ID,TERMINAL_ID,DELETE_FLAG,COLOR_ID_NUMBER_ID,AUTHORIZED_PAY_MASS) values ('B0000802','2201596', '测B03595', 4, 221596, 0, '2',15);

insert into T_SIMINFO (SIM_ID, ORG_CODE, DEPTCODE, STATE,PAY_MODLE, SIM_NUM) values(23597, 'B0000802', '中国移动', 1, '预付费', 13100003596);
insert into T_TERMINALINFO (TERMINAL_ID,TTYPE_ID,SIM_ID,TERMINAL_CODE,ORG_CODE,IS_VIDEO_TERMINAL,SP_SERVER_NAME,PROTOCOL_TYPE,CHANNELS,YT_PROTOCOL_TYPE) values(221597, 4, 23597, '1003596', 'B0000802',1,'1076测试服务器','4',8,'0');
insert into V_VEHICLEINFO (ORG_CODE,VEHICLE_ID,ID_NUMBER,TYPE_ID,TERMINAL_ID,DELETE_FLAG,COLOR_ID_NUMBER_ID,AUTHORIZED_PAY_MASS) values ('B0000802','2201597', '测B03596', 4, 221597, 0, '2',15);

insert into T_SIMINFO (SIM_ID, ORG_CODE, DEPTCODE, STATE,PAY_MODLE, SIM_NUM) values(23598, 'B0000802', '中国移动', 1, '预付费', 13100003597);
insert into T_TERMINALINFO (TERMINAL_ID,TTYPE_ID,SIM_ID,TERMINAL_CODE,ORG_CODE,IS_VIDEO_TERMINAL,SP_SERVER_NAME,PROTOCOL_TYPE,CHANNELS,YT_PROTOCOL_TYPE) values(221598, 4, 23598, '1003597', 'B0000802',1,'1076测试服务器','4',8,'0');
insert into V_VEHICLEINFO (ORG_CODE,VEHICLE_ID,ID_NUMBER,TYPE_ID,TERMINAL_ID,DELETE_FLAG,COLOR_ID_NUMBER_ID,AUTHORIZED_PAY_MASS) values ('B0000802','2201598', '测B03597', 4, 221598, 0, '2',15);

insert into T_SIMINFO (SIM_ID, ORG_CODE, DEPTCODE, STATE,PAY_MODLE, SIM_NUM) values(23599, 'B0000802', '中国移动', 1, '预付费', 13100003598);
insert into T_TERMINALINFO (TERMINAL_ID,TTYPE_ID,SIM_ID,TERMINAL_CODE,ORG_CODE,IS_VIDEO_TERMINAL,SP_SERVER_NAME,PROTOCOL_TYPE,CHANNELS,YT_PROTOCOL_TYPE) values(221599, 4, 23599, '1003598', 'B0000802',1,'1076测试服务器','4',8,'0');
insert into V_VEHICLEINFO (ORG_CODE,VEHICLE_ID,ID_NUMBER,TYPE_ID,TERMINAL_ID,DELETE_FLAG,COLOR_ID_NUMBER_ID,AUTHORIZED_PAY_MASS) values ('B0000802','2201599', '测B03598', 4, 221599, 0, '2',15);

insert into T_SIMINFO (SIM_ID, ORG_CODE, DEPTCODE, STATE,PAY_MODLE, SIM_NUM) values(23600, 'B0000802', '中国移动', 1, '预付费', 13100003599);
insert into T_TERMINALINFO (TERMINAL_ID,TTYPE_ID,SIM_ID,TERMINAL_CODE,ORG_CODE,IS_VIDEO_TERMINAL,SP_SERVER_NAME,PROTOCOL_TYPE,CHANNELS,YT_PROTOCOL_TYPE) values(221600, 4, 23600, '1003599', 'B0000802',1,'1076测试服务器','4',8,'0');
insert into V_VEHICLEINFO (ORG_CODE,VEHICLE_ID,ID_NUMBER,TYPE_ID,TERMINAL_ID,DELETE_FLAG,COLOR_ID_NUMBER_ID,AUTHORIZED_PAY_MASS) values ('B0000802','2201600', '测B03599', 4, 221600, 0, '2',15);

insert into T_SIMINFO (SIM_ID, ORG_CODE, DEPTCODE, STATE,PAY_MODLE, SIM_NUM) values(23601, 'B0000802', '中国移动', 1, '预付费', 13100003600);
insert into T_TERMINALINFO (TERMINAL_ID,TTYPE_ID,SIM_ID,TERMINAL_CODE,ORG_CODE,IS_VIDEO_TERMINAL,SP_SERVER_NAME,PROTOCOL_TYPE,CHANNELS,YT_PROTOCOL_TYPE) values(221601, 4, 23601, '1003600', 'B0000802',1,'1076测试服务器','4',8,'0');
insert into V_VEHICLEINFO (ORG_CODE,VEHICLE_ID,ID_NUMBER,TYPE_ID,TERMINAL_ID,DELETE_FLAG,COLOR_ID_NUMBER_ID,AUTHORIZED_PAY_MASS) values ('B0000802','2201601', '测B03600', 4, 221601, 0, '2',15);

insert into T_SIMINFO (SIM_ID, ORG_CODE, DEPTCODE, STATE,PAY_MODLE, SIM_NUM) values(23602, 'B0000802', '中国移动', 1, '预付费', 13100003601);
insert into T_TERMINALINFO (TERMINAL_ID,TTYPE_ID,SIM_ID,TERMINAL_CODE,ORG_CODE,IS_VIDEO_TERMINAL,SP_SERVER_NAME,PROTOCOL_TYPE,CHANNELS,YT_PROTOCOL_TYPE) values(221602, 4, 23602, '1003601', 'B0000802',1,'1076测试服务器','4',8,'0');
insert into V_VEHICLEINFO (ORG_CODE,VEHICLE_ID,ID_NUMBER,TYPE_ID,TERMINAL_ID,DELETE_FLAG,COLOR_ID_NUMBER_ID,AUTHORIZED_PAY_MASS) values ('B0000802','2201602', '测B03601', 4, 221602, 0, '2',15);

insert into T_SIMINFO (SIM_ID, ORG_CODE, DEPTCODE, STATE,PAY_MODLE, SIM_NUM) values(23603, 'B0000802', '中国移动', 1, '预付费', 13100003602);
insert into T_TERMINALINFO (TERMINAL_ID,TTYPE_ID,SIM_ID,TERMINAL_CODE,ORG_CODE,IS_VIDEO_TERMINAL,SP_SERVER_NAME,PROTOCOL_TYPE,CHANNELS,YT_PROTOCOL_TYPE) values(221603, 4, 23603, '1003602', 'B0000802',1,'1076测试服务器','4',8,'0');
insert into V_VEHICLEINFO (ORG_CODE,VEHICLE_ID,ID_NUMBER,TYPE_ID,TERMINAL_ID,DELETE_FLAG,COLOR_ID_NUMBER_ID,AUTHORIZED_PAY_MASS) values ('B0000802','2201603', '测B03602', 4, 221603, 0, '2',15);

insert into T_SIMINFO (SIM_ID, ORG_CODE, DEPTCODE, STATE,PAY_MODLE, SIM_NUM) values(23604, 'B0000802', '中国移动', 1, '预付费', 13100003603);
insert into T_TERMINALINFO (TERMINAL_ID,TTYPE_ID,SIM_ID,TERMINAL_CODE,ORG_CODE,IS_VIDEO_TERMINAL,SP_SERVER_NAME,PROTOCOL_TYPE,CHANNELS,YT_PROTOCOL_TYPE) values(221604, 4, 23604, '1003603', 'B0000802',1,'1076测试服务器','4',8,'0');
insert into V_VEHICLEINFO (ORG_CODE,VEHICLE_ID,ID_NUMBER,TYPE_ID,TERMINAL_ID,DELETE_FLAG,COLOR_ID_NUMBER_ID,AUTHORIZED_PAY_MASS) values ('B0000802','2201604', '测B03603', 4, 221604, 0, '2',15);

insert into T_SIMINFO (SIM_ID, ORG_CODE, DEPTCODE, STATE,PAY_MODLE, SIM_NUM) values(23605, 'B0000802', '中国移动', 1, '预付费', 13100003604);
insert into T_TERMINALINFO (TERMINAL_ID,TTYPE_ID,SIM_ID,TERMINAL_CODE,ORG_CODE,IS_VIDEO_TERMINAL,SP_SERVER_NAME,PROTOCOL_TYPE,CHANNELS,YT_PROTOCOL_TYPE) values(221605, 4, 23605, '1003604', 'B0000802',1,'1076测试服务器','4',8,'0');
insert into V_VEHICLEINFO (ORG_CODE,VEHICLE_ID,ID_NUMBER,TYPE_ID,TERMINAL_ID,DELETE_FLAG,COLOR_ID_NUMBER_ID,AUTHORIZED_PAY_MASS) values ('B0000802','2201605', '测B03604', 4, 221605, 0, '2',15);

insert into T_SIMINFO (SIM_ID, ORG_CODE, DEPTCODE, STATE,PAY_MODLE, SIM_NUM) values(23606, 'B0000802', '中国移动', 1, '预付费', 13100003605);
insert into T_TERMINALINFO (TERMINAL_ID,TTYPE_ID,SIM_ID,TERMINAL_CODE,ORG_CODE,IS_VIDEO_TERMINAL,SP_SERVER_NAME,PROTOCOL_TYPE,CHANNELS,YT_PROTOCOL_TYPE) values(221606, 4, 23606, '1003605', 'B0000802',1,'1076测试服务器','4',8,'0');
insert into V_VEHICLEINFO (ORG_CODE,VEHICLE_ID,ID_NUMBER,TYPE_ID,TERMINAL_ID,DELETE_FLAG,COLOR_ID_NUMBER_ID,AUTHORIZED_PAY_MASS) values ('B0000802','2201606', '测B03605', 4, 221606, 0, '2',15);

insert into T_SIMINFO (SIM_ID, ORG_CODE, DEPTCODE, STATE,PAY_MODLE, SIM_NUM) values(23607, 'B0000802', '中国移动', 1, '预付费', 13100003606);
insert into T_TERMINALINFO (TERMINAL_ID,TTYPE_ID,SIM_ID,TERMINAL_CODE,ORG_CODE,IS_VIDEO_TERMINAL,SP_SERVER_NAME,PROTOCOL_TYPE,CHANNELS,YT_PROTOCOL_TYPE) values(221607, 4, 23607, '1003606', 'B0000802',1,'1076测试服务器','4',8,'0');
insert into V_VEHICLEINFO (ORG_CODE,VEHICLE_ID,ID_NUMBER,TYPE_ID,TERMINAL_ID,DELETE_FLAG,COLOR_ID_NUMBER_ID,AUTHORIZED_PAY_MASS) values ('B0000802','2201607', '测B03606', 4, 221607, 0, '2',15);

insert into T_SIMINFO (SIM_ID, ORG_CODE, DEPTCODE, STATE,PAY_MODLE, SIM_NUM) values(23608, 'B0000802', '中国移动', 1, '预付费', 13100003607);
insert into T_TERMINALINFO (TERMINAL_ID,TTYPE_ID,SIM_ID,TERMINAL_CODE,ORG_CODE,IS_VIDEO_TERMINAL,SP_SERVER_NAME,PROTOCOL_TYPE,CHANNELS,YT_PROTOCOL_TYPE) values(221608, 4, 23608, '1003607', 'B0000802',1,'1076测试服务器','4',8,'0');
insert into V_VEHICLEINFO (ORG_CODE,VEHICLE_ID,ID_NUMBER,TYPE_ID,TERMINAL_ID,DELETE_FLAG,COLOR_ID_NUMBER_ID,AUTHORIZED_PAY_MASS) values ('B0000802','2201608', '测B03607', 4, 221608, 0, '2',15);

insert into T_SIMINFO (SIM_ID, ORG_CODE, DEPTCODE, STATE,PAY_MODLE, SIM_NUM) values(23609, 'B0000802', '中国移动', 1, '预付费', 13100003608);
insert into T_TERMINALINFO (TERMINAL_ID,TTYPE_ID,SIM_ID,TERMINAL_CODE,ORG_CODE,IS_VIDEO_TERMINAL,SP_SERVER_NAME,PROTOCOL_TYPE,CHANNELS,YT_PROTOCOL_TYPE) values(221609, 4, 23609, '1003608', 'B0000802',1,'1076测试服务器','4',8,'0');
insert into V_VEHICLEINFO (ORG_CODE,VEHICLE_ID,ID_NUMBER,TYPE_ID,TERMINAL_ID,DELETE_FLAG,COLOR_ID_NUMBER_ID,AUTHORIZED_PAY_MASS) values ('B0000802','2201609', '测B03608', 4, 221609, 0, '2',15);

insert into T_SIMINFO (SIM_ID, ORG_CODE, DEPTCODE, STATE,PAY_MODLE, SIM_NUM) values(23610, 'B0000802', '中国移动', 1, '预付费', 13100003609);
insert into T_TERMINALINFO (TERMINAL_ID,TTYPE_ID,SIM_ID,TERMINAL_CODE,ORG_CODE,IS_VIDEO_TERMINAL,SP_SERVER_NAME,PROTOCOL_TYPE,CHANNELS,YT_PROTOCOL_TYPE) values(221610, 4, 23610, '1003609', 'B0000802',1,'1076测试服务器','4',8,'0');
insert into V_VEHICLEINFO (ORG_CODE,VEHICLE_ID,ID_NUMBER,TYPE_ID,TERMINAL_ID,DELETE_FLAG,COLOR_ID_NUMBER_ID,AUTHORIZED_PAY_MASS) values ('B0000802','2201610', '测B03609', 4, 221610, 0, '2',15);

insert into T_SIMINFO (SIM_ID, ORG_CODE, DEPTCODE, STATE,PAY_MODLE, SIM_NUM) values(23611, 'B0000802', '中国移动', 1, '预付费', 13100003610);
insert into T_TERMINALINFO (TERMINAL_ID,TTYPE_ID,SIM_ID,TERMINAL_CODE,ORG_CODE,IS_VIDEO_TERMINAL,SP_SERVER_NAME,PROTOCOL_TYPE,CHANNELS,YT_PROTOCOL_TYPE) values(221611, 4, 23611, '1003610', 'B0000802',1,'1076测试服务器','4',8,'0');
insert into V_VEHICLEINFO (ORG_CODE,VEHICLE_ID,ID_NUMBER,TYPE_ID,TERMINAL_ID,DELETE_FLAG,COLOR_ID_NUMBER_ID,AUTHORIZED_PAY_MASS) values ('B0000802','2201611', '测B03610', 4, 221611, 0, '2',15);

insert into T_SIMINFO (SIM_ID, ORG_CODE, DEPTCODE, STATE,PAY_MODLE, SIM_NUM) values(23612, 'B0000802', '中国移动', 1, '预付费', 13100003611);
insert into T_TERMINALINFO (TERMINAL_ID,TTYPE_ID,SIM_ID,TERMINAL_CODE,ORG_CODE,IS_VIDEO_TERMINAL,SP_SERVER_NAME,PROTOCOL_TYPE,CHANNELS,YT_PROTOCOL_TYPE) values(221612, 4, 23612, '1003611', 'B0000802',1,'1076测试服务器','4',8,'0');
insert into V_VEHICLEINFO (ORG_CODE,VEHICLE_ID,ID_NUMBER,TYPE_ID,TERMINAL_ID,DELETE_FLAG,COLOR_ID_NUMBER_ID,AUTHORIZED_PAY_MASS) values ('B0000802','2201612', '测B03611', 4, 221612, 0, '2',15);

insert into T_SIMINFO (SIM_ID, ORG_CODE, DEPTCODE, STATE,PAY_MODLE, SIM_NUM) values(23613, 'B0000802', '中国移动', 1, '预付费', 13100003612);
insert into T_TERMINALINFO (TERMINAL_ID,TTYPE_ID,SIM_ID,TERMINAL_CODE,ORG_CODE,IS_VIDEO_TERMINAL,SP_SERVER_NAME,PROTOCOL_TYPE,CHANNELS,YT_PROTOCOL_TYPE) values(221613, 4, 23613, '1003612', 'B0000802',1,'1076测试服务器','4',8,'0');
insert into V_VEHICLEINFO (ORG_CODE,VEHICLE_ID,ID_NUMBER,TYPE_ID,TERMINAL_ID,DELETE_FLAG,COLOR_ID_NUMBER_ID,AUTHORIZED_PAY_MASS) values ('B0000802','2201613', '测B03612', 4, 221613, 0, '2',15);

insert into T_SIMINFO (SIM_ID, ORG_CODE, DEPTCODE, STATE,PAY_MODLE, SIM_NUM) values(23614, 'B0000802', '中国移动', 1, '预付费', 13100003613);
insert into T_TERMINALINFO (TERMINAL_ID,TTYPE_ID,SIM_ID,TERMINAL_CODE,ORG_CODE,IS_VIDEO_TERMINAL,SP_SERVER_NAME,PROTOCOL_TYPE,CHANNELS,YT_PROTOCOL_TYPE) values(221614, 4, 23614, '1003613', 'B0000802',1,'1076测试服务器','4',8,'0');
insert into V_VEHICLEINFO (ORG_CODE,VEHICLE_ID,ID_NUMBER,TYPE_ID,TERMINAL_ID,DELETE_FLAG,COLOR_ID_NUMBER_ID,AUTHORIZED_PAY_MASS) values ('B0000802','2201614', '测B03613', 4, 221614, 0, '2',15);

insert into T_SIMINFO (SIM_ID, ORG_CODE, DEPTCODE, STATE,PAY_MODLE, SIM_NUM) values(23615, 'B0000802', '中国移动', 1, '预付费', 13100003614);
insert into T_TERMINALINFO (TERMINAL_ID,TTYPE_ID,SIM_ID,TERMINAL_CODE,ORG_CODE,IS_VIDEO_TERMINAL,SP_SERVER_NAME,PROTOCOL_TYPE,CHANNELS,YT_PROTOCOL_TYPE) values(221615, 4, 23615, '1003614', 'B0000802',1,'1076测试服务器','4',8,'0');
insert into V_VEHICLEINFO (ORG_CODE,VEHICLE_ID,ID_NUMBER,TYPE_ID,TERMINAL_ID,DELETE_FLAG,COLOR_ID_NUMBER_ID,AUTHORIZED_PAY_MASS) values ('B0000802','2201615', '测B03614', 4, 221615, 0, '2',15);

insert into T_SIMINFO (SIM_ID, ORG_CODE, DEPTCODE, STATE,PAY_MODLE, SIM_NUM) values(23616, 'B0000802', '中国移动', 1, '预付费', 13100003615);
insert into T_TERMINALINFO (TERMINAL_ID,TTYPE_ID,SIM_ID,TERMINAL_CODE,ORG_CODE,IS_VIDEO_TERMINAL,SP_SERVER_NAME,PROTOCOL_TYPE,CHANNELS,YT_PROTOCOL_TYPE) values(221616, 4, 23616, '1003615', 'B0000802',1,'1076测试服务器','4',8,'0');
insert into V_VEHICLEINFO (ORG_CODE,VEHICLE_ID,ID_NUMBER,TYPE_ID,TERMINAL_ID,DELETE_FLAG,COLOR_ID_NUMBER_ID,AUTHORIZED_PAY_MASS) values ('B0000802','2201616', '测B03615', 4, 221616, 0, '2',15);

insert into T_SIMINFO (SIM_ID, ORG_CODE, DEPTCODE, STATE,PAY_MODLE, SIM_NUM) values(23617, 'B0000802', '中国移动', 1, '预付费', 13100003616);
insert into T_TERMINALINFO (TERMINAL_ID,TTYPE_ID,SIM_ID,TERMINAL_CODE,ORG_CODE,IS_VIDEO_TERMINAL,SP_SERVER_NAME,PROTOCOL_TYPE,CHANNELS,YT_PROTOCOL_TYPE) values(221617, 4, 23617, '1003616', 'B0000802',1,'1076测试服务器','4',8,'0');
insert into V_VEHICLEINFO (ORG_CODE,VEHICLE_ID,ID_NUMBER,TYPE_ID,TERMINAL_ID,DELETE_FLAG,COLOR_ID_NUMBER_ID,AUTHORIZED_PAY_MASS) values ('B0000802','2201617', '测B03616', 4, 221617, 0, '2',15);

insert into T_SIMINFO (SIM_ID, ORG_CODE, DEPTCODE, STATE,PAY_MODLE, SIM_NUM) values(23618, 'B0000802', '中国移动', 1, '预付费', 13100003617);
insert into T_TERMINALINFO (TERMINAL_ID,TTYPE_ID,SIM_ID,TERMINAL_CODE,ORG_CODE,IS_VIDEO_TERMINAL,SP_SERVER_NAME,PROTOCOL_TYPE,CHANNELS,YT_PROTOCOL_TYPE) values(221618, 4, 23618, '1003617', 'B0000802',1,'1076测试服务器','4',8,'0');
insert into V_VEHICLEINFO (ORG_CODE,VEHICLE_ID,ID_NUMBER,TYPE_ID,TERMINAL_ID,DELETE_FLAG,COLOR_ID_NUMBER_ID,AUTHORIZED_PAY_MASS) values ('B0000802','2201618', '测B03617', 4, 221618, 0, '2',15);

insert into T_SIMINFO (SIM_ID, ORG_CODE, DEPTCODE, STATE,PAY_MODLE, SIM_NUM) values(23619, 'B0000802', '中国移动', 1, '预付费', 13100003618);
insert into T_TERMINALINFO (TERMINAL_ID,TTYPE_ID,SIM_ID,TERMINAL_CODE,ORG_CODE,IS_VIDEO_TERMINAL,SP_SERVER_NAME,PROTOCOL_TYPE,CHANNELS,YT_PROTOCOL_TYPE) values(221619, 4, 23619, '1003618', 'B0000802',1,'1076测试服务器','4',8,'0');
insert into V_VEHICLEINFO (ORG_CODE,VEHICLE_ID,ID_NUMBER,TYPE_ID,TERMINAL_ID,DELETE_FLAG,COLOR_ID_NUMBER_ID,AUTHORIZED_PAY_MASS) values ('B0000802','2201619', '测B03618', 4, 221619, 0, '2',15);

insert into T_SIMINFO (SIM_ID, ORG_CODE, DEPTCODE, STATE,PAY_MODLE, SIM_NUM) values(23620, 'B0000802', '中国移动', 1, '预付费', 13100003619);
insert into T_TERMINALINFO (TERMINAL_ID,TTYPE_ID,SIM_ID,TERMINAL_CODE,ORG_CODE,IS_VIDEO_TERMINAL,SP_SERVER_NAME,PROTOCOL_TYPE,CHANNELS,YT_PROTOCOL_TYPE) values(221620, 4, 23620, '1003619', 'B0000802',1,'1076测试服务器','4',8,'0');
insert into V_VEHICLEINFO (ORG_CODE,VEHICLE_ID,ID_NUMBER,TYPE_ID,TERMINAL_ID,DELETE_FLAG,COLOR_ID_NUMBER_ID,AUTHORIZED_PAY_MASS) values ('B0000802','2201620', '测B03619', 4, 221620, 0, '2',15);

insert into T_SIMINFO (SIM_ID, ORG_CODE, DEPTCODE, STATE,PAY_MODLE, SIM_NUM) values(23621, 'B0000802', '中国移动', 1, '预付费', 13100003620);
insert into T_TERMINALINFO (TERMINAL_ID,TTYPE_ID,SIM_ID,TERMINAL_CODE,ORG_CODE,IS_VIDEO_TERMINAL,SP_SERVER_NAME,PROTOCOL_TYPE,CHANNELS,YT_PROTOCOL_TYPE) values(221621, 4, 23621, '1003620', 'B0000802',1,'1076测试服务器','4',8,'0');
insert into V_VEHICLEINFO (ORG_CODE,VEHICLE_ID,ID_NUMBER,TYPE_ID,TERMINAL_ID,DELETE_FLAG,COLOR_ID_NUMBER_ID,AUTHORIZED_PAY_MASS) values ('B0000802','2201621', '测B03620', 4, 221621, 0, '2',15);

insert into T_SIMINFO (SIM_ID, ORG_CODE, DEPTCODE, STATE,PAY_MODLE, SIM_NUM) values(23622, 'B0000802', '中国移动', 1, '预付费', 13100003621);
insert into T_TERMINALINFO (TERMINAL_ID,TTYPE_ID,SIM_ID,TERMINAL_CODE,ORG_CODE,IS_VIDEO_TERMINAL,SP_SERVER_NAME,PROTOCOL_TYPE,CHANNELS,YT_PROTOCOL_TYPE) values(221622, 4, 23622, '1003621', 'B0000802',1,'1076测试服务器','4',8,'0');
insert into V_VEHICLEINFO (ORG_CODE,VEHICLE_ID,ID_NUMBER,TYPE_ID,TERMINAL_ID,DELETE_FLAG,COLOR_ID_NUMBER_ID,AUTHORIZED_PAY_MASS) values ('B0000802','2201622', '测B03621', 4, 221622, 0, '2',15);

insert into T_SIMINFO (SIM_ID, ORG_CODE, DEPTCODE, STATE,PAY_MODLE, SIM_NUM) values(23623, 'B0000802', '中国移动', 1, '预付费', 13100003622);
insert into T_TERMINALINFO (TERMINAL_ID,TTYPE_ID,SIM_ID,TERMINAL_CODE,ORG_CODE,IS_VIDEO_TERMINAL,SP_SERVER_NAME,PROTOCOL_TYPE,CHANNELS,YT_PROTOCOL_TYPE) values(221623, 4, 23623, '1003622', 'B0000802',1,'1076测试服务器','4',8,'0');
insert into V_VEHICLEINFO (ORG_CODE,VEHICLE_ID,ID_NUMBER,TYPE_ID,TERMINAL_ID,DELETE_FLAG,COLOR_ID_NUMBER_ID,AUTHORIZED_PAY_MASS) values ('B0000802','2201623', '测B03622', 4, 221623, 0, '2',15);

insert into T_SIMINFO (SIM_ID, ORG_CODE, DEPTCODE, STATE,PAY_MODLE, SIM_NUM) values(23624, 'B0000802', '中国移动', 1, '预付费', 13100003623);
insert into T_TERMINALINFO (TERMINAL_ID,TTYPE_ID,SIM_ID,TERMINAL_CODE,ORG_CODE,IS_VIDEO_TERMINAL,SP_SERVER_NAME,PROTOCOL_TYPE,CHANNELS,YT_PROTOCOL_TYPE) values(221624, 4, 23624, '1003623', 'B0000802',1,'1076测试服务器','4',8,'0');
insert into V_VEHICLEINFO (ORG_CODE,VEHICLE_ID,ID_NUMBER,TYPE_ID,TERMINAL_ID,DELETE_FLAG,COLOR_ID_NUMBER_ID,AUTHORIZED_PAY_MASS) values ('B0000802','2201624', '测B03623', 4, 221624, 0, '2',15);

insert into T_SIMINFO (SIM_ID, ORG_CODE, DEPTCODE, STATE,PAY_MODLE, SIM_NUM) values(23625, 'B0000802', '中国移动', 1, '预付费', 13100003624);
insert into T_TERMINALINFO (TERMINAL_ID,TTYPE_ID,SIM_ID,TERMINAL_CODE,ORG_CODE,IS_VIDEO_TERMINAL,SP_SERVER_NAME,PROTOCOL_TYPE,CHANNELS,YT_PROTOCOL_TYPE) values(221625, 4, 23625, '1003624', 'B0000802',1,'1076测试服务器','4',8,'0');
insert into V_VEHICLEINFO (ORG_CODE,VEHICLE_ID,ID_NUMBER,TYPE_ID,TERMINAL_ID,DELETE_FLAG,COLOR_ID_NUMBER_ID,AUTHORIZED_PAY_MASS) values ('B0000802','2201625', '测B03624', 4, 221625, 0, '2',15);

insert into T_SIMINFO (SIM_ID, ORG_CODE, DEPTCODE, STATE,PAY_MODLE, SIM_NUM) values(23626, 'B0000802', '中国移动', 1, '预付费', 13100003625);
insert into T_TERMINALINFO (TERMINAL_ID,TTYPE_ID,SIM_ID,TERMINAL_CODE,ORG_CODE,IS_VIDEO_TERMINAL,SP_SERVER_NAME,PROTOCOL_TYPE,CHANNELS,YT_PROTOCOL_TYPE) values(221626, 4, 23626, '1003625', 'B0000802',1,'1076测试服务器','4',8,'0');
insert into V_VEHICLEINFO (ORG_CODE,VEHICLE_ID,ID_NUMBER,TYPE_ID,TERMINAL_ID,DELETE_FLAG,COLOR_ID_NUMBER_ID,AUTHORIZED_PAY_MASS) values ('B0000802','2201626', '测B03625', 4, 221626, 0, '2',15);

insert into T_SIMINFO (SIM_ID, ORG_CODE, DEPTCODE, STATE,PAY_MODLE, SIM_NUM) values(23627, 'B0000802', '中国移动', 1, '预付费', 13100003626);
insert into T_TERMINALINFO (TERMINAL_ID,TTYPE_ID,SIM_ID,TERMINAL_CODE,ORG_CODE,IS_VIDEO_TERMINAL,SP_SERVER_NAME,PROTOCOL_TYPE,CHANNELS,YT_PROTOCOL_TYPE) values(221627, 4, 23627, '1003626', 'B0000802',1,'1076测试服务器','4',8,'0');
insert into V_VEHICLEINFO (ORG_CODE,VEHICLE_ID,ID_NUMBER,TYPE_ID,TERMINAL_ID,DELETE_FLAG,COLOR_ID_NUMBER_ID,AUTHORIZED_PAY_MASS) values ('B0000802','2201627', '测B03626', 4, 221627, 0, '2',15);

insert into T_SIMINFO (SIM_ID, ORG_CODE, DEPTCODE, STATE,PAY_MODLE, SIM_NUM) values(23628, 'B0000802', '中国移动', 1, '预付费', 13100003627);
insert into T_TERMINALINFO (TERMINAL_ID,TTYPE_ID,SIM_ID,TERMINAL_CODE,ORG_CODE,IS_VIDEO_TERMINAL,SP_SERVER_NAME,PROTOCOL_TYPE,CHANNELS,YT_PROTOCOL_TYPE) values(221628, 4, 23628, '1003627', 'B0000802',1,'1076测试服务器','4',8,'0');
insert into V_VEHICLEINFO (ORG_CODE,VEHICLE_ID,ID_NUMBER,TYPE_ID,TERMINAL_ID,DELETE_FLAG,COLOR_ID_NUMBER_ID,AUTHORIZED_PAY_MASS) values ('B0000802','2201628', '测B03627', 4, 221628, 0, '2',15);

insert into T_SIMINFO (SIM_ID, ORG_CODE, DEPTCODE, STATE,PAY_MODLE, SIM_NUM) values(23629, 'B0000802', '中国移动', 1, '预付费', 13100003628);
insert into T_TERMINALINFO (TERMINAL_ID,TTYPE_ID,SIM_ID,TERMINAL_CODE,ORG_CODE,IS_VIDEO_TERMINAL,SP_SERVER_NAME,PROTOCOL_TYPE,CHANNELS,YT_PROTOCOL_TYPE) values(221629, 4, 23629, '1003628', 'B0000802',1,'1076测试服务器','4',8,'0');
insert into V_VEHICLEINFO (ORG_CODE,VEHICLE_ID,ID_NUMBER,TYPE_ID,TERMINAL_ID,DELETE_FLAG,COLOR_ID_NUMBER_ID,AUTHORIZED_PAY_MASS) values ('B0000802','2201629', '测B03628', 4, 221629, 0, '2',15);

insert into T_SIMINFO (SIM_ID, ORG_CODE, DEPTCODE, STATE,PAY_MODLE, SIM_NUM) values(23630, 'B0000802', '中国移动', 1, '预付费', 13100003629);
insert into T_TERMINALINFO (TERMINAL_ID,TTYPE_ID,SIM_ID,TERMINAL_CODE,ORG_CODE,IS_VIDEO_TERMINAL,SP_SERVER_NAME,PROTOCOL_TYPE,CHANNELS,YT_PROTOCOL_TYPE) values(221630, 4, 23630, '1003629', 'B0000802',1,'1076测试服务器','4',8,'0');
insert into V_VEHICLEINFO (ORG_CODE,VEHICLE_ID,ID_NUMBER,TYPE_ID,TERMINAL_ID,DELETE_FLAG,COLOR_ID_NUMBER_ID,AUTHORIZED_PAY_MASS) values ('B0000802','2201630', '测B03629', 4, 221630, 0, '2',15);

insert into T_SIMINFO (SIM_ID, ORG_CODE, DEPTCODE, STATE,PAY_MODLE, SIM_NUM) values(23631, 'B0000802', '中国移动', 1, '预付费', 13100003630);
insert into T_TERMINALINFO (TERMINAL_ID,TTYPE_ID,SIM_ID,TERMINAL_CODE,ORG_CODE,IS_VIDEO_TERMINAL,SP_SERVER_NAME,PROTOCOL_TYPE,CHANNELS,YT_PROTOCOL_TYPE) values(221631, 4, 23631, '1003630', 'B0000802',1,'1076测试服务器','4',8,'0');
insert into V_VEHICLEINFO (ORG_CODE,VEHICLE_ID,ID_NUMBER,TYPE_ID,TERMINAL_ID,DELETE_FLAG,COLOR_ID_NUMBER_ID,AUTHORIZED_PAY_MASS) values ('B0000802','2201631', '测B03630', 4, 221631, 0, '2',15);

insert into T_SIMINFO (SIM_ID, ORG_CODE, DEPTCODE, STATE,PAY_MODLE, SIM_NUM) values(23632, 'B0000802', '中国移动', 1, '预付费', 13100003631);
insert into T_TERMINALINFO (TERMINAL_ID,TTYPE_ID,SIM_ID,TERMINAL_CODE,ORG_CODE,IS_VIDEO_TERMINAL,SP_SERVER_NAME,PROTOCOL_TYPE,CHANNELS,YT_PROTOCOL_TYPE) values(221632, 4, 23632, '1003631', 'B0000802',1,'1076测试服务器','4',8,'0');
insert into V_VEHICLEINFO (ORG_CODE,VEHICLE_ID,ID_NUMBER,TYPE_ID,TERMINAL_ID,DELETE_FLAG,COLOR_ID_NUMBER_ID,AUTHORIZED_PAY_MASS) values ('B0000802','2201632', '测B03631', 4, 221632, 0, '2',15);

insert into T_SIMINFO (SIM_ID, ORG_CODE, DEPTCODE, STATE,PAY_MODLE, SIM_NUM) values(23633, 'B0000802', '中国移动', 1, '预付费', 13100003632);
insert into T_TERMINALINFO (TERMINAL_ID,TTYPE_ID,SIM_ID,TERMINAL_CODE,ORG_CODE,IS_VIDEO_TERMINAL,SP_SERVER_NAME,PROTOCOL_TYPE,CHANNELS,YT_PROTOCOL_TYPE) values(221633, 4, 23633, '1003632', 'B0000802',1,'1076测试服务器','4',8,'0');
insert into V_VEHICLEINFO (ORG_CODE,VEHICLE_ID,ID_NUMBER,TYPE_ID,TERMINAL_ID,DELETE_FLAG,COLOR_ID_NUMBER_ID,AUTHORIZED_PAY_MASS) values ('B0000802','2201633', '测B03632', 4, 221633, 0, '2',15);

insert into T_SIMINFO (SIM_ID, ORG_CODE, DEPTCODE, STATE,PAY_MODLE, SIM_NUM) values(23634, 'B0000802', '中国移动', 1, '预付费', 13100003633);
insert into T_TERMINALINFO (TERMINAL_ID,TTYPE_ID,SIM_ID,TERMINAL_CODE,ORG_CODE,IS_VIDEO_TERMINAL,SP_SERVER_NAME,PROTOCOL_TYPE,CHANNELS,YT_PROTOCOL_TYPE) values(221634, 4, 23634, '1003633', 'B0000802',1,'1076测试服务器','4',8,'0');
insert into V_VEHICLEINFO (ORG_CODE,VEHICLE_ID,ID_NUMBER,TYPE_ID,TERMINAL_ID,DELETE_FLAG,COLOR_ID_NUMBER_ID,AUTHORIZED_PAY_MASS) values ('B0000802','2201634', '测B03633', 4, 221634, 0, '2',15);

insert into T_SIMINFO (SIM_ID, ORG_CODE, DEPTCODE, STATE,PAY_MODLE, SIM_NUM) values(23635, 'B0000802', '中国移动', 1, '预付费', 13100003634);
insert into T_TERMINALINFO (TERMINAL_ID,TTYPE_ID,SIM_ID,TERMINAL_CODE,ORG_CODE,IS_VIDEO_TERMINAL,SP_SERVER_NAME,PROTOCOL_TYPE,CHANNELS,YT_PROTOCOL_TYPE) values(221635, 4, 23635, '1003634', 'B0000802',1,'1076测试服务器','4',8,'0');
insert into V_VEHICLEINFO (ORG_CODE,VEHICLE_ID,ID_NUMBER,TYPE_ID,TERMINAL_ID,DELETE_FLAG,COLOR_ID_NUMBER_ID,AUTHORIZED_PAY_MASS) values ('B0000802','2201635', '测B03634', 4, 221635, 0, '2',15);

insert into T_SIMINFO (SIM_ID, ORG_CODE, DEPTCODE, STATE,PAY_MODLE, SIM_NUM) values(23636, 'B0000802', '中国移动', 1, '预付费', 13100003635);
insert into T_TERMINALINFO (TERMINAL_ID,TTYPE_ID,SIM_ID,TERMINAL_CODE,ORG_CODE,IS_VIDEO_TERMINAL,SP_SERVER_NAME,PROTOCOL_TYPE,CHANNELS,YT_PROTOCOL_TYPE) values(221636, 4, 23636, '1003635', 'B0000802',1,'1076测试服务器','4',8,'0');
insert into V_VEHICLEINFO (ORG_CODE,VEHICLE_ID,ID_NUMBER,TYPE_ID,TERMINAL_ID,DELETE_FLAG,COLOR_ID_NUMBER_ID,AUTHORIZED_PAY_MASS) values ('B0000802','2201636', '测B03635', 4, 221636, 0, '2',15);

insert into T_SIMINFO (SIM_ID, ORG_CODE, DEPTCODE, STATE,PAY_MODLE, SIM_NUM) values(23637, 'B0000802', '中国移动', 1, '预付费', 13100003636);
insert into T_TERMINALINFO (TERMINAL_ID,TTYPE_ID,SIM_ID,TERMINAL_CODE,ORG_CODE,IS_VIDEO_TERMINAL,SP_SERVER_NAME,PROTOCOL_TYPE,CHANNELS,YT_PROTOCOL_TYPE) values(221637, 4, 23637, '1003636', 'B0000802',1,'1076测试服务器','4',8,'0');
insert into V_VEHICLEINFO (ORG_CODE,VEHICLE_ID,ID_NUMBER,TYPE_ID,TERMINAL_ID,DELETE_FLAG,COLOR_ID_NUMBER_ID,AUTHORIZED_PAY_MASS) values ('B0000802','2201637', '测B03636', 4, 221637, 0, '2',15);

insert into T_SIMINFO (SIM_ID, ORG_CODE, DEPTCODE, STATE,PAY_MODLE, SIM_NUM) values(23638, 'B0000802', '中国移动', 1, '预付费', 13100003637);
insert into T_TERMINALINFO (TERMINAL_ID,TTYPE_ID,SIM_ID,TERMINAL_CODE,ORG_CODE,IS_VIDEO_TERMINAL,SP_SERVER_NAME,PROTOCOL_TYPE,CHANNELS,YT_PROTOCOL_TYPE) values(221638, 4, 23638, '1003637', 'B0000802',1,'1076测试服务器','4',8,'0');
insert into V_VEHICLEINFO (ORG_CODE,VEHICLE_ID,ID_NUMBER,TYPE_ID,TERMINAL_ID,DELETE_FLAG,COLOR_ID_NUMBER_ID,AUTHORIZED_PAY_MASS) values ('B0000802','2201638', '测B03637', 4, 221638, 0, '2',15);

insert into T_SIMINFO (SIM_ID, ORG_CODE, DEPTCODE, STATE,PAY_MODLE, SIM_NUM) values(23639, 'B0000802', '中国移动', 1, '预付费', 13100003638);
insert into T_TERMINALINFO (TERMINAL_ID,TTYPE_ID,SIM_ID,TERMINAL_CODE,ORG_CODE,IS_VIDEO_TERMINAL,SP_SERVER_NAME,PROTOCOL_TYPE,CHANNELS,YT_PROTOCOL_TYPE) values(221639, 4, 23639, '1003638', 'B0000802',1,'1076测试服务器','4',8,'0');
insert into V_VEHICLEINFO (ORG_CODE,VEHICLE_ID,ID_NUMBER,TYPE_ID,TERMINAL_ID,DELETE_FLAG,COLOR_ID_NUMBER_ID,AUTHORIZED_PAY_MASS) values ('B0000802','2201639', '测B03638', 4, 221639, 0, '2',15);

insert into T_SIMINFO (SIM_ID, ORG_CODE, DEPTCODE, STATE,PAY_MODLE, SIM_NUM) values(23640, 'B0000802', '中国移动', 1, '预付费', 13100003639);
insert into T_TERMINALINFO (TERMINAL_ID,TTYPE_ID,SIM_ID,TERMINAL_CODE,ORG_CODE,IS_VIDEO_TERMINAL,SP_SERVER_NAME,PROTOCOL_TYPE,CHANNELS,YT_PROTOCOL_TYPE) values(221640, 4, 23640, '1003639', 'B0000802',1,'1076测试服务器','4',8,'0');
insert into V_VEHICLEINFO (ORG_CODE,VEHICLE_ID,ID_NUMBER,TYPE_ID,TERMINAL_ID,DELETE_FLAG,COLOR_ID_NUMBER_ID,AUTHORIZED_PAY_MASS) values ('B0000802','2201640', '测B03639', 4, 221640, 0, '2',15);

insert into T_SIMINFO (SIM_ID, ORG_CODE, DEPTCODE, STATE,PAY_MODLE, SIM_NUM) values(23641, 'B0000802', '中国移动', 1, '预付费', 13100003640);
insert into T_TERMINALINFO (TERMINAL_ID,TTYPE_ID,SIM_ID,TERMINAL_CODE,ORG_CODE,IS_VIDEO_TERMINAL,SP_SERVER_NAME,PROTOCOL_TYPE,CHANNELS,YT_PROTOCOL_TYPE) values(221641, 4, 23641, '1003640', 'B0000802',1,'1076测试服务器','4',8,'0');
insert into V_VEHICLEINFO (ORG_CODE,VEHICLE_ID,ID_NUMBER,TYPE_ID,TERMINAL_ID,DELETE_FLAG,COLOR_ID_NUMBER_ID,AUTHORIZED_PAY_MASS) values ('B0000802','2201641', '测B03640', 4, 221641, 0, '2',15);

insert into T_SIMINFO (SIM_ID, ORG_CODE, DEPTCODE, STATE,PAY_MODLE, SIM_NUM) values(23642, 'B0000802', '中国移动', 1, '预付费', 13100003641);
insert into T_TERMINALINFO (TERMINAL_ID,TTYPE_ID,SIM_ID,TERMINAL_CODE,ORG_CODE,IS_VIDEO_TERMINAL,SP_SERVER_NAME,PROTOCOL_TYPE,CHANNELS,YT_PROTOCOL_TYPE) values(221642, 4, 23642, '1003641', 'B0000802',1,'1076测试服务器','4',8,'0');
insert into V_VEHICLEINFO (ORG_CODE,VEHICLE_ID,ID_NUMBER,TYPE_ID,TERMINAL_ID,DELETE_FLAG,COLOR_ID_NUMBER_ID,AUTHORIZED_PAY_MASS) values ('B0000802','2201642', '测B03641', 4, 221642, 0, '2',15);

insert into T_SIMINFO (SIM_ID, ORG_CODE, DEPTCODE, STATE,PAY_MODLE, SIM_NUM) values(23643, 'B0000802', '中国移动', 1, '预付费', 13100003642);
insert into T_TERMINALINFO (TERMINAL_ID,TTYPE_ID,SIM_ID,TERMINAL_CODE,ORG_CODE,IS_VIDEO_TERMINAL,SP_SERVER_NAME,PROTOCOL_TYPE,CHANNELS,YT_PROTOCOL_TYPE) values(221643, 4, 23643, '1003642', 'B0000802',1,'1076测试服务器','4',8,'0');
insert into V_VEHICLEINFO (ORG_CODE,VEHICLE_ID,ID_NUMBER,TYPE_ID,TERMINAL_ID,DELETE_FLAG,COLOR_ID_NUMBER_ID,AUTHORIZED_PAY_MASS) values ('B0000802','2201643', '测B03642', 4, 221643, 0, '2',15);

insert into T_SIMINFO (SIM_ID, ORG_CODE, DEPTCODE, STATE,PAY_MODLE, SIM_NUM) values(23644, 'B0000802', '中国移动', 1, '预付费', 13100003643);
insert into T_TERMINALINFO (TERMINAL_ID,TTYPE_ID,SIM_ID,TERMINAL_CODE,ORG_CODE,IS_VIDEO_TERMINAL,SP_SERVER_NAME,PROTOCOL_TYPE,CHANNELS,YT_PROTOCOL_TYPE) values(221644, 4, 23644, '1003643', 'B0000802',1,'1076测试服务器','4',8,'0');
insert into V_VEHICLEINFO (ORG_CODE,VEHICLE_ID,ID_NUMBER,TYPE_ID,TERMINAL_ID,DELETE_FLAG,COLOR_ID_NUMBER_ID,AUTHORIZED_PAY_MASS) values ('B0000802','2201644', '测B03643', 4, 221644, 0, '2',15);

insert into T_SIMINFO (SIM_ID, ORG_CODE, DEPTCODE, STATE,PAY_MODLE, SIM_NUM) values(23645, 'B0000802', '中国移动', 1, '预付费', 13100003644);
insert into T_TERMINALINFO (TERMINAL_ID,TTYPE_ID,SIM_ID,TERMINAL_CODE,ORG_CODE,IS_VIDEO_TERMINAL,SP_SERVER_NAME,PROTOCOL_TYPE,CHANNELS,YT_PROTOCOL_TYPE) values(221645, 4, 23645, '1003644', 'B0000802',1,'1076测试服务器','4',8,'0');
insert into V_VEHICLEINFO (ORG_CODE,VEHICLE_ID,ID_NUMBER,TYPE_ID,TERMINAL_ID,DELETE_FLAG,COLOR_ID_NUMBER_ID,AUTHORIZED_PAY_MASS) values ('B0000802','2201645', '测B03644', 4, 221645, 0, '2',15);

insert into T_SIMINFO (SIM_ID, ORG_CODE, DEPTCODE, STATE,PAY_MODLE, SIM_NUM) values(23646, 'B0000802', '中国移动', 1, '预付费', 13100003645);
insert into T_TERMINALINFO (TERMINAL_ID,TTYPE_ID,SIM_ID,TERMINAL_CODE,ORG_CODE,IS_VIDEO_TERMINAL,SP_SERVER_NAME,PROTOCOL_TYPE,CHANNELS,YT_PROTOCOL_TYPE) values(221646, 4, 23646, '1003645', 'B0000802',1,'1076测试服务器','4',8,'0');
insert into V_VEHICLEINFO (ORG_CODE,VEHICLE_ID,ID_NUMBER,TYPE_ID,TERMINAL_ID,DELETE_FLAG,COLOR_ID_NUMBER_ID,AUTHORIZED_PAY_MASS) values ('B0000802','2201646', '测B03645', 4, 221646, 0, '2',15);

insert into T_SIMINFO (SIM_ID, ORG_CODE, DEPTCODE, STATE,PAY_MODLE, SIM_NUM) values(23647, 'B0000802', '中国移动', 1, '预付费', 13100003646);
insert into T_TERMINALINFO (TERMINAL_ID,TTYPE_ID,SIM_ID,TERMINAL_CODE,ORG_CODE,IS_VIDEO_TERMINAL,SP_SERVER_NAME,PROTOCOL_TYPE,CHANNELS,YT_PROTOCOL_TYPE) values(221647, 4, 23647, '1003646', 'B0000802',1,'1076测试服务器','4',8,'0');
insert into V_VEHICLEINFO (ORG_CODE,VEHICLE_ID,ID_NUMBER,TYPE_ID,TERMINAL_ID,DELETE_FLAG,COLOR_ID_NUMBER_ID,AUTHORIZED_PAY_MASS) values ('B0000802','2201647', '测B03646', 4, 221647, 0, '2',15);

insert into T_SIMINFO (SIM_ID, ORG_CODE, DEPTCODE, STATE,PAY_MODLE, SIM_NUM) values(23648, 'B0000802', '中国移动', 1, '预付费', 13100003647);
insert into T_TERMINALINFO (TERMINAL_ID,TTYPE_ID,SIM_ID,TERMINAL_CODE,ORG_CODE,IS_VIDEO_TERMINAL,SP_SERVER_NAME,PROTOCOL_TYPE,CHANNELS,YT_PROTOCOL_TYPE) values(221648, 4, 23648, '1003647', 'B0000802',1,'1076测试服务器','4',8,'0');
insert into V_VEHICLEINFO (ORG_CODE,VEHICLE_ID,ID_NUMBER,TYPE_ID,TERMINAL_ID,DELETE_FLAG,COLOR_ID_NUMBER_ID,AUTHORIZED_PAY_MASS) values ('B0000802','2201648', '测B03647', 4, 221648, 0, '2',15);

insert into T_SIMINFO (SIM_ID, ORG_CODE, DEPTCODE, STATE,PAY_MODLE, SIM_NUM) values(23649, 'B0000802', '中国移动', 1, '预付费', 13100003648);
insert into T_TERMINALINFO (TERMINAL_ID,TTYPE_ID,SIM_ID,TERMINAL_CODE,ORG_CODE,IS_VIDEO_TERMINAL,SP_SERVER_NAME,PROTOCOL_TYPE,CHANNELS,YT_PROTOCOL_TYPE) values(221649, 4, 23649, '1003648', 'B0000802',1,'1076测试服务器','4',8,'0');
insert into V_VEHICLEINFO (ORG_CODE,VEHICLE_ID,ID_NUMBER,TYPE_ID,TERMINAL_ID,DELETE_FLAG,COLOR_ID_NUMBER_ID,AUTHORIZED_PAY_MASS) values ('B0000802','2201649', '测B03648', 4, 221649, 0, '2',15);

insert into T_SIMINFO (SIM_ID, ORG_CODE, DEPTCODE, STATE,PAY_MODLE, SIM_NUM) values(23650, 'B0000802', '中国移动', 1, '预付费', 13100003649);
insert into T_TERMINALINFO (TERMINAL_ID,TTYPE_ID,SIM_ID,TERMINAL_CODE,ORG_CODE,IS_VIDEO_TERMINAL,SP_SERVER_NAME,PROTOCOL_TYPE,CHANNELS,YT_PROTOCOL_TYPE) values(221650, 4, 23650, '1003649', 'B0000802',1,'1076测试服务器','4',8,'0');
insert into V_VEHICLEINFO (ORG_CODE,VEHICLE_ID,ID_NUMBER,TYPE_ID,TERMINAL_ID,DELETE_FLAG,COLOR_ID_NUMBER_ID,AUTHORIZED_PAY_MASS) values ('B0000802','2201650', '测B03649', 4, 221650, 0, '2',15);

insert into T_SIMINFO (SIM_ID, ORG_CODE, DEPTCODE, STATE,PAY_MODLE, SIM_NUM) values(23651, 'B0000802', '中国移动', 1, '预付费', 13100003650);
insert into T_TERMINALINFO (TERMINAL_ID,TTYPE_ID,SIM_ID,TERMINAL_CODE,ORG_CODE,IS_VIDEO_TERMINAL,SP_SERVER_NAME,PROTOCOL_TYPE,CHANNELS,YT_PROTOCOL_TYPE) values(221651, 4, 23651, '1003650', 'B0000802',1,'1076测试服务器','4',8,'0');
insert into V_VEHICLEINFO (ORG_CODE,VEHICLE_ID,ID_NUMBER,TYPE_ID,TERMINAL_ID,DELETE_FLAG,COLOR_ID_NUMBER_ID,AUTHORIZED_PAY_MASS) values ('B0000802','2201651', '测B03650', 4, 221651, 0, '2',15);

insert into T_SIMINFO (SIM_ID, ORG_CODE, DEPTCODE, STATE,PAY_MODLE, SIM_NUM) values(23652, 'B0000802', '中国移动', 1, '预付费', 13100003651);
insert into T_TERMINALINFO (TERMINAL_ID,TTYPE_ID,SIM_ID,TERMINAL_CODE,ORG_CODE,IS_VIDEO_TERMINAL,SP_SERVER_NAME,PROTOCOL_TYPE,CHANNELS,YT_PROTOCOL_TYPE) values(221652, 4, 23652, '1003651', 'B0000802',1,'1076测试服务器','4',8,'0');
insert into V_VEHICLEINFO (ORG_CODE,VEHICLE_ID,ID_NUMBER,TYPE_ID,TERMINAL_ID,DELETE_FLAG,COLOR_ID_NUMBER_ID,AUTHORIZED_PAY_MASS) values ('B0000802','2201652', '测B03651', 4, 221652, 0, '2',15);

insert into T_SIMINFO (SIM_ID, ORG_CODE, DEPTCODE, STATE,PAY_MODLE, SIM_NUM) values(23653, 'B0000802', '中国移动', 1, '预付费', 13100003652);
insert into T_TERMINALINFO (TERMINAL_ID,TTYPE_ID,SIM_ID,TERMINAL_CODE,ORG_CODE,IS_VIDEO_TERMINAL,SP_SERVER_NAME,PROTOCOL_TYPE,CHANNELS,YT_PROTOCOL_TYPE) values(221653, 4, 23653, '1003652', 'B0000802',1,'1076测试服务器','4',8,'0');
insert into V_VEHICLEINFO (ORG_CODE,VEHICLE_ID,ID_NUMBER,TYPE_ID,TERMINAL_ID,DELETE_FLAG,COLOR_ID_NUMBER_ID,AUTHORIZED_PAY_MASS) values ('B0000802','2201653', '测B03652', 4, 221653, 0, '2',15);

insert into T_SIMINFO (SIM_ID, ORG_CODE, DEPTCODE, STATE,PAY_MODLE, SIM_NUM) values(23654, 'B0000802', '中国移动', 1, '预付费', 13100003653);
insert into T_TERMINALINFO (TERMINAL_ID,TTYPE_ID,SIM_ID,TERMINAL_CODE,ORG_CODE,IS_VIDEO_TERMINAL,SP_SERVER_NAME,PROTOCOL_TYPE,CHANNELS,YT_PROTOCOL_TYPE) values(221654, 4, 23654, '1003653', 'B0000802',1,'1076测试服务器','4',8,'0');
insert into V_VEHICLEINFO (ORG_CODE,VEHICLE_ID,ID_NUMBER,TYPE_ID,TERMINAL_ID,DELETE_FLAG,COLOR_ID_NUMBER_ID,AUTHORIZED_PAY_MASS) values ('B0000802','2201654', '测B03653', 4, 221654, 0, '2',15);

insert into T_SIMINFO (SIM_ID, ORG_CODE, DEPTCODE, STATE,PAY_MODLE, SIM_NUM) values(23655, 'B0000802', '中国移动', 1, '预付费', 13100003654);
insert into T_TERMINALINFO (TERMINAL_ID,TTYPE_ID,SIM_ID,TERMINAL_CODE,ORG_CODE,IS_VIDEO_TERMINAL,SP_SERVER_NAME,PROTOCOL_TYPE,CHANNELS,YT_PROTOCOL_TYPE) values(221655, 4, 23655, '1003654', 'B0000802',1,'1076测试服务器','4',8,'0');
insert into V_VEHICLEINFO (ORG_CODE,VEHICLE_ID,ID_NUMBER,TYPE_ID,TERMINAL_ID,DELETE_FLAG,COLOR_ID_NUMBER_ID,AUTHORIZED_PAY_MASS) values ('B0000802','2201655', '测B03654', 4, 221655, 0, '2',15);

insert into T_SIMINFO (SIM_ID, ORG_CODE, DEPTCODE, STATE,PAY_MODLE, SIM_NUM) values(23656, 'B0000802', '中国移动', 1, '预付费', 13100003655);
insert into T_TERMINALINFO (TERMINAL_ID,TTYPE_ID,SIM_ID,TERMINAL_CODE,ORG_CODE,IS_VIDEO_TERMINAL,SP_SERVER_NAME,PROTOCOL_TYPE,CHANNELS,YT_PROTOCOL_TYPE) values(221656, 4, 23656, '1003655', 'B0000802',1,'1076测试服务器','4',8,'0');
insert into V_VEHICLEINFO (ORG_CODE,VEHICLE_ID,ID_NUMBER,TYPE_ID,TERMINAL_ID,DELETE_FLAG,COLOR_ID_NUMBER_ID,AUTHORIZED_PAY_MASS) values ('B0000802','2201656', '测B03655', 4, 221656, 0, '2',15);

insert into T_SIMINFO (SIM_ID, ORG_CODE, DEPTCODE, STATE,PAY_MODLE, SIM_NUM) values(23657, 'B0000802', '中国移动', 1, '预付费', 13100003656);
insert into T_TERMINALINFO (TERMINAL_ID,TTYPE_ID,SIM_ID,TERMINAL_CODE,ORG_CODE,IS_VIDEO_TERMINAL,SP_SERVER_NAME,PROTOCOL_TYPE,CHANNELS,YT_PROTOCOL_TYPE) values(221657, 4, 23657, '1003656', 'B0000802',1,'1076测试服务器','4',8,'0');
insert into V_VEHICLEINFO (ORG_CODE,VEHICLE_ID,ID_NUMBER,TYPE_ID,TERMINAL_ID,DELETE_FLAG,COLOR_ID_NUMBER_ID,AUTHORIZED_PAY_MASS) values ('B0000802','2201657', '测B03656', 4, 221657, 0, '2',15);

insert into T_SIMINFO (SIM_ID, ORG_CODE, DEPTCODE, STATE,PAY_MODLE, SIM_NUM) values(23658, 'B0000802', '中国移动', 1, '预付费', 13100003657);
insert into T_TERMINALINFO (TERMINAL_ID,TTYPE_ID,SIM_ID,TERMINAL_CODE,ORG_CODE,IS_VIDEO_TERMINAL,SP_SERVER_NAME,PROTOCOL_TYPE,CHANNELS,YT_PROTOCOL_TYPE) values(221658, 4, 23658, '1003657', 'B0000802',1,'1076测试服务器','4',8,'0');
insert into V_VEHICLEINFO (ORG_CODE,VEHICLE_ID,ID_NUMBER,TYPE_ID,TERMINAL_ID,DELETE_FLAG,COLOR_ID_NUMBER_ID,AUTHORIZED_PAY_MASS) values ('B0000802','2201658', '测B03657', 4, 221658, 0, '2',15);

insert into T_SIMINFO (SIM_ID, ORG_CODE, DEPTCODE, STATE,PAY_MODLE, SIM_NUM) values(23659, 'B0000802', '中国移动', 1, '预付费', 13100003658);
insert into T_TERMINALINFO (TERMINAL_ID,TTYPE_ID,SIM_ID,TERMINAL_CODE,ORG_CODE,IS_VIDEO_TERMINAL,SP_SERVER_NAME,PROTOCOL_TYPE,CHANNELS,YT_PROTOCOL_TYPE) values(221659, 4, 23659, '1003658', 'B0000802',1,'1076测试服务器','4',8,'0');
insert into V_VEHICLEINFO (ORG_CODE,VEHICLE_ID,ID_NUMBER,TYPE_ID,TERMINAL_ID,DELETE_FLAG,COLOR_ID_NUMBER_ID,AUTHORIZED_PAY_MASS) values ('B0000802','2201659', '测B03658', 4, 221659, 0, '2',15);

insert into T_SIMINFO (SIM_ID, ORG_CODE, DEPTCODE, STATE,PAY_MODLE, SIM_NUM) values(23660, 'B0000802', '中国移动', 1, '预付费', 13100003659);
insert into T_TERMINALINFO (TERMINAL_ID,TTYPE_ID,SIM_ID,TERMINAL_CODE,ORG_CODE,IS_VIDEO_TERMINAL,SP_SERVER_NAME,PROTOCOL_TYPE,CHANNELS,YT_PROTOCOL_TYPE) values(221660, 4, 23660, '1003659', 'B0000802',1,'1076测试服务器','4',8,'0');
insert into V_VEHICLEINFO (ORG_CODE,VEHICLE_ID,ID_NUMBER,TYPE_ID,TERMINAL_ID,DELETE_FLAG,COLOR_ID_NUMBER_ID,AUTHORIZED_PAY_MASS) values ('B0000802','2201660', '测B03659', 4, 221660, 0, '2',15);

insert into T_SIMINFO (SIM_ID, ORG_CODE, DEPTCODE, STATE,PAY_MODLE, SIM_NUM) values(23661, 'B0000802', '中国移动', 1, '预付费', 13100003660);
insert into T_TERMINALINFO (TERMINAL_ID,TTYPE_ID,SIM_ID,TERMINAL_CODE,ORG_CODE,IS_VIDEO_TERMINAL,SP_SERVER_NAME,PROTOCOL_TYPE,CHANNELS,YT_PROTOCOL_TYPE) values(221661, 4, 23661, '1003660', 'B0000802',1,'1076测试服务器','4',8,'0');
insert into V_VEHICLEINFO (ORG_CODE,VEHICLE_ID,ID_NUMBER,TYPE_ID,TERMINAL_ID,DELETE_FLAG,COLOR_ID_NUMBER_ID,AUTHORIZED_PAY_MASS) values ('B0000802','2201661', '测B03660', 4, 221661, 0, '2',15);

insert into T_SIMINFO (SIM_ID, ORG_CODE, DEPTCODE, STATE,PAY_MODLE, SIM_NUM) values(23662, 'B0000802', '中国移动', 1, '预付费', 13100003661);
insert into T_TERMINALINFO (TERMINAL_ID,TTYPE_ID,SIM_ID,TERMINAL_CODE,ORG_CODE,IS_VIDEO_TERMINAL,SP_SERVER_NAME,PROTOCOL_TYPE,CHANNELS,YT_PROTOCOL_TYPE) values(221662, 4, 23662, '1003661', 'B0000802',1,'1076测试服务器','4',8,'0');
insert into V_VEHICLEINFO (ORG_CODE,VEHICLE_ID,ID_NUMBER,TYPE_ID,TERMINAL_ID,DELETE_FLAG,COLOR_ID_NUMBER_ID,AUTHORIZED_PAY_MASS) values ('B0000802','2201662', '测B03661', 4, 221662, 0, '2',15);

insert into T_SIMINFO (SIM_ID, ORG_CODE, DEPTCODE, STATE,PAY_MODLE, SIM_NUM) values(23663, 'B0000802', '中国移动', 1, '预付费', 13100003662);
insert into T_TERMINALINFO (TERMINAL_ID,TTYPE_ID,SIM_ID,TERMINAL_CODE,ORG_CODE,IS_VIDEO_TERMINAL,SP_SERVER_NAME,PROTOCOL_TYPE,CHANNELS,YT_PROTOCOL_TYPE) values(221663, 4, 23663, '1003662', 'B0000802',1,'1076测试服务器','4',8,'0');
insert into V_VEHICLEINFO (ORG_CODE,VEHICLE_ID,ID_NUMBER,TYPE_ID,TERMINAL_ID,DELETE_FLAG,COLOR_ID_NUMBER_ID,AUTHORIZED_PAY_MASS) values ('B0000802','2201663', '测B03662', 4, 221663, 0, '2',15);

insert into T_SIMINFO (SIM_ID, ORG_CODE, DEPTCODE, STATE,PAY_MODLE, SIM_NUM) values(23664, 'B0000802', '中国移动', 1, '预付费', 13100003663);
insert into T_TERMINALINFO (TERMINAL_ID,TTYPE_ID,SIM_ID,TERMINAL_CODE,ORG_CODE,IS_VIDEO_TERMINAL,SP_SERVER_NAME,PROTOCOL_TYPE,CHANNELS,YT_PROTOCOL_TYPE) values(221664, 4, 23664, '1003663', 'B0000802',1,'1076测试服务器','4',8,'0');
insert into V_VEHICLEINFO (ORG_CODE,VEHICLE_ID,ID_NUMBER,TYPE_ID,TERMINAL_ID,DELETE_FLAG,COLOR_ID_NUMBER_ID,AUTHORIZED_PAY_MASS) values ('B0000802','2201664', '测B03663', 4, 221664, 0, '2',15);

insert into T_SIMINFO (SIM_ID, ORG_CODE, DEPTCODE, STATE,PAY_MODLE, SIM_NUM) values(23665, 'B0000802', '中国移动', 1, '预付费', 13100003664);
insert into T_TERMINALINFO (TERMINAL_ID,TTYPE_ID,SIM_ID,TERMINAL_CODE,ORG_CODE,IS_VIDEO_TERMINAL,SP_SERVER_NAME,PROTOCOL_TYPE,CHANNELS,YT_PROTOCOL_TYPE) values(221665, 4, 23665, '1003664', 'B0000802',1,'1076测试服务器','4',8,'0');
insert into V_VEHICLEINFO (ORG_CODE,VEHICLE_ID,ID_NUMBER,TYPE_ID,TERMINAL_ID,DELETE_FLAG,COLOR_ID_NUMBER_ID,AUTHORIZED_PAY_MASS) values ('B0000802','2201665', '测B03664', 4, 221665, 0, '2',15);

insert into T_SIMINFO (SIM_ID, ORG_CODE, DEPTCODE, STATE,PAY_MODLE, SIM_NUM) values(23666, 'B0000802', '中国移动', 1, '预付费', 13100003665);
insert into T_TERMINALINFO (TERMINAL_ID,TTYPE_ID,SIM_ID,TERMINAL_CODE,ORG_CODE,IS_VIDEO_TERMINAL,SP_SERVER_NAME,PROTOCOL_TYPE,CHANNELS,YT_PROTOCOL_TYPE) values(221666, 4, 23666, '1003665', 'B0000802',1,'1076测试服务器','4',8,'0');
insert into V_VEHICLEINFO (ORG_CODE,VEHICLE_ID,ID_NUMBER,TYPE_ID,TERMINAL_ID,DELETE_FLAG,COLOR_ID_NUMBER_ID,AUTHORIZED_PAY_MASS) values ('B0000802','2201666', '测B03665', 4, 221666, 0, '2',15);

insert into T_SIMINFO (SIM_ID, ORG_CODE, DEPTCODE, STATE,PAY_MODLE, SIM_NUM) values(23667, 'B0000802', '中国移动', 1, '预付费', 13100003666);
insert into T_TERMINALINFO (TERMINAL_ID,TTYPE_ID,SIM_ID,TERMINAL_CODE,ORG_CODE,IS_VIDEO_TERMINAL,SP_SERVER_NAME,PROTOCOL_TYPE,CHANNELS,YT_PROTOCOL_TYPE) values(221667, 4, 23667, '1003666', 'B0000802',1,'1076测试服务器','4',8,'0');
insert into V_VEHICLEINFO (ORG_CODE,VEHICLE_ID,ID_NUMBER,TYPE_ID,TERMINAL_ID,DELETE_FLAG,COLOR_ID_NUMBER_ID,AUTHORIZED_PAY_MASS) values ('B0000802','2201667', '测B03666', 4, 221667, 0, '2',15);

insert into T_SIMINFO (SIM_ID, ORG_CODE, DEPTCODE, STATE,PAY_MODLE, SIM_NUM) values(23668, 'B0000802', '中国移动', 1, '预付费', 13100003667);
insert into T_TERMINALINFO (TERMINAL_ID,TTYPE_ID,SIM_ID,TERMINAL_CODE,ORG_CODE,IS_VIDEO_TERMINAL,SP_SERVER_NAME,PROTOCOL_TYPE,CHANNELS,YT_PROTOCOL_TYPE) values(221668, 4, 23668, '1003667', 'B0000802',1,'1076测试服务器','4',8,'0');
insert into V_VEHICLEINFO (ORG_CODE,VEHICLE_ID,ID_NUMBER,TYPE_ID,TERMINAL_ID,DELETE_FLAG,COLOR_ID_NUMBER_ID,AUTHORIZED_PAY_MASS) values ('B0000802','2201668', '测B03667', 4, 221668, 0, '2',15);

insert into T_SIMINFO (SIM_ID, ORG_CODE, DEPTCODE, STATE,PAY_MODLE, SIM_NUM) values(23669, 'B0000802', '中国移动', 1, '预付费', 13100003668);
insert into T_TERMINALINFO (TERMINAL_ID,TTYPE_ID,SIM_ID,TERMINAL_CODE,ORG_CODE,IS_VIDEO_TERMINAL,SP_SERVER_NAME,PROTOCOL_TYPE,CHANNELS,YT_PROTOCOL_TYPE) values(221669, 4, 23669, '1003668', 'B0000802',1,'1076测试服务器','4',8,'0');
insert into V_VEHICLEINFO (ORG_CODE,VEHICLE_ID,ID_NUMBER,TYPE_ID,TERMINAL_ID,DELETE_FLAG,COLOR_ID_NUMBER_ID,AUTHORIZED_PAY_MASS) values ('B0000802','2201669', '测B03668', 4, 221669, 0, '2',15);

insert into T_SIMINFO (SIM_ID, ORG_CODE, DEPTCODE, STATE,PAY_MODLE, SIM_NUM) values(23670, 'B0000802', '中国移动', 1, '预付费', 13100003669);
insert into T_TERMINALINFO (TERMINAL_ID,TTYPE_ID,SIM_ID,TERMINAL_CODE,ORG_CODE,IS_VIDEO_TERMINAL,SP_SERVER_NAME,PROTOCOL_TYPE,CHANNELS,YT_PROTOCOL_TYPE) values(221670, 4, 23670, '1003669', 'B0000802',1,'1076测试服务器','4',8,'0');
insert into V_VEHICLEINFO (ORG_CODE,VEHICLE_ID,ID_NUMBER,TYPE_ID,TERMINAL_ID,DELETE_FLAG,COLOR_ID_NUMBER_ID,AUTHORIZED_PAY_MASS) values ('B0000802','2201670', '测B03669', 4, 221670, 0, '2',15);

insert into T_SIMINFO (SIM_ID, ORG_CODE, DEPTCODE, STATE,PAY_MODLE, SIM_NUM) values(23671, 'B0000802', '中国移动', 1, '预付费', 13100003670);
insert into T_TERMINALINFO (TERMINAL_ID,TTYPE_ID,SIM_ID,TERMINAL_CODE,ORG_CODE,IS_VIDEO_TERMINAL,SP_SERVER_NAME,PROTOCOL_TYPE,CHANNELS,YT_PROTOCOL_TYPE) values(221671, 4, 23671, '1003670', 'B0000802',1,'1076测试服务器','4',8,'0');
insert into V_VEHICLEINFO (ORG_CODE,VEHICLE_ID,ID_NUMBER,TYPE_ID,TERMINAL_ID,DELETE_FLAG,COLOR_ID_NUMBER_ID,AUTHORIZED_PAY_MASS) values ('B0000802','2201671', '测B03670', 4, 221671, 0, '2',15);

insert into T_SIMINFO (SIM_ID, ORG_CODE, DEPTCODE, STATE,PAY_MODLE, SIM_NUM) values(23672, 'B0000802', '中国移动', 1, '预付费', 13100003671);
insert into T_TERMINALINFO (TERMINAL_ID,TTYPE_ID,SIM_ID,TERMINAL_CODE,ORG_CODE,IS_VIDEO_TERMINAL,SP_SERVER_NAME,PROTOCOL_TYPE,CHANNELS,YT_PROTOCOL_TYPE) values(221672, 4, 23672, '1003671', 'B0000802',1,'1076测试服务器','4',8,'0');
insert into V_VEHICLEINFO (ORG_CODE,VEHICLE_ID,ID_NUMBER,TYPE_ID,TERMINAL_ID,DELETE_FLAG,COLOR_ID_NUMBER_ID,AUTHORIZED_PAY_MASS) values ('B0000802','2201672', '测B03671', 4, 221672, 0, '2',15);

insert into T_SIMINFO (SIM_ID, ORG_CODE, DEPTCODE, STATE,PAY_MODLE, SIM_NUM) values(23673, 'B0000802', '中国移动', 1, '预付费', 13100003672);
insert into T_TERMINALINFO (TERMINAL_ID,TTYPE_ID,SIM_ID,TERMINAL_CODE,ORG_CODE,IS_VIDEO_TERMINAL,SP_SERVER_NAME,PROTOCOL_TYPE,CHANNELS,YT_PROTOCOL_TYPE) values(221673, 4, 23673, '1003672', 'B0000802',1,'1076测试服务器','4',8,'0');
insert into V_VEHICLEINFO (ORG_CODE,VEHICLE_ID,ID_NUMBER,TYPE_ID,TERMINAL_ID,DELETE_FLAG,COLOR_ID_NUMBER_ID,AUTHORIZED_PAY_MASS) values ('B0000802','2201673', '测B03672', 4, 221673, 0, '2',15);

insert into T_SIMINFO (SIM_ID, ORG_CODE, DEPTCODE, STATE,PAY_MODLE, SIM_NUM) values(23674, 'B0000802', '中国移动', 1, '预付费', 13100003673);
insert into T_TERMINALINFO (TERMINAL_ID,TTYPE_ID,SIM_ID,TERMINAL_CODE,ORG_CODE,IS_VIDEO_TERMINAL,SP_SERVER_NAME,PROTOCOL_TYPE,CHANNELS,YT_PROTOCOL_TYPE) values(221674, 4, 23674, '1003673', 'B0000802',1,'1076测试服务器','4',8,'0');
insert into V_VEHICLEINFO (ORG_CODE,VEHICLE_ID,ID_NUMBER,TYPE_ID,TERMINAL_ID,DELETE_FLAG,COLOR_ID_NUMBER_ID,AUTHORIZED_PAY_MASS) values ('B0000802','2201674', '测B03673', 4, 221674, 0, '2',15);

insert into T_SIMINFO (SIM_ID, ORG_CODE, DEPTCODE, STATE,PAY_MODLE, SIM_NUM) values(23675, 'B0000802', '中国移动', 1, '预付费', 13100003674);
insert into T_TERMINALINFO (TERMINAL_ID,TTYPE_ID,SIM_ID,TERMINAL_CODE,ORG_CODE,IS_VIDEO_TERMINAL,SP_SERVER_NAME,PROTOCOL_TYPE,CHANNELS,YT_PROTOCOL_TYPE) values(221675, 4, 23675, '1003674', 'B0000802',1,'1076测试服务器','4',8,'0');
insert into V_VEHICLEINFO (ORG_CODE,VEHICLE_ID,ID_NUMBER,TYPE_ID,TERMINAL_ID,DELETE_FLAG,COLOR_ID_NUMBER_ID,AUTHORIZED_PAY_MASS) values ('B0000802','2201675', '测B03674', 4, 221675, 0, '2',15);

insert into T_SIMINFO (SIM_ID, ORG_CODE, DEPTCODE, STATE,PAY_MODLE, SIM_NUM) values(23676, 'B0000802', '中国移动', 1, '预付费', 13100003675);
insert into T_TERMINALINFO (TERMINAL_ID,TTYPE_ID,SIM_ID,TERMINAL_CODE,ORG_CODE,IS_VIDEO_TERMINAL,SP_SERVER_NAME,PROTOCOL_TYPE,CHANNELS,YT_PROTOCOL_TYPE) values(221676, 4, 23676, '1003675', 'B0000802',1,'1076测试服务器','4',8,'0');
insert into V_VEHICLEINFO (ORG_CODE,VEHICLE_ID,ID_NUMBER,TYPE_ID,TERMINAL_ID,DELETE_FLAG,COLOR_ID_NUMBER_ID,AUTHORIZED_PAY_MASS) values ('B0000802','2201676', '测B03675', 4, 221676, 0, '2',15);

insert into T_SIMINFO (SIM_ID, ORG_CODE, DEPTCODE, STATE,PAY_MODLE, SIM_NUM) values(23677, 'B0000802', '中国移动', 1, '预付费', 13100003676);
insert into T_TERMINALINFO (TERMINAL_ID,TTYPE_ID,SIM_ID,TERMINAL_CODE,ORG_CODE,IS_VIDEO_TERMINAL,SP_SERVER_NAME,PROTOCOL_TYPE,CHANNELS,YT_PROTOCOL_TYPE) values(221677, 4, 23677, '1003676', 'B0000802',1,'1076测试服务器','4',8,'0');
insert into V_VEHICLEINFO (ORG_CODE,VEHICLE_ID,ID_NUMBER,TYPE_ID,TERMINAL_ID,DELETE_FLAG,COLOR_ID_NUMBER_ID,AUTHORIZED_PAY_MASS) values ('B0000802','2201677', '测B03676', 4, 221677, 0, '2',15);

insert into T_SIMINFO (SIM_ID, ORG_CODE, DEPTCODE, STATE,PAY_MODLE, SIM_NUM) values(23678, 'B0000802', '中国移动', 1, '预付费', 13100003677);
insert into T_TERMINALINFO (TERMINAL_ID,TTYPE_ID,SIM_ID,TERMINAL_CODE,ORG_CODE,IS_VIDEO_TERMINAL,SP_SERVER_NAME,PROTOCOL_TYPE,CHANNELS,YT_PROTOCOL_TYPE) values(221678, 4, 23678, '1003677', 'B0000802',1,'1076测试服务器','4',8,'0');
insert into V_VEHICLEINFO (ORG_CODE,VEHICLE_ID,ID_NUMBER,TYPE_ID,TERMINAL_ID,DELETE_FLAG,COLOR_ID_NUMBER_ID,AUTHORIZED_PAY_MASS) values ('B0000802','2201678', '测B03677', 4, 221678, 0, '2',15);

insert into T_SIMINFO (SIM_ID, ORG_CODE, DEPTCODE, STATE,PAY_MODLE, SIM_NUM) values(23679, 'B0000802', '中国移动', 1, '预付费', 13100003678);
insert into T_TERMINALINFO (TERMINAL_ID,TTYPE_ID,SIM_ID,TERMINAL_CODE,ORG_CODE,IS_VIDEO_TERMINAL,SP_SERVER_NAME,PROTOCOL_TYPE,CHANNELS,YT_PROTOCOL_TYPE) values(221679, 4, 23679, '1003678', 'B0000802',1,'1076测试服务器','4',8,'0');
insert into V_VEHICLEINFO (ORG_CODE,VEHICLE_ID,ID_NUMBER,TYPE_ID,TERMINAL_ID,DELETE_FLAG,COLOR_ID_NUMBER_ID,AUTHORIZED_PAY_MASS) values ('B0000802','2201679', '测B03678', 4, 221679, 0, '2',15);

insert into T_SIMINFO (SIM_ID, ORG_CODE, DEPTCODE, STATE,PAY_MODLE, SIM_NUM) values(23680, 'B0000802', '中国移动', 1, '预付费', 13100003679);
insert into T_TERMINALINFO (TERMINAL_ID,TTYPE_ID,SIM_ID,TERMINAL_CODE,ORG_CODE,IS_VIDEO_TERMINAL,SP_SERVER_NAME,PROTOCOL_TYPE,CHANNELS,YT_PROTOCOL_TYPE) values(221680, 4, 23680, '1003679', 'B0000802',1,'1076测试服务器','4',8,'0');
insert into V_VEHICLEINFO (ORG_CODE,VEHICLE_ID,ID_NUMBER,TYPE_ID,TERMINAL_ID,DELETE_FLAG,COLOR_ID_NUMBER_ID,AUTHORIZED_PAY_MASS) values ('B0000802','2201680', '测B03679', 4, 221680, 0, '2',15);

insert into T_SIMINFO (SIM_ID, ORG_CODE, DEPTCODE, STATE,PAY_MODLE, SIM_NUM) values(23681, 'B0000802', '中国移动', 1, '预付费', 13100003680);
insert into T_TERMINALINFO (TERMINAL_ID,TTYPE_ID,SIM_ID,TERMINAL_CODE,ORG_CODE,IS_VIDEO_TERMINAL,SP_SERVER_NAME,PROTOCOL_TYPE,CHANNELS,YT_PROTOCOL_TYPE) values(221681, 4, 23681, '1003680', 'B0000802',1,'1076测试服务器','4',8,'0');
insert into V_VEHICLEINFO (ORG_CODE,VEHICLE_ID,ID_NUMBER,TYPE_ID,TERMINAL_ID,DELETE_FLAG,COLOR_ID_NUMBER_ID,AUTHORIZED_PAY_MASS) values ('B0000802','2201681', '测B03680', 4, 221681, 0, '2',15);

insert into T_SIMINFO (SIM_ID, ORG_CODE, DEPTCODE, STATE,PAY_MODLE, SIM_NUM) values(23682, 'B0000802', '中国移动', 1, '预付费', 13100003681);
insert into T_TERMINALINFO (TERMINAL_ID,TTYPE_ID,SIM_ID,TERMINAL_CODE,ORG_CODE,IS_VIDEO_TERMINAL,SP_SERVER_NAME,PROTOCOL_TYPE,CHANNELS,YT_PROTOCOL_TYPE) values(221682, 4, 23682, '1003681', 'B0000802',1,'1076测试服务器','4',8,'0');
insert into V_VEHICLEINFO (ORG_CODE,VEHICLE_ID,ID_NUMBER,TYPE_ID,TERMINAL_ID,DELETE_FLAG,COLOR_ID_NUMBER_ID,AUTHORIZED_PAY_MASS) values ('B0000802','2201682', '测B03681', 4, 221682, 0, '2',15);

insert into T_SIMINFO (SIM_ID, ORG_CODE, DEPTCODE, STATE,PAY_MODLE, SIM_NUM) values(23683, 'B0000802', '中国移动', 1, '预付费', 13100003682);
insert into T_TERMINALINFO (TERMINAL_ID,TTYPE_ID,SIM_ID,TERMINAL_CODE,ORG_CODE,IS_VIDEO_TERMINAL,SP_SERVER_NAME,PROTOCOL_TYPE,CHANNELS,YT_PROTOCOL_TYPE) values(221683, 4, 23683, '1003682', 'B0000802',1,'1076测试服务器','4',8,'0');
insert into V_VEHICLEINFO (ORG_CODE,VEHICLE_ID,ID_NUMBER,TYPE_ID,TERMINAL_ID,DELETE_FLAG,COLOR_ID_NUMBER_ID,AUTHORIZED_PAY_MASS) values ('B0000802','2201683', '测B03682', 4, 221683, 0, '2',15);

insert into T_SIMINFO (SIM_ID, ORG_CODE, DEPTCODE, STATE,PAY_MODLE, SIM_NUM) values(23684, 'B0000802', '中国移动', 1, '预付费', 13100003683);
insert into T_TERMINALINFO (TERMINAL_ID,TTYPE_ID,SIM_ID,TERMINAL_CODE,ORG_CODE,IS_VIDEO_TERMINAL,SP_SERVER_NAME,PROTOCOL_TYPE,CHANNELS,YT_PROTOCOL_TYPE) values(221684, 4, 23684, '1003683', 'B0000802',1,'1076测试服务器','4',8,'0');
insert into V_VEHICLEINFO (ORG_CODE,VEHICLE_ID,ID_NUMBER,TYPE_ID,TERMINAL_ID,DELETE_FLAG,COLOR_ID_NUMBER_ID,AUTHORIZED_PAY_MASS) values ('B0000802','2201684', '测B03683', 4, 221684, 0, '2',15);

insert into T_SIMINFO (SIM_ID, ORG_CODE, DEPTCODE, STATE,PAY_MODLE, SIM_NUM) values(23685, 'B0000802', '中国移动', 1, '预付费', 13100003684);
insert into T_TERMINALINFO (TERMINAL_ID,TTYPE_ID,SIM_ID,TERMINAL_CODE,ORG_CODE,IS_VIDEO_TERMINAL,SP_SERVER_NAME,PROTOCOL_TYPE,CHANNELS,YT_PROTOCOL_TYPE) values(221685, 4, 23685, '1003684', 'B0000802',1,'1076测试服务器','4',8,'0');
insert into V_VEHICLEINFO (ORG_CODE,VEHICLE_ID,ID_NUMBER,TYPE_ID,TERMINAL_ID,DELETE_FLAG,COLOR_ID_NUMBER_ID,AUTHORIZED_PAY_MASS) values ('B0000802','2201685', '测B03684', 4, 221685, 0, '2',15);

insert into T_SIMINFO (SIM_ID, ORG_CODE, DEPTCODE, STATE,PAY_MODLE, SIM_NUM) values(23686, 'B0000802', '中国移动', 1, '预付费', 13100003685);
insert into T_TERMINALINFO (TERMINAL_ID,TTYPE_ID,SIM_ID,TERMINAL_CODE,ORG_CODE,IS_VIDEO_TERMINAL,SP_SERVER_NAME,PROTOCOL_TYPE,CHANNELS,YT_PROTOCOL_TYPE) values(221686, 4, 23686, '1003685', 'B0000802',1,'1076测试服务器','4',8,'0');
insert into V_VEHICLEINFO (ORG_CODE,VEHICLE_ID,ID_NUMBER,TYPE_ID,TERMINAL_ID,DELETE_FLAG,COLOR_ID_NUMBER_ID,AUTHORIZED_PAY_MASS) values ('B0000802','2201686', '测B03685', 4, 221686, 0, '2',15);

insert into T_SIMINFO (SIM_ID, ORG_CODE, DEPTCODE, STATE,PAY_MODLE, SIM_NUM) values(23687, 'B0000802', '中国移动', 1, '预付费', 13100003686);
insert into T_TERMINALINFO (TERMINAL_ID,TTYPE_ID,SIM_ID,TERMINAL_CODE,ORG_CODE,IS_VIDEO_TERMINAL,SP_SERVER_NAME,PROTOCOL_TYPE,CHANNELS,YT_PROTOCOL_TYPE) values(221687, 4, 23687, '1003686', 'B0000802',1,'1076测试服务器','4',8,'0');
insert into V_VEHICLEINFO (ORG_CODE,VEHICLE_ID,ID_NUMBER,TYPE_ID,TERMINAL_ID,DELETE_FLAG,COLOR_ID_NUMBER_ID,AUTHORIZED_PAY_MASS) values ('B0000802','2201687', '测B03686', 4, 221687, 0, '2',15);

insert into T_SIMINFO (SIM_ID, ORG_CODE, DEPTCODE, STATE,PAY_MODLE, SIM_NUM) values(23688, 'B0000802', '中国移动', 1, '预付费', 13100003687);
insert into T_TERMINALINFO (TERMINAL_ID,TTYPE_ID,SIM_ID,TERMINAL_CODE,ORG_CODE,IS_VIDEO_TERMINAL,SP_SERVER_NAME,PROTOCOL_TYPE,CHANNELS,YT_PROTOCOL_TYPE) values(221688, 4, 23688, '1003687', 'B0000802',1,'1076测试服务器','4',8,'0');
insert into V_VEHICLEINFO (ORG_CODE,VEHICLE_ID,ID_NUMBER,TYPE_ID,TERMINAL_ID,DELETE_FLAG,COLOR_ID_NUMBER_ID,AUTHORIZED_PAY_MASS) values ('B0000802','2201688', '测B03687', 4, 221688, 0, '2',15);

insert into T_SIMINFO (SIM_ID, ORG_CODE, DEPTCODE, STATE,PAY_MODLE, SIM_NUM) values(23689, 'B0000802', '中国移动', 1, '预付费', 13100003688);
insert into T_TERMINALINFO (TERMINAL_ID,TTYPE_ID,SIM_ID,TERMINAL_CODE,ORG_CODE,IS_VIDEO_TERMINAL,SP_SERVER_NAME,PROTOCOL_TYPE,CHANNELS,YT_PROTOCOL_TYPE) values(221689, 4, 23689, '1003688', 'B0000802',1,'1076测试服务器','4',8,'0');
insert into V_VEHICLEINFO (ORG_CODE,VEHICLE_ID,ID_NUMBER,TYPE_ID,TERMINAL_ID,DELETE_FLAG,COLOR_ID_NUMBER_ID,AUTHORIZED_PAY_MASS) values ('B0000802','2201689', '测B03688', 4, 221689, 0, '2',15);

insert into T_SIMINFO (SIM_ID, ORG_CODE, DEPTCODE, STATE,PAY_MODLE, SIM_NUM) values(23690, 'B0000802', '中国移动', 1, '预付费', 13100003689);
insert into T_TERMINALINFO (TERMINAL_ID,TTYPE_ID,SIM_ID,TERMINAL_CODE,ORG_CODE,IS_VIDEO_TERMINAL,SP_SERVER_NAME,PROTOCOL_TYPE,CHANNELS,YT_PROTOCOL_TYPE) values(221690, 4, 23690, '1003689', 'B0000802',1,'1076测试服务器','4',8,'0');
insert into V_VEHICLEINFO (ORG_CODE,VEHICLE_ID,ID_NUMBER,TYPE_ID,TERMINAL_ID,DELETE_FLAG,COLOR_ID_NUMBER_ID,AUTHORIZED_PAY_MASS) values ('B0000802','2201690', '测B03689', 4, 221690, 0, '2',15);

insert into T_SIMINFO (SIM_ID, ORG_CODE, DEPTCODE, STATE,PAY_MODLE, SIM_NUM) values(23691, 'B0000802', '中国移动', 1, '预付费', 13100003690);
insert into T_TERMINALINFO (TERMINAL_ID,TTYPE_ID,SIM_ID,TERMINAL_CODE,ORG_CODE,IS_VIDEO_TERMINAL,SP_SERVER_NAME,PROTOCOL_TYPE,CHANNELS,YT_PROTOCOL_TYPE) values(221691, 4, 23691, '1003690', 'B0000802',1,'1076测试服务器','4',8,'0');
insert into V_VEHICLEINFO (ORG_CODE,VEHICLE_ID,ID_NUMBER,TYPE_ID,TERMINAL_ID,DELETE_FLAG,COLOR_ID_NUMBER_ID,AUTHORIZED_PAY_MASS) values ('B0000802','2201691', '测B03690', 4, 221691, 0, '2',15);

insert into T_SIMINFO (SIM_ID, ORG_CODE, DEPTCODE, STATE,PAY_MODLE, SIM_NUM) values(23692, 'B0000802', '中国移动', 1, '预付费', 13100003691);
insert into T_TERMINALINFO (TERMINAL_ID,TTYPE_ID,SIM_ID,TERMINAL_CODE,ORG_CODE,IS_VIDEO_TERMINAL,SP_SERVER_NAME,PROTOCOL_TYPE,CHANNELS,YT_PROTOCOL_TYPE) values(221692, 4, 23692, '1003691', 'B0000802',1,'1076测试服务器','4',8,'0');
insert into V_VEHICLEINFO (ORG_CODE,VEHICLE_ID,ID_NUMBER,TYPE_ID,TERMINAL_ID,DELETE_FLAG,COLOR_ID_NUMBER_ID,AUTHORIZED_PAY_MASS) values ('B0000802','2201692', '测B03691', 4, 221692, 0, '2',15);

insert into T_SIMINFO (SIM_ID, ORG_CODE, DEPTCODE, STATE,PAY_MODLE, SIM_NUM) values(23693, 'B0000802', '中国移动', 1, '预付费', 13100003692);
insert into T_TERMINALINFO (TERMINAL_ID,TTYPE_ID,SIM_ID,TERMINAL_CODE,ORG_CODE,IS_VIDEO_TERMINAL,SP_SERVER_NAME,PROTOCOL_TYPE,CHANNELS,YT_PROTOCOL_TYPE) values(221693, 4, 23693, '1003692', 'B0000802',1,'1076测试服务器','4',8,'0');
insert into V_VEHICLEINFO (ORG_CODE,VEHICLE_ID,ID_NUMBER,TYPE_ID,TERMINAL_ID,DELETE_FLAG,COLOR_ID_NUMBER_ID,AUTHORIZED_PAY_MASS) values ('B0000802','2201693', '测B03692', 4, 221693, 0, '2',15);

insert into T_SIMINFO (SIM_ID, ORG_CODE, DEPTCODE, STATE,PAY_MODLE, SIM_NUM) values(23694, 'B0000802', '中国移动', 1, '预付费', 13100003693);
insert into T_TERMINALINFO (TERMINAL_ID,TTYPE_ID,SIM_ID,TERMINAL_CODE,ORG_CODE,IS_VIDEO_TERMINAL,SP_SERVER_NAME,PROTOCOL_TYPE,CHANNELS,YT_PROTOCOL_TYPE) values(221694, 4, 23694, '1003693', 'B0000802',1,'1076测试服务器','4',8,'0');
insert into V_VEHICLEINFO (ORG_CODE,VEHICLE_ID,ID_NUMBER,TYPE_ID,TERMINAL_ID,DELETE_FLAG,COLOR_ID_NUMBER_ID,AUTHORIZED_PAY_MASS) values ('B0000802','2201694', '测B03693', 4, 221694, 0, '2',15);

insert into T_SIMINFO (SIM_ID, ORG_CODE, DEPTCODE, STATE,PAY_MODLE, SIM_NUM) values(23695, 'B0000802', '中国移动', 1, '预付费', 13100003694);
insert into T_TERMINALINFO (TERMINAL_ID,TTYPE_ID,SIM_ID,TERMINAL_CODE,ORG_CODE,IS_VIDEO_TERMINAL,SP_SERVER_NAME,PROTOCOL_TYPE,CHANNELS,YT_PROTOCOL_TYPE) values(221695, 4, 23695, '1003694', 'B0000802',1,'1076测试服务器','4',8,'0');
insert into V_VEHICLEINFO (ORG_CODE,VEHICLE_ID,ID_NUMBER,TYPE_ID,TERMINAL_ID,DELETE_FLAG,COLOR_ID_NUMBER_ID,AUTHORIZED_PAY_MASS) values ('B0000802','2201695', '测B03694', 4, 221695, 0, '2',15);

insert into T_SIMINFO (SIM_ID, ORG_CODE, DEPTCODE, STATE,PAY_MODLE, SIM_NUM) values(23696, 'B0000802', '中国移动', 1, '预付费', 13100003695);
insert into T_TERMINALINFO (TERMINAL_ID,TTYPE_ID,SIM_ID,TERMINAL_CODE,ORG_CODE,IS_VIDEO_TERMINAL,SP_SERVER_NAME,PROTOCOL_TYPE,CHANNELS,YT_PROTOCOL_TYPE) values(221696, 4, 23696, '1003695', 'B0000802',1,'1076测试服务器','4',8,'0');
insert into V_VEHICLEINFO (ORG_CODE,VEHICLE_ID,ID_NUMBER,TYPE_ID,TERMINAL_ID,DELETE_FLAG,COLOR_ID_NUMBER_ID,AUTHORIZED_PAY_MASS) values ('B0000802','2201696', '测B03695', 4, 221696, 0, '2',15);

insert into T_SIMINFO (SIM_ID, ORG_CODE, DEPTCODE, STATE,PAY_MODLE, SIM_NUM) values(23697, 'B0000802', '中国移动', 1, '预付费', 13100003696);
insert into T_TERMINALINFO (TERMINAL_ID,TTYPE_ID,SIM_ID,TERMINAL_CODE,ORG_CODE,IS_VIDEO_TERMINAL,SP_SERVER_NAME,PROTOCOL_TYPE,CHANNELS,YT_PROTOCOL_TYPE) values(221697, 4, 23697, '1003696', 'B0000802',1,'1076测试服务器','4',8,'0');
insert into V_VEHICLEINFO (ORG_CODE,VEHICLE_ID,ID_NUMBER,TYPE_ID,TERMINAL_ID,DELETE_FLAG,COLOR_ID_NUMBER_ID,AUTHORIZED_PAY_MASS) values ('B0000802','2201697', '测B03696', 4, 221697, 0, '2',15);

insert into T_SIMINFO (SIM_ID, ORG_CODE, DEPTCODE, STATE,PAY_MODLE, SIM_NUM) values(23698, 'B0000802', '中国移动', 1, '预付费', 13100003697);
insert into T_TERMINALINFO (TERMINAL_ID,TTYPE_ID,SIM_ID,TERMINAL_CODE,ORG_CODE,IS_VIDEO_TERMINAL,SP_SERVER_NAME,PROTOCOL_TYPE,CHANNELS,YT_PROTOCOL_TYPE) values(221698, 4, 23698, '1003697', 'B0000802',1,'1076测试服务器','4',8,'0');
insert into V_VEHICLEINFO (ORG_CODE,VEHICLE_ID,ID_NUMBER,TYPE_ID,TERMINAL_ID,DELETE_FLAG,COLOR_ID_NUMBER_ID,AUTHORIZED_PAY_MASS) values ('B0000802','2201698', '测B03697', 4, 221698, 0, '2',15);

insert into T_SIMINFO (SIM_ID, ORG_CODE, DEPTCODE, STATE,PAY_MODLE, SIM_NUM) values(23699, 'B0000802', '中国移动', 1, '预付费', 13100003698);
insert into T_TERMINALINFO (TERMINAL_ID,TTYPE_ID,SIM_ID,TERMINAL_CODE,ORG_CODE,IS_VIDEO_TERMINAL,SP_SERVER_NAME,PROTOCOL_TYPE,CHANNELS,YT_PROTOCOL_TYPE) values(221699, 4, 23699, '1003698', 'B0000802',1,'1076测试服务器','4',8,'0');
insert into V_VEHICLEINFO (ORG_CODE,VEHICLE_ID,ID_NUMBER,TYPE_ID,TERMINAL_ID,DELETE_FLAG,COLOR_ID_NUMBER_ID,AUTHORIZED_PAY_MASS) values ('B0000802','2201699', '测B03698', 4, 221699, 0, '2',15);

insert into T_SIMINFO (SIM_ID, ORG_CODE, DEPTCODE, STATE,PAY_MODLE, SIM_NUM) values(23700, 'B0000802', '中国移动', 1, '预付费', 13100003699);
insert into T_TERMINALINFO (TERMINAL_ID,TTYPE_ID,SIM_ID,TERMINAL_CODE,ORG_CODE,IS_VIDEO_TERMINAL,SP_SERVER_NAME,PROTOCOL_TYPE,CHANNELS,YT_PROTOCOL_TYPE) values(221700, 4, 23700, '1003699', 'B0000802',1,'1076测试服务器','4',8,'0');
insert into V_VEHICLEINFO (ORG_CODE,VEHICLE_ID,ID_NUMBER,TYPE_ID,TERMINAL_ID,DELETE_FLAG,COLOR_ID_NUMBER_ID,AUTHORIZED_PAY_MASS) values ('B0000802','2201700', '测B03699', 4, 221700, 0, '2',15);

insert into T_SIMINFO (SIM_ID, ORG_CODE, DEPTCODE, STATE,PAY_MODLE, SIM_NUM) values(23701, 'B0000802', '中国移动', 1, '预付费', 13100003700);
insert into T_TERMINALINFO (TERMINAL_ID,TTYPE_ID,SIM_ID,TERMINAL_CODE,ORG_CODE,IS_VIDEO_TERMINAL,SP_SERVER_NAME,PROTOCOL_TYPE,CHANNELS,YT_PROTOCOL_TYPE) values(221701, 4, 23701, '1003700', 'B0000802',1,'1076测试服务器','4',8,'0');
insert into V_VEHICLEINFO (ORG_CODE,VEHICLE_ID,ID_NUMBER,TYPE_ID,TERMINAL_ID,DELETE_FLAG,COLOR_ID_NUMBER_ID,AUTHORIZED_PAY_MASS) values ('B0000802','2201701', '测B03700', 4, 221701, 0, '2',15);

insert into T_SIMINFO (SIM_ID, ORG_CODE, DEPTCODE, STATE,PAY_MODLE, SIM_NUM) values(23702, 'B0000802', '中国移动', 1, '预付费', 13100003701);
insert into T_TERMINALINFO (TERMINAL_ID,TTYPE_ID,SIM_ID,TERMINAL_CODE,ORG_CODE,IS_VIDEO_TERMINAL,SP_SERVER_NAME,PROTOCOL_TYPE,CHANNELS,YT_PROTOCOL_TYPE) values(221702, 4, 23702, '1003701', 'B0000802',1,'1076测试服务器','4',8,'0');
insert into V_VEHICLEINFO (ORG_CODE,VEHICLE_ID,ID_NUMBER,TYPE_ID,TERMINAL_ID,DELETE_FLAG,COLOR_ID_NUMBER_ID,AUTHORIZED_PAY_MASS) values ('B0000802','2201702', '测B03701', 4, 221702, 0, '2',15);

insert into T_SIMINFO (SIM_ID, ORG_CODE, DEPTCODE, STATE,PAY_MODLE, SIM_NUM) values(23703, 'B0000802', '中国移动', 1, '预付费', 13100003702);
insert into T_TERMINALINFO (TERMINAL_ID,TTYPE_ID,SIM_ID,TERMINAL_CODE,ORG_CODE,IS_VIDEO_TERMINAL,SP_SERVER_NAME,PROTOCOL_TYPE,CHANNELS,YT_PROTOCOL_TYPE) values(221703, 4, 23703, '1003702', 'B0000802',1,'1076测试服务器','4',8,'0');
insert into V_VEHICLEINFO (ORG_CODE,VEHICLE_ID,ID_NUMBER,TYPE_ID,TERMINAL_ID,DELETE_FLAG,COLOR_ID_NUMBER_ID,AUTHORIZED_PAY_MASS) values ('B0000802','2201703', '测B03702', 4, 221703, 0, '2',15);

insert into T_SIMINFO (SIM_ID, ORG_CODE, DEPTCODE, STATE,PAY_MODLE, SIM_NUM) values(23704, 'B0000802', '中国移动', 1, '预付费', 13100003703);
insert into T_TERMINALINFO (TERMINAL_ID,TTYPE_ID,SIM_ID,TERMINAL_CODE,ORG_CODE,IS_VIDEO_TERMINAL,SP_SERVER_NAME,PROTOCOL_TYPE,CHANNELS,YT_PROTOCOL_TYPE) values(221704, 4, 23704, '1003703', 'B0000802',1,'1076测试服务器','4',8,'0');
insert into V_VEHICLEINFO (ORG_CODE,VEHICLE_ID,ID_NUMBER,TYPE_ID,TERMINAL_ID,DELETE_FLAG,COLOR_ID_NUMBER_ID,AUTHORIZED_PAY_MASS) values ('B0000802','2201704', '测B03703', 4, 221704, 0, '2',15);

insert into T_SIMINFO (SIM_ID, ORG_CODE, DEPTCODE, STATE,PAY_MODLE, SIM_NUM) values(23705, 'B0000802', '中国移动', 1, '预付费', 13100003704);
insert into T_TERMINALINFO (TERMINAL_ID,TTYPE_ID,SIM_ID,TERMINAL_CODE,ORG_CODE,IS_VIDEO_TERMINAL,SP_SERVER_NAME,PROTOCOL_TYPE,CHANNELS,YT_PROTOCOL_TYPE) values(221705, 4, 23705, '1003704', 'B0000802',1,'1076测试服务器','4',8,'0');
insert into V_VEHICLEINFO (ORG_CODE,VEHICLE_ID,ID_NUMBER,TYPE_ID,TERMINAL_ID,DELETE_FLAG,COLOR_ID_NUMBER_ID,AUTHORIZED_PAY_MASS) values ('B0000802','2201705', '测B03704', 4, 221705, 0, '2',15);

insert into T_SIMINFO (SIM_ID, ORG_CODE, DEPTCODE, STATE,PAY_MODLE, SIM_NUM) values(23706, 'B0000802', '中国移动', 1, '预付费', 13100003705);
insert into T_TERMINALINFO (TERMINAL_ID,TTYPE_ID,SIM_ID,TERMINAL_CODE,ORG_CODE,IS_VIDEO_TERMINAL,SP_SERVER_NAME,PROTOCOL_TYPE,CHANNELS,YT_PROTOCOL_TYPE) values(221706, 4, 23706, '1003705', 'B0000802',1,'1076测试服务器','4',8,'0');
insert into V_VEHICLEINFO (ORG_CODE,VEHICLE_ID,ID_NUMBER,TYPE_ID,TERMINAL_ID,DELETE_FLAG,COLOR_ID_NUMBER_ID,AUTHORIZED_PAY_MASS) values ('B0000802','2201706', '测B03705', 4, 221706, 0, '2',15);

insert into T_SIMINFO (SIM_ID, ORG_CODE, DEPTCODE, STATE,PAY_MODLE, SIM_NUM) values(23707, 'B0000802', '中国移动', 1, '预付费', 13100003706);
insert into T_TERMINALINFO (TERMINAL_ID,TTYPE_ID,SIM_ID,TERMINAL_CODE,ORG_CODE,IS_VIDEO_TERMINAL,SP_SERVER_NAME,PROTOCOL_TYPE,CHANNELS,YT_PROTOCOL_TYPE) values(221707, 4, 23707, '1003706', 'B0000802',1,'1076测试服务器','4',8,'0');
insert into V_VEHICLEINFO (ORG_CODE,VEHICLE_ID,ID_NUMBER,TYPE_ID,TERMINAL_ID,DELETE_FLAG,COLOR_ID_NUMBER_ID,AUTHORIZED_PAY_MASS) values ('B0000802','2201707', '测B03706', 4, 221707, 0, '2',15);

insert into T_SIMINFO (SIM_ID, ORG_CODE, DEPTCODE, STATE,PAY_MODLE, SIM_NUM) values(23708, 'B0000802', '中国移动', 1, '预付费', 13100003707);
insert into T_TERMINALINFO (TERMINAL_ID,TTYPE_ID,SIM_ID,TERMINAL_CODE,ORG_CODE,IS_VIDEO_TERMINAL,SP_SERVER_NAME,PROTOCOL_TYPE,CHANNELS,YT_PROTOCOL_TYPE) values(221708, 4, 23708, '1003707', 'B0000802',1,'1076测试服务器','4',8,'0');
insert into V_VEHICLEINFO (ORG_CODE,VEHICLE_ID,ID_NUMBER,TYPE_ID,TERMINAL_ID,DELETE_FLAG,COLOR_ID_NUMBER_ID,AUTHORIZED_PAY_MASS) values ('B0000802','2201708', '测B03707', 4, 221708, 0, '2',15);

insert into T_SIMINFO (SIM_ID, ORG_CODE, DEPTCODE, STATE,PAY_MODLE, SIM_NUM) values(23709, 'B0000802', '中国移动', 1, '预付费', 13100003708);
insert into T_TERMINALINFO (TERMINAL_ID,TTYPE_ID,SIM_ID,TERMINAL_CODE,ORG_CODE,IS_VIDEO_TERMINAL,SP_SERVER_NAME,PROTOCOL_TYPE,CHANNELS,YT_PROTOCOL_TYPE) values(221709, 4, 23709, '1003708', 'B0000802',1,'1076测试服务器','4',8,'0');
insert into V_VEHICLEINFO (ORG_CODE,VEHICLE_ID,ID_NUMBER,TYPE_ID,TERMINAL_ID,DELETE_FLAG,COLOR_ID_NUMBER_ID,AUTHORIZED_PAY_MASS) values ('B0000802','2201709', '测B03708', 4, 221709, 0, '2',15);

insert into T_SIMINFO (SIM_ID, ORG_CODE, DEPTCODE, STATE,PAY_MODLE, SIM_NUM) values(23710, 'B0000802', '中国移动', 1, '预付费', 13100003709);
insert into T_TERMINALINFO (TERMINAL_ID,TTYPE_ID,SIM_ID,TERMINAL_CODE,ORG_CODE,IS_VIDEO_TERMINAL,SP_SERVER_NAME,PROTOCOL_TYPE,CHANNELS,YT_PROTOCOL_TYPE) values(221710, 4, 23710, '1003709', 'B0000802',1,'1076测试服务器','4',8,'0');
insert into V_VEHICLEINFO (ORG_CODE,VEHICLE_ID,ID_NUMBER,TYPE_ID,TERMINAL_ID,DELETE_FLAG,COLOR_ID_NUMBER_ID,AUTHORIZED_PAY_MASS) values ('B0000802','2201710', '测B03709', 4, 221710, 0, '2',15);

insert into T_SIMINFO (SIM_ID, ORG_CODE, DEPTCODE, STATE,PAY_MODLE, SIM_NUM) values(23711, 'B0000802', '中国移动', 1, '预付费', 13100003710);
insert into T_TERMINALINFO (TERMINAL_ID,TTYPE_ID,SIM_ID,TERMINAL_CODE,ORG_CODE,IS_VIDEO_TERMINAL,SP_SERVER_NAME,PROTOCOL_TYPE,CHANNELS,YT_PROTOCOL_TYPE) values(221711, 4, 23711, '1003710', 'B0000802',1,'1076测试服务器','4',8,'0');
insert into V_VEHICLEINFO (ORG_CODE,VEHICLE_ID,ID_NUMBER,TYPE_ID,TERMINAL_ID,DELETE_FLAG,COLOR_ID_NUMBER_ID,AUTHORIZED_PAY_MASS) values ('B0000802','2201711', '测B03710', 4, 221711, 0, '2',15);

insert into T_SIMINFO (SIM_ID, ORG_CODE, DEPTCODE, STATE,PAY_MODLE, SIM_NUM) values(23712, 'B0000802', '中国移动', 1, '预付费', 13100003711);
insert into T_TERMINALINFO (TERMINAL_ID,TTYPE_ID,SIM_ID,TERMINAL_CODE,ORG_CODE,IS_VIDEO_TERMINAL,SP_SERVER_NAME,PROTOCOL_TYPE,CHANNELS,YT_PROTOCOL_TYPE) values(221712, 4, 23712, '1003711', 'B0000802',1,'1076测试服务器','4',8,'0');
insert into V_VEHICLEINFO (ORG_CODE,VEHICLE_ID,ID_NUMBER,TYPE_ID,TERMINAL_ID,DELETE_FLAG,COLOR_ID_NUMBER_ID,AUTHORIZED_PAY_MASS) values ('B0000802','2201712', '测B03711', 4, 221712, 0, '2',15);

insert into T_SIMINFO (SIM_ID, ORG_CODE, DEPTCODE, STATE,PAY_MODLE, SIM_NUM) values(23713, 'B0000802', '中国移动', 1, '预付费', 13100003712);
insert into T_TERMINALINFO (TERMINAL_ID,TTYPE_ID,SIM_ID,TERMINAL_CODE,ORG_CODE,IS_VIDEO_TERMINAL,SP_SERVER_NAME,PROTOCOL_TYPE,CHANNELS,YT_PROTOCOL_TYPE) values(221713, 4, 23713, '1003712', 'B0000802',1,'1076测试服务器','4',8,'0');
insert into V_VEHICLEINFO (ORG_CODE,VEHICLE_ID,ID_NUMBER,TYPE_ID,TERMINAL_ID,DELETE_FLAG,COLOR_ID_NUMBER_ID,AUTHORIZED_PAY_MASS) values ('B0000802','2201713', '测B03712', 4, 221713, 0, '2',15);

insert into T_SIMINFO (SIM_ID, ORG_CODE, DEPTCODE, STATE,PAY_MODLE, SIM_NUM) values(23714, 'B0000802', '中国移动', 1, '预付费', 13100003713);
insert into T_TERMINALINFO (TERMINAL_ID,TTYPE_ID,SIM_ID,TERMINAL_CODE,ORG_CODE,IS_VIDEO_TERMINAL,SP_SERVER_NAME,PROTOCOL_TYPE,CHANNELS,YT_PROTOCOL_TYPE) values(221714, 4, 23714, '1003713', 'B0000802',1,'1076测试服务器','4',8,'0');
insert into V_VEHICLEINFO (ORG_CODE,VEHICLE_ID,ID_NUMBER,TYPE_ID,TERMINAL_ID,DELETE_FLAG,COLOR_ID_NUMBER_ID,AUTHORIZED_PAY_MASS) values ('B0000802','2201714', '测B03713', 4, 221714, 0, '2',15);

insert into T_SIMINFO (SIM_ID, ORG_CODE, DEPTCODE, STATE,PAY_MODLE, SIM_NUM) values(23715, 'B0000802', '中国移动', 1, '预付费', 13100003714);
insert into T_TERMINALINFO (TERMINAL_ID,TTYPE_ID,SIM_ID,TERMINAL_CODE,ORG_CODE,IS_VIDEO_TERMINAL,SP_SERVER_NAME,PROTOCOL_TYPE,CHANNELS,YT_PROTOCOL_TYPE) values(221715, 4, 23715, '1003714', 'B0000802',1,'1076测试服务器','4',8,'0');
insert into V_VEHICLEINFO (ORG_CODE,VEHICLE_ID,ID_NUMBER,TYPE_ID,TERMINAL_ID,DELETE_FLAG,COLOR_ID_NUMBER_ID,AUTHORIZED_PAY_MASS) values ('B0000802','2201715', '测B03714', 4, 221715, 0, '2',15);

insert into T_SIMINFO (SIM_ID, ORG_CODE, DEPTCODE, STATE,PAY_MODLE, SIM_NUM) values(23716, 'B0000802', '中国移动', 1, '预付费', 13100003715);
insert into T_TERMINALINFO (TERMINAL_ID,TTYPE_ID,SIM_ID,TERMINAL_CODE,ORG_CODE,IS_VIDEO_TERMINAL,SP_SERVER_NAME,PROTOCOL_TYPE,CHANNELS,YT_PROTOCOL_TYPE) values(221716, 4, 23716, '1003715', 'B0000802',1,'1076测试服务器','4',8,'0');
insert into V_VEHICLEINFO (ORG_CODE,VEHICLE_ID,ID_NUMBER,TYPE_ID,TERMINAL_ID,DELETE_FLAG,COLOR_ID_NUMBER_ID,AUTHORIZED_PAY_MASS) values ('B0000802','2201716', '测B03715', 4, 221716, 0, '2',15);

insert into T_SIMINFO (SIM_ID, ORG_CODE, DEPTCODE, STATE,PAY_MODLE, SIM_NUM) values(23717, 'B0000802', '中国移动', 1, '预付费', 13100003716);
insert into T_TERMINALINFO (TERMINAL_ID,TTYPE_ID,SIM_ID,TERMINAL_CODE,ORG_CODE,IS_VIDEO_TERMINAL,SP_SERVER_NAME,PROTOCOL_TYPE,CHANNELS,YT_PROTOCOL_TYPE) values(221717, 4, 23717, '1003716', 'B0000802',1,'1076测试服务器','4',8,'0');
insert into V_VEHICLEINFO (ORG_CODE,VEHICLE_ID,ID_NUMBER,TYPE_ID,TERMINAL_ID,DELETE_FLAG,COLOR_ID_NUMBER_ID,AUTHORIZED_PAY_MASS) values ('B0000802','2201717', '测B03716', 4, 221717, 0, '2',15);

insert into T_SIMINFO (SIM_ID, ORG_CODE, DEPTCODE, STATE,PAY_MODLE, SIM_NUM) values(23718, 'B0000802', '中国移动', 1, '预付费', 13100003717);
insert into T_TERMINALINFO (TERMINAL_ID,TTYPE_ID,SIM_ID,TERMINAL_CODE,ORG_CODE,IS_VIDEO_TERMINAL,SP_SERVER_NAME,PROTOCOL_TYPE,CHANNELS,YT_PROTOCOL_TYPE) values(221718, 4, 23718, '1003717', 'B0000802',1,'1076测试服务器','4',8,'0');
insert into V_VEHICLEINFO (ORG_CODE,VEHICLE_ID,ID_NUMBER,TYPE_ID,TERMINAL_ID,DELETE_FLAG,COLOR_ID_NUMBER_ID,AUTHORIZED_PAY_MASS) values ('B0000802','2201718', '测B03717', 4, 221718, 0, '2',15);

insert into T_SIMINFO (SIM_ID, ORG_CODE, DEPTCODE, STATE,PAY_MODLE, SIM_NUM) values(23719, 'B0000802', '中国移动', 1, '预付费', 13100003718);
insert into T_TERMINALINFO (TERMINAL_ID,TTYPE_ID,SIM_ID,TERMINAL_CODE,ORG_CODE,IS_VIDEO_TERMINAL,SP_SERVER_NAME,PROTOCOL_TYPE,CHANNELS,YT_PROTOCOL_TYPE) values(221719, 4, 23719, '1003718', 'B0000802',1,'1076测试服务器','4',8,'0');
insert into V_VEHICLEINFO (ORG_CODE,VEHICLE_ID,ID_NUMBER,TYPE_ID,TERMINAL_ID,DELETE_FLAG,COLOR_ID_NUMBER_ID,AUTHORIZED_PAY_MASS) values ('B0000802','2201719', '测B03718', 4, 221719, 0, '2',15);

insert into T_SIMINFO (SIM_ID, ORG_CODE, DEPTCODE, STATE,PAY_MODLE, SIM_NUM) values(23720, 'B0000802', '中国移动', 1, '预付费', 13100003719);
insert into T_TERMINALINFO (TERMINAL_ID,TTYPE_ID,SIM_ID,TERMINAL_CODE,ORG_CODE,IS_VIDEO_TERMINAL,SP_SERVER_NAME,PROTOCOL_TYPE,CHANNELS,YT_PROTOCOL_TYPE) values(221720, 4, 23720, '1003719', 'B0000802',1,'1076测试服务器','4',8,'0');
insert into V_VEHICLEINFO (ORG_CODE,VEHICLE_ID,ID_NUMBER,TYPE_ID,TERMINAL_ID,DELETE_FLAG,COLOR_ID_NUMBER_ID,AUTHORIZED_PAY_MASS) values ('B0000802','2201720', '测B03719', 4, 221720, 0, '2',15);

insert into T_SIMINFO (SIM_ID, ORG_CODE, DEPTCODE, STATE,PAY_MODLE, SIM_NUM) values(23721, 'B0000802', '中国移动', 1, '预付费', 13100003720);
insert into T_TERMINALINFO (TERMINAL_ID,TTYPE_ID,SIM_ID,TERMINAL_CODE,ORG_CODE,IS_VIDEO_TERMINAL,SP_SERVER_NAME,PROTOCOL_TYPE,CHANNELS,YT_PROTOCOL_TYPE) values(221721, 4, 23721, '1003720', 'B0000802',1,'1076测试服务器','4',8,'0');
insert into V_VEHICLEINFO (ORG_CODE,VEHICLE_ID,ID_NUMBER,TYPE_ID,TERMINAL_ID,DELETE_FLAG,COLOR_ID_NUMBER_ID,AUTHORIZED_PAY_MASS) values ('B0000802','2201721', '测B03720', 4, 221721, 0, '2',15);

insert into T_SIMINFO (SIM_ID, ORG_CODE, DEPTCODE, STATE,PAY_MODLE, SIM_NUM) values(23722, 'B0000802', '中国移动', 1, '预付费', 13100003721);
insert into T_TERMINALINFO (TERMINAL_ID,TTYPE_ID,SIM_ID,TERMINAL_CODE,ORG_CODE,IS_VIDEO_TERMINAL,SP_SERVER_NAME,PROTOCOL_TYPE,CHANNELS,YT_PROTOCOL_TYPE) values(221722, 4, 23722, '1003721', 'B0000802',1,'1076测试服务器','4',8,'0');
insert into V_VEHICLEINFO (ORG_CODE,VEHICLE_ID,ID_NUMBER,TYPE_ID,TERMINAL_ID,DELETE_FLAG,COLOR_ID_NUMBER_ID,AUTHORIZED_PAY_MASS) values ('B0000802','2201722', '测B03721', 4, 221722, 0, '2',15);

insert into T_SIMINFO (SIM_ID, ORG_CODE, DEPTCODE, STATE,PAY_MODLE, SIM_NUM) values(23723, 'B0000802', '中国移动', 1, '预付费', 13100003722);
insert into T_TERMINALINFO (TERMINAL_ID,TTYPE_ID,SIM_ID,TERMINAL_CODE,ORG_CODE,IS_VIDEO_TERMINAL,SP_SERVER_NAME,PROTOCOL_TYPE,CHANNELS,YT_PROTOCOL_TYPE) values(221723, 4, 23723, '1003722', 'B0000802',1,'1076测试服务器','4',8,'0');
insert into V_VEHICLEINFO (ORG_CODE,VEHICLE_ID,ID_NUMBER,TYPE_ID,TERMINAL_ID,DELETE_FLAG,COLOR_ID_NUMBER_ID,AUTHORIZED_PAY_MASS) values ('B0000802','2201723', '测B03722', 4, 221723, 0, '2',15);

insert into T_SIMINFO (SIM_ID, ORG_CODE, DEPTCODE, STATE,PAY_MODLE, SIM_NUM) values(23724, 'B0000802', '中国移动', 1, '预付费', 13100003723);
insert into T_TERMINALINFO (TERMINAL_ID,TTYPE_ID,SIM_ID,TERMINAL_CODE,ORG_CODE,IS_VIDEO_TERMINAL,SP_SERVER_NAME,PROTOCOL_TYPE,CHANNELS,YT_PROTOCOL_TYPE) values(221724, 4, 23724, '1003723', 'B0000802',1,'1076测试服务器','4',8,'0');
insert into V_VEHICLEINFO (ORG_CODE,VEHICLE_ID,ID_NUMBER,TYPE_ID,TERMINAL_ID,DELETE_FLAG,COLOR_ID_NUMBER_ID,AUTHORIZED_PAY_MASS) values ('B0000802','2201724', '测B03723', 4, 221724, 0, '2',15);

insert into T_SIMINFO (SIM_ID, ORG_CODE, DEPTCODE, STATE,PAY_MODLE, SIM_NUM) values(23725, 'B0000802', '中国移动', 1, '预付费', 13100003724);
insert into T_TERMINALINFO (TERMINAL_ID,TTYPE_ID,SIM_ID,TERMINAL_CODE,ORG_CODE,IS_VIDEO_TERMINAL,SP_SERVER_NAME,PROTOCOL_TYPE,CHANNELS,YT_PROTOCOL_TYPE) values(221725, 4, 23725, '1003724', 'B0000802',1,'1076测试服务器','4',8,'0');
insert into V_VEHICLEINFO (ORG_CODE,VEHICLE_ID,ID_NUMBER,TYPE_ID,TERMINAL_ID,DELETE_FLAG,COLOR_ID_NUMBER_ID,AUTHORIZED_PAY_MASS) values ('B0000802','2201725', '测B03724', 4, 221725, 0, '2',15);

insert into T_SIMINFO (SIM_ID, ORG_CODE, DEPTCODE, STATE,PAY_MODLE, SIM_NUM) values(23726, 'B0000802', '中国移动', 1, '预付费', 13100003725);
insert into T_TERMINALINFO (TERMINAL_ID,TTYPE_ID,SIM_ID,TERMINAL_CODE,ORG_CODE,IS_VIDEO_TERMINAL,SP_SERVER_NAME,PROTOCOL_TYPE,CHANNELS,YT_PROTOCOL_TYPE) values(221726, 4, 23726, '1003725', 'B0000802',1,'1076测试服务器','4',8,'0');
insert into V_VEHICLEINFO (ORG_CODE,VEHICLE_ID,ID_NUMBER,TYPE_ID,TERMINAL_ID,DELETE_FLAG,COLOR_ID_NUMBER_ID,AUTHORIZED_PAY_MASS) values ('B0000802','2201726', '测B03725', 4, 221726, 0, '2',15);

insert into T_SIMINFO (SIM_ID, ORG_CODE, DEPTCODE, STATE,PAY_MODLE, SIM_NUM) values(23727, 'B0000802', '中国移动', 1, '预付费', 13100003726);
insert into T_TERMINALINFO (TERMINAL_ID,TTYPE_ID,SIM_ID,TERMINAL_CODE,ORG_CODE,IS_VIDEO_TERMINAL,SP_SERVER_NAME,PROTOCOL_TYPE,CHANNELS,YT_PROTOCOL_TYPE) values(221727, 4, 23727, '1003726', 'B0000802',1,'1076测试服务器','4',8,'0');
insert into V_VEHICLEINFO (ORG_CODE,VEHICLE_ID,ID_NUMBER,TYPE_ID,TERMINAL_ID,DELETE_FLAG,COLOR_ID_NUMBER_ID,AUTHORIZED_PAY_MASS) values ('B0000802','2201727', '测B03726', 4, 221727, 0, '2',15);

insert into T_SIMINFO (SIM_ID, ORG_CODE, DEPTCODE, STATE,PAY_MODLE, SIM_NUM) values(23728, 'B0000802', '中国移动', 1, '预付费', 13100003727);
insert into T_TERMINALINFO (TERMINAL_ID,TTYPE_ID,SIM_ID,TERMINAL_CODE,ORG_CODE,IS_VIDEO_TERMINAL,SP_SERVER_NAME,PROTOCOL_TYPE,CHANNELS,YT_PROTOCOL_TYPE) values(221728, 4, 23728, '1003727', 'B0000802',1,'1076测试服务器','4',8,'0');
insert into V_VEHICLEINFO (ORG_CODE,VEHICLE_ID,ID_NUMBER,TYPE_ID,TERMINAL_ID,DELETE_FLAG,COLOR_ID_NUMBER_ID,AUTHORIZED_PAY_MASS) values ('B0000802','2201728', '测B03727', 4, 221728, 0, '2',15);

insert into T_SIMINFO (SIM_ID, ORG_CODE, DEPTCODE, STATE,PAY_MODLE, SIM_NUM) values(23729, 'B0000802', '中国移动', 1, '预付费', 13100003728);
insert into T_TERMINALINFO (TERMINAL_ID,TTYPE_ID,SIM_ID,TERMINAL_CODE,ORG_CODE,IS_VIDEO_TERMINAL,SP_SERVER_NAME,PROTOCOL_TYPE,CHANNELS,YT_PROTOCOL_TYPE) values(221729, 4, 23729, '1003728', 'B0000802',1,'1076测试服务器','4',8,'0');
insert into V_VEHICLEINFO (ORG_CODE,VEHICLE_ID,ID_NUMBER,TYPE_ID,TERMINAL_ID,DELETE_FLAG,COLOR_ID_NUMBER_ID,AUTHORIZED_PAY_MASS) values ('B0000802','2201729', '测B03728', 4, 221729, 0, '2',15);

insert into T_SIMINFO (SIM_ID, ORG_CODE, DEPTCODE, STATE,PAY_MODLE, SIM_NUM) values(23730, 'B0000802', '中国移动', 1, '预付费', 13100003729);
insert into T_TERMINALINFO (TERMINAL_ID,TTYPE_ID,SIM_ID,TERMINAL_CODE,ORG_CODE,IS_VIDEO_TERMINAL,SP_SERVER_NAME,PROTOCOL_TYPE,CHANNELS,YT_PROTOCOL_TYPE) values(221730, 4, 23730, '1003729', 'B0000802',1,'1076测试服务器','4',8,'0');
insert into V_VEHICLEINFO (ORG_CODE,VEHICLE_ID,ID_NUMBER,TYPE_ID,TERMINAL_ID,DELETE_FLAG,COLOR_ID_NUMBER_ID,AUTHORIZED_PAY_MASS) values ('B0000802','2201730', '测B03729', 4, 221730, 0, '2',15);

insert into T_SIMINFO (SIM_ID, ORG_CODE, DEPTCODE, STATE,PAY_MODLE, SIM_NUM) values(23731, 'B0000802', '中国移动', 1, '预付费', 13100003730);
insert into T_TERMINALINFO (TERMINAL_ID,TTYPE_ID,SIM_ID,TERMINAL_CODE,ORG_CODE,IS_VIDEO_TERMINAL,SP_SERVER_NAME,PROTOCOL_TYPE,CHANNELS,YT_PROTOCOL_TYPE) values(221731, 4, 23731, '1003730', 'B0000802',1,'1076测试服务器','4',8,'0');
insert into V_VEHICLEINFO (ORG_CODE,VEHICLE_ID,ID_NUMBER,TYPE_ID,TERMINAL_ID,DELETE_FLAG,COLOR_ID_NUMBER_ID,AUTHORIZED_PAY_MASS) values ('B0000802','2201731', '测B03730', 4, 221731, 0, '2',15);

insert into T_SIMINFO (SIM_ID, ORG_CODE, DEPTCODE, STATE,PAY_MODLE, SIM_NUM) values(23732, 'B0000802', '中国移动', 1, '预付费', 13100003731);
insert into T_TERMINALINFO (TERMINAL_ID,TTYPE_ID,SIM_ID,TERMINAL_CODE,ORG_CODE,IS_VIDEO_TERMINAL,SP_SERVER_NAME,PROTOCOL_TYPE,CHANNELS,YT_PROTOCOL_TYPE) values(221732, 4, 23732, '1003731', 'B0000802',1,'1076测试服务器','4',8,'0');
insert into V_VEHICLEINFO (ORG_CODE,VEHICLE_ID,ID_NUMBER,TYPE_ID,TERMINAL_ID,DELETE_FLAG,COLOR_ID_NUMBER_ID,AUTHORIZED_PAY_MASS) values ('B0000802','2201732', '测B03731', 4, 221732, 0, '2',15);

insert into T_SIMINFO (SIM_ID, ORG_CODE, DEPTCODE, STATE,PAY_MODLE, SIM_NUM) values(23733, 'B0000802', '中国移动', 1, '预付费', 13100003732);
insert into T_TERMINALINFO (TERMINAL_ID,TTYPE_ID,SIM_ID,TERMINAL_CODE,ORG_CODE,IS_VIDEO_TERMINAL,SP_SERVER_NAME,PROTOCOL_TYPE,CHANNELS,YT_PROTOCOL_TYPE) values(221733, 4, 23733, '1003732', 'B0000802',1,'1076测试服务器','4',8,'0');
insert into V_VEHICLEINFO (ORG_CODE,VEHICLE_ID,ID_NUMBER,TYPE_ID,TERMINAL_ID,DELETE_FLAG,COLOR_ID_NUMBER_ID,AUTHORIZED_PAY_MASS) values ('B0000802','2201733', '测B03732', 4, 221733, 0, '2',15);

insert into T_SIMINFO (SIM_ID, ORG_CODE, DEPTCODE, STATE,PAY_MODLE, SIM_NUM) values(23734, 'B0000802', '中国移动', 1, '预付费', 13100003733);
insert into T_TERMINALINFO (TERMINAL_ID,TTYPE_ID,SIM_ID,TERMINAL_CODE,ORG_CODE,IS_VIDEO_TERMINAL,SP_SERVER_NAME,PROTOCOL_TYPE,CHANNELS,YT_PROTOCOL_TYPE) values(221734, 4, 23734, '1003733', 'B0000802',1,'1076测试服务器','4',8,'0');
insert into V_VEHICLEINFO (ORG_CODE,VEHICLE_ID,ID_NUMBER,TYPE_ID,TERMINAL_ID,DELETE_FLAG,COLOR_ID_NUMBER_ID,AUTHORIZED_PAY_MASS) values ('B0000802','2201734', '测B03733', 4, 221734, 0, '2',15);

insert into T_SIMINFO (SIM_ID, ORG_CODE, DEPTCODE, STATE,PAY_MODLE, SIM_NUM) values(23735, 'B0000802', '中国移动', 1, '预付费', 13100003734);
insert into T_TERMINALINFO (TERMINAL_ID,TTYPE_ID,SIM_ID,TERMINAL_CODE,ORG_CODE,IS_VIDEO_TERMINAL,SP_SERVER_NAME,PROTOCOL_TYPE,CHANNELS,YT_PROTOCOL_TYPE) values(221735, 4, 23735, '1003734', 'B0000802',1,'1076测试服务器','4',8,'0');
insert into V_VEHICLEINFO (ORG_CODE,VEHICLE_ID,ID_NUMBER,TYPE_ID,TERMINAL_ID,DELETE_FLAG,COLOR_ID_NUMBER_ID,AUTHORIZED_PAY_MASS) values ('B0000802','2201735', '测B03734', 4, 221735, 0, '2',15);

insert into T_SIMINFO (SIM_ID, ORG_CODE, DEPTCODE, STATE,PAY_MODLE, SIM_NUM) values(23736, 'B0000802', '中国移动', 1, '预付费', 13100003735);
insert into T_TERMINALINFO (TERMINAL_ID,TTYPE_ID,SIM_ID,TERMINAL_CODE,ORG_CODE,IS_VIDEO_TERMINAL,SP_SERVER_NAME,PROTOCOL_TYPE,CHANNELS,YT_PROTOCOL_TYPE) values(221736, 4, 23736, '1003735', 'B0000802',1,'1076测试服务器','4',8,'0');
insert into V_VEHICLEINFO (ORG_CODE,VEHICLE_ID,ID_NUMBER,TYPE_ID,TERMINAL_ID,DELETE_FLAG,COLOR_ID_NUMBER_ID,AUTHORIZED_PAY_MASS) values ('B0000802','2201736', '测B03735', 4, 221736, 0, '2',15);

insert into T_SIMINFO (SIM_ID, ORG_CODE, DEPTCODE, STATE,PAY_MODLE, SIM_NUM) values(23737, 'B0000802', '中国移动', 1, '预付费', 13100003736);
insert into T_TERMINALINFO (TERMINAL_ID,TTYPE_ID,SIM_ID,TERMINAL_CODE,ORG_CODE,IS_VIDEO_TERMINAL,SP_SERVER_NAME,PROTOCOL_TYPE,CHANNELS,YT_PROTOCOL_TYPE) values(221737, 4, 23737, '1003736', 'B0000802',1,'1076测试服务器','4',8,'0');
insert into V_VEHICLEINFO (ORG_CODE,VEHICLE_ID,ID_NUMBER,TYPE_ID,TERMINAL_ID,DELETE_FLAG,COLOR_ID_NUMBER_ID,AUTHORIZED_PAY_MASS) values ('B0000802','2201737', '测B03736', 4, 221737, 0, '2',15);

insert into T_SIMINFO (SIM_ID, ORG_CODE, DEPTCODE, STATE,PAY_MODLE, SIM_NUM) values(23738, 'B0000802', '中国移动', 1, '预付费', 13100003737);
insert into T_TERMINALINFO (TERMINAL_ID,TTYPE_ID,SIM_ID,TERMINAL_CODE,ORG_CODE,IS_VIDEO_TERMINAL,SP_SERVER_NAME,PROTOCOL_TYPE,CHANNELS,YT_PROTOCOL_TYPE) values(221738, 4, 23738, '1003737', 'B0000802',1,'1076测试服务器','4',8,'0');
insert into V_VEHICLEINFO (ORG_CODE,VEHICLE_ID,ID_NUMBER,TYPE_ID,TERMINAL_ID,DELETE_FLAG,COLOR_ID_NUMBER_ID,AUTHORIZED_PAY_MASS) values ('B0000802','2201738', '测B03737', 4, 221738, 0, '2',15);

insert into T_SIMINFO (SIM_ID, ORG_CODE, DEPTCODE, STATE,PAY_MODLE, SIM_NUM) values(23739, 'B0000802', '中国移动', 1, '预付费', 13100003738);
insert into T_TERMINALINFO (TERMINAL_ID,TTYPE_ID,SIM_ID,TERMINAL_CODE,ORG_CODE,IS_VIDEO_TERMINAL,SP_SERVER_NAME,PROTOCOL_TYPE,CHANNELS,YT_PROTOCOL_TYPE) values(221739, 4, 23739, '1003738', 'B0000802',1,'1076测试服务器','4',8,'0');
insert into V_VEHICLEINFO (ORG_CODE,VEHICLE_ID,ID_NUMBER,TYPE_ID,TERMINAL_ID,DELETE_FLAG,COLOR_ID_NUMBER_ID,AUTHORIZED_PAY_MASS) values ('B0000802','2201739', '测B03738', 4, 221739, 0, '2',15);

insert into T_SIMINFO (SIM_ID, ORG_CODE, DEPTCODE, STATE,PAY_MODLE, SIM_NUM) values(23740, 'B0000802', '中国移动', 1, '预付费', 13100003739);
insert into T_TERMINALINFO (TERMINAL_ID,TTYPE_ID,SIM_ID,TERMINAL_CODE,ORG_CODE,IS_VIDEO_TERMINAL,SP_SERVER_NAME,PROTOCOL_TYPE,CHANNELS,YT_PROTOCOL_TYPE) values(221740, 4, 23740, '1003739', 'B0000802',1,'1076测试服务器','4',8,'0');
insert into V_VEHICLEINFO (ORG_CODE,VEHICLE_ID,ID_NUMBER,TYPE_ID,TERMINAL_ID,DELETE_FLAG,COLOR_ID_NUMBER_ID,AUTHORIZED_PAY_MASS) values ('B0000802','2201740', '测B03739', 4, 221740, 0, '2',15);

insert into T_SIMINFO (SIM_ID, ORG_CODE, DEPTCODE, STATE,PAY_MODLE, SIM_NUM) values(23741, 'B0000802', '中国移动', 1, '预付费', 13100003740);
insert into T_TERMINALINFO (TERMINAL_ID,TTYPE_ID,SIM_ID,TERMINAL_CODE,ORG_CODE,IS_VIDEO_TERMINAL,SP_SERVER_NAME,PROTOCOL_TYPE,CHANNELS,YT_PROTOCOL_TYPE) values(221741, 4, 23741, '1003740', 'B0000802',1,'1076测试服务器','4',8,'0');
insert into V_VEHICLEINFO (ORG_CODE,VEHICLE_ID,ID_NUMBER,TYPE_ID,TERMINAL_ID,DELETE_FLAG,COLOR_ID_NUMBER_ID,AUTHORIZED_PAY_MASS) values ('B0000802','2201741', '测B03740', 4, 221741, 0, '2',15);

insert into T_SIMINFO (SIM_ID, ORG_CODE, DEPTCODE, STATE,PAY_MODLE, SIM_NUM) values(23742, 'B0000802', '中国移动', 1, '预付费', 13100003741);
insert into T_TERMINALINFO (TERMINAL_ID,TTYPE_ID,SIM_ID,TERMINAL_CODE,ORG_CODE,IS_VIDEO_TERMINAL,SP_SERVER_NAME,PROTOCOL_TYPE,CHANNELS,YT_PROTOCOL_TYPE) values(221742, 4, 23742, '1003741', 'B0000802',1,'1076测试服务器','4',8,'0');
insert into V_VEHICLEINFO (ORG_CODE,VEHICLE_ID,ID_NUMBER,TYPE_ID,TERMINAL_ID,DELETE_FLAG,COLOR_ID_NUMBER_ID,AUTHORIZED_PAY_MASS) values ('B0000802','2201742', '测B03741', 4, 221742, 0, '2',15);

insert into T_SIMINFO (SIM_ID, ORG_CODE, DEPTCODE, STATE,PAY_MODLE, SIM_NUM) values(23743, 'B0000802', '中国移动', 1, '预付费', 13100003742);
insert into T_TERMINALINFO (TERMINAL_ID,TTYPE_ID,SIM_ID,TERMINAL_CODE,ORG_CODE,IS_VIDEO_TERMINAL,SP_SERVER_NAME,PROTOCOL_TYPE,CHANNELS,YT_PROTOCOL_TYPE) values(221743, 4, 23743, '1003742', 'B0000802',1,'1076测试服务器','4',8,'0');
insert into V_VEHICLEINFO (ORG_CODE,VEHICLE_ID,ID_NUMBER,TYPE_ID,TERMINAL_ID,DELETE_FLAG,COLOR_ID_NUMBER_ID,AUTHORIZED_PAY_MASS) values ('B0000802','2201743', '测B03742', 4, 221743, 0, '2',15);

insert into T_SIMINFO (SIM_ID, ORG_CODE, DEPTCODE, STATE,PAY_MODLE, SIM_NUM) values(23744, 'B0000802', '中国移动', 1, '预付费', 13100003743);
insert into T_TERMINALINFO (TERMINAL_ID,TTYPE_ID,SIM_ID,TERMINAL_CODE,ORG_CODE,IS_VIDEO_TERMINAL,SP_SERVER_NAME,PROTOCOL_TYPE,CHANNELS,YT_PROTOCOL_TYPE) values(221744, 4, 23744, '1003743', 'B0000802',1,'1076测试服务器','4',8,'0');
insert into V_VEHICLEINFO (ORG_CODE,VEHICLE_ID,ID_NUMBER,TYPE_ID,TERMINAL_ID,DELETE_FLAG,COLOR_ID_NUMBER_ID,AUTHORIZED_PAY_MASS) values ('B0000802','2201744', '测B03743', 4, 221744, 0, '2',15);

insert into T_SIMINFO (SIM_ID, ORG_CODE, DEPTCODE, STATE,PAY_MODLE, SIM_NUM) values(23745, 'B0000802', '中国移动', 1, '预付费', 13100003744);
insert into T_TERMINALINFO (TERMINAL_ID,TTYPE_ID,SIM_ID,TERMINAL_CODE,ORG_CODE,IS_VIDEO_TERMINAL,SP_SERVER_NAME,PROTOCOL_TYPE,CHANNELS,YT_PROTOCOL_TYPE) values(221745, 4, 23745, '1003744', 'B0000802',1,'1076测试服务器','4',8,'0');
insert into V_VEHICLEINFO (ORG_CODE,VEHICLE_ID,ID_NUMBER,TYPE_ID,TERMINAL_ID,DELETE_FLAG,COLOR_ID_NUMBER_ID,AUTHORIZED_PAY_MASS) values ('B0000802','2201745', '测B03744', 4, 221745, 0, '2',15);

insert into T_SIMINFO (SIM_ID, ORG_CODE, DEPTCODE, STATE,PAY_MODLE, SIM_NUM) values(23746, 'B0000802', '中国移动', 1, '预付费', 13100003745);
insert into T_TERMINALINFO (TERMINAL_ID,TTYPE_ID,SIM_ID,TERMINAL_CODE,ORG_CODE,IS_VIDEO_TERMINAL,SP_SERVER_NAME,PROTOCOL_TYPE,CHANNELS,YT_PROTOCOL_TYPE) values(221746, 4, 23746, '1003745', 'B0000802',1,'1076测试服务器','4',8,'0');
insert into V_VEHICLEINFO (ORG_CODE,VEHICLE_ID,ID_NUMBER,TYPE_ID,TERMINAL_ID,DELETE_FLAG,COLOR_ID_NUMBER_ID,AUTHORIZED_PAY_MASS) values ('B0000802','2201746', '测B03745', 4, 221746, 0, '2',15);

insert into T_SIMINFO (SIM_ID, ORG_CODE, DEPTCODE, STATE,PAY_MODLE, SIM_NUM) values(23747, 'B0000802', '中国移动', 1, '预付费', 13100003746);
insert into T_TERMINALINFO (TERMINAL_ID,TTYPE_ID,SIM_ID,TERMINAL_CODE,ORG_CODE,IS_VIDEO_TERMINAL,SP_SERVER_NAME,PROTOCOL_TYPE,CHANNELS,YT_PROTOCOL_TYPE) values(221747, 4, 23747, '1003746', 'B0000802',1,'1076测试服务器','4',8,'0');
insert into V_VEHICLEINFO (ORG_CODE,VEHICLE_ID,ID_NUMBER,TYPE_ID,TERMINAL_ID,DELETE_FLAG,COLOR_ID_NUMBER_ID,AUTHORIZED_PAY_MASS) values ('B0000802','2201747', '测B03746', 4, 221747, 0, '2',15);

insert into T_SIMINFO (SIM_ID, ORG_CODE, DEPTCODE, STATE,PAY_MODLE, SIM_NUM) values(23748, 'B0000802', '中国移动', 1, '预付费', 13100003747);
insert into T_TERMINALINFO (TERMINAL_ID,TTYPE_ID,SIM_ID,TERMINAL_CODE,ORG_CODE,IS_VIDEO_TERMINAL,SP_SERVER_NAME,PROTOCOL_TYPE,CHANNELS,YT_PROTOCOL_TYPE) values(221748, 4, 23748, '1003747', 'B0000802',1,'1076测试服务器','4',8,'0');
insert into V_VEHICLEINFO (ORG_CODE,VEHICLE_ID,ID_NUMBER,TYPE_ID,TERMINAL_ID,DELETE_FLAG,COLOR_ID_NUMBER_ID,AUTHORIZED_PAY_MASS) values ('B0000802','2201748', '测B03747', 4, 221748, 0, '2',15);

insert into T_SIMINFO (SIM_ID, ORG_CODE, DEPTCODE, STATE,PAY_MODLE, SIM_NUM) values(23749, 'B0000802', '中国移动', 1, '预付费', 13100003748);
insert into T_TERMINALINFO (TERMINAL_ID,TTYPE_ID,SIM_ID,TERMINAL_CODE,ORG_CODE,IS_VIDEO_TERMINAL,SP_SERVER_NAME,PROTOCOL_TYPE,CHANNELS,YT_PROTOCOL_TYPE) values(221749, 4, 23749, '1003748', 'B0000802',1,'1076测试服务器','4',8,'0');
insert into V_VEHICLEINFO (ORG_CODE,VEHICLE_ID,ID_NUMBER,TYPE_ID,TERMINAL_ID,DELETE_FLAG,COLOR_ID_NUMBER_ID,AUTHORIZED_PAY_MASS) values ('B0000802','2201749', '测B03748', 4, 221749, 0, '2',15);

insert into T_SIMINFO (SIM_ID, ORG_CODE, DEPTCODE, STATE,PAY_MODLE, SIM_NUM) values(23750, 'B0000802', '中国移动', 1, '预付费', 13100003749);
insert into T_TERMINALINFO (TERMINAL_ID,TTYPE_ID,SIM_ID,TERMINAL_CODE,ORG_CODE,IS_VIDEO_TERMINAL,SP_SERVER_NAME,PROTOCOL_TYPE,CHANNELS,YT_PROTOCOL_TYPE) values(221750, 4, 23750, '1003749', 'B0000802',1,'1076测试服务器','4',8,'0');
insert into V_VEHICLEINFO (ORG_CODE,VEHICLE_ID,ID_NUMBER,TYPE_ID,TERMINAL_ID,DELETE_FLAG,COLOR_ID_NUMBER_ID,AUTHORIZED_PAY_MASS) values ('B0000802','2201750', '测B03749', 4, 221750, 0, '2',15);

insert into T_SIMINFO (SIM_ID, ORG_CODE, DEPTCODE, STATE,PAY_MODLE, SIM_NUM) values(23751, 'B0000802', '中国移动', 1, '预付费', 13100003750);
insert into T_TERMINALINFO (TERMINAL_ID,TTYPE_ID,SIM_ID,TERMINAL_CODE,ORG_CODE,IS_VIDEO_TERMINAL,SP_SERVER_NAME,PROTOCOL_TYPE,CHANNELS,YT_PROTOCOL_TYPE) values(221751, 4, 23751, '1003750', 'B0000802',1,'1076测试服务器','4',8,'0');
insert into V_VEHICLEINFO (ORG_CODE,VEHICLE_ID,ID_NUMBER,TYPE_ID,TERMINAL_ID,DELETE_FLAG,COLOR_ID_NUMBER_ID,AUTHORIZED_PAY_MASS) values ('B0000802','2201751', '测B03750', 4, 221751, 0, '2',15);

insert into T_SIMINFO (SIM_ID, ORG_CODE, DEPTCODE, STATE,PAY_MODLE, SIM_NUM) values(23752, 'B0000802', '中国移动', 1, '预付费', 13100003751);
insert into T_TERMINALINFO (TERMINAL_ID,TTYPE_ID,SIM_ID,TERMINAL_CODE,ORG_CODE,IS_VIDEO_TERMINAL,SP_SERVER_NAME,PROTOCOL_TYPE,CHANNELS,YT_PROTOCOL_TYPE) values(221752, 4, 23752, '1003751', 'B0000802',1,'1076测试服务器','4',8,'0');
insert into V_VEHICLEINFO (ORG_CODE,VEHICLE_ID,ID_NUMBER,TYPE_ID,TERMINAL_ID,DELETE_FLAG,COLOR_ID_NUMBER_ID,AUTHORIZED_PAY_MASS) values ('B0000802','2201752', '测B03751', 4, 221752, 0, '2',15);

insert into T_SIMINFO (SIM_ID, ORG_CODE, DEPTCODE, STATE,PAY_MODLE, SIM_NUM) values(23753, 'B0000802', '中国移动', 1, '预付费', 13100003752);
insert into T_TERMINALINFO (TERMINAL_ID,TTYPE_ID,SIM_ID,TERMINAL_CODE,ORG_CODE,IS_VIDEO_TERMINAL,SP_SERVER_NAME,PROTOCOL_TYPE,CHANNELS,YT_PROTOCOL_TYPE) values(221753, 4, 23753, '1003752', 'B0000802',1,'1076测试服务器','4',8,'0');
insert into V_VEHICLEINFO (ORG_CODE,VEHICLE_ID,ID_NUMBER,TYPE_ID,TERMINAL_ID,DELETE_FLAG,COLOR_ID_NUMBER_ID,AUTHORIZED_PAY_MASS) values ('B0000802','2201753', '测B03752', 4, 221753, 0, '2',15);

insert into T_SIMINFO (SIM_ID, ORG_CODE, DEPTCODE, STATE,PAY_MODLE, SIM_NUM) values(23754, 'B0000802', '中国移动', 1, '预付费', 13100003753);
insert into T_TERMINALINFO (TERMINAL_ID,TTYPE_ID,SIM_ID,TERMINAL_CODE,ORG_CODE,IS_VIDEO_TERMINAL,SP_SERVER_NAME,PROTOCOL_TYPE,CHANNELS,YT_PROTOCOL_TYPE) values(221754, 4, 23754, '1003753', 'B0000802',1,'1076测试服务器','4',8,'0');
insert into V_VEHICLEINFO (ORG_CODE,VEHICLE_ID,ID_NUMBER,TYPE_ID,TERMINAL_ID,DELETE_FLAG,COLOR_ID_NUMBER_ID,AUTHORIZED_PAY_MASS) values ('B0000802','2201754', '测B03753', 4, 221754, 0, '2',15);

insert into T_SIMINFO (SIM_ID, ORG_CODE, DEPTCODE, STATE,PAY_MODLE, SIM_NUM) values(23755, 'B0000802', '中国移动', 1, '预付费', 13100003754);
insert into T_TERMINALINFO (TERMINAL_ID,TTYPE_ID,SIM_ID,TERMINAL_CODE,ORG_CODE,IS_VIDEO_TERMINAL,SP_SERVER_NAME,PROTOCOL_TYPE,CHANNELS,YT_PROTOCOL_TYPE) values(221755, 4, 23755, '1003754', 'B0000802',1,'1076测试服务器','4',8,'0');
insert into V_VEHICLEINFO (ORG_CODE,VEHICLE_ID,ID_NUMBER,TYPE_ID,TERMINAL_ID,DELETE_FLAG,COLOR_ID_NUMBER_ID,AUTHORIZED_PAY_MASS) values ('B0000802','2201755', '测B03754', 4, 221755, 0, '2',15);

insert into T_SIMINFO (SIM_ID, ORG_CODE, DEPTCODE, STATE,PAY_MODLE, SIM_NUM) values(23756, 'B0000802', '中国移动', 1, '预付费', 13100003755);
insert into T_TERMINALINFO (TERMINAL_ID,TTYPE_ID,SIM_ID,TERMINAL_CODE,ORG_CODE,IS_VIDEO_TERMINAL,SP_SERVER_NAME,PROTOCOL_TYPE,CHANNELS,YT_PROTOCOL_TYPE) values(221756, 4, 23756, '1003755', 'B0000802',1,'1076测试服务器','4',8,'0');
insert into V_VEHICLEINFO (ORG_CODE,VEHICLE_ID,ID_NUMBER,TYPE_ID,TERMINAL_ID,DELETE_FLAG,COLOR_ID_NUMBER_ID,AUTHORIZED_PAY_MASS) values ('B0000802','2201756', '测B03755', 4, 221756, 0, '2',15);

insert into T_SIMINFO (SIM_ID, ORG_CODE, DEPTCODE, STATE,PAY_MODLE, SIM_NUM) values(23757, 'B0000802', '中国移动', 1, '预付费', 13100003756);
insert into T_TERMINALINFO (TERMINAL_ID,TTYPE_ID,SIM_ID,TERMINAL_CODE,ORG_CODE,IS_VIDEO_TERMINAL,SP_SERVER_NAME,PROTOCOL_TYPE,CHANNELS,YT_PROTOCOL_TYPE) values(221757, 4, 23757, '1003756', 'B0000802',1,'1076测试服务器','4',8,'0');
insert into V_VEHICLEINFO (ORG_CODE,VEHICLE_ID,ID_NUMBER,TYPE_ID,TERMINAL_ID,DELETE_FLAG,COLOR_ID_NUMBER_ID,AUTHORIZED_PAY_MASS) values ('B0000802','2201757', '测B03756', 4, 221757, 0, '2',15);

insert into T_SIMINFO (SIM_ID, ORG_CODE, DEPTCODE, STATE,PAY_MODLE, SIM_NUM) values(23758, 'B0000802', '中国移动', 1, '预付费', 13100003757);
insert into T_TERMINALINFO (TERMINAL_ID,TTYPE_ID,SIM_ID,TERMINAL_CODE,ORG_CODE,IS_VIDEO_TERMINAL,SP_SERVER_NAME,PROTOCOL_TYPE,CHANNELS,YT_PROTOCOL_TYPE) values(221758, 4, 23758, '1003757', 'B0000802',1,'1076测试服务器','4',8,'0');
insert into V_VEHICLEINFO (ORG_CODE,VEHICLE_ID,ID_NUMBER,TYPE_ID,TERMINAL_ID,DELETE_FLAG,COLOR_ID_NUMBER_ID,AUTHORIZED_PAY_MASS) values ('B0000802','2201758', '测B03757', 4, 221758, 0, '2',15);

insert into T_SIMINFO (SIM_ID, ORG_CODE, DEPTCODE, STATE,PAY_MODLE, SIM_NUM) values(23759, 'B0000802', '中国移动', 1, '预付费', 13100003758);
insert into T_TERMINALINFO (TERMINAL_ID,TTYPE_ID,SIM_ID,TERMINAL_CODE,ORG_CODE,IS_VIDEO_TERMINAL,SP_SERVER_NAME,PROTOCOL_TYPE,CHANNELS,YT_PROTOCOL_TYPE) values(221759, 4, 23759, '1003758', 'B0000802',1,'1076测试服务器','4',8,'0');
insert into V_VEHICLEINFO (ORG_CODE,VEHICLE_ID,ID_NUMBER,TYPE_ID,TERMINAL_ID,DELETE_FLAG,COLOR_ID_NUMBER_ID,AUTHORIZED_PAY_MASS) values ('B0000802','2201759', '测B03758', 4, 221759, 0, '2',15);

insert into T_SIMINFO (SIM_ID, ORG_CODE, DEPTCODE, STATE,PAY_MODLE, SIM_NUM) values(23760, 'B0000802', '中国移动', 1, '预付费', 13100003759);
insert into T_TERMINALINFO (TERMINAL_ID,TTYPE_ID,SIM_ID,TERMINAL_CODE,ORG_CODE,IS_VIDEO_TERMINAL,SP_SERVER_NAME,PROTOCOL_TYPE,CHANNELS,YT_PROTOCOL_TYPE) values(221760, 4, 23760, '1003759', 'B0000802',1,'1076测试服务器','4',8,'0');
insert into V_VEHICLEINFO (ORG_CODE,VEHICLE_ID,ID_NUMBER,TYPE_ID,TERMINAL_ID,DELETE_FLAG,COLOR_ID_NUMBER_ID,AUTHORIZED_PAY_MASS) values ('B0000802','2201760', '测B03759', 4, 221760, 0, '2',15);

insert into T_SIMINFO (SIM_ID, ORG_CODE, DEPTCODE, STATE,PAY_MODLE, SIM_NUM) values(23761, 'B0000802', '中国移动', 1, '预付费', 13100003760);
insert into T_TERMINALINFO (TERMINAL_ID,TTYPE_ID,SIM_ID,TERMINAL_CODE,ORG_CODE,IS_VIDEO_TERMINAL,SP_SERVER_NAME,PROTOCOL_TYPE,CHANNELS,YT_PROTOCOL_TYPE) values(221761, 4, 23761, '1003760', 'B0000802',1,'1076测试服务器','4',8,'0');
insert into V_VEHICLEINFO (ORG_CODE,VEHICLE_ID,ID_NUMBER,TYPE_ID,TERMINAL_ID,DELETE_FLAG,COLOR_ID_NUMBER_ID,AUTHORIZED_PAY_MASS) values ('B0000802','2201761', '测B03760', 4, 221761, 0, '2',15);

insert into T_SIMINFO (SIM_ID, ORG_CODE, DEPTCODE, STATE,PAY_MODLE, SIM_NUM) values(23762, 'B0000802', '中国移动', 1, '预付费', 13100003761);
insert into T_TERMINALINFO (TERMINAL_ID,TTYPE_ID,SIM_ID,TERMINAL_CODE,ORG_CODE,IS_VIDEO_TERMINAL,SP_SERVER_NAME,PROTOCOL_TYPE,CHANNELS,YT_PROTOCOL_TYPE) values(221762, 4, 23762, '1003761', 'B0000802',1,'1076测试服务器','4',8,'0');
insert into V_VEHICLEINFO (ORG_CODE,VEHICLE_ID,ID_NUMBER,TYPE_ID,TERMINAL_ID,DELETE_FLAG,COLOR_ID_NUMBER_ID,AUTHORIZED_PAY_MASS) values ('B0000802','2201762', '测B03761', 4, 221762, 0, '2',15);

insert into T_SIMINFO (SIM_ID, ORG_CODE, DEPTCODE, STATE,PAY_MODLE, SIM_NUM) values(23763, 'B0000802', '中国移动', 1, '预付费', 13100003762);
insert into T_TERMINALINFO (TERMINAL_ID,TTYPE_ID,SIM_ID,TERMINAL_CODE,ORG_CODE,IS_VIDEO_TERMINAL,SP_SERVER_NAME,PROTOCOL_TYPE,CHANNELS,YT_PROTOCOL_TYPE) values(221763, 4, 23763, '1003762', 'B0000802',1,'1076测试服务器','4',8,'0');
insert into V_VEHICLEINFO (ORG_CODE,VEHICLE_ID,ID_NUMBER,TYPE_ID,TERMINAL_ID,DELETE_FLAG,COLOR_ID_NUMBER_ID,AUTHORIZED_PAY_MASS) values ('B0000802','2201763', '测B03762', 4, 221763, 0, '2',15);

insert into T_SIMINFO (SIM_ID, ORG_CODE, DEPTCODE, STATE,PAY_MODLE, SIM_NUM) values(23764, 'B0000802', '中国移动', 1, '预付费', 13100003763);
insert into T_TERMINALINFO (TERMINAL_ID,TTYPE_ID,SIM_ID,TERMINAL_CODE,ORG_CODE,IS_VIDEO_TERMINAL,SP_SERVER_NAME,PROTOCOL_TYPE,CHANNELS,YT_PROTOCOL_TYPE) values(221764, 4, 23764, '1003763', 'B0000802',1,'1076测试服务器','4',8,'0');
insert into V_VEHICLEINFO (ORG_CODE,VEHICLE_ID,ID_NUMBER,TYPE_ID,TERMINAL_ID,DELETE_FLAG,COLOR_ID_NUMBER_ID,AUTHORIZED_PAY_MASS) values ('B0000802','2201764', '测B03763', 4, 221764, 0, '2',15);

insert into T_SIMINFO (SIM_ID, ORG_CODE, DEPTCODE, STATE,PAY_MODLE, SIM_NUM) values(23765, 'B0000802', '中国移动', 1, '预付费', 13100003764);
insert into T_TERMINALINFO (TERMINAL_ID,TTYPE_ID,SIM_ID,TERMINAL_CODE,ORG_CODE,IS_VIDEO_TERMINAL,SP_SERVER_NAME,PROTOCOL_TYPE,CHANNELS,YT_PROTOCOL_TYPE) values(221765, 4, 23765, '1003764', 'B0000802',1,'1076测试服务器','4',8,'0');
insert into V_VEHICLEINFO (ORG_CODE,VEHICLE_ID,ID_NUMBER,TYPE_ID,TERMINAL_ID,DELETE_FLAG,COLOR_ID_NUMBER_ID,AUTHORIZED_PAY_MASS) values ('B0000802','2201765', '测B03764', 4, 221765, 0, '2',15);

insert into T_SIMINFO (SIM_ID, ORG_CODE, DEPTCODE, STATE,PAY_MODLE, SIM_NUM) values(23766, 'B0000802', '中国移动', 1, '预付费', 13100003765);
insert into T_TERMINALINFO (TERMINAL_ID,TTYPE_ID,SIM_ID,TERMINAL_CODE,ORG_CODE,IS_VIDEO_TERMINAL,SP_SERVER_NAME,PROTOCOL_TYPE,CHANNELS,YT_PROTOCOL_TYPE) values(221766, 4, 23766, '1003765', 'B0000802',1,'1076测试服务器','4',8,'0');
insert into V_VEHICLEINFO (ORG_CODE,VEHICLE_ID,ID_NUMBER,TYPE_ID,TERMINAL_ID,DELETE_FLAG,COLOR_ID_NUMBER_ID,AUTHORIZED_PAY_MASS) values ('B0000802','2201766', '测B03765', 4, 221766, 0, '2',15);

insert into T_SIMINFO (SIM_ID, ORG_CODE, DEPTCODE, STATE,PAY_MODLE, SIM_NUM) values(23767, 'B0000802', '中国移动', 1, '预付费', 13100003766);
insert into T_TERMINALINFO (TERMINAL_ID,TTYPE_ID,SIM_ID,TERMINAL_CODE,ORG_CODE,IS_VIDEO_TERMINAL,SP_SERVER_NAME,PROTOCOL_TYPE,CHANNELS,YT_PROTOCOL_TYPE) values(221767, 4, 23767, '1003766', 'B0000802',1,'1076测试服务器','4',8,'0');
insert into V_VEHICLEINFO (ORG_CODE,VEHICLE_ID,ID_NUMBER,TYPE_ID,TERMINAL_ID,DELETE_FLAG,COLOR_ID_NUMBER_ID,AUTHORIZED_PAY_MASS) values ('B0000802','2201767', '测B03766', 4, 221767, 0, '2',15);

insert into T_SIMINFO (SIM_ID, ORG_CODE, DEPTCODE, STATE,PAY_MODLE, SIM_NUM) values(23768, 'B0000802', '中国移动', 1, '预付费', 13100003767);
insert into T_TERMINALINFO (TERMINAL_ID,TTYPE_ID,SIM_ID,TERMINAL_CODE,ORG_CODE,IS_VIDEO_TERMINAL,SP_SERVER_NAME,PROTOCOL_TYPE,CHANNELS,YT_PROTOCOL_TYPE) values(221768, 4, 23768, '1003767', 'B0000802',1,'1076测试服务器','4',8,'0');
insert into V_VEHICLEINFO (ORG_CODE,VEHICLE_ID,ID_NUMBER,TYPE_ID,TERMINAL_ID,DELETE_FLAG,COLOR_ID_NUMBER_ID,AUTHORIZED_PAY_MASS) values ('B0000802','2201768', '测B03767', 4, 221768, 0, '2',15);

insert into T_SIMINFO (SIM_ID, ORG_CODE, DEPTCODE, STATE,PAY_MODLE, SIM_NUM) values(23769, 'B0000802', '中国移动', 1, '预付费', 13100003768);
insert into T_TERMINALINFO (TERMINAL_ID,TTYPE_ID,SIM_ID,TERMINAL_CODE,ORG_CODE,IS_VIDEO_TERMINAL,SP_SERVER_NAME,PROTOCOL_TYPE,CHANNELS,YT_PROTOCOL_TYPE) values(221769, 4, 23769, '1003768', 'B0000802',1,'1076测试服务器','4',8,'0');
insert into V_VEHICLEINFO (ORG_CODE,VEHICLE_ID,ID_NUMBER,TYPE_ID,TERMINAL_ID,DELETE_FLAG,COLOR_ID_NUMBER_ID,AUTHORIZED_PAY_MASS) values ('B0000802','2201769', '测B03768', 4, 221769, 0, '2',15);

insert into T_SIMINFO (SIM_ID, ORG_CODE, DEPTCODE, STATE,PAY_MODLE, SIM_NUM) values(23770, 'B0000802', '中国移动', 1, '预付费', 13100003769);
insert into T_TERMINALINFO (TERMINAL_ID,TTYPE_ID,SIM_ID,TERMINAL_CODE,ORG_CODE,IS_VIDEO_TERMINAL,SP_SERVER_NAME,PROTOCOL_TYPE,CHANNELS,YT_PROTOCOL_TYPE) values(221770, 4, 23770, '1003769', 'B0000802',1,'1076测试服务器','4',8,'0');
insert into V_VEHICLEINFO (ORG_CODE,VEHICLE_ID,ID_NUMBER,TYPE_ID,TERMINAL_ID,DELETE_FLAG,COLOR_ID_NUMBER_ID,AUTHORIZED_PAY_MASS) values ('B0000802','2201770', '测B03769', 4, 221770, 0, '2',15);

insert into T_SIMINFO (SIM_ID, ORG_CODE, DEPTCODE, STATE,PAY_MODLE, SIM_NUM) values(23771, 'B0000802', '中国移动', 1, '预付费', 13100003770);
insert into T_TERMINALINFO (TERMINAL_ID,TTYPE_ID,SIM_ID,TERMINAL_CODE,ORG_CODE,IS_VIDEO_TERMINAL,SP_SERVER_NAME,PROTOCOL_TYPE,CHANNELS,YT_PROTOCOL_TYPE) values(221771, 4, 23771, '1003770', 'B0000802',1,'1076测试服务器','4',8,'0');
insert into V_VEHICLEINFO (ORG_CODE,VEHICLE_ID,ID_NUMBER,TYPE_ID,TERMINAL_ID,DELETE_FLAG,COLOR_ID_NUMBER_ID,AUTHORIZED_PAY_MASS) values ('B0000802','2201771', '测B03770', 4, 221771, 0, '2',15);

insert into T_SIMINFO (SIM_ID, ORG_CODE, DEPTCODE, STATE,PAY_MODLE, SIM_NUM) values(23772, 'B0000802', '中国移动', 1, '预付费', 13100003771);
insert into T_TERMINALINFO (TERMINAL_ID,TTYPE_ID,SIM_ID,TERMINAL_CODE,ORG_CODE,IS_VIDEO_TERMINAL,SP_SERVER_NAME,PROTOCOL_TYPE,CHANNELS,YT_PROTOCOL_TYPE) values(221772, 4, 23772, '1003771', 'B0000802',1,'1076测试服务器','4',8,'0');
insert into V_VEHICLEINFO (ORG_CODE,VEHICLE_ID,ID_NUMBER,TYPE_ID,TERMINAL_ID,DELETE_FLAG,COLOR_ID_NUMBER_ID,AUTHORIZED_PAY_MASS) values ('B0000802','2201772', '测B03771', 4, 221772, 0, '2',15);

insert into T_SIMINFO (SIM_ID, ORG_CODE, DEPTCODE, STATE,PAY_MODLE, SIM_NUM) values(23773, 'B0000802', '中国移动', 1, '预付费', 13100003772);
insert into T_TERMINALINFO (TERMINAL_ID,TTYPE_ID,SIM_ID,TERMINAL_CODE,ORG_CODE,IS_VIDEO_TERMINAL,SP_SERVER_NAME,PROTOCOL_TYPE,CHANNELS,YT_PROTOCOL_TYPE) values(221773, 4, 23773, '1003772', 'B0000802',1,'1076测试服务器','4',8,'0');
insert into V_VEHICLEINFO (ORG_CODE,VEHICLE_ID,ID_NUMBER,TYPE_ID,TERMINAL_ID,DELETE_FLAG,COLOR_ID_NUMBER_ID,AUTHORIZED_PAY_MASS) values ('B0000802','2201773', '测B03772', 4, 221773, 0, '2',15);

insert into T_SIMINFO (SIM_ID, ORG_CODE, DEPTCODE, STATE,PAY_MODLE, SIM_NUM) values(23774, 'B0000802', '中国移动', 1, '预付费', 13100003773);
insert into T_TERMINALINFO (TERMINAL_ID,TTYPE_ID,SIM_ID,TERMINAL_CODE,ORG_CODE,IS_VIDEO_TERMINAL,SP_SERVER_NAME,PROTOCOL_TYPE,CHANNELS,YT_PROTOCOL_TYPE) values(221774, 4, 23774, '1003773', 'B0000802',1,'1076测试服务器','4',8,'0');
insert into V_VEHICLEINFO (ORG_CODE,VEHICLE_ID,ID_NUMBER,TYPE_ID,TERMINAL_ID,DELETE_FLAG,COLOR_ID_NUMBER_ID,AUTHORIZED_PAY_MASS) values ('B0000802','2201774', '测B03773', 4, 221774, 0, '2',15);

insert into T_SIMINFO (SIM_ID, ORG_CODE, DEPTCODE, STATE,PAY_MODLE, SIM_NUM) values(23775, 'B0000802', '中国移动', 1, '预付费', 13100003774);
insert into T_TERMINALINFO (TERMINAL_ID,TTYPE_ID,SIM_ID,TERMINAL_CODE,ORG_CODE,IS_VIDEO_TERMINAL,SP_SERVER_NAME,PROTOCOL_TYPE,CHANNELS,YT_PROTOCOL_TYPE) values(221775, 4, 23775, '1003774', 'B0000802',1,'1076测试服务器','4',8,'0');
insert into V_VEHICLEINFO (ORG_CODE,VEHICLE_ID,ID_NUMBER,TYPE_ID,TERMINAL_ID,DELETE_FLAG,COLOR_ID_NUMBER_ID,AUTHORIZED_PAY_MASS) values ('B0000802','2201775', '测B03774', 4, 221775, 0, '2',15);

insert into T_SIMINFO (SIM_ID, ORG_CODE, DEPTCODE, STATE,PAY_MODLE, SIM_NUM) values(23776, 'B0000802', '中国移动', 1, '预付费', 13100003775);
insert into T_TERMINALINFO (TERMINAL_ID,TTYPE_ID,SIM_ID,TERMINAL_CODE,ORG_CODE,IS_VIDEO_TERMINAL,SP_SERVER_NAME,PROTOCOL_TYPE,CHANNELS,YT_PROTOCOL_TYPE) values(221776, 4, 23776, '1003775', 'B0000802',1,'1076测试服务器','4',8,'0');
insert into V_VEHICLEINFO (ORG_CODE,VEHICLE_ID,ID_NUMBER,TYPE_ID,TERMINAL_ID,DELETE_FLAG,COLOR_ID_NUMBER_ID,AUTHORIZED_PAY_MASS) values ('B0000802','2201776', '测B03775', 4, 221776, 0, '2',15);

insert into T_SIMINFO (SIM_ID, ORG_CODE, DEPTCODE, STATE,PAY_MODLE, SIM_NUM) values(23777, 'B0000802', '中国移动', 1, '预付费', 13100003776);
insert into T_TERMINALINFO (TERMINAL_ID,TTYPE_ID,SIM_ID,TERMINAL_CODE,ORG_CODE,IS_VIDEO_TERMINAL,SP_SERVER_NAME,PROTOCOL_TYPE,CHANNELS,YT_PROTOCOL_TYPE) values(221777, 4, 23777, '1003776', 'B0000802',1,'1076测试服务器','4',8,'0');
insert into V_VEHICLEINFO (ORG_CODE,VEHICLE_ID,ID_NUMBER,TYPE_ID,TERMINAL_ID,DELETE_FLAG,COLOR_ID_NUMBER_ID,AUTHORIZED_PAY_MASS) values ('B0000802','2201777', '测B03776', 4, 221777, 0, '2',15);

insert into T_SIMINFO (SIM_ID, ORG_CODE, DEPTCODE, STATE,PAY_MODLE, SIM_NUM) values(23778, 'B0000802', '中国移动', 1, '预付费', 13100003777);
insert into T_TERMINALINFO (TERMINAL_ID,TTYPE_ID,SIM_ID,TERMINAL_CODE,ORG_CODE,IS_VIDEO_TERMINAL,SP_SERVER_NAME,PROTOCOL_TYPE,CHANNELS,YT_PROTOCOL_TYPE) values(221778, 4, 23778, '1003777', 'B0000802',1,'1076测试服务器','4',8,'0');
insert into V_VEHICLEINFO (ORG_CODE,VEHICLE_ID,ID_NUMBER,TYPE_ID,TERMINAL_ID,DELETE_FLAG,COLOR_ID_NUMBER_ID,AUTHORIZED_PAY_MASS) values ('B0000802','2201778', '测B03777', 4, 221778, 0, '2',15);

insert into T_SIMINFO (SIM_ID, ORG_CODE, DEPTCODE, STATE,PAY_MODLE, SIM_NUM) values(23779, 'B0000802', '中国移动', 1, '预付费', 13100003778);
insert into T_TERMINALINFO (TERMINAL_ID,TTYPE_ID,SIM_ID,TERMINAL_CODE,ORG_CODE,IS_VIDEO_TERMINAL,SP_SERVER_NAME,PROTOCOL_TYPE,CHANNELS,YT_PROTOCOL_TYPE) values(221779, 4, 23779, '1003778', 'B0000802',1,'1076测试服务器','4',8,'0');
insert into V_VEHICLEINFO (ORG_CODE,VEHICLE_ID,ID_NUMBER,TYPE_ID,TERMINAL_ID,DELETE_FLAG,COLOR_ID_NUMBER_ID,AUTHORIZED_PAY_MASS) values ('B0000802','2201779', '测B03778', 4, 221779, 0, '2',15);

insert into T_SIMINFO (SIM_ID, ORG_CODE, DEPTCODE, STATE,PAY_MODLE, SIM_NUM) values(23780, 'B0000802', '中国移动', 1, '预付费', 13100003779);
insert into T_TERMINALINFO (TERMINAL_ID,TTYPE_ID,SIM_ID,TERMINAL_CODE,ORG_CODE,IS_VIDEO_TERMINAL,SP_SERVER_NAME,PROTOCOL_TYPE,CHANNELS,YT_PROTOCOL_TYPE) values(221780, 4, 23780, '1003779', 'B0000802',1,'1076测试服务器','4',8,'0');
insert into V_VEHICLEINFO (ORG_CODE,VEHICLE_ID,ID_NUMBER,TYPE_ID,TERMINAL_ID,DELETE_FLAG,COLOR_ID_NUMBER_ID,AUTHORIZED_PAY_MASS) values ('B0000802','2201780', '测B03779', 4, 221780, 0, '2',15);

insert into T_SIMINFO (SIM_ID, ORG_CODE, DEPTCODE, STATE,PAY_MODLE, SIM_NUM) values(23781, 'B0000802', '中国移动', 1, '预付费', 13100003780);
insert into T_TERMINALINFO (TERMINAL_ID,TTYPE_ID,SIM_ID,TERMINAL_CODE,ORG_CODE,IS_VIDEO_TERMINAL,SP_SERVER_NAME,PROTOCOL_TYPE,CHANNELS,YT_PROTOCOL_TYPE) values(221781, 4, 23781, '1003780', 'B0000802',1,'1076测试服务器','4',8,'0');
insert into V_VEHICLEINFO (ORG_CODE,VEHICLE_ID,ID_NUMBER,TYPE_ID,TERMINAL_ID,DELETE_FLAG,COLOR_ID_NUMBER_ID,AUTHORIZED_PAY_MASS) values ('B0000802','2201781', '测B03780', 4, 221781, 0, '2',15);

insert into T_SIMINFO (SIM_ID, ORG_CODE, DEPTCODE, STATE,PAY_MODLE, SIM_NUM) values(23782, 'B0000802', '中国移动', 1, '预付费', 13100003781);
insert into T_TERMINALINFO (TERMINAL_ID,TTYPE_ID,SIM_ID,TERMINAL_CODE,ORG_CODE,IS_VIDEO_TERMINAL,SP_SERVER_NAME,PROTOCOL_TYPE,CHANNELS,YT_PROTOCOL_TYPE) values(221782, 4, 23782, '1003781', 'B0000802',1,'1076测试服务器','4',8,'0');
insert into V_VEHICLEINFO (ORG_CODE,VEHICLE_ID,ID_NUMBER,TYPE_ID,TERMINAL_ID,DELETE_FLAG,COLOR_ID_NUMBER_ID,AUTHORIZED_PAY_MASS) values ('B0000802','2201782', '测B03781', 4, 221782, 0, '2',15);

insert into T_SIMINFO (SIM_ID, ORG_CODE, DEPTCODE, STATE,PAY_MODLE, SIM_NUM) values(23783, 'B0000802', '中国移动', 1, '预付费', 13100003782);
insert into T_TERMINALINFO (TERMINAL_ID,TTYPE_ID,SIM_ID,TERMINAL_CODE,ORG_CODE,IS_VIDEO_TERMINAL,SP_SERVER_NAME,PROTOCOL_TYPE,CHANNELS,YT_PROTOCOL_TYPE) values(221783, 4, 23783, '1003782', 'B0000802',1,'1076测试服务器','4',8,'0');
insert into V_VEHICLEINFO (ORG_CODE,VEHICLE_ID,ID_NUMBER,TYPE_ID,TERMINAL_ID,DELETE_FLAG,COLOR_ID_NUMBER_ID,AUTHORIZED_PAY_MASS) values ('B0000802','2201783', '测B03782', 4, 221783, 0, '2',15);

insert into T_SIMINFO (SIM_ID, ORG_CODE, DEPTCODE, STATE,PAY_MODLE, SIM_NUM) values(23784, 'B0000802', '中国移动', 1, '预付费', 13100003783);
insert into T_TERMINALINFO (TERMINAL_ID,TTYPE_ID,SIM_ID,TERMINAL_CODE,ORG_CODE,IS_VIDEO_TERMINAL,SP_SERVER_NAME,PROTOCOL_TYPE,CHANNELS,YT_PROTOCOL_TYPE) values(221784, 4, 23784, '1003783', 'B0000802',1,'1076测试服务器','4',8,'0');
insert into V_VEHICLEINFO (ORG_CODE,VEHICLE_ID,ID_NUMBER,TYPE_ID,TERMINAL_ID,DELETE_FLAG,COLOR_ID_NUMBER_ID,AUTHORIZED_PAY_MASS) values ('B0000802','2201784', '测B03783', 4, 221784, 0, '2',15);

insert into T_SIMINFO (SIM_ID, ORG_CODE, DEPTCODE, STATE,PAY_MODLE, SIM_NUM) values(23785, 'B0000802', '中国移动', 1, '预付费', 13100003784);
insert into T_TERMINALINFO (TERMINAL_ID,TTYPE_ID,SIM_ID,TERMINAL_CODE,ORG_CODE,IS_VIDEO_TERMINAL,SP_SERVER_NAME,PROTOCOL_TYPE,CHANNELS,YT_PROTOCOL_TYPE) values(221785, 4, 23785, '1003784', 'B0000802',1,'1076测试服务器','4',8,'0');
insert into V_VEHICLEINFO (ORG_CODE,VEHICLE_ID,ID_NUMBER,TYPE_ID,TERMINAL_ID,DELETE_FLAG,COLOR_ID_NUMBER_ID,AUTHORIZED_PAY_MASS) values ('B0000802','2201785', '测B03784', 4, 221785, 0, '2',15);

insert into T_SIMINFO (SIM_ID, ORG_CODE, DEPTCODE, STATE,PAY_MODLE, SIM_NUM) values(23786, 'B0000802', '中国移动', 1, '预付费', 13100003785);
insert into T_TERMINALINFO (TERMINAL_ID,TTYPE_ID,SIM_ID,TERMINAL_CODE,ORG_CODE,IS_VIDEO_TERMINAL,SP_SERVER_NAME,PROTOCOL_TYPE,CHANNELS,YT_PROTOCOL_TYPE) values(221786, 4, 23786, '1003785', 'B0000802',1,'1076测试服务器','4',8,'0');
insert into V_VEHICLEINFO (ORG_CODE,VEHICLE_ID,ID_NUMBER,TYPE_ID,TERMINAL_ID,DELETE_FLAG,COLOR_ID_NUMBER_ID,AUTHORIZED_PAY_MASS) values ('B0000802','2201786', '测B03785', 4, 221786, 0, '2',15);

insert into T_SIMINFO (SIM_ID, ORG_CODE, DEPTCODE, STATE,PAY_MODLE, SIM_NUM) values(23787, 'B0000802', '中国移动', 1, '预付费', 13100003786);
insert into T_TERMINALINFO (TERMINAL_ID,TTYPE_ID,SIM_ID,TERMINAL_CODE,ORG_CODE,IS_VIDEO_TERMINAL,SP_SERVER_NAME,PROTOCOL_TYPE,CHANNELS,YT_PROTOCOL_TYPE) values(221787, 4, 23787, '1003786', 'B0000802',1,'1076测试服务器','4',8,'0');
insert into V_VEHICLEINFO (ORG_CODE,VEHICLE_ID,ID_NUMBER,TYPE_ID,TERMINAL_ID,DELETE_FLAG,COLOR_ID_NUMBER_ID,AUTHORIZED_PAY_MASS) values ('B0000802','2201787', '测B03786', 4, 221787, 0, '2',15);

insert into T_SIMINFO (SIM_ID, ORG_CODE, DEPTCODE, STATE,PAY_MODLE, SIM_NUM) values(23788, 'B0000802', '中国移动', 1, '预付费', 13100003787);
insert into T_TERMINALINFO (TERMINAL_ID,TTYPE_ID,SIM_ID,TERMINAL_CODE,ORG_CODE,IS_VIDEO_TERMINAL,SP_SERVER_NAME,PROTOCOL_TYPE,CHANNELS,YT_PROTOCOL_TYPE) values(221788, 4, 23788, '1003787', 'B0000802',1,'1076测试服务器','4',8,'0');
insert into V_VEHICLEINFO (ORG_CODE,VEHICLE_ID,ID_NUMBER,TYPE_ID,TERMINAL_ID,DELETE_FLAG,COLOR_ID_NUMBER_ID,AUTHORIZED_PAY_MASS) values ('B0000802','2201788', '测B03787', 4, 221788, 0, '2',15);

insert into T_SIMINFO (SIM_ID, ORG_CODE, DEPTCODE, STATE,PAY_MODLE, SIM_NUM) values(23789, 'B0000802', '中国移动', 1, '预付费', 13100003788);
insert into T_TERMINALINFO (TERMINAL_ID,TTYPE_ID,SIM_ID,TERMINAL_CODE,ORG_CODE,IS_VIDEO_TERMINAL,SP_SERVER_NAME,PROTOCOL_TYPE,CHANNELS,YT_PROTOCOL_TYPE) values(221789, 4, 23789, '1003788', 'B0000802',1,'1076测试服务器','4',8,'0');
insert into V_VEHICLEINFO (ORG_CODE,VEHICLE_ID,ID_NUMBER,TYPE_ID,TERMINAL_ID,DELETE_FLAG,COLOR_ID_NUMBER_ID,AUTHORIZED_PAY_MASS) values ('B0000802','2201789', '测B03788', 4, 221789, 0, '2',15);

insert into T_SIMINFO (SIM_ID, ORG_CODE, DEPTCODE, STATE,PAY_MODLE, SIM_NUM) values(23790, 'B0000802', '中国移动', 1, '预付费', 13100003789);
insert into T_TERMINALINFO (TERMINAL_ID,TTYPE_ID,SIM_ID,TERMINAL_CODE,ORG_CODE,IS_VIDEO_TERMINAL,SP_SERVER_NAME,PROTOCOL_TYPE,CHANNELS,YT_PROTOCOL_TYPE) values(221790, 4, 23790, '1003789', 'B0000802',1,'1076测试服务器','4',8,'0');
insert into V_VEHICLEINFO (ORG_CODE,VEHICLE_ID,ID_NUMBER,TYPE_ID,TERMINAL_ID,DELETE_FLAG,COLOR_ID_NUMBER_ID,AUTHORIZED_PAY_MASS) values ('B0000802','2201790', '测B03789', 4, 221790, 0, '2',15);

insert into T_SIMINFO (SIM_ID, ORG_CODE, DEPTCODE, STATE,PAY_MODLE, SIM_NUM) values(23791, 'B0000802', '中国移动', 1, '预付费', 13100003790);
insert into T_TERMINALINFO (TERMINAL_ID,TTYPE_ID,SIM_ID,TERMINAL_CODE,ORG_CODE,IS_VIDEO_TERMINAL,SP_SERVER_NAME,PROTOCOL_TYPE,CHANNELS,YT_PROTOCOL_TYPE) values(221791, 4, 23791, '1003790', 'B0000802',1,'1076测试服务器','4',8,'0');
insert into V_VEHICLEINFO (ORG_CODE,VEHICLE_ID,ID_NUMBER,TYPE_ID,TERMINAL_ID,DELETE_FLAG,COLOR_ID_NUMBER_ID,AUTHORIZED_PAY_MASS) values ('B0000802','2201791', '测B03790', 4, 221791, 0, '2',15);

insert into T_SIMINFO (SIM_ID, ORG_CODE, DEPTCODE, STATE,PAY_MODLE, SIM_NUM) values(23792, 'B0000802', '中国移动', 1, '预付费', 13100003791);
insert into T_TERMINALINFO (TERMINAL_ID,TTYPE_ID,SIM_ID,TERMINAL_CODE,ORG_CODE,IS_VIDEO_TERMINAL,SP_SERVER_NAME,PROTOCOL_TYPE,CHANNELS,YT_PROTOCOL_TYPE) values(221792, 4, 23792, '1003791', 'B0000802',1,'1076测试服务器','4',8,'0');
insert into V_VEHICLEINFO (ORG_CODE,VEHICLE_ID,ID_NUMBER,TYPE_ID,TERMINAL_ID,DELETE_FLAG,COLOR_ID_NUMBER_ID,AUTHORIZED_PAY_MASS) values ('B0000802','2201792', '测B03791', 4, 221792, 0, '2',15);

insert into T_SIMINFO (SIM_ID, ORG_CODE, DEPTCODE, STATE,PAY_MODLE, SIM_NUM) values(23793, 'B0000802', '中国移动', 1, '预付费', 13100003792);
insert into T_TERMINALINFO (TERMINAL_ID,TTYPE_ID,SIM_ID,TERMINAL_CODE,ORG_CODE,IS_VIDEO_TERMINAL,SP_SERVER_NAME,PROTOCOL_TYPE,CHANNELS,YT_PROTOCOL_TYPE) values(221793, 4, 23793, '1003792', 'B0000802',1,'1076测试服务器','4',8,'0');
insert into V_VEHICLEINFO (ORG_CODE,VEHICLE_ID,ID_NUMBER,TYPE_ID,TERMINAL_ID,DELETE_FLAG,COLOR_ID_NUMBER_ID,AUTHORIZED_PAY_MASS) values ('B0000802','2201793', '测B03792', 4, 221793, 0, '2',15);

insert into T_SIMINFO (SIM_ID, ORG_CODE, DEPTCODE, STATE,PAY_MODLE, SIM_NUM) values(23794, 'B0000802', '中国移动', 1, '预付费', 13100003793);
insert into T_TERMINALINFO (TERMINAL_ID,TTYPE_ID,SIM_ID,TERMINAL_CODE,ORG_CODE,IS_VIDEO_TERMINAL,SP_SERVER_NAME,PROTOCOL_TYPE,CHANNELS,YT_PROTOCOL_TYPE) values(221794, 4, 23794, '1003793', 'B0000802',1,'1076测试服务器','4',8,'0');
insert into V_VEHICLEINFO (ORG_CODE,VEHICLE_ID,ID_NUMBER,TYPE_ID,TERMINAL_ID,DELETE_FLAG,COLOR_ID_NUMBER_ID,AUTHORIZED_PAY_MASS) values ('B0000802','2201794', '测B03793', 4, 221794, 0, '2',15);

insert into T_SIMINFO (SIM_ID, ORG_CODE, DEPTCODE, STATE,PAY_MODLE, SIM_NUM) values(23795, 'B0000802', '中国移动', 1, '预付费', 13100003794);
insert into T_TERMINALINFO (TERMINAL_ID,TTYPE_ID,SIM_ID,TERMINAL_CODE,ORG_CODE,IS_VIDEO_TERMINAL,SP_SERVER_NAME,PROTOCOL_TYPE,CHANNELS,YT_PROTOCOL_TYPE) values(221795, 4, 23795, '1003794', 'B0000802',1,'1076测试服务器','4',8,'0');
insert into V_VEHICLEINFO (ORG_CODE,VEHICLE_ID,ID_NUMBER,TYPE_ID,TERMINAL_ID,DELETE_FLAG,COLOR_ID_NUMBER_ID,AUTHORIZED_PAY_MASS) values ('B0000802','2201795', '测B03794', 4, 221795, 0, '2',15);

insert into T_SIMINFO (SIM_ID, ORG_CODE, DEPTCODE, STATE,PAY_MODLE, SIM_NUM) values(23796, 'B0000802', '中国移动', 1, '预付费', 13100003795);
insert into T_TERMINALINFO (TERMINAL_ID,TTYPE_ID,SIM_ID,TERMINAL_CODE,ORG_CODE,IS_VIDEO_TERMINAL,SP_SERVER_NAME,PROTOCOL_TYPE,CHANNELS,YT_PROTOCOL_TYPE) values(221796, 4, 23796, '1003795', 'B0000802',1,'1076测试服务器','4',8,'0');
insert into V_VEHICLEINFO (ORG_CODE,VEHICLE_ID,ID_NUMBER,TYPE_ID,TERMINAL_ID,DELETE_FLAG,COLOR_ID_NUMBER_ID,AUTHORIZED_PAY_MASS) values ('B0000802','2201796', '测B03795', 4, 221796, 0, '2',15);

insert into T_SIMINFO (SIM_ID, ORG_CODE, DEPTCODE, STATE,PAY_MODLE, SIM_NUM) values(23797, 'B0000802', '中国移动', 1, '预付费', 13100003796);
insert into T_TERMINALINFO (TERMINAL_ID,TTYPE_ID,SIM_ID,TERMINAL_CODE,ORG_CODE,IS_VIDEO_TERMINAL,SP_SERVER_NAME,PROTOCOL_TYPE,CHANNELS,YT_PROTOCOL_TYPE) values(221797, 4, 23797, '1003796', 'B0000802',1,'1076测试服务器','4',8,'0');
insert into V_VEHICLEINFO (ORG_CODE,VEHICLE_ID,ID_NUMBER,TYPE_ID,TERMINAL_ID,DELETE_FLAG,COLOR_ID_NUMBER_ID,AUTHORIZED_PAY_MASS) values ('B0000802','2201797', '测B03796', 4, 221797, 0, '2',15);

insert into T_SIMINFO (SIM_ID, ORG_CODE, DEPTCODE, STATE,PAY_MODLE, SIM_NUM) values(23798, 'B0000802', '中国移动', 1, '预付费', 13100003797);
insert into T_TERMINALINFO (TERMINAL_ID,TTYPE_ID,SIM_ID,TERMINAL_CODE,ORG_CODE,IS_VIDEO_TERMINAL,SP_SERVER_NAME,PROTOCOL_TYPE,CHANNELS,YT_PROTOCOL_TYPE) values(221798, 4, 23798, '1003797', 'B0000802',1,'1076测试服务器','4',8,'0');
insert into V_VEHICLEINFO (ORG_CODE,VEHICLE_ID,ID_NUMBER,TYPE_ID,TERMINAL_ID,DELETE_FLAG,COLOR_ID_NUMBER_ID,AUTHORIZED_PAY_MASS) values ('B0000802','2201798', '测B03797', 4, 221798, 0, '2',15);

insert into T_SIMINFO (SIM_ID, ORG_CODE, DEPTCODE, STATE,PAY_MODLE, SIM_NUM) values(23799, 'B0000802', '中国移动', 1, '预付费', 13100003798);
insert into T_TERMINALINFO (TERMINAL_ID,TTYPE_ID,SIM_ID,TERMINAL_CODE,ORG_CODE,IS_VIDEO_TERMINAL,SP_SERVER_NAME,PROTOCOL_TYPE,CHANNELS,YT_PROTOCOL_TYPE) values(221799, 4, 23799, '1003798', 'B0000802',1,'1076测试服务器','4',8,'0');
insert into V_VEHICLEINFO (ORG_CODE,VEHICLE_ID,ID_NUMBER,TYPE_ID,TERMINAL_ID,DELETE_FLAG,COLOR_ID_NUMBER_ID,AUTHORIZED_PAY_MASS) values ('B0000802','2201799', '测B03798', 4, 221799, 0, '2',15);

insert into T_SIMINFO (SIM_ID, ORG_CODE, DEPTCODE, STATE,PAY_MODLE, SIM_NUM) values(23800, 'B0000802', '中国移动', 1, '预付费', 13100003799);
insert into T_TERMINALINFO (TERMINAL_ID,TTYPE_ID,SIM_ID,TERMINAL_CODE,ORG_CODE,IS_VIDEO_TERMINAL,SP_SERVER_NAME,PROTOCOL_TYPE,CHANNELS,YT_PROTOCOL_TYPE) values(221800, 4, 23800, '1003799', 'B0000802',1,'1076测试服务器','4',8,'0');
insert into V_VEHICLEINFO (ORG_CODE,VEHICLE_ID,ID_NUMBER,TYPE_ID,TERMINAL_ID,DELETE_FLAG,COLOR_ID_NUMBER_ID,AUTHORIZED_PAY_MASS) values ('B0000802','2201800', '测B03799', 4, 221800, 0, '2',15);

insert into T_SIMINFO (SIM_ID, ORG_CODE, DEPTCODE, STATE,PAY_MODLE, SIM_NUM) values(23801, 'B0000802', '中国移动', 1, '预付费', 13100003800);
insert into T_TERMINALINFO (TERMINAL_ID,TTYPE_ID,SIM_ID,TERMINAL_CODE,ORG_CODE,IS_VIDEO_TERMINAL,SP_SERVER_NAME,PROTOCOL_TYPE,CHANNELS,YT_PROTOCOL_TYPE) values(221801, 4, 23801, '1003800', 'B0000802',1,'1076测试服务器','4',8,'0');
insert into V_VEHICLEINFO (ORG_CODE,VEHICLE_ID,ID_NUMBER,TYPE_ID,TERMINAL_ID,DELETE_FLAG,COLOR_ID_NUMBER_ID,AUTHORIZED_PAY_MASS) values ('B0000802','2201801', '测B03800', 4, 221801, 0, '2',15);

insert into T_SIMINFO (SIM_ID, ORG_CODE, DEPTCODE, STATE,PAY_MODLE, SIM_NUM) values(23802, 'B0000802', '中国移动', 1, '预付费', 13100003801);
insert into T_TERMINALINFO (TERMINAL_ID,TTYPE_ID,SIM_ID,TERMINAL_CODE,ORG_CODE,IS_VIDEO_TERMINAL,SP_SERVER_NAME,PROTOCOL_TYPE,CHANNELS,YT_PROTOCOL_TYPE) values(221802, 4, 23802, '1003801', 'B0000802',1,'1076测试服务器','4',8,'0');
insert into V_VEHICLEINFO (ORG_CODE,VEHICLE_ID,ID_NUMBER,TYPE_ID,TERMINAL_ID,DELETE_FLAG,COLOR_ID_NUMBER_ID,AUTHORIZED_PAY_MASS) values ('B0000802','2201802', '测B03801', 4, 221802, 0, '2',15);

insert into T_SIMINFO (SIM_ID, ORG_CODE, DEPTCODE, STATE,PAY_MODLE, SIM_NUM) values(23803, 'B0000802', '中国移动', 1, '预付费', 13100003802);
insert into T_TERMINALINFO (TERMINAL_ID,TTYPE_ID,SIM_ID,TERMINAL_CODE,ORG_CODE,IS_VIDEO_TERMINAL,SP_SERVER_NAME,PROTOCOL_TYPE,CHANNELS,YT_PROTOCOL_TYPE) values(221803, 4, 23803, '1003802', 'B0000802',1,'1076测试服务器','4',8,'0');
insert into V_VEHICLEINFO (ORG_CODE,VEHICLE_ID,ID_NUMBER,TYPE_ID,TERMINAL_ID,DELETE_FLAG,COLOR_ID_NUMBER_ID,AUTHORIZED_PAY_MASS) values ('B0000802','2201803', '测B03802', 4, 221803, 0, '2',15);

insert into T_SIMINFO (SIM_ID, ORG_CODE, DEPTCODE, STATE,PAY_MODLE, SIM_NUM) values(23804, 'B0000802', '中国移动', 1, '预付费', 13100003803);
insert into T_TERMINALINFO (TERMINAL_ID,TTYPE_ID,SIM_ID,TERMINAL_CODE,ORG_CODE,IS_VIDEO_TERMINAL,SP_SERVER_NAME,PROTOCOL_TYPE,CHANNELS,YT_PROTOCOL_TYPE) values(221804, 4, 23804, '1003803', 'B0000802',1,'1076测试服务器','4',8,'0');
insert into V_VEHICLEINFO (ORG_CODE,VEHICLE_ID,ID_NUMBER,TYPE_ID,TERMINAL_ID,DELETE_FLAG,COLOR_ID_NUMBER_ID,AUTHORIZED_PAY_MASS) values ('B0000802','2201804', '测B03803', 4, 221804, 0, '2',15);

insert into T_SIMINFO (SIM_ID, ORG_CODE, DEPTCODE, STATE,PAY_MODLE, SIM_NUM) values(23805, 'B0000802', '中国移动', 1, '预付费', 13100003804);
insert into T_TERMINALINFO (TERMINAL_ID,TTYPE_ID,SIM_ID,TERMINAL_CODE,ORG_CODE,IS_VIDEO_TERMINAL,SP_SERVER_NAME,PROTOCOL_TYPE,CHANNELS,YT_PROTOCOL_TYPE) values(221805, 4, 23805, '1003804', 'B0000802',1,'1076测试服务器','4',8,'0');
insert into V_VEHICLEINFO (ORG_CODE,VEHICLE_ID,ID_NUMBER,TYPE_ID,TERMINAL_ID,DELETE_FLAG,COLOR_ID_NUMBER_ID,AUTHORIZED_PAY_MASS) values ('B0000802','2201805', '测B03804', 4, 221805, 0, '2',15);

insert into T_SIMINFO (SIM_ID, ORG_CODE, DEPTCODE, STATE,PAY_MODLE, SIM_NUM) values(23806, 'B0000802', '中国移动', 1, '预付费', 13100003805);
insert into T_TERMINALINFO (TERMINAL_ID,TTYPE_ID,SIM_ID,TERMINAL_CODE,ORG_CODE,IS_VIDEO_TERMINAL,SP_SERVER_NAME,PROTOCOL_TYPE,CHANNELS,YT_PROTOCOL_TYPE) values(221806, 4, 23806, '1003805', 'B0000802',1,'1076测试服务器','4',8,'0');
insert into V_VEHICLEINFO (ORG_CODE,VEHICLE_ID,ID_NUMBER,TYPE_ID,TERMINAL_ID,DELETE_FLAG,COLOR_ID_NUMBER_ID,AUTHORIZED_PAY_MASS) values ('B0000802','2201806', '测B03805', 4, 221806, 0, '2',15);

insert into T_SIMINFO (SIM_ID, ORG_CODE, DEPTCODE, STATE,PAY_MODLE, SIM_NUM) values(23807, 'B0000802', '中国移动', 1, '预付费', 13100003806);
insert into T_TERMINALINFO (TERMINAL_ID,TTYPE_ID,SIM_ID,TERMINAL_CODE,ORG_CODE,IS_VIDEO_TERMINAL,SP_SERVER_NAME,PROTOCOL_TYPE,CHANNELS,YT_PROTOCOL_TYPE) values(221807, 4, 23807, '1003806', 'B0000802',1,'1076测试服务器','4',8,'0');
insert into V_VEHICLEINFO (ORG_CODE,VEHICLE_ID,ID_NUMBER,TYPE_ID,TERMINAL_ID,DELETE_FLAG,COLOR_ID_NUMBER_ID,AUTHORIZED_PAY_MASS) values ('B0000802','2201807', '测B03806', 4, 221807, 0, '2',15);

insert into T_SIMINFO (SIM_ID, ORG_CODE, DEPTCODE, STATE,PAY_MODLE, SIM_NUM) values(23808, 'B0000802', '中国移动', 1, '预付费', 13100003807);
insert into T_TERMINALINFO (TERMINAL_ID,TTYPE_ID,SIM_ID,TERMINAL_CODE,ORG_CODE,IS_VIDEO_TERMINAL,SP_SERVER_NAME,PROTOCOL_TYPE,CHANNELS,YT_PROTOCOL_TYPE) values(221808, 4, 23808, '1003807', 'B0000802',1,'1076测试服务器','4',8,'0');
insert into V_VEHICLEINFO (ORG_CODE,VEHICLE_ID,ID_NUMBER,TYPE_ID,TERMINAL_ID,DELETE_FLAG,COLOR_ID_NUMBER_ID,AUTHORIZED_PAY_MASS) values ('B0000802','2201808', '测B03807', 4, 221808, 0, '2',15);

insert into T_SIMINFO (SIM_ID, ORG_CODE, DEPTCODE, STATE,PAY_MODLE, SIM_NUM) values(23809, 'B0000802', '中国移动', 1, '预付费', 13100003808);
insert into T_TERMINALINFO (TERMINAL_ID,TTYPE_ID,SIM_ID,TERMINAL_CODE,ORG_CODE,IS_VIDEO_TERMINAL,SP_SERVER_NAME,PROTOCOL_TYPE,CHANNELS,YT_PROTOCOL_TYPE) values(221809, 4, 23809, '1003808', 'B0000802',1,'1076测试服务器','4',8,'0');
insert into V_VEHICLEINFO (ORG_CODE,VEHICLE_ID,ID_NUMBER,TYPE_ID,TERMINAL_ID,DELETE_FLAG,COLOR_ID_NUMBER_ID,AUTHORIZED_PAY_MASS) values ('B0000802','2201809', '测B03808', 4, 221809, 0, '2',15);

insert into T_SIMINFO (SIM_ID, ORG_CODE, DEPTCODE, STATE,PAY_MODLE, SIM_NUM) values(23810, 'B0000802', '中国移动', 1, '预付费', 13100003809);
insert into T_TERMINALINFO (TERMINAL_ID,TTYPE_ID,SIM_ID,TERMINAL_CODE,ORG_CODE,IS_VIDEO_TERMINAL,SP_SERVER_NAME,PROTOCOL_TYPE,CHANNELS,YT_PROTOCOL_TYPE) values(221810, 4, 23810, '1003809', 'B0000802',1,'1076测试服务器','4',8,'0');
insert into V_VEHICLEINFO (ORG_CODE,VEHICLE_ID,ID_NUMBER,TYPE_ID,TERMINAL_ID,DELETE_FLAG,COLOR_ID_NUMBER_ID,AUTHORIZED_PAY_MASS) values ('B0000802','2201810', '测B03809', 4, 221810, 0, '2',15);

insert into T_SIMINFO (SIM_ID, ORG_CODE, DEPTCODE, STATE,PAY_MODLE, SIM_NUM) values(23811, 'B0000802', '中国移动', 1, '预付费', 13100003810);
insert into T_TERMINALINFO (TERMINAL_ID,TTYPE_ID,SIM_ID,TERMINAL_CODE,ORG_CODE,IS_VIDEO_TERMINAL,SP_SERVER_NAME,PROTOCOL_TYPE,CHANNELS,YT_PROTOCOL_TYPE) values(221811, 4, 23811, '1003810', 'B0000802',1,'1076测试服务器','4',8,'0');
insert into V_VEHICLEINFO (ORG_CODE,VEHICLE_ID,ID_NUMBER,TYPE_ID,TERMINAL_ID,DELETE_FLAG,COLOR_ID_NUMBER_ID,AUTHORIZED_PAY_MASS) values ('B0000802','2201811', '测B03810', 4, 221811, 0, '2',15);

insert into T_SIMINFO (SIM_ID, ORG_CODE, DEPTCODE, STATE,PAY_MODLE, SIM_NUM) values(23812, 'B0000802', '中国移动', 1, '预付费', 13100003811);
insert into T_TERMINALINFO (TERMINAL_ID,TTYPE_ID,SIM_ID,TERMINAL_CODE,ORG_CODE,IS_VIDEO_TERMINAL,SP_SERVER_NAME,PROTOCOL_TYPE,CHANNELS,YT_PROTOCOL_TYPE) values(221812, 4, 23812, '1003811', 'B0000802',1,'1076测试服务器','4',8,'0');
insert into V_VEHICLEINFO (ORG_CODE,VEHICLE_ID,ID_NUMBER,TYPE_ID,TERMINAL_ID,DELETE_FLAG,COLOR_ID_NUMBER_ID,AUTHORIZED_PAY_MASS) values ('B0000802','2201812', '测B03811', 4, 221812, 0, '2',15);

insert into T_SIMINFO (SIM_ID, ORG_CODE, DEPTCODE, STATE,PAY_MODLE, SIM_NUM) values(23813, 'B0000802', '中国移动', 1, '预付费', 13100003812);
insert into T_TERMINALINFO (TERMINAL_ID,TTYPE_ID,SIM_ID,TERMINAL_CODE,ORG_CODE,IS_VIDEO_TERMINAL,SP_SERVER_NAME,PROTOCOL_TYPE,CHANNELS,YT_PROTOCOL_TYPE) values(221813, 4, 23813, '1003812', 'B0000802',1,'1076测试服务器','4',8,'0');
insert into V_VEHICLEINFO (ORG_CODE,VEHICLE_ID,ID_NUMBER,TYPE_ID,TERMINAL_ID,DELETE_FLAG,COLOR_ID_NUMBER_ID,AUTHORIZED_PAY_MASS) values ('B0000802','2201813', '测B03812', 4, 221813, 0, '2',15);

insert into T_SIMINFO (SIM_ID, ORG_CODE, DEPTCODE, STATE,PAY_MODLE, SIM_NUM) values(23814, 'B0000802', '中国移动', 1, '预付费', 13100003813);
insert into T_TERMINALINFO (TERMINAL_ID,TTYPE_ID,SIM_ID,TERMINAL_CODE,ORG_CODE,IS_VIDEO_TERMINAL,SP_SERVER_NAME,PROTOCOL_TYPE,CHANNELS,YT_PROTOCOL_TYPE) values(221814, 4, 23814, '1003813', 'B0000802',1,'1076测试服务器','4',8,'0');
insert into V_VEHICLEINFO (ORG_CODE,VEHICLE_ID,ID_NUMBER,TYPE_ID,TERMINAL_ID,DELETE_FLAG,COLOR_ID_NUMBER_ID,AUTHORIZED_PAY_MASS) values ('B0000802','2201814', '测B03813', 4, 221814, 0, '2',15);

insert into T_SIMINFO (SIM_ID, ORG_CODE, DEPTCODE, STATE,PAY_MODLE, SIM_NUM) values(23815, 'B0000802', '中国移动', 1, '预付费', 13100003814);
insert into T_TERMINALINFO (TERMINAL_ID,TTYPE_ID,SIM_ID,TERMINAL_CODE,ORG_CODE,IS_VIDEO_TERMINAL,SP_SERVER_NAME,PROTOCOL_TYPE,CHANNELS,YT_PROTOCOL_TYPE) values(221815, 4, 23815, '1003814', 'B0000802',1,'1076测试服务器','4',8,'0');
insert into V_VEHICLEINFO (ORG_CODE,VEHICLE_ID,ID_NUMBER,TYPE_ID,TERMINAL_ID,DELETE_FLAG,COLOR_ID_NUMBER_ID,AUTHORIZED_PAY_MASS) values ('B0000802','2201815', '测B03814', 4, 221815, 0, '2',15);

insert into T_SIMINFO (SIM_ID, ORG_CODE, DEPTCODE, STATE,PAY_MODLE, SIM_NUM) values(23816, 'B0000802', '中国移动', 1, '预付费', 13100003815);
insert into T_TERMINALINFO (TERMINAL_ID,TTYPE_ID,SIM_ID,TERMINAL_CODE,ORG_CODE,IS_VIDEO_TERMINAL,SP_SERVER_NAME,PROTOCOL_TYPE,CHANNELS,YT_PROTOCOL_TYPE) values(221816, 4, 23816, '1003815', 'B0000802',1,'1076测试服务器','4',8,'0');
insert into V_VEHICLEINFO (ORG_CODE,VEHICLE_ID,ID_NUMBER,TYPE_ID,TERMINAL_ID,DELETE_FLAG,COLOR_ID_NUMBER_ID,AUTHORIZED_PAY_MASS) values ('B0000802','2201816', '测B03815', 4, 221816, 0, '2',15);

insert into T_SIMINFO (SIM_ID, ORG_CODE, DEPTCODE, STATE,PAY_MODLE, SIM_NUM) values(23817, 'B0000802', '中国移动', 1, '预付费', 13100003816);
insert into T_TERMINALINFO (TERMINAL_ID,TTYPE_ID,SIM_ID,TERMINAL_CODE,ORG_CODE,IS_VIDEO_TERMINAL,SP_SERVER_NAME,PROTOCOL_TYPE,CHANNELS,YT_PROTOCOL_TYPE) values(221817, 4, 23817, '1003816', 'B0000802',1,'1076测试服务器','4',8,'0');
insert into V_VEHICLEINFO (ORG_CODE,VEHICLE_ID,ID_NUMBER,TYPE_ID,TERMINAL_ID,DELETE_FLAG,COLOR_ID_NUMBER_ID,AUTHORIZED_PAY_MASS) values ('B0000802','2201817', '测B03816', 4, 221817, 0, '2',15);

insert into T_SIMINFO (SIM_ID, ORG_CODE, DEPTCODE, STATE,PAY_MODLE, SIM_NUM) values(23818, 'B0000802', '中国移动', 1, '预付费', 13100003817);
insert into T_TERMINALINFO (TERMINAL_ID,TTYPE_ID,SIM_ID,TERMINAL_CODE,ORG_CODE,IS_VIDEO_TERMINAL,SP_SERVER_NAME,PROTOCOL_TYPE,CHANNELS,YT_PROTOCOL_TYPE) values(221818, 4, 23818, '1003817', 'B0000802',1,'1076测试服务器','4',8,'0');
insert into V_VEHICLEINFO (ORG_CODE,VEHICLE_ID,ID_NUMBER,TYPE_ID,TERMINAL_ID,DELETE_FLAG,COLOR_ID_NUMBER_ID,AUTHORIZED_PAY_MASS) values ('B0000802','2201818', '测B03817', 4, 221818, 0, '2',15);

insert into T_SIMINFO (SIM_ID, ORG_CODE, DEPTCODE, STATE,PAY_MODLE, SIM_NUM) values(23819, 'B0000802', '中国移动', 1, '预付费', 13100003818);
insert into T_TERMINALINFO (TERMINAL_ID,TTYPE_ID,SIM_ID,TERMINAL_CODE,ORG_CODE,IS_VIDEO_TERMINAL,SP_SERVER_NAME,PROTOCOL_TYPE,CHANNELS,YT_PROTOCOL_TYPE) values(221819, 4, 23819, '1003818', 'B0000802',1,'1076测试服务器','4',8,'0');
insert into V_VEHICLEINFO (ORG_CODE,VEHICLE_ID,ID_NUMBER,TYPE_ID,TERMINAL_ID,DELETE_FLAG,COLOR_ID_NUMBER_ID,AUTHORIZED_PAY_MASS) values ('B0000802','2201819', '测B03818', 4, 221819, 0, '2',15);

insert into T_SIMINFO (SIM_ID, ORG_CODE, DEPTCODE, STATE,PAY_MODLE, SIM_NUM) values(23820, 'B0000802', '中国移动', 1, '预付费', 13100003819);
insert into T_TERMINALINFO (TERMINAL_ID,TTYPE_ID,SIM_ID,TERMINAL_CODE,ORG_CODE,IS_VIDEO_TERMINAL,SP_SERVER_NAME,PROTOCOL_TYPE,CHANNELS,YT_PROTOCOL_TYPE) values(221820, 4, 23820, '1003819', 'B0000802',1,'1076测试服务器','4',8,'0');
insert into V_VEHICLEINFO (ORG_CODE,VEHICLE_ID,ID_NUMBER,TYPE_ID,TERMINAL_ID,DELETE_FLAG,COLOR_ID_NUMBER_ID,AUTHORIZED_PAY_MASS) values ('B0000802','2201820', '测B03819', 4, 221820, 0, '2',15);

insert into T_SIMINFO (SIM_ID, ORG_CODE, DEPTCODE, STATE,PAY_MODLE, SIM_NUM) values(23821, 'B0000802', '中国移动', 1, '预付费', 13100003820);
insert into T_TERMINALINFO (TERMINAL_ID,TTYPE_ID,SIM_ID,TERMINAL_CODE,ORG_CODE,IS_VIDEO_TERMINAL,SP_SERVER_NAME,PROTOCOL_TYPE,CHANNELS,YT_PROTOCOL_TYPE) values(221821, 4, 23821, '1003820', 'B0000802',1,'1076测试服务器','4',8,'0');
insert into V_VEHICLEINFO (ORG_CODE,VEHICLE_ID,ID_NUMBER,TYPE_ID,TERMINAL_ID,DELETE_FLAG,COLOR_ID_NUMBER_ID,AUTHORIZED_PAY_MASS) values ('B0000802','2201821', '测B03820', 4, 221821, 0, '2',15);

insert into T_SIMINFO (SIM_ID, ORG_CODE, DEPTCODE, STATE,PAY_MODLE, SIM_NUM) values(23822, 'B0000802', '中国移动', 1, '预付费', 13100003821);
insert into T_TERMINALINFO (TERMINAL_ID,TTYPE_ID,SIM_ID,TERMINAL_CODE,ORG_CODE,IS_VIDEO_TERMINAL,SP_SERVER_NAME,PROTOCOL_TYPE,CHANNELS,YT_PROTOCOL_TYPE) values(221822, 4, 23822, '1003821', 'B0000802',1,'1076测试服务器','4',8,'0');
insert into V_VEHICLEINFO (ORG_CODE,VEHICLE_ID,ID_NUMBER,TYPE_ID,TERMINAL_ID,DELETE_FLAG,COLOR_ID_NUMBER_ID,AUTHORIZED_PAY_MASS) values ('B0000802','2201822', '测B03821', 4, 221822, 0, '2',15);

insert into T_SIMINFO (SIM_ID, ORG_CODE, DEPTCODE, STATE,PAY_MODLE, SIM_NUM) values(23823, 'B0000802', '中国移动', 1, '预付费', 13100003822);
insert into T_TERMINALINFO (TERMINAL_ID,TTYPE_ID,SIM_ID,TERMINAL_CODE,ORG_CODE,IS_VIDEO_TERMINAL,SP_SERVER_NAME,PROTOCOL_TYPE,CHANNELS,YT_PROTOCOL_TYPE) values(221823, 4, 23823, '1003822', 'B0000802',1,'1076测试服务器','4',8,'0');
insert into V_VEHICLEINFO (ORG_CODE,VEHICLE_ID,ID_NUMBER,TYPE_ID,TERMINAL_ID,DELETE_FLAG,COLOR_ID_NUMBER_ID,AUTHORIZED_PAY_MASS) values ('B0000802','2201823', '测B03822', 4, 221823, 0, '2',15);

insert into T_SIMINFO (SIM_ID, ORG_CODE, DEPTCODE, STATE,PAY_MODLE, SIM_NUM) values(23824, 'B0000802', '中国移动', 1, '预付费', 13100003823);
insert into T_TERMINALINFO (TERMINAL_ID,TTYPE_ID,SIM_ID,TERMINAL_CODE,ORG_CODE,IS_VIDEO_TERMINAL,SP_SERVER_NAME,PROTOCOL_TYPE,CHANNELS,YT_PROTOCOL_TYPE) values(221824, 4, 23824, '1003823', 'B0000802',1,'1076测试服务器','4',8,'0');
insert into V_VEHICLEINFO (ORG_CODE,VEHICLE_ID,ID_NUMBER,TYPE_ID,TERMINAL_ID,DELETE_FLAG,COLOR_ID_NUMBER_ID,AUTHORIZED_PAY_MASS) values ('B0000802','2201824', '测B03823', 4, 221824, 0, '2',15);

insert into T_SIMINFO (SIM_ID, ORG_CODE, DEPTCODE, STATE,PAY_MODLE, SIM_NUM) values(23825, 'B0000802', '中国移动', 1, '预付费', 13100003824);
insert into T_TERMINALINFO (TERMINAL_ID,TTYPE_ID,SIM_ID,TERMINAL_CODE,ORG_CODE,IS_VIDEO_TERMINAL,SP_SERVER_NAME,PROTOCOL_TYPE,CHANNELS,YT_PROTOCOL_TYPE) values(221825, 4, 23825, '1003824', 'B0000802',1,'1076测试服务器','4',8,'0');
insert into V_VEHICLEINFO (ORG_CODE,VEHICLE_ID,ID_NUMBER,TYPE_ID,TERMINAL_ID,DELETE_FLAG,COLOR_ID_NUMBER_ID,AUTHORIZED_PAY_MASS) values ('B0000802','2201825', '测B03824', 4, 221825, 0, '2',15);

insert into T_SIMINFO (SIM_ID, ORG_CODE, DEPTCODE, STATE,PAY_MODLE, SIM_NUM) values(23826, 'B0000802', '中国移动', 1, '预付费', 13100003825);
insert into T_TERMINALINFO (TERMINAL_ID,TTYPE_ID,SIM_ID,TERMINAL_CODE,ORG_CODE,IS_VIDEO_TERMINAL,SP_SERVER_NAME,PROTOCOL_TYPE,CHANNELS,YT_PROTOCOL_TYPE) values(221826, 4, 23826, '1003825', 'B0000802',1,'1076测试服务器','4',8,'0');
insert into V_VEHICLEINFO (ORG_CODE,VEHICLE_ID,ID_NUMBER,TYPE_ID,TERMINAL_ID,DELETE_FLAG,COLOR_ID_NUMBER_ID,AUTHORIZED_PAY_MASS) values ('B0000802','2201826', '测B03825', 4, 221826, 0, '2',15);

insert into T_SIMINFO (SIM_ID, ORG_CODE, DEPTCODE, STATE,PAY_MODLE, SIM_NUM) values(23827, 'B0000802', '中国移动', 1, '预付费', 13100003826);
insert into T_TERMINALINFO (TERMINAL_ID,TTYPE_ID,SIM_ID,TERMINAL_CODE,ORG_CODE,IS_VIDEO_TERMINAL,SP_SERVER_NAME,PROTOCOL_TYPE,CHANNELS,YT_PROTOCOL_TYPE) values(221827, 4, 23827, '1003826', 'B0000802',1,'1076测试服务器','4',8,'0');
insert into V_VEHICLEINFO (ORG_CODE,VEHICLE_ID,ID_NUMBER,TYPE_ID,TERMINAL_ID,DELETE_FLAG,COLOR_ID_NUMBER_ID,AUTHORIZED_PAY_MASS) values ('B0000802','2201827', '测B03826', 4, 221827, 0, '2',15);

insert into T_SIMINFO (SIM_ID, ORG_CODE, DEPTCODE, STATE,PAY_MODLE, SIM_NUM) values(23828, 'B0000802', '中国移动', 1, '预付费', 13100003827);
insert into T_TERMINALINFO (TERMINAL_ID,TTYPE_ID,SIM_ID,TERMINAL_CODE,ORG_CODE,IS_VIDEO_TERMINAL,SP_SERVER_NAME,PROTOCOL_TYPE,CHANNELS,YT_PROTOCOL_TYPE) values(221828, 4, 23828, '1003827', 'B0000802',1,'1076测试服务器','4',8,'0');
insert into V_VEHICLEINFO (ORG_CODE,VEHICLE_ID,ID_NUMBER,TYPE_ID,TERMINAL_ID,DELETE_FLAG,COLOR_ID_NUMBER_ID,AUTHORIZED_PAY_MASS) values ('B0000802','2201828', '测B03827', 4, 221828, 0, '2',15);

insert into T_SIMINFO (SIM_ID, ORG_CODE, DEPTCODE, STATE,PAY_MODLE, SIM_NUM) values(23829, 'B0000802', '中国移动', 1, '预付费', 13100003828);
insert into T_TERMINALINFO (TERMINAL_ID,TTYPE_ID,SIM_ID,TERMINAL_CODE,ORG_CODE,IS_VIDEO_TERMINAL,SP_SERVER_NAME,PROTOCOL_TYPE,CHANNELS,YT_PROTOCOL_TYPE) values(221829, 4, 23829, '1003828', 'B0000802',1,'1076测试服务器','4',8,'0');
insert into V_VEHICLEINFO (ORG_CODE,VEHICLE_ID,ID_NUMBER,TYPE_ID,TERMINAL_ID,DELETE_FLAG,COLOR_ID_NUMBER_ID,AUTHORIZED_PAY_MASS) values ('B0000802','2201829', '测B03828', 4, 221829, 0, '2',15);

insert into T_SIMINFO (SIM_ID, ORG_CODE, DEPTCODE, STATE,PAY_MODLE, SIM_NUM) values(23830, 'B0000802', '中国移动', 1, '预付费', 13100003829);
insert into T_TERMINALINFO (TERMINAL_ID,TTYPE_ID,SIM_ID,TERMINAL_CODE,ORG_CODE,IS_VIDEO_TERMINAL,SP_SERVER_NAME,PROTOCOL_TYPE,CHANNELS,YT_PROTOCOL_TYPE) values(221830, 4, 23830, '1003829', 'B0000802',1,'1076测试服务器','4',8,'0');
insert into V_VEHICLEINFO (ORG_CODE,VEHICLE_ID,ID_NUMBER,TYPE_ID,TERMINAL_ID,DELETE_FLAG,COLOR_ID_NUMBER_ID,AUTHORIZED_PAY_MASS) values ('B0000802','2201830', '测B03829', 4, 221830, 0, '2',15);

insert into T_SIMINFO (SIM_ID, ORG_CODE, DEPTCODE, STATE,PAY_MODLE, SIM_NUM) values(23831, 'B0000802', '中国移动', 1, '预付费', 13100003830);
insert into T_TERMINALINFO (TERMINAL_ID,TTYPE_ID,SIM_ID,TERMINAL_CODE,ORG_CODE,IS_VIDEO_TERMINAL,SP_SERVER_NAME,PROTOCOL_TYPE,CHANNELS,YT_PROTOCOL_TYPE) values(221831, 4, 23831, '1003830', 'B0000802',1,'1076测试服务器','4',8,'0');
insert into V_VEHICLEINFO (ORG_CODE,VEHICLE_ID,ID_NUMBER,TYPE_ID,TERMINAL_ID,DELETE_FLAG,COLOR_ID_NUMBER_ID,AUTHORIZED_PAY_MASS) values ('B0000802','2201831', '测B03830', 4, 221831, 0, '2',15);

insert into T_SIMINFO (SIM_ID, ORG_CODE, DEPTCODE, STATE,PAY_MODLE, SIM_NUM) values(23832, 'B0000802', '中国移动', 1, '预付费', 13100003831);
insert into T_TERMINALINFO (TERMINAL_ID,TTYPE_ID,SIM_ID,TERMINAL_CODE,ORG_CODE,IS_VIDEO_TERMINAL,SP_SERVER_NAME,PROTOCOL_TYPE,CHANNELS,YT_PROTOCOL_TYPE) values(221832, 4, 23832, '1003831', 'B0000802',1,'1076测试服务器','4',8,'0');
insert into V_VEHICLEINFO (ORG_CODE,VEHICLE_ID,ID_NUMBER,TYPE_ID,TERMINAL_ID,DELETE_FLAG,COLOR_ID_NUMBER_ID,AUTHORIZED_PAY_MASS) values ('B0000802','2201832', '测B03831', 4, 221832, 0, '2',15);

insert into T_SIMINFO (SIM_ID, ORG_CODE, DEPTCODE, STATE,PAY_MODLE, SIM_NUM) values(23833, 'B0000802', '中国移动', 1, '预付费', 13100003832);
insert into T_TERMINALINFO (TERMINAL_ID,TTYPE_ID,SIM_ID,TERMINAL_CODE,ORG_CODE,IS_VIDEO_TERMINAL,SP_SERVER_NAME,PROTOCOL_TYPE,CHANNELS,YT_PROTOCOL_TYPE) values(221833, 4, 23833, '1003832', 'B0000802',1,'1076测试服务器','4',8,'0');
insert into V_VEHICLEINFO (ORG_CODE,VEHICLE_ID,ID_NUMBER,TYPE_ID,TERMINAL_ID,DELETE_FLAG,COLOR_ID_NUMBER_ID,AUTHORIZED_PAY_MASS) values ('B0000802','2201833', '测B03832', 4, 221833, 0, '2',15);

insert into T_SIMINFO (SIM_ID, ORG_CODE, DEPTCODE, STATE,PAY_MODLE, SIM_NUM) values(23834, 'B0000802', '中国移动', 1, '预付费', 13100003833);
insert into T_TERMINALINFO (TERMINAL_ID,TTYPE_ID,SIM_ID,TERMINAL_CODE,ORG_CODE,IS_VIDEO_TERMINAL,SP_SERVER_NAME,PROTOCOL_TYPE,CHANNELS,YT_PROTOCOL_TYPE) values(221834, 4, 23834, '1003833', 'B0000802',1,'1076测试服务器','4',8,'0');
insert into V_VEHICLEINFO (ORG_CODE,VEHICLE_ID,ID_NUMBER,TYPE_ID,TERMINAL_ID,DELETE_FLAG,COLOR_ID_NUMBER_ID,AUTHORIZED_PAY_MASS) values ('B0000802','2201834', '测B03833', 4, 221834, 0, '2',15);

insert into T_SIMINFO (SIM_ID, ORG_CODE, DEPTCODE, STATE,PAY_MODLE, SIM_NUM) values(23835, 'B0000802', '中国移动', 1, '预付费', 13100003834);
insert into T_TERMINALINFO (TERMINAL_ID,TTYPE_ID,SIM_ID,TERMINAL_CODE,ORG_CODE,IS_VIDEO_TERMINAL,SP_SERVER_NAME,PROTOCOL_TYPE,CHANNELS,YT_PROTOCOL_TYPE) values(221835, 4, 23835, '1003834', 'B0000802',1,'1076测试服务器','4',8,'0');
insert into V_VEHICLEINFO (ORG_CODE,VEHICLE_ID,ID_NUMBER,TYPE_ID,TERMINAL_ID,DELETE_FLAG,COLOR_ID_NUMBER_ID,AUTHORIZED_PAY_MASS) values ('B0000802','2201835', '测B03834', 4, 221835, 0, '2',15);

insert into T_SIMINFO (SIM_ID, ORG_CODE, DEPTCODE, STATE,PAY_MODLE, SIM_NUM) values(23836, 'B0000802', '中国移动', 1, '预付费', 13100003835);
insert into T_TERMINALINFO (TERMINAL_ID,TTYPE_ID,SIM_ID,TERMINAL_CODE,ORG_CODE,IS_VIDEO_TERMINAL,SP_SERVER_NAME,PROTOCOL_TYPE,CHANNELS,YT_PROTOCOL_TYPE) values(221836, 4, 23836, '1003835', 'B0000802',1,'1076测试服务器','4',8,'0');
insert into V_VEHICLEINFO (ORG_CODE,VEHICLE_ID,ID_NUMBER,TYPE_ID,TERMINAL_ID,DELETE_FLAG,COLOR_ID_NUMBER_ID,AUTHORIZED_PAY_MASS) values ('B0000802','2201836', '测B03835', 4, 221836, 0, '2',15);

insert into T_SIMINFO (SIM_ID, ORG_CODE, DEPTCODE, STATE,PAY_MODLE, SIM_NUM) values(23837, 'B0000802', '中国移动', 1, '预付费', 13100003836);
insert into T_TERMINALINFO (TERMINAL_ID,TTYPE_ID,SIM_ID,TERMINAL_CODE,ORG_CODE,IS_VIDEO_TERMINAL,SP_SERVER_NAME,PROTOCOL_TYPE,CHANNELS,YT_PROTOCOL_TYPE) values(221837, 4, 23837, '1003836', 'B0000802',1,'1076测试服务器','4',8,'0');
insert into V_VEHICLEINFO (ORG_CODE,VEHICLE_ID,ID_NUMBER,TYPE_ID,TERMINAL_ID,DELETE_FLAG,COLOR_ID_NUMBER_ID,AUTHORIZED_PAY_MASS) values ('B0000802','2201837', '测B03836', 4, 221837, 0, '2',15);

insert into T_SIMINFO (SIM_ID, ORG_CODE, DEPTCODE, STATE,PAY_MODLE, SIM_NUM) values(23838, 'B0000802', '中国移动', 1, '预付费', 13100003837);
insert into T_TERMINALINFO (TERMINAL_ID,TTYPE_ID,SIM_ID,TERMINAL_CODE,ORG_CODE,IS_VIDEO_TERMINAL,SP_SERVER_NAME,PROTOCOL_TYPE,CHANNELS,YT_PROTOCOL_TYPE) values(221838, 4, 23838, '1003837', 'B0000802',1,'1076测试服务器','4',8,'0');
insert into V_VEHICLEINFO (ORG_CODE,VEHICLE_ID,ID_NUMBER,TYPE_ID,TERMINAL_ID,DELETE_FLAG,COLOR_ID_NUMBER_ID,AUTHORIZED_PAY_MASS) values ('B0000802','2201838', '测B03837', 4, 221838, 0, '2',15);

insert into T_SIMINFO (SIM_ID, ORG_CODE, DEPTCODE, STATE,PAY_MODLE, SIM_NUM) values(23839, 'B0000802', '中国移动', 1, '预付费', 13100003838);
insert into T_TERMINALINFO (TERMINAL_ID,TTYPE_ID,SIM_ID,TERMINAL_CODE,ORG_CODE,IS_VIDEO_TERMINAL,SP_SERVER_NAME,PROTOCOL_TYPE,CHANNELS,YT_PROTOCOL_TYPE) values(221839, 4, 23839, '1003838', 'B0000802',1,'1076测试服务器','4',8,'0');
insert into V_VEHICLEINFO (ORG_CODE,VEHICLE_ID,ID_NUMBER,TYPE_ID,TERMINAL_ID,DELETE_FLAG,COLOR_ID_NUMBER_ID,AUTHORIZED_PAY_MASS) values ('B0000802','2201839', '测B03838', 4, 221839, 0, '2',15);

insert into T_SIMINFO (SIM_ID, ORG_CODE, DEPTCODE, STATE,PAY_MODLE, SIM_NUM) values(23840, 'B0000802', '中国移动', 1, '预付费', 13100003839);
insert into T_TERMINALINFO (TERMINAL_ID,TTYPE_ID,SIM_ID,TERMINAL_CODE,ORG_CODE,IS_VIDEO_TERMINAL,SP_SERVER_NAME,PROTOCOL_TYPE,CHANNELS,YT_PROTOCOL_TYPE) values(221840, 4, 23840, '1003839', 'B0000802',1,'1076测试服务器','4',8,'0');
insert into V_VEHICLEINFO (ORG_CODE,VEHICLE_ID,ID_NUMBER,TYPE_ID,TERMINAL_ID,DELETE_FLAG,COLOR_ID_NUMBER_ID,AUTHORIZED_PAY_MASS) values ('B0000802','2201840', '测B03839', 4, 221840, 0, '2',15);

insert into T_SIMINFO (SIM_ID, ORG_CODE, DEPTCODE, STATE,PAY_MODLE, SIM_NUM) values(23841, 'B0000802', '中国移动', 1, '预付费', 13100003840);
insert into T_TERMINALINFO (TERMINAL_ID,TTYPE_ID,SIM_ID,TERMINAL_CODE,ORG_CODE,IS_VIDEO_TERMINAL,SP_SERVER_NAME,PROTOCOL_TYPE,CHANNELS,YT_PROTOCOL_TYPE) values(221841, 4, 23841, '1003840', 'B0000802',1,'1076测试服务器','4',8,'0');
insert into V_VEHICLEINFO (ORG_CODE,VEHICLE_ID,ID_NUMBER,TYPE_ID,TERMINAL_ID,DELETE_FLAG,COLOR_ID_NUMBER_ID,AUTHORIZED_PAY_MASS) values ('B0000802','2201841', '测B03840', 4, 221841, 0, '2',15);

insert into T_SIMINFO (SIM_ID, ORG_CODE, DEPTCODE, STATE,PAY_MODLE, SIM_NUM) values(23842, 'B0000802', '中国移动', 1, '预付费', 13100003841);
insert into T_TERMINALINFO (TERMINAL_ID,TTYPE_ID,SIM_ID,TERMINAL_CODE,ORG_CODE,IS_VIDEO_TERMINAL,SP_SERVER_NAME,PROTOCOL_TYPE,CHANNELS,YT_PROTOCOL_TYPE) values(221842, 4, 23842, '1003841', 'B0000802',1,'1076测试服务器','4',8,'0');
insert into V_VEHICLEINFO (ORG_CODE,VEHICLE_ID,ID_NUMBER,TYPE_ID,TERMINAL_ID,DELETE_FLAG,COLOR_ID_NUMBER_ID,AUTHORIZED_PAY_MASS) values ('B0000802','2201842', '测B03841', 4, 221842, 0, '2',15);

insert into T_SIMINFO (SIM_ID, ORG_CODE, DEPTCODE, STATE,PAY_MODLE, SIM_NUM) values(23843, 'B0000802', '中国移动', 1, '预付费', 13100003842);
insert into T_TERMINALINFO (TERMINAL_ID,TTYPE_ID,SIM_ID,TERMINAL_CODE,ORG_CODE,IS_VIDEO_TERMINAL,SP_SERVER_NAME,PROTOCOL_TYPE,CHANNELS,YT_PROTOCOL_TYPE) values(221843, 4, 23843, '1003842', 'B0000802',1,'1076测试服务器','4',8,'0');
insert into V_VEHICLEINFO (ORG_CODE,VEHICLE_ID,ID_NUMBER,TYPE_ID,TERMINAL_ID,DELETE_FLAG,COLOR_ID_NUMBER_ID,AUTHORIZED_PAY_MASS) values ('B0000802','2201843', '测B03842', 4, 221843, 0, '2',15);

insert into T_SIMINFO (SIM_ID, ORG_CODE, DEPTCODE, STATE,PAY_MODLE, SIM_NUM) values(23844, 'B0000802', '中国移动', 1, '预付费', 13100003843);
insert into T_TERMINALINFO (TERMINAL_ID,TTYPE_ID,SIM_ID,TERMINAL_CODE,ORG_CODE,IS_VIDEO_TERMINAL,SP_SERVER_NAME,PROTOCOL_TYPE,CHANNELS,YT_PROTOCOL_TYPE) values(221844, 4, 23844, '1003843', 'B0000802',1,'1076测试服务器','4',8,'0');
insert into V_VEHICLEINFO (ORG_CODE,VEHICLE_ID,ID_NUMBER,TYPE_ID,TERMINAL_ID,DELETE_FLAG,COLOR_ID_NUMBER_ID,AUTHORIZED_PAY_MASS) values ('B0000802','2201844', '测B03843', 4, 221844, 0, '2',15);

insert into T_SIMINFO (SIM_ID, ORG_CODE, DEPTCODE, STATE,PAY_MODLE, SIM_NUM) values(23845, 'B0000802', '中国移动', 1, '预付费', 13100003844);
insert into T_TERMINALINFO (TERMINAL_ID,TTYPE_ID,SIM_ID,TERMINAL_CODE,ORG_CODE,IS_VIDEO_TERMINAL,SP_SERVER_NAME,PROTOCOL_TYPE,CHANNELS,YT_PROTOCOL_TYPE) values(221845, 4, 23845, '1003844', 'B0000802',1,'1076测试服务器','4',8,'0');
insert into V_VEHICLEINFO (ORG_CODE,VEHICLE_ID,ID_NUMBER,TYPE_ID,TERMINAL_ID,DELETE_FLAG,COLOR_ID_NUMBER_ID,AUTHORIZED_PAY_MASS) values ('B0000802','2201845', '测B03844', 4, 221845, 0, '2',15);

insert into T_SIMINFO (SIM_ID, ORG_CODE, DEPTCODE, STATE,PAY_MODLE, SIM_NUM) values(23846, 'B0000802', '中国移动', 1, '预付费', 13100003845);
insert into T_TERMINALINFO (TERMINAL_ID,TTYPE_ID,SIM_ID,TERMINAL_CODE,ORG_CODE,IS_VIDEO_TERMINAL,SP_SERVER_NAME,PROTOCOL_TYPE,CHANNELS,YT_PROTOCOL_TYPE) values(221846, 4, 23846, '1003845', 'B0000802',1,'1076测试服务器','4',8,'0');
insert into V_VEHICLEINFO (ORG_CODE,VEHICLE_ID,ID_NUMBER,TYPE_ID,TERMINAL_ID,DELETE_FLAG,COLOR_ID_NUMBER_ID,AUTHORIZED_PAY_MASS) values ('B0000802','2201846', '测B03845', 4, 221846, 0, '2',15);

insert into T_SIMINFO (SIM_ID, ORG_CODE, DEPTCODE, STATE,PAY_MODLE, SIM_NUM) values(23847, 'B0000802', '中国移动', 1, '预付费', 13100003846);
insert into T_TERMINALINFO (TERMINAL_ID,TTYPE_ID,SIM_ID,TERMINAL_CODE,ORG_CODE,IS_VIDEO_TERMINAL,SP_SERVER_NAME,PROTOCOL_TYPE,CHANNELS,YT_PROTOCOL_TYPE) values(221847, 4, 23847, '1003846', 'B0000802',1,'1076测试服务器','4',8,'0');
insert into V_VEHICLEINFO (ORG_CODE,VEHICLE_ID,ID_NUMBER,TYPE_ID,TERMINAL_ID,DELETE_FLAG,COLOR_ID_NUMBER_ID,AUTHORIZED_PAY_MASS) values ('B0000802','2201847', '测B03846', 4, 221847, 0, '2',15);

insert into T_SIMINFO (SIM_ID, ORG_CODE, DEPTCODE, STATE,PAY_MODLE, SIM_NUM) values(23848, 'B0000802', '中国移动', 1, '预付费', 13100003847);
insert into T_TERMINALINFO (TERMINAL_ID,TTYPE_ID,SIM_ID,TERMINAL_CODE,ORG_CODE,IS_VIDEO_TERMINAL,SP_SERVER_NAME,PROTOCOL_TYPE,CHANNELS,YT_PROTOCOL_TYPE) values(221848, 4, 23848, '1003847', 'B0000802',1,'1076测试服务器','4',8,'0');
insert into V_VEHICLEINFO (ORG_CODE,VEHICLE_ID,ID_NUMBER,TYPE_ID,TERMINAL_ID,DELETE_FLAG,COLOR_ID_NUMBER_ID,AUTHORIZED_PAY_MASS) values ('B0000802','2201848', '测B03847', 4, 221848, 0, '2',15);

insert into T_SIMINFO (SIM_ID, ORG_CODE, DEPTCODE, STATE,PAY_MODLE, SIM_NUM) values(23849, 'B0000802', '中国移动', 1, '预付费', 13100003848);
insert into T_TERMINALINFO (TERMINAL_ID,TTYPE_ID,SIM_ID,TERMINAL_CODE,ORG_CODE,IS_VIDEO_TERMINAL,SP_SERVER_NAME,PROTOCOL_TYPE,CHANNELS,YT_PROTOCOL_TYPE) values(221849, 4, 23849, '1003848', 'B0000802',1,'1076测试服务器','4',8,'0');
insert into V_VEHICLEINFO (ORG_CODE,VEHICLE_ID,ID_NUMBER,TYPE_ID,TERMINAL_ID,DELETE_FLAG,COLOR_ID_NUMBER_ID,AUTHORIZED_PAY_MASS) values ('B0000802','2201849', '测B03848', 4, 221849, 0, '2',15);

insert into T_SIMINFO (SIM_ID, ORG_CODE, DEPTCODE, STATE,PAY_MODLE, SIM_NUM) values(23850, 'B0000802', '中国移动', 1, '预付费', 13100003849);
insert into T_TERMINALINFO (TERMINAL_ID,TTYPE_ID,SIM_ID,TERMINAL_CODE,ORG_CODE,IS_VIDEO_TERMINAL,SP_SERVER_NAME,PROTOCOL_TYPE,CHANNELS,YT_PROTOCOL_TYPE) values(221850, 4, 23850, '1003849', 'B0000802',1,'1076测试服务器','4',8,'0');
insert into V_VEHICLEINFO (ORG_CODE,VEHICLE_ID,ID_NUMBER,TYPE_ID,TERMINAL_ID,DELETE_FLAG,COLOR_ID_NUMBER_ID,AUTHORIZED_PAY_MASS) values ('B0000802','2201850', '测B03849', 4, 221850, 0, '2',15);

insert into T_SIMINFO (SIM_ID, ORG_CODE, DEPTCODE, STATE,PAY_MODLE, SIM_NUM) values(23851, 'B0000802', '中国移动', 1, '预付费', 13100003850);
insert into T_TERMINALINFO (TERMINAL_ID,TTYPE_ID,SIM_ID,TERMINAL_CODE,ORG_CODE,IS_VIDEO_TERMINAL,SP_SERVER_NAME,PROTOCOL_TYPE,CHANNELS,YT_PROTOCOL_TYPE) values(221851, 4, 23851, '1003850', 'B0000802',1,'1076测试服务器','4',8,'0');
insert into V_VEHICLEINFO (ORG_CODE,VEHICLE_ID,ID_NUMBER,TYPE_ID,TERMINAL_ID,DELETE_FLAG,COLOR_ID_NUMBER_ID,AUTHORIZED_PAY_MASS) values ('B0000802','2201851', '测B03850', 4, 221851, 0, '2',15);

insert into T_SIMINFO (SIM_ID, ORG_CODE, DEPTCODE, STATE,PAY_MODLE, SIM_NUM) values(23852, 'B0000802', '中国移动', 1, '预付费', 13100003851);
insert into T_TERMINALINFO (TERMINAL_ID,TTYPE_ID,SIM_ID,TERMINAL_CODE,ORG_CODE,IS_VIDEO_TERMINAL,SP_SERVER_NAME,PROTOCOL_TYPE,CHANNELS,YT_PROTOCOL_TYPE) values(221852, 4, 23852, '1003851', 'B0000802',1,'1076测试服务器','4',8,'0');
insert into V_VEHICLEINFO (ORG_CODE,VEHICLE_ID,ID_NUMBER,TYPE_ID,TERMINAL_ID,DELETE_FLAG,COLOR_ID_NUMBER_ID,AUTHORIZED_PAY_MASS) values ('B0000802','2201852', '测B03851', 4, 221852, 0, '2',15);

insert into T_SIMINFO (SIM_ID, ORG_CODE, DEPTCODE, STATE,PAY_MODLE, SIM_NUM) values(23853, 'B0000802', '中国移动', 1, '预付费', 13100003852);
insert into T_TERMINALINFO (TERMINAL_ID,TTYPE_ID,SIM_ID,TERMINAL_CODE,ORG_CODE,IS_VIDEO_TERMINAL,SP_SERVER_NAME,PROTOCOL_TYPE,CHANNELS,YT_PROTOCOL_TYPE) values(221853, 4, 23853, '1003852', 'B0000802',1,'1076测试服务器','4',8,'0');
insert into V_VEHICLEINFO (ORG_CODE,VEHICLE_ID,ID_NUMBER,TYPE_ID,TERMINAL_ID,DELETE_FLAG,COLOR_ID_NUMBER_ID,AUTHORIZED_PAY_MASS) values ('B0000802','2201853', '测B03852', 4, 221853, 0, '2',15);

insert into T_SIMINFO (SIM_ID, ORG_CODE, DEPTCODE, STATE,PAY_MODLE, SIM_NUM) values(23854, 'B0000802', '中国移动', 1, '预付费', 13100003853);
insert into T_TERMINALINFO (TERMINAL_ID,TTYPE_ID,SIM_ID,TERMINAL_CODE,ORG_CODE,IS_VIDEO_TERMINAL,SP_SERVER_NAME,PROTOCOL_TYPE,CHANNELS,YT_PROTOCOL_TYPE) values(221854, 4, 23854, '1003853', 'B0000802',1,'1076测试服务器','4',8,'0');
insert into V_VEHICLEINFO (ORG_CODE,VEHICLE_ID,ID_NUMBER,TYPE_ID,TERMINAL_ID,DELETE_FLAG,COLOR_ID_NUMBER_ID,AUTHORIZED_PAY_MASS) values ('B0000802','2201854', '测B03853', 4, 221854, 0, '2',15);

insert into T_SIMINFO (SIM_ID, ORG_CODE, DEPTCODE, STATE,PAY_MODLE, SIM_NUM) values(23855, 'B0000802', '中国移动', 1, '预付费', 13100003854);
insert into T_TERMINALINFO (TERMINAL_ID,TTYPE_ID,SIM_ID,TERMINAL_CODE,ORG_CODE,IS_VIDEO_TERMINAL,SP_SERVER_NAME,PROTOCOL_TYPE,CHANNELS,YT_PROTOCOL_TYPE) values(221855, 4, 23855, '1003854', 'B0000802',1,'1076测试服务器','4',8,'0');
insert into V_VEHICLEINFO (ORG_CODE,VEHICLE_ID,ID_NUMBER,TYPE_ID,TERMINAL_ID,DELETE_FLAG,COLOR_ID_NUMBER_ID,AUTHORIZED_PAY_MASS) values ('B0000802','2201855', '测B03854', 4, 221855, 0, '2',15);

insert into T_SIMINFO (SIM_ID, ORG_CODE, DEPTCODE, STATE,PAY_MODLE, SIM_NUM) values(23856, 'B0000802', '中国移动', 1, '预付费', 13100003855);
insert into T_TERMINALINFO (TERMINAL_ID,TTYPE_ID,SIM_ID,TERMINAL_CODE,ORG_CODE,IS_VIDEO_TERMINAL,SP_SERVER_NAME,PROTOCOL_TYPE,CHANNELS,YT_PROTOCOL_TYPE) values(221856, 4, 23856, '1003855', 'B0000802',1,'1076测试服务器','4',8,'0');
insert into V_VEHICLEINFO (ORG_CODE,VEHICLE_ID,ID_NUMBER,TYPE_ID,TERMINAL_ID,DELETE_FLAG,COLOR_ID_NUMBER_ID,AUTHORIZED_PAY_MASS) values ('B0000802','2201856', '测B03855', 4, 221856, 0, '2',15);

insert into T_SIMINFO (SIM_ID, ORG_CODE, DEPTCODE, STATE,PAY_MODLE, SIM_NUM) values(23857, 'B0000802', '中国移动', 1, '预付费', 13100003856);
insert into T_TERMINALINFO (TERMINAL_ID,TTYPE_ID,SIM_ID,TERMINAL_CODE,ORG_CODE,IS_VIDEO_TERMINAL,SP_SERVER_NAME,PROTOCOL_TYPE,CHANNELS,YT_PROTOCOL_TYPE) values(221857, 4, 23857, '1003856', 'B0000802',1,'1076测试服务器','4',8,'0');
insert into V_VEHICLEINFO (ORG_CODE,VEHICLE_ID,ID_NUMBER,TYPE_ID,TERMINAL_ID,DELETE_FLAG,COLOR_ID_NUMBER_ID,AUTHORIZED_PAY_MASS) values ('B0000802','2201857', '测B03856', 4, 221857, 0, '2',15);

insert into T_SIMINFO (SIM_ID, ORG_CODE, DEPTCODE, STATE,PAY_MODLE, SIM_NUM) values(23858, 'B0000802', '中国移动', 1, '预付费', 13100003857);
insert into T_TERMINALINFO (TERMINAL_ID,TTYPE_ID,SIM_ID,TERMINAL_CODE,ORG_CODE,IS_VIDEO_TERMINAL,SP_SERVER_NAME,PROTOCOL_TYPE,CHANNELS,YT_PROTOCOL_TYPE) values(221858, 4, 23858, '1003857', 'B0000802',1,'1076测试服务器','4',8,'0');
insert into V_VEHICLEINFO (ORG_CODE,VEHICLE_ID,ID_NUMBER,TYPE_ID,TERMINAL_ID,DELETE_FLAG,COLOR_ID_NUMBER_ID,AUTHORIZED_PAY_MASS) values ('B0000802','2201858', '测B03857', 4, 221858, 0, '2',15);

insert into T_SIMINFO (SIM_ID, ORG_CODE, DEPTCODE, STATE,PAY_MODLE, SIM_NUM) values(23859, 'B0000802', '中国移动', 1, '预付费', 13100003858);
insert into T_TERMINALINFO (TERMINAL_ID,TTYPE_ID,SIM_ID,TERMINAL_CODE,ORG_CODE,IS_VIDEO_TERMINAL,SP_SERVER_NAME,PROTOCOL_TYPE,CHANNELS,YT_PROTOCOL_TYPE) values(221859, 4, 23859, '1003858', 'B0000802',1,'1076测试服务器','4',8,'0');
insert into V_VEHICLEINFO (ORG_CODE,VEHICLE_ID,ID_NUMBER,TYPE_ID,TERMINAL_ID,DELETE_FLAG,COLOR_ID_NUMBER_ID,AUTHORIZED_PAY_MASS) values ('B0000802','2201859', '测B03858', 4, 221859, 0, '2',15);

insert into T_SIMINFO (SIM_ID, ORG_CODE, DEPTCODE, STATE,PAY_MODLE, SIM_NUM) values(23860, 'B0000802', '中国移动', 1, '预付费', 13100003859);
insert into T_TERMINALINFO (TERMINAL_ID,TTYPE_ID,SIM_ID,TERMINAL_CODE,ORG_CODE,IS_VIDEO_TERMINAL,SP_SERVER_NAME,PROTOCOL_TYPE,CHANNELS,YT_PROTOCOL_TYPE) values(221860, 4, 23860, '1003859', 'B0000802',1,'1076测试服务器','4',8,'0');
insert into V_VEHICLEINFO (ORG_CODE,VEHICLE_ID,ID_NUMBER,TYPE_ID,TERMINAL_ID,DELETE_FLAG,COLOR_ID_NUMBER_ID,AUTHORIZED_PAY_MASS) values ('B0000802','2201860', '测B03859', 4, 221860, 0, '2',15);

insert into T_SIMINFO (SIM_ID, ORG_CODE, DEPTCODE, STATE,PAY_MODLE, SIM_NUM) values(23861, 'B0000802', '中国移动', 1, '预付费', 13100003860);
insert into T_TERMINALINFO (TERMINAL_ID,TTYPE_ID,SIM_ID,TERMINAL_CODE,ORG_CODE,IS_VIDEO_TERMINAL,SP_SERVER_NAME,PROTOCOL_TYPE,CHANNELS,YT_PROTOCOL_TYPE) values(221861, 4, 23861, '1003860', 'B0000802',1,'1076测试服务器','4',8,'0');
insert into V_VEHICLEINFO (ORG_CODE,VEHICLE_ID,ID_NUMBER,TYPE_ID,TERMINAL_ID,DELETE_FLAG,COLOR_ID_NUMBER_ID,AUTHORIZED_PAY_MASS) values ('B0000802','2201861', '测B03860', 4, 221861, 0, '2',15);

insert into T_SIMINFO (SIM_ID, ORG_CODE, DEPTCODE, STATE,PAY_MODLE, SIM_NUM) values(23862, 'B0000802', '中国移动', 1, '预付费', 13100003861);
insert into T_TERMINALINFO (TERMINAL_ID,TTYPE_ID,SIM_ID,TERMINAL_CODE,ORG_CODE,IS_VIDEO_TERMINAL,SP_SERVER_NAME,PROTOCOL_TYPE,CHANNELS,YT_PROTOCOL_TYPE) values(221862, 4, 23862, '1003861', 'B0000802',1,'1076测试服务器','4',8,'0');
insert into V_VEHICLEINFO (ORG_CODE,VEHICLE_ID,ID_NUMBER,TYPE_ID,TERMINAL_ID,DELETE_FLAG,COLOR_ID_NUMBER_ID,AUTHORIZED_PAY_MASS) values ('B0000802','2201862', '测B03861', 4, 221862, 0, '2',15);

insert into T_SIMINFO (SIM_ID, ORG_CODE, DEPTCODE, STATE,PAY_MODLE, SIM_NUM) values(23863, 'B0000802', '中国移动', 1, '预付费', 13100003862);
insert into T_TERMINALINFO (TERMINAL_ID,TTYPE_ID,SIM_ID,TERMINAL_CODE,ORG_CODE,IS_VIDEO_TERMINAL,SP_SERVER_NAME,PROTOCOL_TYPE,CHANNELS,YT_PROTOCOL_TYPE) values(221863, 4, 23863, '1003862', 'B0000802',1,'1076测试服务器','4',8,'0');
insert into V_VEHICLEINFO (ORG_CODE,VEHICLE_ID,ID_NUMBER,TYPE_ID,TERMINAL_ID,DELETE_FLAG,COLOR_ID_NUMBER_ID,AUTHORIZED_PAY_MASS) values ('B0000802','2201863', '测B03862', 4, 221863, 0, '2',15);

insert into T_SIMINFO (SIM_ID, ORG_CODE, DEPTCODE, STATE,PAY_MODLE, SIM_NUM) values(23864, 'B0000802', '中国移动', 1, '预付费', 13100003863);
insert into T_TERMINALINFO (TERMINAL_ID,TTYPE_ID,SIM_ID,TERMINAL_CODE,ORG_CODE,IS_VIDEO_TERMINAL,SP_SERVER_NAME,PROTOCOL_TYPE,CHANNELS,YT_PROTOCOL_TYPE) values(221864, 4, 23864, '1003863', 'B0000802',1,'1076测试服务器','4',8,'0');
insert into V_VEHICLEINFO (ORG_CODE,VEHICLE_ID,ID_NUMBER,TYPE_ID,TERMINAL_ID,DELETE_FLAG,COLOR_ID_NUMBER_ID,AUTHORIZED_PAY_MASS) values ('B0000802','2201864', '测B03863', 4, 221864, 0, '2',15);

insert into T_SIMINFO (SIM_ID, ORG_CODE, DEPTCODE, STATE,PAY_MODLE, SIM_NUM) values(23865, 'B0000802', '中国移动', 1, '预付费', 13100003864);
insert into T_TERMINALINFO (TERMINAL_ID,TTYPE_ID,SIM_ID,TERMINAL_CODE,ORG_CODE,IS_VIDEO_TERMINAL,SP_SERVER_NAME,PROTOCOL_TYPE,CHANNELS,YT_PROTOCOL_TYPE) values(221865, 4, 23865, '1003864', 'B0000802',1,'1076测试服务器','4',8,'0');
insert into V_VEHICLEINFO (ORG_CODE,VEHICLE_ID,ID_NUMBER,TYPE_ID,TERMINAL_ID,DELETE_FLAG,COLOR_ID_NUMBER_ID,AUTHORIZED_PAY_MASS) values ('B0000802','2201865', '测B03864', 4, 221865, 0, '2',15);

insert into T_SIMINFO (SIM_ID, ORG_CODE, DEPTCODE, STATE,PAY_MODLE, SIM_NUM) values(23866, 'B0000802', '中国移动', 1, '预付费', 13100003865);
insert into T_TERMINALINFO (TERMINAL_ID,TTYPE_ID,SIM_ID,TERMINAL_CODE,ORG_CODE,IS_VIDEO_TERMINAL,SP_SERVER_NAME,PROTOCOL_TYPE,CHANNELS,YT_PROTOCOL_TYPE) values(221866, 4, 23866, '1003865', 'B0000802',1,'1076测试服务器','4',8,'0');
insert into V_VEHICLEINFO (ORG_CODE,VEHICLE_ID,ID_NUMBER,TYPE_ID,TERMINAL_ID,DELETE_FLAG,COLOR_ID_NUMBER_ID,AUTHORIZED_PAY_MASS) values ('B0000802','2201866', '测B03865', 4, 221866, 0, '2',15);

insert into T_SIMINFO (SIM_ID, ORG_CODE, DEPTCODE, STATE,PAY_MODLE, SIM_NUM) values(23867, 'B0000802', '中国移动', 1, '预付费', 13100003866);
insert into T_TERMINALINFO (TERMINAL_ID,TTYPE_ID,SIM_ID,TERMINAL_CODE,ORG_CODE,IS_VIDEO_TERMINAL,SP_SERVER_NAME,PROTOCOL_TYPE,CHANNELS,YT_PROTOCOL_TYPE) values(221867, 4, 23867, '1003866', 'B0000802',1,'1076测试服务器','4',8,'0');
insert into V_VEHICLEINFO (ORG_CODE,VEHICLE_ID,ID_NUMBER,TYPE_ID,TERMINAL_ID,DELETE_FLAG,COLOR_ID_NUMBER_ID,AUTHORIZED_PAY_MASS) values ('B0000802','2201867', '测B03866', 4, 221867, 0, '2',15);

insert into T_SIMINFO (SIM_ID, ORG_CODE, DEPTCODE, STATE,PAY_MODLE, SIM_NUM) values(23868, 'B0000802', '中国移动', 1, '预付费', 13100003867);
insert into T_TERMINALINFO (TERMINAL_ID,TTYPE_ID,SIM_ID,TERMINAL_CODE,ORG_CODE,IS_VIDEO_TERMINAL,SP_SERVER_NAME,PROTOCOL_TYPE,CHANNELS,YT_PROTOCOL_TYPE) values(221868, 4, 23868, '1003867', 'B0000802',1,'1076测试服务器','4',8,'0');
insert into V_VEHICLEINFO (ORG_CODE,VEHICLE_ID,ID_NUMBER,TYPE_ID,TERMINAL_ID,DELETE_FLAG,COLOR_ID_NUMBER_ID,AUTHORIZED_PAY_MASS) values ('B0000802','2201868', '测B03867', 4, 221868, 0, '2',15);

insert into T_SIMINFO (SIM_ID, ORG_CODE, DEPTCODE, STATE,PAY_MODLE, SIM_NUM) values(23869, 'B0000802', '中国移动', 1, '预付费', 13100003868);
insert into T_TERMINALINFO (TERMINAL_ID,TTYPE_ID,SIM_ID,TERMINAL_CODE,ORG_CODE,IS_VIDEO_TERMINAL,SP_SERVER_NAME,PROTOCOL_TYPE,CHANNELS,YT_PROTOCOL_TYPE) values(221869, 4, 23869, '1003868', 'B0000802',1,'1076测试服务器','4',8,'0');
insert into V_VEHICLEINFO (ORG_CODE,VEHICLE_ID,ID_NUMBER,TYPE_ID,TERMINAL_ID,DELETE_FLAG,COLOR_ID_NUMBER_ID,AUTHORIZED_PAY_MASS) values ('B0000802','2201869', '测B03868', 4, 221869, 0, '2',15);

insert into T_SIMINFO (SIM_ID, ORG_CODE, DEPTCODE, STATE,PAY_MODLE, SIM_NUM) values(23870, 'B0000802', '中国移动', 1, '预付费', 13100003869);
insert into T_TERMINALINFO (TERMINAL_ID,TTYPE_ID,SIM_ID,TERMINAL_CODE,ORG_CODE,IS_VIDEO_TERMINAL,SP_SERVER_NAME,PROTOCOL_TYPE,CHANNELS,YT_PROTOCOL_TYPE) values(221870, 4, 23870, '1003869', 'B0000802',1,'1076测试服务器','4',8,'0');
insert into V_VEHICLEINFO (ORG_CODE,VEHICLE_ID,ID_NUMBER,TYPE_ID,TERMINAL_ID,DELETE_FLAG,COLOR_ID_NUMBER_ID,AUTHORIZED_PAY_MASS) values ('B0000802','2201870', '测B03869', 4, 221870, 0, '2',15);

insert into T_SIMINFO (SIM_ID, ORG_CODE, DEPTCODE, STATE,PAY_MODLE, SIM_NUM) values(23871, 'B0000802', '中国移动', 1, '预付费', 13100003870);
insert into T_TERMINALINFO (TERMINAL_ID,TTYPE_ID,SIM_ID,TERMINAL_CODE,ORG_CODE,IS_VIDEO_TERMINAL,SP_SERVER_NAME,PROTOCOL_TYPE,CHANNELS,YT_PROTOCOL_TYPE) values(221871, 4, 23871, '1003870', 'B0000802',1,'1076测试服务器','4',8,'0');
insert into V_VEHICLEINFO (ORG_CODE,VEHICLE_ID,ID_NUMBER,TYPE_ID,TERMINAL_ID,DELETE_FLAG,COLOR_ID_NUMBER_ID,AUTHORIZED_PAY_MASS) values ('B0000802','2201871', '测B03870', 4, 221871, 0, '2',15);

insert into T_SIMINFO (SIM_ID, ORG_CODE, DEPTCODE, STATE,PAY_MODLE, SIM_NUM) values(23872, 'B0000802', '中国移动', 1, '预付费', 13100003871);
insert into T_TERMINALINFO (TERMINAL_ID,TTYPE_ID,SIM_ID,TERMINAL_CODE,ORG_CODE,IS_VIDEO_TERMINAL,SP_SERVER_NAME,PROTOCOL_TYPE,CHANNELS,YT_PROTOCOL_TYPE) values(221872, 4, 23872, '1003871', 'B0000802',1,'1076测试服务器','4',8,'0');
insert into V_VEHICLEINFO (ORG_CODE,VEHICLE_ID,ID_NUMBER,TYPE_ID,TERMINAL_ID,DELETE_FLAG,COLOR_ID_NUMBER_ID,AUTHORIZED_PAY_MASS) values ('B0000802','2201872', '测B03871', 4, 221872, 0, '2',15);

insert into T_SIMINFO (SIM_ID, ORG_CODE, DEPTCODE, STATE,PAY_MODLE, SIM_NUM) values(23873, 'B0000802', '中国移动', 1, '预付费', 13100003872);
insert into T_TERMINALINFO (TERMINAL_ID,TTYPE_ID,SIM_ID,TERMINAL_CODE,ORG_CODE,IS_VIDEO_TERMINAL,SP_SERVER_NAME,PROTOCOL_TYPE,CHANNELS,YT_PROTOCOL_TYPE) values(221873, 4, 23873, '1003872', 'B0000802',1,'1076测试服务器','4',8,'0');
insert into V_VEHICLEINFO (ORG_CODE,VEHICLE_ID,ID_NUMBER,TYPE_ID,TERMINAL_ID,DELETE_FLAG,COLOR_ID_NUMBER_ID,AUTHORIZED_PAY_MASS) values ('B0000802','2201873', '测B03872', 4, 221873, 0, '2',15);

insert into T_SIMINFO (SIM_ID, ORG_CODE, DEPTCODE, STATE,PAY_MODLE, SIM_NUM) values(23874, 'B0000802', '中国移动', 1, '预付费', 13100003873);
insert into T_TERMINALINFO (TERMINAL_ID,TTYPE_ID,SIM_ID,TERMINAL_CODE,ORG_CODE,IS_VIDEO_TERMINAL,SP_SERVER_NAME,PROTOCOL_TYPE,CHANNELS,YT_PROTOCOL_TYPE) values(221874, 4, 23874, '1003873', 'B0000802',1,'1076测试服务器','4',8,'0');
insert into V_VEHICLEINFO (ORG_CODE,VEHICLE_ID,ID_NUMBER,TYPE_ID,TERMINAL_ID,DELETE_FLAG,COLOR_ID_NUMBER_ID,AUTHORIZED_PAY_MASS) values ('B0000802','2201874', '测B03873', 4, 221874, 0, '2',15);

insert into T_SIMINFO (SIM_ID, ORG_CODE, DEPTCODE, STATE,PAY_MODLE, SIM_NUM) values(23875, 'B0000802', '中国移动', 1, '预付费', 13100003874);
insert into T_TERMINALINFO (TERMINAL_ID,TTYPE_ID,SIM_ID,TERMINAL_CODE,ORG_CODE,IS_VIDEO_TERMINAL,SP_SERVER_NAME,PROTOCOL_TYPE,CHANNELS,YT_PROTOCOL_TYPE) values(221875, 4, 23875, '1003874', 'B0000802',1,'1076测试服务器','4',8,'0');
insert into V_VEHICLEINFO (ORG_CODE,VEHICLE_ID,ID_NUMBER,TYPE_ID,TERMINAL_ID,DELETE_FLAG,COLOR_ID_NUMBER_ID,AUTHORIZED_PAY_MASS) values ('B0000802','2201875', '测B03874', 4, 221875, 0, '2',15);

insert into T_SIMINFO (SIM_ID, ORG_CODE, DEPTCODE, STATE,PAY_MODLE, SIM_NUM) values(23876, 'B0000802', '中国移动', 1, '预付费', 13100003875);
insert into T_TERMINALINFO (TERMINAL_ID,TTYPE_ID,SIM_ID,TERMINAL_CODE,ORG_CODE,IS_VIDEO_TERMINAL,SP_SERVER_NAME,PROTOCOL_TYPE,CHANNELS,YT_PROTOCOL_TYPE) values(221876, 4, 23876, '1003875', 'B0000802',1,'1076测试服务器','4',8,'0');
insert into V_VEHICLEINFO (ORG_CODE,VEHICLE_ID,ID_NUMBER,TYPE_ID,TERMINAL_ID,DELETE_FLAG,COLOR_ID_NUMBER_ID,AUTHORIZED_PAY_MASS) values ('B0000802','2201876', '测B03875', 4, 221876, 0, '2',15);

insert into T_SIMINFO (SIM_ID, ORG_CODE, DEPTCODE, STATE,PAY_MODLE, SIM_NUM) values(23877, 'B0000802', '中国移动', 1, '预付费', 13100003876);
insert into T_TERMINALINFO (TERMINAL_ID,TTYPE_ID,SIM_ID,TERMINAL_CODE,ORG_CODE,IS_VIDEO_TERMINAL,SP_SERVER_NAME,PROTOCOL_TYPE,CHANNELS,YT_PROTOCOL_TYPE) values(221877, 4, 23877, '1003876', 'B0000802',1,'1076测试服务器','4',8,'0');
insert into V_VEHICLEINFO (ORG_CODE,VEHICLE_ID,ID_NUMBER,TYPE_ID,TERMINAL_ID,DELETE_FLAG,COLOR_ID_NUMBER_ID,AUTHORIZED_PAY_MASS) values ('B0000802','2201877', '测B03876', 4, 221877, 0, '2',15);

insert into T_SIMINFO (SIM_ID, ORG_CODE, DEPTCODE, STATE,PAY_MODLE, SIM_NUM) values(23878, 'B0000802', '中国移动', 1, '预付费', 13100003877);
insert into T_TERMINALINFO (TERMINAL_ID,TTYPE_ID,SIM_ID,TERMINAL_CODE,ORG_CODE,IS_VIDEO_TERMINAL,SP_SERVER_NAME,PROTOCOL_TYPE,CHANNELS,YT_PROTOCOL_TYPE) values(221878, 4, 23878, '1003877', 'B0000802',1,'1076测试服务器','4',8,'0');
insert into V_VEHICLEINFO (ORG_CODE,VEHICLE_ID,ID_NUMBER,TYPE_ID,TERMINAL_ID,DELETE_FLAG,COLOR_ID_NUMBER_ID,AUTHORIZED_PAY_MASS) values ('B0000802','2201878', '测B03877', 4, 221878, 0, '2',15);

insert into T_SIMINFO (SIM_ID, ORG_CODE, DEPTCODE, STATE,PAY_MODLE, SIM_NUM) values(23879, 'B0000802', '中国移动', 1, '预付费', 13100003878);
insert into T_TERMINALINFO (TERMINAL_ID,TTYPE_ID,SIM_ID,TERMINAL_CODE,ORG_CODE,IS_VIDEO_TERMINAL,SP_SERVER_NAME,PROTOCOL_TYPE,CHANNELS,YT_PROTOCOL_TYPE) values(221879, 4, 23879, '1003878', 'B0000802',1,'1076测试服务器','4',8,'0');
insert into V_VEHICLEINFO (ORG_CODE,VEHICLE_ID,ID_NUMBER,TYPE_ID,TERMINAL_ID,DELETE_FLAG,COLOR_ID_NUMBER_ID,AUTHORIZED_PAY_MASS) values ('B0000802','2201879', '测B03878', 4, 221879, 0, '2',15);

insert into T_SIMINFO (SIM_ID, ORG_CODE, DEPTCODE, STATE,PAY_MODLE, SIM_NUM) values(23880, 'B0000802', '中国移动', 1, '预付费', 13100003879);
insert into T_TERMINALINFO (TERMINAL_ID,TTYPE_ID,SIM_ID,TERMINAL_CODE,ORG_CODE,IS_VIDEO_TERMINAL,SP_SERVER_NAME,PROTOCOL_TYPE,CHANNELS,YT_PROTOCOL_TYPE) values(221880, 4, 23880, '1003879', 'B0000802',1,'1076测试服务器','4',8,'0');
insert into V_VEHICLEINFO (ORG_CODE,VEHICLE_ID,ID_NUMBER,TYPE_ID,TERMINAL_ID,DELETE_FLAG,COLOR_ID_NUMBER_ID,AUTHORIZED_PAY_MASS) values ('B0000802','2201880', '测B03879', 4, 221880, 0, '2',15);

insert into T_SIMINFO (SIM_ID, ORG_CODE, DEPTCODE, STATE,PAY_MODLE, SIM_NUM) values(23881, 'B0000802', '中国移动', 1, '预付费', 13100003880);
insert into T_TERMINALINFO (TERMINAL_ID,TTYPE_ID,SIM_ID,TERMINAL_CODE,ORG_CODE,IS_VIDEO_TERMINAL,SP_SERVER_NAME,PROTOCOL_TYPE,CHANNELS,YT_PROTOCOL_TYPE) values(221881, 4, 23881, '1003880', 'B0000802',1,'1076测试服务器','4',8,'0');
insert into V_VEHICLEINFO (ORG_CODE,VEHICLE_ID,ID_NUMBER,TYPE_ID,TERMINAL_ID,DELETE_FLAG,COLOR_ID_NUMBER_ID,AUTHORIZED_PAY_MASS) values ('B0000802','2201881', '测B03880', 4, 221881, 0, '2',15);

insert into T_SIMINFO (SIM_ID, ORG_CODE, DEPTCODE, STATE,PAY_MODLE, SIM_NUM) values(23882, 'B0000802', '中国移动', 1, '预付费', 13100003881);
insert into T_TERMINALINFO (TERMINAL_ID,TTYPE_ID,SIM_ID,TERMINAL_CODE,ORG_CODE,IS_VIDEO_TERMINAL,SP_SERVER_NAME,PROTOCOL_TYPE,CHANNELS,YT_PROTOCOL_TYPE) values(221882, 4, 23882, '1003881', 'B0000802',1,'1076测试服务器','4',8,'0');
insert into V_VEHICLEINFO (ORG_CODE,VEHICLE_ID,ID_NUMBER,TYPE_ID,TERMINAL_ID,DELETE_FLAG,COLOR_ID_NUMBER_ID,AUTHORIZED_PAY_MASS) values ('B0000802','2201882', '测B03881', 4, 221882, 0, '2',15);

insert into T_SIMINFO (SIM_ID, ORG_CODE, DEPTCODE, STATE,PAY_MODLE, SIM_NUM) values(23883, 'B0000802', '中国移动', 1, '预付费', 13100003882);
insert into T_TERMINALINFO (TERMINAL_ID,TTYPE_ID,SIM_ID,TERMINAL_CODE,ORG_CODE,IS_VIDEO_TERMINAL,SP_SERVER_NAME,PROTOCOL_TYPE,CHANNELS,YT_PROTOCOL_TYPE) values(221883, 4, 23883, '1003882', 'B0000802',1,'1076测试服务器','4',8,'0');
insert into V_VEHICLEINFO (ORG_CODE,VEHICLE_ID,ID_NUMBER,TYPE_ID,TERMINAL_ID,DELETE_FLAG,COLOR_ID_NUMBER_ID,AUTHORIZED_PAY_MASS) values ('B0000802','2201883', '测B03882', 4, 221883, 0, '2',15);

insert into T_SIMINFO (SIM_ID, ORG_CODE, DEPTCODE, STATE,PAY_MODLE, SIM_NUM) values(23884, 'B0000802', '中国移动', 1, '预付费', 13100003883);
insert into T_TERMINALINFO (TERMINAL_ID,TTYPE_ID,SIM_ID,TERMINAL_CODE,ORG_CODE,IS_VIDEO_TERMINAL,SP_SERVER_NAME,PROTOCOL_TYPE,CHANNELS,YT_PROTOCOL_TYPE) values(221884, 4, 23884, '1003883', 'B0000802',1,'1076测试服务器','4',8,'0');
insert into V_VEHICLEINFO (ORG_CODE,VEHICLE_ID,ID_NUMBER,TYPE_ID,TERMINAL_ID,DELETE_FLAG,COLOR_ID_NUMBER_ID,AUTHORIZED_PAY_MASS) values ('B0000802','2201884', '测B03883', 4, 221884, 0, '2',15);

insert into T_SIMINFO (SIM_ID, ORG_CODE, DEPTCODE, STATE,PAY_MODLE, SIM_NUM) values(23885, 'B0000802', '中国移动', 1, '预付费', 13100003884);
insert into T_TERMINALINFO (TERMINAL_ID,TTYPE_ID,SIM_ID,TERMINAL_CODE,ORG_CODE,IS_VIDEO_TERMINAL,SP_SERVER_NAME,PROTOCOL_TYPE,CHANNELS,YT_PROTOCOL_TYPE) values(221885, 4, 23885, '1003884', 'B0000802',1,'1076测试服务器','4',8,'0');
insert into V_VEHICLEINFO (ORG_CODE,VEHICLE_ID,ID_NUMBER,TYPE_ID,TERMINAL_ID,DELETE_FLAG,COLOR_ID_NUMBER_ID,AUTHORIZED_PAY_MASS) values ('B0000802','2201885', '测B03884', 4, 221885, 0, '2',15);

insert into T_SIMINFO (SIM_ID, ORG_CODE, DEPTCODE, STATE,PAY_MODLE, SIM_NUM) values(23886, 'B0000802', '中国移动', 1, '预付费', 13100003885);
insert into T_TERMINALINFO (TERMINAL_ID,TTYPE_ID,SIM_ID,TERMINAL_CODE,ORG_CODE,IS_VIDEO_TERMINAL,SP_SERVER_NAME,PROTOCOL_TYPE,CHANNELS,YT_PROTOCOL_TYPE) values(221886, 4, 23886, '1003885', 'B0000802',1,'1076测试服务器','4',8,'0');
insert into V_VEHICLEINFO (ORG_CODE,VEHICLE_ID,ID_NUMBER,TYPE_ID,TERMINAL_ID,DELETE_FLAG,COLOR_ID_NUMBER_ID,AUTHORIZED_PAY_MASS) values ('B0000802','2201886', '测B03885', 4, 221886, 0, '2',15);

insert into T_SIMINFO (SIM_ID, ORG_CODE, DEPTCODE, STATE,PAY_MODLE, SIM_NUM) values(23887, 'B0000802', '中国移动', 1, '预付费', 13100003886);
insert into T_TERMINALINFO (TERMINAL_ID,TTYPE_ID,SIM_ID,TERMINAL_CODE,ORG_CODE,IS_VIDEO_TERMINAL,SP_SERVER_NAME,PROTOCOL_TYPE,CHANNELS,YT_PROTOCOL_TYPE) values(221887, 4, 23887, '1003886', 'B0000802',1,'1076测试服务器','4',8,'0');
insert into V_VEHICLEINFO (ORG_CODE,VEHICLE_ID,ID_NUMBER,TYPE_ID,TERMINAL_ID,DELETE_FLAG,COLOR_ID_NUMBER_ID,AUTHORIZED_PAY_MASS) values ('B0000802','2201887', '测B03886', 4, 221887, 0, '2',15);

insert into T_SIMINFO (SIM_ID, ORG_CODE, DEPTCODE, STATE,PAY_MODLE, SIM_NUM) values(23888, 'B0000802', '中国移动', 1, '预付费', 13100003887);
insert into T_TERMINALINFO (TERMINAL_ID,TTYPE_ID,SIM_ID,TERMINAL_CODE,ORG_CODE,IS_VIDEO_TERMINAL,SP_SERVER_NAME,PROTOCOL_TYPE,CHANNELS,YT_PROTOCOL_TYPE) values(221888, 4, 23888, '1003887', 'B0000802',1,'1076测试服务器','4',8,'0');
insert into V_VEHICLEINFO (ORG_CODE,VEHICLE_ID,ID_NUMBER,TYPE_ID,TERMINAL_ID,DELETE_FLAG,COLOR_ID_NUMBER_ID,AUTHORIZED_PAY_MASS) values ('B0000802','2201888', '测B03887', 4, 221888, 0, '2',15);

insert into T_SIMINFO (SIM_ID, ORG_CODE, DEPTCODE, STATE,PAY_MODLE, SIM_NUM) values(23889, 'B0000802', '中国移动', 1, '预付费', 13100003888);
insert into T_TERMINALINFO (TERMINAL_ID,TTYPE_ID,SIM_ID,TERMINAL_CODE,ORG_CODE,IS_VIDEO_TERMINAL,SP_SERVER_NAME,PROTOCOL_TYPE,CHANNELS,YT_PROTOCOL_TYPE) values(221889, 4, 23889, '1003888', 'B0000802',1,'1076测试服务器','4',8,'0');
insert into V_VEHICLEINFO (ORG_CODE,VEHICLE_ID,ID_NUMBER,TYPE_ID,TERMINAL_ID,DELETE_FLAG,COLOR_ID_NUMBER_ID,AUTHORIZED_PAY_MASS) values ('B0000802','2201889', '测B03888', 4, 221889, 0, '2',15);

insert into T_SIMINFO (SIM_ID, ORG_CODE, DEPTCODE, STATE,PAY_MODLE, SIM_NUM) values(23890, 'B0000802', '中国移动', 1, '预付费', 13100003889);
insert into T_TERMINALINFO (TERMINAL_ID,TTYPE_ID,SIM_ID,TERMINAL_CODE,ORG_CODE,IS_VIDEO_TERMINAL,SP_SERVER_NAME,PROTOCOL_TYPE,CHANNELS,YT_PROTOCOL_TYPE) values(221890, 4, 23890, '1003889', 'B0000802',1,'1076测试服务器','4',8,'0');
insert into V_VEHICLEINFO (ORG_CODE,VEHICLE_ID,ID_NUMBER,TYPE_ID,TERMINAL_ID,DELETE_FLAG,COLOR_ID_NUMBER_ID,AUTHORIZED_PAY_MASS) values ('B0000802','2201890', '测B03889', 4, 221890, 0, '2',15);

insert into T_SIMINFO (SIM_ID, ORG_CODE, DEPTCODE, STATE,PAY_MODLE, SIM_NUM) values(23891, 'B0000802', '中国移动', 1, '预付费', 13100003890);
insert into T_TERMINALINFO (TERMINAL_ID,TTYPE_ID,SIM_ID,TERMINAL_CODE,ORG_CODE,IS_VIDEO_TERMINAL,SP_SERVER_NAME,PROTOCOL_TYPE,CHANNELS,YT_PROTOCOL_TYPE) values(221891, 4, 23891, '1003890', 'B0000802',1,'1076测试服务器','4',8,'0');
insert into V_VEHICLEINFO (ORG_CODE,VEHICLE_ID,ID_NUMBER,TYPE_ID,TERMINAL_ID,DELETE_FLAG,COLOR_ID_NUMBER_ID,AUTHORIZED_PAY_MASS) values ('B0000802','2201891', '测B03890', 4, 221891, 0, '2',15);

insert into T_SIMINFO (SIM_ID, ORG_CODE, DEPTCODE, STATE,PAY_MODLE, SIM_NUM) values(23892, 'B0000802', '中国移动', 1, '预付费', 13100003891);
insert into T_TERMINALINFO (TERMINAL_ID,TTYPE_ID,SIM_ID,TERMINAL_CODE,ORG_CODE,IS_VIDEO_TERMINAL,SP_SERVER_NAME,PROTOCOL_TYPE,CHANNELS,YT_PROTOCOL_TYPE) values(221892, 4, 23892, '1003891', 'B0000802',1,'1076测试服务器','4',8,'0');
insert into V_VEHICLEINFO (ORG_CODE,VEHICLE_ID,ID_NUMBER,TYPE_ID,TERMINAL_ID,DELETE_FLAG,COLOR_ID_NUMBER_ID,AUTHORIZED_PAY_MASS) values ('B0000802','2201892', '测B03891', 4, 221892, 0, '2',15);

insert into T_SIMINFO (SIM_ID, ORG_CODE, DEPTCODE, STATE,PAY_MODLE, SIM_NUM) values(23893, 'B0000802', '中国移动', 1, '预付费', 13100003892);
insert into T_TERMINALINFO (TERMINAL_ID,TTYPE_ID,SIM_ID,TERMINAL_CODE,ORG_CODE,IS_VIDEO_TERMINAL,SP_SERVER_NAME,PROTOCOL_TYPE,CHANNELS,YT_PROTOCOL_TYPE) values(221893, 4, 23893, '1003892', 'B0000802',1,'1076测试服务器','4',8,'0');
insert into V_VEHICLEINFO (ORG_CODE,VEHICLE_ID,ID_NUMBER,TYPE_ID,TERMINAL_ID,DELETE_FLAG,COLOR_ID_NUMBER_ID,AUTHORIZED_PAY_MASS) values ('B0000802','2201893', '测B03892', 4, 221893, 0, '2',15);

insert into T_SIMINFO (SIM_ID, ORG_CODE, DEPTCODE, STATE,PAY_MODLE, SIM_NUM) values(23894, 'B0000802', '中国移动', 1, '预付费', 13100003893);
insert into T_TERMINALINFO (TERMINAL_ID,TTYPE_ID,SIM_ID,TERMINAL_CODE,ORG_CODE,IS_VIDEO_TERMINAL,SP_SERVER_NAME,PROTOCOL_TYPE,CHANNELS,YT_PROTOCOL_TYPE) values(221894, 4, 23894, '1003893', 'B0000802',1,'1076测试服务器','4',8,'0');
insert into V_VEHICLEINFO (ORG_CODE,VEHICLE_ID,ID_NUMBER,TYPE_ID,TERMINAL_ID,DELETE_FLAG,COLOR_ID_NUMBER_ID,AUTHORIZED_PAY_MASS) values ('B0000802','2201894', '测B03893', 4, 221894, 0, '2',15);

insert into T_SIMINFO (SIM_ID, ORG_CODE, DEPTCODE, STATE,PAY_MODLE, SIM_NUM) values(23895, 'B0000802', '中国移动', 1, '预付费', 13100003894);
insert into T_TERMINALINFO (TERMINAL_ID,TTYPE_ID,SIM_ID,TERMINAL_CODE,ORG_CODE,IS_VIDEO_TERMINAL,SP_SERVER_NAME,PROTOCOL_TYPE,CHANNELS,YT_PROTOCOL_TYPE) values(221895, 4, 23895, '1003894', 'B0000802',1,'1076测试服务器','4',8,'0');
insert into V_VEHICLEINFO (ORG_CODE,VEHICLE_ID,ID_NUMBER,TYPE_ID,TERMINAL_ID,DELETE_FLAG,COLOR_ID_NUMBER_ID,AUTHORIZED_PAY_MASS) values ('B0000802','2201895', '测B03894', 4, 221895, 0, '2',15);

insert into T_SIMINFO (SIM_ID, ORG_CODE, DEPTCODE, STATE,PAY_MODLE, SIM_NUM) values(23896, 'B0000802', '中国移动', 1, '预付费', 13100003895);
insert into T_TERMINALINFO (TERMINAL_ID,TTYPE_ID,SIM_ID,TERMINAL_CODE,ORG_CODE,IS_VIDEO_TERMINAL,SP_SERVER_NAME,PROTOCOL_TYPE,CHANNELS,YT_PROTOCOL_TYPE) values(221896, 4, 23896, '1003895', 'B0000802',1,'1076测试服务器','4',8,'0');
insert into V_VEHICLEINFO (ORG_CODE,VEHICLE_ID,ID_NUMBER,TYPE_ID,TERMINAL_ID,DELETE_FLAG,COLOR_ID_NUMBER_ID,AUTHORIZED_PAY_MASS) values ('B0000802','2201896', '测B03895', 4, 221896, 0, '2',15);

insert into T_SIMINFO (SIM_ID, ORG_CODE, DEPTCODE, STATE,PAY_MODLE, SIM_NUM) values(23897, 'B0000802', '中国移动', 1, '预付费', 13100003896);
insert into T_TERMINALINFO (TERMINAL_ID,TTYPE_ID,SIM_ID,TERMINAL_CODE,ORG_CODE,IS_VIDEO_TERMINAL,SP_SERVER_NAME,PROTOCOL_TYPE,CHANNELS,YT_PROTOCOL_TYPE) values(221897, 4, 23897, '1003896', 'B0000802',1,'1076测试服务器','4',8,'0');
insert into V_VEHICLEINFO (ORG_CODE,VEHICLE_ID,ID_NUMBER,TYPE_ID,TERMINAL_ID,DELETE_FLAG,COLOR_ID_NUMBER_ID,AUTHORIZED_PAY_MASS) values ('B0000802','2201897', '测B03896', 4, 221897, 0, '2',15);

insert into T_SIMINFO (SIM_ID, ORG_CODE, DEPTCODE, STATE,PAY_MODLE, SIM_NUM) values(23898, 'B0000802', '中国移动', 1, '预付费', 13100003897);
insert into T_TERMINALINFO (TERMINAL_ID,TTYPE_ID,SIM_ID,TERMINAL_CODE,ORG_CODE,IS_VIDEO_TERMINAL,SP_SERVER_NAME,PROTOCOL_TYPE,CHANNELS,YT_PROTOCOL_TYPE) values(221898, 4, 23898, '1003897', 'B0000802',1,'1076测试服务器','4',8,'0');
insert into V_VEHICLEINFO (ORG_CODE,VEHICLE_ID,ID_NUMBER,TYPE_ID,TERMINAL_ID,DELETE_FLAG,COLOR_ID_NUMBER_ID,AUTHORIZED_PAY_MASS) values ('B0000802','2201898', '测B03897', 4, 221898, 0, '2',15);

insert into T_SIMINFO (SIM_ID, ORG_CODE, DEPTCODE, STATE,PAY_MODLE, SIM_NUM) values(23899, 'B0000802', '中国移动', 1, '预付费', 13100003898);
insert into T_TERMINALINFO (TERMINAL_ID,TTYPE_ID,SIM_ID,TERMINAL_CODE,ORG_CODE,IS_VIDEO_TERMINAL,SP_SERVER_NAME,PROTOCOL_TYPE,CHANNELS,YT_PROTOCOL_TYPE) values(221899, 4, 23899, '1003898', 'B0000802',1,'1076测试服务器','4',8,'0');
insert into V_VEHICLEINFO (ORG_CODE,VEHICLE_ID,ID_NUMBER,TYPE_ID,TERMINAL_ID,DELETE_FLAG,COLOR_ID_NUMBER_ID,AUTHORIZED_PAY_MASS) values ('B0000802','2201899', '测B03898', 4, 221899, 0, '2',15);

insert into T_SIMINFO (SIM_ID, ORG_CODE, DEPTCODE, STATE,PAY_MODLE, SIM_NUM) values(23900, 'B0000802', '中国移动', 1, '预付费', 13100003899);
insert into T_TERMINALINFO (TERMINAL_ID,TTYPE_ID,SIM_ID,TERMINAL_CODE,ORG_CODE,IS_VIDEO_TERMINAL,SP_SERVER_NAME,PROTOCOL_TYPE,CHANNELS,YT_PROTOCOL_TYPE) values(221900, 4, 23900, '1003899', 'B0000802',1,'1076测试服务器','4',8,'0');
insert into V_VEHICLEINFO (ORG_CODE,VEHICLE_ID,ID_NUMBER,TYPE_ID,TERMINAL_ID,DELETE_FLAG,COLOR_ID_NUMBER_ID,AUTHORIZED_PAY_MASS) values ('B0000802','2201900', '测B03899', 4, 221900, 0, '2',15);

insert into T_SIMINFO (SIM_ID, ORG_CODE, DEPTCODE, STATE,PAY_MODLE, SIM_NUM) values(23901, 'B0000802', '中国移动', 1, '预付费', 13100003900);
insert into T_TERMINALINFO (TERMINAL_ID,TTYPE_ID,SIM_ID,TERMINAL_CODE,ORG_CODE,IS_VIDEO_TERMINAL,SP_SERVER_NAME,PROTOCOL_TYPE,CHANNELS,YT_PROTOCOL_TYPE) values(221901, 4, 23901, '1003900', 'B0000802',1,'1076测试服务器','4',8,'0');
insert into V_VEHICLEINFO (ORG_CODE,VEHICLE_ID,ID_NUMBER,TYPE_ID,TERMINAL_ID,DELETE_FLAG,COLOR_ID_NUMBER_ID,AUTHORIZED_PAY_MASS) values ('B0000802','2201901', '测B03900', 4, 221901, 0, '2',15);

insert into T_SIMINFO (SIM_ID, ORG_CODE, DEPTCODE, STATE,PAY_MODLE, SIM_NUM) values(23902, 'B0000802', '中国移动', 1, '预付费', 13100003901);
insert into T_TERMINALINFO (TERMINAL_ID,TTYPE_ID,SIM_ID,TERMINAL_CODE,ORG_CODE,IS_VIDEO_TERMINAL,SP_SERVER_NAME,PROTOCOL_TYPE,CHANNELS,YT_PROTOCOL_TYPE) values(221902, 4, 23902, '1003901', 'B0000802',1,'1076测试服务器','4',8,'0');
insert into V_VEHICLEINFO (ORG_CODE,VEHICLE_ID,ID_NUMBER,TYPE_ID,TERMINAL_ID,DELETE_FLAG,COLOR_ID_NUMBER_ID,AUTHORIZED_PAY_MASS) values ('B0000802','2201902', '测B03901', 4, 221902, 0, '2',15);

insert into T_SIMINFO (SIM_ID, ORG_CODE, DEPTCODE, STATE,PAY_MODLE, SIM_NUM) values(23903, 'B0000802', '中国移动', 1, '预付费', 13100003902);
insert into T_TERMINALINFO (TERMINAL_ID,TTYPE_ID,SIM_ID,TERMINAL_CODE,ORG_CODE,IS_VIDEO_TERMINAL,SP_SERVER_NAME,PROTOCOL_TYPE,CHANNELS,YT_PROTOCOL_TYPE) values(221903, 4, 23903, '1003902', 'B0000802',1,'1076测试服务器','4',8,'0');
insert into V_VEHICLEINFO (ORG_CODE,VEHICLE_ID,ID_NUMBER,TYPE_ID,TERMINAL_ID,DELETE_FLAG,COLOR_ID_NUMBER_ID,AUTHORIZED_PAY_MASS) values ('B0000802','2201903', '测B03902', 4, 221903, 0, '2',15);

insert into T_SIMINFO (SIM_ID, ORG_CODE, DEPTCODE, STATE,PAY_MODLE, SIM_NUM) values(23904, 'B0000802', '中国移动', 1, '预付费', 13100003903);
insert into T_TERMINALINFO (TERMINAL_ID,TTYPE_ID,SIM_ID,TERMINAL_CODE,ORG_CODE,IS_VIDEO_TERMINAL,SP_SERVER_NAME,PROTOCOL_TYPE,CHANNELS,YT_PROTOCOL_TYPE) values(221904, 4, 23904, '1003903', 'B0000802',1,'1076测试服务器','4',8,'0');
insert into V_VEHICLEINFO (ORG_CODE,VEHICLE_ID,ID_NUMBER,TYPE_ID,TERMINAL_ID,DELETE_FLAG,COLOR_ID_NUMBER_ID,AUTHORIZED_PAY_MASS) values ('B0000802','2201904', '测B03903', 4, 221904, 0, '2',15);

insert into T_SIMINFO (SIM_ID, ORG_CODE, DEPTCODE, STATE,PAY_MODLE, SIM_NUM) values(23905, 'B0000802', '中国移动', 1, '预付费', 13100003904);
insert into T_TERMINALINFO (TERMINAL_ID,TTYPE_ID,SIM_ID,TERMINAL_CODE,ORG_CODE,IS_VIDEO_TERMINAL,SP_SERVER_NAME,PROTOCOL_TYPE,CHANNELS,YT_PROTOCOL_TYPE) values(221905, 4, 23905, '1003904', 'B0000802',1,'1076测试服务器','4',8,'0');
insert into V_VEHICLEINFO (ORG_CODE,VEHICLE_ID,ID_NUMBER,TYPE_ID,TERMINAL_ID,DELETE_FLAG,COLOR_ID_NUMBER_ID,AUTHORIZED_PAY_MASS) values ('B0000802','2201905', '测B03904', 4, 221905, 0, '2',15);

insert into T_SIMINFO (SIM_ID, ORG_CODE, DEPTCODE, STATE,PAY_MODLE, SIM_NUM) values(23906, 'B0000802', '中国移动', 1, '预付费', 13100003905);
insert into T_TERMINALINFO (TERMINAL_ID,TTYPE_ID,SIM_ID,TERMINAL_CODE,ORG_CODE,IS_VIDEO_TERMINAL,SP_SERVER_NAME,PROTOCOL_TYPE,CHANNELS,YT_PROTOCOL_TYPE) values(221906, 4, 23906, '1003905', 'B0000802',1,'1076测试服务器','4',8,'0');
insert into V_VEHICLEINFO (ORG_CODE,VEHICLE_ID,ID_NUMBER,TYPE_ID,TERMINAL_ID,DELETE_FLAG,COLOR_ID_NUMBER_ID,AUTHORIZED_PAY_MASS) values ('B0000802','2201906', '测B03905', 4, 221906, 0, '2',15);

insert into T_SIMINFO (SIM_ID, ORG_CODE, DEPTCODE, STATE,PAY_MODLE, SIM_NUM) values(23907, 'B0000802', '中国移动', 1, '预付费', 13100003906);
insert into T_TERMINALINFO (TERMINAL_ID,TTYPE_ID,SIM_ID,TERMINAL_CODE,ORG_CODE,IS_VIDEO_TERMINAL,SP_SERVER_NAME,PROTOCOL_TYPE,CHANNELS,YT_PROTOCOL_TYPE) values(221907, 4, 23907, '1003906', 'B0000802',1,'1076测试服务器','4',8,'0');
insert into V_VEHICLEINFO (ORG_CODE,VEHICLE_ID,ID_NUMBER,TYPE_ID,TERMINAL_ID,DELETE_FLAG,COLOR_ID_NUMBER_ID,AUTHORIZED_PAY_MASS) values ('B0000802','2201907', '测B03906', 4, 221907, 0, '2',15);

insert into T_SIMINFO (SIM_ID, ORG_CODE, DEPTCODE, STATE,PAY_MODLE, SIM_NUM) values(23908, 'B0000802', '中国移动', 1, '预付费', 13100003907);
insert into T_TERMINALINFO (TERMINAL_ID,TTYPE_ID,SIM_ID,TERMINAL_CODE,ORG_CODE,IS_VIDEO_TERMINAL,SP_SERVER_NAME,PROTOCOL_TYPE,CHANNELS,YT_PROTOCOL_TYPE) values(221908, 4, 23908, '1003907', 'B0000802',1,'1076测试服务器','4',8,'0');
insert into V_VEHICLEINFO (ORG_CODE,VEHICLE_ID,ID_NUMBER,TYPE_ID,TERMINAL_ID,DELETE_FLAG,COLOR_ID_NUMBER_ID,AUTHORIZED_PAY_MASS) values ('B0000802','2201908', '测B03907', 4, 221908, 0, '2',15);

insert into T_SIMINFO (SIM_ID, ORG_CODE, DEPTCODE, STATE,PAY_MODLE, SIM_NUM) values(23909, 'B0000802', '中国移动', 1, '预付费', 13100003908);
insert into T_TERMINALINFO (TERMINAL_ID,TTYPE_ID,SIM_ID,TERMINAL_CODE,ORG_CODE,IS_VIDEO_TERMINAL,SP_SERVER_NAME,PROTOCOL_TYPE,CHANNELS,YT_PROTOCOL_TYPE) values(221909, 4, 23909, '1003908', 'B0000802',1,'1076测试服务器','4',8,'0');
insert into V_VEHICLEINFO (ORG_CODE,VEHICLE_ID,ID_NUMBER,TYPE_ID,TERMINAL_ID,DELETE_FLAG,COLOR_ID_NUMBER_ID,AUTHORIZED_PAY_MASS) values ('B0000802','2201909', '测B03908', 4, 221909, 0, '2',15);

insert into T_SIMINFO (SIM_ID, ORG_CODE, DEPTCODE, STATE,PAY_MODLE, SIM_NUM) values(23910, 'B0000802', '中国移动', 1, '预付费', 13100003909);
insert into T_TERMINALINFO (TERMINAL_ID,TTYPE_ID,SIM_ID,TERMINAL_CODE,ORG_CODE,IS_VIDEO_TERMINAL,SP_SERVER_NAME,PROTOCOL_TYPE,CHANNELS,YT_PROTOCOL_TYPE) values(221910, 4, 23910, '1003909', 'B0000802',1,'1076测试服务器','4',8,'0');
insert into V_VEHICLEINFO (ORG_CODE,VEHICLE_ID,ID_NUMBER,TYPE_ID,TERMINAL_ID,DELETE_FLAG,COLOR_ID_NUMBER_ID,AUTHORIZED_PAY_MASS) values ('B0000802','2201910', '测B03909', 4, 221910, 0, '2',15);

insert into T_SIMINFO (SIM_ID, ORG_CODE, DEPTCODE, STATE,PAY_MODLE, SIM_NUM) values(23911, 'B0000802', '中国移动', 1, '预付费', 13100003910);
insert into T_TERMINALINFO (TERMINAL_ID,TTYPE_ID,SIM_ID,TERMINAL_CODE,ORG_CODE,IS_VIDEO_TERMINAL,SP_SERVER_NAME,PROTOCOL_TYPE,CHANNELS,YT_PROTOCOL_TYPE) values(221911, 4, 23911, '1003910', 'B0000802',1,'1076测试服务器','4',8,'0');
insert into V_VEHICLEINFO (ORG_CODE,VEHICLE_ID,ID_NUMBER,TYPE_ID,TERMINAL_ID,DELETE_FLAG,COLOR_ID_NUMBER_ID,AUTHORIZED_PAY_MASS) values ('B0000802','2201911', '测B03910', 4, 221911, 0, '2',15);

insert into T_SIMINFO (SIM_ID, ORG_CODE, DEPTCODE, STATE,PAY_MODLE, SIM_NUM) values(23912, 'B0000802', '中国移动', 1, '预付费', 13100003911);
insert into T_TERMINALINFO (TERMINAL_ID,TTYPE_ID,SIM_ID,TERMINAL_CODE,ORG_CODE,IS_VIDEO_TERMINAL,SP_SERVER_NAME,PROTOCOL_TYPE,CHANNELS,YT_PROTOCOL_TYPE) values(221912, 4, 23912, '1003911', 'B0000802',1,'1076测试服务器','4',8,'0');
insert into V_VEHICLEINFO (ORG_CODE,VEHICLE_ID,ID_NUMBER,TYPE_ID,TERMINAL_ID,DELETE_FLAG,COLOR_ID_NUMBER_ID,AUTHORIZED_PAY_MASS) values ('B0000802','2201912', '测B03911', 4, 221912, 0, '2',15);

insert into T_SIMINFO (SIM_ID, ORG_CODE, DEPTCODE, STATE,PAY_MODLE, SIM_NUM) values(23913, 'B0000802', '中国移动', 1, '预付费', 13100003912);
insert into T_TERMINALINFO (TERMINAL_ID,TTYPE_ID,SIM_ID,TERMINAL_CODE,ORG_CODE,IS_VIDEO_TERMINAL,SP_SERVER_NAME,PROTOCOL_TYPE,CHANNELS,YT_PROTOCOL_TYPE) values(221913, 4, 23913, '1003912', 'B0000802',1,'1076测试服务器','4',8,'0');
insert into V_VEHICLEINFO (ORG_CODE,VEHICLE_ID,ID_NUMBER,TYPE_ID,TERMINAL_ID,DELETE_FLAG,COLOR_ID_NUMBER_ID,AUTHORIZED_PAY_MASS) values ('B0000802','2201913', '测B03912', 4, 221913, 0, '2',15);

insert into T_SIMINFO (SIM_ID, ORG_CODE, DEPTCODE, STATE,PAY_MODLE, SIM_NUM) values(23914, 'B0000802', '中国移动', 1, '预付费', 13100003913);
insert into T_TERMINALINFO (TERMINAL_ID,TTYPE_ID,SIM_ID,TERMINAL_CODE,ORG_CODE,IS_VIDEO_TERMINAL,SP_SERVER_NAME,PROTOCOL_TYPE,CHANNELS,YT_PROTOCOL_TYPE) values(221914, 4, 23914, '1003913', 'B0000802',1,'1076测试服务器','4',8,'0');
insert into V_VEHICLEINFO (ORG_CODE,VEHICLE_ID,ID_NUMBER,TYPE_ID,TERMINAL_ID,DELETE_FLAG,COLOR_ID_NUMBER_ID,AUTHORIZED_PAY_MASS) values ('B0000802','2201914', '测B03913', 4, 221914, 0, '2',15);

insert into T_SIMINFO (SIM_ID, ORG_CODE, DEPTCODE, STATE,PAY_MODLE, SIM_NUM) values(23915, 'B0000802', '中国移动', 1, '预付费', 13100003914);
insert into T_TERMINALINFO (TERMINAL_ID,TTYPE_ID,SIM_ID,TERMINAL_CODE,ORG_CODE,IS_VIDEO_TERMINAL,SP_SERVER_NAME,PROTOCOL_TYPE,CHANNELS,YT_PROTOCOL_TYPE) values(221915, 4, 23915, '1003914', 'B0000802',1,'1076测试服务器','4',8,'0');
insert into V_VEHICLEINFO (ORG_CODE,VEHICLE_ID,ID_NUMBER,TYPE_ID,TERMINAL_ID,DELETE_FLAG,COLOR_ID_NUMBER_ID,AUTHORIZED_PAY_MASS) values ('B0000802','2201915', '测B03914', 4, 221915, 0, '2',15);

insert into T_SIMINFO (SIM_ID, ORG_CODE, DEPTCODE, STATE,PAY_MODLE, SIM_NUM) values(23916, 'B0000802', '中国移动', 1, '预付费', 13100003915);
insert into T_TERMINALINFO (TERMINAL_ID,TTYPE_ID,SIM_ID,TERMINAL_CODE,ORG_CODE,IS_VIDEO_TERMINAL,SP_SERVER_NAME,PROTOCOL_TYPE,CHANNELS,YT_PROTOCOL_TYPE) values(221916, 4, 23916, '1003915', 'B0000802',1,'1076测试服务器','4',8,'0');
insert into V_VEHICLEINFO (ORG_CODE,VEHICLE_ID,ID_NUMBER,TYPE_ID,TERMINAL_ID,DELETE_FLAG,COLOR_ID_NUMBER_ID,AUTHORIZED_PAY_MASS) values ('B0000802','2201916', '测B03915', 4, 221916, 0, '2',15);

insert into T_SIMINFO (SIM_ID, ORG_CODE, DEPTCODE, STATE,PAY_MODLE, SIM_NUM) values(23917, 'B0000802', '中国移动', 1, '预付费', 13100003916);
insert into T_TERMINALINFO (TERMINAL_ID,TTYPE_ID,SIM_ID,TERMINAL_CODE,ORG_CODE,IS_VIDEO_TERMINAL,SP_SERVER_NAME,PROTOCOL_TYPE,CHANNELS,YT_PROTOCOL_TYPE) values(221917, 4, 23917, '1003916', 'B0000802',1,'1076测试服务器','4',8,'0');
insert into V_VEHICLEINFO (ORG_CODE,VEHICLE_ID,ID_NUMBER,TYPE_ID,TERMINAL_ID,DELETE_FLAG,COLOR_ID_NUMBER_ID,AUTHORIZED_PAY_MASS) values ('B0000802','2201917', '测B03916', 4, 221917, 0, '2',15);

insert into T_SIMINFO (SIM_ID, ORG_CODE, DEPTCODE, STATE,PAY_MODLE, SIM_NUM) values(23918, 'B0000802', '中国移动', 1, '预付费', 13100003917);
insert into T_TERMINALINFO (TERMINAL_ID,TTYPE_ID,SIM_ID,TERMINAL_CODE,ORG_CODE,IS_VIDEO_TERMINAL,SP_SERVER_NAME,PROTOCOL_TYPE,CHANNELS,YT_PROTOCOL_TYPE) values(221918, 4, 23918, '1003917', 'B0000802',1,'1076测试服务器','4',8,'0');
insert into V_VEHICLEINFO (ORG_CODE,VEHICLE_ID,ID_NUMBER,TYPE_ID,TERMINAL_ID,DELETE_FLAG,COLOR_ID_NUMBER_ID,AUTHORIZED_PAY_MASS) values ('B0000802','2201918', '测B03917', 4, 221918, 0, '2',15);

insert into T_SIMINFO (SIM_ID, ORG_CODE, DEPTCODE, STATE,PAY_MODLE, SIM_NUM) values(23919, 'B0000802', '中国移动', 1, '预付费', 13100003918);
insert into T_TERMINALINFO (TERMINAL_ID,TTYPE_ID,SIM_ID,TERMINAL_CODE,ORG_CODE,IS_VIDEO_TERMINAL,SP_SERVER_NAME,PROTOCOL_TYPE,CHANNELS,YT_PROTOCOL_TYPE) values(221919, 4, 23919, '1003918', 'B0000802',1,'1076测试服务器','4',8,'0');
insert into V_VEHICLEINFO (ORG_CODE,VEHICLE_ID,ID_NUMBER,TYPE_ID,TERMINAL_ID,DELETE_FLAG,COLOR_ID_NUMBER_ID,AUTHORIZED_PAY_MASS) values ('B0000802','2201919', '测B03918', 4, 221919, 0, '2',15);

insert into T_SIMINFO (SIM_ID, ORG_CODE, DEPTCODE, STATE,PAY_MODLE, SIM_NUM) values(23920, 'B0000802', '中国移动', 1, '预付费', 13100003919);
insert into T_TERMINALINFO (TERMINAL_ID,TTYPE_ID,SIM_ID,TERMINAL_CODE,ORG_CODE,IS_VIDEO_TERMINAL,SP_SERVER_NAME,PROTOCOL_TYPE,CHANNELS,YT_PROTOCOL_TYPE) values(221920, 4, 23920, '1003919', 'B0000802',1,'1076测试服务器','4',8,'0');
insert into V_VEHICLEINFO (ORG_CODE,VEHICLE_ID,ID_NUMBER,TYPE_ID,TERMINAL_ID,DELETE_FLAG,COLOR_ID_NUMBER_ID,AUTHORIZED_PAY_MASS) values ('B0000802','2201920', '测B03919', 4, 221920, 0, '2',15);

insert into T_SIMINFO (SIM_ID, ORG_CODE, DEPTCODE, STATE,PAY_MODLE, SIM_NUM) values(23921, 'B0000802', '中国移动', 1, '预付费', 13100003920);
insert into T_TERMINALINFO (TERMINAL_ID,TTYPE_ID,SIM_ID,TERMINAL_CODE,ORG_CODE,IS_VIDEO_TERMINAL,SP_SERVER_NAME,PROTOCOL_TYPE,CHANNELS,YT_PROTOCOL_TYPE) values(221921, 4, 23921, '1003920', 'B0000802',1,'1076测试服务器','4',8,'0');
insert into V_VEHICLEINFO (ORG_CODE,VEHICLE_ID,ID_NUMBER,TYPE_ID,TERMINAL_ID,DELETE_FLAG,COLOR_ID_NUMBER_ID,AUTHORIZED_PAY_MASS) values ('B0000802','2201921', '测B03920', 4, 221921, 0, '2',15);

insert into T_SIMINFO (SIM_ID, ORG_CODE, DEPTCODE, STATE,PAY_MODLE, SIM_NUM) values(23922, 'B0000802', '中国移动', 1, '预付费', 13100003921);
insert into T_TERMINALINFO (TERMINAL_ID,TTYPE_ID,SIM_ID,TERMINAL_CODE,ORG_CODE,IS_VIDEO_TERMINAL,SP_SERVER_NAME,PROTOCOL_TYPE,CHANNELS,YT_PROTOCOL_TYPE) values(221922, 4, 23922, '1003921', 'B0000802',1,'1076测试服务器','4',8,'0');
insert into V_VEHICLEINFO (ORG_CODE,VEHICLE_ID,ID_NUMBER,TYPE_ID,TERMINAL_ID,DELETE_FLAG,COLOR_ID_NUMBER_ID,AUTHORIZED_PAY_MASS) values ('B0000802','2201922', '测B03921', 4, 221922, 0, '2',15);

insert into T_SIMINFO (SIM_ID, ORG_CODE, DEPTCODE, STATE,PAY_MODLE, SIM_NUM) values(23923, 'B0000802', '中国移动', 1, '预付费', 13100003922);
insert into T_TERMINALINFO (TERMINAL_ID,TTYPE_ID,SIM_ID,TERMINAL_CODE,ORG_CODE,IS_VIDEO_TERMINAL,SP_SERVER_NAME,PROTOCOL_TYPE,CHANNELS,YT_PROTOCOL_TYPE) values(221923, 4, 23923, '1003922', 'B0000802',1,'1076测试服务器','4',8,'0');
insert into V_VEHICLEINFO (ORG_CODE,VEHICLE_ID,ID_NUMBER,TYPE_ID,TERMINAL_ID,DELETE_FLAG,COLOR_ID_NUMBER_ID,AUTHORIZED_PAY_MASS) values ('B0000802','2201923', '测B03922', 4, 221923, 0, '2',15);

insert into T_SIMINFO (SIM_ID, ORG_CODE, DEPTCODE, STATE,PAY_MODLE, SIM_NUM) values(23924, 'B0000802', '中国移动', 1, '预付费', 13100003923);
insert into T_TERMINALINFO (TERMINAL_ID,TTYPE_ID,SIM_ID,TERMINAL_CODE,ORG_CODE,IS_VIDEO_TERMINAL,SP_SERVER_NAME,PROTOCOL_TYPE,CHANNELS,YT_PROTOCOL_TYPE) values(221924, 4, 23924, '1003923', 'B0000802',1,'1076测试服务器','4',8,'0');
insert into V_VEHICLEINFO (ORG_CODE,VEHICLE_ID,ID_NUMBER,TYPE_ID,TERMINAL_ID,DELETE_FLAG,COLOR_ID_NUMBER_ID,AUTHORIZED_PAY_MASS) values ('B0000802','2201924', '测B03923', 4, 221924, 0, '2',15);

insert into T_SIMINFO (SIM_ID, ORG_CODE, DEPTCODE, STATE,PAY_MODLE, SIM_NUM) values(23925, 'B0000802', '中国移动', 1, '预付费', 13100003924);
insert into T_TERMINALINFO (TERMINAL_ID,TTYPE_ID,SIM_ID,TERMINAL_CODE,ORG_CODE,IS_VIDEO_TERMINAL,SP_SERVER_NAME,PROTOCOL_TYPE,CHANNELS,YT_PROTOCOL_TYPE) values(221925, 4, 23925, '1003924', 'B0000802',1,'1076测试服务器','4',8,'0');
insert into V_VEHICLEINFO (ORG_CODE,VEHICLE_ID,ID_NUMBER,TYPE_ID,TERMINAL_ID,DELETE_FLAG,COLOR_ID_NUMBER_ID,AUTHORIZED_PAY_MASS) values ('B0000802','2201925', '测B03924', 4, 221925, 0, '2',15);

insert into T_SIMINFO (SIM_ID, ORG_CODE, DEPTCODE, STATE,PAY_MODLE, SIM_NUM) values(23926, 'B0000802', '中国移动', 1, '预付费', 13100003925);
insert into T_TERMINALINFO (TERMINAL_ID,TTYPE_ID,SIM_ID,TERMINAL_CODE,ORG_CODE,IS_VIDEO_TERMINAL,SP_SERVER_NAME,PROTOCOL_TYPE,CHANNELS,YT_PROTOCOL_TYPE) values(221926, 4, 23926, '1003925', 'B0000802',1,'1076测试服务器','4',8,'0');
insert into V_VEHICLEINFO (ORG_CODE,VEHICLE_ID,ID_NUMBER,TYPE_ID,TERMINAL_ID,DELETE_FLAG,COLOR_ID_NUMBER_ID,AUTHORIZED_PAY_MASS) values ('B0000802','2201926', '测B03925', 4, 221926, 0, '2',15);

insert into T_SIMINFO (SIM_ID, ORG_CODE, DEPTCODE, STATE,PAY_MODLE, SIM_NUM) values(23927, 'B0000802', '中国移动', 1, '预付费', 13100003926);
insert into T_TERMINALINFO (TERMINAL_ID,TTYPE_ID,SIM_ID,TERMINAL_CODE,ORG_CODE,IS_VIDEO_TERMINAL,SP_SERVER_NAME,PROTOCOL_TYPE,CHANNELS,YT_PROTOCOL_TYPE) values(221927, 4, 23927, '1003926', 'B0000802',1,'1076测试服务器','4',8,'0');
insert into V_VEHICLEINFO (ORG_CODE,VEHICLE_ID,ID_NUMBER,TYPE_ID,TERMINAL_ID,DELETE_FLAG,COLOR_ID_NUMBER_ID,AUTHORIZED_PAY_MASS) values ('B0000802','2201927', '测B03926', 4, 221927, 0, '2',15);

insert into T_SIMINFO (SIM_ID, ORG_CODE, DEPTCODE, STATE,PAY_MODLE, SIM_NUM) values(23928, 'B0000802', '中国移动', 1, '预付费', 13100003927);
insert into T_TERMINALINFO (TERMINAL_ID,TTYPE_ID,SIM_ID,TERMINAL_CODE,ORG_CODE,IS_VIDEO_TERMINAL,SP_SERVER_NAME,PROTOCOL_TYPE,CHANNELS,YT_PROTOCOL_TYPE) values(221928, 4, 23928, '1003927', 'B0000802',1,'1076测试服务器','4',8,'0');
insert into V_VEHICLEINFO (ORG_CODE,VEHICLE_ID,ID_NUMBER,TYPE_ID,TERMINAL_ID,DELETE_FLAG,COLOR_ID_NUMBER_ID,AUTHORIZED_PAY_MASS) values ('B0000802','2201928', '测B03927', 4, 221928, 0, '2',15);

insert into T_SIMINFO (SIM_ID, ORG_CODE, DEPTCODE, STATE,PAY_MODLE, SIM_NUM) values(23929, 'B0000802', '中国移动', 1, '预付费', 13100003928);
insert into T_TERMINALINFO (TERMINAL_ID,TTYPE_ID,SIM_ID,TERMINAL_CODE,ORG_CODE,IS_VIDEO_TERMINAL,SP_SERVER_NAME,PROTOCOL_TYPE,CHANNELS,YT_PROTOCOL_TYPE) values(221929, 4, 23929, '1003928', 'B0000802',1,'1076测试服务器','4',8,'0');
insert into V_VEHICLEINFO (ORG_CODE,VEHICLE_ID,ID_NUMBER,TYPE_ID,TERMINAL_ID,DELETE_FLAG,COLOR_ID_NUMBER_ID,AUTHORIZED_PAY_MASS) values ('B0000802','2201929', '测B03928', 4, 221929, 0, '2',15);

insert into T_SIMINFO (SIM_ID, ORG_CODE, DEPTCODE, STATE,PAY_MODLE, SIM_NUM) values(23930, 'B0000802', '中国移动', 1, '预付费', 13100003929);
insert into T_TERMINALINFO (TERMINAL_ID,TTYPE_ID,SIM_ID,TERMINAL_CODE,ORG_CODE,IS_VIDEO_TERMINAL,SP_SERVER_NAME,PROTOCOL_TYPE,CHANNELS,YT_PROTOCOL_TYPE) values(221930, 4, 23930, '1003929', 'B0000802',1,'1076测试服务器','4',8,'0');
insert into V_VEHICLEINFO (ORG_CODE,VEHICLE_ID,ID_NUMBER,TYPE_ID,TERMINAL_ID,DELETE_FLAG,COLOR_ID_NUMBER_ID,AUTHORIZED_PAY_MASS) values ('B0000802','2201930', '测B03929', 4, 221930, 0, '2',15);

insert into T_SIMINFO (SIM_ID, ORG_CODE, DEPTCODE, STATE,PAY_MODLE, SIM_NUM) values(23931, 'B0000802', '中国移动', 1, '预付费', 13100003930);
insert into T_TERMINALINFO (TERMINAL_ID,TTYPE_ID,SIM_ID,TERMINAL_CODE,ORG_CODE,IS_VIDEO_TERMINAL,SP_SERVER_NAME,PROTOCOL_TYPE,CHANNELS,YT_PROTOCOL_TYPE) values(221931, 4, 23931, '1003930', 'B0000802',1,'1076测试服务器','4',8,'0');
insert into V_VEHICLEINFO (ORG_CODE,VEHICLE_ID,ID_NUMBER,TYPE_ID,TERMINAL_ID,DELETE_FLAG,COLOR_ID_NUMBER_ID,AUTHORIZED_PAY_MASS) values ('B0000802','2201931', '测B03930', 4, 221931, 0, '2',15);

insert into T_SIMINFO (SIM_ID, ORG_CODE, DEPTCODE, STATE,PAY_MODLE, SIM_NUM) values(23932, 'B0000802', '中国移动', 1, '预付费', 13100003931);
insert into T_TERMINALINFO (TERMINAL_ID,TTYPE_ID,SIM_ID,TERMINAL_CODE,ORG_CODE,IS_VIDEO_TERMINAL,SP_SERVER_NAME,PROTOCOL_TYPE,CHANNELS,YT_PROTOCOL_TYPE) values(221932, 4, 23932, '1003931', 'B0000802',1,'1076测试服务器','4',8,'0');
insert into V_VEHICLEINFO (ORG_CODE,VEHICLE_ID,ID_NUMBER,TYPE_ID,TERMINAL_ID,DELETE_FLAG,COLOR_ID_NUMBER_ID,AUTHORIZED_PAY_MASS) values ('B0000802','2201932', '测B03931', 4, 221932, 0, '2',15);

insert into T_SIMINFO (SIM_ID, ORG_CODE, DEPTCODE, STATE,PAY_MODLE, SIM_NUM) values(23933, 'B0000802', '中国移动', 1, '预付费', 13100003932);
insert into T_TERMINALINFO (TERMINAL_ID,TTYPE_ID,SIM_ID,TERMINAL_CODE,ORG_CODE,IS_VIDEO_TERMINAL,SP_SERVER_NAME,PROTOCOL_TYPE,CHANNELS,YT_PROTOCOL_TYPE) values(221933, 4, 23933, '1003932', 'B0000802',1,'1076测试服务器','4',8,'0');
insert into V_VEHICLEINFO (ORG_CODE,VEHICLE_ID,ID_NUMBER,TYPE_ID,TERMINAL_ID,DELETE_FLAG,COLOR_ID_NUMBER_ID,AUTHORIZED_PAY_MASS) values ('B0000802','2201933', '测B03932', 4, 221933, 0, '2',15);

insert into T_SIMINFO (SIM_ID, ORG_CODE, DEPTCODE, STATE,PAY_MODLE, SIM_NUM) values(23934, 'B0000802', '中国移动', 1, '预付费', 13100003933);
insert into T_TERMINALINFO (TERMINAL_ID,TTYPE_ID,SIM_ID,TERMINAL_CODE,ORG_CODE,IS_VIDEO_TERMINAL,SP_SERVER_NAME,PROTOCOL_TYPE,CHANNELS,YT_PROTOCOL_TYPE) values(221934, 4, 23934, '1003933', 'B0000802',1,'1076测试服务器','4',8,'0');
insert into V_VEHICLEINFO (ORG_CODE,VEHICLE_ID,ID_NUMBER,TYPE_ID,TERMINAL_ID,DELETE_FLAG,COLOR_ID_NUMBER_ID,AUTHORIZED_PAY_MASS) values ('B0000802','2201934', '测B03933', 4, 221934, 0, '2',15);

insert into T_SIMINFO (SIM_ID, ORG_CODE, DEPTCODE, STATE,PAY_MODLE, SIM_NUM) values(23935, 'B0000802', '中国移动', 1, '预付费', 13100003934);
insert into T_TERMINALINFO (TERMINAL_ID,TTYPE_ID,SIM_ID,TERMINAL_CODE,ORG_CODE,IS_VIDEO_TERMINAL,SP_SERVER_NAME,PROTOCOL_TYPE,CHANNELS,YT_PROTOCOL_TYPE) values(221935, 4, 23935, '1003934', 'B0000802',1,'1076测试服务器','4',8,'0');
insert into V_VEHICLEINFO (ORG_CODE,VEHICLE_ID,ID_NUMBER,TYPE_ID,TERMINAL_ID,DELETE_FLAG,COLOR_ID_NUMBER_ID,AUTHORIZED_PAY_MASS) values ('B0000802','2201935', '测B03934', 4, 221935, 0, '2',15);

insert into T_SIMINFO (SIM_ID, ORG_CODE, DEPTCODE, STATE,PAY_MODLE, SIM_NUM) values(23936, 'B0000802', '中国移动', 1, '预付费', 13100003935);
insert into T_TERMINALINFO (TERMINAL_ID,TTYPE_ID,SIM_ID,TERMINAL_CODE,ORG_CODE,IS_VIDEO_TERMINAL,SP_SERVER_NAME,PROTOCOL_TYPE,CHANNELS,YT_PROTOCOL_TYPE) values(221936, 4, 23936, '1003935', 'B0000802',1,'1076测试服务器','4',8,'0');
insert into V_VEHICLEINFO (ORG_CODE,VEHICLE_ID,ID_NUMBER,TYPE_ID,TERMINAL_ID,DELETE_FLAG,COLOR_ID_NUMBER_ID,AUTHORIZED_PAY_MASS) values ('B0000802','2201936', '测B03935', 4, 221936, 0, '2',15);

insert into T_SIMINFO (SIM_ID, ORG_CODE, DEPTCODE, STATE,PAY_MODLE, SIM_NUM) values(23937, 'B0000802', '中国移动', 1, '预付费', 13100003936);
insert into T_TERMINALINFO (TERMINAL_ID,TTYPE_ID,SIM_ID,TERMINAL_CODE,ORG_CODE,IS_VIDEO_TERMINAL,SP_SERVER_NAME,PROTOCOL_TYPE,CHANNELS,YT_PROTOCOL_TYPE) values(221937, 4, 23937, '1003936', 'B0000802',1,'1076测试服务器','4',8,'0');
insert into V_VEHICLEINFO (ORG_CODE,VEHICLE_ID,ID_NUMBER,TYPE_ID,TERMINAL_ID,DELETE_FLAG,COLOR_ID_NUMBER_ID,AUTHORIZED_PAY_MASS) values ('B0000802','2201937', '测B03936', 4, 221937, 0, '2',15);

insert into T_SIMINFO (SIM_ID, ORG_CODE, DEPTCODE, STATE,PAY_MODLE, SIM_NUM) values(23938, 'B0000802', '中国移动', 1, '预付费', 13100003937);
insert into T_TERMINALINFO (TERMINAL_ID,TTYPE_ID,SIM_ID,TERMINAL_CODE,ORG_CODE,IS_VIDEO_TERMINAL,SP_SERVER_NAME,PROTOCOL_TYPE,CHANNELS,YT_PROTOCOL_TYPE) values(221938, 4, 23938, '1003937', 'B0000802',1,'1076测试服务器','4',8,'0');
insert into V_VEHICLEINFO (ORG_CODE,VEHICLE_ID,ID_NUMBER,TYPE_ID,TERMINAL_ID,DELETE_FLAG,COLOR_ID_NUMBER_ID,AUTHORIZED_PAY_MASS) values ('B0000802','2201938', '测B03937', 4, 221938, 0, '2',15);

insert into T_SIMINFO (SIM_ID, ORG_CODE, DEPTCODE, STATE,PAY_MODLE, SIM_NUM) values(23939, 'B0000802', '中国移动', 1, '预付费', 13100003938);
insert into T_TERMINALINFO (TERMINAL_ID,TTYPE_ID,SIM_ID,TERMINAL_CODE,ORG_CODE,IS_VIDEO_TERMINAL,SP_SERVER_NAME,PROTOCOL_TYPE,CHANNELS,YT_PROTOCOL_TYPE) values(221939, 4, 23939, '1003938', 'B0000802',1,'1076测试服务器','4',8,'0');
insert into V_VEHICLEINFO (ORG_CODE,VEHICLE_ID,ID_NUMBER,TYPE_ID,TERMINAL_ID,DELETE_FLAG,COLOR_ID_NUMBER_ID,AUTHORIZED_PAY_MASS) values ('B0000802','2201939', '测B03938', 4, 221939, 0, '2',15);

insert into T_SIMINFO (SIM_ID, ORG_CODE, DEPTCODE, STATE,PAY_MODLE, SIM_NUM) values(23940, 'B0000802', '中国移动', 1, '预付费', 13100003939);
insert into T_TERMINALINFO (TERMINAL_ID,TTYPE_ID,SIM_ID,TERMINAL_CODE,ORG_CODE,IS_VIDEO_TERMINAL,SP_SERVER_NAME,PROTOCOL_TYPE,CHANNELS,YT_PROTOCOL_TYPE) values(221940, 4, 23940, '1003939', 'B0000802',1,'1076测试服务器','4',8,'0');
insert into V_VEHICLEINFO (ORG_CODE,VEHICLE_ID,ID_NUMBER,TYPE_ID,TERMINAL_ID,DELETE_FLAG,COLOR_ID_NUMBER_ID,AUTHORIZED_PAY_MASS) values ('B0000802','2201940', '测B03939', 4, 221940, 0, '2',15);

insert into T_SIMINFO (SIM_ID, ORG_CODE, DEPTCODE, STATE,PAY_MODLE, SIM_NUM) values(23941, 'B0000802', '中国移动', 1, '预付费', 13100003940);
insert into T_TERMINALINFO (TERMINAL_ID,TTYPE_ID,SIM_ID,TERMINAL_CODE,ORG_CODE,IS_VIDEO_TERMINAL,SP_SERVER_NAME,PROTOCOL_TYPE,CHANNELS,YT_PROTOCOL_TYPE) values(221941, 4, 23941, '1003940', 'B0000802',1,'1076测试服务器','4',8,'0');
insert into V_VEHICLEINFO (ORG_CODE,VEHICLE_ID,ID_NUMBER,TYPE_ID,TERMINAL_ID,DELETE_FLAG,COLOR_ID_NUMBER_ID,AUTHORIZED_PAY_MASS) values ('B0000802','2201941', '测B03940', 4, 221941, 0, '2',15);

insert into T_SIMINFO (SIM_ID, ORG_CODE, DEPTCODE, STATE,PAY_MODLE, SIM_NUM) values(23942, 'B0000802', '中国移动', 1, '预付费', 13100003941);
insert into T_TERMINALINFO (TERMINAL_ID,TTYPE_ID,SIM_ID,TERMINAL_CODE,ORG_CODE,IS_VIDEO_TERMINAL,SP_SERVER_NAME,PROTOCOL_TYPE,CHANNELS,YT_PROTOCOL_TYPE) values(221942, 4, 23942, '1003941', 'B0000802',1,'1076测试服务器','4',8,'0');
insert into V_VEHICLEINFO (ORG_CODE,VEHICLE_ID,ID_NUMBER,TYPE_ID,TERMINAL_ID,DELETE_FLAG,COLOR_ID_NUMBER_ID,AUTHORIZED_PAY_MASS) values ('B0000802','2201942', '测B03941', 4, 221942, 0, '2',15);

insert into T_SIMINFO (SIM_ID, ORG_CODE, DEPTCODE, STATE,PAY_MODLE, SIM_NUM) values(23943, 'B0000802', '中国移动', 1, '预付费', 13100003942);
insert into T_TERMINALINFO (TERMINAL_ID,TTYPE_ID,SIM_ID,TERMINAL_CODE,ORG_CODE,IS_VIDEO_TERMINAL,SP_SERVER_NAME,PROTOCOL_TYPE,CHANNELS,YT_PROTOCOL_TYPE) values(221943, 4, 23943, '1003942', 'B0000802',1,'1076测试服务器','4',8,'0');
insert into V_VEHICLEINFO (ORG_CODE,VEHICLE_ID,ID_NUMBER,TYPE_ID,TERMINAL_ID,DELETE_FLAG,COLOR_ID_NUMBER_ID,AUTHORIZED_PAY_MASS) values ('B0000802','2201943', '测B03942', 4, 221943, 0, '2',15);

insert into T_SIMINFO (SIM_ID, ORG_CODE, DEPTCODE, STATE,PAY_MODLE, SIM_NUM) values(23944, 'B0000802', '中国移动', 1, '预付费', 13100003943);
insert into T_TERMINALINFO (TERMINAL_ID,TTYPE_ID,SIM_ID,TERMINAL_CODE,ORG_CODE,IS_VIDEO_TERMINAL,SP_SERVER_NAME,PROTOCOL_TYPE,CHANNELS,YT_PROTOCOL_TYPE) values(221944, 4, 23944, '1003943', 'B0000802',1,'1076测试服务器','4',8,'0');
insert into V_VEHICLEINFO (ORG_CODE,VEHICLE_ID,ID_NUMBER,TYPE_ID,TERMINAL_ID,DELETE_FLAG,COLOR_ID_NUMBER_ID,AUTHORIZED_PAY_MASS) values ('B0000802','2201944', '测B03943', 4, 221944, 0, '2',15);

insert into T_SIMINFO (SIM_ID, ORG_CODE, DEPTCODE, STATE,PAY_MODLE, SIM_NUM) values(23945, 'B0000802', '中国移动', 1, '预付费', 13100003944);
insert into T_TERMINALINFO (TERMINAL_ID,TTYPE_ID,SIM_ID,TERMINAL_CODE,ORG_CODE,IS_VIDEO_TERMINAL,SP_SERVER_NAME,PROTOCOL_TYPE,CHANNELS,YT_PROTOCOL_TYPE) values(221945, 4, 23945, '1003944', 'B0000802',1,'1076测试服务器','4',8,'0');
insert into V_VEHICLEINFO (ORG_CODE,VEHICLE_ID,ID_NUMBER,TYPE_ID,TERMINAL_ID,DELETE_FLAG,COLOR_ID_NUMBER_ID,AUTHORIZED_PAY_MASS) values ('B0000802','2201945', '测B03944', 4, 221945, 0, '2',15);

insert into T_SIMINFO (SIM_ID, ORG_CODE, DEPTCODE, STATE,PAY_MODLE, SIM_NUM) values(23946, 'B0000802', '中国移动', 1, '预付费', 13100003945);
insert into T_TERMINALINFO (TERMINAL_ID,TTYPE_ID,SIM_ID,TERMINAL_CODE,ORG_CODE,IS_VIDEO_TERMINAL,SP_SERVER_NAME,PROTOCOL_TYPE,CHANNELS,YT_PROTOCOL_TYPE) values(221946, 4, 23946, '1003945', 'B0000802',1,'1076测试服务器','4',8,'0');
insert into V_VEHICLEINFO (ORG_CODE,VEHICLE_ID,ID_NUMBER,TYPE_ID,TERMINAL_ID,DELETE_FLAG,COLOR_ID_NUMBER_ID,AUTHORIZED_PAY_MASS) values ('B0000802','2201946', '测B03945', 4, 221946, 0, '2',15);

insert into T_SIMINFO (SIM_ID, ORG_CODE, DEPTCODE, STATE,PAY_MODLE, SIM_NUM) values(23947, 'B0000802', '中国移动', 1, '预付费', 13100003946);
insert into T_TERMINALINFO (TERMINAL_ID,TTYPE_ID,SIM_ID,TERMINAL_CODE,ORG_CODE,IS_VIDEO_TERMINAL,SP_SERVER_NAME,PROTOCOL_TYPE,CHANNELS,YT_PROTOCOL_TYPE) values(221947, 4, 23947, '1003946', 'B0000802',1,'1076测试服务器','4',8,'0');
insert into V_VEHICLEINFO (ORG_CODE,VEHICLE_ID,ID_NUMBER,TYPE_ID,TERMINAL_ID,DELETE_FLAG,COLOR_ID_NUMBER_ID,AUTHORIZED_PAY_MASS) values ('B0000802','2201947', '测B03946', 4, 221947, 0, '2',15);

insert into T_SIMINFO (SIM_ID, ORG_CODE, DEPTCODE, STATE,PAY_MODLE, SIM_NUM) values(23948, 'B0000802', '中国移动', 1, '预付费', 13100003947);
insert into T_TERMINALINFO (TERMINAL_ID,TTYPE_ID,SIM_ID,TERMINAL_CODE,ORG_CODE,IS_VIDEO_TERMINAL,SP_SERVER_NAME,PROTOCOL_TYPE,CHANNELS,YT_PROTOCOL_TYPE) values(221948, 4, 23948, '1003947', 'B0000802',1,'1076测试服务器','4',8,'0');
insert into V_VEHICLEINFO (ORG_CODE,VEHICLE_ID,ID_NUMBER,TYPE_ID,TERMINAL_ID,DELETE_FLAG,COLOR_ID_NUMBER_ID,AUTHORIZED_PAY_MASS) values ('B0000802','2201948', '测B03947', 4, 221948, 0, '2',15);

insert into T_SIMINFO (SIM_ID, ORG_CODE, DEPTCODE, STATE,PAY_MODLE, SIM_NUM) values(23949, 'B0000802', '中国移动', 1, '预付费', 13100003948);
insert into T_TERMINALINFO (TERMINAL_ID,TTYPE_ID,SIM_ID,TERMINAL_CODE,ORG_CODE,IS_VIDEO_TERMINAL,SP_SERVER_NAME,PROTOCOL_TYPE,CHANNELS,YT_PROTOCOL_TYPE) values(221949, 4, 23949, '1003948', 'B0000802',1,'1076测试服务器','4',8,'0');
insert into V_VEHICLEINFO (ORG_CODE,VEHICLE_ID,ID_NUMBER,TYPE_ID,TERMINAL_ID,DELETE_FLAG,COLOR_ID_NUMBER_ID,AUTHORIZED_PAY_MASS) values ('B0000802','2201949', '测B03948', 4, 221949, 0, '2',15);

insert into T_SIMINFO (SIM_ID, ORG_CODE, DEPTCODE, STATE,PAY_MODLE, SIM_NUM) values(23950, 'B0000802', '中国移动', 1, '预付费', 13100003949);
insert into T_TERMINALINFO (TERMINAL_ID,TTYPE_ID,SIM_ID,TERMINAL_CODE,ORG_CODE,IS_VIDEO_TERMINAL,SP_SERVER_NAME,PROTOCOL_TYPE,CHANNELS,YT_PROTOCOL_TYPE) values(221950, 4, 23950, '1003949', 'B0000802',1,'1076测试服务器','4',8,'0');
insert into V_VEHICLEINFO (ORG_CODE,VEHICLE_ID,ID_NUMBER,TYPE_ID,TERMINAL_ID,DELETE_FLAG,COLOR_ID_NUMBER_ID,AUTHORIZED_PAY_MASS) values ('B0000802','2201950', '测B03949', 4, 221950, 0, '2',15);

insert into T_SIMINFO (SIM_ID, ORG_CODE, DEPTCODE, STATE,PAY_MODLE, SIM_NUM) values(23951, 'B0000802', '中国移动', 1, '预付费', 13100003950);
insert into T_TERMINALINFO (TERMINAL_ID,TTYPE_ID,SIM_ID,TERMINAL_CODE,ORG_CODE,IS_VIDEO_TERMINAL,SP_SERVER_NAME,PROTOCOL_TYPE,CHANNELS,YT_PROTOCOL_TYPE) values(221951, 4, 23951, '1003950', 'B0000802',1,'1076测试服务器','4',8,'0');
insert into V_VEHICLEINFO (ORG_CODE,VEHICLE_ID,ID_NUMBER,TYPE_ID,TERMINAL_ID,DELETE_FLAG,COLOR_ID_NUMBER_ID,AUTHORIZED_PAY_MASS) values ('B0000802','2201951', '测B03950', 4, 221951, 0, '2',15);

insert into T_SIMINFO (SIM_ID, ORG_CODE, DEPTCODE, STATE,PAY_MODLE, SIM_NUM) values(23952, 'B0000802', '中国移动', 1, '预付费', 13100003951);
insert into T_TERMINALINFO (TERMINAL_ID,TTYPE_ID,SIM_ID,TERMINAL_CODE,ORG_CODE,IS_VIDEO_TERMINAL,SP_SERVER_NAME,PROTOCOL_TYPE,CHANNELS,YT_PROTOCOL_TYPE) values(221952, 4, 23952, '1003951', 'B0000802',1,'1076测试服务器','4',8,'0');
insert into V_VEHICLEINFO (ORG_CODE,VEHICLE_ID,ID_NUMBER,TYPE_ID,TERMINAL_ID,DELETE_FLAG,COLOR_ID_NUMBER_ID,AUTHORIZED_PAY_MASS) values ('B0000802','2201952', '测B03951', 4, 221952, 0, '2',15);

insert into T_SIMINFO (SIM_ID, ORG_CODE, DEPTCODE, STATE,PAY_MODLE, SIM_NUM) values(23953, 'B0000802', '中国移动', 1, '预付费', 13100003952);
insert into T_TERMINALINFO (TERMINAL_ID,TTYPE_ID,SIM_ID,TERMINAL_CODE,ORG_CODE,IS_VIDEO_TERMINAL,SP_SERVER_NAME,PROTOCOL_TYPE,CHANNELS,YT_PROTOCOL_TYPE) values(221953, 4, 23953, '1003952', 'B0000802',1,'1076测试服务器','4',8,'0');
insert into V_VEHICLEINFO (ORG_CODE,VEHICLE_ID,ID_NUMBER,TYPE_ID,TERMINAL_ID,DELETE_FLAG,COLOR_ID_NUMBER_ID,AUTHORIZED_PAY_MASS) values ('B0000802','2201953', '测B03952', 4, 221953, 0, '2',15);

insert into T_SIMINFO (SIM_ID, ORG_CODE, DEPTCODE, STATE,PAY_MODLE, SIM_NUM) values(23954, 'B0000802', '中国移动', 1, '预付费', 13100003953);
insert into T_TERMINALINFO (TERMINAL_ID,TTYPE_ID,SIM_ID,TERMINAL_CODE,ORG_CODE,IS_VIDEO_TERMINAL,SP_SERVER_NAME,PROTOCOL_TYPE,CHANNELS,YT_PROTOCOL_TYPE) values(221954, 4, 23954, '1003953', 'B0000802',1,'1076测试服务器','4',8,'0');
insert into V_VEHICLEINFO (ORG_CODE,VEHICLE_ID,ID_NUMBER,TYPE_ID,TERMINAL_ID,DELETE_FLAG,COLOR_ID_NUMBER_ID,AUTHORIZED_PAY_MASS) values ('B0000802','2201954', '测B03953', 4, 221954, 0, '2',15);

insert into T_SIMINFO (SIM_ID, ORG_CODE, DEPTCODE, STATE,PAY_MODLE, SIM_NUM) values(23955, 'B0000802', '中国移动', 1, '预付费', 13100003954);
insert into T_TERMINALINFO (TERMINAL_ID,TTYPE_ID,SIM_ID,TERMINAL_CODE,ORG_CODE,IS_VIDEO_TERMINAL,SP_SERVER_NAME,PROTOCOL_TYPE,CHANNELS,YT_PROTOCOL_TYPE) values(221955, 4, 23955, '1003954', 'B0000802',1,'1076测试服务器','4',8,'0');
insert into V_VEHICLEINFO (ORG_CODE,VEHICLE_ID,ID_NUMBER,TYPE_ID,TERMINAL_ID,DELETE_FLAG,COLOR_ID_NUMBER_ID,AUTHORIZED_PAY_MASS) values ('B0000802','2201955', '测B03954', 4, 221955, 0, '2',15);

insert into T_SIMINFO (SIM_ID, ORG_CODE, DEPTCODE, STATE,PAY_MODLE, SIM_NUM) values(23956, 'B0000802', '中国移动', 1, '预付费', 13100003955);
insert into T_TERMINALINFO (TERMINAL_ID,TTYPE_ID,SIM_ID,TERMINAL_CODE,ORG_CODE,IS_VIDEO_TERMINAL,SP_SERVER_NAME,PROTOCOL_TYPE,CHANNELS,YT_PROTOCOL_TYPE) values(221956, 4, 23956, '1003955', 'B0000802',1,'1076测试服务器','4',8,'0');
insert into V_VEHICLEINFO (ORG_CODE,VEHICLE_ID,ID_NUMBER,TYPE_ID,TERMINAL_ID,DELETE_FLAG,COLOR_ID_NUMBER_ID,AUTHORIZED_PAY_MASS) values ('B0000802','2201956', '测B03955', 4, 221956, 0, '2',15);

insert into T_SIMINFO (SIM_ID, ORG_CODE, DEPTCODE, STATE,PAY_MODLE, SIM_NUM) values(23957, 'B0000802', '中国移动', 1, '预付费', 13100003956);
insert into T_TERMINALINFO (TERMINAL_ID,TTYPE_ID,SIM_ID,TERMINAL_CODE,ORG_CODE,IS_VIDEO_TERMINAL,SP_SERVER_NAME,PROTOCOL_TYPE,CHANNELS,YT_PROTOCOL_TYPE) values(221957, 4, 23957, '1003956', 'B0000802',1,'1076测试服务器','4',8,'0');
insert into V_VEHICLEINFO (ORG_CODE,VEHICLE_ID,ID_NUMBER,TYPE_ID,TERMINAL_ID,DELETE_FLAG,COLOR_ID_NUMBER_ID,AUTHORIZED_PAY_MASS) values ('B0000802','2201957', '测B03956', 4, 221957, 0, '2',15);

insert into T_SIMINFO (SIM_ID, ORG_CODE, DEPTCODE, STATE,PAY_MODLE, SIM_NUM) values(23958, 'B0000802', '中国移动', 1, '预付费', 13100003957);
insert into T_TERMINALINFO (TERMINAL_ID,TTYPE_ID,SIM_ID,TERMINAL_CODE,ORG_CODE,IS_VIDEO_TERMINAL,SP_SERVER_NAME,PROTOCOL_TYPE,CHANNELS,YT_PROTOCOL_TYPE) values(221958, 4, 23958, '1003957', 'B0000802',1,'1076测试服务器','4',8,'0');
insert into V_VEHICLEINFO (ORG_CODE,VEHICLE_ID,ID_NUMBER,TYPE_ID,TERMINAL_ID,DELETE_FLAG,COLOR_ID_NUMBER_ID,AUTHORIZED_PAY_MASS) values ('B0000802','2201958', '测B03957', 4, 221958, 0, '2',15);

insert into T_SIMINFO (SIM_ID, ORG_CODE, DEPTCODE, STATE,PAY_MODLE, SIM_NUM) values(23959, 'B0000802', '中国移动', 1, '预付费', 13100003958);
insert into T_TERMINALINFO (TERMINAL_ID,TTYPE_ID,SIM_ID,TERMINAL_CODE,ORG_CODE,IS_VIDEO_TERMINAL,SP_SERVER_NAME,PROTOCOL_TYPE,CHANNELS,YT_PROTOCOL_TYPE) values(221959, 4, 23959, '1003958', 'B0000802',1,'1076测试服务器','4',8,'0');
insert into V_VEHICLEINFO (ORG_CODE,VEHICLE_ID,ID_NUMBER,TYPE_ID,TERMINAL_ID,DELETE_FLAG,COLOR_ID_NUMBER_ID,AUTHORIZED_PAY_MASS) values ('B0000802','2201959', '测B03958', 4, 221959, 0, '2',15);

insert into T_SIMINFO (SIM_ID, ORG_CODE, DEPTCODE, STATE,PAY_MODLE, SIM_NUM) values(23960, 'B0000802', '中国移动', 1, '预付费', 13100003959);
insert into T_TERMINALINFO (TERMINAL_ID,TTYPE_ID,SIM_ID,TERMINAL_CODE,ORG_CODE,IS_VIDEO_TERMINAL,SP_SERVER_NAME,PROTOCOL_TYPE,CHANNELS,YT_PROTOCOL_TYPE) values(221960, 4, 23960, '1003959', 'B0000802',1,'1076测试服务器','4',8,'0');
insert into V_VEHICLEINFO (ORG_CODE,VEHICLE_ID,ID_NUMBER,TYPE_ID,TERMINAL_ID,DELETE_FLAG,COLOR_ID_NUMBER_ID,AUTHORIZED_PAY_MASS) values ('B0000802','2201960', '测B03959', 4, 221960, 0, '2',15);

insert into T_SIMINFO (SIM_ID, ORG_CODE, DEPTCODE, STATE,PAY_MODLE, SIM_NUM) values(23961, 'B0000802', '中国移动', 1, '预付费', 13100003960);
insert into T_TERMINALINFO (TERMINAL_ID,TTYPE_ID,SIM_ID,TERMINAL_CODE,ORG_CODE,IS_VIDEO_TERMINAL,SP_SERVER_NAME,PROTOCOL_TYPE,CHANNELS,YT_PROTOCOL_TYPE) values(221961, 4, 23961, '1003960', 'B0000802',1,'1076测试服务器','4',8,'0');
insert into V_VEHICLEINFO (ORG_CODE,VEHICLE_ID,ID_NUMBER,TYPE_ID,TERMINAL_ID,DELETE_FLAG,COLOR_ID_NUMBER_ID,AUTHORIZED_PAY_MASS) values ('B0000802','2201961', '测B03960', 4, 221961, 0, '2',15);

insert into T_SIMINFO (SIM_ID, ORG_CODE, DEPTCODE, STATE,PAY_MODLE, SIM_NUM) values(23962, 'B0000802', '中国移动', 1, '预付费', 13100003961);
insert into T_TERMINALINFO (TERMINAL_ID,TTYPE_ID,SIM_ID,TERMINAL_CODE,ORG_CODE,IS_VIDEO_TERMINAL,SP_SERVER_NAME,PROTOCOL_TYPE,CHANNELS,YT_PROTOCOL_TYPE) values(221962, 4, 23962, '1003961', 'B0000802',1,'1076测试服务器','4',8,'0');
insert into V_VEHICLEINFO (ORG_CODE,VEHICLE_ID,ID_NUMBER,TYPE_ID,TERMINAL_ID,DELETE_FLAG,COLOR_ID_NUMBER_ID,AUTHORIZED_PAY_MASS) values ('B0000802','2201962', '测B03961', 4, 221962, 0, '2',15);

insert into T_SIMINFO (SIM_ID, ORG_CODE, DEPTCODE, STATE,PAY_MODLE, SIM_NUM) values(23963, 'B0000802', '中国移动', 1, '预付费', 13100003962);
insert into T_TERMINALINFO (TERMINAL_ID,TTYPE_ID,SIM_ID,TERMINAL_CODE,ORG_CODE,IS_VIDEO_TERMINAL,SP_SERVER_NAME,PROTOCOL_TYPE,CHANNELS,YT_PROTOCOL_TYPE) values(221963, 4, 23963, '1003962', 'B0000802',1,'1076测试服务器','4',8,'0');
insert into V_VEHICLEINFO (ORG_CODE,VEHICLE_ID,ID_NUMBER,TYPE_ID,TERMINAL_ID,DELETE_FLAG,COLOR_ID_NUMBER_ID,AUTHORIZED_PAY_MASS) values ('B0000802','2201963', '测B03962', 4, 221963, 0, '2',15);

insert into T_SIMINFO (SIM_ID, ORG_CODE, DEPTCODE, STATE,PAY_MODLE, SIM_NUM) values(23964, 'B0000802', '中国移动', 1, '预付费', 13100003963);
insert into T_TERMINALINFO (TERMINAL_ID,TTYPE_ID,SIM_ID,TERMINAL_CODE,ORG_CODE,IS_VIDEO_TERMINAL,SP_SERVER_NAME,PROTOCOL_TYPE,CHANNELS,YT_PROTOCOL_TYPE) values(221964, 4, 23964, '1003963', 'B0000802',1,'1076测试服务器','4',8,'0');
insert into V_VEHICLEINFO (ORG_CODE,VEHICLE_ID,ID_NUMBER,TYPE_ID,TERMINAL_ID,DELETE_FLAG,COLOR_ID_NUMBER_ID,AUTHORIZED_PAY_MASS) values ('B0000802','2201964', '测B03963', 4, 221964, 0, '2',15);

insert into T_SIMINFO (SIM_ID, ORG_CODE, DEPTCODE, STATE,PAY_MODLE, SIM_NUM) values(23965, 'B0000802', '中国移动', 1, '预付费', 13100003964);
insert into T_TERMINALINFO (TERMINAL_ID,TTYPE_ID,SIM_ID,TERMINAL_CODE,ORG_CODE,IS_VIDEO_TERMINAL,SP_SERVER_NAME,PROTOCOL_TYPE,CHANNELS,YT_PROTOCOL_TYPE) values(221965, 4, 23965, '1003964', 'B0000802',1,'1076测试服务器','4',8,'0');
insert into V_VEHICLEINFO (ORG_CODE,VEHICLE_ID,ID_NUMBER,TYPE_ID,TERMINAL_ID,DELETE_FLAG,COLOR_ID_NUMBER_ID,AUTHORIZED_PAY_MASS) values ('B0000802','2201965', '测B03964', 4, 221965, 0, '2',15);

insert into T_SIMINFO (SIM_ID, ORG_CODE, DEPTCODE, STATE,PAY_MODLE, SIM_NUM) values(23966, 'B0000802', '中国移动', 1, '预付费', 13100003965);
insert into T_TERMINALINFO (TERMINAL_ID,TTYPE_ID,SIM_ID,TERMINAL_CODE,ORG_CODE,IS_VIDEO_TERMINAL,SP_SERVER_NAME,PROTOCOL_TYPE,CHANNELS,YT_PROTOCOL_TYPE) values(221966, 4, 23966, '1003965', 'B0000802',1,'1076测试服务器','4',8,'0');
insert into V_VEHICLEINFO (ORG_CODE,VEHICLE_ID,ID_NUMBER,TYPE_ID,TERMINAL_ID,DELETE_FLAG,COLOR_ID_NUMBER_ID,AUTHORIZED_PAY_MASS) values ('B0000802','2201966', '测B03965', 4, 221966, 0, '2',15);

insert into T_SIMINFO (SIM_ID, ORG_CODE, DEPTCODE, STATE,PAY_MODLE, SIM_NUM) values(23967, 'B0000802', '中国移动', 1, '预付费', 13100003966);
insert into T_TERMINALINFO (TERMINAL_ID,TTYPE_ID,SIM_ID,TERMINAL_CODE,ORG_CODE,IS_VIDEO_TERMINAL,SP_SERVER_NAME,PROTOCOL_TYPE,CHANNELS,YT_PROTOCOL_TYPE) values(221967, 4, 23967, '1003966', 'B0000802',1,'1076测试服务器','4',8,'0');
insert into V_VEHICLEINFO (ORG_CODE,VEHICLE_ID,ID_NUMBER,TYPE_ID,TERMINAL_ID,DELETE_FLAG,COLOR_ID_NUMBER_ID,AUTHORIZED_PAY_MASS) values ('B0000802','2201967', '测B03966', 4, 221967, 0, '2',15);

insert into T_SIMINFO (SIM_ID, ORG_CODE, DEPTCODE, STATE,PAY_MODLE, SIM_NUM) values(23968, 'B0000802', '中国移动', 1, '预付费', 13100003967);
insert into T_TERMINALINFO (TERMINAL_ID,TTYPE_ID,SIM_ID,TERMINAL_CODE,ORG_CODE,IS_VIDEO_TERMINAL,SP_SERVER_NAME,PROTOCOL_TYPE,CHANNELS,YT_PROTOCOL_TYPE) values(221968, 4, 23968, '1003967', 'B0000802',1,'1076测试服务器','4',8,'0');
insert into V_VEHICLEINFO (ORG_CODE,VEHICLE_ID,ID_NUMBER,TYPE_ID,TERMINAL_ID,DELETE_FLAG,COLOR_ID_NUMBER_ID,AUTHORIZED_PAY_MASS) values ('B0000802','2201968', '测B03967', 4, 221968, 0, '2',15);

insert into T_SIMINFO (SIM_ID, ORG_CODE, DEPTCODE, STATE,PAY_MODLE, SIM_NUM) values(23969, 'B0000802', '中国移动', 1, '预付费', 13100003968);
insert into T_TERMINALINFO (TERMINAL_ID,TTYPE_ID,SIM_ID,TERMINAL_CODE,ORG_CODE,IS_VIDEO_TERMINAL,SP_SERVER_NAME,PROTOCOL_TYPE,CHANNELS,YT_PROTOCOL_TYPE) values(221969, 4, 23969, '1003968', 'B0000802',1,'1076测试服务器','4',8,'0');
insert into V_VEHICLEINFO (ORG_CODE,VEHICLE_ID,ID_NUMBER,TYPE_ID,TERMINAL_ID,DELETE_FLAG,COLOR_ID_NUMBER_ID,AUTHORIZED_PAY_MASS) values ('B0000802','2201969', '测B03968', 4, 221969, 0, '2',15);

insert into T_SIMINFO (SIM_ID, ORG_CODE, DEPTCODE, STATE,PAY_MODLE, SIM_NUM) values(23970, 'B0000802', '中国移动', 1, '预付费', 13100003969);
insert into T_TERMINALINFO (TERMINAL_ID,TTYPE_ID,SIM_ID,TERMINAL_CODE,ORG_CODE,IS_VIDEO_TERMINAL,SP_SERVER_NAME,PROTOCOL_TYPE,CHANNELS,YT_PROTOCOL_TYPE) values(221970, 4, 23970, '1003969', 'B0000802',1,'1076测试服务器','4',8,'0');
insert into V_VEHICLEINFO (ORG_CODE,VEHICLE_ID,ID_NUMBER,TYPE_ID,TERMINAL_ID,DELETE_FLAG,COLOR_ID_NUMBER_ID,AUTHORIZED_PAY_MASS) values ('B0000802','2201970', '测B03969', 4, 221970, 0, '2',15);

insert into T_SIMINFO (SIM_ID, ORG_CODE, DEPTCODE, STATE,PAY_MODLE, SIM_NUM) values(23971, 'B0000802', '中国移动', 1, '预付费', 13100003970);
insert into T_TERMINALINFO (TERMINAL_ID,TTYPE_ID,SIM_ID,TERMINAL_CODE,ORG_CODE,IS_VIDEO_TERMINAL,SP_SERVER_NAME,PROTOCOL_TYPE,CHANNELS,YT_PROTOCOL_TYPE) values(221971, 4, 23971, '1003970', 'B0000802',1,'1076测试服务器','4',8,'0');
insert into V_VEHICLEINFO (ORG_CODE,VEHICLE_ID,ID_NUMBER,TYPE_ID,TERMINAL_ID,DELETE_FLAG,COLOR_ID_NUMBER_ID,AUTHORIZED_PAY_MASS) values ('B0000802','2201971', '测B03970', 4, 221971, 0, '2',15);

insert into T_SIMINFO (SIM_ID, ORG_CODE, DEPTCODE, STATE,PAY_MODLE, SIM_NUM) values(23972, 'B0000802', '中国移动', 1, '预付费', 13100003971);
insert into T_TERMINALINFO (TERMINAL_ID,TTYPE_ID,SIM_ID,TERMINAL_CODE,ORG_CODE,IS_VIDEO_TERMINAL,SP_SERVER_NAME,PROTOCOL_TYPE,CHANNELS,YT_PROTOCOL_TYPE) values(221972, 4, 23972, '1003971', 'B0000802',1,'1076测试服务器','4',8,'0');
insert into V_VEHICLEINFO (ORG_CODE,VEHICLE_ID,ID_NUMBER,TYPE_ID,TERMINAL_ID,DELETE_FLAG,COLOR_ID_NUMBER_ID,AUTHORIZED_PAY_MASS) values ('B0000802','2201972', '测B03971', 4, 221972, 0, '2',15);

insert into T_SIMINFO (SIM_ID, ORG_CODE, DEPTCODE, STATE,PAY_MODLE, SIM_NUM) values(23973, 'B0000802', '中国移动', 1, '预付费', 13100003972);
insert into T_TERMINALINFO (TERMINAL_ID,TTYPE_ID,SIM_ID,TERMINAL_CODE,ORG_CODE,IS_VIDEO_TERMINAL,SP_SERVER_NAME,PROTOCOL_TYPE,CHANNELS,YT_PROTOCOL_TYPE) values(221973, 4, 23973, '1003972', 'B0000802',1,'1076测试服务器','4',8,'0');
insert into V_VEHICLEINFO (ORG_CODE,VEHICLE_ID,ID_NUMBER,TYPE_ID,TERMINAL_ID,DELETE_FLAG,COLOR_ID_NUMBER_ID,AUTHORIZED_PAY_MASS) values ('B0000802','2201973', '测B03972', 4, 221973, 0, '2',15);

insert into T_SIMINFO (SIM_ID, ORG_CODE, DEPTCODE, STATE,PAY_MODLE, SIM_NUM) values(23974, 'B0000802', '中国移动', 1, '预付费', 13100003973);
insert into T_TERMINALINFO (TERMINAL_ID,TTYPE_ID,SIM_ID,TERMINAL_CODE,ORG_CODE,IS_VIDEO_TERMINAL,SP_SERVER_NAME,PROTOCOL_TYPE,CHANNELS,YT_PROTOCOL_TYPE) values(221974, 4, 23974, '1003973', 'B0000802',1,'1076测试服务器','4',8,'0');
insert into V_VEHICLEINFO (ORG_CODE,VEHICLE_ID,ID_NUMBER,TYPE_ID,TERMINAL_ID,DELETE_FLAG,COLOR_ID_NUMBER_ID,AUTHORIZED_PAY_MASS) values ('B0000802','2201974', '测B03973', 4, 221974, 0, '2',15);

insert into T_SIMINFO (SIM_ID, ORG_CODE, DEPTCODE, STATE,PAY_MODLE, SIM_NUM) values(23975, 'B0000802', '中国移动', 1, '预付费', 13100003974);
insert into T_TERMINALINFO (TERMINAL_ID,TTYPE_ID,SIM_ID,TERMINAL_CODE,ORG_CODE,IS_VIDEO_TERMINAL,SP_SERVER_NAME,PROTOCOL_TYPE,CHANNELS,YT_PROTOCOL_TYPE) values(221975, 4, 23975, '1003974', 'B0000802',1,'1076测试服务器','4',8,'0');
insert into V_VEHICLEINFO (ORG_CODE,VEHICLE_ID,ID_NUMBER,TYPE_ID,TERMINAL_ID,DELETE_FLAG,COLOR_ID_NUMBER_ID,AUTHORIZED_PAY_MASS) values ('B0000802','2201975', '测B03974', 4, 221975, 0, '2',15);

insert into T_SIMINFO (SIM_ID, ORG_CODE, DEPTCODE, STATE,PAY_MODLE, SIM_NUM) values(23976, 'B0000802', '中国移动', 1, '预付费', 13100003975);
insert into T_TERMINALINFO (TERMINAL_ID,TTYPE_ID,SIM_ID,TERMINAL_CODE,ORG_CODE,IS_VIDEO_TERMINAL,SP_SERVER_NAME,PROTOCOL_TYPE,CHANNELS,YT_PROTOCOL_TYPE) values(221976, 4, 23976, '1003975', 'B0000802',1,'1076测试服务器','4',8,'0');
insert into V_VEHICLEINFO (ORG_CODE,VEHICLE_ID,ID_NUMBER,TYPE_ID,TERMINAL_ID,DELETE_FLAG,COLOR_ID_NUMBER_ID,AUTHORIZED_PAY_MASS) values ('B0000802','2201976', '测B03975', 4, 221976, 0, '2',15);

insert into T_SIMINFO (SIM_ID, ORG_CODE, DEPTCODE, STATE,PAY_MODLE, SIM_NUM) values(23977, 'B0000802', '中国移动', 1, '预付费', 13100003976);
insert into T_TERMINALINFO (TERMINAL_ID,TTYPE_ID,SIM_ID,TERMINAL_CODE,ORG_CODE,IS_VIDEO_TERMINAL,SP_SERVER_NAME,PROTOCOL_TYPE,CHANNELS,YT_PROTOCOL_TYPE) values(221977, 4, 23977, '1003976', 'B0000802',1,'1076测试服务器','4',8,'0');
insert into V_VEHICLEINFO (ORG_CODE,VEHICLE_ID,ID_NUMBER,TYPE_ID,TERMINAL_ID,DELETE_FLAG,COLOR_ID_NUMBER_ID,AUTHORIZED_PAY_MASS) values ('B0000802','2201977', '测B03976', 4, 221977, 0, '2',15);

insert into T_SIMINFO (SIM_ID, ORG_CODE, DEPTCODE, STATE,PAY_MODLE, SIM_NUM) values(23978, 'B0000802', '中国移动', 1, '预付费', 13100003977);
insert into T_TERMINALINFO (TERMINAL_ID,TTYPE_ID,SIM_ID,TERMINAL_CODE,ORG_CODE,IS_VIDEO_TERMINAL,SP_SERVER_NAME,PROTOCOL_TYPE,CHANNELS,YT_PROTOCOL_TYPE) values(221978, 4, 23978, '1003977', 'B0000802',1,'1076测试服务器','4',8,'0');
insert into V_VEHICLEINFO (ORG_CODE,VEHICLE_ID,ID_NUMBER,TYPE_ID,TERMINAL_ID,DELETE_FLAG,COLOR_ID_NUMBER_ID,AUTHORIZED_PAY_MASS) values ('B0000802','2201978', '测B03977', 4, 221978, 0, '2',15);

insert into T_SIMINFO (SIM_ID, ORG_CODE, DEPTCODE, STATE,PAY_MODLE, SIM_NUM) values(23979, 'B0000802', '中国移动', 1, '预付费', 13100003978);
insert into T_TERMINALINFO (TERMINAL_ID,TTYPE_ID,SIM_ID,TERMINAL_CODE,ORG_CODE,IS_VIDEO_TERMINAL,SP_SERVER_NAME,PROTOCOL_TYPE,CHANNELS,YT_PROTOCOL_TYPE) values(221979, 4, 23979, '1003978', 'B0000802',1,'1076测试服务器','4',8,'0');
insert into V_VEHICLEINFO (ORG_CODE,VEHICLE_ID,ID_NUMBER,TYPE_ID,TERMINAL_ID,DELETE_FLAG,COLOR_ID_NUMBER_ID,AUTHORIZED_PAY_MASS) values ('B0000802','2201979', '测B03978', 4, 221979, 0, '2',15);

insert into T_SIMINFO (SIM_ID, ORG_CODE, DEPTCODE, STATE,PAY_MODLE, SIM_NUM) values(23980, 'B0000802', '中国移动', 1, '预付费', 13100003979);
insert into T_TERMINALINFO (TERMINAL_ID,TTYPE_ID,SIM_ID,TERMINAL_CODE,ORG_CODE,IS_VIDEO_TERMINAL,SP_SERVER_NAME,PROTOCOL_TYPE,CHANNELS,YT_PROTOCOL_TYPE) values(221980, 4, 23980, '1003979', 'B0000802',1,'1076测试服务器','4',8,'0');
insert into V_VEHICLEINFO (ORG_CODE,VEHICLE_ID,ID_NUMBER,TYPE_ID,TERMINAL_ID,DELETE_FLAG,COLOR_ID_NUMBER_ID,AUTHORIZED_PAY_MASS) values ('B0000802','2201980', '测B03979', 4, 221980, 0, '2',15);

insert into T_SIMINFO (SIM_ID, ORG_CODE, DEPTCODE, STATE,PAY_MODLE, SIM_NUM) values(23981, 'B0000802', '中国移动', 1, '预付费', 13100003980);
insert into T_TERMINALINFO (TERMINAL_ID,TTYPE_ID,SIM_ID,TERMINAL_CODE,ORG_CODE,IS_VIDEO_TERMINAL,SP_SERVER_NAME,PROTOCOL_TYPE,CHANNELS,YT_PROTOCOL_TYPE) values(221981, 4, 23981, '1003980', 'B0000802',1,'1076测试服务器','4',8,'0');
insert into V_VEHICLEINFO (ORG_CODE,VEHICLE_ID,ID_NUMBER,TYPE_ID,TERMINAL_ID,DELETE_FLAG,COLOR_ID_NUMBER_ID,AUTHORIZED_PAY_MASS) values ('B0000802','2201981', '测B03980', 4, 221981, 0, '2',15);

insert into T_SIMINFO (SIM_ID, ORG_CODE, DEPTCODE, STATE,PAY_MODLE, SIM_NUM) values(23982, 'B0000802', '中国移动', 1, '预付费', 13100003981);
insert into T_TERMINALINFO (TERMINAL_ID,TTYPE_ID,SIM_ID,TERMINAL_CODE,ORG_CODE,IS_VIDEO_TERMINAL,SP_SERVER_NAME,PROTOCOL_TYPE,CHANNELS,YT_PROTOCOL_TYPE) values(221982, 4, 23982, '1003981', 'B0000802',1,'1076测试服务器','4',8,'0');
insert into V_VEHICLEINFO (ORG_CODE,VEHICLE_ID,ID_NUMBER,TYPE_ID,TERMINAL_ID,DELETE_FLAG,COLOR_ID_NUMBER_ID,AUTHORIZED_PAY_MASS) values ('B0000802','2201982', '测B03981', 4, 221982, 0, '2',15);

insert into T_SIMINFO (SIM_ID, ORG_CODE, DEPTCODE, STATE,PAY_MODLE, SIM_NUM) values(23983, 'B0000802', '中国移动', 1, '预付费', 13100003982);
insert into T_TERMINALINFO (TERMINAL_ID,TTYPE_ID,SIM_ID,TERMINAL_CODE,ORG_CODE,IS_VIDEO_TERMINAL,SP_SERVER_NAME,PROTOCOL_TYPE,CHANNELS,YT_PROTOCOL_TYPE) values(221983, 4, 23983, '1003982', 'B0000802',1,'1076测试服务器','4',8,'0');
insert into V_VEHICLEINFO (ORG_CODE,VEHICLE_ID,ID_NUMBER,TYPE_ID,TERMINAL_ID,DELETE_FLAG,COLOR_ID_NUMBER_ID,AUTHORIZED_PAY_MASS) values ('B0000802','2201983', '测B03982', 4, 221983, 0, '2',15);

insert into T_SIMINFO (SIM_ID, ORG_CODE, DEPTCODE, STATE,PAY_MODLE, SIM_NUM) values(23984, 'B0000802', '中国移动', 1, '预付费', 13100003983);
insert into T_TERMINALINFO (TERMINAL_ID,TTYPE_ID,SIM_ID,TERMINAL_CODE,ORG_CODE,IS_VIDEO_TERMINAL,SP_SERVER_NAME,PROTOCOL_TYPE,CHANNELS,YT_PROTOCOL_TYPE) values(221984, 4, 23984, '1003983', 'B0000802',1,'1076测试服务器','4',8,'0');
insert into V_VEHICLEINFO (ORG_CODE,VEHICLE_ID,ID_NUMBER,TYPE_ID,TERMINAL_ID,DELETE_FLAG,COLOR_ID_NUMBER_ID,AUTHORIZED_PAY_MASS) values ('B0000802','2201984', '测B03983', 4, 221984, 0, '2',15);

insert into T_SIMINFO (SIM_ID, ORG_CODE, DEPTCODE, STATE,PAY_MODLE, SIM_NUM) values(23985, 'B0000802', '中国移动', 1, '预付费', 13100003984);
insert into T_TERMINALINFO (TERMINAL_ID,TTYPE_ID,SIM_ID,TERMINAL_CODE,ORG_CODE,IS_VIDEO_TERMINAL,SP_SERVER_NAME,PROTOCOL_TYPE,CHANNELS,YT_PROTOCOL_TYPE) values(221985, 4, 23985, '1003984', 'B0000802',1,'1076测试服务器','4',8,'0');
insert into V_VEHICLEINFO (ORG_CODE,VEHICLE_ID,ID_NUMBER,TYPE_ID,TERMINAL_ID,DELETE_FLAG,COLOR_ID_NUMBER_ID,AUTHORIZED_PAY_MASS) values ('B0000802','2201985', '测B03984', 4, 221985, 0, '2',15);

insert into T_SIMINFO (SIM_ID, ORG_CODE, DEPTCODE, STATE,PAY_MODLE, SIM_NUM) values(23986, 'B0000802', '中国移动', 1, '预付费', 13100003985);
insert into T_TERMINALINFO (TERMINAL_ID,TTYPE_ID,SIM_ID,TERMINAL_CODE,ORG_CODE,IS_VIDEO_TERMINAL,SP_SERVER_NAME,PROTOCOL_TYPE,CHANNELS,YT_PROTOCOL_TYPE) values(221986, 4, 23986, '1003985', 'B0000802',1,'1076测试服务器','4',8,'0');
insert into V_VEHICLEINFO (ORG_CODE,VEHICLE_ID,ID_NUMBER,TYPE_ID,TERMINAL_ID,DELETE_FLAG,COLOR_ID_NUMBER_ID,AUTHORIZED_PAY_MASS) values ('B0000802','2201986', '测B03985', 4, 221986, 0, '2',15);

insert into T_SIMINFO (SIM_ID, ORG_CODE, DEPTCODE, STATE,PAY_MODLE, SIM_NUM) values(23987, 'B0000802', '中国移动', 1, '预付费', 13100003986);
insert into T_TERMINALINFO (TERMINAL_ID,TTYPE_ID,SIM_ID,TERMINAL_CODE,ORG_CODE,IS_VIDEO_TERMINAL,SP_SERVER_NAME,PROTOCOL_TYPE,CHANNELS,YT_PROTOCOL_TYPE) values(221987, 4, 23987, '1003986', 'B0000802',1,'1076测试服务器','4',8,'0');
insert into V_VEHICLEINFO (ORG_CODE,VEHICLE_ID,ID_NUMBER,TYPE_ID,TERMINAL_ID,DELETE_FLAG,COLOR_ID_NUMBER_ID,AUTHORIZED_PAY_MASS) values ('B0000802','2201987', '测B03986', 4, 221987, 0, '2',15);

insert into T_SIMINFO (SIM_ID, ORG_CODE, DEPTCODE, STATE,PAY_MODLE, SIM_NUM) values(23988, 'B0000802', '中国移动', 1, '预付费', 13100003987);
insert into T_TERMINALINFO (TERMINAL_ID,TTYPE_ID,SIM_ID,TERMINAL_CODE,ORG_CODE,IS_VIDEO_TERMINAL,SP_SERVER_NAME,PROTOCOL_TYPE,CHANNELS,YT_PROTOCOL_TYPE) values(221988, 4, 23988, '1003987', 'B0000802',1,'1076测试服务器','4',8,'0');
insert into V_VEHICLEINFO (ORG_CODE,VEHICLE_ID,ID_NUMBER,TYPE_ID,TERMINAL_ID,DELETE_FLAG,COLOR_ID_NUMBER_ID,AUTHORIZED_PAY_MASS) values ('B0000802','2201988', '测B03987', 4, 221988, 0, '2',15);

insert into T_SIMINFO (SIM_ID, ORG_CODE, DEPTCODE, STATE,PAY_MODLE, SIM_NUM) values(23989, 'B0000802', '中国移动', 1, '预付费', 13100003988);
insert into T_TERMINALINFO (TERMINAL_ID,TTYPE_ID,SIM_ID,TERMINAL_CODE,ORG_CODE,IS_VIDEO_TERMINAL,SP_SERVER_NAME,PROTOCOL_TYPE,CHANNELS,YT_PROTOCOL_TYPE) values(221989, 4, 23989, '1003988', 'B0000802',1,'1076测试服务器','4',8,'0');
insert into V_VEHICLEINFO (ORG_CODE,VEHICLE_ID,ID_NUMBER,TYPE_ID,TERMINAL_ID,DELETE_FLAG,COLOR_ID_NUMBER_ID,AUTHORIZED_PAY_MASS) values ('B0000802','2201989', '测B03988', 4, 221989, 0, '2',15);

insert into T_SIMINFO (SIM_ID, ORG_CODE, DEPTCODE, STATE,PAY_MODLE, SIM_NUM) values(23990, 'B0000802', '中国移动', 1, '预付费', 13100003989);
insert into T_TERMINALINFO (TERMINAL_ID,TTYPE_ID,SIM_ID,TERMINAL_CODE,ORG_CODE,IS_VIDEO_TERMINAL,SP_SERVER_NAME,PROTOCOL_TYPE,CHANNELS,YT_PROTOCOL_TYPE) values(221990, 4, 23990, '1003989', 'B0000802',1,'1076测试服务器','4',8,'0');
insert into V_VEHICLEINFO (ORG_CODE,VEHICLE_ID,ID_NUMBER,TYPE_ID,TERMINAL_ID,DELETE_FLAG,COLOR_ID_NUMBER_ID,AUTHORIZED_PAY_MASS) values ('B0000802','2201990', '测B03989', 4, 221990, 0, '2',15);

insert into T_SIMINFO (SIM_ID, ORG_CODE, DEPTCODE, STATE,PAY_MODLE, SIM_NUM) values(23991, 'B0000802', '中国移动', 1, '预付费', 13100003990);
insert into T_TERMINALINFO (TERMINAL_ID,TTYPE_ID,SIM_ID,TERMINAL_CODE,ORG_CODE,IS_VIDEO_TERMINAL,SP_SERVER_NAME,PROTOCOL_TYPE,CHANNELS,YT_PROTOCOL_TYPE) values(221991, 4, 23991, '1003990', 'B0000802',1,'1076测试服务器','4',8,'0');
insert into V_VEHICLEINFO (ORG_CODE,VEHICLE_ID,ID_NUMBER,TYPE_ID,TERMINAL_ID,DELETE_FLAG,COLOR_ID_NUMBER_ID,AUTHORIZED_PAY_MASS) values ('B0000802','2201991', '测B03990', 4, 221991, 0, '2',15);

insert into T_SIMINFO (SIM_ID, ORG_CODE, DEPTCODE, STATE,PAY_MODLE, SIM_NUM) values(23992, 'B0000802', '中国移动', 1, '预付费', 13100003991);
insert into T_TERMINALINFO (TERMINAL_ID,TTYPE_ID,SIM_ID,TERMINAL_CODE,ORG_CODE,IS_VIDEO_TERMINAL,SP_SERVER_NAME,PROTOCOL_TYPE,CHANNELS,YT_PROTOCOL_TYPE) values(221992, 4, 23992, '1003991', 'B0000802',1,'1076测试服务器','4',8,'0');
insert into V_VEHICLEINFO (ORG_CODE,VEHICLE_ID,ID_NUMBER,TYPE_ID,TERMINAL_ID,DELETE_FLAG,COLOR_ID_NUMBER_ID,AUTHORIZED_PAY_MASS) values ('B0000802','2201992', '测B03991', 4, 221992, 0, '2',15);

insert into T_SIMINFO (SIM_ID, ORG_CODE, DEPTCODE, STATE,PAY_MODLE, SIM_NUM) values(23993, 'B0000802', '中国移动', 1, '预付费', 13100003992);
insert into T_TERMINALINFO (TERMINAL_ID,TTYPE_ID,SIM_ID,TERMINAL_CODE,ORG_CODE,IS_VIDEO_TERMINAL,SP_SERVER_NAME,PROTOCOL_TYPE,CHANNELS,YT_PROTOCOL_TYPE) values(221993, 4, 23993, '1003992', 'B0000802',1,'1076测试服务器','4',8,'0');
insert into V_VEHICLEINFO (ORG_CODE,VEHICLE_ID,ID_NUMBER,TYPE_ID,TERMINAL_ID,DELETE_FLAG,COLOR_ID_NUMBER_ID,AUTHORIZED_PAY_MASS) values ('B0000802','2201993', '测B03992', 4, 221993, 0, '2',15);

insert into T_SIMINFO (SIM_ID, ORG_CODE, DEPTCODE, STATE,PAY_MODLE, SIM_NUM) values(23994, 'B0000802', '中国移动', 1, '预付费', 13100003993);
insert into T_TERMINALINFO (TERMINAL_ID,TTYPE_ID,SIM_ID,TERMINAL_CODE,ORG_CODE,IS_VIDEO_TERMINAL,SP_SERVER_NAME,PROTOCOL_TYPE,CHANNELS,YT_PROTOCOL_TYPE) values(221994, 4, 23994, '1003993', 'B0000802',1,'1076测试服务器','4',8,'0');
insert into V_VEHICLEINFO (ORG_CODE,VEHICLE_ID,ID_NUMBER,TYPE_ID,TERMINAL_ID,DELETE_FLAG,COLOR_ID_NUMBER_ID,AUTHORIZED_PAY_MASS) values ('B0000802','2201994', '测B03993', 4, 221994, 0, '2',15);

insert into T_SIMINFO (SIM_ID, ORG_CODE, DEPTCODE, STATE,PAY_MODLE, SIM_NUM) values(23995, 'B0000802', '中国移动', 1, '预付费', 13100003994);
insert into T_TERMINALINFO (TERMINAL_ID,TTYPE_ID,SIM_ID,TERMINAL_CODE,ORG_CODE,IS_VIDEO_TERMINAL,SP_SERVER_NAME,PROTOCOL_TYPE,CHANNELS,YT_PROTOCOL_TYPE) values(221995, 4, 23995, '1003994', 'B0000802',1,'1076测试服务器','4',8,'0');
insert into V_VEHICLEINFO (ORG_CODE,VEHICLE_ID,ID_NUMBER,TYPE_ID,TERMINAL_ID,DELETE_FLAG,COLOR_ID_NUMBER_ID,AUTHORIZED_PAY_MASS) values ('B0000802','2201995', '测B03994', 4, 221995, 0, '2',15);

insert into T_SIMINFO (SIM_ID, ORG_CODE, DEPTCODE, STATE,PAY_MODLE, SIM_NUM) values(23996, 'B0000802', '中国移动', 1, '预付费', 13100003995);
insert into T_TERMINALINFO (TERMINAL_ID,TTYPE_ID,SIM_ID,TERMINAL_CODE,ORG_CODE,IS_VIDEO_TERMINAL,SP_SERVER_NAME,PROTOCOL_TYPE,CHANNELS,YT_PROTOCOL_TYPE) values(221996, 4, 23996, '1003995', 'B0000802',1,'1076测试服务器','4',8,'0');
insert into V_VEHICLEINFO (ORG_CODE,VEHICLE_ID,ID_NUMBER,TYPE_ID,TERMINAL_ID,DELETE_FLAG,COLOR_ID_NUMBER_ID,AUTHORIZED_PAY_MASS) values ('B0000802','2201996', '测B03995', 4, 221996, 0, '2',15);

insert into T_SIMINFO (SIM_ID, ORG_CODE, DEPTCODE, STATE,PAY_MODLE, SIM_NUM) values(23997, 'B0000802', '中国移动', 1, '预付费', 13100003996);
insert into T_TERMINALINFO (TERMINAL_ID,TTYPE_ID,SIM_ID,TERMINAL_CODE,ORG_CODE,IS_VIDEO_TERMINAL,SP_SERVER_NAME,PROTOCOL_TYPE,CHANNELS,YT_PROTOCOL_TYPE) values(221997, 4, 23997, '1003996', 'B0000802',1,'1076测试服务器','4',8,'0');
insert into V_VEHICLEINFO (ORG_CODE,VEHICLE_ID,ID_NUMBER,TYPE_ID,TERMINAL_ID,DELETE_FLAG,COLOR_ID_NUMBER_ID,AUTHORIZED_PAY_MASS) values ('B0000802','2201997', '测B03996', 4, 221997, 0, '2',15);

insert into T_SIMINFO (SIM_ID, ORG_CODE, DEPTCODE, STATE,PAY_MODLE, SIM_NUM) values(23998, 'B0000802', '中国移动', 1, '预付费', 13100003997);
insert into T_TERMINALINFO (TERMINAL_ID,TTYPE_ID,SIM_ID,TERMINAL_CODE,ORG_CODE,IS_VIDEO_TERMINAL,SP_SERVER_NAME,PROTOCOL_TYPE,CHANNELS,YT_PROTOCOL_TYPE) values(221998, 4, 23998, '1003997', 'B0000802',1,'1076测试服务器','4',8,'0');
insert into V_VEHICLEINFO (ORG_CODE,VEHICLE_ID,ID_NUMBER,TYPE_ID,TERMINAL_ID,DELETE_FLAG,COLOR_ID_NUMBER_ID,AUTHORIZED_PAY_MASS) values ('B0000802','2201998', '测B03997', 4, 221998, 0, '2',15);

insert into T_SIMINFO (SIM_ID, ORG_CODE, DEPTCODE, STATE,PAY_MODLE, SIM_NUM) values(23999, 'B0000802', '中国移动', 1, '预付费', 13100003998);
insert into T_TERMINALINFO (TERMINAL_ID,TTYPE_ID,SIM_ID,TERMINAL_CODE,ORG_CODE,IS_VIDEO_TERMINAL,SP_SERVER_NAME,PROTOCOL_TYPE,CHANNELS,YT_PROTOCOL_TYPE) values(221999, 4, 23999, '1003998', 'B0000802',1,'1076测试服务器','4',8,'0');
insert into V_VEHICLEINFO (ORG_CODE,VEHICLE_ID,ID_NUMBER,TYPE_ID,TERMINAL_ID,DELETE_FLAG,COLOR_ID_NUMBER_ID,AUTHORIZED_PAY_MASS) values ('B0000802','2201999', '测B03998', 4, 221999, 0, '2',15);

insert into T_SIMINFO (SIM_ID, ORG_CODE, DEPTCODE, STATE,PAY_MODLE, SIM_NUM) values(24000, 'B0000802', '中国移动', 1, '预付费', 13100003999);
insert into T_TERMINALINFO (TERMINAL_ID,TTYPE_ID,SIM_ID,TERMINAL_CODE,ORG_CODE,IS_VIDEO_TERMINAL,SP_SERVER_NAME,PROTOCOL_TYPE,CHANNELS,YT_PROTOCOL_TYPE) values(222000, 4, 24000, '1003999', 'B0000802',1,'1076测试服务器','4',8,'0');
insert into V_VEHICLEINFO (ORG_CODE,VEHICLE_ID,ID_NUMBER,TYPE_ID,TERMINAL_ID,DELETE_FLAG,COLOR_ID_NUMBER_ID,AUTHORIZED_PAY_MASS) values ('B0000802','2202000', '测B03999', 4, 222000, 0, '2',15);

