insert into T_SIMINFO (SIM_ID, ORG_CODE, DEPTCODE, STATE,PAY_MODLE, SIM_NUM) values(34001, 'B0000808', '中国移动', 1, '预付费', 13100014000);
insert into T_TERMINALINFO (TERMINAL_ID,TTYPE_ID,SIM_ID,TERMINAL_CODE,ORG_CODE,IS_VIDEO_TERMINAL,SP_SERVER_NAME,PROTOCOL_TYPE,CHANNELS,YT_PROTOCOL_TYPE) values(340001, 4, 34001, '1014000', 'B0000808',1,'1076测试服务器','4',8,'0');
insert into V_VEHICLEINFO (ORG_CODE,VEHICLE_ID,ID_NUMBER,TYPE_ID,TERMINAL_ID,DELETE_FLAG,COLOR_ID_NUMBER_ID,AUTHORIZED_PAY_MASS) values ('B0000808','3400001', '测B14000', 4, 340001, 0, '2',15);

insert into T_SIMINFO (SIM_ID, ORG_CODE, DEPTCODE, STATE,PAY_MODLE, SIM_NUM) values(34002, 'B0000808', '中国移动', 1, '预付费', 13100014001);
insert into T_TERMINALINFO (TERMINAL_ID,TTYPE_ID,SIM_ID,TERMINAL_CODE,ORG_CODE,IS_VIDEO_TERMINAL,SP_SERVER_NAME,PROTOCOL_TYPE,CHANNELS,YT_PROTOCOL_TYPE) values(340002, 4, 34002, '1014001', 'B0000808',1,'1076测试服务器','4',8,'0');
insert into V_VEHICLEINFO (ORG_CODE,VEHICLE_ID,ID_NUMBER,TYPE_ID,TERMINAL_ID,DELETE_FLAG,COLOR_ID_NUMBER_ID,AUTHORIZED_PAY_MASS) values ('B0000808','3400002', '测B14001', 4, 340002, 0, '2',15);

insert into T_SIMINFO (SIM_ID, ORG_CODE, DEPTCODE, STATE,PAY_MODLE, SIM_NUM) values(34003, 'B0000808', '中国移动', 1, '预付费', 13100014002);
insert into T_TERMINALINFO (TERMINAL_ID,TTYPE_ID,SIM_ID,TERMINAL_CODE,ORG_CODE,IS_VIDEO_TERMINAL,SP_SERVER_NAME,PROTOCOL_TYPE,CHANNELS,YT_PROTOCOL_TYPE) values(340003, 4, 34003, '1014002', 'B0000808',1,'1076测试服务器','4',8,'0');
insert into V_VEHICLEINFO (ORG_CODE,VEHICLE_ID,ID_NUMBER,TYPE_ID,TERMINAL_ID,DELETE_FLAG,COLOR_ID_NUMBER_ID,AUTHORIZED_PAY_MASS) values ('B0000808','3400003', '测B14002', 4, 340003, 0, '2',15);

insert into T_SIMINFO (SIM_ID, ORG_CODE, DEPTCODE, STATE,PAY_MODLE, SIM_NUM) values(34004, 'B0000808', '中国移动', 1, '预付费', 13100014003);
insert into T_TERMINALINFO (TERMINAL_ID,TTYPE_ID,SIM_ID,TERMINAL_CODE,ORG_CODE,IS_VIDEO_TERMINAL,SP_SERVER_NAME,PROTOCOL_TYPE,CHANNELS,YT_PROTOCOL_TYPE) values(340004, 4, 34004, '1014003', 'B0000808',1,'1076测试服务器','4',8,'0');
insert into V_VEHICLEINFO (ORG_CODE,VEHICLE_ID,ID_NUMBER,TYPE_ID,TERMINAL_ID,DELETE_FLAG,COLOR_ID_NUMBER_ID,AUTHORIZED_PAY_MASS) values ('B0000808','3400004', '测B14003', 4, 340004, 0, '2',15);

insert into T_SIMINFO (SIM_ID, ORG_CODE, DEPTCODE, STATE,PAY_MODLE, SIM_NUM) values(34005, 'B0000808', '中国移动', 1, '预付费', 13100014004);
insert into T_TERMINALINFO (TERMINAL_ID,TTYPE_ID,SIM_ID,TERMINAL_CODE,ORG_CODE,IS_VIDEO_TERMINAL,SP_SERVER_NAME,PROTOCOL_TYPE,CHANNELS,YT_PROTOCOL_TYPE) values(340005, 4, 34005, '1014004', 'B0000808',1,'1076测试服务器','4',8,'0');
insert into V_VEHICLEINFO (ORG_CODE,VEHICLE_ID,ID_NUMBER,TYPE_ID,TERMINAL_ID,DELETE_FLAG,COLOR_ID_NUMBER_ID,AUTHORIZED_PAY_MASS) values ('B0000808','3400005', '测B14004', 4, 340005, 0, '2',15);

insert into T_SIMINFO (SIM_ID, ORG_CODE, DEPTCODE, STATE,PAY_MODLE, SIM_NUM) values(34006, 'B0000808', '中国移动', 1, '预付费', 13100014005);
insert into T_TERMINALINFO (TERMINAL_ID,TTYPE_ID,SIM_ID,TERMINAL_CODE,ORG_CODE,IS_VIDEO_TERMINAL,SP_SERVER_NAME,PROTOCOL_TYPE,CHANNELS,YT_PROTOCOL_TYPE) values(340006, 4, 34006, '1014005', 'B0000808',1,'1076测试服务器','4',8,'0');
insert into V_VEHICLEINFO (ORG_CODE,VEHICLE_ID,ID_NUMBER,TYPE_ID,TERMINAL_ID,DELETE_FLAG,COLOR_ID_NUMBER_ID,AUTHORIZED_PAY_MASS) values ('B0000808','3400006', '测B14005', 4, 340006, 0, '2',15);

insert into T_SIMINFO (SIM_ID, ORG_CODE, DEPTCODE, STATE,PAY_MODLE, SIM_NUM) values(34007, 'B0000808', '中国移动', 1, '预付费', 13100014006);
insert into T_TERMINALINFO (TERMINAL_ID,TTYPE_ID,SIM_ID,TERMINAL_CODE,ORG_CODE,IS_VIDEO_TERMINAL,SP_SERVER_NAME,PROTOCOL_TYPE,CHANNELS,YT_PROTOCOL_TYPE) values(340007, 4, 34007, '1014006', 'B0000808',1,'1076测试服务器','4',8,'0');
insert into V_VEHICLEINFO (ORG_CODE,VEHICLE_ID,ID_NUMBER,TYPE_ID,TERMINAL_ID,DELETE_FLAG,COLOR_ID_NUMBER_ID,AUTHORIZED_PAY_MASS) values ('B0000808','3400007', '测B14006', 4, 340007, 0, '2',15);

insert into T_SIMINFO (SIM_ID, ORG_CODE, DEPTCODE, STATE,PAY_MODLE, SIM_NUM) values(34008, 'B0000808', '中国移动', 1, '预付费', 13100014007);
insert into T_TERMINALINFO (TERMINAL_ID,TTYPE_ID,SIM_ID,TERMINAL_CODE,ORG_CODE,IS_VIDEO_TERMINAL,SP_SERVER_NAME,PROTOCOL_TYPE,CHANNELS,YT_PROTOCOL_TYPE) values(340008, 4, 34008, '1014007', 'B0000808',1,'1076测试服务器','4',8,'0');
insert into V_VEHICLEINFO (ORG_CODE,VEHICLE_ID,ID_NUMBER,TYPE_ID,TERMINAL_ID,DELETE_FLAG,COLOR_ID_NUMBER_ID,AUTHORIZED_PAY_MASS) values ('B0000808','3400008', '测B14007', 4, 340008, 0, '2',15);

insert into T_SIMINFO (SIM_ID, ORG_CODE, DEPTCODE, STATE,PAY_MODLE, SIM_NUM) values(34009, 'B0000808', '中国移动', 1, '预付费', 13100014008);
insert into T_TERMINALINFO (TERMINAL_ID,TTYPE_ID,SIM_ID,TERMINAL_CODE,ORG_CODE,IS_VIDEO_TERMINAL,SP_SERVER_NAME,PROTOCOL_TYPE,CHANNELS,YT_PROTOCOL_TYPE) values(340009, 4, 34009, '1014008', 'B0000808',1,'1076测试服务器','4',8,'0');
insert into V_VEHICLEINFO (ORG_CODE,VEHICLE_ID,ID_NUMBER,TYPE_ID,TERMINAL_ID,DELETE_FLAG,COLOR_ID_NUMBER_ID,AUTHORIZED_PAY_MASS) values ('B0000808','3400009', '测B14008', 4, 340009, 0, '2',15);

insert into T_SIMINFO (SIM_ID, ORG_CODE, DEPTCODE, STATE,PAY_MODLE, SIM_NUM) values(34010, 'B0000808', '中国移动', 1, '预付费', 13100014009);
insert into T_TERMINALINFO (TERMINAL_ID,TTYPE_ID,SIM_ID,TERMINAL_CODE,ORG_CODE,IS_VIDEO_TERMINAL,SP_SERVER_NAME,PROTOCOL_TYPE,CHANNELS,YT_PROTOCOL_TYPE) values(340010, 4, 34010, '1014009', 'B0000808',1,'1076测试服务器','4',8,'0');
insert into V_VEHICLEINFO (ORG_CODE,VEHICLE_ID,ID_NUMBER,TYPE_ID,TERMINAL_ID,DELETE_FLAG,COLOR_ID_NUMBER_ID,AUTHORIZED_PAY_MASS) values ('B0000808','3400010', '测B14009', 4, 340010, 0, '2',15);

insert into T_SIMINFO (SIM_ID, ORG_CODE, DEPTCODE, STATE,PAY_MODLE, SIM_NUM) values(34011, 'B0000808', '中国移动', 1, '预付费', 13100014010);
insert into T_TERMINALINFO (TERMINAL_ID,TTYPE_ID,SIM_ID,TERMINAL_CODE,ORG_CODE,IS_VIDEO_TERMINAL,SP_SERVER_NAME,PROTOCOL_TYPE,CHANNELS,YT_PROTOCOL_TYPE) values(340011, 4, 34011, '1014010', 'B0000808',1,'1076测试服务器','4',8,'0');
insert into V_VEHICLEINFO (ORG_CODE,VEHICLE_ID,ID_NUMBER,TYPE_ID,TERMINAL_ID,DELETE_FLAG,COLOR_ID_NUMBER_ID,AUTHORIZED_PAY_MASS) values ('B0000808','3400011', '测B14010', 4, 340011, 0, '2',15);

insert into T_SIMINFO (SIM_ID, ORG_CODE, DEPTCODE, STATE,PAY_MODLE, SIM_NUM) values(34012, 'B0000808', '中国移动', 1, '预付费', 13100014011);
insert into T_TERMINALINFO (TERMINAL_ID,TTYPE_ID,SIM_ID,TERMINAL_CODE,ORG_CODE,IS_VIDEO_TERMINAL,SP_SERVER_NAME,PROTOCOL_TYPE,CHANNELS,YT_PROTOCOL_TYPE) values(340012, 4, 34012, '1014011', 'B0000808',1,'1076测试服务器','4',8,'0');
insert into V_VEHICLEINFO (ORG_CODE,VEHICLE_ID,ID_NUMBER,TYPE_ID,TERMINAL_ID,DELETE_FLAG,COLOR_ID_NUMBER_ID,AUTHORIZED_PAY_MASS) values ('B0000808','3400012', '测B14011', 4, 340012, 0, '2',15);

insert into T_SIMINFO (SIM_ID, ORG_CODE, DEPTCODE, STATE,PAY_MODLE, SIM_NUM) values(34013, 'B0000808', '中国移动', 1, '预付费', 13100014012);
insert into T_TERMINALINFO (TERMINAL_ID,TTYPE_ID,SIM_ID,TERMINAL_CODE,ORG_CODE,IS_VIDEO_TERMINAL,SP_SERVER_NAME,PROTOCOL_TYPE,CHANNELS,YT_PROTOCOL_TYPE) values(340013, 4, 34013, '1014012', 'B0000808',1,'1076测试服务器','4',8,'0');
insert into V_VEHICLEINFO (ORG_CODE,VEHICLE_ID,ID_NUMBER,TYPE_ID,TERMINAL_ID,DELETE_FLAG,COLOR_ID_NUMBER_ID,AUTHORIZED_PAY_MASS) values ('B0000808','3400013', '测B14012', 4, 340013, 0, '2',15);

insert into T_SIMINFO (SIM_ID, ORG_CODE, DEPTCODE, STATE,PAY_MODLE, SIM_NUM) values(34014, 'B0000808', '中国移动', 1, '预付费', 13100014013);
insert into T_TERMINALINFO (TERMINAL_ID,TTYPE_ID,SIM_ID,TERMINAL_CODE,ORG_CODE,IS_VIDEO_TERMINAL,SP_SERVER_NAME,PROTOCOL_TYPE,CHANNELS,YT_PROTOCOL_TYPE) values(340014, 4, 34014, '1014013', 'B0000808',1,'1076测试服务器','4',8,'0');
insert into V_VEHICLEINFO (ORG_CODE,VEHICLE_ID,ID_NUMBER,TYPE_ID,TERMINAL_ID,DELETE_FLAG,COLOR_ID_NUMBER_ID,AUTHORIZED_PAY_MASS) values ('B0000808','3400014', '测B14013', 4, 340014, 0, '2',15);

insert into T_SIMINFO (SIM_ID, ORG_CODE, DEPTCODE, STATE,PAY_MODLE, SIM_NUM) values(34015, 'B0000808', '中国移动', 1, '预付费', 13100014014);
insert into T_TERMINALINFO (TERMINAL_ID,TTYPE_ID,SIM_ID,TERMINAL_CODE,ORG_CODE,IS_VIDEO_TERMINAL,SP_SERVER_NAME,PROTOCOL_TYPE,CHANNELS,YT_PROTOCOL_TYPE) values(340015, 4, 34015, '1014014', 'B0000808',1,'1076测试服务器','4',8,'0');
insert into V_VEHICLEINFO (ORG_CODE,VEHICLE_ID,ID_NUMBER,TYPE_ID,TERMINAL_ID,DELETE_FLAG,COLOR_ID_NUMBER_ID,AUTHORIZED_PAY_MASS) values ('B0000808','3400015', '测B14014', 4, 340015, 0, '2',15);

insert into T_SIMINFO (SIM_ID, ORG_CODE, DEPTCODE, STATE,PAY_MODLE, SIM_NUM) values(34016, 'B0000808', '中国移动', 1, '预付费', 13100014015);
insert into T_TERMINALINFO (TERMINAL_ID,TTYPE_ID,SIM_ID,TERMINAL_CODE,ORG_CODE,IS_VIDEO_TERMINAL,SP_SERVER_NAME,PROTOCOL_TYPE,CHANNELS,YT_PROTOCOL_TYPE) values(340016, 4, 34016, '1014015', 'B0000808',1,'1076测试服务器','4',8,'0');
insert into V_VEHICLEINFO (ORG_CODE,VEHICLE_ID,ID_NUMBER,TYPE_ID,TERMINAL_ID,DELETE_FLAG,COLOR_ID_NUMBER_ID,AUTHORIZED_PAY_MASS) values ('B0000808','3400016', '测B14015', 4, 340016, 0, '2',15);

insert into T_SIMINFO (SIM_ID, ORG_CODE, DEPTCODE, STATE,PAY_MODLE, SIM_NUM) values(34017, 'B0000808', '中国移动', 1, '预付费', 13100014016);
insert into T_TERMINALINFO (TERMINAL_ID,TTYPE_ID,SIM_ID,TERMINAL_CODE,ORG_CODE,IS_VIDEO_TERMINAL,SP_SERVER_NAME,PROTOCOL_TYPE,CHANNELS,YT_PROTOCOL_TYPE) values(340017, 4, 34017, '1014016', 'B0000808',1,'1076测试服务器','4',8,'0');
insert into V_VEHICLEINFO (ORG_CODE,VEHICLE_ID,ID_NUMBER,TYPE_ID,TERMINAL_ID,DELETE_FLAG,COLOR_ID_NUMBER_ID,AUTHORIZED_PAY_MASS) values ('B0000808','3400017', '测B14016', 4, 340017, 0, '2',15);

insert into T_SIMINFO (SIM_ID, ORG_CODE, DEPTCODE, STATE,PAY_MODLE, SIM_NUM) values(34018, 'B0000808', '中国移动', 1, '预付费', 13100014017);
insert into T_TERMINALINFO (TERMINAL_ID,TTYPE_ID,SIM_ID,TERMINAL_CODE,ORG_CODE,IS_VIDEO_TERMINAL,SP_SERVER_NAME,PROTOCOL_TYPE,CHANNELS,YT_PROTOCOL_TYPE) values(340018, 4, 34018, '1014017', 'B0000808',1,'1076测试服务器','4',8,'0');
insert into V_VEHICLEINFO (ORG_CODE,VEHICLE_ID,ID_NUMBER,TYPE_ID,TERMINAL_ID,DELETE_FLAG,COLOR_ID_NUMBER_ID,AUTHORIZED_PAY_MASS) values ('B0000808','3400018', '测B14017', 4, 340018, 0, '2',15);

insert into T_SIMINFO (SIM_ID, ORG_CODE, DEPTCODE, STATE,PAY_MODLE, SIM_NUM) values(34019, 'B0000808', '中国移动', 1, '预付费', 13100014018);
insert into T_TERMINALINFO (TERMINAL_ID,TTYPE_ID,SIM_ID,TERMINAL_CODE,ORG_CODE,IS_VIDEO_TERMINAL,SP_SERVER_NAME,PROTOCOL_TYPE,CHANNELS,YT_PROTOCOL_TYPE) values(340019, 4, 34019, '1014018', 'B0000808',1,'1076测试服务器','4',8,'0');
insert into V_VEHICLEINFO (ORG_CODE,VEHICLE_ID,ID_NUMBER,TYPE_ID,TERMINAL_ID,DELETE_FLAG,COLOR_ID_NUMBER_ID,AUTHORIZED_PAY_MASS) values ('B0000808','3400019', '测B14018', 4, 340019, 0, '2',15);

insert into T_SIMINFO (SIM_ID, ORG_CODE, DEPTCODE, STATE,PAY_MODLE, SIM_NUM) values(34020, 'B0000808', '中国移动', 1, '预付费', 13100014019);
insert into T_TERMINALINFO (TERMINAL_ID,TTYPE_ID,SIM_ID,TERMINAL_CODE,ORG_CODE,IS_VIDEO_TERMINAL,SP_SERVER_NAME,PROTOCOL_TYPE,CHANNELS,YT_PROTOCOL_TYPE) values(340020, 4, 34020, '1014019', 'B0000808',1,'1076测试服务器','4',8,'0');
insert into V_VEHICLEINFO (ORG_CODE,VEHICLE_ID,ID_NUMBER,TYPE_ID,TERMINAL_ID,DELETE_FLAG,COLOR_ID_NUMBER_ID,AUTHORIZED_PAY_MASS) values ('B0000808','3400020', '测B14019', 4, 340020, 0, '2',15);

insert into T_SIMINFO (SIM_ID, ORG_CODE, DEPTCODE, STATE,PAY_MODLE, SIM_NUM) values(34021, 'B0000808', '中国移动', 1, '预付费', 13100014020);
insert into T_TERMINALINFO (TERMINAL_ID,TTYPE_ID,SIM_ID,TERMINAL_CODE,ORG_CODE,IS_VIDEO_TERMINAL,SP_SERVER_NAME,PROTOCOL_TYPE,CHANNELS,YT_PROTOCOL_TYPE) values(340021, 4, 34021, '1014020', 'B0000808',1,'1076测试服务器','4',8,'0');
insert into V_VEHICLEINFO (ORG_CODE,VEHICLE_ID,ID_NUMBER,TYPE_ID,TERMINAL_ID,DELETE_FLAG,COLOR_ID_NUMBER_ID,AUTHORIZED_PAY_MASS) values ('B0000808','3400021', '测B14020', 4, 340021, 0, '2',15);

insert into T_SIMINFO (SIM_ID, ORG_CODE, DEPTCODE, STATE,PAY_MODLE, SIM_NUM) values(34022, 'B0000808', '中国移动', 1, '预付费', 13100014021);
insert into T_TERMINALINFO (TERMINAL_ID,TTYPE_ID,SIM_ID,TERMINAL_CODE,ORG_CODE,IS_VIDEO_TERMINAL,SP_SERVER_NAME,PROTOCOL_TYPE,CHANNELS,YT_PROTOCOL_TYPE) values(340022, 4, 34022, '1014021', 'B0000808',1,'1076测试服务器','4',8,'0');
insert into V_VEHICLEINFO (ORG_CODE,VEHICLE_ID,ID_NUMBER,TYPE_ID,TERMINAL_ID,DELETE_FLAG,COLOR_ID_NUMBER_ID,AUTHORIZED_PAY_MASS) values ('B0000808','3400022', '测B14021', 4, 340022, 0, '2',15);

insert into T_SIMINFO (SIM_ID, ORG_CODE, DEPTCODE, STATE,PAY_MODLE, SIM_NUM) values(34023, 'B0000808', '中国移动', 1, '预付费', 13100014022);
insert into T_TERMINALINFO (TERMINAL_ID,TTYPE_ID,SIM_ID,TERMINAL_CODE,ORG_CODE,IS_VIDEO_TERMINAL,SP_SERVER_NAME,PROTOCOL_TYPE,CHANNELS,YT_PROTOCOL_TYPE) values(340023, 4, 34023, '1014022', 'B0000808',1,'1076测试服务器','4',8,'0');
insert into V_VEHICLEINFO (ORG_CODE,VEHICLE_ID,ID_NUMBER,TYPE_ID,TERMINAL_ID,DELETE_FLAG,COLOR_ID_NUMBER_ID,AUTHORIZED_PAY_MASS) values ('B0000808','3400023', '测B14022', 4, 340023, 0, '2',15);

insert into T_SIMINFO (SIM_ID, ORG_CODE, DEPTCODE, STATE,PAY_MODLE, SIM_NUM) values(34024, 'B0000808', '中国移动', 1, '预付费', 13100014023);
insert into T_TERMINALINFO (TERMINAL_ID,TTYPE_ID,SIM_ID,TERMINAL_CODE,ORG_CODE,IS_VIDEO_TERMINAL,SP_SERVER_NAME,PROTOCOL_TYPE,CHANNELS,YT_PROTOCOL_TYPE) values(340024, 4, 34024, '1014023', 'B0000808',1,'1076测试服务器','4',8,'0');
insert into V_VEHICLEINFO (ORG_CODE,VEHICLE_ID,ID_NUMBER,TYPE_ID,TERMINAL_ID,DELETE_FLAG,COLOR_ID_NUMBER_ID,AUTHORIZED_PAY_MASS) values ('B0000808','3400024', '测B14023', 4, 340024, 0, '2',15);

insert into T_SIMINFO (SIM_ID, ORG_CODE, DEPTCODE, STATE,PAY_MODLE, SIM_NUM) values(34025, 'B0000808', '中国移动', 1, '预付费', 13100014024);
insert into T_TERMINALINFO (TERMINAL_ID,TTYPE_ID,SIM_ID,TERMINAL_CODE,ORG_CODE,IS_VIDEO_TERMINAL,SP_SERVER_NAME,PROTOCOL_TYPE,CHANNELS,YT_PROTOCOL_TYPE) values(340025, 4, 34025, '1014024', 'B0000808',1,'1076测试服务器','4',8,'0');
insert into V_VEHICLEINFO (ORG_CODE,VEHICLE_ID,ID_NUMBER,TYPE_ID,TERMINAL_ID,DELETE_FLAG,COLOR_ID_NUMBER_ID,AUTHORIZED_PAY_MASS) values ('B0000808','3400025', '测B14024', 4, 340025, 0, '2',15);

insert into T_SIMINFO (SIM_ID, ORG_CODE, DEPTCODE, STATE,PAY_MODLE, SIM_NUM) values(34026, 'B0000808', '中国移动', 1, '预付费', 13100014025);
insert into T_TERMINALINFO (TERMINAL_ID,TTYPE_ID,SIM_ID,TERMINAL_CODE,ORG_CODE,IS_VIDEO_TERMINAL,SP_SERVER_NAME,PROTOCOL_TYPE,CHANNELS,YT_PROTOCOL_TYPE) values(340026, 4, 34026, '1014025', 'B0000808',1,'1076测试服务器','4',8,'0');
insert into V_VEHICLEINFO (ORG_CODE,VEHICLE_ID,ID_NUMBER,TYPE_ID,TERMINAL_ID,DELETE_FLAG,COLOR_ID_NUMBER_ID,AUTHORIZED_PAY_MASS) values ('B0000808','3400026', '测B14025', 4, 340026, 0, '2',15);

insert into T_SIMINFO (SIM_ID, ORG_CODE, DEPTCODE, STATE,PAY_MODLE, SIM_NUM) values(34027, 'B0000808', '中国移动', 1, '预付费', 13100014026);
insert into T_TERMINALINFO (TERMINAL_ID,TTYPE_ID,SIM_ID,TERMINAL_CODE,ORG_CODE,IS_VIDEO_TERMINAL,SP_SERVER_NAME,PROTOCOL_TYPE,CHANNELS,YT_PROTOCOL_TYPE) values(340027, 4, 34027, '1014026', 'B0000808',1,'1076测试服务器','4',8,'0');
insert into V_VEHICLEINFO (ORG_CODE,VEHICLE_ID,ID_NUMBER,TYPE_ID,TERMINAL_ID,DELETE_FLAG,COLOR_ID_NUMBER_ID,AUTHORIZED_PAY_MASS) values ('B0000808','3400027', '测B14026', 4, 340027, 0, '2',15);

insert into T_SIMINFO (SIM_ID, ORG_CODE, DEPTCODE, STATE,PAY_MODLE, SIM_NUM) values(34028, 'B0000808', '中国移动', 1, '预付费', 13100014027);
insert into T_TERMINALINFO (TERMINAL_ID,TTYPE_ID,SIM_ID,TERMINAL_CODE,ORG_CODE,IS_VIDEO_TERMINAL,SP_SERVER_NAME,PROTOCOL_TYPE,CHANNELS,YT_PROTOCOL_TYPE) values(340028, 4, 34028, '1014027', 'B0000808',1,'1076测试服务器','4',8,'0');
insert into V_VEHICLEINFO (ORG_CODE,VEHICLE_ID,ID_NUMBER,TYPE_ID,TERMINAL_ID,DELETE_FLAG,COLOR_ID_NUMBER_ID,AUTHORIZED_PAY_MASS) values ('B0000808','3400028', '测B14027', 4, 340028, 0, '2',15);

insert into T_SIMINFO (SIM_ID, ORG_CODE, DEPTCODE, STATE,PAY_MODLE, SIM_NUM) values(34029, 'B0000808', '中国移动', 1, '预付费', 13100014028);
insert into T_TERMINALINFO (TERMINAL_ID,TTYPE_ID,SIM_ID,TERMINAL_CODE,ORG_CODE,IS_VIDEO_TERMINAL,SP_SERVER_NAME,PROTOCOL_TYPE,CHANNELS,YT_PROTOCOL_TYPE) values(340029, 4, 34029, '1014028', 'B0000808',1,'1076测试服务器','4',8,'0');
insert into V_VEHICLEINFO (ORG_CODE,VEHICLE_ID,ID_NUMBER,TYPE_ID,TERMINAL_ID,DELETE_FLAG,COLOR_ID_NUMBER_ID,AUTHORIZED_PAY_MASS) values ('B0000808','3400029', '测B14028', 4, 340029, 0, '2',15);

insert into T_SIMINFO (SIM_ID, ORG_CODE, DEPTCODE, STATE,PAY_MODLE, SIM_NUM) values(34030, 'B0000808', '中国移动', 1, '预付费', 13100014029);
insert into T_TERMINALINFO (TERMINAL_ID,TTYPE_ID,SIM_ID,TERMINAL_CODE,ORG_CODE,IS_VIDEO_TERMINAL,SP_SERVER_NAME,PROTOCOL_TYPE,CHANNELS,YT_PROTOCOL_TYPE) values(340030, 4, 34030, '1014029', 'B0000808',1,'1076测试服务器','4',8,'0');
insert into V_VEHICLEINFO (ORG_CODE,VEHICLE_ID,ID_NUMBER,TYPE_ID,TERMINAL_ID,DELETE_FLAG,COLOR_ID_NUMBER_ID,AUTHORIZED_PAY_MASS) values ('B0000808','3400030', '测B14029', 4, 340030, 0, '2',15);

insert into T_SIMINFO (SIM_ID, ORG_CODE, DEPTCODE, STATE,PAY_MODLE, SIM_NUM) values(34031, 'B0000808', '中国移动', 1, '预付费', 13100014030);
insert into T_TERMINALINFO (TERMINAL_ID,TTYPE_ID,SIM_ID,TERMINAL_CODE,ORG_CODE,IS_VIDEO_TERMINAL,SP_SERVER_NAME,PROTOCOL_TYPE,CHANNELS,YT_PROTOCOL_TYPE) values(340031, 4, 34031, '1014030', 'B0000808',1,'1076测试服务器','4',8,'0');
insert into V_VEHICLEINFO (ORG_CODE,VEHICLE_ID,ID_NUMBER,TYPE_ID,TERMINAL_ID,DELETE_FLAG,COLOR_ID_NUMBER_ID,AUTHORIZED_PAY_MASS) values ('B0000808','3400031', '测B14030', 4, 340031, 0, '2',15);

insert into T_SIMINFO (SIM_ID, ORG_CODE, DEPTCODE, STATE,PAY_MODLE, SIM_NUM) values(34032, 'B0000808', '中国移动', 1, '预付费', 13100014031);
insert into T_TERMINALINFO (TERMINAL_ID,TTYPE_ID,SIM_ID,TERMINAL_CODE,ORG_CODE,IS_VIDEO_TERMINAL,SP_SERVER_NAME,PROTOCOL_TYPE,CHANNELS,YT_PROTOCOL_TYPE) values(340032, 4, 34032, '1014031', 'B0000808',1,'1076测试服务器','4',8,'0');
insert into V_VEHICLEINFO (ORG_CODE,VEHICLE_ID,ID_NUMBER,TYPE_ID,TERMINAL_ID,DELETE_FLAG,COLOR_ID_NUMBER_ID,AUTHORIZED_PAY_MASS) values ('B0000808','3400032', '测B14031', 4, 340032, 0, '2',15);

insert into T_SIMINFO (SIM_ID, ORG_CODE, DEPTCODE, STATE,PAY_MODLE, SIM_NUM) values(34033, 'B0000808', '中国移动', 1, '预付费', 13100014032);
insert into T_TERMINALINFO (TERMINAL_ID,TTYPE_ID,SIM_ID,TERMINAL_CODE,ORG_CODE,IS_VIDEO_TERMINAL,SP_SERVER_NAME,PROTOCOL_TYPE,CHANNELS,YT_PROTOCOL_TYPE) values(340033, 4, 34033, '1014032', 'B0000808',1,'1076测试服务器','4',8,'0');
insert into V_VEHICLEINFO (ORG_CODE,VEHICLE_ID,ID_NUMBER,TYPE_ID,TERMINAL_ID,DELETE_FLAG,COLOR_ID_NUMBER_ID,AUTHORIZED_PAY_MASS) values ('B0000808','3400033', '测B14032', 4, 340033, 0, '2',15);

insert into T_SIMINFO (SIM_ID, ORG_CODE, DEPTCODE, STATE,PAY_MODLE, SIM_NUM) values(34034, 'B0000808', '中国移动', 1, '预付费', 13100014033);
insert into T_TERMINALINFO (TERMINAL_ID,TTYPE_ID,SIM_ID,TERMINAL_CODE,ORG_CODE,IS_VIDEO_TERMINAL,SP_SERVER_NAME,PROTOCOL_TYPE,CHANNELS,YT_PROTOCOL_TYPE) values(340034, 4, 34034, '1014033', 'B0000808',1,'1076测试服务器','4',8,'0');
insert into V_VEHICLEINFO (ORG_CODE,VEHICLE_ID,ID_NUMBER,TYPE_ID,TERMINAL_ID,DELETE_FLAG,COLOR_ID_NUMBER_ID,AUTHORIZED_PAY_MASS) values ('B0000808','3400034', '测B14033', 4, 340034, 0, '2',15);

insert into T_SIMINFO (SIM_ID, ORG_CODE, DEPTCODE, STATE,PAY_MODLE, SIM_NUM) values(34035, 'B0000808', '中国移动', 1, '预付费', 13100014034);
insert into T_TERMINALINFO (TERMINAL_ID,TTYPE_ID,SIM_ID,TERMINAL_CODE,ORG_CODE,IS_VIDEO_TERMINAL,SP_SERVER_NAME,PROTOCOL_TYPE,CHANNELS,YT_PROTOCOL_TYPE) values(340035, 4, 34035, '1014034', 'B0000808',1,'1076测试服务器','4',8,'0');
insert into V_VEHICLEINFO (ORG_CODE,VEHICLE_ID,ID_NUMBER,TYPE_ID,TERMINAL_ID,DELETE_FLAG,COLOR_ID_NUMBER_ID,AUTHORIZED_PAY_MASS) values ('B0000808','3400035', '测B14034', 4, 340035, 0, '2',15);

insert into T_SIMINFO (SIM_ID, ORG_CODE, DEPTCODE, STATE,PAY_MODLE, SIM_NUM) values(34036, 'B0000808', '中国移动', 1, '预付费', 13100014035);
insert into T_TERMINALINFO (TERMINAL_ID,TTYPE_ID,SIM_ID,TERMINAL_CODE,ORG_CODE,IS_VIDEO_TERMINAL,SP_SERVER_NAME,PROTOCOL_TYPE,CHANNELS,YT_PROTOCOL_TYPE) values(340036, 4, 34036, '1014035', 'B0000808',1,'1076测试服务器','4',8,'0');
insert into V_VEHICLEINFO (ORG_CODE,VEHICLE_ID,ID_NUMBER,TYPE_ID,TERMINAL_ID,DELETE_FLAG,COLOR_ID_NUMBER_ID,AUTHORIZED_PAY_MASS) values ('B0000808','3400036', '测B14035', 4, 340036, 0, '2',15);

insert into T_SIMINFO (SIM_ID, ORG_CODE, DEPTCODE, STATE,PAY_MODLE, SIM_NUM) values(34037, 'B0000808', '中国移动', 1, '预付费', 13100014036);
insert into T_TERMINALINFO (TERMINAL_ID,TTYPE_ID,SIM_ID,TERMINAL_CODE,ORG_CODE,IS_VIDEO_TERMINAL,SP_SERVER_NAME,PROTOCOL_TYPE,CHANNELS,YT_PROTOCOL_TYPE) values(340037, 4, 34037, '1014036', 'B0000808',1,'1076测试服务器','4',8,'0');
insert into V_VEHICLEINFO (ORG_CODE,VEHICLE_ID,ID_NUMBER,TYPE_ID,TERMINAL_ID,DELETE_FLAG,COLOR_ID_NUMBER_ID,AUTHORIZED_PAY_MASS) values ('B0000808','3400037', '测B14036', 4, 340037, 0, '2',15);

insert into T_SIMINFO (SIM_ID, ORG_CODE, DEPTCODE, STATE,PAY_MODLE, SIM_NUM) values(34038, 'B0000808', '中国移动', 1, '预付费', 13100014037);
insert into T_TERMINALINFO (TERMINAL_ID,TTYPE_ID,SIM_ID,TERMINAL_CODE,ORG_CODE,IS_VIDEO_TERMINAL,SP_SERVER_NAME,PROTOCOL_TYPE,CHANNELS,YT_PROTOCOL_TYPE) values(340038, 4, 34038, '1014037', 'B0000808',1,'1076测试服务器','4',8,'0');
insert into V_VEHICLEINFO (ORG_CODE,VEHICLE_ID,ID_NUMBER,TYPE_ID,TERMINAL_ID,DELETE_FLAG,COLOR_ID_NUMBER_ID,AUTHORIZED_PAY_MASS) values ('B0000808','3400038', '测B14037', 4, 340038, 0, '2',15);

insert into T_SIMINFO (SIM_ID, ORG_CODE, DEPTCODE, STATE,PAY_MODLE, SIM_NUM) values(34039, 'B0000808', '中国移动', 1, '预付费', 13100014038);
insert into T_TERMINALINFO (TERMINAL_ID,TTYPE_ID,SIM_ID,TERMINAL_CODE,ORG_CODE,IS_VIDEO_TERMINAL,SP_SERVER_NAME,PROTOCOL_TYPE,CHANNELS,YT_PROTOCOL_TYPE) values(340039, 4, 34039, '1014038', 'B0000808',1,'1076测试服务器','4',8,'0');
insert into V_VEHICLEINFO (ORG_CODE,VEHICLE_ID,ID_NUMBER,TYPE_ID,TERMINAL_ID,DELETE_FLAG,COLOR_ID_NUMBER_ID,AUTHORIZED_PAY_MASS) values ('B0000808','3400039', '测B14038', 4, 340039, 0, '2',15);

insert into T_SIMINFO (SIM_ID, ORG_CODE, DEPTCODE, STATE,PAY_MODLE, SIM_NUM) values(34040, 'B0000808', '中国移动', 1, '预付费', 13100014039);
insert into T_TERMINALINFO (TERMINAL_ID,TTYPE_ID,SIM_ID,TERMINAL_CODE,ORG_CODE,IS_VIDEO_TERMINAL,SP_SERVER_NAME,PROTOCOL_TYPE,CHANNELS,YT_PROTOCOL_TYPE) values(340040, 4, 34040, '1014039', 'B0000808',1,'1076测试服务器','4',8,'0');
insert into V_VEHICLEINFO (ORG_CODE,VEHICLE_ID,ID_NUMBER,TYPE_ID,TERMINAL_ID,DELETE_FLAG,COLOR_ID_NUMBER_ID,AUTHORIZED_PAY_MASS) values ('B0000808','3400040', '测B14039', 4, 340040, 0, '2',15);

insert into T_SIMINFO (SIM_ID, ORG_CODE, DEPTCODE, STATE,PAY_MODLE, SIM_NUM) values(34041, 'B0000808', '中国移动', 1, '预付费', 13100014040);
insert into T_TERMINALINFO (TERMINAL_ID,TTYPE_ID,SIM_ID,TERMINAL_CODE,ORG_CODE,IS_VIDEO_TERMINAL,SP_SERVER_NAME,PROTOCOL_TYPE,CHANNELS,YT_PROTOCOL_TYPE) values(340041, 4, 34041, '1014040', 'B0000808',1,'1076测试服务器','4',8,'0');
insert into V_VEHICLEINFO (ORG_CODE,VEHICLE_ID,ID_NUMBER,TYPE_ID,TERMINAL_ID,DELETE_FLAG,COLOR_ID_NUMBER_ID,AUTHORIZED_PAY_MASS) values ('B0000808','3400041', '测B14040', 4, 340041, 0, '2',15);

insert into T_SIMINFO (SIM_ID, ORG_CODE, DEPTCODE, STATE,PAY_MODLE, SIM_NUM) values(34042, 'B0000808', '中国移动', 1, '预付费', 13100014041);
insert into T_TERMINALINFO (TERMINAL_ID,TTYPE_ID,SIM_ID,TERMINAL_CODE,ORG_CODE,IS_VIDEO_TERMINAL,SP_SERVER_NAME,PROTOCOL_TYPE,CHANNELS,YT_PROTOCOL_TYPE) values(340042, 4, 34042, '1014041', 'B0000808',1,'1076测试服务器','4',8,'0');
insert into V_VEHICLEINFO (ORG_CODE,VEHICLE_ID,ID_NUMBER,TYPE_ID,TERMINAL_ID,DELETE_FLAG,COLOR_ID_NUMBER_ID,AUTHORIZED_PAY_MASS) values ('B0000808','3400042', '测B14041', 4, 340042, 0, '2',15);

insert into T_SIMINFO (SIM_ID, ORG_CODE, DEPTCODE, STATE,PAY_MODLE, SIM_NUM) values(34043, 'B0000808', '中国移动', 1, '预付费', 13100014042);
insert into T_TERMINALINFO (TERMINAL_ID,TTYPE_ID,SIM_ID,TERMINAL_CODE,ORG_CODE,IS_VIDEO_TERMINAL,SP_SERVER_NAME,PROTOCOL_TYPE,CHANNELS,YT_PROTOCOL_TYPE) values(340043, 4, 34043, '1014042', 'B0000808',1,'1076测试服务器','4',8,'0');
insert into V_VEHICLEINFO (ORG_CODE,VEHICLE_ID,ID_NUMBER,TYPE_ID,TERMINAL_ID,DELETE_FLAG,COLOR_ID_NUMBER_ID,AUTHORIZED_PAY_MASS) values ('B0000808','3400043', '测B14042', 4, 340043, 0, '2',15);

insert into T_SIMINFO (SIM_ID, ORG_CODE, DEPTCODE, STATE,PAY_MODLE, SIM_NUM) values(34044, 'B0000808', '中国移动', 1, '预付费', 13100014043);
insert into T_TERMINALINFO (TERMINAL_ID,TTYPE_ID,SIM_ID,TERMINAL_CODE,ORG_CODE,IS_VIDEO_TERMINAL,SP_SERVER_NAME,PROTOCOL_TYPE,CHANNELS,YT_PROTOCOL_TYPE) values(340044, 4, 34044, '1014043', 'B0000808',1,'1076测试服务器','4',8,'0');
insert into V_VEHICLEINFO (ORG_CODE,VEHICLE_ID,ID_NUMBER,TYPE_ID,TERMINAL_ID,DELETE_FLAG,COLOR_ID_NUMBER_ID,AUTHORIZED_PAY_MASS) values ('B0000808','3400044', '测B14043', 4, 340044, 0, '2',15);

insert into T_SIMINFO (SIM_ID, ORG_CODE, DEPTCODE, STATE,PAY_MODLE, SIM_NUM) values(34045, 'B0000808', '中国移动', 1, '预付费', 13100014044);
insert into T_TERMINALINFO (TERMINAL_ID,TTYPE_ID,SIM_ID,TERMINAL_CODE,ORG_CODE,IS_VIDEO_TERMINAL,SP_SERVER_NAME,PROTOCOL_TYPE,CHANNELS,YT_PROTOCOL_TYPE) values(340045, 4, 34045, '1014044', 'B0000808',1,'1076测试服务器','4',8,'0');
insert into V_VEHICLEINFO (ORG_CODE,VEHICLE_ID,ID_NUMBER,TYPE_ID,TERMINAL_ID,DELETE_FLAG,COLOR_ID_NUMBER_ID,AUTHORIZED_PAY_MASS) values ('B0000808','3400045', '测B14044', 4, 340045, 0, '2',15);

insert into T_SIMINFO (SIM_ID, ORG_CODE, DEPTCODE, STATE,PAY_MODLE, SIM_NUM) values(34046, 'B0000808', '中国移动', 1, '预付费', 13100014045);
insert into T_TERMINALINFO (TERMINAL_ID,TTYPE_ID,SIM_ID,TERMINAL_CODE,ORG_CODE,IS_VIDEO_TERMINAL,SP_SERVER_NAME,PROTOCOL_TYPE,CHANNELS,YT_PROTOCOL_TYPE) values(340046, 4, 34046, '1014045', 'B0000808',1,'1076测试服务器','4',8,'0');
insert into V_VEHICLEINFO (ORG_CODE,VEHICLE_ID,ID_NUMBER,TYPE_ID,TERMINAL_ID,DELETE_FLAG,COLOR_ID_NUMBER_ID,AUTHORIZED_PAY_MASS) values ('B0000808','3400046', '测B14045', 4, 340046, 0, '2',15);

insert into T_SIMINFO (SIM_ID, ORG_CODE, DEPTCODE, STATE,PAY_MODLE, SIM_NUM) values(34047, 'B0000808', '中国移动', 1, '预付费', 13100014046);
insert into T_TERMINALINFO (TERMINAL_ID,TTYPE_ID,SIM_ID,TERMINAL_CODE,ORG_CODE,IS_VIDEO_TERMINAL,SP_SERVER_NAME,PROTOCOL_TYPE,CHANNELS,YT_PROTOCOL_TYPE) values(340047, 4, 34047, '1014046', 'B0000808',1,'1076测试服务器','4',8,'0');
insert into V_VEHICLEINFO (ORG_CODE,VEHICLE_ID,ID_NUMBER,TYPE_ID,TERMINAL_ID,DELETE_FLAG,COLOR_ID_NUMBER_ID,AUTHORIZED_PAY_MASS) values ('B0000808','3400047', '测B14046', 4, 340047, 0, '2',15);

insert into T_SIMINFO (SIM_ID, ORG_CODE, DEPTCODE, STATE,PAY_MODLE, SIM_NUM) values(34048, 'B0000808', '中国移动', 1, '预付费', 13100014047);
insert into T_TERMINALINFO (TERMINAL_ID,TTYPE_ID,SIM_ID,TERMINAL_CODE,ORG_CODE,IS_VIDEO_TERMINAL,SP_SERVER_NAME,PROTOCOL_TYPE,CHANNELS,YT_PROTOCOL_TYPE) values(340048, 4, 34048, '1014047', 'B0000808',1,'1076测试服务器','4',8,'0');
insert into V_VEHICLEINFO (ORG_CODE,VEHICLE_ID,ID_NUMBER,TYPE_ID,TERMINAL_ID,DELETE_FLAG,COLOR_ID_NUMBER_ID,AUTHORIZED_PAY_MASS) values ('B0000808','3400048', '测B14047', 4, 340048, 0, '2',15);

insert into T_SIMINFO (SIM_ID, ORG_CODE, DEPTCODE, STATE,PAY_MODLE, SIM_NUM) values(34049, 'B0000808', '中国移动', 1, '预付费', 13100014048);
insert into T_TERMINALINFO (TERMINAL_ID,TTYPE_ID,SIM_ID,TERMINAL_CODE,ORG_CODE,IS_VIDEO_TERMINAL,SP_SERVER_NAME,PROTOCOL_TYPE,CHANNELS,YT_PROTOCOL_TYPE) values(340049, 4, 34049, '1014048', 'B0000808',1,'1076测试服务器','4',8,'0');
insert into V_VEHICLEINFO (ORG_CODE,VEHICLE_ID,ID_NUMBER,TYPE_ID,TERMINAL_ID,DELETE_FLAG,COLOR_ID_NUMBER_ID,AUTHORIZED_PAY_MASS) values ('B0000808','3400049', '测B14048', 4, 340049, 0, '2',15);

insert into T_SIMINFO (SIM_ID, ORG_CODE, DEPTCODE, STATE,PAY_MODLE, SIM_NUM) values(34050, 'B0000808', '中国移动', 1, '预付费', 13100014049);
insert into T_TERMINALINFO (TERMINAL_ID,TTYPE_ID,SIM_ID,TERMINAL_CODE,ORG_CODE,IS_VIDEO_TERMINAL,SP_SERVER_NAME,PROTOCOL_TYPE,CHANNELS,YT_PROTOCOL_TYPE) values(340050, 4, 34050, '1014049', 'B0000808',1,'1076测试服务器','4',8,'0');
insert into V_VEHICLEINFO (ORG_CODE,VEHICLE_ID,ID_NUMBER,TYPE_ID,TERMINAL_ID,DELETE_FLAG,COLOR_ID_NUMBER_ID,AUTHORIZED_PAY_MASS) values ('B0000808','3400050', '测B14049', 4, 340050, 0, '2',15);

insert into T_SIMINFO (SIM_ID, ORG_CODE, DEPTCODE, STATE,PAY_MODLE, SIM_NUM) values(34051, 'B0000808', '中国移动', 1, '预付费', 13100014050);
insert into T_TERMINALINFO (TERMINAL_ID,TTYPE_ID,SIM_ID,TERMINAL_CODE,ORG_CODE,IS_VIDEO_TERMINAL,SP_SERVER_NAME,PROTOCOL_TYPE,CHANNELS,YT_PROTOCOL_TYPE) values(340051, 4, 34051, '1014050', 'B0000808',1,'1076测试服务器','4',8,'0');
insert into V_VEHICLEINFO (ORG_CODE,VEHICLE_ID,ID_NUMBER,TYPE_ID,TERMINAL_ID,DELETE_FLAG,COLOR_ID_NUMBER_ID,AUTHORIZED_PAY_MASS) values ('B0000808','3400051', '测B14050', 4, 340051, 0, '2',15);

insert into T_SIMINFO (SIM_ID, ORG_CODE, DEPTCODE, STATE,PAY_MODLE, SIM_NUM) values(34052, 'B0000808', '中国移动', 1, '预付费', 13100014051);
insert into T_TERMINALINFO (TERMINAL_ID,TTYPE_ID,SIM_ID,TERMINAL_CODE,ORG_CODE,IS_VIDEO_TERMINAL,SP_SERVER_NAME,PROTOCOL_TYPE,CHANNELS,YT_PROTOCOL_TYPE) values(340052, 4, 34052, '1014051', 'B0000808',1,'1076测试服务器','4',8,'0');
insert into V_VEHICLEINFO (ORG_CODE,VEHICLE_ID,ID_NUMBER,TYPE_ID,TERMINAL_ID,DELETE_FLAG,COLOR_ID_NUMBER_ID,AUTHORIZED_PAY_MASS) values ('B0000808','3400052', '测B14051', 4, 340052, 0, '2',15);

insert into T_SIMINFO (SIM_ID, ORG_CODE, DEPTCODE, STATE,PAY_MODLE, SIM_NUM) values(34053, 'B0000808', '中国移动', 1, '预付费', 13100014052);
insert into T_TERMINALINFO (TERMINAL_ID,TTYPE_ID,SIM_ID,TERMINAL_CODE,ORG_CODE,IS_VIDEO_TERMINAL,SP_SERVER_NAME,PROTOCOL_TYPE,CHANNELS,YT_PROTOCOL_TYPE) values(340053, 4, 34053, '1014052', 'B0000808',1,'1076测试服务器','4',8,'0');
insert into V_VEHICLEINFO (ORG_CODE,VEHICLE_ID,ID_NUMBER,TYPE_ID,TERMINAL_ID,DELETE_FLAG,COLOR_ID_NUMBER_ID,AUTHORIZED_PAY_MASS) values ('B0000808','3400053', '测B14052', 4, 340053, 0, '2',15);

insert into T_SIMINFO (SIM_ID, ORG_CODE, DEPTCODE, STATE,PAY_MODLE, SIM_NUM) values(34054, 'B0000808', '中国移动', 1, '预付费', 13100014053);
insert into T_TERMINALINFO (TERMINAL_ID,TTYPE_ID,SIM_ID,TERMINAL_CODE,ORG_CODE,IS_VIDEO_TERMINAL,SP_SERVER_NAME,PROTOCOL_TYPE,CHANNELS,YT_PROTOCOL_TYPE) values(340054, 4, 34054, '1014053', 'B0000808',1,'1076测试服务器','4',8,'0');
insert into V_VEHICLEINFO (ORG_CODE,VEHICLE_ID,ID_NUMBER,TYPE_ID,TERMINAL_ID,DELETE_FLAG,COLOR_ID_NUMBER_ID,AUTHORIZED_PAY_MASS) values ('B0000808','3400054', '测B14053', 4, 340054, 0, '2',15);

insert into T_SIMINFO (SIM_ID, ORG_CODE, DEPTCODE, STATE,PAY_MODLE, SIM_NUM) values(34055, 'B0000808', '中国移动', 1, '预付费', 13100014054);
insert into T_TERMINALINFO (TERMINAL_ID,TTYPE_ID,SIM_ID,TERMINAL_CODE,ORG_CODE,IS_VIDEO_TERMINAL,SP_SERVER_NAME,PROTOCOL_TYPE,CHANNELS,YT_PROTOCOL_TYPE) values(340055, 4, 34055, '1014054', 'B0000808',1,'1076测试服务器','4',8,'0');
insert into V_VEHICLEINFO (ORG_CODE,VEHICLE_ID,ID_NUMBER,TYPE_ID,TERMINAL_ID,DELETE_FLAG,COLOR_ID_NUMBER_ID,AUTHORIZED_PAY_MASS) values ('B0000808','3400055', '测B14054', 4, 340055, 0, '2',15);

insert into T_SIMINFO (SIM_ID, ORG_CODE, DEPTCODE, STATE,PAY_MODLE, SIM_NUM) values(34056, 'B0000808', '中国移动', 1, '预付费', 13100014055);
insert into T_TERMINALINFO (TERMINAL_ID,TTYPE_ID,SIM_ID,TERMINAL_CODE,ORG_CODE,IS_VIDEO_TERMINAL,SP_SERVER_NAME,PROTOCOL_TYPE,CHANNELS,YT_PROTOCOL_TYPE) values(340056, 4, 34056, '1014055', 'B0000808',1,'1076测试服务器','4',8,'0');
insert into V_VEHICLEINFO (ORG_CODE,VEHICLE_ID,ID_NUMBER,TYPE_ID,TERMINAL_ID,DELETE_FLAG,COLOR_ID_NUMBER_ID,AUTHORIZED_PAY_MASS) values ('B0000808','3400056', '测B14055', 4, 340056, 0, '2',15);

insert into T_SIMINFO (SIM_ID, ORG_CODE, DEPTCODE, STATE,PAY_MODLE, SIM_NUM) values(34057, 'B0000808', '中国移动', 1, '预付费', 13100014056);
insert into T_TERMINALINFO (TERMINAL_ID,TTYPE_ID,SIM_ID,TERMINAL_CODE,ORG_CODE,IS_VIDEO_TERMINAL,SP_SERVER_NAME,PROTOCOL_TYPE,CHANNELS,YT_PROTOCOL_TYPE) values(340057, 4, 34057, '1014056', 'B0000808',1,'1076测试服务器','4',8,'0');
insert into V_VEHICLEINFO (ORG_CODE,VEHICLE_ID,ID_NUMBER,TYPE_ID,TERMINAL_ID,DELETE_FLAG,COLOR_ID_NUMBER_ID,AUTHORIZED_PAY_MASS) values ('B0000808','3400057', '测B14056', 4, 340057, 0, '2',15);

insert into T_SIMINFO (SIM_ID, ORG_CODE, DEPTCODE, STATE,PAY_MODLE, SIM_NUM) values(34058, 'B0000808', '中国移动', 1, '预付费', 13100014057);
insert into T_TERMINALINFO (TERMINAL_ID,TTYPE_ID,SIM_ID,TERMINAL_CODE,ORG_CODE,IS_VIDEO_TERMINAL,SP_SERVER_NAME,PROTOCOL_TYPE,CHANNELS,YT_PROTOCOL_TYPE) values(340058, 4, 34058, '1014057', 'B0000808',1,'1076测试服务器','4',8,'0');
insert into V_VEHICLEINFO (ORG_CODE,VEHICLE_ID,ID_NUMBER,TYPE_ID,TERMINAL_ID,DELETE_FLAG,COLOR_ID_NUMBER_ID,AUTHORIZED_PAY_MASS) values ('B0000808','3400058', '测B14057', 4, 340058, 0, '2',15);

insert into T_SIMINFO (SIM_ID, ORG_CODE, DEPTCODE, STATE,PAY_MODLE, SIM_NUM) values(34059, 'B0000808', '中国移动', 1, '预付费', 13100014058);
insert into T_TERMINALINFO (TERMINAL_ID,TTYPE_ID,SIM_ID,TERMINAL_CODE,ORG_CODE,IS_VIDEO_TERMINAL,SP_SERVER_NAME,PROTOCOL_TYPE,CHANNELS,YT_PROTOCOL_TYPE) values(340059, 4, 34059, '1014058', 'B0000808',1,'1076测试服务器','4',8,'0');
insert into V_VEHICLEINFO (ORG_CODE,VEHICLE_ID,ID_NUMBER,TYPE_ID,TERMINAL_ID,DELETE_FLAG,COLOR_ID_NUMBER_ID,AUTHORIZED_PAY_MASS) values ('B0000808','3400059', '测B14058', 4, 340059, 0, '2',15);

insert into T_SIMINFO (SIM_ID, ORG_CODE, DEPTCODE, STATE,PAY_MODLE, SIM_NUM) values(34060, 'B0000808', '中国移动', 1, '预付费', 13100014059);
insert into T_TERMINALINFO (TERMINAL_ID,TTYPE_ID,SIM_ID,TERMINAL_CODE,ORG_CODE,IS_VIDEO_TERMINAL,SP_SERVER_NAME,PROTOCOL_TYPE,CHANNELS,YT_PROTOCOL_TYPE) values(340060, 4, 34060, '1014059', 'B0000808',1,'1076测试服务器','4',8,'0');
insert into V_VEHICLEINFO (ORG_CODE,VEHICLE_ID,ID_NUMBER,TYPE_ID,TERMINAL_ID,DELETE_FLAG,COLOR_ID_NUMBER_ID,AUTHORIZED_PAY_MASS) values ('B0000808','3400060', '测B14059', 4, 340060, 0, '2',15);

insert into T_SIMINFO (SIM_ID, ORG_CODE, DEPTCODE, STATE,PAY_MODLE, SIM_NUM) values(34061, 'B0000808', '中国移动', 1, '预付费', 13100014060);
insert into T_TERMINALINFO (TERMINAL_ID,TTYPE_ID,SIM_ID,TERMINAL_CODE,ORG_CODE,IS_VIDEO_TERMINAL,SP_SERVER_NAME,PROTOCOL_TYPE,CHANNELS,YT_PROTOCOL_TYPE) values(340061, 4, 34061, '1014060', 'B0000808',1,'1076测试服务器','4',8,'0');
insert into V_VEHICLEINFO (ORG_CODE,VEHICLE_ID,ID_NUMBER,TYPE_ID,TERMINAL_ID,DELETE_FLAG,COLOR_ID_NUMBER_ID,AUTHORIZED_PAY_MASS) values ('B0000808','3400061', '测B14060', 4, 340061, 0, '2',15);

insert into T_SIMINFO (SIM_ID, ORG_CODE, DEPTCODE, STATE,PAY_MODLE, SIM_NUM) values(34062, 'B0000808', '中国移动', 1, '预付费', 13100014061);
insert into T_TERMINALINFO (TERMINAL_ID,TTYPE_ID,SIM_ID,TERMINAL_CODE,ORG_CODE,IS_VIDEO_TERMINAL,SP_SERVER_NAME,PROTOCOL_TYPE,CHANNELS,YT_PROTOCOL_TYPE) values(340062, 4, 34062, '1014061', 'B0000808',1,'1076测试服务器','4',8,'0');
insert into V_VEHICLEINFO (ORG_CODE,VEHICLE_ID,ID_NUMBER,TYPE_ID,TERMINAL_ID,DELETE_FLAG,COLOR_ID_NUMBER_ID,AUTHORIZED_PAY_MASS) values ('B0000808','3400062', '测B14061', 4, 340062, 0, '2',15);

insert into T_SIMINFO (SIM_ID, ORG_CODE, DEPTCODE, STATE,PAY_MODLE, SIM_NUM) values(34063, 'B0000808', '中国移动', 1, '预付费', 13100014062);
insert into T_TERMINALINFO (TERMINAL_ID,TTYPE_ID,SIM_ID,TERMINAL_CODE,ORG_CODE,IS_VIDEO_TERMINAL,SP_SERVER_NAME,PROTOCOL_TYPE,CHANNELS,YT_PROTOCOL_TYPE) values(340063, 4, 34063, '1014062', 'B0000808',1,'1076测试服务器','4',8,'0');
insert into V_VEHICLEINFO (ORG_CODE,VEHICLE_ID,ID_NUMBER,TYPE_ID,TERMINAL_ID,DELETE_FLAG,COLOR_ID_NUMBER_ID,AUTHORIZED_PAY_MASS) values ('B0000808','3400063', '测B14062', 4, 340063, 0, '2',15);

insert into T_SIMINFO (SIM_ID, ORG_CODE, DEPTCODE, STATE,PAY_MODLE, SIM_NUM) values(34064, 'B0000808', '中国移动', 1, '预付费', 13100014063);
insert into T_TERMINALINFO (TERMINAL_ID,TTYPE_ID,SIM_ID,TERMINAL_CODE,ORG_CODE,IS_VIDEO_TERMINAL,SP_SERVER_NAME,PROTOCOL_TYPE,CHANNELS,YT_PROTOCOL_TYPE) values(340064, 4, 34064, '1014063', 'B0000808',1,'1076测试服务器','4',8,'0');
insert into V_VEHICLEINFO (ORG_CODE,VEHICLE_ID,ID_NUMBER,TYPE_ID,TERMINAL_ID,DELETE_FLAG,COLOR_ID_NUMBER_ID,AUTHORIZED_PAY_MASS) values ('B0000808','3400064', '测B14063', 4, 340064, 0, '2',15);

insert into T_SIMINFO (SIM_ID, ORG_CODE, DEPTCODE, STATE,PAY_MODLE, SIM_NUM) values(34065, 'B0000808', '中国移动', 1, '预付费', 13100014064);
insert into T_TERMINALINFO (TERMINAL_ID,TTYPE_ID,SIM_ID,TERMINAL_CODE,ORG_CODE,IS_VIDEO_TERMINAL,SP_SERVER_NAME,PROTOCOL_TYPE,CHANNELS,YT_PROTOCOL_TYPE) values(340065, 4, 34065, '1014064', 'B0000808',1,'1076测试服务器','4',8,'0');
insert into V_VEHICLEINFO (ORG_CODE,VEHICLE_ID,ID_NUMBER,TYPE_ID,TERMINAL_ID,DELETE_FLAG,COLOR_ID_NUMBER_ID,AUTHORIZED_PAY_MASS) values ('B0000808','3400065', '测B14064', 4, 340065, 0, '2',15);

insert into T_SIMINFO (SIM_ID, ORG_CODE, DEPTCODE, STATE,PAY_MODLE, SIM_NUM) values(34066, 'B0000808', '中国移动', 1, '预付费', 13100014065);
insert into T_TERMINALINFO (TERMINAL_ID,TTYPE_ID,SIM_ID,TERMINAL_CODE,ORG_CODE,IS_VIDEO_TERMINAL,SP_SERVER_NAME,PROTOCOL_TYPE,CHANNELS,YT_PROTOCOL_TYPE) values(340066, 4, 34066, '1014065', 'B0000808',1,'1076测试服务器','4',8,'0');
insert into V_VEHICLEINFO (ORG_CODE,VEHICLE_ID,ID_NUMBER,TYPE_ID,TERMINAL_ID,DELETE_FLAG,COLOR_ID_NUMBER_ID,AUTHORIZED_PAY_MASS) values ('B0000808','3400066', '测B14065', 4, 340066, 0, '2',15);

insert into T_SIMINFO (SIM_ID, ORG_CODE, DEPTCODE, STATE,PAY_MODLE, SIM_NUM) values(34067, 'B0000808', '中国移动', 1, '预付费', 13100014066);
insert into T_TERMINALINFO (TERMINAL_ID,TTYPE_ID,SIM_ID,TERMINAL_CODE,ORG_CODE,IS_VIDEO_TERMINAL,SP_SERVER_NAME,PROTOCOL_TYPE,CHANNELS,YT_PROTOCOL_TYPE) values(340067, 4, 34067, '1014066', 'B0000808',1,'1076测试服务器','4',8,'0');
insert into V_VEHICLEINFO (ORG_CODE,VEHICLE_ID,ID_NUMBER,TYPE_ID,TERMINAL_ID,DELETE_FLAG,COLOR_ID_NUMBER_ID,AUTHORIZED_PAY_MASS) values ('B0000808','3400067', '测B14066', 4, 340067, 0, '2',15);

insert into T_SIMINFO (SIM_ID, ORG_CODE, DEPTCODE, STATE,PAY_MODLE, SIM_NUM) values(34068, 'B0000808', '中国移动', 1, '预付费', 13100014067);
insert into T_TERMINALINFO (TERMINAL_ID,TTYPE_ID,SIM_ID,TERMINAL_CODE,ORG_CODE,IS_VIDEO_TERMINAL,SP_SERVER_NAME,PROTOCOL_TYPE,CHANNELS,YT_PROTOCOL_TYPE) values(340068, 4, 34068, '1014067', 'B0000808',1,'1076测试服务器','4',8,'0');
insert into V_VEHICLEINFO (ORG_CODE,VEHICLE_ID,ID_NUMBER,TYPE_ID,TERMINAL_ID,DELETE_FLAG,COLOR_ID_NUMBER_ID,AUTHORIZED_PAY_MASS) values ('B0000808','3400068', '测B14067', 4, 340068, 0, '2',15);

insert into T_SIMINFO (SIM_ID, ORG_CODE, DEPTCODE, STATE,PAY_MODLE, SIM_NUM) values(34069, 'B0000808', '中国移动', 1, '预付费', 13100014068);
insert into T_TERMINALINFO (TERMINAL_ID,TTYPE_ID,SIM_ID,TERMINAL_CODE,ORG_CODE,IS_VIDEO_TERMINAL,SP_SERVER_NAME,PROTOCOL_TYPE,CHANNELS,YT_PROTOCOL_TYPE) values(340069, 4, 34069, '1014068', 'B0000808',1,'1076测试服务器','4',8,'0');
insert into V_VEHICLEINFO (ORG_CODE,VEHICLE_ID,ID_NUMBER,TYPE_ID,TERMINAL_ID,DELETE_FLAG,COLOR_ID_NUMBER_ID,AUTHORIZED_PAY_MASS) values ('B0000808','3400069', '测B14068', 4, 340069, 0, '2',15);

insert into T_SIMINFO (SIM_ID, ORG_CODE, DEPTCODE, STATE,PAY_MODLE, SIM_NUM) values(34070, 'B0000808', '中国移动', 1, '预付费', 13100014069);
insert into T_TERMINALINFO (TERMINAL_ID,TTYPE_ID,SIM_ID,TERMINAL_CODE,ORG_CODE,IS_VIDEO_TERMINAL,SP_SERVER_NAME,PROTOCOL_TYPE,CHANNELS,YT_PROTOCOL_TYPE) values(340070, 4, 34070, '1014069', 'B0000808',1,'1076测试服务器','4',8,'0');
insert into V_VEHICLEINFO (ORG_CODE,VEHICLE_ID,ID_NUMBER,TYPE_ID,TERMINAL_ID,DELETE_FLAG,COLOR_ID_NUMBER_ID,AUTHORIZED_PAY_MASS) values ('B0000808','3400070', '测B14069', 4, 340070, 0, '2',15);

insert into T_SIMINFO (SIM_ID, ORG_CODE, DEPTCODE, STATE,PAY_MODLE, SIM_NUM) values(34071, 'B0000808', '中国移动', 1, '预付费', 13100014070);
insert into T_TERMINALINFO (TERMINAL_ID,TTYPE_ID,SIM_ID,TERMINAL_CODE,ORG_CODE,IS_VIDEO_TERMINAL,SP_SERVER_NAME,PROTOCOL_TYPE,CHANNELS,YT_PROTOCOL_TYPE) values(340071, 4, 34071, '1014070', 'B0000808',1,'1076测试服务器','4',8,'0');
insert into V_VEHICLEINFO (ORG_CODE,VEHICLE_ID,ID_NUMBER,TYPE_ID,TERMINAL_ID,DELETE_FLAG,COLOR_ID_NUMBER_ID,AUTHORIZED_PAY_MASS) values ('B0000808','3400071', '测B14070', 4, 340071, 0, '2',15);

insert into T_SIMINFO (SIM_ID, ORG_CODE, DEPTCODE, STATE,PAY_MODLE, SIM_NUM) values(34072, 'B0000808', '中国移动', 1, '预付费', 13100014071);
insert into T_TERMINALINFO (TERMINAL_ID,TTYPE_ID,SIM_ID,TERMINAL_CODE,ORG_CODE,IS_VIDEO_TERMINAL,SP_SERVER_NAME,PROTOCOL_TYPE,CHANNELS,YT_PROTOCOL_TYPE) values(340072, 4, 34072, '1014071', 'B0000808',1,'1076测试服务器','4',8,'0');
insert into V_VEHICLEINFO (ORG_CODE,VEHICLE_ID,ID_NUMBER,TYPE_ID,TERMINAL_ID,DELETE_FLAG,COLOR_ID_NUMBER_ID,AUTHORIZED_PAY_MASS) values ('B0000808','3400072', '测B14071', 4, 340072, 0, '2',15);

insert into T_SIMINFO (SIM_ID, ORG_CODE, DEPTCODE, STATE,PAY_MODLE, SIM_NUM) values(34073, 'B0000808', '中国移动', 1, '预付费', 13100014072);
insert into T_TERMINALINFO (TERMINAL_ID,TTYPE_ID,SIM_ID,TERMINAL_CODE,ORG_CODE,IS_VIDEO_TERMINAL,SP_SERVER_NAME,PROTOCOL_TYPE,CHANNELS,YT_PROTOCOL_TYPE) values(340073, 4, 34073, '1014072', 'B0000808',1,'1076测试服务器','4',8,'0');
insert into V_VEHICLEINFO (ORG_CODE,VEHICLE_ID,ID_NUMBER,TYPE_ID,TERMINAL_ID,DELETE_FLAG,COLOR_ID_NUMBER_ID,AUTHORIZED_PAY_MASS) values ('B0000808','3400073', '测B14072', 4, 340073, 0, '2',15);

insert into T_SIMINFO (SIM_ID, ORG_CODE, DEPTCODE, STATE,PAY_MODLE, SIM_NUM) values(34074, 'B0000808', '中国移动', 1, '预付费', 13100014073);
insert into T_TERMINALINFO (TERMINAL_ID,TTYPE_ID,SIM_ID,TERMINAL_CODE,ORG_CODE,IS_VIDEO_TERMINAL,SP_SERVER_NAME,PROTOCOL_TYPE,CHANNELS,YT_PROTOCOL_TYPE) values(340074, 4, 34074, '1014073', 'B0000808',1,'1076测试服务器','4',8,'0');
insert into V_VEHICLEINFO (ORG_CODE,VEHICLE_ID,ID_NUMBER,TYPE_ID,TERMINAL_ID,DELETE_FLAG,COLOR_ID_NUMBER_ID,AUTHORIZED_PAY_MASS) values ('B0000808','3400074', '测B14073', 4, 340074, 0, '2',15);

insert into T_SIMINFO (SIM_ID, ORG_CODE, DEPTCODE, STATE,PAY_MODLE, SIM_NUM) values(34075, 'B0000808', '中国移动', 1, '预付费', 13100014074);
insert into T_TERMINALINFO (TERMINAL_ID,TTYPE_ID,SIM_ID,TERMINAL_CODE,ORG_CODE,IS_VIDEO_TERMINAL,SP_SERVER_NAME,PROTOCOL_TYPE,CHANNELS,YT_PROTOCOL_TYPE) values(340075, 4, 34075, '1014074', 'B0000808',1,'1076测试服务器','4',8,'0');
insert into V_VEHICLEINFO (ORG_CODE,VEHICLE_ID,ID_NUMBER,TYPE_ID,TERMINAL_ID,DELETE_FLAG,COLOR_ID_NUMBER_ID,AUTHORIZED_PAY_MASS) values ('B0000808','3400075', '测B14074', 4, 340075, 0, '2',15);

insert into T_SIMINFO (SIM_ID, ORG_CODE, DEPTCODE, STATE,PAY_MODLE, SIM_NUM) values(34076, 'B0000808', '中国移动', 1, '预付费', 13100014075);
insert into T_TERMINALINFO (TERMINAL_ID,TTYPE_ID,SIM_ID,TERMINAL_CODE,ORG_CODE,IS_VIDEO_TERMINAL,SP_SERVER_NAME,PROTOCOL_TYPE,CHANNELS,YT_PROTOCOL_TYPE) values(340076, 4, 34076, '1014075', 'B0000808',1,'1076测试服务器','4',8,'0');
insert into V_VEHICLEINFO (ORG_CODE,VEHICLE_ID,ID_NUMBER,TYPE_ID,TERMINAL_ID,DELETE_FLAG,COLOR_ID_NUMBER_ID,AUTHORIZED_PAY_MASS) values ('B0000808','3400076', '测B14075', 4, 340076, 0, '2',15);

insert into T_SIMINFO (SIM_ID, ORG_CODE, DEPTCODE, STATE,PAY_MODLE, SIM_NUM) values(34077, 'B0000808', '中国移动', 1, '预付费', 13100014076);
insert into T_TERMINALINFO (TERMINAL_ID,TTYPE_ID,SIM_ID,TERMINAL_CODE,ORG_CODE,IS_VIDEO_TERMINAL,SP_SERVER_NAME,PROTOCOL_TYPE,CHANNELS,YT_PROTOCOL_TYPE) values(340077, 4, 34077, '1014076', 'B0000808',1,'1076测试服务器','4',8,'0');
insert into V_VEHICLEINFO (ORG_CODE,VEHICLE_ID,ID_NUMBER,TYPE_ID,TERMINAL_ID,DELETE_FLAG,COLOR_ID_NUMBER_ID,AUTHORIZED_PAY_MASS) values ('B0000808','3400077', '测B14076', 4, 340077, 0, '2',15);

insert into T_SIMINFO (SIM_ID, ORG_CODE, DEPTCODE, STATE,PAY_MODLE, SIM_NUM) values(34078, 'B0000808', '中国移动', 1, '预付费', 13100014077);
insert into T_TERMINALINFO (TERMINAL_ID,TTYPE_ID,SIM_ID,TERMINAL_CODE,ORG_CODE,IS_VIDEO_TERMINAL,SP_SERVER_NAME,PROTOCOL_TYPE,CHANNELS,YT_PROTOCOL_TYPE) values(340078, 4, 34078, '1014077', 'B0000808',1,'1076测试服务器','4',8,'0');
insert into V_VEHICLEINFO (ORG_CODE,VEHICLE_ID,ID_NUMBER,TYPE_ID,TERMINAL_ID,DELETE_FLAG,COLOR_ID_NUMBER_ID,AUTHORIZED_PAY_MASS) values ('B0000808','3400078', '测B14077', 4, 340078, 0, '2',15);

insert into T_SIMINFO (SIM_ID, ORG_CODE, DEPTCODE, STATE,PAY_MODLE, SIM_NUM) values(34079, 'B0000808', '中国移动', 1, '预付费', 13100014078);
insert into T_TERMINALINFO (TERMINAL_ID,TTYPE_ID,SIM_ID,TERMINAL_CODE,ORG_CODE,IS_VIDEO_TERMINAL,SP_SERVER_NAME,PROTOCOL_TYPE,CHANNELS,YT_PROTOCOL_TYPE) values(340079, 4, 34079, '1014078', 'B0000808',1,'1076测试服务器','4',8,'0');
insert into V_VEHICLEINFO (ORG_CODE,VEHICLE_ID,ID_NUMBER,TYPE_ID,TERMINAL_ID,DELETE_FLAG,COLOR_ID_NUMBER_ID,AUTHORIZED_PAY_MASS) values ('B0000808','3400079', '测B14078', 4, 340079, 0, '2',15);

insert into T_SIMINFO (SIM_ID, ORG_CODE, DEPTCODE, STATE,PAY_MODLE, SIM_NUM) values(34080, 'B0000808', '中国移动', 1, '预付费', 13100014079);
insert into T_TERMINALINFO (TERMINAL_ID,TTYPE_ID,SIM_ID,TERMINAL_CODE,ORG_CODE,IS_VIDEO_TERMINAL,SP_SERVER_NAME,PROTOCOL_TYPE,CHANNELS,YT_PROTOCOL_TYPE) values(340080, 4, 34080, '1014079', 'B0000808',1,'1076测试服务器','4',8,'0');
insert into V_VEHICLEINFO (ORG_CODE,VEHICLE_ID,ID_NUMBER,TYPE_ID,TERMINAL_ID,DELETE_FLAG,COLOR_ID_NUMBER_ID,AUTHORIZED_PAY_MASS) values ('B0000808','3400080', '测B14079', 4, 340080, 0, '2',15);

insert into T_SIMINFO (SIM_ID, ORG_CODE, DEPTCODE, STATE,PAY_MODLE, SIM_NUM) values(34081, 'B0000808', '中国移动', 1, '预付费', 13100014080);
insert into T_TERMINALINFO (TERMINAL_ID,TTYPE_ID,SIM_ID,TERMINAL_CODE,ORG_CODE,IS_VIDEO_TERMINAL,SP_SERVER_NAME,PROTOCOL_TYPE,CHANNELS,YT_PROTOCOL_TYPE) values(340081, 4, 34081, '1014080', 'B0000808',1,'1076测试服务器','4',8,'0');
insert into V_VEHICLEINFO (ORG_CODE,VEHICLE_ID,ID_NUMBER,TYPE_ID,TERMINAL_ID,DELETE_FLAG,COLOR_ID_NUMBER_ID,AUTHORIZED_PAY_MASS) values ('B0000808','3400081', '测B14080', 4, 340081, 0, '2',15);

insert into T_SIMINFO (SIM_ID, ORG_CODE, DEPTCODE, STATE,PAY_MODLE, SIM_NUM) values(34082, 'B0000808', '中国移动', 1, '预付费', 13100014081);
insert into T_TERMINALINFO (TERMINAL_ID,TTYPE_ID,SIM_ID,TERMINAL_CODE,ORG_CODE,IS_VIDEO_TERMINAL,SP_SERVER_NAME,PROTOCOL_TYPE,CHANNELS,YT_PROTOCOL_TYPE) values(340082, 4, 34082, '1014081', 'B0000808',1,'1076测试服务器','4',8,'0');
insert into V_VEHICLEINFO (ORG_CODE,VEHICLE_ID,ID_NUMBER,TYPE_ID,TERMINAL_ID,DELETE_FLAG,COLOR_ID_NUMBER_ID,AUTHORIZED_PAY_MASS) values ('B0000808','3400082', '测B14081', 4, 340082, 0, '2',15);

insert into T_SIMINFO (SIM_ID, ORG_CODE, DEPTCODE, STATE,PAY_MODLE, SIM_NUM) values(34083, 'B0000808', '中国移动', 1, '预付费', 13100014082);
insert into T_TERMINALINFO (TERMINAL_ID,TTYPE_ID,SIM_ID,TERMINAL_CODE,ORG_CODE,IS_VIDEO_TERMINAL,SP_SERVER_NAME,PROTOCOL_TYPE,CHANNELS,YT_PROTOCOL_TYPE) values(340083, 4, 34083, '1014082', 'B0000808',1,'1076测试服务器','4',8,'0');
insert into V_VEHICLEINFO (ORG_CODE,VEHICLE_ID,ID_NUMBER,TYPE_ID,TERMINAL_ID,DELETE_FLAG,COLOR_ID_NUMBER_ID,AUTHORIZED_PAY_MASS) values ('B0000808','3400083', '测B14082', 4, 340083, 0, '2',15);

insert into T_SIMINFO (SIM_ID, ORG_CODE, DEPTCODE, STATE,PAY_MODLE, SIM_NUM) values(34084, 'B0000808', '中国移动', 1, '预付费', 13100014083);
insert into T_TERMINALINFO (TERMINAL_ID,TTYPE_ID,SIM_ID,TERMINAL_CODE,ORG_CODE,IS_VIDEO_TERMINAL,SP_SERVER_NAME,PROTOCOL_TYPE,CHANNELS,YT_PROTOCOL_TYPE) values(340084, 4, 34084, '1014083', 'B0000808',1,'1076测试服务器','4',8,'0');
insert into V_VEHICLEINFO (ORG_CODE,VEHICLE_ID,ID_NUMBER,TYPE_ID,TERMINAL_ID,DELETE_FLAG,COLOR_ID_NUMBER_ID,AUTHORIZED_PAY_MASS) values ('B0000808','3400084', '测B14083', 4, 340084, 0, '2',15);

insert into T_SIMINFO (SIM_ID, ORG_CODE, DEPTCODE, STATE,PAY_MODLE, SIM_NUM) values(34085, 'B0000808', '中国移动', 1, '预付费', 13100014084);
insert into T_TERMINALINFO (TERMINAL_ID,TTYPE_ID,SIM_ID,TERMINAL_CODE,ORG_CODE,IS_VIDEO_TERMINAL,SP_SERVER_NAME,PROTOCOL_TYPE,CHANNELS,YT_PROTOCOL_TYPE) values(340085, 4, 34085, '1014084', 'B0000808',1,'1076测试服务器','4',8,'0');
insert into V_VEHICLEINFO (ORG_CODE,VEHICLE_ID,ID_NUMBER,TYPE_ID,TERMINAL_ID,DELETE_FLAG,COLOR_ID_NUMBER_ID,AUTHORIZED_PAY_MASS) values ('B0000808','3400085', '测B14084', 4, 340085, 0, '2',15);

insert into T_SIMINFO (SIM_ID, ORG_CODE, DEPTCODE, STATE,PAY_MODLE, SIM_NUM) values(34086, 'B0000808', '中国移动', 1, '预付费', 13100014085);
insert into T_TERMINALINFO (TERMINAL_ID,TTYPE_ID,SIM_ID,TERMINAL_CODE,ORG_CODE,IS_VIDEO_TERMINAL,SP_SERVER_NAME,PROTOCOL_TYPE,CHANNELS,YT_PROTOCOL_TYPE) values(340086, 4, 34086, '1014085', 'B0000808',1,'1076测试服务器','4',8,'0');
insert into V_VEHICLEINFO (ORG_CODE,VEHICLE_ID,ID_NUMBER,TYPE_ID,TERMINAL_ID,DELETE_FLAG,COLOR_ID_NUMBER_ID,AUTHORIZED_PAY_MASS) values ('B0000808','3400086', '测B14085', 4, 340086, 0, '2',15);

insert into T_SIMINFO (SIM_ID, ORG_CODE, DEPTCODE, STATE,PAY_MODLE, SIM_NUM) values(34087, 'B0000808', '中国移动', 1, '预付费', 13100014086);
insert into T_TERMINALINFO (TERMINAL_ID,TTYPE_ID,SIM_ID,TERMINAL_CODE,ORG_CODE,IS_VIDEO_TERMINAL,SP_SERVER_NAME,PROTOCOL_TYPE,CHANNELS,YT_PROTOCOL_TYPE) values(340087, 4, 34087, '1014086', 'B0000808',1,'1076测试服务器','4',8,'0');
insert into V_VEHICLEINFO (ORG_CODE,VEHICLE_ID,ID_NUMBER,TYPE_ID,TERMINAL_ID,DELETE_FLAG,COLOR_ID_NUMBER_ID,AUTHORIZED_PAY_MASS) values ('B0000808','3400087', '测B14086', 4, 340087, 0, '2',15);

insert into T_SIMINFO (SIM_ID, ORG_CODE, DEPTCODE, STATE,PAY_MODLE, SIM_NUM) values(34088, 'B0000808', '中国移动', 1, '预付费', 13100014087);
insert into T_TERMINALINFO (TERMINAL_ID,TTYPE_ID,SIM_ID,TERMINAL_CODE,ORG_CODE,IS_VIDEO_TERMINAL,SP_SERVER_NAME,PROTOCOL_TYPE,CHANNELS,YT_PROTOCOL_TYPE) values(340088, 4, 34088, '1014087', 'B0000808',1,'1076测试服务器','4',8,'0');
insert into V_VEHICLEINFO (ORG_CODE,VEHICLE_ID,ID_NUMBER,TYPE_ID,TERMINAL_ID,DELETE_FLAG,COLOR_ID_NUMBER_ID,AUTHORIZED_PAY_MASS) values ('B0000808','3400088', '测B14087', 4, 340088, 0, '2',15);

insert into T_SIMINFO (SIM_ID, ORG_CODE, DEPTCODE, STATE,PAY_MODLE, SIM_NUM) values(34089, 'B0000808', '中国移动', 1, '预付费', 13100014088);
insert into T_TERMINALINFO (TERMINAL_ID,TTYPE_ID,SIM_ID,TERMINAL_CODE,ORG_CODE,IS_VIDEO_TERMINAL,SP_SERVER_NAME,PROTOCOL_TYPE,CHANNELS,YT_PROTOCOL_TYPE) values(340089, 4, 34089, '1014088', 'B0000808',1,'1076测试服务器','4',8,'0');
insert into V_VEHICLEINFO (ORG_CODE,VEHICLE_ID,ID_NUMBER,TYPE_ID,TERMINAL_ID,DELETE_FLAG,COLOR_ID_NUMBER_ID,AUTHORIZED_PAY_MASS) values ('B0000808','3400089', '测B14088', 4, 340089, 0, '2',15);

insert into T_SIMINFO (SIM_ID, ORG_CODE, DEPTCODE, STATE,PAY_MODLE, SIM_NUM) values(34090, 'B0000808', '中国移动', 1, '预付费', 13100014089);
insert into T_TERMINALINFO (TERMINAL_ID,TTYPE_ID,SIM_ID,TERMINAL_CODE,ORG_CODE,IS_VIDEO_TERMINAL,SP_SERVER_NAME,PROTOCOL_TYPE,CHANNELS,YT_PROTOCOL_TYPE) values(340090, 4, 34090, '1014089', 'B0000808',1,'1076测试服务器','4',8,'0');
insert into V_VEHICLEINFO (ORG_CODE,VEHICLE_ID,ID_NUMBER,TYPE_ID,TERMINAL_ID,DELETE_FLAG,COLOR_ID_NUMBER_ID,AUTHORIZED_PAY_MASS) values ('B0000808','3400090', '测B14089', 4, 340090, 0, '2',15);

insert into T_SIMINFO (SIM_ID, ORG_CODE, DEPTCODE, STATE,PAY_MODLE, SIM_NUM) values(34091, 'B0000808', '中国移动', 1, '预付费', 13100014090);
insert into T_TERMINALINFO (TERMINAL_ID,TTYPE_ID,SIM_ID,TERMINAL_CODE,ORG_CODE,IS_VIDEO_TERMINAL,SP_SERVER_NAME,PROTOCOL_TYPE,CHANNELS,YT_PROTOCOL_TYPE) values(340091, 4, 34091, '1014090', 'B0000808',1,'1076测试服务器','4',8,'0');
insert into V_VEHICLEINFO (ORG_CODE,VEHICLE_ID,ID_NUMBER,TYPE_ID,TERMINAL_ID,DELETE_FLAG,COLOR_ID_NUMBER_ID,AUTHORIZED_PAY_MASS) values ('B0000808','3400091', '测B14090', 4, 340091, 0, '2',15);

insert into T_SIMINFO (SIM_ID, ORG_CODE, DEPTCODE, STATE,PAY_MODLE, SIM_NUM) values(34092, 'B0000808', '中国移动', 1, '预付费', 13100014091);
insert into T_TERMINALINFO (TERMINAL_ID,TTYPE_ID,SIM_ID,TERMINAL_CODE,ORG_CODE,IS_VIDEO_TERMINAL,SP_SERVER_NAME,PROTOCOL_TYPE,CHANNELS,YT_PROTOCOL_TYPE) values(340092, 4, 34092, '1014091', 'B0000808',1,'1076测试服务器','4',8,'0');
insert into V_VEHICLEINFO (ORG_CODE,VEHICLE_ID,ID_NUMBER,TYPE_ID,TERMINAL_ID,DELETE_FLAG,COLOR_ID_NUMBER_ID,AUTHORIZED_PAY_MASS) values ('B0000808','3400092', '测B14091', 4, 340092, 0, '2',15);

insert into T_SIMINFO (SIM_ID, ORG_CODE, DEPTCODE, STATE,PAY_MODLE, SIM_NUM) values(34093, 'B0000808', '中国移动', 1, '预付费', 13100014092);
insert into T_TERMINALINFO (TERMINAL_ID,TTYPE_ID,SIM_ID,TERMINAL_CODE,ORG_CODE,IS_VIDEO_TERMINAL,SP_SERVER_NAME,PROTOCOL_TYPE,CHANNELS,YT_PROTOCOL_TYPE) values(340093, 4, 34093, '1014092', 'B0000808',1,'1076测试服务器','4',8,'0');
insert into V_VEHICLEINFO (ORG_CODE,VEHICLE_ID,ID_NUMBER,TYPE_ID,TERMINAL_ID,DELETE_FLAG,COLOR_ID_NUMBER_ID,AUTHORIZED_PAY_MASS) values ('B0000808','3400093', '测B14092', 4, 340093, 0, '2',15);

insert into T_SIMINFO (SIM_ID, ORG_CODE, DEPTCODE, STATE,PAY_MODLE, SIM_NUM) values(34094, 'B0000808', '中国移动', 1, '预付费', 13100014093);
insert into T_TERMINALINFO (TERMINAL_ID,TTYPE_ID,SIM_ID,TERMINAL_CODE,ORG_CODE,IS_VIDEO_TERMINAL,SP_SERVER_NAME,PROTOCOL_TYPE,CHANNELS,YT_PROTOCOL_TYPE) values(340094, 4, 34094, '1014093', 'B0000808',1,'1076测试服务器','4',8,'0');
insert into V_VEHICLEINFO (ORG_CODE,VEHICLE_ID,ID_NUMBER,TYPE_ID,TERMINAL_ID,DELETE_FLAG,COLOR_ID_NUMBER_ID,AUTHORIZED_PAY_MASS) values ('B0000808','3400094', '测B14093', 4, 340094, 0, '2',15);

insert into T_SIMINFO (SIM_ID, ORG_CODE, DEPTCODE, STATE,PAY_MODLE, SIM_NUM) values(34095, 'B0000808', '中国移动', 1, '预付费', 13100014094);
insert into T_TERMINALINFO (TERMINAL_ID,TTYPE_ID,SIM_ID,TERMINAL_CODE,ORG_CODE,IS_VIDEO_TERMINAL,SP_SERVER_NAME,PROTOCOL_TYPE,CHANNELS,YT_PROTOCOL_TYPE) values(340095, 4, 34095, '1014094', 'B0000808',1,'1076测试服务器','4',8,'0');
insert into V_VEHICLEINFO (ORG_CODE,VEHICLE_ID,ID_NUMBER,TYPE_ID,TERMINAL_ID,DELETE_FLAG,COLOR_ID_NUMBER_ID,AUTHORIZED_PAY_MASS) values ('B0000808','3400095', '测B14094', 4, 340095, 0, '2',15);

insert into T_SIMINFO (SIM_ID, ORG_CODE, DEPTCODE, STATE,PAY_MODLE, SIM_NUM) values(34096, 'B0000808', '中国移动', 1, '预付费', 13100014095);
insert into T_TERMINALINFO (TERMINAL_ID,TTYPE_ID,SIM_ID,TERMINAL_CODE,ORG_CODE,IS_VIDEO_TERMINAL,SP_SERVER_NAME,PROTOCOL_TYPE,CHANNELS,YT_PROTOCOL_TYPE) values(340096, 4, 34096, '1014095', 'B0000808',1,'1076测试服务器','4',8,'0');
insert into V_VEHICLEINFO (ORG_CODE,VEHICLE_ID,ID_NUMBER,TYPE_ID,TERMINAL_ID,DELETE_FLAG,COLOR_ID_NUMBER_ID,AUTHORIZED_PAY_MASS) values ('B0000808','3400096', '测B14095', 4, 340096, 0, '2',15);

insert into T_SIMINFO (SIM_ID, ORG_CODE, DEPTCODE, STATE,PAY_MODLE, SIM_NUM) values(34097, 'B0000808', '中国移动', 1, '预付费', 13100014096);
insert into T_TERMINALINFO (TERMINAL_ID,TTYPE_ID,SIM_ID,TERMINAL_CODE,ORG_CODE,IS_VIDEO_TERMINAL,SP_SERVER_NAME,PROTOCOL_TYPE,CHANNELS,YT_PROTOCOL_TYPE) values(340097, 4, 34097, '1014096', 'B0000808',1,'1076测试服务器','4',8,'0');
insert into V_VEHICLEINFO (ORG_CODE,VEHICLE_ID,ID_NUMBER,TYPE_ID,TERMINAL_ID,DELETE_FLAG,COLOR_ID_NUMBER_ID,AUTHORIZED_PAY_MASS) values ('B0000808','3400097', '测B14096', 4, 340097, 0, '2',15);

insert into T_SIMINFO (SIM_ID, ORG_CODE, DEPTCODE, STATE,PAY_MODLE, SIM_NUM) values(34098, 'B0000808', '中国移动', 1, '预付费', 13100014097);
insert into T_TERMINALINFO (TERMINAL_ID,TTYPE_ID,SIM_ID,TERMINAL_CODE,ORG_CODE,IS_VIDEO_TERMINAL,SP_SERVER_NAME,PROTOCOL_TYPE,CHANNELS,YT_PROTOCOL_TYPE) values(340098, 4, 34098, '1014097', 'B0000808',1,'1076测试服务器','4',8,'0');
insert into V_VEHICLEINFO (ORG_CODE,VEHICLE_ID,ID_NUMBER,TYPE_ID,TERMINAL_ID,DELETE_FLAG,COLOR_ID_NUMBER_ID,AUTHORIZED_PAY_MASS) values ('B0000808','3400098', '测B14097', 4, 340098, 0, '2',15);

insert into T_SIMINFO (SIM_ID, ORG_CODE, DEPTCODE, STATE,PAY_MODLE, SIM_NUM) values(34099, 'B0000808', '中国移动', 1, '预付费', 13100014098);
insert into T_TERMINALINFO (TERMINAL_ID,TTYPE_ID,SIM_ID,TERMINAL_CODE,ORG_CODE,IS_VIDEO_TERMINAL,SP_SERVER_NAME,PROTOCOL_TYPE,CHANNELS,YT_PROTOCOL_TYPE) values(340099, 4, 34099, '1014098', 'B0000808',1,'1076测试服务器','4',8,'0');
insert into V_VEHICLEINFO (ORG_CODE,VEHICLE_ID,ID_NUMBER,TYPE_ID,TERMINAL_ID,DELETE_FLAG,COLOR_ID_NUMBER_ID,AUTHORIZED_PAY_MASS) values ('B0000808','3400099', '测B14098', 4, 340099, 0, '2',15);

insert into T_SIMINFO (SIM_ID, ORG_CODE, DEPTCODE, STATE,PAY_MODLE, SIM_NUM) values(34100, 'B0000808', '中国移动', 1, '预付费', 13100014099);
insert into T_TERMINALINFO (TERMINAL_ID,TTYPE_ID,SIM_ID,TERMINAL_CODE,ORG_CODE,IS_VIDEO_TERMINAL,SP_SERVER_NAME,PROTOCOL_TYPE,CHANNELS,YT_PROTOCOL_TYPE) values(340100, 4, 34100, '1014099', 'B0000808',1,'1076测试服务器','4',8,'0');
insert into V_VEHICLEINFO (ORG_CODE,VEHICLE_ID,ID_NUMBER,TYPE_ID,TERMINAL_ID,DELETE_FLAG,COLOR_ID_NUMBER_ID,AUTHORIZED_PAY_MASS) values ('B0000808','3400100', '测B14099', 4, 340100, 0, '2',15);

insert into T_SIMINFO (SIM_ID, ORG_CODE, DEPTCODE, STATE,PAY_MODLE, SIM_NUM) values(34101, 'B0000808', '中国移动', 1, '预付费', 13100014100);
insert into T_TERMINALINFO (TERMINAL_ID,TTYPE_ID,SIM_ID,TERMINAL_CODE,ORG_CODE,IS_VIDEO_TERMINAL,SP_SERVER_NAME,PROTOCOL_TYPE,CHANNELS,YT_PROTOCOL_TYPE) values(340101, 4, 34101, '1014100', 'B0000808',1,'1076测试服务器','4',8,'0');
insert into V_VEHICLEINFO (ORG_CODE,VEHICLE_ID,ID_NUMBER,TYPE_ID,TERMINAL_ID,DELETE_FLAG,COLOR_ID_NUMBER_ID,AUTHORIZED_PAY_MASS) values ('B0000808','3400101', '测B14100', 4, 340101, 0, '2',15);

insert into T_SIMINFO (SIM_ID, ORG_CODE, DEPTCODE, STATE,PAY_MODLE, SIM_NUM) values(34102, 'B0000808', '中国移动', 1, '预付费', 13100014101);
insert into T_TERMINALINFO (TERMINAL_ID,TTYPE_ID,SIM_ID,TERMINAL_CODE,ORG_CODE,IS_VIDEO_TERMINAL,SP_SERVER_NAME,PROTOCOL_TYPE,CHANNELS,YT_PROTOCOL_TYPE) values(340102, 4, 34102, '1014101', 'B0000808',1,'1076测试服务器','4',8,'0');
insert into V_VEHICLEINFO (ORG_CODE,VEHICLE_ID,ID_NUMBER,TYPE_ID,TERMINAL_ID,DELETE_FLAG,COLOR_ID_NUMBER_ID,AUTHORIZED_PAY_MASS) values ('B0000808','3400102', '测B14101', 4, 340102, 0, '2',15);

insert into T_SIMINFO (SIM_ID, ORG_CODE, DEPTCODE, STATE,PAY_MODLE, SIM_NUM) values(34103, 'B0000808', '中国移动', 1, '预付费', 13100014102);
insert into T_TERMINALINFO (TERMINAL_ID,TTYPE_ID,SIM_ID,TERMINAL_CODE,ORG_CODE,IS_VIDEO_TERMINAL,SP_SERVER_NAME,PROTOCOL_TYPE,CHANNELS,YT_PROTOCOL_TYPE) values(340103, 4, 34103, '1014102', 'B0000808',1,'1076测试服务器','4',8,'0');
insert into V_VEHICLEINFO (ORG_CODE,VEHICLE_ID,ID_NUMBER,TYPE_ID,TERMINAL_ID,DELETE_FLAG,COLOR_ID_NUMBER_ID,AUTHORIZED_PAY_MASS) values ('B0000808','3400103', '测B14102', 4, 340103, 0, '2',15);

insert into T_SIMINFO (SIM_ID, ORG_CODE, DEPTCODE, STATE,PAY_MODLE, SIM_NUM) values(34104, 'B0000808', '中国移动', 1, '预付费', 13100014103);
insert into T_TERMINALINFO (TERMINAL_ID,TTYPE_ID,SIM_ID,TERMINAL_CODE,ORG_CODE,IS_VIDEO_TERMINAL,SP_SERVER_NAME,PROTOCOL_TYPE,CHANNELS,YT_PROTOCOL_TYPE) values(340104, 4, 34104, '1014103', 'B0000808',1,'1076测试服务器','4',8,'0');
insert into V_VEHICLEINFO (ORG_CODE,VEHICLE_ID,ID_NUMBER,TYPE_ID,TERMINAL_ID,DELETE_FLAG,COLOR_ID_NUMBER_ID,AUTHORIZED_PAY_MASS) values ('B0000808','3400104', '测B14103', 4, 340104, 0, '2',15);

insert into T_SIMINFO (SIM_ID, ORG_CODE, DEPTCODE, STATE,PAY_MODLE, SIM_NUM) values(34105, 'B0000808', '中国移动', 1, '预付费', 13100014104);
insert into T_TERMINALINFO (TERMINAL_ID,TTYPE_ID,SIM_ID,TERMINAL_CODE,ORG_CODE,IS_VIDEO_TERMINAL,SP_SERVER_NAME,PROTOCOL_TYPE,CHANNELS,YT_PROTOCOL_TYPE) values(340105, 4, 34105, '1014104', 'B0000808',1,'1076测试服务器','4',8,'0');
insert into V_VEHICLEINFO (ORG_CODE,VEHICLE_ID,ID_NUMBER,TYPE_ID,TERMINAL_ID,DELETE_FLAG,COLOR_ID_NUMBER_ID,AUTHORIZED_PAY_MASS) values ('B0000808','3400105', '测B14104', 4, 340105, 0, '2',15);

insert into T_SIMINFO (SIM_ID, ORG_CODE, DEPTCODE, STATE,PAY_MODLE, SIM_NUM) values(34106, 'B0000808', '中国移动', 1, '预付费', 13100014105);
insert into T_TERMINALINFO (TERMINAL_ID,TTYPE_ID,SIM_ID,TERMINAL_CODE,ORG_CODE,IS_VIDEO_TERMINAL,SP_SERVER_NAME,PROTOCOL_TYPE,CHANNELS,YT_PROTOCOL_TYPE) values(340106, 4, 34106, '1014105', 'B0000808',1,'1076测试服务器','4',8,'0');
insert into V_VEHICLEINFO (ORG_CODE,VEHICLE_ID,ID_NUMBER,TYPE_ID,TERMINAL_ID,DELETE_FLAG,COLOR_ID_NUMBER_ID,AUTHORIZED_PAY_MASS) values ('B0000808','3400106', '测B14105', 4, 340106, 0, '2',15);

insert into T_SIMINFO (SIM_ID, ORG_CODE, DEPTCODE, STATE,PAY_MODLE, SIM_NUM) values(34107, 'B0000808', '中国移动', 1, '预付费', 13100014106);
insert into T_TERMINALINFO (TERMINAL_ID,TTYPE_ID,SIM_ID,TERMINAL_CODE,ORG_CODE,IS_VIDEO_TERMINAL,SP_SERVER_NAME,PROTOCOL_TYPE,CHANNELS,YT_PROTOCOL_TYPE) values(340107, 4, 34107, '1014106', 'B0000808',1,'1076测试服务器','4',8,'0');
insert into V_VEHICLEINFO (ORG_CODE,VEHICLE_ID,ID_NUMBER,TYPE_ID,TERMINAL_ID,DELETE_FLAG,COLOR_ID_NUMBER_ID,AUTHORIZED_PAY_MASS) values ('B0000808','3400107', '测B14106', 4, 340107, 0, '2',15);

insert into T_SIMINFO (SIM_ID, ORG_CODE, DEPTCODE, STATE,PAY_MODLE, SIM_NUM) values(34108, 'B0000808', '中国移动', 1, '预付费', 13100014107);
insert into T_TERMINALINFO (TERMINAL_ID,TTYPE_ID,SIM_ID,TERMINAL_CODE,ORG_CODE,IS_VIDEO_TERMINAL,SP_SERVER_NAME,PROTOCOL_TYPE,CHANNELS,YT_PROTOCOL_TYPE) values(340108, 4, 34108, '1014107', 'B0000808',1,'1076测试服务器','4',8,'0');
insert into V_VEHICLEINFO (ORG_CODE,VEHICLE_ID,ID_NUMBER,TYPE_ID,TERMINAL_ID,DELETE_FLAG,COLOR_ID_NUMBER_ID,AUTHORIZED_PAY_MASS) values ('B0000808','3400108', '测B14107', 4, 340108, 0, '2',15);

insert into T_SIMINFO (SIM_ID, ORG_CODE, DEPTCODE, STATE,PAY_MODLE, SIM_NUM) values(34109, 'B0000808', '中国移动', 1, '预付费', 13100014108);
insert into T_TERMINALINFO (TERMINAL_ID,TTYPE_ID,SIM_ID,TERMINAL_CODE,ORG_CODE,IS_VIDEO_TERMINAL,SP_SERVER_NAME,PROTOCOL_TYPE,CHANNELS,YT_PROTOCOL_TYPE) values(340109, 4, 34109, '1014108', 'B0000808',1,'1076测试服务器','4',8,'0');
insert into V_VEHICLEINFO (ORG_CODE,VEHICLE_ID,ID_NUMBER,TYPE_ID,TERMINAL_ID,DELETE_FLAG,COLOR_ID_NUMBER_ID,AUTHORIZED_PAY_MASS) values ('B0000808','3400109', '测B14108', 4, 340109, 0, '2',15);

insert into T_SIMINFO (SIM_ID, ORG_CODE, DEPTCODE, STATE,PAY_MODLE, SIM_NUM) values(34110, 'B0000808', '中国移动', 1, '预付费', 13100014109);
insert into T_TERMINALINFO (TERMINAL_ID,TTYPE_ID,SIM_ID,TERMINAL_CODE,ORG_CODE,IS_VIDEO_TERMINAL,SP_SERVER_NAME,PROTOCOL_TYPE,CHANNELS,YT_PROTOCOL_TYPE) values(340110, 4, 34110, '1014109', 'B0000808',1,'1076测试服务器','4',8,'0');
insert into V_VEHICLEINFO (ORG_CODE,VEHICLE_ID,ID_NUMBER,TYPE_ID,TERMINAL_ID,DELETE_FLAG,COLOR_ID_NUMBER_ID,AUTHORIZED_PAY_MASS) values ('B0000808','3400110', '测B14109', 4, 340110, 0, '2',15);

insert into T_SIMINFO (SIM_ID, ORG_CODE, DEPTCODE, STATE,PAY_MODLE, SIM_NUM) values(34111, 'B0000808', '中国移动', 1, '预付费', 13100014110);
insert into T_TERMINALINFO (TERMINAL_ID,TTYPE_ID,SIM_ID,TERMINAL_CODE,ORG_CODE,IS_VIDEO_TERMINAL,SP_SERVER_NAME,PROTOCOL_TYPE,CHANNELS,YT_PROTOCOL_TYPE) values(340111, 4, 34111, '1014110', 'B0000808',1,'1076测试服务器','4',8,'0');
insert into V_VEHICLEINFO (ORG_CODE,VEHICLE_ID,ID_NUMBER,TYPE_ID,TERMINAL_ID,DELETE_FLAG,COLOR_ID_NUMBER_ID,AUTHORIZED_PAY_MASS) values ('B0000808','3400111', '测B14110', 4, 340111, 0, '2',15);

insert into T_SIMINFO (SIM_ID, ORG_CODE, DEPTCODE, STATE,PAY_MODLE, SIM_NUM) values(34112, 'B0000808', '中国移动', 1, '预付费', 13100014111);
insert into T_TERMINALINFO (TERMINAL_ID,TTYPE_ID,SIM_ID,TERMINAL_CODE,ORG_CODE,IS_VIDEO_TERMINAL,SP_SERVER_NAME,PROTOCOL_TYPE,CHANNELS,YT_PROTOCOL_TYPE) values(340112, 4, 34112, '1014111', 'B0000808',1,'1076测试服务器','4',8,'0');
insert into V_VEHICLEINFO (ORG_CODE,VEHICLE_ID,ID_NUMBER,TYPE_ID,TERMINAL_ID,DELETE_FLAG,COLOR_ID_NUMBER_ID,AUTHORIZED_PAY_MASS) values ('B0000808','3400112', '测B14111', 4, 340112, 0, '2',15);

insert into T_SIMINFO (SIM_ID, ORG_CODE, DEPTCODE, STATE,PAY_MODLE, SIM_NUM) values(34113, 'B0000808', '中国移动', 1, '预付费', 13100014112);
insert into T_TERMINALINFO (TERMINAL_ID,TTYPE_ID,SIM_ID,TERMINAL_CODE,ORG_CODE,IS_VIDEO_TERMINAL,SP_SERVER_NAME,PROTOCOL_TYPE,CHANNELS,YT_PROTOCOL_TYPE) values(340113, 4, 34113, '1014112', 'B0000808',1,'1076测试服务器','4',8,'0');
insert into V_VEHICLEINFO (ORG_CODE,VEHICLE_ID,ID_NUMBER,TYPE_ID,TERMINAL_ID,DELETE_FLAG,COLOR_ID_NUMBER_ID,AUTHORIZED_PAY_MASS) values ('B0000808','3400113', '测B14112', 4, 340113, 0, '2',15);

insert into T_SIMINFO (SIM_ID, ORG_CODE, DEPTCODE, STATE,PAY_MODLE, SIM_NUM) values(34114, 'B0000808', '中国移动', 1, '预付费', 13100014113);
insert into T_TERMINALINFO (TERMINAL_ID,TTYPE_ID,SIM_ID,TERMINAL_CODE,ORG_CODE,IS_VIDEO_TERMINAL,SP_SERVER_NAME,PROTOCOL_TYPE,CHANNELS,YT_PROTOCOL_TYPE) values(340114, 4, 34114, '1014113', 'B0000808',1,'1076测试服务器','4',8,'0');
insert into V_VEHICLEINFO (ORG_CODE,VEHICLE_ID,ID_NUMBER,TYPE_ID,TERMINAL_ID,DELETE_FLAG,COLOR_ID_NUMBER_ID,AUTHORIZED_PAY_MASS) values ('B0000808','3400114', '测B14113', 4, 340114, 0, '2',15);

insert into T_SIMINFO (SIM_ID, ORG_CODE, DEPTCODE, STATE,PAY_MODLE, SIM_NUM) values(34115, 'B0000808', '中国移动', 1, '预付费', 13100014114);
insert into T_TERMINALINFO (TERMINAL_ID,TTYPE_ID,SIM_ID,TERMINAL_CODE,ORG_CODE,IS_VIDEO_TERMINAL,SP_SERVER_NAME,PROTOCOL_TYPE,CHANNELS,YT_PROTOCOL_TYPE) values(340115, 4, 34115, '1014114', 'B0000808',1,'1076测试服务器','4',8,'0');
insert into V_VEHICLEINFO (ORG_CODE,VEHICLE_ID,ID_NUMBER,TYPE_ID,TERMINAL_ID,DELETE_FLAG,COLOR_ID_NUMBER_ID,AUTHORIZED_PAY_MASS) values ('B0000808','3400115', '测B14114', 4, 340115, 0, '2',15);

insert into T_SIMINFO (SIM_ID, ORG_CODE, DEPTCODE, STATE,PAY_MODLE, SIM_NUM) values(34116, 'B0000808', '中国移动', 1, '预付费', 13100014115);
insert into T_TERMINALINFO (TERMINAL_ID,TTYPE_ID,SIM_ID,TERMINAL_CODE,ORG_CODE,IS_VIDEO_TERMINAL,SP_SERVER_NAME,PROTOCOL_TYPE,CHANNELS,YT_PROTOCOL_TYPE) values(340116, 4, 34116, '1014115', 'B0000808',1,'1076测试服务器','4',8,'0');
insert into V_VEHICLEINFO (ORG_CODE,VEHICLE_ID,ID_NUMBER,TYPE_ID,TERMINAL_ID,DELETE_FLAG,COLOR_ID_NUMBER_ID,AUTHORIZED_PAY_MASS) values ('B0000808','3400116', '测B14115', 4, 340116, 0, '2',15);

insert into T_SIMINFO (SIM_ID, ORG_CODE, DEPTCODE, STATE,PAY_MODLE, SIM_NUM) values(34117, 'B0000808', '中国移动', 1, '预付费', 13100014116);
insert into T_TERMINALINFO (TERMINAL_ID,TTYPE_ID,SIM_ID,TERMINAL_CODE,ORG_CODE,IS_VIDEO_TERMINAL,SP_SERVER_NAME,PROTOCOL_TYPE,CHANNELS,YT_PROTOCOL_TYPE) values(340117, 4, 34117, '1014116', 'B0000808',1,'1076测试服务器','4',8,'0');
insert into V_VEHICLEINFO (ORG_CODE,VEHICLE_ID,ID_NUMBER,TYPE_ID,TERMINAL_ID,DELETE_FLAG,COLOR_ID_NUMBER_ID,AUTHORIZED_PAY_MASS) values ('B0000808','3400117', '测B14116', 4, 340117, 0, '2',15);

insert into T_SIMINFO (SIM_ID, ORG_CODE, DEPTCODE, STATE,PAY_MODLE, SIM_NUM) values(34118, 'B0000808', '中国移动', 1, '预付费', 13100014117);
insert into T_TERMINALINFO (TERMINAL_ID,TTYPE_ID,SIM_ID,TERMINAL_CODE,ORG_CODE,IS_VIDEO_TERMINAL,SP_SERVER_NAME,PROTOCOL_TYPE,CHANNELS,YT_PROTOCOL_TYPE) values(340118, 4, 34118, '1014117', 'B0000808',1,'1076测试服务器','4',8,'0');
insert into V_VEHICLEINFO (ORG_CODE,VEHICLE_ID,ID_NUMBER,TYPE_ID,TERMINAL_ID,DELETE_FLAG,COLOR_ID_NUMBER_ID,AUTHORIZED_PAY_MASS) values ('B0000808','3400118', '测B14117', 4, 340118, 0, '2',15);

insert into T_SIMINFO (SIM_ID, ORG_CODE, DEPTCODE, STATE,PAY_MODLE, SIM_NUM) values(34119, 'B0000808', '中国移动', 1, '预付费', 13100014118);
insert into T_TERMINALINFO (TERMINAL_ID,TTYPE_ID,SIM_ID,TERMINAL_CODE,ORG_CODE,IS_VIDEO_TERMINAL,SP_SERVER_NAME,PROTOCOL_TYPE,CHANNELS,YT_PROTOCOL_TYPE) values(340119, 4, 34119, '1014118', 'B0000808',1,'1076测试服务器','4',8,'0');
insert into V_VEHICLEINFO (ORG_CODE,VEHICLE_ID,ID_NUMBER,TYPE_ID,TERMINAL_ID,DELETE_FLAG,COLOR_ID_NUMBER_ID,AUTHORIZED_PAY_MASS) values ('B0000808','3400119', '测B14118', 4, 340119, 0, '2',15);

insert into T_SIMINFO (SIM_ID, ORG_CODE, DEPTCODE, STATE,PAY_MODLE, SIM_NUM) values(34120, 'B0000808', '中国移动', 1, '预付费', 13100014119);
insert into T_TERMINALINFO (TERMINAL_ID,TTYPE_ID,SIM_ID,TERMINAL_CODE,ORG_CODE,IS_VIDEO_TERMINAL,SP_SERVER_NAME,PROTOCOL_TYPE,CHANNELS,YT_PROTOCOL_TYPE) values(340120, 4, 34120, '1014119', 'B0000808',1,'1076测试服务器','4',8,'0');
insert into V_VEHICLEINFO (ORG_CODE,VEHICLE_ID,ID_NUMBER,TYPE_ID,TERMINAL_ID,DELETE_FLAG,COLOR_ID_NUMBER_ID,AUTHORIZED_PAY_MASS) values ('B0000808','3400120', '测B14119', 4, 340120, 0, '2',15);

insert into T_SIMINFO (SIM_ID, ORG_CODE, DEPTCODE, STATE,PAY_MODLE, SIM_NUM) values(34121, 'B0000808', '中国移动', 1, '预付费', 13100014120);
insert into T_TERMINALINFO (TERMINAL_ID,TTYPE_ID,SIM_ID,TERMINAL_CODE,ORG_CODE,IS_VIDEO_TERMINAL,SP_SERVER_NAME,PROTOCOL_TYPE,CHANNELS,YT_PROTOCOL_TYPE) values(340121, 4, 34121, '1014120', 'B0000808',1,'1076测试服务器','4',8,'0');
insert into V_VEHICLEINFO (ORG_CODE,VEHICLE_ID,ID_NUMBER,TYPE_ID,TERMINAL_ID,DELETE_FLAG,COLOR_ID_NUMBER_ID,AUTHORIZED_PAY_MASS) values ('B0000808','3400121', '测B14120', 4, 340121, 0, '2',15);

insert into T_SIMINFO (SIM_ID, ORG_CODE, DEPTCODE, STATE,PAY_MODLE, SIM_NUM) values(34122, 'B0000808', '中国移动', 1, '预付费', 13100014121);
insert into T_TERMINALINFO (TERMINAL_ID,TTYPE_ID,SIM_ID,TERMINAL_CODE,ORG_CODE,IS_VIDEO_TERMINAL,SP_SERVER_NAME,PROTOCOL_TYPE,CHANNELS,YT_PROTOCOL_TYPE) values(340122, 4, 34122, '1014121', 'B0000808',1,'1076测试服务器','4',8,'0');
insert into V_VEHICLEINFO (ORG_CODE,VEHICLE_ID,ID_NUMBER,TYPE_ID,TERMINAL_ID,DELETE_FLAG,COLOR_ID_NUMBER_ID,AUTHORIZED_PAY_MASS) values ('B0000808','3400122', '测B14121', 4, 340122, 0, '2',15);

insert into T_SIMINFO (SIM_ID, ORG_CODE, DEPTCODE, STATE,PAY_MODLE, SIM_NUM) values(34123, 'B0000808', '中国移动', 1, '预付费', 13100014122);
insert into T_TERMINALINFO (TERMINAL_ID,TTYPE_ID,SIM_ID,TERMINAL_CODE,ORG_CODE,IS_VIDEO_TERMINAL,SP_SERVER_NAME,PROTOCOL_TYPE,CHANNELS,YT_PROTOCOL_TYPE) values(340123, 4, 34123, '1014122', 'B0000808',1,'1076测试服务器','4',8,'0');
insert into V_VEHICLEINFO (ORG_CODE,VEHICLE_ID,ID_NUMBER,TYPE_ID,TERMINAL_ID,DELETE_FLAG,COLOR_ID_NUMBER_ID,AUTHORIZED_PAY_MASS) values ('B0000808','3400123', '测B14122', 4, 340123, 0, '2',15);

insert into T_SIMINFO (SIM_ID, ORG_CODE, DEPTCODE, STATE,PAY_MODLE, SIM_NUM) values(34124, 'B0000808', '中国移动', 1, '预付费', 13100014123);
insert into T_TERMINALINFO (TERMINAL_ID,TTYPE_ID,SIM_ID,TERMINAL_CODE,ORG_CODE,IS_VIDEO_TERMINAL,SP_SERVER_NAME,PROTOCOL_TYPE,CHANNELS,YT_PROTOCOL_TYPE) values(340124, 4, 34124, '1014123', 'B0000808',1,'1076测试服务器','4',8,'0');
insert into V_VEHICLEINFO (ORG_CODE,VEHICLE_ID,ID_NUMBER,TYPE_ID,TERMINAL_ID,DELETE_FLAG,COLOR_ID_NUMBER_ID,AUTHORIZED_PAY_MASS) values ('B0000808','3400124', '测B14123', 4, 340124, 0, '2',15);

insert into T_SIMINFO (SIM_ID, ORG_CODE, DEPTCODE, STATE,PAY_MODLE, SIM_NUM) values(34125, 'B0000808', '中国移动', 1, '预付费', 13100014124);
insert into T_TERMINALINFO (TERMINAL_ID,TTYPE_ID,SIM_ID,TERMINAL_CODE,ORG_CODE,IS_VIDEO_TERMINAL,SP_SERVER_NAME,PROTOCOL_TYPE,CHANNELS,YT_PROTOCOL_TYPE) values(340125, 4, 34125, '1014124', 'B0000808',1,'1076测试服务器','4',8,'0');
insert into V_VEHICLEINFO (ORG_CODE,VEHICLE_ID,ID_NUMBER,TYPE_ID,TERMINAL_ID,DELETE_FLAG,COLOR_ID_NUMBER_ID,AUTHORIZED_PAY_MASS) values ('B0000808','3400125', '测B14124', 4, 340125, 0, '2',15);

insert into T_SIMINFO (SIM_ID, ORG_CODE, DEPTCODE, STATE,PAY_MODLE, SIM_NUM) values(34126, 'B0000808', '中国移动', 1, '预付费', 13100014125);
insert into T_TERMINALINFO (TERMINAL_ID,TTYPE_ID,SIM_ID,TERMINAL_CODE,ORG_CODE,IS_VIDEO_TERMINAL,SP_SERVER_NAME,PROTOCOL_TYPE,CHANNELS,YT_PROTOCOL_TYPE) values(340126, 4, 34126, '1014125', 'B0000808',1,'1076测试服务器','4',8,'0');
insert into V_VEHICLEINFO (ORG_CODE,VEHICLE_ID,ID_NUMBER,TYPE_ID,TERMINAL_ID,DELETE_FLAG,COLOR_ID_NUMBER_ID,AUTHORIZED_PAY_MASS) values ('B0000808','3400126', '测B14125', 4, 340126, 0, '2',15);

insert into T_SIMINFO (SIM_ID, ORG_CODE, DEPTCODE, STATE,PAY_MODLE, SIM_NUM) values(34127, 'B0000808', '中国移动', 1, '预付费', 13100014126);
insert into T_TERMINALINFO (TERMINAL_ID,TTYPE_ID,SIM_ID,TERMINAL_CODE,ORG_CODE,IS_VIDEO_TERMINAL,SP_SERVER_NAME,PROTOCOL_TYPE,CHANNELS,YT_PROTOCOL_TYPE) values(340127, 4, 34127, '1014126', 'B0000808',1,'1076测试服务器','4',8,'0');
insert into V_VEHICLEINFO (ORG_CODE,VEHICLE_ID,ID_NUMBER,TYPE_ID,TERMINAL_ID,DELETE_FLAG,COLOR_ID_NUMBER_ID,AUTHORIZED_PAY_MASS) values ('B0000808','3400127', '测B14126', 4, 340127, 0, '2',15);

insert into T_SIMINFO (SIM_ID, ORG_CODE, DEPTCODE, STATE,PAY_MODLE, SIM_NUM) values(34128, 'B0000808', '中国移动', 1, '预付费', 13100014127);
insert into T_TERMINALINFO (TERMINAL_ID,TTYPE_ID,SIM_ID,TERMINAL_CODE,ORG_CODE,IS_VIDEO_TERMINAL,SP_SERVER_NAME,PROTOCOL_TYPE,CHANNELS,YT_PROTOCOL_TYPE) values(340128, 4, 34128, '1014127', 'B0000808',1,'1076测试服务器','4',8,'0');
insert into V_VEHICLEINFO (ORG_CODE,VEHICLE_ID,ID_NUMBER,TYPE_ID,TERMINAL_ID,DELETE_FLAG,COLOR_ID_NUMBER_ID,AUTHORIZED_PAY_MASS) values ('B0000808','3400128', '测B14127', 4, 340128, 0, '2',15);

insert into T_SIMINFO (SIM_ID, ORG_CODE, DEPTCODE, STATE,PAY_MODLE, SIM_NUM) values(34129, 'B0000808', '中国移动', 1, '预付费', 13100014128);
insert into T_TERMINALINFO (TERMINAL_ID,TTYPE_ID,SIM_ID,TERMINAL_CODE,ORG_CODE,IS_VIDEO_TERMINAL,SP_SERVER_NAME,PROTOCOL_TYPE,CHANNELS,YT_PROTOCOL_TYPE) values(340129, 4, 34129, '1014128', 'B0000808',1,'1076测试服务器','4',8,'0');
insert into V_VEHICLEINFO (ORG_CODE,VEHICLE_ID,ID_NUMBER,TYPE_ID,TERMINAL_ID,DELETE_FLAG,COLOR_ID_NUMBER_ID,AUTHORIZED_PAY_MASS) values ('B0000808','3400129', '测B14128', 4, 340129, 0, '2',15);

insert into T_SIMINFO (SIM_ID, ORG_CODE, DEPTCODE, STATE,PAY_MODLE, SIM_NUM) values(34130, 'B0000808', '中国移动', 1, '预付费', 13100014129);
insert into T_TERMINALINFO (TERMINAL_ID,TTYPE_ID,SIM_ID,TERMINAL_CODE,ORG_CODE,IS_VIDEO_TERMINAL,SP_SERVER_NAME,PROTOCOL_TYPE,CHANNELS,YT_PROTOCOL_TYPE) values(340130, 4, 34130, '1014129', 'B0000808',1,'1076测试服务器','4',8,'0');
insert into V_VEHICLEINFO (ORG_CODE,VEHICLE_ID,ID_NUMBER,TYPE_ID,TERMINAL_ID,DELETE_FLAG,COLOR_ID_NUMBER_ID,AUTHORIZED_PAY_MASS) values ('B0000808','3400130', '测B14129', 4, 340130, 0, '2',15);

insert into T_SIMINFO (SIM_ID, ORG_CODE, DEPTCODE, STATE,PAY_MODLE, SIM_NUM) values(34131, 'B0000808', '中国移动', 1, '预付费', 13100014130);
insert into T_TERMINALINFO (TERMINAL_ID,TTYPE_ID,SIM_ID,TERMINAL_CODE,ORG_CODE,IS_VIDEO_TERMINAL,SP_SERVER_NAME,PROTOCOL_TYPE,CHANNELS,YT_PROTOCOL_TYPE) values(340131, 4, 34131, '1014130', 'B0000808',1,'1076测试服务器','4',8,'0');
insert into V_VEHICLEINFO (ORG_CODE,VEHICLE_ID,ID_NUMBER,TYPE_ID,TERMINAL_ID,DELETE_FLAG,COLOR_ID_NUMBER_ID,AUTHORIZED_PAY_MASS) values ('B0000808','3400131', '测B14130', 4, 340131, 0, '2',15);

insert into T_SIMINFO (SIM_ID, ORG_CODE, DEPTCODE, STATE,PAY_MODLE, SIM_NUM) values(34132, 'B0000808', '中国移动', 1, '预付费', 13100014131);
insert into T_TERMINALINFO (TERMINAL_ID,TTYPE_ID,SIM_ID,TERMINAL_CODE,ORG_CODE,IS_VIDEO_TERMINAL,SP_SERVER_NAME,PROTOCOL_TYPE,CHANNELS,YT_PROTOCOL_TYPE) values(340132, 4, 34132, '1014131', 'B0000808',1,'1076测试服务器','4',8,'0');
insert into V_VEHICLEINFO (ORG_CODE,VEHICLE_ID,ID_NUMBER,TYPE_ID,TERMINAL_ID,DELETE_FLAG,COLOR_ID_NUMBER_ID,AUTHORIZED_PAY_MASS) values ('B0000808','3400132', '测B14131', 4, 340132, 0, '2',15);

insert into T_SIMINFO (SIM_ID, ORG_CODE, DEPTCODE, STATE,PAY_MODLE, SIM_NUM) values(34133, 'B0000808', '中国移动', 1, '预付费', 13100014132);
insert into T_TERMINALINFO (TERMINAL_ID,TTYPE_ID,SIM_ID,TERMINAL_CODE,ORG_CODE,IS_VIDEO_TERMINAL,SP_SERVER_NAME,PROTOCOL_TYPE,CHANNELS,YT_PROTOCOL_TYPE) values(340133, 4, 34133, '1014132', 'B0000808',1,'1076测试服务器','4',8,'0');
insert into V_VEHICLEINFO (ORG_CODE,VEHICLE_ID,ID_NUMBER,TYPE_ID,TERMINAL_ID,DELETE_FLAG,COLOR_ID_NUMBER_ID,AUTHORIZED_PAY_MASS) values ('B0000808','3400133', '测B14132', 4, 340133, 0, '2',15);

insert into T_SIMINFO (SIM_ID, ORG_CODE, DEPTCODE, STATE,PAY_MODLE, SIM_NUM) values(34134, 'B0000808', '中国移动', 1, '预付费', 13100014133);
insert into T_TERMINALINFO (TERMINAL_ID,TTYPE_ID,SIM_ID,TERMINAL_CODE,ORG_CODE,IS_VIDEO_TERMINAL,SP_SERVER_NAME,PROTOCOL_TYPE,CHANNELS,YT_PROTOCOL_TYPE) values(340134, 4, 34134, '1014133', 'B0000808',1,'1076测试服务器','4',8,'0');
insert into V_VEHICLEINFO (ORG_CODE,VEHICLE_ID,ID_NUMBER,TYPE_ID,TERMINAL_ID,DELETE_FLAG,COLOR_ID_NUMBER_ID,AUTHORIZED_PAY_MASS) values ('B0000808','3400134', '测B14133', 4, 340134, 0, '2',15);

insert into T_SIMINFO (SIM_ID, ORG_CODE, DEPTCODE, STATE,PAY_MODLE, SIM_NUM) values(34135, 'B0000808', '中国移动', 1, '预付费', 13100014134);
insert into T_TERMINALINFO (TERMINAL_ID,TTYPE_ID,SIM_ID,TERMINAL_CODE,ORG_CODE,IS_VIDEO_TERMINAL,SP_SERVER_NAME,PROTOCOL_TYPE,CHANNELS,YT_PROTOCOL_TYPE) values(340135, 4, 34135, '1014134', 'B0000808',1,'1076测试服务器','4',8,'0');
insert into V_VEHICLEINFO (ORG_CODE,VEHICLE_ID,ID_NUMBER,TYPE_ID,TERMINAL_ID,DELETE_FLAG,COLOR_ID_NUMBER_ID,AUTHORIZED_PAY_MASS) values ('B0000808','3400135', '测B14134', 4, 340135, 0, '2',15);

insert into T_SIMINFO (SIM_ID, ORG_CODE, DEPTCODE, STATE,PAY_MODLE, SIM_NUM) values(34136, 'B0000808', '中国移动', 1, '预付费', 13100014135);
insert into T_TERMINALINFO (TERMINAL_ID,TTYPE_ID,SIM_ID,TERMINAL_CODE,ORG_CODE,IS_VIDEO_TERMINAL,SP_SERVER_NAME,PROTOCOL_TYPE,CHANNELS,YT_PROTOCOL_TYPE) values(340136, 4, 34136, '1014135', 'B0000808',1,'1076测试服务器','4',8,'0');
insert into V_VEHICLEINFO (ORG_CODE,VEHICLE_ID,ID_NUMBER,TYPE_ID,TERMINAL_ID,DELETE_FLAG,COLOR_ID_NUMBER_ID,AUTHORIZED_PAY_MASS) values ('B0000808','3400136', '测B14135', 4, 340136, 0, '2',15);

insert into T_SIMINFO (SIM_ID, ORG_CODE, DEPTCODE, STATE,PAY_MODLE, SIM_NUM) values(34137, 'B0000808', '中国移动', 1, '预付费', 13100014136);
insert into T_TERMINALINFO (TERMINAL_ID,TTYPE_ID,SIM_ID,TERMINAL_CODE,ORG_CODE,IS_VIDEO_TERMINAL,SP_SERVER_NAME,PROTOCOL_TYPE,CHANNELS,YT_PROTOCOL_TYPE) values(340137, 4, 34137, '1014136', 'B0000808',1,'1076测试服务器','4',8,'0');
insert into V_VEHICLEINFO (ORG_CODE,VEHICLE_ID,ID_NUMBER,TYPE_ID,TERMINAL_ID,DELETE_FLAG,COLOR_ID_NUMBER_ID,AUTHORIZED_PAY_MASS) values ('B0000808','3400137', '测B14136', 4, 340137, 0, '2',15);

insert into T_SIMINFO (SIM_ID, ORG_CODE, DEPTCODE, STATE,PAY_MODLE, SIM_NUM) values(34138, 'B0000808', '中国移动', 1, '预付费', 13100014137);
insert into T_TERMINALINFO (TERMINAL_ID,TTYPE_ID,SIM_ID,TERMINAL_CODE,ORG_CODE,IS_VIDEO_TERMINAL,SP_SERVER_NAME,PROTOCOL_TYPE,CHANNELS,YT_PROTOCOL_TYPE) values(340138, 4, 34138, '1014137', 'B0000808',1,'1076测试服务器','4',8,'0');
insert into V_VEHICLEINFO (ORG_CODE,VEHICLE_ID,ID_NUMBER,TYPE_ID,TERMINAL_ID,DELETE_FLAG,COLOR_ID_NUMBER_ID,AUTHORIZED_PAY_MASS) values ('B0000808','3400138', '测B14137', 4, 340138, 0, '2',15);

insert into T_SIMINFO (SIM_ID, ORG_CODE, DEPTCODE, STATE,PAY_MODLE, SIM_NUM) values(34139, 'B0000808', '中国移动', 1, '预付费', 13100014138);
insert into T_TERMINALINFO (TERMINAL_ID,TTYPE_ID,SIM_ID,TERMINAL_CODE,ORG_CODE,IS_VIDEO_TERMINAL,SP_SERVER_NAME,PROTOCOL_TYPE,CHANNELS,YT_PROTOCOL_TYPE) values(340139, 4, 34139, '1014138', 'B0000808',1,'1076测试服务器','4',8,'0');
insert into V_VEHICLEINFO (ORG_CODE,VEHICLE_ID,ID_NUMBER,TYPE_ID,TERMINAL_ID,DELETE_FLAG,COLOR_ID_NUMBER_ID,AUTHORIZED_PAY_MASS) values ('B0000808','3400139', '测B14138', 4, 340139, 0, '2',15);

insert into T_SIMINFO (SIM_ID, ORG_CODE, DEPTCODE, STATE,PAY_MODLE, SIM_NUM) values(34140, 'B0000808', '中国移动', 1, '预付费', 13100014139);
insert into T_TERMINALINFO (TERMINAL_ID,TTYPE_ID,SIM_ID,TERMINAL_CODE,ORG_CODE,IS_VIDEO_TERMINAL,SP_SERVER_NAME,PROTOCOL_TYPE,CHANNELS,YT_PROTOCOL_TYPE) values(340140, 4, 34140, '1014139', 'B0000808',1,'1076测试服务器','4',8,'0');
insert into V_VEHICLEINFO (ORG_CODE,VEHICLE_ID,ID_NUMBER,TYPE_ID,TERMINAL_ID,DELETE_FLAG,COLOR_ID_NUMBER_ID,AUTHORIZED_PAY_MASS) values ('B0000808','3400140', '测B14139', 4, 340140, 0, '2',15);

insert into T_SIMINFO (SIM_ID, ORG_CODE, DEPTCODE, STATE,PAY_MODLE, SIM_NUM) values(34141, 'B0000808', '中国移动', 1, '预付费', 13100014140);
insert into T_TERMINALINFO (TERMINAL_ID,TTYPE_ID,SIM_ID,TERMINAL_CODE,ORG_CODE,IS_VIDEO_TERMINAL,SP_SERVER_NAME,PROTOCOL_TYPE,CHANNELS,YT_PROTOCOL_TYPE) values(340141, 4, 34141, '1014140', 'B0000808',1,'1076测试服务器','4',8,'0');
insert into V_VEHICLEINFO (ORG_CODE,VEHICLE_ID,ID_NUMBER,TYPE_ID,TERMINAL_ID,DELETE_FLAG,COLOR_ID_NUMBER_ID,AUTHORIZED_PAY_MASS) values ('B0000808','3400141', '测B14140', 4, 340141, 0, '2',15);

insert into T_SIMINFO (SIM_ID, ORG_CODE, DEPTCODE, STATE,PAY_MODLE, SIM_NUM) values(34142, 'B0000808', '中国移动', 1, '预付费', 13100014141);
insert into T_TERMINALINFO (TERMINAL_ID,TTYPE_ID,SIM_ID,TERMINAL_CODE,ORG_CODE,IS_VIDEO_TERMINAL,SP_SERVER_NAME,PROTOCOL_TYPE,CHANNELS,YT_PROTOCOL_TYPE) values(340142, 4, 34142, '1014141', 'B0000808',1,'1076测试服务器','4',8,'0');
insert into V_VEHICLEINFO (ORG_CODE,VEHICLE_ID,ID_NUMBER,TYPE_ID,TERMINAL_ID,DELETE_FLAG,COLOR_ID_NUMBER_ID,AUTHORIZED_PAY_MASS) values ('B0000808','3400142', '测B14141', 4, 340142, 0, '2',15);

insert into T_SIMINFO (SIM_ID, ORG_CODE, DEPTCODE, STATE,PAY_MODLE, SIM_NUM) values(34143, 'B0000808', '中国移动', 1, '预付费', 13100014142);
insert into T_TERMINALINFO (TERMINAL_ID,TTYPE_ID,SIM_ID,TERMINAL_CODE,ORG_CODE,IS_VIDEO_TERMINAL,SP_SERVER_NAME,PROTOCOL_TYPE,CHANNELS,YT_PROTOCOL_TYPE) values(340143, 4, 34143, '1014142', 'B0000808',1,'1076测试服务器','4',8,'0');
insert into V_VEHICLEINFO (ORG_CODE,VEHICLE_ID,ID_NUMBER,TYPE_ID,TERMINAL_ID,DELETE_FLAG,COLOR_ID_NUMBER_ID,AUTHORIZED_PAY_MASS) values ('B0000808','3400143', '测B14142', 4, 340143, 0, '2',15);

insert into T_SIMINFO (SIM_ID, ORG_CODE, DEPTCODE, STATE,PAY_MODLE, SIM_NUM) values(34144, 'B0000808', '中国移动', 1, '预付费', 13100014143);
insert into T_TERMINALINFO (TERMINAL_ID,TTYPE_ID,SIM_ID,TERMINAL_CODE,ORG_CODE,IS_VIDEO_TERMINAL,SP_SERVER_NAME,PROTOCOL_TYPE,CHANNELS,YT_PROTOCOL_TYPE) values(340144, 4, 34144, '1014143', 'B0000808',1,'1076测试服务器','4',8,'0');
insert into V_VEHICLEINFO (ORG_CODE,VEHICLE_ID,ID_NUMBER,TYPE_ID,TERMINAL_ID,DELETE_FLAG,COLOR_ID_NUMBER_ID,AUTHORIZED_PAY_MASS) values ('B0000808','3400144', '测B14143', 4, 340144, 0, '2',15);

insert into T_SIMINFO (SIM_ID, ORG_CODE, DEPTCODE, STATE,PAY_MODLE, SIM_NUM) values(34145, 'B0000808', '中国移动', 1, '预付费', 13100014144);
insert into T_TERMINALINFO (TERMINAL_ID,TTYPE_ID,SIM_ID,TERMINAL_CODE,ORG_CODE,IS_VIDEO_TERMINAL,SP_SERVER_NAME,PROTOCOL_TYPE,CHANNELS,YT_PROTOCOL_TYPE) values(340145, 4, 34145, '1014144', 'B0000808',1,'1076测试服务器','4',8,'0');
insert into V_VEHICLEINFO (ORG_CODE,VEHICLE_ID,ID_NUMBER,TYPE_ID,TERMINAL_ID,DELETE_FLAG,COLOR_ID_NUMBER_ID,AUTHORIZED_PAY_MASS) values ('B0000808','3400145', '测B14144', 4, 340145, 0, '2',15);

insert into T_SIMINFO (SIM_ID, ORG_CODE, DEPTCODE, STATE,PAY_MODLE, SIM_NUM) values(34146, 'B0000808', '中国移动', 1, '预付费', 13100014145);
insert into T_TERMINALINFO (TERMINAL_ID,TTYPE_ID,SIM_ID,TERMINAL_CODE,ORG_CODE,IS_VIDEO_TERMINAL,SP_SERVER_NAME,PROTOCOL_TYPE,CHANNELS,YT_PROTOCOL_TYPE) values(340146, 4, 34146, '1014145', 'B0000808',1,'1076测试服务器','4',8,'0');
insert into V_VEHICLEINFO (ORG_CODE,VEHICLE_ID,ID_NUMBER,TYPE_ID,TERMINAL_ID,DELETE_FLAG,COLOR_ID_NUMBER_ID,AUTHORIZED_PAY_MASS) values ('B0000808','3400146', '测B14145', 4, 340146, 0, '2',15);

insert into T_SIMINFO (SIM_ID, ORG_CODE, DEPTCODE, STATE,PAY_MODLE, SIM_NUM) values(34147, 'B0000808', '中国移动', 1, '预付费', 13100014146);
insert into T_TERMINALINFO (TERMINAL_ID,TTYPE_ID,SIM_ID,TERMINAL_CODE,ORG_CODE,IS_VIDEO_TERMINAL,SP_SERVER_NAME,PROTOCOL_TYPE,CHANNELS,YT_PROTOCOL_TYPE) values(340147, 4, 34147, '1014146', 'B0000808',1,'1076测试服务器','4',8,'0');
insert into V_VEHICLEINFO (ORG_CODE,VEHICLE_ID,ID_NUMBER,TYPE_ID,TERMINAL_ID,DELETE_FLAG,COLOR_ID_NUMBER_ID,AUTHORIZED_PAY_MASS) values ('B0000808','3400147', '测B14146', 4, 340147, 0, '2',15);

insert into T_SIMINFO (SIM_ID, ORG_CODE, DEPTCODE, STATE,PAY_MODLE, SIM_NUM) values(34148, 'B0000808', '中国移动', 1, '预付费', 13100014147);
insert into T_TERMINALINFO (TERMINAL_ID,TTYPE_ID,SIM_ID,TERMINAL_CODE,ORG_CODE,IS_VIDEO_TERMINAL,SP_SERVER_NAME,PROTOCOL_TYPE,CHANNELS,YT_PROTOCOL_TYPE) values(340148, 4, 34148, '1014147', 'B0000808',1,'1076测试服务器','4',8,'0');
insert into V_VEHICLEINFO (ORG_CODE,VEHICLE_ID,ID_NUMBER,TYPE_ID,TERMINAL_ID,DELETE_FLAG,COLOR_ID_NUMBER_ID,AUTHORIZED_PAY_MASS) values ('B0000808','3400148', '测B14147', 4, 340148, 0, '2',15);

insert into T_SIMINFO (SIM_ID, ORG_CODE, DEPTCODE, STATE,PAY_MODLE, SIM_NUM) values(34149, 'B0000808', '中国移动', 1, '预付费', 13100014148);
insert into T_TERMINALINFO (TERMINAL_ID,TTYPE_ID,SIM_ID,TERMINAL_CODE,ORG_CODE,IS_VIDEO_TERMINAL,SP_SERVER_NAME,PROTOCOL_TYPE,CHANNELS,YT_PROTOCOL_TYPE) values(340149, 4, 34149, '1014148', 'B0000808',1,'1076测试服务器','4',8,'0');
insert into V_VEHICLEINFO (ORG_CODE,VEHICLE_ID,ID_NUMBER,TYPE_ID,TERMINAL_ID,DELETE_FLAG,COLOR_ID_NUMBER_ID,AUTHORIZED_PAY_MASS) values ('B0000808','3400149', '测B14148', 4, 340149, 0, '2',15);

insert into T_SIMINFO (SIM_ID, ORG_CODE, DEPTCODE, STATE,PAY_MODLE, SIM_NUM) values(34150, 'B0000808', '中国移动', 1, '预付费', 13100014149);
insert into T_TERMINALINFO (TERMINAL_ID,TTYPE_ID,SIM_ID,TERMINAL_CODE,ORG_CODE,IS_VIDEO_TERMINAL,SP_SERVER_NAME,PROTOCOL_TYPE,CHANNELS,YT_PROTOCOL_TYPE) values(340150, 4, 34150, '1014149', 'B0000808',1,'1076测试服务器','4',8,'0');
insert into V_VEHICLEINFO (ORG_CODE,VEHICLE_ID,ID_NUMBER,TYPE_ID,TERMINAL_ID,DELETE_FLAG,COLOR_ID_NUMBER_ID,AUTHORIZED_PAY_MASS) values ('B0000808','3400150', '测B14149', 4, 340150, 0, '2',15);

insert into T_SIMINFO (SIM_ID, ORG_CODE, DEPTCODE, STATE,PAY_MODLE, SIM_NUM) values(34151, 'B0000808', '中国移动', 1, '预付费', 13100014150);
insert into T_TERMINALINFO (TERMINAL_ID,TTYPE_ID,SIM_ID,TERMINAL_CODE,ORG_CODE,IS_VIDEO_TERMINAL,SP_SERVER_NAME,PROTOCOL_TYPE,CHANNELS,YT_PROTOCOL_TYPE) values(340151, 4, 34151, '1014150', 'B0000808',1,'1076测试服务器','4',8,'0');
insert into V_VEHICLEINFO (ORG_CODE,VEHICLE_ID,ID_NUMBER,TYPE_ID,TERMINAL_ID,DELETE_FLAG,COLOR_ID_NUMBER_ID,AUTHORIZED_PAY_MASS) values ('B0000808','3400151', '测B14150', 4, 340151, 0, '2',15);

insert into T_SIMINFO (SIM_ID, ORG_CODE, DEPTCODE, STATE,PAY_MODLE, SIM_NUM) values(34152, 'B0000808', '中国移动', 1, '预付费', 13100014151);
insert into T_TERMINALINFO (TERMINAL_ID,TTYPE_ID,SIM_ID,TERMINAL_CODE,ORG_CODE,IS_VIDEO_TERMINAL,SP_SERVER_NAME,PROTOCOL_TYPE,CHANNELS,YT_PROTOCOL_TYPE) values(340152, 4, 34152, '1014151', 'B0000808',1,'1076测试服务器','4',8,'0');
insert into V_VEHICLEINFO (ORG_CODE,VEHICLE_ID,ID_NUMBER,TYPE_ID,TERMINAL_ID,DELETE_FLAG,COLOR_ID_NUMBER_ID,AUTHORIZED_PAY_MASS) values ('B0000808','3400152', '测B14151', 4, 340152, 0, '2',15);

insert into T_SIMINFO (SIM_ID, ORG_CODE, DEPTCODE, STATE,PAY_MODLE, SIM_NUM) values(34153, 'B0000808', '中国移动', 1, '预付费', 13100014152);
insert into T_TERMINALINFO (TERMINAL_ID,TTYPE_ID,SIM_ID,TERMINAL_CODE,ORG_CODE,IS_VIDEO_TERMINAL,SP_SERVER_NAME,PROTOCOL_TYPE,CHANNELS,YT_PROTOCOL_TYPE) values(340153, 4, 34153, '1014152', 'B0000808',1,'1076测试服务器','4',8,'0');
insert into V_VEHICLEINFO (ORG_CODE,VEHICLE_ID,ID_NUMBER,TYPE_ID,TERMINAL_ID,DELETE_FLAG,COLOR_ID_NUMBER_ID,AUTHORIZED_PAY_MASS) values ('B0000808','3400153', '测B14152', 4, 340153, 0, '2',15);

insert into T_SIMINFO (SIM_ID, ORG_CODE, DEPTCODE, STATE,PAY_MODLE, SIM_NUM) values(34154, 'B0000808', '中国移动', 1, '预付费', 13100014153);
insert into T_TERMINALINFO (TERMINAL_ID,TTYPE_ID,SIM_ID,TERMINAL_CODE,ORG_CODE,IS_VIDEO_TERMINAL,SP_SERVER_NAME,PROTOCOL_TYPE,CHANNELS,YT_PROTOCOL_TYPE) values(340154, 4, 34154, '1014153', 'B0000808',1,'1076测试服务器','4',8,'0');
insert into V_VEHICLEINFO (ORG_CODE,VEHICLE_ID,ID_NUMBER,TYPE_ID,TERMINAL_ID,DELETE_FLAG,COLOR_ID_NUMBER_ID,AUTHORIZED_PAY_MASS) values ('B0000808','3400154', '测B14153', 4, 340154, 0, '2',15);

insert into T_SIMINFO (SIM_ID, ORG_CODE, DEPTCODE, STATE,PAY_MODLE, SIM_NUM) values(34155, 'B0000808', '中国移动', 1, '预付费', 13100014154);
insert into T_TERMINALINFO (TERMINAL_ID,TTYPE_ID,SIM_ID,TERMINAL_CODE,ORG_CODE,IS_VIDEO_TERMINAL,SP_SERVER_NAME,PROTOCOL_TYPE,CHANNELS,YT_PROTOCOL_TYPE) values(340155, 4, 34155, '1014154', 'B0000808',1,'1076测试服务器','4',8,'0');
insert into V_VEHICLEINFO (ORG_CODE,VEHICLE_ID,ID_NUMBER,TYPE_ID,TERMINAL_ID,DELETE_FLAG,COLOR_ID_NUMBER_ID,AUTHORIZED_PAY_MASS) values ('B0000808','3400155', '测B14154', 4, 340155, 0, '2',15);

insert into T_SIMINFO (SIM_ID, ORG_CODE, DEPTCODE, STATE,PAY_MODLE, SIM_NUM) values(34156, 'B0000808', '中国移动', 1, '预付费', 13100014155);
insert into T_TERMINALINFO (TERMINAL_ID,TTYPE_ID,SIM_ID,TERMINAL_CODE,ORG_CODE,IS_VIDEO_TERMINAL,SP_SERVER_NAME,PROTOCOL_TYPE,CHANNELS,YT_PROTOCOL_TYPE) values(340156, 4, 34156, '1014155', 'B0000808',1,'1076测试服务器','4',8,'0');
insert into V_VEHICLEINFO (ORG_CODE,VEHICLE_ID,ID_NUMBER,TYPE_ID,TERMINAL_ID,DELETE_FLAG,COLOR_ID_NUMBER_ID,AUTHORIZED_PAY_MASS) values ('B0000808','3400156', '测B14155', 4, 340156, 0, '2',15);

insert into T_SIMINFO (SIM_ID, ORG_CODE, DEPTCODE, STATE,PAY_MODLE, SIM_NUM) values(34157, 'B0000808', '中国移动', 1, '预付费', 13100014156);
insert into T_TERMINALINFO (TERMINAL_ID,TTYPE_ID,SIM_ID,TERMINAL_CODE,ORG_CODE,IS_VIDEO_TERMINAL,SP_SERVER_NAME,PROTOCOL_TYPE,CHANNELS,YT_PROTOCOL_TYPE) values(340157, 4, 34157, '1014156', 'B0000808',1,'1076测试服务器','4',8,'0');
insert into V_VEHICLEINFO (ORG_CODE,VEHICLE_ID,ID_NUMBER,TYPE_ID,TERMINAL_ID,DELETE_FLAG,COLOR_ID_NUMBER_ID,AUTHORIZED_PAY_MASS) values ('B0000808','3400157', '测B14156', 4, 340157, 0, '2',15);

insert into T_SIMINFO (SIM_ID, ORG_CODE, DEPTCODE, STATE,PAY_MODLE, SIM_NUM) values(34158, 'B0000808', '中国移动', 1, '预付费', 13100014157);
insert into T_TERMINALINFO (TERMINAL_ID,TTYPE_ID,SIM_ID,TERMINAL_CODE,ORG_CODE,IS_VIDEO_TERMINAL,SP_SERVER_NAME,PROTOCOL_TYPE,CHANNELS,YT_PROTOCOL_TYPE) values(340158, 4, 34158, '1014157', 'B0000808',1,'1076测试服务器','4',8,'0');
insert into V_VEHICLEINFO (ORG_CODE,VEHICLE_ID,ID_NUMBER,TYPE_ID,TERMINAL_ID,DELETE_FLAG,COLOR_ID_NUMBER_ID,AUTHORIZED_PAY_MASS) values ('B0000808','3400158', '测B14157', 4, 340158, 0, '2',15);

insert into T_SIMINFO (SIM_ID, ORG_CODE, DEPTCODE, STATE,PAY_MODLE, SIM_NUM) values(34159, 'B0000808', '中国移动', 1, '预付费', 13100014158);
insert into T_TERMINALINFO (TERMINAL_ID,TTYPE_ID,SIM_ID,TERMINAL_CODE,ORG_CODE,IS_VIDEO_TERMINAL,SP_SERVER_NAME,PROTOCOL_TYPE,CHANNELS,YT_PROTOCOL_TYPE) values(340159, 4, 34159, '1014158', 'B0000808',1,'1076测试服务器','4',8,'0');
insert into V_VEHICLEINFO (ORG_CODE,VEHICLE_ID,ID_NUMBER,TYPE_ID,TERMINAL_ID,DELETE_FLAG,COLOR_ID_NUMBER_ID,AUTHORIZED_PAY_MASS) values ('B0000808','3400159', '测B14158', 4, 340159, 0, '2',15);

insert into T_SIMINFO (SIM_ID, ORG_CODE, DEPTCODE, STATE,PAY_MODLE, SIM_NUM) values(34160, 'B0000808', '中国移动', 1, '预付费', 13100014159);
insert into T_TERMINALINFO (TERMINAL_ID,TTYPE_ID,SIM_ID,TERMINAL_CODE,ORG_CODE,IS_VIDEO_TERMINAL,SP_SERVER_NAME,PROTOCOL_TYPE,CHANNELS,YT_PROTOCOL_TYPE) values(340160, 4, 34160, '1014159', 'B0000808',1,'1076测试服务器','4',8,'0');
insert into V_VEHICLEINFO (ORG_CODE,VEHICLE_ID,ID_NUMBER,TYPE_ID,TERMINAL_ID,DELETE_FLAG,COLOR_ID_NUMBER_ID,AUTHORIZED_PAY_MASS) values ('B0000808','3400160', '测B14159', 4, 340160, 0, '2',15);

insert into T_SIMINFO (SIM_ID, ORG_CODE, DEPTCODE, STATE,PAY_MODLE, SIM_NUM) values(34161, 'B0000808', '中国移动', 1, '预付费', 13100014160);
insert into T_TERMINALINFO (TERMINAL_ID,TTYPE_ID,SIM_ID,TERMINAL_CODE,ORG_CODE,IS_VIDEO_TERMINAL,SP_SERVER_NAME,PROTOCOL_TYPE,CHANNELS,YT_PROTOCOL_TYPE) values(340161, 4, 34161, '1014160', 'B0000808',1,'1076测试服务器','4',8,'0');
insert into V_VEHICLEINFO (ORG_CODE,VEHICLE_ID,ID_NUMBER,TYPE_ID,TERMINAL_ID,DELETE_FLAG,COLOR_ID_NUMBER_ID,AUTHORIZED_PAY_MASS) values ('B0000808','3400161', '测B14160', 4, 340161, 0, '2',15);

insert into T_SIMINFO (SIM_ID, ORG_CODE, DEPTCODE, STATE,PAY_MODLE, SIM_NUM) values(34162, 'B0000808', '中国移动', 1, '预付费', 13100014161);
insert into T_TERMINALINFO (TERMINAL_ID,TTYPE_ID,SIM_ID,TERMINAL_CODE,ORG_CODE,IS_VIDEO_TERMINAL,SP_SERVER_NAME,PROTOCOL_TYPE,CHANNELS,YT_PROTOCOL_TYPE) values(340162, 4, 34162, '1014161', 'B0000808',1,'1076测试服务器','4',8,'0');
insert into V_VEHICLEINFO (ORG_CODE,VEHICLE_ID,ID_NUMBER,TYPE_ID,TERMINAL_ID,DELETE_FLAG,COLOR_ID_NUMBER_ID,AUTHORIZED_PAY_MASS) values ('B0000808','3400162', '测B14161', 4, 340162, 0, '2',15);

insert into T_SIMINFO (SIM_ID, ORG_CODE, DEPTCODE, STATE,PAY_MODLE, SIM_NUM) values(34163, 'B0000808', '中国移动', 1, '预付费', 13100014162);
insert into T_TERMINALINFO (TERMINAL_ID,TTYPE_ID,SIM_ID,TERMINAL_CODE,ORG_CODE,IS_VIDEO_TERMINAL,SP_SERVER_NAME,PROTOCOL_TYPE,CHANNELS,YT_PROTOCOL_TYPE) values(340163, 4, 34163, '1014162', 'B0000808',1,'1076测试服务器','4',8,'0');
insert into V_VEHICLEINFO (ORG_CODE,VEHICLE_ID,ID_NUMBER,TYPE_ID,TERMINAL_ID,DELETE_FLAG,COLOR_ID_NUMBER_ID,AUTHORIZED_PAY_MASS) values ('B0000808','3400163', '测B14162', 4, 340163, 0, '2',15);

insert into T_SIMINFO (SIM_ID, ORG_CODE, DEPTCODE, STATE,PAY_MODLE, SIM_NUM) values(34164, 'B0000808', '中国移动', 1, '预付费', 13100014163);
insert into T_TERMINALINFO (TERMINAL_ID,TTYPE_ID,SIM_ID,TERMINAL_CODE,ORG_CODE,IS_VIDEO_TERMINAL,SP_SERVER_NAME,PROTOCOL_TYPE,CHANNELS,YT_PROTOCOL_TYPE) values(340164, 4, 34164, '1014163', 'B0000808',1,'1076测试服务器','4',8,'0');
insert into V_VEHICLEINFO (ORG_CODE,VEHICLE_ID,ID_NUMBER,TYPE_ID,TERMINAL_ID,DELETE_FLAG,COLOR_ID_NUMBER_ID,AUTHORIZED_PAY_MASS) values ('B0000808','3400164', '测B14163', 4, 340164, 0, '2',15);

insert into T_SIMINFO (SIM_ID, ORG_CODE, DEPTCODE, STATE,PAY_MODLE, SIM_NUM) values(34165, 'B0000808', '中国移动', 1, '预付费', 13100014164);
insert into T_TERMINALINFO (TERMINAL_ID,TTYPE_ID,SIM_ID,TERMINAL_CODE,ORG_CODE,IS_VIDEO_TERMINAL,SP_SERVER_NAME,PROTOCOL_TYPE,CHANNELS,YT_PROTOCOL_TYPE) values(340165, 4, 34165, '1014164', 'B0000808',1,'1076测试服务器','4',8,'0');
insert into V_VEHICLEINFO (ORG_CODE,VEHICLE_ID,ID_NUMBER,TYPE_ID,TERMINAL_ID,DELETE_FLAG,COLOR_ID_NUMBER_ID,AUTHORIZED_PAY_MASS) values ('B0000808','3400165', '测B14164', 4, 340165, 0, '2',15);

insert into T_SIMINFO (SIM_ID, ORG_CODE, DEPTCODE, STATE,PAY_MODLE, SIM_NUM) values(34166, 'B0000808', '中国移动', 1, '预付费', 13100014165);
insert into T_TERMINALINFO (TERMINAL_ID,TTYPE_ID,SIM_ID,TERMINAL_CODE,ORG_CODE,IS_VIDEO_TERMINAL,SP_SERVER_NAME,PROTOCOL_TYPE,CHANNELS,YT_PROTOCOL_TYPE) values(340166, 4, 34166, '1014165', 'B0000808',1,'1076测试服务器','4',8,'0');
insert into V_VEHICLEINFO (ORG_CODE,VEHICLE_ID,ID_NUMBER,TYPE_ID,TERMINAL_ID,DELETE_FLAG,COLOR_ID_NUMBER_ID,AUTHORIZED_PAY_MASS) values ('B0000808','3400166', '测B14165', 4, 340166, 0, '2',15);

insert into T_SIMINFO (SIM_ID, ORG_CODE, DEPTCODE, STATE,PAY_MODLE, SIM_NUM) values(34167, 'B0000808', '中国移动', 1, '预付费', 13100014166);
insert into T_TERMINALINFO (TERMINAL_ID,TTYPE_ID,SIM_ID,TERMINAL_CODE,ORG_CODE,IS_VIDEO_TERMINAL,SP_SERVER_NAME,PROTOCOL_TYPE,CHANNELS,YT_PROTOCOL_TYPE) values(340167, 4, 34167, '1014166', 'B0000808',1,'1076测试服务器','4',8,'0');
insert into V_VEHICLEINFO (ORG_CODE,VEHICLE_ID,ID_NUMBER,TYPE_ID,TERMINAL_ID,DELETE_FLAG,COLOR_ID_NUMBER_ID,AUTHORIZED_PAY_MASS) values ('B0000808','3400167', '测B14166', 4, 340167, 0, '2',15);

insert into T_SIMINFO (SIM_ID, ORG_CODE, DEPTCODE, STATE,PAY_MODLE, SIM_NUM) values(34168, 'B0000808', '中国移动', 1, '预付费', 13100014167);
insert into T_TERMINALINFO (TERMINAL_ID,TTYPE_ID,SIM_ID,TERMINAL_CODE,ORG_CODE,IS_VIDEO_TERMINAL,SP_SERVER_NAME,PROTOCOL_TYPE,CHANNELS,YT_PROTOCOL_TYPE) values(340168, 4, 34168, '1014167', 'B0000808',1,'1076测试服务器','4',8,'0');
insert into V_VEHICLEINFO (ORG_CODE,VEHICLE_ID,ID_NUMBER,TYPE_ID,TERMINAL_ID,DELETE_FLAG,COLOR_ID_NUMBER_ID,AUTHORIZED_PAY_MASS) values ('B0000808','3400168', '测B14167', 4, 340168, 0, '2',15);

insert into T_SIMINFO (SIM_ID, ORG_CODE, DEPTCODE, STATE,PAY_MODLE, SIM_NUM) values(34169, 'B0000808', '中国移动', 1, '预付费', 13100014168);
insert into T_TERMINALINFO (TERMINAL_ID,TTYPE_ID,SIM_ID,TERMINAL_CODE,ORG_CODE,IS_VIDEO_TERMINAL,SP_SERVER_NAME,PROTOCOL_TYPE,CHANNELS,YT_PROTOCOL_TYPE) values(340169, 4, 34169, '1014168', 'B0000808',1,'1076测试服务器','4',8,'0');
insert into V_VEHICLEINFO (ORG_CODE,VEHICLE_ID,ID_NUMBER,TYPE_ID,TERMINAL_ID,DELETE_FLAG,COLOR_ID_NUMBER_ID,AUTHORIZED_PAY_MASS) values ('B0000808','3400169', '测B14168', 4, 340169, 0, '2',15);

insert into T_SIMINFO (SIM_ID, ORG_CODE, DEPTCODE, STATE,PAY_MODLE, SIM_NUM) values(34170, 'B0000808', '中国移动', 1, '预付费', 13100014169);
insert into T_TERMINALINFO (TERMINAL_ID,TTYPE_ID,SIM_ID,TERMINAL_CODE,ORG_CODE,IS_VIDEO_TERMINAL,SP_SERVER_NAME,PROTOCOL_TYPE,CHANNELS,YT_PROTOCOL_TYPE) values(340170, 4, 34170, '1014169', 'B0000808',1,'1076测试服务器','4',8,'0');
insert into V_VEHICLEINFO (ORG_CODE,VEHICLE_ID,ID_NUMBER,TYPE_ID,TERMINAL_ID,DELETE_FLAG,COLOR_ID_NUMBER_ID,AUTHORIZED_PAY_MASS) values ('B0000808','3400170', '测B14169', 4, 340170, 0, '2',15);

insert into T_SIMINFO (SIM_ID, ORG_CODE, DEPTCODE, STATE,PAY_MODLE, SIM_NUM) values(34171, 'B0000808', '中国移动', 1, '预付费', 13100014170);
insert into T_TERMINALINFO (TERMINAL_ID,TTYPE_ID,SIM_ID,TERMINAL_CODE,ORG_CODE,IS_VIDEO_TERMINAL,SP_SERVER_NAME,PROTOCOL_TYPE,CHANNELS,YT_PROTOCOL_TYPE) values(340171, 4, 34171, '1014170', 'B0000808',1,'1076测试服务器','4',8,'0');
insert into V_VEHICLEINFO (ORG_CODE,VEHICLE_ID,ID_NUMBER,TYPE_ID,TERMINAL_ID,DELETE_FLAG,COLOR_ID_NUMBER_ID,AUTHORIZED_PAY_MASS) values ('B0000808','3400171', '测B14170', 4, 340171, 0, '2',15);

insert into T_SIMINFO (SIM_ID, ORG_CODE, DEPTCODE, STATE,PAY_MODLE, SIM_NUM) values(34172, 'B0000808', '中国移动', 1, '预付费', 13100014171);
insert into T_TERMINALINFO (TERMINAL_ID,TTYPE_ID,SIM_ID,TERMINAL_CODE,ORG_CODE,IS_VIDEO_TERMINAL,SP_SERVER_NAME,PROTOCOL_TYPE,CHANNELS,YT_PROTOCOL_TYPE) values(340172, 4, 34172, '1014171', 'B0000808',1,'1076测试服务器','4',8,'0');
insert into V_VEHICLEINFO (ORG_CODE,VEHICLE_ID,ID_NUMBER,TYPE_ID,TERMINAL_ID,DELETE_FLAG,COLOR_ID_NUMBER_ID,AUTHORIZED_PAY_MASS) values ('B0000808','3400172', '测B14171', 4, 340172, 0, '2',15);

insert into T_SIMINFO (SIM_ID, ORG_CODE, DEPTCODE, STATE,PAY_MODLE, SIM_NUM) values(34173, 'B0000808', '中国移动', 1, '预付费', 13100014172);
insert into T_TERMINALINFO (TERMINAL_ID,TTYPE_ID,SIM_ID,TERMINAL_CODE,ORG_CODE,IS_VIDEO_TERMINAL,SP_SERVER_NAME,PROTOCOL_TYPE,CHANNELS,YT_PROTOCOL_TYPE) values(340173, 4, 34173, '1014172', 'B0000808',1,'1076测试服务器','4',8,'0');
insert into V_VEHICLEINFO (ORG_CODE,VEHICLE_ID,ID_NUMBER,TYPE_ID,TERMINAL_ID,DELETE_FLAG,COLOR_ID_NUMBER_ID,AUTHORIZED_PAY_MASS) values ('B0000808','3400173', '测B14172', 4, 340173, 0, '2',15);

insert into T_SIMINFO (SIM_ID, ORG_CODE, DEPTCODE, STATE,PAY_MODLE, SIM_NUM) values(34174, 'B0000808', '中国移动', 1, '预付费', 13100014173);
insert into T_TERMINALINFO (TERMINAL_ID,TTYPE_ID,SIM_ID,TERMINAL_CODE,ORG_CODE,IS_VIDEO_TERMINAL,SP_SERVER_NAME,PROTOCOL_TYPE,CHANNELS,YT_PROTOCOL_TYPE) values(340174, 4, 34174, '1014173', 'B0000808',1,'1076测试服务器','4',8,'0');
insert into V_VEHICLEINFO (ORG_CODE,VEHICLE_ID,ID_NUMBER,TYPE_ID,TERMINAL_ID,DELETE_FLAG,COLOR_ID_NUMBER_ID,AUTHORIZED_PAY_MASS) values ('B0000808','3400174', '测B14173', 4, 340174, 0, '2',15);

insert into T_SIMINFO (SIM_ID, ORG_CODE, DEPTCODE, STATE,PAY_MODLE, SIM_NUM) values(34175, 'B0000808', '中国移动', 1, '预付费', 13100014174);
insert into T_TERMINALINFO (TERMINAL_ID,TTYPE_ID,SIM_ID,TERMINAL_CODE,ORG_CODE,IS_VIDEO_TERMINAL,SP_SERVER_NAME,PROTOCOL_TYPE,CHANNELS,YT_PROTOCOL_TYPE) values(340175, 4, 34175, '1014174', 'B0000808',1,'1076测试服务器','4',8,'0');
insert into V_VEHICLEINFO (ORG_CODE,VEHICLE_ID,ID_NUMBER,TYPE_ID,TERMINAL_ID,DELETE_FLAG,COLOR_ID_NUMBER_ID,AUTHORIZED_PAY_MASS) values ('B0000808','3400175', '测B14174', 4, 340175, 0, '2',15);

insert into T_SIMINFO (SIM_ID, ORG_CODE, DEPTCODE, STATE,PAY_MODLE, SIM_NUM) values(34176, 'B0000808', '中国移动', 1, '预付费', 13100014175);
insert into T_TERMINALINFO (TERMINAL_ID,TTYPE_ID,SIM_ID,TERMINAL_CODE,ORG_CODE,IS_VIDEO_TERMINAL,SP_SERVER_NAME,PROTOCOL_TYPE,CHANNELS,YT_PROTOCOL_TYPE) values(340176, 4, 34176, '1014175', 'B0000808',1,'1076测试服务器','4',8,'0');
insert into V_VEHICLEINFO (ORG_CODE,VEHICLE_ID,ID_NUMBER,TYPE_ID,TERMINAL_ID,DELETE_FLAG,COLOR_ID_NUMBER_ID,AUTHORIZED_PAY_MASS) values ('B0000808','3400176', '测B14175', 4, 340176, 0, '2',15);

insert into T_SIMINFO (SIM_ID, ORG_CODE, DEPTCODE, STATE,PAY_MODLE, SIM_NUM) values(34177, 'B0000808', '中国移动', 1, '预付费', 13100014176);
insert into T_TERMINALINFO (TERMINAL_ID,TTYPE_ID,SIM_ID,TERMINAL_CODE,ORG_CODE,IS_VIDEO_TERMINAL,SP_SERVER_NAME,PROTOCOL_TYPE,CHANNELS,YT_PROTOCOL_TYPE) values(340177, 4, 34177, '1014176', 'B0000808',1,'1076测试服务器','4',8,'0');
insert into V_VEHICLEINFO (ORG_CODE,VEHICLE_ID,ID_NUMBER,TYPE_ID,TERMINAL_ID,DELETE_FLAG,COLOR_ID_NUMBER_ID,AUTHORIZED_PAY_MASS) values ('B0000808','3400177', '测B14176', 4, 340177, 0, '2',15);

insert into T_SIMINFO (SIM_ID, ORG_CODE, DEPTCODE, STATE,PAY_MODLE, SIM_NUM) values(34178, 'B0000808', '中国移动', 1, '预付费', 13100014177);
insert into T_TERMINALINFO (TERMINAL_ID,TTYPE_ID,SIM_ID,TERMINAL_CODE,ORG_CODE,IS_VIDEO_TERMINAL,SP_SERVER_NAME,PROTOCOL_TYPE,CHANNELS,YT_PROTOCOL_TYPE) values(340178, 4, 34178, '1014177', 'B0000808',1,'1076测试服务器','4',8,'0');
insert into V_VEHICLEINFO (ORG_CODE,VEHICLE_ID,ID_NUMBER,TYPE_ID,TERMINAL_ID,DELETE_FLAG,COLOR_ID_NUMBER_ID,AUTHORIZED_PAY_MASS) values ('B0000808','3400178', '测B14177', 4, 340178, 0, '2',15);

insert into T_SIMINFO (SIM_ID, ORG_CODE, DEPTCODE, STATE,PAY_MODLE, SIM_NUM) values(34179, 'B0000808', '中国移动', 1, '预付费', 13100014178);
insert into T_TERMINALINFO (TERMINAL_ID,TTYPE_ID,SIM_ID,TERMINAL_CODE,ORG_CODE,IS_VIDEO_TERMINAL,SP_SERVER_NAME,PROTOCOL_TYPE,CHANNELS,YT_PROTOCOL_TYPE) values(340179, 4, 34179, '1014178', 'B0000808',1,'1076测试服务器','4',8,'0');
insert into V_VEHICLEINFO (ORG_CODE,VEHICLE_ID,ID_NUMBER,TYPE_ID,TERMINAL_ID,DELETE_FLAG,COLOR_ID_NUMBER_ID,AUTHORIZED_PAY_MASS) values ('B0000808','3400179', '测B14178', 4, 340179, 0, '2',15);

insert into T_SIMINFO (SIM_ID, ORG_CODE, DEPTCODE, STATE,PAY_MODLE, SIM_NUM) values(34180, 'B0000808', '中国移动', 1, '预付费', 13100014179);
insert into T_TERMINALINFO (TERMINAL_ID,TTYPE_ID,SIM_ID,TERMINAL_CODE,ORG_CODE,IS_VIDEO_TERMINAL,SP_SERVER_NAME,PROTOCOL_TYPE,CHANNELS,YT_PROTOCOL_TYPE) values(340180, 4, 34180, '1014179', 'B0000808',1,'1076测试服务器','4',8,'0');
insert into V_VEHICLEINFO (ORG_CODE,VEHICLE_ID,ID_NUMBER,TYPE_ID,TERMINAL_ID,DELETE_FLAG,COLOR_ID_NUMBER_ID,AUTHORIZED_PAY_MASS) values ('B0000808','3400180', '测B14179', 4, 340180, 0, '2',15);

insert into T_SIMINFO (SIM_ID, ORG_CODE, DEPTCODE, STATE,PAY_MODLE, SIM_NUM) values(34181, 'B0000808', '中国移动', 1, '预付费', 13100014180);
insert into T_TERMINALINFO (TERMINAL_ID,TTYPE_ID,SIM_ID,TERMINAL_CODE,ORG_CODE,IS_VIDEO_TERMINAL,SP_SERVER_NAME,PROTOCOL_TYPE,CHANNELS,YT_PROTOCOL_TYPE) values(340181, 4, 34181, '1014180', 'B0000808',1,'1076测试服务器','4',8,'0');
insert into V_VEHICLEINFO (ORG_CODE,VEHICLE_ID,ID_NUMBER,TYPE_ID,TERMINAL_ID,DELETE_FLAG,COLOR_ID_NUMBER_ID,AUTHORIZED_PAY_MASS) values ('B0000808','3400181', '测B14180', 4, 340181, 0, '2',15);

insert into T_SIMINFO (SIM_ID, ORG_CODE, DEPTCODE, STATE,PAY_MODLE, SIM_NUM) values(34182, 'B0000808', '中国移动', 1, '预付费', 13100014181);
insert into T_TERMINALINFO (TERMINAL_ID,TTYPE_ID,SIM_ID,TERMINAL_CODE,ORG_CODE,IS_VIDEO_TERMINAL,SP_SERVER_NAME,PROTOCOL_TYPE,CHANNELS,YT_PROTOCOL_TYPE) values(340182, 4, 34182, '1014181', 'B0000808',1,'1076测试服务器','4',8,'0');
insert into V_VEHICLEINFO (ORG_CODE,VEHICLE_ID,ID_NUMBER,TYPE_ID,TERMINAL_ID,DELETE_FLAG,COLOR_ID_NUMBER_ID,AUTHORIZED_PAY_MASS) values ('B0000808','3400182', '测B14181', 4, 340182, 0, '2',15);

insert into T_SIMINFO (SIM_ID, ORG_CODE, DEPTCODE, STATE,PAY_MODLE, SIM_NUM) values(34183, 'B0000808', '中国移动', 1, '预付费', 13100014182);
insert into T_TERMINALINFO (TERMINAL_ID,TTYPE_ID,SIM_ID,TERMINAL_CODE,ORG_CODE,IS_VIDEO_TERMINAL,SP_SERVER_NAME,PROTOCOL_TYPE,CHANNELS,YT_PROTOCOL_TYPE) values(340183, 4, 34183, '1014182', 'B0000808',1,'1076测试服务器','4',8,'0');
insert into V_VEHICLEINFO (ORG_CODE,VEHICLE_ID,ID_NUMBER,TYPE_ID,TERMINAL_ID,DELETE_FLAG,COLOR_ID_NUMBER_ID,AUTHORIZED_PAY_MASS) values ('B0000808','3400183', '测B14182', 4, 340183, 0, '2',15);

insert into T_SIMINFO (SIM_ID, ORG_CODE, DEPTCODE, STATE,PAY_MODLE, SIM_NUM) values(34184, 'B0000808', '中国移动', 1, '预付费', 13100014183);
insert into T_TERMINALINFO (TERMINAL_ID,TTYPE_ID,SIM_ID,TERMINAL_CODE,ORG_CODE,IS_VIDEO_TERMINAL,SP_SERVER_NAME,PROTOCOL_TYPE,CHANNELS,YT_PROTOCOL_TYPE) values(340184, 4, 34184, '1014183', 'B0000808',1,'1076测试服务器','4',8,'0');
insert into V_VEHICLEINFO (ORG_CODE,VEHICLE_ID,ID_NUMBER,TYPE_ID,TERMINAL_ID,DELETE_FLAG,COLOR_ID_NUMBER_ID,AUTHORIZED_PAY_MASS) values ('B0000808','3400184', '测B14183', 4, 340184, 0, '2',15);

insert into T_SIMINFO (SIM_ID, ORG_CODE, DEPTCODE, STATE,PAY_MODLE, SIM_NUM) values(34185, 'B0000808', '中国移动', 1, '预付费', 13100014184);
insert into T_TERMINALINFO (TERMINAL_ID,TTYPE_ID,SIM_ID,TERMINAL_CODE,ORG_CODE,IS_VIDEO_TERMINAL,SP_SERVER_NAME,PROTOCOL_TYPE,CHANNELS,YT_PROTOCOL_TYPE) values(340185, 4, 34185, '1014184', 'B0000808',1,'1076测试服务器','4',8,'0');
insert into V_VEHICLEINFO (ORG_CODE,VEHICLE_ID,ID_NUMBER,TYPE_ID,TERMINAL_ID,DELETE_FLAG,COLOR_ID_NUMBER_ID,AUTHORIZED_PAY_MASS) values ('B0000808','3400185', '测B14184', 4, 340185, 0, '2',15);

insert into T_SIMINFO (SIM_ID, ORG_CODE, DEPTCODE, STATE,PAY_MODLE, SIM_NUM) values(34186, 'B0000808', '中国移动', 1, '预付费', 13100014185);
insert into T_TERMINALINFO (TERMINAL_ID,TTYPE_ID,SIM_ID,TERMINAL_CODE,ORG_CODE,IS_VIDEO_TERMINAL,SP_SERVER_NAME,PROTOCOL_TYPE,CHANNELS,YT_PROTOCOL_TYPE) values(340186, 4, 34186, '1014185', 'B0000808',1,'1076测试服务器','4',8,'0');
insert into V_VEHICLEINFO (ORG_CODE,VEHICLE_ID,ID_NUMBER,TYPE_ID,TERMINAL_ID,DELETE_FLAG,COLOR_ID_NUMBER_ID,AUTHORIZED_PAY_MASS) values ('B0000808','3400186', '测B14185', 4, 340186, 0, '2',15);

insert into T_SIMINFO (SIM_ID, ORG_CODE, DEPTCODE, STATE,PAY_MODLE, SIM_NUM) values(34187, 'B0000808', '中国移动', 1, '预付费', 13100014186);
insert into T_TERMINALINFO (TERMINAL_ID,TTYPE_ID,SIM_ID,TERMINAL_CODE,ORG_CODE,IS_VIDEO_TERMINAL,SP_SERVER_NAME,PROTOCOL_TYPE,CHANNELS,YT_PROTOCOL_TYPE) values(340187, 4, 34187, '1014186', 'B0000808',1,'1076测试服务器','4',8,'0');
insert into V_VEHICLEINFO (ORG_CODE,VEHICLE_ID,ID_NUMBER,TYPE_ID,TERMINAL_ID,DELETE_FLAG,COLOR_ID_NUMBER_ID,AUTHORIZED_PAY_MASS) values ('B0000808','3400187', '测B14186', 4, 340187, 0, '2',15);

insert into T_SIMINFO (SIM_ID, ORG_CODE, DEPTCODE, STATE,PAY_MODLE, SIM_NUM) values(34188, 'B0000808', '中国移动', 1, '预付费', 13100014187);
insert into T_TERMINALINFO (TERMINAL_ID,TTYPE_ID,SIM_ID,TERMINAL_CODE,ORG_CODE,IS_VIDEO_TERMINAL,SP_SERVER_NAME,PROTOCOL_TYPE,CHANNELS,YT_PROTOCOL_TYPE) values(340188, 4, 34188, '1014187', 'B0000808',1,'1076测试服务器','4',8,'0');
insert into V_VEHICLEINFO (ORG_CODE,VEHICLE_ID,ID_NUMBER,TYPE_ID,TERMINAL_ID,DELETE_FLAG,COLOR_ID_NUMBER_ID,AUTHORIZED_PAY_MASS) values ('B0000808','3400188', '测B14187', 4, 340188, 0, '2',15);

insert into T_SIMINFO (SIM_ID, ORG_CODE, DEPTCODE, STATE,PAY_MODLE, SIM_NUM) values(34189, 'B0000808', '中国移动', 1, '预付费', 13100014188);
insert into T_TERMINALINFO (TERMINAL_ID,TTYPE_ID,SIM_ID,TERMINAL_CODE,ORG_CODE,IS_VIDEO_TERMINAL,SP_SERVER_NAME,PROTOCOL_TYPE,CHANNELS,YT_PROTOCOL_TYPE) values(340189, 4, 34189, '1014188', 'B0000808',1,'1076测试服务器','4',8,'0');
insert into V_VEHICLEINFO (ORG_CODE,VEHICLE_ID,ID_NUMBER,TYPE_ID,TERMINAL_ID,DELETE_FLAG,COLOR_ID_NUMBER_ID,AUTHORIZED_PAY_MASS) values ('B0000808','3400189', '测B14188', 4, 340189, 0, '2',15);

insert into T_SIMINFO (SIM_ID, ORG_CODE, DEPTCODE, STATE,PAY_MODLE, SIM_NUM) values(34190, 'B0000808', '中国移动', 1, '预付费', 13100014189);
insert into T_TERMINALINFO (TERMINAL_ID,TTYPE_ID,SIM_ID,TERMINAL_CODE,ORG_CODE,IS_VIDEO_TERMINAL,SP_SERVER_NAME,PROTOCOL_TYPE,CHANNELS,YT_PROTOCOL_TYPE) values(340190, 4, 34190, '1014189', 'B0000808',1,'1076测试服务器','4',8,'0');
insert into V_VEHICLEINFO (ORG_CODE,VEHICLE_ID,ID_NUMBER,TYPE_ID,TERMINAL_ID,DELETE_FLAG,COLOR_ID_NUMBER_ID,AUTHORIZED_PAY_MASS) values ('B0000808','3400190', '测B14189', 4, 340190, 0, '2',15);

insert into T_SIMINFO (SIM_ID, ORG_CODE, DEPTCODE, STATE,PAY_MODLE, SIM_NUM) values(34191, 'B0000808', '中国移动', 1, '预付费', 13100014190);
insert into T_TERMINALINFO (TERMINAL_ID,TTYPE_ID,SIM_ID,TERMINAL_CODE,ORG_CODE,IS_VIDEO_TERMINAL,SP_SERVER_NAME,PROTOCOL_TYPE,CHANNELS,YT_PROTOCOL_TYPE) values(340191, 4, 34191, '1014190', 'B0000808',1,'1076测试服务器','4',8,'0');
insert into V_VEHICLEINFO (ORG_CODE,VEHICLE_ID,ID_NUMBER,TYPE_ID,TERMINAL_ID,DELETE_FLAG,COLOR_ID_NUMBER_ID,AUTHORIZED_PAY_MASS) values ('B0000808','3400191', '测B14190', 4, 340191, 0, '2',15);

insert into T_SIMINFO (SIM_ID, ORG_CODE, DEPTCODE, STATE,PAY_MODLE, SIM_NUM) values(34192, 'B0000808', '中国移动', 1, '预付费', 13100014191);
insert into T_TERMINALINFO (TERMINAL_ID,TTYPE_ID,SIM_ID,TERMINAL_CODE,ORG_CODE,IS_VIDEO_TERMINAL,SP_SERVER_NAME,PROTOCOL_TYPE,CHANNELS,YT_PROTOCOL_TYPE) values(340192, 4, 34192, '1014191', 'B0000808',1,'1076测试服务器','4',8,'0');
insert into V_VEHICLEINFO (ORG_CODE,VEHICLE_ID,ID_NUMBER,TYPE_ID,TERMINAL_ID,DELETE_FLAG,COLOR_ID_NUMBER_ID,AUTHORIZED_PAY_MASS) values ('B0000808','3400192', '测B14191', 4, 340192, 0, '2',15);

insert into T_SIMINFO (SIM_ID, ORG_CODE, DEPTCODE, STATE,PAY_MODLE, SIM_NUM) values(34193, 'B0000808', '中国移动', 1, '预付费', 13100014192);
insert into T_TERMINALINFO (TERMINAL_ID,TTYPE_ID,SIM_ID,TERMINAL_CODE,ORG_CODE,IS_VIDEO_TERMINAL,SP_SERVER_NAME,PROTOCOL_TYPE,CHANNELS,YT_PROTOCOL_TYPE) values(340193, 4, 34193, '1014192', 'B0000808',1,'1076测试服务器','4',8,'0');
insert into V_VEHICLEINFO (ORG_CODE,VEHICLE_ID,ID_NUMBER,TYPE_ID,TERMINAL_ID,DELETE_FLAG,COLOR_ID_NUMBER_ID,AUTHORIZED_PAY_MASS) values ('B0000808','3400193', '测B14192', 4, 340193, 0, '2',15);

insert into T_SIMINFO (SIM_ID, ORG_CODE, DEPTCODE, STATE,PAY_MODLE, SIM_NUM) values(34194, 'B0000808', '中国移动', 1, '预付费', 13100014193);
insert into T_TERMINALINFO (TERMINAL_ID,TTYPE_ID,SIM_ID,TERMINAL_CODE,ORG_CODE,IS_VIDEO_TERMINAL,SP_SERVER_NAME,PROTOCOL_TYPE,CHANNELS,YT_PROTOCOL_TYPE) values(340194, 4, 34194, '1014193', 'B0000808',1,'1076测试服务器','4',8,'0');
insert into V_VEHICLEINFO (ORG_CODE,VEHICLE_ID,ID_NUMBER,TYPE_ID,TERMINAL_ID,DELETE_FLAG,COLOR_ID_NUMBER_ID,AUTHORIZED_PAY_MASS) values ('B0000808','3400194', '测B14193', 4, 340194, 0, '2',15);

insert into T_SIMINFO (SIM_ID, ORG_CODE, DEPTCODE, STATE,PAY_MODLE, SIM_NUM) values(34195, 'B0000808', '中国移动', 1, '预付费', 13100014194);
insert into T_TERMINALINFO (TERMINAL_ID,TTYPE_ID,SIM_ID,TERMINAL_CODE,ORG_CODE,IS_VIDEO_TERMINAL,SP_SERVER_NAME,PROTOCOL_TYPE,CHANNELS,YT_PROTOCOL_TYPE) values(340195, 4, 34195, '1014194', 'B0000808',1,'1076测试服务器','4',8,'0');
insert into V_VEHICLEINFO (ORG_CODE,VEHICLE_ID,ID_NUMBER,TYPE_ID,TERMINAL_ID,DELETE_FLAG,COLOR_ID_NUMBER_ID,AUTHORIZED_PAY_MASS) values ('B0000808','3400195', '测B14194', 4, 340195, 0, '2',15);

insert into T_SIMINFO (SIM_ID, ORG_CODE, DEPTCODE, STATE,PAY_MODLE, SIM_NUM) values(34196, 'B0000808', '中国移动', 1, '预付费', 13100014195);
insert into T_TERMINALINFO (TERMINAL_ID,TTYPE_ID,SIM_ID,TERMINAL_CODE,ORG_CODE,IS_VIDEO_TERMINAL,SP_SERVER_NAME,PROTOCOL_TYPE,CHANNELS,YT_PROTOCOL_TYPE) values(340196, 4, 34196, '1014195', 'B0000808',1,'1076测试服务器','4',8,'0');
insert into V_VEHICLEINFO (ORG_CODE,VEHICLE_ID,ID_NUMBER,TYPE_ID,TERMINAL_ID,DELETE_FLAG,COLOR_ID_NUMBER_ID,AUTHORIZED_PAY_MASS) values ('B0000808','3400196', '测B14195', 4, 340196, 0, '2',15);

insert into T_SIMINFO (SIM_ID, ORG_CODE, DEPTCODE, STATE,PAY_MODLE, SIM_NUM) values(34197, 'B0000808', '中国移动', 1, '预付费', 13100014196);
insert into T_TERMINALINFO (TERMINAL_ID,TTYPE_ID,SIM_ID,TERMINAL_CODE,ORG_CODE,IS_VIDEO_TERMINAL,SP_SERVER_NAME,PROTOCOL_TYPE,CHANNELS,YT_PROTOCOL_TYPE) values(340197, 4, 34197, '1014196', 'B0000808',1,'1076测试服务器','4',8,'0');
insert into V_VEHICLEINFO (ORG_CODE,VEHICLE_ID,ID_NUMBER,TYPE_ID,TERMINAL_ID,DELETE_FLAG,COLOR_ID_NUMBER_ID,AUTHORIZED_PAY_MASS) values ('B0000808','3400197', '测B14196', 4, 340197, 0, '2',15);

insert into T_SIMINFO (SIM_ID, ORG_CODE, DEPTCODE, STATE,PAY_MODLE, SIM_NUM) values(34198, 'B0000808', '中国移动', 1, '预付费', 13100014197);
insert into T_TERMINALINFO (TERMINAL_ID,TTYPE_ID,SIM_ID,TERMINAL_CODE,ORG_CODE,IS_VIDEO_TERMINAL,SP_SERVER_NAME,PROTOCOL_TYPE,CHANNELS,YT_PROTOCOL_TYPE) values(340198, 4, 34198, '1014197', 'B0000808',1,'1076测试服务器','4',8,'0');
insert into V_VEHICLEINFO (ORG_CODE,VEHICLE_ID,ID_NUMBER,TYPE_ID,TERMINAL_ID,DELETE_FLAG,COLOR_ID_NUMBER_ID,AUTHORIZED_PAY_MASS) values ('B0000808','3400198', '测B14197', 4, 340198, 0, '2',15);

insert into T_SIMINFO (SIM_ID, ORG_CODE, DEPTCODE, STATE,PAY_MODLE, SIM_NUM) values(34199, 'B0000808', '中国移动', 1, '预付费', 13100014198);
insert into T_TERMINALINFO (TERMINAL_ID,TTYPE_ID,SIM_ID,TERMINAL_CODE,ORG_CODE,IS_VIDEO_TERMINAL,SP_SERVER_NAME,PROTOCOL_TYPE,CHANNELS,YT_PROTOCOL_TYPE) values(340199, 4, 34199, '1014198', 'B0000808',1,'1076测试服务器','4',8,'0');
insert into V_VEHICLEINFO (ORG_CODE,VEHICLE_ID,ID_NUMBER,TYPE_ID,TERMINAL_ID,DELETE_FLAG,COLOR_ID_NUMBER_ID,AUTHORIZED_PAY_MASS) values ('B0000808','3400199', '测B14198', 4, 340199, 0, '2',15);

insert into T_SIMINFO (SIM_ID, ORG_CODE, DEPTCODE, STATE,PAY_MODLE, SIM_NUM) values(34200, 'B0000808', '中国移动', 1, '预付费', 13100014199);
insert into T_TERMINALINFO (TERMINAL_ID,TTYPE_ID,SIM_ID,TERMINAL_CODE,ORG_CODE,IS_VIDEO_TERMINAL,SP_SERVER_NAME,PROTOCOL_TYPE,CHANNELS,YT_PROTOCOL_TYPE) values(340200, 4, 34200, '1014199', 'B0000808',1,'1076测试服务器','4',8,'0');
insert into V_VEHICLEINFO (ORG_CODE,VEHICLE_ID,ID_NUMBER,TYPE_ID,TERMINAL_ID,DELETE_FLAG,COLOR_ID_NUMBER_ID,AUTHORIZED_PAY_MASS) values ('B0000808','3400200', '测B14199', 4, 340200, 0, '2',15);

insert into T_SIMINFO (SIM_ID, ORG_CODE, DEPTCODE, STATE,PAY_MODLE, SIM_NUM) values(34201, 'B0000808', '中国移动', 1, '预付费', 13100014200);
insert into T_TERMINALINFO (TERMINAL_ID,TTYPE_ID,SIM_ID,TERMINAL_CODE,ORG_CODE,IS_VIDEO_TERMINAL,SP_SERVER_NAME,PROTOCOL_TYPE,CHANNELS,YT_PROTOCOL_TYPE) values(340201, 4, 34201, '1014200', 'B0000808',1,'1076测试服务器','4',8,'0');
insert into V_VEHICLEINFO (ORG_CODE,VEHICLE_ID,ID_NUMBER,TYPE_ID,TERMINAL_ID,DELETE_FLAG,COLOR_ID_NUMBER_ID,AUTHORIZED_PAY_MASS) values ('B0000808','3400201', '测B14200', 4, 340201, 0, '2',15);

insert into T_SIMINFO (SIM_ID, ORG_CODE, DEPTCODE, STATE,PAY_MODLE, SIM_NUM) values(34202, 'B0000808', '中国移动', 1, '预付费', 13100014201);
insert into T_TERMINALINFO (TERMINAL_ID,TTYPE_ID,SIM_ID,TERMINAL_CODE,ORG_CODE,IS_VIDEO_TERMINAL,SP_SERVER_NAME,PROTOCOL_TYPE,CHANNELS,YT_PROTOCOL_TYPE) values(340202, 4, 34202, '1014201', 'B0000808',1,'1076测试服务器','4',8,'0');
insert into V_VEHICLEINFO (ORG_CODE,VEHICLE_ID,ID_NUMBER,TYPE_ID,TERMINAL_ID,DELETE_FLAG,COLOR_ID_NUMBER_ID,AUTHORIZED_PAY_MASS) values ('B0000808','3400202', '测B14201', 4, 340202, 0, '2',15);

insert into T_SIMINFO (SIM_ID, ORG_CODE, DEPTCODE, STATE,PAY_MODLE, SIM_NUM) values(34203, 'B0000808', '中国移动', 1, '预付费', 13100014202);
insert into T_TERMINALINFO (TERMINAL_ID,TTYPE_ID,SIM_ID,TERMINAL_CODE,ORG_CODE,IS_VIDEO_TERMINAL,SP_SERVER_NAME,PROTOCOL_TYPE,CHANNELS,YT_PROTOCOL_TYPE) values(340203, 4, 34203, '1014202', 'B0000808',1,'1076测试服务器','4',8,'0');
insert into V_VEHICLEINFO (ORG_CODE,VEHICLE_ID,ID_NUMBER,TYPE_ID,TERMINAL_ID,DELETE_FLAG,COLOR_ID_NUMBER_ID,AUTHORIZED_PAY_MASS) values ('B0000808','3400203', '测B14202', 4, 340203, 0, '2',15);

insert into T_SIMINFO (SIM_ID, ORG_CODE, DEPTCODE, STATE,PAY_MODLE, SIM_NUM) values(34204, 'B0000808', '中国移动', 1, '预付费', 13100014203);
insert into T_TERMINALINFO (TERMINAL_ID,TTYPE_ID,SIM_ID,TERMINAL_CODE,ORG_CODE,IS_VIDEO_TERMINAL,SP_SERVER_NAME,PROTOCOL_TYPE,CHANNELS,YT_PROTOCOL_TYPE) values(340204, 4, 34204, '1014203', 'B0000808',1,'1076测试服务器','4',8,'0');
insert into V_VEHICLEINFO (ORG_CODE,VEHICLE_ID,ID_NUMBER,TYPE_ID,TERMINAL_ID,DELETE_FLAG,COLOR_ID_NUMBER_ID,AUTHORIZED_PAY_MASS) values ('B0000808','3400204', '测B14203', 4, 340204, 0, '2',15);

insert into T_SIMINFO (SIM_ID, ORG_CODE, DEPTCODE, STATE,PAY_MODLE, SIM_NUM) values(34205, 'B0000808', '中国移动', 1, '预付费', 13100014204);
insert into T_TERMINALINFO (TERMINAL_ID,TTYPE_ID,SIM_ID,TERMINAL_CODE,ORG_CODE,IS_VIDEO_TERMINAL,SP_SERVER_NAME,PROTOCOL_TYPE,CHANNELS,YT_PROTOCOL_TYPE) values(340205, 4, 34205, '1014204', 'B0000808',1,'1076测试服务器','4',8,'0');
insert into V_VEHICLEINFO (ORG_CODE,VEHICLE_ID,ID_NUMBER,TYPE_ID,TERMINAL_ID,DELETE_FLAG,COLOR_ID_NUMBER_ID,AUTHORIZED_PAY_MASS) values ('B0000808','3400205', '测B14204', 4, 340205, 0, '2',15);

insert into T_SIMINFO (SIM_ID, ORG_CODE, DEPTCODE, STATE,PAY_MODLE, SIM_NUM) values(34206, 'B0000808', '中国移动', 1, '预付费', 13100014205);
insert into T_TERMINALINFO (TERMINAL_ID,TTYPE_ID,SIM_ID,TERMINAL_CODE,ORG_CODE,IS_VIDEO_TERMINAL,SP_SERVER_NAME,PROTOCOL_TYPE,CHANNELS,YT_PROTOCOL_TYPE) values(340206, 4, 34206, '1014205', 'B0000808',1,'1076测试服务器','4',8,'0');
insert into V_VEHICLEINFO (ORG_CODE,VEHICLE_ID,ID_NUMBER,TYPE_ID,TERMINAL_ID,DELETE_FLAG,COLOR_ID_NUMBER_ID,AUTHORIZED_PAY_MASS) values ('B0000808','3400206', '测B14205', 4, 340206, 0, '2',15);

insert into T_SIMINFO (SIM_ID, ORG_CODE, DEPTCODE, STATE,PAY_MODLE, SIM_NUM) values(34207, 'B0000808', '中国移动', 1, '预付费', 13100014206);
insert into T_TERMINALINFO (TERMINAL_ID,TTYPE_ID,SIM_ID,TERMINAL_CODE,ORG_CODE,IS_VIDEO_TERMINAL,SP_SERVER_NAME,PROTOCOL_TYPE,CHANNELS,YT_PROTOCOL_TYPE) values(340207, 4, 34207, '1014206', 'B0000808',1,'1076测试服务器','4',8,'0');
insert into V_VEHICLEINFO (ORG_CODE,VEHICLE_ID,ID_NUMBER,TYPE_ID,TERMINAL_ID,DELETE_FLAG,COLOR_ID_NUMBER_ID,AUTHORIZED_PAY_MASS) values ('B0000808','3400207', '测B14206', 4, 340207, 0, '2',15);

insert into T_SIMINFO (SIM_ID, ORG_CODE, DEPTCODE, STATE,PAY_MODLE, SIM_NUM) values(34208, 'B0000808', '中国移动', 1, '预付费', 13100014207);
insert into T_TERMINALINFO (TERMINAL_ID,TTYPE_ID,SIM_ID,TERMINAL_CODE,ORG_CODE,IS_VIDEO_TERMINAL,SP_SERVER_NAME,PROTOCOL_TYPE,CHANNELS,YT_PROTOCOL_TYPE) values(340208, 4, 34208, '1014207', 'B0000808',1,'1076测试服务器','4',8,'0');
insert into V_VEHICLEINFO (ORG_CODE,VEHICLE_ID,ID_NUMBER,TYPE_ID,TERMINAL_ID,DELETE_FLAG,COLOR_ID_NUMBER_ID,AUTHORIZED_PAY_MASS) values ('B0000808','3400208', '测B14207', 4, 340208, 0, '2',15);

insert into T_SIMINFO (SIM_ID, ORG_CODE, DEPTCODE, STATE,PAY_MODLE, SIM_NUM) values(34209, 'B0000808', '中国移动', 1, '预付费', 13100014208);
insert into T_TERMINALINFO (TERMINAL_ID,TTYPE_ID,SIM_ID,TERMINAL_CODE,ORG_CODE,IS_VIDEO_TERMINAL,SP_SERVER_NAME,PROTOCOL_TYPE,CHANNELS,YT_PROTOCOL_TYPE) values(340209, 4, 34209, '1014208', 'B0000808',1,'1076测试服务器','4',8,'0');
insert into V_VEHICLEINFO (ORG_CODE,VEHICLE_ID,ID_NUMBER,TYPE_ID,TERMINAL_ID,DELETE_FLAG,COLOR_ID_NUMBER_ID,AUTHORIZED_PAY_MASS) values ('B0000808','3400209', '测B14208', 4, 340209, 0, '2',15);

insert into T_SIMINFO (SIM_ID, ORG_CODE, DEPTCODE, STATE,PAY_MODLE, SIM_NUM) values(34210, 'B0000808', '中国移动', 1, '预付费', 13100014209);
insert into T_TERMINALINFO (TERMINAL_ID,TTYPE_ID,SIM_ID,TERMINAL_CODE,ORG_CODE,IS_VIDEO_TERMINAL,SP_SERVER_NAME,PROTOCOL_TYPE,CHANNELS,YT_PROTOCOL_TYPE) values(340210, 4, 34210, '1014209', 'B0000808',1,'1076测试服务器','4',8,'0');
insert into V_VEHICLEINFO (ORG_CODE,VEHICLE_ID,ID_NUMBER,TYPE_ID,TERMINAL_ID,DELETE_FLAG,COLOR_ID_NUMBER_ID,AUTHORIZED_PAY_MASS) values ('B0000808','3400210', '测B14209', 4, 340210, 0, '2',15);

insert into T_SIMINFO (SIM_ID, ORG_CODE, DEPTCODE, STATE,PAY_MODLE, SIM_NUM) values(34211, 'B0000808', '中国移动', 1, '预付费', 13100014210);
insert into T_TERMINALINFO (TERMINAL_ID,TTYPE_ID,SIM_ID,TERMINAL_CODE,ORG_CODE,IS_VIDEO_TERMINAL,SP_SERVER_NAME,PROTOCOL_TYPE,CHANNELS,YT_PROTOCOL_TYPE) values(340211, 4, 34211, '1014210', 'B0000808',1,'1076测试服务器','4',8,'0');
insert into V_VEHICLEINFO (ORG_CODE,VEHICLE_ID,ID_NUMBER,TYPE_ID,TERMINAL_ID,DELETE_FLAG,COLOR_ID_NUMBER_ID,AUTHORIZED_PAY_MASS) values ('B0000808','3400211', '测B14210', 4, 340211, 0, '2',15);

insert into T_SIMINFO (SIM_ID, ORG_CODE, DEPTCODE, STATE,PAY_MODLE, SIM_NUM) values(34212, 'B0000808', '中国移动', 1, '预付费', 13100014211);
insert into T_TERMINALINFO (TERMINAL_ID,TTYPE_ID,SIM_ID,TERMINAL_CODE,ORG_CODE,IS_VIDEO_TERMINAL,SP_SERVER_NAME,PROTOCOL_TYPE,CHANNELS,YT_PROTOCOL_TYPE) values(340212, 4, 34212, '1014211', 'B0000808',1,'1076测试服务器','4',8,'0');
insert into V_VEHICLEINFO (ORG_CODE,VEHICLE_ID,ID_NUMBER,TYPE_ID,TERMINAL_ID,DELETE_FLAG,COLOR_ID_NUMBER_ID,AUTHORIZED_PAY_MASS) values ('B0000808','3400212', '测B14211', 4, 340212, 0, '2',15);

insert into T_SIMINFO (SIM_ID, ORG_CODE, DEPTCODE, STATE,PAY_MODLE, SIM_NUM) values(34213, 'B0000808', '中国移动', 1, '预付费', 13100014212);
insert into T_TERMINALINFO (TERMINAL_ID,TTYPE_ID,SIM_ID,TERMINAL_CODE,ORG_CODE,IS_VIDEO_TERMINAL,SP_SERVER_NAME,PROTOCOL_TYPE,CHANNELS,YT_PROTOCOL_TYPE) values(340213, 4, 34213, '1014212', 'B0000808',1,'1076测试服务器','4',8,'0');
insert into V_VEHICLEINFO (ORG_CODE,VEHICLE_ID,ID_NUMBER,TYPE_ID,TERMINAL_ID,DELETE_FLAG,COLOR_ID_NUMBER_ID,AUTHORIZED_PAY_MASS) values ('B0000808','3400213', '测B14212', 4, 340213, 0, '2',15);

insert into T_SIMINFO (SIM_ID, ORG_CODE, DEPTCODE, STATE,PAY_MODLE, SIM_NUM) values(34214, 'B0000808', '中国移动', 1, '预付费', 13100014213);
insert into T_TERMINALINFO (TERMINAL_ID,TTYPE_ID,SIM_ID,TERMINAL_CODE,ORG_CODE,IS_VIDEO_TERMINAL,SP_SERVER_NAME,PROTOCOL_TYPE,CHANNELS,YT_PROTOCOL_TYPE) values(340214, 4, 34214, '1014213', 'B0000808',1,'1076测试服务器','4',8,'0');
insert into V_VEHICLEINFO (ORG_CODE,VEHICLE_ID,ID_NUMBER,TYPE_ID,TERMINAL_ID,DELETE_FLAG,COLOR_ID_NUMBER_ID,AUTHORIZED_PAY_MASS) values ('B0000808','3400214', '测B14213', 4, 340214, 0, '2',15);

insert into T_SIMINFO (SIM_ID, ORG_CODE, DEPTCODE, STATE,PAY_MODLE, SIM_NUM) values(34215, 'B0000808', '中国移动', 1, '预付费', 13100014214);
insert into T_TERMINALINFO (TERMINAL_ID,TTYPE_ID,SIM_ID,TERMINAL_CODE,ORG_CODE,IS_VIDEO_TERMINAL,SP_SERVER_NAME,PROTOCOL_TYPE,CHANNELS,YT_PROTOCOL_TYPE) values(340215, 4, 34215, '1014214', 'B0000808',1,'1076测试服务器','4',8,'0');
insert into V_VEHICLEINFO (ORG_CODE,VEHICLE_ID,ID_NUMBER,TYPE_ID,TERMINAL_ID,DELETE_FLAG,COLOR_ID_NUMBER_ID,AUTHORIZED_PAY_MASS) values ('B0000808','3400215', '测B14214', 4, 340215, 0, '2',15);

insert into T_SIMINFO (SIM_ID, ORG_CODE, DEPTCODE, STATE,PAY_MODLE, SIM_NUM) values(34216, 'B0000808', '中国移动', 1, '预付费', 13100014215);
insert into T_TERMINALINFO (TERMINAL_ID,TTYPE_ID,SIM_ID,TERMINAL_CODE,ORG_CODE,IS_VIDEO_TERMINAL,SP_SERVER_NAME,PROTOCOL_TYPE,CHANNELS,YT_PROTOCOL_TYPE) values(340216, 4, 34216, '1014215', 'B0000808',1,'1076测试服务器','4',8,'0');
insert into V_VEHICLEINFO (ORG_CODE,VEHICLE_ID,ID_NUMBER,TYPE_ID,TERMINAL_ID,DELETE_FLAG,COLOR_ID_NUMBER_ID,AUTHORIZED_PAY_MASS) values ('B0000808','3400216', '测B14215', 4, 340216, 0, '2',15);

insert into T_SIMINFO (SIM_ID, ORG_CODE, DEPTCODE, STATE,PAY_MODLE, SIM_NUM) values(34217, 'B0000808', '中国移动', 1, '预付费', 13100014216);
insert into T_TERMINALINFO (TERMINAL_ID,TTYPE_ID,SIM_ID,TERMINAL_CODE,ORG_CODE,IS_VIDEO_TERMINAL,SP_SERVER_NAME,PROTOCOL_TYPE,CHANNELS,YT_PROTOCOL_TYPE) values(340217, 4, 34217, '1014216', 'B0000808',1,'1076测试服务器','4',8,'0');
insert into V_VEHICLEINFO (ORG_CODE,VEHICLE_ID,ID_NUMBER,TYPE_ID,TERMINAL_ID,DELETE_FLAG,COLOR_ID_NUMBER_ID,AUTHORIZED_PAY_MASS) values ('B0000808','3400217', '测B14216', 4, 340217, 0, '2',15);

insert into T_SIMINFO (SIM_ID, ORG_CODE, DEPTCODE, STATE,PAY_MODLE, SIM_NUM) values(34218, 'B0000808', '中国移动', 1, '预付费', 13100014217);
insert into T_TERMINALINFO (TERMINAL_ID,TTYPE_ID,SIM_ID,TERMINAL_CODE,ORG_CODE,IS_VIDEO_TERMINAL,SP_SERVER_NAME,PROTOCOL_TYPE,CHANNELS,YT_PROTOCOL_TYPE) values(340218, 4, 34218, '1014217', 'B0000808',1,'1076测试服务器','4',8,'0');
insert into V_VEHICLEINFO (ORG_CODE,VEHICLE_ID,ID_NUMBER,TYPE_ID,TERMINAL_ID,DELETE_FLAG,COLOR_ID_NUMBER_ID,AUTHORIZED_PAY_MASS) values ('B0000808','3400218', '测B14217', 4, 340218, 0, '2',15);

insert into T_SIMINFO (SIM_ID, ORG_CODE, DEPTCODE, STATE,PAY_MODLE, SIM_NUM) values(34219, 'B0000808', '中国移动', 1, '预付费', 13100014218);
insert into T_TERMINALINFO (TERMINAL_ID,TTYPE_ID,SIM_ID,TERMINAL_CODE,ORG_CODE,IS_VIDEO_TERMINAL,SP_SERVER_NAME,PROTOCOL_TYPE,CHANNELS,YT_PROTOCOL_TYPE) values(340219, 4, 34219, '1014218', 'B0000808',1,'1076测试服务器','4',8,'0');
insert into V_VEHICLEINFO (ORG_CODE,VEHICLE_ID,ID_NUMBER,TYPE_ID,TERMINAL_ID,DELETE_FLAG,COLOR_ID_NUMBER_ID,AUTHORIZED_PAY_MASS) values ('B0000808','3400219', '测B14218', 4, 340219, 0, '2',15);

insert into T_SIMINFO (SIM_ID, ORG_CODE, DEPTCODE, STATE,PAY_MODLE, SIM_NUM) values(34220, 'B0000808', '中国移动', 1, '预付费', 13100014219);
insert into T_TERMINALINFO (TERMINAL_ID,TTYPE_ID,SIM_ID,TERMINAL_CODE,ORG_CODE,IS_VIDEO_TERMINAL,SP_SERVER_NAME,PROTOCOL_TYPE,CHANNELS,YT_PROTOCOL_TYPE) values(340220, 4, 34220, '1014219', 'B0000808',1,'1076测试服务器','4',8,'0');
insert into V_VEHICLEINFO (ORG_CODE,VEHICLE_ID,ID_NUMBER,TYPE_ID,TERMINAL_ID,DELETE_FLAG,COLOR_ID_NUMBER_ID,AUTHORIZED_PAY_MASS) values ('B0000808','3400220', '测B14219', 4, 340220, 0, '2',15);

insert into T_SIMINFO (SIM_ID, ORG_CODE, DEPTCODE, STATE,PAY_MODLE, SIM_NUM) values(34221, 'B0000808', '中国移动', 1, '预付费', 13100014220);
insert into T_TERMINALINFO (TERMINAL_ID,TTYPE_ID,SIM_ID,TERMINAL_CODE,ORG_CODE,IS_VIDEO_TERMINAL,SP_SERVER_NAME,PROTOCOL_TYPE,CHANNELS,YT_PROTOCOL_TYPE) values(340221, 4, 34221, '1014220', 'B0000808',1,'1076测试服务器','4',8,'0');
insert into V_VEHICLEINFO (ORG_CODE,VEHICLE_ID,ID_NUMBER,TYPE_ID,TERMINAL_ID,DELETE_FLAG,COLOR_ID_NUMBER_ID,AUTHORIZED_PAY_MASS) values ('B0000808','3400221', '测B14220', 4, 340221, 0, '2',15);

insert into T_SIMINFO (SIM_ID, ORG_CODE, DEPTCODE, STATE,PAY_MODLE, SIM_NUM) values(34222, 'B0000808', '中国移动', 1, '预付费', 13100014221);
insert into T_TERMINALINFO (TERMINAL_ID,TTYPE_ID,SIM_ID,TERMINAL_CODE,ORG_CODE,IS_VIDEO_TERMINAL,SP_SERVER_NAME,PROTOCOL_TYPE,CHANNELS,YT_PROTOCOL_TYPE) values(340222, 4, 34222, '1014221', 'B0000808',1,'1076测试服务器','4',8,'0');
insert into V_VEHICLEINFO (ORG_CODE,VEHICLE_ID,ID_NUMBER,TYPE_ID,TERMINAL_ID,DELETE_FLAG,COLOR_ID_NUMBER_ID,AUTHORIZED_PAY_MASS) values ('B0000808','3400222', '测B14221', 4, 340222, 0, '2',15);

insert into T_SIMINFO (SIM_ID, ORG_CODE, DEPTCODE, STATE,PAY_MODLE, SIM_NUM) values(34223, 'B0000808', '中国移动', 1, '预付费', 13100014222);
insert into T_TERMINALINFO (TERMINAL_ID,TTYPE_ID,SIM_ID,TERMINAL_CODE,ORG_CODE,IS_VIDEO_TERMINAL,SP_SERVER_NAME,PROTOCOL_TYPE,CHANNELS,YT_PROTOCOL_TYPE) values(340223, 4, 34223, '1014222', 'B0000808',1,'1076测试服务器','4',8,'0');
insert into V_VEHICLEINFO (ORG_CODE,VEHICLE_ID,ID_NUMBER,TYPE_ID,TERMINAL_ID,DELETE_FLAG,COLOR_ID_NUMBER_ID,AUTHORIZED_PAY_MASS) values ('B0000808','3400223', '测B14222', 4, 340223, 0, '2',15);

insert into T_SIMINFO (SIM_ID, ORG_CODE, DEPTCODE, STATE,PAY_MODLE, SIM_NUM) values(34224, 'B0000808', '中国移动', 1, '预付费', 13100014223);
insert into T_TERMINALINFO (TERMINAL_ID,TTYPE_ID,SIM_ID,TERMINAL_CODE,ORG_CODE,IS_VIDEO_TERMINAL,SP_SERVER_NAME,PROTOCOL_TYPE,CHANNELS,YT_PROTOCOL_TYPE) values(340224, 4, 34224, '1014223', 'B0000808',1,'1076测试服务器','4',8,'0');
insert into V_VEHICLEINFO (ORG_CODE,VEHICLE_ID,ID_NUMBER,TYPE_ID,TERMINAL_ID,DELETE_FLAG,COLOR_ID_NUMBER_ID,AUTHORIZED_PAY_MASS) values ('B0000808','3400224', '测B14223', 4, 340224, 0, '2',15);

insert into T_SIMINFO (SIM_ID, ORG_CODE, DEPTCODE, STATE,PAY_MODLE, SIM_NUM) values(34225, 'B0000808', '中国移动', 1, '预付费', 13100014224);
insert into T_TERMINALINFO (TERMINAL_ID,TTYPE_ID,SIM_ID,TERMINAL_CODE,ORG_CODE,IS_VIDEO_TERMINAL,SP_SERVER_NAME,PROTOCOL_TYPE,CHANNELS,YT_PROTOCOL_TYPE) values(340225, 4, 34225, '1014224', 'B0000808',1,'1076测试服务器','4',8,'0');
insert into V_VEHICLEINFO (ORG_CODE,VEHICLE_ID,ID_NUMBER,TYPE_ID,TERMINAL_ID,DELETE_FLAG,COLOR_ID_NUMBER_ID,AUTHORIZED_PAY_MASS) values ('B0000808','3400225', '测B14224', 4, 340225, 0, '2',15);

insert into T_SIMINFO (SIM_ID, ORG_CODE, DEPTCODE, STATE,PAY_MODLE, SIM_NUM) values(34226, 'B0000808', '中国移动', 1, '预付费', 13100014225);
insert into T_TERMINALINFO (TERMINAL_ID,TTYPE_ID,SIM_ID,TERMINAL_CODE,ORG_CODE,IS_VIDEO_TERMINAL,SP_SERVER_NAME,PROTOCOL_TYPE,CHANNELS,YT_PROTOCOL_TYPE) values(340226, 4, 34226, '1014225', 'B0000808',1,'1076测试服务器','4',8,'0');
insert into V_VEHICLEINFO (ORG_CODE,VEHICLE_ID,ID_NUMBER,TYPE_ID,TERMINAL_ID,DELETE_FLAG,COLOR_ID_NUMBER_ID,AUTHORIZED_PAY_MASS) values ('B0000808','3400226', '测B14225', 4, 340226, 0, '2',15);

insert into T_SIMINFO (SIM_ID, ORG_CODE, DEPTCODE, STATE,PAY_MODLE, SIM_NUM) values(34227, 'B0000808', '中国移动', 1, '预付费', 13100014226);
insert into T_TERMINALINFO (TERMINAL_ID,TTYPE_ID,SIM_ID,TERMINAL_CODE,ORG_CODE,IS_VIDEO_TERMINAL,SP_SERVER_NAME,PROTOCOL_TYPE,CHANNELS,YT_PROTOCOL_TYPE) values(340227, 4, 34227, '1014226', 'B0000808',1,'1076测试服务器','4',8,'0');
insert into V_VEHICLEINFO (ORG_CODE,VEHICLE_ID,ID_NUMBER,TYPE_ID,TERMINAL_ID,DELETE_FLAG,COLOR_ID_NUMBER_ID,AUTHORIZED_PAY_MASS) values ('B0000808','3400227', '测B14226', 4, 340227, 0, '2',15);

insert into T_SIMINFO (SIM_ID, ORG_CODE, DEPTCODE, STATE,PAY_MODLE, SIM_NUM) values(34228, 'B0000808', '中国移动', 1, '预付费', 13100014227);
insert into T_TERMINALINFO (TERMINAL_ID,TTYPE_ID,SIM_ID,TERMINAL_CODE,ORG_CODE,IS_VIDEO_TERMINAL,SP_SERVER_NAME,PROTOCOL_TYPE,CHANNELS,YT_PROTOCOL_TYPE) values(340228, 4, 34228, '1014227', 'B0000808',1,'1076测试服务器','4',8,'0');
insert into V_VEHICLEINFO (ORG_CODE,VEHICLE_ID,ID_NUMBER,TYPE_ID,TERMINAL_ID,DELETE_FLAG,COLOR_ID_NUMBER_ID,AUTHORIZED_PAY_MASS) values ('B0000808','3400228', '测B14227', 4, 340228, 0, '2',15);

insert into T_SIMINFO (SIM_ID, ORG_CODE, DEPTCODE, STATE,PAY_MODLE, SIM_NUM) values(34229, 'B0000808', '中国移动', 1, '预付费', 13100014228);
insert into T_TERMINALINFO (TERMINAL_ID,TTYPE_ID,SIM_ID,TERMINAL_CODE,ORG_CODE,IS_VIDEO_TERMINAL,SP_SERVER_NAME,PROTOCOL_TYPE,CHANNELS,YT_PROTOCOL_TYPE) values(340229, 4, 34229, '1014228', 'B0000808',1,'1076测试服务器','4',8,'0');
insert into V_VEHICLEINFO (ORG_CODE,VEHICLE_ID,ID_NUMBER,TYPE_ID,TERMINAL_ID,DELETE_FLAG,COLOR_ID_NUMBER_ID,AUTHORIZED_PAY_MASS) values ('B0000808','3400229', '测B14228', 4, 340229, 0, '2',15);

insert into T_SIMINFO (SIM_ID, ORG_CODE, DEPTCODE, STATE,PAY_MODLE, SIM_NUM) values(34230, 'B0000808', '中国移动', 1, '预付费', 13100014229);
insert into T_TERMINALINFO (TERMINAL_ID,TTYPE_ID,SIM_ID,TERMINAL_CODE,ORG_CODE,IS_VIDEO_TERMINAL,SP_SERVER_NAME,PROTOCOL_TYPE,CHANNELS,YT_PROTOCOL_TYPE) values(340230, 4, 34230, '1014229', 'B0000808',1,'1076测试服务器','4',8,'0');
insert into V_VEHICLEINFO (ORG_CODE,VEHICLE_ID,ID_NUMBER,TYPE_ID,TERMINAL_ID,DELETE_FLAG,COLOR_ID_NUMBER_ID,AUTHORIZED_PAY_MASS) values ('B0000808','3400230', '测B14229', 4, 340230, 0, '2',15);

insert into T_SIMINFO (SIM_ID, ORG_CODE, DEPTCODE, STATE,PAY_MODLE, SIM_NUM) values(34231, 'B0000808', '中国移动', 1, '预付费', 13100014230);
insert into T_TERMINALINFO (TERMINAL_ID,TTYPE_ID,SIM_ID,TERMINAL_CODE,ORG_CODE,IS_VIDEO_TERMINAL,SP_SERVER_NAME,PROTOCOL_TYPE,CHANNELS,YT_PROTOCOL_TYPE) values(340231, 4, 34231, '1014230', 'B0000808',1,'1076测试服务器','4',8,'0');
insert into V_VEHICLEINFO (ORG_CODE,VEHICLE_ID,ID_NUMBER,TYPE_ID,TERMINAL_ID,DELETE_FLAG,COLOR_ID_NUMBER_ID,AUTHORIZED_PAY_MASS) values ('B0000808','3400231', '测B14230', 4, 340231, 0, '2',15);

insert into T_SIMINFO (SIM_ID, ORG_CODE, DEPTCODE, STATE,PAY_MODLE, SIM_NUM) values(34232, 'B0000808', '中国移动', 1, '预付费', 13100014231);
insert into T_TERMINALINFO (TERMINAL_ID,TTYPE_ID,SIM_ID,TERMINAL_CODE,ORG_CODE,IS_VIDEO_TERMINAL,SP_SERVER_NAME,PROTOCOL_TYPE,CHANNELS,YT_PROTOCOL_TYPE) values(340232, 4, 34232, '1014231', 'B0000808',1,'1076测试服务器','4',8,'0');
insert into V_VEHICLEINFO (ORG_CODE,VEHICLE_ID,ID_NUMBER,TYPE_ID,TERMINAL_ID,DELETE_FLAG,COLOR_ID_NUMBER_ID,AUTHORIZED_PAY_MASS) values ('B0000808','3400232', '测B14231', 4, 340232, 0, '2',15);

insert into T_SIMINFO (SIM_ID, ORG_CODE, DEPTCODE, STATE,PAY_MODLE, SIM_NUM) values(34233, 'B0000808', '中国移动', 1, '预付费', 13100014232);
insert into T_TERMINALINFO (TERMINAL_ID,TTYPE_ID,SIM_ID,TERMINAL_CODE,ORG_CODE,IS_VIDEO_TERMINAL,SP_SERVER_NAME,PROTOCOL_TYPE,CHANNELS,YT_PROTOCOL_TYPE) values(340233, 4, 34233, '1014232', 'B0000808',1,'1076测试服务器','4',8,'0');
insert into V_VEHICLEINFO (ORG_CODE,VEHICLE_ID,ID_NUMBER,TYPE_ID,TERMINAL_ID,DELETE_FLAG,COLOR_ID_NUMBER_ID,AUTHORIZED_PAY_MASS) values ('B0000808','3400233', '测B14232', 4, 340233, 0, '2',15);

insert into T_SIMINFO (SIM_ID, ORG_CODE, DEPTCODE, STATE,PAY_MODLE, SIM_NUM) values(34234, 'B0000808', '中国移动', 1, '预付费', 13100014233);
insert into T_TERMINALINFO (TERMINAL_ID,TTYPE_ID,SIM_ID,TERMINAL_CODE,ORG_CODE,IS_VIDEO_TERMINAL,SP_SERVER_NAME,PROTOCOL_TYPE,CHANNELS,YT_PROTOCOL_TYPE) values(340234, 4, 34234, '1014233', 'B0000808',1,'1076测试服务器','4',8,'0');
insert into V_VEHICLEINFO (ORG_CODE,VEHICLE_ID,ID_NUMBER,TYPE_ID,TERMINAL_ID,DELETE_FLAG,COLOR_ID_NUMBER_ID,AUTHORIZED_PAY_MASS) values ('B0000808','3400234', '测B14233', 4, 340234, 0, '2',15);

insert into T_SIMINFO (SIM_ID, ORG_CODE, DEPTCODE, STATE,PAY_MODLE, SIM_NUM) values(34235, 'B0000808', '中国移动', 1, '预付费', 13100014234);
insert into T_TERMINALINFO (TERMINAL_ID,TTYPE_ID,SIM_ID,TERMINAL_CODE,ORG_CODE,IS_VIDEO_TERMINAL,SP_SERVER_NAME,PROTOCOL_TYPE,CHANNELS,YT_PROTOCOL_TYPE) values(340235, 4, 34235, '1014234', 'B0000808',1,'1076测试服务器','4',8,'0');
insert into V_VEHICLEINFO (ORG_CODE,VEHICLE_ID,ID_NUMBER,TYPE_ID,TERMINAL_ID,DELETE_FLAG,COLOR_ID_NUMBER_ID,AUTHORIZED_PAY_MASS) values ('B0000808','3400235', '测B14234', 4, 340235, 0, '2',15);

insert into T_SIMINFO (SIM_ID, ORG_CODE, DEPTCODE, STATE,PAY_MODLE, SIM_NUM) values(34236, 'B0000808', '中国移动', 1, '预付费', 13100014235);
insert into T_TERMINALINFO (TERMINAL_ID,TTYPE_ID,SIM_ID,TERMINAL_CODE,ORG_CODE,IS_VIDEO_TERMINAL,SP_SERVER_NAME,PROTOCOL_TYPE,CHANNELS,YT_PROTOCOL_TYPE) values(340236, 4, 34236, '1014235', 'B0000808',1,'1076测试服务器','4',8,'0');
insert into V_VEHICLEINFO (ORG_CODE,VEHICLE_ID,ID_NUMBER,TYPE_ID,TERMINAL_ID,DELETE_FLAG,COLOR_ID_NUMBER_ID,AUTHORIZED_PAY_MASS) values ('B0000808','3400236', '测B14235', 4, 340236, 0, '2',15);

insert into T_SIMINFO (SIM_ID, ORG_CODE, DEPTCODE, STATE,PAY_MODLE, SIM_NUM) values(34237, 'B0000808', '中国移动', 1, '预付费', 13100014236);
insert into T_TERMINALINFO (TERMINAL_ID,TTYPE_ID,SIM_ID,TERMINAL_CODE,ORG_CODE,IS_VIDEO_TERMINAL,SP_SERVER_NAME,PROTOCOL_TYPE,CHANNELS,YT_PROTOCOL_TYPE) values(340237, 4, 34237, '1014236', 'B0000808',1,'1076测试服务器','4',8,'0');
insert into V_VEHICLEINFO (ORG_CODE,VEHICLE_ID,ID_NUMBER,TYPE_ID,TERMINAL_ID,DELETE_FLAG,COLOR_ID_NUMBER_ID,AUTHORIZED_PAY_MASS) values ('B0000808','3400237', '测B14236', 4, 340237, 0, '2',15);

insert into T_SIMINFO (SIM_ID, ORG_CODE, DEPTCODE, STATE,PAY_MODLE, SIM_NUM) values(34238, 'B0000808', '中国移动', 1, '预付费', 13100014237);
insert into T_TERMINALINFO (TERMINAL_ID,TTYPE_ID,SIM_ID,TERMINAL_CODE,ORG_CODE,IS_VIDEO_TERMINAL,SP_SERVER_NAME,PROTOCOL_TYPE,CHANNELS,YT_PROTOCOL_TYPE) values(340238, 4, 34238, '1014237', 'B0000808',1,'1076测试服务器','4',8,'0');
insert into V_VEHICLEINFO (ORG_CODE,VEHICLE_ID,ID_NUMBER,TYPE_ID,TERMINAL_ID,DELETE_FLAG,COLOR_ID_NUMBER_ID,AUTHORIZED_PAY_MASS) values ('B0000808','3400238', '测B14237', 4, 340238, 0, '2',15);

insert into T_SIMINFO (SIM_ID, ORG_CODE, DEPTCODE, STATE,PAY_MODLE, SIM_NUM) values(34239, 'B0000808', '中国移动', 1, '预付费', 13100014238);
insert into T_TERMINALINFO (TERMINAL_ID,TTYPE_ID,SIM_ID,TERMINAL_CODE,ORG_CODE,IS_VIDEO_TERMINAL,SP_SERVER_NAME,PROTOCOL_TYPE,CHANNELS,YT_PROTOCOL_TYPE) values(340239, 4, 34239, '1014238', 'B0000808',1,'1076测试服务器','4',8,'0');
insert into V_VEHICLEINFO (ORG_CODE,VEHICLE_ID,ID_NUMBER,TYPE_ID,TERMINAL_ID,DELETE_FLAG,COLOR_ID_NUMBER_ID,AUTHORIZED_PAY_MASS) values ('B0000808','3400239', '测B14238', 4, 340239, 0, '2',15);

insert into T_SIMINFO (SIM_ID, ORG_CODE, DEPTCODE, STATE,PAY_MODLE, SIM_NUM) values(34240, 'B0000808', '中国移动', 1, '预付费', 13100014239);
insert into T_TERMINALINFO (TERMINAL_ID,TTYPE_ID,SIM_ID,TERMINAL_CODE,ORG_CODE,IS_VIDEO_TERMINAL,SP_SERVER_NAME,PROTOCOL_TYPE,CHANNELS,YT_PROTOCOL_TYPE) values(340240, 4, 34240, '1014239', 'B0000808',1,'1076测试服务器','4',8,'0');
insert into V_VEHICLEINFO (ORG_CODE,VEHICLE_ID,ID_NUMBER,TYPE_ID,TERMINAL_ID,DELETE_FLAG,COLOR_ID_NUMBER_ID,AUTHORIZED_PAY_MASS) values ('B0000808','3400240', '测B14239', 4, 340240, 0, '2',15);

insert into T_SIMINFO (SIM_ID, ORG_CODE, DEPTCODE, STATE,PAY_MODLE, SIM_NUM) values(34241, 'B0000808', '中国移动', 1, '预付费', 13100014240);
insert into T_TERMINALINFO (TERMINAL_ID,TTYPE_ID,SIM_ID,TERMINAL_CODE,ORG_CODE,IS_VIDEO_TERMINAL,SP_SERVER_NAME,PROTOCOL_TYPE,CHANNELS,YT_PROTOCOL_TYPE) values(340241, 4, 34241, '1014240', 'B0000808',1,'1076测试服务器','4',8,'0');
insert into V_VEHICLEINFO (ORG_CODE,VEHICLE_ID,ID_NUMBER,TYPE_ID,TERMINAL_ID,DELETE_FLAG,COLOR_ID_NUMBER_ID,AUTHORIZED_PAY_MASS) values ('B0000808','3400241', '测B14240', 4, 340241, 0, '2',15);

insert into T_SIMINFO (SIM_ID, ORG_CODE, DEPTCODE, STATE,PAY_MODLE, SIM_NUM) values(34242, 'B0000808', '中国移动', 1, '预付费', 13100014241);
insert into T_TERMINALINFO (TERMINAL_ID,TTYPE_ID,SIM_ID,TERMINAL_CODE,ORG_CODE,IS_VIDEO_TERMINAL,SP_SERVER_NAME,PROTOCOL_TYPE,CHANNELS,YT_PROTOCOL_TYPE) values(340242, 4, 34242, '1014241', 'B0000808',1,'1076测试服务器','4',8,'0');
insert into V_VEHICLEINFO (ORG_CODE,VEHICLE_ID,ID_NUMBER,TYPE_ID,TERMINAL_ID,DELETE_FLAG,COLOR_ID_NUMBER_ID,AUTHORIZED_PAY_MASS) values ('B0000808','3400242', '测B14241', 4, 340242, 0, '2',15);

insert into T_SIMINFO (SIM_ID, ORG_CODE, DEPTCODE, STATE,PAY_MODLE, SIM_NUM) values(34243, 'B0000808', '中国移动', 1, '预付费', 13100014242);
insert into T_TERMINALINFO (TERMINAL_ID,TTYPE_ID,SIM_ID,TERMINAL_CODE,ORG_CODE,IS_VIDEO_TERMINAL,SP_SERVER_NAME,PROTOCOL_TYPE,CHANNELS,YT_PROTOCOL_TYPE) values(340243, 4, 34243, '1014242', 'B0000808',1,'1076测试服务器','4',8,'0');
insert into V_VEHICLEINFO (ORG_CODE,VEHICLE_ID,ID_NUMBER,TYPE_ID,TERMINAL_ID,DELETE_FLAG,COLOR_ID_NUMBER_ID,AUTHORIZED_PAY_MASS) values ('B0000808','3400243', '测B14242', 4, 340243, 0, '2',15);

insert into T_SIMINFO (SIM_ID, ORG_CODE, DEPTCODE, STATE,PAY_MODLE, SIM_NUM) values(34244, 'B0000808', '中国移动', 1, '预付费', 13100014243);
insert into T_TERMINALINFO (TERMINAL_ID,TTYPE_ID,SIM_ID,TERMINAL_CODE,ORG_CODE,IS_VIDEO_TERMINAL,SP_SERVER_NAME,PROTOCOL_TYPE,CHANNELS,YT_PROTOCOL_TYPE) values(340244, 4, 34244, '1014243', 'B0000808',1,'1076测试服务器','4',8,'0');
insert into V_VEHICLEINFO (ORG_CODE,VEHICLE_ID,ID_NUMBER,TYPE_ID,TERMINAL_ID,DELETE_FLAG,COLOR_ID_NUMBER_ID,AUTHORIZED_PAY_MASS) values ('B0000808','3400244', '测B14243', 4, 340244, 0, '2',15);

insert into T_SIMINFO (SIM_ID, ORG_CODE, DEPTCODE, STATE,PAY_MODLE, SIM_NUM) values(34245, 'B0000808', '中国移动', 1, '预付费', 13100014244);
insert into T_TERMINALINFO (TERMINAL_ID,TTYPE_ID,SIM_ID,TERMINAL_CODE,ORG_CODE,IS_VIDEO_TERMINAL,SP_SERVER_NAME,PROTOCOL_TYPE,CHANNELS,YT_PROTOCOL_TYPE) values(340245, 4, 34245, '1014244', 'B0000808',1,'1076测试服务器','4',8,'0');
insert into V_VEHICLEINFO (ORG_CODE,VEHICLE_ID,ID_NUMBER,TYPE_ID,TERMINAL_ID,DELETE_FLAG,COLOR_ID_NUMBER_ID,AUTHORIZED_PAY_MASS) values ('B0000808','3400245', '测B14244', 4, 340245, 0, '2',15);

insert into T_SIMINFO (SIM_ID, ORG_CODE, DEPTCODE, STATE,PAY_MODLE, SIM_NUM) values(34246, 'B0000808', '中国移动', 1, '预付费', 13100014245);
insert into T_TERMINALINFO (TERMINAL_ID,TTYPE_ID,SIM_ID,TERMINAL_CODE,ORG_CODE,IS_VIDEO_TERMINAL,SP_SERVER_NAME,PROTOCOL_TYPE,CHANNELS,YT_PROTOCOL_TYPE) values(340246, 4, 34246, '1014245', 'B0000808',1,'1076测试服务器','4',8,'0');
insert into V_VEHICLEINFO (ORG_CODE,VEHICLE_ID,ID_NUMBER,TYPE_ID,TERMINAL_ID,DELETE_FLAG,COLOR_ID_NUMBER_ID,AUTHORIZED_PAY_MASS) values ('B0000808','3400246', '测B14245', 4, 340246, 0, '2',15);

insert into T_SIMINFO (SIM_ID, ORG_CODE, DEPTCODE, STATE,PAY_MODLE, SIM_NUM) values(34247, 'B0000808', '中国移动', 1, '预付费', 13100014246);
insert into T_TERMINALINFO (TERMINAL_ID,TTYPE_ID,SIM_ID,TERMINAL_CODE,ORG_CODE,IS_VIDEO_TERMINAL,SP_SERVER_NAME,PROTOCOL_TYPE,CHANNELS,YT_PROTOCOL_TYPE) values(340247, 4, 34247, '1014246', 'B0000808',1,'1076测试服务器','4',8,'0');
insert into V_VEHICLEINFO (ORG_CODE,VEHICLE_ID,ID_NUMBER,TYPE_ID,TERMINAL_ID,DELETE_FLAG,COLOR_ID_NUMBER_ID,AUTHORIZED_PAY_MASS) values ('B0000808','3400247', '测B14246', 4, 340247, 0, '2',15);

insert into T_SIMINFO (SIM_ID, ORG_CODE, DEPTCODE, STATE,PAY_MODLE, SIM_NUM) values(34248, 'B0000808', '中国移动', 1, '预付费', 13100014247);
insert into T_TERMINALINFO (TERMINAL_ID,TTYPE_ID,SIM_ID,TERMINAL_CODE,ORG_CODE,IS_VIDEO_TERMINAL,SP_SERVER_NAME,PROTOCOL_TYPE,CHANNELS,YT_PROTOCOL_TYPE) values(340248, 4, 34248, '1014247', 'B0000808',1,'1076测试服务器','4',8,'0');
insert into V_VEHICLEINFO (ORG_CODE,VEHICLE_ID,ID_NUMBER,TYPE_ID,TERMINAL_ID,DELETE_FLAG,COLOR_ID_NUMBER_ID,AUTHORIZED_PAY_MASS) values ('B0000808','3400248', '测B14247', 4, 340248, 0, '2',15);

insert into T_SIMINFO (SIM_ID, ORG_CODE, DEPTCODE, STATE,PAY_MODLE, SIM_NUM) values(34249, 'B0000808', '中国移动', 1, '预付费', 13100014248);
insert into T_TERMINALINFO (TERMINAL_ID,TTYPE_ID,SIM_ID,TERMINAL_CODE,ORG_CODE,IS_VIDEO_TERMINAL,SP_SERVER_NAME,PROTOCOL_TYPE,CHANNELS,YT_PROTOCOL_TYPE) values(340249, 4, 34249, '1014248', 'B0000808',1,'1076测试服务器','4',8,'0');
insert into V_VEHICLEINFO (ORG_CODE,VEHICLE_ID,ID_NUMBER,TYPE_ID,TERMINAL_ID,DELETE_FLAG,COLOR_ID_NUMBER_ID,AUTHORIZED_PAY_MASS) values ('B0000808','3400249', '测B14248', 4, 340249, 0, '2',15);

insert into T_SIMINFO (SIM_ID, ORG_CODE, DEPTCODE, STATE,PAY_MODLE, SIM_NUM) values(34250, 'B0000808', '中国移动', 1, '预付费', 13100014249);
insert into T_TERMINALINFO (TERMINAL_ID,TTYPE_ID,SIM_ID,TERMINAL_CODE,ORG_CODE,IS_VIDEO_TERMINAL,SP_SERVER_NAME,PROTOCOL_TYPE,CHANNELS,YT_PROTOCOL_TYPE) values(340250, 4, 34250, '1014249', 'B0000808',1,'1076测试服务器','4',8,'0');
insert into V_VEHICLEINFO (ORG_CODE,VEHICLE_ID,ID_NUMBER,TYPE_ID,TERMINAL_ID,DELETE_FLAG,COLOR_ID_NUMBER_ID,AUTHORIZED_PAY_MASS) values ('B0000808','3400250', '测B14249', 4, 340250, 0, '2',15);

insert into T_SIMINFO (SIM_ID, ORG_CODE, DEPTCODE, STATE,PAY_MODLE, SIM_NUM) values(34251, 'B0000808', '中国移动', 1, '预付费', 13100014250);
insert into T_TERMINALINFO (TERMINAL_ID,TTYPE_ID,SIM_ID,TERMINAL_CODE,ORG_CODE,IS_VIDEO_TERMINAL,SP_SERVER_NAME,PROTOCOL_TYPE,CHANNELS,YT_PROTOCOL_TYPE) values(340251, 4, 34251, '1014250', 'B0000808',1,'1076测试服务器','4',8,'0');
insert into V_VEHICLEINFO (ORG_CODE,VEHICLE_ID,ID_NUMBER,TYPE_ID,TERMINAL_ID,DELETE_FLAG,COLOR_ID_NUMBER_ID,AUTHORIZED_PAY_MASS) values ('B0000808','3400251', '测B14250', 4, 340251, 0, '2',15);

insert into T_SIMINFO (SIM_ID, ORG_CODE, DEPTCODE, STATE,PAY_MODLE, SIM_NUM) values(34252, 'B0000808', '中国移动', 1, '预付费', 13100014251);
insert into T_TERMINALINFO (TERMINAL_ID,TTYPE_ID,SIM_ID,TERMINAL_CODE,ORG_CODE,IS_VIDEO_TERMINAL,SP_SERVER_NAME,PROTOCOL_TYPE,CHANNELS,YT_PROTOCOL_TYPE) values(340252, 4, 34252, '1014251', 'B0000808',1,'1076测试服务器','4',8,'0');
insert into V_VEHICLEINFO (ORG_CODE,VEHICLE_ID,ID_NUMBER,TYPE_ID,TERMINAL_ID,DELETE_FLAG,COLOR_ID_NUMBER_ID,AUTHORIZED_PAY_MASS) values ('B0000808','3400252', '测B14251', 4, 340252, 0, '2',15);

insert into T_SIMINFO (SIM_ID, ORG_CODE, DEPTCODE, STATE,PAY_MODLE, SIM_NUM) values(34253, 'B0000808', '中国移动', 1, '预付费', 13100014252);
insert into T_TERMINALINFO (TERMINAL_ID,TTYPE_ID,SIM_ID,TERMINAL_CODE,ORG_CODE,IS_VIDEO_TERMINAL,SP_SERVER_NAME,PROTOCOL_TYPE,CHANNELS,YT_PROTOCOL_TYPE) values(340253, 4, 34253, '1014252', 'B0000808',1,'1076测试服务器','4',8,'0');
insert into V_VEHICLEINFO (ORG_CODE,VEHICLE_ID,ID_NUMBER,TYPE_ID,TERMINAL_ID,DELETE_FLAG,COLOR_ID_NUMBER_ID,AUTHORIZED_PAY_MASS) values ('B0000808','3400253', '测B14252', 4, 340253, 0, '2',15);

insert into T_SIMINFO (SIM_ID, ORG_CODE, DEPTCODE, STATE,PAY_MODLE, SIM_NUM) values(34254, 'B0000808', '中国移动', 1, '预付费', 13100014253);
insert into T_TERMINALINFO (TERMINAL_ID,TTYPE_ID,SIM_ID,TERMINAL_CODE,ORG_CODE,IS_VIDEO_TERMINAL,SP_SERVER_NAME,PROTOCOL_TYPE,CHANNELS,YT_PROTOCOL_TYPE) values(340254, 4, 34254, '1014253', 'B0000808',1,'1076测试服务器','4',8,'0');
insert into V_VEHICLEINFO (ORG_CODE,VEHICLE_ID,ID_NUMBER,TYPE_ID,TERMINAL_ID,DELETE_FLAG,COLOR_ID_NUMBER_ID,AUTHORIZED_PAY_MASS) values ('B0000808','3400254', '测B14253', 4, 340254, 0, '2',15);

insert into T_SIMINFO (SIM_ID, ORG_CODE, DEPTCODE, STATE,PAY_MODLE, SIM_NUM) values(34255, 'B0000808', '中国移动', 1, '预付费', 13100014254);
insert into T_TERMINALINFO (TERMINAL_ID,TTYPE_ID,SIM_ID,TERMINAL_CODE,ORG_CODE,IS_VIDEO_TERMINAL,SP_SERVER_NAME,PROTOCOL_TYPE,CHANNELS,YT_PROTOCOL_TYPE) values(340255, 4, 34255, '1014254', 'B0000808',1,'1076测试服务器','4',8,'0');
insert into V_VEHICLEINFO (ORG_CODE,VEHICLE_ID,ID_NUMBER,TYPE_ID,TERMINAL_ID,DELETE_FLAG,COLOR_ID_NUMBER_ID,AUTHORIZED_PAY_MASS) values ('B0000808','3400255', '测B14254', 4, 340255, 0, '2',15);

insert into T_SIMINFO (SIM_ID, ORG_CODE, DEPTCODE, STATE,PAY_MODLE, SIM_NUM) values(34256, 'B0000808', '中国移动', 1, '预付费', 13100014255);
insert into T_TERMINALINFO (TERMINAL_ID,TTYPE_ID,SIM_ID,TERMINAL_CODE,ORG_CODE,IS_VIDEO_TERMINAL,SP_SERVER_NAME,PROTOCOL_TYPE,CHANNELS,YT_PROTOCOL_TYPE) values(340256, 4, 34256, '1014255', 'B0000808',1,'1076测试服务器','4',8,'0');
insert into V_VEHICLEINFO (ORG_CODE,VEHICLE_ID,ID_NUMBER,TYPE_ID,TERMINAL_ID,DELETE_FLAG,COLOR_ID_NUMBER_ID,AUTHORIZED_PAY_MASS) values ('B0000808','3400256', '测B14255', 4, 340256, 0, '2',15);

insert into T_SIMINFO (SIM_ID, ORG_CODE, DEPTCODE, STATE,PAY_MODLE, SIM_NUM) values(34257, 'B0000808', '中国移动', 1, '预付费', 13100014256);
insert into T_TERMINALINFO (TERMINAL_ID,TTYPE_ID,SIM_ID,TERMINAL_CODE,ORG_CODE,IS_VIDEO_TERMINAL,SP_SERVER_NAME,PROTOCOL_TYPE,CHANNELS,YT_PROTOCOL_TYPE) values(340257, 4, 34257, '1014256', 'B0000808',1,'1076测试服务器','4',8,'0');
insert into V_VEHICLEINFO (ORG_CODE,VEHICLE_ID,ID_NUMBER,TYPE_ID,TERMINAL_ID,DELETE_FLAG,COLOR_ID_NUMBER_ID,AUTHORIZED_PAY_MASS) values ('B0000808','3400257', '测B14256', 4, 340257, 0, '2',15);

insert into T_SIMINFO (SIM_ID, ORG_CODE, DEPTCODE, STATE,PAY_MODLE, SIM_NUM) values(34258, 'B0000808', '中国移动', 1, '预付费', 13100014257);
insert into T_TERMINALINFO (TERMINAL_ID,TTYPE_ID,SIM_ID,TERMINAL_CODE,ORG_CODE,IS_VIDEO_TERMINAL,SP_SERVER_NAME,PROTOCOL_TYPE,CHANNELS,YT_PROTOCOL_TYPE) values(340258, 4, 34258, '1014257', 'B0000808',1,'1076测试服务器','4',8,'0');
insert into V_VEHICLEINFO (ORG_CODE,VEHICLE_ID,ID_NUMBER,TYPE_ID,TERMINAL_ID,DELETE_FLAG,COLOR_ID_NUMBER_ID,AUTHORIZED_PAY_MASS) values ('B0000808','3400258', '测B14257', 4, 340258, 0, '2',15);

insert into T_SIMINFO (SIM_ID, ORG_CODE, DEPTCODE, STATE,PAY_MODLE, SIM_NUM) values(34259, 'B0000808', '中国移动', 1, '预付费', 13100014258);
insert into T_TERMINALINFO (TERMINAL_ID,TTYPE_ID,SIM_ID,TERMINAL_CODE,ORG_CODE,IS_VIDEO_TERMINAL,SP_SERVER_NAME,PROTOCOL_TYPE,CHANNELS,YT_PROTOCOL_TYPE) values(340259, 4, 34259, '1014258', 'B0000808',1,'1076测试服务器','4',8,'0');
insert into V_VEHICLEINFO (ORG_CODE,VEHICLE_ID,ID_NUMBER,TYPE_ID,TERMINAL_ID,DELETE_FLAG,COLOR_ID_NUMBER_ID,AUTHORIZED_PAY_MASS) values ('B0000808','3400259', '测B14258', 4, 340259, 0, '2',15);

insert into T_SIMINFO (SIM_ID, ORG_CODE, DEPTCODE, STATE,PAY_MODLE, SIM_NUM) values(34260, 'B0000808', '中国移动', 1, '预付费', 13100014259);
insert into T_TERMINALINFO (TERMINAL_ID,TTYPE_ID,SIM_ID,TERMINAL_CODE,ORG_CODE,IS_VIDEO_TERMINAL,SP_SERVER_NAME,PROTOCOL_TYPE,CHANNELS,YT_PROTOCOL_TYPE) values(340260, 4, 34260, '1014259', 'B0000808',1,'1076测试服务器','4',8,'0');
insert into V_VEHICLEINFO (ORG_CODE,VEHICLE_ID,ID_NUMBER,TYPE_ID,TERMINAL_ID,DELETE_FLAG,COLOR_ID_NUMBER_ID,AUTHORIZED_PAY_MASS) values ('B0000808','3400260', '测B14259', 4, 340260, 0, '2',15);

insert into T_SIMINFO (SIM_ID, ORG_CODE, DEPTCODE, STATE,PAY_MODLE, SIM_NUM) values(34261, 'B0000808', '中国移动', 1, '预付费', 13100014260);
insert into T_TERMINALINFO (TERMINAL_ID,TTYPE_ID,SIM_ID,TERMINAL_CODE,ORG_CODE,IS_VIDEO_TERMINAL,SP_SERVER_NAME,PROTOCOL_TYPE,CHANNELS,YT_PROTOCOL_TYPE) values(340261, 4, 34261, '1014260', 'B0000808',1,'1076测试服务器','4',8,'0');
insert into V_VEHICLEINFO (ORG_CODE,VEHICLE_ID,ID_NUMBER,TYPE_ID,TERMINAL_ID,DELETE_FLAG,COLOR_ID_NUMBER_ID,AUTHORIZED_PAY_MASS) values ('B0000808','3400261', '测B14260', 4, 340261, 0, '2',15);

insert into T_SIMINFO (SIM_ID, ORG_CODE, DEPTCODE, STATE,PAY_MODLE, SIM_NUM) values(34262, 'B0000808', '中国移动', 1, '预付费', 13100014261);
insert into T_TERMINALINFO (TERMINAL_ID,TTYPE_ID,SIM_ID,TERMINAL_CODE,ORG_CODE,IS_VIDEO_TERMINAL,SP_SERVER_NAME,PROTOCOL_TYPE,CHANNELS,YT_PROTOCOL_TYPE) values(340262, 4, 34262, '1014261', 'B0000808',1,'1076测试服务器','4',8,'0');
insert into V_VEHICLEINFO (ORG_CODE,VEHICLE_ID,ID_NUMBER,TYPE_ID,TERMINAL_ID,DELETE_FLAG,COLOR_ID_NUMBER_ID,AUTHORIZED_PAY_MASS) values ('B0000808','3400262', '测B14261', 4, 340262, 0, '2',15);

insert into T_SIMINFO (SIM_ID, ORG_CODE, DEPTCODE, STATE,PAY_MODLE, SIM_NUM) values(34263, 'B0000808', '中国移动', 1, '预付费', 13100014262);
insert into T_TERMINALINFO (TERMINAL_ID,TTYPE_ID,SIM_ID,TERMINAL_CODE,ORG_CODE,IS_VIDEO_TERMINAL,SP_SERVER_NAME,PROTOCOL_TYPE,CHANNELS,YT_PROTOCOL_TYPE) values(340263, 4, 34263, '1014262', 'B0000808',1,'1076测试服务器','4',8,'0');
insert into V_VEHICLEINFO (ORG_CODE,VEHICLE_ID,ID_NUMBER,TYPE_ID,TERMINAL_ID,DELETE_FLAG,COLOR_ID_NUMBER_ID,AUTHORIZED_PAY_MASS) values ('B0000808','3400263', '测B14262', 4, 340263, 0, '2',15);

insert into T_SIMINFO (SIM_ID, ORG_CODE, DEPTCODE, STATE,PAY_MODLE, SIM_NUM) values(34264, 'B0000808', '中国移动', 1, '预付费', 13100014263);
insert into T_TERMINALINFO (TERMINAL_ID,TTYPE_ID,SIM_ID,TERMINAL_CODE,ORG_CODE,IS_VIDEO_TERMINAL,SP_SERVER_NAME,PROTOCOL_TYPE,CHANNELS,YT_PROTOCOL_TYPE) values(340264, 4, 34264, '1014263', 'B0000808',1,'1076测试服务器','4',8,'0');
insert into V_VEHICLEINFO (ORG_CODE,VEHICLE_ID,ID_NUMBER,TYPE_ID,TERMINAL_ID,DELETE_FLAG,COLOR_ID_NUMBER_ID,AUTHORIZED_PAY_MASS) values ('B0000808','3400264', '测B14263', 4, 340264, 0, '2',15);

insert into T_SIMINFO (SIM_ID, ORG_CODE, DEPTCODE, STATE,PAY_MODLE, SIM_NUM) values(34265, 'B0000808', '中国移动', 1, '预付费', 13100014264);
insert into T_TERMINALINFO (TERMINAL_ID,TTYPE_ID,SIM_ID,TERMINAL_CODE,ORG_CODE,IS_VIDEO_TERMINAL,SP_SERVER_NAME,PROTOCOL_TYPE,CHANNELS,YT_PROTOCOL_TYPE) values(340265, 4, 34265, '1014264', 'B0000808',1,'1076测试服务器','4',8,'0');
insert into V_VEHICLEINFO (ORG_CODE,VEHICLE_ID,ID_NUMBER,TYPE_ID,TERMINAL_ID,DELETE_FLAG,COLOR_ID_NUMBER_ID,AUTHORIZED_PAY_MASS) values ('B0000808','3400265', '测B14264', 4, 340265, 0, '2',15);

insert into T_SIMINFO (SIM_ID, ORG_CODE, DEPTCODE, STATE,PAY_MODLE, SIM_NUM) values(34266, 'B0000808', '中国移动', 1, '预付费', 13100014265);
insert into T_TERMINALINFO (TERMINAL_ID,TTYPE_ID,SIM_ID,TERMINAL_CODE,ORG_CODE,IS_VIDEO_TERMINAL,SP_SERVER_NAME,PROTOCOL_TYPE,CHANNELS,YT_PROTOCOL_TYPE) values(340266, 4, 34266, '1014265', 'B0000808',1,'1076测试服务器','4',8,'0');
insert into V_VEHICLEINFO (ORG_CODE,VEHICLE_ID,ID_NUMBER,TYPE_ID,TERMINAL_ID,DELETE_FLAG,COLOR_ID_NUMBER_ID,AUTHORIZED_PAY_MASS) values ('B0000808','3400266', '测B14265', 4, 340266, 0, '2',15);

insert into T_SIMINFO (SIM_ID, ORG_CODE, DEPTCODE, STATE,PAY_MODLE, SIM_NUM) values(34267, 'B0000808', '中国移动', 1, '预付费', 13100014266);
insert into T_TERMINALINFO (TERMINAL_ID,TTYPE_ID,SIM_ID,TERMINAL_CODE,ORG_CODE,IS_VIDEO_TERMINAL,SP_SERVER_NAME,PROTOCOL_TYPE,CHANNELS,YT_PROTOCOL_TYPE) values(340267, 4, 34267, '1014266', 'B0000808',1,'1076测试服务器','4',8,'0');
insert into V_VEHICLEINFO (ORG_CODE,VEHICLE_ID,ID_NUMBER,TYPE_ID,TERMINAL_ID,DELETE_FLAG,COLOR_ID_NUMBER_ID,AUTHORIZED_PAY_MASS) values ('B0000808','3400267', '测B14266', 4, 340267, 0, '2',15);

insert into T_SIMINFO (SIM_ID, ORG_CODE, DEPTCODE, STATE,PAY_MODLE, SIM_NUM) values(34268, 'B0000808', '中国移动', 1, '预付费', 13100014267);
insert into T_TERMINALINFO (TERMINAL_ID,TTYPE_ID,SIM_ID,TERMINAL_CODE,ORG_CODE,IS_VIDEO_TERMINAL,SP_SERVER_NAME,PROTOCOL_TYPE,CHANNELS,YT_PROTOCOL_TYPE) values(340268, 4, 34268, '1014267', 'B0000808',1,'1076测试服务器','4',8,'0');
insert into V_VEHICLEINFO (ORG_CODE,VEHICLE_ID,ID_NUMBER,TYPE_ID,TERMINAL_ID,DELETE_FLAG,COLOR_ID_NUMBER_ID,AUTHORIZED_PAY_MASS) values ('B0000808','3400268', '测B14267', 4, 340268, 0, '2',15);

insert into T_SIMINFO (SIM_ID, ORG_CODE, DEPTCODE, STATE,PAY_MODLE, SIM_NUM) values(34269, 'B0000808', '中国移动', 1, '预付费', 13100014268);
insert into T_TERMINALINFO (TERMINAL_ID,TTYPE_ID,SIM_ID,TERMINAL_CODE,ORG_CODE,IS_VIDEO_TERMINAL,SP_SERVER_NAME,PROTOCOL_TYPE,CHANNELS,YT_PROTOCOL_TYPE) values(340269, 4, 34269, '1014268', 'B0000808',1,'1076测试服务器','4',8,'0');
insert into V_VEHICLEINFO (ORG_CODE,VEHICLE_ID,ID_NUMBER,TYPE_ID,TERMINAL_ID,DELETE_FLAG,COLOR_ID_NUMBER_ID,AUTHORIZED_PAY_MASS) values ('B0000808','3400269', '测B14268', 4, 340269, 0, '2',15);

insert into T_SIMINFO (SIM_ID, ORG_CODE, DEPTCODE, STATE,PAY_MODLE, SIM_NUM) values(34270, 'B0000808', '中国移动', 1, '预付费', 13100014269);
insert into T_TERMINALINFO (TERMINAL_ID,TTYPE_ID,SIM_ID,TERMINAL_CODE,ORG_CODE,IS_VIDEO_TERMINAL,SP_SERVER_NAME,PROTOCOL_TYPE,CHANNELS,YT_PROTOCOL_TYPE) values(340270, 4, 34270, '1014269', 'B0000808',1,'1076测试服务器','4',8,'0');
insert into V_VEHICLEINFO (ORG_CODE,VEHICLE_ID,ID_NUMBER,TYPE_ID,TERMINAL_ID,DELETE_FLAG,COLOR_ID_NUMBER_ID,AUTHORIZED_PAY_MASS) values ('B0000808','3400270', '测B14269', 4, 340270, 0, '2',15);

insert into T_SIMINFO (SIM_ID, ORG_CODE, DEPTCODE, STATE,PAY_MODLE, SIM_NUM) values(34271, 'B0000808', '中国移动', 1, '预付费', 13100014270);
insert into T_TERMINALINFO (TERMINAL_ID,TTYPE_ID,SIM_ID,TERMINAL_CODE,ORG_CODE,IS_VIDEO_TERMINAL,SP_SERVER_NAME,PROTOCOL_TYPE,CHANNELS,YT_PROTOCOL_TYPE) values(340271, 4, 34271, '1014270', 'B0000808',1,'1076测试服务器','4',8,'0');
insert into V_VEHICLEINFO (ORG_CODE,VEHICLE_ID,ID_NUMBER,TYPE_ID,TERMINAL_ID,DELETE_FLAG,COLOR_ID_NUMBER_ID,AUTHORIZED_PAY_MASS) values ('B0000808','3400271', '测B14270', 4, 340271, 0, '2',15);

insert into T_SIMINFO (SIM_ID, ORG_CODE, DEPTCODE, STATE,PAY_MODLE, SIM_NUM) values(34272, 'B0000808', '中国移动', 1, '预付费', 13100014271);
insert into T_TERMINALINFO (TERMINAL_ID,TTYPE_ID,SIM_ID,TERMINAL_CODE,ORG_CODE,IS_VIDEO_TERMINAL,SP_SERVER_NAME,PROTOCOL_TYPE,CHANNELS,YT_PROTOCOL_TYPE) values(340272, 4, 34272, '1014271', 'B0000808',1,'1076测试服务器','4',8,'0');
insert into V_VEHICLEINFO (ORG_CODE,VEHICLE_ID,ID_NUMBER,TYPE_ID,TERMINAL_ID,DELETE_FLAG,COLOR_ID_NUMBER_ID,AUTHORIZED_PAY_MASS) values ('B0000808','3400272', '测B14271', 4, 340272, 0, '2',15);

insert into T_SIMINFO (SIM_ID, ORG_CODE, DEPTCODE, STATE,PAY_MODLE, SIM_NUM) values(34273, 'B0000808', '中国移动', 1, '预付费', 13100014272);
insert into T_TERMINALINFO (TERMINAL_ID,TTYPE_ID,SIM_ID,TERMINAL_CODE,ORG_CODE,IS_VIDEO_TERMINAL,SP_SERVER_NAME,PROTOCOL_TYPE,CHANNELS,YT_PROTOCOL_TYPE) values(340273, 4, 34273, '1014272', 'B0000808',1,'1076测试服务器','4',8,'0');
insert into V_VEHICLEINFO (ORG_CODE,VEHICLE_ID,ID_NUMBER,TYPE_ID,TERMINAL_ID,DELETE_FLAG,COLOR_ID_NUMBER_ID,AUTHORIZED_PAY_MASS) values ('B0000808','3400273', '测B14272', 4, 340273, 0, '2',15);

insert into T_SIMINFO (SIM_ID, ORG_CODE, DEPTCODE, STATE,PAY_MODLE, SIM_NUM) values(34274, 'B0000808', '中国移动', 1, '预付费', 13100014273);
insert into T_TERMINALINFO (TERMINAL_ID,TTYPE_ID,SIM_ID,TERMINAL_CODE,ORG_CODE,IS_VIDEO_TERMINAL,SP_SERVER_NAME,PROTOCOL_TYPE,CHANNELS,YT_PROTOCOL_TYPE) values(340274, 4, 34274, '1014273', 'B0000808',1,'1076测试服务器','4',8,'0');
insert into V_VEHICLEINFO (ORG_CODE,VEHICLE_ID,ID_NUMBER,TYPE_ID,TERMINAL_ID,DELETE_FLAG,COLOR_ID_NUMBER_ID,AUTHORIZED_PAY_MASS) values ('B0000808','3400274', '测B14273', 4, 340274, 0, '2',15);

insert into T_SIMINFO (SIM_ID, ORG_CODE, DEPTCODE, STATE,PAY_MODLE, SIM_NUM) values(34275, 'B0000808', '中国移动', 1, '预付费', 13100014274);
insert into T_TERMINALINFO (TERMINAL_ID,TTYPE_ID,SIM_ID,TERMINAL_CODE,ORG_CODE,IS_VIDEO_TERMINAL,SP_SERVER_NAME,PROTOCOL_TYPE,CHANNELS,YT_PROTOCOL_TYPE) values(340275, 4, 34275, '1014274', 'B0000808',1,'1076测试服务器','4',8,'0');
insert into V_VEHICLEINFO (ORG_CODE,VEHICLE_ID,ID_NUMBER,TYPE_ID,TERMINAL_ID,DELETE_FLAG,COLOR_ID_NUMBER_ID,AUTHORIZED_PAY_MASS) values ('B0000808','3400275', '测B14274', 4, 340275, 0, '2',15);

insert into T_SIMINFO (SIM_ID, ORG_CODE, DEPTCODE, STATE,PAY_MODLE, SIM_NUM) values(34276, 'B0000808', '中国移动', 1, '预付费', 13100014275);
insert into T_TERMINALINFO (TERMINAL_ID,TTYPE_ID,SIM_ID,TERMINAL_CODE,ORG_CODE,IS_VIDEO_TERMINAL,SP_SERVER_NAME,PROTOCOL_TYPE,CHANNELS,YT_PROTOCOL_TYPE) values(340276, 4, 34276, '1014275', 'B0000808',1,'1076测试服务器','4',8,'0');
insert into V_VEHICLEINFO (ORG_CODE,VEHICLE_ID,ID_NUMBER,TYPE_ID,TERMINAL_ID,DELETE_FLAG,COLOR_ID_NUMBER_ID,AUTHORIZED_PAY_MASS) values ('B0000808','3400276', '测B14275', 4, 340276, 0, '2',15);

insert into T_SIMINFO (SIM_ID, ORG_CODE, DEPTCODE, STATE,PAY_MODLE, SIM_NUM) values(34277, 'B0000808', '中国移动', 1, '预付费', 13100014276);
insert into T_TERMINALINFO (TERMINAL_ID,TTYPE_ID,SIM_ID,TERMINAL_CODE,ORG_CODE,IS_VIDEO_TERMINAL,SP_SERVER_NAME,PROTOCOL_TYPE,CHANNELS,YT_PROTOCOL_TYPE) values(340277, 4, 34277, '1014276', 'B0000808',1,'1076测试服务器','4',8,'0');
insert into V_VEHICLEINFO (ORG_CODE,VEHICLE_ID,ID_NUMBER,TYPE_ID,TERMINAL_ID,DELETE_FLAG,COLOR_ID_NUMBER_ID,AUTHORIZED_PAY_MASS) values ('B0000808','3400277', '测B14276', 4, 340277, 0, '2',15);

insert into T_SIMINFO (SIM_ID, ORG_CODE, DEPTCODE, STATE,PAY_MODLE, SIM_NUM) values(34278, 'B0000808', '中国移动', 1, '预付费', 13100014277);
insert into T_TERMINALINFO (TERMINAL_ID,TTYPE_ID,SIM_ID,TERMINAL_CODE,ORG_CODE,IS_VIDEO_TERMINAL,SP_SERVER_NAME,PROTOCOL_TYPE,CHANNELS,YT_PROTOCOL_TYPE) values(340278, 4, 34278, '1014277', 'B0000808',1,'1076测试服务器','4',8,'0');
insert into V_VEHICLEINFO (ORG_CODE,VEHICLE_ID,ID_NUMBER,TYPE_ID,TERMINAL_ID,DELETE_FLAG,COLOR_ID_NUMBER_ID,AUTHORIZED_PAY_MASS) values ('B0000808','3400278', '测B14277', 4, 340278, 0, '2',15);

insert into T_SIMINFO (SIM_ID, ORG_CODE, DEPTCODE, STATE,PAY_MODLE, SIM_NUM) values(34279, 'B0000808', '中国移动', 1, '预付费', 13100014278);
insert into T_TERMINALINFO (TERMINAL_ID,TTYPE_ID,SIM_ID,TERMINAL_CODE,ORG_CODE,IS_VIDEO_TERMINAL,SP_SERVER_NAME,PROTOCOL_TYPE,CHANNELS,YT_PROTOCOL_TYPE) values(340279, 4, 34279, '1014278', 'B0000808',1,'1076测试服务器','4',8,'0');
insert into V_VEHICLEINFO (ORG_CODE,VEHICLE_ID,ID_NUMBER,TYPE_ID,TERMINAL_ID,DELETE_FLAG,COLOR_ID_NUMBER_ID,AUTHORIZED_PAY_MASS) values ('B0000808','3400279', '测B14278', 4, 340279, 0, '2',15);

insert into T_SIMINFO (SIM_ID, ORG_CODE, DEPTCODE, STATE,PAY_MODLE, SIM_NUM) values(34280, 'B0000808', '中国移动', 1, '预付费', 13100014279);
insert into T_TERMINALINFO (TERMINAL_ID,TTYPE_ID,SIM_ID,TERMINAL_CODE,ORG_CODE,IS_VIDEO_TERMINAL,SP_SERVER_NAME,PROTOCOL_TYPE,CHANNELS,YT_PROTOCOL_TYPE) values(340280, 4, 34280, '1014279', 'B0000808',1,'1076测试服务器','4',8,'0');
insert into V_VEHICLEINFO (ORG_CODE,VEHICLE_ID,ID_NUMBER,TYPE_ID,TERMINAL_ID,DELETE_FLAG,COLOR_ID_NUMBER_ID,AUTHORIZED_PAY_MASS) values ('B0000808','3400280', '测B14279', 4, 340280, 0, '2',15);

insert into T_SIMINFO (SIM_ID, ORG_CODE, DEPTCODE, STATE,PAY_MODLE, SIM_NUM) values(34281, 'B0000808', '中国移动', 1, '预付费', 13100014280);
insert into T_TERMINALINFO (TERMINAL_ID,TTYPE_ID,SIM_ID,TERMINAL_CODE,ORG_CODE,IS_VIDEO_TERMINAL,SP_SERVER_NAME,PROTOCOL_TYPE,CHANNELS,YT_PROTOCOL_TYPE) values(340281, 4, 34281, '1014280', 'B0000808',1,'1076测试服务器','4',8,'0');
insert into V_VEHICLEINFO (ORG_CODE,VEHICLE_ID,ID_NUMBER,TYPE_ID,TERMINAL_ID,DELETE_FLAG,COLOR_ID_NUMBER_ID,AUTHORIZED_PAY_MASS) values ('B0000808','3400281', '测B14280', 4, 340281, 0, '2',15);

insert into T_SIMINFO (SIM_ID, ORG_CODE, DEPTCODE, STATE,PAY_MODLE, SIM_NUM) values(34282, 'B0000808', '中国移动', 1, '预付费', 13100014281);
insert into T_TERMINALINFO (TERMINAL_ID,TTYPE_ID,SIM_ID,TERMINAL_CODE,ORG_CODE,IS_VIDEO_TERMINAL,SP_SERVER_NAME,PROTOCOL_TYPE,CHANNELS,YT_PROTOCOL_TYPE) values(340282, 4, 34282, '1014281', 'B0000808',1,'1076测试服务器','4',8,'0');
insert into V_VEHICLEINFO (ORG_CODE,VEHICLE_ID,ID_NUMBER,TYPE_ID,TERMINAL_ID,DELETE_FLAG,COLOR_ID_NUMBER_ID,AUTHORIZED_PAY_MASS) values ('B0000808','3400282', '测B14281', 4, 340282, 0, '2',15);

insert into T_SIMINFO (SIM_ID, ORG_CODE, DEPTCODE, STATE,PAY_MODLE, SIM_NUM) values(34283, 'B0000808', '中国移动', 1, '预付费', 13100014282);
insert into T_TERMINALINFO (TERMINAL_ID,TTYPE_ID,SIM_ID,TERMINAL_CODE,ORG_CODE,IS_VIDEO_TERMINAL,SP_SERVER_NAME,PROTOCOL_TYPE,CHANNELS,YT_PROTOCOL_TYPE) values(340283, 4, 34283, '1014282', 'B0000808',1,'1076测试服务器','4',8,'0');
insert into V_VEHICLEINFO (ORG_CODE,VEHICLE_ID,ID_NUMBER,TYPE_ID,TERMINAL_ID,DELETE_FLAG,COLOR_ID_NUMBER_ID,AUTHORIZED_PAY_MASS) values ('B0000808','3400283', '测B14282', 4, 340283, 0, '2',15);

insert into T_SIMINFO (SIM_ID, ORG_CODE, DEPTCODE, STATE,PAY_MODLE, SIM_NUM) values(34284, 'B0000808', '中国移动', 1, '预付费', 13100014283);
insert into T_TERMINALINFO (TERMINAL_ID,TTYPE_ID,SIM_ID,TERMINAL_CODE,ORG_CODE,IS_VIDEO_TERMINAL,SP_SERVER_NAME,PROTOCOL_TYPE,CHANNELS,YT_PROTOCOL_TYPE) values(340284, 4, 34284, '1014283', 'B0000808',1,'1076测试服务器','4',8,'0');
insert into V_VEHICLEINFO (ORG_CODE,VEHICLE_ID,ID_NUMBER,TYPE_ID,TERMINAL_ID,DELETE_FLAG,COLOR_ID_NUMBER_ID,AUTHORIZED_PAY_MASS) values ('B0000808','3400284', '测B14283', 4, 340284, 0, '2',15);

insert into T_SIMINFO (SIM_ID, ORG_CODE, DEPTCODE, STATE,PAY_MODLE, SIM_NUM) values(34285, 'B0000808', '中国移动', 1, '预付费', 13100014284);
insert into T_TERMINALINFO (TERMINAL_ID,TTYPE_ID,SIM_ID,TERMINAL_CODE,ORG_CODE,IS_VIDEO_TERMINAL,SP_SERVER_NAME,PROTOCOL_TYPE,CHANNELS,YT_PROTOCOL_TYPE) values(340285, 4, 34285, '1014284', 'B0000808',1,'1076测试服务器','4',8,'0');
insert into V_VEHICLEINFO (ORG_CODE,VEHICLE_ID,ID_NUMBER,TYPE_ID,TERMINAL_ID,DELETE_FLAG,COLOR_ID_NUMBER_ID,AUTHORIZED_PAY_MASS) values ('B0000808','3400285', '测B14284', 4, 340285, 0, '2',15);

insert into T_SIMINFO (SIM_ID, ORG_CODE, DEPTCODE, STATE,PAY_MODLE, SIM_NUM) values(34286, 'B0000808', '中国移动', 1, '预付费', 13100014285);
insert into T_TERMINALINFO (TERMINAL_ID,TTYPE_ID,SIM_ID,TERMINAL_CODE,ORG_CODE,IS_VIDEO_TERMINAL,SP_SERVER_NAME,PROTOCOL_TYPE,CHANNELS,YT_PROTOCOL_TYPE) values(340286, 4, 34286, '1014285', 'B0000808',1,'1076测试服务器','4',8,'0');
insert into V_VEHICLEINFO (ORG_CODE,VEHICLE_ID,ID_NUMBER,TYPE_ID,TERMINAL_ID,DELETE_FLAG,COLOR_ID_NUMBER_ID,AUTHORIZED_PAY_MASS) values ('B0000808','3400286', '测B14285', 4, 340286, 0, '2',15);

insert into T_SIMINFO (SIM_ID, ORG_CODE, DEPTCODE, STATE,PAY_MODLE, SIM_NUM) values(34287, 'B0000808', '中国移动', 1, '预付费', 13100014286);
insert into T_TERMINALINFO (TERMINAL_ID,TTYPE_ID,SIM_ID,TERMINAL_CODE,ORG_CODE,IS_VIDEO_TERMINAL,SP_SERVER_NAME,PROTOCOL_TYPE,CHANNELS,YT_PROTOCOL_TYPE) values(340287, 4, 34287, '1014286', 'B0000808',1,'1076测试服务器','4',8,'0');
insert into V_VEHICLEINFO (ORG_CODE,VEHICLE_ID,ID_NUMBER,TYPE_ID,TERMINAL_ID,DELETE_FLAG,COLOR_ID_NUMBER_ID,AUTHORIZED_PAY_MASS) values ('B0000808','3400287', '测B14286', 4, 340287, 0, '2',15);

insert into T_SIMINFO (SIM_ID, ORG_CODE, DEPTCODE, STATE,PAY_MODLE, SIM_NUM) values(34288, 'B0000808', '中国移动', 1, '预付费', 13100014287);
insert into T_TERMINALINFO (TERMINAL_ID,TTYPE_ID,SIM_ID,TERMINAL_CODE,ORG_CODE,IS_VIDEO_TERMINAL,SP_SERVER_NAME,PROTOCOL_TYPE,CHANNELS,YT_PROTOCOL_TYPE) values(340288, 4, 34288, '1014287', 'B0000808',1,'1076测试服务器','4',8,'0');
insert into V_VEHICLEINFO (ORG_CODE,VEHICLE_ID,ID_NUMBER,TYPE_ID,TERMINAL_ID,DELETE_FLAG,COLOR_ID_NUMBER_ID,AUTHORIZED_PAY_MASS) values ('B0000808','3400288', '测B14287', 4, 340288, 0, '2',15);

insert into T_SIMINFO (SIM_ID, ORG_CODE, DEPTCODE, STATE,PAY_MODLE, SIM_NUM) values(34289, 'B0000808', '中国移动', 1, '预付费', 13100014288);
insert into T_TERMINALINFO (TERMINAL_ID,TTYPE_ID,SIM_ID,TERMINAL_CODE,ORG_CODE,IS_VIDEO_TERMINAL,SP_SERVER_NAME,PROTOCOL_TYPE,CHANNELS,YT_PROTOCOL_TYPE) values(340289, 4, 34289, '1014288', 'B0000808',1,'1076测试服务器','4',8,'0');
insert into V_VEHICLEINFO (ORG_CODE,VEHICLE_ID,ID_NUMBER,TYPE_ID,TERMINAL_ID,DELETE_FLAG,COLOR_ID_NUMBER_ID,AUTHORIZED_PAY_MASS) values ('B0000808','3400289', '测B14288', 4, 340289, 0, '2',15);

insert into T_SIMINFO (SIM_ID, ORG_CODE, DEPTCODE, STATE,PAY_MODLE, SIM_NUM) values(34290, 'B0000808', '中国移动', 1, '预付费', 13100014289);
insert into T_TERMINALINFO (TERMINAL_ID,TTYPE_ID,SIM_ID,TERMINAL_CODE,ORG_CODE,IS_VIDEO_TERMINAL,SP_SERVER_NAME,PROTOCOL_TYPE,CHANNELS,YT_PROTOCOL_TYPE) values(340290, 4, 34290, '1014289', 'B0000808',1,'1076测试服务器','4',8,'0');
insert into V_VEHICLEINFO (ORG_CODE,VEHICLE_ID,ID_NUMBER,TYPE_ID,TERMINAL_ID,DELETE_FLAG,COLOR_ID_NUMBER_ID,AUTHORIZED_PAY_MASS) values ('B0000808','3400290', '测B14289', 4, 340290, 0, '2',15);

insert into T_SIMINFO (SIM_ID, ORG_CODE, DEPTCODE, STATE,PAY_MODLE, SIM_NUM) values(34291, 'B0000808', '中国移动', 1, '预付费', 13100014290);
insert into T_TERMINALINFO (TERMINAL_ID,TTYPE_ID,SIM_ID,TERMINAL_CODE,ORG_CODE,IS_VIDEO_TERMINAL,SP_SERVER_NAME,PROTOCOL_TYPE,CHANNELS,YT_PROTOCOL_TYPE) values(340291, 4, 34291, '1014290', 'B0000808',1,'1076测试服务器','4',8,'0');
insert into V_VEHICLEINFO (ORG_CODE,VEHICLE_ID,ID_NUMBER,TYPE_ID,TERMINAL_ID,DELETE_FLAG,COLOR_ID_NUMBER_ID,AUTHORIZED_PAY_MASS) values ('B0000808','3400291', '测B14290', 4, 340291, 0, '2',15);

insert into T_SIMINFO (SIM_ID, ORG_CODE, DEPTCODE, STATE,PAY_MODLE, SIM_NUM) values(34292, 'B0000808', '中国移动', 1, '预付费', 13100014291);
insert into T_TERMINALINFO (TERMINAL_ID,TTYPE_ID,SIM_ID,TERMINAL_CODE,ORG_CODE,IS_VIDEO_TERMINAL,SP_SERVER_NAME,PROTOCOL_TYPE,CHANNELS,YT_PROTOCOL_TYPE) values(340292, 4, 34292, '1014291', 'B0000808',1,'1076测试服务器','4',8,'0');
insert into V_VEHICLEINFO (ORG_CODE,VEHICLE_ID,ID_NUMBER,TYPE_ID,TERMINAL_ID,DELETE_FLAG,COLOR_ID_NUMBER_ID,AUTHORIZED_PAY_MASS) values ('B0000808','3400292', '测B14291', 4, 340292, 0, '2',15);

insert into T_SIMINFO (SIM_ID, ORG_CODE, DEPTCODE, STATE,PAY_MODLE, SIM_NUM) values(34293, 'B0000808', '中国移动', 1, '预付费', 13100014292);
insert into T_TERMINALINFO (TERMINAL_ID,TTYPE_ID,SIM_ID,TERMINAL_CODE,ORG_CODE,IS_VIDEO_TERMINAL,SP_SERVER_NAME,PROTOCOL_TYPE,CHANNELS,YT_PROTOCOL_TYPE) values(340293, 4, 34293, '1014292', 'B0000808',1,'1076测试服务器','4',8,'0');
insert into V_VEHICLEINFO (ORG_CODE,VEHICLE_ID,ID_NUMBER,TYPE_ID,TERMINAL_ID,DELETE_FLAG,COLOR_ID_NUMBER_ID,AUTHORIZED_PAY_MASS) values ('B0000808','3400293', '测B14292', 4, 340293, 0, '2',15);

insert into T_SIMINFO (SIM_ID, ORG_CODE, DEPTCODE, STATE,PAY_MODLE, SIM_NUM) values(34294, 'B0000808', '中国移动', 1, '预付费', 13100014293);
insert into T_TERMINALINFO (TERMINAL_ID,TTYPE_ID,SIM_ID,TERMINAL_CODE,ORG_CODE,IS_VIDEO_TERMINAL,SP_SERVER_NAME,PROTOCOL_TYPE,CHANNELS,YT_PROTOCOL_TYPE) values(340294, 4, 34294, '1014293', 'B0000808',1,'1076测试服务器','4',8,'0');
insert into V_VEHICLEINFO (ORG_CODE,VEHICLE_ID,ID_NUMBER,TYPE_ID,TERMINAL_ID,DELETE_FLAG,COLOR_ID_NUMBER_ID,AUTHORIZED_PAY_MASS) values ('B0000808','3400294', '测B14293', 4, 340294, 0, '2',15);

insert into T_SIMINFO (SIM_ID, ORG_CODE, DEPTCODE, STATE,PAY_MODLE, SIM_NUM) values(34295, 'B0000808', '中国移动', 1, '预付费', 13100014294);
insert into T_TERMINALINFO (TERMINAL_ID,TTYPE_ID,SIM_ID,TERMINAL_CODE,ORG_CODE,IS_VIDEO_TERMINAL,SP_SERVER_NAME,PROTOCOL_TYPE,CHANNELS,YT_PROTOCOL_TYPE) values(340295, 4, 34295, '1014294', 'B0000808',1,'1076测试服务器','4',8,'0');
insert into V_VEHICLEINFO (ORG_CODE,VEHICLE_ID,ID_NUMBER,TYPE_ID,TERMINAL_ID,DELETE_FLAG,COLOR_ID_NUMBER_ID,AUTHORIZED_PAY_MASS) values ('B0000808','3400295', '测B14294', 4, 340295, 0, '2',15);

insert into T_SIMINFO (SIM_ID, ORG_CODE, DEPTCODE, STATE,PAY_MODLE, SIM_NUM) values(34296, 'B0000808', '中国移动', 1, '预付费', 13100014295);
insert into T_TERMINALINFO (TERMINAL_ID,TTYPE_ID,SIM_ID,TERMINAL_CODE,ORG_CODE,IS_VIDEO_TERMINAL,SP_SERVER_NAME,PROTOCOL_TYPE,CHANNELS,YT_PROTOCOL_TYPE) values(340296, 4, 34296, '1014295', 'B0000808',1,'1076测试服务器','4',8,'0');
insert into V_VEHICLEINFO (ORG_CODE,VEHICLE_ID,ID_NUMBER,TYPE_ID,TERMINAL_ID,DELETE_FLAG,COLOR_ID_NUMBER_ID,AUTHORIZED_PAY_MASS) values ('B0000808','3400296', '测B14295', 4, 340296, 0, '2',15);

insert into T_SIMINFO (SIM_ID, ORG_CODE, DEPTCODE, STATE,PAY_MODLE, SIM_NUM) values(34297, 'B0000808', '中国移动', 1, '预付费', 13100014296);
insert into T_TERMINALINFO (TERMINAL_ID,TTYPE_ID,SIM_ID,TERMINAL_CODE,ORG_CODE,IS_VIDEO_TERMINAL,SP_SERVER_NAME,PROTOCOL_TYPE,CHANNELS,YT_PROTOCOL_TYPE) values(340297, 4, 34297, '1014296', 'B0000808',1,'1076测试服务器','4',8,'0');
insert into V_VEHICLEINFO (ORG_CODE,VEHICLE_ID,ID_NUMBER,TYPE_ID,TERMINAL_ID,DELETE_FLAG,COLOR_ID_NUMBER_ID,AUTHORIZED_PAY_MASS) values ('B0000808','3400297', '测B14296', 4, 340297, 0, '2',15);

insert into T_SIMINFO (SIM_ID, ORG_CODE, DEPTCODE, STATE,PAY_MODLE, SIM_NUM) values(34298, 'B0000808', '中国移动', 1, '预付费', 13100014297);
insert into T_TERMINALINFO (TERMINAL_ID,TTYPE_ID,SIM_ID,TERMINAL_CODE,ORG_CODE,IS_VIDEO_TERMINAL,SP_SERVER_NAME,PROTOCOL_TYPE,CHANNELS,YT_PROTOCOL_TYPE) values(340298, 4, 34298, '1014297', 'B0000808',1,'1076测试服务器','4',8,'0');
insert into V_VEHICLEINFO (ORG_CODE,VEHICLE_ID,ID_NUMBER,TYPE_ID,TERMINAL_ID,DELETE_FLAG,COLOR_ID_NUMBER_ID,AUTHORIZED_PAY_MASS) values ('B0000808','3400298', '测B14297', 4, 340298, 0, '2',15);

insert into T_SIMINFO (SIM_ID, ORG_CODE, DEPTCODE, STATE,PAY_MODLE, SIM_NUM) values(34299, 'B0000808', '中国移动', 1, '预付费', 13100014298);
insert into T_TERMINALINFO (TERMINAL_ID,TTYPE_ID,SIM_ID,TERMINAL_CODE,ORG_CODE,IS_VIDEO_TERMINAL,SP_SERVER_NAME,PROTOCOL_TYPE,CHANNELS,YT_PROTOCOL_TYPE) values(340299, 4, 34299, '1014298', 'B0000808',1,'1076测试服务器','4',8,'0');
insert into V_VEHICLEINFO (ORG_CODE,VEHICLE_ID,ID_NUMBER,TYPE_ID,TERMINAL_ID,DELETE_FLAG,COLOR_ID_NUMBER_ID,AUTHORIZED_PAY_MASS) values ('B0000808','3400299', '测B14298', 4, 340299, 0, '2',15);

insert into T_SIMINFO (SIM_ID, ORG_CODE, DEPTCODE, STATE,PAY_MODLE, SIM_NUM) values(34300, 'B0000808', '中国移动', 1, '预付费', 13100014299);
insert into T_TERMINALINFO (TERMINAL_ID,TTYPE_ID,SIM_ID,TERMINAL_CODE,ORG_CODE,IS_VIDEO_TERMINAL,SP_SERVER_NAME,PROTOCOL_TYPE,CHANNELS,YT_PROTOCOL_TYPE) values(340300, 4, 34300, '1014299', 'B0000808',1,'1076测试服务器','4',8,'0');
insert into V_VEHICLEINFO (ORG_CODE,VEHICLE_ID,ID_NUMBER,TYPE_ID,TERMINAL_ID,DELETE_FLAG,COLOR_ID_NUMBER_ID,AUTHORIZED_PAY_MASS) values ('B0000808','3400300', '测B14299', 4, 340300, 0, '2',15);

insert into T_SIMINFO (SIM_ID, ORG_CODE, DEPTCODE, STATE,PAY_MODLE, SIM_NUM) values(34301, 'B0000808', '中国移动', 1, '预付费', 13100014300);
insert into T_TERMINALINFO (TERMINAL_ID,TTYPE_ID,SIM_ID,TERMINAL_CODE,ORG_CODE,IS_VIDEO_TERMINAL,SP_SERVER_NAME,PROTOCOL_TYPE,CHANNELS,YT_PROTOCOL_TYPE) values(340301, 4, 34301, '1014300', 'B0000808',1,'1076测试服务器','4',8,'0');
insert into V_VEHICLEINFO (ORG_CODE,VEHICLE_ID,ID_NUMBER,TYPE_ID,TERMINAL_ID,DELETE_FLAG,COLOR_ID_NUMBER_ID,AUTHORIZED_PAY_MASS) values ('B0000808','3400301', '测B14300', 4, 340301, 0, '2',15);

insert into T_SIMINFO (SIM_ID, ORG_CODE, DEPTCODE, STATE,PAY_MODLE, SIM_NUM) values(34302, 'B0000808', '中国移动', 1, '预付费', 13100014301);
insert into T_TERMINALINFO (TERMINAL_ID,TTYPE_ID,SIM_ID,TERMINAL_CODE,ORG_CODE,IS_VIDEO_TERMINAL,SP_SERVER_NAME,PROTOCOL_TYPE,CHANNELS,YT_PROTOCOL_TYPE) values(340302, 4, 34302, '1014301', 'B0000808',1,'1076测试服务器','4',8,'0');
insert into V_VEHICLEINFO (ORG_CODE,VEHICLE_ID,ID_NUMBER,TYPE_ID,TERMINAL_ID,DELETE_FLAG,COLOR_ID_NUMBER_ID,AUTHORIZED_PAY_MASS) values ('B0000808','3400302', '测B14301', 4, 340302, 0, '2',15);

insert into T_SIMINFO (SIM_ID, ORG_CODE, DEPTCODE, STATE,PAY_MODLE, SIM_NUM) values(34303, 'B0000808', '中国移动', 1, '预付费', 13100014302);
insert into T_TERMINALINFO (TERMINAL_ID,TTYPE_ID,SIM_ID,TERMINAL_CODE,ORG_CODE,IS_VIDEO_TERMINAL,SP_SERVER_NAME,PROTOCOL_TYPE,CHANNELS,YT_PROTOCOL_TYPE) values(340303, 4, 34303, '1014302', 'B0000808',1,'1076测试服务器','4',8,'0');
insert into V_VEHICLEINFO (ORG_CODE,VEHICLE_ID,ID_NUMBER,TYPE_ID,TERMINAL_ID,DELETE_FLAG,COLOR_ID_NUMBER_ID,AUTHORIZED_PAY_MASS) values ('B0000808','3400303', '测B14302', 4, 340303, 0, '2',15);

insert into T_SIMINFO (SIM_ID, ORG_CODE, DEPTCODE, STATE,PAY_MODLE, SIM_NUM) values(34304, 'B0000808', '中国移动', 1, '预付费', 13100014303);
insert into T_TERMINALINFO (TERMINAL_ID,TTYPE_ID,SIM_ID,TERMINAL_CODE,ORG_CODE,IS_VIDEO_TERMINAL,SP_SERVER_NAME,PROTOCOL_TYPE,CHANNELS,YT_PROTOCOL_TYPE) values(340304, 4, 34304, '1014303', 'B0000808',1,'1076测试服务器','4',8,'0');
insert into V_VEHICLEINFO (ORG_CODE,VEHICLE_ID,ID_NUMBER,TYPE_ID,TERMINAL_ID,DELETE_FLAG,COLOR_ID_NUMBER_ID,AUTHORIZED_PAY_MASS) values ('B0000808','3400304', '测B14303', 4, 340304, 0, '2',15);

insert into T_SIMINFO (SIM_ID, ORG_CODE, DEPTCODE, STATE,PAY_MODLE, SIM_NUM) values(34305, 'B0000808', '中国移动', 1, '预付费', 13100014304);
insert into T_TERMINALINFO (TERMINAL_ID,TTYPE_ID,SIM_ID,TERMINAL_CODE,ORG_CODE,IS_VIDEO_TERMINAL,SP_SERVER_NAME,PROTOCOL_TYPE,CHANNELS,YT_PROTOCOL_TYPE) values(340305, 4, 34305, '1014304', 'B0000808',1,'1076测试服务器','4',8,'0');
insert into V_VEHICLEINFO (ORG_CODE,VEHICLE_ID,ID_NUMBER,TYPE_ID,TERMINAL_ID,DELETE_FLAG,COLOR_ID_NUMBER_ID,AUTHORIZED_PAY_MASS) values ('B0000808','3400305', '测B14304', 4, 340305, 0, '2',15);

insert into T_SIMINFO (SIM_ID, ORG_CODE, DEPTCODE, STATE,PAY_MODLE, SIM_NUM) values(34306, 'B0000808', '中国移动', 1, '预付费', 13100014305);
insert into T_TERMINALINFO (TERMINAL_ID,TTYPE_ID,SIM_ID,TERMINAL_CODE,ORG_CODE,IS_VIDEO_TERMINAL,SP_SERVER_NAME,PROTOCOL_TYPE,CHANNELS,YT_PROTOCOL_TYPE) values(340306, 4, 34306, '1014305', 'B0000808',1,'1076测试服务器','4',8,'0');
insert into V_VEHICLEINFO (ORG_CODE,VEHICLE_ID,ID_NUMBER,TYPE_ID,TERMINAL_ID,DELETE_FLAG,COLOR_ID_NUMBER_ID,AUTHORIZED_PAY_MASS) values ('B0000808','3400306', '测B14305', 4, 340306, 0, '2',15);

insert into T_SIMINFO (SIM_ID, ORG_CODE, DEPTCODE, STATE,PAY_MODLE, SIM_NUM) values(34307, 'B0000808', '中国移动', 1, '预付费', 13100014306);
insert into T_TERMINALINFO (TERMINAL_ID,TTYPE_ID,SIM_ID,TERMINAL_CODE,ORG_CODE,IS_VIDEO_TERMINAL,SP_SERVER_NAME,PROTOCOL_TYPE,CHANNELS,YT_PROTOCOL_TYPE) values(340307, 4, 34307, '1014306', 'B0000808',1,'1076测试服务器','4',8,'0');
insert into V_VEHICLEINFO (ORG_CODE,VEHICLE_ID,ID_NUMBER,TYPE_ID,TERMINAL_ID,DELETE_FLAG,COLOR_ID_NUMBER_ID,AUTHORIZED_PAY_MASS) values ('B0000808','3400307', '测B14306', 4, 340307, 0, '2',15);

insert into T_SIMINFO (SIM_ID, ORG_CODE, DEPTCODE, STATE,PAY_MODLE, SIM_NUM) values(34308, 'B0000808', '中国移动', 1, '预付费', 13100014307);
insert into T_TERMINALINFO (TERMINAL_ID,TTYPE_ID,SIM_ID,TERMINAL_CODE,ORG_CODE,IS_VIDEO_TERMINAL,SP_SERVER_NAME,PROTOCOL_TYPE,CHANNELS,YT_PROTOCOL_TYPE) values(340308, 4, 34308, '1014307', 'B0000808',1,'1076测试服务器','4',8,'0');
insert into V_VEHICLEINFO (ORG_CODE,VEHICLE_ID,ID_NUMBER,TYPE_ID,TERMINAL_ID,DELETE_FLAG,COLOR_ID_NUMBER_ID,AUTHORIZED_PAY_MASS) values ('B0000808','3400308', '测B14307', 4, 340308, 0, '2',15);

insert into T_SIMINFO (SIM_ID, ORG_CODE, DEPTCODE, STATE,PAY_MODLE, SIM_NUM) values(34309, 'B0000808', '中国移动', 1, '预付费', 13100014308);
insert into T_TERMINALINFO (TERMINAL_ID,TTYPE_ID,SIM_ID,TERMINAL_CODE,ORG_CODE,IS_VIDEO_TERMINAL,SP_SERVER_NAME,PROTOCOL_TYPE,CHANNELS,YT_PROTOCOL_TYPE) values(340309, 4, 34309, '1014308', 'B0000808',1,'1076测试服务器','4',8,'0');
insert into V_VEHICLEINFO (ORG_CODE,VEHICLE_ID,ID_NUMBER,TYPE_ID,TERMINAL_ID,DELETE_FLAG,COLOR_ID_NUMBER_ID,AUTHORIZED_PAY_MASS) values ('B0000808','3400309', '测B14308', 4, 340309, 0, '2',15);

insert into T_SIMINFO (SIM_ID, ORG_CODE, DEPTCODE, STATE,PAY_MODLE, SIM_NUM) values(34310, 'B0000808', '中国移动', 1, '预付费', 13100014309);
insert into T_TERMINALINFO (TERMINAL_ID,TTYPE_ID,SIM_ID,TERMINAL_CODE,ORG_CODE,IS_VIDEO_TERMINAL,SP_SERVER_NAME,PROTOCOL_TYPE,CHANNELS,YT_PROTOCOL_TYPE) values(340310, 4, 34310, '1014309', 'B0000808',1,'1076测试服务器','4',8,'0');
insert into V_VEHICLEINFO (ORG_CODE,VEHICLE_ID,ID_NUMBER,TYPE_ID,TERMINAL_ID,DELETE_FLAG,COLOR_ID_NUMBER_ID,AUTHORIZED_PAY_MASS) values ('B0000808','3400310', '测B14309', 4, 340310, 0, '2',15);

insert into T_SIMINFO (SIM_ID, ORG_CODE, DEPTCODE, STATE,PAY_MODLE, SIM_NUM) values(34311, 'B0000808', '中国移动', 1, '预付费', 13100014310);
insert into T_TERMINALINFO (TERMINAL_ID,TTYPE_ID,SIM_ID,TERMINAL_CODE,ORG_CODE,IS_VIDEO_TERMINAL,SP_SERVER_NAME,PROTOCOL_TYPE,CHANNELS,YT_PROTOCOL_TYPE) values(340311, 4, 34311, '1014310', 'B0000808',1,'1076测试服务器','4',8,'0');
insert into V_VEHICLEINFO (ORG_CODE,VEHICLE_ID,ID_NUMBER,TYPE_ID,TERMINAL_ID,DELETE_FLAG,COLOR_ID_NUMBER_ID,AUTHORIZED_PAY_MASS) values ('B0000808','3400311', '测B14310', 4, 340311, 0, '2',15);

insert into T_SIMINFO (SIM_ID, ORG_CODE, DEPTCODE, STATE,PAY_MODLE, SIM_NUM) values(34312, 'B0000808', '中国移动', 1, '预付费', 13100014311);
insert into T_TERMINALINFO (TERMINAL_ID,TTYPE_ID,SIM_ID,TERMINAL_CODE,ORG_CODE,IS_VIDEO_TERMINAL,SP_SERVER_NAME,PROTOCOL_TYPE,CHANNELS,YT_PROTOCOL_TYPE) values(340312, 4, 34312, '1014311', 'B0000808',1,'1076测试服务器','4',8,'0');
insert into V_VEHICLEINFO (ORG_CODE,VEHICLE_ID,ID_NUMBER,TYPE_ID,TERMINAL_ID,DELETE_FLAG,COLOR_ID_NUMBER_ID,AUTHORIZED_PAY_MASS) values ('B0000808','3400312', '测B14311', 4, 340312, 0, '2',15);

insert into T_SIMINFO (SIM_ID, ORG_CODE, DEPTCODE, STATE,PAY_MODLE, SIM_NUM) values(34313, 'B0000808', '中国移动', 1, '预付费', 13100014312);
insert into T_TERMINALINFO (TERMINAL_ID,TTYPE_ID,SIM_ID,TERMINAL_CODE,ORG_CODE,IS_VIDEO_TERMINAL,SP_SERVER_NAME,PROTOCOL_TYPE,CHANNELS,YT_PROTOCOL_TYPE) values(340313, 4, 34313, '1014312', 'B0000808',1,'1076测试服务器','4',8,'0');
insert into V_VEHICLEINFO (ORG_CODE,VEHICLE_ID,ID_NUMBER,TYPE_ID,TERMINAL_ID,DELETE_FLAG,COLOR_ID_NUMBER_ID,AUTHORIZED_PAY_MASS) values ('B0000808','3400313', '测B14312', 4, 340313, 0, '2',15);

insert into T_SIMINFO (SIM_ID, ORG_CODE, DEPTCODE, STATE,PAY_MODLE, SIM_NUM) values(34314, 'B0000808', '中国移动', 1, '预付费', 13100014313);
insert into T_TERMINALINFO (TERMINAL_ID,TTYPE_ID,SIM_ID,TERMINAL_CODE,ORG_CODE,IS_VIDEO_TERMINAL,SP_SERVER_NAME,PROTOCOL_TYPE,CHANNELS,YT_PROTOCOL_TYPE) values(340314, 4, 34314, '1014313', 'B0000808',1,'1076测试服务器','4',8,'0');
insert into V_VEHICLEINFO (ORG_CODE,VEHICLE_ID,ID_NUMBER,TYPE_ID,TERMINAL_ID,DELETE_FLAG,COLOR_ID_NUMBER_ID,AUTHORIZED_PAY_MASS) values ('B0000808','3400314', '测B14313', 4, 340314, 0, '2',15);

insert into T_SIMINFO (SIM_ID, ORG_CODE, DEPTCODE, STATE,PAY_MODLE, SIM_NUM) values(34315, 'B0000808', '中国移动', 1, '预付费', 13100014314);
insert into T_TERMINALINFO (TERMINAL_ID,TTYPE_ID,SIM_ID,TERMINAL_CODE,ORG_CODE,IS_VIDEO_TERMINAL,SP_SERVER_NAME,PROTOCOL_TYPE,CHANNELS,YT_PROTOCOL_TYPE) values(340315, 4, 34315, '1014314', 'B0000808',1,'1076测试服务器','4',8,'0');
insert into V_VEHICLEINFO (ORG_CODE,VEHICLE_ID,ID_NUMBER,TYPE_ID,TERMINAL_ID,DELETE_FLAG,COLOR_ID_NUMBER_ID,AUTHORIZED_PAY_MASS) values ('B0000808','3400315', '测B14314', 4, 340315, 0, '2',15);

insert into T_SIMINFO (SIM_ID, ORG_CODE, DEPTCODE, STATE,PAY_MODLE, SIM_NUM) values(34316, 'B0000808', '中国移动', 1, '预付费', 13100014315);
insert into T_TERMINALINFO (TERMINAL_ID,TTYPE_ID,SIM_ID,TERMINAL_CODE,ORG_CODE,IS_VIDEO_TERMINAL,SP_SERVER_NAME,PROTOCOL_TYPE,CHANNELS,YT_PROTOCOL_TYPE) values(340316, 4, 34316, '1014315', 'B0000808',1,'1076测试服务器','4',8,'0');
insert into V_VEHICLEINFO (ORG_CODE,VEHICLE_ID,ID_NUMBER,TYPE_ID,TERMINAL_ID,DELETE_FLAG,COLOR_ID_NUMBER_ID,AUTHORIZED_PAY_MASS) values ('B0000808','3400316', '测B14315', 4, 340316, 0, '2',15);

insert into T_SIMINFO (SIM_ID, ORG_CODE, DEPTCODE, STATE,PAY_MODLE, SIM_NUM) values(34317, 'B0000808', '中国移动', 1, '预付费', 13100014316);
insert into T_TERMINALINFO (TERMINAL_ID,TTYPE_ID,SIM_ID,TERMINAL_CODE,ORG_CODE,IS_VIDEO_TERMINAL,SP_SERVER_NAME,PROTOCOL_TYPE,CHANNELS,YT_PROTOCOL_TYPE) values(340317, 4, 34317, '1014316', 'B0000808',1,'1076测试服务器','4',8,'0');
insert into V_VEHICLEINFO (ORG_CODE,VEHICLE_ID,ID_NUMBER,TYPE_ID,TERMINAL_ID,DELETE_FLAG,COLOR_ID_NUMBER_ID,AUTHORIZED_PAY_MASS) values ('B0000808','3400317', '测B14316', 4, 340317, 0, '2',15);

insert into T_SIMINFO (SIM_ID, ORG_CODE, DEPTCODE, STATE,PAY_MODLE, SIM_NUM) values(34318, 'B0000808', '中国移动', 1, '预付费', 13100014317);
insert into T_TERMINALINFO (TERMINAL_ID,TTYPE_ID,SIM_ID,TERMINAL_CODE,ORG_CODE,IS_VIDEO_TERMINAL,SP_SERVER_NAME,PROTOCOL_TYPE,CHANNELS,YT_PROTOCOL_TYPE) values(340318, 4, 34318, '1014317', 'B0000808',1,'1076测试服务器','4',8,'0');
insert into V_VEHICLEINFO (ORG_CODE,VEHICLE_ID,ID_NUMBER,TYPE_ID,TERMINAL_ID,DELETE_FLAG,COLOR_ID_NUMBER_ID,AUTHORIZED_PAY_MASS) values ('B0000808','3400318', '测B14317', 4, 340318, 0, '2',15);

insert into T_SIMINFO (SIM_ID, ORG_CODE, DEPTCODE, STATE,PAY_MODLE, SIM_NUM) values(34319, 'B0000808', '中国移动', 1, '预付费', 13100014318);
insert into T_TERMINALINFO (TERMINAL_ID,TTYPE_ID,SIM_ID,TERMINAL_CODE,ORG_CODE,IS_VIDEO_TERMINAL,SP_SERVER_NAME,PROTOCOL_TYPE,CHANNELS,YT_PROTOCOL_TYPE) values(340319, 4, 34319, '1014318', 'B0000808',1,'1076测试服务器','4',8,'0');
insert into V_VEHICLEINFO (ORG_CODE,VEHICLE_ID,ID_NUMBER,TYPE_ID,TERMINAL_ID,DELETE_FLAG,COLOR_ID_NUMBER_ID,AUTHORIZED_PAY_MASS) values ('B0000808','3400319', '测B14318', 4, 340319, 0, '2',15);

insert into T_SIMINFO (SIM_ID, ORG_CODE, DEPTCODE, STATE,PAY_MODLE, SIM_NUM) values(34320, 'B0000808', '中国移动', 1, '预付费', 13100014319);
insert into T_TERMINALINFO (TERMINAL_ID,TTYPE_ID,SIM_ID,TERMINAL_CODE,ORG_CODE,IS_VIDEO_TERMINAL,SP_SERVER_NAME,PROTOCOL_TYPE,CHANNELS,YT_PROTOCOL_TYPE) values(340320, 4, 34320, '1014319', 'B0000808',1,'1076测试服务器','4',8,'0');
insert into V_VEHICLEINFO (ORG_CODE,VEHICLE_ID,ID_NUMBER,TYPE_ID,TERMINAL_ID,DELETE_FLAG,COLOR_ID_NUMBER_ID,AUTHORIZED_PAY_MASS) values ('B0000808','3400320', '测B14319', 4, 340320, 0, '2',15);

insert into T_SIMINFO (SIM_ID, ORG_CODE, DEPTCODE, STATE,PAY_MODLE, SIM_NUM) values(34321, 'B0000808', '中国移动', 1, '预付费', 13100014320);
insert into T_TERMINALINFO (TERMINAL_ID,TTYPE_ID,SIM_ID,TERMINAL_CODE,ORG_CODE,IS_VIDEO_TERMINAL,SP_SERVER_NAME,PROTOCOL_TYPE,CHANNELS,YT_PROTOCOL_TYPE) values(340321, 4, 34321, '1014320', 'B0000808',1,'1076测试服务器','4',8,'0');
insert into V_VEHICLEINFO (ORG_CODE,VEHICLE_ID,ID_NUMBER,TYPE_ID,TERMINAL_ID,DELETE_FLAG,COLOR_ID_NUMBER_ID,AUTHORIZED_PAY_MASS) values ('B0000808','3400321', '测B14320', 4, 340321, 0, '2',15);

insert into T_SIMINFO (SIM_ID, ORG_CODE, DEPTCODE, STATE,PAY_MODLE, SIM_NUM) values(34322, 'B0000808', '中国移动', 1, '预付费', 13100014321);
insert into T_TERMINALINFO (TERMINAL_ID,TTYPE_ID,SIM_ID,TERMINAL_CODE,ORG_CODE,IS_VIDEO_TERMINAL,SP_SERVER_NAME,PROTOCOL_TYPE,CHANNELS,YT_PROTOCOL_TYPE) values(340322, 4, 34322, '1014321', 'B0000808',1,'1076测试服务器','4',8,'0');
insert into V_VEHICLEINFO (ORG_CODE,VEHICLE_ID,ID_NUMBER,TYPE_ID,TERMINAL_ID,DELETE_FLAG,COLOR_ID_NUMBER_ID,AUTHORIZED_PAY_MASS) values ('B0000808','3400322', '测B14321', 4, 340322, 0, '2',15);

insert into T_SIMINFO (SIM_ID, ORG_CODE, DEPTCODE, STATE,PAY_MODLE, SIM_NUM) values(34323, 'B0000808', '中国移动', 1, '预付费', 13100014322);
insert into T_TERMINALINFO (TERMINAL_ID,TTYPE_ID,SIM_ID,TERMINAL_CODE,ORG_CODE,IS_VIDEO_TERMINAL,SP_SERVER_NAME,PROTOCOL_TYPE,CHANNELS,YT_PROTOCOL_TYPE) values(340323, 4, 34323, '1014322', 'B0000808',1,'1076测试服务器','4',8,'0');
insert into V_VEHICLEINFO (ORG_CODE,VEHICLE_ID,ID_NUMBER,TYPE_ID,TERMINAL_ID,DELETE_FLAG,COLOR_ID_NUMBER_ID,AUTHORIZED_PAY_MASS) values ('B0000808','3400323', '测B14322', 4, 340323, 0, '2',15);

insert into T_SIMINFO (SIM_ID, ORG_CODE, DEPTCODE, STATE,PAY_MODLE, SIM_NUM) values(34324, 'B0000808', '中国移动', 1, '预付费', 13100014323);
insert into T_TERMINALINFO (TERMINAL_ID,TTYPE_ID,SIM_ID,TERMINAL_CODE,ORG_CODE,IS_VIDEO_TERMINAL,SP_SERVER_NAME,PROTOCOL_TYPE,CHANNELS,YT_PROTOCOL_TYPE) values(340324, 4, 34324, '1014323', 'B0000808',1,'1076测试服务器','4',8,'0');
insert into V_VEHICLEINFO (ORG_CODE,VEHICLE_ID,ID_NUMBER,TYPE_ID,TERMINAL_ID,DELETE_FLAG,COLOR_ID_NUMBER_ID,AUTHORIZED_PAY_MASS) values ('B0000808','3400324', '测B14323', 4, 340324, 0, '2',15);

insert into T_SIMINFO (SIM_ID, ORG_CODE, DEPTCODE, STATE,PAY_MODLE, SIM_NUM) values(34325, 'B0000808', '中国移动', 1, '预付费', 13100014324);
insert into T_TERMINALINFO (TERMINAL_ID,TTYPE_ID,SIM_ID,TERMINAL_CODE,ORG_CODE,IS_VIDEO_TERMINAL,SP_SERVER_NAME,PROTOCOL_TYPE,CHANNELS,YT_PROTOCOL_TYPE) values(340325, 4, 34325, '1014324', 'B0000808',1,'1076测试服务器','4',8,'0');
insert into V_VEHICLEINFO (ORG_CODE,VEHICLE_ID,ID_NUMBER,TYPE_ID,TERMINAL_ID,DELETE_FLAG,COLOR_ID_NUMBER_ID,AUTHORIZED_PAY_MASS) values ('B0000808','3400325', '测B14324', 4, 340325, 0, '2',15);

insert into T_SIMINFO (SIM_ID, ORG_CODE, DEPTCODE, STATE,PAY_MODLE, SIM_NUM) values(34326, 'B0000808', '中国移动', 1, '预付费', 13100014325);
insert into T_TERMINALINFO (TERMINAL_ID,TTYPE_ID,SIM_ID,TERMINAL_CODE,ORG_CODE,IS_VIDEO_TERMINAL,SP_SERVER_NAME,PROTOCOL_TYPE,CHANNELS,YT_PROTOCOL_TYPE) values(340326, 4, 34326, '1014325', 'B0000808',1,'1076测试服务器','4',8,'0');
insert into V_VEHICLEINFO (ORG_CODE,VEHICLE_ID,ID_NUMBER,TYPE_ID,TERMINAL_ID,DELETE_FLAG,COLOR_ID_NUMBER_ID,AUTHORIZED_PAY_MASS) values ('B0000808','3400326', '测B14325', 4, 340326, 0, '2',15);

insert into T_SIMINFO (SIM_ID, ORG_CODE, DEPTCODE, STATE,PAY_MODLE, SIM_NUM) values(34327, 'B0000808', '中国移动', 1, '预付费', 13100014326);
insert into T_TERMINALINFO (TERMINAL_ID,TTYPE_ID,SIM_ID,TERMINAL_CODE,ORG_CODE,IS_VIDEO_TERMINAL,SP_SERVER_NAME,PROTOCOL_TYPE,CHANNELS,YT_PROTOCOL_TYPE) values(340327, 4, 34327, '1014326', 'B0000808',1,'1076测试服务器','4',8,'0');
insert into V_VEHICLEINFO (ORG_CODE,VEHICLE_ID,ID_NUMBER,TYPE_ID,TERMINAL_ID,DELETE_FLAG,COLOR_ID_NUMBER_ID,AUTHORIZED_PAY_MASS) values ('B0000808','3400327', '测B14326', 4, 340327, 0, '2',15);

insert into T_SIMINFO (SIM_ID, ORG_CODE, DEPTCODE, STATE,PAY_MODLE, SIM_NUM) values(34328, 'B0000808', '中国移动', 1, '预付费', 13100014327);
insert into T_TERMINALINFO (TERMINAL_ID,TTYPE_ID,SIM_ID,TERMINAL_CODE,ORG_CODE,IS_VIDEO_TERMINAL,SP_SERVER_NAME,PROTOCOL_TYPE,CHANNELS,YT_PROTOCOL_TYPE) values(340328, 4, 34328, '1014327', 'B0000808',1,'1076测试服务器','4',8,'0');
insert into V_VEHICLEINFO (ORG_CODE,VEHICLE_ID,ID_NUMBER,TYPE_ID,TERMINAL_ID,DELETE_FLAG,COLOR_ID_NUMBER_ID,AUTHORIZED_PAY_MASS) values ('B0000808','3400328', '测B14327', 4, 340328, 0, '2',15);

insert into T_SIMINFO (SIM_ID, ORG_CODE, DEPTCODE, STATE,PAY_MODLE, SIM_NUM) values(34329, 'B0000808', '中国移动', 1, '预付费', 13100014328);
insert into T_TERMINALINFO (TERMINAL_ID,TTYPE_ID,SIM_ID,TERMINAL_CODE,ORG_CODE,IS_VIDEO_TERMINAL,SP_SERVER_NAME,PROTOCOL_TYPE,CHANNELS,YT_PROTOCOL_TYPE) values(340329, 4, 34329, '1014328', 'B0000808',1,'1076测试服务器','4',8,'0');
insert into V_VEHICLEINFO (ORG_CODE,VEHICLE_ID,ID_NUMBER,TYPE_ID,TERMINAL_ID,DELETE_FLAG,COLOR_ID_NUMBER_ID,AUTHORIZED_PAY_MASS) values ('B0000808','3400329', '测B14328', 4, 340329, 0, '2',15);

insert into T_SIMINFO (SIM_ID, ORG_CODE, DEPTCODE, STATE,PAY_MODLE, SIM_NUM) values(34330, 'B0000808', '中国移动', 1, '预付费', 13100014329);
insert into T_TERMINALINFO (TERMINAL_ID,TTYPE_ID,SIM_ID,TERMINAL_CODE,ORG_CODE,IS_VIDEO_TERMINAL,SP_SERVER_NAME,PROTOCOL_TYPE,CHANNELS,YT_PROTOCOL_TYPE) values(340330, 4, 34330, '1014329', 'B0000808',1,'1076测试服务器','4',8,'0');
insert into V_VEHICLEINFO (ORG_CODE,VEHICLE_ID,ID_NUMBER,TYPE_ID,TERMINAL_ID,DELETE_FLAG,COLOR_ID_NUMBER_ID,AUTHORIZED_PAY_MASS) values ('B0000808','3400330', '测B14329', 4, 340330, 0, '2',15);

insert into T_SIMINFO (SIM_ID, ORG_CODE, DEPTCODE, STATE,PAY_MODLE, SIM_NUM) values(34331, 'B0000808', '中国移动', 1, '预付费', 13100014330);
insert into T_TERMINALINFO (TERMINAL_ID,TTYPE_ID,SIM_ID,TERMINAL_CODE,ORG_CODE,IS_VIDEO_TERMINAL,SP_SERVER_NAME,PROTOCOL_TYPE,CHANNELS,YT_PROTOCOL_TYPE) values(340331, 4, 34331, '1014330', 'B0000808',1,'1076测试服务器','4',8,'0');
insert into V_VEHICLEINFO (ORG_CODE,VEHICLE_ID,ID_NUMBER,TYPE_ID,TERMINAL_ID,DELETE_FLAG,COLOR_ID_NUMBER_ID,AUTHORIZED_PAY_MASS) values ('B0000808','3400331', '测B14330', 4, 340331, 0, '2',15);

insert into T_SIMINFO (SIM_ID, ORG_CODE, DEPTCODE, STATE,PAY_MODLE, SIM_NUM) values(34332, 'B0000808', '中国移动', 1, '预付费', 13100014331);
insert into T_TERMINALINFO (TERMINAL_ID,TTYPE_ID,SIM_ID,TERMINAL_CODE,ORG_CODE,IS_VIDEO_TERMINAL,SP_SERVER_NAME,PROTOCOL_TYPE,CHANNELS,YT_PROTOCOL_TYPE) values(340332, 4, 34332, '1014331', 'B0000808',1,'1076测试服务器','4',8,'0');
insert into V_VEHICLEINFO (ORG_CODE,VEHICLE_ID,ID_NUMBER,TYPE_ID,TERMINAL_ID,DELETE_FLAG,COLOR_ID_NUMBER_ID,AUTHORIZED_PAY_MASS) values ('B0000808','3400332', '测B14331', 4, 340332, 0, '2',15);

insert into T_SIMINFO (SIM_ID, ORG_CODE, DEPTCODE, STATE,PAY_MODLE, SIM_NUM) values(34333, 'B0000808', '中国移动', 1, '预付费', 13100014332);
insert into T_TERMINALINFO (TERMINAL_ID,TTYPE_ID,SIM_ID,TERMINAL_CODE,ORG_CODE,IS_VIDEO_TERMINAL,SP_SERVER_NAME,PROTOCOL_TYPE,CHANNELS,YT_PROTOCOL_TYPE) values(340333, 4, 34333, '1014332', 'B0000808',1,'1076测试服务器','4',8,'0');
insert into V_VEHICLEINFO (ORG_CODE,VEHICLE_ID,ID_NUMBER,TYPE_ID,TERMINAL_ID,DELETE_FLAG,COLOR_ID_NUMBER_ID,AUTHORIZED_PAY_MASS) values ('B0000808','3400333', '测B14332', 4, 340333, 0, '2',15);

insert into T_SIMINFO (SIM_ID, ORG_CODE, DEPTCODE, STATE,PAY_MODLE, SIM_NUM) values(34334, 'B0000808', '中国移动', 1, '预付费', 13100014333);
insert into T_TERMINALINFO (TERMINAL_ID,TTYPE_ID,SIM_ID,TERMINAL_CODE,ORG_CODE,IS_VIDEO_TERMINAL,SP_SERVER_NAME,PROTOCOL_TYPE,CHANNELS,YT_PROTOCOL_TYPE) values(340334, 4, 34334, '1014333', 'B0000808',1,'1076测试服务器','4',8,'0');
insert into V_VEHICLEINFO (ORG_CODE,VEHICLE_ID,ID_NUMBER,TYPE_ID,TERMINAL_ID,DELETE_FLAG,COLOR_ID_NUMBER_ID,AUTHORIZED_PAY_MASS) values ('B0000808','3400334', '测B14333', 4, 340334, 0, '2',15);

insert into T_SIMINFO (SIM_ID, ORG_CODE, DEPTCODE, STATE,PAY_MODLE, SIM_NUM) values(34335, 'B0000808', '中国移动', 1, '预付费', 13100014334);
insert into T_TERMINALINFO (TERMINAL_ID,TTYPE_ID,SIM_ID,TERMINAL_CODE,ORG_CODE,IS_VIDEO_TERMINAL,SP_SERVER_NAME,PROTOCOL_TYPE,CHANNELS,YT_PROTOCOL_TYPE) values(340335, 4, 34335, '1014334', 'B0000808',1,'1076测试服务器','4',8,'0');
insert into V_VEHICLEINFO (ORG_CODE,VEHICLE_ID,ID_NUMBER,TYPE_ID,TERMINAL_ID,DELETE_FLAG,COLOR_ID_NUMBER_ID,AUTHORIZED_PAY_MASS) values ('B0000808','3400335', '测B14334', 4, 340335, 0, '2',15);

insert into T_SIMINFO (SIM_ID, ORG_CODE, DEPTCODE, STATE,PAY_MODLE, SIM_NUM) values(34336, 'B0000808', '中国移动', 1, '预付费', 13100014335);
insert into T_TERMINALINFO (TERMINAL_ID,TTYPE_ID,SIM_ID,TERMINAL_CODE,ORG_CODE,IS_VIDEO_TERMINAL,SP_SERVER_NAME,PROTOCOL_TYPE,CHANNELS,YT_PROTOCOL_TYPE) values(340336, 4, 34336, '1014335', 'B0000808',1,'1076测试服务器','4',8,'0');
insert into V_VEHICLEINFO (ORG_CODE,VEHICLE_ID,ID_NUMBER,TYPE_ID,TERMINAL_ID,DELETE_FLAG,COLOR_ID_NUMBER_ID,AUTHORIZED_PAY_MASS) values ('B0000808','3400336', '测B14335', 4, 340336, 0, '2',15);

insert into T_SIMINFO (SIM_ID, ORG_CODE, DEPTCODE, STATE,PAY_MODLE, SIM_NUM) values(34337, 'B0000808', '中国移动', 1, '预付费', 13100014336);
insert into T_TERMINALINFO (TERMINAL_ID,TTYPE_ID,SIM_ID,TERMINAL_CODE,ORG_CODE,IS_VIDEO_TERMINAL,SP_SERVER_NAME,PROTOCOL_TYPE,CHANNELS,YT_PROTOCOL_TYPE) values(340337, 4, 34337, '1014336', 'B0000808',1,'1076测试服务器','4',8,'0');
insert into V_VEHICLEINFO (ORG_CODE,VEHICLE_ID,ID_NUMBER,TYPE_ID,TERMINAL_ID,DELETE_FLAG,COLOR_ID_NUMBER_ID,AUTHORIZED_PAY_MASS) values ('B0000808','3400337', '测B14336', 4, 340337, 0, '2',15);

insert into T_SIMINFO (SIM_ID, ORG_CODE, DEPTCODE, STATE,PAY_MODLE, SIM_NUM) values(34338, 'B0000808', '中国移动', 1, '预付费', 13100014337);
insert into T_TERMINALINFO (TERMINAL_ID,TTYPE_ID,SIM_ID,TERMINAL_CODE,ORG_CODE,IS_VIDEO_TERMINAL,SP_SERVER_NAME,PROTOCOL_TYPE,CHANNELS,YT_PROTOCOL_TYPE) values(340338, 4, 34338, '1014337', 'B0000808',1,'1076测试服务器','4',8,'0');
insert into V_VEHICLEINFO (ORG_CODE,VEHICLE_ID,ID_NUMBER,TYPE_ID,TERMINAL_ID,DELETE_FLAG,COLOR_ID_NUMBER_ID,AUTHORIZED_PAY_MASS) values ('B0000808','3400338', '测B14337', 4, 340338, 0, '2',15);

insert into T_SIMINFO (SIM_ID, ORG_CODE, DEPTCODE, STATE,PAY_MODLE, SIM_NUM) values(34339, 'B0000808', '中国移动', 1, '预付费', 13100014338);
insert into T_TERMINALINFO (TERMINAL_ID,TTYPE_ID,SIM_ID,TERMINAL_CODE,ORG_CODE,IS_VIDEO_TERMINAL,SP_SERVER_NAME,PROTOCOL_TYPE,CHANNELS,YT_PROTOCOL_TYPE) values(340339, 4, 34339, '1014338', 'B0000808',1,'1076测试服务器','4',8,'0');
insert into V_VEHICLEINFO (ORG_CODE,VEHICLE_ID,ID_NUMBER,TYPE_ID,TERMINAL_ID,DELETE_FLAG,COLOR_ID_NUMBER_ID,AUTHORIZED_PAY_MASS) values ('B0000808','3400339', '测B14338', 4, 340339, 0, '2',15);

insert into T_SIMINFO (SIM_ID, ORG_CODE, DEPTCODE, STATE,PAY_MODLE, SIM_NUM) values(34340, 'B0000808', '中国移动', 1, '预付费', 13100014339);
insert into T_TERMINALINFO (TERMINAL_ID,TTYPE_ID,SIM_ID,TERMINAL_CODE,ORG_CODE,IS_VIDEO_TERMINAL,SP_SERVER_NAME,PROTOCOL_TYPE,CHANNELS,YT_PROTOCOL_TYPE) values(340340, 4, 34340, '1014339', 'B0000808',1,'1076测试服务器','4',8,'0');
insert into V_VEHICLEINFO (ORG_CODE,VEHICLE_ID,ID_NUMBER,TYPE_ID,TERMINAL_ID,DELETE_FLAG,COLOR_ID_NUMBER_ID,AUTHORIZED_PAY_MASS) values ('B0000808','3400340', '测B14339', 4, 340340, 0, '2',15);

insert into T_SIMINFO (SIM_ID, ORG_CODE, DEPTCODE, STATE,PAY_MODLE, SIM_NUM) values(34341, 'B0000808', '中国移动', 1, '预付费', 13100014340);
insert into T_TERMINALINFO (TERMINAL_ID,TTYPE_ID,SIM_ID,TERMINAL_CODE,ORG_CODE,IS_VIDEO_TERMINAL,SP_SERVER_NAME,PROTOCOL_TYPE,CHANNELS,YT_PROTOCOL_TYPE) values(340341, 4, 34341, '1014340', 'B0000808',1,'1076测试服务器','4',8,'0');
insert into V_VEHICLEINFO (ORG_CODE,VEHICLE_ID,ID_NUMBER,TYPE_ID,TERMINAL_ID,DELETE_FLAG,COLOR_ID_NUMBER_ID,AUTHORIZED_PAY_MASS) values ('B0000808','3400341', '测B14340', 4, 340341, 0, '2',15);

insert into T_SIMINFO (SIM_ID, ORG_CODE, DEPTCODE, STATE,PAY_MODLE, SIM_NUM) values(34342, 'B0000808', '中国移动', 1, '预付费', 13100014341);
insert into T_TERMINALINFO (TERMINAL_ID,TTYPE_ID,SIM_ID,TERMINAL_CODE,ORG_CODE,IS_VIDEO_TERMINAL,SP_SERVER_NAME,PROTOCOL_TYPE,CHANNELS,YT_PROTOCOL_TYPE) values(340342, 4, 34342, '1014341', 'B0000808',1,'1076测试服务器','4',8,'0');
insert into V_VEHICLEINFO (ORG_CODE,VEHICLE_ID,ID_NUMBER,TYPE_ID,TERMINAL_ID,DELETE_FLAG,COLOR_ID_NUMBER_ID,AUTHORIZED_PAY_MASS) values ('B0000808','3400342', '测B14341', 4, 340342, 0, '2',15);

insert into T_SIMINFO (SIM_ID, ORG_CODE, DEPTCODE, STATE,PAY_MODLE, SIM_NUM) values(34343, 'B0000808', '中国移动', 1, '预付费', 13100014342);
insert into T_TERMINALINFO (TERMINAL_ID,TTYPE_ID,SIM_ID,TERMINAL_CODE,ORG_CODE,IS_VIDEO_TERMINAL,SP_SERVER_NAME,PROTOCOL_TYPE,CHANNELS,YT_PROTOCOL_TYPE) values(340343, 4, 34343, '1014342', 'B0000808',1,'1076测试服务器','4',8,'0');
insert into V_VEHICLEINFO (ORG_CODE,VEHICLE_ID,ID_NUMBER,TYPE_ID,TERMINAL_ID,DELETE_FLAG,COLOR_ID_NUMBER_ID,AUTHORIZED_PAY_MASS) values ('B0000808','3400343', '测B14342', 4, 340343, 0, '2',15);

insert into T_SIMINFO (SIM_ID, ORG_CODE, DEPTCODE, STATE,PAY_MODLE, SIM_NUM) values(34344, 'B0000808', '中国移动', 1, '预付费', 13100014343);
insert into T_TERMINALINFO (TERMINAL_ID,TTYPE_ID,SIM_ID,TERMINAL_CODE,ORG_CODE,IS_VIDEO_TERMINAL,SP_SERVER_NAME,PROTOCOL_TYPE,CHANNELS,YT_PROTOCOL_TYPE) values(340344, 4, 34344, '1014343', 'B0000808',1,'1076测试服务器','4',8,'0');
insert into V_VEHICLEINFO (ORG_CODE,VEHICLE_ID,ID_NUMBER,TYPE_ID,TERMINAL_ID,DELETE_FLAG,COLOR_ID_NUMBER_ID,AUTHORIZED_PAY_MASS) values ('B0000808','3400344', '测B14343', 4, 340344, 0, '2',15);

insert into T_SIMINFO (SIM_ID, ORG_CODE, DEPTCODE, STATE,PAY_MODLE, SIM_NUM) values(34345, 'B0000808', '中国移动', 1, '预付费', 13100014344);
insert into T_TERMINALINFO (TERMINAL_ID,TTYPE_ID,SIM_ID,TERMINAL_CODE,ORG_CODE,IS_VIDEO_TERMINAL,SP_SERVER_NAME,PROTOCOL_TYPE,CHANNELS,YT_PROTOCOL_TYPE) values(340345, 4, 34345, '1014344', 'B0000808',1,'1076测试服务器','4',8,'0');
insert into V_VEHICLEINFO (ORG_CODE,VEHICLE_ID,ID_NUMBER,TYPE_ID,TERMINAL_ID,DELETE_FLAG,COLOR_ID_NUMBER_ID,AUTHORIZED_PAY_MASS) values ('B0000808','3400345', '测B14344', 4, 340345, 0, '2',15);

insert into T_SIMINFO (SIM_ID, ORG_CODE, DEPTCODE, STATE,PAY_MODLE, SIM_NUM) values(34346, 'B0000808', '中国移动', 1, '预付费', 13100014345);
insert into T_TERMINALINFO (TERMINAL_ID,TTYPE_ID,SIM_ID,TERMINAL_CODE,ORG_CODE,IS_VIDEO_TERMINAL,SP_SERVER_NAME,PROTOCOL_TYPE,CHANNELS,YT_PROTOCOL_TYPE) values(340346, 4, 34346, '1014345', 'B0000808',1,'1076测试服务器','4',8,'0');
insert into V_VEHICLEINFO (ORG_CODE,VEHICLE_ID,ID_NUMBER,TYPE_ID,TERMINAL_ID,DELETE_FLAG,COLOR_ID_NUMBER_ID,AUTHORIZED_PAY_MASS) values ('B0000808','3400346', '测B14345', 4, 340346, 0, '2',15);

insert into T_SIMINFO (SIM_ID, ORG_CODE, DEPTCODE, STATE,PAY_MODLE, SIM_NUM) values(34347, 'B0000808', '中国移动', 1, '预付费', 13100014346);
insert into T_TERMINALINFO (TERMINAL_ID,TTYPE_ID,SIM_ID,TERMINAL_CODE,ORG_CODE,IS_VIDEO_TERMINAL,SP_SERVER_NAME,PROTOCOL_TYPE,CHANNELS,YT_PROTOCOL_TYPE) values(340347, 4, 34347, '1014346', 'B0000808',1,'1076测试服务器','4',8,'0');
insert into V_VEHICLEINFO (ORG_CODE,VEHICLE_ID,ID_NUMBER,TYPE_ID,TERMINAL_ID,DELETE_FLAG,COLOR_ID_NUMBER_ID,AUTHORIZED_PAY_MASS) values ('B0000808','3400347', '测B14346', 4, 340347, 0, '2',15);

insert into T_SIMINFO (SIM_ID, ORG_CODE, DEPTCODE, STATE,PAY_MODLE, SIM_NUM) values(34348, 'B0000808', '中国移动', 1, '预付费', 13100014347);
insert into T_TERMINALINFO (TERMINAL_ID,TTYPE_ID,SIM_ID,TERMINAL_CODE,ORG_CODE,IS_VIDEO_TERMINAL,SP_SERVER_NAME,PROTOCOL_TYPE,CHANNELS,YT_PROTOCOL_TYPE) values(340348, 4, 34348, '1014347', 'B0000808',1,'1076测试服务器','4',8,'0');
insert into V_VEHICLEINFO (ORG_CODE,VEHICLE_ID,ID_NUMBER,TYPE_ID,TERMINAL_ID,DELETE_FLAG,COLOR_ID_NUMBER_ID,AUTHORIZED_PAY_MASS) values ('B0000808','3400348', '测B14347', 4, 340348, 0, '2',15);

insert into T_SIMINFO (SIM_ID, ORG_CODE, DEPTCODE, STATE,PAY_MODLE, SIM_NUM) values(34349, 'B0000808', '中国移动', 1, '预付费', 13100014348);
insert into T_TERMINALINFO (TERMINAL_ID,TTYPE_ID,SIM_ID,TERMINAL_CODE,ORG_CODE,IS_VIDEO_TERMINAL,SP_SERVER_NAME,PROTOCOL_TYPE,CHANNELS,YT_PROTOCOL_TYPE) values(340349, 4, 34349, '1014348', 'B0000808',1,'1076测试服务器','4',8,'0');
insert into V_VEHICLEINFO (ORG_CODE,VEHICLE_ID,ID_NUMBER,TYPE_ID,TERMINAL_ID,DELETE_FLAG,COLOR_ID_NUMBER_ID,AUTHORIZED_PAY_MASS) values ('B0000808','3400349', '测B14348', 4, 340349, 0, '2',15);

insert into T_SIMINFO (SIM_ID, ORG_CODE, DEPTCODE, STATE,PAY_MODLE, SIM_NUM) values(34350, 'B0000808', '中国移动', 1, '预付费', 13100014349);
insert into T_TERMINALINFO (TERMINAL_ID,TTYPE_ID,SIM_ID,TERMINAL_CODE,ORG_CODE,IS_VIDEO_TERMINAL,SP_SERVER_NAME,PROTOCOL_TYPE,CHANNELS,YT_PROTOCOL_TYPE) values(340350, 4, 34350, '1014349', 'B0000808',1,'1076测试服务器','4',8,'0');
insert into V_VEHICLEINFO (ORG_CODE,VEHICLE_ID,ID_NUMBER,TYPE_ID,TERMINAL_ID,DELETE_FLAG,COLOR_ID_NUMBER_ID,AUTHORIZED_PAY_MASS) values ('B0000808','3400350', '测B14349', 4, 340350, 0, '2',15);

insert into T_SIMINFO (SIM_ID, ORG_CODE, DEPTCODE, STATE,PAY_MODLE, SIM_NUM) values(34351, 'B0000808', '中国移动', 1, '预付费', 13100014350);
insert into T_TERMINALINFO (TERMINAL_ID,TTYPE_ID,SIM_ID,TERMINAL_CODE,ORG_CODE,IS_VIDEO_TERMINAL,SP_SERVER_NAME,PROTOCOL_TYPE,CHANNELS,YT_PROTOCOL_TYPE) values(340351, 4, 34351, '1014350', 'B0000808',1,'1076测试服务器','4',8,'0');
insert into V_VEHICLEINFO (ORG_CODE,VEHICLE_ID,ID_NUMBER,TYPE_ID,TERMINAL_ID,DELETE_FLAG,COLOR_ID_NUMBER_ID,AUTHORIZED_PAY_MASS) values ('B0000808','3400351', '测B14350', 4, 340351, 0, '2',15);

insert into T_SIMINFO (SIM_ID, ORG_CODE, DEPTCODE, STATE,PAY_MODLE, SIM_NUM) values(34352, 'B0000808', '中国移动', 1, '预付费', 13100014351);
insert into T_TERMINALINFO (TERMINAL_ID,TTYPE_ID,SIM_ID,TERMINAL_CODE,ORG_CODE,IS_VIDEO_TERMINAL,SP_SERVER_NAME,PROTOCOL_TYPE,CHANNELS,YT_PROTOCOL_TYPE) values(340352, 4, 34352, '1014351', 'B0000808',1,'1076测试服务器','4',8,'0');
insert into V_VEHICLEINFO (ORG_CODE,VEHICLE_ID,ID_NUMBER,TYPE_ID,TERMINAL_ID,DELETE_FLAG,COLOR_ID_NUMBER_ID,AUTHORIZED_PAY_MASS) values ('B0000808','3400352', '测B14351', 4, 340352, 0, '2',15);

insert into T_SIMINFO (SIM_ID, ORG_CODE, DEPTCODE, STATE,PAY_MODLE, SIM_NUM) values(34353, 'B0000808', '中国移动', 1, '预付费', 13100014352);
insert into T_TERMINALINFO (TERMINAL_ID,TTYPE_ID,SIM_ID,TERMINAL_CODE,ORG_CODE,IS_VIDEO_TERMINAL,SP_SERVER_NAME,PROTOCOL_TYPE,CHANNELS,YT_PROTOCOL_TYPE) values(340353, 4, 34353, '1014352', 'B0000808',1,'1076测试服务器','4',8,'0');
insert into V_VEHICLEINFO (ORG_CODE,VEHICLE_ID,ID_NUMBER,TYPE_ID,TERMINAL_ID,DELETE_FLAG,COLOR_ID_NUMBER_ID,AUTHORIZED_PAY_MASS) values ('B0000808','3400353', '测B14352', 4, 340353, 0, '2',15);

insert into T_SIMINFO (SIM_ID, ORG_CODE, DEPTCODE, STATE,PAY_MODLE, SIM_NUM) values(34354, 'B0000808', '中国移动', 1, '预付费', 13100014353);
insert into T_TERMINALINFO (TERMINAL_ID,TTYPE_ID,SIM_ID,TERMINAL_CODE,ORG_CODE,IS_VIDEO_TERMINAL,SP_SERVER_NAME,PROTOCOL_TYPE,CHANNELS,YT_PROTOCOL_TYPE) values(340354, 4, 34354, '1014353', 'B0000808',1,'1076测试服务器','4',8,'0');
insert into V_VEHICLEINFO (ORG_CODE,VEHICLE_ID,ID_NUMBER,TYPE_ID,TERMINAL_ID,DELETE_FLAG,COLOR_ID_NUMBER_ID,AUTHORIZED_PAY_MASS) values ('B0000808','3400354', '测B14353', 4, 340354, 0, '2',15);

insert into T_SIMINFO (SIM_ID, ORG_CODE, DEPTCODE, STATE,PAY_MODLE, SIM_NUM) values(34355, 'B0000808', '中国移动', 1, '预付费', 13100014354);
insert into T_TERMINALINFO (TERMINAL_ID,TTYPE_ID,SIM_ID,TERMINAL_CODE,ORG_CODE,IS_VIDEO_TERMINAL,SP_SERVER_NAME,PROTOCOL_TYPE,CHANNELS,YT_PROTOCOL_TYPE) values(340355, 4, 34355, '1014354', 'B0000808',1,'1076测试服务器','4',8,'0');
insert into V_VEHICLEINFO (ORG_CODE,VEHICLE_ID,ID_NUMBER,TYPE_ID,TERMINAL_ID,DELETE_FLAG,COLOR_ID_NUMBER_ID,AUTHORIZED_PAY_MASS) values ('B0000808','3400355', '测B14354', 4, 340355, 0, '2',15);

insert into T_SIMINFO (SIM_ID, ORG_CODE, DEPTCODE, STATE,PAY_MODLE, SIM_NUM) values(34356, 'B0000808', '中国移动', 1, '预付费', 13100014355);
insert into T_TERMINALINFO (TERMINAL_ID,TTYPE_ID,SIM_ID,TERMINAL_CODE,ORG_CODE,IS_VIDEO_TERMINAL,SP_SERVER_NAME,PROTOCOL_TYPE,CHANNELS,YT_PROTOCOL_TYPE) values(340356, 4, 34356, '1014355', 'B0000808',1,'1076测试服务器','4',8,'0');
insert into V_VEHICLEINFO (ORG_CODE,VEHICLE_ID,ID_NUMBER,TYPE_ID,TERMINAL_ID,DELETE_FLAG,COLOR_ID_NUMBER_ID,AUTHORIZED_PAY_MASS) values ('B0000808','3400356', '测B14355', 4, 340356, 0, '2',15);

insert into T_SIMINFO (SIM_ID, ORG_CODE, DEPTCODE, STATE,PAY_MODLE, SIM_NUM) values(34357, 'B0000808', '中国移动', 1, '预付费', 13100014356);
insert into T_TERMINALINFO (TERMINAL_ID,TTYPE_ID,SIM_ID,TERMINAL_CODE,ORG_CODE,IS_VIDEO_TERMINAL,SP_SERVER_NAME,PROTOCOL_TYPE,CHANNELS,YT_PROTOCOL_TYPE) values(340357, 4, 34357, '1014356', 'B0000808',1,'1076测试服务器','4',8,'0');
insert into V_VEHICLEINFO (ORG_CODE,VEHICLE_ID,ID_NUMBER,TYPE_ID,TERMINAL_ID,DELETE_FLAG,COLOR_ID_NUMBER_ID,AUTHORIZED_PAY_MASS) values ('B0000808','3400357', '测B14356', 4, 340357, 0, '2',15);

insert into T_SIMINFO (SIM_ID, ORG_CODE, DEPTCODE, STATE,PAY_MODLE, SIM_NUM) values(34358, 'B0000808', '中国移动', 1, '预付费', 13100014357);
insert into T_TERMINALINFO (TERMINAL_ID,TTYPE_ID,SIM_ID,TERMINAL_CODE,ORG_CODE,IS_VIDEO_TERMINAL,SP_SERVER_NAME,PROTOCOL_TYPE,CHANNELS,YT_PROTOCOL_TYPE) values(340358, 4, 34358, '1014357', 'B0000808',1,'1076测试服务器','4',8,'0');
insert into V_VEHICLEINFO (ORG_CODE,VEHICLE_ID,ID_NUMBER,TYPE_ID,TERMINAL_ID,DELETE_FLAG,COLOR_ID_NUMBER_ID,AUTHORIZED_PAY_MASS) values ('B0000808','3400358', '测B14357', 4, 340358, 0, '2',15);

insert into T_SIMINFO (SIM_ID, ORG_CODE, DEPTCODE, STATE,PAY_MODLE, SIM_NUM) values(34359, 'B0000808', '中国移动', 1, '预付费', 13100014358);
insert into T_TERMINALINFO (TERMINAL_ID,TTYPE_ID,SIM_ID,TERMINAL_CODE,ORG_CODE,IS_VIDEO_TERMINAL,SP_SERVER_NAME,PROTOCOL_TYPE,CHANNELS,YT_PROTOCOL_TYPE) values(340359, 4, 34359, '1014358', 'B0000808',1,'1076测试服务器','4',8,'0');
insert into V_VEHICLEINFO (ORG_CODE,VEHICLE_ID,ID_NUMBER,TYPE_ID,TERMINAL_ID,DELETE_FLAG,COLOR_ID_NUMBER_ID,AUTHORIZED_PAY_MASS) values ('B0000808','3400359', '测B14358', 4, 340359, 0, '2',15);

insert into T_SIMINFO (SIM_ID, ORG_CODE, DEPTCODE, STATE,PAY_MODLE, SIM_NUM) values(34360, 'B0000808', '中国移动', 1, '预付费', 13100014359);
insert into T_TERMINALINFO (TERMINAL_ID,TTYPE_ID,SIM_ID,TERMINAL_CODE,ORG_CODE,IS_VIDEO_TERMINAL,SP_SERVER_NAME,PROTOCOL_TYPE,CHANNELS,YT_PROTOCOL_TYPE) values(340360, 4, 34360, '1014359', 'B0000808',1,'1076测试服务器','4',8,'0');
insert into V_VEHICLEINFO (ORG_CODE,VEHICLE_ID,ID_NUMBER,TYPE_ID,TERMINAL_ID,DELETE_FLAG,COLOR_ID_NUMBER_ID,AUTHORIZED_PAY_MASS) values ('B0000808','3400360', '测B14359', 4, 340360, 0, '2',15);

insert into T_SIMINFO (SIM_ID, ORG_CODE, DEPTCODE, STATE,PAY_MODLE, SIM_NUM) values(34361, 'B0000808', '中国移动', 1, '预付费', 13100014360);
insert into T_TERMINALINFO (TERMINAL_ID,TTYPE_ID,SIM_ID,TERMINAL_CODE,ORG_CODE,IS_VIDEO_TERMINAL,SP_SERVER_NAME,PROTOCOL_TYPE,CHANNELS,YT_PROTOCOL_TYPE) values(340361, 4, 34361, '1014360', 'B0000808',1,'1076测试服务器','4',8,'0');
insert into V_VEHICLEINFO (ORG_CODE,VEHICLE_ID,ID_NUMBER,TYPE_ID,TERMINAL_ID,DELETE_FLAG,COLOR_ID_NUMBER_ID,AUTHORIZED_PAY_MASS) values ('B0000808','3400361', '测B14360', 4, 340361, 0, '2',15);

insert into T_SIMINFO (SIM_ID, ORG_CODE, DEPTCODE, STATE,PAY_MODLE, SIM_NUM) values(34362, 'B0000808', '中国移动', 1, '预付费', 13100014361);
insert into T_TERMINALINFO (TERMINAL_ID,TTYPE_ID,SIM_ID,TERMINAL_CODE,ORG_CODE,IS_VIDEO_TERMINAL,SP_SERVER_NAME,PROTOCOL_TYPE,CHANNELS,YT_PROTOCOL_TYPE) values(340362, 4, 34362, '1014361', 'B0000808',1,'1076测试服务器','4',8,'0');
insert into V_VEHICLEINFO (ORG_CODE,VEHICLE_ID,ID_NUMBER,TYPE_ID,TERMINAL_ID,DELETE_FLAG,COLOR_ID_NUMBER_ID,AUTHORIZED_PAY_MASS) values ('B0000808','3400362', '测B14361', 4, 340362, 0, '2',15);

insert into T_SIMINFO (SIM_ID, ORG_CODE, DEPTCODE, STATE,PAY_MODLE, SIM_NUM) values(34363, 'B0000808', '中国移动', 1, '预付费', 13100014362);
insert into T_TERMINALINFO (TERMINAL_ID,TTYPE_ID,SIM_ID,TERMINAL_CODE,ORG_CODE,IS_VIDEO_TERMINAL,SP_SERVER_NAME,PROTOCOL_TYPE,CHANNELS,YT_PROTOCOL_TYPE) values(340363, 4, 34363, '1014362', 'B0000808',1,'1076测试服务器','4',8,'0');
insert into V_VEHICLEINFO (ORG_CODE,VEHICLE_ID,ID_NUMBER,TYPE_ID,TERMINAL_ID,DELETE_FLAG,COLOR_ID_NUMBER_ID,AUTHORIZED_PAY_MASS) values ('B0000808','3400363', '测B14362', 4, 340363, 0, '2',15);

insert into T_SIMINFO (SIM_ID, ORG_CODE, DEPTCODE, STATE,PAY_MODLE, SIM_NUM) values(34364, 'B0000808', '中国移动', 1, '预付费', 13100014363);
insert into T_TERMINALINFO (TERMINAL_ID,TTYPE_ID,SIM_ID,TERMINAL_CODE,ORG_CODE,IS_VIDEO_TERMINAL,SP_SERVER_NAME,PROTOCOL_TYPE,CHANNELS,YT_PROTOCOL_TYPE) values(340364, 4, 34364, '1014363', 'B0000808',1,'1076测试服务器','4',8,'0');
insert into V_VEHICLEINFO (ORG_CODE,VEHICLE_ID,ID_NUMBER,TYPE_ID,TERMINAL_ID,DELETE_FLAG,COLOR_ID_NUMBER_ID,AUTHORIZED_PAY_MASS) values ('B0000808','3400364', '测B14363', 4, 340364, 0, '2',15);

insert into T_SIMINFO (SIM_ID, ORG_CODE, DEPTCODE, STATE,PAY_MODLE, SIM_NUM) values(34365, 'B0000808', '中国移动', 1, '预付费', 13100014364);
insert into T_TERMINALINFO (TERMINAL_ID,TTYPE_ID,SIM_ID,TERMINAL_CODE,ORG_CODE,IS_VIDEO_TERMINAL,SP_SERVER_NAME,PROTOCOL_TYPE,CHANNELS,YT_PROTOCOL_TYPE) values(340365, 4, 34365, '1014364', 'B0000808',1,'1076测试服务器','4',8,'0');
insert into V_VEHICLEINFO (ORG_CODE,VEHICLE_ID,ID_NUMBER,TYPE_ID,TERMINAL_ID,DELETE_FLAG,COLOR_ID_NUMBER_ID,AUTHORIZED_PAY_MASS) values ('B0000808','3400365', '测B14364', 4, 340365, 0, '2',15);

insert into T_SIMINFO (SIM_ID, ORG_CODE, DEPTCODE, STATE,PAY_MODLE, SIM_NUM) values(34366, 'B0000808', '中国移动', 1, '预付费', 13100014365);
insert into T_TERMINALINFO (TERMINAL_ID,TTYPE_ID,SIM_ID,TERMINAL_CODE,ORG_CODE,IS_VIDEO_TERMINAL,SP_SERVER_NAME,PROTOCOL_TYPE,CHANNELS,YT_PROTOCOL_TYPE) values(340366, 4, 34366, '1014365', 'B0000808',1,'1076测试服务器','4',8,'0');
insert into V_VEHICLEINFO (ORG_CODE,VEHICLE_ID,ID_NUMBER,TYPE_ID,TERMINAL_ID,DELETE_FLAG,COLOR_ID_NUMBER_ID,AUTHORIZED_PAY_MASS) values ('B0000808','3400366', '测B14365', 4, 340366, 0, '2',15);

insert into T_SIMINFO (SIM_ID, ORG_CODE, DEPTCODE, STATE,PAY_MODLE, SIM_NUM) values(34367, 'B0000808', '中国移动', 1, '预付费', 13100014366);
insert into T_TERMINALINFO (TERMINAL_ID,TTYPE_ID,SIM_ID,TERMINAL_CODE,ORG_CODE,IS_VIDEO_TERMINAL,SP_SERVER_NAME,PROTOCOL_TYPE,CHANNELS,YT_PROTOCOL_TYPE) values(340367, 4, 34367, '1014366', 'B0000808',1,'1076测试服务器','4',8,'0');
insert into V_VEHICLEINFO (ORG_CODE,VEHICLE_ID,ID_NUMBER,TYPE_ID,TERMINAL_ID,DELETE_FLAG,COLOR_ID_NUMBER_ID,AUTHORIZED_PAY_MASS) values ('B0000808','3400367', '测B14366', 4, 340367, 0, '2',15);

insert into T_SIMINFO (SIM_ID, ORG_CODE, DEPTCODE, STATE,PAY_MODLE, SIM_NUM) values(34368, 'B0000808', '中国移动', 1, '预付费', 13100014367);
insert into T_TERMINALINFO (TERMINAL_ID,TTYPE_ID,SIM_ID,TERMINAL_CODE,ORG_CODE,IS_VIDEO_TERMINAL,SP_SERVER_NAME,PROTOCOL_TYPE,CHANNELS,YT_PROTOCOL_TYPE) values(340368, 4, 34368, '1014367', 'B0000808',1,'1076测试服务器','4',8,'0');
insert into V_VEHICLEINFO (ORG_CODE,VEHICLE_ID,ID_NUMBER,TYPE_ID,TERMINAL_ID,DELETE_FLAG,COLOR_ID_NUMBER_ID,AUTHORIZED_PAY_MASS) values ('B0000808','3400368', '测B14367', 4, 340368, 0, '2',15);

insert into T_SIMINFO (SIM_ID, ORG_CODE, DEPTCODE, STATE,PAY_MODLE, SIM_NUM) values(34369, 'B0000808', '中国移动', 1, '预付费', 13100014368);
insert into T_TERMINALINFO (TERMINAL_ID,TTYPE_ID,SIM_ID,TERMINAL_CODE,ORG_CODE,IS_VIDEO_TERMINAL,SP_SERVER_NAME,PROTOCOL_TYPE,CHANNELS,YT_PROTOCOL_TYPE) values(340369, 4, 34369, '1014368', 'B0000808',1,'1076测试服务器','4',8,'0');
insert into V_VEHICLEINFO (ORG_CODE,VEHICLE_ID,ID_NUMBER,TYPE_ID,TERMINAL_ID,DELETE_FLAG,COLOR_ID_NUMBER_ID,AUTHORIZED_PAY_MASS) values ('B0000808','3400369', '测B14368', 4, 340369, 0, '2',15);

insert into T_SIMINFO (SIM_ID, ORG_CODE, DEPTCODE, STATE,PAY_MODLE, SIM_NUM) values(34370, 'B0000808', '中国移动', 1, '预付费', 13100014369);
insert into T_TERMINALINFO (TERMINAL_ID,TTYPE_ID,SIM_ID,TERMINAL_CODE,ORG_CODE,IS_VIDEO_TERMINAL,SP_SERVER_NAME,PROTOCOL_TYPE,CHANNELS,YT_PROTOCOL_TYPE) values(340370, 4, 34370, '1014369', 'B0000808',1,'1076测试服务器','4',8,'0');
insert into V_VEHICLEINFO (ORG_CODE,VEHICLE_ID,ID_NUMBER,TYPE_ID,TERMINAL_ID,DELETE_FLAG,COLOR_ID_NUMBER_ID,AUTHORIZED_PAY_MASS) values ('B0000808','3400370', '测B14369', 4, 340370, 0, '2',15);

insert into T_SIMINFO (SIM_ID, ORG_CODE, DEPTCODE, STATE,PAY_MODLE, SIM_NUM) values(34371, 'B0000808', '中国移动', 1, '预付费', 13100014370);
insert into T_TERMINALINFO (TERMINAL_ID,TTYPE_ID,SIM_ID,TERMINAL_CODE,ORG_CODE,IS_VIDEO_TERMINAL,SP_SERVER_NAME,PROTOCOL_TYPE,CHANNELS,YT_PROTOCOL_TYPE) values(340371, 4, 34371, '1014370', 'B0000808',1,'1076测试服务器','4',8,'0');
insert into V_VEHICLEINFO (ORG_CODE,VEHICLE_ID,ID_NUMBER,TYPE_ID,TERMINAL_ID,DELETE_FLAG,COLOR_ID_NUMBER_ID,AUTHORIZED_PAY_MASS) values ('B0000808','3400371', '测B14370', 4, 340371, 0, '2',15);

insert into T_SIMINFO (SIM_ID, ORG_CODE, DEPTCODE, STATE,PAY_MODLE, SIM_NUM) values(34372, 'B0000808', '中国移动', 1, '预付费', 13100014371);
insert into T_TERMINALINFO (TERMINAL_ID,TTYPE_ID,SIM_ID,TERMINAL_CODE,ORG_CODE,IS_VIDEO_TERMINAL,SP_SERVER_NAME,PROTOCOL_TYPE,CHANNELS,YT_PROTOCOL_TYPE) values(340372, 4, 34372, '1014371', 'B0000808',1,'1076测试服务器','4',8,'0');
insert into V_VEHICLEINFO (ORG_CODE,VEHICLE_ID,ID_NUMBER,TYPE_ID,TERMINAL_ID,DELETE_FLAG,COLOR_ID_NUMBER_ID,AUTHORIZED_PAY_MASS) values ('B0000808','3400372', '测B14371', 4, 340372, 0, '2',15);

insert into T_SIMINFO (SIM_ID, ORG_CODE, DEPTCODE, STATE,PAY_MODLE, SIM_NUM) values(34373, 'B0000808', '中国移动', 1, '预付费', 13100014372);
insert into T_TERMINALINFO (TERMINAL_ID,TTYPE_ID,SIM_ID,TERMINAL_CODE,ORG_CODE,IS_VIDEO_TERMINAL,SP_SERVER_NAME,PROTOCOL_TYPE,CHANNELS,YT_PROTOCOL_TYPE) values(340373, 4, 34373, '1014372', 'B0000808',1,'1076测试服务器','4',8,'0');
insert into V_VEHICLEINFO (ORG_CODE,VEHICLE_ID,ID_NUMBER,TYPE_ID,TERMINAL_ID,DELETE_FLAG,COLOR_ID_NUMBER_ID,AUTHORIZED_PAY_MASS) values ('B0000808','3400373', '测B14372', 4, 340373, 0, '2',15);

insert into T_SIMINFO (SIM_ID, ORG_CODE, DEPTCODE, STATE,PAY_MODLE, SIM_NUM) values(34374, 'B0000808', '中国移动', 1, '预付费', 13100014373);
insert into T_TERMINALINFO (TERMINAL_ID,TTYPE_ID,SIM_ID,TERMINAL_CODE,ORG_CODE,IS_VIDEO_TERMINAL,SP_SERVER_NAME,PROTOCOL_TYPE,CHANNELS,YT_PROTOCOL_TYPE) values(340374, 4, 34374, '1014373', 'B0000808',1,'1076测试服务器','4',8,'0');
insert into V_VEHICLEINFO (ORG_CODE,VEHICLE_ID,ID_NUMBER,TYPE_ID,TERMINAL_ID,DELETE_FLAG,COLOR_ID_NUMBER_ID,AUTHORIZED_PAY_MASS) values ('B0000808','3400374', '测B14373', 4, 340374, 0, '2',15);

insert into T_SIMINFO (SIM_ID, ORG_CODE, DEPTCODE, STATE,PAY_MODLE, SIM_NUM) values(34375, 'B0000808', '中国移动', 1, '预付费', 13100014374);
insert into T_TERMINALINFO (TERMINAL_ID,TTYPE_ID,SIM_ID,TERMINAL_CODE,ORG_CODE,IS_VIDEO_TERMINAL,SP_SERVER_NAME,PROTOCOL_TYPE,CHANNELS,YT_PROTOCOL_TYPE) values(340375, 4, 34375, '1014374', 'B0000808',1,'1076测试服务器','4',8,'0');
insert into V_VEHICLEINFO (ORG_CODE,VEHICLE_ID,ID_NUMBER,TYPE_ID,TERMINAL_ID,DELETE_FLAG,COLOR_ID_NUMBER_ID,AUTHORIZED_PAY_MASS) values ('B0000808','3400375', '测B14374', 4, 340375, 0, '2',15);

insert into T_SIMINFO (SIM_ID, ORG_CODE, DEPTCODE, STATE,PAY_MODLE, SIM_NUM) values(34376, 'B0000808', '中国移动', 1, '预付费', 13100014375);
insert into T_TERMINALINFO (TERMINAL_ID,TTYPE_ID,SIM_ID,TERMINAL_CODE,ORG_CODE,IS_VIDEO_TERMINAL,SP_SERVER_NAME,PROTOCOL_TYPE,CHANNELS,YT_PROTOCOL_TYPE) values(340376, 4, 34376, '1014375', 'B0000808',1,'1076测试服务器','4',8,'0');
insert into V_VEHICLEINFO (ORG_CODE,VEHICLE_ID,ID_NUMBER,TYPE_ID,TERMINAL_ID,DELETE_FLAG,COLOR_ID_NUMBER_ID,AUTHORIZED_PAY_MASS) values ('B0000808','3400376', '测B14375', 4, 340376, 0, '2',15);

insert into T_SIMINFO (SIM_ID, ORG_CODE, DEPTCODE, STATE,PAY_MODLE, SIM_NUM) values(34377, 'B0000808', '中国移动', 1, '预付费', 13100014376);
insert into T_TERMINALINFO (TERMINAL_ID,TTYPE_ID,SIM_ID,TERMINAL_CODE,ORG_CODE,IS_VIDEO_TERMINAL,SP_SERVER_NAME,PROTOCOL_TYPE,CHANNELS,YT_PROTOCOL_TYPE) values(340377, 4, 34377, '1014376', 'B0000808',1,'1076测试服务器','4',8,'0');
insert into V_VEHICLEINFO (ORG_CODE,VEHICLE_ID,ID_NUMBER,TYPE_ID,TERMINAL_ID,DELETE_FLAG,COLOR_ID_NUMBER_ID,AUTHORIZED_PAY_MASS) values ('B0000808','3400377', '测B14376', 4, 340377, 0, '2',15);

insert into T_SIMINFO (SIM_ID, ORG_CODE, DEPTCODE, STATE,PAY_MODLE, SIM_NUM) values(34378, 'B0000808', '中国移动', 1, '预付费', 13100014377);
insert into T_TERMINALINFO (TERMINAL_ID,TTYPE_ID,SIM_ID,TERMINAL_CODE,ORG_CODE,IS_VIDEO_TERMINAL,SP_SERVER_NAME,PROTOCOL_TYPE,CHANNELS,YT_PROTOCOL_TYPE) values(340378, 4, 34378, '1014377', 'B0000808',1,'1076测试服务器','4',8,'0');
insert into V_VEHICLEINFO (ORG_CODE,VEHICLE_ID,ID_NUMBER,TYPE_ID,TERMINAL_ID,DELETE_FLAG,COLOR_ID_NUMBER_ID,AUTHORIZED_PAY_MASS) values ('B0000808','3400378', '测B14377', 4, 340378, 0, '2',15);

insert into T_SIMINFO (SIM_ID, ORG_CODE, DEPTCODE, STATE,PAY_MODLE, SIM_NUM) values(34379, 'B0000808', '中国移动', 1, '预付费', 13100014378);
insert into T_TERMINALINFO (TERMINAL_ID,TTYPE_ID,SIM_ID,TERMINAL_CODE,ORG_CODE,IS_VIDEO_TERMINAL,SP_SERVER_NAME,PROTOCOL_TYPE,CHANNELS,YT_PROTOCOL_TYPE) values(340379, 4, 34379, '1014378', 'B0000808',1,'1076测试服务器','4',8,'0');
insert into V_VEHICLEINFO (ORG_CODE,VEHICLE_ID,ID_NUMBER,TYPE_ID,TERMINAL_ID,DELETE_FLAG,COLOR_ID_NUMBER_ID,AUTHORIZED_PAY_MASS) values ('B0000808','3400379', '测B14378', 4, 340379, 0, '2',15);

insert into T_SIMINFO (SIM_ID, ORG_CODE, DEPTCODE, STATE,PAY_MODLE, SIM_NUM) values(34380, 'B0000808', '中国移动', 1, '预付费', 13100014379);
insert into T_TERMINALINFO (TERMINAL_ID,TTYPE_ID,SIM_ID,TERMINAL_CODE,ORG_CODE,IS_VIDEO_TERMINAL,SP_SERVER_NAME,PROTOCOL_TYPE,CHANNELS,YT_PROTOCOL_TYPE) values(340380, 4, 34380, '1014379', 'B0000808',1,'1076测试服务器','4',8,'0');
insert into V_VEHICLEINFO (ORG_CODE,VEHICLE_ID,ID_NUMBER,TYPE_ID,TERMINAL_ID,DELETE_FLAG,COLOR_ID_NUMBER_ID,AUTHORIZED_PAY_MASS) values ('B0000808','3400380', '测B14379', 4, 340380, 0, '2',15);

insert into T_SIMINFO (SIM_ID, ORG_CODE, DEPTCODE, STATE,PAY_MODLE, SIM_NUM) values(34381, 'B0000808', '中国移动', 1, '预付费', 13100014380);
insert into T_TERMINALINFO (TERMINAL_ID,TTYPE_ID,SIM_ID,TERMINAL_CODE,ORG_CODE,IS_VIDEO_TERMINAL,SP_SERVER_NAME,PROTOCOL_TYPE,CHANNELS,YT_PROTOCOL_TYPE) values(340381, 4, 34381, '1014380', 'B0000808',1,'1076测试服务器','4',8,'0');
insert into V_VEHICLEINFO (ORG_CODE,VEHICLE_ID,ID_NUMBER,TYPE_ID,TERMINAL_ID,DELETE_FLAG,COLOR_ID_NUMBER_ID,AUTHORIZED_PAY_MASS) values ('B0000808','3400381', '测B14380', 4, 340381, 0, '2',15);

insert into T_SIMINFO (SIM_ID, ORG_CODE, DEPTCODE, STATE,PAY_MODLE, SIM_NUM) values(34382, 'B0000808', '中国移动', 1, '预付费', 13100014381);
insert into T_TERMINALINFO (TERMINAL_ID,TTYPE_ID,SIM_ID,TERMINAL_CODE,ORG_CODE,IS_VIDEO_TERMINAL,SP_SERVER_NAME,PROTOCOL_TYPE,CHANNELS,YT_PROTOCOL_TYPE) values(340382, 4, 34382, '1014381', 'B0000808',1,'1076测试服务器','4',8,'0');
insert into V_VEHICLEINFO (ORG_CODE,VEHICLE_ID,ID_NUMBER,TYPE_ID,TERMINAL_ID,DELETE_FLAG,COLOR_ID_NUMBER_ID,AUTHORIZED_PAY_MASS) values ('B0000808','3400382', '测B14381', 4, 340382, 0, '2',15);

insert into T_SIMINFO (SIM_ID, ORG_CODE, DEPTCODE, STATE,PAY_MODLE, SIM_NUM) values(34383, 'B0000808', '中国移动', 1, '预付费', 13100014382);
insert into T_TERMINALINFO (TERMINAL_ID,TTYPE_ID,SIM_ID,TERMINAL_CODE,ORG_CODE,IS_VIDEO_TERMINAL,SP_SERVER_NAME,PROTOCOL_TYPE,CHANNELS,YT_PROTOCOL_TYPE) values(340383, 4, 34383, '1014382', 'B0000808',1,'1076测试服务器','4',8,'0');
insert into V_VEHICLEINFO (ORG_CODE,VEHICLE_ID,ID_NUMBER,TYPE_ID,TERMINAL_ID,DELETE_FLAG,COLOR_ID_NUMBER_ID,AUTHORIZED_PAY_MASS) values ('B0000808','3400383', '测B14382', 4, 340383, 0, '2',15);

insert into T_SIMINFO (SIM_ID, ORG_CODE, DEPTCODE, STATE,PAY_MODLE, SIM_NUM) values(34384, 'B0000808', '中国移动', 1, '预付费', 13100014383);
insert into T_TERMINALINFO (TERMINAL_ID,TTYPE_ID,SIM_ID,TERMINAL_CODE,ORG_CODE,IS_VIDEO_TERMINAL,SP_SERVER_NAME,PROTOCOL_TYPE,CHANNELS,YT_PROTOCOL_TYPE) values(340384, 4, 34384, '1014383', 'B0000808',1,'1076测试服务器','4',8,'0');
insert into V_VEHICLEINFO (ORG_CODE,VEHICLE_ID,ID_NUMBER,TYPE_ID,TERMINAL_ID,DELETE_FLAG,COLOR_ID_NUMBER_ID,AUTHORIZED_PAY_MASS) values ('B0000808','3400384', '测B14383', 4, 340384, 0, '2',15);

insert into T_SIMINFO (SIM_ID, ORG_CODE, DEPTCODE, STATE,PAY_MODLE, SIM_NUM) values(34385, 'B0000808', '中国移动', 1, '预付费', 13100014384);
insert into T_TERMINALINFO (TERMINAL_ID,TTYPE_ID,SIM_ID,TERMINAL_CODE,ORG_CODE,IS_VIDEO_TERMINAL,SP_SERVER_NAME,PROTOCOL_TYPE,CHANNELS,YT_PROTOCOL_TYPE) values(340385, 4, 34385, '1014384', 'B0000808',1,'1076测试服务器','4',8,'0');
insert into V_VEHICLEINFO (ORG_CODE,VEHICLE_ID,ID_NUMBER,TYPE_ID,TERMINAL_ID,DELETE_FLAG,COLOR_ID_NUMBER_ID,AUTHORIZED_PAY_MASS) values ('B0000808','3400385', '测B14384', 4, 340385, 0, '2',15);

insert into T_SIMINFO (SIM_ID, ORG_CODE, DEPTCODE, STATE,PAY_MODLE, SIM_NUM) values(34386, 'B0000808', '中国移动', 1, '预付费', 13100014385);
insert into T_TERMINALINFO (TERMINAL_ID,TTYPE_ID,SIM_ID,TERMINAL_CODE,ORG_CODE,IS_VIDEO_TERMINAL,SP_SERVER_NAME,PROTOCOL_TYPE,CHANNELS,YT_PROTOCOL_TYPE) values(340386, 4, 34386, '1014385', 'B0000808',1,'1076测试服务器','4',8,'0');
insert into V_VEHICLEINFO (ORG_CODE,VEHICLE_ID,ID_NUMBER,TYPE_ID,TERMINAL_ID,DELETE_FLAG,COLOR_ID_NUMBER_ID,AUTHORIZED_PAY_MASS) values ('B0000808','3400386', '测B14385', 4, 340386, 0, '2',15);

insert into T_SIMINFO (SIM_ID, ORG_CODE, DEPTCODE, STATE,PAY_MODLE, SIM_NUM) values(34387, 'B0000808', '中国移动', 1, '预付费', 13100014386);
insert into T_TERMINALINFO (TERMINAL_ID,TTYPE_ID,SIM_ID,TERMINAL_CODE,ORG_CODE,IS_VIDEO_TERMINAL,SP_SERVER_NAME,PROTOCOL_TYPE,CHANNELS,YT_PROTOCOL_TYPE) values(340387, 4, 34387, '1014386', 'B0000808',1,'1076测试服务器','4',8,'0');
insert into V_VEHICLEINFO (ORG_CODE,VEHICLE_ID,ID_NUMBER,TYPE_ID,TERMINAL_ID,DELETE_FLAG,COLOR_ID_NUMBER_ID,AUTHORIZED_PAY_MASS) values ('B0000808','3400387', '测B14386', 4, 340387, 0, '2',15);

insert into T_SIMINFO (SIM_ID, ORG_CODE, DEPTCODE, STATE,PAY_MODLE, SIM_NUM) values(34388, 'B0000808', '中国移动', 1, '预付费', 13100014387);
insert into T_TERMINALINFO (TERMINAL_ID,TTYPE_ID,SIM_ID,TERMINAL_CODE,ORG_CODE,IS_VIDEO_TERMINAL,SP_SERVER_NAME,PROTOCOL_TYPE,CHANNELS,YT_PROTOCOL_TYPE) values(340388, 4, 34388, '1014387', 'B0000808',1,'1076测试服务器','4',8,'0');
insert into V_VEHICLEINFO (ORG_CODE,VEHICLE_ID,ID_NUMBER,TYPE_ID,TERMINAL_ID,DELETE_FLAG,COLOR_ID_NUMBER_ID,AUTHORIZED_PAY_MASS) values ('B0000808','3400388', '测B14387', 4, 340388, 0, '2',15);

insert into T_SIMINFO (SIM_ID, ORG_CODE, DEPTCODE, STATE,PAY_MODLE, SIM_NUM) values(34389, 'B0000808', '中国移动', 1, '预付费', 13100014388);
insert into T_TERMINALINFO (TERMINAL_ID,TTYPE_ID,SIM_ID,TERMINAL_CODE,ORG_CODE,IS_VIDEO_TERMINAL,SP_SERVER_NAME,PROTOCOL_TYPE,CHANNELS,YT_PROTOCOL_TYPE) values(340389, 4, 34389, '1014388', 'B0000808',1,'1076测试服务器','4',8,'0');
insert into V_VEHICLEINFO (ORG_CODE,VEHICLE_ID,ID_NUMBER,TYPE_ID,TERMINAL_ID,DELETE_FLAG,COLOR_ID_NUMBER_ID,AUTHORIZED_PAY_MASS) values ('B0000808','3400389', '测B14388', 4, 340389, 0, '2',15);

insert into T_SIMINFO (SIM_ID, ORG_CODE, DEPTCODE, STATE,PAY_MODLE, SIM_NUM) values(34390, 'B0000808', '中国移动', 1, '预付费', 13100014389);
insert into T_TERMINALINFO (TERMINAL_ID,TTYPE_ID,SIM_ID,TERMINAL_CODE,ORG_CODE,IS_VIDEO_TERMINAL,SP_SERVER_NAME,PROTOCOL_TYPE,CHANNELS,YT_PROTOCOL_TYPE) values(340390, 4, 34390, '1014389', 'B0000808',1,'1076测试服务器','4',8,'0');
insert into V_VEHICLEINFO (ORG_CODE,VEHICLE_ID,ID_NUMBER,TYPE_ID,TERMINAL_ID,DELETE_FLAG,COLOR_ID_NUMBER_ID,AUTHORIZED_PAY_MASS) values ('B0000808','3400390', '测B14389', 4, 340390, 0, '2',15);

insert into T_SIMINFO (SIM_ID, ORG_CODE, DEPTCODE, STATE,PAY_MODLE, SIM_NUM) values(34391, 'B0000808', '中国移动', 1, '预付费', 13100014390);
insert into T_TERMINALINFO (TERMINAL_ID,TTYPE_ID,SIM_ID,TERMINAL_CODE,ORG_CODE,IS_VIDEO_TERMINAL,SP_SERVER_NAME,PROTOCOL_TYPE,CHANNELS,YT_PROTOCOL_TYPE) values(340391, 4, 34391, '1014390', 'B0000808',1,'1076测试服务器','4',8,'0');
insert into V_VEHICLEINFO (ORG_CODE,VEHICLE_ID,ID_NUMBER,TYPE_ID,TERMINAL_ID,DELETE_FLAG,COLOR_ID_NUMBER_ID,AUTHORIZED_PAY_MASS) values ('B0000808','3400391', '测B14390', 4, 340391, 0, '2',15);

insert into T_SIMINFO (SIM_ID, ORG_CODE, DEPTCODE, STATE,PAY_MODLE, SIM_NUM) values(34392, 'B0000808', '中国移动', 1, '预付费', 13100014391);
insert into T_TERMINALINFO (TERMINAL_ID,TTYPE_ID,SIM_ID,TERMINAL_CODE,ORG_CODE,IS_VIDEO_TERMINAL,SP_SERVER_NAME,PROTOCOL_TYPE,CHANNELS,YT_PROTOCOL_TYPE) values(340392, 4, 34392, '1014391', 'B0000808',1,'1076测试服务器','4',8,'0');
insert into V_VEHICLEINFO (ORG_CODE,VEHICLE_ID,ID_NUMBER,TYPE_ID,TERMINAL_ID,DELETE_FLAG,COLOR_ID_NUMBER_ID,AUTHORIZED_PAY_MASS) values ('B0000808','3400392', '测B14391', 4, 340392, 0, '2',15);

insert into T_SIMINFO (SIM_ID, ORG_CODE, DEPTCODE, STATE,PAY_MODLE, SIM_NUM) values(34393, 'B0000808', '中国移动', 1, '预付费', 13100014392);
insert into T_TERMINALINFO (TERMINAL_ID,TTYPE_ID,SIM_ID,TERMINAL_CODE,ORG_CODE,IS_VIDEO_TERMINAL,SP_SERVER_NAME,PROTOCOL_TYPE,CHANNELS,YT_PROTOCOL_TYPE) values(340393, 4, 34393, '1014392', 'B0000808',1,'1076测试服务器','4',8,'0');
insert into V_VEHICLEINFO (ORG_CODE,VEHICLE_ID,ID_NUMBER,TYPE_ID,TERMINAL_ID,DELETE_FLAG,COLOR_ID_NUMBER_ID,AUTHORIZED_PAY_MASS) values ('B0000808','3400393', '测B14392', 4, 340393, 0, '2',15);

insert into T_SIMINFO (SIM_ID, ORG_CODE, DEPTCODE, STATE,PAY_MODLE, SIM_NUM) values(34394, 'B0000808', '中国移动', 1, '预付费', 13100014393);
insert into T_TERMINALINFO (TERMINAL_ID,TTYPE_ID,SIM_ID,TERMINAL_CODE,ORG_CODE,IS_VIDEO_TERMINAL,SP_SERVER_NAME,PROTOCOL_TYPE,CHANNELS,YT_PROTOCOL_TYPE) values(340394, 4, 34394, '1014393', 'B0000808',1,'1076测试服务器','4',8,'0');
insert into V_VEHICLEINFO (ORG_CODE,VEHICLE_ID,ID_NUMBER,TYPE_ID,TERMINAL_ID,DELETE_FLAG,COLOR_ID_NUMBER_ID,AUTHORIZED_PAY_MASS) values ('B0000808','3400394', '测B14393', 4, 340394, 0, '2',15);

insert into T_SIMINFO (SIM_ID, ORG_CODE, DEPTCODE, STATE,PAY_MODLE, SIM_NUM) values(34395, 'B0000808', '中国移动', 1, '预付费', 13100014394);
insert into T_TERMINALINFO (TERMINAL_ID,TTYPE_ID,SIM_ID,TERMINAL_CODE,ORG_CODE,IS_VIDEO_TERMINAL,SP_SERVER_NAME,PROTOCOL_TYPE,CHANNELS,YT_PROTOCOL_TYPE) values(340395, 4, 34395, '1014394', 'B0000808',1,'1076测试服务器','4',8,'0');
insert into V_VEHICLEINFO (ORG_CODE,VEHICLE_ID,ID_NUMBER,TYPE_ID,TERMINAL_ID,DELETE_FLAG,COLOR_ID_NUMBER_ID,AUTHORIZED_PAY_MASS) values ('B0000808','3400395', '测B14394', 4, 340395, 0, '2',15);

insert into T_SIMINFO (SIM_ID, ORG_CODE, DEPTCODE, STATE,PAY_MODLE, SIM_NUM) values(34396, 'B0000808', '中国移动', 1, '预付费', 13100014395);
insert into T_TERMINALINFO (TERMINAL_ID,TTYPE_ID,SIM_ID,TERMINAL_CODE,ORG_CODE,IS_VIDEO_TERMINAL,SP_SERVER_NAME,PROTOCOL_TYPE,CHANNELS,YT_PROTOCOL_TYPE) values(340396, 4, 34396, '1014395', 'B0000808',1,'1076测试服务器','4',8,'0');
insert into V_VEHICLEINFO (ORG_CODE,VEHICLE_ID,ID_NUMBER,TYPE_ID,TERMINAL_ID,DELETE_FLAG,COLOR_ID_NUMBER_ID,AUTHORIZED_PAY_MASS) values ('B0000808','3400396', '测B14395', 4, 340396, 0, '2',15);

insert into T_SIMINFO (SIM_ID, ORG_CODE, DEPTCODE, STATE,PAY_MODLE, SIM_NUM) values(34397, 'B0000808', '中国移动', 1, '预付费', 13100014396);
insert into T_TERMINALINFO (TERMINAL_ID,TTYPE_ID,SIM_ID,TERMINAL_CODE,ORG_CODE,IS_VIDEO_TERMINAL,SP_SERVER_NAME,PROTOCOL_TYPE,CHANNELS,YT_PROTOCOL_TYPE) values(340397, 4, 34397, '1014396', 'B0000808',1,'1076测试服务器','4',8,'0');
insert into V_VEHICLEINFO (ORG_CODE,VEHICLE_ID,ID_NUMBER,TYPE_ID,TERMINAL_ID,DELETE_FLAG,COLOR_ID_NUMBER_ID,AUTHORIZED_PAY_MASS) values ('B0000808','3400397', '测B14396', 4, 340397, 0, '2',15);

insert into T_SIMINFO (SIM_ID, ORG_CODE, DEPTCODE, STATE,PAY_MODLE, SIM_NUM) values(34398, 'B0000808', '中国移动', 1, '预付费', 13100014397);
insert into T_TERMINALINFO (TERMINAL_ID,TTYPE_ID,SIM_ID,TERMINAL_CODE,ORG_CODE,IS_VIDEO_TERMINAL,SP_SERVER_NAME,PROTOCOL_TYPE,CHANNELS,YT_PROTOCOL_TYPE) values(340398, 4, 34398, '1014397', 'B0000808',1,'1076测试服务器','4',8,'0');
insert into V_VEHICLEINFO (ORG_CODE,VEHICLE_ID,ID_NUMBER,TYPE_ID,TERMINAL_ID,DELETE_FLAG,COLOR_ID_NUMBER_ID,AUTHORIZED_PAY_MASS) values ('B0000808','3400398', '测B14397', 4, 340398, 0, '2',15);

insert into T_SIMINFO (SIM_ID, ORG_CODE, DEPTCODE, STATE,PAY_MODLE, SIM_NUM) values(34399, 'B0000808', '中国移动', 1, '预付费', 13100014398);
insert into T_TERMINALINFO (TERMINAL_ID,TTYPE_ID,SIM_ID,TERMINAL_CODE,ORG_CODE,IS_VIDEO_TERMINAL,SP_SERVER_NAME,PROTOCOL_TYPE,CHANNELS,YT_PROTOCOL_TYPE) values(340399, 4, 34399, '1014398', 'B0000808',1,'1076测试服务器','4',8,'0');
insert into V_VEHICLEINFO (ORG_CODE,VEHICLE_ID,ID_NUMBER,TYPE_ID,TERMINAL_ID,DELETE_FLAG,COLOR_ID_NUMBER_ID,AUTHORIZED_PAY_MASS) values ('B0000808','3400399', '测B14398', 4, 340399, 0, '2',15);

insert into T_SIMINFO (SIM_ID, ORG_CODE, DEPTCODE, STATE,PAY_MODLE, SIM_NUM) values(34400, 'B0000808', '中国移动', 1, '预付费', 13100014399);
insert into T_TERMINALINFO (TERMINAL_ID,TTYPE_ID,SIM_ID,TERMINAL_CODE,ORG_CODE,IS_VIDEO_TERMINAL,SP_SERVER_NAME,PROTOCOL_TYPE,CHANNELS,YT_PROTOCOL_TYPE) values(340400, 4, 34400, '1014399', 'B0000808',1,'1076测试服务器','4',8,'0');
insert into V_VEHICLEINFO (ORG_CODE,VEHICLE_ID,ID_NUMBER,TYPE_ID,TERMINAL_ID,DELETE_FLAG,COLOR_ID_NUMBER_ID,AUTHORIZED_PAY_MASS) values ('B0000808','3400400', '测B14399', 4, 340400, 0, '2',15);

insert into T_SIMINFO (SIM_ID, ORG_CODE, DEPTCODE, STATE,PAY_MODLE, SIM_NUM) values(34401, 'B0000808', '中国移动', 1, '预付费', 13100014400);
insert into T_TERMINALINFO (TERMINAL_ID,TTYPE_ID,SIM_ID,TERMINAL_CODE,ORG_CODE,IS_VIDEO_TERMINAL,SP_SERVER_NAME,PROTOCOL_TYPE,CHANNELS,YT_PROTOCOL_TYPE) values(340401, 4, 34401, '1014400', 'B0000808',1,'1076测试服务器','4',8,'0');
insert into V_VEHICLEINFO (ORG_CODE,VEHICLE_ID,ID_NUMBER,TYPE_ID,TERMINAL_ID,DELETE_FLAG,COLOR_ID_NUMBER_ID,AUTHORIZED_PAY_MASS) values ('B0000808','3400401', '测B14400', 4, 340401, 0, '2',15);

insert into T_SIMINFO (SIM_ID, ORG_CODE, DEPTCODE, STATE,PAY_MODLE, SIM_NUM) values(34402, 'B0000808', '中国移动', 1, '预付费', 13100014401);
insert into T_TERMINALINFO (TERMINAL_ID,TTYPE_ID,SIM_ID,TERMINAL_CODE,ORG_CODE,IS_VIDEO_TERMINAL,SP_SERVER_NAME,PROTOCOL_TYPE,CHANNELS,YT_PROTOCOL_TYPE) values(340402, 4, 34402, '1014401', 'B0000808',1,'1076测试服务器','4',8,'0');
insert into V_VEHICLEINFO (ORG_CODE,VEHICLE_ID,ID_NUMBER,TYPE_ID,TERMINAL_ID,DELETE_FLAG,COLOR_ID_NUMBER_ID,AUTHORIZED_PAY_MASS) values ('B0000808','3400402', '测B14401', 4, 340402, 0, '2',15);

insert into T_SIMINFO (SIM_ID, ORG_CODE, DEPTCODE, STATE,PAY_MODLE, SIM_NUM) values(34403, 'B0000808', '中国移动', 1, '预付费', 13100014402);
insert into T_TERMINALINFO (TERMINAL_ID,TTYPE_ID,SIM_ID,TERMINAL_CODE,ORG_CODE,IS_VIDEO_TERMINAL,SP_SERVER_NAME,PROTOCOL_TYPE,CHANNELS,YT_PROTOCOL_TYPE) values(340403, 4, 34403, '1014402', 'B0000808',1,'1076测试服务器','4',8,'0');
insert into V_VEHICLEINFO (ORG_CODE,VEHICLE_ID,ID_NUMBER,TYPE_ID,TERMINAL_ID,DELETE_FLAG,COLOR_ID_NUMBER_ID,AUTHORIZED_PAY_MASS) values ('B0000808','3400403', '测B14402', 4, 340403, 0, '2',15);

insert into T_SIMINFO (SIM_ID, ORG_CODE, DEPTCODE, STATE,PAY_MODLE, SIM_NUM) values(34404, 'B0000808', '中国移动', 1, '预付费', 13100014403);
insert into T_TERMINALINFO (TERMINAL_ID,TTYPE_ID,SIM_ID,TERMINAL_CODE,ORG_CODE,IS_VIDEO_TERMINAL,SP_SERVER_NAME,PROTOCOL_TYPE,CHANNELS,YT_PROTOCOL_TYPE) values(340404, 4, 34404, '1014403', 'B0000808',1,'1076测试服务器','4',8,'0');
insert into V_VEHICLEINFO (ORG_CODE,VEHICLE_ID,ID_NUMBER,TYPE_ID,TERMINAL_ID,DELETE_FLAG,COLOR_ID_NUMBER_ID,AUTHORIZED_PAY_MASS) values ('B0000808','3400404', '测B14403', 4, 340404, 0, '2',15);

insert into T_SIMINFO (SIM_ID, ORG_CODE, DEPTCODE, STATE,PAY_MODLE, SIM_NUM) values(34405, 'B0000808', '中国移动', 1, '预付费', 13100014404);
insert into T_TERMINALINFO (TERMINAL_ID,TTYPE_ID,SIM_ID,TERMINAL_CODE,ORG_CODE,IS_VIDEO_TERMINAL,SP_SERVER_NAME,PROTOCOL_TYPE,CHANNELS,YT_PROTOCOL_TYPE) values(340405, 4, 34405, '1014404', 'B0000808',1,'1076测试服务器','4',8,'0');
insert into V_VEHICLEINFO (ORG_CODE,VEHICLE_ID,ID_NUMBER,TYPE_ID,TERMINAL_ID,DELETE_FLAG,COLOR_ID_NUMBER_ID,AUTHORIZED_PAY_MASS) values ('B0000808','3400405', '测B14404', 4, 340405, 0, '2',15);

insert into T_SIMINFO (SIM_ID, ORG_CODE, DEPTCODE, STATE,PAY_MODLE, SIM_NUM) values(34406, 'B0000808', '中国移动', 1, '预付费', 13100014405);
insert into T_TERMINALINFO (TERMINAL_ID,TTYPE_ID,SIM_ID,TERMINAL_CODE,ORG_CODE,IS_VIDEO_TERMINAL,SP_SERVER_NAME,PROTOCOL_TYPE,CHANNELS,YT_PROTOCOL_TYPE) values(340406, 4, 34406, '1014405', 'B0000808',1,'1076测试服务器','4',8,'0');
insert into V_VEHICLEINFO (ORG_CODE,VEHICLE_ID,ID_NUMBER,TYPE_ID,TERMINAL_ID,DELETE_FLAG,COLOR_ID_NUMBER_ID,AUTHORIZED_PAY_MASS) values ('B0000808','3400406', '测B14405', 4, 340406, 0, '2',15);

insert into T_SIMINFO (SIM_ID, ORG_CODE, DEPTCODE, STATE,PAY_MODLE, SIM_NUM) values(34407, 'B0000808', '中国移动', 1, '预付费', 13100014406);
insert into T_TERMINALINFO (TERMINAL_ID,TTYPE_ID,SIM_ID,TERMINAL_CODE,ORG_CODE,IS_VIDEO_TERMINAL,SP_SERVER_NAME,PROTOCOL_TYPE,CHANNELS,YT_PROTOCOL_TYPE) values(340407, 4, 34407, '1014406', 'B0000808',1,'1076测试服务器','4',8,'0');
insert into V_VEHICLEINFO (ORG_CODE,VEHICLE_ID,ID_NUMBER,TYPE_ID,TERMINAL_ID,DELETE_FLAG,COLOR_ID_NUMBER_ID,AUTHORIZED_PAY_MASS) values ('B0000808','3400407', '测B14406', 4, 340407, 0, '2',15);

insert into T_SIMINFO (SIM_ID, ORG_CODE, DEPTCODE, STATE,PAY_MODLE, SIM_NUM) values(34408, 'B0000808', '中国移动', 1, '预付费', 13100014407);
insert into T_TERMINALINFO (TERMINAL_ID,TTYPE_ID,SIM_ID,TERMINAL_CODE,ORG_CODE,IS_VIDEO_TERMINAL,SP_SERVER_NAME,PROTOCOL_TYPE,CHANNELS,YT_PROTOCOL_TYPE) values(340408, 4, 34408, '1014407', 'B0000808',1,'1076测试服务器','4',8,'0');
insert into V_VEHICLEINFO (ORG_CODE,VEHICLE_ID,ID_NUMBER,TYPE_ID,TERMINAL_ID,DELETE_FLAG,COLOR_ID_NUMBER_ID,AUTHORIZED_PAY_MASS) values ('B0000808','3400408', '测B14407', 4, 340408, 0, '2',15);

insert into T_SIMINFO (SIM_ID, ORG_CODE, DEPTCODE, STATE,PAY_MODLE, SIM_NUM) values(34409, 'B0000808', '中国移动', 1, '预付费', 13100014408);
insert into T_TERMINALINFO (TERMINAL_ID,TTYPE_ID,SIM_ID,TERMINAL_CODE,ORG_CODE,IS_VIDEO_TERMINAL,SP_SERVER_NAME,PROTOCOL_TYPE,CHANNELS,YT_PROTOCOL_TYPE) values(340409, 4, 34409, '1014408', 'B0000808',1,'1076测试服务器','4',8,'0');
insert into V_VEHICLEINFO (ORG_CODE,VEHICLE_ID,ID_NUMBER,TYPE_ID,TERMINAL_ID,DELETE_FLAG,COLOR_ID_NUMBER_ID,AUTHORIZED_PAY_MASS) values ('B0000808','3400409', '测B14408', 4, 340409, 0, '2',15);

insert into T_SIMINFO (SIM_ID, ORG_CODE, DEPTCODE, STATE,PAY_MODLE, SIM_NUM) values(34410, 'B0000808', '中国移动', 1, '预付费', 13100014409);
insert into T_TERMINALINFO (TERMINAL_ID,TTYPE_ID,SIM_ID,TERMINAL_CODE,ORG_CODE,IS_VIDEO_TERMINAL,SP_SERVER_NAME,PROTOCOL_TYPE,CHANNELS,YT_PROTOCOL_TYPE) values(340410, 4, 34410, '1014409', 'B0000808',1,'1076测试服务器','4',8,'0');
insert into V_VEHICLEINFO (ORG_CODE,VEHICLE_ID,ID_NUMBER,TYPE_ID,TERMINAL_ID,DELETE_FLAG,COLOR_ID_NUMBER_ID,AUTHORIZED_PAY_MASS) values ('B0000808','3400410', '测B14409', 4, 340410, 0, '2',15);

insert into T_SIMINFO (SIM_ID, ORG_CODE, DEPTCODE, STATE,PAY_MODLE, SIM_NUM) values(34411, 'B0000808', '中国移动', 1, '预付费', 13100014410);
insert into T_TERMINALINFO (TERMINAL_ID,TTYPE_ID,SIM_ID,TERMINAL_CODE,ORG_CODE,IS_VIDEO_TERMINAL,SP_SERVER_NAME,PROTOCOL_TYPE,CHANNELS,YT_PROTOCOL_TYPE) values(340411, 4, 34411, '1014410', 'B0000808',1,'1076测试服务器','4',8,'0');
insert into V_VEHICLEINFO (ORG_CODE,VEHICLE_ID,ID_NUMBER,TYPE_ID,TERMINAL_ID,DELETE_FLAG,COLOR_ID_NUMBER_ID,AUTHORIZED_PAY_MASS) values ('B0000808','3400411', '测B14410', 4, 340411, 0, '2',15);

insert into T_SIMINFO (SIM_ID, ORG_CODE, DEPTCODE, STATE,PAY_MODLE, SIM_NUM) values(34412, 'B0000808', '中国移动', 1, '预付费', 13100014411);
insert into T_TERMINALINFO (TERMINAL_ID,TTYPE_ID,SIM_ID,TERMINAL_CODE,ORG_CODE,IS_VIDEO_TERMINAL,SP_SERVER_NAME,PROTOCOL_TYPE,CHANNELS,YT_PROTOCOL_TYPE) values(340412, 4, 34412, '1014411', 'B0000808',1,'1076测试服务器','4',8,'0');
insert into V_VEHICLEINFO (ORG_CODE,VEHICLE_ID,ID_NUMBER,TYPE_ID,TERMINAL_ID,DELETE_FLAG,COLOR_ID_NUMBER_ID,AUTHORIZED_PAY_MASS) values ('B0000808','3400412', '测B14411', 4, 340412, 0, '2',15);

insert into T_SIMINFO (SIM_ID, ORG_CODE, DEPTCODE, STATE,PAY_MODLE, SIM_NUM) values(34413, 'B0000808', '中国移动', 1, '预付费', 13100014412);
insert into T_TERMINALINFO (TERMINAL_ID,TTYPE_ID,SIM_ID,TERMINAL_CODE,ORG_CODE,IS_VIDEO_TERMINAL,SP_SERVER_NAME,PROTOCOL_TYPE,CHANNELS,YT_PROTOCOL_TYPE) values(340413, 4, 34413, '1014412', 'B0000808',1,'1076测试服务器','4',8,'0');
insert into V_VEHICLEINFO (ORG_CODE,VEHICLE_ID,ID_NUMBER,TYPE_ID,TERMINAL_ID,DELETE_FLAG,COLOR_ID_NUMBER_ID,AUTHORIZED_PAY_MASS) values ('B0000808','3400413', '测B14412', 4, 340413, 0, '2',15);

insert into T_SIMINFO (SIM_ID, ORG_CODE, DEPTCODE, STATE,PAY_MODLE, SIM_NUM) values(34414, 'B0000808', '中国移动', 1, '预付费', 13100014413);
insert into T_TERMINALINFO (TERMINAL_ID,TTYPE_ID,SIM_ID,TERMINAL_CODE,ORG_CODE,IS_VIDEO_TERMINAL,SP_SERVER_NAME,PROTOCOL_TYPE,CHANNELS,YT_PROTOCOL_TYPE) values(340414, 4, 34414, '1014413', 'B0000808',1,'1076测试服务器','4',8,'0');
insert into V_VEHICLEINFO (ORG_CODE,VEHICLE_ID,ID_NUMBER,TYPE_ID,TERMINAL_ID,DELETE_FLAG,COLOR_ID_NUMBER_ID,AUTHORIZED_PAY_MASS) values ('B0000808','3400414', '测B14413', 4, 340414, 0, '2',15);

insert into T_SIMINFO (SIM_ID, ORG_CODE, DEPTCODE, STATE,PAY_MODLE, SIM_NUM) values(34415, 'B0000808', '中国移动', 1, '预付费', 13100014414);
insert into T_TERMINALINFO (TERMINAL_ID,TTYPE_ID,SIM_ID,TERMINAL_CODE,ORG_CODE,IS_VIDEO_TERMINAL,SP_SERVER_NAME,PROTOCOL_TYPE,CHANNELS,YT_PROTOCOL_TYPE) values(340415, 4, 34415, '1014414', 'B0000808',1,'1076测试服务器','4',8,'0');
insert into V_VEHICLEINFO (ORG_CODE,VEHICLE_ID,ID_NUMBER,TYPE_ID,TERMINAL_ID,DELETE_FLAG,COLOR_ID_NUMBER_ID,AUTHORIZED_PAY_MASS) values ('B0000808','3400415', '测B14414', 4, 340415, 0, '2',15);

insert into T_SIMINFO (SIM_ID, ORG_CODE, DEPTCODE, STATE,PAY_MODLE, SIM_NUM) values(34416, 'B0000808', '中国移动', 1, '预付费', 13100014415);
insert into T_TERMINALINFO (TERMINAL_ID,TTYPE_ID,SIM_ID,TERMINAL_CODE,ORG_CODE,IS_VIDEO_TERMINAL,SP_SERVER_NAME,PROTOCOL_TYPE,CHANNELS,YT_PROTOCOL_TYPE) values(340416, 4, 34416, '1014415', 'B0000808',1,'1076测试服务器','4',8,'0');
insert into V_VEHICLEINFO (ORG_CODE,VEHICLE_ID,ID_NUMBER,TYPE_ID,TERMINAL_ID,DELETE_FLAG,COLOR_ID_NUMBER_ID,AUTHORIZED_PAY_MASS) values ('B0000808','3400416', '测B14415', 4, 340416, 0, '2',15);

insert into T_SIMINFO (SIM_ID, ORG_CODE, DEPTCODE, STATE,PAY_MODLE, SIM_NUM) values(34417, 'B0000808', '中国移动', 1, '预付费', 13100014416);
insert into T_TERMINALINFO (TERMINAL_ID,TTYPE_ID,SIM_ID,TERMINAL_CODE,ORG_CODE,IS_VIDEO_TERMINAL,SP_SERVER_NAME,PROTOCOL_TYPE,CHANNELS,YT_PROTOCOL_TYPE) values(340417, 4, 34417, '1014416', 'B0000808',1,'1076测试服务器','4',8,'0');
insert into V_VEHICLEINFO (ORG_CODE,VEHICLE_ID,ID_NUMBER,TYPE_ID,TERMINAL_ID,DELETE_FLAG,COLOR_ID_NUMBER_ID,AUTHORIZED_PAY_MASS) values ('B0000808','3400417', '测B14416', 4, 340417, 0, '2',15);

insert into T_SIMINFO (SIM_ID, ORG_CODE, DEPTCODE, STATE,PAY_MODLE, SIM_NUM) values(34418, 'B0000808', '中国移动', 1, '预付费', 13100014417);
insert into T_TERMINALINFO (TERMINAL_ID,TTYPE_ID,SIM_ID,TERMINAL_CODE,ORG_CODE,IS_VIDEO_TERMINAL,SP_SERVER_NAME,PROTOCOL_TYPE,CHANNELS,YT_PROTOCOL_TYPE) values(340418, 4, 34418, '1014417', 'B0000808',1,'1076测试服务器','4',8,'0');
insert into V_VEHICLEINFO (ORG_CODE,VEHICLE_ID,ID_NUMBER,TYPE_ID,TERMINAL_ID,DELETE_FLAG,COLOR_ID_NUMBER_ID,AUTHORIZED_PAY_MASS) values ('B0000808','3400418', '测B14417', 4, 340418, 0, '2',15);

insert into T_SIMINFO (SIM_ID, ORG_CODE, DEPTCODE, STATE,PAY_MODLE, SIM_NUM) values(34419, 'B0000808', '中国移动', 1, '预付费', 13100014418);
insert into T_TERMINALINFO (TERMINAL_ID,TTYPE_ID,SIM_ID,TERMINAL_CODE,ORG_CODE,IS_VIDEO_TERMINAL,SP_SERVER_NAME,PROTOCOL_TYPE,CHANNELS,YT_PROTOCOL_TYPE) values(340419, 4, 34419, '1014418', 'B0000808',1,'1076测试服务器','4',8,'0');
insert into V_VEHICLEINFO (ORG_CODE,VEHICLE_ID,ID_NUMBER,TYPE_ID,TERMINAL_ID,DELETE_FLAG,COLOR_ID_NUMBER_ID,AUTHORIZED_PAY_MASS) values ('B0000808','3400419', '测B14418', 4, 340419, 0, '2',15);

insert into T_SIMINFO (SIM_ID, ORG_CODE, DEPTCODE, STATE,PAY_MODLE, SIM_NUM) values(34420, 'B0000808', '中国移动', 1, '预付费', 13100014419);
insert into T_TERMINALINFO (TERMINAL_ID,TTYPE_ID,SIM_ID,TERMINAL_CODE,ORG_CODE,IS_VIDEO_TERMINAL,SP_SERVER_NAME,PROTOCOL_TYPE,CHANNELS,YT_PROTOCOL_TYPE) values(340420, 4, 34420, '1014419', 'B0000808',1,'1076测试服务器','4',8,'0');
insert into V_VEHICLEINFO (ORG_CODE,VEHICLE_ID,ID_NUMBER,TYPE_ID,TERMINAL_ID,DELETE_FLAG,COLOR_ID_NUMBER_ID,AUTHORIZED_PAY_MASS) values ('B0000808','3400420', '测B14419', 4, 340420, 0, '2',15);

insert into T_SIMINFO (SIM_ID, ORG_CODE, DEPTCODE, STATE,PAY_MODLE, SIM_NUM) values(34421, 'B0000808', '中国移动', 1, '预付费', 13100014420);
insert into T_TERMINALINFO (TERMINAL_ID,TTYPE_ID,SIM_ID,TERMINAL_CODE,ORG_CODE,IS_VIDEO_TERMINAL,SP_SERVER_NAME,PROTOCOL_TYPE,CHANNELS,YT_PROTOCOL_TYPE) values(340421, 4, 34421, '1014420', 'B0000808',1,'1076测试服务器','4',8,'0');
insert into V_VEHICLEINFO (ORG_CODE,VEHICLE_ID,ID_NUMBER,TYPE_ID,TERMINAL_ID,DELETE_FLAG,COLOR_ID_NUMBER_ID,AUTHORIZED_PAY_MASS) values ('B0000808','3400421', '测B14420', 4, 340421, 0, '2',15);

insert into T_SIMINFO (SIM_ID, ORG_CODE, DEPTCODE, STATE,PAY_MODLE, SIM_NUM) values(34422, 'B0000808', '中国移动', 1, '预付费', 13100014421);
insert into T_TERMINALINFO (TERMINAL_ID,TTYPE_ID,SIM_ID,TERMINAL_CODE,ORG_CODE,IS_VIDEO_TERMINAL,SP_SERVER_NAME,PROTOCOL_TYPE,CHANNELS,YT_PROTOCOL_TYPE) values(340422, 4, 34422, '1014421', 'B0000808',1,'1076测试服务器','4',8,'0');
insert into V_VEHICLEINFO (ORG_CODE,VEHICLE_ID,ID_NUMBER,TYPE_ID,TERMINAL_ID,DELETE_FLAG,COLOR_ID_NUMBER_ID,AUTHORIZED_PAY_MASS) values ('B0000808','3400422', '测B14421', 4, 340422, 0, '2',15);

insert into T_SIMINFO (SIM_ID, ORG_CODE, DEPTCODE, STATE,PAY_MODLE, SIM_NUM) values(34423, 'B0000808', '中国移动', 1, '预付费', 13100014422);
insert into T_TERMINALINFO (TERMINAL_ID,TTYPE_ID,SIM_ID,TERMINAL_CODE,ORG_CODE,IS_VIDEO_TERMINAL,SP_SERVER_NAME,PROTOCOL_TYPE,CHANNELS,YT_PROTOCOL_TYPE) values(340423, 4, 34423, '1014422', 'B0000808',1,'1076测试服务器','4',8,'0');
insert into V_VEHICLEINFO (ORG_CODE,VEHICLE_ID,ID_NUMBER,TYPE_ID,TERMINAL_ID,DELETE_FLAG,COLOR_ID_NUMBER_ID,AUTHORIZED_PAY_MASS) values ('B0000808','3400423', '测B14422', 4, 340423, 0, '2',15);

insert into T_SIMINFO (SIM_ID, ORG_CODE, DEPTCODE, STATE,PAY_MODLE, SIM_NUM) values(34424, 'B0000808', '中国移动', 1, '预付费', 13100014423);
insert into T_TERMINALINFO (TERMINAL_ID,TTYPE_ID,SIM_ID,TERMINAL_CODE,ORG_CODE,IS_VIDEO_TERMINAL,SP_SERVER_NAME,PROTOCOL_TYPE,CHANNELS,YT_PROTOCOL_TYPE) values(340424, 4, 34424, '1014423', 'B0000808',1,'1076测试服务器','4',8,'0');
insert into V_VEHICLEINFO (ORG_CODE,VEHICLE_ID,ID_NUMBER,TYPE_ID,TERMINAL_ID,DELETE_FLAG,COLOR_ID_NUMBER_ID,AUTHORIZED_PAY_MASS) values ('B0000808','3400424', '测B14423', 4, 340424, 0, '2',15);

insert into T_SIMINFO (SIM_ID, ORG_CODE, DEPTCODE, STATE,PAY_MODLE, SIM_NUM) values(34425, 'B0000808', '中国移动', 1, '预付费', 13100014424);
insert into T_TERMINALINFO (TERMINAL_ID,TTYPE_ID,SIM_ID,TERMINAL_CODE,ORG_CODE,IS_VIDEO_TERMINAL,SP_SERVER_NAME,PROTOCOL_TYPE,CHANNELS,YT_PROTOCOL_TYPE) values(340425, 4, 34425, '1014424', 'B0000808',1,'1076测试服务器','4',8,'0');
insert into V_VEHICLEINFO (ORG_CODE,VEHICLE_ID,ID_NUMBER,TYPE_ID,TERMINAL_ID,DELETE_FLAG,COLOR_ID_NUMBER_ID,AUTHORIZED_PAY_MASS) values ('B0000808','3400425', '测B14424', 4, 340425, 0, '2',15);

insert into T_SIMINFO (SIM_ID, ORG_CODE, DEPTCODE, STATE,PAY_MODLE, SIM_NUM) values(34426, 'B0000808', '中国移动', 1, '预付费', 13100014425);
insert into T_TERMINALINFO (TERMINAL_ID,TTYPE_ID,SIM_ID,TERMINAL_CODE,ORG_CODE,IS_VIDEO_TERMINAL,SP_SERVER_NAME,PROTOCOL_TYPE,CHANNELS,YT_PROTOCOL_TYPE) values(340426, 4, 34426, '1014425', 'B0000808',1,'1076测试服务器','4',8,'0');
insert into V_VEHICLEINFO (ORG_CODE,VEHICLE_ID,ID_NUMBER,TYPE_ID,TERMINAL_ID,DELETE_FLAG,COLOR_ID_NUMBER_ID,AUTHORIZED_PAY_MASS) values ('B0000808','3400426', '测B14425', 4, 340426, 0, '2',15);

insert into T_SIMINFO (SIM_ID, ORG_CODE, DEPTCODE, STATE,PAY_MODLE, SIM_NUM) values(34427, 'B0000808', '中国移动', 1, '预付费', 13100014426);
insert into T_TERMINALINFO (TERMINAL_ID,TTYPE_ID,SIM_ID,TERMINAL_CODE,ORG_CODE,IS_VIDEO_TERMINAL,SP_SERVER_NAME,PROTOCOL_TYPE,CHANNELS,YT_PROTOCOL_TYPE) values(340427, 4, 34427, '1014426', 'B0000808',1,'1076测试服务器','4',8,'0');
insert into V_VEHICLEINFO (ORG_CODE,VEHICLE_ID,ID_NUMBER,TYPE_ID,TERMINAL_ID,DELETE_FLAG,COLOR_ID_NUMBER_ID,AUTHORIZED_PAY_MASS) values ('B0000808','3400427', '测B14426', 4, 340427, 0, '2',15);

insert into T_SIMINFO (SIM_ID, ORG_CODE, DEPTCODE, STATE,PAY_MODLE, SIM_NUM) values(34428, 'B0000808', '中国移动', 1, '预付费', 13100014427);
insert into T_TERMINALINFO (TERMINAL_ID,TTYPE_ID,SIM_ID,TERMINAL_CODE,ORG_CODE,IS_VIDEO_TERMINAL,SP_SERVER_NAME,PROTOCOL_TYPE,CHANNELS,YT_PROTOCOL_TYPE) values(340428, 4, 34428, '1014427', 'B0000808',1,'1076测试服务器','4',8,'0');
insert into V_VEHICLEINFO (ORG_CODE,VEHICLE_ID,ID_NUMBER,TYPE_ID,TERMINAL_ID,DELETE_FLAG,COLOR_ID_NUMBER_ID,AUTHORIZED_PAY_MASS) values ('B0000808','3400428', '测B14427', 4, 340428, 0, '2',15);

insert into T_SIMINFO (SIM_ID, ORG_CODE, DEPTCODE, STATE,PAY_MODLE, SIM_NUM) values(34429, 'B0000808', '中国移动', 1, '预付费', 13100014428);
insert into T_TERMINALINFO (TERMINAL_ID,TTYPE_ID,SIM_ID,TERMINAL_CODE,ORG_CODE,IS_VIDEO_TERMINAL,SP_SERVER_NAME,PROTOCOL_TYPE,CHANNELS,YT_PROTOCOL_TYPE) values(340429, 4, 34429, '1014428', 'B0000808',1,'1076测试服务器','4',8,'0');
insert into V_VEHICLEINFO (ORG_CODE,VEHICLE_ID,ID_NUMBER,TYPE_ID,TERMINAL_ID,DELETE_FLAG,COLOR_ID_NUMBER_ID,AUTHORIZED_PAY_MASS) values ('B0000808','3400429', '测B14428', 4, 340429, 0, '2',15);

insert into T_SIMINFO (SIM_ID, ORG_CODE, DEPTCODE, STATE,PAY_MODLE, SIM_NUM) values(34430, 'B0000808', '中国移动', 1, '预付费', 13100014429);
insert into T_TERMINALINFO (TERMINAL_ID,TTYPE_ID,SIM_ID,TERMINAL_CODE,ORG_CODE,IS_VIDEO_TERMINAL,SP_SERVER_NAME,PROTOCOL_TYPE,CHANNELS,YT_PROTOCOL_TYPE) values(340430, 4, 34430, '1014429', 'B0000808',1,'1076测试服务器','4',8,'0');
insert into V_VEHICLEINFO (ORG_CODE,VEHICLE_ID,ID_NUMBER,TYPE_ID,TERMINAL_ID,DELETE_FLAG,COLOR_ID_NUMBER_ID,AUTHORIZED_PAY_MASS) values ('B0000808','3400430', '测B14429', 4, 340430, 0, '2',15);

insert into T_SIMINFO (SIM_ID, ORG_CODE, DEPTCODE, STATE,PAY_MODLE, SIM_NUM) values(34431, 'B0000808', '中国移动', 1, '预付费', 13100014430);
insert into T_TERMINALINFO (TERMINAL_ID,TTYPE_ID,SIM_ID,TERMINAL_CODE,ORG_CODE,IS_VIDEO_TERMINAL,SP_SERVER_NAME,PROTOCOL_TYPE,CHANNELS,YT_PROTOCOL_TYPE) values(340431, 4, 34431, '1014430', 'B0000808',1,'1076测试服务器','4',8,'0');
insert into V_VEHICLEINFO (ORG_CODE,VEHICLE_ID,ID_NUMBER,TYPE_ID,TERMINAL_ID,DELETE_FLAG,COLOR_ID_NUMBER_ID,AUTHORIZED_PAY_MASS) values ('B0000808','3400431', '测B14430', 4, 340431, 0, '2',15);

insert into T_SIMINFO (SIM_ID, ORG_CODE, DEPTCODE, STATE,PAY_MODLE, SIM_NUM) values(34432, 'B0000808', '中国移动', 1, '预付费', 13100014431);
insert into T_TERMINALINFO (TERMINAL_ID,TTYPE_ID,SIM_ID,TERMINAL_CODE,ORG_CODE,IS_VIDEO_TERMINAL,SP_SERVER_NAME,PROTOCOL_TYPE,CHANNELS,YT_PROTOCOL_TYPE) values(340432, 4, 34432, '1014431', 'B0000808',1,'1076测试服务器','4',8,'0');
insert into V_VEHICLEINFO (ORG_CODE,VEHICLE_ID,ID_NUMBER,TYPE_ID,TERMINAL_ID,DELETE_FLAG,COLOR_ID_NUMBER_ID,AUTHORIZED_PAY_MASS) values ('B0000808','3400432', '测B14431', 4, 340432, 0, '2',15);

insert into T_SIMINFO (SIM_ID, ORG_CODE, DEPTCODE, STATE,PAY_MODLE, SIM_NUM) values(34433, 'B0000808', '中国移动', 1, '预付费', 13100014432);
insert into T_TERMINALINFO (TERMINAL_ID,TTYPE_ID,SIM_ID,TERMINAL_CODE,ORG_CODE,IS_VIDEO_TERMINAL,SP_SERVER_NAME,PROTOCOL_TYPE,CHANNELS,YT_PROTOCOL_TYPE) values(340433, 4, 34433, '1014432', 'B0000808',1,'1076测试服务器','4',8,'0');
insert into V_VEHICLEINFO (ORG_CODE,VEHICLE_ID,ID_NUMBER,TYPE_ID,TERMINAL_ID,DELETE_FLAG,COLOR_ID_NUMBER_ID,AUTHORIZED_PAY_MASS) values ('B0000808','3400433', '测B14432', 4, 340433, 0, '2',15);

insert into T_SIMINFO (SIM_ID, ORG_CODE, DEPTCODE, STATE,PAY_MODLE, SIM_NUM) values(34434, 'B0000808', '中国移动', 1, '预付费', 13100014433);
insert into T_TERMINALINFO (TERMINAL_ID,TTYPE_ID,SIM_ID,TERMINAL_CODE,ORG_CODE,IS_VIDEO_TERMINAL,SP_SERVER_NAME,PROTOCOL_TYPE,CHANNELS,YT_PROTOCOL_TYPE) values(340434, 4, 34434, '1014433', 'B0000808',1,'1076测试服务器','4',8,'0');
insert into V_VEHICLEINFO (ORG_CODE,VEHICLE_ID,ID_NUMBER,TYPE_ID,TERMINAL_ID,DELETE_FLAG,COLOR_ID_NUMBER_ID,AUTHORIZED_PAY_MASS) values ('B0000808','3400434', '测B14433', 4, 340434, 0, '2',15);

insert into T_SIMINFO (SIM_ID, ORG_CODE, DEPTCODE, STATE,PAY_MODLE, SIM_NUM) values(34435, 'B0000808', '中国移动', 1, '预付费', 13100014434);
insert into T_TERMINALINFO (TERMINAL_ID,TTYPE_ID,SIM_ID,TERMINAL_CODE,ORG_CODE,IS_VIDEO_TERMINAL,SP_SERVER_NAME,PROTOCOL_TYPE,CHANNELS,YT_PROTOCOL_TYPE) values(340435, 4, 34435, '1014434', 'B0000808',1,'1076测试服务器','4',8,'0');
insert into V_VEHICLEINFO (ORG_CODE,VEHICLE_ID,ID_NUMBER,TYPE_ID,TERMINAL_ID,DELETE_FLAG,COLOR_ID_NUMBER_ID,AUTHORIZED_PAY_MASS) values ('B0000808','3400435', '测B14434', 4, 340435, 0, '2',15);

insert into T_SIMINFO (SIM_ID, ORG_CODE, DEPTCODE, STATE,PAY_MODLE, SIM_NUM) values(34436, 'B0000808', '中国移动', 1, '预付费', 13100014435);
insert into T_TERMINALINFO (TERMINAL_ID,TTYPE_ID,SIM_ID,TERMINAL_CODE,ORG_CODE,IS_VIDEO_TERMINAL,SP_SERVER_NAME,PROTOCOL_TYPE,CHANNELS,YT_PROTOCOL_TYPE) values(340436, 4, 34436, '1014435', 'B0000808',1,'1076测试服务器','4',8,'0');
insert into V_VEHICLEINFO (ORG_CODE,VEHICLE_ID,ID_NUMBER,TYPE_ID,TERMINAL_ID,DELETE_FLAG,COLOR_ID_NUMBER_ID,AUTHORIZED_PAY_MASS) values ('B0000808','3400436', '测B14435', 4, 340436, 0, '2',15);

insert into T_SIMINFO (SIM_ID, ORG_CODE, DEPTCODE, STATE,PAY_MODLE, SIM_NUM) values(34437, 'B0000808', '中国移动', 1, '预付费', 13100014436);
insert into T_TERMINALINFO (TERMINAL_ID,TTYPE_ID,SIM_ID,TERMINAL_CODE,ORG_CODE,IS_VIDEO_TERMINAL,SP_SERVER_NAME,PROTOCOL_TYPE,CHANNELS,YT_PROTOCOL_TYPE) values(340437, 4, 34437, '1014436', 'B0000808',1,'1076测试服务器','4',8,'0');
insert into V_VEHICLEINFO (ORG_CODE,VEHICLE_ID,ID_NUMBER,TYPE_ID,TERMINAL_ID,DELETE_FLAG,COLOR_ID_NUMBER_ID,AUTHORIZED_PAY_MASS) values ('B0000808','3400437', '测B14436', 4, 340437, 0, '2',15);

insert into T_SIMINFO (SIM_ID, ORG_CODE, DEPTCODE, STATE,PAY_MODLE, SIM_NUM) values(34438, 'B0000808', '中国移动', 1, '预付费', 13100014437);
insert into T_TERMINALINFO (TERMINAL_ID,TTYPE_ID,SIM_ID,TERMINAL_CODE,ORG_CODE,IS_VIDEO_TERMINAL,SP_SERVER_NAME,PROTOCOL_TYPE,CHANNELS,YT_PROTOCOL_TYPE) values(340438, 4, 34438, '1014437', 'B0000808',1,'1076测试服务器','4',8,'0');
insert into V_VEHICLEINFO (ORG_CODE,VEHICLE_ID,ID_NUMBER,TYPE_ID,TERMINAL_ID,DELETE_FLAG,COLOR_ID_NUMBER_ID,AUTHORIZED_PAY_MASS) values ('B0000808','3400438', '测B14437', 4, 340438, 0, '2',15);

insert into T_SIMINFO (SIM_ID, ORG_CODE, DEPTCODE, STATE,PAY_MODLE, SIM_NUM) values(34439, 'B0000808', '中国移动', 1, '预付费', 13100014438);
insert into T_TERMINALINFO (TERMINAL_ID,TTYPE_ID,SIM_ID,TERMINAL_CODE,ORG_CODE,IS_VIDEO_TERMINAL,SP_SERVER_NAME,PROTOCOL_TYPE,CHANNELS,YT_PROTOCOL_TYPE) values(340439, 4, 34439, '1014438', 'B0000808',1,'1076测试服务器','4',8,'0');
insert into V_VEHICLEINFO (ORG_CODE,VEHICLE_ID,ID_NUMBER,TYPE_ID,TERMINAL_ID,DELETE_FLAG,COLOR_ID_NUMBER_ID,AUTHORIZED_PAY_MASS) values ('B0000808','3400439', '测B14438', 4, 340439, 0, '2',15);

insert into T_SIMINFO (SIM_ID, ORG_CODE, DEPTCODE, STATE,PAY_MODLE, SIM_NUM) values(34440, 'B0000808', '中国移动', 1, '预付费', 13100014439);
insert into T_TERMINALINFO (TERMINAL_ID,TTYPE_ID,SIM_ID,TERMINAL_CODE,ORG_CODE,IS_VIDEO_TERMINAL,SP_SERVER_NAME,PROTOCOL_TYPE,CHANNELS,YT_PROTOCOL_TYPE) values(340440, 4, 34440, '1014439', 'B0000808',1,'1076测试服务器','4',8,'0');
insert into V_VEHICLEINFO (ORG_CODE,VEHICLE_ID,ID_NUMBER,TYPE_ID,TERMINAL_ID,DELETE_FLAG,COLOR_ID_NUMBER_ID,AUTHORIZED_PAY_MASS) values ('B0000808','3400440', '测B14439', 4, 340440, 0, '2',15);

insert into T_SIMINFO (SIM_ID, ORG_CODE, DEPTCODE, STATE,PAY_MODLE, SIM_NUM) values(34441, 'B0000808', '中国移动', 1, '预付费', 13100014440);
insert into T_TERMINALINFO (TERMINAL_ID,TTYPE_ID,SIM_ID,TERMINAL_CODE,ORG_CODE,IS_VIDEO_TERMINAL,SP_SERVER_NAME,PROTOCOL_TYPE,CHANNELS,YT_PROTOCOL_TYPE) values(340441, 4, 34441, '1014440', 'B0000808',1,'1076测试服务器','4',8,'0');
insert into V_VEHICLEINFO (ORG_CODE,VEHICLE_ID,ID_NUMBER,TYPE_ID,TERMINAL_ID,DELETE_FLAG,COLOR_ID_NUMBER_ID,AUTHORIZED_PAY_MASS) values ('B0000808','3400441', '测B14440', 4, 340441, 0, '2',15);

insert into T_SIMINFO (SIM_ID, ORG_CODE, DEPTCODE, STATE,PAY_MODLE, SIM_NUM) values(34442, 'B0000808', '中国移动', 1, '预付费', 13100014441);
insert into T_TERMINALINFO (TERMINAL_ID,TTYPE_ID,SIM_ID,TERMINAL_CODE,ORG_CODE,IS_VIDEO_TERMINAL,SP_SERVER_NAME,PROTOCOL_TYPE,CHANNELS,YT_PROTOCOL_TYPE) values(340442, 4, 34442, '1014441', 'B0000808',1,'1076测试服务器','4',8,'0');
insert into V_VEHICLEINFO (ORG_CODE,VEHICLE_ID,ID_NUMBER,TYPE_ID,TERMINAL_ID,DELETE_FLAG,COLOR_ID_NUMBER_ID,AUTHORIZED_PAY_MASS) values ('B0000808','3400442', '测B14441', 4, 340442, 0, '2',15);

insert into T_SIMINFO (SIM_ID, ORG_CODE, DEPTCODE, STATE,PAY_MODLE, SIM_NUM) values(34443, 'B0000808', '中国移动', 1, '预付费', 13100014442);
insert into T_TERMINALINFO (TERMINAL_ID,TTYPE_ID,SIM_ID,TERMINAL_CODE,ORG_CODE,IS_VIDEO_TERMINAL,SP_SERVER_NAME,PROTOCOL_TYPE,CHANNELS,YT_PROTOCOL_TYPE) values(340443, 4, 34443, '1014442', 'B0000808',1,'1076测试服务器','4',8,'0');
insert into V_VEHICLEINFO (ORG_CODE,VEHICLE_ID,ID_NUMBER,TYPE_ID,TERMINAL_ID,DELETE_FLAG,COLOR_ID_NUMBER_ID,AUTHORIZED_PAY_MASS) values ('B0000808','3400443', '测B14442', 4, 340443, 0, '2',15);

insert into T_SIMINFO (SIM_ID, ORG_CODE, DEPTCODE, STATE,PAY_MODLE, SIM_NUM) values(34444, 'B0000808', '中国移动', 1, '预付费', 13100014443);
insert into T_TERMINALINFO (TERMINAL_ID,TTYPE_ID,SIM_ID,TERMINAL_CODE,ORG_CODE,IS_VIDEO_TERMINAL,SP_SERVER_NAME,PROTOCOL_TYPE,CHANNELS,YT_PROTOCOL_TYPE) values(340444, 4, 34444, '1014443', 'B0000808',1,'1076测试服务器','4',8,'0');
insert into V_VEHICLEINFO (ORG_CODE,VEHICLE_ID,ID_NUMBER,TYPE_ID,TERMINAL_ID,DELETE_FLAG,COLOR_ID_NUMBER_ID,AUTHORIZED_PAY_MASS) values ('B0000808','3400444', '测B14443', 4, 340444, 0, '2',15);

insert into T_SIMINFO (SIM_ID, ORG_CODE, DEPTCODE, STATE,PAY_MODLE, SIM_NUM) values(34445, 'B0000808', '中国移动', 1, '预付费', 13100014444);
insert into T_TERMINALINFO (TERMINAL_ID,TTYPE_ID,SIM_ID,TERMINAL_CODE,ORG_CODE,IS_VIDEO_TERMINAL,SP_SERVER_NAME,PROTOCOL_TYPE,CHANNELS,YT_PROTOCOL_TYPE) values(340445, 4, 34445, '1014444', 'B0000808',1,'1076测试服务器','4',8,'0');
insert into V_VEHICLEINFO (ORG_CODE,VEHICLE_ID,ID_NUMBER,TYPE_ID,TERMINAL_ID,DELETE_FLAG,COLOR_ID_NUMBER_ID,AUTHORIZED_PAY_MASS) values ('B0000808','3400445', '测B14444', 4, 340445, 0, '2',15);

insert into T_SIMINFO (SIM_ID, ORG_CODE, DEPTCODE, STATE,PAY_MODLE, SIM_NUM) values(34446, 'B0000808', '中国移动', 1, '预付费', 13100014445);
insert into T_TERMINALINFO (TERMINAL_ID,TTYPE_ID,SIM_ID,TERMINAL_CODE,ORG_CODE,IS_VIDEO_TERMINAL,SP_SERVER_NAME,PROTOCOL_TYPE,CHANNELS,YT_PROTOCOL_TYPE) values(340446, 4, 34446, '1014445', 'B0000808',1,'1076测试服务器','4',8,'0');
insert into V_VEHICLEINFO (ORG_CODE,VEHICLE_ID,ID_NUMBER,TYPE_ID,TERMINAL_ID,DELETE_FLAG,COLOR_ID_NUMBER_ID,AUTHORIZED_PAY_MASS) values ('B0000808','3400446', '测B14445', 4, 340446, 0, '2',15);

insert into T_SIMINFO (SIM_ID, ORG_CODE, DEPTCODE, STATE,PAY_MODLE, SIM_NUM) values(34447, 'B0000808', '中国移动', 1, '预付费', 13100014446);
insert into T_TERMINALINFO (TERMINAL_ID,TTYPE_ID,SIM_ID,TERMINAL_CODE,ORG_CODE,IS_VIDEO_TERMINAL,SP_SERVER_NAME,PROTOCOL_TYPE,CHANNELS,YT_PROTOCOL_TYPE) values(340447, 4, 34447, '1014446', 'B0000808',1,'1076测试服务器','4',8,'0');
insert into V_VEHICLEINFO (ORG_CODE,VEHICLE_ID,ID_NUMBER,TYPE_ID,TERMINAL_ID,DELETE_FLAG,COLOR_ID_NUMBER_ID,AUTHORIZED_PAY_MASS) values ('B0000808','3400447', '测B14446', 4, 340447, 0, '2',15);

insert into T_SIMINFO (SIM_ID, ORG_CODE, DEPTCODE, STATE,PAY_MODLE, SIM_NUM) values(34448, 'B0000808', '中国移动', 1, '预付费', 13100014447);
insert into T_TERMINALINFO (TERMINAL_ID,TTYPE_ID,SIM_ID,TERMINAL_CODE,ORG_CODE,IS_VIDEO_TERMINAL,SP_SERVER_NAME,PROTOCOL_TYPE,CHANNELS,YT_PROTOCOL_TYPE) values(340448, 4, 34448, '1014447', 'B0000808',1,'1076测试服务器','4',8,'0');
insert into V_VEHICLEINFO (ORG_CODE,VEHICLE_ID,ID_NUMBER,TYPE_ID,TERMINAL_ID,DELETE_FLAG,COLOR_ID_NUMBER_ID,AUTHORIZED_PAY_MASS) values ('B0000808','3400448', '测B14447', 4, 340448, 0, '2',15);

insert into T_SIMINFO (SIM_ID, ORG_CODE, DEPTCODE, STATE,PAY_MODLE, SIM_NUM) values(34449, 'B0000808', '中国移动', 1, '预付费', 13100014448);
insert into T_TERMINALINFO (TERMINAL_ID,TTYPE_ID,SIM_ID,TERMINAL_CODE,ORG_CODE,IS_VIDEO_TERMINAL,SP_SERVER_NAME,PROTOCOL_TYPE,CHANNELS,YT_PROTOCOL_TYPE) values(340449, 4, 34449, '1014448', 'B0000808',1,'1076测试服务器','4',8,'0');
insert into V_VEHICLEINFO (ORG_CODE,VEHICLE_ID,ID_NUMBER,TYPE_ID,TERMINAL_ID,DELETE_FLAG,COLOR_ID_NUMBER_ID,AUTHORIZED_PAY_MASS) values ('B0000808','3400449', '测B14448', 4, 340449, 0, '2',15);

insert into T_SIMINFO (SIM_ID, ORG_CODE, DEPTCODE, STATE,PAY_MODLE, SIM_NUM) values(34450, 'B0000808', '中国移动', 1, '预付费', 13100014449);
insert into T_TERMINALINFO (TERMINAL_ID,TTYPE_ID,SIM_ID,TERMINAL_CODE,ORG_CODE,IS_VIDEO_TERMINAL,SP_SERVER_NAME,PROTOCOL_TYPE,CHANNELS,YT_PROTOCOL_TYPE) values(340450, 4, 34450, '1014449', 'B0000808',1,'1076测试服务器','4',8,'0');
insert into V_VEHICLEINFO (ORG_CODE,VEHICLE_ID,ID_NUMBER,TYPE_ID,TERMINAL_ID,DELETE_FLAG,COLOR_ID_NUMBER_ID,AUTHORIZED_PAY_MASS) values ('B0000808','3400450', '测B14449', 4, 340450, 0, '2',15);

insert into T_SIMINFO (SIM_ID, ORG_CODE, DEPTCODE, STATE,PAY_MODLE, SIM_NUM) values(34451, 'B0000808', '中国移动', 1, '预付费', 13100014450);
insert into T_TERMINALINFO (TERMINAL_ID,TTYPE_ID,SIM_ID,TERMINAL_CODE,ORG_CODE,IS_VIDEO_TERMINAL,SP_SERVER_NAME,PROTOCOL_TYPE,CHANNELS,YT_PROTOCOL_TYPE) values(340451, 4, 34451, '1014450', 'B0000808',1,'1076测试服务器','4',8,'0');
insert into V_VEHICLEINFO (ORG_CODE,VEHICLE_ID,ID_NUMBER,TYPE_ID,TERMINAL_ID,DELETE_FLAG,COLOR_ID_NUMBER_ID,AUTHORIZED_PAY_MASS) values ('B0000808','3400451', '测B14450', 4, 340451, 0, '2',15);

insert into T_SIMINFO (SIM_ID, ORG_CODE, DEPTCODE, STATE,PAY_MODLE, SIM_NUM) values(34452, 'B0000808', '中国移动', 1, '预付费', 13100014451);
insert into T_TERMINALINFO (TERMINAL_ID,TTYPE_ID,SIM_ID,TERMINAL_CODE,ORG_CODE,IS_VIDEO_TERMINAL,SP_SERVER_NAME,PROTOCOL_TYPE,CHANNELS,YT_PROTOCOL_TYPE) values(340452, 4, 34452, '1014451', 'B0000808',1,'1076测试服务器','4',8,'0');
insert into V_VEHICLEINFO (ORG_CODE,VEHICLE_ID,ID_NUMBER,TYPE_ID,TERMINAL_ID,DELETE_FLAG,COLOR_ID_NUMBER_ID,AUTHORIZED_PAY_MASS) values ('B0000808','3400452', '测B14451', 4, 340452, 0, '2',15);

insert into T_SIMINFO (SIM_ID, ORG_CODE, DEPTCODE, STATE,PAY_MODLE, SIM_NUM) values(34453, 'B0000808', '中国移动', 1, '预付费', 13100014452);
insert into T_TERMINALINFO (TERMINAL_ID,TTYPE_ID,SIM_ID,TERMINAL_CODE,ORG_CODE,IS_VIDEO_TERMINAL,SP_SERVER_NAME,PROTOCOL_TYPE,CHANNELS,YT_PROTOCOL_TYPE) values(340453, 4, 34453, '1014452', 'B0000808',1,'1076测试服务器','4',8,'0');
insert into V_VEHICLEINFO (ORG_CODE,VEHICLE_ID,ID_NUMBER,TYPE_ID,TERMINAL_ID,DELETE_FLAG,COLOR_ID_NUMBER_ID,AUTHORIZED_PAY_MASS) values ('B0000808','3400453', '测B14452', 4, 340453, 0, '2',15);

insert into T_SIMINFO (SIM_ID, ORG_CODE, DEPTCODE, STATE,PAY_MODLE, SIM_NUM) values(34454, 'B0000808', '中国移动', 1, '预付费', 13100014453);
insert into T_TERMINALINFO (TERMINAL_ID,TTYPE_ID,SIM_ID,TERMINAL_CODE,ORG_CODE,IS_VIDEO_TERMINAL,SP_SERVER_NAME,PROTOCOL_TYPE,CHANNELS,YT_PROTOCOL_TYPE) values(340454, 4, 34454, '1014453', 'B0000808',1,'1076测试服务器','4',8,'0');
insert into V_VEHICLEINFO (ORG_CODE,VEHICLE_ID,ID_NUMBER,TYPE_ID,TERMINAL_ID,DELETE_FLAG,COLOR_ID_NUMBER_ID,AUTHORIZED_PAY_MASS) values ('B0000808','3400454', '测B14453', 4, 340454, 0, '2',15);

insert into T_SIMINFO (SIM_ID, ORG_CODE, DEPTCODE, STATE,PAY_MODLE, SIM_NUM) values(34455, 'B0000808', '中国移动', 1, '预付费', 13100014454);
insert into T_TERMINALINFO (TERMINAL_ID,TTYPE_ID,SIM_ID,TERMINAL_CODE,ORG_CODE,IS_VIDEO_TERMINAL,SP_SERVER_NAME,PROTOCOL_TYPE,CHANNELS,YT_PROTOCOL_TYPE) values(340455, 4, 34455, '1014454', 'B0000808',1,'1076测试服务器','4',8,'0');
insert into V_VEHICLEINFO (ORG_CODE,VEHICLE_ID,ID_NUMBER,TYPE_ID,TERMINAL_ID,DELETE_FLAG,COLOR_ID_NUMBER_ID,AUTHORIZED_PAY_MASS) values ('B0000808','3400455', '测B14454', 4, 340455, 0, '2',15);

insert into T_SIMINFO (SIM_ID, ORG_CODE, DEPTCODE, STATE,PAY_MODLE, SIM_NUM) values(34456, 'B0000808', '中国移动', 1, '预付费', 13100014455);
insert into T_TERMINALINFO (TERMINAL_ID,TTYPE_ID,SIM_ID,TERMINAL_CODE,ORG_CODE,IS_VIDEO_TERMINAL,SP_SERVER_NAME,PROTOCOL_TYPE,CHANNELS,YT_PROTOCOL_TYPE) values(340456, 4, 34456, '1014455', 'B0000808',1,'1076测试服务器','4',8,'0');
insert into V_VEHICLEINFO (ORG_CODE,VEHICLE_ID,ID_NUMBER,TYPE_ID,TERMINAL_ID,DELETE_FLAG,COLOR_ID_NUMBER_ID,AUTHORIZED_PAY_MASS) values ('B0000808','3400456', '测B14455', 4, 340456, 0, '2',15);

insert into T_SIMINFO (SIM_ID, ORG_CODE, DEPTCODE, STATE,PAY_MODLE, SIM_NUM) values(34457, 'B0000808', '中国移动', 1, '预付费', 13100014456);
insert into T_TERMINALINFO (TERMINAL_ID,TTYPE_ID,SIM_ID,TERMINAL_CODE,ORG_CODE,IS_VIDEO_TERMINAL,SP_SERVER_NAME,PROTOCOL_TYPE,CHANNELS,YT_PROTOCOL_TYPE) values(340457, 4, 34457, '1014456', 'B0000808',1,'1076测试服务器','4',8,'0');
insert into V_VEHICLEINFO (ORG_CODE,VEHICLE_ID,ID_NUMBER,TYPE_ID,TERMINAL_ID,DELETE_FLAG,COLOR_ID_NUMBER_ID,AUTHORIZED_PAY_MASS) values ('B0000808','3400457', '测B14456', 4, 340457, 0, '2',15);

insert into T_SIMINFO (SIM_ID, ORG_CODE, DEPTCODE, STATE,PAY_MODLE, SIM_NUM) values(34458, 'B0000808', '中国移动', 1, '预付费', 13100014457);
insert into T_TERMINALINFO (TERMINAL_ID,TTYPE_ID,SIM_ID,TERMINAL_CODE,ORG_CODE,IS_VIDEO_TERMINAL,SP_SERVER_NAME,PROTOCOL_TYPE,CHANNELS,YT_PROTOCOL_TYPE) values(340458, 4, 34458, '1014457', 'B0000808',1,'1076测试服务器','4',8,'0');
insert into V_VEHICLEINFO (ORG_CODE,VEHICLE_ID,ID_NUMBER,TYPE_ID,TERMINAL_ID,DELETE_FLAG,COLOR_ID_NUMBER_ID,AUTHORIZED_PAY_MASS) values ('B0000808','3400458', '测B14457', 4, 340458, 0, '2',15);

insert into T_SIMINFO (SIM_ID, ORG_CODE, DEPTCODE, STATE,PAY_MODLE, SIM_NUM) values(34459, 'B0000808', '中国移动', 1, '预付费', 13100014458);
insert into T_TERMINALINFO (TERMINAL_ID,TTYPE_ID,SIM_ID,TERMINAL_CODE,ORG_CODE,IS_VIDEO_TERMINAL,SP_SERVER_NAME,PROTOCOL_TYPE,CHANNELS,YT_PROTOCOL_TYPE) values(340459, 4, 34459, '1014458', 'B0000808',1,'1076测试服务器','4',8,'0');
insert into V_VEHICLEINFO (ORG_CODE,VEHICLE_ID,ID_NUMBER,TYPE_ID,TERMINAL_ID,DELETE_FLAG,COLOR_ID_NUMBER_ID,AUTHORIZED_PAY_MASS) values ('B0000808','3400459', '测B14458', 4, 340459, 0, '2',15);

insert into T_SIMINFO (SIM_ID, ORG_CODE, DEPTCODE, STATE,PAY_MODLE, SIM_NUM) values(34460, 'B0000808', '中国移动', 1, '预付费', 13100014459);
insert into T_TERMINALINFO (TERMINAL_ID,TTYPE_ID,SIM_ID,TERMINAL_CODE,ORG_CODE,IS_VIDEO_TERMINAL,SP_SERVER_NAME,PROTOCOL_TYPE,CHANNELS,YT_PROTOCOL_TYPE) values(340460, 4, 34460, '1014459', 'B0000808',1,'1076测试服务器','4',8,'0');
insert into V_VEHICLEINFO (ORG_CODE,VEHICLE_ID,ID_NUMBER,TYPE_ID,TERMINAL_ID,DELETE_FLAG,COLOR_ID_NUMBER_ID,AUTHORIZED_PAY_MASS) values ('B0000808','3400460', '测B14459', 4, 340460, 0, '2',15);

insert into T_SIMINFO (SIM_ID, ORG_CODE, DEPTCODE, STATE,PAY_MODLE, SIM_NUM) values(34461, 'B0000808', '中国移动', 1, '预付费', 13100014460);
insert into T_TERMINALINFO (TERMINAL_ID,TTYPE_ID,SIM_ID,TERMINAL_CODE,ORG_CODE,IS_VIDEO_TERMINAL,SP_SERVER_NAME,PROTOCOL_TYPE,CHANNELS,YT_PROTOCOL_TYPE) values(340461, 4, 34461, '1014460', 'B0000808',1,'1076测试服务器','4',8,'0');
insert into V_VEHICLEINFO (ORG_CODE,VEHICLE_ID,ID_NUMBER,TYPE_ID,TERMINAL_ID,DELETE_FLAG,COLOR_ID_NUMBER_ID,AUTHORIZED_PAY_MASS) values ('B0000808','3400461', '测B14460', 4, 340461, 0, '2',15);

insert into T_SIMINFO (SIM_ID, ORG_CODE, DEPTCODE, STATE,PAY_MODLE, SIM_NUM) values(34462, 'B0000808', '中国移动', 1, '预付费', 13100014461);
insert into T_TERMINALINFO (TERMINAL_ID,TTYPE_ID,SIM_ID,TERMINAL_CODE,ORG_CODE,IS_VIDEO_TERMINAL,SP_SERVER_NAME,PROTOCOL_TYPE,CHANNELS,YT_PROTOCOL_TYPE) values(340462, 4, 34462, '1014461', 'B0000808',1,'1076测试服务器','4',8,'0');
insert into V_VEHICLEINFO (ORG_CODE,VEHICLE_ID,ID_NUMBER,TYPE_ID,TERMINAL_ID,DELETE_FLAG,COLOR_ID_NUMBER_ID,AUTHORIZED_PAY_MASS) values ('B0000808','3400462', '测B14461', 4, 340462, 0, '2',15);

insert into T_SIMINFO (SIM_ID, ORG_CODE, DEPTCODE, STATE,PAY_MODLE, SIM_NUM) values(34463, 'B0000808', '中国移动', 1, '预付费', 13100014462);
insert into T_TERMINALINFO (TERMINAL_ID,TTYPE_ID,SIM_ID,TERMINAL_CODE,ORG_CODE,IS_VIDEO_TERMINAL,SP_SERVER_NAME,PROTOCOL_TYPE,CHANNELS,YT_PROTOCOL_TYPE) values(340463, 4, 34463, '1014462', 'B0000808',1,'1076测试服务器','4',8,'0');
insert into V_VEHICLEINFO (ORG_CODE,VEHICLE_ID,ID_NUMBER,TYPE_ID,TERMINAL_ID,DELETE_FLAG,COLOR_ID_NUMBER_ID,AUTHORIZED_PAY_MASS) values ('B0000808','3400463', '测B14462', 4, 340463, 0, '2',15);

insert into T_SIMINFO (SIM_ID, ORG_CODE, DEPTCODE, STATE,PAY_MODLE, SIM_NUM) values(34464, 'B0000808', '中国移动', 1, '预付费', 13100014463);
insert into T_TERMINALINFO (TERMINAL_ID,TTYPE_ID,SIM_ID,TERMINAL_CODE,ORG_CODE,IS_VIDEO_TERMINAL,SP_SERVER_NAME,PROTOCOL_TYPE,CHANNELS,YT_PROTOCOL_TYPE) values(340464, 4, 34464, '1014463', 'B0000808',1,'1076测试服务器','4',8,'0');
insert into V_VEHICLEINFO (ORG_CODE,VEHICLE_ID,ID_NUMBER,TYPE_ID,TERMINAL_ID,DELETE_FLAG,COLOR_ID_NUMBER_ID,AUTHORIZED_PAY_MASS) values ('B0000808','3400464', '测B14463', 4, 340464, 0, '2',15);

insert into T_SIMINFO (SIM_ID, ORG_CODE, DEPTCODE, STATE,PAY_MODLE, SIM_NUM) values(34465, 'B0000808', '中国移动', 1, '预付费', 13100014464);
insert into T_TERMINALINFO (TERMINAL_ID,TTYPE_ID,SIM_ID,TERMINAL_CODE,ORG_CODE,IS_VIDEO_TERMINAL,SP_SERVER_NAME,PROTOCOL_TYPE,CHANNELS,YT_PROTOCOL_TYPE) values(340465, 4, 34465, '1014464', 'B0000808',1,'1076测试服务器','4',8,'0');
insert into V_VEHICLEINFO (ORG_CODE,VEHICLE_ID,ID_NUMBER,TYPE_ID,TERMINAL_ID,DELETE_FLAG,COLOR_ID_NUMBER_ID,AUTHORIZED_PAY_MASS) values ('B0000808','3400465', '测B14464', 4, 340465, 0, '2',15);

insert into T_SIMINFO (SIM_ID, ORG_CODE, DEPTCODE, STATE,PAY_MODLE, SIM_NUM) values(34466, 'B0000808', '中国移动', 1, '预付费', 13100014465);
insert into T_TERMINALINFO (TERMINAL_ID,TTYPE_ID,SIM_ID,TERMINAL_CODE,ORG_CODE,IS_VIDEO_TERMINAL,SP_SERVER_NAME,PROTOCOL_TYPE,CHANNELS,YT_PROTOCOL_TYPE) values(340466, 4, 34466, '1014465', 'B0000808',1,'1076测试服务器','4',8,'0');
insert into V_VEHICLEINFO (ORG_CODE,VEHICLE_ID,ID_NUMBER,TYPE_ID,TERMINAL_ID,DELETE_FLAG,COLOR_ID_NUMBER_ID,AUTHORIZED_PAY_MASS) values ('B0000808','3400466', '测B14465', 4, 340466, 0, '2',15);

insert into T_SIMINFO (SIM_ID, ORG_CODE, DEPTCODE, STATE,PAY_MODLE, SIM_NUM) values(34467, 'B0000808', '中国移动', 1, '预付费', 13100014466);
insert into T_TERMINALINFO (TERMINAL_ID,TTYPE_ID,SIM_ID,TERMINAL_CODE,ORG_CODE,IS_VIDEO_TERMINAL,SP_SERVER_NAME,PROTOCOL_TYPE,CHANNELS,YT_PROTOCOL_TYPE) values(340467, 4, 34467, '1014466', 'B0000808',1,'1076测试服务器','4',8,'0');
insert into V_VEHICLEINFO (ORG_CODE,VEHICLE_ID,ID_NUMBER,TYPE_ID,TERMINAL_ID,DELETE_FLAG,COLOR_ID_NUMBER_ID,AUTHORIZED_PAY_MASS) values ('B0000808','3400467', '测B14466', 4, 340467, 0, '2',15);

insert into T_SIMINFO (SIM_ID, ORG_CODE, DEPTCODE, STATE,PAY_MODLE, SIM_NUM) values(34468, 'B0000808', '中国移动', 1, '预付费', 13100014467);
insert into T_TERMINALINFO (TERMINAL_ID,TTYPE_ID,SIM_ID,TERMINAL_CODE,ORG_CODE,IS_VIDEO_TERMINAL,SP_SERVER_NAME,PROTOCOL_TYPE,CHANNELS,YT_PROTOCOL_TYPE) values(340468, 4, 34468, '1014467', 'B0000808',1,'1076测试服务器','4',8,'0');
insert into V_VEHICLEINFO (ORG_CODE,VEHICLE_ID,ID_NUMBER,TYPE_ID,TERMINAL_ID,DELETE_FLAG,COLOR_ID_NUMBER_ID,AUTHORIZED_PAY_MASS) values ('B0000808','3400468', '测B14467', 4, 340468, 0, '2',15);

insert into T_SIMINFO (SIM_ID, ORG_CODE, DEPTCODE, STATE,PAY_MODLE, SIM_NUM) values(34469, 'B0000808', '中国移动', 1, '预付费', 13100014468);
insert into T_TERMINALINFO (TERMINAL_ID,TTYPE_ID,SIM_ID,TERMINAL_CODE,ORG_CODE,IS_VIDEO_TERMINAL,SP_SERVER_NAME,PROTOCOL_TYPE,CHANNELS,YT_PROTOCOL_TYPE) values(340469, 4, 34469, '1014468', 'B0000808',1,'1076测试服务器','4',8,'0');
insert into V_VEHICLEINFO (ORG_CODE,VEHICLE_ID,ID_NUMBER,TYPE_ID,TERMINAL_ID,DELETE_FLAG,COLOR_ID_NUMBER_ID,AUTHORIZED_PAY_MASS) values ('B0000808','3400469', '测B14468', 4, 340469, 0, '2',15);

insert into T_SIMINFO (SIM_ID, ORG_CODE, DEPTCODE, STATE,PAY_MODLE, SIM_NUM) values(34470, 'B0000808', '中国移动', 1, '预付费', 13100014469);
insert into T_TERMINALINFO (TERMINAL_ID,TTYPE_ID,SIM_ID,TERMINAL_CODE,ORG_CODE,IS_VIDEO_TERMINAL,SP_SERVER_NAME,PROTOCOL_TYPE,CHANNELS,YT_PROTOCOL_TYPE) values(340470, 4, 34470, '1014469', 'B0000808',1,'1076测试服务器','4',8,'0');
insert into V_VEHICLEINFO (ORG_CODE,VEHICLE_ID,ID_NUMBER,TYPE_ID,TERMINAL_ID,DELETE_FLAG,COLOR_ID_NUMBER_ID,AUTHORIZED_PAY_MASS) values ('B0000808','3400470', '测B14469', 4, 340470, 0, '2',15);

insert into T_SIMINFO (SIM_ID, ORG_CODE, DEPTCODE, STATE,PAY_MODLE, SIM_NUM) values(34471, 'B0000808', '中国移动', 1, '预付费', 13100014470);
insert into T_TERMINALINFO (TERMINAL_ID,TTYPE_ID,SIM_ID,TERMINAL_CODE,ORG_CODE,IS_VIDEO_TERMINAL,SP_SERVER_NAME,PROTOCOL_TYPE,CHANNELS,YT_PROTOCOL_TYPE) values(340471, 4, 34471, '1014470', 'B0000808',1,'1076测试服务器','4',8,'0');
insert into V_VEHICLEINFO (ORG_CODE,VEHICLE_ID,ID_NUMBER,TYPE_ID,TERMINAL_ID,DELETE_FLAG,COLOR_ID_NUMBER_ID,AUTHORIZED_PAY_MASS) values ('B0000808','3400471', '测B14470', 4, 340471, 0, '2',15);

insert into T_SIMINFO (SIM_ID, ORG_CODE, DEPTCODE, STATE,PAY_MODLE, SIM_NUM) values(34472, 'B0000808', '中国移动', 1, '预付费', 13100014471);
insert into T_TERMINALINFO (TERMINAL_ID,TTYPE_ID,SIM_ID,TERMINAL_CODE,ORG_CODE,IS_VIDEO_TERMINAL,SP_SERVER_NAME,PROTOCOL_TYPE,CHANNELS,YT_PROTOCOL_TYPE) values(340472, 4, 34472, '1014471', 'B0000808',1,'1076测试服务器','4',8,'0');
insert into V_VEHICLEINFO (ORG_CODE,VEHICLE_ID,ID_NUMBER,TYPE_ID,TERMINAL_ID,DELETE_FLAG,COLOR_ID_NUMBER_ID,AUTHORIZED_PAY_MASS) values ('B0000808','3400472', '测B14471', 4, 340472, 0, '2',15);

insert into T_SIMINFO (SIM_ID, ORG_CODE, DEPTCODE, STATE,PAY_MODLE, SIM_NUM) values(34473, 'B0000808', '中国移动', 1, '预付费', 13100014472);
insert into T_TERMINALINFO (TERMINAL_ID,TTYPE_ID,SIM_ID,TERMINAL_CODE,ORG_CODE,IS_VIDEO_TERMINAL,SP_SERVER_NAME,PROTOCOL_TYPE,CHANNELS,YT_PROTOCOL_TYPE) values(340473, 4, 34473, '1014472', 'B0000808',1,'1076测试服务器','4',8,'0');
insert into V_VEHICLEINFO (ORG_CODE,VEHICLE_ID,ID_NUMBER,TYPE_ID,TERMINAL_ID,DELETE_FLAG,COLOR_ID_NUMBER_ID,AUTHORIZED_PAY_MASS) values ('B0000808','3400473', '测B14472', 4, 340473, 0, '2',15);

insert into T_SIMINFO (SIM_ID, ORG_CODE, DEPTCODE, STATE,PAY_MODLE, SIM_NUM) values(34474, 'B0000808', '中国移动', 1, '预付费', 13100014473);
insert into T_TERMINALINFO (TERMINAL_ID,TTYPE_ID,SIM_ID,TERMINAL_CODE,ORG_CODE,IS_VIDEO_TERMINAL,SP_SERVER_NAME,PROTOCOL_TYPE,CHANNELS,YT_PROTOCOL_TYPE) values(340474, 4, 34474, '1014473', 'B0000808',1,'1076测试服务器','4',8,'0');
insert into V_VEHICLEINFO (ORG_CODE,VEHICLE_ID,ID_NUMBER,TYPE_ID,TERMINAL_ID,DELETE_FLAG,COLOR_ID_NUMBER_ID,AUTHORIZED_PAY_MASS) values ('B0000808','3400474', '测B14473', 4, 340474, 0, '2',15);

insert into T_SIMINFO (SIM_ID, ORG_CODE, DEPTCODE, STATE,PAY_MODLE, SIM_NUM) values(34475, 'B0000808', '中国移动', 1, '预付费', 13100014474);
insert into T_TERMINALINFO (TERMINAL_ID,TTYPE_ID,SIM_ID,TERMINAL_CODE,ORG_CODE,IS_VIDEO_TERMINAL,SP_SERVER_NAME,PROTOCOL_TYPE,CHANNELS,YT_PROTOCOL_TYPE) values(340475, 4, 34475, '1014474', 'B0000808',1,'1076测试服务器','4',8,'0');
insert into V_VEHICLEINFO (ORG_CODE,VEHICLE_ID,ID_NUMBER,TYPE_ID,TERMINAL_ID,DELETE_FLAG,COLOR_ID_NUMBER_ID,AUTHORIZED_PAY_MASS) values ('B0000808','3400475', '测B14474', 4, 340475, 0, '2',15);

insert into T_SIMINFO (SIM_ID, ORG_CODE, DEPTCODE, STATE,PAY_MODLE, SIM_NUM) values(34476, 'B0000808', '中国移动', 1, '预付费', 13100014475);
insert into T_TERMINALINFO (TERMINAL_ID,TTYPE_ID,SIM_ID,TERMINAL_CODE,ORG_CODE,IS_VIDEO_TERMINAL,SP_SERVER_NAME,PROTOCOL_TYPE,CHANNELS,YT_PROTOCOL_TYPE) values(340476, 4, 34476, '1014475', 'B0000808',1,'1076测试服务器','4',8,'0');
insert into V_VEHICLEINFO (ORG_CODE,VEHICLE_ID,ID_NUMBER,TYPE_ID,TERMINAL_ID,DELETE_FLAG,COLOR_ID_NUMBER_ID,AUTHORIZED_PAY_MASS) values ('B0000808','3400476', '测B14475', 4, 340476, 0, '2',15);

insert into T_SIMINFO (SIM_ID, ORG_CODE, DEPTCODE, STATE,PAY_MODLE, SIM_NUM) values(34477, 'B0000808', '中国移动', 1, '预付费', 13100014476);
insert into T_TERMINALINFO (TERMINAL_ID,TTYPE_ID,SIM_ID,TERMINAL_CODE,ORG_CODE,IS_VIDEO_TERMINAL,SP_SERVER_NAME,PROTOCOL_TYPE,CHANNELS,YT_PROTOCOL_TYPE) values(340477, 4, 34477, '1014476', 'B0000808',1,'1076测试服务器','4',8,'0');
insert into V_VEHICLEINFO (ORG_CODE,VEHICLE_ID,ID_NUMBER,TYPE_ID,TERMINAL_ID,DELETE_FLAG,COLOR_ID_NUMBER_ID,AUTHORIZED_PAY_MASS) values ('B0000808','3400477', '测B14476', 4, 340477, 0, '2',15);

insert into T_SIMINFO (SIM_ID, ORG_CODE, DEPTCODE, STATE,PAY_MODLE, SIM_NUM) values(34478, 'B0000808', '中国移动', 1, '预付费', 13100014477);
insert into T_TERMINALINFO (TERMINAL_ID,TTYPE_ID,SIM_ID,TERMINAL_CODE,ORG_CODE,IS_VIDEO_TERMINAL,SP_SERVER_NAME,PROTOCOL_TYPE,CHANNELS,YT_PROTOCOL_TYPE) values(340478, 4, 34478, '1014477', 'B0000808',1,'1076测试服务器','4',8,'0');
insert into V_VEHICLEINFO (ORG_CODE,VEHICLE_ID,ID_NUMBER,TYPE_ID,TERMINAL_ID,DELETE_FLAG,COLOR_ID_NUMBER_ID,AUTHORIZED_PAY_MASS) values ('B0000808','3400478', '测B14477', 4, 340478, 0, '2',15);

insert into T_SIMINFO (SIM_ID, ORG_CODE, DEPTCODE, STATE,PAY_MODLE, SIM_NUM) values(34479, 'B0000808', '中国移动', 1, '预付费', 13100014478);
insert into T_TERMINALINFO (TERMINAL_ID,TTYPE_ID,SIM_ID,TERMINAL_CODE,ORG_CODE,IS_VIDEO_TERMINAL,SP_SERVER_NAME,PROTOCOL_TYPE,CHANNELS,YT_PROTOCOL_TYPE) values(340479, 4, 34479, '1014478', 'B0000808',1,'1076测试服务器','4',8,'0');
insert into V_VEHICLEINFO (ORG_CODE,VEHICLE_ID,ID_NUMBER,TYPE_ID,TERMINAL_ID,DELETE_FLAG,COLOR_ID_NUMBER_ID,AUTHORIZED_PAY_MASS) values ('B0000808','3400479', '测B14478', 4, 340479, 0, '2',15);

insert into T_SIMINFO (SIM_ID, ORG_CODE, DEPTCODE, STATE,PAY_MODLE, SIM_NUM) values(34480, 'B0000808', '中国移动', 1, '预付费', 13100014479);
insert into T_TERMINALINFO (TERMINAL_ID,TTYPE_ID,SIM_ID,TERMINAL_CODE,ORG_CODE,IS_VIDEO_TERMINAL,SP_SERVER_NAME,PROTOCOL_TYPE,CHANNELS,YT_PROTOCOL_TYPE) values(340480, 4, 34480, '1014479', 'B0000808',1,'1076测试服务器','4',8,'0');
insert into V_VEHICLEINFO (ORG_CODE,VEHICLE_ID,ID_NUMBER,TYPE_ID,TERMINAL_ID,DELETE_FLAG,COLOR_ID_NUMBER_ID,AUTHORIZED_PAY_MASS) values ('B0000808','3400480', '测B14479', 4, 340480, 0, '2',15);

insert into T_SIMINFO (SIM_ID, ORG_CODE, DEPTCODE, STATE,PAY_MODLE, SIM_NUM) values(34481, 'B0000808', '中国移动', 1, '预付费', 13100014480);
insert into T_TERMINALINFO (TERMINAL_ID,TTYPE_ID,SIM_ID,TERMINAL_CODE,ORG_CODE,IS_VIDEO_TERMINAL,SP_SERVER_NAME,PROTOCOL_TYPE,CHANNELS,YT_PROTOCOL_TYPE) values(340481, 4, 34481, '1014480', 'B0000808',1,'1076测试服务器','4',8,'0');
insert into V_VEHICLEINFO (ORG_CODE,VEHICLE_ID,ID_NUMBER,TYPE_ID,TERMINAL_ID,DELETE_FLAG,COLOR_ID_NUMBER_ID,AUTHORIZED_PAY_MASS) values ('B0000808','3400481', '测B14480', 4, 340481, 0, '2',15);

insert into T_SIMINFO (SIM_ID, ORG_CODE, DEPTCODE, STATE,PAY_MODLE, SIM_NUM) values(34482, 'B0000808', '中国移动', 1, '预付费', 13100014481);
insert into T_TERMINALINFO (TERMINAL_ID,TTYPE_ID,SIM_ID,TERMINAL_CODE,ORG_CODE,IS_VIDEO_TERMINAL,SP_SERVER_NAME,PROTOCOL_TYPE,CHANNELS,YT_PROTOCOL_TYPE) values(340482, 4, 34482, '1014481', 'B0000808',1,'1076测试服务器','4',8,'0');
insert into V_VEHICLEINFO (ORG_CODE,VEHICLE_ID,ID_NUMBER,TYPE_ID,TERMINAL_ID,DELETE_FLAG,COLOR_ID_NUMBER_ID,AUTHORIZED_PAY_MASS) values ('B0000808','3400482', '测B14481', 4, 340482, 0, '2',15);

insert into T_SIMINFO (SIM_ID, ORG_CODE, DEPTCODE, STATE,PAY_MODLE, SIM_NUM) values(34483, 'B0000808', '中国移动', 1, '预付费', 13100014482);
insert into T_TERMINALINFO (TERMINAL_ID,TTYPE_ID,SIM_ID,TERMINAL_CODE,ORG_CODE,IS_VIDEO_TERMINAL,SP_SERVER_NAME,PROTOCOL_TYPE,CHANNELS,YT_PROTOCOL_TYPE) values(340483, 4, 34483, '1014482', 'B0000808',1,'1076测试服务器','4',8,'0');
insert into V_VEHICLEINFO (ORG_CODE,VEHICLE_ID,ID_NUMBER,TYPE_ID,TERMINAL_ID,DELETE_FLAG,COLOR_ID_NUMBER_ID,AUTHORIZED_PAY_MASS) values ('B0000808','3400483', '测B14482', 4, 340483, 0, '2',15);

insert into T_SIMINFO (SIM_ID, ORG_CODE, DEPTCODE, STATE,PAY_MODLE, SIM_NUM) values(34484, 'B0000808', '中国移动', 1, '预付费', 13100014483);
insert into T_TERMINALINFO (TERMINAL_ID,TTYPE_ID,SIM_ID,TERMINAL_CODE,ORG_CODE,IS_VIDEO_TERMINAL,SP_SERVER_NAME,PROTOCOL_TYPE,CHANNELS,YT_PROTOCOL_TYPE) values(340484, 4, 34484, '1014483', 'B0000808',1,'1076测试服务器','4',8,'0');
insert into V_VEHICLEINFO (ORG_CODE,VEHICLE_ID,ID_NUMBER,TYPE_ID,TERMINAL_ID,DELETE_FLAG,COLOR_ID_NUMBER_ID,AUTHORIZED_PAY_MASS) values ('B0000808','3400484', '测B14483', 4, 340484, 0, '2',15);

insert into T_SIMINFO (SIM_ID, ORG_CODE, DEPTCODE, STATE,PAY_MODLE, SIM_NUM) values(34485, 'B0000808', '中国移动', 1, '预付费', 13100014484);
insert into T_TERMINALINFO (TERMINAL_ID,TTYPE_ID,SIM_ID,TERMINAL_CODE,ORG_CODE,IS_VIDEO_TERMINAL,SP_SERVER_NAME,PROTOCOL_TYPE,CHANNELS,YT_PROTOCOL_TYPE) values(340485, 4, 34485, '1014484', 'B0000808',1,'1076测试服务器','4',8,'0');
insert into V_VEHICLEINFO (ORG_CODE,VEHICLE_ID,ID_NUMBER,TYPE_ID,TERMINAL_ID,DELETE_FLAG,COLOR_ID_NUMBER_ID,AUTHORIZED_PAY_MASS) values ('B0000808','3400485', '测B14484', 4, 340485, 0, '2',15);

insert into T_SIMINFO (SIM_ID, ORG_CODE, DEPTCODE, STATE,PAY_MODLE, SIM_NUM) values(34486, 'B0000808', '中国移动', 1, '预付费', 13100014485);
insert into T_TERMINALINFO (TERMINAL_ID,TTYPE_ID,SIM_ID,TERMINAL_CODE,ORG_CODE,IS_VIDEO_TERMINAL,SP_SERVER_NAME,PROTOCOL_TYPE,CHANNELS,YT_PROTOCOL_TYPE) values(340486, 4, 34486, '1014485', 'B0000808',1,'1076测试服务器','4',8,'0');
insert into V_VEHICLEINFO (ORG_CODE,VEHICLE_ID,ID_NUMBER,TYPE_ID,TERMINAL_ID,DELETE_FLAG,COLOR_ID_NUMBER_ID,AUTHORIZED_PAY_MASS) values ('B0000808','3400486', '测B14485', 4, 340486, 0, '2',15);

insert into T_SIMINFO (SIM_ID, ORG_CODE, DEPTCODE, STATE,PAY_MODLE, SIM_NUM) values(34487, 'B0000808', '中国移动', 1, '预付费', 13100014486);
insert into T_TERMINALINFO (TERMINAL_ID,TTYPE_ID,SIM_ID,TERMINAL_CODE,ORG_CODE,IS_VIDEO_TERMINAL,SP_SERVER_NAME,PROTOCOL_TYPE,CHANNELS,YT_PROTOCOL_TYPE) values(340487, 4, 34487, '1014486', 'B0000808',1,'1076测试服务器','4',8,'0');
insert into V_VEHICLEINFO (ORG_CODE,VEHICLE_ID,ID_NUMBER,TYPE_ID,TERMINAL_ID,DELETE_FLAG,COLOR_ID_NUMBER_ID,AUTHORIZED_PAY_MASS) values ('B0000808','3400487', '测B14486', 4, 340487, 0, '2',15);

insert into T_SIMINFO (SIM_ID, ORG_CODE, DEPTCODE, STATE,PAY_MODLE, SIM_NUM) values(34488, 'B0000808', '中国移动', 1, '预付费', 13100014487);
insert into T_TERMINALINFO (TERMINAL_ID,TTYPE_ID,SIM_ID,TERMINAL_CODE,ORG_CODE,IS_VIDEO_TERMINAL,SP_SERVER_NAME,PROTOCOL_TYPE,CHANNELS,YT_PROTOCOL_TYPE) values(340488, 4, 34488, '1014487', 'B0000808',1,'1076测试服务器','4',8,'0');
insert into V_VEHICLEINFO (ORG_CODE,VEHICLE_ID,ID_NUMBER,TYPE_ID,TERMINAL_ID,DELETE_FLAG,COLOR_ID_NUMBER_ID,AUTHORIZED_PAY_MASS) values ('B0000808','3400488', '测B14487', 4, 340488, 0, '2',15);

insert into T_SIMINFO (SIM_ID, ORG_CODE, DEPTCODE, STATE,PAY_MODLE, SIM_NUM) values(34489, 'B0000808', '中国移动', 1, '预付费', 13100014488);
insert into T_TERMINALINFO (TERMINAL_ID,TTYPE_ID,SIM_ID,TERMINAL_CODE,ORG_CODE,IS_VIDEO_TERMINAL,SP_SERVER_NAME,PROTOCOL_TYPE,CHANNELS,YT_PROTOCOL_TYPE) values(340489, 4, 34489, '1014488', 'B0000808',1,'1076测试服务器','4',8,'0');
insert into V_VEHICLEINFO (ORG_CODE,VEHICLE_ID,ID_NUMBER,TYPE_ID,TERMINAL_ID,DELETE_FLAG,COLOR_ID_NUMBER_ID,AUTHORIZED_PAY_MASS) values ('B0000808','3400489', '测B14488', 4, 340489, 0, '2',15);

insert into T_SIMINFO (SIM_ID, ORG_CODE, DEPTCODE, STATE,PAY_MODLE, SIM_NUM) values(34490, 'B0000808', '中国移动', 1, '预付费', 13100014489);
insert into T_TERMINALINFO (TERMINAL_ID,TTYPE_ID,SIM_ID,TERMINAL_CODE,ORG_CODE,IS_VIDEO_TERMINAL,SP_SERVER_NAME,PROTOCOL_TYPE,CHANNELS,YT_PROTOCOL_TYPE) values(340490, 4, 34490, '1014489', 'B0000808',1,'1076测试服务器','4',8,'0');
insert into V_VEHICLEINFO (ORG_CODE,VEHICLE_ID,ID_NUMBER,TYPE_ID,TERMINAL_ID,DELETE_FLAG,COLOR_ID_NUMBER_ID,AUTHORIZED_PAY_MASS) values ('B0000808','3400490', '测B14489', 4, 340490, 0, '2',15);

insert into T_SIMINFO (SIM_ID, ORG_CODE, DEPTCODE, STATE,PAY_MODLE, SIM_NUM) values(34491, 'B0000808', '中国移动', 1, '预付费', 13100014490);
insert into T_TERMINALINFO (TERMINAL_ID,TTYPE_ID,SIM_ID,TERMINAL_CODE,ORG_CODE,IS_VIDEO_TERMINAL,SP_SERVER_NAME,PROTOCOL_TYPE,CHANNELS,YT_PROTOCOL_TYPE) values(340491, 4, 34491, '1014490', 'B0000808',1,'1076测试服务器','4',8,'0');
insert into V_VEHICLEINFO (ORG_CODE,VEHICLE_ID,ID_NUMBER,TYPE_ID,TERMINAL_ID,DELETE_FLAG,COLOR_ID_NUMBER_ID,AUTHORIZED_PAY_MASS) values ('B0000808','3400491', '测B14490', 4, 340491, 0, '2',15);

insert into T_SIMINFO (SIM_ID, ORG_CODE, DEPTCODE, STATE,PAY_MODLE, SIM_NUM) values(34492, 'B0000808', '中国移动', 1, '预付费', 13100014491);
insert into T_TERMINALINFO (TERMINAL_ID,TTYPE_ID,SIM_ID,TERMINAL_CODE,ORG_CODE,IS_VIDEO_TERMINAL,SP_SERVER_NAME,PROTOCOL_TYPE,CHANNELS,YT_PROTOCOL_TYPE) values(340492, 4, 34492, '1014491', 'B0000808',1,'1076测试服务器','4',8,'0');
insert into V_VEHICLEINFO (ORG_CODE,VEHICLE_ID,ID_NUMBER,TYPE_ID,TERMINAL_ID,DELETE_FLAG,COLOR_ID_NUMBER_ID,AUTHORIZED_PAY_MASS) values ('B0000808','3400492', '测B14491', 4, 340492, 0, '2',15);

insert into T_SIMINFO (SIM_ID, ORG_CODE, DEPTCODE, STATE,PAY_MODLE, SIM_NUM) values(34493, 'B0000808', '中国移动', 1, '预付费', 13100014492);
insert into T_TERMINALINFO (TERMINAL_ID,TTYPE_ID,SIM_ID,TERMINAL_CODE,ORG_CODE,IS_VIDEO_TERMINAL,SP_SERVER_NAME,PROTOCOL_TYPE,CHANNELS,YT_PROTOCOL_TYPE) values(340493, 4, 34493, '1014492', 'B0000808',1,'1076测试服务器','4',8,'0');
insert into V_VEHICLEINFO (ORG_CODE,VEHICLE_ID,ID_NUMBER,TYPE_ID,TERMINAL_ID,DELETE_FLAG,COLOR_ID_NUMBER_ID,AUTHORIZED_PAY_MASS) values ('B0000808','3400493', '测B14492', 4, 340493, 0, '2',15);

insert into T_SIMINFO (SIM_ID, ORG_CODE, DEPTCODE, STATE,PAY_MODLE, SIM_NUM) values(34494, 'B0000808', '中国移动', 1, '预付费', 13100014493);
insert into T_TERMINALINFO (TERMINAL_ID,TTYPE_ID,SIM_ID,TERMINAL_CODE,ORG_CODE,IS_VIDEO_TERMINAL,SP_SERVER_NAME,PROTOCOL_TYPE,CHANNELS,YT_PROTOCOL_TYPE) values(340494, 4, 34494, '1014493', 'B0000808',1,'1076测试服务器','4',8,'0');
insert into V_VEHICLEINFO (ORG_CODE,VEHICLE_ID,ID_NUMBER,TYPE_ID,TERMINAL_ID,DELETE_FLAG,COLOR_ID_NUMBER_ID,AUTHORIZED_PAY_MASS) values ('B0000808','3400494', '测B14493', 4, 340494, 0, '2',15);

insert into T_SIMINFO (SIM_ID, ORG_CODE, DEPTCODE, STATE,PAY_MODLE, SIM_NUM) values(34495, 'B0000808', '中国移动', 1, '预付费', 13100014494);
insert into T_TERMINALINFO (TERMINAL_ID,TTYPE_ID,SIM_ID,TERMINAL_CODE,ORG_CODE,IS_VIDEO_TERMINAL,SP_SERVER_NAME,PROTOCOL_TYPE,CHANNELS,YT_PROTOCOL_TYPE) values(340495, 4, 34495, '1014494', 'B0000808',1,'1076测试服务器','4',8,'0');
insert into V_VEHICLEINFO (ORG_CODE,VEHICLE_ID,ID_NUMBER,TYPE_ID,TERMINAL_ID,DELETE_FLAG,COLOR_ID_NUMBER_ID,AUTHORIZED_PAY_MASS) values ('B0000808','3400495', '测B14494', 4, 340495, 0, '2',15);

insert into T_SIMINFO (SIM_ID, ORG_CODE, DEPTCODE, STATE,PAY_MODLE, SIM_NUM) values(34496, 'B0000808', '中国移动', 1, '预付费', 13100014495);
insert into T_TERMINALINFO (TERMINAL_ID,TTYPE_ID,SIM_ID,TERMINAL_CODE,ORG_CODE,IS_VIDEO_TERMINAL,SP_SERVER_NAME,PROTOCOL_TYPE,CHANNELS,YT_PROTOCOL_TYPE) values(340496, 4, 34496, '1014495', 'B0000808',1,'1076测试服务器','4',8,'0');
insert into V_VEHICLEINFO (ORG_CODE,VEHICLE_ID,ID_NUMBER,TYPE_ID,TERMINAL_ID,DELETE_FLAG,COLOR_ID_NUMBER_ID,AUTHORIZED_PAY_MASS) values ('B0000808','3400496', '测B14495', 4, 340496, 0, '2',15);

insert into T_SIMINFO (SIM_ID, ORG_CODE, DEPTCODE, STATE,PAY_MODLE, SIM_NUM) values(34497, 'B0000808', '中国移动', 1, '预付费', 13100014496);
insert into T_TERMINALINFO (TERMINAL_ID,TTYPE_ID,SIM_ID,TERMINAL_CODE,ORG_CODE,IS_VIDEO_TERMINAL,SP_SERVER_NAME,PROTOCOL_TYPE,CHANNELS,YT_PROTOCOL_TYPE) values(340497, 4, 34497, '1014496', 'B0000808',1,'1076测试服务器','4',8,'0');
insert into V_VEHICLEINFO (ORG_CODE,VEHICLE_ID,ID_NUMBER,TYPE_ID,TERMINAL_ID,DELETE_FLAG,COLOR_ID_NUMBER_ID,AUTHORIZED_PAY_MASS) values ('B0000808','3400497', '测B14496', 4, 340497, 0, '2',15);

insert into T_SIMINFO (SIM_ID, ORG_CODE, DEPTCODE, STATE,PAY_MODLE, SIM_NUM) values(34498, 'B0000808', '中国移动', 1, '预付费', 13100014497);
insert into T_TERMINALINFO (TERMINAL_ID,TTYPE_ID,SIM_ID,TERMINAL_CODE,ORG_CODE,IS_VIDEO_TERMINAL,SP_SERVER_NAME,PROTOCOL_TYPE,CHANNELS,YT_PROTOCOL_TYPE) values(340498, 4, 34498, '1014497', 'B0000808',1,'1076测试服务器','4',8,'0');
insert into V_VEHICLEINFO (ORG_CODE,VEHICLE_ID,ID_NUMBER,TYPE_ID,TERMINAL_ID,DELETE_FLAG,COLOR_ID_NUMBER_ID,AUTHORIZED_PAY_MASS) values ('B0000808','3400498', '测B14497', 4, 340498, 0, '2',15);

insert into T_SIMINFO (SIM_ID, ORG_CODE, DEPTCODE, STATE,PAY_MODLE, SIM_NUM) values(34499, 'B0000808', '中国移动', 1, '预付费', 13100014498);
insert into T_TERMINALINFO (TERMINAL_ID,TTYPE_ID,SIM_ID,TERMINAL_CODE,ORG_CODE,IS_VIDEO_TERMINAL,SP_SERVER_NAME,PROTOCOL_TYPE,CHANNELS,YT_PROTOCOL_TYPE) values(340499, 4, 34499, '1014498', 'B0000808',1,'1076测试服务器','4',8,'0');
insert into V_VEHICLEINFO (ORG_CODE,VEHICLE_ID,ID_NUMBER,TYPE_ID,TERMINAL_ID,DELETE_FLAG,COLOR_ID_NUMBER_ID,AUTHORIZED_PAY_MASS) values ('B0000808','3400499', '测B14498', 4, 340499, 0, '2',15);

insert into T_SIMINFO (SIM_ID, ORG_CODE, DEPTCODE, STATE,PAY_MODLE, SIM_NUM) values(34500, 'B0000808', '中国移动', 1, '预付费', 13100014499);
insert into T_TERMINALINFO (TERMINAL_ID,TTYPE_ID,SIM_ID,TERMINAL_CODE,ORG_CODE,IS_VIDEO_TERMINAL,SP_SERVER_NAME,PROTOCOL_TYPE,CHANNELS,YT_PROTOCOL_TYPE) values(340500, 4, 34500, '1014499', 'B0000808',1,'1076测试服务器','4',8,'0');
insert into V_VEHICLEINFO (ORG_CODE,VEHICLE_ID,ID_NUMBER,TYPE_ID,TERMINAL_ID,DELETE_FLAG,COLOR_ID_NUMBER_ID,AUTHORIZED_PAY_MASS) values ('B0000808','3400500', '测B14499', 4, 340500, 0, '2',15);

insert into T_SIMINFO (SIM_ID, ORG_CODE, DEPTCODE, STATE,PAY_MODLE, SIM_NUM) values(34501, 'B0000808', '中国移动', 1, '预付费', 13100014500);
insert into T_TERMINALINFO (TERMINAL_ID,TTYPE_ID,SIM_ID,TERMINAL_CODE,ORG_CODE,IS_VIDEO_TERMINAL,SP_SERVER_NAME,PROTOCOL_TYPE,CHANNELS,YT_PROTOCOL_TYPE) values(340501, 4, 34501, '1014500', 'B0000808',1,'1076测试服务器','4',8,'0');
insert into V_VEHICLEINFO (ORG_CODE,VEHICLE_ID,ID_NUMBER,TYPE_ID,TERMINAL_ID,DELETE_FLAG,COLOR_ID_NUMBER_ID,AUTHORIZED_PAY_MASS) values ('B0000808','3400501', '测B14500', 4, 340501, 0, '2',15);

insert into T_SIMINFO (SIM_ID, ORG_CODE, DEPTCODE, STATE,PAY_MODLE, SIM_NUM) values(34502, 'B0000808', '中国移动', 1, '预付费', 13100014501);
insert into T_TERMINALINFO (TERMINAL_ID,TTYPE_ID,SIM_ID,TERMINAL_CODE,ORG_CODE,IS_VIDEO_TERMINAL,SP_SERVER_NAME,PROTOCOL_TYPE,CHANNELS,YT_PROTOCOL_TYPE) values(340502, 4, 34502, '1014501', 'B0000808',1,'1076测试服务器','4',8,'0');
insert into V_VEHICLEINFO (ORG_CODE,VEHICLE_ID,ID_NUMBER,TYPE_ID,TERMINAL_ID,DELETE_FLAG,COLOR_ID_NUMBER_ID,AUTHORIZED_PAY_MASS) values ('B0000808','3400502', '测B14501', 4, 340502, 0, '2',15);

insert into T_SIMINFO (SIM_ID, ORG_CODE, DEPTCODE, STATE,PAY_MODLE, SIM_NUM) values(34503, 'B0000808', '中国移动', 1, '预付费', 13100014502);
insert into T_TERMINALINFO (TERMINAL_ID,TTYPE_ID,SIM_ID,TERMINAL_CODE,ORG_CODE,IS_VIDEO_TERMINAL,SP_SERVER_NAME,PROTOCOL_TYPE,CHANNELS,YT_PROTOCOL_TYPE) values(340503, 4, 34503, '1014502', 'B0000808',1,'1076测试服务器','4',8,'0');
insert into V_VEHICLEINFO (ORG_CODE,VEHICLE_ID,ID_NUMBER,TYPE_ID,TERMINAL_ID,DELETE_FLAG,COLOR_ID_NUMBER_ID,AUTHORIZED_PAY_MASS) values ('B0000808','3400503', '测B14502', 4, 340503, 0, '2',15);

insert into T_SIMINFO (SIM_ID, ORG_CODE, DEPTCODE, STATE,PAY_MODLE, SIM_NUM) values(34504, 'B0000808', '中国移动', 1, '预付费', 13100014503);
insert into T_TERMINALINFO (TERMINAL_ID,TTYPE_ID,SIM_ID,TERMINAL_CODE,ORG_CODE,IS_VIDEO_TERMINAL,SP_SERVER_NAME,PROTOCOL_TYPE,CHANNELS,YT_PROTOCOL_TYPE) values(340504, 4, 34504, '1014503', 'B0000808',1,'1076测试服务器','4',8,'0');
insert into V_VEHICLEINFO (ORG_CODE,VEHICLE_ID,ID_NUMBER,TYPE_ID,TERMINAL_ID,DELETE_FLAG,COLOR_ID_NUMBER_ID,AUTHORIZED_PAY_MASS) values ('B0000808','3400504', '测B14503', 4, 340504, 0, '2',15);

insert into T_SIMINFO (SIM_ID, ORG_CODE, DEPTCODE, STATE,PAY_MODLE, SIM_NUM) values(34505, 'B0000808', '中国移动', 1, '预付费', 13100014504);
insert into T_TERMINALINFO (TERMINAL_ID,TTYPE_ID,SIM_ID,TERMINAL_CODE,ORG_CODE,IS_VIDEO_TERMINAL,SP_SERVER_NAME,PROTOCOL_TYPE,CHANNELS,YT_PROTOCOL_TYPE) values(340505, 4, 34505, '1014504', 'B0000808',1,'1076测试服务器','4',8,'0');
insert into V_VEHICLEINFO (ORG_CODE,VEHICLE_ID,ID_NUMBER,TYPE_ID,TERMINAL_ID,DELETE_FLAG,COLOR_ID_NUMBER_ID,AUTHORIZED_PAY_MASS) values ('B0000808','3400505', '测B14504', 4, 340505, 0, '2',15);

insert into T_SIMINFO (SIM_ID, ORG_CODE, DEPTCODE, STATE,PAY_MODLE, SIM_NUM) values(34506, 'B0000808', '中国移动', 1, '预付费', 13100014505);
insert into T_TERMINALINFO (TERMINAL_ID,TTYPE_ID,SIM_ID,TERMINAL_CODE,ORG_CODE,IS_VIDEO_TERMINAL,SP_SERVER_NAME,PROTOCOL_TYPE,CHANNELS,YT_PROTOCOL_TYPE) values(340506, 4, 34506, '1014505', 'B0000808',1,'1076测试服务器','4',8,'0');
insert into V_VEHICLEINFO (ORG_CODE,VEHICLE_ID,ID_NUMBER,TYPE_ID,TERMINAL_ID,DELETE_FLAG,COLOR_ID_NUMBER_ID,AUTHORIZED_PAY_MASS) values ('B0000808','3400506', '测B14505', 4, 340506, 0, '2',15);

insert into T_SIMINFO (SIM_ID, ORG_CODE, DEPTCODE, STATE,PAY_MODLE, SIM_NUM) values(34507, 'B0000808', '中国移动', 1, '预付费', 13100014506);
insert into T_TERMINALINFO (TERMINAL_ID,TTYPE_ID,SIM_ID,TERMINAL_CODE,ORG_CODE,IS_VIDEO_TERMINAL,SP_SERVER_NAME,PROTOCOL_TYPE,CHANNELS,YT_PROTOCOL_TYPE) values(340507, 4, 34507, '1014506', 'B0000808',1,'1076测试服务器','4',8,'0');
insert into V_VEHICLEINFO (ORG_CODE,VEHICLE_ID,ID_NUMBER,TYPE_ID,TERMINAL_ID,DELETE_FLAG,COLOR_ID_NUMBER_ID,AUTHORIZED_PAY_MASS) values ('B0000808','3400507', '测B14506', 4, 340507, 0, '2',15);

insert into T_SIMINFO (SIM_ID, ORG_CODE, DEPTCODE, STATE,PAY_MODLE, SIM_NUM) values(34508, 'B0000808', '中国移动', 1, '预付费', 13100014507);
insert into T_TERMINALINFO (TERMINAL_ID,TTYPE_ID,SIM_ID,TERMINAL_CODE,ORG_CODE,IS_VIDEO_TERMINAL,SP_SERVER_NAME,PROTOCOL_TYPE,CHANNELS,YT_PROTOCOL_TYPE) values(340508, 4, 34508, '1014507', 'B0000808',1,'1076测试服务器','4',8,'0');
insert into V_VEHICLEINFO (ORG_CODE,VEHICLE_ID,ID_NUMBER,TYPE_ID,TERMINAL_ID,DELETE_FLAG,COLOR_ID_NUMBER_ID,AUTHORIZED_PAY_MASS) values ('B0000808','3400508', '测B14507', 4, 340508, 0, '2',15);

insert into T_SIMINFO (SIM_ID, ORG_CODE, DEPTCODE, STATE,PAY_MODLE, SIM_NUM) values(34509, 'B0000808', '中国移动', 1, '预付费', 13100014508);
insert into T_TERMINALINFO (TERMINAL_ID,TTYPE_ID,SIM_ID,TERMINAL_CODE,ORG_CODE,IS_VIDEO_TERMINAL,SP_SERVER_NAME,PROTOCOL_TYPE,CHANNELS,YT_PROTOCOL_TYPE) values(340509, 4, 34509, '1014508', 'B0000808',1,'1076测试服务器','4',8,'0');
insert into V_VEHICLEINFO (ORG_CODE,VEHICLE_ID,ID_NUMBER,TYPE_ID,TERMINAL_ID,DELETE_FLAG,COLOR_ID_NUMBER_ID,AUTHORIZED_PAY_MASS) values ('B0000808','3400509', '测B14508', 4, 340509, 0, '2',15);

insert into T_SIMINFO (SIM_ID, ORG_CODE, DEPTCODE, STATE,PAY_MODLE, SIM_NUM) values(34510, 'B0000808', '中国移动', 1, '预付费', 13100014509);
insert into T_TERMINALINFO (TERMINAL_ID,TTYPE_ID,SIM_ID,TERMINAL_CODE,ORG_CODE,IS_VIDEO_TERMINAL,SP_SERVER_NAME,PROTOCOL_TYPE,CHANNELS,YT_PROTOCOL_TYPE) values(340510, 4, 34510, '1014509', 'B0000808',1,'1076测试服务器','4',8,'0');
insert into V_VEHICLEINFO (ORG_CODE,VEHICLE_ID,ID_NUMBER,TYPE_ID,TERMINAL_ID,DELETE_FLAG,COLOR_ID_NUMBER_ID,AUTHORIZED_PAY_MASS) values ('B0000808','3400510', '测B14509', 4, 340510, 0, '2',15);

insert into T_SIMINFO (SIM_ID, ORG_CODE, DEPTCODE, STATE,PAY_MODLE, SIM_NUM) values(34511, 'B0000808', '中国移动', 1, '预付费', 13100014510);
insert into T_TERMINALINFO (TERMINAL_ID,TTYPE_ID,SIM_ID,TERMINAL_CODE,ORG_CODE,IS_VIDEO_TERMINAL,SP_SERVER_NAME,PROTOCOL_TYPE,CHANNELS,YT_PROTOCOL_TYPE) values(340511, 4, 34511, '1014510', 'B0000808',1,'1076测试服务器','4',8,'0');
insert into V_VEHICLEINFO (ORG_CODE,VEHICLE_ID,ID_NUMBER,TYPE_ID,TERMINAL_ID,DELETE_FLAG,COLOR_ID_NUMBER_ID,AUTHORIZED_PAY_MASS) values ('B0000808','3400511', '测B14510', 4, 340511, 0, '2',15);

insert into T_SIMINFO (SIM_ID, ORG_CODE, DEPTCODE, STATE,PAY_MODLE, SIM_NUM) values(34512, 'B0000808', '中国移动', 1, '预付费', 13100014511);
insert into T_TERMINALINFO (TERMINAL_ID,TTYPE_ID,SIM_ID,TERMINAL_CODE,ORG_CODE,IS_VIDEO_TERMINAL,SP_SERVER_NAME,PROTOCOL_TYPE,CHANNELS,YT_PROTOCOL_TYPE) values(340512, 4, 34512, '1014511', 'B0000808',1,'1076测试服务器','4',8,'0');
insert into V_VEHICLEINFO (ORG_CODE,VEHICLE_ID,ID_NUMBER,TYPE_ID,TERMINAL_ID,DELETE_FLAG,COLOR_ID_NUMBER_ID,AUTHORIZED_PAY_MASS) values ('B0000808','3400512', '测B14511', 4, 340512, 0, '2',15);

insert into T_SIMINFO (SIM_ID, ORG_CODE, DEPTCODE, STATE,PAY_MODLE, SIM_NUM) values(34513, 'B0000808', '中国移动', 1, '预付费', 13100014512);
insert into T_TERMINALINFO (TERMINAL_ID,TTYPE_ID,SIM_ID,TERMINAL_CODE,ORG_CODE,IS_VIDEO_TERMINAL,SP_SERVER_NAME,PROTOCOL_TYPE,CHANNELS,YT_PROTOCOL_TYPE) values(340513, 4, 34513, '1014512', 'B0000808',1,'1076测试服务器','4',8,'0');
insert into V_VEHICLEINFO (ORG_CODE,VEHICLE_ID,ID_NUMBER,TYPE_ID,TERMINAL_ID,DELETE_FLAG,COLOR_ID_NUMBER_ID,AUTHORIZED_PAY_MASS) values ('B0000808','3400513', '测B14512', 4, 340513, 0, '2',15);

insert into T_SIMINFO (SIM_ID, ORG_CODE, DEPTCODE, STATE,PAY_MODLE, SIM_NUM) values(34514, 'B0000808', '中国移动', 1, '预付费', 13100014513);
insert into T_TERMINALINFO (TERMINAL_ID,TTYPE_ID,SIM_ID,TERMINAL_CODE,ORG_CODE,IS_VIDEO_TERMINAL,SP_SERVER_NAME,PROTOCOL_TYPE,CHANNELS,YT_PROTOCOL_TYPE) values(340514, 4, 34514, '1014513', 'B0000808',1,'1076测试服务器','4',8,'0');
insert into V_VEHICLEINFO (ORG_CODE,VEHICLE_ID,ID_NUMBER,TYPE_ID,TERMINAL_ID,DELETE_FLAG,COLOR_ID_NUMBER_ID,AUTHORIZED_PAY_MASS) values ('B0000808','3400514', '测B14513', 4, 340514, 0, '2',15);

insert into T_SIMINFO (SIM_ID, ORG_CODE, DEPTCODE, STATE,PAY_MODLE, SIM_NUM) values(34515, 'B0000808', '中国移动', 1, '预付费', 13100014514);
insert into T_TERMINALINFO (TERMINAL_ID,TTYPE_ID,SIM_ID,TERMINAL_CODE,ORG_CODE,IS_VIDEO_TERMINAL,SP_SERVER_NAME,PROTOCOL_TYPE,CHANNELS,YT_PROTOCOL_TYPE) values(340515, 4, 34515, '1014514', 'B0000808',1,'1076测试服务器','4',8,'0');
insert into V_VEHICLEINFO (ORG_CODE,VEHICLE_ID,ID_NUMBER,TYPE_ID,TERMINAL_ID,DELETE_FLAG,COLOR_ID_NUMBER_ID,AUTHORIZED_PAY_MASS) values ('B0000808','3400515', '测B14514', 4, 340515, 0, '2',15);

insert into T_SIMINFO (SIM_ID, ORG_CODE, DEPTCODE, STATE,PAY_MODLE, SIM_NUM) values(34516, 'B0000808', '中国移动', 1, '预付费', 13100014515);
insert into T_TERMINALINFO (TERMINAL_ID,TTYPE_ID,SIM_ID,TERMINAL_CODE,ORG_CODE,IS_VIDEO_TERMINAL,SP_SERVER_NAME,PROTOCOL_TYPE,CHANNELS,YT_PROTOCOL_TYPE) values(340516, 4, 34516, '1014515', 'B0000808',1,'1076测试服务器','4',8,'0');
insert into V_VEHICLEINFO (ORG_CODE,VEHICLE_ID,ID_NUMBER,TYPE_ID,TERMINAL_ID,DELETE_FLAG,COLOR_ID_NUMBER_ID,AUTHORIZED_PAY_MASS) values ('B0000808','3400516', '测B14515', 4, 340516, 0, '2',15);

insert into T_SIMINFO (SIM_ID, ORG_CODE, DEPTCODE, STATE,PAY_MODLE, SIM_NUM) values(34517, 'B0000808', '中国移动', 1, '预付费', 13100014516);
insert into T_TERMINALINFO (TERMINAL_ID,TTYPE_ID,SIM_ID,TERMINAL_CODE,ORG_CODE,IS_VIDEO_TERMINAL,SP_SERVER_NAME,PROTOCOL_TYPE,CHANNELS,YT_PROTOCOL_TYPE) values(340517, 4, 34517, '1014516', 'B0000808',1,'1076测试服务器','4',8,'0');
insert into V_VEHICLEINFO (ORG_CODE,VEHICLE_ID,ID_NUMBER,TYPE_ID,TERMINAL_ID,DELETE_FLAG,COLOR_ID_NUMBER_ID,AUTHORIZED_PAY_MASS) values ('B0000808','3400517', '测B14516', 4, 340517, 0, '2',15);

insert into T_SIMINFO (SIM_ID, ORG_CODE, DEPTCODE, STATE,PAY_MODLE, SIM_NUM) values(34518, 'B0000808', '中国移动', 1, '预付费', 13100014517);
insert into T_TERMINALINFO (TERMINAL_ID,TTYPE_ID,SIM_ID,TERMINAL_CODE,ORG_CODE,IS_VIDEO_TERMINAL,SP_SERVER_NAME,PROTOCOL_TYPE,CHANNELS,YT_PROTOCOL_TYPE) values(340518, 4, 34518, '1014517', 'B0000808',1,'1076测试服务器','4',8,'0');
insert into V_VEHICLEINFO (ORG_CODE,VEHICLE_ID,ID_NUMBER,TYPE_ID,TERMINAL_ID,DELETE_FLAG,COLOR_ID_NUMBER_ID,AUTHORIZED_PAY_MASS) values ('B0000808','3400518', '测B14517', 4, 340518, 0, '2',15);

insert into T_SIMINFO (SIM_ID, ORG_CODE, DEPTCODE, STATE,PAY_MODLE, SIM_NUM) values(34519, 'B0000808', '中国移动', 1, '预付费', 13100014518);
insert into T_TERMINALINFO (TERMINAL_ID,TTYPE_ID,SIM_ID,TERMINAL_CODE,ORG_CODE,IS_VIDEO_TERMINAL,SP_SERVER_NAME,PROTOCOL_TYPE,CHANNELS,YT_PROTOCOL_TYPE) values(340519, 4, 34519, '1014518', 'B0000808',1,'1076测试服务器','4',8,'0');
insert into V_VEHICLEINFO (ORG_CODE,VEHICLE_ID,ID_NUMBER,TYPE_ID,TERMINAL_ID,DELETE_FLAG,COLOR_ID_NUMBER_ID,AUTHORIZED_PAY_MASS) values ('B0000808','3400519', '测B14518', 4, 340519, 0, '2',15);

insert into T_SIMINFO (SIM_ID, ORG_CODE, DEPTCODE, STATE,PAY_MODLE, SIM_NUM) values(34520, 'B0000808', '中国移动', 1, '预付费', 13100014519);
insert into T_TERMINALINFO (TERMINAL_ID,TTYPE_ID,SIM_ID,TERMINAL_CODE,ORG_CODE,IS_VIDEO_TERMINAL,SP_SERVER_NAME,PROTOCOL_TYPE,CHANNELS,YT_PROTOCOL_TYPE) values(340520, 4, 34520, '1014519', 'B0000808',1,'1076测试服务器','4',8,'0');
insert into V_VEHICLEINFO (ORG_CODE,VEHICLE_ID,ID_NUMBER,TYPE_ID,TERMINAL_ID,DELETE_FLAG,COLOR_ID_NUMBER_ID,AUTHORIZED_PAY_MASS) values ('B0000808','3400520', '测B14519', 4, 340520, 0, '2',15);

insert into T_SIMINFO (SIM_ID, ORG_CODE, DEPTCODE, STATE,PAY_MODLE, SIM_NUM) values(34521, 'B0000808', '中国移动', 1, '预付费', 13100014520);
insert into T_TERMINALINFO (TERMINAL_ID,TTYPE_ID,SIM_ID,TERMINAL_CODE,ORG_CODE,IS_VIDEO_TERMINAL,SP_SERVER_NAME,PROTOCOL_TYPE,CHANNELS,YT_PROTOCOL_TYPE) values(340521, 4, 34521, '1014520', 'B0000808',1,'1076测试服务器','4',8,'0');
insert into V_VEHICLEINFO (ORG_CODE,VEHICLE_ID,ID_NUMBER,TYPE_ID,TERMINAL_ID,DELETE_FLAG,COLOR_ID_NUMBER_ID,AUTHORIZED_PAY_MASS) values ('B0000808','3400521', '测B14520', 4, 340521, 0, '2',15);

insert into T_SIMINFO (SIM_ID, ORG_CODE, DEPTCODE, STATE,PAY_MODLE, SIM_NUM) values(34522, 'B0000808', '中国移动', 1, '预付费', 13100014521);
insert into T_TERMINALINFO (TERMINAL_ID,TTYPE_ID,SIM_ID,TERMINAL_CODE,ORG_CODE,IS_VIDEO_TERMINAL,SP_SERVER_NAME,PROTOCOL_TYPE,CHANNELS,YT_PROTOCOL_TYPE) values(340522, 4, 34522, '1014521', 'B0000808',1,'1076测试服务器','4',8,'0');
insert into V_VEHICLEINFO (ORG_CODE,VEHICLE_ID,ID_NUMBER,TYPE_ID,TERMINAL_ID,DELETE_FLAG,COLOR_ID_NUMBER_ID,AUTHORIZED_PAY_MASS) values ('B0000808','3400522', '测B14521', 4, 340522, 0, '2',15);

insert into T_SIMINFO (SIM_ID, ORG_CODE, DEPTCODE, STATE,PAY_MODLE, SIM_NUM) values(34523, 'B0000808', '中国移动', 1, '预付费', 13100014522);
insert into T_TERMINALINFO (TERMINAL_ID,TTYPE_ID,SIM_ID,TERMINAL_CODE,ORG_CODE,IS_VIDEO_TERMINAL,SP_SERVER_NAME,PROTOCOL_TYPE,CHANNELS,YT_PROTOCOL_TYPE) values(340523, 4, 34523, '1014522', 'B0000808',1,'1076测试服务器','4',8,'0');
insert into V_VEHICLEINFO (ORG_CODE,VEHICLE_ID,ID_NUMBER,TYPE_ID,TERMINAL_ID,DELETE_FLAG,COLOR_ID_NUMBER_ID,AUTHORIZED_PAY_MASS) values ('B0000808','3400523', '测B14522', 4, 340523, 0, '2',15);

insert into T_SIMINFO (SIM_ID, ORG_CODE, DEPTCODE, STATE,PAY_MODLE, SIM_NUM) values(34524, 'B0000808', '中国移动', 1, '预付费', 13100014523);
insert into T_TERMINALINFO (TERMINAL_ID,TTYPE_ID,SIM_ID,TERMINAL_CODE,ORG_CODE,IS_VIDEO_TERMINAL,SP_SERVER_NAME,PROTOCOL_TYPE,CHANNELS,YT_PROTOCOL_TYPE) values(340524, 4, 34524, '1014523', 'B0000808',1,'1076测试服务器','4',8,'0');
insert into V_VEHICLEINFO (ORG_CODE,VEHICLE_ID,ID_NUMBER,TYPE_ID,TERMINAL_ID,DELETE_FLAG,COLOR_ID_NUMBER_ID,AUTHORIZED_PAY_MASS) values ('B0000808','3400524', '测B14523', 4, 340524, 0, '2',15);

insert into T_SIMINFO (SIM_ID, ORG_CODE, DEPTCODE, STATE,PAY_MODLE, SIM_NUM) values(34525, 'B0000808', '中国移动', 1, '预付费', 13100014524);
insert into T_TERMINALINFO (TERMINAL_ID,TTYPE_ID,SIM_ID,TERMINAL_CODE,ORG_CODE,IS_VIDEO_TERMINAL,SP_SERVER_NAME,PROTOCOL_TYPE,CHANNELS,YT_PROTOCOL_TYPE) values(340525, 4, 34525, '1014524', 'B0000808',1,'1076测试服务器','4',8,'0');
insert into V_VEHICLEINFO (ORG_CODE,VEHICLE_ID,ID_NUMBER,TYPE_ID,TERMINAL_ID,DELETE_FLAG,COLOR_ID_NUMBER_ID,AUTHORIZED_PAY_MASS) values ('B0000808','3400525', '测B14524', 4, 340525, 0, '2',15);

insert into T_SIMINFO (SIM_ID, ORG_CODE, DEPTCODE, STATE,PAY_MODLE, SIM_NUM) values(34526, 'B0000808', '中国移动', 1, '预付费', 13100014525);
insert into T_TERMINALINFO (TERMINAL_ID,TTYPE_ID,SIM_ID,TERMINAL_CODE,ORG_CODE,IS_VIDEO_TERMINAL,SP_SERVER_NAME,PROTOCOL_TYPE,CHANNELS,YT_PROTOCOL_TYPE) values(340526, 4, 34526, '1014525', 'B0000808',1,'1076测试服务器','4',8,'0');
insert into V_VEHICLEINFO (ORG_CODE,VEHICLE_ID,ID_NUMBER,TYPE_ID,TERMINAL_ID,DELETE_FLAG,COLOR_ID_NUMBER_ID,AUTHORIZED_PAY_MASS) values ('B0000808','3400526', '测B14525', 4, 340526, 0, '2',15);

insert into T_SIMINFO (SIM_ID, ORG_CODE, DEPTCODE, STATE,PAY_MODLE, SIM_NUM) values(34527, 'B0000808', '中国移动', 1, '预付费', 13100014526);
insert into T_TERMINALINFO (TERMINAL_ID,TTYPE_ID,SIM_ID,TERMINAL_CODE,ORG_CODE,IS_VIDEO_TERMINAL,SP_SERVER_NAME,PROTOCOL_TYPE,CHANNELS,YT_PROTOCOL_TYPE) values(340527, 4, 34527, '1014526', 'B0000808',1,'1076测试服务器','4',8,'0');
insert into V_VEHICLEINFO (ORG_CODE,VEHICLE_ID,ID_NUMBER,TYPE_ID,TERMINAL_ID,DELETE_FLAG,COLOR_ID_NUMBER_ID,AUTHORIZED_PAY_MASS) values ('B0000808','3400527', '测B14526', 4, 340527, 0, '2',15);

insert into T_SIMINFO (SIM_ID, ORG_CODE, DEPTCODE, STATE,PAY_MODLE, SIM_NUM) values(34528, 'B0000808', '中国移动', 1, '预付费', 13100014527);
insert into T_TERMINALINFO (TERMINAL_ID,TTYPE_ID,SIM_ID,TERMINAL_CODE,ORG_CODE,IS_VIDEO_TERMINAL,SP_SERVER_NAME,PROTOCOL_TYPE,CHANNELS,YT_PROTOCOL_TYPE) values(340528, 4, 34528, '1014527', 'B0000808',1,'1076测试服务器','4',8,'0');
insert into V_VEHICLEINFO (ORG_CODE,VEHICLE_ID,ID_NUMBER,TYPE_ID,TERMINAL_ID,DELETE_FLAG,COLOR_ID_NUMBER_ID,AUTHORIZED_PAY_MASS) values ('B0000808','3400528', '测B14527', 4, 340528, 0, '2',15);

insert into T_SIMINFO (SIM_ID, ORG_CODE, DEPTCODE, STATE,PAY_MODLE, SIM_NUM) values(34529, 'B0000808', '中国移动', 1, '预付费', 13100014528);
insert into T_TERMINALINFO (TERMINAL_ID,TTYPE_ID,SIM_ID,TERMINAL_CODE,ORG_CODE,IS_VIDEO_TERMINAL,SP_SERVER_NAME,PROTOCOL_TYPE,CHANNELS,YT_PROTOCOL_TYPE) values(340529, 4, 34529, '1014528', 'B0000808',1,'1076测试服务器','4',8,'0');
insert into V_VEHICLEINFO (ORG_CODE,VEHICLE_ID,ID_NUMBER,TYPE_ID,TERMINAL_ID,DELETE_FLAG,COLOR_ID_NUMBER_ID,AUTHORIZED_PAY_MASS) values ('B0000808','3400529', '测B14528', 4, 340529, 0, '2',15);

insert into T_SIMINFO (SIM_ID, ORG_CODE, DEPTCODE, STATE,PAY_MODLE, SIM_NUM) values(34530, 'B0000808', '中国移动', 1, '预付费', 13100014529);
insert into T_TERMINALINFO (TERMINAL_ID,TTYPE_ID,SIM_ID,TERMINAL_CODE,ORG_CODE,IS_VIDEO_TERMINAL,SP_SERVER_NAME,PROTOCOL_TYPE,CHANNELS,YT_PROTOCOL_TYPE) values(340530, 4, 34530, '1014529', 'B0000808',1,'1076测试服务器','4',8,'0');
insert into V_VEHICLEINFO (ORG_CODE,VEHICLE_ID,ID_NUMBER,TYPE_ID,TERMINAL_ID,DELETE_FLAG,COLOR_ID_NUMBER_ID,AUTHORIZED_PAY_MASS) values ('B0000808','3400530', '测B14529', 4, 340530, 0, '2',15);

insert into T_SIMINFO (SIM_ID, ORG_CODE, DEPTCODE, STATE,PAY_MODLE, SIM_NUM) values(34531, 'B0000808', '中国移动', 1, '预付费', 13100014530);
insert into T_TERMINALINFO (TERMINAL_ID,TTYPE_ID,SIM_ID,TERMINAL_CODE,ORG_CODE,IS_VIDEO_TERMINAL,SP_SERVER_NAME,PROTOCOL_TYPE,CHANNELS,YT_PROTOCOL_TYPE) values(340531, 4, 34531, '1014530', 'B0000808',1,'1076测试服务器','4',8,'0');
insert into V_VEHICLEINFO (ORG_CODE,VEHICLE_ID,ID_NUMBER,TYPE_ID,TERMINAL_ID,DELETE_FLAG,COLOR_ID_NUMBER_ID,AUTHORIZED_PAY_MASS) values ('B0000808','3400531', '测B14530', 4, 340531, 0, '2',15);

insert into T_SIMINFO (SIM_ID, ORG_CODE, DEPTCODE, STATE,PAY_MODLE, SIM_NUM) values(34532, 'B0000808', '中国移动', 1, '预付费', 13100014531);
insert into T_TERMINALINFO (TERMINAL_ID,TTYPE_ID,SIM_ID,TERMINAL_CODE,ORG_CODE,IS_VIDEO_TERMINAL,SP_SERVER_NAME,PROTOCOL_TYPE,CHANNELS,YT_PROTOCOL_TYPE) values(340532, 4, 34532, '1014531', 'B0000808',1,'1076测试服务器','4',8,'0');
insert into V_VEHICLEINFO (ORG_CODE,VEHICLE_ID,ID_NUMBER,TYPE_ID,TERMINAL_ID,DELETE_FLAG,COLOR_ID_NUMBER_ID,AUTHORIZED_PAY_MASS) values ('B0000808','3400532', '测B14531', 4, 340532, 0, '2',15);

insert into T_SIMINFO (SIM_ID, ORG_CODE, DEPTCODE, STATE,PAY_MODLE, SIM_NUM) values(34533, 'B0000808', '中国移动', 1, '预付费', 13100014532);
insert into T_TERMINALINFO (TERMINAL_ID,TTYPE_ID,SIM_ID,TERMINAL_CODE,ORG_CODE,IS_VIDEO_TERMINAL,SP_SERVER_NAME,PROTOCOL_TYPE,CHANNELS,YT_PROTOCOL_TYPE) values(340533, 4, 34533, '1014532', 'B0000808',1,'1076测试服务器','4',8,'0');
insert into V_VEHICLEINFO (ORG_CODE,VEHICLE_ID,ID_NUMBER,TYPE_ID,TERMINAL_ID,DELETE_FLAG,COLOR_ID_NUMBER_ID,AUTHORIZED_PAY_MASS) values ('B0000808','3400533', '测B14532', 4, 340533, 0, '2',15);

insert into T_SIMINFO (SIM_ID, ORG_CODE, DEPTCODE, STATE,PAY_MODLE, SIM_NUM) values(34534, 'B0000808', '中国移动', 1, '预付费', 13100014533);
insert into T_TERMINALINFO (TERMINAL_ID,TTYPE_ID,SIM_ID,TERMINAL_CODE,ORG_CODE,IS_VIDEO_TERMINAL,SP_SERVER_NAME,PROTOCOL_TYPE,CHANNELS,YT_PROTOCOL_TYPE) values(340534, 4, 34534, '1014533', 'B0000808',1,'1076测试服务器','4',8,'0');
insert into V_VEHICLEINFO (ORG_CODE,VEHICLE_ID,ID_NUMBER,TYPE_ID,TERMINAL_ID,DELETE_FLAG,COLOR_ID_NUMBER_ID,AUTHORIZED_PAY_MASS) values ('B0000808','3400534', '测B14533', 4, 340534, 0, '2',15);

insert into T_SIMINFO (SIM_ID, ORG_CODE, DEPTCODE, STATE,PAY_MODLE, SIM_NUM) values(34535, 'B0000808', '中国移动', 1, '预付费', 13100014534);
insert into T_TERMINALINFO (TERMINAL_ID,TTYPE_ID,SIM_ID,TERMINAL_CODE,ORG_CODE,IS_VIDEO_TERMINAL,SP_SERVER_NAME,PROTOCOL_TYPE,CHANNELS,YT_PROTOCOL_TYPE) values(340535, 4, 34535, '1014534', 'B0000808',1,'1076测试服务器','4',8,'0');
insert into V_VEHICLEINFO (ORG_CODE,VEHICLE_ID,ID_NUMBER,TYPE_ID,TERMINAL_ID,DELETE_FLAG,COLOR_ID_NUMBER_ID,AUTHORIZED_PAY_MASS) values ('B0000808','3400535', '测B14534', 4, 340535, 0, '2',15);

insert into T_SIMINFO (SIM_ID, ORG_CODE, DEPTCODE, STATE,PAY_MODLE, SIM_NUM) values(34536, 'B0000808', '中国移动', 1, '预付费', 13100014535);
insert into T_TERMINALINFO (TERMINAL_ID,TTYPE_ID,SIM_ID,TERMINAL_CODE,ORG_CODE,IS_VIDEO_TERMINAL,SP_SERVER_NAME,PROTOCOL_TYPE,CHANNELS,YT_PROTOCOL_TYPE) values(340536, 4, 34536, '1014535', 'B0000808',1,'1076测试服务器','4',8,'0');
insert into V_VEHICLEINFO (ORG_CODE,VEHICLE_ID,ID_NUMBER,TYPE_ID,TERMINAL_ID,DELETE_FLAG,COLOR_ID_NUMBER_ID,AUTHORIZED_PAY_MASS) values ('B0000808','3400536', '测B14535', 4, 340536, 0, '2',15);

insert into T_SIMINFO (SIM_ID, ORG_CODE, DEPTCODE, STATE,PAY_MODLE, SIM_NUM) values(34537, 'B0000808', '中国移动', 1, '预付费', 13100014536);
insert into T_TERMINALINFO (TERMINAL_ID,TTYPE_ID,SIM_ID,TERMINAL_CODE,ORG_CODE,IS_VIDEO_TERMINAL,SP_SERVER_NAME,PROTOCOL_TYPE,CHANNELS,YT_PROTOCOL_TYPE) values(340537, 4, 34537, '1014536', 'B0000808',1,'1076测试服务器','4',8,'0');
insert into V_VEHICLEINFO (ORG_CODE,VEHICLE_ID,ID_NUMBER,TYPE_ID,TERMINAL_ID,DELETE_FLAG,COLOR_ID_NUMBER_ID,AUTHORIZED_PAY_MASS) values ('B0000808','3400537', '测B14536', 4, 340537, 0, '2',15);

insert into T_SIMINFO (SIM_ID, ORG_CODE, DEPTCODE, STATE,PAY_MODLE, SIM_NUM) values(34538, 'B0000808', '中国移动', 1, '预付费', 13100014537);
insert into T_TERMINALINFO (TERMINAL_ID,TTYPE_ID,SIM_ID,TERMINAL_CODE,ORG_CODE,IS_VIDEO_TERMINAL,SP_SERVER_NAME,PROTOCOL_TYPE,CHANNELS,YT_PROTOCOL_TYPE) values(340538, 4, 34538, '1014537', 'B0000808',1,'1076测试服务器','4',8,'0');
insert into V_VEHICLEINFO (ORG_CODE,VEHICLE_ID,ID_NUMBER,TYPE_ID,TERMINAL_ID,DELETE_FLAG,COLOR_ID_NUMBER_ID,AUTHORIZED_PAY_MASS) values ('B0000808','3400538', '测B14537', 4, 340538, 0, '2',15);

insert into T_SIMINFO (SIM_ID, ORG_CODE, DEPTCODE, STATE,PAY_MODLE, SIM_NUM) values(34539, 'B0000808', '中国移动', 1, '预付费', 13100014538);
insert into T_TERMINALINFO (TERMINAL_ID,TTYPE_ID,SIM_ID,TERMINAL_CODE,ORG_CODE,IS_VIDEO_TERMINAL,SP_SERVER_NAME,PROTOCOL_TYPE,CHANNELS,YT_PROTOCOL_TYPE) values(340539, 4, 34539, '1014538', 'B0000808',1,'1076测试服务器','4',8,'0');
insert into V_VEHICLEINFO (ORG_CODE,VEHICLE_ID,ID_NUMBER,TYPE_ID,TERMINAL_ID,DELETE_FLAG,COLOR_ID_NUMBER_ID,AUTHORIZED_PAY_MASS) values ('B0000808','3400539', '测B14538', 4, 340539, 0, '2',15);

insert into T_SIMINFO (SIM_ID, ORG_CODE, DEPTCODE, STATE,PAY_MODLE, SIM_NUM) values(34540, 'B0000808', '中国移动', 1, '预付费', 13100014539);
insert into T_TERMINALINFO (TERMINAL_ID,TTYPE_ID,SIM_ID,TERMINAL_CODE,ORG_CODE,IS_VIDEO_TERMINAL,SP_SERVER_NAME,PROTOCOL_TYPE,CHANNELS,YT_PROTOCOL_TYPE) values(340540, 4, 34540, '1014539', 'B0000808',1,'1076测试服务器','4',8,'0');
insert into V_VEHICLEINFO (ORG_CODE,VEHICLE_ID,ID_NUMBER,TYPE_ID,TERMINAL_ID,DELETE_FLAG,COLOR_ID_NUMBER_ID,AUTHORIZED_PAY_MASS) values ('B0000808','3400540', '测B14539', 4, 340540, 0, '2',15);

insert into T_SIMINFO (SIM_ID, ORG_CODE, DEPTCODE, STATE,PAY_MODLE, SIM_NUM) values(34541, 'B0000808', '中国移动', 1, '预付费', 13100014540);
insert into T_TERMINALINFO (TERMINAL_ID,TTYPE_ID,SIM_ID,TERMINAL_CODE,ORG_CODE,IS_VIDEO_TERMINAL,SP_SERVER_NAME,PROTOCOL_TYPE,CHANNELS,YT_PROTOCOL_TYPE) values(340541, 4, 34541, '1014540', 'B0000808',1,'1076测试服务器','4',8,'0');
insert into V_VEHICLEINFO (ORG_CODE,VEHICLE_ID,ID_NUMBER,TYPE_ID,TERMINAL_ID,DELETE_FLAG,COLOR_ID_NUMBER_ID,AUTHORIZED_PAY_MASS) values ('B0000808','3400541', '测B14540', 4, 340541, 0, '2',15);

insert into T_SIMINFO (SIM_ID, ORG_CODE, DEPTCODE, STATE,PAY_MODLE, SIM_NUM) values(34542, 'B0000808', '中国移动', 1, '预付费', 13100014541);
insert into T_TERMINALINFO (TERMINAL_ID,TTYPE_ID,SIM_ID,TERMINAL_CODE,ORG_CODE,IS_VIDEO_TERMINAL,SP_SERVER_NAME,PROTOCOL_TYPE,CHANNELS,YT_PROTOCOL_TYPE) values(340542, 4, 34542, '1014541', 'B0000808',1,'1076测试服务器','4',8,'0');
insert into V_VEHICLEINFO (ORG_CODE,VEHICLE_ID,ID_NUMBER,TYPE_ID,TERMINAL_ID,DELETE_FLAG,COLOR_ID_NUMBER_ID,AUTHORIZED_PAY_MASS) values ('B0000808','3400542', '测B14541', 4, 340542, 0, '2',15);

insert into T_SIMINFO (SIM_ID, ORG_CODE, DEPTCODE, STATE,PAY_MODLE, SIM_NUM) values(34543, 'B0000808', '中国移动', 1, '预付费', 13100014542);
insert into T_TERMINALINFO (TERMINAL_ID,TTYPE_ID,SIM_ID,TERMINAL_CODE,ORG_CODE,IS_VIDEO_TERMINAL,SP_SERVER_NAME,PROTOCOL_TYPE,CHANNELS,YT_PROTOCOL_TYPE) values(340543, 4, 34543, '1014542', 'B0000808',1,'1076测试服务器','4',8,'0');
insert into V_VEHICLEINFO (ORG_CODE,VEHICLE_ID,ID_NUMBER,TYPE_ID,TERMINAL_ID,DELETE_FLAG,COLOR_ID_NUMBER_ID,AUTHORIZED_PAY_MASS) values ('B0000808','3400543', '测B14542', 4, 340543, 0, '2',15);

insert into T_SIMINFO (SIM_ID, ORG_CODE, DEPTCODE, STATE,PAY_MODLE, SIM_NUM) values(34544, 'B0000808', '中国移动', 1, '预付费', 13100014543);
insert into T_TERMINALINFO (TERMINAL_ID,TTYPE_ID,SIM_ID,TERMINAL_CODE,ORG_CODE,IS_VIDEO_TERMINAL,SP_SERVER_NAME,PROTOCOL_TYPE,CHANNELS,YT_PROTOCOL_TYPE) values(340544, 4, 34544, '1014543', 'B0000808',1,'1076测试服务器','4',8,'0');
insert into V_VEHICLEINFO (ORG_CODE,VEHICLE_ID,ID_NUMBER,TYPE_ID,TERMINAL_ID,DELETE_FLAG,COLOR_ID_NUMBER_ID,AUTHORIZED_PAY_MASS) values ('B0000808','3400544', '测B14543', 4, 340544, 0, '2',15);

insert into T_SIMINFO (SIM_ID, ORG_CODE, DEPTCODE, STATE,PAY_MODLE, SIM_NUM) values(34545, 'B0000808', '中国移动', 1, '预付费', 13100014544);
insert into T_TERMINALINFO (TERMINAL_ID,TTYPE_ID,SIM_ID,TERMINAL_CODE,ORG_CODE,IS_VIDEO_TERMINAL,SP_SERVER_NAME,PROTOCOL_TYPE,CHANNELS,YT_PROTOCOL_TYPE) values(340545, 4, 34545, '1014544', 'B0000808',1,'1076测试服务器','4',8,'0');
insert into V_VEHICLEINFO (ORG_CODE,VEHICLE_ID,ID_NUMBER,TYPE_ID,TERMINAL_ID,DELETE_FLAG,COLOR_ID_NUMBER_ID,AUTHORIZED_PAY_MASS) values ('B0000808','3400545', '测B14544', 4, 340545, 0, '2',15);

insert into T_SIMINFO (SIM_ID, ORG_CODE, DEPTCODE, STATE,PAY_MODLE, SIM_NUM) values(34546, 'B0000808', '中国移动', 1, '预付费', 13100014545);
insert into T_TERMINALINFO (TERMINAL_ID,TTYPE_ID,SIM_ID,TERMINAL_CODE,ORG_CODE,IS_VIDEO_TERMINAL,SP_SERVER_NAME,PROTOCOL_TYPE,CHANNELS,YT_PROTOCOL_TYPE) values(340546, 4, 34546, '1014545', 'B0000808',1,'1076测试服务器','4',8,'0');
insert into V_VEHICLEINFO (ORG_CODE,VEHICLE_ID,ID_NUMBER,TYPE_ID,TERMINAL_ID,DELETE_FLAG,COLOR_ID_NUMBER_ID,AUTHORIZED_PAY_MASS) values ('B0000808','3400546', '测B14545', 4, 340546, 0, '2',15);

insert into T_SIMINFO (SIM_ID, ORG_CODE, DEPTCODE, STATE,PAY_MODLE, SIM_NUM) values(34547, 'B0000808', '中国移动', 1, '预付费', 13100014546);
insert into T_TERMINALINFO (TERMINAL_ID,TTYPE_ID,SIM_ID,TERMINAL_CODE,ORG_CODE,IS_VIDEO_TERMINAL,SP_SERVER_NAME,PROTOCOL_TYPE,CHANNELS,YT_PROTOCOL_TYPE) values(340547, 4, 34547, '1014546', 'B0000808',1,'1076测试服务器','4',8,'0');
insert into V_VEHICLEINFO (ORG_CODE,VEHICLE_ID,ID_NUMBER,TYPE_ID,TERMINAL_ID,DELETE_FLAG,COLOR_ID_NUMBER_ID,AUTHORIZED_PAY_MASS) values ('B0000808','3400547', '测B14546', 4, 340547, 0, '2',15);

insert into T_SIMINFO (SIM_ID, ORG_CODE, DEPTCODE, STATE,PAY_MODLE, SIM_NUM) values(34548, 'B0000808', '中国移动', 1, '预付费', 13100014547);
insert into T_TERMINALINFO (TERMINAL_ID,TTYPE_ID,SIM_ID,TERMINAL_CODE,ORG_CODE,IS_VIDEO_TERMINAL,SP_SERVER_NAME,PROTOCOL_TYPE,CHANNELS,YT_PROTOCOL_TYPE) values(340548, 4, 34548, '1014547', 'B0000808',1,'1076测试服务器','4',8,'0');
insert into V_VEHICLEINFO (ORG_CODE,VEHICLE_ID,ID_NUMBER,TYPE_ID,TERMINAL_ID,DELETE_FLAG,COLOR_ID_NUMBER_ID,AUTHORIZED_PAY_MASS) values ('B0000808','3400548', '测B14547', 4, 340548, 0, '2',15);

insert into T_SIMINFO (SIM_ID, ORG_CODE, DEPTCODE, STATE,PAY_MODLE, SIM_NUM) values(34549, 'B0000808', '中国移动', 1, '预付费', 13100014548);
insert into T_TERMINALINFO (TERMINAL_ID,TTYPE_ID,SIM_ID,TERMINAL_CODE,ORG_CODE,IS_VIDEO_TERMINAL,SP_SERVER_NAME,PROTOCOL_TYPE,CHANNELS,YT_PROTOCOL_TYPE) values(340549, 4, 34549, '1014548', 'B0000808',1,'1076测试服务器','4',8,'0');
insert into V_VEHICLEINFO (ORG_CODE,VEHICLE_ID,ID_NUMBER,TYPE_ID,TERMINAL_ID,DELETE_FLAG,COLOR_ID_NUMBER_ID,AUTHORIZED_PAY_MASS) values ('B0000808','3400549', '测B14548', 4, 340549, 0, '2',15);

insert into T_SIMINFO (SIM_ID, ORG_CODE, DEPTCODE, STATE,PAY_MODLE, SIM_NUM) values(34550, 'B0000808', '中国移动', 1, '预付费', 13100014549);
insert into T_TERMINALINFO (TERMINAL_ID,TTYPE_ID,SIM_ID,TERMINAL_CODE,ORG_CODE,IS_VIDEO_TERMINAL,SP_SERVER_NAME,PROTOCOL_TYPE,CHANNELS,YT_PROTOCOL_TYPE) values(340550, 4, 34550, '1014549', 'B0000808',1,'1076测试服务器','4',8,'0');
insert into V_VEHICLEINFO (ORG_CODE,VEHICLE_ID,ID_NUMBER,TYPE_ID,TERMINAL_ID,DELETE_FLAG,COLOR_ID_NUMBER_ID,AUTHORIZED_PAY_MASS) values ('B0000808','3400550', '测B14549', 4, 340550, 0, '2',15);

insert into T_SIMINFO (SIM_ID, ORG_CODE, DEPTCODE, STATE,PAY_MODLE, SIM_NUM) values(34551, 'B0000808', '中国移动', 1, '预付费', 13100014550);
insert into T_TERMINALINFO (TERMINAL_ID,TTYPE_ID,SIM_ID,TERMINAL_CODE,ORG_CODE,IS_VIDEO_TERMINAL,SP_SERVER_NAME,PROTOCOL_TYPE,CHANNELS,YT_PROTOCOL_TYPE) values(340551, 4, 34551, '1014550', 'B0000808',1,'1076测试服务器','4',8,'0');
insert into V_VEHICLEINFO (ORG_CODE,VEHICLE_ID,ID_NUMBER,TYPE_ID,TERMINAL_ID,DELETE_FLAG,COLOR_ID_NUMBER_ID,AUTHORIZED_PAY_MASS) values ('B0000808','3400551', '测B14550', 4, 340551, 0, '2',15);

insert into T_SIMINFO (SIM_ID, ORG_CODE, DEPTCODE, STATE,PAY_MODLE, SIM_NUM) values(34552, 'B0000808', '中国移动', 1, '预付费', 13100014551);
insert into T_TERMINALINFO (TERMINAL_ID,TTYPE_ID,SIM_ID,TERMINAL_CODE,ORG_CODE,IS_VIDEO_TERMINAL,SP_SERVER_NAME,PROTOCOL_TYPE,CHANNELS,YT_PROTOCOL_TYPE) values(340552, 4, 34552, '1014551', 'B0000808',1,'1076测试服务器','4',8,'0');
insert into V_VEHICLEINFO (ORG_CODE,VEHICLE_ID,ID_NUMBER,TYPE_ID,TERMINAL_ID,DELETE_FLAG,COLOR_ID_NUMBER_ID,AUTHORIZED_PAY_MASS) values ('B0000808','3400552', '测B14551', 4, 340552, 0, '2',15);

insert into T_SIMINFO (SIM_ID, ORG_CODE, DEPTCODE, STATE,PAY_MODLE, SIM_NUM) values(34553, 'B0000808', '中国移动', 1, '预付费', 13100014552);
insert into T_TERMINALINFO (TERMINAL_ID,TTYPE_ID,SIM_ID,TERMINAL_CODE,ORG_CODE,IS_VIDEO_TERMINAL,SP_SERVER_NAME,PROTOCOL_TYPE,CHANNELS,YT_PROTOCOL_TYPE) values(340553, 4, 34553, '1014552', 'B0000808',1,'1076测试服务器','4',8,'0');
insert into V_VEHICLEINFO (ORG_CODE,VEHICLE_ID,ID_NUMBER,TYPE_ID,TERMINAL_ID,DELETE_FLAG,COLOR_ID_NUMBER_ID,AUTHORIZED_PAY_MASS) values ('B0000808','3400553', '测B14552', 4, 340553, 0, '2',15);

insert into T_SIMINFO (SIM_ID, ORG_CODE, DEPTCODE, STATE,PAY_MODLE, SIM_NUM) values(34554, 'B0000808', '中国移动', 1, '预付费', 13100014553);
insert into T_TERMINALINFO (TERMINAL_ID,TTYPE_ID,SIM_ID,TERMINAL_CODE,ORG_CODE,IS_VIDEO_TERMINAL,SP_SERVER_NAME,PROTOCOL_TYPE,CHANNELS,YT_PROTOCOL_TYPE) values(340554, 4, 34554, '1014553', 'B0000808',1,'1076测试服务器','4',8,'0');
insert into V_VEHICLEINFO (ORG_CODE,VEHICLE_ID,ID_NUMBER,TYPE_ID,TERMINAL_ID,DELETE_FLAG,COLOR_ID_NUMBER_ID,AUTHORIZED_PAY_MASS) values ('B0000808','3400554', '测B14553', 4, 340554, 0, '2',15);

insert into T_SIMINFO (SIM_ID, ORG_CODE, DEPTCODE, STATE,PAY_MODLE, SIM_NUM) values(34555, 'B0000808', '中国移动', 1, '预付费', 13100014554);
insert into T_TERMINALINFO (TERMINAL_ID,TTYPE_ID,SIM_ID,TERMINAL_CODE,ORG_CODE,IS_VIDEO_TERMINAL,SP_SERVER_NAME,PROTOCOL_TYPE,CHANNELS,YT_PROTOCOL_TYPE) values(340555, 4, 34555, '1014554', 'B0000808',1,'1076测试服务器','4',8,'0');
insert into V_VEHICLEINFO (ORG_CODE,VEHICLE_ID,ID_NUMBER,TYPE_ID,TERMINAL_ID,DELETE_FLAG,COLOR_ID_NUMBER_ID,AUTHORIZED_PAY_MASS) values ('B0000808','3400555', '测B14554', 4, 340555, 0, '2',15);

insert into T_SIMINFO (SIM_ID, ORG_CODE, DEPTCODE, STATE,PAY_MODLE, SIM_NUM) values(34556, 'B0000808', '中国移动', 1, '预付费', 13100014555);
insert into T_TERMINALINFO (TERMINAL_ID,TTYPE_ID,SIM_ID,TERMINAL_CODE,ORG_CODE,IS_VIDEO_TERMINAL,SP_SERVER_NAME,PROTOCOL_TYPE,CHANNELS,YT_PROTOCOL_TYPE) values(340556, 4, 34556, '1014555', 'B0000808',1,'1076测试服务器','4',8,'0');
insert into V_VEHICLEINFO (ORG_CODE,VEHICLE_ID,ID_NUMBER,TYPE_ID,TERMINAL_ID,DELETE_FLAG,COLOR_ID_NUMBER_ID,AUTHORIZED_PAY_MASS) values ('B0000808','3400556', '测B14555', 4, 340556, 0, '2',15);

insert into T_SIMINFO (SIM_ID, ORG_CODE, DEPTCODE, STATE,PAY_MODLE, SIM_NUM) values(34557, 'B0000808', '中国移动', 1, '预付费', 13100014556);
insert into T_TERMINALINFO (TERMINAL_ID,TTYPE_ID,SIM_ID,TERMINAL_CODE,ORG_CODE,IS_VIDEO_TERMINAL,SP_SERVER_NAME,PROTOCOL_TYPE,CHANNELS,YT_PROTOCOL_TYPE) values(340557, 4, 34557, '1014556', 'B0000808',1,'1076测试服务器','4',8,'0');
insert into V_VEHICLEINFO (ORG_CODE,VEHICLE_ID,ID_NUMBER,TYPE_ID,TERMINAL_ID,DELETE_FLAG,COLOR_ID_NUMBER_ID,AUTHORIZED_PAY_MASS) values ('B0000808','3400557', '测B14556', 4, 340557, 0, '2',15);

insert into T_SIMINFO (SIM_ID, ORG_CODE, DEPTCODE, STATE,PAY_MODLE, SIM_NUM) values(34558, 'B0000808', '中国移动', 1, '预付费', 13100014557);
insert into T_TERMINALINFO (TERMINAL_ID,TTYPE_ID,SIM_ID,TERMINAL_CODE,ORG_CODE,IS_VIDEO_TERMINAL,SP_SERVER_NAME,PROTOCOL_TYPE,CHANNELS,YT_PROTOCOL_TYPE) values(340558, 4, 34558, '1014557', 'B0000808',1,'1076测试服务器','4',8,'0');
insert into V_VEHICLEINFO (ORG_CODE,VEHICLE_ID,ID_NUMBER,TYPE_ID,TERMINAL_ID,DELETE_FLAG,COLOR_ID_NUMBER_ID,AUTHORIZED_PAY_MASS) values ('B0000808','3400558', '测B14557', 4, 340558, 0, '2',15);

insert into T_SIMINFO (SIM_ID, ORG_CODE, DEPTCODE, STATE,PAY_MODLE, SIM_NUM) values(34559, 'B0000808', '中国移动', 1, '预付费', 13100014558);
insert into T_TERMINALINFO (TERMINAL_ID,TTYPE_ID,SIM_ID,TERMINAL_CODE,ORG_CODE,IS_VIDEO_TERMINAL,SP_SERVER_NAME,PROTOCOL_TYPE,CHANNELS,YT_PROTOCOL_TYPE) values(340559, 4, 34559, '1014558', 'B0000808',1,'1076测试服务器','4',8,'0');
insert into V_VEHICLEINFO (ORG_CODE,VEHICLE_ID,ID_NUMBER,TYPE_ID,TERMINAL_ID,DELETE_FLAG,COLOR_ID_NUMBER_ID,AUTHORIZED_PAY_MASS) values ('B0000808','3400559', '测B14558', 4, 340559, 0, '2',15);

insert into T_SIMINFO (SIM_ID, ORG_CODE, DEPTCODE, STATE,PAY_MODLE, SIM_NUM) values(34560, 'B0000808', '中国移动', 1, '预付费', 13100014559);
insert into T_TERMINALINFO (TERMINAL_ID,TTYPE_ID,SIM_ID,TERMINAL_CODE,ORG_CODE,IS_VIDEO_TERMINAL,SP_SERVER_NAME,PROTOCOL_TYPE,CHANNELS,YT_PROTOCOL_TYPE) values(340560, 4, 34560, '1014559', 'B0000808',1,'1076测试服务器','4',8,'0');
insert into V_VEHICLEINFO (ORG_CODE,VEHICLE_ID,ID_NUMBER,TYPE_ID,TERMINAL_ID,DELETE_FLAG,COLOR_ID_NUMBER_ID,AUTHORIZED_PAY_MASS) values ('B0000808','3400560', '测B14559', 4, 340560, 0, '2',15);

insert into T_SIMINFO (SIM_ID, ORG_CODE, DEPTCODE, STATE,PAY_MODLE, SIM_NUM) values(34561, 'B0000808', '中国移动', 1, '预付费', 13100014560);
insert into T_TERMINALINFO (TERMINAL_ID,TTYPE_ID,SIM_ID,TERMINAL_CODE,ORG_CODE,IS_VIDEO_TERMINAL,SP_SERVER_NAME,PROTOCOL_TYPE,CHANNELS,YT_PROTOCOL_TYPE) values(340561, 4, 34561, '1014560', 'B0000808',1,'1076测试服务器','4',8,'0');
insert into V_VEHICLEINFO (ORG_CODE,VEHICLE_ID,ID_NUMBER,TYPE_ID,TERMINAL_ID,DELETE_FLAG,COLOR_ID_NUMBER_ID,AUTHORIZED_PAY_MASS) values ('B0000808','3400561', '测B14560', 4, 340561, 0, '2',15);

insert into T_SIMINFO (SIM_ID, ORG_CODE, DEPTCODE, STATE,PAY_MODLE, SIM_NUM) values(34562, 'B0000808', '中国移动', 1, '预付费', 13100014561);
insert into T_TERMINALINFO (TERMINAL_ID,TTYPE_ID,SIM_ID,TERMINAL_CODE,ORG_CODE,IS_VIDEO_TERMINAL,SP_SERVER_NAME,PROTOCOL_TYPE,CHANNELS,YT_PROTOCOL_TYPE) values(340562, 4, 34562, '1014561', 'B0000808',1,'1076测试服务器','4',8,'0');
insert into V_VEHICLEINFO (ORG_CODE,VEHICLE_ID,ID_NUMBER,TYPE_ID,TERMINAL_ID,DELETE_FLAG,COLOR_ID_NUMBER_ID,AUTHORIZED_PAY_MASS) values ('B0000808','3400562', '测B14561', 4, 340562, 0, '2',15);

insert into T_SIMINFO (SIM_ID, ORG_CODE, DEPTCODE, STATE,PAY_MODLE, SIM_NUM) values(34563, 'B0000808', '中国移动', 1, '预付费', 13100014562);
insert into T_TERMINALINFO (TERMINAL_ID,TTYPE_ID,SIM_ID,TERMINAL_CODE,ORG_CODE,IS_VIDEO_TERMINAL,SP_SERVER_NAME,PROTOCOL_TYPE,CHANNELS,YT_PROTOCOL_TYPE) values(340563, 4, 34563, '1014562', 'B0000808',1,'1076测试服务器','4',8,'0');
insert into V_VEHICLEINFO (ORG_CODE,VEHICLE_ID,ID_NUMBER,TYPE_ID,TERMINAL_ID,DELETE_FLAG,COLOR_ID_NUMBER_ID,AUTHORIZED_PAY_MASS) values ('B0000808','3400563', '测B14562', 4, 340563, 0, '2',15);

insert into T_SIMINFO (SIM_ID, ORG_CODE, DEPTCODE, STATE,PAY_MODLE, SIM_NUM) values(34564, 'B0000808', '中国移动', 1, '预付费', 13100014563);
insert into T_TERMINALINFO (TERMINAL_ID,TTYPE_ID,SIM_ID,TERMINAL_CODE,ORG_CODE,IS_VIDEO_TERMINAL,SP_SERVER_NAME,PROTOCOL_TYPE,CHANNELS,YT_PROTOCOL_TYPE) values(340564, 4, 34564, '1014563', 'B0000808',1,'1076测试服务器','4',8,'0');
insert into V_VEHICLEINFO (ORG_CODE,VEHICLE_ID,ID_NUMBER,TYPE_ID,TERMINAL_ID,DELETE_FLAG,COLOR_ID_NUMBER_ID,AUTHORIZED_PAY_MASS) values ('B0000808','3400564', '测B14563', 4, 340564, 0, '2',15);

insert into T_SIMINFO (SIM_ID, ORG_CODE, DEPTCODE, STATE,PAY_MODLE, SIM_NUM) values(34565, 'B0000808', '中国移动', 1, '预付费', 13100014564);
insert into T_TERMINALINFO (TERMINAL_ID,TTYPE_ID,SIM_ID,TERMINAL_CODE,ORG_CODE,IS_VIDEO_TERMINAL,SP_SERVER_NAME,PROTOCOL_TYPE,CHANNELS,YT_PROTOCOL_TYPE) values(340565, 4, 34565, '1014564', 'B0000808',1,'1076测试服务器','4',8,'0');
insert into V_VEHICLEINFO (ORG_CODE,VEHICLE_ID,ID_NUMBER,TYPE_ID,TERMINAL_ID,DELETE_FLAG,COLOR_ID_NUMBER_ID,AUTHORIZED_PAY_MASS) values ('B0000808','3400565', '测B14564', 4, 340565, 0, '2',15);

insert into T_SIMINFO (SIM_ID, ORG_CODE, DEPTCODE, STATE,PAY_MODLE, SIM_NUM) values(34566, 'B0000808', '中国移动', 1, '预付费', 13100014565);
insert into T_TERMINALINFO (TERMINAL_ID,TTYPE_ID,SIM_ID,TERMINAL_CODE,ORG_CODE,IS_VIDEO_TERMINAL,SP_SERVER_NAME,PROTOCOL_TYPE,CHANNELS,YT_PROTOCOL_TYPE) values(340566, 4, 34566, '1014565', 'B0000808',1,'1076测试服务器','4',8,'0');
insert into V_VEHICLEINFO (ORG_CODE,VEHICLE_ID,ID_NUMBER,TYPE_ID,TERMINAL_ID,DELETE_FLAG,COLOR_ID_NUMBER_ID,AUTHORIZED_PAY_MASS) values ('B0000808','3400566', '测B14565', 4, 340566, 0, '2',15);

insert into T_SIMINFO (SIM_ID, ORG_CODE, DEPTCODE, STATE,PAY_MODLE, SIM_NUM) values(34567, 'B0000808', '中国移动', 1, '预付费', 13100014566);
insert into T_TERMINALINFO (TERMINAL_ID,TTYPE_ID,SIM_ID,TERMINAL_CODE,ORG_CODE,IS_VIDEO_TERMINAL,SP_SERVER_NAME,PROTOCOL_TYPE,CHANNELS,YT_PROTOCOL_TYPE) values(340567, 4, 34567, '1014566', 'B0000808',1,'1076测试服务器','4',8,'0');
insert into V_VEHICLEINFO (ORG_CODE,VEHICLE_ID,ID_NUMBER,TYPE_ID,TERMINAL_ID,DELETE_FLAG,COLOR_ID_NUMBER_ID,AUTHORIZED_PAY_MASS) values ('B0000808','3400567', '测B14566', 4, 340567, 0, '2',15);

insert into T_SIMINFO (SIM_ID, ORG_CODE, DEPTCODE, STATE,PAY_MODLE, SIM_NUM) values(34568, 'B0000808', '中国移动', 1, '预付费', 13100014567);
insert into T_TERMINALINFO (TERMINAL_ID,TTYPE_ID,SIM_ID,TERMINAL_CODE,ORG_CODE,IS_VIDEO_TERMINAL,SP_SERVER_NAME,PROTOCOL_TYPE,CHANNELS,YT_PROTOCOL_TYPE) values(340568, 4, 34568, '1014567', 'B0000808',1,'1076测试服务器','4',8,'0');
insert into V_VEHICLEINFO (ORG_CODE,VEHICLE_ID,ID_NUMBER,TYPE_ID,TERMINAL_ID,DELETE_FLAG,COLOR_ID_NUMBER_ID,AUTHORIZED_PAY_MASS) values ('B0000808','3400568', '测B14567', 4, 340568, 0, '2',15);

insert into T_SIMINFO (SIM_ID, ORG_CODE, DEPTCODE, STATE,PAY_MODLE, SIM_NUM) values(34569, 'B0000808', '中国移动', 1, '预付费', 13100014568);
insert into T_TERMINALINFO (TERMINAL_ID,TTYPE_ID,SIM_ID,TERMINAL_CODE,ORG_CODE,IS_VIDEO_TERMINAL,SP_SERVER_NAME,PROTOCOL_TYPE,CHANNELS,YT_PROTOCOL_TYPE) values(340569, 4, 34569, '1014568', 'B0000808',1,'1076测试服务器','4',8,'0');
insert into V_VEHICLEINFO (ORG_CODE,VEHICLE_ID,ID_NUMBER,TYPE_ID,TERMINAL_ID,DELETE_FLAG,COLOR_ID_NUMBER_ID,AUTHORIZED_PAY_MASS) values ('B0000808','3400569', '测B14568', 4, 340569, 0, '2',15);

insert into T_SIMINFO (SIM_ID, ORG_CODE, DEPTCODE, STATE,PAY_MODLE, SIM_NUM) values(34570, 'B0000808', '中国移动', 1, '预付费', 13100014569);
insert into T_TERMINALINFO (TERMINAL_ID,TTYPE_ID,SIM_ID,TERMINAL_CODE,ORG_CODE,IS_VIDEO_TERMINAL,SP_SERVER_NAME,PROTOCOL_TYPE,CHANNELS,YT_PROTOCOL_TYPE) values(340570, 4, 34570, '1014569', 'B0000808',1,'1076测试服务器','4',8,'0');
insert into V_VEHICLEINFO (ORG_CODE,VEHICLE_ID,ID_NUMBER,TYPE_ID,TERMINAL_ID,DELETE_FLAG,COLOR_ID_NUMBER_ID,AUTHORIZED_PAY_MASS) values ('B0000808','3400570', '测B14569', 4, 340570, 0, '2',15);

insert into T_SIMINFO (SIM_ID, ORG_CODE, DEPTCODE, STATE,PAY_MODLE, SIM_NUM) values(34571, 'B0000808', '中国移动', 1, '预付费', 13100014570);
insert into T_TERMINALINFO (TERMINAL_ID,TTYPE_ID,SIM_ID,TERMINAL_CODE,ORG_CODE,IS_VIDEO_TERMINAL,SP_SERVER_NAME,PROTOCOL_TYPE,CHANNELS,YT_PROTOCOL_TYPE) values(340571, 4, 34571, '1014570', 'B0000808',1,'1076测试服务器','4',8,'0');
insert into V_VEHICLEINFO (ORG_CODE,VEHICLE_ID,ID_NUMBER,TYPE_ID,TERMINAL_ID,DELETE_FLAG,COLOR_ID_NUMBER_ID,AUTHORIZED_PAY_MASS) values ('B0000808','3400571', '测B14570', 4, 340571, 0, '2',15);

insert into T_SIMINFO (SIM_ID, ORG_CODE, DEPTCODE, STATE,PAY_MODLE, SIM_NUM) values(34572, 'B0000808', '中国移动', 1, '预付费', 13100014571);
insert into T_TERMINALINFO (TERMINAL_ID,TTYPE_ID,SIM_ID,TERMINAL_CODE,ORG_CODE,IS_VIDEO_TERMINAL,SP_SERVER_NAME,PROTOCOL_TYPE,CHANNELS,YT_PROTOCOL_TYPE) values(340572, 4, 34572, '1014571', 'B0000808',1,'1076测试服务器','4',8,'0');
insert into V_VEHICLEINFO (ORG_CODE,VEHICLE_ID,ID_NUMBER,TYPE_ID,TERMINAL_ID,DELETE_FLAG,COLOR_ID_NUMBER_ID,AUTHORIZED_PAY_MASS) values ('B0000808','3400572', '测B14571', 4, 340572, 0, '2',15);

insert into T_SIMINFO (SIM_ID, ORG_CODE, DEPTCODE, STATE,PAY_MODLE, SIM_NUM) values(34573, 'B0000808', '中国移动', 1, '预付费', 13100014572);
insert into T_TERMINALINFO (TERMINAL_ID,TTYPE_ID,SIM_ID,TERMINAL_CODE,ORG_CODE,IS_VIDEO_TERMINAL,SP_SERVER_NAME,PROTOCOL_TYPE,CHANNELS,YT_PROTOCOL_TYPE) values(340573, 4, 34573, '1014572', 'B0000808',1,'1076测试服务器','4',8,'0');
insert into V_VEHICLEINFO (ORG_CODE,VEHICLE_ID,ID_NUMBER,TYPE_ID,TERMINAL_ID,DELETE_FLAG,COLOR_ID_NUMBER_ID,AUTHORIZED_PAY_MASS) values ('B0000808','3400573', '测B14572', 4, 340573, 0, '2',15);

insert into T_SIMINFO (SIM_ID, ORG_CODE, DEPTCODE, STATE,PAY_MODLE, SIM_NUM) values(34574, 'B0000808', '中国移动', 1, '预付费', 13100014573);
insert into T_TERMINALINFO (TERMINAL_ID,TTYPE_ID,SIM_ID,TERMINAL_CODE,ORG_CODE,IS_VIDEO_TERMINAL,SP_SERVER_NAME,PROTOCOL_TYPE,CHANNELS,YT_PROTOCOL_TYPE) values(340574, 4, 34574, '1014573', 'B0000808',1,'1076测试服务器','4',8,'0');
insert into V_VEHICLEINFO (ORG_CODE,VEHICLE_ID,ID_NUMBER,TYPE_ID,TERMINAL_ID,DELETE_FLAG,COLOR_ID_NUMBER_ID,AUTHORIZED_PAY_MASS) values ('B0000808','3400574', '测B14573', 4, 340574, 0, '2',15);

insert into T_SIMINFO (SIM_ID, ORG_CODE, DEPTCODE, STATE,PAY_MODLE, SIM_NUM) values(34575, 'B0000808', '中国移动', 1, '预付费', 13100014574);
insert into T_TERMINALINFO (TERMINAL_ID,TTYPE_ID,SIM_ID,TERMINAL_CODE,ORG_CODE,IS_VIDEO_TERMINAL,SP_SERVER_NAME,PROTOCOL_TYPE,CHANNELS,YT_PROTOCOL_TYPE) values(340575, 4, 34575, '1014574', 'B0000808',1,'1076测试服务器','4',8,'0');
insert into V_VEHICLEINFO (ORG_CODE,VEHICLE_ID,ID_NUMBER,TYPE_ID,TERMINAL_ID,DELETE_FLAG,COLOR_ID_NUMBER_ID,AUTHORIZED_PAY_MASS) values ('B0000808','3400575', '测B14574', 4, 340575, 0, '2',15);

insert into T_SIMINFO (SIM_ID, ORG_CODE, DEPTCODE, STATE,PAY_MODLE, SIM_NUM) values(34576, 'B0000808', '中国移动', 1, '预付费', 13100014575);
insert into T_TERMINALINFO (TERMINAL_ID,TTYPE_ID,SIM_ID,TERMINAL_CODE,ORG_CODE,IS_VIDEO_TERMINAL,SP_SERVER_NAME,PROTOCOL_TYPE,CHANNELS,YT_PROTOCOL_TYPE) values(340576, 4, 34576, '1014575', 'B0000808',1,'1076测试服务器','4',8,'0');
insert into V_VEHICLEINFO (ORG_CODE,VEHICLE_ID,ID_NUMBER,TYPE_ID,TERMINAL_ID,DELETE_FLAG,COLOR_ID_NUMBER_ID,AUTHORIZED_PAY_MASS) values ('B0000808','3400576', '测B14575', 4, 340576, 0, '2',15);

insert into T_SIMINFO (SIM_ID, ORG_CODE, DEPTCODE, STATE,PAY_MODLE, SIM_NUM) values(34577, 'B0000808', '中国移动', 1, '预付费', 13100014576);
insert into T_TERMINALINFO (TERMINAL_ID,TTYPE_ID,SIM_ID,TERMINAL_CODE,ORG_CODE,IS_VIDEO_TERMINAL,SP_SERVER_NAME,PROTOCOL_TYPE,CHANNELS,YT_PROTOCOL_TYPE) values(340577, 4, 34577, '1014576', 'B0000808',1,'1076测试服务器','4',8,'0');
insert into V_VEHICLEINFO (ORG_CODE,VEHICLE_ID,ID_NUMBER,TYPE_ID,TERMINAL_ID,DELETE_FLAG,COLOR_ID_NUMBER_ID,AUTHORIZED_PAY_MASS) values ('B0000808','3400577', '测B14576', 4, 340577, 0, '2',15);

insert into T_SIMINFO (SIM_ID, ORG_CODE, DEPTCODE, STATE,PAY_MODLE, SIM_NUM) values(34578, 'B0000808', '中国移动', 1, '预付费', 13100014577);
insert into T_TERMINALINFO (TERMINAL_ID,TTYPE_ID,SIM_ID,TERMINAL_CODE,ORG_CODE,IS_VIDEO_TERMINAL,SP_SERVER_NAME,PROTOCOL_TYPE,CHANNELS,YT_PROTOCOL_TYPE) values(340578, 4, 34578, '1014577', 'B0000808',1,'1076测试服务器','4',8,'0');
insert into V_VEHICLEINFO (ORG_CODE,VEHICLE_ID,ID_NUMBER,TYPE_ID,TERMINAL_ID,DELETE_FLAG,COLOR_ID_NUMBER_ID,AUTHORIZED_PAY_MASS) values ('B0000808','3400578', '测B14577', 4, 340578, 0, '2',15);

insert into T_SIMINFO (SIM_ID, ORG_CODE, DEPTCODE, STATE,PAY_MODLE, SIM_NUM) values(34579, 'B0000808', '中国移动', 1, '预付费', 13100014578);
insert into T_TERMINALINFO (TERMINAL_ID,TTYPE_ID,SIM_ID,TERMINAL_CODE,ORG_CODE,IS_VIDEO_TERMINAL,SP_SERVER_NAME,PROTOCOL_TYPE,CHANNELS,YT_PROTOCOL_TYPE) values(340579, 4, 34579, '1014578', 'B0000808',1,'1076测试服务器','4',8,'0');
insert into V_VEHICLEINFO (ORG_CODE,VEHICLE_ID,ID_NUMBER,TYPE_ID,TERMINAL_ID,DELETE_FLAG,COLOR_ID_NUMBER_ID,AUTHORIZED_PAY_MASS) values ('B0000808','3400579', '测B14578', 4, 340579, 0, '2',15);

insert into T_SIMINFO (SIM_ID, ORG_CODE, DEPTCODE, STATE,PAY_MODLE, SIM_NUM) values(34580, 'B0000808', '中国移动', 1, '预付费', 13100014579);
insert into T_TERMINALINFO (TERMINAL_ID,TTYPE_ID,SIM_ID,TERMINAL_CODE,ORG_CODE,IS_VIDEO_TERMINAL,SP_SERVER_NAME,PROTOCOL_TYPE,CHANNELS,YT_PROTOCOL_TYPE) values(340580, 4, 34580, '1014579', 'B0000808',1,'1076测试服务器','4',8,'0');
insert into V_VEHICLEINFO (ORG_CODE,VEHICLE_ID,ID_NUMBER,TYPE_ID,TERMINAL_ID,DELETE_FLAG,COLOR_ID_NUMBER_ID,AUTHORIZED_PAY_MASS) values ('B0000808','3400580', '测B14579', 4, 340580, 0, '2',15);

insert into T_SIMINFO (SIM_ID, ORG_CODE, DEPTCODE, STATE,PAY_MODLE, SIM_NUM) values(34581, 'B0000808', '中国移动', 1, '预付费', 13100014580);
insert into T_TERMINALINFO (TERMINAL_ID,TTYPE_ID,SIM_ID,TERMINAL_CODE,ORG_CODE,IS_VIDEO_TERMINAL,SP_SERVER_NAME,PROTOCOL_TYPE,CHANNELS,YT_PROTOCOL_TYPE) values(340581, 4, 34581, '1014580', 'B0000808',1,'1076测试服务器','4',8,'0');
insert into V_VEHICLEINFO (ORG_CODE,VEHICLE_ID,ID_NUMBER,TYPE_ID,TERMINAL_ID,DELETE_FLAG,COLOR_ID_NUMBER_ID,AUTHORIZED_PAY_MASS) values ('B0000808','3400581', '测B14580', 4, 340581, 0, '2',15);

insert into T_SIMINFO (SIM_ID, ORG_CODE, DEPTCODE, STATE,PAY_MODLE, SIM_NUM) values(34582, 'B0000808', '中国移动', 1, '预付费', 13100014581);
insert into T_TERMINALINFO (TERMINAL_ID,TTYPE_ID,SIM_ID,TERMINAL_CODE,ORG_CODE,IS_VIDEO_TERMINAL,SP_SERVER_NAME,PROTOCOL_TYPE,CHANNELS,YT_PROTOCOL_TYPE) values(340582, 4, 34582, '1014581', 'B0000808',1,'1076测试服务器','4',8,'0');
insert into V_VEHICLEINFO (ORG_CODE,VEHICLE_ID,ID_NUMBER,TYPE_ID,TERMINAL_ID,DELETE_FLAG,COLOR_ID_NUMBER_ID,AUTHORIZED_PAY_MASS) values ('B0000808','3400582', '测B14581', 4, 340582, 0, '2',15);

insert into T_SIMINFO (SIM_ID, ORG_CODE, DEPTCODE, STATE,PAY_MODLE, SIM_NUM) values(34583, 'B0000808', '中国移动', 1, '预付费', 13100014582);
insert into T_TERMINALINFO (TERMINAL_ID,TTYPE_ID,SIM_ID,TERMINAL_CODE,ORG_CODE,IS_VIDEO_TERMINAL,SP_SERVER_NAME,PROTOCOL_TYPE,CHANNELS,YT_PROTOCOL_TYPE) values(340583, 4, 34583, '1014582', 'B0000808',1,'1076测试服务器','4',8,'0');
insert into V_VEHICLEINFO (ORG_CODE,VEHICLE_ID,ID_NUMBER,TYPE_ID,TERMINAL_ID,DELETE_FLAG,COLOR_ID_NUMBER_ID,AUTHORIZED_PAY_MASS) values ('B0000808','3400583', '测B14582', 4, 340583, 0, '2',15);

insert into T_SIMINFO (SIM_ID, ORG_CODE, DEPTCODE, STATE,PAY_MODLE, SIM_NUM) values(34584, 'B0000808', '中国移动', 1, '预付费', 13100014583);
insert into T_TERMINALINFO (TERMINAL_ID,TTYPE_ID,SIM_ID,TERMINAL_CODE,ORG_CODE,IS_VIDEO_TERMINAL,SP_SERVER_NAME,PROTOCOL_TYPE,CHANNELS,YT_PROTOCOL_TYPE) values(340584, 4, 34584, '1014583', 'B0000808',1,'1076测试服务器','4',8,'0');
insert into V_VEHICLEINFO (ORG_CODE,VEHICLE_ID,ID_NUMBER,TYPE_ID,TERMINAL_ID,DELETE_FLAG,COLOR_ID_NUMBER_ID,AUTHORIZED_PAY_MASS) values ('B0000808','3400584', '测B14583', 4, 340584, 0, '2',15);

insert into T_SIMINFO (SIM_ID, ORG_CODE, DEPTCODE, STATE,PAY_MODLE, SIM_NUM) values(34585, 'B0000808', '中国移动', 1, '预付费', 13100014584);
insert into T_TERMINALINFO (TERMINAL_ID,TTYPE_ID,SIM_ID,TERMINAL_CODE,ORG_CODE,IS_VIDEO_TERMINAL,SP_SERVER_NAME,PROTOCOL_TYPE,CHANNELS,YT_PROTOCOL_TYPE) values(340585, 4, 34585, '1014584', 'B0000808',1,'1076测试服务器','4',8,'0');
insert into V_VEHICLEINFO (ORG_CODE,VEHICLE_ID,ID_NUMBER,TYPE_ID,TERMINAL_ID,DELETE_FLAG,COLOR_ID_NUMBER_ID,AUTHORIZED_PAY_MASS) values ('B0000808','3400585', '测B14584', 4, 340585, 0, '2',15);

insert into T_SIMINFO (SIM_ID, ORG_CODE, DEPTCODE, STATE,PAY_MODLE, SIM_NUM) values(34586, 'B0000808', '中国移动', 1, '预付费', 13100014585);
insert into T_TERMINALINFO (TERMINAL_ID,TTYPE_ID,SIM_ID,TERMINAL_CODE,ORG_CODE,IS_VIDEO_TERMINAL,SP_SERVER_NAME,PROTOCOL_TYPE,CHANNELS,YT_PROTOCOL_TYPE) values(340586, 4, 34586, '1014585', 'B0000808',1,'1076测试服务器','4',8,'0');
insert into V_VEHICLEINFO (ORG_CODE,VEHICLE_ID,ID_NUMBER,TYPE_ID,TERMINAL_ID,DELETE_FLAG,COLOR_ID_NUMBER_ID,AUTHORIZED_PAY_MASS) values ('B0000808','3400586', '测B14585', 4, 340586, 0, '2',15);

insert into T_SIMINFO (SIM_ID, ORG_CODE, DEPTCODE, STATE,PAY_MODLE, SIM_NUM) values(34587, 'B0000808', '中国移动', 1, '预付费', 13100014586);
insert into T_TERMINALINFO (TERMINAL_ID,TTYPE_ID,SIM_ID,TERMINAL_CODE,ORG_CODE,IS_VIDEO_TERMINAL,SP_SERVER_NAME,PROTOCOL_TYPE,CHANNELS,YT_PROTOCOL_TYPE) values(340587, 4, 34587, '1014586', 'B0000808',1,'1076测试服务器','4',8,'0');
insert into V_VEHICLEINFO (ORG_CODE,VEHICLE_ID,ID_NUMBER,TYPE_ID,TERMINAL_ID,DELETE_FLAG,COLOR_ID_NUMBER_ID,AUTHORIZED_PAY_MASS) values ('B0000808','3400587', '测B14586', 4, 340587, 0, '2',15);

insert into T_SIMINFO (SIM_ID, ORG_CODE, DEPTCODE, STATE,PAY_MODLE, SIM_NUM) values(34588, 'B0000808', '中国移动', 1, '预付费', 13100014587);
insert into T_TERMINALINFO (TERMINAL_ID,TTYPE_ID,SIM_ID,TERMINAL_CODE,ORG_CODE,IS_VIDEO_TERMINAL,SP_SERVER_NAME,PROTOCOL_TYPE,CHANNELS,YT_PROTOCOL_TYPE) values(340588, 4, 34588, '1014587', 'B0000808',1,'1076测试服务器','4',8,'0');
insert into V_VEHICLEINFO (ORG_CODE,VEHICLE_ID,ID_NUMBER,TYPE_ID,TERMINAL_ID,DELETE_FLAG,COLOR_ID_NUMBER_ID,AUTHORIZED_PAY_MASS) values ('B0000808','3400588', '测B14587', 4, 340588, 0, '2',15);

insert into T_SIMINFO (SIM_ID, ORG_CODE, DEPTCODE, STATE,PAY_MODLE, SIM_NUM) values(34589, 'B0000808', '中国移动', 1, '预付费', 13100014588);
insert into T_TERMINALINFO (TERMINAL_ID,TTYPE_ID,SIM_ID,TERMINAL_CODE,ORG_CODE,IS_VIDEO_TERMINAL,SP_SERVER_NAME,PROTOCOL_TYPE,CHANNELS,YT_PROTOCOL_TYPE) values(340589, 4, 34589, '1014588', 'B0000808',1,'1076测试服务器','4',8,'0');
insert into V_VEHICLEINFO (ORG_CODE,VEHICLE_ID,ID_NUMBER,TYPE_ID,TERMINAL_ID,DELETE_FLAG,COLOR_ID_NUMBER_ID,AUTHORIZED_PAY_MASS) values ('B0000808','3400589', '测B14588', 4, 340589, 0, '2',15);

insert into T_SIMINFO (SIM_ID, ORG_CODE, DEPTCODE, STATE,PAY_MODLE, SIM_NUM) values(34590, 'B0000808', '中国移动', 1, '预付费', 13100014589);
insert into T_TERMINALINFO (TERMINAL_ID,TTYPE_ID,SIM_ID,TERMINAL_CODE,ORG_CODE,IS_VIDEO_TERMINAL,SP_SERVER_NAME,PROTOCOL_TYPE,CHANNELS,YT_PROTOCOL_TYPE) values(340590, 4, 34590, '1014589', 'B0000808',1,'1076测试服务器','4',8,'0');
insert into V_VEHICLEINFO (ORG_CODE,VEHICLE_ID,ID_NUMBER,TYPE_ID,TERMINAL_ID,DELETE_FLAG,COLOR_ID_NUMBER_ID,AUTHORIZED_PAY_MASS) values ('B0000808','3400590', '测B14589', 4, 340590, 0, '2',15);

insert into T_SIMINFO (SIM_ID, ORG_CODE, DEPTCODE, STATE,PAY_MODLE, SIM_NUM) values(34591, 'B0000808', '中国移动', 1, '预付费', 13100014590);
insert into T_TERMINALINFO (TERMINAL_ID,TTYPE_ID,SIM_ID,TERMINAL_CODE,ORG_CODE,IS_VIDEO_TERMINAL,SP_SERVER_NAME,PROTOCOL_TYPE,CHANNELS,YT_PROTOCOL_TYPE) values(340591, 4, 34591, '1014590', 'B0000808',1,'1076测试服务器','4',8,'0');
insert into V_VEHICLEINFO (ORG_CODE,VEHICLE_ID,ID_NUMBER,TYPE_ID,TERMINAL_ID,DELETE_FLAG,COLOR_ID_NUMBER_ID,AUTHORIZED_PAY_MASS) values ('B0000808','3400591', '测B14590', 4, 340591, 0, '2',15);

insert into T_SIMINFO (SIM_ID, ORG_CODE, DEPTCODE, STATE,PAY_MODLE, SIM_NUM) values(34592, 'B0000808', '中国移动', 1, '预付费', 13100014591);
insert into T_TERMINALINFO (TERMINAL_ID,TTYPE_ID,SIM_ID,TERMINAL_CODE,ORG_CODE,IS_VIDEO_TERMINAL,SP_SERVER_NAME,PROTOCOL_TYPE,CHANNELS,YT_PROTOCOL_TYPE) values(340592, 4, 34592, '1014591', 'B0000808',1,'1076测试服务器','4',8,'0');
insert into V_VEHICLEINFO (ORG_CODE,VEHICLE_ID,ID_NUMBER,TYPE_ID,TERMINAL_ID,DELETE_FLAG,COLOR_ID_NUMBER_ID,AUTHORIZED_PAY_MASS) values ('B0000808','3400592', '测B14591', 4, 340592, 0, '2',15);

insert into T_SIMINFO (SIM_ID, ORG_CODE, DEPTCODE, STATE,PAY_MODLE, SIM_NUM) values(34593, 'B0000808', '中国移动', 1, '预付费', 13100014592);
insert into T_TERMINALINFO (TERMINAL_ID,TTYPE_ID,SIM_ID,TERMINAL_CODE,ORG_CODE,IS_VIDEO_TERMINAL,SP_SERVER_NAME,PROTOCOL_TYPE,CHANNELS,YT_PROTOCOL_TYPE) values(340593, 4, 34593, '1014592', 'B0000808',1,'1076测试服务器','4',8,'0');
insert into V_VEHICLEINFO (ORG_CODE,VEHICLE_ID,ID_NUMBER,TYPE_ID,TERMINAL_ID,DELETE_FLAG,COLOR_ID_NUMBER_ID,AUTHORIZED_PAY_MASS) values ('B0000808','3400593', '测B14592', 4, 340593, 0, '2',15);

insert into T_SIMINFO (SIM_ID, ORG_CODE, DEPTCODE, STATE,PAY_MODLE, SIM_NUM) values(34594, 'B0000808', '中国移动', 1, '预付费', 13100014593);
insert into T_TERMINALINFO (TERMINAL_ID,TTYPE_ID,SIM_ID,TERMINAL_CODE,ORG_CODE,IS_VIDEO_TERMINAL,SP_SERVER_NAME,PROTOCOL_TYPE,CHANNELS,YT_PROTOCOL_TYPE) values(340594, 4, 34594, '1014593', 'B0000808',1,'1076测试服务器','4',8,'0');
insert into V_VEHICLEINFO (ORG_CODE,VEHICLE_ID,ID_NUMBER,TYPE_ID,TERMINAL_ID,DELETE_FLAG,COLOR_ID_NUMBER_ID,AUTHORIZED_PAY_MASS) values ('B0000808','3400594', '测B14593', 4, 340594, 0, '2',15);

insert into T_SIMINFO (SIM_ID, ORG_CODE, DEPTCODE, STATE,PAY_MODLE, SIM_NUM) values(34595, 'B0000808', '中国移动', 1, '预付费', 13100014594);
insert into T_TERMINALINFO (TERMINAL_ID,TTYPE_ID,SIM_ID,TERMINAL_CODE,ORG_CODE,IS_VIDEO_TERMINAL,SP_SERVER_NAME,PROTOCOL_TYPE,CHANNELS,YT_PROTOCOL_TYPE) values(340595, 4, 34595, '1014594', 'B0000808',1,'1076测试服务器','4',8,'0');
insert into V_VEHICLEINFO (ORG_CODE,VEHICLE_ID,ID_NUMBER,TYPE_ID,TERMINAL_ID,DELETE_FLAG,COLOR_ID_NUMBER_ID,AUTHORIZED_PAY_MASS) values ('B0000808','3400595', '测B14594', 4, 340595, 0, '2',15);

insert into T_SIMINFO (SIM_ID, ORG_CODE, DEPTCODE, STATE,PAY_MODLE, SIM_NUM) values(34596, 'B0000808', '中国移动', 1, '预付费', 13100014595);
insert into T_TERMINALINFO (TERMINAL_ID,TTYPE_ID,SIM_ID,TERMINAL_CODE,ORG_CODE,IS_VIDEO_TERMINAL,SP_SERVER_NAME,PROTOCOL_TYPE,CHANNELS,YT_PROTOCOL_TYPE) values(340596, 4, 34596, '1014595', 'B0000808',1,'1076测试服务器','4',8,'0');
insert into V_VEHICLEINFO (ORG_CODE,VEHICLE_ID,ID_NUMBER,TYPE_ID,TERMINAL_ID,DELETE_FLAG,COLOR_ID_NUMBER_ID,AUTHORIZED_PAY_MASS) values ('B0000808','3400596', '测B14595', 4, 340596, 0, '2',15);

insert into T_SIMINFO (SIM_ID, ORG_CODE, DEPTCODE, STATE,PAY_MODLE, SIM_NUM) values(34597, 'B0000808', '中国移动', 1, '预付费', 13100014596);
insert into T_TERMINALINFO (TERMINAL_ID,TTYPE_ID,SIM_ID,TERMINAL_CODE,ORG_CODE,IS_VIDEO_TERMINAL,SP_SERVER_NAME,PROTOCOL_TYPE,CHANNELS,YT_PROTOCOL_TYPE) values(340597, 4, 34597, '1014596', 'B0000808',1,'1076测试服务器','4',8,'0');
insert into V_VEHICLEINFO (ORG_CODE,VEHICLE_ID,ID_NUMBER,TYPE_ID,TERMINAL_ID,DELETE_FLAG,COLOR_ID_NUMBER_ID,AUTHORIZED_PAY_MASS) values ('B0000808','3400597', '测B14596', 4, 340597, 0, '2',15);

insert into T_SIMINFO (SIM_ID, ORG_CODE, DEPTCODE, STATE,PAY_MODLE, SIM_NUM) values(34598, 'B0000808', '中国移动', 1, '预付费', 13100014597);
insert into T_TERMINALINFO (TERMINAL_ID,TTYPE_ID,SIM_ID,TERMINAL_CODE,ORG_CODE,IS_VIDEO_TERMINAL,SP_SERVER_NAME,PROTOCOL_TYPE,CHANNELS,YT_PROTOCOL_TYPE) values(340598, 4, 34598, '1014597', 'B0000808',1,'1076测试服务器','4',8,'0');
insert into V_VEHICLEINFO (ORG_CODE,VEHICLE_ID,ID_NUMBER,TYPE_ID,TERMINAL_ID,DELETE_FLAG,COLOR_ID_NUMBER_ID,AUTHORIZED_PAY_MASS) values ('B0000808','3400598', '测B14597', 4, 340598, 0, '2',15);

insert into T_SIMINFO (SIM_ID, ORG_CODE, DEPTCODE, STATE,PAY_MODLE, SIM_NUM) values(34599, 'B0000808', '中国移动', 1, '预付费', 13100014598);
insert into T_TERMINALINFO (TERMINAL_ID,TTYPE_ID,SIM_ID,TERMINAL_CODE,ORG_CODE,IS_VIDEO_TERMINAL,SP_SERVER_NAME,PROTOCOL_TYPE,CHANNELS,YT_PROTOCOL_TYPE) values(340599, 4, 34599, '1014598', 'B0000808',1,'1076测试服务器','4',8,'0');
insert into V_VEHICLEINFO (ORG_CODE,VEHICLE_ID,ID_NUMBER,TYPE_ID,TERMINAL_ID,DELETE_FLAG,COLOR_ID_NUMBER_ID,AUTHORIZED_PAY_MASS) values ('B0000808','3400599', '测B14598', 4, 340599, 0, '2',15);

insert into T_SIMINFO (SIM_ID, ORG_CODE, DEPTCODE, STATE,PAY_MODLE, SIM_NUM) values(34600, 'B0000808', '中国移动', 1, '预付费', 13100014599);
insert into T_TERMINALINFO (TERMINAL_ID,TTYPE_ID,SIM_ID,TERMINAL_CODE,ORG_CODE,IS_VIDEO_TERMINAL,SP_SERVER_NAME,PROTOCOL_TYPE,CHANNELS,YT_PROTOCOL_TYPE) values(340600, 4, 34600, '1014599', 'B0000808',1,'1076测试服务器','4',8,'0');
insert into V_VEHICLEINFO (ORG_CODE,VEHICLE_ID,ID_NUMBER,TYPE_ID,TERMINAL_ID,DELETE_FLAG,COLOR_ID_NUMBER_ID,AUTHORIZED_PAY_MASS) values ('B0000808','3400600', '测B14599', 4, 340600, 0, '2',15);

insert into T_SIMINFO (SIM_ID, ORG_CODE, DEPTCODE, STATE,PAY_MODLE, SIM_NUM) values(34601, 'B0000808', '中国移动', 1, '预付费', 13100014600);
insert into T_TERMINALINFO (TERMINAL_ID,TTYPE_ID,SIM_ID,TERMINAL_CODE,ORG_CODE,IS_VIDEO_TERMINAL,SP_SERVER_NAME,PROTOCOL_TYPE,CHANNELS,YT_PROTOCOL_TYPE) values(340601, 4, 34601, '1014600', 'B0000808',1,'1076测试服务器','4',8,'0');
insert into V_VEHICLEINFO (ORG_CODE,VEHICLE_ID,ID_NUMBER,TYPE_ID,TERMINAL_ID,DELETE_FLAG,COLOR_ID_NUMBER_ID,AUTHORIZED_PAY_MASS) values ('B0000808','3400601', '测B14600', 4, 340601, 0, '2',15);

insert into T_SIMINFO (SIM_ID, ORG_CODE, DEPTCODE, STATE,PAY_MODLE, SIM_NUM) values(34602, 'B0000808', '中国移动', 1, '预付费', 13100014601);
insert into T_TERMINALINFO (TERMINAL_ID,TTYPE_ID,SIM_ID,TERMINAL_CODE,ORG_CODE,IS_VIDEO_TERMINAL,SP_SERVER_NAME,PROTOCOL_TYPE,CHANNELS,YT_PROTOCOL_TYPE) values(340602, 4, 34602, '1014601', 'B0000808',1,'1076测试服务器','4',8,'0');
insert into V_VEHICLEINFO (ORG_CODE,VEHICLE_ID,ID_NUMBER,TYPE_ID,TERMINAL_ID,DELETE_FLAG,COLOR_ID_NUMBER_ID,AUTHORIZED_PAY_MASS) values ('B0000808','3400602', '测B14601', 4, 340602, 0, '2',15);

insert into T_SIMINFO (SIM_ID, ORG_CODE, DEPTCODE, STATE,PAY_MODLE, SIM_NUM) values(34603, 'B0000808', '中国移动', 1, '预付费', 13100014602);
insert into T_TERMINALINFO (TERMINAL_ID,TTYPE_ID,SIM_ID,TERMINAL_CODE,ORG_CODE,IS_VIDEO_TERMINAL,SP_SERVER_NAME,PROTOCOL_TYPE,CHANNELS,YT_PROTOCOL_TYPE) values(340603, 4, 34603, '1014602', 'B0000808',1,'1076测试服务器','4',8,'0');
insert into V_VEHICLEINFO (ORG_CODE,VEHICLE_ID,ID_NUMBER,TYPE_ID,TERMINAL_ID,DELETE_FLAG,COLOR_ID_NUMBER_ID,AUTHORIZED_PAY_MASS) values ('B0000808','3400603', '测B14602', 4, 340603, 0, '2',15);

insert into T_SIMINFO (SIM_ID, ORG_CODE, DEPTCODE, STATE,PAY_MODLE, SIM_NUM) values(34604, 'B0000808', '中国移动', 1, '预付费', 13100014603);
insert into T_TERMINALINFO (TERMINAL_ID,TTYPE_ID,SIM_ID,TERMINAL_CODE,ORG_CODE,IS_VIDEO_TERMINAL,SP_SERVER_NAME,PROTOCOL_TYPE,CHANNELS,YT_PROTOCOL_TYPE) values(340604, 4, 34604, '1014603', 'B0000808',1,'1076测试服务器','4',8,'0');
insert into V_VEHICLEINFO (ORG_CODE,VEHICLE_ID,ID_NUMBER,TYPE_ID,TERMINAL_ID,DELETE_FLAG,COLOR_ID_NUMBER_ID,AUTHORIZED_PAY_MASS) values ('B0000808','3400604', '测B14603', 4, 340604, 0, '2',15);

insert into T_SIMINFO (SIM_ID, ORG_CODE, DEPTCODE, STATE,PAY_MODLE, SIM_NUM) values(34605, 'B0000808', '中国移动', 1, '预付费', 13100014604);
insert into T_TERMINALINFO (TERMINAL_ID,TTYPE_ID,SIM_ID,TERMINAL_CODE,ORG_CODE,IS_VIDEO_TERMINAL,SP_SERVER_NAME,PROTOCOL_TYPE,CHANNELS,YT_PROTOCOL_TYPE) values(340605, 4, 34605, '1014604', 'B0000808',1,'1076测试服务器','4',8,'0');
insert into V_VEHICLEINFO (ORG_CODE,VEHICLE_ID,ID_NUMBER,TYPE_ID,TERMINAL_ID,DELETE_FLAG,COLOR_ID_NUMBER_ID,AUTHORIZED_PAY_MASS) values ('B0000808','3400605', '测B14604', 4, 340605, 0, '2',15);

insert into T_SIMINFO (SIM_ID, ORG_CODE, DEPTCODE, STATE,PAY_MODLE, SIM_NUM) values(34606, 'B0000808', '中国移动', 1, '预付费', 13100014605);
insert into T_TERMINALINFO (TERMINAL_ID,TTYPE_ID,SIM_ID,TERMINAL_CODE,ORG_CODE,IS_VIDEO_TERMINAL,SP_SERVER_NAME,PROTOCOL_TYPE,CHANNELS,YT_PROTOCOL_TYPE) values(340606, 4, 34606, '1014605', 'B0000808',1,'1076测试服务器','4',8,'0');
insert into V_VEHICLEINFO (ORG_CODE,VEHICLE_ID,ID_NUMBER,TYPE_ID,TERMINAL_ID,DELETE_FLAG,COLOR_ID_NUMBER_ID,AUTHORIZED_PAY_MASS) values ('B0000808','3400606', '测B14605', 4, 340606, 0, '2',15);

insert into T_SIMINFO (SIM_ID, ORG_CODE, DEPTCODE, STATE,PAY_MODLE, SIM_NUM) values(34607, 'B0000808', '中国移动', 1, '预付费', 13100014606);
insert into T_TERMINALINFO (TERMINAL_ID,TTYPE_ID,SIM_ID,TERMINAL_CODE,ORG_CODE,IS_VIDEO_TERMINAL,SP_SERVER_NAME,PROTOCOL_TYPE,CHANNELS,YT_PROTOCOL_TYPE) values(340607, 4, 34607, '1014606', 'B0000808',1,'1076测试服务器','4',8,'0');
insert into V_VEHICLEINFO (ORG_CODE,VEHICLE_ID,ID_NUMBER,TYPE_ID,TERMINAL_ID,DELETE_FLAG,COLOR_ID_NUMBER_ID,AUTHORIZED_PAY_MASS) values ('B0000808','3400607', '测B14606', 4, 340607, 0, '2',15);

insert into T_SIMINFO (SIM_ID, ORG_CODE, DEPTCODE, STATE,PAY_MODLE, SIM_NUM) values(34608, 'B0000808', '中国移动', 1, '预付费', 13100014607);
insert into T_TERMINALINFO (TERMINAL_ID,TTYPE_ID,SIM_ID,TERMINAL_CODE,ORG_CODE,IS_VIDEO_TERMINAL,SP_SERVER_NAME,PROTOCOL_TYPE,CHANNELS,YT_PROTOCOL_TYPE) values(340608, 4, 34608, '1014607', 'B0000808',1,'1076测试服务器','4',8,'0');
insert into V_VEHICLEINFO (ORG_CODE,VEHICLE_ID,ID_NUMBER,TYPE_ID,TERMINAL_ID,DELETE_FLAG,COLOR_ID_NUMBER_ID,AUTHORIZED_PAY_MASS) values ('B0000808','3400608', '测B14607', 4, 340608, 0, '2',15);

insert into T_SIMINFO (SIM_ID, ORG_CODE, DEPTCODE, STATE,PAY_MODLE, SIM_NUM) values(34609, 'B0000808', '中国移动', 1, '预付费', 13100014608);
insert into T_TERMINALINFO (TERMINAL_ID,TTYPE_ID,SIM_ID,TERMINAL_CODE,ORG_CODE,IS_VIDEO_TERMINAL,SP_SERVER_NAME,PROTOCOL_TYPE,CHANNELS,YT_PROTOCOL_TYPE) values(340609, 4, 34609, '1014608', 'B0000808',1,'1076测试服务器','4',8,'0');
insert into V_VEHICLEINFO (ORG_CODE,VEHICLE_ID,ID_NUMBER,TYPE_ID,TERMINAL_ID,DELETE_FLAG,COLOR_ID_NUMBER_ID,AUTHORIZED_PAY_MASS) values ('B0000808','3400609', '测B14608', 4, 340609, 0, '2',15);

insert into T_SIMINFO (SIM_ID, ORG_CODE, DEPTCODE, STATE,PAY_MODLE, SIM_NUM) values(34610, 'B0000808', '中国移动', 1, '预付费', 13100014609);
insert into T_TERMINALINFO (TERMINAL_ID,TTYPE_ID,SIM_ID,TERMINAL_CODE,ORG_CODE,IS_VIDEO_TERMINAL,SP_SERVER_NAME,PROTOCOL_TYPE,CHANNELS,YT_PROTOCOL_TYPE) values(340610, 4, 34610, '1014609', 'B0000808',1,'1076测试服务器','4',8,'0');
insert into V_VEHICLEINFO (ORG_CODE,VEHICLE_ID,ID_NUMBER,TYPE_ID,TERMINAL_ID,DELETE_FLAG,COLOR_ID_NUMBER_ID,AUTHORIZED_PAY_MASS) values ('B0000808','3400610', '测B14609', 4, 340610, 0, '2',15);

insert into T_SIMINFO (SIM_ID, ORG_CODE, DEPTCODE, STATE,PAY_MODLE, SIM_NUM) values(34611, 'B0000808', '中国移动', 1, '预付费', 13100014610);
insert into T_TERMINALINFO (TERMINAL_ID,TTYPE_ID,SIM_ID,TERMINAL_CODE,ORG_CODE,IS_VIDEO_TERMINAL,SP_SERVER_NAME,PROTOCOL_TYPE,CHANNELS,YT_PROTOCOL_TYPE) values(340611, 4, 34611, '1014610', 'B0000808',1,'1076测试服务器','4',8,'0');
insert into V_VEHICLEINFO (ORG_CODE,VEHICLE_ID,ID_NUMBER,TYPE_ID,TERMINAL_ID,DELETE_FLAG,COLOR_ID_NUMBER_ID,AUTHORIZED_PAY_MASS) values ('B0000808','3400611', '测B14610', 4, 340611, 0, '2',15);

insert into T_SIMINFO (SIM_ID, ORG_CODE, DEPTCODE, STATE,PAY_MODLE, SIM_NUM) values(34612, 'B0000808', '中国移动', 1, '预付费', 13100014611);
insert into T_TERMINALINFO (TERMINAL_ID,TTYPE_ID,SIM_ID,TERMINAL_CODE,ORG_CODE,IS_VIDEO_TERMINAL,SP_SERVER_NAME,PROTOCOL_TYPE,CHANNELS,YT_PROTOCOL_TYPE) values(340612, 4, 34612, '1014611', 'B0000808',1,'1076测试服务器','4',8,'0');
insert into V_VEHICLEINFO (ORG_CODE,VEHICLE_ID,ID_NUMBER,TYPE_ID,TERMINAL_ID,DELETE_FLAG,COLOR_ID_NUMBER_ID,AUTHORIZED_PAY_MASS) values ('B0000808','3400612', '测B14611', 4, 340612, 0, '2',15);

insert into T_SIMINFO (SIM_ID, ORG_CODE, DEPTCODE, STATE,PAY_MODLE, SIM_NUM) values(34613, 'B0000808', '中国移动', 1, '预付费', 13100014612);
insert into T_TERMINALINFO (TERMINAL_ID,TTYPE_ID,SIM_ID,TERMINAL_CODE,ORG_CODE,IS_VIDEO_TERMINAL,SP_SERVER_NAME,PROTOCOL_TYPE,CHANNELS,YT_PROTOCOL_TYPE) values(340613, 4, 34613, '1014612', 'B0000808',1,'1076测试服务器','4',8,'0');
insert into V_VEHICLEINFO (ORG_CODE,VEHICLE_ID,ID_NUMBER,TYPE_ID,TERMINAL_ID,DELETE_FLAG,COLOR_ID_NUMBER_ID,AUTHORIZED_PAY_MASS) values ('B0000808','3400613', '测B14612', 4, 340613, 0, '2',15);

insert into T_SIMINFO (SIM_ID, ORG_CODE, DEPTCODE, STATE,PAY_MODLE, SIM_NUM) values(34614, 'B0000808', '中国移动', 1, '预付费', 13100014613);
insert into T_TERMINALINFO (TERMINAL_ID,TTYPE_ID,SIM_ID,TERMINAL_CODE,ORG_CODE,IS_VIDEO_TERMINAL,SP_SERVER_NAME,PROTOCOL_TYPE,CHANNELS,YT_PROTOCOL_TYPE) values(340614, 4, 34614, '1014613', 'B0000808',1,'1076测试服务器','4',8,'0');
insert into V_VEHICLEINFO (ORG_CODE,VEHICLE_ID,ID_NUMBER,TYPE_ID,TERMINAL_ID,DELETE_FLAG,COLOR_ID_NUMBER_ID,AUTHORIZED_PAY_MASS) values ('B0000808','3400614', '测B14613', 4, 340614, 0, '2',15);

insert into T_SIMINFO (SIM_ID, ORG_CODE, DEPTCODE, STATE,PAY_MODLE, SIM_NUM) values(34615, 'B0000808', '中国移动', 1, '预付费', 13100014614);
insert into T_TERMINALINFO (TERMINAL_ID,TTYPE_ID,SIM_ID,TERMINAL_CODE,ORG_CODE,IS_VIDEO_TERMINAL,SP_SERVER_NAME,PROTOCOL_TYPE,CHANNELS,YT_PROTOCOL_TYPE) values(340615, 4, 34615, '1014614', 'B0000808',1,'1076测试服务器','4',8,'0');
insert into V_VEHICLEINFO (ORG_CODE,VEHICLE_ID,ID_NUMBER,TYPE_ID,TERMINAL_ID,DELETE_FLAG,COLOR_ID_NUMBER_ID,AUTHORIZED_PAY_MASS) values ('B0000808','3400615', '测B14614', 4, 340615, 0, '2',15);

insert into T_SIMINFO (SIM_ID, ORG_CODE, DEPTCODE, STATE,PAY_MODLE, SIM_NUM) values(34616, 'B0000808', '中国移动', 1, '预付费', 13100014615);
insert into T_TERMINALINFO (TERMINAL_ID,TTYPE_ID,SIM_ID,TERMINAL_CODE,ORG_CODE,IS_VIDEO_TERMINAL,SP_SERVER_NAME,PROTOCOL_TYPE,CHANNELS,YT_PROTOCOL_TYPE) values(340616, 4, 34616, '1014615', 'B0000808',1,'1076测试服务器','4',8,'0');
insert into V_VEHICLEINFO (ORG_CODE,VEHICLE_ID,ID_NUMBER,TYPE_ID,TERMINAL_ID,DELETE_FLAG,COLOR_ID_NUMBER_ID,AUTHORIZED_PAY_MASS) values ('B0000808','3400616', '测B14615', 4, 340616, 0, '2',15);

insert into T_SIMINFO (SIM_ID, ORG_CODE, DEPTCODE, STATE,PAY_MODLE, SIM_NUM) values(34617, 'B0000808', '中国移动', 1, '预付费', 13100014616);
insert into T_TERMINALINFO (TERMINAL_ID,TTYPE_ID,SIM_ID,TERMINAL_CODE,ORG_CODE,IS_VIDEO_TERMINAL,SP_SERVER_NAME,PROTOCOL_TYPE,CHANNELS,YT_PROTOCOL_TYPE) values(340617, 4, 34617, '1014616', 'B0000808',1,'1076测试服务器','4',8,'0');
insert into V_VEHICLEINFO (ORG_CODE,VEHICLE_ID,ID_NUMBER,TYPE_ID,TERMINAL_ID,DELETE_FLAG,COLOR_ID_NUMBER_ID,AUTHORIZED_PAY_MASS) values ('B0000808','3400617', '测B14616', 4, 340617, 0, '2',15);

insert into T_SIMINFO (SIM_ID, ORG_CODE, DEPTCODE, STATE,PAY_MODLE, SIM_NUM) values(34618, 'B0000808', '中国移动', 1, '预付费', 13100014617);
insert into T_TERMINALINFO (TERMINAL_ID,TTYPE_ID,SIM_ID,TERMINAL_CODE,ORG_CODE,IS_VIDEO_TERMINAL,SP_SERVER_NAME,PROTOCOL_TYPE,CHANNELS,YT_PROTOCOL_TYPE) values(340618, 4, 34618, '1014617', 'B0000808',1,'1076测试服务器','4',8,'0');
insert into V_VEHICLEINFO (ORG_CODE,VEHICLE_ID,ID_NUMBER,TYPE_ID,TERMINAL_ID,DELETE_FLAG,COLOR_ID_NUMBER_ID,AUTHORIZED_PAY_MASS) values ('B0000808','3400618', '测B14617', 4, 340618, 0, '2',15);

insert into T_SIMINFO (SIM_ID, ORG_CODE, DEPTCODE, STATE,PAY_MODLE, SIM_NUM) values(34619, 'B0000808', '中国移动', 1, '预付费', 13100014618);
insert into T_TERMINALINFO (TERMINAL_ID,TTYPE_ID,SIM_ID,TERMINAL_CODE,ORG_CODE,IS_VIDEO_TERMINAL,SP_SERVER_NAME,PROTOCOL_TYPE,CHANNELS,YT_PROTOCOL_TYPE) values(340619, 4, 34619, '1014618', 'B0000808',1,'1076测试服务器','4',8,'0');
insert into V_VEHICLEINFO (ORG_CODE,VEHICLE_ID,ID_NUMBER,TYPE_ID,TERMINAL_ID,DELETE_FLAG,COLOR_ID_NUMBER_ID,AUTHORIZED_PAY_MASS) values ('B0000808','3400619', '测B14618', 4, 340619, 0, '2',15);

insert into T_SIMINFO (SIM_ID, ORG_CODE, DEPTCODE, STATE,PAY_MODLE, SIM_NUM) values(34620, 'B0000808', '中国移动', 1, '预付费', 13100014619);
insert into T_TERMINALINFO (TERMINAL_ID,TTYPE_ID,SIM_ID,TERMINAL_CODE,ORG_CODE,IS_VIDEO_TERMINAL,SP_SERVER_NAME,PROTOCOL_TYPE,CHANNELS,YT_PROTOCOL_TYPE) values(340620, 4, 34620, '1014619', 'B0000808',1,'1076测试服务器','4',8,'0');
insert into V_VEHICLEINFO (ORG_CODE,VEHICLE_ID,ID_NUMBER,TYPE_ID,TERMINAL_ID,DELETE_FLAG,COLOR_ID_NUMBER_ID,AUTHORIZED_PAY_MASS) values ('B0000808','3400620', '测B14619', 4, 340620, 0, '2',15);

insert into T_SIMINFO (SIM_ID, ORG_CODE, DEPTCODE, STATE,PAY_MODLE, SIM_NUM) values(34621, 'B0000808', '中国移动', 1, '预付费', 13100014620);
insert into T_TERMINALINFO (TERMINAL_ID,TTYPE_ID,SIM_ID,TERMINAL_CODE,ORG_CODE,IS_VIDEO_TERMINAL,SP_SERVER_NAME,PROTOCOL_TYPE,CHANNELS,YT_PROTOCOL_TYPE) values(340621, 4, 34621, '1014620', 'B0000808',1,'1076测试服务器','4',8,'0');
insert into V_VEHICLEINFO (ORG_CODE,VEHICLE_ID,ID_NUMBER,TYPE_ID,TERMINAL_ID,DELETE_FLAG,COLOR_ID_NUMBER_ID,AUTHORIZED_PAY_MASS) values ('B0000808','3400621', '测B14620', 4, 340621, 0, '2',15);

insert into T_SIMINFO (SIM_ID, ORG_CODE, DEPTCODE, STATE,PAY_MODLE, SIM_NUM) values(34622, 'B0000808', '中国移动', 1, '预付费', 13100014621);
insert into T_TERMINALINFO (TERMINAL_ID,TTYPE_ID,SIM_ID,TERMINAL_CODE,ORG_CODE,IS_VIDEO_TERMINAL,SP_SERVER_NAME,PROTOCOL_TYPE,CHANNELS,YT_PROTOCOL_TYPE) values(340622, 4, 34622, '1014621', 'B0000808',1,'1076测试服务器','4',8,'0');
insert into V_VEHICLEINFO (ORG_CODE,VEHICLE_ID,ID_NUMBER,TYPE_ID,TERMINAL_ID,DELETE_FLAG,COLOR_ID_NUMBER_ID,AUTHORIZED_PAY_MASS) values ('B0000808','3400622', '测B14621', 4, 340622, 0, '2',15);

insert into T_SIMINFO (SIM_ID, ORG_CODE, DEPTCODE, STATE,PAY_MODLE, SIM_NUM) values(34623, 'B0000808', '中国移动', 1, '预付费', 13100014622);
insert into T_TERMINALINFO (TERMINAL_ID,TTYPE_ID,SIM_ID,TERMINAL_CODE,ORG_CODE,IS_VIDEO_TERMINAL,SP_SERVER_NAME,PROTOCOL_TYPE,CHANNELS,YT_PROTOCOL_TYPE) values(340623, 4, 34623, '1014622', 'B0000808',1,'1076测试服务器','4',8,'0');
insert into V_VEHICLEINFO (ORG_CODE,VEHICLE_ID,ID_NUMBER,TYPE_ID,TERMINAL_ID,DELETE_FLAG,COLOR_ID_NUMBER_ID,AUTHORIZED_PAY_MASS) values ('B0000808','3400623', '测B14622', 4, 340623, 0, '2',15);

insert into T_SIMINFO (SIM_ID, ORG_CODE, DEPTCODE, STATE,PAY_MODLE, SIM_NUM) values(34624, 'B0000808', '中国移动', 1, '预付费', 13100014623);
insert into T_TERMINALINFO (TERMINAL_ID,TTYPE_ID,SIM_ID,TERMINAL_CODE,ORG_CODE,IS_VIDEO_TERMINAL,SP_SERVER_NAME,PROTOCOL_TYPE,CHANNELS,YT_PROTOCOL_TYPE) values(340624, 4, 34624, '1014623', 'B0000808',1,'1076测试服务器','4',8,'0');
insert into V_VEHICLEINFO (ORG_CODE,VEHICLE_ID,ID_NUMBER,TYPE_ID,TERMINAL_ID,DELETE_FLAG,COLOR_ID_NUMBER_ID,AUTHORIZED_PAY_MASS) values ('B0000808','3400624', '测B14623', 4, 340624, 0, '2',15);

insert into T_SIMINFO (SIM_ID, ORG_CODE, DEPTCODE, STATE,PAY_MODLE, SIM_NUM) values(34625, 'B0000808', '中国移动', 1, '预付费', 13100014624);
insert into T_TERMINALINFO (TERMINAL_ID,TTYPE_ID,SIM_ID,TERMINAL_CODE,ORG_CODE,IS_VIDEO_TERMINAL,SP_SERVER_NAME,PROTOCOL_TYPE,CHANNELS,YT_PROTOCOL_TYPE) values(340625, 4, 34625, '1014624', 'B0000808',1,'1076测试服务器','4',8,'0');
insert into V_VEHICLEINFO (ORG_CODE,VEHICLE_ID,ID_NUMBER,TYPE_ID,TERMINAL_ID,DELETE_FLAG,COLOR_ID_NUMBER_ID,AUTHORIZED_PAY_MASS) values ('B0000808','3400625', '测B14624', 4, 340625, 0, '2',15);

insert into T_SIMINFO (SIM_ID, ORG_CODE, DEPTCODE, STATE,PAY_MODLE, SIM_NUM) values(34626, 'B0000808', '中国移动', 1, '预付费', 13100014625);
insert into T_TERMINALINFO (TERMINAL_ID,TTYPE_ID,SIM_ID,TERMINAL_CODE,ORG_CODE,IS_VIDEO_TERMINAL,SP_SERVER_NAME,PROTOCOL_TYPE,CHANNELS,YT_PROTOCOL_TYPE) values(340626, 4, 34626, '1014625', 'B0000808',1,'1076测试服务器','4',8,'0');
insert into V_VEHICLEINFO (ORG_CODE,VEHICLE_ID,ID_NUMBER,TYPE_ID,TERMINAL_ID,DELETE_FLAG,COLOR_ID_NUMBER_ID,AUTHORIZED_PAY_MASS) values ('B0000808','3400626', '测B14625', 4, 340626, 0, '2',15);

insert into T_SIMINFO (SIM_ID, ORG_CODE, DEPTCODE, STATE,PAY_MODLE, SIM_NUM) values(34627, 'B0000808', '中国移动', 1, '预付费', 13100014626);
insert into T_TERMINALINFO (TERMINAL_ID,TTYPE_ID,SIM_ID,TERMINAL_CODE,ORG_CODE,IS_VIDEO_TERMINAL,SP_SERVER_NAME,PROTOCOL_TYPE,CHANNELS,YT_PROTOCOL_TYPE) values(340627, 4, 34627, '1014626', 'B0000808',1,'1076测试服务器','4',8,'0');
insert into V_VEHICLEINFO (ORG_CODE,VEHICLE_ID,ID_NUMBER,TYPE_ID,TERMINAL_ID,DELETE_FLAG,COLOR_ID_NUMBER_ID,AUTHORIZED_PAY_MASS) values ('B0000808','3400627', '测B14626', 4, 340627, 0, '2',15);

insert into T_SIMINFO (SIM_ID, ORG_CODE, DEPTCODE, STATE,PAY_MODLE, SIM_NUM) values(34628, 'B0000808', '中国移动', 1, '预付费', 13100014627);
insert into T_TERMINALINFO (TERMINAL_ID,TTYPE_ID,SIM_ID,TERMINAL_CODE,ORG_CODE,IS_VIDEO_TERMINAL,SP_SERVER_NAME,PROTOCOL_TYPE,CHANNELS,YT_PROTOCOL_TYPE) values(340628, 4, 34628, '1014627', 'B0000808',1,'1076测试服务器','4',8,'0');
insert into V_VEHICLEINFO (ORG_CODE,VEHICLE_ID,ID_NUMBER,TYPE_ID,TERMINAL_ID,DELETE_FLAG,COLOR_ID_NUMBER_ID,AUTHORIZED_PAY_MASS) values ('B0000808','3400628', '测B14627', 4, 340628, 0, '2',15);

insert into T_SIMINFO (SIM_ID, ORG_CODE, DEPTCODE, STATE,PAY_MODLE, SIM_NUM) values(34629, 'B0000808', '中国移动', 1, '预付费', 13100014628);
insert into T_TERMINALINFO (TERMINAL_ID,TTYPE_ID,SIM_ID,TERMINAL_CODE,ORG_CODE,IS_VIDEO_TERMINAL,SP_SERVER_NAME,PROTOCOL_TYPE,CHANNELS,YT_PROTOCOL_TYPE) values(340629, 4, 34629, '1014628', 'B0000808',1,'1076测试服务器','4',8,'0');
insert into V_VEHICLEINFO (ORG_CODE,VEHICLE_ID,ID_NUMBER,TYPE_ID,TERMINAL_ID,DELETE_FLAG,COLOR_ID_NUMBER_ID,AUTHORIZED_PAY_MASS) values ('B0000808','3400629', '测B14628', 4, 340629, 0, '2',15);

insert into T_SIMINFO (SIM_ID, ORG_CODE, DEPTCODE, STATE,PAY_MODLE, SIM_NUM) values(34630, 'B0000808', '中国移动', 1, '预付费', 13100014629);
insert into T_TERMINALINFO (TERMINAL_ID,TTYPE_ID,SIM_ID,TERMINAL_CODE,ORG_CODE,IS_VIDEO_TERMINAL,SP_SERVER_NAME,PROTOCOL_TYPE,CHANNELS,YT_PROTOCOL_TYPE) values(340630, 4, 34630, '1014629', 'B0000808',1,'1076测试服务器','4',8,'0');
insert into V_VEHICLEINFO (ORG_CODE,VEHICLE_ID,ID_NUMBER,TYPE_ID,TERMINAL_ID,DELETE_FLAG,COLOR_ID_NUMBER_ID,AUTHORIZED_PAY_MASS) values ('B0000808','3400630', '测B14629', 4, 340630, 0, '2',15);

insert into T_SIMINFO (SIM_ID, ORG_CODE, DEPTCODE, STATE,PAY_MODLE, SIM_NUM) values(34631, 'B0000808', '中国移动', 1, '预付费', 13100014630);
insert into T_TERMINALINFO (TERMINAL_ID,TTYPE_ID,SIM_ID,TERMINAL_CODE,ORG_CODE,IS_VIDEO_TERMINAL,SP_SERVER_NAME,PROTOCOL_TYPE,CHANNELS,YT_PROTOCOL_TYPE) values(340631, 4, 34631, '1014630', 'B0000808',1,'1076测试服务器','4',8,'0');
insert into V_VEHICLEINFO (ORG_CODE,VEHICLE_ID,ID_NUMBER,TYPE_ID,TERMINAL_ID,DELETE_FLAG,COLOR_ID_NUMBER_ID,AUTHORIZED_PAY_MASS) values ('B0000808','3400631', '测B14630', 4, 340631, 0, '2',15);

insert into T_SIMINFO (SIM_ID, ORG_CODE, DEPTCODE, STATE,PAY_MODLE, SIM_NUM) values(34632, 'B0000808', '中国移动', 1, '预付费', 13100014631);
insert into T_TERMINALINFO (TERMINAL_ID,TTYPE_ID,SIM_ID,TERMINAL_CODE,ORG_CODE,IS_VIDEO_TERMINAL,SP_SERVER_NAME,PROTOCOL_TYPE,CHANNELS,YT_PROTOCOL_TYPE) values(340632, 4, 34632, '1014631', 'B0000808',1,'1076测试服务器','4',8,'0');
insert into V_VEHICLEINFO (ORG_CODE,VEHICLE_ID,ID_NUMBER,TYPE_ID,TERMINAL_ID,DELETE_FLAG,COLOR_ID_NUMBER_ID,AUTHORIZED_PAY_MASS) values ('B0000808','3400632', '测B14631', 4, 340632, 0, '2',15);

insert into T_SIMINFO (SIM_ID, ORG_CODE, DEPTCODE, STATE,PAY_MODLE, SIM_NUM) values(34633, 'B0000808', '中国移动', 1, '预付费', 13100014632);
insert into T_TERMINALINFO (TERMINAL_ID,TTYPE_ID,SIM_ID,TERMINAL_CODE,ORG_CODE,IS_VIDEO_TERMINAL,SP_SERVER_NAME,PROTOCOL_TYPE,CHANNELS,YT_PROTOCOL_TYPE) values(340633, 4, 34633, '1014632', 'B0000808',1,'1076测试服务器','4',8,'0');
insert into V_VEHICLEINFO (ORG_CODE,VEHICLE_ID,ID_NUMBER,TYPE_ID,TERMINAL_ID,DELETE_FLAG,COLOR_ID_NUMBER_ID,AUTHORIZED_PAY_MASS) values ('B0000808','3400633', '测B14632', 4, 340633, 0, '2',15);

insert into T_SIMINFO (SIM_ID, ORG_CODE, DEPTCODE, STATE,PAY_MODLE, SIM_NUM) values(34634, 'B0000808', '中国移动', 1, '预付费', 13100014633);
insert into T_TERMINALINFO (TERMINAL_ID,TTYPE_ID,SIM_ID,TERMINAL_CODE,ORG_CODE,IS_VIDEO_TERMINAL,SP_SERVER_NAME,PROTOCOL_TYPE,CHANNELS,YT_PROTOCOL_TYPE) values(340634, 4, 34634, '1014633', 'B0000808',1,'1076测试服务器','4',8,'0');
insert into V_VEHICLEINFO (ORG_CODE,VEHICLE_ID,ID_NUMBER,TYPE_ID,TERMINAL_ID,DELETE_FLAG,COLOR_ID_NUMBER_ID,AUTHORIZED_PAY_MASS) values ('B0000808','3400634', '测B14633', 4, 340634, 0, '2',15);

insert into T_SIMINFO (SIM_ID, ORG_CODE, DEPTCODE, STATE,PAY_MODLE, SIM_NUM) values(34635, 'B0000808', '中国移动', 1, '预付费', 13100014634);
insert into T_TERMINALINFO (TERMINAL_ID,TTYPE_ID,SIM_ID,TERMINAL_CODE,ORG_CODE,IS_VIDEO_TERMINAL,SP_SERVER_NAME,PROTOCOL_TYPE,CHANNELS,YT_PROTOCOL_TYPE) values(340635, 4, 34635, '1014634', 'B0000808',1,'1076测试服务器','4',8,'0');
insert into V_VEHICLEINFO (ORG_CODE,VEHICLE_ID,ID_NUMBER,TYPE_ID,TERMINAL_ID,DELETE_FLAG,COLOR_ID_NUMBER_ID,AUTHORIZED_PAY_MASS) values ('B0000808','3400635', '测B14634', 4, 340635, 0, '2',15);

insert into T_SIMINFO (SIM_ID, ORG_CODE, DEPTCODE, STATE,PAY_MODLE, SIM_NUM) values(34636, 'B0000808', '中国移动', 1, '预付费', 13100014635);
insert into T_TERMINALINFO (TERMINAL_ID,TTYPE_ID,SIM_ID,TERMINAL_CODE,ORG_CODE,IS_VIDEO_TERMINAL,SP_SERVER_NAME,PROTOCOL_TYPE,CHANNELS,YT_PROTOCOL_TYPE) values(340636, 4, 34636, '1014635', 'B0000808',1,'1076测试服务器','4',8,'0');
insert into V_VEHICLEINFO (ORG_CODE,VEHICLE_ID,ID_NUMBER,TYPE_ID,TERMINAL_ID,DELETE_FLAG,COLOR_ID_NUMBER_ID,AUTHORIZED_PAY_MASS) values ('B0000808','3400636', '测B14635', 4, 340636, 0, '2',15);

insert into T_SIMINFO (SIM_ID, ORG_CODE, DEPTCODE, STATE,PAY_MODLE, SIM_NUM) values(34637, 'B0000808', '中国移动', 1, '预付费', 13100014636);
insert into T_TERMINALINFO (TERMINAL_ID,TTYPE_ID,SIM_ID,TERMINAL_CODE,ORG_CODE,IS_VIDEO_TERMINAL,SP_SERVER_NAME,PROTOCOL_TYPE,CHANNELS,YT_PROTOCOL_TYPE) values(340637, 4, 34637, '1014636', 'B0000808',1,'1076测试服务器','4',8,'0');
insert into V_VEHICLEINFO (ORG_CODE,VEHICLE_ID,ID_NUMBER,TYPE_ID,TERMINAL_ID,DELETE_FLAG,COLOR_ID_NUMBER_ID,AUTHORIZED_PAY_MASS) values ('B0000808','3400637', '测B14636', 4, 340637, 0, '2',15);

insert into T_SIMINFO (SIM_ID, ORG_CODE, DEPTCODE, STATE,PAY_MODLE, SIM_NUM) values(34638, 'B0000808', '中国移动', 1, '预付费', 13100014637);
insert into T_TERMINALINFO (TERMINAL_ID,TTYPE_ID,SIM_ID,TERMINAL_CODE,ORG_CODE,IS_VIDEO_TERMINAL,SP_SERVER_NAME,PROTOCOL_TYPE,CHANNELS,YT_PROTOCOL_TYPE) values(340638, 4, 34638, '1014637', 'B0000808',1,'1076测试服务器','4',8,'0');
insert into V_VEHICLEINFO (ORG_CODE,VEHICLE_ID,ID_NUMBER,TYPE_ID,TERMINAL_ID,DELETE_FLAG,COLOR_ID_NUMBER_ID,AUTHORIZED_PAY_MASS) values ('B0000808','3400638', '测B14637', 4, 340638, 0, '2',15);

insert into T_SIMINFO (SIM_ID, ORG_CODE, DEPTCODE, STATE,PAY_MODLE, SIM_NUM) values(34639, 'B0000808', '中国移动', 1, '预付费', 13100014638);
insert into T_TERMINALINFO (TERMINAL_ID,TTYPE_ID,SIM_ID,TERMINAL_CODE,ORG_CODE,IS_VIDEO_TERMINAL,SP_SERVER_NAME,PROTOCOL_TYPE,CHANNELS,YT_PROTOCOL_TYPE) values(340639, 4, 34639, '1014638', 'B0000808',1,'1076测试服务器','4',8,'0');
insert into V_VEHICLEINFO (ORG_CODE,VEHICLE_ID,ID_NUMBER,TYPE_ID,TERMINAL_ID,DELETE_FLAG,COLOR_ID_NUMBER_ID,AUTHORIZED_PAY_MASS) values ('B0000808','3400639', '测B14638', 4, 340639, 0, '2',15);

insert into T_SIMINFO (SIM_ID, ORG_CODE, DEPTCODE, STATE,PAY_MODLE, SIM_NUM) values(34640, 'B0000808', '中国移动', 1, '预付费', 13100014639);
insert into T_TERMINALINFO (TERMINAL_ID,TTYPE_ID,SIM_ID,TERMINAL_CODE,ORG_CODE,IS_VIDEO_TERMINAL,SP_SERVER_NAME,PROTOCOL_TYPE,CHANNELS,YT_PROTOCOL_TYPE) values(340640, 4, 34640, '1014639', 'B0000808',1,'1076测试服务器','4',8,'0');
insert into V_VEHICLEINFO (ORG_CODE,VEHICLE_ID,ID_NUMBER,TYPE_ID,TERMINAL_ID,DELETE_FLAG,COLOR_ID_NUMBER_ID,AUTHORIZED_PAY_MASS) values ('B0000808','3400640', '测B14639', 4, 340640, 0, '2',15);

insert into T_SIMINFO (SIM_ID, ORG_CODE, DEPTCODE, STATE,PAY_MODLE, SIM_NUM) values(34641, 'B0000808', '中国移动', 1, '预付费', 13100014640);
insert into T_TERMINALINFO (TERMINAL_ID,TTYPE_ID,SIM_ID,TERMINAL_CODE,ORG_CODE,IS_VIDEO_TERMINAL,SP_SERVER_NAME,PROTOCOL_TYPE,CHANNELS,YT_PROTOCOL_TYPE) values(340641, 4, 34641, '1014640', 'B0000808',1,'1076测试服务器','4',8,'0');
insert into V_VEHICLEINFO (ORG_CODE,VEHICLE_ID,ID_NUMBER,TYPE_ID,TERMINAL_ID,DELETE_FLAG,COLOR_ID_NUMBER_ID,AUTHORIZED_PAY_MASS) values ('B0000808','3400641', '测B14640', 4, 340641, 0, '2',15);

insert into T_SIMINFO (SIM_ID, ORG_CODE, DEPTCODE, STATE,PAY_MODLE, SIM_NUM) values(34642, 'B0000808', '中国移动', 1, '预付费', 13100014641);
insert into T_TERMINALINFO (TERMINAL_ID,TTYPE_ID,SIM_ID,TERMINAL_CODE,ORG_CODE,IS_VIDEO_TERMINAL,SP_SERVER_NAME,PROTOCOL_TYPE,CHANNELS,YT_PROTOCOL_TYPE) values(340642, 4, 34642, '1014641', 'B0000808',1,'1076测试服务器','4',8,'0');
insert into V_VEHICLEINFO (ORG_CODE,VEHICLE_ID,ID_NUMBER,TYPE_ID,TERMINAL_ID,DELETE_FLAG,COLOR_ID_NUMBER_ID,AUTHORIZED_PAY_MASS) values ('B0000808','3400642', '测B14641', 4, 340642, 0, '2',15);

insert into T_SIMINFO (SIM_ID, ORG_CODE, DEPTCODE, STATE,PAY_MODLE, SIM_NUM) values(34643, 'B0000808', '中国移动', 1, '预付费', 13100014642);
insert into T_TERMINALINFO (TERMINAL_ID,TTYPE_ID,SIM_ID,TERMINAL_CODE,ORG_CODE,IS_VIDEO_TERMINAL,SP_SERVER_NAME,PROTOCOL_TYPE,CHANNELS,YT_PROTOCOL_TYPE) values(340643, 4, 34643, '1014642', 'B0000808',1,'1076测试服务器','4',8,'0');
insert into V_VEHICLEINFO (ORG_CODE,VEHICLE_ID,ID_NUMBER,TYPE_ID,TERMINAL_ID,DELETE_FLAG,COLOR_ID_NUMBER_ID,AUTHORIZED_PAY_MASS) values ('B0000808','3400643', '测B14642', 4, 340643, 0, '2',15);

insert into T_SIMINFO (SIM_ID, ORG_CODE, DEPTCODE, STATE,PAY_MODLE, SIM_NUM) values(34644, 'B0000808', '中国移动', 1, '预付费', 13100014643);
insert into T_TERMINALINFO (TERMINAL_ID,TTYPE_ID,SIM_ID,TERMINAL_CODE,ORG_CODE,IS_VIDEO_TERMINAL,SP_SERVER_NAME,PROTOCOL_TYPE,CHANNELS,YT_PROTOCOL_TYPE) values(340644, 4, 34644, '1014643', 'B0000808',1,'1076测试服务器','4',8,'0');
insert into V_VEHICLEINFO (ORG_CODE,VEHICLE_ID,ID_NUMBER,TYPE_ID,TERMINAL_ID,DELETE_FLAG,COLOR_ID_NUMBER_ID,AUTHORIZED_PAY_MASS) values ('B0000808','3400644', '测B14643', 4, 340644, 0, '2',15);

insert into T_SIMINFO (SIM_ID, ORG_CODE, DEPTCODE, STATE,PAY_MODLE, SIM_NUM) values(34645, 'B0000808', '中国移动', 1, '预付费', 13100014644);
insert into T_TERMINALINFO (TERMINAL_ID,TTYPE_ID,SIM_ID,TERMINAL_CODE,ORG_CODE,IS_VIDEO_TERMINAL,SP_SERVER_NAME,PROTOCOL_TYPE,CHANNELS,YT_PROTOCOL_TYPE) values(340645, 4, 34645, '1014644', 'B0000808',1,'1076测试服务器','4',8,'0');
insert into V_VEHICLEINFO (ORG_CODE,VEHICLE_ID,ID_NUMBER,TYPE_ID,TERMINAL_ID,DELETE_FLAG,COLOR_ID_NUMBER_ID,AUTHORIZED_PAY_MASS) values ('B0000808','3400645', '测B14644', 4, 340645, 0, '2',15);

insert into T_SIMINFO (SIM_ID, ORG_CODE, DEPTCODE, STATE,PAY_MODLE, SIM_NUM) values(34646, 'B0000808', '中国移动', 1, '预付费', 13100014645);
insert into T_TERMINALINFO (TERMINAL_ID,TTYPE_ID,SIM_ID,TERMINAL_CODE,ORG_CODE,IS_VIDEO_TERMINAL,SP_SERVER_NAME,PROTOCOL_TYPE,CHANNELS,YT_PROTOCOL_TYPE) values(340646, 4, 34646, '1014645', 'B0000808',1,'1076测试服务器','4',8,'0');
insert into V_VEHICLEINFO (ORG_CODE,VEHICLE_ID,ID_NUMBER,TYPE_ID,TERMINAL_ID,DELETE_FLAG,COLOR_ID_NUMBER_ID,AUTHORIZED_PAY_MASS) values ('B0000808','3400646', '测B14645', 4, 340646, 0, '2',15);

insert into T_SIMINFO (SIM_ID, ORG_CODE, DEPTCODE, STATE,PAY_MODLE, SIM_NUM) values(34647, 'B0000808', '中国移动', 1, '预付费', 13100014646);
insert into T_TERMINALINFO (TERMINAL_ID,TTYPE_ID,SIM_ID,TERMINAL_CODE,ORG_CODE,IS_VIDEO_TERMINAL,SP_SERVER_NAME,PROTOCOL_TYPE,CHANNELS,YT_PROTOCOL_TYPE) values(340647, 4, 34647, '1014646', 'B0000808',1,'1076测试服务器','4',8,'0');
insert into V_VEHICLEINFO (ORG_CODE,VEHICLE_ID,ID_NUMBER,TYPE_ID,TERMINAL_ID,DELETE_FLAG,COLOR_ID_NUMBER_ID,AUTHORIZED_PAY_MASS) values ('B0000808','3400647', '测B14646', 4, 340647, 0, '2',15);

insert into T_SIMINFO (SIM_ID, ORG_CODE, DEPTCODE, STATE,PAY_MODLE, SIM_NUM) values(34648, 'B0000808', '中国移动', 1, '预付费', 13100014647);
insert into T_TERMINALINFO (TERMINAL_ID,TTYPE_ID,SIM_ID,TERMINAL_CODE,ORG_CODE,IS_VIDEO_TERMINAL,SP_SERVER_NAME,PROTOCOL_TYPE,CHANNELS,YT_PROTOCOL_TYPE) values(340648, 4, 34648, '1014647', 'B0000808',1,'1076测试服务器','4',8,'0');
insert into V_VEHICLEINFO (ORG_CODE,VEHICLE_ID,ID_NUMBER,TYPE_ID,TERMINAL_ID,DELETE_FLAG,COLOR_ID_NUMBER_ID,AUTHORIZED_PAY_MASS) values ('B0000808','3400648', '测B14647', 4, 340648, 0, '2',15);

insert into T_SIMINFO (SIM_ID, ORG_CODE, DEPTCODE, STATE,PAY_MODLE, SIM_NUM) values(34649, 'B0000808', '中国移动', 1, '预付费', 13100014648);
insert into T_TERMINALINFO (TERMINAL_ID,TTYPE_ID,SIM_ID,TERMINAL_CODE,ORG_CODE,IS_VIDEO_TERMINAL,SP_SERVER_NAME,PROTOCOL_TYPE,CHANNELS,YT_PROTOCOL_TYPE) values(340649, 4, 34649, '1014648', 'B0000808',1,'1076测试服务器','4',8,'0');
insert into V_VEHICLEINFO (ORG_CODE,VEHICLE_ID,ID_NUMBER,TYPE_ID,TERMINAL_ID,DELETE_FLAG,COLOR_ID_NUMBER_ID,AUTHORIZED_PAY_MASS) values ('B0000808','3400649', '测B14648', 4, 340649, 0, '2',15);

insert into T_SIMINFO (SIM_ID, ORG_CODE, DEPTCODE, STATE,PAY_MODLE, SIM_NUM) values(34650, 'B0000808', '中国移动', 1, '预付费', 13100014649);
insert into T_TERMINALINFO (TERMINAL_ID,TTYPE_ID,SIM_ID,TERMINAL_CODE,ORG_CODE,IS_VIDEO_TERMINAL,SP_SERVER_NAME,PROTOCOL_TYPE,CHANNELS,YT_PROTOCOL_TYPE) values(340650, 4, 34650, '1014649', 'B0000808',1,'1076测试服务器','4',8,'0');
insert into V_VEHICLEINFO (ORG_CODE,VEHICLE_ID,ID_NUMBER,TYPE_ID,TERMINAL_ID,DELETE_FLAG,COLOR_ID_NUMBER_ID,AUTHORIZED_PAY_MASS) values ('B0000808','3400650', '测B14649', 4, 340650, 0, '2',15);

insert into T_SIMINFO (SIM_ID, ORG_CODE, DEPTCODE, STATE,PAY_MODLE, SIM_NUM) values(34651, 'B0000808', '中国移动', 1, '预付费', 13100014650);
insert into T_TERMINALINFO (TERMINAL_ID,TTYPE_ID,SIM_ID,TERMINAL_CODE,ORG_CODE,IS_VIDEO_TERMINAL,SP_SERVER_NAME,PROTOCOL_TYPE,CHANNELS,YT_PROTOCOL_TYPE) values(340651, 4, 34651, '1014650', 'B0000808',1,'1076测试服务器','4',8,'0');
insert into V_VEHICLEINFO (ORG_CODE,VEHICLE_ID,ID_NUMBER,TYPE_ID,TERMINAL_ID,DELETE_FLAG,COLOR_ID_NUMBER_ID,AUTHORIZED_PAY_MASS) values ('B0000808','3400651', '测B14650', 4, 340651, 0, '2',15);

insert into T_SIMINFO (SIM_ID, ORG_CODE, DEPTCODE, STATE,PAY_MODLE, SIM_NUM) values(34652, 'B0000808', '中国移动', 1, '预付费', 13100014651);
insert into T_TERMINALINFO (TERMINAL_ID,TTYPE_ID,SIM_ID,TERMINAL_CODE,ORG_CODE,IS_VIDEO_TERMINAL,SP_SERVER_NAME,PROTOCOL_TYPE,CHANNELS,YT_PROTOCOL_TYPE) values(340652, 4, 34652, '1014651', 'B0000808',1,'1076测试服务器','4',8,'0');
insert into V_VEHICLEINFO (ORG_CODE,VEHICLE_ID,ID_NUMBER,TYPE_ID,TERMINAL_ID,DELETE_FLAG,COLOR_ID_NUMBER_ID,AUTHORIZED_PAY_MASS) values ('B0000808','3400652', '测B14651', 4, 340652, 0, '2',15);

insert into T_SIMINFO (SIM_ID, ORG_CODE, DEPTCODE, STATE,PAY_MODLE, SIM_NUM) values(34653, 'B0000808', '中国移动', 1, '预付费', 13100014652);
insert into T_TERMINALINFO (TERMINAL_ID,TTYPE_ID,SIM_ID,TERMINAL_CODE,ORG_CODE,IS_VIDEO_TERMINAL,SP_SERVER_NAME,PROTOCOL_TYPE,CHANNELS,YT_PROTOCOL_TYPE) values(340653, 4, 34653, '1014652', 'B0000808',1,'1076测试服务器','4',8,'0');
insert into V_VEHICLEINFO (ORG_CODE,VEHICLE_ID,ID_NUMBER,TYPE_ID,TERMINAL_ID,DELETE_FLAG,COLOR_ID_NUMBER_ID,AUTHORIZED_PAY_MASS) values ('B0000808','3400653', '测B14652', 4, 340653, 0, '2',15);

insert into T_SIMINFO (SIM_ID, ORG_CODE, DEPTCODE, STATE,PAY_MODLE, SIM_NUM) values(34654, 'B0000808', '中国移动', 1, '预付费', 13100014653);
insert into T_TERMINALINFO (TERMINAL_ID,TTYPE_ID,SIM_ID,TERMINAL_CODE,ORG_CODE,IS_VIDEO_TERMINAL,SP_SERVER_NAME,PROTOCOL_TYPE,CHANNELS,YT_PROTOCOL_TYPE) values(340654, 4, 34654, '1014653', 'B0000808',1,'1076测试服务器','4',8,'0');
insert into V_VEHICLEINFO (ORG_CODE,VEHICLE_ID,ID_NUMBER,TYPE_ID,TERMINAL_ID,DELETE_FLAG,COLOR_ID_NUMBER_ID,AUTHORIZED_PAY_MASS) values ('B0000808','3400654', '测B14653', 4, 340654, 0, '2',15);

insert into T_SIMINFO (SIM_ID, ORG_CODE, DEPTCODE, STATE,PAY_MODLE, SIM_NUM) values(34655, 'B0000808', '中国移动', 1, '预付费', 13100014654);
insert into T_TERMINALINFO (TERMINAL_ID,TTYPE_ID,SIM_ID,TERMINAL_CODE,ORG_CODE,IS_VIDEO_TERMINAL,SP_SERVER_NAME,PROTOCOL_TYPE,CHANNELS,YT_PROTOCOL_TYPE) values(340655, 4, 34655, '1014654', 'B0000808',1,'1076测试服务器','4',8,'0');
insert into V_VEHICLEINFO (ORG_CODE,VEHICLE_ID,ID_NUMBER,TYPE_ID,TERMINAL_ID,DELETE_FLAG,COLOR_ID_NUMBER_ID,AUTHORIZED_PAY_MASS) values ('B0000808','3400655', '测B14654', 4, 340655, 0, '2',15);

insert into T_SIMINFO (SIM_ID, ORG_CODE, DEPTCODE, STATE,PAY_MODLE, SIM_NUM) values(34656, 'B0000808', '中国移动', 1, '预付费', 13100014655);
insert into T_TERMINALINFO (TERMINAL_ID,TTYPE_ID,SIM_ID,TERMINAL_CODE,ORG_CODE,IS_VIDEO_TERMINAL,SP_SERVER_NAME,PROTOCOL_TYPE,CHANNELS,YT_PROTOCOL_TYPE) values(340656, 4, 34656, '1014655', 'B0000808',1,'1076测试服务器','4',8,'0');
insert into V_VEHICLEINFO (ORG_CODE,VEHICLE_ID,ID_NUMBER,TYPE_ID,TERMINAL_ID,DELETE_FLAG,COLOR_ID_NUMBER_ID,AUTHORIZED_PAY_MASS) values ('B0000808','3400656', '测B14655', 4, 340656, 0, '2',15);

insert into T_SIMINFO (SIM_ID, ORG_CODE, DEPTCODE, STATE,PAY_MODLE, SIM_NUM) values(34657, 'B0000808', '中国移动', 1, '预付费', 13100014656);
insert into T_TERMINALINFO (TERMINAL_ID,TTYPE_ID,SIM_ID,TERMINAL_CODE,ORG_CODE,IS_VIDEO_TERMINAL,SP_SERVER_NAME,PROTOCOL_TYPE,CHANNELS,YT_PROTOCOL_TYPE) values(340657, 4, 34657, '1014656', 'B0000808',1,'1076测试服务器','4',8,'0');
insert into V_VEHICLEINFO (ORG_CODE,VEHICLE_ID,ID_NUMBER,TYPE_ID,TERMINAL_ID,DELETE_FLAG,COLOR_ID_NUMBER_ID,AUTHORIZED_PAY_MASS) values ('B0000808','3400657', '测B14656', 4, 340657, 0, '2',15);

insert into T_SIMINFO (SIM_ID, ORG_CODE, DEPTCODE, STATE,PAY_MODLE, SIM_NUM) values(34658, 'B0000808', '中国移动', 1, '预付费', 13100014657);
insert into T_TERMINALINFO (TERMINAL_ID,TTYPE_ID,SIM_ID,TERMINAL_CODE,ORG_CODE,IS_VIDEO_TERMINAL,SP_SERVER_NAME,PROTOCOL_TYPE,CHANNELS,YT_PROTOCOL_TYPE) values(340658, 4, 34658, '1014657', 'B0000808',1,'1076测试服务器','4',8,'0');
insert into V_VEHICLEINFO (ORG_CODE,VEHICLE_ID,ID_NUMBER,TYPE_ID,TERMINAL_ID,DELETE_FLAG,COLOR_ID_NUMBER_ID,AUTHORIZED_PAY_MASS) values ('B0000808','3400658', '测B14657', 4, 340658, 0, '2',15);

insert into T_SIMINFO (SIM_ID, ORG_CODE, DEPTCODE, STATE,PAY_MODLE, SIM_NUM) values(34659, 'B0000808', '中国移动', 1, '预付费', 13100014658);
insert into T_TERMINALINFO (TERMINAL_ID,TTYPE_ID,SIM_ID,TERMINAL_CODE,ORG_CODE,IS_VIDEO_TERMINAL,SP_SERVER_NAME,PROTOCOL_TYPE,CHANNELS,YT_PROTOCOL_TYPE) values(340659, 4, 34659, '1014658', 'B0000808',1,'1076测试服务器','4',8,'0');
insert into V_VEHICLEINFO (ORG_CODE,VEHICLE_ID,ID_NUMBER,TYPE_ID,TERMINAL_ID,DELETE_FLAG,COLOR_ID_NUMBER_ID,AUTHORIZED_PAY_MASS) values ('B0000808','3400659', '测B14658', 4, 340659, 0, '2',15);

insert into T_SIMINFO (SIM_ID, ORG_CODE, DEPTCODE, STATE,PAY_MODLE, SIM_NUM) values(34660, 'B0000808', '中国移动', 1, '预付费', 13100014659);
insert into T_TERMINALINFO (TERMINAL_ID,TTYPE_ID,SIM_ID,TERMINAL_CODE,ORG_CODE,IS_VIDEO_TERMINAL,SP_SERVER_NAME,PROTOCOL_TYPE,CHANNELS,YT_PROTOCOL_TYPE) values(340660, 4, 34660, '1014659', 'B0000808',1,'1076测试服务器','4',8,'0');
insert into V_VEHICLEINFO (ORG_CODE,VEHICLE_ID,ID_NUMBER,TYPE_ID,TERMINAL_ID,DELETE_FLAG,COLOR_ID_NUMBER_ID,AUTHORIZED_PAY_MASS) values ('B0000808','3400660', '测B14659', 4, 340660, 0, '2',15);

insert into T_SIMINFO (SIM_ID, ORG_CODE, DEPTCODE, STATE,PAY_MODLE, SIM_NUM) values(34661, 'B0000808', '中国移动', 1, '预付费', 13100014660);
insert into T_TERMINALINFO (TERMINAL_ID,TTYPE_ID,SIM_ID,TERMINAL_CODE,ORG_CODE,IS_VIDEO_TERMINAL,SP_SERVER_NAME,PROTOCOL_TYPE,CHANNELS,YT_PROTOCOL_TYPE) values(340661, 4, 34661, '1014660', 'B0000808',1,'1076测试服务器','4',8,'0');
insert into V_VEHICLEINFO (ORG_CODE,VEHICLE_ID,ID_NUMBER,TYPE_ID,TERMINAL_ID,DELETE_FLAG,COLOR_ID_NUMBER_ID,AUTHORIZED_PAY_MASS) values ('B0000808','3400661', '测B14660', 4, 340661, 0, '2',15);

insert into T_SIMINFO (SIM_ID, ORG_CODE, DEPTCODE, STATE,PAY_MODLE, SIM_NUM) values(34662, 'B0000808', '中国移动', 1, '预付费', 13100014661);
insert into T_TERMINALINFO (TERMINAL_ID,TTYPE_ID,SIM_ID,TERMINAL_CODE,ORG_CODE,IS_VIDEO_TERMINAL,SP_SERVER_NAME,PROTOCOL_TYPE,CHANNELS,YT_PROTOCOL_TYPE) values(340662, 4, 34662, '1014661', 'B0000808',1,'1076测试服务器','4',8,'0');
insert into V_VEHICLEINFO (ORG_CODE,VEHICLE_ID,ID_NUMBER,TYPE_ID,TERMINAL_ID,DELETE_FLAG,COLOR_ID_NUMBER_ID,AUTHORIZED_PAY_MASS) values ('B0000808','3400662', '测B14661', 4, 340662, 0, '2',15);

insert into T_SIMINFO (SIM_ID, ORG_CODE, DEPTCODE, STATE,PAY_MODLE, SIM_NUM) values(34663, 'B0000808', '中国移动', 1, '预付费', 13100014662);
insert into T_TERMINALINFO (TERMINAL_ID,TTYPE_ID,SIM_ID,TERMINAL_CODE,ORG_CODE,IS_VIDEO_TERMINAL,SP_SERVER_NAME,PROTOCOL_TYPE,CHANNELS,YT_PROTOCOL_TYPE) values(340663, 4, 34663, '1014662', 'B0000808',1,'1076测试服务器','4',8,'0');
insert into V_VEHICLEINFO (ORG_CODE,VEHICLE_ID,ID_NUMBER,TYPE_ID,TERMINAL_ID,DELETE_FLAG,COLOR_ID_NUMBER_ID,AUTHORIZED_PAY_MASS) values ('B0000808','3400663', '测B14662', 4, 340663, 0, '2',15);

insert into T_SIMINFO (SIM_ID, ORG_CODE, DEPTCODE, STATE,PAY_MODLE, SIM_NUM) values(34664, 'B0000808', '中国移动', 1, '预付费', 13100014663);
insert into T_TERMINALINFO (TERMINAL_ID,TTYPE_ID,SIM_ID,TERMINAL_CODE,ORG_CODE,IS_VIDEO_TERMINAL,SP_SERVER_NAME,PROTOCOL_TYPE,CHANNELS,YT_PROTOCOL_TYPE) values(340664, 4, 34664, '1014663', 'B0000808',1,'1076测试服务器','4',8,'0');
insert into V_VEHICLEINFO (ORG_CODE,VEHICLE_ID,ID_NUMBER,TYPE_ID,TERMINAL_ID,DELETE_FLAG,COLOR_ID_NUMBER_ID,AUTHORIZED_PAY_MASS) values ('B0000808','3400664', '测B14663', 4, 340664, 0, '2',15);

insert into T_SIMINFO (SIM_ID, ORG_CODE, DEPTCODE, STATE,PAY_MODLE, SIM_NUM) values(34665, 'B0000808', '中国移动', 1, '预付费', 13100014664);
insert into T_TERMINALINFO (TERMINAL_ID,TTYPE_ID,SIM_ID,TERMINAL_CODE,ORG_CODE,IS_VIDEO_TERMINAL,SP_SERVER_NAME,PROTOCOL_TYPE,CHANNELS,YT_PROTOCOL_TYPE) values(340665, 4, 34665, '1014664', 'B0000808',1,'1076测试服务器','4',8,'0');
insert into V_VEHICLEINFO (ORG_CODE,VEHICLE_ID,ID_NUMBER,TYPE_ID,TERMINAL_ID,DELETE_FLAG,COLOR_ID_NUMBER_ID,AUTHORIZED_PAY_MASS) values ('B0000808','3400665', '测B14664', 4, 340665, 0, '2',15);

insert into T_SIMINFO (SIM_ID, ORG_CODE, DEPTCODE, STATE,PAY_MODLE, SIM_NUM) values(34666, 'B0000808', '中国移动', 1, '预付费', 13100014665);
insert into T_TERMINALINFO (TERMINAL_ID,TTYPE_ID,SIM_ID,TERMINAL_CODE,ORG_CODE,IS_VIDEO_TERMINAL,SP_SERVER_NAME,PROTOCOL_TYPE,CHANNELS,YT_PROTOCOL_TYPE) values(340666, 4, 34666, '1014665', 'B0000808',1,'1076测试服务器','4',8,'0');
insert into V_VEHICLEINFO (ORG_CODE,VEHICLE_ID,ID_NUMBER,TYPE_ID,TERMINAL_ID,DELETE_FLAG,COLOR_ID_NUMBER_ID,AUTHORIZED_PAY_MASS) values ('B0000808','3400666', '测B14665', 4, 340666, 0, '2',15);

insert into T_SIMINFO (SIM_ID, ORG_CODE, DEPTCODE, STATE,PAY_MODLE, SIM_NUM) values(34667, 'B0000808', '中国移动', 1, '预付费', 13100014666);
insert into T_TERMINALINFO (TERMINAL_ID,TTYPE_ID,SIM_ID,TERMINAL_CODE,ORG_CODE,IS_VIDEO_TERMINAL,SP_SERVER_NAME,PROTOCOL_TYPE,CHANNELS,YT_PROTOCOL_TYPE) values(340667, 4, 34667, '1014666', 'B0000808',1,'1076测试服务器','4',8,'0');
insert into V_VEHICLEINFO (ORG_CODE,VEHICLE_ID,ID_NUMBER,TYPE_ID,TERMINAL_ID,DELETE_FLAG,COLOR_ID_NUMBER_ID,AUTHORIZED_PAY_MASS) values ('B0000808','3400667', '测B14666', 4, 340667, 0, '2',15);

insert into T_SIMINFO (SIM_ID, ORG_CODE, DEPTCODE, STATE,PAY_MODLE, SIM_NUM) values(34668, 'B0000808', '中国移动', 1, '预付费', 13100014667);
insert into T_TERMINALINFO (TERMINAL_ID,TTYPE_ID,SIM_ID,TERMINAL_CODE,ORG_CODE,IS_VIDEO_TERMINAL,SP_SERVER_NAME,PROTOCOL_TYPE,CHANNELS,YT_PROTOCOL_TYPE) values(340668, 4, 34668, '1014667', 'B0000808',1,'1076测试服务器','4',8,'0');
insert into V_VEHICLEINFO (ORG_CODE,VEHICLE_ID,ID_NUMBER,TYPE_ID,TERMINAL_ID,DELETE_FLAG,COLOR_ID_NUMBER_ID,AUTHORIZED_PAY_MASS) values ('B0000808','3400668', '测B14667', 4, 340668, 0, '2',15);

insert into T_SIMINFO (SIM_ID, ORG_CODE, DEPTCODE, STATE,PAY_MODLE, SIM_NUM) values(34669, 'B0000808', '中国移动', 1, '预付费', 13100014668);
insert into T_TERMINALINFO (TERMINAL_ID,TTYPE_ID,SIM_ID,TERMINAL_CODE,ORG_CODE,IS_VIDEO_TERMINAL,SP_SERVER_NAME,PROTOCOL_TYPE,CHANNELS,YT_PROTOCOL_TYPE) values(340669, 4, 34669, '1014668', 'B0000808',1,'1076测试服务器','4',8,'0');
insert into V_VEHICLEINFO (ORG_CODE,VEHICLE_ID,ID_NUMBER,TYPE_ID,TERMINAL_ID,DELETE_FLAG,COLOR_ID_NUMBER_ID,AUTHORIZED_PAY_MASS) values ('B0000808','3400669', '测B14668', 4, 340669, 0, '2',15);

insert into T_SIMINFO (SIM_ID, ORG_CODE, DEPTCODE, STATE,PAY_MODLE, SIM_NUM) values(34670, 'B0000808', '中国移动', 1, '预付费', 13100014669);
insert into T_TERMINALINFO (TERMINAL_ID,TTYPE_ID,SIM_ID,TERMINAL_CODE,ORG_CODE,IS_VIDEO_TERMINAL,SP_SERVER_NAME,PROTOCOL_TYPE,CHANNELS,YT_PROTOCOL_TYPE) values(340670, 4, 34670, '1014669', 'B0000808',1,'1076测试服务器','4',8,'0');
insert into V_VEHICLEINFO (ORG_CODE,VEHICLE_ID,ID_NUMBER,TYPE_ID,TERMINAL_ID,DELETE_FLAG,COLOR_ID_NUMBER_ID,AUTHORIZED_PAY_MASS) values ('B0000808','3400670', '测B14669', 4, 340670, 0, '2',15);

insert into T_SIMINFO (SIM_ID, ORG_CODE, DEPTCODE, STATE,PAY_MODLE, SIM_NUM) values(34671, 'B0000808', '中国移动', 1, '预付费', 13100014670);
insert into T_TERMINALINFO (TERMINAL_ID,TTYPE_ID,SIM_ID,TERMINAL_CODE,ORG_CODE,IS_VIDEO_TERMINAL,SP_SERVER_NAME,PROTOCOL_TYPE,CHANNELS,YT_PROTOCOL_TYPE) values(340671, 4, 34671, '1014670', 'B0000808',1,'1076测试服务器','4',8,'0');
insert into V_VEHICLEINFO (ORG_CODE,VEHICLE_ID,ID_NUMBER,TYPE_ID,TERMINAL_ID,DELETE_FLAG,COLOR_ID_NUMBER_ID,AUTHORIZED_PAY_MASS) values ('B0000808','3400671', '测B14670', 4, 340671, 0, '2',15);

insert into T_SIMINFO (SIM_ID, ORG_CODE, DEPTCODE, STATE,PAY_MODLE, SIM_NUM) values(34672, 'B0000808', '中国移动', 1, '预付费', 13100014671);
insert into T_TERMINALINFO (TERMINAL_ID,TTYPE_ID,SIM_ID,TERMINAL_CODE,ORG_CODE,IS_VIDEO_TERMINAL,SP_SERVER_NAME,PROTOCOL_TYPE,CHANNELS,YT_PROTOCOL_TYPE) values(340672, 4, 34672, '1014671', 'B0000808',1,'1076测试服务器','4',8,'0');
insert into V_VEHICLEINFO (ORG_CODE,VEHICLE_ID,ID_NUMBER,TYPE_ID,TERMINAL_ID,DELETE_FLAG,COLOR_ID_NUMBER_ID,AUTHORIZED_PAY_MASS) values ('B0000808','3400672', '测B14671', 4, 340672, 0, '2',15);

insert into T_SIMINFO (SIM_ID, ORG_CODE, DEPTCODE, STATE,PAY_MODLE, SIM_NUM) values(34673, 'B0000808', '中国移动', 1, '预付费', 13100014672);
insert into T_TERMINALINFO (TERMINAL_ID,TTYPE_ID,SIM_ID,TERMINAL_CODE,ORG_CODE,IS_VIDEO_TERMINAL,SP_SERVER_NAME,PROTOCOL_TYPE,CHANNELS,YT_PROTOCOL_TYPE) values(340673, 4, 34673, '1014672', 'B0000808',1,'1076测试服务器','4',8,'0');
insert into V_VEHICLEINFO (ORG_CODE,VEHICLE_ID,ID_NUMBER,TYPE_ID,TERMINAL_ID,DELETE_FLAG,COLOR_ID_NUMBER_ID,AUTHORIZED_PAY_MASS) values ('B0000808','3400673', '测B14672', 4, 340673, 0, '2',15);

insert into T_SIMINFO (SIM_ID, ORG_CODE, DEPTCODE, STATE,PAY_MODLE, SIM_NUM) values(34674, 'B0000808', '中国移动', 1, '预付费', 13100014673);
insert into T_TERMINALINFO (TERMINAL_ID,TTYPE_ID,SIM_ID,TERMINAL_CODE,ORG_CODE,IS_VIDEO_TERMINAL,SP_SERVER_NAME,PROTOCOL_TYPE,CHANNELS,YT_PROTOCOL_TYPE) values(340674, 4, 34674, '1014673', 'B0000808',1,'1076测试服务器','4',8,'0');
insert into V_VEHICLEINFO (ORG_CODE,VEHICLE_ID,ID_NUMBER,TYPE_ID,TERMINAL_ID,DELETE_FLAG,COLOR_ID_NUMBER_ID,AUTHORIZED_PAY_MASS) values ('B0000808','3400674', '测B14673', 4, 340674, 0, '2',15);

insert into T_SIMINFO (SIM_ID, ORG_CODE, DEPTCODE, STATE,PAY_MODLE, SIM_NUM) values(34675, 'B0000808', '中国移动', 1, '预付费', 13100014674);
insert into T_TERMINALINFO (TERMINAL_ID,TTYPE_ID,SIM_ID,TERMINAL_CODE,ORG_CODE,IS_VIDEO_TERMINAL,SP_SERVER_NAME,PROTOCOL_TYPE,CHANNELS,YT_PROTOCOL_TYPE) values(340675, 4, 34675, '1014674', 'B0000808',1,'1076测试服务器','4',8,'0');
insert into V_VEHICLEINFO (ORG_CODE,VEHICLE_ID,ID_NUMBER,TYPE_ID,TERMINAL_ID,DELETE_FLAG,COLOR_ID_NUMBER_ID,AUTHORIZED_PAY_MASS) values ('B0000808','3400675', '测B14674', 4, 340675, 0, '2',15);

insert into T_SIMINFO (SIM_ID, ORG_CODE, DEPTCODE, STATE,PAY_MODLE, SIM_NUM) values(34676, 'B0000808', '中国移动', 1, '预付费', 13100014675);
insert into T_TERMINALINFO (TERMINAL_ID,TTYPE_ID,SIM_ID,TERMINAL_CODE,ORG_CODE,IS_VIDEO_TERMINAL,SP_SERVER_NAME,PROTOCOL_TYPE,CHANNELS,YT_PROTOCOL_TYPE) values(340676, 4, 34676, '1014675', 'B0000808',1,'1076测试服务器','4',8,'0');
insert into V_VEHICLEINFO (ORG_CODE,VEHICLE_ID,ID_NUMBER,TYPE_ID,TERMINAL_ID,DELETE_FLAG,COLOR_ID_NUMBER_ID,AUTHORIZED_PAY_MASS) values ('B0000808','3400676', '测B14675', 4, 340676, 0, '2',15);

insert into T_SIMINFO (SIM_ID, ORG_CODE, DEPTCODE, STATE,PAY_MODLE, SIM_NUM) values(34677, 'B0000808', '中国移动', 1, '预付费', 13100014676);
insert into T_TERMINALINFO (TERMINAL_ID,TTYPE_ID,SIM_ID,TERMINAL_CODE,ORG_CODE,IS_VIDEO_TERMINAL,SP_SERVER_NAME,PROTOCOL_TYPE,CHANNELS,YT_PROTOCOL_TYPE) values(340677, 4, 34677, '1014676', 'B0000808',1,'1076测试服务器','4',8,'0');
insert into V_VEHICLEINFO (ORG_CODE,VEHICLE_ID,ID_NUMBER,TYPE_ID,TERMINAL_ID,DELETE_FLAG,COLOR_ID_NUMBER_ID,AUTHORIZED_PAY_MASS) values ('B0000808','3400677', '测B14676', 4, 340677, 0, '2',15);

insert into T_SIMINFO (SIM_ID, ORG_CODE, DEPTCODE, STATE,PAY_MODLE, SIM_NUM) values(34678, 'B0000808', '中国移动', 1, '预付费', 13100014677);
insert into T_TERMINALINFO (TERMINAL_ID,TTYPE_ID,SIM_ID,TERMINAL_CODE,ORG_CODE,IS_VIDEO_TERMINAL,SP_SERVER_NAME,PROTOCOL_TYPE,CHANNELS,YT_PROTOCOL_TYPE) values(340678, 4, 34678, '1014677', 'B0000808',1,'1076测试服务器','4',8,'0');
insert into V_VEHICLEINFO (ORG_CODE,VEHICLE_ID,ID_NUMBER,TYPE_ID,TERMINAL_ID,DELETE_FLAG,COLOR_ID_NUMBER_ID,AUTHORIZED_PAY_MASS) values ('B0000808','3400678', '测B14677', 4, 340678, 0, '2',15);

insert into T_SIMINFO (SIM_ID, ORG_CODE, DEPTCODE, STATE,PAY_MODLE, SIM_NUM) values(34679, 'B0000808', '中国移动', 1, '预付费', 13100014678);
insert into T_TERMINALINFO (TERMINAL_ID,TTYPE_ID,SIM_ID,TERMINAL_CODE,ORG_CODE,IS_VIDEO_TERMINAL,SP_SERVER_NAME,PROTOCOL_TYPE,CHANNELS,YT_PROTOCOL_TYPE) values(340679, 4, 34679, '1014678', 'B0000808',1,'1076测试服务器','4',8,'0');
insert into V_VEHICLEINFO (ORG_CODE,VEHICLE_ID,ID_NUMBER,TYPE_ID,TERMINAL_ID,DELETE_FLAG,COLOR_ID_NUMBER_ID,AUTHORIZED_PAY_MASS) values ('B0000808','3400679', '测B14678', 4, 340679, 0, '2',15);

insert into T_SIMINFO (SIM_ID, ORG_CODE, DEPTCODE, STATE,PAY_MODLE, SIM_NUM) values(34680, 'B0000808', '中国移动', 1, '预付费', 13100014679);
insert into T_TERMINALINFO (TERMINAL_ID,TTYPE_ID,SIM_ID,TERMINAL_CODE,ORG_CODE,IS_VIDEO_TERMINAL,SP_SERVER_NAME,PROTOCOL_TYPE,CHANNELS,YT_PROTOCOL_TYPE) values(340680, 4, 34680, '1014679', 'B0000808',1,'1076测试服务器','4',8,'0');
insert into V_VEHICLEINFO (ORG_CODE,VEHICLE_ID,ID_NUMBER,TYPE_ID,TERMINAL_ID,DELETE_FLAG,COLOR_ID_NUMBER_ID,AUTHORIZED_PAY_MASS) values ('B0000808','3400680', '测B14679', 4, 340680, 0, '2',15);

insert into T_SIMINFO (SIM_ID, ORG_CODE, DEPTCODE, STATE,PAY_MODLE, SIM_NUM) values(34681, 'B0000808', '中国移动', 1, '预付费', 13100014680);
insert into T_TERMINALINFO (TERMINAL_ID,TTYPE_ID,SIM_ID,TERMINAL_CODE,ORG_CODE,IS_VIDEO_TERMINAL,SP_SERVER_NAME,PROTOCOL_TYPE,CHANNELS,YT_PROTOCOL_TYPE) values(340681, 4, 34681, '1014680', 'B0000808',1,'1076测试服务器','4',8,'0');
insert into V_VEHICLEINFO (ORG_CODE,VEHICLE_ID,ID_NUMBER,TYPE_ID,TERMINAL_ID,DELETE_FLAG,COLOR_ID_NUMBER_ID,AUTHORIZED_PAY_MASS) values ('B0000808','3400681', '测B14680', 4, 340681, 0, '2',15);

insert into T_SIMINFO (SIM_ID, ORG_CODE, DEPTCODE, STATE,PAY_MODLE, SIM_NUM) values(34682, 'B0000808', '中国移动', 1, '预付费', 13100014681);
insert into T_TERMINALINFO (TERMINAL_ID,TTYPE_ID,SIM_ID,TERMINAL_CODE,ORG_CODE,IS_VIDEO_TERMINAL,SP_SERVER_NAME,PROTOCOL_TYPE,CHANNELS,YT_PROTOCOL_TYPE) values(340682, 4, 34682, '1014681', 'B0000808',1,'1076测试服务器','4',8,'0');
insert into V_VEHICLEINFO (ORG_CODE,VEHICLE_ID,ID_NUMBER,TYPE_ID,TERMINAL_ID,DELETE_FLAG,COLOR_ID_NUMBER_ID,AUTHORIZED_PAY_MASS) values ('B0000808','3400682', '测B14681', 4, 340682, 0, '2',15);

insert into T_SIMINFO (SIM_ID, ORG_CODE, DEPTCODE, STATE,PAY_MODLE, SIM_NUM) values(34683, 'B0000808', '中国移动', 1, '预付费', 13100014682);
insert into T_TERMINALINFO (TERMINAL_ID,TTYPE_ID,SIM_ID,TERMINAL_CODE,ORG_CODE,IS_VIDEO_TERMINAL,SP_SERVER_NAME,PROTOCOL_TYPE,CHANNELS,YT_PROTOCOL_TYPE) values(340683, 4, 34683, '1014682', 'B0000808',1,'1076测试服务器','4',8,'0');
insert into V_VEHICLEINFO (ORG_CODE,VEHICLE_ID,ID_NUMBER,TYPE_ID,TERMINAL_ID,DELETE_FLAG,COLOR_ID_NUMBER_ID,AUTHORIZED_PAY_MASS) values ('B0000808','3400683', '测B14682', 4, 340683, 0, '2',15);

insert into T_SIMINFO (SIM_ID, ORG_CODE, DEPTCODE, STATE,PAY_MODLE, SIM_NUM) values(34684, 'B0000808', '中国移动', 1, '预付费', 13100014683);
insert into T_TERMINALINFO (TERMINAL_ID,TTYPE_ID,SIM_ID,TERMINAL_CODE,ORG_CODE,IS_VIDEO_TERMINAL,SP_SERVER_NAME,PROTOCOL_TYPE,CHANNELS,YT_PROTOCOL_TYPE) values(340684, 4, 34684, '1014683', 'B0000808',1,'1076测试服务器','4',8,'0');
insert into V_VEHICLEINFO (ORG_CODE,VEHICLE_ID,ID_NUMBER,TYPE_ID,TERMINAL_ID,DELETE_FLAG,COLOR_ID_NUMBER_ID,AUTHORIZED_PAY_MASS) values ('B0000808','3400684', '测B14683', 4, 340684, 0, '2',15);

insert into T_SIMINFO (SIM_ID, ORG_CODE, DEPTCODE, STATE,PAY_MODLE, SIM_NUM) values(34685, 'B0000808', '中国移动', 1, '预付费', 13100014684);
insert into T_TERMINALINFO (TERMINAL_ID,TTYPE_ID,SIM_ID,TERMINAL_CODE,ORG_CODE,IS_VIDEO_TERMINAL,SP_SERVER_NAME,PROTOCOL_TYPE,CHANNELS,YT_PROTOCOL_TYPE) values(340685, 4, 34685, '1014684', 'B0000808',1,'1076测试服务器','4',8,'0');
insert into V_VEHICLEINFO (ORG_CODE,VEHICLE_ID,ID_NUMBER,TYPE_ID,TERMINAL_ID,DELETE_FLAG,COLOR_ID_NUMBER_ID,AUTHORIZED_PAY_MASS) values ('B0000808','3400685', '测B14684', 4, 340685, 0, '2',15);

insert into T_SIMINFO (SIM_ID, ORG_CODE, DEPTCODE, STATE,PAY_MODLE, SIM_NUM) values(34686, 'B0000808', '中国移动', 1, '预付费', 13100014685);
insert into T_TERMINALINFO (TERMINAL_ID,TTYPE_ID,SIM_ID,TERMINAL_CODE,ORG_CODE,IS_VIDEO_TERMINAL,SP_SERVER_NAME,PROTOCOL_TYPE,CHANNELS,YT_PROTOCOL_TYPE) values(340686, 4, 34686, '1014685', 'B0000808',1,'1076测试服务器','4',8,'0');
insert into V_VEHICLEINFO (ORG_CODE,VEHICLE_ID,ID_NUMBER,TYPE_ID,TERMINAL_ID,DELETE_FLAG,COLOR_ID_NUMBER_ID,AUTHORIZED_PAY_MASS) values ('B0000808','3400686', '测B14685', 4, 340686, 0, '2',15);

insert into T_SIMINFO (SIM_ID, ORG_CODE, DEPTCODE, STATE,PAY_MODLE, SIM_NUM) values(34687, 'B0000808', '中国移动', 1, '预付费', 13100014686);
insert into T_TERMINALINFO (TERMINAL_ID,TTYPE_ID,SIM_ID,TERMINAL_CODE,ORG_CODE,IS_VIDEO_TERMINAL,SP_SERVER_NAME,PROTOCOL_TYPE,CHANNELS,YT_PROTOCOL_TYPE) values(340687, 4, 34687, '1014686', 'B0000808',1,'1076测试服务器','4',8,'0');
insert into V_VEHICLEINFO (ORG_CODE,VEHICLE_ID,ID_NUMBER,TYPE_ID,TERMINAL_ID,DELETE_FLAG,COLOR_ID_NUMBER_ID,AUTHORIZED_PAY_MASS) values ('B0000808','3400687', '测B14686', 4, 340687, 0, '2',15);

insert into T_SIMINFO (SIM_ID, ORG_CODE, DEPTCODE, STATE,PAY_MODLE, SIM_NUM) values(34688, 'B0000808', '中国移动', 1, '预付费', 13100014687);
insert into T_TERMINALINFO (TERMINAL_ID,TTYPE_ID,SIM_ID,TERMINAL_CODE,ORG_CODE,IS_VIDEO_TERMINAL,SP_SERVER_NAME,PROTOCOL_TYPE,CHANNELS,YT_PROTOCOL_TYPE) values(340688, 4, 34688, '1014687', 'B0000808',1,'1076测试服务器','4',8,'0');
insert into V_VEHICLEINFO (ORG_CODE,VEHICLE_ID,ID_NUMBER,TYPE_ID,TERMINAL_ID,DELETE_FLAG,COLOR_ID_NUMBER_ID,AUTHORIZED_PAY_MASS) values ('B0000808','3400688', '测B14687', 4, 340688, 0, '2',15);

insert into T_SIMINFO (SIM_ID, ORG_CODE, DEPTCODE, STATE,PAY_MODLE, SIM_NUM) values(34689, 'B0000808', '中国移动', 1, '预付费', 13100014688);
insert into T_TERMINALINFO (TERMINAL_ID,TTYPE_ID,SIM_ID,TERMINAL_CODE,ORG_CODE,IS_VIDEO_TERMINAL,SP_SERVER_NAME,PROTOCOL_TYPE,CHANNELS,YT_PROTOCOL_TYPE) values(340689, 4, 34689, '1014688', 'B0000808',1,'1076测试服务器','4',8,'0');
insert into V_VEHICLEINFO (ORG_CODE,VEHICLE_ID,ID_NUMBER,TYPE_ID,TERMINAL_ID,DELETE_FLAG,COLOR_ID_NUMBER_ID,AUTHORIZED_PAY_MASS) values ('B0000808','3400689', '测B14688', 4, 340689, 0, '2',15);

insert into T_SIMINFO (SIM_ID, ORG_CODE, DEPTCODE, STATE,PAY_MODLE, SIM_NUM) values(34690, 'B0000808', '中国移动', 1, '预付费', 13100014689);
insert into T_TERMINALINFO (TERMINAL_ID,TTYPE_ID,SIM_ID,TERMINAL_CODE,ORG_CODE,IS_VIDEO_TERMINAL,SP_SERVER_NAME,PROTOCOL_TYPE,CHANNELS,YT_PROTOCOL_TYPE) values(340690, 4, 34690, '1014689', 'B0000808',1,'1076测试服务器','4',8,'0');
insert into V_VEHICLEINFO (ORG_CODE,VEHICLE_ID,ID_NUMBER,TYPE_ID,TERMINAL_ID,DELETE_FLAG,COLOR_ID_NUMBER_ID,AUTHORIZED_PAY_MASS) values ('B0000808','3400690', '测B14689', 4, 340690, 0, '2',15);

insert into T_SIMINFO (SIM_ID, ORG_CODE, DEPTCODE, STATE,PAY_MODLE, SIM_NUM) values(34691, 'B0000808', '中国移动', 1, '预付费', 13100014690);
insert into T_TERMINALINFO (TERMINAL_ID,TTYPE_ID,SIM_ID,TERMINAL_CODE,ORG_CODE,IS_VIDEO_TERMINAL,SP_SERVER_NAME,PROTOCOL_TYPE,CHANNELS,YT_PROTOCOL_TYPE) values(340691, 4, 34691, '1014690', 'B0000808',1,'1076测试服务器','4',8,'0');
insert into V_VEHICLEINFO (ORG_CODE,VEHICLE_ID,ID_NUMBER,TYPE_ID,TERMINAL_ID,DELETE_FLAG,COLOR_ID_NUMBER_ID,AUTHORIZED_PAY_MASS) values ('B0000808','3400691', '测B14690', 4, 340691, 0, '2',15);

insert into T_SIMINFO (SIM_ID, ORG_CODE, DEPTCODE, STATE,PAY_MODLE, SIM_NUM) values(34692, 'B0000808', '中国移动', 1, '预付费', 13100014691);
insert into T_TERMINALINFO (TERMINAL_ID,TTYPE_ID,SIM_ID,TERMINAL_CODE,ORG_CODE,IS_VIDEO_TERMINAL,SP_SERVER_NAME,PROTOCOL_TYPE,CHANNELS,YT_PROTOCOL_TYPE) values(340692, 4, 34692, '1014691', 'B0000808',1,'1076测试服务器','4',8,'0');
insert into V_VEHICLEINFO (ORG_CODE,VEHICLE_ID,ID_NUMBER,TYPE_ID,TERMINAL_ID,DELETE_FLAG,COLOR_ID_NUMBER_ID,AUTHORIZED_PAY_MASS) values ('B0000808','3400692', '测B14691', 4, 340692, 0, '2',15);

insert into T_SIMINFO (SIM_ID, ORG_CODE, DEPTCODE, STATE,PAY_MODLE, SIM_NUM) values(34693, 'B0000808', '中国移动', 1, '预付费', 13100014692);
insert into T_TERMINALINFO (TERMINAL_ID,TTYPE_ID,SIM_ID,TERMINAL_CODE,ORG_CODE,IS_VIDEO_TERMINAL,SP_SERVER_NAME,PROTOCOL_TYPE,CHANNELS,YT_PROTOCOL_TYPE) values(340693, 4, 34693, '1014692', 'B0000808',1,'1076测试服务器','4',8,'0');
insert into V_VEHICLEINFO (ORG_CODE,VEHICLE_ID,ID_NUMBER,TYPE_ID,TERMINAL_ID,DELETE_FLAG,COLOR_ID_NUMBER_ID,AUTHORIZED_PAY_MASS) values ('B0000808','3400693', '测B14692', 4, 340693, 0, '2',15);

insert into T_SIMINFO (SIM_ID, ORG_CODE, DEPTCODE, STATE,PAY_MODLE, SIM_NUM) values(34694, 'B0000808', '中国移动', 1, '预付费', 13100014693);
insert into T_TERMINALINFO (TERMINAL_ID,TTYPE_ID,SIM_ID,TERMINAL_CODE,ORG_CODE,IS_VIDEO_TERMINAL,SP_SERVER_NAME,PROTOCOL_TYPE,CHANNELS,YT_PROTOCOL_TYPE) values(340694, 4, 34694, '1014693', 'B0000808',1,'1076测试服务器','4',8,'0');
insert into V_VEHICLEINFO (ORG_CODE,VEHICLE_ID,ID_NUMBER,TYPE_ID,TERMINAL_ID,DELETE_FLAG,COLOR_ID_NUMBER_ID,AUTHORIZED_PAY_MASS) values ('B0000808','3400694', '测B14693', 4, 340694, 0, '2',15);

insert into T_SIMINFO (SIM_ID, ORG_CODE, DEPTCODE, STATE,PAY_MODLE, SIM_NUM) values(34695, 'B0000808', '中国移动', 1, '预付费', 13100014694);
insert into T_TERMINALINFO (TERMINAL_ID,TTYPE_ID,SIM_ID,TERMINAL_CODE,ORG_CODE,IS_VIDEO_TERMINAL,SP_SERVER_NAME,PROTOCOL_TYPE,CHANNELS,YT_PROTOCOL_TYPE) values(340695, 4, 34695, '1014694', 'B0000808',1,'1076测试服务器','4',8,'0');
insert into V_VEHICLEINFO (ORG_CODE,VEHICLE_ID,ID_NUMBER,TYPE_ID,TERMINAL_ID,DELETE_FLAG,COLOR_ID_NUMBER_ID,AUTHORIZED_PAY_MASS) values ('B0000808','3400695', '测B14694', 4, 340695, 0, '2',15);

insert into T_SIMINFO (SIM_ID, ORG_CODE, DEPTCODE, STATE,PAY_MODLE, SIM_NUM) values(34696, 'B0000808', '中国移动', 1, '预付费', 13100014695);
insert into T_TERMINALINFO (TERMINAL_ID,TTYPE_ID,SIM_ID,TERMINAL_CODE,ORG_CODE,IS_VIDEO_TERMINAL,SP_SERVER_NAME,PROTOCOL_TYPE,CHANNELS,YT_PROTOCOL_TYPE) values(340696, 4, 34696, '1014695', 'B0000808',1,'1076测试服务器','4',8,'0');
insert into V_VEHICLEINFO (ORG_CODE,VEHICLE_ID,ID_NUMBER,TYPE_ID,TERMINAL_ID,DELETE_FLAG,COLOR_ID_NUMBER_ID,AUTHORIZED_PAY_MASS) values ('B0000808','3400696', '测B14695', 4, 340696, 0, '2',15);

insert into T_SIMINFO (SIM_ID, ORG_CODE, DEPTCODE, STATE,PAY_MODLE, SIM_NUM) values(34697, 'B0000808', '中国移动', 1, '预付费', 13100014696);
insert into T_TERMINALINFO (TERMINAL_ID,TTYPE_ID,SIM_ID,TERMINAL_CODE,ORG_CODE,IS_VIDEO_TERMINAL,SP_SERVER_NAME,PROTOCOL_TYPE,CHANNELS,YT_PROTOCOL_TYPE) values(340697, 4, 34697, '1014696', 'B0000808',1,'1076测试服务器','4',8,'0');
insert into V_VEHICLEINFO (ORG_CODE,VEHICLE_ID,ID_NUMBER,TYPE_ID,TERMINAL_ID,DELETE_FLAG,COLOR_ID_NUMBER_ID,AUTHORIZED_PAY_MASS) values ('B0000808','3400697', '测B14696', 4, 340697, 0, '2',15);

insert into T_SIMINFO (SIM_ID, ORG_CODE, DEPTCODE, STATE,PAY_MODLE, SIM_NUM) values(34698, 'B0000808', '中国移动', 1, '预付费', 13100014697);
insert into T_TERMINALINFO (TERMINAL_ID,TTYPE_ID,SIM_ID,TERMINAL_CODE,ORG_CODE,IS_VIDEO_TERMINAL,SP_SERVER_NAME,PROTOCOL_TYPE,CHANNELS,YT_PROTOCOL_TYPE) values(340698, 4, 34698, '1014697', 'B0000808',1,'1076测试服务器','4',8,'0');
insert into V_VEHICLEINFO (ORG_CODE,VEHICLE_ID,ID_NUMBER,TYPE_ID,TERMINAL_ID,DELETE_FLAG,COLOR_ID_NUMBER_ID,AUTHORIZED_PAY_MASS) values ('B0000808','3400698', '测B14697', 4, 340698, 0, '2',15);

insert into T_SIMINFO (SIM_ID, ORG_CODE, DEPTCODE, STATE,PAY_MODLE, SIM_NUM) values(34699, 'B0000808', '中国移动', 1, '预付费', 13100014698);
insert into T_TERMINALINFO (TERMINAL_ID,TTYPE_ID,SIM_ID,TERMINAL_CODE,ORG_CODE,IS_VIDEO_TERMINAL,SP_SERVER_NAME,PROTOCOL_TYPE,CHANNELS,YT_PROTOCOL_TYPE) values(340699, 4, 34699, '1014698', 'B0000808',1,'1076测试服务器','4',8,'0');
insert into V_VEHICLEINFO (ORG_CODE,VEHICLE_ID,ID_NUMBER,TYPE_ID,TERMINAL_ID,DELETE_FLAG,COLOR_ID_NUMBER_ID,AUTHORIZED_PAY_MASS) values ('B0000808','3400699', '测B14698', 4, 340699, 0, '2',15);

insert into T_SIMINFO (SIM_ID, ORG_CODE, DEPTCODE, STATE,PAY_MODLE, SIM_NUM) values(34700, 'B0000808', '中国移动', 1, '预付费', 13100014699);
insert into T_TERMINALINFO (TERMINAL_ID,TTYPE_ID,SIM_ID,TERMINAL_CODE,ORG_CODE,IS_VIDEO_TERMINAL,SP_SERVER_NAME,PROTOCOL_TYPE,CHANNELS,YT_PROTOCOL_TYPE) values(340700, 4, 34700, '1014699', 'B0000808',1,'1076测试服务器','4',8,'0');
insert into V_VEHICLEINFO (ORG_CODE,VEHICLE_ID,ID_NUMBER,TYPE_ID,TERMINAL_ID,DELETE_FLAG,COLOR_ID_NUMBER_ID,AUTHORIZED_PAY_MASS) values ('B0000808','3400700', '测B14699', 4, 340700, 0, '2',15);

insert into T_SIMINFO (SIM_ID, ORG_CODE, DEPTCODE, STATE,PAY_MODLE, SIM_NUM) values(34701, 'B0000808', '中国移动', 1, '预付费', 13100014700);
insert into T_TERMINALINFO (TERMINAL_ID,TTYPE_ID,SIM_ID,TERMINAL_CODE,ORG_CODE,IS_VIDEO_TERMINAL,SP_SERVER_NAME,PROTOCOL_TYPE,CHANNELS,YT_PROTOCOL_TYPE) values(340701, 4, 34701, '1014700', 'B0000808',1,'1076测试服务器','4',8,'0');
insert into V_VEHICLEINFO (ORG_CODE,VEHICLE_ID,ID_NUMBER,TYPE_ID,TERMINAL_ID,DELETE_FLAG,COLOR_ID_NUMBER_ID,AUTHORIZED_PAY_MASS) values ('B0000808','3400701', '测B14700', 4, 340701, 0, '2',15);

insert into T_SIMINFO (SIM_ID, ORG_CODE, DEPTCODE, STATE,PAY_MODLE, SIM_NUM) values(34702, 'B0000808', '中国移动', 1, '预付费', 13100014701);
insert into T_TERMINALINFO (TERMINAL_ID,TTYPE_ID,SIM_ID,TERMINAL_CODE,ORG_CODE,IS_VIDEO_TERMINAL,SP_SERVER_NAME,PROTOCOL_TYPE,CHANNELS,YT_PROTOCOL_TYPE) values(340702, 4, 34702, '1014701', 'B0000808',1,'1076测试服务器','4',8,'0');
insert into V_VEHICLEINFO (ORG_CODE,VEHICLE_ID,ID_NUMBER,TYPE_ID,TERMINAL_ID,DELETE_FLAG,COLOR_ID_NUMBER_ID,AUTHORIZED_PAY_MASS) values ('B0000808','3400702', '测B14701', 4, 340702, 0, '2',15);

insert into T_SIMINFO (SIM_ID, ORG_CODE, DEPTCODE, STATE,PAY_MODLE, SIM_NUM) values(34703, 'B0000808', '中国移动', 1, '预付费', 13100014702);
insert into T_TERMINALINFO (TERMINAL_ID,TTYPE_ID,SIM_ID,TERMINAL_CODE,ORG_CODE,IS_VIDEO_TERMINAL,SP_SERVER_NAME,PROTOCOL_TYPE,CHANNELS,YT_PROTOCOL_TYPE) values(340703, 4, 34703, '1014702', 'B0000808',1,'1076测试服务器','4',8,'0');
insert into V_VEHICLEINFO (ORG_CODE,VEHICLE_ID,ID_NUMBER,TYPE_ID,TERMINAL_ID,DELETE_FLAG,COLOR_ID_NUMBER_ID,AUTHORIZED_PAY_MASS) values ('B0000808','3400703', '测B14702', 4, 340703, 0, '2',15);

insert into T_SIMINFO (SIM_ID, ORG_CODE, DEPTCODE, STATE,PAY_MODLE, SIM_NUM) values(34704, 'B0000808', '中国移动', 1, '预付费', 13100014703);
insert into T_TERMINALINFO (TERMINAL_ID,TTYPE_ID,SIM_ID,TERMINAL_CODE,ORG_CODE,IS_VIDEO_TERMINAL,SP_SERVER_NAME,PROTOCOL_TYPE,CHANNELS,YT_PROTOCOL_TYPE) values(340704, 4, 34704, '1014703', 'B0000808',1,'1076测试服务器','4',8,'0');
insert into V_VEHICLEINFO (ORG_CODE,VEHICLE_ID,ID_NUMBER,TYPE_ID,TERMINAL_ID,DELETE_FLAG,COLOR_ID_NUMBER_ID,AUTHORIZED_PAY_MASS) values ('B0000808','3400704', '测B14703', 4, 340704, 0, '2',15);

insert into T_SIMINFO (SIM_ID, ORG_CODE, DEPTCODE, STATE,PAY_MODLE, SIM_NUM) values(34705, 'B0000808', '中国移动', 1, '预付费', 13100014704);
insert into T_TERMINALINFO (TERMINAL_ID,TTYPE_ID,SIM_ID,TERMINAL_CODE,ORG_CODE,IS_VIDEO_TERMINAL,SP_SERVER_NAME,PROTOCOL_TYPE,CHANNELS,YT_PROTOCOL_TYPE) values(340705, 4, 34705, '1014704', 'B0000808',1,'1076测试服务器','4',8,'0');
insert into V_VEHICLEINFO (ORG_CODE,VEHICLE_ID,ID_NUMBER,TYPE_ID,TERMINAL_ID,DELETE_FLAG,COLOR_ID_NUMBER_ID,AUTHORIZED_PAY_MASS) values ('B0000808','3400705', '测B14704', 4, 340705, 0, '2',15);

insert into T_SIMINFO (SIM_ID, ORG_CODE, DEPTCODE, STATE,PAY_MODLE, SIM_NUM) values(34706, 'B0000808', '中国移动', 1, '预付费', 13100014705);
insert into T_TERMINALINFO (TERMINAL_ID,TTYPE_ID,SIM_ID,TERMINAL_CODE,ORG_CODE,IS_VIDEO_TERMINAL,SP_SERVER_NAME,PROTOCOL_TYPE,CHANNELS,YT_PROTOCOL_TYPE) values(340706, 4, 34706, '1014705', 'B0000808',1,'1076测试服务器','4',8,'0');
insert into V_VEHICLEINFO (ORG_CODE,VEHICLE_ID,ID_NUMBER,TYPE_ID,TERMINAL_ID,DELETE_FLAG,COLOR_ID_NUMBER_ID,AUTHORIZED_PAY_MASS) values ('B0000808','3400706', '测B14705', 4, 340706, 0, '2',15);

insert into T_SIMINFO (SIM_ID, ORG_CODE, DEPTCODE, STATE,PAY_MODLE, SIM_NUM) values(34707, 'B0000808', '中国移动', 1, '预付费', 13100014706);
insert into T_TERMINALINFO (TERMINAL_ID,TTYPE_ID,SIM_ID,TERMINAL_CODE,ORG_CODE,IS_VIDEO_TERMINAL,SP_SERVER_NAME,PROTOCOL_TYPE,CHANNELS,YT_PROTOCOL_TYPE) values(340707, 4, 34707, '1014706', 'B0000808',1,'1076测试服务器','4',8,'0');
insert into V_VEHICLEINFO (ORG_CODE,VEHICLE_ID,ID_NUMBER,TYPE_ID,TERMINAL_ID,DELETE_FLAG,COLOR_ID_NUMBER_ID,AUTHORIZED_PAY_MASS) values ('B0000808','3400707', '测B14706', 4, 340707, 0, '2',15);

insert into T_SIMINFO (SIM_ID, ORG_CODE, DEPTCODE, STATE,PAY_MODLE, SIM_NUM) values(34708, 'B0000808', '中国移动', 1, '预付费', 13100014707);
insert into T_TERMINALINFO (TERMINAL_ID,TTYPE_ID,SIM_ID,TERMINAL_CODE,ORG_CODE,IS_VIDEO_TERMINAL,SP_SERVER_NAME,PROTOCOL_TYPE,CHANNELS,YT_PROTOCOL_TYPE) values(340708, 4, 34708, '1014707', 'B0000808',1,'1076测试服务器','4',8,'0');
insert into V_VEHICLEINFO (ORG_CODE,VEHICLE_ID,ID_NUMBER,TYPE_ID,TERMINAL_ID,DELETE_FLAG,COLOR_ID_NUMBER_ID,AUTHORIZED_PAY_MASS) values ('B0000808','3400708', '测B14707', 4, 340708, 0, '2',15);

insert into T_SIMINFO (SIM_ID, ORG_CODE, DEPTCODE, STATE,PAY_MODLE, SIM_NUM) values(34709, 'B0000808', '中国移动', 1, '预付费', 13100014708);
insert into T_TERMINALINFO (TERMINAL_ID,TTYPE_ID,SIM_ID,TERMINAL_CODE,ORG_CODE,IS_VIDEO_TERMINAL,SP_SERVER_NAME,PROTOCOL_TYPE,CHANNELS,YT_PROTOCOL_TYPE) values(340709, 4, 34709, '1014708', 'B0000808',1,'1076测试服务器','4',8,'0');
insert into V_VEHICLEINFO (ORG_CODE,VEHICLE_ID,ID_NUMBER,TYPE_ID,TERMINAL_ID,DELETE_FLAG,COLOR_ID_NUMBER_ID,AUTHORIZED_PAY_MASS) values ('B0000808','3400709', '测B14708', 4, 340709, 0, '2',15);

insert into T_SIMINFO (SIM_ID, ORG_CODE, DEPTCODE, STATE,PAY_MODLE, SIM_NUM) values(34710, 'B0000808', '中国移动', 1, '预付费', 13100014709);
insert into T_TERMINALINFO (TERMINAL_ID,TTYPE_ID,SIM_ID,TERMINAL_CODE,ORG_CODE,IS_VIDEO_TERMINAL,SP_SERVER_NAME,PROTOCOL_TYPE,CHANNELS,YT_PROTOCOL_TYPE) values(340710, 4, 34710, '1014709', 'B0000808',1,'1076测试服务器','4',8,'0');
insert into V_VEHICLEINFO (ORG_CODE,VEHICLE_ID,ID_NUMBER,TYPE_ID,TERMINAL_ID,DELETE_FLAG,COLOR_ID_NUMBER_ID,AUTHORIZED_PAY_MASS) values ('B0000808','3400710', '测B14709', 4, 340710, 0, '2',15);

insert into T_SIMINFO (SIM_ID, ORG_CODE, DEPTCODE, STATE,PAY_MODLE, SIM_NUM) values(34711, 'B0000808', '中国移动', 1, '预付费', 13100014710);
insert into T_TERMINALINFO (TERMINAL_ID,TTYPE_ID,SIM_ID,TERMINAL_CODE,ORG_CODE,IS_VIDEO_TERMINAL,SP_SERVER_NAME,PROTOCOL_TYPE,CHANNELS,YT_PROTOCOL_TYPE) values(340711, 4, 34711, '1014710', 'B0000808',1,'1076测试服务器','4',8,'0');
insert into V_VEHICLEINFO (ORG_CODE,VEHICLE_ID,ID_NUMBER,TYPE_ID,TERMINAL_ID,DELETE_FLAG,COLOR_ID_NUMBER_ID,AUTHORIZED_PAY_MASS) values ('B0000808','3400711', '测B14710', 4, 340711, 0, '2',15);

insert into T_SIMINFO (SIM_ID, ORG_CODE, DEPTCODE, STATE,PAY_MODLE, SIM_NUM) values(34712, 'B0000808', '中国移动', 1, '预付费', 13100014711);
insert into T_TERMINALINFO (TERMINAL_ID,TTYPE_ID,SIM_ID,TERMINAL_CODE,ORG_CODE,IS_VIDEO_TERMINAL,SP_SERVER_NAME,PROTOCOL_TYPE,CHANNELS,YT_PROTOCOL_TYPE) values(340712, 4, 34712, '1014711', 'B0000808',1,'1076测试服务器','4',8,'0');
insert into V_VEHICLEINFO (ORG_CODE,VEHICLE_ID,ID_NUMBER,TYPE_ID,TERMINAL_ID,DELETE_FLAG,COLOR_ID_NUMBER_ID,AUTHORIZED_PAY_MASS) values ('B0000808','3400712', '测B14711', 4, 340712, 0, '2',15);

insert into T_SIMINFO (SIM_ID, ORG_CODE, DEPTCODE, STATE,PAY_MODLE, SIM_NUM) values(34713, 'B0000808', '中国移动', 1, '预付费', 13100014712);
insert into T_TERMINALINFO (TERMINAL_ID,TTYPE_ID,SIM_ID,TERMINAL_CODE,ORG_CODE,IS_VIDEO_TERMINAL,SP_SERVER_NAME,PROTOCOL_TYPE,CHANNELS,YT_PROTOCOL_TYPE) values(340713, 4, 34713, '1014712', 'B0000808',1,'1076测试服务器','4',8,'0');
insert into V_VEHICLEINFO (ORG_CODE,VEHICLE_ID,ID_NUMBER,TYPE_ID,TERMINAL_ID,DELETE_FLAG,COLOR_ID_NUMBER_ID,AUTHORIZED_PAY_MASS) values ('B0000808','3400713', '测B14712', 4, 340713, 0, '2',15);

insert into T_SIMINFO (SIM_ID, ORG_CODE, DEPTCODE, STATE,PAY_MODLE, SIM_NUM) values(34714, 'B0000808', '中国移动', 1, '预付费', 13100014713);
insert into T_TERMINALINFO (TERMINAL_ID,TTYPE_ID,SIM_ID,TERMINAL_CODE,ORG_CODE,IS_VIDEO_TERMINAL,SP_SERVER_NAME,PROTOCOL_TYPE,CHANNELS,YT_PROTOCOL_TYPE) values(340714, 4, 34714, '1014713', 'B0000808',1,'1076测试服务器','4',8,'0');
insert into V_VEHICLEINFO (ORG_CODE,VEHICLE_ID,ID_NUMBER,TYPE_ID,TERMINAL_ID,DELETE_FLAG,COLOR_ID_NUMBER_ID,AUTHORIZED_PAY_MASS) values ('B0000808','3400714', '测B14713', 4, 340714, 0, '2',15);

insert into T_SIMINFO (SIM_ID, ORG_CODE, DEPTCODE, STATE,PAY_MODLE, SIM_NUM) values(34715, 'B0000808', '中国移动', 1, '预付费', 13100014714);
insert into T_TERMINALINFO (TERMINAL_ID,TTYPE_ID,SIM_ID,TERMINAL_CODE,ORG_CODE,IS_VIDEO_TERMINAL,SP_SERVER_NAME,PROTOCOL_TYPE,CHANNELS,YT_PROTOCOL_TYPE) values(340715, 4, 34715, '1014714', 'B0000808',1,'1076测试服务器','4',8,'0');
insert into V_VEHICLEINFO (ORG_CODE,VEHICLE_ID,ID_NUMBER,TYPE_ID,TERMINAL_ID,DELETE_FLAG,COLOR_ID_NUMBER_ID,AUTHORIZED_PAY_MASS) values ('B0000808','3400715', '测B14714', 4, 340715, 0, '2',15);

insert into T_SIMINFO (SIM_ID, ORG_CODE, DEPTCODE, STATE,PAY_MODLE, SIM_NUM) values(34716, 'B0000808', '中国移动', 1, '预付费', 13100014715);
insert into T_TERMINALINFO (TERMINAL_ID,TTYPE_ID,SIM_ID,TERMINAL_CODE,ORG_CODE,IS_VIDEO_TERMINAL,SP_SERVER_NAME,PROTOCOL_TYPE,CHANNELS,YT_PROTOCOL_TYPE) values(340716, 4, 34716, '1014715', 'B0000808',1,'1076测试服务器','4',8,'0');
insert into V_VEHICLEINFO (ORG_CODE,VEHICLE_ID,ID_NUMBER,TYPE_ID,TERMINAL_ID,DELETE_FLAG,COLOR_ID_NUMBER_ID,AUTHORIZED_PAY_MASS) values ('B0000808','3400716', '测B14715', 4, 340716, 0, '2',15);

insert into T_SIMINFO (SIM_ID, ORG_CODE, DEPTCODE, STATE,PAY_MODLE, SIM_NUM) values(34717, 'B0000808', '中国移动', 1, '预付费', 13100014716);
insert into T_TERMINALINFO (TERMINAL_ID,TTYPE_ID,SIM_ID,TERMINAL_CODE,ORG_CODE,IS_VIDEO_TERMINAL,SP_SERVER_NAME,PROTOCOL_TYPE,CHANNELS,YT_PROTOCOL_TYPE) values(340717, 4, 34717, '1014716', 'B0000808',1,'1076测试服务器','4',8,'0');
insert into V_VEHICLEINFO (ORG_CODE,VEHICLE_ID,ID_NUMBER,TYPE_ID,TERMINAL_ID,DELETE_FLAG,COLOR_ID_NUMBER_ID,AUTHORIZED_PAY_MASS) values ('B0000808','3400717', '测B14716', 4, 340717, 0, '2',15);

insert into T_SIMINFO (SIM_ID, ORG_CODE, DEPTCODE, STATE,PAY_MODLE, SIM_NUM) values(34718, 'B0000808', '中国移动', 1, '预付费', 13100014717);
insert into T_TERMINALINFO (TERMINAL_ID,TTYPE_ID,SIM_ID,TERMINAL_CODE,ORG_CODE,IS_VIDEO_TERMINAL,SP_SERVER_NAME,PROTOCOL_TYPE,CHANNELS,YT_PROTOCOL_TYPE) values(340718, 4, 34718, '1014717', 'B0000808',1,'1076测试服务器','4',8,'0');
insert into V_VEHICLEINFO (ORG_CODE,VEHICLE_ID,ID_NUMBER,TYPE_ID,TERMINAL_ID,DELETE_FLAG,COLOR_ID_NUMBER_ID,AUTHORIZED_PAY_MASS) values ('B0000808','3400718', '测B14717', 4, 340718, 0, '2',15);

insert into T_SIMINFO (SIM_ID, ORG_CODE, DEPTCODE, STATE,PAY_MODLE, SIM_NUM) values(34719, 'B0000808', '中国移动', 1, '预付费', 13100014718);
insert into T_TERMINALINFO (TERMINAL_ID,TTYPE_ID,SIM_ID,TERMINAL_CODE,ORG_CODE,IS_VIDEO_TERMINAL,SP_SERVER_NAME,PROTOCOL_TYPE,CHANNELS,YT_PROTOCOL_TYPE) values(340719, 4, 34719, '1014718', 'B0000808',1,'1076测试服务器','4',8,'0');
insert into V_VEHICLEINFO (ORG_CODE,VEHICLE_ID,ID_NUMBER,TYPE_ID,TERMINAL_ID,DELETE_FLAG,COLOR_ID_NUMBER_ID,AUTHORIZED_PAY_MASS) values ('B0000808','3400719', '测B14718', 4, 340719, 0, '2',15);

insert into T_SIMINFO (SIM_ID, ORG_CODE, DEPTCODE, STATE,PAY_MODLE, SIM_NUM) values(34720, 'B0000808', '中国移动', 1, '预付费', 13100014719);
insert into T_TERMINALINFO (TERMINAL_ID,TTYPE_ID,SIM_ID,TERMINAL_CODE,ORG_CODE,IS_VIDEO_TERMINAL,SP_SERVER_NAME,PROTOCOL_TYPE,CHANNELS,YT_PROTOCOL_TYPE) values(340720, 4, 34720, '1014719', 'B0000808',1,'1076测试服务器','4',8,'0');
insert into V_VEHICLEINFO (ORG_CODE,VEHICLE_ID,ID_NUMBER,TYPE_ID,TERMINAL_ID,DELETE_FLAG,COLOR_ID_NUMBER_ID,AUTHORIZED_PAY_MASS) values ('B0000808','3400720', '测B14719', 4, 340720, 0, '2',15);

insert into T_SIMINFO (SIM_ID, ORG_CODE, DEPTCODE, STATE,PAY_MODLE, SIM_NUM) values(34721, 'B0000808', '中国移动', 1, '预付费', 13100014720);
insert into T_TERMINALINFO (TERMINAL_ID,TTYPE_ID,SIM_ID,TERMINAL_CODE,ORG_CODE,IS_VIDEO_TERMINAL,SP_SERVER_NAME,PROTOCOL_TYPE,CHANNELS,YT_PROTOCOL_TYPE) values(340721, 4, 34721, '1014720', 'B0000808',1,'1076测试服务器','4',8,'0');
insert into V_VEHICLEINFO (ORG_CODE,VEHICLE_ID,ID_NUMBER,TYPE_ID,TERMINAL_ID,DELETE_FLAG,COLOR_ID_NUMBER_ID,AUTHORIZED_PAY_MASS) values ('B0000808','3400721', '测B14720', 4, 340721, 0, '2',15);

insert into T_SIMINFO (SIM_ID, ORG_CODE, DEPTCODE, STATE,PAY_MODLE, SIM_NUM) values(34722, 'B0000808', '中国移动', 1, '预付费', 13100014721);
insert into T_TERMINALINFO (TERMINAL_ID,TTYPE_ID,SIM_ID,TERMINAL_CODE,ORG_CODE,IS_VIDEO_TERMINAL,SP_SERVER_NAME,PROTOCOL_TYPE,CHANNELS,YT_PROTOCOL_TYPE) values(340722, 4, 34722, '1014721', 'B0000808',1,'1076测试服务器','4',8,'0');
insert into V_VEHICLEINFO (ORG_CODE,VEHICLE_ID,ID_NUMBER,TYPE_ID,TERMINAL_ID,DELETE_FLAG,COLOR_ID_NUMBER_ID,AUTHORIZED_PAY_MASS) values ('B0000808','3400722', '测B14721', 4, 340722, 0, '2',15);

insert into T_SIMINFO (SIM_ID, ORG_CODE, DEPTCODE, STATE,PAY_MODLE, SIM_NUM) values(34723, 'B0000808', '中国移动', 1, '预付费', 13100014722);
insert into T_TERMINALINFO (TERMINAL_ID,TTYPE_ID,SIM_ID,TERMINAL_CODE,ORG_CODE,IS_VIDEO_TERMINAL,SP_SERVER_NAME,PROTOCOL_TYPE,CHANNELS,YT_PROTOCOL_TYPE) values(340723, 4, 34723, '1014722', 'B0000808',1,'1076测试服务器','4',8,'0');
insert into V_VEHICLEINFO (ORG_CODE,VEHICLE_ID,ID_NUMBER,TYPE_ID,TERMINAL_ID,DELETE_FLAG,COLOR_ID_NUMBER_ID,AUTHORIZED_PAY_MASS) values ('B0000808','3400723', '测B14722', 4, 340723, 0, '2',15);

insert into T_SIMINFO (SIM_ID, ORG_CODE, DEPTCODE, STATE,PAY_MODLE, SIM_NUM) values(34724, 'B0000808', '中国移动', 1, '预付费', 13100014723);
insert into T_TERMINALINFO (TERMINAL_ID,TTYPE_ID,SIM_ID,TERMINAL_CODE,ORG_CODE,IS_VIDEO_TERMINAL,SP_SERVER_NAME,PROTOCOL_TYPE,CHANNELS,YT_PROTOCOL_TYPE) values(340724, 4, 34724, '1014723', 'B0000808',1,'1076测试服务器','4',8,'0');
insert into V_VEHICLEINFO (ORG_CODE,VEHICLE_ID,ID_NUMBER,TYPE_ID,TERMINAL_ID,DELETE_FLAG,COLOR_ID_NUMBER_ID,AUTHORIZED_PAY_MASS) values ('B0000808','3400724', '测B14723', 4, 340724, 0, '2',15);

insert into T_SIMINFO (SIM_ID, ORG_CODE, DEPTCODE, STATE,PAY_MODLE, SIM_NUM) values(34725, 'B0000808', '中国移动', 1, '预付费', 13100014724);
insert into T_TERMINALINFO (TERMINAL_ID,TTYPE_ID,SIM_ID,TERMINAL_CODE,ORG_CODE,IS_VIDEO_TERMINAL,SP_SERVER_NAME,PROTOCOL_TYPE,CHANNELS,YT_PROTOCOL_TYPE) values(340725, 4, 34725, '1014724', 'B0000808',1,'1076测试服务器','4',8,'0');
insert into V_VEHICLEINFO (ORG_CODE,VEHICLE_ID,ID_NUMBER,TYPE_ID,TERMINAL_ID,DELETE_FLAG,COLOR_ID_NUMBER_ID,AUTHORIZED_PAY_MASS) values ('B0000808','3400725', '测B14724', 4, 340725, 0, '2',15);

insert into T_SIMINFO (SIM_ID, ORG_CODE, DEPTCODE, STATE,PAY_MODLE, SIM_NUM) values(34726, 'B0000808', '中国移动', 1, '预付费', 13100014725);
insert into T_TERMINALINFO (TERMINAL_ID,TTYPE_ID,SIM_ID,TERMINAL_CODE,ORG_CODE,IS_VIDEO_TERMINAL,SP_SERVER_NAME,PROTOCOL_TYPE,CHANNELS,YT_PROTOCOL_TYPE) values(340726, 4, 34726, '1014725', 'B0000808',1,'1076测试服务器','4',8,'0');
insert into V_VEHICLEINFO (ORG_CODE,VEHICLE_ID,ID_NUMBER,TYPE_ID,TERMINAL_ID,DELETE_FLAG,COLOR_ID_NUMBER_ID,AUTHORIZED_PAY_MASS) values ('B0000808','3400726', '测B14725', 4, 340726, 0, '2',15);

insert into T_SIMINFO (SIM_ID, ORG_CODE, DEPTCODE, STATE,PAY_MODLE, SIM_NUM) values(34727, 'B0000808', '中国移动', 1, '预付费', 13100014726);
insert into T_TERMINALINFO (TERMINAL_ID,TTYPE_ID,SIM_ID,TERMINAL_CODE,ORG_CODE,IS_VIDEO_TERMINAL,SP_SERVER_NAME,PROTOCOL_TYPE,CHANNELS,YT_PROTOCOL_TYPE) values(340727, 4, 34727, '1014726', 'B0000808',1,'1076测试服务器','4',8,'0');
insert into V_VEHICLEINFO (ORG_CODE,VEHICLE_ID,ID_NUMBER,TYPE_ID,TERMINAL_ID,DELETE_FLAG,COLOR_ID_NUMBER_ID,AUTHORIZED_PAY_MASS) values ('B0000808','3400727', '测B14726', 4, 340727, 0, '2',15);

insert into T_SIMINFO (SIM_ID, ORG_CODE, DEPTCODE, STATE,PAY_MODLE, SIM_NUM) values(34728, 'B0000808', '中国移动', 1, '预付费', 13100014727);
insert into T_TERMINALINFO (TERMINAL_ID,TTYPE_ID,SIM_ID,TERMINAL_CODE,ORG_CODE,IS_VIDEO_TERMINAL,SP_SERVER_NAME,PROTOCOL_TYPE,CHANNELS,YT_PROTOCOL_TYPE) values(340728, 4, 34728, '1014727', 'B0000808',1,'1076测试服务器','4',8,'0');
insert into V_VEHICLEINFO (ORG_CODE,VEHICLE_ID,ID_NUMBER,TYPE_ID,TERMINAL_ID,DELETE_FLAG,COLOR_ID_NUMBER_ID,AUTHORIZED_PAY_MASS) values ('B0000808','3400728', '测B14727', 4, 340728, 0, '2',15);

insert into T_SIMINFO (SIM_ID, ORG_CODE, DEPTCODE, STATE,PAY_MODLE, SIM_NUM) values(34729, 'B0000808', '中国移动', 1, '预付费', 13100014728);
insert into T_TERMINALINFO (TERMINAL_ID,TTYPE_ID,SIM_ID,TERMINAL_CODE,ORG_CODE,IS_VIDEO_TERMINAL,SP_SERVER_NAME,PROTOCOL_TYPE,CHANNELS,YT_PROTOCOL_TYPE) values(340729, 4, 34729, '1014728', 'B0000808',1,'1076测试服务器','4',8,'0');
insert into V_VEHICLEINFO (ORG_CODE,VEHICLE_ID,ID_NUMBER,TYPE_ID,TERMINAL_ID,DELETE_FLAG,COLOR_ID_NUMBER_ID,AUTHORIZED_PAY_MASS) values ('B0000808','3400729', '测B14728', 4, 340729, 0, '2',15);

insert into T_SIMINFO (SIM_ID, ORG_CODE, DEPTCODE, STATE,PAY_MODLE, SIM_NUM) values(34730, 'B0000808', '中国移动', 1, '预付费', 13100014729);
insert into T_TERMINALINFO (TERMINAL_ID,TTYPE_ID,SIM_ID,TERMINAL_CODE,ORG_CODE,IS_VIDEO_TERMINAL,SP_SERVER_NAME,PROTOCOL_TYPE,CHANNELS,YT_PROTOCOL_TYPE) values(340730, 4, 34730, '1014729', 'B0000808',1,'1076测试服务器','4',8,'0');
insert into V_VEHICLEINFO (ORG_CODE,VEHICLE_ID,ID_NUMBER,TYPE_ID,TERMINAL_ID,DELETE_FLAG,COLOR_ID_NUMBER_ID,AUTHORIZED_PAY_MASS) values ('B0000808','3400730', '测B14729', 4, 340730, 0, '2',15);

insert into T_SIMINFO (SIM_ID, ORG_CODE, DEPTCODE, STATE,PAY_MODLE, SIM_NUM) values(34731, 'B0000808', '中国移动', 1, '预付费', 13100014730);
insert into T_TERMINALINFO (TERMINAL_ID,TTYPE_ID,SIM_ID,TERMINAL_CODE,ORG_CODE,IS_VIDEO_TERMINAL,SP_SERVER_NAME,PROTOCOL_TYPE,CHANNELS,YT_PROTOCOL_TYPE) values(340731, 4, 34731, '1014730', 'B0000808',1,'1076测试服务器','4',8,'0');
insert into V_VEHICLEINFO (ORG_CODE,VEHICLE_ID,ID_NUMBER,TYPE_ID,TERMINAL_ID,DELETE_FLAG,COLOR_ID_NUMBER_ID,AUTHORIZED_PAY_MASS) values ('B0000808','3400731', '测B14730', 4, 340731, 0, '2',15);

insert into T_SIMINFO (SIM_ID, ORG_CODE, DEPTCODE, STATE,PAY_MODLE, SIM_NUM) values(34732, 'B0000808', '中国移动', 1, '预付费', 13100014731);
insert into T_TERMINALINFO (TERMINAL_ID,TTYPE_ID,SIM_ID,TERMINAL_CODE,ORG_CODE,IS_VIDEO_TERMINAL,SP_SERVER_NAME,PROTOCOL_TYPE,CHANNELS,YT_PROTOCOL_TYPE) values(340732, 4, 34732, '1014731', 'B0000808',1,'1076测试服务器','4',8,'0');
insert into V_VEHICLEINFO (ORG_CODE,VEHICLE_ID,ID_NUMBER,TYPE_ID,TERMINAL_ID,DELETE_FLAG,COLOR_ID_NUMBER_ID,AUTHORIZED_PAY_MASS) values ('B0000808','3400732', '测B14731', 4, 340732, 0, '2',15);

insert into T_SIMINFO (SIM_ID, ORG_CODE, DEPTCODE, STATE,PAY_MODLE, SIM_NUM) values(34733, 'B0000808', '中国移动', 1, '预付费', 13100014732);
insert into T_TERMINALINFO (TERMINAL_ID,TTYPE_ID,SIM_ID,TERMINAL_CODE,ORG_CODE,IS_VIDEO_TERMINAL,SP_SERVER_NAME,PROTOCOL_TYPE,CHANNELS,YT_PROTOCOL_TYPE) values(340733, 4, 34733, '1014732', 'B0000808',1,'1076测试服务器','4',8,'0');
insert into V_VEHICLEINFO (ORG_CODE,VEHICLE_ID,ID_NUMBER,TYPE_ID,TERMINAL_ID,DELETE_FLAG,COLOR_ID_NUMBER_ID,AUTHORIZED_PAY_MASS) values ('B0000808','3400733', '测B14732', 4, 340733, 0, '2',15);

insert into T_SIMINFO (SIM_ID, ORG_CODE, DEPTCODE, STATE,PAY_MODLE, SIM_NUM) values(34734, 'B0000808', '中国移动', 1, '预付费', 13100014733);
insert into T_TERMINALINFO (TERMINAL_ID,TTYPE_ID,SIM_ID,TERMINAL_CODE,ORG_CODE,IS_VIDEO_TERMINAL,SP_SERVER_NAME,PROTOCOL_TYPE,CHANNELS,YT_PROTOCOL_TYPE) values(340734, 4, 34734, '1014733', 'B0000808',1,'1076测试服务器','4',8,'0');
insert into V_VEHICLEINFO (ORG_CODE,VEHICLE_ID,ID_NUMBER,TYPE_ID,TERMINAL_ID,DELETE_FLAG,COLOR_ID_NUMBER_ID,AUTHORIZED_PAY_MASS) values ('B0000808','3400734', '测B14733', 4, 340734, 0, '2',15);

insert into T_SIMINFO (SIM_ID, ORG_CODE, DEPTCODE, STATE,PAY_MODLE, SIM_NUM) values(34735, 'B0000808', '中国移动', 1, '预付费', 13100014734);
insert into T_TERMINALINFO (TERMINAL_ID,TTYPE_ID,SIM_ID,TERMINAL_CODE,ORG_CODE,IS_VIDEO_TERMINAL,SP_SERVER_NAME,PROTOCOL_TYPE,CHANNELS,YT_PROTOCOL_TYPE) values(340735, 4, 34735, '1014734', 'B0000808',1,'1076测试服务器','4',8,'0');
insert into V_VEHICLEINFO (ORG_CODE,VEHICLE_ID,ID_NUMBER,TYPE_ID,TERMINAL_ID,DELETE_FLAG,COLOR_ID_NUMBER_ID,AUTHORIZED_PAY_MASS) values ('B0000808','3400735', '测B14734', 4, 340735, 0, '2',15);

insert into T_SIMINFO (SIM_ID, ORG_CODE, DEPTCODE, STATE,PAY_MODLE, SIM_NUM) values(34736, 'B0000808', '中国移动', 1, '预付费', 13100014735);
insert into T_TERMINALINFO (TERMINAL_ID,TTYPE_ID,SIM_ID,TERMINAL_CODE,ORG_CODE,IS_VIDEO_TERMINAL,SP_SERVER_NAME,PROTOCOL_TYPE,CHANNELS,YT_PROTOCOL_TYPE) values(340736, 4, 34736, '1014735', 'B0000808',1,'1076测试服务器','4',8,'0');
insert into V_VEHICLEINFO (ORG_CODE,VEHICLE_ID,ID_NUMBER,TYPE_ID,TERMINAL_ID,DELETE_FLAG,COLOR_ID_NUMBER_ID,AUTHORIZED_PAY_MASS) values ('B0000808','3400736', '测B14735', 4, 340736, 0, '2',15);

insert into T_SIMINFO (SIM_ID, ORG_CODE, DEPTCODE, STATE,PAY_MODLE, SIM_NUM) values(34737, 'B0000808', '中国移动', 1, '预付费', 13100014736);
insert into T_TERMINALINFO (TERMINAL_ID,TTYPE_ID,SIM_ID,TERMINAL_CODE,ORG_CODE,IS_VIDEO_TERMINAL,SP_SERVER_NAME,PROTOCOL_TYPE,CHANNELS,YT_PROTOCOL_TYPE) values(340737, 4, 34737, '1014736', 'B0000808',1,'1076测试服务器','4',8,'0');
insert into V_VEHICLEINFO (ORG_CODE,VEHICLE_ID,ID_NUMBER,TYPE_ID,TERMINAL_ID,DELETE_FLAG,COLOR_ID_NUMBER_ID,AUTHORIZED_PAY_MASS) values ('B0000808','3400737', '测B14736', 4, 340737, 0, '2',15);

insert into T_SIMINFO (SIM_ID, ORG_CODE, DEPTCODE, STATE,PAY_MODLE, SIM_NUM) values(34738, 'B0000808', '中国移动', 1, '预付费', 13100014737);
insert into T_TERMINALINFO (TERMINAL_ID,TTYPE_ID,SIM_ID,TERMINAL_CODE,ORG_CODE,IS_VIDEO_TERMINAL,SP_SERVER_NAME,PROTOCOL_TYPE,CHANNELS,YT_PROTOCOL_TYPE) values(340738, 4, 34738, '1014737', 'B0000808',1,'1076测试服务器','4',8,'0');
insert into V_VEHICLEINFO (ORG_CODE,VEHICLE_ID,ID_NUMBER,TYPE_ID,TERMINAL_ID,DELETE_FLAG,COLOR_ID_NUMBER_ID,AUTHORIZED_PAY_MASS) values ('B0000808','3400738', '测B14737', 4, 340738, 0, '2',15);

insert into T_SIMINFO (SIM_ID, ORG_CODE, DEPTCODE, STATE,PAY_MODLE, SIM_NUM) values(34739, 'B0000808', '中国移动', 1, '预付费', 13100014738);
insert into T_TERMINALINFO (TERMINAL_ID,TTYPE_ID,SIM_ID,TERMINAL_CODE,ORG_CODE,IS_VIDEO_TERMINAL,SP_SERVER_NAME,PROTOCOL_TYPE,CHANNELS,YT_PROTOCOL_TYPE) values(340739, 4, 34739, '1014738', 'B0000808',1,'1076测试服务器','4',8,'0');
insert into V_VEHICLEINFO (ORG_CODE,VEHICLE_ID,ID_NUMBER,TYPE_ID,TERMINAL_ID,DELETE_FLAG,COLOR_ID_NUMBER_ID,AUTHORIZED_PAY_MASS) values ('B0000808','3400739', '测B14738', 4, 340739, 0, '2',15);

insert into T_SIMINFO (SIM_ID, ORG_CODE, DEPTCODE, STATE,PAY_MODLE, SIM_NUM) values(34740, 'B0000808', '中国移动', 1, '预付费', 13100014739);
insert into T_TERMINALINFO (TERMINAL_ID,TTYPE_ID,SIM_ID,TERMINAL_CODE,ORG_CODE,IS_VIDEO_TERMINAL,SP_SERVER_NAME,PROTOCOL_TYPE,CHANNELS,YT_PROTOCOL_TYPE) values(340740, 4, 34740, '1014739', 'B0000808',1,'1076测试服务器','4',8,'0');
insert into V_VEHICLEINFO (ORG_CODE,VEHICLE_ID,ID_NUMBER,TYPE_ID,TERMINAL_ID,DELETE_FLAG,COLOR_ID_NUMBER_ID,AUTHORIZED_PAY_MASS) values ('B0000808','3400740', '测B14739', 4, 340740, 0, '2',15);

insert into T_SIMINFO (SIM_ID, ORG_CODE, DEPTCODE, STATE,PAY_MODLE, SIM_NUM) values(34741, 'B0000808', '中国移动', 1, '预付费', 13100014740);
insert into T_TERMINALINFO (TERMINAL_ID,TTYPE_ID,SIM_ID,TERMINAL_CODE,ORG_CODE,IS_VIDEO_TERMINAL,SP_SERVER_NAME,PROTOCOL_TYPE,CHANNELS,YT_PROTOCOL_TYPE) values(340741, 4, 34741, '1014740', 'B0000808',1,'1076测试服务器','4',8,'0');
insert into V_VEHICLEINFO (ORG_CODE,VEHICLE_ID,ID_NUMBER,TYPE_ID,TERMINAL_ID,DELETE_FLAG,COLOR_ID_NUMBER_ID,AUTHORIZED_PAY_MASS) values ('B0000808','3400741', '测B14740', 4, 340741, 0, '2',15);

insert into T_SIMINFO (SIM_ID, ORG_CODE, DEPTCODE, STATE,PAY_MODLE, SIM_NUM) values(34742, 'B0000808', '中国移动', 1, '预付费', 13100014741);
insert into T_TERMINALINFO (TERMINAL_ID,TTYPE_ID,SIM_ID,TERMINAL_CODE,ORG_CODE,IS_VIDEO_TERMINAL,SP_SERVER_NAME,PROTOCOL_TYPE,CHANNELS,YT_PROTOCOL_TYPE) values(340742, 4, 34742, '1014741', 'B0000808',1,'1076测试服务器','4',8,'0');
insert into V_VEHICLEINFO (ORG_CODE,VEHICLE_ID,ID_NUMBER,TYPE_ID,TERMINAL_ID,DELETE_FLAG,COLOR_ID_NUMBER_ID,AUTHORIZED_PAY_MASS) values ('B0000808','3400742', '测B14741', 4, 340742, 0, '2',15);

insert into T_SIMINFO (SIM_ID, ORG_CODE, DEPTCODE, STATE,PAY_MODLE, SIM_NUM) values(34743, 'B0000808', '中国移动', 1, '预付费', 13100014742);
insert into T_TERMINALINFO (TERMINAL_ID,TTYPE_ID,SIM_ID,TERMINAL_CODE,ORG_CODE,IS_VIDEO_TERMINAL,SP_SERVER_NAME,PROTOCOL_TYPE,CHANNELS,YT_PROTOCOL_TYPE) values(340743, 4, 34743, '1014742', 'B0000808',1,'1076测试服务器','4',8,'0');
insert into V_VEHICLEINFO (ORG_CODE,VEHICLE_ID,ID_NUMBER,TYPE_ID,TERMINAL_ID,DELETE_FLAG,COLOR_ID_NUMBER_ID,AUTHORIZED_PAY_MASS) values ('B0000808','3400743', '测B14742', 4, 340743, 0, '2',15);

insert into T_SIMINFO (SIM_ID, ORG_CODE, DEPTCODE, STATE,PAY_MODLE, SIM_NUM) values(34744, 'B0000808', '中国移动', 1, '预付费', 13100014743);
insert into T_TERMINALINFO (TERMINAL_ID,TTYPE_ID,SIM_ID,TERMINAL_CODE,ORG_CODE,IS_VIDEO_TERMINAL,SP_SERVER_NAME,PROTOCOL_TYPE,CHANNELS,YT_PROTOCOL_TYPE) values(340744, 4, 34744, '1014743', 'B0000808',1,'1076测试服务器','4',8,'0');
insert into V_VEHICLEINFO (ORG_CODE,VEHICLE_ID,ID_NUMBER,TYPE_ID,TERMINAL_ID,DELETE_FLAG,COLOR_ID_NUMBER_ID,AUTHORIZED_PAY_MASS) values ('B0000808','3400744', '测B14743', 4, 340744, 0, '2',15);

insert into T_SIMINFO (SIM_ID, ORG_CODE, DEPTCODE, STATE,PAY_MODLE, SIM_NUM) values(34745, 'B0000808', '中国移动', 1, '预付费', 13100014744);
insert into T_TERMINALINFO (TERMINAL_ID,TTYPE_ID,SIM_ID,TERMINAL_CODE,ORG_CODE,IS_VIDEO_TERMINAL,SP_SERVER_NAME,PROTOCOL_TYPE,CHANNELS,YT_PROTOCOL_TYPE) values(340745, 4, 34745, '1014744', 'B0000808',1,'1076测试服务器','4',8,'0');
insert into V_VEHICLEINFO (ORG_CODE,VEHICLE_ID,ID_NUMBER,TYPE_ID,TERMINAL_ID,DELETE_FLAG,COLOR_ID_NUMBER_ID,AUTHORIZED_PAY_MASS) values ('B0000808','3400745', '测B14744', 4, 340745, 0, '2',15);

insert into T_SIMINFO (SIM_ID, ORG_CODE, DEPTCODE, STATE,PAY_MODLE, SIM_NUM) values(34746, 'B0000808', '中国移动', 1, '预付费', 13100014745);
insert into T_TERMINALINFO (TERMINAL_ID,TTYPE_ID,SIM_ID,TERMINAL_CODE,ORG_CODE,IS_VIDEO_TERMINAL,SP_SERVER_NAME,PROTOCOL_TYPE,CHANNELS,YT_PROTOCOL_TYPE) values(340746, 4, 34746, '1014745', 'B0000808',1,'1076测试服务器','4',8,'0');
insert into V_VEHICLEINFO (ORG_CODE,VEHICLE_ID,ID_NUMBER,TYPE_ID,TERMINAL_ID,DELETE_FLAG,COLOR_ID_NUMBER_ID,AUTHORIZED_PAY_MASS) values ('B0000808','3400746', '测B14745', 4, 340746, 0, '2',15);

insert into T_SIMINFO (SIM_ID, ORG_CODE, DEPTCODE, STATE,PAY_MODLE, SIM_NUM) values(34747, 'B0000808', '中国移动', 1, '预付费', 13100014746);
insert into T_TERMINALINFO (TERMINAL_ID,TTYPE_ID,SIM_ID,TERMINAL_CODE,ORG_CODE,IS_VIDEO_TERMINAL,SP_SERVER_NAME,PROTOCOL_TYPE,CHANNELS,YT_PROTOCOL_TYPE) values(340747, 4, 34747, '1014746', 'B0000808',1,'1076测试服务器','4',8,'0');
insert into V_VEHICLEINFO (ORG_CODE,VEHICLE_ID,ID_NUMBER,TYPE_ID,TERMINAL_ID,DELETE_FLAG,COLOR_ID_NUMBER_ID,AUTHORIZED_PAY_MASS) values ('B0000808','3400747', '测B14746', 4, 340747, 0, '2',15);

insert into T_SIMINFO (SIM_ID, ORG_CODE, DEPTCODE, STATE,PAY_MODLE, SIM_NUM) values(34748, 'B0000808', '中国移动', 1, '预付费', 13100014747);
insert into T_TERMINALINFO (TERMINAL_ID,TTYPE_ID,SIM_ID,TERMINAL_CODE,ORG_CODE,IS_VIDEO_TERMINAL,SP_SERVER_NAME,PROTOCOL_TYPE,CHANNELS,YT_PROTOCOL_TYPE) values(340748, 4, 34748, '1014747', 'B0000808',1,'1076测试服务器','4',8,'0');
insert into V_VEHICLEINFO (ORG_CODE,VEHICLE_ID,ID_NUMBER,TYPE_ID,TERMINAL_ID,DELETE_FLAG,COLOR_ID_NUMBER_ID,AUTHORIZED_PAY_MASS) values ('B0000808','3400748', '测B14747', 4, 340748, 0, '2',15);

insert into T_SIMINFO (SIM_ID, ORG_CODE, DEPTCODE, STATE,PAY_MODLE, SIM_NUM) values(34749, 'B0000808', '中国移动', 1, '预付费', 13100014748);
insert into T_TERMINALINFO (TERMINAL_ID,TTYPE_ID,SIM_ID,TERMINAL_CODE,ORG_CODE,IS_VIDEO_TERMINAL,SP_SERVER_NAME,PROTOCOL_TYPE,CHANNELS,YT_PROTOCOL_TYPE) values(340749, 4, 34749, '1014748', 'B0000808',1,'1076测试服务器','4',8,'0');
insert into V_VEHICLEINFO (ORG_CODE,VEHICLE_ID,ID_NUMBER,TYPE_ID,TERMINAL_ID,DELETE_FLAG,COLOR_ID_NUMBER_ID,AUTHORIZED_PAY_MASS) values ('B0000808','3400749', '测B14748', 4, 340749, 0, '2',15);

insert into T_SIMINFO (SIM_ID, ORG_CODE, DEPTCODE, STATE,PAY_MODLE, SIM_NUM) values(34750, 'B0000808', '中国移动', 1, '预付费', 13100014749);
insert into T_TERMINALINFO (TERMINAL_ID,TTYPE_ID,SIM_ID,TERMINAL_CODE,ORG_CODE,IS_VIDEO_TERMINAL,SP_SERVER_NAME,PROTOCOL_TYPE,CHANNELS,YT_PROTOCOL_TYPE) values(340750, 4, 34750, '1014749', 'B0000808',1,'1076测试服务器','4',8,'0');
insert into V_VEHICLEINFO (ORG_CODE,VEHICLE_ID,ID_NUMBER,TYPE_ID,TERMINAL_ID,DELETE_FLAG,COLOR_ID_NUMBER_ID,AUTHORIZED_PAY_MASS) values ('B0000808','3400750', '测B14749', 4, 340750, 0, '2',15);

insert into T_SIMINFO (SIM_ID, ORG_CODE, DEPTCODE, STATE,PAY_MODLE, SIM_NUM) values(34751, 'B0000808', '中国移动', 1, '预付费', 13100014750);
insert into T_TERMINALINFO (TERMINAL_ID,TTYPE_ID,SIM_ID,TERMINAL_CODE,ORG_CODE,IS_VIDEO_TERMINAL,SP_SERVER_NAME,PROTOCOL_TYPE,CHANNELS,YT_PROTOCOL_TYPE) values(340751, 4, 34751, '1014750', 'B0000808',1,'1076测试服务器','4',8,'0');
insert into V_VEHICLEINFO (ORG_CODE,VEHICLE_ID,ID_NUMBER,TYPE_ID,TERMINAL_ID,DELETE_FLAG,COLOR_ID_NUMBER_ID,AUTHORIZED_PAY_MASS) values ('B0000808','3400751', '测B14750', 4, 340751, 0, '2',15);

insert into T_SIMINFO (SIM_ID, ORG_CODE, DEPTCODE, STATE,PAY_MODLE, SIM_NUM) values(34752, 'B0000808', '中国移动', 1, '预付费', 13100014751);
insert into T_TERMINALINFO (TERMINAL_ID,TTYPE_ID,SIM_ID,TERMINAL_CODE,ORG_CODE,IS_VIDEO_TERMINAL,SP_SERVER_NAME,PROTOCOL_TYPE,CHANNELS,YT_PROTOCOL_TYPE) values(340752, 4, 34752, '1014751', 'B0000808',1,'1076测试服务器','4',8,'0');
insert into V_VEHICLEINFO (ORG_CODE,VEHICLE_ID,ID_NUMBER,TYPE_ID,TERMINAL_ID,DELETE_FLAG,COLOR_ID_NUMBER_ID,AUTHORIZED_PAY_MASS) values ('B0000808','3400752', '测B14751', 4, 340752, 0, '2',15);

insert into T_SIMINFO (SIM_ID, ORG_CODE, DEPTCODE, STATE,PAY_MODLE, SIM_NUM) values(34753, 'B0000808', '中国移动', 1, '预付费', 13100014752);
insert into T_TERMINALINFO (TERMINAL_ID,TTYPE_ID,SIM_ID,TERMINAL_CODE,ORG_CODE,IS_VIDEO_TERMINAL,SP_SERVER_NAME,PROTOCOL_TYPE,CHANNELS,YT_PROTOCOL_TYPE) values(340753, 4, 34753, '1014752', 'B0000808',1,'1076测试服务器','4',8,'0');
insert into V_VEHICLEINFO (ORG_CODE,VEHICLE_ID,ID_NUMBER,TYPE_ID,TERMINAL_ID,DELETE_FLAG,COLOR_ID_NUMBER_ID,AUTHORIZED_PAY_MASS) values ('B0000808','3400753', '测B14752', 4, 340753, 0, '2',15);

insert into T_SIMINFO (SIM_ID, ORG_CODE, DEPTCODE, STATE,PAY_MODLE, SIM_NUM) values(34754, 'B0000808', '中国移动', 1, '预付费', 13100014753);
insert into T_TERMINALINFO (TERMINAL_ID,TTYPE_ID,SIM_ID,TERMINAL_CODE,ORG_CODE,IS_VIDEO_TERMINAL,SP_SERVER_NAME,PROTOCOL_TYPE,CHANNELS,YT_PROTOCOL_TYPE) values(340754, 4, 34754, '1014753', 'B0000808',1,'1076测试服务器','4',8,'0');
insert into V_VEHICLEINFO (ORG_CODE,VEHICLE_ID,ID_NUMBER,TYPE_ID,TERMINAL_ID,DELETE_FLAG,COLOR_ID_NUMBER_ID,AUTHORIZED_PAY_MASS) values ('B0000808','3400754', '测B14753', 4, 340754, 0, '2',15);

insert into T_SIMINFO (SIM_ID, ORG_CODE, DEPTCODE, STATE,PAY_MODLE, SIM_NUM) values(34755, 'B0000808', '中国移动', 1, '预付费', 13100014754);
insert into T_TERMINALINFO (TERMINAL_ID,TTYPE_ID,SIM_ID,TERMINAL_CODE,ORG_CODE,IS_VIDEO_TERMINAL,SP_SERVER_NAME,PROTOCOL_TYPE,CHANNELS,YT_PROTOCOL_TYPE) values(340755, 4, 34755, '1014754', 'B0000808',1,'1076测试服务器','4',8,'0');
insert into V_VEHICLEINFO (ORG_CODE,VEHICLE_ID,ID_NUMBER,TYPE_ID,TERMINAL_ID,DELETE_FLAG,COLOR_ID_NUMBER_ID,AUTHORIZED_PAY_MASS) values ('B0000808','3400755', '测B14754', 4, 340755, 0, '2',15);

insert into T_SIMINFO (SIM_ID, ORG_CODE, DEPTCODE, STATE,PAY_MODLE, SIM_NUM) values(34756, 'B0000808', '中国移动', 1, '预付费', 13100014755);
insert into T_TERMINALINFO (TERMINAL_ID,TTYPE_ID,SIM_ID,TERMINAL_CODE,ORG_CODE,IS_VIDEO_TERMINAL,SP_SERVER_NAME,PROTOCOL_TYPE,CHANNELS,YT_PROTOCOL_TYPE) values(340756, 4, 34756, '1014755', 'B0000808',1,'1076测试服务器','4',8,'0');
insert into V_VEHICLEINFO (ORG_CODE,VEHICLE_ID,ID_NUMBER,TYPE_ID,TERMINAL_ID,DELETE_FLAG,COLOR_ID_NUMBER_ID,AUTHORIZED_PAY_MASS) values ('B0000808','3400756', '测B14755', 4, 340756, 0, '2',15);

insert into T_SIMINFO (SIM_ID, ORG_CODE, DEPTCODE, STATE,PAY_MODLE, SIM_NUM) values(34757, 'B0000808', '中国移动', 1, '预付费', 13100014756);
insert into T_TERMINALINFO (TERMINAL_ID,TTYPE_ID,SIM_ID,TERMINAL_CODE,ORG_CODE,IS_VIDEO_TERMINAL,SP_SERVER_NAME,PROTOCOL_TYPE,CHANNELS,YT_PROTOCOL_TYPE) values(340757, 4, 34757, '1014756', 'B0000808',1,'1076测试服务器','4',8,'0');
insert into V_VEHICLEINFO (ORG_CODE,VEHICLE_ID,ID_NUMBER,TYPE_ID,TERMINAL_ID,DELETE_FLAG,COLOR_ID_NUMBER_ID,AUTHORIZED_PAY_MASS) values ('B0000808','3400757', '测B14756', 4, 340757, 0, '2',15);

insert into T_SIMINFO (SIM_ID, ORG_CODE, DEPTCODE, STATE,PAY_MODLE, SIM_NUM) values(34758, 'B0000808', '中国移动', 1, '预付费', 13100014757);
insert into T_TERMINALINFO (TERMINAL_ID,TTYPE_ID,SIM_ID,TERMINAL_CODE,ORG_CODE,IS_VIDEO_TERMINAL,SP_SERVER_NAME,PROTOCOL_TYPE,CHANNELS,YT_PROTOCOL_TYPE) values(340758, 4, 34758, '1014757', 'B0000808',1,'1076测试服务器','4',8,'0');
insert into V_VEHICLEINFO (ORG_CODE,VEHICLE_ID,ID_NUMBER,TYPE_ID,TERMINAL_ID,DELETE_FLAG,COLOR_ID_NUMBER_ID,AUTHORIZED_PAY_MASS) values ('B0000808','3400758', '测B14757', 4, 340758, 0, '2',15);

insert into T_SIMINFO (SIM_ID, ORG_CODE, DEPTCODE, STATE,PAY_MODLE, SIM_NUM) values(34759, 'B0000808', '中国移动', 1, '预付费', 13100014758);
insert into T_TERMINALINFO (TERMINAL_ID,TTYPE_ID,SIM_ID,TERMINAL_CODE,ORG_CODE,IS_VIDEO_TERMINAL,SP_SERVER_NAME,PROTOCOL_TYPE,CHANNELS,YT_PROTOCOL_TYPE) values(340759, 4, 34759, '1014758', 'B0000808',1,'1076测试服务器','4',8,'0');
insert into V_VEHICLEINFO (ORG_CODE,VEHICLE_ID,ID_NUMBER,TYPE_ID,TERMINAL_ID,DELETE_FLAG,COLOR_ID_NUMBER_ID,AUTHORIZED_PAY_MASS) values ('B0000808','3400759', '测B14758', 4, 340759, 0, '2',15);

insert into T_SIMINFO (SIM_ID, ORG_CODE, DEPTCODE, STATE,PAY_MODLE, SIM_NUM) values(34760, 'B0000808', '中国移动', 1, '预付费', 13100014759);
insert into T_TERMINALINFO (TERMINAL_ID,TTYPE_ID,SIM_ID,TERMINAL_CODE,ORG_CODE,IS_VIDEO_TERMINAL,SP_SERVER_NAME,PROTOCOL_TYPE,CHANNELS,YT_PROTOCOL_TYPE) values(340760, 4, 34760, '1014759', 'B0000808',1,'1076测试服务器','4',8,'0');
insert into V_VEHICLEINFO (ORG_CODE,VEHICLE_ID,ID_NUMBER,TYPE_ID,TERMINAL_ID,DELETE_FLAG,COLOR_ID_NUMBER_ID,AUTHORIZED_PAY_MASS) values ('B0000808','3400760', '测B14759', 4, 340760, 0, '2',15);

insert into T_SIMINFO (SIM_ID, ORG_CODE, DEPTCODE, STATE,PAY_MODLE, SIM_NUM) values(34761, 'B0000808', '中国移动', 1, '预付费', 13100014760);
insert into T_TERMINALINFO (TERMINAL_ID,TTYPE_ID,SIM_ID,TERMINAL_CODE,ORG_CODE,IS_VIDEO_TERMINAL,SP_SERVER_NAME,PROTOCOL_TYPE,CHANNELS,YT_PROTOCOL_TYPE) values(340761, 4, 34761, '1014760', 'B0000808',1,'1076测试服务器','4',8,'0');
insert into V_VEHICLEINFO (ORG_CODE,VEHICLE_ID,ID_NUMBER,TYPE_ID,TERMINAL_ID,DELETE_FLAG,COLOR_ID_NUMBER_ID,AUTHORIZED_PAY_MASS) values ('B0000808','3400761', '测B14760', 4, 340761, 0, '2',15);

insert into T_SIMINFO (SIM_ID, ORG_CODE, DEPTCODE, STATE,PAY_MODLE, SIM_NUM) values(34762, 'B0000808', '中国移动', 1, '预付费', 13100014761);
insert into T_TERMINALINFO (TERMINAL_ID,TTYPE_ID,SIM_ID,TERMINAL_CODE,ORG_CODE,IS_VIDEO_TERMINAL,SP_SERVER_NAME,PROTOCOL_TYPE,CHANNELS,YT_PROTOCOL_TYPE) values(340762, 4, 34762, '1014761', 'B0000808',1,'1076测试服务器','4',8,'0');
insert into V_VEHICLEINFO (ORG_CODE,VEHICLE_ID,ID_NUMBER,TYPE_ID,TERMINAL_ID,DELETE_FLAG,COLOR_ID_NUMBER_ID,AUTHORIZED_PAY_MASS) values ('B0000808','3400762', '测B14761', 4, 340762, 0, '2',15);

insert into T_SIMINFO (SIM_ID, ORG_CODE, DEPTCODE, STATE,PAY_MODLE, SIM_NUM) values(34763, 'B0000808', '中国移动', 1, '预付费', 13100014762);
insert into T_TERMINALINFO (TERMINAL_ID,TTYPE_ID,SIM_ID,TERMINAL_CODE,ORG_CODE,IS_VIDEO_TERMINAL,SP_SERVER_NAME,PROTOCOL_TYPE,CHANNELS,YT_PROTOCOL_TYPE) values(340763, 4, 34763, '1014762', 'B0000808',1,'1076测试服务器','4',8,'0');
insert into V_VEHICLEINFO (ORG_CODE,VEHICLE_ID,ID_NUMBER,TYPE_ID,TERMINAL_ID,DELETE_FLAG,COLOR_ID_NUMBER_ID,AUTHORIZED_PAY_MASS) values ('B0000808','3400763', '测B14762', 4, 340763, 0, '2',15);

insert into T_SIMINFO (SIM_ID, ORG_CODE, DEPTCODE, STATE,PAY_MODLE, SIM_NUM) values(34764, 'B0000808', '中国移动', 1, '预付费', 13100014763);
insert into T_TERMINALINFO (TERMINAL_ID,TTYPE_ID,SIM_ID,TERMINAL_CODE,ORG_CODE,IS_VIDEO_TERMINAL,SP_SERVER_NAME,PROTOCOL_TYPE,CHANNELS,YT_PROTOCOL_TYPE) values(340764, 4, 34764, '1014763', 'B0000808',1,'1076测试服务器','4',8,'0');
insert into V_VEHICLEINFO (ORG_CODE,VEHICLE_ID,ID_NUMBER,TYPE_ID,TERMINAL_ID,DELETE_FLAG,COLOR_ID_NUMBER_ID,AUTHORIZED_PAY_MASS) values ('B0000808','3400764', '测B14763', 4, 340764, 0, '2',15);

insert into T_SIMINFO (SIM_ID, ORG_CODE, DEPTCODE, STATE,PAY_MODLE, SIM_NUM) values(34765, 'B0000808', '中国移动', 1, '预付费', 13100014764);
insert into T_TERMINALINFO (TERMINAL_ID,TTYPE_ID,SIM_ID,TERMINAL_CODE,ORG_CODE,IS_VIDEO_TERMINAL,SP_SERVER_NAME,PROTOCOL_TYPE,CHANNELS,YT_PROTOCOL_TYPE) values(340765, 4, 34765, '1014764', 'B0000808',1,'1076测试服务器','4',8,'0');
insert into V_VEHICLEINFO (ORG_CODE,VEHICLE_ID,ID_NUMBER,TYPE_ID,TERMINAL_ID,DELETE_FLAG,COLOR_ID_NUMBER_ID,AUTHORIZED_PAY_MASS) values ('B0000808','3400765', '测B14764', 4, 340765, 0, '2',15);

insert into T_SIMINFO (SIM_ID, ORG_CODE, DEPTCODE, STATE,PAY_MODLE, SIM_NUM) values(34766, 'B0000808', '中国移动', 1, '预付费', 13100014765);
insert into T_TERMINALINFO (TERMINAL_ID,TTYPE_ID,SIM_ID,TERMINAL_CODE,ORG_CODE,IS_VIDEO_TERMINAL,SP_SERVER_NAME,PROTOCOL_TYPE,CHANNELS,YT_PROTOCOL_TYPE) values(340766, 4, 34766, '1014765', 'B0000808',1,'1076测试服务器','4',8,'0');
insert into V_VEHICLEINFO (ORG_CODE,VEHICLE_ID,ID_NUMBER,TYPE_ID,TERMINAL_ID,DELETE_FLAG,COLOR_ID_NUMBER_ID,AUTHORIZED_PAY_MASS) values ('B0000808','3400766', '测B14765', 4, 340766, 0, '2',15);

insert into T_SIMINFO (SIM_ID, ORG_CODE, DEPTCODE, STATE,PAY_MODLE, SIM_NUM) values(34767, 'B0000808', '中国移动', 1, '预付费', 13100014766);
insert into T_TERMINALINFO (TERMINAL_ID,TTYPE_ID,SIM_ID,TERMINAL_CODE,ORG_CODE,IS_VIDEO_TERMINAL,SP_SERVER_NAME,PROTOCOL_TYPE,CHANNELS,YT_PROTOCOL_TYPE) values(340767, 4, 34767, '1014766', 'B0000808',1,'1076测试服务器','4',8,'0');
insert into V_VEHICLEINFO (ORG_CODE,VEHICLE_ID,ID_NUMBER,TYPE_ID,TERMINAL_ID,DELETE_FLAG,COLOR_ID_NUMBER_ID,AUTHORIZED_PAY_MASS) values ('B0000808','3400767', '测B14766', 4, 340767, 0, '2',15);

insert into T_SIMINFO (SIM_ID, ORG_CODE, DEPTCODE, STATE,PAY_MODLE, SIM_NUM) values(34768, 'B0000808', '中国移动', 1, '预付费', 13100014767);
insert into T_TERMINALINFO (TERMINAL_ID,TTYPE_ID,SIM_ID,TERMINAL_CODE,ORG_CODE,IS_VIDEO_TERMINAL,SP_SERVER_NAME,PROTOCOL_TYPE,CHANNELS,YT_PROTOCOL_TYPE) values(340768, 4, 34768, '1014767', 'B0000808',1,'1076测试服务器','4',8,'0');
insert into V_VEHICLEINFO (ORG_CODE,VEHICLE_ID,ID_NUMBER,TYPE_ID,TERMINAL_ID,DELETE_FLAG,COLOR_ID_NUMBER_ID,AUTHORIZED_PAY_MASS) values ('B0000808','3400768', '测B14767', 4, 340768, 0, '2',15);

insert into T_SIMINFO (SIM_ID, ORG_CODE, DEPTCODE, STATE,PAY_MODLE, SIM_NUM) values(34769, 'B0000808', '中国移动', 1, '预付费', 13100014768);
insert into T_TERMINALINFO (TERMINAL_ID,TTYPE_ID,SIM_ID,TERMINAL_CODE,ORG_CODE,IS_VIDEO_TERMINAL,SP_SERVER_NAME,PROTOCOL_TYPE,CHANNELS,YT_PROTOCOL_TYPE) values(340769, 4, 34769, '1014768', 'B0000808',1,'1076测试服务器','4',8,'0');
insert into V_VEHICLEINFO (ORG_CODE,VEHICLE_ID,ID_NUMBER,TYPE_ID,TERMINAL_ID,DELETE_FLAG,COLOR_ID_NUMBER_ID,AUTHORIZED_PAY_MASS) values ('B0000808','3400769', '测B14768', 4, 340769, 0, '2',15);

insert into T_SIMINFO (SIM_ID, ORG_CODE, DEPTCODE, STATE,PAY_MODLE, SIM_NUM) values(34770, 'B0000808', '中国移动', 1, '预付费', 13100014769);
insert into T_TERMINALINFO (TERMINAL_ID,TTYPE_ID,SIM_ID,TERMINAL_CODE,ORG_CODE,IS_VIDEO_TERMINAL,SP_SERVER_NAME,PROTOCOL_TYPE,CHANNELS,YT_PROTOCOL_TYPE) values(340770, 4, 34770, '1014769', 'B0000808',1,'1076测试服务器','4',8,'0');
insert into V_VEHICLEINFO (ORG_CODE,VEHICLE_ID,ID_NUMBER,TYPE_ID,TERMINAL_ID,DELETE_FLAG,COLOR_ID_NUMBER_ID,AUTHORIZED_PAY_MASS) values ('B0000808','3400770', '测B14769', 4, 340770, 0, '2',15);

insert into T_SIMINFO (SIM_ID, ORG_CODE, DEPTCODE, STATE,PAY_MODLE, SIM_NUM) values(34771, 'B0000808', '中国移动', 1, '预付费', 13100014770);
insert into T_TERMINALINFO (TERMINAL_ID,TTYPE_ID,SIM_ID,TERMINAL_CODE,ORG_CODE,IS_VIDEO_TERMINAL,SP_SERVER_NAME,PROTOCOL_TYPE,CHANNELS,YT_PROTOCOL_TYPE) values(340771, 4, 34771, '1014770', 'B0000808',1,'1076测试服务器','4',8,'0');
insert into V_VEHICLEINFO (ORG_CODE,VEHICLE_ID,ID_NUMBER,TYPE_ID,TERMINAL_ID,DELETE_FLAG,COLOR_ID_NUMBER_ID,AUTHORIZED_PAY_MASS) values ('B0000808','3400771', '测B14770', 4, 340771, 0, '2',15);

insert into T_SIMINFO (SIM_ID, ORG_CODE, DEPTCODE, STATE,PAY_MODLE, SIM_NUM) values(34772, 'B0000808', '中国移动', 1, '预付费', 13100014771);
insert into T_TERMINALINFO (TERMINAL_ID,TTYPE_ID,SIM_ID,TERMINAL_CODE,ORG_CODE,IS_VIDEO_TERMINAL,SP_SERVER_NAME,PROTOCOL_TYPE,CHANNELS,YT_PROTOCOL_TYPE) values(340772, 4, 34772, '1014771', 'B0000808',1,'1076测试服务器','4',8,'0');
insert into V_VEHICLEINFO (ORG_CODE,VEHICLE_ID,ID_NUMBER,TYPE_ID,TERMINAL_ID,DELETE_FLAG,COLOR_ID_NUMBER_ID,AUTHORIZED_PAY_MASS) values ('B0000808','3400772', '测B14771', 4, 340772, 0, '2',15);

insert into T_SIMINFO (SIM_ID, ORG_CODE, DEPTCODE, STATE,PAY_MODLE, SIM_NUM) values(34773, 'B0000808', '中国移动', 1, '预付费', 13100014772);
insert into T_TERMINALINFO (TERMINAL_ID,TTYPE_ID,SIM_ID,TERMINAL_CODE,ORG_CODE,IS_VIDEO_TERMINAL,SP_SERVER_NAME,PROTOCOL_TYPE,CHANNELS,YT_PROTOCOL_TYPE) values(340773, 4, 34773, '1014772', 'B0000808',1,'1076测试服务器','4',8,'0');
insert into V_VEHICLEINFO (ORG_CODE,VEHICLE_ID,ID_NUMBER,TYPE_ID,TERMINAL_ID,DELETE_FLAG,COLOR_ID_NUMBER_ID,AUTHORIZED_PAY_MASS) values ('B0000808','3400773', '测B14772', 4, 340773, 0, '2',15);

insert into T_SIMINFO (SIM_ID, ORG_CODE, DEPTCODE, STATE,PAY_MODLE, SIM_NUM) values(34774, 'B0000808', '中国移动', 1, '预付费', 13100014773);
insert into T_TERMINALINFO (TERMINAL_ID,TTYPE_ID,SIM_ID,TERMINAL_CODE,ORG_CODE,IS_VIDEO_TERMINAL,SP_SERVER_NAME,PROTOCOL_TYPE,CHANNELS,YT_PROTOCOL_TYPE) values(340774, 4, 34774, '1014773', 'B0000808',1,'1076测试服务器','4',8,'0');
insert into V_VEHICLEINFO (ORG_CODE,VEHICLE_ID,ID_NUMBER,TYPE_ID,TERMINAL_ID,DELETE_FLAG,COLOR_ID_NUMBER_ID,AUTHORIZED_PAY_MASS) values ('B0000808','3400774', '测B14773', 4, 340774, 0, '2',15);

insert into T_SIMINFO (SIM_ID, ORG_CODE, DEPTCODE, STATE,PAY_MODLE, SIM_NUM) values(34775, 'B0000808', '中国移动', 1, '预付费', 13100014774);
insert into T_TERMINALINFO (TERMINAL_ID,TTYPE_ID,SIM_ID,TERMINAL_CODE,ORG_CODE,IS_VIDEO_TERMINAL,SP_SERVER_NAME,PROTOCOL_TYPE,CHANNELS,YT_PROTOCOL_TYPE) values(340775, 4, 34775, '1014774', 'B0000808',1,'1076测试服务器','4',8,'0');
insert into V_VEHICLEINFO (ORG_CODE,VEHICLE_ID,ID_NUMBER,TYPE_ID,TERMINAL_ID,DELETE_FLAG,COLOR_ID_NUMBER_ID,AUTHORIZED_PAY_MASS) values ('B0000808','3400775', '测B14774', 4, 340775, 0, '2',15);

insert into T_SIMINFO (SIM_ID, ORG_CODE, DEPTCODE, STATE,PAY_MODLE, SIM_NUM) values(34776, 'B0000808', '中国移动', 1, '预付费', 13100014775);
insert into T_TERMINALINFO (TERMINAL_ID,TTYPE_ID,SIM_ID,TERMINAL_CODE,ORG_CODE,IS_VIDEO_TERMINAL,SP_SERVER_NAME,PROTOCOL_TYPE,CHANNELS,YT_PROTOCOL_TYPE) values(340776, 4, 34776, '1014775', 'B0000808',1,'1076测试服务器','4',8,'0');
insert into V_VEHICLEINFO (ORG_CODE,VEHICLE_ID,ID_NUMBER,TYPE_ID,TERMINAL_ID,DELETE_FLAG,COLOR_ID_NUMBER_ID,AUTHORIZED_PAY_MASS) values ('B0000808','3400776', '测B14775', 4, 340776, 0, '2',15);

insert into T_SIMINFO (SIM_ID, ORG_CODE, DEPTCODE, STATE,PAY_MODLE, SIM_NUM) values(34777, 'B0000808', '中国移动', 1, '预付费', 13100014776);
insert into T_TERMINALINFO (TERMINAL_ID,TTYPE_ID,SIM_ID,TERMINAL_CODE,ORG_CODE,IS_VIDEO_TERMINAL,SP_SERVER_NAME,PROTOCOL_TYPE,CHANNELS,YT_PROTOCOL_TYPE) values(340777, 4, 34777, '1014776', 'B0000808',1,'1076测试服务器','4',8,'0');
insert into V_VEHICLEINFO (ORG_CODE,VEHICLE_ID,ID_NUMBER,TYPE_ID,TERMINAL_ID,DELETE_FLAG,COLOR_ID_NUMBER_ID,AUTHORIZED_PAY_MASS) values ('B0000808','3400777', '测B14776', 4, 340777, 0, '2',15);

insert into T_SIMINFO (SIM_ID, ORG_CODE, DEPTCODE, STATE,PAY_MODLE, SIM_NUM) values(34778, 'B0000808', '中国移动', 1, '预付费', 13100014777);
insert into T_TERMINALINFO (TERMINAL_ID,TTYPE_ID,SIM_ID,TERMINAL_CODE,ORG_CODE,IS_VIDEO_TERMINAL,SP_SERVER_NAME,PROTOCOL_TYPE,CHANNELS,YT_PROTOCOL_TYPE) values(340778, 4, 34778, '1014777', 'B0000808',1,'1076测试服务器','4',8,'0');
insert into V_VEHICLEINFO (ORG_CODE,VEHICLE_ID,ID_NUMBER,TYPE_ID,TERMINAL_ID,DELETE_FLAG,COLOR_ID_NUMBER_ID,AUTHORIZED_PAY_MASS) values ('B0000808','3400778', '测B14777', 4, 340778, 0, '2',15);

insert into T_SIMINFO (SIM_ID, ORG_CODE, DEPTCODE, STATE,PAY_MODLE, SIM_NUM) values(34779, 'B0000808', '中国移动', 1, '预付费', 13100014778);
insert into T_TERMINALINFO (TERMINAL_ID,TTYPE_ID,SIM_ID,TERMINAL_CODE,ORG_CODE,IS_VIDEO_TERMINAL,SP_SERVER_NAME,PROTOCOL_TYPE,CHANNELS,YT_PROTOCOL_TYPE) values(340779, 4, 34779, '1014778', 'B0000808',1,'1076测试服务器','4',8,'0');
insert into V_VEHICLEINFO (ORG_CODE,VEHICLE_ID,ID_NUMBER,TYPE_ID,TERMINAL_ID,DELETE_FLAG,COLOR_ID_NUMBER_ID,AUTHORIZED_PAY_MASS) values ('B0000808','3400779', '测B14778', 4, 340779, 0, '2',15);

insert into T_SIMINFO (SIM_ID, ORG_CODE, DEPTCODE, STATE,PAY_MODLE, SIM_NUM) values(34780, 'B0000808', '中国移动', 1, '预付费', 13100014779);
insert into T_TERMINALINFO (TERMINAL_ID,TTYPE_ID,SIM_ID,TERMINAL_CODE,ORG_CODE,IS_VIDEO_TERMINAL,SP_SERVER_NAME,PROTOCOL_TYPE,CHANNELS,YT_PROTOCOL_TYPE) values(340780, 4, 34780, '1014779', 'B0000808',1,'1076测试服务器','4',8,'0');
insert into V_VEHICLEINFO (ORG_CODE,VEHICLE_ID,ID_NUMBER,TYPE_ID,TERMINAL_ID,DELETE_FLAG,COLOR_ID_NUMBER_ID,AUTHORIZED_PAY_MASS) values ('B0000808','3400780', '测B14779', 4, 340780, 0, '2',15);

insert into T_SIMINFO (SIM_ID, ORG_CODE, DEPTCODE, STATE,PAY_MODLE, SIM_NUM) values(34781, 'B0000808', '中国移动', 1, '预付费', 13100014780);
insert into T_TERMINALINFO (TERMINAL_ID,TTYPE_ID,SIM_ID,TERMINAL_CODE,ORG_CODE,IS_VIDEO_TERMINAL,SP_SERVER_NAME,PROTOCOL_TYPE,CHANNELS,YT_PROTOCOL_TYPE) values(340781, 4, 34781, '1014780', 'B0000808',1,'1076测试服务器','4',8,'0');
insert into V_VEHICLEINFO (ORG_CODE,VEHICLE_ID,ID_NUMBER,TYPE_ID,TERMINAL_ID,DELETE_FLAG,COLOR_ID_NUMBER_ID,AUTHORIZED_PAY_MASS) values ('B0000808','3400781', '测B14780', 4, 340781, 0, '2',15);

insert into T_SIMINFO (SIM_ID, ORG_CODE, DEPTCODE, STATE,PAY_MODLE, SIM_NUM) values(34782, 'B0000808', '中国移动', 1, '预付费', 13100014781);
insert into T_TERMINALINFO (TERMINAL_ID,TTYPE_ID,SIM_ID,TERMINAL_CODE,ORG_CODE,IS_VIDEO_TERMINAL,SP_SERVER_NAME,PROTOCOL_TYPE,CHANNELS,YT_PROTOCOL_TYPE) values(340782, 4, 34782, '1014781', 'B0000808',1,'1076测试服务器','4',8,'0');
insert into V_VEHICLEINFO (ORG_CODE,VEHICLE_ID,ID_NUMBER,TYPE_ID,TERMINAL_ID,DELETE_FLAG,COLOR_ID_NUMBER_ID,AUTHORIZED_PAY_MASS) values ('B0000808','3400782', '测B14781', 4, 340782, 0, '2',15);

insert into T_SIMINFO (SIM_ID, ORG_CODE, DEPTCODE, STATE,PAY_MODLE, SIM_NUM) values(34783, 'B0000808', '中国移动', 1, '预付费', 13100014782);
insert into T_TERMINALINFO (TERMINAL_ID,TTYPE_ID,SIM_ID,TERMINAL_CODE,ORG_CODE,IS_VIDEO_TERMINAL,SP_SERVER_NAME,PROTOCOL_TYPE,CHANNELS,YT_PROTOCOL_TYPE) values(340783, 4, 34783, '1014782', 'B0000808',1,'1076测试服务器','4',8,'0');
insert into V_VEHICLEINFO (ORG_CODE,VEHICLE_ID,ID_NUMBER,TYPE_ID,TERMINAL_ID,DELETE_FLAG,COLOR_ID_NUMBER_ID,AUTHORIZED_PAY_MASS) values ('B0000808','3400783', '测B14782', 4, 340783, 0, '2',15);

insert into T_SIMINFO (SIM_ID, ORG_CODE, DEPTCODE, STATE,PAY_MODLE, SIM_NUM) values(34784, 'B0000808', '中国移动', 1, '预付费', 13100014783);
insert into T_TERMINALINFO (TERMINAL_ID,TTYPE_ID,SIM_ID,TERMINAL_CODE,ORG_CODE,IS_VIDEO_TERMINAL,SP_SERVER_NAME,PROTOCOL_TYPE,CHANNELS,YT_PROTOCOL_TYPE) values(340784, 4, 34784, '1014783', 'B0000808',1,'1076测试服务器','4',8,'0');
insert into V_VEHICLEINFO (ORG_CODE,VEHICLE_ID,ID_NUMBER,TYPE_ID,TERMINAL_ID,DELETE_FLAG,COLOR_ID_NUMBER_ID,AUTHORIZED_PAY_MASS) values ('B0000808','3400784', '测B14783', 4, 340784, 0, '2',15);

insert into T_SIMINFO (SIM_ID, ORG_CODE, DEPTCODE, STATE,PAY_MODLE, SIM_NUM) values(34785, 'B0000808', '中国移动', 1, '预付费', 13100014784);
insert into T_TERMINALINFO (TERMINAL_ID,TTYPE_ID,SIM_ID,TERMINAL_CODE,ORG_CODE,IS_VIDEO_TERMINAL,SP_SERVER_NAME,PROTOCOL_TYPE,CHANNELS,YT_PROTOCOL_TYPE) values(340785, 4, 34785, '1014784', 'B0000808',1,'1076测试服务器','4',8,'0');
insert into V_VEHICLEINFO (ORG_CODE,VEHICLE_ID,ID_NUMBER,TYPE_ID,TERMINAL_ID,DELETE_FLAG,COLOR_ID_NUMBER_ID,AUTHORIZED_PAY_MASS) values ('B0000808','3400785', '测B14784', 4, 340785, 0, '2',15);

insert into T_SIMINFO (SIM_ID, ORG_CODE, DEPTCODE, STATE,PAY_MODLE, SIM_NUM) values(34786, 'B0000808', '中国移动', 1, '预付费', 13100014785);
insert into T_TERMINALINFO (TERMINAL_ID,TTYPE_ID,SIM_ID,TERMINAL_CODE,ORG_CODE,IS_VIDEO_TERMINAL,SP_SERVER_NAME,PROTOCOL_TYPE,CHANNELS,YT_PROTOCOL_TYPE) values(340786, 4, 34786, '1014785', 'B0000808',1,'1076测试服务器','4',8,'0');
insert into V_VEHICLEINFO (ORG_CODE,VEHICLE_ID,ID_NUMBER,TYPE_ID,TERMINAL_ID,DELETE_FLAG,COLOR_ID_NUMBER_ID,AUTHORIZED_PAY_MASS) values ('B0000808','3400786', '测B14785', 4, 340786, 0, '2',15);

insert into T_SIMINFO (SIM_ID, ORG_CODE, DEPTCODE, STATE,PAY_MODLE, SIM_NUM) values(34787, 'B0000808', '中国移动', 1, '预付费', 13100014786);
insert into T_TERMINALINFO (TERMINAL_ID,TTYPE_ID,SIM_ID,TERMINAL_CODE,ORG_CODE,IS_VIDEO_TERMINAL,SP_SERVER_NAME,PROTOCOL_TYPE,CHANNELS,YT_PROTOCOL_TYPE) values(340787, 4, 34787, '1014786', 'B0000808',1,'1076测试服务器','4',8,'0');
insert into V_VEHICLEINFO (ORG_CODE,VEHICLE_ID,ID_NUMBER,TYPE_ID,TERMINAL_ID,DELETE_FLAG,COLOR_ID_NUMBER_ID,AUTHORIZED_PAY_MASS) values ('B0000808','3400787', '测B14786', 4, 340787, 0, '2',15);

insert into T_SIMINFO (SIM_ID, ORG_CODE, DEPTCODE, STATE,PAY_MODLE, SIM_NUM) values(34788, 'B0000808', '中国移动', 1, '预付费', 13100014787);
insert into T_TERMINALINFO (TERMINAL_ID,TTYPE_ID,SIM_ID,TERMINAL_CODE,ORG_CODE,IS_VIDEO_TERMINAL,SP_SERVER_NAME,PROTOCOL_TYPE,CHANNELS,YT_PROTOCOL_TYPE) values(340788, 4, 34788, '1014787', 'B0000808',1,'1076测试服务器','4',8,'0');
insert into V_VEHICLEINFO (ORG_CODE,VEHICLE_ID,ID_NUMBER,TYPE_ID,TERMINAL_ID,DELETE_FLAG,COLOR_ID_NUMBER_ID,AUTHORIZED_PAY_MASS) values ('B0000808','3400788', '测B14787', 4, 340788, 0, '2',15);

insert into T_SIMINFO (SIM_ID, ORG_CODE, DEPTCODE, STATE,PAY_MODLE, SIM_NUM) values(34789, 'B0000808', '中国移动', 1, '预付费', 13100014788);
insert into T_TERMINALINFO (TERMINAL_ID,TTYPE_ID,SIM_ID,TERMINAL_CODE,ORG_CODE,IS_VIDEO_TERMINAL,SP_SERVER_NAME,PROTOCOL_TYPE,CHANNELS,YT_PROTOCOL_TYPE) values(340789, 4, 34789, '1014788', 'B0000808',1,'1076测试服务器','4',8,'0');
insert into V_VEHICLEINFO (ORG_CODE,VEHICLE_ID,ID_NUMBER,TYPE_ID,TERMINAL_ID,DELETE_FLAG,COLOR_ID_NUMBER_ID,AUTHORIZED_PAY_MASS) values ('B0000808','3400789', '测B14788', 4, 340789, 0, '2',15);

insert into T_SIMINFO (SIM_ID, ORG_CODE, DEPTCODE, STATE,PAY_MODLE, SIM_NUM) values(34790, 'B0000808', '中国移动', 1, '预付费', 13100014789);
insert into T_TERMINALINFO (TERMINAL_ID,TTYPE_ID,SIM_ID,TERMINAL_CODE,ORG_CODE,IS_VIDEO_TERMINAL,SP_SERVER_NAME,PROTOCOL_TYPE,CHANNELS,YT_PROTOCOL_TYPE) values(340790, 4, 34790, '1014789', 'B0000808',1,'1076测试服务器','4',8,'0');
insert into V_VEHICLEINFO (ORG_CODE,VEHICLE_ID,ID_NUMBER,TYPE_ID,TERMINAL_ID,DELETE_FLAG,COLOR_ID_NUMBER_ID,AUTHORIZED_PAY_MASS) values ('B0000808','3400790', '测B14789', 4, 340790, 0, '2',15);

insert into T_SIMINFO (SIM_ID, ORG_CODE, DEPTCODE, STATE,PAY_MODLE, SIM_NUM) values(34791, 'B0000808', '中国移动', 1, '预付费', 13100014790);
insert into T_TERMINALINFO (TERMINAL_ID,TTYPE_ID,SIM_ID,TERMINAL_CODE,ORG_CODE,IS_VIDEO_TERMINAL,SP_SERVER_NAME,PROTOCOL_TYPE,CHANNELS,YT_PROTOCOL_TYPE) values(340791, 4, 34791, '1014790', 'B0000808',1,'1076测试服务器','4',8,'0');
insert into V_VEHICLEINFO (ORG_CODE,VEHICLE_ID,ID_NUMBER,TYPE_ID,TERMINAL_ID,DELETE_FLAG,COLOR_ID_NUMBER_ID,AUTHORIZED_PAY_MASS) values ('B0000808','3400791', '测B14790', 4, 340791, 0, '2',15);

insert into T_SIMINFO (SIM_ID, ORG_CODE, DEPTCODE, STATE,PAY_MODLE, SIM_NUM) values(34792, 'B0000808', '中国移动', 1, '预付费', 13100014791);
insert into T_TERMINALINFO (TERMINAL_ID,TTYPE_ID,SIM_ID,TERMINAL_CODE,ORG_CODE,IS_VIDEO_TERMINAL,SP_SERVER_NAME,PROTOCOL_TYPE,CHANNELS,YT_PROTOCOL_TYPE) values(340792, 4, 34792, '1014791', 'B0000808',1,'1076测试服务器','4',8,'0');
insert into V_VEHICLEINFO (ORG_CODE,VEHICLE_ID,ID_NUMBER,TYPE_ID,TERMINAL_ID,DELETE_FLAG,COLOR_ID_NUMBER_ID,AUTHORIZED_PAY_MASS) values ('B0000808','3400792', '测B14791', 4, 340792, 0, '2',15);

insert into T_SIMINFO (SIM_ID, ORG_CODE, DEPTCODE, STATE,PAY_MODLE, SIM_NUM) values(34793, 'B0000808', '中国移动', 1, '预付费', 13100014792);
insert into T_TERMINALINFO (TERMINAL_ID,TTYPE_ID,SIM_ID,TERMINAL_CODE,ORG_CODE,IS_VIDEO_TERMINAL,SP_SERVER_NAME,PROTOCOL_TYPE,CHANNELS,YT_PROTOCOL_TYPE) values(340793, 4, 34793, '1014792', 'B0000808',1,'1076测试服务器','4',8,'0');
insert into V_VEHICLEINFO (ORG_CODE,VEHICLE_ID,ID_NUMBER,TYPE_ID,TERMINAL_ID,DELETE_FLAG,COLOR_ID_NUMBER_ID,AUTHORIZED_PAY_MASS) values ('B0000808','3400793', '测B14792', 4, 340793, 0, '2',15);

insert into T_SIMINFO (SIM_ID, ORG_CODE, DEPTCODE, STATE,PAY_MODLE, SIM_NUM) values(34794, 'B0000808', '中国移动', 1, '预付费', 13100014793);
insert into T_TERMINALINFO (TERMINAL_ID,TTYPE_ID,SIM_ID,TERMINAL_CODE,ORG_CODE,IS_VIDEO_TERMINAL,SP_SERVER_NAME,PROTOCOL_TYPE,CHANNELS,YT_PROTOCOL_TYPE) values(340794, 4, 34794, '1014793', 'B0000808',1,'1076测试服务器','4',8,'0');
insert into V_VEHICLEINFO (ORG_CODE,VEHICLE_ID,ID_NUMBER,TYPE_ID,TERMINAL_ID,DELETE_FLAG,COLOR_ID_NUMBER_ID,AUTHORIZED_PAY_MASS) values ('B0000808','3400794', '测B14793', 4, 340794, 0, '2',15);

insert into T_SIMINFO (SIM_ID, ORG_CODE, DEPTCODE, STATE,PAY_MODLE, SIM_NUM) values(34795, 'B0000808', '中国移动', 1, '预付费', 13100014794);
insert into T_TERMINALINFO (TERMINAL_ID,TTYPE_ID,SIM_ID,TERMINAL_CODE,ORG_CODE,IS_VIDEO_TERMINAL,SP_SERVER_NAME,PROTOCOL_TYPE,CHANNELS,YT_PROTOCOL_TYPE) values(340795, 4, 34795, '1014794', 'B0000808',1,'1076测试服务器','4',8,'0');
insert into V_VEHICLEINFO (ORG_CODE,VEHICLE_ID,ID_NUMBER,TYPE_ID,TERMINAL_ID,DELETE_FLAG,COLOR_ID_NUMBER_ID,AUTHORIZED_PAY_MASS) values ('B0000808','3400795', '测B14794', 4, 340795, 0, '2',15);

insert into T_SIMINFO (SIM_ID, ORG_CODE, DEPTCODE, STATE,PAY_MODLE, SIM_NUM) values(34796, 'B0000808', '中国移动', 1, '预付费', 13100014795);
insert into T_TERMINALINFO (TERMINAL_ID,TTYPE_ID,SIM_ID,TERMINAL_CODE,ORG_CODE,IS_VIDEO_TERMINAL,SP_SERVER_NAME,PROTOCOL_TYPE,CHANNELS,YT_PROTOCOL_TYPE) values(340796, 4, 34796, '1014795', 'B0000808',1,'1076测试服务器','4',8,'0');
insert into V_VEHICLEINFO (ORG_CODE,VEHICLE_ID,ID_NUMBER,TYPE_ID,TERMINAL_ID,DELETE_FLAG,COLOR_ID_NUMBER_ID,AUTHORIZED_PAY_MASS) values ('B0000808','3400796', '测B14795', 4, 340796, 0, '2',15);

insert into T_SIMINFO (SIM_ID, ORG_CODE, DEPTCODE, STATE,PAY_MODLE, SIM_NUM) values(34797, 'B0000808', '中国移动', 1, '预付费', 13100014796);
insert into T_TERMINALINFO (TERMINAL_ID,TTYPE_ID,SIM_ID,TERMINAL_CODE,ORG_CODE,IS_VIDEO_TERMINAL,SP_SERVER_NAME,PROTOCOL_TYPE,CHANNELS,YT_PROTOCOL_TYPE) values(340797, 4, 34797, '1014796', 'B0000808',1,'1076测试服务器','4',8,'0');
insert into V_VEHICLEINFO (ORG_CODE,VEHICLE_ID,ID_NUMBER,TYPE_ID,TERMINAL_ID,DELETE_FLAG,COLOR_ID_NUMBER_ID,AUTHORIZED_PAY_MASS) values ('B0000808','3400797', '测B14796', 4, 340797, 0, '2',15);

insert into T_SIMINFO (SIM_ID, ORG_CODE, DEPTCODE, STATE,PAY_MODLE, SIM_NUM) values(34798, 'B0000808', '中国移动', 1, '预付费', 13100014797);
insert into T_TERMINALINFO (TERMINAL_ID,TTYPE_ID,SIM_ID,TERMINAL_CODE,ORG_CODE,IS_VIDEO_TERMINAL,SP_SERVER_NAME,PROTOCOL_TYPE,CHANNELS,YT_PROTOCOL_TYPE) values(340798, 4, 34798, '1014797', 'B0000808',1,'1076测试服务器','4',8,'0');
insert into V_VEHICLEINFO (ORG_CODE,VEHICLE_ID,ID_NUMBER,TYPE_ID,TERMINAL_ID,DELETE_FLAG,COLOR_ID_NUMBER_ID,AUTHORIZED_PAY_MASS) values ('B0000808','3400798', '测B14797', 4, 340798, 0, '2',15);

insert into T_SIMINFO (SIM_ID, ORG_CODE, DEPTCODE, STATE,PAY_MODLE, SIM_NUM) values(34799, 'B0000808', '中国移动', 1, '预付费', 13100014798);
insert into T_TERMINALINFO (TERMINAL_ID,TTYPE_ID,SIM_ID,TERMINAL_CODE,ORG_CODE,IS_VIDEO_TERMINAL,SP_SERVER_NAME,PROTOCOL_TYPE,CHANNELS,YT_PROTOCOL_TYPE) values(340799, 4, 34799, '1014798', 'B0000808',1,'1076测试服务器','4',8,'0');
insert into V_VEHICLEINFO (ORG_CODE,VEHICLE_ID,ID_NUMBER,TYPE_ID,TERMINAL_ID,DELETE_FLAG,COLOR_ID_NUMBER_ID,AUTHORIZED_PAY_MASS) values ('B0000808','3400799', '测B14798', 4, 340799, 0, '2',15);

insert into T_SIMINFO (SIM_ID, ORG_CODE, DEPTCODE, STATE,PAY_MODLE, SIM_NUM) values(34800, 'B0000808', '中国移动', 1, '预付费', 13100014799);
insert into T_TERMINALINFO (TERMINAL_ID,TTYPE_ID,SIM_ID,TERMINAL_CODE,ORG_CODE,IS_VIDEO_TERMINAL,SP_SERVER_NAME,PROTOCOL_TYPE,CHANNELS,YT_PROTOCOL_TYPE) values(340800, 4, 34800, '1014799', 'B0000808',1,'1076测试服务器','4',8,'0');
insert into V_VEHICLEINFO (ORG_CODE,VEHICLE_ID,ID_NUMBER,TYPE_ID,TERMINAL_ID,DELETE_FLAG,COLOR_ID_NUMBER_ID,AUTHORIZED_PAY_MASS) values ('B0000808','3400800', '测B14799', 4, 340800, 0, '2',15);

insert into T_SIMINFO (SIM_ID, ORG_CODE, DEPTCODE, STATE,PAY_MODLE, SIM_NUM) values(34801, 'B0000808', '中国移动', 1, '预付费', 13100014800);
insert into T_TERMINALINFO (TERMINAL_ID,TTYPE_ID,SIM_ID,TERMINAL_CODE,ORG_CODE,IS_VIDEO_TERMINAL,SP_SERVER_NAME,PROTOCOL_TYPE,CHANNELS,YT_PROTOCOL_TYPE) values(340801, 4, 34801, '1014800', 'B0000808',1,'1076测试服务器','4',8,'0');
insert into V_VEHICLEINFO (ORG_CODE,VEHICLE_ID,ID_NUMBER,TYPE_ID,TERMINAL_ID,DELETE_FLAG,COLOR_ID_NUMBER_ID,AUTHORIZED_PAY_MASS) values ('B0000808','3400801', '测B14800', 4, 340801, 0, '2',15);

insert into T_SIMINFO (SIM_ID, ORG_CODE, DEPTCODE, STATE,PAY_MODLE, SIM_NUM) values(34802, 'B0000808', '中国移动', 1, '预付费', 13100014801);
insert into T_TERMINALINFO (TERMINAL_ID,TTYPE_ID,SIM_ID,TERMINAL_CODE,ORG_CODE,IS_VIDEO_TERMINAL,SP_SERVER_NAME,PROTOCOL_TYPE,CHANNELS,YT_PROTOCOL_TYPE) values(340802, 4, 34802, '1014801', 'B0000808',1,'1076测试服务器','4',8,'0');
insert into V_VEHICLEINFO (ORG_CODE,VEHICLE_ID,ID_NUMBER,TYPE_ID,TERMINAL_ID,DELETE_FLAG,COLOR_ID_NUMBER_ID,AUTHORIZED_PAY_MASS) values ('B0000808','3400802', '测B14801', 4, 340802, 0, '2',15);

insert into T_SIMINFO (SIM_ID, ORG_CODE, DEPTCODE, STATE,PAY_MODLE, SIM_NUM) values(34803, 'B0000808', '中国移动', 1, '预付费', 13100014802);
insert into T_TERMINALINFO (TERMINAL_ID,TTYPE_ID,SIM_ID,TERMINAL_CODE,ORG_CODE,IS_VIDEO_TERMINAL,SP_SERVER_NAME,PROTOCOL_TYPE,CHANNELS,YT_PROTOCOL_TYPE) values(340803, 4, 34803, '1014802', 'B0000808',1,'1076测试服务器','4',8,'0');
insert into V_VEHICLEINFO (ORG_CODE,VEHICLE_ID,ID_NUMBER,TYPE_ID,TERMINAL_ID,DELETE_FLAG,COLOR_ID_NUMBER_ID,AUTHORIZED_PAY_MASS) values ('B0000808','3400803', '测B14802', 4, 340803, 0, '2',15);

insert into T_SIMINFO (SIM_ID, ORG_CODE, DEPTCODE, STATE,PAY_MODLE, SIM_NUM) values(34804, 'B0000808', '中国移动', 1, '预付费', 13100014803);
insert into T_TERMINALINFO (TERMINAL_ID,TTYPE_ID,SIM_ID,TERMINAL_CODE,ORG_CODE,IS_VIDEO_TERMINAL,SP_SERVER_NAME,PROTOCOL_TYPE,CHANNELS,YT_PROTOCOL_TYPE) values(340804, 4, 34804, '1014803', 'B0000808',1,'1076测试服务器','4',8,'0');
insert into V_VEHICLEINFO (ORG_CODE,VEHICLE_ID,ID_NUMBER,TYPE_ID,TERMINAL_ID,DELETE_FLAG,COLOR_ID_NUMBER_ID,AUTHORIZED_PAY_MASS) values ('B0000808','3400804', '测B14803', 4, 340804, 0, '2',15);

insert into T_SIMINFO (SIM_ID, ORG_CODE, DEPTCODE, STATE,PAY_MODLE, SIM_NUM) values(34805, 'B0000808', '中国移动', 1, '预付费', 13100014804);
insert into T_TERMINALINFO (TERMINAL_ID,TTYPE_ID,SIM_ID,TERMINAL_CODE,ORG_CODE,IS_VIDEO_TERMINAL,SP_SERVER_NAME,PROTOCOL_TYPE,CHANNELS,YT_PROTOCOL_TYPE) values(340805, 4, 34805, '1014804', 'B0000808',1,'1076测试服务器','4',8,'0');
insert into V_VEHICLEINFO (ORG_CODE,VEHICLE_ID,ID_NUMBER,TYPE_ID,TERMINAL_ID,DELETE_FLAG,COLOR_ID_NUMBER_ID,AUTHORIZED_PAY_MASS) values ('B0000808','3400805', '测B14804', 4, 340805, 0, '2',15);

insert into T_SIMINFO (SIM_ID, ORG_CODE, DEPTCODE, STATE,PAY_MODLE, SIM_NUM) values(34806, 'B0000808', '中国移动', 1, '预付费', 13100014805);
insert into T_TERMINALINFO (TERMINAL_ID,TTYPE_ID,SIM_ID,TERMINAL_CODE,ORG_CODE,IS_VIDEO_TERMINAL,SP_SERVER_NAME,PROTOCOL_TYPE,CHANNELS,YT_PROTOCOL_TYPE) values(340806, 4, 34806, '1014805', 'B0000808',1,'1076测试服务器','4',8,'0');
insert into V_VEHICLEINFO (ORG_CODE,VEHICLE_ID,ID_NUMBER,TYPE_ID,TERMINAL_ID,DELETE_FLAG,COLOR_ID_NUMBER_ID,AUTHORIZED_PAY_MASS) values ('B0000808','3400806', '测B14805', 4, 340806, 0, '2',15);

insert into T_SIMINFO (SIM_ID, ORG_CODE, DEPTCODE, STATE,PAY_MODLE, SIM_NUM) values(34807, 'B0000808', '中国移动', 1, '预付费', 13100014806);
insert into T_TERMINALINFO (TERMINAL_ID,TTYPE_ID,SIM_ID,TERMINAL_CODE,ORG_CODE,IS_VIDEO_TERMINAL,SP_SERVER_NAME,PROTOCOL_TYPE,CHANNELS,YT_PROTOCOL_TYPE) values(340807, 4, 34807, '1014806', 'B0000808',1,'1076测试服务器','4',8,'0');
insert into V_VEHICLEINFO (ORG_CODE,VEHICLE_ID,ID_NUMBER,TYPE_ID,TERMINAL_ID,DELETE_FLAG,COLOR_ID_NUMBER_ID,AUTHORIZED_PAY_MASS) values ('B0000808','3400807', '测B14806', 4, 340807, 0, '2',15);

insert into T_SIMINFO (SIM_ID, ORG_CODE, DEPTCODE, STATE,PAY_MODLE, SIM_NUM) values(34808, 'B0000808', '中国移动', 1, '预付费', 13100014807);
insert into T_TERMINALINFO (TERMINAL_ID,TTYPE_ID,SIM_ID,TERMINAL_CODE,ORG_CODE,IS_VIDEO_TERMINAL,SP_SERVER_NAME,PROTOCOL_TYPE,CHANNELS,YT_PROTOCOL_TYPE) values(340808, 4, 34808, '1014807', 'B0000808',1,'1076测试服务器','4',8,'0');
insert into V_VEHICLEINFO (ORG_CODE,VEHICLE_ID,ID_NUMBER,TYPE_ID,TERMINAL_ID,DELETE_FLAG,COLOR_ID_NUMBER_ID,AUTHORIZED_PAY_MASS) values ('B0000808','3400808', '测B14807', 4, 340808, 0, '2',15);

insert into T_SIMINFO (SIM_ID, ORG_CODE, DEPTCODE, STATE,PAY_MODLE, SIM_NUM) values(34809, 'B0000808', '中国移动', 1, '预付费', 13100014808);
insert into T_TERMINALINFO (TERMINAL_ID,TTYPE_ID,SIM_ID,TERMINAL_CODE,ORG_CODE,IS_VIDEO_TERMINAL,SP_SERVER_NAME,PROTOCOL_TYPE,CHANNELS,YT_PROTOCOL_TYPE) values(340809, 4, 34809, '1014808', 'B0000808',1,'1076测试服务器','4',8,'0');
insert into V_VEHICLEINFO (ORG_CODE,VEHICLE_ID,ID_NUMBER,TYPE_ID,TERMINAL_ID,DELETE_FLAG,COLOR_ID_NUMBER_ID,AUTHORIZED_PAY_MASS) values ('B0000808','3400809', '测B14808', 4, 340809, 0, '2',15);

insert into T_SIMINFO (SIM_ID, ORG_CODE, DEPTCODE, STATE,PAY_MODLE, SIM_NUM) values(34810, 'B0000808', '中国移动', 1, '预付费', 13100014809);
insert into T_TERMINALINFO (TERMINAL_ID,TTYPE_ID,SIM_ID,TERMINAL_CODE,ORG_CODE,IS_VIDEO_TERMINAL,SP_SERVER_NAME,PROTOCOL_TYPE,CHANNELS,YT_PROTOCOL_TYPE) values(340810, 4, 34810, '1014809', 'B0000808',1,'1076测试服务器','4',8,'0');
insert into V_VEHICLEINFO (ORG_CODE,VEHICLE_ID,ID_NUMBER,TYPE_ID,TERMINAL_ID,DELETE_FLAG,COLOR_ID_NUMBER_ID,AUTHORIZED_PAY_MASS) values ('B0000808','3400810', '测B14809', 4, 340810, 0, '2',15);

insert into T_SIMINFO (SIM_ID, ORG_CODE, DEPTCODE, STATE,PAY_MODLE, SIM_NUM) values(34811, 'B0000808', '中国移动', 1, '预付费', 13100014810);
insert into T_TERMINALINFO (TERMINAL_ID,TTYPE_ID,SIM_ID,TERMINAL_CODE,ORG_CODE,IS_VIDEO_TERMINAL,SP_SERVER_NAME,PROTOCOL_TYPE,CHANNELS,YT_PROTOCOL_TYPE) values(340811, 4, 34811, '1014810', 'B0000808',1,'1076测试服务器','4',8,'0');
insert into V_VEHICLEINFO (ORG_CODE,VEHICLE_ID,ID_NUMBER,TYPE_ID,TERMINAL_ID,DELETE_FLAG,COLOR_ID_NUMBER_ID,AUTHORIZED_PAY_MASS) values ('B0000808','3400811', '测B14810', 4, 340811, 0, '2',15);

insert into T_SIMINFO (SIM_ID, ORG_CODE, DEPTCODE, STATE,PAY_MODLE, SIM_NUM) values(34812, 'B0000808', '中国移动', 1, '预付费', 13100014811);
insert into T_TERMINALINFO (TERMINAL_ID,TTYPE_ID,SIM_ID,TERMINAL_CODE,ORG_CODE,IS_VIDEO_TERMINAL,SP_SERVER_NAME,PROTOCOL_TYPE,CHANNELS,YT_PROTOCOL_TYPE) values(340812, 4, 34812, '1014811', 'B0000808',1,'1076测试服务器','4',8,'0');
insert into V_VEHICLEINFO (ORG_CODE,VEHICLE_ID,ID_NUMBER,TYPE_ID,TERMINAL_ID,DELETE_FLAG,COLOR_ID_NUMBER_ID,AUTHORIZED_PAY_MASS) values ('B0000808','3400812', '测B14811', 4, 340812, 0, '2',15);

insert into T_SIMINFO (SIM_ID, ORG_CODE, DEPTCODE, STATE,PAY_MODLE, SIM_NUM) values(34813, 'B0000808', '中国移动', 1, '预付费', 13100014812);
insert into T_TERMINALINFO (TERMINAL_ID,TTYPE_ID,SIM_ID,TERMINAL_CODE,ORG_CODE,IS_VIDEO_TERMINAL,SP_SERVER_NAME,PROTOCOL_TYPE,CHANNELS,YT_PROTOCOL_TYPE) values(340813, 4, 34813, '1014812', 'B0000808',1,'1076测试服务器','4',8,'0');
insert into V_VEHICLEINFO (ORG_CODE,VEHICLE_ID,ID_NUMBER,TYPE_ID,TERMINAL_ID,DELETE_FLAG,COLOR_ID_NUMBER_ID,AUTHORIZED_PAY_MASS) values ('B0000808','3400813', '测B14812', 4, 340813, 0, '2',15);

insert into T_SIMINFO (SIM_ID, ORG_CODE, DEPTCODE, STATE,PAY_MODLE, SIM_NUM) values(34814, 'B0000808', '中国移动', 1, '预付费', 13100014813);
insert into T_TERMINALINFO (TERMINAL_ID,TTYPE_ID,SIM_ID,TERMINAL_CODE,ORG_CODE,IS_VIDEO_TERMINAL,SP_SERVER_NAME,PROTOCOL_TYPE,CHANNELS,YT_PROTOCOL_TYPE) values(340814, 4, 34814, '1014813', 'B0000808',1,'1076测试服务器','4',8,'0');
insert into V_VEHICLEINFO (ORG_CODE,VEHICLE_ID,ID_NUMBER,TYPE_ID,TERMINAL_ID,DELETE_FLAG,COLOR_ID_NUMBER_ID,AUTHORIZED_PAY_MASS) values ('B0000808','3400814', '测B14813', 4, 340814, 0, '2',15);

insert into T_SIMINFO (SIM_ID, ORG_CODE, DEPTCODE, STATE,PAY_MODLE, SIM_NUM) values(34815, 'B0000808', '中国移动', 1, '预付费', 13100014814);
insert into T_TERMINALINFO (TERMINAL_ID,TTYPE_ID,SIM_ID,TERMINAL_CODE,ORG_CODE,IS_VIDEO_TERMINAL,SP_SERVER_NAME,PROTOCOL_TYPE,CHANNELS,YT_PROTOCOL_TYPE) values(340815, 4, 34815, '1014814', 'B0000808',1,'1076测试服务器','4',8,'0');
insert into V_VEHICLEINFO (ORG_CODE,VEHICLE_ID,ID_NUMBER,TYPE_ID,TERMINAL_ID,DELETE_FLAG,COLOR_ID_NUMBER_ID,AUTHORIZED_PAY_MASS) values ('B0000808','3400815', '测B14814', 4, 340815, 0, '2',15);

insert into T_SIMINFO (SIM_ID, ORG_CODE, DEPTCODE, STATE,PAY_MODLE, SIM_NUM) values(34816, 'B0000808', '中国移动', 1, '预付费', 13100014815);
insert into T_TERMINALINFO (TERMINAL_ID,TTYPE_ID,SIM_ID,TERMINAL_CODE,ORG_CODE,IS_VIDEO_TERMINAL,SP_SERVER_NAME,PROTOCOL_TYPE,CHANNELS,YT_PROTOCOL_TYPE) values(340816, 4, 34816, '1014815', 'B0000808',1,'1076测试服务器','4',8,'0');
insert into V_VEHICLEINFO (ORG_CODE,VEHICLE_ID,ID_NUMBER,TYPE_ID,TERMINAL_ID,DELETE_FLAG,COLOR_ID_NUMBER_ID,AUTHORIZED_PAY_MASS) values ('B0000808','3400816', '测B14815', 4, 340816, 0, '2',15);

insert into T_SIMINFO (SIM_ID, ORG_CODE, DEPTCODE, STATE,PAY_MODLE, SIM_NUM) values(34817, 'B0000808', '中国移动', 1, '预付费', 13100014816);
insert into T_TERMINALINFO (TERMINAL_ID,TTYPE_ID,SIM_ID,TERMINAL_CODE,ORG_CODE,IS_VIDEO_TERMINAL,SP_SERVER_NAME,PROTOCOL_TYPE,CHANNELS,YT_PROTOCOL_TYPE) values(340817, 4, 34817, '1014816', 'B0000808',1,'1076测试服务器','4',8,'0');
insert into V_VEHICLEINFO (ORG_CODE,VEHICLE_ID,ID_NUMBER,TYPE_ID,TERMINAL_ID,DELETE_FLAG,COLOR_ID_NUMBER_ID,AUTHORIZED_PAY_MASS) values ('B0000808','3400817', '测B14816', 4, 340817, 0, '2',15);

insert into T_SIMINFO (SIM_ID, ORG_CODE, DEPTCODE, STATE,PAY_MODLE, SIM_NUM) values(34818, 'B0000808', '中国移动', 1, '预付费', 13100014817);
insert into T_TERMINALINFO (TERMINAL_ID,TTYPE_ID,SIM_ID,TERMINAL_CODE,ORG_CODE,IS_VIDEO_TERMINAL,SP_SERVER_NAME,PROTOCOL_TYPE,CHANNELS,YT_PROTOCOL_TYPE) values(340818, 4, 34818, '1014817', 'B0000808',1,'1076测试服务器','4',8,'0');
insert into V_VEHICLEINFO (ORG_CODE,VEHICLE_ID,ID_NUMBER,TYPE_ID,TERMINAL_ID,DELETE_FLAG,COLOR_ID_NUMBER_ID,AUTHORIZED_PAY_MASS) values ('B0000808','3400818', '测B14817', 4, 340818, 0, '2',15);

insert into T_SIMINFO (SIM_ID, ORG_CODE, DEPTCODE, STATE,PAY_MODLE, SIM_NUM) values(34819, 'B0000808', '中国移动', 1, '预付费', 13100014818);
insert into T_TERMINALINFO (TERMINAL_ID,TTYPE_ID,SIM_ID,TERMINAL_CODE,ORG_CODE,IS_VIDEO_TERMINAL,SP_SERVER_NAME,PROTOCOL_TYPE,CHANNELS,YT_PROTOCOL_TYPE) values(340819, 4, 34819, '1014818', 'B0000808',1,'1076测试服务器','4',8,'0');
insert into V_VEHICLEINFO (ORG_CODE,VEHICLE_ID,ID_NUMBER,TYPE_ID,TERMINAL_ID,DELETE_FLAG,COLOR_ID_NUMBER_ID,AUTHORIZED_PAY_MASS) values ('B0000808','3400819', '测B14818', 4, 340819, 0, '2',15);

insert into T_SIMINFO (SIM_ID, ORG_CODE, DEPTCODE, STATE,PAY_MODLE, SIM_NUM) values(34820, 'B0000808', '中国移动', 1, '预付费', 13100014819);
insert into T_TERMINALINFO (TERMINAL_ID,TTYPE_ID,SIM_ID,TERMINAL_CODE,ORG_CODE,IS_VIDEO_TERMINAL,SP_SERVER_NAME,PROTOCOL_TYPE,CHANNELS,YT_PROTOCOL_TYPE) values(340820, 4, 34820, '1014819', 'B0000808',1,'1076测试服务器','4',8,'0');
insert into V_VEHICLEINFO (ORG_CODE,VEHICLE_ID,ID_NUMBER,TYPE_ID,TERMINAL_ID,DELETE_FLAG,COLOR_ID_NUMBER_ID,AUTHORIZED_PAY_MASS) values ('B0000808','3400820', '测B14819', 4, 340820, 0, '2',15);

insert into T_SIMINFO (SIM_ID, ORG_CODE, DEPTCODE, STATE,PAY_MODLE, SIM_NUM) values(34821, 'B0000808', '中国移动', 1, '预付费', 13100014820);
insert into T_TERMINALINFO (TERMINAL_ID,TTYPE_ID,SIM_ID,TERMINAL_CODE,ORG_CODE,IS_VIDEO_TERMINAL,SP_SERVER_NAME,PROTOCOL_TYPE,CHANNELS,YT_PROTOCOL_TYPE) values(340821, 4, 34821, '1014820', 'B0000808',1,'1076测试服务器','4',8,'0');
insert into V_VEHICLEINFO (ORG_CODE,VEHICLE_ID,ID_NUMBER,TYPE_ID,TERMINAL_ID,DELETE_FLAG,COLOR_ID_NUMBER_ID,AUTHORIZED_PAY_MASS) values ('B0000808','3400821', '测B14820', 4, 340821, 0, '2',15);

insert into T_SIMINFO (SIM_ID, ORG_CODE, DEPTCODE, STATE,PAY_MODLE, SIM_NUM) values(34822, 'B0000808', '中国移动', 1, '预付费', 13100014821);
insert into T_TERMINALINFO (TERMINAL_ID,TTYPE_ID,SIM_ID,TERMINAL_CODE,ORG_CODE,IS_VIDEO_TERMINAL,SP_SERVER_NAME,PROTOCOL_TYPE,CHANNELS,YT_PROTOCOL_TYPE) values(340822, 4, 34822, '1014821', 'B0000808',1,'1076测试服务器','4',8,'0');
insert into V_VEHICLEINFO (ORG_CODE,VEHICLE_ID,ID_NUMBER,TYPE_ID,TERMINAL_ID,DELETE_FLAG,COLOR_ID_NUMBER_ID,AUTHORIZED_PAY_MASS) values ('B0000808','3400822', '测B14821', 4, 340822, 0, '2',15);

insert into T_SIMINFO (SIM_ID, ORG_CODE, DEPTCODE, STATE,PAY_MODLE, SIM_NUM) values(34823, 'B0000808', '中国移动', 1, '预付费', 13100014822);
insert into T_TERMINALINFO (TERMINAL_ID,TTYPE_ID,SIM_ID,TERMINAL_CODE,ORG_CODE,IS_VIDEO_TERMINAL,SP_SERVER_NAME,PROTOCOL_TYPE,CHANNELS,YT_PROTOCOL_TYPE) values(340823, 4, 34823, '1014822', 'B0000808',1,'1076测试服务器','4',8,'0');
insert into V_VEHICLEINFO (ORG_CODE,VEHICLE_ID,ID_NUMBER,TYPE_ID,TERMINAL_ID,DELETE_FLAG,COLOR_ID_NUMBER_ID,AUTHORIZED_PAY_MASS) values ('B0000808','3400823', '测B14822', 4, 340823, 0, '2',15);

insert into T_SIMINFO (SIM_ID, ORG_CODE, DEPTCODE, STATE,PAY_MODLE, SIM_NUM) values(34824, 'B0000808', '中国移动', 1, '预付费', 13100014823);
insert into T_TERMINALINFO (TERMINAL_ID,TTYPE_ID,SIM_ID,TERMINAL_CODE,ORG_CODE,IS_VIDEO_TERMINAL,SP_SERVER_NAME,PROTOCOL_TYPE,CHANNELS,YT_PROTOCOL_TYPE) values(340824, 4, 34824, '1014823', 'B0000808',1,'1076测试服务器','4',8,'0');
insert into V_VEHICLEINFO (ORG_CODE,VEHICLE_ID,ID_NUMBER,TYPE_ID,TERMINAL_ID,DELETE_FLAG,COLOR_ID_NUMBER_ID,AUTHORIZED_PAY_MASS) values ('B0000808','3400824', '测B14823', 4, 340824, 0, '2',15);

insert into T_SIMINFO (SIM_ID, ORG_CODE, DEPTCODE, STATE,PAY_MODLE, SIM_NUM) values(34825, 'B0000808', '中国移动', 1, '预付费', 13100014824);
insert into T_TERMINALINFO (TERMINAL_ID,TTYPE_ID,SIM_ID,TERMINAL_CODE,ORG_CODE,IS_VIDEO_TERMINAL,SP_SERVER_NAME,PROTOCOL_TYPE,CHANNELS,YT_PROTOCOL_TYPE) values(340825, 4, 34825, '1014824', 'B0000808',1,'1076测试服务器','4',8,'0');
insert into V_VEHICLEINFO (ORG_CODE,VEHICLE_ID,ID_NUMBER,TYPE_ID,TERMINAL_ID,DELETE_FLAG,COLOR_ID_NUMBER_ID,AUTHORIZED_PAY_MASS) values ('B0000808','3400825', '测B14824', 4, 340825, 0, '2',15);

insert into T_SIMINFO (SIM_ID, ORG_CODE, DEPTCODE, STATE,PAY_MODLE, SIM_NUM) values(34826, 'B0000808', '中国移动', 1, '预付费', 13100014825);
insert into T_TERMINALINFO (TERMINAL_ID,TTYPE_ID,SIM_ID,TERMINAL_CODE,ORG_CODE,IS_VIDEO_TERMINAL,SP_SERVER_NAME,PROTOCOL_TYPE,CHANNELS,YT_PROTOCOL_TYPE) values(340826, 4, 34826, '1014825', 'B0000808',1,'1076测试服务器','4',8,'0');
insert into V_VEHICLEINFO (ORG_CODE,VEHICLE_ID,ID_NUMBER,TYPE_ID,TERMINAL_ID,DELETE_FLAG,COLOR_ID_NUMBER_ID,AUTHORIZED_PAY_MASS) values ('B0000808','3400826', '测B14825', 4, 340826, 0, '2',15);

insert into T_SIMINFO (SIM_ID, ORG_CODE, DEPTCODE, STATE,PAY_MODLE, SIM_NUM) values(34827, 'B0000808', '中国移动', 1, '预付费', 13100014826);
insert into T_TERMINALINFO (TERMINAL_ID,TTYPE_ID,SIM_ID,TERMINAL_CODE,ORG_CODE,IS_VIDEO_TERMINAL,SP_SERVER_NAME,PROTOCOL_TYPE,CHANNELS,YT_PROTOCOL_TYPE) values(340827, 4, 34827, '1014826', 'B0000808',1,'1076测试服务器','4',8,'0');
insert into V_VEHICLEINFO (ORG_CODE,VEHICLE_ID,ID_NUMBER,TYPE_ID,TERMINAL_ID,DELETE_FLAG,COLOR_ID_NUMBER_ID,AUTHORIZED_PAY_MASS) values ('B0000808','3400827', '测B14826', 4, 340827, 0, '2',15);

insert into T_SIMINFO (SIM_ID, ORG_CODE, DEPTCODE, STATE,PAY_MODLE, SIM_NUM) values(34828, 'B0000808', '中国移动', 1, '预付费', 13100014827);
insert into T_TERMINALINFO (TERMINAL_ID,TTYPE_ID,SIM_ID,TERMINAL_CODE,ORG_CODE,IS_VIDEO_TERMINAL,SP_SERVER_NAME,PROTOCOL_TYPE,CHANNELS,YT_PROTOCOL_TYPE) values(340828, 4, 34828, '1014827', 'B0000808',1,'1076测试服务器','4',8,'0');
insert into V_VEHICLEINFO (ORG_CODE,VEHICLE_ID,ID_NUMBER,TYPE_ID,TERMINAL_ID,DELETE_FLAG,COLOR_ID_NUMBER_ID,AUTHORIZED_PAY_MASS) values ('B0000808','3400828', '测B14827', 4, 340828, 0, '2',15);

insert into T_SIMINFO (SIM_ID, ORG_CODE, DEPTCODE, STATE,PAY_MODLE, SIM_NUM) values(34829, 'B0000808', '中国移动', 1, '预付费', 13100014828);
insert into T_TERMINALINFO (TERMINAL_ID,TTYPE_ID,SIM_ID,TERMINAL_CODE,ORG_CODE,IS_VIDEO_TERMINAL,SP_SERVER_NAME,PROTOCOL_TYPE,CHANNELS,YT_PROTOCOL_TYPE) values(340829, 4, 34829, '1014828', 'B0000808',1,'1076测试服务器','4',8,'0');
insert into V_VEHICLEINFO (ORG_CODE,VEHICLE_ID,ID_NUMBER,TYPE_ID,TERMINAL_ID,DELETE_FLAG,COLOR_ID_NUMBER_ID,AUTHORIZED_PAY_MASS) values ('B0000808','3400829', '测B14828', 4, 340829, 0, '2',15);

insert into T_SIMINFO (SIM_ID, ORG_CODE, DEPTCODE, STATE,PAY_MODLE, SIM_NUM) values(34830, 'B0000808', '中国移动', 1, '预付费', 13100014829);
insert into T_TERMINALINFO (TERMINAL_ID,TTYPE_ID,SIM_ID,TERMINAL_CODE,ORG_CODE,IS_VIDEO_TERMINAL,SP_SERVER_NAME,PROTOCOL_TYPE,CHANNELS,YT_PROTOCOL_TYPE) values(340830, 4, 34830, '1014829', 'B0000808',1,'1076测试服务器','4',8,'0');
insert into V_VEHICLEINFO (ORG_CODE,VEHICLE_ID,ID_NUMBER,TYPE_ID,TERMINAL_ID,DELETE_FLAG,COLOR_ID_NUMBER_ID,AUTHORIZED_PAY_MASS) values ('B0000808','3400830', '测B14829', 4, 340830, 0, '2',15);

insert into T_SIMINFO (SIM_ID, ORG_CODE, DEPTCODE, STATE,PAY_MODLE, SIM_NUM) values(34831, 'B0000808', '中国移动', 1, '预付费', 13100014830);
insert into T_TERMINALINFO (TERMINAL_ID,TTYPE_ID,SIM_ID,TERMINAL_CODE,ORG_CODE,IS_VIDEO_TERMINAL,SP_SERVER_NAME,PROTOCOL_TYPE,CHANNELS,YT_PROTOCOL_TYPE) values(340831, 4, 34831, '1014830', 'B0000808',1,'1076测试服务器','4',8,'0');
insert into V_VEHICLEINFO (ORG_CODE,VEHICLE_ID,ID_NUMBER,TYPE_ID,TERMINAL_ID,DELETE_FLAG,COLOR_ID_NUMBER_ID,AUTHORIZED_PAY_MASS) values ('B0000808','3400831', '测B14830', 4, 340831, 0, '2',15);

insert into T_SIMINFO (SIM_ID, ORG_CODE, DEPTCODE, STATE,PAY_MODLE, SIM_NUM) values(34832, 'B0000808', '中国移动', 1, '预付费', 13100014831);
insert into T_TERMINALINFO (TERMINAL_ID,TTYPE_ID,SIM_ID,TERMINAL_CODE,ORG_CODE,IS_VIDEO_TERMINAL,SP_SERVER_NAME,PROTOCOL_TYPE,CHANNELS,YT_PROTOCOL_TYPE) values(340832, 4, 34832, '1014831', 'B0000808',1,'1076测试服务器','4',8,'0');
insert into V_VEHICLEINFO (ORG_CODE,VEHICLE_ID,ID_NUMBER,TYPE_ID,TERMINAL_ID,DELETE_FLAG,COLOR_ID_NUMBER_ID,AUTHORIZED_PAY_MASS) values ('B0000808','3400832', '测B14831', 4, 340832, 0, '2',15);

insert into T_SIMINFO (SIM_ID, ORG_CODE, DEPTCODE, STATE,PAY_MODLE, SIM_NUM) values(34833, 'B0000808', '中国移动', 1, '预付费', 13100014832);
insert into T_TERMINALINFO (TERMINAL_ID,TTYPE_ID,SIM_ID,TERMINAL_CODE,ORG_CODE,IS_VIDEO_TERMINAL,SP_SERVER_NAME,PROTOCOL_TYPE,CHANNELS,YT_PROTOCOL_TYPE) values(340833, 4, 34833, '1014832', 'B0000808',1,'1076测试服务器','4',8,'0');
insert into V_VEHICLEINFO (ORG_CODE,VEHICLE_ID,ID_NUMBER,TYPE_ID,TERMINAL_ID,DELETE_FLAG,COLOR_ID_NUMBER_ID,AUTHORIZED_PAY_MASS) values ('B0000808','3400833', '测B14832', 4, 340833, 0, '2',15);

insert into T_SIMINFO (SIM_ID, ORG_CODE, DEPTCODE, STATE,PAY_MODLE, SIM_NUM) values(34834, 'B0000808', '中国移动', 1, '预付费', 13100014833);
insert into T_TERMINALINFO (TERMINAL_ID,TTYPE_ID,SIM_ID,TERMINAL_CODE,ORG_CODE,IS_VIDEO_TERMINAL,SP_SERVER_NAME,PROTOCOL_TYPE,CHANNELS,YT_PROTOCOL_TYPE) values(340834, 4, 34834, '1014833', 'B0000808',1,'1076测试服务器','4',8,'0');
insert into V_VEHICLEINFO (ORG_CODE,VEHICLE_ID,ID_NUMBER,TYPE_ID,TERMINAL_ID,DELETE_FLAG,COLOR_ID_NUMBER_ID,AUTHORIZED_PAY_MASS) values ('B0000808','3400834', '测B14833', 4, 340834, 0, '2',15);

insert into T_SIMINFO (SIM_ID, ORG_CODE, DEPTCODE, STATE,PAY_MODLE, SIM_NUM) values(34835, 'B0000808', '中国移动', 1, '预付费', 13100014834);
insert into T_TERMINALINFO (TERMINAL_ID,TTYPE_ID,SIM_ID,TERMINAL_CODE,ORG_CODE,IS_VIDEO_TERMINAL,SP_SERVER_NAME,PROTOCOL_TYPE,CHANNELS,YT_PROTOCOL_TYPE) values(340835, 4, 34835, '1014834', 'B0000808',1,'1076测试服务器','4',8,'0');
insert into V_VEHICLEINFO (ORG_CODE,VEHICLE_ID,ID_NUMBER,TYPE_ID,TERMINAL_ID,DELETE_FLAG,COLOR_ID_NUMBER_ID,AUTHORIZED_PAY_MASS) values ('B0000808','3400835', '测B14834', 4, 340835, 0, '2',15);

insert into T_SIMINFO (SIM_ID, ORG_CODE, DEPTCODE, STATE,PAY_MODLE, SIM_NUM) values(34836, 'B0000808', '中国移动', 1, '预付费', 13100014835);
insert into T_TERMINALINFO (TERMINAL_ID,TTYPE_ID,SIM_ID,TERMINAL_CODE,ORG_CODE,IS_VIDEO_TERMINAL,SP_SERVER_NAME,PROTOCOL_TYPE,CHANNELS,YT_PROTOCOL_TYPE) values(340836, 4, 34836, '1014835', 'B0000808',1,'1076测试服务器','4',8,'0');
insert into V_VEHICLEINFO (ORG_CODE,VEHICLE_ID,ID_NUMBER,TYPE_ID,TERMINAL_ID,DELETE_FLAG,COLOR_ID_NUMBER_ID,AUTHORIZED_PAY_MASS) values ('B0000808','3400836', '测B14835', 4, 340836, 0, '2',15);

insert into T_SIMINFO (SIM_ID, ORG_CODE, DEPTCODE, STATE,PAY_MODLE, SIM_NUM) values(34837, 'B0000808', '中国移动', 1, '预付费', 13100014836);
insert into T_TERMINALINFO (TERMINAL_ID,TTYPE_ID,SIM_ID,TERMINAL_CODE,ORG_CODE,IS_VIDEO_TERMINAL,SP_SERVER_NAME,PROTOCOL_TYPE,CHANNELS,YT_PROTOCOL_TYPE) values(340837, 4, 34837, '1014836', 'B0000808',1,'1076测试服务器','4',8,'0');
insert into V_VEHICLEINFO (ORG_CODE,VEHICLE_ID,ID_NUMBER,TYPE_ID,TERMINAL_ID,DELETE_FLAG,COLOR_ID_NUMBER_ID,AUTHORIZED_PAY_MASS) values ('B0000808','3400837', '测B14836', 4, 340837, 0, '2',15);

insert into T_SIMINFO (SIM_ID, ORG_CODE, DEPTCODE, STATE,PAY_MODLE, SIM_NUM) values(34838, 'B0000808', '中国移动', 1, '预付费', 13100014837);
insert into T_TERMINALINFO (TERMINAL_ID,TTYPE_ID,SIM_ID,TERMINAL_CODE,ORG_CODE,IS_VIDEO_TERMINAL,SP_SERVER_NAME,PROTOCOL_TYPE,CHANNELS,YT_PROTOCOL_TYPE) values(340838, 4, 34838, '1014837', 'B0000808',1,'1076测试服务器','4',8,'0');
insert into V_VEHICLEINFO (ORG_CODE,VEHICLE_ID,ID_NUMBER,TYPE_ID,TERMINAL_ID,DELETE_FLAG,COLOR_ID_NUMBER_ID,AUTHORIZED_PAY_MASS) values ('B0000808','3400838', '测B14837', 4, 340838, 0, '2',15);

insert into T_SIMINFO (SIM_ID, ORG_CODE, DEPTCODE, STATE,PAY_MODLE, SIM_NUM) values(34839, 'B0000808', '中国移动', 1, '预付费', 13100014838);
insert into T_TERMINALINFO (TERMINAL_ID,TTYPE_ID,SIM_ID,TERMINAL_CODE,ORG_CODE,IS_VIDEO_TERMINAL,SP_SERVER_NAME,PROTOCOL_TYPE,CHANNELS,YT_PROTOCOL_TYPE) values(340839, 4, 34839, '1014838', 'B0000808',1,'1076测试服务器','4',8,'0');
insert into V_VEHICLEINFO (ORG_CODE,VEHICLE_ID,ID_NUMBER,TYPE_ID,TERMINAL_ID,DELETE_FLAG,COLOR_ID_NUMBER_ID,AUTHORIZED_PAY_MASS) values ('B0000808','3400839', '测B14838', 4, 340839, 0, '2',15);

insert into T_SIMINFO (SIM_ID, ORG_CODE, DEPTCODE, STATE,PAY_MODLE, SIM_NUM) values(34840, 'B0000808', '中国移动', 1, '预付费', 13100014839);
insert into T_TERMINALINFO (TERMINAL_ID,TTYPE_ID,SIM_ID,TERMINAL_CODE,ORG_CODE,IS_VIDEO_TERMINAL,SP_SERVER_NAME,PROTOCOL_TYPE,CHANNELS,YT_PROTOCOL_TYPE) values(340840, 4, 34840, '1014839', 'B0000808',1,'1076测试服务器','4',8,'0');
insert into V_VEHICLEINFO (ORG_CODE,VEHICLE_ID,ID_NUMBER,TYPE_ID,TERMINAL_ID,DELETE_FLAG,COLOR_ID_NUMBER_ID,AUTHORIZED_PAY_MASS) values ('B0000808','3400840', '测B14839', 4, 340840, 0, '2',15);

insert into T_SIMINFO (SIM_ID, ORG_CODE, DEPTCODE, STATE,PAY_MODLE, SIM_NUM) values(34841, 'B0000808', '中国移动', 1, '预付费', 13100014840);
insert into T_TERMINALINFO (TERMINAL_ID,TTYPE_ID,SIM_ID,TERMINAL_CODE,ORG_CODE,IS_VIDEO_TERMINAL,SP_SERVER_NAME,PROTOCOL_TYPE,CHANNELS,YT_PROTOCOL_TYPE) values(340841, 4, 34841, '1014840', 'B0000808',1,'1076测试服务器','4',8,'0');
insert into V_VEHICLEINFO (ORG_CODE,VEHICLE_ID,ID_NUMBER,TYPE_ID,TERMINAL_ID,DELETE_FLAG,COLOR_ID_NUMBER_ID,AUTHORIZED_PAY_MASS) values ('B0000808','3400841', '测B14840', 4, 340841, 0, '2',15);

insert into T_SIMINFO (SIM_ID, ORG_CODE, DEPTCODE, STATE,PAY_MODLE, SIM_NUM) values(34842, 'B0000808', '中国移动', 1, '预付费', 13100014841);
insert into T_TERMINALINFO (TERMINAL_ID,TTYPE_ID,SIM_ID,TERMINAL_CODE,ORG_CODE,IS_VIDEO_TERMINAL,SP_SERVER_NAME,PROTOCOL_TYPE,CHANNELS,YT_PROTOCOL_TYPE) values(340842, 4, 34842, '1014841', 'B0000808',1,'1076测试服务器','4',8,'0');
insert into V_VEHICLEINFO (ORG_CODE,VEHICLE_ID,ID_NUMBER,TYPE_ID,TERMINAL_ID,DELETE_FLAG,COLOR_ID_NUMBER_ID,AUTHORIZED_PAY_MASS) values ('B0000808','3400842', '测B14841', 4, 340842, 0, '2',15);

insert into T_SIMINFO (SIM_ID, ORG_CODE, DEPTCODE, STATE,PAY_MODLE, SIM_NUM) values(34843, 'B0000808', '中国移动', 1, '预付费', 13100014842);
insert into T_TERMINALINFO (TERMINAL_ID,TTYPE_ID,SIM_ID,TERMINAL_CODE,ORG_CODE,IS_VIDEO_TERMINAL,SP_SERVER_NAME,PROTOCOL_TYPE,CHANNELS,YT_PROTOCOL_TYPE) values(340843, 4, 34843, '1014842', 'B0000808',1,'1076测试服务器','4',8,'0');
insert into V_VEHICLEINFO (ORG_CODE,VEHICLE_ID,ID_NUMBER,TYPE_ID,TERMINAL_ID,DELETE_FLAG,COLOR_ID_NUMBER_ID,AUTHORIZED_PAY_MASS) values ('B0000808','3400843', '测B14842', 4, 340843, 0, '2',15);

insert into T_SIMINFO (SIM_ID, ORG_CODE, DEPTCODE, STATE,PAY_MODLE, SIM_NUM) values(34844, 'B0000808', '中国移动', 1, '预付费', 13100014843);
insert into T_TERMINALINFO (TERMINAL_ID,TTYPE_ID,SIM_ID,TERMINAL_CODE,ORG_CODE,IS_VIDEO_TERMINAL,SP_SERVER_NAME,PROTOCOL_TYPE,CHANNELS,YT_PROTOCOL_TYPE) values(340844, 4, 34844, '1014843', 'B0000808',1,'1076测试服务器','4',8,'0');
insert into V_VEHICLEINFO (ORG_CODE,VEHICLE_ID,ID_NUMBER,TYPE_ID,TERMINAL_ID,DELETE_FLAG,COLOR_ID_NUMBER_ID,AUTHORIZED_PAY_MASS) values ('B0000808','3400844', '测B14843', 4, 340844, 0, '2',15);

insert into T_SIMINFO (SIM_ID, ORG_CODE, DEPTCODE, STATE,PAY_MODLE, SIM_NUM) values(34845, 'B0000808', '中国移动', 1, '预付费', 13100014844);
insert into T_TERMINALINFO (TERMINAL_ID,TTYPE_ID,SIM_ID,TERMINAL_CODE,ORG_CODE,IS_VIDEO_TERMINAL,SP_SERVER_NAME,PROTOCOL_TYPE,CHANNELS,YT_PROTOCOL_TYPE) values(340845, 4, 34845, '1014844', 'B0000808',1,'1076测试服务器','4',8,'0');
insert into V_VEHICLEINFO (ORG_CODE,VEHICLE_ID,ID_NUMBER,TYPE_ID,TERMINAL_ID,DELETE_FLAG,COLOR_ID_NUMBER_ID,AUTHORIZED_PAY_MASS) values ('B0000808','3400845', '测B14844', 4, 340845, 0, '2',15);

insert into T_SIMINFO (SIM_ID, ORG_CODE, DEPTCODE, STATE,PAY_MODLE, SIM_NUM) values(34846, 'B0000808', '中国移动', 1, '预付费', 13100014845);
insert into T_TERMINALINFO (TERMINAL_ID,TTYPE_ID,SIM_ID,TERMINAL_CODE,ORG_CODE,IS_VIDEO_TERMINAL,SP_SERVER_NAME,PROTOCOL_TYPE,CHANNELS,YT_PROTOCOL_TYPE) values(340846, 4, 34846, '1014845', 'B0000808',1,'1076测试服务器','4',8,'0');
insert into V_VEHICLEINFO (ORG_CODE,VEHICLE_ID,ID_NUMBER,TYPE_ID,TERMINAL_ID,DELETE_FLAG,COLOR_ID_NUMBER_ID,AUTHORIZED_PAY_MASS) values ('B0000808','3400846', '测B14845', 4, 340846, 0, '2',15);

insert into T_SIMINFO (SIM_ID, ORG_CODE, DEPTCODE, STATE,PAY_MODLE, SIM_NUM) values(34847, 'B0000808', '中国移动', 1, '预付费', 13100014846);
insert into T_TERMINALINFO (TERMINAL_ID,TTYPE_ID,SIM_ID,TERMINAL_CODE,ORG_CODE,IS_VIDEO_TERMINAL,SP_SERVER_NAME,PROTOCOL_TYPE,CHANNELS,YT_PROTOCOL_TYPE) values(340847, 4, 34847, '1014846', 'B0000808',1,'1076测试服务器','4',8,'0');
insert into V_VEHICLEINFO (ORG_CODE,VEHICLE_ID,ID_NUMBER,TYPE_ID,TERMINAL_ID,DELETE_FLAG,COLOR_ID_NUMBER_ID,AUTHORIZED_PAY_MASS) values ('B0000808','3400847', '测B14846', 4, 340847, 0, '2',15);

insert into T_SIMINFO (SIM_ID, ORG_CODE, DEPTCODE, STATE,PAY_MODLE, SIM_NUM) values(34848, 'B0000808', '中国移动', 1, '预付费', 13100014847);
insert into T_TERMINALINFO (TERMINAL_ID,TTYPE_ID,SIM_ID,TERMINAL_CODE,ORG_CODE,IS_VIDEO_TERMINAL,SP_SERVER_NAME,PROTOCOL_TYPE,CHANNELS,YT_PROTOCOL_TYPE) values(340848, 4, 34848, '1014847', 'B0000808',1,'1076测试服务器','4',8,'0');
insert into V_VEHICLEINFO (ORG_CODE,VEHICLE_ID,ID_NUMBER,TYPE_ID,TERMINAL_ID,DELETE_FLAG,COLOR_ID_NUMBER_ID,AUTHORIZED_PAY_MASS) values ('B0000808','3400848', '测B14847', 4, 340848, 0, '2',15);

insert into T_SIMINFO (SIM_ID, ORG_CODE, DEPTCODE, STATE,PAY_MODLE, SIM_NUM) values(34849, 'B0000808', '中国移动', 1, '预付费', 13100014848);
insert into T_TERMINALINFO (TERMINAL_ID,TTYPE_ID,SIM_ID,TERMINAL_CODE,ORG_CODE,IS_VIDEO_TERMINAL,SP_SERVER_NAME,PROTOCOL_TYPE,CHANNELS,YT_PROTOCOL_TYPE) values(340849, 4, 34849, '1014848', 'B0000808',1,'1076测试服务器','4',8,'0');
insert into V_VEHICLEINFO (ORG_CODE,VEHICLE_ID,ID_NUMBER,TYPE_ID,TERMINAL_ID,DELETE_FLAG,COLOR_ID_NUMBER_ID,AUTHORIZED_PAY_MASS) values ('B0000808','3400849', '测B14848', 4, 340849, 0, '2',15);

insert into T_SIMINFO (SIM_ID, ORG_CODE, DEPTCODE, STATE,PAY_MODLE, SIM_NUM) values(34850, 'B0000808', '中国移动', 1, '预付费', 13100014849);
insert into T_TERMINALINFO (TERMINAL_ID,TTYPE_ID,SIM_ID,TERMINAL_CODE,ORG_CODE,IS_VIDEO_TERMINAL,SP_SERVER_NAME,PROTOCOL_TYPE,CHANNELS,YT_PROTOCOL_TYPE) values(340850, 4, 34850, '1014849', 'B0000808',1,'1076测试服务器','4',8,'0');
insert into V_VEHICLEINFO (ORG_CODE,VEHICLE_ID,ID_NUMBER,TYPE_ID,TERMINAL_ID,DELETE_FLAG,COLOR_ID_NUMBER_ID,AUTHORIZED_PAY_MASS) values ('B0000808','3400850', '测B14849', 4, 340850, 0, '2',15);

insert into T_SIMINFO (SIM_ID, ORG_CODE, DEPTCODE, STATE,PAY_MODLE, SIM_NUM) values(34851, 'B0000808', '中国移动', 1, '预付费', 13100014850);
insert into T_TERMINALINFO (TERMINAL_ID,TTYPE_ID,SIM_ID,TERMINAL_CODE,ORG_CODE,IS_VIDEO_TERMINAL,SP_SERVER_NAME,PROTOCOL_TYPE,CHANNELS,YT_PROTOCOL_TYPE) values(340851, 4, 34851, '1014850', 'B0000808',1,'1076测试服务器','4',8,'0');
insert into V_VEHICLEINFO (ORG_CODE,VEHICLE_ID,ID_NUMBER,TYPE_ID,TERMINAL_ID,DELETE_FLAG,COLOR_ID_NUMBER_ID,AUTHORIZED_PAY_MASS) values ('B0000808','3400851', '测B14850', 4, 340851, 0, '2',15);

insert into T_SIMINFO (SIM_ID, ORG_CODE, DEPTCODE, STATE,PAY_MODLE, SIM_NUM) values(34852, 'B0000808', '中国移动', 1, '预付费', 13100014851);
insert into T_TERMINALINFO (TERMINAL_ID,TTYPE_ID,SIM_ID,TERMINAL_CODE,ORG_CODE,IS_VIDEO_TERMINAL,SP_SERVER_NAME,PROTOCOL_TYPE,CHANNELS,YT_PROTOCOL_TYPE) values(340852, 4, 34852, '1014851', 'B0000808',1,'1076测试服务器','4',8,'0');
insert into V_VEHICLEINFO (ORG_CODE,VEHICLE_ID,ID_NUMBER,TYPE_ID,TERMINAL_ID,DELETE_FLAG,COLOR_ID_NUMBER_ID,AUTHORIZED_PAY_MASS) values ('B0000808','3400852', '测B14851', 4, 340852, 0, '2',15);

insert into T_SIMINFO (SIM_ID, ORG_CODE, DEPTCODE, STATE,PAY_MODLE, SIM_NUM) values(34853, 'B0000808', '中国移动', 1, '预付费', 13100014852);
insert into T_TERMINALINFO (TERMINAL_ID,TTYPE_ID,SIM_ID,TERMINAL_CODE,ORG_CODE,IS_VIDEO_TERMINAL,SP_SERVER_NAME,PROTOCOL_TYPE,CHANNELS,YT_PROTOCOL_TYPE) values(340853, 4, 34853, '1014852', 'B0000808',1,'1076测试服务器','4',8,'0');
insert into V_VEHICLEINFO (ORG_CODE,VEHICLE_ID,ID_NUMBER,TYPE_ID,TERMINAL_ID,DELETE_FLAG,COLOR_ID_NUMBER_ID,AUTHORIZED_PAY_MASS) values ('B0000808','3400853', '测B14852', 4, 340853, 0, '2',15);

insert into T_SIMINFO (SIM_ID, ORG_CODE, DEPTCODE, STATE,PAY_MODLE, SIM_NUM) values(34854, 'B0000808', '中国移动', 1, '预付费', 13100014853);
insert into T_TERMINALINFO (TERMINAL_ID,TTYPE_ID,SIM_ID,TERMINAL_CODE,ORG_CODE,IS_VIDEO_TERMINAL,SP_SERVER_NAME,PROTOCOL_TYPE,CHANNELS,YT_PROTOCOL_TYPE) values(340854, 4, 34854, '1014853', 'B0000808',1,'1076测试服务器','4',8,'0');
insert into V_VEHICLEINFO (ORG_CODE,VEHICLE_ID,ID_NUMBER,TYPE_ID,TERMINAL_ID,DELETE_FLAG,COLOR_ID_NUMBER_ID,AUTHORIZED_PAY_MASS) values ('B0000808','3400854', '测B14853', 4, 340854, 0, '2',15);

insert into T_SIMINFO (SIM_ID, ORG_CODE, DEPTCODE, STATE,PAY_MODLE, SIM_NUM) values(34855, 'B0000808', '中国移动', 1, '预付费', 13100014854);
insert into T_TERMINALINFO (TERMINAL_ID,TTYPE_ID,SIM_ID,TERMINAL_CODE,ORG_CODE,IS_VIDEO_TERMINAL,SP_SERVER_NAME,PROTOCOL_TYPE,CHANNELS,YT_PROTOCOL_TYPE) values(340855, 4, 34855, '1014854', 'B0000808',1,'1076测试服务器','4',8,'0');
insert into V_VEHICLEINFO (ORG_CODE,VEHICLE_ID,ID_NUMBER,TYPE_ID,TERMINAL_ID,DELETE_FLAG,COLOR_ID_NUMBER_ID,AUTHORIZED_PAY_MASS) values ('B0000808','3400855', '测B14854', 4, 340855, 0, '2',15);

insert into T_SIMINFO (SIM_ID, ORG_CODE, DEPTCODE, STATE,PAY_MODLE, SIM_NUM) values(34856, 'B0000808', '中国移动', 1, '预付费', 13100014855);
insert into T_TERMINALINFO (TERMINAL_ID,TTYPE_ID,SIM_ID,TERMINAL_CODE,ORG_CODE,IS_VIDEO_TERMINAL,SP_SERVER_NAME,PROTOCOL_TYPE,CHANNELS,YT_PROTOCOL_TYPE) values(340856, 4, 34856, '1014855', 'B0000808',1,'1076测试服务器','4',8,'0');
insert into V_VEHICLEINFO (ORG_CODE,VEHICLE_ID,ID_NUMBER,TYPE_ID,TERMINAL_ID,DELETE_FLAG,COLOR_ID_NUMBER_ID,AUTHORIZED_PAY_MASS) values ('B0000808','3400856', '测B14855', 4, 340856, 0, '2',15);

insert into T_SIMINFO (SIM_ID, ORG_CODE, DEPTCODE, STATE,PAY_MODLE, SIM_NUM) values(34857, 'B0000808', '中国移动', 1, '预付费', 13100014856);
insert into T_TERMINALINFO (TERMINAL_ID,TTYPE_ID,SIM_ID,TERMINAL_CODE,ORG_CODE,IS_VIDEO_TERMINAL,SP_SERVER_NAME,PROTOCOL_TYPE,CHANNELS,YT_PROTOCOL_TYPE) values(340857, 4, 34857, '1014856', 'B0000808',1,'1076测试服务器','4',8,'0');
insert into V_VEHICLEINFO (ORG_CODE,VEHICLE_ID,ID_NUMBER,TYPE_ID,TERMINAL_ID,DELETE_FLAG,COLOR_ID_NUMBER_ID,AUTHORIZED_PAY_MASS) values ('B0000808','3400857', '测B14856', 4, 340857, 0, '2',15);

insert into T_SIMINFO (SIM_ID, ORG_CODE, DEPTCODE, STATE,PAY_MODLE, SIM_NUM) values(34858, 'B0000808', '中国移动', 1, '预付费', 13100014857);
insert into T_TERMINALINFO (TERMINAL_ID,TTYPE_ID,SIM_ID,TERMINAL_CODE,ORG_CODE,IS_VIDEO_TERMINAL,SP_SERVER_NAME,PROTOCOL_TYPE,CHANNELS,YT_PROTOCOL_TYPE) values(340858, 4, 34858, '1014857', 'B0000808',1,'1076测试服务器','4',8,'0');
insert into V_VEHICLEINFO (ORG_CODE,VEHICLE_ID,ID_NUMBER,TYPE_ID,TERMINAL_ID,DELETE_FLAG,COLOR_ID_NUMBER_ID,AUTHORIZED_PAY_MASS) values ('B0000808','3400858', '测B14857', 4, 340858, 0, '2',15);

insert into T_SIMINFO (SIM_ID, ORG_CODE, DEPTCODE, STATE,PAY_MODLE, SIM_NUM) values(34859, 'B0000808', '中国移动', 1, '预付费', 13100014858);
insert into T_TERMINALINFO (TERMINAL_ID,TTYPE_ID,SIM_ID,TERMINAL_CODE,ORG_CODE,IS_VIDEO_TERMINAL,SP_SERVER_NAME,PROTOCOL_TYPE,CHANNELS,YT_PROTOCOL_TYPE) values(340859, 4, 34859, '1014858', 'B0000808',1,'1076测试服务器','4',8,'0');
insert into V_VEHICLEINFO (ORG_CODE,VEHICLE_ID,ID_NUMBER,TYPE_ID,TERMINAL_ID,DELETE_FLAG,COLOR_ID_NUMBER_ID,AUTHORIZED_PAY_MASS) values ('B0000808','3400859', '测B14858', 4, 340859, 0, '2',15);

insert into T_SIMINFO (SIM_ID, ORG_CODE, DEPTCODE, STATE,PAY_MODLE, SIM_NUM) values(34860, 'B0000808', '中国移动', 1, '预付费', 13100014859);
insert into T_TERMINALINFO (TERMINAL_ID,TTYPE_ID,SIM_ID,TERMINAL_CODE,ORG_CODE,IS_VIDEO_TERMINAL,SP_SERVER_NAME,PROTOCOL_TYPE,CHANNELS,YT_PROTOCOL_TYPE) values(340860, 4, 34860, '1014859', 'B0000808',1,'1076测试服务器','4',8,'0');
insert into V_VEHICLEINFO (ORG_CODE,VEHICLE_ID,ID_NUMBER,TYPE_ID,TERMINAL_ID,DELETE_FLAG,COLOR_ID_NUMBER_ID,AUTHORIZED_PAY_MASS) values ('B0000808','3400860', '测B14859', 4, 340860, 0, '2',15);

insert into T_SIMINFO (SIM_ID, ORG_CODE, DEPTCODE, STATE,PAY_MODLE, SIM_NUM) values(34861, 'B0000808', '中国移动', 1, '预付费', 13100014860);
insert into T_TERMINALINFO (TERMINAL_ID,TTYPE_ID,SIM_ID,TERMINAL_CODE,ORG_CODE,IS_VIDEO_TERMINAL,SP_SERVER_NAME,PROTOCOL_TYPE,CHANNELS,YT_PROTOCOL_TYPE) values(340861, 4, 34861, '1014860', 'B0000808',1,'1076测试服务器','4',8,'0');
insert into V_VEHICLEINFO (ORG_CODE,VEHICLE_ID,ID_NUMBER,TYPE_ID,TERMINAL_ID,DELETE_FLAG,COLOR_ID_NUMBER_ID,AUTHORIZED_PAY_MASS) values ('B0000808','3400861', '测B14860', 4, 340861, 0, '2',15);

insert into T_SIMINFO (SIM_ID, ORG_CODE, DEPTCODE, STATE,PAY_MODLE, SIM_NUM) values(34862, 'B0000808', '中国移动', 1, '预付费', 13100014861);
insert into T_TERMINALINFO (TERMINAL_ID,TTYPE_ID,SIM_ID,TERMINAL_CODE,ORG_CODE,IS_VIDEO_TERMINAL,SP_SERVER_NAME,PROTOCOL_TYPE,CHANNELS,YT_PROTOCOL_TYPE) values(340862, 4, 34862, '1014861', 'B0000808',1,'1076测试服务器','4',8,'0');
insert into V_VEHICLEINFO (ORG_CODE,VEHICLE_ID,ID_NUMBER,TYPE_ID,TERMINAL_ID,DELETE_FLAG,COLOR_ID_NUMBER_ID,AUTHORIZED_PAY_MASS) values ('B0000808','3400862', '测B14861', 4, 340862, 0, '2',15);

insert into T_SIMINFO (SIM_ID, ORG_CODE, DEPTCODE, STATE,PAY_MODLE, SIM_NUM) values(34863, 'B0000808', '中国移动', 1, '预付费', 13100014862);
insert into T_TERMINALINFO (TERMINAL_ID,TTYPE_ID,SIM_ID,TERMINAL_CODE,ORG_CODE,IS_VIDEO_TERMINAL,SP_SERVER_NAME,PROTOCOL_TYPE,CHANNELS,YT_PROTOCOL_TYPE) values(340863, 4, 34863, '1014862', 'B0000808',1,'1076测试服务器','4',8,'0');
insert into V_VEHICLEINFO (ORG_CODE,VEHICLE_ID,ID_NUMBER,TYPE_ID,TERMINAL_ID,DELETE_FLAG,COLOR_ID_NUMBER_ID,AUTHORIZED_PAY_MASS) values ('B0000808','3400863', '测B14862', 4, 340863, 0, '2',15);

insert into T_SIMINFO (SIM_ID, ORG_CODE, DEPTCODE, STATE,PAY_MODLE, SIM_NUM) values(34864, 'B0000808', '中国移动', 1, '预付费', 13100014863);
insert into T_TERMINALINFO (TERMINAL_ID,TTYPE_ID,SIM_ID,TERMINAL_CODE,ORG_CODE,IS_VIDEO_TERMINAL,SP_SERVER_NAME,PROTOCOL_TYPE,CHANNELS,YT_PROTOCOL_TYPE) values(340864, 4, 34864, '1014863', 'B0000808',1,'1076测试服务器','4',8,'0');
insert into V_VEHICLEINFO (ORG_CODE,VEHICLE_ID,ID_NUMBER,TYPE_ID,TERMINAL_ID,DELETE_FLAG,COLOR_ID_NUMBER_ID,AUTHORIZED_PAY_MASS) values ('B0000808','3400864', '测B14863', 4, 340864, 0, '2',15);

insert into T_SIMINFO (SIM_ID, ORG_CODE, DEPTCODE, STATE,PAY_MODLE, SIM_NUM) values(34865, 'B0000808', '中国移动', 1, '预付费', 13100014864);
insert into T_TERMINALINFO (TERMINAL_ID,TTYPE_ID,SIM_ID,TERMINAL_CODE,ORG_CODE,IS_VIDEO_TERMINAL,SP_SERVER_NAME,PROTOCOL_TYPE,CHANNELS,YT_PROTOCOL_TYPE) values(340865, 4, 34865, '1014864', 'B0000808',1,'1076测试服务器','4',8,'0');
insert into V_VEHICLEINFO (ORG_CODE,VEHICLE_ID,ID_NUMBER,TYPE_ID,TERMINAL_ID,DELETE_FLAG,COLOR_ID_NUMBER_ID,AUTHORIZED_PAY_MASS) values ('B0000808','3400865', '测B14864', 4, 340865, 0, '2',15);

insert into T_SIMINFO (SIM_ID, ORG_CODE, DEPTCODE, STATE,PAY_MODLE, SIM_NUM) values(34866, 'B0000808', '中国移动', 1, '预付费', 13100014865);
insert into T_TERMINALINFO (TERMINAL_ID,TTYPE_ID,SIM_ID,TERMINAL_CODE,ORG_CODE,IS_VIDEO_TERMINAL,SP_SERVER_NAME,PROTOCOL_TYPE,CHANNELS,YT_PROTOCOL_TYPE) values(340866, 4, 34866, '1014865', 'B0000808',1,'1076测试服务器','4',8,'0');
insert into V_VEHICLEINFO (ORG_CODE,VEHICLE_ID,ID_NUMBER,TYPE_ID,TERMINAL_ID,DELETE_FLAG,COLOR_ID_NUMBER_ID,AUTHORIZED_PAY_MASS) values ('B0000808','3400866', '测B14865', 4, 340866, 0, '2',15);

insert into T_SIMINFO (SIM_ID, ORG_CODE, DEPTCODE, STATE,PAY_MODLE, SIM_NUM) values(34867, 'B0000808', '中国移动', 1, '预付费', 13100014866);
insert into T_TERMINALINFO (TERMINAL_ID,TTYPE_ID,SIM_ID,TERMINAL_CODE,ORG_CODE,IS_VIDEO_TERMINAL,SP_SERVER_NAME,PROTOCOL_TYPE,CHANNELS,YT_PROTOCOL_TYPE) values(340867, 4, 34867, '1014866', 'B0000808',1,'1076测试服务器','4',8,'0');
insert into V_VEHICLEINFO (ORG_CODE,VEHICLE_ID,ID_NUMBER,TYPE_ID,TERMINAL_ID,DELETE_FLAG,COLOR_ID_NUMBER_ID,AUTHORIZED_PAY_MASS) values ('B0000808','3400867', '测B14866', 4, 340867, 0, '2',15);

insert into T_SIMINFO (SIM_ID, ORG_CODE, DEPTCODE, STATE,PAY_MODLE, SIM_NUM) values(34868, 'B0000808', '中国移动', 1, '预付费', 13100014867);
insert into T_TERMINALINFO (TERMINAL_ID,TTYPE_ID,SIM_ID,TERMINAL_CODE,ORG_CODE,IS_VIDEO_TERMINAL,SP_SERVER_NAME,PROTOCOL_TYPE,CHANNELS,YT_PROTOCOL_TYPE) values(340868, 4, 34868, '1014867', 'B0000808',1,'1076测试服务器','4',8,'0');
insert into V_VEHICLEINFO (ORG_CODE,VEHICLE_ID,ID_NUMBER,TYPE_ID,TERMINAL_ID,DELETE_FLAG,COLOR_ID_NUMBER_ID,AUTHORIZED_PAY_MASS) values ('B0000808','3400868', '测B14867', 4, 340868, 0, '2',15);

insert into T_SIMINFO (SIM_ID, ORG_CODE, DEPTCODE, STATE,PAY_MODLE, SIM_NUM) values(34869, 'B0000808', '中国移动', 1, '预付费', 13100014868);
insert into T_TERMINALINFO (TERMINAL_ID,TTYPE_ID,SIM_ID,TERMINAL_CODE,ORG_CODE,IS_VIDEO_TERMINAL,SP_SERVER_NAME,PROTOCOL_TYPE,CHANNELS,YT_PROTOCOL_TYPE) values(340869, 4, 34869, '1014868', 'B0000808',1,'1076测试服务器','4',8,'0');
insert into V_VEHICLEINFO (ORG_CODE,VEHICLE_ID,ID_NUMBER,TYPE_ID,TERMINAL_ID,DELETE_FLAG,COLOR_ID_NUMBER_ID,AUTHORIZED_PAY_MASS) values ('B0000808','3400869', '测B14868', 4, 340869, 0, '2',15);

insert into T_SIMINFO (SIM_ID, ORG_CODE, DEPTCODE, STATE,PAY_MODLE, SIM_NUM) values(34870, 'B0000808', '中国移动', 1, '预付费', 13100014869);
insert into T_TERMINALINFO (TERMINAL_ID,TTYPE_ID,SIM_ID,TERMINAL_CODE,ORG_CODE,IS_VIDEO_TERMINAL,SP_SERVER_NAME,PROTOCOL_TYPE,CHANNELS,YT_PROTOCOL_TYPE) values(340870, 4, 34870, '1014869', 'B0000808',1,'1076测试服务器','4',8,'0');
insert into V_VEHICLEINFO (ORG_CODE,VEHICLE_ID,ID_NUMBER,TYPE_ID,TERMINAL_ID,DELETE_FLAG,COLOR_ID_NUMBER_ID,AUTHORIZED_PAY_MASS) values ('B0000808','3400870', '测B14869', 4, 340870, 0, '2',15);

insert into T_SIMINFO (SIM_ID, ORG_CODE, DEPTCODE, STATE,PAY_MODLE, SIM_NUM) values(34871, 'B0000808', '中国移动', 1, '预付费', 13100014870);
insert into T_TERMINALINFO (TERMINAL_ID,TTYPE_ID,SIM_ID,TERMINAL_CODE,ORG_CODE,IS_VIDEO_TERMINAL,SP_SERVER_NAME,PROTOCOL_TYPE,CHANNELS,YT_PROTOCOL_TYPE) values(340871, 4, 34871, '1014870', 'B0000808',1,'1076测试服务器','4',8,'0');
insert into V_VEHICLEINFO (ORG_CODE,VEHICLE_ID,ID_NUMBER,TYPE_ID,TERMINAL_ID,DELETE_FLAG,COLOR_ID_NUMBER_ID,AUTHORIZED_PAY_MASS) values ('B0000808','3400871', '测B14870', 4, 340871, 0, '2',15);

insert into T_SIMINFO (SIM_ID, ORG_CODE, DEPTCODE, STATE,PAY_MODLE, SIM_NUM) values(34872, 'B0000808', '中国移动', 1, '预付费', 13100014871);
insert into T_TERMINALINFO (TERMINAL_ID,TTYPE_ID,SIM_ID,TERMINAL_CODE,ORG_CODE,IS_VIDEO_TERMINAL,SP_SERVER_NAME,PROTOCOL_TYPE,CHANNELS,YT_PROTOCOL_TYPE) values(340872, 4, 34872, '1014871', 'B0000808',1,'1076测试服务器','4',8,'0');
insert into V_VEHICLEINFO (ORG_CODE,VEHICLE_ID,ID_NUMBER,TYPE_ID,TERMINAL_ID,DELETE_FLAG,COLOR_ID_NUMBER_ID,AUTHORIZED_PAY_MASS) values ('B0000808','3400872', '测B14871', 4, 340872, 0, '2',15);

insert into T_SIMINFO (SIM_ID, ORG_CODE, DEPTCODE, STATE,PAY_MODLE, SIM_NUM) values(34873, 'B0000808', '中国移动', 1, '预付费', 13100014872);
insert into T_TERMINALINFO (TERMINAL_ID,TTYPE_ID,SIM_ID,TERMINAL_CODE,ORG_CODE,IS_VIDEO_TERMINAL,SP_SERVER_NAME,PROTOCOL_TYPE,CHANNELS,YT_PROTOCOL_TYPE) values(340873, 4, 34873, '1014872', 'B0000808',1,'1076测试服务器','4',8,'0');
insert into V_VEHICLEINFO (ORG_CODE,VEHICLE_ID,ID_NUMBER,TYPE_ID,TERMINAL_ID,DELETE_FLAG,COLOR_ID_NUMBER_ID,AUTHORIZED_PAY_MASS) values ('B0000808','3400873', '测B14872', 4, 340873, 0, '2',15);

insert into T_SIMINFO (SIM_ID, ORG_CODE, DEPTCODE, STATE,PAY_MODLE, SIM_NUM) values(34874, 'B0000808', '中国移动', 1, '预付费', 13100014873);
insert into T_TERMINALINFO (TERMINAL_ID,TTYPE_ID,SIM_ID,TERMINAL_CODE,ORG_CODE,IS_VIDEO_TERMINAL,SP_SERVER_NAME,PROTOCOL_TYPE,CHANNELS,YT_PROTOCOL_TYPE) values(340874, 4, 34874, '1014873', 'B0000808',1,'1076测试服务器','4',8,'0');
insert into V_VEHICLEINFO (ORG_CODE,VEHICLE_ID,ID_NUMBER,TYPE_ID,TERMINAL_ID,DELETE_FLAG,COLOR_ID_NUMBER_ID,AUTHORIZED_PAY_MASS) values ('B0000808','3400874', '测B14873', 4, 340874, 0, '2',15);

insert into T_SIMINFO (SIM_ID, ORG_CODE, DEPTCODE, STATE,PAY_MODLE, SIM_NUM) values(34875, 'B0000808', '中国移动', 1, '预付费', 13100014874);
insert into T_TERMINALINFO (TERMINAL_ID,TTYPE_ID,SIM_ID,TERMINAL_CODE,ORG_CODE,IS_VIDEO_TERMINAL,SP_SERVER_NAME,PROTOCOL_TYPE,CHANNELS,YT_PROTOCOL_TYPE) values(340875, 4, 34875, '1014874', 'B0000808',1,'1076测试服务器','4',8,'0');
insert into V_VEHICLEINFO (ORG_CODE,VEHICLE_ID,ID_NUMBER,TYPE_ID,TERMINAL_ID,DELETE_FLAG,COLOR_ID_NUMBER_ID,AUTHORIZED_PAY_MASS) values ('B0000808','3400875', '测B14874', 4, 340875, 0, '2',15);

insert into T_SIMINFO (SIM_ID, ORG_CODE, DEPTCODE, STATE,PAY_MODLE, SIM_NUM) values(34876, 'B0000808', '中国移动', 1, '预付费', 13100014875);
insert into T_TERMINALINFO (TERMINAL_ID,TTYPE_ID,SIM_ID,TERMINAL_CODE,ORG_CODE,IS_VIDEO_TERMINAL,SP_SERVER_NAME,PROTOCOL_TYPE,CHANNELS,YT_PROTOCOL_TYPE) values(340876, 4, 34876, '1014875', 'B0000808',1,'1076测试服务器','4',8,'0');
insert into V_VEHICLEINFO (ORG_CODE,VEHICLE_ID,ID_NUMBER,TYPE_ID,TERMINAL_ID,DELETE_FLAG,COLOR_ID_NUMBER_ID,AUTHORIZED_PAY_MASS) values ('B0000808','3400876', '测B14875', 4, 340876, 0, '2',15);

insert into T_SIMINFO (SIM_ID, ORG_CODE, DEPTCODE, STATE,PAY_MODLE, SIM_NUM) values(34877, 'B0000808', '中国移动', 1, '预付费', 13100014876);
insert into T_TERMINALINFO (TERMINAL_ID,TTYPE_ID,SIM_ID,TERMINAL_CODE,ORG_CODE,IS_VIDEO_TERMINAL,SP_SERVER_NAME,PROTOCOL_TYPE,CHANNELS,YT_PROTOCOL_TYPE) values(340877, 4, 34877, '1014876', 'B0000808',1,'1076测试服务器','4',8,'0');
insert into V_VEHICLEINFO (ORG_CODE,VEHICLE_ID,ID_NUMBER,TYPE_ID,TERMINAL_ID,DELETE_FLAG,COLOR_ID_NUMBER_ID,AUTHORIZED_PAY_MASS) values ('B0000808','3400877', '测B14876', 4, 340877, 0, '2',15);

insert into T_SIMINFO (SIM_ID, ORG_CODE, DEPTCODE, STATE,PAY_MODLE, SIM_NUM) values(34878, 'B0000808', '中国移动', 1, '预付费', 13100014877);
insert into T_TERMINALINFO (TERMINAL_ID,TTYPE_ID,SIM_ID,TERMINAL_CODE,ORG_CODE,IS_VIDEO_TERMINAL,SP_SERVER_NAME,PROTOCOL_TYPE,CHANNELS,YT_PROTOCOL_TYPE) values(340878, 4, 34878, '1014877', 'B0000808',1,'1076测试服务器','4',8,'0');
insert into V_VEHICLEINFO (ORG_CODE,VEHICLE_ID,ID_NUMBER,TYPE_ID,TERMINAL_ID,DELETE_FLAG,COLOR_ID_NUMBER_ID,AUTHORIZED_PAY_MASS) values ('B0000808','3400878', '测B14877', 4, 340878, 0, '2',15);

insert into T_SIMINFO (SIM_ID, ORG_CODE, DEPTCODE, STATE,PAY_MODLE, SIM_NUM) values(34879, 'B0000808', '中国移动', 1, '预付费', 13100014878);
insert into T_TERMINALINFO (TERMINAL_ID,TTYPE_ID,SIM_ID,TERMINAL_CODE,ORG_CODE,IS_VIDEO_TERMINAL,SP_SERVER_NAME,PROTOCOL_TYPE,CHANNELS,YT_PROTOCOL_TYPE) values(340879, 4, 34879, '1014878', 'B0000808',1,'1076测试服务器','4',8,'0');
insert into V_VEHICLEINFO (ORG_CODE,VEHICLE_ID,ID_NUMBER,TYPE_ID,TERMINAL_ID,DELETE_FLAG,COLOR_ID_NUMBER_ID,AUTHORIZED_PAY_MASS) values ('B0000808','3400879', '测B14878', 4, 340879, 0, '2',15);

insert into T_SIMINFO (SIM_ID, ORG_CODE, DEPTCODE, STATE,PAY_MODLE, SIM_NUM) values(34880, 'B0000808', '中国移动', 1, '预付费', 13100014879);
insert into T_TERMINALINFO (TERMINAL_ID,TTYPE_ID,SIM_ID,TERMINAL_CODE,ORG_CODE,IS_VIDEO_TERMINAL,SP_SERVER_NAME,PROTOCOL_TYPE,CHANNELS,YT_PROTOCOL_TYPE) values(340880, 4, 34880, '1014879', 'B0000808',1,'1076测试服务器','4',8,'0');
insert into V_VEHICLEINFO (ORG_CODE,VEHICLE_ID,ID_NUMBER,TYPE_ID,TERMINAL_ID,DELETE_FLAG,COLOR_ID_NUMBER_ID,AUTHORIZED_PAY_MASS) values ('B0000808','3400880', '测B14879', 4, 340880, 0, '2',15);

insert into T_SIMINFO (SIM_ID, ORG_CODE, DEPTCODE, STATE,PAY_MODLE, SIM_NUM) values(34881, 'B0000808', '中国移动', 1, '预付费', 13100014880);
insert into T_TERMINALINFO (TERMINAL_ID,TTYPE_ID,SIM_ID,TERMINAL_CODE,ORG_CODE,IS_VIDEO_TERMINAL,SP_SERVER_NAME,PROTOCOL_TYPE,CHANNELS,YT_PROTOCOL_TYPE) values(340881, 4, 34881, '1014880', 'B0000808',1,'1076测试服务器','4',8,'0');
insert into V_VEHICLEINFO (ORG_CODE,VEHICLE_ID,ID_NUMBER,TYPE_ID,TERMINAL_ID,DELETE_FLAG,COLOR_ID_NUMBER_ID,AUTHORIZED_PAY_MASS) values ('B0000808','3400881', '测B14880', 4, 340881, 0, '2',15);

insert into T_SIMINFO (SIM_ID, ORG_CODE, DEPTCODE, STATE,PAY_MODLE, SIM_NUM) values(34882, 'B0000808', '中国移动', 1, '预付费', 13100014881);
insert into T_TERMINALINFO (TERMINAL_ID,TTYPE_ID,SIM_ID,TERMINAL_CODE,ORG_CODE,IS_VIDEO_TERMINAL,SP_SERVER_NAME,PROTOCOL_TYPE,CHANNELS,YT_PROTOCOL_TYPE) values(340882, 4, 34882, '1014881', 'B0000808',1,'1076测试服务器','4',8,'0');
insert into V_VEHICLEINFO (ORG_CODE,VEHICLE_ID,ID_NUMBER,TYPE_ID,TERMINAL_ID,DELETE_FLAG,COLOR_ID_NUMBER_ID,AUTHORIZED_PAY_MASS) values ('B0000808','3400882', '测B14881', 4, 340882, 0, '2',15);

insert into T_SIMINFO (SIM_ID, ORG_CODE, DEPTCODE, STATE,PAY_MODLE, SIM_NUM) values(34883, 'B0000808', '中国移动', 1, '预付费', 13100014882);
insert into T_TERMINALINFO (TERMINAL_ID,TTYPE_ID,SIM_ID,TERMINAL_CODE,ORG_CODE,IS_VIDEO_TERMINAL,SP_SERVER_NAME,PROTOCOL_TYPE,CHANNELS,YT_PROTOCOL_TYPE) values(340883, 4, 34883, '1014882', 'B0000808',1,'1076测试服务器','4',8,'0');
insert into V_VEHICLEINFO (ORG_CODE,VEHICLE_ID,ID_NUMBER,TYPE_ID,TERMINAL_ID,DELETE_FLAG,COLOR_ID_NUMBER_ID,AUTHORIZED_PAY_MASS) values ('B0000808','3400883', '测B14882', 4, 340883, 0, '2',15);

insert into T_SIMINFO (SIM_ID, ORG_CODE, DEPTCODE, STATE,PAY_MODLE, SIM_NUM) values(34884, 'B0000808', '中国移动', 1, '预付费', 13100014883);
insert into T_TERMINALINFO (TERMINAL_ID,TTYPE_ID,SIM_ID,TERMINAL_CODE,ORG_CODE,IS_VIDEO_TERMINAL,SP_SERVER_NAME,PROTOCOL_TYPE,CHANNELS,YT_PROTOCOL_TYPE) values(340884, 4, 34884, '1014883', 'B0000808',1,'1076测试服务器','4',8,'0');
insert into V_VEHICLEINFO (ORG_CODE,VEHICLE_ID,ID_NUMBER,TYPE_ID,TERMINAL_ID,DELETE_FLAG,COLOR_ID_NUMBER_ID,AUTHORIZED_PAY_MASS) values ('B0000808','3400884', '测B14883', 4, 340884, 0, '2',15);

insert into T_SIMINFO (SIM_ID, ORG_CODE, DEPTCODE, STATE,PAY_MODLE, SIM_NUM) values(34885, 'B0000808', '中国移动', 1, '预付费', 13100014884);
insert into T_TERMINALINFO (TERMINAL_ID,TTYPE_ID,SIM_ID,TERMINAL_CODE,ORG_CODE,IS_VIDEO_TERMINAL,SP_SERVER_NAME,PROTOCOL_TYPE,CHANNELS,YT_PROTOCOL_TYPE) values(340885, 4, 34885, '1014884', 'B0000808',1,'1076测试服务器','4',8,'0');
insert into V_VEHICLEINFO (ORG_CODE,VEHICLE_ID,ID_NUMBER,TYPE_ID,TERMINAL_ID,DELETE_FLAG,COLOR_ID_NUMBER_ID,AUTHORIZED_PAY_MASS) values ('B0000808','3400885', '测B14884', 4, 340885, 0, '2',15);

insert into T_SIMINFO (SIM_ID, ORG_CODE, DEPTCODE, STATE,PAY_MODLE, SIM_NUM) values(34886, 'B0000808', '中国移动', 1, '预付费', 13100014885);
insert into T_TERMINALINFO (TERMINAL_ID,TTYPE_ID,SIM_ID,TERMINAL_CODE,ORG_CODE,IS_VIDEO_TERMINAL,SP_SERVER_NAME,PROTOCOL_TYPE,CHANNELS,YT_PROTOCOL_TYPE) values(340886, 4, 34886, '1014885', 'B0000808',1,'1076测试服务器','4',8,'0');
insert into V_VEHICLEINFO (ORG_CODE,VEHICLE_ID,ID_NUMBER,TYPE_ID,TERMINAL_ID,DELETE_FLAG,COLOR_ID_NUMBER_ID,AUTHORIZED_PAY_MASS) values ('B0000808','3400886', '测B14885', 4, 340886, 0, '2',15);

insert into T_SIMINFO (SIM_ID, ORG_CODE, DEPTCODE, STATE,PAY_MODLE, SIM_NUM) values(34887, 'B0000808', '中国移动', 1, '预付费', 13100014886);
insert into T_TERMINALINFO (TERMINAL_ID,TTYPE_ID,SIM_ID,TERMINAL_CODE,ORG_CODE,IS_VIDEO_TERMINAL,SP_SERVER_NAME,PROTOCOL_TYPE,CHANNELS,YT_PROTOCOL_TYPE) values(340887, 4, 34887, '1014886', 'B0000808',1,'1076测试服务器','4',8,'0');
insert into V_VEHICLEINFO (ORG_CODE,VEHICLE_ID,ID_NUMBER,TYPE_ID,TERMINAL_ID,DELETE_FLAG,COLOR_ID_NUMBER_ID,AUTHORIZED_PAY_MASS) values ('B0000808','3400887', '测B14886', 4, 340887, 0, '2',15);

insert into T_SIMINFO (SIM_ID, ORG_CODE, DEPTCODE, STATE,PAY_MODLE, SIM_NUM) values(34888, 'B0000808', '中国移动', 1, '预付费', 13100014887);
insert into T_TERMINALINFO (TERMINAL_ID,TTYPE_ID,SIM_ID,TERMINAL_CODE,ORG_CODE,IS_VIDEO_TERMINAL,SP_SERVER_NAME,PROTOCOL_TYPE,CHANNELS,YT_PROTOCOL_TYPE) values(340888, 4, 34888, '1014887', 'B0000808',1,'1076测试服务器','4',8,'0');
insert into V_VEHICLEINFO (ORG_CODE,VEHICLE_ID,ID_NUMBER,TYPE_ID,TERMINAL_ID,DELETE_FLAG,COLOR_ID_NUMBER_ID,AUTHORIZED_PAY_MASS) values ('B0000808','3400888', '测B14887', 4, 340888, 0, '2',15);

insert into T_SIMINFO (SIM_ID, ORG_CODE, DEPTCODE, STATE,PAY_MODLE, SIM_NUM) values(34889, 'B0000808', '中国移动', 1, '预付费', 13100014888);
insert into T_TERMINALINFO (TERMINAL_ID,TTYPE_ID,SIM_ID,TERMINAL_CODE,ORG_CODE,IS_VIDEO_TERMINAL,SP_SERVER_NAME,PROTOCOL_TYPE,CHANNELS,YT_PROTOCOL_TYPE) values(340889, 4, 34889, '1014888', 'B0000808',1,'1076测试服务器','4',8,'0');
insert into V_VEHICLEINFO (ORG_CODE,VEHICLE_ID,ID_NUMBER,TYPE_ID,TERMINAL_ID,DELETE_FLAG,COLOR_ID_NUMBER_ID,AUTHORIZED_PAY_MASS) values ('B0000808','3400889', '测B14888', 4, 340889, 0, '2',15);

insert into T_SIMINFO (SIM_ID, ORG_CODE, DEPTCODE, STATE,PAY_MODLE, SIM_NUM) values(34890, 'B0000808', '中国移动', 1, '预付费', 13100014889);
insert into T_TERMINALINFO (TERMINAL_ID,TTYPE_ID,SIM_ID,TERMINAL_CODE,ORG_CODE,IS_VIDEO_TERMINAL,SP_SERVER_NAME,PROTOCOL_TYPE,CHANNELS,YT_PROTOCOL_TYPE) values(340890, 4, 34890, '1014889', 'B0000808',1,'1076测试服务器','4',8,'0');
insert into V_VEHICLEINFO (ORG_CODE,VEHICLE_ID,ID_NUMBER,TYPE_ID,TERMINAL_ID,DELETE_FLAG,COLOR_ID_NUMBER_ID,AUTHORIZED_PAY_MASS) values ('B0000808','3400890', '测B14889', 4, 340890, 0, '2',15);

insert into T_SIMINFO (SIM_ID, ORG_CODE, DEPTCODE, STATE,PAY_MODLE, SIM_NUM) values(34891, 'B0000808', '中国移动', 1, '预付费', 13100014890);
insert into T_TERMINALINFO (TERMINAL_ID,TTYPE_ID,SIM_ID,TERMINAL_CODE,ORG_CODE,IS_VIDEO_TERMINAL,SP_SERVER_NAME,PROTOCOL_TYPE,CHANNELS,YT_PROTOCOL_TYPE) values(340891, 4, 34891, '1014890', 'B0000808',1,'1076测试服务器','4',8,'0');
insert into V_VEHICLEINFO (ORG_CODE,VEHICLE_ID,ID_NUMBER,TYPE_ID,TERMINAL_ID,DELETE_FLAG,COLOR_ID_NUMBER_ID,AUTHORIZED_PAY_MASS) values ('B0000808','3400891', '测B14890', 4, 340891, 0, '2',15);

insert into T_SIMINFO (SIM_ID, ORG_CODE, DEPTCODE, STATE,PAY_MODLE, SIM_NUM) values(34892, 'B0000808', '中国移动', 1, '预付费', 13100014891);
insert into T_TERMINALINFO (TERMINAL_ID,TTYPE_ID,SIM_ID,TERMINAL_CODE,ORG_CODE,IS_VIDEO_TERMINAL,SP_SERVER_NAME,PROTOCOL_TYPE,CHANNELS,YT_PROTOCOL_TYPE) values(340892, 4, 34892, '1014891', 'B0000808',1,'1076测试服务器','4',8,'0');
insert into V_VEHICLEINFO (ORG_CODE,VEHICLE_ID,ID_NUMBER,TYPE_ID,TERMINAL_ID,DELETE_FLAG,COLOR_ID_NUMBER_ID,AUTHORIZED_PAY_MASS) values ('B0000808','3400892', '测B14891', 4, 340892, 0, '2',15);

insert into T_SIMINFO (SIM_ID, ORG_CODE, DEPTCODE, STATE,PAY_MODLE, SIM_NUM) values(34893, 'B0000808', '中国移动', 1, '预付费', 13100014892);
insert into T_TERMINALINFO (TERMINAL_ID,TTYPE_ID,SIM_ID,TERMINAL_CODE,ORG_CODE,IS_VIDEO_TERMINAL,SP_SERVER_NAME,PROTOCOL_TYPE,CHANNELS,YT_PROTOCOL_TYPE) values(340893, 4, 34893, '1014892', 'B0000808',1,'1076测试服务器','4',8,'0');
insert into V_VEHICLEINFO (ORG_CODE,VEHICLE_ID,ID_NUMBER,TYPE_ID,TERMINAL_ID,DELETE_FLAG,COLOR_ID_NUMBER_ID,AUTHORIZED_PAY_MASS) values ('B0000808','3400893', '测B14892', 4, 340893, 0, '2',15);

insert into T_SIMINFO (SIM_ID, ORG_CODE, DEPTCODE, STATE,PAY_MODLE, SIM_NUM) values(34894, 'B0000808', '中国移动', 1, '预付费', 13100014893);
insert into T_TERMINALINFO (TERMINAL_ID,TTYPE_ID,SIM_ID,TERMINAL_CODE,ORG_CODE,IS_VIDEO_TERMINAL,SP_SERVER_NAME,PROTOCOL_TYPE,CHANNELS,YT_PROTOCOL_TYPE) values(340894, 4, 34894, '1014893', 'B0000808',1,'1076测试服务器','4',8,'0');
insert into V_VEHICLEINFO (ORG_CODE,VEHICLE_ID,ID_NUMBER,TYPE_ID,TERMINAL_ID,DELETE_FLAG,COLOR_ID_NUMBER_ID,AUTHORIZED_PAY_MASS) values ('B0000808','3400894', '测B14893', 4, 340894, 0, '2',15);

insert into T_SIMINFO (SIM_ID, ORG_CODE, DEPTCODE, STATE,PAY_MODLE, SIM_NUM) values(34895, 'B0000808', '中国移动', 1, '预付费', 13100014894);
insert into T_TERMINALINFO (TERMINAL_ID,TTYPE_ID,SIM_ID,TERMINAL_CODE,ORG_CODE,IS_VIDEO_TERMINAL,SP_SERVER_NAME,PROTOCOL_TYPE,CHANNELS,YT_PROTOCOL_TYPE) values(340895, 4, 34895, '1014894', 'B0000808',1,'1076测试服务器','4',8,'0');
insert into V_VEHICLEINFO (ORG_CODE,VEHICLE_ID,ID_NUMBER,TYPE_ID,TERMINAL_ID,DELETE_FLAG,COLOR_ID_NUMBER_ID,AUTHORIZED_PAY_MASS) values ('B0000808','3400895', '测B14894', 4, 340895, 0, '2',15);

insert into T_SIMINFO (SIM_ID, ORG_CODE, DEPTCODE, STATE,PAY_MODLE, SIM_NUM) values(34896, 'B0000808', '中国移动', 1, '预付费', 13100014895);
insert into T_TERMINALINFO (TERMINAL_ID,TTYPE_ID,SIM_ID,TERMINAL_CODE,ORG_CODE,IS_VIDEO_TERMINAL,SP_SERVER_NAME,PROTOCOL_TYPE,CHANNELS,YT_PROTOCOL_TYPE) values(340896, 4, 34896, '1014895', 'B0000808',1,'1076测试服务器','4',8,'0');
insert into V_VEHICLEINFO (ORG_CODE,VEHICLE_ID,ID_NUMBER,TYPE_ID,TERMINAL_ID,DELETE_FLAG,COLOR_ID_NUMBER_ID,AUTHORIZED_PAY_MASS) values ('B0000808','3400896', '测B14895', 4, 340896, 0, '2',15);

insert into T_SIMINFO (SIM_ID, ORG_CODE, DEPTCODE, STATE,PAY_MODLE, SIM_NUM) values(34897, 'B0000808', '中国移动', 1, '预付费', 13100014896);
insert into T_TERMINALINFO (TERMINAL_ID,TTYPE_ID,SIM_ID,TERMINAL_CODE,ORG_CODE,IS_VIDEO_TERMINAL,SP_SERVER_NAME,PROTOCOL_TYPE,CHANNELS,YT_PROTOCOL_TYPE) values(340897, 4, 34897, '1014896', 'B0000808',1,'1076测试服务器','4',8,'0');
insert into V_VEHICLEINFO (ORG_CODE,VEHICLE_ID,ID_NUMBER,TYPE_ID,TERMINAL_ID,DELETE_FLAG,COLOR_ID_NUMBER_ID,AUTHORIZED_PAY_MASS) values ('B0000808','3400897', '测B14896', 4, 340897, 0, '2',15);

insert into T_SIMINFO (SIM_ID, ORG_CODE, DEPTCODE, STATE,PAY_MODLE, SIM_NUM) values(34898, 'B0000808', '中国移动', 1, '预付费', 13100014897);
insert into T_TERMINALINFO (TERMINAL_ID,TTYPE_ID,SIM_ID,TERMINAL_CODE,ORG_CODE,IS_VIDEO_TERMINAL,SP_SERVER_NAME,PROTOCOL_TYPE,CHANNELS,YT_PROTOCOL_TYPE) values(340898, 4, 34898, '1014897', 'B0000808',1,'1076测试服务器','4',8,'0');
insert into V_VEHICLEINFO (ORG_CODE,VEHICLE_ID,ID_NUMBER,TYPE_ID,TERMINAL_ID,DELETE_FLAG,COLOR_ID_NUMBER_ID,AUTHORIZED_PAY_MASS) values ('B0000808','3400898', '测B14897', 4, 340898, 0, '2',15);

insert into T_SIMINFO (SIM_ID, ORG_CODE, DEPTCODE, STATE,PAY_MODLE, SIM_NUM) values(34899, 'B0000808', '中国移动', 1, '预付费', 13100014898);
insert into T_TERMINALINFO (TERMINAL_ID,TTYPE_ID,SIM_ID,TERMINAL_CODE,ORG_CODE,IS_VIDEO_TERMINAL,SP_SERVER_NAME,PROTOCOL_TYPE,CHANNELS,YT_PROTOCOL_TYPE) values(340899, 4, 34899, '1014898', 'B0000808',1,'1076测试服务器','4',8,'0');
insert into V_VEHICLEINFO (ORG_CODE,VEHICLE_ID,ID_NUMBER,TYPE_ID,TERMINAL_ID,DELETE_FLAG,COLOR_ID_NUMBER_ID,AUTHORIZED_PAY_MASS) values ('B0000808','3400899', '测B14898', 4, 340899, 0, '2',15);

insert into T_SIMINFO (SIM_ID, ORG_CODE, DEPTCODE, STATE,PAY_MODLE, SIM_NUM) values(34900, 'B0000808', '中国移动', 1, '预付费', 13100014899);
insert into T_TERMINALINFO (TERMINAL_ID,TTYPE_ID,SIM_ID,TERMINAL_CODE,ORG_CODE,IS_VIDEO_TERMINAL,SP_SERVER_NAME,PROTOCOL_TYPE,CHANNELS,YT_PROTOCOL_TYPE) values(340900, 4, 34900, '1014899', 'B0000808',1,'1076测试服务器','4',8,'0');
insert into V_VEHICLEINFO (ORG_CODE,VEHICLE_ID,ID_NUMBER,TYPE_ID,TERMINAL_ID,DELETE_FLAG,COLOR_ID_NUMBER_ID,AUTHORIZED_PAY_MASS) values ('B0000808','3400900', '测B14899', 4, 340900, 0, '2',15);

insert into T_SIMINFO (SIM_ID, ORG_CODE, DEPTCODE, STATE,PAY_MODLE, SIM_NUM) values(34901, 'B0000808', '中国移动', 1, '预付费', 13100014900);
insert into T_TERMINALINFO (TERMINAL_ID,TTYPE_ID,SIM_ID,TERMINAL_CODE,ORG_CODE,IS_VIDEO_TERMINAL,SP_SERVER_NAME,PROTOCOL_TYPE,CHANNELS,YT_PROTOCOL_TYPE) values(340901, 4, 34901, '1014900', 'B0000808',1,'1076测试服务器','4',8,'0');
insert into V_VEHICLEINFO (ORG_CODE,VEHICLE_ID,ID_NUMBER,TYPE_ID,TERMINAL_ID,DELETE_FLAG,COLOR_ID_NUMBER_ID,AUTHORIZED_PAY_MASS) values ('B0000808','3400901', '测B14900', 4, 340901, 0, '2',15);

insert into T_SIMINFO (SIM_ID, ORG_CODE, DEPTCODE, STATE,PAY_MODLE, SIM_NUM) values(34902, 'B0000808', '中国移动', 1, '预付费', 13100014901);
insert into T_TERMINALINFO (TERMINAL_ID,TTYPE_ID,SIM_ID,TERMINAL_CODE,ORG_CODE,IS_VIDEO_TERMINAL,SP_SERVER_NAME,PROTOCOL_TYPE,CHANNELS,YT_PROTOCOL_TYPE) values(340902, 4, 34902, '1014901', 'B0000808',1,'1076测试服务器','4',8,'0');
insert into V_VEHICLEINFO (ORG_CODE,VEHICLE_ID,ID_NUMBER,TYPE_ID,TERMINAL_ID,DELETE_FLAG,COLOR_ID_NUMBER_ID,AUTHORIZED_PAY_MASS) values ('B0000808','3400902', '测B14901', 4, 340902, 0, '2',15);

insert into T_SIMINFO (SIM_ID, ORG_CODE, DEPTCODE, STATE,PAY_MODLE, SIM_NUM) values(34903, 'B0000808', '中国移动', 1, '预付费', 13100014902);
insert into T_TERMINALINFO (TERMINAL_ID,TTYPE_ID,SIM_ID,TERMINAL_CODE,ORG_CODE,IS_VIDEO_TERMINAL,SP_SERVER_NAME,PROTOCOL_TYPE,CHANNELS,YT_PROTOCOL_TYPE) values(340903, 4, 34903, '1014902', 'B0000808',1,'1076测试服务器','4',8,'0');
insert into V_VEHICLEINFO (ORG_CODE,VEHICLE_ID,ID_NUMBER,TYPE_ID,TERMINAL_ID,DELETE_FLAG,COLOR_ID_NUMBER_ID,AUTHORIZED_PAY_MASS) values ('B0000808','3400903', '测B14902', 4, 340903, 0, '2',15);

insert into T_SIMINFO (SIM_ID, ORG_CODE, DEPTCODE, STATE,PAY_MODLE, SIM_NUM) values(34904, 'B0000808', '中国移动', 1, '预付费', 13100014903);
insert into T_TERMINALINFO (TERMINAL_ID,TTYPE_ID,SIM_ID,TERMINAL_CODE,ORG_CODE,IS_VIDEO_TERMINAL,SP_SERVER_NAME,PROTOCOL_TYPE,CHANNELS,YT_PROTOCOL_TYPE) values(340904, 4, 34904, '1014903', 'B0000808',1,'1076测试服务器','4',8,'0');
insert into V_VEHICLEINFO (ORG_CODE,VEHICLE_ID,ID_NUMBER,TYPE_ID,TERMINAL_ID,DELETE_FLAG,COLOR_ID_NUMBER_ID,AUTHORIZED_PAY_MASS) values ('B0000808','3400904', '测B14903', 4, 340904, 0, '2',15);

insert into T_SIMINFO (SIM_ID, ORG_CODE, DEPTCODE, STATE,PAY_MODLE, SIM_NUM) values(34905, 'B0000808', '中国移动', 1, '预付费', 13100014904);
insert into T_TERMINALINFO (TERMINAL_ID,TTYPE_ID,SIM_ID,TERMINAL_CODE,ORG_CODE,IS_VIDEO_TERMINAL,SP_SERVER_NAME,PROTOCOL_TYPE,CHANNELS,YT_PROTOCOL_TYPE) values(340905, 4, 34905, '1014904', 'B0000808',1,'1076测试服务器','4',8,'0');
insert into V_VEHICLEINFO (ORG_CODE,VEHICLE_ID,ID_NUMBER,TYPE_ID,TERMINAL_ID,DELETE_FLAG,COLOR_ID_NUMBER_ID,AUTHORIZED_PAY_MASS) values ('B0000808','3400905', '测B14904', 4, 340905, 0, '2',15);

insert into T_SIMINFO (SIM_ID, ORG_CODE, DEPTCODE, STATE,PAY_MODLE, SIM_NUM) values(34906, 'B0000808', '中国移动', 1, '预付费', 13100014905);
insert into T_TERMINALINFO (TERMINAL_ID,TTYPE_ID,SIM_ID,TERMINAL_CODE,ORG_CODE,IS_VIDEO_TERMINAL,SP_SERVER_NAME,PROTOCOL_TYPE,CHANNELS,YT_PROTOCOL_TYPE) values(340906, 4, 34906, '1014905', 'B0000808',1,'1076测试服务器','4',8,'0');
insert into V_VEHICLEINFO (ORG_CODE,VEHICLE_ID,ID_NUMBER,TYPE_ID,TERMINAL_ID,DELETE_FLAG,COLOR_ID_NUMBER_ID,AUTHORIZED_PAY_MASS) values ('B0000808','3400906', '测B14905', 4, 340906, 0, '2',15);

insert into T_SIMINFO (SIM_ID, ORG_CODE, DEPTCODE, STATE,PAY_MODLE, SIM_NUM) values(34907, 'B0000808', '中国移动', 1, '预付费', 13100014906);
insert into T_TERMINALINFO (TERMINAL_ID,TTYPE_ID,SIM_ID,TERMINAL_CODE,ORG_CODE,IS_VIDEO_TERMINAL,SP_SERVER_NAME,PROTOCOL_TYPE,CHANNELS,YT_PROTOCOL_TYPE) values(340907, 4, 34907, '1014906', 'B0000808',1,'1076测试服务器','4',8,'0');
insert into V_VEHICLEINFO (ORG_CODE,VEHICLE_ID,ID_NUMBER,TYPE_ID,TERMINAL_ID,DELETE_FLAG,COLOR_ID_NUMBER_ID,AUTHORIZED_PAY_MASS) values ('B0000808','3400907', '测B14906', 4, 340907, 0, '2',15);

insert into T_SIMINFO (SIM_ID, ORG_CODE, DEPTCODE, STATE,PAY_MODLE, SIM_NUM) values(34908, 'B0000808', '中国移动', 1, '预付费', 13100014907);
insert into T_TERMINALINFO (TERMINAL_ID,TTYPE_ID,SIM_ID,TERMINAL_CODE,ORG_CODE,IS_VIDEO_TERMINAL,SP_SERVER_NAME,PROTOCOL_TYPE,CHANNELS,YT_PROTOCOL_TYPE) values(340908, 4, 34908, '1014907', 'B0000808',1,'1076测试服务器','4',8,'0');
insert into V_VEHICLEINFO (ORG_CODE,VEHICLE_ID,ID_NUMBER,TYPE_ID,TERMINAL_ID,DELETE_FLAG,COLOR_ID_NUMBER_ID,AUTHORIZED_PAY_MASS) values ('B0000808','3400908', '测B14907', 4, 340908, 0, '2',15);

insert into T_SIMINFO (SIM_ID, ORG_CODE, DEPTCODE, STATE,PAY_MODLE, SIM_NUM) values(34909, 'B0000808', '中国移动', 1, '预付费', 13100014908);
insert into T_TERMINALINFO (TERMINAL_ID,TTYPE_ID,SIM_ID,TERMINAL_CODE,ORG_CODE,IS_VIDEO_TERMINAL,SP_SERVER_NAME,PROTOCOL_TYPE,CHANNELS,YT_PROTOCOL_TYPE) values(340909, 4, 34909, '1014908', 'B0000808',1,'1076测试服务器','4',8,'0');
insert into V_VEHICLEINFO (ORG_CODE,VEHICLE_ID,ID_NUMBER,TYPE_ID,TERMINAL_ID,DELETE_FLAG,COLOR_ID_NUMBER_ID,AUTHORIZED_PAY_MASS) values ('B0000808','3400909', '测B14908', 4, 340909, 0, '2',15);

insert into T_SIMINFO (SIM_ID, ORG_CODE, DEPTCODE, STATE,PAY_MODLE, SIM_NUM) values(34910, 'B0000808', '中国移动', 1, '预付费', 13100014909);
insert into T_TERMINALINFO (TERMINAL_ID,TTYPE_ID,SIM_ID,TERMINAL_CODE,ORG_CODE,IS_VIDEO_TERMINAL,SP_SERVER_NAME,PROTOCOL_TYPE,CHANNELS,YT_PROTOCOL_TYPE) values(340910, 4, 34910, '1014909', 'B0000808',1,'1076测试服务器','4',8,'0');
insert into V_VEHICLEINFO (ORG_CODE,VEHICLE_ID,ID_NUMBER,TYPE_ID,TERMINAL_ID,DELETE_FLAG,COLOR_ID_NUMBER_ID,AUTHORIZED_PAY_MASS) values ('B0000808','3400910', '测B14909', 4, 340910, 0, '2',15);

insert into T_SIMINFO (SIM_ID, ORG_CODE, DEPTCODE, STATE,PAY_MODLE, SIM_NUM) values(34911, 'B0000808', '中国移动', 1, '预付费', 13100014910);
insert into T_TERMINALINFO (TERMINAL_ID,TTYPE_ID,SIM_ID,TERMINAL_CODE,ORG_CODE,IS_VIDEO_TERMINAL,SP_SERVER_NAME,PROTOCOL_TYPE,CHANNELS,YT_PROTOCOL_TYPE) values(340911, 4, 34911, '1014910', 'B0000808',1,'1076测试服务器','4',8,'0');
insert into V_VEHICLEINFO (ORG_CODE,VEHICLE_ID,ID_NUMBER,TYPE_ID,TERMINAL_ID,DELETE_FLAG,COLOR_ID_NUMBER_ID,AUTHORIZED_PAY_MASS) values ('B0000808','3400911', '测B14910', 4, 340911, 0, '2',15);

insert into T_SIMINFO (SIM_ID, ORG_CODE, DEPTCODE, STATE,PAY_MODLE, SIM_NUM) values(34912, 'B0000808', '中国移动', 1, '预付费', 13100014911);
insert into T_TERMINALINFO (TERMINAL_ID,TTYPE_ID,SIM_ID,TERMINAL_CODE,ORG_CODE,IS_VIDEO_TERMINAL,SP_SERVER_NAME,PROTOCOL_TYPE,CHANNELS,YT_PROTOCOL_TYPE) values(340912, 4, 34912, '1014911', 'B0000808',1,'1076测试服务器','4',8,'0');
insert into V_VEHICLEINFO (ORG_CODE,VEHICLE_ID,ID_NUMBER,TYPE_ID,TERMINAL_ID,DELETE_FLAG,COLOR_ID_NUMBER_ID,AUTHORIZED_PAY_MASS) values ('B0000808','3400912', '测B14911', 4, 340912, 0, '2',15);

insert into T_SIMINFO (SIM_ID, ORG_CODE, DEPTCODE, STATE,PAY_MODLE, SIM_NUM) values(34913, 'B0000808', '中国移动', 1, '预付费', 13100014912);
insert into T_TERMINALINFO (TERMINAL_ID,TTYPE_ID,SIM_ID,TERMINAL_CODE,ORG_CODE,IS_VIDEO_TERMINAL,SP_SERVER_NAME,PROTOCOL_TYPE,CHANNELS,YT_PROTOCOL_TYPE) values(340913, 4, 34913, '1014912', 'B0000808',1,'1076测试服务器','4',8,'0');
insert into V_VEHICLEINFO (ORG_CODE,VEHICLE_ID,ID_NUMBER,TYPE_ID,TERMINAL_ID,DELETE_FLAG,COLOR_ID_NUMBER_ID,AUTHORIZED_PAY_MASS) values ('B0000808','3400913', '测B14912', 4, 340913, 0, '2',15);

insert into T_SIMINFO (SIM_ID, ORG_CODE, DEPTCODE, STATE,PAY_MODLE, SIM_NUM) values(34914, 'B0000808', '中国移动', 1, '预付费', 13100014913);
insert into T_TERMINALINFO (TERMINAL_ID,TTYPE_ID,SIM_ID,TERMINAL_CODE,ORG_CODE,IS_VIDEO_TERMINAL,SP_SERVER_NAME,PROTOCOL_TYPE,CHANNELS,YT_PROTOCOL_TYPE) values(340914, 4, 34914, '1014913', 'B0000808',1,'1076测试服务器','4',8,'0');
insert into V_VEHICLEINFO (ORG_CODE,VEHICLE_ID,ID_NUMBER,TYPE_ID,TERMINAL_ID,DELETE_FLAG,COLOR_ID_NUMBER_ID,AUTHORIZED_PAY_MASS) values ('B0000808','3400914', '测B14913', 4, 340914, 0, '2',15);

insert into T_SIMINFO (SIM_ID, ORG_CODE, DEPTCODE, STATE,PAY_MODLE, SIM_NUM) values(34915, 'B0000808', '中国移动', 1, '预付费', 13100014914);
insert into T_TERMINALINFO (TERMINAL_ID,TTYPE_ID,SIM_ID,TERMINAL_CODE,ORG_CODE,IS_VIDEO_TERMINAL,SP_SERVER_NAME,PROTOCOL_TYPE,CHANNELS,YT_PROTOCOL_TYPE) values(340915, 4, 34915, '1014914', 'B0000808',1,'1076测试服务器','4',8,'0');
insert into V_VEHICLEINFO (ORG_CODE,VEHICLE_ID,ID_NUMBER,TYPE_ID,TERMINAL_ID,DELETE_FLAG,COLOR_ID_NUMBER_ID,AUTHORIZED_PAY_MASS) values ('B0000808','3400915', '测B14914', 4, 340915, 0, '2',15);

insert into T_SIMINFO (SIM_ID, ORG_CODE, DEPTCODE, STATE,PAY_MODLE, SIM_NUM) values(34916, 'B0000808', '中国移动', 1, '预付费', 13100014915);
insert into T_TERMINALINFO (TERMINAL_ID,TTYPE_ID,SIM_ID,TERMINAL_CODE,ORG_CODE,IS_VIDEO_TERMINAL,SP_SERVER_NAME,PROTOCOL_TYPE,CHANNELS,YT_PROTOCOL_TYPE) values(340916, 4, 34916, '1014915', 'B0000808',1,'1076测试服务器','4',8,'0');
insert into V_VEHICLEINFO (ORG_CODE,VEHICLE_ID,ID_NUMBER,TYPE_ID,TERMINAL_ID,DELETE_FLAG,COLOR_ID_NUMBER_ID,AUTHORIZED_PAY_MASS) values ('B0000808','3400916', '测B14915', 4, 340916, 0, '2',15);

insert into T_SIMINFO (SIM_ID, ORG_CODE, DEPTCODE, STATE,PAY_MODLE, SIM_NUM) values(34917, 'B0000808', '中国移动', 1, '预付费', 13100014916);
insert into T_TERMINALINFO (TERMINAL_ID,TTYPE_ID,SIM_ID,TERMINAL_CODE,ORG_CODE,IS_VIDEO_TERMINAL,SP_SERVER_NAME,PROTOCOL_TYPE,CHANNELS,YT_PROTOCOL_TYPE) values(340917, 4, 34917, '1014916', 'B0000808',1,'1076测试服务器','4',8,'0');
insert into V_VEHICLEINFO (ORG_CODE,VEHICLE_ID,ID_NUMBER,TYPE_ID,TERMINAL_ID,DELETE_FLAG,COLOR_ID_NUMBER_ID,AUTHORIZED_PAY_MASS) values ('B0000808','3400917', '测B14916', 4, 340917, 0, '2',15);

insert into T_SIMINFO (SIM_ID, ORG_CODE, DEPTCODE, STATE,PAY_MODLE, SIM_NUM) values(34918, 'B0000808', '中国移动', 1, '预付费', 13100014917);
insert into T_TERMINALINFO (TERMINAL_ID,TTYPE_ID,SIM_ID,TERMINAL_CODE,ORG_CODE,IS_VIDEO_TERMINAL,SP_SERVER_NAME,PROTOCOL_TYPE,CHANNELS,YT_PROTOCOL_TYPE) values(340918, 4, 34918, '1014917', 'B0000808',1,'1076测试服务器','4',8,'0');
insert into V_VEHICLEINFO (ORG_CODE,VEHICLE_ID,ID_NUMBER,TYPE_ID,TERMINAL_ID,DELETE_FLAG,COLOR_ID_NUMBER_ID,AUTHORIZED_PAY_MASS) values ('B0000808','3400918', '测B14917', 4, 340918, 0, '2',15);

insert into T_SIMINFO (SIM_ID, ORG_CODE, DEPTCODE, STATE,PAY_MODLE, SIM_NUM) values(34919, 'B0000808', '中国移动', 1, '预付费', 13100014918);
insert into T_TERMINALINFO (TERMINAL_ID,TTYPE_ID,SIM_ID,TERMINAL_CODE,ORG_CODE,IS_VIDEO_TERMINAL,SP_SERVER_NAME,PROTOCOL_TYPE,CHANNELS,YT_PROTOCOL_TYPE) values(340919, 4, 34919, '1014918', 'B0000808',1,'1076测试服务器','4',8,'0');
insert into V_VEHICLEINFO (ORG_CODE,VEHICLE_ID,ID_NUMBER,TYPE_ID,TERMINAL_ID,DELETE_FLAG,COLOR_ID_NUMBER_ID,AUTHORIZED_PAY_MASS) values ('B0000808','3400919', '测B14918', 4, 340919, 0, '2',15);

insert into T_SIMINFO (SIM_ID, ORG_CODE, DEPTCODE, STATE,PAY_MODLE, SIM_NUM) values(34920, 'B0000808', '中国移动', 1, '预付费', 13100014919);
insert into T_TERMINALINFO (TERMINAL_ID,TTYPE_ID,SIM_ID,TERMINAL_CODE,ORG_CODE,IS_VIDEO_TERMINAL,SP_SERVER_NAME,PROTOCOL_TYPE,CHANNELS,YT_PROTOCOL_TYPE) values(340920, 4, 34920, '1014919', 'B0000808',1,'1076测试服务器','4',8,'0');
insert into V_VEHICLEINFO (ORG_CODE,VEHICLE_ID,ID_NUMBER,TYPE_ID,TERMINAL_ID,DELETE_FLAG,COLOR_ID_NUMBER_ID,AUTHORIZED_PAY_MASS) values ('B0000808','3400920', '测B14919', 4, 340920, 0, '2',15);

insert into T_SIMINFO (SIM_ID, ORG_CODE, DEPTCODE, STATE,PAY_MODLE, SIM_NUM) values(34921, 'B0000808', '中国移动', 1, '预付费', 13100014920);
insert into T_TERMINALINFO (TERMINAL_ID,TTYPE_ID,SIM_ID,TERMINAL_CODE,ORG_CODE,IS_VIDEO_TERMINAL,SP_SERVER_NAME,PROTOCOL_TYPE,CHANNELS,YT_PROTOCOL_TYPE) values(340921, 4, 34921, '1014920', 'B0000808',1,'1076测试服务器','4',8,'0');
insert into V_VEHICLEINFO (ORG_CODE,VEHICLE_ID,ID_NUMBER,TYPE_ID,TERMINAL_ID,DELETE_FLAG,COLOR_ID_NUMBER_ID,AUTHORIZED_PAY_MASS) values ('B0000808','3400921', '测B14920', 4, 340921, 0, '2',15);

insert into T_SIMINFO (SIM_ID, ORG_CODE, DEPTCODE, STATE,PAY_MODLE, SIM_NUM) values(34922, 'B0000808', '中国移动', 1, '预付费', 13100014921);
insert into T_TERMINALINFO (TERMINAL_ID,TTYPE_ID,SIM_ID,TERMINAL_CODE,ORG_CODE,IS_VIDEO_TERMINAL,SP_SERVER_NAME,PROTOCOL_TYPE,CHANNELS,YT_PROTOCOL_TYPE) values(340922, 4, 34922, '1014921', 'B0000808',1,'1076测试服务器','4',8,'0');
insert into V_VEHICLEINFO (ORG_CODE,VEHICLE_ID,ID_NUMBER,TYPE_ID,TERMINAL_ID,DELETE_FLAG,COLOR_ID_NUMBER_ID,AUTHORIZED_PAY_MASS) values ('B0000808','3400922', '测B14921', 4, 340922, 0, '2',15);

insert into T_SIMINFO (SIM_ID, ORG_CODE, DEPTCODE, STATE,PAY_MODLE, SIM_NUM) values(34923, 'B0000808', '中国移动', 1, '预付费', 13100014922);
insert into T_TERMINALINFO (TERMINAL_ID,TTYPE_ID,SIM_ID,TERMINAL_CODE,ORG_CODE,IS_VIDEO_TERMINAL,SP_SERVER_NAME,PROTOCOL_TYPE,CHANNELS,YT_PROTOCOL_TYPE) values(340923, 4, 34923, '1014922', 'B0000808',1,'1076测试服务器','4',8,'0');
insert into V_VEHICLEINFO (ORG_CODE,VEHICLE_ID,ID_NUMBER,TYPE_ID,TERMINAL_ID,DELETE_FLAG,COLOR_ID_NUMBER_ID,AUTHORIZED_PAY_MASS) values ('B0000808','3400923', '测B14922', 4, 340923, 0, '2',15);

insert into T_SIMINFO (SIM_ID, ORG_CODE, DEPTCODE, STATE,PAY_MODLE, SIM_NUM) values(34924, 'B0000808', '中国移动', 1, '预付费', 13100014923);
insert into T_TERMINALINFO (TERMINAL_ID,TTYPE_ID,SIM_ID,TERMINAL_CODE,ORG_CODE,IS_VIDEO_TERMINAL,SP_SERVER_NAME,PROTOCOL_TYPE,CHANNELS,YT_PROTOCOL_TYPE) values(340924, 4, 34924, '1014923', 'B0000808',1,'1076测试服务器','4',8,'0');
insert into V_VEHICLEINFO (ORG_CODE,VEHICLE_ID,ID_NUMBER,TYPE_ID,TERMINAL_ID,DELETE_FLAG,COLOR_ID_NUMBER_ID,AUTHORIZED_PAY_MASS) values ('B0000808','3400924', '测B14923', 4, 340924, 0, '2',15);

insert into T_SIMINFO (SIM_ID, ORG_CODE, DEPTCODE, STATE,PAY_MODLE, SIM_NUM) values(34925, 'B0000808', '中国移动', 1, '预付费', 13100014924);
insert into T_TERMINALINFO (TERMINAL_ID,TTYPE_ID,SIM_ID,TERMINAL_CODE,ORG_CODE,IS_VIDEO_TERMINAL,SP_SERVER_NAME,PROTOCOL_TYPE,CHANNELS,YT_PROTOCOL_TYPE) values(340925, 4, 34925, '1014924', 'B0000808',1,'1076测试服务器','4',8,'0');
insert into V_VEHICLEINFO (ORG_CODE,VEHICLE_ID,ID_NUMBER,TYPE_ID,TERMINAL_ID,DELETE_FLAG,COLOR_ID_NUMBER_ID,AUTHORIZED_PAY_MASS) values ('B0000808','3400925', '测B14924', 4, 340925, 0, '2',15);

insert into T_SIMINFO (SIM_ID, ORG_CODE, DEPTCODE, STATE,PAY_MODLE, SIM_NUM) values(34926, 'B0000808', '中国移动', 1, '预付费', 13100014925);
insert into T_TERMINALINFO (TERMINAL_ID,TTYPE_ID,SIM_ID,TERMINAL_CODE,ORG_CODE,IS_VIDEO_TERMINAL,SP_SERVER_NAME,PROTOCOL_TYPE,CHANNELS,YT_PROTOCOL_TYPE) values(340926, 4, 34926, '1014925', 'B0000808',1,'1076测试服务器','4',8,'0');
insert into V_VEHICLEINFO (ORG_CODE,VEHICLE_ID,ID_NUMBER,TYPE_ID,TERMINAL_ID,DELETE_FLAG,COLOR_ID_NUMBER_ID,AUTHORIZED_PAY_MASS) values ('B0000808','3400926', '测B14925', 4, 340926, 0, '2',15);

insert into T_SIMINFO (SIM_ID, ORG_CODE, DEPTCODE, STATE,PAY_MODLE, SIM_NUM) values(34927, 'B0000808', '中国移动', 1, '预付费', 13100014926);
insert into T_TERMINALINFO (TERMINAL_ID,TTYPE_ID,SIM_ID,TERMINAL_CODE,ORG_CODE,IS_VIDEO_TERMINAL,SP_SERVER_NAME,PROTOCOL_TYPE,CHANNELS,YT_PROTOCOL_TYPE) values(340927, 4, 34927, '1014926', 'B0000808',1,'1076测试服务器','4',8,'0');
insert into V_VEHICLEINFO (ORG_CODE,VEHICLE_ID,ID_NUMBER,TYPE_ID,TERMINAL_ID,DELETE_FLAG,COLOR_ID_NUMBER_ID,AUTHORIZED_PAY_MASS) values ('B0000808','3400927', '测B14926', 4, 340927, 0, '2',15);

insert into T_SIMINFO (SIM_ID, ORG_CODE, DEPTCODE, STATE,PAY_MODLE, SIM_NUM) values(34928, 'B0000808', '中国移动', 1, '预付费', 13100014927);
insert into T_TERMINALINFO (TERMINAL_ID,TTYPE_ID,SIM_ID,TERMINAL_CODE,ORG_CODE,IS_VIDEO_TERMINAL,SP_SERVER_NAME,PROTOCOL_TYPE,CHANNELS,YT_PROTOCOL_TYPE) values(340928, 4, 34928, '1014927', 'B0000808',1,'1076测试服务器','4',8,'0');
insert into V_VEHICLEINFO (ORG_CODE,VEHICLE_ID,ID_NUMBER,TYPE_ID,TERMINAL_ID,DELETE_FLAG,COLOR_ID_NUMBER_ID,AUTHORIZED_PAY_MASS) values ('B0000808','3400928', '测B14927', 4, 340928, 0, '2',15);

insert into T_SIMINFO (SIM_ID, ORG_CODE, DEPTCODE, STATE,PAY_MODLE, SIM_NUM) values(34929, 'B0000808', '中国移动', 1, '预付费', 13100014928);
insert into T_TERMINALINFO (TERMINAL_ID,TTYPE_ID,SIM_ID,TERMINAL_CODE,ORG_CODE,IS_VIDEO_TERMINAL,SP_SERVER_NAME,PROTOCOL_TYPE,CHANNELS,YT_PROTOCOL_TYPE) values(340929, 4, 34929, '1014928', 'B0000808',1,'1076测试服务器','4',8,'0');
insert into V_VEHICLEINFO (ORG_CODE,VEHICLE_ID,ID_NUMBER,TYPE_ID,TERMINAL_ID,DELETE_FLAG,COLOR_ID_NUMBER_ID,AUTHORIZED_PAY_MASS) values ('B0000808','3400929', '测B14928', 4, 340929, 0, '2',15);

insert into T_SIMINFO (SIM_ID, ORG_CODE, DEPTCODE, STATE,PAY_MODLE, SIM_NUM) values(34930, 'B0000808', '中国移动', 1, '预付费', 13100014929);
insert into T_TERMINALINFO (TERMINAL_ID,TTYPE_ID,SIM_ID,TERMINAL_CODE,ORG_CODE,IS_VIDEO_TERMINAL,SP_SERVER_NAME,PROTOCOL_TYPE,CHANNELS,YT_PROTOCOL_TYPE) values(340930, 4, 34930, '1014929', 'B0000808',1,'1076测试服务器','4',8,'0');
insert into V_VEHICLEINFO (ORG_CODE,VEHICLE_ID,ID_NUMBER,TYPE_ID,TERMINAL_ID,DELETE_FLAG,COLOR_ID_NUMBER_ID,AUTHORIZED_PAY_MASS) values ('B0000808','3400930', '测B14929', 4, 340930, 0, '2',15);

insert into T_SIMINFO (SIM_ID, ORG_CODE, DEPTCODE, STATE,PAY_MODLE, SIM_NUM) values(34931, 'B0000808', '中国移动', 1, '预付费', 13100014930);
insert into T_TERMINALINFO (TERMINAL_ID,TTYPE_ID,SIM_ID,TERMINAL_CODE,ORG_CODE,IS_VIDEO_TERMINAL,SP_SERVER_NAME,PROTOCOL_TYPE,CHANNELS,YT_PROTOCOL_TYPE) values(340931, 4, 34931, '1014930', 'B0000808',1,'1076测试服务器','4',8,'0');
insert into V_VEHICLEINFO (ORG_CODE,VEHICLE_ID,ID_NUMBER,TYPE_ID,TERMINAL_ID,DELETE_FLAG,COLOR_ID_NUMBER_ID,AUTHORIZED_PAY_MASS) values ('B0000808','3400931', '测B14930', 4, 340931, 0, '2',15);

insert into T_SIMINFO (SIM_ID, ORG_CODE, DEPTCODE, STATE,PAY_MODLE, SIM_NUM) values(34932, 'B0000808', '中国移动', 1, '预付费', 13100014931);
insert into T_TERMINALINFO (TERMINAL_ID,TTYPE_ID,SIM_ID,TERMINAL_CODE,ORG_CODE,IS_VIDEO_TERMINAL,SP_SERVER_NAME,PROTOCOL_TYPE,CHANNELS,YT_PROTOCOL_TYPE) values(340932, 4, 34932, '1014931', 'B0000808',1,'1076测试服务器','4',8,'0');
insert into V_VEHICLEINFO (ORG_CODE,VEHICLE_ID,ID_NUMBER,TYPE_ID,TERMINAL_ID,DELETE_FLAG,COLOR_ID_NUMBER_ID,AUTHORIZED_PAY_MASS) values ('B0000808','3400932', '测B14931', 4, 340932, 0, '2',15);

insert into T_SIMINFO (SIM_ID, ORG_CODE, DEPTCODE, STATE,PAY_MODLE, SIM_NUM) values(34933, 'B0000808', '中国移动', 1, '预付费', 13100014932);
insert into T_TERMINALINFO (TERMINAL_ID,TTYPE_ID,SIM_ID,TERMINAL_CODE,ORG_CODE,IS_VIDEO_TERMINAL,SP_SERVER_NAME,PROTOCOL_TYPE,CHANNELS,YT_PROTOCOL_TYPE) values(340933, 4, 34933, '1014932', 'B0000808',1,'1076测试服务器','4',8,'0');
insert into V_VEHICLEINFO (ORG_CODE,VEHICLE_ID,ID_NUMBER,TYPE_ID,TERMINAL_ID,DELETE_FLAG,COLOR_ID_NUMBER_ID,AUTHORIZED_PAY_MASS) values ('B0000808','3400933', '测B14932', 4, 340933, 0, '2',15);

insert into T_SIMINFO (SIM_ID, ORG_CODE, DEPTCODE, STATE,PAY_MODLE, SIM_NUM) values(34934, 'B0000808', '中国移动', 1, '预付费', 13100014933);
insert into T_TERMINALINFO (TERMINAL_ID,TTYPE_ID,SIM_ID,TERMINAL_CODE,ORG_CODE,IS_VIDEO_TERMINAL,SP_SERVER_NAME,PROTOCOL_TYPE,CHANNELS,YT_PROTOCOL_TYPE) values(340934, 4, 34934, '1014933', 'B0000808',1,'1076测试服务器','4',8,'0');
insert into V_VEHICLEINFO (ORG_CODE,VEHICLE_ID,ID_NUMBER,TYPE_ID,TERMINAL_ID,DELETE_FLAG,COLOR_ID_NUMBER_ID,AUTHORIZED_PAY_MASS) values ('B0000808','3400934', '测B14933', 4, 340934, 0, '2',15);

insert into T_SIMINFO (SIM_ID, ORG_CODE, DEPTCODE, STATE,PAY_MODLE, SIM_NUM) values(34935, 'B0000808', '中国移动', 1, '预付费', 13100014934);
insert into T_TERMINALINFO (TERMINAL_ID,TTYPE_ID,SIM_ID,TERMINAL_CODE,ORG_CODE,IS_VIDEO_TERMINAL,SP_SERVER_NAME,PROTOCOL_TYPE,CHANNELS,YT_PROTOCOL_TYPE) values(340935, 4, 34935, '1014934', 'B0000808',1,'1076测试服务器','4',8,'0');
insert into V_VEHICLEINFO (ORG_CODE,VEHICLE_ID,ID_NUMBER,TYPE_ID,TERMINAL_ID,DELETE_FLAG,COLOR_ID_NUMBER_ID,AUTHORIZED_PAY_MASS) values ('B0000808','3400935', '测B14934', 4, 340935, 0, '2',15);

insert into T_SIMINFO (SIM_ID, ORG_CODE, DEPTCODE, STATE,PAY_MODLE, SIM_NUM) values(34936, 'B0000808', '中国移动', 1, '预付费', 13100014935);
insert into T_TERMINALINFO (TERMINAL_ID,TTYPE_ID,SIM_ID,TERMINAL_CODE,ORG_CODE,IS_VIDEO_TERMINAL,SP_SERVER_NAME,PROTOCOL_TYPE,CHANNELS,YT_PROTOCOL_TYPE) values(340936, 4, 34936, '1014935', 'B0000808',1,'1076测试服务器','4',8,'0');
insert into V_VEHICLEINFO (ORG_CODE,VEHICLE_ID,ID_NUMBER,TYPE_ID,TERMINAL_ID,DELETE_FLAG,COLOR_ID_NUMBER_ID,AUTHORIZED_PAY_MASS) values ('B0000808','3400936', '测B14935', 4, 340936, 0, '2',15);

insert into T_SIMINFO (SIM_ID, ORG_CODE, DEPTCODE, STATE,PAY_MODLE, SIM_NUM) values(34937, 'B0000808', '中国移动', 1, '预付费', 13100014936);
insert into T_TERMINALINFO (TERMINAL_ID,TTYPE_ID,SIM_ID,TERMINAL_CODE,ORG_CODE,IS_VIDEO_TERMINAL,SP_SERVER_NAME,PROTOCOL_TYPE,CHANNELS,YT_PROTOCOL_TYPE) values(340937, 4, 34937, '1014936', 'B0000808',1,'1076测试服务器','4',8,'0');
insert into V_VEHICLEINFO (ORG_CODE,VEHICLE_ID,ID_NUMBER,TYPE_ID,TERMINAL_ID,DELETE_FLAG,COLOR_ID_NUMBER_ID,AUTHORIZED_PAY_MASS) values ('B0000808','3400937', '测B14936', 4, 340937, 0, '2',15);

insert into T_SIMINFO (SIM_ID, ORG_CODE, DEPTCODE, STATE,PAY_MODLE, SIM_NUM) values(34938, 'B0000808', '中国移动', 1, '预付费', 13100014937);
insert into T_TERMINALINFO (TERMINAL_ID,TTYPE_ID,SIM_ID,TERMINAL_CODE,ORG_CODE,IS_VIDEO_TERMINAL,SP_SERVER_NAME,PROTOCOL_TYPE,CHANNELS,YT_PROTOCOL_TYPE) values(340938, 4, 34938, '1014937', 'B0000808',1,'1076测试服务器','4',8,'0');
insert into V_VEHICLEINFO (ORG_CODE,VEHICLE_ID,ID_NUMBER,TYPE_ID,TERMINAL_ID,DELETE_FLAG,COLOR_ID_NUMBER_ID,AUTHORIZED_PAY_MASS) values ('B0000808','3400938', '测B14937', 4, 340938, 0, '2',15);

insert into T_SIMINFO (SIM_ID, ORG_CODE, DEPTCODE, STATE,PAY_MODLE, SIM_NUM) values(34939, 'B0000808', '中国移动', 1, '预付费', 13100014938);
insert into T_TERMINALINFO (TERMINAL_ID,TTYPE_ID,SIM_ID,TERMINAL_CODE,ORG_CODE,IS_VIDEO_TERMINAL,SP_SERVER_NAME,PROTOCOL_TYPE,CHANNELS,YT_PROTOCOL_TYPE) values(340939, 4, 34939, '1014938', 'B0000808',1,'1076测试服务器','4',8,'0');
insert into V_VEHICLEINFO (ORG_CODE,VEHICLE_ID,ID_NUMBER,TYPE_ID,TERMINAL_ID,DELETE_FLAG,COLOR_ID_NUMBER_ID,AUTHORIZED_PAY_MASS) values ('B0000808','3400939', '测B14938', 4, 340939, 0, '2',15);

insert into T_SIMINFO (SIM_ID, ORG_CODE, DEPTCODE, STATE,PAY_MODLE, SIM_NUM) values(34940, 'B0000808', '中国移动', 1, '预付费', 13100014939);
insert into T_TERMINALINFO (TERMINAL_ID,TTYPE_ID,SIM_ID,TERMINAL_CODE,ORG_CODE,IS_VIDEO_TERMINAL,SP_SERVER_NAME,PROTOCOL_TYPE,CHANNELS,YT_PROTOCOL_TYPE) values(340940, 4, 34940, '1014939', 'B0000808',1,'1076测试服务器','4',8,'0');
insert into V_VEHICLEINFO (ORG_CODE,VEHICLE_ID,ID_NUMBER,TYPE_ID,TERMINAL_ID,DELETE_FLAG,COLOR_ID_NUMBER_ID,AUTHORIZED_PAY_MASS) values ('B0000808','3400940', '测B14939', 4, 340940, 0, '2',15);

insert into T_SIMINFO (SIM_ID, ORG_CODE, DEPTCODE, STATE,PAY_MODLE, SIM_NUM) values(34941, 'B0000808', '中国移动', 1, '预付费', 13100014940);
insert into T_TERMINALINFO (TERMINAL_ID,TTYPE_ID,SIM_ID,TERMINAL_CODE,ORG_CODE,IS_VIDEO_TERMINAL,SP_SERVER_NAME,PROTOCOL_TYPE,CHANNELS,YT_PROTOCOL_TYPE) values(340941, 4, 34941, '1014940', 'B0000808',1,'1076测试服务器','4',8,'0');
insert into V_VEHICLEINFO (ORG_CODE,VEHICLE_ID,ID_NUMBER,TYPE_ID,TERMINAL_ID,DELETE_FLAG,COLOR_ID_NUMBER_ID,AUTHORIZED_PAY_MASS) values ('B0000808','3400941', '测B14940', 4, 340941, 0, '2',15);

insert into T_SIMINFO (SIM_ID, ORG_CODE, DEPTCODE, STATE,PAY_MODLE, SIM_NUM) values(34942, 'B0000808', '中国移动', 1, '预付费', 13100014941);
insert into T_TERMINALINFO (TERMINAL_ID,TTYPE_ID,SIM_ID,TERMINAL_CODE,ORG_CODE,IS_VIDEO_TERMINAL,SP_SERVER_NAME,PROTOCOL_TYPE,CHANNELS,YT_PROTOCOL_TYPE) values(340942, 4, 34942, '1014941', 'B0000808',1,'1076测试服务器','4',8,'0');
insert into V_VEHICLEINFO (ORG_CODE,VEHICLE_ID,ID_NUMBER,TYPE_ID,TERMINAL_ID,DELETE_FLAG,COLOR_ID_NUMBER_ID,AUTHORIZED_PAY_MASS) values ('B0000808','3400942', '测B14941', 4, 340942, 0, '2',15);

insert into T_SIMINFO (SIM_ID, ORG_CODE, DEPTCODE, STATE,PAY_MODLE, SIM_NUM) values(34943, 'B0000808', '中国移动', 1, '预付费', 13100014942);
insert into T_TERMINALINFO (TERMINAL_ID,TTYPE_ID,SIM_ID,TERMINAL_CODE,ORG_CODE,IS_VIDEO_TERMINAL,SP_SERVER_NAME,PROTOCOL_TYPE,CHANNELS,YT_PROTOCOL_TYPE) values(340943, 4, 34943, '1014942', 'B0000808',1,'1076测试服务器','4',8,'0');
insert into V_VEHICLEINFO (ORG_CODE,VEHICLE_ID,ID_NUMBER,TYPE_ID,TERMINAL_ID,DELETE_FLAG,COLOR_ID_NUMBER_ID,AUTHORIZED_PAY_MASS) values ('B0000808','3400943', '测B14942', 4, 340943, 0, '2',15);

insert into T_SIMINFO (SIM_ID, ORG_CODE, DEPTCODE, STATE,PAY_MODLE, SIM_NUM) values(34944, 'B0000808', '中国移动', 1, '预付费', 13100014943);
insert into T_TERMINALINFO (TERMINAL_ID,TTYPE_ID,SIM_ID,TERMINAL_CODE,ORG_CODE,IS_VIDEO_TERMINAL,SP_SERVER_NAME,PROTOCOL_TYPE,CHANNELS,YT_PROTOCOL_TYPE) values(340944, 4, 34944, '1014943', 'B0000808',1,'1076测试服务器','4',8,'0');
insert into V_VEHICLEINFO (ORG_CODE,VEHICLE_ID,ID_NUMBER,TYPE_ID,TERMINAL_ID,DELETE_FLAG,COLOR_ID_NUMBER_ID,AUTHORIZED_PAY_MASS) values ('B0000808','3400944', '测B14943', 4, 340944, 0, '2',15);

insert into T_SIMINFO (SIM_ID, ORG_CODE, DEPTCODE, STATE,PAY_MODLE, SIM_NUM) values(34945, 'B0000808', '中国移动', 1, '预付费', 13100014944);
insert into T_TERMINALINFO (TERMINAL_ID,TTYPE_ID,SIM_ID,TERMINAL_CODE,ORG_CODE,IS_VIDEO_TERMINAL,SP_SERVER_NAME,PROTOCOL_TYPE,CHANNELS,YT_PROTOCOL_TYPE) values(340945, 4, 34945, '1014944', 'B0000808',1,'1076测试服务器','4',8,'0');
insert into V_VEHICLEINFO (ORG_CODE,VEHICLE_ID,ID_NUMBER,TYPE_ID,TERMINAL_ID,DELETE_FLAG,COLOR_ID_NUMBER_ID,AUTHORIZED_PAY_MASS) values ('B0000808','3400945', '测B14944', 4, 340945, 0, '2',15);

insert into T_SIMINFO (SIM_ID, ORG_CODE, DEPTCODE, STATE,PAY_MODLE, SIM_NUM) values(34946, 'B0000808', '中国移动', 1, '预付费', 13100014945);
insert into T_TERMINALINFO (TERMINAL_ID,TTYPE_ID,SIM_ID,TERMINAL_CODE,ORG_CODE,IS_VIDEO_TERMINAL,SP_SERVER_NAME,PROTOCOL_TYPE,CHANNELS,YT_PROTOCOL_TYPE) values(340946, 4, 34946, '1014945', 'B0000808',1,'1076测试服务器','4',8,'0');
insert into V_VEHICLEINFO (ORG_CODE,VEHICLE_ID,ID_NUMBER,TYPE_ID,TERMINAL_ID,DELETE_FLAG,COLOR_ID_NUMBER_ID,AUTHORIZED_PAY_MASS) values ('B0000808','3400946', '测B14945', 4, 340946, 0, '2',15);

insert into T_SIMINFO (SIM_ID, ORG_CODE, DEPTCODE, STATE,PAY_MODLE, SIM_NUM) values(34947, 'B0000808', '中国移动', 1, '预付费', 13100014946);
insert into T_TERMINALINFO (TERMINAL_ID,TTYPE_ID,SIM_ID,TERMINAL_CODE,ORG_CODE,IS_VIDEO_TERMINAL,SP_SERVER_NAME,PROTOCOL_TYPE,CHANNELS,YT_PROTOCOL_TYPE) values(340947, 4, 34947, '1014946', 'B0000808',1,'1076测试服务器','4',8,'0');
insert into V_VEHICLEINFO (ORG_CODE,VEHICLE_ID,ID_NUMBER,TYPE_ID,TERMINAL_ID,DELETE_FLAG,COLOR_ID_NUMBER_ID,AUTHORIZED_PAY_MASS) values ('B0000808','3400947', '测B14946', 4, 340947, 0, '2',15);

insert into T_SIMINFO (SIM_ID, ORG_CODE, DEPTCODE, STATE,PAY_MODLE, SIM_NUM) values(34948, 'B0000808', '中国移动', 1, '预付费', 13100014947);
insert into T_TERMINALINFO (TERMINAL_ID,TTYPE_ID,SIM_ID,TERMINAL_CODE,ORG_CODE,IS_VIDEO_TERMINAL,SP_SERVER_NAME,PROTOCOL_TYPE,CHANNELS,YT_PROTOCOL_TYPE) values(340948, 4, 34948, '1014947', 'B0000808',1,'1076测试服务器','4',8,'0');
insert into V_VEHICLEINFO (ORG_CODE,VEHICLE_ID,ID_NUMBER,TYPE_ID,TERMINAL_ID,DELETE_FLAG,COLOR_ID_NUMBER_ID,AUTHORIZED_PAY_MASS) values ('B0000808','3400948', '测B14947', 4, 340948, 0, '2',15);

insert into T_SIMINFO (SIM_ID, ORG_CODE, DEPTCODE, STATE,PAY_MODLE, SIM_NUM) values(34949, 'B0000808', '中国移动', 1, '预付费', 13100014948);
insert into T_TERMINALINFO (TERMINAL_ID,TTYPE_ID,SIM_ID,TERMINAL_CODE,ORG_CODE,IS_VIDEO_TERMINAL,SP_SERVER_NAME,PROTOCOL_TYPE,CHANNELS,YT_PROTOCOL_TYPE) values(340949, 4, 34949, '1014948', 'B0000808',1,'1076测试服务器','4',8,'0');
insert into V_VEHICLEINFO (ORG_CODE,VEHICLE_ID,ID_NUMBER,TYPE_ID,TERMINAL_ID,DELETE_FLAG,COLOR_ID_NUMBER_ID,AUTHORIZED_PAY_MASS) values ('B0000808','3400949', '测B14948', 4, 340949, 0, '2',15);

insert into T_SIMINFO (SIM_ID, ORG_CODE, DEPTCODE, STATE,PAY_MODLE, SIM_NUM) values(34950, 'B0000808', '中国移动', 1, '预付费', 13100014949);
insert into T_TERMINALINFO (TERMINAL_ID,TTYPE_ID,SIM_ID,TERMINAL_CODE,ORG_CODE,IS_VIDEO_TERMINAL,SP_SERVER_NAME,PROTOCOL_TYPE,CHANNELS,YT_PROTOCOL_TYPE) values(340950, 4, 34950, '1014949', 'B0000808',1,'1076测试服务器','4',8,'0');
insert into V_VEHICLEINFO (ORG_CODE,VEHICLE_ID,ID_NUMBER,TYPE_ID,TERMINAL_ID,DELETE_FLAG,COLOR_ID_NUMBER_ID,AUTHORIZED_PAY_MASS) values ('B0000808','3400950', '测B14949', 4, 340950, 0, '2',15);

insert into T_SIMINFO (SIM_ID, ORG_CODE, DEPTCODE, STATE,PAY_MODLE, SIM_NUM) values(34951, 'B0000808', '中国移动', 1, '预付费', 13100014950);
insert into T_TERMINALINFO (TERMINAL_ID,TTYPE_ID,SIM_ID,TERMINAL_CODE,ORG_CODE,IS_VIDEO_TERMINAL,SP_SERVER_NAME,PROTOCOL_TYPE,CHANNELS,YT_PROTOCOL_TYPE) values(340951, 4, 34951, '1014950', 'B0000808',1,'1076测试服务器','4',8,'0');
insert into V_VEHICLEINFO (ORG_CODE,VEHICLE_ID,ID_NUMBER,TYPE_ID,TERMINAL_ID,DELETE_FLAG,COLOR_ID_NUMBER_ID,AUTHORIZED_PAY_MASS) values ('B0000808','3400951', '测B14950', 4, 340951, 0, '2',15);

insert into T_SIMINFO (SIM_ID, ORG_CODE, DEPTCODE, STATE,PAY_MODLE, SIM_NUM) values(34952, 'B0000808', '中国移动', 1, '预付费', 13100014951);
insert into T_TERMINALINFO (TERMINAL_ID,TTYPE_ID,SIM_ID,TERMINAL_CODE,ORG_CODE,IS_VIDEO_TERMINAL,SP_SERVER_NAME,PROTOCOL_TYPE,CHANNELS,YT_PROTOCOL_TYPE) values(340952, 4, 34952, '1014951', 'B0000808',1,'1076测试服务器','4',8,'0');
insert into V_VEHICLEINFO (ORG_CODE,VEHICLE_ID,ID_NUMBER,TYPE_ID,TERMINAL_ID,DELETE_FLAG,COLOR_ID_NUMBER_ID,AUTHORIZED_PAY_MASS) values ('B0000808','3400952', '测B14951', 4, 340952, 0, '2',15);

insert into T_SIMINFO (SIM_ID, ORG_CODE, DEPTCODE, STATE,PAY_MODLE, SIM_NUM) values(34953, 'B0000808', '中国移动', 1, '预付费', 13100014952);
insert into T_TERMINALINFO (TERMINAL_ID,TTYPE_ID,SIM_ID,TERMINAL_CODE,ORG_CODE,IS_VIDEO_TERMINAL,SP_SERVER_NAME,PROTOCOL_TYPE,CHANNELS,YT_PROTOCOL_TYPE) values(340953, 4, 34953, '1014952', 'B0000808',1,'1076测试服务器','4',8,'0');
insert into V_VEHICLEINFO (ORG_CODE,VEHICLE_ID,ID_NUMBER,TYPE_ID,TERMINAL_ID,DELETE_FLAG,COLOR_ID_NUMBER_ID,AUTHORIZED_PAY_MASS) values ('B0000808','3400953', '测B14952', 4, 340953, 0, '2',15);

insert into T_SIMINFO (SIM_ID, ORG_CODE, DEPTCODE, STATE,PAY_MODLE, SIM_NUM) values(34954, 'B0000808', '中国移动', 1, '预付费', 13100014953);
insert into T_TERMINALINFO (TERMINAL_ID,TTYPE_ID,SIM_ID,TERMINAL_CODE,ORG_CODE,IS_VIDEO_TERMINAL,SP_SERVER_NAME,PROTOCOL_TYPE,CHANNELS,YT_PROTOCOL_TYPE) values(340954, 4, 34954, '1014953', 'B0000808',1,'1076测试服务器','4',8,'0');
insert into V_VEHICLEINFO (ORG_CODE,VEHICLE_ID,ID_NUMBER,TYPE_ID,TERMINAL_ID,DELETE_FLAG,COLOR_ID_NUMBER_ID,AUTHORIZED_PAY_MASS) values ('B0000808','3400954', '测B14953', 4, 340954, 0, '2',15);

insert into T_SIMINFO (SIM_ID, ORG_CODE, DEPTCODE, STATE,PAY_MODLE, SIM_NUM) values(34955, 'B0000808', '中国移动', 1, '预付费', 13100014954);
insert into T_TERMINALINFO (TERMINAL_ID,TTYPE_ID,SIM_ID,TERMINAL_CODE,ORG_CODE,IS_VIDEO_TERMINAL,SP_SERVER_NAME,PROTOCOL_TYPE,CHANNELS,YT_PROTOCOL_TYPE) values(340955, 4, 34955, '1014954', 'B0000808',1,'1076测试服务器','4',8,'0');
insert into V_VEHICLEINFO (ORG_CODE,VEHICLE_ID,ID_NUMBER,TYPE_ID,TERMINAL_ID,DELETE_FLAG,COLOR_ID_NUMBER_ID,AUTHORIZED_PAY_MASS) values ('B0000808','3400955', '测B14954', 4, 340955, 0, '2',15);

insert into T_SIMINFO (SIM_ID, ORG_CODE, DEPTCODE, STATE,PAY_MODLE, SIM_NUM) values(34956, 'B0000808', '中国移动', 1, '预付费', 13100014955);
insert into T_TERMINALINFO (TERMINAL_ID,TTYPE_ID,SIM_ID,TERMINAL_CODE,ORG_CODE,IS_VIDEO_TERMINAL,SP_SERVER_NAME,PROTOCOL_TYPE,CHANNELS,YT_PROTOCOL_TYPE) values(340956, 4, 34956, '1014955', 'B0000808',1,'1076测试服务器','4',8,'0');
insert into V_VEHICLEINFO (ORG_CODE,VEHICLE_ID,ID_NUMBER,TYPE_ID,TERMINAL_ID,DELETE_FLAG,COLOR_ID_NUMBER_ID,AUTHORIZED_PAY_MASS) values ('B0000808','3400956', '测B14955', 4, 340956, 0, '2',15);

insert into T_SIMINFO (SIM_ID, ORG_CODE, DEPTCODE, STATE,PAY_MODLE, SIM_NUM) values(34957, 'B0000808', '中国移动', 1, '预付费', 13100014956);
insert into T_TERMINALINFO (TERMINAL_ID,TTYPE_ID,SIM_ID,TERMINAL_CODE,ORG_CODE,IS_VIDEO_TERMINAL,SP_SERVER_NAME,PROTOCOL_TYPE,CHANNELS,YT_PROTOCOL_TYPE) values(340957, 4, 34957, '1014956', 'B0000808',1,'1076测试服务器','4',8,'0');
insert into V_VEHICLEINFO (ORG_CODE,VEHICLE_ID,ID_NUMBER,TYPE_ID,TERMINAL_ID,DELETE_FLAG,COLOR_ID_NUMBER_ID,AUTHORIZED_PAY_MASS) values ('B0000808','3400957', '测B14956', 4, 340957, 0, '2',15);

insert into T_SIMINFO (SIM_ID, ORG_CODE, DEPTCODE, STATE,PAY_MODLE, SIM_NUM) values(34958, 'B0000808', '中国移动', 1, '预付费', 13100014957);
insert into T_TERMINALINFO (TERMINAL_ID,TTYPE_ID,SIM_ID,TERMINAL_CODE,ORG_CODE,IS_VIDEO_TERMINAL,SP_SERVER_NAME,PROTOCOL_TYPE,CHANNELS,YT_PROTOCOL_TYPE) values(340958, 4, 34958, '1014957', 'B0000808',1,'1076测试服务器','4',8,'0');
insert into V_VEHICLEINFO (ORG_CODE,VEHICLE_ID,ID_NUMBER,TYPE_ID,TERMINAL_ID,DELETE_FLAG,COLOR_ID_NUMBER_ID,AUTHORIZED_PAY_MASS) values ('B0000808','3400958', '测B14957', 4, 340958, 0, '2',15);

insert into T_SIMINFO (SIM_ID, ORG_CODE, DEPTCODE, STATE,PAY_MODLE, SIM_NUM) values(34959, 'B0000808', '中国移动', 1, '预付费', 13100014958);
insert into T_TERMINALINFO (TERMINAL_ID,TTYPE_ID,SIM_ID,TERMINAL_CODE,ORG_CODE,IS_VIDEO_TERMINAL,SP_SERVER_NAME,PROTOCOL_TYPE,CHANNELS,YT_PROTOCOL_TYPE) values(340959, 4, 34959, '1014958', 'B0000808',1,'1076测试服务器','4',8,'0');
insert into V_VEHICLEINFO (ORG_CODE,VEHICLE_ID,ID_NUMBER,TYPE_ID,TERMINAL_ID,DELETE_FLAG,COLOR_ID_NUMBER_ID,AUTHORIZED_PAY_MASS) values ('B0000808','3400959', '测B14958', 4, 340959, 0, '2',15);

insert into T_SIMINFO (SIM_ID, ORG_CODE, DEPTCODE, STATE,PAY_MODLE, SIM_NUM) values(34960, 'B0000808', '中国移动', 1, '预付费', 13100014959);
insert into T_TERMINALINFO (TERMINAL_ID,TTYPE_ID,SIM_ID,TERMINAL_CODE,ORG_CODE,IS_VIDEO_TERMINAL,SP_SERVER_NAME,PROTOCOL_TYPE,CHANNELS,YT_PROTOCOL_TYPE) values(340960, 4, 34960, '1014959', 'B0000808',1,'1076测试服务器','4',8,'0');
insert into V_VEHICLEINFO (ORG_CODE,VEHICLE_ID,ID_NUMBER,TYPE_ID,TERMINAL_ID,DELETE_FLAG,COLOR_ID_NUMBER_ID,AUTHORIZED_PAY_MASS) values ('B0000808','3400960', '测B14959', 4, 340960, 0, '2',15);

insert into T_SIMINFO (SIM_ID, ORG_CODE, DEPTCODE, STATE,PAY_MODLE, SIM_NUM) values(34961, 'B0000808', '中国移动', 1, '预付费', 13100014960);
insert into T_TERMINALINFO (TERMINAL_ID,TTYPE_ID,SIM_ID,TERMINAL_CODE,ORG_CODE,IS_VIDEO_TERMINAL,SP_SERVER_NAME,PROTOCOL_TYPE,CHANNELS,YT_PROTOCOL_TYPE) values(340961, 4, 34961, '1014960', 'B0000808',1,'1076测试服务器','4',8,'0');
insert into V_VEHICLEINFO (ORG_CODE,VEHICLE_ID,ID_NUMBER,TYPE_ID,TERMINAL_ID,DELETE_FLAG,COLOR_ID_NUMBER_ID,AUTHORIZED_PAY_MASS) values ('B0000808','3400961', '测B14960', 4, 340961, 0, '2',15);

insert into T_SIMINFO (SIM_ID, ORG_CODE, DEPTCODE, STATE,PAY_MODLE, SIM_NUM) values(34962, 'B0000808', '中国移动', 1, '预付费', 13100014961);
insert into T_TERMINALINFO (TERMINAL_ID,TTYPE_ID,SIM_ID,TERMINAL_CODE,ORG_CODE,IS_VIDEO_TERMINAL,SP_SERVER_NAME,PROTOCOL_TYPE,CHANNELS,YT_PROTOCOL_TYPE) values(340962, 4, 34962, '1014961', 'B0000808',1,'1076测试服务器','4',8,'0');
insert into V_VEHICLEINFO (ORG_CODE,VEHICLE_ID,ID_NUMBER,TYPE_ID,TERMINAL_ID,DELETE_FLAG,COLOR_ID_NUMBER_ID,AUTHORIZED_PAY_MASS) values ('B0000808','3400962', '测B14961', 4, 340962, 0, '2',15);

insert into T_SIMINFO (SIM_ID, ORG_CODE, DEPTCODE, STATE,PAY_MODLE, SIM_NUM) values(34963, 'B0000808', '中国移动', 1, '预付费', 13100014962);
insert into T_TERMINALINFO (TERMINAL_ID,TTYPE_ID,SIM_ID,TERMINAL_CODE,ORG_CODE,IS_VIDEO_TERMINAL,SP_SERVER_NAME,PROTOCOL_TYPE,CHANNELS,YT_PROTOCOL_TYPE) values(340963, 4, 34963, '1014962', 'B0000808',1,'1076测试服务器','4',8,'0');
insert into V_VEHICLEINFO (ORG_CODE,VEHICLE_ID,ID_NUMBER,TYPE_ID,TERMINAL_ID,DELETE_FLAG,COLOR_ID_NUMBER_ID,AUTHORIZED_PAY_MASS) values ('B0000808','3400963', '测B14962', 4, 340963, 0, '2',15);

insert into T_SIMINFO (SIM_ID, ORG_CODE, DEPTCODE, STATE,PAY_MODLE, SIM_NUM) values(34964, 'B0000808', '中国移动', 1, '预付费', 13100014963);
insert into T_TERMINALINFO (TERMINAL_ID,TTYPE_ID,SIM_ID,TERMINAL_CODE,ORG_CODE,IS_VIDEO_TERMINAL,SP_SERVER_NAME,PROTOCOL_TYPE,CHANNELS,YT_PROTOCOL_TYPE) values(340964, 4, 34964, '1014963', 'B0000808',1,'1076测试服务器','4',8,'0');
insert into V_VEHICLEINFO (ORG_CODE,VEHICLE_ID,ID_NUMBER,TYPE_ID,TERMINAL_ID,DELETE_FLAG,COLOR_ID_NUMBER_ID,AUTHORIZED_PAY_MASS) values ('B0000808','3400964', '测B14963', 4, 340964, 0, '2',15);

insert into T_SIMINFO (SIM_ID, ORG_CODE, DEPTCODE, STATE,PAY_MODLE, SIM_NUM) values(34965, 'B0000808', '中国移动', 1, '预付费', 13100014964);
insert into T_TERMINALINFO (TERMINAL_ID,TTYPE_ID,SIM_ID,TERMINAL_CODE,ORG_CODE,IS_VIDEO_TERMINAL,SP_SERVER_NAME,PROTOCOL_TYPE,CHANNELS,YT_PROTOCOL_TYPE) values(340965, 4, 34965, '1014964', 'B0000808',1,'1076测试服务器','4',8,'0');
insert into V_VEHICLEINFO (ORG_CODE,VEHICLE_ID,ID_NUMBER,TYPE_ID,TERMINAL_ID,DELETE_FLAG,COLOR_ID_NUMBER_ID,AUTHORIZED_PAY_MASS) values ('B0000808','3400965', '测B14964', 4, 340965, 0, '2',15);

insert into T_SIMINFO (SIM_ID, ORG_CODE, DEPTCODE, STATE,PAY_MODLE, SIM_NUM) values(34966, 'B0000808', '中国移动', 1, '预付费', 13100014965);
insert into T_TERMINALINFO (TERMINAL_ID,TTYPE_ID,SIM_ID,TERMINAL_CODE,ORG_CODE,IS_VIDEO_TERMINAL,SP_SERVER_NAME,PROTOCOL_TYPE,CHANNELS,YT_PROTOCOL_TYPE) values(340966, 4, 34966, '1014965', 'B0000808',1,'1076测试服务器','4',8,'0');
insert into V_VEHICLEINFO (ORG_CODE,VEHICLE_ID,ID_NUMBER,TYPE_ID,TERMINAL_ID,DELETE_FLAG,COLOR_ID_NUMBER_ID,AUTHORIZED_PAY_MASS) values ('B0000808','3400966', '测B14965', 4, 340966, 0, '2',15);

insert into T_SIMINFO (SIM_ID, ORG_CODE, DEPTCODE, STATE,PAY_MODLE, SIM_NUM) values(34967, 'B0000808', '中国移动', 1, '预付费', 13100014966);
insert into T_TERMINALINFO (TERMINAL_ID,TTYPE_ID,SIM_ID,TERMINAL_CODE,ORG_CODE,IS_VIDEO_TERMINAL,SP_SERVER_NAME,PROTOCOL_TYPE,CHANNELS,YT_PROTOCOL_TYPE) values(340967, 4, 34967, '1014966', 'B0000808',1,'1076测试服务器','4',8,'0');
insert into V_VEHICLEINFO (ORG_CODE,VEHICLE_ID,ID_NUMBER,TYPE_ID,TERMINAL_ID,DELETE_FLAG,COLOR_ID_NUMBER_ID,AUTHORIZED_PAY_MASS) values ('B0000808','3400967', '测B14966', 4, 340967, 0, '2',15);

insert into T_SIMINFO (SIM_ID, ORG_CODE, DEPTCODE, STATE,PAY_MODLE, SIM_NUM) values(34968, 'B0000808', '中国移动', 1, '预付费', 13100014967);
insert into T_TERMINALINFO (TERMINAL_ID,TTYPE_ID,SIM_ID,TERMINAL_CODE,ORG_CODE,IS_VIDEO_TERMINAL,SP_SERVER_NAME,PROTOCOL_TYPE,CHANNELS,YT_PROTOCOL_TYPE) values(340968, 4, 34968, '1014967', 'B0000808',1,'1076测试服务器','4',8,'0');
insert into V_VEHICLEINFO (ORG_CODE,VEHICLE_ID,ID_NUMBER,TYPE_ID,TERMINAL_ID,DELETE_FLAG,COLOR_ID_NUMBER_ID,AUTHORIZED_PAY_MASS) values ('B0000808','3400968', '测B14967', 4, 340968, 0, '2',15);

insert into T_SIMINFO (SIM_ID, ORG_CODE, DEPTCODE, STATE,PAY_MODLE, SIM_NUM) values(34969, 'B0000808', '中国移动', 1, '预付费', 13100014968);
insert into T_TERMINALINFO (TERMINAL_ID,TTYPE_ID,SIM_ID,TERMINAL_CODE,ORG_CODE,IS_VIDEO_TERMINAL,SP_SERVER_NAME,PROTOCOL_TYPE,CHANNELS,YT_PROTOCOL_TYPE) values(340969, 4, 34969, '1014968', 'B0000808',1,'1076测试服务器','4',8,'0');
insert into V_VEHICLEINFO (ORG_CODE,VEHICLE_ID,ID_NUMBER,TYPE_ID,TERMINAL_ID,DELETE_FLAG,COLOR_ID_NUMBER_ID,AUTHORIZED_PAY_MASS) values ('B0000808','3400969', '测B14968', 4, 340969, 0, '2',15);

insert into T_SIMINFO (SIM_ID, ORG_CODE, DEPTCODE, STATE,PAY_MODLE, SIM_NUM) values(34970, 'B0000808', '中国移动', 1, '预付费', 13100014969);
insert into T_TERMINALINFO (TERMINAL_ID,TTYPE_ID,SIM_ID,TERMINAL_CODE,ORG_CODE,IS_VIDEO_TERMINAL,SP_SERVER_NAME,PROTOCOL_TYPE,CHANNELS,YT_PROTOCOL_TYPE) values(340970, 4, 34970, '1014969', 'B0000808',1,'1076测试服务器','4',8,'0');
insert into V_VEHICLEINFO (ORG_CODE,VEHICLE_ID,ID_NUMBER,TYPE_ID,TERMINAL_ID,DELETE_FLAG,COLOR_ID_NUMBER_ID,AUTHORIZED_PAY_MASS) values ('B0000808','3400970', '测B14969', 4, 340970, 0, '2',15);

insert into T_SIMINFO (SIM_ID, ORG_CODE, DEPTCODE, STATE,PAY_MODLE, SIM_NUM) values(34971, 'B0000808', '中国移动', 1, '预付费', 13100014970);
insert into T_TERMINALINFO (TERMINAL_ID,TTYPE_ID,SIM_ID,TERMINAL_CODE,ORG_CODE,IS_VIDEO_TERMINAL,SP_SERVER_NAME,PROTOCOL_TYPE,CHANNELS,YT_PROTOCOL_TYPE) values(340971, 4, 34971, '1014970', 'B0000808',1,'1076测试服务器','4',8,'0');
insert into V_VEHICLEINFO (ORG_CODE,VEHICLE_ID,ID_NUMBER,TYPE_ID,TERMINAL_ID,DELETE_FLAG,COLOR_ID_NUMBER_ID,AUTHORIZED_PAY_MASS) values ('B0000808','3400971', '测B14970', 4, 340971, 0, '2',15);

insert into T_SIMINFO (SIM_ID, ORG_CODE, DEPTCODE, STATE,PAY_MODLE, SIM_NUM) values(34972, 'B0000808', '中国移动', 1, '预付费', 13100014971);
insert into T_TERMINALINFO (TERMINAL_ID,TTYPE_ID,SIM_ID,TERMINAL_CODE,ORG_CODE,IS_VIDEO_TERMINAL,SP_SERVER_NAME,PROTOCOL_TYPE,CHANNELS,YT_PROTOCOL_TYPE) values(340972, 4, 34972, '1014971', 'B0000808',1,'1076测试服务器','4',8,'0');
insert into V_VEHICLEINFO (ORG_CODE,VEHICLE_ID,ID_NUMBER,TYPE_ID,TERMINAL_ID,DELETE_FLAG,COLOR_ID_NUMBER_ID,AUTHORIZED_PAY_MASS) values ('B0000808','3400972', '测B14971', 4, 340972, 0, '2',15);

insert into T_SIMINFO (SIM_ID, ORG_CODE, DEPTCODE, STATE,PAY_MODLE, SIM_NUM) values(34973, 'B0000808', '中国移动', 1, '预付费', 13100014972);
insert into T_TERMINALINFO (TERMINAL_ID,TTYPE_ID,SIM_ID,TERMINAL_CODE,ORG_CODE,IS_VIDEO_TERMINAL,SP_SERVER_NAME,PROTOCOL_TYPE,CHANNELS,YT_PROTOCOL_TYPE) values(340973, 4, 34973, '1014972', 'B0000808',1,'1076测试服务器','4',8,'0');
insert into V_VEHICLEINFO (ORG_CODE,VEHICLE_ID,ID_NUMBER,TYPE_ID,TERMINAL_ID,DELETE_FLAG,COLOR_ID_NUMBER_ID,AUTHORIZED_PAY_MASS) values ('B0000808','3400973', '测B14972', 4, 340973, 0, '2',15);

insert into T_SIMINFO (SIM_ID, ORG_CODE, DEPTCODE, STATE,PAY_MODLE, SIM_NUM) values(34974, 'B0000808', '中国移动', 1, '预付费', 13100014973);
insert into T_TERMINALINFO (TERMINAL_ID,TTYPE_ID,SIM_ID,TERMINAL_CODE,ORG_CODE,IS_VIDEO_TERMINAL,SP_SERVER_NAME,PROTOCOL_TYPE,CHANNELS,YT_PROTOCOL_TYPE) values(340974, 4, 34974, '1014973', 'B0000808',1,'1076测试服务器','4',8,'0');
insert into V_VEHICLEINFO (ORG_CODE,VEHICLE_ID,ID_NUMBER,TYPE_ID,TERMINAL_ID,DELETE_FLAG,COLOR_ID_NUMBER_ID,AUTHORIZED_PAY_MASS) values ('B0000808','3400974', '测B14973', 4, 340974, 0, '2',15);

insert into T_SIMINFO (SIM_ID, ORG_CODE, DEPTCODE, STATE,PAY_MODLE, SIM_NUM) values(34975, 'B0000808', '中国移动', 1, '预付费', 13100014974);
insert into T_TERMINALINFO (TERMINAL_ID,TTYPE_ID,SIM_ID,TERMINAL_CODE,ORG_CODE,IS_VIDEO_TERMINAL,SP_SERVER_NAME,PROTOCOL_TYPE,CHANNELS,YT_PROTOCOL_TYPE) values(340975, 4, 34975, '1014974', 'B0000808',1,'1076测试服务器','4',8,'0');
insert into V_VEHICLEINFO (ORG_CODE,VEHICLE_ID,ID_NUMBER,TYPE_ID,TERMINAL_ID,DELETE_FLAG,COLOR_ID_NUMBER_ID,AUTHORIZED_PAY_MASS) values ('B0000808','3400975', '测B14974', 4, 340975, 0, '2',15);

insert into T_SIMINFO (SIM_ID, ORG_CODE, DEPTCODE, STATE,PAY_MODLE, SIM_NUM) values(34976, 'B0000808', '中国移动', 1, '预付费', 13100014975);
insert into T_TERMINALINFO (TERMINAL_ID,TTYPE_ID,SIM_ID,TERMINAL_CODE,ORG_CODE,IS_VIDEO_TERMINAL,SP_SERVER_NAME,PROTOCOL_TYPE,CHANNELS,YT_PROTOCOL_TYPE) values(340976, 4, 34976, '1014975', 'B0000808',1,'1076测试服务器','4',8,'0');
insert into V_VEHICLEINFO (ORG_CODE,VEHICLE_ID,ID_NUMBER,TYPE_ID,TERMINAL_ID,DELETE_FLAG,COLOR_ID_NUMBER_ID,AUTHORIZED_PAY_MASS) values ('B0000808','3400976', '测B14975', 4, 340976, 0, '2',15);

insert into T_SIMINFO (SIM_ID, ORG_CODE, DEPTCODE, STATE,PAY_MODLE, SIM_NUM) values(34977, 'B0000808', '中国移动', 1, '预付费', 13100014976);
insert into T_TERMINALINFO (TERMINAL_ID,TTYPE_ID,SIM_ID,TERMINAL_CODE,ORG_CODE,IS_VIDEO_TERMINAL,SP_SERVER_NAME,PROTOCOL_TYPE,CHANNELS,YT_PROTOCOL_TYPE) values(340977, 4, 34977, '1014976', 'B0000808',1,'1076测试服务器','4',8,'0');
insert into V_VEHICLEINFO (ORG_CODE,VEHICLE_ID,ID_NUMBER,TYPE_ID,TERMINAL_ID,DELETE_FLAG,COLOR_ID_NUMBER_ID,AUTHORIZED_PAY_MASS) values ('B0000808','3400977', '测B14976', 4, 340977, 0, '2',15);

insert into T_SIMINFO (SIM_ID, ORG_CODE, DEPTCODE, STATE,PAY_MODLE, SIM_NUM) values(34978, 'B0000808', '中国移动', 1, '预付费', 13100014977);
insert into T_TERMINALINFO (TERMINAL_ID,TTYPE_ID,SIM_ID,TERMINAL_CODE,ORG_CODE,IS_VIDEO_TERMINAL,SP_SERVER_NAME,PROTOCOL_TYPE,CHANNELS,YT_PROTOCOL_TYPE) values(340978, 4, 34978, '1014977', 'B0000808',1,'1076测试服务器','4',8,'0');
insert into V_VEHICLEINFO (ORG_CODE,VEHICLE_ID,ID_NUMBER,TYPE_ID,TERMINAL_ID,DELETE_FLAG,COLOR_ID_NUMBER_ID,AUTHORIZED_PAY_MASS) values ('B0000808','3400978', '测B14977', 4, 340978, 0, '2',15);

insert into T_SIMINFO (SIM_ID, ORG_CODE, DEPTCODE, STATE,PAY_MODLE, SIM_NUM) values(34979, 'B0000808', '中国移动', 1, '预付费', 13100014978);
insert into T_TERMINALINFO (TERMINAL_ID,TTYPE_ID,SIM_ID,TERMINAL_CODE,ORG_CODE,IS_VIDEO_TERMINAL,SP_SERVER_NAME,PROTOCOL_TYPE,CHANNELS,YT_PROTOCOL_TYPE) values(340979, 4, 34979, '1014978', 'B0000808',1,'1076测试服务器','4',8,'0');
insert into V_VEHICLEINFO (ORG_CODE,VEHICLE_ID,ID_NUMBER,TYPE_ID,TERMINAL_ID,DELETE_FLAG,COLOR_ID_NUMBER_ID,AUTHORIZED_PAY_MASS) values ('B0000808','3400979', '测B14978', 4, 340979, 0, '2',15);

insert into T_SIMINFO (SIM_ID, ORG_CODE, DEPTCODE, STATE,PAY_MODLE, SIM_NUM) values(34980, 'B0000808', '中国移动', 1, '预付费', 13100014979);
insert into T_TERMINALINFO (TERMINAL_ID,TTYPE_ID,SIM_ID,TERMINAL_CODE,ORG_CODE,IS_VIDEO_TERMINAL,SP_SERVER_NAME,PROTOCOL_TYPE,CHANNELS,YT_PROTOCOL_TYPE) values(340980, 4, 34980, '1014979', 'B0000808',1,'1076测试服务器','4',8,'0');
insert into V_VEHICLEINFO (ORG_CODE,VEHICLE_ID,ID_NUMBER,TYPE_ID,TERMINAL_ID,DELETE_FLAG,COLOR_ID_NUMBER_ID,AUTHORIZED_PAY_MASS) values ('B0000808','3400980', '测B14979', 4, 340980, 0, '2',15);

insert into T_SIMINFO (SIM_ID, ORG_CODE, DEPTCODE, STATE,PAY_MODLE, SIM_NUM) values(34981, 'B0000808', '中国移动', 1, '预付费', 13100014980);
insert into T_TERMINALINFO (TERMINAL_ID,TTYPE_ID,SIM_ID,TERMINAL_CODE,ORG_CODE,IS_VIDEO_TERMINAL,SP_SERVER_NAME,PROTOCOL_TYPE,CHANNELS,YT_PROTOCOL_TYPE) values(340981, 4, 34981, '1014980', 'B0000808',1,'1076测试服务器','4',8,'0');
insert into V_VEHICLEINFO (ORG_CODE,VEHICLE_ID,ID_NUMBER,TYPE_ID,TERMINAL_ID,DELETE_FLAG,COLOR_ID_NUMBER_ID,AUTHORIZED_PAY_MASS) values ('B0000808','3400981', '测B14980', 4, 340981, 0, '2',15);

insert into T_SIMINFO (SIM_ID, ORG_CODE, DEPTCODE, STATE,PAY_MODLE, SIM_NUM) values(34982, 'B0000808', '中国移动', 1, '预付费', 13100014981);
insert into T_TERMINALINFO (TERMINAL_ID,TTYPE_ID,SIM_ID,TERMINAL_CODE,ORG_CODE,IS_VIDEO_TERMINAL,SP_SERVER_NAME,PROTOCOL_TYPE,CHANNELS,YT_PROTOCOL_TYPE) values(340982, 4, 34982, '1014981', 'B0000808',1,'1076测试服务器','4',8,'0');
insert into V_VEHICLEINFO (ORG_CODE,VEHICLE_ID,ID_NUMBER,TYPE_ID,TERMINAL_ID,DELETE_FLAG,COLOR_ID_NUMBER_ID,AUTHORIZED_PAY_MASS) values ('B0000808','3400982', '测B14981', 4, 340982, 0, '2',15);

insert into T_SIMINFO (SIM_ID, ORG_CODE, DEPTCODE, STATE,PAY_MODLE, SIM_NUM) values(34983, 'B0000808', '中国移动', 1, '预付费', 13100014982);
insert into T_TERMINALINFO (TERMINAL_ID,TTYPE_ID,SIM_ID,TERMINAL_CODE,ORG_CODE,IS_VIDEO_TERMINAL,SP_SERVER_NAME,PROTOCOL_TYPE,CHANNELS,YT_PROTOCOL_TYPE) values(340983, 4, 34983, '1014982', 'B0000808',1,'1076测试服务器','4',8,'0');
insert into V_VEHICLEINFO (ORG_CODE,VEHICLE_ID,ID_NUMBER,TYPE_ID,TERMINAL_ID,DELETE_FLAG,COLOR_ID_NUMBER_ID,AUTHORIZED_PAY_MASS) values ('B0000808','3400983', '测B14982', 4, 340983, 0, '2',15);

insert into T_SIMINFO (SIM_ID, ORG_CODE, DEPTCODE, STATE,PAY_MODLE, SIM_NUM) values(34984, 'B0000808', '中国移动', 1, '预付费', 13100014983);
insert into T_TERMINALINFO (TERMINAL_ID,TTYPE_ID,SIM_ID,TERMINAL_CODE,ORG_CODE,IS_VIDEO_TERMINAL,SP_SERVER_NAME,PROTOCOL_TYPE,CHANNELS,YT_PROTOCOL_TYPE) values(340984, 4, 34984, '1014983', 'B0000808',1,'1076测试服务器','4',8,'0');
insert into V_VEHICLEINFO (ORG_CODE,VEHICLE_ID,ID_NUMBER,TYPE_ID,TERMINAL_ID,DELETE_FLAG,COLOR_ID_NUMBER_ID,AUTHORIZED_PAY_MASS) values ('B0000808','3400984', '测B14983', 4, 340984, 0, '2',15);

insert into T_SIMINFO (SIM_ID, ORG_CODE, DEPTCODE, STATE,PAY_MODLE, SIM_NUM) values(34985, 'B0000808', '中国移动', 1, '预付费', 13100014984);
insert into T_TERMINALINFO (TERMINAL_ID,TTYPE_ID,SIM_ID,TERMINAL_CODE,ORG_CODE,IS_VIDEO_TERMINAL,SP_SERVER_NAME,PROTOCOL_TYPE,CHANNELS,YT_PROTOCOL_TYPE) values(340985, 4, 34985, '1014984', 'B0000808',1,'1076测试服务器','4',8,'0');
insert into V_VEHICLEINFO (ORG_CODE,VEHICLE_ID,ID_NUMBER,TYPE_ID,TERMINAL_ID,DELETE_FLAG,COLOR_ID_NUMBER_ID,AUTHORIZED_PAY_MASS) values ('B0000808','3400985', '测B14984', 4, 340985, 0, '2',15);

insert into T_SIMINFO (SIM_ID, ORG_CODE, DEPTCODE, STATE,PAY_MODLE, SIM_NUM) values(34986, 'B0000808', '中国移动', 1, '预付费', 13100014985);
insert into T_TERMINALINFO (TERMINAL_ID,TTYPE_ID,SIM_ID,TERMINAL_CODE,ORG_CODE,IS_VIDEO_TERMINAL,SP_SERVER_NAME,PROTOCOL_TYPE,CHANNELS,YT_PROTOCOL_TYPE) values(340986, 4, 34986, '1014985', 'B0000808',1,'1076测试服务器','4',8,'0');
insert into V_VEHICLEINFO (ORG_CODE,VEHICLE_ID,ID_NUMBER,TYPE_ID,TERMINAL_ID,DELETE_FLAG,COLOR_ID_NUMBER_ID,AUTHORIZED_PAY_MASS) values ('B0000808','3400986', '测B14985', 4, 340986, 0, '2',15);

insert into T_SIMINFO (SIM_ID, ORG_CODE, DEPTCODE, STATE,PAY_MODLE, SIM_NUM) values(34987, 'B0000808', '中国移动', 1, '预付费', 13100014986);
insert into T_TERMINALINFO (TERMINAL_ID,TTYPE_ID,SIM_ID,TERMINAL_CODE,ORG_CODE,IS_VIDEO_TERMINAL,SP_SERVER_NAME,PROTOCOL_TYPE,CHANNELS,YT_PROTOCOL_TYPE) values(340987, 4, 34987, '1014986', 'B0000808',1,'1076测试服务器','4',8,'0');
insert into V_VEHICLEINFO (ORG_CODE,VEHICLE_ID,ID_NUMBER,TYPE_ID,TERMINAL_ID,DELETE_FLAG,COLOR_ID_NUMBER_ID,AUTHORIZED_PAY_MASS) values ('B0000808','3400987', '测B14986', 4, 340987, 0, '2',15);

insert into T_SIMINFO (SIM_ID, ORG_CODE, DEPTCODE, STATE,PAY_MODLE, SIM_NUM) values(34988, 'B0000808', '中国移动', 1, '预付费', 13100014987);
insert into T_TERMINALINFO (TERMINAL_ID,TTYPE_ID,SIM_ID,TERMINAL_CODE,ORG_CODE,IS_VIDEO_TERMINAL,SP_SERVER_NAME,PROTOCOL_TYPE,CHANNELS,YT_PROTOCOL_TYPE) values(340988, 4, 34988, '1014987', 'B0000808',1,'1076测试服务器','4',8,'0');
insert into V_VEHICLEINFO (ORG_CODE,VEHICLE_ID,ID_NUMBER,TYPE_ID,TERMINAL_ID,DELETE_FLAG,COLOR_ID_NUMBER_ID,AUTHORIZED_PAY_MASS) values ('B0000808','3400988', '测B14987', 4, 340988, 0, '2',15);

insert into T_SIMINFO (SIM_ID, ORG_CODE, DEPTCODE, STATE,PAY_MODLE, SIM_NUM) values(34989, 'B0000808', '中国移动', 1, '预付费', 13100014988);
insert into T_TERMINALINFO (TERMINAL_ID,TTYPE_ID,SIM_ID,TERMINAL_CODE,ORG_CODE,IS_VIDEO_TERMINAL,SP_SERVER_NAME,PROTOCOL_TYPE,CHANNELS,YT_PROTOCOL_TYPE) values(340989, 4, 34989, '1014988', 'B0000808',1,'1076测试服务器','4',8,'0');
insert into V_VEHICLEINFO (ORG_CODE,VEHICLE_ID,ID_NUMBER,TYPE_ID,TERMINAL_ID,DELETE_FLAG,COLOR_ID_NUMBER_ID,AUTHORIZED_PAY_MASS) values ('B0000808','3400989', '测B14988', 4, 340989, 0, '2',15);

insert into T_SIMINFO (SIM_ID, ORG_CODE, DEPTCODE, STATE,PAY_MODLE, SIM_NUM) values(34990, 'B0000808', '中国移动', 1, '预付费', 13100014989);
insert into T_TERMINALINFO (TERMINAL_ID,TTYPE_ID,SIM_ID,TERMINAL_CODE,ORG_CODE,IS_VIDEO_TERMINAL,SP_SERVER_NAME,PROTOCOL_TYPE,CHANNELS,YT_PROTOCOL_TYPE) values(340990, 4, 34990, '1014989', 'B0000808',1,'1076测试服务器','4',8,'0');
insert into V_VEHICLEINFO (ORG_CODE,VEHICLE_ID,ID_NUMBER,TYPE_ID,TERMINAL_ID,DELETE_FLAG,COLOR_ID_NUMBER_ID,AUTHORIZED_PAY_MASS) values ('B0000808','3400990', '测B14989', 4, 340990, 0, '2',15);

insert into T_SIMINFO (SIM_ID, ORG_CODE, DEPTCODE, STATE,PAY_MODLE, SIM_NUM) values(34991, 'B0000808', '中国移动', 1, '预付费', 13100014990);
insert into T_TERMINALINFO (TERMINAL_ID,TTYPE_ID,SIM_ID,TERMINAL_CODE,ORG_CODE,IS_VIDEO_TERMINAL,SP_SERVER_NAME,PROTOCOL_TYPE,CHANNELS,YT_PROTOCOL_TYPE) values(340991, 4, 34991, '1014990', 'B0000808',1,'1076测试服务器','4',8,'0');
insert into V_VEHICLEINFO (ORG_CODE,VEHICLE_ID,ID_NUMBER,TYPE_ID,TERMINAL_ID,DELETE_FLAG,COLOR_ID_NUMBER_ID,AUTHORIZED_PAY_MASS) values ('B0000808','3400991', '测B14990', 4, 340991, 0, '2',15);

insert into T_SIMINFO (SIM_ID, ORG_CODE, DEPTCODE, STATE,PAY_MODLE, SIM_NUM) values(34992, 'B0000808', '中国移动', 1, '预付费', 13100014991);
insert into T_TERMINALINFO (TERMINAL_ID,TTYPE_ID,SIM_ID,TERMINAL_CODE,ORG_CODE,IS_VIDEO_TERMINAL,SP_SERVER_NAME,PROTOCOL_TYPE,CHANNELS,YT_PROTOCOL_TYPE) values(340992, 4, 34992, '1014991', 'B0000808',1,'1076测试服务器','4',8,'0');
insert into V_VEHICLEINFO (ORG_CODE,VEHICLE_ID,ID_NUMBER,TYPE_ID,TERMINAL_ID,DELETE_FLAG,COLOR_ID_NUMBER_ID,AUTHORIZED_PAY_MASS) values ('B0000808','3400992', '测B14991', 4, 340992, 0, '2',15);

insert into T_SIMINFO (SIM_ID, ORG_CODE, DEPTCODE, STATE,PAY_MODLE, SIM_NUM) values(34993, 'B0000808', '中国移动', 1, '预付费', 13100014992);
insert into T_TERMINALINFO (TERMINAL_ID,TTYPE_ID,SIM_ID,TERMINAL_CODE,ORG_CODE,IS_VIDEO_TERMINAL,SP_SERVER_NAME,PROTOCOL_TYPE,CHANNELS,YT_PROTOCOL_TYPE) values(340993, 4, 34993, '1014992', 'B0000808',1,'1076测试服务器','4',8,'0');
insert into V_VEHICLEINFO (ORG_CODE,VEHICLE_ID,ID_NUMBER,TYPE_ID,TERMINAL_ID,DELETE_FLAG,COLOR_ID_NUMBER_ID,AUTHORIZED_PAY_MASS) values ('B0000808','3400993', '测B14992', 4, 340993, 0, '2',15);

insert into T_SIMINFO (SIM_ID, ORG_CODE, DEPTCODE, STATE,PAY_MODLE, SIM_NUM) values(34994, 'B0000808', '中国移动', 1, '预付费', 13100014993);
insert into T_TERMINALINFO (TERMINAL_ID,TTYPE_ID,SIM_ID,TERMINAL_CODE,ORG_CODE,IS_VIDEO_TERMINAL,SP_SERVER_NAME,PROTOCOL_TYPE,CHANNELS,YT_PROTOCOL_TYPE) values(340994, 4, 34994, '1014993', 'B0000808',1,'1076测试服务器','4',8,'0');
insert into V_VEHICLEINFO (ORG_CODE,VEHICLE_ID,ID_NUMBER,TYPE_ID,TERMINAL_ID,DELETE_FLAG,COLOR_ID_NUMBER_ID,AUTHORIZED_PAY_MASS) values ('B0000808','3400994', '测B14993', 4, 340994, 0, '2',15);

insert into T_SIMINFO (SIM_ID, ORG_CODE, DEPTCODE, STATE,PAY_MODLE, SIM_NUM) values(34995, 'B0000808', '中国移动', 1, '预付费', 13100014994);
insert into T_TERMINALINFO (TERMINAL_ID,TTYPE_ID,SIM_ID,TERMINAL_CODE,ORG_CODE,IS_VIDEO_TERMINAL,SP_SERVER_NAME,PROTOCOL_TYPE,CHANNELS,YT_PROTOCOL_TYPE) values(340995, 4, 34995, '1014994', 'B0000808',1,'1076测试服务器','4',8,'0');
insert into V_VEHICLEINFO (ORG_CODE,VEHICLE_ID,ID_NUMBER,TYPE_ID,TERMINAL_ID,DELETE_FLAG,COLOR_ID_NUMBER_ID,AUTHORIZED_PAY_MASS) values ('B0000808','3400995', '测B14994', 4, 340995, 0, '2',15);

insert into T_SIMINFO (SIM_ID, ORG_CODE, DEPTCODE, STATE,PAY_MODLE, SIM_NUM) values(34996, 'B0000808', '中国移动', 1, '预付费', 13100014995);
insert into T_TERMINALINFO (TERMINAL_ID,TTYPE_ID,SIM_ID,TERMINAL_CODE,ORG_CODE,IS_VIDEO_TERMINAL,SP_SERVER_NAME,PROTOCOL_TYPE,CHANNELS,YT_PROTOCOL_TYPE) values(340996, 4, 34996, '1014995', 'B0000808',1,'1076测试服务器','4',8,'0');
insert into V_VEHICLEINFO (ORG_CODE,VEHICLE_ID,ID_NUMBER,TYPE_ID,TERMINAL_ID,DELETE_FLAG,COLOR_ID_NUMBER_ID,AUTHORIZED_PAY_MASS) values ('B0000808','3400996', '测B14995', 4, 340996, 0, '2',15);

insert into T_SIMINFO (SIM_ID, ORG_CODE, DEPTCODE, STATE,PAY_MODLE, SIM_NUM) values(34997, 'B0000808', '中国移动', 1, '预付费', 13100014996);
insert into T_TERMINALINFO (TERMINAL_ID,TTYPE_ID,SIM_ID,TERMINAL_CODE,ORG_CODE,IS_VIDEO_TERMINAL,SP_SERVER_NAME,PROTOCOL_TYPE,CHANNELS,YT_PROTOCOL_TYPE) values(340997, 4, 34997, '1014996', 'B0000808',1,'1076测试服务器','4',8,'0');
insert into V_VEHICLEINFO (ORG_CODE,VEHICLE_ID,ID_NUMBER,TYPE_ID,TERMINAL_ID,DELETE_FLAG,COLOR_ID_NUMBER_ID,AUTHORIZED_PAY_MASS) values ('B0000808','3400997', '测B14996', 4, 340997, 0, '2',15);

insert into T_SIMINFO (SIM_ID, ORG_CODE, DEPTCODE, STATE,PAY_MODLE, SIM_NUM) values(34998, 'B0000808', '中国移动', 1, '预付费', 13100014997);
insert into T_TERMINALINFO (TERMINAL_ID,TTYPE_ID,SIM_ID,TERMINAL_CODE,ORG_CODE,IS_VIDEO_TERMINAL,SP_SERVER_NAME,PROTOCOL_TYPE,CHANNELS,YT_PROTOCOL_TYPE) values(340998, 4, 34998, '1014997', 'B0000808',1,'1076测试服务器','4',8,'0');
insert into V_VEHICLEINFO (ORG_CODE,VEHICLE_ID,ID_NUMBER,TYPE_ID,TERMINAL_ID,DELETE_FLAG,COLOR_ID_NUMBER_ID,AUTHORIZED_PAY_MASS) values ('B0000808','3400998', '测B14997', 4, 340998, 0, '2',15);

insert into T_SIMINFO (SIM_ID, ORG_CODE, DEPTCODE, STATE,PAY_MODLE, SIM_NUM) values(34999, 'B0000808', '中国移动', 1, '预付费', 13100014998);
insert into T_TERMINALINFO (TERMINAL_ID,TTYPE_ID,SIM_ID,TERMINAL_CODE,ORG_CODE,IS_VIDEO_TERMINAL,SP_SERVER_NAME,PROTOCOL_TYPE,CHANNELS,YT_PROTOCOL_TYPE) values(340999, 4, 34999, '1014998', 'B0000808',1,'1076测试服务器','4',8,'0');
insert into V_VEHICLEINFO (ORG_CODE,VEHICLE_ID,ID_NUMBER,TYPE_ID,TERMINAL_ID,DELETE_FLAG,COLOR_ID_NUMBER_ID,AUTHORIZED_PAY_MASS) values ('B0000808','3400999', '测B14998', 4, 340999, 0, '2',15);

insert into T_SIMINFO (SIM_ID, ORG_CODE, DEPTCODE, STATE,PAY_MODLE, SIM_NUM) values(35000, 'B0000808', '中国移动', 1, '预付费', 13100014999);
insert into T_TERMINALINFO (TERMINAL_ID,TTYPE_ID,SIM_ID,TERMINAL_CODE,ORG_CODE,IS_VIDEO_TERMINAL,SP_SERVER_NAME,PROTOCOL_TYPE,CHANNELS,YT_PROTOCOL_TYPE) values(341000, 4, 35000, '1014999', 'B0000808',1,'1076测试服务器','4',8,'0');
insert into V_VEHICLEINFO (ORG_CODE,VEHICLE_ID,ID_NUMBER,TYPE_ID,TERMINAL_ID,DELETE_FLAG,COLOR_ID_NUMBER_ID,AUTHORIZED_PAY_MASS) values ('B0000808','3401000', '测B14999', 4, 341000, 0, '2',15);

insert into T_SIMINFO (SIM_ID, ORG_CODE, DEPTCODE, STATE,PAY_MODLE, SIM_NUM) values(35001, 'B0000808', '中国移动', 1, '预付费', 13100015000);
insert into T_TERMINALINFO (TERMINAL_ID,TTYPE_ID,SIM_ID,TERMINAL_CODE,ORG_CODE,IS_VIDEO_TERMINAL,SP_SERVER_NAME,PROTOCOL_TYPE,CHANNELS,YT_PROTOCOL_TYPE) values(341001, 4, 35001, '1015000', 'B0000808',1,'1076测试服务器','4',8,'0');
insert into V_VEHICLEINFO (ORG_CODE,VEHICLE_ID,ID_NUMBER,TYPE_ID,TERMINAL_ID,DELETE_FLAG,COLOR_ID_NUMBER_ID,AUTHORIZED_PAY_MASS) values ('B0000808','3401001', '测B15000', 4, 341001, 0, '2',15);

insert into T_SIMINFO (SIM_ID, ORG_CODE, DEPTCODE, STATE,PAY_MODLE, SIM_NUM) values(35002, 'B0000808', '中国移动', 1, '预付费', 13100015001);
insert into T_TERMINALINFO (TERMINAL_ID,TTYPE_ID,SIM_ID,TERMINAL_CODE,ORG_CODE,IS_VIDEO_TERMINAL,SP_SERVER_NAME,PROTOCOL_TYPE,CHANNELS,YT_PROTOCOL_TYPE) values(341002, 4, 35002, '1015001', 'B0000808',1,'1076测试服务器','4',8,'0');
insert into V_VEHICLEINFO (ORG_CODE,VEHICLE_ID,ID_NUMBER,TYPE_ID,TERMINAL_ID,DELETE_FLAG,COLOR_ID_NUMBER_ID,AUTHORIZED_PAY_MASS) values ('B0000808','3401002', '测B15001', 4, 341002, 0, '2',15);

insert into T_SIMINFO (SIM_ID, ORG_CODE, DEPTCODE, STATE,PAY_MODLE, SIM_NUM) values(35003, 'B0000808', '中国移动', 1, '预付费', 13100015002);
insert into T_TERMINALINFO (TERMINAL_ID,TTYPE_ID,SIM_ID,TERMINAL_CODE,ORG_CODE,IS_VIDEO_TERMINAL,SP_SERVER_NAME,PROTOCOL_TYPE,CHANNELS,YT_PROTOCOL_TYPE) values(341003, 4, 35003, '1015002', 'B0000808',1,'1076测试服务器','4',8,'0');
insert into V_VEHICLEINFO (ORG_CODE,VEHICLE_ID,ID_NUMBER,TYPE_ID,TERMINAL_ID,DELETE_FLAG,COLOR_ID_NUMBER_ID,AUTHORIZED_PAY_MASS) values ('B0000808','3401003', '测B15002', 4, 341003, 0, '2',15);

insert into T_SIMINFO (SIM_ID, ORG_CODE, DEPTCODE, STATE,PAY_MODLE, SIM_NUM) values(35004, 'B0000808', '中国移动', 1, '预付费', 13100015003);
insert into T_TERMINALINFO (TERMINAL_ID,TTYPE_ID,SIM_ID,TERMINAL_CODE,ORG_CODE,IS_VIDEO_TERMINAL,SP_SERVER_NAME,PROTOCOL_TYPE,CHANNELS,YT_PROTOCOL_TYPE) values(341004, 4, 35004, '1015003', 'B0000808',1,'1076测试服务器','4',8,'0');
insert into V_VEHICLEINFO (ORG_CODE,VEHICLE_ID,ID_NUMBER,TYPE_ID,TERMINAL_ID,DELETE_FLAG,COLOR_ID_NUMBER_ID,AUTHORIZED_PAY_MASS) values ('B0000808','3401004', '测B15003', 4, 341004, 0, '2',15);

insert into T_SIMINFO (SIM_ID, ORG_CODE, DEPTCODE, STATE,PAY_MODLE, SIM_NUM) values(35005, 'B0000808', '中国移动', 1, '预付费', 13100015004);
insert into T_TERMINALINFO (TERMINAL_ID,TTYPE_ID,SIM_ID,TERMINAL_CODE,ORG_CODE,IS_VIDEO_TERMINAL,SP_SERVER_NAME,PROTOCOL_TYPE,CHANNELS,YT_PROTOCOL_TYPE) values(341005, 4, 35005, '1015004', 'B0000808',1,'1076测试服务器','4',8,'0');
insert into V_VEHICLEINFO (ORG_CODE,VEHICLE_ID,ID_NUMBER,TYPE_ID,TERMINAL_ID,DELETE_FLAG,COLOR_ID_NUMBER_ID,AUTHORIZED_PAY_MASS) values ('B0000808','3401005', '测B15004', 4, 341005, 0, '2',15);

insert into T_SIMINFO (SIM_ID, ORG_CODE, DEPTCODE, STATE,PAY_MODLE, SIM_NUM) values(35006, 'B0000808', '中国移动', 1, '预付费', 13100015005);
insert into T_TERMINALINFO (TERMINAL_ID,TTYPE_ID,SIM_ID,TERMINAL_CODE,ORG_CODE,IS_VIDEO_TERMINAL,SP_SERVER_NAME,PROTOCOL_TYPE,CHANNELS,YT_PROTOCOL_TYPE) values(341006, 4, 35006, '1015005', 'B0000808',1,'1076测试服务器','4',8,'0');
insert into V_VEHICLEINFO (ORG_CODE,VEHICLE_ID,ID_NUMBER,TYPE_ID,TERMINAL_ID,DELETE_FLAG,COLOR_ID_NUMBER_ID,AUTHORIZED_PAY_MASS) values ('B0000808','3401006', '测B15005', 4, 341006, 0, '2',15);

insert into T_SIMINFO (SIM_ID, ORG_CODE, DEPTCODE, STATE,PAY_MODLE, SIM_NUM) values(35007, 'B0000808', '中国移动', 1, '预付费', 13100015006);
insert into T_TERMINALINFO (TERMINAL_ID,TTYPE_ID,SIM_ID,TERMINAL_CODE,ORG_CODE,IS_VIDEO_TERMINAL,SP_SERVER_NAME,PROTOCOL_TYPE,CHANNELS,YT_PROTOCOL_TYPE) values(341007, 4, 35007, '1015006', 'B0000808',1,'1076测试服务器','4',8,'0');
insert into V_VEHICLEINFO (ORG_CODE,VEHICLE_ID,ID_NUMBER,TYPE_ID,TERMINAL_ID,DELETE_FLAG,COLOR_ID_NUMBER_ID,AUTHORIZED_PAY_MASS) values ('B0000808','3401007', '测B15006', 4, 341007, 0, '2',15);

insert into T_SIMINFO (SIM_ID, ORG_CODE, DEPTCODE, STATE,PAY_MODLE, SIM_NUM) values(35008, 'B0000808', '中国移动', 1, '预付费', 13100015007);
insert into T_TERMINALINFO (TERMINAL_ID,TTYPE_ID,SIM_ID,TERMINAL_CODE,ORG_CODE,IS_VIDEO_TERMINAL,SP_SERVER_NAME,PROTOCOL_TYPE,CHANNELS,YT_PROTOCOL_TYPE) values(341008, 4, 35008, '1015007', 'B0000808',1,'1076测试服务器','4',8,'0');
insert into V_VEHICLEINFO (ORG_CODE,VEHICLE_ID,ID_NUMBER,TYPE_ID,TERMINAL_ID,DELETE_FLAG,COLOR_ID_NUMBER_ID,AUTHORIZED_PAY_MASS) values ('B0000808','3401008', '测B15007', 4, 341008, 0, '2',15);

insert into T_SIMINFO (SIM_ID, ORG_CODE, DEPTCODE, STATE,PAY_MODLE, SIM_NUM) values(35009, 'B0000808', '中国移动', 1, '预付费', 13100015008);
insert into T_TERMINALINFO (TERMINAL_ID,TTYPE_ID,SIM_ID,TERMINAL_CODE,ORG_CODE,IS_VIDEO_TERMINAL,SP_SERVER_NAME,PROTOCOL_TYPE,CHANNELS,YT_PROTOCOL_TYPE) values(341009, 4, 35009, '1015008', 'B0000808',1,'1076测试服务器','4',8,'0');
insert into V_VEHICLEINFO (ORG_CODE,VEHICLE_ID,ID_NUMBER,TYPE_ID,TERMINAL_ID,DELETE_FLAG,COLOR_ID_NUMBER_ID,AUTHORIZED_PAY_MASS) values ('B0000808','3401009', '测B15008', 4, 341009, 0, '2',15);

insert into T_SIMINFO (SIM_ID, ORG_CODE, DEPTCODE, STATE,PAY_MODLE, SIM_NUM) values(35010, 'B0000808', '中国移动', 1, '预付费', 13100015009);
insert into T_TERMINALINFO (TERMINAL_ID,TTYPE_ID,SIM_ID,TERMINAL_CODE,ORG_CODE,IS_VIDEO_TERMINAL,SP_SERVER_NAME,PROTOCOL_TYPE,CHANNELS,YT_PROTOCOL_TYPE) values(341010, 4, 35010, '1015009', 'B0000808',1,'1076测试服务器','4',8,'0');
insert into V_VEHICLEINFO (ORG_CODE,VEHICLE_ID,ID_NUMBER,TYPE_ID,TERMINAL_ID,DELETE_FLAG,COLOR_ID_NUMBER_ID,AUTHORIZED_PAY_MASS) values ('B0000808','3401010', '测B15009', 4, 341010, 0, '2',15);

insert into T_SIMINFO (SIM_ID, ORG_CODE, DEPTCODE, STATE,PAY_MODLE, SIM_NUM) values(35011, 'B0000808', '中国移动', 1, '预付费', 13100015010);
insert into T_TERMINALINFO (TERMINAL_ID,TTYPE_ID,SIM_ID,TERMINAL_CODE,ORG_CODE,IS_VIDEO_TERMINAL,SP_SERVER_NAME,PROTOCOL_TYPE,CHANNELS,YT_PROTOCOL_TYPE) values(341011, 4, 35011, '1015010', 'B0000808',1,'1076测试服务器','4',8,'0');
insert into V_VEHICLEINFO (ORG_CODE,VEHICLE_ID,ID_NUMBER,TYPE_ID,TERMINAL_ID,DELETE_FLAG,COLOR_ID_NUMBER_ID,AUTHORIZED_PAY_MASS) values ('B0000808','3401011', '测B15010', 4, 341011, 0, '2',15);

insert into T_SIMINFO (SIM_ID, ORG_CODE, DEPTCODE, STATE,PAY_MODLE, SIM_NUM) values(35012, 'B0000808', '中国移动', 1, '预付费', 13100015011);
insert into T_TERMINALINFO (TERMINAL_ID,TTYPE_ID,SIM_ID,TERMINAL_CODE,ORG_CODE,IS_VIDEO_TERMINAL,SP_SERVER_NAME,PROTOCOL_TYPE,CHANNELS,YT_PROTOCOL_TYPE) values(341012, 4, 35012, '1015011', 'B0000808',1,'1076测试服务器','4',8,'0');
insert into V_VEHICLEINFO (ORG_CODE,VEHICLE_ID,ID_NUMBER,TYPE_ID,TERMINAL_ID,DELETE_FLAG,COLOR_ID_NUMBER_ID,AUTHORIZED_PAY_MASS) values ('B0000808','3401012', '测B15011', 4, 341012, 0, '2',15);

insert into T_SIMINFO (SIM_ID, ORG_CODE, DEPTCODE, STATE,PAY_MODLE, SIM_NUM) values(35013, 'B0000808', '中国移动', 1, '预付费', 13100015012);
insert into T_TERMINALINFO (TERMINAL_ID,TTYPE_ID,SIM_ID,TERMINAL_CODE,ORG_CODE,IS_VIDEO_TERMINAL,SP_SERVER_NAME,PROTOCOL_TYPE,CHANNELS,YT_PROTOCOL_TYPE) values(341013, 4, 35013, '1015012', 'B0000808',1,'1076测试服务器','4',8,'0');
insert into V_VEHICLEINFO (ORG_CODE,VEHICLE_ID,ID_NUMBER,TYPE_ID,TERMINAL_ID,DELETE_FLAG,COLOR_ID_NUMBER_ID,AUTHORIZED_PAY_MASS) values ('B0000808','3401013', '测B15012', 4, 341013, 0, '2',15);

insert into T_SIMINFO (SIM_ID, ORG_CODE, DEPTCODE, STATE,PAY_MODLE, SIM_NUM) values(35014, 'B0000808', '中国移动', 1, '预付费', 13100015013);
insert into T_TERMINALINFO (TERMINAL_ID,TTYPE_ID,SIM_ID,TERMINAL_CODE,ORG_CODE,IS_VIDEO_TERMINAL,SP_SERVER_NAME,PROTOCOL_TYPE,CHANNELS,YT_PROTOCOL_TYPE) values(341014, 4, 35014, '1015013', 'B0000808',1,'1076测试服务器','4',8,'0');
insert into V_VEHICLEINFO (ORG_CODE,VEHICLE_ID,ID_NUMBER,TYPE_ID,TERMINAL_ID,DELETE_FLAG,COLOR_ID_NUMBER_ID,AUTHORIZED_PAY_MASS) values ('B0000808','3401014', '测B15013', 4, 341014, 0, '2',15);

insert into T_SIMINFO (SIM_ID, ORG_CODE, DEPTCODE, STATE,PAY_MODLE, SIM_NUM) values(35015, 'B0000808', '中国移动', 1, '预付费', 13100015014);
insert into T_TERMINALINFO (TERMINAL_ID,TTYPE_ID,SIM_ID,TERMINAL_CODE,ORG_CODE,IS_VIDEO_TERMINAL,SP_SERVER_NAME,PROTOCOL_TYPE,CHANNELS,YT_PROTOCOL_TYPE) values(341015, 4, 35015, '1015014', 'B0000808',1,'1076测试服务器','4',8,'0');
insert into V_VEHICLEINFO (ORG_CODE,VEHICLE_ID,ID_NUMBER,TYPE_ID,TERMINAL_ID,DELETE_FLAG,COLOR_ID_NUMBER_ID,AUTHORIZED_PAY_MASS) values ('B0000808','3401015', '测B15014', 4, 341015, 0, '2',15);

insert into T_SIMINFO (SIM_ID, ORG_CODE, DEPTCODE, STATE,PAY_MODLE, SIM_NUM) values(35016, 'B0000808', '中国移动', 1, '预付费', 13100015015);
insert into T_TERMINALINFO (TERMINAL_ID,TTYPE_ID,SIM_ID,TERMINAL_CODE,ORG_CODE,IS_VIDEO_TERMINAL,SP_SERVER_NAME,PROTOCOL_TYPE,CHANNELS,YT_PROTOCOL_TYPE) values(341016, 4, 35016, '1015015', 'B0000808',1,'1076测试服务器','4',8,'0');
insert into V_VEHICLEINFO (ORG_CODE,VEHICLE_ID,ID_NUMBER,TYPE_ID,TERMINAL_ID,DELETE_FLAG,COLOR_ID_NUMBER_ID,AUTHORIZED_PAY_MASS) values ('B0000808','3401016', '测B15015', 4, 341016, 0, '2',15);

insert into T_SIMINFO (SIM_ID, ORG_CODE, DEPTCODE, STATE,PAY_MODLE, SIM_NUM) values(35017, 'B0000808', '中国移动', 1, '预付费', 13100015016);
insert into T_TERMINALINFO (TERMINAL_ID,TTYPE_ID,SIM_ID,TERMINAL_CODE,ORG_CODE,IS_VIDEO_TERMINAL,SP_SERVER_NAME,PROTOCOL_TYPE,CHANNELS,YT_PROTOCOL_TYPE) values(341017, 4, 35017, '1015016', 'B0000808',1,'1076测试服务器','4',8,'0');
insert into V_VEHICLEINFO (ORG_CODE,VEHICLE_ID,ID_NUMBER,TYPE_ID,TERMINAL_ID,DELETE_FLAG,COLOR_ID_NUMBER_ID,AUTHORIZED_PAY_MASS) values ('B0000808','3401017', '测B15016', 4, 341017, 0, '2',15);

insert into T_SIMINFO (SIM_ID, ORG_CODE, DEPTCODE, STATE,PAY_MODLE, SIM_NUM) values(35018, 'B0000808', '中国移动', 1, '预付费', 13100015017);
insert into T_TERMINALINFO (TERMINAL_ID,TTYPE_ID,SIM_ID,TERMINAL_CODE,ORG_CODE,IS_VIDEO_TERMINAL,SP_SERVER_NAME,PROTOCOL_TYPE,CHANNELS,YT_PROTOCOL_TYPE) values(341018, 4, 35018, '1015017', 'B0000808',1,'1076测试服务器','4',8,'0');
insert into V_VEHICLEINFO (ORG_CODE,VEHICLE_ID,ID_NUMBER,TYPE_ID,TERMINAL_ID,DELETE_FLAG,COLOR_ID_NUMBER_ID,AUTHORIZED_PAY_MASS) values ('B0000808','3401018', '测B15017', 4, 341018, 0, '2',15);

insert into T_SIMINFO (SIM_ID, ORG_CODE, DEPTCODE, STATE,PAY_MODLE, SIM_NUM) values(35019, 'B0000808', '中国移动', 1, '预付费', 13100015018);
insert into T_TERMINALINFO (TERMINAL_ID,TTYPE_ID,SIM_ID,TERMINAL_CODE,ORG_CODE,IS_VIDEO_TERMINAL,SP_SERVER_NAME,PROTOCOL_TYPE,CHANNELS,YT_PROTOCOL_TYPE) values(341019, 4, 35019, '1015018', 'B0000808',1,'1076测试服务器','4',8,'0');
insert into V_VEHICLEINFO (ORG_CODE,VEHICLE_ID,ID_NUMBER,TYPE_ID,TERMINAL_ID,DELETE_FLAG,COLOR_ID_NUMBER_ID,AUTHORIZED_PAY_MASS) values ('B0000808','3401019', '测B15018', 4, 341019, 0, '2',15);

insert into T_SIMINFO (SIM_ID, ORG_CODE, DEPTCODE, STATE,PAY_MODLE, SIM_NUM) values(35020, 'B0000808', '中国移动', 1, '预付费', 13100015019);
insert into T_TERMINALINFO (TERMINAL_ID,TTYPE_ID,SIM_ID,TERMINAL_CODE,ORG_CODE,IS_VIDEO_TERMINAL,SP_SERVER_NAME,PROTOCOL_TYPE,CHANNELS,YT_PROTOCOL_TYPE) values(341020, 4, 35020, '1015019', 'B0000808',1,'1076测试服务器','4',8,'0');
insert into V_VEHICLEINFO (ORG_CODE,VEHICLE_ID,ID_NUMBER,TYPE_ID,TERMINAL_ID,DELETE_FLAG,COLOR_ID_NUMBER_ID,AUTHORIZED_PAY_MASS) values ('B0000808','3401020', '测B15019', 4, 341020, 0, '2',15);

insert into T_SIMINFO (SIM_ID, ORG_CODE, DEPTCODE, STATE,PAY_MODLE, SIM_NUM) values(35021, 'B0000808', '中国移动', 1, '预付费', 13100015020);
insert into T_TERMINALINFO (TERMINAL_ID,TTYPE_ID,SIM_ID,TERMINAL_CODE,ORG_CODE,IS_VIDEO_TERMINAL,SP_SERVER_NAME,PROTOCOL_TYPE,CHANNELS,YT_PROTOCOL_TYPE) values(341021, 4, 35021, '1015020', 'B0000808',1,'1076测试服务器','4',8,'0');
insert into V_VEHICLEINFO (ORG_CODE,VEHICLE_ID,ID_NUMBER,TYPE_ID,TERMINAL_ID,DELETE_FLAG,COLOR_ID_NUMBER_ID,AUTHORIZED_PAY_MASS) values ('B0000808','3401021', '测B15020', 4, 341021, 0, '2',15);

insert into T_SIMINFO (SIM_ID, ORG_CODE, DEPTCODE, STATE,PAY_MODLE, SIM_NUM) values(35022, 'B0000808', '中国移动', 1, '预付费', 13100015021);
insert into T_TERMINALINFO (TERMINAL_ID,TTYPE_ID,SIM_ID,TERMINAL_CODE,ORG_CODE,IS_VIDEO_TERMINAL,SP_SERVER_NAME,PROTOCOL_TYPE,CHANNELS,YT_PROTOCOL_TYPE) values(341022, 4, 35022, '1015021', 'B0000808',1,'1076测试服务器','4',8,'0');
insert into V_VEHICLEINFO (ORG_CODE,VEHICLE_ID,ID_NUMBER,TYPE_ID,TERMINAL_ID,DELETE_FLAG,COLOR_ID_NUMBER_ID,AUTHORIZED_PAY_MASS) values ('B0000808','3401022', '测B15021', 4, 341022, 0, '2',15);

insert into T_SIMINFO (SIM_ID, ORG_CODE, DEPTCODE, STATE,PAY_MODLE, SIM_NUM) values(35023, 'B0000808', '中国移动', 1, '预付费', 13100015022);
insert into T_TERMINALINFO (TERMINAL_ID,TTYPE_ID,SIM_ID,TERMINAL_CODE,ORG_CODE,IS_VIDEO_TERMINAL,SP_SERVER_NAME,PROTOCOL_TYPE,CHANNELS,YT_PROTOCOL_TYPE) values(341023, 4, 35023, '1015022', 'B0000808',1,'1076测试服务器','4',8,'0');
insert into V_VEHICLEINFO (ORG_CODE,VEHICLE_ID,ID_NUMBER,TYPE_ID,TERMINAL_ID,DELETE_FLAG,COLOR_ID_NUMBER_ID,AUTHORIZED_PAY_MASS) values ('B0000808','3401023', '测B15022', 4, 341023, 0, '2',15);

insert into T_SIMINFO (SIM_ID, ORG_CODE, DEPTCODE, STATE,PAY_MODLE, SIM_NUM) values(35024, 'B0000808', '中国移动', 1, '预付费', 13100015023);
insert into T_TERMINALINFO (TERMINAL_ID,TTYPE_ID,SIM_ID,TERMINAL_CODE,ORG_CODE,IS_VIDEO_TERMINAL,SP_SERVER_NAME,PROTOCOL_TYPE,CHANNELS,YT_PROTOCOL_TYPE) values(341024, 4, 35024, '1015023', 'B0000808',1,'1076测试服务器','4',8,'0');
insert into V_VEHICLEINFO (ORG_CODE,VEHICLE_ID,ID_NUMBER,TYPE_ID,TERMINAL_ID,DELETE_FLAG,COLOR_ID_NUMBER_ID,AUTHORIZED_PAY_MASS) values ('B0000808','3401024', '测B15023', 4, 341024, 0, '2',15);

insert into T_SIMINFO (SIM_ID, ORG_CODE, DEPTCODE, STATE,PAY_MODLE, SIM_NUM) values(35025, 'B0000808', '中国移动', 1, '预付费', 13100015024);
insert into T_TERMINALINFO (TERMINAL_ID,TTYPE_ID,SIM_ID,TERMINAL_CODE,ORG_CODE,IS_VIDEO_TERMINAL,SP_SERVER_NAME,PROTOCOL_TYPE,CHANNELS,YT_PROTOCOL_TYPE) values(341025, 4, 35025, '1015024', 'B0000808',1,'1076测试服务器','4',8,'0');
insert into V_VEHICLEINFO (ORG_CODE,VEHICLE_ID,ID_NUMBER,TYPE_ID,TERMINAL_ID,DELETE_FLAG,COLOR_ID_NUMBER_ID,AUTHORIZED_PAY_MASS) values ('B0000808','3401025', '测B15024', 4, 341025, 0, '2',15);

insert into T_SIMINFO (SIM_ID, ORG_CODE, DEPTCODE, STATE,PAY_MODLE, SIM_NUM) values(35026, 'B0000808', '中国移动', 1, '预付费', 13100015025);
insert into T_TERMINALINFO (TERMINAL_ID,TTYPE_ID,SIM_ID,TERMINAL_CODE,ORG_CODE,IS_VIDEO_TERMINAL,SP_SERVER_NAME,PROTOCOL_TYPE,CHANNELS,YT_PROTOCOL_TYPE) values(341026, 4, 35026, '1015025', 'B0000808',1,'1076测试服务器','4',8,'0');
insert into V_VEHICLEINFO (ORG_CODE,VEHICLE_ID,ID_NUMBER,TYPE_ID,TERMINAL_ID,DELETE_FLAG,COLOR_ID_NUMBER_ID,AUTHORIZED_PAY_MASS) values ('B0000808','3401026', '测B15025', 4, 341026, 0, '2',15);

insert into T_SIMINFO (SIM_ID, ORG_CODE, DEPTCODE, STATE,PAY_MODLE, SIM_NUM) values(35027, 'B0000808', '中国移动', 1, '预付费', 13100015026);
insert into T_TERMINALINFO (TERMINAL_ID,TTYPE_ID,SIM_ID,TERMINAL_CODE,ORG_CODE,IS_VIDEO_TERMINAL,SP_SERVER_NAME,PROTOCOL_TYPE,CHANNELS,YT_PROTOCOL_TYPE) values(341027, 4, 35027, '1015026', 'B0000808',1,'1076测试服务器','4',8,'0');
insert into V_VEHICLEINFO (ORG_CODE,VEHICLE_ID,ID_NUMBER,TYPE_ID,TERMINAL_ID,DELETE_FLAG,COLOR_ID_NUMBER_ID,AUTHORIZED_PAY_MASS) values ('B0000808','3401027', '测B15026', 4, 341027, 0, '2',15);

insert into T_SIMINFO (SIM_ID, ORG_CODE, DEPTCODE, STATE,PAY_MODLE, SIM_NUM) values(35028, 'B0000808', '中国移动', 1, '预付费', 13100015027);
insert into T_TERMINALINFO (TERMINAL_ID,TTYPE_ID,SIM_ID,TERMINAL_CODE,ORG_CODE,IS_VIDEO_TERMINAL,SP_SERVER_NAME,PROTOCOL_TYPE,CHANNELS,YT_PROTOCOL_TYPE) values(341028, 4, 35028, '1015027', 'B0000808',1,'1076测试服务器','4',8,'0');
insert into V_VEHICLEINFO (ORG_CODE,VEHICLE_ID,ID_NUMBER,TYPE_ID,TERMINAL_ID,DELETE_FLAG,COLOR_ID_NUMBER_ID,AUTHORIZED_PAY_MASS) values ('B0000808','3401028', '测B15027', 4, 341028, 0, '2',15);

insert into T_SIMINFO (SIM_ID, ORG_CODE, DEPTCODE, STATE,PAY_MODLE, SIM_NUM) values(35029, 'B0000808', '中国移动', 1, '预付费', 13100015028);
insert into T_TERMINALINFO (TERMINAL_ID,TTYPE_ID,SIM_ID,TERMINAL_CODE,ORG_CODE,IS_VIDEO_TERMINAL,SP_SERVER_NAME,PROTOCOL_TYPE,CHANNELS,YT_PROTOCOL_TYPE) values(341029, 4, 35029, '1015028', 'B0000808',1,'1076测试服务器','4',8,'0');
insert into V_VEHICLEINFO (ORG_CODE,VEHICLE_ID,ID_NUMBER,TYPE_ID,TERMINAL_ID,DELETE_FLAG,COLOR_ID_NUMBER_ID,AUTHORIZED_PAY_MASS) values ('B0000808','3401029', '测B15028', 4, 341029, 0, '2',15);

insert into T_SIMINFO (SIM_ID, ORG_CODE, DEPTCODE, STATE,PAY_MODLE, SIM_NUM) values(35030, 'B0000808', '中国移动', 1, '预付费', 13100015029);
insert into T_TERMINALINFO (TERMINAL_ID,TTYPE_ID,SIM_ID,TERMINAL_CODE,ORG_CODE,IS_VIDEO_TERMINAL,SP_SERVER_NAME,PROTOCOL_TYPE,CHANNELS,YT_PROTOCOL_TYPE) values(341030, 4, 35030, '1015029', 'B0000808',1,'1076测试服务器','4',8,'0');
insert into V_VEHICLEINFO (ORG_CODE,VEHICLE_ID,ID_NUMBER,TYPE_ID,TERMINAL_ID,DELETE_FLAG,COLOR_ID_NUMBER_ID,AUTHORIZED_PAY_MASS) values ('B0000808','3401030', '测B15029', 4, 341030, 0, '2',15);

insert into T_SIMINFO (SIM_ID, ORG_CODE, DEPTCODE, STATE,PAY_MODLE, SIM_NUM) values(35031, 'B0000808', '中国移动', 1, '预付费', 13100015030);
insert into T_TERMINALINFO (TERMINAL_ID,TTYPE_ID,SIM_ID,TERMINAL_CODE,ORG_CODE,IS_VIDEO_TERMINAL,SP_SERVER_NAME,PROTOCOL_TYPE,CHANNELS,YT_PROTOCOL_TYPE) values(341031, 4, 35031, '1015030', 'B0000808',1,'1076测试服务器','4',8,'0');
insert into V_VEHICLEINFO (ORG_CODE,VEHICLE_ID,ID_NUMBER,TYPE_ID,TERMINAL_ID,DELETE_FLAG,COLOR_ID_NUMBER_ID,AUTHORIZED_PAY_MASS) values ('B0000808','3401031', '测B15030', 4, 341031, 0, '2',15);

insert into T_SIMINFO (SIM_ID, ORG_CODE, DEPTCODE, STATE,PAY_MODLE, SIM_NUM) values(35032, 'B0000808', '中国移动', 1, '预付费', 13100015031);
insert into T_TERMINALINFO (TERMINAL_ID,TTYPE_ID,SIM_ID,TERMINAL_CODE,ORG_CODE,IS_VIDEO_TERMINAL,SP_SERVER_NAME,PROTOCOL_TYPE,CHANNELS,YT_PROTOCOL_TYPE) values(341032, 4, 35032, '1015031', 'B0000808',1,'1076测试服务器','4',8,'0');
insert into V_VEHICLEINFO (ORG_CODE,VEHICLE_ID,ID_NUMBER,TYPE_ID,TERMINAL_ID,DELETE_FLAG,COLOR_ID_NUMBER_ID,AUTHORIZED_PAY_MASS) values ('B0000808','3401032', '测B15031', 4, 341032, 0, '2',15);

insert into T_SIMINFO (SIM_ID, ORG_CODE, DEPTCODE, STATE,PAY_MODLE, SIM_NUM) values(35033, 'B0000808', '中国移动', 1, '预付费', 13100015032);
insert into T_TERMINALINFO (TERMINAL_ID,TTYPE_ID,SIM_ID,TERMINAL_CODE,ORG_CODE,IS_VIDEO_TERMINAL,SP_SERVER_NAME,PROTOCOL_TYPE,CHANNELS,YT_PROTOCOL_TYPE) values(341033, 4, 35033, '1015032', 'B0000808',1,'1076测试服务器','4',8,'0');
insert into V_VEHICLEINFO (ORG_CODE,VEHICLE_ID,ID_NUMBER,TYPE_ID,TERMINAL_ID,DELETE_FLAG,COLOR_ID_NUMBER_ID,AUTHORIZED_PAY_MASS) values ('B0000808','3401033', '测B15032', 4, 341033, 0, '2',15);

insert into T_SIMINFO (SIM_ID, ORG_CODE, DEPTCODE, STATE,PAY_MODLE, SIM_NUM) values(35034, 'B0000808', '中国移动', 1, '预付费', 13100015033);
insert into T_TERMINALINFO (TERMINAL_ID,TTYPE_ID,SIM_ID,TERMINAL_CODE,ORG_CODE,IS_VIDEO_TERMINAL,SP_SERVER_NAME,PROTOCOL_TYPE,CHANNELS,YT_PROTOCOL_TYPE) values(341034, 4, 35034, '1015033', 'B0000808',1,'1076测试服务器','4',8,'0');
insert into V_VEHICLEINFO (ORG_CODE,VEHICLE_ID,ID_NUMBER,TYPE_ID,TERMINAL_ID,DELETE_FLAG,COLOR_ID_NUMBER_ID,AUTHORIZED_PAY_MASS) values ('B0000808','3401034', '测B15033', 4, 341034, 0, '2',15);

insert into T_SIMINFO (SIM_ID, ORG_CODE, DEPTCODE, STATE,PAY_MODLE, SIM_NUM) values(35035, 'B0000808', '中国移动', 1, '预付费', 13100015034);
insert into T_TERMINALINFO (TERMINAL_ID,TTYPE_ID,SIM_ID,TERMINAL_CODE,ORG_CODE,IS_VIDEO_TERMINAL,SP_SERVER_NAME,PROTOCOL_TYPE,CHANNELS,YT_PROTOCOL_TYPE) values(341035, 4, 35035, '1015034', 'B0000808',1,'1076测试服务器','4',8,'0');
insert into V_VEHICLEINFO (ORG_CODE,VEHICLE_ID,ID_NUMBER,TYPE_ID,TERMINAL_ID,DELETE_FLAG,COLOR_ID_NUMBER_ID,AUTHORIZED_PAY_MASS) values ('B0000808','3401035', '测B15034', 4, 341035, 0, '2',15);

insert into T_SIMINFO (SIM_ID, ORG_CODE, DEPTCODE, STATE,PAY_MODLE, SIM_NUM) values(35036, 'B0000808', '中国移动', 1, '预付费', 13100015035);
insert into T_TERMINALINFO (TERMINAL_ID,TTYPE_ID,SIM_ID,TERMINAL_CODE,ORG_CODE,IS_VIDEO_TERMINAL,SP_SERVER_NAME,PROTOCOL_TYPE,CHANNELS,YT_PROTOCOL_TYPE) values(341036, 4, 35036, '1015035', 'B0000808',1,'1076测试服务器','4',8,'0');
insert into V_VEHICLEINFO (ORG_CODE,VEHICLE_ID,ID_NUMBER,TYPE_ID,TERMINAL_ID,DELETE_FLAG,COLOR_ID_NUMBER_ID,AUTHORIZED_PAY_MASS) values ('B0000808','3401036', '测B15035', 4, 341036, 0, '2',15);

insert into T_SIMINFO (SIM_ID, ORG_CODE, DEPTCODE, STATE,PAY_MODLE, SIM_NUM) values(35037, 'B0000808', '中国移动', 1, '预付费', 13100015036);
insert into T_TERMINALINFO (TERMINAL_ID,TTYPE_ID,SIM_ID,TERMINAL_CODE,ORG_CODE,IS_VIDEO_TERMINAL,SP_SERVER_NAME,PROTOCOL_TYPE,CHANNELS,YT_PROTOCOL_TYPE) values(341037, 4, 35037, '1015036', 'B0000808',1,'1076测试服务器','4',8,'0');
insert into V_VEHICLEINFO (ORG_CODE,VEHICLE_ID,ID_NUMBER,TYPE_ID,TERMINAL_ID,DELETE_FLAG,COLOR_ID_NUMBER_ID,AUTHORIZED_PAY_MASS) values ('B0000808','3401037', '测B15036', 4, 341037, 0, '2',15);

insert into T_SIMINFO (SIM_ID, ORG_CODE, DEPTCODE, STATE,PAY_MODLE, SIM_NUM) values(35038, 'B0000808', '中国移动', 1, '预付费', 13100015037);
insert into T_TERMINALINFO (TERMINAL_ID,TTYPE_ID,SIM_ID,TERMINAL_CODE,ORG_CODE,IS_VIDEO_TERMINAL,SP_SERVER_NAME,PROTOCOL_TYPE,CHANNELS,YT_PROTOCOL_TYPE) values(341038, 4, 35038, '1015037', 'B0000808',1,'1076测试服务器','4',8,'0');
insert into V_VEHICLEINFO (ORG_CODE,VEHICLE_ID,ID_NUMBER,TYPE_ID,TERMINAL_ID,DELETE_FLAG,COLOR_ID_NUMBER_ID,AUTHORIZED_PAY_MASS) values ('B0000808','3401038', '测B15037', 4, 341038, 0, '2',15);

insert into T_SIMINFO (SIM_ID, ORG_CODE, DEPTCODE, STATE,PAY_MODLE, SIM_NUM) values(35039, 'B0000808', '中国移动', 1, '预付费', 13100015038);
insert into T_TERMINALINFO (TERMINAL_ID,TTYPE_ID,SIM_ID,TERMINAL_CODE,ORG_CODE,IS_VIDEO_TERMINAL,SP_SERVER_NAME,PROTOCOL_TYPE,CHANNELS,YT_PROTOCOL_TYPE) values(341039, 4, 35039, '1015038', 'B0000808',1,'1076测试服务器','4',8,'0');
insert into V_VEHICLEINFO (ORG_CODE,VEHICLE_ID,ID_NUMBER,TYPE_ID,TERMINAL_ID,DELETE_FLAG,COLOR_ID_NUMBER_ID,AUTHORIZED_PAY_MASS) values ('B0000808','3401039', '测B15038', 4, 341039, 0, '2',15);

insert into T_SIMINFO (SIM_ID, ORG_CODE, DEPTCODE, STATE,PAY_MODLE, SIM_NUM) values(35040, 'B0000808', '中国移动', 1, '预付费', 13100015039);
insert into T_TERMINALINFO (TERMINAL_ID,TTYPE_ID,SIM_ID,TERMINAL_CODE,ORG_CODE,IS_VIDEO_TERMINAL,SP_SERVER_NAME,PROTOCOL_TYPE,CHANNELS,YT_PROTOCOL_TYPE) values(341040, 4, 35040, '1015039', 'B0000808',1,'1076测试服务器','4',8,'0');
insert into V_VEHICLEINFO (ORG_CODE,VEHICLE_ID,ID_NUMBER,TYPE_ID,TERMINAL_ID,DELETE_FLAG,COLOR_ID_NUMBER_ID,AUTHORIZED_PAY_MASS) values ('B0000808','3401040', '测B15039', 4, 341040, 0, '2',15);

insert into T_SIMINFO (SIM_ID, ORG_CODE, DEPTCODE, STATE,PAY_MODLE, SIM_NUM) values(35041, 'B0000808', '中国移动', 1, '预付费', 13100015040);
insert into T_TERMINALINFO (TERMINAL_ID,TTYPE_ID,SIM_ID,TERMINAL_CODE,ORG_CODE,IS_VIDEO_TERMINAL,SP_SERVER_NAME,PROTOCOL_TYPE,CHANNELS,YT_PROTOCOL_TYPE) values(341041, 4, 35041, '1015040', 'B0000808',1,'1076测试服务器','4',8,'0');
insert into V_VEHICLEINFO (ORG_CODE,VEHICLE_ID,ID_NUMBER,TYPE_ID,TERMINAL_ID,DELETE_FLAG,COLOR_ID_NUMBER_ID,AUTHORIZED_PAY_MASS) values ('B0000808','3401041', '测B15040', 4, 341041, 0, '2',15);

insert into T_SIMINFO (SIM_ID, ORG_CODE, DEPTCODE, STATE,PAY_MODLE, SIM_NUM) values(35042, 'B0000808', '中国移动', 1, '预付费', 13100015041);
insert into T_TERMINALINFO (TERMINAL_ID,TTYPE_ID,SIM_ID,TERMINAL_CODE,ORG_CODE,IS_VIDEO_TERMINAL,SP_SERVER_NAME,PROTOCOL_TYPE,CHANNELS,YT_PROTOCOL_TYPE) values(341042, 4, 35042, '1015041', 'B0000808',1,'1076测试服务器','4',8,'0');
insert into V_VEHICLEINFO (ORG_CODE,VEHICLE_ID,ID_NUMBER,TYPE_ID,TERMINAL_ID,DELETE_FLAG,COLOR_ID_NUMBER_ID,AUTHORIZED_PAY_MASS) values ('B0000808','3401042', '测B15041', 4, 341042, 0, '2',15);

insert into T_SIMINFO (SIM_ID, ORG_CODE, DEPTCODE, STATE,PAY_MODLE, SIM_NUM) values(35043, 'B0000808', '中国移动', 1, '预付费', 13100015042);
insert into T_TERMINALINFO (TERMINAL_ID,TTYPE_ID,SIM_ID,TERMINAL_CODE,ORG_CODE,IS_VIDEO_TERMINAL,SP_SERVER_NAME,PROTOCOL_TYPE,CHANNELS,YT_PROTOCOL_TYPE) values(341043, 4, 35043, '1015042', 'B0000808',1,'1076测试服务器','4',8,'0');
insert into V_VEHICLEINFO (ORG_CODE,VEHICLE_ID,ID_NUMBER,TYPE_ID,TERMINAL_ID,DELETE_FLAG,COLOR_ID_NUMBER_ID,AUTHORIZED_PAY_MASS) values ('B0000808','3401043', '测B15042', 4, 341043, 0, '2',15);

insert into T_SIMINFO (SIM_ID, ORG_CODE, DEPTCODE, STATE,PAY_MODLE, SIM_NUM) values(35044, 'B0000808', '中国移动', 1, '预付费', 13100015043);
insert into T_TERMINALINFO (TERMINAL_ID,TTYPE_ID,SIM_ID,TERMINAL_CODE,ORG_CODE,IS_VIDEO_TERMINAL,SP_SERVER_NAME,PROTOCOL_TYPE,CHANNELS,YT_PROTOCOL_TYPE) values(341044, 4, 35044, '1015043', 'B0000808',1,'1076测试服务器','4',8,'0');
insert into V_VEHICLEINFO (ORG_CODE,VEHICLE_ID,ID_NUMBER,TYPE_ID,TERMINAL_ID,DELETE_FLAG,COLOR_ID_NUMBER_ID,AUTHORIZED_PAY_MASS) values ('B0000808','3401044', '测B15043', 4, 341044, 0, '2',15);

insert into T_SIMINFO (SIM_ID, ORG_CODE, DEPTCODE, STATE,PAY_MODLE, SIM_NUM) values(35045, 'B0000808', '中国移动', 1, '预付费', 13100015044);
insert into T_TERMINALINFO (TERMINAL_ID,TTYPE_ID,SIM_ID,TERMINAL_CODE,ORG_CODE,IS_VIDEO_TERMINAL,SP_SERVER_NAME,PROTOCOL_TYPE,CHANNELS,YT_PROTOCOL_TYPE) values(341045, 4, 35045, '1015044', 'B0000808',1,'1076测试服务器','4',8,'0');
insert into V_VEHICLEINFO (ORG_CODE,VEHICLE_ID,ID_NUMBER,TYPE_ID,TERMINAL_ID,DELETE_FLAG,COLOR_ID_NUMBER_ID,AUTHORIZED_PAY_MASS) values ('B0000808','3401045', '测B15044', 4, 341045, 0, '2',15);

insert into T_SIMINFO (SIM_ID, ORG_CODE, DEPTCODE, STATE,PAY_MODLE, SIM_NUM) values(35046, 'B0000808', '中国移动', 1, '预付费', 13100015045);
insert into T_TERMINALINFO (TERMINAL_ID,TTYPE_ID,SIM_ID,TERMINAL_CODE,ORG_CODE,IS_VIDEO_TERMINAL,SP_SERVER_NAME,PROTOCOL_TYPE,CHANNELS,YT_PROTOCOL_TYPE) values(341046, 4, 35046, '1015045', 'B0000808',1,'1076测试服务器','4',8,'0');
insert into V_VEHICLEINFO (ORG_CODE,VEHICLE_ID,ID_NUMBER,TYPE_ID,TERMINAL_ID,DELETE_FLAG,COLOR_ID_NUMBER_ID,AUTHORIZED_PAY_MASS) values ('B0000808','3401046', '测B15045', 4, 341046, 0, '2',15);

insert into T_SIMINFO (SIM_ID, ORG_CODE, DEPTCODE, STATE,PAY_MODLE, SIM_NUM) values(35047, 'B0000808', '中国移动', 1, '预付费', 13100015046);
insert into T_TERMINALINFO (TERMINAL_ID,TTYPE_ID,SIM_ID,TERMINAL_CODE,ORG_CODE,IS_VIDEO_TERMINAL,SP_SERVER_NAME,PROTOCOL_TYPE,CHANNELS,YT_PROTOCOL_TYPE) values(341047, 4, 35047, '1015046', 'B0000808',1,'1076测试服务器','4',8,'0');
insert into V_VEHICLEINFO (ORG_CODE,VEHICLE_ID,ID_NUMBER,TYPE_ID,TERMINAL_ID,DELETE_FLAG,COLOR_ID_NUMBER_ID,AUTHORIZED_PAY_MASS) values ('B0000808','3401047', '测B15046', 4, 341047, 0, '2',15);

insert into T_SIMINFO (SIM_ID, ORG_CODE, DEPTCODE, STATE,PAY_MODLE, SIM_NUM) values(35048, 'B0000808', '中国移动', 1, '预付费', 13100015047);
insert into T_TERMINALINFO (TERMINAL_ID,TTYPE_ID,SIM_ID,TERMINAL_CODE,ORG_CODE,IS_VIDEO_TERMINAL,SP_SERVER_NAME,PROTOCOL_TYPE,CHANNELS,YT_PROTOCOL_TYPE) values(341048, 4, 35048, '1015047', 'B0000808',1,'1076测试服务器','4',8,'0');
insert into V_VEHICLEINFO (ORG_CODE,VEHICLE_ID,ID_NUMBER,TYPE_ID,TERMINAL_ID,DELETE_FLAG,COLOR_ID_NUMBER_ID,AUTHORIZED_PAY_MASS) values ('B0000808','3401048', '测B15047', 4, 341048, 0, '2',15);

insert into T_SIMINFO (SIM_ID, ORG_CODE, DEPTCODE, STATE,PAY_MODLE, SIM_NUM) values(35049, 'B0000808', '中国移动', 1, '预付费', 13100015048);
insert into T_TERMINALINFO (TERMINAL_ID,TTYPE_ID,SIM_ID,TERMINAL_CODE,ORG_CODE,IS_VIDEO_TERMINAL,SP_SERVER_NAME,PROTOCOL_TYPE,CHANNELS,YT_PROTOCOL_TYPE) values(341049, 4, 35049, '1015048', 'B0000808',1,'1076测试服务器','4',8,'0');
insert into V_VEHICLEINFO (ORG_CODE,VEHICLE_ID,ID_NUMBER,TYPE_ID,TERMINAL_ID,DELETE_FLAG,COLOR_ID_NUMBER_ID,AUTHORIZED_PAY_MASS) values ('B0000808','3401049', '测B15048', 4, 341049, 0, '2',15);

insert into T_SIMINFO (SIM_ID, ORG_CODE, DEPTCODE, STATE,PAY_MODLE, SIM_NUM) values(35050, 'B0000808', '中国移动', 1, '预付费', 13100015049);
insert into T_TERMINALINFO (TERMINAL_ID,TTYPE_ID,SIM_ID,TERMINAL_CODE,ORG_CODE,IS_VIDEO_TERMINAL,SP_SERVER_NAME,PROTOCOL_TYPE,CHANNELS,YT_PROTOCOL_TYPE) values(341050, 4, 35050, '1015049', 'B0000808',1,'1076测试服务器','4',8,'0');
insert into V_VEHICLEINFO (ORG_CODE,VEHICLE_ID,ID_NUMBER,TYPE_ID,TERMINAL_ID,DELETE_FLAG,COLOR_ID_NUMBER_ID,AUTHORIZED_PAY_MASS) values ('B0000808','3401050', '测B15049', 4, 341050, 0, '2',15);

insert into T_SIMINFO (SIM_ID, ORG_CODE, DEPTCODE, STATE,PAY_MODLE, SIM_NUM) values(35051, 'B0000808', '中国移动', 1, '预付费', 13100015050);
insert into T_TERMINALINFO (TERMINAL_ID,TTYPE_ID,SIM_ID,TERMINAL_CODE,ORG_CODE,IS_VIDEO_TERMINAL,SP_SERVER_NAME,PROTOCOL_TYPE,CHANNELS,YT_PROTOCOL_TYPE) values(341051, 4, 35051, '1015050', 'B0000808',1,'1076测试服务器','4',8,'0');
insert into V_VEHICLEINFO (ORG_CODE,VEHICLE_ID,ID_NUMBER,TYPE_ID,TERMINAL_ID,DELETE_FLAG,COLOR_ID_NUMBER_ID,AUTHORIZED_PAY_MASS) values ('B0000808','3401051', '测B15050', 4, 341051, 0, '2',15);

insert into T_SIMINFO (SIM_ID, ORG_CODE, DEPTCODE, STATE,PAY_MODLE, SIM_NUM) values(35052, 'B0000808', '中国移动', 1, '预付费', 13100015051);
insert into T_TERMINALINFO (TERMINAL_ID,TTYPE_ID,SIM_ID,TERMINAL_CODE,ORG_CODE,IS_VIDEO_TERMINAL,SP_SERVER_NAME,PROTOCOL_TYPE,CHANNELS,YT_PROTOCOL_TYPE) values(341052, 4, 35052, '1015051', 'B0000808',1,'1076测试服务器','4',8,'0');
insert into V_VEHICLEINFO (ORG_CODE,VEHICLE_ID,ID_NUMBER,TYPE_ID,TERMINAL_ID,DELETE_FLAG,COLOR_ID_NUMBER_ID,AUTHORIZED_PAY_MASS) values ('B0000808','3401052', '测B15051', 4, 341052, 0, '2',15);

insert into T_SIMINFO (SIM_ID, ORG_CODE, DEPTCODE, STATE,PAY_MODLE, SIM_NUM) values(35053, 'B0000808', '中国移动', 1, '预付费', 13100015052);
insert into T_TERMINALINFO (TERMINAL_ID,TTYPE_ID,SIM_ID,TERMINAL_CODE,ORG_CODE,IS_VIDEO_TERMINAL,SP_SERVER_NAME,PROTOCOL_TYPE,CHANNELS,YT_PROTOCOL_TYPE) values(341053, 4, 35053, '1015052', 'B0000808',1,'1076测试服务器','4',8,'0');
insert into V_VEHICLEINFO (ORG_CODE,VEHICLE_ID,ID_NUMBER,TYPE_ID,TERMINAL_ID,DELETE_FLAG,COLOR_ID_NUMBER_ID,AUTHORIZED_PAY_MASS) values ('B0000808','3401053', '测B15052', 4, 341053, 0, '2',15);

insert into T_SIMINFO (SIM_ID, ORG_CODE, DEPTCODE, STATE,PAY_MODLE, SIM_NUM) values(35054, 'B0000808', '中国移动', 1, '预付费', 13100015053);
insert into T_TERMINALINFO (TERMINAL_ID,TTYPE_ID,SIM_ID,TERMINAL_CODE,ORG_CODE,IS_VIDEO_TERMINAL,SP_SERVER_NAME,PROTOCOL_TYPE,CHANNELS,YT_PROTOCOL_TYPE) values(341054, 4, 35054, '1015053', 'B0000808',1,'1076测试服务器','4',8,'0');
insert into V_VEHICLEINFO (ORG_CODE,VEHICLE_ID,ID_NUMBER,TYPE_ID,TERMINAL_ID,DELETE_FLAG,COLOR_ID_NUMBER_ID,AUTHORIZED_PAY_MASS) values ('B0000808','3401054', '测B15053', 4, 341054, 0, '2',15);

insert into T_SIMINFO (SIM_ID, ORG_CODE, DEPTCODE, STATE,PAY_MODLE, SIM_NUM) values(35055, 'B0000808', '中国移动', 1, '预付费', 13100015054);
insert into T_TERMINALINFO (TERMINAL_ID,TTYPE_ID,SIM_ID,TERMINAL_CODE,ORG_CODE,IS_VIDEO_TERMINAL,SP_SERVER_NAME,PROTOCOL_TYPE,CHANNELS,YT_PROTOCOL_TYPE) values(341055, 4, 35055, '1015054', 'B0000808',1,'1076测试服务器','4',8,'0');
insert into V_VEHICLEINFO (ORG_CODE,VEHICLE_ID,ID_NUMBER,TYPE_ID,TERMINAL_ID,DELETE_FLAG,COLOR_ID_NUMBER_ID,AUTHORIZED_PAY_MASS) values ('B0000808','3401055', '测B15054', 4, 341055, 0, '2',15);

insert into T_SIMINFO (SIM_ID, ORG_CODE, DEPTCODE, STATE,PAY_MODLE, SIM_NUM) values(35056, 'B0000808', '中国移动', 1, '预付费', 13100015055);
insert into T_TERMINALINFO (TERMINAL_ID,TTYPE_ID,SIM_ID,TERMINAL_CODE,ORG_CODE,IS_VIDEO_TERMINAL,SP_SERVER_NAME,PROTOCOL_TYPE,CHANNELS,YT_PROTOCOL_TYPE) values(341056, 4, 35056, '1015055', 'B0000808',1,'1076测试服务器','4',8,'0');
insert into V_VEHICLEINFO (ORG_CODE,VEHICLE_ID,ID_NUMBER,TYPE_ID,TERMINAL_ID,DELETE_FLAG,COLOR_ID_NUMBER_ID,AUTHORIZED_PAY_MASS) values ('B0000808','3401056', '测B15055', 4, 341056, 0, '2',15);

insert into T_SIMINFO (SIM_ID, ORG_CODE, DEPTCODE, STATE,PAY_MODLE, SIM_NUM) values(35057, 'B0000808', '中国移动', 1, '预付费', 13100015056);
insert into T_TERMINALINFO (TERMINAL_ID,TTYPE_ID,SIM_ID,TERMINAL_CODE,ORG_CODE,IS_VIDEO_TERMINAL,SP_SERVER_NAME,PROTOCOL_TYPE,CHANNELS,YT_PROTOCOL_TYPE) values(341057, 4, 35057, '1015056', 'B0000808',1,'1076测试服务器','4',8,'0');
insert into V_VEHICLEINFO (ORG_CODE,VEHICLE_ID,ID_NUMBER,TYPE_ID,TERMINAL_ID,DELETE_FLAG,COLOR_ID_NUMBER_ID,AUTHORIZED_PAY_MASS) values ('B0000808','3401057', '测B15056', 4, 341057, 0, '2',15);

insert into T_SIMINFO (SIM_ID, ORG_CODE, DEPTCODE, STATE,PAY_MODLE, SIM_NUM) values(35058, 'B0000808', '中国移动', 1, '预付费', 13100015057);
insert into T_TERMINALINFO (TERMINAL_ID,TTYPE_ID,SIM_ID,TERMINAL_CODE,ORG_CODE,IS_VIDEO_TERMINAL,SP_SERVER_NAME,PROTOCOL_TYPE,CHANNELS,YT_PROTOCOL_TYPE) values(341058, 4, 35058, '1015057', 'B0000808',1,'1076测试服务器','4',8,'0');
insert into V_VEHICLEINFO (ORG_CODE,VEHICLE_ID,ID_NUMBER,TYPE_ID,TERMINAL_ID,DELETE_FLAG,COLOR_ID_NUMBER_ID,AUTHORIZED_PAY_MASS) values ('B0000808','3401058', '测B15057', 4, 341058, 0, '2',15);

insert into T_SIMINFO (SIM_ID, ORG_CODE, DEPTCODE, STATE,PAY_MODLE, SIM_NUM) values(35059, 'B0000808', '中国移动', 1, '预付费', 13100015058);
insert into T_TERMINALINFO (TERMINAL_ID,TTYPE_ID,SIM_ID,TERMINAL_CODE,ORG_CODE,IS_VIDEO_TERMINAL,SP_SERVER_NAME,PROTOCOL_TYPE,CHANNELS,YT_PROTOCOL_TYPE) values(341059, 4, 35059, '1015058', 'B0000808',1,'1076测试服务器','4',8,'0');
insert into V_VEHICLEINFO (ORG_CODE,VEHICLE_ID,ID_NUMBER,TYPE_ID,TERMINAL_ID,DELETE_FLAG,COLOR_ID_NUMBER_ID,AUTHORIZED_PAY_MASS) values ('B0000808','3401059', '测B15058', 4, 341059, 0, '2',15);

insert into T_SIMINFO (SIM_ID, ORG_CODE, DEPTCODE, STATE,PAY_MODLE, SIM_NUM) values(35060, 'B0000808', '中国移动', 1, '预付费', 13100015059);
insert into T_TERMINALINFO (TERMINAL_ID,TTYPE_ID,SIM_ID,TERMINAL_CODE,ORG_CODE,IS_VIDEO_TERMINAL,SP_SERVER_NAME,PROTOCOL_TYPE,CHANNELS,YT_PROTOCOL_TYPE) values(341060, 4, 35060, '1015059', 'B0000808',1,'1076测试服务器','4',8,'0');
insert into V_VEHICLEINFO (ORG_CODE,VEHICLE_ID,ID_NUMBER,TYPE_ID,TERMINAL_ID,DELETE_FLAG,COLOR_ID_NUMBER_ID,AUTHORIZED_PAY_MASS) values ('B0000808','3401060', '测B15059', 4, 341060, 0, '2',15);

insert into T_SIMINFO (SIM_ID, ORG_CODE, DEPTCODE, STATE,PAY_MODLE, SIM_NUM) values(35061, 'B0000808', '中国移动', 1, '预付费', 13100015060);
insert into T_TERMINALINFO (TERMINAL_ID,TTYPE_ID,SIM_ID,TERMINAL_CODE,ORG_CODE,IS_VIDEO_TERMINAL,SP_SERVER_NAME,PROTOCOL_TYPE,CHANNELS,YT_PROTOCOL_TYPE) values(341061, 4, 35061, '1015060', 'B0000808',1,'1076测试服务器','4',8,'0');
insert into V_VEHICLEINFO (ORG_CODE,VEHICLE_ID,ID_NUMBER,TYPE_ID,TERMINAL_ID,DELETE_FLAG,COLOR_ID_NUMBER_ID,AUTHORIZED_PAY_MASS) values ('B0000808','3401061', '测B15060', 4, 341061, 0, '2',15);

insert into T_SIMINFO (SIM_ID, ORG_CODE, DEPTCODE, STATE,PAY_MODLE, SIM_NUM) values(35062, 'B0000808', '中国移动', 1, '预付费', 13100015061);
insert into T_TERMINALINFO (TERMINAL_ID,TTYPE_ID,SIM_ID,TERMINAL_CODE,ORG_CODE,IS_VIDEO_TERMINAL,SP_SERVER_NAME,PROTOCOL_TYPE,CHANNELS,YT_PROTOCOL_TYPE) values(341062, 4, 35062, '1015061', 'B0000808',1,'1076测试服务器','4',8,'0');
insert into V_VEHICLEINFO (ORG_CODE,VEHICLE_ID,ID_NUMBER,TYPE_ID,TERMINAL_ID,DELETE_FLAG,COLOR_ID_NUMBER_ID,AUTHORIZED_PAY_MASS) values ('B0000808','3401062', '测B15061', 4, 341062, 0, '2',15);

insert into T_SIMINFO (SIM_ID, ORG_CODE, DEPTCODE, STATE,PAY_MODLE, SIM_NUM) values(35063, 'B0000808', '中国移动', 1, '预付费', 13100015062);
insert into T_TERMINALINFO (TERMINAL_ID,TTYPE_ID,SIM_ID,TERMINAL_CODE,ORG_CODE,IS_VIDEO_TERMINAL,SP_SERVER_NAME,PROTOCOL_TYPE,CHANNELS,YT_PROTOCOL_TYPE) values(341063, 4, 35063, '1015062', 'B0000808',1,'1076测试服务器','4',8,'0');
insert into V_VEHICLEINFO (ORG_CODE,VEHICLE_ID,ID_NUMBER,TYPE_ID,TERMINAL_ID,DELETE_FLAG,COLOR_ID_NUMBER_ID,AUTHORIZED_PAY_MASS) values ('B0000808','3401063', '测B15062', 4, 341063, 0, '2',15);

insert into T_SIMINFO (SIM_ID, ORG_CODE, DEPTCODE, STATE,PAY_MODLE, SIM_NUM) values(35064, 'B0000808', '中国移动', 1, '预付费', 13100015063);
insert into T_TERMINALINFO (TERMINAL_ID,TTYPE_ID,SIM_ID,TERMINAL_CODE,ORG_CODE,IS_VIDEO_TERMINAL,SP_SERVER_NAME,PROTOCOL_TYPE,CHANNELS,YT_PROTOCOL_TYPE) values(341064, 4, 35064, '1015063', 'B0000808',1,'1076测试服务器','4',8,'0');
insert into V_VEHICLEINFO (ORG_CODE,VEHICLE_ID,ID_NUMBER,TYPE_ID,TERMINAL_ID,DELETE_FLAG,COLOR_ID_NUMBER_ID,AUTHORIZED_PAY_MASS) values ('B0000808','3401064', '测B15063', 4, 341064, 0, '2',15);

insert into T_SIMINFO (SIM_ID, ORG_CODE, DEPTCODE, STATE,PAY_MODLE, SIM_NUM) values(35065, 'B0000808', '中国移动', 1, '预付费', 13100015064);
insert into T_TERMINALINFO (TERMINAL_ID,TTYPE_ID,SIM_ID,TERMINAL_CODE,ORG_CODE,IS_VIDEO_TERMINAL,SP_SERVER_NAME,PROTOCOL_TYPE,CHANNELS,YT_PROTOCOL_TYPE) values(341065, 4, 35065, '1015064', 'B0000808',1,'1076测试服务器','4',8,'0');
insert into V_VEHICLEINFO (ORG_CODE,VEHICLE_ID,ID_NUMBER,TYPE_ID,TERMINAL_ID,DELETE_FLAG,COLOR_ID_NUMBER_ID,AUTHORIZED_PAY_MASS) values ('B0000808','3401065', '测B15064', 4, 341065, 0, '2',15);

insert into T_SIMINFO (SIM_ID, ORG_CODE, DEPTCODE, STATE,PAY_MODLE, SIM_NUM) values(35066, 'B0000808', '中国移动', 1, '预付费', 13100015065);
insert into T_TERMINALINFO (TERMINAL_ID,TTYPE_ID,SIM_ID,TERMINAL_CODE,ORG_CODE,IS_VIDEO_TERMINAL,SP_SERVER_NAME,PROTOCOL_TYPE,CHANNELS,YT_PROTOCOL_TYPE) values(341066, 4, 35066, '1015065', 'B0000808',1,'1076测试服务器','4',8,'0');
insert into V_VEHICLEINFO (ORG_CODE,VEHICLE_ID,ID_NUMBER,TYPE_ID,TERMINAL_ID,DELETE_FLAG,COLOR_ID_NUMBER_ID,AUTHORIZED_PAY_MASS) values ('B0000808','3401066', '测B15065', 4, 341066, 0, '2',15);

insert into T_SIMINFO (SIM_ID, ORG_CODE, DEPTCODE, STATE,PAY_MODLE, SIM_NUM) values(35067, 'B0000808', '中国移动', 1, '预付费', 13100015066);
insert into T_TERMINALINFO (TERMINAL_ID,TTYPE_ID,SIM_ID,TERMINAL_CODE,ORG_CODE,IS_VIDEO_TERMINAL,SP_SERVER_NAME,PROTOCOL_TYPE,CHANNELS,YT_PROTOCOL_TYPE) values(341067, 4, 35067, '1015066', 'B0000808',1,'1076测试服务器','4',8,'0');
insert into V_VEHICLEINFO (ORG_CODE,VEHICLE_ID,ID_NUMBER,TYPE_ID,TERMINAL_ID,DELETE_FLAG,COLOR_ID_NUMBER_ID,AUTHORIZED_PAY_MASS) values ('B0000808','3401067', '测B15066', 4, 341067, 0, '2',15);

insert into T_SIMINFO (SIM_ID, ORG_CODE, DEPTCODE, STATE,PAY_MODLE, SIM_NUM) values(35068, 'B0000808', '中国移动', 1, '预付费', 13100015067);
insert into T_TERMINALINFO (TERMINAL_ID,TTYPE_ID,SIM_ID,TERMINAL_CODE,ORG_CODE,IS_VIDEO_TERMINAL,SP_SERVER_NAME,PROTOCOL_TYPE,CHANNELS,YT_PROTOCOL_TYPE) values(341068, 4, 35068, '1015067', 'B0000808',1,'1076测试服务器','4',8,'0');
insert into V_VEHICLEINFO (ORG_CODE,VEHICLE_ID,ID_NUMBER,TYPE_ID,TERMINAL_ID,DELETE_FLAG,COLOR_ID_NUMBER_ID,AUTHORIZED_PAY_MASS) values ('B0000808','3401068', '测B15067', 4, 341068, 0, '2',15);

insert into T_SIMINFO (SIM_ID, ORG_CODE, DEPTCODE, STATE,PAY_MODLE, SIM_NUM) values(35069, 'B0000808', '中国移动', 1, '预付费', 13100015068);
insert into T_TERMINALINFO (TERMINAL_ID,TTYPE_ID,SIM_ID,TERMINAL_CODE,ORG_CODE,IS_VIDEO_TERMINAL,SP_SERVER_NAME,PROTOCOL_TYPE,CHANNELS,YT_PROTOCOL_TYPE) values(341069, 4, 35069, '1015068', 'B0000808',1,'1076测试服务器','4',8,'0');
insert into V_VEHICLEINFO (ORG_CODE,VEHICLE_ID,ID_NUMBER,TYPE_ID,TERMINAL_ID,DELETE_FLAG,COLOR_ID_NUMBER_ID,AUTHORIZED_PAY_MASS) values ('B0000808','3401069', '测B15068', 4, 341069, 0, '2',15);

insert into T_SIMINFO (SIM_ID, ORG_CODE, DEPTCODE, STATE,PAY_MODLE, SIM_NUM) values(35070, 'B0000808', '中国移动', 1, '预付费', 13100015069);
insert into T_TERMINALINFO (TERMINAL_ID,TTYPE_ID,SIM_ID,TERMINAL_CODE,ORG_CODE,IS_VIDEO_TERMINAL,SP_SERVER_NAME,PROTOCOL_TYPE,CHANNELS,YT_PROTOCOL_TYPE) values(341070, 4, 35070, '1015069', 'B0000808',1,'1076测试服务器','4',8,'0');
insert into V_VEHICLEINFO (ORG_CODE,VEHICLE_ID,ID_NUMBER,TYPE_ID,TERMINAL_ID,DELETE_FLAG,COLOR_ID_NUMBER_ID,AUTHORIZED_PAY_MASS) values ('B0000808','3401070', '测B15069', 4, 341070, 0, '2',15);

insert into T_SIMINFO (SIM_ID, ORG_CODE, DEPTCODE, STATE,PAY_MODLE, SIM_NUM) values(35071, 'B0000808', '中国移动', 1, '预付费', 13100015070);
insert into T_TERMINALINFO (TERMINAL_ID,TTYPE_ID,SIM_ID,TERMINAL_CODE,ORG_CODE,IS_VIDEO_TERMINAL,SP_SERVER_NAME,PROTOCOL_TYPE,CHANNELS,YT_PROTOCOL_TYPE) values(341071, 4, 35071, '1015070', 'B0000808',1,'1076测试服务器','4',8,'0');
insert into V_VEHICLEINFO (ORG_CODE,VEHICLE_ID,ID_NUMBER,TYPE_ID,TERMINAL_ID,DELETE_FLAG,COLOR_ID_NUMBER_ID,AUTHORIZED_PAY_MASS) values ('B0000808','3401071', '测B15070', 4, 341071, 0, '2',15);

insert into T_SIMINFO (SIM_ID, ORG_CODE, DEPTCODE, STATE,PAY_MODLE, SIM_NUM) values(35072, 'B0000808', '中国移动', 1, '预付费', 13100015071);
insert into T_TERMINALINFO (TERMINAL_ID,TTYPE_ID,SIM_ID,TERMINAL_CODE,ORG_CODE,IS_VIDEO_TERMINAL,SP_SERVER_NAME,PROTOCOL_TYPE,CHANNELS,YT_PROTOCOL_TYPE) values(341072, 4, 35072, '1015071', 'B0000808',1,'1076测试服务器','4',8,'0');
insert into V_VEHICLEINFO (ORG_CODE,VEHICLE_ID,ID_NUMBER,TYPE_ID,TERMINAL_ID,DELETE_FLAG,COLOR_ID_NUMBER_ID,AUTHORIZED_PAY_MASS) values ('B0000808','3401072', '测B15071', 4, 341072, 0, '2',15);

insert into T_SIMINFO (SIM_ID, ORG_CODE, DEPTCODE, STATE,PAY_MODLE, SIM_NUM) values(35073, 'B0000808', '中国移动', 1, '预付费', 13100015072);
insert into T_TERMINALINFO (TERMINAL_ID,TTYPE_ID,SIM_ID,TERMINAL_CODE,ORG_CODE,IS_VIDEO_TERMINAL,SP_SERVER_NAME,PROTOCOL_TYPE,CHANNELS,YT_PROTOCOL_TYPE) values(341073, 4, 35073, '1015072', 'B0000808',1,'1076测试服务器','4',8,'0');
insert into V_VEHICLEINFO (ORG_CODE,VEHICLE_ID,ID_NUMBER,TYPE_ID,TERMINAL_ID,DELETE_FLAG,COLOR_ID_NUMBER_ID,AUTHORIZED_PAY_MASS) values ('B0000808','3401073', '测B15072', 4, 341073, 0, '2',15);

insert into T_SIMINFO (SIM_ID, ORG_CODE, DEPTCODE, STATE,PAY_MODLE, SIM_NUM) values(35074, 'B0000808', '中国移动', 1, '预付费', 13100015073);
insert into T_TERMINALINFO (TERMINAL_ID,TTYPE_ID,SIM_ID,TERMINAL_CODE,ORG_CODE,IS_VIDEO_TERMINAL,SP_SERVER_NAME,PROTOCOL_TYPE,CHANNELS,YT_PROTOCOL_TYPE) values(341074, 4, 35074, '1015073', 'B0000808',1,'1076测试服务器','4',8,'0');
insert into V_VEHICLEINFO (ORG_CODE,VEHICLE_ID,ID_NUMBER,TYPE_ID,TERMINAL_ID,DELETE_FLAG,COLOR_ID_NUMBER_ID,AUTHORIZED_PAY_MASS) values ('B0000808','3401074', '测B15073', 4, 341074, 0, '2',15);

insert into T_SIMINFO (SIM_ID, ORG_CODE, DEPTCODE, STATE,PAY_MODLE, SIM_NUM) values(35075, 'B0000808', '中国移动', 1, '预付费', 13100015074);
insert into T_TERMINALINFO (TERMINAL_ID,TTYPE_ID,SIM_ID,TERMINAL_CODE,ORG_CODE,IS_VIDEO_TERMINAL,SP_SERVER_NAME,PROTOCOL_TYPE,CHANNELS,YT_PROTOCOL_TYPE) values(341075, 4, 35075, '1015074', 'B0000808',1,'1076测试服务器','4',8,'0');
insert into V_VEHICLEINFO (ORG_CODE,VEHICLE_ID,ID_NUMBER,TYPE_ID,TERMINAL_ID,DELETE_FLAG,COLOR_ID_NUMBER_ID,AUTHORIZED_PAY_MASS) values ('B0000808','3401075', '测B15074', 4, 341075, 0, '2',15);

insert into T_SIMINFO (SIM_ID, ORG_CODE, DEPTCODE, STATE,PAY_MODLE, SIM_NUM) values(35076, 'B0000808', '中国移动', 1, '预付费', 13100015075);
insert into T_TERMINALINFO (TERMINAL_ID,TTYPE_ID,SIM_ID,TERMINAL_CODE,ORG_CODE,IS_VIDEO_TERMINAL,SP_SERVER_NAME,PROTOCOL_TYPE,CHANNELS,YT_PROTOCOL_TYPE) values(341076, 4, 35076, '1015075', 'B0000808',1,'1076测试服务器','4',8,'0');
insert into V_VEHICLEINFO (ORG_CODE,VEHICLE_ID,ID_NUMBER,TYPE_ID,TERMINAL_ID,DELETE_FLAG,COLOR_ID_NUMBER_ID,AUTHORIZED_PAY_MASS) values ('B0000808','3401076', '测B15075', 4, 341076, 0, '2',15);

insert into T_SIMINFO (SIM_ID, ORG_CODE, DEPTCODE, STATE,PAY_MODLE, SIM_NUM) values(35077, 'B0000808', '中国移动', 1, '预付费', 13100015076);
insert into T_TERMINALINFO (TERMINAL_ID,TTYPE_ID,SIM_ID,TERMINAL_CODE,ORG_CODE,IS_VIDEO_TERMINAL,SP_SERVER_NAME,PROTOCOL_TYPE,CHANNELS,YT_PROTOCOL_TYPE) values(341077, 4, 35077, '1015076', 'B0000808',1,'1076测试服务器','4',8,'0');
insert into V_VEHICLEINFO (ORG_CODE,VEHICLE_ID,ID_NUMBER,TYPE_ID,TERMINAL_ID,DELETE_FLAG,COLOR_ID_NUMBER_ID,AUTHORIZED_PAY_MASS) values ('B0000808','3401077', '测B15076', 4, 341077, 0, '2',15);

insert into T_SIMINFO (SIM_ID, ORG_CODE, DEPTCODE, STATE,PAY_MODLE, SIM_NUM) values(35078, 'B0000808', '中国移动', 1, '预付费', 13100015077);
insert into T_TERMINALINFO (TERMINAL_ID,TTYPE_ID,SIM_ID,TERMINAL_CODE,ORG_CODE,IS_VIDEO_TERMINAL,SP_SERVER_NAME,PROTOCOL_TYPE,CHANNELS,YT_PROTOCOL_TYPE) values(341078, 4, 35078, '1015077', 'B0000808',1,'1076测试服务器','4',8,'0');
insert into V_VEHICLEINFO (ORG_CODE,VEHICLE_ID,ID_NUMBER,TYPE_ID,TERMINAL_ID,DELETE_FLAG,COLOR_ID_NUMBER_ID,AUTHORIZED_PAY_MASS) values ('B0000808','3401078', '测B15077', 4, 341078, 0, '2',15);

insert into T_SIMINFO (SIM_ID, ORG_CODE, DEPTCODE, STATE,PAY_MODLE, SIM_NUM) values(35079, 'B0000808', '中国移动', 1, '预付费', 13100015078);
insert into T_TERMINALINFO (TERMINAL_ID,TTYPE_ID,SIM_ID,TERMINAL_CODE,ORG_CODE,IS_VIDEO_TERMINAL,SP_SERVER_NAME,PROTOCOL_TYPE,CHANNELS,YT_PROTOCOL_TYPE) values(341079, 4, 35079, '1015078', 'B0000808',1,'1076测试服务器','4',8,'0');
insert into V_VEHICLEINFO (ORG_CODE,VEHICLE_ID,ID_NUMBER,TYPE_ID,TERMINAL_ID,DELETE_FLAG,COLOR_ID_NUMBER_ID,AUTHORIZED_PAY_MASS) values ('B0000808','3401079', '测B15078', 4, 341079, 0, '2',15);

insert into T_SIMINFO (SIM_ID, ORG_CODE, DEPTCODE, STATE,PAY_MODLE, SIM_NUM) values(35080, 'B0000808', '中国移动', 1, '预付费', 13100015079);
insert into T_TERMINALINFO (TERMINAL_ID,TTYPE_ID,SIM_ID,TERMINAL_CODE,ORG_CODE,IS_VIDEO_TERMINAL,SP_SERVER_NAME,PROTOCOL_TYPE,CHANNELS,YT_PROTOCOL_TYPE) values(341080, 4, 35080, '1015079', 'B0000808',1,'1076测试服务器','4',8,'0');
insert into V_VEHICLEINFO (ORG_CODE,VEHICLE_ID,ID_NUMBER,TYPE_ID,TERMINAL_ID,DELETE_FLAG,COLOR_ID_NUMBER_ID,AUTHORIZED_PAY_MASS) values ('B0000808','3401080', '测B15079', 4, 341080, 0, '2',15);

insert into T_SIMINFO (SIM_ID, ORG_CODE, DEPTCODE, STATE,PAY_MODLE, SIM_NUM) values(35081, 'B0000808', '中国移动', 1, '预付费', 13100015080);
insert into T_TERMINALINFO (TERMINAL_ID,TTYPE_ID,SIM_ID,TERMINAL_CODE,ORG_CODE,IS_VIDEO_TERMINAL,SP_SERVER_NAME,PROTOCOL_TYPE,CHANNELS,YT_PROTOCOL_TYPE) values(341081, 4, 35081, '1015080', 'B0000808',1,'1076测试服务器','4',8,'0');
insert into V_VEHICLEINFO (ORG_CODE,VEHICLE_ID,ID_NUMBER,TYPE_ID,TERMINAL_ID,DELETE_FLAG,COLOR_ID_NUMBER_ID,AUTHORIZED_PAY_MASS) values ('B0000808','3401081', '测B15080', 4, 341081, 0, '2',15);

insert into T_SIMINFO (SIM_ID, ORG_CODE, DEPTCODE, STATE,PAY_MODLE, SIM_NUM) values(35082, 'B0000808', '中国移动', 1, '预付费', 13100015081);
insert into T_TERMINALINFO (TERMINAL_ID,TTYPE_ID,SIM_ID,TERMINAL_CODE,ORG_CODE,IS_VIDEO_TERMINAL,SP_SERVER_NAME,PROTOCOL_TYPE,CHANNELS,YT_PROTOCOL_TYPE) values(341082, 4, 35082, '1015081', 'B0000808',1,'1076测试服务器','4',8,'0');
insert into V_VEHICLEINFO (ORG_CODE,VEHICLE_ID,ID_NUMBER,TYPE_ID,TERMINAL_ID,DELETE_FLAG,COLOR_ID_NUMBER_ID,AUTHORIZED_PAY_MASS) values ('B0000808','3401082', '测B15081', 4, 341082, 0, '2',15);

insert into T_SIMINFO (SIM_ID, ORG_CODE, DEPTCODE, STATE,PAY_MODLE, SIM_NUM) values(35083, 'B0000808', '中国移动', 1, '预付费', 13100015082);
insert into T_TERMINALINFO (TERMINAL_ID,TTYPE_ID,SIM_ID,TERMINAL_CODE,ORG_CODE,IS_VIDEO_TERMINAL,SP_SERVER_NAME,PROTOCOL_TYPE,CHANNELS,YT_PROTOCOL_TYPE) values(341083, 4, 35083, '1015082', 'B0000808',1,'1076测试服务器','4',8,'0');
insert into V_VEHICLEINFO (ORG_CODE,VEHICLE_ID,ID_NUMBER,TYPE_ID,TERMINAL_ID,DELETE_FLAG,COLOR_ID_NUMBER_ID,AUTHORIZED_PAY_MASS) values ('B0000808','3401083', '测B15082', 4, 341083, 0, '2',15);

insert into T_SIMINFO (SIM_ID, ORG_CODE, DEPTCODE, STATE,PAY_MODLE, SIM_NUM) values(35084, 'B0000808', '中国移动', 1, '预付费', 13100015083);
insert into T_TERMINALINFO (TERMINAL_ID,TTYPE_ID,SIM_ID,TERMINAL_CODE,ORG_CODE,IS_VIDEO_TERMINAL,SP_SERVER_NAME,PROTOCOL_TYPE,CHANNELS,YT_PROTOCOL_TYPE) values(341084, 4, 35084, '1015083', 'B0000808',1,'1076测试服务器','4',8,'0');
insert into V_VEHICLEINFO (ORG_CODE,VEHICLE_ID,ID_NUMBER,TYPE_ID,TERMINAL_ID,DELETE_FLAG,COLOR_ID_NUMBER_ID,AUTHORIZED_PAY_MASS) values ('B0000808','3401084', '测B15083', 4, 341084, 0, '2',15);

insert into T_SIMINFO (SIM_ID, ORG_CODE, DEPTCODE, STATE,PAY_MODLE, SIM_NUM) values(35085, 'B0000808', '中国移动', 1, '预付费', 13100015084);
insert into T_TERMINALINFO (TERMINAL_ID,TTYPE_ID,SIM_ID,TERMINAL_CODE,ORG_CODE,IS_VIDEO_TERMINAL,SP_SERVER_NAME,PROTOCOL_TYPE,CHANNELS,YT_PROTOCOL_TYPE) values(341085, 4, 35085, '1015084', 'B0000808',1,'1076测试服务器','4',8,'0');
insert into V_VEHICLEINFO (ORG_CODE,VEHICLE_ID,ID_NUMBER,TYPE_ID,TERMINAL_ID,DELETE_FLAG,COLOR_ID_NUMBER_ID,AUTHORIZED_PAY_MASS) values ('B0000808','3401085', '测B15084', 4, 341085, 0, '2',15);

insert into T_SIMINFO (SIM_ID, ORG_CODE, DEPTCODE, STATE,PAY_MODLE, SIM_NUM) values(35086, 'B0000808', '中国移动', 1, '预付费', 13100015085);
insert into T_TERMINALINFO (TERMINAL_ID,TTYPE_ID,SIM_ID,TERMINAL_CODE,ORG_CODE,IS_VIDEO_TERMINAL,SP_SERVER_NAME,PROTOCOL_TYPE,CHANNELS,YT_PROTOCOL_TYPE) values(341086, 4, 35086, '1015085', 'B0000808',1,'1076测试服务器','4',8,'0');
insert into V_VEHICLEINFO (ORG_CODE,VEHICLE_ID,ID_NUMBER,TYPE_ID,TERMINAL_ID,DELETE_FLAG,COLOR_ID_NUMBER_ID,AUTHORIZED_PAY_MASS) values ('B0000808','3401086', '测B15085', 4, 341086, 0, '2',15);

insert into T_SIMINFO (SIM_ID, ORG_CODE, DEPTCODE, STATE,PAY_MODLE, SIM_NUM) values(35087, 'B0000808', '中国移动', 1, '预付费', 13100015086);
insert into T_TERMINALINFO (TERMINAL_ID,TTYPE_ID,SIM_ID,TERMINAL_CODE,ORG_CODE,IS_VIDEO_TERMINAL,SP_SERVER_NAME,PROTOCOL_TYPE,CHANNELS,YT_PROTOCOL_TYPE) values(341087, 4, 35087, '1015086', 'B0000808',1,'1076测试服务器','4',8,'0');
insert into V_VEHICLEINFO (ORG_CODE,VEHICLE_ID,ID_NUMBER,TYPE_ID,TERMINAL_ID,DELETE_FLAG,COLOR_ID_NUMBER_ID,AUTHORIZED_PAY_MASS) values ('B0000808','3401087', '测B15086', 4, 341087, 0, '2',15);

insert into T_SIMINFO (SIM_ID, ORG_CODE, DEPTCODE, STATE,PAY_MODLE, SIM_NUM) values(35088, 'B0000808', '中国移动', 1, '预付费', 13100015087);
insert into T_TERMINALINFO (TERMINAL_ID,TTYPE_ID,SIM_ID,TERMINAL_CODE,ORG_CODE,IS_VIDEO_TERMINAL,SP_SERVER_NAME,PROTOCOL_TYPE,CHANNELS,YT_PROTOCOL_TYPE) values(341088, 4, 35088, '1015087', 'B0000808',1,'1076测试服务器','4',8,'0');
insert into V_VEHICLEINFO (ORG_CODE,VEHICLE_ID,ID_NUMBER,TYPE_ID,TERMINAL_ID,DELETE_FLAG,COLOR_ID_NUMBER_ID,AUTHORIZED_PAY_MASS) values ('B0000808','3401088', '测B15087', 4, 341088, 0, '2',15);

insert into T_SIMINFO (SIM_ID, ORG_CODE, DEPTCODE, STATE,PAY_MODLE, SIM_NUM) values(35089, 'B0000808', '中国移动', 1, '预付费', 13100015088);
insert into T_TERMINALINFO (TERMINAL_ID,TTYPE_ID,SIM_ID,TERMINAL_CODE,ORG_CODE,IS_VIDEO_TERMINAL,SP_SERVER_NAME,PROTOCOL_TYPE,CHANNELS,YT_PROTOCOL_TYPE) values(341089, 4, 35089, '1015088', 'B0000808',1,'1076测试服务器','4',8,'0');
insert into V_VEHICLEINFO (ORG_CODE,VEHICLE_ID,ID_NUMBER,TYPE_ID,TERMINAL_ID,DELETE_FLAG,COLOR_ID_NUMBER_ID,AUTHORIZED_PAY_MASS) values ('B0000808','3401089', '测B15088', 4, 341089, 0, '2',15);

insert into T_SIMINFO (SIM_ID, ORG_CODE, DEPTCODE, STATE,PAY_MODLE, SIM_NUM) values(35090, 'B0000808', '中国移动', 1, '预付费', 13100015089);
insert into T_TERMINALINFO (TERMINAL_ID,TTYPE_ID,SIM_ID,TERMINAL_CODE,ORG_CODE,IS_VIDEO_TERMINAL,SP_SERVER_NAME,PROTOCOL_TYPE,CHANNELS,YT_PROTOCOL_TYPE) values(341090, 4, 35090, '1015089', 'B0000808',1,'1076测试服务器','4',8,'0');
insert into V_VEHICLEINFO (ORG_CODE,VEHICLE_ID,ID_NUMBER,TYPE_ID,TERMINAL_ID,DELETE_FLAG,COLOR_ID_NUMBER_ID,AUTHORIZED_PAY_MASS) values ('B0000808','3401090', '测B15089', 4, 341090, 0, '2',15);

insert into T_SIMINFO (SIM_ID, ORG_CODE, DEPTCODE, STATE,PAY_MODLE, SIM_NUM) values(35091, 'B0000808', '中国移动', 1, '预付费', 13100015090);
insert into T_TERMINALINFO (TERMINAL_ID,TTYPE_ID,SIM_ID,TERMINAL_CODE,ORG_CODE,IS_VIDEO_TERMINAL,SP_SERVER_NAME,PROTOCOL_TYPE,CHANNELS,YT_PROTOCOL_TYPE) values(341091, 4, 35091, '1015090', 'B0000808',1,'1076测试服务器','4',8,'0');
insert into V_VEHICLEINFO (ORG_CODE,VEHICLE_ID,ID_NUMBER,TYPE_ID,TERMINAL_ID,DELETE_FLAG,COLOR_ID_NUMBER_ID,AUTHORIZED_PAY_MASS) values ('B0000808','3401091', '测B15090', 4, 341091, 0, '2',15);

insert into T_SIMINFO (SIM_ID, ORG_CODE, DEPTCODE, STATE,PAY_MODLE, SIM_NUM) values(35092, 'B0000808', '中国移动', 1, '预付费', 13100015091);
insert into T_TERMINALINFO (TERMINAL_ID,TTYPE_ID,SIM_ID,TERMINAL_CODE,ORG_CODE,IS_VIDEO_TERMINAL,SP_SERVER_NAME,PROTOCOL_TYPE,CHANNELS,YT_PROTOCOL_TYPE) values(341092, 4, 35092, '1015091', 'B0000808',1,'1076测试服务器','4',8,'0');
insert into V_VEHICLEINFO (ORG_CODE,VEHICLE_ID,ID_NUMBER,TYPE_ID,TERMINAL_ID,DELETE_FLAG,COLOR_ID_NUMBER_ID,AUTHORIZED_PAY_MASS) values ('B0000808','3401092', '测B15091', 4, 341092, 0, '2',15);

insert into T_SIMINFO (SIM_ID, ORG_CODE, DEPTCODE, STATE,PAY_MODLE, SIM_NUM) values(35093, 'B0000808', '中国移动', 1, '预付费', 13100015092);
insert into T_TERMINALINFO (TERMINAL_ID,TTYPE_ID,SIM_ID,TERMINAL_CODE,ORG_CODE,IS_VIDEO_TERMINAL,SP_SERVER_NAME,PROTOCOL_TYPE,CHANNELS,YT_PROTOCOL_TYPE) values(341093, 4, 35093, '1015092', 'B0000808',1,'1076测试服务器','4',8,'0');
insert into V_VEHICLEINFO (ORG_CODE,VEHICLE_ID,ID_NUMBER,TYPE_ID,TERMINAL_ID,DELETE_FLAG,COLOR_ID_NUMBER_ID,AUTHORIZED_PAY_MASS) values ('B0000808','3401093', '测B15092', 4, 341093, 0, '2',15);

insert into T_SIMINFO (SIM_ID, ORG_CODE, DEPTCODE, STATE,PAY_MODLE, SIM_NUM) values(35094, 'B0000808', '中国移动', 1, '预付费', 13100015093);
insert into T_TERMINALINFO (TERMINAL_ID,TTYPE_ID,SIM_ID,TERMINAL_CODE,ORG_CODE,IS_VIDEO_TERMINAL,SP_SERVER_NAME,PROTOCOL_TYPE,CHANNELS,YT_PROTOCOL_TYPE) values(341094, 4, 35094, '1015093', 'B0000808',1,'1076测试服务器','4',8,'0');
insert into V_VEHICLEINFO (ORG_CODE,VEHICLE_ID,ID_NUMBER,TYPE_ID,TERMINAL_ID,DELETE_FLAG,COLOR_ID_NUMBER_ID,AUTHORIZED_PAY_MASS) values ('B0000808','3401094', '测B15093', 4, 341094, 0, '2',15);

insert into T_SIMINFO (SIM_ID, ORG_CODE, DEPTCODE, STATE,PAY_MODLE, SIM_NUM) values(35095, 'B0000808', '中国移动', 1, '预付费', 13100015094);
insert into T_TERMINALINFO (TERMINAL_ID,TTYPE_ID,SIM_ID,TERMINAL_CODE,ORG_CODE,IS_VIDEO_TERMINAL,SP_SERVER_NAME,PROTOCOL_TYPE,CHANNELS,YT_PROTOCOL_TYPE) values(341095, 4, 35095, '1015094', 'B0000808',1,'1076测试服务器','4',8,'0');
insert into V_VEHICLEINFO (ORG_CODE,VEHICLE_ID,ID_NUMBER,TYPE_ID,TERMINAL_ID,DELETE_FLAG,COLOR_ID_NUMBER_ID,AUTHORIZED_PAY_MASS) values ('B0000808','3401095', '测B15094', 4, 341095, 0, '2',15);

insert into T_SIMINFO (SIM_ID, ORG_CODE, DEPTCODE, STATE,PAY_MODLE, SIM_NUM) values(35096, 'B0000808', '中国移动', 1, '预付费', 13100015095);
insert into T_TERMINALINFO (TERMINAL_ID,TTYPE_ID,SIM_ID,TERMINAL_CODE,ORG_CODE,IS_VIDEO_TERMINAL,SP_SERVER_NAME,PROTOCOL_TYPE,CHANNELS,YT_PROTOCOL_TYPE) values(341096, 4, 35096, '1015095', 'B0000808',1,'1076测试服务器','4',8,'0');
insert into V_VEHICLEINFO (ORG_CODE,VEHICLE_ID,ID_NUMBER,TYPE_ID,TERMINAL_ID,DELETE_FLAG,COLOR_ID_NUMBER_ID,AUTHORIZED_PAY_MASS) values ('B0000808','3401096', '测B15095', 4, 341096, 0, '2',15);

insert into T_SIMINFO (SIM_ID, ORG_CODE, DEPTCODE, STATE,PAY_MODLE, SIM_NUM) values(35097, 'B0000808', '中国移动', 1, '预付费', 13100015096);
insert into T_TERMINALINFO (TERMINAL_ID,TTYPE_ID,SIM_ID,TERMINAL_CODE,ORG_CODE,IS_VIDEO_TERMINAL,SP_SERVER_NAME,PROTOCOL_TYPE,CHANNELS,YT_PROTOCOL_TYPE) values(341097, 4, 35097, '1015096', 'B0000808',1,'1076测试服务器','4',8,'0');
insert into V_VEHICLEINFO (ORG_CODE,VEHICLE_ID,ID_NUMBER,TYPE_ID,TERMINAL_ID,DELETE_FLAG,COLOR_ID_NUMBER_ID,AUTHORIZED_PAY_MASS) values ('B0000808','3401097', '测B15096', 4, 341097, 0, '2',15);

insert into T_SIMINFO (SIM_ID, ORG_CODE, DEPTCODE, STATE,PAY_MODLE, SIM_NUM) values(35098, 'B0000808', '中国移动', 1, '预付费', 13100015097);
insert into T_TERMINALINFO (TERMINAL_ID,TTYPE_ID,SIM_ID,TERMINAL_CODE,ORG_CODE,IS_VIDEO_TERMINAL,SP_SERVER_NAME,PROTOCOL_TYPE,CHANNELS,YT_PROTOCOL_TYPE) values(341098, 4, 35098, '1015097', 'B0000808',1,'1076测试服务器','4',8,'0');
insert into V_VEHICLEINFO (ORG_CODE,VEHICLE_ID,ID_NUMBER,TYPE_ID,TERMINAL_ID,DELETE_FLAG,COLOR_ID_NUMBER_ID,AUTHORIZED_PAY_MASS) values ('B0000808','3401098', '测B15097', 4, 341098, 0, '2',15);

insert into T_SIMINFO (SIM_ID, ORG_CODE, DEPTCODE, STATE,PAY_MODLE, SIM_NUM) values(35099, 'B0000808', '中国移动', 1, '预付费', 13100015098);
insert into T_TERMINALINFO (TERMINAL_ID,TTYPE_ID,SIM_ID,TERMINAL_CODE,ORG_CODE,IS_VIDEO_TERMINAL,SP_SERVER_NAME,PROTOCOL_TYPE,CHANNELS,YT_PROTOCOL_TYPE) values(341099, 4, 35099, '1015098', 'B0000808',1,'1076测试服务器','4',8,'0');
insert into V_VEHICLEINFO (ORG_CODE,VEHICLE_ID,ID_NUMBER,TYPE_ID,TERMINAL_ID,DELETE_FLAG,COLOR_ID_NUMBER_ID,AUTHORIZED_PAY_MASS) values ('B0000808','3401099', '测B15098', 4, 341099, 0, '2',15);

insert into T_SIMINFO (SIM_ID, ORG_CODE, DEPTCODE, STATE,PAY_MODLE, SIM_NUM) values(35100, 'B0000808', '中国移动', 1, '预付费', 13100015099);
insert into T_TERMINALINFO (TERMINAL_ID,TTYPE_ID,SIM_ID,TERMINAL_CODE,ORG_CODE,IS_VIDEO_TERMINAL,SP_SERVER_NAME,PROTOCOL_TYPE,CHANNELS,YT_PROTOCOL_TYPE) values(341100, 4, 35100, '1015099', 'B0000808',1,'1076测试服务器','4',8,'0');
insert into V_VEHICLEINFO (ORG_CODE,VEHICLE_ID,ID_NUMBER,TYPE_ID,TERMINAL_ID,DELETE_FLAG,COLOR_ID_NUMBER_ID,AUTHORIZED_PAY_MASS) values ('B0000808','3401100', '测B15099', 4, 341100, 0, '2',15);

insert into T_SIMINFO (SIM_ID, ORG_CODE, DEPTCODE, STATE,PAY_MODLE, SIM_NUM) values(35101, 'B0000808', '中国移动', 1, '预付费', 13100015100);
insert into T_TERMINALINFO (TERMINAL_ID,TTYPE_ID,SIM_ID,TERMINAL_CODE,ORG_CODE,IS_VIDEO_TERMINAL,SP_SERVER_NAME,PROTOCOL_TYPE,CHANNELS,YT_PROTOCOL_TYPE) values(341101, 4, 35101, '1015100', 'B0000808',1,'1076测试服务器','4',8,'0');
insert into V_VEHICLEINFO (ORG_CODE,VEHICLE_ID,ID_NUMBER,TYPE_ID,TERMINAL_ID,DELETE_FLAG,COLOR_ID_NUMBER_ID,AUTHORIZED_PAY_MASS) values ('B0000808','3401101', '测B15100', 4, 341101, 0, '2',15);

insert into T_SIMINFO (SIM_ID, ORG_CODE, DEPTCODE, STATE,PAY_MODLE, SIM_NUM) values(35102, 'B0000808', '中国移动', 1, '预付费', 13100015101);
insert into T_TERMINALINFO (TERMINAL_ID,TTYPE_ID,SIM_ID,TERMINAL_CODE,ORG_CODE,IS_VIDEO_TERMINAL,SP_SERVER_NAME,PROTOCOL_TYPE,CHANNELS,YT_PROTOCOL_TYPE) values(341102, 4, 35102, '1015101', 'B0000808',1,'1076测试服务器','4',8,'0');
insert into V_VEHICLEINFO (ORG_CODE,VEHICLE_ID,ID_NUMBER,TYPE_ID,TERMINAL_ID,DELETE_FLAG,COLOR_ID_NUMBER_ID,AUTHORIZED_PAY_MASS) values ('B0000808','3401102', '测B15101', 4, 341102, 0, '2',15);

insert into T_SIMINFO (SIM_ID, ORG_CODE, DEPTCODE, STATE,PAY_MODLE, SIM_NUM) values(35103, 'B0000808', '中国移动', 1, '预付费', 13100015102);
insert into T_TERMINALINFO (TERMINAL_ID,TTYPE_ID,SIM_ID,TERMINAL_CODE,ORG_CODE,IS_VIDEO_TERMINAL,SP_SERVER_NAME,PROTOCOL_TYPE,CHANNELS,YT_PROTOCOL_TYPE) values(341103, 4, 35103, '1015102', 'B0000808',1,'1076测试服务器','4',8,'0');
insert into V_VEHICLEINFO (ORG_CODE,VEHICLE_ID,ID_NUMBER,TYPE_ID,TERMINAL_ID,DELETE_FLAG,COLOR_ID_NUMBER_ID,AUTHORIZED_PAY_MASS) values ('B0000808','3401103', '测B15102', 4, 341103, 0, '2',15);

insert into T_SIMINFO (SIM_ID, ORG_CODE, DEPTCODE, STATE,PAY_MODLE, SIM_NUM) values(35104, 'B0000808', '中国移动', 1, '预付费', 13100015103);
insert into T_TERMINALINFO (TERMINAL_ID,TTYPE_ID,SIM_ID,TERMINAL_CODE,ORG_CODE,IS_VIDEO_TERMINAL,SP_SERVER_NAME,PROTOCOL_TYPE,CHANNELS,YT_PROTOCOL_TYPE) values(341104, 4, 35104, '1015103', 'B0000808',1,'1076测试服务器','4',8,'0');
insert into V_VEHICLEINFO (ORG_CODE,VEHICLE_ID,ID_NUMBER,TYPE_ID,TERMINAL_ID,DELETE_FLAG,COLOR_ID_NUMBER_ID,AUTHORIZED_PAY_MASS) values ('B0000808','3401104', '测B15103', 4, 341104, 0, '2',15);

insert into T_SIMINFO (SIM_ID, ORG_CODE, DEPTCODE, STATE,PAY_MODLE, SIM_NUM) values(35105, 'B0000808', '中国移动', 1, '预付费', 13100015104);
insert into T_TERMINALINFO (TERMINAL_ID,TTYPE_ID,SIM_ID,TERMINAL_CODE,ORG_CODE,IS_VIDEO_TERMINAL,SP_SERVER_NAME,PROTOCOL_TYPE,CHANNELS,YT_PROTOCOL_TYPE) values(341105, 4, 35105, '1015104', 'B0000808',1,'1076测试服务器','4',8,'0');
insert into V_VEHICLEINFO (ORG_CODE,VEHICLE_ID,ID_NUMBER,TYPE_ID,TERMINAL_ID,DELETE_FLAG,COLOR_ID_NUMBER_ID,AUTHORIZED_PAY_MASS) values ('B0000808','3401105', '测B15104', 4, 341105, 0, '2',15);

insert into T_SIMINFO (SIM_ID, ORG_CODE, DEPTCODE, STATE,PAY_MODLE, SIM_NUM) values(35106, 'B0000808', '中国移动', 1, '预付费', 13100015105);
insert into T_TERMINALINFO (TERMINAL_ID,TTYPE_ID,SIM_ID,TERMINAL_CODE,ORG_CODE,IS_VIDEO_TERMINAL,SP_SERVER_NAME,PROTOCOL_TYPE,CHANNELS,YT_PROTOCOL_TYPE) values(341106, 4, 35106, '1015105', 'B0000808',1,'1076测试服务器','4',8,'0');
insert into V_VEHICLEINFO (ORG_CODE,VEHICLE_ID,ID_NUMBER,TYPE_ID,TERMINAL_ID,DELETE_FLAG,COLOR_ID_NUMBER_ID,AUTHORIZED_PAY_MASS) values ('B0000808','3401106', '测B15105', 4, 341106, 0, '2',15);

insert into T_SIMINFO (SIM_ID, ORG_CODE, DEPTCODE, STATE,PAY_MODLE, SIM_NUM) values(35107, 'B0000808', '中国移动', 1, '预付费', 13100015106);
insert into T_TERMINALINFO (TERMINAL_ID,TTYPE_ID,SIM_ID,TERMINAL_CODE,ORG_CODE,IS_VIDEO_TERMINAL,SP_SERVER_NAME,PROTOCOL_TYPE,CHANNELS,YT_PROTOCOL_TYPE) values(341107, 4, 35107, '1015106', 'B0000808',1,'1076测试服务器','4',8,'0');
insert into V_VEHICLEINFO (ORG_CODE,VEHICLE_ID,ID_NUMBER,TYPE_ID,TERMINAL_ID,DELETE_FLAG,COLOR_ID_NUMBER_ID,AUTHORIZED_PAY_MASS) values ('B0000808','3401107', '测B15106', 4, 341107, 0, '2',15);

insert into T_SIMINFO (SIM_ID, ORG_CODE, DEPTCODE, STATE,PAY_MODLE, SIM_NUM) values(35108, 'B0000808', '中国移动', 1, '预付费', 13100015107);
insert into T_TERMINALINFO (TERMINAL_ID,TTYPE_ID,SIM_ID,TERMINAL_CODE,ORG_CODE,IS_VIDEO_TERMINAL,SP_SERVER_NAME,PROTOCOL_TYPE,CHANNELS,YT_PROTOCOL_TYPE) values(341108, 4, 35108, '1015107', 'B0000808',1,'1076测试服务器','4',8,'0');
insert into V_VEHICLEINFO (ORG_CODE,VEHICLE_ID,ID_NUMBER,TYPE_ID,TERMINAL_ID,DELETE_FLAG,COLOR_ID_NUMBER_ID,AUTHORIZED_PAY_MASS) values ('B0000808','3401108', '测B15107', 4, 341108, 0, '2',15);

insert into T_SIMINFO (SIM_ID, ORG_CODE, DEPTCODE, STATE,PAY_MODLE, SIM_NUM) values(35109, 'B0000808', '中国移动', 1, '预付费', 13100015108);
insert into T_TERMINALINFO (TERMINAL_ID,TTYPE_ID,SIM_ID,TERMINAL_CODE,ORG_CODE,IS_VIDEO_TERMINAL,SP_SERVER_NAME,PROTOCOL_TYPE,CHANNELS,YT_PROTOCOL_TYPE) values(341109, 4, 35109, '1015108', 'B0000808',1,'1076测试服务器','4',8,'0');
insert into V_VEHICLEINFO (ORG_CODE,VEHICLE_ID,ID_NUMBER,TYPE_ID,TERMINAL_ID,DELETE_FLAG,COLOR_ID_NUMBER_ID,AUTHORIZED_PAY_MASS) values ('B0000808','3401109', '测B15108', 4, 341109, 0, '2',15);

insert into T_SIMINFO (SIM_ID, ORG_CODE, DEPTCODE, STATE,PAY_MODLE, SIM_NUM) values(35110, 'B0000808', '中国移动', 1, '预付费', 13100015109);
insert into T_TERMINALINFO (TERMINAL_ID,TTYPE_ID,SIM_ID,TERMINAL_CODE,ORG_CODE,IS_VIDEO_TERMINAL,SP_SERVER_NAME,PROTOCOL_TYPE,CHANNELS,YT_PROTOCOL_TYPE) values(341110, 4, 35110, '1015109', 'B0000808',1,'1076测试服务器','4',8,'0');
insert into V_VEHICLEINFO (ORG_CODE,VEHICLE_ID,ID_NUMBER,TYPE_ID,TERMINAL_ID,DELETE_FLAG,COLOR_ID_NUMBER_ID,AUTHORIZED_PAY_MASS) values ('B0000808','3401110', '测B15109', 4, 341110, 0, '2',15);

insert into T_SIMINFO (SIM_ID, ORG_CODE, DEPTCODE, STATE,PAY_MODLE, SIM_NUM) values(35111, 'B0000808', '中国移动', 1, '预付费', 13100015110);
insert into T_TERMINALINFO (TERMINAL_ID,TTYPE_ID,SIM_ID,TERMINAL_CODE,ORG_CODE,IS_VIDEO_TERMINAL,SP_SERVER_NAME,PROTOCOL_TYPE,CHANNELS,YT_PROTOCOL_TYPE) values(341111, 4, 35111, '1015110', 'B0000808',1,'1076测试服务器','4',8,'0');
insert into V_VEHICLEINFO (ORG_CODE,VEHICLE_ID,ID_NUMBER,TYPE_ID,TERMINAL_ID,DELETE_FLAG,COLOR_ID_NUMBER_ID,AUTHORIZED_PAY_MASS) values ('B0000808','3401111', '测B15110', 4, 341111, 0, '2',15);

insert into T_SIMINFO (SIM_ID, ORG_CODE, DEPTCODE, STATE,PAY_MODLE, SIM_NUM) values(35112, 'B0000808', '中国移动', 1, '预付费', 13100015111);
insert into T_TERMINALINFO (TERMINAL_ID,TTYPE_ID,SIM_ID,TERMINAL_CODE,ORG_CODE,IS_VIDEO_TERMINAL,SP_SERVER_NAME,PROTOCOL_TYPE,CHANNELS,YT_PROTOCOL_TYPE) values(341112, 4, 35112, '1015111', 'B0000808',1,'1076测试服务器','4',8,'0');
insert into V_VEHICLEINFO (ORG_CODE,VEHICLE_ID,ID_NUMBER,TYPE_ID,TERMINAL_ID,DELETE_FLAG,COLOR_ID_NUMBER_ID,AUTHORIZED_PAY_MASS) values ('B0000808','3401112', '测B15111', 4, 341112, 0, '2',15);

insert into T_SIMINFO (SIM_ID, ORG_CODE, DEPTCODE, STATE,PAY_MODLE, SIM_NUM) values(35113, 'B0000808', '中国移动', 1, '预付费', 13100015112);
insert into T_TERMINALINFO (TERMINAL_ID,TTYPE_ID,SIM_ID,TERMINAL_CODE,ORG_CODE,IS_VIDEO_TERMINAL,SP_SERVER_NAME,PROTOCOL_TYPE,CHANNELS,YT_PROTOCOL_TYPE) values(341113, 4, 35113, '1015112', 'B0000808',1,'1076测试服务器','4',8,'0');
insert into V_VEHICLEINFO (ORG_CODE,VEHICLE_ID,ID_NUMBER,TYPE_ID,TERMINAL_ID,DELETE_FLAG,COLOR_ID_NUMBER_ID,AUTHORIZED_PAY_MASS) values ('B0000808','3401113', '测B15112', 4, 341113, 0, '2',15);

insert into T_SIMINFO (SIM_ID, ORG_CODE, DEPTCODE, STATE,PAY_MODLE, SIM_NUM) values(35114, 'B0000808', '中国移动', 1, '预付费', 13100015113);
insert into T_TERMINALINFO (TERMINAL_ID,TTYPE_ID,SIM_ID,TERMINAL_CODE,ORG_CODE,IS_VIDEO_TERMINAL,SP_SERVER_NAME,PROTOCOL_TYPE,CHANNELS,YT_PROTOCOL_TYPE) values(341114, 4, 35114, '1015113', 'B0000808',1,'1076测试服务器','4',8,'0');
insert into V_VEHICLEINFO (ORG_CODE,VEHICLE_ID,ID_NUMBER,TYPE_ID,TERMINAL_ID,DELETE_FLAG,COLOR_ID_NUMBER_ID,AUTHORIZED_PAY_MASS) values ('B0000808','3401114', '测B15113', 4, 341114, 0, '2',15);

insert into T_SIMINFO (SIM_ID, ORG_CODE, DEPTCODE, STATE,PAY_MODLE, SIM_NUM) values(35115, 'B0000808', '中国移动', 1, '预付费', 13100015114);
insert into T_TERMINALINFO (TERMINAL_ID,TTYPE_ID,SIM_ID,TERMINAL_CODE,ORG_CODE,IS_VIDEO_TERMINAL,SP_SERVER_NAME,PROTOCOL_TYPE,CHANNELS,YT_PROTOCOL_TYPE) values(341115, 4, 35115, '1015114', 'B0000808',1,'1076测试服务器','4',8,'0');
insert into V_VEHICLEINFO (ORG_CODE,VEHICLE_ID,ID_NUMBER,TYPE_ID,TERMINAL_ID,DELETE_FLAG,COLOR_ID_NUMBER_ID,AUTHORIZED_PAY_MASS) values ('B0000808','3401115', '测B15114', 4, 341115, 0, '2',15);

insert into T_SIMINFO (SIM_ID, ORG_CODE, DEPTCODE, STATE,PAY_MODLE, SIM_NUM) values(35116, 'B0000808', '中国移动', 1, '预付费', 13100015115);
insert into T_TERMINALINFO (TERMINAL_ID,TTYPE_ID,SIM_ID,TERMINAL_CODE,ORG_CODE,IS_VIDEO_TERMINAL,SP_SERVER_NAME,PROTOCOL_TYPE,CHANNELS,YT_PROTOCOL_TYPE) values(341116, 4, 35116, '1015115', 'B0000808',1,'1076测试服务器','4',8,'0');
insert into V_VEHICLEINFO (ORG_CODE,VEHICLE_ID,ID_NUMBER,TYPE_ID,TERMINAL_ID,DELETE_FLAG,COLOR_ID_NUMBER_ID,AUTHORIZED_PAY_MASS) values ('B0000808','3401116', '测B15115', 4, 341116, 0, '2',15);

insert into T_SIMINFO (SIM_ID, ORG_CODE, DEPTCODE, STATE,PAY_MODLE, SIM_NUM) values(35117, 'B0000808', '中国移动', 1, '预付费', 13100015116);
insert into T_TERMINALINFO (TERMINAL_ID,TTYPE_ID,SIM_ID,TERMINAL_CODE,ORG_CODE,IS_VIDEO_TERMINAL,SP_SERVER_NAME,PROTOCOL_TYPE,CHANNELS,YT_PROTOCOL_TYPE) values(341117, 4, 35117, '1015116', 'B0000808',1,'1076测试服务器','4',8,'0');
insert into V_VEHICLEINFO (ORG_CODE,VEHICLE_ID,ID_NUMBER,TYPE_ID,TERMINAL_ID,DELETE_FLAG,COLOR_ID_NUMBER_ID,AUTHORIZED_PAY_MASS) values ('B0000808','3401117', '测B15116', 4, 341117, 0, '2',15);

insert into T_SIMINFO (SIM_ID, ORG_CODE, DEPTCODE, STATE,PAY_MODLE, SIM_NUM) values(35118, 'B0000808', '中国移动', 1, '预付费', 13100015117);
insert into T_TERMINALINFO (TERMINAL_ID,TTYPE_ID,SIM_ID,TERMINAL_CODE,ORG_CODE,IS_VIDEO_TERMINAL,SP_SERVER_NAME,PROTOCOL_TYPE,CHANNELS,YT_PROTOCOL_TYPE) values(341118, 4, 35118, '1015117', 'B0000808',1,'1076测试服务器','4',8,'0');
insert into V_VEHICLEINFO (ORG_CODE,VEHICLE_ID,ID_NUMBER,TYPE_ID,TERMINAL_ID,DELETE_FLAG,COLOR_ID_NUMBER_ID,AUTHORIZED_PAY_MASS) values ('B0000808','3401118', '测B15117', 4, 341118, 0, '2',15);

insert into T_SIMINFO (SIM_ID, ORG_CODE, DEPTCODE, STATE,PAY_MODLE, SIM_NUM) values(35119, 'B0000808', '中国移动', 1, '预付费', 13100015118);
insert into T_TERMINALINFO (TERMINAL_ID,TTYPE_ID,SIM_ID,TERMINAL_CODE,ORG_CODE,IS_VIDEO_TERMINAL,SP_SERVER_NAME,PROTOCOL_TYPE,CHANNELS,YT_PROTOCOL_TYPE) values(341119, 4, 35119, '1015118', 'B0000808',1,'1076测试服务器','4',8,'0');
insert into V_VEHICLEINFO (ORG_CODE,VEHICLE_ID,ID_NUMBER,TYPE_ID,TERMINAL_ID,DELETE_FLAG,COLOR_ID_NUMBER_ID,AUTHORIZED_PAY_MASS) values ('B0000808','3401119', '测B15118', 4, 341119, 0, '2',15);

insert into T_SIMINFO (SIM_ID, ORG_CODE, DEPTCODE, STATE,PAY_MODLE, SIM_NUM) values(35120, 'B0000808', '中国移动', 1, '预付费', 13100015119);
insert into T_TERMINALINFO (TERMINAL_ID,TTYPE_ID,SIM_ID,TERMINAL_CODE,ORG_CODE,IS_VIDEO_TERMINAL,SP_SERVER_NAME,PROTOCOL_TYPE,CHANNELS,YT_PROTOCOL_TYPE) values(341120, 4, 35120, '1015119', 'B0000808',1,'1076测试服务器','4',8,'0');
insert into V_VEHICLEINFO (ORG_CODE,VEHICLE_ID,ID_NUMBER,TYPE_ID,TERMINAL_ID,DELETE_FLAG,COLOR_ID_NUMBER_ID,AUTHORIZED_PAY_MASS) values ('B0000808','3401120', '测B15119', 4, 341120, 0, '2',15);

insert into T_SIMINFO (SIM_ID, ORG_CODE, DEPTCODE, STATE,PAY_MODLE, SIM_NUM) values(35121, 'B0000808', '中国移动', 1, '预付费', 13100015120);
insert into T_TERMINALINFO (TERMINAL_ID,TTYPE_ID,SIM_ID,TERMINAL_CODE,ORG_CODE,IS_VIDEO_TERMINAL,SP_SERVER_NAME,PROTOCOL_TYPE,CHANNELS,YT_PROTOCOL_TYPE) values(341121, 4, 35121, '1015120', 'B0000808',1,'1076测试服务器','4',8,'0');
insert into V_VEHICLEINFO (ORG_CODE,VEHICLE_ID,ID_NUMBER,TYPE_ID,TERMINAL_ID,DELETE_FLAG,COLOR_ID_NUMBER_ID,AUTHORIZED_PAY_MASS) values ('B0000808','3401121', '测B15120', 4, 341121, 0, '2',15);

insert into T_SIMINFO (SIM_ID, ORG_CODE, DEPTCODE, STATE,PAY_MODLE, SIM_NUM) values(35122, 'B0000808', '中国移动', 1, '预付费', 13100015121);
insert into T_TERMINALINFO (TERMINAL_ID,TTYPE_ID,SIM_ID,TERMINAL_CODE,ORG_CODE,IS_VIDEO_TERMINAL,SP_SERVER_NAME,PROTOCOL_TYPE,CHANNELS,YT_PROTOCOL_TYPE) values(341122, 4, 35122, '1015121', 'B0000808',1,'1076测试服务器','4',8,'0');
insert into V_VEHICLEINFO (ORG_CODE,VEHICLE_ID,ID_NUMBER,TYPE_ID,TERMINAL_ID,DELETE_FLAG,COLOR_ID_NUMBER_ID,AUTHORIZED_PAY_MASS) values ('B0000808','3401122', '测B15121', 4, 341122, 0, '2',15);

insert into T_SIMINFO (SIM_ID, ORG_CODE, DEPTCODE, STATE,PAY_MODLE, SIM_NUM) values(35123, 'B0000808', '中国移动', 1, '预付费', 13100015122);
insert into T_TERMINALINFO (TERMINAL_ID,TTYPE_ID,SIM_ID,TERMINAL_CODE,ORG_CODE,IS_VIDEO_TERMINAL,SP_SERVER_NAME,PROTOCOL_TYPE,CHANNELS,YT_PROTOCOL_TYPE) values(341123, 4, 35123, '1015122', 'B0000808',1,'1076测试服务器','4',8,'0');
insert into V_VEHICLEINFO (ORG_CODE,VEHICLE_ID,ID_NUMBER,TYPE_ID,TERMINAL_ID,DELETE_FLAG,COLOR_ID_NUMBER_ID,AUTHORIZED_PAY_MASS) values ('B0000808','3401123', '测B15122', 4, 341123, 0, '2',15);

insert into T_SIMINFO (SIM_ID, ORG_CODE, DEPTCODE, STATE,PAY_MODLE, SIM_NUM) values(35124, 'B0000808', '中国移动', 1, '预付费', 13100015123);
insert into T_TERMINALINFO (TERMINAL_ID,TTYPE_ID,SIM_ID,TERMINAL_CODE,ORG_CODE,IS_VIDEO_TERMINAL,SP_SERVER_NAME,PROTOCOL_TYPE,CHANNELS,YT_PROTOCOL_TYPE) values(341124, 4, 35124, '1015123', 'B0000808',1,'1076测试服务器','4',8,'0');
insert into V_VEHICLEINFO (ORG_CODE,VEHICLE_ID,ID_NUMBER,TYPE_ID,TERMINAL_ID,DELETE_FLAG,COLOR_ID_NUMBER_ID,AUTHORIZED_PAY_MASS) values ('B0000808','3401124', '测B15123', 4, 341124, 0, '2',15);

insert into T_SIMINFO (SIM_ID, ORG_CODE, DEPTCODE, STATE,PAY_MODLE, SIM_NUM) values(35125, 'B0000808', '中国移动', 1, '预付费', 13100015124);
insert into T_TERMINALINFO (TERMINAL_ID,TTYPE_ID,SIM_ID,TERMINAL_CODE,ORG_CODE,IS_VIDEO_TERMINAL,SP_SERVER_NAME,PROTOCOL_TYPE,CHANNELS,YT_PROTOCOL_TYPE) values(341125, 4, 35125, '1015124', 'B0000808',1,'1076测试服务器','4',8,'0');
insert into V_VEHICLEINFO (ORG_CODE,VEHICLE_ID,ID_NUMBER,TYPE_ID,TERMINAL_ID,DELETE_FLAG,COLOR_ID_NUMBER_ID,AUTHORIZED_PAY_MASS) values ('B0000808','3401125', '测B15124', 4, 341125, 0, '2',15);

insert into T_SIMINFO (SIM_ID, ORG_CODE, DEPTCODE, STATE,PAY_MODLE, SIM_NUM) values(35126, 'B0000808', '中国移动', 1, '预付费', 13100015125);
insert into T_TERMINALINFO (TERMINAL_ID,TTYPE_ID,SIM_ID,TERMINAL_CODE,ORG_CODE,IS_VIDEO_TERMINAL,SP_SERVER_NAME,PROTOCOL_TYPE,CHANNELS,YT_PROTOCOL_TYPE) values(341126, 4, 35126, '1015125', 'B0000808',1,'1076测试服务器','4',8,'0');
insert into V_VEHICLEINFO (ORG_CODE,VEHICLE_ID,ID_NUMBER,TYPE_ID,TERMINAL_ID,DELETE_FLAG,COLOR_ID_NUMBER_ID,AUTHORIZED_PAY_MASS) values ('B0000808','3401126', '测B15125', 4, 341126, 0, '2',15);

insert into T_SIMINFO (SIM_ID, ORG_CODE, DEPTCODE, STATE,PAY_MODLE, SIM_NUM) values(35127, 'B0000808', '中国移动', 1, '预付费', 13100015126);
insert into T_TERMINALINFO (TERMINAL_ID,TTYPE_ID,SIM_ID,TERMINAL_CODE,ORG_CODE,IS_VIDEO_TERMINAL,SP_SERVER_NAME,PROTOCOL_TYPE,CHANNELS,YT_PROTOCOL_TYPE) values(341127, 4, 35127, '1015126', 'B0000808',1,'1076测试服务器','4',8,'0');
insert into V_VEHICLEINFO (ORG_CODE,VEHICLE_ID,ID_NUMBER,TYPE_ID,TERMINAL_ID,DELETE_FLAG,COLOR_ID_NUMBER_ID,AUTHORIZED_PAY_MASS) values ('B0000808','3401127', '测B15126', 4, 341127, 0, '2',15);

insert into T_SIMINFO (SIM_ID, ORG_CODE, DEPTCODE, STATE,PAY_MODLE, SIM_NUM) values(35128, 'B0000808', '中国移动', 1, '预付费', 13100015127);
insert into T_TERMINALINFO (TERMINAL_ID,TTYPE_ID,SIM_ID,TERMINAL_CODE,ORG_CODE,IS_VIDEO_TERMINAL,SP_SERVER_NAME,PROTOCOL_TYPE,CHANNELS,YT_PROTOCOL_TYPE) values(341128, 4, 35128, '1015127', 'B0000808',1,'1076测试服务器','4',8,'0');
insert into V_VEHICLEINFO (ORG_CODE,VEHICLE_ID,ID_NUMBER,TYPE_ID,TERMINAL_ID,DELETE_FLAG,COLOR_ID_NUMBER_ID,AUTHORIZED_PAY_MASS) values ('B0000808','3401128', '测B15127', 4, 341128, 0, '2',15);

insert into T_SIMINFO (SIM_ID, ORG_CODE, DEPTCODE, STATE,PAY_MODLE, SIM_NUM) values(35129, 'B0000808', '中国移动', 1, '预付费', 13100015128);
insert into T_TERMINALINFO (TERMINAL_ID,TTYPE_ID,SIM_ID,TERMINAL_CODE,ORG_CODE,IS_VIDEO_TERMINAL,SP_SERVER_NAME,PROTOCOL_TYPE,CHANNELS,YT_PROTOCOL_TYPE) values(341129, 4, 35129, '1015128', 'B0000808',1,'1076测试服务器','4',8,'0');
insert into V_VEHICLEINFO (ORG_CODE,VEHICLE_ID,ID_NUMBER,TYPE_ID,TERMINAL_ID,DELETE_FLAG,COLOR_ID_NUMBER_ID,AUTHORIZED_PAY_MASS) values ('B0000808','3401129', '测B15128', 4, 341129, 0, '2',15);

insert into T_SIMINFO (SIM_ID, ORG_CODE, DEPTCODE, STATE,PAY_MODLE, SIM_NUM) values(35130, 'B0000808', '中国移动', 1, '预付费', 13100015129);
insert into T_TERMINALINFO (TERMINAL_ID,TTYPE_ID,SIM_ID,TERMINAL_CODE,ORG_CODE,IS_VIDEO_TERMINAL,SP_SERVER_NAME,PROTOCOL_TYPE,CHANNELS,YT_PROTOCOL_TYPE) values(341130, 4, 35130, '1015129', 'B0000808',1,'1076测试服务器','4',8,'0');
insert into V_VEHICLEINFO (ORG_CODE,VEHICLE_ID,ID_NUMBER,TYPE_ID,TERMINAL_ID,DELETE_FLAG,COLOR_ID_NUMBER_ID,AUTHORIZED_PAY_MASS) values ('B0000808','3401130', '测B15129', 4, 341130, 0, '2',15);

insert into T_SIMINFO (SIM_ID, ORG_CODE, DEPTCODE, STATE,PAY_MODLE, SIM_NUM) values(35131, 'B0000808', '中国移动', 1, '预付费', 13100015130);
insert into T_TERMINALINFO (TERMINAL_ID,TTYPE_ID,SIM_ID,TERMINAL_CODE,ORG_CODE,IS_VIDEO_TERMINAL,SP_SERVER_NAME,PROTOCOL_TYPE,CHANNELS,YT_PROTOCOL_TYPE) values(341131, 4, 35131, '1015130', 'B0000808',1,'1076测试服务器','4',8,'0');
insert into V_VEHICLEINFO (ORG_CODE,VEHICLE_ID,ID_NUMBER,TYPE_ID,TERMINAL_ID,DELETE_FLAG,COLOR_ID_NUMBER_ID,AUTHORIZED_PAY_MASS) values ('B0000808','3401131', '测B15130', 4, 341131, 0, '2',15);

insert into T_SIMINFO (SIM_ID, ORG_CODE, DEPTCODE, STATE,PAY_MODLE, SIM_NUM) values(35132, 'B0000808', '中国移动', 1, '预付费', 13100015131);
insert into T_TERMINALINFO (TERMINAL_ID,TTYPE_ID,SIM_ID,TERMINAL_CODE,ORG_CODE,IS_VIDEO_TERMINAL,SP_SERVER_NAME,PROTOCOL_TYPE,CHANNELS,YT_PROTOCOL_TYPE) values(341132, 4, 35132, '1015131', 'B0000808',1,'1076测试服务器','4',8,'0');
insert into V_VEHICLEINFO (ORG_CODE,VEHICLE_ID,ID_NUMBER,TYPE_ID,TERMINAL_ID,DELETE_FLAG,COLOR_ID_NUMBER_ID,AUTHORIZED_PAY_MASS) values ('B0000808','3401132', '测B15131', 4, 341132, 0, '2',15);

insert into T_SIMINFO (SIM_ID, ORG_CODE, DEPTCODE, STATE,PAY_MODLE, SIM_NUM) values(35133, 'B0000808', '中国移动', 1, '预付费', 13100015132);
insert into T_TERMINALINFO (TERMINAL_ID,TTYPE_ID,SIM_ID,TERMINAL_CODE,ORG_CODE,IS_VIDEO_TERMINAL,SP_SERVER_NAME,PROTOCOL_TYPE,CHANNELS,YT_PROTOCOL_TYPE) values(341133, 4, 35133, '1015132', 'B0000808',1,'1076测试服务器','4',8,'0');
insert into V_VEHICLEINFO (ORG_CODE,VEHICLE_ID,ID_NUMBER,TYPE_ID,TERMINAL_ID,DELETE_FLAG,COLOR_ID_NUMBER_ID,AUTHORIZED_PAY_MASS) values ('B0000808','3401133', '测B15132', 4, 341133, 0, '2',15);

insert into T_SIMINFO (SIM_ID, ORG_CODE, DEPTCODE, STATE,PAY_MODLE, SIM_NUM) values(35134, 'B0000808', '中国移动', 1, '预付费', 13100015133);
insert into T_TERMINALINFO (TERMINAL_ID,TTYPE_ID,SIM_ID,TERMINAL_CODE,ORG_CODE,IS_VIDEO_TERMINAL,SP_SERVER_NAME,PROTOCOL_TYPE,CHANNELS,YT_PROTOCOL_TYPE) values(341134, 4, 35134, '1015133', 'B0000808',1,'1076测试服务器','4',8,'0');
insert into V_VEHICLEINFO (ORG_CODE,VEHICLE_ID,ID_NUMBER,TYPE_ID,TERMINAL_ID,DELETE_FLAG,COLOR_ID_NUMBER_ID,AUTHORIZED_PAY_MASS) values ('B0000808','3401134', '测B15133', 4, 341134, 0, '2',15);

insert into T_SIMINFO (SIM_ID, ORG_CODE, DEPTCODE, STATE,PAY_MODLE, SIM_NUM) values(35135, 'B0000808', '中国移动', 1, '预付费', 13100015134);
insert into T_TERMINALINFO (TERMINAL_ID,TTYPE_ID,SIM_ID,TERMINAL_CODE,ORG_CODE,IS_VIDEO_TERMINAL,SP_SERVER_NAME,PROTOCOL_TYPE,CHANNELS,YT_PROTOCOL_TYPE) values(341135, 4, 35135, '1015134', 'B0000808',1,'1076测试服务器','4',8,'0');
insert into V_VEHICLEINFO (ORG_CODE,VEHICLE_ID,ID_NUMBER,TYPE_ID,TERMINAL_ID,DELETE_FLAG,COLOR_ID_NUMBER_ID,AUTHORIZED_PAY_MASS) values ('B0000808','3401135', '测B15134', 4, 341135, 0, '2',15);

insert into T_SIMINFO (SIM_ID, ORG_CODE, DEPTCODE, STATE,PAY_MODLE, SIM_NUM) values(35136, 'B0000808', '中国移动', 1, '预付费', 13100015135);
insert into T_TERMINALINFO (TERMINAL_ID,TTYPE_ID,SIM_ID,TERMINAL_CODE,ORG_CODE,IS_VIDEO_TERMINAL,SP_SERVER_NAME,PROTOCOL_TYPE,CHANNELS,YT_PROTOCOL_TYPE) values(341136, 4, 35136, '1015135', 'B0000808',1,'1076测试服务器','4',8,'0');
insert into V_VEHICLEINFO (ORG_CODE,VEHICLE_ID,ID_NUMBER,TYPE_ID,TERMINAL_ID,DELETE_FLAG,COLOR_ID_NUMBER_ID,AUTHORIZED_PAY_MASS) values ('B0000808','3401136', '测B15135', 4, 341136, 0, '2',15);

insert into T_SIMINFO (SIM_ID, ORG_CODE, DEPTCODE, STATE,PAY_MODLE, SIM_NUM) values(35137, 'B0000808', '中国移动', 1, '预付费', 13100015136);
insert into T_TERMINALINFO (TERMINAL_ID,TTYPE_ID,SIM_ID,TERMINAL_CODE,ORG_CODE,IS_VIDEO_TERMINAL,SP_SERVER_NAME,PROTOCOL_TYPE,CHANNELS,YT_PROTOCOL_TYPE) values(341137, 4, 35137, '1015136', 'B0000808',1,'1076测试服务器','4',8,'0');
insert into V_VEHICLEINFO (ORG_CODE,VEHICLE_ID,ID_NUMBER,TYPE_ID,TERMINAL_ID,DELETE_FLAG,COLOR_ID_NUMBER_ID,AUTHORIZED_PAY_MASS) values ('B0000808','3401137', '测B15136', 4, 341137, 0, '2',15);

insert into T_SIMINFO (SIM_ID, ORG_CODE, DEPTCODE, STATE,PAY_MODLE, SIM_NUM) values(35138, 'B0000808', '中国移动', 1, '预付费', 13100015137);
insert into T_TERMINALINFO (TERMINAL_ID,TTYPE_ID,SIM_ID,TERMINAL_CODE,ORG_CODE,IS_VIDEO_TERMINAL,SP_SERVER_NAME,PROTOCOL_TYPE,CHANNELS,YT_PROTOCOL_TYPE) values(341138, 4, 35138, '1015137', 'B0000808',1,'1076测试服务器','4',8,'0');
insert into V_VEHICLEINFO (ORG_CODE,VEHICLE_ID,ID_NUMBER,TYPE_ID,TERMINAL_ID,DELETE_FLAG,COLOR_ID_NUMBER_ID,AUTHORIZED_PAY_MASS) values ('B0000808','3401138', '测B15137', 4, 341138, 0, '2',15);

insert into T_SIMINFO (SIM_ID, ORG_CODE, DEPTCODE, STATE,PAY_MODLE, SIM_NUM) values(35139, 'B0000808', '中国移动', 1, '预付费', 13100015138);
insert into T_TERMINALINFO (TERMINAL_ID,TTYPE_ID,SIM_ID,TERMINAL_CODE,ORG_CODE,IS_VIDEO_TERMINAL,SP_SERVER_NAME,PROTOCOL_TYPE,CHANNELS,YT_PROTOCOL_TYPE) values(341139, 4, 35139, '1015138', 'B0000808',1,'1076测试服务器','4',8,'0');
insert into V_VEHICLEINFO (ORG_CODE,VEHICLE_ID,ID_NUMBER,TYPE_ID,TERMINAL_ID,DELETE_FLAG,COLOR_ID_NUMBER_ID,AUTHORIZED_PAY_MASS) values ('B0000808','3401139', '测B15138', 4, 341139, 0, '2',15);

insert into T_SIMINFO (SIM_ID, ORG_CODE, DEPTCODE, STATE,PAY_MODLE, SIM_NUM) values(35140, 'B0000808', '中国移动', 1, '预付费', 13100015139);
insert into T_TERMINALINFO (TERMINAL_ID,TTYPE_ID,SIM_ID,TERMINAL_CODE,ORG_CODE,IS_VIDEO_TERMINAL,SP_SERVER_NAME,PROTOCOL_TYPE,CHANNELS,YT_PROTOCOL_TYPE) values(341140, 4, 35140, '1015139', 'B0000808',1,'1076测试服务器','4',8,'0');
insert into V_VEHICLEINFO (ORG_CODE,VEHICLE_ID,ID_NUMBER,TYPE_ID,TERMINAL_ID,DELETE_FLAG,COLOR_ID_NUMBER_ID,AUTHORIZED_PAY_MASS) values ('B0000808','3401140', '测B15139', 4, 341140, 0, '2',15);

insert into T_SIMINFO (SIM_ID, ORG_CODE, DEPTCODE, STATE,PAY_MODLE, SIM_NUM) values(35141, 'B0000808', '中国移动', 1, '预付费', 13100015140);
insert into T_TERMINALINFO (TERMINAL_ID,TTYPE_ID,SIM_ID,TERMINAL_CODE,ORG_CODE,IS_VIDEO_TERMINAL,SP_SERVER_NAME,PROTOCOL_TYPE,CHANNELS,YT_PROTOCOL_TYPE) values(341141, 4, 35141, '1015140', 'B0000808',1,'1076测试服务器','4',8,'0');
insert into V_VEHICLEINFO (ORG_CODE,VEHICLE_ID,ID_NUMBER,TYPE_ID,TERMINAL_ID,DELETE_FLAG,COLOR_ID_NUMBER_ID,AUTHORIZED_PAY_MASS) values ('B0000808','3401141', '测B15140', 4, 341141, 0, '2',15);

insert into T_SIMINFO (SIM_ID, ORG_CODE, DEPTCODE, STATE,PAY_MODLE, SIM_NUM) values(35142, 'B0000808', '中国移动', 1, '预付费', 13100015141);
insert into T_TERMINALINFO (TERMINAL_ID,TTYPE_ID,SIM_ID,TERMINAL_CODE,ORG_CODE,IS_VIDEO_TERMINAL,SP_SERVER_NAME,PROTOCOL_TYPE,CHANNELS,YT_PROTOCOL_TYPE) values(341142, 4, 35142, '1015141', 'B0000808',1,'1076测试服务器','4',8,'0');
insert into V_VEHICLEINFO (ORG_CODE,VEHICLE_ID,ID_NUMBER,TYPE_ID,TERMINAL_ID,DELETE_FLAG,COLOR_ID_NUMBER_ID,AUTHORIZED_PAY_MASS) values ('B0000808','3401142', '测B15141', 4, 341142, 0, '2',15);

insert into T_SIMINFO (SIM_ID, ORG_CODE, DEPTCODE, STATE,PAY_MODLE, SIM_NUM) values(35143, 'B0000808', '中国移动', 1, '预付费', 13100015142);
insert into T_TERMINALINFO (TERMINAL_ID,TTYPE_ID,SIM_ID,TERMINAL_CODE,ORG_CODE,IS_VIDEO_TERMINAL,SP_SERVER_NAME,PROTOCOL_TYPE,CHANNELS,YT_PROTOCOL_TYPE) values(341143, 4, 35143, '1015142', 'B0000808',1,'1076测试服务器','4',8,'0');
insert into V_VEHICLEINFO (ORG_CODE,VEHICLE_ID,ID_NUMBER,TYPE_ID,TERMINAL_ID,DELETE_FLAG,COLOR_ID_NUMBER_ID,AUTHORIZED_PAY_MASS) values ('B0000808','3401143', '测B15142', 4, 341143, 0, '2',15);

insert into T_SIMINFO (SIM_ID, ORG_CODE, DEPTCODE, STATE,PAY_MODLE, SIM_NUM) values(35144, 'B0000808', '中国移动', 1, '预付费', 13100015143);
insert into T_TERMINALINFO (TERMINAL_ID,TTYPE_ID,SIM_ID,TERMINAL_CODE,ORG_CODE,IS_VIDEO_TERMINAL,SP_SERVER_NAME,PROTOCOL_TYPE,CHANNELS,YT_PROTOCOL_TYPE) values(341144, 4, 35144, '1015143', 'B0000808',1,'1076测试服务器','4',8,'0');
insert into V_VEHICLEINFO (ORG_CODE,VEHICLE_ID,ID_NUMBER,TYPE_ID,TERMINAL_ID,DELETE_FLAG,COLOR_ID_NUMBER_ID,AUTHORIZED_PAY_MASS) values ('B0000808','3401144', '测B15143', 4, 341144, 0, '2',15);

insert into T_SIMINFO (SIM_ID, ORG_CODE, DEPTCODE, STATE,PAY_MODLE, SIM_NUM) values(35145, 'B0000808', '中国移动', 1, '预付费', 13100015144);
insert into T_TERMINALINFO (TERMINAL_ID,TTYPE_ID,SIM_ID,TERMINAL_CODE,ORG_CODE,IS_VIDEO_TERMINAL,SP_SERVER_NAME,PROTOCOL_TYPE,CHANNELS,YT_PROTOCOL_TYPE) values(341145, 4, 35145, '1015144', 'B0000808',1,'1076测试服务器','4',8,'0');
insert into V_VEHICLEINFO (ORG_CODE,VEHICLE_ID,ID_NUMBER,TYPE_ID,TERMINAL_ID,DELETE_FLAG,COLOR_ID_NUMBER_ID,AUTHORIZED_PAY_MASS) values ('B0000808','3401145', '测B15144', 4, 341145, 0, '2',15);

insert into T_SIMINFO (SIM_ID, ORG_CODE, DEPTCODE, STATE,PAY_MODLE, SIM_NUM) values(35146, 'B0000808', '中国移动', 1, '预付费', 13100015145);
insert into T_TERMINALINFO (TERMINAL_ID,TTYPE_ID,SIM_ID,TERMINAL_CODE,ORG_CODE,IS_VIDEO_TERMINAL,SP_SERVER_NAME,PROTOCOL_TYPE,CHANNELS,YT_PROTOCOL_TYPE) values(341146, 4, 35146, '1015145', 'B0000808',1,'1076测试服务器','4',8,'0');
insert into V_VEHICLEINFO (ORG_CODE,VEHICLE_ID,ID_NUMBER,TYPE_ID,TERMINAL_ID,DELETE_FLAG,COLOR_ID_NUMBER_ID,AUTHORIZED_PAY_MASS) values ('B0000808','3401146', '测B15145', 4, 341146, 0, '2',15);

insert into T_SIMINFO (SIM_ID, ORG_CODE, DEPTCODE, STATE,PAY_MODLE, SIM_NUM) values(35147, 'B0000808', '中国移动', 1, '预付费', 13100015146);
insert into T_TERMINALINFO (TERMINAL_ID,TTYPE_ID,SIM_ID,TERMINAL_CODE,ORG_CODE,IS_VIDEO_TERMINAL,SP_SERVER_NAME,PROTOCOL_TYPE,CHANNELS,YT_PROTOCOL_TYPE) values(341147, 4, 35147, '1015146', 'B0000808',1,'1076测试服务器','4',8,'0');
insert into V_VEHICLEINFO (ORG_CODE,VEHICLE_ID,ID_NUMBER,TYPE_ID,TERMINAL_ID,DELETE_FLAG,COLOR_ID_NUMBER_ID,AUTHORIZED_PAY_MASS) values ('B0000808','3401147', '测B15146', 4, 341147, 0, '2',15);

insert into T_SIMINFO (SIM_ID, ORG_CODE, DEPTCODE, STATE,PAY_MODLE, SIM_NUM) values(35148, 'B0000808', '中国移动', 1, '预付费', 13100015147);
insert into T_TERMINALINFO (TERMINAL_ID,TTYPE_ID,SIM_ID,TERMINAL_CODE,ORG_CODE,IS_VIDEO_TERMINAL,SP_SERVER_NAME,PROTOCOL_TYPE,CHANNELS,YT_PROTOCOL_TYPE) values(341148, 4, 35148, '1015147', 'B0000808',1,'1076测试服务器','4',8,'0');
insert into V_VEHICLEINFO (ORG_CODE,VEHICLE_ID,ID_NUMBER,TYPE_ID,TERMINAL_ID,DELETE_FLAG,COLOR_ID_NUMBER_ID,AUTHORIZED_PAY_MASS) values ('B0000808','3401148', '测B15147', 4, 341148, 0, '2',15);

insert into T_SIMINFO (SIM_ID, ORG_CODE, DEPTCODE, STATE,PAY_MODLE, SIM_NUM) values(35149, 'B0000808', '中国移动', 1, '预付费', 13100015148);
insert into T_TERMINALINFO (TERMINAL_ID,TTYPE_ID,SIM_ID,TERMINAL_CODE,ORG_CODE,IS_VIDEO_TERMINAL,SP_SERVER_NAME,PROTOCOL_TYPE,CHANNELS,YT_PROTOCOL_TYPE) values(341149, 4, 35149, '1015148', 'B0000808',1,'1076测试服务器','4',8,'0');
insert into V_VEHICLEINFO (ORG_CODE,VEHICLE_ID,ID_NUMBER,TYPE_ID,TERMINAL_ID,DELETE_FLAG,COLOR_ID_NUMBER_ID,AUTHORIZED_PAY_MASS) values ('B0000808','3401149', '测B15148', 4, 341149, 0, '2',15);

insert into T_SIMINFO (SIM_ID, ORG_CODE, DEPTCODE, STATE,PAY_MODLE, SIM_NUM) values(35150, 'B0000808', '中国移动', 1, '预付费', 13100015149);
insert into T_TERMINALINFO (TERMINAL_ID,TTYPE_ID,SIM_ID,TERMINAL_CODE,ORG_CODE,IS_VIDEO_TERMINAL,SP_SERVER_NAME,PROTOCOL_TYPE,CHANNELS,YT_PROTOCOL_TYPE) values(341150, 4, 35150, '1015149', 'B0000808',1,'1076测试服务器','4',8,'0');
insert into V_VEHICLEINFO (ORG_CODE,VEHICLE_ID,ID_NUMBER,TYPE_ID,TERMINAL_ID,DELETE_FLAG,COLOR_ID_NUMBER_ID,AUTHORIZED_PAY_MASS) values ('B0000808','3401150', '测B15149', 4, 341150, 0, '2',15);

insert into T_SIMINFO (SIM_ID, ORG_CODE, DEPTCODE, STATE,PAY_MODLE, SIM_NUM) values(35151, 'B0000808', '中国移动', 1, '预付费', 13100015150);
insert into T_TERMINALINFO (TERMINAL_ID,TTYPE_ID,SIM_ID,TERMINAL_CODE,ORG_CODE,IS_VIDEO_TERMINAL,SP_SERVER_NAME,PROTOCOL_TYPE,CHANNELS,YT_PROTOCOL_TYPE) values(341151, 4, 35151, '1015150', 'B0000808',1,'1076测试服务器','4',8,'0');
insert into V_VEHICLEINFO (ORG_CODE,VEHICLE_ID,ID_NUMBER,TYPE_ID,TERMINAL_ID,DELETE_FLAG,COLOR_ID_NUMBER_ID,AUTHORIZED_PAY_MASS) values ('B0000808','3401151', '测B15150', 4, 341151, 0, '2',15);

insert into T_SIMINFO (SIM_ID, ORG_CODE, DEPTCODE, STATE,PAY_MODLE, SIM_NUM) values(35152, 'B0000808', '中国移动', 1, '预付费', 13100015151);
insert into T_TERMINALINFO (TERMINAL_ID,TTYPE_ID,SIM_ID,TERMINAL_CODE,ORG_CODE,IS_VIDEO_TERMINAL,SP_SERVER_NAME,PROTOCOL_TYPE,CHANNELS,YT_PROTOCOL_TYPE) values(341152, 4, 35152, '1015151', 'B0000808',1,'1076测试服务器','4',8,'0');
insert into V_VEHICLEINFO (ORG_CODE,VEHICLE_ID,ID_NUMBER,TYPE_ID,TERMINAL_ID,DELETE_FLAG,COLOR_ID_NUMBER_ID,AUTHORIZED_PAY_MASS) values ('B0000808','3401152', '测B15151', 4, 341152, 0, '2',15);

insert into T_SIMINFO (SIM_ID, ORG_CODE, DEPTCODE, STATE,PAY_MODLE, SIM_NUM) values(35153, 'B0000808', '中国移动', 1, '预付费', 13100015152);
insert into T_TERMINALINFO (TERMINAL_ID,TTYPE_ID,SIM_ID,TERMINAL_CODE,ORG_CODE,IS_VIDEO_TERMINAL,SP_SERVER_NAME,PROTOCOL_TYPE,CHANNELS,YT_PROTOCOL_TYPE) values(341153, 4, 35153, '1015152', 'B0000808',1,'1076测试服务器','4',8,'0');
insert into V_VEHICLEINFO (ORG_CODE,VEHICLE_ID,ID_NUMBER,TYPE_ID,TERMINAL_ID,DELETE_FLAG,COLOR_ID_NUMBER_ID,AUTHORIZED_PAY_MASS) values ('B0000808','3401153', '测B15152', 4, 341153, 0, '2',15);

insert into T_SIMINFO (SIM_ID, ORG_CODE, DEPTCODE, STATE,PAY_MODLE, SIM_NUM) values(35154, 'B0000808', '中国移动', 1, '预付费', 13100015153);
insert into T_TERMINALINFO (TERMINAL_ID,TTYPE_ID,SIM_ID,TERMINAL_CODE,ORG_CODE,IS_VIDEO_TERMINAL,SP_SERVER_NAME,PROTOCOL_TYPE,CHANNELS,YT_PROTOCOL_TYPE) values(341154, 4, 35154, '1015153', 'B0000808',1,'1076测试服务器','4',8,'0');
insert into V_VEHICLEINFO (ORG_CODE,VEHICLE_ID,ID_NUMBER,TYPE_ID,TERMINAL_ID,DELETE_FLAG,COLOR_ID_NUMBER_ID,AUTHORIZED_PAY_MASS) values ('B0000808','3401154', '测B15153', 4, 341154, 0, '2',15);

insert into T_SIMINFO (SIM_ID, ORG_CODE, DEPTCODE, STATE,PAY_MODLE, SIM_NUM) values(35155, 'B0000808', '中国移动', 1, '预付费', 13100015154);
insert into T_TERMINALINFO (TERMINAL_ID,TTYPE_ID,SIM_ID,TERMINAL_CODE,ORG_CODE,IS_VIDEO_TERMINAL,SP_SERVER_NAME,PROTOCOL_TYPE,CHANNELS,YT_PROTOCOL_TYPE) values(341155, 4, 35155, '1015154', 'B0000808',1,'1076测试服务器','4',8,'0');
insert into V_VEHICLEINFO (ORG_CODE,VEHICLE_ID,ID_NUMBER,TYPE_ID,TERMINAL_ID,DELETE_FLAG,COLOR_ID_NUMBER_ID,AUTHORIZED_PAY_MASS) values ('B0000808','3401155', '测B15154', 4, 341155, 0, '2',15);

insert into T_SIMINFO (SIM_ID, ORG_CODE, DEPTCODE, STATE,PAY_MODLE, SIM_NUM) values(35156, 'B0000808', '中国移动', 1, '预付费', 13100015155);
insert into T_TERMINALINFO (TERMINAL_ID,TTYPE_ID,SIM_ID,TERMINAL_CODE,ORG_CODE,IS_VIDEO_TERMINAL,SP_SERVER_NAME,PROTOCOL_TYPE,CHANNELS,YT_PROTOCOL_TYPE) values(341156, 4, 35156, '1015155', 'B0000808',1,'1076测试服务器','4',8,'0');
insert into V_VEHICLEINFO (ORG_CODE,VEHICLE_ID,ID_NUMBER,TYPE_ID,TERMINAL_ID,DELETE_FLAG,COLOR_ID_NUMBER_ID,AUTHORIZED_PAY_MASS) values ('B0000808','3401156', '测B15155', 4, 341156, 0, '2',15);

insert into T_SIMINFO (SIM_ID, ORG_CODE, DEPTCODE, STATE,PAY_MODLE, SIM_NUM) values(35157, 'B0000808', '中国移动', 1, '预付费', 13100015156);
insert into T_TERMINALINFO (TERMINAL_ID,TTYPE_ID,SIM_ID,TERMINAL_CODE,ORG_CODE,IS_VIDEO_TERMINAL,SP_SERVER_NAME,PROTOCOL_TYPE,CHANNELS,YT_PROTOCOL_TYPE) values(341157, 4, 35157, '1015156', 'B0000808',1,'1076测试服务器','4',8,'0');
insert into V_VEHICLEINFO (ORG_CODE,VEHICLE_ID,ID_NUMBER,TYPE_ID,TERMINAL_ID,DELETE_FLAG,COLOR_ID_NUMBER_ID,AUTHORIZED_PAY_MASS) values ('B0000808','3401157', '测B15156', 4, 341157, 0, '2',15);

insert into T_SIMINFO (SIM_ID, ORG_CODE, DEPTCODE, STATE,PAY_MODLE, SIM_NUM) values(35158, 'B0000808', '中国移动', 1, '预付费', 13100015157);
insert into T_TERMINALINFO (TERMINAL_ID,TTYPE_ID,SIM_ID,TERMINAL_CODE,ORG_CODE,IS_VIDEO_TERMINAL,SP_SERVER_NAME,PROTOCOL_TYPE,CHANNELS,YT_PROTOCOL_TYPE) values(341158, 4, 35158, '1015157', 'B0000808',1,'1076测试服务器','4',8,'0');
insert into V_VEHICLEINFO (ORG_CODE,VEHICLE_ID,ID_NUMBER,TYPE_ID,TERMINAL_ID,DELETE_FLAG,COLOR_ID_NUMBER_ID,AUTHORIZED_PAY_MASS) values ('B0000808','3401158', '测B15157', 4, 341158, 0, '2',15);

insert into T_SIMINFO (SIM_ID, ORG_CODE, DEPTCODE, STATE,PAY_MODLE, SIM_NUM) values(35159, 'B0000808', '中国移动', 1, '预付费', 13100015158);
insert into T_TERMINALINFO (TERMINAL_ID,TTYPE_ID,SIM_ID,TERMINAL_CODE,ORG_CODE,IS_VIDEO_TERMINAL,SP_SERVER_NAME,PROTOCOL_TYPE,CHANNELS,YT_PROTOCOL_TYPE) values(341159, 4, 35159, '1015158', 'B0000808',1,'1076测试服务器','4',8,'0');
insert into V_VEHICLEINFO (ORG_CODE,VEHICLE_ID,ID_NUMBER,TYPE_ID,TERMINAL_ID,DELETE_FLAG,COLOR_ID_NUMBER_ID,AUTHORIZED_PAY_MASS) values ('B0000808','3401159', '测B15158', 4, 341159, 0, '2',15);

insert into T_SIMINFO (SIM_ID, ORG_CODE, DEPTCODE, STATE,PAY_MODLE, SIM_NUM) values(35160, 'B0000808', '中国移动', 1, '预付费', 13100015159);
insert into T_TERMINALINFO (TERMINAL_ID,TTYPE_ID,SIM_ID,TERMINAL_CODE,ORG_CODE,IS_VIDEO_TERMINAL,SP_SERVER_NAME,PROTOCOL_TYPE,CHANNELS,YT_PROTOCOL_TYPE) values(341160, 4, 35160, '1015159', 'B0000808',1,'1076测试服务器','4',8,'0');
insert into V_VEHICLEINFO (ORG_CODE,VEHICLE_ID,ID_NUMBER,TYPE_ID,TERMINAL_ID,DELETE_FLAG,COLOR_ID_NUMBER_ID,AUTHORIZED_PAY_MASS) values ('B0000808','3401160', '测B15159', 4, 341160, 0, '2',15);

insert into T_SIMINFO (SIM_ID, ORG_CODE, DEPTCODE, STATE,PAY_MODLE, SIM_NUM) values(35161, 'B0000808', '中国移动', 1, '预付费', 13100015160);
insert into T_TERMINALINFO (TERMINAL_ID,TTYPE_ID,SIM_ID,TERMINAL_CODE,ORG_CODE,IS_VIDEO_TERMINAL,SP_SERVER_NAME,PROTOCOL_TYPE,CHANNELS,YT_PROTOCOL_TYPE) values(341161, 4, 35161, '1015160', 'B0000808',1,'1076测试服务器','4',8,'0');
insert into V_VEHICLEINFO (ORG_CODE,VEHICLE_ID,ID_NUMBER,TYPE_ID,TERMINAL_ID,DELETE_FLAG,COLOR_ID_NUMBER_ID,AUTHORIZED_PAY_MASS) values ('B0000808','3401161', '测B15160', 4, 341161, 0, '2',15);

insert into T_SIMINFO (SIM_ID, ORG_CODE, DEPTCODE, STATE,PAY_MODLE, SIM_NUM) values(35162, 'B0000808', '中国移动', 1, '预付费', 13100015161);
insert into T_TERMINALINFO (TERMINAL_ID,TTYPE_ID,SIM_ID,TERMINAL_CODE,ORG_CODE,IS_VIDEO_TERMINAL,SP_SERVER_NAME,PROTOCOL_TYPE,CHANNELS,YT_PROTOCOL_TYPE) values(341162, 4, 35162, '1015161', 'B0000808',1,'1076测试服务器','4',8,'0');
insert into V_VEHICLEINFO (ORG_CODE,VEHICLE_ID,ID_NUMBER,TYPE_ID,TERMINAL_ID,DELETE_FLAG,COLOR_ID_NUMBER_ID,AUTHORIZED_PAY_MASS) values ('B0000808','3401162', '测B15161', 4, 341162, 0, '2',15);

insert into T_SIMINFO (SIM_ID, ORG_CODE, DEPTCODE, STATE,PAY_MODLE, SIM_NUM) values(35163, 'B0000808', '中国移动', 1, '预付费', 13100015162);
insert into T_TERMINALINFO (TERMINAL_ID,TTYPE_ID,SIM_ID,TERMINAL_CODE,ORG_CODE,IS_VIDEO_TERMINAL,SP_SERVER_NAME,PROTOCOL_TYPE,CHANNELS,YT_PROTOCOL_TYPE) values(341163, 4, 35163, '1015162', 'B0000808',1,'1076测试服务器','4',8,'0');
insert into V_VEHICLEINFO (ORG_CODE,VEHICLE_ID,ID_NUMBER,TYPE_ID,TERMINAL_ID,DELETE_FLAG,COLOR_ID_NUMBER_ID,AUTHORIZED_PAY_MASS) values ('B0000808','3401163', '测B15162', 4, 341163, 0, '2',15);

insert into T_SIMINFO (SIM_ID, ORG_CODE, DEPTCODE, STATE,PAY_MODLE, SIM_NUM) values(35164, 'B0000808', '中国移动', 1, '预付费', 13100015163);
insert into T_TERMINALINFO (TERMINAL_ID,TTYPE_ID,SIM_ID,TERMINAL_CODE,ORG_CODE,IS_VIDEO_TERMINAL,SP_SERVER_NAME,PROTOCOL_TYPE,CHANNELS,YT_PROTOCOL_TYPE) values(341164, 4, 35164, '1015163', 'B0000808',1,'1076测试服务器','4',8,'0');
insert into V_VEHICLEINFO (ORG_CODE,VEHICLE_ID,ID_NUMBER,TYPE_ID,TERMINAL_ID,DELETE_FLAG,COLOR_ID_NUMBER_ID,AUTHORIZED_PAY_MASS) values ('B0000808','3401164', '测B15163', 4, 341164, 0, '2',15);

insert into T_SIMINFO (SIM_ID, ORG_CODE, DEPTCODE, STATE,PAY_MODLE, SIM_NUM) values(35165, 'B0000808', '中国移动', 1, '预付费', 13100015164);
insert into T_TERMINALINFO (TERMINAL_ID,TTYPE_ID,SIM_ID,TERMINAL_CODE,ORG_CODE,IS_VIDEO_TERMINAL,SP_SERVER_NAME,PROTOCOL_TYPE,CHANNELS,YT_PROTOCOL_TYPE) values(341165, 4, 35165, '1015164', 'B0000808',1,'1076测试服务器','4',8,'0');
insert into V_VEHICLEINFO (ORG_CODE,VEHICLE_ID,ID_NUMBER,TYPE_ID,TERMINAL_ID,DELETE_FLAG,COLOR_ID_NUMBER_ID,AUTHORIZED_PAY_MASS) values ('B0000808','3401165', '测B15164', 4, 341165, 0, '2',15);

insert into T_SIMINFO (SIM_ID, ORG_CODE, DEPTCODE, STATE,PAY_MODLE, SIM_NUM) values(35166, 'B0000808', '中国移动', 1, '预付费', 13100015165);
insert into T_TERMINALINFO (TERMINAL_ID,TTYPE_ID,SIM_ID,TERMINAL_CODE,ORG_CODE,IS_VIDEO_TERMINAL,SP_SERVER_NAME,PROTOCOL_TYPE,CHANNELS,YT_PROTOCOL_TYPE) values(341166, 4, 35166, '1015165', 'B0000808',1,'1076测试服务器','4',8,'0');
insert into V_VEHICLEINFO (ORG_CODE,VEHICLE_ID,ID_NUMBER,TYPE_ID,TERMINAL_ID,DELETE_FLAG,COLOR_ID_NUMBER_ID,AUTHORIZED_PAY_MASS) values ('B0000808','3401166', '测B15165', 4, 341166, 0, '2',15);

insert into T_SIMINFO (SIM_ID, ORG_CODE, DEPTCODE, STATE,PAY_MODLE, SIM_NUM) values(35167, 'B0000808', '中国移动', 1, '预付费', 13100015166);
insert into T_TERMINALINFO (TERMINAL_ID,TTYPE_ID,SIM_ID,TERMINAL_CODE,ORG_CODE,IS_VIDEO_TERMINAL,SP_SERVER_NAME,PROTOCOL_TYPE,CHANNELS,YT_PROTOCOL_TYPE) values(341167, 4, 35167, '1015166', 'B0000808',1,'1076测试服务器','4',8,'0');
insert into V_VEHICLEINFO (ORG_CODE,VEHICLE_ID,ID_NUMBER,TYPE_ID,TERMINAL_ID,DELETE_FLAG,COLOR_ID_NUMBER_ID,AUTHORIZED_PAY_MASS) values ('B0000808','3401167', '测B15166', 4, 341167, 0, '2',15);

insert into T_SIMINFO (SIM_ID, ORG_CODE, DEPTCODE, STATE,PAY_MODLE, SIM_NUM) values(35168, 'B0000808', '中国移动', 1, '预付费', 13100015167);
insert into T_TERMINALINFO (TERMINAL_ID,TTYPE_ID,SIM_ID,TERMINAL_CODE,ORG_CODE,IS_VIDEO_TERMINAL,SP_SERVER_NAME,PROTOCOL_TYPE,CHANNELS,YT_PROTOCOL_TYPE) values(341168, 4, 35168, '1015167', 'B0000808',1,'1076测试服务器','4',8,'0');
insert into V_VEHICLEINFO (ORG_CODE,VEHICLE_ID,ID_NUMBER,TYPE_ID,TERMINAL_ID,DELETE_FLAG,COLOR_ID_NUMBER_ID,AUTHORIZED_PAY_MASS) values ('B0000808','3401168', '测B15167', 4, 341168, 0, '2',15);

insert into T_SIMINFO (SIM_ID, ORG_CODE, DEPTCODE, STATE,PAY_MODLE, SIM_NUM) values(35169, 'B0000808', '中国移动', 1, '预付费', 13100015168);
insert into T_TERMINALINFO (TERMINAL_ID,TTYPE_ID,SIM_ID,TERMINAL_CODE,ORG_CODE,IS_VIDEO_TERMINAL,SP_SERVER_NAME,PROTOCOL_TYPE,CHANNELS,YT_PROTOCOL_TYPE) values(341169, 4, 35169, '1015168', 'B0000808',1,'1076测试服务器','4',8,'0');
insert into V_VEHICLEINFO (ORG_CODE,VEHICLE_ID,ID_NUMBER,TYPE_ID,TERMINAL_ID,DELETE_FLAG,COLOR_ID_NUMBER_ID,AUTHORIZED_PAY_MASS) values ('B0000808','3401169', '测B15168', 4, 341169, 0, '2',15);

insert into T_SIMINFO (SIM_ID, ORG_CODE, DEPTCODE, STATE,PAY_MODLE, SIM_NUM) values(35170, 'B0000808', '中国移动', 1, '预付费', 13100015169);
insert into T_TERMINALINFO (TERMINAL_ID,TTYPE_ID,SIM_ID,TERMINAL_CODE,ORG_CODE,IS_VIDEO_TERMINAL,SP_SERVER_NAME,PROTOCOL_TYPE,CHANNELS,YT_PROTOCOL_TYPE) values(341170, 4, 35170, '1015169', 'B0000808',1,'1076测试服务器','4',8,'0');
insert into V_VEHICLEINFO (ORG_CODE,VEHICLE_ID,ID_NUMBER,TYPE_ID,TERMINAL_ID,DELETE_FLAG,COLOR_ID_NUMBER_ID,AUTHORIZED_PAY_MASS) values ('B0000808','3401170', '测B15169', 4, 341170, 0, '2',15);

insert into T_SIMINFO (SIM_ID, ORG_CODE, DEPTCODE, STATE,PAY_MODLE, SIM_NUM) values(35171, 'B0000808', '中国移动', 1, '预付费', 13100015170);
insert into T_TERMINALINFO (TERMINAL_ID,TTYPE_ID,SIM_ID,TERMINAL_CODE,ORG_CODE,IS_VIDEO_TERMINAL,SP_SERVER_NAME,PROTOCOL_TYPE,CHANNELS,YT_PROTOCOL_TYPE) values(341171, 4, 35171, '1015170', 'B0000808',1,'1076测试服务器','4',8,'0');
insert into V_VEHICLEINFO (ORG_CODE,VEHICLE_ID,ID_NUMBER,TYPE_ID,TERMINAL_ID,DELETE_FLAG,COLOR_ID_NUMBER_ID,AUTHORIZED_PAY_MASS) values ('B0000808','3401171', '测B15170', 4, 341171, 0, '2',15);

insert into T_SIMINFO (SIM_ID, ORG_CODE, DEPTCODE, STATE,PAY_MODLE, SIM_NUM) values(35172, 'B0000808', '中国移动', 1, '预付费', 13100015171);
insert into T_TERMINALINFO (TERMINAL_ID,TTYPE_ID,SIM_ID,TERMINAL_CODE,ORG_CODE,IS_VIDEO_TERMINAL,SP_SERVER_NAME,PROTOCOL_TYPE,CHANNELS,YT_PROTOCOL_TYPE) values(341172, 4, 35172, '1015171', 'B0000808',1,'1076测试服务器','4',8,'0');
insert into V_VEHICLEINFO (ORG_CODE,VEHICLE_ID,ID_NUMBER,TYPE_ID,TERMINAL_ID,DELETE_FLAG,COLOR_ID_NUMBER_ID,AUTHORIZED_PAY_MASS) values ('B0000808','3401172', '测B15171', 4, 341172, 0, '2',15);

insert into T_SIMINFO (SIM_ID, ORG_CODE, DEPTCODE, STATE,PAY_MODLE, SIM_NUM) values(35173, 'B0000808', '中国移动', 1, '预付费', 13100015172);
insert into T_TERMINALINFO (TERMINAL_ID,TTYPE_ID,SIM_ID,TERMINAL_CODE,ORG_CODE,IS_VIDEO_TERMINAL,SP_SERVER_NAME,PROTOCOL_TYPE,CHANNELS,YT_PROTOCOL_TYPE) values(341173, 4, 35173, '1015172', 'B0000808',1,'1076测试服务器','4',8,'0');
insert into V_VEHICLEINFO (ORG_CODE,VEHICLE_ID,ID_NUMBER,TYPE_ID,TERMINAL_ID,DELETE_FLAG,COLOR_ID_NUMBER_ID,AUTHORIZED_PAY_MASS) values ('B0000808','3401173', '测B15172', 4, 341173, 0, '2',15);

insert into T_SIMINFO (SIM_ID, ORG_CODE, DEPTCODE, STATE,PAY_MODLE, SIM_NUM) values(35174, 'B0000808', '中国移动', 1, '预付费', 13100015173);
insert into T_TERMINALINFO (TERMINAL_ID,TTYPE_ID,SIM_ID,TERMINAL_CODE,ORG_CODE,IS_VIDEO_TERMINAL,SP_SERVER_NAME,PROTOCOL_TYPE,CHANNELS,YT_PROTOCOL_TYPE) values(341174, 4, 35174, '1015173', 'B0000808',1,'1076测试服务器','4',8,'0');
insert into V_VEHICLEINFO (ORG_CODE,VEHICLE_ID,ID_NUMBER,TYPE_ID,TERMINAL_ID,DELETE_FLAG,COLOR_ID_NUMBER_ID,AUTHORIZED_PAY_MASS) values ('B0000808','3401174', '测B15173', 4, 341174, 0, '2',15);

insert into T_SIMINFO (SIM_ID, ORG_CODE, DEPTCODE, STATE,PAY_MODLE, SIM_NUM) values(35175, 'B0000808', '中国移动', 1, '预付费', 13100015174);
insert into T_TERMINALINFO (TERMINAL_ID,TTYPE_ID,SIM_ID,TERMINAL_CODE,ORG_CODE,IS_VIDEO_TERMINAL,SP_SERVER_NAME,PROTOCOL_TYPE,CHANNELS,YT_PROTOCOL_TYPE) values(341175, 4, 35175, '1015174', 'B0000808',1,'1076测试服务器','4',8,'0');
insert into V_VEHICLEINFO (ORG_CODE,VEHICLE_ID,ID_NUMBER,TYPE_ID,TERMINAL_ID,DELETE_FLAG,COLOR_ID_NUMBER_ID,AUTHORIZED_PAY_MASS) values ('B0000808','3401175', '测B15174', 4, 341175, 0, '2',15);

insert into T_SIMINFO (SIM_ID, ORG_CODE, DEPTCODE, STATE,PAY_MODLE, SIM_NUM) values(35176, 'B0000808', '中国移动', 1, '预付费', 13100015175);
insert into T_TERMINALINFO (TERMINAL_ID,TTYPE_ID,SIM_ID,TERMINAL_CODE,ORG_CODE,IS_VIDEO_TERMINAL,SP_SERVER_NAME,PROTOCOL_TYPE,CHANNELS,YT_PROTOCOL_TYPE) values(341176, 4, 35176, '1015175', 'B0000808',1,'1076测试服务器','4',8,'0');
insert into V_VEHICLEINFO (ORG_CODE,VEHICLE_ID,ID_NUMBER,TYPE_ID,TERMINAL_ID,DELETE_FLAG,COLOR_ID_NUMBER_ID,AUTHORIZED_PAY_MASS) values ('B0000808','3401176', '测B15175', 4, 341176, 0, '2',15);

insert into T_SIMINFO (SIM_ID, ORG_CODE, DEPTCODE, STATE,PAY_MODLE, SIM_NUM) values(35177, 'B0000808', '中国移动', 1, '预付费', 13100015176);
insert into T_TERMINALINFO (TERMINAL_ID,TTYPE_ID,SIM_ID,TERMINAL_CODE,ORG_CODE,IS_VIDEO_TERMINAL,SP_SERVER_NAME,PROTOCOL_TYPE,CHANNELS,YT_PROTOCOL_TYPE) values(341177, 4, 35177, '1015176', 'B0000808',1,'1076测试服务器','4',8,'0');
insert into V_VEHICLEINFO (ORG_CODE,VEHICLE_ID,ID_NUMBER,TYPE_ID,TERMINAL_ID,DELETE_FLAG,COLOR_ID_NUMBER_ID,AUTHORIZED_PAY_MASS) values ('B0000808','3401177', '测B15176', 4, 341177, 0, '2',15);

insert into T_SIMINFO (SIM_ID, ORG_CODE, DEPTCODE, STATE,PAY_MODLE, SIM_NUM) values(35178, 'B0000808', '中国移动', 1, '预付费', 13100015177);
insert into T_TERMINALINFO (TERMINAL_ID,TTYPE_ID,SIM_ID,TERMINAL_CODE,ORG_CODE,IS_VIDEO_TERMINAL,SP_SERVER_NAME,PROTOCOL_TYPE,CHANNELS,YT_PROTOCOL_TYPE) values(341178, 4, 35178, '1015177', 'B0000808',1,'1076测试服务器','4',8,'0');
insert into V_VEHICLEINFO (ORG_CODE,VEHICLE_ID,ID_NUMBER,TYPE_ID,TERMINAL_ID,DELETE_FLAG,COLOR_ID_NUMBER_ID,AUTHORIZED_PAY_MASS) values ('B0000808','3401178', '测B15177', 4, 341178, 0, '2',15);

insert into T_SIMINFO (SIM_ID, ORG_CODE, DEPTCODE, STATE,PAY_MODLE, SIM_NUM) values(35179, 'B0000808', '中国移动', 1, '预付费', 13100015178);
insert into T_TERMINALINFO (TERMINAL_ID,TTYPE_ID,SIM_ID,TERMINAL_CODE,ORG_CODE,IS_VIDEO_TERMINAL,SP_SERVER_NAME,PROTOCOL_TYPE,CHANNELS,YT_PROTOCOL_TYPE) values(341179, 4, 35179, '1015178', 'B0000808',1,'1076测试服务器','4',8,'0');
insert into V_VEHICLEINFO (ORG_CODE,VEHICLE_ID,ID_NUMBER,TYPE_ID,TERMINAL_ID,DELETE_FLAG,COLOR_ID_NUMBER_ID,AUTHORIZED_PAY_MASS) values ('B0000808','3401179', '测B15178', 4, 341179, 0, '2',15);

insert into T_SIMINFO (SIM_ID, ORG_CODE, DEPTCODE, STATE,PAY_MODLE, SIM_NUM) values(35180, 'B0000808', '中国移动', 1, '预付费', 13100015179);
insert into T_TERMINALINFO (TERMINAL_ID,TTYPE_ID,SIM_ID,TERMINAL_CODE,ORG_CODE,IS_VIDEO_TERMINAL,SP_SERVER_NAME,PROTOCOL_TYPE,CHANNELS,YT_PROTOCOL_TYPE) values(341180, 4, 35180, '1015179', 'B0000808',1,'1076测试服务器','4',8,'0');
insert into V_VEHICLEINFO (ORG_CODE,VEHICLE_ID,ID_NUMBER,TYPE_ID,TERMINAL_ID,DELETE_FLAG,COLOR_ID_NUMBER_ID,AUTHORIZED_PAY_MASS) values ('B0000808','3401180', '测B15179', 4, 341180, 0, '2',15);

insert into T_SIMINFO (SIM_ID, ORG_CODE, DEPTCODE, STATE,PAY_MODLE, SIM_NUM) values(35181, 'B0000808', '中国移动', 1, '预付费', 13100015180);
insert into T_TERMINALINFO (TERMINAL_ID,TTYPE_ID,SIM_ID,TERMINAL_CODE,ORG_CODE,IS_VIDEO_TERMINAL,SP_SERVER_NAME,PROTOCOL_TYPE,CHANNELS,YT_PROTOCOL_TYPE) values(341181, 4, 35181, '1015180', 'B0000808',1,'1076测试服务器','4',8,'0');
insert into V_VEHICLEINFO (ORG_CODE,VEHICLE_ID,ID_NUMBER,TYPE_ID,TERMINAL_ID,DELETE_FLAG,COLOR_ID_NUMBER_ID,AUTHORIZED_PAY_MASS) values ('B0000808','3401181', '测B15180', 4, 341181, 0, '2',15);

insert into T_SIMINFO (SIM_ID, ORG_CODE, DEPTCODE, STATE,PAY_MODLE, SIM_NUM) values(35182, 'B0000808', '中国移动', 1, '预付费', 13100015181);
insert into T_TERMINALINFO (TERMINAL_ID,TTYPE_ID,SIM_ID,TERMINAL_CODE,ORG_CODE,IS_VIDEO_TERMINAL,SP_SERVER_NAME,PROTOCOL_TYPE,CHANNELS,YT_PROTOCOL_TYPE) values(341182, 4, 35182, '1015181', 'B0000808',1,'1076测试服务器','4',8,'0');
insert into V_VEHICLEINFO (ORG_CODE,VEHICLE_ID,ID_NUMBER,TYPE_ID,TERMINAL_ID,DELETE_FLAG,COLOR_ID_NUMBER_ID,AUTHORIZED_PAY_MASS) values ('B0000808','3401182', '测B15181', 4, 341182, 0, '2',15);

insert into T_SIMINFO (SIM_ID, ORG_CODE, DEPTCODE, STATE,PAY_MODLE, SIM_NUM) values(35183, 'B0000808', '中国移动', 1, '预付费', 13100015182);
insert into T_TERMINALINFO (TERMINAL_ID,TTYPE_ID,SIM_ID,TERMINAL_CODE,ORG_CODE,IS_VIDEO_TERMINAL,SP_SERVER_NAME,PROTOCOL_TYPE,CHANNELS,YT_PROTOCOL_TYPE) values(341183, 4, 35183, '1015182', 'B0000808',1,'1076测试服务器','4',8,'0');
insert into V_VEHICLEINFO (ORG_CODE,VEHICLE_ID,ID_NUMBER,TYPE_ID,TERMINAL_ID,DELETE_FLAG,COLOR_ID_NUMBER_ID,AUTHORIZED_PAY_MASS) values ('B0000808','3401183', '测B15182', 4, 341183, 0, '2',15);

insert into T_SIMINFO (SIM_ID, ORG_CODE, DEPTCODE, STATE,PAY_MODLE, SIM_NUM) values(35184, 'B0000808', '中国移动', 1, '预付费', 13100015183);
insert into T_TERMINALINFO (TERMINAL_ID,TTYPE_ID,SIM_ID,TERMINAL_CODE,ORG_CODE,IS_VIDEO_TERMINAL,SP_SERVER_NAME,PROTOCOL_TYPE,CHANNELS,YT_PROTOCOL_TYPE) values(341184, 4, 35184, '1015183', 'B0000808',1,'1076测试服务器','4',8,'0');
insert into V_VEHICLEINFO (ORG_CODE,VEHICLE_ID,ID_NUMBER,TYPE_ID,TERMINAL_ID,DELETE_FLAG,COLOR_ID_NUMBER_ID,AUTHORIZED_PAY_MASS) values ('B0000808','3401184', '测B15183', 4, 341184, 0, '2',15);

insert into T_SIMINFO (SIM_ID, ORG_CODE, DEPTCODE, STATE,PAY_MODLE, SIM_NUM) values(35185, 'B0000808', '中国移动', 1, '预付费', 13100015184);
insert into T_TERMINALINFO (TERMINAL_ID,TTYPE_ID,SIM_ID,TERMINAL_CODE,ORG_CODE,IS_VIDEO_TERMINAL,SP_SERVER_NAME,PROTOCOL_TYPE,CHANNELS,YT_PROTOCOL_TYPE) values(341185, 4, 35185, '1015184', 'B0000808',1,'1076测试服务器','4',8,'0');
insert into V_VEHICLEINFO (ORG_CODE,VEHICLE_ID,ID_NUMBER,TYPE_ID,TERMINAL_ID,DELETE_FLAG,COLOR_ID_NUMBER_ID,AUTHORIZED_PAY_MASS) values ('B0000808','3401185', '测B15184', 4, 341185, 0, '2',15);

insert into T_SIMINFO (SIM_ID, ORG_CODE, DEPTCODE, STATE,PAY_MODLE, SIM_NUM) values(35186, 'B0000808', '中国移动', 1, '预付费', 13100015185);
insert into T_TERMINALINFO (TERMINAL_ID,TTYPE_ID,SIM_ID,TERMINAL_CODE,ORG_CODE,IS_VIDEO_TERMINAL,SP_SERVER_NAME,PROTOCOL_TYPE,CHANNELS,YT_PROTOCOL_TYPE) values(341186, 4, 35186, '1015185', 'B0000808',1,'1076测试服务器','4',8,'0');
insert into V_VEHICLEINFO (ORG_CODE,VEHICLE_ID,ID_NUMBER,TYPE_ID,TERMINAL_ID,DELETE_FLAG,COLOR_ID_NUMBER_ID,AUTHORIZED_PAY_MASS) values ('B0000808','3401186', '测B15185', 4, 341186, 0, '2',15);

insert into T_SIMINFO (SIM_ID, ORG_CODE, DEPTCODE, STATE,PAY_MODLE, SIM_NUM) values(35187, 'B0000808', '中国移动', 1, '预付费', 13100015186);
insert into T_TERMINALINFO (TERMINAL_ID,TTYPE_ID,SIM_ID,TERMINAL_CODE,ORG_CODE,IS_VIDEO_TERMINAL,SP_SERVER_NAME,PROTOCOL_TYPE,CHANNELS,YT_PROTOCOL_TYPE) values(341187, 4, 35187, '1015186', 'B0000808',1,'1076测试服务器','4',8,'0');
insert into V_VEHICLEINFO (ORG_CODE,VEHICLE_ID,ID_NUMBER,TYPE_ID,TERMINAL_ID,DELETE_FLAG,COLOR_ID_NUMBER_ID,AUTHORIZED_PAY_MASS) values ('B0000808','3401187', '测B15186', 4, 341187, 0, '2',15);

insert into T_SIMINFO (SIM_ID, ORG_CODE, DEPTCODE, STATE,PAY_MODLE, SIM_NUM) values(35188, 'B0000808', '中国移动', 1, '预付费', 13100015187);
insert into T_TERMINALINFO (TERMINAL_ID,TTYPE_ID,SIM_ID,TERMINAL_CODE,ORG_CODE,IS_VIDEO_TERMINAL,SP_SERVER_NAME,PROTOCOL_TYPE,CHANNELS,YT_PROTOCOL_TYPE) values(341188, 4, 35188, '1015187', 'B0000808',1,'1076测试服务器','4',8,'0');
insert into V_VEHICLEINFO (ORG_CODE,VEHICLE_ID,ID_NUMBER,TYPE_ID,TERMINAL_ID,DELETE_FLAG,COLOR_ID_NUMBER_ID,AUTHORIZED_PAY_MASS) values ('B0000808','3401188', '测B15187', 4, 341188, 0, '2',15);

insert into T_SIMINFO (SIM_ID, ORG_CODE, DEPTCODE, STATE,PAY_MODLE, SIM_NUM) values(35189, 'B0000808', '中国移动', 1, '预付费', 13100015188);
insert into T_TERMINALINFO (TERMINAL_ID,TTYPE_ID,SIM_ID,TERMINAL_CODE,ORG_CODE,IS_VIDEO_TERMINAL,SP_SERVER_NAME,PROTOCOL_TYPE,CHANNELS,YT_PROTOCOL_TYPE) values(341189, 4, 35189, '1015188', 'B0000808',1,'1076测试服务器','4',8,'0');
insert into V_VEHICLEINFO (ORG_CODE,VEHICLE_ID,ID_NUMBER,TYPE_ID,TERMINAL_ID,DELETE_FLAG,COLOR_ID_NUMBER_ID,AUTHORIZED_PAY_MASS) values ('B0000808','3401189', '测B15188', 4, 341189, 0, '2',15);

insert into T_SIMINFO (SIM_ID, ORG_CODE, DEPTCODE, STATE,PAY_MODLE, SIM_NUM) values(35190, 'B0000808', '中国移动', 1, '预付费', 13100015189);
insert into T_TERMINALINFO (TERMINAL_ID,TTYPE_ID,SIM_ID,TERMINAL_CODE,ORG_CODE,IS_VIDEO_TERMINAL,SP_SERVER_NAME,PROTOCOL_TYPE,CHANNELS,YT_PROTOCOL_TYPE) values(341190, 4, 35190, '1015189', 'B0000808',1,'1076测试服务器','4',8,'0');
insert into V_VEHICLEINFO (ORG_CODE,VEHICLE_ID,ID_NUMBER,TYPE_ID,TERMINAL_ID,DELETE_FLAG,COLOR_ID_NUMBER_ID,AUTHORIZED_PAY_MASS) values ('B0000808','3401190', '测B15189', 4, 341190, 0, '2',15);

insert into T_SIMINFO (SIM_ID, ORG_CODE, DEPTCODE, STATE,PAY_MODLE, SIM_NUM) values(35191, 'B0000808', '中国移动', 1, '预付费', 13100015190);
insert into T_TERMINALINFO (TERMINAL_ID,TTYPE_ID,SIM_ID,TERMINAL_CODE,ORG_CODE,IS_VIDEO_TERMINAL,SP_SERVER_NAME,PROTOCOL_TYPE,CHANNELS,YT_PROTOCOL_TYPE) values(341191, 4, 35191, '1015190', 'B0000808',1,'1076测试服务器','4',8,'0');
insert into V_VEHICLEINFO (ORG_CODE,VEHICLE_ID,ID_NUMBER,TYPE_ID,TERMINAL_ID,DELETE_FLAG,COLOR_ID_NUMBER_ID,AUTHORIZED_PAY_MASS) values ('B0000808','3401191', '测B15190', 4, 341191, 0, '2',15);

insert into T_SIMINFO (SIM_ID, ORG_CODE, DEPTCODE, STATE,PAY_MODLE, SIM_NUM) values(35192, 'B0000808', '中国移动', 1, '预付费', 13100015191);
insert into T_TERMINALINFO (TERMINAL_ID,TTYPE_ID,SIM_ID,TERMINAL_CODE,ORG_CODE,IS_VIDEO_TERMINAL,SP_SERVER_NAME,PROTOCOL_TYPE,CHANNELS,YT_PROTOCOL_TYPE) values(341192, 4, 35192, '1015191', 'B0000808',1,'1076测试服务器','4',8,'0');
insert into V_VEHICLEINFO (ORG_CODE,VEHICLE_ID,ID_NUMBER,TYPE_ID,TERMINAL_ID,DELETE_FLAG,COLOR_ID_NUMBER_ID,AUTHORIZED_PAY_MASS) values ('B0000808','3401192', '测B15191', 4, 341192, 0, '2',15);

insert into T_SIMINFO (SIM_ID, ORG_CODE, DEPTCODE, STATE,PAY_MODLE, SIM_NUM) values(35193, 'B0000808', '中国移动', 1, '预付费', 13100015192);
insert into T_TERMINALINFO (TERMINAL_ID,TTYPE_ID,SIM_ID,TERMINAL_CODE,ORG_CODE,IS_VIDEO_TERMINAL,SP_SERVER_NAME,PROTOCOL_TYPE,CHANNELS,YT_PROTOCOL_TYPE) values(341193, 4, 35193, '1015192', 'B0000808',1,'1076测试服务器','4',8,'0');
insert into V_VEHICLEINFO (ORG_CODE,VEHICLE_ID,ID_NUMBER,TYPE_ID,TERMINAL_ID,DELETE_FLAG,COLOR_ID_NUMBER_ID,AUTHORIZED_PAY_MASS) values ('B0000808','3401193', '测B15192', 4, 341193, 0, '2',15);

insert into T_SIMINFO (SIM_ID, ORG_CODE, DEPTCODE, STATE,PAY_MODLE, SIM_NUM) values(35194, 'B0000808', '中国移动', 1, '预付费', 13100015193);
insert into T_TERMINALINFO (TERMINAL_ID,TTYPE_ID,SIM_ID,TERMINAL_CODE,ORG_CODE,IS_VIDEO_TERMINAL,SP_SERVER_NAME,PROTOCOL_TYPE,CHANNELS,YT_PROTOCOL_TYPE) values(341194, 4, 35194, '1015193', 'B0000808',1,'1076测试服务器','4',8,'0');
insert into V_VEHICLEINFO (ORG_CODE,VEHICLE_ID,ID_NUMBER,TYPE_ID,TERMINAL_ID,DELETE_FLAG,COLOR_ID_NUMBER_ID,AUTHORIZED_PAY_MASS) values ('B0000808','3401194', '测B15193', 4, 341194, 0, '2',15);

insert into T_SIMINFO (SIM_ID, ORG_CODE, DEPTCODE, STATE,PAY_MODLE, SIM_NUM) values(35195, 'B0000808', '中国移动', 1, '预付费', 13100015194);
insert into T_TERMINALINFO (TERMINAL_ID,TTYPE_ID,SIM_ID,TERMINAL_CODE,ORG_CODE,IS_VIDEO_TERMINAL,SP_SERVER_NAME,PROTOCOL_TYPE,CHANNELS,YT_PROTOCOL_TYPE) values(341195, 4, 35195, '1015194', 'B0000808',1,'1076测试服务器','4',8,'0');
insert into V_VEHICLEINFO (ORG_CODE,VEHICLE_ID,ID_NUMBER,TYPE_ID,TERMINAL_ID,DELETE_FLAG,COLOR_ID_NUMBER_ID,AUTHORIZED_PAY_MASS) values ('B0000808','3401195', '测B15194', 4, 341195, 0, '2',15);

insert into T_SIMINFO (SIM_ID, ORG_CODE, DEPTCODE, STATE,PAY_MODLE, SIM_NUM) values(35196, 'B0000808', '中国移动', 1, '预付费', 13100015195);
insert into T_TERMINALINFO (TERMINAL_ID,TTYPE_ID,SIM_ID,TERMINAL_CODE,ORG_CODE,IS_VIDEO_TERMINAL,SP_SERVER_NAME,PROTOCOL_TYPE,CHANNELS,YT_PROTOCOL_TYPE) values(341196, 4, 35196, '1015195', 'B0000808',1,'1076测试服务器','4',8,'0');
insert into V_VEHICLEINFO (ORG_CODE,VEHICLE_ID,ID_NUMBER,TYPE_ID,TERMINAL_ID,DELETE_FLAG,COLOR_ID_NUMBER_ID,AUTHORIZED_PAY_MASS) values ('B0000808','3401196', '测B15195', 4, 341196, 0, '2',15);

insert into T_SIMINFO (SIM_ID, ORG_CODE, DEPTCODE, STATE,PAY_MODLE, SIM_NUM) values(35197, 'B0000808', '中国移动', 1, '预付费', 13100015196);
insert into T_TERMINALINFO (TERMINAL_ID,TTYPE_ID,SIM_ID,TERMINAL_CODE,ORG_CODE,IS_VIDEO_TERMINAL,SP_SERVER_NAME,PROTOCOL_TYPE,CHANNELS,YT_PROTOCOL_TYPE) values(341197, 4, 35197, '1015196', 'B0000808',1,'1076测试服务器','4',8,'0');
insert into V_VEHICLEINFO (ORG_CODE,VEHICLE_ID,ID_NUMBER,TYPE_ID,TERMINAL_ID,DELETE_FLAG,COLOR_ID_NUMBER_ID,AUTHORIZED_PAY_MASS) values ('B0000808','3401197', '测B15196', 4, 341197, 0, '2',15);

insert into T_SIMINFO (SIM_ID, ORG_CODE, DEPTCODE, STATE,PAY_MODLE, SIM_NUM) values(35198, 'B0000808', '中国移动', 1, '预付费', 13100015197);
insert into T_TERMINALINFO (TERMINAL_ID,TTYPE_ID,SIM_ID,TERMINAL_CODE,ORG_CODE,IS_VIDEO_TERMINAL,SP_SERVER_NAME,PROTOCOL_TYPE,CHANNELS,YT_PROTOCOL_TYPE) values(341198, 4, 35198, '1015197', 'B0000808',1,'1076测试服务器','4',8,'0');
insert into V_VEHICLEINFO (ORG_CODE,VEHICLE_ID,ID_NUMBER,TYPE_ID,TERMINAL_ID,DELETE_FLAG,COLOR_ID_NUMBER_ID,AUTHORIZED_PAY_MASS) values ('B0000808','3401198', '测B15197', 4, 341198, 0, '2',15);

insert into T_SIMINFO (SIM_ID, ORG_CODE, DEPTCODE, STATE,PAY_MODLE, SIM_NUM) values(35199, 'B0000808', '中国移动', 1, '预付费', 13100015198);
insert into T_TERMINALINFO (TERMINAL_ID,TTYPE_ID,SIM_ID,TERMINAL_CODE,ORG_CODE,IS_VIDEO_TERMINAL,SP_SERVER_NAME,PROTOCOL_TYPE,CHANNELS,YT_PROTOCOL_TYPE) values(341199, 4, 35199, '1015198', 'B0000808',1,'1076测试服务器','4',8,'0');
insert into V_VEHICLEINFO (ORG_CODE,VEHICLE_ID,ID_NUMBER,TYPE_ID,TERMINAL_ID,DELETE_FLAG,COLOR_ID_NUMBER_ID,AUTHORIZED_PAY_MASS) values ('B0000808','3401199', '测B15198', 4, 341199, 0, '2',15);

insert into T_SIMINFO (SIM_ID, ORG_CODE, DEPTCODE, STATE,PAY_MODLE, SIM_NUM) values(35200, 'B0000808', '中国移动', 1, '预付费', 13100015199);
insert into T_TERMINALINFO (TERMINAL_ID,TTYPE_ID,SIM_ID,TERMINAL_CODE,ORG_CODE,IS_VIDEO_TERMINAL,SP_SERVER_NAME,PROTOCOL_TYPE,CHANNELS,YT_PROTOCOL_TYPE) values(341200, 4, 35200, '1015199', 'B0000808',1,'1076测试服务器','4',8,'0');
insert into V_VEHICLEINFO (ORG_CODE,VEHICLE_ID,ID_NUMBER,TYPE_ID,TERMINAL_ID,DELETE_FLAG,COLOR_ID_NUMBER_ID,AUTHORIZED_PAY_MASS) values ('B0000808','3401200', '测B15199', 4, 341200, 0, '2',15);

insert into T_SIMINFO (SIM_ID, ORG_CODE, DEPTCODE, STATE,PAY_MODLE, SIM_NUM) values(35201, 'B0000808', '中国移动', 1, '预付费', 13100015200);
insert into T_TERMINALINFO (TERMINAL_ID,TTYPE_ID,SIM_ID,TERMINAL_CODE,ORG_CODE,IS_VIDEO_TERMINAL,SP_SERVER_NAME,PROTOCOL_TYPE,CHANNELS,YT_PROTOCOL_TYPE) values(341201, 4, 35201, '1015200', 'B0000808',1,'1076测试服务器','4',8,'0');
insert into V_VEHICLEINFO (ORG_CODE,VEHICLE_ID,ID_NUMBER,TYPE_ID,TERMINAL_ID,DELETE_FLAG,COLOR_ID_NUMBER_ID,AUTHORIZED_PAY_MASS) values ('B0000808','3401201', '测B15200', 4, 341201, 0, '2',15);

insert into T_SIMINFO (SIM_ID, ORG_CODE, DEPTCODE, STATE,PAY_MODLE, SIM_NUM) values(35202, 'B0000808', '中国移动', 1, '预付费', 13100015201);
insert into T_TERMINALINFO (TERMINAL_ID,TTYPE_ID,SIM_ID,TERMINAL_CODE,ORG_CODE,IS_VIDEO_TERMINAL,SP_SERVER_NAME,PROTOCOL_TYPE,CHANNELS,YT_PROTOCOL_TYPE) values(341202, 4, 35202, '1015201', 'B0000808',1,'1076测试服务器','4',8,'0');
insert into V_VEHICLEINFO (ORG_CODE,VEHICLE_ID,ID_NUMBER,TYPE_ID,TERMINAL_ID,DELETE_FLAG,COLOR_ID_NUMBER_ID,AUTHORIZED_PAY_MASS) values ('B0000808','3401202', '测B15201', 4, 341202, 0, '2',15);

insert into T_SIMINFO (SIM_ID, ORG_CODE, DEPTCODE, STATE,PAY_MODLE, SIM_NUM) values(35203, 'B0000808', '中国移动', 1, '预付费', 13100015202);
insert into T_TERMINALINFO (TERMINAL_ID,TTYPE_ID,SIM_ID,TERMINAL_CODE,ORG_CODE,IS_VIDEO_TERMINAL,SP_SERVER_NAME,PROTOCOL_TYPE,CHANNELS,YT_PROTOCOL_TYPE) values(341203, 4, 35203, '1015202', 'B0000808',1,'1076测试服务器','4',8,'0');
insert into V_VEHICLEINFO (ORG_CODE,VEHICLE_ID,ID_NUMBER,TYPE_ID,TERMINAL_ID,DELETE_FLAG,COLOR_ID_NUMBER_ID,AUTHORIZED_PAY_MASS) values ('B0000808','3401203', '测B15202', 4, 341203, 0, '2',15);

insert into T_SIMINFO (SIM_ID, ORG_CODE, DEPTCODE, STATE,PAY_MODLE, SIM_NUM) values(35204, 'B0000808', '中国移动', 1, '预付费', 13100015203);
insert into T_TERMINALINFO (TERMINAL_ID,TTYPE_ID,SIM_ID,TERMINAL_CODE,ORG_CODE,IS_VIDEO_TERMINAL,SP_SERVER_NAME,PROTOCOL_TYPE,CHANNELS,YT_PROTOCOL_TYPE) values(341204, 4, 35204, '1015203', 'B0000808',1,'1076测试服务器','4',8,'0');
insert into V_VEHICLEINFO (ORG_CODE,VEHICLE_ID,ID_NUMBER,TYPE_ID,TERMINAL_ID,DELETE_FLAG,COLOR_ID_NUMBER_ID,AUTHORIZED_PAY_MASS) values ('B0000808','3401204', '测B15203', 4, 341204, 0, '2',15);

insert into T_SIMINFO (SIM_ID, ORG_CODE, DEPTCODE, STATE,PAY_MODLE, SIM_NUM) values(35205, 'B0000808', '中国移动', 1, '预付费', 13100015204);
insert into T_TERMINALINFO (TERMINAL_ID,TTYPE_ID,SIM_ID,TERMINAL_CODE,ORG_CODE,IS_VIDEO_TERMINAL,SP_SERVER_NAME,PROTOCOL_TYPE,CHANNELS,YT_PROTOCOL_TYPE) values(341205, 4, 35205, '1015204', 'B0000808',1,'1076测试服务器','4',8,'0');
insert into V_VEHICLEINFO (ORG_CODE,VEHICLE_ID,ID_NUMBER,TYPE_ID,TERMINAL_ID,DELETE_FLAG,COLOR_ID_NUMBER_ID,AUTHORIZED_PAY_MASS) values ('B0000808','3401205', '测B15204', 4, 341205, 0, '2',15);

insert into T_SIMINFO (SIM_ID, ORG_CODE, DEPTCODE, STATE,PAY_MODLE, SIM_NUM) values(35206, 'B0000808', '中国移动', 1, '预付费', 13100015205);
insert into T_TERMINALINFO (TERMINAL_ID,TTYPE_ID,SIM_ID,TERMINAL_CODE,ORG_CODE,IS_VIDEO_TERMINAL,SP_SERVER_NAME,PROTOCOL_TYPE,CHANNELS,YT_PROTOCOL_TYPE) values(341206, 4, 35206, '1015205', 'B0000808',1,'1076测试服务器','4',8,'0');
insert into V_VEHICLEINFO (ORG_CODE,VEHICLE_ID,ID_NUMBER,TYPE_ID,TERMINAL_ID,DELETE_FLAG,COLOR_ID_NUMBER_ID,AUTHORIZED_PAY_MASS) values ('B0000808','3401206', '测B15205', 4, 341206, 0, '2',15);

insert into T_SIMINFO (SIM_ID, ORG_CODE, DEPTCODE, STATE,PAY_MODLE, SIM_NUM) values(35207, 'B0000808', '中国移动', 1, '预付费', 13100015206);
insert into T_TERMINALINFO (TERMINAL_ID,TTYPE_ID,SIM_ID,TERMINAL_CODE,ORG_CODE,IS_VIDEO_TERMINAL,SP_SERVER_NAME,PROTOCOL_TYPE,CHANNELS,YT_PROTOCOL_TYPE) values(341207, 4, 35207, '1015206', 'B0000808',1,'1076测试服务器','4',8,'0');
insert into V_VEHICLEINFO (ORG_CODE,VEHICLE_ID,ID_NUMBER,TYPE_ID,TERMINAL_ID,DELETE_FLAG,COLOR_ID_NUMBER_ID,AUTHORIZED_PAY_MASS) values ('B0000808','3401207', '测B15206', 4, 341207, 0, '2',15);

insert into T_SIMINFO (SIM_ID, ORG_CODE, DEPTCODE, STATE,PAY_MODLE, SIM_NUM) values(35208, 'B0000808', '中国移动', 1, '预付费', 13100015207);
insert into T_TERMINALINFO (TERMINAL_ID,TTYPE_ID,SIM_ID,TERMINAL_CODE,ORG_CODE,IS_VIDEO_TERMINAL,SP_SERVER_NAME,PROTOCOL_TYPE,CHANNELS,YT_PROTOCOL_TYPE) values(341208, 4, 35208, '1015207', 'B0000808',1,'1076测试服务器','4',8,'0');
insert into V_VEHICLEINFO (ORG_CODE,VEHICLE_ID,ID_NUMBER,TYPE_ID,TERMINAL_ID,DELETE_FLAG,COLOR_ID_NUMBER_ID,AUTHORIZED_PAY_MASS) values ('B0000808','3401208', '测B15207', 4, 341208, 0, '2',15);

insert into T_SIMINFO (SIM_ID, ORG_CODE, DEPTCODE, STATE,PAY_MODLE, SIM_NUM) values(35209, 'B0000808', '中国移动', 1, '预付费', 13100015208);
insert into T_TERMINALINFO (TERMINAL_ID,TTYPE_ID,SIM_ID,TERMINAL_CODE,ORG_CODE,IS_VIDEO_TERMINAL,SP_SERVER_NAME,PROTOCOL_TYPE,CHANNELS,YT_PROTOCOL_TYPE) values(341209, 4, 35209, '1015208', 'B0000808',1,'1076测试服务器','4',8,'0');
insert into V_VEHICLEINFO (ORG_CODE,VEHICLE_ID,ID_NUMBER,TYPE_ID,TERMINAL_ID,DELETE_FLAG,COLOR_ID_NUMBER_ID,AUTHORIZED_PAY_MASS) values ('B0000808','3401209', '测B15208', 4, 341209, 0, '2',15);

insert into T_SIMINFO (SIM_ID, ORG_CODE, DEPTCODE, STATE,PAY_MODLE, SIM_NUM) values(35210, 'B0000808', '中国移动', 1, '预付费', 13100015209);
insert into T_TERMINALINFO (TERMINAL_ID,TTYPE_ID,SIM_ID,TERMINAL_CODE,ORG_CODE,IS_VIDEO_TERMINAL,SP_SERVER_NAME,PROTOCOL_TYPE,CHANNELS,YT_PROTOCOL_TYPE) values(341210, 4, 35210, '1015209', 'B0000808',1,'1076测试服务器','4',8,'0');
insert into V_VEHICLEINFO (ORG_CODE,VEHICLE_ID,ID_NUMBER,TYPE_ID,TERMINAL_ID,DELETE_FLAG,COLOR_ID_NUMBER_ID,AUTHORIZED_PAY_MASS) values ('B0000808','3401210', '测B15209', 4, 341210, 0, '2',15);

insert into T_SIMINFO (SIM_ID, ORG_CODE, DEPTCODE, STATE,PAY_MODLE, SIM_NUM) values(35211, 'B0000808', '中国移动', 1, '预付费', 13100015210);
insert into T_TERMINALINFO (TERMINAL_ID,TTYPE_ID,SIM_ID,TERMINAL_CODE,ORG_CODE,IS_VIDEO_TERMINAL,SP_SERVER_NAME,PROTOCOL_TYPE,CHANNELS,YT_PROTOCOL_TYPE) values(341211, 4, 35211, '1015210', 'B0000808',1,'1076测试服务器','4',8,'0');
insert into V_VEHICLEINFO (ORG_CODE,VEHICLE_ID,ID_NUMBER,TYPE_ID,TERMINAL_ID,DELETE_FLAG,COLOR_ID_NUMBER_ID,AUTHORIZED_PAY_MASS) values ('B0000808','3401211', '测B15210', 4, 341211, 0, '2',15);

insert into T_SIMINFO (SIM_ID, ORG_CODE, DEPTCODE, STATE,PAY_MODLE, SIM_NUM) values(35212, 'B0000808', '中国移动', 1, '预付费', 13100015211);
insert into T_TERMINALINFO (TERMINAL_ID,TTYPE_ID,SIM_ID,TERMINAL_CODE,ORG_CODE,IS_VIDEO_TERMINAL,SP_SERVER_NAME,PROTOCOL_TYPE,CHANNELS,YT_PROTOCOL_TYPE) values(341212, 4, 35212, '1015211', 'B0000808',1,'1076测试服务器','4',8,'0');
insert into V_VEHICLEINFO (ORG_CODE,VEHICLE_ID,ID_NUMBER,TYPE_ID,TERMINAL_ID,DELETE_FLAG,COLOR_ID_NUMBER_ID,AUTHORIZED_PAY_MASS) values ('B0000808','3401212', '测B15211', 4, 341212, 0, '2',15);

insert into T_SIMINFO (SIM_ID, ORG_CODE, DEPTCODE, STATE,PAY_MODLE, SIM_NUM) values(35213, 'B0000808', '中国移动', 1, '预付费', 13100015212);
insert into T_TERMINALINFO (TERMINAL_ID,TTYPE_ID,SIM_ID,TERMINAL_CODE,ORG_CODE,IS_VIDEO_TERMINAL,SP_SERVER_NAME,PROTOCOL_TYPE,CHANNELS,YT_PROTOCOL_TYPE) values(341213, 4, 35213, '1015212', 'B0000808',1,'1076测试服务器','4',8,'0');
insert into V_VEHICLEINFO (ORG_CODE,VEHICLE_ID,ID_NUMBER,TYPE_ID,TERMINAL_ID,DELETE_FLAG,COLOR_ID_NUMBER_ID,AUTHORIZED_PAY_MASS) values ('B0000808','3401213', '测B15212', 4, 341213, 0, '2',15);

insert into T_SIMINFO (SIM_ID, ORG_CODE, DEPTCODE, STATE,PAY_MODLE, SIM_NUM) values(35214, 'B0000808', '中国移动', 1, '预付费', 13100015213);
insert into T_TERMINALINFO (TERMINAL_ID,TTYPE_ID,SIM_ID,TERMINAL_CODE,ORG_CODE,IS_VIDEO_TERMINAL,SP_SERVER_NAME,PROTOCOL_TYPE,CHANNELS,YT_PROTOCOL_TYPE) values(341214, 4, 35214, '1015213', 'B0000808',1,'1076测试服务器','4',8,'0');
insert into V_VEHICLEINFO (ORG_CODE,VEHICLE_ID,ID_NUMBER,TYPE_ID,TERMINAL_ID,DELETE_FLAG,COLOR_ID_NUMBER_ID,AUTHORIZED_PAY_MASS) values ('B0000808','3401214', '测B15213', 4, 341214, 0, '2',15);

insert into T_SIMINFO (SIM_ID, ORG_CODE, DEPTCODE, STATE,PAY_MODLE, SIM_NUM) values(35215, 'B0000808', '中国移动', 1, '预付费', 13100015214);
insert into T_TERMINALINFO (TERMINAL_ID,TTYPE_ID,SIM_ID,TERMINAL_CODE,ORG_CODE,IS_VIDEO_TERMINAL,SP_SERVER_NAME,PROTOCOL_TYPE,CHANNELS,YT_PROTOCOL_TYPE) values(341215, 4, 35215, '1015214', 'B0000808',1,'1076测试服务器','4',8,'0');
insert into V_VEHICLEINFO (ORG_CODE,VEHICLE_ID,ID_NUMBER,TYPE_ID,TERMINAL_ID,DELETE_FLAG,COLOR_ID_NUMBER_ID,AUTHORIZED_PAY_MASS) values ('B0000808','3401215', '测B15214', 4, 341215, 0, '2',15);

insert into T_SIMINFO (SIM_ID, ORG_CODE, DEPTCODE, STATE,PAY_MODLE, SIM_NUM) values(35216, 'B0000808', '中国移动', 1, '预付费', 13100015215);
insert into T_TERMINALINFO (TERMINAL_ID,TTYPE_ID,SIM_ID,TERMINAL_CODE,ORG_CODE,IS_VIDEO_TERMINAL,SP_SERVER_NAME,PROTOCOL_TYPE,CHANNELS,YT_PROTOCOL_TYPE) values(341216, 4, 35216, '1015215', 'B0000808',1,'1076测试服务器','4',8,'0');
insert into V_VEHICLEINFO (ORG_CODE,VEHICLE_ID,ID_NUMBER,TYPE_ID,TERMINAL_ID,DELETE_FLAG,COLOR_ID_NUMBER_ID,AUTHORIZED_PAY_MASS) values ('B0000808','3401216', '测B15215', 4, 341216, 0, '2',15);

insert into T_SIMINFO (SIM_ID, ORG_CODE, DEPTCODE, STATE,PAY_MODLE, SIM_NUM) values(35217, 'B0000808', '中国移动', 1, '预付费', 13100015216);
insert into T_TERMINALINFO (TERMINAL_ID,TTYPE_ID,SIM_ID,TERMINAL_CODE,ORG_CODE,IS_VIDEO_TERMINAL,SP_SERVER_NAME,PROTOCOL_TYPE,CHANNELS,YT_PROTOCOL_TYPE) values(341217, 4, 35217, '1015216', 'B0000808',1,'1076测试服务器','4',8,'0');
insert into V_VEHICLEINFO (ORG_CODE,VEHICLE_ID,ID_NUMBER,TYPE_ID,TERMINAL_ID,DELETE_FLAG,COLOR_ID_NUMBER_ID,AUTHORIZED_PAY_MASS) values ('B0000808','3401217', '测B15216', 4, 341217, 0, '2',15);

insert into T_SIMINFO (SIM_ID, ORG_CODE, DEPTCODE, STATE,PAY_MODLE, SIM_NUM) values(35218, 'B0000808', '中国移动', 1, '预付费', 13100015217);
insert into T_TERMINALINFO (TERMINAL_ID,TTYPE_ID,SIM_ID,TERMINAL_CODE,ORG_CODE,IS_VIDEO_TERMINAL,SP_SERVER_NAME,PROTOCOL_TYPE,CHANNELS,YT_PROTOCOL_TYPE) values(341218, 4, 35218, '1015217', 'B0000808',1,'1076测试服务器','4',8,'0');
insert into V_VEHICLEINFO (ORG_CODE,VEHICLE_ID,ID_NUMBER,TYPE_ID,TERMINAL_ID,DELETE_FLAG,COLOR_ID_NUMBER_ID,AUTHORIZED_PAY_MASS) values ('B0000808','3401218', '测B15217', 4, 341218, 0, '2',15);

insert into T_SIMINFO (SIM_ID, ORG_CODE, DEPTCODE, STATE,PAY_MODLE, SIM_NUM) values(35219, 'B0000808', '中国移动', 1, '预付费', 13100015218);
insert into T_TERMINALINFO (TERMINAL_ID,TTYPE_ID,SIM_ID,TERMINAL_CODE,ORG_CODE,IS_VIDEO_TERMINAL,SP_SERVER_NAME,PROTOCOL_TYPE,CHANNELS,YT_PROTOCOL_TYPE) values(341219, 4, 35219, '1015218', 'B0000808',1,'1076测试服务器','4',8,'0');
insert into V_VEHICLEINFO (ORG_CODE,VEHICLE_ID,ID_NUMBER,TYPE_ID,TERMINAL_ID,DELETE_FLAG,COLOR_ID_NUMBER_ID,AUTHORIZED_PAY_MASS) values ('B0000808','3401219', '测B15218', 4, 341219, 0, '2',15);

insert into T_SIMINFO (SIM_ID, ORG_CODE, DEPTCODE, STATE,PAY_MODLE, SIM_NUM) values(35220, 'B0000808', '中国移动', 1, '预付费', 13100015219);
insert into T_TERMINALINFO (TERMINAL_ID,TTYPE_ID,SIM_ID,TERMINAL_CODE,ORG_CODE,IS_VIDEO_TERMINAL,SP_SERVER_NAME,PROTOCOL_TYPE,CHANNELS,YT_PROTOCOL_TYPE) values(341220, 4, 35220, '1015219', 'B0000808',1,'1076测试服务器','4',8,'0');
insert into V_VEHICLEINFO (ORG_CODE,VEHICLE_ID,ID_NUMBER,TYPE_ID,TERMINAL_ID,DELETE_FLAG,COLOR_ID_NUMBER_ID,AUTHORIZED_PAY_MASS) values ('B0000808','3401220', '测B15219', 4, 341220, 0, '2',15);

insert into T_SIMINFO (SIM_ID, ORG_CODE, DEPTCODE, STATE,PAY_MODLE, SIM_NUM) values(35221, 'B0000808', '中国移动', 1, '预付费', 13100015220);
insert into T_TERMINALINFO (TERMINAL_ID,TTYPE_ID,SIM_ID,TERMINAL_CODE,ORG_CODE,IS_VIDEO_TERMINAL,SP_SERVER_NAME,PROTOCOL_TYPE,CHANNELS,YT_PROTOCOL_TYPE) values(341221, 4, 35221, '1015220', 'B0000808',1,'1076测试服务器','4',8,'0');
insert into V_VEHICLEINFO (ORG_CODE,VEHICLE_ID,ID_NUMBER,TYPE_ID,TERMINAL_ID,DELETE_FLAG,COLOR_ID_NUMBER_ID,AUTHORIZED_PAY_MASS) values ('B0000808','3401221', '测B15220', 4, 341221, 0, '2',15);

insert into T_SIMINFO (SIM_ID, ORG_CODE, DEPTCODE, STATE,PAY_MODLE, SIM_NUM) values(35222, 'B0000808', '中国移动', 1, '预付费', 13100015221);
insert into T_TERMINALINFO (TERMINAL_ID,TTYPE_ID,SIM_ID,TERMINAL_CODE,ORG_CODE,IS_VIDEO_TERMINAL,SP_SERVER_NAME,PROTOCOL_TYPE,CHANNELS,YT_PROTOCOL_TYPE) values(341222, 4, 35222, '1015221', 'B0000808',1,'1076测试服务器','4',8,'0');
insert into V_VEHICLEINFO (ORG_CODE,VEHICLE_ID,ID_NUMBER,TYPE_ID,TERMINAL_ID,DELETE_FLAG,COLOR_ID_NUMBER_ID,AUTHORIZED_PAY_MASS) values ('B0000808','3401222', '测B15221', 4, 341222, 0, '2',15);

insert into T_SIMINFO (SIM_ID, ORG_CODE, DEPTCODE, STATE,PAY_MODLE, SIM_NUM) values(35223, 'B0000808', '中国移动', 1, '预付费', 13100015222);
insert into T_TERMINALINFO (TERMINAL_ID,TTYPE_ID,SIM_ID,TERMINAL_CODE,ORG_CODE,IS_VIDEO_TERMINAL,SP_SERVER_NAME,PROTOCOL_TYPE,CHANNELS,YT_PROTOCOL_TYPE) values(341223, 4, 35223, '1015222', 'B0000808',1,'1076测试服务器','4',8,'0');
insert into V_VEHICLEINFO (ORG_CODE,VEHICLE_ID,ID_NUMBER,TYPE_ID,TERMINAL_ID,DELETE_FLAG,COLOR_ID_NUMBER_ID,AUTHORIZED_PAY_MASS) values ('B0000808','3401223', '测B15222', 4, 341223, 0, '2',15);

insert into T_SIMINFO (SIM_ID, ORG_CODE, DEPTCODE, STATE,PAY_MODLE, SIM_NUM) values(35224, 'B0000808', '中国移动', 1, '预付费', 13100015223);
insert into T_TERMINALINFO (TERMINAL_ID,TTYPE_ID,SIM_ID,TERMINAL_CODE,ORG_CODE,IS_VIDEO_TERMINAL,SP_SERVER_NAME,PROTOCOL_TYPE,CHANNELS,YT_PROTOCOL_TYPE) values(341224, 4, 35224, '1015223', 'B0000808',1,'1076测试服务器','4',8,'0');
insert into V_VEHICLEINFO (ORG_CODE,VEHICLE_ID,ID_NUMBER,TYPE_ID,TERMINAL_ID,DELETE_FLAG,COLOR_ID_NUMBER_ID,AUTHORIZED_PAY_MASS) values ('B0000808','3401224', '测B15223', 4, 341224, 0, '2',15);

insert into T_SIMINFO (SIM_ID, ORG_CODE, DEPTCODE, STATE,PAY_MODLE, SIM_NUM) values(35225, 'B0000808', '中国移动', 1, '预付费', 13100015224);
insert into T_TERMINALINFO (TERMINAL_ID,TTYPE_ID,SIM_ID,TERMINAL_CODE,ORG_CODE,IS_VIDEO_TERMINAL,SP_SERVER_NAME,PROTOCOL_TYPE,CHANNELS,YT_PROTOCOL_TYPE) values(341225, 4, 35225, '1015224', 'B0000808',1,'1076测试服务器','4',8,'0');
insert into V_VEHICLEINFO (ORG_CODE,VEHICLE_ID,ID_NUMBER,TYPE_ID,TERMINAL_ID,DELETE_FLAG,COLOR_ID_NUMBER_ID,AUTHORIZED_PAY_MASS) values ('B0000808','3401225', '测B15224', 4, 341225, 0, '2',15);

insert into T_SIMINFO (SIM_ID, ORG_CODE, DEPTCODE, STATE,PAY_MODLE, SIM_NUM) values(35226, 'B0000808', '中国移动', 1, '预付费', 13100015225);
insert into T_TERMINALINFO (TERMINAL_ID,TTYPE_ID,SIM_ID,TERMINAL_CODE,ORG_CODE,IS_VIDEO_TERMINAL,SP_SERVER_NAME,PROTOCOL_TYPE,CHANNELS,YT_PROTOCOL_TYPE) values(341226, 4, 35226, '1015225', 'B0000808',1,'1076测试服务器','4',8,'0');
insert into V_VEHICLEINFO (ORG_CODE,VEHICLE_ID,ID_NUMBER,TYPE_ID,TERMINAL_ID,DELETE_FLAG,COLOR_ID_NUMBER_ID,AUTHORIZED_PAY_MASS) values ('B0000808','3401226', '测B15225', 4, 341226, 0, '2',15);

insert into T_SIMINFO (SIM_ID, ORG_CODE, DEPTCODE, STATE,PAY_MODLE, SIM_NUM) values(35227, 'B0000808', '中国移动', 1, '预付费', 13100015226);
insert into T_TERMINALINFO (TERMINAL_ID,TTYPE_ID,SIM_ID,TERMINAL_CODE,ORG_CODE,IS_VIDEO_TERMINAL,SP_SERVER_NAME,PROTOCOL_TYPE,CHANNELS,YT_PROTOCOL_TYPE) values(341227, 4, 35227, '1015226', 'B0000808',1,'1076测试服务器','4',8,'0');
insert into V_VEHICLEINFO (ORG_CODE,VEHICLE_ID,ID_NUMBER,TYPE_ID,TERMINAL_ID,DELETE_FLAG,COLOR_ID_NUMBER_ID,AUTHORIZED_PAY_MASS) values ('B0000808','3401227', '测B15226', 4, 341227, 0, '2',15);

insert into T_SIMINFO (SIM_ID, ORG_CODE, DEPTCODE, STATE,PAY_MODLE, SIM_NUM) values(35228, 'B0000808', '中国移动', 1, '预付费', 13100015227);
insert into T_TERMINALINFO (TERMINAL_ID,TTYPE_ID,SIM_ID,TERMINAL_CODE,ORG_CODE,IS_VIDEO_TERMINAL,SP_SERVER_NAME,PROTOCOL_TYPE,CHANNELS,YT_PROTOCOL_TYPE) values(341228, 4, 35228, '1015227', 'B0000808',1,'1076测试服务器','4',8,'0');
insert into V_VEHICLEINFO (ORG_CODE,VEHICLE_ID,ID_NUMBER,TYPE_ID,TERMINAL_ID,DELETE_FLAG,COLOR_ID_NUMBER_ID,AUTHORIZED_PAY_MASS) values ('B0000808','3401228', '测B15227', 4, 341228, 0, '2',15);

insert into T_SIMINFO (SIM_ID, ORG_CODE, DEPTCODE, STATE,PAY_MODLE, SIM_NUM) values(35229, 'B0000808', '中国移动', 1, '预付费', 13100015228);
insert into T_TERMINALINFO (TERMINAL_ID,TTYPE_ID,SIM_ID,TERMINAL_CODE,ORG_CODE,IS_VIDEO_TERMINAL,SP_SERVER_NAME,PROTOCOL_TYPE,CHANNELS,YT_PROTOCOL_TYPE) values(341229, 4, 35229, '1015228', 'B0000808',1,'1076测试服务器','4',8,'0');
insert into V_VEHICLEINFO (ORG_CODE,VEHICLE_ID,ID_NUMBER,TYPE_ID,TERMINAL_ID,DELETE_FLAG,COLOR_ID_NUMBER_ID,AUTHORIZED_PAY_MASS) values ('B0000808','3401229', '测B15228', 4, 341229, 0, '2',15);

insert into T_SIMINFO (SIM_ID, ORG_CODE, DEPTCODE, STATE,PAY_MODLE, SIM_NUM) values(35230, 'B0000808', '中国移动', 1, '预付费', 13100015229);
insert into T_TERMINALINFO (TERMINAL_ID,TTYPE_ID,SIM_ID,TERMINAL_CODE,ORG_CODE,IS_VIDEO_TERMINAL,SP_SERVER_NAME,PROTOCOL_TYPE,CHANNELS,YT_PROTOCOL_TYPE) values(341230, 4, 35230, '1015229', 'B0000808',1,'1076测试服务器','4',8,'0');
insert into V_VEHICLEINFO (ORG_CODE,VEHICLE_ID,ID_NUMBER,TYPE_ID,TERMINAL_ID,DELETE_FLAG,COLOR_ID_NUMBER_ID,AUTHORIZED_PAY_MASS) values ('B0000808','3401230', '测B15229', 4, 341230, 0, '2',15);

insert into T_SIMINFO (SIM_ID, ORG_CODE, DEPTCODE, STATE,PAY_MODLE, SIM_NUM) values(35231, 'B0000808', '中国移动', 1, '预付费', 13100015230);
insert into T_TERMINALINFO (TERMINAL_ID,TTYPE_ID,SIM_ID,TERMINAL_CODE,ORG_CODE,IS_VIDEO_TERMINAL,SP_SERVER_NAME,PROTOCOL_TYPE,CHANNELS,YT_PROTOCOL_TYPE) values(341231, 4, 35231, '1015230', 'B0000808',1,'1076测试服务器','4',8,'0');
insert into V_VEHICLEINFO (ORG_CODE,VEHICLE_ID,ID_NUMBER,TYPE_ID,TERMINAL_ID,DELETE_FLAG,COLOR_ID_NUMBER_ID,AUTHORIZED_PAY_MASS) values ('B0000808','3401231', '测B15230', 4, 341231, 0, '2',15);

insert into T_SIMINFO (SIM_ID, ORG_CODE, DEPTCODE, STATE,PAY_MODLE, SIM_NUM) values(35232, 'B0000808', '中国移动', 1, '预付费', 13100015231);
insert into T_TERMINALINFO (TERMINAL_ID,TTYPE_ID,SIM_ID,TERMINAL_CODE,ORG_CODE,IS_VIDEO_TERMINAL,SP_SERVER_NAME,PROTOCOL_TYPE,CHANNELS,YT_PROTOCOL_TYPE) values(341232, 4, 35232, '1015231', 'B0000808',1,'1076测试服务器','4',8,'0');
insert into V_VEHICLEINFO (ORG_CODE,VEHICLE_ID,ID_NUMBER,TYPE_ID,TERMINAL_ID,DELETE_FLAG,COLOR_ID_NUMBER_ID,AUTHORIZED_PAY_MASS) values ('B0000808','3401232', '测B15231', 4, 341232, 0, '2',15);

insert into T_SIMINFO (SIM_ID, ORG_CODE, DEPTCODE, STATE,PAY_MODLE, SIM_NUM) values(35233, 'B0000808', '中国移动', 1, '预付费', 13100015232);
insert into T_TERMINALINFO (TERMINAL_ID,TTYPE_ID,SIM_ID,TERMINAL_CODE,ORG_CODE,IS_VIDEO_TERMINAL,SP_SERVER_NAME,PROTOCOL_TYPE,CHANNELS,YT_PROTOCOL_TYPE) values(341233, 4, 35233, '1015232', 'B0000808',1,'1076测试服务器','4',8,'0');
insert into V_VEHICLEINFO (ORG_CODE,VEHICLE_ID,ID_NUMBER,TYPE_ID,TERMINAL_ID,DELETE_FLAG,COLOR_ID_NUMBER_ID,AUTHORIZED_PAY_MASS) values ('B0000808','3401233', '测B15232', 4, 341233, 0, '2',15);

insert into T_SIMINFO (SIM_ID, ORG_CODE, DEPTCODE, STATE,PAY_MODLE, SIM_NUM) values(35234, 'B0000808', '中国移动', 1, '预付费', 13100015233);
insert into T_TERMINALINFO (TERMINAL_ID,TTYPE_ID,SIM_ID,TERMINAL_CODE,ORG_CODE,IS_VIDEO_TERMINAL,SP_SERVER_NAME,PROTOCOL_TYPE,CHANNELS,YT_PROTOCOL_TYPE) values(341234, 4, 35234, '1015233', 'B0000808',1,'1076测试服务器','4',8,'0');
insert into V_VEHICLEINFO (ORG_CODE,VEHICLE_ID,ID_NUMBER,TYPE_ID,TERMINAL_ID,DELETE_FLAG,COLOR_ID_NUMBER_ID,AUTHORIZED_PAY_MASS) values ('B0000808','3401234', '测B15233', 4, 341234, 0, '2',15);

insert into T_SIMINFO (SIM_ID, ORG_CODE, DEPTCODE, STATE,PAY_MODLE, SIM_NUM) values(35235, 'B0000808', '中国移动', 1, '预付费', 13100015234);
insert into T_TERMINALINFO (TERMINAL_ID,TTYPE_ID,SIM_ID,TERMINAL_CODE,ORG_CODE,IS_VIDEO_TERMINAL,SP_SERVER_NAME,PROTOCOL_TYPE,CHANNELS,YT_PROTOCOL_TYPE) values(341235, 4, 35235, '1015234', 'B0000808',1,'1076测试服务器','4',8,'0');
insert into V_VEHICLEINFO (ORG_CODE,VEHICLE_ID,ID_NUMBER,TYPE_ID,TERMINAL_ID,DELETE_FLAG,COLOR_ID_NUMBER_ID,AUTHORIZED_PAY_MASS) values ('B0000808','3401235', '测B15234', 4, 341235, 0, '2',15);

insert into T_SIMINFO (SIM_ID, ORG_CODE, DEPTCODE, STATE,PAY_MODLE, SIM_NUM) values(35236, 'B0000808', '中国移动', 1, '预付费', 13100015235);
insert into T_TERMINALINFO (TERMINAL_ID,TTYPE_ID,SIM_ID,TERMINAL_CODE,ORG_CODE,IS_VIDEO_TERMINAL,SP_SERVER_NAME,PROTOCOL_TYPE,CHANNELS,YT_PROTOCOL_TYPE) values(341236, 4, 35236, '1015235', 'B0000808',1,'1076测试服务器','4',8,'0');
insert into V_VEHICLEINFO (ORG_CODE,VEHICLE_ID,ID_NUMBER,TYPE_ID,TERMINAL_ID,DELETE_FLAG,COLOR_ID_NUMBER_ID,AUTHORIZED_PAY_MASS) values ('B0000808','3401236', '测B15235', 4, 341236, 0, '2',15);

insert into T_SIMINFO (SIM_ID, ORG_CODE, DEPTCODE, STATE,PAY_MODLE, SIM_NUM) values(35237, 'B0000808', '中国移动', 1, '预付费', 13100015236);
insert into T_TERMINALINFO (TERMINAL_ID,TTYPE_ID,SIM_ID,TERMINAL_CODE,ORG_CODE,IS_VIDEO_TERMINAL,SP_SERVER_NAME,PROTOCOL_TYPE,CHANNELS,YT_PROTOCOL_TYPE) values(341237, 4, 35237, '1015236', 'B0000808',1,'1076测试服务器','4',8,'0');
insert into V_VEHICLEINFO (ORG_CODE,VEHICLE_ID,ID_NUMBER,TYPE_ID,TERMINAL_ID,DELETE_FLAG,COLOR_ID_NUMBER_ID,AUTHORIZED_PAY_MASS) values ('B0000808','3401237', '测B15236', 4, 341237, 0, '2',15);

insert into T_SIMINFO (SIM_ID, ORG_CODE, DEPTCODE, STATE,PAY_MODLE, SIM_NUM) values(35238, 'B0000808', '中国移动', 1, '预付费', 13100015237);
insert into T_TERMINALINFO (TERMINAL_ID,TTYPE_ID,SIM_ID,TERMINAL_CODE,ORG_CODE,IS_VIDEO_TERMINAL,SP_SERVER_NAME,PROTOCOL_TYPE,CHANNELS,YT_PROTOCOL_TYPE) values(341238, 4, 35238, '1015237', 'B0000808',1,'1076测试服务器','4',8,'0');
insert into V_VEHICLEINFO (ORG_CODE,VEHICLE_ID,ID_NUMBER,TYPE_ID,TERMINAL_ID,DELETE_FLAG,COLOR_ID_NUMBER_ID,AUTHORIZED_PAY_MASS) values ('B0000808','3401238', '测B15237', 4, 341238, 0, '2',15);

insert into T_SIMINFO (SIM_ID, ORG_CODE, DEPTCODE, STATE,PAY_MODLE, SIM_NUM) values(35239, 'B0000808', '中国移动', 1, '预付费', 13100015238);
insert into T_TERMINALINFO (TERMINAL_ID,TTYPE_ID,SIM_ID,TERMINAL_CODE,ORG_CODE,IS_VIDEO_TERMINAL,SP_SERVER_NAME,PROTOCOL_TYPE,CHANNELS,YT_PROTOCOL_TYPE) values(341239, 4, 35239, '1015238', 'B0000808',1,'1076测试服务器','4',8,'0');
insert into V_VEHICLEINFO (ORG_CODE,VEHICLE_ID,ID_NUMBER,TYPE_ID,TERMINAL_ID,DELETE_FLAG,COLOR_ID_NUMBER_ID,AUTHORIZED_PAY_MASS) values ('B0000808','3401239', '测B15238', 4, 341239, 0, '2',15);

insert into T_SIMINFO (SIM_ID, ORG_CODE, DEPTCODE, STATE,PAY_MODLE, SIM_NUM) values(35240, 'B0000808', '中国移动', 1, '预付费', 13100015239);
insert into T_TERMINALINFO (TERMINAL_ID,TTYPE_ID,SIM_ID,TERMINAL_CODE,ORG_CODE,IS_VIDEO_TERMINAL,SP_SERVER_NAME,PROTOCOL_TYPE,CHANNELS,YT_PROTOCOL_TYPE) values(341240, 4, 35240, '1015239', 'B0000808',1,'1076测试服务器','4',8,'0');
insert into V_VEHICLEINFO (ORG_CODE,VEHICLE_ID,ID_NUMBER,TYPE_ID,TERMINAL_ID,DELETE_FLAG,COLOR_ID_NUMBER_ID,AUTHORIZED_PAY_MASS) values ('B0000808','3401240', '测B15239', 4, 341240, 0, '2',15);

insert into T_SIMINFO (SIM_ID, ORG_CODE, DEPTCODE, STATE,PAY_MODLE, SIM_NUM) values(35241, 'B0000808', '中国移动', 1, '预付费', 13100015240);
insert into T_TERMINALINFO (TERMINAL_ID,TTYPE_ID,SIM_ID,TERMINAL_CODE,ORG_CODE,IS_VIDEO_TERMINAL,SP_SERVER_NAME,PROTOCOL_TYPE,CHANNELS,YT_PROTOCOL_TYPE) values(341241, 4, 35241, '1015240', 'B0000808',1,'1076测试服务器','4',8,'0');
insert into V_VEHICLEINFO (ORG_CODE,VEHICLE_ID,ID_NUMBER,TYPE_ID,TERMINAL_ID,DELETE_FLAG,COLOR_ID_NUMBER_ID,AUTHORIZED_PAY_MASS) values ('B0000808','3401241', '测B15240', 4, 341241, 0, '2',15);

insert into T_SIMINFO (SIM_ID, ORG_CODE, DEPTCODE, STATE,PAY_MODLE, SIM_NUM) values(35242, 'B0000808', '中国移动', 1, '预付费', 13100015241);
insert into T_TERMINALINFO (TERMINAL_ID,TTYPE_ID,SIM_ID,TERMINAL_CODE,ORG_CODE,IS_VIDEO_TERMINAL,SP_SERVER_NAME,PROTOCOL_TYPE,CHANNELS,YT_PROTOCOL_TYPE) values(341242, 4, 35242, '1015241', 'B0000808',1,'1076测试服务器','4',8,'0');
insert into V_VEHICLEINFO (ORG_CODE,VEHICLE_ID,ID_NUMBER,TYPE_ID,TERMINAL_ID,DELETE_FLAG,COLOR_ID_NUMBER_ID,AUTHORIZED_PAY_MASS) values ('B0000808','3401242', '测B15241', 4, 341242, 0, '2',15);

insert into T_SIMINFO (SIM_ID, ORG_CODE, DEPTCODE, STATE,PAY_MODLE, SIM_NUM) values(35243, 'B0000808', '中国移动', 1, '预付费', 13100015242);
insert into T_TERMINALINFO (TERMINAL_ID,TTYPE_ID,SIM_ID,TERMINAL_CODE,ORG_CODE,IS_VIDEO_TERMINAL,SP_SERVER_NAME,PROTOCOL_TYPE,CHANNELS,YT_PROTOCOL_TYPE) values(341243, 4, 35243, '1015242', 'B0000808',1,'1076测试服务器','4',8,'0');
insert into V_VEHICLEINFO (ORG_CODE,VEHICLE_ID,ID_NUMBER,TYPE_ID,TERMINAL_ID,DELETE_FLAG,COLOR_ID_NUMBER_ID,AUTHORIZED_PAY_MASS) values ('B0000808','3401243', '测B15242', 4, 341243, 0, '2',15);

insert into T_SIMINFO (SIM_ID, ORG_CODE, DEPTCODE, STATE,PAY_MODLE, SIM_NUM) values(35244, 'B0000808', '中国移动', 1, '预付费', 13100015243);
insert into T_TERMINALINFO (TERMINAL_ID,TTYPE_ID,SIM_ID,TERMINAL_CODE,ORG_CODE,IS_VIDEO_TERMINAL,SP_SERVER_NAME,PROTOCOL_TYPE,CHANNELS,YT_PROTOCOL_TYPE) values(341244, 4, 35244, '1015243', 'B0000808',1,'1076测试服务器','4',8,'0');
insert into V_VEHICLEINFO (ORG_CODE,VEHICLE_ID,ID_NUMBER,TYPE_ID,TERMINAL_ID,DELETE_FLAG,COLOR_ID_NUMBER_ID,AUTHORIZED_PAY_MASS) values ('B0000808','3401244', '测B15243', 4, 341244, 0, '2',15);

insert into T_SIMINFO (SIM_ID, ORG_CODE, DEPTCODE, STATE,PAY_MODLE, SIM_NUM) values(35245, 'B0000808', '中国移动', 1, '预付费', 13100015244);
insert into T_TERMINALINFO (TERMINAL_ID,TTYPE_ID,SIM_ID,TERMINAL_CODE,ORG_CODE,IS_VIDEO_TERMINAL,SP_SERVER_NAME,PROTOCOL_TYPE,CHANNELS,YT_PROTOCOL_TYPE) values(341245, 4, 35245, '1015244', 'B0000808',1,'1076测试服务器','4',8,'0');
insert into V_VEHICLEINFO (ORG_CODE,VEHICLE_ID,ID_NUMBER,TYPE_ID,TERMINAL_ID,DELETE_FLAG,COLOR_ID_NUMBER_ID,AUTHORIZED_PAY_MASS) values ('B0000808','3401245', '测B15244', 4, 341245, 0, '2',15);

insert into T_SIMINFO (SIM_ID, ORG_CODE, DEPTCODE, STATE,PAY_MODLE, SIM_NUM) values(35246, 'B0000808', '中国移动', 1, '预付费', 13100015245);
insert into T_TERMINALINFO (TERMINAL_ID,TTYPE_ID,SIM_ID,TERMINAL_CODE,ORG_CODE,IS_VIDEO_TERMINAL,SP_SERVER_NAME,PROTOCOL_TYPE,CHANNELS,YT_PROTOCOL_TYPE) values(341246, 4, 35246, '1015245', 'B0000808',1,'1076测试服务器','4',8,'0');
insert into V_VEHICLEINFO (ORG_CODE,VEHICLE_ID,ID_NUMBER,TYPE_ID,TERMINAL_ID,DELETE_FLAG,COLOR_ID_NUMBER_ID,AUTHORIZED_PAY_MASS) values ('B0000808','3401246', '测B15245', 4, 341246, 0, '2',15);

insert into T_SIMINFO (SIM_ID, ORG_CODE, DEPTCODE, STATE,PAY_MODLE, SIM_NUM) values(35247, 'B0000808', '中国移动', 1, '预付费', 13100015246);
insert into T_TERMINALINFO (TERMINAL_ID,TTYPE_ID,SIM_ID,TERMINAL_CODE,ORG_CODE,IS_VIDEO_TERMINAL,SP_SERVER_NAME,PROTOCOL_TYPE,CHANNELS,YT_PROTOCOL_TYPE) values(341247, 4, 35247, '1015246', 'B0000808',1,'1076测试服务器','4',8,'0');
insert into V_VEHICLEINFO (ORG_CODE,VEHICLE_ID,ID_NUMBER,TYPE_ID,TERMINAL_ID,DELETE_FLAG,COLOR_ID_NUMBER_ID,AUTHORIZED_PAY_MASS) values ('B0000808','3401247', '测B15246', 4, 341247, 0, '2',15);

insert into T_SIMINFO (SIM_ID, ORG_CODE, DEPTCODE, STATE,PAY_MODLE, SIM_NUM) values(35248, 'B0000808', '中国移动', 1, '预付费', 13100015247);
insert into T_TERMINALINFO (TERMINAL_ID,TTYPE_ID,SIM_ID,TERMINAL_CODE,ORG_CODE,IS_VIDEO_TERMINAL,SP_SERVER_NAME,PROTOCOL_TYPE,CHANNELS,YT_PROTOCOL_TYPE) values(341248, 4, 35248, '1015247', 'B0000808',1,'1076测试服务器','4',8,'0');
insert into V_VEHICLEINFO (ORG_CODE,VEHICLE_ID,ID_NUMBER,TYPE_ID,TERMINAL_ID,DELETE_FLAG,COLOR_ID_NUMBER_ID,AUTHORIZED_PAY_MASS) values ('B0000808','3401248', '测B15247', 4, 341248, 0, '2',15);

insert into T_SIMINFO (SIM_ID, ORG_CODE, DEPTCODE, STATE,PAY_MODLE, SIM_NUM) values(35249, 'B0000808', '中国移动', 1, '预付费', 13100015248);
insert into T_TERMINALINFO (TERMINAL_ID,TTYPE_ID,SIM_ID,TERMINAL_CODE,ORG_CODE,IS_VIDEO_TERMINAL,SP_SERVER_NAME,PROTOCOL_TYPE,CHANNELS,YT_PROTOCOL_TYPE) values(341249, 4, 35249, '1015248', 'B0000808',1,'1076测试服务器','4',8,'0');
insert into V_VEHICLEINFO (ORG_CODE,VEHICLE_ID,ID_NUMBER,TYPE_ID,TERMINAL_ID,DELETE_FLAG,COLOR_ID_NUMBER_ID,AUTHORIZED_PAY_MASS) values ('B0000808','3401249', '测B15248', 4, 341249, 0, '2',15);

insert into T_SIMINFO (SIM_ID, ORG_CODE, DEPTCODE, STATE,PAY_MODLE, SIM_NUM) values(35250, 'B0000808', '中国移动', 1, '预付费', 13100015249);
insert into T_TERMINALINFO (TERMINAL_ID,TTYPE_ID,SIM_ID,TERMINAL_CODE,ORG_CODE,IS_VIDEO_TERMINAL,SP_SERVER_NAME,PROTOCOL_TYPE,CHANNELS,YT_PROTOCOL_TYPE) values(341250, 4, 35250, '1015249', 'B0000808',1,'1076测试服务器','4',8,'0');
insert into V_VEHICLEINFO (ORG_CODE,VEHICLE_ID,ID_NUMBER,TYPE_ID,TERMINAL_ID,DELETE_FLAG,COLOR_ID_NUMBER_ID,AUTHORIZED_PAY_MASS) values ('B0000808','3401250', '测B15249', 4, 341250, 0, '2',15);

insert into T_SIMINFO (SIM_ID, ORG_CODE, DEPTCODE, STATE,PAY_MODLE, SIM_NUM) values(35251, 'B0000808', '中国移动', 1, '预付费', 13100015250);
insert into T_TERMINALINFO (TERMINAL_ID,TTYPE_ID,SIM_ID,TERMINAL_CODE,ORG_CODE,IS_VIDEO_TERMINAL,SP_SERVER_NAME,PROTOCOL_TYPE,CHANNELS,YT_PROTOCOL_TYPE) values(341251, 4, 35251, '1015250', 'B0000808',1,'1076测试服务器','4',8,'0');
insert into V_VEHICLEINFO (ORG_CODE,VEHICLE_ID,ID_NUMBER,TYPE_ID,TERMINAL_ID,DELETE_FLAG,COLOR_ID_NUMBER_ID,AUTHORIZED_PAY_MASS) values ('B0000808','3401251', '测B15250', 4, 341251, 0, '2',15);

insert into T_SIMINFO (SIM_ID, ORG_CODE, DEPTCODE, STATE,PAY_MODLE, SIM_NUM) values(35252, 'B0000808', '中国移动', 1, '预付费', 13100015251);
insert into T_TERMINALINFO (TERMINAL_ID,TTYPE_ID,SIM_ID,TERMINAL_CODE,ORG_CODE,IS_VIDEO_TERMINAL,SP_SERVER_NAME,PROTOCOL_TYPE,CHANNELS,YT_PROTOCOL_TYPE) values(341252, 4, 35252, '1015251', 'B0000808',1,'1076测试服务器','4',8,'0');
insert into V_VEHICLEINFO (ORG_CODE,VEHICLE_ID,ID_NUMBER,TYPE_ID,TERMINAL_ID,DELETE_FLAG,COLOR_ID_NUMBER_ID,AUTHORIZED_PAY_MASS) values ('B0000808','3401252', '测B15251', 4, 341252, 0, '2',15);

insert into T_SIMINFO (SIM_ID, ORG_CODE, DEPTCODE, STATE,PAY_MODLE, SIM_NUM) values(35253, 'B0000808', '中国移动', 1, '预付费', 13100015252);
insert into T_TERMINALINFO (TERMINAL_ID,TTYPE_ID,SIM_ID,TERMINAL_CODE,ORG_CODE,IS_VIDEO_TERMINAL,SP_SERVER_NAME,PROTOCOL_TYPE,CHANNELS,YT_PROTOCOL_TYPE) values(341253, 4, 35253, '1015252', 'B0000808',1,'1076测试服务器','4',8,'0');
insert into V_VEHICLEINFO (ORG_CODE,VEHICLE_ID,ID_NUMBER,TYPE_ID,TERMINAL_ID,DELETE_FLAG,COLOR_ID_NUMBER_ID,AUTHORIZED_PAY_MASS) values ('B0000808','3401253', '测B15252', 4, 341253, 0, '2',15);

insert into T_SIMINFO (SIM_ID, ORG_CODE, DEPTCODE, STATE,PAY_MODLE, SIM_NUM) values(35254, 'B0000808', '中国移动', 1, '预付费', 13100015253);
insert into T_TERMINALINFO (TERMINAL_ID,TTYPE_ID,SIM_ID,TERMINAL_CODE,ORG_CODE,IS_VIDEO_TERMINAL,SP_SERVER_NAME,PROTOCOL_TYPE,CHANNELS,YT_PROTOCOL_TYPE) values(341254, 4, 35254, '1015253', 'B0000808',1,'1076测试服务器','4',8,'0');
insert into V_VEHICLEINFO (ORG_CODE,VEHICLE_ID,ID_NUMBER,TYPE_ID,TERMINAL_ID,DELETE_FLAG,COLOR_ID_NUMBER_ID,AUTHORIZED_PAY_MASS) values ('B0000808','3401254', '测B15253', 4, 341254, 0, '2',15);

insert into T_SIMINFO (SIM_ID, ORG_CODE, DEPTCODE, STATE,PAY_MODLE, SIM_NUM) values(35255, 'B0000808', '中国移动', 1, '预付费', 13100015254);
insert into T_TERMINALINFO (TERMINAL_ID,TTYPE_ID,SIM_ID,TERMINAL_CODE,ORG_CODE,IS_VIDEO_TERMINAL,SP_SERVER_NAME,PROTOCOL_TYPE,CHANNELS,YT_PROTOCOL_TYPE) values(341255, 4, 35255, '1015254', 'B0000808',1,'1076测试服务器','4',8,'0');
insert into V_VEHICLEINFO (ORG_CODE,VEHICLE_ID,ID_NUMBER,TYPE_ID,TERMINAL_ID,DELETE_FLAG,COLOR_ID_NUMBER_ID,AUTHORIZED_PAY_MASS) values ('B0000808','3401255', '测B15254', 4, 341255, 0, '2',15);

insert into T_SIMINFO (SIM_ID, ORG_CODE, DEPTCODE, STATE,PAY_MODLE, SIM_NUM) values(35256, 'B0000808', '中国移动', 1, '预付费', 13100015255);
insert into T_TERMINALINFO (TERMINAL_ID,TTYPE_ID,SIM_ID,TERMINAL_CODE,ORG_CODE,IS_VIDEO_TERMINAL,SP_SERVER_NAME,PROTOCOL_TYPE,CHANNELS,YT_PROTOCOL_TYPE) values(341256, 4, 35256, '1015255', 'B0000808',1,'1076测试服务器','4',8,'0');
insert into V_VEHICLEINFO (ORG_CODE,VEHICLE_ID,ID_NUMBER,TYPE_ID,TERMINAL_ID,DELETE_FLAG,COLOR_ID_NUMBER_ID,AUTHORIZED_PAY_MASS) values ('B0000808','3401256', '测B15255', 4, 341256, 0, '2',15);

insert into T_SIMINFO (SIM_ID, ORG_CODE, DEPTCODE, STATE,PAY_MODLE, SIM_NUM) values(35257, 'B0000808', '中国移动', 1, '预付费', 13100015256);
insert into T_TERMINALINFO (TERMINAL_ID,TTYPE_ID,SIM_ID,TERMINAL_CODE,ORG_CODE,IS_VIDEO_TERMINAL,SP_SERVER_NAME,PROTOCOL_TYPE,CHANNELS,YT_PROTOCOL_TYPE) values(341257, 4, 35257, '1015256', 'B0000808',1,'1076测试服务器','4',8,'0');
insert into V_VEHICLEINFO (ORG_CODE,VEHICLE_ID,ID_NUMBER,TYPE_ID,TERMINAL_ID,DELETE_FLAG,COLOR_ID_NUMBER_ID,AUTHORIZED_PAY_MASS) values ('B0000808','3401257', '测B15256', 4, 341257, 0, '2',15);

insert into T_SIMINFO (SIM_ID, ORG_CODE, DEPTCODE, STATE,PAY_MODLE, SIM_NUM) values(35258, 'B0000808', '中国移动', 1, '预付费', 13100015257);
insert into T_TERMINALINFO (TERMINAL_ID,TTYPE_ID,SIM_ID,TERMINAL_CODE,ORG_CODE,IS_VIDEO_TERMINAL,SP_SERVER_NAME,PROTOCOL_TYPE,CHANNELS,YT_PROTOCOL_TYPE) values(341258, 4, 35258, '1015257', 'B0000808',1,'1076测试服务器','4',8,'0');
insert into V_VEHICLEINFO (ORG_CODE,VEHICLE_ID,ID_NUMBER,TYPE_ID,TERMINAL_ID,DELETE_FLAG,COLOR_ID_NUMBER_ID,AUTHORIZED_PAY_MASS) values ('B0000808','3401258', '测B15257', 4, 341258, 0, '2',15);

insert into T_SIMINFO (SIM_ID, ORG_CODE, DEPTCODE, STATE,PAY_MODLE, SIM_NUM) values(35259, 'B0000808', '中国移动', 1, '预付费', 13100015258);
insert into T_TERMINALINFO (TERMINAL_ID,TTYPE_ID,SIM_ID,TERMINAL_CODE,ORG_CODE,IS_VIDEO_TERMINAL,SP_SERVER_NAME,PROTOCOL_TYPE,CHANNELS,YT_PROTOCOL_TYPE) values(341259, 4, 35259, '1015258', 'B0000808',1,'1076测试服务器','4',8,'0');
insert into V_VEHICLEINFO (ORG_CODE,VEHICLE_ID,ID_NUMBER,TYPE_ID,TERMINAL_ID,DELETE_FLAG,COLOR_ID_NUMBER_ID,AUTHORIZED_PAY_MASS) values ('B0000808','3401259', '测B15258', 4, 341259, 0, '2',15);

insert into T_SIMINFO (SIM_ID, ORG_CODE, DEPTCODE, STATE,PAY_MODLE, SIM_NUM) values(35260, 'B0000808', '中国移动', 1, '预付费', 13100015259);
insert into T_TERMINALINFO (TERMINAL_ID,TTYPE_ID,SIM_ID,TERMINAL_CODE,ORG_CODE,IS_VIDEO_TERMINAL,SP_SERVER_NAME,PROTOCOL_TYPE,CHANNELS,YT_PROTOCOL_TYPE) values(341260, 4, 35260, '1015259', 'B0000808',1,'1076测试服务器','4',8,'0');
insert into V_VEHICLEINFO (ORG_CODE,VEHICLE_ID,ID_NUMBER,TYPE_ID,TERMINAL_ID,DELETE_FLAG,COLOR_ID_NUMBER_ID,AUTHORIZED_PAY_MASS) values ('B0000808','3401260', '测B15259', 4, 341260, 0, '2',15);

insert into T_SIMINFO (SIM_ID, ORG_CODE, DEPTCODE, STATE,PAY_MODLE, SIM_NUM) values(35261, 'B0000808', '中国移动', 1, '预付费', 13100015260);
insert into T_TERMINALINFO (TERMINAL_ID,TTYPE_ID,SIM_ID,TERMINAL_CODE,ORG_CODE,IS_VIDEO_TERMINAL,SP_SERVER_NAME,PROTOCOL_TYPE,CHANNELS,YT_PROTOCOL_TYPE) values(341261, 4, 35261, '1015260', 'B0000808',1,'1076测试服务器','4',8,'0');
insert into V_VEHICLEINFO (ORG_CODE,VEHICLE_ID,ID_NUMBER,TYPE_ID,TERMINAL_ID,DELETE_FLAG,COLOR_ID_NUMBER_ID,AUTHORIZED_PAY_MASS) values ('B0000808','3401261', '测B15260', 4, 341261, 0, '2',15);

insert into T_SIMINFO (SIM_ID, ORG_CODE, DEPTCODE, STATE,PAY_MODLE, SIM_NUM) values(35262, 'B0000808', '中国移动', 1, '预付费', 13100015261);
insert into T_TERMINALINFO (TERMINAL_ID,TTYPE_ID,SIM_ID,TERMINAL_CODE,ORG_CODE,IS_VIDEO_TERMINAL,SP_SERVER_NAME,PROTOCOL_TYPE,CHANNELS,YT_PROTOCOL_TYPE) values(341262, 4, 35262, '1015261', 'B0000808',1,'1076测试服务器','4',8,'0');
insert into V_VEHICLEINFO (ORG_CODE,VEHICLE_ID,ID_NUMBER,TYPE_ID,TERMINAL_ID,DELETE_FLAG,COLOR_ID_NUMBER_ID,AUTHORIZED_PAY_MASS) values ('B0000808','3401262', '测B15261', 4, 341262, 0, '2',15);

insert into T_SIMINFO (SIM_ID, ORG_CODE, DEPTCODE, STATE,PAY_MODLE, SIM_NUM) values(35263, 'B0000808', '中国移动', 1, '预付费', 13100015262);
insert into T_TERMINALINFO (TERMINAL_ID,TTYPE_ID,SIM_ID,TERMINAL_CODE,ORG_CODE,IS_VIDEO_TERMINAL,SP_SERVER_NAME,PROTOCOL_TYPE,CHANNELS,YT_PROTOCOL_TYPE) values(341263, 4, 35263, '1015262', 'B0000808',1,'1076测试服务器','4',8,'0');
insert into V_VEHICLEINFO (ORG_CODE,VEHICLE_ID,ID_NUMBER,TYPE_ID,TERMINAL_ID,DELETE_FLAG,COLOR_ID_NUMBER_ID,AUTHORIZED_PAY_MASS) values ('B0000808','3401263', '测B15262', 4, 341263, 0, '2',15);

insert into T_SIMINFO (SIM_ID, ORG_CODE, DEPTCODE, STATE,PAY_MODLE, SIM_NUM) values(35264, 'B0000808', '中国移动', 1, '预付费', 13100015263);
insert into T_TERMINALINFO (TERMINAL_ID,TTYPE_ID,SIM_ID,TERMINAL_CODE,ORG_CODE,IS_VIDEO_TERMINAL,SP_SERVER_NAME,PROTOCOL_TYPE,CHANNELS,YT_PROTOCOL_TYPE) values(341264, 4, 35264, '1015263', 'B0000808',1,'1076测试服务器','4',8,'0');
insert into V_VEHICLEINFO (ORG_CODE,VEHICLE_ID,ID_NUMBER,TYPE_ID,TERMINAL_ID,DELETE_FLAG,COLOR_ID_NUMBER_ID,AUTHORIZED_PAY_MASS) values ('B0000808','3401264', '测B15263', 4, 341264, 0, '2',15);

insert into T_SIMINFO (SIM_ID, ORG_CODE, DEPTCODE, STATE,PAY_MODLE, SIM_NUM) values(35265, 'B0000808', '中国移动', 1, '预付费', 13100015264);
insert into T_TERMINALINFO (TERMINAL_ID,TTYPE_ID,SIM_ID,TERMINAL_CODE,ORG_CODE,IS_VIDEO_TERMINAL,SP_SERVER_NAME,PROTOCOL_TYPE,CHANNELS,YT_PROTOCOL_TYPE) values(341265, 4, 35265, '1015264', 'B0000808',1,'1076测试服务器','4',8,'0');
insert into V_VEHICLEINFO (ORG_CODE,VEHICLE_ID,ID_NUMBER,TYPE_ID,TERMINAL_ID,DELETE_FLAG,COLOR_ID_NUMBER_ID,AUTHORIZED_PAY_MASS) values ('B0000808','3401265', '测B15264', 4, 341265, 0, '2',15);

insert into T_SIMINFO (SIM_ID, ORG_CODE, DEPTCODE, STATE,PAY_MODLE, SIM_NUM) values(35266, 'B0000808', '中国移动', 1, '预付费', 13100015265);
insert into T_TERMINALINFO (TERMINAL_ID,TTYPE_ID,SIM_ID,TERMINAL_CODE,ORG_CODE,IS_VIDEO_TERMINAL,SP_SERVER_NAME,PROTOCOL_TYPE,CHANNELS,YT_PROTOCOL_TYPE) values(341266, 4, 35266, '1015265', 'B0000808',1,'1076测试服务器','4',8,'0');
insert into V_VEHICLEINFO (ORG_CODE,VEHICLE_ID,ID_NUMBER,TYPE_ID,TERMINAL_ID,DELETE_FLAG,COLOR_ID_NUMBER_ID,AUTHORIZED_PAY_MASS) values ('B0000808','3401266', '测B15265', 4, 341266, 0, '2',15);

insert into T_SIMINFO (SIM_ID, ORG_CODE, DEPTCODE, STATE,PAY_MODLE, SIM_NUM) values(35267, 'B0000808', '中国移动', 1, '预付费', 13100015266);
insert into T_TERMINALINFO (TERMINAL_ID,TTYPE_ID,SIM_ID,TERMINAL_CODE,ORG_CODE,IS_VIDEO_TERMINAL,SP_SERVER_NAME,PROTOCOL_TYPE,CHANNELS,YT_PROTOCOL_TYPE) values(341267, 4, 35267, '1015266', 'B0000808',1,'1076测试服务器','4',8,'0');
insert into V_VEHICLEINFO (ORG_CODE,VEHICLE_ID,ID_NUMBER,TYPE_ID,TERMINAL_ID,DELETE_FLAG,COLOR_ID_NUMBER_ID,AUTHORIZED_PAY_MASS) values ('B0000808','3401267', '测B15266', 4, 341267, 0, '2',15);

insert into T_SIMINFO (SIM_ID, ORG_CODE, DEPTCODE, STATE,PAY_MODLE, SIM_NUM) values(35268, 'B0000808', '中国移动', 1, '预付费', 13100015267);
insert into T_TERMINALINFO (TERMINAL_ID,TTYPE_ID,SIM_ID,TERMINAL_CODE,ORG_CODE,IS_VIDEO_TERMINAL,SP_SERVER_NAME,PROTOCOL_TYPE,CHANNELS,YT_PROTOCOL_TYPE) values(341268, 4, 35268, '1015267', 'B0000808',1,'1076测试服务器','4',8,'0');
insert into V_VEHICLEINFO (ORG_CODE,VEHICLE_ID,ID_NUMBER,TYPE_ID,TERMINAL_ID,DELETE_FLAG,COLOR_ID_NUMBER_ID,AUTHORIZED_PAY_MASS) values ('B0000808','3401268', '测B15267', 4, 341268, 0, '2',15);

insert into T_SIMINFO (SIM_ID, ORG_CODE, DEPTCODE, STATE,PAY_MODLE, SIM_NUM) values(35269, 'B0000808', '中国移动', 1, '预付费', 13100015268);
insert into T_TERMINALINFO (TERMINAL_ID,TTYPE_ID,SIM_ID,TERMINAL_CODE,ORG_CODE,IS_VIDEO_TERMINAL,SP_SERVER_NAME,PROTOCOL_TYPE,CHANNELS,YT_PROTOCOL_TYPE) values(341269, 4, 35269, '1015268', 'B0000808',1,'1076测试服务器','4',8,'0');
insert into V_VEHICLEINFO (ORG_CODE,VEHICLE_ID,ID_NUMBER,TYPE_ID,TERMINAL_ID,DELETE_FLAG,COLOR_ID_NUMBER_ID,AUTHORIZED_PAY_MASS) values ('B0000808','3401269', '测B15268', 4, 341269, 0, '2',15);

insert into T_SIMINFO (SIM_ID, ORG_CODE, DEPTCODE, STATE,PAY_MODLE, SIM_NUM) values(35270, 'B0000808', '中国移动', 1, '预付费', 13100015269);
insert into T_TERMINALINFO (TERMINAL_ID,TTYPE_ID,SIM_ID,TERMINAL_CODE,ORG_CODE,IS_VIDEO_TERMINAL,SP_SERVER_NAME,PROTOCOL_TYPE,CHANNELS,YT_PROTOCOL_TYPE) values(341270, 4, 35270, '1015269', 'B0000808',1,'1076测试服务器','4',8,'0');
insert into V_VEHICLEINFO (ORG_CODE,VEHICLE_ID,ID_NUMBER,TYPE_ID,TERMINAL_ID,DELETE_FLAG,COLOR_ID_NUMBER_ID,AUTHORIZED_PAY_MASS) values ('B0000808','3401270', '测B15269', 4, 341270, 0, '2',15);

insert into T_SIMINFO (SIM_ID, ORG_CODE, DEPTCODE, STATE,PAY_MODLE, SIM_NUM) values(35271, 'B0000808', '中国移动', 1, '预付费', 13100015270);
insert into T_TERMINALINFO (TERMINAL_ID,TTYPE_ID,SIM_ID,TERMINAL_CODE,ORG_CODE,IS_VIDEO_TERMINAL,SP_SERVER_NAME,PROTOCOL_TYPE,CHANNELS,YT_PROTOCOL_TYPE) values(341271, 4, 35271, '1015270', 'B0000808',1,'1076测试服务器','4',8,'0');
insert into V_VEHICLEINFO (ORG_CODE,VEHICLE_ID,ID_NUMBER,TYPE_ID,TERMINAL_ID,DELETE_FLAG,COLOR_ID_NUMBER_ID,AUTHORIZED_PAY_MASS) values ('B0000808','3401271', '测B15270', 4, 341271, 0, '2',15);

insert into T_SIMINFO (SIM_ID, ORG_CODE, DEPTCODE, STATE,PAY_MODLE, SIM_NUM) values(35272, 'B0000808', '中国移动', 1, '预付费', 13100015271);
insert into T_TERMINALINFO (TERMINAL_ID,TTYPE_ID,SIM_ID,TERMINAL_CODE,ORG_CODE,IS_VIDEO_TERMINAL,SP_SERVER_NAME,PROTOCOL_TYPE,CHANNELS,YT_PROTOCOL_TYPE) values(341272, 4, 35272, '1015271', 'B0000808',1,'1076测试服务器','4',8,'0');
insert into V_VEHICLEINFO (ORG_CODE,VEHICLE_ID,ID_NUMBER,TYPE_ID,TERMINAL_ID,DELETE_FLAG,COLOR_ID_NUMBER_ID,AUTHORIZED_PAY_MASS) values ('B0000808','3401272', '测B15271', 4, 341272, 0, '2',15);

insert into T_SIMINFO (SIM_ID, ORG_CODE, DEPTCODE, STATE,PAY_MODLE, SIM_NUM) values(35273, 'B0000808', '中国移动', 1, '预付费', 13100015272);
insert into T_TERMINALINFO (TERMINAL_ID,TTYPE_ID,SIM_ID,TERMINAL_CODE,ORG_CODE,IS_VIDEO_TERMINAL,SP_SERVER_NAME,PROTOCOL_TYPE,CHANNELS,YT_PROTOCOL_TYPE) values(341273, 4, 35273, '1015272', 'B0000808',1,'1076测试服务器','4',8,'0');
insert into V_VEHICLEINFO (ORG_CODE,VEHICLE_ID,ID_NUMBER,TYPE_ID,TERMINAL_ID,DELETE_FLAG,COLOR_ID_NUMBER_ID,AUTHORIZED_PAY_MASS) values ('B0000808','3401273', '测B15272', 4, 341273, 0, '2',15);

insert into T_SIMINFO (SIM_ID, ORG_CODE, DEPTCODE, STATE,PAY_MODLE, SIM_NUM) values(35274, 'B0000808', '中国移动', 1, '预付费', 13100015273);
insert into T_TERMINALINFO (TERMINAL_ID,TTYPE_ID,SIM_ID,TERMINAL_CODE,ORG_CODE,IS_VIDEO_TERMINAL,SP_SERVER_NAME,PROTOCOL_TYPE,CHANNELS,YT_PROTOCOL_TYPE) values(341274, 4, 35274, '1015273', 'B0000808',1,'1076测试服务器','4',8,'0');
insert into V_VEHICLEINFO (ORG_CODE,VEHICLE_ID,ID_NUMBER,TYPE_ID,TERMINAL_ID,DELETE_FLAG,COLOR_ID_NUMBER_ID,AUTHORIZED_PAY_MASS) values ('B0000808','3401274', '测B15273', 4, 341274, 0, '2',15);

insert into T_SIMINFO (SIM_ID, ORG_CODE, DEPTCODE, STATE,PAY_MODLE, SIM_NUM) values(35275, 'B0000808', '中国移动', 1, '预付费', 13100015274);
insert into T_TERMINALINFO (TERMINAL_ID,TTYPE_ID,SIM_ID,TERMINAL_CODE,ORG_CODE,IS_VIDEO_TERMINAL,SP_SERVER_NAME,PROTOCOL_TYPE,CHANNELS,YT_PROTOCOL_TYPE) values(341275, 4, 35275, '1015274', 'B0000808',1,'1076测试服务器','4',8,'0');
insert into V_VEHICLEINFO (ORG_CODE,VEHICLE_ID,ID_NUMBER,TYPE_ID,TERMINAL_ID,DELETE_FLAG,COLOR_ID_NUMBER_ID,AUTHORIZED_PAY_MASS) values ('B0000808','3401275', '测B15274', 4, 341275, 0, '2',15);

insert into T_SIMINFO (SIM_ID, ORG_CODE, DEPTCODE, STATE,PAY_MODLE, SIM_NUM) values(35276, 'B0000808', '中国移动', 1, '预付费', 13100015275);
insert into T_TERMINALINFO (TERMINAL_ID,TTYPE_ID,SIM_ID,TERMINAL_CODE,ORG_CODE,IS_VIDEO_TERMINAL,SP_SERVER_NAME,PROTOCOL_TYPE,CHANNELS,YT_PROTOCOL_TYPE) values(341276, 4, 35276, '1015275', 'B0000808',1,'1076测试服务器','4',8,'0');
insert into V_VEHICLEINFO (ORG_CODE,VEHICLE_ID,ID_NUMBER,TYPE_ID,TERMINAL_ID,DELETE_FLAG,COLOR_ID_NUMBER_ID,AUTHORIZED_PAY_MASS) values ('B0000808','3401276', '测B15275', 4, 341276, 0, '2',15);

insert into T_SIMINFO (SIM_ID, ORG_CODE, DEPTCODE, STATE,PAY_MODLE, SIM_NUM) values(35277, 'B0000808', '中国移动', 1, '预付费', 13100015276);
insert into T_TERMINALINFO (TERMINAL_ID,TTYPE_ID,SIM_ID,TERMINAL_CODE,ORG_CODE,IS_VIDEO_TERMINAL,SP_SERVER_NAME,PROTOCOL_TYPE,CHANNELS,YT_PROTOCOL_TYPE) values(341277, 4, 35277, '1015276', 'B0000808',1,'1076测试服务器','4',8,'0');
insert into V_VEHICLEINFO (ORG_CODE,VEHICLE_ID,ID_NUMBER,TYPE_ID,TERMINAL_ID,DELETE_FLAG,COLOR_ID_NUMBER_ID,AUTHORIZED_PAY_MASS) values ('B0000808','3401277', '测B15276', 4, 341277, 0, '2',15);

insert into T_SIMINFO (SIM_ID, ORG_CODE, DEPTCODE, STATE,PAY_MODLE, SIM_NUM) values(35278, 'B0000808', '中国移动', 1, '预付费', 13100015277);
insert into T_TERMINALINFO (TERMINAL_ID,TTYPE_ID,SIM_ID,TERMINAL_CODE,ORG_CODE,IS_VIDEO_TERMINAL,SP_SERVER_NAME,PROTOCOL_TYPE,CHANNELS,YT_PROTOCOL_TYPE) values(341278, 4, 35278, '1015277', 'B0000808',1,'1076测试服务器','4',8,'0');
insert into V_VEHICLEINFO (ORG_CODE,VEHICLE_ID,ID_NUMBER,TYPE_ID,TERMINAL_ID,DELETE_FLAG,COLOR_ID_NUMBER_ID,AUTHORIZED_PAY_MASS) values ('B0000808','3401278', '测B15277', 4, 341278, 0, '2',15);

insert into T_SIMINFO (SIM_ID, ORG_CODE, DEPTCODE, STATE,PAY_MODLE, SIM_NUM) values(35279, 'B0000808', '中国移动', 1, '预付费', 13100015278);
insert into T_TERMINALINFO (TERMINAL_ID,TTYPE_ID,SIM_ID,TERMINAL_CODE,ORG_CODE,IS_VIDEO_TERMINAL,SP_SERVER_NAME,PROTOCOL_TYPE,CHANNELS,YT_PROTOCOL_TYPE) values(341279, 4, 35279, '1015278', 'B0000808',1,'1076测试服务器','4',8,'0');
insert into V_VEHICLEINFO (ORG_CODE,VEHICLE_ID,ID_NUMBER,TYPE_ID,TERMINAL_ID,DELETE_FLAG,COLOR_ID_NUMBER_ID,AUTHORIZED_PAY_MASS) values ('B0000808','3401279', '测B15278', 4, 341279, 0, '2',15);

insert into T_SIMINFO (SIM_ID, ORG_CODE, DEPTCODE, STATE,PAY_MODLE, SIM_NUM) values(35280, 'B0000808', '中国移动', 1, '预付费', 13100015279);
insert into T_TERMINALINFO (TERMINAL_ID,TTYPE_ID,SIM_ID,TERMINAL_CODE,ORG_CODE,IS_VIDEO_TERMINAL,SP_SERVER_NAME,PROTOCOL_TYPE,CHANNELS,YT_PROTOCOL_TYPE) values(341280, 4, 35280, '1015279', 'B0000808',1,'1076测试服务器','4',8,'0');
insert into V_VEHICLEINFO (ORG_CODE,VEHICLE_ID,ID_NUMBER,TYPE_ID,TERMINAL_ID,DELETE_FLAG,COLOR_ID_NUMBER_ID,AUTHORIZED_PAY_MASS) values ('B0000808','3401280', '测B15279', 4, 341280, 0, '2',15);

insert into T_SIMINFO (SIM_ID, ORG_CODE, DEPTCODE, STATE,PAY_MODLE, SIM_NUM) values(35281, 'B0000808', '中国移动', 1, '预付费', 13100015280);
insert into T_TERMINALINFO (TERMINAL_ID,TTYPE_ID,SIM_ID,TERMINAL_CODE,ORG_CODE,IS_VIDEO_TERMINAL,SP_SERVER_NAME,PROTOCOL_TYPE,CHANNELS,YT_PROTOCOL_TYPE) values(341281, 4, 35281, '1015280', 'B0000808',1,'1076测试服务器','4',8,'0');
insert into V_VEHICLEINFO (ORG_CODE,VEHICLE_ID,ID_NUMBER,TYPE_ID,TERMINAL_ID,DELETE_FLAG,COLOR_ID_NUMBER_ID,AUTHORIZED_PAY_MASS) values ('B0000808','3401281', '测B15280', 4, 341281, 0, '2',15);

insert into T_SIMINFO (SIM_ID, ORG_CODE, DEPTCODE, STATE,PAY_MODLE, SIM_NUM) values(35282, 'B0000808', '中国移动', 1, '预付费', 13100015281);
insert into T_TERMINALINFO (TERMINAL_ID,TTYPE_ID,SIM_ID,TERMINAL_CODE,ORG_CODE,IS_VIDEO_TERMINAL,SP_SERVER_NAME,PROTOCOL_TYPE,CHANNELS,YT_PROTOCOL_TYPE) values(341282, 4, 35282, '1015281', 'B0000808',1,'1076测试服务器','4',8,'0');
insert into V_VEHICLEINFO (ORG_CODE,VEHICLE_ID,ID_NUMBER,TYPE_ID,TERMINAL_ID,DELETE_FLAG,COLOR_ID_NUMBER_ID,AUTHORIZED_PAY_MASS) values ('B0000808','3401282', '测B15281', 4, 341282, 0, '2',15);

insert into T_SIMINFO (SIM_ID, ORG_CODE, DEPTCODE, STATE,PAY_MODLE, SIM_NUM) values(35283, 'B0000808', '中国移动', 1, '预付费', 13100015282);
insert into T_TERMINALINFO (TERMINAL_ID,TTYPE_ID,SIM_ID,TERMINAL_CODE,ORG_CODE,IS_VIDEO_TERMINAL,SP_SERVER_NAME,PROTOCOL_TYPE,CHANNELS,YT_PROTOCOL_TYPE) values(341283, 4, 35283, '1015282', 'B0000808',1,'1076测试服务器','4',8,'0');
insert into V_VEHICLEINFO (ORG_CODE,VEHICLE_ID,ID_NUMBER,TYPE_ID,TERMINAL_ID,DELETE_FLAG,COLOR_ID_NUMBER_ID,AUTHORIZED_PAY_MASS) values ('B0000808','3401283', '测B15282', 4, 341283, 0, '2',15);

insert into T_SIMINFO (SIM_ID, ORG_CODE, DEPTCODE, STATE,PAY_MODLE, SIM_NUM) values(35284, 'B0000808', '中国移动', 1, '预付费', 13100015283);
insert into T_TERMINALINFO (TERMINAL_ID,TTYPE_ID,SIM_ID,TERMINAL_CODE,ORG_CODE,IS_VIDEO_TERMINAL,SP_SERVER_NAME,PROTOCOL_TYPE,CHANNELS,YT_PROTOCOL_TYPE) values(341284, 4, 35284, '1015283', 'B0000808',1,'1076测试服务器','4',8,'0');
insert into V_VEHICLEINFO (ORG_CODE,VEHICLE_ID,ID_NUMBER,TYPE_ID,TERMINAL_ID,DELETE_FLAG,COLOR_ID_NUMBER_ID,AUTHORIZED_PAY_MASS) values ('B0000808','3401284', '测B15283', 4, 341284, 0, '2',15);

insert into T_SIMINFO (SIM_ID, ORG_CODE, DEPTCODE, STATE,PAY_MODLE, SIM_NUM) values(35285, 'B0000808', '中国移动', 1, '预付费', 13100015284);
insert into T_TERMINALINFO (TERMINAL_ID,TTYPE_ID,SIM_ID,TERMINAL_CODE,ORG_CODE,IS_VIDEO_TERMINAL,SP_SERVER_NAME,PROTOCOL_TYPE,CHANNELS,YT_PROTOCOL_TYPE) values(341285, 4, 35285, '1015284', 'B0000808',1,'1076测试服务器','4',8,'0');
insert into V_VEHICLEINFO (ORG_CODE,VEHICLE_ID,ID_NUMBER,TYPE_ID,TERMINAL_ID,DELETE_FLAG,COLOR_ID_NUMBER_ID,AUTHORIZED_PAY_MASS) values ('B0000808','3401285', '测B15284', 4, 341285, 0, '2',15);

insert into T_SIMINFO (SIM_ID, ORG_CODE, DEPTCODE, STATE,PAY_MODLE, SIM_NUM) values(35286, 'B0000808', '中国移动', 1, '预付费', 13100015285);
insert into T_TERMINALINFO (TERMINAL_ID,TTYPE_ID,SIM_ID,TERMINAL_CODE,ORG_CODE,IS_VIDEO_TERMINAL,SP_SERVER_NAME,PROTOCOL_TYPE,CHANNELS,YT_PROTOCOL_TYPE) values(341286, 4, 35286, '1015285', 'B0000808',1,'1076测试服务器','4',8,'0');
insert into V_VEHICLEINFO (ORG_CODE,VEHICLE_ID,ID_NUMBER,TYPE_ID,TERMINAL_ID,DELETE_FLAG,COLOR_ID_NUMBER_ID,AUTHORIZED_PAY_MASS) values ('B0000808','3401286', '测B15285', 4, 341286, 0, '2',15);

insert into T_SIMINFO (SIM_ID, ORG_CODE, DEPTCODE, STATE,PAY_MODLE, SIM_NUM) values(35287, 'B0000808', '中国移动', 1, '预付费', 13100015286);
insert into T_TERMINALINFO (TERMINAL_ID,TTYPE_ID,SIM_ID,TERMINAL_CODE,ORG_CODE,IS_VIDEO_TERMINAL,SP_SERVER_NAME,PROTOCOL_TYPE,CHANNELS,YT_PROTOCOL_TYPE) values(341287, 4, 35287, '1015286', 'B0000808',1,'1076测试服务器','4',8,'0');
insert into V_VEHICLEINFO (ORG_CODE,VEHICLE_ID,ID_NUMBER,TYPE_ID,TERMINAL_ID,DELETE_FLAG,COLOR_ID_NUMBER_ID,AUTHORIZED_PAY_MASS) values ('B0000808','3401287', '测B15286', 4, 341287, 0, '2',15);

insert into T_SIMINFO (SIM_ID, ORG_CODE, DEPTCODE, STATE,PAY_MODLE, SIM_NUM) values(35288, 'B0000808', '中国移动', 1, '预付费', 13100015287);
insert into T_TERMINALINFO (TERMINAL_ID,TTYPE_ID,SIM_ID,TERMINAL_CODE,ORG_CODE,IS_VIDEO_TERMINAL,SP_SERVER_NAME,PROTOCOL_TYPE,CHANNELS,YT_PROTOCOL_TYPE) values(341288, 4, 35288, '1015287', 'B0000808',1,'1076测试服务器','4',8,'0');
insert into V_VEHICLEINFO (ORG_CODE,VEHICLE_ID,ID_NUMBER,TYPE_ID,TERMINAL_ID,DELETE_FLAG,COLOR_ID_NUMBER_ID,AUTHORIZED_PAY_MASS) values ('B0000808','3401288', '测B15287', 4, 341288, 0, '2',15);

insert into T_SIMINFO (SIM_ID, ORG_CODE, DEPTCODE, STATE,PAY_MODLE, SIM_NUM) values(35289, 'B0000808', '中国移动', 1, '预付费', 13100015288);
insert into T_TERMINALINFO (TERMINAL_ID,TTYPE_ID,SIM_ID,TERMINAL_CODE,ORG_CODE,IS_VIDEO_TERMINAL,SP_SERVER_NAME,PROTOCOL_TYPE,CHANNELS,YT_PROTOCOL_TYPE) values(341289, 4, 35289, '1015288', 'B0000808',1,'1076测试服务器','4',8,'0');
insert into V_VEHICLEINFO (ORG_CODE,VEHICLE_ID,ID_NUMBER,TYPE_ID,TERMINAL_ID,DELETE_FLAG,COLOR_ID_NUMBER_ID,AUTHORIZED_PAY_MASS) values ('B0000808','3401289', '测B15288', 4, 341289, 0, '2',15);

insert into T_SIMINFO (SIM_ID, ORG_CODE, DEPTCODE, STATE,PAY_MODLE, SIM_NUM) values(35290, 'B0000808', '中国移动', 1, '预付费', 13100015289);
insert into T_TERMINALINFO (TERMINAL_ID,TTYPE_ID,SIM_ID,TERMINAL_CODE,ORG_CODE,IS_VIDEO_TERMINAL,SP_SERVER_NAME,PROTOCOL_TYPE,CHANNELS,YT_PROTOCOL_TYPE) values(341290, 4, 35290, '1015289', 'B0000808',1,'1076测试服务器','4',8,'0');
insert into V_VEHICLEINFO (ORG_CODE,VEHICLE_ID,ID_NUMBER,TYPE_ID,TERMINAL_ID,DELETE_FLAG,COLOR_ID_NUMBER_ID,AUTHORIZED_PAY_MASS) values ('B0000808','3401290', '测B15289', 4, 341290, 0, '2',15);

insert into T_SIMINFO (SIM_ID, ORG_CODE, DEPTCODE, STATE,PAY_MODLE, SIM_NUM) values(35291, 'B0000808', '中国移动', 1, '预付费', 13100015290);
insert into T_TERMINALINFO (TERMINAL_ID,TTYPE_ID,SIM_ID,TERMINAL_CODE,ORG_CODE,IS_VIDEO_TERMINAL,SP_SERVER_NAME,PROTOCOL_TYPE,CHANNELS,YT_PROTOCOL_TYPE) values(341291, 4, 35291, '1015290', 'B0000808',1,'1076测试服务器','4',8,'0');
insert into V_VEHICLEINFO (ORG_CODE,VEHICLE_ID,ID_NUMBER,TYPE_ID,TERMINAL_ID,DELETE_FLAG,COLOR_ID_NUMBER_ID,AUTHORIZED_PAY_MASS) values ('B0000808','3401291', '测B15290', 4, 341291, 0, '2',15);

insert into T_SIMINFO (SIM_ID, ORG_CODE, DEPTCODE, STATE,PAY_MODLE, SIM_NUM) values(35292, 'B0000808', '中国移动', 1, '预付费', 13100015291);
insert into T_TERMINALINFO (TERMINAL_ID,TTYPE_ID,SIM_ID,TERMINAL_CODE,ORG_CODE,IS_VIDEO_TERMINAL,SP_SERVER_NAME,PROTOCOL_TYPE,CHANNELS,YT_PROTOCOL_TYPE) values(341292, 4, 35292, '1015291', 'B0000808',1,'1076测试服务器','4',8,'0');
insert into V_VEHICLEINFO (ORG_CODE,VEHICLE_ID,ID_NUMBER,TYPE_ID,TERMINAL_ID,DELETE_FLAG,COLOR_ID_NUMBER_ID,AUTHORIZED_PAY_MASS) values ('B0000808','3401292', '测B15291', 4, 341292, 0, '2',15);

insert into T_SIMINFO (SIM_ID, ORG_CODE, DEPTCODE, STATE,PAY_MODLE, SIM_NUM) values(35293, 'B0000808', '中国移动', 1, '预付费', 13100015292);
insert into T_TERMINALINFO (TERMINAL_ID,TTYPE_ID,SIM_ID,TERMINAL_CODE,ORG_CODE,IS_VIDEO_TERMINAL,SP_SERVER_NAME,PROTOCOL_TYPE,CHANNELS,YT_PROTOCOL_TYPE) values(341293, 4, 35293, '1015292', 'B0000808',1,'1076测试服务器','4',8,'0');
insert into V_VEHICLEINFO (ORG_CODE,VEHICLE_ID,ID_NUMBER,TYPE_ID,TERMINAL_ID,DELETE_FLAG,COLOR_ID_NUMBER_ID,AUTHORIZED_PAY_MASS) values ('B0000808','3401293', '测B15292', 4, 341293, 0, '2',15);

insert into T_SIMINFO (SIM_ID, ORG_CODE, DEPTCODE, STATE,PAY_MODLE, SIM_NUM) values(35294, 'B0000808', '中国移动', 1, '预付费', 13100015293);
insert into T_TERMINALINFO (TERMINAL_ID,TTYPE_ID,SIM_ID,TERMINAL_CODE,ORG_CODE,IS_VIDEO_TERMINAL,SP_SERVER_NAME,PROTOCOL_TYPE,CHANNELS,YT_PROTOCOL_TYPE) values(341294, 4, 35294, '1015293', 'B0000808',1,'1076测试服务器','4',8,'0');
insert into V_VEHICLEINFO (ORG_CODE,VEHICLE_ID,ID_NUMBER,TYPE_ID,TERMINAL_ID,DELETE_FLAG,COLOR_ID_NUMBER_ID,AUTHORIZED_PAY_MASS) values ('B0000808','3401294', '测B15293', 4, 341294, 0, '2',15);

insert into T_SIMINFO (SIM_ID, ORG_CODE, DEPTCODE, STATE,PAY_MODLE, SIM_NUM) values(35295, 'B0000808', '中国移动', 1, '预付费', 13100015294);
insert into T_TERMINALINFO (TERMINAL_ID,TTYPE_ID,SIM_ID,TERMINAL_CODE,ORG_CODE,IS_VIDEO_TERMINAL,SP_SERVER_NAME,PROTOCOL_TYPE,CHANNELS,YT_PROTOCOL_TYPE) values(341295, 4, 35295, '1015294', 'B0000808',1,'1076测试服务器','4',8,'0');
insert into V_VEHICLEINFO (ORG_CODE,VEHICLE_ID,ID_NUMBER,TYPE_ID,TERMINAL_ID,DELETE_FLAG,COLOR_ID_NUMBER_ID,AUTHORIZED_PAY_MASS) values ('B0000808','3401295', '测B15294', 4, 341295, 0, '2',15);

insert into T_SIMINFO (SIM_ID, ORG_CODE, DEPTCODE, STATE,PAY_MODLE, SIM_NUM) values(35296, 'B0000808', '中国移动', 1, '预付费', 13100015295);
insert into T_TERMINALINFO (TERMINAL_ID,TTYPE_ID,SIM_ID,TERMINAL_CODE,ORG_CODE,IS_VIDEO_TERMINAL,SP_SERVER_NAME,PROTOCOL_TYPE,CHANNELS,YT_PROTOCOL_TYPE) values(341296, 4, 35296, '1015295', 'B0000808',1,'1076测试服务器','4',8,'0');
insert into V_VEHICLEINFO (ORG_CODE,VEHICLE_ID,ID_NUMBER,TYPE_ID,TERMINAL_ID,DELETE_FLAG,COLOR_ID_NUMBER_ID,AUTHORIZED_PAY_MASS) values ('B0000808','3401296', '测B15295', 4, 341296, 0, '2',15);

insert into T_SIMINFO (SIM_ID, ORG_CODE, DEPTCODE, STATE,PAY_MODLE, SIM_NUM) values(35297, 'B0000808', '中国移动', 1, '预付费', 13100015296);
insert into T_TERMINALINFO (TERMINAL_ID,TTYPE_ID,SIM_ID,TERMINAL_CODE,ORG_CODE,IS_VIDEO_TERMINAL,SP_SERVER_NAME,PROTOCOL_TYPE,CHANNELS,YT_PROTOCOL_TYPE) values(341297, 4, 35297, '1015296', 'B0000808',1,'1076测试服务器','4',8,'0');
insert into V_VEHICLEINFO (ORG_CODE,VEHICLE_ID,ID_NUMBER,TYPE_ID,TERMINAL_ID,DELETE_FLAG,COLOR_ID_NUMBER_ID,AUTHORIZED_PAY_MASS) values ('B0000808','3401297', '测B15296', 4, 341297, 0, '2',15);

insert into T_SIMINFO (SIM_ID, ORG_CODE, DEPTCODE, STATE,PAY_MODLE, SIM_NUM) values(35298, 'B0000808', '中国移动', 1, '预付费', 13100015297);
insert into T_TERMINALINFO (TERMINAL_ID,TTYPE_ID,SIM_ID,TERMINAL_CODE,ORG_CODE,IS_VIDEO_TERMINAL,SP_SERVER_NAME,PROTOCOL_TYPE,CHANNELS,YT_PROTOCOL_TYPE) values(341298, 4, 35298, '1015297', 'B0000808',1,'1076测试服务器','4',8,'0');
insert into V_VEHICLEINFO (ORG_CODE,VEHICLE_ID,ID_NUMBER,TYPE_ID,TERMINAL_ID,DELETE_FLAG,COLOR_ID_NUMBER_ID,AUTHORIZED_PAY_MASS) values ('B0000808','3401298', '测B15297', 4, 341298, 0, '2',15);

insert into T_SIMINFO (SIM_ID, ORG_CODE, DEPTCODE, STATE,PAY_MODLE, SIM_NUM) values(35299, 'B0000808', '中国移动', 1, '预付费', 13100015298);
insert into T_TERMINALINFO (TERMINAL_ID,TTYPE_ID,SIM_ID,TERMINAL_CODE,ORG_CODE,IS_VIDEO_TERMINAL,SP_SERVER_NAME,PROTOCOL_TYPE,CHANNELS,YT_PROTOCOL_TYPE) values(341299, 4, 35299, '1015298', 'B0000808',1,'1076测试服务器','4',8,'0');
insert into V_VEHICLEINFO (ORG_CODE,VEHICLE_ID,ID_NUMBER,TYPE_ID,TERMINAL_ID,DELETE_FLAG,COLOR_ID_NUMBER_ID,AUTHORIZED_PAY_MASS) values ('B0000808','3401299', '测B15298', 4, 341299, 0, '2',15);

insert into T_SIMINFO (SIM_ID, ORG_CODE, DEPTCODE, STATE,PAY_MODLE, SIM_NUM) values(35300, 'B0000808', '中国移动', 1, '预付费', 13100015299);
insert into T_TERMINALINFO (TERMINAL_ID,TTYPE_ID,SIM_ID,TERMINAL_CODE,ORG_CODE,IS_VIDEO_TERMINAL,SP_SERVER_NAME,PROTOCOL_TYPE,CHANNELS,YT_PROTOCOL_TYPE) values(341300, 4, 35300, '1015299', 'B0000808',1,'1076测试服务器','4',8,'0');
insert into V_VEHICLEINFO (ORG_CODE,VEHICLE_ID,ID_NUMBER,TYPE_ID,TERMINAL_ID,DELETE_FLAG,COLOR_ID_NUMBER_ID,AUTHORIZED_PAY_MASS) values ('B0000808','3401300', '测B15299', 4, 341300, 0, '2',15);

insert into T_SIMINFO (SIM_ID, ORG_CODE, DEPTCODE, STATE,PAY_MODLE, SIM_NUM) values(35301, 'B0000808', '中国移动', 1, '预付费', 13100015300);
insert into T_TERMINALINFO (TERMINAL_ID,TTYPE_ID,SIM_ID,TERMINAL_CODE,ORG_CODE,IS_VIDEO_TERMINAL,SP_SERVER_NAME,PROTOCOL_TYPE,CHANNELS,YT_PROTOCOL_TYPE) values(341301, 4, 35301, '1015300', 'B0000808',1,'1076测试服务器','4',8,'0');
insert into V_VEHICLEINFO (ORG_CODE,VEHICLE_ID,ID_NUMBER,TYPE_ID,TERMINAL_ID,DELETE_FLAG,COLOR_ID_NUMBER_ID,AUTHORIZED_PAY_MASS) values ('B0000808','3401301', '测B15300', 4, 341301, 0, '2',15);

insert into T_SIMINFO (SIM_ID, ORG_CODE, DEPTCODE, STATE,PAY_MODLE, SIM_NUM) values(35302, 'B0000808', '中国移动', 1, '预付费', 13100015301);
insert into T_TERMINALINFO (TERMINAL_ID,TTYPE_ID,SIM_ID,TERMINAL_CODE,ORG_CODE,IS_VIDEO_TERMINAL,SP_SERVER_NAME,PROTOCOL_TYPE,CHANNELS,YT_PROTOCOL_TYPE) values(341302, 4, 35302, '1015301', 'B0000808',1,'1076测试服务器','4',8,'0');
insert into V_VEHICLEINFO (ORG_CODE,VEHICLE_ID,ID_NUMBER,TYPE_ID,TERMINAL_ID,DELETE_FLAG,COLOR_ID_NUMBER_ID,AUTHORIZED_PAY_MASS) values ('B0000808','3401302', '测B15301', 4, 341302, 0, '2',15);

insert into T_SIMINFO (SIM_ID, ORG_CODE, DEPTCODE, STATE,PAY_MODLE, SIM_NUM) values(35303, 'B0000808', '中国移动', 1, '预付费', 13100015302);
insert into T_TERMINALINFO (TERMINAL_ID,TTYPE_ID,SIM_ID,TERMINAL_CODE,ORG_CODE,IS_VIDEO_TERMINAL,SP_SERVER_NAME,PROTOCOL_TYPE,CHANNELS,YT_PROTOCOL_TYPE) values(341303, 4, 35303, '1015302', 'B0000808',1,'1076测试服务器','4',8,'0');
insert into V_VEHICLEINFO (ORG_CODE,VEHICLE_ID,ID_NUMBER,TYPE_ID,TERMINAL_ID,DELETE_FLAG,COLOR_ID_NUMBER_ID,AUTHORIZED_PAY_MASS) values ('B0000808','3401303', '测B15302', 4, 341303, 0, '2',15);

insert into T_SIMINFO (SIM_ID, ORG_CODE, DEPTCODE, STATE,PAY_MODLE, SIM_NUM) values(35304, 'B0000808', '中国移动', 1, '预付费', 13100015303);
insert into T_TERMINALINFO (TERMINAL_ID,TTYPE_ID,SIM_ID,TERMINAL_CODE,ORG_CODE,IS_VIDEO_TERMINAL,SP_SERVER_NAME,PROTOCOL_TYPE,CHANNELS,YT_PROTOCOL_TYPE) values(341304, 4, 35304, '1015303', 'B0000808',1,'1076测试服务器','4',8,'0');
insert into V_VEHICLEINFO (ORG_CODE,VEHICLE_ID,ID_NUMBER,TYPE_ID,TERMINAL_ID,DELETE_FLAG,COLOR_ID_NUMBER_ID,AUTHORIZED_PAY_MASS) values ('B0000808','3401304', '测B15303', 4, 341304, 0, '2',15);

insert into T_SIMINFO (SIM_ID, ORG_CODE, DEPTCODE, STATE,PAY_MODLE, SIM_NUM) values(35305, 'B0000808', '中国移动', 1, '预付费', 13100015304);
insert into T_TERMINALINFO (TERMINAL_ID,TTYPE_ID,SIM_ID,TERMINAL_CODE,ORG_CODE,IS_VIDEO_TERMINAL,SP_SERVER_NAME,PROTOCOL_TYPE,CHANNELS,YT_PROTOCOL_TYPE) values(341305, 4, 35305, '1015304', 'B0000808',1,'1076测试服务器','4',8,'0');
insert into V_VEHICLEINFO (ORG_CODE,VEHICLE_ID,ID_NUMBER,TYPE_ID,TERMINAL_ID,DELETE_FLAG,COLOR_ID_NUMBER_ID,AUTHORIZED_PAY_MASS) values ('B0000808','3401305', '测B15304', 4, 341305, 0, '2',15);

insert into T_SIMINFO (SIM_ID, ORG_CODE, DEPTCODE, STATE,PAY_MODLE, SIM_NUM) values(35306, 'B0000808', '中国移动', 1, '预付费', 13100015305);
insert into T_TERMINALINFO (TERMINAL_ID,TTYPE_ID,SIM_ID,TERMINAL_CODE,ORG_CODE,IS_VIDEO_TERMINAL,SP_SERVER_NAME,PROTOCOL_TYPE,CHANNELS,YT_PROTOCOL_TYPE) values(341306, 4, 35306, '1015305', 'B0000808',1,'1076测试服务器','4',8,'0');
insert into V_VEHICLEINFO (ORG_CODE,VEHICLE_ID,ID_NUMBER,TYPE_ID,TERMINAL_ID,DELETE_FLAG,COLOR_ID_NUMBER_ID,AUTHORIZED_PAY_MASS) values ('B0000808','3401306', '测B15305', 4, 341306, 0, '2',15);

insert into T_SIMINFO (SIM_ID, ORG_CODE, DEPTCODE, STATE,PAY_MODLE, SIM_NUM) values(35307, 'B0000808', '中国移动', 1, '预付费', 13100015306);
insert into T_TERMINALINFO (TERMINAL_ID,TTYPE_ID,SIM_ID,TERMINAL_CODE,ORG_CODE,IS_VIDEO_TERMINAL,SP_SERVER_NAME,PROTOCOL_TYPE,CHANNELS,YT_PROTOCOL_TYPE) values(341307, 4, 35307, '1015306', 'B0000808',1,'1076测试服务器','4',8,'0');
insert into V_VEHICLEINFO (ORG_CODE,VEHICLE_ID,ID_NUMBER,TYPE_ID,TERMINAL_ID,DELETE_FLAG,COLOR_ID_NUMBER_ID,AUTHORIZED_PAY_MASS) values ('B0000808','3401307', '测B15306', 4, 341307, 0, '2',15);

insert into T_SIMINFO (SIM_ID, ORG_CODE, DEPTCODE, STATE,PAY_MODLE, SIM_NUM) values(35308, 'B0000808', '中国移动', 1, '预付费', 13100015307);
insert into T_TERMINALINFO (TERMINAL_ID,TTYPE_ID,SIM_ID,TERMINAL_CODE,ORG_CODE,IS_VIDEO_TERMINAL,SP_SERVER_NAME,PROTOCOL_TYPE,CHANNELS,YT_PROTOCOL_TYPE) values(341308, 4, 35308, '1015307', 'B0000808',1,'1076测试服务器','4',8,'0');
insert into V_VEHICLEINFO (ORG_CODE,VEHICLE_ID,ID_NUMBER,TYPE_ID,TERMINAL_ID,DELETE_FLAG,COLOR_ID_NUMBER_ID,AUTHORIZED_PAY_MASS) values ('B0000808','3401308', '测B15307', 4, 341308, 0, '2',15);

insert into T_SIMINFO (SIM_ID, ORG_CODE, DEPTCODE, STATE,PAY_MODLE, SIM_NUM) values(35309, 'B0000808', '中国移动', 1, '预付费', 13100015308);
insert into T_TERMINALINFO (TERMINAL_ID,TTYPE_ID,SIM_ID,TERMINAL_CODE,ORG_CODE,IS_VIDEO_TERMINAL,SP_SERVER_NAME,PROTOCOL_TYPE,CHANNELS,YT_PROTOCOL_TYPE) values(341309, 4, 35309, '1015308', 'B0000808',1,'1076测试服务器','4',8,'0');
insert into V_VEHICLEINFO (ORG_CODE,VEHICLE_ID,ID_NUMBER,TYPE_ID,TERMINAL_ID,DELETE_FLAG,COLOR_ID_NUMBER_ID,AUTHORIZED_PAY_MASS) values ('B0000808','3401309', '测B15308', 4, 341309, 0, '2',15);

insert into T_SIMINFO (SIM_ID, ORG_CODE, DEPTCODE, STATE,PAY_MODLE, SIM_NUM) values(35310, 'B0000808', '中国移动', 1, '预付费', 13100015309);
insert into T_TERMINALINFO (TERMINAL_ID,TTYPE_ID,SIM_ID,TERMINAL_CODE,ORG_CODE,IS_VIDEO_TERMINAL,SP_SERVER_NAME,PROTOCOL_TYPE,CHANNELS,YT_PROTOCOL_TYPE) values(341310, 4, 35310, '1015309', 'B0000808',1,'1076测试服务器','4',8,'0');
insert into V_VEHICLEINFO (ORG_CODE,VEHICLE_ID,ID_NUMBER,TYPE_ID,TERMINAL_ID,DELETE_FLAG,COLOR_ID_NUMBER_ID,AUTHORIZED_PAY_MASS) values ('B0000808','3401310', '测B15309', 4, 341310, 0, '2',15);

insert into T_SIMINFO (SIM_ID, ORG_CODE, DEPTCODE, STATE,PAY_MODLE, SIM_NUM) values(35311, 'B0000808', '中国移动', 1, '预付费', 13100015310);
insert into T_TERMINALINFO (TERMINAL_ID,TTYPE_ID,SIM_ID,TERMINAL_CODE,ORG_CODE,IS_VIDEO_TERMINAL,SP_SERVER_NAME,PROTOCOL_TYPE,CHANNELS,YT_PROTOCOL_TYPE) values(341311, 4, 35311, '1015310', 'B0000808',1,'1076测试服务器','4',8,'0');
insert into V_VEHICLEINFO (ORG_CODE,VEHICLE_ID,ID_NUMBER,TYPE_ID,TERMINAL_ID,DELETE_FLAG,COLOR_ID_NUMBER_ID,AUTHORIZED_PAY_MASS) values ('B0000808','3401311', '测B15310', 4, 341311, 0, '2',15);

insert into T_SIMINFO (SIM_ID, ORG_CODE, DEPTCODE, STATE,PAY_MODLE, SIM_NUM) values(35312, 'B0000808', '中国移动', 1, '预付费', 13100015311);
insert into T_TERMINALINFO (TERMINAL_ID,TTYPE_ID,SIM_ID,TERMINAL_CODE,ORG_CODE,IS_VIDEO_TERMINAL,SP_SERVER_NAME,PROTOCOL_TYPE,CHANNELS,YT_PROTOCOL_TYPE) values(341312, 4, 35312, '1015311', 'B0000808',1,'1076测试服务器','4',8,'0');
insert into V_VEHICLEINFO (ORG_CODE,VEHICLE_ID,ID_NUMBER,TYPE_ID,TERMINAL_ID,DELETE_FLAG,COLOR_ID_NUMBER_ID,AUTHORIZED_PAY_MASS) values ('B0000808','3401312', '测B15311', 4, 341312, 0, '2',15);

insert into T_SIMINFO (SIM_ID, ORG_CODE, DEPTCODE, STATE,PAY_MODLE, SIM_NUM) values(35313, 'B0000808', '中国移动', 1, '预付费', 13100015312);
insert into T_TERMINALINFO (TERMINAL_ID,TTYPE_ID,SIM_ID,TERMINAL_CODE,ORG_CODE,IS_VIDEO_TERMINAL,SP_SERVER_NAME,PROTOCOL_TYPE,CHANNELS,YT_PROTOCOL_TYPE) values(341313, 4, 35313, '1015312', 'B0000808',1,'1076测试服务器','4',8,'0');
insert into V_VEHICLEINFO (ORG_CODE,VEHICLE_ID,ID_NUMBER,TYPE_ID,TERMINAL_ID,DELETE_FLAG,COLOR_ID_NUMBER_ID,AUTHORIZED_PAY_MASS) values ('B0000808','3401313', '测B15312', 4, 341313, 0, '2',15);

insert into T_SIMINFO (SIM_ID, ORG_CODE, DEPTCODE, STATE,PAY_MODLE, SIM_NUM) values(35314, 'B0000808', '中国移动', 1, '预付费', 13100015313);
insert into T_TERMINALINFO (TERMINAL_ID,TTYPE_ID,SIM_ID,TERMINAL_CODE,ORG_CODE,IS_VIDEO_TERMINAL,SP_SERVER_NAME,PROTOCOL_TYPE,CHANNELS,YT_PROTOCOL_TYPE) values(341314, 4, 35314, '1015313', 'B0000808',1,'1076测试服务器','4',8,'0');
insert into V_VEHICLEINFO (ORG_CODE,VEHICLE_ID,ID_NUMBER,TYPE_ID,TERMINAL_ID,DELETE_FLAG,COLOR_ID_NUMBER_ID,AUTHORIZED_PAY_MASS) values ('B0000808','3401314', '测B15313', 4, 341314, 0, '2',15);

insert into T_SIMINFO (SIM_ID, ORG_CODE, DEPTCODE, STATE,PAY_MODLE, SIM_NUM) values(35315, 'B0000808', '中国移动', 1, '预付费', 13100015314);
insert into T_TERMINALINFO (TERMINAL_ID,TTYPE_ID,SIM_ID,TERMINAL_CODE,ORG_CODE,IS_VIDEO_TERMINAL,SP_SERVER_NAME,PROTOCOL_TYPE,CHANNELS,YT_PROTOCOL_TYPE) values(341315, 4, 35315, '1015314', 'B0000808',1,'1076测试服务器','4',8,'0');
insert into V_VEHICLEINFO (ORG_CODE,VEHICLE_ID,ID_NUMBER,TYPE_ID,TERMINAL_ID,DELETE_FLAG,COLOR_ID_NUMBER_ID,AUTHORIZED_PAY_MASS) values ('B0000808','3401315', '测B15314', 4, 341315, 0, '2',15);

insert into T_SIMINFO (SIM_ID, ORG_CODE, DEPTCODE, STATE,PAY_MODLE, SIM_NUM) values(35316, 'B0000808', '中国移动', 1, '预付费', 13100015315);
insert into T_TERMINALINFO (TERMINAL_ID,TTYPE_ID,SIM_ID,TERMINAL_CODE,ORG_CODE,IS_VIDEO_TERMINAL,SP_SERVER_NAME,PROTOCOL_TYPE,CHANNELS,YT_PROTOCOL_TYPE) values(341316, 4, 35316, '1015315', 'B0000808',1,'1076测试服务器','4',8,'0');
insert into V_VEHICLEINFO (ORG_CODE,VEHICLE_ID,ID_NUMBER,TYPE_ID,TERMINAL_ID,DELETE_FLAG,COLOR_ID_NUMBER_ID,AUTHORIZED_PAY_MASS) values ('B0000808','3401316', '测B15315', 4, 341316, 0, '2',15);

insert into T_SIMINFO (SIM_ID, ORG_CODE, DEPTCODE, STATE,PAY_MODLE, SIM_NUM) values(35317, 'B0000808', '中国移动', 1, '预付费', 13100015316);
insert into T_TERMINALINFO (TERMINAL_ID,TTYPE_ID,SIM_ID,TERMINAL_CODE,ORG_CODE,IS_VIDEO_TERMINAL,SP_SERVER_NAME,PROTOCOL_TYPE,CHANNELS,YT_PROTOCOL_TYPE) values(341317, 4, 35317, '1015316', 'B0000808',1,'1076测试服务器','4',8,'0');
insert into V_VEHICLEINFO (ORG_CODE,VEHICLE_ID,ID_NUMBER,TYPE_ID,TERMINAL_ID,DELETE_FLAG,COLOR_ID_NUMBER_ID,AUTHORIZED_PAY_MASS) values ('B0000808','3401317', '测B15316', 4, 341317, 0, '2',15);

insert into T_SIMINFO (SIM_ID, ORG_CODE, DEPTCODE, STATE,PAY_MODLE, SIM_NUM) values(35318, 'B0000808', '中国移动', 1, '预付费', 13100015317);
insert into T_TERMINALINFO (TERMINAL_ID,TTYPE_ID,SIM_ID,TERMINAL_CODE,ORG_CODE,IS_VIDEO_TERMINAL,SP_SERVER_NAME,PROTOCOL_TYPE,CHANNELS,YT_PROTOCOL_TYPE) values(341318, 4, 35318, '1015317', 'B0000808',1,'1076测试服务器','4',8,'0');
insert into V_VEHICLEINFO (ORG_CODE,VEHICLE_ID,ID_NUMBER,TYPE_ID,TERMINAL_ID,DELETE_FLAG,COLOR_ID_NUMBER_ID,AUTHORIZED_PAY_MASS) values ('B0000808','3401318', '测B15317', 4, 341318, 0, '2',15);

insert into T_SIMINFO (SIM_ID, ORG_CODE, DEPTCODE, STATE,PAY_MODLE, SIM_NUM) values(35319, 'B0000808', '中国移动', 1, '预付费', 13100015318);
insert into T_TERMINALINFO (TERMINAL_ID,TTYPE_ID,SIM_ID,TERMINAL_CODE,ORG_CODE,IS_VIDEO_TERMINAL,SP_SERVER_NAME,PROTOCOL_TYPE,CHANNELS,YT_PROTOCOL_TYPE) values(341319, 4, 35319, '1015318', 'B0000808',1,'1076测试服务器','4',8,'0');
insert into V_VEHICLEINFO (ORG_CODE,VEHICLE_ID,ID_NUMBER,TYPE_ID,TERMINAL_ID,DELETE_FLAG,COLOR_ID_NUMBER_ID,AUTHORIZED_PAY_MASS) values ('B0000808','3401319', '测B15318', 4, 341319, 0, '2',15);

insert into T_SIMINFO (SIM_ID, ORG_CODE, DEPTCODE, STATE,PAY_MODLE, SIM_NUM) values(35320, 'B0000808', '中国移动', 1, '预付费', 13100015319);
insert into T_TERMINALINFO (TERMINAL_ID,TTYPE_ID,SIM_ID,TERMINAL_CODE,ORG_CODE,IS_VIDEO_TERMINAL,SP_SERVER_NAME,PROTOCOL_TYPE,CHANNELS,YT_PROTOCOL_TYPE) values(341320, 4, 35320, '1015319', 'B0000808',1,'1076测试服务器','4',8,'0');
insert into V_VEHICLEINFO (ORG_CODE,VEHICLE_ID,ID_NUMBER,TYPE_ID,TERMINAL_ID,DELETE_FLAG,COLOR_ID_NUMBER_ID,AUTHORIZED_PAY_MASS) values ('B0000808','3401320', '测B15319', 4, 341320, 0, '2',15);

insert into T_SIMINFO (SIM_ID, ORG_CODE, DEPTCODE, STATE,PAY_MODLE, SIM_NUM) values(35321, 'B0000808', '中国移动', 1, '预付费', 13100015320);
insert into T_TERMINALINFO (TERMINAL_ID,TTYPE_ID,SIM_ID,TERMINAL_CODE,ORG_CODE,IS_VIDEO_TERMINAL,SP_SERVER_NAME,PROTOCOL_TYPE,CHANNELS,YT_PROTOCOL_TYPE) values(341321, 4, 35321, '1015320', 'B0000808',1,'1076测试服务器','4',8,'0');
insert into V_VEHICLEINFO (ORG_CODE,VEHICLE_ID,ID_NUMBER,TYPE_ID,TERMINAL_ID,DELETE_FLAG,COLOR_ID_NUMBER_ID,AUTHORIZED_PAY_MASS) values ('B0000808','3401321', '测B15320', 4, 341321, 0, '2',15);

insert into T_SIMINFO (SIM_ID, ORG_CODE, DEPTCODE, STATE,PAY_MODLE, SIM_NUM) values(35322, 'B0000808', '中国移动', 1, '预付费', 13100015321);
insert into T_TERMINALINFO (TERMINAL_ID,TTYPE_ID,SIM_ID,TERMINAL_CODE,ORG_CODE,IS_VIDEO_TERMINAL,SP_SERVER_NAME,PROTOCOL_TYPE,CHANNELS,YT_PROTOCOL_TYPE) values(341322, 4, 35322, '1015321', 'B0000808',1,'1076测试服务器','4',8,'0');
insert into V_VEHICLEINFO (ORG_CODE,VEHICLE_ID,ID_NUMBER,TYPE_ID,TERMINAL_ID,DELETE_FLAG,COLOR_ID_NUMBER_ID,AUTHORIZED_PAY_MASS) values ('B0000808','3401322', '测B15321', 4, 341322, 0, '2',15);

insert into T_SIMINFO (SIM_ID, ORG_CODE, DEPTCODE, STATE,PAY_MODLE, SIM_NUM) values(35323, 'B0000808', '中国移动', 1, '预付费', 13100015322);
insert into T_TERMINALINFO (TERMINAL_ID,TTYPE_ID,SIM_ID,TERMINAL_CODE,ORG_CODE,IS_VIDEO_TERMINAL,SP_SERVER_NAME,PROTOCOL_TYPE,CHANNELS,YT_PROTOCOL_TYPE) values(341323, 4, 35323, '1015322', 'B0000808',1,'1076测试服务器','4',8,'0');
insert into V_VEHICLEINFO (ORG_CODE,VEHICLE_ID,ID_NUMBER,TYPE_ID,TERMINAL_ID,DELETE_FLAG,COLOR_ID_NUMBER_ID,AUTHORIZED_PAY_MASS) values ('B0000808','3401323', '测B15322', 4, 341323, 0, '2',15);

insert into T_SIMINFO (SIM_ID, ORG_CODE, DEPTCODE, STATE,PAY_MODLE, SIM_NUM) values(35324, 'B0000808', '中国移动', 1, '预付费', 13100015323);
insert into T_TERMINALINFO (TERMINAL_ID,TTYPE_ID,SIM_ID,TERMINAL_CODE,ORG_CODE,IS_VIDEO_TERMINAL,SP_SERVER_NAME,PROTOCOL_TYPE,CHANNELS,YT_PROTOCOL_TYPE) values(341324, 4, 35324, '1015323', 'B0000808',1,'1076测试服务器','4',8,'0');
insert into V_VEHICLEINFO (ORG_CODE,VEHICLE_ID,ID_NUMBER,TYPE_ID,TERMINAL_ID,DELETE_FLAG,COLOR_ID_NUMBER_ID,AUTHORIZED_PAY_MASS) values ('B0000808','3401324', '测B15323', 4, 341324, 0, '2',15);

insert into T_SIMINFO (SIM_ID, ORG_CODE, DEPTCODE, STATE,PAY_MODLE, SIM_NUM) values(35325, 'B0000808', '中国移动', 1, '预付费', 13100015324);
insert into T_TERMINALINFO (TERMINAL_ID,TTYPE_ID,SIM_ID,TERMINAL_CODE,ORG_CODE,IS_VIDEO_TERMINAL,SP_SERVER_NAME,PROTOCOL_TYPE,CHANNELS,YT_PROTOCOL_TYPE) values(341325, 4, 35325, '1015324', 'B0000808',1,'1076测试服务器','4',8,'0');
insert into V_VEHICLEINFO (ORG_CODE,VEHICLE_ID,ID_NUMBER,TYPE_ID,TERMINAL_ID,DELETE_FLAG,COLOR_ID_NUMBER_ID,AUTHORIZED_PAY_MASS) values ('B0000808','3401325', '测B15324', 4, 341325, 0, '2',15);

insert into T_SIMINFO (SIM_ID, ORG_CODE, DEPTCODE, STATE,PAY_MODLE, SIM_NUM) values(35326, 'B0000808', '中国移动', 1, '预付费', 13100015325);
insert into T_TERMINALINFO (TERMINAL_ID,TTYPE_ID,SIM_ID,TERMINAL_CODE,ORG_CODE,IS_VIDEO_TERMINAL,SP_SERVER_NAME,PROTOCOL_TYPE,CHANNELS,YT_PROTOCOL_TYPE) values(341326, 4, 35326, '1015325', 'B0000808',1,'1076测试服务器','4',8,'0');
insert into V_VEHICLEINFO (ORG_CODE,VEHICLE_ID,ID_NUMBER,TYPE_ID,TERMINAL_ID,DELETE_FLAG,COLOR_ID_NUMBER_ID,AUTHORIZED_PAY_MASS) values ('B0000808','3401326', '测B15325', 4, 341326, 0, '2',15);

insert into T_SIMINFO (SIM_ID, ORG_CODE, DEPTCODE, STATE,PAY_MODLE, SIM_NUM) values(35327, 'B0000808', '中国移动', 1, '预付费', 13100015326);
insert into T_TERMINALINFO (TERMINAL_ID,TTYPE_ID,SIM_ID,TERMINAL_CODE,ORG_CODE,IS_VIDEO_TERMINAL,SP_SERVER_NAME,PROTOCOL_TYPE,CHANNELS,YT_PROTOCOL_TYPE) values(341327, 4, 35327, '1015326', 'B0000808',1,'1076测试服务器','4',8,'0');
insert into V_VEHICLEINFO (ORG_CODE,VEHICLE_ID,ID_NUMBER,TYPE_ID,TERMINAL_ID,DELETE_FLAG,COLOR_ID_NUMBER_ID,AUTHORIZED_PAY_MASS) values ('B0000808','3401327', '测B15326', 4, 341327, 0, '2',15);

insert into T_SIMINFO (SIM_ID, ORG_CODE, DEPTCODE, STATE,PAY_MODLE, SIM_NUM) values(35328, 'B0000808', '中国移动', 1, '预付费', 13100015327);
insert into T_TERMINALINFO (TERMINAL_ID,TTYPE_ID,SIM_ID,TERMINAL_CODE,ORG_CODE,IS_VIDEO_TERMINAL,SP_SERVER_NAME,PROTOCOL_TYPE,CHANNELS,YT_PROTOCOL_TYPE) values(341328, 4, 35328, '1015327', 'B0000808',1,'1076测试服务器','4',8,'0');
insert into V_VEHICLEINFO (ORG_CODE,VEHICLE_ID,ID_NUMBER,TYPE_ID,TERMINAL_ID,DELETE_FLAG,COLOR_ID_NUMBER_ID,AUTHORIZED_PAY_MASS) values ('B0000808','3401328', '测B15327', 4, 341328, 0, '2',15);

insert into T_SIMINFO (SIM_ID, ORG_CODE, DEPTCODE, STATE,PAY_MODLE, SIM_NUM) values(35329, 'B0000808', '中国移动', 1, '预付费', 13100015328);
insert into T_TERMINALINFO (TERMINAL_ID,TTYPE_ID,SIM_ID,TERMINAL_CODE,ORG_CODE,IS_VIDEO_TERMINAL,SP_SERVER_NAME,PROTOCOL_TYPE,CHANNELS,YT_PROTOCOL_TYPE) values(341329, 4, 35329, '1015328', 'B0000808',1,'1076测试服务器','4',8,'0');
insert into V_VEHICLEINFO (ORG_CODE,VEHICLE_ID,ID_NUMBER,TYPE_ID,TERMINAL_ID,DELETE_FLAG,COLOR_ID_NUMBER_ID,AUTHORIZED_PAY_MASS) values ('B0000808','3401329', '测B15328', 4, 341329, 0, '2',15);

insert into T_SIMINFO (SIM_ID, ORG_CODE, DEPTCODE, STATE,PAY_MODLE, SIM_NUM) values(35330, 'B0000808', '中国移动', 1, '预付费', 13100015329);
insert into T_TERMINALINFO (TERMINAL_ID,TTYPE_ID,SIM_ID,TERMINAL_CODE,ORG_CODE,IS_VIDEO_TERMINAL,SP_SERVER_NAME,PROTOCOL_TYPE,CHANNELS,YT_PROTOCOL_TYPE) values(341330, 4, 35330, '1015329', 'B0000808',1,'1076测试服务器','4',8,'0');
insert into V_VEHICLEINFO (ORG_CODE,VEHICLE_ID,ID_NUMBER,TYPE_ID,TERMINAL_ID,DELETE_FLAG,COLOR_ID_NUMBER_ID,AUTHORIZED_PAY_MASS) values ('B0000808','3401330', '测B15329', 4, 341330, 0, '2',15);

insert into T_SIMINFO (SIM_ID, ORG_CODE, DEPTCODE, STATE,PAY_MODLE, SIM_NUM) values(35331, 'B0000808', '中国移动', 1, '预付费', 13100015330);
insert into T_TERMINALINFO (TERMINAL_ID,TTYPE_ID,SIM_ID,TERMINAL_CODE,ORG_CODE,IS_VIDEO_TERMINAL,SP_SERVER_NAME,PROTOCOL_TYPE,CHANNELS,YT_PROTOCOL_TYPE) values(341331, 4, 35331, '1015330', 'B0000808',1,'1076测试服务器','4',8,'0');
insert into V_VEHICLEINFO (ORG_CODE,VEHICLE_ID,ID_NUMBER,TYPE_ID,TERMINAL_ID,DELETE_FLAG,COLOR_ID_NUMBER_ID,AUTHORIZED_PAY_MASS) values ('B0000808','3401331', '测B15330', 4, 341331, 0, '2',15);

insert into T_SIMINFO (SIM_ID, ORG_CODE, DEPTCODE, STATE,PAY_MODLE, SIM_NUM) values(35332, 'B0000808', '中国移动', 1, '预付费', 13100015331);
insert into T_TERMINALINFO (TERMINAL_ID,TTYPE_ID,SIM_ID,TERMINAL_CODE,ORG_CODE,IS_VIDEO_TERMINAL,SP_SERVER_NAME,PROTOCOL_TYPE,CHANNELS,YT_PROTOCOL_TYPE) values(341332, 4, 35332, '1015331', 'B0000808',1,'1076测试服务器','4',8,'0');
insert into V_VEHICLEINFO (ORG_CODE,VEHICLE_ID,ID_NUMBER,TYPE_ID,TERMINAL_ID,DELETE_FLAG,COLOR_ID_NUMBER_ID,AUTHORIZED_PAY_MASS) values ('B0000808','3401332', '测B15331', 4, 341332, 0, '2',15);

insert into T_SIMINFO (SIM_ID, ORG_CODE, DEPTCODE, STATE,PAY_MODLE, SIM_NUM) values(35333, 'B0000808', '中国移动', 1, '预付费', 13100015332);
insert into T_TERMINALINFO (TERMINAL_ID,TTYPE_ID,SIM_ID,TERMINAL_CODE,ORG_CODE,IS_VIDEO_TERMINAL,SP_SERVER_NAME,PROTOCOL_TYPE,CHANNELS,YT_PROTOCOL_TYPE) values(341333, 4, 35333, '1015332', 'B0000808',1,'1076测试服务器','4',8,'0');
insert into V_VEHICLEINFO (ORG_CODE,VEHICLE_ID,ID_NUMBER,TYPE_ID,TERMINAL_ID,DELETE_FLAG,COLOR_ID_NUMBER_ID,AUTHORIZED_PAY_MASS) values ('B0000808','3401333', '测B15332', 4, 341333, 0, '2',15);

insert into T_SIMINFO (SIM_ID, ORG_CODE, DEPTCODE, STATE,PAY_MODLE, SIM_NUM) values(35334, 'B0000808', '中国移动', 1, '预付费', 13100015333);
insert into T_TERMINALINFO (TERMINAL_ID,TTYPE_ID,SIM_ID,TERMINAL_CODE,ORG_CODE,IS_VIDEO_TERMINAL,SP_SERVER_NAME,PROTOCOL_TYPE,CHANNELS,YT_PROTOCOL_TYPE) values(341334, 4, 35334, '1015333', 'B0000808',1,'1076测试服务器','4',8,'0');
insert into V_VEHICLEINFO (ORG_CODE,VEHICLE_ID,ID_NUMBER,TYPE_ID,TERMINAL_ID,DELETE_FLAG,COLOR_ID_NUMBER_ID,AUTHORIZED_PAY_MASS) values ('B0000808','3401334', '测B15333', 4, 341334, 0, '2',15);

insert into T_SIMINFO (SIM_ID, ORG_CODE, DEPTCODE, STATE,PAY_MODLE, SIM_NUM) values(35335, 'B0000808', '中国移动', 1, '预付费', 13100015334);
insert into T_TERMINALINFO (TERMINAL_ID,TTYPE_ID,SIM_ID,TERMINAL_CODE,ORG_CODE,IS_VIDEO_TERMINAL,SP_SERVER_NAME,PROTOCOL_TYPE,CHANNELS,YT_PROTOCOL_TYPE) values(341335, 4, 35335, '1015334', 'B0000808',1,'1076测试服务器','4',8,'0');
insert into V_VEHICLEINFO (ORG_CODE,VEHICLE_ID,ID_NUMBER,TYPE_ID,TERMINAL_ID,DELETE_FLAG,COLOR_ID_NUMBER_ID,AUTHORIZED_PAY_MASS) values ('B0000808','3401335', '测B15334', 4, 341335, 0, '2',15);

insert into T_SIMINFO (SIM_ID, ORG_CODE, DEPTCODE, STATE,PAY_MODLE, SIM_NUM) values(35336, 'B0000808', '中国移动', 1, '预付费', 13100015335);
insert into T_TERMINALINFO (TERMINAL_ID,TTYPE_ID,SIM_ID,TERMINAL_CODE,ORG_CODE,IS_VIDEO_TERMINAL,SP_SERVER_NAME,PROTOCOL_TYPE,CHANNELS,YT_PROTOCOL_TYPE) values(341336, 4, 35336, '1015335', 'B0000808',1,'1076测试服务器','4',8,'0');
insert into V_VEHICLEINFO (ORG_CODE,VEHICLE_ID,ID_NUMBER,TYPE_ID,TERMINAL_ID,DELETE_FLAG,COLOR_ID_NUMBER_ID,AUTHORIZED_PAY_MASS) values ('B0000808','3401336', '测B15335', 4, 341336, 0, '2',15);

insert into T_SIMINFO (SIM_ID, ORG_CODE, DEPTCODE, STATE,PAY_MODLE, SIM_NUM) values(35337, 'B0000808', '中国移动', 1, '预付费', 13100015336);
insert into T_TERMINALINFO (TERMINAL_ID,TTYPE_ID,SIM_ID,TERMINAL_CODE,ORG_CODE,IS_VIDEO_TERMINAL,SP_SERVER_NAME,PROTOCOL_TYPE,CHANNELS,YT_PROTOCOL_TYPE) values(341337, 4, 35337, '1015336', 'B0000808',1,'1076测试服务器','4',8,'0');
insert into V_VEHICLEINFO (ORG_CODE,VEHICLE_ID,ID_NUMBER,TYPE_ID,TERMINAL_ID,DELETE_FLAG,COLOR_ID_NUMBER_ID,AUTHORIZED_PAY_MASS) values ('B0000808','3401337', '测B15336', 4, 341337, 0, '2',15);

insert into T_SIMINFO (SIM_ID, ORG_CODE, DEPTCODE, STATE,PAY_MODLE, SIM_NUM) values(35338, 'B0000808', '中国移动', 1, '预付费', 13100015337);
insert into T_TERMINALINFO (TERMINAL_ID,TTYPE_ID,SIM_ID,TERMINAL_CODE,ORG_CODE,IS_VIDEO_TERMINAL,SP_SERVER_NAME,PROTOCOL_TYPE,CHANNELS,YT_PROTOCOL_TYPE) values(341338, 4, 35338, '1015337', 'B0000808',1,'1076测试服务器','4',8,'0');
insert into V_VEHICLEINFO (ORG_CODE,VEHICLE_ID,ID_NUMBER,TYPE_ID,TERMINAL_ID,DELETE_FLAG,COLOR_ID_NUMBER_ID,AUTHORIZED_PAY_MASS) values ('B0000808','3401338', '测B15337', 4, 341338, 0, '2',15);

insert into T_SIMINFO (SIM_ID, ORG_CODE, DEPTCODE, STATE,PAY_MODLE, SIM_NUM) values(35339, 'B0000808', '中国移动', 1, '预付费', 13100015338);
insert into T_TERMINALINFO (TERMINAL_ID,TTYPE_ID,SIM_ID,TERMINAL_CODE,ORG_CODE,IS_VIDEO_TERMINAL,SP_SERVER_NAME,PROTOCOL_TYPE,CHANNELS,YT_PROTOCOL_TYPE) values(341339, 4, 35339, '1015338', 'B0000808',1,'1076测试服务器','4',8,'0');
insert into V_VEHICLEINFO (ORG_CODE,VEHICLE_ID,ID_NUMBER,TYPE_ID,TERMINAL_ID,DELETE_FLAG,COLOR_ID_NUMBER_ID,AUTHORIZED_PAY_MASS) values ('B0000808','3401339', '测B15338', 4, 341339, 0, '2',15);

insert into T_SIMINFO (SIM_ID, ORG_CODE, DEPTCODE, STATE,PAY_MODLE, SIM_NUM) values(35340, 'B0000808', '中国移动', 1, '预付费', 13100015339);
insert into T_TERMINALINFO (TERMINAL_ID,TTYPE_ID,SIM_ID,TERMINAL_CODE,ORG_CODE,IS_VIDEO_TERMINAL,SP_SERVER_NAME,PROTOCOL_TYPE,CHANNELS,YT_PROTOCOL_TYPE) values(341340, 4, 35340, '1015339', 'B0000808',1,'1076测试服务器','4',8,'0');
insert into V_VEHICLEINFO (ORG_CODE,VEHICLE_ID,ID_NUMBER,TYPE_ID,TERMINAL_ID,DELETE_FLAG,COLOR_ID_NUMBER_ID,AUTHORIZED_PAY_MASS) values ('B0000808','3401340', '测B15339', 4, 341340, 0, '2',15);

insert into T_SIMINFO (SIM_ID, ORG_CODE, DEPTCODE, STATE,PAY_MODLE, SIM_NUM) values(35341, 'B0000808', '中国移动', 1, '预付费', 13100015340);
insert into T_TERMINALINFO (TERMINAL_ID,TTYPE_ID,SIM_ID,TERMINAL_CODE,ORG_CODE,IS_VIDEO_TERMINAL,SP_SERVER_NAME,PROTOCOL_TYPE,CHANNELS,YT_PROTOCOL_TYPE) values(341341, 4, 35341, '1015340', 'B0000808',1,'1076测试服务器','4',8,'0');
insert into V_VEHICLEINFO (ORG_CODE,VEHICLE_ID,ID_NUMBER,TYPE_ID,TERMINAL_ID,DELETE_FLAG,COLOR_ID_NUMBER_ID,AUTHORIZED_PAY_MASS) values ('B0000808','3401341', '测B15340', 4, 341341, 0, '2',15);

insert into T_SIMINFO (SIM_ID, ORG_CODE, DEPTCODE, STATE,PAY_MODLE, SIM_NUM) values(35342, 'B0000808', '中国移动', 1, '预付费', 13100015341);
insert into T_TERMINALINFO (TERMINAL_ID,TTYPE_ID,SIM_ID,TERMINAL_CODE,ORG_CODE,IS_VIDEO_TERMINAL,SP_SERVER_NAME,PROTOCOL_TYPE,CHANNELS,YT_PROTOCOL_TYPE) values(341342, 4, 35342, '1015341', 'B0000808',1,'1076测试服务器','4',8,'0');
insert into V_VEHICLEINFO (ORG_CODE,VEHICLE_ID,ID_NUMBER,TYPE_ID,TERMINAL_ID,DELETE_FLAG,COLOR_ID_NUMBER_ID,AUTHORIZED_PAY_MASS) values ('B0000808','3401342', '测B15341', 4, 341342, 0, '2',15);

insert into T_SIMINFO (SIM_ID, ORG_CODE, DEPTCODE, STATE,PAY_MODLE, SIM_NUM) values(35343, 'B0000808', '中国移动', 1, '预付费', 13100015342);
insert into T_TERMINALINFO (TERMINAL_ID,TTYPE_ID,SIM_ID,TERMINAL_CODE,ORG_CODE,IS_VIDEO_TERMINAL,SP_SERVER_NAME,PROTOCOL_TYPE,CHANNELS,YT_PROTOCOL_TYPE) values(341343, 4, 35343, '1015342', 'B0000808',1,'1076测试服务器','4',8,'0');
insert into V_VEHICLEINFO (ORG_CODE,VEHICLE_ID,ID_NUMBER,TYPE_ID,TERMINAL_ID,DELETE_FLAG,COLOR_ID_NUMBER_ID,AUTHORIZED_PAY_MASS) values ('B0000808','3401343', '测B15342', 4, 341343, 0, '2',15);

insert into T_SIMINFO (SIM_ID, ORG_CODE, DEPTCODE, STATE,PAY_MODLE, SIM_NUM) values(35344, 'B0000808', '中国移动', 1, '预付费', 13100015343);
insert into T_TERMINALINFO (TERMINAL_ID,TTYPE_ID,SIM_ID,TERMINAL_CODE,ORG_CODE,IS_VIDEO_TERMINAL,SP_SERVER_NAME,PROTOCOL_TYPE,CHANNELS,YT_PROTOCOL_TYPE) values(341344, 4, 35344, '1015343', 'B0000808',1,'1076测试服务器','4',8,'0');
insert into V_VEHICLEINFO (ORG_CODE,VEHICLE_ID,ID_NUMBER,TYPE_ID,TERMINAL_ID,DELETE_FLAG,COLOR_ID_NUMBER_ID,AUTHORIZED_PAY_MASS) values ('B0000808','3401344', '测B15343', 4, 341344, 0, '2',15);

insert into T_SIMINFO (SIM_ID, ORG_CODE, DEPTCODE, STATE,PAY_MODLE, SIM_NUM) values(35345, 'B0000808', '中国移动', 1, '预付费', 13100015344);
insert into T_TERMINALINFO (TERMINAL_ID,TTYPE_ID,SIM_ID,TERMINAL_CODE,ORG_CODE,IS_VIDEO_TERMINAL,SP_SERVER_NAME,PROTOCOL_TYPE,CHANNELS,YT_PROTOCOL_TYPE) values(341345, 4, 35345, '1015344', 'B0000808',1,'1076测试服务器','4',8,'0');
insert into V_VEHICLEINFO (ORG_CODE,VEHICLE_ID,ID_NUMBER,TYPE_ID,TERMINAL_ID,DELETE_FLAG,COLOR_ID_NUMBER_ID,AUTHORIZED_PAY_MASS) values ('B0000808','3401345', '测B15344', 4, 341345, 0, '2',15);

insert into T_SIMINFO (SIM_ID, ORG_CODE, DEPTCODE, STATE,PAY_MODLE, SIM_NUM) values(35346, 'B0000808', '中国移动', 1, '预付费', 13100015345);
insert into T_TERMINALINFO (TERMINAL_ID,TTYPE_ID,SIM_ID,TERMINAL_CODE,ORG_CODE,IS_VIDEO_TERMINAL,SP_SERVER_NAME,PROTOCOL_TYPE,CHANNELS,YT_PROTOCOL_TYPE) values(341346, 4, 35346, '1015345', 'B0000808',1,'1076测试服务器','4',8,'0');
insert into V_VEHICLEINFO (ORG_CODE,VEHICLE_ID,ID_NUMBER,TYPE_ID,TERMINAL_ID,DELETE_FLAG,COLOR_ID_NUMBER_ID,AUTHORIZED_PAY_MASS) values ('B0000808','3401346', '测B15345', 4, 341346, 0, '2',15);

insert into T_SIMINFO (SIM_ID, ORG_CODE, DEPTCODE, STATE,PAY_MODLE, SIM_NUM) values(35347, 'B0000808', '中国移动', 1, '预付费', 13100015346);
insert into T_TERMINALINFO (TERMINAL_ID,TTYPE_ID,SIM_ID,TERMINAL_CODE,ORG_CODE,IS_VIDEO_TERMINAL,SP_SERVER_NAME,PROTOCOL_TYPE,CHANNELS,YT_PROTOCOL_TYPE) values(341347, 4, 35347, '1015346', 'B0000808',1,'1076测试服务器','4',8,'0');
insert into V_VEHICLEINFO (ORG_CODE,VEHICLE_ID,ID_NUMBER,TYPE_ID,TERMINAL_ID,DELETE_FLAG,COLOR_ID_NUMBER_ID,AUTHORIZED_PAY_MASS) values ('B0000808','3401347', '测B15346', 4, 341347, 0, '2',15);

insert into T_SIMINFO (SIM_ID, ORG_CODE, DEPTCODE, STATE,PAY_MODLE, SIM_NUM) values(35348, 'B0000808', '中国移动', 1, '预付费', 13100015347);
insert into T_TERMINALINFO (TERMINAL_ID,TTYPE_ID,SIM_ID,TERMINAL_CODE,ORG_CODE,IS_VIDEO_TERMINAL,SP_SERVER_NAME,PROTOCOL_TYPE,CHANNELS,YT_PROTOCOL_TYPE) values(341348, 4, 35348, '1015347', 'B0000808',1,'1076测试服务器','4',8,'0');
insert into V_VEHICLEINFO (ORG_CODE,VEHICLE_ID,ID_NUMBER,TYPE_ID,TERMINAL_ID,DELETE_FLAG,COLOR_ID_NUMBER_ID,AUTHORIZED_PAY_MASS) values ('B0000808','3401348', '测B15347', 4, 341348, 0, '2',15);

insert into T_SIMINFO (SIM_ID, ORG_CODE, DEPTCODE, STATE,PAY_MODLE, SIM_NUM) values(35349, 'B0000808', '中国移动', 1, '预付费', 13100015348);
insert into T_TERMINALINFO (TERMINAL_ID,TTYPE_ID,SIM_ID,TERMINAL_CODE,ORG_CODE,IS_VIDEO_TERMINAL,SP_SERVER_NAME,PROTOCOL_TYPE,CHANNELS,YT_PROTOCOL_TYPE) values(341349, 4, 35349, '1015348', 'B0000808',1,'1076测试服务器','4',8,'0');
insert into V_VEHICLEINFO (ORG_CODE,VEHICLE_ID,ID_NUMBER,TYPE_ID,TERMINAL_ID,DELETE_FLAG,COLOR_ID_NUMBER_ID,AUTHORIZED_PAY_MASS) values ('B0000808','3401349', '测B15348', 4, 341349, 0, '2',15);

insert into T_SIMINFO (SIM_ID, ORG_CODE, DEPTCODE, STATE,PAY_MODLE, SIM_NUM) values(35350, 'B0000808', '中国移动', 1, '预付费', 13100015349);
insert into T_TERMINALINFO (TERMINAL_ID,TTYPE_ID,SIM_ID,TERMINAL_CODE,ORG_CODE,IS_VIDEO_TERMINAL,SP_SERVER_NAME,PROTOCOL_TYPE,CHANNELS,YT_PROTOCOL_TYPE) values(341350, 4, 35350, '1015349', 'B0000808',1,'1076测试服务器','4',8,'0');
insert into V_VEHICLEINFO (ORG_CODE,VEHICLE_ID,ID_NUMBER,TYPE_ID,TERMINAL_ID,DELETE_FLAG,COLOR_ID_NUMBER_ID,AUTHORIZED_PAY_MASS) values ('B0000808','3401350', '测B15349', 4, 341350, 0, '2',15);

insert into T_SIMINFO (SIM_ID, ORG_CODE, DEPTCODE, STATE,PAY_MODLE, SIM_NUM) values(35351, 'B0000808', '中国移动', 1, '预付费', 13100015350);
insert into T_TERMINALINFO (TERMINAL_ID,TTYPE_ID,SIM_ID,TERMINAL_CODE,ORG_CODE,IS_VIDEO_TERMINAL,SP_SERVER_NAME,PROTOCOL_TYPE,CHANNELS,YT_PROTOCOL_TYPE) values(341351, 4, 35351, '1015350', 'B0000808',1,'1076测试服务器','4',8,'0');
insert into V_VEHICLEINFO (ORG_CODE,VEHICLE_ID,ID_NUMBER,TYPE_ID,TERMINAL_ID,DELETE_FLAG,COLOR_ID_NUMBER_ID,AUTHORIZED_PAY_MASS) values ('B0000808','3401351', '测B15350', 4, 341351, 0, '2',15);

insert into T_SIMINFO (SIM_ID, ORG_CODE, DEPTCODE, STATE,PAY_MODLE, SIM_NUM) values(35352, 'B0000808', '中国移动', 1, '预付费', 13100015351);
insert into T_TERMINALINFO (TERMINAL_ID,TTYPE_ID,SIM_ID,TERMINAL_CODE,ORG_CODE,IS_VIDEO_TERMINAL,SP_SERVER_NAME,PROTOCOL_TYPE,CHANNELS,YT_PROTOCOL_TYPE) values(341352, 4, 35352, '1015351', 'B0000808',1,'1076测试服务器','4',8,'0');
insert into V_VEHICLEINFO (ORG_CODE,VEHICLE_ID,ID_NUMBER,TYPE_ID,TERMINAL_ID,DELETE_FLAG,COLOR_ID_NUMBER_ID,AUTHORIZED_PAY_MASS) values ('B0000808','3401352', '测B15351', 4, 341352, 0, '2',15);

insert into T_SIMINFO (SIM_ID, ORG_CODE, DEPTCODE, STATE,PAY_MODLE, SIM_NUM) values(35353, 'B0000808', '中国移动', 1, '预付费', 13100015352);
insert into T_TERMINALINFO (TERMINAL_ID,TTYPE_ID,SIM_ID,TERMINAL_CODE,ORG_CODE,IS_VIDEO_TERMINAL,SP_SERVER_NAME,PROTOCOL_TYPE,CHANNELS,YT_PROTOCOL_TYPE) values(341353, 4, 35353, '1015352', 'B0000808',1,'1076测试服务器','4',8,'0');
insert into V_VEHICLEINFO (ORG_CODE,VEHICLE_ID,ID_NUMBER,TYPE_ID,TERMINAL_ID,DELETE_FLAG,COLOR_ID_NUMBER_ID,AUTHORIZED_PAY_MASS) values ('B0000808','3401353', '测B15352', 4, 341353, 0, '2',15);

insert into T_SIMINFO (SIM_ID, ORG_CODE, DEPTCODE, STATE,PAY_MODLE, SIM_NUM) values(35354, 'B0000808', '中国移动', 1, '预付费', 13100015353);
insert into T_TERMINALINFO (TERMINAL_ID,TTYPE_ID,SIM_ID,TERMINAL_CODE,ORG_CODE,IS_VIDEO_TERMINAL,SP_SERVER_NAME,PROTOCOL_TYPE,CHANNELS,YT_PROTOCOL_TYPE) values(341354, 4, 35354, '1015353', 'B0000808',1,'1076测试服务器','4',8,'0');
insert into V_VEHICLEINFO (ORG_CODE,VEHICLE_ID,ID_NUMBER,TYPE_ID,TERMINAL_ID,DELETE_FLAG,COLOR_ID_NUMBER_ID,AUTHORIZED_PAY_MASS) values ('B0000808','3401354', '测B15353', 4, 341354, 0, '2',15);

insert into T_SIMINFO (SIM_ID, ORG_CODE, DEPTCODE, STATE,PAY_MODLE, SIM_NUM) values(35355, 'B0000808', '中国移动', 1, '预付费', 13100015354);
insert into T_TERMINALINFO (TERMINAL_ID,TTYPE_ID,SIM_ID,TERMINAL_CODE,ORG_CODE,IS_VIDEO_TERMINAL,SP_SERVER_NAME,PROTOCOL_TYPE,CHANNELS,YT_PROTOCOL_TYPE) values(341355, 4, 35355, '1015354', 'B0000808',1,'1076测试服务器','4',8,'0');
insert into V_VEHICLEINFO (ORG_CODE,VEHICLE_ID,ID_NUMBER,TYPE_ID,TERMINAL_ID,DELETE_FLAG,COLOR_ID_NUMBER_ID,AUTHORIZED_PAY_MASS) values ('B0000808','3401355', '测B15354', 4, 341355, 0, '2',15);

insert into T_SIMINFO (SIM_ID, ORG_CODE, DEPTCODE, STATE,PAY_MODLE, SIM_NUM) values(35356, 'B0000808', '中国移动', 1, '预付费', 13100015355);
insert into T_TERMINALINFO (TERMINAL_ID,TTYPE_ID,SIM_ID,TERMINAL_CODE,ORG_CODE,IS_VIDEO_TERMINAL,SP_SERVER_NAME,PROTOCOL_TYPE,CHANNELS,YT_PROTOCOL_TYPE) values(341356, 4, 35356, '1015355', 'B0000808',1,'1076测试服务器','4',8,'0');
insert into V_VEHICLEINFO (ORG_CODE,VEHICLE_ID,ID_NUMBER,TYPE_ID,TERMINAL_ID,DELETE_FLAG,COLOR_ID_NUMBER_ID,AUTHORIZED_PAY_MASS) values ('B0000808','3401356', '测B15355', 4, 341356, 0, '2',15);

insert into T_SIMINFO (SIM_ID, ORG_CODE, DEPTCODE, STATE,PAY_MODLE, SIM_NUM) values(35357, 'B0000808', '中国移动', 1, '预付费', 13100015356);
insert into T_TERMINALINFO (TERMINAL_ID,TTYPE_ID,SIM_ID,TERMINAL_CODE,ORG_CODE,IS_VIDEO_TERMINAL,SP_SERVER_NAME,PROTOCOL_TYPE,CHANNELS,YT_PROTOCOL_TYPE) values(341357, 4, 35357, '1015356', 'B0000808',1,'1076测试服务器','4',8,'0');
insert into V_VEHICLEINFO (ORG_CODE,VEHICLE_ID,ID_NUMBER,TYPE_ID,TERMINAL_ID,DELETE_FLAG,COLOR_ID_NUMBER_ID,AUTHORIZED_PAY_MASS) values ('B0000808','3401357', '测B15356', 4, 341357, 0, '2',15);

insert into T_SIMINFO (SIM_ID, ORG_CODE, DEPTCODE, STATE,PAY_MODLE, SIM_NUM) values(35358, 'B0000808', '中国移动', 1, '预付费', 13100015357);
insert into T_TERMINALINFO (TERMINAL_ID,TTYPE_ID,SIM_ID,TERMINAL_CODE,ORG_CODE,IS_VIDEO_TERMINAL,SP_SERVER_NAME,PROTOCOL_TYPE,CHANNELS,YT_PROTOCOL_TYPE) values(341358, 4, 35358, '1015357', 'B0000808',1,'1076测试服务器','4',8,'0');
insert into V_VEHICLEINFO (ORG_CODE,VEHICLE_ID,ID_NUMBER,TYPE_ID,TERMINAL_ID,DELETE_FLAG,COLOR_ID_NUMBER_ID,AUTHORIZED_PAY_MASS) values ('B0000808','3401358', '测B15357', 4, 341358, 0, '2',15);

insert into T_SIMINFO (SIM_ID, ORG_CODE, DEPTCODE, STATE,PAY_MODLE, SIM_NUM) values(35359, 'B0000808', '中国移动', 1, '预付费', 13100015358);
insert into T_TERMINALINFO (TERMINAL_ID,TTYPE_ID,SIM_ID,TERMINAL_CODE,ORG_CODE,IS_VIDEO_TERMINAL,SP_SERVER_NAME,PROTOCOL_TYPE,CHANNELS,YT_PROTOCOL_TYPE) values(341359, 4, 35359, '1015358', 'B0000808',1,'1076测试服务器','4',8,'0');
insert into V_VEHICLEINFO (ORG_CODE,VEHICLE_ID,ID_NUMBER,TYPE_ID,TERMINAL_ID,DELETE_FLAG,COLOR_ID_NUMBER_ID,AUTHORIZED_PAY_MASS) values ('B0000808','3401359', '测B15358', 4, 341359, 0, '2',15);

insert into T_SIMINFO (SIM_ID, ORG_CODE, DEPTCODE, STATE,PAY_MODLE, SIM_NUM) values(35360, 'B0000808', '中国移动', 1, '预付费', 13100015359);
insert into T_TERMINALINFO (TERMINAL_ID,TTYPE_ID,SIM_ID,TERMINAL_CODE,ORG_CODE,IS_VIDEO_TERMINAL,SP_SERVER_NAME,PROTOCOL_TYPE,CHANNELS,YT_PROTOCOL_TYPE) values(341360, 4, 35360, '1015359', 'B0000808',1,'1076测试服务器','4',8,'0');
insert into V_VEHICLEINFO (ORG_CODE,VEHICLE_ID,ID_NUMBER,TYPE_ID,TERMINAL_ID,DELETE_FLAG,COLOR_ID_NUMBER_ID,AUTHORIZED_PAY_MASS) values ('B0000808','3401360', '测B15359', 4, 341360, 0, '2',15);

insert into T_SIMINFO (SIM_ID, ORG_CODE, DEPTCODE, STATE,PAY_MODLE, SIM_NUM) values(35361, 'B0000808', '中国移动', 1, '预付费', 13100015360);
insert into T_TERMINALINFO (TERMINAL_ID,TTYPE_ID,SIM_ID,TERMINAL_CODE,ORG_CODE,IS_VIDEO_TERMINAL,SP_SERVER_NAME,PROTOCOL_TYPE,CHANNELS,YT_PROTOCOL_TYPE) values(341361, 4, 35361, '1015360', 'B0000808',1,'1076测试服务器','4',8,'0');
insert into V_VEHICLEINFO (ORG_CODE,VEHICLE_ID,ID_NUMBER,TYPE_ID,TERMINAL_ID,DELETE_FLAG,COLOR_ID_NUMBER_ID,AUTHORIZED_PAY_MASS) values ('B0000808','3401361', '测B15360', 4, 341361, 0, '2',15);

insert into T_SIMINFO (SIM_ID, ORG_CODE, DEPTCODE, STATE,PAY_MODLE, SIM_NUM) values(35362, 'B0000808', '中国移动', 1, '预付费', 13100015361);
insert into T_TERMINALINFO (TERMINAL_ID,TTYPE_ID,SIM_ID,TERMINAL_CODE,ORG_CODE,IS_VIDEO_TERMINAL,SP_SERVER_NAME,PROTOCOL_TYPE,CHANNELS,YT_PROTOCOL_TYPE) values(341362, 4, 35362, '1015361', 'B0000808',1,'1076测试服务器','4',8,'0');
insert into V_VEHICLEINFO (ORG_CODE,VEHICLE_ID,ID_NUMBER,TYPE_ID,TERMINAL_ID,DELETE_FLAG,COLOR_ID_NUMBER_ID,AUTHORIZED_PAY_MASS) values ('B0000808','3401362', '测B15361', 4, 341362, 0, '2',15);

insert into T_SIMINFO (SIM_ID, ORG_CODE, DEPTCODE, STATE,PAY_MODLE, SIM_NUM) values(35363, 'B0000808', '中国移动', 1, '预付费', 13100015362);
insert into T_TERMINALINFO (TERMINAL_ID,TTYPE_ID,SIM_ID,TERMINAL_CODE,ORG_CODE,IS_VIDEO_TERMINAL,SP_SERVER_NAME,PROTOCOL_TYPE,CHANNELS,YT_PROTOCOL_TYPE) values(341363, 4, 35363, '1015362', 'B0000808',1,'1076测试服务器','4',8,'0');
insert into V_VEHICLEINFO (ORG_CODE,VEHICLE_ID,ID_NUMBER,TYPE_ID,TERMINAL_ID,DELETE_FLAG,COLOR_ID_NUMBER_ID,AUTHORIZED_PAY_MASS) values ('B0000808','3401363', '测B15362', 4, 341363, 0, '2',15);

insert into T_SIMINFO (SIM_ID, ORG_CODE, DEPTCODE, STATE,PAY_MODLE, SIM_NUM) values(35364, 'B0000808', '中国移动', 1, '预付费', 13100015363);
insert into T_TERMINALINFO (TERMINAL_ID,TTYPE_ID,SIM_ID,TERMINAL_CODE,ORG_CODE,IS_VIDEO_TERMINAL,SP_SERVER_NAME,PROTOCOL_TYPE,CHANNELS,YT_PROTOCOL_TYPE) values(341364, 4, 35364, '1015363', 'B0000808',1,'1076测试服务器','4',8,'0');
insert into V_VEHICLEINFO (ORG_CODE,VEHICLE_ID,ID_NUMBER,TYPE_ID,TERMINAL_ID,DELETE_FLAG,COLOR_ID_NUMBER_ID,AUTHORIZED_PAY_MASS) values ('B0000808','3401364', '测B15363', 4, 341364, 0, '2',15);

insert into T_SIMINFO (SIM_ID, ORG_CODE, DEPTCODE, STATE,PAY_MODLE, SIM_NUM) values(35365, 'B0000808', '中国移动', 1, '预付费', 13100015364);
insert into T_TERMINALINFO (TERMINAL_ID,TTYPE_ID,SIM_ID,TERMINAL_CODE,ORG_CODE,IS_VIDEO_TERMINAL,SP_SERVER_NAME,PROTOCOL_TYPE,CHANNELS,YT_PROTOCOL_TYPE) values(341365, 4, 35365, '1015364', 'B0000808',1,'1076测试服务器','4',8,'0');
insert into V_VEHICLEINFO (ORG_CODE,VEHICLE_ID,ID_NUMBER,TYPE_ID,TERMINAL_ID,DELETE_FLAG,COLOR_ID_NUMBER_ID,AUTHORIZED_PAY_MASS) values ('B0000808','3401365', '测B15364', 4, 341365, 0, '2',15);

insert into T_SIMINFO (SIM_ID, ORG_CODE, DEPTCODE, STATE,PAY_MODLE, SIM_NUM) values(35366, 'B0000808', '中国移动', 1, '预付费', 13100015365);
insert into T_TERMINALINFO (TERMINAL_ID,TTYPE_ID,SIM_ID,TERMINAL_CODE,ORG_CODE,IS_VIDEO_TERMINAL,SP_SERVER_NAME,PROTOCOL_TYPE,CHANNELS,YT_PROTOCOL_TYPE) values(341366, 4, 35366, '1015365', 'B0000808',1,'1076测试服务器','4',8,'0');
insert into V_VEHICLEINFO (ORG_CODE,VEHICLE_ID,ID_NUMBER,TYPE_ID,TERMINAL_ID,DELETE_FLAG,COLOR_ID_NUMBER_ID,AUTHORIZED_PAY_MASS) values ('B0000808','3401366', '测B15365', 4, 341366, 0, '2',15);

insert into T_SIMINFO (SIM_ID, ORG_CODE, DEPTCODE, STATE,PAY_MODLE, SIM_NUM) values(35367, 'B0000808', '中国移动', 1, '预付费', 13100015366);
insert into T_TERMINALINFO (TERMINAL_ID,TTYPE_ID,SIM_ID,TERMINAL_CODE,ORG_CODE,IS_VIDEO_TERMINAL,SP_SERVER_NAME,PROTOCOL_TYPE,CHANNELS,YT_PROTOCOL_TYPE) values(341367, 4, 35367, '1015366', 'B0000808',1,'1076测试服务器','4',8,'0');
insert into V_VEHICLEINFO (ORG_CODE,VEHICLE_ID,ID_NUMBER,TYPE_ID,TERMINAL_ID,DELETE_FLAG,COLOR_ID_NUMBER_ID,AUTHORIZED_PAY_MASS) values ('B0000808','3401367', '测B15366', 4, 341367, 0, '2',15);

insert into T_SIMINFO (SIM_ID, ORG_CODE, DEPTCODE, STATE,PAY_MODLE, SIM_NUM) values(35368, 'B0000808', '中国移动', 1, '预付费', 13100015367);
insert into T_TERMINALINFO (TERMINAL_ID,TTYPE_ID,SIM_ID,TERMINAL_CODE,ORG_CODE,IS_VIDEO_TERMINAL,SP_SERVER_NAME,PROTOCOL_TYPE,CHANNELS,YT_PROTOCOL_TYPE) values(341368, 4, 35368, '1015367', 'B0000808',1,'1076测试服务器','4',8,'0');
insert into V_VEHICLEINFO (ORG_CODE,VEHICLE_ID,ID_NUMBER,TYPE_ID,TERMINAL_ID,DELETE_FLAG,COLOR_ID_NUMBER_ID,AUTHORIZED_PAY_MASS) values ('B0000808','3401368', '测B15367', 4, 341368, 0, '2',15);

insert into T_SIMINFO (SIM_ID, ORG_CODE, DEPTCODE, STATE,PAY_MODLE, SIM_NUM) values(35369, 'B0000808', '中国移动', 1, '预付费', 13100015368);
insert into T_TERMINALINFO (TERMINAL_ID,TTYPE_ID,SIM_ID,TERMINAL_CODE,ORG_CODE,IS_VIDEO_TERMINAL,SP_SERVER_NAME,PROTOCOL_TYPE,CHANNELS,YT_PROTOCOL_TYPE) values(341369, 4, 35369, '1015368', 'B0000808',1,'1076测试服务器','4',8,'0');
insert into V_VEHICLEINFO (ORG_CODE,VEHICLE_ID,ID_NUMBER,TYPE_ID,TERMINAL_ID,DELETE_FLAG,COLOR_ID_NUMBER_ID,AUTHORIZED_PAY_MASS) values ('B0000808','3401369', '测B15368', 4, 341369, 0, '2',15);

insert into T_SIMINFO (SIM_ID, ORG_CODE, DEPTCODE, STATE,PAY_MODLE, SIM_NUM) values(35370, 'B0000808', '中国移动', 1, '预付费', 13100015369);
insert into T_TERMINALINFO (TERMINAL_ID,TTYPE_ID,SIM_ID,TERMINAL_CODE,ORG_CODE,IS_VIDEO_TERMINAL,SP_SERVER_NAME,PROTOCOL_TYPE,CHANNELS,YT_PROTOCOL_TYPE) values(341370, 4, 35370, '1015369', 'B0000808',1,'1076测试服务器','4',8,'0');
insert into V_VEHICLEINFO (ORG_CODE,VEHICLE_ID,ID_NUMBER,TYPE_ID,TERMINAL_ID,DELETE_FLAG,COLOR_ID_NUMBER_ID,AUTHORIZED_PAY_MASS) values ('B0000808','3401370', '测B15369', 4, 341370, 0, '2',15);

insert into T_SIMINFO (SIM_ID, ORG_CODE, DEPTCODE, STATE,PAY_MODLE, SIM_NUM) values(35371, 'B0000808', '中国移动', 1, '预付费', 13100015370);
insert into T_TERMINALINFO (TERMINAL_ID,TTYPE_ID,SIM_ID,TERMINAL_CODE,ORG_CODE,IS_VIDEO_TERMINAL,SP_SERVER_NAME,PROTOCOL_TYPE,CHANNELS,YT_PROTOCOL_TYPE) values(341371, 4, 35371, '1015370', 'B0000808',1,'1076测试服务器','4',8,'0');
insert into V_VEHICLEINFO (ORG_CODE,VEHICLE_ID,ID_NUMBER,TYPE_ID,TERMINAL_ID,DELETE_FLAG,COLOR_ID_NUMBER_ID,AUTHORIZED_PAY_MASS) values ('B0000808','3401371', '测B15370', 4, 341371, 0, '2',15);

insert into T_SIMINFO (SIM_ID, ORG_CODE, DEPTCODE, STATE,PAY_MODLE, SIM_NUM) values(35372, 'B0000808', '中国移动', 1, '预付费', 13100015371);
insert into T_TERMINALINFO (TERMINAL_ID,TTYPE_ID,SIM_ID,TERMINAL_CODE,ORG_CODE,IS_VIDEO_TERMINAL,SP_SERVER_NAME,PROTOCOL_TYPE,CHANNELS,YT_PROTOCOL_TYPE) values(341372, 4, 35372, '1015371', 'B0000808',1,'1076测试服务器','4',8,'0');
insert into V_VEHICLEINFO (ORG_CODE,VEHICLE_ID,ID_NUMBER,TYPE_ID,TERMINAL_ID,DELETE_FLAG,COLOR_ID_NUMBER_ID,AUTHORIZED_PAY_MASS) values ('B0000808','3401372', '测B15371', 4, 341372, 0, '2',15);

insert into T_SIMINFO (SIM_ID, ORG_CODE, DEPTCODE, STATE,PAY_MODLE, SIM_NUM) values(35373, 'B0000808', '中国移动', 1, '预付费', 13100015372);
insert into T_TERMINALINFO (TERMINAL_ID,TTYPE_ID,SIM_ID,TERMINAL_CODE,ORG_CODE,IS_VIDEO_TERMINAL,SP_SERVER_NAME,PROTOCOL_TYPE,CHANNELS,YT_PROTOCOL_TYPE) values(341373, 4, 35373, '1015372', 'B0000808',1,'1076测试服务器','4',8,'0');
insert into V_VEHICLEINFO (ORG_CODE,VEHICLE_ID,ID_NUMBER,TYPE_ID,TERMINAL_ID,DELETE_FLAG,COLOR_ID_NUMBER_ID,AUTHORIZED_PAY_MASS) values ('B0000808','3401373', '测B15372', 4, 341373, 0, '2',15);

insert into T_SIMINFO (SIM_ID, ORG_CODE, DEPTCODE, STATE,PAY_MODLE, SIM_NUM) values(35374, 'B0000808', '中国移动', 1, '预付费', 13100015373);
insert into T_TERMINALINFO (TERMINAL_ID,TTYPE_ID,SIM_ID,TERMINAL_CODE,ORG_CODE,IS_VIDEO_TERMINAL,SP_SERVER_NAME,PROTOCOL_TYPE,CHANNELS,YT_PROTOCOL_TYPE) values(341374, 4, 35374, '1015373', 'B0000808',1,'1076测试服务器','4',8,'0');
insert into V_VEHICLEINFO (ORG_CODE,VEHICLE_ID,ID_NUMBER,TYPE_ID,TERMINAL_ID,DELETE_FLAG,COLOR_ID_NUMBER_ID,AUTHORIZED_PAY_MASS) values ('B0000808','3401374', '测B15373', 4, 341374, 0, '2',15);

insert into T_SIMINFO (SIM_ID, ORG_CODE, DEPTCODE, STATE,PAY_MODLE, SIM_NUM) values(35375, 'B0000808', '中国移动', 1, '预付费', 13100015374);
insert into T_TERMINALINFO (TERMINAL_ID,TTYPE_ID,SIM_ID,TERMINAL_CODE,ORG_CODE,IS_VIDEO_TERMINAL,SP_SERVER_NAME,PROTOCOL_TYPE,CHANNELS,YT_PROTOCOL_TYPE) values(341375, 4, 35375, '1015374', 'B0000808',1,'1076测试服务器','4',8,'0');
insert into V_VEHICLEINFO (ORG_CODE,VEHICLE_ID,ID_NUMBER,TYPE_ID,TERMINAL_ID,DELETE_FLAG,COLOR_ID_NUMBER_ID,AUTHORIZED_PAY_MASS) values ('B0000808','3401375', '测B15374', 4, 341375, 0, '2',15);

insert into T_SIMINFO (SIM_ID, ORG_CODE, DEPTCODE, STATE,PAY_MODLE, SIM_NUM) values(35376, 'B0000808', '中国移动', 1, '预付费', 13100015375);
insert into T_TERMINALINFO (TERMINAL_ID,TTYPE_ID,SIM_ID,TERMINAL_CODE,ORG_CODE,IS_VIDEO_TERMINAL,SP_SERVER_NAME,PROTOCOL_TYPE,CHANNELS,YT_PROTOCOL_TYPE) values(341376, 4, 35376, '1015375', 'B0000808',1,'1076测试服务器','4',8,'0');
insert into V_VEHICLEINFO (ORG_CODE,VEHICLE_ID,ID_NUMBER,TYPE_ID,TERMINAL_ID,DELETE_FLAG,COLOR_ID_NUMBER_ID,AUTHORIZED_PAY_MASS) values ('B0000808','3401376', '测B15375', 4, 341376, 0, '2',15);

insert into T_SIMINFO (SIM_ID, ORG_CODE, DEPTCODE, STATE,PAY_MODLE, SIM_NUM) values(35377, 'B0000808', '中国移动', 1, '预付费', 13100015376);
insert into T_TERMINALINFO (TERMINAL_ID,TTYPE_ID,SIM_ID,TERMINAL_CODE,ORG_CODE,IS_VIDEO_TERMINAL,SP_SERVER_NAME,PROTOCOL_TYPE,CHANNELS,YT_PROTOCOL_TYPE) values(341377, 4, 35377, '1015376', 'B0000808',1,'1076测试服务器','4',8,'0');
insert into V_VEHICLEINFO (ORG_CODE,VEHICLE_ID,ID_NUMBER,TYPE_ID,TERMINAL_ID,DELETE_FLAG,COLOR_ID_NUMBER_ID,AUTHORIZED_PAY_MASS) values ('B0000808','3401377', '测B15376', 4, 341377, 0, '2',15);

insert into T_SIMINFO (SIM_ID, ORG_CODE, DEPTCODE, STATE,PAY_MODLE, SIM_NUM) values(35378, 'B0000808', '中国移动', 1, '预付费', 13100015377);
insert into T_TERMINALINFO (TERMINAL_ID,TTYPE_ID,SIM_ID,TERMINAL_CODE,ORG_CODE,IS_VIDEO_TERMINAL,SP_SERVER_NAME,PROTOCOL_TYPE,CHANNELS,YT_PROTOCOL_TYPE) values(341378, 4, 35378, '1015377', 'B0000808',1,'1076测试服务器','4',8,'0');
insert into V_VEHICLEINFO (ORG_CODE,VEHICLE_ID,ID_NUMBER,TYPE_ID,TERMINAL_ID,DELETE_FLAG,COLOR_ID_NUMBER_ID,AUTHORIZED_PAY_MASS) values ('B0000808','3401378', '测B15377', 4, 341378, 0, '2',15);

insert into T_SIMINFO (SIM_ID, ORG_CODE, DEPTCODE, STATE,PAY_MODLE, SIM_NUM) values(35379, 'B0000808', '中国移动', 1, '预付费', 13100015378);
insert into T_TERMINALINFO (TERMINAL_ID,TTYPE_ID,SIM_ID,TERMINAL_CODE,ORG_CODE,IS_VIDEO_TERMINAL,SP_SERVER_NAME,PROTOCOL_TYPE,CHANNELS,YT_PROTOCOL_TYPE) values(341379, 4, 35379, '1015378', 'B0000808',1,'1076测试服务器','4',8,'0');
insert into V_VEHICLEINFO (ORG_CODE,VEHICLE_ID,ID_NUMBER,TYPE_ID,TERMINAL_ID,DELETE_FLAG,COLOR_ID_NUMBER_ID,AUTHORIZED_PAY_MASS) values ('B0000808','3401379', '测B15378', 4, 341379, 0, '2',15);

insert into T_SIMINFO (SIM_ID, ORG_CODE, DEPTCODE, STATE,PAY_MODLE, SIM_NUM) values(35380, 'B0000808', '中国移动', 1, '预付费', 13100015379);
insert into T_TERMINALINFO (TERMINAL_ID,TTYPE_ID,SIM_ID,TERMINAL_CODE,ORG_CODE,IS_VIDEO_TERMINAL,SP_SERVER_NAME,PROTOCOL_TYPE,CHANNELS,YT_PROTOCOL_TYPE) values(341380, 4, 35380, '1015379', 'B0000808',1,'1076测试服务器','4',8,'0');
insert into V_VEHICLEINFO (ORG_CODE,VEHICLE_ID,ID_NUMBER,TYPE_ID,TERMINAL_ID,DELETE_FLAG,COLOR_ID_NUMBER_ID,AUTHORIZED_PAY_MASS) values ('B0000808','3401380', '测B15379', 4, 341380, 0, '2',15);

insert into T_SIMINFO (SIM_ID, ORG_CODE, DEPTCODE, STATE,PAY_MODLE, SIM_NUM) values(35381, 'B0000808', '中国移动', 1, '预付费', 13100015380);
insert into T_TERMINALINFO (TERMINAL_ID,TTYPE_ID,SIM_ID,TERMINAL_CODE,ORG_CODE,IS_VIDEO_TERMINAL,SP_SERVER_NAME,PROTOCOL_TYPE,CHANNELS,YT_PROTOCOL_TYPE) values(341381, 4, 35381, '1015380', 'B0000808',1,'1076测试服务器','4',8,'0');
insert into V_VEHICLEINFO (ORG_CODE,VEHICLE_ID,ID_NUMBER,TYPE_ID,TERMINAL_ID,DELETE_FLAG,COLOR_ID_NUMBER_ID,AUTHORIZED_PAY_MASS) values ('B0000808','3401381', '测B15380', 4, 341381, 0, '2',15);

insert into T_SIMINFO (SIM_ID, ORG_CODE, DEPTCODE, STATE,PAY_MODLE, SIM_NUM) values(35382, 'B0000808', '中国移动', 1, '预付费', 13100015381);
insert into T_TERMINALINFO (TERMINAL_ID,TTYPE_ID,SIM_ID,TERMINAL_CODE,ORG_CODE,IS_VIDEO_TERMINAL,SP_SERVER_NAME,PROTOCOL_TYPE,CHANNELS,YT_PROTOCOL_TYPE) values(341382, 4, 35382, '1015381', 'B0000808',1,'1076测试服务器','4',8,'0');
insert into V_VEHICLEINFO (ORG_CODE,VEHICLE_ID,ID_NUMBER,TYPE_ID,TERMINAL_ID,DELETE_FLAG,COLOR_ID_NUMBER_ID,AUTHORIZED_PAY_MASS) values ('B0000808','3401382', '测B15381', 4, 341382, 0, '2',15);

insert into T_SIMINFO (SIM_ID, ORG_CODE, DEPTCODE, STATE,PAY_MODLE, SIM_NUM) values(35383, 'B0000808', '中国移动', 1, '预付费', 13100015382);
insert into T_TERMINALINFO (TERMINAL_ID,TTYPE_ID,SIM_ID,TERMINAL_CODE,ORG_CODE,IS_VIDEO_TERMINAL,SP_SERVER_NAME,PROTOCOL_TYPE,CHANNELS,YT_PROTOCOL_TYPE) values(341383, 4, 35383, '1015382', 'B0000808',1,'1076测试服务器','4',8,'0');
insert into V_VEHICLEINFO (ORG_CODE,VEHICLE_ID,ID_NUMBER,TYPE_ID,TERMINAL_ID,DELETE_FLAG,COLOR_ID_NUMBER_ID,AUTHORIZED_PAY_MASS) values ('B0000808','3401383', '测B15382', 4, 341383, 0, '2',15);

insert into T_SIMINFO (SIM_ID, ORG_CODE, DEPTCODE, STATE,PAY_MODLE, SIM_NUM) values(35384, 'B0000808', '中国移动', 1, '预付费', 13100015383);
insert into T_TERMINALINFO (TERMINAL_ID,TTYPE_ID,SIM_ID,TERMINAL_CODE,ORG_CODE,IS_VIDEO_TERMINAL,SP_SERVER_NAME,PROTOCOL_TYPE,CHANNELS,YT_PROTOCOL_TYPE) values(341384, 4, 35384, '1015383', 'B0000808',1,'1076测试服务器','4',8,'0');
insert into V_VEHICLEINFO (ORG_CODE,VEHICLE_ID,ID_NUMBER,TYPE_ID,TERMINAL_ID,DELETE_FLAG,COLOR_ID_NUMBER_ID,AUTHORIZED_PAY_MASS) values ('B0000808','3401384', '测B15383', 4, 341384, 0, '2',15);

insert into T_SIMINFO (SIM_ID, ORG_CODE, DEPTCODE, STATE,PAY_MODLE, SIM_NUM) values(35385, 'B0000808', '中国移动', 1, '预付费', 13100015384);
insert into T_TERMINALINFO (TERMINAL_ID,TTYPE_ID,SIM_ID,TERMINAL_CODE,ORG_CODE,IS_VIDEO_TERMINAL,SP_SERVER_NAME,PROTOCOL_TYPE,CHANNELS,YT_PROTOCOL_TYPE) values(341385, 4, 35385, '1015384', 'B0000808',1,'1076测试服务器','4',8,'0');
insert into V_VEHICLEINFO (ORG_CODE,VEHICLE_ID,ID_NUMBER,TYPE_ID,TERMINAL_ID,DELETE_FLAG,COLOR_ID_NUMBER_ID,AUTHORIZED_PAY_MASS) values ('B0000808','3401385', '测B15384', 4, 341385, 0, '2',15);

insert into T_SIMINFO (SIM_ID, ORG_CODE, DEPTCODE, STATE,PAY_MODLE, SIM_NUM) values(35386, 'B0000808', '中国移动', 1, '预付费', 13100015385);
insert into T_TERMINALINFO (TERMINAL_ID,TTYPE_ID,SIM_ID,TERMINAL_CODE,ORG_CODE,IS_VIDEO_TERMINAL,SP_SERVER_NAME,PROTOCOL_TYPE,CHANNELS,YT_PROTOCOL_TYPE) values(341386, 4, 35386, '1015385', 'B0000808',1,'1076测试服务器','4',8,'0');
insert into V_VEHICLEINFO (ORG_CODE,VEHICLE_ID,ID_NUMBER,TYPE_ID,TERMINAL_ID,DELETE_FLAG,COLOR_ID_NUMBER_ID,AUTHORIZED_PAY_MASS) values ('B0000808','3401386', '测B15385', 4, 341386, 0, '2',15);

insert into T_SIMINFO (SIM_ID, ORG_CODE, DEPTCODE, STATE,PAY_MODLE, SIM_NUM) values(35387, 'B0000808', '中国移动', 1, '预付费', 13100015386);
insert into T_TERMINALINFO (TERMINAL_ID,TTYPE_ID,SIM_ID,TERMINAL_CODE,ORG_CODE,IS_VIDEO_TERMINAL,SP_SERVER_NAME,PROTOCOL_TYPE,CHANNELS,YT_PROTOCOL_TYPE) values(341387, 4, 35387, '1015386', 'B0000808',1,'1076测试服务器','4',8,'0');
insert into V_VEHICLEINFO (ORG_CODE,VEHICLE_ID,ID_NUMBER,TYPE_ID,TERMINAL_ID,DELETE_FLAG,COLOR_ID_NUMBER_ID,AUTHORIZED_PAY_MASS) values ('B0000808','3401387', '测B15386', 4, 341387, 0, '2',15);

insert into T_SIMINFO (SIM_ID, ORG_CODE, DEPTCODE, STATE,PAY_MODLE, SIM_NUM) values(35388, 'B0000808', '中国移动', 1, '预付费', 13100015387);
insert into T_TERMINALINFO (TERMINAL_ID,TTYPE_ID,SIM_ID,TERMINAL_CODE,ORG_CODE,IS_VIDEO_TERMINAL,SP_SERVER_NAME,PROTOCOL_TYPE,CHANNELS,YT_PROTOCOL_TYPE) values(341388, 4, 35388, '1015387', 'B0000808',1,'1076测试服务器','4',8,'0');
insert into V_VEHICLEINFO (ORG_CODE,VEHICLE_ID,ID_NUMBER,TYPE_ID,TERMINAL_ID,DELETE_FLAG,COLOR_ID_NUMBER_ID,AUTHORIZED_PAY_MASS) values ('B0000808','3401388', '测B15387', 4, 341388, 0, '2',15);

insert into T_SIMINFO (SIM_ID, ORG_CODE, DEPTCODE, STATE,PAY_MODLE, SIM_NUM) values(35389, 'B0000808', '中国移动', 1, '预付费', 13100015388);
insert into T_TERMINALINFO (TERMINAL_ID,TTYPE_ID,SIM_ID,TERMINAL_CODE,ORG_CODE,IS_VIDEO_TERMINAL,SP_SERVER_NAME,PROTOCOL_TYPE,CHANNELS,YT_PROTOCOL_TYPE) values(341389, 4, 35389, '1015388', 'B0000808',1,'1076测试服务器','4',8,'0');
insert into V_VEHICLEINFO (ORG_CODE,VEHICLE_ID,ID_NUMBER,TYPE_ID,TERMINAL_ID,DELETE_FLAG,COLOR_ID_NUMBER_ID,AUTHORIZED_PAY_MASS) values ('B0000808','3401389', '测B15388', 4, 341389, 0, '2',15);

insert into T_SIMINFO (SIM_ID, ORG_CODE, DEPTCODE, STATE,PAY_MODLE, SIM_NUM) values(35390, 'B0000808', '中国移动', 1, '预付费', 13100015389);
insert into T_TERMINALINFO (TERMINAL_ID,TTYPE_ID,SIM_ID,TERMINAL_CODE,ORG_CODE,IS_VIDEO_TERMINAL,SP_SERVER_NAME,PROTOCOL_TYPE,CHANNELS,YT_PROTOCOL_TYPE) values(341390, 4, 35390, '1015389', 'B0000808',1,'1076测试服务器','4',8,'0');
insert into V_VEHICLEINFO (ORG_CODE,VEHICLE_ID,ID_NUMBER,TYPE_ID,TERMINAL_ID,DELETE_FLAG,COLOR_ID_NUMBER_ID,AUTHORIZED_PAY_MASS) values ('B0000808','3401390', '测B15389', 4, 341390, 0, '2',15);

insert into T_SIMINFO (SIM_ID, ORG_CODE, DEPTCODE, STATE,PAY_MODLE, SIM_NUM) values(35391, 'B0000808', '中国移动', 1, '预付费', 13100015390);
insert into T_TERMINALINFO (TERMINAL_ID,TTYPE_ID,SIM_ID,TERMINAL_CODE,ORG_CODE,IS_VIDEO_TERMINAL,SP_SERVER_NAME,PROTOCOL_TYPE,CHANNELS,YT_PROTOCOL_TYPE) values(341391, 4, 35391, '1015390', 'B0000808',1,'1076测试服务器','4',8,'0');
insert into V_VEHICLEINFO (ORG_CODE,VEHICLE_ID,ID_NUMBER,TYPE_ID,TERMINAL_ID,DELETE_FLAG,COLOR_ID_NUMBER_ID,AUTHORIZED_PAY_MASS) values ('B0000808','3401391', '测B15390', 4, 341391, 0, '2',15);

insert into T_SIMINFO (SIM_ID, ORG_CODE, DEPTCODE, STATE,PAY_MODLE, SIM_NUM) values(35392, 'B0000808', '中国移动', 1, '预付费', 13100015391);
insert into T_TERMINALINFO (TERMINAL_ID,TTYPE_ID,SIM_ID,TERMINAL_CODE,ORG_CODE,IS_VIDEO_TERMINAL,SP_SERVER_NAME,PROTOCOL_TYPE,CHANNELS,YT_PROTOCOL_TYPE) values(341392, 4, 35392, '1015391', 'B0000808',1,'1076测试服务器','4',8,'0');
insert into V_VEHICLEINFO (ORG_CODE,VEHICLE_ID,ID_NUMBER,TYPE_ID,TERMINAL_ID,DELETE_FLAG,COLOR_ID_NUMBER_ID,AUTHORIZED_PAY_MASS) values ('B0000808','3401392', '测B15391', 4, 341392, 0, '2',15);

insert into T_SIMINFO (SIM_ID, ORG_CODE, DEPTCODE, STATE,PAY_MODLE, SIM_NUM) values(35393, 'B0000808', '中国移动', 1, '预付费', 13100015392);
insert into T_TERMINALINFO (TERMINAL_ID,TTYPE_ID,SIM_ID,TERMINAL_CODE,ORG_CODE,IS_VIDEO_TERMINAL,SP_SERVER_NAME,PROTOCOL_TYPE,CHANNELS,YT_PROTOCOL_TYPE) values(341393, 4, 35393, '1015392', 'B0000808',1,'1076测试服务器','4',8,'0');
insert into V_VEHICLEINFO (ORG_CODE,VEHICLE_ID,ID_NUMBER,TYPE_ID,TERMINAL_ID,DELETE_FLAG,COLOR_ID_NUMBER_ID,AUTHORIZED_PAY_MASS) values ('B0000808','3401393', '测B15392', 4, 341393, 0, '2',15);

insert into T_SIMINFO (SIM_ID, ORG_CODE, DEPTCODE, STATE,PAY_MODLE, SIM_NUM) values(35394, 'B0000808', '中国移动', 1, '预付费', 13100015393);
insert into T_TERMINALINFO (TERMINAL_ID,TTYPE_ID,SIM_ID,TERMINAL_CODE,ORG_CODE,IS_VIDEO_TERMINAL,SP_SERVER_NAME,PROTOCOL_TYPE,CHANNELS,YT_PROTOCOL_TYPE) values(341394, 4, 35394, '1015393', 'B0000808',1,'1076测试服务器','4',8,'0');
insert into V_VEHICLEINFO (ORG_CODE,VEHICLE_ID,ID_NUMBER,TYPE_ID,TERMINAL_ID,DELETE_FLAG,COLOR_ID_NUMBER_ID,AUTHORIZED_PAY_MASS) values ('B0000808','3401394', '测B15393', 4, 341394, 0, '2',15);

insert into T_SIMINFO (SIM_ID, ORG_CODE, DEPTCODE, STATE,PAY_MODLE, SIM_NUM) values(35395, 'B0000808', '中国移动', 1, '预付费', 13100015394);
insert into T_TERMINALINFO (TERMINAL_ID,TTYPE_ID,SIM_ID,TERMINAL_CODE,ORG_CODE,IS_VIDEO_TERMINAL,SP_SERVER_NAME,PROTOCOL_TYPE,CHANNELS,YT_PROTOCOL_TYPE) values(341395, 4, 35395, '1015394', 'B0000808',1,'1076测试服务器','4',8,'0');
insert into V_VEHICLEINFO (ORG_CODE,VEHICLE_ID,ID_NUMBER,TYPE_ID,TERMINAL_ID,DELETE_FLAG,COLOR_ID_NUMBER_ID,AUTHORIZED_PAY_MASS) values ('B0000808','3401395', '测B15394', 4, 341395, 0, '2',15);

insert into T_SIMINFO (SIM_ID, ORG_CODE, DEPTCODE, STATE,PAY_MODLE, SIM_NUM) values(35396, 'B0000808', '中国移动', 1, '预付费', 13100015395);
insert into T_TERMINALINFO (TERMINAL_ID,TTYPE_ID,SIM_ID,TERMINAL_CODE,ORG_CODE,IS_VIDEO_TERMINAL,SP_SERVER_NAME,PROTOCOL_TYPE,CHANNELS,YT_PROTOCOL_TYPE) values(341396, 4, 35396, '1015395', 'B0000808',1,'1076测试服务器','4',8,'0');
insert into V_VEHICLEINFO (ORG_CODE,VEHICLE_ID,ID_NUMBER,TYPE_ID,TERMINAL_ID,DELETE_FLAG,COLOR_ID_NUMBER_ID,AUTHORIZED_PAY_MASS) values ('B0000808','3401396', '测B15395', 4, 341396, 0, '2',15);

insert into T_SIMINFO (SIM_ID, ORG_CODE, DEPTCODE, STATE,PAY_MODLE, SIM_NUM) values(35397, 'B0000808', '中国移动', 1, '预付费', 13100015396);
insert into T_TERMINALINFO (TERMINAL_ID,TTYPE_ID,SIM_ID,TERMINAL_CODE,ORG_CODE,IS_VIDEO_TERMINAL,SP_SERVER_NAME,PROTOCOL_TYPE,CHANNELS,YT_PROTOCOL_TYPE) values(341397, 4, 35397, '1015396', 'B0000808',1,'1076测试服务器','4',8,'0');
insert into V_VEHICLEINFO (ORG_CODE,VEHICLE_ID,ID_NUMBER,TYPE_ID,TERMINAL_ID,DELETE_FLAG,COLOR_ID_NUMBER_ID,AUTHORIZED_PAY_MASS) values ('B0000808','3401397', '测B15396', 4, 341397, 0, '2',15);

insert into T_SIMINFO (SIM_ID, ORG_CODE, DEPTCODE, STATE,PAY_MODLE, SIM_NUM) values(35398, 'B0000808', '中国移动', 1, '预付费', 13100015397);
insert into T_TERMINALINFO (TERMINAL_ID,TTYPE_ID,SIM_ID,TERMINAL_CODE,ORG_CODE,IS_VIDEO_TERMINAL,SP_SERVER_NAME,PROTOCOL_TYPE,CHANNELS,YT_PROTOCOL_TYPE) values(341398, 4, 35398, '1015397', 'B0000808',1,'1076测试服务器','4',8,'0');
insert into V_VEHICLEINFO (ORG_CODE,VEHICLE_ID,ID_NUMBER,TYPE_ID,TERMINAL_ID,DELETE_FLAG,COLOR_ID_NUMBER_ID,AUTHORIZED_PAY_MASS) values ('B0000808','3401398', '测B15397', 4, 341398, 0, '2',15);

insert into T_SIMINFO (SIM_ID, ORG_CODE, DEPTCODE, STATE,PAY_MODLE, SIM_NUM) values(35399, 'B0000808', '中国移动', 1, '预付费', 13100015398);
insert into T_TERMINALINFO (TERMINAL_ID,TTYPE_ID,SIM_ID,TERMINAL_CODE,ORG_CODE,IS_VIDEO_TERMINAL,SP_SERVER_NAME,PROTOCOL_TYPE,CHANNELS,YT_PROTOCOL_TYPE) values(341399, 4, 35399, '1015398', 'B0000808',1,'1076测试服务器','4',8,'0');
insert into V_VEHICLEINFO (ORG_CODE,VEHICLE_ID,ID_NUMBER,TYPE_ID,TERMINAL_ID,DELETE_FLAG,COLOR_ID_NUMBER_ID,AUTHORIZED_PAY_MASS) values ('B0000808','3401399', '测B15398', 4, 341399, 0, '2',15);

insert into T_SIMINFO (SIM_ID, ORG_CODE, DEPTCODE, STATE,PAY_MODLE, SIM_NUM) values(35400, 'B0000808', '中国移动', 1, '预付费', 13100015399);
insert into T_TERMINALINFO (TERMINAL_ID,TTYPE_ID,SIM_ID,TERMINAL_CODE,ORG_CODE,IS_VIDEO_TERMINAL,SP_SERVER_NAME,PROTOCOL_TYPE,CHANNELS,YT_PROTOCOL_TYPE) values(341400, 4, 35400, '1015399', 'B0000808',1,'1076测试服务器','4',8,'0');
insert into V_VEHICLEINFO (ORG_CODE,VEHICLE_ID,ID_NUMBER,TYPE_ID,TERMINAL_ID,DELETE_FLAG,COLOR_ID_NUMBER_ID,AUTHORIZED_PAY_MASS) values ('B0000808','3401400', '测B15399', 4, 341400, 0, '2',15);

insert into T_SIMINFO (SIM_ID, ORG_CODE, DEPTCODE, STATE,PAY_MODLE, SIM_NUM) values(35401, 'B0000808', '中国移动', 1, '预付费', 13100015400);
insert into T_TERMINALINFO (TERMINAL_ID,TTYPE_ID,SIM_ID,TERMINAL_CODE,ORG_CODE,IS_VIDEO_TERMINAL,SP_SERVER_NAME,PROTOCOL_TYPE,CHANNELS,YT_PROTOCOL_TYPE) values(341401, 4, 35401, '1015400', 'B0000808',1,'1076测试服务器','4',8,'0');
insert into V_VEHICLEINFO (ORG_CODE,VEHICLE_ID,ID_NUMBER,TYPE_ID,TERMINAL_ID,DELETE_FLAG,COLOR_ID_NUMBER_ID,AUTHORIZED_PAY_MASS) values ('B0000808','3401401', '测B15400', 4, 341401, 0, '2',15);

insert into T_SIMINFO (SIM_ID, ORG_CODE, DEPTCODE, STATE,PAY_MODLE, SIM_NUM) values(35402, 'B0000808', '中国移动', 1, '预付费', 13100015401);
insert into T_TERMINALINFO (TERMINAL_ID,TTYPE_ID,SIM_ID,TERMINAL_CODE,ORG_CODE,IS_VIDEO_TERMINAL,SP_SERVER_NAME,PROTOCOL_TYPE,CHANNELS,YT_PROTOCOL_TYPE) values(341402, 4, 35402, '1015401', 'B0000808',1,'1076测试服务器','4',8,'0');
insert into V_VEHICLEINFO (ORG_CODE,VEHICLE_ID,ID_NUMBER,TYPE_ID,TERMINAL_ID,DELETE_FLAG,COLOR_ID_NUMBER_ID,AUTHORIZED_PAY_MASS) values ('B0000808','3401402', '测B15401', 4, 341402, 0, '2',15);

insert into T_SIMINFO (SIM_ID, ORG_CODE, DEPTCODE, STATE,PAY_MODLE, SIM_NUM) values(35403, 'B0000808', '中国移动', 1, '预付费', 13100015402);
insert into T_TERMINALINFO (TERMINAL_ID,TTYPE_ID,SIM_ID,TERMINAL_CODE,ORG_CODE,IS_VIDEO_TERMINAL,SP_SERVER_NAME,PROTOCOL_TYPE,CHANNELS,YT_PROTOCOL_TYPE) values(341403, 4, 35403, '1015402', 'B0000808',1,'1076测试服务器','4',8,'0');
insert into V_VEHICLEINFO (ORG_CODE,VEHICLE_ID,ID_NUMBER,TYPE_ID,TERMINAL_ID,DELETE_FLAG,COLOR_ID_NUMBER_ID,AUTHORIZED_PAY_MASS) values ('B0000808','3401403', '测B15402', 4, 341403, 0, '2',15);

insert into T_SIMINFO (SIM_ID, ORG_CODE, DEPTCODE, STATE,PAY_MODLE, SIM_NUM) values(35404, 'B0000808', '中国移动', 1, '预付费', 13100015403);
insert into T_TERMINALINFO (TERMINAL_ID,TTYPE_ID,SIM_ID,TERMINAL_CODE,ORG_CODE,IS_VIDEO_TERMINAL,SP_SERVER_NAME,PROTOCOL_TYPE,CHANNELS,YT_PROTOCOL_TYPE) values(341404, 4, 35404, '1015403', 'B0000808',1,'1076测试服务器','4',8,'0');
insert into V_VEHICLEINFO (ORG_CODE,VEHICLE_ID,ID_NUMBER,TYPE_ID,TERMINAL_ID,DELETE_FLAG,COLOR_ID_NUMBER_ID,AUTHORIZED_PAY_MASS) values ('B0000808','3401404', '测B15403', 4, 341404, 0, '2',15);

insert into T_SIMINFO (SIM_ID, ORG_CODE, DEPTCODE, STATE,PAY_MODLE, SIM_NUM) values(35405, 'B0000808', '中国移动', 1, '预付费', 13100015404);
insert into T_TERMINALINFO (TERMINAL_ID,TTYPE_ID,SIM_ID,TERMINAL_CODE,ORG_CODE,IS_VIDEO_TERMINAL,SP_SERVER_NAME,PROTOCOL_TYPE,CHANNELS,YT_PROTOCOL_TYPE) values(341405, 4, 35405, '1015404', 'B0000808',1,'1076测试服务器','4',8,'0');
insert into V_VEHICLEINFO (ORG_CODE,VEHICLE_ID,ID_NUMBER,TYPE_ID,TERMINAL_ID,DELETE_FLAG,COLOR_ID_NUMBER_ID,AUTHORIZED_PAY_MASS) values ('B0000808','3401405', '测B15404', 4, 341405, 0, '2',15);

insert into T_SIMINFO (SIM_ID, ORG_CODE, DEPTCODE, STATE,PAY_MODLE, SIM_NUM) values(35406, 'B0000808', '中国移动', 1, '预付费', 13100015405);
insert into T_TERMINALINFO (TERMINAL_ID,TTYPE_ID,SIM_ID,TERMINAL_CODE,ORG_CODE,IS_VIDEO_TERMINAL,SP_SERVER_NAME,PROTOCOL_TYPE,CHANNELS,YT_PROTOCOL_TYPE) values(341406, 4, 35406, '1015405', 'B0000808',1,'1076测试服务器','4',8,'0');
insert into V_VEHICLEINFO (ORG_CODE,VEHICLE_ID,ID_NUMBER,TYPE_ID,TERMINAL_ID,DELETE_FLAG,COLOR_ID_NUMBER_ID,AUTHORIZED_PAY_MASS) values ('B0000808','3401406', '测B15405', 4, 341406, 0, '2',15);

insert into T_SIMINFO (SIM_ID, ORG_CODE, DEPTCODE, STATE,PAY_MODLE, SIM_NUM) values(35407, 'B0000808', '中国移动', 1, '预付费', 13100015406);
insert into T_TERMINALINFO (TERMINAL_ID,TTYPE_ID,SIM_ID,TERMINAL_CODE,ORG_CODE,IS_VIDEO_TERMINAL,SP_SERVER_NAME,PROTOCOL_TYPE,CHANNELS,YT_PROTOCOL_TYPE) values(341407, 4, 35407, '1015406', 'B0000808',1,'1076测试服务器','4',8,'0');
insert into V_VEHICLEINFO (ORG_CODE,VEHICLE_ID,ID_NUMBER,TYPE_ID,TERMINAL_ID,DELETE_FLAG,COLOR_ID_NUMBER_ID,AUTHORIZED_PAY_MASS) values ('B0000808','3401407', '测B15406', 4, 341407, 0, '2',15);

insert into T_SIMINFO (SIM_ID, ORG_CODE, DEPTCODE, STATE,PAY_MODLE, SIM_NUM) values(35408, 'B0000808', '中国移动', 1, '预付费', 13100015407);
insert into T_TERMINALINFO (TERMINAL_ID,TTYPE_ID,SIM_ID,TERMINAL_CODE,ORG_CODE,IS_VIDEO_TERMINAL,SP_SERVER_NAME,PROTOCOL_TYPE,CHANNELS,YT_PROTOCOL_TYPE) values(341408, 4, 35408, '1015407', 'B0000808',1,'1076测试服务器','4',8,'0');
insert into V_VEHICLEINFO (ORG_CODE,VEHICLE_ID,ID_NUMBER,TYPE_ID,TERMINAL_ID,DELETE_FLAG,COLOR_ID_NUMBER_ID,AUTHORIZED_PAY_MASS) values ('B0000808','3401408', '测B15407', 4, 341408, 0, '2',15);

insert into T_SIMINFO (SIM_ID, ORG_CODE, DEPTCODE, STATE,PAY_MODLE, SIM_NUM) values(35409, 'B0000808', '中国移动', 1, '预付费', 13100015408);
insert into T_TERMINALINFO (TERMINAL_ID,TTYPE_ID,SIM_ID,TERMINAL_CODE,ORG_CODE,IS_VIDEO_TERMINAL,SP_SERVER_NAME,PROTOCOL_TYPE,CHANNELS,YT_PROTOCOL_TYPE) values(341409, 4, 35409, '1015408', 'B0000808',1,'1076测试服务器','4',8,'0');
insert into V_VEHICLEINFO (ORG_CODE,VEHICLE_ID,ID_NUMBER,TYPE_ID,TERMINAL_ID,DELETE_FLAG,COLOR_ID_NUMBER_ID,AUTHORIZED_PAY_MASS) values ('B0000808','3401409', '测B15408', 4, 341409, 0, '2',15);

insert into T_SIMINFO (SIM_ID, ORG_CODE, DEPTCODE, STATE,PAY_MODLE, SIM_NUM) values(35410, 'B0000808', '中国移动', 1, '预付费', 13100015409);
insert into T_TERMINALINFO (TERMINAL_ID,TTYPE_ID,SIM_ID,TERMINAL_CODE,ORG_CODE,IS_VIDEO_TERMINAL,SP_SERVER_NAME,PROTOCOL_TYPE,CHANNELS,YT_PROTOCOL_TYPE) values(341410, 4, 35410, '1015409', 'B0000808',1,'1076测试服务器','4',8,'0');
insert into V_VEHICLEINFO (ORG_CODE,VEHICLE_ID,ID_NUMBER,TYPE_ID,TERMINAL_ID,DELETE_FLAG,COLOR_ID_NUMBER_ID,AUTHORIZED_PAY_MASS) values ('B0000808','3401410', '测B15409', 4, 341410, 0, '2',15);

insert into T_SIMINFO (SIM_ID, ORG_CODE, DEPTCODE, STATE,PAY_MODLE, SIM_NUM) values(35411, 'B0000808', '中国移动', 1, '预付费', 13100015410);
insert into T_TERMINALINFO (TERMINAL_ID,TTYPE_ID,SIM_ID,TERMINAL_CODE,ORG_CODE,IS_VIDEO_TERMINAL,SP_SERVER_NAME,PROTOCOL_TYPE,CHANNELS,YT_PROTOCOL_TYPE) values(341411, 4, 35411, '1015410', 'B0000808',1,'1076测试服务器','4',8,'0');
insert into V_VEHICLEINFO (ORG_CODE,VEHICLE_ID,ID_NUMBER,TYPE_ID,TERMINAL_ID,DELETE_FLAG,COLOR_ID_NUMBER_ID,AUTHORIZED_PAY_MASS) values ('B0000808','3401411', '测B15410', 4, 341411, 0, '2',15);

insert into T_SIMINFO (SIM_ID, ORG_CODE, DEPTCODE, STATE,PAY_MODLE, SIM_NUM) values(35412, 'B0000808', '中国移动', 1, '预付费', 13100015411);
insert into T_TERMINALINFO (TERMINAL_ID,TTYPE_ID,SIM_ID,TERMINAL_CODE,ORG_CODE,IS_VIDEO_TERMINAL,SP_SERVER_NAME,PROTOCOL_TYPE,CHANNELS,YT_PROTOCOL_TYPE) values(341412, 4, 35412, '1015411', 'B0000808',1,'1076测试服务器','4',8,'0');
insert into V_VEHICLEINFO (ORG_CODE,VEHICLE_ID,ID_NUMBER,TYPE_ID,TERMINAL_ID,DELETE_FLAG,COLOR_ID_NUMBER_ID,AUTHORIZED_PAY_MASS) values ('B0000808','3401412', '测B15411', 4, 341412, 0, '2',15);

insert into T_SIMINFO (SIM_ID, ORG_CODE, DEPTCODE, STATE,PAY_MODLE, SIM_NUM) values(35413, 'B0000808', '中国移动', 1, '预付费', 13100015412);
insert into T_TERMINALINFO (TERMINAL_ID,TTYPE_ID,SIM_ID,TERMINAL_CODE,ORG_CODE,IS_VIDEO_TERMINAL,SP_SERVER_NAME,PROTOCOL_TYPE,CHANNELS,YT_PROTOCOL_TYPE) values(341413, 4, 35413, '1015412', 'B0000808',1,'1076测试服务器','4',8,'0');
insert into V_VEHICLEINFO (ORG_CODE,VEHICLE_ID,ID_NUMBER,TYPE_ID,TERMINAL_ID,DELETE_FLAG,COLOR_ID_NUMBER_ID,AUTHORIZED_PAY_MASS) values ('B0000808','3401413', '测B15412', 4, 341413, 0, '2',15);

insert into T_SIMINFO (SIM_ID, ORG_CODE, DEPTCODE, STATE,PAY_MODLE, SIM_NUM) values(35414, 'B0000808', '中国移动', 1, '预付费', 13100015413);
insert into T_TERMINALINFO (TERMINAL_ID,TTYPE_ID,SIM_ID,TERMINAL_CODE,ORG_CODE,IS_VIDEO_TERMINAL,SP_SERVER_NAME,PROTOCOL_TYPE,CHANNELS,YT_PROTOCOL_TYPE) values(341414, 4, 35414, '1015413', 'B0000808',1,'1076测试服务器','4',8,'0');
insert into V_VEHICLEINFO (ORG_CODE,VEHICLE_ID,ID_NUMBER,TYPE_ID,TERMINAL_ID,DELETE_FLAG,COLOR_ID_NUMBER_ID,AUTHORIZED_PAY_MASS) values ('B0000808','3401414', '测B15413', 4, 341414, 0, '2',15);

insert into T_SIMINFO (SIM_ID, ORG_CODE, DEPTCODE, STATE,PAY_MODLE, SIM_NUM) values(35415, 'B0000808', '中国移动', 1, '预付费', 13100015414);
insert into T_TERMINALINFO (TERMINAL_ID,TTYPE_ID,SIM_ID,TERMINAL_CODE,ORG_CODE,IS_VIDEO_TERMINAL,SP_SERVER_NAME,PROTOCOL_TYPE,CHANNELS,YT_PROTOCOL_TYPE) values(341415, 4, 35415, '1015414', 'B0000808',1,'1076测试服务器','4',8,'0');
insert into V_VEHICLEINFO (ORG_CODE,VEHICLE_ID,ID_NUMBER,TYPE_ID,TERMINAL_ID,DELETE_FLAG,COLOR_ID_NUMBER_ID,AUTHORIZED_PAY_MASS) values ('B0000808','3401415', '测B15414', 4, 341415, 0, '2',15);

insert into T_SIMINFO (SIM_ID, ORG_CODE, DEPTCODE, STATE,PAY_MODLE, SIM_NUM) values(35416, 'B0000808', '中国移动', 1, '预付费', 13100015415);
insert into T_TERMINALINFO (TERMINAL_ID,TTYPE_ID,SIM_ID,TERMINAL_CODE,ORG_CODE,IS_VIDEO_TERMINAL,SP_SERVER_NAME,PROTOCOL_TYPE,CHANNELS,YT_PROTOCOL_TYPE) values(341416, 4, 35416, '1015415', 'B0000808',1,'1076测试服务器','4',8,'0');
insert into V_VEHICLEINFO (ORG_CODE,VEHICLE_ID,ID_NUMBER,TYPE_ID,TERMINAL_ID,DELETE_FLAG,COLOR_ID_NUMBER_ID,AUTHORIZED_PAY_MASS) values ('B0000808','3401416', '测B15415', 4, 341416, 0, '2',15);

insert into T_SIMINFO (SIM_ID, ORG_CODE, DEPTCODE, STATE,PAY_MODLE, SIM_NUM) values(35417, 'B0000808', '中国移动', 1, '预付费', 13100015416);
insert into T_TERMINALINFO (TERMINAL_ID,TTYPE_ID,SIM_ID,TERMINAL_CODE,ORG_CODE,IS_VIDEO_TERMINAL,SP_SERVER_NAME,PROTOCOL_TYPE,CHANNELS,YT_PROTOCOL_TYPE) values(341417, 4, 35417, '1015416', 'B0000808',1,'1076测试服务器','4',8,'0');
insert into V_VEHICLEINFO (ORG_CODE,VEHICLE_ID,ID_NUMBER,TYPE_ID,TERMINAL_ID,DELETE_FLAG,COLOR_ID_NUMBER_ID,AUTHORIZED_PAY_MASS) values ('B0000808','3401417', '测B15416', 4, 341417, 0, '2',15);

insert into T_SIMINFO (SIM_ID, ORG_CODE, DEPTCODE, STATE,PAY_MODLE, SIM_NUM) values(35418, 'B0000808', '中国移动', 1, '预付费', 13100015417);
insert into T_TERMINALINFO (TERMINAL_ID,TTYPE_ID,SIM_ID,TERMINAL_CODE,ORG_CODE,IS_VIDEO_TERMINAL,SP_SERVER_NAME,PROTOCOL_TYPE,CHANNELS,YT_PROTOCOL_TYPE) values(341418, 4, 35418, '1015417', 'B0000808',1,'1076测试服务器','4',8,'0');
insert into V_VEHICLEINFO (ORG_CODE,VEHICLE_ID,ID_NUMBER,TYPE_ID,TERMINAL_ID,DELETE_FLAG,COLOR_ID_NUMBER_ID,AUTHORIZED_PAY_MASS) values ('B0000808','3401418', '测B15417', 4, 341418, 0, '2',15);

insert into T_SIMINFO (SIM_ID, ORG_CODE, DEPTCODE, STATE,PAY_MODLE, SIM_NUM) values(35419, 'B0000808', '中国移动', 1, '预付费', 13100015418);
insert into T_TERMINALINFO (TERMINAL_ID,TTYPE_ID,SIM_ID,TERMINAL_CODE,ORG_CODE,IS_VIDEO_TERMINAL,SP_SERVER_NAME,PROTOCOL_TYPE,CHANNELS,YT_PROTOCOL_TYPE) values(341419, 4, 35419, '1015418', 'B0000808',1,'1076测试服务器','4',8,'0');
insert into V_VEHICLEINFO (ORG_CODE,VEHICLE_ID,ID_NUMBER,TYPE_ID,TERMINAL_ID,DELETE_FLAG,COLOR_ID_NUMBER_ID,AUTHORIZED_PAY_MASS) values ('B0000808','3401419', '测B15418', 4, 341419, 0, '2',15);

insert into T_SIMINFO (SIM_ID, ORG_CODE, DEPTCODE, STATE,PAY_MODLE, SIM_NUM) values(35420, 'B0000808', '中国移动', 1, '预付费', 13100015419);
insert into T_TERMINALINFO (TERMINAL_ID,TTYPE_ID,SIM_ID,TERMINAL_CODE,ORG_CODE,IS_VIDEO_TERMINAL,SP_SERVER_NAME,PROTOCOL_TYPE,CHANNELS,YT_PROTOCOL_TYPE) values(341420, 4, 35420, '1015419', 'B0000808',1,'1076测试服务器','4',8,'0');
insert into V_VEHICLEINFO (ORG_CODE,VEHICLE_ID,ID_NUMBER,TYPE_ID,TERMINAL_ID,DELETE_FLAG,COLOR_ID_NUMBER_ID,AUTHORIZED_PAY_MASS) values ('B0000808','3401420', '测B15419', 4, 341420, 0, '2',15);

insert into T_SIMINFO (SIM_ID, ORG_CODE, DEPTCODE, STATE,PAY_MODLE, SIM_NUM) values(35421, 'B0000808', '中国移动', 1, '预付费', 13100015420);
insert into T_TERMINALINFO (TERMINAL_ID,TTYPE_ID,SIM_ID,TERMINAL_CODE,ORG_CODE,IS_VIDEO_TERMINAL,SP_SERVER_NAME,PROTOCOL_TYPE,CHANNELS,YT_PROTOCOL_TYPE) values(341421, 4, 35421, '1015420', 'B0000808',1,'1076测试服务器','4',8,'0');
insert into V_VEHICLEINFO (ORG_CODE,VEHICLE_ID,ID_NUMBER,TYPE_ID,TERMINAL_ID,DELETE_FLAG,COLOR_ID_NUMBER_ID,AUTHORIZED_PAY_MASS) values ('B0000808','3401421', '测B15420', 4, 341421, 0, '2',15);

insert into T_SIMINFO (SIM_ID, ORG_CODE, DEPTCODE, STATE,PAY_MODLE, SIM_NUM) values(35422, 'B0000808', '中国移动', 1, '预付费', 13100015421);
insert into T_TERMINALINFO (TERMINAL_ID,TTYPE_ID,SIM_ID,TERMINAL_CODE,ORG_CODE,IS_VIDEO_TERMINAL,SP_SERVER_NAME,PROTOCOL_TYPE,CHANNELS,YT_PROTOCOL_TYPE) values(341422, 4, 35422, '1015421', 'B0000808',1,'1076测试服务器','4',8,'0');
insert into V_VEHICLEINFO (ORG_CODE,VEHICLE_ID,ID_NUMBER,TYPE_ID,TERMINAL_ID,DELETE_FLAG,COLOR_ID_NUMBER_ID,AUTHORIZED_PAY_MASS) values ('B0000808','3401422', '测B15421', 4, 341422, 0, '2',15);

insert into T_SIMINFO (SIM_ID, ORG_CODE, DEPTCODE, STATE,PAY_MODLE, SIM_NUM) values(35423, 'B0000808', '中国移动', 1, '预付费', 13100015422);
insert into T_TERMINALINFO (TERMINAL_ID,TTYPE_ID,SIM_ID,TERMINAL_CODE,ORG_CODE,IS_VIDEO_TERMINAL,SP_SERVER_NAME,PROTOCOL_TYPE,CHANNELS,YT_PROTOCOL_TYPE) values(341423, 4, 35423, '1015422', 'B0000808',1,'1076测试服务器','4',8,'0');
insert into V_VEHICLEINFO (ORG_CODE,VEHICLE_ID,ID_NUMBER,TYPE_ID,TERMINAL_ID,DELETE_FLAG,COLOR_ID_NUMBER_ID,AUTHORIZED_PAY_MASS) values ('B0000808','3401423', '测B15422', 4, 341423, 0, '2',15);

insert into T_SIMINFO (SIM_ID, ORG_CODE, DEPTCODE, STATE,PAY_MODLE, SIM_NUM) values(35424, 'B0000808', '中国移动', 1, '预付费', 13100015423);
insert into T_TERMINALINFO (TERMINAL_ID,TTYPE_ID,SIM_ID,TERMINAL_CODE,ORG_CODE,IS_VIDEO_TERMINAL,SP_SERVER_NAME,PROTOCOL_TYPE,CHANNELS,YT_PROTOCOL_TYPE) values(341424, 4, 35424, '1015423', 'B0000808',1,'1076测试服务器','4',8,'0');
insert into V_VEHICLEINFO (ORG_CODE,VEHICLE_ID,ID_NUMBER,TYPE_ID,TERMINAL_ID,DELETE_FLAG,COLOR_ID_NUMBER_ID,AUTHORIZED_PAY_MASS) values ('B0000808','3401424', '测B15423', 4, 341424, 0, '2',15);

insert into T_SIMINFO (SIM_ID, ORG_CODE, DEPTCODE, STATE,PAY_MODLE, SIM_NUM) values(35425, 'B0000808', '中国移动', 1, '预付费', 13100015424);
insert into T_TERMINALINFO (TERMINAL_ID,TTYPE_ID,SIM_ID,TERMINAL_CODE,ORG_CODE,IS_VIDEO_TERMINAL,SP_SERVER_NAME,PROTOCOL_TYPE,CHANNELS,YT_PROTOCOL_TYPE) values(341425, 4, 35425, '1015424', 'B0000808',1,'1076测试服务器','4',8,'0');
insert into V_VEHICLEINFO (ORG_CODE,VEHICLE_ID,ID_NUMBER,TYPE_ID,TERMINAL_ID,DELETE_FLAG,COLOR_ID_NUMBER_ID,AUTHORIZED_PAY_MASS) values ('B0000808','3401425', '测B15424', 4, 341425, 0, '2',15);

insert into T_SIMINFO (SIM_ID, ORG_CODE, DEPTCODE, STATE,PAY_MODLE, SIM_NUM) values(35426, 'B0000808', '中国移动', 1, '预付费', 13100015425);
insert into T_TERMINALINFO (TERMINAL_ID,TTYPE_ID,SIM_ID,TERMINAL_CODE,ORG_CODE,IS_VIDEO_TERMINAL,SP_SERVER_NAME,PROTOCOL_TYPE,CHANNELS,YT_PROTOCOL_TYPE) values(341426, 4, 35426, '1015425', 'B0000808',1,'1076测试服务器','4',8,'0');
insert into V_VEHICLEINFO (ORG_CODE,VEHICLE_ID,ID_NUMBER,TYPE_ID,TERMINAL_ID,DELETE_FLAG,COLOR_ID_NUMBER_ID,AUTHORIZED_PAY_MASS) values ('B0000808','3401426', '测B15425', 4, 341426, 0, '2',15);

insert into T_SIMINFO (SIM_ID, ORG_CODE, DEPTCODE, STATE,PAY_MODLE, SIM_NUM) values(35427, 'B0000808', '中国移动', 1, '预付费', 13100015426);
insert into T_TERMINALINFO (TERMINAL_ID,TTYPE_ID,SIM_ID,TERMINAL_CODE,ORG_CODE,IS_VIDEO_TERMINAL,SP_SERVER_NAME,PROTOCOL_TYPE,CHANNELS,YT_PROTOCOL_TYPE) values(341427, 4, 35427, '1015426', 'B0000808',1,'1076测试服务器','4',8,'0');
insert into V_VEHICLEINFO (ORG_CODE,VEHICLE_ID,ID_NUMBER,TYPE_ID,TERMINAL_ID,DELETE_FLAG,COLOR_ID_NUMBER_ID,AUTHORIZED_PAY_MASS) values ('B0000808','3401427', '测B15426', 4, 341427, 0, '2',15);

insert into T_SIMINFO (SIM_ID, ORG_CODE, DEPTCODE, STATE,PAY_MODLE, SIM_NUM) values(35428, 'B0000808', '中国移动', 1, '预付费', 13100015427);
insert into T_TERMINALINFO (TERMINAL_ID,TTYPE_ID,SIM_ID,TERMINAL_CODE,ORG_CODE,IS_VIDEO_TERMINAL,SP_SERVER_NAME,PROTOCOL_TYPE,CHANNELS,YT_PROTOCOL_TYPE) values(341428, 4, 35428, '1015427', 'B0000808',1,'1076测试服务器','4',8,'0');
insert into V_VEHICLEINFO (ORG_CODE,VEHICLE_ID,ID_NUMBER,TYPE_ID,TERMINAL_ID,DELETE_FLAG,COLOR_ID_NUMBER_ID,AUTHORIZED_PAY_MASS) values ('B0000808','3401428', '测B15427', 4, 341428, 0, '2',15);

insert into T_SIMINFO (SIM_ID, ORG_CODE, DEPTCODE, STATE,PAY_MODLE, SIM_NUM) values(35429, 'B0000808', '中国移动', 1, '预付费', 13100015428);
insert into T_TERMINALINFO (TERMINAL_ID,TTYPE_ID,SIM_ID,TERMINAL_CODE,ORG_CODE,IS_VIDEO_TERMINAL,SP_SERVER_NAME,PROTOCOL_TYPE,CHANNELS,YT_PROTOCOL_TYPE) values(341429, 4, 35429, '1015428', 'B0000808',1,'1076测试服务器','4',8,'0');
insert into V_VEHICLEINFO (ORG_CODE,VEHICLE_ID,ID_NUMBER,TYPE_ID,TERMINAL_ID,DELETE_FLAG,COLOR_ID_NUMBER_ID,AUTHORIZED_PAY_MASS) values ('B0000808','3401429', '测B15428', 4, 341429, 0, '2',15);

insert into T_SIMINFO (SIM_ID, ORG_CODE, DEPTCODE, STATE,PAY_MODLE, SIM_NUM) values(35430, 'B0000808', '中国移动', 1, '预付费', 13100015429);
insert into T_TERMINALINFO (TERMINAL_ID,TTYPE_ID,SIM_ID,TERMINAL_CODE,ORG_CODE,IS_VIDEO_TERMINAL,SP_SERVER_NAME,PROTOCOL_TYPE,CHANNELS,YT_PROTOCOL_TYPE) values(341430, 4, 35430, '1015429', 'B0000808',1,'1076测试服务器','4',8,'0');
insert into V_VEHICLEINFO (ORG_CODE,VEHICLE_ID,ID_NUMBER,TYPE_ID,TERMINAL_ID,DELETE_FLAG,COLOR_ID_NUMBER_ID,AUTHORIZED_PAY_MASS) values ('B0000808','3401430', '测B15429', 4, 341430, 0, '2',15);

insert into T_SIMINFO (SIM_ID, ORG_CODE, DEPTCODE, STATE,PAY_MODLE, SIM_NUM) values(35431, 'B0000808', '中国移动', 1, '预付费', 13100015430);
insert into T_TERMINALINFO (TERMINAL_ID,TTYPE_ID,SIM_ID,TERMINAL_CODE,ORG_CODE,IS_VIDEO_TERMINAL,SP_SERVER_NAME,PROTOCOL_TYPE,CHANNELS,YT_PROTOCOL_TYPE) values(341431, 4, 35431, '1015430', 'B0000808',1,'1076测试服务器','4',8,'0');
insert into V_VEHICLEINFO (ORG_CODE,VEHICLE_ID,ID_NUMBER,TYPE_ID,TERMINAL_ID,DELETE_FLAG,COLOR_ID_NUMBER_ID,AUTHORIZED_PAY_MASS) values ('B0000808','3401431', '测B15430', 4, 341431, 0, '2',15);

insert into T_SIMINFO (SIM_ID, ORG_CODE, DEPTCODE, STATE,PAY_MODLE, SIM_NUM) values(35432, 'B0000808', '中国移动', 1, '预付费', 13100015431);
insert into T_TERMINALINFO (TERMINAL_ID,TTYPE_ID,SIM_ID,TERMINAL_CODE,ORG_CODE,IS_VIDEO_TERMINAL,SP_SERVER_NAME,PROTOCOL_TYPE,CHANNELS,YT_PROTOCOL_TYPE) values(341432, 4, 35432, '1015431', 'B0000808',1,'1076测试服务器','4',8,'0');
insert into V_VEHICLEINFO (ORG_CODE,VEHICLE_ID,ID_NUMBER,TYPE_ID,TERMINAL_ID,DELETE_FLAG,COLOR_ID_NUMBER_ID,AUTHORIZED_PAY_MASS) values ('B0000808','3401432', '测B15431', 4, 341432, 0, '2',15);

insert into T_SIMINFO (SIM_ID, ORG_CODE, DEPTCODE, STATE,PAY_MODLE, SIM_NUM) values(35433, 'B0000808', '中国移动', 1, '预付费', 13100015432);
insert into T_TERMINALINFO (TERMINAL_ID,TTYPE_ID,SIM_ID,TERMINAL_CODE,ORG_CODE,IS_VIDEO_TERMINAL,SP_SERVER_NAME,PROTOCOL_TYPE,CHANNELS,YT_PROTOCOL_TYPE) values(341433, 4, 35433, '1015432', 'B0000808',1,'1076测试服务器','4',8,'0');
insert into V_VEHICLEINFO (ORG_CODE,VEHICLE_ID,ID_NUMBER,TYPE_ID,TERMINAL_ID,DELETE_FLAG,COLOR_ID_NUMBER_ID,AUTHORIZED_PAY_MASS) values ('B0000808','3401433', '测B15432', 4, 341433, 0, '2',15);

insert into T_SIMINFO (SIM_ID, ORG_CODE, DEPTCODE, STATE,PAY_MODLE, SIM_NUM) values(35434, 'B0000808', '中国移动', 1, '预付费', 13100015433);
insert into T_TERMINALINFO (TERMINAL_ID,TTYPE_ID,SIM_ID,TERMINAL_CODE,ORG_CODE,IS_VIDEO_TERMINAL,SP_SERVER_NAME,PROTOCOL_TYPE,CHANNELS,YT_PROTOCOL_TYPE) values(341434, 4, 35434, '1015433', 'B0000808',1,'1076测试服务器','4',8,'0');
insert into V_VEHICLEINFO (ORG_CODE,VEHICLE_ID,ID_NUMBER,TYPE_ID,TERMINAL_ID,DELETE_FLAG,COLOR_ID_NUMBER_ID,AUTHORIZED_PAY_MASS) values ('B0000808','3401434', '测B15433', 4, 341434, 0, '2',15);

insert into T_SIMINFO (SIM_ID, ORG_CODE, DEPTCODE, STATE,PAY_MODLE, SIM_NUM) values(35435, 'B0000808', '中国移动', 1, '预付费', 13100015434);
insert into T_TERMINALINFO (TERMINAL_ID,TTYPE_ID,SIM_ID,TERMINAL_CODE,ORG_CODE,IS_VIDEO_TERMINAL,SP_SERVER_NAME,PROTOCOL_TYPE,CHANNELS,YT_PROTOCOL_TYPE) values(341435, 4, 35435, '1015434', 'B0000808',1,'1076测试服务器','4',8,'0');
insert into V_VEHICLEINFO (ORG_CODE,VEHICLE_ID,ID_NUMBER,TYPE_ID,TERMINAL_ID,DELETE_FLAG,COLOR_ID_NUMBER_ID,AUTHORIZED_PAY_MASS) values ('B0000808','3401435', '测B15434', 4, 341435, 0, '2',15);

insert into T_SIMINFO (SIM_ID, ORG_CODE, DEPTCODE, STATE,PAY_MODLE, SIM_NUM) values(35436, 'B0000808', '中国移动', 1, '预付费', 13100015435);
insert into T_TERMINALINFO (TERMINAL_ID,TTYPE_ID,SIM_ID,TERMINAL_CODE,ORG_CODE,IS_VIDEO_TERMINAL,SP_SERVER_NAME,PROTOCOL_TYPE,CHANNELS,YT_PROTOCOL_TYPE) values(341436, 4, 35436, '1015435', 'B0000808',1,'1076测试服务器','4',8,'0');
insert into V_VEHICLEINFO (ORG_CODE,VEHICLE_ID,ID_NUMBER,TYPE_ID,TERMINAL_ID,DELETE_FLAG,COLOR_ID_NUMBER_ID,AUTHORIZED_PAY_MASS) values ('B0000808','3401436', '测B15435', 4, 341436, 0, '2',15);

insert into T_SIMINFO (SIM_ID, ORG_CODE, DEPTCODE, STATE,PAY_MODLE, SIM_NUM) values(35437, 'B0000808', '中国移动', 1, '预付费', 13100015436);
insert into T_TERMINALINFO (TERMINAL_ID,TTYPE_ID,SIM_ID,TERMINAL_CODE,ORG_CODE,IS_VIDEO_TERMINAL,SP_SERVER_NAME,PROTOCOL_TYPE,CHANNELS,YT_PROTOCOL_TYPE) values(341437, 4, 35437, '1015436', 'B0000808',1,'1076测试服务器','4',8,'0');
insert into V_VEHICLEINFO (ORG_CODE,VEHICLE_ID,ID_NUMBER,TYPE_ID,TERMINAL_ID,DELETE_FLAG,COLOR_ID_NUMBER_ID,AUTHORIZED_PAY_MASS) values ('B0000808','3401437', '测B15436', 4, 341437, 0, '2',15);

insert into T_SIMINFO (SIM_ID, ORG_CODE, DEPTCODE, STATE,PAY_MODLE, SIM_NUM) values(35438, 'B0000808', '中国移动', 1, '预付费', 13100015437);
insert into T_TERMINALINFO (TERMINAL_ID,TTYPE_ID,SIM_ID,TERMINAL_CODE,ORG_CODE,IS_VIDEO_TERMINAL,SP_SERVER_NAME,PROTOCOL_TYPE,CHANNELS,YT_PROTOCOL_TYPE) values(341438, 4, 35438, '1015437', 'B0000808',1,'1076测试服务器','4',8,'0');
insert into V_VEHICLEINFO (ORG_CODE,VEHICLE_ID,ID_NUMBER,TYPE_ID,TERMINAL_ID,DELETE_FLAG,COLOR_ID_NUMBER_ID,AUTHORIZED_PAY_MASS) values ('B0000808','3401438', '测B15437', 4, 341438, 0, '2',15);

insert into T_SIMINFO (SIM_ID, ORG_CODE, DEPTCODE, STATE,PAY_MODLE, SIM_NUM) values(35439, 'B0000808', '中国移动', 1, '预付费', 13100015438);
insert into T_TERMINALINFO (TERMINAL_ID,TTYPE_ID,SIM_ID,TERMINAL_CODE,ORG_CODE,IS_VIDEO_TERMINAL,SP_SERVER_NAME,PROTOCOL_TYPE,CHANNELS,YT_PROTOCOL_TYPE) values(341439, 4, 35439, '1015438', 'B0000808',1,'1076测试服务器','4',8,'0');
insert into V_VEHICLEINFO (ORG_CODE,VEHICLE_ID,ID_NUMBER,TYPE_ID,TERMINAL_ID,DELETE_FLAG,COLOR_ID_NUMBER_ID,AUTHORIZED_PAY_MASS) values ('B0000808','3401439', '测B15438', 4, 341439, 0, '2',15);

insert into T_SIMINFO (SIM_ID, ORG_CODE, DEPTCODE, STATE,PAY_MODLE, SIM_NUM) values(35440, 'B0000808', '中国移动', 1, '预付费', 13100015439);
insert into T_TERMINALINFO (TERMINAL_ID,TTYPE_ID,SIM_ID,TERMINAL_CODE,ORG_CODE,IS_VIDEO_TERMINAL,SP_SERVER_NAME,PROTOCOL_TYPE,CHANNELS,YT_PROTOCOL_TYPE) values(341440, 4, 35440, '1015439', 'B0000808',1,'1076测试服务器','4',8,'0');
insert into V_VEHICLEINFO (ORG_CODE,VEHICLE_ID,ID_NUMBER,TYPE_ID,TERMINAL_ID,DELETE_FLAG,COLOR_ID_NUMBER_ID,AUTHORIZED_PAY_MASS) values ('B0000808','3401440', '测B15439', 4, 341440, 0, '2',15);

insert into T_SIMINFO (SIM_ID, ORG_CODE, DEPTCODE, STATE,PAY_MODLE, SIM_NUM) values(35441, 'B0000808', '中国移动', 1, '预付费', 13100015440);
insert into T_TERMINALINFO (TERMINAL_ID,TTYPE_ID,SIM_ID,TERMINAL_CODE,ORG_CODE,IS_VIDEO_TERMINAL,SP_SERVER_NAME,PROTOCOL_TYPE,CHANNELS,YT_PROTOCOL_TYPE) values(341441, 4, 35441, '1015440', 'B0000808',1,'1076测试服务器','4',8,'0');
insert into V_VEHICLEINFO (ORG_CODE,VEHICLE_ID,ID_NUMBER,TYPE_ID,TERMINAL_ID,DELETE_FLAG,COLOR_ID_NUMBER_ID,AUTHORIZED_PAY_MASS) values ('B0000808','3401441', '测B15440', 4, 341441, 0, '2',15);

insert into T_SIMINFO (SIM_ID, ORG_CODE, DEPTCODE, STATE,PAY_MODLE, SIM_NUM) values(35442, 'B0000808', '中国移动', 1, '预付费', 13100015441);
insert into T_TERMINALINFO (TERMINAL_ID,TTYPE_ID,SIM_ID,TERMINAL_CODE,ORG_CODE,IS_VIDEO_TERMINAL,SP_SERVER_NAME,PROTOCOL_TYPE,CHANNELS,YT_PROTOCOL_TYPE) values(341442, 4, 35442, '1015441', 'B0000808',1,'1076测试服务器','4',8,'0');
insert into V_VEHICLEINFO (ORG_CODE,VEHICLE_ID,ID_NUMBER,TYPE_ID,TERMINAL_ID,DELETE_FLAG,COLOR_ID_NUMBER_ID,AUTHORIZED_PAY_MASS) values ('B0000808','3401442', '测B15441', 4, 341442, 0, '2',15);

insert into T_SIMINFO (SIM_ID, ORG_CODE, DEPTCODE, STATE,PAY_MODLE, SIM_NUM) values(35443, 'B0000808', '中国移动', 1, '预付费', 13100015442);
insert into T_TERMINALINFO (TERMINAL_ID,TTYPE_ID,SIM_ID,TERMINAL_CODE,ORG_CODE,IS_VIDEO_TERMINAL,SP_SERVER_NAME,PROTOCOL_TYPE,CHANNELS,YT_PROTOCOL_TYPE) values(341443, 4, 35443, '1015442', 'B0000808',1,'1076测试服务器','4',8,'0');
insert into V_VEHICLEINFO (ORG_CODE,VEHICLE_ID,ID_NUMBER,TYPE_ID,TERMINAL_ID,DELETE_FLAG,COLOR_ID_NUMBER_ID,AUTHORIZED_PAY_MASS) values ('B0000808','3401443', '测B15442', 4, 341443, 0, '2',15);

insert into T_SIMINFO (SIM_ID, ORG_CODE, DEPTCODE, STATE,PAY_MODLE, SIM_NUM) values(35444, 'B0000808', '中国移动', 1, '预付费', 13100015443);
insert into T_TERMINALINFO (TERMINAL_ID,TTYPE_ID,SIM_ID,TERMINAL_CODE,ORG_CODE,IS_VIDEO_TERMINAL,SP_SERVER_NAME,PROTOCOL_TYPE,CHANNELS,YT_PROTOCOL_TYPE) values(341444, 4, 35444, '1015443', 'B0000808',1,'1076测试服务器','4',8,'0');
insert into V_VEHICLEINFO (ORG_CODE,VEHICLE_ID,ID_NUMBER,TYPE_ID,TERMINAL_ID,DELETE_FLAG,COLOR_ID_NUMBER_ID,AUTHORIZED_PAY_MASS) values ('B0000808','3401444', '测B15443', 4, 341444, 0, '2',15);

insert into T_SIMINFO (SIM_ID, ORG_CODE, DEPTCODE, STATE,PAY_MODLE, SIM_NUM) values(35445, 'B0000808', '中国移动', 1, '预付费', 13100015444);
insert into T_TERMINALINFO (TERMINAL_ID,TTYPE_ID,SIM_ID,TERMINAL_CODE,ORG_CODE,IS_VIDEO_TERMINAL,SP_SERVER_NAME,PROTOCOL_TYPE,CHANNELS,YT_PROTOCOL_TYPE) values(341445, 4, 35445, '1015444', 'B0000808',1,'1076测试服务器','4',8,'0');
insert into V_VEHICLEINFO (ORG_CODE,VEHICLE_ID,ID_NUMBER,TYPE_ID,TERMINAL_ID,DELETE_FLAG,COLOR_ID_NUMBER_ID,AUTHORIZED_PAY_MASS) values ('B0000808','3401445', '测B15444', 4, 341445, 0, '2',15);

insert into T_SIMINFO (SIM_ID, ORG_CODE, DEPTCODE, STATE,PAY_MODLE, SIM_NUM) values(35446, 'B0000808', '中国移动', 1, '预付费', 13100015445);
insert into T_TERMINALINFO (TERMINAL_ID,TTYPE_ID,SIM_ID,TERMINAL_CODE,ORG_CODE,IS_VIDEO_TERMINAL,SP_SERVER_NAME,PROTOCOL_TYPE,CHANNELS,YT_PROTOCOL_TYPE) values(341446, 4, 35446, '1015445', 'B0000808',1,'1076测试服务器','4',8,'0');
insert into V_VEHICLEINFO (ORG_CODE,VEHICLE_ID,ID_NUMBER,TYPE_ID,TERMINAL_ID,DELETE_FLAG,COLOR_ID_NUMBER_ID,AUTHORIZED_PAY_MASS) values ('B0000808','3401446', '测B15445', 4, 341446, 0, '2',15);

insert into T_SIMINFO (SIM_ID, ORG_CODE, DEPTCODE, STATE,PAY_MODLE, SIM_NUM) values(35447, 'B0000808', '中国移动', 1, '预付费', 13100015446);
insert into T_TERMINALINFO (TERMINAL_ID,TTYPE_ID,SIM_ID,TERMINAL_CODE,ORG_CODE,IS_VIDEO_TERMINAL,SP_SERVER_NAME,PROTOCOL_TYPE,CHANNELS,YT_PROTOCOL_TYPE) values(341447, 4, 35447, '1015446', 'B0000808',1,'1076测试服务器','4',8,'0');
insert into V_VEHICLEINFO (ORG_CODE,VEHICLE_ID,ID_NUMBER,TYPE_ID,TERMINAL_ID,DELETE_FLAG,COLOR_ID_NUMBER_ID,AUTHORIZED_PAY_MASS) values ('B0000808','3401447', '测B15446', 4, 341447, 0, '2',15);

insert into T_SIMINFO (SIM_ID, ORG_CODE, DEPTCODE, STATE,PAY_MODLE, SIM_NUM) values(35448, 'B0000808', '中国移动', 1, '预付费', 13100015447);
insert into T_TERMINALINFO (TERMINAL_ID,TTYPE_ID,SIM_ID,TERMINAL_CODE,ORG_CODE,IS_VIDEO_TERMINAL,SP_SERVER_NAME,PROTOCOL_TYPE,CHANNELS,YT_PROTOCOL_TYPE) values(341448, 4, 35448, '1015447', 'B0000808',1,'1076测试服务器','4',8,'0');
insert into V_VEHICLEINFO (ORG_CODE,VEHICLE_ID,ID_NUMBER,TYPE_ID,TERMINAL_ID,DELETE_FLAG,COLOR_ID_NUMBER_ID,AUTHORIZED_PAY_MASS) values ('B0000808','3401448', '测B15447', 4, 341448, 0, '2',15);

insert into T_SIMINFO (SIM_ID, ORG_CODE, DEPTCODE, STATE,PAY_MODLE, SIM_NUM) values(35449, 'B0000808', '中国移动', 1, '预付费', 13100015448);
insert into T_TERMINALINFO (TERMINAL_ID,TTYPE_ID,SIM_ID,TERMINAL_CODE,ORG_CODE,IS_VIDEO_TERMINAL,SP_SERVER_NAME,PROTOCOL_TYPE,CHANNELS,YT_PROTOCOL_TYPE) values(341449, 4, 35449, '1015448', 'B0000808',1,'1076测试服务器','4',8,'0');
insert into V_VEHICLEINFO (ORG_CODE,VEHICLE_ID,ID_NUMBER,TYPE_ID,TERMINAL_ID,DELETE_FLAG,COLOR_ID_NUMBER_ID,AUTHORIZED_PAY_MASS) values ('B0000808','3401449', '测B15448', 4, 341449, 0, '2',15);

insert into T_SIMINFO (SIM_ID, ORG_CODE, DEPTCODE, STATE,PAY_MODLE, SIM_NUM) values(35450, 'B0000808', '中国移动', 1, '预付费', 13100015449);
insert into T_TERMINALINFO (TERMINAL_ID,TTYPE_ID,SIM_ID,TERMINAL_CODE,ORG_CODE,IS_VIDEO_TERMINAL,SP_SERVER_NAME,PROTOCOL_TYPE,CHANNELS,YT_PROTOCOL_TYPE) values(341450, 4, 35450, '1015449', 'B0000808',1,'1076测试服务器','4',8,'0');
insert into V_VEHICLEINFO (ORG_CODE,VEHICLE_ID,ID_NUMBER,TYPE_ID,TERMINAL_ID,DELETE_FLAG,COLOR_ID_NUMBER_ID,AUTHORIZED_PAY_MASS) values ('B0000808','3401450', '测B15449', 4, 341450, 0, '2',15);

insert into T_SIMINFO (SIM_ID, ORG_CODE, DEPTCODE, STATE,PAY_MODLE, SIM_NUM) values(35451, 'B0000808', '中国移动', 1, '预付费', 13100015450);
insert into T_TERMINALINFO (TERMINAL_ID,TTYPE_ID,SIM_ID,TERMINAL_CODE,ORG_CODE,IS_VIDEO_TERMINAL,SP_SERVER_NAME,PROTOCOL_TYPE,CHANNELS,YT_PROTOCOL_TYPE) values(341451, 4, 35451, '1015450', 'B0000808',1,'1076测试服务器','4',8,'0');
insert into V_VEHICLEINFO (ORG_CODE,VEHICLE_ID,ID_NUMBER,TYPE_ID,TERMINAL_ID,DELETE_FLAG,COLOR_ID_NUMBER_ID,AUTHORIZED_PAY_MASS) values ('B0000808','3401451', '测B15450', 4, 341451, 0, '2',15);

insert into T_SIMINFO (SIM_ID, ORG_CODE, DEPTCODE, STATE,PAY_MODLE, SIM_NUM) values(35452, 'B0000808', '中国移动', 1, '预付费', 13100015451);
insert into T_TERMINALINFO (TERMINAL_ID,TTYPE_ID,SIM_ID,TERMINAL_CODE,ORG_CODE,IS_VIDEO_TERMINAL,SP_SERVER_NAME,PROTOCOL_TYPE,CHANNELS,YT_PROTOCOL_TYPE) values(341452, 4, 35452, '1015451', 'B0000808',1,'1076测试服务器','4',8,'0');
insert into V_VEHICLEINFO (ORG_CODE,VEHICLE_ID,ID_NUMBER,TYPE_ID,TERMINAL_ID,DELETE_FLAG,COLOR_ID_NUMBER_ID,AUTHORIZED_PAY_MASS) values ('B0000808','3401452', '测B15451', 4, 341452, 0, '2',15);

insert into T_SIMINFO (SIM_ID, ORG_CODE, DEPTCODE, STATE,PAY_MODLE, SIM_NUM) values(35453, 'B0000808', '中国移动', 1, '预付费', 13100015452);
insert into T_TERMINALINFO (TERMINAL_ID,TTYPE_ID,SIM_ID,TERMINAL_CODE,ORG_CODE,IS_VIDEO_TERMINAL,SP_SERVER_NAME,PROTOCOL_TYPE,CHANNELS,YT_PROTOCOL_TYPE) values(341453, 4, 35453, '1015452', 'B0000808',1,'1076测试服务器','4',8,'0');
insert into V_VEHICLEINFO (ORG_CODE,VEHICLE_ID,ID_NUMBER,TYPE_ID,TERMINAL_ID,DELETE_FLAG,COLOR_ID_NUMBER_ID,AUTHORIZED_PAY_MASS) values ('B0000808','3401453', '测B15452', 4, 341453, 0, '2',15);

insert into T_SIMINFO (SIM_ID, ORG_CODE, DEPTCODE, STATE,PAY_MODLE, SIM_NUM) values(35454, 'B0000808', '中国移动', 1, '预付费', 13100015453);
insert into T_TERMINALINFO (TERMINAL_ID,TTYPE_ID,SIM_ID,TERMINAL_CODE,ORG_CODE,IS_VIDEO_TERMINAL,SP_SERVER_NAME,PROTOCOL_TYPE,CHANNELS,YT_PROTOCOL_TYPE) values(341454, 4, 35454, '1015453', 'B0000808',1,'1076测试服务器','4',8,'0');
insert into V_VEHICLEINFO (ORG_CODE,VEHICLE_ID,ID_NUMBER,TYPE_ID,TERMINAL_ID,DELETE_FLAG,COLOR_ID_NUMBER_ID,AUTHORIZED_PAY_MASS) values ('B0000808','3401454', '测B15453', 4, 341454, 0, '2',15);

insert into T_SIMINFO (SIM_ID, ORG_CODE, DEPTCODE, STATE,PAY_MODLE, SIM_NUM) values(35455, 'B0000808', '中国移动', 1, '预付费', 13100015454);
insert into T_TERMINALINFO (TERMINAL_ID,TTYPE_ID,SIM_ID,TERMINAL_CODE,ORG_CODE,IS_VIDEO_TERMINAL,SP_SERVER_NAME,PROTOCOL_TYPE,CHANNELS,YT_PROTOCOL_TYPE) values(341455, 4, 35455, '1015454', 'B0000808',1,'1076测试服务器','4',8,'0');
insert into V_VEHICLEINFO (ORG_CODE,VEHICLE_ID,ID_NUMBER,TYPE_ID,TERMINAL_ID,DELETE_FLAG,COLOR_ID_NUMBER_ID,AUTHORIZED_PAY_MASS) values ('B0000808','3401455', '测B15454', 4, 341455, 0, '2',15);

insert into T_SIMINFO (SIM_ID, ORG_CODE, DEPTCODE, STATE,PAY_MODLE, SIM_NUM) values(35456, 'B0000808', '中国移动', 1, '预付费', 13100015455);
insert into T_TERMINALINFO (TERMINAL_ID,TTYPE_ID,SIM_ID,TERMINAL_CODE,ORG_CODE,IS_VIDEO_TERMINAL,SP_SERVER_NAME,PROTOCOL_TYPE,CHANNELS,YT_PROTOCOL_TYPE) values(341456, 4, 35456, '1015455', 'B0000808',1,'1076测试服务器','4',8,'0');
insert into V_VEHICLEINFO (ORG_CODE,VEHICLE_ID,ID_NUMBER,TYPE_ID,TERMINAL_ID,DELETE_FLAG,COLOR_ID_NUMBER_ID,AUTHORIZED_PAY_MASS) values ('B0000808','3401456', '测B15455', 4, 341456, 0, '2',15);

insert into T_SIMINFO (SIM_ID, ORG_CODE, DEPTCODE, STATE,PAY_MODLE, SIM_NUM) values(35457, 'B0000808', '中国移动', 1, '预付费', 13100015456);
insert into T_TERMINALINFO (TERMINAL_ID,TTYPE_ID,SIM_ID,TERMINAL_CODE,ORG_CODE,IS_VIDEO_TERMINAL,SP_SERVER_NAME,PROTOCOL_TYPE,CHANNELS,YT_PROTOCOL_TYPE) values(341457, 4, 35457, '1015456', 'B0000808',1,'1076测试服务器','4',8,'0');
insert into V_VEHICLEINFO (ORG_CODE,VEHICLE_ID,ID_NUMBER,TYPE_ID,TERMINAL_ID,DELETE_FLAG,COLOR_ID_NUMBER_ID,AUTHORIZED_PAY_MASS) values ('B0000808','3401457', '测B15456', 4, 341457, 0, '2',15);

insert into T_SIMINFO (SIM_ID, ORG_CODE, DEPTCODE, STATE,PAY_MODLE, SIM_NUM) values(35458, 'B0000808', '中国移动', 1, '预付费', 13100015457);
insert into T_TERMINALINFO (TERMINAL_ID,TTYPE_ID,SIM_ID,TERMINAL_CODE,ORG_CODE,IS_VIDEO_TERMINAL,SP_SERVER_NAME,PROTOCOL_TYPE,CHANNELS,YT_PROTOCOL_TYPE) values(341458, 4, 35458, '1015457', 'B0000808',1,'1076测试服务器','4',8,'0');
insert into V_VEHICLEINFO (ORG_CODE,VEHICLE_ID,ID_NUMBER,TYPE_ID,TERMINAL_ID,DELETE_FLAG,COLOR_ID_NUMBER_ID,AUTHORIZED_PAY_MASS) values ('B0000808','3401458', '测B15457', 4, 341458, 0, '2',15);

insert into T_SIMINFO (SIM_ID, ORG_CODE, DEPTCODE, STATE,PAY_MODLE, SIM_NUM) values(35459, 'B0000808', '中国移动', 1, '预付费', 13100015458);
insert into T_TERMINALINFO (TERMINAL_ID,TTYPE_ID,SIM_ID,TERMINAL_CODE,ORG_CODE,IS_VIDEO_TERMINAL,SP_SERVER_NAME,PROTOCOL_TYPE,CHANNELS,YT_PROTOCOL_TYPE) values(341459, 4, 35459, '1015458', 'B0000808',1,'1076测试服务器','4',8,'0');
insert into V_VEHICLEINFO (ORG_CODE,VEHICLE_ID,ID_NUMBER,TYPE_ID,TERMINAL_ID,DELETE_FLAG,COLOR_ID_NUMBER_ID,AUTHORIZED_PAY_MASS) values ('B0000808','3401459', '测B15458', 4, 341459, 0, '2',15);

insert into T_SIMINFO (SIM_ID, ORG_CODE, DEPTCODE, STATE,PAY_MODLE, SIM_NUM) values(35460, 'B0000808', '中国移动', 1, '预付费', 13100015459);
insert into T_TERMINALINFO (TERMINAL_ID,TTYPE_ID,SIM_ID,TERMINAL_CODE,ORG_CODE,IS_VIDEO_TERMINAL,SP_SERVER_NAME,PROTOCOL_TYPE,CHANNELS,YT_PROTOCOL_TYPE) values(341460, 4, 35460, '1015459', 'B0000808',1,'1076测试服务器','4',8,'0');
insert into V_VEHICLEINFO (ORG_CODE,VEHICLE_ID,ID_NUMBER,TYPE_ID,TERMINAL_ID,DELETE_FLAG,COLOR_ID_NUMBER_ID,AUTHORIZED_PAY_MASS) values ('B0000808','3401460', '测B15459', 4, 341460, 0, '2',15);

insert into T_SIMINFO (SIM_ID, ORG_CODE, DEPTCODE, STATE,PAY_MODLE, SIM_NUM) values(35461, 'B0000808', '中国移动', 1, '预付费', 13100015460);
insert into T_TERMINALINFO (TERMINAL_ID,TTYPE_ID,SIM_ID,TERMINAL_CODE,ORG_CODE,IS_VIDEO_TERMINAL,SP_SERVER_NAME,PROTOCOL_TYPE,CHANNELS,YT_PROTOCOL_TYPE) values(341461, 4, 35461, '1015460', 'B0000808',1,'1076测试服务器','4',8,'0');
insert into V_VEHICLEINFO (ORG_CODE,VEHICLE_ID,ID_NUMBER,TYPE_ID,TERMINAL_ID,DELETE_FLAG,COLOR_ID_NUMBER_ID,AUTHORIZED_PAY_MASS) values ('B0000808','3401461', '测B15460', 4, 341461, 0, '2',15);

insert into T_SIMINFO (SIM_ID, ORG_CODE, DEPTCODE, STATE,PAY_MODLE, SIM_NUM) values(35462, 'B0000808', '中国移动', 1, '预付费', 13100015461);
insert into T_TERMINALINFO (TERMINAL_ID,TTYPE_ID,SIM_ID,TERMINAL_CODE,ORG_CODE,IS_VIDEO_TERMINAL,SP_SERVER_NAME,PROTOCOL_TYPE,CHANNELS,YT_PROTOCOL_TYPE) values(341462, 4, 35462, '1015461', 'B0000808',1,'1076测试服务器','4',8,'0');
insert into V_VEHICLEINFO (ORG_CODE,VEHICLE_ID,ID_NUMBER,TYPE_ID,TERMINAL_ID,DELETE_FLAG,COLOR_ID_NUMBER_ID,AUTHORIZED_PAY_MASS) values ('B0000808','3401462', '测B15461', 4, 341462, 0, '2',15);

insert into T_SIMINFO (SIM_ID, ORG_CODE, DEPTCODE, STATE,PAY_MODLE, SIM_NUM) values(35463, 'B0000808', '中国移动', 1, '预付费', 13100015462);
insert into T_TERMINALINFO (TERMINAL_ID,TTYPE_ID,SIM_ID,TERMINAL_CODE,ORG_CODE,IS_VIDEO_TERMINAL,SP_SERVER_NAME,PROTOCOL_TYPE,CHANNELS,YT_PROTOCOL_TYPE) values(341463, 4, 35463, '1015462', 'B0000808',1,'1076测试服务器','4',8,'0');
insert into V_VEHICLEINFO (ORG_CODE,VEHICLE_ID,ID_NUMBER,TYPE_ID,TERMINAL_ID,DELETE_FLAG,COLOR_ID_NUMBER_ID,AUTHORIZED_PAY_MASS) values ('B0000808','3401463', '测B15462', 4, 341463, 0, '2',15);

insert into T_SIMINFO (SIM_ID, ORG_CODE, DEPTCODE, STATE,PAY_MODLE, SIM_NUM) values(35464, 'B0000808', '中国移动', 1, '预付费', 13100015463);
insert into T_TERMINALINFO (TERMINAL_ID,TTYPE_ID,SIM_ID,TERMINAL_CODE,ORG_CODE,IS_VIDEO_TERMINAL,SP_SERVER_NAME,PROTOCOL_TYPE,CHANNELS,YT_PROTOCOL_TYPE) values(341464, 4, 35464, '1015463', 'B0000808',1,'1076测试服务器','4',8,'0');
insert into V_VEHICLEINFO (ORG_CODE,VEHICLE_ID,ID_NUMBER,TYPE_ID,TERMINAL_ID,DELETE_FLAG,COLOR_ID_NUMBER_ID,AUTHORIZED_PAY_MASS) values ('B0000808','3401464', '测B15463', 4, 341464, 0, '2',15);

insert into T_SIMINFO (SIM_ID, ORG_CODE, DEPTCODE, STATE,PAY_MODLE, SIM_NUM) values(35465, 'B0000808', '中国移动', 1, '预付费', 13100015464);
insert into T_TERMINALINFO (TERMINAL_ID,TTYPE_ID,SIM_ID,TERMINAL_CODE,ORG_CODE,IS_VIDEO_TERMINAL,SP_SERVER_NAME,PROTOCOL_TYPE,CHANNELS,YT_PROTOCOL_TYPE) values(341465, 4, 35465, '1015464', 'B0000808',1,'1076测试服务器','4',8,'0');
insert into V_VEHICLEINFO (ORG_CODE,VEHICLE_ID,ID_NUMBER,TYPE_ID,TERMINAL_ID,DELETE_FLAG,COLOR_ID_NUMBER_ID,AUTHORIZED_PAY_MASS) values ('B0000808','3401465', '测B15464', 4, 341465, 0, '2',15);

insert into T_SIMINFO (SIM_ID, ORG_CODE, DEPTCODE, STATE,PAY_MODLE, SIM_NUM) values(35466, 'B0000808', '中国移动', 1, '预付费', 13100015465);
insert into T_TERMINALINFO (TERMINAL_ID,TTYPE_ID,SIM_ID,TERMINAL_CODE,ORG_CODE,IS_VIDEO_TERMINAL,SP_SERVER_NAME,PROTOCOL_TYPE,CHANNELS,YT_PROTOCOL_TYPE) values(341466, 4, 35466, '1015465', 'B0000808',1,'1076测试服务器','4',8,'0');
insert into V_VEHICLEINFO (ORG_CODE,VEHICLE_ID,ID_NUMBER,TYPE_ID,TERMINAL_ID,DELETE_FLAG,COLOR_ID_NUMBER_ID,AUTHORIZED_PAY_MASS) values ('B0000808','3401466', '测B15465', 4, 341466, 0, '2',15);

insert into T_SIMINFO (SIM_ID, ORG_CODE, DEPTCODE, STATE,PAY_MODLE, SIM_NUM) values(35467, 'B0000808', '中国移动', 1, '预付费', 13100015466);
insert into T_TERMINALINFO (TERMINAL_ID,TTYPE_ID,SIM_ID,TERMINAL_CODE,ORG_CODE,IS_VIDEO_TERMINAL,SP_SERVER_NAME,PROTOCOL_TYPE,CHANNELS,YT_PROTOCOL_TYPE) values(341467, 4, 35467, '1015466', 'B0000808',1,'1076测试服务器','4',8,'0');
insert into V_VEHICLEINFO (ORG_CODE,VEHICLE_ID,ID_NUMBER,TYPE_ID,TERMINAL_ID,DELETE_FLAG,COLOR_ID_NUMBER_ID,AUTHORIZED_PAY_MASS) values ('B0000808','3401467', '测B15466', 4, 341467, 0, '2',15);

insert into T_SIMINFO (SIM_ID, ORG_CODE, DEPTCODE, STATE,PAY_MODLE, SIM_NUM) values(35468, 'B0000808', '中国移动', 1, '预付费', 13100015467);
insert into T_TERMINALINFO (TERMINAL_ID,TTYPE_ID,SIM_ID,TERMINAL_CODE,ORG_CODE,IS_VIDEO_TERMINAL,SP_SERVER_NAME,PROTOCOL_TYPE,CHANNELS,YT_PROTOCOL_TYPE) values(341468, 4, 35468, '1015467', 'B0000808',1,'1076测试服务器','4',8,'0');
insert into V_VEHICLEINFO (ORG_CODE,VEHICLE_ID,ID_NUMBER,TYPE_ID,TERMINAL_ID,DELETE_FLAG,COLOR_ID_NUMBER_ID,AUTHORIZED_PAY_MASS) values ('B0000808','3401468', '测B15467', 4, 341468, 0, '2',15);

insert into T_SIMINFO (SIM_ID, ORG_CODE, DEPTCODE, STATE,PAY_MODLE, SIM_NUM) values(35469, 'B0000808', '中国移动', 1, '预付费', 13100015468);
insert into T_TERMINALINFO (TERMINAL_ID,TTYPE_ID,SIM_ID,TERMINAL_CODE,ORG_CODE,IS_VIDEO_TERMINAL,SP_SERVER_NAME,PROTOCOL_TYPE,CHANNELS,YT_PROTOCOL_TYPE) values(341469, 4, 35469, '1015468', 'B0000808',1,'1076测试服务器','4',8,'0');
insert into V_VEHICLEINFO (ORG_CODE,VEHICLE_ID,ID_NUMBER,TYPE_ID,TERMINAL_ID,DELETE_FLAG,COLOR_ID_NUMBER_ID,AUTHORIZED_PAY_MASS) values ('B0000808','3401469', '测B15468', 4, 341469, 0, '2',15);

insert into T_SIMINFO (SIM_ID, ORG_CODE, DEPTCODE, STATE,PAY_MODLE, SIM_NUM) values(35470, 'B0000808', '中国移动', 1, '预付费', 13100015469);
insert into T_TERMINALINFO (TERMINAL_ID,TTYPE_ID,SIM_ID,TERMINAL_CODE,ORG_CODE,IS_VIDEO_TERMINAL,SP_SERVER_NAME,PROTOCOL_TYPE,CHANNELS,YT_PROTOCOL_TYPE) values(341470, 4, 35470, '1015469', 'B0000808',1,'1076测试服务器','4',8,'0');
insert into V_VEHICLEINFO (ORG_CODE,VEHICLE_ID,ID_NUMBER,TYPE_ID,TERMINAL_ID,DELETE_FLAG,COLOR_ID_NUMBER_ID,AUTHORIZED_PAY_MASS) values ('B0000808','3401470', '测B15469', 4, 341470, 0, '2',15);

insert into T_SIMINFO (SIM_ID, ORG_CODE, DEPTCODE, STATE,PAY_MODLE, SIM_NUM) values(35471, 'B0000808', '中国移动', 1, '预付费', 13100015470);
insert into T_TERMINALINFO (TERMINAL_ID,TTYPE_ID,SIM_ID,TERMINAL_CODE,ORG_CODE,IS_VIDEO_TERMINAL,SP_SERVER_NAME,PROTOCOL_TYPE,CHANNELS,YT_PROTOCOL_TYPE) values(341471, 4, 35471, '1015470', 'B0000808',1,'1076测试服务器','4',8,'0');
insert into V_VEHICLEINFO (ORG_CODE,VEHICLE_ID,ID_NUMBER,TYPE_ID,TERMINAL_ID,DELETE_FLAG,COLOR_ID_NUMBER_ID,AUTHORIZED_PAY_MASS) values ('B0000808','3401471', '测B15470', 4, 341471, 0, '2',15);

insert into T_SIMINFO (SIM_ID, ORG_CODE, DEPTCODE, STATE,PAY_MODLE, SIM_NUM) values(35472, 'B0000808', '中国移动', 1, '预付费', 13100015471);
insert into T_TERMINALINFO (TERMINAL_ID,TTYPE_ID,SIM_ID,TERMINAL_CODE,ORG_CODE,IS_VIDEO_TERMINAL,SP_SERVER_NAME,PROTOCOL_TYPE,CHANNELS,YT_PROTOCOL_TYPE) values(341472, 4, 35472, '1015471', 'B0000808',1,'1076测试服务器','4',8,'0');
insert into V_VEHICLEINFO (ORG_CODE,VEHICLE_ID,ID_NUMBER,TYPE_ID,TERMINAL_ID,DELETE_FLAG,COLOR_ID_NUMBER_ID,AUTHORIZED_PAY_MASS) values ('B0000808','3401472', '测B15471', 4, 341472, 0, '2',15);

insert into T_SIMINFO (SIM_ID, ORG_CODE, DEPTCODE, STATE,PAY_MODLE, SIM_NUM) values(35473, 'B0000808', '中国移动', 1, '预付费', 13100015472);
insert into T_TERMINALINFO (TERMINAL_ID,TTYPE_ID,SIM_ID,TERMINAL_CODE,ORG_CODE,IS_VIDEO_TERMINAL,SP_SERVER_NAME,PROTOCOL_TYPE,CHANNELS,YT_PROTOCOL_TYPE) values(341473, 4, 35473, '1015472', 'B0000808',1,'1076测试服务器','4',8,'0');
insert into V_VEHICLEINFO (ORG_CODE,VEHICLE_ID,ID_NUMBER,TYPE_ID,TERMINAL_ID,DELETE_FLAG,COLOR_ID_NUMBER_ID,AUTHORIZED_PAY_MASS) values ('B0000808','3401473', '测B15472', 4, 341473, 0, '2',15);

insert into T_SIMINFO (SIM_ID, ORG_CODE, DEPTCODE, STATE,PAY_MODLE, SIM_NUM) values(35474, 'B0000808', '中国移动', 1, '预付费', 13100015473);
insert into T_TERMINALINFO (TERMINAL_ID,TTYPE_ID,SIM_ID,TERMINAL_CODE,ORG_CODE,IS_VIDEO_TERMINAL,SP_SERVER_NAME,PROTOCOL_TYPE,CHANNELS,YT_PROTOCOL_TYPE) values(341474, 4, 35474, '1015473', 'B0000808',1,'1076测试服务器','4',8,'0');
insert into V_VEHICLEINFO (ORG_CODE,VEHICLE_ID,ID_NUMBER,TYPE_ID,TERMINAL_ID,DELETE_FLAG,COLOR_ID_NUMBER_ID,AUTHORIZED_PAY_MASS) values ('B0000808','3401474', '测B15473', 4, 341474, 0, '2',15);

insert into T_SIMINFO (SIM_ID, ORG_CODE, DEPTCODE, STATE,PAY_MODLE, SIM_NUM) values(35475, 'B0000808', '中国移动', 1, '预付费', 13100015474);
insert into T_TERMINALINFO (TERMINAL_ID,TTYPE_ID,SIM_ID,TERMINAL_CODE,ORG_CODE,IS_VIDEO_TERMINAL,SP_SERVER_NAME,PROTOCOL_TYPE,CHANNELS,YT_PROTOCOL_TYPE) values(341475, 4, 35475, '1015474', 'B0000808',1,'1076测试服务器','4',8,'0');
insert into V_VEHICLEINFO (ORG_CODE,VEHICLE_ID,ID_NUMBER,TYPE_ID,TERMINAL_ID,DELETE_FLAG,COLOR_ID_NUMBER_ID,AUTHORIZED_PAY_MASS) values ('B0000808','3401475', '测B15474', 4, 341475, 0, '2',15);

insert into T_SIMINFO (SIM_ID, ORG_CODE, DEPTCODE, STATE,PAY_MODLE, SIM_NUM) values(35476, 'B0000808', '中国移动', 1, '预付费', 13100015475);
insert into T_TERMINALINFO (TERMINAL_ID,TTYPE_ID,SIM_ID,TERMINAL_CODE,ORG_CODE,IS_VIDEO_TERMINAL,SP_SERVER_NAME,PROTOCOL_TYPE,CHANNELS,YT_PROTOCOL_TYPE) values(341476, 4, 35476, '1015475', 'B0000808',1,'1076测试服务器','4',8,'0');
insert into V_VEHICLEINFO (ORG_CODE,VEHICLE_ID,ID_NUMBER,TYPE_ID,TERMINAL_ID,DELETE_FLAG,COLOR_ID_NUMBER_ID,AUTHORIZED_PAY_MASS) values ('B0000808','3401476', '测B15475', 4, 341476, 0, '2',15);

insert into T_SIMINFO (SIM_ID, ORG_CODE, DEPTCODE, STATE,PAY_MODLE, SIM_NUM) values(35477, 'B0000808', '中国移动', 1, '预付费', 13100015476);
insert into T_TERMINALINFO (TERMINAL_ID,TTYPE_ID,SIM_ID,TERMINAL_CODE,ORG_CODE,IS_VIDEO_TERMINAL,SP_SERVER_NAME,PROTOCOL_TYPE,CHANNELS,YT_PROTOCOL_TYPE) values(341477, 4, 35477, '1015476', 'B0000808',1,'1076测试服务器','4',8,'0');
insert into V_VEHICLEINFO (ORG_CODE,VEHICLE_ID,ID_NUMBER,TYPE_ID,TERMINAL_ID,DELETE_FLAG,COLOR_ID_NUMBER_ID,AUTHORIZED_PAY_MASS) values ('B0000808','3401477', '测B15476', 4, 341477, 0, '2',15);

insert into T_SIMINFO (SIM_ID, ORG_CODE, DEPTCODE, STATE,PAY_MODLE, SIM_NUM) values(35478, 'B0000808', '中国移动', 1, '预付费', 13100015477);
insert into T_TERMINALINFO (TERMINAL_ID,TTYPE_ID,SIM_ID,TERMINAL_CODE,ORG_CODE,IS_VIDEO_TERMINAL,SP_SERVER_NAME,PROTOCOL_TYPE,CHANNELS,YT_PROTOCOL_TYPE) values(341478, 4, 35478, '1015477', 'B0000808',1,'1076测试服务器','4',8,'0');
insert into V_VEHICLEINFO (ORG_CODE,VEHICLE_ID,ID_NUMBER,TYPE_ID,TERMINAL_ID,DELETE_FLAG,COLOR_ID_NUMBER_ID,AUTHORIZED_PAY_MASS) values ('B0000808','3401478', '测B15477', 4, 341478, 0, '2',15);

insert into T_SIMINFO (SIM_ID, ORG_CODE, DEPTCODE, STATE,PAY_MODLE, SIM_NUM) values(35479, 'B0000808', '中国移动', 1, '预付费', 13100015478);
insert into T_TERMINALINFO (TERMINAL_ID,TTYPE_ID,SIM_ID,TERMINAL_CODE,ORG_CODE,IS_VIDEO_TERMINAL,SP_SERVER_NAME,PROTOCOL_TYPE,CHANNELS,YT_PROTOCOL_TYPE) values(341479, 4, 35479, '1015478', 'B0000808',1,'1076测试服务器','4',8,'0');
insert into V_VEHICLEINFO (ORG_CODE,VEHICLE_ID,ID_NUMBER,TYPE_ID,TERMINAL_ID,DELETE_FLAG,COLOR_ID_NUMBER_ID,AUTHORIZED_PAY_MASS) values ('B0000808','3401479', '测B15478', 4, 341479, 0, '2',15);

insert into T_SIMINFO (SIM_ID, ORG_CODE, DEPTCODE, STATE,PAY_MODLE, SIM_NUM) values(35480, 'B0000808', '中国移动', 1, '预付费', 13100015479);
insert into T_TERMINALINFO (TERMINAL_ID,TTYPE_ID,SIM_ID,TERMINAL_CODE,ORG_CODE,IS_VIDEO_TERMINAL,SP_SERVER_NAME,PROTOCOL_TYPE,CHANNELS,YT_PROTOCOL_TYPE) values(341480, 4, 35480, '1015479', 'B0000808',1,'1076测试服务器','4',8,'0');
insert into V_VEHICLEINFO (ORG_CODE,VEHICLE_ID,ID_NUMBER,TYPE_ID,TERMINAL_ID,DELETE_FLAG,COLOR_ID_NUMBER_ID,AUTHORIZED_PAY_MASS) values ('B0000808','3401480', '测B15479', 4, 341480, 0, '2',15);

insert into T_SIMINFO (SIM_ID, ORG_CODE, DEPTCODE, STATE,PAY_MODLE, SIM_NUM) values(35481, 'B0000808', '中国移动', 1, '预付费', 13100015480);
insert into T_TERMINALINFO (TERMINAL_ID,TTYPE_ID,SIM_ID,TERMINAL_CODE,ORG_CODE,IS_VIDEO_TERMINAL,SP_SERVER_NAME,PROTOCOL_TYPE,CHANNELS,YT_PROTOCOL_TYPE) values(341481, 4, 35481, '1015480', 'B0000808',1,'1076测试服务器','4',8,'0');
insert into V_VEHICLEINFO (ORG_CODE,VEHICLE_ID,ID_NUMBER,TYPE_ID,TERMINAL_ID,DELETE_FLAG,COLOR_ID_NUMBER_ID,AUTHORIZED_PAY_MASS) values ('B0000808','3401481', '测B15480', 4, 341481, 0, '2',15);

insert into T_SIMINFO (SIM_ID, ORG_CODE, DEPTCODE, STATE,PAY_MODLE, SIM_NUM) values(35482, 'B0000808', '中国移动', 1, '预付费', 13100015481);
insert into T_TERMINALINFO (TERMINAL_ID,TTYPE_ID,SIM_ID,TERMINAL_CODE,ORG_CODE,IS_VIDEO_TERMINAL,SP_SERVER_NAME,PROTOCOL_TYPE,CHANNELS,YT_PROTOCOL_TYPE) values(341482, 4, 35482, '1015481', 'B0000808',1,'1076测试服务器','4',8,'0');
insert into V_VEHICLEINFO (ORG_CODE,VEHICLE_ID,ID_NUMBER,TYPE_ID,TERMINAL_ID,DELETE_FLAG,COLOR_ID_NUMBER_ID,AUTHORIZED_PAY_MASS) values ('B0000808','3401482', '测B15481', 4, 341482, 0, '2',15);

insert into T_SIMINFO (SIM_ID, ORG_CODE, DEPTCODE, STATE,PAY_MODLE, SIM_NUM) values(35483, 'B0000808', '中国移动', 1, '预付费', 13100015482);
insert into T_TERMINALINFO (TERMINAL_ID,TTYPE_ID,SIM_ID,TERMINAL_CODE,ORG_CODE,IS_VIDEO_TERMINAL,SP_SERVER_NAME,PROTOCOL_TYPE,CHANNELS,YT_PROTOCOL_TYPE) values(341483, 4, 35483, '1015482', 'B0000808',1,'1076测试服务器','4',8,'0');
insert into V_VEHICLEINFO (ORG_CODE,VEHICLE_ID,ID_NUMBER,TYPE_ID,TERMINAL_ID,DELETE_FLAG,COLOR_ID_NUMBER_ID,AUTHORIZED_PAY_MASS) values ('B0000808','3401483', '测B15482', 4, 341483, 0, '2',15);

insert into T_SIMINFO (SIM_ID, ORG_CODE, DEPTCODE, STATE,PAY_MODLE, SIM_NUM) values(35484, 'B0000808', '中国移动', 1, '预付费', 13100015483);
insert into T_TERMINALINFO (TERMINAL_ID,TTYPE_ID,SIM_ID,TERMINAL_CODE,ORG_CODE,IS_VIDEO_TERMINAL,SP_SERVER_NAME,PROTOCOL_TYPE,CHANNELS,YT_PROTOCOL_TYPE) values(341484, 4, 35484, '1015483', 'B0000808',1,'1076测试服务器','4',8,'0');
insert into V_VEHICLEINFO (ORG_CODE,VEHICLE_ID,ID_NUMBER,TYPE_ID,TERMINAL_ID,DELETE_FLAG,COLOR_ID_NUMBER_ID,AUTHORIZED_PAY_MASS) values ('B0000808','3401484', '测B15483', 4, 341484, 0, '2',15);

insert into T_SIMINFO (SIM_ID, ORG_CODE, DEPTCODE, STATE,PAY_MODLE, SIM_NUM) values(35485, 'B0000808', '中国移动', 1, '预付费', 13100015484);
insert into T_TERMINALINFO (TERMINAL_ID,TTYPE_ID,SIM_ID,TERMINAL_CODE,ORG_CODE,IS_VIDEO_TERMINAL,SP_SERVER_NAME,PROTOCOL_TYPE,CHANNELS,YT_PROTOCOL_TYPE) values(341485, 4, 35485, '1015484', 'B0000808',1,'1076测试服务器','4',8,'0');
insert into V_VEHICLEINFO (ORG_CODE,VEHICLE_ID,ID_NUMBER,TYPE_ID,TERMINAL_ID,DELETE_FLAG,COLOR_ID_NUMBER_ID,AUTHORIZED_PAY_MASS) values ('B0000808','3401485', '测B15484', 4, 341485, 0, '2',15);

insert into T_SIMINFO (SIM_ID, ORG_CODE, DEPTCODE, STATE,PAY_MODLE, SIM_NUM) values(35486, 'B0000808', '中国移动', 1, '预付费', 13100015485);
insert into T_TERMINALINFO (TERMINAL_ID,TTYPE_ID,SIM_ID,TERMINAL_CODE,ORG_CODE,IS_VIDEO_TERMINAL,SP_SERVER_NAME,PROTOCOL_TYPE,CHANNELS,YT_PROTOCOL_TYPE) values(341486, 4, 35486, '1015485', 'B0000808',1,'1076测试服务器','4',8,'0');
insert into V_VEHICLEINFO (ORG_CODE,VEHICLE_ID,ID_NUMBER,TYPE_ID,TERMINAL_ID,DELETE_FLAG,COLOR_ID_NUMBER_ID,AUTHORIZED_PAY_MASS) values ('B0000808','3401486', '测B15485', 4, 341486, 0, '2',15);

insert into T_SIMINFO (SIM_ID, ORG_CODE, DEPTCODE, STATE,PAY_MODLE, SIM_NUM) values(35487, 'B0000808', '中国移动', 1, '预付费', 13100015486);
insert into T_TERMINALINFO (TERMINAL_ID,TTYPE_ID,SIM_ID,TERMINAL_CODE,ORG_CODE,IS_VIDEO_TERMINAL,SP_SERVER_NAME,PROTOCOL_TYPE,CHANNELS,YT_PROTOCOL_TYPE) values(341487, 4, 35487, '1015486', 'B0000808',1,'1076测试服务器','4',8,'0');
insert into V_VEHICLEINFO (ORG_CODE,VEHICLE_ID,ID_NUMBER,TYPE_ID,TERMINAL_ID,DELETE_FLAG,COLOR_ID_NUMBER_ID,AUTHORIZED_PAY_MASS) values ('B0000808','3401487', '测B15486', 4, 341487, 0, '2',15);

insert into T_SIMINFO (SIM_ID, ORG_CODE, DEPTCODE, STATE,PAY_MODLE, SIM_NUM) values(35488, 'B0000808', '中国移动', 1, '预付费', 13100015487);
insert into T_TERMINALINFO (TERMINAL_ID,TTYPE_ID,SIM_ID,TERMINAL_CODE,ORG_CODE,IS_VIDEO_TERMINAL,SP_SERVER_NAME,PROTOCOL_TYPE,CHANNELS,YT_PROTOCOL_TYPE) values(341488, 4, 35488, '1015487', 'B0000808',1,'1076测试服务器','4',8,'0');
insert into V_VEHICLEINFO (ORG_CODE,VEHICLE_ID,ID_NUMBER,TYPE_ID,TERMINAL_ID,DELETE_FLAG,COLOR_ID_NUMBER_ID,AUTHORIZED_PAY_MASS) values ('B0000808','3401488', '测B15487', 4, 341488, 0, '2',15);

insert into T_SIMINFO (SIM_ID, ORG_CODE, DEPTCODE, STATE,PAY_MODLE, SIM_NUM) values(35489, 'B0000808', '中国移动', 1, '预付费', 13100015488);
insert into T_TERMINALINFO (TERMINAL_ID,TTYPE_ID,SIM_ID,TERMINAL_CODE,ORG_CODE,IS_VIDEO_TERMINAL,SP_SERVER_NAME,PROTOCOL_TYPE,CHANNELS,YT_PROTOCOL_TYPE) values(341489, 4, 35489, '1015488', 'B0000808',1,'1076测试服务器','4',8,'0');
insert into V_VEHICLEINFO (ORG_CODE,VEHICLE_ID,ID_NUMBER,TYPE_ID,TERMINAL_ID,DELETE_FLAG,COLOR_ID_NUMBER_ID,AUTHORIZED_PAY_MASS) values ('B0000808','3401489', '测B15488', 4, 341489, 0, '2',15);

insert into T_SIMINFO (SIM_ID, ORG_CODE, DEPTCODE, STATE,PAY_MODLE, SIM_NUM) values(35490, 'B0000808', '中国移动', 1, '预付费', 13100015489);
insert into T_TERMINALINFO (TERMINAL_ID,TTYPE_ID,SIM_ID,TERMINAL_CODE,ORG_CODE,IS_VIDEO_TERMINAL,SP_SERVER_NAME,PROTOCOL_TYPE,CHANNELS,YT_PROTOCOL_TYPE) values(341490, 4, 35490, '1015489', 'B0000808',1,'1076测试服务器','4',8,'0');
insert into V_VEHICLEINFO (ORG_CODE,VEHICLE_ID,ID_NUMBER,TYPE_ID,TERMINAL_ID,DELETE_FLAG,COLOR_ID_NUMBER_ID,AUTHORIZED_PAY_MASS) values ('B0000808','3401490', '测B15489', 4, 341490, 0, '2',15);

insert into T_SIMINFO (SIM_ID, ORG_CODE, DEPTCODE, STATE,PAY_MODLE, SIM_NUM) values(35491, 'B0000808', '中国移动', 1, '预付费', 13100015490);
insert into T_TERMINALINFO (TERMINAL_ID,TTYPE_ID,SIM_ID,TERMINAL_CODE,ORG_CODE,IS_VIDEO_TERMINAL,SP_SERVER_NAME,PROTOCOL_TYPE,CHANNELS,YT_PROTOCOL_TYPE) values(341491, 4, 35491, '1015490', 'B0000808',1,'1076测试服务器','4',8,'0');
insert into V_VEHICLEINFO (ORG_CODE,VEHICLE_ID,ID_NUMBER,TYPE_ID,TERMINAL_ID,DELETE_FLAG,COLOR_ID_NUMBER_ID,AUTHORIZED_PAY_MASS) values ('B0000808','3401491', '测B15490', 4, 341491, 0, '2',15);

insert into T_SIMINFO (SIM_ID, ORG_CODE, DEPTCODE, STATE,PAY_MODLE, SIM_NUM) values(35492, 'B0000808', '中国移动', 1, '预付费', 13100015491);
insert into T_TERMINALINFO (TERMINAL_ID,TTYPE_ID,SIM_ID,TERMINAL_CODE,ORG_CODE,IS_VIDEO_TERMINAL,SP_SERVER_NAME,PROTOCOL_TYPE,CHANNELS,YT_PROTOCOL_TYPE) values(341492, 4, 35492, '1015491', 'B0000808',1,'1076测试服务器','4',8,'0');
insert into V_VEHICLEINFO (ORG_CODE,VEHICLE_ID,ID_NUMBER,TYPE_ID,TERMINAL_ID,DELETE_FLAG,COLOR_ID_NUMBER_ID,AUTHORIZED_PAY_MASS) values ('B0000808','3401492', '测B15491', 4, 341492, 0, '2',15);

insert into T_SIMINFO (SIM_ID, ORG_CODE, DEPTCODE, STATE,PAY_MODLE, SIM_NUM) values(35493, 'B0000808', '中国移动', 1, '预付费', 13100015492);
insert into T_TERMINALINFO (TERMINAL_ID,TTYPE_ID,SIM_ID,TERMINAL_CODE,ORG_CODE,IS_VIDEO_TERMINAL,SP_SERVER_NAME,PROTOCOL_TYPE,CHANNELS,YT_PROTOCOL_TYPE) values(341493, 4, 35493, '1015492', 'B0000808',1,'1076测试服务器','4',8,'0');
insert into V_VEHICLEINFO (ORG_CODE,VEHICLE_ID,ID_NUMBER,TYPE_ID,TERMINAL_ID,DELETE_FLAG,COLOR_ID_NUMBER_ID,AUTHORIZED_PAY_MASS) values ('B0000808','3401493', '测B15492', 4, 341493, 0, '2',15);

insert into T_SIMINFO (SIM_ID, ORG_CODE, DEPTCODE, STATE,PAY_MODLE, SIM_NUM) values(35494, 'B0000808', '中国移动', 1, '预付费', 13100015493);
insert into T_TERMINALINFO (TERMINAL_ID,TTYPE_ID,SIM_ID,TERMINAL_CODE,ORG_CODE,IS_VIDEO_TERMINAL,SP_SERVER_NAME,PROTOCOL_TYPE,CHANNELS,YT_PROTOCOL_TYPE) values(341494, 4, 35494, '1015493', 'B0000808',1,'1076测试服务器','4',8,'0');
insert into V_VEHICLEINFO (ORG_CODE,VEHICLE_ID,ID_NUMBER,TYPE_ID,TERMINAL_ID,DELETE_FLAG,COLOR_ID_NUMBER_ID,AUTHORIZED_PAY_MASS) values ('B0000808','3401494', '测B15493', 4, 341494, 0, '2',15);

insert into T_SIMINFO (SIM_ID, ORG_CODE, DEPTCODE, STATE,PAY_MODLE, SIM_NUM) values(35495, 'B0000808', '中国移动', 1, '预付费', 13100015494);
insert into T_TERMINALINFO (TERMINAL_ID,TTYPE_ID,SIM_ID,TERMINAL_CODE,ORG_CODE,IS_VIDEO_TERMINAL,SP_SERVER_NAME,PROTOCOL_TYPE,CHANNELS,YT_PROTOCOL_TYPE) values(341495, 4, 35495, '1015494', 'B0000808',1,'1076测试服务器','4',8,'0');
insert into V_VEHICLEINFO (ORG_CODE,VEHICLE_ID,ID_NUMBER,TYPE_ID,TERMINAL_ID,DELETE_FLAG,COLOR_ID_NUMBER_ID,AUTHORIZED_PAY_MASS) values ('B0000808','3401495', '测B15494', 4, 341495, 0, '2',15);

insert into T_SIMINFO (SIM_ID, ORG_CODE, DEPTCODE, STATE,PAY_MODLE, SIM_NUM) values(35496, 'B0000808', '中国移动', 1, '预付费', 13100015495);
insert into T_TERMINALINFO (TERMINAL_ID,TTYPE_ID,SIM_ID,TERMINAL_CODE,ORG_CODE,IS_VIDEO_TERMINAL,SP_SERVER_NAME,PROTOCOL_TYPE,CHANNELS,YT_PROTOCOL_TYPE) values(341496, 4, 35496, '1015495', 'B0000808',1,'1076测试服务器','4',8,'0');
insert into V_VEHICLEINFO (ORG_CODE,VEHICLE_ID,ID_NUMBER,TYPE_ID,TERMINAL_ID,DELETE_FLAG,COLOR_ID_NUMBER_ID,AUTHORIZED_PAY_MASS) values ('B0000808','3401496', '测B15495', 4, 341496, 0, '2',15);

insert into T_SIMINFO (SIM_ID, ORG_CODE, DEPTCODE, STATE,PAY_MODLE, SIM_NUM) values(35497, 'B0000808', '中国移动', 1, '预付费', 13100015496);
insert into T_TERMINALINFO (TERMINAL_ID,TTYPE_ID,SIM_ID,TERMINAL_CODE,ORG_CODE,IS_VIDEO_TERMINAL,SP_SERVER_NAME,PROTOCOL_TYPE,CHANNELS,YT_PROTOCOL_TYPE) values(341497, 4, 35497, '1015496', 'B0000808',1,'1076测试服务器','4',8,'0');
insert into V_VEHICLEINFO (ORG_CODE,VEHICLE_ID,ID_NUMBER,TYPE_ID,TERMINAL_ID,DELETE_FLAG,COLOR_ID_NUMBER_ID,AUTHORIZED_PAY_MASS) values ('B0000808','3401497', '测B15496', 4, 341497, 0, '2',15);

insert into T_SIMINFO (SIM_ID, ORG_CODE, DEPTCODE, STATE,PAY_MODLE, SIM_NUM) values(35498, 'B0000808', '中国移动', 1, '预付费', 13100015497);
insert into T_TERMINALINFO (TERMINAL_ID,TTYPE_ID,SIM_ID,TERMINAL_CODE,ORG_CODE,IS_VIDEO_TERMINAL,SP_SERVER_NAME,PROTOCOL_TYPE,CHANNELS,YT_PROTOCOL_TYPE) values(341498, 4, 35498, '1015497', 'B0000808',1,'1076测试服务器','4',8,'0');
insert into V_VEHICLEINFO (ORG_CODE,VEHICLE_ID,ID_NUMBER,TYPE_ID,TERMINAL_ID,DELETE_FLAG,COLOR_ID_NUMBER_ID,AUTHORIZED_PAY_MASS) values ('B0000808','3401498', '测B15497', 4, 341498, 0, '2',15);

insert into T_SIMINFO (SIM_ID, ORG_CODE, DEPTCODE, STATE,PAY_MODLE, SIM_NUM) values(35499, 'B0000808', '中国移动', 1, '预付费', 13100015498);
insert into T_TERMINALINFO (TERMINAL_ID,TTYPE_ID,SIM_ID,TERMINAL_CODE,ORG_CODE,IS_VIDEO_TERMINAL,SP_SERVER_NAME,PROTOCOL_TYPE,CHANNELS,YT_PROTOCOL_TYPE) values(341499, 4, 35499, '1015498', 'B0000808',1,'1076测试服务器','4',8,'0');
insert into V_VEHICLEINFO (ORG_CODE,VEHICLE_ID,ID_NUMBER,TYPE_ID,TERMINAL_ID,DELETE_FLAG,COLOR_ID_NUMBER_ID,AUTHORIZED_PAY_MASS) values ('B0000808','3401499', '测B15498', 4, 341499, 0, '2',15);

insert into T_SIMINFO (SIM_ID, ORG_CODE, DEPTCODE, STATE,PAY_MODLE, SIM_NUM) values(35500, 'B0000808', '中国移动', 1, '预付费', 13100015499);
insert into T_TERMINALINFO (TERMINAL_ID,TTYPE_ID,SIM_ID,TERMINAL_CODE,ORG_CODE,IS_VIDEO_TERMINAL,SP_SERVER_NAME,PROTOCOL_TYPE,CHANNELS,YT_PROTOCOL_TYPE) values(341500, 4, 35500, '1015499', 'B0000808',1,'1076测试服务器','4',8,'0');
insert into V_VEHICLEINFO (ORG_CODE,VEHICLE_ID,ID_NUMBER,TYPE_ID,TERMINAL_ID,DELETE_FLAG,COLOR_ID_NUMBER_ID,AUTHORIZED_PAY_MASS) values ('B0000808','3401500', '测B15499', 4, 341500, 0, '2',15);

insert into T_SIMINFO (SIM_ID, ORG_CODE, DEPTCODE, STATE,PAY_MODLE, SIM_NUM) values(35501, 'B0000808', '中国移动', 1, '预付费', 13100015500);
insert into T_TERMINALINFO (TERMINAL_ID,TTYPE_ID,SIM_ID,TERMINAL_CODE,ORG_CODE,IS_VIDEO_TERMINAL,SP_SERVER_NAME,PROTOCOL_TYPE,CHANNELS,YT_PROTOCOL_TYPE) values(341501, 4, 35501, '1015500', 'B0000808',1,'1076测试服务器','4',8,'0');
insert into V_VEHICLEINFO (ORG_CODE,VEHICLE_ID,ID_NUMBER,TYPE_ID,TERMINAL_ID,DELETE_FLAG,COLOR_ID_NUMBER_ID,AUTHORIZED_PAY_MASS) values ('B0000808','3401501', '测B15500', 4, 341501, 0, '2',15);

insert into T_SIMINFO (SIM_ID, ORG_CODE, DEPTCODE, STATE,PAY_MODLE, SIM_NUM) values(35502, 'B0000808', '中国移动', 1, '预付费', 13100015501);
insert into T_TERMINALINFO (TERMINAL_ID,TTYPE_ID,SIM_ID,TERMINAL_CODE,ORG_CODE,IS_VIDEO_TERMINAL,SP_SERVER_NAME,PROTOCOL_TYPE,CHANNELS,YT_PROTOCOL_TYPE) values(341502, 4, 35502, '1015501', 'B0000808',1,'1076测试服务器','4',8,'0');
insert into V_VEHICLEINFO (ORG_CODE,VEHICLE_ID,ID_NUMBER,TYPE_ID,TERMINAL_ID,DELETE_FLAG,COLOR_ID_NUMBER_ID,AUTHORIZED_PAY_MASS) values ('B0000808','3401502', '测B15501', 4, 341502, 0, '2',15);

insert into T_SIMINFO (SIM_ID, ORG_CODE, DEPTCODE, STATE,PAY_MODLE, SIM_NUM) values(35503, 'B0000808', '中国移动', 1, '预付费', 13100015502);
insert into T_TERMINALINFO (TERMINAL_ID,TTYPE_ID,SIM_ID,TERMINAL_CODE,ORG_CODE,IS_VIDEO_TERMINAL,SP_SERVER_NAME,PROTOCOL_TYPE,CHANNELS,YT_PROTOCOL_TYPE) values(341503, 4, 35503, '1015502', 'B0000808',1,'1076测试服务器','4',8,'0');
insert into V_VEHICLEINFO (ORG_CODE,VEHICLE_ID,ID_NUMBER,TYPE_ID,TERMINAL_ID,DELETE_FLAG,COLOR_ID_NUMBER_ID,AUTHORIZED_PAY_MASS) values ('B0000808','3401503', '测B15502', 4, 341503, 0, '2',15);

insert into T_SIMINFO (SIM_ID, ORG_CODE, DEPTCODE, STATE,PAY_MODLE, SIM_NUM) values(35504, 'B0000808', '中国移动', 1, '预付费', 13100015503);
insert into T_TERMINALINFO (TERMINAL_ID,TTYPE_ID,SIM_ID,TERMINAL_CODE,ORG_CODE,IS_VIDEO_TERMINAL,SP_SERVER_NAME,PROTOCOL_TYPE,CHANNELS,YT_PROTOCOL_TYPE) values(341504, 4, 35504, '1015503', 'B0000808',1,'1076测试服务器','4',8,'0');
insert into V_VEHICLEINFO (ORG_CODE,VEHICLE_ID,ID_NUMBER,TYPE_ID,TERMINAL_ID,DELETE_FLAG,COLOR_ID_NUMBER_ID,AUTHORIZED_PAY_MASS) values ('B0000808','3401504', '测B15503', 4, 341504, 0, '2',15);

insert into T_SIMINFO (SIM_ID, ORG_CODE, DEPTCODE, STATE,PAY_MODLE, SIM_NUM) values(35505, 'B0000808', '中国移动', 1, '预付费', 13100015504);
insert into T_TERMINALINFO (TERMINAL_ID,TTYPE_ID,SIM_ID,TERMINAL_CODE,ORG_CODE,IS_VIDEO_TERMINAL,SP_SERVER_NAME,PROTOCOL_TYPE,CHANNELS,YT_PROTOCOL_TYPE) values(341505, 4, 35505, '1015504', 'B0000808',1,'1076测试服务器','4',8,'0');
insert into V_VEHICLEINFO (ORG_CODE,VEHICLE_ID,ID_NUMBER,TYPE_ID,TERMINAL_ID,DELETE_FLAG,COLOR_ID_NUMBER_ID,AUTHORIZED_PAY_MASS) values ('B0000808','3401505', '测B15504', 4, 341505, 0, '2',15);

insert into T_SIMINFO (SIM_ID, ORG_CODE, DEPTCODE, STATE,PAY_MODLE, SIM_NUM) values(35506, 'B0000808', '中国移动', 1, '预付费', 13100015505);
insert into T_TERMINALINFO (TERMINAL_ID,TTYPE_ID,SIM_ID,TERMINAL_CODE,ORG_CODE,IS_VIDEO_TERMINAL,SP_SERVER_NAME,PROTOCOL_TYPE,CHANNELS,YT_PROTOCOL_TYPE) values(341506, 4, 35506, '1015505', 'B0000808',1,'1076测试服务器','4',8,'0');
insert into V_VEHICLEINFO (ORG_CODE,VEHICLE_ID,ID_NUMBER,TYPE_ID,TERMINAL_ID,DELETE_FLAG,COLOR_ID_NUMBER_ID,AUTHORIZED_PAY_MASS) values ('B0000808','3401506', '测B15505', 4, 341506, 0, '2',15);

insert into T_SIMINFO (SIM_ID, ORG_CODE, DEPTCODE, STATE,PAY_MODLE, SIM_NUM) values(35507, 'B0000808', '中国移动', 1, '预付费', 13100015506);
insert into T_TERMINALINFO (TERMINAL_ID,TTYPE_ID,SIM_ID,TERMINAL_CODE,ORG_CODE,IS_VIDEO_TERMINAL,SP_SERVER_NAME,PROTOCOL_TYPE,CHANNELS,YT_PROTOCOL_TYPE) values(341507, 4, 35507, '1015506', 'B0000808',1,'1076测试服务器','4',8,'0');
insert into V_VEHICLEINFO (ORG_CODE,VEHICLE_ID,ID_NUMBER,TYPE_ID,TERMINAL_ID,DELETE_FLAG,COLOR_ID_NUMBER_ID,AUTHORIZED_PAY_MASS) values ('B0000808','3401507', '测B15506', 4, 341507, 0, '2',15);

insert into T_SIMINFO (SIM_ID, ORG_CODE, DEPTCODE, STATE,PAY_MODLE, SIM_NUM) values(35508, 'B0000808', '中国移动', 1, '预付费', 13100015507);
insert into T_TERMINALINFO (TERMINAL_ID,TTYPE_ID,SIM_ID,TERMINAL_CODE,ORG_CODE,IS_VIDEO_TERMINAL,SP_SERVER_NAME,PROTOCOL_TYPE,CHANNELS,YT_PROTOCOL_TYPE) values(341508, 4, 35508, '1015507', 'B0000808',1,'1076测试服务器','4',8,'0');
insert into V_VEHICLEINFO (ORG_CODE,VEHICLE_ID,ID_NUMBER,TYPE_ID,TERMINAL_ID,DELETE_FLAG,COLOR_ID_NUMBER_ID,AUTHORIZED_PAY_MASS) values ('B0000808','3401508', '测B15507', 4, 341508, 0, '2',15);

insert into T_SIMINFO (SIM_ID, ORG_CODE, DEPTCODE, STATE,PAY_MODLE, SIM_NUM) values(35509, 'B0000808', '中国移动', 1, '预付费', 13100015508);
insert into T_TERMINALINFO (TERMINAL_ID,TTYPE_ID,SIM_ID,TERMINAL_CODE,ORG_CODE,IS_VIDEO_TERMINAL,SP_SERVER_NAME,PROTOCOL_TYPE,CHANNELS,YT_PROTOCOL_TYPE) values(341509, 4, 35509, '1015508', 'B0000808',1,'1076测试服务器','4',8,'0');
insert into V_VEHICLEINFO (ORG_CODE,VEHICLE_ID,ID_NUMBER,TYPE_ID,TERMINAL_ID,DELETE_FLAG,COLOR_ID_NUMBER_ID,AUTHORIZED_PAY_MASS) values ('B0000808','3401509', '测B15508', 4, 341509, 0, '2',15);

insert into T_SIMINFO (SIM_ID, ORG_CODE, DEPTCODE, STATE,PAY_MODLE, SIM_NUM) values(35510, 'B0000808', '中国移动', 1, '预付费', 13100015509);
insert into T_TERMINALINFO (TERMINAL_ID,TTYPE_ID,SIM_ID,TERMINAL_CODE,ORG_CODE,IS_VIDEO_TERMINAL,SP_SERVER_NAME,PROTOCOL_TYPE,CHANNELS,YT_PROTOCOL_TYPE) values(341510, 4, 35510, '1015509', 'B0000808',1,'1076测试服务器','4',8,'0');
insert into V_VEHICLEINFO (ORG_CODE,VEHICLE_ID,ID_NUMBER,TYPE_ID,TERMINAL_ID,DELETE_FLAG,COLOR_ID_NUMBER_ID,AUTHORIZED_PAY_MASS) values ('B0000808','3401510', '测B15509', 4, 341510, 0, '2',15);

insert into T_SIMINFO (SIM_ID, ORG_CODE, DEPTCODE, STATE,PAY_MODLE, SIM_NUM) values(35511, 'B0000808', '中国移动', 1, '预付费', 13100015510);
insert into T_TERMINALINFO (TERMINAL_ID,TTYPE_ID,SIM_ID,TERMINAL_CODE,ORG_CODE,IS_VIDEO_TERMINAL,SP_SERVER_NAME,PROTOCOL_TYPE,CHANNELS,YT_PROTOCOL_TYPE) values(341511, 4, 35511, '1015510', 'B0000808',1,'1076测试服务器','4',8,'0');
insert into V_VEHICLEINFO (ORG_CODE,VEHICLE_ID,ID_NUMBER,TYPE_ID,TERMINAL_ID,DELETE_FLAG,COLOR_ID_NUMBER_ID,AUTHORIZED_PAY_MASS) values ('B0000808','3401511', '测B15510', 4, 341511, 0, '2',15);

insert into T_SIMINFO (SIM_ID, ORG_CODE, DEPTCODE, STATE,PAY_MODLE, SIM_NUM) values(35512, 'B0000808', '中国移动', 1, '预付费', 13100015511);
insert into T_TERMINALINFO (TERMINAL_ID,TTYPE_ID,SIM_ID,TERMINAL_CODE,ORG_CODE,IS_VIDEO_TERMINAL,SP_SERVER_NAME,PROTOCOL_TYPE,CHANNELS,YT_PROTOCOL_TYPE) values(341512, 4, 35512, '1015511', 'B0000808',1,'1076测试服务器','4',8,'0');
insert into V_VEHICLEINFO (ORG_CODE,VEHICLE_ID,ID_NUMBER,TYPE_ID,TERMINAL_ID,DELETE_FLAG,COLOR_ID_NUMBER_ID,AUTHORIZED_PAY_MASS) values ('B0000808','3401512', '测B15511', 4, 341512, 0, '2',15);

insert into T_SIMINFO (SIM_ID, ORG_CODE, DEPTCODE, STATE,PAY_MODLE, SIM_NUM) values(35513, 'B0000808', '中国移动', 1, '预付费', 13100015512);
insert into T_TERMINALINFO (TERMINAL_ID,TTYPE_ID,SIM_ID,TERMINAL_CODE,ORG_CODE,IS_VIDEO_TERMINAL,SP_SERVER_NAME,PROTOCOL_TYPE,CHANNELS,YT_PROTOCOL_TYPE) values(341513, 4, 35513, '1015512', 'B0000808',1,'1076测试服务器','4',8,'0');
insert into V_VEHICLEINFO (ORG_CODE,VEHICLE_ID,ID_NUMBER,TYPE_ID,TERMINAL_ID,DELETE_FLAG,COLOR_ID_NUMBER_ID,AUTHORIZED_PAY_MASS) values ('B0000808','3401513', '测B15512', 4, 341513, 0, '2',15);

insert into T_SIMINFO (SIM_ID, ORG_CODE, DEPTCODE, STATE,PAY_MODLE, SIM_NUM) values(35514, 'B0000808', '中国移动', 1, '预付费', 13100015513);
insert into T_TERMINALINFO (TERMINAL_ID,TTYPE_ID,SIM_ID,TERMINAL_CODE,ORG_CODE,IS_VIDEO_TERMINAL,SP_SERVER_NAME,PROTOCOL_TYPE,CHANNELS,YT_PROTOCOL_TYPE) values(341514, 4, 35514, '1015513', 'B0000808',1,'1076测试服务器','4',8,'0');
insert into V_VEHICLEINFO (ORG_CODE,VEHICLE_ID,ID_NUMBER,TYPE_ID,TERMINAL_ID,DELETE_FLAG,COLOR_ID_NUMBER_ID,AUTHORIZED_PAY_MASS) values ('B0000808','3401514', '测B15513', 4, 341514, 0, '2',15);

insert into T_SIMINFO (SIM_ID, ORG_CODE, DEPTCODE, STATE,PAY_MODLE, SIM_NUM) values(35515, 'B0000808', '中国移动', 1, '预付费', 13100015514);
insert into T_TERMINALINFO (TERMINAL_ID,TTYPE_ID,SIM_ID,TERMINAL_CODE,ORG_CODE,IS_VIDEO_TERMINAL,SP_SERVER_NAME,PROTOCOL_TYPE,CHANNELS,YT_PROTOCOL_TYPE) values(341515, 4, 35515, '1015514', 'B0000808',1,'1076测试服务器','4',8,'0');
insert into V_VEHICLEINFO (ORG_CODE,VEHICLE_ID,ID_NUMBER,TYPE_ID,TERMINAL_ID,DELETE_FLAG,COLOR_ID_NUMBER_ID,AUTHORIZED_PAY_MASS) values ('B0000808','3401515', '测B15514', 4, 341515, 0, '2',15);

insert into T_SIMINFO (SIM_ID, ORG_CODE, DEPTCODE, STATE,PAY_MODLE, SIM_NUM) values(35516, 'B0000808', '中国移动', 1, '预付费', 13100015515);
insert into T_TERMINALINFO (TERMINAL_ID,TTYPE_ID,SIM_ID,TERMINAL_CODE,ORG_CODE,IS_VIDEO_TERMINAL,SP_SERVER_NAME,PROTOCOL_TYPE,CHANNELS,YT_PROTOCOL_TYPE) values(341516, 4, 35516, '1015515', 'B0000808',1,'1076测试服务器','4',8,'0');
insert into V_VEHICLEINFO (ORG_CODE,VEHICLE_ID,ID_NUMBER,TYPE_ID,TERMINAL_ID,DELETE_FLAG,COLOR_ID_NUMBER_ID,AUTHORIZED_PAY_MASS) values ('B0000808','3401516', '测B15515', 4, 341516, 0, '2',15);

insert into T_SIMINFO (SIM_ID, ORG_CODE, DEPTCODE, STATE,PAY_MODLE, SIM_NUM) values(35517, 'B0000808', '中国移动', 1, '预付费', 13100015516);
insert into T_TERMINALINFO (TERMINAL_ID,TTYPE_ID,SIM_ID,TERMINAL_CODE,ORG_CODE,IS_VIDEO_TERMINAL,SP_SERVER_NAME,PROTOCOL_TYPE,CHANNELS,YT_PROTOCOL_TYPE) values(341517, 4, 35517, '1015516', 'B0000808',1,'1076测试服务器','4',8,'0');
insert into V_VEHICLEINFO (ORG_CODE,VEHICLE_ID,ID_NUMBER,TYPE_ID,TERMINAL_ID,DELETE_FLAG,COLOR_ID_NUMBER_ID,AUTHORIZED_PAY_MASS) values ('B0000808','3401517', '测B15516', 4, 341517, 0, '2',15);

insert into T_SIMINFO (SIM_ID, ORG_CODE, DEPTCODE, STATE,PAY_MODLE, SIM_NUM) values(35518, 'B0000808', '中国移动', 1, '预付费', 13100015517);
insert into T_TERMINALINFO (TERMINAL_ID,TTYPE_ID,SIM_ID,TERMINAL_CODE,ORG_CODE,IS_VIDEO_TERMINAL,SP_SERVER_NAME,PROTOCOL_TYPE,CHANNELS,YT_PROTOCOL_TYPE) values(341518, 4, 35518, '1015517', 'B0000808',1,'1076测试服务器','4',8,'0');
insert into V_VEHICLEINFO (ORG_CODE,VEHICLE_ID,ID_NUMBER,TYPE_ID,TERMINAL_ID,DELETE_FLAG,COLOR_ID_NUMBER_ID,AUTHORIZED_PAY_MASS) values ('B0000808','3401518', '测B15517', 4, 341518, 0, '2',15);

insert into T_SIMINFO (SIM_ID, ORG_CODE, DEPTCODE, STATE,PAY_MODLE, SIM_NUM) values(35519, 'B0000808', '中国移动', 1, '预付费', 13100015518);
insert into T_TERMINALINFO (TERMINAL_ID,TTYPE_ID,SIM_ID,TERMINAL_CODE,ORG_CODE,IS_VIDEO_TERMINAL,SP_SERVER_NAME,PROTOCOL_TYPE,CHANNELS,YT_PROTOCOL_TYPE) values(341519, 4, 35519, '1015518', 'B0000808',1,'1076测试服务器','4',8,'0');
insert into V_VEHICLEINFO (ORG_CODE,VEHICLE_ID,ID_NUMBER,TYPE_ID,TERMINAL_ID,DELETE_FLAG,COLOR_ID_NUMBER_ID,AUTHORIZED_PAY_MASS) values ('B0000808','3401519', '测B15518', 4, 341519, 0, '2',15);

insert into T_SIMINFO (SIM_ID, ORG_CODE, DEPTCODE, STATE,PAY_MODLE, SIM_NUM) values(35520, 'B0000808', '中国移动', 1, '预付费', 13100015519);
insert into T_TERMINALINFO (TERMINAL_ID,TTYPE_ID,SIM_ID,TERMINAL_CODE,ORG_CODE,IS_VIDEO_TERMINAL,SP_SERVER_NAME,PROTOCOL_TYPE,CHANNELS,YT_PROTOCOL_TYPE) values(341520, 4, 35520, '1015519', 'B0000808',1,'1076测试服务器','4',8,'0');
insert into V_VEHICLEINFO (ORG_CODE,VEHICLE_ID,ID_NUMBER,TYPE_ID,TERMINAL_ID,DELETE_FLAG,COLOR_ID_NUMBER_ID,AUTHORIZED_PAY_MASS) values ('B0000808','3401520', '测B15519', 4, 341520, 0, '2',15);

insert into T_SIMINFO (SIM_ID, ORG_CODE, DEPTCODE, STATE,PAY_MODLE, SIM_NUM) values(35521, 'B0000808', '中国移动', 1, '预付费', 13100015520);
insert into T_TERMINALINFO (TERMINAL_ID,TTYPE_ID,SIM_ID,TERMINAL_CODE,ORG_CODE,IS_VIDEO_TERMINAL,SP_SERVER_NAME,PROTOCOL_TYPE,CHANNELS,YT_PROTOCOL_TYPE) values(341521, 4, 35521, '1015520', 'B0000808',1,'1076测试服务器','4',8,'0');
insert into V_VEHICLEINFO (ORG_CODE,VEHICLE_ID,ID_NUMBER,TYPE_ID,TERMINAL_ID,DELETE_FLAG,COLOR_ID_NUMBER_ID,AUTHORIZED_PAY_MASS) values ('B0000808','3401521', '测B15520', 4, 341521, 0, '2',15);

insert into T_SIMINFO (SIM_ID, ORG_CODE, DEPTCODE, STATE,PAY_MODLE, SIM_NUM) values(35522, 'B0000808', '中国移动', 1, '预付费', 13100015521);
insert into T_TERMINALINFO (TERMINAL_ID,TTYPE_ID,SIM_ID,TERMINAL_CODE,ORG_CODE,IS_VIDEO_TERMINAL,SP_SERVER_NAME,PROTOCOL_TYPE,CHANNELS,YT_PROTOCOL_TYPE) values(341522, 4, 35522, '1015521', 'B0000808',1,'1076测试服务器','4',8,'0');
insert into V_VEHICLEINFO (ORG_CODE,VEHICLE_ID,ID_NUMBER,TYPE_ID,TERMINAL_ID,DELETE_FLAG,COLOR_ID_NUMBER_ID,AUTHORIZED_PAY_MASS) values ('B0000808','3401522', '测B15521', 4, 341522, 0, '2',15);

insert into T_SIMINFO (SIM_ID, ORG_CODE, DEPTCODE, STATE,PAY_MODLE, SIM_NUM) values(35523, 'B0000808', '中国移动', 1, '预付费', 13100015522);
insert into T_TERMINALINFO (TERMINAL_ID,TTYPE_ID,SIM_ID,TERMINAL_CODE,ORG_CODE,IS_VIDEO_TERMINAL,SP_SERVER_NAME,PROTOCOL_TYPE,CHANNELS,YT_PROTOCOL_TYPE) values(341523, 4, 35523, '1015522', 'B0000808',1,'1076测试服务器','4',8,'0');
insert into V_VEHICLEINFO (ORG_CODE,VEHICLE_ID,ID_NUMBER,TYPE_ID,TERMINAL_ID,DELETE_FLAG,COLOR_ID_NUMBER_ID,AUTHORIZED_PAY_MASS) values ('B0000808','3401523', '测B15522', 4, 341523, 0, '2',15);

insert into T_SIMINFO (SIM_ID, ORG_CODE, DEPTCODE, STATE,PAY_MODLE, SIM_NUM) values(35524, 'B0000808', '中国移动', 1, '预付费', 13100015523);
insert into T_TERMINALINFO (TERMINAL_ID,TTYPE_ID,SIM_ID,TERMINAL_CODE,ORG_CODE,IS_VIDEO_TERMINAL,SP_SERVER_NAME,PROTOCOL_TYPE,CHANNELS,YT_PROTOCOL_TYPE) values(341524, 4, 35524, '1015523', 'B0000808',1,'1076测试服务器','4',8,'0');
insert into V_VEHICLEINFO (ORG_CODE,VEHICLE_ID,ID_NUMBER,TYPE_ID,TERMINAL_ID,DELETE_FLAG,COLOR_ID_NUMBER_ID,AUTHORIZED_PAY_MASS) values ('B0000808','3401524', '测B15523', 4, 341524, 0, '2',15);

insert into T_SIMINFO (SIM_ID, ORG_CODE, DEPTCODE, STATE,PAY_MODLE, SIM_NUM) values(35525, 'B0000808', '中国移动', 1, '预付费', 13100015524);
insert into T_TERMINALINFO (TERMINAL_ID,TTYPE_ID,SIM_ID,TERMINAL_CODE,ORG_CODE,IS_VIDEO_TERMINAL,SP_SERVER_NAME,PROTOCOL_TYPE,CHANNELS,YT_PROTOCOL_TYPE) values(341525, 4, 35525, '1015524', 'B0000808',1,'1076测试服务器','4',8,'0');
insert into V_VEHICLEINFO (ORG_CODE,VEHICLE_ID,ID_NUMBER,TYPE_ID,TERMINAL_ID,DELETE_FLAG,COLOR_ID_NUMBER_ID,AUTHORIZED_PAY_MASS) values ('B0000808','3401525', '测B15524', 4, 341525, 0, '2',15);

insert into T_SIMINFO (SIM_ID, ORG_CODE, DEPTCODE, STATE,PAY_MODLE, SIM_NUM) values(35526, 'B0000808', '中国移动', 1, '预付费', 13100015525);
insert into T_TERMINALINFO (TERMINAL_ID,TTYPE_ID,SIM_ID,TERMINAL_CODE,ORG_CODE,IS_VIDEO_TERMINAL,SP_SERVER_NAME,PROTOCOL_TYPE,CHANNELS,YT_PROTOCOL_TYPE) values(341526, 4, 35526, '1015525', 'B0000808',1,'1076测试服务器','4',8,'0');
insert into V_VEHICLEINFO (ORG_CODE,VEHICLE_ID,ID_NUMBER,TYPE_ID,TERMINAL_ID,DELETE_FLAG,COLOR_ID_NUMBER_ID,AUTHORIZED_PAY_MASS) values ('B0000808','3401526', '测B15525', 4, 341526, 0, '2',15);

insert into T_SIMINFO (SIM_ID, ORG_CODE, DEPTCODE, STATE,PAY_MODLE, SIM_NUM) values(35527, 'B0000808', '中国移动', 1, '预付费', 13100015526);
insert into T_TERMINALINFO (TERMINAL_ID,TTYPE_ID,SIM_ID,TERMINAL_CODE,ORG_CODE,IS_VIDEO_TERMINAL,SP_SERVER_NAME,PROTOCOL_TYPE,CHANNELS,YT_PROTOCOL_TYPE) values(341527, 4, 35527, '1015526', 'B0000808',1,'1076测试服务器','4',8,'0');
insert into V_VEHICLEINFO (ORG_CODE,VEHICLE_ID,ID_NUMBER,TYPE_ID,TERMINAL_ID,DELETE_FLAG,COLOR_ID_NUMBER_ID,AUTHORIZED_PAY_MASS) values ('B0000808','3401527', '测B15526', 4, 341527, 0, '2',15);

insert into T_SIMINFO (SIM_ID, ORG_CODE, DEPTCODE, STATE,PAY_MODLE, SIM_NUM) values(35528, 'B0000808', '中国移动', 1, '预付费', 13100015527);
insert into T_TERMINALINFO (TERMINAL_ID,TTYPE_ID,SIM_ID,TERMINAL_CODE,ORG_CODE,IS_VIDEO_TERMINAL,SP_SERVER_NAME,PROTOCOL_TYPE,CHANNELS,YT_PROTOCOL_TYPE) values(341528, 4, 35528, '1015527', 'B0000808',1,'1076测试服务器','4',8,'0');
insert into V_VEHICLEINFO (ORG_CODE,VEHICLE_ID,ID_NUMBER,TYPE_ID,TERMINAL_ID,DELETE_FLAG,COLOR_ID_NUMBER_ID,AUTHORIZED_PAY_MASS) values ('B0000808','3401528', '测B15527', 4, 341528, 0, '2',15);

insert into T_SIMINFO (SIM_ID, ORG_CODE, DEPTCODE, STATE,PAY_MODLE, SIM_NUM) values(35529, 'B0000808', '中国移动', 1, '预付费', 13100015528);
insert into T_TERMINALINFO (TERMINAL_ID,TTYPE_ID,SIM_ID,TERMINAL_CODE,ORG_CODE,IS_VIDEO_TERMINAL,SP_SERVER_NAME,PROTOCOL_TYPE,CHANNELS,YT_PROTOCOL_TYPE) values(341529, 4, 35529, '1015528', 'B0000808',1,'1076测试服务器','4',8,'0');
insert into V_VEHICLEINFO (ORG_CODE,VEHICLE_ID,ID_NUMBER,TYPE_ID,TERMINAL_ID,DELETE_FLAG,COLOR_ID_NUMBER_ID,AUTHORIZED_PAY_MASS) values ('B0000808','3401529', '测B15528', 4, 341529, 0, '2',15);

insert into T_SIMINFO (SIM_ID, ORG_CODE, DEPTCODE, STATE,PAY_MODLE, SIM_NUM) values(35530, 'B0000808', '中国移动', 1, '预付费', 13100015529);
insert into T_TERMINALINFO (TERMINAL_ID,TTYPE_ID,SIM_ID,TERMINAL_CODE,ORG_CODE,IS_VIDEO_TERMINAL,SP_SERVER_NAME,PROTOCOL_TYPE,CHANNELS,YT_PROTOCOL_TYPE) values(341530, 4, 35530, '1015529', 'B0000808',1,'1076测试服务器','4',8,'0');
insert into V_VEHICLEINFO (ORG_CODE,VEHICLE_ID,ID_NUMBER,TYPE_ID,TERMINAL_ID,DELETE_FLAG,COLOR_ID_NUMBER_ID,AUTHORIZED_PAY_MASS) values ('B0000808','3401530', '测B15529', 4, 341530, 0, '2',15);

insert into T_SIMINFO (SIM_ID, ORG_CODE, DEPTCODE, STATE,PAY_MODLE, SIM_NUM) values(35531, 'B0000808', '中国移动', 1, '预付费', 13100015530);
insert into T_TERMINALINFO (TERMINAL_ID,TTYPE_ID,SIM_ID,TERMINAL_CODE,ORG_CODE,IS_VIDEO_TERMINAL,SP_SERVER_NAME,PROTOCOL_TYPE,CHANNELS,YT_PROTOCOL_TYPE) values(341531, 4, 35531, '1015530', 'B0000808',1,'1076测试服务器','4',8,'0');
insert into V_VEHICLEINFO (ORG_CODE,VEHICLE_ID,ID_NUMBER,TYPE_ID,TERMINAL_ID,DELETE_FLAG,COLOR_ID_NUMBER_ID,AUTHORIZED_PAY_MASS) values ('B0000808','3401531', '测B15530', 4, 341531, 0, '2',15);

insert into T_SIMINFO (SIM_ID, ORG_CODE, DEPTCODE, STATE,PAY_MODLE, SIM_NUM) values(35532, 'B0000808', '中国移动', 1, '预付费', 13100015531);
insert into T_TERMINALINFO (TERMINAL_ID,TTYPE_ID,SIM_ID,TERMINAL_CODE,ORG_CODE,IS_VIDEO_TERMINAL,SP_SERVER_NAME,PROTOCOL_TYPE,CHANNELS,YT_PROTOCOL_TYPE) values(341532, 4, 35532, '1015531', 'B0000808',1,'1076测试服务器','4',8,'0');
insert into V_VEHICLEINFO (ORG_CODE,VEHICLE_ID,ID_NUMBER,TYPE_ID,TERMINAL_ID,DELETE_FLAG,COLOR_ID_NUMBER_ID,AUTHORIZED_PAY_MASS) values ('B0000808','3401532', '测B15531', 4, 341532, 0, '2',15);

insert into T_SIMINFO (SIM_ID, ORG_CODE, DEPTCODE, STATE,PAY_MODLE, SIM_NUM) values(35533, 'B0000808', '中国移动', 1, '预付费', 13100015532);
insert into T_TERMINALINFO (TERMINAL_ID,TTYPE_ID,SIM_ID,TERMINAL_CODE,ORG_CODE,IS_VIDEO_TERMINAL,SP_SERVER_NAME,PROTOCOL_TYPE,CHANNELS,YT_PROTOCOL_TYPE) values(341533, 4, 35533, '1015532', 'B0000808',1,'1076测试服务器','4',8,'0');
insert into V_VEHICLEINFO (ORG_CODE,VEHICLE_ID,ID_NUMBER,TYPE_ID,TERMINAL_ID,DELETE_FLAG,COLOR_ID_NUMBER_ID,AUTHORIZED_PAY_MASS) values ('B0000808','3401533', '测B15532', 4, 341533, 0, '2',15);

insert into T_SIMINFO (SIM_ID, ORG_CODE, DEPTCODE, STATE,PAY_MODLE, SIM_NUM) values(35534, 'B0000808', '中国移动', 1, '预付费', 13100015533);
insert into T_TERMINALINFO (TERMINAL_ID,TTYPE_ID,SIM_ID,TERMINAL_CODE,ORG_CODE,IS_VIDEO_TERMINAL,SP_SERVER_NAME,PROTOCOL_TYPE,CHANNELS,YT_PROTOCOL_TYPE) values(341534, 4, 35534, '1015533', 'B0000808',1,'1076测试服务器','4',8,'0');
insert into V_VEHICLEINFO (ORG_CODE,VEHICLE_ID,ID_NUMBER,TYPE_ID,TERMINAL_ID,DELETE_FLAG,COLOR_ID_NUMBER_ID,AUTHORIZED_PAY_MASS) values ('B0000808','3401534', '测B15533', 4, 341534, 0, '2',15);

insert into T_SIMINFO (SIM_ID, ORG_CODE, DEPTCODE, STATE,PAY_MODLE, SIM_NUM) values(35535, 'B0000808', '中国移动', 1, '预付费', 13100015534);
insert into T_TERMINALINFO (TERMINAL_ID,TTYPE_ID,SIM_ID,TERMINAL_CODE,ORG_CODE,IS_VIDEO_TERMINAL,SP_SERVER_NAME,PROTOCOL_TYPE,CHANNELS,YT_PROTOCOL_TYPE) values(341535, 4, 35535, '1015534', 'B0000808',1,'1076测试服务器','4',8,'0');
insert into V_VEHICLEINFO (ORG_CODE,VEHICLE_ID,ID_NUMBER,TYPE_ID,TERMINAL_ID,DELETE_FLAG,COLOR_ID_NUMBER_ID,AUTHORIZED_PAY_MASS) values ('B0000808','3401535', '测B15534', 4, 341535, 0, '2',15);

insert into T_SIMINFO (SIM_ID, ORG_CODE, DEPTCODE, STATE,PAY_MODLE, SIM_NUM) values(35536, 'B0000808', '中国移动', 1, '预付费', 13100015535);
insert into T_TERMINALINFO (TERMINAL_ID,TTYPE_ID,SIM_ID,TERMINAL_CODE,ORG_CODE,IS_VIDEO_TERMINAL,SP_SERVER_NAME,PROTOCOL_TYPE,CHANNELS,YT_PROTOCOL_TYPE) values(341536, 4, 35536, '1015535', 'B0000808',1,'1076测试服务器','4',8,'0');
insert into V_VEHICLEINFO (ORG_CODE,VEHICLE_ID,ID_NUMBER,TYPE_ID,TERMINAL_ID,DELETE_FLAG,COLOR_ID_NUMBER_ID,AUTHORIZED_PAY_MASS) values ('B0000808','3401536', '测B15535', 4, 341536, 0, '2',15);

insert into T_SIMINFO (SIM_ID, ORG_CODE, DEPTCODE, STATE,PAY_MODLE, SIM_NUM) values(35537, 'B0000808', '中国移动', 1, '预付费', 13100015536);
insert into T_TERMINALINFO (TERMINAL_ID,TTYPE_ID,SIM_ID,TERMINAL_CODE,ORG_CODE,IS_VIDEO_TERMINAL,SP_SERVER_NAME,PROTOCOL_TYPE,CHANNELS,YT_PROTOCOL_TYPE) values(341537, 4, 35537, '1015536', 'B0000808',1,'1076测试服务器','4',8,'0');
insert into V_VEHICLEINFO (ORG_CODE,VEHICLE_ID,ID_NUMBER,TYPE_ID,TERMINAL_ID,DELETE_FLAG,COLOR_ID_NUMBER_ID,AUTHORIZED_PAY_MASS) values ('B0000808','3401537', '测B15536', 4, 341537, 0, '2',15);

insert into T_SIMINFO (SIM_ID, ORG_CODE, DEPTCODE, STATE,PAY_MODLE, SIM_NUM) values(35538, 'B0000808', '中国移动', 1, '预付费', 13100015537);
insert into T_TERMINALINFO (TERMINAL_ID,TTYPE_ID,SIM_ID,TERMINAL_CODE,ORG_CODE,IS_VIDEO_TERMINAL,SP_SERVER_NAME,PROTOCOL_TYPE,CHANNELS,YT_PROTOCOL_TYPE) values(341538, 4, 35538, '1015537', 'B0000808',1,'1076测试服务器','4',8,'0');
insert into V_VEHICLEINFO (ORG_CODE,VEHICLE_ID,ID_NUMBER,TYPE_ID,TERMINAL_ID,DELETE_FLAG,COLOR_ID_NUMBER_ID,AUTHORIZED_PAY_MASS) values ('B0000808','3401538', '测B15537', 4, 341538, 0, '2',15);

insert into T_SIMINFO (SIM_ID, ORG_CODE, DEPTCODE, STATE,PAY_MODLE, SIM_NUM) values(35539, 'B0000808', '中国移动', 1, '预付费', 13100015538);
insert into T_TERMINALINFO (TERMINAL_ID,TTYPE_ID,SIM_ID,TERMINAL_CODE,ORG_CODE,IS_VIDEO_TERMINAL,SP_SERVER_NAME,PROTOCOL_TYPE,CHANNELS,YT_PROTOCOL_TYPE) values(341539, 4, 35539, '1015538', 'B0000808',1,'1076测试服务器','4',8,'0');
insert into V_VEHICLEINFO (ORG_CODE,VEHICLE_ID,ID_NUMBER,TYPE_ID,TERMINAL_ID,DELETE_FLAG,COLOR_ID_NUMBER_ID,AUTHORIZED_PAY_MASS) values ('B0000808','3401539', '测B15538', 4, 341539, 0, '2',15);

insert into T_SIMINFO (SIM_ID, ORG_CODE, DEPTCODE, STATE,PAY_MODLE, SIM_NUM) values(35540, 'B0000808', '中国移动', 1, '预付费', 13100015539);
insert into T_TERMINALINFO (TERMINAL_ID,TTYPE_ID,SIM_ID,TERMINAL_CODE,ORG_CODE,IS_VIDEO_TERMINAL,SP_SERVER_NAME,PROTOCOL_TYPE,CHANNELS,YT_PROTOCOL_TYPE) values(341540, 4, 35540, '1015539', 'B0000808',1,'1076测试服务器','4',8,'0');
insert into V_VEHICLEINFO (ORG_CODE,VEHICLE_ID,ID_NUMBER,TYPE_ID,TERMINAL_ID,DELETE_FLAG,COLOR_ID_NUMBER_ID,AUTHORIZED_PAY_MASS) values ('B0000808','3401540', '测B15539', 4, 341540, 0, '2',15);

insert into T_SIMINFO (SIM_ID, ORG_CODE, DEPTCODE, STATE,PAY_MODLE, SIM_NUM) values(35541, 'B0000808', '中国移动', 1, '预付费', 13100015540);
insert into T_TERMINALINFO (TERMINAL_ID,TTYPE_ID,SIM_ID,TERMINAL_CODE,ORG_CODE,IS_VIDEO_TERMINAL,SP_SERVER_NAME,PROTOCOL_TYPE,CHANNELS,YT_PROTOCOL_TYPE) values(341541, 4, 35541, '1015540', 'B0000808',1,'1076测试服务器','4',8,'0');
insert into V_VEHICLEINFO (ORG_CODE,VEHICLE_ID,ID_NUMBER,TYPE_ID,TERMINAL_ID,DELETE_FLAG,COLOR_ID_NUMBER_ID,AUTHORIZED_PAY_MASS) values ('B0000808','3401541', '测B15540', 4, 341541, 0, '2',15);

insert into T_SIMINFO (SIM_ID, ORG_CODE, DEPTCODE, STATE,PAY_MODLE, SIM_NUM) values(35542, 'B0000808', '中国移动', 1, '预付费', 13100015541);
insert into T_TERMINALINFO (TERMINAL_ID,TTYPE_ID,SIM_ID,TERMINAL_CODE,ORG_CODE,IS_VIDEO_TERMINAL,SP_SERVER_NAME,PROTOCOL_TYPE,CHANNELS,YT_PROTOCOL_TYPE) values(341542, 4, 35542, '1015541', 'B0000808',1,'1076测试服务器','4',8,'0');
insert into V_VEHICLEINFO (ORG_CODE,VEHICLE_ID,ID_NUMBER,TYPE_ID,TERMINAL_ID,DELETE_FLAG,COLOR_ID_NUMBER_ID,AUTHORIZED_PAY_MASS) values ('B0000808','3401542', '测B15541', 4, 341542, 0, '2',15);

insert into T_SIMINFO (SIM_ID, ORG_CODE, DEPTCODE, STATE,PAY_MODLE, SIM_NUM) values(35543, 'B0000808', '中国移动', 1, '预付费', 13100015542);
insert into T_TERMINALINFO (TERMINAL_ID,TTYPE_ID,SIM_ID,TERMINAL_CODE,ORG_CODE,IS_VIDEO_TERMINAL,SP_SERVER_NAME,PROTOCOL_TYPE,CHANNELS,YT_PROTOCOL_TYPE) values(341543, 4, 35543, '1015542', 'B0000808',1,'1076测试服务器','4',8,'0');
insert into V_VEHICLEINFO (ORG_CODE,VEHICLE_ID,ID_NUMBER,TYPE_ID,TERMINAL_ID,DELETE_FLAG,COLOR_ID_NUMBER_ID,AUTHORIZED_PAY_MASS) values ('B0000808','3401543', '测B15542', 4, 341543, 0, '2',15);

insert into T_SIMINFO (SIM_ID, ORG_CODE, DEPTCODE, STATE,PAY_MODLE, SIM_NUM) values(35544, 'B0000808', '中国移动', 1, '预付费', 13100015543);
insert into T_TERMINALINFO (TERMINAL_ID,TTYPE_ID,SIM_ID,TERMINAL_CODE,ORG_CODE,IS_VIDEO_TERMINAL,SP_SERVER_NAME,PROTOCOL_TYPE,CHANNELS,YT_PROTOCOL_TYPE) values(341544, 4, 35544, '1015543', 'B0000808',1,'1076测试服务器','4',8,'0');
insert into V_VEHICLEINFO (ORG_CODE,VEHICLE_ID,ID_NUMBER,TYPE_ID,TERMINAL_ID,DELETE_FLAG,COLOR_ID_NUMBER_ID,AUTHORIZED_PAY_MASS) values ('B0000808','3401544', '测B15543', 4, 341544, 0, '2',15);

insert into T_SIMINFO (SIM_ID, ORG_CODE, DEPTCODE, STATE,PAY_MODLE, SIM_NUM) values(35545, 'B0000808', '中国移动', 1, '预付费', 13100015544);
insert into T_TERMINALINFO (TERMINAL_ID,TTYPE_ID,SIM_ID,TERMINAL_CODE,ORG_CODE,IS_VIDEO_TERMINAL,SP_SERVER_NAME,PROTOCOL_TYPE,CHANNELS,YT_PROTOCOL_TYPE) values(341545, 4, 35545, '1015544', 'B0000808',1,'1076测试服务器','4',8,'0');
insert into V_VEHICLEINFO (ORG_CODE,VEHICLE_ID,ID_NUMBER,TYPE_ID,TERMINAL_ID,DELETE_FLAG,COLOR_ID_NUMBER_ID,AUTHORIZED_PAY_MASS) values ('B0000808','3401545', '测B15544', 4, 341545, 0, '2',15);

insert into T_SIMINFO (SIM_ID, ORG_CODE, DEPTCODE, STATE,PAY_MODLE, SIM_NUM) values(35546, 'B0000808', '中国移动', 1, '预付费', 13100015545);
insert into T_TERMINALINFO (TERMINAL_ID,TTYPE_ID,SIM_ID,TERMINAL_CODE,ORG_CODE,IS_VIDEO_TERMINAL,SP_SERVER_NAME,PROTOCOL_TYPE,CHANNELS,YT_PROTOCOL_TYPE) values(341546, 4, 35546, '1015545', 'B0000808',1,'1076测试服务器','4',8,'0');
insert into V_VEHICLEINFO (ORG_CODE,VEHICLE_ID,ID_NUMBER,TYPE_ID,TERMINAL_ID,DELETE_FLAG,COLOR_ID_NUMBER_ID,AUTHORIZED_PAY_MASS) values ('B0000808','3401546', '测B15545', 4, 341546, 0, '2',15);

insert into T_SIMINFO (SIM_ID, ORG_CODE, DEPTCODE, STATE,PAY_MODLE, SIM_NUM) values(35547, 'B0000808', '中国移动', 1, '预付费', 13100015546);
insert into T_TERMINALINFO (TERMINAL_ID,TTYPE_ID,SIM_ID,TERMINAL_CODE,ORG_CODE,IS_VIDEO_TERMINAL,SP_SERVER_NAME,PROTOCOL_TYPE,CHANNELS,YT_PROTOCOL_TYPE) values(341547, 4, 35547, '1015546', 'B0000808',1,'1076测试服务器','4',8,'0');
insert into V_VEHICLEINFO (ORG_CODE,VEHICLE_ID,ID_NUMBER,TYPE_ID,TERMINAL_ID,DELETE_FLAG,COLOR_ID_NUMBER_ID,AUTHORIZED_PAY_MASS) values ('B0000808','3401547', '测B15546', 4, 341547, 0, '2',15);

insert into T_SIMINFO (SIM_ID, ORG_CODE, DEPTCODE, STATE,PAY_MODLE, SIM_NUM) values(35548, 'B0000808', '中国移动', 1, '预付费', 13100015547);
insert into T_TERMINALINFO (TERMINAL_ID,TTYPE_ID,SIM_ID,TERMINAL_CODE,ORG_CODE,IS_VIDEO_TERMINAL,SP_SERVER_NAME,PROTOCOL_TYPE,CHANNELS,YT_PROTOCOL_TYPE) values(341548, 4, 35548, '1015547', 'B0000808',1,'1076测试服务器','4',8,'0');
insert into V_VEHICLEINFO (ORG_CODE,VEHICLE_ID,ID_NUMBER,TYPE_ID,TERMINAL_ID,DELETE_FLAG,COLOR_ID_NUMBER_ID,AUTHORIZED_PAY_MASS) values ('B0000808','3401548', '测B15547', 4, 341548, 0, '2',15);

insert into T_SIMINFO (SIM_ID, ORG_CODE, DEPTCODE, STATE,PAY_MODLE, SIM_NUM) values(35549, 'B0000808', '中国移动', 1, '预付费', 13100015548);
insert into T_TERMINALINFO (TERMINAL_ID,TTYPE_ID,SIM_ID,TERMINAL_CODE,ORG_CODE,IS_VIDEO_TERMINAL,SP_SERVER_NAME,PROTOCOL_TYPE,CHANNELS,YT_PROTOCOL_TYPE) values(341549, 4, 35549, '1015548', 'B0000808',1,'1076测试服务器','4',8,'0');
insert into V_VEHICLEINFO (ORG_CODE,VEHICLE_ID,ID_NUMBER,TYPE_ID,TERMINAL_ID,DELETE_FLAG,COLOR_ID_NUMBER_ID,AUTHORIZED_PAY_MASS) values ('B0000808','3401549', '测B15548', 4, 341549, 0, '2',15);

insert into T_SIMINFO (SIM_ID, ORG_CODE, DEPTCODE, STATE,PAY_MODLE, SIM_NUM) values(35550, 'B0000808', '中国移动', 1, '预付费', 13100015549);
insert into T_TERMINALINFO (TERMINAL_ID,TTYPE_ID,SIM_ID,TERMINAL_CODE,ORG_CODE,IS_VIDEO_TERMINAL,SP_SERVER_NAME,PROTOCOL_TYPE,CHANNELS,YT_PROTOCOL_TYPE) values(341550, 4, 35550, '1015549', 'B0000808',1,'1076测试服务器','4',8,'0');
insert into V_VEHICLEINFO (ORG_CODE,VEHICLE_ID,ID_NUMBER,TYPE_ID,TERMINAL_ID,DELETE_FLAG,COLOR_ID_NUMBER_ID,AUTHORIZED_PAY_MASS) values ('B0000808','3401550', '测B15549', 4, 341550, 0, '2',15);

insert into T_SIMINFO (SIM_ID, ORG_CODE, DEPTCODE, STATE,PAY_MODLE, SIM_NUM) values(35551, 'B0000808', '中国移动', 1, '预付费', 13100015550);
insert into T_TERMINALINFO (TERMINAL_ID,TTYPE_ID,SIM_ID,TERMINAL_CODE,ORG_CODE,IS_VIDEO_TERMINAL,SP_SERVER_NAME,PROTOCOL_TYPE,CHANNELS,YT_PROTOCOL_TYPE) values(341551, 4, 35551, '1015550', 'B0000808',1,'1076测试服务器','4',8,'0');
insert into V_VEHICLEINFO (ORG_CODE,VEHICLE_ID,ID_NUMBER,TYPE_ID,TERMINAL_ID,DELETE_FLAG,COLOR_ID_NUMBER_ID,AUTHORIZED_PAY_MASS) values ('B0000808','3401551', '测B15550', 4, 341551, 0, '2',15);

insert into T_SIMINFO (SIM_ID, ORG_CODE, DEPTCODE, STATE,PAY_MODLE, SIM_NUM) values(35552, 'B0000808', '中国移动', 1, '预付费', 13100015551);
insert into T_TERMINALINFO (TERMINAL_ID,TTYPE_ID,SIM_ID,TERMINAL_CODE,ORG_CODE,IS_VIDEO_TERMINAL,SP_SERVER_NAME,PROTOCOL_TYPE,CHANNELS,YT_PROTOCOL_TYPE) values(341552, 4, 35552, '1015551', 'B0000808',1,'1076测试服务器','4',8,'0');
insert into V_VEHICLEINFO (ORG_CODE,VEHICLE_ID,ID_NUMBER,TYPE_ID,TERMINAL_ID,DELETE_FLAG,COLOR_ID_NUMBER_ID,AUTHORIZED_PAY_MASS) values ('B0000808','3401552', '测B15551', 4, 341552, 0, '2',15);

insert into T_SIMINFO (SIM_ID, ORG_CODE, DEPTCODE, STATE,PAY_MODLE, SIM_NUM) values(35553, 'B0000808', '中国移动', 1, '预付费', 13100015552);
insert into T_TERMINALINFO (TERMINAL_ID,TTYPE_ID,SIM_ID,TERMINAL_CODE,ORG_CODE,IS_VIDEO_TERMINAL,SP_SERVER_NAME,PROTOCOL_TYPE,CHANNELS,YT_PROTOCOL_TYPE) values(341553, 4, 35553, '1015552', 'B0000808',1,'1076测试服务器','4',8,'0');
insert into V_VEHICLEINFO (ORG_CODE,VEHICLE_ID,ID_NUMBER,TYPE_ID,TERMINAL_ID,DELETE_FLAG,COLOR_ID_NUMBER_ID,AUTHORIZED_PAY_MASS) values ('B0000808','3401553', '测B15552', 4, 341553, 0, '2',15);

insert into T_SIMINFO (SIM_ID, ORG_CODE, DEPTCODE, STATE,PAY_MODLE, SIM_NUM) values(35554, 'B0000808', '中国移动', 1, '预付费', 13100015553);
insert into T_TERMINALINFO (TERMINAL_ID,TTYPE_ID,SIM_ID,TERMINAL_CODE,ORG_CODE,IS_VIDEO_TERMINAL,SP_SERVER_NAME,PROTOCOL_TYPE,CHANNELS,YT_PROTOCOL_TYPE) values(341554, 4, 35554, '1015553', 'B0000808',1,'1076测试服务器','4',8,'0');
insert into V_VEHICLEINFO (ORG_CODE,VEHICLE_ID,ID_NUMBER,TYPE_ID,TERMINAL_ID,DELETE_FLAG,COLOR_ID_NUMBER_ID,AUTHORIZED_PAY_MASS) values ('B0000808','3401554', '测B15553', 4, 341554, 0, '2',15);

insert into T_SIMINFO (SIM_ID, ORG_CODE, DEPTCODE, STATE,PAY_MODLE, SIM_NUM) values(35555, 'B0000808', '中国移动', 1, '预付费', 13100015554);
insert into T_TERMINALINFO (TERMINAL_ID,TTYPE_ID,SIM_ID,TERMINAL_CODE,ORG_CODE,IS_VIDEO_TERMINAL,SP_SERVER_NAME,PROTOCOL_TYPE,CHANNELS,YT_PROTOCOL_TYPE) values(341555, 4, 35555, '1015554', 'B0000808',1,'1076测试服务器','4',8,'0');
insert into V_VEHICLEINFO (ORG_CODE,VEHICLE_ID,ID_NUMBER,TYPE_ID,TERMINAL_ID,DELETE_FLAG,COLOR_ID_NUMBER_ID,AUTHORIZED_PAY_MASS) values ('B0000808','3401555', '测B15554', 4, 341555, 0, '2',15);

insert into T_SIMINFO (SIM_ID, ORG_CODE, DEPTCODE, STATE,PAY_MODLE, SIM_NUM) values(35556, 'B0000808', '中国移动', 1, '预付费', 13100015555);
insert into T_TERMINALINFO (TERMINAL_ID,TTYPE_ID,SIM_ID,TERMINAL_CODE,ORG_CODE,IS_VIDEO_TERMINAL,SP_SERVER_NAME,PROTOCOL_TYPE,CHANNELS,YT_PROTOCOL_TYPE) values(341556, 4, 35556, '1015555', 'B0000808',1,'1076测试服务器','4',8,'0');
insert into V_VEHICLEINFO (ORG_CODE,VEHICLE_ID,ID_NUMBER,TYPE_ID,TERMINAL_ID,DELETE_FLAG,COLOR_ID_NUMBER_ID,AUTHORIZED_PAY_MASS) values ('B0000808','3401556', '测B15555', 4, 341556, 0, '2',15);

insert into T_SIMINFO (SIM_ID, ORG_CODE, DEPTCODE, STATE,PAY_MODLE, SIM_NUM) values(35557, 'B0000808', '中国移动', 1, '预付费', 13100015556);
insert into T_TERMINALINFO (TERMINAL_ID,TTYPE_ID,SIM_ID,TERMINAL_CODE,ORG_CODE,IS_VIDEO_TERMINAL,SP_SERVER_NAME,PROTOCOL_TYPE,CHANNELS,YT_PROTOCOL_TYPE) values(341557, 4, 35557, '1015556', 'B0000808',1,'1076测试服务器','4',8,'0');
insert into V_VEHICLEINFO (ORG_CODE,VEHICLE_ID,ID_NUMBER,TYPE_ID,TERMINAL_ID,DELETE_FLAG,COLOR_ID_NUMBER_ID,AUTHORIZED_PAY_MASS) values ('B0000808','3401557', '测B15556', 4, 341557, 0, '2',15);

insert into T_SIMINFO (SIM_ID, ORG_CODE, DEPTCODE, STATE,PAY_MODLE, SIM_NUM) values(35558, 'B0000808', '中国移动', 1, '预付费', 13100015557);
insert into T_TERMINALINFO (TERMINAL_ID,TTYPE_ID,SIM_ID,TERMINAL_CODE,ORG_CODE,IS_VIDEO_TERMINAL,SP_SERVER_NAME,PROTOCOL_TYPE,CHANNELS,YT_PROTOCOL_TYPE) values(341558, 4, 35558, '1015557', 'B0000808',1,'1076测试服务器','4',8,'0');
insert into V_VEHICLEINFO (ORG_CODE,VEHICLE_ID,ID_NUMBER,TYPE_ID,TERMINAL_ID,DELETE_FLAG,COLOR_ID_NUMBER_ID,AUTHORIZED_PAY_MASS) values ('B0000808','3401558', '测B15557', 4, 341558, 0, '2',15);

insert into T_SIMINFO (SIM_ID, ORG_CODE, DEPTCODE, STATE,PAY_MODLE, SIM_NUM) values(35559, 'B0000808', '中国移动', 1, '预付费', 13100015558);
insert into T_TERMINALINFO (TERMINAL_ID,TTYPE_ID,SIM_ID,TERMINAL_CODE,ORG_CODE,IS_VIDEO_TERMINAL,SP_SERVER_NAME,PROTOCOL_TYPE,CHANNELS,YT_PROTOCOL_TYPE) values(341559, 4, 35559, '1015558', 'B0000808',1,'1076测试服务器','4',8,'0');
insert into V_VEHICLEINFO (ORG_CODE,VEHICLE_ID,ID_NUMBER,TYPE_ID,TERMINAL_ID,DELETE_FLAG,COLOR_ID_NUMBER_ID,AUTHORIZED_PAY_MASS) values ('B0000808','3401559', '测B15558', 4, 341559, 0, '2',15);

insert into T_SIMINFO (SIM_ID, ORG_CODE, DEPTCODE, STATE,PAY_MODLE, SIM_NUM) values(35560, 'B0000808', '中国移动', 1, '预付费', 13100015559);
insert into T_TERMINALINFO (TERMINAL_ID,TTYPE_ID,SIM_ID,TERMINAL_CODE,ORG_CODE,IS_VIDEO_TERMINAL,SP_SERVER_NAME,PROTOCOL_TYPE,CHANNELS,YT_PROTOCOL_TYPE) values(341560, 4, 35560, '1015559', 'B0000808',1,'1076测试服务器','4',8,'0');
insert into V_VEHICLEINFO (ORG_CODE,VEHICLE_ID,ID_NUMBER,TYPE_ID,TERMINAL_ID,DELETE_FLAG,COLOR_ID_NUMBER_ID,AUTHORIZED_PAY_MASS) values ('B0000808','3401560', '测B15559', 4, 341560, 0, '2',15);

insert into T_SIMINFO (SIM_ID, ORG_CODE, DEPTCODE, STATE,PAY_MODLE, SIM_NUM) values(35561, 'B0000808', '中国移动', 1, '预付费', 13100015560);
insert into T_TERMINALINFO (TERMINAL_ID,TTYPE_ID,SIM_ID,TERMINAL_CODE,ORG_CODE,IS_VIDEO_TERMINAL,SP_SERVER_NAME,PROTOCOL_TYPE,CHANNELS,YT_PROTOCOL_TYPE) values(341561, 4, 35561, '1015560', 'B0000808',1,'1076测试服务器','4',8,'0');
insert into V_VEHICLEINFO (ORG_CODE,VEHICLE_ID,ID_NUMBER,TYPE_ID,TERMINAL_ID,DELETE_FLAG,COLOR_ID_NUMBER_ID,AUTHORIZED_PAY_MASS) values ('B0000808','3401561', '测B15560', 4, 341561, 0, '2',15);

insert into T_SIMINFO (SIM_ID, ORG_CODE, DEPTCODE, STATE,PAY_MODLE, SIM_NUM) values(35562, 'B0000808', '中国移动', 1, '预付费', 13100015561);
insert into T_TERMINALINFO (TERMINAL_ID,TTYPE_ID,SIM_ID,TERMINAL_CODE,ORG_CODE,IS_VIDEO_TERMINAL,SP_SERVER_NAME,PROTOCOL_TYPE,CHANNELS,YT_PROTOCOL_TYPE) values(341562, 4, 35562, '1015561', 'B0000808',1,'1076测试服务器','4',8,'0');
insert into V_VEHICLEINFO (ORG_CODE,VEHICLE_ID,ID_NUMBER,TYPE_ID,TERMINAL_ID,DELETE_FLAG,COLOR_ID_NUMBER_ID,AUTHORIZED_PAY_MASS) values ('B0000808','3401562', '测B15561', 4, 341562, 0, '2',15);

insert into T_SIMINFO (SIM_ID, ORG_CODE, DEPTCODE, STATE,PAY_MODLE, SIM_NUM) values(35563, 'B0000808', '中国移动', 1, '预付费', 13100015562);
insert into T_TERMINALINFO (TERMINAL_ID,TTYPE_ID,SIM_ID,TERMINAL_CODE,ORG_CODE,IS_VIDEO_TERMINAL,SP_SERVER_NAME,PROTOCOL_TYPE,CHANNELS,YT_PROTOCOL_TYPE) values(341563, 4, 35563, '1015562', 'B0000808',1,'1076测试服务器','4',8,'0');
insert into V_VEHICLEINFO (ORG_CODE,VEHICLE_ID,ID_NUMBER,TYPE_ID,TERMINAL_ID,DELETE_FLAG,COLOR_ID_NUMBER_ID,AUTHORIZED_PAY_MASS) values ('B0000808','3401563', '测B15562', 4, 341563, 0, '2',15);

insert into T_SIMINFO (SIM_ID, ORG_CODE, DEPTCODE, STATE,PAY_MODLE, SIM_NUM) values(35564, 'B0000808', '中国移动', 1, '预付费', 13100015563);
insert into T_TERMINALINFO (TERMINAL_ID,TTYPE_ID,SIM_ID,TERMINAL_CODE,ORG_CODE,IS_VIDEO_TERMINAL,SP_SERVER_NAME,PROTOCOL_TYPE,CHANNELS,YT_PROTOCOL_TYPE) values(341564, 4, 35564, '1015563', 'B0000808',1,'1076测试服务器','4',8,'0');
insert into V_VEHICLEINFO (ORG_CODE,VEHICLE_ID,ID_NUMBER,TYPE_ID,TERMINAL_ID,DELETE_FLAG,COLOR_ID_NUMBER_ID,AUTHORIZED_PAY_MASS) values ('B0000808','3401564', '测B15563', 4, 341564, 0, '2',15);

insert into T_SIMINFO (SIM_ID, ORG_CODE, DEPTCODE, STATE,PAY_MODLE, SIM_NUM) values(35565, 'B0000808', '中国移动', 1, '预付费', 13100015564);
insert into T_TERMINALINFO (TERMINAL_ID,TTYPE_ID,SIM_ID,TERMINAL_CODE,ORG_CODE,IS_VIDEO_TERMINAL,SP_SERVER_NAME,PROTOCOL_TYPE,CHANNELS,YT_PROTOCOL_TYPE) values(341565, 4, 35565, '1015564', 'B0000808',1,'1076测试服务器','4',8,'0');
insert into V_VEHICLEINFO (ORG_CODE,VEHICLE_ID,ID_NUMBER,TYPE_ID,TERMINAL_ID,DELETE_FLAG,COLOR_ID_NUMBER_ID,AUTHORIZED_PAY_MASS) values ('B0000808','3401565', '测B15564', 4, 341565, 0, '2',15);

insert into T_SIMINFO (SIM_ID, ORG_CODE, DEPTCODE, STATE,PAY_MODLE, SIM_NUM) values(35566, 'B0000808', '中国移动', 1, '预付费', 13100015565);
insert into T_TERMINALINFO (TERMINAL_ID,TTYPE_ID,SIM_ID,TERMINAL_CODE,ORG_CODE,IS_VIDEO_TERMINAL,SP_SERVER_NAME,PROTOCOL_TYPE,CHANNELS,YT_PROTOCOL_TYPE) values(341566, 4, 35566, '1015565', 'B0000808',1,'1076测试服务器','4',8,'0');
insert into V_VEHICLEINFO (ORG_CODE,VEHICLE_ID,ID_NUMBER,TYPE_ID,TERMINAL_ID,DELETE_FLAG,COLOR_ID_NUMBER_ID,AUTHORIZED_PAY_MASS) values ('B0000808','3401566', '测B15565', 4, 341566, 0, '2',15);

insert into T_SIMINFO (SIM_ID, ORG_CODE, DEPTCODE, STATE,PAY_MODLE, SIM_NUM) values(35567, 'B0000808', '中国移动', 1, '预付费', 13100015566);
insert into T_TERMINALINFO (TERMINAL_ID,TTYPE_ID,SIM_ID,TERMINAL_CODE,ORG_CODE,IS_VIDEO_TERMINAL,SP_SERVER_NAME,PROTOCOL_TYPE,CHANNELS,YT_PROTOCOL_TYPE) values(341567, 4, 35567, '1015566', 'B0000808',1,'1076测试服务器','4',8,'0');
insert into V_VEHICLEINFO (ORG_CODE,VEHICLE_ID,ID_NUMBER,TYPE_ID,TERMINAL_ID,DELETE_FLAG,COLOR_ID_NUMBER_ID,AUTHORIZED_PAY_MASS) values ('B0000808','3401567', '测B15566', 4, 341567, 0, '2',15);

insert into T_SIMINFO (SIM_ID, ORG_CODE, DEPTCODE, STATE,PAY_MODLE, SIM_NUM) values(35568, 'B0000808', '中国移动', 1, '预付费', 13100015567);
insert into T_TERMINALINFO (TERMINAL_ID,TTYPE_ID,SIM_ID,TERMINAL_CODE,ORG_CODE,IS_VIDEO_TERMINAL,SP_SERVER_NAME,PROTOCOL_TYPE,CHANNELS,YT_PROTOCOL_TYPE) values(341568, 4, 35568, '1015567', 'B0000808',1,'1076测试服务器','4',8,'0');
insert into V_VEHICLEINFO (ORG_CODE,VEHICLE_ID,ID_NUMBER,TYPE_ID,TERMINAL_ID,DELETE_FLAG,COLOR_ID_NUMBER_ID,AUTHORIZED_PAY_MASS) values ('B0000808','3401568', '测B15567', 4, 341568, 0, '2',15);

insert into T_SIMINFO (SIM_ID, ORG_CODE, DEPTCODE, STATE,PAY_MODLE, SIM_NUM) values(35569, 'B0000808', '中国移动', 1, '预付费', 13100015568);
insert into T_TERMINALINFO (TERMINAL_ID,TTYPE_ID,SIM_ID,TERMINAL_CODE,ORG_CODE,IS_VIDEO_TERMINAL,SP_SERVER_NAME,PROTOCOL_TYPE,CHANNELS,YT_PROTOCOL_TYPE) values(341569, 4, 35569, '1015568', 'B0000808',1,'1076测试服务器','4',8,'0');
insert into V_VEHICLEINFO (ORG_CODE,VEHICLE_ID,ID_NUMBER,TYPE_ID,TERMINAL_ID,DELETE_FLAG,COLOR_ID_NUMBER_ID,AUTHORIZED_PAY_MASS) values ('B0000808','3401569', '测B15568', 4, 341569, 0, '2',15);

insert into T_SIMINFO (SIM_ID, ORG_CODE, DEPTCODE, STATE,PAY_MODLE, SIM_NUM) values(35570, 'B0000808', '中国移动', 1, '预付费', 13100015569);
insert into T_TERMINALINFO (TERMINAL_ID,TTYPE_ID,SIM_ID,TERMINAL_CODE,ORG_CODE,IS_VIDEO_TERMINAL,SP_SERVER_NAME,PROTOCOL_TYPE,CHANNELS,YT_PROTOCOL_TYPE) values(341570, 4, 35570, '1015569', 'B0000808',1,'1076测试服务器','4',8,'0');
insert into V_VEHICLEINFO (ORG_CODE,VEHICLE_ID,ID_NUMBER,TYPE_ID,TERMINAL_ID,DELETE_FLAG,COLOR_ID_NUMBER_ID,AUTHORIZED_PAY_MASS) values ('B0000808','3401570', '测B15569', 4, 341570, 0, '2',15);

insert into T_SIMINFO (SIM_ID, ORG_CODE, DEPTCODE, STATE,PAY_MODLE, SIM_NUM) values(35571, 'B0000808', '中国移动', 1, '预付费', 13100015570);
insert into T_TERMINALINFO (TERMINAL_ID,TTYPE_ID,SIM_ID,TERMINAL_CODE,ORG_CODE,IS_VIDEO_TERMINAL,SP_SERVER_NAME,PROTOCOL_TYPE,CHANNELS,YT_PROTOCOL_TYPE) values(341571, 4, 35571, '1015570', 'B0000808',1,'1076测试服务器','4',8,'0');
insert into V_VEHICLEINFO (ORG_CODE,VEHICLE_ID,ID_NUMBER,TYPE_ID,TERMINAL_ID,DELETE_FLAG,COLOR_ID_NUMBER_ID,AUTHORIZED_PAY_MASS) values ('B0000808','3401571', '测B15570', 4, 341571, 0, '2',15);

insert into T_SIMINFO (SIM_ID, ORG_CODE, DEPTCODE, STATE,PAY_MODLE, SIM_NUM) values(35572, 'B0000808', '中国移动', 1, '预付费', 13100015571);
insert into T_TERMINALINFO (TERMINAL_ID,TTYPE_ID,SIM_ID,TERMINAL_CODE,ORG_CODE,IS_VIDEO_TERMINAL,SP_SERVER_NAME,PROTOCOL_TYPE,CHANNELS,YT_PROTOCOL_TYPE) values(341572, 4, 35572, '1015571', 'B0000808',1,'1076测试服务器','4',8,'0');
insert into V_VEHICLEINFO (ORG_CODE,VEHICLE_ID,ID_NUMBER,TYPE_ID,TERMINAL_ID,DELETE_FLAG,COLOR_ID_NUMBER_ID,AUTHORIZED_PAY_MASS) values ('B0000808','3401572', '测B15571', 4, 341572, 0, '2',15);

insert into T_SIMINFO (SIM_ID, ORG_CODE, DEPTCODE, STATE,PAY_MODLE, SIM_NUM) values(35573, 'B0000808', '中国移动', 1, '预付费', 13100015572);
insert into T_TERMINALINFO (TERMINAL_ID,TTYPE_ID,SIM_ID,TERMINAL_CODE,ORG_CODE,IS_VIDEO_TERMINAL,SP_SERVER_NAME,PROTOCOL_TYPE,CHANNELS,YT_PROTOCOL_TYPE) values(341573, 4, 35573, '1015572', 'B0000808',1,'1076测试服务器','4',8,'0');
insert into V_VEHICLEINFO (ORG_CODE,VEHICLE_ID,ID_NUMBER,TYPE_ID,TERMINAL_ID,DELETE_FLAG,COLOR_ID_NUMBER_ID,AUTHORIZED_PAY_MASS) values ('B0000808','3401573', '测B15572', 4, 341573, 0, '2',15);

insert into T_SIMINFO (SIM_ID, ORG_CODE, DEPTCODE, STATE,PAY_MODLE, SIM_NUM) values(35574, 'B0000808', '中国移动', 1, '预付费', 13100015573);
insert into T_TERMINALINFO (TERMINAL_ID,TTYPE_ID,SIM_ID,TERMINAL_CODE,ORG_CODE,IS_VIDEO_TERMINAL,SP_SERVER_NAME,PROTOCOL_TYPE,CHANNELS,YT_PROTOCOL_TYPE) values(341574, 4, 35574, '1015573', 'B0000808',1,'1076测试服务器','4',8,'0');
insert into V_VEHICLEINFO (ORG_CODE,VEHICLE_ID,ID_NUMBER,TYPE_ID,TERMINAL_ID,DELETE_FLAG,COLOR_ID_NUMBER_ID,AUTHORIZED_PAY_MASS) values ('B0000808','3401574', '测B15573', 4, 341574, 0, '2',15);

insert into T_SIMINFO (SIM_ID, ORG_CODE, DEPTCODE, STATE,PAY_MODLE, SIM_NUM) values(35575, 'B0000808', '中国移动', 1, '预付费', 13100015574);
insert into T_TERMINALINFO (TERMINAL_ID,TTYPE_ID,SIM_ID,TERMINAL_CODE,ORG_CODE,IS_VIDEO_TERMINAL,SP_SERVER_NAME,PROTOCOL_TYPE,CHANNELS,YT_PROTOCOL_TYPE) values(341575, 4, 35575, '1015574', 'B0000808',1,'1076测试服务器','4',8,'0');
insert into V_VEHICLEINFO (ORG_CODE,VEHICLE_ID,ID_NUMBER,TYPE_ID,TERMINAL_ID,DELETE_FLAG,COLOR_ID_NUMBER_ID,AUTHORIZED_PAY_MASS) values ('B0000808','3401575', '测B15574', 4, 341575, 0, '2',15);

insert into T_SIMINFO (SIM_ID, ORG_CODE, DEPTCODE, STATE,PAY_MODLE, SIM_NUM) values(35576, 'B0000808', '中国移动', 1, '预付费', 13100015575);
insert into T_TERMINALINFO (TERMINAL_ID,TTYPE_ID,SIM_ID,TERMINAL_CODE,ORG_CODE,IS_VIDEO_TERMINAL,SP_SERVER_NAME,PROTOCOL_TYPE,CHANNELS,YT_PROTOCOL_TYPE) values(341576, 4, 35576, '1015575', 'B0000808',1,'1076测试服务器','4',8,'0');
insert into V_VEHICLEINFO (ORG_CODE,VEHICLE_ID,ID_NUMBER,TYPE_ID,TERMINAL_ID,DELETE_FLAG,COLOR_ID_NUMBER_ID,AUTHORIZED_PAY_MASS) values ('B0000808','3401576', '测B15575', 4, 341576, 0, '2',15);

insert into T_SIMINFO (SIM_ID, ORG_CODE, DEPTCODE, STATE,PAY_MODLE, SIM_NUM) values(35577, 'B0000808', '中国移动', 1, '预付费', 13100015576);
insert into T_TERMINALINFO (TERMINAL_ID,TTYPE_ID,SIM_ID,TERMINAL_CODE,ORG_CODE,IS_VIDEO_TERMINAL,SP_SERVER_NAME,PROTOCOL_TYPE,CHANNELS,YT_PROTOCOL_TYPE) values(341577, 4, 35577, '1015576', 'B0000808',1,'1076测试服务器','4',8,'0');
insert into V_VEHICLEINFO (ORG_CODE,VEHICLE_ID,ID_NUMBER,TYPE_ID,TERMINAL_ID,DELETE_FLAG,COLOR_ID_NUMBER_ID,AUTHORIZED_PAY_MASS) values ('B0000808','3401577', '测B15576', 4, 341577, 0, '2',15);

insert into T_SIMINFO (SIM_ID, ORG_CODE, DEPTCODE, STATE,PAY_MODLE, SIM_NUM) values(35578, 'B0000808', '中国移动', 1, '预付费', 13100015577);
insert into T_TERMINALINFO (TERMINAL_ID,TTYPE_ID,SIM_ID,TERMINAL_CODE,ORG_CODE,IS_VIDEO_TERMINAL,SP_SERVER_NAME,PROTOCOL_TYPE,CHANNELS,YT_PROTOCOL_TYPE) values(341578, 4, 35578, '1015577', 'B0000808',1,'1076测试服务器','4',8,'0');
insert into V_VEHICLEINFO (ORG_CODE,VEHICLE_ID,ID_NUMBER,TYPE_ID,TERMINAL_ID,DELETE_FLAG,COLOR_ID_NUMBER_ID,AUTHORIZED_PAY_MASS) values ('B0000808','3401578', '测B15577', 4, 341578, 0, '2',15);

insert into T_SIMINFO (SIM_ID, ORG_CODE, DEPTCODE, STATE,PAY_MODLE, SIM_NUM) values(35579, 'B0000808', '中国移动', 1, '预付费', 13100015578);
insert into T_TERMINALINFO (TERMINAL_ID,TTYPE_ID,SIM_ID,TERMINAL_CODE,ORG_CODE,IS_VIDEO_TERMINAL,SP_SERVER_NAME,PROTOCOL_TYPE,CHANNELS,YT_PROTOCOL_TYPE) values(341579, 4, 35579, '1015578', 'B0000808',1,'1076测试服务器','4',8,'0');
insert into V_VEHICLEINFO (ORG_CODE,VEHICLE_ID,ID_NUMBER,TYPE_ID,TERMINAL_ID,DELETE_FLAG,COLOR_ID_NUMBER_ID,AUTHORIZED_PAY_MASS) values ('B0000808','3401579', '测B15578', 4, 341579, 0, '2',15);

insert into T_SIMINFO (SIM_ID, ORG_CODE, DEPTCODE, STATE,PAY_MODLE, SIM_NUM) values(35580, 'B0000808', '中国移动', 1, '预付费', 13100015579);
insert into T_TERMINALINFO (TERMINAL_ID,TTYPE_ID,SIM_ID,TERMINAL_CODE,ORG_CODE,IS_VIDEO_TERMINAL,SP_SERVER_NAME,PROTOCOL_TYPE,CHANNELS,YT_PROTOCOL_TYPE) values(341580, 4, 35580, '1015579', 'B0000808',1,'1076测试服务器','4',8,'0');
insert into V_VEHICLEINFO (ORG_CODE,VEHICLE_ID,ID_NUMBER,TYPE_ID,TERMINAL_ID,DELETE_FLAG,COLOR_ID_NUMBER_ID,AUTHORIZED_PAY_MASS) values ('B0000808','3401580', '测B15579', 4, 341580, 0, '2',15);

insert into T_SIMINFO (SIM_ID, ORG_CODE, DEPTCODE, STATE,PAY_MODLE, SIM_NUM) values(35581, 'B0000808', '中国移动', 1, '预付费', 13100015580);
insert into T_TERMINALINFO (TERMINAL_ID,TTYPE_ID,SIM_ID,TERMINAL_CODE,ORG_CODE,IS_VIDEO_TERMINAL,SP_SERVER_NAME,PROTOCOL_TYPE,CHANNELS,YT_PROTOCOL_TYPE) values(341581, 4, 35581, '1015580', 'B0000808',1,'1076测试服务器','4',8,'0');
insert into V_VEHICLEINFO (ORG_CODE,VEHICLE_ID,ID_NUMBER,TYPE_ID,TERMINAL_ID,DELETE_FLAG,COLOR_ID_NUMBER_ID,AUTHORIZED_PAY_MASS) values ('B0000808','3401581', '测B15580', 4, 341581, 0, '2',15);

insert into T_SIMINFO (SIM_ID, ORG_CODE, DEPTCODE, STATE,PAY_MODLE, SIM_NUM) values(35582, 'B0000808', '中国移动', 1, '预付费', 13100015581);
insert into T_TERMINALINFO (TERMINAL_ID,TTYPE_ID,SIM_ID,TERMINAL_CODE,ORG_CODE,IS_VIDEO_TERMINAL,SP_SERVER_NAME,PROTOCOL_TYPE,CHANNELS,YT_PROTOCOL_TYPE) values(341582, 4, 35582, '1015581', 'B0000808',1,'1076测试服务器','4',8,'0');
insert into V_VEHICLEINFO (ORG_CODE,VEHICLE_ID,ID_NUMBER,TYPE_ID,TERMINAL_ID,DELETE_FLAG,COLOR_ID_NUMBER_ID,AUTHORIZED_PAY_MASS) values ('B0000808','3401582', '测B15581', 4, 341582, 0, '2',15);

insert into T_SIMINFO (SIM_ID, ORG_CODE, DEPTCODE, STATE,PAY_MODLE, SIM_NUM) values(35583, 'B0000808', '中国移动', 1, '预付费', 13100015582);
insert into T_TERMINALINFO (TERMINAL_ID,TTYPE_ID,SIM_ID,TERMINAL_CODE,ORG_CODE,IS_VIDEO_TERMINAL,SP_SERVER_NAME,PROTOCOL_TYPE,CHANNELS,YT_PROTOCOL_TYPE) values(341583, 4, 35583, '1015582', 'B0000808',1,'1076测试服务器','4',8,'0');
insert into V_VEHICLEINFO (ORG_CODE,VEHICLE_ID,ID_NUMBER,TYPE_ID,TERMINAL_ID,DELETE_FLAG,COLOR_ID_NUMBER_ID,AUTHORIZED_PAY_MASS) values ('B0000808','3401583', '测B15582', 4, 341583, 0, '2',15);

insert into T_SIMINFO (SIM_ID, ORG_CODE, DEPTCODE, STATE,PAY_MODLE, SIM_NUM) values(35584, 'B0000808', '中国移动', 1, '预付费', 13100015583);
insert into T_TERMINALINFO (TERMINAL_ID,TTYPE_ID,SIM_ID,TERMINAL_CODE,ORG_CODE,IS_VIDEO_TERMINAL,SP_SERVER_NAME,PROTOCOL_TYPE,CHANNELS,YT_PROTOCOL_TYPE) values(341584, 4, 35584, '1015583', 'B0000808',1,'1076测试服务器','4',8,'0');
insert into V_VEHICLEINFO (ORG_CODE,VEHICLE_ID,ID_NUMBER,TYPE_ID,TERMINAL_ID,DELETE_FLAG,COLOR_ID_NUMBER_ID,AUTHORIZED_PAY_MASS) values ('B0000808','3401584', '测B15583', 4, 341584, 0, '2',15);

insert into T_SIMINFO (SIM_ID, ORG_CODE, DEPTCODE, STATE,PAY_MODLE, SIM_NUM) values(35585, 'B0000808', '中国移动', 1, '预付费', 13100015584);
insert into T_TERMINALINFO (TERMINAL_ID,TTYPE_ID,SIM_ID,TERMINAL_CODE,ORG_CODE,IS_VIDEO_TERMINAL,SP_SERVER_NAME,PROTOCOL_TYPE,CHANNELS,YT_PROTOCOL_TYPE) values(341585, 4, 35585, '1015584', 'B0000808',1,'1076测试服务器','4',8,'0');
insert into V_VEHICLEINFO (ORG_CODE,VEHICLE_ID,ID_NUMBER,TYPE_ID,TERMINAL_ID,DELETE_FLAG,COLOR_ID_NUMBER_ID,AUTHORIZED_PAY_MASS) values ('B0000808','3401585', '测B15584', 4, 341585, 0, '2',15);

insert into T_SIMINFO (SIM_ID, ORG_CODE, DEPTCODE, STATE,PAY_MODLE, SIM_NUM) values(35586, 'B0000808', '中国移动', 1, '预付费', 13100015585);
insert into T_TERMINALINFO (TERMINAL_ID,TTYPE_ID,SIM_ID,TERMINAL_CODE,ORG_CODE,IS_VIDEO_TERMINAL,SP_SERVER_NAME,PROTOCOL_TYPE,CHANNELS,YT_PROTOCOL_TYPE) values(341586, 4, 35586, '1015585', 'B0000808',1,'1076测试服务器','4',8,'0');
insert into V_VEHICLEINFO (ORG_CODE,VEHICLE_ID,ID_NUMBER,TYPE_ID,TERMINAL_ID,DELETE_FLAG,COLOR_ID_NUMBER_ID,AUTHORIZED_PAY_MASS) values ('B0000808','3401586', '测B15585', 4, 341586, 0, '2',15);

insert into T_SIMINFO (SIM_ID, ORG_CODE, DEPTCODE, STATE,PAY_MODLE, SIM_NUM) values(35587, 'B0000808', '中国移动', 1, '预付费', 13100015586);
insert into T_TERMINALINFO (TERMINAL_ID,TTYPE_ID,SIM_ID,TERMINAL_CODE,ORG_CODE,IS_VIDEO_TERMINAL,SP_SERVER_NAME,PROTOCOL_TYPE,CHANNELS,YT_PROTOCOL_TYPE) values(341587, 4, 35587, '1015586', 'B0000808',1,'1076测试服务器','4',8,'0');
insert into V_VEHICLEINFO (ORG_CODE,VEHICLE_ID,ID_NUMBER,TYPE_ID,TERMINAL_ID,DELETE_FLAG,COLOR_ID_NUMBER_ID,AUTHORIZED_PAY_MASS) values ('B0000808','3401587', '测B15586', 4, 341587, 0, '2',15);

insert into T_SIMINFO (SIM_ID, ORG_CODE, DEPTCODE, STATE,PAY_MODLE, SIM_NUM) values(35588, 'B0000808', '中国移动', 1, '预付费', 13100015587);
insert into T_TERMINALINFO (TERMINAL_ID,TTYPE_ID,SIM_ID,TERMINAL_CODE,ORG_CODE,IS_VIDEO_TERMINAL,SP_SERVER_NAME,PROTOCOL_TYPE,CHANNELS,YT_PROTOCOL_TYPE) values(341588, 4, 35588, '1015587', 'B0000808',1,'1076测试服务器','4',8,'0');
insert into V_VEHICLEINFO (ORG_CODE,VEHICLE_ID,ID_NUMBER,TYPE_ID,TERMINAL_ID,DELETE_FLAG,COLOR_ID_NUMBER_ID,AUTHORIZED_PAY_MASS) values ('B0000808','3401588', '测B15587', 4, 341588, 0, '2',15);

insert into T_SIMINFO (SIM_ID, ORG_CODE, DEPTCODE, STATE,PAY_MODLE, SIM_NUM) values(35589, 'B0000808', '中国移动', 1, '预付费', 13100015588);
insert into T_TERMINALINFO (TERMINAL_ID,TTYPE_ID,SIM_ID,TERMINAL_CODE,ORG_CODE,IS_VIDEO_TERMINAL,SP_SERVER_NAME,PROTOCOL_TYPE,CHANNELS,YT_PROTOCOL_TYPE) values(341589, 4, 35589, '1015588', 'B0000808',1,'1076测试服务器','4',8,'0');
insert into V_VEHICLEINFO (ORG_CODE,VEHICLE_ID,ID_NUMBER,TYPE_ID,TERMINAL_ID,DELETE_FLAG,COLOR_ID_NUMBER_ID,AUTHORIZED_PAY_MASS) values ('B0000808','3401589', '测B15588', 4, 341589, 0, '2',15);

insert into T_SIMINFO (SIM_ID, ORG_CODE, DEPTCODE, STATE,PAY_MODLE, SIM_NUM) values(35590, 'B0000808', '中国移动', 1, '预付费', 13100015589);
insert into T_TERMINALINFO (TERMINAL_ID,TTYPE_ID,SIM_ID,TERMINAL_CODE,ORG_CODE,IS_VIDEO_TERMINAL,SP_SERVER_NAME,PROTOCOL_TYPE,CHANNELS,YT_PROTOCOL_TYPE) values(341590, 4, 35590, '1015589', 'B0000808',1,'1076测试服务器','4',8,'0');
insert into V_VEHICLEINFO (ORG_CODE,VEHICLE_ID,ID_NUMBER,TYPE_ID,TERMINAL_ID,DELETE_FLAG,COLOR_ID_NUMBER_ID,AUTHORIZED_PAY_MASS) values ('B0000808','3401590', '测B15589', 4, 341590, 0, '2',15);

insert into T_SIMINFO (SIM_ID, ORG_CODE, DEPTCODE, STATE,PAY_MODLE, SIM_NUM) values(35591, 'B0000808', '中国移动', 1, '预付费', 13100015590);
insert into T_TERMINALINFO (TERMINAL_ID,TTYPE_ID,SIM_ID,TERMINAL_CODE,ORG_CODE,IS_VIDEO_TERMINAL,SP_SERVER_NAME,PROTOCOL_TYPE,CHANNELS,YT_PROTOCOL_TYPE) values(341591, 4, 35591, '1015590', 'B0000808',1,'1076测试服务器','4',8,'0');
insert into V_VEHICLEINFO (ORG_CODE,VEHICLE_ID,ID_NUMBER,TYPE_ID,TERMINAL_ID,DELETE_FLAG,COLOR_ID_NUMBER_ID,AUTHORIZED_PAY_MASS) values ('B0000808','3401591', '测B15590', 4, 341591, 0, '2',15);

insert into T_SIMINFO (SIM_ID, ORG_CODE, DEPTCODE, STATE,PAY_MODLE, SIM_NUM) values(35592, 'B0000808', '中国移动', 1, '预付费', 13100015591);
insert into T_TERMINALINFO (TERMINAL_ID,TTYPE_ID,SIM_ID,TERMINAL_CODE,ORG_CODE,IS_VIDEO_TERMINAL,SP_SERVER_NAME,PROTOCOL_TYPE,CHANNELS,YT_PROTOCOL_TYPE) values(341592, 4, 35592, '1015591', 'B0000808',1,'1076测试服务器','4',8,'0');
insert into V_VEHICLEINFO (ORG_CODE,VEHICLE_ID,ID_NUMBER,TYPE_ID,TERMINAL_ID,DELETE_FLAG,COLOR_ID_NUMBER_ID,AUTHORIZED_PAY_MASS) values ('B0000808','3401592', '测B15591', 4, 341592, 0, '2',15);

insert into T_SIMINFO (SIM_ID, ORG_CODE, DEPTCODE, STATE,PAY_MODLE, SIM_NUM) values(35593, 'B0000808', '中国移动', 1, '预付费', 13100015592);
insert into T_TERMINALINFO (TERMINAL_ID,TTYPE_ID,SIM_ID,TERMINAL_CODE,ORG_CODE,IS_VIDEO_TERMINAL,SP_SERVER_NAME,PROTOCOL_TYPE,CHANNELS,YT_PROTOCOL_TYPE) values(341593, 4, 35593, '1015592', 'B0000808',1,'1076测试服务器','4',8,'0');
insert into V_VEHICLEINFO (ORG_CODE,VEHICLE_ID,ID_NUMBER,TYPE_ID,TERMINAL_ID,DELETE_FLAG,COLOR_ID_NUMBER_ID,AUTHORIZED_PAY_MASS) values ('B0000808','3401593', '测B15592', 4, 341593, 0, '2',15);

insert into T_SIMINFO (SIM_ID, ORG_CODE, DEPTCODE, STATE,PAY_MODLE, SIM_NUM) values(35594, 'B0000808', '中国移动', 1, '预付费', 13100015593);
insert into T_TERMINALINFO (TERMINAL_ID,TTYPE_ID,SIM_ID,TERMINAL_CODE,ORG_CODE,IS_VIDEO_TERMINAL,SP_SERVER_NAME,PROTOCOL_TYPE,CHANNELS,YT_PROTOCOL_TYPE) values(341594, 4, 35594, '1015593', 'B0000808',1,'1076测试服务器','4',8,'0');
insert into V_VEHICLEINFO (ORG_CODE,VEHICLE_ID,ID_NUMBER,TYPE_ID,TERMINAL_ID,DELETE_FLAG,COLOR_ID_NUMBER_ID,AUTHORIZED_PAY_MASS) values ('B0000808','3401594', '测B15593', 4, 341594, 0, '2',15);

insert into T_SIMINFO (SIM_ID, ORG_CODE, DEPTCODE, STATE,PAY_MODLE, SIM_NUM) values(35595, 'B0000808', '中国移动', 1, '预付费', 13100015594);
insert into T_TERMINALINFO (TERMINAL_ID,TTYPE_ID,SIM_ID,TERMINAL_CODE,ORG_CODE,IS_VIDEO_TERMINAL,SP_SERVER_NAME,PROTOCOL_TYPE,CHANNELS,YT_PROTOCOL_TYPE) values(341595, 4, 35595, '1015594', 'B0000808',1,'1076测试服务器','4',8,'0');
insert into V_VEHICLEINFO (ORG_CODE,VEHICLE_ID,ID_NUMBER,TYPE_ID,TERMINAL_ID,DELETE_FLAG,COLOR_ID_NUMBER_ID,AUTHORIZED_PAY_MASS) values ('B0000808','3401595', '测B15594', 4, 341595, 0, '2',15);

insert into T_SIMINFO (SIM_ID, ORG_CODE, DEPTCODE, STATE,PAY_MODLE, SIM_NUM) values(35596, 'B0000808', '中国移动', 1, '预付费', 13100015595);
insert into T_TERMINALINFO (TERMINAL_ID,TTYPE_ID,SIM_ID,TERMINAL_CODE,ORG_CODE,IS_VIDEO_TERMINAL,SP_SERVER_NAME,PROTOCOL_TYPE,CHANNELS,YT_PROTOCOL_TYPE) values(341596, 4, 35596, '1015595', 'B0000808',1,'1076测试服务器','4',8,'0');
insert into V_VEHICLEINFO (ORG_CODE,VEHICLE_ID,ID_NUMBER,TYPE_ID,TERMINAL_ID,DELETE_FLAG,COLOR_ID_NUMBER_ID,AUTHORIZED_PAY_MASS) values ('B0000808','3401596', '测B15595', 4, 341596, 0, '2',15);

insert into T_SIMINFO (SIM_ID, ORG_CODE, DEPTCODE, STATE,PAY_MODLE, SIM_NUM) values(35597, 'B0000808', '中国移动', 1, '预付费', 13100015596);
insert into T_TERMINALINFO (TERMINAL_ID,TTYPE_ID,SIM_ID,TERMINAL_CODE,ORG_CODE,IS_VIDEO_TERMINAL,SP_SERVER_NAME,PROTOCOL_TYPE,CHANNELS,YT_PROTOCOL_TYPE) values(341597, 4, 35597, '1015596', 'B0000808',1,'1076测试服务器','4',8,'0');
insert into V_VEHICLEINFO (ORG_CODE,VEHICLE_ID,ID_NUMBER,TYPE_ID,TERMINAL_ID,DELETE_FLAG,COLOR_ID_NUMBER_ID,AUTHORIZED_PAY_MASS) values ('B0000808','3401597', '测B15596', 4, 341597, 0, '2',15);

insert into T_SIMINFO (SIM_ID, ORG_CODE, DEPTCODE, STATE,PAY_MODLE, SIM_NUM) values(35598, 'B0000808', '中国移动', 1, '预付费', 13100015597);
insert into T_TERMINALINFO (TERMINAL_ID,TTYPE_ID,SIM_ID,TERMINAL_CODE,ORG_CODE,IS_VIDEO_TERMINAL,SP_SERVER_NAME,PROTOCOL_TYPE,CHANNELS,YT_PROTOCOL_TYPE) values(341598, 4, 35598, '1015597', 'B0000808',1,'1076测试服务器','4',8,'0');
insert into V_VEHICLEINFO (ORG_CODE,VEHICLE_ID,ID_NUMBER,TYPE_ID,TERMINAL_ID,DELETE_FLAG,COLOR_ID_NUMBER_ID,AUTHORIZED_PAY_MASS) values ('B0000808','3401598', '测B15597', 4, 341598, 0, '2',15);

insert into T_SIMINFO (SIM_ID, ORG_CODE, DEPTCODE, STATE,PAY_MODLE, SIM_NUM) values(35599, 'B0000808', '中国移动', 1, '预付费', 13100015598);
insert into T_TERMINALINFO (TERMINAL_ID,TTYPE_ID,SIM_ID,TERMINAL_CODE,ORG_CODE,IS_VIDEO_TERMINAL,SP_SERVER_NAME,PROTOCOL_TYPE,CHANNELS,YT_PROTOCOL_TYPE) values(341599, 4, 35599, '1015598', 'B0000808',1,'1076测试服务器','4',8,'0');
insert into V_VEHICLEINFO (ORG_CODE,VEHICLE_ID,ID_NUMBER,TYPE_ID,TERMINAL_ID,DELETE_FLAG,COLOR_ID_NUMBER_ID,AUTHORIZED_PAY_MASS) values ('B0000808','3401599', '测B15598', 4, 341599, 0, '2',15);

insert into T_SIMINFO (SIM_ID, ORG_CODE, DEPTCODE, STATE,PAY_MODLE, SIM_NUM) values(35600, 'B0000808', '中国移动', 1, '预付费', 13100015599);
insert into T_TERMINALINFO (TERMINAL_ID,TTYPE_ID,SIM_ID,TERMINAL_CODE,ORG_CODE,IS_VIDEO_TERMINAL,SP_SERVER_NAME,PROTOCOL_TYPE,CHANNELS,YT_PROTOCOL_TYPE) values(341600, 4, 35600, '1015599', 'B0000808',1,'1076测试服务器','4',8,'0');
insert into V_VEHICLEINFO (ORG_CODE,VEHICLE_ID,ID_NUMBER,TYPE_ID,TERMINAL_ID,DELETE_FLAG,COLOR_ID_NUMBER_ID,AUTHORIZED_PAY_MASS) values ('B0000808','3401600', '测B15599', 4, 341600, 0, '2',15);

insert into T_SIMINFO (SIM_ID, ORG_CODE, DEPTCODE, STATE,PAY_MODLE, SIM_NUM) values(35601, 'B0000808', '中国移动', 1, '预付费', 13100015600);
insert into T_TERMINALINFO (TERMINAL_ID,TTYPE_ID,SIM_ID,TERMINAL_CODE,ORG_CODE,IS_VIDEO_TERMINAL,SP_SERVER_NAME,PROTOCOL_TYPE,CHANNELS,YT_PROTOCOL_TYPE) values(341601, 4, 35601, '1015600', 'B0000808',1,'1076测试服务器','4',8,'0');
insert into V_VEHICLEINFO (ORG_CODE,VEHICLE_ID,ID_NUMBER,TYPE_ID,TERMINAL_ID,DELETE_FLAG,COLOR_ID_NUMBER_ID,AUTHORIZED_PAY_MASS) values ('B0000808','3401601', '测B15600', 4, 341601, 0, '2',15);

insert into T_SIMINFO (SIM_ID, ORG_CODE, DEPTCODE, STATE,PAY_MODLE, SIM_NUM) values(35602, 'B0000808', '中国移动', 1, '预付费', 13100015601);
insert into T_TERMINALINFO (TERMINAL_ID,TTYPE_ID,SIM_ID,TERMINAL_CODE,ORG_CODE,IS_VIDEO_TERMINAL,SP_SERVER_NAME,PROTOCOL_TYPE,CHANNELS,YT_PROTOCOL_TYPE) values(341602, 4, 35602, '1015601', 'B0000808',1,'1076测试服务器','4',8,'0');
insert into V_VEHICLEINFO (ORG_CODE,VEHICLE_ID,ID_NUMBER,TYPE_ID,TERMINAL_ID,DELETE_FLAG,COLOR_ID_NUMBER_ID,AUTHORIZED_PAY_MASS) values ('B0000808','3401602', '测B15601', 4, 341602, 0, '2',15);

insert into T_SIMINFO (SIM_ID, ORG_CODE, DEPTCODE, STATE,PAY_MODLE, SIM_NUM) values(35603, 'B0000808', '中国移动', 1, '预付费', 13100015602);
insert into T_TERMINALINFO (TERMINAL_ID,TTYPE_ID,SIM_ID,TERMINAL_CODE,ORG_CODE,IS_VIDEO_TERMINAL,SP_SERVER_NAME,PROTOCOL_TYPE,CHANNELS,YT_PROTOCOL_TYPE) values(341603, 4, 35603, '1015602', 'B0000808',1,'1076测试服务器','4',8,'0');
insert into V_VEHICLEINFO (ORG_CODE,VEHICLE_ID,ID_NUMBER,TYPE_ID,TERMINAL_ID,DELETE_FLAG,COLOR_ID_NUMBER_ID,AUTHORIZED_PAY_MASS) values ('B0000808','3401603', '测B15602', 4, 341603, 0, '2',15);

insert into T_SIMINFO (SIM_ID, ORG_CODE, DEPTCODE, STATE,PAY_MODLE, SIM_NUM) values(35604, 'B0000808', '中国移动', 1, '预付费', 13100015603);
insert into T_TERMINALINFO (TERMINAL_ID,TTYPE_ID,SIM_ID,TERMINAL_CODE,ORG_CODE,IS_VIDEO_TERMINAL,SP_SERVER_NAME,PROTOCOL_TYPE,CHANNELS,YT_PROTOCOL_TYPE) values(341604, 4, 35604, '1015603', 'B0000808',1,'1076测试服务器','4',8,'0');
insert into V_VEHICLEINFO (ORG_CODE,VEHICLE_ID,ID_NUMBER,TYPE_ID,TERMINAL_ID,DELETE_FLAG,COLOR_ID_NUMBER_ID,AUTHORIZED_PAY_MASS) values ('B0000808','3401604', '测B15603', 4, 341604, 0, '2',15);

insert into T_SIMINFO (SIM_ID, ORG_CODE, DEPTCODE, STATE,PAY_MODLE, SIM_NUM) values(35605, 'B0000808', '中国移动', 1, '预付费', 13100015604);
insert into T_TERMINALINFO (TERMINAL_ID,TTYPE_ID,SIM_ID,TERMINAL_CODE,ORG_CODE,IS_VIDEO_TERMINAL,SP_SERVER_NAME,PROTOCOL_TYPE,CHANNELS,YT_PROTOCOL_TYPE) values(341605, 4, 35605, '1015604', 'B0000808',1,'1076测试服务器','4',8,'0');
insert into V_VEHICLEINFO (ORG_CODE,VEHICLE_ID,ID_NUMBER,TYPE_ID,TERMINAL_ID,DELETE_FLAG,COLOR_ID_NUMBER_ID,AUTHORIZED_PAY_MASS) values ('B0000808','3401605', '测B15604', 4, 341605, 0, '2',15);

insert into T_SIMINFO (SIM_ID, ORG_CODE, DEPTCODE, STATE,PAY_MODLE, SIM_NUM) values(35606, 'B0000808', '中国移动', 1, '预付费', 13100015605);
insert into T_TERMINALINFO (TERMINAL_ID,TTYPE_ID,SIM_ID,TERMINAL_CODE,ORG_CODE,IS_VIDEO_TERMINAL,SP_SERVER_NAME,PROTOCOL_TYPE,CHANNELS,YT_PROTOCOL_TYPE) values(341606, 4, 35606, '1015605', 'B0000808',1,'1076测试服务器','4',8,'0');
insert into V_VEHICLEINFO (ORG_CODE,VEHICLE_ID,ID_NUMBER,TYPE_ID,TERMINAL_ID,DELETE_FLAG,COLOR_ID_NUMBER_ID,AUTHORIZED_PAY_MASS) values ('B0000808','3401606', '测B15605', 4, 341606, 0, '2',15);

insert into T_SIMINFO (SIM_ID, ORG_CODE, DEPTCODE, STATE,PAY_MODLE, SIM_NUM) values(35607, 'B0000808', '中国移动', 1, '预付费', 13100015606);
insert into T_TERMINALINFO (TERMINAL_ID,TTYPE_ID,SIM_ID,TERMINAL_CODE,ORG_CODE,IS_VIDEO_TERMINAL,SP_SERVER_NAME,PROTOCOL_TYPE,CHANNELS,YT_PROTOCOL_TYPE) values(341607, 4, 35607, '1015606', 'B0000808',1,'1076测试服务器','4',8,'0');
insert into V_VEHICLEINFO (ORG_CODE,VEHICLE_ID,ID_NUMBER,TYPE_ID,TERMINAL_ID,DELETE_FLAG,COLOR_ID_NUMBER_ID,AUTHORIZED_PAY_MASS) values ('B0000808','3401607', '测B15606', 4, 341607, 0, '2',15);

insert into T_SIMINFO (SIM_ID, ORG_CODE, DEPTCODE, STATE,PAY_MODLE, SIM_NUM) values(35608, 'B0000808', '中国移动', 1, '预付费', 13100015607);
insert into T_TERMINALINFO (TERMINAL_ID,TTYPE_ID,SIM_ID,TERMINAL_CODE,ORG_CODE,IS_VIDEO_TERMINAL,SP_SERVER_NAME,PROTOCOL_TYPE,CHANNELS,YT_PROTOCOL_TYPE) values(341608, 4, 35608, '1015607', 'B0000808',1,'1076测试服务器','4',8,'0');
insert into V_VEHICLEINFO (ORG_CODE,VEHICLE_ID,ID_NUMBER,TYPE_ID,TERMINAL_ID,DELETE_FLAG,COLOR_ID_NUMBER_ID,AUTHORIZED_PAY_MASS) values ('B0000808','3401608', '测B15607', 4, 341608, 0, '2',15);

insert into T_SIMINFO (SIM_ID, ORG_CODE, DEPTCODE, STATE,PAY_MODLE, SIM_NUM) values(35609, 'B0000808', '中国移动', 1, '预付费', 13100015608);
insert into T_TERMINALINFO (TERMINAL_ID,TTYPE_ID,SIM_ID,TERMINAL_CODE,ORG_CODE,IS_VIDEO_TERMINAL,SP_SERVER_NAME,PROTOCOL_TYPE,CHANNELS,YT_PROTOCOL_TYPE) values(341609, 4, 35609, '1015608', 'B0000808',1,'1076测试服务器','4',8,'0');
insert into V_VEHICLEINFO (ORG_CODE,VEHICLE_ID,ID_NUMBER,TYPE_ID,TERMINAL_ID,DELETE_FLAG,COLOR_ID_NUMBER_ID,AUTHORIZED_PAY_MASS) values ('B0000808','3401609', '测B15608', 4, 341609, 0, '2',15);

insert into T_SIMINFO (SIM_ID, ORG_CODE, DEPTCODE, STATE,PAY_MODLE, SIM_NUM) values(35610, 'B0000808', '中国移动', 1, '预付费', 13100015609);
insert into T_TERMINALINFO (TERMINAL_ID,TTYPE_ID,SIM_ID,TERMINAL_CODE,ORG_CODE,IS_VIDEO_TERMINAL,SP_SERVER_NAME,PROTOCOL_TYPE,CHANNELS,YT_PROTOCOL_TYPE) values(341610, 4, 35610, '1015609', 'B0000808',1,'1076测试服务器','4',8,'0');
insert into V_VEHICLEINFO (ORG_CODE,VEHICLE_ID,ID_NUMBER,TYPE_ID,TERMINAL_ID,DELETE_FLAG,COLOR_ID_NUMBER_ID,AUTHORIZED_PAY_MASS) values ('B0000808','3401610', '测B15609', 4, 341610, 0, '2',15);

insert into T_SIMINFO (SIM_ID, ORG_CODE, DEPTCODE, STATE,PAY_MODLE, SIM_NUM) values(35611, 'B0000808', '中国移动', 1, '预付费', 13100015610);
insert into T_TERMINALINFO (TERMINAL_ID,TTYPE_ID,SIM_ID,TERMINAL_CODE,ORG_CODE,IS_VIDEO_TERMINAL,SP_SERVER_NAME,PROTOCOL_TYPE,CHANNELS,YT_PROTOCOL_TYPE) values(341611, 4, 35611, '1015610', 'B0000808',1,'1076测试服务器','4',8,'0');
insert into V_VEHICLEINFO (ORG_CODE,VEHICLE_ID,ID_NUMBER,TYPE_ID,TERMINAL_ID,DELETE_FLAG,COLOR_ID_NUMBER_ID,AUTHORIZED_PAY_MASS) values ('B0000808','3401611', '测B15610', 4, 341611, 0, '2',15);

insert into T_SIMINFO (SIM_ID, ORG_CODE, DEPTCODE, STATE,PAY_MODLE, SIM_NUM) values(35612, 'B0000808', '中国移动', 1, '预付费', 13100015611);
insert into T_TERMINALINFO (TERMINAL_ID,TTYPE_ID,SIM_ID,TERMINAL_CODE,ORG_CODE,IS_VIDEO_TERMINAL,SP_SERVER_NAME,PROTOCOL_TYPE,CHANNELS,YT_PROTOCOL_TYPE) values(341612, 4, 35612, '1015611', 'B0000808',1,'1076测试服务器','4',8,'0');
insert into V_VEHICLEINFO (ORG_CODE,VEHICLE_ID,ID_NUMBER,TYPE_ID,TERMINAL_ID,DELETE_FLAG,COLOR_ID_NUMBER_ID,AUTHORIZED_PAY_MASS) values ('B0000808','3401612', '测B15611', 4, 341612, 0, '2',15);

insert into T_SIMINFO (SIM_ID, ORG_CODE, DEPTCODE, STATE,PAY_MODLE, SIM_NUM) values(35613, 'B0000808', '中国移动', 1, '预付费', 13100015612);
insert into T_TERMINALINFO (TERMINAL_ID,TTYPE_ID,SIM_ID,TERMINAL_CODE,ORG_CODE,IS_VIDEO_TERMINAL,SP_SERVER_NAME,PROTOCOL_TYPE,CHANNELS,YT_PROTOCOL_TYPE) values(341613, 4, 35613, '1015612', 'B0000808',1,'1076测试服务器','4',8,'0');
insert into V_VEHICLEINFO (ORG_CODE,VEHICLE_ID,ID_NUMBER,TYPE_ID,TERMINAL_ID,DELETE_FLAG,COLOR_ID_NUMBER_ID,AUTHORIZED_PAY_MASS) values ('B0000808','3401613', '测B15612', 4, 341613, 0, '2',15);

insert into T_SIMINFO (SIM_ID, ORG_CODE, DEPTCODE, STATE,PAY_MODLE, SIM_NUM) values(35614, 'B0000808', '中国移动', 1, '预付费', 13100015613);
insert into T_TERMINALINFO (TERMINAL_ID,TTYPE_ID,SIM_ID,TERMINAL_CODE,ORG_CODE,IS_VIDEO_TERMINAL,SP_SERVER_NAME,PROTOCOL_TYPE,CHANNELS,YT_PROTOCOL_TYPE) values(341614, 4, 35614, '1015613', 'B0000808',1,'1076测试服务器','4',8,'0');
insert into V_VEHICLEINFO (ORG_CODE,VEHICLE_ID,ID_NUMBER,TYPE_ID,TERMINAL_ID,DELETE_FLAG,COLOR_ID_NUMBER_ID,AUTHORIZED_PAY_MASS) values ('B0000808','3401614', '测B15613', 4, 341614, 0, '2',15);

insert into T_SIMINFO (SIM_ID, ORG_CODE, DEPTCODE, STATE,PAY_MODLE, SIM_NUM) values(35615, 'B0000808', '中国移动', 1, '预付费', 13100015614);
insert into T_TERMINALINFO (TERMINAL_ID,TTYPE_ID,SIM_ID,TERMINAL_CODE,ORG_CODE,IS_VIDEO_TERMINAL,SP_SERVER_NAME,PROTOCOL_TYPE,CHANNELS,YT_PROTOCOL_TYPE) values(341615, 4, 35615, '1015614', 'B0000808',1,'1076测试服务器','4',8,'0');
insert into V_VEHICLEINFO (ORG_CODE,VEHICLE_ID,ID_NUMBER,TYPE_ID,TERMINAL_ID,DELETE_FLAG,COLOR_ID_NUMBER_ID,AUTHORIZED_PAY_MASS) values ('B0000808','3401615', '测B15614', 4, 341615, 0, '2',15);

insert into T_SIMINFO (SIM_ID, ORG_CODE, DEPTCODE, STATE,PAY_MODLE, SIM_NUM) values(35616, 'B0000808', '中国移动', 1, '预付费', 13100015615);
insert into T_TERMINALINFO (TERMINAL_ID,TTYPE_ID,SIM_ID,TERMINAL_CODE,ORG_CODE,IS_VIDEO_TERMINAL,SP_SERVER_NAME,PROTOCOL_TYPE,CHANNELS,YT_PROTOCOL_TYPE) values(341616, 4, 35616, '1015615', 'B0000808',1,'1076测试服务器','4',8,'0');
insert into V_VEHICLEINFO (ORG_CODE,VEHICLE_ID,ID_NUMBER,TYPE_ID,TERMINAL_ID,DELETE_FLAG,COLOR_ID_NUMBER_ID,AUTHORIZED_PAY_MASS) values ('B0000808','3401616', '测B15615', 4, 341616, 0, '2',15);

insert into T_SIMINFO (SIM_ID, ORG_CODE, DEPTCODE, STATE,PAY_MODLE, SIM_NUM) values(35617, 'B0000808', '中国移动', 1, '预付费', 13100015616);
insert into T_TERMINALINFO (TERMINAL_ID,TTYPE_ID,SIM_ID,TERMINAL_CODE,ORG_CODE,IS_VIDEO_TERMINAL,SP_SERVER_NAME,PROTOCOL_TYPE,CHANNELS,YT_PROTOCOL_TYPE) values(341617, 4, 35617, '1015616', 'B0000808',1,'1076测试服务器','4',8,'0');
insert into V_VEHICLEINFO (ORG_CODE,VEHICLE_ID,ID_NUMBER,TYPE_ID,TERMINAL_ID,DELETE_FLAG,COLOR_ID_NUMBER_ID,AUTHORIZED_PAY_MASS) values ('B0000808','3401617', '测B15616', 4, 341617, 0, '2',15);

insert into T_SIMINFO (SIM_ID, ORG_CODE, DEPTCODE, STATE,PAY_MODLE, SIM_NUM) values(35618, 'B0000808', '中国移动', 1, '预付费', 13100015617);
insert into T_TERMINALINFO (TERMINAL_ID,TTYPE_ID,SIM_ID,TERMINAL_CODE,ORG_CODE,IS_VIDEO_TERMINAL,SP_SERVER_NAME,PROTOCOL_TYPE,CHANNELS,YT_PROTOCOL_TYPE) values(341618, 4, 35618, '1015617', 'B0000808',1,'1076测试服务器','4',8,'0');
insert into V_VEHICLEINFO (ORG_CODE,VEHICLE_ID,ID_NUMBER,TYPE_ID,TERMINAL_ID,DELETE_FLAG,COLOR_ID_NUMBER_ID,AUTHORIZED_PAY_MASS) values ('B0000808','3401618', '测B15617', 4, 341618, 0, '2',15);

insert into T_SIMINFO (SIM_ID, ORG_CODE, DEPTCODE, STATE,PAY_MODLE, SIM_NUM) values(35619, 'B0000808', '中国移动', 1, '预付费', 13100015618);
insert into T_TERMINALINFO (TERMINAL_ID,TTYPE_ID,SIM_ID,TERMINAL_CODE,ORG_CODE,IS_VIDEO_TERMINAL,SP_SERVER_NAME,PROTOCOL_TYPE,CHANNELS,YT_PROTOCOL_TYPE) values(341619, 4, 35619, '1015618', 'B0000808',1,'1076测试服务器','4',8,'0');
insert into V_VEHICLEINFO (ORG_CODE,VEHICLE_ID,ID_NUMBER,TYPE_ID,TERMINAL_ID,DELETE_FLAG,COLOR_ID_NUMBER_ID,AUTHORIZED_PAY_MASS) values ('B0000808','3401619', '测B15618', 4, 341619, 0, '2',15);

insert into T_SIMINFO (SIM_ID, ORG_CODE, DEPTCODE, STATE,PAY_MODLE, SIM_NUM) values(35620, 'B0000808', '中国移动', 1, '预付费', 13100015619);
insert into T_TERMINALINFO (TERMINAL_ID,TTYPE_ID,SIM_ID,TERMINAL_CODE,ORG_CODE,IS_VIDEO_TERMINAL,SP_SERVER_NAME,PROTOCOL_TYPE,CHANNELS,YT_PROTOCOL_TYPE) values(341620, 4, 35620, '1015619', 'B0000808',1,'1076测试服务器','4',8,'0');
insert into V_VEHICLEINFO (ORG_CODE,VEHICLE_ID,ID_NUMBER,TYPE_ID,TERMINAL_ID,DELETE_FLAG,COLOR_ID_NUMBER_ID,AUTHORIZED_PAY_MASS) values ('B0000808','3401620', '测B15619', 4, 341620, 0, '2',15);

insert into T_SIMINFO (SIM_ID, ORG_CODE, DEPTCODE, STATE,PAY_MODLE, SIM_NUM) values(35621, 'B0000808', '中国移动', 1, '预付费', 13100015620);
insert into T_TERMINALINFO (TERMINAL_ID,TTYPE_ID,SIM_ID,TERMINAL_CODE,ORG_CODE,IS_VIDEO_TERMINAL,SP_SERVER_NAME,PROTOCOL_TYPE,CHANNELS,YT_PROTOCOL_TYPE) values(341621, 4, 35621, '1015620', 'B0000808',1,'1076测试服务器','4',8,'0');
insert into V_VEHICLEINFO (ORG_CODE,VEHICLE_ID,ID_NUMBER,TYPE_ID,TERMINAL_ID,DELETE_FLAG,COLOR_ID_NUMBER_ID,AUTHORIZED_PAY_MASS) values ('B0000808','3401621', '测B15620', 4, 341621, 0, '2',15);

insert into T_SIMINFO (SIM_ID, ORG_CODE, DEPTCODE, STATE,PAY_MODLE, SIM_NUM) values(35622, 'B0000808', '中国移动', 1, '预付费', 13100015621);
insert into T_TERMINALINFO (TERMINAL_ID,TTYPE_ID,SIM_ID,TERMINAL_CODE,ORG_CODE,IS_VIDEO_TERMINAL,SP_SERVER_NAME,PROTOCOL_TYPE,CHANNELS,YT_PROTOCOL_TYPE) values(341622, 4, 35622, '1015621', 'B0000808',1,'1076测试服务器','4',8,'0');
insert into V_VEHICLEINFO (ORG_CODE,VEHICLE_ID,ID_NUMBER,TYPE_ID,TERMINAL_ID,DELETE_FLAG,COLOR_ID_NUMBER_ID,AUTHORIZED_PAY_MASS) values ('B0000808','3401622', '测B15621', 4, 341622, 0, '2',15);

insert into T_SIMINFO (SIM_ID, ORG_CODE, DEPTCODE, STATE,PAY_MODLE, SIM_NUM) values(35623, 'B0000808', '中国移动', 1, '预付费', 13100015622);
insert into T_TERMINALINFO (TERMINAL_ID,TTYPE_ID,SIM_ID,TERMINAL_CODE,ORG_CODE,IS_VIDEO_TERMINAL,SP_SERVER_NAME,PROTOCOL_TYPE,CHANNELS,YT_PROTOCOL_TYPE) values(341623, 4, 35623, '1015622', 'B0000808',1,'1076测试服务器','4',8,'0');
insert into V_VEHICLEINFO (ORG_CODE,VEHICLE_ID,ID_NUMBER,TYPE_ID,TERMINAL_ID,DELETE_FLAG,COLOR_ID_NUMBER_ID,AUTHORIZED_PAY_MASS) values ('B0000808','3401623', '测B15622', 4, 341623, 0, '2',15);

insert into T_SIMINFO (SIM_ID, ORG_CODE, DEPTCODE, STATE,PAY_MODLE, SIM_NUM) values(35624, 'B0000808', '中国移动', 1, '预付费', 13100015623);
insert into T_TERMINALINFO (TERMINAL_ID,TTYPE_ID,SIM_ID,TERMINAL_CODE,ORG_CODE,IS_VIDEO_TERMINAL,SP_SERVER_NAME,PROTOCOL_TYPE,CHANNELS,YT_PROTOCOL_TYPE) values(341624, 4, 35624, '1015623', 'B0000808',1,'1076测试服务器','4',8,'0');
insert into V_VEHICLEINFO (ORG_CODE,VEHICLE_ID,ID_NUMBER,TYPE_ID,TERMINAL_ID,DELETE_FLAG,COLOR_ID_NUMBER_ID,AUTHORIZED_PAY_MASS) values ('B0000808','3401624', '测B15623', 4, 341624, 0, '2',15);

insert into T_SIMINFO (SIM_ID, ORG_CODE, DEPTCODE, STATE,PAY_MODLE, SIM_NUM) values(35625, 'B0000808', '中国移动', 1, '预付费', 13100015624);
insert into T_TERMINALINFO (TERMINAL_ID,TTYPE_ID,SIM_ID,TERMINAL_CODE,ORG_CODE,IS_VIDEO_TERMINAL,SP_SERVER_NAME,PROTOCOL_TYPE,CHANNELS,YT_PROTOCOL_TYPE) values(341625, 4, 35625, '1015624', 'B0000808',1,'1076测试服务器','4',8,'0');
insert into V_VEHICLEINFO (ORG_CODE,VEHICLE_ID,ID_NUMBER,TYPE_ID,TERMINAL_ID,DELETE_FLAG,COLOR_ID_NUMBER_ID,AUTHORIZED_PAY_MASS) values ('B0000808','3401625', '测B15624', 4, 341625, 0, '2',15);

insert into T_SIMINFO (SIM_ID, ORG_CODE, DEPTCODE, STATE,PAY_MODLE, SIM_NUM) values(35626, 'B0000808', '中国移动', 1, '预付费', 13100015625);
insert into T_TERMINALINFO (TERMINAL_ID,TTYPE_ID,SIM_ID,TERMINAL_CODE,ORG_CODE,IS_VIDEO_TERMINAL,SP_SERVER_NAME,PROTOCOL_TYPE,CHANNELS,YT_PROTOCOL_TYPE) values(341626, 4, 35626, '1015625', 'B0000808',1,'1076测试服务器','4',8,'0');
insert into V_VEHICLEINFO (ORG_CODE,VEHICLE_ID,ID_NUMBER,TYPE_ID,TERMINAL_ID,DELETE_FLAG,COLOR_ID_NUMBER_ID,AUTHORIZED_PAY_MASS) values ('B0000808','3401626', '测B15625', 4, 341626, 0, '2',15);

insert into T_SIMINFO (SIM_ID, ORG_CODE, DEPTCODE, STATE,PAY_MODLE, SIM_NUM) values(35627, 'B0000808', '中国移动', 1, '预付费', 13100015626);
insert into T_TERMINALINFO (TERMINAL_ID,TTYPE_ID,SIM_ID,TERMINAL_CODE,ORG_CODE,IS_VIDEO_TERMINAL,SP_SERVER_NAME,PROTOCOL_TYPE,CHANNELS,YT_PROTOCOL_TYPE) values(341627, 4, 35627, '1015626', 'B0000808',1,'1076测试服务器','4',8,'0');
insert into V_VEHICLEINFO (ORG_CODE,VEHICLE_ID,ID_NUMBER,TYPE_ID,TERMINAL_ID,DELETE_FLAG,COLOR_ID_NUMBER_ID,AUTHORIZED_PAY_MASS) values ('B0000808','3401627', '测B15626', 4, 341627, 0, '2',15);

insert into T_SIMINFO (SIM_ID, ORG_CODE, DEPTCODE, STATE,PAY_MODLE, SIM_NUM) values(35628, 'B0000808', '中国移动', 1, '预付费', 13100015627);
insert into T_TERMINALINFO (TERMINAL_ID,TTYPE_ID,SIM_ID,TERMINAL_CODE,ORG_CODE,IS_VIDEO_TERMINAL,SP_SERVER_NAME,PROTOCOL_TYPE,CHANNELS,YT_PROTOCOL_TYPE) values(341628, 4, 35628, '1015627', 'B0000808',1,'1076测试服务器','4',8,'0');
insert into V_VEHICLEINFO (ORG_CODE,VEHICLE_ID,ID_NUMBER,TYPE_ID,TERMINAL_ID,DELETE_FLAG,COLOR_ID_NUMBER_ID,AUTHORIZED_PAY_MASS) values ('B0000808','3401628', '测B15627', 4, 341628, 0, '2',15);

insert into T_SIMINFO (SIM_ID, ORG_CODE, DEPTCODE, STATE,PAY_MODLE, SIM_NUM) values(35629, 'B0000808', '中国移动', 1, '预付费', 13100015628);
insert into T_TERMINALINFO (TERMINAL_ID,TTYPE_ID,SIM_ID,TERMINAL_CODE,ORG_CODE,IS_VIDEO_TERMINAL,SP_SERVER_NAME,PROTOCOL_TYPE,CHANNELS,YT_PROTOCOL_TYPE) values(341629, 4, 35629, '1015628', 'B0000808',1,'1076测试服务器','4',8,'0');
insert into V_VEHICLEINFO (ORG_CODE,VEHICLE_ID,ID_NUMBER,TYPE_ID,TERMINAL_ID,DELETE_FLAG,COLOR_ID_NUMBER_ID,AUTHORIZED_PAY_MASS) values ('B0000808','3401629', '测B15628', 4, 341629, 0, '2',15);

insert into T_SIMINFO (SIM_ID, ORG_CODE, DEPTCODE, STATE,PAY_MODLE, SIM_NUM) values(35630, 'B0000808', '中国移动', 1, '预付费', 13100015629);
insert into T_TERMINALINFO (TERMINAL_ID,TTYPE_ID,SIM_ID,TERMINAL_CODE,ORG_CODE,IS_VIDEO_TERMINAL,SP_SERVER_NAME,PROTOCOL_TYPE,CHANNELS,YT_PROTOCOL_TYPE) values(341630, 4, 35630, '1015629', 'B0000808',1,'1076测试服务器','4',8,'0');
insert into V_VEHICLEINFO (ORG_CODE,VEHICLE_ID,ID_NUMBER,TYPE_ID,TERMINAL_ID,DELETE_FLAG,COLOR_ID_NUMBER_ID,AUTHORIZED_PAY_MASS) values ('B0000808','3401630', '测B15629', 4, 341630, 0, '2',15);

insert into T_SIMINFO (SIM_ID, ORG_CODE, DEPTCODE, STATE,PAY_MODLE, SIM_NUM) values(35631, 'B0000808', '中国移动', 1, '预付费', 13100015630);
insert into T_TERMINALINFO (TERMINAL_ID,TTYPE_ID,SIM_ID,TERMINAL_CODE,ORG_CODE,IS_VIDEO_TERMINAL,SP_SERVER_NAME,PROTOCOL_TYPE,CHANNELS,YT_PROTOCOL_TYPE) values(341631, 4, 35631, '1015630', 'B0000808',1,'1076测试服务器','4',8,'0');
insert into V_VEHICLEINFO (ORG_CODE,VEHICLE_ID,ID_NUMBER,TYPE_ID,TERMINAL_ID,DELETE_FLAG,COLOR_ID_NUMBER_ID,AUTHORIZED_PAY_MASS) values ('B0000808','3401631', '测B15630', 4, 341631, 0, '2',15);

insert into T_SIMINFO (SIM_ID, ORG_CODE, DEPTCODE, STATE,PAY_MODLE, SIM_NUM) values(35632, 'B0000808', '中国移动', 1, '预付费', 13100015631);
insert into T_TERMINALINFO (TERMINAL_ID,TTYPE_ID,SIM_ID,TERMINAL_CODE,ORG_CODE,IS_VIDEO_TERMINAL,SP_SERVER_NAME,PROTOCOL_TYPE,CHANNELS,YT_PROTOCOL_TYPE) values(341632, 4, 35632, '1015631', 'B0000808',1,'1076测试服务器','4',8,'0');
insert into V_VEHICLEINFO (ORG_CODE,VEHICLE_ID,ID_NUMBER,TYPE_ID,TERMINAL_ID,DELETE_FLAG,COLOR_ID_NUMBER_ID,AUTHORIZED_PAY_MASS) values ('B0000808','3401632', '测B15631', 4, 341632, 0, '2',15);

insert into T_SIMINFO (SIM_ID, ORG_CODE, DEPTCODE, STATE,PAY_MODLE, SIM_NUM) values(35633, 'B0000808', '中国移动', 1, '预付费', 13100015632);
insert into T_TERMINALINFO (TERMINAL_ID,TTYPE_ID,SIM_ID,TERMINAL_CODE,ORG_CODE,IS_VIDEO_TERMINAL,SP_SERVER_NAME,PROTOCOL_TYPE,CHANNELS,YT_PROTOCOL_TYPE) values(341633, 4, 35633, '1015632', 'B0000808',1,'1076测试服务器','4',8,'0');
insert into V_VEHICLEINFO (ORG_CODE,VEHICLE_ID,ID_NUMBER,TYPE_ID,TERMINAL_ID,DELETE_FLAG,COLOR_ID_NUMBER_ID,AUTHORIZED_PAY_MASS) values ('B0000808','3401633', '测B15632', 4, 341633, 0, '2',15);

insert into T_SIMINFO (SIM_ID, ORG_CODE, DEPTCODE, STATE,PAY_MODLE, SIM_NUM) values(35634, 'B0000808', '中国移动', 1, '预付费', 13100015633);
insert into T_TERMINALINFO (TERMINAL_ID,TTYPE_ID,SIM_ID,TERMINAL_CODE,ORG_CODE,IS_VIDEO_TERMINAL,SP_SERVER_NAME,PROTOCOL_TYPE,CHANNELS,YT_PROTOCOL_TYPE) values(341634, 4, 35634, '1015633', 'B0000808',1,'1076测试服务器','4',8,'0');
insert into V_VEHICLEINFO (ORG_CODE,VEHICLE_ID,ID_NUMBER,TYPE_ID,TERMINAL_ID,DELETE_FLAG,COLOR_ID_NUMBER_ID,AUTHORIZED_PAY_MASS) values ('B0000808','3401634', '测B15633', 4, 341634, 0, '2',15);

insert into T_SIMINFO (SIM_ID, ORG_CODE, DEPTCODE, STATE,PAY_MODLE, SIM_NUM) values(35635, 'B0000808', '中国移动', 1, '预付费', 13100015634);
insert into T_TERMINALINFO (TERMINAL_ID,TTYPE_ID,SIM_ID,TERMINAL_CODE,ORG_CODE,IS_VIDEO_TERMINAL,SP_SERVER_NAME,PROTOCOL_TYPE,CHANNELS,YT_PROTOCOL_TYPE) values(341635, 4, 35635, '1015634', 'B0000808',1,'1076测试服务器','4',8,'0');
insert into V_VEHICLEINFO (ORG_CODE,VEHICLE_ID,ID_NUMBER,TYPE_ID,TERMINAL_ID,DELETE_FLAG,COLOR_ID_NUMBER_ID,AUTHORIZED_PAY_MASS) values ('B0000808','3401635', '测B15634', 4, 341635, 0, '2',15);

insert into T_SIMINFO (SIM_ID, ORG_CODE, DEPTCODE, STATE,PAY_MODLE, SIM_NUM) values(35636, 'B0000808', '中国移动', 1, '预付费', 13100015635);
insert into T_TERMINALINFO (TERMINAL_ID,TTYPE_ID,SIM_ID,TERMINAL_CODE,ORG_CODE,IS_VIDEO_TERMINAL,SP_SERVER_NAME,PROTOCOL_TYPE,CHANNELS,YT_PROTOCOL_TYPE) values(341636, 4, 35636, '1015635', 'B0000808',1,'1076测试服务器','4',8,'0');
insert into V_VEHICLEINFO (ORG_CODE,VEHICLE_ID,ID_NUMBER,TYPE_ID,TERMINAL_ID,DELETE_FLAG,COLOR_ID_NUMBER_ID,AUTHORIZED_PAY_MASS) values ('B0000808','3401636', '测B15635', 4, 341636, 0, '2',15);

insert into T_SIMINFO (SIM_ID, ORG_CODE, DEPTCODE, STATE,PAY_MODLE, SIM_NUM) values(35637, 'B0000808', '中国移动', 1, '预付费', 13100015636);
insert into T_TERMINALINFO (TERMINAL_ID,TTYPE_ID,SIM_ID,TERMINAL_CODE,ORG_CODE,IS_VIDEO_TERMINAL,SP_SERVER_NAME,PROTOCOL_TYPE,CHANNELS,YT_PROTOCOL_TYPE) values(341637, 4, 35637, '1015636', 'B0000808',1,'1076测试服务器','4',8,'0');
insert into V_VEHICLEINFO (ORG_CODE,VEHICLE_ID,ID_NUMBER,TYPE_ID,TERMINAL_ID,DELETE_FLAG,COLOR_ID_NUMBER_ID,AUTHORIZED_PAY_MASS) values ('B0000808','3401637', '测B15636', 4, 341637, 0, '2',15);

insert into T_SIMINFO (SIM_ID, ORG_CODE, DEPTCODE, STATE,PAY_MODLE, SIM_NUM) values(35638, 'B0000808', '中国移动', 1, '预付费', 13100015637);
insert into T_TERMINALINFO (TERMINAL_ID,TTYPE_ID,SIM_ID,TERMINAL_CODE,ORG_CODE,IS_VIDEO_TERMINAL,SP_SERVER_NAME,PROTOCOL_TYPE,CHANNELS,YT_PROTOCOL_TYPE) values(341638, 4, 35638, '1015637', 'B0000808',1,'1076测试服务器','4',8,'0');
insert into V_VEHICLEINFO (ORG_CODE,VEHICLE_ID,ID_NUMBER,TYPE_ID,TERMINAL_ID,DELETE_FLAG,COLOR_ID_NUMBER_ID,AUTHORIZED_PAY_MASS) values ('B0000808','3401638', '测B15637', 4, 341638, 0, '2',15);

insert into T_SIMINFO (SIM_ID, ORG_CODE, DEPTCODE, STATE,PAY_MODLE, SIM_NUM) values(35639, 'B0000808', '中国移动', 1, '预付费', 13100015638);
insert into T_TERMINALINFO (TERMINAL_ID,TTYPE_ID,SIM_ID,TERMINAL_CODE,ORG_CODE,IS_VIDEO_TERMINAL,SP_SERVER_NAME,PROTOCOL_TYPE,CHANNELS,YT_PROTOCOL_TYPE) values(341639, 4, 35639, '1015638', 'B0000808',1,'1076测试服务器','4',8,'0');
insert into V_VEHICLEINFO (ORG_CODE,VEHICLE_ID,ID_NUMBER,TYPE_ID,TERMINAL_ID,DELETE_FLAG,COLOR_ID_NUMBER_ID,AUTHORIZED_PAY_MASS) values ('B0000808','3401639', '测B15638', 4, 341639, 0, '2',15);

insert into T_SIMINFO (SIM_ID, ORG_CODE, DEPTCODE, STATE,PAY_MODLE, SIM_NUM) values(35640, 'B0000808', '中国移动', 1, '预付费', 13100015639);
insert into T_TERMINALINFO (TERMINAL_ID,TTYPE_ID,SIM_ID,TERMINAL_CODE,ORG_CODE,IS_VIDEO_TERMINAL,SP_SERVER_NAME,PROTOCOL_TYPE,CHANNELS,YT_PROTOCOL_TYPE) values(341640, 4, 35640, '1015639', 'B0000808',1,'1076测试服务器','4',8,'0');
insert into V_VEHICLEINFO (ORG_CODE,VEHICLE_ID,ID_NUMBER,TYPE_ID,TERMINAL_ID,DELETE_FLAG,COLOR_ID_NUMBER_ID,AUTHORIZED_PAY_MASS) values ('B0000808','3401640', '测B15639', 4, 341640, 0, '2',15);

insert into T_SIMINFO (SIM_ID, ORG_CODE, DEPTCODE, STATE,PAY_MODLE, SIM_NUM) values(35641, 'B0000808', '中国移动', 1, '预付费', 13100015640);
insert into T_TERMINALINFO (TERMINAL_ID,TTYPE_ID,SIM_ID,TERMINAL_CODE,ORG_CODE,IS_VIDEO_TERMINAL,SP_SERVER_NAME,PROTOCOL_TYPE,CHANNELS,YT_PROTOCOL_TYPE) values(341641, 4, 35641, '1015640', 'B0000808',1,'1076测试服务器','4',8,'0');
insert into V_VEHICLEINFO (ORG_CODE,VEHICLE_ID,ID_NUMBER,TYPE_ID,TERMINAL_ID,DELETE_FLAG,COLOR_ID_NUMBER_ID,AUTHORIZED_PAY_MASS) values ('B0000808','3401641', '测B15640', 4, 341641, 0, '2',15);

insert into T_SIMINFO (SIM_ID, ORG_CODE, DEPTCODE, STATE,PAY_MODLE, SIM_NUM) values(35642, 'B0000808', '中国移动', 1, '预付费', 13100015641);
insert into T_TERMINALINFO (TERMINAL_ID,TTYPE_ID,SIM_ID,TERMINAL_CODE,ORG_CODE,IS_VIDEO_TERMINAL,SP_SERVER_NAME,PROTOCOL_TYPE,CHANNELS,YT_PROTOCOL_TYPE) values(341642, 4, 35642, '1015641', 'B0000808',1,'1076测试服务器','4',8,'0');
insert into V_VEHICLEINFO (ORG_CODE,VEHICLE_ID,ID_NUMBER,TYPE_ID,TERMINAL_ID,DELETE_FLAG,COLOR_ID_NUMBER_ID,AUTHORIZED_PAY_MASS) values ('B0000808','3401642', '测B15641', 4, 341642, 0, '2',15);

insert into T_SIMINFO (SIM_ID, ORG_CODE, DEPTCODE, STATE,PAY_MODLE, SIM_NUM) values(35643, 'B0000808', '中国移动', 1, '预付费', 13100015642);
insert into T_TERMINALINFO (TERMINAL_ID,TTYPE_ID,SIM_ID,TERMINAL_CODE,ORG_CODE,IS_VIDEO_TERMINAL,SP_SERVER_NAME,PROTOCOL_TYPE,CHANNELS,YT_PROTOCOL_TYPE) values(341643, 4, 35643, '1015642', 'B0000808',1,'1076测试服务器','4',8,'0');
insert into V_VEHICLEINFO (ORG_CODE,VEHICLE_ID,ID_NUMBER,TYPE_ID,TERMINAL_ID,DELETE_FLAG,COLOR_ID_NUMBER_ID,AUTHORIZED_PAY_MASS) values ('B0000808','3401643', '测B15642', 4, 341643, 0, '2',15);

insert into T_SIMINFO (SIM_ID, ORG_CODE, DEPTCODE, STATE,PAY_MODLE, SIM_NUM) values(35644, 'B0000808', '中国移动', 1, '预付费', 13100015643);
insert into T_TERMINALINFO (TERMINAL_ID,TTYPE_ID,SIM_ID,TERMINAL_CODE,ORG_CODE,IS_VIDEO_TERMINAL,SP_SERVER_NAME,PROTOCOL_TYPE,CHANNELS,YT_PROTOCOL_TYPE) values(341644, 4, 35644, '1015643', 'B0000808',1,'1076测试服务器','4',8,'0');
insert into V_VEHICLEINFO (ORG_CODE,VEHICLE_ID,ID_NUMBER,TYPE_ID,TERMINAL_ID,DELETE_FLAG,COLOR_ID_NUMBER_ID,AUTHORIZED_PAY_MASS) values ('B0000808','3401644', '测B15643', 4, 341644, 0, '2',15);

insert into T_SIMINFO (SIM_ID, ORG_CODE, DEPTCODE, STATE,PAY_MODLE, SIM_NUM) values(35645, 'B0000808', '中国移动', 1, '预付费', 13100015644);
insert into T_TERMINALINFO (TERMINAL_ID,TTYPE_ID,SIM_ID,TERMINAL_CODE,ORG_CODE,IS_VIDEO_TERMINAL,SP_SERVER_NAME,PROTOCOL_TYPE,CHANNELS,YT_PROTOCOL_TYPE) values(341645, 4, 35645, '1015644', 'B0000808',1,'1076测试服务器','4',8,'0');
insert into V_VEHICLEINFO (ORG_CODE,VEHICLE_ID,ID_NUMBER,TYPE_ID,TERMINAL_ID,DELETE_FLAG,COLOR_ID_NUMBER_ID,AUTHORIZED_PAY_MASS) values ('B0000808','3401645', '测B15644', 4, 341645, 0, '2',15);

insert into T_SIMINFO (SIM_ID, ORG_CODE, DEPTCODE, STATE,PAY_MODLE, SIM_NUM) values(35646, 'B0000808', '中国移动', 1, '预付费', 13100015645);
insert into T_TERMINALINFO (TERMINAL_ID,TTYPE_ID,SIM_ID,TERMINAL_CODE,ORG_CODE,IS_VIDEO_TERMINAL,SP_SERVER_NAME,PROTOCOL_TYPE,CHANNELS,YT_PROTOCOL_TYPE) values(341646, 4, 35646, '1015645', 'B0000808',1,'1076测试服务器','4',8,'0');
insert into V_VEHICLEINFO (ORG_CODE,VEHICLE_ID,ID_NUMBER,TYPE_ID,TERMINAL_ID,DELETE_FLAG,COLOR_ID_NUMBER_ID,AUTHORIZED_PAY_MASS) values ('B0000808','3401646', '测B15645', 4, 341646, 0, '2',15);

insert into T_SIMINFO (SIM_ID, ORG_CODE, DEPTCODE, STATE,PAY_MODLE, SIM_NUM) values(35647, 'B0000808', '中国移动', 1, '预付费', 13100015646);
insert into T_TERMINALINFO (TERMINAL_ID,TTYPE_ID,SIM_ID,TERMINAL_CODE,ORG_CODE,IS_VIDEO_TERMINAL,SP_SERVER_NAME,PROTOCOL_TYPE,CHANNELS,YT_PROTOCOL_TYPE) values(341647, 4, 35647, '1015646', 'B0000808',1,'1076测试服务器','4',8,'0');
insert into V_VEHICLEINFO (ORG_CODE,VEHICLE_ID,ID_NUMBER,TYPE_ID,TERMINAL_ID,DELETE_FLAG,COLOR_ID_NUMBER_ID,AUTHORIZED_PAY_MASS) values ('B0000808','3401647', '测B15646', 4, 341647, 0, '2',15);

insert into T_SIMINFO (SIM_ID, ORG_CODE, DEPTCODE, STATE,PAY_MODLE, SIM_NUM) values(35648, 'B0000808', '中国移动', 1, '预付费', 13100015647);
insert into T_TERMINALINFO (TERMINAL_ID,TTYPE_ID,SIM_ID,TERMINAL_CODE,ORG_CODE,IS_VIDEO_TERMINAL,SP_SERVER_NAME,PROTOCOL_TYPE,CHANNELS,YT_PROTOCOL_TYPE) values(341648, 4, 35648, '1015647', 'B0000808',1,'1076测试服务器','4',8,'0');
insert into V_VEHICLEINFO (ORG_CODE,VEHICLE_ID,ID_NUMBER,TYPE_ID,TERMINAL_ID,DELETE_FLAG,COLOR_ID_NUMBER_ID,AUTHORIZED_PAY_MASS) values ('B0000808','3401648', '测B15647', 4, 341648, 0, '2',15);

insert into T_SIMINFO (SIM_ID, ORG_CODE, DEPTCODE, STATE,PAY_MODLE, SIM_NUM) values(35649, 'B0000808', '中国移动', 1, '预付费', 13100015648);
insert into T_TERMINALINFO (TERMINAL_ID,TTYPE_ID,SIM_ID,TERMINAL_CODE,ORG_CODE,IS_VIDEO_TERMINAL,SP_SERVER_NAME,PROTOCOL_TYPE,CHANNELS,YT_PROTOCOL_TYPE) values(341649, 4, 35649, '1015648', 'B0000808',1,'1076测试服务器','4',8,'0');
insert into V_VEHICLEINFO (ORG_CODE,VEHICLE_ID,ID_NUMBER,TYPE_ID,TERMINAL_ID,DELETE_FLAG,COLOR_ID_NUMBER_ID,AUTHORIZED_PAY_MASS) values ('B0000808','3401649', '测B15648', 4, 341649, 0, '2',15);

insert into T_SIMINFO (SIM_ID, ORG_CODE, DEPTCODE, STATE,PAY_MODLE, SIM_NUM) values(35650, 'B0000808', '中国移动', 1, '预付费', 13100015649);
insert into T_TERMINALINFO (TERMINAL_ID,TTYPE_ID,SIM_ID,TERMINAL_CODE,ORG_CODE,IS_VIDEO_TERMINAL,SP_SERVER_NAME,PROTOCOL_TYPE,CHANNELS,YT_PROTOCOL_TYPE) values(341650, 4, 35650, '1015649', 'B0000808',1,'1076测试服务器','4',8,'0');
insert into V_VEHICLEINFO (ORG_CODE,VEHICLE_ID,ID_NUMBER,TYPE_ID,TERMINAL_ID,DELETE_FLAG,COLOR_ID_NUMBER_ID,AUTHORIZED_PAY_MASS) values ('B0000808','3401650', '测B15649', 4, 341650, 0, '2',15);

insert into T_SIMINFO (SIM_ID, ORG_CODE, DEPTCODE, STATE,PAY_MODLE, SIM_NUM) values(35651, 'B0000808', '中国移动', 1, '预付费', 13100015650);
insert into T_TERMINALINFO (TERMINAL_ID,TTYPE_ID,SIM_ID,TERMINAL_CODE,ORG_CODE,IS_VIDEO_TERMINAL,SP_SERVER_NAME,PROTOCOL_TYPE,CHANNELS,YT_PROTOCOL_TYPE) values(341651, 4, 35651, '1015650', 'B0000808',1,'1076测试服务器','4',8,'0');
insert into V_VEHICLEINFO (ORG_CODE,VEHICLE_ID,ID_NUMBER,TYPE_ID,TERMINAL_ID,DELETE_FLAG,COLOR_ID_NUMBER_ID,AUTHORIZED_PAY_MASS) values ('B0000808','3401651', '测B15650', 4, 341651, 0, '2',15);

insert into T_SIMINFO (SIM_ID, ORG_CODE, DEPTCODE, STATE,PAY_MODLE, SIM_NUM) values(35652, 'B0000808', '中国移动', 1, '预付费', 13100015651);
insert into T_TERMINALINFO (TERMINAL_ID,TTYPE_ID,SIM_ID,TERMINAL_CODE,ORG_CODE,IS_VIDEO_TERMINAL,SP_SERVER_NAME,PROTOCOL_TYPE,CHANNELS,YT_PROTOCOL_TYPE) values(341652, 4, 35652, '1015651', 'B0000808',1,'1076测试服务器','4',8,'0');
insert into V_VEHICLEINFO (ORG_CODE,VEHICLE_ID,ID_NUMBER,TYPE_ID,TERMINAL_ID,DELETE_FLAG,COLOR_ID_NUMBER_ID,AUTHORIZED_PAY_MASS) values ('B0000808','3401652', '测B15651', 4, 341652, 0, '2',15);

insert into T_SIMINFO (SIM_ID, ORG_CODE, DEPTCODE, STATE,PAY_MODLE, SIM_NUM) values(35653, 'B0000808', '中国移动', 1, '预付费', 13100015652);
insert into T_TERMINALINFO (TERMINAL_ID,TTYPE_ID,SIM_ID,TERMINAL_CODE,ORG_CODE,IS_VIDEO_TERMINAL,SP_SERVER_NAME,PROTOCOL_TYPE,CHANNELS,YT_PROTOCOL_TYPE) values(341653, 4, 35653, '1015652', 'B0000808',1,'1076测试服务器','4',8,'0');
insert into V_VEHICLEINFO (ORG_CODE,VEHICLE_ID,ID_NUMBER,TYPE_ID,TERMINAL_ID,DELETE_FLAG,COLOR_ID_NUMBER_ID,AUTHORIZED_PAY_MASS) values ('B0000808','3401653', '测B15652', 4, 341653, 0, '2',15);

insert into T_SIMINFO (SIM_ID, ORG_CODE, DEPTCODE, STATE,PAY_MODLE, SIM_NUM) values(35654, 'B0000808', '中国移动', 1, '预付费', 13100015653);
insert into T_TERMINALINFO (TERMINAL_ID,TTYPE_ID,SIM_ID,TERMINAL_CODE,ORG_CODE,IS_VIDEO_TERMINAL,SP_SERVER_NAME,PROTOCOL_TYPE,CHANNELS,YT_PROTOCOL_TYPE) values(341654, 4, 35654, '1015653', 'B0000808',1,'1076测试服务器','4',8,'0');
insert into V_VEHICLEINFO (ORG_CODE,VEHICLE_ID,ID_NUMBER,TYPE_ID,TERMINAL_ID,DELETE_FLAG,COLOR_ID_NUMBER_ID,AUTHORIZED_PAY_MASS) values ('B0000808','3401654', '测B15653', 4, 341654, 0, '2',15);

insert into T_SIMINFO (SIM_ID, ORG_CODE, DEPTCODE, STATE,PAY_MODLE, SIM_NUM) values(35655, 'B0000808', '中国移动', 1, '预付费', 13100015654);
insert into T_TERMINALINFO (TERMINAL_ID,TTYPE_ID,SIM_ID,TERMINAL_CODE,ORG_CODE,IS_VIDEO_TERMINAL,SP_SERVER_NAME,PROTOCOL_TYPE,CHANNELS,YT_PROTOCOL_TYPE) values(341655, 4, 35655, '1015654', 'B0000808',1,'1076测试服务器','4',8,'0');
insert into V_VEHICLEINFO (ORG_CODE,VEHICLE_ID,ID_NUMBER,TYPE_ID,TERMINAL_ID,DELETE_FLAG,COLOR_ID_NUMBER_ID,AUTHORIZED_PAY_MASS) values ('B0000808','3401655', '测B15654', 4, 341655, 0, '2',15);

insert into T_SIMINFO (SIM_ID, ORG_CODE, DEPTCODE, STATE,PAY_MODLE, SIM_NUM) values(35656, 'B0000808', '中国移动', 1, '预付费', 13100015655);
insert into T_TERMINALINFO (TERMINAL_ID,TTYPE_ID,SIM_ID,TERMINAL_CODE,ORG_CODE,IS_VIDEO_TERMINAL,SP_SERVER_NAME,PROTOCOL_TYPE,CHANNELS,YT_PROTOCOL_TYPE) values(341656, 4, 35656, '1015655', 'B0000808',1,'1076测试服务器','4',8,'0');
insert into V_VEHICLEINFO (ORG_CODE,VEHICLE_ID,ID_NUMBER,TYPE_ID,TERMINAL_ID,DELETE_FLAG,COLOR_ID_NUMBER_ID,AUTHORIZED_PAY_MASS) values ('B0000808','3401656', '测B15655', 4, 341656, 0, '2',15);

insert into T_SIMINFO (SIM_ID, ORG_CODE, DEPTCODE, STATE,PAY_MODLE, SIM_NUM) values(35657, 'B0000808', '中国移动', 1, '预付费', 13100015656);
insert into T_TERMINALINFO (TERMINAL_ID,TTYPE_ID,SIM_ID,TERMINAL_CODE,ORG_CODE,IS_VIDEO_TERMINAL,SP_SERVER_NAME,PROTOCOL_TYPE,CHANNELS,YT_PROTOCOL_TYPE) values(341657, 4, 35657, '1015656', 'B0000808',1,'1076测试服务器','4',8,'0');
insert into V_VEHICLEINFO (ORG_CODE,VEHICLE_ID,ID_NUMBER,TYPE_ID,TERMINAL_ID,DELETE_FLAG,COLOR_ID_NUMBER_ID,AUTHORIZED_PAY_MASS) values ('B0000808','3401657', '测B15656', 4, 341657, 0, '2',15);

insert into T_SIMINFO (SIM_ID, ORG_CODE, DEPTCODE, STATE,PAY_MODLE, SIM_NUM) values(35658, 'B0000808', '中国移动', 1, '预付费', 13100015657);
insert into T_TERMINALINFO (TERMINAL_ID,TTYPE_ID,SIM_ID,TERMINAL_CODE,ORG_CODE,IS_VIDEO_TERMINAL,SP_SERVER_NAME,PROTOCOL_TYPE,CHANNELS,YT_PROTOCOL_TYPE) values(341658, 4, 35658, '1015657', 'B0000808',1,'1076测试服务器','4',8,'0');
insert into V_VEHICLEINFO (ORG_CODE,VEHICLE_ID,ID_NUMBER,TYPE_ID,TERMINAL_ID,DELETE_FLAG,COLOR_ID_NUMBER_ID,AUTHORIZED_PAY_MASS) values ('B0000808','3401658', '测B15657', 4, 341658, 0, '2',15);

insert into T_SIMINFO (SIM_ID, ORG_CODE, DEPTCODE, STATE,PAY_MODLE, SIM_NUM) values(35659, 'B0000808', '中国移动', 1, '预付费', 13100015658);
insert into T_TERMINALINFO (TERMINAL_ID,TTYPE_ID,SIM_ID,TERMINAL_CODE,ORG_CODE,IS_VIDEO_TERMINAL,SP_SERVER_NAME,PROTOCOL_TYPE,CHANNELS,YT_PROTOCOL_TYPE) values(341659, 4, 35659, '1015658', 'B0000808',1,'1076测试服务器','4',8,'0');
insert into V_VEHICLEINFO (ORG_CODE,VEHICLE_ID,ID_NUMBER,TYPE_ID,TERMINAL_ID,DELETE_FLAG,COLOR_ID_NUMBER_ID,AUTHORIZED_PAY_MASS) values ('B0000808','3401659', '测B15658', 4, 341659, 0, '2',15);

insert into T_SIMINFO (SIM_ID, ORG_CODE, DEPTCODE, STATE,PAY_MODLE, SIM_NUM) values(35660, 'B0000808', '中国移动', 1, '预付费', 13100015659);
insert into T_TERMINALINFO (TERMINAL_ID,TTYPE_ID,SIM_ID,TERMINAL_CODE,ORG_CODE,IS_VIDEO_TERMINAL,SP_SERVER_NAME,PROTOCOL_TYPE,CHANNELS,YT_PROTOCOL_TYPE) values(341660, 4, 35660, '1015659', 'B0000808',1,'1076测试服务器','4',8,'0');
insert into V_VEHICLEINFO (ORG_CODE,VEHICLE_ID,ID_NUMBER,TYPE_ID,TERMINAL_ID,DELETE_FLAG,COLOR_ID_NUMBER_ID,AUTHORIZED_PAY_MASS) values ('B0000808','3401660', '测B15659', 4, 341660, 0, '2',15);

insert into T_SIMINFO (SIM_ID, ORG_CODE, DEPTCODE, STATE,PAY_MODLE, SIM_NUM) values(35661, 'B0000808', '中国移动', 1, '预付费', 13100015660);
insert into T_TERMINALINFO (TERMINAL_ID,TTYPE_ID,SIM_ID,TERMINAL_CODE,ORG_CODE,IS_VIDEO_TERMINAL,SP_SERVER_NAME,PROTOCOL_TYPE,CHANNELS,YT_PROTOCOL_TYPE) values(341661, 4, 35661, '1015660', 'B0000808',1,'1076测试服务器','4',8,'0');
insert into V_VEHICLEINFO (ORG_CODE,VEHICLE_ID,ID_NUMBER,TYPE_ID,TERMINAL_ID,DELETE_FLAG,COLOR_ID_NUMBER_ID,AUTHORIZED_PAY_MASS) values ('B0000808','3401661', '测B15660', 4, 341661, 0, '2',15);

insert into T_SIMINFO (SIM_ID, ORG_CODE, DEPTCODE, STATE,PAY_MODLE, SIM_NUM) values(35662, 'B0000808', '中国移动', 1, '预付费', 13100015661);
insert into T_TERMINALINFO (TERMINAL_ID,TTYPE_ID,SIM_ID,TERMINAL_CODE,ORG_CODE,IS_VIDEO_TERMINAL,SP_SERVER_NAME,PROTOCOL_TYPE,CHANNELS,YT_PROTOCOL_TYPE) values(341662, 4, 35662, '1015661', 'B0000808',1,'1076测试服务器','4',8,'0');
insert into V_VEHICLEINFO (ORG_CODE,VEHICLE_ID,ID_NUMBER,TYPE_ID,TERMINAL_ID,DELETE_FLAG,COLOR_ID_NUMBER_ID,AUTHORIZED_PAY_MASS) values ('B0000808','3401662', '测B15661', 4, 341662, 0, '2',15);

insert into T_SIMINFO (SIM_ID, ORG_CODE, DEPTCODE, STATE,PAY_MODLE, SIM_NUM) values(35663, 'B0000808', '中国移动', 1, '预付费', 13100015662);
insert into T_TERMINALINFO (TERMINAL_ID,TTYPE_ID,SIM_ID,TERMINAL_CODE,ORG_CODE,IS_VIDEO_TERMINAL,SP_SERVER_NAME,PROTOCOL_TYPE,CHANNELS,YT_PROTOCOL_TYPE) values(341663, 4, 35663, '1015662', 'B0000808',1,'1076测试服务器','4',8,'0');
insert into V_VEHICLEINFO (ORG_CODE,VEHICLE_ID,ID_NUMBER,TYPE_ID,TERMINAL_ID,DELETE_FLAG,COLOR_ID_NUMBER_ID,AUTHORIZED_PAY_MASS) values ('B0000808','3401663', '测B15662', 4, 341663, 0, '2',15);

insert into T_SIMINFO (SIM_ID, ORG_CODE, DEPTCODE, STATE,PAY_MODLE, SIM_NUM) values(35664, 'B0000808', '中国移动', 1, '预付费', 13100015663);
insert into T_TERMINALINFO (TERMINAL_ID,TTYPE_ID,SIM_ID,TERMINAL_CODE,ORG_CODE,IS_VIDEO_TERMINAL,SP_SERVER_NAME,PROTOCOL_TYPE,CHANNELS,YT_PROTOCOL_TYPE) values(341664, 4, 35664, '1015663', 'B0000808',1,'1076测试服务器','4',8,'0');
insert into V_VEHICLEINFO (ORG_CODE,VEHICLE_ID,ID_NUMBER,TYPE_ID,TERMINAL_ID,DELETE_FLAG,COLOR_ID_NUMBER_ID,AUTHORIZED_PAY_MASS) values ('B0000808','3401664', '测B15663', 4, 341664, 0, '2',15);

insert into T_SIMINFO (SIM_ID, ORG_CODE, DEPTCODE, STATE,PAY_MODLE, SIM_NUM) values(35665, 'B0000808', '中国移动', 1, '预付费', 13100015664);
insert into T_TERMINALINFO (TERMINAL_ID,TTYPE_ID,SIM_ID,TERMINAL_CODE,ORG_CODE,IS_VIDEO_TERMINAL,SP_SERVER_NAME,PROTOCOL_TYPE,CHANNELS,YT_PROTOCOL_TYPE) values(341665, 4, 35665, '1015664', 'B0000808',1,'1076测试服务器','4',8,'0');
insert into V_VEHICLEINFO (ORG_CODE,VEHICLE_ID,ID_NUMBER,TYPE_ID,TERMINAL_ID,DELETE_FLAG,COLOR_ID_NUMBER_ID,AUTHORIZED_PAY_MASS) values ('B0000808','3401665', '测B15664', 4, 341665, 0, '2',15);

insert into T_SIMINFO (SIM_ID, ORG_CODE, DEPTCODE, STATE,PAY_MODLE, SIM_NUM) values(35666, 'B0000808', '中国移动', 1, '预付费', 13100015665);
insert into T_TERMINALINFO (TERMINAL_ID,TTYPE_ID,SIM_ID,TERMINAL_CODE,ORG_CODE,IS_VIDEO_TERMINAL,SP_SERVER_NAME,PROTOCOL_TYPE,CHANNELS,YT_PROTOCOL_TYPE) values(341666, 4, 35666, '1015665', 'B0000808',1,'1076测试服务器','4',8,'0');
insert into V_VEHICLEINFO (ORG_CODE,VEHICLE_ID,ID_NUMBER,TYPE_ID,TERMINAL_ID,DELETE_FLAG,COLOR_ID_NUMBER_ID,AUTHORIZED_PAY_MASS) values ('B0000808','3401666', '测B15665', 4, 341666, 0, '2',15);

insert into T_SIMINFO (SIM_ID, ORG_CODE, DEPTCODE, STATE,PAY_MODLE, SIM_NUM) values(35667, 'B0000808', '中国移动', 1, '预付费', 13100015666);
insert into T_TERMINALINFO (TERMINAL_ID,TTYPE_ID,SIM_ID,TERMINAL_CODE,ORG_CODE,IS_VIDEO_TERMINAL,SP_SERVER_NAME,PROTOCOL_TYPE,CHANNELS,YT_PROTOCOL_TYPE) values(341667, 4, 35667, '1015666', 'B0000808',1,'1076测试服务器','4',8,'0');
insert into V_VEHICLEINFO (ORG_CODE,VEHICLE_ID,ID_NUMBER,TYPE_ID,TERMINAL_ID,DELETE_FLAG,COLOR_ID_NUMBER_ID,AUTHORIZED_PAY_MASS) values ('B0000808','3401667', '测B15666', 4, 341667, 0, '2',15);

insert into T_SIMINFO (SIM_ID, ORG_CODE, DEPTCODE, STATE,PAY_MODLE, SIM_NUM) values(35668, 'B0000808', '中国移动', 1, '预付费', 13100015667);
insert into T_TERMINALINFO (TERMINAL_ID,TTYPE_ID,SIM_ID,TERMINAL_CODE,ORG_CODE,IS_VIDEO_TERMINAL,SP_SERVER_NAME,PROTOCOL_TYPE,CHANNELS,YT_PROTOCOL_TYPE) values(341668, 4, 35668, '1015667', 'B0000808',1,'1076测试服务器','4',8,'0');
insert into V_VEHICLEINFO (ORG_CODE,VEHICLE_ID,ID_NUMBER,TYPE_ID,TERMINAL_ID,DELETE_FLAG,COLOR_ID_NUMBER_ID,AUTHORIZED_PAY_MASS) values ('B0000808','3401668', '测B15667', 4, 341668, 0, '2',15);

insert into T_SIMINFO (SIM_ID, ORG_CODE, DEPTCODE, STATE,PAY_MODLE, SIM_NUM) values(35669, 'B0000808', '中国移动', 1, '预付费', 13100015668);
insert into T_TERMINALINFO (TERMINAL_ID,TTYPE_ID,SIM_ID,TERMINAL_CODE,ORG_CODE,IS_VIDEO_TERMINAL,SP_SERVER_NAME,PROTOCOL_TYPE,CHANNELS,YT_PROTOCOL_TYPE) values(341669, 4, 35669, '1015668', 'B0000808',1,'1076测试服务器','4',8,'0');
insert into V_VEHICLEINFO (ORG_CODE,VEHICLE_ID,ID_NUMBER,TYPE_ID,TERMINAL_ID,DELETE_FLAG,COLOR_ID_NUMBER_ID,AUTHORIZED_PAY_MASS) values ('B0000808','3401669', '测B15668', 4, 341669, 0, '2',15);

insert into T_SIMINFO (SIM_ID, ORG_CODE, DEPTCODE, STATE,PAY_MODLE, SIM_NUM) values(35670, 'B0000808', '中国移动', 1, '预付费', 13100015669);
insert into T_TERMINALINFO (TERMINAL_ID,TTYPE_ID,SIM_ID,TERMINAL_CODE,ORG_CODE,IS_VIDEO_TERMINAL,SP_SERVER_NAME,PROTOCOL_TYPE,CHANNELS,YT_PROTOCOL_TYPE) values(341670, 4, 35670, '1015669', 'B0000808',1,'1076测试服务器','4',8,'0');
insert into V_VEHICLEINFO (ORG_CODE,VEHICLE_ID,ID_NUMBER,TYPE_ID,TERMINAL_ID,DELETE_FLAG,COLOR_ID_NUMBER_ID,AUTHORIZED_PAY_MASS) values ('B0000808','3401670', '测B15669', 4, 341670, 0, '2',15);

insert into T_SIMINFO (SIM_ID, ORG_CODE, DEPTCODE, STATE,PAY_MODLE, SIM_NUM) values(35671, 'B0000808', '中国移动', 1, '预付费', 13100015670);
insert into T_TERMINALINFO (TERMINAL_ID,TTYPE_ID,SIM_ID,TERMINAL_CODE,ORG_CODE,IS_VIDEO_TERMINAL,SP_SERVER_NAME,PROTOCOL_TYPE,CHANNELS,YT_PROTOCOL_TYPE) values(341671, 4, 35671, '1015670', 'B0000808',1,'1076测试服务器','4',8,'0');
insert into V_VEHICLEINFO (ORG_CODE,VEHICLE_ID,ID_NUMBER,TYPE_ID,TERMINAL_ID,DELETE_FLAG,COLOR_ID_NUMBER_ID,AUTHORIZED_PAY_MASS) values ('B0000808','3401671', '测B15670', 4, 341671, 0, '2',15);

insert into T_SIMINFO (SIM_ID, ORG_CODE, DEPTCODE, STATE,PAY_MODLE, SIM_NUM) values(35672, 'B0000808', '中国移动', 1, '预付费', 13100015671);
insert into T_TERMINALINFO (TERMINAL_ID,TTYPE_ID,SIM_ID,TERMINAL_CODE,ORG_CODE,IS_VIDEO_TERMINAL,SP_SERVER_NAME,PROTOCOL_TYPE,CHANNELS,YT_PROTOCOL_TYPE) values(341672, 4, 35672, '1015671', 'B0000808',1,'1076测试服务器','4',8,'0');
insert into V_VEHICLEINFO (ORG_CODE,VEHICLE_ID,ID_NUMBER,TYPE_ID,TERMINAL_ID,DELETE_FLAG,COLOR_ID_NUMBER_ID,AUTHORIZED_PAY_MASS) values ('B0000808','3401672', '测B15671', 4, 341672, 0, '2',15);

insert into T_SIMINFO (SIM_ID, ORG_CODE, DEPTCODE, STATE,PAY_MODLE, SIM_NUM) values(35673, 'B0000808', '中国移动', 1, '预付费', 13100015672);
insert into T_TERMINALINFO (TERMINAL_ID,TTYPE_ID,SIM_ID,TERMINAL_CODE,ORG_CODE,IS_VIDEO_TERMINAL,SP_SERVER_NAME,PROTOCOL_TYPE,CHANNELS,YT_PROTOCOL_TYPE) values(341673, 4, 35673, '1015672', 'B0000808',1,'1076测试服务器','4',8,'0');
insert into V_VEHICLEINFO (ORG_CODE,VEHICLE_ID,ID_NUMBER,TYPE_ID,TERMINAL_ID,DELETE_FLAG,COLOR_ID_NUMBER_ID,AUTHORIZED_PAY_MASS) values ('B0000808','3401673', '测B15672', 4, 341673, 0, '2',15);

insert into T_SIMINFO (SIM_ID, ORG_CODE, DEPTCODE, STATE,PAY_MODLE, SIM_NUM) values(35674, 'B0000808', '中国移动', 1, '预付费', 13100015673);
insert into T_TERMINALINFO (TERMINAL_ID,TTYPE_ID,SIM_ID,TERMINAL_CODE,ORG_CODE,IS_VIDEO_TERMINAL,SP_SERVER_NAME,PROTOCOL_TYPE,CHANNELS,YT_PROTOCOL_TYPE) values(341674, 4, 35674, '1015673', 'B0000808',1,'1076测试服务器','4',8,'0');
insert into V_VEHICLEINFO (ORG_CODE,VEHICLE_ID,ID_NUMBER,TYPE_ID,TERMINAL_ID,DELETE_FLAG,COLOR_ID_NUMBER_ID,AUTHORIZED_PAY_MASS) values ('B0000808','3401674', '测B15673', 4, 341674, 0, '2',15);

insert into T_SIMINFO (SIM_ID, ORG_CODE, DEPTCODE, STATE,PAY_MODLE, SIM_NUM) values(35675, 'B0000808', '中国移动', 1, '预付费', 13100015674);
insert into T_TERMINALINFO (TERMINAL_ID,TTYPE_ID,SIM_ID,TERMINAL_CODE,ORG_CODE,IS_VIDEO_TERMINAL,SP_SERVER_NAME,PROTOCOL_TYPE,CHANNELS,YT_PROTOCOL_TYPE) values(341675, 4, 35675, '1015674', 'B0000808',1,'1076测试服务器','4',8,'0');
insert into V_VEHICLEINFO (ORG_CODE,VEHICLE_ID,ID_NUMBER,TYPE_ID,TERMINAL_ID,DELETE_FLAG,COLOR_ID_NUMBER_ID,AUTHORIZED_PAY_MASS) values ('B0000808','3401675', '测B15674', 4, 341675, 0, '2',15);

insert into T_SIMINFO (SIM_ID, ORG_CODE, DEPTCODE, STATE,PAY_MODLE, SIM_NUM) values(35676, 'B0000808', '中国移动', 1, '预付费', 13100015675);
insert into T_TERMINALINFO (TERMINAL_ID,TTYPE_ID,SIM_ID,TERMINAL_CODE,ORG_CODE,IS_VIDEO_TERMINAL,SP_SERVER_NAME,PROTOCOL_TYPE,CHANNELS,YT_PROTOCOL_TYPE) values(341676, 4, 35676, '1015675', 'B0000808',1,'1076测试服务器','4',8,'0');
insert into V_VEHICLEINFO (ORG_CODE,VEHICLE_ID,ID_NUMBER,TYPE_ID,TERMINAL_ID,DELETE_FLAG,COLOR_ID_NUMBER_ID,AUTHORIZED_PAY_MASS) values ('B0000808','3401676', '测B15675', 4, 341676, 0, '2',15);

insert into T_SIMINFO (SIM_ID, ORG_CODE, DEPTCODE, STATE,PAY_MODLE, SIM_NUM) values(35677, 'B0000808', '中国移动', 1, '预付费', 13100015676);
insert into T_TERMINALINFO (TERMINAL_ID,TTYPE_ID,SIM_ID,TERMINAL_CODE,ORG_CODE,IS_VIDEO_TERMINAL,SP_SERVER_NAME,PROTOCOL_TYPE,CHANNELS,YT_PROTOCOL_TYPE) values(341677, 4, 35677, '1015676', 'B0000808',1,'1076测试服务器','4',8,'0');
insert into V_VEHICLEINFO (ORG_CODE,VEHICLE_ID,ID_NUMBER,TYPE_ID,TERMINAL_ID,DELETE_FLAG,COLOR_ID_NUMBER_ID,AUTHORIZED_PAY_MASS) values ('B0000808','3401677', '测B15676', 4, 341677, 0, '2',15);

insert into T_SIMINFO (SIM_ID, ORG_CODE, DEPTCODE, STATE,PAY_MODLE, SIM_NUM) values(35678, 'B0000808', '中国移动', 1, '预付费', 13100015677);
insert into T_TERMINALINFO (TERMINAL_ID,TTYPE_ID,SIM_ID,TERMINAL_CODE,ORG_CODE,IS_VIDEO_TERMINAL,SP_SERVER_NAME,PROTOCOL_TYPE,CHANNELS,YT_PROTOCOL_TYPE) values(341678, 4, 35678, '1015677', 'B0000808',1,'1076测试服务器','4',8,'0');
insert into V_VEHICLEINFO (ORG_CODE,VEHICLE_ID,ID_NUMBER,TYPE_ID,TERMINAL_ID,DELETE_FLAG,COLOR_ID_NUMBER_ID,AUTHORIZED_PAY_MASS) values ('B0000808','3401678', '测B15677', 4, 341678, 0, '2',15);

insert into T_SIMINFO (SIM_ID, ORG_CODE, DEPTCODE, STATE,PAY_MODLE, SIM_NUM) values(35679, 'B0000808', '中国移动', 1, '预付费', 13100015678);
insert into T_TERMINALINFO (TERMINAL_ID,TTYPE_ID,SIM_ID,TERMINAL_CODE,ORG_CODE,IS_VIDEO_TERMINAL,SP_SERVER_NAME,PROTOCOL_TYPE,CHANNELS,YT_PROTOCOL_TYPE) values(341679, 4, 35679, '1015678', 'B0000808',1,'1076测试服务器','4',8,'0');
insert into V_VEHICLEINFO (ORG_CODE,VEHICLE_ID,ID_NUMBER,TYPE_ID,TERMINAL_ID,DELETE_FLAG,COLOR_ID_NUMBER_ID,AUTHORIZED_PAY_MASS) values ('B0000808','3401679', '测B15678', 4, 341679, 0, '2',15);

insert into T_SIMINFO (SIM_ID, ORG_CODE, DEPTCODE, STATE,PAY_MODLE, SIM_NUM) values(35680, 'B0000808', '中国移动', 1, '预付费', 13100015679);
insert into T_TERMINALINFO (TERMINAL_ID,TTYPE_ID,SIM_ID,TERMINAL_CODE,ORG_CODE,IS_VIDEO_TERMINAL,SP_SERVER_NAME,PROTOCOL_TYPE,CHANNELS,YT_PROTOCOL_TYPE) values(341680, 4, 35680, '1015679', 'B0000808',1,'1076测试服务器','4',8,'0');
insert into V_VEHICLEINFO (ORG_CODE,VEHICLE_ID,ID_NUMBER,TYPE_ID,TERMINAL_ID,DELETE_FLAG,COLOR_ID_NUMBER_ID,AUTHORIZED_PAY_MASS) values ('B0000808','3401680', '测B15679', 4, 341680, 0, '2',15);

insert into T_SIMINFO (SIM_ID, ORG_CODE, DEPTCODE, STATE,PAY_MODLE, SIM_NUM) values(35681, 'B0000808', '中国移动', 1, '预付费', 13100015680);
insert into T_TERMINALINFO (TERMINAL_ID,TTYPE_ID,SIM_ID,TERMINAL_CODE,ORG_CODE,IS_VIDEO_TERMINAL,SP_SERVER_NAME,PROTOCOL_TYPE,CHANNELS,YT_PROTOCOL_TYPE) values(341681, 4, 35681, '1015680', 'B0000808',1,'1076测试服务器','4',8,'0');
insert into V_VEHICLEINFO (ORG_CODE,VEHICLE_ID,ID_NUMBER,TYPE_ID,TERMINAL_ID,DELETE_FLAG,COLOR_ID_NUMBER_ID,AUTHORIZED_PAY_MASS) values ('B0000808','3401681', '测B15680', 4, 341681, 0, '2',15);

insert into T_SIMINFO (SIM_ID, ORG_CODE, DEPTCODE, STATE,PAY_MODLE, SIM_NUM) values(35682, 'B0000808', '中国移动', 1, '预付费', 13100015681);
insert into T_TERMINALINFO (TERMINAL_ID,TTYPE_ID,SIM_ID,TERMINAL_CODE,ORG_CODE,IS_VIDEO_TERMINAL,SP_SERVER_NAME,PROTOCOL_TYPE,CHANNELS,YT_PROTOCOL_TYPE) values(341682, 4, 35682, '1015681', 'B0000808',1,'1076测试服务器','4',8,'0');
insert into V_VEHICLEINFO (ORG_CODE,VEHICLE_ID,ID_NUMBER,TYPE_ID,TERMINAL_ID,DELETE_FLAG,COLOR_ID_NUMBER_ID,AUTHORIZED_PAY_MASS) values ('B0000808','3401682', '测B15681', 4, 341682, 0, '2',15);

insert into T_SIMINFO (SIM_ID, ORG_CODE, DEPTCODE, STATE,PAY_MODLE, SIM_NUM) values(35683, 'B0000808', '中国移动', 1, '预付费', 13100015682);
insert into T_TERMINALINFO (TERMINAL_ID,TTYPE_ID,SIM_ID,TERMINAL_CODE,ORG_CODE,IS_VIDEO_TERMINAL,SP_SERVER_NAME,PROTOCOL_TYPE,CHANNELS,YT_PROTOCOL_TYPE) values(341683, 4, 35683, '1015682', 'B0000808',1,'1076测试服务器','4',8,'0');
insert into V_VEHICLEINFO (ORG_CODE,VEHICLE_ID,ID_NUMBER,TYPE_ID,TERMINAL_ID,DELETE_FLAG,COLOR_ID_NUMBER_ID,AUTHORIZED_PAY_MASS) values ('B0000808','3401683', '测B15682', 4, 341683, 0, '2',15);

insert into T_SIMINFO (SIM_ID, ORG_CODE, DEPTCODE, STATE,PAY_MODLE, SIM_NUM) values(35684, 'B0000808', '中国移动', 1, '预付费', 13100015683);
insert into T_TERMINALINFO (TERMINAL_ID,TTYPE_ID,SIM_ID,TERMINAL_CODE,ORG_CODE,IS_VIDEO_TERMINAL,SP_SERVER_NAME,PROTOCOL_TYPE,CHANNELS,YT_PROTOCOL_TYPE) values(341684, 4, 35684, '1015683', 'B0000808',1,'1076测试服务器','4',8,'0');
insert into V_VEHICLEINFO (ORG_CODE,VEHICLE_ID,ID_NUMBER,TYPE_ID,TERMINAL_ID,DELETE_FLAG,COLOR_ID_NUMBER_ID,AUTHORIZED_PAY_MASS) values ('B0000808','3401684', '测B15683', 4, 341684, 0, '2',15);

insert into T_SIMINFO (SIM_ID, ORG_CODE, DEPTCODE, STATE,PAY_MODLE, SIM_NUM) values(35685, 'B0000808', '中国移动', 1, '预付费', 13100015684);
insert into T_TERMINALINFO (TERMINAL_ID,TTYPE_ID,SIM_ID,TERMINAL_CODE,ORG_CODE,IS_VIDEO_TERMINAL,SP_SERVER_NAME,PROTOCOL_TYPE,CHANNELS,YT_PROTOCOL_TYPE) values(341685, 4, 35685, '1015684', 'B0000808',1,'1076测试服务器','4',8,'0');
insert into V_VEHICLEINFO (ORG_CODE,VEHICLE_ID,ID_NUMBER,TYPE_ID,TERMINAL_ID,DELETE_FLAG,COLOR_ID_NUMBER_ID,AUTHORIZED_PAY_MASS) values ('B0000808','3401685', '测B15684', 4, 341685, 0, '2',15);

insert into T_SIMINFO (SIM_ID, ORG_CODE, DEPTCODE, STATE,PAY_MODLE, SIM_NUM) values(35686, 'B0000808', '中国移动', 1, '预付费', 13100015685);
insert into T_TERMINALINFO (TERMINAL_ID,TTYPE_ID,SIM_ID,TERMINAL_CODE,ORG_CODE,IS_VIDEO_TERMINAL,SP_SERVER_NAME,PROTOCOL_TYPE,CHANNELS,YT_PROTOCOL_TYPE) values(341686, 4, 35686, '1015685', 'B0000808',1,'1076测试服务器','4',8,'0');
insert into V_VEHICLEINFO (ORG_CODE,VEHICLE_ID,ID_NUMBER,TYPE_ID,TERMINAL_ID,DELETE_FLAG,COLOR_ID_NUMBER_ID,AUTHORIZED_PAY_MASS) values ('B0000808','3401686', '测B15685', 4, 341686, 0, '2',15);

insert into T_SIMINFO (SIM_ID, ORG_CODE, DEPTCODE, STATE,PAY_MODLE, SIM_NUM) values(35687, 'B0000808', '中国移动', 1, '预付费', 13100015686);
insert into T_TERMINALINFO (TERMINAL_ID,TTYPE_ID,SIM_ID,TERMINAL_CODE,ORG_CODE,IS_VIDEO_TERMINAL,SP_SERVER_NAME,PROTOCOL_TYPE,CHANNELS,YT_PROTOCOL_TYPE) values(341687, 4, 35687, '1015686', 'B0000808',1,'1076测试服务器','4',8,'0');
insert into V_VEHICLEINFO (ORG_CODE,VEHICLE_ID,ID_NUMBER,TYPE_ID,TERMINAL_ID,DELETE_FLAG,COLOR_ID_NUMBER_ID,AUTHORIZED_PAY_MASS) values ('B0000808','3401687', '测B15686', 4, 341687, 0, '2',15);

insert into T_SIMINFO (SIM_ID, ORG_CODE, DEPTCODE, STATE,PAY_MODLE, SIM_NUM) values(35688, 'B0000808', '中国移动', 1, '预付费', 13100015687);
insert into T_TERMINALINFO (TERMINAL_ID,TTYPE_ID,SIM_ID,TERMINAL_CODE,ORG_CODE,IS_VIDEO_TERMINAL,SP_SERVER_NAME,PROTOCOL_TYPE,CHANNELS,YT_PROTOCOL_TYPE) values(341688, 4, 35688, '1015687', 'B0000808',1,'1076测试服务器','4',8,'0');
insert into V_VEHICLEINFO (ORG_CODE,VEHICLE_ID,ID_NUMBER,TYPE_ID,TERMINAL_ID,DELETE_FLAG,COLOR_ID_NUMBER_ID,AUTHORIZED_PAY_MASS) values ('B0000808','3401688', '测B15687', 4, 341688, 0, '2',15);

insert into T_SIMINFO (SIM_ID, ORG_CODE, DEPTCODE, STATE,PAY_MODLE, SIM_NUM) values(35689, 'B0000808', '中国移动', 1, '预付费', 13100015688);
insert into T_TERMINALINFO (TERMINAL_ID,TTYPE_ID,SIM_ID,TERMINAL_CODE,ORG_CODE,IS_VIDEO_TERMINAL,SP_SERVER_NAME,PROTOCOL_TYPE,CHANNELS,YT_PROTOCOL_TYPE) values(341689, 4, 35689, '1015688', 'B0000808',1,'1076测试服务器','4',8,'0');
insert into V_VEHICLEINFO (ORG_CODE,VEHICLE_ID,ID_NUMBER,TYPE_ID,TERMINAL_ID,DELETE_FLAG,COLOR_ID_NUMBER_ID,AUTHORIZED_PAY_MASS) values ('B0000808','3401689', '测B15688', 4, 341689, 0, '2',15);

insert into T_SIMINFO (SIM_ID, ORG_CODE, DEPTCODE, STATE,PAY_MODLE, SIM_NUM) values(35690, 'B0000808', '中国移动', 1, '预付费', 13100015689);
insert into T_TERMINALINFO (TERMINAL_ID,TTYPE_ID,SIM_ID,TERMINAL_CODE,ORG_CODE,IS_VIDEO_TERMINAL,SP_SERVER_NAME,PROTOCOL_TYPE,CHANNELS,YT_PROTOCOL_TYPE) values(341690, 4, 35690, '1015689', 'B0000808',1,'1076测试服务器','4',8,'0');
insert into V_VEHICLEINFO (ORG_CODE,VEHICLE_ID,ID_NUMBER,TYPE_ID,TERMINAL_ID,DELETE_FLAG,COLOR_ID_NUMBER_ID,AUTHORIZED_PAY_MASS) values ('B0000808','3401690', '测B15689', 4, 341690, 0, '2',15);

insert into T_SIMINFO (SIM_ID, ORG_CODE, DEPTCODE, STATE,PAY_MODLE, SIM_NUM) values(35691, 'B0000808', '中国移动', 1, '预付费', 13100015690);
insert into T_TERMINALINFO (TERMINAL_ID,TTYPE_ID,SIM_ID,TERMINAL_CODE,ORG_CODE,IS_VIDEO_TERMINAL,SP_SERVER_NAME,PROTOCOL_TYPE,CHANNELS,YT_PROTOCOL_TYPE) values(341691, 4, 35691, '1015690', 'B0000808',1,'1076测试服务器','4',8,'0');
insert into V_VEHICLEINFO (ORG_CODE,VEHICLE_ID,ID_NUMBER,TYPE_ID,TERMINAL_ID,DELETE_FLAG,COLOR_ID_NUMBER_ID,AUTHORIZED_PAY_MASS) values ('B0000808','3401691', '测B15690', 4, 341691, 0, '2',15);

insert into T_SIMINFO (SIM_ID, ORG_CODE, DEPTCODE, STATE,PAY_MODLE, SIM_NUM) values(35692, 'B0000808', '中国移动', 1, '预付费', 13100015691);
insert into T_TERMINALINFO (TERMINAL_ID,TTYPE_ID,SIM_ID,TERMINAL_CODE,ORG_CODE,IS_VIDEO_TERMINAL,SP_SERVER_NAME,PROTOCOL_TYPE,CHANNELS,YT_PROTOCOL_TYPE) values(341692, 4, 35692, '1015691', 'B0000808',1,'1076测试服务器','4',8,'0');
insert into V_VEHICLEINFO (ORG_CODE,VEHICLE_ID,ID_NUMBER,TYPE_ID,TERMINAL_ID,DELETE_FLAG,COLOR_ID_NUMBER_ID,AUTHORIZED_PAY_MASS) values ('B0000808','3401692', '测B15691', 4, 341692, 0, '2',15);

insert into T_SIMINFO (SIM_ID, ORG_CODE, DEPTCODE, STATE,PAY_MODLE, SIM_NUM) values(35693, 'B0000808', '中国移动', 1, '预付费', 13100015692);
insert into T_TERMINALINFO (TERMINAL_ID,TTYPE_ID,SIM_ID,TERMINAL_CODE,ORG_CODE,IS_VIDEO_TERMINAL,SP_SERVER_NAME,PROTOCOL_TYPE,CHANNELS,YT_PROTOCOL_TYPE) values(341693, 4, 35693, '1015692', 'B0000808',1,'1076测试服务器','4',8,'0');
insert into V_VEHICLEINFO (ORG_CODE,VEHICLE_ID,ID_NUMBER,TYPE_ID,TERMINAL_ID,DELETE_FLAG,COLOR_ID_NUMBER_ID,AUTHORIZED_PAY_MASS) values ('B0000808','3401693', '测B15692', 4, 341693, 0, '2',15);

insert into T_SIMINFO (SIM_ID, ORG_CODE, DEPTCODE, STATE,PAY_MODLE, SIM_NUM) values(35694, 'B0000808', '中国移动', 1, '预付费', 13100015693);
insert into T_TERMINALINFO (TERMINAL_ID,TTYPE_ID,SIM_ID,TERMINAL_CODE,ORG_CODE,IS_VIDEO_TERMINAL,SP_SERVER_NAME,PROTOCOL_TYPE,CHANNELS,YT_PROTOCOL_TYPE) values(341694, 4, 35694, '1015693', 'B0000808',1,'1076测试服务器','4',8,'0');
insert into V_VEHICLEINFO (ORG_CODE,VEHICLE_ID,ID_NUMBER,TYPE_ID,TERMINAL_ID,DELETE_FLAG,COLOR_ID_NUMBER_ID,AUTHORIZED_PAY_MASS) values ('B0000808','3401694', '测B15693', 4, 341694, 0, '2',15);

insert into T_SIMINFO (SIM_ID, ORG_CODE, DEPTCODE, STATE,PAY_MODLE, SIM_NUM) values(35695, 'B0000808', '中国移动', 1, '预付费', 13100015694);
insert into T_TERMINALINFO (TERMINAL_ID,TTYPE_ID,SIM_ID,TERMINAL_CODE,ORG_CODE,IS_VIDEO_TERMINAL,SP_SERVER_NAME,PROTOCOL_TYPE,CHANNELS,YT_PROTOCOL_TYPE) values(341695, 4, 35695, '1015694', 'B0000808',1,'1076测试服务器','4',8,'0');
insert into V_VEHICLEINFO (ORG_CODE,VEHICLE_ID,ID_NUMBER,TYPE_ID,TERMINAL_ID,DELETE_FLAG,COLOR_ID_NUMBER_ID,AUTHORIZED_PAY_MASS) values ('B0000808','3401695', '测B15694', 4, 341695, 0, '2',15);

insert into T_SIMINFO (SIM_ID, ORG_CODE, DEPTCODE, STATE,PAY_MODLE, SIM_NUM) values(35696, 'B0000808', '中国移动', 1, '预付费', 13100015695);
insert into T_TERMINALINFO (TERMINAL_ID,TTYPE_ID,SIM_ID,TERMINAL_CODE,ORG_CODE,IS_VIDEO_TERMINAL,SP_SERVER_NAME,PROTOCOL_TYPE,CHANNELS,YT_PROTOCOL_TYPE) values(341696, 4, 35696, '1015695', 'B0000808',1,'1076测试服务器','4',8,'0');
insert into V_VEHICLEINFO (ORG_CODE,VEHICLE_ID,ID_NUMBER,TYPE_ID,TERMINAL_ID,DELETE_FLAG,COLOR_ID_NUMBER_ID,AUTHORIZED_PAY_MASS) values ('B0000808','3401696', '测B15695', 4, 341696, 0, '2',15);

insert into T_SIMINFO (SIM_ID, ORG_CODE, DEPTCODE, STATE,PAY_MODLE, SIM_NUM) values(35697, 'B0000808', '中国移动', 1, '预付费', 13100015696);
insert into T_TERMINALINFO (TERMINAL_ID,TTYPE_ID,SIM_ID,TERMINAL_CODE,ORG_CODE,IS_VIDEO_TERMINAL,SP_SERVER_NAME,PROTOCOL_TYPE,CHANNELS,YT_PROTOCOL_TYPE) values(341697, 4, 35697, '1015696', 'B0000808',1,'1076测试服务器','4',8,'0');
insert into V_VEHICLEINFO (ORG_CODE,VEHICLE_ID,ID_NUMBER,TYPE_ID,TERMINAL_ID,DELETE_FLAG,COLOR_ID_NUMBER_ID,AUTHORIZED_PAY_MASS) values ('B0000808','3401697', '测B15696', 4, 341697, 0, '2',15);

insert into T_SIMINFO (SIM_ID, ORG_CODE, DEPTCODE, STATE,PAY_MODLE, SIM_NUM) values(35698, 'B0000808', '中国移动', 1, '预付费', 13100015697);
insert into T_TERMINALINFO (TERMINAL_ID,TTYPE_ID,SIM_ID,TERMINAL_CODE,ORG_CODE,IS_VIDEO_TERMINAL,SP_SERVER_NAME,PROTOCOL_TYPE,CHANNELS,YT_PROTOCOL_TYPE) values(341698, 4, 35698, '1015697', 'B0000808',1,'1076测试服务器','4',8,'0');
insert into V_VEHICLEINFO (ORG_CODE,VEHICLE_ID,ID_NUMBER,TYPE_ID,TERMINAL_ID,DELETE_FLAG,COLOR_ID_NUMBER_ID,AUTHORIZED_PAY_MASS) values ('B0000808','3401698', '测B15697', 4, 341698, 0, '2',15);

insert into T_SIMINFO (SIM_ID, ORG_CODE, DEPTCODE, STATE,PAY_MODLE, SIM_NUM) values(35699, 'B0000808', '中国移动', 1, '预付费', 13100015698);
insert into T_TERMINALINFO (TERMINAL_ID,TTYPE_ID,SIM_ID,TERMINAL_CODE,ORG_CODE,IS_VIDEO_TERMINAL,SP_SERVER_NAME,PROTOCOL_TYPE,CHANNELS,YT_PROTOCOL_TYPE) values(341699, 4, 35699, '1015698', 'B0000808',1,'1076测试服务器','4',8,'0');
insert into V_VEHICLEINFO (ORG_CODE,VEHICLE_ID,ID_NUMBER,TYPE_ID,TERMINAL_ID,DELETE_FLAG,COLOR_ID_NUMBER_ID,AUTHORIZED_PAY_MASS) values ('B0000808','3401699', '测B15698', 4, 341699, 0, '2',15);

insert into T_SIMINFO (SIM_ID, ORG_CODE, DEPTCODE, STATE,PAY_MODLE, SIM_NUM) values(35700, 'B0000808', '中国移动', 1, '预付费', 13100015699);
insert into T_TERMINALINFO (TERMINAL_ID,TTYPE_ID,SIM_ID,TERMINAL_CODE,ORG_CODE,IS_VIDEO_TERMINAL,SP_SERVER_NAME,PROTOCOL_TYPE,CHANNELS,YT_PROTOCOL_TYPE) values(341700, 4, 35700, '1015699', 'B0000808',1,'1076测试服务器','4',8,'0');
insert into V_VEHICLEINFO (ORG_CODE,VEHICLE_ID,ID_NUMBER,TYPE_ID,TERMINAL_ID,DELETE_FLAG,COLOR_ID_NUMBER_ID,AUTHORIZED_PAY_MASS) values ('B0000808','3401700', '测B15699', 4, 341700, 0, '2',15);

insert into T_SIMINFO (SIM_ID, ORG_CODE, DEPTCODE, STATE,PAY_MODLE, SIM_NUM) values(35701, 'B0000808', '中国移动', 1, '预付费', 13100015700);
insert into T_TERMINALINFO (TERMINAL_ID,TTYPE_ID,SIM_ID,TERMINAL_CODE,ORG_CODE,IS_VIDEO_TERMINAL,SP_SERVER_NAME,PROTOCOL_TYPE,CHANNELS,YT_PROTOCOL_TYPE) values(341701, 4, 35701, '1015700', 'B0000808',1,'1076测试服务器','4',8,'0');
insert into V_VEHICLEINFO (ORG_CODE,VEHICLE_ID,ID_NUMBER,TYPE_ID,TERMINAL_ID,DELETE_FLAG,COLOR_ID_NUMBER_ID,AUTHORIZED_PAY_MASS) values ('B0000808','3401701', '测B15700', 4, 341701, 0, '2',15);

insert into T_SIMINFO (SIM_ID, ORG_CODE, DEPTCODE, STATE,PAY_MODLE, SIM_NUM) values(35702, 'B0000808', '中国移动', 1, '预付费', 13100015701);
insert into T_TERMINALINFO (TERMINAL_ID,TTYPE_ID,SIM_ID,TERMINAL_CODE,ORG_CODE,IS_VIDEO_TERMINAL,SP_SERVER_NAME,PROTOCOL_TYPE,CHANNELS,YT_PROTOCOL_TYPE) values(341702, 4, 35702, '1015701', 'B0000808',1,'1076测试服务器','4',8,'0');
insert into V_VEHICLEINFO (ORG_CODE,VEHICLE_ID,ID_NUMBER,TYPE_ID,TERMINAL_ID,DELETE_FLAG,COLOR_ID_NUMBER_ID,AUTHORIZED_PAY_MASS) values ('B0000808','3401702', '测B15701', 4, 341702, 0, '2',15);

insert into T_SIMINFO (SIM_ID, ORG_CODE, DEPTCODE, STATE,PAY_MODLE, SIM_NUM) values(35703, 'B0000808', '中国移动', 1, '预付费', 13100015702);
insert into T_TERMINALINFO (TERMINAL_ID,TTYPE_ID,SIM_ID,TERMINAL_CODE,ORG_CODE,IS_VIDEO_TERMINAL,SP_SERVER_NAME,PROTOCOL_TYPE,CHANNELS,YT_PROTOCOL_TYPE) values(341703, 4, 35703, '1015702', 'B0000808',1,'1076测试服务器','4',8,'0');
insert into V_VEHICLEINFO (ORG_CODE,VEHICLE_ID,ID_NUMBER,TYPE_ID,TERMINAL_ID,DELETE_FLAG,COLOR_ID_NUMBER_ID,AUTHORIZED_PAY_MASS) values ('B0000808','3401703', '测B15702', 4, 341703, 0, '2',15);

insert into T_SIMINFO (SIM_ID, ORG_CODE, DEPTCODE, STATE,PAY_MODLE, SIM_NUM) values(35704, 'B0000808', '中国移动', 1, '预付费', 13100015703);
insert into T_TERMINALINFO (TERMINAL_ID,TTYPE_ID,SIM_ID,TERMINAL_CODE,ORG_CODE,IS_VIDEO_TERMINAL,SP_SERVER_NAME,PROTOCOL_TYPE,CHANNELS,YT_PROTOCOL_TYPE) values(341704, 4, 35704, '1015703', 'B0000808',1,'1076测试服务器','4',8,'0');
insert into V_VEHICLEINFO (ORG_CODE,VEHICLE_ID,ID_NUMBER,TYPE_ID,TERMINAL_ID,DELETE_FLAG,COLOR_ID_NUMBER_ID,AUTHORIZED_PAY_MASS) values ('B0000808','3401704', '测B15703', 4, 341704, 0, '2',15);

insert into T_SIMINFO (SIM_ID, ORG_CODE, DEPTCODE, STATE,PAY_MODLE, SIM_NUM) values(35705, 'B0000808', '中国移动', 1, '预付费', 13100015704);
insert into T_TERMINALINFO (TERMINAL_ID,TTYPE_ID,SIM_ID,TERMINAL_CODE,ORG_CODE,IS_VIDEO_TERMINAL,SP_SERVER_NAME,PROTOCOL_TYPE,CHANNELS,YT_PROTOCOL_TYPE) values(341705, 4, 35705, '1015704', 'B0000808',1,'1076测试服务器','4',8,'0');
insert into V_VEHICLEINFO (ORG_CODE,VEHICLE_ID,ID_NUMBER,TYPE_ID,TERMINAL_ID,DELETE_FLAG,COLOR_ID_NUMBER_ID,AUTHORIZED_PAY_MASS) values ('B0000808','3401705', '测B15704', 4, 341705, 0, '2',15);

insert into T_SIMINFO (SIM_ID, ORG_CODE, DEPTCODE, STATE,PAY_MODLE, SIM_NUM) values(35706, 'B0000808', '中国移动', 1, '预付费', 13100015705);
insert into T_TERMINALINFO (TERMINAL_ID,TTYPE_ID,SIM_ID,TERMINAL_CODE,ORG_CODE,IS_VIDEO_TERMINAL,SP_SERVER_NAME,PROTOCOL_TYPE,CHANNELS,YT_PROTOCOL_TYPE) values(341706, 4, 35706, '1015705', 'B0000808',1,'1076测试服务器','4',8,'0');
insert into V_VEHICLEINFO (ORG_CODE,VEHICLE_ID,ID_NUMBER,TYPE_ID,TERMINAL_ID,DELETE_FLAG,COLOR_ID_NUMBER_ID,AUTHORIZED_PAY_MASS) values ('B0000808','3401706', '测B15705', 4, 341706, 0, '2',15);

insert into T_SIMINFO (SIM_ID, ORG_CODE, DEPTCODE, STATE,PAY_MODLE, SIM_NUM) values(35707, 'B0000808', '中国移动', 1, '预付费', 13100015706);
insert into T_TERMINALINFO (TERMINAL_ID,TTYPE_ID,SIM_ID,TERMINAL_CODE,ORG_CODE,IS_VIDEO_TERMINAL,SP_SERVER_NAME,PROTOCOL_TYPE,CHANNELS,YT_PROTOCOL_TYPE) values(341707, 4, 35707, '1015706', 'B0000808',1,'1076测试服务器','4',8,'0');
insert into V_VEHICLEINFO (ORG_CODE,VEHICLE_ID,ID_NUMBER,TYPE_ID,TERMINAL_ID,DELETE_FLAG,COLOR_ID_NUMBER_ID,AUTHORIZED_PAY_MASS) values ('B0000808','3401707', '测B15706', 4, 341707, 0, '2',15);

insert into T_SIMINFO (SIM_ID, ORG_CODE, DEPTCODE, STATE,PAY_MODLE, SIM_NUM) values(35708, 'B0000808', '中国移动', 1, '预付费', 13100015707);
insert into T_TERMINALINFO (TERMINAL_ID,TTYPE_ID,SIM_ID,TERMINAL_CODE,ORG_CODE,IS_VIDEO_TERMINAL,SP_SERVER_NAME,PROTOCOL_TYPE,CHANNELS,YT_PROTOCOL_TYPE) values(341708, 4, 35708, '1015707', 'B0000808',1,'1076测试服务器','4',8,'0');
insert into V_VEHICLEINFO (ORG_CODE,VEHICLE_ID,ID_NUMBER,TYPE_ID,TERMINAL_ID,DELETE_FLAG,COLOR_ID_NUMBER_ID,AUTHORIZED_PAY_MASS) values ('B0000808','3401708', '测B15707', 4, 341708, 0, '2',15);

insert into T_SIMINFO (SIM_ID, ORG_CODE, DEPTCODE, STATE,PAY_MODLE, SIM_NUM) values(35709, 'B0000808', '中国移动', 1, '预付费', 13100015708);
insert into T_TERMINALINFO (TERMINAL_ID,TTYPE_ID,SIM_ID,TERMINAL_CODE,ORG_CODE,IS_VIDEO_TERMINAL,SP_SERVER_NAME,PROTOCOL_TYPE,CHANNELS,YT_PROTOCOL_TYPE) values(341709, 4, 35709, '1015708', 'B0000808',1,'1076测试服务器','4',8,'0');
insert into V_VEHICLEINFO (ORG_CODE,VEHICLE_ID,ID_NUMBER,TYPE_ID,TERMINAL_ID,DELETE_FLAG,COLOR_ID_NUMBER_ID,AUTHORIZED_PAY_MASS) values ('B0000808','3401709', '测B15708', 4, 341709, 0, '2',15);

insert into T_SIMINFO (SIM_ID, ORG_CODE, DEPTCODE, STATE,PAY_MODLE, SIM_NUM) values(35710, 'B0000808', '中国移动', 1, '预付费', 13100015709);
insert into T_TERMINALINFO (TERMINAL_ID,TTYPE_ID,SIM_ID,TERMINAL_CODE,ORG_CODE,IS_VIDEO_TERMINAL,SP_SERVER_NAME,PROTOCOL_TYPE,CHANNELS,YT_PROTOCOL_TYPE) values(341710, 4, 35710, '1015709', 'B0000808',1,'1076测试服务器','4',8,'0');
insert into V_VEHICLEINFO (ORG_CODE,VEHICLE_ID,ID_NUMBER,TYPE_ID,TERMINAL_ID,DELETE_FLAG,COLOR_ID_NUMBER_ID,AUTHORIZED_PAY_MASS) values ('B0000808','3401710', '测B15709', 4, 341710, 0, '2',15);

insert into T_SIMINFO (SIM_ID, ORG_CODE, DEPTCODE, STATE,PAY_MODLE, SIM_NUM) values(35711, 'B0000808', '中国移动', 1, '预付费', 13100015710);
insert into T_TERMINALINFO (TERMINAL_ID,TTYPE_ID,SIM_ID,TERMINAL_CODE,ORG_CODE,IS_VIDEO_TERMINAL,SP_SERVER_NAME,PROTOCOL_TYPE,CHANNELS,YT_PROTOCOL_TYPE) values(341711, 4, 35711, '1015710', 'B0000808',1,'1076测试服务器','4',8,'0');
insert into V_VEHICLEINFO (ORG_CODE,VEHICLE_ID,ID_NUMBER,TYPE_ID,TERMINAL_ID,DELETE_FLAG,COLOR_ID_NUMBER_ID,AUTHORIZED_PAY_MASS) values ('B0000808','3401711', '测B15710', 4, 341711, 0, '2',15);

insert into T_SIMINFO (SIM_ID, ORG_CODE, DEPTCODE, STATE,PAY_MODLE, SIM_NUM) values(35712, 'B0000808', '中国移动', 1, '预付费', 13100015711);
insert into T_TERMINALINFO (TERMINAL_ID,TTYPE_ID,SIM_ID,TERMINAL_CODE,ORG_CODE,IS_VIDEO_TERMINAL,SP_SERVER_NAME,PROTOCOL_TYPE,CHANNELS,YT_PROTOCOL_TYPE) values(341712, 4, 35712, '1015711', 'B0000808',1,'1076测试服务器','4',8,'0');
insert into V_VEHICLEINFO (ORG_CODE,VEHICLE_ID,ID_NUMBER,TYPE_ID,TERMINAL_ID,DELETE_FLAG,COLOR_ID_NUMBER_ID,AUTHORIZED_PAY_MASS) values ('B0000808','3401712', '测B15711', 4, 341712, 0, '2',15);

insert into T_SIMINFO (SIM_ID, ORG_CODE, DEPTCODE, STATE,PAY_MODLE, SIM_NUM) values(35713, 'B0000808', '中国移动', 1, '预付费', 13100015712);
insert into T_TERMINALINFO (TERMINAL_ID,TTYPE_ID,SIM_ID,TERMINAL_CODE,ORG_CODE,IS_VIDEO_TERMINAL,SP_SERVER_NAME,PROTOCOL_TYPE,CHANNELS,YT_PROTOCOL_TYPE) values(341713, 4, 35713, '1015712', 'B0000808',1,'1076测试服务器','4',8,'0');
insert into V_VEHICLEINFO (ORG_CODE,VEHICLE_ID,ID_NUMBER,TYPE_ID,TERMINAL_ID,DELETE_FLAG,COLOR_ID_NUMBER_ID,AUTHORIZED_PAY_MASS) values ('B0000808','3401713', '测B15712', 4, 341713, 0, '2',15);

insert into T_SIMINFO (SIM_ID, ORG_CODE, DEPTCODE, STATE,PAY_MODLE, SIM_NUM) values(35714, 'B0000808', '中国移动', 1, '预付费', 13100015713);
insert into T_TERMINALINFO (TERMINAL_ID,TTYPE_ID,SIM_ID,TERMINAL_CODE,ORG_CODE,IS_VIDEO_TERMINAL,SP_SERVER_NAME,PROTOCOL_TYPE,CHANNELS,YT_PROTOCOL_TYPE) values(341714, 4, 35714, '1015713', 'B0000808',1,'1076测试服务器','4',8,'0');
insert into V_VEHICLEINFO (ORG_CODE,VEHICLE_ID,ID_NUMBER,TYPE_ID,TERMINAL_ID,DELETE_FLAG,COLOR_ID_NUMBER_ID,AUTHORIZED_PAY_MASS) values ('B0000808','3401714', '测B15713', 4, 341714, 0, '2',15);

insert into T_SIMINFO (SIM_ID, ORG_CODE, DEPTCODE, STATE,PAY_MODLE, SIM_NUM) values(35715, 'B0000808', '中国移动', 1, '预付费', 13100015714);
insert into T_TERMINALINFO (TERMINAL_ID,TTYPE_ID,SIM_ID,TERMINAL_CODE,ORG_CODE,IS_VIDEO_TERMINAL,SP_SERVER_NAME,PROTOCOL_TYPE,CHANNELS,YT_PROTOCOL_TYPE) values(341715, 4, 35715, '1015714', 'B0000808',1,'1076测试服务器','4',8,'0');
insert into V_VEHICLEINFO (ORG_CODE,VEHICLE_ID,ID_NUMBER,TYPE_ID,TERMINAL_ID,DELETE_FLAG,COLOR_ID_NUMBER_ID,AUTHORIZED_PAY_MASS) values ('B0000808','3401715', '测B15714', 4, 341715, 0, '2',15);

insert into T_SIMINFO (SIM_ID, ORG_CODE, DEPTCODE, STATE,PAY_MODLE, SIM_NUM) values(35716, 'B0000808', '中国移动', 1, '预付费', 13100015715);
insert into T_TERMINALINFO (TERMINAL_ID,TTYPE_ID,SIM_ID,TERMINAL_CODE,ORG_CODE,IS_VIDEO_TERMINAL,SP_SERVER_NAME,PROTOCOL_TYPE,CHANNELS,YT_PROTOCOL_TYPE) values(341716, 4, 35716, '1015715', 'B0000808',1,'1076测试服务器','4',8,'0');
insert into V_VEHICLEINFO (ORG_CODE,VEHICLE_ID,ID_NUMBER,TYPE_ID,TERMINAL_ID,DELETE_FLAG,COLOR_ID_NUMBER_ID,AUTHORIZED_PAY_MASS) values ('B0000808','3401716', '测B15715', 4, 341716, 0, '2',15);

insert into T_SIMINFO (SIM_ID, ORG_CODE, DEPTCODE, STATE,PAY_MODLE, SIM_NUM) values(35717, 'B0000808', '中国移动', 1, '预付费', 13100015716);
insert into T_TERMINALINFO (TERMINAL_ID,TTYPE_ID,SIM_ID,TERMINAL_CODE,ORG_CODE,IS_VIDEO_TERMINAL,SP_SERVER_NAME,PROTOCOL_TYPE,CHANNELS,YT_PROTOCOL_TYPE) values(341717, 4, 35717, '1015716', 'B0000808',1,'1076测试服务器','4',8,'0');
insert into V_VEHICLEINFO (ORG_CODE,VEHICLE_ID,ID_NUMBER,TYPE_ID,TERMINAL_ID,DELETE_FLAG,COLOR_ID_NUMBER_ID,AUTHORIZED_PAY_MASS) values ('B0000808','3401717', '测B15716', 4, 341717, 0, '2',15);

insert into T_SIMINFO (SIM_ID, ORG_CODE, DEPTCODE, STATE,PAY_MODLE, SIM_NUM) values(35718, 'B0000808', '中国移动', 1, '预付费', 13100015717);
insert into T_TERMINALINFO (TERMINAL_ID,TTYPE_ID,SIM_ID,TERMINAL_CODE,ORG_CODE,IS_VIDEO_TERMINAL,SP_SERVER_NAME,PROTOCOL_TYPE,CHANNELS,YT_PROTOCOL_TYPE) values(341718, 4, 35718, '1015717', 'B0000808',1,'1076测试服务器','4',8,'0');
insert into V_VEHICLEINFO (ORG_CODE,VEHICLE_ID,ID_NUMBER,TYPE_ID,TERMINAL_ID,DELETE_FLAG,COLOR_ID_NUMBER_ID,AUTHORIZED_PAY_MASS) values ('B0000808','3401718', '测B15717', 4, 341718, 0, '2',15);

insert into T_SIMINFO (SIM_ID, ORG_CODE, DEPTCODE, STATE,PAY_MODLE, SIM_NUM) values(35719, 'B0000808', '中国移动', 1, '预付费', 13100015718);
insert into T_TERMINALINFO (TERMINAL_ID,TTYPE_ID,SIM_ID,TERMINAL_CODE,ORG_CODE,IS_VIDEO_TERMINAL,SP_SERVER_NAME,PROTOCOL_TYPE,CHANNELS,YT_PROTOCOL_TYPE) values(341719, 4, 35719, '1015718', 'B0000808',1,'1076测试服务器','4',8,'0');
insert into V_VEHICLEINFO (ORG_CODE,VEHICLE_ID,ID_NUMBER,TYPE_ID,TERMINAL_ID,DELETE_FLAG,COLOR_ID_NUMBER_ID,AUTHORIZED_PAY_MASS) values ('B0000808','3401719', '测B15718', 4, 341719, 0, '2',15);

insert into T_SIMINFO (SIM_ID, ORG_CODE, DEPTCODE, STATE,PAY_MODLE, SIM_NUM) values(35720, 'B0000808', '中国移动', 1, '预付费', 13100015719);
insert into T_TERMINALINFO (TERMINAL_ID,TTYPE_ID,SIM_ID,TERMINAL_CODE,ORG_CODE,IS_VIDEO_TERMINAL,SP_SERVER_NAME,PROTOCOL_TYPE,CHANNELS,YT_PROTOCOL_TYPE) values(341720, 4, 35720, '1015719', 'B0000808',1,'1076测试服务器','4',8,'0');
insert into V_VEHICLEINFO (ORG_CODE,VEHICLE_ID,ID_NUMBER,TYPE_ID,TERMINAL_ID,DELETE_FLAG,COLOR_ID_NUMBER_ID,AUTHORIZED_PAY_MASS) values ('B0000808','3401720', '测B15719', 4, 341720, 0, '2',15);

insert into T_SIMINFO (SIM_ID, ORG_CODE, DEPTCODE, STATE,PAY_MODLE, SIM_NUM) values(35721, 'B0000808', '中国移动', 1, '预付费', 13100015720);
insert into T_TERMINALINFO (TERMINAL_ID,TTYPE_ID,SIM_ID,TERMINAL_CODE,ORG_CODE,IS_VIDEO_TERMINAL,SP_SERVER_NAME,PROTOCOL_TYPE,CHANNELS,YT_PROTOCOL_TYPE) values(341721, 4, 35721, '1015720', 'B0000808',1,'1076测试服务器','4',8,'0');
insert into V_VEHICLEINFO (ORG_CODE,VEHICLE_ID,ID_NUMBER,TYPE_ID,TERMINAL_ID,DELETE_FLAG,COLOR_ID_NUMBER_ID,AUTHORIZED_PAY_MASS) values ('B0000808','3401721', '测B15720', 4, 341721, 0, '2',15);

insert into T_SIMINFO (SIM_ID, ORG_CODE, DEPTCODE, STATE,PAY_MODLE, SIM_NUM) values(35722, 'B0000808', '中国移动', 1, '预付费', 13100015721);
insert into T_TERMINALINFO (TERMINAL_ID,TTYPE_ID,SIM_ID,TERMINAL_CODE,ORG_CODE,IS_VIDEO_TERMINAL,SP_SERVER_NAME,PROTOCOL_TYPE,CHANNELS,YT_PROTOCOL_TYPE) values(341722, 4, 35722, '1015721', 'B0000808',1,'1076测试服务器','4',8,'0');
insert into V_VEHICLEINFO (ORG_CODE,VEHICLE_ID,ID_NUMBER,TYPE_ID,TERMINAL_ID,DELETE_FLAG,COLOR_ID_NUMBER_ID,AUTHORIZED_PAY_MASS) values ('B0000808','3401722', '测B15721', 4, 341722, 0, '2',15);

insert into T_SIMINFO (SIM_ID, ORG_CODE, DEPTCODE, STATE,PAY_MODLE, SIM_NUM) values(35723, 'B0000808', '中国移动', 1, '预付费', 13100015722);
insert into T_TERMINALINFO (TERMINAL_ID,TTYPE_ID,SIM_ID,TERMINAL_CODE,ORG_CODE,IS_VIDEO_TERMINAL,SP_SERVER_NAME,PROTOCOL_TYPE,CHANNELS,YT_PROTOCOL_TYPE) values(341723, 4, 35723, '1015722', 'B0000808',1,'1076测试服务器','4',8,'0');
insert into V_VEHICLEINFO (ORG_CODE,VEHICLE_ID,ID_NUMBER,TYPE_ID,TERMINAL_ID,DELETE_FLAG,COLOR_ID_NUMBER_ID,AUTHORIZED_PAY_MASS) values ('B0000808','3401723', '测B15722', 4, 341723, 0, '2',15);

insert into T_SIMINFO (SIM_ID, ORG_CODE, DEPTCODE, STATE,PAY_MODLE, SIM_NUM) values(35724, 'B0000808', '中国移动', 1, '预付费', 13100015723);
insert into T_TERMINALINFO (TERMINAL_ID,TTYPE_ID,SIM_ID,TERMINAL_CODE,ORG_CODE,IS_VIDEO_TERMINAL,SP_SERVER_NAME,PROTOCOL_TYPE,CHANNELS,YT_PROTOCOL_TYPE) values(341724, 4, 35724, '1015723', 'B0000808',1,'1076测试服务器','4',8,'0');
insert into V_VEHICLEINFO (ORG_CODE,VEHICLE_ID,ID_NUMBER,TYPE_ID,TERMINAL_ID,DELETE_FLAG,COLOR_ID_NUMBER_ID,AUTHORIZED_PAY_MASS) values ('B0000808','3401724', '测B15723', 4, 341724, 0, '2',15);

insert into T_SIMINFO (SIM_ID, ORG_CODE, DEPTCODE, STATE,PAY_MODLE, SIM_NUM) values(35725, 'B0000808', '中国移动', 1, '预付费', 13100015724);
insert into T_TERMINALINFO (TERMINAL_ID,TTYPE_ID,SIM_ID,TERMINAL_CODE,ORG_CODE,IS_VIDEO_TERMINAL,SP_SERVER_NAME,PROTOCOL_TYPE,CHANNELS,YT_PROTOCOL_TYPE) values(341725, 4, 35725, '1015724', 'B0000808',1,'1076测试服务器','4',8,'0');
insert into V_VEHICLEINFO (ORG_CODE,VEHICLE_ID,ID_NUMBER,TYPE_ID,TERMINAL_ID,DELETE_FLAG,COLOR_ID_NUMBER_ID,AUTHORIZED_PAY_MASS) values ('B0000808','3401725', '测B15724', 4, 341725, 0, '2',15);

insert into T_SIMINFO (SIM_ID, ORG_CODE, DEPTCODE, STATE,PAY_MODLE, SIM_NUM) values(35726, 'B0000808', '中国移动', 1, '预付费', 13100015725);
insert into T_TERMINALINFO (TERMINAL_ID,TTYPE_ID,SIM_ID,TERMINAL_CODE,ORG_CODE,IS_VIDEO_TERMINAL,SP_SERVER_NAME,PROTOCOL_TYPE,CHANNELS,YT_PROTOCOL_TYPE) values(341726, 4, 35726, '1015725', 'B0000808',1,'1076测试服务器','4',8,'0');
insert into V_VEHICLEINFO (ORG_CODE,VEHICLE_ID,ID_NUMBER,TYPE_ID,TERMINAL_ID,DELETE_FLAG,COLOR_ID_NUMBER_ID,AUTHORIZED_PAY_MASS) values ('B0000808','3401726', '测B15725', 4, 341726, 0, '2',15);

insert into T_SIMINFO (SIM_ID, ORG_CODE, DEPTCODE, STATE,PAY_MODLE, SIM_NUM) values(35727, 'B0000808', '中国移动', 1, '预付费', 13100015726);
insert into T_TERMINALINFO (TERMINAL_ID,TTYPE_ID,SIM_ID,TERMINAL_CODE,ORG_CODE,IS_VIDEO_TERMINAL,SP_SERVER_NAME,PROTOCOL_TYPE,CHANNELS,YT_PROTOCOL_TYPE) values(341727, 4, 35727, '1015726', 'B0000808',1,'1076测试服务器','4',8,'0');
insert into V_VEHICLEINFO (ORG_CODE,VEHICLE_ID,ID_NUMBER,TYPE_ID,TERMINAL_ID,DELETE_FLAG,COLOR_ID_NUMBER_ID,AUTHORIZED_PAY_MASS) values ('B0000808','3401727', '测B15726', 4, 341727, 0, '2',15);

insert into T_SIMINFO (SIM_ID, ORG_CODE, DEPTCODE, STATE,PAY_MODLE, SIM_NUM) values(35728, 'B0000808', '中国移动', 1, '预付费', 13100015727);
insert into T_TERMINALINFO (TERMINAL_ID,TTYPE_ID,SIM_ID,TERMINAL_CODE,ORG_CODE,IS_VIDEO_TERMINAL,SP_SERVER_NAME,PROTOCOL_TYPE,CHANNELS,YT_PROTOCOL_TYPE) values(341728, 4, 35728, '1015727', 'B0000808',1,'1076测试服务器','4',8,'0');
insert into V_VEHICLEINFO (ORG_CODE,VEHICLE_ID,ID_NUMBER,TYPE_ID,TERMINAL_ID,DELETE_FLAG,COLOR_ID_NUMBER_ID,AUTHORIZED_PAY_MASS) values ('B0000808','3401728', '测B15727', 4, 341728, 0, '2',15);

insert into T_SIMINFO (SIM_ID, ORG_CODE, DEPTCODE, STATE,PAY_MODLE, SIM_NUM) values(35729, 'B0000808', '中国移动', 1, '预付费', 13100015728);
insert into T_TERMINALINFO (TERMINAL_ID,TTYPE_ID,SIM_ID,TERMINAL_CODE,ORG_CODE,IS_VIDEO_TERMINAL,SP_SERVER_NAME,PROTOCOL_TYPE,CHANNELS,YT_PROTOCOL_TYPE) values(341729, 4, 35729, '1015728', 'B0000808',1,'1076测试服务器','4',8,'0');
insert into V_VEHICLEINFO (ORG_CODE,VEHICLE_ID,ID_NUMBER,TYPE_ID,TERMINAL_ID,DELETE_FLAG,COLOR_ID_NUMBER_ID,AUTHORIZED_PAY_MASS) values ('B0000808','3401729', '测B15728', 4, 341729, 0, '2',15);

insert into T_SIMINFO (SIM_ID, ORG_CODE, DEPTCODE, STATE,PAY_MODLE, SIM_NUM) values(35730, 'B0000808', '中国移动', 1, '预付费', 13100015729);
insert into T_TERMINALINFO (TERMINAL_ID,TTYPE_ID,SIM_ID,TERMINAL_CODE,ORG_CODE,IS_VIDEO_TERMINAL,SP_SERVER_NAME,PROTOCOL_TYPE,CHANNELS,YT_PROTOCOL_TYPE) values(341730, 4, 35730, '1015729', 'B0000808',1,'1076测试服务器','4',8,'0');
insert into V_VEHICLEINFO (ORG_CODE,VEHICLE_ID,ID_NUMBER,TYPE_ID,TERMINAL_ID,DELETE_FLAG,COLOR_ID_NUMBER_ID,AUTHORIZED_PAY_MASS) values ('B0000808','3401730', '测B15729', 4, 341730, 0, '2',15);

insert into T_SIMINFO (SIM_ID, ORG_CODE, DEPTCODE, STATE,PAY_MODLE, SIM_NUM) values(35731, 'B0000808', '中国移动', 1, '预付费', 13100015730);
insert into T_TERMINALINFO (TERMINAL_ID,TTYPE_ID,SIM_ID,TERMINAL_CODE,ORG_CODE,IS_VIDEO_TERMINAL,SP_SERVER_NAME,PROTOCOL_TYPE,CHANNELS,YT_PROTOCOL_TYPE) values(341731, 4, 35731, '1015730', 'B0000808',1,'1076测试服务器','4',8,'0');
insert into V_VEHICLEINFO (ORG_CODE,VEHICLE_ID,ID_NUMBER,TYPE_ID,TERMINAL_ID,DELETE_FLAG,COLOR_ID_NUMBER_ID,AUTHORIZED_PAY_MASS) values ('B0000808','3401731', '测B15730', 4, 341731, 0, '2',15);

insert into T_SIMINFO (SIM_ID, ORG_CODE, DEPTCODE, STATE,PAY_MODLE, SIM_NUM) values(35732, 'B0000808', '中国移动', 1, '预付费', 13100015731);
insert into T_TERMINALINFO (TERMINAL_ID,TTYPE_ID,SIM_ID,TERMINAL_CODE,ORG_CODE,IS_VIDEO_TERMINAL,SP_SERVER_NAME,PROTOCOL_TYPE,CHANNELS,YT_PROTOCOL_TYPE) values(341732, 4, 35732, '1015731', 'B0000808',1,'1076测试服务器','4',8,'0');
insert into V_VEHICLEINFO (ORG_CODE,VEHICLE_ID,ID_NUMBER,TYPE_ID,TERMINAL_ID,DELETE_FLAG,COLOR_ID_NUMBER_ID,AUTHORIZED_PAY_MASS) values ('B0000808','3401732', '测B15731', 4, 341732, 0, '2',15);

insert into T_SIMINFO (SIM_ID, ORG_CODE, DEPTCODE, STATE,PAY_MODLE, SIM_NUM) values(35733, 'B0000808', '中国移动', 1, '预付费', 13100015732);
insert into T_TERMINALINFO (TERMINAL_ID,TTYPE_ID,SIM_ID,TERMINAL_CODE,ORG_CODE,IS_VIDEO_TERMINAL,SP_SERVER_NAME,PROTOCOL_TYPE,CHANNELS,YT_PROTOCOL_TYPE) values(341733, 4, 35733, '1015732', 'B0000808',1,'1076测试服务器','4',8,'0');
insert into V_VEHICLEINFO (ORG_CODE,VEHICLE_ID,ID_NUMBER,TYPE_ID,TERMINAL_ID,DELETE_FLAG,COLOR_ID_NUMBER_ID,AUTHORIZED_PAY_MASS) values ('B0000808','3401733', '测B15732', 4, 341733, 0, '2',15);

insert into T_SIMINFO (SIM_ID, ORG_CODE, DEPTCODE, STATE,PAY_MODLE, SIM_NUM) values(35734, 'B0000808', '中国移动', 1, '预付费', 13100015733);
insert into T_TERMINALINFO (TERMINAL_ID,TTYPE_ID,SIM_ID,TERMINAL_CODE,ORG_CODE,IS_VIDEO_TERMINAL,SP_SERVER_NAME,PROTOCOL_TYPE,CHANNELS,YT_PROTOCOL_TYPE) values(341734, 4, 35734, '1015733', 'B0000808',1,'1076测试服务器','4',8,'0');
insert into V_VEHICLEINFO (ORG_CODE,VEHICLE_ID,ID_NUMBER,TYPE_ID,TERMINAL_ID,DELETE_FLAG,COLOR_ID_NUMBER_ID,AUTHORIZED_PAY_MASS) values ('B0000808','3401734', '测B15733', 4, 341734, 0, '2',15);

insert into T_SIMINFO (SIM_ID, ORG_CODE, DEPTCODE, STATE,PAY_MODLE, SIM_NUM) values(35735, 'B0000808', '中国移动', 1, '预付费', 13100015734);
insert into T_TERMINALINFO (TERMINAL_ID,TTYPE_ID,SIM_ID,TERMINAL_CODE,ORG_CODE,IS_VIDEO_TERMINAL,SP_SERVER_NAME,PROTOCOL_TYPE,CHANNELS,YT_PROTOCOL_TYPE) values(341735, 4, 35735, '1015734', 'B0000808',1,'1076测试服务器','4',8,'0');
insert into V_VEHICLEINFO (ORG_CODE,VEHICLE_ID,ID_NUMBER,TYPE_ID,TERMINAL_ID,DELETE_FLAG,COLOR_ID_NUMBER_ID,AUTHORIZED_PAY_MASS) values ('B0000808','3401735', '测B15734', 4, 341735, 0, '2',15);

insert into T_SIMINFO (SIM_ID, ORG_CODE, DEPTCODE, STATE,PAY_MODLE, SIM_NUM) values(35736, 'B0000808', '中国移动', 1, '预付费', 13100015735);
insert into T_TERMINALINFO (TERMINAL_ID,TTYPE_ID,SIM_ID,TERMINAL_CODE,ORG_CODE,IS_VIDEO_TERMINAL,SP_SERVER_NAME,PROTOCOL_TYPE,CHANNELS,YT_PROTOCOL_TYPE) values(341736, 4, 35736, '1015735', 'B0000808',1,'1076测试服务器','4',8,'0');
insert into V_VEHICLEINFO (ORG_CODE,VEHICLE_ID,ID_NUMBER,TYPE_ID,TERMINAL_ID,DELETE_FLAG,COLOR_ID_NUMBER_ID,AUTHORIZED_PAY_MASS) values ('B0000808','3401736', '测B15735', 4, 341736, 0, '2',15);

insert into T_SIMINFO (SIM_ID, ORG_CODE, DEPTCODE, STATE,PAY_MODLE, SIM_NUM) values(35737, 'B0000808', '中国移动', 1, '预付费', 13100015736);
insert into T_TERMINALINFO (TERMINAL_ID,TTYPE_ID,SIM_ID,TERMINAL_CODE,ORG_CODE,IS_VIDEO_TERMINAL,SP_SERVER_NAME,PROTOCOL_TYPE,CHANNELS,YT_PROTOCOL_TYPE) values(341737, 4, 35737, '1015736', 'B0000808',1,'1076测试服务器','4',8,'0');
insert into V_VEHICLEINFO (ORG_CODE,VEHICLE_ID,ID_NUMBER,TYPE_ID,TERMINAL_ID,DELETE_FLAG,COLOR_ID_NUMBER_ID,AUTHORIZED_PAY_MASS) values ('B0000808','3401737', '测B15736', 4, 341737, 0, '2',15);

insert into T_SIMINFO (SIM_ID, ORG_CODE, DEPTCODE, STATE,PAY_MODLE, SIM_NUM) values(35738, 'B0000808', '中国移动', 1, '预付费', 13100015737);
insert into T_TERMINALINFO (TERMINAL_ID,TTYPE_ID,SIM_ID,TERMINAL_CODE,ORG_CODE,IS_VIDEO_TERMINAL,SP_SERVER_NAME,PROTOCOL_TYPE,CHANNELS,YT_PROTOCOL_TYPE) values(341738, 4, 35738, '1015737', 'B0000808',1,'1076测试服务器','4',8,'0');
insert into V_VEHICLEINFO (ORG_CODE,VEHICLE_ID,ID_NUMBER,TYPE_ID,TERMINAL_ID,DELETE_FLAG,COLOR_ID_NUMBER_ID,AUTHORIZED_PAY_MASS) values ('B0000808','3401738', '测B15737', 4, 341738, 0, '2',15);

insert into T_SIMINFO (SIM_ID, ORG_CODE, DEPTCODE, STATE,PAY_MODLE, SIM_NUM) values(35739, 'B0000808', '中国移动', 1, '预付费', 13100015738);
insert into T_TERMINALINFO (TERMINAL_ID,TTYPE_ID,SIM_ID,TERMINAL_CODE,ORG_CODE,IS_VIDEO_TERMINAL,SP_SERVER_NAME,PROTOCOL_TYPE,CHANNELS,YT_PROTOCOL_TYPE) values(341739, 4, 35739, '1015738', 'B0000808',1,'1076测试服务器','4',8,'0');
insert into V_VEHICLEINFO (ORG_CODE,VEHICLE_ID,ID_NUMBER,TYPE_ID,TERMINAL_ID,DELETE_FLAG,COLOR_ID_NUMBER_ID,AUTHORIZED_PAY_MASS) values ('B0000808','3401739', '测B15738', 4, 341739, 0, '2',15);

insert into T_SIMINFO (SIM_ID, ORG_CODE, DEPTCODE, STATE,PAY_MODLE, SIM_NUM) values(35740, 'B0000808', '中国移动', 1, '预付费', 13100015739);
insert into T_TERMINALINFO (TERMINAL_ID,TTYPE_ID,SIM_ID,TERMINAL_CODE,ORG_CODE,IS_VIDEO_TERMINAL,SP_SERVER_NAME,PROTOCOL_TYPE,CHANNELS,YT_PROTOCOL_TYPE) values(341740, 4, 35740, '1015739', 'B0000808',1,'1076测试服务器','4',8,'0');
insert into V_VEHICLEINFO (ORG_CODE,VEHICLE_ID,ID_NUMBER,TYPE_ID,TERMINAL_ID,DELETE_FLAG,COLOR_ID_NUMBER_ID,AUTHORIZED_PAY_MASS) values ('B0000808','3401740', '测B15739', 4, 341740, 0, '2',15);

insert into T_SIMINFO (SIM_ID, ORG_CODE, DEPTCODE, STATE,PAY_MODLE, SIM_NUM) values(35741, 'B0000808', '中国移动', 1, '预付费', 13100015740);
insert into T_TERMINALINFO (TERMINAL_ID,TTYPE_ID,SIM_ID,TERMINAL_CODE,ORG_CODE,IS_VIDEO_TERMINAL,SP_SERVER_NAME,PROTOCOL_TYPE,CHANNELS,YT_PROTOCOL_TYPE) values(341741, 4, 35741, '1015740', 'B0000808',1,'1076测试服务器','4',8,'0');
insert into V_VEHICLEINFO (ORG_CODE,VEHICLE_ID,ID_NUMBER,TYPE_ID,TERMINAL_ID,DELETE_FLAG,COLOR_ID_NUMBER_ID,AUTHORIZED_PAY_MASS) values ('B0000808','3401741', '测B15740', 4, 341741, 0, '2',15);

insert into T_SIMINFO (SIM_ID, ORG_CODE, DEPTCODE, STATE,PAY_MODLE, SIM_NUM) values(35742, 'B0000808', '中国移动', 1, '预付费', 13100015741);
insert into T_TERMINALINFO (TERMINAL_ID,TTYPE_ID,SIM_ID,TERMINAL_CODE,ORG_CODE,IS_VIDEO_TERMINAL,SP_SERVER_NAME,PROTOCOL_TYPE,CHANNELS,YT_PROTOCOL_TYPE) values(341742, 4, 35742, '1015741', 'B0000808',1,'1076测试服务器','4',8,'0');
insert into V_VEHICLEINFO (ORG_CODE,VEHICLE_ID,ID_NUMBER,TYPE_ID,TERMINAL_ID,DELETE_FLAG,COLOR_ID_NUMBER_ID,AUTHORIZED_PAY_MASS) values ('B0000808','3401742', '测B15741', 4, 341742, 0, '2',15);

insert into T_SIMINFO (SIM_ID, ORG_CODE, DEPTCODE, STATE,PAY_MODLE, SIM_NUM) values(35743, 'B0000808', '中国移动', 1, '预付费', 13100015742);
insert into T_TERMINALINFO (TERMINAL_ID,TTYPE_ID,SIM_ID,TERMINAL_CODE,ORG_CODE,IS_VIDEO_TERMINAL,SP_SERVER_NAME,PROTOCOL_TYPE,CHANNELS,YT_PROTOCOL_TYPE) values(341743, 4, 35743, '1015742', 'B0000808',1,'1076测试服务器','4',8,'0');
insert into V_VEHICLEINFO (ORG_CODE,VEHICLE_ID,ID_NUMBER,TYPE_ID,TERMINAL_ID,DELETE_FLAG,COLOR_ID_NUMBER_ID,AUTHORIZED_PAY_MASS) values ('B0000808','3401743', '测B15742', 4, 341743, 0, '2',15);

insert into T_SIMINFO (SIM_ID, ORG_CODE, DEPTCODE, STATE,PAY_MODLE, SIM_NUM) values(35744, 'B0000808', '中国移动', 1, '预付费', 13100015743);
insert into T_TERMINALINFO (TERMINAL_ID,TTYPE_ID,SIM_ID,TERMINAL_CODE,ORG_CODE,IS_VIDEO_TERMINAL,SP_SERVER_NAME,PROTOCOL_TYPE,CHANNELS,YT_PROTOCOL_TYPE) values(341744, 4, 35744, '1015743', 'B0000808',1,'1076测试服务器','4',8,'0');
insert into V_VEHICLEINFO (ORG_CODE,VEHICLE_ID,ID_NUMBER,TYPE_ID,TERMINAL_ID,DELETE_FLAG,COLOR_ID_NUMBER_ID,AUTHORIZED_PAY_MASS) values ('B0000808','3401744', '测B15743', 4, 341744, 0, '2',15);

insert into T_SIMINFO (SIM_ID, ORG_CODE, DEPTCODE, STATE,PAY_MODLE, SIM_NUM) values(35745, 'B0000808', '中国移动', 1, '预付费', 13100015744);
insert into T_TERMINALINFO (TERMINAL_ID,TTYPE_ID,SIM_ID,TERMINAL_CODE,ORG_CODE,IS_VIDEO_TERMINAL,SP_SERVER_NAME,PROTOCOL_TYPE,CHANNELS,YT_PROTOCOL_TYPE) values(341745, 4, 35745, '1015744', 'B0000808',1,'1076测试服务器','4',8,'0');
insert into V_VEHICLEINFO (ORG_CODE,VEHICLE_ID,ID_NUMBER,TYPE_ID,TERMINAL_ID,DELETE_FLAG,COLOR_ID_NUMBER_ID,AUTHORIZED_PAY_MASS) values ('B0000808','3401745', '测B15744', 4, 341745, 0, '2',15);

insert into T_SIMINFO (SIM_ID, ORG_CODE, DEPTCODE, STATE,PAY_MODLE, SIM_NUM) values(35746, 'B0000808', '中国移动', 1, '预付费', 13100015745);
insert into T_TERMINALINFO (TERMINAL_ID,TTYPE_ID,SIM_ID,TERMINAL_CODE,ORG_CODE,IS_VIDEO_TERMINAL,SP_SERVER_NAME,PROTOCOL_TYPE,CHANNELS,YT_PROTOCOL_TYPE) values(341746, 4, 35746, '1015745', 'B0000808',1,'1076测试服务器','4',8,'0');
insert into V_VEHICLEINFO (ORG_CODE,VEHICLE_ID,ID_NUMBER,TYPE_ID,TERMINAL_ID,DELETE_FLAG,COLOR_ID_NUMBER_ID,AUTHORIZED_PAY_MASS) values ('B0000808','3401746', '测B15745', 4, 341746, 0, '2',15);

insert into T_SIMINFO (SIM_ID, ORG_CODE, DEPTCODE, STATE,PAY_MODLE, SIM_NUM) values(35747, 'B0000808', '中国移动', 1, '预付费', 13100015746);
insert into T_TERMINALINFO (TERMINAL_ID,TTYPE_ID,SIM_ID,TERMINAL_CODE,ORG_CODE,IS_VIDEO_TERMINAL,SP_SERVER_NAME,PROTOCOL_TYPE,CHANNELS,YT_PROTOCOL_TYPE) values(341747, 4, 35747, '1015746', 'B0000808',1,'1076测试服务器','4',8,'0');
insert into V_VEHICLEINFO (ORG_CODE,VEHICLE_ID,ID_NUMBER,TYPE_ID,TERMINAL_ID,DELETE_FLAG,COLOR_ID_NUMBER_ID,AUTHORIZED_PAY_MASS) values ('B0000808','3401747', '测B15746', 4, 341747, 0, '2',15);

insert into T_SIMINFO (SIM_ID, ORG_CODE, DEPTCODE, STATE,PAY_MODLE, SIM_NUM) values(35748, 'B0000808', '中国移动', 1, '预付费', 13100015747);
insert into T_TERMINALINFO (TERMINAL_ID,TTYPE_ID,SIM_ID,TERMINAL_CODE,ORG_CODE,IS_VIDEO_TERMINAL,SP_SERVER_NAME,PROTOCOL_TYPE,CHANNELS,YT_PROTOCOL_TYPE) values(341748, 4, 35748, '1015747', 'B0000808',1,'1076测试服务器','4',8,'0');
insert into V_VEHICLEINFO (ORG_CODE,VEHICLE_ID,ID_NUMBER,TYPE_ID,TERMINAL_ID,DELETE_FLAG,COLOR_ID_NUMBER_ID,AUTHORIZED_PAY_MASS) values ('B0000808','3401748', '测B15747', 4, 341748, 0, '2',15);

insert into T_SIMINFO (SIM_ID, ORG_CODE, DEPTCODE, STATE,PAY_MODLE, SIM_NUM) values(35749, 'B0000808', '中国移动', 1, '预付费', 13100015748);
insert into T_TERMINALINFO (TERMINAL_ID,TTYPE_ID,SIM_ID,TERMINAL_CODE,ORG_CODE,IS_VIDEO_TERMINAL,SP_SERVER_NAME,PROTOCOL_TYPE,CHANNELS,YT_PROTOCOL_TYPE) values(341749, 4, 35749, '1015748', 'B0000808',1,'1076测试服务器','4',8,'0');
insert into V_VEHICLEINFO (ORG_CODE,VEHICLE_ID,ID_NUMBER,TYPE_ID,TERMINAL_ID,DELETE_FLAG,COLOR_ID_NUMBER_ID,AUTHORIZED_PAY_MASS) values ('B0000808','3401749', '测B15748', 4, 341749, 0, '2',15);

insert into T_SIMINFO (SIM_ID, ORG_CODE, DEPTCODE, STATE,PAY_MODLE, SIM_NUM) values(35750, 'B0000808', '中国移动', 1, '预付费', 13100015749);
insert into T_TERMINALINFO (TERMINAL_ID,TTYPE_ID,SIM_ID,TERMINAL_CODE,ORG_CODE,IS_VIDEO_TERMINAL,SP_SERVER_NAME,PROTOCOL_TYPE,CHANNELS,YT_PROTOCOL_TYPE) values(341750, 4, 35750, '1015749', 'B0000808',1,'1076测试服务器','4',8,'0');
insert into V_VEHICLEINFO (ORG_CODE,VEHICLE_ID,ID_NUMBER,TYPE_ID,TERMINAL_ID,DELETE_FLAG,COLOR_ID_NUMBER_ID,AUTHORIZED_PAY_MASS) values ('B0000808','3401750', '测B15749', 4, 341750, 0, '2',15);

insert into T_SIMINFO (SIM_ID, ORG_CODE, DEPTCODE, STATE,PAY_MODLE, SIM_NUM) values(35751, 'B0000808', '中国移动', 1, '预付费', 13100015750);
insert into T_TERMINALINFO (TERMINAL_ID,TTYPE_ID,SIM_ID,TERMINAL_CODE,ORG_CODE,IS_VIDEO_TERMINAL,SP_SERVER_NAME,PROTOCOL_TYPE,CHANNELS,YT_PROTOCOL_TYPE) values(341751, 4, 35751, '1015750', 'B0000808',1,'1076测试服务器','4',8,'0');
insert into V_VEHICLEINFO (ORG_CODE,VEHICLE_ID,ID_NUMBER,TYPE_ID,TERMINAL_ID,DELETE_FLAG,COLOR_ID_NUMBER_ID,AUTHORIZED_PAY_MASS) values ('B0000808','3401751', '测B15750', 4, 341751, 0, '2',15);

insert into T_SIMINFO (SIM_ID, ORG_CODE, DEPTCODE, STATE,PAY_MODLE, SIM_NUM) values(35752, 'B0000808', '中国移动', 1, '预付费', 13100015751);
insert into T_TERMINALINFO (TERMINAL_ID,TTYPE_ID,SIM_ID,TERMINAL_CODE,ORG_CODE,IS_VIDEO_TERMINAL,SP_SERVER_NAME,PROTOCOL_TYPE,CHANNELS,YT_PROTOCOL_TYPE) values(341752, 4, 35752, '1015751', 'B0000808',1,'1076测试服务器','4',8,'0');
insert into V_VEHICLEINFO (ORG_CODE,VEHICLE_ID,ID_NUMBER,TYPE_ID,TERMINAL_ID,DELETE_FLAG,COLOR_ID_NUMBER_ID,AUTHORIZED_PAY_MASS) values ('B0000808','3401752', '测B15751', 4, 341752, 0, '2',15);

insert into T_SIMINFO (SIM_ID, ORG_CODE, DEPTCODE, STATE,PAY_MODLE, SIM_NUM) values(35753, 'B0000808', '中国移动', 1, '预付费', 13100015752);
insert into T_TERMINALINFO (TERMINAL_ID,TTYPE_ID,SIM_ID,TERMINAL_CODE,ORG_CODE,IS_VIDEO_TERMINAL,SP_SERVER_NAME,PROTOCOL_TYPE,CHANNELS,YT_PROTOCOL_TYPE) values(341753, 4, 35753, '1015752', 'B0000808',1,'1076测试服务器','4',8,'0');
insert into V_VEHICLEINFO (ORG_CODE,VEHICLE_ID,ID_NUMBER,TYPE_ID,TERMINAL_ID,DELETE_FLAG,COLOR_ID_NUMBER_ID,AUTHORIZED_PAY_MASS) values ('B0000808','3401753', '测B15752', 4, 341753, 0, '2',15);

insert into T_SIMINFO (SIM_ID, ORG_CODE, DEPTCODE, STATE,PAY_MODLE, SIM_NUM) values(35754, 'B0000808', '中国移动', 1, '预付费', 13100015753);
insert into T_TERMINALINFO (TERMINAL_ID,TTYPE_ID,SIM_ID,TERMINAL_CODE,ORG_CODE,IS_VIDEO_TERMINAL,SP_SERVER_NAME,PROTOCOL_TYPE,CHANNELS,YT_PROTOCOL_TYPE) values(341754, 4, 35754, '1015753', 'B0000808',1,'1076测试服务器','4',8,'0');
insert into V_VEHICLEINFO (ORG_CODE,VEHICLE_ID,ID_NUMBER,TYPE_ID,TERMINAL_ID,DELETE_FLAG,COLOR_ID_NUMBER_ID,AUTHORIZED_PAY_MASS) values ('B0000808','3401754', '测B15753', 4, 341754, 0, '2',15);

insert into T_SIMINFO (SIM_ID, ORG_CODE, DEPTCODE, STATE,PAY_MODLE, SIM_NUM) values(35755, 'B0000808', '中国移动', 1, '预付费', 13100015754);
insert into T_TERMINALINFO (TERMINAL_ID,TTYPE_ID,SIM_ID,TERMINAL_CODE,ORG_CODE,IS_VIDEO_TERMINAL,SP_SERVER_NAME,PROTOCOL_TYPE,CHANNELS,YT_PROTOCOL_TYPE) values(341755, 4, 35755, '1015754', 'B0000808',1,'1076测试服务器','4',8,'0');
insert into V_VEHICLEINFO (ORG_CODE,VEHICLE_ID,ID_NUMBER,TYPE_ID,TERMINAL_ID,DELETE_FLAG,COLOR_ID_NUMBER_ID,AUTHORIZED_PAY_MASS) values ('B0000808','3401755', '测B15754', 4, 341755, 0, '2',15);

insert into T_SIMINFO (SIM_ID, ORG_CODE, DEPTCODE, STATE,PAY_MODLE, SIM_NUM) values(35756, 'B0000808', '中国移动', 1, '预付费', 13100015755);
insert into T_TERMINALINFO (TERMINAL_ID,TTYPE_ID,SIM_ID,TERMINAL_CODE,ORG_CODE,IS_VIDEO_TERMINAL,SP_SERVER_NAME,PROTOCOL_TYPE,CHANNELS,YT_PROTOCOL_TYPE) values(341756, 4, 35756, '1015755', 'B0000808',1,'1076测试服务器','4',8,'0');
insert into V_VEHICLEINFO (ORG_CODE,VEHICLE_ID,ID_NUMBER,TYPE_ID,TERMINAL_ID,DELETE_FLAG,COLOR_ID_NUMBER_ID,AUTHORIZED_PAY_MASS) values ('B0000808','3401756', '测B15755', 4, 341756, 0, '2',15);

insert into T_SIMINFO (SIM_ID, ORG_CODE, DEPTCODE, STATE,PAY_MODLE, SIM_NUM) values(35757, 'B0000808', '中国移动', 1, '预付费', 13100015756);
insert into T_TERMINALINFO (TERMINAL_ID,TTYPE_ID,SIM_ID,TERMINAL_CODE,ORG_CODE,IS_VIDEO_TERMINAL,SP_SERVER_NAME,PROTOCOL_TYPE,CHANNELS,YT_PROTOCOL_TYPE) values(341757, 4, 35757, '1015756', 'B0000808',1,'1076测试服务器','4',8,'0');
insert into V_VEHICLEINFO (ORG_CODE,VEHICLE_ID,ID_NUMBER,TYPE_ID,TERMINAL_ID,DELETE_FLAG,COLOR_ID_NUMBER_ID,AUTHORIZED_PAY_MASS) values ('B0000808','3401757', '测B15756', 4, 341757, 0, '2',15);

insert into T_SIMINFO (SIM_ID, ORG_CODE, DEPTCODE, STATE,PAY_MODLE, SIM_NUM) values(35758, 'B0000808', '中国移动', 1, '预付费', 13100015757);
insert into T_TERMINALINFO (TERMINAL_ID,TTYPE_ID,SIM_ID,TERMINAL_CODE,ORG_CODE,IS_VIDEO_TERMINAL,SP_SERVER_NAME,PROTOCOL_TYPE,CHANNELS,YT_PROTOCOL_TYPE) values(341758, 4, 35758, '1015757', 'B0000808',1,'1076测试服务器','4',8,'0');
insert into V_VEHICLEINFO (ORG_CODE,VEHICLE_ID,ID_NUMBER,TYPE_ID,TERMINAL_ID,DELETE_FLAG,COLOR_ID_NUMBER_ID,AUTHORIZED_PAY_MASS) values ('B0000808','3401758', '测B15757', 4, 341758, 0, '2',15);

insert into T_SIMINFO (SIM_ID, ORG_CODE, DEPTCODE, STATE,PAY_MODLE, SIM_NUM) values(35759, 'B0000808', '中国移动', 1, '预付费', 13100015758);
insert into T_TERMINALINFO (TERMINAL_ID,TTYPE_ID,SIM_ID,TERMINAL_CODE,ORG_CODE,IS_VIDEO_TERMINAL,SP_SERVER_NAME,PROTOCOL_TYPE,CHANNELS,YT_PROTOCOL_TYPE) values(341759, 4, 35759, '1015758', 'B0000808',1,'1076测试服务器','4',8,'0');
insert into V_VEHICLEINFO (ORG_CODE,VEHICLE_ID,ID_NUMBER,TYPE_ID,TERMINAL_ID,DELETE_FLAG,COLOR_ID_NUMBER_ID,AUTHORIZED_PAY_MASS) values ('B0000808','3401759', '测B15758', 4, 341759, 0, '2',15);

insert into T_SIMINFO (SIM_ID, ORG_CODE, DEPTCODE, STATE,PAY_MODLE, SIM_NUM) values(35760, 'B0000808', '中国移动', 1, '预付费', 13100015759);
insert into T_TERMINALINFO (TERMINAL_ID,TTYPE_ID,SIM_ID,TERMINAL_CODE,ORG_CODE,IS_VIDEO_TERMINAL,SP_SERVER_NAME,PROTOCOL_TYPE,CHANNELS,YT_PROTOCOL_TYPE) values(341760, 4, 35760, '1015759', 'B0000808',1,'1076测试服务器','4',8,'0');
insert into V_VEHICLEINFO (ORG_CODE,VEHICLE_ID,ID_NUMBER,TYPE_ID,TERMINAL_ID,DELETE_FLAG,COLOR_ID_NUMBER_ID,AUTHORIZED_PAY_MASS) values ('B0000808','3401760', '测B15759', 4, 341760, 0, '2',15);

insert into T_SIMINFO (SIM_ID, ORG_CODE, DEPTCODE, STATE,PAY_MODLE, SIM_NUM) values(35761, 'B0000808', '中国移动', 1, '预付费', 13100015760);
insert into T_TERMINALINFO (TERMINAL_ID,TTYPE_ID,SIM_ID,TERMINAL_CODE,ORG_CODE,IS_VIDEO_TERMINAL,SP_SERVER_NAME,PROTOCOL_TYPE,CHANNELS,YT_PROTOCOL_TYPE) values(341761, 4, 35761, '1015760', 'B0000808',1,'1076测试服务器','4',8,'0');
insert into V_VEHICLEINFO (ORG_CODE,VEHICLE_ID,ID_NUMBER,TYPE_ID,TERMINAL_ID,DELETE_FLAG,COLOR_ID_NUMBER_ID,AUTHORIZED_PAY_MASS) values ('B0000808','3401761', '测B15760', 4, 341761, 0, '2',15);

insert into T_SIMINFO (SIM_ID, ORG_CODE, DEPTCODE, STATE,PAY_MODLE, SIM_NUM) values(35762, 'B0000808', '中国移动', 1, '预付费', 13100015761);
insert into T_TERMINALINFO (TERMINAL_ID,TTYPE_ID,SIM_ID,TERMINAL_CODE,ORG_CODE,IS_VIDEO_TERMINAL,SP_SERVER_NAME,PROTOCOL_TYPE,CHANNELS,YT_PROTOCOL_TYPE) values(341762, 4, 35762, '1015761', 'B0000808',1,'1076测试服务器','4',8,'0');
insert into V_VEHICLEINFO (ORG_CODE,VEHICLE_ID,ID_NUMBER,TYPE_ID,TERMINAL_ID,DELETE_FLAG,COLOR_ID_NUMBER_ID,AUTHORIZED_PAY_MASS) values ('B0000808','3401762', '测B15761', 4, 341762, 0, '2',15);

insert into T_SIMINFO (SIM_ID, ORG_CODE, DEPTCODE, STATE,PAY_MODLE, SIM_NUM) values(35763, 'B0000808', '中国移动', 1, '预付费', 13100015762);
insert into T_TERMINALINFO (TERMINAL_ID,TTYPE_ID,SIM_ID,TERMINAL_CODE,ORG_CODE,IS_VIDEO_TERMINAL,SP_SERVER_NAME,PROTOCOL_TYPE,CHANNELS,YT_PROTOCOL_TYPE) values(341763, 4, 35763, '1015762', 'B0000808',1,'1076测试服务器','4',8,'0');
insert into V_VEHICLEINFO (ORG_CODE,VEHICLE_ID,ID_NUMBER,TYPE_ID,TERMINAL_ID,DELETE_FLAG,COLOR_ID_NUMBER_ID,AUTHORIZED_PAY_MASS) values ('B0000808','3401763', '测B15762', 4, 341763, 0, '2',15);

insert into T_SIMINFO (SIM_ID, ORG_CODE, DEPTCODE, STATE,PAY_MODLE, SIM_NUM) values(35764, 'B0000808', '中国移动', 1, '预付费', 13100015763);
insert into T_TERMINALINFO (TERMINAL_ID,TTYPE_ID,SIM_ID,TERMINAL_CODE,ORG_CODE,IS_VIDEO_TERMINAL,SP_SERVER_NAME,PROTOCOL_TYPE,CHANNELS,YT_PROTOCOL_TYPE) values(341764, 4, 35764, '1015763', 'B0000808',1,'1076测试服务器','4',8,'0');
insert into V_VEHICLEINFO (ORG_CODE,VEHICLE_ID,ID_NUMBER,TYPE_ID,TERMINAL_ID,DELETE_FLAG,COLOR_ID_NUMBER_ID,AUTHORIZED_PAY_MASS) values ('B0000808','3401764', '测B15763', 4, 341764, 0, '2',15);

insert into T_SIMINFO (SIM_ID, ORG_CODE, DEPTCODE, STATE,PAY_MODLE, SIM_NUM) values(35765, 'B0000808', '中国移动', 1, '预付费', 13100015764);
insert into T_TERMINALINFO (TERMINAL_ID,TTYPE_ID,SIM_ID,TERMINAL_CODE,ORG_CODE,IS_VIDEO_TERMINAL,SP_SERVER_NAME,PROTOCOL_TYPE,CHANNELS,YT_PROTOCOL_TYPE) values(341765, 4, 35765, '1015764', 'B0000808',1,'1076测试服务器','4',8,'0');
insert into V_VEHICLEINFO (ORG_CODE,VEHICLE_ID,ID_NUMBER,TYPE_ID,TERMINAL_ID,DELETE_FLAG,COLOR_ID_NUMBER_ID,AUTHORIZED_PAY_MASS) values ('B0000808','3401765', '测B15764', 4, 341765, 0, '2',15);

insert into T_SIMINFO (SIM_ID, ORG_CODE, DEPTCODE, STATE,PAY_MODLE, SIM_NUM) values(35766, 'B0000808', '中国移动', 1, '预付费', 13100015765);
insert into T_TERMINALINFO (TERMINAL_ID,TTYPE_ID,SIM_ID,TERMINAL_CODE,ORG_CODE,IS_VIDEO_TERMINAL,SP_SERVER_NAME,PROTOCOL_TYPE,CHANNELS,YT_PROTOCOL_TYPE) values(341766, 4, 35766, '1015765', 'B0000808',1,'1076测试服务器','4',8,'0');
insert into V_VEHICLEINFO (ORG_CODE,VEHICLE_ID,ID_NUMBER,TYPE_ID,TERMINAL_ID,DELETE_FLAG,COLOR_ID_NUMBER_ID,AUTHORIZED_PAY_MASS) values ('B0000808','3401766', '测B15765', 4, 341766, 0, '2',15);

insert into T_SIMINFO (SIM_ID, ORG_CODE, DEPTCODE, STATE,PAY_MODLE, SIM_NUM) values(35767, 'B0000808', '中国移动', 1, '预付费', 13100015766);
insert into T_TERMINALINFO (TERMINAL_ID,TTYPE_ID,SIM_ID,TERMINAL_CODE,ORG_CODE,IS_VIDEO_TERMINAL,SP_SERVER_NAME,PROTOCOL_TYPE,CHANNELS,YT_PROTOCOL_TYPE) values(341767, 4, 35767, '1015766', 'B0000808',1,'1076测试服务器','4',8,'0');
insert into V_VEHICLEINFO (ORG_CODE,VEHICLE_ID,ID_NUMBER,TYPE_ID,TERMINAL_ID,DELETE_FLAG,COLOR_ID_NUMBER_ID,AUTHORIZED_PAY_MASS) values ('B0000808','3401767', '测B15766', 4, 341767, 0, '2',15);

insert into T_SIMINFO (SIM_ID, ORG_CODE, DEPTCODE, STATE,PAY_MODLE, SIM_NUM) values(35768, 'B0000808', '中国移动', 1, '预付费', 13100015767);
insert into T_TERMINALINFO (TERMINAL_ID,TTYPE_ID,SIM_ID,TERMINAL_CODE,ORG_CODE,IS_VIDEO_TERMINAL,SP_SERVER_NAME,PROTOCOL_TYPE,CHANNELS,YT_PROTOCOL_TYPE) values(341768, 4, 35768, '1015767', 'B0000808',1,'1076测试服务器','4',8,'0');
insert into V_VEHICLEINFO (ORG_CODE,VEHICLE_ID,ID_NUMBER,TYPE_ID,TERMINAL_ID,DELETE_FLAG,COLOR_ID_NUMBER_ID,AUTHORIZED_PAY_MASS) values ('B0000808','3401768', '测B15767', 4, 341768, 0, '2',15);

insert into T_SIMINFO (SIM_ID, ORG_CODE, DEPTCODE, STATE,PAY_MODLE, SIM_NUM) values(35769, 'B0000808', '中国移动', 1, '预付费', 13100015768);
insert into T_TERMINALINFO (TERMINAL_ID,TTYPE_ID,SIM_ID,TERMINAL_CODE,ORG_CODE,IS_VIDEO_TERMINAL,SP_SERVER_NAME,PROTOCOL_TYPE,CHANNELS,YT_PROTOCOL_TYPE) values(341769, 4, 35769, '1015768', 'B0000808',1,'1076测试服务器','4',8,'0');
insert into V_VEHICLEINFO (ORG_CODE,VEHICLE_ID,ID_NUMBER,TYPE_ID,TERMINAL_ID,DELETE_FLAG,COLOR_ID_NUMBER_ID,AUTHORIZED_PAY_MASS) values ('B0000808','3401769', '测B15768', 4, 341769, 0, '2',15);

insert into T_SIMINFO (SIM_ID, ORG_CODE, DEPTCODE, STATE,PAY_MODLE, SIM_NUM) values(35770, 'B0000808', '中国移动', 1, '预付费', 13100015769);
insert into T_TERMINALINFO (TERMINAL_ID,TTYPE_ID,SIM_ID,TERMINAL_CODE,ORG_CODE,IS_VIDEO_TERMINAL,SP_SERVER_NAME,PROTOCOL_TYPE,CHANNELS,YT_PROTOCOL_TYPE) values(341770, 4, 35770, '1015769', 'B0000808',1,'1076测试服务器','4',8,'0');
insert into V_VEHICLEINFO (ORG_CODE,VEHICLE_ID,ID_NUMBER,TYPE_ID,TERMINAL_ID,DELETE_FLAG,COLOR_ID_NUMBER_ID,AUTHORIZED_PAY_MASS) values ('B0000808','3401770', '测B15769', 4, 341770, 0, '2',15);

insert into T_SIMINFO (SIM_ID, ORG_CODE, DEPTCODE, STATE,PAY_MODLE, SIM_NUM) values(35771, 'B0000808', '中国移动', 1, '预付费', 13100015770);
insert into T_TERMINALINFO (TERMINAL_ID,TTYPE_ID,SIM_ID,TERMINAL_CODE,ORG_CODE,IS_VIDEO_TERMINAL,SP_SERVER_NAME,PROTOCOL_TYPE,CHANNELS,YT_PROTOCOL_TYPE) values(341771, 4, 35771, '1015770', 'B0000808',1,'1076测试服务器','4',8,'0');
insert into V_VEHICLEINFO (ORG_CODE,VEHICLE_ID,ID_NUMBER,TYPE_ID,TERMINAL_ID,DELETE_FLAG,COLOR_ID_NUMBER_ID,AUTHORIZED_PAY_MASS) values ('B0000808','3401771', '测B15770', 4, 341771, 0, '2',15);

insert into T_SIMINFO (SIM_ID, ORG_CODE, DEPTCODE, STATE,PAY_MODLE, SIM_NUM) values(35772, 'B0000808', '中国移动', 1, '预付费', 13100015771);
insert into T_TERMINALINFO (TERMINAL_ID,TTYPE_ID,SIM_ID,TERMINAL_CODE,ORG_CODE,IS_VIDEO_TERMINAL,SP_SERVER_NAME,PROTOCOL_TYPE,CHANNELS,YT_PROTOCOL_TYPE) values(341772, 4, 35772, '1015771', 'B0000808',1,'1076测试服务器','4',8,'0');
insert into V_VEHICLEINFO (ORG_CODE,VEHICLE_ID,ID_NUMBER,TYPE_ID,TERMINAL_ID,DELETE_FLAG,COLOR_ID_NUMBER_ID,AUTHORIZED_PAY_MASS) values ('B0000808','3401772', '测B15771', 4, 341772, 0, '2',15);

insert into T_SIMINFO (SIM_ID, ORG_CODE, DEPTCODE, STATE,PAY_MODLE, SIM_NUM) values(35773, 'B0000808', '中国移动', 1, '预付费', 13100015772);
insert into T_TERMINALINFO (TERMINAL_ID,TTYPE_ID,SIM_ID,TERMINAL_CODE,ORG_CODE,IS_VIDEO_TERMINAL,SP_SERVER_NAME,PROTOCOL_TYPE,CHANNELS,YT_PROTOCOL_TYPE) values(341773, 4, 35773, '1015772', 'B0000808',1,'1076测试服务器','4',8,'0');
insert into V_VEHICLEINFO (ORG_CODE,VEHICLE_ID,ID_NUMBER,TYPE_ID,TERMINAL_ID,DELETE_FLAG,COLOR_ID_NUMBER_ID,AUTHORIZED_PAY_MASS) values ('B0000808','3401773', '测B15772', 4, 341773, 0, '2',15);

insert into T_SIMINFO (SIM_ID, ORG_CODE, DEPTCODE, STATE,PAY_MODLE, SIM_NUM) values(35774, 'B0000808', '中国移动', 1, '预付费', 13100015773);
insert into T_TERMINALINFO (TERMINAL_ID,TTYPE_ID,SIM_ID,TERMINAL_CODE,ORG_CODE,IS_VIDEO_TERMINAL,SP_SERVER_NAME,PROTOCOL_TYPE,CHANNELS,YT_PROTOCOL_TYPE) values(341774, 4, 35774, '1015773', 'B0000808',1,'1076测试服务器','4',8,'0');
insert into V_VEHICLEINFO (ORG_CODE,VEHICLE_ID,ID_NUMBER,TYPE_ID,TERMINAL_ID,DELETE_FLAG,COLOR_ID_NUMBER_ID,AUTHORIZED_PAY_MASS) values ('B0000808','3401774', '测B15773', 4, 341774, 0, '2',15);

insert into T_SIMINFO (SIM_ID, ORG_CODE, DEPTCODE, STATE,PAY_MODLE, SIM_NUM) values(35775, 'B0000808', '中国移动', 1, '预付费', 13100015774);
insert into T_TERMINALINFO (TERMINAL_ID,TTYPE_ID,SIM_ID,TERMINAL_CODE,ORG_CODE,IS_VIDEO_TERMINAL,SP_SERVER_NAME,PROTOCOL_TYPE,CHANNELS,YT_PROTOCOL_TYPE) values(341775, 4, 35775, '1015774', 'B0000808',1,'1076测试服务器','4',8,'0');
insert into V_VEHICLEINFO (ORG_CODE,VEHICLE_ID,ID_NUMBER,TYPE_ID,TERMINAL_ID,DELETE_FLAG,COLOR_ID_NUMBER_ID,AUTHORIZED_PAY_MASS) values ('B0000808','3401775', '测B15774', 4, 341775, 0, '2',15);

insert into T_SIMINFO (SIM_ID, ORG_CODE, DEPTCODE, STATE,PAY_MODLE, SIM_NUM) values(35776, 'B0000808', '中国移动', 1, '预付费', 13100015775);
insert into T_TERMINALINFO (TERMINAL_ID,TTYPE_ID,SIM_ID,TERMINAL_CODE,ORG_CODE,IS_VIDEO_TERMINAL,SP_SERVER_NAME,PROTOCOL_TYPE,CHANNELS,YT_PROTOCOL_TYPE) values(341776, 4, 35776, '1015775', 'B0000808',1,'1076测试服务器','4',8,'0');
insert into V_VEHICLEINFO (ORG_CODE,VEHICLE_ID,ID_NUMBER,TYPE_ID,TERMINAL_ID,DELETE_FLAG,COLOR_ID_NUMBER_ID,AUTHORIZED_PAY_MASS) values ('B0000808','3401776', '测B15775', 4, 341776, 0, '2',15);

insert into T_SIMINFO (SIM_ID, ORG_CODE, DEPTCODE, STATE,PAY_MODLE, SIM_NUM) values(35777, 'B0000808', '中国移动', 1, '预付费', 13100015776);
insert into T_TERMINALINFO (TERMINAL_ID,TTYPE_ID,SIM_ID,TERMINAL_CODE,ORG_CODE,IS_VIDEO_TERMINAL,SP_SERVER_NAME,PROTOCOL_TYPE,CHANNELS,YT_PROTOCOL_TYPE) values(341777, 4, 35777, '1015776', 'B0000808',1,'1076测试服务器','4',8,'0');
insert into V_VEHICLEINFO (ORG_CODE,VEHICLE_ID,ID_NUMBER,TYPE_ID,TERMINAL_ID,DELETE_FLAG,COLOR_ID_NUMBER_ID,AUTHORIZED_PAY_MASS) values ('B0000808','3401777', '测B15776', 4, 341777, 0, '2',15);

insert into T_SIMINFO (SIM_ID, ORG_CODE, DEPTCODE, STATE,PAY_MODLE, SIM_NUM) values(35778, 'B0000808', '中国移动', 1, '预付费', 13100015777);
insert into T_TERMINALINFO (TERMINAL_ID,TTYPE_ID,SIM_ID,TERMINAL_CODE,ORG_CODE,IS_VIDEO_TERMINAL,SP_SERVER_NAME,PROTOCOL_TYPE,CHANNELS,YT_PROTOCOL_TYPE) values(341778, 4, 35778, '1015777', 'B0000808',1,'1076测试服务器','4',8,'0');
insert into V_VEHICLEINFO (ORG_CODE,VEHICLE_ID,ID_NUMBER,TYPE_ID,TERMINAL_ID,DELETE_FLAG,COLOR_ID_NUMBER_ID,AUTHORIZED_PAY_MASS) values ('B0000808','3401778', '测B15777', 4, 341778, 0, '2',15);

insert into T_SIMINFO (SIM_ID, ORG_CODE, DEPTCODE, STATE,PAY_MODLE, SIM_NUM) values(35779, 'B0000808', '中国移动', 1, '预付费', 13100015778);
insert into T_TERMINALINFO (TERMINAL_ID,TTYPE_ID,SIM_ID,TERMINAL_CODE,ORG_CODE,IS_VIDEO_TERMINAL,SP_SERVER_NAME,PROTOCOL_TYPE,CHANNELS,YT_PROTOCOL_TYPE) values(341779, 4, 35779, '1015778', 'B0000808',1,'1076测试服务器','4',8,'0');
insert into V_VEHICLEINFO (ORG_CODE,VEHICLE_ID,ID_NUMBER,TYPE_ID,TERMINAL_ID,DELETE_FLAG,COLOR_ID_NUMBER_ID,AUTHORIZED_PAY_MASS) values ('B0000808','3401779', '测B15778', 4, 341779, 0, '2',15);

insert into T_SIMINFO (SIM_ID, ORG_CODE, DEPTCODE, STATE,PAY_MODLE, SIM_NUM) values(35780, 'B0000808', '中国移动', 1, '预付费', 13100015779);
insert into T_TERMINALINFO (TERMINAL_ID,TTYPE_ID,SIM_ID,TERMINAL_CODE,ORG_CODE,IS_VIDEO_TERMINAL,SP_SERVER_NAME,PROTOCOL_TYPE,CHANNELS,YT_PROTOCOL_TYPE) values(341780, 4, 35780, '1015779', 'B0000808',1,'1076测试服务器','4',8,'0');
insert into V_VEHICLEINFO (ORG_CODE,VEHICLE_ID,ID_NUMBER,TYPE_ID,TERMINAL_ID,DELETE_FLAG,COLOR_ID_NUMBER_ID,AUTHORIZED_PAY_MASS) values ('B0000808','3401780', '测B15779', 4, 341780, 0, '2',15);

insert into T_SIMINFO (SIM_ID, ORG_CODE, DEPTCODE, STATE,PAY_MODLE, SIM_NUM) values(35781, 'B0000808', '中国移动', 1, '预付费', 13100015780);
insert into T_TERMINALINFO (TERMINAL_ID,TTYPE_ID,SIM_ID,TERMINAL_CODE,ORG_CODE,IS_VIDEO_TERMINAL,SP_SERVER_NAME,PROTOCOL_TYPE,CHANNELS,YT_PROTOCOL_TYPE) values(341781, 4, 35781, '1015780', 'B0000808',1,'1076测试服务器','4',8,'0');
insert into V_VEHICLEINFO (ORG_CODE,VEHICLE_ID,ID_NUMBER,TYPE_ID,TERMINAL_ID,DELETE_FLAG,COLOR_ID_NUMBER_ID,AUTHORIZED_PAY_MASS) values ('B0000808','3401781', '测B15780', 4, 341781, 0, '2',15);

insert into T_SIMINFO (SIM_ID, ORG_CODE, DEPTCODE, STATE,PAY_MODLE, SIM_NUM) values(35782, 'B0000808', '中国移动', 1, '预付费', 13100015781);
insert into T_TERMINALINFO (TERMINAL_ID,TTYPE_ID,SIM_ID,TERMINAL_CODE,ORG_CODE,IS_VIDEO_TERMINAL,SP_SERVER_NAME,PROTOCOL_TYPE,CHANNELS,YT_PROTOCOL_TYPE) values(341782, 4, 35782, '1015781', 'B0000808',1,'1076测试服务器','4',8,'0');
insert into V_VEHICLEINFO (ORG_CODE,VEHICLE_ID,ID_NUMBER,TYPE_ID,TERMINAL_ID,DELETE_FLAG,COLOR_ID_NUMBER_ID,AUTHORIZED_PAY_MASS) values ('B0000808','3401782', '测B15781', 4, 341782, 0, '2',15);

insert into T_SIMINFO (SIM_ID, ORG_CODE, DEPTCODE, STATE,PAY_MODLE, SIM_NUM) values(35783, 'B0000808', '中国移动', 1, '预付费', 13100015782);
insert into T_TERMINALINFO (TERMINAL_ID,TTYPE_ID,SIM_ID,TERMINAL_CODE,ORG_CODE,IS_VIDEO_TERMINAL,SP_SERVER_NAME,PROTOCOL_TYPE,CHANNELS,YT_PROTOCOL_TYPE) values(341783, 4, 35783, '1015782', 'B0000808',1,'1076测试服务器','4',8,'0');
insert into V_VEHICLEINFO (ORG_CODE,VEHICLE_ID,ID_NUMBER,TYPE_ID,TERMINAL_ID,DELETE_FLAG,COLOR_ID_NUMBER_ID,AUTHORIZED_PAY_MASS) values ('B0000808','3401783', '测B15782', 4, 341783, 0, '2',15);

insert into T_SIMINFO (SIM_ID, ORG_CODE, DEPTCODE, STATE,PAY_MODLE, SIM_NUM) values(35784, 'B0000808', '中国移动', 1, '预付费', 13100015783);
insert into T_TERMINALINFO (TERMINAL_ID,TTYPE_ID,SIM_ID,TERMINAL_CODE,ORG_CODE,IS_VIDEO_TERMINAL,SP_SERVER_NAME,PROTOCOL_TYPE,CHANNELS,YT_PROTOCOL_TYPE) values(341784, 4, 35784, '1015783', 'B0000808',1,'1076测试服务器','4',8,'0');
insert into V_VEHICLEINFO (ORG_CODE,VEHICLE_ID,ID_NUMBER,TYPE_ID,TERMINAL_ID,DELETE_FLAG,COLOR_ID_NUMBER_ID,AUTHORIZED_PAY_MASS) values ('B0000808','3401784', '测B15783', 4, 341784, 0, '2',15);

insert into T_SIMINFO (SIM_ID, ORG_CODE, DEPTCODE, STATE,PAY_MODLE, SIM_NUM) values(35785, 'B0000808', '中国移动', 1, '预付费', 13100015784);
insert into T_TERMINALINFO (TERMINAL_ID,TTYPE_ID,SIM_ID,TERMINAL_CODE,ORG_CODE,IS_VIDEO_TERMINAL,SP_SERVER_NAME,PROTOCOL_TYPE,CHANNELS,YT_PROTOCOL_TYPE) values(341785, 4, 35785, '1015784', 'B0000808',1,'1076测试服务器','4',8,'0');
insert into V_VEHICLEINFO (ORG_CODE,VEHICLE_ID,ID_NUMBER,TYPE_ID,TERMINAL_ID,DELETE_FLAG,COLOR_ID_NUMBER_ID,AUTHORIZED_PAY_MASS) values ('B0000808','3401785', '测B15784', 4, 341785, 0, '2',15);

insert into T_SIMINFO (SIM_ID, ORG_CODE, DEPTCODE, STATE,PAY_MODLE, SIM_NUM) values(35786, 'B0000808', '中国移动', 1, '预付费', 13100015785);
insert into T_TERMINALINFO (TERMINAL_ID,TTYPE_ID,SIM_ID,TERMINAL_CODE,ORG_CODE,IS_VIDEO_TERMINAL,SP_SERVER_NAME,PROTOCOL_TYPE,CHANNELS,YT_PROTOCOL_TYPE) values(341786, 4, 35786, '1015785', 'B0000808',1,'1076测试服务器','4',8,'0');
insert into V_VEHICLEINFO (ORG_CODE,VEHICLE_ID,ID_NUMBER,TYPE_ID,TERMINAL_ID,DELETE_FLAG,COLOR_ID_NUMBER_ID,AUTHORIZED_PAY_MASS) values ('B0000808','3401786', '测B15785', 4, 341786, 0, '2',15);

insert into T_SIMINFO (SIM_ID, ORG_CODE, DEPTCODE, STATE,PAY_MODLE, SIM_NUM) values(35787, 'B0000808', '中国移动', 1, '预付费', 13100015786);
insert into T_TERMINALINFO (TERMINAL_ID,TTYPE_ID,SIM_ID,TERMINAL_CODE,ORG_CODE,IS_VIDEO_TERMINAL,SP_SERVER_NAME,PROTOCOL_TYPE,CHANNELS,YT_PROTOCOL_TYPE) values(341787, 4, 35787, '1015786', 'B0000808',1,'1076测试服务器','4',8,'0');
insert into V_VEHICLEINFO (ORG_CODE,VEHICLE_ID,ID_NUMBER,TYPE_ID,TERMINAL_ID,DELETE_FLAG,COLOR_ID_NUMBER_ID,AUTHORIZED_PAY_MASS) values ('B0000808','3401787', '测B15786', 4, 341787, 0, '2',15);

insert into T_SIMINFO (SIM_ID, ORG_CODE, DEPTCODE, STATE,PAY_MODLE, SIM_NUM) values(35788, 'B0000808', '中国移动', 1, '预付费', 13100015787);
insert into T_TERMINALINFO (TERMINAL_ID,TTYPE_ID,SIM_ID,TERMINAL_CODE,ORG_CODE,IS_VIDEO_TERMINAL,SP_SERVER_NAME,PROTOCOL_TYPE,CHANNELS,YT_PROTOCOL_TYPE) values(341788, 4, 35788, '1015787', 'B0000808',1,'1076测试服务器','4',8,'0');
insert into V_VEHICLEINFO (ORG_CODE,VEHICLE_ID,ID_NUMBER,TYPE_ID,TERMINAL_ID,DELETE_FLAG,COLOR_ID_NUMBER_ID,AUTHORIZED_PAY_MASS) values ('B0000808','3401788', '测B15787', 4, 341788, 0, '2',15);

insert into T_SIMINFO (SIM_ID, ORG_CODE, DEPTCODE, STATE,PAY_MODLE, SIM_NUM) values(35789, 'B0000808', '中国移动', 1, '预付费', 13100015788);
insert into T_TERMINALINFO (TERMINAL_ID,TTYPE_ID,SIM_ID,TERMINAL_CODE,ORG_CODE,IS_VIDEO_TERMINAL,SP_SERVER_NAME,PROTOCOL_TYPE,CHANNELS,YT_PROTOCOL_TYPE) values(341789, 4, 35789, '1015788', 'B0000808',1,'1076测试服务器','4',8,'0');
insert into V_VEHICLEINFO (ORG_CODE,VEHICLE_ID,ID_NUMBER,TYPE_ID,TERMINAL_ID,DELETE_FLAG,COLOR_ID_NUMBER_ID,AUTHORIZED_PAY_MASS) values ('B0000808','3401789', '测B15788', 4, 341789, 0, '2',15);

insert into T_SIMINFO (SIM_ID, ORG_CODE, DEPTCODE, STATE,PAY_MODLE, SIM_NUM) values(35790, 'B0000808', '中国移动', 1, '预付费', 13100015789);
insert into T_TERMINALINFO (TERMINAL_ID,TTYPE_ID,SIM_ID,TERMINAL_CODE,ORG_CODE,IS_VIDEO_TERMINAL,SP_SERVER_NAME,PROTOCOL_TYPE,CHANNELS,YT_PROTOCOL_TYPE) values(341790, 4, 35790, '1015789', 'B0000808',1,'1076测试服务器','4',8,'0');
insert into V_VEHICLEINFO (ORG_CODE,VEHICLE_ID,ID_NUMBER,TYPE_ID,TERMINAL_ID,DELETE_FLAG,COLOR_ID_NUMBER_ID,AUTHORIZED_PAY_MASS) values ('B0000808','3401790', '测B15789', 4, 341790, 0, '2',15);

insert into T_SIMINFO (SIM_ID, ORG_CODE, DEPTCODE, STATE,PAY_MODLE, SIM_NUM) values(35791, 'B0000808', '中国移动', 1, '预付费', 13100015790);
insert into T_TERMINALINFO (TERMINAL_ID,TTYPE_ID,SIM_ID,TERMINAL_CODE,ORG_CODE,IS_VIDEO_TERMINAL,SP_SERVER_NAME,PROTOCOL_TYPE,CHANNELS,YT_PROTOCOL_TYPE) values(341791, 4, 35791, '1015790', 'B0000808',1,'1076测试服务器','4',8,'0');
insert into V_VEHICLEINFO (ORG_CODE,VEHICLE_ID,ID_NUMBER,TYPE_ID,TERMINAL_ID,DELETE_FLAG,COLOR_ID_NUMBER_ID,AUTHORIZED_PAY_MASS) values ('B0000808','3401791', '测B15790', 4, 341791, 0, '2',15);

insert into T_SIMINFO (SIM_ID, ORG_CODE, DEPTCODE, STATE,PAY_MODLE, SIM_NUM) values(35792, 'B0000808', '中国移动', 1, '预付费', 13100015791);
insert into T_TERMINALINFO (TERMINAL_ID,TTYPE_ID,SIM_ID,TERMINAL_CODE,ORG_CODE,IS_VIDEO_TERMINAL,SP_SERVER_NAME,PROTOCOL_TYPE,CHANNELS,YT_PROTOCOL_TYPE) values(341792, 4, 35792, '1015791', 'B0000808',1,'1076测试服务器','4',8,'0');
insert into V_VEHICLEINFO (ORG_CODE,VEHICLE_ID,ID_NUMBER,TYPE_ID,TERMINAL_ID,DELETE_FLAG,COLOR_ID_NUMBER_ID,AUTHORIZED_PAY_MASS) values ('B0000808','3401792', '测B15791', 4, 341792, 0, '2',15);

insert into T_SIMINFO (SIM_ID, ORG_CODE, DEPTCODE, STATE,PAY_MODLE, SIM_NUM) values(35793, 'B0000808', '中国移动', 1, '预付费', 13100015792);
insert into T_TERMINALINFO (TERMINAL_ID,TTYPE_ID,SIM_ID,TERMINAL_CODE,ORG_CODE,IS_VIDEO_TERMINAL,SP_SERVER_NAME,PROTOCOL_TYPE,CHANNELS,YT_PROTOCOL_TYPE) values(341793, 4, 35793, '1015792', 'B0000808',1,'1076测试服务器','4',8,'0');
insert into V_VEHICLEINFO (ORG_CODE,VEHICLE_ID,ID_NUMBER,TYPE_ID,TERMINAL_ID,DELETE_FLAG,COLOR_ID_NUMBER_ID,AUTHORIZED_PAY_MASS) values ('B0000808','3401793', '测B15792', 4, 341793, 0, '2',15);

insert into T_SIMINFO (SIM_ID, ORG_CODE, DEPTCODE, STATE,PAY_MODLE, SIM_NUM) values(35794, 'B0000808', '中国移动', 1, '预付费', 13100015793);
insert into T_TERMINALINFO (TERMINAL_ID,TTYPE_ID,SIM_ID,TERMINAL_CODE,ORG_CODE,IS_VIDEO_TERMINAL,SP_SERVER_NAME,PROTOCOL_TYPE,CHANNELS,YT_PROTOCOL_TYPE) values(341794, 4, 35794, '1015793', 'B0000808',1,'1076测试服务器','4',8,'0');
insert into V_VEHICLEINFO (ORG_CODE,VEHICLE_ID,ID_NUMBER,TYPE_ID,TERMINAL_ID,DELETE_FLAG,COLOR_ID_NUMBER_ID,AUTHORIZED_PAY_MASS) values ('B0000808','3401794', '测B15793', 4, 341794, 0, '2',15);

insert into T_SIMINFO (SIM_ID, ORG_CODE, DEPTCODE, STATE,PAY_MODLE, SIM_NUM) values(35795, 'B0000808', '中国移动', 1, '预付费', 13100015794);
insert into T_TERMINALINFO (TERMINAL_ID,TTYPE_ID,SIM_ID,TERMINAL_CODE,ORG_CODE,IS_VIDEO_TERMINAL,SP_SERVER_NAME,PROTOCOL_TYPE,CHANNELS,YT_PROTOCOL_TYPE) values(341795, 4, 35795, '1015794', 'B0000808',1,'1076测试服务器','4',8,'0');
insert into V_VEHICLEINFO (ORG_CODE,VEHICLE_ID,ID_NUMBER,TYPE_ID,TERMINAL_ID,DELETE_FLAG,COLOR_ID_NUMBER_ID,AUTHORIZED_PAY_MASS) values ('B0000808','3401795', '测B15794', 4, 341795, 0, '2',15);

insert into T_SIMINFO (SIM_ID, ORG_CODE, DEPTCODE, STATE,PAY_MODLE, SIM_NUM) values(35796, 'B0000808', '中国移动', 1, '预付费', 13100015795);
insert into T_TERMINALINFO (TERMINAL_ID,TTYPE_ID,SIM_ID,TERMINAL_CODE,ORG_CODE,IS_VIDEO_TERMINAL,SP_SERVER_NAME,PROTOCOL_TYPE,CHANNELS,YT_PROTOCOL_TYPE) values(341796, 4, 35796, '1015795', 'B0000808',1,'1076测试服务器','4',8,'0');
insert into V_VEHICLEINFO (ORG_CODE,VEHICLE_ID,ID_NUMBER,TYPE_ID,TERMINAL_ID,DELETE_FLAG,COLOR_ID_NUMBER_ID,AUTHORIZED_PAY_MASS) values ('B0000808','3401796', '测B15795', 4, 341796, 0, '2',15);

insert into T_SIMINFO (SIM_ID, ORG_CODE, DEPTCODE, STATE,PAY_MODLE, SIM_NUM) values(35797, 'B0000808', '中国移动', 1, '预付费', 13100015796);
insert into T_TERMINALINFO (TERMINAL_ID,TTYPE_ID,SIM_ID,TERMINAL_CODE,ORG_CODE,IS_VIDEO_TERMINAL,SP_SERVER_NAME,PROTOCOL_TYPE,CHANNELS,YT_PROTOCOL_TYPE) values(341797, 4, 35797, '1015796', 'B0000808',1,'1076测试服务器','4',8,'0');
insert into V_VEHICLEINFO (ORG_CODE,VEHICLE_ID,ID_NUMBER,TYPE_ID,TERMINAL_ID,DELETE_FLAG,COLOR_ID_NUMBER_ID,AUTHORIZED_PAY_MASS) values ('B0000808','3401797', '测B15796', 4, 341797, 0, '2',15);

insert into T_SIMINFO (SIM_ID, ORG_CODE, DEPTCODE, STATE,PAY_MODLE, SIM_NUM) values(35798, 'B0000808', '中国移动', 1, '预付费', 13100015797);
insert into T_TERMINALINFO (TERMINAL_ID,TTYPE_ID,SIM_ID,TERMINAL_CODE,ORG_CODE,IS_VIDEO_TERMINAL,SP_SERVER_NAME,PROTOCOL_TYPE,CHANNELS,YT_PROTOCOL_TYPE) values(341798, 4, 35798, '1015797', 'B0000808',1,'1076测试服务器','4',8,'0');
insert into V_VEHICLEINFO (ORG_CODE,VEHICLE_ID,ID_NUMBER,TYPE_ID,TERMINAL_ID,DELETE_FLAG,COLOR_ID_NUMBER_ID,AUTHORIZED_PAY_MASS) values ('B0000808','3401798', '测B15797', 4, 341798, 0, '2',15);

insert into T_SIMINFO (SIM_ID, ORG_CODE, DEPTCODE, STATE,PAY_MODLE, SIM_NUM) values(35799, 'B0000808', '中国移动', 1, '预付费', 13100015798);
insert into T_TERMINALINFO (TERMINAL_ID,TTYPE_ID,SIM_ID,TERMINAL_CODE,ORG_CODE,IS_VIDEO_TERMINAL,SP_SERVER_NAME,PROTOCOL_TYPE,CHANNELS,YT_PROTOCOL_TYPE) values(341799, 4, 35799, '1015798', 'B0000808',1,'1076测试服务器','4',8,'0');
insert into V_VEHICLEINFO (ORG_CODE,VEHICLE_ID,ID_NUMBER,TYPE_ID,TERMINAL_ID,DELETE_FLAG,COLOR_ID_NUMBER_ID,AUTHORIZED_PAY_MASS) values ('B0000808','3401799', '测B15798', 4, 341799, 0, '2',15);

insert into T_SIMINFO (SIM_ID, ORG_CODE, DEPTCODE, STATE,PAY_MODLE, SIM_NUM) values(35800, 'B0000808', '中国移动', 1, '预付费', 13100015799);
insert into T_TERMINALINFO (TERMINAL_ID,TTYPE_ID,SIM_ID,TERMINAL_CODE,ORG_CODE,IS_VIDEO_TERMINAL,SP_SERVER_NAME,PROTOCOL_TYPE,CHANNELS,YT_PROTOCOL_TYPE) values(341800, 4, 35800, '1015799', 'B0000808',1,'1076测试服务器','4',8,'0');
insert into V_VEHICLEINFO (ORG_CODE,VEHICLE_ID,ID_NUMBER,TYPE_ID,TERMINAL_ID,DELETE_FLAG,COLOR_ID_NUMBER_ID,AUTHORIZED_PAY_MASS) values ('B0000808','3401800', '测B15799', 4, 341800, 0, '2',15);

insert into T_SIMINFO (SIM_ID, ORG_CODE, DEPTCODE, STATE,PAY_MODLE, SIM_NUM) values(35801, 'B0000808', '中国移动', 1, '预付费', 13100015800);
insert into T_TERMINALINFO (TERMINAL_ID,TTYPE_ID,SIM_ID,TERMINAL_CODE,ORG_CODE,IS_VIDEO_TERMINAL,SP_SERVER_NAME,PROTOCOL_TYPE,CHANNELS,YT_PROTOCOL_TYPE) values(341801, 4, 35801, '1015800', 'B0000808',1,'1076测试服务器','4',8,'0');
insert into V_VEHICLEINFO (ORG_CODE,VEHICLE_ID,ID_NUMBER,TYPE_ID,TERMINAL_ID,DELETE_FLAG,COLOR_ID_NUMBER_ID,AUTHORIZED_PAY_MASS) values ('B0000808','3401801', '测B15800', 4, 341801, 0, '2',15);

insert into T_SIMINFO (SIM_ID, ORG_CODE, DEPTCODE, STATE,PAY_MODLE, SIM_NUM) values(35802, 'B0000808', '中国移动', 1, '预付费', 13100015801);
insert into T_TERMINALINFO (TERMINAL_ID,TTYPE_ID,SIM_ID,TERMINAL_CODE,ORG_CODE,IS_VIDEO_TERMINAL,SP_SERVER_NAME,PROTOCOL_TYPE,CHANNELS,YT_PROTOCOL_TYPE) values(341802, 4, 35802, '1015801', 'B0000808',1,'1076测试服务器','4',8,'0');
insert into V_VEHICLEINFO (ORG_CODE,VEHICLE_ID,ID_NUMBER,TYPE_ID,TERMINAL_ID,DELETE_FLAG,COLOR_ID_NUMBER_ID,AUTHORIZED_PAY_MASS) values ('B0000808','3401802', '测B15801', 4, 341802, 0, '2',15);

insert into T_SIMINFO (SIM_ID, ORG_CODE, DEPTCODE, STATE,PAY_MODLE, SIM_NUM) values(35803, 'B0000808', '中国移动', 1, '预付费', 13100015802);
insert into T_TERMINALINFO (TERMINAL_ID,TTYPE_ID,SIM_ID,TERMINAL_CODE,ORG_CODE,IS_VIDEO_TERMINAL,SP_SERVER_NAME,PROTOCOL_TYPE,CHANNELS,YT_PROTOCOL_TYPE) values(341803, 4, 35803, '1015802', 'B0000808',1,'1076测试服务器','4',8,'0');
insert into V_VEHICLEINFO (ORG_CODE,VEHICLE_ID,ID_NUMBER,TYPE_ID,TERMINAL_ID,DELETE_FLAG,COLOR_ID_NUMBER_ID,AUTHORIZED_PAY_MASS) values ('B0000808','3401803', '测B15802', 4, 341803, 0, '2',15);

insert into T_SIMINFO (SIM_ID, ORG_CODE, DEPTCODE, STATE,PAY_MODLE, SIM_NUM) values(35804, 'B0000808', '中国移动', 1, '预付费', 13100015803);
insert into T_TERMINALINFO (TERMINAL_ID,TTYPE_ID,SIM_ID,TERMINAL_CODE,ORG_CODE,IS_VIDEO_TERMINAL,SP_SERVER_NAME,PROTOCOL_TYPE,CHANNELS,YT_PROTOCOL_TYPE) values(341804, 4, 35804, '1015803', 'B0000808',1,'1076测试服务器','4',8,'0');
insert into V_VEHICLEINFO (ORG_CODE,VEHICLE_ID,ID_NUMBER,TYPE_ID,TERMINAL_ID,DELETE_FLAG,COLOR_ID_NUMBER_ID,AUTHORIZED_PAY_MASS) values ('B0000808','3401804', '测B15803', 4, 341804, 0, '2',15);

insert into T_SIMINFO (SIM_ID, ORG_CODE, DEPTCODE, STATE,PAY_MODLE, SIM_NUM) values(35805, 'B0000808', '中国移动', 1, '预付费', 13100015804);
insert into T_TERMINALINFO (TERMINAL_ID,TTYPE_ID,SIM_ID,TERMINAL_CODE,ORG_CODE,IS_VIDEO_TERMINAL,SP_SERVER_NAME,PROTOCOL_TYPE,CHANNELS,YT_PROTOCOL_TYPE) values(341805, 4, 35805, '1015804', 'B0000808',1,'1076测试服务器','4',8,'0');
insert into V_VEHICLEINFO (ORG_CODE,VEHICLE_ID,ID_NUMBER,TYPE_ID,TERMINAL_ID,DELETE_FLAG,COLOR_ID_NUMBER_ID,AUTHORIZED_PAY_MASS) values ('B0000808','3401805', '测B15804', 4, 341805, 0, '2',15);

insert into T_SIMINFO (SIM_ID, ORG_CODE, DEPTCODE, STATE,PAY_MODLE, SIM_NUM) values(35806, 'B0000808', '中国移动', 1, '预付费', 13100015805);
insert into T_TERMINALINFO (TERMINAL_ID,TTYPE_ID,SIM_ID,TERMINAL_CODE,ORG_CODE,IS_VIDEO_TERMINAL,SP_SERVER_NAME,PROTOCOL_TYPE,CHANNELS,YT_PROTOCOL_TYPE) values(341806, 4, 35806, '1015805', 'B0000808',1,'1076测试服务器','4',8,'0');
insert into V_VEHICLEINFO (ORG_CODE,VEHICLE_ID,ID_NUMBER,TYPE_ID,TERMINAL_ID,DELETE_FLAG,COLOR_ID_NUMBER_ID,AUTHORIZED_PAY_MASS) values ('B0000808','3401806', '测B15805', 4, 341806, 0, '2',15);

insert into T_SIMINFO (SIM_ID, ORG_CODE, DEPTCODE, STATE,PAY_MODLE, SIM_NUM) values(35807, 'B0000808', '中国移动', 1, '预付费', 13100015806);
insert into T_TERMINALINFO (TERMINAL_ID,TTYPE_ID,SIM_ID,TERMINAL_CODE,ORG_CODE,IS_VIDEO_TERMINAL,SP_SERVER_NAME,PROTOCOL_TYPE,CHANNELS,YT_PROTOCOL_TYPE) values(341807, 4, 35807, '1015806', 'B0000808',1,'1076测试服务器','4',8,'0');
insert into V_VEHICLEINFO (ORG_CODE,VEHICLE_ID,ID_NUMBER,TYPE_ID,TERMINAL_ID,DELETE_FLAG,COLOR_ID_NUMBER_ID,AUTHORIZED_PAY_MASS) values ('B0000808','3401807', '测B15806', 4, 341807, 0, '2',15);

insert into T_SIMINFO (SIM_ID, ORG_CODE, DEPTCODE, STATE,PAY_MODLE, SIM_NUM) values(35808, 'B0000808', '中国移动', 1, '预付费', 13100015807);
insert into T_TERMINALINFO (TERMINAL_ID,TTYPE_ID,SIM_ID,TERMINAL_CODE,ORG_CODE,IS_VIDEO_TERMINAL,SP_SERVER_NAME,PROTOCOL_TYPE,CHANNELS,YT_PROTOCOL_TYPE) values(341808, 4, 35808, '1015807', 'B0000808',1,'1076测试服务器','4',8,'0');
insert into V_VEHICLEINFO (ORG_CODE,VEHICLE_ID,ID_NUMBER,TYPE_ID,TERMINAL_ID,DELETE_FLAG,COLOR_ID_NUMBER_ID,AUTHORIZED_PAY_MASS) values ('B0000808','3401808', '测B15807', 4, 341808, 0, '2',15);

insert into T_SIMINFO (SIM_ID, ORG_CODE, DEPTCODE, STATE,PAY_MODLE, SIM_NUM) values(35809, 'B0000808', '中国移动', 1, '预付费', 13100015808);
insert into T_TERMINALINFO (TERMINAL_ID,TTYPE_ID,SIM_ID,TERMINAL_CODE,ORG_CODE,IS_VIDEO_TERMINAL,SP_SERVER_NAME,PROTOCOL_TYPE,CHANNELS,YT_PROTOCOL_TYPE) values(341809, 4, 35809, '1015808', 'B0000808',1,'1076测试服务器','4',8,'0');
insert into V_VEHICLEINFO (ORG_CODE,VEHICLE_ID,ID_NUMBER,TYPE_ID,TERMINAL_ID,DELETE_FLAG,COLOR_ID_NUMBER_ID,AUTHORIZED_PAY_MASS) values ('B0000808','3401809', '测B15808', 4, 341809, 0, '2',15);

insert into T_SIMINFO (SIM_ID, ORG_CODE, DEPTCODE, STATE,PAY_MODLE, SIM_NUM) values(35810, 'B0000808', '中国移动', 1, '预付费', 13100015809);
insert into T_TERMINALINFO (TERMINAL_ID,TTYPE_ID,SIM_ID,TERMINAL_CODE,ORG_CODE,IS_VIDEO_TERMINAL,SP_SERVER_NAME,PROTOCOL_TYPE,CHANNELS,YT_PROTOCOL_TYPE) values(341810, 4, 35810, '1015809', 'B0000808',1,'1076测试服务器','4',8,'0');
insert into V_VEHICLEINFO (ORG_CODE,VEHICLE_ID,ID_NUMBER,TYPE_ID,TERMINAL_ID,DELETE_FLAG,COLOR_ID_NUMBER_ID,AUTHORIZED_PAY_MASS) values ('B0000808','3401810', '测B15809', 4, 341810, 0, '2',15);

insert into T_SIMINFO (SIM_ID, ORG_CODE, DEPTCODE, STATE,PAY_MODLE, SIM_NUM) values(35811, 'B0000808', '中国移动', 1, '预付费', 13100015810);
insert into T_TERMINALINFO (TERMINAL_ID,TTYPE_ID,SIM_ID,TERMINAL_CODE,ORG_CODE,IS_VIDEO_TERMINAL,SP_SERVER_NAME,PROTOCOL_TYPE,CHANNELS,YT_PROTOCOL_TYPE) values(341811, 4, 35811, '1015810', 'B0000808',1,'1076测试服务器','4',8,'0');
insert into V_VEHICLEINFO (ORG_CODE,VEHICLE_ID,ID_NUMBER,TYPE_ID,TERMINAL_ID,DELETE_FLAG,COLOR_ID_NUMBER_ID,AUTHORIZED_PAY_MASS) values ('B0000808','3401811', '测B15810', 4, 341811, 0, '2',15);

insert into T_SIMINFO (SIM_ID, ORG_CODE, DEPTCODE, STATE,PAY_MODLE, SIM_NUM) values(35812, 'B0000808', '中国移动', 1, '预付费', 13100015811);
insert into T_TERMINALINFO (TERMINAL_ID,TTYPE_ID,SIM_ID,TERMINAL_CODE,ORG_CODE,IS_VIDEO_TERMINAL,SP_SERVER_NAME,PROTOCOL_TYPE,CHANNELS,YT_PROTOCOL_TYPE) values(341812, 4, 35812, '1015811', 'B0000808',1,'1076测试服务器','4',8,'0');
insert into V_VEHICLEINFO (ORG_CODE,VEHICLE_ID,ID_NUMBER,TYPE_ID,TERMINAL_ID,DELETE_FLAG,COLOR_ID_NUMBER_ID,AUTHORIZED_PAY_MASS) values ('B0000808','3401812', '测B15811', 4, 341812, 0, '2',15);

insert into T_SIMINFO (SIM_ID, ORG_CODE, DEPTCODE, STATE,PAY_MODLE, SIM_NUM) values(35813, 'B0000808', '中国移动', 1, '预付费', 13100015812);
insert into T_TERMINALINFO (TERMINAL_ID,TTYPE_ID,SIM_ID,TERMINAL_CODE,ORG_CODE,IS_VIDEO_TERMINAL,SP_SERVER_NAME,PROTOCOL_TYPE,CHANNELS,YT_PROTOCOL_TYPE) values(341813, 4, 35813, '1015812', 'B0000808',1,'1076测试服务器','4',8,'0');
insert into V_VEHICLEINFO (ORG_CODE,VEHICLE_ID,ID_NUMBER,TYPE_ID,TERMINAL_ID,DELETE_FLAG,COLOR_ID_NUMBER_ID,AUTHORIZED_PAY_MASS) values ('B0000808','3401813', '测B15812', 4, 341813, 0, '2',15);

insert into T_SIMINFO (SIM_ID, ORG_CODE, DEPTCODE, STATE,PAY_MODLE, SIM_NUM) values(35814, 'B0000808', '中国移动', 1, '预付费', 13100015813);
insert into T_TERMINALINFO (TERMINAL_ID,TTYPE_ID,SIM_ID,TERMINAL_CODE,ORG_CODE,IS_VIDEO_TERMINAL,SP_SERVER_NAME,PROTOCOL_TYPE,CHANNELS,YT_PROTOCOL_TYPE) values(341814, 4, 35814, '1015813', 'B0000808',1,'1076测试服务器','4',8,'0');
insert into V_VEHICLEINFO (ORG_CODE,VEHICLE_ID,ID_NUMBER,TYPE_ID,TERMINAL_ID,DELETE_FLAG,COLOR_ID_NUMBER_ID,AUTHORIZED_PAY_MASS) values ('B0000808','3401814', '测B15813', 4, 341814, 0, '2',15);

insert into T_SIMINFO (SIM_ID, ORG_CODE, DEPTCODE, STATE,PAY_MODLE, SIM_NUM) values(35815, 'B0000808', '中国移动', 1, '预付费', 13100015814);
insert into T_TERMINALINFO (TERMINAL_ID,TTYPE_ID,SIM_ID,TERMINAL_CODE,ORG_CODE,IS_VIDEO_TERMINAL,SP_SERVER_NAME,PROTOCOL_TYPE,CHANNELS,YT_PROTOCOL_TYPE) values(341815, 4, 35815, '1015814', 'B0000808',1,'1076测试服务器','4',8,'0');
insert into V_VEHICLEINFO (ORG_CODE,VEHICLE_ID,ID_NUMBER,TYPE_ID,TERMINAL_ID,DELETE_FLAG,COLOR_ID_NUMBER_ID,AUTHORIZED_PAY_MASS) values ('B0000808','3401815', '测B15814', 4, 341815, 0, '2',15);

insert into T_SIMINFO (SIM_ID, ORG_CODE, DEPTCODE, STATE,PAY_MODLE, SIM_NUM) values(35816, 'B0000808', '中国移动', 1, '预付费', 13100015815);
insert into T_TERMINALINFO (TERMINAL_ID,TTYPE_ID,SIM_ID,TERMINAL_CODE,ORG_CODE,IS_VIDEO_TERMINAL,SP_SERVER_NAME,PROTOCOL_TYPE,CHANNELS,YT_PROTOCOL_TYPE) values(341816, 4, 35816, '1015815', 'B0000808',1,'1076测试服务器','4',8,'0');
insert into V_VEHICLEINFO (ORG_CODE,VEHICLE_ID,ID_NUMBER,TYPE_ID,TERMINAL_ID,DELETE_FLAG,COLOR_ID_NUMBER_ID,AUTHORIZED_PAY_MASS) values ('B0000808','3401816', '测B15815', 4, 341816, 0, '2',15);

insert into T_SIMINFO (SIM_ID, ORG_CODE, DEPTCODE, STATE,PAY_MODLE, SIM_NUM) values(35817, 'B0000808', '中国移动', 1, '预付费', 13100015816);
insert into T_TERMINALINFO (TERMINAL_ID,TTYPE_ID,SIM_ID,TERMINAL_CODE,ORG_CODE,IS_VIDEO_TERMINAL,SP_SERVER_NAME,PROTOCOL_TYPE,CHANNELS,YT_PROTOCOL_TYPE) values(341817, 4, 35817, '1015816', 'B0000808',1,'1076测试服务器','4',8,'0');
insert into V_VEHICLEINFO (ORG_CODE,VEHICLE_ID,ID_NUMBER,TYPE_ID,TERMINAL_ID,DELETE_FLAG,COLOR_ID_NUMBER_ID,AUTHORIZED_PAY_MASS) values ('B0000808','3401817', '测B15816', 4, 341817, 0, '2',15);

insert into T_SIMINFO (SIM_ID, ORG_CODE, DEPTCODE, STATE,PAY_MODLE, SIM_NUM) values(35818, 'B0000808', '中国移动', 1, '预付费', 13100015817);
insert into T_TERMINALINFO (TERMINAL_ID,TTYPE_ID,SIM_ID,TERMINAL_CODE,ORG_CODE,IS_VIDEO_TERMINAL,SP_SERVER_NAME,PROTOCOL_TYPE,CHANNELS,YT_PROTOCOL_TYPE) values(341818, 4, 35818, '1015817', 'B0000808',1,'1076测试服务器','4',8,'0');
insert into V_VEHICLEINFO (ORG_CODE,VEHICLE_ID,ID_NUMBER,TYPE_ID,TERMINAL_ID,DELETE_FLAG,COLOR_ID_NUMBER_ID,AUTHORIZED_PAY_MASS) values ('B0000808','3401818', '测B15817', 4, 341818, 0, '2',15);

insert into T_SIMINFO (SIM_ID, ORG_CODE, DEPTCODE, STATE,PAY_MODLE, SIM_NUM) values(35819, 'B0000808', '中国移动', 1, '预付费', 13100015818);
insert into T_TERMINALINFO (TERMINAL_ID,TTYPE_ID,SIM_ID,TERMINAL_CODE,ORG_CODE,IS_VIDEO_TERMINAL,SP_SERVER_NAME,PROTOCOL_TYPE,CHANNELS,YT_PROTOCOL_TYPE) values(341819, 4, 35819, '1015818', 'B0000808',1,'1076测试服务器','4',8,'0');
insert into V_VEHICLEINFO (ORG_CODE,VEHICLE_ID,ID_NUMBER,TYPE_ID,TERMINAL_ID,DELETE_FLAG,COLOR_ID_NUMBER_ID,AUTHORIZED_PAY_MASS) values ('B0000808','3401819', '测B15818', 4, 341819, 0, '2',15);

insert into T_SIMINFO (SIM_ID, ORG_CODE, DEPTCODE, STATE,PAY_MODLE, SIM_NUM) values(35820, 'B0000808', '中国移动', 1, '预付费', 13100015819);
insert into T_TERMINALINFO (TERMINAL_ID,TTYPE_ID,SIM_ID,TERMINAL_CODE,ORG_CODE,IS_VIDEO_TERMINAL,SP_SERVER_NAME,PROTOCOL_TYPE,CHANNELS,YT_PROTOCOL_TYPE) values(341820, 4, 35820, '1015819', 'B0000808',1,'1076测试服务器','4',8,'0');
insert into V_VEHICLEINFO (ORG_CODE,VEHICLE_ID,ID_NUMBER,TYPE_ID,TERMINAL_ID,DELETE_FLAG,COLOR_ID_NUMBER_ID,AUTHORIZED_PAY_MASS) values ('B0000808','3401820', '测B15819', 4, 341820, 0, '2',15);

insert into T_SIMINFO (SIM_ID, ORG_CODE, DEPTCODE, STATE,PAY_MODLE, SIM_NUM) values(35821, 'B0000808', '中国移动', 1, '预付费', 13100015820);
insert into T_TERMINALINFO (TERMINAL_ID,TTYPE_ID,SIM_ID,TERMINAL_CODE,ORG_CODE,IS_VIDEO_TERMINAL,SP_SERVER_NAME,PROTOCOL_TYPE,CHANNELS,YT_PROTOCOL_TYPE) values(341821, 4, 35821, '1015820', 'B0000808',1,'1076测试服务器','4',8,'0');
insert into V_VEHICLEINFO (ORG_CODE,VEHICLE_ID,ID_NUMBER,TYPE_ID,TERMINAL_ID,DELETE_FLAG,COLOR_ID_NUMBER_ID,AUTHORIZED_PAY_MASS) values ('B0000808','3401821', '测B15820', 4, 341821, 0, '2',15);

insert into T_SIMINFO (SIM_ID, ORG_CODE, DEPTCODE, STATE,PAY_MODLE, SIM_NUM) values(35822, 'B0000808', '中国移动', 1, '预付费', 13100015821);
insert into T_TERMINALINFO (TERMINAL_ID,TTYPE_ID,SIM_ID,TERMINAL_CODE,ORG_CODE,IS_VIDEO_TERMINAL,SP_SERVER_NAME,PROTOCOL_TYPE,CHANNELS,YT_PROTOCOL_TYPE) values(341822, 4, 35822, '1015821', 'B0000808',1,'1076测试服务器','4',8,'0');
insert into V_VEHICLEINFO (ORG_CODE,VEHICLE_ID,ID_NUMBER,TYPE_ID,TERMINAL_ID,DELETE_FLAG,COLOR_ID_NUMBER_ID,AUTHORIZED_PAY_MASS) values ('B0000808','3401822', '测B15821', 4, 341822, 0, '2',15);

insert into T_SIMINFO (SIM_ID, ORG_CODE, DEPTCODE, STATE,PAY_MODLE, SIM_NUM) values(35823, 'B0000808', '中国移动', 1, '预付费', 13100015822);
insert into T_TERMINALINFO (TERMINAL_ID,TTYPE_ID,SIM_ID,TERMINAL_CODE,ORG_CODE,IS_VIDEO_TERMINAL,SP_SERVER_NAME,PROTOCOL_TYPE,CHANNELS,YT_PROTOCOL_TYPE) values(341823, 4, 35823, '1015822', 'B0000808',1,'1076测试服务器','4',8,'0');
insert into V_VEHICLEINFO (ORG_CODE,VEHICLE_ID,ID_NUMBER,TYPE_ID,TERMINAL_ID,DELETE_FLAG,COLOR_ID_NUMBER_ID,AUTHORIZED_PAY_MASS) values ('B0000808','3401823', '测B15822', 4, 341823, 0, '2',15);

insert into T_SIMINFO (SIM_ID, ORG_CODE, DEPTCODE, STATE,PAY_MODLE, SIM_NUM) values(35824, 'B0000808', '中国移动', 1, '预付费', 13100015823);
insert into T_TERMINALINFO (TERMINAL_ID,TTYPE_ID,SIM_ID,TERMINAL_CODE,ORG_CODE,IS_VIDEO_TERMINAL,SP_SERVER_NAME,PROTOCOL_TYPE,CHANNELS,YT_PROTOCOL_TYPE) values(341824, 4, 35824, '1015823', 'B0000808',1,'1076测试服务器','4',8,'0');
insert into V_VEHICLEINFO (ORG_CODE,VEHICLE_ID,ID_NUMBER,TYPE_ID,TERMINAL_ID,DELETE_FLAG,COLOR_ID_NUMBER_ID,AUTHORIZED_PAY_MASS) values ('B0000808','3401824', '测B15823', 4, 341824, 0, '2',15);

insert into T_SIMINFO (SIM_ID, ORG_CODE, DEPTCODE, STATE,PAY_MODLE, SIM_NUM) values(35825, 'B0000808', '中国移动', 1, '预付费', 13100015824);
insert into T_TERMINALINFO (TERMINAL_ID,TTYPE_ID,SIM_ID,TERMINAL_CODE,ORG_CODE,IS_VIDEO_TERMINAL,SP_SERVER_NAME,PROTOCOL_TYPE,CHANNELS,YT_PROTOCOL_TYPE) values(341825, 4, 35825, '1015824', 'B0000808',1,'1076测试服务器','4',8,'0');
insert into V_VEHICLEINFO (ORG_CODE,VEHICLE_ID,ID_NUMBER,TYPE_ID,TERMINAL_ID,DELETE_FLAG,COLOR_ID_NUMBER_ID,AUTHORIZED_PAY_MASS) values ('B0000808','3401825', '测B15824', 4, 341825, 0, '2',15);

insert into T_SIMINFO (SIM_ID, ORG_CODE, DEPTCODE, STATE,PAY_MODLE, SIM_NUM) values(35826, 'B0000808', '中国移动', 1, '预付费', 13100015825);
insert into T_TERMINALINFO (TERMINAL_ID,TTYPE_ID,SIM_ID,TERMINAL_CODE,ORG_CODE,IS_VIDEO_TERMINAL,SP_SERVER_NAME,PROTOCOL_TYPE,CHANNELS,YT_PROTOCOL_TYPE) values(341826, 4, 35826, '1015825', 'B0000808',1,'1076测试服务器','4',8,'0');
insert into V_VEHICLEINFO (ORG_CODE,VEHICLE_ID,ID_NUMBER,TYPE_ID,TERMINAL_ID,DELETE_FLAG,COLOR_ID_NUMBER_ID,AUTHORIZED_PAY_MASS) values ('B0000808','3401826', '测B15825', 4, 341826, 0, '2',15);

insert into T_SIMINFO (SIM_ID, ORG_CODE, DEPTCODE, STATE,PAY_MODLE, SIM_NUM) values(35827, 'B0000808', '中国移动', 1, '预付费', 13100015826);
insert into T_TERMINALINFO (TERMINAL_ID,TTYPE_ID,SIM_ID,TERMINAL_CODE,ORG_CODE,IS_VIDEO_TERMINAL,SP_SERVER_NAME,PROTOCOL_TYPE,CHANNELS,YT_PROTOCOL_TYPE) values(341827, 4, 35827, '1015826', 'B0000808',1,'1076测试服务器','4',8,'0');
insert into V_VEHICLEINFO (ORG_CODE,VEHICLE_ID,ID_NUMBER,TYPE_ID,TERMINAL_ID,DELETE_FLAG,COLOR_ID_NUMBER_ID,AUTHORIZED_PAY_MASS) values ('B0000808','3401827', '测B15826', 4, 341827, 0, '2',15);

insert into T_SIMINFO (SIM_ID, ORG_CODE, DEPTCODE, STATE,PAY_MODLE, SIM_NUM) values(35828, 'B0000808', '中国移动', 1, '预付费', 13100015827);
insert into T_TERMINALINFO (TERMINAL_ID,TTYPE_ID,SIM_ID,TERMINAL_CODE,ORG_CODE,IS_VIDEO_TERMINAL,SP_SERVER_NAME,PROTOCOL_TYPE,CHANNELS,YT_PROTOCOL_TYPE) values(341828, 4, 35828, '1015827', 'B0000808',1,'1076测试服务器','4',8,'0');
insert into V_VEHICLEINFO (ORG_CODE,VEHICLE_ID,ID_NUMBER,TYPE_ID,TERMINAL_ID,DELETE_FLAG,COLOR_ID_NUMBER_ID,AUTHORIZED_PAY_MASS) values ('B0000808','3401828', '测B15827', 4, 341828, 0, '2',15);

insert into T_SIMINFO (SIM_ID, ORG_CODE, DEPTCODE, STATE,PAY_MODLE, SIM_NUM) values(35829, 'B0000808', '中国移动', 1, '预付费', 13100015828);
insert into T_TERMINALINFO (TERMINAL_ID,TTYPE_ID,SIM_ID,TERMINAL_CODE,ORG_CODE,IS_VIDEO_TERMINAL,SP_SERVER_NAME,PROTOCOL_TYPE,CHANNELS,YT_PROTOCOL_TYPE) values(341829, 4, 35829, '1015828', 'B0000808',1,'1076测试服务器','4',8,'0');
insert into V_VEHICLEINFO (ORG_CODE,VEHICLE_ID,ID_NUMBER,TYPE_ID,TERMINAL_ID,DELETE_FLAG,COLOR_ID_NUMBER_ID,AUTHORIZED_PAY_MASS) values ('B0000808','3401829', '测B15828', 4, 341829, 0, '2',15);

insert into T_SIMINFO (SIM_ID, ORG_CODE, DEPTCODE, STATE,PAY_MODLE, SIM_NUM) values(35830, 'B0000808', '中国移动', 1, '预付费', 13100015829);
insert into T_TERMINALINFO (TERMINAL_ID,TTYPE_ID,SIM_ID,TERMINAL_CODE,ORG_CODE,IS_VIDEO_TERMINAL,SP_SERVER_NAME,PROTOCOL_TYPE,CHANNELS,YT_PROTOCOL_TYPE) values(341830, 4, 35830, '1015829', 'B0000808',1,'1076测试服务器','4',8,'0');
insert into V_VEHICLEINFO (ORG_CODE,VEHICLE_ID,ID_NUMBER,TYPE_ID,TERMINAL_ID,DELETE_FLAG,COLOR_ID_NUMBER_ID,AUTHORIZED_PAY_MASS) values ('B0000808','3401830', '测B15829', 4, 341830, 0, '2',15);

insert into T_SIMINFO (SIM_ID, ORG_CODE, DEPTCODE, STATE,PAY_MODLE, SIM_NUM) values(35831, 'B0000808', '中国移动', 1, '预付费', 13100015830);
insert into T_TERMINALINFO (TERMINAL_ID,TTYPE_ID,SIM_ID,TERMINAL_CODE,ORG_CODE,IS_VIDEO_TERMINAL,SP_SERVER_NAME,PROTOCOL_TYPE,CHANNELS,YT_PROTOCOL_TYPE) values(341831, 4, 35831, '1015830', 'B0000808',1,'1076测试服务器','4',8,'0');
insert into V_VEHICLEINFO (ORG_CODE,VEHICLE_ID,ID_NUMBER,TYPE_ID,TERMINAL_ID,DELETE_FLAG,COLOR_ID_NUMBER_ID,AUTHORIZED_PAY_MASS) values ('B0000808','3401831', '测B15830', 4, 341831, 0, '2',15);

insert into T_SIMINFO (SIM_ID, ORG_CODE, DEPTCODE, STATE,PAY_MODLE, SIM_NUM) values(35832, 'B0000808', '中国移动', 1, '预付费', 13100015831);
insert into T_TERMINALINFO (TERMINAL_ID,TTYPE_ID,SIM_ID,TERMINAL_CODE,ORG_CODE,IS_VIDEO_TERMINAL,SP_SERVER_NAME,PROTOCOL_TYPE,CHANNELS,YT_PROTOCOL_TYPE) values(341832, 4, 35832, '1015831', 'B0000808',1,'1076测试服务器','4',8,'0');
insert into V_VEHICLEINFO (ORG_CODE,VEHICLE_ID,ID_NUMBER,TYPE_ID,TERMINAL_ID,DELETE_FLAG,COLOR_ID_NUMBER_ID,AUTHORIZED_PAY_MASS) values ('B0000808','3401832', '测B15831', 4, 341832, 0, '2',15);

insert into T_SIMINFO (SIM_ID, ORG_CODE, DEPTCODE, STATE,PAY_MODLE, SIM_NUM) values(35833, 'B0000808', '中国移动', 1, '预付费', 13100015832);
insert into T_TERMINALINFO (TERMINAL_ID,TTYPE_ID,SIM_ID,TERMINAL_CODE,ORG_CODE,IS_VIDEO_TERMINAL,SP_SERVER_NAME,PROTOCOL_TYPE,CHANNELS,YT_PROTOCOL_TYPE) values(341833, 4, 35833, '1015832', 'B0000808',1,'1076测试服务器','4',8,'0');
insert into V_VEHICLEINFO (ORG_CODE,VEHICLE_ID,ID_NUMBER,TYPE_ID,TERMINAL_ID,DELETE_FLAG,COLOR_ID_NUMBER_ID,AUTHORIZED_PAY_MASS) values ('B0000808','3401833', '测B15832', 4, 341833, 0, '2',15);

insert into T_SIMINFO (SIM_ID, ORG_CODE, DEPTCODE, STATE,PAY_MODLE, SIM_NUM) values(35834, 'B0000808', '中国移动', 1, '预付费', 13100015833);
insert into T_TERMINALINFO (TERMINAL_ID,TTYPE_ID,SIM_ID,TERMINAL_CODE,ORG_CODE,IS_VIDEO_TERMINAL,SP_SERVER_NAME,PROTOCOL_TYPE,CHANNELS,YT_PROTOCOL_TYPE) values(341834, 4, 35834, '1015833', 'B0000808',1,'1076测试服务器','4',8,'0');
insert into V_VEHICLEINFO (ORG_CODE,VEHICLE_ID,ID_NUMBER,TYPE_ID,TERMINAL_ID,DELETE_FLAG,COLOR_ID_NUMBER_ID,AUTHORIZED_PAY_MASS) values ('B0000808','3401834', '测B15833', 4, 341834, 0, '2',15);

insert into T_SIMINFO (SIM_ID, ORG_CODE, DEPTCODE, STATE,PAY_MODLE, SIM_NUM) values(35835, 'B0000808', '中国移动', 1, '预付费', 13100015834);
insert into T_TERMINALINFO (TERMINAL_ID,TTYPE_ID,SIM_ID,TERMINAL_CODE,ORG_CODE,IS_VIDEO_TERMINAL,SP_SERVER_NAME,PROTOCOL_TYPE,CHANNELS,YT_PROTOCOL_TYPE) values(341835, 4, 35835, '1015834', 'B0000808',1,'1076测试服务器','4',8,'0');
insert into V_VEHICLEINFO (ORG_CODE,VEHICLE_ID,ID_NUMBER,TYPE_ID,TERMINAL_ID,DELETE_FLAG,COLOR_ID_NUMBER_ID,AUTHORIZED_PAY_MASS) values ('B0000808','3401835', '测B15834', 4, 341835, 0, '2',15);

insert into T_SIMINFO (SIM_ID, ORG_CODE, DEPTCODE, STATE,PAY_MODLE, SIM_NUM) values(35836, 'B0000808', '中国移动', 1, '预付费', 13100015835);
insert into T_TERMINALINFO (TERMINAL_ID,TTYPE_ID,SIM_ID,TERMINAL_CODE,ORG_CODE,IS_VIDEO_TERMINAL,SP_SERVER_NAME,PROTOCOL_TYPE,CHANNELS,YT_PROTOCOL_TYPE) values(341836, 4, 35836, '1015835', 'B0000808',1,'1076测试服务器','4',8,'0');
insert into V_VEHICLEINFO (ORG_CODE,VEHICLE_ID,ID_NUMBER,TYPE_ID,TERMINAL_ID,DELETE_FLAG,COLOR_ID_NUMBER_ID,AUTHORIZED_PAY_MASS) values ('B0000808','3401836', '测B15835', 4, 341836, 0, '2',15);

insert into T_SIMINFO (SIM_ID, ORG_CODE, DEPTCODE, STATE,PAY_MODLE, SIM_NUM) values(35837, 'B0000808', '中国移动', 1, '预付费', 13100015836);
insert into T_TERMINALINFO (TERMINAL_ID,TTYPE_ID,SIM_ID,TERMINAL_CODE,ORG_CODE,IS_VIDEO_TERMINAL,SP_SERVER_NAME,PROTOCOL_TYPE,CHANNELS,YT_PROTOCOL_TYPE) values(341837, 4, 35837, '1015836', 'B0000808',1,'1076测试服务器','4',8,'0');
insert into V_VEHICLEINFO (ORG_CODE,VEHICLE_ID,ID_NUMBER,TYPE_ID,TERMINAL_ID,DELETE_FLAG,COLOR_ID_NUMBER_ID,AUTHORIZED_PAY_MASS) values ('B0000808','3401837', '测B15836', 4, 341837, 0, '2',15);

insert into T_SIMINFO (SIM_ID, ORG_CODE, DEPTCODE, STATE,PAY_MODLE, SIM_NUM) values(35838, 'B0000808', '中国移动', 1, '预付费', 13100015837);
insert into T_TERMINALINFO (TERMINAL_ID,TTYPE_ID,SIM_ID,TERMINAL_CODE,ORG_CODE,IS_VIDEO_TERMINAL,SP_SERVER_NAME,PROTOCOL_TYPE,CHANNELS,YT_PROTOCOL_TYPE) values(341838, 4, 35838, '1015837', 'B0000808',1,'1076测试服务器','4',8,'0');
insert into V_VEHICLEINFO (ORG_CODE,VEHICLE_ID,ID_NUMBER,TYPE_ID,TERMINAL_ID,DELETE_FLAG,COLOR_ID_NUMBER_ID,AUTHORIZED_PAY_MASS) values ('B0000808','3401838', '测B15837', 4, 341838, 0, '2',15);

insert into T_SIMINFO (SIM_ID, ORG_CODE, DEPTCODE, STATE,PAY_MODLE, SIM_NUM) values(35839, 'B0000808', '中国移动', 1, '预付费', 13100015838);
insert into T_TERMINALINFO (TERMINAL_ID,TTYPE_ID,SIM_ID,TERMINAL_CODE,ORG_CODE,IS_VIDEO_TERMINAL,SP_SERVER_NAME,PROTOCOL_TYPE,CHANNELS,YT_PROTOCOL_TYPE) values(341839, 4, 35839, '1015838', 'B0000808',1,'1076测试服务器','4',8,'0');
insert into V_VEHICLEINFO (ORG_CODE,VEHICLE_ID,ID_NUMBER,TYPE_ID,TERMINAL_ID,DELETE_FLAG,COLOR_ID_NUMBER_ID,AUTHORIZED_PAY_MASS) values ('B0000808','3401839', '测B15838', 4, 341839, 0, '2',15);

insert into T_SIMINFO (SIM_ID, ORG_CODE, DEPTCODE, STATE,PAY_MODLE, SIM_NUM) values(35840, 'B0000808', '中国移动', 1, '预付费', 13100015839);
insert into T_TERMINALINFO (TERMINAL_ID,TTYPE_ID,SIM_ID,TERMINAL_CODE,ORG_CODE,IS_VIDEO_TERMINAL,SP_SERVER_NAME,PROTOCOL_TYPE,CHANNELS,YT_PROTOCOL_TYPE) values(341840, 4, 35840, '1015839', 'B0000808',1,'1076测试服务器','4',8,'0');
insert into V_VEHICLEINFO (ORG_CODE,VEHICLE_ID,ID_NUMBER,TYPE_ID,TERMINAL_ID,DELETE_FLAG,COLOR_ID_NUMBER_ID,AUTHORIZED_PAY_MASS) values ('B0000808','3401840', '测B15839', 4, 341840, 0, '2',15);

insert into T_SIMINFO (SIM_ID, ORG_CODE, DEPTCODE, STATE,PAY_MODLE, SIM_NUM) values(35841, 'B0000808', '中国移动', 1, '预付费', 13100015840);
insert into T_TERMINALINFO (TERMINAL_ID,TTYPE_ID,SIM_ID,TERMINAL_CODE,ORG_CODE,IS_VIDEO_TERMINAL,SP_SERVER_NAME,PROTOCOL_TYPE,CHANNELS,YT_PROTOCOL_TYPE) values(341841, 4, 35841, '1015840', 'B0000808',1,'1076测试服务器','4',8,'0');
insert into V_VEHICLEINFO (ORG_CODE,VEHICLE_ID,ID_NUMBER,TYPE_ID,TERMINAL_ID,DELETE_FLAG,COLOR_ID_NUMBER_ID,AUTHORIZED_PAY_MASS) values ('B0000808','3401841', '测B15840', 4, 341841, 0, '2',15);

insert into T_SIMINFO (SIM_ID, ORG_CODE, DEPTCODE, STATE,PAY_MODLE, SIM_NUM) values(35842, 'B0000808', '中国移动', 1, '预付费', 13100015841);
insert into T_TERMINALINFO (TERMINAL_ID,TTYPE_ID,SIM_ID,TERMINAL_CODE,ORG_CODE,IS_VIDEO_TERMINAL,SP_SERVER_NAME,PROTOCOL_TYPE,CHANNELS,YT_PROTOCOL_TYPE) values(341842, 4, 35842, '1015841', 'B0000808',1,'1076测试服务器','4',8,'0');
insert into V_VEHICLEINFO (ORG_CODE,VEHICLE_ID,ID_NUMBER,TYPE_ID,TERMINAL_ID,DELETE_FLAG,COLOR_ID_NUMBER_ID,AUTHORIZED_PAY_MASS) values ('B0000808','3401842', '测B15841', 4, 341842, 0, '2',15);

insert into T_SIMINFO (SIM_ID, ORG_CODE, DEPTCODE, STATE,PAY_MODLE, SIM_NUM) values(35843, 'B0000808', '中国移动', 1, '预付费', 13100015842);
insert into T_TERMINALINFO (TERMINAL_ID,TTYPE_ID,SIM_ID,TERMINAL_CODE,ORG_CODE,IS_VIDEO_TERMINAL,SP_SERVER_NAME,PROTOCOL_TYPE,CHANNELS,YT_PROTOCOL_TYPE) values(341843, 4, 35843, '1015842', 'B0000808',1,'1076测试服务器','4',8,'0');
insert into V_VEHICLEINFO (ORG_CODE,VEHICLE_ID,ID_NUMBER,TYPE_ID,TERMINAL_ID,DELETE_FLAG,COLOR_ID_NUMBER_ID,AUTHORIZED_PAY_MASS) values ('B0000808','3401843', '测B15842', 4, 341843, 0, '2',15);

insert into T_SIMINFO (SIM_ID, ORG_CODE, DEPTCODE, STATE,PAY_MODLE, SIM_NUM) values(35844, 'B0000808', '中国移动', 1, '预付费', 13100015843);
insert into T_TERMINALINFO (TERMINAL_ID,TTYPE_ID,SIM_ID,TERMINAL_CODE,ORG_CODE,IS_VIDEO_TERMINAL,SP_SERVER_NAME,PROTOCOL_TYPE,CHANNELS,YT_PROTOCOL_TYPE) values(341844, 4, 35844, '1015843', 'B0000808',1,'1076测试服务器','4',8,'0');
insert into V_VEHICLEINFO (ORG_CODE,VEHICLE_ID,ID_NUMBER,TYPE_ID,TERMINAL_ID,DELETE_FLAG,COLOR_ID_NUMBER_ID,AUTHORIZED_PAY_MASS) values ('B0000808','3401844', '测B15843', 4, 341844, 0, '2',15);

insert into T_SIMINFO (SIM_ID, ORG_CODE, DEPTCODE, STATE,PAY_MODLE, SIM_NUM) values(35845, 'B0000808', '中国移动', 1, '预付费', 13100015844);
insert into T_TERMINALINFO (TERMINAL_ID,TTYPE_ID,SIM_ID,TERMINAL_CODE,ORG_CODE,IS_VIDEO_TERMINAL,SP_SERVER_NAME,PROTOCOL_TYPE,CHANNELS,YT_PROTOCOL_TYPE) values(341845, 4, 35845, '1015844', 'B0000808',1,'1076测试服务器','4',8,'0');
insert into V_VEHICLEINFO (ORG_CODE,VEHICLE_ID,ID_NUMBER,TYPE_ID,TERMINAL_ID,DELETE_FLAG,COLOR_ID_NUMBER_ID,AUTHORIZED_PAY_MASS) values ('B0000808','3401845', '测B15844', 4, 341845, 0, '2',15);

insert into T_SIMINFO (SIM_ID, ORG_CODE, DEPTCODE, STATE,PAY_MODLE, SIM_NUM) values(35846, 'B0000808', '中国移动', 1, '预付费', 13100015845);
insert into T_TERMINALINFO (TERMINAL_ID,TTYPE_ID,SIM_ID,TERMINAL_CODE,ORG_CODE,IS_VIDEO_TERMINAL,SP_SERVER_NAME,PROTOCOL_TYPE,CHANNELS,YT_PROTOCOL_TYPE) values(341846, 4, 35846, '1015845', 'B0000808',1,'1076测试服务器','4',8,'0');
insert into V_VEHICLEINFO (ORG_CODE,VEHICLE_ID,ID_NUMBER,TYPE_ID,TERMINAL_ID,DELETE_FLAG,COLOR_ID_NUMBER_ID,AUTHORIZED_PAY_MASS) values ('B0000808','3401846', '测B15845', 4, 341846, 0, '2',15);

insert into T_SIMINFO (SIM_ID, ORG_CODE, DEPTCODE, STATE,PAY_MODLE, SIM_NUM) values(35847, 'B0000808', '中国移动', 1, '预付费', 13100015846);
insert into T_TERMINALINFO (TERMINAL_ID,TTYPE_ID,SIM_ID,TERMINAL_CODE,ORG_CODE,IS_VIDEO_TERMINAL,SP_SERVER_NAME,PROTOCOL_TYPE,CHANNELS,YT_PROTOCOL_TYPE) values(341847, 4, 35847, '1015846', 'B0000808',1,'1076测试服务器','4',8,'0');
insert into V_VEHICLEINFO (ORG_CODE,VEHICLE_ID,ID_NUMBER,TYPE_ID,TERMINAL_ID,DELETE_FLAG,COLOR_ID_NUMBER_ID,AUTHORIZED_PAY_MASS) values ('B0000808','3401847', '测B15846', 4, 341847, 0, '2',15);

insert into T_SIMINFO (SIM_ID, ORG_CODE, DEPTCODE, STATE,PAY_MODLE, SIM_NUM) values(35848, 'B0000808', '中国移动', 1, '预付费', 13100015847);
insert into T_TERMINALINFO (TERMINAL_ID,TTYPE_ID,SIM_ID,TERMINAL_CODE,ORG_CODE,IS_VIDEO_TERMINAL,SP_SERVER_NAME,PROTOCOL_TYPE,CHANNELS,YT_PROTOCOL_TYPE) values(341848, 4, 35848, '1015847', 'B0000808',1,'1076测试服务器','4',8,'0');
insert into V_VEHICLEINFO (ORG_CODE,VEHICLE_ID,ID_NUMBER,TYPE_ID,TERMINAL_ID,DELETE_FLAG,COLOR_ID_NUMBER_ID,AUTHORIZED_PAY_MASS) values ('B0000808','3401848', '测B15847', 4, 341848, 0, '2',15);

insert into T_SIMINFO (SIM_ID, ORG_CODE, DEPTCODE, STATE,PAY_MODLE, SIM_NUM) values(35849, 'B0000808', '中国移动', 1, '预付费', 13100015848);
insert into T_TERMINALINFO (TERMINAL_ID,TTYPE_ID,SIM_ID,TERMINAL_CODE,ORG_CODE,IS_VIDEO_TERMINAL,SP_SERVER_NAME,PROTOCOL_TYPE,CHANNELS,YT_PROTOCOL_TYPE) values(341849, 4, 35849, '1015848', 'B0000808',1,'1076测试服务器','4',8,'0');
insert into V_VEHICLEINFO (ORG_CODE,VEHICLE_ID,ID_NUMBER,TYPE_ID,TERMINAL_ID,DELETE_FLAG,COLOR_ID_NUMBER_ID,AUTHORIZED_PAY_MASS) values ('B0000808','3401849', '测B15848', 4, 341849, 0, '2',15);

insert into T_SIMINFO (SIM_ID, ORG_CODE, DEPTCODE, STATE,PAY_MODLE, SIM_NUM) values(35850, 'B0000808', '中国移动', 1, '预付费', 13100015849);
insert into T_TERMINALINFO (TERMINAL_ID,TTYPE_ID,SIM_ID,TERMINAL_CODE,ORG_CODE,IS_VIDEO_TERMINAL,SP_SERVER_NAME,PROTOCOL_TYPE,CHANNELS,YT_PROTOCOL_TYPE) values(341850, 4, 35850, '1015849', 'B0000808',1,'1076测试服务器','4',8,'0');
insert into V_VEHICLEINFO (ORG_CODE,VEHICLE_ID,ID_NUMBER,TYPE_ID,TERMINAL_ID,DELETE_FLAG,COLOR_ID_NUMBER_ID,AUTHORIZED_PAY_MASS) values ('B0000808','3401850', '测B15849', 4, 341850, 0, '2',15);

insert into T_SIMINFO (SIM_ID, ORG_CODE, DEPTCODE, STATE,PAY_MODLE, SIM_NUM) values(35851, 'B0000808', '中国移动', 1, '预付费', 13100015850);
insert into T_TERMINALINFO (TERMINAL_ID,TTYPE_ID,SIM_ID,TERMINAL_CODE,ORG_CODE,IS_VIDEO_TERMINAL,SP_SERVER_NAME,PROTOCOL_TYPE,CHANNELS,YT_PROTOCOL_TYPE) values(341851, 4, 35851, '1015850', 'B0000808',1,'1076测试服务器','4',8,'0');
insert into V_VEHICLEINFO (ORG_CODE,VEHICLE_ID,ID_NUMBER,TYPE_ID,TERMINAL_ID,DELETE_FLAG,COLOR_ID_NUMBER_ID,AUTHORIZED_PAY_MASS) values ('B0000808','3401851', '测B15850', 4, 341851, 0, '2',15);

insert into T_SIMINFO (SIM_ID, ORG_CODE, DEPTCODE, STATE,PAY_MODLE, SIM_NUM) values(35852, 'B0000808', '中国移动', 1, '预付费', 13100015851);
insert into T_TERMINALINFO (TERMINAL_ID,TTYPE_ID,SIM_ID,TERMINAL_CODE,ORG_CODE,IS_VIDEO_TERMINAL,SP_SERVER_NAME,PROTOCOL_TYPE,CHANNELS,YT_PROTOCOL_TYPE) values(341852, 4, 35852, '1015851', 'B0000808',1,'1076测试服务器','4',8,'0');
insert into V_VEHICLEINFO (ORG_CODE,VEHICLE_ID,ID_NUMBER,TYPE_ID,TERMINAL_ID,DELETE_FLAG,COLOR_ID_NUMBER_ID,AUTHORIZED_PAY_MASS) values ('B0000808','3401852', '测B15851', 4, 341852, 0, '2',15);

insert into T_SIMINFO (SIM_ID, ORG_CODE, DEPTCODE, STATE,PAY_MODLE, SIM_NUM) values(35853, 'B0000808', '中国移动', 1, '预付费', 13100015852);
insert into T_TERMINALINFO (TERMINAL_ID,TTYPE_ID,SIM_ID,TERMINAL_CODE,ORG_CODE,IS_VIDEO_TERMINAL,SP_SERVER_NAME,PROTOCOL_TYPE,CHANNELS,YT_PROTOCOL_TYPE) values(341853, 4, 35853, '1015852', 'B0000808',1,'1076测试服务器','4',8,'0');
insert into V_VEHICLEINFO (ORG_CODE,VEHICLE_ID,ID_NUMBER,TYPE_ID,TERMINAL_ID,DELETE_FLAG,COLOR_ID_NUMBER_ID,AUTHORIZED_PAY_MASS) values ('B0000808','3401853', '测B15852', 4, 341853, 0, '2',15);

insert into T_SIMINFO (SIM_ID, ORG_CODE, DEPTCODE, STATE,PAY_MODLE, SIM_NUM) values(35854, 'B0000808', '中国移动', 1, '预付费', 13100015853);
insert into T_TERMINALINFO (TERMINAL_ID,TTYPE_ID,SIM_ID,TERMINAL_CODE,ORG_CODE,IS_VIDEO_TERMINAL,SP_SERVER_NAME,PROTOCOL_TYPE,CHANNELS,YT_PROTOCOL_TYPE) values(341854, 4, 35854, '1015853', 'B0000808',1,'1076测试服务器','4',8,'0');
insert into V_VEHICLEINFO (ORG_CODE,VEHICLE_ID,ID_NUMBER,TYPE_ID,TERMINAL_ID,DELETE_FLAG,COLOR_ID_NUMBER_ID,AUTHORIZED_PAY_MASS) values ('B0000808','3401854', '测B15853', 4, 341854, 0, '2',15);

insert into T_SIMINFO (SIM_ID, ORG_CODE, DEPTCODE, STATE,PAY_MODLE, SIM_NUM) values(35855, 'B0000808', '中国移动', 1, '预付费', 13100015854);
insert into T_TERMINALINFO (TERMINAL_ID,TTYPE_ID,SIM_ID,TERMINAL_CODE,ORG_CODE,IS_VIDEO_TERMINAL,SP_SERVER_NAME,PROTOCOL_TYPE,CHANNELS,YT_PROTOCOL_TYPE) values(341855, 4, 35855, '1015854', 'B0000808',1,'1076测试服务器','4',8,'0');
insert into V_VEHICLEINFO (ORG_CODE,VEHICLE_ID,ID_NUMBER,TYPE_ID,TERMINAL_ID,DELETE_FLAG,COLOR_ID_NUMBER_ID,AUTHORIZED_PAY_MASS) values ('B0000808','3401855', '测B15854', 4, 341855, 0, '2',15);

insert into T_SIMINFO (SIM_ID, ORG_CODE, DEPTCODE, STATE,PAY_MODLE, SIM_NUM) values(35856, 'B0000808', '中国移动', 1, '预付费', 13100015855);
insert into T_TERMINALINFO (TERMINAL_ID,TTYPE_ID,SIM_ID,TERMINAL_CODE,ORG_CODE,IS_VIDEO_TERMINAL,SP_SERVER_NAME,PROTOCOL_TYPE,CHANNELS,YT_PROTOCOL_TYPE) values(341856, 4, 35856, '1015855', 'B0000808',1,'1076测试服务器','4',8,'0');
insert into V_VEHICLEINFO (ORG_CODE,VEHICLE_ID,ID_NUMBER,TYPE_ID,TERMINAL_ID,DELETE_FLAG,COLOR_ID_NUMBER_ID,AUTHORIZED_PAY_MASS) values ('B0000808','3401856', '测B15855', 4, 341856, 0, '2',15);

insert into T_SIMINFO (SIM_ID, ORG_CODE, DEPTCODE, STATE,PAY_MODLE, SIM_NUM) values(35857, 'B0000808', '中国移动', 1, '预付费', 13100015856);
insert into T_TERMINALINFO (TERMINAL_ID,TTYPE_ID,SIM_ID,TERMINAL_CODE,ORG_CODE,IS_VIDEO_TERMINAL,SP_SERVER_NAME,PROTOCOL_TYPE,CHANNELS,YT_PROTOCOL_TYPE) values(341857, 4, 35857, '1015856', 'B0000808',1,'1076测试服务器','4',8,'0');
insert into V_VEHICLEINFO (ORG_CODE,VEHICLE_ID,ID_NUMBER,TYPE_ID,TERMINAL_ID,DELETE_FLAG,COLOR_ID_NUMBER_ID,AUTHORIZED_PAY_MASS) values ('B0000808','3401857', '测B15856', 4, 341857, 0, '2',15);

insert into T_SIMINFO (SIM_ID, ORG_CODE, DEPTCODE, STATE,PAY_MODLE, SIM_NUM) values(35858, 'B0000808', '中国移动', 1, '预付费', 13100015857);
insert into T_TERMINALINFO (TERMINAL_ID,TTYPE_ID,SIM_ID,TERMINAL_CODE,ORG_CODE,IS_VIDEO_TERMINAL,SP_SERVER_NAME,PROTOCOL_TYPE,CHANNELS,YT_PROTOCOL_TYPE) values(341858, 4, 35858, '1015857', 'B0000808',1,'1076测试服务器','4',8,'0');
insert into V_VEHICLEINFO (ORG_CODE,VEHICLE_ID,ID_NUMBER,TYPE_ID,TERMINAL_ID,DELETE_FLAG,COLOR_ID_NUMBER_ID,AUTHORIZED_PAY_MASS) values ('B0000808','3401858', '测B15857', 4, 341858, 0, '2',15);

insert into T_SIMINFO (SIM_ID, ORG_CODE, DEPTCODE, STATE,PAY_MODLE, SIM_NUM) values(35859, 'B0000808', '中国移动', 1, '预付费', 13100015858);
insert into T_TERMINALINFO (TERMINAL_ID,TTYPE_ID,SIM_ID,TERMINAL_CODE,ORG_CODE,IS_VIDEO_TERMINAL,SP_SERVER_NAME,PROTOCOL_TYPE,CHANNELS,YT_PROTOCOL_TYPE) values(341859, 4, 35859, '1015858', 'B0000808',1,'1076测试服务器','4',8,'0');
insert into V_VEHICLEINFO (ORG_CODE,VEHICLE_ID,ID_NUMBER,TYPE_ID,TERMINAL_ID,DELETE_FLAG,COLOR_ID_NUMBER_ID,AUTHORIZED_PAY_MASS) values ('B0000808','3401859', '测B15858', 4, 341859, 0, '2',15);

insert into T_SIMINFO (SIM_ID, ORG_CODE, DEPTCODE, STATE,PAY_MODLE, SIM_NUM) values(35860, 'B0000808', '中国移动', 1, '预付费', 13100015859);
insert into T_TERMINALINFO (TERMINAL_ID,TTYPE_ID,SIM_ID,TERMINAL_CODE,ORG_CODE,IS_VIDEO_TERMINAL,SP_SERVER_NAME,PROTOCOL_TYPE,CHANNELS,YT_PROTOCOL_TYPE) values(341860, 4, 35860, '1015859', 'B0000808',1,'1076测试服务器','4',8,'0');
insert into V_VEHICLEINFO (ORG_CODE,VEHICLE_ID,ID_NUMBER,TYPE_ID,TERMINAL_ID,DELETE_FLAG,COLOR_ID_NUMBER_ID,AUTHORIZED_PAY_MASS) values ('B0000808','3401860', '测B15859', 4, 341860, 0, '2',15);

insert into T_SIMINFO (SIM_ID, ORG_CODE, DEPTCODE, STATE,PAY_MODLE, SIM_NUM) values(35861, 'B0000808', '中国移动', 1, '预付费', 13100015860);
insert into T_TERMINALINFO (TERMINAL_ID,TTYPE_ID,SIM_ID,TERMINAL_CODE,ORG_CODE,IS_VIDEO_TERMINAL,SP_SERVER_NAME,PROTOCOL_TYPE,CHANNELS,YT_PROTOCOL_TYPE) values(341861, 4, 35861, '1015860', 'B0000808',1,'1076测试服务器','4',8,'0');
insert into V_VEHICLEINFO (ORG_CODE,VEHICLE_ID,ID_NUMBER,TYPE_ID,TERMINAL_ID,DELETE_FLAG,COLOR_ID_NUMBER_ID,AUTHORIZED_PAY_MASS) values ('B0000808','3401861', '测B15860', 4, 341861, 0, '2',15);

insert into T_SIMINFO (SIM_ID, ORG_CODE, DEPTCODE, STATE,PAY_MODLE, SIM_NUM) values(35862, 'B0000808', '中国移动', 1, '预付费', 13100015861);
insert into T_TERMINALINFO (TERMINAL_ID,TTYPE_ID,SIM_ID,TERMINAL_CODE,ORG_CODE,IS_VIDEO_TERMINAL,SP_SERVER_NAME,PROTOCOL_TYPE,CHANNELS,YT_PROTOCOL_TYPE) values(341862, 4, 35862, '1015861', 'B0000808',1,'1076测试服务器','4',8,'0');
insert into V_VEHICLEINFO (ORG_CODE,VEHICLE_ID,ID_NUMBER,TYPE_ID,TERMINAL_ID,DELETE_FLAG,COLOR_ID_NUMBER_ID,AUTHORIZED_PAY_MASS) values ('B0000808','3401862', '测B15861', 4, 341862, 0, '2',15);

insert into T_SIMINFO (SIM_ID, ORG_CODE, DEPTCODE, STATE,PAY_MODLE, SIM_NUM) values(35863, 'B0000808', '中国移动', 1, '预付费', 13100015862);
insert into T_TERMINALINFO (TERMINAL_ID,TTYPE_ID,SIM_ID,TERMINAL_CODE,ORG_CODE,IS_VIDEO_TERMINAL,SP_SERVER_NAME,PROTOCOL_TYPE,CHANNELS,YT_PROTOCOL_TYPE) values(341863, 4, 35863, '1015862', 'B0000808',1,'1076测试服务器','4',8,'0');
insert into V_VEHICLEINFO (ORG_CODE,VEHICLE_ID,ID_NUMBER,TYPE_ID,TERMINAL_ID,DELETE_FLAG,COLOR_ID_NUMBER_ID,AUTHORIZED_PAY_MASS) values ('B0000808','3401863', '测B15862', 4, 341863, 0, '2',15);

insert into T_SIMINFO (SIM_ID, ORG_CODE, DEPTCODE, STATE,PAY_MODLE, SIM_NUM) values(35864, 'B0000808', '中国移动', 1, '预付费', 13100015863);
insert into T_TERMINALINFO (TERMINAL_ID,TTYPE_ID,SIM_ID,TERMINAL_CODE,ORG_CODE,IS_VIDEO_TERMINAL,SP_SERVER_NAME,PROTOCOL_TYPE,CHANNELS,YT_PROTOCOL_TYPE) values(341864, 4, 35864, '1015863', 'B0000808',1,'1076测试服务器','4',8,'0');
insert into V_VEHICLEINFO (ORG_CODE,VEHICLE_ID,ID_NUMBER,TYPE_ID,TERMINAL_ID,DELETE_FLAG,COLOR_ID_NUMBER_ID,AUTHORIZED_PAY_MASS) values ('B0000808','3401864', '测B15863', 4, 341864, 0, '2',15);

insert into T_SIMINFO (SIM_ID, ORG_CODE, DEPTCODE, STATE,PAY_MODLE, SIM_NUM) values(35865, 'B0000808', '中国移动', 1, '预付费', 13100015864);
insert into T_TERMINALINFO (TERMINAL_ID,TTYPE_ID,SIM_ID,TERMINAL_CODE,ORG_CODE,IS_VIDEO_TERMINAL,SP_SERVER_NAME,PROTOCOL_TYPE,CHANNELS,YT_PROTOCOL_TYPE) values(341865, 4, 35865, '1015864', 'B0000808',1,'1076测试服务器','4',8,'0');
insert into V_VEHICLEINFO (ORG_CODE,VEHICLE_ID,ID_NUMBER,TYPE_ID,TERMINAL_ID,DELETE_FLAG,COLOR_ID_NUMBER_ID,AUTHORIZED_PAY_MASS) values ('B0000808','3401865', '测B15864', 4, 341865, 0, '2',15);

insert into T_SIMINFO (SIM_ID, ORG_CODE, DEPTCODE, STATE,PAY_MODLE, SIM_NUM) values(35866, 'B0000808', '中国移动', 1, '预付费', 13100015865);
insert into T_TERMINALINFO (TERMINAL_ID,TTYPE_ID,SIM_ID,TERMINAL_CODE,ORG_CODE,IS_VIDEO_TERMINAL,SP_SERVER_NAME,PROTOCOL_TYPE,CHANNELS,YT_PROTOCOL_TYPE) values(341866, 4, 35866, '1015865', 'B0000808',1,'1076测试服务器','4',8,'0');
insert into V_VEHICLEINFO (ORG_CODE,VEHICLE_ID,ID_NUMBER,TYPE_ID,TERMINAL_ID,DELETE_FLAG,COLOR_ID_NUMBER_ID,AUTHORIZED_PAY_MASS) values ('B0000808','3401866', '测B15865', 4, 341866, 0, '2',15);

insert into T_SIMINFO (SIM_ID, ORG_CODE, DEPTCODE, STATE,PAY_MODLE, SIM_NUM) values(35867, 'B0000808', '中国移动', 1, '预付费', 13100015866);
insert into T_TERMINALINFO (TERMINAL_ID,TTYPE_ID,SIM_ID,TERMINAL_CODE,ORG_CODE,IS_VIDEO_TERMINAL,SP_SERVER_NAME,PROTOCOL_TYPE,CHANNELS,YT_PROTOCOL_TYPE) values(341867, 4, 35867, '1015866', 'B0000808',1,'1076测试服务器','4',8,'0');
insert into V_VEHICLEINFO (ORG_CODE,VEHICLE_ID,ID_NUMBER,TYPE_ID,TERMINAL_ID,DELETE_FLAG,COLOR_ID_NUMBER_ID,AUTHORIZED_PAY_MASS) values ('B0000808','3401867', '测B15866', 4, 341867, 0, '2',15);

insert into T_SIMINFO (SIM_ID, ORG_CODE, DEPTCODE, STATE,PAY_MODLE, SIM_NUM) values(35868, 'B0000808', '中国移动', 1, '预付费', 13100015867);
insert into T_TERMINALINFO (TERMINAL_ID,TTYPE_ID,SIM_ID,TERMINAL_CODE,ORG_CODE,IS_VIDEO_TERMINAL,SP_SERVER_NAME,PROTOCOL_TYPE,CHANNELS,YT_PROTOCOL_TYPE) values(341868, 4, 35868, '1015867', 'B0000808',1,'1076测试服务器','4',8,'0');
insert into V_VEHICLEINFO (ORG_CODE,VEHICLE_ID,ID_NUMBER,TYPE_ID,TERMINAL_ID,DELETE_FLAG,COLOR_ID_NUMBER_ID,AUTHORIZED_PAY_MASS) values ('B0000808','3401868', '测B15867', 4, 341868, 0, '2',15);

insert into T_SIMINFO (SIM_ID, ORG_CODE, DEPTCODE, STATE,PAY_MODLE, SIM_NUM) values(35869, 'B0000808', '中国移动', 1, '预付费', 13100015868);
insert into T_TERMINALINFO (TERMINAL_ID,TTYPE_ID,SIM_ID,TERMINAL_CODE,ORG_CODE,IS_VIDEO_TERMINAL,SP_SERVER_NAME,PROTOCOL_TYPE,CHANNELS,YT_PROTOCOL_TYPE) values(341869, 4, 35869, '1015868', 'B0000808',1,'1076测试服务器','4',8,'0');
insert into V_VEHICLEINFO (ORG_CODE,VEHICLE_ID,ID_NUMBER,TYPE_ID,TERMINAL_ID,DELETE_FLAG,COLOR_ID_NUMBER_ID,AUTHORIZED_PAY_MASS) values ('B0000808','3401869', '测B15868', 4, 341869, 0, '2',15);

insert into T_SIMINFO (SIM_ID, ORG_CODE, DEPTCODE, STATE,PAY_MODLE, SIM_NUM) values(35870, 'B0000808', '中国移动', 1, '预付费', 13100015869);
insert into T_TERMINALINFO (TERMINAL_ID,TTYPE_ID,SIM_ID,TERMINAL_CODE,ORG_CODE,IS_VIDEO_TERMINAL,SP_SERVER_NAME,PROTOCOL_TYPE,CHANNELS,YT_PROTOCOL_TYPE) values(341870, 4, 35870, '1015869', 'B0000808',1,'1076测试服务器','4',8,'0');
insert into V_VEHICLEINFO (ORG_CODE,VEHICLE_ID,ID_NUMBER,TYPE_ID,TERMINAL_ID,DELETE_FLAG,COLOR_ID_NUMBER_ID,AUTHORIZED_PAY_MASS) values ('B0000808','3401870', '测B15869', 4, 341870, 0, '2',15);

insert into T_SIMINFO (SIM_ID, ORG_CODE, DEPTCODE, STATE,PAY_MODLE, SIM_NUM) values(35871, 'B0000808', '中国移动', 1, '预付费', 13100015870);
insert into T_TERMINALINFO (TERMINAL_ID,TTYPE_ID,SIM_ID,TERMINAL_CODE,ORG_CODE,IS_VIDEO_TERMINAL,SP_SERVER_NAME,PROTOCOL_TYPE,CHANNELS,YT_PROTOCOL_TYPE) values(341871, 4, 35871, '1015870', 'B0000808',1,'1076测试服务器','4',8,'0');
insert into V_VEHICLEINFO (ORG_CODE,VEHICLE_ID,ID_NUMBER,TYPE_ID,TERMINAL_ID,DELETE_FLAG,COLOR_ID_NUMBER_ID,AUTHORIZED_PAY_MASS) values ('B0000808','3401871', '测B15870', 4, 341871, 0, '2',15);

insert into T_SIMINFO (SIM_ID, ORG_CODE, DEPTCODE, STATE,PAY_MODLE, SIM_NUM) values(35872, 'B0000808', '中国移动', 1, '预付费', 13100015871);
insert into T_TERMINALINFO (TERMINAL_ID,TTYPE_ID,SIM_ID,TERMINAL_CODE,ORG_CODE,IS_VIDEO_TERMINAL,SP_SERVER_NAME,PROTOCOL_TYPE,CHANNELS,YT_PROTOCOL_TYPE) values(341872, 4, 35872, '1015871', 'B0000808',1,'1076测试服务器','4',8,'0');
insert into V_VEHICLEINFO (ORG_CODE,VEHICLE_ID,ID_NUMBER,TYPE_ID,TERMINAL_ID,DELETE_FLAG,COLOR_ID_NUMBER_ID,AUTHORIZED_PAY_MASS) values ('B0000808','3401872', '测B15871', 4, 341872, 0, '2',15);

insert into T_SIMINFO (SIM_ID, ORG_CODE, DEPTCODE, STATE,PAY_MODLE, SIM_NUM) values(35873, 'B0000808', '中国移动', 1, '预付费', 13100015872);
insert into T_TERMINALINFO (TERMINAL_ID,TTYPE_ID,SIM_ID,TERMINAL_CODE,ORG_CODE,IS_VIDEO_TERMINAL,SP_SERVER_NAME,PROTOCOL_TYPE,CHANNELS,YT_PROTOCOL_TYPE) values(341873, 4, 35873, '1015872', 'B0000808',1,'1076测试服务器','4',8,'0');
insert into V_VEHICLEINFO (ORG_CODE,VEHICLE_ID,ID_NUMBER,TYPE_ID,TERMINAL_ID,DELETE_FLAG,COLOR_ID_NUMBER_ID,AUTHORIZED_PAY_MASS) values ('B0000808','3401873', '测B15872', 4, 341873, 0, '2',15);

insert into T_SIMINFO (SIM_ID, ORG_CODE, DEPTCODE, STATE,PAY_MODLE, SIM_NUM) values(35874, 'B0000808', '中国移动', 1, '预付费', 13100015873);
insert into T_TERMINALINFO (TERMINAL_ID,TTYPE_ID,SIM_ID,TERMINAL_CODE,ORG_CODE,IS_VIDEO_TERMINAL,SP_SERVER_NAME,PROTOCOL_TYPE,CHANNELS,YT_PROTOCOL_TYPE) values(341874, 4, 35874, '1015873', 'B0000808',1,'1076测试服务器','4',8,'0');
insert into V_VEHICLEINFO (ORG_CODE,VEHICLE_ID,ID_NUMBER,TYPE_ID,TERMINAL_ID,DELETE_FLAG,COLOR_ID_NUMBER_ID,AUTHORIZED_PAY_MASS) values ('B0000808','3401874', '测B15873', 4, 341874, 0, '2',15);

insert into T_SIMINFO (SIM_ID, ORG_CODE, DEPTCODE, STATE,PAY_MODLE, SIM_NUM) values(35875, 'B0000808', '中国移动', 1, '预付费', 13100015874);
insert into T_TERMINALINFO (TERMINAL_ID,TTYPE_ID,SIM_ID,TERMINAL_CODE,ORG_CODE,IS_VIDEO_TERMINAL,SP_SERVER_NAME,PROTOCOL_TYPE,CHANNELS,YT_PROTOCOL_TYPE) values(341875, 4, 35875, '1015874', 'B0000808',1,'1076测试服务器','4',8,'0');
insert into V_VEHICLEINFO (ORG_CODE,VEHICLE_ID,ID_NUMBER,TYPE_ID,TERMINAL_ID,DELETE_FLAG,COLOR_ID_NUMBER_ID,AUTHORIZED_PAY_MASS) values ('B0000808','3401875', '测B15874', 4, 341875, 0, '2',15);

insert into T_SIMINFO (SIM_ID, ORG_CODE, DEPTCODE, STATE,PAY_MODLE, SIM_NUM) values(35876, 'B0000808', '中国移动', 1, '预付费', 13100015875);
insert into T_TERMINALINFO (TERMINAL_ID,TTYPE_ID,SIM_ID,TERMINAL_CODE,ORG_CODE,IS_VIDEO_TERMINAL,SP_SERVER_NAME,PROTOCOL_TYPE,CHANNELS,YT_PROTOCOL_TYPE) values(341876, 4, 35876, '1015875', 'B0000808',1,'1076测试服务器','4',8,'0');
insert into V_VEHICLEINFO (ORG_CODE,VEHICLE_ID,ID_NUMBER,TYPE_ID,TERMINAL_ID,DELETE_FLAG,COLOR_ID_NUMBER_ID,AUTHORIZED_PAY_MASS) values ('B0000808','3401876', '测B15875', 4, 341876, 0, '2',15);

insert into T_SIMINFO (SIM_ID, ORG_CODE, DEPTCODE, STATE,PAY_MODLE, SIM_NUM) values(35877, 'B0000808', '中国移动', 1, '预付费', 13100015876);
insert into T_TERMINALINFO (TERMINAL_ID,TTYPE_ID,SIM_ID,TERMINAL_CODE,ORG_CODE,IS_VIDEO_TERMINAL,SP_SERVER_NAME,PROTOCOL_TYPE,CHANNELS,YT_PROTOCOL_TYPE) values(341877, 4, 35877, '1015876', 'B0000808',1,'1076测试服务器','4',8,'0');
insert into V_VEHICLEINFO (ORG_CODE,VEHICLE_ID,ID_NUMBER,TYPE_ID,TERMINAL_ID,DELETE_FLAG,COLOR_ID_NUMBER_ID,AUTHORIZED_PAY_MASS) values ('B0000808','3401877', '测B15876', 4, 341877, 0, '2',15);

insert into T_SIMINFO (SIM_ID, ORG_CODE, DEPTCODE, STATE,PAY_MODLE, SIM_NUM) values(35878, 'B0000808', '中国移动', 1, '预付费', 13100015877);
insert into T_TERMINALINFO (TERMINAL_ID,TTYPE_ID,SIM_ID,TERMINAL_CODE,ORG_CODE,IS_VIDEO_TERMINAL,SP_SERVER_NAME,PROTOCOL_TYPE,CHANNELS,YT_PROTOCOL_TYPE) values(341878, 4, 35878, '1015877', 'B0000808',1,'1076测试服务器','4',8,'0');
insert into V_VEHICLEINFO (ORG_CODE,VEHICLE_ID,ID_NUMBER,TYPE_ID,TERMINAL_ID,DELETE_FLAG,COLOR_ID_NUMBER_ID,AUTHORIZED_PAY_MASS) values ('B0000808','3401878', '测B15877', 4, 341878, 0, '2',15);

insert into T_SIMINFO (SIM_ID, ORG_CODE, DEPTCODE, STATE,PAY_MODLE, SIM_NUM) values(35879, 'B0000808', '中国移动', 1, '预付费', 13100015878);
insert into T_TERMINALINFO (TERMINAL_ID,TTYPE_ID,SIM_ID,TERMINAL_CODE,ORG_CODE,IS_VIDEO_TERMINAL,SP_SERVER_NAME,PROTOCOL_TYPE,CHANNELS,YT_PROTOCOL_TYPE) values(341879, 4, 35879, '1015878', 'B0000808',1,'1076测试服务器','4',8,'0');
insert into V_VEHICLEINFO (ORG_CODE,VEHICLE_ID,ID_NUMBER,TYPE_ID,TERMINAL_ID,DELETE_FLAG,COLOR_ID_NUMBER_ID,AUTHORIZED_PAY_MASS) values ('B0000808','3401879', '测B15878', 4, 341879, 0, '2',15);

insert into T_SIMINFO (SIM_ID, ORG_CODE, DEPTCODE, STATE,PAY_MODLE, SIM_NUM) values(35880, 'B0000808', '中国移动', 1, '预付费', 13100015879);
insert into T_TERMINALINFO (TERMINAL_ID,TTYPE_ID,SIM_ID,TERMINAL_CODE,ORG_CODE,IS_VIDEO_TERMINAL,SP_SERVER_NAME,PROTOCOL_TYPE,CHANNELS,YT_PROTOCOL_TYPE) values(341880, 4, 35880, '1015879', 'B0000808',1,'1076测试服务器','4',8,'0');
insert into V_VEHICLEINFO (ORG_CODE,VEHICLE_ID,ID_NUMBER,TYPE_ID,TERMINAL_ID,DELETE_FLAG,COLOR_ID_NUMBER_ID,AUTHORIZED_PAY_MASS) values ('B0000808','3401880', '测B15879', 4, 341880, 0, '2',15);

insert into T_SIMINFO (SIM_ID, ORG_CODE, DEPTCODE, STATE,PAY_MODLE, SIM_NUM) values(35881, 'B0000808', '中国移动', 1, '预付费', 13100015880);
insert into T_TERMINALINFO (TERMINAL_ID,TTYPE_ID,SIM_ID,TERMINAL_CODE,ORG_CODE,IS_VIDEO_TERMINAL,SP_SERVER_NAME,PROTOCOL_TYPE,CHANNELS,YT_PROTOCOL_TYPE) values(341881, 4, 35881, '1015880', 'B0000808',1,'1076测试服务器','4',8,'0');
insert into V_VEHICLEINFO (ORG_CODE,VEHICLE_ID,ID_NUMBER,TYPE_ID,TERMINAL_ID,DELETE_FLAG,COLOR_ID_NUMBER_ID,AUTHORIZED_PAY_MASS) values ('B0000808','3401881', '测B15880', 4, 341881, 0, '2',15);

insert into T_SIMINFO (SIM_ID, ORG_CODE, DEPTCODE, STATE,PAY_MODLE, SIM_NUM) values(35882, 'B0000808', '中国移动', 1, '预付费', 13100015881);
insert into T_TERMINALINFO (TERMINAL_ID,TTYPE_ID,SIM_ID,TERMINAL_CODE,ORG_CODE,IS_VIDEO_TERMINAL,SP_SERVER_NAME,PROTOCOL_TYPE,CHANNELS,YT_PROTOCOL_TYPE) values(341882, 4, 35882, '1015881', 'B0000808',1,'1076测试服务器','4',8,'0');
insert into V_VEHICLEINFO (ORG_CODE,VEHICLE_ID,ID_NUMBER,TYPE_ID,TERMINAL_ID,DELETE_FLAG,COLOR_ID_NUMBER_ID,AUTHORIZED_PAY_MASS) values ('B0000808','3401882', '测B15881', 4, 341882, 0, '2',15);

insert into T_SIMINFO (SIM_ID, ORG_CODE, DEPTCODE, STATE,PAY_MODLE, SIM_NUM) values(35883, 'B0000808', '中国移动', 1, '预付费', 13100015882);
insert into T_TERMINALINFO (TERMINAL_ID,TTYPE_ID,SIM_ID,TERMINAL_CODE,ORG_CODE,IS_VIDEO_TERMINAL,SP_SERVER_NAME,PROTOCOL_TYPE,CHANNELS,YT_PROTOCOL_TYPE) values(341883, 4, 35883, '1015882', 'B0000808',1,'1076测试服务器','4',8,'0');
insert into V_VEHICLEINFO (ORG_CODE,VEHICLE_ID,ID_NUMBER,TYPE_ID,TERMINAL_ID,DELETE_FLAG,COLOR_ID_NUMBER_ID,AUTHORIZED_PAY_MASS) values ('B0000808','3401883', '测B15882', 4, 341883, 0, '2',15);

insert into T_SIMINFO (SIM_ID, ORG_CODE, DEPTCODE, STATE,PAY_MODLE, SIM_NUM) values(35884, 'B0000808', '中国移动', 1, '预付费', 13100015883);
insert into T_TERMINALINFO (TERMINAL_ID,TTYPE_ID,SIM_ID,TERMINAL_CODE,ORG_CODE,IS_VIDEO_TERMINAL,SP_SERVER_NAME,PROTOCOL_TYPE,CHANNELS,YT_PROTOCOL_TYPE) values(341884, 4, 35884, '1015883', 'B0000808',1,'1076测试服务器','4',8,'0');
insert into V_VEHICLEINFO (ORG_CODE,VEHICLE_ID,ID_NUMBER,TYPE_ID,TERMINAL_ID,DELETE_FLAG,COLOR_ID_NUMBER_ID,AUTHORIZED_PAY_MASS) values ('B0000808','3401884', '测B15883', 4, 341884, 0, '2',15);

insert into T_SIMINFO (SIM_ID, ORG_CODE, DEPTCODE, STATE,PAY_MODLE, SIM_NUM) values(35885, 'B0000808', '中国移动', 1, '预付费', 13100015884);
insert into T_TERMINALINFO (TERMINAL_ID,TTYPE_ID,SIM_ID,TERMINAL_CODE,ORG_CODE,IS_VIDEO_TERMINAL,SP_SERVER_NAME,PROTOCOL_TYPE,CHANNELS,YT_PROTOCOL_TYPE) values(341885, 4, 35885, '1015884', 'B0000808',1,'1076测试服务器','4',8,'0');
insert into V_VEHICLEINFO (ORG_CODE,VEHICLE_ID,ID_NUMBER,TYPE_ID,TERMINAL_ID,DELETE_FLAG,COLOR_ID_NUMBER_ID,AUTHORIZED_PAY_MASS) values ('B0000808','3401885', '测B15884', 4, 341885, 0, '2',15);

insert into T_SIMINFO (SIM_ID, ORG_CODE, DEPTCODE, STATE,PAY_MODLE, SIM_NUM) values(35886, 'B0000808', '中国移动', 1, '预付费', 13100015885);
insert into T_TERMINALINFO (TERMINAL_ID,TTYPE_ID,SIM_ID,TERMINAL_CODE,ORG_CODE,IS_VIDEO_TERMINAL,SP_SERVER_NAME,PROTOCOL_TYPE,CHANNELS,YT_PROTOCOL_TYPE) values(341886, 4, 35886, '1015885', 'B0000808',1,'1076测试服务器','4',8,'0');
insert into V_VEHICLEINFO (ORG_CODE,VEHICLE_ID,ID_NUMBER,TYPE_ID,TERMINAL_ID,DELETE_FLAG,COLOR_ID_NUMBER_ID,AUTHORIZED_PAY_MASS) values ('B0000808','3401886', '测B15885', 4, 341886, 0, '2',15);

insert into T_SIMINFO (SIM_ID, ORG_CODE, DEPTCODE, STATE,PAY_MODLE, SIM_NUM) values(35887, 'B0000808', '中国移动', 1, '预付费', 13100015886);
insert into T_TERMINALINFO (TERMINAL_ID,TTYPE_ID,SIM_ID,TERMINAL_CODE,ORG_CODE,IS_VIDEO_TERMINAL,SP_SERVER_NAME,PROTOCOL_TYPE,CHANNELS,YT_PROTOCOL_TYPE) values(341887, 4, 35887, '1015886', 'B0000808',1,'1076测试服务器','4',8,'0');
insert into V_VEHICLEINFO (ORG_CODE,VEHICLE_ID,ID_NUMBER,TYPE_ID,TERMINAL_ID,DELETE_FLAG,COLOR_ID_NUMBER_ID,AUTHORIZED_PAY_MASS) values ('B0000808','3401887', '测B15886', 4, 341887, 0, '2',15);

insert into T_SIMINFO (SIM_ID, ORG_CODE, DEPTCODE, STATE,PAY_MODLE, SIM_NUM) values(35888, 'B0000808', '中国移动', 1, '预付费', 13100015887);
insert into T_TERMINALINFO (TERMINAL_ID,TTYPE_ID,SIM_ID,TERMINAL_CODE,ORG_CODE,IS_VIDEO_TERMINAL,SP_SERVER_NAME,PROTOCOL_TYPE,CHANNELS,YT_PROTOCOL_TYPE) values(341888, 4, 35888, '1015887', 'B0000808',1,'1076测试服务器','4',8,'0');
insert into V_VEHICLEINFO (ORG_CODE,VEHICLE_ID,ID_NUMBER,TYPE_ID,TERMINAL_ID,DELETE_FLAG,COLOR_ID_NUMBER_ID,AUTHORIZED_PAY_MASS) values ('B0000808','3401888', '测B15887', 4, 341888, 0, '2',15);

insert into T_SIMINFO (SIM_ID, ORG_CODE, DEPTCODE, STATE,PAY_MODLE, SIM_NUM) values(35889, 'B0000808', '中国移动', 1, '预付费', 13100015888);
insert into T_TERMINALINFO (TERMINAL_ID,TTYPE_ID,SIM_ID,TERMINAL_CODE,ORG_CODE,IS_VIDEO_TERMINAL,SP_SERVER_NAME,PROTOCOL_TYPE,CHANNELS,YT_PROTOCOL_TYPE) values(341889, 4, 35889, '1015888', 'B0000808',1,'1076测试服务器','4',8,'0');
insert into V_VEHICLEINFO (ORG_CODE,VEHICLE_ID,ID_NUMBER,TYPE_ID,TERMINAL_ID,DELETE_FLAG,COLOR_ID_NUMBER_ID,AUTHORIZED_PAY_MASS) values ('B0000808','3401889', '测B15888', 4, 341889, 0, '2',15);

insert into T_SIMINFO (SIM_ID, ORG_CODE, DEPTCODE, STATE,PAY_MODLE, SIM_NUM) values(35890, 'B0000808', '中国移动', 1, '预付费', 13100015889);
insert into T_TERMINALINFO (TERMINAL_ID,TTYPE_ID,SIM_ID,TERMINAL_CODE,ORG_CODE,IS_VIDEO_TERMINAL,SP_SERVER_NAME,PROTOCOL_TYPE,CHANNELS,YT_PROTOCOL_TYPE) values(341890, 4, 35890, '1015889', 'B0000808',1,'1076测试服务器','4',8,'0');
insert into V_VEHICLEINFO (ORG_CODE,VEHICLE_ID,ID_NUMBER,TYPE_ID,TERMINAL_ID,DELETE_FLAG,COLOR_ID_NUMBER_ID,AUTHORIZED_PAY_MASS) values ('B0000808','3401890', '测B15889', 4, 341890, 0, '2',15);

insert into T_SIMINFO (SIM_ID, ORG_CODE, DEPTCODE, STATE,PAY_MODLE, SIM_NUM) values(35891, 'B0000808', '中国移动', 1, '预付费', 13100015890);
insert into T_TERMINALINFO (TERMINAL_ID,TTYPE_ID,SIM_ID,TERMINAL_CODE,ORG_CODE,IS_VIDEO_TERMINAL,SP_SERVER_NAME,PROTOCOL_TYPE,CHANNELS,YT_PROTOCOL_TYPE) values(341891, 4, 35891, '1015890', 'B0000808',1,'1076测试服务器','4',8,'0');
insert into V_VEHICLEINFO (ORG_CODE,VEHICLE_ID,ID_NUMBER,TYPE_ID,TERMINAL_ID,DELETE_FLAG,COLOR_ID_NUMBER_ID,AUTHORIZED_PAY_MASS) values ('B0000808','3401891', '测B15890', 4, 341891, 0, '2',15);

insert into T_SIMINFO (SIM_ID, ORG_CODE, DEPTCODE, STATE,PAY_MODLE, SIM_NUM) values(35892, 'B0000808', '中国移动', 1, '预付费', 13100015891);
insert into T_TERMINALINFO (TERMINAL_ID,TTYPE_ID,SIM_ID,TERMINAL_CODE,ORG_CODE,IS_VIDEO_TERMINAL,SP_SERVER_NAME,PROTOCOL_TYPE,CHANNELS,YT_PROTOCOL_TYPE) values(341892, 4, 35892, '1015891', 'B0000808',1,'1076测试服务器','4',8,'0');
insert into V_VEHICLEINFO (ORG_CODE,VEHICLE_ID,ID_NUMBER,TYPE_ID,TERMINAL_ID,DELETE_FLAG,COLOR_ID_NUMBER_ID,AUTHORIZED_PAY_MASS) values ('B0000808','3401892', '测B15891', 4, 341892, 0, '2',15);

insert into T_SIMINFO (SIM_ID, ORG_CODE, DEPTCODE, STATE,PAY_MODLE, SIM_NUM) values(35893, 'B0000808', '中国移动', 1, '预付费', 13100015892);
insert into T_TERMINALINFO (TERMINAL_ID,TTYPE_ID,SIM_ID,TERMINAL_CODE,ORG_CODE,IS_VIDEO_TERMINAL,SP_SERVER_NAME,PROTOCOL_TYPE,CHANNELS,YT_PROTOCOL_TYPE) values(341893, 4, 35893, '1015892', 'B0000808',1,'1076测试服务器','4',8,'0');
insert into V_VEHICLEINFO (ORG_CODE,VEHICLE_ID,ID_NUMBER,TYPE_ID,TERMINAL_ID,DELETE_FLAG,COLOR_ID_NUMBER_ID,AUTHORIZED_PAY_MASS) values ('B0000808','3401893', '测B15892', 4, 341893, 0, '2',15);

insert into T_SIMINFO (SIM_ID, ORG_CODE, DEPTCODE, STATE,PAY_MODLE, SIM_NUM) values(35894, 'B0000808', '中国移动', 1, '预付费', 13100015893);
insert into T_TERMINALINFO (TERMINAL_ID,TTYPE_ID,SIM_ID,TERMINAL_CODE,ORG_CODE,IS_VIDEO_TERMINAL,SP_SERVER_NAME,PROTOCOL_TYPE,CHANNELS,YT_PROTOCOL_TYPE) values(341894, 4, 35894, '1015893', 'B0000808',1,'1076测试服务器','4',8,'0');
insert into V_VEHICLEINFO (ORG_CODE,VEHICLE_ID,ID_NUMBER,TYPE_ID,TERMINAL_ID,DELETE_FLAG,COLOR_ID_NUMBER_ID,AUTHORIZED_PAY_MASS) values ('B0000808','3401894', '测B15893', 4, 341894, 0, '2',15);

insert into T_SIMINFO (SIM_ID, ORG_CODE, DEPTCODE, STATE,PAY_MODLE, SIM_NUM) values(35895, 'B0000808', '中国移动', 1, '预付费', 13100015894);
insert into T_TERMINALINFO (TERMINAL_ID,TTYPE_ID,SIM_ID,TERMINAL_CODE,ORG_CODE,IS_VIDEO_TERMINAL,SP_SERVER_NAME,PROTOCOL_TYPE,CHANNELS,YT_PROTOCOL_TYPE) values(341895, 4, 35895, '1015894', 'B0000808',1,'1076测试服务器','4',8,'0');
insert into V_VEHICLEINFO (ORG_CODE,VEHICLE_ID,ID_NUMBER,TYPE_ID,TERMINAL_ID,DELETE_FLAG,COLOR_ID_NUMBER_ID,AUTHORIZED_PAY_MASS) values ('B0000808','3401895', '测B15894', 4, 341895, 0, '2',15);

insert into T_SIMINFO (SIM_ID, ORG_CODE, DEPTCODE, STATE,PAY_MODLE, SIM_NUM) values(35896, 'B0000808', '中国移动', 1, '预付费', 13100015895);
insert into T_TERMINALINFO (TERMINAL_ID,TTYPE_ID,SIM_ID,TERMINAL_CODE,ORG_CODE,IS_VIDEO_TERMINAL,SP_SERVER_NAME,PROTOCOL_TYPE,CHANNELS,YT_PROTOCOL_TYPE) values(341896, 4, 35896, '1015895', 'B0000808',1,'1076测试服务器','4',8,'0');
insert into V_VEHICLEINFO (ORG_CODE,VEHICLE_ID,ID_NUMBER,TYPE_ID,TERMINAL_ID,DELETE_FLAG,COLOR_ID_NUMBER_ID,AUTHORIZED_PAY_MASS) values ('B0000808','3401896', '测B15895', 4, 341896, 0, '2',15);

insert into T_SIMINFO (SIM_ID, ORG_CODE, DEPTCODE, STATE,PAY_MODLE, SIM_NUM) values(35897, 'B0000808', '中国移动', 1, '预付费', 13100015896);
insert into T_TERMINALINFO (TERMINAL_ID,TTYPE_ID,SIM_ID,TERMINAL_CODE,ORG_CODE,IS_VIDEO_TERMINAL,SP_SERVER_NAME,PROTOCOL_TYPE,CHANNELS,YT_PROTOCOL_TYPE) values(341897, 4, 35897, '1015896', 'B0000808',1,'1076测试服务器','4',8,'0');
insert into V_VEHICLEINFO (ORG_CODE,VEHICLE_ID,ID_NUMBER,TYPE_ID,TERMINAL_ID,DELETE_FLAG,COLOR_ID_NUMBER_ID,AUTHORIZED_PAY_MASS) values ('B0000808','3401897', '测B15896', 4, 341897, 0, '2',15);

insert into T_SIMINFO (SIM_ID, ORG_CODE, DEPTCODE, STATE,PAY_MODLE, SIM_NUM) values(35898, 'B0000808', '中国移动', 1, '预付费', 13100015897);
insert into T_TERMINALINFO (TERMINAL_ID,TTYPE_ID,SIM_ID,TERMINAL_CODE,ORG_CODE,IS_VIDEO_TERMINAL,SP_SERVER_NAME,PROTOCOL_TYPE,CHANNELS,YT_PROTOCOL_TYPE) values(341898, 4, 35898, '1015897', 'B0000808',1,'1076测试服务器','4',8,'0');
insert into V_VEHICLEINFO (ORG_CODE,VEHICLE_ID,ID_NUMBER,TYPE_ID,TERMINAL_ID,DELETE_FLAG,COLOR_ID_NUMBER_ID,AUTHORIZED_PAY_MASS) values ('B0000808','3401898', '测B15897', 4, 341898, 0, '2',15);

insert into T_SIMINFO (SIM_ID, ORG_CODE, DEPTCODE, STATE,PAY_MODLE, SIM_NUM) values(35899, 'B0000808', '中国移动', 1, '预付费', 13100015898);
insert into T_TERMINALINFO (TERMINAL_ID,TTYPE_ID,SIM_ID,TERMINAL_CODE,ORG_CODE,IS_VIDEO_TERMINAL,SP_SERVER_NAME,PROTOCOL_TYPE,CHANNELS,YT_PROTOCOL_TYPE) values(341899, 4, 35899, '1015898', 'B0000808',1,'1076测试服务器','4',8,'0');
insert into V_VEHICLEINFO (ORG_CODE,VEHICLE_ID,ID_NUMBER,TYPE_ID,TERMINAL_ID,DELETE_FLAG,COLOR_ID_NUMBER_ID,AUTHORIZED_PAY_MASS) values ('B0000808','3401899', '测B15898', 4, 341899, 0, '2',15);

insert into T_SIMINFO (SIM_ID, ORG_CODE, DEPTCODE, STATE,PAY_MODLE, SIM_NUM) values(35900, 'B0000808', '中国移动', 1, '预付费', 13100015899);
insert into T_TERMINALINFO (TERMINAL_ID,TTYPE_ID,SIM_ID,TERMINAL_CODE,ORG_CODE,IS_VIDEO_TERMINAL,SP_SERVER_NAME,PROTOCOL_TYPE,CHANNELS,YT_PROTOCOL_TYPE) values(341900, 4, 35900, '1015899', 'B0000808',1,'1076测试服务器','4',8,'0');
insert into V_VEHICLEINFO (ORG_CODE,VEHICLE_ID,ID_NUMBER,TYPE_ID,TERMINAL_ID,DELETE_FLAG,COLOR_ID_NUMBER_ID,AUTHORIZED_PAY_MASS) values ('B0000808','3401900', '测B15899', 4, 341900, 0, '2',15);

insert into T_SIMINFO (SIM_ID, ORG_CODE, DEPTCODE, STATE,PAY_MODLE, SIM_NUM) values(35901, 'B0000808', '中国移动', 1, '预付费', 13100015900);
insert into T_TERMINALINFO (TERMINAL_ID,TTYPE_ID,SIM_ID,TERMINAL_CODE,ORG_CODE,IS_VIDEO_TERMINAL,SP_SERVER_NAME,PROTOCOL_TYPE,CHANNELS,YT_PROTOCOL_TYPE) values(341901, 4, 35901, '1015900', 'B0000808',1,'1076测试服务器','4',8,'0');
insert into V_VEHICLEINFO (ORG_CODE,VEHICLE_ID,ID_NUMBER,TYPE_ID,TERMINAL_ID,DELETE_FLAG,COLOR_ID_NUMBER_ID,AUTHORIZED_PAY_MASS) values ('B0000808','3401901', '测B15900', 4, 341901, 0, '2',15);

insert into T_SIMINFO (SIM_ID, ORG_CODE, DEPTCODE, STATE,PAY_MODLE, SIM_NUM) values(35902, 'B0000808', '中国移动', 1, '预付费', 13100015901);
insert into T_TERMINALINFO (TERMINAL_ID,TTYPE_ID,SIM_ID,TERMINAL_CODE,ORG_CODE,IS_VIDEO_TERMINAL,SP_SERVER_NAME,PROTOCOL_TYPE,CHANNELS,YT_PROTOCOL_TYPE) values(341902, 4, 35902, '1015901', 'B0000808',1,'1076测试服务器','4',8,'0');
insert into V_VEHICLEINFO (ORG_CODE,VEHICLE_ID,ID_NUMBER,TYPE_ID,TERMINAL_ID,DELETE_FLAG,COLOR_ID_NUMBER_ID,AUTHORIZED_PAY_MASS) values ('B0000808','3401902', '测B15901', 4, 341902, 0, '2',15);

insert into T_SIMINFO (SIM_ID, ORG_CODE, DEPTCODE, STATE,PAY_MODLE, SIM_NUM) values(35903, 'B0000808', '中国移动', 1, '预付费', 13100015902);
insert into T_TERMINALINFO (TERMINAL_ID,TTYPE_ID,SIM_ID,TERMINAL_CODE,ORG_CODE,IS_VIDEO_TERMINAL,SP_SERVER_NAME,PROTOCOL_TYPE,CHANNELS,YT_PROTOCOL_TYPE) values(341903, 4, 35903, '1015902', 'B0000808',1,'1076测试服务器','4',8,'0');
insert into V_VEHICLEINFO (ORG_CODE,VEHICLE_ID,ID_NUMBER,TYPE_ID,TERMINAL_ID,DELETE_FLAG,COLOR_ID_NUMBER_ID,AUTHORIZED_PAY_MASS) values ('B0000808','3401903', '测B15902', 4, 341903, 0, '2',15);

insert into T_SIMINFO (SIM_ID, ORG_CODE, DEPTCODE, STATE,PAY_MODLE, SIM_NUM) values(35904, 'B0000808', '中国移动', 1, '预付费', 13100015903);
insert into T_TERMINALINFO (TERMINAL_ID,TTYPE_ID,SIM_ID,TERMINAL_CODE,ORG_CODE,IS_VIDEO_TERMINAL,SP_SERVER_NAME,PROTOCOL_TYPE,CHANNELS,YT_PROTOCOL_TYPE) values(341904, 4, 35904, '1015903', 'B0000808',1,'1076测试服务器','4',8,'0');
insert into V_VEHICLEINFO (ORG_CODE,VEHICLE_ID,ID_NUMBER,TYPE_ID,TERMINAL_ID,DELETE_FLAG,COLOR_ID_NUMBER_ID,AUTHORIZED_PAY_MASS) values ('B0000808','3401904', '测B15903', 4, 341904, 0, '2',15);

insert into T_SIMINFO (SIM_ID, ORG_CODE, DEPTCODE, STATE,PAY_MODLE, SIM_NUM) values(35905, 'B0000808', '中国移动', 1, '预付费', 13100015904);
insert into T_TERMINALINFO (TERMINAL_ID,TTYPE_ID,SIM_ID,TERMINAL_CODE,ORG_CODE,IS_VIDEO_TERMINAL,SP_SERVER_NAME,PROTOCOL_TYPE,CHANNELS,YT_PROTOCOL_TYPE) values(341905, 4, 35905, '1015904', 'B0000808',1,'1076测试服务器','4',8,'0');
insert into V_VEHICLEINFO (ORG_CODE,VEHICLE_ID,ID_NUMBER,TYPE_ID,TERMINAL_ID,DELETE_FLAG,COLOR_ID_NUMBER_ID,AUTHORIZED_PAY_MASS) values ('B0000808','3401905', '测B15904', 4, 341905, 0, '2',15);

insert into T_SIMINFO (SIM_ID, ORG_CODE, DEPTCODE, STATE,PAY_MODLE, SIM_NUM) values(35906, 'B0000808', '中国移动', 1, '预付费', 13100015905);
insert into T_TERMINALINFO (TERMINAL_ID,TTYPE_ID,SIM_ID,TERMINAL_CODE,ORG_CODE,IS_VIDEO_TERMINAL,SP_SERVER_NAME,PROTOCOL_TYPE,CHANNELS,YT_PROTOCOL_TYPE) values(341906, 4, 35906, '1015905', 'B0000808',1,'1076测试服务器','4',8,'0');
insert into V_VEHICLEINFO (ORG_CODE,VEHICLE_ID,ID_NUMBER,TYPE_ID,TERMINAL_ID,DELETE_FLAG,COLOR_ID_NUMBER_ID,AUTHORIZED_PAY_MASS) values ('B0000808','3401906', '测B15905', 4, 341906, 0, '2',15);

insert into T_SIMINFO (SIM_ID, ORG_CODE, DEPTCODE, STATE,PAY_MODLE, SIM_NUM) values(35907, 'B0000808', '中国移动', 1, '预付费', 13100015906);
insert into T_TERMINALINFO (TERMINAL_ID,TTYPE_ID,SIM_ID,TERMINAL_CODE,ORG_CODE,IS_VIDEO_TERMINAL,SP_SERVER_NAME,PROTOCOL_TYPE,CHANNELS,YT_PROTOCOL_TYPE) values(341907, 4, 35907, '1015906', 'B0000808',1,'1076测试服务器','4',8,'0');
insert into V_VEHICLEINFO (ORG_CODE,VEHICLE_ID,ID_NUMBER,TYPE_ID,TERMINAL_ID,DELETE_FLAG,COLOR_ID_NUMBER_ID,AUTHORIZED_PAY_MASS) values ('B0000808','3401907', '测B15906', 4, 341907, 0, '2',15);

insert into T_SIMINFO (SIM_ID, ORG_CODE, DEPTCODE, STATE,PAY_MODLE, SIM_NUM) values(35908, 'B0000808', '中国移动', 1, '预付费', 13100015907);
insert into T_TERMINALINFO (TERMINAL_ID,TTYPE_ID,SIM_ID,TERMINAL_CODE,ORG_CODE,IS_VIDEO_TERMINAL,SP_SERVER_NAME,PROTOCOL_TYPE,CHANNELS,YT_PROTOCOL_TYPE) values(341908, 4, 35908, '1015907', 'B0000808',1,'1076测试服务器','4',8,'0');
insert into V_VEHICLEINFO (ORG_CODE,VEHICLE_ID,ID_NUMBER,TYPE_ID,TERMINAL_ID,DELETE_FLAG,COLOR_ID_NUMBER_ID,AUTHORIZED_PAY_MASS) values ('B0000808','3401908', '测B15907', 4, 341908, 0, '2',15);

insert into T_SIMINFO (SIM_ID, ORG_CODE, DEPTCODE, STATE,PAY_MODLE, SIM_NUM) values(35909, 'B0000808', '中国移动', 1, '预付费', 13100015908);
insert into T_TERMINALINFO (TERMINAL_ID,TTYPE_ID,SIM_ID,TERMINAL_CODE,ORG_CODE,IS_VIDEO_TERMINAL,SP_SERVER_NAME,PROTOCOL_TYPE,CHANNELS,YT_PROTOCOL_TYPE) values(341909, 4, 35909, '1015908', 'B0000808',1,'1076测试服务器','4',8,'0');
insert into V_VEHICLEINFO (ORG_CODE,VEHICLE_ID,ID_NUMBER,TYPE_ID,TERMINAL_ID,DELETE_FLAG,COLOR_ID_NUMBER_ID,AUTHORIZED_PAY_MASS) values ('B0000808','3401909', '测B15908', 4, 341909, 0, '2',15);

insert into T_SIMINFO (SIM_ID, ORG_CODE, DEPTCODE, STATE,PAY_MODLE, SIM_NUM) values(35910, 'B0000808', '中国移动', 1, '预付费', 13100015909);
insert into T_TERMINALINFO (TERMINAL_ID,TTYPE_ID,SIM_ID,TERMINAL_CODE,ORG_CODE,IS_VIDEO_TERMINAL,SP_SERVER_NAME,PROTOCOL_TYPE,CHANNELS,YT_PROTOCOL_TYPE) values(341910, 4, 35910, '1015909', 'B0000808',1,'1076测试服务器','4',8,'0');
insert into V_VEHICLEINFO (ORG_CODE,VEHICLE_ID,ID_NUMBER,TYPE_ID,TERMINAL_ID,DELETE_FLAG,COLOR_ID_NUMBER_ID,AUTHORIZED_PAY_MASS) values ('B0000808','3401910', '测B15909', 4, 341910, 0, '2',15);

insert into T_SIMINFO (SIM_ID, ORG_CODE, DEPTCODE, STATE,PAY_MODLE, SIM_NUM) values(35911, 'B0000808', '中国移动', 1, '预付费', 13100015910);
insert into T_TERMINALINFO (TERMINAL_ID,TTYPE_ID,SIM_ID,TERMINAL_CODE,ORG_CODE,IS_VIDEO_TERMINAL,SP_SERVER_NAME,PROTOCOL_TYPE,CHANNELS,YT_PROTOCOL_TYPE) values(341911, 4, 35911, '1015910', 'B0000808',1,'1076测试服务器','4',8,'0');
insert into V_VEHICLEINFO (ORG_CODE,VEHICLE_ID,ID_NUMBER,TYPE_ID,TERMINAL_ID,DELETE_FLAG,COLOR_ID_NUMBER_ID,AUTHORIZED_PAY_MASS) values ('B0000808','3401911', '测B15910', 4, 341911, 0, '2',15);

insert into T_SIMINFO (SIM_ID, ORG_CODE, DEPTCODE, STATE,PAY_MODLE, SIM_NUM) values(35912, 'B0000808', '中国移动', 1, '预付费', 13100015911);
insert into T_TERMINALINFO (TERMINAL_ID,TTYPE_ID,SIM_ID,TERMINAL_CODE,ORG_CODE,IS_VIDEO_TERMINAL,SP_SERVER_NAME,PROTOCOL_TYPE,CHANNELS,YT_PROTOCOL_TYPE) values(341912, 4, 35912, '1015911', 'B0000808',1,'1076测试服务器','4',8,'0');
insert into V_VEHICLEINFO (ORG_CODE,VEHICLE_ID,ID_NUMBER,TYPE_ID,TERMINAL_ID,DELETE_FLAG,COLOR_ID_NUMBER_ID,AUTHORIZED_PAY_MASS) values ('B0000808','3401912', '测B15911', 4, 341912, 0, '2',15);

insert into T_SIMINFO (SIM_ID, ORG_CODE, DEPTCODE, STATE,PAY_MODLE, SIM_NUM) values(35913, 'B0000808', '中国移动', 1, '预付费', 13100015912);
insert into T_TERMINALINFO (TERMINAL_ID,TTYPE_ID,SIM_ID,TERMINAL_CODE,ORG_CODE,IS_VIDEO_TERMINAL,SP_SERVER_NAME,PROTOCOL_TYPE,CHANNELS,YT_PROTOCOL_TYPE) values(341913, 4, 35913, '1015912', 'B0000808',1,'1076测试服务器','4',8,'0');
insert into V_VEHICLEINFO (ORG_CODE,VEHICLE_ID,ID_NUMBER,TYPE_ID,TERMINAL_ID,DELETE_FLAG,COLOR_ID_NUMBER_ID,AUTHORIZED_PAY_MASS) values ('B0000808','3401913', '测B15912', 4, 341913, 0, '2',15);

insert into T_SIMINFO (SIM_ID, ORG_CODE, DEPTCODE, STATE,PAY_MODLE, SIM_NUM) values(35914, 'B0000808', '中国移动', 1, '预付费', 13100015913);
insert into T_TERMINALINFO (TERMINAL_ID,TTYPE_ID,SIM_ID,TERMINAL_CODE,ORG_CODE,IS_VIDEO_TERMINAL,SP_SERVER_NAME,PROTOCOL_TYPE,CHANNELS,YT_PROTOCOL_TYPE) values(341914, 4, 35914, '1015913', 'B0000808',1,'1076测试服务器','4',8,'0');
insert into V_VEHICLEINFO (ORG_CODE,VEHICLE_ID,ID_NUMBER,TYPE_ID,TERMINAL_ID,DELETE_FLAG,COLOR_ID_NUMBER_ID,AUTHORIZED_PAY_MASS) values ('B0000808','3401914', '测B15913', 4, 341914, 0, '2',15);

insert into T_SIMINFO (SIM_ID, ORG_CODE, DEPTCODE, STATE,PAY_MODLE, SIM_NUM) values(35915, 'B0000808', '中国移动', 1, '预付费', 13100015914);
insert into T_TERMINALINFO (TERMINAL_ID,TTYPE_ID,SIM_ID,TERMINAL_CODE,ORG_CODE,IS_VIDEO_TERMINAL,SP_SERVER_NAME,PROTOCOL_TYPE,CHANNELS,YT_PROTOCOL_TYPE) values(341915, 4, 35915, '1015914', 'B0000808',1,'1076测试服务器','4',8,'0');
insert into V_VEHICLEINFO (ORG_CODE,VEHICLE_ID,ID_NUMBER,TYPE_ID,TERMINAL_ID,DELETE_FLAG,COLOR_ID_NUMBER_ID,AUTHORIZED_PAY_MASS) values ('B0000808','3401915', '测B15914', 4, 341915, 0, '2',15);

insert into T_SIMINFO (SIM_ID, ORG_CODE, DEPTCODE, STATE,PAY_MODLE, SIM_NUM) values(35916, 'B0000808', '中国移动', 1, '预付费', 13100015915);
insert into T_TERMINALINFO (TERMINAL_ID,TTYPE_ID,SIM_ID,TERMINAL_CODE,ORG_CODE,IS_VIDEO_TERMINAL,SP_SERVER_NAME,PROTOCOL_TYPE,CHANNELS,YT_PROTOCOL_TYPE) values(341916, 4, 35916, '1015915', 'B0000808',1,'1076测试服务器','4',8,'0');
insert into V_VEHICLEINFO (ORG_CODE,VEHICLE_ID,ID_NUMBER,TYPE_ID,TERMINAL_ID,DELETE_FLAG,COLOR_ID_NUMBER_ID,AUTHORIZED_PAY_MASS) values ('B0000808','3401916', '测B15915', 4, 341916, 0, '2',15);

insert into T_SIMINFO (SIM_ID, ORG_CODE, DEPTCODE, STATE,PAY_MODLE, SIM_NUM) values(35917, 'B0000808', '中国移动', 1, '预付费', 13100015916);
insert into T_TERMINALINFO (TERMINAL_ID,TTYPE_ID,SIM_ID,TERMINAL_CODE,ORG_CODE,IS_VIDEO_TERMINAL,SP_SERVER_NAME,PROTOCOL_TYPE,CHANNELS,YT_PROTOCOL_TYPE) values(341917, 4, 35917, '1015916', 'B0000808',1,'1076测试服务器','4',8,'0');
insert into V_VEHICLEINFO (ORG_CODE,VEHICLE_ID,ID_NUMBER,TYPE_ID,TERMINAL_ID,DELETE_FLAG,COLOR_ID_NUMBER_ID,AUTHORIZED_PAY_MASS) values ('B0000808','3401917', '测B15916', 4, 341917, 0, '2',15);

insert into T_SIMINFO (SIM_ID, ORG_CODE, DEPTCODE, STATE,PAY_MODLE, SIM_NUM) values(35918, 'B0000808', '中国移动', 1, '预付费', 13100015917);
insert into T_TERMINALINFO (TERMINAL_ID,TTYPE_ID,SIM_ID,TERMINAL_CODE,ORG_CODE,IS_VIDEO_TERMINAL,SP_SERVER_NAME,PROTOCOL_TYPE,CHANNELS,YT_PROTOCOL_TYPE) values(341918, 4, 35918, '1015917', 'B0000808',1,'1076测试服务器','4',8,'0');
insert into V_VEHICLEINFO (ORG_CODE,VEHICLE_ID,ID_NUMBER,TYPE_ID,TERMINAL_ID,DELETE_FLAG,COLOR_ID_NUMBER_ID,AUTHORIZED_PAY_MASS) values ('B0000808','3401918', '测B15917', 4, 341918, 0, '2',15);

insert into T_SIMINFO (SIM_ID, ORG_CODE, DEPTCODE, STATE,PAY_MODLE, SIM_NUM) values(35919, 'B0000808', '中国移动', 1, '预付费', 13100015918);
insert into T_TERMINALINFO (TERMINAL_ID,TTYPE_ID,SIM_ID,TERMINAL_CODE,ORG_CODE,IS_VIDEO_TERMINAL,SP_SERVER_NAME,PROTOCOL_TYPE,CHANNELS,YT_PROTOCOL_TYPE) values(341919, 4, 35919, '1015918', 'B0000808',1,'1076测试服务器','4',8,'0');
insert into V_VEHICLEINFO (ORG_CODE,VEHICLE_ID,ID_NUMBER,TYPE_ID,TERMINAL_ID,DELETE_FLAG,COLOR_ID_NUMBER_ID,AUTHORIZED_PAY_MASS) values ('B0000808','3401919', '测B15918', 4, 341919, 0, '2',15);

insert into T_SIMINFO (SIM_ID, ORG_CODE, DEPTCODE, STATE,PAY_MODLE, SIM_NUM) values(35920, 'B0000808', '中国移动', 1, '预付费', 13100015919);
insert into T_TERMINALINFO (TERMINAL_ID,TTYPE_ID,SIM_ID,TERMINAL_CODE,ORG_CODE,IS_VIDEO_TERMINAL,SP_SERVER_NAME,PROTOCOL_TYPE,CHANNELS,YT_PROTOCOL_TYPE) values(341920, 4, 35920, '1015919', 'B0000808',1,'1076测试服务器','4',8,'0');
insert into V_VEHICLEINFO (ORG_CODE,VEHICLE_ID,ID_NUMBER,TYPE_ID,TERMINAL_ID,DELETE_FLAG,COLOR_ID_NUMBER_ID,AUTHORIZED_PAY_MASS) values ('B0000808','3401920', '测B15919', 4, 341920, 0, '2',15);

insert into T_SIMINFO (SIM_ID, ORG_CODE, DEPTCODE, STATE,PAY_MODLE, SIM_NUM) values(35921, 'B0000808', '中国移动', 1, '预付费', 13100015920);
insert into T_TERMINALINFO (TERMINAL_ID,TTYPE_ID,SIM_ID,TERMINAL_CODE,ORG_CODE,IS_VIDEO_TERMINAL,SP_SERVER_NAME,PROTOCOL_TYPE,CHANNELS,YT_PROTOCOL_TYPE) values(341921, 4, 35921, '1015920', 'B0000808',1,'1076测试服务器','4',8,'0');
insert into V_VEHICLEINFO (ORG_CODE,VEHICLE_ID,ID_NUMBER,TYPE_ID,TERMINAL_ID,DELETE_FLAG,COLOR_ID_NUMBER_ID,AUTHORIZED_PAY_MASS) values ('B0000808','3401921', '测B15920', 4, 341921, 0, '2',15);

insert into T_SIMINFO (SIM_ID, ORG_CODE, DEPTCODE, STATE,PAY_MODLE, SIM_NUM) values(35922, 'B0000808', '中国移动', 1, '预付费', 13100015921);
insert into T_TERMINALINFO (TERMINAL_ID,TTYPE_ID,SIM_ID,TERMINAL_CODE,ORG_CODE,IS_VIDEO_TERMINAL,SP_SERVER_NAME,PROTOCOL_TYPE,CHANNELS,YT_PROTOCOL_TYPE) values(341922, 4, 35922, '1015921', 'B0000808',1,'1076测试服务器','4',8,'0');
insert into V_VEHICLEINFO (ORG_CODE,VEHICLE_ID,ID_NUMBER,TYPE_ID,TERMINAL_ID,DELETE_FLAG,COLOR_ID_NUMBER_ID,AUTHORIZED_PAY_MASS) values ('B0000808','3401922', '测B15921', 4, 341922, 0, '2',15);

insert into T_SIMINFO (SIM_ID, ORG_CODE, DEPTCODE, STATE,PAY_MODLE, SIM_NUM) values(35923, 'B0000808', '中国移动', 1, '预付费', 13100015922);
insert into T_TERMINALINFO (TERMINAL_ID,TTYPE_ID,SIM_ID,TERMINAL_CODE,ORG_CODE,IS_VIDEO_TERMINAL,SP_SERVER_NAME,PROTOCOL_TYPE,CHANNELS,YT_PROTOCOL_TYPE) values(341923, 4, 35923, '1015922', 'B0000808',1,'1076测试服务器','4',8,'0');
insert into V_VEHICLEINFO (ORG_CODE,VEHICLE_ID,ID_NUMBER,TYPE_ID,TERMINAL_ID,DELETE_FLAG,COLOR_ID_NUMBER_ID,AUTHORIZED_PAY_MASS) values ('B0000808','3401923', '测B15922', 4, 341923, 0, '2',15);

insert into T_SIMINFO (SIM_ID, ORG_CODE, DEPTCODE, STATE,PAY_MODLE, SIM_NUM) values(35924, 'B0000808', '中国移动', 1, '预付费', 13100015923);
insert into T_TERMINALINFO (TERMINAL_ID,TTYPE_ID,SIM_ID,TERMINAL_CODE,ORG_CODE,IS_VIDEO_TERMINAL,SP_SERVER_NAME,PROTOCOL_TYPE,CHANNELS,YT_PROTOCOL_TYPE) values(341924, 4, 35924, '1015923', 'B0000808',1,'1076测试服务器','4',8,'0');
insert into V_VEHICLEINFO (ORG_CODE,VEHICLE_ID,ID_NUMBER,TYPE_ID,TERMINAL_ID,DELETE_FLAG,COLOR_ID_NUMBER_ID,AUTHORIZED_PAY_MASS) values ('B0000808','3401924', '测B15923', 4, 341924, 0, '2',15);

insert into T_SIMINFO (SIM_ID, ORG_CODE, DEPTCODE, STATE,PAY_MODLE, SIM_NUM) values(35925, 'B0000808', '中国移动', 1, '预付费', 13100015924);
insert into T_TERMINALINFO (TERMINAL_ID,TTYPE_ID,SIM_ID,TERMINAL_CODE,ORG_CODE,IS_VIDEO_TERMINAL,SP_SERVER_NAME,PROTOCOL_TYPE,CHANNELS,YT_PROTOCOL_TYPE) values(341925, 4, 35925, '1015924', 'B0000808',1,'1076测试服务器','4',8,'0');
insert into V_VEHICLEINFO (ORG_CODE,VEHICLE_ID,ID_NUMBER,TYPE_ID,TERMINAL_ID,DELETE_FLAG,COLOR_ID_NUMBER_ID,AUTHORIZED_PAY_MASS) values ('B0000808','3401925', '测B15924', 4, 341925, 0, '2',15);

insert into T_SIMINFO (SIM_ID, ORG_CODE, DEPTCODE, STATE,PAY_MODLE, SIM_NUM) values(35926, 'B0000808', '中国移动', 1, '预付费', 13100015925);
insert into T_TERMINALINFO (TERMINAL_ID,TTYPE_ID,SIM_ID,TERMINAL_CODE,ORG_CODE,IS_VIDEO_TERMINAL,SP_SERVER_NAME,PROTOCOL_TYPE,CHANNELS,YT_PROTOCOL_TYPE) values(341926, 4, 35926, '1015925', 'B0000808',1,'1076测试服务器','4',8,'0');
insert into V_VEHICLEINFO (ORG_CODE,VEHICLE_ID,ID_NUMBER,TYPE_ID,TERMINAL_ID,DELETE_FLAG,COLOR_ID_NUMBER_ID,AUTHORIZED_PAY_MASS) values ('B0000808','3401926', '测B15925', 4, 341926, 0, '2',15);

insert into T_SIMINFO (SIM_ID, ORG_CODE, DEPTCODE, STATE,PAY_MODLE, SIM_NUM) values(35927, 'B0000808', '中国移动', 1, '预付费', 13100015926);
insert into T_TERMINALINFO (TERMINAL_ID,TTYPE_ID,SIM_ID,TERMINAL_CODE,ORG_CODE,IS_VIDEO_TERMINAL,SP_SERVER_NAME,PROTOCOL_TYPE,CHANNELS,YT_PROTOCOL_TYPE) values(341927, 4, 35927, '1015926', 'B0000808',1,'1076测试服务器','4',8,'0');
insert into V_VEHICLEINFO (ORG_CODE,VEHICLE_ID,ID_NUMBER,TYPE_ID,TERMINAL_ID,DELETE_FLAG,COLOR_ID_NUMBER_ID,AUTHORIZED_PAY_MASS) values ('B0000808','3401927', '测B15926', 4, 341927, 0, '2',15);

insert into T_SIMINFO (SIM_ID, ORG_CODE, DEPTCODE, STATE,PAY_MODLE, SIM_NUM) values(35928, 'B0000808', '中国移动', 1, '预付费', 13100015927);
insert into T_TERMINALINFO (TERMINAL_ID,TTYPE_ID,SIM_ID,TERMINAL_CODE,ORG_CODE,IS_VIDEO_TERMINAL,SP_SERVER_NAME,PROTOCOL_TYPE,CHANNELS,YT_PROTOCOL_TYPE) values(341928, 4, 35928, '1015927', 'B0000808',1,'1076测试服务器','4',8,'0');
insert into V_VEHICLEINFO (ORG_CODE,VEHICLE_ID,ID_NUMBER,TYPE_ID,TERMINAL_ID,DELETE_FLAG,COLOR_ID_NUMBER_ID,AUTHORIZED_PAY_MASS) values ('B0000808','3401928', '测B15927', 4, 341928, 0, '2',15);

insert into T_SIMINFO (SIM_ID, ORG_CODE, DEPTCODE, STATE,PAY_MODLE, SIM_NUM) values(35929, 'B0000808', '中国移动', 1, '预付费', 13100015928);
insert into T_TERMINALINFO (TERMINAL_ID,TTYPE_ID,SIM_ID,TERMINAL_CODE,ORG_CODE,IS_VIDEO_TERMINAL,SP_SERVER_NAME,PROTOCOL_TYPE,CHANNELS,YT_PROTOCOL_TYPE) values(341929, 4, 35929, '1015928', 'B0000808',1,'1076测试服务器','4',8,'0');
insert into V_VEHICLEINFO (ORG_CODE,VEHICLE_ID,ID_NUMBER,TYPE_ID,TERMINAL_ID,DELETE_FLAG,COLOR_ID_NUMBER_ID,AUTHORIZED_PAY_MASS) values ('B0000808','3401929', '测B15928', 4, 341929, 0, '2',15);

insert into T_SIMINFO (SIM_ID, ORG_CODE, DEPTCODE, STATE,PAY_MODLE, SIM_NUM) values(35930, 'B0000808', '中国移动', 1, '预付费', 13100015929);
insert into T_TERMINALINFO (TERMINAL_ID,TTYPE_ID,SIM_ID,TERMINAL_CODE,ORG_CODE,IS_VIDEO_TERMINAL,SP_SERVER_NAME,PROTOCOL_TYPE,CHANNELS,YT_PROTOCOL_TYPE) values(341930, 4, 35930, '1015929', 'B0000808',1,'1076测试服务器','4',8,'0');
insert into V_VEHICLEINFO (ORG_CODE,VEHICLE_ID,ID_NUMBER,TYPE_ID,TERMINAL_ID,DELETE_FLAG,COLOR_ID_NUMBER_ID,AUTHORIZED_PAY_MASS) values ('B0000808','3401930', '测B15929', 4, 341930, 0, '2',15);

insert into T_SIMINFO (SIM_ID, ORG_CODE, DEPTCODE, STATE,PAY_MODLE, SIM_NUM) values(35931, 'B0000808', '中国移动', 1, '预付费', 13100015930);
insert into T_TERMINALINFO (TERMINAL_ID,TTYPE_ID,SIM_ID,TERMINAL_CODE,ORG_CODE,IS_VIDEO_TERMINAL,SP_SERVER_NAME,PROTOCOL_TYPE,CHANNELS,YT_PROTOCOL_TYPE) values(341931, 4, 35931, '1015930', 'B0000808',1,'1076测试服务器','4',8,'0');
insert into V_VEHICLEINFO (ORG_CODE,VEHICLE_ID,ID_NUMBER,TYPE_ID,TERMINAL_ID,DELETE_FLAG,COLOR_ID_NUMBER_ID,AUTHORIZED_PAY_MASS) values ('B0000808','3401931', '测B15930', 4, 341931, 0, '2',15);

insert into T_SIMINFO (SIM_ID, ORG_CODE, DEPTCODE, STATE,PAY_MODLE, SIM_NUM) values(35932, 'B0000808', '中国移动', 1, '预付费', 13100015931);
insert into T_TERMINALINFO (TERMINAL_ID,TTYPE_ID,SIM_ID,TERMINAL_CODE,ORG_CODE,IS_VIDEO_TERMINAL,SP_SERVER_NAME,PROTOCOL_TYPE,CHANNELS,YT_PROTOCOL_TYPE) values(341932, 4, 35932, '1015931', 'B0000808',1,'1076测试服务器','4',8,'0');
insert into V_VEHICLEINFO (ORG_CODE,VEHICLE_ID,ID_NUMBER,TYPE_ID,TERMINAL_ID,DELETE_FLAG,COLOR_ID_NUMBER_ID,AUTHORIZED_PAY_MASS) values ('B0000808','3401932', '测B15931', 4, 341932, 0, '2',15);

insert into T_SIMINFO (SIM_ID, ORG_CODE, DEPTCODE, STATE,PAY_MODLE, SIM_NUM) values(35933, 'B0000808', '中国移动', 1, '预付费', 13100015932);
insert into T_TERMINALINFO (TERMINAL_ID,TTYPE_ID,SIM_ID,TERMINAL_CODE,ORG_CODE,IS_VIDEO_TERMINAL,SP_SERVER_NAME,PROTOCOL_TYPE,CHANNELS,YT_PROTOCOL_TYPE) values(341933, 4, 35933, '1015932', 'B0000808',1,'1076测试服务器','4',8,'0');
insert into V_VEHICLEINFO (ORG_CODE,VEHICLE_ID,ID_NUMBER,TYPE_ID,TERMINAL_ID,DELETE_FLAG,COLOR_ID_NUMBER_ID,AUTHORIZED_PAY_MASS) values ('B0000808','3401933', '测B15932', 4, 341933, 0, '2',15);

insert into T_SIMINFO (SIM_ID, ORG_CODE, DEPTCODE, STATE,PAY_MODLE, SIM_NUM) values(35934, 'B0000808', '中国移动', 1, '预付费', 13100015933);
insert into T_TERMINALINFO (TERMINAL_ID,TTYPE_ID,SIM_ID,TERMINAL_CODE,ORG_CODE,IS_VIDEO_TERMINAL,SP_SERVER_NAME,PROTOCOL_TYPE,CHANNELS,YT_PROTOCOL_TYPE) values(341934, 4, 35934, '1015933', 'B0000808',1,'1076测试服务器','4',8,'0');
insert into V_VEHICLEINFO (ORG_CODE,VEHICLE_ID,ID_NUMBER,TYPE_ID,TERMINAL_ID,DELETE_FLAG,COLOR_ID_NUMBER_ID,AUTHORIZED_PAY_MASS) values ('B0000808','3401934', '测B15933', 4, 341934, 0, '2',15);

insert into T_SIMINFO (SIM_ID, ORG_CODE, DEPTCODE, STATE,PAY_MODLE, SIM_NUM) values(35935, 'B0000808', '中国移动', 1, '预付费', 13100015934);
insert into T_TERMINALINFO (TERMINAL_ID,TTYPE_ID,SIM_ID,TERMINAL_CODE,ORG_CODE,IS_VIDEO_TERMINAL,SP_SERVER_NAME,PROTOCOL_TYPE,CHANNELS,YT_PROTOCOL_TYPE) values(341935, 4, 35935, '1015934', 'B0000808',1,'1076测试服务器','4',8,'0');
insert into V_VEHICLEINFO (ORG_CODE,VEHICLE_ID,ID_NUMBER,TYPE_ID,TERMINAL_ID,DELETE_FLAG,COLOR_ID_NUMBER_ID,AUTHORIZED_PAY_MASS) values ('B0000808','3401935', '测B15934', 4, 341935, 0, '2',15);

insert into T_SIMINFO (SIM_ID, ORG_CODE, DEPTCODE, STATE,PAY_MODLE, SIM_NUM) values(35936, 'B0000808', '中国移动', 1, '预付费', 13100015935);
insert into T_TERMINALINFO (TERMINAL_ID,TTYPE_ID,SIM_ID,TERMINAL_CODE,ORG_CODE,IS_VIDEO_TERMINAL,SP_SERVER_NAME,PROTOCOL_TYPE,CHANNELS,YT_PROTOCOL_TYPE) values(341936, 4, 35936, '1015935', 'B0000808',1,'1076测试服务器','4',8,'0');
insert into V_VEHICLEINFO (ORG_CODE,VEHICLE_ID,ID_NUMBER,TYPE_ID,TERMINAL_ID,DELETE_FLAG,COLOR_ID_NUMBER_ID,AUTHORIZED_PAY_MASS) values ('B0000808','3401936', '测B15935', 4, 341936, 0, '2',15);

insert into T_SIMINFO (SIM_ID, ORG_CODE, DEPTCODE, STATE,PAY_MODLE, SIM_NUM) values(35937, 'B0000808', '中国移动', 1, '预付费', 13100015936);
insert into T_TERMINALINFO (TERMINAL_ID,TTYPE_ID,SIM_ID,TERMINAL_CODE,ORG_CODE,IS_VIDEO_TERMINAL,SP_SERVER_NAME,PROTOCOL_TYPE,CHANNELS,YT_PROTOCOL_TYPE) values(341937, 4, 35937, '1015936', 'B0000808',1,'1076测试服务器','4',8,'0');
insert into V_VEHICLEINFO (ORG_CODE,VEHICLE_ID,ID_NUMBER,TYPE_ID,TERMINAL_ID,DELETE_FLAG,COLOR_ID_NUMBER_ID,AUTHORIZED_PAY_MASS) values ('B0000808','3401937', '测B15936', 4, 341937, 0, '2',15);

insert into T_SIMINFO (SIM_ID, ORG_CODE, DEPTCODE, STATE,PAY_MODLE, SIM_NUM) values(35938, 'B0000808', '中国移动', 1, '预付费', 13100015937);
insert into T_TERMINALINFO (TERMINAL_ID,TTYPE_ID,SIM_ID,TERMINAL_CODE,ORG_CODE,IS_VIDEO_TERMINAL,SP_SERVER_NAME,PROTOCOL_TYPE,CHANNELS,YT_PROTOCOL_TYPE) values(341938, 4, 35938, '1015937', 'B0000808',1,'1076测试服务器','4',8,'0');
insert into V_VEHICLEINFO (ORG_CODE,VEHICLE_ID,ID_NUMBER,TYPE_ID,TERMINAL_ID,DELETE_FLAG,COLOR_ID_NUMBER_ID,AUTHORIZED_PAY_MASS) values ('B0000808','3401938', '测B15937', 4, 341938, 0, '2',15);

insert into T_SIMINFO (SIM_ID, ORG_CODE, DEPTCODE, STATE,PAY_MODLE, SIM_NUM) values(35939, 'B0000808', '中国移动', 1, '预付费', 13100015938);
insert into T_TERMINALINFO (TERMINAL_ID,TTYPE_ID,SIM_ID,TERMINAL_CODE,ORG_CODE,IS_VIDEO_TERMINAL,SP_SERVER_NAME,PROTOCOL_TYPE,CHANNELS,YT_PROTOCOL_TYPE) values(341939, 4, 35939, '1015938', 'B0000808',1,'1076测试服务器','4',8,'0');
insert into V_VEHICLEINFO (ORG_CODE,VEHICLE_ID,ID_NUMBER,TYPE_ID,TERMINAL_ID,DELETE_FLAG,COLOR_ID_NUMBER_ID,AUTHORIZED_PAY_MASS) values ('B0000808','3401939', '测B15938', 4, 341939, 0, '2',15);

insert into T_SIMINFO (SIM_ID, ORG_CODE, DEPTCODE, STATE,PAY_MODLE, SIM_NUM) values(35940, 'B0000808', '中国移动', 1, '预付费', 13100015939);
insert into T_TERMINALINFO (TERMINAL_ID,TTYPE_ID,SIM_ID,TERMINAL_CODE,ORG_CODE,IS_VIDEO_TERMINAL,SP_SERVER_NAME,PROTOCOL_TYPE,CHANNELS,YT_PROTOCOL_TYPE) values(341940, 4, 35940, '1015939', 'B0000808',1,'1076测试服务器','4',8,'0');
insert into V_VEHICLEINFO (ORG_CODE,VEHICLE_ID,ID_NUMBER,TYPE_ID,TERMINAL_ID,DELETE_FLAG,COLOR_ID_NUMBER_ID,AUTHORIZED_PAY_MASS) values ('B0000808','3401940', '测B15939', 4, 341940, 0, '2',15);

insert into T_SIMINFO (SIM_ID, ORG_CODE, DEPTCODE, STATE,PAY_MODLE, SIM_NUM) values(35941, 'B0000808', '中国移动', 1, '预付费', 13100015940);
insert into T_TERMINALINFO (TERMINAL_ID,TTYPE_ID,SIM_ID,TERMINAL_CODE,ORG_CODE,IS_VIDEO_TERMINAL,SP_SERVER_NAME,PROTOCOL_TYPE,CHANNELS,YT_PROTOCOL_TYPE) values(341941, 4, 35941, '1015940', 'B0000808',1,'1076测试服务器','4',8,'0');
insert into V_VEHICLEINFO (ORG_CODE,VEHICLE_ID,ID_NUMBER,TYPE_ID,TERMINAL_ID,DELETE_FLAG,COLOR_ID_NUMBER_ID,AUTHORIZED_PAY_MASS) values ('B0000808','3401941', '测B15940', 4, 341941, 0, '2',15);

insert into T_SIMINFO (SIM_ID, ORG_CODE, DEPTCODE, STATE,PAY_MODLE, SIM_NUM) values(35942, 'B0000808', '中国移动', 1, '预付费', 13100015941);
insert into T_TERMINALINFO (TERMINAL_ID,TTYPE_ID,SIM_ID,TERMINAL_CODE,ORG_CODE,IS_VIDEO_TERMINAL,SP_SERVER_NAME,PROTOCOL_TYPE,CHANNELS,YT_PROTOCOL_TYPE) values(341942, 4, 35942, '1015941', 'B0000808',1,'1076测试服务器','4',8,'0');
insert into V_VEHICLEINFO (ORG_CODE,VEHICLE_ID,ID_NUMBER,TYPE_ID,TERMINAL_ID,DELETE_FLAG,COLOR_ID_NUMBER_ID,AUTHORIZED_PAY_MASS) values ('B0000808','3401942', '测B15941', 4, 341942, 0, '2',15);

insert into T_SIMINFO (SIM_ID, ORG_CODE, DEPTCODE, STATE,PAY_MODLE, SIM_NUM) values(35943, 'B0000808', '中国移动', 1, '预付费', 13100015942);
insert into T_TERMINALINFO (TERMINAL_ID,TTYPE_ID,SIM_ID,TERMINAL_CODE,ORG_CODE,IS_VIDEO_TERMINAL,SP_SERVER_NAME,PROTOCOL_TYPE,CHANNELS,YT_PROTOCOL_TYPE) values(341943, 4, 35943, '1015942', 'B0000808',1,'1076测试服务器','4',8,'0');
insert into V_VEHICLEINFO (ORG_CODE,VEHICLE_ID,ID_NUMBER,TYPE_ID,TERMINAL_ID,DELETE_FLAG,COLOR_ID_NUMBER_ID,AUTHORIZED_PAY_MASS) values ('B0000808','3401943', '测B15942', 4, 341943, 0, '2',15);

insert into T_SIMINFO (SIM_ID, ORG_CODE, DEPTCODE, STATE,PAY_MODLE, SIM_NUM) values(35944, 'B0000808', '中国移动', 1, '预付费', 13100015943);
insert into T_TERMINALINFO (TERMINAL_ID,TTYPE_ID,SIM_ID,TERMINAL_CODE,ORG_CODE,IS_VIDEO_TERMINAL,SP_SERVER_NAME,PROTOCOL_TYPE,CHANNELS,YT_PROTOCOL_TYPE) values(341944, 4, 35944, '1015943', 'B0000808',1,'1076测试服务器','4',8,'0');
insert into V_VEHICLEINFO (ORG_CODE,VEHICLE_ID,ID_NUMBER,TYPE_ID,TERMINAL_ID,DELETE_FLAG,COLOR_ID_NUMBER_ID,AUTHORIZED_PAY_MASS) values ('B0000808','3401944', '测B15943', 4, 341944, 0, '2',15);

insert into T_SIMINFO (SIM_ID, ORG_CODE, DEPTCODE, STATE,PAY_MODLE, SIM_NUM) values(35945, 'B0000808', '中国移动', 1, '预付费', 13100015944);
insert into T_TERMINALINFO (TERMINAL_ID,TTYPE_ID,SIM_ID,TERMINAL_CODE,ORG_CODE,IS_VIDEO_TERMINAL,SP_SERVER_NAME,PROTOCOL_TYPE,CHANNELS,YT_PROTOCOL_TYPE) values(341945, 4, 35945, '1015944', 'B0000808',1,'1076测试服务器','4',8,'0');
insert into V_VEHICLEINFO (ORG_CODE,VEHICLE_ID,ID_NUMBER,TYPE_ID,TERMINAL_ID,DELETE_FLAG,COLOR_ID_NUMBER_ID,AUTHORIZED_PAY_MASS) values ('B0000808','3401945', '测B15944', 4, 341945, 0, '2',15);

insert into T_SIMINFO (SIM_ID, ORG_CODE, DEPTCODE, STATE,PAY_MODLE, SIM_NUM) values(35946, 'B0000808', '中国移动', 1, '预付费', 13100015945);
insert into T_TERMINALINFO (TERMINAL_ID,TTYPE_ID,SIM_ID,TERMINAL_CODE,ORG_CODE,IS_VIDEO_TERMINAL,SP_SERVER_NAME,PROTOCOL_TYPE,CHANNELS,YT_PROTOCOL_TYPE) values(341946, 4, 35946, '1015945', 'B0000808',1,'1076测试服务器','4',8,'0');
insert into V_VEHICLEINFO (ORG_CODE,VEHICLE_ID,ID_NUMBER,TYPE_ID,TERMINAL_ID,DELETE_FLAG,COLOR_ID_NUMBER_ID,AUTHORIZED_PAY_MASS) values ('B0000808','3401946', '测B15945', 4, 341946, 0, '2',15);

insert into T_SIMINFO (SIM_ID, ORG_CODE, DEPTCODE, STATE,PAY_MODLE, SIM_NUM) values(35947, 'B0000808', '中国移动', 1, '预付费', 13100015946);
insert into T_TERMINALINFO (TERMINAL_ID,TTYPE_ID,SIM_ID,TERMINAL_CODE,ORG_CODE,IS_VIDEO_TERMINAL,SP_SERVER_NAME,PROTOCOL_TYPE,CHANNELS,YT_PROTOCOL_TYPE) values(341947, 4, 35947, '1015946', 'B0000808',1,'1076测试服务器','4',8,'0');
insert into V_VEHICLEINFO (ORG_CODE,VEHICLE_ID,ID_NUMBER,TYPE_ID,TERMINAL_ID,DELETE_FLAG,COLOR_ID_NUMBER_ID,AUTHORIZED_PAY_MASS) values ('B0000808','3401947', '测B15946', 4, 341947, 0, '2',15);

insert into T_SIMINFO (SIM_ID, ORG_CODE, DEPTCODE, STATE,PAY_MODLE, SIM_NUM) values(35948, 'B0000808', '中国移动', 1, '预付费', 13100015947);
insert into T_TERMINALINFO (TERMINAL_ID,TTYPE_ID,SIM_ID,TERMINAL_CODE,ORG_CODE,IS_VIDEO_TERMINAL,SP_SERVER_NAME,PROTOCOL_TYPE,CHANNELS,YT_PROTOCOL_TYPE) values(341948, 4, 35948, '1015947', 'B0000808',1,'1076测试服务器','4',8,'0');
insert into V_VEHICLEINFO (ORG_CODE,VEHICLE_ID,ID_NUMBER,TYPE_ID,TERMINAL_ID,DELETE_FLAG,COLOR_ID_NUMBER_ID,AUTHORIZED_PAY_MASS) values ('B0000808','3401948', '测B15947', 4, 341948, 0, '2',15);

insert into T_SIMINFO (SIM_ID, ORG_CODE, DEPTCODE, STATE,PAY_MODLE, SIM_NUM) values(35949, 'B0000808', '中国移动', 1, '预付费', 13100015948);
insert into T_TERMINALINFO (TERMINAL_ID,TTYPE_ID,SIM_ID,TERMINAL_CODE,ORG_CODE,IS_VIDEO_TERMINAL,SP_SERVER_NAME,PROTOCOL_TYPE,CHANNELS,YT_PROTOCOL_TYPE) values(341949, 4, 35949, '1015948', 'B0000808',1,'1076测试服务器','4',8,'0');
insert into V_VEHICLEINFO (ORG_CODE,VEHICLE_ID,ID_NUMBER,TYPE_ID,TERMINAL_ID,DELETE_FLAG,COLOR_ID_NUMBER_ID,AUTHORIZED_PAY_MASS) values ('B0000808','3401949', '测B15948', 4, 341949, 0, '2',15);

insert into T_SIMINFO (SIM_ID, ORG_CODE, DEPTCODE, STATE,PAY_MODLE, SIM_NUM) values(35950, 'B0000808', '中国移动', 1, '预付费', 13100015949);
insert into T_TERMINALINFO (TERMINAL_ID,TTYPE_ID,SIM_ID,TERMINAL_CODE,ORG_CODE,IS_VIDEO_TERMINAL,SP_SERVER_NAME,PROTOCOL_TYPE,CHANNELS,YT_PROTOCOL_TYPE) values(341950, 4, 35950, '1015949', 'B0000808',1,'1076测试服务器','4',8,'0');
insert into V_VEHICLEINFO (ORG_CODE,VEHICLE_ID,ID_NUMBER,TYPE_ID,TERMINAL_ID,DELETE_FLAG,COLOR_ID_NUMBER_ID,AUTHORIZED_PAY_MASS) values ('B0000808','3401950', '测B15949', 4, 341950, 0, '2',15);

insert into T_SIMINFO (SIM_ID, ORG_CODE, DEPTCODE, STATE,PAY_MODLE, SIM_NUM) values(35951, 'B0000808', '中国移动', 1, '预付费', 13100015950);
insert into T_TERMINALINFO (TERMINAL_ID,TTYPE_ID,SIM_ID,TERMINAL_CODE,ORG_CODE,IS_VIDEO_TERMINAL,SP_SERVER_NAME,PROTOCOL_TYPE,CHANNELS,YT_PROTOCOL_TYPE) values(341951, 4, 35951, '1015950', 'B0000808',1,'1076测试服务器','4',8,'0');
insert into V_VEHICLEINFO (ORG_CODE,VEHICLE_ID,ID_NUMBER,TYPE_ID,TERMINAL_ID,DELETE_FLAG,COLOR_ID_NUMBER_ID,AUTHORIZED_PAY_MASS) values ('B0000808','3401951', '测B15950', 4, 341951, 0, '2',15);

insert into T_SIMINFO (SIM_ID, ORG_CODE, DEPTCODE, STATE,PAY_MODLE, SIM_NUM) values(35952, 'B0000808', '中国移动', 1, '预付费', 13100015951);
insert into T_TERMINALINFO (TERMINAL_ID,TTYPE_ID,SIM_ID,TERMINAL_CODE,ORG_CODE,IS_VIDEO_TERMINAL,SP_SERVER_NAME,PROTOCOL_TYPE,CHANNELS,YT_PROTOCOL_TYPE) values(341952, 4, 35952, '1015951', 'B0000808',1,'1076测试服务器','4',8,'0');
insert into V_VEHICLEINFO (ORG_CODE,VEHICLE_ID,ID_NUMBER,TYPE_ID,TERMINAL_ID,DELETE_FLAG,COLOR_ID_NUMBER_ID,AUTHORIZED_PAY_MASS) values ('B0000808','3401952', '测B15951', 4, 341952, 0, '2',15);

insert into T_SIMINFO (SIM_ID, ORG_CODE, DEPTCODE, STATE,PAY_MODLE, SIM_NUM) values(35953, 'B0000808', '中国移动', 1, '预付费', 13100015952);
insert into T_TERMINALINFO (TERMINAL_ID,TTYPE_ID,SIM_ID,TERMINAL_CODE,ORG_CODE,IS_VIDEO_TERMINAL,SP_SERVER_NAME,PROTOCOL_TYPE,CHANNELS,YT_PROTOCOL_TYPE) values(341953, 4, 35953, '1015952', 'B0000808',1,'1076测试服务器','4',8,'0');
insert into V_VEHICLEINFO (ORG_CODE,VEHICLE_ID,ID_NUMBER,TYPE_ID,TERMINAL_ID,DELETE_FLAG,COLOR_ID_NUMBER_ID,AUTHORIZED_PAY_MASS) values ('B0000808','3401953', '测B15952', 4, 341953, 0, '2',15);

insert into T_SIMINFO (SIM_ID, ORG_CODE, DEPTCODE, STATE,PAY_MODLE, SIM_NUM) values(35954, 'B0000808', '中国移动', 1, '预付费', 13100015953);
insert into T_TERMINALINFO (TERMINAL_ID,TTYPE_ID,SIM_ID,TERMINAL_CODE,ORG_CODE,IS_VIDEO_TERMINAL,SP_SERVER_NAME,PROTOCOL_TYPE,CHANNELS,YT_PROTOCOL_TYPE) values(341954, 4, 35954, '1015953', 'B0000808',1,'1076测试服务器','4',8,'0');
insert into V_VEHICLEINFO (ORG_CODE,VEHICLE_ID,ID_NUMBER,TYPE_ID,TERMINAL_ID,DELETE_FLAG,COLOR_ID_NUMBER_ID,AUTHORIZED_PAY_MASS) values ('B0000808','3401954', '测B15953', 4, 341954, 0, '2',15);

insert into T_SIMINFO (SIM_ID, ORG_CODE, DEPTCODE, STATE,PAY_MODLE, SIM_NUM) values(35955, 'B0000808', '中国移动', 1, '预付费', 13100015954);
insert into T_TERMINALINFO (TERMINAL_ID,TTYPE_ID,SIM_ID,TERMINAL_CODE,ORG_CODE,IS_VIDEO_TERMINAL,SP_SERVER_NAME,PROTOCOL_TYPE,CHANNELS,YT_PROTOCOL_TYPE) values(341955, 4, 35955, '1015954', 'B0000808',1,'1076测试服务器','4',8,'0');
insert into V_VEHICLEINFO (ORG_CODE,VEHICLE_ID,ID_NUMBER,TYPE_ID,TERMINAL_ID,DELETE_FLAG,COLOR_ID_NUMBER_ID,AUTHORIZED_PAY_MASS) values ('B0000808','3401955', '测B15954', 4, 341955, 0, '2',15);

insert into T_SIMINFO (SIM_ID, ORG_CODE, DEPTCODE, STATE,PAY_MODLE, SIM_NUM) values(35956, 'B0000808', '中国移动', 1, '预付费', 13100015955);
insert into T_TERMINALINFO (TERMINAL_ID,TTYPE_ID,SIM_ID,TERMINAL_CODE,ORG_CODE,IS_VIDEO_TERMINAL,SP_SERVER_NAME,PROTOCOL_TYPE,CHANNELS,YT_PROTOCOL_TYPE) values(341956, 4, 35956, '1015955', 'B0000808',1,'1076测试服务器','4',8,'0');
insert into V_VEHICLEINFO (ORG_CODE,VEHICLE_ID,ID_NUMBER,TYPE_ID,TERMINAL_ID,DELETE_FLAG,COLOR_ID_NUMBER_ID,AUTHORIZED_PAY_MASS) values ('B0000808','3401956', '测B15955', 4, 341956, 0, '2',15);

insert into T_SIMINFO (SIM_ID, ORG_CODE, DEPTCODE, STATE,PAY_MODLE, SIM_NUM) values(35957, 'B0000808', '中国移动', 1, '预付费', 13100015956);
insert into T_TERMINALINFO (TERMINAL_ID,TTYPE_ID,SIM_ID,TERMINAL_CODE,ORG_CODE,IS_VIDEO_TERMINAL,SP_SERVER_NAME,PROTOCOL_TYPE,CHANNELS,YT_PROTOCOL_TYPE) values(341957, 4, 35957, '1015956', 'B0000808',1,'1076测试服务器','4',8,'0');
insert into V_VEHICLEINFO (ORG_CODE,VEHICLE_ID,ID_NUMBER,TYPE_ID,TERMINAL_ID,DELETE_FLAG,COLOR_ID_NUMBER_ID,AUTHORIZED_PAY_MASS) values ('B0000808','3401957', '测B15956', 4, 341957, 0, '2',15);

insert into T_SIMINFO (SIM_ID, ORG_CODE, DEPTCODE, STATE,PAY_MODLE, SIM_NUM) values(35958, 'B0000808', '中国移动', 1, '预付费', 13100015957);
insert into T_TERMINALINFO (TERMINAL_ID,TTYPE_ID,SIM_ID,TERMINAL_CODE,ORG_CODE,IS_VIDEO_TERMINAL,SP_SERVER_NAME,PROTOCOL_TYPE,CHANNELS,YT_PROTOCOL_TYPE) values(341958, 4, 35958, '1015957', 'B0000808',1,'1076测试服务器','4',8,'0');
insert into V_VEHICLEINFO (ORG_CODE,VEHICLE_ID,ID_NUMBER,TYPE_ID,TERMINAL_ID,DELETE_FLAG,COLOR_ID_NUMBER_ID,AUTHORIZED_PAY_MASS) values ('B0000808','3401958', '测B15957', 4, 341958, 0, '2',15);

insert into T_SIMINFO (SIM_ID, ORG_CODE, DEPTCODE, STATE,PAY_MODLE, SIM_NUM) values(35959, 'B0000808', '中国移动', 1, '预付费', 13100015958);
insert into T_TERMINALINFO (TERMINAL_ID,TTYPE_ID,SIM_ID,TERMINAL_CODE,ORG_CODE,IS_VIDEO_TERMINAL,SP_SERVER_NAME,PROTOCOL_TYPE,CHANNELS,YT_PROTOCOL_TYPE) values(341959, 4, 35959, '1015958', 'B0000808',1,'1076测试服务器','4',8,'0');
insert into V_VEHICLEINFO (ORG_CODE,VEHICLE_ID,ID_NUMBER,TYPE_ID,TERMINAL_ID,DELETE_FLAG,COLOR_ID_NUMBER_ID,AUTHORIZED_PAY_MASS) values ('B0000808','3401959', '测B15958', 4, 341959, 0, '2',15);

insert into T_SIMINFO (SIM_ID, ORG_CODE, DEPTCODE, STATE,PAY_MODLE, SIM_NUM) values(35960, 'B0000808', '中国移动', 1, '预付费', 13100015959);
insert into T_TERMINALINFO (TERMINAL_ID,TTYPE_ID,SIM_ID,TERMINAL_CODE,ORG_CODE,IS_VIDEO_TERMINAL,SP_SERVER_NAME,PROTOCOL_TYPE,CHANNELS,YT_PROTOCOL_TYPE) values(341960, 4, 35960, '1015959', 'B0000808',1,'1076测试服务器','4',8,'0');
insert into V_VEHICLEINFO (ORG_CODE,VEHICLE_ID,ID_NUMBER,TYPE_ID,TERMINAL_ID,DELETE_FLAG,COLOR_ID_NUMBER_ID,AUTHORIZED_PAY_MASS) values ('B0000808','3401960', '测B15959', 4, 341960, 0, '2',15);

insert into T_SIMINFO (SIM_ID, ORG_CODE, DEPTCODE, STATE,PAY_MODLE, SIM_NUM) values(35961, 'B0000808', '中国移动', 1, '预付费', 13100015960);
insert into T_TERMINALINFO (TERMINAL_ID,TTYPE_ID,SIM_ID,TERMINAL_CODE,ORG_CODE,IS_VIDEO_TERMINAL,SP_SERVER_NAME,PROTOCOL_TYPE,CHANNELS,YT_PROTOCOL_TYPE) values(341961, 4, 35961, '1015960', 'B0000808',1,'1076测试服务器','4',8,'0');
insert into V_VEHICLEINFO (ORG_CODE,VEHICLE_ID,ID_NUMBER,TYPE_ID,TERMINAL_ID,DELETE_FLAG,COLOR_ID_NUMBER_ID,AUTHORIZED_PAY_MASS) values ('B0000808','3401961', '测B15960', 4, 341961, 0, '2',15);

insert into T_SIMINFO (SIM_ID, ORG_CODE, DEPTCODE, STATE,PAY_MODLE, SIM_NUM) values(35962, 'B0000808', '中国移动', 1, '预付费', 13100015961);
insert into T_TERMINALINFO (TERMINAL_ID,TTYPE_ID,SIM_ID,TERMINAL_CODE,ORG_CODE,IS_VIDEO_TERMINAL,SP_SERVER_NAME,PROTOCOL_TYPE,CHANNELS,YT_PROTOCOL_TYPE) values(341962, 4, 35962, '1015961', 'B0000808',1,'1076测试服务器','4',8,'0');
insert into V_VEHICLEINFO (ORG_CODE,VEHICLE_ID,ID_NUMBER,TYPE_ID,TERMINAL_ID,DELETE_FLAG,COLOR_ID_NUMBER_ID,AUTHORIZED_PAY_MASS) values ('B0000808','3401962', '测B15961', 4, 341962, 0, '2',15);

insert into T_SIMINFO (SIM_ID, ORG_CODE, DEPTCODE, STATE,PAY_MODLE, SIM_NUM) values(35963, 'B0000808', '中国移动', 1, '预付费', 13100015962);
insert into T_TERMINALINFO (TERMINAL_ID,TTYPE_ID,SIM_ID,TERMINAL_CODE,ORG_CODE,IS_VIDEO_TERMINAL,SP_SERVER_NAME,PROTOCOL_TYPE,CHANNELS,YT_PROTOCOL_TYPE) values(341963, 4, 35963, '1015962', 'B0000808',1,'1076测试服务器','4',8,'0');
insert into V_VEHICLEINFO (ORG_CODE,VEHICLE_ID,ID_NUMBER,TYPE_ID,TERMINAL_ID,DELETE_FLAG,COLOR_ID_NUMBER_ID,AUTHORIZED_PAY_MASS) values ('B0000808','3401963', '测B15962', 4, 341963, 0, '2',15);

insert into T_SIMINFO (SIM_ID, ORG_CODE, DEPTCODE, STATE,PAY_MODLE, SIM_NUM) values(35964, 'B0000808', '中国移动', 1, '预付费', 13100015963);
insert into T_TERMINALINFO (TERMINAL_ID,TTYPE_ID,SIM_ID,TERMINAL_CODE,ORG_CODE,IS_VIDEO_TERMINAL,SP_SERVER_NAME,PROTOCOL_TYPE,CHANNELS,YT_PROTOCOL_TYPE) values(341964, 4, 35964, '1015963', 'B0000808',1,'1076测试服务器','4',8,'0');
insert into V_VEHICLEINFO (ORG_CODE,VEHICLE_ID,ID_NUMBER,TYPE_ID,TERMINAL_ID,DELETE_FLAG,COLOR_ID_NUMBER_ID,AUTHORIZED_PAY_MASS) values ('B0000808','3401964', '测B15963', 4, 341964, 0, '2',15);

insert into T_SIMINFO (SIM_ID, ORG_CODE, DEPTCODE, STATE,PAY_MODLE, SIM_NUM) values(35965, 'B0000808', '中国移动', 1, '预付费', 13100015964);
insert into T_TERMINALINFO (TERMINAL_ID,TTYPE_ID,SIM_ID,TERMINAL_CODE,ORG_CODE,IS_VIDEO_TERMINAL,SP_SERVER_NAME,PROTOCOL_TYPE,CHANNELS,YT_PROTOCOL_TYPE) values(341965, 4, 35965, '1015964', 'B0000808',1,'1076测试服务器','4',8,'0');
insert into V_VEHICLEINFO (ORG_CODE,VEHICLE_ID,ID_NUMBER,TYPE_ID,TERMINAL_ID,DELETE_FLAG,COLOR_ID_NUMBER_ID,AUTHORIZED_PAY_MASS) values ('B0000808','3401965', '测B15964', 4, 341965, 0, '2',15);

insert into T_SIMINFO (SIM_ID, ORG_CODE, DEPTCODE, STATE,PAY_MODLE, SIM_NUM) values(35966, 'B0000808', '中国移动', 1, '预付费', 13100015965);
insert into T_TERMINALINFO (TERMINAL_ID,TTYPE_ID,SIM_ID,TERMINAL_CODE,ORG_CODE,IS_VIDEO_TERMINAL,SP_SERVER_NAME,PROTOCOL_TYPE,CHANNELS,YT_PROTOCOL_TYPE) values(341966, 4, 35966, '1015965', 'B0000808',1,'1076测试服务器','4',8,'0');
insert into V_VEHICLEINFO (ORG_CODE,VEHICLE_ID,ID_NUMBER,TYPE_ID,TERMINAL_ID,DELETE_FLAG,COLOR_ID_NUMBER_ID,AUTHORIZED_PAY_MASS) values ('B0000808','3401966', '测B15965', 4, 341966, 0, '2',15);

insert into T_SIMINFO (SIM_ID, ORG_CODE, DEPTCODE, STATE,PAY_MODLE, SIM_NUM) values(35967, 'B0000808', '中国移动', 1, '预付费', 13100015966);
insert into T_TERMINALINFO (TERMINAL_ID,TTYPE_ID,SIM_ID,TERMINAL_CODE,ORG_CODE,IS_VIDEO_TERMINAL,SP_SERVER_NAME,PROTOCOL_TYPE,CHANNELS,YT_PROTOCOL_TYPE) values(341967, 4, 35967, '1015966', 'B0000808',1,'1076测试服务器','4',8,'0');
insert into V_VEHICLEINFO (ORG_CODE,VEHICLE_ID,ID_NUMBER,TYPE_ID,TERMINAL_ID,DELETE_FLAG,COLOR_ID_NUMBER_ID,AUTHORIZED_PAY_MASS) values ('B0000808','3401967', '测B15966', 4, 341967, 0, '2',15);

insert into T_SIMINFO (SIM_ID, ORG_CODE, DEPTCODE, STATE,PAY_MODLE, SIM_NUM) values(35968, 'B0000808', '中国移动', 1, '预付费', 13100015967);
insert into T_TERMINALINFO (TERMINAL_ID,TTYPE_ID,SIM_ID,TERMINAL_CODE,ORG_CODE,IS_VIDEO_TERMINAL,SP_SERVER_NAME,PROTOCOL_TYPE,CHANNELS,YT_PROTOCOL_TYPE) values(341968, 4, 35968, '1015967', 'B0000808',1,'1076测试服务器','4',8,'0');
insert into V_VEHICLEINFO (ORG_CODE,VEHICLE_ID,ID_NUMBER,TYPE_ID,TERMINAL_ID,DELETE_FLAG,COLOR_ID_NUMBER_ID,AUTHORIZED_PAY_MASS) values ('B0000808','3401968', '测B15967', 4, 341968, 0, '2',15);

insert into T_SIMINFO (SIM_ID, ORG_CODE, DEPTCODE, STATE,PAY_MODLE, SIM_NUM) values(35969, 'B0000808', '中国移动', 1, '预付费', 13100015968);
insert into T_TERMINALINFO (TERMINAL_ID,TTYPE_ID,SIM_ID,TERMINAL_CODE,ORG_CODE,IS_VIDEO_TERMINAL,SP_SERVER_NAME,PROTOCOL_TYPE,CHANNELS,YT_PROTOCOL_TYPE) values(341969, 4, 35969, '1015968', 'B0000808',1,'1076测试服务器','4',8,'0');
insert into V_VEHICLEINFO (ORG_CODE,VEHICLE_ID,ID_NUMBER,TYPE_ID,TERMINAL_ID,DELETE_FLAG,COLOR_ID_NUMBER_ID,AUTHORIZED_PAY_MASS) values ('B0000808','3401969', '测B15968', 4, 341969, 0, '2',15);

insert into T_SIMINFO (SIM_ID, ORG_CODE, DEPTCODE, STATE,PAY_MODLE, SIM_NUM) values(35970, 'B0000808', '中国移动', 1, '预付费', 13100015969);
insert into T_TERMINALINFO (TERMINAL_ID,TTYPE_ID,SIM_ID,TERMINAL_CODE,ORG_CODE,IS_VIDEO_TERMINAL,SP_SERVER_NAME,PROTOCOL_TYPE,CHANNELS,YT_PROTOCOL_TYPE) values(341970, 4, 35970, '1015969', 'B0000808',1,'1076测试服务器','4',8,'0');
insert into V_VEHICLEINFO (ORG_CODE,VEHICLE_ID,ID_NUMBER,TYPE_ID,TERMINAL_ID,DELETE_FLAG,COLOR_ID_NUMBER_ID,AUTHORIZED_PAY_MASS) values ('B0000808','3401970', '测B15969', 4, 341970, 0, '2',15);

insert into T_SIMINFO (SIM_ID, ORG_CODE, DEPTCODE, STATE,PAY_MODLE, SIM_NUM) values(35971, 'B0000808', '中国移动', 1, '预付费', 13100015970);
insert into T_TERMINALINFO (TERMINAL_ID,TTYPE_ID,SIM_ID,TERMINAL_CODE,ORG_CODE,IS_VIDEO_TERMINAL,SP_SERVER_NAME,PROTOCOL_TYPE,CHANNELS,YT_PROTOCOL_TYPE) values(341971, 4, 35971, '1015970', 'B0000808',1,'1076测试服务器','4',8,'0');
insert into V_VEHICLEINFO (ORG_CODE,VEHICLE_ID,ID_NUMBER,TYPE_ID,TERMINAL_ID,DELETE_FLAG,COLOR_ID_NUMBER_ID,AUTHORIZED_PAY_MASS) values ('B0000808','3401971', '测B15970', 4, 341971, 0, '2',15);

insert into T_SIMINFO (SIM_ID, ORG_CODE, DEPTCODE, STATE,PAY_MODLE, SIM_NUM) values(35972, 'B0000808', '中国移动', 1, '预付费', 13100015971);
insert into T_TERMINALINFO (TERMINAL_ID,TTYPE_ID,SIM_ID,TERMINAL_CODE,ORG_CODE,IS_VIDEO_TERMINAL,SP_SERVER_NAME,PROTOCOL_TYPE,CHANNELS,YT_PROTOCOL_TYPE) values(341972, 4, 35972, '1015971', 'B0000808',1,'1076测试服务器','4',8,'0');
insert into V_VEHICLEINFO (ORG_CODE,VEHICLE_ID,ID_NUMBER,TYPE_ID,TERMINAL_ID,DELETE_FLAG,COLOR_ID_NUMBER_ID,AUTHORIZED_PAY_MASS) values ('B0000808','3401972', '测B15971', 4, 341972, 0, '2',15);

insert into T_SIMINFO (SIM_ID, ORG_CODE, DEPTCODE, STATE,PAY_MODLE, SIM_NUM) values(35973, 'B0000808', '中国移动', 1, '预付费', 13100015972);
insert into T_TERMINALINFO (TERMINAL_ID,TTYPE_ID,SIM_ID,TERMINAL_CODE,ORG_CODE,IS_VIDEO_TERMINAL,SP_SERVER_NAME,PROTOCOL_TYPE,CHANNELS,YT_PROTOCOL_TYPE) values(341973, 4, 35973, '1015972', 'B0000808',1,'1076测试服务器','4',8,'0');
insert into V_VEHICLEINFO (ORG_CODE,VEHICLE_ID,ID_NUMBER,TYPE_ID,TERMINAL_ID,DELETE_FLAG,COLOR_ID_NUMBER_ID,AUTHORIZED_PAY_MASS) values ('B0000808','3401973', '测B15972', 4, 341973, 0, '2',15);

insert into T_SIMINFO (SIM_ID, ORG_CODE, DEPTCODE, STATE,PAY_MODLE, SIM_NUM) values(35974, 'B0000808', '中国移动', 1, '预付费', 13100015973);
insert into T_TERMINALINFO (TERMINAL_ID,TTYPE_ID,SIM_ID,TERMINAL_CODE,ORG_CODE,IS_VIDEO_TERMINAL,SP_SERVER_NAME,PROTOCOL_TYPE,CHANNELS,YT_PROTOCOL_TYPE) values(341974, 4, 35974, '1015973', 'B0000808',1,'1076测试服务器','4',8,'0');
insert into V_VEHICLEINFO (ORG_CODE,VEHICLE_ID,ID_NUMBER,TYPE_ID,TERMINAL_ID,DELETE_FLAG,COLOR_ID_NUMBER_ID,AUTHORIZED_PAY_MASS) values ('B0000808','3401974', '测B15973', 4, 341974, 0, '2',15);

insert into T_SIMINFO (SIM_ID, ORG_CODE, DEPTCODE, STATE,PAY_MODLE, SIM_NUM) values(35975, 'B0000808', '中国移动', 1, '预付费', 13100015974);
insert into T_TERMINALINFO (TERMINAL_ID,TTYPE_ID,SIM_ID,TERMINAL_CODE,ORG_CODE,IS_VIDEO_TERMINAL,SP_SERVER_NAME,PROTOCOL_TYPE,CHANNELS,YT_PROTOCOL_TYPE) values(341975, 4, 35975, '1015974', 'B0000808',1,'1076测试服务器','4',8,'0');
insert into V_VEHICLEINFO (ORG_CODE,VEHICLE_ID,ID_NUMBER,TYPE_ID,TERMINAL_ID,DELETE_FLAG,COLOR_ID_NUMBER_ID,AUTHORIZED_PAY_MASS) values ('B0000808','3401975', '测B15974', 4, 341975, 0, '2',15);

insert into T_SIMINFO (SIM_ID, ORG_CODE, DEPTCODE, STATE,PAY_MODLE, SIM_NUM) values(35976, 'B0000808', '中国移动', 1, '预付费', 13100015975);
insert into T_TERMINALINFO (TERMINAL_ID,TTYPE_ID,SIM_ID,TERMINAL_CODE,ORG_CODE,IS_VIDEO_TERMINAL,SP_SERVER_NAME,PROTOCOL_TYPE,CHANNELS,YT_PROTOCOL_TYPE) values(341976, 4, 35976, '1015975', 'B0000808',1,'1076测试服务器','4',8,'0');
insert into V_VEHICLEINFO (ORG_CODE,VEHICLE_ID,ID_NUMBER,TYPE_ID,TERMINAL_ID,DELETE_FLAG,COLOR_ID_NUMBER_ID,AUTHORIZED_PAY_MASS) values ('B0000808','3401976', '测B15975', 4, 341976, 0, '2',15);

insert into T_SIMINFO (SIM_ID, ORG_CODE, DEPTCODE, STATE,PAY_MODLE, SIM_NUM) values(35977, 'B0000808', '中国移动', 1, '预付费', 13100015976);
insert into T_TERMINALINFO (TERMINAL_ID,TTYPE_ID,SIM_ID,TERMINAL_CODE,ORG_CODE,IS_VIDEO_TERMINAL,SP_SERVER_NAME,PROTOCOL_TYPE,CHANNELS,YT_PROTOCOL_TYPE) values(341977, 4, 35977, '1015976', 'B0000808',1,'1076测试服务器','4',8,'0');
insert into V_VEHICLEINFO (ORG_CODE,VEHICLE_ID,ID_NUMBER,TYPE_ID,TERMINAL_ID,DELETE_FLAG,COLOR_ID_NUMBER_ID,AUTHORIZED_PAY_MASS) values ('B0000808','3401977', '测B15976', 4, 341977, 0, '2',15);

insert into T_SIMINFO (SIM_ID, ORG_CODE, DEPTCODE, STATE,PAY_MODLE, SIM_NUM) values(35978, 'B0000808', '中国移动', 1, '预付费', 13100015977);
insert into T_TERMINALINFO (TERMINAL_ID,TTYPE_ID,SIM_ID,TERMINAL_CODE,ORG_CODE,IS_VIDEO_TERMINAL,SP_SERVER_NAME,PROTOCOL_TYPE,CHANNELS,YT_PROTOCOL_TYPE) values(341978, 4, 35978, '1015977', 'B0000808',1,'1076测试服务器','4',8,'0');
insert into V_VEHICLEINFO (ORG_CODE,VEHICLE_ID,ID_NUMBER,TYPE_ID,TERMINAL_ID,DELETE_FLAG,COLOR_ID_NUMBER_ID,AUTHORIZED_PAY_MASS) values ('B0000808','3401978', '测B15977', 4, 341978, 0, '2',15);

insert into T_SIMINFO (SIM_ID, ORG_CODE, DEPTCODE, STATE,PAY_MODLE, SIM_NUM) values(35979, 'B0000808', '中国移动', 1, '预付费', 13100015978);
insert into T_TERMINALINFO (TERMINAL_ID,TTYPE_ID,SIM_ID,TERMINAL_CODE,ORG_CODE,IS_VIDEO_TERMINAL,SP_SERVER_NAME,PROTOCOL_TYPE,CHANNELS,YT_PROTOCOL_TYPE) values(341979, 4, 35979, '1015978', 'B0000808',1,'1076测试服务器','4',8,'0');
insert into V_VEHICLEINFO (ORG_CODE,VEHICLE_ID,ID_NUMBER,TYPE_ID,TERMINAL_ID,DELETE_FLAG,COLOR_ID_NUMBER_ID,AUTHORIZED_PAY_MASS) values ('B0000808','3401979', '测B15978', 4, 341979, 0, '2',15);

insert into T_SIMINFO (SIM_ID, ORG_CODE, DEPTCODE, STATE,PAY_MODLE, SIM_NUM) values(35980, 'B0000808', '中国移动', 1, '预付费', 13100015979);
insert into T_TERMINALINFO (TERMINAL_ID,TTYPE_ID,SIM_ID,TERMINAL_CODE,ORG_CODE,IS_VIDEO_TERMINAL,SP_SERVER_NAME,PROTOCOL_TYPE,CHANNELS,YT_PROTOCOL_TYPE) values(341980, 4, 35980, '1015979', 'B0000808',1,'1076测试服务器','4',8,'0');
insert into V_VEHICLEINFO (ORG_CODE,VEHICLE_ID,ID_NUMBER,TYPE_ID,TERMINAL_ID,DELETE_FLAG,COLOR_ID_NUMBER_ID,AUTHORIZED_PAY_MASS) values ('B0000808','3401980', '测B15979', 4, 341980, 0, '2',15);

insert into T_SIMINFO (SIM_ID, ORG_CODE, DEPTCODE, STATE,PAY_MODLE, SIM_NUM) values(35981, 'B0000808', '中国移动', 1, '预付费', 13100015980);
insert into T_TERMINALINFO (TERMINAL_ID,TTYPE_ID,SIM_ID,TERMINAL_CODE,ORG_CODE,IS_VIDEO_TERMINAL,SP_SERVER_NAME,PROTOCOL_TYPE,CHANNELS,YT_PROTOCOL_TYPE) values(341981, 4, 35981, '1015980', 'B0000808',1,'1076测试服务器','4',8,'0');
insert into V_VEHICLEINFO (ORG_CODE,VEHICLE_ID,ID_NUMBER,TYPE_ID,TERMINAL_ID,DELETE_FLAG,COLOR_ID_NUMBER_ID,AUTHORIZED_PAY_MASS) values ('B0000808','3401981', '测B15980', 4, 341981, 0, '2',15);

insert into T_SIMINFO (SIM_ID, ORG_CODE, DEPTCODE, STATE,PAY_MODLE, SIM_NUM) values(35982, 'B0000808', '中国移动', 1, '预付费', 13100015981);
insert into T_TERMINALINFO (TERMINAL_ID,TTYPE_ID,SIM_ID,TERMINAL_CODE,ORG_CODE,IS_VIDEO_TERMINAL,SP_SERVER_NAME,PROTOCOL_TYPE,CHANNELS,YT_PROTOCOL_TYPE) values(341982, 4, 35982, '1015981', 'B0000808',1,'1076测试服务器','4',8,'0');
insert into V_VEHICLEINFO (ORG_CODE,VEHICLE_ID,ID_NUMBER,TYPE_ID,TERMINAL_ID,DELETE_FLAG,COLOR_ID_NUMBER_ID,AUTHORIZED_PAY_MASS) values ('B0000808','3401982', '测B15981', 4, 341982, 0, '2',15);

insert into T_SIMINFO (SIM_ID, ORG_CODE, DEPTCODE, STATE,PAY_MODLE, SIM_NUM) values(35983, 'B0000808', '中国移动', 1, '预付费', 13100015982);
insert into T_TERMINALINFO (TERMINAL_ID,TTYPE_ID,SIM_ID,TERMINAL_CODE,ORG_CODE,IS_VIDEO_TERMINAL,SP_SERVER_NAME,PROTOCOL_TYPE,CHANNELS,YT_PROTOCOL_TYPE) values(341983, 4, 35983, '1015982', 'B0000808',1,'1076测试服务器','4',8,'0');
insert into V_VEHICLEINFO (ORG_CODE,VEHICLE_ID,ID_NUMBER,TYPE_ID,TERMINAL_ID,DELETE_FLAG,COLOR_ID_NUMBER_ID,AUTHORIZED_PAY_MASS) values ('B0000808','3401983', '测B15982', 4, 341983, 0, '2',15);

insert into T_SIMINFO (SIM_ID, ORG_CODE, DEPTCODE, STATE,PAY_MODLE, SIM_NUM) values(35984, 'B0000808', '中国移动', 1, '预付费', 13100015983);
insert into T_TERMINALINFO (TERMINAL_ID,TTYPE_ID,SIM_ID,TERMINAL_CODE,ORG_CODE,IS_VIDEO_TERMINAL,SP_SERVER_NAME,PROTOCOL_TYPE,CHANNELS,YT_PROTOCOL_TYPE) values(341984, 4, 35984, '1015983', 'B0000808',1,'1076测试服务器','4',8,'0');
insert into V_VEHICLEINFO (ORG_CODE,VEHICLE_ID,ID_NUMBER,TYPE_ID,TERMINAL_ID,DELETE_FLAG,COLOR_ID_NUMBER_ID,AUTHORIZED_PAY_MASS) values ('B0000808','3401984', '测B15983', 4, 341984, 0, '2',15);

insert into T_SIMINFO (SIM_ID, ORG_CODE, DEPTCODE, STATE,PAY_MODLE, SIM_NUM) values(35985, 'B0000808', '中国移动', 1, '预付费', 13100015984);
insert into T_TERMINALINFO (TERMINAL_ID,TTYPE_ID,SIM_ID,TERMINAL_CODE,ORG_CODE,IS_VIDEO_TERMINAL,SP_SERVER_NAME,PROTOCOL_TYPE,CHANNELS,YT_PROTOCOL_TYPE) values(341985, 4, 35985, '1015984', 'B0000808',1,'1076测试服务器','4',8,'0');
insert into V_VEHICLEINFO (ORG_CODE,VEHICLE_ID,ID_NUMBER,TYPE_ID,TERMINAL_ID,DELETE_FLAG,COLOR_ID_NUMBER_ID,AUTHORIZED_PAY_MASS) values ('B0000808','3401985', '测B15984', 4, 341985, 0, '2',15);

insert into T_SIMINFO (SIM_ID, ORG_CODE, DEPTCODE, STATE,PAY_MODLE, SIM_NUM) values(35986, 'B0000808', '中国移动', 1, '预付费', 13100015985);
insert into T_TERMINALINFO (TERMINAL_ID,TTYPE_ID,SIM_ID,TERMINAL_CODE,ORG_CODE,IS_VIDEO_TERMINAL,SP_SERVER_NAME,PROTOCOL_TYPE,CHANNELS,YT_PROTOCOL_TYPE) values(341986, 4, 35986, '1015985', 'B0000808',1,'1076测试服务器','4',8,'0');
insert into V_VEHICLEINFO (ORG_CODE,VEHICLE_ID,ID_NUMBER,TYPE_ID,TERMINAL_ID,DELETE_FLAG,COLOR_ID_NUMBER_ID,AUTHORIZED_PAY_MASS) values ('B0000808','3401986', '测B15985', 4, 341986, 0, '2',15);

insert into T_SIMINFO (SIM_ID, ORG_CODE, DEPTCODE, STATE,PAY_MODLE, SIM_NUM) values(35987, 'B0000808', '中国移动', 1, '预付费', 13100015986);
insert into T_TERMINALINFO (TERMINAL_ID,TTYPE_ID,SIM_ID,TERMINAL_CODE,ORG_CODE,IS_VIDEO_TERMINAL,SP_SERVER_NAME,PROTOCOL_TYPE,CHANNELS,YT_PROTOCOL_TYPE) values(341987, 4, 35987, '1015986', 'B0000808',1,'1076测试服务器','4',8,'0');
insert into V_VEHICLEINFO (ORG_CODE,VEHICLE_ID,ID_NUMBER,TYPE_ID,TERMINAL_ID,DELETE_FLAG,COLOR_ID_NUMBER_ID,AUTHORIZED_PAY_MASS) values ('B0000808','3401987', '测B15986', 4, 341987, 0, '2',15);

insert into T_SIMINFO (SIM_ID, ORG_CODE, DEPTCODE, STATE,PAY_MODLE, SIM_NUM) values(35988, 'B0000808', '中国移动', 1, '预付费', 13100015987);
insert into T_TERMINALINFO (TERMINAL_ID,TTYPE_ID,SIM_ID,TERMINAL_CODE,ORG_CODE,IS_VIDEO_TERMINAL,SP_SERVER_NAME,PROTOCOL_TYPE,CHANNELS,YT_PROTOCOL_TYPE) values(341988, 4, 35988, '1015987', 'B0000808',1,'1076测试服务器','4',8,'0');
insert into V_VEHICLEINFO (ORG_CODE,VEHICLE_ID,ID_NUMBER,TYPE_ID,TERMINAL_ID,DELETE_FLAG,COLOR_ID_NUMBER_ID,AUTHORIZED_PAY_MASS) values ('B0000808','3401988', '测B15987', 4, 341988, 0, '2',15);

insert into T_SIMINFO (SIM_ID, ORG_CODE, DEPTCODE, STATE,PAY_MODLE, SIM_NUM) values(35989, 'B0000808', '中国移动', 1, '预付费', 13100015988);
insert into T_TERMINALINFO (TERMINAL_ID,TTYPE_ID,SIM_ID,TERMINAL_CODE,ORG_CODE,IS_VIDEO_TERMINAL,SP_SERVER_NAME,PROTOCOL_TYPE,CHANNELS,YT_PROTOCOL_TYPE) values(341989, 4, 35989, '1015988', 'B0000808',1,'1076测试服务器','4',8,'0');
insert into V_VEHICLEINFO (ORG_CODE,VEHICLE_ID,ID_NUMBER,TYPE_ID,TERMINAL_ID,DELETE_FLAG,COLOR_ID_NUMBER_ID,AUTHORIZED_PAY_MASS) values ('B0000808','3401989', '测B15988', 4, 341989, 0, '2',15);

insert into T_SIMINFO (SIM_ID, ORG_CODE, DEPTCODE, STATE,PAY_MODLE, SIM_NUM) values(35990, 'B0000808', '中国移动', 1, '预付费', 13100015989);
insert into T_TERMINALINFO (TERMINAL_ID,TTYPE_ID,SIM_ID,TERMINAL_CODE,ORG_CODE,IS_VIDEO_TERMINAL,SP_SERVER_NAME,PROTOCOL_TYPE,CHANNELS,YT_PROTOCOL_TYPE) values(341990, 4, 35990, '1015989', 'B0000808',1,'1076测试服务器','4',8,'0');
insert into V_VEHICLEINFO (ORG_CODE,VEHICLE_ID,ID_NUMBER,TYPE_ID,TERMINAL_ID,DELETE_FLAG,COLOR_ID_NUMBER_ID,AUTHORIZED_PAY_MASS) values ('B0000808','3401990', '测B15989', 4, 341990, 0, '2',15);

insert into T_SIMINFO (SIM_ID, ORG_CODE, DEPTCODE, STATE,PAY_MODLE, SIM_NUM) values(35991, 'B0000808', '中国移动', 1, '预付费', 13100015990);
insert into T_TERMINALINFO (TERMINAL_ID,TTYPE_ID,SIM_ID,TERMINAL_CODE,ORG_CODE,IS_VIDEO_TERMINAL,SP_SERVER_NAME,PROTOCOL_TYPE,CHANNELS,YT_PROTOCOL_TYPE) values(341991, 4, 35991, '1015990', 'B0000808',1,'1076测试服务器','4',8,'0');
insert into V_VEHICLEINFO (ORG_CODE,VEHICLE_ID,ID_NUMBER,TYPE_ID,TERMINAL_ID,DELETE_FLAG,COLOR_ID_NUMBER_ID,AUTHORIZED_PAY_MASS) values ('B0000808','3401991', '测B15990', 4, 341991, 0, '2',15);

insert into T_SIMINFO (SIM_ID, ORG_CODE, DEPTCODE, STATE,PAY_MODLE, SIM_NUM) values(35992, 'B0000808', '中国移动', 1, '预付费', 13100015991);
insert into T_TERMINALINFO (TERMINAL_ID,TTYPE_ID,SIM_ID,TERMINAL_CODE,ORG_CODE,IS_VIDEO_TERMINAL,SP_SERVER_NAME,PROTOCOL_TYPE,CHANNELS,YT_PROTOCOL_TYPE) values(341992, 4, 35992, '1015991', 'B0000808',1,'1076测试服务器','4',8,'0');
insert into V_VEHICLEINFO (ORG_CODE,VEHICLE_ID,ID_NUMBER,TYPE_ID,TERMINAL_ID,DELETE_FLAG,COLOR_ID_NUMBER_ID,AUTHORIZED_PAY_MASS) values ('B0000808','3401992', '测B15991', 4, 341992, 0, '2',15);

insert into T_SIMINFO (SIM_ID, ORG_CODE, DEPTCODE, STATE,PAY_MODLE, SIM_NUM) values(35993, 'B0000808', '中国移动', 1, '预付费', 13100015992);
insert into T_TERMINALINFO (TERMINAL_ID,TTYPE_ID,SIM_ID,TERMINAL_CODE,ORG_CODE,IS_VIDEO_TERMINAL,SP_SERVER_NAME,PROTOCOL_TYPE,CHANNELS,YT_PROTOCOL_TYPE) values(341993, 4, 35993, '1015992', 'B0000808',1,'1076测试服务器','4',8,'0');
insert into V_VEHICLEINFO (ORG_CODE,VEHICLE_ID,ID_NUMBER,TYPE_ID,TERMINAL_ID,DELETE_FLAG,COLOR_ID_NUMBER_ID,AUTHORIZED_PAY_MASS) values ('B0000808','3401993', '测B15992', 4, 341993, 0, '2',15);

insert into T_SIMINFO (SIM_ID, ORG_CODE, DEPTCODE, STATE,PAY_MODLE, SIM_NUM) values(35994, 'B0000808', '中国移动', 1, '预付费', 13100015993);
insert into T_TERMINALINFO (TERMINAL_ID,TTYPE_ID,SIM_ID,TERMINAL_CODE,ORG_CODE,IS_VIDEO_TERMINAL,SP_SERVER_NAME,PROTOCOL_TYPE,CHANNELS,YT_PROTOCOL_TYPE) values(341994, 4, 35994, '1015993', 'B0000808',1,'1076测试服务器','4',8,'0');
insert into V_VEHICLEINFO (ORG_CODE,VEHICLE_ID,ID_NUMBER,TYPE_ID,TERMINAL_ID,DELETE_FLAG,COLOR_ID_NUMBER_ID,AUTHORIZED_PAY_MASS) values ('B0000808','3401994', '测B15993', 4, 341994, 0, '2',15);

insert into T_SIMINFO (SIM_ID, ORG_CODE, DEPTCODE, STATE,PAY_MODLE, SIM_NUM) values(35995, 'B0000808', '中国移动', 1, '预付费', 13100015994);
insert into T_TERMINALINFO (TERMINAL_ID,TTYPE_ID,SIM_ID,TERMINAL_CODE,ORG_CODE,IS_VIDEO_TERMINAL,SP_SERVER_NAME,PROTOCOL_TYPE,CHANNELS,YT_PROTOCOL_TYPE) values(341995, 4, 35995, '1015994', 'B0000808',1,'1076测试服务器','4',8,'0');
insert into V_VEHICLEINFO (ORG_CODE,VEHICLE_ID,ID_NUMBER,TYPE_ID,TERMINAL_ID,DELETE_FLAG,COLOR_ID_NUMBER_ID,AUTHORIZED_PAY_MASS) values ('B0000808','3401995', '测B15994', 4, 341995, 0, '2',15);

insert into T_SIMINFO (SIM_ID, ORG_CODE, DEPTCODE, STATE,PAY_MODLE, SIM_NUM) values(35996, 'B0000808', '中国移动', 1, '预付费', 13100015995);
insert into T_TERMINALINFO (TERMINAL_ID,TTYPE_ID,SIM_ID,TERMINAL_CODE,ORG_CODE,IS_VIDEO_TERMINAL,SP_SERVER_NAME,PROTOCOL_TYPE,CHANNELS,YT_PROTOCOL_TYPE) values(341996, 4, 35996, '1015995', 'B0000808',1,'1076测试服务器','4',8,'0');
insert into V_VEHICLEINFO (ORG_CODE,VEHICLE_ID,ID_NUMBER,TYPE_ID,TERMINAL_ID,DELETE_FLAG,COLOR_ID_NUMBER_ID,AUTHORIZED_PAY_MASS) values ('B0000808','3401996', '测B15995', 4, 341996, 0, '2',15);

insert into T_SIMINFO (SIM_ID, ORG_CODE, DEPTCODE, STATE,PAY_MODLE, SIM_NUM) values(35997, 'B0000808', '中国移动', 1, '预付费', 13100015996);
insert into T_TERMINALINFO (TERMINAL_ID,TTYPE_ID,SIM_ID,TERMINAL_CODE,ORG_CODE,IS_VIDEO_TERMINAL,SP_SERVER_NAME,PROTOCOL_TYPE,CHANNELS,YT_PROTOCOL_TYPE) values(341997, 4, 35997, '1015996', 'B0000808',1,'1076测试服务器','4',8,'0');
insert into V_VEHICLEINFO (ORG_CODE,VEHICLE_ID,ID_NUMBER,TYPE_ID,TERMINAL_ID,DELETE_FLAG,COLOR_ID_NUMBER_ID,AUTHORIZED_PAY_MASS) values ('B0000808','3401997', '测B15996', 4, 341997, 0, '2',15);

insert into T_SIMINFO (SIM_ID, ORG_CODE, DEPTCODE, STATE,PAY_MODLE, SIM_NUM) values(35998, 'B0000808', '中国移动', 1, '预付费', 13100015997);
insert into T_TERMINALINFO (TERMINAL_ID,TTYPE_ID,SIM_ID,TERMINAL_CODE,ORG_CODE,IS_VIDEO_TERMINAL,SP_SERVER_NAME,PROTOCOL_TYPE,CHANNELS,YT_PROTOCOL_TYPE) values(341998, 4, 35998, '1015997', 'B0000808',1,'1076测试服务器','4',8,'0');
insert into V_VEHICLEINFO (ORG_CODE,VEHICLE_ID,ID_NUMBER,TYPE_ID,TERMINAL_ID,DELETE_FLAG,COLOR_ID_NUMBER_ID,AUTHORIZED_PAY_MASS) values ('B0000808','3401998', '测B15997', 4, 341998, 0, '2',15);

insert into T_SIMINFO (SIM_ID, ORG_CODE, DEPTCODE, STATE,PAY_MODLE, SIM_NUM) values(35999, 'B0000808', '中国移动', 1, '预付费', 13100015998);
insert into T_TERMINALINFO (TERMINAL_ID,TTYPE_ID,SIM_ID,TERMINAL_CODE,ORG_CODE,IS_VIDEO_TERMINAL,SP_SERVER_NAME,PROTOCOL_TYPE,CHANNELS,YT_PROTOCOL_TYPE) values(341999, 4, 35999, '1015998', 'B0000808',1,'1076测试服务器','4',8,'0');
insert into V_VEHICLEINFO (ORG_CODE,VEHICLE_ID,ID_NUMBER,TYPE_ID,TERMINAL_ID,DELETE_FLAG,COLOR_ID_NUMBER_ID,AUTHORIZED_PAY_MASS) values ('B0000808','3401999', '测B15998', 4, 341999, 0, '2',15);

insert into T_SIMINFO (SIM_ID, ORG_CODE, DEPTCODE, STATE,PAY_MODLE, SIM_NUM) values(36000, 'B0000808', '中国移动', 1, '预付费', 13100015999);
insert into T_TERMINALINFO (TERMINAL_ID,TTYPE_ID,SIM_ID,TERMINAL_CODE,ORG_CODE,IS_VIDEO_TERMINAL,SP_SERVER_NAME,PROTOCOL_TYPE,CHANNELS,YT_PROTOCOL_TYPE) values(342000, 4, 36000, '1015999', 'B0000808',1,'1076测试服务器','4',8,'0');
insert into V_VEHICLEINFO (ORG_CODE,VEHICLE_ID,ID_NUMBER,TYPE_ID,TERMINAL_ID,DELETE_FLAG,COLOR_ID_NUMBER_ID,AUTHORIZED_PAY_MASS) values ('B0000808','3402000', '测B15999', 4, 342000, 0, '2',15);

