insert into T_SIMINFO (SIM_ID, ORG_CODE, DEPTCODE, STATE,PAY_MODLE, SIM_NUM) values(26001, 'B0000804', '中国移动', 1, '预付费', 13100006000);
insert into T_TERMINALINFO (TERMINAL_ID,TTYPE_ID,SIM_ID,TERMINAL_CODE,ORG_CODE,IS_VIDEO_TERMINAL,SP_SERVER_NAME,PROTOCOL_TYPE,CHANNELS,YT_PROTOCOL_TYPE) values(260001, 4, 26001, '1006000', 'B0000804',1,'1076测试服务器','4',8,'0');
insert into V_VEHICLEINFO (ORG_CODE,VEHICLE_ID,ID_NUMBER,TYPE_ID,TERMINAL_ID,DELETE_FLAG,COLOR_ID_NUMBER_ID,AUTHORIZED_PAY_MASS) values ('B0000804','2600001', '测B06000', 4, 260001, 0, '2',15);

insert into T_SIMINFO (SIM_ID, ORG_CODE, DEPTCODE, STATE,PAY_MODLE, SIM_NUM) values(26002, 'B0000804', '中国移动', 1, '预付费', 13100006001);
insert into T_TERMINALINFO (TERMINAL_ID,TTYPE_ID,SIM_ID,TERMINAL_CODE,ORG_CODE,IS_VIDEO_TERMINAL,SP_SERVER_NAME,PROTOCOL_TYPE,CHANNELS,YT_PROTOCOL_TYPE) values(260002, 4, 26002, '1006001', 'B0000804',1,'1076测试服务器','4',8,'0');
insert into V_VEHICLEINFO (ORG_CODE,VEHICLE_ID,ID_NUMBER,TYPE_ID,TERMINAL_ID,DELETE_FLAG,COLOR_ID_NUMBER_ID,AUTHORIZED_PAY_MASS) values ('B0000804','2600002', '测B06001', 4, 260002, 0, '2',15);

insert into T_SIMINFO (SIM_ID, ORG_CODE, DEPTCODE, STATE,PAY_MODLE, SIM_NUM) values(26003, 'B0000804', '中国移动', 1, '预付费', 13100006002);
insert into T_TERMINALINFO (TERMINAL_ID,TTYPE_ID,SIM_ID,TERMINAL_CODE,ORG_CODE,IS_VIDEO_TERMINAL,SP_SERVER_NAME,PROTOCOL_TYPE,CHANNELS,YT_PROTOCOL_TYPE) values(260003, 4, 26003, '1006002', 'B0000804',1,'1076测试服务器','4',8,'0');
insert into V_VEHICLEINFO (ORG_CODE,VEHICLE_ID,ID_NUMBER,TYPE_ID,TERMINAL_ID,DELETE_FLAG,COLOR_ID_NUMBER_ID,AUTHORIZED_PAY_MASS) values ('B0000804','2600003', '测B06002', 4, 260003, 0, '2',15);

insert into T_SIMINFO (SIM_ID, ORG_CODE, DEPTCODE, STATE,PAY_MODLE, SIM_NUM) values(26004, 'B0000804', '中国移动', 1, '预付费', 13100006003);
insert into T_TERMINALINFO (TERMINAL_ID,TTYPE_ID,SIM_ID,TERMINAL_CODE,ORG_CODE,IS_VIDEO_TERMINAL,SP_SERVER_NAME,PROTOCOL_TYPE,CHANNELS,YT_PROTOCOL_TYPE) values(260004, 4, 26004, '1006003', 'B0000804',1,'1076测试服务器','4',8,'0');
insert into V_VEHICLEINFO (ORG_CODE,VEHICLE_ID,ID_NUMBER,TYPE_ID,TERMINAL_ID,DELETE_FLAG,COLOR_ID_NUMBER_ID,AUTHORIZED_PAY_MASS) values ('B0000804','2600004', '测B06003', 4, 260004, 0, '2',15);

insert into T_SIMINFO (SIM_ID, ORG_CODE, DEPTCODE, STATE,PAY_MODLE, SIM_NUM) values(26005, 'B0000804', '中国移动', 1, '预付费', 13100006004);
insert into T_TERMINALINFO (TERMINAL_ID,TTYPE_ID,SIM_ID,TERMINAL_CODE,ORG_CODE,IS_VIDEO_TERMINAL,SP_SERVER_NAME,PROTOCOL_TYPE,CHANNELS,YT_PROTOCOL_TYPE) values(260005, 4, 26005, '1006004', 'B0000804',1,'1076测试服务器','4',8,'0');
insert into V_VEHICLEINFO (ORG_CODE,VEHICLE_ID,ID_NUMBER,TYPE_ID,TERMINAL_ID,DELETE_FLAG,COLOR_ID_NUMBER_ID,AUTHORIZED_PAY_MASS) values ('B0000804','2600005', '测B06004', 4, 260005, 0, '2',15);

insert into T_SIMINFO (SIM_ID, ORG_CODE, DEPTCODE, STATE,PAY_MODLE, SIM_NUM) values(26006, 'B0000804', '中国移动', 1, '预付费', 13100006005);
insert into T_TERMINALINFO (TERMINAL_ID,TTYPE_ID,SIM_ID,TERMINAL_CODE,ORG_CODE,IS_VIDEO_TERMINAL,SP_SERVER_NAME,PROTOCOL_TYPE,CHANNELS,YT_PROTOCOL_TYPE) values(260006, 4, 26006, '1006005', 'B0000804',1,'1076测试服务器','4',8,'0');
insert into V_VEHICLEINFO (ORG_CODE,VEHICLE_ID,ID_NUMBER,TYPE_ID,TERMINAL_ID,DELETE_FLAG,COLOR_ID_NUMBER_ID,AUTHORIZED_PAY_MASS) values ('B0000804','2600006', '测B06005', 4, 260006, 0, '2',15);

insert into T_SIMINFO (SIM_ID, ORG_CODE, DEPTCODE, STATE,PAY_MODLE, SIM_NUM) values(26007, 'B0000804', '中国移动', 1, '预付费', 13100006006);
insert into T_TERMINALINFO (TERMINAL_ID,TTYPE_ID,SIM_ID,TERMINAL_CODE,ORG_CODE,IS_VIDEO_TERMINAL,SP_SERVER_NAME,PROTOCOL_TYPE,CHANNELS,YT_PROTOCOL_TYPE) values(260007, 4, 26007, '1006006', 'B0000804',1,'1076测试服务器','4',8,'0');
insert into V_VEHICLEINFO (ORG_CODE,VEHICLE_ID,ID_NUMBER,TYPE_ID,TERMINAL_ID,DELETE_FLAG,COLOR_ID_NUMBER_ID,AUTHORIZED_PAY_MASS) values ('B0000804','2600007', '测B06006', 4, 260007, 0, '2',15);

insert into T_SIMINFO (SIM_ID, ORG_CODE, DEPTCODE, STATE,PAY_MODLE, SIM_NUM) values(26008, 'B0000804', '中国移动', 1, '预付费', 13100006007);
insert into T_TERMINALINFO (TERMINAL_ID,TTYPE_ID,SIM_ID,TERMINAL_CODE,ORG_CODE,IS_VIDEO_TERMINAL,SP_SERVER_NAME,PROTOCOL_TYPE,CHANNELS,YT_PROTOCOL_TYPE) values(260008, 4, 26008, '1006007', 'B0000804',1,'1076测试服务器','4',8,'0');
insert into V_VEHICLEINFO (ORG_CODE,VEHICLE_ID,ID_NUMBER,TYPE_ID,TERMINAL_ID,DELETE_FLAG,COLOR_ID_NUMBER_ID,AUTHORIZED_PAY_MASS) values ('B0000804','2600008', '测B06007', 4, 260008, 0, '2',15);

insert into T_SIMINFO (SIM_ID, ORG_CODE, DEPTCODE, STATE,PAY_MODLE, SIM_NUM) values(26009, 'B0000804', '中国移动', 1, '预付费', 13100006008);
insert into T_TERMINALINFO (TERMINAL_ID,TTYPE_ID,SIM_ID,TERMINAL_CODE,ORG_CODE,IS_VIDEO_TERMINAL,SP_SERVER_NAME,PROTOCOL_TYPE,CHANNELS,YT_PROTOCOL_TYPE) values(260009, 4, 26009, '1006008', 'B0000804',1,'1076测试服务器','4',8,'0');
insert into V_VEHICLEINFO (ORG_CODE,VEHICLE_ID,ID_NUMBER,TYPE_ID,TERMINAL_ID,DELETE_FLAG,COLOR_ID_NUMBER_ID,AUTHORIZED_PAY_MASS) values ('B0000804','2600009', '测B06008', 4, 260009, 0, '2',15);

insert into T_SIMINFO (SIM_ID, ORG_CODE, DEPTCODE, STATE,PAY_MODLE, SIM_NUM) values(26010, 'B0000804', '中国移动', 1, '预付费', 13100006009);
insert into T_TERMINALINFO (TERMINAL_ID,TTYPE_ID,SIM_ID,TERMINAL_CODE,ORG_CODE,IS_VIDEO_TERMINAL,SP_SERVER_NAME,PROTOCOL_TYPE,CHANNELS,YT_PROTOCOL_TYPE) values(260010, 4, 26010, '1006009', 'B0000804',1,'1076测试服务器','4',8,'0');
insert into V_VEHICLEINFO (ORG_CODE,VEHICLE_ID,ID_NUMBER,TYPE_ID,TERMINAL_ID,DELETE_FLAG,COLOR_ID_NUMBER_ID,AUTHORIZED_PAY_MASS) values ('B0000804','2600010', '测B06009', 4, 260010, 0, '2',15);

insert into T_SIMINFO (SIM_ID, ORG_CODE, DEPTCODE, STATE,PAY_MODLE, SIM_NUM) values(26011, 'B0000804', '中国移动', 1, '预付费', 13100006010);
insert into T_TERMINALINFO (TERMINAL_ID,TTYPE_ID,SIM_ID,TERMINAL_CODE,ORG_CODE,IS_VIDEO_TERMINAL,SP_SERVER_NAME,PROTOCOL_TYPE,CHANNELS,YT_PROTOCOL_TYPE) values(260011, 4, 26011, '1006010', 'B0000804',1,'1076测试服务器','4',8,'0');
insert into V_VEHICLEINFO (ORG_CODE,VEHICLE_ID,ID_NUMBER,TYPE_ID,TERMINAL_ID,DELETE_FLAG,COLOR_ID_NUMBER_ID,AUTHORIZED_PAY_MASS) values ('B0000804','2600011', '测B06010', 4, 260011, 0, '2',15);

insert into T_SIMINFO (SIM_ID, ORG_CODE, DEPTCODE, STATE,PAY_MODLE, SIM_NUM) values(26012, 'B0000804', '中国移动', 1, '预付费', 13100006011);
insert into T_TERMINALINFO (TERMINAL_ID,TTYPE_ID,SIM_ID,TERMINAL_CODE,ORG_CODE,IS_VIDEO_TERMINAL,SP_SERVER_NAME,PROTOCOL_TYPE,CHANNELS,YT_PROTOCOL_TYPE) values(260012, 4, 26012, '1006011', 'B0000804',1,'1076测试服务器','4',8,'0');
insert into V_VEHICLEINFO (ORG_CODE,VEHICLE_ID,ID_NUMBER,TYPE_ID,TERMINAL_ID,DELETE_FLAG,COLOR_ID_NUMBER_ID,AUTHORIZED_PAY_MASS) values ('B0000804','2600012', '测B06011', 4, 260012, 0, '2',15);

insert into T_SIMINFO (SIM_ID, ORG_CODE, DEPTCODE, STATE,PAY_MODLE, SIM_NUM) values(26013, 'B0000804', '中国移动', 1, '预付费', 13100006012);
insert into T_TERMINALINFO (TERMINAL_ID,TTYPE_ID,SIM_ID,TERMINAL_CODE,ORG_CODE,IS_VIDEO_TERMINAL,SP_SERVER_NAME,PROTOCOL_TYPE,CHANNELS,YT_PROTOCOL_TYPE) values(260013, 4, 26013, '1006012', 'B0000804',1,'1076测试服务器','4',8,'0');
insert into V_VEHICLEINFO (ORG_CODE,VEHICLE_ID,ID_NUMBER,TYPE_ID,TERMINAL_ID,DELETE_FLAG,COLOR_ID_NUMBER_ID,AUTHORIZED_PAY_MASS) values ('B0000804','2600013', '测B06012', 4, 260013, 0, '2',15);

insert into T_SIMINFO (SIM_ID, ORG_CODE, DEPTCODE, STATE,PAY_MODLE, SIM_NUM) values(26014, 'B0000804', '中国移动', 1, '预付费', 13100006013);
insert into T_TERMINALINFO (TERMINAL_ID,TTYPE_ID,SIM_ID,TERMINAL_CODE,ORG_CODE,IS_VIDEO_TERMINAL,SP_SERVER_NAME,PROTOCOL_TYPE,CHANNELS,YT_PROTOCOL_TYPE) values(260014, 4, 26014, '1006013', 'B0000804',1,'1076测试服务器','4',8,'0');
insert into V_VEHICLEINFO (ORG_CODE,VEHICLE_ID,ID_NUMBER,TYPE_ID,TERMINAL_ID,DELETE_FLAG,COLOR_ID_NUMBER_ID,AUTHORIZED_PAY_MASS) values ('B0000804','2600014', '测B06013', 4, 260014, 0, '2',15);

insert into T_SIMINFO (SIM_ID, ORG_CODE, DEPTCODE, STATE,PAY_MODLE, SIM_NUM) values(26015, 'B0000804', '中国移动', 1, '预付费', 13100006014);
insert into T_TERMINALINFO (TERMINAL_ID,TTYPE_ID,SIM_ID,TERMINAL_CODE,ORG_CODE,IS_VIDEO_TERMINAL,SP_SERVER_NAME,PROTOCOL_TYPE,CHANNELS,YT_PROTOCOL_TYPE) values(260015, 4, 26015, '1006014', 'B0000804',1,'1076测试服务器','4',8,'0');
insert into V_VEHICLEINFO (ORG_CODE,VEHICLE_ID,ID_NUMBER,TYPE_ID,TERMINAL_ID,DELETE_FLAG,COLOR_ID_NUMBER_ID,AUTHORIZED_PAY_MASS) values ('B0000804','2600015', '测B06014', 4, 260015, 0, '2',15);

insert into T_SIMINFO (SIM_ID, ORG_CODE, DEPTCODE, STATE,PAY_MODLE, SIM_NUM) values(26016, 'B0000804', '中国移动', 1, '预付费', 13100006015);
insert into T_TERMINALINFO (TERMINAL_ID,TTYPE_ID,SIM_ID,TERMINAL_CODE,ORG_CODE,IS_VIDEO_TERMINAL,SP_SERVER_NAME,PROTOCOL_TYPE,CHANNELS,YT_PROTOCOL_TYPE) values(260016, 4, 26016, '1006015', 'B0000804',1,'1076测试服务器','4',8,'0');
insert into V_VEHICLEINFO (ORG_CODE,VEHICLE_ID,ID_NUMBER,TYPE_ID,TERMINAL_ID,DELETE_FLAG,COLOR_ID_NUMBER_ID,AUTHORIZED_PAY_MASS) values ('B0000804','2600016', '测B06015', 4, 260016, 0, '2',15);

insert into T_SIMINFO (SIM_ID, ORG_CODE, DEPTCODE, STATE,PAY_MODLE, SIM_NUM) values(26017, 'B0000804', '中国移动', 1, '预付费', 13100006016);
insert into T_TERMINALINFO (TERMINAL_ID,TTYPE_ID,SIM_ID,TERMINAL_CODE,ORG_CODE,IS_VIDEO_TERMINAL,SP_SERVER_NAME,PROTOCOL_TYPE,CHANNELS,YT_PROTOCOL_TYPE) values(260017, 4, 26017, '1006016', 'B0000804',1,'1076测试服务器','4',8,'0');
insert into V_VEHICLEINFO (ORG_CODE,VEHICLE_ID,ID_NUMBER,TYPE_ID,TERMINAL_ID,DELETE_FLAG,COLOR_ID_NUMBER_ID,AUTHORIZED_PAY_MASS) values ('B0000804','2600017', '测B06016', 4, 260017, 0, '2',15);

insert into T_SIMINFO (SIM_ID, ORG_CODE, DEPTCODE, STATE,PAY_MODLE, SIM_NUM) values(26018, 'B0000804', '中国移动', 1, '预付费', 13100006017);
insert into T_TERMINALINFO (TERMINAL_ID,TTYPE_ID,SIM_ID,TERMINAL_CODE,ORG_CODE,IS_VIDEO_TERMINAL,SP_SERVER_NAME,PROTOCOL_TYPE,CHANNELS,YT_PROTOCOL_TYPE) values(260018, 4, 26018, '1006017', 'B0000804',1,'1076测试服务器','4',8,'0');
insert into V_VEHICLEINFO (ORG_CODE,VEHICLE_ID,ID_NUMBER,TYPE_ID,TERMINAL_ID,DELETE_FLAG,COLOR_ID_NUMBER_ID,AUTHORIZED_PAY_MASS) values ('B0000804','2600018', '测B06017', 4, 260018, 0, '2',15);

insert into T_SIMINFO (SIM_ID, ORG_CODE, DEPTCODE, STATE,PAY_MODLE, SIM_NUM) values(26019, 'B0000804', '中国移动', 1, '预付费', 13100006018);
insert into T_TERMINALINFO (TERMINAL_ID,TTYPE_ID,SIM_ID,TERMINAL_CODE,ORG_CODE,IS_VIDEO_TERMINAL,SP_SERVER_NAME,PROTOCOL_TYPE,CHANNELS,YT_PROTOCOL_TYPE) values(260019, 4, 26019, '1006018', 'B0000804',1,'1076测试服务器','4',8,'0');
insert into V_VEHICLEINFO (ORG_CODE,VEHICLE_ID,ID_NUMBER,TYPE_ID,TERMINAL_ID,DELETE_FLAG,COLOR_ID_NUMBER_ID,AUTHORIZED_PAY_MASS) values ('B0000804','2600019', '测B06018', 4, 260019, 0, '2',15);

insert into T_SIMINFO (SIM_ID, ORG_CODE, DEPTCODE, STATE,PAY_MODLE, SIM_NUM) values(26020, 'B0000804', '中国移动', 1, '预付费', 13100006019);
insert into T_TERMINALINFO (TERMINAL_ID,TTYPE_ID,SIM_ID,TERMINAL_CODE,ORG_CODE,IS_VIDEO_TERMINAL,SP_SERVER_NAME,PROTOCOL_TYPE,CHANNELS,YT_PROTOCOL_TYPE) values(260020, 4, 26020, '1006019', 'B0000804',1,'1076测试服务器','4',8,'0');
insert into V_VEHICLEINFO (ORG_CODE,VEHICLE_ID,ID_NUMBER,TYPE_ID,TERMINAL_ID,DELETE_FLAG,COLOR_ID_NUMBER_ID,AUTHORIZED_PAY_MASS) values ('B0000804','2600020', '测B06019', 4, 260020, 0, '2',15);

insert into T_SIMINFO (SIM_ID, ORG_CODE, DEPTCODE, STATE,PAY_MODLE, SIM_NUM) values(26021, 'B0000804', '中国移动', 1, '预付费', 13100006020);
insert into T_TERMINALINFO (TERMINAL_ID,TTYPE_ID,SIM_ID,TERMINAL_CODE,ORG_CODE,IS_VIDEO_TERMINAL,SP_SERVER_NAME,PROTOCOL_TYPE,CHANNELS,YT_PROTOCOL_TYPE) values(260021, 4, 26021, '1006020', 'B0000804',1,'1076测试服务器','4',8,'0');
insert into V_VEHICLEINFO (ORG_CODE,VEHICLE_ID,ID_NUMBER,TYPE_ID,TERMINAL_ID,DELETE_FLAG,COLOR_ID_NUMBER_ID,AUTHORIZED_PAY_MASS) values ('B0000804','2600021', '测B06020', 4, 260021, 0, '2',15);

insert into T_SIMINFO (SIM_ID, ORG_CODE, DEPTCODE, STATE,PAY_MODLE, SIM_NUM) values(26022, 'B0000804', '中国移动', 1, '预付费', 13100006021);
insert into T_TERMINALINFO (TERMINAL_ID,TTYPE_ID,SIM_ID,TERMINAL_CODE,ORG_CODE,IS_VIDEO_TERMINAL,SP_SERVER_NAME,PROTOCOL_TYPE,CHANNELS,YT_PROTOCOL_TYPE) values(260022, 4, 26022, '1006021', 'B0000804',1,'1076测试服务器','4',8,'0');
insert into V_VEHICLEINFO (ORG_CODE,VEHICLE_ID,ID_NUMBER,TYPE_ID,TERMINAL_ID,DELETE_FLAG,COLOR_ID_NUMBER_ID,AUTHORIZED_PAY_MASS) values ('B0000804','2600022', '测B06021', 4, 260022, 0, '2',15);

insert into T_SIMINFO (SIM_ID, ORG_CODE, DEPTCODE, STATE,PAY_MODLE, SIM_NUM) values(26023, 'B0000804', '中国移动', 1, '预付费', 13100006022);
insert into T_TERMINALINFO (TERMINAL_ID,TTYPE_ID,SIM_ID,TERMINAL_CODE,ORG_CODE,IS_VIDEO_TERMINAL,SP_SERVER_NAME,PROTOCOL_TYPE,CHANNELS,YT_PROTOCOL_TYPE) values(260023, 4, 26023, '1006022', 'B0000804',1,'1076测试服务器','4',8,'0');
insert into V_VEHICLEINFO (ORG_CODE,VEHICLE_ID,ID_NUMBER,TYPE_ID,TERMINAL_ID,DELETE_FLAG,COLOR_ID_NUMBER_ID,AUTHORIZED_PAY_MASS) values ('B0000804','2600023', '测B06022', 4, 260023, 0, '2',15);

insert into T_SIMINFO (SIM_ID, ORG_CODE, DEPTCODE, STATE,PAY_MODLE, SIM_NUM) values(26024, 'B0000804', '中国移动', 1, '预付费', 13100006023);
insert into T_TERMINALINFO (TERMINAL_ID,TTYPE_ID,SIM_ID,TERMINAL_CODE,ORG_CODE,IS_VIDEO_TERMINAL,SP_SERVER_NAME,PROTOCOL_TYPE,CHANNELS,YT_PROTOCOL_TYPE) values(260024, 4, 26024, '1006023', 'B0000804',1,'1076测试服务器','4',8,'0');
insert into V_VEHICLEINFO (ORG_CODE,VEHICLE_ID,ID_NUMBER,TYPE_ID,TERMINAL_ID,DELETE_FLAG,COLOR_ID_NUMBER_ID,AUTHORIZED_PAY_MASS) values ('B0000804','2600024', '测B06023', 4, 260024, 0, '2',15);

insert into T_SIMINFO (SIM_ID, ORG_CODE, DEPTCODE, STATE,PAY_MODLE, SIM_NUM) values(26025, 'B0000804', '中国移动', 1, '预付费', 13100006024);
insert into T_TERMINALINFO (TERMINAL_ID,TTYPE_ID,SIM_ID,TERMINAL_CODE,ORG_CODE,IS_VIDEO_TERMINAL,SP_SERVER_NAME,PROTOCOL_TYPE,CHANNELS,YT_PROTOCOL_TYPE) values(260025, 4, 26025, '1006024', 'B0000804',1,'1076测试服务器','4',8,'0');
insert into V_VEHICLEINFO (ORG_CODE,VEHICLE_ID,ID_NUMBER,TYPE_ID,TERMINAL_ID,DELETE_FLAG,COLOR_ID_NUMBER_ID,AUTHORIZED_PAY_MASS) values ('B0000804','2600025', '测B06024', 4, 260025, 0, '2',15);

insert into T_SIMINFO (SIM_ID, ORG_CODE, DEPTCODE, STATE,PAY_MODLE, SIM_NUM) values(26026, 'B0000804', '中国移动', 1, '预付费', 13100006025);
insert into T_TERMINALINFO (TERMINAL_ID,TTYPE_ID,SIM_ID,TERMINAL_CODE,ORG_CODE,IS_VIDEO_TERMINAL,SP_SERVER_NAME,PROTOCOL_TYPE,CHANNELS,YT_PROTOCOL_TYPE) values(260026, 4, 26026, '1006025', 'B0000804',1,'1076测试服务器','4',8,'0');
insert into V_VEHICLEINFO (ORG_CODE,VEHICLE_ID,ID_NUMBER,TYPE_ID,TERMINAL_ID,DELETE_FLAG,COLOR_ID_NUMBER_ID,AUTHORIZED_PAY_MASS) values ('B0000804','2600026', '测B06025', 4, 260026, 0, '2',15);

insert into T_SIMINFO (SIM_ID, ORG_CODE, DEPTCODE, STATE,PAY_MODLE, SIM_NUM) values(26027, 'B0000804', '中国移动', 1, '预付费', 13100006026);
insert into T_TERMINALINFO (TERMINAL_ID,TTYPE_ID,SIM_ID,TERMINAL_CODE,ORG_CODE,IS_VIDEO_TERMINAL,SP_SERVER_NAME,PROTOCOL_TYPE,CHANNELS,YT_PROTOCOL_TYPE) values(260027, 4, 26027, '1006026', 'B0000804',1,'1076测试服务器','4',8,'0');
insert into V_VEHICLEINFO (ORG_CODE,VEHICLE_ID,ID_NUMBER,TYPE_ID,TERMINAL_ID,DELETE_FLAG,COLOR_ID_NUMBER_ID,AUTHORIZED_PAY_MASS) values ('B0000804','2600027', '测B06026', 4, 260027, 0, '2',15);

insert into T_SIMINFO (SIM_ID, ORG_CODE, DEPTCODE, STATE,PAY_MODLE, SIM_NUM) values(26028, 'B0000804', '中国移动', 1, '预付费', 13100006027);
insert into T_TERMINALINFO (TERMINAL_ID,TTYPE_ID,SIM_ID,TERMINAL_CODE,ORG_CODE,IS_VIDEO_TERMINAL,SP_SERVER_NAME,PROTOCOL_TYPE,CHANNELS,YT_PROTOCOL_TYPE) values(260028, 4, 26028, '1006027', 'B0000804',1,'1076测试服务器','4',8,'0');
insert into V_VEHICLEINFO (ORG_CODE,VEHICLE_ID,ID_NUMBER,TYPE_ID,TERMINAL_ID,DELETE_FLAG,COLOR_ID_NUMBER_ID,AUTHORIZED_PAY_MASS) values ('B0000804','2600028', '测B06027', 4, 260028, 0, '2',15);

insert into T_SIMINFO (SIM_ID, ORG_CODE, DEPTCODE, STATE,PAY_MODLE, SIM_NUM) values(26029, 'B0000804', '中国移动', 1, '预付费', 13100006028);
insert into T_TERMINALINFO (TERMINAL_ID,TTYPE_ID,SIM_ID,TERMINAL_CODE,ORG_CODE,IS_VIDEO_TERMINAL,SP_SERVER_NAME,PROTOCOL_TYPE,CHANNELS,YT_PROTOCOL_TYPE) values(260029, 4, 26029, '1006028', 'B0000804',1,'1076测试服务器','4',8,'0');
insert into V_VEHICLEINFO (ORG_CODE,VEHICLE_ID,ID_NUMBER,TYPE_ID,TERMINAL_ID,DELETE_FLAG,COLOR_ID_NUMBER_ID,AUTHORIZED_PAY_MASS) values ('B0000804','2600029', '测B06028', 4, 260029, 0, '2',15);

insert into T_SIMINFO (SIM_ID, ORG_CODE, DEPTCODE, STATE,PAY_MODLE, SIM_NUM) values(26030, 'B0000804', '中国移动', 1, '预付费', 13100006029);
insert into T_TERMINALINFO (TERMINAL_ID,TTYPE_ID,SIM_ID,TERMINAL_CODE,ORG_CODE,IS_VIDEO_TERMINAL,SP_SERVER_NAME,PROTOCOL_TYPE,CHANNELS,YT_PROTOCOL_TYPE) values(260030, 4, 26030, '1006029', 'B0000804',1,'1076测试服务器','4',8,'0');
insert into V_VEHICLEINFO (ORG_CODE,VEHICLE_ID,ID_NUMBER,TYPE_ID,TERMINAL_ID,DELETE_FLAG,COLOR_ID_NUMBER_ID,AUTHORIZED_PAY_MASS) values ('B0000804','2600030', '测B06029', 4, 260030, 0, '2',15);

insert into T_SIMINFO (SIM_ID, ORG_CODE, DEPTCODE, STATE,PAY_MODLE, SIM_NUM) values(26031, 'B0000804', '中国移动', 1, '预付费', 13100006030);
insert into T_TERMINALINFO (TERMINAL_ID,TTYPE_ID,SIM_ID,TERMINAL_CODE,ORG_CODE,IS_VIDEO_TERMINAL,SP_SERVER_NAME,PROTOCOL_TYPE,CHANNELS,YT_PROTOCOL_TYPE) values(260031, 4, 26031, '1006030', 'B0000804',1,'1076测试服务器','4',8,'0');
insert into V_VEHICLEINFO (ORG_CODE,VEHICLE_ID,ID_NUMBER,TYPE_ID,TERMINAL_ID,DELETE_FLAG,COLOR_ID_NUMBER_ID,AUTHORIZED_PAY_MASS) values ('B0000804','2600031', '测B06030', 4, 260031, 0, '2',15);

insert into T_SIMINFO (SIM_ID, ORG_CODE, DEPTCODE, STATE,PAY_MODLE, SIM_NUM) values(26032, 'B0000804', '中国移动', 1, '预付费', 13100006031);
insert into T_TERMINALINFO (TERMINAL_ID,TTYPE_ID,SIM_ID,TERMINAL_CODE,ORG_CODE,IS_VIDEO_TERMINAL,SP_SERVER_NAME,PROTOCOL_TYPE,CHANNELS,YT_PROTOCOL_TYPE) values(260032, 4, 26032, '1006031', 'B0000804',1,'1076测试服务器','4',8,'0');
insert into V_VEHICLEINFO (ORG_CODE,VEHICLE_ID,ID_NUMBER,TYPE_ID,TERMINAL_ID,DELETE_FLAG,COLOR_ID_NUMBER_ID,AUTHORIZED_PAY_MASS) values ('B0000804','2600032', '测B06031', 4, 260032, 0, '2',15);

insert into T_SIMINFO (SIM_ID, ORG_CODE, DEPTCODE, STATE,PAY_MODLE, SIM_NUM) values(26033, 'B0000804', '中国移动', 1, '预付费', 13100006032);
insert into T_TERMINALINFO (TERMINAL_ID,TTYPE_ID,SIM_ID,TERMINAL_CODE,ORG_CODE,IS_VIDEO_TERMINAL,SP_SERVER_NAME,PROTOCOL_TYPE,CHANNELS,YT_PROTOCOL_TYPE) values(260033, 4, 26033, '1006032', 'B0000804',1,'1076测试服务器','4',8,'0');
insert into V_VEHICLEINFO (ORG_CODE,VEHICLE_ID,ID_NUMBER,TYPE_ID,TERMINAL_ID,DELETE_FLAG,COLOR_ID_NUMBER_ID,AUTHORIZED_PAY_MASS) values ('B0000804','2600033', '测B06032', 4, 260033, 0, '2',15);

insert into T_SIMINFO (SIM_ID, ORG_CODE, DEPTCODE, STATE,PAY_MODLE, SIM_NUM) values(26034, 'B0000804', '中国移动', 1, '预付费', 13100006033);
insert into T_TERMINALINFO (TERMINAL_ID,TTYPE_ID,SIM_ID,TERMINAL_CODE,ORG_CODE,IS_VIDEO_TERMINAL,SP_SERVER_NAME,PROTOCOL_TYPE,CHANNELS,YT_PROTOCOL_TYPE) values(260034, 4, 26034, '1006033', 'B0000804',1,'1076测试服务器','4',8,'0');
insert into V_VEHICLEINFO (ORG_CODE,VEHICLE_ID,ID_NUMBER,TYPE_ID,TERMINAL_ID,DELETE_FLAG,COLOR_ID_NUMBER_ID,AUTHORIZED_PAY_MASS) values ('B0000804','2600034', '测B06033', 4, 260034, 0, '2',15);

insert into T_SIMINFO (SIM_ID, ORG_CODE, DEPTCODE, STATE,PAY_MODLE, SIM_NUM) values(26035, 'B0000804', '中国移动', 1, '预付费', 13100006034);
insert into T_TERMINALINFO (TERMINAL_ID,TTYPE_ID,SIM_ID,TERMINAL_CODE,ORG_CODE,IS_VIDEO_TERMINAL,SP_SERVER_NAME,PROTOCOL_TYPE,CHANNELS,YT_PROTOCOL_TYPE) values(260035, 4, 26035, '1006034', 'B0000804',1,'1076测试服务器','4',8,'0');
insert into V_VEHICLEINFO (ORG_CODE,VEHICLE_ID,ID_NUMBER,TYPE_ID,TERMINAL_ID,DELETE_FLAG,COLOR_ID_NUMBER_ID,AUTHORIZED_PAY_MASS) values ('B0000804','2600035', '测B06034', 4, 260035, 0, '2',15);

insert into T_SIMINFO (SIM_ID, ORG_CODE, DEPTCODE, STATE,PAY_MODLE, SIM_NUM) values(26036, 'B0000804', '中国移动', 1, '预付费', 13100006035);
insert into T_TERMINALINFO (TERMINAL_ID,TTYPE_ID,SIM_ID,TERMINAL_CODE,ORG_CODE,IS_VIDEO_TERMINAL,SP_SERVER_NAME,PROTOCOL_TYPE,CHANNELS,YT_PROTOCOL_TYPE) values(260036, 4, 26036, '1006035', 'B0000804',1,'1076测试服务器','4',8,'0');
insert into V_VEHICLEINFO (ORG_CODE,VEHICLE_ID,ID_NUMBER,TYPE_ID,TERMINAL_ID,DELETE_FLAG,COLOR_ID_NUMBER_ID,AUTHORIZED_PAY_MASS) values ('B0000804','2600036', '测B06035', 4, 260036, 0, '2',15);

insert into T_SIMINFO (SIM_ID, ORG_CODE, DEPTCODE, STATE,PAY_MODLE, SIM_NUM) values(26037, 'B0000804', '中国移动', 1, '预付费', 13100006036);
insert into T_TERMINALINFO (TERMINAL_ID,TTYPE_ID,SIM_ID,TERMINAL_CODE,ORG_CODE,IS_VIDEO_TERMINAL,SP_SERVER_NAME,PROTOCOL_TYPE,CHANNELS,YT_PROTOCOL_TYPE) values(260037, 4, 26037, '1006036', 'B0000804',1,'1076测试服务器','4',8,'0');
insert into V_VEHICLEINFO (ORG_CODE,VEHICLE_ID,ID_NUMBER,TYPE_ID,TERMINAL_ID,DELETE_FLAG,COLOR_ID_NUMBER_ID,AUTHORIZED_PAY_MASS) values ('B0000804','2600037', '测B06036', 4, 260037, 0, '2',15);

insert into T_SIMINFO (SIM_ID, ORG_CODE, DEPTCODE, STATE,PAY_MODLE, SIM_NUM) values(26038, 'B0000804', '中国移动', 1, '预付费', 13100006037);
insert into T_TERMINALINFO (TERMINAL_ID,TTYPE_ID,SIM_ID,TERMINAL_CODE,ORG_CODE,IS_VIDEO_TERMINAL,SP_SERVER_NAME,PROTOCOL_TYPE,CHANNELS,YT_PROTOCOL_TYPE) values(260038, 4, 26038, '1006037', 'B0000804',1,'1076测试服务器','4',8,'0');
insert into V_VEHICLEINFO (ORG_CODE,VEHICLE_ID,ID_NUMBER,TYPE_ID,TERMINAL_ID,DELETE_FLAG,COLOR_ID_NUMBER_ID,AUTHORIZED_PAY_MASS) values ('B0000804','2600038', '测B06037', 4, 260038, 0, '2',15);

insert into T_SIMINFO (SIM_ID, ORG_CODE, DEPTCODE, STATE,PAY_MODLE, SIM_NUM) values(26039, 'B0000804', '中国移动', 1, '预付费', 13100006038);
insert into T_TERMINALINFO (TERMINAL_ID,TTYPE_ID,SIM_ID,TERMINAL_CODE,ORG_CODE,IS_VIDEO_TERMINAL,SP_SERVER_NAME,PROTOCOL_TYPE,CHANNELS,YT_PROTOCOL_TYPE) values(260039, 4, 26039, '1006038', 'B0000804',1,'1076测试服务器','4',8,'0');
insert into V_VEHICLEINFO (ORG_CODE,VEHICLE_ID,ID_NUMBER,TYPE_ID,TERMINAL_ID,DELETE_FLAG,COLOR_ID_NUMBER_ID,AUTHORIZED_PAY_MASS) values ('B0000804','2600039', '测B06038', 4, 260039, 0, '2',15);

insert into T_SIMINFO (SIM_ID, ORG_CODE, DEPTCODE, STATE,PAY_MODLE, SIM_NUM) values(26040, 'B0000804', '中国移动', 1, '预付费', 13100006039);
insert into T_TERMINALINFO (TERMINAL_ID,TTYPE_ID,SIM_ID,TERMINAL_CODE,ORG_CODE,IS_VIDEO_TERMINAL,SP_SERVER_NAME,PROTOCOL_TYPE,CHANNELS,YT_PROTOCOL_TYPE) values(260040, 4, 26040, '1006039', 'B0000804',1,'1076测试服务器','4',8,'0');
insert into V_VEHICLEINFO (ORG_CODE,VEHICLE_ID,ID_NUMBER,TYPE_ID,TERMINAL_ID,DELETE_FLAG,COLOR_ID_NUMBER_ID,AUTHORIZED_PAY_MASS) values ('B0000804','2600040', '测B06039', 4, 260040, 0, '2',15);

insert into T_SIMINFO (SIM_ID, ORG_CODE, DEPTCODE, STATE,PAY_MODLE, SIM_NUM) values(26041, 'B0000804', '中国移动', 1, '预付费', 13100006040);
insert into T_TERMINALINFO (TERMINAL_ID,TTYPE_ID,SIM_ID,TERMINAL_CODE,ORG_CODE,IS_VIDEO_TERMINAL,SP_SERVER_NAME,PROTOCOL_TYPE,CHANNELS,YT_PROTOCOL_TYPE) values(260041, 4, 26041, '1006040', 'B0000804',1,'1076测试服务器','4',8,'0');
insert into V_VEHICLEINFO (ORG_CODE,VEHICLE_ID,ID_NUMBER,TYPE_ID,TERMINAL_ID,DELETE_FLAG,COLOR_ID_NUMBER_ID,AUTHORIZED_PAY_MASS) values ('B0000804','2600041', '测B06040', 4, 260041, 0, '2',15);

insert into T_SIMINFO (SIM_ID, ORG_CODE, DEPTCODE, STATE,PAY_MODLE, SIM_NUM) values(26042, 'B0000804', '中国移动', 1, '预付费', 13100006041);
insert into T_TERMINALINFO (TERMINAL_ID,TTYPE_ID,SIM_ID,TERMINAL_CODE,ORG_CODE,IS_VIDEO_TERMINAL,SP_SERVER_NAME,PROTOCOL_TYPE,CHANNELS,YT_PROTOCOL_TYPE) values(260042, 4, 26042, '1006041', 'B0000804',1,'1076测试服务器','4',8,'0');
insert into V_VEHICLEINFO (ORG_CODE,VEHICLE_ID,ID_NUMBER,TYPE_ID,TERMINAL_ID,DELETE_FLAG,COLOR_ID_NUMBER_ID,AUTHORIZED_PAY_MASS) values ('B0000804','2600042', '测B06041', 4, 260042, 0, '2',15);

insert into T_SIMINFO (SIM_ID, ORG_CODE, DEPTCODE, STATE,PAY_MODLE, SIM_NUM) values(26043, 'B0000804', '中国移动', 1, '预付费', 13100006042);
insert into T_TERMINALINFO (TERMINAL_ID,TTYPE_ID,SIM_ID,TERMINAL_CODE,ORG_CODE,IS_VIDEO_TERMINAL,SP_SERVER_NAME,PROTOCOL_TYPE,CHANNELS,YT_PROTOCOL_TYPE) values(260043, 4, 26043, '1006042', 'B0000804',1,'1076测试服务器','4',8,'0');
insert into V_VEHICLEINFO (ORG_CODE,VEHICLE_ID,ID_NUMBER,TYPE_ID,TERMINAL_ID,DELETE_FLAG,COLOR_ID_NUMBER_ID,AUTHORIZED_PAY_MASS) values ('B0000804','2600043', '测B06042', 4, 260043, 0, '2',15);

insert into T_SIMINFO (SIM_ID, ORG_CODE, DEPTCODE, STATE,PAY_MODLE, SIM_NUM) values(26044, 'B0000804', '中国移动', 1, '预付费', 13100006043);
insert into T_TERMINALINFO (TERMINAL_ID,TTYPE_ID,SIM_ID,TERMINAL_CODE,ORG_CODE,IS_VIDEO_TERMINAL,SP_SERVER_NAME,PROTOCOL_TYPE,CHANNELS,YT_PROTOCOL_TYPE) values(260044, 4, 26044, '1006043', 'B0000804',1,'1076测试服务器','4',8,'0');
insert into V_VEHICLEINFO (ORG_CODE,VEHICLE_ID,ID_NUMBER,TYPE_ID,TERMINAL_ID,DELETE_FLAG,COLOR_ID_NUMBER_ID,AUTHORIZED_PAY_MASS) values ('B0000804','2600044', '测B06043', 4, 260044, 0, '2',15);

insert into T_SIMINFO (SIM_ID, ORG_CODE, DEPTCODE, STATE,PAY_MODLE, SIM_NUM) values(26045, 'B0000804', '中国移动', 1, '预付费', 13100006044);
insert into T_TERMINALINFO (TERMINAL_ID,TTYPE_ID,SIM_ID,TERMINAL_CODE,ORG_CODE,IS_VIDEO_TERMINAL,SP_SERVER_NAME,PROTOCOL_TYPE,CHANNELS,YT_PROTOCOL_TYPE) values(260045, 4, 26045, '1006044', 'B0000804',1,'1076测试服务器','4',8,'0');
insert into V_VEHICLEINFO (ORG_CODE,VEHICLE_ID,ID_NUMBER,TYPE_ID,TERMINAL_ID,DELETE_FLAG,COLOR_ID_NUMBER_ID,AUTHORIZED_PAY_MASS) values ('B0000804','2600045', '测B06044', 4, 260045, 0, '2',15);

insert into T_SIMINFO (SIM_ID, ORG_CODE, DEPTCODE, STATE,PAY_MODLE, SIM_NUM) values(26046, 'B0000804', '中国移动', 1, '预付费', 13100006045);
insert into T_TERMINALINFO (TERMINAL_ID,TTYPE_ID,SIM_ID,TERMINAL_CODE,ORG_CODE,IS_VIDEO_TERMINAL,SP_SERVER_NAME,PROTOCOL_TYPE,CHANNELS,YT_PROTOCOL_TYPE) values(260046, 4, 26046, '1006045', 'B0000804',1,'1076测试服务器','4',8,'0');
insert into V_VEHICLEINFO (ORG_CODE,VEHICLE_ID,ID_NUMBER,TYPE_ID,TERMINAL_ID,DELETE_FLAG,COLOR_ID_NUMBER_ID,AUTHORIZED_PAY_MASS) values ('B0000804','2600046', '测B06045', 4, 260046, 0, '2',15);

insert into T_SIMINFO (SIM_ID, ORG_CODE, DEPTCODE, STATE,PAY_MODLE, SIM_NUM) values(26047, 'B0000804', '中国移动', 1, '预付费', 13100006046);
insert into T_TERMINALINFO (TERMINAL_ID,TTYPE_ID,SIM_ID,TERMINAL_CODE,ORG_CODE,IS_VIDEO_TERMINAL,SP_SERVER_NAME,PROTOCOL_TYPE,CHANNELS,YT_PROTOCOL_TYPE) values(260047, 4, 26047, '1006046', 'B0000804',1,'1076测试服务器','4',8,'0');
insert into V_VEHICLEINFO (ORG_CODE,VEHICLE_ID,ID_NUMBER,TYPE_ID,TERMINAL_ID,DELETE_FLAG,COLOR_ID_NUMBER_ID,AUTHORIZED_PAY_MASS) values ('B0000804','2600047', '测B06046', 4, 260047, 0, '2',15);

insert into T_SIMINFO (SIM_ID, ORG_CODE, DEPTCODE, STATE,PAY_MODLE, SIM_NUM) values(26048, 'B0000804', '中国移动', 1, '预付费', 13100006047);
insert into T_TERMINALINFO (TERMINAL_ID,TTYPE_ID,SIM_ID,TERMINAL_CODE,ORG_CODE,IS_VIDEO_TERMINAL,SP_SERVER_NAME,PROTOCOL_TYPE,CHANNELS,YT_PROTOCOL_TYPE) values(260048, 4, 26048, '1006047', 'B0000804',1,'1076测试服务器','4',8,'0');
insert into V_VEHICLEINFO (ORG_CODE,VEHICLE_ID,ID_NUMBER,TYPE_ID,TERMINAL_ID,DELETE_FLAG,COLOR_ID_NUMBER_ID,AUTHORIZED_PAY_MASS) values ('B0000804','2600048', '测B06047', 4, 260048, 0, '2',15);

insert into T_SIMINFO (SIM_ID, ORG_CODE, DEPTCODE, STATE,PAY_MODLE, SIM_NUM) values(26049, 'B0000804', '中国移动', 1, '预付费', 13100006048);
insert into T_TERMINALINFO (TERMINAL_ID,TTYPE_ID,SIM_ID,TERMINAL_CODE,ORG_CODE,IS_VIDEO_TERMINAL,SP_SERVER_NAME,PROTOCOL_TYPE,CHANNELS,YT_PROTOCOL_TYPE) values(260049, 4, 26049, '1006048', 'B0000804',1,'1076测试服务器','4',8,'0');
insert into V_VEHICLEINFO (ORG_CODE,VEHICLE_ID,ID_NUMBER,TYPE_ID,TERMINAL_ID,DELETE_FLAG,COLOR_ID_NUMBER_ID,AUTHORIZED_PAY_MASS) values ('B0000804','2600049', '测B06048', 4, 260049, 0, '2',15);

insert into T_SIMINFO (SIM_ID, ORG_CODE, DEPTCODE, STATE,PAY_MODLE, SIM_NUM) values(26050, 'B0000804', '中国移动', 1, '预付费', 13100006049);
insert into T_TERMINALINFO (TERMINAL_ID,TTYPE_ID,SIM_ID,TERMINAL_CODE,ORG_CODE,IS_VIDEO_TERMINAL,SP_SERVER_NAME,PROTOCOL_TYPE,CHANNELS,YT_PROTOCOL_TYPE) values(260050, 4, 26050, '1006049', 'B0000804',1,'1076测试服务器','4',8,'0');
insert into V_VEHICLEINFO (ORG_CODE,VEHICLE_ID,ID_NUMBER,TYPE_ID,TERMINAL_ID,DELETE_FLAG,COLOR_ID_NUMBER_ID,AUTHORIZED_PAY_MASS) values ('B0000804','2600050', '测B06049', 4, 260050, 0, '2',15);

insert into T_SIMINFO (SIM_ID, ORG_CODE, DEPTCODE, STATE,PAY_MODLE, SIM_NUM) values(26051, 'B0000804', '中国移动', 1, '预付费', 13100006050);
insert into T_TERMINALINFO (TERMINAL_ID,TTYPE_ID,SIM_ID,TERMINAL_CODE,ORG_CODE,IS_VIDEO_TERMINAL,SP_SERVER_NAME,PROTOCOL_TYPE,CHANNELS,YT_PROTOCOL_TYPE) values(260051, 4, 26051, '1006050', 'B0000804',1,'1076测试服务器','4',8,'0');
insert into V_VEHICLEINFO (ORG_CODE,VEHICLE_ID,ID_NUMBER,TYPE_ID,TERMINAL_ID,DELETE_FLAG,COLOR_ID_NUMBER_ID,AUTHORIZED_PAY_MASS) values ('B0000804','2600051', '测B06050', 4, 260051, 0, '2',15);

insert into T_SIMINFO (SIM_ID, ORG_CODE, DEPTCODE, STATE,PAY_MODLE, SIM_NUM) values(26052, 'B0000804', '中国移动', 1, '预付费', 13100006051);
insert into T_TERMINALINFO (TERMINAL_ID,TTYPE_ID,SIM_ID,TERMINAL_CODE,ORG_CODE,IS_VIDEO_TERMINAL,SP_SERVER_NAME,PROTOCOL_TYPE,CHANNELS,YT_PROTOCOL_TYPE) values(260052, 4, 26052, '1006051', 'B0000804',1,'1076测试服务器','4',8,'0');
insert into V_VEHICLEINFO (ORG_CODE,VEHICLE_ID,ID_NUMBER,TYPE_ID,TERMINAL_ID,DELETE_FLAG,COLOR_ID_NUMBER_ID,AUTHORIZED_PAY_MASS) values ('B0000804','2600052', '测B06051', 4, 260052, 0, '2',15);

insert into T_SIMINFO (SIM_ID, ORG_CODE, DEPTCODE, STATE,PAY_MODLE, SIM_NUM) values(26053, 'B0000804', '中国移动', 1, '预付费', 13100006052);
insert into T_TERMINALINFO (TERMINAL_ID,TTYPE_ID,SIM_ID,TERMINAL_CODE,ORG_CODE,IS_VIDEO_TERMINAL,SP_SERVER_NAME,PROTOCOL_TYPE,CHANNELS,YT_PROTOCOL_TYPE) values(260053, 4, 26053, '1006052', 'B0000804',1,'1076测试服务器','4',8,'0');
insert into V_VEHICLEINFO (ORG_CODE,VEHICLE_ID,ID_NUMBER,TYPE_ID,TERMINAL_ID,DELETE_FLAG,COLOR_ID_NUMBER_ID,AUTHORIZED_PAY_MASS) values ('B0000804','2600053', '测B06052', 4, 260053, 0, '2',15);

insert into T_SIMINFO (SIM_ID, ORG_CODE, DEPTCODE, STATE,PAY_MODLE, SIM_NUM) values(26054, 'B0000804', '中国移动', 1, '预付费', 13100006053);
insert into T_TERMINALINFO (TERMINAL_ID,TTYPE_ID,SIM_ID,TERMINAL_CODE,ORG_CODE,IS_VIDEO_TERMINAL,SP_SERVER_NAME,PROTOCOL_TYPE,CHANNELS,YT_PROTOCOL_TYPE) values(260054, 4, 26054, '1006053', 'B0000804',1,'1076测试服务器','4',8,'0');
insert into V_VEHICLEINFO (ORG_CODE,VEHICLE_ID,ID_NUMBER,TYPE_ID,TERMINAL_ID,DELETE_FLAG,COLOR_ID_NUMBER_ID,AUTHORIZED_PAY_MASS) values ('B0000804','2600054', '测B06053', 4, 260054, 0, '2',15);

insert into T_SIMINFO (SIM_ID, ORG_CODE, DEPTCODE, STATE,PAY_MODLE, SIM_NUM) values(26055, 'B0000804', '中国移动', 1, '预付费', 13100006054);
insert into T_TERMINALINFO (TERMINAL_ID,TTYPE_ID,SIM_ID,TERMINAL_CODE,ORG_CODE,IS_VIDEO_TERMINAL,SP_SERVER_NAME,PROTOCOL_TYPE,CHANNELS,YT_PROTOCOL_TYPE) values(260055, 4, 26055, '1006054', 'B0000804',1,'1076测试服务器','4',8,'0');
insert into V_VEHICLEINFO (ORG_CODE,VEHICLE_ID,ID_NUMBER,TYPE_ID,TERMINAL_ID,DELETE_FLAG,COLOR_ID_NUMBER_ID,AUTHORIZED_PAY_MASS) values ('B0000804','2600055', '测B06054', 4, 260055, 0, '2',15);

insert into T_SIMINFO (SIM_ID, ORG_CODE, DEPTCODE, STATE,PAY_MODLE, SIM_NUM) values(26056, 'B0000804', '中国移动', 1, '预付费', 13100006055);
insert into T_TERMINALINFO (TERMINAL_ID,TTYPE_ID,SIM_ID,TERMINAL_CODE,ORG_CODE,IS_VIDEO_TERMINAL,SP_SERVER_NAME,PROTOCOL_TYPE,CHANNELS,YT_PROTOCOL_TYPE) values(260056, 4, 26056, '1006055', 'B0000804',1,'1076测试服务器','4',8,'0');
insert into V_VEHICLEINFO (ORG_CODE,VEHICLE_ID,ID_NUMBER,TYPE_ID,TERMINAL_ID,DELETE_FLAG,COLOR_ID_NUMBER_ID,AUTHORIZED_PAY_MASS) values ('B0000804','2600056', '测B06055', 4, 260056, 0, '2',15);

insert into T_SIMINFO (SIM_ID, ORG_CODE, DEPTCODE, STATE,PAY_MODLE, SIM_NUM) values(26057, 'B0000804', '中国移动', 1, '预付费', 13100006056);
insert into T_TERMINALINFO (TERMINAL_ID,TTYPE_ID,SIM_ID,TERMINAL_CODE,ORG_CODE,IS_VIDEO_TERMINAL,SP_SERVER_NAME,PROTOCOL_TYPE,CHANNELS,YT_PROTOCOL_TYPE) values(260057, 4, 26057, '1006056', 'B0000804',1,'1076测试服务器','4',8,'0');
insert into V_VEHICLEINFO (ORG_CODE,VEHICLE_ID,ID_NUMBER,TYPE_ID,TERMINAL_ID,DELETE_FLAG,COLOR_ID_NUMBER_ID,AUTHORIZED_PAY_MASS) values ('B0000804','2600057', '测B06056', 4, 260057, 0, '2',15);

insert into T_SIMINFO (SIM_ID, ORG_CODE, DEPTCODE, STATE,PAY_MODLE, SIM_NUM) values(26058, 'B0000804', '中国移动', 1, '预付费', 13100006057);
insert into T_TERMINALINFO (TERMINAL_ID,TTYPE_ID,SIM_ID,TERMINAL_CODE,ORG_CODE,IS_VIDEO_TERMINAL,SP_SERVER_NAME,PROTOCOL_TYPE,CHANNELS,YT_PROTOCOL_TYPE) values(260058, 4, 26058, '1006057', 'B0000804',1,'1076测试服务器','4',8,'0');
insert into V_VEHICLEINFO (ORG_CODE,VEHICLE_ID,ID_NUMBER,TYPE_ID,TERMINAL_ID,DELETE_FLAG,COLOR_ID_NUMBER_ID,AUTHORIZED_PAY_MASS) values ('B0000804','2600058', '测B06057', 4, 260058, 0, '2',15);

insert into T_SIMINFO (SIM_ID, ORG_CODE, DEPTCODE, STATE,PAY_MODLE, SIM_NUM) values(26059, 'B0000804', '中国移动', 1, '预付费', 13100006058);
insert into T_TERMINALINFO (TERMINAL_ID,TTYPE_ID,SIM_ID,TERMINAL_CODE,ORG_CODE,IS_VIDEO_TERMINAL,SP_SERVER_NAME,PROTOCOL_TYPE,CHANNELS,YT_PROTOCOL_TYPE) values(260059, 4, 26059, '1006058', 'B0000804',1,'1076测试服务器','4',8,'0');
insert into V_VEHICLEINFO (ORG_CODE,VEHICLE_ID,ID_NUMBER,TYPE_ID,TERMINAL_ID,DELETE_FLAG,COLOR_ID_NUMBER_ID,AUTHORIZED_PAY_MASS) values ('B0000804','2600059', '测B06058', 4, 260059, 0, '2',15);

insert into T_SIMINFO (SIM_ID, ORG_CODE, DEPTCODE, STATE,PAY_MODLE, SIM_NUM) values(26060, 'B0000804', '中国移动', 1, '预付费', 13100006059);
insert into T_TERMINALINFO (TERMINAL_ID,TTYPE_ID,SIM_ID,TERMINAL_CODE,ORG_CODE,IS_VIDEO_TERMINAL,SP_SERVER_NAME,PROTOCOL_TYPE,CHANNELS,YT_PROTOCOL_TYPE) values(260060, 4, 26060, '1006059', 'B0000804',1,'1076测试服务器','4',8,'0');
insert into V_VEHICLEINFO (ORG_CODE,VEHICLE_ID,ID_NUMBER,TYPE_ID,TERMINAL_ID,DELETE_FLAG,COLOR_ID_NUMBER_ID,AUTHORIZED_PAY_MASS) values ('B0000804','2600060', '测B06059', 4, 260060, 0, '2',15);

insert into T_SIMINFO (SIM_ID, ORG_CODE, DEPTCODE, STATE,PAY_MODLE, SIM_NUM) values(26061, 'B0000804', '中国移动', 1, '预付费', 13100006060);
insert into T_TERMINALINFO (TERMINAL_ID,TTYPE_ID,SIM_ID,TERMINAL_CODE,ORG_CODE,IS_VIDEO_TERMINAL,SP_SERVER_NAME,PROTOCOL_TYPE,CHANNELS,YT_PROTOCOL_TYPE) values(260061, 4, 26061, '1006060', 'B0000804',1,'1076测试服务器','4',8,'0');
insert into V_VEHICLEINFO (ORG_CODE,VEHICLE_ID,ID_NUMBER,TYPE_ID,TERMINAL_ID,DELETE_FLAG,COLOR_ID_NUMBER_ID,AUTHORIZED_PAY_MASS) values ('B0000804','2600061', '测B06060', 4, 260061, 0, '2',15);

insert into T_SIMINFO (SIM_ID, ORG_CODE, DEPTCODE, STATE,PAY_MODLE, SIM_NUM) values(26062, 'B0000804', '中国移动', 1, '预付费', 13100006061);
insert into T_TERMINALINFO (TERMINAL_ID,TTYPE_ID,SIM_ID,TERMINAL_CODE,ORG_CODE,IS_VIDEO_TERMINAL,SP_SERVER_NAME,PROTOCOL_TYPE,CHANNELS,YT_PROTOCOL_TYPE) values(260062, 4, 26062, '1006061', 'B0000804',1,'1076测试服务器','4',8,'0');
insert into V_VEHICLEINFO (ORG_CODE,VEHICLE_ID,ID_NUMBER,TYPE_ID,TERMINAL_ID,DELETE_FLAG,COLOR_ID_NUMBER_ID,AUTHORIZED_PAY_MASS) values ('B0000804','2600062', '测B06061', 4, 260062, 0, '2',15);

insert into T_SIMINFO (SIM_ID, ORG_CODE, DEPTCODE, STATE,PAY_MODLE, SIM_NUM) values(26063, 'B0000804', '中国移动', 1, '预付费', 13100006062);
insert into T_TERMINALINFO (TERMINAL_ID,TTYPE_ID,SIM_ID,TERMINAL_CODE,ORG_CODE,IS_VIDEO_TERMINAL,SP_SERVER_NAME,PROTOCOL_TYPE,CHANNELS,YT_PROTOCOL_TYPE) values(260063, 4, 26063, '1006062', 'B0000804',1,'1076测试服务器','4',8,'0');
insert into V_VEHICLEINFO (ORG_CODE,VEHICLE_ID,ID_NUMBER,TYPE_ID,TERMINAL_ID,DELETE_FLAG,COLOR_ID_NUMBER_ID,AUTHORIZED_PAY_MASS) values ('B0000804','2600063', '测B06062', 4, 260063, 0, '2',15);

insert into T_SIMINFO (SIM_ID, ORG_CODE, DEPTCODE, STATE,PAY_MODLE, SIM_NUM) values(26064, 'B0000804', '中国移动', 1, '预付费', 13100006063);
insert into T_TERMINALINFO (TERMINAL_ID,TTYPE_ID,SIM_ID,TERMINAL_CODE,ORG_CODE,IS_VIDEO_TERMINAL,SP_SERVER_NAME,PROTOCOL_TYPE,CHANNELS,YT_PROTOCOL_TYPE) values(260064, 4, 26064, '1006063', 'B0000804',1,'1076测试服务器','4',8,'0');
insert into V_VEHICLEINFO (ORG_CODE,VEHICLE_ID,ID_NUMBER,TYPE_ID,TERMINAL_ID,DELETE_FLAG,COLOR_ID_NUMBER_ID,AUTHORIZED_PAY_MASS) values ('B0000804','2600064', '测B06063', 4, 260064, 0, '2',15);

insert into T_SIMINFO (SIM_ID, ORG_CODE, DEPTCODE, STATE,PAY_MODLE, SIM_NUM) values(26065, 'B0000804', '中国移动', 1, '预付费', 13100006064);
insert into T_TERMINALINFO (TERMINAL_ID,TTYPE_ID,SIM_ID,TERMINAL_CODE,ORG_CODE,IS_VIDEO_TERMINAL,SP_SERVER_NAME,PROTOCOL_TYPE,CHANNELS,YT_PROTOCOL_TYPE) values(260065, 4, 26065, '1006064', 'B0000804',1,'1076测试服务器','4',8,'0');
insert into V_VEHICLEINFO (ORG_CODE,VEHICLE_ID,ID_NUMBER,TYPE_ID,TERMINAL_ID,DELETE_FLAG,COLOR_ID_NUMBER_ID,AUTHORIZED_PAY_MASS) values ('B0000804','2600065', '测B06064', 4, 260065, 0, '2',15);

insert into T_SIMINFO (SIM_ID, ORG_CODE, DEPTCODE, STATE,PAY_MODLE, SIM_NUM) values(26066, 'B0000804', '中国移动', 1, '预付费', 13100006065);
insert into T_TERMINALINFO (TERMINAL_ID,TTYPE_ID,SIM_ID,TERMINAL_CODE,ORG_CODE,IS_VIDEO_TERMINAL,SP_SERVER_NAME,PROTOCOL_TYPE,CHANNELS,YT_PROTOCOL_TYPE) values(260066, 4, 26066, '1006065', 'B0000804',1,'1076测试服务器','4',8,'0');
insert into V_VEHICLEINFO (ORG_CODE,VEHICLE_ID,ID_NUMBER,TYPE_ID,TERMINAL_ID,DELETE_FLAG,COLOR_ID_NUMBER_ID,AUTHORIZED_PAY_MASS) values ('B0000804','2600066', '测B06065', 4, 260066, 0, '2',15);

insert into T_SIMINFO (SIM_ID, ORG_CODE, DEPTCODE, STATE,PAY_MODLE, SIM_NUM) values(26067, 'B0000804', '中国移动', 1, '预付费', 13100006066);
insert into T_TERMINALINFO (TERMINAL_ID,TTYPE_ID,SIM_ID,TERMINAL_CODE,ORG_CODE,IS_VIDEO_TERMINAL,SP_SERVER_NAME,PROTOCOL_TYPE,CHANNELS,YT_PROTOCOL_TYPE) values(260067, 4, 26067, '1006066', 'B0000804',1,'1076测试服务器','4',8,'0');
insert into V_VEHICLEINFO (ORG_CODE,VEHICLE_ID,ID_NUMBER,TYPE_ID,TERMINAL_ID,DELETE_FLAG,COLOR_ID_NUMBER_ID,AUTHORIZED_PAY_MASS) values ('B0000804','2600067', '测B06066', 4, 260067, 0, '2',15);

insert into T_SIMINFO (SIM_ID, ORG_CODE, DEPTCODE, STATE,PAY_MODLE, SIM_NUM) values(26068, 'B0000804', '中国移动', 1, '预付费', 13100006067);
insert into T_TERMINALINFO (TERMINAL_ID,TTYPE_ID,SIM_ID,TERMINAL_CODE,ORG_CODE,IS_VIDEO_TERMINAL,SP_SERVER_NAME,PROTOCOL_TYPE,CHANNELS,YT_PROTOCOL_TYPE) values(260068, 4, 26068, '1006067', 'B0000804',1,'1076测试服务器','4',8,'0');
insert into V_VEHICLEINFO (ORG_CODE,VEHICLE_ID,ID_NUMBER,TYPE_ID,TERMINAL_ID,DELETE_FLAG,COLOR_ID_NUMBER_ID,AUTHORIZED_PAY_MASS) values ('B0000804','2600068', '测B06067', 4, 260068, 0, '2',15);

insert into T_SIMINFO (SIM_ID, ORG_CODE, DEPTCODE, STATE,PAY_MODLE, SIM_NUM) values(26069, 'B0000804', '中国移动', 1, '预付费', 13100006068);
insert into T_TERMINALINFO (TERMINAL_ID,TTYPE_ID,SIM_ID,TERMINAL_CODE,ORG_CODE,IS_VIDEO_TERMINAL,SP_SERVER_NAME,PROTOCOL_TYPE,CHANNELS,YT_PROTOCOL_TYPE) values(260069, 4, 26069, '1006068', 'B0000804',1,'1076测试服务器','4',8,'0');
insert into V_VEHICLEINFO (ORG_CODE,VEHICLE_ID,ID_NUMBER,TYPE_ID,TERMINAL_ID,DELETE_FLAG,COLOR_ID_NUMBER_ID,AUTHORIZED_PAY_MASS) values ('B0000804','2600069', '测B06068', 4, 260069, 0, '2',15);

insert into T_SIMINFO (SIM_ID, ORG_CODE, DEPTCODE, STATE,PAY_MODLE, SIM_NUM) values(26070, 'B0000804', '中国移动', 1, '预付费', 13100006069);
insert into T_TERMINALINFO (TERMINAL_ID,TTYPE_ID,SIM_ID,TERMINAL_CODE,ORG_CODE,IS_VIDEO_TERMINAL,SP_SERVER_NAME,PROTOCOL_TYPE,CHANNELS,YT_PROTOCOL_TYPE) values(260070, 4, 26070, '1006069', 'B0000804',1,'1076测试服务器','4',8,'0');
insert into V_VEHICLEINFO (ORG_CODE,VEHICLE_ID,ID_NUMBER,TYPE_ID,TERMINAL_ID,DELETE_FLAG,COLOR_ID_NUMBER_ID,AUTHORIZED_PAY_MASS) values ('B0000804','2600070', '测B06069', 4, 260070, 0, '2',15);

insert into T_SIMINFO (SIM_ID, ORG_CODE, DEPTCODE, STATE,PAY_MODLE, SIM_NUM) values(26071, 'B0000804', '中国移动', 1, '预付费', 13100006070);
insert into T_TERMINALINFO (TERMINAL_ID,TTYPE_ID,SIM_ID,TERMINAL_CODE,ORG_CODE,IS_VIDEO_TERMINAL,SP_SERVER_NAME,PROTOCOL_TYPE,CHANNELS,YT_PROTOCOL_TYPE) values(260071, 4, 26071, '1006070', 'B0000804',1,'1076测试服务器','4',8,'0');
insert into V_VEHICLEINFO (ORG_CODE,VEHICLE_ID,ID_NUMBER,TYPE_ID,TERMINAL_ID,DELETE_FLAG,COLOR_ID_NUMBER_ID,AUTHORIZED_PAY_MASS) values ('B0000804','2600071', '测B06070', 4, 260071, 0, '2',15);

insert into T_SIMINFO (SIM_ID, ORG_CODE, DEPTCODE, STATE,PAY_MODLE, SIM_NUM) values(26072, 'B0000804', '中国移动', 1, '预付费', 13100006071);
insert into T_TERMINALINFO (TERMINAL_ID,TTYPE_ID,SIM_ID,TERMINAL_CODE,ORG_CODE,IS_VIDEO_TERMINAL,SP_SERVER_NAME,PROTOCOL_TYPE,CHANNELS,YT_PROTOCOL_TYPE) values(260072, 4, 26072, '1006071', 'B0000804',1,'1076测试服务器','4',8,'0');
insert into V_VEHICLEINFO (ORG_CODE,VEHICLE_ID,ID_NUMBER,TYPE_ID,TERMINAL_ID,DELETE_FLAG,COLOR_ID_NUMBER_ID,AUTHORIZED_PAY_MASS) values ('B0000804','2600072', '测B06071', 4, 260072, 0, '2',15);

insert into T_SIMINFO (SIM_ID, ORG_CODE, DEPTCODE, STATE,PAY_MODLE, SIM_NUM) values(26073, 'B0000804', '中国移动', 1, '预付费', 13100006072);
insert into T_TERMINALINFO (TERMINAL_ID,TTYPE_ID,SIM_ID,TERMINAL_CODE,ORG_CODE,IS_VIDEO_TERMINAL,SP_SERVER_NAME,PROTOCOL_TYPE,CHANNELS,YT_PROTOCOL_TYPE) values(260073, 4, 26073, '1006072', 'B0000804',1,'1076测试服务器','4',8,'0');
insert into V_VEHICLEINFO (ORG_CODE,VEHICLE_ID,ID_NUMBER,TYPE_ID,TERMINAL_ID,DELETE_FLAG,COLOR_ID_NUMBER_ID,AUTHORIZED_PAY_MASS) values ('B0000804','2600073', '测B06072', 4, 260073, 0, '2',15);

insert into T_SIMINFO (SIM_ID, ORG_CODE, DEPTCODE, STATE,PAY_MODLE, SIM_NUM) values(26074, 'B0000804', '中国移动', 1, '预付费', 13100006073);
insert into T_TERMINALINFO (TERMINAL_ID,TTYPE_ID,SIM_ID,TERMINAL_CODE,ORG_CODE,IS_VIDEO_TERMINAL,SP_SERVER_NAME,PROTOCOL_TYPE,CHANNELS,YT_PROTOCOL_TYPE) values(260074, 4, 26074, '1006073', 'B0000804',1,'1076测试服务器','4',8,'0');
insert into V_VEHICLEINFO (ORG_CODE,VEHICLE_ID,ID_NUMBER,TYPE_ID,TERMINAL_ID,DELETE_FLAG,COLOR_ID_NUMBER_ID,AUTHORIZED_PAY_MASS) values ('B0000804','2600074', '测B06073', 4, 260074, 0, '2',15);

insert into T_SIMINFO (SIM_ID, ORG_CODE, DEPTCODE, STATE,PAY_MODLE, SIM_NUM) values(26075, 'B0000804', '中国移动', 1, '预付费', 13100006074);
insert into T_TERMINALINFO (TERMINAL_ID,TTYPE_ID,SIM_ID,TERMINAL_CODE,ORG_CODE,IS_VIDEO_TERMINAL,SP_SERVER_NAME,PROTOCOL_TYPE,CHANNELS,YT_PROTOCOL_TYPE) values(260075, 4, 26075, '1006074', 'B0000804',1,'1076测试服务器','4',8,'0');
insert into V_VEHICLEINFO (ORG_CODE,VEHICLE_ID,ID_NUMBER,TYPE_ID,TERMINAL_ID,DELETE_FLAG,COLOR_ID_NUMBER_ID,AUTHORIZED_PAY_MASS) values ('B0000804','2600075', '测B06074', 4, 260075, 0, '2',15);

insert into T_SIMINFO (SIM_ID, ORG_CODE, DEPTCODE, STATE,PAY_MODLE, SIM_NUM) values(26076, 'B0000804', '中国移动', 1, '预付费', 13100006075);
insert into T_TERMINALINFO (TERMINAL_ID,TTYPE_ID,SIM_ID,TERMINAL_CODE,ORG_CODE,IS_VIDEO_TERMINAL,SP_SERVER_NAME,PROTOCOL_TYPE,CHANNELS,YT_PROTOCOL_TYPE) values(260076, 4, 26076, '1006075', 'B0000804',1,'1076测试服务器','4',8,'0');
insert into V_VEHICLEINFO (ORG_CODE,VEHICLE_ID,ID_NUMBER,TYPE_ID,TERMINAL_ID,DELETE_FLAG,COLOR_ID_NUMBER_ID,AUTHORIZED_PAY_MASS) values ('B0000804','2600076', '测B06075', 4, 260076, 0, '2',15);

insert into T_SIMINFO (SIM_ID, ORG_CODE, DEPTCODE, STATE,PAY_MODLE, SIM_NUM) values(26077, 'B0000804', '中国移动', 1, '预付费', 13100006076);
insert into T_TERMINALINFO (TERMINAL_ID,TTYPE_ID,SIM_ID,TERMINAL_CODE,ORG_CODE,IS_VIDEO_TERMINAL,SP_SERVER_NAME,PROTOCOL_TYPE,CHANNELS,YT_PROTOCOL_TYPE) values(260077, 4, 26077, '1006076', 'B0000804',1,'1076测试服务器','4',8,'0');
insert into V_VEHICLEINFO (ORG_CODE,VEHICLE_ID,ID_NUMBER,TYPE_ID,TERMINAL_ID,DELETE_FLAG,COLOR_ID_NUMBER_ID,AUTHORIZED_PAY_MASS) values ('B0000804','2600077', '测B06076', 4, 260077, 0, '2',15);

insert into T_SIMINFO (SIM_ID, ORG_CODE, DEPTCODE, STATE,PAY_MODLE, SIM_NUM) values(26078, 'B0000804', '中国移动', 1, '预付费', 13100006077);
insert into T_TERMINALINFO (TERMINAL_ID,TTYPE_ID,SIM_ID,TERMINAL_CODE,ORG_CODE,IS_VIDEO_TERMINAL,SP_SERVER_NAME,PROTOCOL_TYPE,CHANNELS,YT_PROTOCOL_TYPE) values(260078, 4, 26078, '1006077', 'B0000804',1,'1076测试服务器','4',8,'0');
insert into V_VEHICLEINFO (ORG_CODE,VEHICLE_ID,ID_NUMBER,TYPE_ID,TERMINAL_ID,DELETE_FLAG,COLOR_ID_NUMBER_ID,AUTHORIZED_PAY_MASS) values ('B0000804','2600078', '测B06077', 4, 260078, 0, '2',15);

insert into T_SIMINFO (SIM_ID, ORG_CODE, DEPTCODE, STATE,PAY_MODLE, SIM_NUM) values(26079, 'B0000804', '中国移动', 1, '预付费', 13100006078);
insert into T_TERMINALINFO (TERMINAL_ID,TTYPE_ID,SIM_ID,TERMINAL_CODE,ORG_CODE,IS_VIDEO_TERMINAL,SP_SERVER_NAME,PROTOCOL_TYPE,CHANNELS,YT_PROTOCOL_TYPE) values(260079, 4, 26079, '1006078', 'B0000804',1,'1076测试服务器','4',8,'0');
insert into V_VEHICLEINFO (ORG_CODE,VEHICLE_ID,ID_NUMBER,TYPE_ID,TERMINAL_ID,DELETE_FLAG,COLOR_ID_NUMBER_ID,AUTHORIZED_PAY_MASS) values ('B0000804','2600079', '测B06078', 4, 260079, 0, '2',15);

insert into T_SIMINFO (SIM_ID, ORG_CODE, DEPTCODE, STATE,PAY_MODLE, SIM_NUM) values(26080, 'B0000804', '中国移动', 1, '预付费', 13100006079);
insert into T_TERMINALINFO (TERMINAL_ID,TTYPE_ID,SIM_ID,TERMINAL_CODE,ORG_CODE,IS_VIDEO_TERMINAL,SP_SERVER_NAME,PROTOCOL_TYPE,CHANNELS,YT_PROTOCOL_TYPE) values(260080, 4, 26080, '1006079', 'B0000804',1,'1076测试服务器','4',8,'0');
insert into V_VEHICLEINFO (ORG_CODE,VEHICLE_ID,ID_NUMBER,TYPE_ID,TERMINAL_ID,DELETE_FLAG,COLOR_ID_NUMBER_ID,AUTHORIZED_PAY_MASS) values ('B0000804','2600080', '测B06079', 4, 260080, 0, '2',15);

insert into T_SIMINFO (SIM_ID, ORG_CODE, DEPTCODE, STATE,PAY_MODLE, SIM_NUM) values(26081, 'B0000804', '中国移动', 1, '预付费', 13100006080);
insert into T_TERMINALINFO (TERMINAL_ID,TTYPE_ID,SIM_ID,TERMINAL_CODE,ORG_CODE,IS_VIDEO_TERMINAL,SP_SERVER_NAME,PROTOCOL_TYPE,CHANNELS,YT_PROTOCOL_TYPE) values(260081, 4, 26081, '1006080', 'B0000804',1,'1076测试服务器','4',8,'0');
insert into V_VEHICLEINFO (ORG_CODE,VEHICLE_ID,ID_NUMBER,TYPE_ID,TERMINAL_ID,DELETE_FLAG,COLOR_ID_NUMBER_ID,AUTHORIZED_PAY_MASS) values ('B0000804','2600081', '测B06080', 4, 260081, 0, '2',15);

insert into T_SIMINFO (SIM_ID, ORG_CODE, DEPTCODE, STATE,PAY_MODLE, SIM_NUM) values(26082, 'B0000804', '中国移动', 1, '预付费', 13100006081);
insert into T_TERMINALINFO (TERMINAL_ID,TTYPE_ID,SIM_ID,TERMINAL_CODE,ORG_CODE,IS_VIDEO_TERMINAL,SP_SERVER_NAME,PROTOCOL_TYPE,CHANNELS,YT_PROTOCOL_TYPE) values(260082, 4, 26082, '1006081', 'B0000804',1,'1076测试服务器','4',8,'0');
insert into V_VEHICLEINFO (ORG_CODE,VEHICLE_ID,ID_NUMBER,TYPE_ID,TERMINAL_ID,DELETE_FLAG,COLOR_ID_NUMBER_ID,AUTHORIZED_PAY_MASS) values ('B0000804','2600082', '测B06081', 4, 260082, 0, '2',15);

insert into T_SIMINFO (SIM_ID, ORG_CODE, DEPTCODE, STATE,PAY_MODLE, SIM_NUM) values(26083, 'B0000804', '中国移动', 1, '预付费', 13100006082);
insert into T_TERMINALINFO (TERMINAL_ID,TTYPE_ID,SIM_ID,TERMINAL_CODE,ORG_CODE,IS_VIDEO_TERMINAL,SP_SERVER_NAME,PROTOCOL_TYPE,CHANNELS,YT_PROTOCOL_TYPE) values(260083, 4, 26083, '1006082', 'B0000804',1,'1076测试服务器','4',8,'0');
insert into V_VEHICLEINFO (ORG_CODE,VEHICLE_ID,ID_NUMBER,TYPE_ID,TERMINAL_ID,DELETE_FLAG,COLOR_ID_NUMBER_ID,AUTHORIZED_PAY_MASS) values ('B0000804','2600083', '测B06082', 4, 260083, 0, '2',15);

insert into T_SIMINFO (SIM_ID, ORG_CODE, DEPTCODE, STATE,PAY_MODLE, SIM_NUM) values(26084, 'B0000804', '中国移动', 1, '预付费', 13100006083);
insert into T_TERMINALINFO (TERMINAL_ID,TTYPE_ID,SIM_ID,TERMINAL_CODE,ORG_CODE,IS_VIDEO_TERMINAL,SP_SERVER_NAME,PROTOCOL_TYPE,CHANNELS,YT_PROTOCOL_TYPE) values(260084, 4, 26084, '1006083', 'B0000804',1,'1076测试服务器','4',8,'0');
insert into V_VEHICLEINFO (ORG_CODE,VEHICLE_ID,ID_NUMBER,TYPE_ID,TERMINAL_ID,DELETE_FLAG,COLOR_ID_NUMBER_ID,AUTHORIZED_PAY_MASS) values ('B0000804','2600084', '测B06083', 4, 260084, 0, '2',15);

insert into T_SIMINFO (SIM_ID, ORG_CODE, DEPTCODE, STATE,PAY_MODLE, SIM_NUM) values(26085, 'B0000804', '中国移动', 1, '预付费', 13100006084);
insert into T_TERMINALINFO (TERMINAL_ID,TTYPE_ID,SIM_ID,TERMINAL_CODE,ORG_CODE,IS_VIDEO_TERMINAL,SP_SERVER_NAME,PROTOCOL_TYPE,CHANNELS,YT_PROTOCOL_TYPE) values(260085, 4, 26085, '1006084', 'B0000804',1,'1076测试服务器','4',8,'0');
insert into V_VEHICLEINFO (ORG_CODE,VEHICLE_ID,ID_NUMBER,TYPE_ID,TERMINAL_ID,DELETE_FLAG,COLOR_ID_NUMBER_ID,AUTHORIZED_PAY_MASS) values ('B0000804','2600085', '测B06084', 4, 260085, 0, '2',15);

insert into T_SIMINFO (SIM_ID, ORG_CODE, DEPTCODE, STATE,PAY_MODLE, SIM_NUM) values(26086, 'B0000804', '中国移动', 1, '预付费', 13100006085);
insert into T_TERMINALINFO (TERMINAL_ID,TTYPE_ID,SIM_ID,TERMINAL_CODE,ORG_CODE,IS_VIDEO_TERMINAL,SP_SERVER_NAME,PROTOCOL_TYPE,CHANNELS,YT_PROTOCOL_TYPE) values(260086, 4, 26086, '1006085', 'B0000804',1,'1076测试服务器','4',8,'0');
insert into V_VEHICLEINFO (ORG_CODE,VEHICLE_ID,ID_NUMBER,TYPE_ID,TERMINAL_ID,DELETE_FLAG,COLOR_ID_NUMBER_ID,AUTHORIZED_PAY_MASS) values ('B0000804','2600086', '测B06085', 4, 260086, 0, '2',15);

insert into T_SIMINFO (SIM_ID, ORG_CODE, DEPTCODE, STATE,PAY_MODLE, SIM_NUM) values(26087, 'B0000804', '中国移动', 1, '预付费', 13100006086);
insert into T_TERMINALINFO (TERMINAL_ID,TTYPE_ID,SIM_ID,TERMINAL_CODE,ORG_CODE,IS_VIDEO_TERMINAL,SP_SERVER_NAME,PROTOCOL_TYPE,CHANNELS,YT_PROTOCOL_TYPE) values(260087, 4, 26087, '1006086', 'B0000804',1,'1076测试服务器','4',8,'0');
insert into V_VEHICLEINFO (ORG_CODE,VEHICLE_ID,ID_NUMBER,TYPE_ID,TERMINAL_ID,DELETE_FLAG,COLOR_ID_NUMBER_ID,AUTHORIZED_PAY_MASS) values ('B0000804','2600087', '测B06086', 4, 260087, 0, '2',15);

insert into T_SIMINFO (SIM_ID, ORG_CODE, DEPTCODE, STATE,PAY_MODLE, SIM_NUM) values(26088, 'B0000804', '中国移动', 1, '预付费', 13100006087);
insert into T_TERMINALINFO (TERMINAL_ID,TTYPE_ID,SIM_ID,TERMINAL_CODE,ORG_CODE,IS_VIDEO_TERMINAL,SP_SERVER_NAME,PROTOCOL_TYPE,CHANNELS,YT_PROTOCOL_TYPE) values(260088, 4, 26088, '1006087', 'B0000804',1,'1076测试服务器','4',8,'0');
insert into V_VEHICLEINFO (ORG_CODE,VEHICLE_ID,ID_NUMBER,TYPE_ID,TERMINAL_ID,DELETE_FLAG,COLOR_ID_NUMBER_ID,AUTHORIZED_PAY_MASS) values ('B0000804','2600088', '测B06087', 4, 260088, 0, '2',15);

insert into T_SIMINFO (SIM_ID, ORG_CODE, DEPTCODE, STATE,PAY_MODLE, SIM_NUM) values(26089, 'B0000804', '中国移动', 1, '预付费', 13100006088);
insert into T_TERMINALINFO (TERMINAL_ID,TTYPE_ID,SIM_ID,TERMINAL_CODE,ORG_CODE,IS_VIDEO_TERMINAL,SP_SERVER_NAME,PROTOCOL_TYPE,CHANNELS,YT_PROTOCOL_TYPE) values(260089, 4, 26089, '1006088', 'B0000804',1,'1076测试服务器','4',8,'0');
insert into V_VEHICLEINFO (ORG_CODE,VEHICLE_ID,ID_NUMBER,TYPE_ID,TERMINAL_ID,DELETE_FLAG,COLOR_ID_NUMBER_ID,AUTHORIZED_PAY_MASS) values ('B0000804','2600089', '测B06088', 4, 260089, 0, '2',15);

insert into T_SIMINFO (SIM_ID, ORG_CODE, DEPTCODE, STATE,PAY_MODLE, SIM_NUM) values(26090, 'B0000804', '中国移动', 1, '预付费', 13100006089);
insert into T_TERMINALINFO (TERMINAL_ID,TTYPE_ID,SIM_ID,TERMINAL_CODE,ORG_CODE,IS_VIDEO_TERMINAL,SP_SERVER_NAME,PROTOCOL_TYPE,CHANNELS,YT_PROTOCOL_TYPE) values(260090, 4, 26090, '1006089', 'B0000804',1,'1076测试服务器','4',8,'0');
insert into V_VEHICLEINFO (ORG_CODE,VEHICLE_ID,ID_NUMBER,TYPE_ID,TERMINAL_ID,DELETE_FLAG,COLOR_ID_NUMBER_ID,AUTHORIZED_PAY_MASS) values ('B0000804','2600090', '测B06089', 4, 260090, 0, '2',15);

insert into T_SIMINFO (SIM_ID, ORG_CODE, DEPTCODE, STATE,PAY_MODLE, SIM_NUM) values(26091, 'B0000804', '中国移动', 1, '预付费', 13100006090);
insert into T_TERMINALINFO (TERMINAL_ID,TTYPE_ID,SIM_ID,TERMINAL_CODE,ORG_CODE,IS_VIDEO_TERMINAL,SP_SERVER_NAME,PROTOCOL_TYPE,CHANNELS,YT_PROTOCOL_TYPE) values(260091, 4, 26091, '1006090', 'B0000804',1,'1076测试服务器','4',8,'0');
insert into V_VEHICLEINFO (ORG_CODE,VEHICLE_ID,ID_NUMBER,TYPE_ID,TERMINAL_ID,DELETE_FLAG,COLOR_ID_NUMBER_ID,AUTHORIZED_PAY_MASS) values ('B0000804','2600091', '测B06090', 4, 260091, 0, '2',15);

insert into T_SIMINFO (SIM_ID, ORG_CODE, DEPTCODE, STATE,PAY_MODLE, SIM_NUM) values(26092, 'B0000804', '中国移动', 1, '预付费', 13100006091);
insert into T_TERMINALINFO (TERMINAL_ID,TTYPE_ID,SIM_ID,TERMINAL_CODE,ORG_CODE,IS_VIDEO_TERMINAL,SP_SERVER_NAME,PROTOCOL_TYPE,CHANNELS,YT_PROTOCOL_TYPE) values(260092, 4, 26092, '1006091', 'B0000804',1,'1076测试服务器','4',8,'0');
insert into V_VEHICLEINFO (ORG_CODE,VEHICLE_ID,ID_NUMBER,TYPE_ID,TERMINAL_ID,DELETE_FLAG,COLOR_ID_NUMBER_ID,AUTHORIZED_PAY_MASS) values ('B0000804','2600092', '测B06091', 4, 260092, 0, '2',15);

insert into T_SIMINFO (SIM_ID, ORG_CODE, DEPTCODE, STATE,PAY_MODLE, SIM_NUM) values(26093, 'B0000804', '中国移动', 1, '预付费', 13100006092);
insert into T_TERMINALINFO (TERMINAL_ID,TTYPE_ID,SIM_ID,TERMINAL_CODE,ORG_CODE,IS_VIDEO_TERMINAL,SP_SERVER_NAME,PROTOCOL_TYPE,CHANNELS,YT_PROTOCOL_TYPE) values(260093, 4, 26093, '1006092', 'B0000804',1,'1076测试服务器','4',8,'0');
insert into V_VEHICLEINFO (ORG_CODE,VEHICLE_ID,ID_NUMBER,TYPE_ID,TERMINAL_ID,DELETE_FLAG,COLOR_ID_NUMBER_ID,AUTHORIZED_PAY_MASS) values ('B0000804','2600093', '测B06092', 4, 260093, 0, '2',15);

insert into T_SIMINFO (SIM_ID, ORG_CODE, DEPTCODE, STATE,PAY_MODLE, SIM_NUM) values(26094, 'B0000804', '中国移动', 1, '预付费', 13100006093);
insert into T_TERMINALINFO (TERMINAL_ID,TTYPE_ID,SIM_ID,TERMINAL_CODE,ORG_CODE,IS_VIDEO_TERMINAL,SP_SERVER_NAME,PROTOCOL_TYPE,CHANNELS,YT_PROTOCOL_TYPE) values(260094, 4, 26094, '1006093', 'B0000804',1,'1076测试服务器','4',8,'0');
insert into V_VEHICLEINFO (ORG_CODE,VEHICLE_ID,ID_NUMBER,TYPE_ID,TERMINAL_ID,DELETE_FLAG,COLOR_ID_NUMBER_ID,AUTHORIZED_PAY_MASS) values ('B0000804','2600094', '测B06093', 4, 260094, 0, '2',15);

insert into T_SIMINFO (SIM_ID, ORG_CODE, DEPTCODE, STATE,PAY_MODLE, SIM_NUM) values(26095, 'B0000804', '中国移动', 1, '预付费', 13100006094);
insert into T_TERMINALINFO (TERMINAL_ID,TTYPE_ID,SIM_ID,TERMINAL_CODE,ORG_CODE,IS_VIDEO_TERMINAL,SP_SERVER_NAME,PROTOCOL_TYPE,CHANNELS,YT_PROTOCOL_TYPE) values(260095, 4, 26095, '1006094', 'B0000804',1,'1076测试服务器','4',8,'0');
insert into V_VEHICLEINFO (ORG_CODE,VEHICLE_ID,ID_NUMBER,TYPE_ID,TERMINAL_ID,DELETE_FLAG,COLOR_ID_NUMBER_ID,AUTHORIZED_PAY_MASS) values ('B0000804','2600095', '测B06094', 4, 260095, 0, '2',15);

insert into T_SIMINFO (SIM_ID, ORG_CODE, DEPTCODE, STATE,PAY_MODLE, SIM_NUM) values(26096, 'B0000804', '中国移动', 1, '预付费', 13100006095);
insert into T_TERMINALINFO (TERMINAL_ID,TTYPE_ID,SIM_ID,TERMINAL_CODE,ORG_CODE,IS_VIDEO_TERMINAL,SP_SERVER_NAME,PROTOCOL_TYPE,CHANNELS,YT_PROTOCOL_TYPE) values(260096, 4, 26096, '1006095', 'B0000804',1,'1076测试服务器','4',8,'0');
insert into V_VEHICLEINFO (ORG_CODE,VEHICLE_ID,ID_NUMBER,TYPE_ID,TERMINAL_ID,DELETE_FLAG,COLOR_ID_NUMBER_ID,AUTHORIZED_PAY_MASS) values ('B0000804','2600096', '测B06095', 4, 260096, 0, '2',15);

insert into T_SIMINFO (SIM_ID, ORG_CODE, DEPTCODE, STATE,PAY_MODLE, SIM_NUM) values(26097, 'B0000804', '中国移动', 1, '预付费', 13100006096);
insert into T_TERMINALINFO (TERMINAL_ID,TTYPE_ID,SIM_ID,TERMINAL_CODE,ORG_CODE,IS_VIDEO_TERMINAL,SP_SERVER_NAME,PROTOCOL_TYPE,CHANNELS,YT_PROTOCOL_TYPE) values(260097, 4, 26097, '1006096', 'B0000804',1,'1076测试服务器','4',8,'0');
insert into V_VEHICLEINFO (ORG_CODE,VEHICLE_ID,ID_NUMBER,TYPE_ID,TERMINAL_ID,DELETE_FLAG,COLOR_ID_NUMBER_ID,AUTHORIZED_PAY_MASS) values ('B0000804','2600097', '测B06096', 4, 260097, 0, '2',15);

insert into T_SIMINFO (SIM_ID, ORG_CODE, DEPTCODE, STATE,PAY_MODLE, SIM_NUM) values(26098, 'B0000804', '中国移动', 1, '预付费', 13100006097);
insert into T_TERMINALINFO (TERMINAL_ID,TTYPE_ID,SIM_ID,TERMINAL_CODE,ORG_CODE,IS_VIDEO_TERMINAL,SP_SERVER_NAME,PROTOCOL_TYPE,CHANNELS,YT_PROTOCOL_TYPE) values(260098, 4, 26098, '1006097', 'B0000804',1,'1076测试服务器','4',8,'0');
insert into V_VEHICLEINFO (ORG_CODE,VEHICLE_ID,ID_NUMBER,TYPE_ID,TERMINAL_ID,DELETE_FLAG,COLOR_ID_NUMBER_ID,AUTHORIZED_PAY_MASS) values ('B0000804','2600098', '测B06097', 4, 260098, 0, '2',15);

insert into T_SIMINFO (SIM_ID, ORG_CODE, DEPTCODE, STATE,PAY_MODLE, SIM_NUM) values(26099, 'B0000804', '中国移动', 1, '预付费', 13100006098);
insert into T_TERMINALINFO (TERMINAL_ID,TTYPE_ID,SIM_ID,TERMINAL_CODE,ORG_CODE,IS_VIDEO_TERMINAL,SP_SERVER_NAME,PROTOCOL_TYPE,CHANNELS,YT_PROTOCOL_TYPE) values(260099, 4, 26099, '1006098', 'B0000804',1,'1076测试服务器','4',8,'0');
insert into V_VEHICLEINFO (ORG_CODE,VEHICLE_ID,ID_NUMBER,TYPE_ID,TERMINAL_ID,DELETE_FLAG,COLOR_ID_NUMBER_ID,AUTHORIZED_PAY_MASS) values ('B0000804','2600099', '测B06098', 4, 260099, 0, '2',15);

insert into T_SIMINFO (SIM_ID, ORG_CODE, DEPTCODE, STATE,PAY_MODLE, SIM_NUM) values(26100, 'B0000804', '中国移动', 1, '预付费', 13100006099);
insert into T_TERMINALINFO (TERMINAL_ID,TTYPE_ID,SIM_ID,TERMINAL_CODE,ORG_CODE,IS_VIDEO_TERMINAL,SP_SERVER_NAME,PROTOCOL_TYPE,CHANNELS,YT_PROTOCOL_TYPE) values(260100, 4, 26100, '1006099', 'B0000804',1,'1076测试服务器','4',8,'0');
insert into V_VEHICLEINFO (ORG_CODE,VEHICLE_ID,ID_NUMBER,TYPE_ID,TERMINAL_ID,DELETE_FLAG,COLOR_ID_NUMBER_ID,AUTHORIZED_PAY_MASS) values ('B0000804','2600100', '测B06099', 4, 260100, 0, '2',15);

insert into T_SIMINFO (SIM_ID, ORG_CODE, DEPTCODE, STATE,PAY_MODLE, SIM_NUM) values(26101, 'B0000804', '中国移动', 1, '预付费', 13100006100);
insert into T_TERMINALINFO (TERMINAL_ID,TTYPE_ID,SIM_ID,TERMINAL_CODE,ORG_CODE,IS_VIDEO_TERMINAL,SP_SERVER_NAME,PROTOCOL_TYPE,CHANNELS,YT_PROTOCOL_TYPE) values(260101, 4, 26101, '1006100', 'B0000804',1,'1076测试服务器','4',8,'0');
insert into V_VEHICLEINFO (ORG_CODE,VEHICLE_ID,ID_NUMBER,TYPE_ID,TERMINAL_ID,DELETE_FLAG,COLOR_ID_NUMBER_ID,AUTHORIZED_PAY_MASS) values ('B0000804','2600101', '测B06100', 4, 260101, 0, '2',15);

insert into T_SIMINFO (SIM_ID, ORG_CODE, DEPTCODE, STATE,PAY_MODLE, SIM_NUM) values(26102, 'B0000804', '中国移动', 1, '预付费', 13100006101);
insert into T_TERMINALINFO (TERMINAL_ID,TTYPE_ID,SIM_ID,TERMINAL_CODE,ORG_CODE,IS_VIDEO_TERMINAL,SP_SERVER_NAME,PROTOCOL_TYPE,CHANNELS,YT_PROTOCOL_TYPE) values(260102, 4, 26102, '1006101', 'B0000804',1,'1076测试服务器','4',8,'0');
insert into V_VEHICLEINFO (ORG_CODE,VEHICLE_ID,ID_NUMBER,TYPE_ID,TERMINAL_ID,DELETE_FLAG,COLOR_ID_NUMBER_ID,AUTHORIZED_PAY_MASS) values ('B0000804','2600102', '测B06101', 4, 260102, 0, '2',15);

insert into T_SIMINFO (SIM_ID, ORG_CODE, DEPTCODE, STATE,PAY_MODLE, SIM_NUM) values(26103, 'B0000804', '中国移动', 1, '预付费', 13100006102);
insert into T_TERMINALINFO (TERMINAL_ID,TTYPE_ID,SIM_ID,TERMINAL_CODE,ORG_CODE,IS_VIDEO_TERMINAL,SP_SERVER_NAME,PROTOCOL_TYPE,CHANNELS,YT_PROTOCOL_TYPE) values(260103, 4, 26103, '1006102', 'B0000804',1,'1076测试服务器','4',8,'0');
insert into V_VEHICLEINFO (ORG_CODE,VEHICLE_ID,ID_NUMBER,TYPE_ID,TERMINAL_ID,DELETE_FLAG,COLOR_ID_NUMBER_ID,AUTHORIZED_PAY_MASS) values ('B0000804','2600103', '测B06102', 4, 260103, 0, '2',15);

insert into T_SIMINFO (SIM_ID, ORG_CODE, DEPTCODE, STATE,PAY_MODLE, SIM_NUM) values(26104, 'B0000804', '中国移动', 1, '预付费', 13100006103);
insert into T_TERMINALINFO (TERMINAL_ID,TTYPE_ID,SIM_ID,TERMINAL_CODE,ORG_CODE,IS_VIDEO_TERMINAL,SP_SERVER_NAME,PROTOCOL_TYPE,CHANNELS,YT_PROTOCOL_TYPE) values(260104, 4, 26104, '1006103', 'B0000804',1,'1076测试服务器','4',8,'0');
insert into V_VEHICLEINFO (ORG_CODE,VEHICLE_ID,ID_NUMBER,TYPE_ID,TERMINAL_ID,DELETE_FLAG,COLOR_ID_NUMBER_ID,AUTHORIZED_PAY_MASS) values ('B0000804','2600104', '测B06103', 4, 260104, 0, '2',15);

insert into T_SIMINFO (SIM_ID, ORG_CODE, DEPTCODE, STATE,PAY_MODLE, SIM_NUM) values(26105, 'B0000804', '中国移动', 1, '预付费', 13100006104);
insert into T_TERMINALINFO (TERMINAL_ID,TTYPE_ID,SIM_ID,TERMINAL_CODE,ORG_CODE,IS_VIDEO_TERMINAL,SP_SERVER_NAME,PROTOCOL_TYPE,CHANNELS,YT_PROTOCOL_TYPE) values(260105, 4, 26105, '1006104', 'B0000804',1,'1076测试服务器','4',8,'0');
insert into V_VEHICLEINFO (ORG_CODE,VEHICLE_ID,ID_NUMBER,TYPE_ID,TERMINAL_ID,DELETE_FLAG,COLOR_ID_NUMBER_ID,AUTHORIZED_PAY_MASS) values ('B0000804','2600105', '测B06104', 4, 260105, 0, '2',15);

insert into T_SIMINFO (SIM_ID, ORG_CODE, DEPTCODE, STATE,PAY_MODLE, SIM_NUM) values(26106, 'B0000804', '中国移动', 1, '预付费', 13100006105);
insert into T_TERMINALINFO (TERMINAL_ID,TTYPE_ID,SIM_ID,TERMINAL_CODE,ORG_CODE,IS_VIDEO_TERMINAL,SP_SERVER_NAME,PROTOCOL_TYPE,CHANNELS,YT_PROTOCOL_TYPE) values(260106, 4, 26106, '1006105', 'B0000804',1,'1076测试服务器','4',8,'0');
insert into V_VEHICLEINFO (ORG_CODE,VEHICLE_ID,ID_NUMBER,TYPE_ID,TERMINAL_ID,DELETE_FLAG,COLOR_ID_NUMBER_ID,AUTHORIZED_PAY_MASS) values ('B0000804','2600106', '测B06105', 4, 260106, 0, '2',15);

insert into T_SIMINFO (SIM_ID, ORG_CODE, DEPTCODE, STATE,PAY_MODLE, SIM_NUM) values(26107, 'B0000804', '中国移动', 1, '预付费', 13100006106);
insert into T_TERMINALINFO (TERMINAL_ID,TTYPE_ID,SIM_ID,TERMINAL_CODE,ORG_CODE,IS_VIDEO_TERMINAL,SP_SERVER_NAME,PROTOCOL_TYPE,CHANNELS,YT_PROTOCOL_TYPE) values(260107, 4, 26107, '1006106', 'B0000804',1,'1076测试服务器','4',8,'0');
insert into V_VEHICLEINFO (ORG_CODE,VEHICLE_ID,ID_NUMBER,TYPE_ID,TERMINAL_ID,DELETE_FLAG,COLOR_ID_NUMBER_ID,AUTHORIZED_PAY_MASS) values ('B0000804','2600107', '测B06106', 4, 260107, 0, '2',15);

insert into T_SIMINFO (SIM_ID, ORG_CODE, DEPTCODE, STATE,PAY_MODLE, SIM_NUM) values(26108, 'B0000804', '中国移动', 1, '预付费', 13100006107);
insert into T_TERMINALINFO (TERMINAL_ID,TTYPE_ID,SIM_ID,TERMINAL_CODE,ORG_CODE,IS_VIDEO_TERMINAL,SP_SERVER_NAME,PROTOCOL_TYPE,CHANNELS,YT_PROTOCOL_TYPE) values(260108, 4, 26108, '1006107', 'B0000804',1,'1076测试服务器','4',8,'0');
insert into V_VEHICLEINFO (ORG_CODE,VEHICLE_ID,ID_NUMBER,TYPE_ID,TERMINAL_ID,DELETE_FLAG,COLOR_ID_NUMBER_ID,AUTHORIZED_PAY_MASS) values ('B0000804','2600108', '测B06107', 4, 260108, 0, '2',15);

insert into T_SIMINFO (SIM_ID, ORG_CODE, DEPTCODE, STATE,PAY_MODLE, SIM_NUM) values(26109, 'B0000804', '中国移动', 1, '预付费', 13100006108);
insert into T_TERMINALINFO (TERMINAL_ID,TTYPE_ID,SIM_ID,TERMINAL_CODE,ORG_CODE,IS_VIDEO_TERMINAL,SP_SERVER_NAME,PROTOCOL_TYPE,CHANNELS,YT_PROTOCOL_TYPE) values(260109, 4, 26109, '1006108', 'B0000804',1,'1076测试服务器','4',8,'0');
insert into V_VEHICLEINFO (ORG_CODE,VEHICLE_ID,ID_NUMBER,TYPE_ID,TERMINAL_ID,DELETE_FLAG,COLOR_ID_NUMBER_ID,AUTHORIZED_PAY_MASS) values ('B0000804','2600109', '测B06108', 4, 260109, 0, '2',15);

insert into T_SIMINFO (SIM_ID, ORG_CODE, DEPTCODE, STATE,PAY_MODLE, SIM_NUM) values(26110, 'B0000804', '中国移动', 1, '预付费', 13100006109);
insert into T_TERMINALINFO (TERMINAL_ID,TTYPE_ID,SIM_ID,TERMINAL_CODE,ORG_CODE,IS_VIDEO_TERMINAL,SP_SERVER_NAME,PROTOCOL_TYPE,CHANNELS,YT_PROTOCOL_TYPE) values(260110, 4, 26110, '1006109', 'B0000804',1,'1076测试服务器','4',8,'0');
insert into V_VEHICLEINFO (ORG_CODE,VEHICLE_ID,ID_NUMBER,TYPE_ID,TERMINAL_ID,DELETE_FLAG,COLOR_ID_NUMBER_ID,AUTHORIZED_PAY_MASS) values ('B0000804','2600110', '测B06109', 4, 260110, 0, '2',15);

insert into T_SIMINFO (SIM_ID, ORG_CODE, DEPTCODE, STATE,PAY_MODLE, SIM_NUM) values(26111, 'B0000804', '中国移动', 1, '预付费', 13100006110);
insert into T_TERMINALINFO (TERMINAL_ID,TTYPE_ID,SIM_ID,TERMINAL_CODE,ORG_CODE,IS_VIDEO_TERMINAL,SP_SERVER_NAME,PROTOCOL_TYPE,CHANNELS,YT_PROTOCOL_TYPE) values(260111, 4, 26111, '1006110', 'B0000804',1,'1076测试服务器','4',8,'0');
insert into V_VEHICLEINFO (ORG_CODE,VEHICLE_ID,ID_NUMBER,TYPE_ID,TERMINAL_ID,DELETE_FLAG,COLOR_ID_NUMBER_ID,AUTHORIZED_PAY_MASS) values ('B0000804','2600111', '测B06110', 4, 260111, 0, '2',15);

insert into T_SIMINFO (SIM_ID, ORG_CODE, DEPTCODE, STATE,PAY_MODLE, SIM_NUM) values(26112, 'B0000804', '中国移动', 1, '预付费', 13100006111);
insert into T_TERMINALINFO (TERMINAL_ID,TTYPE_ID,SIM_ID,TERMINAL_CODE,ORG_CODE,IS_VIDEO_TERMINAL,SP_SERVER_NAME,PROTOCOL_TYPE,CHANNELS,YT_PROTOCOL_TYPE) values(260112, 4, 26112, '1006111', 'B0000804',1,'1076测试服务器','4',8,'0');
insert into V_VEHICLEINFO (ORG_CODE,VEHICLE_ID,ID_NUMBER,TYPE_ID,TERMINAL_ID,DELETE_FLAG,COLOR_ID_NUMBER_ID,AUTHORIZED_PAY_MASS) values ('B0000804','2600112', '测B06111', 4, 260112, 0, '2',15);

insert into T_SIMINFO (SIM_ID, ORG_CODE, DEPTCODE, STATE,PAY_MODLE, SIM_NUM) values(26113, 'B0000804', '中国移动', 1, '预付费', 13100006112);
insert into T_TERMINALINFO (TERMINAL_ID,TTYPE_ID,SIM_ID,TERMINAL_CODE,ORG_CODE,IS_VIDEO_TERMINAL,SP_SERVER_NAME,PROTOCOL_TYPE,CHANNELS,YT_PROTOCOL_TYPE) values(260113, 4, 26113, '1006112', 'B0000804',1,'1076测试服务器','4',8,'0');
insert into V_VEHICLEINFO (ORG_CODE,VEHICLE_ID,ID_NUMBER,TYPE_ID,TERMINAL_ID,DELETE_FLAG,COLOR_ID_NUMBER_ID,AUTHORIZED_PAY_MASS) values ('B0000804','2600113', '测B06112', 4, 260113, 0, '2',15);

insert into T_SIMINFO (SIM_ID, ORG_CODE, DEPTCODE, STATE,PAY_MODLE, SIM_NUM) values(26114, 'B0000804', '中国移动', 1, '预付费', 13100006113);
insert into T_TERMINALINFO (TERMINAL_ID,TTYPE_ID,SIM_ID,TERMINAL_CODE,ORG_CODE,IS_VIDEO_TERMINAL,SP_SERVER_NAME,PROTOCOL_TYPE,CHANNELS,YT_PROTOCOL_TYPE) values(260114, 4, 26114, '1006113', 'B0000804',1,'1076测试服务器','4',8,'0');
insert into V_VEHICLEINFO (ORG_CODE,VEHICLE_ID,ID_NUMBER,TYPE_ID,TERMINAL_ID,DELETE_FLAG,COLOR_ID_NUMBER_ID,AUTHORIZED_PAY_MASS) values ('B0000804','2600114', '测B06113', 4, 260114, 0, '2',15);

insert into T_SIMINFO (SIM_ID, ORG_CODE, DEPTCODE, STATE,PAY_MODLE, SIM_NUM) values(26115, 'B0000804', '中国移动', 1, '预付费', 13100006114);
insert into T_TERMINALINFO (TERMINAL_ID,TTYPE_ID,SIM_ID,TERMINAL_CODE,ORG_CODE,IS_VIDEO_TERMINAL,SP_SERVER_NAME,PROTOCOL_TYPE,CHANNELS,YT_PROTOCOL_TYPE) values(260115, 4, 26115, '1006114', 'B0000804',1,'1076测试服务器','4',8,'0');
insert into V_VEHICLEINFO (ORG_CODE,VEHICLE_ID,ID_NUMBER,TYPE_ID,TERMINAL_ID,DELETE_FLAG,COLOR_ID_NUMBER_ID,AUTHORIZED_PAY_MASS) values ('B0000804','2600115', '测B06114', 4, 260115, 0, '2',15);

insert into T_SIMINFO (SIM_ID, ORG_CODE, DEPTCODE, STATE,PAY_MODLE, SIM_NUM) values(26116, 'B0000804', '中国移动', 1, '预付费', 13100006115);
insert into T_TERMINALINFO (TERMINAL_ID,TTYPE_ID,SIM_ID,TERMINAL_CODE,ORG_CODE,IS_VIDEO_TERMINAL,SP_SERVER_NAME,PROTOCOL_TYPE,CHANNELS,YT_PROTOCOL_TYPE) values(260116, 4, 26116, '1006115', 'B0000804',1,'1076测试服务器','4',8,'0');
insert into V_VEHICLEINFO (ORG_CODE,VEHICLE_ID,ID_NUMBER,TYPE_ID,TERMINAL_ID,DELETE_FLAG,COLOR_ID_NUMBER_ID,AUTHORIZED_PAY_MASS) values ('B0000804','2600116', '测B06115', 4, 260116, 0, '2',15);

insert into T_SIMINFO (SIM_ID, ORG_CODE, DEPTCODE, STATE,PAY_MODLE, SIM_NUM) values(26117, 'B0000804', '中国移动', 1, '预付费', 13100006116);
insert into T_TERMINALINFO (TERMINAL_ID,TTYPE_ID,SIM_ID,TERMINAL_CODE,ORG_CODE,IS_VIDEO_TERMINAL,SP_SERVER_NAME,PROTOCOL_TYPE,CHANNELS,YT_PROTOCOL_TYPE) values(260117, 4, 26117, '1006116', 'B0000804',1,'1076测试服务器','4',8,'0');
insert into V_VEHICLEINFO (ORG_CODE,VEHICLE_ID,ID_NUMBER,TYPE_ID,TERMINAL_ID,DELETE_FLAG,COLOR_ID_NUMBER_ID,AUTHORIZED_PAY_MASS) values ('B0000804','2600117', '测B06116', 4, 260117, 0, '2',15);

insert into T_SIMINFO (SIM_ID, ORG_CODE, DEPTCODE, STATE,PAY_MODLE, SIM_NUM) values(26118, 'B0000804', '中国移动', 1, '预付费', 13100006117);
insert into T_TERMINALINFO (TERMINAL_ID,TTYPE_ID,SIM_ID,TERMINAL_CODE,ORG_CODE,IS_VIDEO_TERMINAL,SP_SERVER_NAME,PROTOCOL_TYPE,CHANNELS,YT_PROTOCOL_TYPE) values(260118, 4, 26118, '1006117', 'B0000804',1,'1076测试服务器','4',8,'0');
insert into V_VEHICLEINFO (ORG_CODE,VEHICLE_ID,ID_NUMBER,TYPE_ID,TERMINAL_ID,DELETE_FLAG,COLOR_ID_NUMBER_ID,AUTHORIZED_PAY_MASS) values ('B0000804','2600118', '测B06117', 4, 260118, 0, '2',15);

insert into T_SIMINFO (SIM_ID, ORG_CODE, DEPTCODE, STATE,PAY_MODLE, SIM_NUM) values(26119, 'B0000804', '中国移动', 1, '预付费', 13100006118);
insert into T_TERMINALINFO (TERMINAL_ID,TTYPE_ID,SIM_ID,TERMINAL_CODE,ORG_CODE,IS_VIDEO_TERMINAL,SP_SERVER_NAME,PROTOCOL_TYPE,CHANNELS,YT_PROTOCOL_TYPE) values(260119, 4, 26119, '1006118', 'B0000804',1,'1076测试服务器','4',8,'0');
insert into V_VEHICLEINFO (ORG_CODE,VEHICLE_ID,ID_NUMBER,TYPE_ID,TERMINAL_ID,DELETE_FLAG,COLOR_ID_NUMBER_ID,AUTHORIZED_PAY_MASS) values ('B0000804','2600119', '测B06118', 4, 260119, 0, '2',15);

insert into T_SIMINFO (SIM_ID, ORG_CODE, DEPTCODE, STATE,PAY_MODLE, SIM_NUM) values(26120, 'B0000804', '中国移动', 1, '预付费', 13100006119);
insert into T_TERMINALINFO (TERMINAL_ID,TTYPE_ID,SIM_ID,TERMINAL_CODE,ORG_CODE,IS_VIDEO_TERMINAL,SP_SERVER_NAME,PROTOCOL_TYPE,CHANNELS,YT_PROTOCOL_TYPE) values(260120, 4, 26120, '1006119', 'B0000804',1,'1076测试服务器','4',8,'0');
insert into V_VEHICLEINFO (ORG_CODE,VEHICLE_ID,ID_NUMBER,TYPE_ID,TERMINAL_ID,DELETE_FLAG,COLOR_ID_NUMBER_ID,AUTHORIZED_PAY_MASS) values ('B0000804','2600120', '测B06119', 4, 260120, 0, '2',15);

insert into T_SIMINFO (SIM_ID, ORG_CODE, DEPTCODE, STATE,PAY_MODLE, SIM_NUM) values(26121, 'B0000804', '中国移动', 1, '预付费', 13100006120);
insert into T_TERMINALINFO (TERMINAL_ID,TTYPE_ID,SIM_ID,TERMINAL_CODE,ORG_CODE,IS_VIDEO_TERMINAL,SP_SERVER_NAME,PROTOCOL_TYPE,CHANNELS,YT_PROTOCOL_TYPE) values(260121, 4, 26121, '1006120', 'B0000804',1,'1076测试服务器','4',8,'0');
insert into V_VEHICLEINFO (ORG_CODE,VEHICLE_ID,ID_NUMBER,TYPE_ID,TERMINAL_ID,DELETE_FLAG,COLOR_ID_NUMBER_ID,AUTHORIZED_PAY_MASS) values ('B0000804','2600121', '测B06120', 4, 260121, 0, '2',15);

insert into T_SIMINFO (SIM_ID, ORG_CODE, DEPTCODE, STATE,PAY_MODLE, SIM_NUM) values(26122, 'B0000804', '中国移动', 1, '预付费', 13100006121);
insert into T_TERMINALINFO (TERMINAL_ID,TTYPE_ID,SIM_ID,TERMINAL_CODE,ORG_CODE,IS_VIDEO_TERMINAL,SP_SERVER_NAME,PROTOCOL_TYPE,CHANNELS,YT_PROTOCOL_TYPE) values(260122, 4, 26122, '1006121', 'B0000804',1,'1076测试服务器','4',8,'0');
insert into V_VEHICLEINFO (ORG_CODE,VEHICLE_ID,ID_NUMBER,TYPE_ID,TERMINAL_ID,DELETE_FLAG,COLOR_ID_NUMBER_ID,AUTHORIZED_PAY_MASS) values ('B0000804','2600122', '测B06121', 4, 260122, 0, '2',15);

insert into T_SIMINFO (SIM_ID, ORG_CODE, DEPTCODE, STATE,PAY_MODLE, SIM_NUM) values(26123, 'B0000804', '中国移动', 1, '预付费', 13100006122);
insert into T_TERMINALINFO (TERMINAL_ID,TTYPE_ID,SIM_ID,TERMINAL_CODE,ORG_CODE,IS_VIDEO_TERMINAL,SP_SERVER_NAME,PROTOCOL_TYPE,CHANNELS,YT_PROTOCOL_TYPE) values(260123, 4, 26123, '1006122', 'B0000804',1,'1076测试服务器','4',8,'0');
insert into V_VEHICLEINFO (ORG_CODE,VEHICLE_ID,ID_NUMBER,TYPE_ID,TERMINAL_ID,DELETE_FLAG,COLOR_ID_NUMBER_ID,AUTHORIZED_PAY_MASS) values ('B0000804','2600123', '测B06122', 4, 260123, 0, '2',15);

insert into T_SIMINFO (SIM_ID, ORG_CODE, DEPTCODE, STATE,PAY_MODLE, SIM_NUM) values(26124, 'B0000804', '中国移动', 1, '预付费', 13100006123);
insert into T_TERMINALINFO (TERMINAL_ID,TTYPE_ID,SIM_ID,TERMINAL_CODE,ORG_CODE,IS_VIDEO_TERMINAL,SP_SERVER_NAME,PROTOCOL_TYPE,CHANNELS,YT_PROTOCOL_TYPE) values(260124, 4, 26124, '1006123', 'B0000804',1,'1076测试服务器','4',8,'0');
insert into V_VEHICLEINFO (ORG_CODE,VEHICLE_ID,ID_NUMBER,TYPE_ID,TERMINAL_ID,DELETE_FLAG,COLOR_ID_NUMBER_ID,AUTHORIZED_PAY_MASS) values ('B0000804','2600124', '测B06123', 4, 260124, 0, '2',15);

insert into T_SIMINFO (SIM_ID, ORG_CODE, DEPTCODE, STATE,PAY_MODLE, SIM_NUM) values(26125, 'B0000804', '中国移动', 1, '预付费', 13100006124);
insert into T_TERMINALINFO (TERMINAL_ID,TTYPE_ID,SIM_ID,TERMINAL_CODE,ORG_CODE,IS_VIDEO_TERMINAL,SP_SERVER_NAME,PROTOCOL_TYPE,CHANNELS,YT_PROTOCOL_TYPE) values(260125, 4, 26125, '1006124', 'B0000804',1,'1076测试服务器','4',8,'0');
insert into V_VEHICLEINFO (ORG_CODE,VEHICLE_ID,ID_NUMBER,TYPE_ID,TERMINAL_ID,DELETE_FLAG,COLOR_ID_NUMBER_ID,AUTHORIZED_PAY_MASS) values ('B0000804','2600125', '测B06124', 4, 260125, 0, '2',15);

insert into T_SIMINFO (SIM_ID, ORG_CODE, DEPTCODE, STATE,PAY_MODLE, SIM_NUM) values(26126, 'B0000804', '中国移动', 1, '预付费', 13100006125);
insert into T_TERMINALINFO (TERMINAL_ID,TTYPE_ID,SIM_ID,TERMINAL_CODE,ORG_CODE,IS_VIDEO_TERMINAL,SP_SERVER_NAME,PROTOCOL_TYPE,CHANNELS,YT_PROTOCOL_TYPE) values(260126, 4, 26126, '1006125', 'B0000804',1,'1076测试服务器','4',8,'0');
insert into V_VEHICLEINFO (ORG_CODE,VEHICLE_ID,ID_NUMBER,TYPE_ID,TERMINAL_ID,DELETE_FLAG,COLOR_ID_NUMBER_ID,AUTHORIZED_PAY_MASS) values ('B0000804','2600126', '测B06125', 4, 260126, 0, '2',15);

insert into T_SIMINFO (SIM_ID, ORG_CODE, DEPTCODE, STATE,PAY_MODLE, SIM_NUM) values(26127, 'B0000804', '中国移动', 1, '预付费', 13100006126);
insert into T_TERMINALINFO (TERMINAL_ID,TTYPE_ID,SIM_ID,TERMINAL_CODE,ORG_CODE,IS_VIDEO_TERMINAL,SP_SERVER_NAME,PROTOCOL_TYPE,CHANNELS,YT_PROTOCOL_TYPE) values(260127, 4, 26127, '1006126', 'B0000804',1,'1076测试服务器','4',8,'0');
insert into V_VEHICLEINFO (ORG_CODE,VEHICLE_ID,ID_NUMBER,TYPE_ID,TERMINAL_ID,DELETE_FLAG,COLOR_ID_NUMBER_ID,AUTHORIZED_PAY_MASS) values ('B0000804','2600127', '测B06126', 4, 260127, 0, '2',15);

insert into T_SIMINFO (SIM_ID, ORG_CODE, DEPTCODE, STATE,PAY_MODLE, SIM_NUM) values(26128, 'B0000804', '中国移动', 1, '预付费', 13100006127);
insert into T_TERMINALINFO (TERMINAL_ID,TTYPE_ID,SIM_ID,TERMINAL_CODE,ORG_CODE,IS_VIDEO_TERMINAL,SP_SERVER_NAME,PROTOCOL_TYPE,CHANNELS,YT_PROTOCOL_TYPE) values(260128, 4, 26128, '1006127', 'B0000804',1,'1076测试服务器','4',8,'0');
insert into V_VEHICLEINFO (ORG_CODE,VEHICLE_ID,ID_NUMBER,TYPE_ID,TERMINAL_ID,DELETE_FLAG,COLOR_ID_NUMBER_ID,AUTHORIZED_PAY_MASS) values ('B0000804','2600128', '测B06127', 4, 260128, 0, '2',15);

insert into T_SIMINFO (SIM_ID, ORG_CODE, DEPTCODE, STATE,PAY_MODLE, SIM_NUM) values(26129, 'B0000804', '中国移动', 1, '预付费', 13100006128);
insert into T_TERMINALINFO (TERMINAL_ID,TTYPE_ID,SIM_ID,TERMINAL_CODE,ORG_CODE,IS_VIDEO_TERMINAL,SP_SERVER_NAME,PROTOCOL_TYPE,CHANNELS,YT_PROTOCOL_TYPE) values(260129, 4, 26129, '1006128', 'B0000804',1,'1076测试服务器','4',8,'0');
insert into V_VEHICLEINFO (ORG_CODE,VEHICLE_ID,ID_NUMBER,TYPE_ID,TERMINAL_ID,DELETE_FLAG,COLOR_ID_NUMBER_ID,AUTHORIZED_PAY_MASS) values ('B0000804','2600129', '测B06128', 4, 260129, 0, '2',15);

insert into T_SIMINFO (SIM_ID, ORG_CODE, DEPTCODE, STATE,PAY_MODLE, SIM_NUM) values(26130, 'B0000804', '中国移动', 1, '预付费', 13100006129);
insert into T_TERMINALINFO (TERMINAL_ID,TTYPE_ID,SIM_ID,TERMINAL_CODE,ORG_CODE,IS_VIDEO_TERMINAL,SP_SERVER_NAME,PROTOCOL_TYPE,CHANNELS,YT_PROTOCOL_TYPE) values(260130, 4, 26130, '1006129', 'B0000804',1,'1076测试服务器','4',8,'0');
insert into V_VEHICLEINFO (ORG_CODE,VEHICLE_ID,ID_NUMBER,TYPE_ID,TERMINAL_ID,DELETE_FLAG,COLOR_ID_NUMBER_ID,AUTHORIZED_PAY_MASS) values ('B0000804','2600130', '测B06129', 4, 260130, 0, '2',15);

insert into T_SIMINFO (SIM_ID, ORG_CODE, DEPTCODE, STATE,PAY_MODLE, SIM_NUM) values(26131, 'B0000804', '中国移动', 1, '预付费', 13100006130);
insert into T_TERMINALINFO (TERMINAL_ID,TTYPE_ID,SIM_ID,TERMINAL_CODE,ORG_CODE,IS_VIDEO_TERMINAL,SP_SERVER_NAME,PROTOCOL_TYPE,CHANNELS,YT_PROTOCOL_TYPE) values(260131, 4, 26131, '1006130', 'B0000804',1,'1076测试服务器','4',8,'0');
insert into V_VEHICLEINFO (ORG_CODE,VEHICLE_ID,ID_NUMBER,TYPE_ID,TERMINAL_ID,DELETE_FLAG,COLOR_ID_NUMBER_ID,AUTHORIZED_PAY_MASS) values ('B0000804','2600131', '测B06130', 4, 260131, 0, '2',15);

insert into T_SIMINFO (SIM_ID, ORG_CODE, DEPTCODE, STATE,PAY_MODLE, SIM_NUM) values(26132, 'B0000804', '中国移动', 1, '预付费', 13100006131);
insert into T_TERMINALINFO (TERMINAL_ID,TTYPE_ID,SIM_ID,TERMINAL_CODE,ORG_CODE,IS_VIDEO_TERMINAL,SP_SERVER_NAME,PROTOCOL_TYPE,CHANNELS,YT_PROTOCOL_TYPE) values(260132, 4, 26132, '1006131', 'B0000804',1,'1076测试服务器','4',8,'0');
insert into V_VEHICLEINFO (ORG_CODE,VEHICLE_ID,ID_NUMBER,TYPE_ID,TERMINAL_ID,DELETE_FLAG,COLOR_ID_NUMBER_ID,AUTHORIZED_PAY_MASS) values ('B0000804','2600132', '测B06131', 4, 260132, 0, '2',15);

insert into T_SIMINFO (SIM_ID, ORG_CODE, DEPTCODE, STATE,PAY_MODLE, SIM_NUM) values(26133, 'B0000804', '中国移动', 1, '预付费', 13100006132);
insert into T_TERMINALINFO (TERMINAL_ID,TTYPE_ID,SIM_ID,TERMINAL_CODE,ORG_CODE,IS_VIDEO_TERMINAL,SP_SERVER_NAME,PROTOCOL_TYPE,CHANNELS,YT_PROTOCOL_TYPE) values(260133, 4, 26133, '1006132', 'B0000804',1,'1076测试服务器','4',8,'0');
insert into V_VEHICLEINFO (ORG_CODE,VEHICLE_ID,ID_NUMBER,TYPE_ID,TERMINAL_ID,DELETE_FLAG,COLOR_ID_NUMBER_ID,AUTHORIZED_PAY_MASS) values ('B0000804','2600133', '测B06132', 4, 260133, 0, '2',15);

insert into T_SIMINFO (SIM_ID, ORG_CODE, DEPTCODE, STATE,PAY_MODLE, SIM_NUM) values(26134, 'B0000804', '中国移动', 1, '预付费', 13100006133);
insert into T_TERMINALINFO (TERMINAL_ID,TTYPE_ID,SIM_ID,TERMINAL_CODE,ORG_CODE,IS_VIDEO_TERMINAL,SP_SERVER_NAME,PROTOCOL_TYPE,CHANNELS,YT_PROTOCOL_TYPE) values(260134, 4, 26134, '1006133', 'B0000804',1,'1076测试服务器','4',8,'0');
insert into V_VEHICLEINFO (ORG_CODE,VEHICLE_ID,ID_NUMBER,TYPE_ID,TERMINAL_ID,DELETE_FLAG,COLOR_ID_NUMBER_ID,AUTHORIZED_PAY_MASS) values ('B0000804','2600134', '测B06133', 4, 260134, 0, '2',15);

insert into T_SIMINFO (SIM_ID, ORG_CODE, DEPTCODE, STATE,PAY_MODLE, SIM_NUM) values(26135, 'B0000804', '中国移动', 1, '预付费', 13100006134);
insert into T_TERMINALINFO (TERMINAL_ID,TTYPE_ID,SIM_ID,TERMINAL_CODE,ORG_CODE,IS_VIDEO_TERMINAL,SP_SERVER_NAME,PROTOCOL_TYPE,CHANNELS,YT_PROTOCOL_TYPE) values(260135, 4, 26135, '1006134', 'B0000804',1,'1076测试服务器','4',8,'0');
insert into V_VEHICLEINFO (ORG_CODE,VEHICLE_ID,ID_NUMBER,TYPE_ID,TERMINAL_ID,DELETE_FLAG,COLOR_ID_NUMBER_ID,AUTHORIZED_PAY_MASS) values ('B0000804','2600135', '测B06134', 4, 260135, 0, '2',15);

insert into T_SIMINFO (SIM_ID, ORG_CODE, DEPTCODE, STATE,PAY_MODLE, SIM_NUM) values(26136, 'B0000804', '中国移动', 1, '预付费', 13100006135);
insert into T_TERMINALINFO (TERMINAL_ID,TTYPE_ID,SIM_ID,TERMINAL_CODE,ORG_CODE,IS_VIDEO_TERMINAL,SP_SERVER_NAME,PROTOCOL_TYPE,CHANNELS,YT_PROTOCOL_TYPE) values(260136, 4, 26136, '1006135', 'B0000804',1,'1076测试服务器','4',8,'0');
insert into V_VEHICLEINFO (ORG_CODE,VEHICLE_ID,ID_NUMBER,TYPE_ID,TERMINAL_ID,DELETE_FLAG,COLOR_ID_NUMBER_ID,AUTHORIZED_PAY_MASS) values ('B0000804','2600136', '测B06135', 4, 260136, 0, '2',15);

insert into T_SIMINFO (SIM_ID, ORG_CODE, DEPTCODE, STATE,PAY_MODLE, SIM_NUM) values(26137, 'B0000804', '中国移动', 1, '预付费', 13100006136);
insert into T_TERMINALINFO (TERMINAL_ID,TTYPE_ID,SIM_ID,TERMINAL_CODE,ORG_CODE,IS_VIDEO_TERMINAL,SP_SERVER_NAME,PROTOCOL_TYPE,CHANNELS,YT_PROTOCOL_TYPE) values(260137, 4, 26137, '1006136', 'B0000804',1,'1076测试服务器','4',8,'0');
insert into V_VEHICLEINFO (ORG_CODE,VEHICLE_ID,ID_NUMBER,TYPE_ID,TERMINAL_ID,DELETE_FLAG,COLOR_ID_NUMBER_ID,AUTHORIZED_PAY_MASS) values ('B0000804','2600137', '测B06136', 4, 260137, 0, '2',15);

insert into T_SIMINFO (SIM_ID, ORG_CODE, DEPTCODE, STATE,PAY_MODLE, SIM_NUM) values(26138, 'B0000804', '中国移动', 1, '预付费', 13100006137);
insert into T_TERMINALINFO (TERMINAL_ID,TTYPE_ID,SIM_ID,TERMINAL_CODE,ORG_CODE,IS_VIDEO_TERMINAL,SP_SERVER_NAME,PROTOCOL_TYPE,CHANNELS,YT_PROTOCOL_TYPE) values(260138, 4, 26138, '1006137', 'B0000804',1,'1076测试服务器','4',8,'0');
insert into V_VEHICLEINFO (ORG_CODE,VEHICLE_ID,ID_NUMBER,TYPE_ID,TERMINAL_ID,DELETE_FLAG,COLOR_ID_NUMBER_ID,AUTHORIZED_PAY_MASS) values ('B0000804','2600138', '测B06137', 4, 260138, 0, '2',15);

insert into T_SIMINFO (SIM_ID, ORG_CODE, DEPTCODE, STATE,PAY_MODLE, SIM_NUM) values(26139, 'B0000804', '中国移动', 1, '预付费', 13100006138);
insert into T_TERMINALINFO (TERMINAL_ID,TTYPE_ID,SIM_ID,TERMINAL_CODE,ORG_CODE,IS_VIDEO_TERMINAL,SP_SERVER_NAME,PROTOCOL_TYPE,CHANNELS,YT_PROTOCOL_TYPE) values(260139, 4, 26139, '1006138', 'B0000804',1,'1076测试服务器','4',8,'0');
insert into V_VEHICLEINFO (ORG_CODE,VEHICLE_ID,ID_NUMBER,TYPE_ID,TERMINAL_ID,DELETE_FLAG,COLOR_ID_NUMBER_ID,AUTHORIZED_PAY_MASS) values ('B0000804','2600139', '测B06138', 4, 260139, 0, '2',15);

insert into T_SIMINFO (SIM_ID, ORG_CODE, DEPTCODE, STATE,PAY_MODLE, SIM_NUM) values(26140, 'B0000804', '中国移动', 1, '预付费', 13100006139);
insert into T_TERMINALINFO (TERMINAL_ID,TTYPE_ID,SIM_ID,TERMINAL_CODE,ORG_CODE,IS_VIDEO_TERMINAL,SP_SERVER_NAME,PROTOCOL_TYPE,CHANNELS,YT_PROTOCOL_TYPE) values(260140, 4, 26140, '1006139', 'B0000804',1,'1076测试服务器','4',8,'0');
insert into V_VEHICLEINFO (ORG_CODE,VEHICLE_ID,ID_NUMBER,TYPE_ID,TERMINAL_ID,DELETE_FLAG,COLOR_ID_NUMBER_ID,AUTHORIZED_PAY_MASS) values ('B0000804','2600140', '测B06139', 4, 260140, 0, '2',15);

insert into T_SIMINFO (SIM_ID, ORG_CODE, DEPTCODE, STATE,PAY_MODLE, SIM_NUM) values(26141, 'B0000804', '中国移动', 1, '预付费', 13100006140);
insert into T_TERMINALINFO (TERMINAL_ID,TTYPE_ID,SIM_ID,TERMINAL_CODE,ORG_CODE,IS_VIDEO_TERMINAL,SP_SERVER_NAME,PROTOCOL_TYPE,CHANNELS,YT_PROTOCOL_TYPE) values(260141, 4, 26141, '1006140', 'B0000804',1,'1076测试服务器','4',8,'0');
insert into V_VEHICLEINFO (ORG_CODE,VEHICLE_ID,ID_NUMBER,TYPE_ID,TERMINAL_ID,DELETE_FLAG,COLOR_ID_NUMBER_ID,AUTHORIZED_PAY_MASS) values ('B0000804','2600141', '测B06140', 4, 260141, 0, '2',15);

insert into T_SIMINFO (SIM_ID, ORG_CODE, DEPTCODE, STATE,PAY_MODLE, SIM_NUM) values(26142, 'B0000804', '中国移动', 1, '预付费', 13100006141);
insert into T_TERMINALINFO (TERMINAL_ID,TTYPE_ID,SIM_ID,TERMINAL_CODE,ORG_CODE,IS_VIDEO_TERMINAL,SP_SERVER_NAME,PROTOCOL_TYPE,CHANNELS,YT_PROTOCOL_TYPE) values(260142, 4, 26142, '1006141', 'B0000804',1,'1076测试服务器','4',8,'0');
insert into V_VEHICLEINFO (ORG_CODE,VEHICLE_ID,ID_NUMBER,TYPE_ID,TERMINAL_ID,DELETE_FLAG,COLOR_ID_NUMBER_ID,AUTHORIZED_PAY_MASS) values ('B0000804','2600142', '测B06141', 4, 260142, 0, '2',15);

insert into T_SIMINFO (SIM_ID, ORG_CODE, DEPTCODE, STATE,PAY_MODLE, SIM_NUM) values(26143, 'B0000804', '中国移动', 1, '预付费', 13100006142);
insert into T_TERMINALINFO (TERMINAL_ID,TTYPE_ID,SIM_ID,TERMINAL_CODE,ORG_CODE,IS_VIDEO_TERMINAL,SP_SERVER_NAME,PROTOCOL_TYPE,CHANNELS,YT_PROTOCOL_TYPE) values(260143, 4, 26143, '1006142', 'B0000804',1,'1076测试服务器','4',8,'0');
insert into V_VEHICLEINFO (ORG_CODE,VEHICLE_ID,ID_NUMBER,TYPE_ID,TERMINAL_ID,DELETE_FLAG,COLOR_ID_NUMBER_ID,AUTHORIZED_PAY_MASS) values ('B0000804','2600143', '测B06142', 4, 260143, 0, '2',15);

insert into T_SIMINFO (SIM_ID, ORG_CODE, DEPTCODE, STATE,PAY_MODLE, SIM_NUM) values(26144, 'B0000804', '中国移动', 1, '预付费', 13100006143);
insert into T_TERMINALINFO (TERMINAL_ID,TTYPE_ID,SIM_ID,TERMINAL_CODE,ORG_CODE,IS_VIDEO_TERMINAL,SP_SERVER_NAME,PROTOCOL_TYPE,CHANNELS,YT_PROTOCOL_TYPE) values(260144, 4, 26144, '1006143', 'B0000804',1,'1076测试服务器','4',8,'0');
insert into V_VEHICLEINFO (ORG_CODE,VEHICLE_ID,ID_NUMBER,TYPE_ID,TERMINAL_ID,DELETE_FLAG,COLOR_ID_NUMBER_ID,AUTHORIZED_PAY_MASS) values ('B0000804','2600144', '测B06143', 4, 260144, 0, '2',15);

insert into T_SIMINFO (SIM_ID, ORG_CODE, DEPTCODE, STATE,PAY_MODLE, SIM_NUM) values(26145, 'B0000804', '中国移动', 1, '预付费', 13100006144);
insert into T_TERMINALINFO (TERMINAL_ID,TTYPE_ID,SIM_ID,TERMINAL_CODE,ORG_CODE,IS_VIDEO_TERMINAL,SP_SERVER_NAME,PROTOCOL_TYPE,CHANNELS,YT_PROTOCOL_TYPE) values(260145, 4, 26145, '1006144', 'B0000804',1,'1076测试服务器','4',8,'0');
insert into V_VEHICLEINFO (ORG_CODE,VEHICLE_ID,ID_NUMBER,TYPE_ID,TERMINAL_ID,DELETE_FLAG,COLOR_ID_NUMBER_ID,AUTHORIZED_PAY_MASS) values ('B0000804','2600145', '测B06144', 4, 260145, 0, '2',15);

insert into T_SIMINFO (SIM_ID, ORG_CODE, DEPTCODE, STATE,PAY_MODLE, SIM_NUM) values(26146, 'B0000804', '中国移动', 1, '预付费', 13100006145);
insert into T_TERMINALINFO (TERMINAL_ID,TTYPE_ID,SIM_ID,TERMINAL_CODE,ORG_CODE,IS_VIDEO_TERMINAL,SP_SERVER_NAME,PROTOCOL_TYPE,CHANNELS,YT_PROTOCOL_TYPE) values(260146, 4, 26146, '1006145', 'B0000804',1,'1076测试服务器','4',8,'0');
insert into V_VEHICLEINFO (ORG_CODE,VEHICLE_ID,ID_NUMBER,TYPE_ID,TERMINAL_ID,DELETE_FLAG,COLOR_ID_NUMBER_ID,AUTHORIZED_PAY_MASS) values ('B0000804','2600146', '测B06145', 4, 260146, 0, '2',15);

insert into T_SIMINFO (SIM_ID, ORG_CODE, DEPTCODE, STATE,PAY_MODLE, SIM_NUM) values(26147, 'B0000804', '中国移动', 1, '预付费', 13100006146);
insert into T_TERMINALINFO (TERMINAL_ID,TTYPE_ID,SIM_ID,TERMINAL_CODE,ORG_CODE,IS_VIDEO_TERMINAL,SP_SERVER_NAME,PROTOCOL_TYPE,CHANNELS,YT_PROTOCOL_TYPE) values(260147, 4, 26147, '1006146', 'B0000804',1,'1076测试服务器','4',8,'0');
insert into V_VEHICLEINFO (ORG_CODE,VEHICLE_ID,ID_NUMBER,TYPE_ID,TERMINAL_ID,DELETE_FLAG,COLOR_ID_NUMBER_ID,AUTHORIZED_PAY_MASS) values ('B0000804','2600147', '测B06146', 4, 260147, 0, '2',15);

insert into T_SIMINFO (SIM_ID, ORG_CODE, DEPTCODE, STATE,PAY_MODLE, SIM_NUM) values(26148, 'B0000804', '中国移动', 1, '预付费', 13100006147);
insert into T_TERMINALINFO (TERMINAL_ID,TTYPE_ID,SIM_ID,TERMINAL_CODE,ORG_CODE,IS_VIDEO_TERMINAL,SP_SERVER_NAME,PROTOCOL_TYPE,CHANNELS,YT_PROTOCOL_TYPE) values(260148, 4, 26148, '1006147', 'B0000804',1,'1076测试服务器','4',8,'0');
insert into V_VEHICLEINFO (ORG_CODE,VEHICLE_ID,ID_NUMBER,TYPE_ID,TERMINAL_ID,DELETE_FLAG,COLOR_ID_NUMBER_ID,AUTHORIZED_PAY_MASS) values ('B0000804','2600148', '测B06147', 4, 260148, 0, '2',15);

insert into T_SIMINFO (SIM_ID, ORG_CODE, DEPTCODE, STATE,PAY_MODLE, SIM_NUM) values(26149, 'B0000804', '中国移动', 1, '预付费', 13100006148);
insert into T_TERMINALINFO (TERMINAL_ID,TTYPE_ID,SIM_ID,TERMINAL_CODE,ORG_CODE,IS_VIDEO_TERMINAL,SP_SERVER_NAME,PROTOCOL_TYPE,CHANNELS,YT_PROTOCOL_TYPE) values(260149, 4, 26149, '1006148', 'B0000804',1,'1076测试服务器','4',8,'0');
insert into V_VEHICLEINFO (ORG_CODE,VEHICLE_ID,ID_NUMBER,TYPE_ID,TERMINAL_ID,DELETE_FLAG,COLOR_ID_NUMBER_ID,AUTHORIZED_PAY_MASS) values ('B0000804','2600149', '测B06148', 4, 260149, 0, '2',15);

insert into T_SIMINFO (SIM_ID, ORG_CODE, DEPTCODE, STATE,PAY_MODLE, SIM_NUM) values(26150, 'B0000804', '中国移动', 1, '预付费', 13100006149);
insert into T_TERMINALINFO (TERMINAL_ID,TTYPE_ID,SIM_ID,TERMINAL_CODE,ORG_CODE,IS_VIDEO_TERMINAL,SP_SERVER_NAME,PROTOCOL_TYPE,CHANNELS,YT_PROTOCOL_TYPE) values(260150, 4, 26150, '1006149', 'B0000804',1,'1076测试服务器','4',8,'0');
insert into V_VEHICLEINFO (ORG_CODE,VEHICLE_ID,ID_NUMBER,TYPE_ID,TERMINAL_ID,DELETE_FLAG,COLOR_ID_NUMBER_ID,AUTHORIZED_PAY_MASS) values ('B0000804','2600150', '测B06149', 4, 260150, 0, '2',15);

insert into T_SIMINFO (SIM_ID, ORG_CODE, DEPTCODE, STATE,PAY_MODLE, SIM_NUM) values(26151, 'B0000804', '中国移动', 1, '预付费', 13100006150);
insert into T_TERMINALINFO (TERMINAL_ID,TTYPE_ID,SIM_ID,TERMINAL_CODE,ORG_CODE,IS_VIDEO_TERMINAL,SP_SERVER_NAME,PROTOCOL_TYPE,CHANNELS,YT_PROTOCOL_TYPE) values(260151, 4, 26151, '1006150', 'B0000804',1,'1076测试服务器','4',8,'0');
insert into V_VEHICLEINFO (ORG_CODE,VEHICLE_ID,ID_NUMBER,TYPE_ID,TERMINAL_ID,DELETE_FLAG,COLOR_ID_NUMBER_ID,AUTHORIZED_PAY_MASS) values ('B0000804','2600151', '测B06150', 4, 260151, 0, '2',15);

insert into T_SIMINFO (SIM_ID, ORG_CODE, DEPTCODE, STATE,PAY_MODLE, SIM_NUM) values(26152, 'B0000804', '中国移动', 1, '预付费', 13100006151);
insert into T_TERMINALINFO (TERMINAL_ID,TTYPE_ID,SIM_ID,TERMINAL_CODE,ORG_CODE,IS_VIDEO_TERMINAL,SP_SERVER_NAME,PROTOCOL_TYPE,CHANNELS,YT_PROTOCOL_TYPE) values(260152, 4, 26152, '1006151', 'B0000804',1,'1076测试服务器','4',8,'0');
insert into V_VEHICLEINFO (ORG_CODE,VEHICLE_ID,ID_NUMBER,TYPE_ID,TERMINAL_ID,DELETE_FLAG,COLOR_ID_NUMBER_ID,AUTHORIZED_PAY_MASS) values ('B0000804','2600152', '测B06151', 4, 260152, 0, '2',15);

insert into T_SIMINFO (SIM_ID, ORG_CODE, DEPTCODE, STATE,PAY_MODLE, SIM_NUM) values(26153, 'B0000804', '中国移动', 1, '预付费', 13100006152);
insert into T_TERMINALINFO (TERMINAL_ID,TTYPE_ID,SIM_ID,TERMINAL_CODE,ORG_CODE,IS_VIDEO_TERMINAL,SP_SERVER_NAME,PROTOCOL_TYPE,CHANNELS,YT_PROTOCOL_TYPE) values(260153, 4, 26153, '1006152', 'B0000804',1,'1076测试服务器','4',8,'0');
insert into V_VEHICLEINFO (ORG_CODE,VEHICLE_ID,ID_NUMBER,TYPE_ID,TERMINAL_ID,DELETE_FLAG,COLOR_ID_NUMBER_ID,AUTHORIZED_PAY_MASS) values ('B0000804','2600153', '测B06152', 4, 260153, 0, '2',15);

insert into T_SIMINFO (SIM_ID, ORG_CODE, DEPTCODE, STATE,PAY_MODLE, SIM_NUM) values(26154, 'B0000804', '中国移动', 1, '预付费', 13100006153);
insert into T_TERMINALINFO (TERMINAL_ID,TTYPE_ID,SIM_ID,TERMINAL_CODE,ORG_CODE,IS_VIDEO_TERMINAL,SP_SERVER_NAME,PROTOCOL_TYPE,CHANNELS,YT_PROTOCOL_TYPE) values(260154, 4, 26154, '1006153', 'B0000804',1,'1076测试服务器','4',8,'0');
insert into V_VEHICLEINFO (ORG_CODE,VEHICLE_ID,ID_NUMBER,TYPE_ID,TERMINAL_ID,DELETE_FLAG,COLOR_ID_NUMBER_ID,AUTHORIZED_PAY_MASS) values ('B0000804','2600154', '测B06153', 4, 260154, 0, '2',15);

insert into T_SIMINFO (SIM_ID, ORG_CODE, DEPTCODE, STATE,PAY_MODLE, SIM_NUM) values(26155, 'B0000804', '中国移动', 1, '预付费', 13100006154);
insert into T_TERMINALINFO (TERMINAL_ID,TTYPE_ID,SIM_ID,TERMINAL_CODE,ORG_CODE,IS_VIDEO_TERMINAL,SP_SERVER_NAME,PROTOCOL_TYPE,CHANNELS,YT_PROTOCOL_TYPE) values(260155, 4, 26155, '1006154', 'B0000804',1,'1076测试服务器','4',8,'0');
insert into V_VEHICLEINFO (ORG_CODE,VEHICLE_ID,ID_NUMBER,TYPE_ID,TERMINAL_ID,DELETE_FLAG,COLOR_ID_NUMBER_ID,AUTHORIZED_PAY_MASS) values ('B0000804','2600155', '测B06154', 4, 260155, 0, '2',15);

insert into T_SIMINFO (SIM_ID, ORG_CODE, DEPTCODE, STATE,PAY_MODLE, SIM_NUM) values(26156, 'B0000804', '中国移动', 1, '预付费', 13100006155);
insert into T_TERMINALINFO (TERMINAL_ID,TTYPE_ID,SIM_ID,TERMINAL_CODE,ORG_CODE,IS_VIDEO_TERMINAL,SP_SERVER_NAME,PROTOCOL_TYPE,CHANNELS,YT_PROTOCOL_TYPE) values(260156, 4, 26156, '1006155', 'B0000804',1,'1076测试服务器','4',8,'0');
insert into V_VEHICLEINFO (ORG_CODE,VEHICLE_ID,ID_NUMBER,TYPE_ID,TERMINAL_ID,DELETE_FLAG,COLOR_ID_NUMBER_ID,AUTHORIZED_PAY_MASS) values ('B0000804','2600156', '测B06155', 4, 260156, 0, '2',15);

insert into T_SIMINFO (SIM_ID, ORG_CODE, DEPTCODE, STATE,PAY_MODLE, SIM_NUM) values(26157, 'B0000804', '中国移动', 1, '预付费', 13100006156);
insert into T_TERMINALINFO (TERMINAL_ID,TTYPE_ID,SIM_ID,TERMINAL_CODE,ORG_CODE,IS_VIDEO_TERMINAL,SP_SERVER_NAME,PROTOCOL_TYPE,CHANNELS,YT_PROTOCOL_TYPE) values(260157, 4, 26157, '1006156', 'B0000804',1,'1076测试服务器','4',8,'0');
insert into V_VEHICLEINFO (ORG_CODE,VEHICLE_ID,ID_NUMBER,TYPE_ID,TERMINAL_ID,DELETE_FLAG,COLOR_ID_NUMBER_ID,AUTHORIZED_PAY_MASS) values ('B0000804','2600157', '测B06156', 4, 260157, 0, '2',15);

insert into T_SIMINFO (SIM_ID, ORG_CODE, DEPTCODE, STATE,PAY_MODLE, SIM_NUM) values(26158, 'B0000804', '中国移动', 1, '预付费', 13100006157);
insert into T_TERMINALINFO (TERMINAL_ID,TTYPE_ID,SIM_ID,TERMINAL_CODE,ORG_CODE,IS_VIDEO_TERMINAL,SP_SERVER_NAME,PROTOCOL_TYPE,CHANNELS,YT_PROTOCOL_TYPE) values(260158, 4, 26158, '1006157', 'B0000804',1,'1076测试服务器','4',8,'0');
insert into V_VEHICLEINFO (ORG_CODE,VEHICLE_ID,ID_NUMBER,TYPE_ID,TERMINAL_ID,DELETE_FLAG,COLOR_ID_NUMBER_ID,AUTHORIZED_PAY_MASS) values ('B0000804','2600158', '测B06157', 4, 260158, 0, '2',15);

insert into T_SIMINFO (SIM_ID, ORG_CODE, DEPTCODE, STATE,PAY_MODLE, SIM_NUM) values(26159, 'B0000804', '中国移动', 1, '预付费', 13100006158);
insert into T_TERMINALINFO (TERMINAL_ID,TTYPE_ID,SIM_ID,TERMINAL_CODE,ORG_CODE,IS_VIDEO_TERMINAL,SP_SERVER_NAME,PROTOCOL_TYPE,CHANNELS,YT_PROTOCOL_TYPE) values(260159, 4, 26159, '1006158', 'B0000804',1,'1076测试服务器','4',8,'0');
insert into V_VEHICLEINFO (ORG_CODE,VEHICLE_ID,ID_NUMBER,TYPE_ID,TERMINAL_ID,DELETE_FLAG,COLOR_ID_NUMBER_ID,AUTHORIZED_PAY_MASS) values ('B0000804','2600159', '测B06158', 4, 260159, 0, '2',15);

insert into T_SIMINFO (SIM_ID, ORG_CODE, DEPTCODE, STATE,PAY_MODLE, SIM_NUM) values(26160, 'B0000804', '中国移动', 1, '预付费', 13100006159);
insert into T_TERMINALINFO (TERMINAL_ID,TTYPE_ID,SIM_ID,TERMINAL_CODE,ORG_CODE,IS_VIDEO_TERMINAL,SP_SERVER_NAME,PROTOCOL_TYPE,CHANNELS,YT_PROTOCOL_TYPE) values(260160, 4, 26160, '1006159', 'B0000804',1,'1076测试服务器','4',8,'0');
insert into V_VEHICLEINFO (ORG_CODE,VEHICLE_ID,ID_NUMBER,TYPE_ID,TERMINAL_ID,DELETE_FLAG,COLOR_ID_NUMBER_ID,AUTHORIZED_PAY_MASS) values ('B0000804','2600160', '测B06159', 4, 260160, 0, '2',15);

insert into T_SIMINFO (SIM_ID, ORG_CODE, DEPTCODE, STATE,PAY_MODLE, SIM_NUM) values(26161, 'B0000804', '中国移动', 1, '预付费', 13100006160);
insert into T_TERMINALINFO (TERMINAL_ID,TTYPE_ID,SIM_ID,TERMINAL_CODE,ORG_CODE,IS_VIDEO_TERMINAL,SP_SERVER_NAME,PROTOCOL_TYPE,CHANNELS,YT_PROTOCOL_TYPE) values(260161, 4, 26161, '1006160', 'B0000804',1,'1076测试服务器','4',8,'0');
insert into V_VEHICLEINFO (ORG_CODE,VEHICLE_ID,ID_NUMBER,TYPE_ID,TERMINAL_ID,DELETE_FLAG,COLOR_ID_NUMBER_ID,AUTHORIZED_PAY_MASS) values ('B0000804','2600161', '测B06160', 4, 260161, 0, '2',15);

insert into T_SIMINFO (SIM_ID, ORG_CODE, DEPTCODE, STATE,PAY_MODLE, SIM_NUM) values(26162, 'B0000804', '中国移动', 1, '预付费', 13100006161);
insert into T_TERMINALINFO (TERMINAL_ID,TTYPE_ID,SIM_ID,TERMINAL_CODE,ORG_CODE,IS_VIDEO_TERMINAL,SP_SERVER_NAME,PROTOCOL_TYPE,CHANNELS,YT_PROTOCOL_TYPE) values(260162, 4, 26162, '1006161', 'B0000804',1,'1076测试服务器','4',8,'0');
insert into V_VEHICLEINFO (ORG_CODE,VEHICLE_ID,ID_NUMBER,TYPE_ID,TERMINAL_ID,DELETE_FLAG,COLOR_ID_NUMBER_ID,AUTHORIZED_PAY_MASS) values ('B0000804','2600162', '测B06161', 4, 260162, 0, '2',15);

insert into T_SIMINFO (SIM_ID, ORG_CODE, DEPTCODE, STATE,PAY_MODLE, SIM_NUM) values(26163, 'B0000804', '中国移动', 1, '预付费', 13100006162);
insert into T_TERMINALINFO (TERMINAL_ID,TTYPE_ID,SIM_ID,TERMINAL_CODE,ORG_CODE,IS_VIDEO_TERMINAL,SP_SERVER_NAME,PROTOCOL_TYPE,CHANNELS,YT_PROTOCOL_TYPE) values(260163, 4, 26163, '1006162', 'B0000804',1,'1076测试服务器','4',8,'0');
insert into V_VEHICLEINFO (ORG_CODE,VEHICLE_ID,ID_NUMBER,TYPE_ID,TERMINAL_ID,DELETE_FLAG,COLOR_ID_NUMBER_ID,AUTHORIZED_PAY_MASS) values ('B0000804','2600163', '测B06162', 4, 260163, 0, '2',15);

insert into T_SIMINFO (SIM_ID, ORG_CODE, DEPTCODE, STATE,PAY_MODLE, SIM_NUM) values(26164, 'B0000804', '中国移动', 1, '预付费', 13100006163);
insert into T_TERMINALINFO (TERMINAL_ID,TTYPE_ID,SIM_ID,TERMINAL_CODE,ORG_CODE,IS_VIDEO_TERMINAL,SP_SERVER_NAME,PROTOCOL_TYPE,CHANNELS,YT_PROTOCOL_TYPE) values(260164, 4, 26164, '1006163', 'B0000804',1,'1076测试服务器','4',8,'0');
insert into V_VEHICLEINFO (ORG_CODE,VEHICLE_ID,ID_NUMBER,TYPE_ID,TERMINAL_ID,DELETE_FLAG,COLOR_ID_NUMBER_ID,AUTHORIZED_PAY_MASS) values ('B0000804','2600164', '测B06163', 4, 260164, 0, '2',15);

insert into T_SIMINFO (SIM_ID, ORG_CODE, DEPTCODE, STATE,PAY_MODLE, SIM_NUM) values(26165, 'B0000804', '中国移动', 1, '预付费', 13100006164);
insert into T_TERMINALINFO (TERMINAL_ID,TTYPE_ID,SIM_ID,TERMINAL_CODE,ORG_CODE,IS_VIDEO_TERMINAL,SP_SERVER_NAME,PROTOCOL_TYPE,CHANNELS,YT_PROTOCOL_TYPE) values(260165, 4, 26165, '1006164', 'B0000804',1,'1076测试服务器','4',8,'0');
insert into V_VEHICLEINFO (ORG_CODE,VEHICLE_ID,ID_NUMBER,TYPE_ID,TERMINAL_ID,DELETE_FLAG,COLOR_ID_NUMBER_ID,AUTHORIZED_PAY_MASS) values ('B0000804','2600165', '测B06164', 4, 260165, 0, '2',15);

insert into T_SIMINFO (SIM_ID, ORG_CODE, DEPTCODE, STATE,PAY_MODLE, SIM_NUM) values(26166, 'B0000804', '中国移动', 1, '预付费', 13100006165);
insert into T_TERMINALINFO (TERMINAL_ID,TTYPE_ID,SIM_ID,TERMINAL_CODE,ORG_CODE,IS_VIDEO_TERMINAL,SP_SERVER_NAME,PROTOCOL_TYPE,CHANNELS,YT_PROTOCOL_TYPE) values(260166, 4, 26166, '1006165', 'B0000804',1,'1076测试服务器','4',8,'0');
insert into V_VEHICLEINFO (ORG_CODE,VEHICLE_ID,ID_NUMBER,TYPE_ID,TERMINAL_ID,DELETE_FLAG,COLOR_ID_NUMBER_ID,AUTHORIZED_PAY_MASS) values ('B0000804','2600166', '测B06165', 4, 260166, 0, '2',15);

insert into T_SIMINFO (SIM_ID, ORG_CODE, DEPTCODE, STATE,PAY_MODLE, SIM_NUM) values(26167, 'B0000804', '中国移动', 1, '预付费', 13100006166);
insert into T_TERMINALINFO (TERMINAL_ID,TTYPE_ID,SIM_ID,TERMINAL_CODE,ORG_CODE,IS_VIDEO_TERMINAL,SP_SERVER_NAME,PROTOCOL_TYPE,CHANNELS,YT_PROTOCOL_TYPE) values(260167, 4, 26167, '1006166', 'B0000804',1,'1076测试服务器','4',8,'0');
insert into V_VEHICLEINFO (ORG_CODE,VEHICLE_ID,ID_NUMBER,TYPE_ID,TERMINAL_ID,DELETE_FLAG,COLOR_ID_NUMBER_ID,AUTHORIZED_PAY_MASS) values ('B0000804','2600167', '测B06166', 4, 260167, 0, '2',15);

insert into T_SIMINFO (SIM_ID, ORG_CODE, DEPTCODE, STATE,PAY_MODLE, SIM_NUM) values(26168, 'B0000804', '中国移动', 1, '预付费', 13100006167);
insert into T_TERMINALINFO (TERMINAL_ID,TTYPE_ID,SIM_ID,TERMINAL_CODE,ORG_CODE,IS_VIDEO_TERMINAL,SP_SERVER_NAME,PROTOCOL_TYPE,CHANNELS,YT_PROTOCOL_TYPE) values(260168, 4, 26168, '1006167', 'B0000804',1,'1076测试服务器','4',8,'0');
insert into V_VEHICLEINFO (ORG_CODE,VEHICLE_ID,ID_NUMBER,TYPE_ID,TERMINAL_ID,DELETE_FLAG,COLOR_ID_NUMBER_ID,AUTHORIZED_PAY_MASS) values ('B0000804','2600168', '测B06167', 4, 260168, 0, '2',15);

insert into T_SIMINFO (SIM_ID, ORG_CODE, DEPTCODE, STATE,PAY_MODLE, SIM_NUM) values(26169, 'B0000804', '中国移动', 1, '预付费', 13100006168);
insert into T_TERMINALINFO (TERMINAL_ID,TTYPE_ID,SIM_ID,TERMINAL_CODE,ORG_CODE,IS_VIDEO_TERMINAL,SP_SERVER_NAME,PROTOCOL_TYPE,CHANNELS,YT_PROTOCOL_TYPE) values(260169, 4, 26169, '1006168', 'B0000804',1,'1076测试服务器','4',8,'0');
insert into V_VEHICLEINFO (ORG_CODE,VEHICLE_ID,ID_NUMBER,TYPE_ID,TERMINAL_ID,DELETE_FLAG,COLOR_ID_NUMBER_ID,AUTHORIZED_PAY_MASS) values ('B0000804','2600169', '测B06168', 4, 260169, 0, '2',15);

insert into T_SIMINFO (SIM_ID, ORG_CODE, DEPTCODE, STATE,PAY_MODLE, SIM_NUM) values(26170, 'B0000804', '中国移动', 1, '预付费', 13100006169);
insert into T_TERMINALINFO (TERMINAL_ID,TTYPE_ID,SIM_ID,TERMINAL_CODE,ORG_CODE,IS_VIDEO_TERMINAL,SP_SERVER_NAME,PROTOCOL_TYPE,CHANNELS,YT_PROTOCOL_TYPE) values(260170, 4, 26170, '1006169', 'B0000804',1,'1076测试服务器','4',8,'0');
insert into V_VEHICLEINFO (ORG_CODE,VEHICLE_ID,ID_NUMBER,TYPE_ID,TERMINAL_ID,DELETE_FLAG,COLOR_ID_NUMBER_ID,AUTHORIZED_PAY_MASS) values ('B0000804','2600170', '测B06169', 4, 260170, 0, '2',15);

insert into T_SIMINFO (SIM_ID, ORG_CODE, DEPTCODE, STATE,PAY_MODLE, SIM_NUM) values(26171, 'B0000804', '中国移动', 1, '预付费', 13100006170);
insert into T_TERMINALINFO (TERMINAL_ID,TTYPE_ID,SIM_ID,TERMINAL_CODE,ORG_CODE,IS_VIDEO_TERMINAL,SP_SERVER_NAME,PROTOCOL_TYPE,CHANNELS,YT_PROTOCOL_TYPE) values(260171, 4, 26171, '1006170', 'B0000804',1,'1076测试服务器','4',8,'0');
insert into V_VEHICLEINFO (ORG_CODE,VEHICLE_ID,ID_NUMBER,TYPE_ID,TERMINAL_ID,DELETE_FLAG,COLOR_ID_NUMBER_ID,AUTHORIZED_PAY_MASS) values ('B0000804','2600171', '测B06170', 4, 260171, 0, '2',15);

insert into T_SIMINFO (SIM_ID, ORG_CODE, DEPTCODE, STATE,PAY_MODLE, SIM_NUM) values(26172, 'B0000804', '中国移动', 1, '预付费', 13100006171);
insert into T_TERMINALINFO (TERMINAL_ID,TTYPE_ID,SIM_ID,TERMINAL_CODE,ORG_CODE,IS_VIDEO_TERMINAL,SP_SERVER_NAME,PROTOCOL_TYPE,CHANNELS,YT_PROTOCOL_TYPE) values(260172, 4, 26172, '1006171', 'B0000804',1,'1076测试服务器','4',8,'0');
insert into V_VEHICLEINFO (ORG_CODE,VEHICLE_ID,ID_NUMBER,TYPE_ID,TERMINAL_ID,DELETE_FLAG,COLOR_ID_NUMBER_ID,AUTHORIZED_PAY_MASS) values ('B0000804','2600172', '测B06171', 4, 260172, 0, '2',15);

insert into T_SIMINFO (SIM_ID, ORG_CODE, DEPTCODE, STATE,PAY_MODLE, SIM_NUM) values(26173, 'B0000804', '中国移动', 1, '预付费', 13100006172);
insert into T_TERMINALINFO (TERMINAL_ID,TTYPE_ID,SIM_ID,TERMINAL_CODE,ORG_CODE,IS_VIDEO_TERMINAL,SP_SERVER_NAME,PROTOCOL_TYPE,CHANNELS,YT_PROTOCOL_TYPE) values(260173, 4, 26173, '1006172', 'B0000804',1,'1076测试服务器','4',8,'0');
insert into V_VEHICLEINFO (ORG_CODE,VEHICLE_ID,ID_NUMBER,TYPE_ID,TERMINAL_ID,DELETE_FLAG,COLOR_ID_NUMBER_ID,AUTHORIZED_PAY_MASS) values ('B0000804','2600173', '测B06172', 4, 260173, 0, '2',15);

insert into T_SIMINFO (SIM_ID, ORG_CODE, DEPTCODE, STATE,PAY_MODLE, SIM_NUM) values(26174, 'B0000804', '中国移动', 1, '预付费', 13100006173);
insert into T_TERMINALINFO (TERMINAL_ID,TTYPE_ID,SIM_ID,TERMINAL_CODE,ORG_CODE,IS_VIDEO_TERMINAL,SP_SERVER_NAME,PROTOCOL_TYPE,CHANNELS,YT_PROTOCOL_TYPE) values(260174, 4, 26174, '1006173', 'B0000804',1,'1076测试服务器','4',8,'0');
insert into V_VEHICLEINFO (ORG_CODE,VEHICLE_ID,ID_NUMBER,TYPE_ID,TERMINAL_ID,DELETE_FLAG,COLOR_ID_NUMBER_ID,AUTHORIZED_PAY_MASS) values ('B0000804','2600174', '测B06173', 4, 260174, 0, '2',15);

insert into T_SIMINFO (SIM_ID, ORG_CODE, DEPTCODE, STATE,PAY_MODLE, SIM_NUM) values(26175, 'B0000804', '中国移动', 1, '预付费', 13100006174);
insert into T_TERMINALINFO (TERMINAL_ID,TTYPE_ID,SIM_ID,TERMINAL_CODE,ORG_CODE,IS_VIDEO_TERMINAL,SP_SERVER_NAME,PROTOCOL_TYPE,CHANNELS,YT_PROTOCOL_TYPE) values(260175, 4, 26175, '1006174', 'B0000804',1,'1076测试服务器','4',8,'0');
insert into V_VEHICLEINFO (ORG_CODE,VEHICLE_ID,ID_NUMBER,TYPE_ID,TERMINAL_ID,DELETE_FLAG,COLOR_ID_NUMBER_ID,AUTHORIZED_PAY_MASS) values ('B0000804','2600175', '测B06174', 4, 260175, 0, '2',15);

insert into T_SIMINFO (SIM_ID, ORG_CODE, DEPTCODE, STATE,PAY_MODLE, SIM_NUM) values(26176, 'B0000804', '中国移动', 1, '预付费', 13100006175);
insert into T_TERMINALINFO (TERMINAL_ID,TTYPE_ID,SIM_ID,TERMINAL_CODE,ORG_CODE,IS_VIDEO_TERMINAL,SP_SERVER_NAME,PROTOCOL_TYPE,CHANNELS,YT_PROTOCOL_TYPE) values(260176, 4, 26176, '1006175', 'B0000804',1,'1076测试服务器','4',8,'0');
insert into V_VEHICLEINFO (ORG_CODE,VEHICLE_ID,ID_NUMBER,TYPE_ID,TERMINAL_ID,DELETE_FLAG,COLOR_ID_NUMBER_ID,AUTHORIZED_PAY_MASS) values ('B0000804','2600176', '测B06175', 4, 260176, 0, '2',15);

insert into T_SIMINFO (SIM_ID, ORG_CODE, DEPTCODE, STATE,PAY_MODLE, SIM_NUM) values(26177, 'B0000804', '中国移动', 1, '预付费', 13100006176);
insert into T_TERMINALINFO (TERMINAL_ID,TTYPE_ID,SIM_ID,TERMINAL_CODE,ORG_CODE,IS_VIDEO_TERMINAL,SP_SERVER_NAME,PROTOCOL_TYPE,CHANNELS,YT_PROTOCOL_TYPE) values(260177, 4, 26177, '1006176', 'B0000804',1,'1076测试服务器','4',8,'0');
insert into V_VEHICLEINFO (ORG_CODE,VEHICLE_ID,ID_NUMBER,TYPE_ID,TERMINAL_ID,DELETE_FLAG,COLOR_ID_NUMBER_ID,AUTHORIZED_PAY_MASS) values ('B0000804','2600177', '测B06176', 4, 260177, 0, '2',15);

insert into T_SIMINFO (SIM_ID, ORG_CODE, DEPTCODE, STATE,PAY_MODLE, SIM_NUM) values(26178, 'B0000804', '中国移动', 1, '预付费', 13100006177);
insert into T_TERMINALINFO (TERMINAL_ID,TTYPE_ID,SIM_ID,TERMINAL_CODE,ORG_CODE,IS_VIDEO_TERMINAL,SP_SERVER_NAME,PROTOCOL_TYPE,CHANNELS,YT_PROTOCOL_TYPE) values(260178, 4, 26178, '1006177', 'B0000804',1,'1076测试服务器','4',8,'0');
insert into V_VEHICLEINFO (ORG_CODE,VEHICLE_ID,ID_NUMBER,TYPE_ID,TERMINAL_ID,DELETE_FLAG,COLOR_ID_NUMBER_ID,AUTHORIZED_PAY_MASS) values ('B0000804','2600178', '测B06177', 4, 260178, 0, '2',15);

insert into T_SIMINFO (SIM_ID, ORG_CODE, DEPTCODE, STATE,PAY_MODLE, SIM_NUM) values(26179, 'B0000804', '中国移动', 1, '预付费', 13100006178);
insert into T_TERMINALINFO (TERMINAL_ID,TTYPE_ID,SIM_ID,TERMINAL_CODE,ORG_CODE,IS_VIDEO_TERMINAL,SP_SERVER_NAME,PROTOCOL_TYPE,CHANNELS,YT_PROTOCOL_TYPE) values(260179, 4, 26179, '1006178', 'B0000804',1,'1076测试服务器','4',8,'0');
insert into V_VEHICLEINFO (ORG_CODE,VEHICLE_ID,ID_NUMBER,TYPE_ID,TERMINAL_ID,DELETE_FLAG,COLOR_ID_NUMBER_ID,AUTHORIZED_PAY_MASS) values ('B0000804','2600179', '测B06178', 4, 260179, 0, '2',15);

insert into T_SIMINFO (SIM_ID, ORG_CODE, DEPTCODE, STATE,PAY_MODLE, SIM_NUM) values(26180, 'B0000804', '中国移动', 1, '预付费', 13100006179);
insert into T_TERMINALINFO (TERMINAL_ID,TTYPE_ID,SIM_ID,TERMINAL_CODE,ORG_CODE,IS_VIDEO_TERMINAL,SP_SERVER_NAME,PROTOCOL_TYPE,CHANNELS,YT_PROTOCOL_TYPE) values(260180, 4, 26180, '1006179', 'B0000804',1,'1076测试服务器','4',8,'0');
insert into V_VEHICLEINFO (ORG_CODE,VEHICLE_ID,ID_NUMBER,TYPE_ID,TERMINAL_ID,DELETE_FLAG,COLOR_ID_NUMBER_ID,AUTHORIZED_PAY_MASS) values ('B0000804','2600180', '测B06179', 4, 260180, 0, '2',15);

insert into T_SIMINFO (SIM_ID, ORG_CODE, DEPTCODE, STATE,PAY_MODLE, SIM_NUM) values(26181, 'B0000804', '中国移动', 1, '预付费', 13100006180);
insert into T_TERMINALINFO (TERMINAL_ID,TTYPE_ID,SIM_ID,TERMINAL_CODE,ORG_CODE,IS_VIDEO_TERMINAL,SP_SERVER_NAME,PROTOCOL_TYPE,CHANNELS,YT_PROTOCOL_TYPE) values(260181, 4, 26181, '1006180', 'B0000804',1,'1076测试服务器','4',8,'0');
insert into V_VEHICLEINFO (ORG_CODE,VEHICLE_ID,ID_NUMBER,TYPE_ID,TERMINAL_ID,DELETE_FLAG,COLOR_ID_NUMBER_ID,AUTHORIZED_PAY_MASS) values ('B0000804','2600181', '测B06180', 4, 260181, 0, '2',15);

insert into T_SIMINFO (SIM_ID, ORG_CODE, DEPTCODE, STATE,PAY_MODLE, SIM_NUM) values(26182, 'B0000804', '中国移动', 1, '预付费', 13100006181);
insert into T_TERMINALINFO (TERMINAL_ID,TTYPE_ID,SIM_ID,TERMINAL_CODE,ORG_CODE,IS_VIDEO_TERMINAL,SP_SERVER_NAME,PROTOCOL_TYPE,CHANNELS,YT_PROTOCOL_TYPE) values(260182, 4, 26182, '1006181', 'B0000804',1,'1076测试服务器','4',8,'0');
insert into V_VEHICLEINFO (ORG_CODE,VEHICLE_ID,ID_NUMBER,TYPE_ID,TERMINAL_ID,DELETE_FLAG,COLOR_ID_NUMBER_ID,AUTHORIZED_PAY_MASS) values ('B0000804','2600182', '测B06181', 4, 260182, 0, '2',15);

insert into T_SIMINFO (SIM_ID, ORG_CODE, DEPTCODE, STATE,PAY_MODLE, SIM_NUM) values(26183, 'B0000804', '中国移动', 1, '预付费', 13100006182);
insert into T_TERMINALINFO (TERMINAL_ID,TTYPE_ID,SIM_ID,TERMINAL_CODE,ORG_CODE,IS_VIDEO_TERMINAL,SP_SERVER_NAME,PROTOCOL_TYPE,CHANNELS,YT_PROTOCOL_TYPE) values(260183, 4, 26183, '1006182', 'B0000804',1,'1076测试服务器','4',8,'0');
insert into V_VEHICLEINFO (ORG_CODE,VEHICLE_ID,ID_NUMBER,TYPE_ID,TERMINAL_ID,DELETE_FLAG,COLOR_ID_NUMBER_ID,AUTHORIZED_PAY_MASS) values ('B0000804','2600183', '测B06182', 4, 260183, 0, '2',15);

insert into T_SIMINFO (SIM_ID, ORG_CODE, DEPTCODE, STATE,PAY_MODLE, SIM_NUM) values(26184, 'B0000804', '中国移动', 1, '预付费', 13100006183);
insert into T_TERMINALINFO (TERMINAL_ID,TTYPE_ID,SIM_ID,TERMINAL_CODE,ORG_CODE,IS_VIDEO_TERMINAL,SP_SERVER_NAME,PROTOCOL_TYPE,CHANNELS,YT_PROTOCOL_TYPE) values(260184, 4, 26184, '1006183', 'B0000804',1,'1076测试服务器','4',8,'0');
insert into V_VEHICLEINFO (ORG_CODE,VEHICLE_ID,ID_NUMBER,TYPE_ID,TERMINAL_ID,DELETE_FLAG,COLOR_ID_NUMBER_ID,AUTHORIZED_PAY_MASS) values ('B0000804','2600184', '测B06183', 4, 260184, 0, '2',15);

insert into T_SIMINFO (SIM_ID, ORG_CODE, DEPTCODE, STATE,PAY_MODLE, SIM_NUM) values(26185, 'B0000804', '中国移动', 1, '预付费', 13100006184);
insert into T_TERMINALINFO (TERMINAL_ID,TTYPE_ID,SIM_ID,TERMINAL_CODE,ORG_CODE,IS_VIDEO_TERMINAL,SP_SERVER_NAME,PROTOCOL_TYPE,CHANNELS,YT_PROTOCOL_TYPE) values(260185, 4, 26185, '1006184', 'B0000804',1,'1076测试服务器','4',8,'0');
insert into V_VEHICLEINFO (ORG_CODE,VEHICLE_ID,ID_NUMBER,TYPE_ID,TERMINAL_ID,DELETE_FLAG,COLOR_ID_NUMBER_ID,AUTHORIZED_PAY_MASS) values ('B0000804','2600185', '测B06184', 4, 260185, 0, '2',15);

insert into T_SIMINFO (SIM_ID, ORG_CODE, DEPTCODE, STATE,PAY_MODLE, SIM_NUM) values(26186, 'B0000804', '中国移动', 1, '预付费', 13100006185);
insert into T_TERMINALINFO (TERMINAL_ID,TTYPE_ID,SIM_ID,TERMINAL_CODE,ORG_CODE,IS_VIDEO_TERMINAL,SP_SERVER_NAME,PROTOCOL_TYPE,CHANNELS,YT_PROTOCOL_TYPE) values(260186, 4, 26186, '1006185', 'B0000804',1,'1076测试服务器','4',8,'0');
insert into V_VEHICLEINFO (ORG_CODE,VEHICLE_ID,ID_NUMBER,TYPE_ID,TERMINAL_ID,DELETE_FLAG,COLOR_ID_NUMBER_ID,AUTHORIZED_PAY_MASS) values ('B0000804','2600186', '测B06185', 4, 260186, 0, '2',15);

insert into T_SIMINFO (SIM_ID, ORG_CODE, DEPTCODE, STATE,PAY_MODLE, SIM_NUM) values(26187, 'B0000804', '中国移动', 1, '预付费', 13100006186);
insert into T_TERMINALINFO (TERMINAL_ID,TTYPE_ID,SIM_ID,TERMINAL_CODE,ORG_CODE,IS_VIDEO_TERMINAL,SP_SERVER_NAME,PROTOCOL_TYPE,CHANNELS,YT_PROTOCOL_TYPE) values(260187, 4, 26187, '1006186', 'B0000804',1,'1076测试服务器','4',8,'0');
insert into V_VEHICLEINFO (ORG_CODE,VEHICLE_ID,ID_NUMBER,TYPE_ID,TERMINAL_ID,DELETE_FLAG,COLOR_ID_NUMBER_ID,AUTHORIZED_PAY_MASS) values ('B0000804','2600187', '测B06186', 4, 260187, 0, '2',15);

insert into T_SIMINFO (SIM_ID, ORG_CODE, DEPTCODE, STATE,PAY_MODLE, SIM_NUM) values(26188, 'B0000804', '中国移动', 1, '预付费', 13100006187);
insert into T_TERMINALINFO (TERMINAL_ID,TTYPE_ID,SIM_ID,TERMINAL_CODE,ORG_CODE,IS_VIDEO_TERMINAL,SP_SERVER_NAME,PROTOCOL_TYPE,CHANNELS,YT_PROTOCOL_TYPE) values(260188, 4, 26188, '1006187', 'B0000804',1,'1076测试服务器','4',8,'0');
insert into V_VEHICLEINFO (ORG_CODE,VEHICLE_ID,ID_NUMBER,TYPE_ID,TERMINAL_ID,DELETE_FLAG,COLOR_ID_NUMBER_ID,AUTHORIZED_PAY_MASS) values ('B0000804','2600188', '测B06187', 4, 260188, 0, '2',15);

insert into T_SIMINFO (SIM_ID, ORG_CODE, DEPTCODE, STATE,PAY_MODLE, SIM_NUM) values(26189, 'B0000804', '中国移动', 1, '预付费', 13100006188);
insert into T_TERMINALINFO (TERMINAL_ID,TTYPE_ID,SIM_ID,TERMINAL_CODE,ORG_CODE,IS_VIDEO_TERMINAL,SP_SERVER_NAME,PROTOCOL_TYPE,CHANNELS,YT_PROTOCOL_TYPE) values(260189, 4, 26189, '1006188', 'B0000804',1,'1076测试服务器','4',8,'0');
insert into V_VEHICLEINFO (ORG_CODE,VEHICLE_ID,ID_NUMBER,TYPE_ID,TERMINAL_ID,DELETE_FLAG,COLOR_ID_NUMBER_ID,AUTHORIZED_PAY_MASS) values ('B0000804','2600189', '测B06188', 4, 260189, 0, '2',15);

insert into T_SIMINFO (SIM_ID, ORG_CODE, DEPTCODE, STATE,PAY_MODLE, SIM_NUM) values(26190, 'B0000804', '中国移动', 1, '预付费', 13100006189);
insert into T_TERMINALINFO (TERMINAL_ID,TTYPE_ID,SIM_ID,TERMINAL_CODE,ORG_CODE,IS_VIDEO_TERMINAL,SP_SERVER_NAME,PROTOCOL_TYPE,CHANNELS,YT_PROTOCOL_TYPE) values(260190, 4, 26190, '1006189', 'B0000804',1,'1076测试服务器','4',8,'0');
insert into V_VEHICLEINFO (ORG_CODE,VEHICLE_ID,ID_NUMBER,TYPE_ID,TERMINAL_ID,DELETE_FLAG,COLOR_ID_NUMBER_ID,AUTHORIZED_PAY_MASS) values ('B0000804','2600190', '测B06189', 4, 260190, 0, '2',15);

insert into T_SIMINFO (SIM_ID, ORG_CODE, DEPTCODE, STATE,PAY_MODLE, SIM_NUM) values(26191, 'B0000804', '中国移动', 1, '预付费', 13100006190);
insert into T_TERMINALINFO (TERMINAL_ID,TTYPE_ID,SIM_ID,TERMINAL_CODE,ORG_CODE,IS_VIDEO_TERMINAL,SP_SERVER_NAME,PROTOCOL_TYPE,CHANNELS,YT_PROTOCOL_TYPE) values(260191, 4, 26191, '1006190', 'B0000804',1,'1076测试服务器','4',8,'0');
insert into V_VEHICLEINFO (ORG_CODE,VEHICLE_ID,ID_NUMBER,TYPE_ID,TERMINAL_ID,DELETE_FLAG,COLOR_ID_NUMBER_ID,AUTHORIZED_PAY_MASS) values ('B0000804','2600191', '测B06190', 4, 260191, 0, '2',15);

insert into T_SIMINFO (SIM_ID, ORG_CODE, DEPTCODE, STATE,PAY_MODLE, SIM_NUM) values(26192, 'B0000804', '中国移动', 1, '预付费', 13100006191);
insert into T_TERMINALINFO (TERMINAL_ID,TTYPE_ID,SIM_ID,TERMINAL_CODE,ORG_CODE,IS_VIDEO_TERMINAL,SP_SERVER_NAME,PROTOCOL_TYPE,CHANNELS,YT_PROTOCOL_TYPE) values(260192, 4, 26192, '1006191', 'B0000804',1,'1076测试服务器','4',8,'0');
insert into V_VEHICLEINFO (ORG_CODE,VEHICLE_ID,ID_NUMBER,TYPE_ID,TERMINAL_ID,DELETE_FLAG,COLOR_ID_NUMBER_ID,AUTHORIZED_PAY_MASS) values ('B0000804','2600192', '测B06191', 4, 260192, 0, '2',15);

insert into T_SIMINFO (SIM_ID, ORG_CODE, DEPTCODE, STATE,PAY_MODLE, SIM_NUM) values(26193, 'B0000804', '中国移动', 1, '预付费', 13100006192);
insert into T_TERMINALINFO (TERMINAL_ID,TTYPE_ID,SIM_ID,TERMINAL_CODE,ORG_CODE,IS_VIDEO_TERMINAL,SP_SERVER_NAME,PROTOCOL_TYPE,CHANNELS,YT_PROTOCOL_TYPE) values(260193, 4, 26193, '1006192', 'B0000804',1,'1076测试服务器','4',8,'0');
insert into V_VEHICLEINFO (ORG_CODE,VEHICLE_ID,ID_NUMBER,TYPE_ID,TERMINAL_ID,DELETE_FLAG,COLOR_ID_NUMBER_ID,AUTHORIZED_PAY_MASS) values ('B0000804','2600193', '测B06192', 4, 260193, 0, '2',15);

insert into T_SIMINFO (SIM_ID, ORG_CODE, DEPTCODE, STATE,PAY_MODLE, SIM_NUM) values(26194, 'B0000804', '中国移动', 1, '预付费', 13100006193);
insert into T_TERMINALINFO (TERMINAL_ID,TTYPE_ID,SIM_ID,TERMINAL_CODE,ORG_CODE,IS_VIDEO_TERMINAL,SP_SERVER_NAME,PROTOCOL_TYPE,CHANNELS,YT_PROTOCOL_TYPE) values(260194, 4, 26194, '1006193', 'B0000804',1,'1076测试服务器','4',8,'0');
insert into V_VEHICLEINFO (ORG_CODE,VEHICLE_ID,ID_NUMBER,TYPE_ID,TERMINAL_ID,DELETE_FLAG,COLOR_ID_NUMBER_ID,AUTHORIZED_PAY_MASS) values ('B0000804','2600194', '测B06193', 4, 260194, 0, '2',15);

insert into T_SIMINFO (SIM_ID, ORG_CODE, DEPTCODE, STATE,PAY_MODLE, SIM_NUM) values(26195, 'B0000804', '中国移动', 1, '预付费', 13100006194);
insert into T_TERMINALINFO (TERMINAL_ID,TTYPE_ID,SIM_ID,TERMINAL_CODE,ORG_CODE,IS_VIDEO_TERMINAL,SP_SERVER_NAME,PROTOCOL_TYPE,CHANNELS,YT_PROTOCOL_TYPE) values(260195, 4, 26195, '1006194', 'B0000804',1,'1076测试服务器','4',8,'0');
insert into V_VEHICLEINFO (ORG_CODE,VEHICLE_ID,ID_NUMBER,TYPE_ID,TERMINAL_ID,DELETE_FLAG,COLOR_ID_NUMBER_ID,AUTHORIZED_PAY_MASS) values ('B0000804','2600195', '测B06194', 4, 260195, 0, '2',15);

insert into T_SIMINFO (SIM_ID, ORG_CODE, DEPTCODE, STATE,PAY_MODLE, SIM_NUM) values(26196, 'B0000804', '中国移动', 1, '预付费', 13100006195);
insert into T_TERMINALINFO (TERMINAL_ID,TTYPE_ID,SIM_ID,TERMINAL_CODE,ORG_CODE,IS_VIDEO_TERMINAL,SP_SERVER_NAME,PROTOCOL_TYPE,CHANNELS,YT_PROTOCOL_TYPE) values(260196, 4, 26196, '1006195', 'B0000804',1,'1076测试服务器','4',8,'0');
insert into V_VEHICLEINFO (ORG_CODE,VEHICLE_ID,ID_NUMBER,TYPE_ID,TERMINAL_ID,DELETE_FLAG,COLOR_ID_NUMBER_ID,AUTHORIZED_PAY_MASS) values ('B0000804','2600196', '测B06195', 4, 260196, 0, '2',15);

insert into T_SIMINFO (SIM_ID, ORG_CODE, DEPTCODE, STATE,PAY_MODLE, SIM_NUM) values(26197, 'B0000804', '中国移动', 1, '预付费', 13100006196);
insert into T_TERMINALINFO (TERMINAL_ID,TTYPE_ID,SIM_ID,TERMINAL_CODE,ORG_CODE,IS_VIDEO_TERMINAL,SP_SERVER_NAME,PROTOCOL_TYPE,CHANNELS,YT_PROTOCOL_TYPE) values(260197, 4, 26197, '1006196', 'B0000804',1,'1076测试服务器','4',8,'0');
insert into V_VEHICLEINFO (ORG_CODE,VEHICLE_ID,ID_NUMBER,TYPE_ID,TERMINAL_ID,DELETE_FLAG,COLOR_ID_NUMBER_ID,AUTHORIZED_PAY_MASS) values ('B0000804','2600197', '测B06196', 4, 260197, 0, '2',15);

insert into T_SIMINFO (SIM_ID, ORG_CODE, DEPTCODE, STATE,PAY_MODLE, SIM_NUM) values(26198, 'B0000804', '中国移动', 1, '预付费', 13100006197);
insert into T_TERMINALINFO (TERMINAL_ID,TTYPE_ID,SIM_ID,TERMINAL_CODE,ORG_CODE,IS_VIDEO_TERMINAL,SP_SERVER_NAME,PROTOCOL_TYPE,CHANNELS,YT_PROTOCOL_TYPE) values(260198, 4, 26198, '1006197', 'B0000804',1,'1076测试服务器','4',8,'0');
insert into V_VEHICLEINFO (ORG_CODE,VEHICLE_ID,ID_NUMBER,TYPE_ID,TERMINAL_ID,DELETE_FLAG,COLOR_ID_NUMBER_ID,AUTHORIZED_PAY_MASS) values ('B0000804','2600198', '测B06197', 4, 260198, 0, '2',15);

insert into T_SIMINFO (SIM_ID, ORG_CODE, DEPTCODE, STATE,PAY_MODLE, SIM_NUM) values(26199, 'B0000804', '中国移动', 1, '预付费', 13100006198);
insert into T_TERMINALINFO (TERMINAL_ID,TTYPE_ID,SIM_ID,TERMINAL_CODE,ORG_CODE,IS_VIDEO_TERMINAL,SP_SERVER_NAME,PROTOCOL_TYPE,CHANNELS,YT_PROTOCOL_TYPE) values(260199, 4, 26199, '1006198', 'B0000804',1,'1076测试服务器','4',8,'0');
insert into V_VEHICLEINFO (ORG_CODE,VEHICLE_ID,ID_NUMBER,TYPE_ID,TERMINAL_ID,DELETE_FLAG,COLOR_ID_NUMBER_ID,AUTHORIZED_PAY_MASS) values ('B0000804','2600199', '测B06198', 4, 260199, 0, '2',15);

insert into T_SIMINFO (SIM_ID, ORG_CODE, DEPTCODE, STATE,PAY_MODLE, SIM_NUM) values(26200, 'B0000804', '中国移动', 1, '预付费', 13100006199);
insert into T_TERMINALINFO (TERMINAL_ID,TTYPE_ID,SIM_ID,TERMINAL_CODE,ORG_CODE,IS_VIDEO_TERMINAL,SP_SERVER_NAME,PROTOCOL_TYPE,CHANNELS,YT_PROTOCOL_TYPE) values(260200, 4, 26200, '1006199', 'B0000804',1,'1076测试服务器','4',8,'0');
insert into V_VEHICLEINFO (ORG_CODE,VEHICLE_ID,ID_NUMBER,TYPE_ID,TERMINAL_ID,DELETE_FLAG,COLOR_ID_NUMBER_ID,AUTHORIZED_PAY_MASS) values ('B0000804','2600200', '测B06199', 4, 260200, 0, '2',15);

insert into T_SIMINFO (SIM_ID, ORG_CODE, DEPTCODE, STATE,PAY_MODLE, SIM_NUM) values(26201, 'B0000804', '中国移动', 1, '预付费', 13100006200);
insert into T_TERMINALINFO (TERMINAL_ID,TTYPE_ID,SIM_ID,TERMINAL_CODE,ORG_CODE,IS_VIDEO_TERMINAL,SP_SERVER_NAME,PROTOCOL_TYPE,CHANNELS,YT_PROTOCOL_TYPE) values(260201, 4, 26201, '1006200', 'B0000804',1,'1076测试服务器','4',8,'0');
insert into V_VEHICLEINFO (ORG_CODE,VEHICLE_ID,ID_NUMBER,TYPE_ID,TERMINAL_ID,DELETE_FLAG,COLOR_ID_NUMBER_ID,AUTHORIZED_PAY_MASS) values ('B0000804','2600201', '测B06200', 4, 260201, 0, '2',15);

insert into T_SIMINFO (SIM_ID, ORG_CODE, DEPTCODE, STATE,PAY_MODLE, SIM_NUM) values(26202, 'B0000804', '中国移动', 1, '预付费', 13100006201);
insert into T_TERMINALINFO (TERMINAL_ID,TTYPE_ID,SIM_ID,TERMINAL_CODE,ORG_CODE,IS_VIDEO_TERMINAL,SP_SERVER_NAME,PROTOCOL_TYPE,CHANNELS,YT_PROTOCOL_TYPE) values(260202, 4, 26202, '1006201', 'B0000804',1,'1076测试服务器','4',8,'0');
insert into V_VEHICLEINFO (ORG_CODE,VEHICLE_ID,ID_NUMBER,TYPE_ID,TERMINAL_ID,DELETE_FLAG,COLOR_ID_NUMBER_ID,AUTHORIZED_PAY_MASS) values ('B0000804','2600202', '测B06201', 4, 260202, 0, '2',15);

insert into T_SIMINFO (SIM_ID, ORG_CODE, DEPTCODE, STATE,PAY_MODLE, SIM_NUM) values(26203, 'B0000804', '中国移动', 1, '预付费', 13100006202);
insert into T_TERMINALINFO (TERMINAL_ID,TTYPE_ID,SIM_ID,TERMINAL_CODE,ORG_CODE,IS_VIDEO_TERMINAL,SP_SERVER_NAME,PROTOCOL_TYPE,CHANNELS,YT_PROTOCOL_TYPE) values(260203, 4, 26203, '1006202', 'B0000804',1,'1076测试服务器','4',8,'0');
insert into V_VEHICLEINFO (ORG_CODE,VEHICLE_ID,ID_NUMBER,TYPE_ID,TERMINAL_ID,DELETE_FLAG,COLOR_ID_NUMBER_ID,AUTHORIZED_PAY_MASS) values ('B0000804','2600203', '测B06202', 4, 260203, 0, '2',15);

insert into T_SIMINFO (SIM_ID, ORG_CODE, DEPTCODE, STATE,PAY_MODLE, SIM_NUM) values(26204, 'B0000804', '中国移动', 1, '预付费', 13100006203);
insert into T_TERMINALINFO (TERMINAL_ID,TTYPE_ID,SIM_ID,TERMINAL_CODE,ORG_CODE,IS_VIDEO_TERMINAL,SP_SERVER_NAME,PROTOCOL_TYPE,CHANNELS,YT_PROTOCOL_TYPE) values(260204, 4, 26204, '1006203', 'B0000804',1,'1076测试服务器','4',8,'0');
insert into V_VEHICLEINFO (ORG_CODE,VEHICLE_ID,ID_NUMBER,TYPE_ID,TERMINAL_ID,DELETE_FLAG,COLOR_ID_NUMBER_ID,AUTHORIZED_PAY_MASS) values ('B0000804','2600204', '测B06203', 4, 260204, 0, '2',15);

insert into T_SIMINFO (SIM_ID, ORG_CODE, DEPTCODE, STATE,PAY_MODLE, SIM_NUM) values(26205, 'B0000804', '中国移动', 1, '预付费', 13100006204);
insert into T_TERMINALINFO (TERMINAL_ID,TTYPE_ID,SIM_ID,TERMINAL_CODE,ORG_CODE,IS_VIDEO_TERMINAL,SP_SERVER_NAME,PROTOCOL_TYPE,CHANNELS,YT_PROTOCOL_TYPE) values(260205, 4, 26205, '1006204', 'B0000804',1,'1076测试服务器','4',8,'0');
insert into V_VEHICLEINFO (ORG_CODE,VEHICLE_ID,ID_NUMBER,TYPE_ID,TERMINAL_ID,DELETE_FLAG,COLOR_ID_NUMBER_ID,AUTHORIZED_PAY_MASS) values ('B0000804','2600205', '测B06204', 4, 260205, 0, '2',15);

insert into T_SIMINFO (SIM_ID, ORG_CODE, DEPTCODE, STATE,PAY_MODLE, SIM_NUM) values(26206, 'B0000804', '中国移动', 1, '预付费', 13100006205);
insert into T_TERMINALINFO (TERMINAL_ID,TTYPE_ID,SIM_ID,TERMINAL_CODE,ORG_CODE,IS_VIDEO_TERMINAL,SP_SERVER_NAME,PROTOCOL_TYPE,CHANNELS,YT_PROTOCOL_TYPE) values(260206, 4, 26206, '1006205', 'B0000804',1,'1076测试服务器','4',8,'0');
insert into V_VEHICLEINFO (ORG_CODE,VEHICLE_ID,ID_NUMBER,TYPE_ID,TERMINAL_ID,DELETE_FLAG,COLOR_ID_NUMBER_ID,AUTHORIZED_PAY_MASS) values ('B0000804','2600206', '测B06205', 4, 260206, 0, '2',15);

insert into T_SIMINFO (SIM_ID, ORG_CODE, DEPTCODE, STATE,PAY_MODLE, SIM_NUM) values(26207, 'B0000804', '中国移动', 1, '预付费', 13100006206);
insert into T_TERMINALINFO (TERMINAL_ID,TTYPE_ID,SIM_ID,TERMINAL_CODE,ORG_CODE,IS_VIDEO_TERMINAL,SP_SERVER_NAME,PROTOCOL_TYPE,CHANNELS,YT_PROTOCOL_TYPE) values(260207, 4, 26207, '1006206', 'B0000804',1,'1076测试服务器','4',8,'0');
insert into V_VEHICLEINFO (ORG_CODE,VEHICLE_ID,ID_NUMBER,TYPE_ID,TERMINAL_ID,DELETE_FLAG,COLOR_ID_NUMBER_ID,AUTHORIZED_PAY_MASS) values ('B0000804','2600207', '测B06206', 4, 260207, 0, '2',15);

insert into T_SIMINFO (SIM_ID, ORG_CODE, DEPTCODE, STATE,PAY_MODLE, SIM_NUM) values(26208, 'B0000804', '中国移动', 1, '预付费', 13100006207);
insert into T_TERMINALINFO (TERMINAL_ID,TTYPE_ID,SIM_ID,TERMINAL_CODE,ORG_CODE,IS_VIDEO_TERMINAL,SP_SERVER_NAME,PROTOCOL_TYPE,CHANNELS,YT_PROTOCOL_TYPE) values(260208, 4, 26208, '1006207', 'B0000804',1,'1076测试服务器','4',8,'0');
insert into V_VEHICLEINFO (ORG_CODE,VEHICLE_ID,ID_NUMBER,TYPE_ID,TERMINAL_ID,DELETE_FLAG,COLOR_ID_NUMBER_ID,AUTHORIZED_PAY_MASS) values ('B0000804','2600208', '测B06207', 4, 260208, 0, '2',15);

insert into T_SIMINFO (SIM_ID, ORG_CODE, DEPTCODE, STATE,PAY_MODLE, SIM_NUM) values(26209, 'B0000804', '中国移动', 1, '预付费', 13100006208);
insert into T_TERMINALINFO (TERMINAL_ID,TTYPE_ID,SIM_ID,TERMINAL_CODE,ORG_CODE,IS_VIDEO_TERMINAL,SP_SERVER_NAME,PROTOCOL_TYPE,CHANNELS,YT_PROTOCOL_TYPE) values(260209, 4, 26209, '1006208', 'B0000804',1,'1076测试服务器','4',8,'0');
insert into V_VEHICLEINFO (ORG_CODE,VEHICLE_ID,ID_NUMBER,TYPE_ID,TERMINAL_ID,DELETE_FLAG,COLOR_ID_NUMBER_ID,AUTHORIZED_PAY_MASS) values ('B0000804','2600209', '测B06208', 4, 260209, 0, '2',15);

insert into T_SIMINFO (SIM_ID, ORG_CODE, DEPTCODE, STATE,PAY_MODLE, SIM_NUM) values(26210, 'B0000804', '中国移动', 1, '预付费', 13100006209);
insert into T_TERMINALINFO (TERMINAL_ID,TTYPE_ID,SIM_ID,TERMINAL_CODE,ORG_CODE,IS_VIDEO_TERMINAL,SP_SERVER_NAME,PROTOCOL_TYPE,CHANNELS,YT_PROTOCOL_TYPE) values(260210, 4, 26210, '1006209', 'B0000804',1,'1076测试服务器','4',8,'0');
insert into V_VEHICLEINFO (ORG_CODE,VEHICLE_ID,ID_NUMBER,TYPE_ID,TERMINAL_ID,DELETE_FLAG,COLOR_ID_NUMBER_ID,AUTHORIZED_PAY_MASS) values ('B0000804','2600210', '测B06209', 4, 260210, 0, '2',15);

insert into T_SIMINFO (SIM_ID, ORG_CODE, DEPTCODE, STATE,PAY_MODLE, SIM_NUM) values(26211, 'B0000804', '中国移动', 1, '预付费', 13100006210);
insert into T_TERMINALINFO (TERMINAL_ID,TTYPE_ID,SIM_ID,TERMINAL_CODE,ORG_CODE,IS_VIDEO_TERMINAL,SP_SERVER_NAME,PROTOCOL_TYPE,CHANNELS,YT_PROTOCOL_TYPE) values(260211, 4, 26211, '1006210', 'B0000804',1,'1076测试服务器','4',8,'0');
insert into V_VEHICLEINFO (ORG_CODE,VEHICLE_ID,ID_NUMBER,TYPE_ID,TERMINAL_ID,DELETE_FLAG,COLOR_ID_NUMBER_ID,AUTHORIZED_PAY_MASS) values ('B0000804','2600211', '测B06210', 4, 260211, 0, '2',15);

insert into T_SIMINFO (SIM_ID, ORG_CODE, DEPTCODE, STATE,PAY_MODLE, SIM_NUM) values(26212, 'B0000804', '中国移动', 1, '预付费', 13100006211);
insert into T_TERMINALINFO (TERMINAL_ID,TTYPE_ID,SIM_ID,TERMINAL_CODE,ORG_CODE,IS_VIDEO_TERMINAL,SP_SERVER_NAME,PROTOCOL_TYPE,CHANNELS,YT_PROTOCOL_TYPE) values(260212, 4, 26212, '1006211', 'B0000804',1,'1076测试服务器','4',8,'0');
insert into V_VEHICLEINFO (ORG_CODE,VEHICLE_ID,ID_NUMBER,TYPE_ID,TERMINAL_ID,DELETE_FLAG,COLOR_ID_NUMBER_ID,AUTHORIZED_PAY_MASS) values ('B0000804','2600212', '测B06211', 4, 260212, 0, '2',15);

insert into T_SIMINFO (SIM_ID, ORG_CODE, DEPTCODE, STATE,PAY_MODLE, SIM_NUM) values(26213, 'B0000804', '中国移动', 1, '预付费', 13100006212);
insert into T_TERMINALINFO (TERMINAL_ID,TTYPE_ID,SIM_ID,TERMINAL_CODE,ORG_CODE,IS_VIDEO_TERMINAL,SP_SERVER_NAME,PROTOCOL_TYPE,CHANNELS,YT_PROTOCOL_TYPE) values(260213, 4, 26213, '1006212', 'B0000804',1,'1076测试服务器','4',8,'0');
insert into V_VEHICLEINFO (ORG_CODE,VEHICLE_ID,ID_NUMBER,TYPE_ID,TERMINAL_ID,DELETE_FLAG,COLOR_ID_NUMBER_ID,AUTHORIZED_PAY_MASS) values ('B0000804','2600213', '测B06212', 4, 260213, 0, '2',15);

insert into T_SIMINFO (SIM_ID, ORG_CODE, DEPTCODE, STATE,PAY_MODLE, SIM_NUM) values(26214, 'B0000804', '中国移动', 1, '预付费', 13100006213);
insert into T_TERMINALINFO (TERMINAL_ID,TTYPE_ID,SIM_ID,TERMINAL_CODE,ORG_CODE,IS_VIDEO_TERMINAL,SP_SERVER_NAME,PROTOCOL_TYPE,CHANNELS,YT_PROTOCOL_TYPE) values(260214, 4, 26214, '1006213', 'B0000804',1,'1076测试服务器','4',8,'0');
insert into V_VEHICLEINFO (ORG_CODE,VEHICLE_ID,ID_NUMBER,TYPE_ID,TERMINAL_ID,DELETE_FLAG,COLOR_ID_NUMBER_ID,AUTHORIZED_PAY_MASS) values ('B0000804','2600214', '测B06213', 4, 260214, 0, '2',15);

insert into T_SIMINFO (SIM_ID, ORG_CODE, DEPTCODE, STATE,PAY_MODLE, SIM_NUM) values(26215, 'B0000804', '中国移动', 1, '预付费', 13100006214);
insert into T_TERMINALINFO (TERMINAL_ID,TTYPE_ID,SIM_ID,TERMINAL_CODE,ORG_CODE,IS_VIDEO_TERMINAL,SP_SERVER_NAME,PROTOCOL_TYPE,CHANNELS,YT_PROTOCOL_TYPE) values(260215, 4, 26215, '1006214', 'B0000804',1,'1076测试服务器','4',8,'0');
insert into V_VEHICLEINFO (ORG_CODE,VEHICLE_ID,ID_NUMBER,TYPE_ID,TERMINAL_ID,DELETE_FLAG,COLOR_ID_NUMBER_ID,AUTHORIZED_PAY_MASS) values ('B0000804','2600215', '测B06214', 4, 260215, 0, '2',15);

insert into T_SIMINFO (SIM_ID, ORG_CODE, DEPTCODE, STATE,PAY_MODLE, SIM_NUM) values(26216, 'B0000804', '中国移动', 1, '预付费', 13100006215);
insert into T_TERMINALINFO (TERMINAL_ID,TTYPE_ID,SIM_ID,TERMINAL_CODE,ORG_CODE,IS_VIDEO_TERMINAL,SP_SERVER_NAME,PROTOCOL_TYPE,CHANNELS,YT_PROTOCOL_TYPE) values(260216, 4, 26216, '1006215', 'B0000804',1,'1076测试服务器','4',8,'0');
insert into V_VEHICLEINFO (ORG_CODE,VEHICLE_ID,ID_NUMBER,TYPE_ID,TERMINAL_ID,DELETE_FLAG,COLOR_ID_NUMBER_ID,AUTHORIZED_PAY_MASS) values ('B0000804','2600216', '测B06215', 4, 260216, 0, '2',15);

insert into T_SIMINFO (SIM_ID, ORG_CODE, DEPTCODE, STATE,PAY_MODLE, SIM_NUM) values(26217, 'B0000804', '中国移动', 1, '预付费', 13100006216);
insert into T_TERMINALINFO (TERMINAL_ID,TTYPE_ID,SIM_ID,TERMINAL_CODE,ORG_CODE,IS_VIDEO_TERMINAL,SP_SERVER_NAME,PROTOCOL_TYPE,CHANNELS,YT_PROTOCOL_TYPE) values(260217, 4, 26217, '1006216', 'B0000804',1,'1076测试服务器','4',8,'0');
insert into V_VEHICLEINFO (ORG_CODE,VEHICLE_ID,ID_NUMBER,TYPE_ID,TERMINAL_ID,DELETE_FLAG,COLOR_ID_NUMBER_ID,AUTHORIZED_PAY_MASS) values ('B0000804','2600217', '测B06216', 4, 260217, 0, '2',15);

insert into T_SIMINFO (SIM_ID, ORG_CODE, DEPTCODE, STATE,PAY_MODLE, SIM_NUM) values(26218, 'B0000804', '中国移动', 1, '预付费', 13100006217);
insert into T_TERMINALINFO (TERMINAL_ID,TTYPE_ID,SIM_ID,TERMINAL_CODE,ORG_CODE,IS_VIDEO_TERMINAL,SP_SERVER_NAME,PROTOCOL_TYPE,CHANNELS,YT_PROTOCOL_TYPE) values(260218, 4, 26218, '1006217', 'B0000804',1,'1076测试服务器','4',8,'0');
insert into V_VEHICLEINFO (ORG_CODE,VEHICLE_ID,ID_NUMBER,TYPE_ID,TERMINAL_ID,DELETE_FLAG,COLOR_ID_NUMBER_ID,AUTHORIZED_PAY_MASS) values ('B0000804','2600218', '测B06217', 4, 260218, 0, '2',15);

insert into T_SIMINFO (SIM_ID, ORG_CODE, DEPTCODE, STATE,PAY_MODLE, SIM_NUM) values(26219, 'B0000804', '中国移动', 1, '预付费', 13100006218);
insert into T_TERMINALINFO (TERMINAL_ID,TTYPE_ID,SIM_ID,TERMINAL_CODE,ORG_CODE,IS_VIDEO_TERMINAL,SP_SERVER_NAME,PROTOCOL_TYPE,CHANNELS,YT_PROTOCOL_TYPE) values(260219, 4, 26219, '1006218', 'B0000804',1,'1076测试服务器','4',8,'0');
insert into V_VEHICLEINFO (ORG_CODE,VEHICLE_ID,ID_NUMBER,TYPE_ID,TERMINAL_ID,DELETE_FLAG,COLOR_ID_NUMBER_ID,AUTHORIZED_PAY_MASS) values ('B0000804','2600219', '测B06218', 4, 260219, 0, '2',15);

insert into T_SIMINFO (SIM_ID, ORG_CODE, DEPTCODE, STATE,PAY_MODLE, SIM_NUM) values(26220, 'B0000804', '中国移动', 1, '预付费', 13100006219);
insert into T_TERMINALINFO (TERMINAL_ID,TTYPE_ID,SIM_ID,TERMINAL_CODE,ORG_CODE,IS_VIDEO_TERMINAL,SP_SERVER_NAME,PROTOCOL_TYPE,CHANNELS,YT_PROTOCOL_TYPE) values(260220, 4, 26220, '1006219', 'B0000804',1,'1076测试服务器','4',8,'0');
insert into V_VEHICLEINFO (ORG_CODE,VEHICLE_ID,ID_NUMBER,TYPE_ID,TERMINAL_ID,DELETE_FLAG,COLOR_ID_NUMBER_ID,AUTHORIZED_PAY_MASS) values ('B0000804','2600220', '测B06219', 4, 260220, 0, '2',15);

insert into T_SIMINFO (SIM_ID, ORG_CODE, DEPTCODE, STATE,PAY_MODLE, SIM_NUM) values(26221, 'B0000804', '中国移动', 1, '预付费', 13100006220);
insert into T_TERMINALINFO (TERMINAL_ID,TTYPE_ID,SIM_ID,TERMINAL_CODE,ORG_CODE,IS_VIDEO_TERMINAL,SP_SERVER_NAME,PROTOCOL_TYPE,CHANNELS,YT_PROTOCOL_TYPE) values(260221, 4, 26221, '1006220', 'B0000804',1,'1076测试服务器','4',8,'0');
insert into V_VEHICLEINFO (ORG_CODE,VEHICLE_ID,ID_NUMBER,TYPE_ID,TERMINAL_ID,DELETE_FLAG,COLOR_ID_NUMBER_ID,AUTHORIZED_PAY_MASS) values ('B0000804','2600221', '测B06220', 4, 260221, 0, '2',15);

insert into T_SIMINFO (SIM_ID, ORG_CODE, DEPTCODE, STATE,PAY_MODLE, SIM_NUM) values(26222, 'B0000804', '中国移动', 1, '预付费', 13100006221);
insert into T_TERMINALINFO (TERMINAL_ID,TTYPE_ID,SIM_ID,TERMINAL_CODE,ORG_CODE,IS_VIDEO_TERMINAL,SP_SERVER_NAME,PROTOCOL_TYPE,CHANNELS,YT_PROTOCOL_TYPE) values(260222, 4, 26222, '1006221', 'B0000804',1,'1076测试服务器','4',8,'0');
insert into V_VEHICLEINFO (ORG_CODE,VEHICLE_ID,ID_NUMBER,TYPE_ID,TERMINAL_ID,DELETE_FLAG,COLOR_ID_NUMBER_ID,AUTHORIZED_PAY_MASS) values ('B0000804','2600222', '测B06221', 4, 260222, 0, '2',15);

insert into T_SIMINFO (SIM_ID, ORG_CODE, DEPTCODE, STATE,PAY_MODLE, SIM_NUM) values(26223, 'B0000804', '中国移动', 1, '预付费', 13100006222);
insert into T_TERMINALINFO (TERMINAL_ID,TTYPE_ID,SIM_ID,TERMINAL_CODE,ORG_CODE,IS_VIDEO_TERMINAL,SP_SERVER_NAME,PROTOCOL_TYPE,CHANNELS,YT_PROTOCOL_TYPE) values(260223, 4, 26223, '1006222', 'B0000804',1,'1076测试服务器','4',8,'0');
insert into V_VEHICLEINFO (ORG_CODE,VEHICLE_ID,ID_NUMBER,TYPE_ID,TERMINAL_ID,DELETE_FLAG,COLOR_ID_NUMBER_ID,AUTHORIZED_PAY_MASS) values ('B0000804','2600223', '测B06222', 4, 260223, 0, '2',15);

insert into T_SIMINFO (SIM_ID, ORG_CODE, DEPTCODE, STATE,PAY_MODLE, SIM_NUM) values(26224, 'B0000804', '中国移动', 1, '预付费', 13100006223);
insert into T_TERMINALINFO (TERMINAL_ID,TTYPE_ID,SIM_ID,TERMINAL_CODE,ORG_CODE,IS_VIDEO_TERMINAL,SP_SERVER_NAME,PROTOCOL_TYPE,CHANNELS,YT_PROTOCOL_TYPE) values(260224, 4, 26224, '1006223', 'B0000804',1,'1076测试服务器','4',8,'0');
insert into V_VEHICLEINFO (ORG_CODE,VEHICLE_ID,ID_NUMBER,TYPE_ID,TERMINAL_ID,DELETE_FLAG,COLOR_ID_NUMBER_ID,AUTHORIZED_PAY_MASS) values ('B0000804','2600224', '测B06223', 4, 260224, 0, '2',15);

insert into T_SIMINFO (SIM_ID, ORG_CODE, DEPTCODE, STATE,PAY_MODLE, SIM_NUM) values(26225, 'B0000804', '中国移动', 1, '预付费', 13100006224);
insert into T_TERMINALINFO (TERMINAL_ID,TTYPE_ID,SIM_ID,TERMINAL_CODE,ORG_CODE,IS_VIDEO_TERMINAL,SP_SERVER_NAME,PROTOCOL_TYPE,CHANNELS,YT_PROTOCOL_TYPE) values(260225, 4, 26225, '1006224', 'B0000804',1,'1076测试服务器','4',8,'0');
insert into V_VEHICLEINFO (ORG_CODE,VEHICLE_ID,ID_NUMBER,TYPE_ID,TERMINAL_ID,DELETE_FLAG,COLOR_ID_NUMBER_ID,AUTHORIZED_PAY_MASS) values ('B0000804','2600225', '测B06224', 4, 260225, 0, '2',15);

insert into T_SIMINFO (SIM_ID, ORG_CODE, DEPTCODE, STATE,PAY_MODLE, SIM_NUM) values(26226, 'B0000804', '中国移动', 1, '预付费', 13100006225);
insert into T_TERMINALINFO (TERMINAL_ID,TTYPE_ID,SIM_ID,TERMINAL_CODE,ORG_CODE,IS_VIDEO_TERMINAL,SP_SERVER_NAME,PROTOCOL_TYPE,CHANNELS,YT_PROTOCOL_TYPE) values(260226, 4, 26226, '1006225', 'B0000804',1,'1076测试服务器','4',8,'0');
insert into V_VEHICLEINFO (ORG_CODE,VEHICLE_ID,ID_NUMBER,TYPE_ID,TERMINAL_ID,DELETE_FLAG,COLOR_ID_NUMBER_ID,AUTHORIZED_PAY_MASS) values ('B0000804','2600226', '测B06225', 4, 260226, 0, '2',15);

insert into T_SIMINFO (SIM_ID, ORG_CODE, DEPTCODE, STATE,PAY_MODLE, SIM_NUM) values(26227, 'B0000804', '中国移动', 1, '预付费', 13100006226);
insert into T_TERMINALINFO (TERMINAL_ID,TTYPE_ID,SIM_ID,TERMINAL_CODE,ORG_CODE,IS_VIDEO_TERMINAL,SP_SERVER_NAME,PROTOCOL_TYPE,CHANNELS,YT_PROTOCOL_TYPE) values(260227, 4, 26227, '1006226', 'B0000804',1,'1076测试服务器','4',8,'0');
insert into V_VEHICLEINFO (ORG_CODE,VEHICLE_ID,ID_NUMBER,TYPE_ID,TERMINAL_ID,DELETE_FLAG,COLOR_ID_NUMBER_ID,AUTHORIZED_PAY_MASS) values ('B0000804','2600227', '测B06226', 4, 260227, 0, '2',15);

insert into T_SIMINFO (SIM_ID, ORG_CODE, DEPTCODE, STATE,PAY_MODLE, SIM_NUM) values(26228, 'B0000804', '中国移动', 1, '预付费', 13100006227);
insert into T_TERMINALINFO (TERMINAL_ID,TTYPE_ID,SIM_ID,TERMINAL_CODE,ORG_CODE,IS_VIDEO_TERMINAL,SP_SERVER_NAME,PROTOCOL_TYPE,CHANNELS,YT_PROTOCOL_TYPE) values(260228, 4, 26228, '1006227', 'B0000804',1,'1076测试服务器','4',8,'0');
insert into V_VEHICLEINFO (ORG_CODE,VEHICLE_ID,ID_NUMBER,TYPE_ID,TERMINAL_ID,DELETE_FLAG,COLOR_ID_NUMBER_ID,AUTHORIZED_PAY_MASS) values ('B0000804','2600228', '测B06227', 4, 260228, 0, '2',15);

insert into T_SIMINFO (SIM_ID, ORG_CODE, DEPTCODE, STATE,PAY_MODLE, SIM_NUM) values(26229, 'B0000804', '中国移动', 1, '预付费', 13100006228);
insert into T_TERMINALINFO (TERMINAL_ID,TTYPE_ID,SIM_ID,TERMINAL_CODE,ORG_CODE,IS_VIDEO_TERMINAL,SP_SERVER_NAME,PROTOCOL_TYPE,CHANNELS,YT_PROTOCOL_TYPE) values(260229, 4, 26229, '1006228', 'B0000804',1,'1076测试服务器','4',8,'0');
insert into V_VEHICLEINFO (ORG_CODE,VEHICLE_ID,ID_NUMBER,TYPE_ID,TERMINAL_ID,DELETE_FLAG,COLOR_ID_NUMBER_ID,AUTHORIZED_PAY_MASS) values ('B0000804','2600229', '测B06228', 4, 260229, 0, '2',15);

insert into T_SIMINFO (SIM_ID, ORG_CODE, DEPTCODE, STATE,PAY_MODLE, SIM_NUM) values(26230, 'B0000804', '中国移动', 1, '预付费', 13100006229);
insert into T_TERMINALINFO (TERMINAL_ID,TTYPE_ID,SIM_ID,TERMINAL_CODE,ORG_CODE,IS_VIDEO_TERMINAL,SP_SERVER_NAME,PROTOCOL_TYPE,CHANNELS,YT_PROTOCOL_TYPE) values(260230, 4, 26230, '1006229', 'B0000804',1,'1076测试服务器','4',8,'0');
insert into V_VEHICLEINFO (ORG_CODE,VEHICLE_ID,ID_NUMBER,TYPE_ID,TERMINAL_ID,DELETE_FLAG,COLOR_ID_NUMBER_ID,AUTHORIZED_PAY_MASS) values ('B0000804','2600230', '测B06229', 4, 260230, 0, '2',15);

insert into T_SIMINFO (SIM_ID, ORG_CODE, DEPTCODE, STATE,PAY_MODLE, SIM_NUM) values(26231, 'B0000804', '中国移动', 1, '预付费', 13100006230);
insert into T_TERMINALINFO (TERMINAL_ID,TTYPE_ID,SIM_ID,TERMINAL_CODE,ORG_CODE,IS_VIDEO_TERMINAL,SP_SERVER_NAME,PROTOCOL_TYPE,CHANNELS,YT_PROTOCOL_TYPE) values(260231, 4, 26231, '1006230', 'B0000804',1,'1076测试服务器','4',8,'0');
insert into V_VEHICLEINFO (ORG_CODE,VEHICLE_ID,ID_NUMBER,TYPE_ID,TERMINAL_ID,DELETE_FLAG,COLOR_ID_NUMBER_ID,AUTHORIZED_PAY_MASS) values ('B0000804','2600231', '测B06230', 4, 260231, 0, '2',15);

insert into T_SIMINFO (SIM_ID, ORG_CODE, DEPTCODE, STATE,PAY_MODLE, SIM_NUM) values(26232, 'B0000804', '中国移动', 1, '预付费', 13100006231);
insert into T_TERMINALINFO (TERMINAL_ID,TTYPE_ID,SIM_ID,TERMINAL_CODE,ORG_CODE,IS_VIDEO_TERMINAL,SP_SERVER_NAME,PROTOCOL_TYPE,CHANNELS,YT_PROTOCOL_TYPE) values(260232, 4, 26232, '1006231', 'B0000804',1,'1076测试服务器','4',8,'0');
insert into V_VEHICLEINFO (ORG_CODE,VEHICLE_ID,ID_NUMBER,TYPE_ID,TERMINAL_ID,DELETE_FLAG,COLOR_ID_NUMBER_ID,AUTHORIZED_PAY_MASS) values ('B0000804','2600232', '测B06231', 4, 260232, 0, '2',15);

insert into T_SIMINFO (SIM_ID, ORG_CODE, DEPTCODE, STATE,PAY_MODLE, SIM_NUM) values(26233, 'B0000804', '中国移动', 1, '预付费', 13100006232);
insert into T_TERMINALINFO (TERMINAL_ID,TTYPE_ID,SIM_ID,TERMINAL_CODE,ORG_CODE,IS_VIDEO_TERMINAL,SP_SERVER_NAME,PROTOCOL_TYPE,CHANNELS,YT_PROTOCOL_TYPE) values(260233, 4, 26233, '1006232', 'B0000804',1,'1076测试服务器','4',8,'0');
insert into V_VEHICLEINFO (ORG_CODE,VEHICLE_ID,ID_NUMBER,TYPE_ID,TERMINAL_ID,DELETE_FLAG,COLOR_ID_NUMBER_ID,AUTHORIZED_PAY_MASS) values ('B0000804','2600233', '测B06232', 4, 260233, 0, '2',15);

insert into T_SIMINFO (SIM_ID, ORG_CODE, DEPTCODE, STATE,PAY_MODLE, SIM_NUM) values(26234, 'B0000804', '中国移动', 1, '预付费', 13100006233);
insert into T_TERMINALINFO (TERMINAL_ID,TTYPE_ID,SIM_ID,TERMINAL_CODE,ORG_CODE,IS_VIDEO_TERMINAL,SP_SERVER_NAME,PROTOCOL_TYPE,CHANNELS,YT_PROTOCOL_TYPE) values(260234, 4, 26234, '1006233', 'B0000804',1,'1076测试服务器','4',8,'0');
insert into V_VEHICLEINFO (ORG_CODE,VEHICLE_ID,ID_NUMBER,TYPE_ID,TERMINAL_ID,DELETE_FLAG,COLOR_ID_NUMBER_ID,AUTHORIZED_PAY_MASS) values ('B0000804','2600234', '测B06233', 4, 260234, 0, '2',15);

insert into T_SIMINFO (SIM_ID, ORG_CODE, DEPTCODE, STATE,PAY_MODLE, SIM_NUM) values(26235, 'B0000804', '中国移动', 1, '预付费', 13100006234);
insert into T_TERMINALINFO (TERMINAL_ID,TTYPE_ID,SIM_ID,TERMINAL_CODE,ORG_CODE,IS_VIDEO_TERMINAL,SP_SERVER_NAME,PROTOCOL_TYPE,CHANNELS,YT_PROTOCOL_TYPE) values(260235, 4, 26235, '1006234', 'B0000804',1,'1076测试服务器','4',8,'0');
insert into V_VEHICLEINFO (ORG_CODE,VEHICLE_ID,ID_NUMBER,TYPE_ID,TERMINAL_ID,DELETE_FLAG,COLOR_ID_NUMBER_ID,AUTHORIZED_PAY_MASS) values ('B0000804','2600235', '测B06234', 4, 260235, 0, '2',15);

insert into T_SIMINFO (SIM_ID, ORG_CODE, DEPTCODE, STATE,PAY_MODLE, SIM_NUM) values(26236, 'B0000804', '中国移动', 1, '预付费', 13100006235);
insert into T_TERMINALINFO (TERMINAL_ID,TTYPE_ID,SIM_ID,TERMINAL_CODE,ORG_CODE,IS_VIDEO_TERMINAL,SP_SERVER_NAME,PROTOCOL_TYPE,CHANNELS,YT_PROTOCOL_TYPE) values(260236, 4, 26236, '1006235', 'B0000804',1,'1076测试服务器','4',8,'0');
insert into V_VEHICLEINFO (ORG_CODE,VEHICLE_ID,ID_NUMBER,TYPE_ID,TERMINAL_ID,DELETE_FLAG,COLOR_ID_NUMBER_ID,AUTHORIZED_PAY_MASS) values ('B0000804','2600236', '测B06235', 4, 260236, 0, '2',15);

insert into T_SIMINFO (SIM_ID, ORG_CODE, DEPTCODE, STATE,PAY_MODLE, SIM_NUM) values(26237, 'B0000804', '中国移动', 1, '预付费', 13100006236);
insert into T_TERMINALINFO (TERMINAL_ID,TTYPE_ID,SIM_ID,TERMINAL_CODE,ORG_CODE,IS_VIDEO_TERMINAL,SP_SERVER_NAME,PROTOCOL_TYPE,CHANNELS,YT_PROTOCOL_TYPE) values(260237, 4, 26237, '1006236', 'B0000804',1,'1076测试服务器','4',8,'0');
insert into V_VEHICLEINFO (ORG_CODE,VEHICLE_ID,ID_NUMBER,TYPE_ID,TERMINAL_ID,DELETE_FLAG,COLOR_ID_NUMBER_ID,AUTHORIZED_PAY_MASS) values ('B0000804','2600237', '测B06236', 4, 260237, 0, '2',15);

insert into T_SIMINFO (SIM_ID, ORG_CODE, DEPTCODE, STATE,PAY_MODLE, SIM_NUM) values(26238, 'B0000804', '中国移动', 1, '预付费', 13100006237);
insert into T_TERMINALINFO (TERMINAL_ID,TTYPE_ID,SIM_ID,TERMINAL_CODE,ORG_CODE,IS_VIDEO_TERMINAL,SP_SERVER_NAME,PROTOCOL_TYPE,CHANNELS,YT_PROTOCOL_TYPE) values(260238, 4, 26238, '1006237', 'B0000804',1,'1076测试服务器','4',8,'0');
insert into V_VEHICLEINFO (ORG_CODE,VEHICLE_ID,ID_NUMBER,TYPE_ID,TERMINAL_ID,DELETE_FLAG,COLOR_ID_NUMBER_ID,AUTHORIZED_PAY_MASS) values ('B0000804','2600238', '测B06237', 4, 260238, 0, '2',15);

insert into T_SIMINFO (SIM_ID, ORG_CODE, DEPTCODE, STATE,PAY_MODLE, SIM_NUM) values(26239, 'B0000804', '中国移动', 1, '预付费', 13100006238);
insert into T_TERMINALINFO (TERMINAL_ID,TTYPE_ID,SIM_ID,TERMINAL_CODE,ORG_CODE,IS_VIDEO_TERMINAL,SP_SERVER_NAME,PROTOCOL_TYPE,CHANNELS,YT_PROTOCOL_TYPE) values(260239, 4, 26239, '1006238', 'B0000804',1,'1076测试服务器','4',8,'0');
insert into V_VEHICLEINFO (ORG_CODE,VEHICLE_ID,ID_NUMBER,TYPE_ID,TERMINAL_ID,DELETE_FLAG,COLOR_ID_NUMBER_ID,AUTHORIZED_PAY_MASS) values ('B0000804','2600239', '测B06238', 4, 260239, 0, '2',15);

insert into T_SIMINFO (SIM_ID, ORG_CODE, DEPTCODE, STATE,PAY_MODLE, SIM_NUM) values(26240, 'B0000804', '中国移动', 1, '预付费', 13100006239);
insert into T_TERMINALINFO (TERMINAL_ID,TTYPE_ID,SIM_ID,TERMINAL_CODE,ORG_CODE,IS_VIDEO_TERMINAL,SP_SERVER_NAME,PROTOCOL_TYPE,CHANNELS,YT_PROTOCOL_TYPE) values(260240, 4, 26240, '1006239', 'B0000804',1,'1076测试服务器','4',8,'0');
insert into V_VEHICLEINFO (ORG_CODE,VEHICLE_ID,ID_NUMBER,TYPE_ID,TERMINAL_ID,DELETE_FLAG,COLOR_ID_NUMBER_ID,AUTHORIZED_PAY_MASS) values ('B0000804','2600240', '测B06239', 4, 260240, 0, '2',15);

insert into T_SIMINFO (SIM_ID, ORG_CODE, DEPTCODE, STATE,PAY_MODLE, SIM_NUM) values(26241, 'B0000804', '中国移动', 1, '预付费', 13100006240);
insert into T_TERMINALINFO (TERMINAL_ID,TTYPE_ID,SIM_ID,TERMINAL_CODE,ORG_CODE,IS_VIDEO_TERMINAL,SP_SERVER_NAME,PROTOCOL_TYPE,CHANNELS,YT_PROTOCOL_TYPE) values(260241, 4, 26241, '1006240', 'B0000804',1,'1076测试服务器','4',8,'0');
insert into V_VEHICLEINFO (ORG_CODE,VEHICLE_ID,ID_NUMBER,TYPE_ID,TERMINAL_ID,DELETE_FLAG,COLOR_ID_NUMBER_ID,AUTHORIZED_PAY_MASS) values ('B0000804','2600241', '测B06240', 4, 260241, 0, '2',15);

insert into T_SIMINFO (SIM_ID, ORG_CODE, DEPTCODE, STATE,PAY_MODLE, SIM_NUM) values(26242, 'B0000804', '中国移动', 1, '预付费', 13100006241);
insert into T_TERMINALINFO (TERMINAL_ID,TTYPE_ID,SIM_ID,TERMINAL_CODE,ORG_CODE,IS_VIDEO_TERMINAL,SP_SERVER_NAME,PROTOCOL_TYPE,CHANNELS,YT_PROTOCOL_TYPE) values(260242, 4, 26242, '1006241', 'B0000804',1,'1076测试服务器','4',8,'0');
insert into V_VEHICLEINFO (ORG_CODE,VEHICLE_ID,ID_NUMBER,TYPE_ID,TERMINAL_ID,DELETE_FLAG,COLOR_ID_NUMBER_ID,AUTHORIZED_PAY_MASS) values ('B0000804','2600242', '测B06241', 4, 260242, 0, '2',15);

insert into T_SIMINFO (SIM_ID, ORG_CODE, DEPTCODE, STATE,PAY_MODLE, SIM_NUM) values(26243, 'B0000804', '中国移动', 1, '预付费', 13100006242);
insert into T_TERMINALINFO (TERMINAL_ID,TTYPE_ID,SIM_ID,TERMINAL_CODE,ORG_CODE,IS_VIDEO_TERMINAL,SP_SERVER_NAME,PROTOCOL_TYPE,CHANNELS,YT_PROTOCOL_TYPE) values(260243, 4, 26243, '1006242', 'B0000804',1,'1076测试服务器','4',8,'0');
insert into V_VEHICLEINFO (ORG_CODE,VEHICLE_ID,ID_NUMBER,TYPE_ID,TERMINAL_ID,DELETE_FLAG,COLOR_ID_NUMBER_ID,AUTHORIZED_PAY_MASS) values ('B0000804','2600243', '测B06242', 4, 260243, 0, '2',15);

insert into T_SIMINFO (SIM_ID, ORG_CODE, DEPTCODE, STATE,PAY_MODLE, SIM_NUM) values(26244, 'B0000804', '中国移动', 1, '预付费', 13100006243);
insert into T_TERMINALINFO (TERMINAL_ID,TTYPE_ID,SIM_ID,TERMINAL_CODE,ORG_CODE,IS_VIDEO_TERMINAL,SP_SERVER_NAME,PROTOCOL_TYPE,CHANNELS,YT_PROTOCOL_TYPE) values(260244, 4, 26244, '1006243', 'B0000804',1,'1076测试服务器','4',8,'0');
insert into V_VEHICLEINFO (ORG_CODE,VEHICLE_ID,ID_NUMBER,TYPE_ID,TERMINAL_ID,DELETE_FLAG,COLOR_ID_NUMBER_ID,AUTHORIZED_PAY_MASS) values ('B0000804','2600244', '测B06243', 4, 260244, 0, '2',15);

insert into T_SIMINFO (SIM_ID, ORG_CODE, DEPTCODE, STATE,PAY_MODLE, SIM_NUM) values(26245, 'B0000804', '中国移动', 1, '预付费', 13100006244);
insert into T_TERMINALINFO (TERMINAL_ID,TTYPE_ID,SIM_ID,TERMINAL_CODE,ORG_CODE,IS_VIDEO_TERMINAL,SP_SERVER_NAME,PROTOCOL_TYPE,CHANNELS,YT_PROTOCOL_TYPE) values(260245, 4, 26245, '1006244', 'B0000804',1,'1076测试服务器','4',8,'0');
insert into V_VEHICLEINFO (ORG_CODE,VEHICLE_ID,ID_NUMBER,TYPE_ID,TERMINAL_ID,DELETE_FLAG,COLOR_ID_NUMBER_ID,AUTHORIZED_PAY_MASS) values ('B0000804','2600245', '测B06244', 4, 260245, 0, '2',15);

insert into T_SIMINFO (SIM_ID, ORG_CODE, DEPTCODE, STATE,PAY_MODLE, SIM_NUM) values(26246, 'B0000804', '中国移动', 1, '预付费', 13100006245);
insert into T_TERMINALINFO (TERMINAL_ID,TTYPE_ID,SIM_ID,TERMINAL_CODE,ORG_CODE,IS_VIDEO_TERMINAL,SP_SERVER_NAME,PROTOCOL_TYPE,CHANNELS,YT_PROTOCOL_TYPE) values(260246, 4, 26246, '1006245', 'B0000804',1,'1076测试服务器','4',8,'0');
insert into V_VEHICLEINFO (ORG_CODE,VEHICLE_ID,ID_NUMBER,TYPE_ID,TERMINAL_ID,DELETE_FLAG,COLOR_ID_NUMBER_ID,AUTHORIZED_PAY_MASS) values ('B0000804','2600246', '测B06245', 4, 260246, 0, '2',15);

insert into T_SIMINFO (SIM_ID, ORG_CODE, DEPTCODE, STATE,PAY_MODLE, SIM_NUM) values(26247, 'B0000804', '中国移动', 1, '预付费', 13100006246);
insert into T_TERMINALINFO (TERMINAL_ID,TTYPE_ID,SIM_ID,TERMINAL_CODE,ORG_CODE,IS_VIDEO_TERMINAL,SP_SERVER_NAME,PROTOCOL_TYPE,CHANNELS,YT_PROTOCOL_TYPE) values(260247, 4, 26247, '1006246', 'B0000804',1,'1076测试服务器','4',8,'0');
insert into V_VEHICLEINFO (ORG_CODE,VEHICLE_ID,ID_NUMBER,TYPE_ID,TERMINAL_ID,DELETE_FLAG,COLOR_ID_NUMBER_ID,AUTHORIZED_PAY_MASS) values ('B0000804','2600247', '测B06246', 4, 260247, 0, '2',15);

insert into T_SIMINFO (SIM_ID, ORG_CODE, DEPTCODE, STATE,PAY_MODLE, SIM_NUM) values(26248, 'B0000804', '中国移动', 1, '预付费', 13100006247);
insert into T_TERMINALINFO (TERMINAL_ID,TTYPE_ID,SIM_ID,TERMINAL_CODE,ORG_CODE,IS_VIDEO_TERMINAL,SP_SERVER_NAME,PROTOCOL_TYPE,CHANNELS,YT_PROTOCOL_TYPE) values(260248, 4, 26248, '1006247', 'B0000804',1,'1076测试服务器','4',8,'0');
insert into V_VEHICLEINFO (ORG_CODE,VEHICLE_ID,ID_NUMBER,TYPE_ID,TERMINAL_ID,DELETE_FLAG,COLOR_ID_NUMBER_ID,AUTHORIZED_PAY_MASS) values ('B0000804','2600248', '测B06247', 4, 260248, 0, '2',15);

insert into T_SIMINFO (SIM_ID, ORG_CODE, DEPTCODE, STATE,PAY_MODLE, SIM_NUM) values(26249, 'B0000804', '中国移动', 1, '预付费', 13100006248);
insert into T_TERMINALINFO (TERMINAL_ID,TTYPE_ID,SIM_ID,TERMINAL_CODE,ORG_CODE,IS_VIDEO_TERMINAL,SP_SERVER_NAME,PROTOCOL_TYPE,CHANNELS,YT_PROTOCOL_TYPE) values(260249, 4, 26249, '1006248', 'B0000804',1,'1076测试服务器','4',8,'0');
insert into V_VEHICLEINFO (ORG_CODE,VEHICLE_ID,ID_NUMBER,TYPE_ID,TERMINAL_ID,DELETE_FLAG,COLOR_ID_NUMBER_ID,AUTHORIZED_PAY_MASS) values ('B0000804','2600249', '测B06248', 4, 260249, 0, '2',15);

insert into T_SIMINFO (SIM_ID, ORG_CODE, DEPTCODE, STATE,PAY_MODLE, SIM_NUM) values(26250, 'B0000804', '中国移动', 1, '预付费', 13100006249);
insert into T_TERMINALINFO (TERMINAL_ID,TTYPE_ID,SIM_ID,TERMINAL_CODE,ORG_CODE,IS_VIDEO_TERMINAL,SP_SERVER_NAME,PROTOCOL_TYPE,CHANNELS,YT_PROTOCOL_TYPE) values(260250, 4, 26250, '1006249', 'B0000804',1,'1076测试服务器','4',8,'0');
insert into V_VEHICLEINFO (ORG_CODE,VEHICLE_ID,ID_NUMBER,TYPE_ID,TERMINAL_ID,DELETE_FLAG,COLOR_ID_NUMBER_ID,AUTHORIZED_PAY_MASS) values ('B0000804','2600250', '测B06249', 4, 260250, 0, '2',15);

insert into T_SIMINFO (SIM_ID, ORG_CODE, DEPTCODE, STATE,PAY_MODLE, SIM_NUM) values(26251, 'B0000804', '中国移动', 1, '预付费', 13100006250);
insert into T_TERMINALINFO (TERMINAL_ID,TTYPE_ID,SIM_ID,TERMINAL_CODE,ORG_CODE,IS_VIDEO_TERMINAL,SP_SERVER_NAME,PROTOCOL_TYPE,CHANNELS,YT_PROTOCOL_TYPE) values(260251, 4, 26251, '1006250', 'B0000804',1,'1076测试服务器','4',8,'0');
insert into V_VEHICLEINFO (ORG_CODE,VEHICLE_ID,ID_NUMBER,TYPE_ID,TERMINAL_ID,DELETE_FLAG,COLOR_ID_NUMBER_ID,AUTHORIZED_PAY_MASS) values ('B0000804','2600251', '测B06250', 4, 260251, 0, '2',15);

insert into T_SIMINFO (SIM_ID, ORG_CODE, DEPTCODE, STATE,PAY_MODLE, SIM_NUM) values(26252, 'B0000804', '中国移动', 1, '预付费', 13100006251);
insert into T_TERMINALINFO (TERMINAL_ID,TTYPE_ID,SIM_ID,TERMINAL_CODE,ORG_CODE,IS_VIDEO_TERMINAL,SP_SERVER_NAME,PROTOCOL_TYPE,CHANNELS,YT_PROTOCOL_TYPE) values(260252, 4, 26252, '1006251', 'B0000804',1,'1076测试服务器','4',8,'0');
insert into V_VEHICLEINFO (ORG_CODE,VEHICLE_ID,ID_NUMBER,TYPE_ID,TERMINAL_ID,DELETE_FLAG,COLOR_ID_NUMBER_ID,AUTHORIZED_PAY_MASS) values ('B0000804','2600252', '测B06251', 4, 260252, 0, '2',15);

insert into T_SIMINFO (SIM_ID, ORG_CODE, DEPTCODE, STATE,PAY_MODLE, SIM_NUM) values(26253, 'B0000804', '中国移动', 1, '预付费', 13100006252);
insert into T_TERMINALINFO (TERMINAL_ID,TTYPE_ID,SIM_ID,TERMINAL_CODE,ORG_CODE,IS_VIDEO_TERMINAL,SP_SERVER_NAME,PROTOCOL_TYPE,CHANNELS,YT_PROTOCOL_TYPE) values(260253, 4, 26253, '1006252', 'B0000804',1,'1076测试服务器','4',8,'0');
insert into V_VEHICLEINFO (ORG_CODE,VEHICLE_ID,ID_NUMBER,TYPE_ID,TERMINAL_ID,DELETE_FLAG,COLOR_ID_NUMBER_ID,AUTHORIZED_PAY_MASS) values ('B0000804','2600253', '测B06252', 4, 260253, 0, '2',15);

insert into T_SIMINFO (SIM_ID, ORG_CODE, DEPTCODE, STATE,PAY_MODLE, SIM_NUM) values(26254, 'B0000804', '中国移动', 1, '预付费', 13100006253);
insert into T_TERMINALINFO (TERMINAL_ID,TTYPE_ID,SIM_ID,TERMINAL_CODE,ORG_CODE,IS_VIDEO_TERMINAL,SP_SERVER_NAME,PROTOCOL_TYPE,CHANNELS,YT_PROTOCOL_TYPE) values(260254, 4, 26254, '1006253', 'B0000804',1,'1076测试服务器','4',8,'0');
insert into V_VEHICLEINFO (ORG_CODE,VEHICLE_ID,ID_NUMBER,TYPE_ID,TERMINAL_ID,DELETE_FLAG,COLOR_ID_NUMBER_ID,AUTHORIZED_PAY_MASS) values ('B0000804','2600254', '测B06253', 4, 260254, 0, '2',15);

insert into T_SIMINFO (SIM_ID, ORG_CODE, DEPTCODE, STATE,PAY_MODLE, SIM_NUM) values(26255, 'B0000804', '中国移动', 1, '预付费', 13100006254);
insert into T_TERMINALINFO (TERMINAL_ID,TTYPE_ID,SIM_ID,TERMINAL_CODE,ORG_CODE,IS_VIDEO_TERMINAL,SP_SERVER_NAME,PROTOCOL_TYPE,CHANNELS,YT_PROTOCOL_TYPE) values(260255, 4, 26255, '1006254', 'B0000804',1,'1076测试服务器','4',8,'0');
insert into V_VEHICLEINFO (ORG_CODE,VEHICLE_ID,ID_NUMBER,TYPE_ID,TERMINAL_ID,DELETE_FLAG,COLOR_ID_NUMBER_ID,AUTHORIZED_PAY_MASS) values ('B0000804','2600255', '测B06254', 4, 260255, 0, '2',15);

insert into T_SIMINFO (SIM_ID, ORG_CODE, DEPTCODE, STATE,PAY_MODLE, SIM_NUM) values(26256, 'B0000804', '中国移动', 1, '预付费', 13100006255);
insert into T_TERMINALINFO (TERMINAL_ID,TTYPE_ID,SIM_ID,TERMINAL_CODE,ORG_CODE,IS_VIDEO_TERMINAL,SP_SERVER_NAME,PROTOCOL_TYPE,CHANNELS,YT_PROTOCOL_TYPE) values(260256, 4, 26256, '1006255', 'B0000804',1,'1076测试服务器','4',8,'0');
insert into V_VEHICLEINFO (ORG_CODE,VEHICLE_ID,ID_NUMBER,TYPE_ID,TERMINAL_ID,DELETE_FLAG,COLOR_ID_NUMBER_ID,AUTHORIZED_PAY_MASS) values ('B0000804','2600256', '测B06255', 4, 260256, 0, '2',15);

insert into T_SIMINFO (SIM_ID, ORG_CODE, DEPTCODE, STATE,PAY_MODLE, SIM_NUM) values(26257, 'B0000804', '中国移动', 1, '预付费', 13100006256);
insert into T_TERMINALINFO (TERMINAL_ID,TTYPE_ID,SIM_ID,TERMINAL_CODE,ORG_CODE,IS_VIDEO_TERMINAL,SP_SERVER_NAME,PROTOCOL_TYPE,CHANNELS,YT_PROTOCOL_TYPE) values(260257, 4, 26257, '1006256', 'B0000804',1,'1076测试服务器','4',8,'0');
insert into V_VEHICLEINFO (ORG_CODE,VEHICLE_ID,ID_NUMBER,TYPE_ID,TERMINAL_ID,DELETE_FLAG,COLOR_ID_NUMBER_ID,AUTHORIZED_PAY_MASS) values ('B0000804','2600257', '测B06256', 4, 260257, 0, '2',15);

insert into T_SIMINFO (SIM_ID, ORG_CODE, DEPTCODE, STATE,PAY_MODLE, SIM_NUM) values(26258, 'B0000804', '中国移动', 1, '预付费', 13100006257);
insert into T_TERMINALINFO (TERMINAL_ID,TTYPE_ID,SIM_ID,TERMINAL_CODE,ORG_CODE,IS_VIDEO_TERMINAL,SP_SERVER_NAME,PROTOCOL_TYPE,CHANNELS,YT_PROTOCOL_TYPE) values(260258, 4, 26258, '1006257', 'B0000804',1,'1076测试服务器','4',8,'0');
insert into V_VEHICLEINFO (ORG_CODE,VEHICLE_ID,ID_NUMBER,TYPE_ID,TERMINAL_ID,DELETE_FLAG,COLOR_ID_NUMBER_ID,AUTHORIZED_PAY_MASS) values ('B0000804','2600258', '测B06257', 4, 260258, 0, '2',15);

insert into T_SIMINFO (SIM_ID, ORG_CODE, DEPTCODE, STATE,PAY_MODLE, SIM_NUM) values(26259, 'B0000804', '中国移动', 1, '预付费', 13100006258);
insert into T_TERMINALINFO (TERMINAL_ID,TTYPE_ID,SIM_ID,TERMINAL_CODE,ORG_CODE,IS_VIDEO_TERMINAL,SP_SERVER_NAME,PROTOCOL_TYPE,CHANNELS,YT_PROTOCOL_TYPE) values(260259, 4, 26259, '1006258', 'B0000804',1,'1076测试服务器','4',8,'0');
insert into V_VEHICLEINFO (ORG_CODE,VEHICLE_ID,ID_NUMBER,TYPE_ID,TERMINAL_ID,DELETE_FLAG,COLOR_ID_NUMBER_ID,AUTHORIZED_PAY_MASS) values ('B0000804','2600259', '测B06258', 4, 260259, 0, '2',15);

insert into T_SIMINFO (SIM_ID, ORG_CODE, DEPTCODE, STATE,PAY_MODLE, SIM_NUM) values(26260, 'B0000804', '中国移动', 1, '预付费', 13100006259);
insert into T_TERMINALINFO (TERMINAL_ID,TTYPE_ID,SIM_ID,TERMINAL_CODE,ORG_CODE,IS_VIDEO_TERMINAL,SP_SERVER_NAME,PROTOCOL_TYPE,CHANNELS,YT_PROTOCOL_TYPE) values(260260, 4, 26260, '1006259', 'B0000804',1,'1076测试服务器','4',8,'0');
insert into V_VEHICLEINFO (ORG_CODE,VEHICLE_ID,ID_NUMBER,TYPE_ID,TERMINAL_ID,DELETE_FLAG,COLOR_ID_NUMBER_ID,AUTHORIZED_PAY_MASS) values ('B0000804','2600260', '测B06259', 4, 260260, 0, '2',15);

insert into T_SIMINFO (SIM_ID, ORG_CODE, DEPTCODE, STATE,PAY_MODLE, SIM_NUM) values(26261, 'B0000804', '中国移动', 1, '预付费', 13100006260);
insert into T_TERMINALINFO (TERMINAL_ID,TTYPE_ID,SIM_ID,TERMINAL_CODE,ORG_CODE,IS_VIDEO_TERMINAL,SP_SERVER_NAME,PROTOCOL_TYPE,CHANNELS,YT_PROTOCOL_TYPE) values(260261, 4, 26261, '1006260', 'B0000804',1,'1076测试服务器','4',8,'0');
insert into V_VEHICLEINFO (ORG_CODE,VEHICLE_ID,ID_NUMBER,TYPE_ID,TERMINAL_ID,DELETE_FLAG,COLOR_ID_NUMBER_ID,AUTHORIZED_PAY_MASS) values ('B0000804','2600261', '测B06260', 4, 260261, 0, '2',15);

insert into T_SIMINFO (SIM_ID, ORG_CODE, DEPTCODE, STATE,PAY_MODLE, SIM_NUM) values(26262, 'B0000804', '中国移动', 1, '预付费', 13100006261);
insert into T_TERMINALINFO (TERMINAL_ID,TTYPE_ID,SIM_ID,TERMINAL_CODE,ORG_CODE,IS_VIDEO_TERMINAL,SP_SERVER_NAME,PROTOCOL_TYPE,CHANNELS,YT_PROTOCOL_TYPE) values(260262, 4, 26262, '1006261', 'B0000804',1,'1076测试服务器','4',8,'0');
insert into V_VEHICLEINFO (ORG_CODE,VEHICLE_ID,ID_NUMBER,TYPE_ID,TERMINAL_ID,DELETE_FLAG,COLOR_ID_NUMBER_ID,AUTHORIZED_PAY_MASS) values ('B0000804','2600262', '测B06261', 4, 260262, 0, '2',15);

insert into T_SIMINFO (SIM_ID, ORG_CODE, DEPTCODE, STATE,PAY_MODLE, SIM_NUM) values(26263, 'B0000804', '中国移动', 1, '预付费', 13100006262);
insert into T_TERMINALINFO (TERMINAL_ID,TTYPE_ID,SIM_ID,TERMINAL_CODE,ORG_CODE,IS_VIDEO_TERMINAL,SP_SERVER_NAME,PROTOCOL_TYPE,CHANNELS,YT_PROTOCOL_TYPE) values(260263, 4, 26263, '1006262', 'B0000804',1,'1076测试服务器','4',8,'0');
insert into V_VEHICLEINFO (ORG_CODE,VEHICLE_ID,ID_NUMBER,TYPE_ID,TERMINAL_ID,DELETE_FLAG,COLOR_ID_NUMBER_ID,AUTHORIZED_PAY_MASS) values ('B0000804','2600263', '测B06262', 4, 260263, 0, '2',15);

insert into T_SIMINFO (SIM_ID, ORG_CODE, DEPTCODE, STATE,PAY_MODLE, SIM_NUM) values(26264, 'B0000804', '中国移动', 1, '预付费', 13100006263);
insert into T_TERMINALINFO (TERMINAL_ID,TTYPE_ID,SIM_ID,TERMINAL_CODE,ORG_CODE,IS_VIDEO_TERMINAL,SP_SERVER_NAME,PROTOCOL_TYPE,CHANNELS,YT_PROTOCOL_TYPE) values(260264, 4, 26264, '1006263', 'B0000804',1,'1076测试服务器','4',8,'0');
insert into V_VEHICLEINFO (ORG_CODE,VEHICLE_ID,ID_NUMBER,TYPE_ID,TERMINAL_ID,DELETE_FLAG,COLOR_ID_NUMBER_ID,AUTHORIZED_PAY_MASS) values ('B0000804','2600264', '测B06263', 4, 260264, 0, '2',15);

insert into T_SIMINFO (SIM_ID, ORG_CODE, DEPTCODE, STATE,PAY_MODLE, SIM_NUM) values(26265, 'B0000804', '中国移动', 1, '预付费', 13100006264);
insert into T_TERMINALINFO (TERMINAL_ID,TTYPE_ID,SIM_ID,TERMINAL_CODE,ORG_CODE,IS_VIDEO_TERMINAL,SP_SERVER_NAME,PROTOCOL_TYPE,CHANNELS,YT_PROTOCOL_TYPE) values(260265, 4, 26265, '1006264', 'B0000804',1,'1076测试服务器','4',8,'0');
insert into V_VEHICLEINFO (ORG_CODE,VEHICLE_ID,ID_NUMBER,TYPE_ID,TERMINAL_ID,DELETE_FLAG,COLOR_ID_NUMBER_ID,AUTHORIZED_PAY_MASS) values ('B0000804','2600265', '测B06264', 4, 260265, 0, '2',15);

insert into T_SIMINFO (SIM_ID, ORG_CODE, DEPTCODE, STATE,PAY_MODLE, SIM_NUM) values(26266, 'B0000804', '中国移动', 1, '预付费', 13100006265);
insert into T_TERMINALINFO (TERMINAL_ID,TTYPE_ID,SIM_ID,TERMINAL_CODE,ORG_CODE,IS_VIDEO_TERMINAL,SP_SERVER_NAME,PROTOCOL_TYPE,CHANNELS,YT_PROTOCOL_TYPE) values(260266, 4, 26266, '1006265', 'B0000804',1,'1076测试服务器','4',8,'0');
insert into V_VEHICLEINFO (ORG_CODE,VEHICLE_ID,ID_NUMBER,TYPE_ID,TERMINAL_ID,DELETE_FLAG,COLOR_ID_NUMBER_ID,AUTHORIZED_PAY_MASS) values ('B0000804','2600266', '测B06265', 4, 260266, 0, '2',15);

insert into T_SIMINFO (SIM_ID, ORG_CODE, DEPTCODE, STATE,PAY_MODLE, SIM_NUM) values(26267, 'B0000804', '中国移动', 1, '预付费', 13100006266);
insert into T_TERMINALINFO (TERMINAL_ID,TTYPE_ID,SIM_ID,TERMINAL_CODE,ORG_CODE,IS_VIDEO_TERMINAL,SP_SERVER_NAME,PROTOCOL_TYPE,CHANNELS,YT_PROTOCOL_TYPE) values(260267, 4, 26267, '1006266', 'B0000804',1,'1076测试服务器','4',8,'0');
insert into V_VEHICLEINFO (ORG_CODE,VEHICLE_ID,ID_NUMBER,TYPE_ID,TERMINAL_ID,DELETE_FLAG,COLOR_ID_NUMBER_ID,AUTHORIZED_PAY_MASS) values ('B0000804','2600267', '测B06266', 4, 260267, 0, '2',15);

insert into T_SIMINFO (SIM_ID, ORG_CODE, DEPTCODE, STATE,PAY_MODLE, SIM_NUM) values(26268, 'B0000804', '中国移动', 1, '预付费', 13100006267);
insert into T_TERMINALINFO (TERMINAL_ID,TTYPE_ID,SIM_ID,TERMINAL_CODE,ORG_CODE,IS_VIDEO_TERMINAL,SP_SERVER_NAME,PROTOCOL_TYPE,CHANNELS,YT_PROTOCOL_TYPE) values(260268, 4, 26268, '1006267', 'B0000804',1,'1076测试服务器','4',8,'0');
insert into V_VEHICLEINFO (ORG_CODE,VEHICLE_ID,ID_NUMBER,TYPE_ID,TERMINAL_ID,DELETE_FLAG,COLOR_ID_NUMBER_ID,AUTHORIZED_PAY_MASS) values ('B0000804','2600268', '测B06267', 4, 260268, 0, '2',15);

insert into T_SIMINFO (SIM_ID, ORG_CODE, DEPTCODE, STATE,PAY_MODLE, SIM_NUM) values(26269, 'B0000804', '中国移动', 1, '预付费', 13100006268);
insert into T_TERMINALINFO (TERMINAL_ID,TTYPE_ID,SIM_ID,TERMINAL_CODE,ORG_CODE,IS_VIDEO_TERMINAL,SP_SERVER_NAME,PROTOCOL_TYPE,CHANNELS,YT_PROTOCOL_TYPE) values(260269, 4, 26269, '1006268', 'B0000804',1,'1076测试服务器','4',8,'0');
insert into V_VEHICLEINFO (ORG_CODE,VEHICLE_ID,ID_NUMBER,TYPE_ID,TERMINAL_ID,DELETE_FLAG,COLOR_ID_NUMBER_ID,AUTHORIZED_PAY_MASS) values ('B0000804','2600269', '测B06268', 4, 260269, 0, '2',15);

insert into T_SIMINFO (SIM_ID, ORG_CODE, DEPTCODE, STATE,PAY_MODLE, SIM_NUM) values(26270, 'B0000804', '中国移动', 1, '预付费', 13100006269);
insert into T_TERMINALINFO (TERMINAL_ID,TTYPE_ID,SIM_ID,TERMINAL_CODE,ORG_CODE,IS_VIDEO_TERMINAL,SP_SERVER_NAME,PROTOCOL_TYPE,CHANNELS,YT_PROTOCOL_TYPE) values(260270, 4, 26270, '1006269', 'B0000804',1,'1076测试服务器','4',8,'0');
insert into V_VEHICLEINFO (ORG_CODE,VEHICLE_ID,ID_NUMBER,TYPE_ID,TERMINAL_ID,DELETE_FLAG,COLOR_ID_NUMBER_ID,AUTHORIZED_PAY_MASS) values ('B0000804','2600270', '测B06269', 4, 260270, 0, '2',15);

insert into T_SIMINFO (SIM_ID, ORG_CODE, DEPTCODE, STATE,PAY_MODLE, SIM_NUM) values(26271, 'B0000804', '中国移动', 1, '预付费', 13100006270);
insert into T_TERMINALINFO (TERMINAL_ID,TTYPE_ID,SIM_ID,TERMINAL_CODE,ORG_CODE,IS_VIDEO_TERMINAL,SP_SERVER_NAME,PROTOCOL_TYPE,CHANNELS,YT_PROTOCOL_TYPE) values(260271, 4, 26271, '1006270', 'B0000804',1,'1076测试服务器','4',8,'0');
insert into V_VEHICLEINFO (ORG_CODE,VEHICLE_ID,ID_NUMBER,TYPE_ID,TERMINAL_ID,DELETE_FLAG,COLOR_ID_NUMBER_ID,AUTHORIZED_PAY_MASS) values ('B0000804','2600271', '测B06270', 4, 260271, 0, '2',15);

insert into T_SIMINFO (SIM_ID, ORG_CODE, DEPTCODE, STATE,PAY_MODLE, SIM_NUM) values(26272, 'B0000804', '中国移动', 1, '预付费', 13100006271);
insert into T_TERMINALINFO (TERMINAL_ID,TTYPE_ID,SIM_ID,TERMINAL_CODE,ORG_CODE,IS_VIDEO_TERMINAL,SP_SERVER_NAME,PROTOCOL_TYPE,CHANNELS,YT_PROTOCOL_TYPE) values(260272, 4, 26272, '1006271', 'B0000804',1,'1076测试服务器','4',8,'0');
insert into V_VEHICLEINFO (ORG_CODE,VEHICLE_ID,ID_NUMBER,TYPE_ID,TERMINAL_ID,DELETE_FLAG,COLOR_ID_NUMBER_ID,AUTHORIZED_PAY_MASS) values ('B0000804','2600272', '测B06271', 4, 260272, 0, '2',15);

insert into T_SIMINFO (SIM_ID, ORG_CODE, DEPTCODE, STATE,PAY_MODLE, SIM_NUM) values(26273, 'B0000804', '中国移动', 1, '预付费', 13100006272);
insert into T_TERMINALINFO (TERMINAL_ID,TTYPE_ID,SIM_ID,TERMINAL_CODE,ORG_CODE,IS_VIDEO_TERMINAL,SP_SERVER_NAME,PROTOCOL_TYPE,CHANNELS,YT_PROTOCOL_TYPE) values(260273, 4, 26273, '1006272', 'B0000804',1,'1076测试服务器','4',8,'0');
insert into V_VEHICLEINFO (ORG_CODE,VEHICLE_ID,ID_NUMBER,TYPE_ID,TERMINAL_ID,DELETE_FLAG,COLOR_ID_NUMBER_ID,AUTHORIZED_PAY_MASS) values ('B0000804','2600273', '测B06272', 4, 260273, 0, '2',15);

insert into T_SIMINFO (SIM_ID, ORG_CODE, DEPTCODE, STATE,PAY_MODLE, SIM_NUM) values(26274, 'B0000804', '中国移动', 1, '预付费', 13100006273);
insert into T_TERMINALINFO (TERMINAL_ID,TTYPE_ID,SIM_ID,TERMINAL_CODE,ORG_CODE,IS_VIDEO_TERMINAL,SP_SERVER_NAME,PROTOCOL_TYPE,CHANNELS,YT_PROTOCOL_TYPE) values(260274, 4, 26274, '1006273', 'B0000804',1,'1076测试服务器','4',8,'0');
insert into V_VEHICLEINFO (ORG_CODE,VEHICLE_ID,ID_NUMBER,TYPE_ID,TERMINAL_ID,DELETE_FLAG,COLOR_ID_NUMBER_ID,AUTHORIZED_PAY_MASS) values ('B0000804','2600274', '测B06273', 4, 260274, 0, '2',15);

insert into T_SIMINFO (SIM_ID, ORG_CODE, DEPTCODE, STATE,PAY_MODLE, SIM_NUM) values(26275, 'B0000804', '中国移动', 1, '预付费', 13100006274);
insert into T_TERMINALINFO (TERMINAL_ID,TTYPE_ID,SIM_ID,TERMINAL_CODE,ORG_CODE,IS_VIDEO_TERMINAL,SP_SERVER_NAME,PROTOCOL_TYPE,CHANNELS,YT_PROTOCOL_TYPE) values(260275, 4, 26275, '1006274', 'B0000804',1,'1076测试服务器','4',8,'0');
insert into V_VEHICLEINFO (ORG_CODE,VEHICLE_ID,ID_NUMBER,TYPE_ID,TERMINAL_ID,DELETE_FLAG,COLOR_ID_NUMBER_ID,AUTHORIZED_PAY_MASS) values ('B0000804','2600275', '测B06274', 4, 260275, 0, '2',15);

insert into T_SIMINFO (SIM_ID, ORG_CODE, DEPTCODE, STATE,PAY_MODLE, SIM_NUM) values(26276, 'B0000804', '中国移动', 1, '预付费', 13100006275);
insert into T_TERMINALINFO (TERMINAL_ID,TTYPE_ID,SIM_ID,TERMINAL_CODE,ORG_CODE,IS_VIDEO_TERMINAL,SP_SERVER_NAME,PROTOCOL_TYPE,CHANNELS,YT_PROTOCOL_TYPE) values(260276, 4, 26276, '1006275', 'B0000804',1,'1076测试服务器','4',8,'0');
insert into V_VEHICLEINFO (ORG_CODE,VEHICLE_ID,ID_NUMBER,TYPE_ID,TERMINAL_ID,DELETE_FLAG,COLOR_ID_NUMBER_ID,AUTHORIZED_PAY_MASS) values ('B0000804','2600276', '测B06275', 4, 260276, 0, '2',15);

insert into T_SIMINFO (SIM_ID, ORG_CODE, DEPTCODE, STATE,PAY_MODLE, SIM_NUM) values(26277, 'B0000804', '中国移动', 1, '预付费', 13100006276);
insert into T_TERMINALINFO (TERMINAL_ID,TTYPE_ID,SIM_ID,TERMINAL_CODE,ORG_CODE,IS_VIDEO_TERMINAL,SP_SERVER_NAME,PROTOCOL_TYPE,CHANNELS,YT_PROTOCOL_TYPE) values(260277, 4, 26277, '1006276', 'B0000804',1,'1076测试服务器','4',8,'0');
insert into V_VEHICLEINFO (ORG_CODE,VEHICLE_ID,ID_NUMBER,TYPE_ID,TERMINAL_ID,DELETE_FLAG,COLOR_ID_NUMBER_ID,AUTHORIZED_PAY_MASS) values ('B0000804','2600277', '测B06276', 4, 260277, 0, '2',15);

insert into T_SIMINFO (SIM_ID, ORG_CODE, DEPTCODE, STATE,PAY_MODLE, SIM_NUM) values(26278, 'B0000804', '中国移动', 1, '预付费', 13100006277);
insert into T_TERMINALINFO (TERMINAL_ID,TTYPE_ID,SIM_ID,TERMINAL_CODE,ORG_CODE,IS_VIDEO_TERMINAL,SP_SERVER_NAME,PROTOCOL_TYPE,CHANNELS,YT_PROTOCOL_TYPE) values(260278, 4, 26278, '1006277', 'B0000804',1,'1076测试服务器','4',8,'0');
insert into V_VEHICLEINFO (ORG_CODE,VEHICLE_ID,ID_NUMBER,TYPE_ID,TERMINAL_ID,DELETE_FLAG,COLOR_ID_NUMBER_ID,AUTHORIZED_PAY_MASS) values ('B0000804','2600278', '测B06277', 4, 260278, 0, '2',15);

insert into T_SIMINFO (SIM_ID, ORG_CODE, DEPTCODE, STATE,PAY_MODLE, SIM_NUM) values(26279, 'B0000804', '中国移动', 1, '预付费', 13100006278);
insert into T_TERMINALINFO (TERMINAL_ID,TTYPE_ID,SIM_ID,TERMINAL_CODE,ORG_CODE,IS_VIDEO_TERMINAL,SP_SERVER_NAME,PROTOCOL_TYPE,CHANNELS,YT_PROTOCOL_TYPE) values(260279, 4, 26279, '1006278', 'B0000804',1,'1076测试服务器','4',8,'0');
insert into V_VEHICLEINFO (ORG_CODE,VEHICLE_ID,ID_NUMBER,TYPE_ID,TERMINAL_ID,DELETE_FLAG,COLOR_ID_NUMBER_ID,AUTHORIZED_PAY_MASS) values ('B0000804','2600279', '测B06278', 4, 260279, 0, '2',15);

insert into T_SIMINFO (SIM_ID, ORG_CODE, DEPTCODE, STATE,PAY_MODLE, SIM_NUM) values(26280, 'B0000804', '中国移动', 1, '预付费', 13100006279);
insert into T_TERMINALINFO (TERMINAL_ID,TTYPE_ID,SIM_ID,TERMINAL_CODE,ORG_CODE,IS_VIDEO_TERMINAL,SP_SERVER_NAME,PROTOCOL_TYPE,CHANNELS,YT_PROTOCOL_TYPE) values(260280, 4, 26280, '1006279', 'B0000804',1,'1076测试服务器','4',8,'0');
insert into V_VEHICLEINFO (ORG_CODE,VEHICLE_ID,ID_NUMBER,TYPE_ID,TERMINAL_ID,DELETE_FLAG,COLOR_ID_NUMBER_ID,AUTHORIZED_PAY_MASS) values ('B0000804','2600280', '测B06279', 4, 260280, 0, '2',15);

insert into T_SIMINFO (SIM_ID, ORG_CODE, DEPTCODE, STATE,PAY_MODLE, SIM_NUM) values(26281, 'B0000804', '中国移动', 1, '预付费', 13100006280);
insert into T_TERMINALINFO (TERMINAL_ID,TTYPE_ID,SIM_ID,TERMINAL_CODE,ORG_CODE,IS_VIDEO_TERMINAL,SP_SERVER_NAME,PROTOCOL_TYPE,CHANNELS,YT_PROTOCOL_TYPE) values(260281, 4, 26281, '1006280', 'B0000804',1,'1076测试服务器','4',8,'0');
insert into V_VEHICLEINFO (ORG_CODE,VEHICLE_ID,ID_NUMBER,TYPE_ID,TERMINAL_ID,DELETE_FLAG,COLOR_ID_NUMBER_ID,AUTHORIZED_PAY_MASS) values ('B0000804','2600281', '测B06280', 4, 260281, 0, '2',15);

insert into T_SIMINFO (SIM_ID, ORG_CODE, DEPTCODE, STATE,PAY_MODLE, SIM_NUM) values(26282, 'B0000804', '中国移动', 1, '预付费', 13100006281);
insert into T_TERMINALINFO (TERMINAL_ID,TTYPE_ID,SIM_ID,TERMINAL_CODE,ORG_CODE,IS_VIDEO_TERMINAL,SP_SERVER_NAME,PROTOCOL_TYPE,CHANNELS,YT_PROTOCOL_TYPE) values(260282, 4, 26282, '1006281', 'B0000804',1,'1076测试服务器','4',8,'0');
insert into V_VEHICLEINFO (ORG_CODE,VEHICLE_ID,ID_NUMBER,TYPE_ID,TERMINAL_ID,DELETE_FLAG,COLOR_ID_NUMBER_ID,AUTHORIZED_PAY_MASS) values ('B0000804','2600282', '测B06281', 4, 260282, 0, '2',15);

insert into T_SIMINFO (SIM_ID, ORG_CODE, DEPTCODE, STATE,PAY_MODLE, SIM_NUM) values(26283, 'B0000804', '中国移动', 1, '预付费', 13100006282);
insert into T_TERMINALINFO (TERMINAL_ID,TTYPE_ID,SIM_ID,TERMINAL_CODE,ORG_CODE,IS_VIDEO_TERMINAL,SP_SERVER_NAME,PROTOCOL_TYPE,CHANNELS,YT_PROTOCOL_TYPE) values(260283, 4, 26283, '1006282', 'B0000804',1,'1076测试服务器','4',8,'0');
insert into V_VEHICLEINFO (ORG_CODE,VEHICLE_ID,ID_NUMBER,TYPE_ID,TERMINAL_ID,DELETE_FLAG,COLOR_ID_NUMBER_ID,AUTHORIZED_PAY_MASS) values ('B0000804','2600283', '测B06282', 4, 260283, 0, '2',15);

insert into T_SIMINFO (SIM_ID, ORG_CODE, DEPTCODE, STATE,PAY_MODLE, SIM_NUM) values(26284, 'B0000804', '中国移动', 1, '预付费', 13100006283);
insert into T_TERMINALINFO (TERMINAL_ID,TTYPE_ID,SIM_ID,TERMINAL_CODE,ORG_CODE,IS_VIDEO_TERMINAL,SP_SERVER_NAME,PROTOCOL_TYPE,CHANNELS,YT_PROTOCOL_TYPE) values(260284, 4, 26284, '1006283', 'B0000804',1,'1076测试服务器','4',8,'0');
insert into V_VEHICLEINFO (ORG_CODE,VEHICLE_ID,ID_NUMBER,TYPE_ID,TERMINAL_ID,DELETE_FLAG,COLOR_ID_NUMBER_ID,AUTHORIZED_PAY_MASS) values ('B0000804','2600284', '测B06283', 4, 260284, 0, '2',15);

insert into T_SIMINFO (SIM_ID, ORG_CODE, DEPTCODE, STATE,PAY_MODLE, SIM_NUM) values(26285, 'B0000804', '中国移动', 1, '预付费', 13100006284);
insert into T_TERMINALINFO (TERMINAL_ID,TTYPE_ID,SIM_ID,TERMINAL_CODE,ORG_CODE,IS_VIDEO_TERMINAL,SP_SERVER_NAME,PROTOCOL_TYPE,CHANNELS,YT_PROTOCOL_TYPE) values(260285, 4, 26285, '1006284', 'B0000804',1,'1076测试服务器','4',8,'0');
insert into V_VEHICLEINFO (ORG_CODE,VEHICLE_ID,ID_NUMBER,TYPE_ID,TERMINAL_ID,DELETE_FLAG,COLOR_ID_NUMBER_ID,AUTHORIZED_PAY_MASS) values ('B0000804','2600285', '测B06284', 4, 260285, 0, '2',15);

insert into T_SIMINFO (SIM_ID, ORG_CODE, DEPTCODE, STATE,PAY_MODLE, SIM_NUM) values(26286, 'B0000804', '中国移动', 1, '预付费', 13100006285);
insert into T_TERMINALINFO (TERMINAL_ID,TTYPE_ID,SIM_ID,TERMINAL_CODE,ORG_CODE,IS_VIDEO_TERMINAL,SP_SERVER_NAME,PROTOCOL_TYPE,CHANNELS,YT_PROTOCOL_TYPE) values(260286, 4, 26286, '1006285', 'B0000804',1,'1076测试服务器','4',8,'0');
insert into V_VEHICLEINFO (ORG_CODE,VEHICLE_ID,ID_NUMBER,TYPE_ID,TERMINAL_ID,DELETE_FLAG,COLOR_ID_NUMBER_ID,AUTHORIZED_PAY_MASS) values ('B0000804','2600286', '测B06285', 4, 260286, 0, '2',15);

insert into T_SIMINFO (SIM_ID, ORG_CODE, DEPTCODE, STATE,PAY_MODLE, SIM_NUM) values(26287, 'B0000804', '中国移动', 1, '预付费', 13100006286);
insert into T_TERMINALINFO (TERMINAL_ID,TTYPE_ID,SIM_ID,TERMINAL_CODE,ORG_CODE,IS_VIDEO_TERMINAL,SP_SERVER_NAME,PROTOCOL_TYPE,CHANNELS,YT_PROTOCOL_TYPE) values(260287, 4, 26287, '1006286', 'B0000804',1,'1076测试服务器','4',8,'0');
insert into V_VEHICLEINFO (ORG_CODE,VEHICLE_ID,ID_NUMBER,TYPE_ID,TERMINAL_ID,DELETE_FLAG,COLOR_ID_NUMBER_ID,AUTHORIZED_PAY_MASS) values ('B0000804','2600287', '测B06286', 4, 260287, 0, '2',15);

insert into T_SIMINFO (SIM_ID, ORG_CODE, DEPTCODE, STATE,PAY_MODLE, SIM_NUM) values(26288, 'B0000804', '中国移动', 1, '预付费', 13100006287);
insert into T_TERMINALINFO (TERMINAL_ID,TTYPE_ID,SIM_ID,TERMINAL_CODE,ORG_CODE,IS_VIDEO_TERMINAL,SP_SERVER_NAME,PROTOCOL_TYPE,CHANNELS,YT_PROTOCOL_TYPE) values(260288, 4, 26288, '1006287', 'B0000804',1,'1076测试服务器','4',8,'0');
insert into V_VEHICLEINFO (ORG_CODE,VEHICLE_ID,ID_NUMBER,TYPE_ID,TERMINAL_ID,DELETE_FLAG,COLOR_ID_NUMBER_ID,AUTHORIZED_PAY_MASS) values ('B0000804','2600288', '测B06287', 4, 260288, 0, '2',15);

insert into T_SIMINFO (SIM_ID, ORG_CODE, DEPTCODE, STATE,PAY_MODLE, SIM_NUM) values(26289, 'B0000804', '中国移动', 1, '预付费', 13100006288);
insert into T_TERMINALINFO (TERMINAL_ID,TTYPE_ID,SIM_ID,TERMINAL_CODE,ORG_CODE,IS_VIDEO_TERMINAL,SP_SERVER_NAME,PROTOCOL_TYPE,CHANNELS,YT_PROTOCOL_TYPE) values(260289, 4, 26289, '1006288', 'B0000804',1,'1076测试服务器','4',8,'0');
insert into V_VEHICLEINFO (ORG_CODE,VEHICLE_ID,ID_NUMBER,TYPE_ID,TERMINAL_ID,DELETE_FLAG,COLOR_ID_NUMBER_ID,AUTHORIZED_PAY_MASS) values ('B0000804','2600289', '测B06288', 4, 260289, 0, '2',15);

insert into T_SIMINFO (SIM_ID, ORG_CODE, DEPTCODE, STATE,PAY_MODLE, SIM_NUM) values(26290, 'B0000804', '中国移动', 1, '预付费', 13100006289);
insert into T_TERMINALINFO (TERMINAL_ID,TTYPE_ID,SIM_ID,TERMINAL_CODE,ORG_CODE,IS_VIDEO_TERMINAL,SP_SERVER_NAME,PROTOCOL_TYPE,CHANNELS,YT_PROTOCOL_TYPE) values(260290, 4, 26290, '1006289', 'B0000804',1,'1076测试服务器','4',8,'0');
insert into V_VEHICLEINFO (ORG_CODE,VEHICLE_ID,ID_NUMBER,TYPE_ID,TERMINAL_ID,DELETE_FLAG,COLOR_ID_NUMBER_ID,AUTHORIZED_PAY_MASS) values ('B0000804','2600290', '测B06289', 4, 260290, 0, '2',15);

insert into T_SIMINFO (SIM_ID, ORG_CODE, DEPTCODE, STATE,PAY_MODLE, SIM_NUM) values(26291, 'B0000804', '中国移动', 1, '预付费', 13100006290);
insert into T_TERMINALINFO (TERMINAL_ID,TTYPE_ID,SIM_ID,TERMINAL_CODE,ORG_CODE,IS_VIDEO_TERMINAL,SP_SERVER_NAME,PROTOCOL_TYPE,CHANNELS,YT_PROTOCOL_TYPE) values(260291, 4, 26291, '1006290', 'B0000804',1,'1076测试服务器','4',8,'0');
insert into V_VEHICLEINFO (ORG_CODE,VEHICLE_ID,ID_NUMBER,TYPE_ID,TERMINAL_ID,DELETE_FLAG,COLOR_ID_NUMBER_ID,AUTHORIZED_PAY_MASS) values ('B0000804','2600291', '测B06290', 4, 260291, 0, '2',15);

insert into T_SIMINFO (SIM_ID, ORG_CODE, DEPTCODE, STATE,PAY_MODLE, SIM_NUM) values(26292, 'B0000804', '中国移动', 1, '预付费', 13100006291);
insert into T_TERMINALINFO (TERMINAL_ID,TTYPE_ID,SIM_ID,TERMINAL_CODE,ORG_CODE,IS_VIDEO_TERMINAL,SP_SERVER_NAME,PROTOCOL_TYPE,CHANNELS,YT_PROTOCOL_TYPE) values(260292, 4, 26292, '1006291', 'B0000804',1,'1076测试服务器','4',8,'0');
insert into V_VEHICLEINFO (ORG_CODE,VEHICLE_ID,ID_NUMBER,TYPE_ID,TERMINAL_ID,DELETE_FLAG,COLOR_ID_NUMBER_ID,AUTHORIZED_PAY_MASS) values ('B0000804','2600292', '测B06291', 4, 260292, 0, '2',15);

insert into T_SIMINFO (SIM_ID, ORG_CODE, DEPTCODE, STATE,PAY_MODLE, SIM_NUM) values(26293, 'B0000804', '中国移动', 1, '预付费', 13100006292);
insert into T_TERMINALINFO (TERMINAL_ID,TTYPE_ID,SIM_ID,TERMINAL_CODE,ORG_CODE,IS_VIDEO_TERMINAL,SP_SERVER_NAME,PROTOCOL_TYPE,CHANNELS,YT_PROTOCOL_TYPE) values(260293, 4, 26293, '1006292', 'B0000804',1,'1076测试服务器','4',8,'0');
insert into V_VEHICLEINFO (ORG_CODE,VEHICLE_ID,ID_NUMBER,TYPE_ID,TERMINAL_ID,DELETE_FLAG,COLOR_ID_NUMBER_ID,AUTHORIZED_PAY_MASS) values ('B0000804','2600293', '测B06292', 4, 260293, 0, '2',15);

insert into T_SIMINFO (SIM_ID, ORG_CODE, DEPTCODE, STATE,PAY_MODLE, SIM_NUM) values(26294, 'B0000804', '中国移动', 1, '预付费', 13100006293);
insert into T_TERMINALINFO (TERMINAL_ID,TTYPE_ID,SIM_ID,TERMINAL_CODE,ORG_CODE,IS_VIDEO_TERMINAL,SP_SERVER_NAME,PROTOCOL_TYPE,CHANNELS,YT_PROTOCOL_TYPE) values(260294, 4, 26294, '1006293', 'B0000804',1,'1076测试服务器','4',8,'0');
insert into V_VEHICLEINFO (ORG_CODE,VEHICLE_ID,ID_NUMBER,TYPE_ID,TERMINAL_ID,DELETE_FLAG,COLOR_ID_NUMBER_ID,AUTHORIZED_PAY_MASS) values ('B0000804','2600294', '测B06293', 4, 260294, 0, '2',15);

insert into T_SIMINFO (SIM_ID, ORG_CODE, DEPTCODE, STATE,PAY_MODLE, SIM_NUM) values(26295, 'B0000804', '中国移动', 1, '预付费', 13100006294);
insert into T_TERMINALINFO (TERMINAL_ID,TTYPE_ID,SIM_ID,TERMINAL_CODE,ORG_CODE,IS_VIDEO_TERMINAL,SP_SERVER_NAME,PROTOCOL_TYPE,CHANNELS,YT_PROTOCOL_TYPE) values(260295, 4, 26295, '1006294', 'B0000804',1,'1076测试服务器','4',8,'0');
insert into V_VEHICLEINFO (ORG_CODE,VEHICLE_ID,ID_NUMBER,TYPE_ID,TERMINAL_ID,DELETE_FLAG,COLOR_ID_NUMBER_ID,AUTHORIZED_PAY_MASS) values ('B0000804','2600295', '测B06294', 4, 260295, 0, '2',15);

insert into T_SIMINFO (SIM_ID, ORG_CODE, DEPTCODE, STATE,PAY_MODLE, SIM_NUM) values(26296, 'B0000804', '中国移动', 1, '预付费', 13100006295);
insert into T_TERMINALINFO (TERMINAL_ID,TTYPE_ID,SIM_ID,TERMINAL_CODE,ORG_CODE,IS_VIDEO_TERMINAL,SP_SERVER_NAME,PROTOCOL_TYPE,CHANNELS,YT_PROTOCOL_TYPE) values(260296, 4, 26296, '1006295', 'B0000804',1,'1076测试服务器','4',8,'0');
insert into V_VEHICLEINFO (ORG_CODE,VEHICLE_ID,ID_NUMBER,TYPE_ID,TERMINAL_ID,DELETE_FLAG,COLOR_ID_NUMBER_ID,AUTHORIZED_PAY_MASS) values ('B0000804','2600296', '测B06295', 4, 260296, 0, '2',15);

insert into T_SIMINFO (SIM_ID, ORG_CODE, DEPTCODE, STATE,PAY_MODLE, SIM_NUM) values(26297, 'B0000804', '中国移动', 1, '预付费', 13100006296);
insert into T_TERMINALINFO (TERMINAL_ID,TTYPE_ID,SIM_ID,TERMINAL_CODE,ORG_CODE,IS_VIDEO_TERMINAL,SP_SERVER_NAME,PROTOCOL_TYPE,CHANNELS,YT_PROTOCOL_TYPE) values(260297, 4, 26297, '1006296', 'B0000804',1,'1076测试服务器','4',8,'0');
insert into V_VEHICLEINFO (ORG_CODE,VEHICLE_ID,ID_NUMBER,TYPE_ID,TERMINAL_ID,DELETE_FLAG,COLOR_ID_NUMBER_ID,AUTHORIZED_PAY_MASS) values ('B0000804','2600297', '测B06296', 4, 260297, 0, '2',15);

insert into T_SIMINFO (SIM_ID, ORG_CODE, DEPTCODE, STATE,PAY_MODLE, SIM_NUM) values(26298, 'B0000804', '中国移动', 1, '预付费', 13100006297);
insert into T_TERMINALINFO (TERMINAL_ID,TTYPE_ID,SIM_ID,TERMINAL_CODE,ORG_CODE,IS_VIDEO_TERMINAL,SP_SERVER_NAME,PROTOCOL_TYPE,CHANNELS,YT_PROTOCOL_TYPE) values(260298, 4, 26298, '1006297', 'B0000804',1,'1076测试服务器','4',8,'0');
insert into V_VEHICLEINFO (ORG_CODE,VEHICLE_ID,ID_NUMBER,TYPE_ID,TERMINAL_ID,DELETE_FLAG,COLOR_ID_NUMBER_ID,AUTHORIZED_PAY_MASS) values ('B0000804','2600298', '测B06297', 4, 260298, 0, '2',15);

insert into T_SIMINFO (SIM_ID, ORG_CODE, DEPTCODE, STATE,PAY_MODLE, SIM_NUM) values(26299, 'B0000804', '中国移动', 1, '预付费', 13100006298);
insert into T_TERMINALINFO (TERMINAL_ID,TTYPE_ID,SIM_ID,TERMINAL_CODE,ORG_CODE,IS_VIDEO_TERMINAL,SP_SERVER_NAME,PROTOCOL_TYPE,CHANNELS,YT_PROTOCOL_TYPE) values(260299, 4, 26299, '1006298', 'B0000804',1,'1076测试服务器','4',8,'0');
insert into V_VEHICLEINFO (ORG_CODE,VEHICLE_ID,ID_NUMBER,TYPE_ID,TERMINAL_ID,DELETE_FLAG,COLOR_ID_NUMBER_ID,AUTHORIZED_PAY_MASS) values ('B0000804','2600299', '测B06298', 4, 260299, 0, '2',15);

insert into T_SIMINFO (SIM_ID, ORG_CODE, DEPTCODE, STATE,PAY_MODLE, SIM_NUM) values(26300, 'B0000804', '中国移动', 1, '预付费', 13100006299);
insert into T_TERMINALINFO (TERMINAL_ID,TTYPE_ID,SIM_ID,TERMINAL_CODE,ORG_CODE,IS_VIDEO_TERMINAL,SP_SERVER_NAME,PROTOCOL_TYPE,CHANNELS,YT_PROTOCOL_TYPE) values(260300, 4, 26300, '1006299', 'B0000804',1,'1076测试服务器','4',8,'0');
insert into V_VEHICLEINFO (ORG_CODE,VEHICLE_ID,ID_NUMBER,TYPE_ID,TERMINAL_ID,DELETE_FLAG,COLOR_ID_NUMBER_ID,AUTHORIZED_PAY_MASS) values ('B0000804','2600300', '测B06299', 4, 260300, 0, '2',15);

insert into T_SIMINFO (SIM_ID, ORG_CODE, DEPTCODE, STATE,PAY_MODLE, SIM_NUM) values(26301, 'B0000804', '中国移动', 1, '预付费', 13100006300);
insert into T_TERMINALINFO (TERMINAL_ID,TTYPE_ID,SIM_ID,TERMINAL_CODE,ORG_CODE,IS_VIDEO_TERMINAL,SP_SERVER_NAME,PROTOCOL_TYPE,CHANNELS,YT_PROTOCOL_TYPE) values(260301, 4, 26301, '1006300', 'B0000804',1,'1076测试服务器','4',8,'0');
insert into V_VEHICLEINFO (ORG_CODE,VEHICLE_ID,ID_NUMBER,TYPE_ID,TERMINAL_ID,DELETE_FLAG,COLOR_ID_NUMBER_ID,AUTHORIZED_PAY_MASS) values ('B0000804','2600301', '测B06300', 4, 260301, 0, '2',15);

insert into T_SIMINFO (SIM_ID, ORG_CODE, DEPTCODE, STATE,PAY_MODLE, SIM_NUM) values(26302, 'B0000804', '中国移动', 1, '预付费', 13100006301);
insert into T_TERMINALINFO (TERMINAL_ID,TTYPE_ID,SIM_ID,TERMINAL_CODE,ORG_CODE,IS_VIDEO_TERMINAL,SP_SERVER_NAME,PROTOCOL_TYPE,CHANNELS,YT_PROTOCOL_TYPE) values(260302, 4, 26302, '1006301', 'B0000804',1,'1076测试服务器','4',8,'0');
insert into V_VEHICLEINFO (ORG_CODE,VEHICLE_ID,ID_NUMBER,TYPE_ID,TERMINAL_ID,DELETE_FLAG,COLOR_ID_NUMBER_ID,AUTHORIZED_PAY_MASS) values ('B0000804','2600302', '测B06301', 4, 260302, 0, '2',15);

insert into T_SIMINFO (SIM_ID, ORG_CODE, DEPTCODE, STATE,PAY_MODLE, SIM_NUM) values(26303, 'B0000804', '中国移动', 1, '预付费', 13100006302);
insert into T_TERMINALINFO (TERMINAL_ID,TTYPE_ID,SIM_ID,TERMINAL_CODE,ORG_CODE,IS_VIDEO_TERMINAL,SP_SERVER_NAME,PROTOCOL_TYPE,CHANNELS,YT_PROTOCOL_TYPE) values(260303, 4, 26303, '1006302', 'B0000804',1,'1076测试服务器','4',8,'0');
insert into V_VEHICLEINFO (ORG_CODE,VEHICLE_ID,ID_NUMBER,TYPE_ID,TERMINAL_ID,DELETE_FLAG,COLOR_ID_NUMBER_ID,AUTHORIZED_PAY_MASS) values ('B0000804','2600303', '测B06302', 4, 260303, 0, '2',15);

insert into T_SIMINFO (SIM_ID, ORG_CODE, DEPTCODE, STATE,PAY_MODLE, SIM_NUM) values(26304, 'B0000804', '中国移动', 1, '预付费', 13100006303);
insert into T_TERMINALINFO (TERMINAL_ID,TTYPE_ID,SIM_ID,TERMINAL_CODE,ORG_CODE,IS_VIDEO_TERMINAL,SP_SERVER_NAME,PROTOCOL_TYPE,CHANNELS,YT_PROTOCOL_TYPE) values(260304, 4, 26304, '1006303', 'B0000804',1,'1076测试服务器','4',8,'0');
insert into V_VEHICLEINFO (ORG_CODE,VEHICLE_ID,ID_NUMBER,TYPE_ID,TERMINAL_ID,DELETE_FLAG,COLOR_ID_NUMBER_ID,AUTHORIZED_PAY_MASS) values ('B0000804','2600304', '测B06303', 4, 260304, 0, '2',15);

insert into T_SIMINFO (SIM_ID, ORG_CODE, DEPTCODE, STATE,PAY_MODLE, SIM_NUM) values(26305, 'B0000804', '中国移动', 1, '预付费', 13100006304);
insert into T_TERMINALINFO (TERMINAL_ID,TTYPE_ID,SIM_ID,TERMINAL_CODE,ORG_CODE,IS_VIDEO_TERMINAL,SP_SERVER_NAME,PROTOCOL_TYPE,CHANNELS,YT_PROTOCOL_TYPE) values(260305, 4, 26305, '1006304', 'B0000804',1,'1076测试服务器','4',8,'0');
insert into V_VEHICLEINFO (ORG_CODE,VEHICLE_ID,ID_NUMBER,TYPE_ID,TERMINAL_ID,DELETE_FLAG,COLOR_ID_NUMBER_ID,AUTHORIZED_PAY_MASS) values ('B0000804','2600305', '测B06304', 4, 260305, 0, '2',15);

insert into T_SIMINFO (SIM_ID, ORG_CODE, DEPTCODE, STATE,PAY_MODLE, SIM_NUM) values(26306, 'B0000804', '中国移动', 1, '预付费', 13100006305);
insert into T_TERMINALINFO (TERMINAL_ID,TTYPE_ID,SIM_ID,TERMINAL_CODE,ORG_CODE,IS_VIDEO_TERMINAL,SP_SERVER_NAME,PROTOCOL_TYPE,CHANNELS,YT_PROTOCOL_TYPE) values(260306, 4, 26306, '1006305', 'B0000804',1,'1076测试服务器','4',8,'0');
insert into V_VEHICLEINFO (ORG_CODE,VEHICLE_ID,ID_NUMBER,TYPE_ID,TERMINAL_ID,DELETE_FLAG,COLOR_ID_NUMBER_ID,AUTHORIZED_PAY_MASS) values ('B0000804','2600306', '测B06305', 4, 260306, 0, '2',15);

insert into T_SIMINFO (SIM_ID, ORG_CODE, DEPTCODE, STATE,PAY_MODLE, SIM_NUM) values(26307, 'B0000804', '中国移动', 1, '预付费', 13100006306);
insert into T_TERMINALINFO (TERMINAL_ID,TTYPE_ID,SIM_ID,TERMINAL_CODE,ORG_CODE,IS_VIDEO_TERMINAL,SP_SERVER_NAME,PROTOCOL_TYPE,CHANNELS,YT_PROTOCOL_TYPE) values(260307, 4, 26307, '1006306', 'B0000804',1,'1076测试服务器','4',8,'0');
insert into V_VEHICLEINFO (ORG_CODE,VEHICLE_ID,ID_NUMBER,TYPE_ID,TERMINAL_ID,DELETE_FLAG,COLOR_ID_NUMBER_ID,AUTHORIZED_PAY_MASS) values ('B0000804','2600307', '测B06306', 4, 260307, 0, '2',15);

insert into T_SIMINFO (SIM_ID, ORG_CODE, DEPTCODE, STATE,PAY_MODLE, SIM_NUM) values(26308, 'B0000804', '中国移动', 1, '预付费', 13100006307);
insert into T_TERMINALINFO (TERMINAL_ID,TTYPE_ID,SIM_ID,TERMINAL_CODE,ORG_CODE,IS_VIDEO_TERMINAL,SP_SERVER_NAME,PROTOCOL_TYPE,CHANNELS,YT_PROTOCOL_TYPE) values(260308, 4, 26308, '1006307', 'B0000804',1,'1076测试服务器','4',8,'0');
insert into V_VEHICLEINFO (ORG_CODE,VEHICLE_ID,ID_NUMBER,TYPE_ID,TERMINAL_ID,DELETE_FLAG,COLOR_ID_NUMBER_ID,AUTHORIZED_PAY_MASS) values ('B0000804','2600308', '测B06307', 4, 260308, 0, '2',15);

insert into T_SIMINFO (SIM_ID, ORG_CODE, DEPTCODE, STATE,PAY_MODLE, SIM_NUM) values(26309, 'B0000804', '中国移动', 1, '预付费', 13100006308);
insert into T_TERMINALINFO (TERMINAL_ID,TTYPE_ID,SIM_ID,TERMINAL_CODE,ORG_CODE,IS_VIDEO_TERMINAL,SP_SERVER_NAME,PROTOCOL_TYPE,CHANNELS,YT_PROTOCOL_TYPE) values(260309, 4, 26309, '1006308', 'B0000804',1,'1076测试服务器','4',8,'0');
insert into V_VEHICLEINFO (ORG_CODE,VEHICLE_ID,ID_NUMBER,TYPE_ID,TERMINAL_ID,DELETE_FLAG,COLOR_ID_NUMBER_ID,AUTHORIZED_PAY_MASS) values ('B0000804','2600309', '测B06308', 4, 260309, 0, '2',15);

insert into T_SIMINFO (SIM_ID, ORG_CODE, DEPTCODE, STATE,PAY_MODLE, SIM_NUM) values(26310, 'B0000804', '中国移动', 1, '预付费', 13100006309);
insert into T_TERMINALINFO (TERMINAL_ID,TTYPE_ID,SIM_ID,TERMINAL_CODE,ORG_CODE,IS_VIDEO_TERMINAL,SP_SERVER_NAME,PROTOCOL_TYPE,CHANNELS,YT_PROTOCOL_TYPE) values(260310, 4, 26310, '1006309', 'B0000804',1,'1076测试服务器','4',8,'0');
insert into V_VEHICLEINFO (ORG_CODE,VEHICLE_ID,ID_NUMBER,TYPE_ID,TERMINAL_ID,DELETE_FLAG,COLOR_ID_NUMBER_ID,AUTHORIZED_PAY_MASS) values ('B0000804','2600310', '测B06309', 4, 260310, 0, '2',15);

insert into T_SIMINFO (SIM_ID, ORG_CODE, DEPTCODE, STATE,PAY_MODLE, SIM_NUM) values(26311, 'B0000804', '中国移动', 1, '预付费', 13100006310);
insert into T_TERMINALINFO (TERMINAL_ID,TTYPE_ID,SIM_ID,TERMINAL_CODE,ORG_CODE,IS_VIDEO_TERMINAL,SP_SERVER_NAME,PROTOCOL_TYPE,CHANNELS,YT_PROTOCOL_TYPE) values(260311, 4, 26311, '1006310', 'B0000804',1,'1076测试服务器','4',8,'0');
insert into V_VEHICLEINFO (ORG_CODE,VEHICLE_ID,ID_NUMBER,TYPE_ID,TERMINAL_ID,DELETE_FLAG,COLOR_ID_NUMBER_ID,AUTHORIZED_PAY_MASS) values ('B0000804','2600311', '测B06310', 4, 260311, 0, '2',15);

insert into T_SIMINFO (SIM_ID, ORG_CODE, DEPTCODE, STATE,PAY_MODLE, SIM_NUM) values(26312, 'B0000804', '中国移动', 1, '预付费', 13100006311);
insert into T_TERMINALINFO (TERMINAL_ID,TTYPE_ID,SIM_ID,TERMINAL_CODE,ORG_CODE,IS_VIDEO_TERMINAL,SP_SERVER_NAME,PROTOCOL_TYPE,CHANNELS,YT_PROTOCOL_TYPE) values(260312, 4, 26312, '1006311', 'B0000804',1,'1076测试服务器','4',8,'0');
insert into V_VEHICLEINFO (ORG_CODE,VEHICLE_ID,ID_NUMBER,TYPE_ID,TERMINAL_ID,DELETE_FLAG,COLOR_ID_NUMBER_ID,AUTHORIZED_PAY_MASS) values ('B0000804','2600312', '测B06311', 4, 260312, 0, '2',15);

insert into T_SIMINFO (SIM_ID, ORG_CODE, DEPTCODE, STATE,PAY_MODLE, SIM_NUM) values(26313, 'B0000804', '中国移动', 1, '预付费', 13100006312);
insert into T_TERMINALINFO (TERMINAL_ID,TTYPE_ID,SIM_ID,TERMINAL_CODE,ORG_CODE,IS_VIDEO_TERMINAL,SP_SERVER_NAME,PROTOCOL_TYPE,CHANNELS,YT_PROTOCOL_TYPE) values(260313, 4, 26313, '1006312', 'B0000804',1,'1076测试服务器','4',8,'0');
insert into V_VEHICLEINFO (ORG_CODE,VEHICLE_ID,ID_NUMBER,TYPE_ID,TERMINAL_ID,DELETE_FLAG,COLOR_ID_NUMBER_ID,AUTHORIZED_PAY_MASS) values ('B0000804','2600313', '测B06312', 4, 260313, 0, '2',15);

insert into T_SIMINFO (SIM_ID, ORG_CODE, DEPTCODE, STATE,PAY_MODLE, SIM_NUM) values(26314, 'B0000804', '中国移动', 1, '预付费', 13100006313);
insert into T_TERMINALINFO (TERMINAL_ID,TTYPE_ID,SIM_ID,TERMINAL_CODE,ORG_CODE,IS_VIDEO_TERMINAL,SP_SERVER_NAME,PROTOCOL_TYPE,CHANNELS,YT_PROTOCOL_TYPE) values(260314, 4, 26314, '1006313', 'B0000804',1,'1076测试服务器','4',8,'0');
insert into V_VEHICLEINFO (ORG_CODE,VEHICLE_ID,ID_NUMBER,TYPE_ID,TERMINAL_ID,DELETE_FLAG,COLOR_ID_NUMBER_ID,AUTHORIZED_PAY_MASS) values ('B0000804','2600314', '测B06313', 4, 260314, 0, '2',15);

insert into T_SIMINFO (SIM_ID, ORG_CODE, DEPTCODE, STATE,PAY_MODLE, SIM_NUM) values(26315, 'B0000804', '中国移动', 1, '预付费', 13100006314);
insert into T_TERMINALINFO (TERMINAL_ID,TTYPE_ID,SIM_ID,TERMINAL_CODE,ORG_CODE,IS_VIDEO_TERMINAL,SP_SERVER_NAME,PROTOCOL_TYPE,CHANNELS,YT_PROTOCOL_TYPE) values(260315, 4, 26315, '1006314', 'B0000804',1,'1076测试服务器','4',8,'0');
insert into V_VEHICLEINFO (ORG_CODE,VEHICLE_ID,ID_NUMBER,TYPE_ID,TERMINAL_ID,DELETE_FLAG,COLOR_ID_NUMBER_ID,AUTHORIZED_PAY_MASS) values ('B0000804','2600315', '测B06314', 4, 260315, 0, '2',15);

insert into T_SIMINFO (SIM_ID, ORG_CODE, DEPTCODE, STATE,PAY_MODLE, SIM_NUM) values(26316, 'B0000804', '中国移动', 1, '预付费', 13100006315);
insert into T_TERMINALINFO (TERMINAL_ID,TTYPE_ID,SIM_ID,TERMINAL_CODE,ORG_CODE,IS_VIDEO_TERMINAL,SP_SERVER_NAME,PROTOCOL_TYPE,CHANNELS,YT_PROTOCOL_TYPE) values(260316, 4, 26316, '1006315', 'B0000804',1,'1076测试服务器','4',8,'0');
insert into V_VEHICLEINFO (ORG_CODE,VEHICLE_ID,ID_NUMBER,TYPE_ID,TERMINAL_ID,DELETE_FLAG,COLOR_ID_NUMBER_ID,AUTHORIZED_PAY_MASS) values ('B0000804','2600316', '测B06315', 4, 260316, 0, '2',15);

insert into T_SIMINFO (SIM_ID, ORG_CODE, DEPTCODE, STATE,PAY_MODLE, SIM_NUM) values(26317, 'B0000804', '中国移动', 1, '预付费', 13100006316);
insert into T_TERMINALINFO (TERMINAL_ID,TTYPE_ID,SIM_ID,TERMINAL_CODE,ORG_CODE,IS_VIDEO_TERMINAL,SP_SERVER_NAME,PROTOCOL_TYPE,CHANNELS,YT_PROTOCOL_TYPE) values(260317, 4, 26317, '1006316', 'B0000804',1,'1076测试服务器','4',8,'0');
insert into V_VEHICLEINFO (ORG_CODE,VEHICLE_ID,ID_NUMBER,TYPE_ID,TERMINAL_ID,DELETE_FLAG,COLOR_ID_NUMBER_ID,AUTHORIZED_PAY_MASS) values ('B0000804','2600317', '测B06316', 4, 260317, 0, '2',15);

insert into T_SIMINFO (SIM_ID, ORG_CODE, DEPTCODE, STATE,PAY_MODLE, SIM_NUM) values(26318, 'B0000804', '中国移动', 1, '预付费', 13100006317);
insert into T_TERMINALINFO (TERMINAL_ID,TTYPE_ID,SIM_ID,TERMINAL_CODE,ORG_CODE,IS_VIDEO_TERMINAL,SP_SERVER_NAME,PROTOCOL_TYPE,CHANNELS,YT_PROTOCOL_TYPE) values(260318, 4, 26318, '1006317', 'B0000804',1,'1076测试服务器','4',8,'0');
insert into V_VEHICLEINFO (ORG_CODE,VEHICLE_ID,ID_NUMBER,TYPE_ID,TERMINAL_ID,DELETE_FLAG,COLOR_ID_NUMBER_ID,AUTHORIZED_PAY_MASS) values ('B0000804','2600318', '测B06317', 4, 260318, 0, '2',15);

insert into T_SIMINFO (SIM_ID, ORG_CODE, DEPTCODE, STATE,PAY_MODLE, SIM_NUM) values(26319, 'B0000804', '中国移动', 1, '预付费', 13100006318);
insert into T_TERMINALINFO (TERMINAL_ID,TTYPE_ID,SIM_ID,TERMINAL_CODE,ORG_CODE,IS_VIDEO_TERMINAL,SP_SERVER_NAME,PROTOCOL_TYPE,CHANNELS,YT_PROTOCOL_TYPE) values(260319, 4, 26319, '1006318', 'B0000804',1,'1076测试服务器','4',8,'0');
insert into V_VEHICLEINFO (ORG_CODE,VEHICLE_ID,ID_NUMBER,TYPE_ID,TERMINAL_ID,DELETE_FLAG,COLOR_ID_NUMBER_ID,AUTHORIZED_PAY_MASS) values ('B0000804','2600319', '测B06318', 4, 260319, 0, '2',15);

insert into T_SIMINFO (SIM_ID, ORG_CODE, DEPTCODE, STATE,PAY_MODLE, SIM_NUM) values(26320, 'B0000804', '中国移动', 1, '预付费', 13100006319);
insert into T_TERMINALINFO (TERMINAL_ID,TTYPE_ID,SIM_ID,TERMINAL_CODE,ORG_CODE,IS_VIDEO_TERMINAL,SP_SERVER_NAME,PROTOCOL_TYPE,CHANNELS,YT_PROTOCOL_TYPE) values(260320, 4, 26320, '1006319', 'B0000804',1,'1076测试服务器','4',8,'0');
insert into V_VEHICLEINFO (ORG_CODE,VEHICLE_ID,ID_NUMBER,TYPE_ID,TERMINAL_ID,DELETE_FLAG,COLOR_ID_NUMBER_ID,AUTHORIZED_PAY_MASS) values ('B0000804','2600320', '测B06319', 4, 260320, 0, '2',15);

insert into T_SIMINFO (SIM_ID, ORG_CODE, DEPTCODE, STATE,PAY_MODLE, SIM_NUM) values(26321, 'B0000804', '中国移动', 1, '预付费', 13100006320);
insert into T_TERMINALINFO (TERMINAL_ID,TTYPE_ID,SIM_ID,TERMINAL_CODE,ORG_CODE,IS_VIDEO_TERMINAL,SP_SERVER_NAME,PROTOCOL_TYPE,CHANNELS,YT_PROTOCOL_TYPE) values(260321, 4, 26321, '1006320', 'B0000804',1,'1076测试服务器','4',8,'0');
insert into V_VEHICLEINFO (ORG_CODE,VEHICLE_ID,ID_NUMBER,TYPE_ID,TERMINAL_ID,DELETE_FLAG,COLOR_ID_NUMBER_ID,AUTHORIZED_PAY_MASS) values ('B0000804','2600321', '测B06320', 4, 260321, 0, '2',15);

insert into T_SIMINFO (SIM_ID, ORG_CODE, DEPTCODE, STATE,PAY_MODLE, SIM_NUM) values(26322, 'B0000804', '中国移动', 1, '预付费', 13100006321);
insert into T_TERMINALINFO (TERMINAL_ID,TTYPE_ID,SIM_ID,TERMINAL_CODE,ORG_CODE,IS_VIDEO_TERMINAL,SP_SERVER_NAME,PROTOCOL_TYPE,CHANNELS,YT_PROTOCOL_TYPE) values(260322, 4, 26322, '1006321', 'B0000804',1,'1076测试服务器','4',8,'0');
insert into V_VEHICLEINFO (ORG_CODE,VEHICLE_ID,ID_NUMBER,TYPE_ID,TERMINAL_ID,DELETE_FLAG,COLOR_ID_NUMBER_ID,AUTHORIZED_PAY_MASS) values ('B0000804','2600322', '测B06321', 4, 260322, 0, '2',15);

insert into T_SIMINFO (SIM_ID, ORG_CODE, DEPTCODE, STATE,PAY_MODLE, SIM_NUM) values(26323, 'B0000804', '中国移动', 1, '预付费', 13100006322);
insert into T_TERMINALINFO (TERMINAL_ID,TTYPE_ID,SIM_ID,TERMINAL_CODE,ORG_CODE,IS_VIDEO_TERMINAL,SP_SERVER_NAME,PROTOCOL_TYPE,CHANNELS,YT_PROTOCOL_TYPE) values(260323, 4, 26323, '1006322', 'B0000804',1,'1076测试服务器','4',8,'0');
insert into V_VEHICLEINFO (ORG_CODE,VEHICLE_ID,ID_NUMBER,TYPE_ID,TERMINAL_ID,DELETE_FLAG,COLOR_ID_NUMBER_ID,AUTHORIZED_PAY_MASS) values ('B0000804','2600323', '测B06322', 4, 260323, 0, '2',15);

insert into T_SIMINFO (SIM_ID, ORG_CODE, DEPTCODE, STATE,PAY_MODLE, SIM_NUM) values(26324, 'B0000804', '中国移动', 1, '预付费', 13100006323);
insert into T_TERMINALINFO (TERMINAL_ID,TTYPE_ID,SIM_ID,TERMINAL_CODE,ORG_CODE,IS_VIDEO_TERMINAL,SP_SERVER_NAME,PROTOCOL_TYPE,CHANNELS,YT_PROTOCOL_TYPE) values(260324, 4, 26324, '1006323', 'B0000804',1,'1076测试服务器','4',8,'0');
insert into V_VEHICLEINFO (ORG_CODE,VEHICLE_ID,ID_NUMBER,TYPE_ID,TERMINAL_ID,DELETE_FLAG,COLOR_ID_NUMBER_ID,AUTHORIZED_PAY_MASS) values ('B0000804','2600324', '测B06323', 4, 260324, 0, '2',15);

insert into T_SIMINFO (SIM_ID, ORG_CODE, DEPTCODE, STATE,PAY_MODLE, SIM_NUM) values(26325, 'B0000804', '中国移动', 1, '预付费', 13100006324);
insert into T_TERMINALINFO (TERMINAL_ID,TTYPE_ID,SIM_ID,TERMINAL_CODE,ORG_CODE,IS_VIDEO_TERMINAL,SP_SERVER_NAME,PROTOCOL_TYPE,CHANNELS,YT_PROTOCOL_TYPE) values(260325, 4, 26325, '1006324', 'B0000804',1,'1076测试服务器','4',8,'0');
insert into V_VEHICLEINFO (ORG_CODE,VEHICLE_ID,ID_NUMBER,TYPE_ID,TERMINAL_ID,DELETE_FLAG,COLOR_ID_NUMBER_ID,AUTHORIZED_PAY_MASS) values ('B0000804','2600325', '测B06324', 4, 260325, 0, '2',15);

insert into T_SIMINFO (SIM_ID, ORG_CODE, DEPTCODE, STATE,PAY_MODLE, SIM_NUM) values(26326, 'B0000804', '中国移动', 1, '预付费', 13100006325);
insert into T_TERMINALINFO (TERMINAL_ID,TTYPE_ID,SIM_ID,TERMINAL_CODE,ORG_CODE,IS_VIDEO_TERMINAL,SP_SERVER_NAME,PROTOCOL_TYPE,CHANNELS,YT_PROTOCOL_TYPE) values(260326, 4, 26326, '1006325', 'B0000804',1,'1076测试服务器','4',8,'0');
insert into V_VEHICLEINFO (ORG_CODE,VEHICLE_ID,ID_NUMBER,TYPE_ID,TERMINAL_ID,DELETE_FLAG,COLOR_ID_NUMBER_ID,AUTHORIZED_PAY_MASS) values ('B0000804','2600326', '测B06325', 4, 260326, 0, '2',15);

insert into T_SIMINFO (SIM_ID, ORG_CODE, DEPTCODE, STATE,PAY_MODLE, SIM_NUM) values(26327, 'B0000804', '中国移动', 1, '预付费', 13100006326);
insert into T_TERMINALINFO (TERMINAL_ID,TTYPE_ID,SIM_ID,TERMINAL_CODE,ORG_CODE,IS_VIDEO_TERMINAL,SP_SERVER_NAME,PROTOCOL_TYPE,CHANNELS,YT_PROTOCOL_TYPE) values(260327, 4, 26327, '1006326', 'B0000804',1,'1076测试服务器','4',8,'0');
insert into V_VEHICLEINFO (ORG_CODE,VEHICLE_ID,ID_NUMBER,TYPE_ID,TERMINAL_ID,DELETE_FLAG,COLOR_ID_NUMBER_ID,AUTHORIZED_PAY_MASS) values ('B0000804','2600327', '测B06326', 4, 260327, 0, '2',15);

insert into T_SIMINFO (SIM_ID, ORG_CODE, DEPTCODE, STATE,PAY_MODLE, SIM_NUM) values(26328, 'B0000804', '中国移动', 1, '预付费', 13100006327);
insert into T_TERMINALINFO (TERMINAL_ID,TTYPE_ID,SIM_ID,TERMINAL_CODE,ORG_CODE,IS_VIDEO_TERMINAL,SP_SERVER_NAME,PROTOCOL_TYPE,CHANNELS,YT_PROTOCOL_TYPE) values(260328, 4, 26328, '1006327', 'B0000804',1,'1076测试服务器','4',8,'0');
insert into V_VEHICLEINFO (ORG_CODE,VEHICLE_ID,ID_NUMBER,TYPE_ID,TERMINAL_ID,DELETE_FLAG,COLOR_ID_NUMBER_ID,AUTHORIZED_PAY_MASS) values ('B0000804','2600328', '测B06327', 4, 260328, 0, '2',15);

insert into T_SIMINFO (SIM_ID, ORG_CODE, DEPTCODE, STATE,PAY_MODLE, SIM_NUM) values(26329, 'B0000804', '中国移动', 1, '预付费', 13100006328);
insert into T_TERMINALINFO (TERMINAL_ID,TTYPE_ID,SIM_ID,TERMINAL_CODE,ORG_CODE,IS_VIDEO_TERMINAL,SP_SERVER_NAME,PROTOCOL_TYPE,CHANNELS,YT_PROTOCOL_TYPE) values(260329, 4, 26329, '1006328', 'B0000804',1,'1076测试服务器','4',8,'0');
insert into V_VEHICLEINFO (ORG_CODE,VEHICLE_ID,ID_NUMBER,TYPE_ID,TERMINAL_ID,DELETE_FLAG,COLOR_ID_NUMBER_ID,AUTHORIZED_PAY_MASS) values ('B0000804','2600329', '测B06328', 4, 260329, 0, '2',15);

insert into T_SIMINFO (SIM_ID, ORG_CODE, DEPTCODE, STATE,PAY_MODLE, SIM_NUM) values(26330, 'B0000804', '中国移动', 1, '预付费', 13100006329);
insert into T_TERMINALINFO (TERMINAL_ID,TTYPE_ID,SIM_ID,TERMINAL_CODE,ORG_CODE,IS_VIDEO_TERMINAL,SP_SERVER_NAME,PROTOCOL_TYPE,CHANNELS,YT_PROTOCOL_TYPE) values(260330, 4, 26330, '1006329', 'B0000804',1,'1076测试服务器','4',8,'0');
insert into V_VEHICLEINFO (ORG_CODE,VEHICLE_ID,ID_NUMBER,TYPE_ID,TERMINAL_ID,DELETE_FLAG,COLOR_ID_NUMBER_ID,AUTHORIZED_PAY_MASS) values ('B0000804','2600330', '测B06329', 4, 260330, 0, '2',15);

insert into T_SIMINFO (SIM_ID, ORG_CODE, DEPTCODE, STATE,PAY_MODLE, SIM_NUM) values(26331, 'B0000804', '中国移动', 1, '预付费', 13100006330);
insert into T_TERMINALINFO (TERMINAL_ID,TTYPE_ID,SIM_ID,TERMINAL_CODE,ORG_CODE,IS_VIDEO_TERMINAL,SP_SERVER_NAME,PROTOCOL_TYPE,CHANNELS,YT_PROTOCOL_TYPE) values(260331, 4, 26331, '1006330', 'B0000804',1,'1076测试服务器','4',8,'0');
insert into V_VEHICLEINFO (ORG_CODE,VEHICLE_ID,ID_NUMBER,TYPE_ID,TERMINAL_ID,DELETE_FLAG,COLOR_ID_NUMBER_ID,AUTHORIZED_PAY_MASS) values ('B0000804','2600331', '测B06330', 4, 260331, 0, '2',15);

insert into T_SIMINFO (SIM_ID, ORG_CODE, DEPTCODE, STATE,PAY_MODLE, SIM_NUM) values(26332, 'B0000804', '中国移动', 1, '预付费', 13100006331);
insert into T_TERMINALINFO (TERMINAL_ID,TTYPE_ID,SIM_ID,TERMINAL_CODE,ORG_CODE,IS_VIDEO_TERMINAL,SP_SERVER_NAME,PROTOCOL_TYPE,CHANNELS,YT_PROTOCOL_TYPE) values(260332, 4, 26332, '1006331', 'B0000804',1,'1076测试服务器','4',8,'0');
insert into V_VEHICLEINFO (ORG_CODE,VEHICLE_ID,ID_NUMBER,TYPE_ID,TERMINAL_ID,DELETE_FLAG,COLOR_ID_NUMBER_ID,AUTHORIZED_PAY_MASS) values ('B0000804','2600332', '测B06331', 4, 260332, 0, '2',15);

insert into T_SIMINFO (SIM_ID, ORG_CODE, DEPTCODE, STATE,PAY_MODLE, SIM_NUM) values(26333, 'B0000804', '中国移动', 1, '预付费', 13100006332);
insert into T_TERMINALINFO (TERMINAL_ID,TTYPE_ID,SIM_ID,TERMINAL_CODE,ORG_CODE,IS_VIDEO_TERMINAL,SP_SERVER_NAME,PROTOCOL_TYPE,CHANNELS,YT_PROTOCOL_TYPE) values(260333, 4, 26333, '1006332', 'B0000804',1,'1076测试服务器','4',8,'0');
insert into V_VEHICLEINFO (ORG_CODE,VEHICLE_ID,ID_NUMBER,TYPE_ID,TERMINAL_ID,DELETE_FLAG,COLOR_ID_NUMBER_ID,AUTHORIZED_PAY_MASS) values ('B0000804','2600333', '测B06332', 4, 260333, 0, '2',15);

insert into T_SIMINFO (SIM_ID, ORG_CODE, DEPTCODE, STATE,PAY_MODLE, SIM_NUM) values(26334, 'B0000804', '中国移动', 1, '预付费', 13100006333);
insert into T_TERMINALINFO (TERMINAL_ID,TTYPE_ID,SIM_ID,TERMINAL_CODE,ORG_CODE,IS_VIDEO_TERMINAL,SP_SERVER_NAME,PROTOCOL_TYPE,CHANNELS,YT_PROTOCOL_TYPE) values(260334, 4, 26334, '1006333', 'B0000804',1,'1076测试服务器','4',8,'0');
insert into V_VEHICLEINFO (ORG_CODE,VEHICLE_ID,ID_NUMBER,TYPE_ID,TERMINAL_ID,DELETE_FLAG,COLOR_ID_NUMBER_ID,AUTHORIZED_PAY_MASS) values ('B0000804','2600334', '测B06333', 4, 260334, 0, '2',15);

insert into T_SIMINFO (SIM_ID, ORG_CODE, DEPTCODE, STATE,PAY_MODLE, SIM_NUM) values(26335, 'B0000804', '中国移动', 1, '预付费', 13100006334);
insert into T_TERMINALINFO (TERMINAL_ID,TTYPE_ID,SIM_ID,TERMINAL_CODE,ORG_CODE,IS_VIDEO_TERMINAL,SP_SERVER_NAME,PROTOCOL_TYPE,CHANNELS,YT_PROTOCOL_TYPE) values(260335, 4, 26335, '1006334', 'B0000804',1,'1076测试服务器','4',8,'0');
insert into V_VEHICLEINFO (ORG_CODE,VEHICLE_ID,ID_NUMBER,TYPE_ID,TERMINAL_ID,DELETE_FLAG,COLOR_ID_NUMBER_ID,AUTHORIZED_PAY_MASS) values ('B0000804','2600335', '测B06334', 4, 260335, 0, '2',15);

insert into T_SIMINFO (SIM_ID, ORG_CODE, DEPTCODE, STATE,PAY_MODLE, SIM_NUM) values(26336, 'B0000804', '中国移动', 1, '预付费', 13100006335);
insert into T_TERMINALINFO (TERMINAL_ID,TTYPE_ID,SIM_ID,TERMINAL_CODE,ORG_CODE,IS_VIDEO_TERMINAL,SP_SERVER_NAME,PROTOCOL_TYPE,CHANNELS,YT_PROTOCOL_TYPE) values(260336, 4, 26336, '1006335', 'B0000804',1,'1076测试服务器','4',8,'0');
insert into V_VEHICLEINFO (ORG_CODE,VEHICLE_ID,ID_NUMBER,TYPE_ID,TERMINAL_ID,DELETE_FLAG,COLOR_ID_NUMBER_ID,AUTHORIZED_PAY_MASS) values ('B0000804','2600336', '测B06335', 4, 260336, 0, '2',15);

insert into T_SIMINFO (SIM_ID, ORG_CODE, DEPTCODE, STATE,PAY_MODLE, SIM_NUM) values(26337, 'B0000804', '中国移动', 1, '预付费', 13100006336);
insert into T_TERMINALINFO (TERMINAL_ID,TTYPE_ID,SIM_ID,TERMINAL_CODE,ORG_CODE,IS_VIDEO_TERMINAL,SP_SERVER_NAME,PROTOCOL_TYPE,CHANNELS,YT_PROTOCOL_TYPE) values(260337, 4, 26337, '1006336', 'B0000804',1,'1076测试服务器','4',8,'0');
insert into V_VEHICLEINFO (ORG_CODE,VEHICLE_ID,ID_NUMBER,TYPE_ID,TERMINAL_ID,DELETE_FLAG,COLOR_ID_NUMBER_ID,AUTHORIZED_PAY_MASS) values ('B0000804','2600337', '测B06336', 4, 260337, 0, '2',15);

insert into T_SIMINFO (SIM_ID, ORG_CODE, DEPTCODE, STATE,PAY_MODLE, SIM_NUM) values(26338, 'B0000804', '中国移动', 1, '预付费', 13100006337);
insert into T_TERMINALINFO (TERMINAL_ID,TTYPE_ID,SIM_ID,TERMINAL_CODE,ORG_CODE,IS_VIDEO_TERMINAL,SP_SERVER_NAME,PROTOCOL_TYPE,CHANNELS,YT_PROTOCOL_TYPE) values(260338, 4, 26338, '1006337', 'B0000804',1,'1076测试服务器','4',8,'0');
insert into V_VEHICLEINFO (ORG_CODE,VEHICLE_ID,ID_NUMBER,TYPE_ID,TERMINAL_ID,DELETE_FLAG,COLOR_ID_NUMBER_ID,AUTHORIZED_PAY_MASS) values ('B0000804','2600338', '测B06337', 4, 260338, 0, '2',15);

insert into T_SIMINFO (SIM_ID, ORG_CODE, DEPTCODE, STATE,PAY_MODLE, SIM_NUM) values(26339, 'B0000804', '中国移动', 1, '预付费', 13100006338);
insert into T_TERMINALINFO (TERMINAL_ID,TTYPE_ID,SIM_ID,TERMINAL_CODE,ORG_CODE,IS_VIDEO_TERMINAL,SP_SERVER_NAME,PROTOCOL_TYPE,CHANNELS,YT_PROTOCOL_TYPE) values(260339, 4, 26339, '1006338', 'B0000804',1,'1076测试服务器','4',8,'0');
insert into V_VEHICLEINFO (ORG_CODE,VEHICLE_ID,ID_NUMBER,TYPE_ID,TERMINAL_ID,DELETE_FLAG,COLOR_ID_NUMBER_ID,AUTHORIZED_PAY_MASS) values ('B0000804','2600339', '测B06338', 4, 260339, 0, '2',15);

insert into T_SIMINFO (SIM_ID, ORG_CODE, DEPTCODE, STATE,PAY_MODLE, SIM_NUM) values(26340, 'B0000804', '中国移动', 1, '预付费', 13100006339);
insert into T_TERMINALINFO (TERMINAL_ID,TTYPE_ID,SIM_ID,TERMINAL_CODE,ORG_CODE,IS_VIDEO_TERMINAL,SP_SERVER_NAME,PROTOCOL_TYPE,CHANNELS,YT_PROTOCOL_TYPE) values(260340, 4, 26340, '1006339', 'B0000804',1,'1076测试服务器','4',8,'0');
insert into V_VEHICLEINFO (ORG_CODE,VEHICLE_ID,ID_NUMBER,TYPE_ID,TERMINAL_ID,DELETE_FLAG,COLOR_ID_NUMBER_ID,AUTHORIZED_PAY_MASS) values ('B0000804','2600340', '测B06339', 4, 260340, 0, '2',15);

insert into T_SIMINFO (SIM_ID, ORG_CODE, DEPTCODE, STATE,PAY_MODLE, SIM_NUM) values(26341, 'B0000804', '中国移动', 1, '预付费', 13100006340);
insert into T_TERMINALINFO (TERMINAL_ID,TTYPE_ID,SIM_ID,TERMINAL_CODE,ORG_CODE,IS_VIDEO_TERMINAL,SP_SERVER_NAME,PROTOCOL_TYPE,CHANNELS,YT_PROTOCOL_TYPE) values(260341, 4, 26341, '1006340', 'B0000804',1,'1076测试服务器','4',8,'0');
insert into V_VEHICLEINFO (ORG_CODE,VEHICLE_ID,ID_NUMBER,TYPE_ID,TERMINAL_ID,DELETE_FLAG,COLOR_ID_NUMBER_ID,AUTHORIZED_PAY_MASS) values ('B0000804','2600341', '测B06340', 4, 260341, 0, '2',15);

insert into T_SIMINFO (SIM_ID, ORG_CODE, DEPTCODE, STATE,PAY_MODLE, SIM_NUM) values(26342, 'B0000804', '中国移动', 1, '预付费', 13100006341);
insert into T_TERMINALINFO (TERMINAL_ID,TTYPE_ID,SIM_ID,TERMINAL_CODE,ORG_CODE,IS_VIDEO_TERMINAL,SP_SERVER_NAME,PROTOCOL_TYPE,CHANNELS,YT_PROTOCOL_TYPE) values(260342, 4, 26342, '1006341', 'B0000804',1,'1076测试服务器','4',8,'0');
insert into V_VEHICLEINFO (ORG_CODE,VEHICLE_ID,ID_NUMBER,TYPE_ID,TERMINAL_ID,DELETE_FLAG,COLOR_ID_NUMBER_ID,AUTHORIZED_PAY_MASS) values ('B0000804','2600342', '测B06341', 4, 260342, 0, '2',15);

insert into T_SIMINFO (SIM_ID, ORG_CODE, DEPTCODE, STATE,PAY_MODLE, SIM_NUM) values(26343, 'B0000804', '中国移动', 1, '预付费', 13100006342);
insert into T_TERMINALINFO (TERMINAL_ID,TTYPE_ID,SIM_ID,TERMINAL_CODE,ORG_CODE,IS_VIDEO_TERMINAL,SP_SERVER_NAME,PROTOCOL_TYPE,CHANNELS,YT_PROTOCOL_TYPE) values(260343, 4, 26343, '1006342', 'B0000804',1,'1076测试服务器','4',8,'0');
insert into V_VEHICLEINFO (ORG_CODE,VEHICLE_ID,ID_NUMBER,TYPE_ID,TERMINAL_ID,DELETE_FLAG,COLOR_ID_NUMBER_ID,AUTHORIZED_PAY_MASS) values ('B0000804','2600343', '测B06342', 4, 260343, 0, '2',15);

insert into T_SIMINFO (SIM_ID, ORG_CODE, DEPTCODE, STATE,PAY_MODLE, SIM_NUM) values(26344, 'B0000804', '中国移动', 1, '预付费', 13100006343);
insert into T_TERMINALINFO (TERMINAL_ID,TTYPE_ID,SIM_ID,TERMINAL_CODE,ORG_CODE,IS_VIDEO_TERMINAL,SP_SERVER_NAME,PROTOCOL_TYPE,CHANNELS,YT_PROTOCOL_TYPE) values(260344, 4, 26344, '1006343', 'B0000804',1,'1076测试服务器','4',8,'0');
insert into V_VEHICLEINFO (ORG_CODE,VEHICLE_ID,ID_NUMBER,TYPE_ID,TERMINAL_ID,DELETE_FLAG,COLOR_ID_NUMBER_ID,AUTHORIZED_PAY_MASS) values ('B0000804','2600344', '测B06343', 4, 260344, 0, '2',15);

insert into T_SIMINFO (SIM_ID, ORG_CODE, DEPTCODE, STATE,PAY_MODLE, SIM_NUM) values(26345, 'B0000804', '中国移动', 1, '预付费', 13100006344);
insert into T_TERMINALINFO (TERMINAL_ID,TTYPE_ID,SIM_ID,TERMINAL_CODE,ORG_CODE,IS_VIDEO_TERMINAL,SP_SERVER_NAME,PROTOCOL_TYPE,CHANNELS,YT_PROTOCOL_TYPE) values(260345, 4, 26345, '1006344', 'B0000804',1,'1076测试服务器','4',8,'0');
insert into V_VEHICLEINFO (ORG_CODE,VEHICLE_ID,ID_NUMBER,TYPE_ID,TERMINAL_ID,DELETE_FLAG,COLOR_ID_NUMBER_ID,AUTHORIZED_PAY_MASS) values ('B0000804','2600345', '测B06344', 4, 260345, 0, '2',15);

insert into T_SIMINFO (SIM_ID, ORG_CODE, DEPTCODE, STATE,PAY_MODLE, SIM_NUM) values(26346, 'B0000804', '中国移动', 1, '预付费', 13100006345);
insert into T_TERMINALINFO (TERMINAL_ID,TTYPE_ID,SIM_ID,TERMINAL_CODE,ORG_CODE,IS_VIDEO_TERMINAL,SP_SERVER_NAME,PROTOCOL_TYPE,CHANNELS,YT_PROTOCOL_TYPE) values(260346, 4, 26346, '1006345', 'B0000804',1,'1076测试服务器','4',8,'0');
insert into V_VEHICLEINFO (ORG_CODE,VEHICLE_ID,ID_NUMBER,TYPE_ID,TERMINAL_ID,DELETE_FLAG,COLOR_ID_NUMBER_ID,AUTHORIZED_PAY_MASS) values ('B0000804','2600346', '测B06345', 4, 260346, 0, '2',15);

insert into T_SIMINFO (SIM_ID, ORG_CODE, DEPTCODE, STATE,PAY_MODLE, SIM_NUM) values(26347, 'B0000804', '中国移动', 1, '预付费', 13100006346);
insert into T_TERMINALINFO (TERMINAL_ID,TTYPE_ID,SIM_ID,TERMINAL_CODE,ORG_CODE,IS_VIDEO_TERMINAL,SP_SERVER_NAME,PROTOCOL_TYPE,CHANNELS,YT_PROTOCOL_TYPE) values(260347, 4, 26347, '1006346', 'B0000804',1,'1076测试服务器','4',8,'0');
insert into V_VEHICLEINFO (ORG_CODE,VEHICLE_ID,ID_NUMBER,TYPE_ID,TERMINAL_ID,DELETE_FLAG,COLOR_ID_NUMBER_ID,AUTHORIZED_PAY_MASS) values ('B0000804','2600347', '测B06346', 4, 260347, 0, '2',15);

insert into T_SIMINFO (SIM_ID, ORG_CODE, DEPTCODE, STATE,PAY_MODLE, SIM_NUM) values(26348, 'B0000804', '中国移动', 1, '预付费', 13100006347);
insert into T_TERMINALINFO (TERMINAL_ID,TTYPE_ID,SIM_ID,TERMINAL_CODE,ORG_CODE,IS_VIDEO_TERMINAL,SP_SERVER_NAME,PROTOCOL_TYPE,CHANNELS,YT_PROTOCOL_TYPE) values(260348, 4, 26348, '1006347', 'B0000804',1,'1076测试服务器','4',8,'0');
insert into V_VEHICLEINFO (ORG_CODE,VEHICLE_ID,ID_NUMBER,TYPE_ID,TERMINAL_ID,DELETE_FLAG,COLOR_ID_NUMBER_ID,AUTHORIZED_PAY_MASS) values ('B0000804','2600348', '测B06347', 4, 260348, 0, '2',15);

insert into T_SIMINFO (SIM_ID, ORG_CODE, DEPTCODE, STATE,PAY_MODLE, SIM_NUM) values(26349, 'B0000804', '中国移动', 1, '预付费', 13100006348);
insert into T_TERMINALINFO (TERMINAL_ID,TTYPE_ID,SIM_ID,TERMINAL_CODE,ORG_CODE,IS_VIDEO_TERMINAL,SP_SERVER_NAME,PROTOCOL_TYPE,CHANNELS,YT_PROTOCOL_TYPE) values(260349, 4, 26349, '1006348', 'B0000804',1,'1076测试服务器','4',8,'0');
insert into V_VEHICLEINFO (ORG_CODE,VEHICLE_ID,ID_NUMBER,TYPE_ID,TERMINAL_ID,DELETE_FLAG,COLOR_ID_NUMBER_ID,AUTHORIZED_PAY_MASS) values ('B0000804','2600349', '测B06348', 4, 260349, 0, '2',15);

insert into T_SIMINFO (SIM_ID, ORG_CODE, DEPTCODE, STATE,PAY_MODLE, SIM_NUM) values(26350, 'B0000804', '中国移动', 1, '预付费', 13100006349);
insert into T_TERMINALINFO (TERMINAL_ID,TTYPE_ID,SIM_ID,TERMINAL_CODE,ORG_CODE,IS_VIDEO_TERMINAL,SP_SERVER_NAME,PROTOCOL_TYPE,CHANNELS,YT_PROTOCOL_TYPE) values(260350, 4, 26350, '1006349', 'B0000804',1,'1076测试服务器','4',8,'0');
insert into V_VEHICLEINFO (ORG_CODE,VEHICLE_ID,ID_NUMBER,TYPE_ID,TERMINAL_ID,DELETE_FLAG,COLOR_ID_NUMBER_ID,AUTHORIZED_PAY_MASS) values ('B0000804','2600350', '测B06349', 4, 260350, 0, '2',15);

insert into T_SIMINFO (SIM_ID, ORG_CODE, DEPTCODE, STATE,PAY_MODLE, SIM_NUM) values(26351, 'B0000804', '中国移动', 1, '预付费', 13100006350);
insert into T_TERMINALINFO (TERMINAL_ID,TTYPE_ID,SIM_ID,TERMINAL_CODE,ORG_CODE,IS_VIDEO_TERMINAL,SP_SERVER_NAME,PROTOCOL_TYPE,CHANNELS,YT_PROTOCOL_TYPE) values(260351, 4, 26351, '1006350', 'B0000804',1,'1076测试服务器','4',8,'0');
insert into V_VEHICLEINFO (ORG_CODE,VEHICLE_ID,ID_NUMBER,TYPE_ID,TERMINAL_ID,DELETE_FLAG,COLOR_ID_NUMBER_ID,AUTHORIZED_PAY_MASS) values ('B0000804','2600351', '测B06350', 4, 260351, 0, '2',15);

insert into T_SIMINFO (SIM_ID, ORG_CODE, DEPTCODE, STATE,PAY_MODLE, SIM_NUM) values(26352, 'B0000804', '中国移动', 1, '预付费', 13100006351);
insert into T_TERMINALINFO (TERMINAL_ID,TTYPE_ID,SIM_ID,TERMINAL_CODE,ORG_CODE,IS_VIDEO_TERMINAL,SP_SERVER_NAME,PROTOCOL_TYPE,CHANNELS,YT_PROTOCOL_TYPE) values(260352, 4, 26352, '1006351', 'B0000804',1,'1076测试服务器','4',8,'0');
insert into V_VEHICLEINFO (ORG_CODE,VEHICLE_ID,ID_NUMBER,TYPE_ID,TERMINAL_ID,DELETE_FLAG,COLOR_ID_NUMBER_ID,AUTHORIZED_PAY_MASS) values ('B0000804','2600352', '测B06351', 4, 260352, 0, '2',15);

insert into T_SIMINFO (SIM_ID, ORG_CODE, DEPTCODE, STATE,PAY_MODLE, SIM_NUM) values(26353, 'B0000804', '中国移动', 1, '预付费', 13100006352);
insert into T_TERMINALINFO (TERMINAL_ID,TTYPE_ID,SIM_ID,TERMINAL_CODE,ORG_CODE,IS_VIDEO_TERMINAL,SP_SERVER_NAME,PROTOCOL_TYPE,CHANNELS,YT_PROTOCOL_TYPE) values(260353, 4, 26353, '1006352', 'B0000804',1,'1076测试服务器','4',8,'0');
insert into V_VEHICLEINFO (ORG_CODE,VEHICLE_ID,ID_NUMBER,TYPE_ID,TERMINAL_ID,DELETE_FLAG,COLOR_ID_NUMBER_ID,AUTHORIZED_PAY_MASS) values ('B0000804','2600353', '测B06352', 4, 260353, 0, '2',15);

insert into T_SIMINFO (SIM_ID, ORG_CODE, DEPTCODE, STATE,PAY_MODLE, SIM_NUM) values(26354, 'B0000804', '中国移动', 1, '预付费', 13100006353);
insert into T_TERMINALINFO (TERMINAL_ID,TTYPE_ID,SIM_ID,TERMINAL_CODE,ORG_CODE,IS_VIDEO_TERMINAL,SP_SERVER_NAME,PROTOCOL_TYPE,CHANNELS,YT_PROTOCOL_TYPE) values(260354, 4, 26354, '1006353', 'B0000804',1,'1076测试服务器','4',8,'0');
insert into V_VEHICLEINFO (ORG_CODE,VEHICLE_ID,ID_NUMBER,TYPE_ID,TERMINAL_ID,DELETE_FLAG,COLOR_ID_NUMBER_ID,AUTHORIZED_PAY_MASS) values ('B0000804','2600354', '测B06353', 4, 260354, 0, '2',15);

insert into T_SIMINFO (SIM_ID, ORG_CODE, DEPTCODE, STATE,PAY_MODLE, SIM_NUM) values(26355, 'B0000804', '中国移动', 1, '预付费', 13100006354);
insert into T_TERMINALINFO (TERMINAL_ID,TTYPE_ID,SIM_ID,TERMINAL_CODE,ORG_CODE,IS_VIDEO_TERMINAL,SP_SERVER_NAME,PROTOCOL_TYPE,CHANNELS,YT_PROTOCOL_TYPE) values(260355, 4, 26355, '1006354', 'B0000804',1,'1076测试服务器','4',8,'0');
insert into V_VEHICLEINFO (ORG_CODE,VEHICLE_ID,ID_NUMBER,TYPE_ID,TERMINAL_ID,DELETE_FLAG,COLOR_ID_NUMBER_ID,AUTHORIZED_PAY_MASS) values ('B0000804','2600355', '测B06354', 4, 260355, 0, '2',15);

insert into T_SIMINFO (SIM_ID, ORG_CODE, DEPTCODE, STATE,PAY_MODLE, SIM_NUM) values(26356, 'B0000804', '中国移动', 1, '预付费', 13100006355);
insert into T_TERMINALINFO (TERMINAL_ID,TTYPE_ID,SIM_ID,TERMINAL_CODE,ORG_CODE,IS_VIDEO_TERMINAL,SP_SERVER_NAME,PROTOCOL_TYPE,CHANNELS,YT_PROTOCOL_TYPE) values(260356, 4, 26356, '1006355', 'B0000804',1,'1076测试服务器','4',8,'0');
insert into V_VEHICLEINFO (ORG_CODE,VEHICLE_ID,ID_NUMBER,TYPE_ID,TERMINAL_ID,DELETE_FLAG,COLOR_ID_NUMBER_ID,AUTHORIZED_PAY_MASS) values ('B0000804','2600356', '测B06355', 4, 260356, 0, '2',15);

insert into T_SIMINFO (SIM_ID, ORG_CODE, DEPTCODE, STATE,PAY_MODLE, SIM_NUM) values(26357, 'B0000804', '中国移动', 1, '预付费', 13100006356);
insert into T_TERMINALINFO (TERMINAL_ID,TTYPE_ID,SIM_ID,TERMINAL_CODE,ORG_CODE,IS_VIDEO_TERMINAL,SP_SERVER_NAME,PROTOCOL_TYPE,CHANNELS,YT_PROTOCOL_TYPE) values(260357, 4, 26357, '1006356', 'B0000804',1,'1076测试服务器','4',8,'0');
insert into V_VEHICLEINFO (ORG_CODE,VEHICLE_ID,ID_NUMBER,TYPE_ID,TERMINAL_ID,DELETE_FLAG,COLOR_ID_NUMBER_ID,AUTHORIZED_PAY_MASS) values ('B0000804','2600357', '测B06356', 4, 260357, 0, '2',15);

insert into T_SIMINFO (SIM_ID, ORG_CODE, DEPTCODE, STATE,PAY_MODLE, SIM_NUM) values(26358, 'B0000804', '中国移动', 1, '预付费', 13100006357);
insert into T_TERMINALINFO (TERMINAL_ID,TTYPE_ID,SIM_ID,TERMINAL_CODE,ORG_CODE,IS_VIDEO_TERMINAL,SP_SERVER_NAME,PROTOCOL_TYPE,CHANNELS,YT_PROTOCOL_TYPE) values(260358, 4, 26358, '1006357', 'B0000804',1,'1076测试服务器','4',8,'0');
insert into V_VEHICLEINFO (ORG_CODE,VEHICLE_ID,ID_NUMBER,TYPE_ID,TERMINAL_ID,DELETE_FLAG,COLOR_ID_NUMBER_ID,AUTHORIZED_PAY_MASS) values ('B0000804','2600358', '测B06357', 4, 260358, 0, '2',15);

insert into T_SIMINFO (SIM_ID, ORG_CODE, DEPTCODE, STATE,PAY_MODLE, SIM_NUM) values(26359, 'B0000804', '中国移动', 1, '预付费', 13100006358);
insert into T_TERMINALINFO (TERMINAL_ID,TTYPE_ID,SIM_ID,TERMINAL_CODE,ORG_CODE,IS_VIDEO_TERMINAL,SP_SERVER_NAME,PROTOCOL_TYPE,CHANNELS,YT_PROTOCOL_TYPE) values(260359, 4, 26359, '1006358', 'B0000804',1,'1076测试服务器','4',8,'0');
insert into V_VEHICLEINFO (ORG_CODE,VEHICLE_ID,ID_NUMBER,TYPE_ID,TERMINAL_ID,DELETE_FLAG,COLOR_ID_NUMBER_ID,AUTHORIZED_PAY_MASS) values ('B0000804','2600359', '测B06358', 4, 260359, 0, '2',15);

insert into T_SIMINFO (SIM_ID, ORG_CODE, DEPTCODE, STATE,PAY_MODLE, SIM_NUM) values(26360, 'B0000804', '中国移动', 1, '预付费', 13100006359);
insert into T_TERMINALINFO (TERMINAL_ID,TTYPE_ID,SIM_ID,TERMINAL_CODE,ORG_CODE,IS_VIDEO_TERMINAL,SP_SERVER_NAME,PROTOCOL_TYPE,CHANNELS,YT_PROTOCOL_TYPE) values(260360, 4, 26360, '1006359', 'B0000804',1,'1076测试服务器','4',8,'0');
insert into V_VEHICLEINFO (ORG_CODE,VEHICLE_ID,ID_NUMBER,TYPE_ID,TERMINAL_ID,DELETE_FLAG,COLOR_ID_NUMBER_ID,AUTHORIZED_PAY_MASS) values ('B0000804','2600360', '测B06359', 4, 260360, 0, '2',15);

insert into T_SIMINFO (SIM_ID, ORG_CODE, DEPTCODE, STATE,PAY_MODLE, SIM_NUM) values(26361, 'B0000804', '中国移动', 1, '预付费', 13100006360);
insert into T_TERMINALINFO (TERMINAL_ID,TTYPE_ID,SIM_ID,TERMINAL_CODE,ORG_CODE,IS_VIDEO_TERMINAL,SP_SERVER_NAME,PROTOCOL_TYPE,CHANNELS,YT_PROTOCOL_TYPE) values(260361, 4, 26361, '1006360', 'B0000804',1,'1076测试服务器','4',8,'0');
insert into V_VEHICLEINFO (ORG_CODE,VEHICLE_ID,ID_NUMBER,TYPE_ID,TERMINAL_ID,DELETE_FLAG,COLOR_ID_NUMBER_ID,AUTHORIZED_PAY_MASS) values ('B0000804','2600361', '测B06360', 4, 260361, 0, '2',15);

insert into T_SIMINFO (SIM_ID, ORG_CODE, DEPTCODE, STATE,PAY_MODLE, SIM_NUM) values(26362, 'B0000804', '中国移动', 1, '预付费', 13100006361);
insert into T_TERMINALINFO (TERMINAL_ID,TTYPE_ID,SIM_ID,TERMINAL_CODE,ORG_CODE,IS_VIDEO_TERMINAL,SP_SERVER_NAME,PROTOCOL_TYPE,CHANNELS,YT_PROTOCOL_TYPE) values(260362, 4, 26362, '1006361', 'B0000804',1,'1076测试服务器','4',8,'0');
insert into V_VEHICLEINFO (ORG_CODE,VEHICLE_ID,ID_NUMBER,TYPE_ID,TERMINAL_ID,DELETE_FLAG,COLOR_ID_NUMBER_ID,AUTHORIZED_PAY_MASS) values ('B0000804','2600362', '测B06361', 4, 260362, 0, '2',15);

insert into T_SIMINFO (SIM_ID, ORG_CODE, DEPTCODE, STATE,PAY_MODLE, SIM_NUM) values(26363, 'B0000804', '中国移动', 1, '预付费', 13100006362);
insert into T_TERMINALINFO (TERMINAL_ID,TTYPE_ID,SIM_ID,TERMINAL_CODE,ORG_CODE,IS_VIDEO_TERMINAL,SP_SERVER_NAME,PROTOCOL_TYPE,CHANNELS,YT_PROTOCOL_TYPE) values(260363, 4, 26363, '1006362', 'B0000804',1,'1076测试服务器','4',8,'0');
insert into V_VEHICLEINFO (ORG_CODE,VEHICLE_ID,ID_NUMBER,TYPE_ID,TERMINAL_ID,DELETE_FLAG,COLOR_ID_NUMBER_ID,AUTHORIZED_PAY_MASS) values ('B0000804','2600363', '测B06362', 4, 260363, 0, '2',15);

insert into T_SIMINFO (SIM_ID, ORG_CODE, DEPTCODE, STATE,PAY_MODLE, SIM_NUM) values(26364, 'B0000804', '中国移动', 1, '预付费', 13100006363);
insert into T_TERMINALINFO (TERMINAL_ID,TTYPE_ID,SIM_ID,TERMINAL_CODE,ORG_CODE,IS_VIDEO_TERMINAL,SP_SERVER_NAME,PROTOCOL_TYPE,CHANNELS,YT_PROTOCOL_TYPE) values(260364, 4, 26364, '1006363', 'B0000804',1,'1076测试服务器','4',8,'0');
insert into V_VEHICLEINFO (ORG_CODE,VEHICLE_ID,ID_NUMBER,TYPE_ID,TERMINAL_ID,DELETE_FLAG,COLOR_ID_NUMBER_ID,AUTHORIZED_PAY_MASS) values ('B0000804','2600364', '测B06363', 4, 260364, 0, '2',15);

insert into T_SIMINFO (SIM_ID, ORG_CODE, DEPTCODE, STATE,PAY_MODLE, SIM_NUM) values(26365, 'B0000804', '中国移动', 1, '预付费', 13100006364);
insert into T_TERMINALINFO (TERMINAL_ID,TTYPE_ID,SIM_ID,TERMINAL_CODE,ORG_CODE,IS_VIDEO_TERMINAL,SP_SERVER_NAME,PROTOCOL_TYPE,CHANNELS,YT_PROTOCOL_TYPE) values(260365, 4, 26365, '1006364', 'B0000804',1,'1076测试服务器','4',8,'0');
insert into V_VEHICLEINFO (ORG_CODE,VEHICLE_ID,ID_NUMBER,TYPE_ID,TERMINAL_ID,DELETE_FLAG,COLOR_ID_NUMBER_ID,AUTHORIZED_PAY_MASS) values ('B0000804','2600365', '测B06364', 4, 260365, 0, '2',15);

insert into T_SIMINFO (SIM_ID, ORG_CODE, DEPTCODE, STATE,PAY_MODLE, SIM_NUM) values(26366, 'B0000804', '中国移动', 1, '预付费', 13100006365);
insert into T_TERMINALINFO (TERMINAL_ID,TTYPE_ID,SIM_ID,TERMINAL_CODE,ORG_CODE,IS_VIDEO_TERMINAL,SP_SERVER_NAME,PROTOCOL_TYPE,CHANNELS,YT_PROTOCOL_TYPE) values(260366, 4, 26366, '1006365', 'B0000804',1,'1076测试服务器','4',8,'0');
insert into V_VEHICLEINFO (ORG_CODE,VEHICLE_ID,ID_NUMBER,TYPE_ID,TERMINAL_ID,DELETE_FLAG,COLOR_ID_NUMBER_ID,AUTHORIZED_PAY_MASS) values ('B0000804','2600366', '测B06365', 4, 260366, 0, '2',15);

insert into T_SIMINFO (SIM_ID, ORG_CODE, DEPTCODE, STATE,PAY_MODLE, SIM_NUM) values(26367, 'B0000804', '中国移动', 1, '预付费', 13100006366);
insert into T_TERMINALINFO (TERMINAL_ID,TTYPE_ID,SIM_ID,TERMINAL_CODE,ORG_CODE,IS_VIDEO_TERMINAL,SP_SERVER_NAME,PROTOCOL_TYPE,CHANNELS,YT_PROTOCOL_TYPE) values(260367, 4, 26367, '1006366', 'B0000804',1,'1076测试服务器','4',8,'0');
insert into V_VEHICLEINFO (ORG_CODE,VEHICLE_ID,ID_NUMBER,TYPE_ID,TERMINAL_ID,DELETE_FLAG,COLOR_ID_NUMBER_ID,AUTHORIZED_PAY_MASS) values ('B0000804','2600367', '测B06366', 4, 260367, 0, '2',15);

insert into T_SIMINFO (SIM_ID, ORG_CODE, DEPTCODE, STATE,PAY_MODLE, SIM_NUM) values(26368, 'B0000804', '中国移动', 1, '预付费', 13100006367);
insert into T_TERMINALINFO (TERMINAL_ID,TTYPE_ID,SIM_ID,TERMINAL_CODE,ORG_CODE,IS_VIDEO_TERMINAL,SP_SERVER_NAME,PROTOCOL_TYPE,CHANNELS,YT_PROTOCOL_TYPE) values(260368, 4, 26368, '1006367', 'B0000804',1,'1076测试服务器','4',8,'0');
insert into V_VEHICLEINFO (ORG_CODE,VEHICLE_ID,ID_NUMBER,TYPE_ID,TERMINAL_ID,DELETE_FLAG,COLOR_ID_NUMBER_ID,AUTHORIZED_PAY_MASS) values ('B0000804','2600368', '测B06367', 4, 260368, 0, '2',15);

insert into T_SIMINFO (SIM_ID, ORG_CODE, DEPTCODE, STATE,PAY_MODLE, SIM_NUM) values(26369, 'B0000804', '中国移动', 1, '预付费', 13100006368);
insert into T_TERMINALINFO (TERMINAL_ID,TTYPE_ID,SIM_ID,TERMINAL_CODE,ORG_CODE,IS_VIDEO_TERMINAL,SP_SERVER_NAME,PROTOCOL_TYPE,CHANNELS,YT_PROTOCOL_TYPE) values(260369, 4, 26369, '1006368', 'B0000804',1,'1076测试服务器','4',8,'0');
insert into V_VEHICLEINFO (ORG_CODE,VEHICLE_ID,ID_NUMBER,TYPE_ID,TERMINAL_ID,DELETE_FLAG,COLOR_ID_NUMBER_ID,AUTHORIZED_PAY_MASS) values ('B0000804','2600369', '测B06368', 4, 260369, 0, '2',15);

insert into T_SIMINFO (SIM_ID, ORG_CODE, DEPTCODE, STATE,PAY_MODLE, SIM_NUM) values(26370, 'B0000804', '中国移动', 1, '预付费', 13100006369);
insert into T_TERMINALINFO (TERMINAL_ID,TTYPE_ID,SIM_ID,TERMINAL_CODE,ORG_CODE,IS_VIDEO_TERMINAL,SP_SERVER_NAME,PROTOCOL_TYPE,CHANNELS,YT_PROTOCOL_TYPE) values(260370, 4, 26370, '1006369', 'B0000804',1,'1076测试服务器','4',8,'0');
insert into V_VEHICLEINFO (ORG_CODE,VEHICLE_ID,ID_NUMBER,TYPE_ID,TERMINAL_ID,DELETE_FLAG,COLOR_ID_NUMBER_ID,AUTHORIZED_PAY_MASS) values ('B0000804','2600370', '测B06369', 4, 260370, 0, '2',15);

insert into T_SIMINFO (SIM_ID, ORG_CODE, DEPTCODE, STATE,PAY_MODLE, SIM_NUM) values(26371, 'B0000804', '中国移动', 1, '预付费', 13100006370);
insert into T_TERMINALINFO (TERMINAL_ID,TTYPE_ID,SIM_ID,TERMINAL_CODE,ORG_CODE,IS_VIDEO_TERMINAL,SP_SERVER_NAME,PROTOCOL_TYPE,CHANNELS,YT_PROTOCOL_TYPE) values(260371, 4, 26371, '1006370', 'B0000804',1,'1076测试服务器','4',8,'0');
insert into V_VEHICLEINFO (ORG_CODE,VEHICLE_ID,ID_NUMBER,TYPE_ID,TERMINAL_ID,DELETE_FLAG,COLOR_ID_NUMBER_ID,AUTHORIZED_PAY_MASS) values ('B0000804','2600371', '测B06370', 4, 260371, 0, '2',15);

insert into T_SIMINFO (SIM_ID, ORG_CODE, DEPTCODE, STATE,PAY_MODLE, SIM_NUM) values(26372, 'B0000804', '中国移动', 1, '预付费', 13100006371);
insert into T_TERMINALINFO (TERMINAL_ID,TTYPE_ID,SIM_ID,TERMINAL_CODE,ORG_CODE,IS_VIDEO_TERMINAL,SP_SERVER_NAME,PROTOCOL_TYPE,CHANNELS,YT_PROTOCOL_TYPE) values(260372, 4, 26372, '1006371', 'B0000804',1,'1076测试服务器','4',8,'0');
insert into V_VEHICLEINFO (ORG_CODE,VEHICLE_ID,ID_NUMBER,TYPE_ID,TERMINAL_ID,DELETE_FLAG,COLOR_ID_NUMBER_ID,AUTHORIZED_PAY_MASS) values ('B0000804','2600372', '测B06371', 4, 260372, 0, '2',15);

insert into T_SIMINFO (SIM_ID, ORG_CODE, DEPTCODE, STATE,PAY_MODLE, SIM_NUM) values(26373, 'B0000804', '中国移动', 1, '预付费', 13100006372);
insert into T_TERMINALINFO (TERMINAL_ID,TTYPE_ID,SIM_ID,TERMINAL_CODE,ORG_CODE,IS_VIDEO_TERMINAL,SP_SERVER_NAME,PROTOCOL_TYPE,CHANNELS,YT_PROTOCOL_TYPE) values(260373, 4, 26373, '1006372', 'B0000804',1,'1076测试服务器','4',8,'0');
insert into V_VEHICLEINFO (ORG_CODE,VEHICLE_ID,ID_NUMBER,TYPE_ID,TERMINAL_ID,DELETE_FLAG,COLOR_ID_NUMBER_ID,AUTHORIZED_PAY_MASS) values ('B0000804','2600373', '测B06372', 4, 260373, 0, '2',15);

insert into T_SIMINFO (SIM_ID, ORG_CODE, DEPTCODE, STATE,PAY_MODLE, SIM_NUM) values(26374, 'B0000804', '中国移动', 1, '预付费', 13100006373);
insert into T_TERMINALINFO (TERMINAL_ID,TTYPE_ID,SIM_ID,TERMINAL_CODE,ORG_CODE,IS_VIDEO_TERMINAL,SP_SERVER_NAME,PROTOCOL_TYPE,CHANNELS,YT_PROTOCOL_TYPE) values(260374, 4, 26374, '1006373', 'B0000804',1,'1076测试服务器','4',8,'0');
insert into V_VEHICLEINFO (ORG_CODE,VEHICLE_ID,ID_NUMBER,TYPE_ID,TERMINAL_ID,DELETE_FLAG,COLOR_ID_NUMBER_ID,AUTHORIZED_PAY_MASS) values ('B0000804','2600374', '测B06373', 4, 260374, 0, '2',15);

insert into T_SIMINFO (SIM_ID, ORG_CODE, DEPTCODE, STATE,PAY_MODLE, SIM_NUM) values(26375, 'B0000804', '中国移动', 1, '预付费', 13100006374);
insert into T_TERMINALINFO (TERMINAL_ID,TTYPE_ID,SIM_ID,TERMINAL_CODE,ORG_CODE,IS_VIDEO_TERMINAL,SP_SERVER_NAME,PROTOCOL_TYPE,CHANNELS,YT_PROTOCOL_TYPE) values(260375, 4, 26375, '1006374', 'B0000804',1,'1076测试服务器','4',8,'0');
insert into V_VEHICLEINFO (ORG_CODE,VEHICLE_ID,ID_NUMBER,TYPE_ID,TERMINAL_ID,DELETE_FLAG,COLOR_ID_NUMBER_ID,AUTHORIZED_PAY_MASS) values ('B0000804','2600375', '测B06374', 4, 260375, 0, '2',15);

insert into T_SIMINFO (SIM_ID, ORG_CODE, DEPTCODE, STATE,PAY_MODLE, SIM_NUM) values(26376, 'B0000804', '中国移动', 1, '预付费', 13100006375);
insert into T_TERMINALINFO (TERMINAL_ID,TTYPE_ID,SIM_ID,TERMINAL_CODE,ORG_CODE,IS_VIDEO_TERMINAL,SP_SERVER_NAME,PROTOCOL_TYPE,CHANNELS,YT_PROTOCOL_TYPE) values(260376, 4, 26376, '1006375', 'B0000804',1,'1076测试服务器','4',8,'0');
insert into V_VEHICLEINFO (ORG_CODE,VEHICLE_ID,ID_NUMBER,TYPE_ID,TERMINAL_ID,DELETE_FLAG,COLOR_ID_NUMBER_ID,AUTHORIZED_PAY_MASS) values ('B0000804','2600376', '测B06375', 4, 260376, 0, '2',15);

insert into T_SIMINFO (SIM_ID, ORG_CODE, DEPTCODE, STATE,PAY_MODLE, SIM_NUM) values(26377, 'B0000804', '中国移动', 1, '预付费', 13100006376);
insert into T_TERMINALINFO (TERMINAL_ID,TTYPE_ID,SIM_ID,TERMINAL_CODE,ORG_CODE,IS_VIDEO_TERMINAL,SP_SERVER_NAME,PROTOCOL_TYPE,CHANNELS,YT_PROTOCOL_TYPE) values(260377, 4, 26377, '1006376', 'B0000804',1,'1076测试服务器','4',8,'0');
insert into V_VEHICLEINFO (ORG_CODE,VEHICLE_ID,ID_NUMBER,TYPE_ID,TERMINAL_ID,DELETE_FLAG,COLOR_ID_NUMBER_ID,AUTHORIZED_PAY_MASS) values ('B0000804','2600377', '测B06376', 4, 260377, 0, '2',15);

insert into T_SIMINFO (SIM_ID, ORG_CODE, DEPTCODE, STATE,PAY_MODLE, SIM_NUM) values(26378, 'B0000804', '中国移动', 1, '预付费', 13100006377);
insert into T_TERMINALINFO (TERMINAL_ID,TTYPE_ID,SIM_ID,TERMINAL_CODE,ORG_CODE,IS_VIDEO_TERMINAL,SP_SERVER_NAME,PROTOCOL_TYPE,CHANNELS,YT_PROTOCOL_TYPE) values(260378, 4, 26378, '1006377', 'B0000804',1,'1076测试服务器','4',8,'0');
insert into V_VEHICLEINFO (ORG_CODE,VEHICLE_ID,ID_NUMBER,TYPE_ID,TERMINAL_ID,DELETE_FLAG,COLOR_ID_NUMBER_ID,AUTHORIZED_PAY_MASS) values ('B0000804','2600378', '测B06377', 4, 260378, 0, '2',15);

insert into T_SIMINFO (SIM_ID, ORG_CODE, DEPTCODE, STATE,PAY_MODLE, SIM_NUM) values(26379, 'B0000804', '中国移动', 1, '预付费', 13100006378);
insert into T_TERMINALINFO (TERMINAL_ID,TTYPE_ID,SIM_ID,TERMINAL_CODE,ORG_CODE,IS_VIDEO_TERMINAL,SP_SERVER_NAME,PROTOCOL_TYPE,CHANNELS,YT_PROTOCOL_TYPE) values(260379, 4, 26379, '1006378', 'B0000804',1,'1076测试服务器','4',8,'0');
insert into V_VEHICLEINFO (ORG_CODE,VEHICLE_ID,ID_NUMBER,TYPE_ID,TERMINAL_ID,DELETE_FLAG,COLOR_ID_NUMBER_ID,AUTHORIZED_PAY_MASS) values ('B0000804','2600379', '测B06378', 4, 260379, 0, '2',15);

insert into T_SIMINFO (SIM_ID, ORG_CODE, DEPTCODE, STATE,PAY_MODLE, SIM_NUM) values(26380, 'B0000804', '中国移动', 1, '预付费', 13100006379);
insert into T_TERMINALINFO (TERMINAL_ID,TTYPE_ID,SIM_ID,TERMINAL_CODE,ORG_CODE,IS_VIDEO_TERMINAL,SP_SERVER_NAME,PROTOCOL_TYPE,CHANNELS,YT_PROTOCOL_TYPE) values(260380, 4, 26380, '1006379', 'B0000804',1,'1076测试服务器','4',8,'0');
insert into V_VEHICLEINFO (ORG_CODE,VEHICLE_ID,ID_NUMBER,TYPE_ID,TERMINAL_ID,DELETE_FLAG,COLOR_ID_NUMBER_ID,AUTHORIZED_PAY_MASS) values ('B0000804','2600380', '测B06379', 4, 260380, 0, '2',15);

insert into T_SIMINFO (SIM_ID, ORG_CODE, DEPTCODE, STATE,PAY_MODLE, SIM_NUM) values(26381, 'B0000804', '中国移动', 1, '预付费', 13100006380);
insert into T_TERMINALINFO (TERMINAL_ID,TTYPE_ID,SIM_ID,TERMINAL_CODE,ORG_CODE,IS_VIDEO_TERMINAL,SP_SERVER_NAME,PROTOCOL_TYPE,CHANNELS,YT_PROTOCOL_TYPE) values(260381, 4, 26381, '1006380', 'B0000804',1,'1076测试服务器','4',8,'0');
insert into V_VEHICLEINFO (ORG_CODE,VEHICLE_ID,ID_NUMBER,TYPE_ID,TERMINAL_ID,DELETE_FLAG,COLOR_ID_NUMBER_ID,AUTHORIZED_PAY_MASS) values ('B0000804','2600381', '测B06380', 4, 260381, 0, '2',15);

insert into T_SIMINFO (SIM_ID, ORG_CODE, DEPTCODE, STATE,PAY_MODLE, SIM_NUM) values(26382, 'B0000804', '中国移动', 1, '预付费', 13100006381);
insert into T_TERMINALINFO (TERMINAL_ID,TTYPE_ID,SIM_ID,TERMINAL_CODE,ORG_CODE,IS_VIDEO_TERMINAL,SP_SERVER_NAME,PROTOCOL_TYPE,CHANNELS,YT_PROTOCOL_TYPE) values(260382, 4, 26382, '1006381', 'B0000804',1,'1076测试服务器','4',8,'0');
insert into V_VEHICLEINFO (ORG_CODE,VEHICLE_ID,ID_NUMBER,TYPE_ID,TERMINAL_ID,DELETE_FLAG,COLOR_ID_NUMBER_ID,AUTHORIZED_PAY_MASS) values ('B0000804','2600382', '测B06381', 4, 260382, 0, '2',15);

insert into T_SIMINFO (SIM_ID, ORG_CODE, DEPTCODE, STATE,PAY_MODLE, SIM_NUM) values(26383, 'B0000804', '中国移动', 1, '预付费', 13100006382);
insert into T_TERMINALINFO (TERMINAL_ID,TTYPE_ID,SIM_ID,TERMINAL_CODE,ORG_CODE,IS_VIDEO_TERMINAL,SP_SERVER_NAME,PROTOCOL_TYPE,CHANNELS,YT_PROTOCOL_TYPE) values(260383, 4, 26383, '1006382', 'B0000804',1,'1076测试服务器','4',8,'0');
insert into V_VEHICLEINFO (ORG_CODE,VEHICLE_ID,ID_NUMBER,TYPE_ID,TERMINAL_ID,DELETE_FLAG,COLOR_ID_NUMBER_ID,AUTHORIZED_PAY_MASS) values ('B0000804','2600383', '测B06382', 4, 260383, 0, '2',15);

insert into T_SIMINFO (SIM_ID, ORG_CODE, DEPTCODE, STATE,PAY_MODLE, SIM_NUM) values(26384, 'B0000804', '中国移动', 1, '预付费', 13100006383);
insert into T_TERMINALINFO (TERMINAL_ID,TTYPE_ID,SIM_ID,TERMINAL_CODE,ORG_CODE,IS_VIDEO_TERMINAL,SP_SERVER_NAME,PROTOCOL_TYPE,CHANNELS,YT_PROTOCOL_TYPE) values(260384, 4, 26384, '1006383', 'B0000804',1,'1076测试服务器','4',8,'0');
insert into V_VEHICLEINFO (ORG_CODE,VEHICLE_ID,ID_NUMBER,TYPE_ID,TERMINAL_ID,DELETE_FLAG,COLOR_ID_NUMBER_ID,AUTHORIZED_PAY_MASS) values ('B0000804','2600384', '测B06383', 4, 260384, 0, '2',15);

insert into T_SIMINFO (SIM_ID, ORG_CODE, DEPTCODE, STATE,PAY_MODLE, SIM_NUM) values(26385, 'B0000804', '中国移动', 1, '预付费', 13100006384);
insert into T_TERMINALINFO (TERMINAL_ID,TTYPE_ID,SIM_ID,TERMINAL_CODE,ORG_CODE,IS_VIDEO_TERMINAL,SP_SERVER_NAME,PROTOCOL_TYPE,CHANNELS,YT_PROTOCOL_TYPE) values(260385, 4, 26385, '1006384', 'B0000804',1,'1076测试服务器','4',8,'0');
insert into V_VEHICLEINFO (ORG_CODE,VEHICLE_ID,ID_NUMBER,TYPE_ID,TERMINAL_ID,DELETE_FLAG,COLOR_ID_NUMBER_ID,AUTHORIZED_PAY_MASS) values ('B0000804','2600385', '测B06384', 4, 260385, 0, '2',15);

insert into T_SIMINFO (SIM_ID, ORG_CODE, DEPTCODE, STATE,PAY_MODLE, SIM_NUM) values(26386, 'B0000804', '中国移动', 1, '预付费', 13100006385);
insert into T_TERMINALINFO (TERMINAL_ID,TTYPE_ID,SIM_ID,TERMINAL_CODE,ORG_CODE,IS_VIDEO_TERMINAL,SP_SERVER_NAME,PROTOCOL_TYPE,CHANNELS,YT_PROTOCOL_TYPE) values(260386, 4, 26386, '1006385', 'B0000804',1,'1076测试服务器','4',8,'0');
insert into V_VEHICLEINFO (ORG_CODE,VEHICLE_ID,ID_NUMBER,TYPE_ID,TERMINAL_ID,DELETE_FLAG,COLOR_ID_NUMBER_ID,AUTHORIZED_PAY_MASS) values ('B0000804','2600386', '测B06385', 4, 260386, 0, '2',15);

insert into T_SIMINFO (SIM_ID, ORG_CODE, DEPTCODE, STATE,PAY_MODLE, SIM_NUM) values(26387, 'B0000804', '中国移动', 1, '预付费', 13100006386);
insert into T_TERMINALINFO (TERMINAL_ID,TTYPE_ID,SIM_ID,TERMINAL_CODE,ORG_CODE,IS_VIDEO_TERMINAL,SP_SERVER_NAME,PROTOCOL_TYPE,CHANNELS,YT_PROTOCOL_TYPE) values(260387, 4, 26387, '1006386', 'B0000804',1,'1076测试服务器','4',8,'0');
insert into V_VEHICLEINFO (ORG_CODE,VEHICLE_ID,ID_NUMBER,TYPE_ID,TERMINAL_ID,DELETE_FLAG,COLOR_ID_NUMBER_ID,AUTHORIZED_PAY_MASS) values ('B0000804','2600387', '测B06386', 4, 260387, 0, '2',15);

insert into T_SIMINFO (SIM_ID, ORG_CODE, DEPTCODE, STATE,PAY_MODLE, SIM_NUM) values(26388, 'B0000804', '中国移动', 1, '预付费', 13100006387);
insert into T_TERMINALINFO (TERMINAL_ID,TTYPE_ID,SIM_ID,TERMINAL_CODE,ORG_CODE,IS_VIDEO_TERMINAL,SP_SERVER_NAME,PROTOCOL_TYPE,CHANNELS,YT_PROTOCOL_TYPE) values(260388, 4, 26388, '1006387', 'B0000804',1,'1076测试服务器','4',8,'0');
insert into V_VEHICLEINFO (ORG_CODE,VEHICLE_ID,ID_NUMBER,TYPE_ID,TERMINAL_ID,DELETE_FLAG,COLOR_ID_NUMBER_ID,AUTHORIZED_PAY_MASS) values ('B0000804','2600388', '测B06387', 4, 260388, 0, '2',15);

insert into T_SIMINFO (SIM_ID, ORG_CODE, DEPTCODE, STATE,PAY_MODLE, SIM_NUM) values(26389, 'B0000804', '中国移动', 1, '预付费', 13100006388);
insert into T_TERMINALINFO (TERMINAL_ID,TTYPE_ID,SIM_ID,TERMINAL_CODE,ORG_CODE,IS_VIDEO_TERMINAL,SP_SERVER_NAME,PROTOCOL_TYPE,CHANNELS,YT_PROTOCOL_TYPE) values(260389, 4, 26389, '1006388', 'B0000804',1,'1076测试服务器','4',8,'0');
insert into V_VEHICLEINFO (ORG_CODE,VEHICLE_ID,ID_NUMBER,TYPE_ID,TERMINAL_ID,DELETE_FLAG,COLOR_ID_NUMBER_ID,AUTHORIZED_PAY_MASS) values ('B0000804','2600389', '测B06388', 4, 260389, 0, '2',15);

insert into T_SIMINFO (SIM_ID, ORG_CODE, DEPTCODE, STATE,PAY_MODLE, SIM_NUM) values(26390, 'B0000804', '中国移动', 1, '预付费', 13100006389);
insert into T_TERMINALINFO (TERMINAL_ID,TTYPE_ID,SIM_ID,TERMINAL_CODE,ORG_CODE,IS_VIDEO_TERMINAL,SP_SERVER_NAME,PROTOCOL_TYPE,CHANNELS,YT_PROTOCOL_TYPE) values(260390, 4, 26390, '1006389', 'B0000804',1,'1076测试服务器','4',8,'0');
insert into V_VEHICLEINFO (ORG_CODE,VEHICLE_ID,ID_NUMBER,TYPE_ID,TERMINAL_ID,DELETE_FLAG,COLOR_ID_NUMBER_ID,AUTHORIZED_PAY_MASS) values ('B0000804','2600390', '测B06389', 4, 260390, 0, '2',15);

insert into T_SIMINFO (SIM_ID, ORG_CODE, DEPTCODE, STATE,PAY_MODLE, SIM_NUM) values(26391, 'B0000804', '中国移动', 1, '预付费', 13100006390);
insert into T_TERMINALINFO (TERMINAL_ID,TTYPE_ID,SIM_ID,TERMINAL_CODE,ORG_CODE,IS_VIDEO_TERMINAL,SP_SERVER_NAME,PROTOCOL_TYPE,CHANNELS,YT_PROTOCOL_TYPE) values(260391, 4, 26391, '1006390', 'B0000804',1,'1076测试服务器','4',8,'0');
insert into V_VEHICLEINFO (ORG_CODE,VEHICLE_ID,ID_NUMBER,TYPE_ID,TERMINAL_ID,DELETE_FLAG,COLOR_ID_NUMBER_ID,AUTHORIZED_PAY_MASS) values ('B0000804','2600391', '测B06390', 4, 260391, 0, '2',15);

insert into T_SIMINFO (SIM_ID, ORG_CODE, DEPTCODE, STATE,PAY_MODLE, SIM_NUM) values(26392, 'B0000804', '中国移动', 1, '预付费', 13100006391);
insert into T_TERMINALINFO (TERMINAL_ID,TTYPE_ID,SIM_ID,TERMINAL_CODE,ORG_CODE,IS_VIDEO_TERMINAL,SP_SERVER_NAME,PROTOCOL_TYPE,CHANNELS,YT_PROTOCOL_TYPE) values(260392, 4, 26392, '1006391', 'B0000804',1,'1076测试服务器','4',8,'0');
insert into V_VEHICLEINFO (ORG_CODE,VEHICLE_ID,ID_NUMBER,TYPE_ID,TERMINAL_ID,DELETE_FLAG,COLOR_ID_NUMBER_ID,AUTHORIZED_PAY_MASS) values ('B0000804','2600392', '测B06391', 4, 260392, 0, '2',15);

insert into T_SIMINFO (SIM_ID, ORG_CODE, DEPTCODE, STATE,PAY_MODLE, SIM_NUM) values(26393, 'B0000804', '中国移动', 1, '预付费', 13100006392);
insert into T_TERMINALINFO (TERMINAL_ID,TTYPE_ID,SIM_ID,TERMINAL_CODE,ORG_CODE,IS_VIDEO_TERMINAL,SP_SERVER_NAME,PROTOCOL_TYPE,CHANNELS,YT_PROTOCOL_TYPE) values(260393, 4, 26393, '1006392', 'B0000804',1,'1076测试服务器','4',8,'0');
insert into V_VEHICLEINFO (ORG_CODE,VEHICLE_ID,ID_NUMBER,TYPE_ID,TERMINAL_ID,DELETE_FLAG,COLOR_ID_NUMBER_ID,AUTHORIZED_PAY_MASS) values ('B0000804','2600393', '测B06392', 4, 260393, 0, '2',15);

insert into T_SIMINFO (SIM_ID, ORG_CODE, DEPTCODE, STATE,PAY_MODLE, SIM_NUM) values(26394, 'B0000804', '中国移动', 1, '预付费', 13100006393);
insert into T_TERMINALINFO (TERMINAL_ID,TTYPE_ID,SIM_ID,TERMINAL_CODE,ORG_CODE,IS_VIDEO_TERMINAL,SP_SERVER_NAME,PROTOCOL_TYPE,CHANNELS,YT_PROTOCOL_TYPE) values(260394, 4, 26394, '1006393', 'B0000804',1,'1076测试服务器','4',8,'0');
insert into V_VEHICLEINFO (ORG_CODE,VEHICLE_ID,ID_NUMBER,TYPE_ID,TERMINAL_ID,DELETE_FLAG,COLOR_ID_NUMBER_ID,AUTHORIZED_PAY_MASS) values ('B0000804','2600394', '测B06393', 4, 260394, 0, '2',15);

insert into T_SIMINFO (SIM_ID, ORG_CODE, DEPTCODE, STATE,PAY_MODLE, SIM_NUM) values(26395, 'B0000804', '中国移动', 1, '预付费', 13100006394);
insert into T_TERMINALINFO (TERMINAL_ID,TTYPE_ID,SIM_ID,TERMINAL_CODE,ORG_CODE,IS_VIDEO_TERMINAL,SP_SERVER_NAME,PROTOCOL_TYPE,CHANNELS,YT_PROTOCOL_TYPE) values(260395, 4, 26395, '1006394', 'B0000804',1,'1076测试服务器','4',8,'0');
insert into V_VEHICLEINFO (ORG_CODE,VEHICLE_ID,ID_NUMBER,TYPE_ID,TERMINAL_ID,DELETE_FLAG,COLOR_ID_NUMBER_ID,AUTHORIZED_PAY_MASS) values ('B0000804','2600395', '测B06394', 4, 260395, 0, '2',15);

insert into T_SIMINFO (SIM_ID, ORG_CODE, DEPTCODE, STATE,PAY_MODLE, SIM_NUM) values(26396, 'B0000804', '中国移动', 1, '预付费', 13100006395);
insert into T_TERMINALINFO (TERMINAL_ID,TTYPE_ID,SIM_ID,TERMINAL_CODE,ORG_CODE,IS_VIDEO_TERMINAL,SP_SERVER_NAME,PROTOCOL_TYPE,CHANNELS,YT_PROTOCOL_TYPE) values(260396, 4, 26396, '1006395', 'B0000804',1,'1076测试服务器','4',8,'0');
insert into V_VEHICLEINFO (ORG_CODE,VEHICLE_ID,ID_NUMBER,TYPE_ID,TERMINAL_ID,DELETE_FLAG,COLOR_ID_NUMBER_ID,AUTHORIZED_PAY_MASS) values ('B0000804','2600396', '测B06395', 4, 260396, 0, '2',15);

insert into T_SIMINFO (SIM_ID, ORG_CODE, DEPTCODE, STATE,PAY_MODLE, SIM_NUM) values(26397, 'B0000804', '中国移动', 1, '预付费', 13100006396);
insert into T_TERMINALINFO (TERMINAL_ID,TTYPE_ID,SIM_ID,TERMINAL_CODE,ORG_CODE,IS_VIDEO_TERMINAL,SP_SERVER_NAME,PROTOCOL_TYPE,CHANNELS,YT_PROTOCOL_TYPE) values(260397, 4, 26397, '1006396', 'B0000804',1,'1076测试服务器','4',8,'0');
insert into V_VEHICLEINFO (ORG_CODE,VEHICLE_ID,ID_NUMBER,TYPE_ID,TERMINAL_ID,DELETE_FLAG,COLOR_ID_NUMBER_ID,AUTHORIZED_PAY_MASS) values ('B0000804','2600397', '测B06396', 4, 260397, 0, '2',15);

insert into T_SIMINFO (SIM_ID, ORG_CODE, DEPTCODE, STATE,PAY_MODLE, SIM_NUM) values(26398, 'B0000804', '中国移动', 1, '预付费', 13100006397);
insert into T_TERMINALINFO (TERMINAL_ID,TTYPE_ID,SIM_ID,TERMINAL_CODE,ORG_CODE,IS_VIDEO_TERMINAL,SP_SERVER_NAME,PROTOCOL_TYPE,CHANNELS,YT_PROTOCOL_TYPE) values(260398, 4, 26398, '1006397', 'B0000804',1,'1076测试服务器','4',8,'0');
insert into V_VEHICLEINFO (ORG_CODE,VEHICLE_ID,ID_NUMBER,TYPE_ID,TERMINAL_ID,DELETE_FLAG,COLOR_ID_NUMBER_ID,AUTHORIZED_PAY_MASS) values ('B0000804','2600398', '测B06397', 4, 260398, 0, '2',15);

insert into T_SIMINFO (SIM_ID, ORG_CODE, DEPTCODE, STATE,PAY_MODLE, SIM_NUM) values(26399, 'B0000804', '中国移动', 1, '预付费', 13100006398);
insert into T_TERMINALINFO (TERMINAL_ID,TTYPE_ID,SIM_ID,TERMINAL_CODE,ORG_CODE,IS_VIDEO_TERMINAL,SP_SERVER_NAME,PROTOCOL_TYPE,CHANNELS,YT_PROTOCOL_TYPE) values(260399, 4, 26399, '1006398', 'B0000804',1,'1076测试服务器','4',8,'0');
insert into V_VEHICLEINFO (ORG_CODE,VEHICLE_ID,ID_NUMBER,TYPE_ID,TERMINAL_ID,DELETE_FLAG,COLOR_ID_NUMBER_ID,AUTHORIZED_PAY_MASS) values ('B0000804','2600399', '测B06398', 4, 260399, 0, '2',15);

insert into T_SIMINFO (SIM_ID, ORG_CODE, DEPTCODE, STATE,PAY_MODLE, SIM_NUM) values(26400, 'B0000804', '中国移动', 1, '预付费', 13100006399);
insert into T_TERMINALINFO (TERMINAL_ID,TTYPE_ID,SIM_ID,TERMINAL_CODE,ORG_CODE,IS_VIDEO_TERMINAL,SP_SERVER_NAME,PROTOCOL_TYPE,CHANNELS,YT_PROTOCOL_TYPE) values(260400, 4, 26400, '1006399', 'B0000804',1,'1076测试服务器','4',8,'0');
insert into V_VEHICLEINFO (ORG_CODE,VEHICLE_ID,ID_NUMBER,TYPE_ID,TERMINAL_ID,DELETE_FLAG,COLOR_ID_NUMBER_ID,AUTHORIZED_PAY_MASS) values ('B0000804','2600400', '测B06399', 4, 260400, 0, '2',15);

insert into T_SIMINFO (SIM_ID, ORG_CODE, DEPTCODE, STATE,PAY_MODLE, SIM_NUM) values(26401, 'B0000804', '中国移动', 1, '预付费', 13100006400);
insert into T_TERMINALINFO (TERMINAL_ID,TTYPE_ID,SIM_ID,TERMINAL_CODE,ORG_CODE,IS_VIDEO_TERMINAL,SP_SERVER_NAME,PROTOCOL_TYPE,CHANNELS,YT_PROTOCOL_TYPE) values(260401, 4, 26401, '1006400', 'B0000804',1,'1076测试服务器','4',8,'0');
insert into V_VEHICLEINFO (ORG_CODE,VEHICLE_ID,ID_NUMBER,TYPE_ID,TERMINAL_ID,DELETE_FLAG,COLOR_ID_NUMBER_ID,AUTHORIZED_PAY_MASS) values ('B0000804','2600401', '测B06400', 4, 260401, 0, '2',15);

insert into T_SIMINFO (SIM_ID, ORG_CODE, DEPTCODE, STATE,PAY_MODLE, SIM_NUM) values(26402, 'B0000804', '中国移动', 1, '预付费', 13100006401);
insert into T_TERMINALINFO (TERMINAL_ID,TTYPE_ID,SIM_ID,TERMINAL_CODE,ORG_CODE,IS_VIDEO_TERMINAL,SP_SERVER_NAME,PROTOCOL_TYPE,CHANNELS,YT_PROTOCOL_TYPE) values(260402, 4, 26402, '1006401', 'B0000804',1,'1076测试服务器','4',8,'0');
insert into V_VEHICLEINFO (ORG_CODE,VEHICLE_ID,ID_NUMBER,TYPE_ID,TERMINAL_ID,DELETE_FLAG,COLOR_ID_NUMBER_ID,AUTHORIZED_PAY_MASS) values ('B0000804','2600402', '测B06401', 4, 260402, 0, '2',15);

insert into T_SIMINFO (SIM_ID, ORG_CODE, DEPTCODE, STATE,PAY_MODLE, SIM_NUM) values(26403, 'B0000804', '中国移动', 1, '预付费', 13100006402);
insert into T_TERMINALINFO (TERMINAL_ID,TTYPE_ID,SIM_ID,TERMINAL_CODE,ORG_CODE,IS_VIDEO_TERMINAL,SP_SERVER_NAME,PROTOCOL_TYPE,CHANNELS,YT_PROTOCOL_TYPE) values(260403, 4, 26403, '1006402', 'B0000804',1,'1076测试服务器','4',8,'0');
insert into V_VEHICLEINFO (ORG_CODE,VEHICLE_ID,ID_NUMBER,TYPE_ID,TERMINAL_ID,DELETE_FLAG,COLOR_ID_NUMBER_ID,AUTHORIZED_PAY_MASS) values ('B0000804','2600403', '测B06402', 4, 260403, 0, '2',15);

insert into T_SIMINFO (SIM_ID, ORG_CODE, DEPTCODE, STATE,PAY_MODLE, SIM_NUM) values(26404, 'B0000804', '中国移动', 1, '预付费', 13100006403);
insert into T_TERMINALINFO (TERMINAL_ID,TTYPE_ID,SIM_ID,TERMINAL_CODE,ORG_CODE,IS_VIDEO_TERMINAL,SP_SERVER_NAME,PROTOCOL_TYPE,CHANNELS,YT_PROTOCOL_TYPE) values(260404, 4, 26404, '1006403', 'B0000804',1,'1076测试服务器','4',8,'0');
insert into V_VEHICLEINFO (ORG_CODE,VEHICLE_ID,ID_NUMBER,TYPE_ID,TERMINAL_ID,DELETE_FLAG,COLOR_ID_NUMBER_ID,AUTHORIZED_PAY_MASS) values ('B0000804','2600404', '测B06403', 4, 260404, 0, '2',15);

insert into T_SIMINFO (SIM_ID, ORG_CODE, DEPTCODE, STATE,PAY_MODLE, SIM_NUM) values(26405, 'B0000804', '中国移动', 1, '预付费', 13100006404);
insert into T_TERMINALINFO (TERMINAL_ID,TTYPE_ID,SIM_ID,TERMINAL_CODE,ORG_CODE,IS_VIDEO_TERMINAL,SP_SERVER_NAME,PROTOCOL_TYPE,CHANNELS,YT_PROTOCOL_TYPE) values(260405, 4, 26405, '1006404', 'B0000804',1,'1076测试服务器','4',8,'0');
insert into V_VEHICLEINFO (ORG_CODE,VEHICLE_ID,ID_NUMBER,TYPE_ID,TERMINAL_ID,DELETE_FLAG,COLOR_ID_NUMBER_ID,AUTHORIZED_PAY_MASS) values ('B0000804','2600405', '测B06404', 4, 260405, 0, '2',15);

insert into T_SIMINFO (SIM_ID, ORG_CODE, DEPTCODE, STATE,PAY_MODLE, SIM_NUM) values(26406, 'B0000804', '中国移动', 1, '预付费', 13100006405);
insert into T_TERMINALINFO (TERMINAL_ID,TTYPE_ID,SIM_ID,TERMINAL_CODE,ORG_CODE,IS_VIDEO_TERMINAL,SP_SERVER_NAME,PROTOCOL_TYPE,CHANNELS,YT_PROTOCOL_TYPE) values(260406, 4, 26406, '1006405', 'B0000804',1,'1076测试服务器','4',8,'0');
insert into V_VEHICLEINFO (ORG_CODE,VEHICLE_ID,ID_NUMBER,TYPE_ID,TERMINAL_ID,DELETE_FLAG,COLOR_ID_NUMBER_ID,AUTHORIZED_PAY_MASS) values ('B0000804','2600406', '测B06405', 4, 260406, 0, '2',15);

insert into T_SIMINFO (SIM_ID, ORG_CODE, DEPTCODE, STATE,PAY_MODLE, SIM_NUM) values(26407, 'B0000804', '中国移动', 1, '预付费', 13100006406);
insert into T_TERMINALINFO (TERMINAL_ID,TTYPE_ID,SIM_ID,TERMINAL_CODE,ORG_CODE,IS_VIDEO_TERMINAL,SP_SERVER_NAME,PROTOCOL_TYPE,CHANNELS,YT_PROTOCOL_TYPE) values(260407, 4, 26407, '1006406', 'B0000804',1,'1076测试服务器','4',8,'0');
insert into V_VEHICLEINFO (ORG_CODE,VEHICLE_ID,ID_NUMBER,TYPE_ID,TERMINAL_ID,DELETE_FLAG,COLOR_ID_NUMBER_ID,AUTHORIZED_PAY_MASS) values ('B0000804','2600407', '测B06406', 4, 260407, 0, '2',15);

insert into T_SIMINFO (SIM_ID, ORG_CODE, DEPTCODE, STATE,PAY_MODLE, SIM_NUM) values(26408, 'B0000804', '中国移动', 1, '预付费', 13100006407);
insert into T_TERMINALINFO (TERMINAL_ID,TTYPE_ID,SIM_ID,TERMINAL_CODE,ORG_CODE,IS_VIDEO_TERMINAL,SP_SERVER_NAME,PROTOCOL_TYPE,CHANNELS,YT_PROTOCOL_TYPE) values(260408, 4, 26408, '1006407', 'B0000804',1,'1076测试服务器','4',8,'0');
insert into V_VEHICLEINFO (ORG_CODE,VEHICLE_ID,ID_NUMBER,TYPE_ID,TERMINAL_ID,DELETE_FLAG,COLOR_ID_NUMBER_ID,AUTHORIZED_PAY_MASS) values ('B0000804','2600408', '测B06407', 4, 260408, 0, '2',15);

insert into T_SIMINFO (SIM_ID, ORG_CODE, DEPTCODE, STATE,PAY_MODLE, SIM_NUM) values(26409, 'B0000804', '中国移动', 1, '预付费', 13100006408);
insert into T_TERMINALINFO (TERMINAL_ID,TTYPE_ID,SIM_ID,TERMINAL_CODE,ORG_CODE,IS_VIDEO_TERMINAL,SP_SERVER_NAME,PROTOCOL_TYPE,CHANNELS,YT_PROTOCOL_TYPE) values(260409, 4, 26409, '1006408', 'B0000804',1,'1076测试服务器','4',8,'0');
insert into V_VEHICLEINFO (ORG_CODE,VEHICLE_ID,ID_NUMBER,TYPE_ID,TERMINAL_ID,DELETE_FLAG,COLOR_ID_NUMBER_ID,AUTHORIZED_PAY_MASS) values ('B0000804','2600409', '测B06408', 4, 260409, 0, '2',15);

insert into T_SIMINFO (SIM_ID, ORG_CODE, DEPTCODE, STATE,PAY_MODLE, SIM_NUM) values(26410, 'B0000804', '中国移动', 1, '预付费', 13100006409);
insert into T_TERMINALINFO (TERMINAL_ID,TTYPE_ID,SIM_ID,TERMINAL_CODE,ORG_CODE,IS_VIDEO_TERMINAL,SP_SERVER_NAME,PROTOCOL_TYPE,CHANNELS,YT_PROTOCOL_TYPE) values(260410, 4, 26410, '1006409', 'B0000804',1,'1076测试服务器','4',8,'0');
insert into V_VEHICLEINFO (ORG_CODE,VEHICLE_ID,ID_NUMBER,TYPE_ID,TERMINAL_ID,DELETE_FLAG,COLOR_ID_NUMBER_ID,AUTHORIZED_PAY_MASS) values ('B0000804','2600410', '测B06409', 4, 260410, 0, '2',15);

insert into T_SIMINFO (SIM_ID, ORG_CODE, DEPTCODE, STATE,PAY_MODLE, SIM_NUM) values(26411, 'B0000804', '中国移动', 1, '预付费', 13100006410);
insert into T_TERMINALINFO (TERMINAL_ID,TTYPE_ID,SIM_ID,TERMINAL_CODE,ORG_CODE,IS_VIDEO_TERMINAL,SP_SERVER_NAME,PROTOCOL_TYPE,CHANNELS,YT_PROTOCOL_TYPE) values(260411, 4, 26411, '1006410', 'B0000804',1,'1076测试服务器','4',8,'0');
insert into V_VEHICLEINFO (ORG_CODE,VEHICLE_ID,ID_NUMBER,TYPE_ID,TERMINAL_ID,DELETE_FLAG,COLOR_ID_NUMBER_ID,AUTHORIZED_PAY_MASS) values ('B0000804','2600411', '测B06410', 4, 260411, 0, '2',15);

insert into T_SIMINFO (SIM_ID, ORG_CODE, DEPTCODE, STATE,PAY_MODLE, SIM_NUM) values(26412, 'B0000804', '中国移动', 1, '预付费', 13100006411);
insert into T_TERMINALINFO (TERMINAL_ID,TTYPE_ID,SIM_ID,TERMINAL_CODE,ORG_CODE,IS_VIDEO_TERMINAL,SP_SERVER_NAME,PROTOCOL_TYPE,CHANNELS,YT_PROTOCOL_TYPE) values(260412, 4, 26412, '1006411', 'B0000804',1,'1076测试服务器','4',8,'0');
insert into V_VEHICLEINFO (ORG_CODE,VEHICLE_ID,ID_NUMBER,TYPE_ID,TERMINAL_ID,DELETE_FLAG,COLOR_ID_NUMBER_ID,AUTHORIZED_PAY_MASS) values ('B0000804','2600412', '测B06411', 4, 260412, 0, '2',15);

insert into T_SIMINFO (SIM_ID, ORG_CODE, DEPTCODE, STATE,PAY_MODLE, SIM_NUM) values(26413, 'B0000804', '中国移动', 1, '预付费', 13100006412);
insert into T_TERMINALINFO (TERMINAL_ID,TTYPE_ID,SIM_ID,TERMINAL_CODE,ORG_CODE,IS_VIDEO_TERMINAL,SP_SERVER_NAME,PROTOCOL_TYPE,CHANNELS,YT_PROTOCOL_TYPE) values(260413, 4, 26413, '1006412', 'B0000804',1,'1076测试服务器','4',8,'0');
insert into V_VEHICLEINFO (ORG_CODE,VEHICLE_ID,ID_NUMBER,TYPE_ID,TERMINAL_ID,DELETE_FLAG,COLOR_ID_NUMBER_ID,AUTHORIZED_PAY_MASS) values ('B0000804','2600413', '测B06412', 4, 260413, 0, '2',15);

insert into T_SIMINFO (SIM_ID, ORG_CODE, DEPTCODE, STATE,PAY_MODLE, SIM_NUM) values(26414, 'B0000804', '中国移动', 1, '预付费', 13100006413);
insert into T_TERMINALINFO (TERMINAL_ID,TTYPE_ID,SIM_ID,TERMINAL_CODE,ORG_CODE,IS_VIDEO_TERMINAL,SP_SERVER_NAME,PROTOCOL_TYPE,CHANNELS,YT_PROTOCOL_TYPE) values(260414, 4, 26414, '1006413', 'B0000804',1,'1076测试服务器','4',8,'0');
insert into V_VEHICLEINFO (ORG_CODE,VEHICLE_ID,ID_NUMBER,TYPE_ID,TERMINAL_ID,DELETE_FLAG,COLOR_ID_NUMBER_ID,AUTHORIZED_PAY_MASS) values ('B0000804','2600414', '测B06413', 4, 260414, 0, '2',15);

insert into T_SIMINFO (SIM_ID, ORG_CODE, DEPTCODE, STATE,PAY_MODLE, SIM_NUM) values(26415, 'B0000804', '中国移动', 1, '预付费', 13100006414);
insert into T_TERMINALINFO (TERMINAL_ID,TTYPE_ID,SIM_ID,TERMINAL_CODE,ORG_CODE,IS_VIDEO_TERMINAL,SP_SERVER_NAME,PROTOCOL_TYPE,CHANNELS,YT_PROTOCOL_TYPE) values(260415, 4, 26415, '1006414', 'B0000804',1,'1076测试服务器','4',8,'0');
insert into V_VEHICLEINFO (ORG_CODE,VEHICLE_ID,ID_NUMBER,TYPE_ID,TERMINAL_ID,DELETE_FLAG,COLOR_ID_NUMBER_ID,AUTHORIZED_PAY_MASS) values ('B0000804','2600415', '测B06414', 4, 260415, 0, '2',15);

insert into T_SIMINFO (SIM_ID, ORG_CODE, DEPTCODE, STATE,PAY_MODLE, SIM_NUM) values(26416, 'B0000804', '中国移动', 1, '预付费', 13100006415);
insert into T_TERMINALINFO (TERMINAL_ID,TTYPE_ID,SIM_ID,TERMINAL_CODE,ORG_CODE,IS_VIDEO_TERMINAL,SP_SERVER_NAME,PROTOCOL_TYPE,CHANNELS,YT_PROTOCOL_TYPE) values(260416, 4, 26416, '1006415', 'B0000804',1,'1076测试服务器','4',8,'0');
insert into V_VEHICLEINFO (ORG_CODE,VEHICLE_ID,ID_NUMBER,TYPE_ID,TERMINAL_ID,DELETE_FLAG,COLOR_ID_NUMBER_ID,AUTHORIZED_PAY_MASS) values ('B0000804','2600416', '测B06415', 4, 260416, 0, '2',15);

insert into T_SIMINFO (SIM_ID, ORG_CODE, DEPTCODE, STATE,PAY_MODLE, SIM_NUM) values(26417, 'B0000804', '中国移动', 1, '预付费', 13100006416);
insert into T_TERMINALINFO (TERMINAL_ID,TTYPE_ID,SIM_ID,TERMINAL_CODE,ORG_CODE,IS_VIDEO_TERMINAL,SP_SERVER_NAME,PROTOCOL_TYPE,CHANNELS,YT_PROTOCOL_TYPE) values(260417, 4, 26417, '1006416', 'B0000804',1,'1076测试服务器','4',8,'0');
insert into V_VEHICLEINFO (ORG_CODE,VEHICLE_ID,ID_NUMBER,TYPE_ID,TERMINAL_ID,DELETE_FLAG,COLOR_ID_NUMBER_ID,AUTHORIZED_PAY_MASS) values ('B0000804','2600417', '测B06416', 4, 260417, 0, '2',15);

insert into T_SIMINFO (SIM_ID, ORG_CODE, DEPTCODE, STATE,PAY_MODLE, SIM_NUM) values(26418, 'B0000804', '中国移动', 1, '预付费', 13100006417);
insert into T_TERMINALINFO (TERMINAL_ID,TTYPE_ID,SIM_ID,TERMINAL_CODE,ORG_CODE,IS_VIDEO_TERMINAL,SP_SERVER_NAME,PROTOCOL_TYPE,CHANNELS,YT_PROTOCOL_TYPE) values(260418, 4, 26418, '1006417', 'B0000804',1,'1076测试服务器','4',8,'0');
insert into V_VEHICLEINFO (ORG_CODE,VEHICLE_ID,ID_NUMBER,TYPE_ID,TERMINAL_ID,DELETE_FLAG,COLOR_ID_NUMBER_ID,AUTHORIZED_PAY_MASS) values ('B0000804','2600418', '测B06417', 4, 260418, 0, '2',15);

insert into T_SIMINFO (SIM_ID, ORG_CODE, DEPTCODE, STATE,PAY_MODLE, SIM_NUM) values(26419, 'B0000804', '中国移动', 1, '预付费', 13100006418);
insert into T_TERMINALINFO (TERMINAL_ID,TTYPE_ID,SIM_ID,TERMINAL_CODE,ORG_CODE,IS_VIDEO_TERMINAL,SP_SERVER_NAME,PROTOCOL_TYPE,CHANNELS,YT_PROTOCOL_TYPE) values(260419, 4, 26419, '1006418', 'B0000804',1,'1076测试服务器','4',8,'0');
insert into V_VEHICLEINFO (ORG_CODE,VEHICLE_ID,ID_NUMBER,TYPE_ID,TERMINAL_ID,DELETE_FLAG,COLOR_ID_NUMBER_ID,AUTHORIZED_PAY_MASS) values ('B0000804','2600419', '测B06418', 4, 260419, 0, '2',15);

insert into T_SIMINFO (SIM_ID, ORG_CODE, DEPTCODE, STATE,PAY_MODLE, SIM_NUM) values(26420, 'B0000804', '中国移动', 1, '预付费', 13100006419);
insert into T_TERMINALINFO (TERMINAL_ID,TTYPE_ID,SIM_ID,TERMINAL_CODE,ORG_CODE,IS_VIDEO_TERMINAL,SP_SERVER_NAME,PROTOCOL_TYPE,CHANNELS,YT_PROTOCOL_TYPE) values(260420, 4, 26420, '1006419', 'B0000804',1,'1076测试服务器','4',8,'0');
insert into V_VEHICLEINFO (ORG_CODE,VEHICLE_ID,ID_NUMBER,TYPE_ID,TERMINAL_ID,DELETE_FLAG,COLOR_ID_NUMBER_ID,AUTHORIZED_PAY_MASS) values ('B0000804','2600420', '测B06419', 4, 260420, 0, '2',15);

insert into T_SIMINFO (SIM_ID, ORG_CODE, DEPTCODE, STATE,PAY_MODLE, SIM_NUM) values(26421, 'B0000804', '中国移动', 1, '预付费', 13100006420);
insert into T_TERMINALINFO (TERMINAL_ID,TTYPE_ID,SIM_ID,TERMINAL_CODE,ORG_CODE,IS_VIDEO_TERMINAL,SP_SERVER_NAME,PROTOCOL_TYPE,CHANNELS,YT_PROTOCOL_TYPE) values(260421, 4, 26421, '1006420', 'B0000804',1,'1076测试服务器','4',8,'0');
insert into V_VEHICLEINFO (ORG_CODE,VEHICLE_ID,ID_NUMBER,TYPE_ID,TERMINAL_ID,DELETE_FLAG,COLOR_ID_NUMBER_ID,AUTHORIZED_PAY_MASS) values ('B0000804','2600421', '测B06420', 4, 260421, 0, '2',15);

insert into T_SIMINFO (SIM_ID, ORG_CODE, DEPTCODE, STATE,PAY_MODLE, SIM_NUM) values(26422, 'B0000804', '中国移动', 1, '预付费', 13100006421);
insert into T_TERMINALINFO (TERMINAL_ID,TTYPE_ID,SIM_ID,TERMINAL_CODE,ORG_CODE,IS_VIDEO_TERMINAL,SP_SERVER_NAME,PROTOCOL_TYPE,CHANNELS,YT_PROTOCOL_TYPE) values(260422, 4, 26422, '1006421', 'B0000804',1,'1076测试服务器','4',8,'0');
insert into V_VEHICLEINFO (ORG_CODE,VEHICLE_ID,ID_NUMBER,TYPE_ID,TERMINAL_ID,DELETE_FLAG,COLOR_ID_NUMBER_ID,AUTHORIZED_PAY_MASS) values ('B0000804','2600422', '测B06421', 4, 260422, 0, '2',15);

insert into T_SIMINFO (SIM_ID, ORG_CODE, DEPTCODE, STATE,PAY_MODLE, SIM_NUM) values(26423, 'B0000804', '中国移动', 1, '预付费', 13100006422);
insert into T_TERMINALINFO (TERMINAL_ID,TTYPE_ID,SIM_ID,TERMINAL_CODE,ORG_CODE,IS_VIDEO_TERMINAL,SP_SERVER_NAME,PROTOCOL_TYPE,CHANNELS,YT_PROTOCOL_TYPE) values(260423, 4, 26423, '1006422', 'B0000804',1,'1076测试服务器','4',8,'0');
insert into V_VEHICLEINFO (ORG_CODE,VEHICLE_ID,ID_NUMBER,TYPE_ID,TERMINAL_ID,DELETE_FLAG,COLOR_ID_NUMBER_ID,AUTHORIZED_PAY_MASS) values ('B0000804','2600423', '测B06422', 4, 260423, 0, '2',15);

insert into T_SIMINFO (SIM_ID, ORG_CODE, DEPTCODE, STATE,PAY_MODLE, SIM_NUM) values(26424, 'B0000804', '中国移动', 1, '预付费', 13100006423);
insert into T_TERMINALINFO (TERMINAL_ID,TTYPE_ID,SIM_ID,TERMINAL_CODE,ORG_CODE,IS_VIDEO_TERMINAL,SP_SERVER_NAME,PROTOCOL_TYPE,CHANNELS,YT_PROTOCOL_TYPE) values(260424, 4, 26424, '1006423', 'B0000804',1,'1076测试服务器','4',8,'0');
insert into V_VEHICLEINFO (ORG_CODE,VEHICLE_ID,ID_NUMBER,TYPE_ID,TERMINAL_ID,DELETE_FLAG,COLOR_ID_NUMBER_ID,AUTHORIZED_PAY_MASS) values ('B0000804','2600424', '测B06423', 4, 260424, 0, '2',15);

insert into T_SIMINFO (SIM_ID, ORG_CODE, DEPTCODE, STATE,PAY_MODLE, SIM_NUM) values(26425, 'B0000804', '中国移动', 1, '预付费', 13100006424);
insert into T_TERMINALINFO (TERMINAL_ID,TTYPE_ID,SIM_ID,TERMINAL_CODE,ORG_CODE,IS_VIDEO_TERMINAL,SP_SERVER_NAME,PROTOCOL_TYPE,CHANNELS,YT_PROTOCOL_TYPE) values(260425, 4, 26425, '1006424', 'B0000804',1,'1076测试服务器','4',8,'0');
insert into V_VEHICLEINFO (ORG_CODE,VEHICLE_ID,ID_NUMBER,TYPE_ID,TERMINAL_ID,DELETE_FLAG,COLOR_ID_NUMBER_ID,AUTHORIZED_PAY_MASS) values ('B0000804','2600425', '测B06424', 4, 260425, 0, '2',15);

insert into T_SIMINFO (SIM_ID, ORG_CODE, DEPTCODE, STATE,PAY_MODLE, SIM_NUM) values(26426, 'B0000804', '中国移动', 1, '预付费', 13100006425);
insert into T_TERMINALINFO (TERMINAL_ID,TTYPE_ID,SIM_ID,TERMINAL_CODE,ORG_CODE,IS_VIDEO_TERMINAL,SP_SERVER_NAME,PROTOCOL_TYPE,CHANNELS,YT_PROTOCOL_TYPE) values(260426, 4, 26426, '1006425', 'B0000804',1,'1076测试服务器','4',8,'0');
insert into V_VEHICLEINFO (ORG_CODE,VEHICLE_ID,ID_NUMBER,TYPE_ID,TERMINAL_ID,DELETE_FLAG,COLOR_ID_NUMBER_ID,AUTHORIZED_PAY_MASS) values ('B0000804','2600426', '测B06425', 4, 260426, 0, '2',15);

insert into T_SIMINFO (SIM_ID, ORG_CODE, DEPTCODE, STATE,PAY_MODLE, SIM_NUM) values(26427, 'B0000804', '中国移动', 1, '预付费', 13100006426);
insert into T_TERMINALINFO (TERMINAL_ID,TTYPE_ID,SIM_ID,TERMINAL_CODE,ORG_CODE,IS_VIDEO_TERMINAL,SP_SERVER_NAME,PROTOCOL_TYPE,CHANNELS,YT_PROTOCOL_TYPE) values(260427, 4, 26427, '1006426', 'B0000804',1,'1076测试服务器','4',8,'0');
insert into V_VEHICLEINFO (ORG_CODE,VEHICLE_ID,ID_NUMBER,TYPE_ID,TERMINAL_ID,DELETE_FLAG,COLOR_ID_NUMBER_ID,AUTHORIZED_PAY_MASS) values ('B0000804','2600427', '测B06426', 4, 260427, 0, '2',15);

insert into T_SIMINFO (SIM_ID, ORG_CODE, DEPTCODE, STATE,PAY_MODLE, SIM_NUM) values(26428, 'B0000804', '中国移动', 1, '预付费', 13100006427);
insert into T_TERMINALINFO (TERMINAL_ID,TTYPE_ID,SIM_ID,TERMINAL_CODE,ORG_CODE,IS_VIDEO_TERMINAL,SP_SERVER_NAME,PROTOCOL_TYPE,CHANNELS,YT_PROTOCOL_TYPE) values(260428, 4, 26428, '1006427', 'B0000804',1,'1076测试服务器','4',8,'0');
insert into V_VEHICLEINFO (ORG_CODE,VEHICLE_ID,ID_NUMBER,TYPE_ID,TERMINAL_ID,DELETE_FLAG,COLOR_ID_NUMBER_ID,AUTHORIZED_PAY_MASS) values ('B0000804','2600428', '测B06427', 4, 260428, 0, '2',15);

insert into T_SIMINFO (SIM_ID, ORG_CODE, DEPTCODE, STATE,PAY_MODLE, SIM_NUM) values(26429, 'B0000804', '中国移动', 1, '预付费', 13100006428);
insert into T_TERMINALINFO (TERMINAL_ID,TTYPE_ID,SIM_ID,TERMINAL_CODE,ORG_CODE,IS_VIDEO_TERMINAL,SP_SERVER_NAME,PROTOCOL_TYPE,CHANNELS,YT_PROTOCOL_TYPE) values(260429, 4, 26429, '1006428', 'B0000804',1,'1076测试服务器','4',8,'0');
insert into V_VEHICLEINFO (ORG_CODE,VEHICLE_ID,ID_NUMBER,TYPE_ID,TERMINAL_ID,DELETE_FLAG,COLOR_ID_NUMBER_ID,AUTHORIZED_PAY_MASS) values ('B0000804','2600429', '测B06428', 4, 260429, 0, '2',15);

insert into T_SIMINFO (SIM_ID, ORG_CODE, DEPTCODE, STATE,PAY_MODLE, SIM_NUM) values(26430, 'B0000804', '中国移动', 1, '预付费', 13100006429);
insert into T_TERMINALINFO (TERMINAL_ID,TTYPE_ID,SIM_ID,TERMINAL_CODE,ORG_CODE,IS_VIDEO_TERMINAL,SP_SERVER_NAME,PROTOCOL_TYPE,CHANNELS,YT_PROTOCOL_TYPE) values(260430, 4, 26430, '1006429', 'B0000804',1,'1076测试服务器','4',8,'0');
insert into V_VEHICLEINFO (ORG_CODE,VEHICLE_ID,ID_NUMBER,TYPE_ID,TERMINAL_ID,DELETE_FLAG,COLOR_ID_NUMBER_ID,AUTHORIZED_PAY_MASS) values ('B0000804','2600430', '测B06429', 4, 260430, 0, '2',15);

insert into T_SIMINFO (SIM_ID, ORG_CODE, DEPTCODE, STATE,PAY_MODLE, SIM_NUM) values(26431, 'B0000804', '中国移动', 1, '预付费', 13100006430);
insert into T_TERMINALINFO (TERMINAL_ID,TTYPE_ID,SIM_ID,TERMINAL_CODE,ORG_CODE,IS_VIDEO_TERMINAL,SP_SERVER_NAME,PROTOCOL_TYPE,CHANNELS,YT_PROTOCOL_TYPE) values(260431, 4, 26431, '1006430', 'B0000804',1,'1076测试服务器','4',8,'0');
insert into V_VEHICLEINFO (ORG_CODE,VEHICLE_ID,ID_NUMBER,TYPE_ID,TERMINAL_ID,DELETE_FLAG,COLOR_ID_NUMBER_ID,AUTHORIZED_PAY_MASS) values ('B0000804','2600431', '测B06430', 4, 260431, 0, '2',15);

insert into T_SIMINFO (SIM_ID, ORG_CODE, DEPTCODE, STATE,PAY_MODLE, SIM_NUM) values(26432, 'B0000804', '中国移动', 1, '预付费', 13100006431);
insert into T_TERMINALINFO (TERMINAL_ID,TTYPE_ID,SIM_ID,TERMINAL_CODE,ORG_CODE,IS_VIDEO_TERMINAL,SP_SERVER_NAME,PROTOCOL_TYPE,CHANNELS,YT_PROTOCOL_TYPE) values(260432, 4, 26432, '1006431', 'B0000804',1,'1076测试服务器','4',8,'0');
insert into V_VEHICLEINFO (ORG_CODE,VEHICLE_ID,ID_NUMBER,TYPE_ID,TERMINAL_ID,DELETE_FLAG,COLOR_ID_NUMBER_ID,AUTHORIZED_PAY_MASS) values ('B0000804','2600432', '测B06431', 4, 260432, 0, '2',15);

insert into T_SIMINFO (SIM_ID, ORG_CODE, DEPTCODE, STATE,PAY_MODLE, SIM_NUM) values(26433, 'B0000804', '中国移动', 1, '预付费', 13100006432);
insert into T_TERMINALINFO (TERMINAL_ID,TTYPE_ID,SIM_ID,TERMINAL_CODE,ORG_CODE,IS_VIDEO_TERMINAL,SP_SERVER_NAME,PROTOCOL_TYPE,CHANNELS,YT_PROTOCOL_TYPE) values(260433, 4, 26433, '1006432', 'B0000804',1,'1076测试服务器','4',8,'0');
insert into V_VEHICLEINFO (ORG_CODE,VEHICLE_ID,ID_NUMBER,TYPE_ID,TERMINAL_ID,DELETE_FLAG,COLOR_ID_NUMBER_ID,AUTHORIZED_PAY_MASS) values ('B0000804','2600433', '测B06432', 4, 260433, 0, '2',15);

insert into T_SIMINFO (SIM_ID, ORG_CODE, DEPTCODE, STATE,PAY_MODLE, SIM_NUM) values(26434, 'B0000804', '中国移动', 1, '预付费', 13100006433);
insert into T_TERMINALINFO (TERMINAL_ID,TTYPE_ID,SIM_ID,TERMINAL_CODE,ORG_CODE,IS_VIDEO_TERMINAL,SP_SERVER_NAME,PROTOCOL_TYPE,CHANNELS,YT_PROTOCOL_TYPE) values(260434, 4, 26434, '1006433', 'B0000804',1,'1076测试服务器','4',8,'0');
insert into V_VEHICLEINFO (ORG_CODE,VEHICLE_ID,ID_NUMBER,TYPE_ID,TERMINAL_ID,DELETE_FLAG,COLOR_ID_NUMBER_ID,AUTHORIZED_PAY_MASS) values ('B0000804','2600434', '测B06433', 4, 260434, 0, '2',15);

insert into T_SIMINFO (SIM_ID, ORG_CODE, DEPTCODE, STATE,PAY_MODLE, SIM_NUM) values(26435, 'B0000804', '中国移动', 1, '预付费', 13100006434);
insert into T_TERMINALINFO (TERMINAL_ID,TTYPE_ID,SIM_ID,TERMINAL_CODE,ORG_CODE,IS_VIDEO_TERMINAL,SP_SERVER_NAME,PROTOCOL_TYPE,CHANNELS,YT_PROTOCOL_TYPE) values(260435, 4, 26435, '1006434', 'B0000804',1,'1076测试服务器','4',8,'0');
insert into V_VEHICLEINFO (ORG_CODE,VEHICLE_ID,ID_NUMBER,TYPE_ID,TERMINAL_ID,DELETE_FLAG,COLOR_ID_NUMBER_ID,AUTHORIZED_PAY_MASS) values ('B0000804','2600435', '测B06434', 4, 260435, 0, '2',15);

insert into T_SIMINFO (SIM_ID, ORG_CODE, DEPTCODE, STATE,PAY_MODLE, SIM_NUM) values(26436, 'B0000804', '中国移动', 1, '预付费', 13100006435);
insert into T_TERMINALINFO (TERMINAL_ID,TTYPE_ID,SIM_ID,TERMINAL_CODE,ORG_CODE,IS_VIDEO_TERMINAL,SP_SERVER_NAME,PROTOCOL_TYPE,CHANNELS,YT_PROTOCOL_TYPE) values(260436, 4, 26436, '1006435', 'B0000804',1,'1076测试服务器','4',8,'0');
insert into V_VEHICLEINFO (ORG_CODE,VEHICLE_ID,ID_NUMBER,TYPE_ID,TERMINAL_ID,DELETE_FLAG,COLOR_ID_NUMBER_ID,AUTHORIZED_PAY_MASS) values ('B0000804','2600436', '测B06435', 4, 260436, 0, '2',15);

insert into T_SIMINFO (SIM_ID, ORG_CODE, DEPTCODE, STATE,PAY_MODLE, SIM_NUM) values(26437, 'B0000804', '中国移动', 1, '预付费', 13100006436);
insert into T_TERMINALINFO (TERMINAL_ID,TTYPE_ID,SIM_ID,TERMINAL_CODE,ORG_CODE,IS_VIDEO_TERMINAL,SP_SERVER_NAME,PROTOCOL_TYPE,CHANNELS,YT_PROTOCOL_TYPE) values(260437, 4, 26437, '1006436', 'B0000804',1,'1076测试服务器','4',8,'0');
insert into V_VEHICLEINFO (ORG_CODE,VEHICLE_ID,ID_NUMBER,TYPE_ID,TERMINAL_ID,DELETE_FLAG,COLOR_ID_NUMBER_ID,AUTHORIZED_PAY_MASS) values ('B0000804','2600437', '测B06436', 4, 260437, 0, '2',15);

insert into T_SIMINFO (SIM_ID, ORG_CODE, DEPTCODE, STATE,PAY_MODLE, SIM_NUM) values(26438, 'B0000804', '中国移动', 1, '预付费', 13100006437);
insert into T_TERMINALINFO (TERMINAL_ID,TTYPE_ID,SIM_ID,TERMINAL_CODE,ORG_CODE,IS_VIDEO_TERMINAL,SP_SERVER_NAME,PROTOCOL_TYPE,CHANNELS,YT_PROTOCOL_TYPE) values(260438, 4, 26438, '1006437', 'B0000804',1,'1076测试服务器','4',8,'0');
insert into V_VEHICLEINFO (ORG_CODE,VEHICLE_ID,ID_NUMBER,TYPE_ID,TERMINAL_ID,DELETE_FLAG,COLOR_ID_NUMBER_ID,AUTHORIZED_PAY_MASS) values ('B0000804','2600438', '测B06437', 4, 260438, 0, '2',15);

insert into T_SIMINFO (SIM_ID, ORG_CODE, DEPTCODE, STATE,PAY_MODLE, SIM_NUM) values(26439, 'B0000804', '中国移动', 1, '预付费', 13100006438);
insert into T_TERMINALINFO (TERMINAL_ID,TTYPE_ID,SIM_ID,TERMINAL_CODE,ORG_CODE,IS_VIDEO_TERMINAL,SP_SERVER_NAME,PROTOCOL_TYPE,CHANNELS,YT_PROTOCOL_TYPE) values(260439, 4, 26439, '1006438', 'B0000804',1,'1076测试服务器','4',8,'0');
insert into V_VEHICLEINFO (ORG_CODE,VEHICLE_ID,ID_NUMBER,TYPE_ID,TERMINAL_ID,DELETE_FLAG,COLOR_ID_NUMBER_ID,AUTHORIZED_PAY_MASS) values ('B0000804','2600439', '测B06438', 4, 260439, 0, '2',15);

insert into T_SIMINFO (SIM_ID, ORG_CODE, DEPTCODE, STATE,PAY_MODLE, SIM_NUM) values(26440, 'B0000804', '中国移动', 1, '预付费', 13100006439);
insert into T_TERMINALINFO (TERMINAL_ID,TTYPE_ID,SIM_ID,TERMINAL_CODE,ORG_CODE,IS_VIDEO_TERMINAL,SP_SERVER_NAME,PROTOCOL_TYPE,CHANNELS,YT_PROTOCOL_TYPE) values(260440, 4, 26440, '1006439', 'B0000804',1,'1076测试服务器','4',8,'0');
insert into V_VEHICLEINFO (ORG_CODE,VEHICLE_ID,ID_NUMBER,TYPE_ID,TERMINAL_ID,DELETE_FLAG,COLOR_ID_NUMBER_ID,AUTHORIZED_PAY_MASS) values ('B0000804','2600440', '测B06439', 4, 260440, 0, '2',15);

insert into T_SIMINFO (SIM_ID, ORG_CODE, DEPTCODE, STATE,PAY_MODLE, SIM_NUM) values(26441, 'B0000804', '中国移动', 1, '预付费', 13100006440);
insert into T_TERMINALINFO (TERMINAL_ID,TTYPE_ID,SIM_ID,TERMINAL_CODE,ORG_CODE,IS_VIDEO_TERMINAL,SP_SERVER_NAME,PROTOCOL_TYPE,CHANNELS,YT_PROTOCOL_TYPE) values(260441, 4, 26441, '1006440', 'B0000804',1,'1076测试服务器','4',8,'0');
insert into V_VEHICLEINFO (ORG_CODE,VEHICLE_ID,ID_NUMBER,TYPE_ID,TERMINAL_ID,DELETE_FLAG,COLOR_ID_NUMBER_ID,AUTHORIZED_PAY_MASS) values ('B0000804','2600441', '测B06440', 4, 260441, 0, '2',15);

insert into T_SIMINFO (SIM_ID, ORG_CODE, DEPTCODE, STATE,PAY_MODLE, SIM_NUM) values(26442, 'B0000804', '中国移动', 1, '预付费', 13100006441);
insert into T_TERMINALINFO (TERMINAL_ID,TTYPE_ID,SIM_ID,TERMINAL_CODE,ORG_CODE,IS_VIDEO_TERMINAL,SP_SERVER_NAME,PROTOCOL_TYPE,CHANNELS,YT_PROTOCOL_TYPE) values(260442, 4, 26442, '1006441', 'B0000804',1,'1076测试服务器','4',8,'0');
insert into V_VEHICLEINFO (ORG_CODE,VEHICLE_ID,ID_NUMBER,TYPE_ID,TERMINAL_ID,DELETE_FLAG,COLOR_ID_NUMBER_ID,AUTHORIZED_PAY_MASS) values ('B0000804','2600442', '测B06441', 4, 260442, 0, '2',15);

insert into T_SIMINFO (SIM_ID, ORG_CODE, DEPTCODE, STATE,PAY_MODLE, SIM_NUM) values(26443, 'B0000804', '中国移动', 1, '预付费', 13100006442);
insert into T_TERMINALINFO (TERMINAL_ID,TTYPE_ID,SIM_ID,TERMINAL_CODE,ORG_CODE,IS_VIDEO_TERMINAL,SP_SERVER_NAME,PROTOCOL_TYPE,CHANNELS,YT_PROTOCOL_TYPE) values(260443, 4, 26443, '1006442', 'B0000804',1,'1076测试服务器','4',8,'0');
insert into V_VEHICLEINFO (ORG_CODE,VEHICLE_ID,ID_NUMBER,TYPE_ID,TERMINAL_ID,DELETE_FLAG,COLOR_ID_NUMBER_ID,AUTHORIZED_PAY_MASS) values ('B0000804','2600443', '测B06442', 4, 260443, 0, '2',15);

insert into T_SIMINFO (SIM_ID, ORG_CODE, DEPTCODE, STATE,PAY_MODLE, SIM_NUM) values(26444, 'B0000804', '中国移动', 1, '预付费', 13100006443);
insert into T_TERMINALINFO (TERMINAL_ID,TTYPE_ID,SIM_ID,TERMINAL_CODE,ORG_CODE,IS_VIDEO_TERMINAL,SP_SERVER_NAME,PROTOCOL_TYPE,CHANNELS,YT_PROTOCOL_TYPE) values(260444, 4, 26444, '1006443', 'B0000804',1,'1076测试服务器','4',8,'0');
insert into V_VEHICLEINFO (ORG_CODE,VEHICLE_ID,ID_NUMBER,TYPE_ID,TERMINAL_ID,DELETE_FLAG,COLOR_ID_NUMBER_ID,AUTHORIZED_PAY_MASS) values ('B0000804','2600444', '测B06443', 4, 260444, 0, '2',15);

insert into T_SIMINFO (SIM_ID, ORG_CODE, DEPTCODE, STATE,PAY_MODLE, SIM_NUM) values(26445, 'B0000804', '中国移动', 1, '预付费', 13100006444);
insert into T_TERMINALINFO (TERMINAL_ID,TTYPE_ID,SIM_ID,TERMINAL_CODE,ORG_CODE,IS_VIDEO_TERMINAL,SP_SERVER_NAME,PROTOCOL_TYPE,CHANNELS,YT_PROTOCOL_TYPE) values(260445, 4, 26445, '1006444', 'B0000804',1,'1076测试服务器','4',8,'0');
insert into V_VEHICLEINFO (ORG_CODE,VEHICLE_ID,ID_NUMBER,TYPE_ID,TERMINAL_ID,DELETE_FLAG,COLOR_ID_NUMBER_ID,AUTHORIZED_PAY_MASS) values ('B0000804','2600445', '测B06444', 4, 260445, 0, '2',15);

insert into T_SIMINFO (SIM_ID, ORG_CODE, DEPTCODE, STATE,PAY_MODLE, SIM_NUM) values(26446, 'B0000804', '中国移动', 1, '预付费', 13100006445);
insert into T_TERMINALINFO (TERMINAL_ID,TTYPE_ID,SIM_ID,TERMINAL_CODE,ORG_CODE,IS_VIDEO_TERMINAL,SP_SERVER_NAME,PROTOCOL_TYPE,CHANNELS,YT_PROTOCOL_TYPE) values(260446, 4, 26446, '1006445', 'B0000804',1,'1076测试服务器','4',8,'0');
insert into V_VEHICLEINFO (ORG_CODE,VEHICLE_ID,ID_NUMBER,TYPE_ID,TERMINAL_ID,DELETE_FLAG,COLOR_ID_NUMBER_ID,AUTHORIZED_PAY_MASS) values ('B0000804','2600446', '测B06445', 4, 260446, 0, '2',15);

insert into T_SIMINFO (SIM_ID, ORG_CODE, DEPTCODE, STATE,PAY_MODLE, SIM_NUM) values(26447, 'B0000804', '中国移动', 1, '预付费', 13100006446);
insert into T_TERMINALINFO (TERMINAL_ID,TTYPE_ID,SIM_ID,TERMINAL_CODE,ORG_CODE,IS_VIDEO_TERMINAL,SP_SERVER_NAME,PROTOCOL_TYPE,CHANNELS,YT_PROTOCOL_TYPE) values(260447, 4, 26447, '1006446', 'B0000804',1,'1076测试服务器','4',8,'0');
insert into V_VEHICLEINFO (ORG_CODE,VEHICLE_ID,ID_NUMBER,TYPE_ID,TERMINAL_ID,DELETE_FLAG,COLOR_ID_NUMBER_ID,AUTHORIZED_PAY_MASS) values ('B0000804','2600447', '测B06446', 4, 260447, 0, '2',15);

insert into T_SIMINFO (SIM_ID, ORG_CODE, DEPTCODE, STATE,PAY_MODLE, SIM_NUM) values(26448, 'B0000804', '中国移动', 1, '预付费', 13100006447);
insert into T_TERMINALINFO (TERMINAL_ID,TTYPE_ID,SIM_ID,TERMINAL_CODE,ORG_CODE,IS_VIDEO_TERMINAL,SP_SERVER_NAME,PROTOCOL_TYPE,CHANNELS,YT_PROTOCOL_TYPE) values(260448, 4, 26448, '1006447', 'B0000804',1,'1076测试服务器','4',8,'0');
insert into V_VEHICLEINFO (ORG_CODE,VEHICLE_ID,ID_NUMBER,TYPE_ID,TERMINAL_ID,DELETE_FLAG,COLOR_ID_NUMBER_ID,AUTHORIZED_PAY_MASS) values ('B0000804','2600448', '测B06447', 4, 260448, 0, '2',15);

insert into T_SIMINFO (SIM_ID, ORG_CODE, DEPTCODE, STATE,PAY_MODLE, SIM_NUM) values(26449, 'B0000804', '中国移动', 1, '预付费', 13100006448);
insert into T_TERMINALINFO (TERMINAL_ID,TTYPE_ID,SIM_ID,TERMINAL_CODE,ORG_CODE,IS_VIDEO_TERMINAL,SP_SERVER_NAME,PROTOCOL_TYPE,CHANNELS,YT_PROTOCOL_TYPE) values(260449, 4, 26449, '1006448', 'B0000804',1,'1076测试服务器','4',8,'0');
insert into V_VEHICLEINFO (ORG_CODE,VEHICLE_ID,ID_NUMBER,TYPE_ID,TERMINAL_ID,DELETE_FLAG,COLOR_ID_NUMBER_ID,AUTHORIZED_PAY_MASS) values ('B0000804','2600449', '测B06448', 4, 260449, 0, '2',15);

insert into T_SIMINFO (SIM_ID, ORG_CODE, DEPTCODE, STATE,PAY_MODLE, SIM_NUM) values(26450, 'B0000804', '中国移动', 1, '预付费', 13100006449);
insert into T_TERMINALINFO (TERMINAL_ID,TTYPE_ID,SIM_ID,TERMINAL_CODE,ORG_CODE,IS_VIDEO_TERMINAL,SP_SERVER_NAME,PROTOCOL_TYPE,CHANNELS,YT_PROTOCOL_TYPE) values(260450, 4, 26450, '1006449', 'B0000804',1,'1076测试服务器','4',8,'0');
insert into V_VEHICLEINFO (ORG_CODE,VEHICLE_ID,ID_NUMBER,TYPE_ID,TERMINAL_ID,DELETE_FLAG,COLOR_ID_NUMBER_ID,AUTHORIZED_PAY_MASS) values ('B0000804','2600450', '测B06449', 4, 260450, 0, '2',15);

insert into T_SIMINFO (SIM_ID, ORG_CODE, DEPTCODE, STATE,PAY_MODLE, SIM_NUM) values(26451, 'B0000804', '中国移动', 1, '预付费', 13100006450);
insert into T_TERMINALINFO (TERMINAL_ID,TTYPE_ID,SIM_ID,TERMINAL_CODE,ORG_CODE,IS_VIDEO_TERMINAL,SP_SERVER_NAME,PROTOCOL_TYPE,CHANNELS,YT_PROTOCOL_TYPE) values(260451, 4, 26451, '1006450', 'B0000804',1,'1076测试服务器','4',8,'0');
insert into V_VEHICLEINFO (ORG_CODE,VEHICLE_ID,ID_NUMBER,TYPE_ID,TERMINAL_ID,DELETE_FLAG,COLOR_ID_NUMBER_ID,AUTHORIZED_PAY_MASS) values ('B0000804','2600451', '测B06450', 4, 260451, 0, '2',15);

insert into T_SIMINFO (SIM_ID, ORG_CODE, DEPTCODE, STATE,PAY_MODLE, SIM_NUM) values(26452, 'B0000804', '中国移动', 1, '预付费', 13100006451);
insert into T_TERMINALINFO (TERMINAL_ID,TTYPE_ID,SIM_ID,TERMINAL_CODE,ORG_CODE,IS_VIDEO_TERMINAL,SP_SERVER_NAME,PROTOCOL_TYPE,CHANNELS,YT_PROTOCOL_TYPE) values(260452, 4, 26452, '1006451', 'B0000804',1,'1076测试服务器','4',8,'0');
insert into V_VEHICLEINFO (ORG_CODE,VEHICLE_ID,ID_NUMBER,TYPE_ID,TERMINAL_ID,DELETE_FLAG,COLOR_ID_NUMBER_ID,AUTHORIZED_PAY_MASS) values ('B0000804','2600452', '测B06451', 4, 260452, 0, '2',15);

insert into T_SIMINFO (SIM_ID, ORG_CODE, DEPTCODE, STATE,PAY_MODLE, SIM_NUM) values(26453, 'B0000804', '中国移动', 1, '预付费', 13100006452);
insert into T_TERMINALINFO (TERMINAL_ID,TTYPE_ID,SIM_ID,TERMINAL_CODE,ORG_CODE,IS_VIDEO_TERMINAL,SP_SERVER_NAME,PROTOCOL_TYPE,CHANNELS,YT_PROTOCOL_TYPE) values(260453, 4, 26453, '1006452', 'B0000804',1,'1076测试服务器','4',8,'0');
insert into V_VEHICLEINFO (ORG_CODE,VEHICLE_ID,ID_NUMBER,TYPE_ID,TERMINAL_ID,DELETE_FLAG,COLOR_ID_NUMBER_ID,AUTHORIZED_PAY_MASS) values ('B0000804','2600453', '测B06452', 4, 260453, 0, '2',15);

insert into T_SIMINFO (SIM_ID, ORG_CODE, DEPTCODE, STATE,PAY_MODLE, SIM_NUM) values(26454, 'B0000804', '中国移动', 1, '预付费', 13100006453);
insert into T_TERMINALINFO (TERMINAL_ID,TTYPE_ID,SIM_ID,TERMINAL_CODE,ORG_CODE,IS_VIDEO_TERMINAL,SP_SERVER_NAME,PROTOCOL_TYPE,CHANNELS,YT_PROTOCOL_TYPE) values(260454, 4, 26454, '1006453', 'B0000804',1,'1076测试服务器','4',8,'0');
insert into V_VEHICLEINFO (ORG_CODE,VEHICLE_ID,ID_NUMBER,TYPE_ID,TERMINAL_ID,DELETE_FLAG,COLOR_ID_NUMBER_ID,AUTHORIZED_PAY_MASS) values ('B0000804','2600454', '测B06453', 4, 260454, 0, '2',15);

insert into T_SIMINFO (SIM_ID, ORG_CODE, DEPTCODE, STATE,PAY_MODLE, SIM_NUM) values(26455, 'B0000804', '中国移动', 1, '预付费', 13100006454);
insert into T_TERMINALINFO (TERMINAL_ID,TTYPE_ID,SIM_ID,TERMINAL_CODE,ORG_CODE,IS_VIDEO_TERMINAL,SP_SERVER_NAME,PROTOCOL_TYPE,CHANNELS,YT_PROTOCOL_TYPE) values(260455, 4, 26455, '1006454', 'B0000804',1,'1076测试服务器','4',8,'0');
insert into V_VEHICLEINFO (ORG_CODE,VEHICLE_ID,ID_NUMBER,TYPE_ID,TERMINAL_ID,DELETE_FLAG,COLOR_ID_NUMBER_ID,AUTHORIZED_PAY_MASS) values ('B0000804','2600455', '测B06454', 4, 260455, 0, '2',15);

insert into T_SIMINFO (SIM_ID, ORG_CODE, DEPTCODE, STATE,PAY_MODLE, SIM_NUM) values(26456, 'B0000804', '中国移动', 1, '预付费', 13100006455);
insert into T_TERMINALINFO (TERMINAL_ID,TTYPE_ID,SIM_ID,TERMINAL_CODE,ORG_CODE,IS_VIDEO_TERMINAL,SP_SERVER_NAME,PROTOCOL_TYPE,CHANNELS,YT_PROTOCOL_TYPE) values(260456, 4, 26456, '1006455', 'B0000804',1,'1076测试服务器','4',8,'0');
insert into V_VEHICLEINFO (ORG_CODE,VEHICLE_ID,ID_NUMBER,TYPE_ID,TERMINAL_ID,DELETE_FLAG,COLOR_ID_NUMBER_ID,AUTHORIZED_PAY_MASS) values ('B0000804','2600456', '测B06455', 4, 260456, 0, '2',15);

insert into T_SIMINFO (SIM_ID, ORG_CODE, DEPTCODE, STATE,PAY_MODLE, SIM_NUM) values(26457, 'B0000804', '中国移动', 1, '预付费', 13100006456);
insert into T_TERMINALINFO (TERMINAL_ID,TTYPE_ID,SIM_ID,TERMINAL_CODE,ORG_CODE,IS_VIDEO_TERMINAL,SP_SERVER_NAME,PROTOCOL_TYPE,CHANNELS,YT_PROTOCOL_TYPE) values(260457, 4, 26457, '1006456', 'B0000804',1,'1076测试服务器','4',8,'0');
insert into V_VEHICLEINFO (ORG_CODE,VEHICLE_ID,ID_NUMBER,TYPE_ID,TERMINAL_ID,DELETE_FLAG,COLOR_ID_NUMBER_ID,AUTHORIZED_PAY_MASS) values ('B0000804','2600457', '测B06456', 4, 260457, 0, '2',15);

insert into T_SIMINFO (SIM_ID, ORG_CODE, DEPTCODE, STATE,PAY_MODLE, SIM_NUM) values(26458, 'B0000804', '中国移动', 1, '预付费', 13100006457);
insert into T_TERMINALINFO (TERMINAL_ID,TTYPE_ID,SIM_ID,TERMINAL_CODE,ORG_CODE,IS_VIDEO_TERMINAL,SP_SERVER_NAME,PROTOCOL_TYPE,CHANNELS,YT_PROTOCOL_TYPE) values(260458, 4, 26458, '1006457', 'B0000804',1,'1076测试服务器','4',8,'0');
insert into V_VEHICLEINFO (ORG_CODE,VEHICLE_ID,ID_NUMBER,TYPE_ID,TERMINAL_ID,DELETE_FLAG,COLOR_ID_NUMBER_ID,AUTHORIZED_PAY_MASS) values ('B0000804','2600458', '测B06457', 4, 260458, 0, '2',15);

insert into T_SIMINFO (SIM_ID, ORG_CODE, DEPTCODE, STATE,PAY_MODLE, SIM_NUM) values(26459, 'B0000804', '中国移动', 1, '预付费', 13100006458);
insert into T_TERMINALINFO (TERMINAL_ID,TTYPE_ID,SIM_ID,TERMINAL_CODE,ORG_CODE,IS_VIDEO_TERMINAL,SP_SERVER_NAME,PROTOCOL_TYPE,CHANNELS,YT_PROTOCOL_TYPE) values(260459, 4, 26459, '1006458', 'B0000804',1,'1076测试服务器','4',8,'0');
insert into V_VEHICLEINFO (ORG_CODE,VEHICLE_ID,ID_NUMBER,TYPE_ID,TERMINAL_ID,DELETE_FLAG,COLOR_ID_NUMBER_ID,AUTHORIZED_PAY_MASS) values ('B0000804','2600459', '测B06458', 4, 260459, 0, '2',15);

insert into T_SIMINFO (SIM_ID, ORG_CODE, DEPTCODE, STATE,PAY_MODLE, SIM_NUM) values(26460, 'B0000804', '中国移动', 1, '预付费', 13100006459);
insert into T_TERMINALINFO (TERMINAL_ID,TTYPE_ID,SIM_ID,TERMINAL_CODE,ORG_CODE,IS_VIDEO_TERMINAL,SP_SERVER_NAME,PROTOCOL_TYPE,CHANNELS,YT_PROTOCOL_TYPE) values(260460, 4, 26460, '1006459', 'B0000804',1,'1076测试服务器','4',8,'0');
insert into V_VEHICLEINFO (ORG_CODE,VEHICLE_ID,ID_NUMBER,TYPE_ID,TERMINAL_ID,DELETE_FLAG,COLOR_ID_NUMBER_ID,AUTHORIZED_PAY_MASS) values ('B0000804','2600460', '测B06459', 4, 260460, 0, '2',15);

insert into T_SIMINFO (SIM_ID, ORG_CODE, DEPTCODE, STATE,PAY_MODLE, SIM_NUM) values(26461, 'B0000804', '中国移动', 1, '预付费', 13100006460);
insert into T_TERMINALINFO (TERMINAL_ID,TTYPE_ID,SIM_ID,TERMINAL_CODE,ORG_CODE,IS_VIDEO_TERMINAL,SP_SERVER_NAME,PROTOCOL_TYPE,CHANNELS,YT_PROTOCOL_TYPE) values(260461, 4, 26461, '1006460', 'B0000804',1,'1076测试服务器','4',8,'0');
insert into V_VEHICLEINFO (ORG_CODE,VEHICLE_ID,ID_NUMBER,TYPE_ID,TERMINAL_ID,DELETE_FLAG,COLOR_ID_NUMBER_ID,AUTHORIZED_PAY_MASS) values ('B0000804','2600461', '测B06460', 4, 260461, 0, '2',15);

insert into T_SIMINFO (SIM_ID, ORG_CODE, DEPTCODE, STATE,PAY_MODLE, SIM_NUM) values(26462, 'B0000804', '中国移动', 1, '预付费', 13100006461);
insert into T_TERMINALINFO (TERMINAL_ID,TTYPE_ID,SIM_ID,TERMINAL_CODE,ORG_CODE,IS_VIDEO_TERMINAL,SP_SERVER_NAME,PROTOCOL_TYPE,CHANNELS,YT_PROTOCOL_TYPE) values(260462, 4, 26462, '1006461', 'B0000804',1,'1076测试服务器','4',8,'0');
insert into V_VEHICLEINFO (ORG_CODE,VEHICLE_ID,ID_NUMBER,TYPE_ID,TERMINAL_ID,DELETE_FLAG,COLOR_ID_NUMBER_ID,AUTHORIZED_PAY_MASS) values ('B0000804','2600462', '测B06461', 4, 260462, 0, '2',15);

insert into T_SIMINFO (SIM_ID, ORG_CODE, DEPTCODE, STATE,PAY_MODLE, SIM_NUM) values(26463, 'B0000804', '中国移动', 1, '预付费', 13100006462);
insert into T_TERMINALINFO (TERMINAL_ID,TTYPE_ID,SIM_ID,TERMINAL_CODE,ORG_CODE,IS_VIDEO_TERMINAL,SP_SERVER_NAME,PROTOCOL_TYPE,CHANNELS,YT_PROTOCOL_TYPE) values(260463, 4, 26463, '1006462', 'B0000804',1,'1076测试服务器','4',8,'0');
insert into V_VEHICLEINFO (ORG_CODE,VEHICLE_ID,ID_NUMBER,TYPE_ID,TERMINAL_ID,DELETE_FLAG,COLOR_ID_NUMBER_ID,AUTHORIZED_PAY_MASS) values ('B0000804','2600463', '测B06462', 4, 260463, 0, '2',15);

insert into T_SIMINFO (SIM_ID, ORG_CODE, DEPTCODE, STATE,PAY_MODLE, SIM_NUM) values(26464, 'B0000804', '中国移动', 1, '预付费', 13100006463);
insert into T_TERMINALINFO (TERMINAL_ID,TTYPE_ID,SIM_ID,TERMINAL_CODE,ORG_CODE,IS_VIDEO_TERMINAL,SP_SERVER_NAME,PROTOCOL_TYPE,CHANNELS,YT_PROTOCOL_TYPE) values(260464, 4, 26464, '1006463', 'B0000804',1,'1076测试服务器','4',8,'0');
insert into V_VEHICLEINFO (ORG_CODE,VEHICLE_ID,ID_NUMBER,TYPE_ID,TERMINAL_ID,DELETE_FLAG,COLOR_ID_NUMBER_ID,AUTHORIZED_PAY_MASS) values ('B0000804','2600464', '测B06463', 4, 260464, 0, '2',15);

insert into T_SIMINFO (SIM_ID, ORG_CODE, DEPTCODE, STATE,PAY_MODLE, SIM_NUM) values(26465, 'B0000804', '中国移动', 1, '预付费', 13100006464);
insert into T_TERMINALINFO (TERMINAL_ID,TTYPE_ID,SIM_ID,TERMINAL_CODE,ORG_CODE,IS_VIDEO_TERMINAL,SP_SERVER_NAME,PROTOCOL_TYPE,CHANNELS,YT_PROTOCOL_TYPE) values(260465, 4, 26465, '1006464', 'B0000804',1,'1076测试服务器','4',8,'0');
insert into V_VEHICLEINFO (ORG_CODE,VEHICLE_ID,ID_NUMBER,TYPE_ID,TERMINAL_ID,DELETE_FLAG,COLOR_ID_NUMBER_ID,AUTHORIZED_PAY_MASS) values ('B0000804','2600465', '测B06464', 4, 260465, 0, '2',15);

insert into T_SIMINFO (SIM_ID, ORG_CODE, DEPTCODE, STATE,PAY_MODLE, SIM_NUM) values(26466, 'B0000804', '中国移动', 1, '预付费', 13100006465);
insert into T_TERMINALINFO (TERMINAL_ID,TTYPE_ID,SIM_ID,TERMINAL_CODE,ORG_CODE,IS_VIDEO_TERMINAL,SP_SERVER_NAME,PROTOCOL_TYPE,CHANNELS,YT_PROTOCOL_TYPE) values(260466, 4, 26466, '1006465', 'B0000804',1,'1076测试服务器','4',8,'0');
insert into V_VEHICLEINFO (ORG_CODE,VEHICLE_ID,ID_NUMBER,TYPE_ID,TERMINAL_ID,DELETE_FLAG,COLOR_ID_NUMBER_ID,AUTHORIZED_PAY_MASS) values ('B0000804','2600466', '测B06465', 4, 260466, 0, '2',15);

insert into T_SIMINFO (SIM_ID, ORG_CODE, DEPTCODE, STATE,PAY_MODLE, SIM_NUM) values(26467, 'B0000804', '中国移动', 1, '预付费', 13100006466);
insert into T_TERMINALINFO (TERMINAL_ID,TTYPE_ID,SIM_ID,TERMINAL_CODE,ORG_CODE,IS_VIDEO_TERMINAL,SP_SERVER_NAME,PROTOCOL_TYPE,CHANNELS,YT_PROTOCOL_TYPE) values(260467, 4, 26467, '1006466', 'B0000804',1,'1076测试服务器','4',8,'0');
insert into V_VEHICLEINFO (ORG_CODE,VEHICLE_ID,ID_NUMBER,TYPE_ID,TERMINAL_ID,DELETE_FLAG,COLOR_ID_NUMBER_ID,AUTHORIZED_PAY_MASS) values ('B0000804','2600467', '测B06466', 4, 260467, 0, '2',15);

insert into T_SIMINFO (SIM_ID, ORG_CODE, DEPTCODE, STATE,PAY_MODLE, SIM_NUM) values(26468, 'B0000804', '中国移动', 1, '预付费', 13100006467);
insert into T_TERMINALINFO (TERMINAL_ID,TTYPE_ID,SIM_ID,TERMINAL_CODE,ORG_CODE,IS_VIDEO_TERMINAL,SP_SERVER_NAME,PROTOCOL_TYPE,CHANNELS,YT_PROTOCOL_TYPE) values(260468, 4, 26468, '1006467', 'B0000804',1,'1076测试服务器','4',8,'0');
insert into V_VEHICLEINFO (ORG_CODE,VEHICLE_ID,ID_NUMBER,TYPE_ID,TERMINAL_ID,DELETE_FLAG,COLOR_ID_NUMBER_ID,AUTHORIZED_PAY_MASS) values ('B0000804','2600468', '测B06467', 4, 260468, 0, '2',15);

insert into T_SIMINFO (SIM_ID, ORG_CODE, DEPTCODE, STATE,PAY_MODLE, SIM_NUM) values(26469, 'B0000804', '中国移动', 1, '预付费', 13100006468);
insert into T_TERMINALINFO (TERMINAL_ID,TTYPE_ID,SIM_ID,TERMINAL_CODE,ORG_CODE,IS_VIDEO_TERMINAL,SP_SERVER_NAME,PROTOCOL_TYPE,CHANNELS,YT_PROTOCOL_TYPE) values(260469, 4, 26469, '1006468', 'B0000804',1,'1076测试服务器','4',8,'0');
insert into V_VEHICLEINFO (ORG_CODE,VEHICLE_ID,ID_NUMBER,TYPE_ID,TERMINAL_ID,DELETE_FLAG,COLOR_ID_NUMBER_ID,AUTHORIZED_PAY_MASS) values ('B0000804','2600469', '测B06468', 4, 260469, 0, '2',15);

insert into T_SIMINFO (SIM_ID, ORG_CODE, DEPTCODE, STATE,PAY_MODLE, SIM_NUM) values(26470, 'B0000804', '中国移动', 1, '预付费', 13100006469);
insert into T_TERMINALINFO (TERMINAL_ID,TTYPE_ID,SIM_ID,TERMINAL_CODE,ORG_CODE,IS_VIDEO_TERMINAL,SP_SERVER_NAME,PROTOCOL_TYPE,CHANNELS,YT_PROTOCOL_TYPE) values(260470, 4, 26470, '1006469', 'B0000804',1,'1076测试服务器','4',8,'0');
insert into V_VEHICLEINFO (ORG_CODE,VEHICLE_ID,ID_NUMBER,TYPE_ID,TERMINAL_ID,DELETE_FLAG,COLOR_ID_NUMBER_ID,AUTHORIZED_PAY_MASS) values ('B0000804','2600470', '测B06469', 4, 260470, 0, '2',15);

insert into T_SIMINFO (SIM_ID, ORG_CODE, DEPTCODE, STATE,PAY_MODLE, SIM_NUM) values(26471, 'B0000804', '中国移动', 1, '预付费', 13100006470);
insert into T_TERMINALINFO (TERMINAL_ID,TTYPE_ID,SIM_ID,TERMINAL_CODE,ORG_CODE,IS_VIDEO_TERMINAL,SP_SERVER_NAME,PROTOCOL_TYPE,CHANNELS,YT_PROTOCOL_TYPE) values(260471, 4, 26471, '1006470', 'B0000804',1,'1076测试服务器','4',8,'0');
insert into V_VEHICLEINFO (ORG_CODE,VEHICLE_ID,ID_NUMBER,TYPE_ID,TERMINAL_ID,DELETE_FLAG,COLOR_ID_NUMBER_ID,AUTHORIZED_PAY_MASS) values ('B0000804','2600471', '测B06470', 4, 260471, 0, '2',15);

insert into T_SIMINFO (SIM_ID, ORG_CODE, DEPTCODE, STATE,PAY_MODLE, SIM_NUM) values(26472, 'B0000804', '中国移动', 1, '预付费', 13100006471);
insert into T_TERMINALINFO (TERMINAL_ID,TTYPE_ID,SIM_ID,TERMINAL_CODE,ORG_CODE,IS_VIDEO_TERMINAL,SP_SERVER_NAME,PROTOCOL_TYPE,CHANNELS,YT_PROTOCOL_TYPE) values(260472, 4, 26472, '1006471', 'B0000804',1,'1076测试服务器','4',8,'0');
insert into V_VEHICLEINFO (ORG_CODE,VEHICLE_ID,ID_NUMBER,TYPE_ID,TERMINAL_ID,DELETE_FLAG,COLOR_ID_NUMBER_ID,AUTHORIZED_PAY_MASS) values ('B0000804','2600472', '测B06471', 4, 260472, 0, '2',15);

insert into T_SIMINFO (SIM_ID, ORG_CODE, DEPTCODE, STATE,PAY_MODLE, SIM_NUM) values(26473, 'B0000804', '中国移动', 1, '预付费', 13100006472);
insert into T_TERMINALINFO (TERMINAL_ID,TTYPE_ID,SIM_ID,TERMINAL_CODE,ORG_CODE,IS_VIDEO_TERMINAL,SP_SERVER_NAME,PROTOCOL_TYPE,CHANNELS,YT_PROTOCOL_TYPE) values(260473, 4, 26473, '1006472', 'B0000804',1,'1076测试服务器','4',8,'0');
insert into V_VEHICLEINFO (ORG_CODE,VEHICLE_ID,ID_NUMBER,TYPE_ID,TERMINAL_ID,DELETE_FLAG,COLOR_ID_NUMBER_ID,AUTHORIZED_PAY_MASS) values ('B0000804','2600473', '测B06472', 4, 260473, 0, '2',15);

insert into T_SIMINFO (SIM_ID, ORG_CODE, DEPTCODE, STATE,PAY_MODLE, SIM_NUM) values(26474, 'B0000804', '中国移动', 1, '预付费', 13100006473);
insert into T_TERMINALINFO (TERMINAL_ID,TTYPE_ID,SIM_ID,TERMINAL_CODE,ORG_CODE,IS_VIDEO_TERMINAL,SP_SERVER_NAME,PROTOCOL_TYPE,CHANNELS,YT_PROTOCOL_TYPE) values(260474, 4, 26474, '1006473', 'B0000804',1,'1076测试服务器','4',8,'0');
insert into V_VEHICLEINFO (ORG_CODE,VEHICLE_ID,ID_NUMBER,TYPE_ID,TERMINAL_ID,DELETE_FLAG,COLOR_ID_NUMBER_ID,AUTHORIZED_PAY_MASS) values ('B0000804','2600474', '测B06473', 4, 260474, 0, '2',15);

insert into T_SIMINFO (SIM_ID, ORG_CODE, DEPTCODE, STATE,PAY_MODLE, SIM_NUM) values(26475, 'B0000804', '中国移动', 1, '预付费', 13100006474);
insert into T_TERMINALINFO (TERMINAL_ID,TTYPE_ID,SIM_ID,TERMINAL_CODE,ORG_CODE,IS_VIDEO_TERMINAL,SP_SERVER_NAME,PROTOCOL_TYPE,CHANNELS,YT_PROTOCOL_TYPE) values(260475, 4, 26475, '1006474', 'B0000804',1,'1076测试服务器','4',8,'0');
insert into V_VEHICLEINFO (ORG_CODE,VEHICLE_ID,ID_NUMBER,TYPE_ID,TERMINAL_ID,DELETE_FLAG,COLOR_ID_NUMBER_ID,AUTHORIZED_PAY_MASS) values ('B0000804','2600475', '测B06474', 4, 260475, 0, '2',15);

insert into T_SIMINFO (SIM_ID, ORG_CODE, DEPTCODE, STATE,PAY_MODLE, SIM_NUM) values(26476, 'B0000804', '中国移动', 1, '预付费', 13100006475);
insert into T_TERMINALINFO (TERMINAL_ID,TTYPE_ID,SIM_ID,TERMINAL_CODE,ORG_CODE,IS_VIDEO_TERMINAL,SP_SERVER_NAME,PROTOCOL_TYPE,CHANNELS,YT_PROTOCOL_TYPE) values(260476, 4, 26476, '1006475', 'B0000804',1,'1076测试服务器','4',8,'0');
insert into V_VEHICLEINFO (ORG_CODE,VEHICLE_ID,ID_NUMBER,TYPE_ID,TERMINAL_ID,DELETE_FLAG,COLOR_ID_NUMBER_ID,AUTHORIZED_PAY_MASS) values ('B0000804','2600476', '测B06475', 4, 260476, 0, '2',15);

insert into T_SIMINFO (SIM_ID, ORG_CODE, DEPTCODE, STATE,PAY_MODLE, SIM_NUM) values(26477, 'B0000804', '中国移动', 1, '预付费', 13100006476);
insert into T_TERMINALINFO (TERMINAL_ID,TTYPE_ID,SIM_ID,TERMINAL_CODE,ORG_CODE,IS_VIDEO_TERMINAL,SP_SERVER_NAME,PROTOCOL_TYPE,CHANNELS,YT_PROTOCOL_TYPE) values(260477, 4, 26477, '1006476', 'B0000804',1,'1076测试服务器','4',8,'0');
insert into V_VEHICLEINFO (ORG_CODE,VEHICLE_ID,ID_NUMBER,TYPE_ID,TERMINAL_ID,DELETE_FLAG,COLOR_ID_NUMBER_ID,AUTHORIZED_PAY_MASS) values ('B0000804','2600477', '测B06476', 4, 260477, 0, '2',15);

insert into T_SIMINFO (SIM_ID, ORG_CODE, DEPTCODE, STATE,PAY_MODLE, SIM_NUM) values(26478, 'B0000804', '中国移动', 1, '预付费', 13100006477);
insert into T_TERMINALINFO (TERMINAL_ID,TTYPE_ID,SIM_ID,TERMINAL_CODE,ORG_CODE,IS_VIDEO_TERMINAL,SP_SERVER_NAME,PROTOCOL_TYPE,CHANNELS,YT_PROTOCOL_TYPE) values(260478, 4, 26478, '1006477', 'B0000804',1,'1076测试服务器','4',8,'0');
insert into V_VEHICLEINFO (ORG_CODE,VEHICLE_ID,ID_NUMBER,TYPE_ID,TERMINAL_ID,DELETE_FLAG,COLOR_ID_NUMBER_ID,AUTHORIZED_PAY_MASS) values ('B0000804','2600478', '测B06477', 4, 260478, 0, '2',15);

insert into T_SIMINFO (SIM_ID, ORG_CODE, DEPTCODE, STATE,PAY_MODLE, SIM_NUM) values(26479, 'B0000804', '中国移动', 1, '预付费', 13100006478);
insert into T_TERMINALINFO (TERMINAL_ID,TTYPE_ID,SIM_ID,TERMINAL_CODE,ORG_CODE,IS_VIDEO_TERMINAL,SP_SERVER_NAME,PROTOCOL_TYPE,CHANNELS,YT_PROTOCOL_TYPE) values(260479, 4, 26479, '1006478', 'B0000804',1,'1076测试服务器','4',8,'0');
insert into V_VEHICLEINFO (ORG_CODE,VEHICLE_ID,ID_NUMBER,TYPE_ID,TERMINAL_ID,DELETE_FLAG,COLOR_ID_NUMBER_ID,AUTHORIZED_PAY_MASS) values ('B0000804','2600479', '测B06478', 4, 260479, 0, '2',15);

insert into T_SIMINFO (SIM_ID, ORG_CODE, DEPTCODE, STATE,PAY_MODLE, SIM_NUM) values(26480, 'B0000804', '中国移动', 1, '预付费', 13100006479);
insert into T_TERMINALINFO (TERMINAL_ID,TTYPE_ID,SIM_ID,TERMINAL_CODE,ORG_CODE,IS_VIDEO_TERMINAL,SP_SERVER_NAME,PROTOCOL_TYPE,CHANNELS,YT_PROTOCOL_TYPE) values(260480, 4, 26480, '1006479', 'B0000804',1,'1076测试服务器','4',8,'0');
insert into V_VEHICLEINFO (ORG_CODE,VEHICLE_ID,ID_NUMBER,TYPE_ID,TERMINAL_ID,DELETE_FLAG,COLOR_ID_NUMBER_ID,AUTHORIZED_PAY_MASS) values ('B0000804','2600480', '测B06479', 4, 260480, 0, '2',15);

insert into T_SIMINFO (SIM_ID, ORG_CODE, DEPTCODE, STATE,PAY_MODLE, SIM_NUM) values(26481, 'B0000804', '中国移动', 1, '预付费', 13100006480);
insert into T_TERMINALINFO (TERMINAL_ID,TTYPE_ID,SIM_ID,TERMINAL_CODE,ORG_CODE,IS_VIDEO_TERMINAL,SP_SERVER_NAME,PROTOCOL_TYPE,CHANNELS,YT_PROTOCOL_TYPE) values(260481, 4, 26481, '1006480', 'B0000804',1,'1076测试服务器','4',8,'0');
insert into V_VEHICLEINFO (ORG_CODE,VEHICLE_ID,ID_NUMBER,TYPE_ID,TERMINAL_ID,DELETE_FLAG,COLOR_ID_NUMBER_ID,AUTHORIZED_PAY_MASS) values ('B0000804','2600481', '测B06480', 4, 260481, 0, '2',15);

insert into T_SIMINFO (SIM_ID, ORG_CODE, DEPTCODE, STATE,PAY_MODLE, SIM_NUM) values(26482, 'B0000804', '中国移动', 1, '预付费', 13100006481);
insert into T_TERMINALINFO (TERMINAL_ID,TTYPE_ID,SIM_ID,TERMINAL_CODE,ORG_CODE,IS_VIDEO_TERMINAL,SP_SERVER_NAME,PROTOCOL_TYPE,CHANNELS,YT_PROTOCOL_TYPE) values(260482, 4, 26482, '1006481', 'B0000804',1,'1076测试服务器','4',8,'0');
insert into V_VEHICLEINFO (ORG_CODE,VEHICLE_ID,ID_NUMBER,TYPE_ID,TERMINAL_ID,DELETE_FLAG,COLOR_ID_NUMBER_ID,AUTHORIZED_PAY_MASS) values ('B0000804','2600482', '测B06481', 4, 260482, 0, '2',15);

insert into T_SIMINFO (SIM_ID, ORG_CODE, DEPTCODE, STATE,PAY_MODLE, SIM_NUM) values(26483, 'B0000804', '中国移动', 1, '预付费', 13100006482);
insert into T_TERMINALINFO (TERMINAL_ID,TTYPE_ID,SIM_ID,TERMINAL_CODE,ORG_CODE,IS_VIDEO_TERMINAL,SP_SERVER_NAME,PROTOCOL_TYPE,CHANNELS,YT_PROTOCOL_TYPE) values(260483, 4, 26483, '1006482', 'B0000804',1,'1076测试服务器','4',8,'0');
insert into V_VEHICLEINFO (ORG_CODE,VEHICLE_ID,ID_NUMBER,TYPE_ID,TERMINAL_ID,DELETE_FLAG,COLOR_ID_NUMBER_ID,AUTHORIZED_PAY_MASS) values ('B0000804','2600483', '测B06482', 4, 260483, 0, '2',15);

insert into T_SIMINFO (SIM_ID, ORG_CODE, DEPTCODE, STATE,PAY_MODLE, SIM_NUM) values(26484, 'B0000804', '中国移动', 1, '预付费', 13100006483);
insert into T_TERMINALINFO (TERMINAL_ID,TTYPE_ID,SIM_ID,TERMINAL_CODE,ORG_CODE,IS_VIDEO_TERMINAL,SP_SERVER_NAME,PROTOCOL_TYPE,CHANNELS,YT_PROTOCOL_TYPE) values(260484, 4, 26484, '1006483', 'B0000804',1,'1076测试服务器','4',8,'0');
insert into V_VEHICLEINFO (ORG_CODE,VEHICLE_ID,ID_NUMBER,TYPE_ID,TERMINAL_ID,DELETE_FLAG,COLOR_ID_NUMBER_ID,AUTHORIZED_PAY_MASS) values ('B0000804','2600484', '测B06483', 4, 260484, 0, '2',15);

insert into T_SIMINFO (SIM_ID, ORG_CODE, DEPTCODE, STATE,PAY_MODLE, SIM_NUM) values(26485, 'B0000804', '中国移动', 1, '预付费', 13100006484);
insert into T_TERMINALINFO (TERMINAL_ID,TTYPE_ID,SIM_ID,TERMINAL_CODE,ORG_CODE,IS_VIDEO_TERMINAL,SP_SERVER_NAME,PROTOCOL_TYPE,CHANNELS,YT_PROTOCOL_TYPE) values(260485, 4, 26485, '1006484', 'B0000804',1,'1076测试服务器','4',8,'0');
insert into V_VEHICLEINFO (ORG_CODE,VEHICLE_ID,ID_NUMBER,TYPE_ID,TERMINAL_ID,DELETE_FLAG,COLOR_ID_NUMBER_ID,AUTHORIZED_PAY_MASS) values ('B0000804','2600485', '测B06484', 4, 260485, 0, '2',15);

insert into T_SIMINFO (SIM_ID, ORG_CODE, DEPTCODE, STATE,PAY_MODLE, SIM_NUM) values(26486, 'B0000804', '中国移动', 1, '预付费', 13100006485);
insert into T_TERMINALINFO (TERMINAL_ID,TTYPE_ID,SIM_ID,TERMINAL_CODE,ORG_CODE,IS_VIDEO_TERMINAL,SP_SERVER_NAME,PROTOCOL_TYPE,CHANNELS,YT_PROTOCOL_TYPE) values(260486, 4, 26486, '1006485', 'B0000804',1,'1076测试服务器','4',8,'0');
insert into V_VEHICLEINFO (ORG_CODE,VEHICLE_ID,ID_NUMBER,TYPE_ID,TERMINAL_ID,DELETE_FLAG,COLOR_ID_NUMBER_ID,AUTHORIZED_PAY_MASS) values ('B0000804','2600486', '测B06485', 4, 260486, 0, '2',15);

insert into T_SIMINFO (SIM_ID, ORG_CODE, DEPTCODE, STATE,PAY_MODLE, SIM_NUM) values(26487, 'B0000804', '中国移动', 1, '预付费', 13100006486);
insert into T_TERMINALINFO (TERMINAL_ID,TTYPE_ID,SIM_ID,TERMINAL_CODE,ORG_CODE,IS_VIDEO_TERMINAL,SP_SERVER_NAME,PROTOCOL_TYPE,CHANNELS,YT_PROTOCOL_TYPE) values(260487, 4, 26487, '1006486', 'B0000804',1,'1076测试服务器','4',8,'0');
insert into V_VEHICLEINFO (ORG_CODE,VEHICLE_ID,ID_NUMBER,TYPE_ID,TERMINAL_ID,DELETE_FLAG,COLOR_ID_NUMBER_ID,AUTHORIZED_PAY_MASS) values ('B0000804','2600487', '测B06486', 4, 260487, 0, '2',15);

insert into T_SIMINFO (SIM_ID, ORG_CODE, DEPTCODE, STATE,PAY_MODLE, SIM_NUM) values(26488, 'B0000804', '中国移动', 1, '预付费', 13100006487);
insert into T_TERMINALINFO (TERMINAL_ID,TTYPE_ID,SIM_ID,TERMINAL_CODE,ORG_CODE,IS_VIDEO_TERMINAL,SP_SERVER_NAME,PROTOCOL_TYPE,CHANNELS,YT_PROTOCOL_TYPE) values(260488, 4, 26488, '1006487', 'B0000804',1,'1076测试服务器','4',8,'0');
insert into V_VEHICLEINFO (ORG_CODE,VEHICLE_ID,ID_NUMBER,TYPE_ID,TERMINAL_ID,DELETE_FLAG,COLOR_ID_NUMBER_ID,AUTHORIZED_PAY_MASS) values ('B0000804','2600488', '测B06487', 4, 260488, 0, '2',15);

insert into T_SIMINFO (SIM_ID, ORG_CODE, DEPTCODE, STATE,PAY_MODLE, SIM_NUM) values(26489, 'B0000804', '中国移动', 1, '预付费', 13100006488);
insert into T_TERMINALINFO (TERMINAL_ID,TTYPE_ID,SIM_ID,TERMINAL_CODE,ORG_CODE,IS_VIDEO_TERMINAL,SP_SERVER_NAME,PROTOCOL_TYPE,CHANNELS,YT_PROTOCOL_TYPE) values(260489, 4, 26489, '1006488', 'B0000804',1,'1076测试服务器','4',8,'0');
insert into V_VEHICLEINFO (ORG_CODE,VEHICLE_ID,ID_NUMBER,TYPE_ID,TERMINAL_ID,DELETE_FLAG,COLOR_ID_NUMBER_ID,AUTHORIZED_PAY_MASS) values ('B0000804','2600489', '测B06488', 4, 260489, 0, '2',15);

insert into T_SIMINFO (SIM_ID, ORG_CODE, DEPTCODE, STATE,PAY_MODLE, SIM_NUM) values(26490, 'B0000804', '中国移动', 1, '预付费', 13100006489);
insert into T_TERMINALINFO (TERMINAL_ID,TTYPE_ID,SIM_ID,TERMINAL_CODE,ORG_CODE,IS_VIDEO_TERMINAL,SP_SERVER_NAME,PROTOCOL_TYPE,CHANNELS,YT_PROTOCOL_TYPE) values(260490, 4, 26490, '1006489', 'B0000804',1,'1076测试服务器','4',8,'0');
insert into V_VEHICLEINFO (ORG_CODE,VEHICLE_ID,ID_NUMBER,TYPE_ID,TERMINAL_ID,DELETE_FLAG,COLOR_ID_NUMBER_ID,AUTHORIZED_PAY_MASS) values ('B0000804','2600490', '测B06489', 4, 260490, 0, '2',15);

insert into T_SIMINFO (SIM_ID, ORG_CODE, DEPTCODE, STATE,PAY_MODLE, SIM_NUM) values(26491, 'B0000804', '中国移动', 1, '预付费', 13100006490);
insert into T_TERMINALINFO (TERMINAL_ID,TTYPE_ID,SIM_ID,TERMINAL_CODE,ORG_CODE,IS_VIDEO_TERMINAL,SP_SERVER_NAME,PROTOCOL_TYPE,CHANNELS,YT_PROTOCOL_TYPE) values(260491, 4, 26491, '1006490', 'B0000804',1,'1076测试服务器','4',8,'0');
insert into V_VEHICLEINFO (ORG_CODE,VEHICLE_ID,ID_NUMBER,TYPE_ID,TERMINAL_ID,DELETE_FLAG,COLOR_ID_NUMBER_ID,AUTHORIZED_PAY_MASS) values ('B0000804','2600491', '测B06490', 4, 260491, 0, '2',15);

insert into T_SIMINFO (SIM_ID, ORG_CODE, DEPTCODE, STATE,PAY_MODLE, SIM_NUM) values(26492, 'B0000804', '中国移动', 1, '预付费', 13100006491);
insert into T_TERMINALINFO (TERMINAL_ID,TTYPE_ID,SIM_ID,TERMINAL_CODE,ORG_CODE,IS_VIDEO_TERMINAL,SP_SERVER_NAME,PROTOCOL_TYPE,CHANNELS,YT_PROTOCOL_TYPE) values(260492, 4, 26492, '1006491', 'B0000804',1,'1076测试服务器','4',8,'0');
insert into V_VEHICLEINFO (ORG_CODE,VEHICLE_ID,ID_NUMBER,TYPE_ID,TERMINAL_ID,DELETE_FLAG,COLOR_ID_NUMBER_ID,AUTHORIZED_PAY_MASS) values ('B0000804','2600492', '测B06491', 4, 260492, 0, '2',15);

insert into T_SIMINFO (SIM_ID, ORG_CODE, DEPTCODE, STATE,PAY_MODLE, SIM_NUM) values(26493, 'B0000804', '中国移动', 1, '预付费', 13100006492);
insert into T_TERMINALINFO (TERMINAL_ID,TTYPE_ID,SIM_ID,TERMINAL_CODE,ORG_CODE,IS_VIDEO_TERMINAL,SP_SERVER_NAME,PROTOCOL_TYPE,CHANNELS,YT_PROTOCOL_TYPE) values(260493, 4, 26493, '1006492', 'B0000804',1,'1076测试服务器','4',8,'0');
insert into V_VEHICLEINFO (ORG_CODE,VEHICLE_ID,ID_NUMBER,TYPE_ID,TERMINAL_ID,DELETE_FLAG,COLOR_ID_NUMBER_ID,AUTHORIZED_PAY_MASS) values ('B0000804','2600493', '测B06492', 4, 260493, 0, '2',15);

insert into T_SIMINFO (SIM_ID, ORG_CODE, DEPTCODE, STATE,PAY_MODLE, SIM_NUM) values(26494, 'B0000804', '中国移动', 1, '预付费', 13100006493);
insert into T_TERMINALINFO (TERMINAL_ID,TTYPE_ID,SIM_ID,TERMINAL_CODE,ORG_CODE,IS_VIDEO_TERMINAL,SP_SERVER_NAME,PROTOCOL_TYPE,CHANNELS,YT_PROTOCOL_TYPE) values(260494, 4, 26494, '1006493', 'B0000804',1,'1076测试服务器','4',8,'0');
insert into V_VEHICLEINFO (ORG_CODE,VEHICLE_ID,ID_NUMBER,TYPE_ID,TERMINAL_ID,DELETE_FLAG,COLOR_ID_NUMBER_ID,AUTHORIZED_PAY_MASS) values ('B0000804','2600494', '测B06493', 4, 260494, 0, '2',15);

insert into T_SIMINFO (SIM_ID, ORG_CODE, DEPTCODE, STATE,PAY_MODLE, SIM_NUM) values(26495, 'B0000804', '中国移动', 1, '预付费', 13100006494);
insert into T_TERMINALINFO (TERMINAL_ID,TTYPE_ID,SIM_ID,TERMINAL_CODE,ORG_CODE,IS_VIDEO_TERMINAL,SP_SERVER_NAME,PROTOCOL_TYPE,CHANNELS,YT_PROTOCOL_TYPE) values(260495, 4, 26495, '1006494', 'B0000804',1,'1076测试服务器','4',8,'0');
insert into V_VEHICLEINFO (ORG_CODE,VEHICLE_ID,ID_NUMBER,TYPE_ID,TERMINAL_ID,DELETE_FLAG,COLOR_ID_NUMBER_ID,AUTHORIZED_PAY_MASS) values ('B0000804','2600495', '测B06494', 4, 260495, 0, '2',15);

insert into T_SIMINFO (SIM_ID, ORG_CODE, DEPTCODE, STATE,PAY_MODLE, SIM_NUM) values(26496, 'B0000804', '中国移动', 1, '预付费', 13100006495);
insert into T_TERMINALINFO (TERMINAL_ID,TTYPE_ID,SIM_ID,TERMINAL_CODE,ORG_CODE,IS_VIDEO_TERMINAL,SP_SERVER_NAME,PROTOCOL_TYPE,CHANNELS,YT_PROTOCOL_TYPE) values(260496, 4, 26496, '1006495', 'B0000804',1,'1076测试服务器','4',8,'0');
insert into V_VEHICLEINFO (ORG_CODE,VEHICLE_ID,ID_NUMBER,TYPE_ID,TERMINAL_ID,DELETE_FLAG,COLOR_ID_NUMBER_ID,AUTHORIZED_PAY_MASS) values ('B0000804','2600496', '测B06495', 4, 260496, 0, '2',15);

insert into T_SIMINFO (SIM_ID, ORG_CODE, DEPTCODE, STATE,PAY_MODLE, SIM_NUM) values(26497, 'B0000804', '中国移动', 1, '预付费', 13100006496);
insert into T_TERMINALINFO (TERMINAL_ID,TTYPE_ID,SIM_ID,TERMINAL_CODE,ORG_CODE,IS_VIDEO_TERMINAL,SP_SERVER_NAME,PROTOCOL_TYPE,CHANNELS,YT_PROTOCOL_TYPE) values(260497, 4, 26497, '1006496', 'B0000804',1,'1076测试服务器','4',8,'0');
insert into V_VEHICLEINFO (ORG_CODE,VEHICLE_ID,ID_NUMBER,TYPE_ID,TERMINAL_ID,DELETE_FLAG,COLOR_ID_NUMBER_ID,AUTHORIZED_PAY_MASS) values ('B0000804','2600497', '测B06496', 4, 260497, 0, '2',15);

insert into T_SIMINFO (SIM_ID, ORG_CODE, DEPTCODE, STATE,PAY_MODLE, SIM_NUM) values(26498, 'B0000804', '中国移动', 1, '预付费', 13100006497);
insert into T_TERMINALINFO (TERMINAL_ID,TTYPE_ID,SIM_ID,TERMINAL_CODE,ORG_CODE,IS_VIDEO_TERMINAL,SP_SERVER_NAME,PROTOCOL_TYPE,CHANNELS,YT_PROTOCOL_TYPE) values(260498, 4, 26498, '1006497', 'B0000804',1,'1076测试服务器','4',8,'0');
insert into V_VEHICLEINFO (ORG_CODE,VEHICLE_ID,ID_NUMBER,TYPE_ID,TERMINAL_ID,DELETE_FLAG,COLOR_ID_NUMBER_ID,AUTHORIZED_PAY_MASS) values ('B0000804','2600498', '测B06497', 4, 260498, 0, '2',15);

insert into T_SIMINFO (SIM_ID, ORG_CODE, DEPTCODE, STATE,PAY_MODLE, SIM_NUM) values(26499, 'B0000804', '中国移动', 1, '预付费', 13100006498);
insert into T_TERMINALINFO (TERMINAL_ID,TTYPE_ID,SIM_ID,TERMINAL_CODE,ORG_CODE,IS_VIDEO_TERMINAL,SP_SERVER_NAME,PROTOCOL_TYPE,CHANNELS,YT_PROTOCOL_TYPE) values(260499, 4, 26499, '1006498', 'B0000804',1,'1076测试服务器','4',8,'0');
insert into V_VEHICLEINFO (ORG_CODE,VEHICLE_ID,ID_NUMBER,TYPE_ID,TERMINAL_ID,DELETE_FLAG,COLOR_ID_NUMBER_ID,AUTHORIZED_PAY_MASS) values ('B0000804','2600499', '测B06498', 4, 260499, 0, '2',15);

insert into T_SIMINFO (SIM_ID, ORG_CODE, DEPTCODE, STATE,PAY_MODLE, SIM_NUM) values(26500, 'B0000804', '中国移动', 1, '预付费', 13100006499);
insert into T_TERMINALINFO (TERMINAL_ID,TTYPE_ID,SIM_ID,TERMINAL_CODE,ORG_CODE,IS_VIDEO_TERMINAL,SP_SERVER_NAME,PROTOCOL_TYPE,CHANNELS,YT_PROTOCOL_TYPE) values(260500, 4, 26500, '1006499', 'B0000804',1,'1076测试服务器','4',8,'0');
insert into V_VEHICLEINFO (ORG_CODE,VEHICLE_ID,ID_NUMBER,TYPE_ID,TERMINAL_ID,DELETE_FLAG,COLOR_ID_NUMBER_ID,AUTHORIZED_PAY_MASS) values ('B0000804','2600500', '测B06499', 4, 260500, 0, '2',15);

insert into T_SIMINFO (SIM_ID, ORG_CODE, DEPTCODE, STATE,PAY_MODLE, SIM_NUM) values(26501, 'B0000804', '中国移动', 1, '预付费', 13100006500);
insert into T_TERMINALINFO (TERMINAL_ID,TTYPE_ID,SIM_ID,TERMINAL_CODE,ORG_CODE,IS_VIDEO_TERMINAL,SP_SERVER_NAME,PROTOCOL_TYPE,CHANNELS,YT_PROTOCOL_TYPE) values(260501, 4, 26501, '1006500', 'B0000804',1,'1076测试服务器','4',8,'0');
insert into V_VEHICLEINFO (ORG_CODE,VEHICLE_ID,ID_NUMBER,TYPE_ID,TERMINAL_ID,DELETE_FLAG,COLOR_ID_NUMBER_ID,AUTHORIZED_PAY_MASS) values ('B0000804','2600501', '测B06500', 4, 260501, 0, '2',15);

insert into T_SIMINFO (SIM_ID, ORG_CODE, DEPTCODE, STATE,PAY_MODLE, SIM_NUM) values(26502, 'B0000804', '中国移动', 1, '预付费', 13100006501);
insert into T_TERMINALINFO (TERMINAL_ID,TTYPE_ID,SIM_ID,TERMINAL_CODE,ORG_CODE,IS_VIDEO_TERMINAL,SP_SERVER_NAME,PROTOCOL_TYPE,CHANNELS,YT_PROTOCOL_TYPE) values(260502, 4, 26502, '1006501', 'B0000804',1,'1076测试服务器','4',8,'0');
insert into V_VEHICLEINFO (ORG_CODE,VEHICLE_ID,ID_NUMBER,TYPE_ID,TERMINAL_ID,DELETE_FLAG,COLOR_ID_NUMBER_ID,AUTHORIZED_PAY_MASS) values ('B0000804','2600502', '测B06501', 4, 260502, 0, '2',15);

insert into T_SIMINFO (SIM_ID, ORG_CODE, DEPTCODE, STATE,PAY_MODLE, SIM_NUM) values(26503, 'B0000804', '中国移动', 1, '预付费', 13100006502);
insert into T_TERMINALINFO (TERMINAL_ID,TTYPE_ID,SIM_ID,TERMINAL_CODE,ORG_CODE,IS_VIDEO_TERMINAL,SP_SERVER_NAME,PROTOCOL_TYPE,CHANNELS,YT_PROTOCOL_TYPE) values(260503, 4, 26503, '1006502', 'B0000804',1,'1076测试服务器','4',8,'0');
insert into V_VEHICLEINFO (ORG_CODE,VEHICLE_ID,ID_NUMBER,TYPE_ID,TERMINAL_ID,DELETE_FLAG,COLOR_ID_NUMBER_ID,AUTHORIZED_PAY_MASS) values ('B0000804','2600503', '测B06502', 4, 260503, 0, '2',15);

insert into T_SIMINFO (SIM_ID, ORG_CODE, DEPTCODE, STATE,PAY_MODLE, SIM_NUM) values(26504, 'B0000804', '中国移动', 1, '预付费', 13100006503);
insert into T_TERMINALINFO (TERMINAL_ID,TTYPE_ID,SIM_ID,TERMINAL_CODE,ORG_CODE,IS_VIDEO_TERMINAL,SP_SERVER_NAME,PROTOCOL_TYPE,CHANNELS,YT_PROTOCOL_TYPE) values(260504, 4, 26504, '1006503', 'B0000804',1,'1076测试服务器','4',8,'0');
insert into V_VEHICLEINFO (ORG_CODE,VEHICLE_ID,ID_NUMBER,TYPE_ID,TERMINAL_ID,DELETE_FLAG,COLOR_ID_NUMBER_ID,AUTHORIZED_PAY_MASS) values ('B0000804','2600504', '测B06503', 4, 260504, 0, '2',15);

insert into T_SIMINFO (SIM_ID, ORG_CODE, DEPTCODE, STATE,PAY_MODLE, SIM_NUM) values(26505, 'B0000804', '中国移动', 1, '预付费', 13100006504);
insert into T_TERMINALINFO (TERMINAL_ID,TTYPE_ID,SIM_ID,TERMINAL_CODE,ORG_CODE,IS_VIDEO_TERMINAL,SP_SERVER_NAME,PROTOCOL_TYPE,CHANNELS,YT_PROTOCOL_TYPE) values(260505, 4, 26505, '1006504', 'B0000804',1,'1076测试服务器','4',8,'0');
insert into V_VEHICLEINFO (ORG_CODE,VEHICLE_ID,ID_NUMBER,TYPE_ID,TERMINAL_ID,DELETE_FLAG,COLOR_ID_NUMBER_ID,AUTHORIZED_PAY_MASS) values ('B0000804','2600505', '测B06504', 4, 260505, 0, '2',15);

insert into T_SIMINFO (SIM_ID, ORG_CODE, DEPTCODE, STATE,PAY_MODLE, SIM_NUM) values(26506, 'B0000804', '中国移动', 1, '预付费', 13100006505);
insert into T_TERMINALINFO (TERMINAL_ID,TTYPE_ID,SIM_ID,TERMINAL_CODE,ORG_CODE,IS_VIDEO_TERMINAL,SP_SERVER_NAME,PROTOCOL_TYPE,CHANNELS,YT_PROTOCOL_TYPE) values(260506, 4, 26506, '1006505', 'B0000804',1,'1076测试服务器','4',8,'0');
insert into V_VEHICLEINFO (ORG_CODE,VEHICLE_ID,ID_NUMBER,TYPE_ID,TERMINAL_ID,DELETE_FLAG,COLOR_ID_NUMBER_ID,AUTHORIZED_PAY_MASS) values ('B0000804','2600506', '测B06505', 4, 260506, 0, '2',15);

insert into T_SIMINFO (SIM_ID, ORG_CODE, DEPTCODE, STATE,PAY_MODLE, SIM_NUM) values(26507, 'B0000804', '中国移动', 1, '预付费', 13100006506);
insert into T_TERMINALINFO (TERMINAL_ID,TTYPE_ID,SIM_ID,TERMINAL_CODE,ORG_CODE,IS_VIDEO_TERMINAL,SP_SERVER_NAME,PROTOCOL_TYPE,CHANNELS,YT_PROTOCOL_TYPE) values(260507, 4, 26507, '1006506', 'B0000804',1,'1076测试服务器','4',8,'0');
insert into V_VEHICLEINFO (ORG_CODE,VEHICLE_ID,ID_NUMBER,TYPE_ID,TERMINAL_ID,DELETE_FLAG,COLOR_ID_NUMBER_ID,AUTHORIZED_PAY_MASS) values ('B0000804','2600507', '测B06506', 4, 260507, 0, '2',15);

insert into T_SIMINFO (SIM_ID, ORG_CODE, DEPTCODE, STATE,PAY_MODLE, SIM_NUM) values(26508, 'B0000804', '中国移动', 1, '预付费', 13100006507);
insert into T_TERMINALINFO (TERMINAL_ID,TTYPE_ID,SIM_ID,TERMINAL_CODE,ORG_CODE,IS_VIDEO_TERMINAL,SP_SERVER_NAME,PROTOCOL_TYPE,CHANNELS,YT_PROTOCOL_TYPE) values(260508, 4, 26508, '1006507', 'B0000804',1,'1076测试服务器','4',8,'0');
insert into V_VEHICLEINFO (ORG_CODE,VEHICLE_ID,ID_NUMBER,TYPE_ID,TERMINAL_ID,DELETE_FLAG,COLOR_ID_NUMBER_ID,AUTHORIZED_PAY_MASS) values ('B0000804','2600508', '测B06507', 4, 260508, 0, '2',15);

insert into T_SIMINFO (SIM_ID, ORG_CODE, DEPTCODE, STATE,PAY_MODLE, SIM_NUM) values(26509, 'B0000804', '中国移动', 1, '预付费', 13100006508);
insert into T_TERMINALINFO (TERMINAL_ID,TTYPE_ID,SIM_ID,TERMINAL_CODE,ORG_CODE,IS_VIDEO_TERMINAL,SP_SERVER_NAME,PROTOCOL_TYPE,CHANNELS,YT_PROTOCOL_TYPE) values(260509, 4, 26509, '1006508', 'B0000804',1,'1076测试服务器','4',8,'0');
insert into V_VEHICLEINFO (ORG_CODE,VEHICLE_ID,ID_NUMBER,TYPE_ID,TERMINAL_ID,DELETE_FLAG,COLOR_ID_NUMBER_ID,AUTHORIZED_PAY_MASS) values ('B0000804','2600509', '测B06508', 4, 260509, 0, '2',15);

insert into T_SIMINFO (SIM_ID, ORG_CODE, DEPTCODE, STATE,PAY_MODLE, SIM_NUM) values(26510, 'B0000804', '中国移动', 1, '预付费', 13100006509);
insert into T_TERMINALINFO (TERMINAL_ID,TTYPE_ID,SIM_ID,TERMINAL_CODE,ORG_CODE,IS_VIDEO_TERMINAL,SP_SERVER_NAME,PROTOCOL_TYPE,CHANNELS,YT_PROTOCOL_TYPE) values(260510, 4, 26510, '1006509', 'B0000804',1,'1076测试服务器','4',8,'0');
insert into V_VEHICLEINFO (ORG_CODE,VEHICLE_ID,ID_NUMBER,TYPE_ID,TERMINAL_ID,DELETE_FLAG,COLOR_ID_NUMBER_ID,AUTHORIZED_PAY_MASS) values ('B0000804','2600510', '测B06509', 4, 260510, 0, '2',15);

insert into T_SIMINFO (SIM_ID, ORG_CODE, DEPTCODE, STATE,PAY_MODLE, SIM_NUM) values(26511, 'B0000804', '中国移动', 1, '预付费', 13100006510);
insert into T_TERMINALINFO (TERMINAL_ID,TTYPE_ID,SIM_ID,TERMINAL_CODE,ORG_CODE,IS_VIDEO_TERMINAL,SP_SERVER_NAME,PROTOCOL_TYPE,CHANNELS,YT_PROTOCOL_TYPE) values(260511, 4, 26511, '1006510', 'B0000804',1,'1076测试服务器','4',8,'0');
insert into V_VEHICLEINFO (ORG_CODE,VEHICLE_ID,ID_NUMBER,TYPE_ID,TERMINAL_ID,DELETE_FLAG,COLOR_ID_NUMBER_ID,AUTHORIZED_PAY_MASS) values ('B0000804','2600511', '测B06510', 4, 260511, 0, '2',15);

insert into T_SIMINFO (SIM_ID, ORG_CODE, DEPTCODE, STATE,PAY_MODLE, SIM_NUM) values(26512, 'B0000804', '中国移动', 1, '预付费', 13100006511);
insert into T_TERMINALINFO (TERMINAL_ID,TTYPE_ID,SIM_ID,TERMINAL_CODE,ORG_CODE,IS_VIDEO_TERMINAL,SP_SERVER_NAME,PROTOCOL_TYPE,CHANNELS,YT_PROTOCOL_TYPE) values(260512, 4, 26512, '1006511', 'B0000804',1,'1076测试服务器','4',8,'0');
insert into V_VEHICLEINFO (ORG_CODE,VEHICLE_ID,ID_NUMBER,TYPE_ID,TERMINAL_ID,DELETE_FLAG,COLOR_ID_NUMBER_ID,AUTHORIZED_PAY_MASS) values ('B0000804','2600512', '测B06511', 4, 260512, 0, '2',15);

insert into T_SIMINFO (SIM_ID, ORG_CODE, DEPTCODE, STATE,PAY_MODLE, SIM_NUM) values(26513, 'B0000804', '中国移动', 1, '预付费', 13100006512);
insert into T_TERMINALINFO (TERMINAL_ID,TTYPE_ID,SIM_ID,TERMINAL_CODE,ORG_CODE,IS_VIDEO_TERMINAL,SP_SERVER_NAME,PROTOCOL_TYPE,CHANNELS,YT_PROTOCOL_TYPE) values(260513, 4, 26513, '1006512', 'B0000804',1,'1076测试服务器','4',8,'0');
insert into V_VEHICLEINFO (ORG_CODE,VEHICLE_ID,ID_NUMBER,TYPE_ID,TERMINAL_ID,DELETE_FLAG,COLOR_ID_NUMBER_ID,AUTHORIZED_PAY_MASS) values ('B0000804','2600513', '测B06512', 4, 260513, 0, '2',15);

insert into T_SIMINFO (SIM_ID, ORG_CODE, DEPTCODE, STATE,PAY_MODLE, SIM_NUM) values(26514, 'B0000804', '中国移动', 1, '预付费', 13100006513);
insert into T_TERMINALINFO (TERMINAL_ID,TTYPE_ID,SIM_ID,TERMINAL_CODE,ORG_CODE,IS_VIDEO_TERMINAL,SP_SERVER_NAME,PROTOCOL_TYPE,CHANNELS,YT_PROTOCOL_TYPE) values(260514, 4, 26514, '1006513', 'B0000804',1,'1076测试服务器','4',8,'0');
insert into V_VEHICLEINFO (ORG_CODE,VEHICLE_ID,ID_NUMBER,TYPE_ID,TERMINAL_ID,DELETE_FLAG,COLOR_ID_NUMBER_ID,AUTHORIZED_PAY_MASS) values ('B0000804','2600514', '测B06513', 4, 260514, 0, '2',15);

insert into T_SIMINFO (SIM_ID, ORG_CODE, DEPTCODE, STATE,PAY_MODLE, SIM_NUM) values(26515, 'B0000804', '中国移动', 1, '预付费', 13100006514);
insert into T_TERMINALINFO (TERMINAL_ID,TTYPE_ID,SIM_ID,TERMINAL_CODE,ORG_CODE,IS_VIDEO_TERMINAL,SP_SERVER_NAME,PROTOCOL_TYPE,CHANNELS,YT_PROTOCOL_TYPE) values(260515, 4, 26515, '1006514', 'B0000804',1,'1076测试服务器','4',8,'0');
insert into V_VEHICLEINFO (ORG_CODE,VEHICLE_ID,ID_NUMBER,TYPE_ID,TERMINAL_ID,DELETE_FLAG,COLOR_ID_NUMBER_ID,AUTHORIZED_PAY_MASS) values ('B0000804','2600515', '测B06514', 4, 260515, 0, '2',15);

insert into T_SIMINFO (SIM_ID, ORG_CODE, DEPTCODE, STATE,PAY_MODLE, SIM_NUM) values(26516, 'B0000804', '中国移动', 1, '预付费', 13100006515);
insert into T_TERMINALINFO (TERMINAL_ID,TTYPE_ID,SIM_ID,TERMINAL_CODE,ORG_CODE,IS_VIDEO_TERMINAL,SP_SERVER_NAME,PROTOCOL_TYPE,CHANNELS,YT_PROTOCOL_TYPE) values(260516, 4, 26516, '1006515', 'B0000804',1,'1076测试服务器','4',8,'0');
insert into V_VEHICLEINFO (ORG_CODE,VEHICLE_ID,ID_NUMBER,TYPE_ID,TERMINAL_ID,DELETE_FLAG,COLOR_ID_NUMBER_ID,AUTHORIZED_PAY_MASS) values ('B0000804','2600516', '测B06515', 4, 260516, 0, '2',15);

insert into T_SIMINFO (SIM_ID, ORG_CODE, DEPTCODE, STATE,PAY_MODLE, SIM_NUM) values(26517, 'B0000804', '中国移动', 1, '预付费', 13100006516);
insert into T_TERMINALINFO (TERMINAL_ID,TTYPE_ID,SIM_ID,TERMINAL_CODE,ORG_CODE,IS_VIDEO_TERMINAL,SP_SERVER_NAME,PROTOCOL_TYPE,CHANNELS,YT_PROTOCOL_TYPE) values(260517, 4, 26517, '1006516', 'B0000804',1,'1076测试服务器','4',8,'0');
insert into V_VEHICLEINFO (ORG_CODE,VEHICLE_ID,ID_NUMBER,TYPE_ID,TERMINAL_ID,DELETE_FLAG,COLOR_ID_NUMBER_ID,AUTHORIZED_PAY_MASS) values ('B0000804','2600517', '测B06516', 4, 260517, 0, '2',15);

insert into T_SIMINFO (SIM_ID, ORG_CODE, DEPTCODE, STATE,PAY_MODLE, SIM_NUM) values(26518, 'B0000804', '中国移动', 1, '预付费', 13100006517);
insert into T_TERMINALINFO (TERMINAL_ID,TTYPE_ID,SIM_ID,TERMINAL_CODE,ORG_CODE,IS_VIDEO_TERMINAL,SP_SERVER_NAME,PROTOCOL_TYPE,CHANNELS,YT_PROTOCOL_TYPE) values(260518, 4, 26518, '1006517', 'B0000804',1,'1076测试服务器','4',8,'0');
insert into V_VEHICLEINFO (ORG_CODE,VEHICLE_ID,ID_NUMBER,TYPE_ID,TERMINAL_ID,DELETE_FLAG,COLOR_ID_NUMBER_ID,AUTHORIZED_PAY_MASS) values ('B0000804','2600518', '测B06517', 4, 260518, 0, '2',15);

insert into T_SIMINFO (SIM_ID, ORG_CODE, DEPTCODE, STATE,PAY_MODLE, SIM_NUM) values(26519, 'B0000804', '中国移动', 1, '预付费', 13100006518);
insert into T_TERMINALINFO (TERMINAL_ID,TTYPE_ID,SIM_ID,TERMINAL_CODE,ORG_CODE,IS_VIDEO_TERMINAL,SP_SERVER_NAME,PROTOCOL_TYPE,CHANNELS,YT_PROTOCOL_TYPE) values(260519, 4, 26519, '1006518', 'B0000804',1,'1076测试服务器','4',8,'0');
insert into V_VEHICLEINFO (ORG_CODE,VEHICLE_ID,ID_NUMBER,TYPE_ID,TERMINAL_ID,DELETE_FLAG,COLOR_ID_NUMBER_ID,AUTHORIZED_PAY_MASS) values ('B0000804','2600519', '测B06518', 4, 260519, 0, '2',15);

insert into T_SIMINFO (SIM_ID, ORG_CODE, DEPTCODE, STATE,PAY_MODLE, SIM_NUM) values(26520, 'B0000804', '中国移动', 1, '预付费', 13100006519);
insert into T_TERMINALINFO (TERMINAL_ID,TTYPE_ID,SIM_ID,TERMINAL_CODE,ORG_CODE,IS_VIDEO_TERMINAL,SP_SERVER_NAME,PROTOCOL_TYPE,CHANNELS,YT_PROTOCOL_TYPE) values(260520, 4, 26520, '1006519', 'B0000804',1,'1076测试服务器','4',8,'0');
insert into V_VEHICLEINFO (ORG_CODE,VEHICLE_ID,ID_NUMBER,TYPE_ID,TERMINAL_ID,DELETE_FLAG,COLOR_ID_NUMBER_ID,AUTHORIZED_PAY_MASS) values ('B0000804','2600520', '测B06519', 4, 260520, 0, '2',15);

insert into T_SIMINFO (SIM_ID, ORG_CODE, DEPTCODE, STATE,PAY_MODLE, SIM_NUM) values(26521, 'B0000804', '中国移动', 1, '预付费', 13100006520);
insert into T_TERMINALINFO (TERMINAL_ID,TTYPE_ID,SIM_ID,TERMINAL_CODE,ORG_CODE,IS_VIDEO_TERMINAL,SP_SERVER_NAME,PROTOCOL_TYPE,CHANNELS,YT_PROTOCOL_TYPE) values(260521, 4, 26521, '1006520', 'B0000804',1,'1076测试服务器','4',8,'0');
insert into V_VEHICLEINFO (ORG_CODE,VEHICLE_ID,ID_NUMBER,TYPE_ID,TERMINAL_ID,DELETE_FLAG,COLOR_ID_NUMBER_ID,AUTHORIZED_PAY_MASS) values ('B0000804','2600521', '测B06520', 4, 260521, 0, '2',15);

insert into T_SIMINFO (SIM_ID, ORG_CODE, DEPTCODE, STATE,PAY_MODLE, SIM_NUM) values(26522, 'B0000804', '中国移动', 1, '预付费', 13100006521);
insert into T_TERMINALINFO (TERMINAL_ID,TTYPE_ID,SIM_ID,TERMINAL_CODE,ORG_CODE,IS_VIDEO_TERMINAL,SP_SERVER_NAME,PROTOCOL_TYPE,CHANNELS,YT_PROTOCOL_TYPE) values(260522, 4, 26522, '1006521', 'B0000804',1,'1076测试服务器','4',8,'0');
insert into V_VEHICLEINFO (ORG_CODE,VEHICLE_ID,ID_NUMBER,TYPE_ID,TERMINAL_ID,DELETE_FLAG,COLOR_ID_NUMBER_ID,AUTHORIZED_PAY_MASS) values ('B0000804','2600522', '测B06521', 4, 260522, 0, '2',15);

insert into T_SIMINFO (SIM_ID, ORG_CODE, DEPTCODE, STATE,PAY_MODLE, SIM_NUM) values(26523, 'B0000804', '中国移动', 1, '预付费', 13100006522);
insert into T_TERMINALINFO (TERMINAL_ID,TTYPE_ID,SIM_ID,TERMINAL_CODE,ORG_CODE,IS_VIDEO_TERMINAL,SP_SERVER_NAME,PROTOCOL_TYPE,CHANNELS,YT_PROTOCOL_TYPE) values(260523, 4, 26523, '1006522', 'B0000804',1,'1076测试服务器','4',8,'0');
insert into V_VEHICLEINFO (ORG_CODE,VEHICLE_ID,ID_NUMBER,TYPE_ID,TERMINAL_ID,DELETE_FLAG,COLOR_ID_NUMBER_ID,AUTHORIZED_PAY_MASS) values ('B0000804','2600523', '测B06522', 4, 260523, 0, '2',15);

insert into T_SIMINFO (SIM_ID, ORG_CODE, DEPTCODE, STATE,PAY_MODLE, SIM_NUM) values(26524, 'B0000804', '中国移动', 1, '预付费', 13100006523);
insert into T_TERMINALINFO (TERMINAL_ID,TTYPE_ID,SIM_ID,TERMINAL_CODE,ORG_CODE,IS_VIDEO_TERMINAL,SP_SERVER_NAME,PROTOCOL_TYPE,CHANNELS,YT_PROTOCOL_TYPE) values(260524, 4, 26524, '1006523', 'B0000804',1,'1076测试服务器','4',8,'0');
insert into V_VEHICLEINFO (ORG_CODE,VEHICLE_ID,ID_NUMBER,TYPE_ID,TERMINAL_ID,DELETE_FLAG,COLOR_ID_NUMBER_ID,AUTHORIZED_PAY_MASS) values ('B0000804','2600524', '测B06523', 4, 260524, 0, '2',15);

insert into T_SIMINFO (SIM_ID, ORG_CODE, DEPTCODE, STATE,PAY_MODLE, SIM_NUM) values(26525, 'B0000804', '中国移动', 1, '预付费', 13100006524);
insert into T_TERMINALINFO (TERMINAL_ID,TTYPE_ID,SIM_ID,TERMINAL_CODE,ORG_CODE,IS_VIDEO_TERMINAL,SP_SERVER_NAME,PROTOCOL_TYPE,CHANNELS,YT_PROTOCOL_TYPE) values(260525, 4, 26525, '1006524', 'B0000804',1,'1076测试服务器','4',8,'0');
insert into V_VEHICLEINFO (ORG_CODE,VEHICLE_ID,ID_NUMBER,TYPE_ID,TERMINAL_ID,DELETE_FLAG,COLOR_ID_NUMBER_ID,AUTHORIZED_PAY_MASS) values ('B0000804','2600525', '测B06524', 4, 260525, 0, '2',15);

insert into T_SIMINFO (SIM_ID, ORG_CODE, DEPTCODE, STATE,PAY_MODLE, SIM_NUM) values(26526, 'B0000804', '中国移动', 1, '预付费', 13100006525);
insert into T_TERMINALINFO (TERMINAL_ID,TTYPE_ID,SIM_ID,TERMINAL_CODE,ORG_CODE,IS_VIDEO_TERMINAL,SP_SERVER_NAME,PROTOCOL_TYPE,CHANNELS,YT_PROTOCOL_TYPE) values(260526, 4, 26526, '1006525', 'B0000804',1,'1076测试服务器','4',8,'0');
insert into V_VEHICLEINFO (ORG_CODE,VEHICLE_ID,ID_NUMBER,TYPE_ID,TERMINAL_ID,DELETE_FLAG,COLOR_ID_NUMBER_ID,AUTHORIZED_PAY_MASS) values ('B0000804','2600526', '测B06525', 4, 260526, 0, '2',15);

insert into T_SIMINFO (SIM_ID, ORG_CODE, DEPTCODE, STATE,PAY_MODLE, SIM_NUM) values(26527, 'B0000804', '中国移动', 1, '预付费', 13100006526);
insert into T_TERMINALINFO (TERMINAL_ID,TTYPE_ID,SIM_ID,TERMINAL_CODE,ORG_CODE,IS_VIDEO_TERMINAL,SP_SERVER_NAME,PROTOCOL_TYPE,CHANNELS,YT_PROTOCOL_TYPE) values(260527, 4, 26527, '1006526', 'B0000804',1,'1076测试服务器','4',8,'0');
insert into V_VEHICLEINFO (ORG_CODE,VEHICLE_ID,ID_NUMBER,TYPE_ID,TERMINAL_ID,DELETE_FLAG,COLOR_ID_NUMBER_ID,AUTHORIZED_PAY_MASS) values ('B0000804','2600527', '测B06526', 4, 260527, 0, '2',15);

insert into T_SIMINFO (SIM_ID, ORG_CODE, DEPTCODE, STATE,PAY_MODLE, SIM_NUM) values(26528, 'B0000804', '中国移动', 1, '预付费', 13100006527);
insert into T_TERMINALINFO (TERMINAL_ID,TTYPE_ID,SIM_ID,TERMINAL_CODE,ORG_CODE,IS_VIDEO_TERMINAL,SP_SERVER_NAME,PROTOCOL_TYPE,CHANNELS,YT_PROTOCOL_TYPE) values(260528, 4, 26528, '1006527', 'B0000804',1,'1076测试服务器','4',8,'0');
insert into V_VEHICLEINFO (ORG_CODE,VEHICLE_ID,ID_NUMBER,TYPE_ID,TERMINAL_ID,DELETE_FLAG,COLOR_ID_NUMBER_ID,AUTHORIZED_PAY_MASS) values ('B0000804','2600528', '测B06527', 4, 260528, 0, '2',15);

insert into T_SIMINFO (SIM_ID, ORG_CODE, DEPTCODE, STATE,PAY_MODLE, SIM_NUM) values(26529, 'B0000804', '中国移动', 1, '预付费', 13100006528);
insert into T_TERMINALINFO (TERMINAL_ID,TTYPE_ID,SIM_ID,TERMINAL_CODE,ORG_CODE,IS_VIDEO_TERMINAL,SP_SERVER_NAME,PROTOCOL_TYPE,CHANNELS,YT_PROTOCOL_TYPE) values(260529, 4, 26529, '1006528', 'B0000804',1,'1076测试服务器','4',8,'0');
insert into V_VEHICLEINFO (ORG_CODE,VEHICLE_ID,ID_NUMBER,TYPE_ID,TERMINAL_ID,DELETE_FLAG,COLOR_ID_NUMBER_ID,AUTHORIZED_PAY_MASS) values ('B0000804','2600529', '测B06528', 4, 260529, 0, '2',15);

insert into T_SIMINFO (SIM_ID, ORG_CODE, DEPTCODE, STATE,PAY_MODLE, SIM_NUM) values(26530, 'B0000804', '中国移动', 1, '预付费', 13100006529);
insert into T_TERMINALINFO (TERMINAL_ID,TTYPE_ID,SIM_ID,TERMINAL_CODE,ORG_CODE,IS_VIDEO_TERMINAL,SP_SERVER_NAME,PROTOCOL_TYPE,CHANNELS,YT_PROTOCOL_TYPE) values(260530, 4, 26530, '1006529', 'B0000804',1,'1076测试服务器','4',8,'0');
insert into V_VEHICLEINFO (ORG_CODE,VEHICLE_ID,ID_NUMBER,TYPE_ID,TERMINAL_ID,DELETE_FLAG,COLOR_ID_NUMBER_ID,AUTHORIZED_PAY_MASS) values ('B0000804','2600530', '测B06529', 4, 260530, 0, '2',15);

insert into T_SIMINFO (SIM_ID, ORG_CODE, DEPTCODE, STATE,PAY_MODLE, SIM_NUM) values(26531, 'B0000804', '中国移动', 1, '预付费', 13100006530);
insert into T_TERMINALINFO (TERMINAL_ID,TTYPE_ID,SIM_ID,TERMINAL_CODE,ORG_CODE,IS_VIDEO_TERMINAL,SP_SERVER_NAME,PROTOCOL_TYPE,CHANNELS,YT_PROTOCOL_TYPE) values(260531, 4, 26531, '1006530', 'B0000804',1,'1076测试服务器','4',8,'0');
insert into V_VEHICLEINFO (ORG_CODE,VEHICLE_ID,ID_NUMBER,TYPE_ID,TERMINAL_ID,DELETE_FLAG,COLOR_ID_NUMBER_ID,AUTHORIZED_PAY_MASS) values ('B0000804','2600531', '测B06530', 4, 260531, 0, '2',15);

insert into T_SIMINFO (SIM_ID, ORG_CODE, DEPTCODE, STATE,PAY_MODLE, SIM_NUM) values(26532, 'B0000804', '中国移动', 1, '预付费', 13100006531);
insert into T_TERMINALINFO (TERMINAL_ID,TTYPE_ID,SIM_ID,TERMINAL_CODE,ORG_CODE,IS_VIDEO_TERMINAL,SP_SERVER_NAME,PROTOCOL_TYPE,CHANNELS,YT_PROTOCOL_TYPE) values(260532, 4, 26532, '1006531', 'B0000804',1,'1076测试服务器','4',8,'0');
insert into V_VEHICLEINFO (ORG_CODE,VEHICLE_ID,ID_NUMBER,TYPE_ID,TERMINAL_ID,DELETE_FLAG,COLOR_ID_NUMBER_ID,AUTHORIZED_PAY_MASS) values ('B0000804','2600532', '测B06531', 4, 260532, 0, '2',15);

insert into T_SIMINFO (SIM_ID, ORG_CODE, DEPTCODE, STATE,PAY_MODLE, SIM_NUM) values(26533, 'B0000804', '中国移动', 1, '预付费', 13100006532);
insert into T_TERMINALINFO (TERMINAL_ID,TTYPE_ID,SIM_ID,TERMINAL_CODE,ORG_CODE,IS_VIDEO_TERMINAL,SP_SERVER_NAME,PROTOCOL_TYPE,CHANNELS,YT_PROTOCOL_TYPE) values(260533, 4, 26533, '1006532', 'B0000804',1,'1076测试服务器','4',8,'0');
insert into V_VEHICLEINFO (ORG_CODE,VEHICLE_ID,ID_NUMBER,TYPE_ID,TERMINAL_ID,DELETE_FLAG,COLOR_ID_NUMBER_ID,AUTHORIZED_PAY_MASS) values ('B0000804','2600533', '测B06532', 4, 260533, 0, '2',15);

insert into T_SIMINFO (SIM_ID, ORG_CODE, DEPTCODE, STATE,PAY_MODLE, SIM_NUM) values(26534, 'B0000804', '中国移动', 1, '预付费', 13100006533);
insert into T_TERMINALINFO (TERMINAL_ID,TTYPE_ID,SIM_ID,TERMINAL_CODE,ORG_CODE,IS_VIDEO_TERMINAL,SP_SERVER_NAME,PROTOCOL_TYPE,CHANNELS,YT_PROTOCOL_TYPE) values(260534, 4, 26534, '1006533', 'B0000804',1,'1076测试服务器','4',8,'0');
insert into V_VEHICLEINFO (ORG_CODE,VEHICLE_ID,ID_NUMBER,TYPE_ID,TERMINAL_ID,DELETE_FLAG,COLOR_ID_NUMBER_ID,AUTHORIZED_PAY_MASS) values ('B0000804','2600534', '测B06533', 4, 260534, 0, '2',15);

insert into T_SIMINFO (SIM_ID, ORG_CODE, DEPTCODE, STATE,PAY_MODLE, SIM_NUM) values(26535, 'B0000804', '中国移动', 1, '预付费', 13100006534);
insert into T_TERMINALINFO (TERMINAL_ID,TTYPE_ID,SIM_ID,TERMINAL_CODE,ORG_CODE,IS_VIDEO_TERMINAL,SP_SERVER_NAME,PROTOCOL_TYPE,CHANNELS,YT_PROTOCOL_TYPE) values(260535, 4, 26535, '1006534', 'B0000804',1,'1076测试服务器','4',8,'0');
insert into V_VEHICLEINFO (ORG_CODE,VEHICLE_ID,ID_NUMBER,TYPE_ID,TERMINAL_ID,DELETE_FLAG,COLOR_ID_NUMBER_ID,AUTHORIZED_PAY_MASS) values ('B0000804','2600535', '测B06534', 4, 260535, 0, '2',15);

insert into T_SIMINFO (SIM_ID, ORG_CODE, DEPTCODE, STATE,PAY_MODLE, SIM_NUM) values(26536, 'B0000804', '中国移动', 1, '预付费', 13100006535);
insert into T_TERMINALINFO (TERMINAL_ID,TTYPE_ID,SIM_ID,TERMINAL_CODE,ORG_CODE,IS_VIDEO_TERMINAL,SP_SERVER_NAME,PROTOCOL_TYPE,CHANNELS,YT_PROTOCOL_TYPE) values(260536, 4, 26536, '1006535', 'B0000804',1,'1076测试服务器','4',8,'0');
insert into V_VEHICLEINFO (ORG_CODE,VEHICLE_ID,ID_NUMBER,TYPE_ID,TERMINAL_ID,DELETE_FLAG,COLOR_ID_NUMBER_ID,AUTHORIZED_PAY_MASS) values ('B0000804','2600536', '测B06535', 4, 260536, 0, '2',15);

insert into T_SIMINFO (SIM_ID, ORG_CODE, DEPTCODE, STATE,PAY_MODLE, SIM_NUM) values(26537, 'B0000804', '中国移动', 1, '预付费', 13100006536);
insert into T_TERMINALINFO (TERMINAL_ID,TTYPE_ID,SIM_ID,TERMINAL_CODE,ORG_CODE,IS_VIDEO_TERMINAL,SP_SERVER_NAME,PROTOCOL_TYPE,CHANNELS,YT_PROTOCOL_TYPE) values(260537, 4, 26537, '1006536', 'B0000804',1,'1076测试服务器','4',8,'0');
insert into V_VEHICLEINFO (ORG_CODE,VEHICLE_ID,ID_NUMBER,TYPE_ID,TERMINAL_ID,DELETE_FLAG,COLOR_ID_NUMBER_ID,AUTHORIZED_PAY_MASS) values ('B0000804','2600537', '测B06536', 4, 260537, 0, '2',15);

insert into T_SIMINFO (SIM_ID, ORG_CODE, DEPTCODE, STATE,PAY_MODLE, SIM_NUM) values(26538, 'B0000804', '中国移动', 1, '预付费', 13100006537);
insert into T_TERMINALINFO (TERMINAL_ID,TTYPE_ID,SIM_ID,TERMINAL_CODE,ORG_CODE,IS_VIDEO_TERMINAL,SP_SERVER_NAME,PROTOCOL_TYPE,CHANNELS,YT_PROTOCOL_TYPE) values(260538, 4, 26538, '1006537', 'B0000804',1,'1076测试服务器','4',8,'0');
insert into V_VEHICLEINFO (ORG_CODE,VEHICLE_ID,ID_NUMBER,TYPE_ID,TERMINAL_ID,DELETE_FLAG,COLOR_ID_NUMBER_ID,AUTHORIZED_PAY_MASS) values ('B0000804','2600538', '测B06537', 4, 260538, 0, '2',15);

insert into T_SIMINFO (SIM_ID, ORG_CODE, DEPTCODE, STATE,PAY_MODLE, SIM_NUM) values(26539, 'B0000804', '中国移动', 1, '预付费', 13100006538);
insert into T_TERMINALINFO (TERMINAL_ID,TTYPE_ID,SIM_ID,TERMINAL_CODE,ORG_CODE,IS_VIDEO_TERMINAL,SP_SERVER_NAME,PROTOCOL_TYPE,CHANNELS,YT_PROTOCOL_TYPE) values(260539, 4, 26539, '1006538', 'B0000804',1,'1076测试服务器','4',8,'0');
insert into V_VEHICLEINFO (ORG_CODE,VEHICLE_ID,ID_NUMBER,TYPE_ID,TERMINAL_ID,DELETE_FLAG,COLOR_ID_NUMBER_ID,AUTHORIZED_PAY_MASS) values ('B0000804','2600539', '测B06538', 4, 260539, 0, '2',15);

insert into T_SIMINFO (SIM_ID, ORG_CODE, DEPTCODE, STATE,PAY_MODLE, SIM_NUM) values(26540, 'B0000804', '中国移动', 1, '预付费', 13100006539);
insert into T_TERMINALINFO (TERMINAL_ID,TTYPE_ID,SIM_ID,TERMINAL_CODE,ORG_CODE,IS_VIDEO_TERMINAL,SP_SERVER_NAME,PROTOCOL_TYPE,CHANNELS,YT_PROTOCOL_TYPE) values(260540, 4, 26540, '1006539', 'B0000804',1,'1076测试服务器','4',8,'0');
insert into V_VEHICLEINFO (ORG_CODE,VEHICLE_ID,ID_NUMBER,TYPE_ID,TERMINAL_ID,DELETE_FLAG,COLOR_ID_NUMBER_ID,AUTHORIZED_PAY_MASS) values ('B0000804','2600540', '测B06539', 4, 260540, 0, '2',15);

insert into T_SIMINFO (SIM_ID, ORG_CODE, DEPTCODE, STATE,PAY_MODLE, SIM_NUM) values(26541, 'B0000804', '中国移动', 1, '预付费', 13100006540);
insert into T_TERMINALINFO (TERMINAL_ID,TTYPE_ID,SIM_ID,TERMINAL_CODE,ORG_CODE,IS_VIDEO_TERMINAL,SP_SERVER_NAME,PROTOCOL_TYPE,CHANNELS,YT_PROTOCOL_TYPE) values(260541, 4, 26541, '1006540', 'B0000804',1,'1076测试服务器','4',8,'0');
insert into V_VEHICLEINFO (ORG_CODE,VEHICLE_ID,ID_NUMBER,TYPE_ID,TERMINAL_ID,DELETE_FLAG,COLOR_ID_NUMBER_ID,AUTHORIZED_PAY_MASS) values ('B0000804','2600541', '测B06540', 4, 260541, 0, '2',15);

insert into T_SIMINFO (SIM_ID, ORG_CODE, DEPTCODE, STATE,PAY_MODLE, SIM_NUM) values(26542, 'B0000804', '中国移动', 1, '预付费', 13100006541);
insert into T_TERMINALINFO (TERMINAL_ID,TTYPE_ID,SIM_ID,TERMINAL_CODE,ORG_CODE,IS_VIDEO_TERMINAL,SP_SERVER_NAME,PROTOCOL_TYPE,CHANNELS,YT_PROTOCOL_TYPE) values(260542, 4, 26542, '1006541', 'B0000804',1,'1076测试服务器','4',8,'0');
insert into V_VEHICLEINFO (ORG_CODE,VEHICLE_ID,ID_NUMBER,TYPE_ID,TERMINAL_ID,DELETE_FLAG,COLOR_ID_NUMBER_ID,AUTHORIZED_PAY_MASS) values ('B0000804','2600542', '测B06541', 4, 260542, 0, '2',15);

insert into T_SIMINFO (SIM_ID, ORG_CODE, DEPTCODE, STATE,PAY_MODLE, SIM_NUM) values(26543, 'B0000804', '中国移动', 1, '预付费', 13100006542);
insert into T_TERMINALINFO (TERMINAL_ID,TTYPE_ID,SIM_ID,TERMINAL_CODE,ORG_CODE,IS_VIDEO_TERMINAL,SP_SERVER_NAME,PROTOCOL_TYPE,CHANNELS,YT_PROTOCOL_TYPE) values(260543, 4, 26543, '1006542', 'B0000804',1,'1076测试服务器','4',8,'0');
insert into V_VEHICLEINFO (ORG_CODE,VEHICLE_ID,ID_NUMBER,TYPE_ID,TERMINAL_ID,DELETE_FLAG,COLOR_ID_NUMBER_ID,AUTHORIZED_PAY_MASS) values ('B0000804','2600543', '测B06542', 4, 260543, 0, '2',15);

insert into T_SIMINFO (SIM_ID, ORG_CODE, DEPTCODE, STATE,PAY_MODLE, SIM_NUM) values(26544, 'B0000804', '中国移动', 1, '预付费', 13100006543);
insert into T_TERMINALINFO (TERMINAL_ID,TTYPE_ID,SIM_ID,TERMINAL_CODE,ORG_CODE,IS_VIDEO_TERMINAL,SP_SERVER_NAME,PROTOCOL_TYPE,CHANNELS,YT_PROTOCOL_TYPE) values(260544, 4, 26544, '1006543', 'B0000804',1,'1076测试服务器','4',8,'0');
insert into V_VEHICLEINFO (ORG_CODE,VEHICLE_ID,ID_NUMBER,TYPE_ID,TERMINAL_ID,DELETE_FLAG,COLOR_ID_NUMBER_ID,AUTHORIZED_PAY_MASS) values ('B0000804','2600544', '测B06543', 4, 260544, 0, '2',15);

insert into T_SIMINFO (SIM_ID, ORG_CODE, DEPTCODE, STATE,PAY_MODLE, SIM_NUM) values(26545, 'B0000804', '中国移动', 1, '预付费', 13100006544);
insert into T_TERMINALINFO (TERMINAL_ID,TTYPE_ID,SIM_ID,TERMINAL_CODE,ORG_CODE,IS_VIDEO_TERMINAL,SP_SERVER_NAME,PROTOCOL_TYPE,CHANNELS,YT_PROTOCOL_TYPE) values(260545, 4, 26545, '1006544', 'B0000804',1,'1076测试服务器','4',8,'0');
insert into V_VEHICLEINFO (ORG_CODE,VEHICLE_ID,ID_NUMBER,TYPE_ID,TERMINAL_ID,DELETE_FLAG,COLOR_ID_NUMBER_ID,AUTHORIZED_PAY_MASS) values ('B0000804','2600545', '测B06544', 4, 260545, 0, '2',15);

insert into T_SIMINFO (SIM_ID, ORG_CODE, DEPTCODE, STATE,PAY_MODLE, SIM_NUM) values(26546, 'B0000804', '中国移动', 1, '预付费', 13100006545);
insert into T_TERMINALINFO (TERMINAL_ID,TTYPE_ID,SIM_ID,TERMINAL_CODE,ORG_CODE,IS_VIDEO_TERMINAL,SP_SERVER_NAME,PROTOCOL_TYPE,CHANNELS,YT_PROTOCOL_TYPE) values(260546, 4, 26546, '1006545', 'B0000804',1,'1076测试服务器','4',8,'0');
insert into V_VEHICLEINFO (ORG_CODE,VEHICLE_ID,ID_NUMBER,TYPE_ID,TERMINAL_ID,DELETE_FLAG,COLOR_ID_NUMBER_ID,AUTHORIZED_PAY_MASS) values ('B0000804','2600546', '测B06545', 4, 260546, 0, '2',15);

insert into T_SIMINFO (SIM_ID, ORG_CODE, DEPTCODE, STATE,PAY_MODLE, SIM_NUM) values(26547, 'B0000804', '中国移动', 1, '预付费', 13100006546);
insert into T_TERMINALINFO (TERMINAL_ID,TTYPE_ID,SIM_ID,TERMINAL_CODE,ORG_CODE,IS_VIDEO_TERMINAL,SP_SERVER_NAME,PROTOCOL_TYPE,CHANNELS,YT_PROTOCOL_TYPE) values(260547, 4, 26547, '1006546', 'B0000804',1,'1076测试服务器','4',8,'0');
insert into V_VEHICLEINFO (ORG_CODE,VEHICLE_ID,ID_NUMBER,TYPE_ID,TERMINAL_ID,DELETE_FLAG,COLOR_ID_NUMBER_ID,AUTHORIZED_PAY_MASS) values ('B0000804','2600547', '测B06546', 4, 260547, 0, '2',15);

insert into T_SIMINFO (SIM_ID, ORG_CODE, DEPTCODE, STATE,PAY_MODLE, SIM_NUM) values(26548, 'B0000804', '中国移动', 1, '预付费', 13100006547);
insert into T_TERMINALINFO (TERMINAL_ID,TTYPE_ID,SIM_ID,TERMINAL_CODE,ORG_CODE,IS_VIDEO_TERMINAL,SP_SERVER_NAME,PROTOCOL_TYPE,CHANNELS,YT_PROTOCOL_TYPE) values(260548, 4, 26548, '1006547', 'B0000804',1,'1076测试服务器','4',8,'0');
insert into V_VEHICLEINFO (ORG_CODE,VEHICLE_ID,ID_NUMBER,TYPE_ID,TERMINAL_ID,DELETE_FLAG,COLOR_ID_NUMBER_ID,AUTHORIZED_PAY_MASS) values ('B0000804','2600548', '测B06547', 4, 260548, 0, '2',15);

insert into T_SIMINFO (SIM_ID, ORG_CODE, DEPTCODE, STATE,PAY_MODLE, SIM_NUM) values(26549, 'B0000804', '中国移动', 1, '预付费', 13100006548);
insert into T_TERMINALINFO (TERMINAL_ID,TTYPE_ID,SIM_ID,TERMINAL_CODE,ORG_CODE,IS_VIDEO_TERMINAL,SP_SERVER_NAME,PROTOCOL_TYPE,CHANNELS,YT_PROTOCOL_TYPE) values(260549, 4, 26549, '1006548', 'B0000804',1,'1076测试服务器','4',8,'0');
insert into V_VEHICLEINFO (ORG_CODE,VEHICLE_ID,ID_NUMBER,TYPE_ID,TERMINAL_ID,DELETE_FLAG,COLOR_ID_NUMBER_ID,AUTHORIZED_PAY_MASS) values ('B0000804','2600549', '测B06548', 4, 260549, 0, '2',15);

insert into T_SIMINFO (SIM_ID, ORG_CODE, DEPTCODE, STATE,PAY_MODLE, SIM_NUM) values(26550, 'B0000804', '中国移动', 1, '预付费', 13100006549);
insert into T_TERMINALINFO (TERMINAL_ID,TTYPE_ID,SIM_ID,TERMINAL_CODE,ORG_CODE,IS_VIDEO_TERMINAL,SP_SERVER_NAME,PROTOCOL_TYPE,CHANNELS,YT_PROTOCOL_TYPE) values(260550, 4, 26550, '1006549', 'B0000804',1,'1076测试服务器','4',8,'0');
insert into V_VEHICLEINFO (ORG_CODE,VEHICLE_ID,ID_NUMBER,TYPE_ID,TERMINAL_ID,DELETE_FLAG,COLOR_ID_NUMBER_ID,AUTHORIZED_PAY_MASS) values ('B0000804','2600550', '测B06549', 4, 260550, 0, '2',15);

insert into T_SIMINFO (SIM_ID, ORG_CODE, DEPTCODE, STATE,PAY_MODLE, SIM_NUM) values(26551, 'B0000804', '中国移动', 1, '预付费', 13100006550);
insert into T_TERMINALINFO (TERMINAL_ID,TTYPE_ID,SIM_ID,TERMINAL_CODE,ORG_CODE,IS_VIDEO_TERMINAL,SP_SERVER_NAME,PROTOCOL_TYPE,CHANNELS,YT_PROTOCOL_TYPE) values(260551, 4, 26551, '1006550', 'B0000804',1,'1076测试服务器','4',8,'0');
insert into V_VEHICLEINFO (ORG_CODE,VEHICLE_ID,ID_NUMBER,TYPE_ID,TERMINAL_ID,DELETE_FLAG,COLOR_ID_NUMBER_ID,AUTHORIZED_PAY_MASS) values ('B0000804','2600551', '测B06550', 4, 260551, 0, '2',15);

insert into T_SIMINFO (SIM_ID, ORG_CODE, DEPTCODE, STATE,PAY_MODLE, SIM_NUM) values(26552, 'B0000804', '中国移动', 1, '预付费', 13100006551);
insert into T_TERMINALINFO (TERMINAL_ID,TTYPE_ID,SIM_ID,TERMINAL_CODE,ORG_CODE,IS_VIDEO_TERMINAL,SP_SERVER_NAME,PROTOCOL_TYPE,CHANNELS,YT_PROTOCOL_TYPE) values(260552, 4, 26552, '1006551', 'B0000804',1,'1076测试服务器','4',8,'0');
insert into V_VEHICLEINFO (ORG_CODE,VEHICLE_ID,ID_NUMBER,TYPE_ID,TERMINAL_ID,DELETE_FLAG,COLOR_ID_NUMBER_ID,AUTHORIZED_PAY_MASS) values ('B0000804','2600552', '测B06551', 4, 260552, 0, '2',15);

insert into T_SIMINFO (SIM_ID, ORG_CODE, DEPTCODE, STATE,PAY_MODLE, SIM_NUM) values(26553, 'B0000804', '中国移动', 1, '预付费', 13100006552);
insert into T_TERMINALINFO (TERMINAL_ID,TTYPE_ID,SIM_ID,TERMINAL_CODE,ORG_CODE,IS_VIDEO_TERMINAL,SP_SERVER_NAME,PROTOCOL_TYPE,CHANNELS,YT_PROTOCOL_TYPE) values(260553, 4, 26553, '1006552', 'B0000804',1,'1076测试服务器','4',8,'0');
insert into V_VEHICLEINFO (ORG_CODE,VEHICLE_ID,ID_NUMBER,TYPE_ID,TERMINAL_ID,DELETE_FLAG,COLOR_ID_NUMBER_ID,AUTHORIZED_PAY_MASS) values ('B0000804','2600553', '测B06552', 4, 260553, 0, '2',15);

insert into T_SIMINFO (SIM_ID, ORG_CODE, DEPTCODE, STATE,PAY_MODLE, SIM_NUM) values(26554, 'B0000804', '中国移动', 1, '预付费', 13100006553);
insert into T_TERMINALINFO (TERMINAL_ID,TTYPE_ID,SIM_ID,TERMINAL_CODE,ORG_CODE,IS_VIDEO_TERMINAL,SP_SERVER_NAME,PROTOCOL_TYPE,CHANNELS,YT_PROTOCOL_TYPE) values(260554, 4, 26554, '1006553', 'B0000804',1,'1076测试服务器','4',8,'0');
insert into V_VEHICLEINFO (ORG_CODE,VEHICLE_ID,ID_NUMBER,TYPE_ID,TERMINAL_ID,DELETE_FLAG,COLOR_ID_NUMBER_ID,AUTHORIZED_PAY_MASS) values ('B0000804','2600554', '测B06553', 4, 260554, 0, '2',15);

insert into T_SIMINFO (SIM_ID, ORG_CODE, DEPTCODE, STATE,PAY_MODLE, SIM_NUM) values(26555, 'B0000804', '中国移动', 1, '预付费', 13100006554);
insert into T_TERMINALINFO (TERMINAL_ID,TTYPE_ID,SIM_ID,TERMINAL_CODE,ORG_CODE,IS_VIDEO_TERMINAL,SP_SERVER_NAME,PROTOCOL_TYPE,CHANNELS,YT_PROTOCOL_TYPE) values(260555, 4, 26555, '1006554', 'B0000804',1,'1076测试服务器','4',8,'0');
insert into V_VEHICLEINFO (ORG_CODE,VEHICLE_ID,ID_NUMBER,TYPE_ID,TERMINAL_ID,DELETE_FLAG,COLOR_ID_NUMBER_ID,AUTHORIZED_PAY_MASS) values ('B0000804','2600555', '测B06554', 4, 260555, 0, '2',15);

insert into T_SIMINFO (SIM_ID, ORG_CODE, DEPTCODE, STATE,PAY_MODLE, SIM_NUM) values(26556, 'B0000804', '中国移动', 1, '预付费', 13100006555);
insert into T_TERMINALINFO (TERMINAL_ID,TTYPE_ID,SIM_ID,TERMINAL_CODE,ORG_CODE,IS_VIDEO_TERMINAL,SP_SERVER_NAME,PROTOCOL_TYPE,CHANNELS,YT_PROTOCOL_TYPE) values(260556, 4, 26556, '1006555', 'B0000804',1,'1076测试服务器','4',8,'0');
insert into V_VEHICLEINFO (ORG_CODE,VEHICLE_ID,ID_NUMBER,TYPE_ID,TERMINAL_ID,DELETE_FLAG,COLOR_ID_NUMBER_ID,AUTHORIZED_PAY_MASS) values ('B0000804','2600556', '测B06555', 4, 260556, 0, '2',15);

insert into T_SIMINFO (SIM_ID, ORG_CODE, DEPTCODE, STATE,PAY_MODLE, SIM_NUM) values(26557, 'B0000804', '中国移动', 1, '预付费', 13100006556);
insert into T_TERMINALINFO (TERMINAL_ID,TTYPE_ID,SIM_ID,TERMINAL_CODE,ORG_CODE,IS_VIDEO_TERMINAL,SP_SERVER_NAME,PROTOCOL_TYPE,CHANNELS,YT_PROTOCOL_TYPE) values(260557, 4, 26557, '1006556', 'B0000804',1,'1076测试服务器','4',8,'0');
insert into V_VEHICLEINFO (ORG_CODE,VEHICLE_ID,ID_NUMBER,TYPE_ID,TERMINAL_ID,DELETE_FLAG,COLOR_ID_NUMBER_ID,AUTHORIZED_PAY_MASS) values ('B0000804','2600557', '测B06556', 4, 260557, 0, '2',15);

insert into T_SIMINFO (SIM_ID, ORG_CODE, DEPTCODE, STATE,PAY_MODLE, SIM_NUM) values(26558, 'B0000804', '中国移动', 1, '预付费', 13100006557);
insert into T_TERMINALINFO (TERMINAL_ID,TTYPE_ID,SIM_ID,TERMINAL_CODE,ORG_CODE,IS_VIDEO_TERMINAL,SP_SERVER_NAME,PROTOCOL_TYPE,CHANNELS,YT_PROTOCOL_TYPE) values(260558, 4, 26558, '1006557', 'B0000804',1,'1076测试服务器','4',8,'0');
insert into V_VEHICLEINFO (ORG_CODE,VEHICLE_ID,ID_NUMBER,TYPE_ID,TERMINAL_ID,DELETE_FLAG,COLOR_ID_NUMBER_ID,AUTHORIZED_PAY_MASS) values ('B0000804','2600558', '测B06557', 4, 260558, 0, '2',15);

insert into T_SIMINFO (SIM_ID, ORG_CODE, DEPTCODE, STATE,PAY_MODLE, SIM_NUM) values(26559, 'B0000804', '中国移动', 1, '预付费', 13100006558);
insert into T_TERMINALINFO (TERMINAL_ID,TTYPE_ID,SIM_ID,TERMINAL_CODE,ORG_CODE,IS_VIDEO_TERMINAL,SP_SERVER_NAME,PROTOCOL_TYPE,CHANNELS,YT_PROTOCOL_TYPE) values(260559, 4, 26559, '1006558', 'B0000804',1,'1076测试服务器','4',8,'0');
insert into V_VEHICLEINFO (ORG_CODE,VEHICLE_ID,ID_NUMBER,TYPE_ID,TERMINAL_ID,DELETE_FLAG,COLOR_ID_NUMBER_ID,AUTHORIZED_PAY_MASS) values ('B0000804','2600559', '测B06558', 4, 260559, 0, '2',15);

insert into T_SIMINFO (SIM_ID, ORG_CODE, DEPTCODE, STATE,PAY_MODLE, SIM_NUM) values(26560, 'B0000804', '中国移动', 1, '预付费', 13100006559);
insert into T_TERMINALINFO (TERMINAL_ID,TTYPE_ID,SIM_ID,TERMINAL_CODE,ORG_CODE,IS_VIDEO_TERMINAL,SP_SERVER_NAME,PROTOCOL_TYPE,CHANNELS,YT_PROTOCOL_TYPE) values(260560, 4, 26560, '1006559', 'B0000804',1,'1076测试服务器','4',8,'0');
insert into V_VEHICLEINFO (ORG_CODE,VEHICLE_ID,ID_NUMBER,TYPE_ID,TERMINAL_ID,DELETE_FLAG,COLOR_ID_NUMBER_ID,AUTHORIZED_PAY_MASS) values ('B0000804','2600560', '测B06559', 4, 260560, 0, '2',15);

insert into T_SIMINFO (SIM_ID, ORG_CODE, DEPTCODE, STATE,PAY_MODLE, SIM_NUM) values(26561, 'B0000804', '中国移动', 1, '预付费', 13100006560);
insert into T_TERMINALINFO (TERMINAL_ID,TTYPE_ID,SIM_ID,TERMINAL_CODE,ORG_CODE,IS_VIDEO_TERMINAL,SP_SERVER_NAME,PROTOCOL_TYPE,CHANNELS,YT_PROTOCOL_TYPE) values(260561, 4, 26561, '1006560', 'B0000804',1,'1076测试服务器','4',8,'0');
insert into V_VEHICLEINFO (ORG_CODE,VEHICLE_ID,ID_NUMBER,TYPE_ID,TERMINAL_ID,DELETE_FLAG,COLOR_ID_NUMBER_ID,AUTHORIZED_PAY_MASS) values ('B0000804','2600561', '测B06560', 4, 260561, 0, '2',15);

insert into T_SIMINFO (SIM_ID, ORG_CODE, DEPTCODE, STATE,PAY_MODLE, SIM_NUM) values(26562, 'B0000804', '中国移动', 1, '预付费', 13100006561);
insert into T_TERMINALINFO (TERMINAL_ID,TTYPE_ID,SIM_ID,TERMINAL_CODE,ORG_CODE,IS_VIDEO_TERMINAL,SP_SERVER_NAME,PROTOCOL_TYPE,CHANNELS,YT_PROTOCOL_TYPE) values(260562, 4, 26562, '1006561', 'B0000804',1,'1076测试服务器','4',8,'0');
insert into V_VEHICLEINFO (ORG_CODE,VEHICLE_ID,ID_NUMBER,TYPE_ID,TERMINAL_ID,DELETE_FLAG,COLOR_ID_NUMBER_ID,AUTHORIZED_PAY_MASS) values ('B0000804','2600562', '测B06561', 4, 260562, 0, '2',15);

insert into T_SIMINFO (SIM_ID, ORG_CODE, DEPTCODE, STATE,PAY_MODLE, SIM_NUM) values(26563, 'B0000804', '中国移动', 1, '预付费', 13100006562);
insert into T_TERMINALINFO (TERMINAL_ID,TTYPE_ID,SIM_ID,TERMINAL_CODE,ORG_CODE,IS_VIDEO_TERMINAL,SP_SERVER_NAME,PROTOCOL_TYPE,CHANNELS,YT_PROTOCOL_TYPE) values(260563, 4, 26563, '1006562', 'B0000804',1,'1076测试服务器','4',8,'0');
insert into V_VEHICLEINFO (ORG_CODE,VEHICLE_ID,ID_NUMBER,TYPE_ID,TERMINAL_ID,DELETE_FLAG,COLOR_ID_NUMBER_ID,AUTHORIZED_PAY_MASS) values ('B0000804','2600563', '测B06562', 4, 260563, 0, '2',15);

insert into T_SIMINFO (SIM_ID, ORG_CODE, DEPTCODE, STATE,PAY_MODLE, SIM_NUM) values(26564, 'B0000804', '中国移动', 1, '预付费', 13100006563);
insert into T_TERMINALINFO (TERMINAL_ID,TTYPE_ID,SIM_ID,TERMINAL_CODE,ORG_CODE,IS_VIDEO_TERMINAL,SP_SERVER_NAME,PROTOCOL_TYPE,CHANNELS,YT_PROTOCOL_TYPE) values(260564, 4, 26564, '1006563', 'B0000804',1,'1076测试服务器','4',8,'0');
insert into V_VEHICLEINFO (ORG_CODE,VEHICLE_ID,ID_NUMBER,TYPE_ID,TERMINAL_ID,DELETE_FLAG,COLOR_ID_NUMBER_ID,AUTHORIZED_PAY_MASS) values ('B0000804','2600564', '测B06563', 4, 260564, 0, '2',15);

insert into T_SIMINFO (SIM_ID, ORG_CODE, DEPTCODE, STATE,PAY_MODLE, SIM_NUM) values(26565, 'B0000804', '中国移动', 1, '预付费', 13100006564);
insert into T_TERMINALINFO (TERMINAL_ID,TTYPE_ID,SIM_ID,TERMINAL_CODE,ORG_CODE,IS_VIDEO_TERMINAL,SP_SERVER_NAME,PROTOCOL_TYPE,CHANNELS,YT_PROTOCOL_TYPE) values(260565, 4, 26565, '1006564', 'B0000804',1,'1076测试服务器','4',8,'0');
insert into V_VEHICLEINFO (ORG_CODE,VEHICLE_ID,ID_NUMBER,TYPE_ID,TERMINAL_ID,DELETE_FLAG,COLOR_ID_NUMBER_ID,AUTHORIZED_PAY_MASS) values ('B0000804','2600565', '测B06564', 4, 260565, 0, '2',15);

insert into T_SIMINFO (SIM_ID, ORG_CODE, DEPTCODE, STATE,PAY_MODLE, SIM_NUM) values(26566, 'B0000804', '中国移动', 1, '预付费', 13100006565);
insert into T_TERMINALINFO (TERMINAL_ID,TTYPE_ID,SIM_ID,TERMINAL_CODE,ORG_CODE,IS_VIDEO_TERMINAL,SP_SERVER_NAME,PROTOCOL_TYPE,CHANNELS,YT_PROTOCOL_TYPE) values(260566, 4, 26566, '1006565', 'B0000804',1,'1076测试服务器','4',8,'0');
insert into V_VEHICLEINFO (ORG_CODE,VEHICLE_ID,ID_NUMBER,TYPE_ID,TERMINAL_ID,DELETE_FLAG,COLOR_ID_NUMBER_ID,AUTHORIZED_PAY_MASS) values ('B0000804','2600566', '测B06565', 4, 260566, 0, '2',15);

insert into T_SIMINFO (SIM_ID, ORG_CODE, DEPTCODE, STATE,PAY_MODLE, SIM_NUM) values(26567, 'B0000804', '中国移动', 1, '预付费', 13100006566);
insert into T_TERMINALINFO (TERMINAL_ID,TTYPE_ID,SIM_ID,TERMINAL_CODE,ORG_CODE,IS_VIDEO_TERMINAL,SP_SERVER_NAME,PROTOCOL_TYPE,CHANNELS,YT_PROTOCOL_TYPE) values(260567, 4, 26567, '1006566', 'B0000804',1,'1076测试服务器','4',8,'0');
insert into V_VEHICLEINFO (ORG_CODE,VEHICLE_ID,ID_NUMBER,TYPE_ID,TERMINAL_ID,DELETE_FLAG,COLOR_ID_NUMBER_ID,AUTHORIZED_PAY_MASS) values ('B0000804','2600567', '测B06566', 4, 260567, 0, '2',15);

insert into T_SIMINFO (SIM_ID, ORG_CODE, DEPTCODE, STATE,PAY_MODLE, SIM_NUM) values(26568, 'B0000804', '中国移动', 1, '预付费', 13100006567);
insert into T_TERMINALINFO (TERMINAL_ID,TTYPE_ID,SIM_ID,TERMINAL_CODE,ORG_CODE,IS_VIDEO_TERMINAL,SP_SERVER_NAME,PROTOCOL_TYPE,CHANNELS,YT_PROTOCOL_TYPE) values(260568, 4, 26568, '1006567', 'B0000804',1,'1076测试服务器','4',8,'0');
insert into V_VEHICLEINFO (ORG_CODE,VEHICLE_ID,ID_NUMBER,TYPE_ID,TERMINAL_ID,DELETE_FLAG,COLOR_ID_NUMBER_ID,AUTHORIZED_PAY_MASS) values ('B0000804','2600568', '测B06567', 4, 260568, 0, '2',15);

insert into T_SIMINFO (SIM_ID, ORG_CODE, DEPTCODE, STATE,PAY_MODLE, SIM_NUM) values(26569, 'B0000804', '中国移动', 1, '预付费', 13100006568);
insert into T_TERMINALINFO (TERMINAL_ID,TTYPE_ID,SIM_ID,TERMINAL_CODE,ORG_CODE,IS_VIDEO_TERMINAL,SP_SERVER_NAME,PROTOCOL_TYPE,CHANNELS,YT_PROTOCOL_TYPE) values(260569, 4, 26569, '1006568', 'B0000804',1,'1076测试服务器','4',8,'0');
insert into V_VEHICLEINFO (ORG_CODE,VEHICLE_ID,ID_NUMBER,TYPE_ID,TERMINAL_ID,DELETE_FLAG,COLOR_ID_NUMBER_ID,AUTHORIZED_PAY_MASS) values ('B0000804','2600569', '测B06568', 4, 260569, 0, '2',15);

insert into T_SIMINFO (SIM_ID, ORG_CODE, DEPTCODE, STATE,PAY_MODLE, SIM_NUM) values(26570, 'B0000804', '中国移动', 1, '预付费', 13100006569);
insert into T_TERMINALINFO (TERMINAL_ID,TTYPE_ID,SIM_ID,TERMINAL_CODE,ORG_CODE,IS_VIDEO_TERMINAL,SP_SERVER_NAME,PROTOCOL_TYPE,CHANNELS,YT_PROTOCOL_TYPE) values(260570, 4, 26570, '1006569', 'B0000804',1,'1076测试服务器','4',8,'0');
insert into V_VEHICLEINFO (ORG_CODE,VEHICLE_ID,ID_NUMBER,TYPE_ID,TERMINAL_ID,DELETE_FLAG,COLOR_ID_NUMBER_ID,AUTHORIZED_PAY_MASS) values ('B0000804','2600570', '测B06569', 4, 260570, 0, '2',15);

insert into T_SIMINFO (SIM_ID, ORG_CODE, DEPTCODE, STATE,PAY_MODLE, SIM_NUM) values(26571, 'B0000804', '中国移动', 1, '预付费', 13100006570);
insert into T_TERMINALINFO (TERMINAL_ID,TTYPE_ID,SIM_ID,TERMINAL_CODE,ORG_CODE,IS_VIDEO_TERMINAL,SP_SERVER_NAME,PROTOCOL_TYPE,CHANNELS,YT_PROTOCOL_TYPE) values(260571, 4, 26571, '1006570', 'B0000804',1,'1076测试服务器','4',8,'0');
insert into V_VEHICLEINFO (ORG_CODE,VEHICLE_ID,ID_NUMBER,TYPE_ID,TERMINAL_ID,DELETE_FLAG,COLOR_ID_NUMBER_ID,AUTHORIZED_PAY_MASS) values ('B0000804','2600571', '测B06570', 4, 260571, 0, '2',15);

insert into T_SIMINFO (SIM_ID, ORG_CODE, DEPTCODE, STATE,PAY_MODLE, SIM_NUM) values(26572, 'B0000804', '中国移动', 1, '预付费', 13100006571);
insert into T_TERMINALINFO (TERMINAL_ID,TTYPE_ID,SIM_ID,TERMINAL_CODE,ORG_CODE,IS_VIDEO_TERMINAL,SP_SERVER_NAME,PROTOCOL_TYPE,CHANNELS,YT_PROTOCOL_TYPE) values(260572, 4, 26572, '1006571', 'B0000804',1,'1076测试服务器','4',8,'0');
insert into V_VEHICLEINFO (ORG_CODE,VEHICLE_ID,ID_NUMBER,TYPE_ID,TERMINAL_ID,DELETE_FLAG,COLOR_ID_NUMBER_ID,AUTHORIZED_PAY_MASS) values ('B0000804','2600572', '测B06571', 4, 260572, 0, '2',15);

insert into T_SIMINFO (SIM_ID, ORG_CODE, DEPTCODE, STATE,PAY_MODLE, SIM_NUM) values(26573, 'B0000804', '中国移动', 1, '预付费', 13100006572);
insert into T_TERMINALINFO (TERMINAL_ID,TTYPE_ID,SIM_ID,TERMINAL_CODE,ORG_CODE,IS_VIDEO_TERMINAL,SP_SERVER_NAME,PROTOCOL_TYPE,CHANNELS,YT_PROTOCOL_TYPE) values(260573, 4, 26573, '1006572', 'B0000804',1,'1076测试服务器','4',8,'0');
insert into V_VEHICLEINFO (ORG_CODE,VEHICLE_ID,ID_NUMBER,TYPE_ID,TERMINAL_ID,DELETE_FLAG,COLOR_ID_NUMBER_ID,AUTHORIZED_PAY_MASS) values ('B0000804','2600573', '测B06572', 4, 260573, 0, '2',15);

insert into T_SIMINFO (SIM_ID, ORG_CODE, DEPTCODE, STATE,PAY_MODLE, SIM_NUM) values(26574, 'B0000804', '中国移动', 1, '预付费', 13100006573);
insert into T_TERMINALINFO (TERMINAL_ID,TTYPE_ID,SIM_ID,TERMINAL_CODE,ORG_CODE,IS_VIDEO_TERMINAL,SP_SERVER_NAME,PROTOCOL_TYPE,CHANNELS,YT_PROTOCOL_TYPE) values(260574, 4, 26574, '1006573', 'B0000804',1,'1076测试服务器','4',8,'0');
insert into V_VEHICLEINFO (ORG_CODE,VEHICLE_ID,ID_NUMBER,TYPE_ID,TERMINAL_ID,DELETE_FLAG,COLOR_ID_NUMBER_ID,AUTHORIZED_PAY_MASS) values ('B0000804','2600574', '测B06573', 4, 260574, 0, '2',15);

insert into T_SIMINFO (SIM_ID, ORG_CODE, DEPTCODE, STATE,PAY_MODLE, SIM_NUM) values(26575, 'B0000804', '中国移动', 1, '预付费', 13100006574);
insert into T_TERMINALINFO (TERMINAL_ID,TTYPE_ID,SIM_ID,TERMINAL_CODE,ORG_CODE,IS_VIDEO_TERMINAL,SP_SERVER_NAME,PROTOCOL_TYPE,CHANNELS,YT_PROTOCOL_TYPE) values(260575, 4, 26575, '1006574', 'B0000804',1,'1076测试服务器','4',8,'0');
insert into V_VEHICLEINFO (ORG_CODE,VEHICLE_ID,ID_NUMBER,TYPE_ID,TERMINAL_ID,DELETE_FLAG,COLOR_ID_NUMBER_ID,AUTHORIZED_PAY_MASS) values ('B0000804','2600575', '测B06574', 4, 260575, 0, '2',15);

insert into T_SIMINFO (SIM_ID, ORG_CODE, DEPTCODE, STATE,PAY_MODLE, SIM_NUM) values(26576, 'B0000804', '中国移动', 1, '预付费', 13100006575);
insert into T_TERMINALINFO (TERMINAL_ID,TTYPE_ID,SIM_ID,TERMINAL_CODE,ORG_CODE,IS_VIDEO_TERMINAL,SP_SERVER_NAME,PROTOCOL_TYPE,CHANNELS,YT_PROTOCOL_TYPE) values(260576, 4, 26576, '1006575', 'B0000804',1,'1076测试服务器','4',8,'0');
insert into V_VEHICLEINFO (ORG_CODE,VEHICLE_ID,ID_NUMBER,TYPE_ID,TERMINAL_ID,DELETE_FLAG,COLOR_ID_NUMBER_ID,AUTHORIZED_PAY_MASS) values ('B0000804','2600576', '测B06575', 4, 260576, 0, '2',15);

insert into T_SIMINFO (SIM_ID, ORG_CODE, DEPTCODE, STATE,PAY_MODLE, SIM_NUM) values(26577, 'B0000804', '中国移动', 1, '预付费', 13100006576);
insert into T_TERMINALINFO (TERMINAL_ID,TTYPE_ID,SIM_ID,TERMINAL_CODE,ORG_CODE,IS_VIDEO_TERMINAL,SP_SERVER_NAME,PROTOCOL_TYPE,CHANNELS,YT_PROTOCOL_TYPE) values(260577, 4, 26577, '1006576', 'B0000804',1,'1076测试服务器','4',8,'0');
insert into V_VEHICLEINFO (ORG_CODE,VEHICLE_ID,ID_NUMBER,TYPE_ID,TERMINAL_ID,DELETE_FLAG,COLOR_ID_NUMBER_ID,AUTHORIZED_PAY_MASS) values ('B0000804','2600577', '测B06576', 4, 260577, 0, '2',15);

insert into T_SIMINFO (SIM_ID, ORG_CODE, DEPTCODE, STATE,PAY_MODLE, SIM_NUM) values(26578, 'B0000804', '中国移动', 1, '预付费', 13100006577);
insert into T_TERMINALINFO (TERMINAL_ID,TTYPE_ID,SIM_ID,TERMINAL_CODE,ORG_CODE,IS_VIDEO_TERMINAL,SP_SERVER_NAME,PROTOCOL_TYPE,CHANNELS,YT_PROTOCOL_TYPE) values(260578, 4, 26578, '1006577', 'B0000804',1,'1076测试服务器','4',8,'0');
insert into V_VEHICLEINFO (ORG_CODE,VEHICLE_ID,ID_NUMBER,TYPE_ID,TERMINAL_ID,DELETE_FLAG,COLOR_ID_NUMBER_ID,AUTHORIZED_PAY_MASS) values ('B0000804','2600578', '测B06577', 4, 260578, 0, '2',15);

insert into T_SIMINFO (SIM_ID, ORG_CODE, DEPTCODE, STATE,PAY_MODLE, SIM_NUM) values(26579, 'B0000804', '中国移动', 1, '预付费', 13100006578);
insert into T_TERMINALINFO (TERMINAL_ID,TTYPE_ID,SIM_ID,TERMINAL_CODE,ORG_CODE,IS_VIDEO_TERMINAL,SP_SERVER_NAME,PROTOCOL_TYPE,CHANNELS,YT_PROTOCOL_TYPE) values(260579, 4, 26579, '1006578', 'B0000804',1,'1076测试服务器','4',8,'0');
insert into V_VEHICLEINFO (ORG_CODE,VEHICLE_ID,ID_NUMBER,TYPE_ID,TERMINAL_ID,DELETE_FLAG,COLOR_ID_NUMBER_ID,AUTHORIZED_PAY_MASS) values ('B0000804','2600579', '测B06578', 4, 260579, 0, '2',15);

insert into T_SIMINFO (SIM_ID, ORG_CODE, DEPTCODE, STATE,PAY_MODLE, SIM_NUM) values(26580, 'B0000804', '中国移动', 1, '预付费', 13100006579);
insert into T_TERMINALINFO (TERMINAL_ID,TTYPE_ID,SIM_ID,TERMINAL_CODE,ORG_CODE,IS_VIDEO_TERMINAL,SP_SERVER_NAME,PROTOCOL_TYPE,CHANNELS,YT_PROTOCOL_TYPE) values(260580, 4, 26580, '1006579', 'B0000804',1,'1076测试服务器','4',8,'0');
insert into V_VEHICLEINFO (ORG_CODE,VEHICLE_ID,ID_NUMBER,TYPE_ID,TERMINAL_ID,DELETE_FLAG,COLOR_ID_NUMBER_ID,AUTHORIZED_PAY_MASS) values ('B0000804','2600580', '测B06579', 4, 260580, 0, '2',15);

insert into T_SIMINFO (SIM_ID, ORG_CODE, DEPTCODE, STATE,PAY_MODLE, SIM_NUM) values(26581, 'B0000804', '中国移动', 1, '预付费', 13100006580);
insert into T_TERMINALINFO (TERMINAL_ID,TTYPE_ID,SIM_ID,TERMINAL_CODE,ORG_CODE,IS_VIDEO_TERMINAL,SP_SERVER_NAME,PROTOCOL_TYPE,CHANNELS,YT_PROTOCOL_TYPE) values(260581, 4, 26581, '1006580', 'B0000804',1,'1076测试服务器','4',8,'0');
insert into V_VEHICLEINFO (ORG_CODE,VEHICLE_ID,ID_NUMBER,TYPE_ID,TERMINAL_ID,DELETE_FLAG,COLOR_ID_NUMBER_ID,AUTHORIZED_PAY_MASS) values ('B0000804','2600581', '测B06580', 4, 260581, 0, '2',15);

insert into T_SIMINFO (SIM_ID, ORG_CODE, DEPTCODE, STATE,PAY_MODLE, SIM_NUM) values(26582, 'B0000804', '中国移动', 1, '预付费', 13100006581);
insert into T_TERMINALINFO (TERMINAL_ID,TTYPE_ID,SIM_ID,TERMINAL_CODE,ORG_CODE,IS_VIDEO_TERMINAL,SP_SERVER_NAME,PROTOCOL_TYPE,CHANNELS,YT_PROTOCOL_TYPE) values(260582, 4, 26582, '1006581', 'B0000804',1,'1076测试服务器','4',8,'0');
insert into V_VEHICLEINFO (ORG_CODE,VEHICLE_ID,ID_NUMBER,TYPE_ID,TERMINAL_ID,DELETE_FLAG,COLOR_ID_NUMBER_ID,AUTHORIZED_PAY_MASS) values ('B0000804','2600582', '测B06581', 4, 260582, 0, '2',15);

insert into T_SIMINFO (SIM_ID, ORG_CODE, DEPTCODE, STATE,PAY_MODLE, SIM_NUM) values(26583, 'B0000804', '中国移动', 1, '预付费', 13100006582);
insert into T_TERMINALINFO (TERMINAL_ID,TTYPE_ID,SIM_ID,TERMINAL_CODE,ORG_CODE,IS_VIDEO_TERMINAL,SP_SERVER_NAME,PROTOCOL_TYPE,CHANNELS,YT_PROTOCOL_TYPE) values(260583, 4, 26583, '1006582', 'B0000804',1,'1076测试服务器','4',8,'0');
insert into V_VEHICLEINFO (ORG_CODE,VEHICLE_ID,ID_NUMBER,TYPE_ID,TERMINAL_ID,DELETE_FLAG,COLOR_ID_NUMBER_ID,AUTHORIZED_PAY_MASS) values ('B0000804','2600583', '测B06582', 4, 260583, 0, '2',15);

insert into T_SIMINFO (SIM_ID, ORG_CODE, DEPTCODE, STATE,PAY_MODLE, SIM_NUM) values(26584, 'B0000804', '中国移动', 1, '预付费', 13100006583);
insert into T_TERMINALINFO (TERMINAL_ID,TTYPE_ID,SIM_ID,TERMINAL_CODE,ORG_CODE,IS_VIDEO_TERMINAL,SP_SERVER_NAME,PROTOCOL_TYPE,CHANNELS,YT_PROTOCOL_TYPE) values(260584, 4, 26584, '1006583', 'B0000804',1,'1076测试服务器','4',8,'0');
insert into V_VEHICLEINFO (ORG_CODE,VEHICLE_ID,ID_NUMBER,TYPE_ID,TERMINAL_ID,DELETE_FLAG,COLOR_ID_NUMBER_ID,AUTHORIZED_PAY_MASS) values ('B0000804','2600584', '测B06583', 4, 260584, 0, '2',15);

insert into T_SIMINFO (SIM_ID, ORG_CODE, DEPTCODE, STATE,PAY_MODLE, SIM_NUM) values(26585, 'B0000804', '中国移动', 1, '预付费', 13100006584);
insert into T_TERMINALINFO (TERMINAL_ID,TTYPE_ID,SIM_ID,TERMINAL_CODE,ORG_CODE,IS_VIDEO_TERMINAL,SP_SERVER_NAME,PROTOCOL_TYPE,CHANNELS,YT_PROTOCOL_TYPE) values(260585, 4, 26585, '1006584', 'B0000804',1,'1076测试服务器','4',8,'0');
insert into V_VEHICLEINFO (ORG_CODE,VEHICLE_ID,ID_NUMBER,TYPE_ID,TERMINAL_ID,DELETE_FLAG,COLOR_ID_NUMBER_ID,AUTHORIZED_PAY_MASS) values ('B0000804','2600585', '测B06584', 4, 260585, 0, '2',15);

insert into T_SIMINFO (SIM_ID, ORG_CODE, DEPTCODE, STATE,PAY_MODLE, SIM_NUM) values(26586, 'B0000804', '中国移动', 1, '预付费', 13100006585);
insert into T_TERMINALINFO (TERMINAL_ID,TTYPE_ID,SIM_ID,TERMINAL_CODE,ORG_CODE,IS_VIDEO_TERMINAL,SP_SERVER_NAME,PROTOCOL_TYPE,CHANNELS,YT_PROTOCOL_TYPE) values(260586, 4, 26586, '1006585', 'B0000804',1,'1076测试服务器','4',8,'0');
insert into V_VEHICLEINFO (ORG_CODE,VEHICLE_ID,ID_NUMBER,TYPE_ID,TERMINAL_ID,DELETE_FLAG,COLOR_ID_NUMBER_ID,AUTHORIZED_PAY_MASS) values ('B0000804','2600586', '测B06585', 4, 260586, 0, '2',15);

insert into T_SIMINFO (SIM_ID, ORG_CODE, DEPTCODE, STATE,PAY_MODLE, SIM_NUM) values(26587, 'B0000804', '中国移动', 1, '预付费', 13100006586);
insert into T_TERMINALINFO (TERMINAL_ID,TTYPE_ID,SIM_ID,TERMINAL_CODE,ORG_CODE,IS_VIDEO_TERMINAL,SP_SERVER_NAME,PROTOCOL_TYPE,CHANNELS,YT_PROTOCOL_TYPE) values(260587, 4, 26587, '1006586', 'B0000804',1,'1076测试服务器','4',8,'0');
insert into V_VEHICLEINFO (ORG_CODE,VEHICLE_ID,ID_NUMBER,TYPE_ID,TERMINAL_ID,DELETE_FLAG,COLOR_ID_NUMBER_ID,AUTHORIZED_PAY_MASS) values ('B0000804','2600587', '测B06586', 4, 260587, 0, '2',15);

insert into T_SIMINFO (SIM_ID, ORG_CODE, DEPTCODE, STATE,PAY_MODLE, SIM_NUM) values(26588, 'B0000804', '中国移动', 1, '预付费', 13100006587);
insert into T_TERMINALINFO (TERMINAL_ID,TTYPE_ID,SIM_ID,TERMINAL_CODE,ORG_CODE,IS_VIDEO_TERMINAL,SP_SERVER_NAME,PROTOCOL_TYPE,CHANNELS,YT_PROTOCOL_TYPE) values(260588, 4, 26588, '1006587', 'B0000804',1,'1076测试服务器','4',8,'0');
insert into V_VEHICLEINFO (ORG_CODE,VEHICLE_ID,ID_NUMBER,TYPE_ID,TERMINAL_ID,DELETE_FLAG,COLOR_ID_NUMBER_ID,AUTHORIZED_PAY_MASS) values ('B0000804','2600588', '测B06587', 4, 260588, 0, '2',15);

insert into T_SIMINFO (SIM_ID, ORG_CODE, DEPTCODE, STATE,PAY_MODLE, SIM_NUM) values(26589, 'B0000804', '中国移动', 1, '预付费', 13100006588);
insert into T_TERMINALINFO (TERMINAL_ID,TTYPE_ID,SIM_ID,TERMINAL_CODE,ORG_CODE,IS_VIDEO_TERMINAL,SP_SERVER_NAME,PROTOCOL_TYPE,CHANNELS,YT_PROTOCOL_TYPE) values(260589, 4, 26589, '1006588', 'B0000804',1,'1076测试服务器','4',8,'0');
insert into V_VEHICLEINFO (ORG_CODE,VEHICLE_ID,ID_NUMBER,TYPE_ID,TERMINAL_ID,DELETE_FLAG,COLOR_ID_NUMBER_ID,AUTHORIZED_PAY_MASS) values ('B0000804','2600589', '测B06588', 4, 260589, 0, '2',15);

insert into T_SIMINFO (SIM_ID, ORG_CODE, DEPTCODE, STATE,PAY_MODLE, SIM_NUM) values(26590, 'B0000804', '中国移动', 1, '预付费', 13100006589);
insert into T_TERMINALINFO (TERMINAL_ID,TTYPE_ID,SIM_ID,TERMINAL_CODE,ORG_CODE,IS_VIDEO_TERMINAL,SP_SERVER_NAME,PROTOCOL_TYPE,CHANNELS,YT_PROTOCOL_TYPE) values(260590, 4, 26590, '1006589', 'B0000804',1,'1076测试服务器','4',8,'0');
insert into V_VEHICLEINFO (ORG_CODE,VEHICLE_ID,ID_NUMBER,TYPE_ID,TERMINAL_ID,DELETE_FLAG,COLOR_ID_NUMBER_ID,AUTHORIZED_PAY_MASS) values ('B0000804','2600590', '测B06589', 4, 260590, 0, '2',15);

insert into T_SIMINFO (SIM_ID, ORG_CODE, DEPTCODE, STATE,PAY_MODLE, SIM_NUM) values(26591, 'B0000804', '中国移动', 1, '预付费', 13100006590);
insert into T_TERMINALINFO (TERMINAL_ID,TTYPE_ID,SIM_ID,TERMINAL_CODE,ORG_CODE,IS_VIDEO_TERMINAL,SP_SERVER_NAME,PROTOCOL_TYPE,CHANNELS,YT_PROTOCOL_TYPE) values(260591, 4, 26591, '1006590', 'B0000804',1,'1076测试服务器','4',8,'0');
insert into V_VEHICLEINFO (ORG_CODE,VEHICLE_ID,ID_NUMBER,TYPE_ID,TERMINAL_ID,DELETE_FLAG,COLOR_ID_NUMBER_ID,AUTHORIZED_PAY_MASS) values ('B0000804','2600591', '测B06590', 4, 260591, 0, '2',15);

insert into T_SIMINFO (SIM_ID, ORG_CODE, DEPTCODE, STATE,PAY_MODLE, SIM_NUM) values(26592, 'B0000804', '中国移动', 1, '预付费', 13100006591);
insert into T_TERMINALINFO (TERMINAL_ID,TTYPE_ID,SIM_ID,TERMINAL_CODE,ORG_CODE,IS_VIDEO_TERMINAL,SP_SERVER_NAME,PROTOCOL_TYPE,CHANNELS,YT_PROTOCOL_TYPE) values(260592, 4, 26592, '1006591', 'B0000804',1,'1076测试服务器','4',8,'0');
insert into V_VEHICLEINFO (ORG_CODE,VEHICLE_ID,ID_NUMBER,TYPE_ID,TERMINAL_ID,DELETE_FLAG,COLOR_ID_NUMBER_ID,AUTHORIZED_PAY_MASS) values ('B0000804','2600592', '测B06591', 4, 260592, 0, '2',15);

insert into T_SIMINFO (SIM_ID, ORG_CODE, DEPTCODE, STATE,PAY_MODLE, SIM_NUM) values(26593, 'B0000804', '中国移动', 1, '预付费', 13100006592);
insert into T_TERMINALINFO (TERMINAL_ID,TTYPE_ID,SIM_ID,TERMINAL_CODE,ORG_CODE,IS_VIDEO_TERMINAL,SP_SERVER_NAME,PROTOCOL_TYPE,CHANNELS,YT_PROTOCOL_TYPE) values(260593, 4, 26593, '1006592', 'B0000804',1,'1076测试服务器','4',8,'0');
insert into V_VEHICLEINFO (ORG_CODE,VEHICLE_ID,ID_NUMBER,TYPE_ID,TERMINAL_ID,DELETE_FLAG,COLOR_ID_NUMBER_ID,AUTHORIZED_PAY_MASS) values ('B0000804','2600593', '测B06592', 4, 260593, 0, '2',15);

insert into T_SIMINFO (SIM_ID, ORG_CODE, DEPTCODE, STATE,PAY_MODLE, SIM_NUM) values(26594, 'B0000804', '中国移动', 1, '预付费', 13100006593);
insert into T_TERMINALINFO (TERMINAL_ID,TTYPE_ID,SIM_ID,TERMINAL_CODE,ORG_CODE,IS_VIDEO_TERMINAL,SP_SERVER_NAME,PROTOCOL_TYPE,CHANNELS,YT_PROTOCOL_TYPE) values(260594, 4, 26594, '1006593', 'B0000804',1,'1076测试服务器','4',8,'0');
insert into V_VEHICLEINFO (ORG_CODE,VEHICLE_ID,ID_NUMBER,TYPE_ID,TERMINAL_ID,DELETE_FLAG,COLOR_ID_NUMBER_ID,AUTHORIZED_PAY_MASS) values ('B0000804','2600594', '测B06593', 4, 260594, 0, '2',15);

insert into T_SIMINFO (SIM_ID, ORG_CODE, DEPTCODE, STATE,PAY_MODLE, SIM_NUM) values(26595, 'B0000804', '中国移动', 1, '预付费', 13100006594);
insert into T_TERMINALINFO (TERMINAL_ID,TTYPE_ID,SIM_ID,TERMINAL_CODE,ORG_CODE,IS_VIDEO_TERMINAL,SP_SERVER_NAME,PROTOCOL_TYPE,CHANNELS,YT_PROTOCOL_TYPE) values(260595, 4, 26595, '1006594', 'B0000804',1,'1076测试服务器','4',8,'0');
insert into V_VEHICLEINFO (ORG_CODE,VEHICLE_ID,ID_NUMBER,TYPE_ID,TERMINAL_ID,DELETE_FLAG,COLOR_ID_NUMBER_ID,AUTHORIZED_PAY_MASS) values ('B0000804','2600595', '测B06594', 4, 260595, 0, '2',15);

insert into T_SIMINFO (SIM_ID, ORG_CODE, DEPTCODE, STATE,PAY_MODLE, SIM_NUM) values(26596, 'B0000804', '中国移动', 1, '预付费', 13100006595);
insert into T_TERMINALINFO (TERMINAL_ID,TTYPE_ID,SIM_ID,TERMINAL_CODE,ORG_CODE,IS_VIDEO_TERMINAL,SP_SERVER_NAME,PROTOCOL_TYPE,CHANNELS,YT_PROTOCOL_TYPE) values(260596, 4, 26596, '1006595', 'B0000804',1,'1076测试服务器','4',8,'0');
insert into V_VEHICLEINFO (ORG_CODE,VEHICLE_ID,ID_NUMBER,TYPE_ID,TERMINAL_ID,DELETE_FLAG,COLOR_ID_NUMBER_ID,AUTHORIZED_PAY_MASS) values ('B0000804','2600596', '测B06595', 4, 260596, 0, '2',15);

insert into T_SIMINFO (SIM_ID, ORG_CODE, DEPTCODE, STATE,PAY_MODLE, SIM_NUM) values(26597, 'B0000804', '中国移动', 1, '预付费', 13100006596);
insert into T_TERMINALINFO (TERMINAL_ID,TTYPE_ID,SIM_ID,TERMINAL_CODE,ORG_CODE,IS_VIDEO_TERMINAL,SP_SERVER_NAME,PROTOCOL_TYPE,CHANNELS,YT_PROTOCOL_TYPE) values(260597, 4, 26597, '1006596', 'B0000804',1,'1076测试服务器','4',8,'0');
insert into V_VEHICLEINFO (ORG_CODE,VEHICLE_ID,ID_NUMBER,TYPE_ID,TERMINAL_ID,DELETE_FLAG,COLOR_ID_NUMBER_ID,AUTHORIZED_PAY_MASS) values ('B0000804','2600597', '测B06596', 4, 260597, 0, '2',15);

insert into T_SIMINFO (SIM_ID, ORG_CODE, DEPTCODE, STATE,PAY_MODLE, SIM_NUM) values(26598, 'B0000804', '中国移动', 1, '预付费', 13100006597);
insert into T_TERMINALINFO (TERMINAL_ID,TTYPE_ID,SIM_ID,TERMINAL_CODE,ORG_CODE,IS_VIDEO_TERMINAL,SP_SERVER_NAME,PROTOCOL_TYPE,CHANNELS,YT_PROTOCOL_TYPE) values(260598, 4, 26598, '1006597', 'B0000804',1,'1076测试服务器','4',8,'0');
insert into V_VEHICLEINFO (ORG_CODE,VEHICLE_ID,ID_NUMBER,TYPE_ID,TERMINAL_ID,DELETE_FLAG,COLOR_ID_NUMBER_ID,AUTHORIZED_PAY_MASS) values ('B0000804','2600598', '测B06597', 4, 260598, 0, '2',15);

insert into T_SIMINFO (SIM_ID, ORG_CODE, DEPTCODE, STATE,PAY_MODLE, SIM_NUM) values(26599, 'B0000804', '中国移动', 1, '预付费', 13100006598);
insert into T_TERMINALINFO (TERMINAL_ID,TTYPE_ID,SIM_ID,TERMINAL_CODE,ORG_CODE,IS_VIDEO_TERMINAL,SP_SERVER_NAME,PROTOCOL_TYPE,CHANNELS,YT_PROTOCOL_TYPE) values(260599, 4, 26599, '1006598', 'B0000804',1,'1076测试服务器','4',8,'0');
insert into V_VEHICLEINFO (ORG_CODE,VEHICLE_ID,ID_NUMBER,TYPE_ID,TERMINAL_ID,DELETE_FLAG,COLOR_ID_NUMBER_ID,AUTHORIZED_PAY_MASS) values ('B0000804','2600599', '测B06598', 4, 260599, 0, '2',15);

insert into T_SIMINFO (SIM_ID, ORG_CODE, DEPTCODE, STATE,PAY_MODLE, SIM_NUM) values(26600, 'B0000804', '中国移动', 1, '预付费', 13100006599);
insert into T_TERMINALINFO (TERMINAL_ID,TTYPE_ID,SIM_ID,TERMINAL_CODE,ORG_CODE,IS_VIDEO_TERMINAL,SP_SERVER_NAME,PROTOCOL_TYPE,CHANNELS,YT_PROTOCOL_TYPE) values(260600, 4, 26600, '1006599', 'B0000804',1,'1076测试服务器','4',8,'0');
insert into V_VEHICLEINFO (ORG_CODE,VEHICLE_ID,ID_NUMBER,TYPE_ID,TERMINAL_ID,DELETE_FLAG,COLOR_ID_NUMBER_ID,AUTHORIZED_PAY_MASS) values ('B0000804','2600600', '测B06599', 4, 260600, 0, '2',15);

insert into T_SIMINFO (SIM_ID, ORG_CODE, DEPTCODE, STATE,PAY_MODLE, SIM_NUM) values(26601, 'B0000804', '中国移动', 1, '预付费', 13100006600);
insert into T_TERMINALINFO (TERMINAL_ID,TTYPE_ID,SIM_ID,TERMINAL_CODE,ORG_CODE,IS_VIDEO_TERMINAL,SP_SERVER_NAME,PROTOCOL_TYPE,CHANNELS,YT_PROTOCOL_TYPE) values(260601, 4, 26601, '1006600', 'B0000804',1,'1076测试服务器','4',8,'0');
insert into V_VEHICLEINFO (ORG_CODE,VEHICLE_ID,ID_NUMBER,TYPE_ID,TERMINAL_ID,DELETE_FLAG,COLOR_ID_NUMBER_ID,AUTHORIZED_PAY_MASS) values ('B0000804','2600601', '测B06600', 4, 260601, 0, '2',15);

insert into T_SIMINFO (SIM_ID, ORG_CODE, DEPTCODE, STATE,PAY_MODLE, SIM_NUM) values(26602, 'B0000804', '中国移动', 1, '预付费', 13100006601);
insert into T_TERMINALINFO (TERMINAL_ID,TTYPE_ID,SIM_ID,TERMINAL_CODE,ORG_CODE,IS_VIDEO_TERMINAL,SP_SERVER_NAME,PROTOCOL_TYPE,CHANNELS,YT_PROTOCOL_TYPE) values(260602, 4, 26602, '1006601', 'B0000804',1,'1076测试服务器','4',8,'0');
insert into V_VEHICLEINFO (ORG_CODE,VEHICLE_ID,ID_NUMBER,TYPE_ID,TERMINAL_ID,DELETE_FLAG,COLOR_ID_NUMBER_ID,AUTHORIZED_PAY_MASS) values ('B0000804','2600602', '测B06601', 4, 260602, 0, '2',15);

insert into T_SIMINFO (SIM_ID, ORG_CODE, DEPTCODE, STATE,PAY_MODLE, SIM_NUM) values(26603, 'B0000804', '中国移动', 1, '预付费', 13100006602);
insert into T_TERMINALINFO (TERMINAL_ID,TTYPE_ID,SIM_ID,TERMINAL_CODE,ORG_CODE,IS_VIDEO_TERMINAL,SP_SERVER_NAME,PROTOCOL_TYPE,CHANNELS,YT_PROTOCOL_TYPE) values(260603, 4, 26603, '1006602', 'B0000804',1,'1076测试服务器','4',8,'0');
insert into V_VEHICLEINFO (ORG_CODE,VEHICLE_ID,ID_NUMBER,TYPE_ID,TERMINAL_ID,DELETE_FLAG,COLOR_ID_NUMBER_ID,AUTHORIZED_PAY_MASS) values ('B0000804','2600603', '测B06602', 4, 260603, 0, '2',15);

insert into T_SIMINFO (SIM_ID, ORG_CODE, DEPTCODE, STATE,PAY_MODLE, SIM_NUM) values(26604, 'B0000804', '中国移动', 1, '预付费', 13100006603);
insert into T_TERMINALINFO (TERMINAL_ID,TTYPE_ID,SIM_ID,TERMINAL_CODE,ORG_CODE,IS_VIDEO_TERMINAL,SP_SERVER_NAME,PROTOCOL_TYPE,CHANNELS,YT_PROTOCOL_TYPE) values(260604, 4, 26604, '1006603', 'B0000804',1,'1076测试服务器','4',8,'0');
insert into V_VEHICLEINFO (ORG_CODE,VEHICLE_ID,ID_NUMBER,TYPE_ID,TERMINAL_ID,DELETE_FLAG,COLOR_ID_NUMBER_ID,AUTHORIZED_PAY_MASS) values ('B0000804','2600604', '测B06603', 4, 260604, 0, '2',15);

insert into T_SIMINFO (SIM_ID, ORG_CODE, DEPTCODE, STATE,PAY_MODLE, SIM_NUM) values(26605, 'B0000804', '中国移动', 1, '预付费', 13100006604);
insert into T_TERMINALINFO (TERMINAL_ID,TTYPE_ID,SIM_ID,TERMINAL_CODE,ORG_CODE,IS_VIDEO_TERMINAL,SP_SERVER_NAME,PROTOCOL_TYPE,CHANNELS,YT_PROTOCOL_TYPE) values(260605, 4, 26605, '1006604', 'B0000804',1,'1076测试服务器','4',8,'0');
insert into V_VEHICLEINFO (ORG_CODE,VEHICLE_ID,ID_NUMBER,TYPE_ID,TERMINAL_ID,DELETE_FLAG,COLOR_ID_NUMBER_ID,AUTHORIZED_PAY_MASS) values ('B0000804','2600605', '测B06604', 4, 260605, 0, '2',15);

insert into T_SIMINFO (SIM_ID, ORG_CODE, DEPTCODE, STATE,PAY_MODLE, SIM_NUM) values(26606, 'B0000804', '中国移动', 1, '预付费', 13100006605);
insert into T_TERMINALINFO (TERMINAL_ID,TTYPE_ID,SIM_ID,TERMINAL_CODE,ORG_CODE,IS_VIDEO_TERMINAL,SP_SERVER_NAME,PROTOCOL_TYPE,CHANNELS,YT_PROTOCOL_TYPE) values(260606, 4, 26606, '1006605', 'B0000804',1,'1076测试服务器','4',8,'0');
insert into V_VEHICLEINFO (ORG_CODE,VEHICLE_ID,ID_NUMBER,TYPE_ID,TERMINAL_ID,DELETE_FLAG,COLOR_ID_NUMBER_ID,AUTHORIZED_PAY_MASS) values ('B0000804','2600606', '测B06605', 4, 260606, 0, '2',15);

insert into T_SIMINFO (SIM_ID, ORG_CODE, DEPTCODE, STATE,PAY_MODLE, SIM_NUM) values(26607, 'B0000804', '中国移动', 1, '预付费', 13100006606);
insert into T_TERMINALINFO (TERMINAL_ID,TTYPE_ID,SIM_ID,TERMINAL_CODE,ORG_CODE,IS_VIDEO_TERMINAL,SP_SERVER_NAME,PROTOCOL_TYPE,CHANNELS,YT_PROTOCOL_TYPE) values(260607, 4, 26607, '1006606', 'B0000804',1,'1076测试服务器','4',8,'0');
insert into V_VEHICLEINFO (ORG_CODE,VEHICLE_ID,ID_NUMBER,TYPE_ID,TERMINAL_ID,DELETE_FLAG,COLOR_ID_NUMBER_ID,AUTHORIZED_PAY_MASS) values ('B0000804','2600607', '测B06606', 4, 260607, 0, '2',15);

insert into T_SIMINFO (SIM_ID, ORG_CODE, DEPTCODE, STATE,PAY_MODLE, SIM_NUM) values(26608, 'B0000804', '中国移动', 1, '预付费', 13100006607);
insert into T_TERMINALINFO (TERMINAL_ID,TTYPE_ID,SIM_ID,TERMINAL_CODE,ORG_CODE,IS_VIDEO_TERMINAL,SP_SERVER_NAME,PROTOCOL_TYPE,CHANNELS,YT_PROTOCOL_TYPE) values(260608, 4, 26608, '1006607', 'B0000804',1,'1076测试服务器','4',8,'0');
insert into V_VEHICLEINFO (ORG_CODE,VEHICLE_ID,ID_NUMBER,TYPE_ID,TERMINAL_ID,DELETE_FLAG,COLOR_ID_NUMBER_ID,AUTHORIZED_PAY_MASS) values ('B0000804','2600608', '测B06607', 4, 260608, 0, '2',15);

insert into T_SIMINFO (SIM_ID, ORG_CODE, DEPTCODE, STATE,PAY_MODLE, SIM_NUM) values(26609, 'B0000804', '中国移动', 1, '预付费', 13100006608);
insert into T_TERMINALINFO (TERMINAL_ID,TTYPE_ID,SIM_ID,TERMINAL_CODE,ORG_CODE,IS_VIDEO_TERMINAL,SP_SERVER_NAME,PROTOCOL_TYPE,CHANNELS,YT_PROTOCOL_TYPE) values(260609, 4, 26609, '1006608', 'B0000804',1,'1076测试服务器','4',8,'0');
insert into V_VEHICLEINFO (ORG_CODE,VEHICLE_ID,ID_NUMBER,TYPE_ID,TERMINAL_ID,DELETE_FLAG,COLOR_ID_NUMBER_ID,AUTHORIZED_PAY_MASS) values ('B0000804','2600609', '测B06608', 4, 260609, 0, '2',15);

insert into T_SIMINFO (SIM_ID, ORG_CODE, DEPTCODE, STATE,PAY_MODLE, SIM_NUM) values(26610, 'B0000804', '中国移动', 1, '预付费', 13100006609);
insert into T_TERMINALINFO (TERMINAL_ID,TTYPE_ID,SIM_ID,TERMINAL_CODE,ORG_CODE,IS_VIDEO_TERMINAL,SP_SERVER_NAME,PROTOCOL_TYPE,CHANNELS,YT_PROTOCOL_TYPE) values(260610, 4, 26610, '1006609', 'B0000804',1,'1076测试服务器','4',8,'0');
insert into V_VEHICLEINFO (ORG_CODE,VEHICLE_ID,ID_NUMBER,TYPE_ID,TERMINAL_ID,DELETE_FLAG,COLOR_ID_NUMBER_ID,AUTHORIZED_PAY_MASS) values ('B0000804','2600610', '测B06609', 4, 260610, 0, '2',15);

insert into T_SIMINFO (SIM_ID, ORG_CODE, DEPTCODE, STATE,PAY_MODLE, SIM_NUM) values(26611, 'B0000804', '中国移动', 1, '预付费', 13100006610);
insert into T_TERMINALINFO (TERMINAL_ID,TTYPE_ID,SIM_ID,TERMINAL_CODE,ORG_CODE,IS_VIDEO_TERMINAL,SP_SERVER_NAME,PROTOCOL_TYPE,CHANNELS,YT_PROTOCOL_TYPE) values(260611, 4, 26611, '1006610', 'B0000804',1,'1076测试服务器','4',8,'0');
insert into V_VEHICLEINFO (ORG_CODE,VEHICLE_ID,ID_NUMBER,TYPE_ID,TERMINAL_ID,DELETE_FLAG,COLOR_ID_NUMBER_ID,AUTHORIZED_PAY_MASS) values ('B0000804','2600611', '测B06610', 4, 260611, 0, '2',15);

insert into T_SIMINFO (SIM_ID, ORG_CODE, DEPTCODE, STATE,PAY_MODLE, SIM_NUM) values(26612, 'B0000804', '中国移动', 1, '预付费', 13100006611);
insert into T_TERMINALINFO (TERMINAL_ID,TTYPE_ID,SIM_ID,TERMINAL_CODE,ORG_CODE,IS_VIDEO_TERMINAL,SP_SERVER_NAME,PROTOCOL_TYPE,CHANNELS,YT_PROTOCOL_TYPE) values(260612, 4, 26612, '1006611', 'B0000804',1,'1076测试服务器','4',8,'0');
insert into V_VEHICLEINFO (ORG_CODE,VEHICLE_ID,ID_NUMBER,TYPE_ID,TERMINAL_ID,DELETE_FLAG,COLOR_ID_NUMBER_ID,AUTHORIZED_PAY_MASS) values ('B0000804','2600612', '测B06611', 4, 260612, 0, '2',15);

insert into T_SIMINFO (SIM_ID, ORG_CODE, DEPTCODE, STATE,PAY_MODLE, SIM_NUM) values(26613, 'B0000804', '中国移动', 1, '预付费', 13100006612);
insert into T_TERMINALINFO (TERMINAL_ID,TTYPE_ID,SIM_ID,TERMINAL_CODE,ORG_CODE,IS_VIDEO_TERMINAL,SP_SERVER_NAME,PROTOCOL_TYPE,CHANNELS,YT_PROTOCOL_TYPE) values(260613, 4, 26613, '1006612', 'B0000804',1,'1076测试服务器','4',8,'0');
insert into V_VEHICLEINFO (ORG_CODE,VEHICLE_ID,ID_NUMBER,TYPE_ID,TERMINAL_ID,DELETE_FLAG,COLOR_ID_NUMBER_ID,AUTHORIZED_PAY_MASS) values ('B0000804','2600613', '测B06612', 4, 260613, 0, '2',15);

insert into T_SIMINFO (SIM_ID, ORG_CODE, DEPTCODE, STATE,PAY_MODLE, SIM_NUM) values(26614, 'B0000804', '中国移动', 1, '预付费', 13100006613);
insert into T_TERMINALINFO (TERMINAL_ID,TTYPE_ID,SIM_ID,TERMINAL_CODE,ORG_CODE,IS_VIDEO_TERMINAL,SP_SERVER_NAME,PROTOCOL_TYPE,CHANNELS,YT_PROTOCOL_TYPE) values(260614, 4, 26614, '1006613', 'B0000804',1,'1076测试服务器','4',8,'0');
insert into V_VEHICLEINFO (ORG_CODE,VEHICLE_ID,ID_NUMBER,TYPE_ID,TERMINAL_ID,DELETE_FLAG,COLOR_ID_NUMBER_ID,AUTHORIZED_PAY_MASS) values ('B0000804','2600614', '测B06613', 4, 260614, 0, '2',15);

insert into T_SIMINFO (SIM_ID, ORG_CODE, DEPTCODE, STATE,PAY_MODLE, SIM_NUM) values(26615, 'B0000804', '中国移动', 1, '预付费', 13100006614);
insert into T_TERMINALINFO (TERMINAL_ID,TTYPE_ID,SIM_ID,TERMINAL_CODE,ORG_CODE,IS_VIDEO_TERMINAL,SP_SERVER_NAME,PROTOCOL_TYPE,CHANNELS,YT_PROTOCOL_TYPE) values(260615, 4, 26615, '1006614', 'B0000804',1,'1076测试服务器','4',8,'0');
insert into V_VEHICLEINFO (ORG_CODE,VEHICLE_ID,ID_NUMBER,TYPE_ID,TERMINAL_ID,DELETE_FLAG,COLOR_ID_NUMBER_ID,AUTHORIZED_PAY_MASS) values ('B0000804','2600615', '测B06614', 4, 260615, 0, '2',15);

insert into T_SIMINFO (SIM_ID, ORG_CODE, DEPTCODE, STATE,PAY_MODLE, SIM_NUM) values(26616, 'B0000804', '中国移动', 1, '预付费', 13100006615);
insert into T_TERMINALINFO (TERMINAL_ID,TTYPE_ID,SIM_ID,TERMINAL_CODE,ORG_CODE,IS_VIDEO_TERMINAL,SP_SERVER_NAME,PROTOCOL_TYPE,CHANNELS,YT_PROTOCOL_TYPE) values(260616, 4, 26616, '1006615', 'B0000804',1,'1076测试服务器','4',8,'0');
insert into V_VEHICLEINFO (ORG_CODE,VEHICLE_ID,ID_NUMBER,TYPE_ID,TERMINAL_ID,DELETE_FLAG,COLOR_ID_NUMBER_ID,AUTHORIZED_PAY_MASS) values ('B0000804','2600616', '测B06615', 4, 260616, 0, '2',15);

insert into T_SIMINFO (SIM_ID, ORG_CODE, DEPTCODE, STATE,PAY_MODLE, SIM_NUM) values(26617, 'B0000804', '中国移动', 1, '预付费', 13100006616);
insert into T_TERMINALINFO (TERMINAL_ID,TTYPE_ID,SIM_ID,TERMINAL_CODE,ORG_CODE,IS_VIDEO_TERMINAL,SP_SERVER_NAME,PROTOCOL_TYPE,CHANNELS,YT_PROTOCOL_TYPE) values(260617, 4, 26617, '1006616', 'B0000804',1,'1076测试服务器','4',8,'0');
insert into V_VEHICLEINFO (ORG_CODE,VEHICLE_ID,ID_NUMBER,TYPE_ID,TERMINAL_ID,DELETE_FLAG,COLOR_ID_NUMBER_ID,AUTHORIZED_PAY_MASS) values ('B0000804','2600617', '测B06616', 4, 260617, 0, '2',15);

insert into T_SIMINFO (SIM_ID, ORG_CODE, DEPTCODE, STATE,PAY_MODLE, SIM_NUM) values(26618, 'B0000804', '中国移动', 1, '预付费', 13100006617);
insert into T_TERMINALINFO (TERMINAL_ID,TTYPE_ID,SIM_ID,TERMINAL_CODE,ORG_CODE,IS_VIDEO_TERMINAL,SP_SERVER_NAME,PROTOCOL_TYPE,CHANNELS,YT_PROTOCOL_TYPE) values(260618, 4, 26618, '1006617', 'B0000804',1,'1076测试服务器','4',8,'0');
insert into V_VEHICLEINFO (ORG_CODE,VEHICLE_ID,ID_NUMBER,TYPE_ID,TERMINAL_ID,DELETE_FLAG,COLOR_ID_NUMBER_ID,AUTHORIZED_PAY_MASS) values ('B0000804','2600618', '测B06617', 4, 260618, 0, '2',15);

insert into T_SIMINFO (SIM_ID, ORG_CODE, DEPTCODE, STATE,PAY_MODLE, SIM_NUM) values(26619, 'B0000804', '中国移动', 1, '预付费', 13100006618);
insert into T_TERMINALINFO (TERMINAL_ID,TTYPE_ID,SIM_ID,TERMINAL_CODE,ORG_CODE,IS_VIDEO_TERMINAL,SP_SERVER_NAME,PROTOCOL_TYPE,CHANNELS,YT_PROTOCOL_TYPE) values(260619, 4, 26619, '1006618', 'B0000804',1,'1076测试服务器','4',8,'0');
insert into V_VEHICLEINFO (ORG_CODE,VEHICLE_ID,ID_NUMBER,TYPE_ID,TERMINAL_ID,DELETE_FLAG,COLOR_ID_NUMBER_ID,AUTHORIZED_PAY_MASS) values ('B0000804','2600619', '测B06618', 4, 260619, 0, '2',15);

insert into T_SIMINFO (SIM_ID, ORG_CODE, DEPTCODE, STATE,PAY_MODLE, SIM_NUM) values(26620, 'B0000804', '中国移动', 1, '预付费', 13100006619);
insert into T_TERMINALINFO (TERMINAL_ID,TTYPE_ID,SIM_ID,TERMINAL_CODE,ORG_CODE,IS_VIDEO_TERMINAL,SP_SERVER_NAME,PROTOCOL_TYPE,CHANNELS,YT_PROTOCOL_TYPE) values(260620, 4, 26620, '1006619', 'B0000804',1,'1076测试服务器','4',8,'0');
insert into V_VEHICLEINFO (ORG_CODE,VEHICLE_ID,ID_NUMBER,TYPE_ID,TERMINAL_ID,DELETE_FLAG,COLOR_ID_NUMBER_ID,AUTHORIZED_PAY_MASS) values ('B0000804','2600620', '测B06619', 4, 260620, 0, '2',15);

insert into T_SIMINFO (SIM_ID, ORG_CODE, DEPTCODE, STATE,PAY_MODLE, SIM_NUM) values(26621, 'B0000804', '中国移动', 1, '预付费', 13100006620);
insert into T_TERMINALINFO (TERMINAL_ID,TTYPE_ID,SIM_ID,TERMINAL_CODE,ORG_CODE,IS_VIDEO_TERMINAL,SP_SERVER_NAME,PROTOCOL_TYPE,CHANNELS,YT_PROTOCOL_TYPE) values(260621, 4, 26621, '1006620', 'B0000804',1,'1076测试服务器','4',8,'0');
insert into V_VEHICLEINFO (ORG_CODE,VEHICLE_ID,ID_NUMBER,TYPE_ID,TERMINAL_ID,DELETE_FLAG,COLOR_ID_NUMBER_ID,AUTHORIZED_PAY_MASS) values ('B0000804','2600621', '测B06620', 4, 260621, 0, '2',15);

insert into T_SIMINFO (SIM_ID, ORG_CODE, DEPTCODE, STATE,PAY_MODLE, SIM_NUM) values(26622, 'B0000804', '中国移动', 1, '预付费', 13100006621);
insert into T_TERMINALINFO (TERMINAL_ID,TTYPE_ID,SIM_ID,TERMINAL_CODE,ORG_CODE,IS_VIDEO_TERMINAL,SP_SERVER_NAME,PROTOCOL_TYPE,CHANNELS,YT_PROTOCOL_TYPE) values(260622, 4, 26622, '1006621', 'B0000804',1,'1076测试服务器','4',8,'0');
insert into V_VEHICLEINFO (ORG_CODE,VEHICLE_ID,ID_NUMBER,TYPE_ID,TERMINAL_ID,DELETE_FLAG,COLOR_ID_NUMBER_ID,AUTHORIZED_PAY_MASS) values ('B0000804','2600622', '测B06621', 4, 260622, 0, '2',15);

insert into T_SIMINFO (SIM_ID, ORG_CODE, DEPTCODE, STATE,PAY_MODLE, SIM_NUM) values(26623, 'B0000804', '中国移动', 1, '预付费', 13100006622);
insert into T_TERMINALINFO (TERMINAL_ID,TTYPE_ID,SIM_ID,TERMINAL_CODE,ORG_CODE,IS_VIDEO_TERMINAL,SP_SERVER_NAME,PROTOCOL_TYPE,CHANNELS,YT_PROTOCOL_TYPE) values(260623, 4, 26623, '1006622', 'B0000804',1,'1076测试服务器','4',8,'0');
insert into V_VEHICLEINFO (ORG_CODE,VEHICLE_ID,ID_NUMBER,TYPE_ID,TERMINAL_ID,DELETE_FLAG,COLOR_ID_NUMBER_ID,AUTHORIZED_PAY_MASS) values ('B0000804','2600623', '测B06622', 4, 260623, 0, '2',15);

insert into T_SIMINFO (SIM_ID, ORG_CODE, DEPTCODE, STATE,PAY_MODLE, SIM_NUM) values(26624, 'B0000804', '中国移动', 1, '预付费', 13100006623);
insert into T_TERMINALINFO (TERMINAL_ID,TTYPE_ID,SIM_ID,TERMINAL_CODE,ORG_CODE,IS_VIDEO_TERMINAL,SP_SERVER_NAME,PROTOCOL_TYPE,CHANNELS,YT_PROTOCOL_TYPE) values(260624, 4, 26624, '1006623', 'B0000804',1,'1076测试服务器','4',8,'0');
insert into V_VEHICLEINFO (ORG_CODE,VEHICLE_ID,ID_NUMBER,TYPE_ID,TERMINAL_ID,DELETE_FLAG,COLOR_ID_NUMBER_ID,AUTHORIZED_PAY_MASS) values ('B0000804','2600624', '测B06623', 4, 260624, 0, '2',15);

insert into T_SIMINFO (SIM_ID, ORG_CODE, DEPTCODE, STATE,PAY_MODLE, SIM_NUM) values(26625, 'B0000804', '中国移动', 1, '预付费', 13100006624);
insert into T_TERMINALINFO (TERMINAL_ID,TTYPE_ID,SIM_ID,TERMINAL_CODE,ORG_CODE,IS_VIDEO_TERMINAL,SP_SERVER_NAME,PROTOCOL_TYPE,CHANNELS,YT_PROTOCOL_TYPE) values(260625, 4, 26625, '1006624', 'B0000804',1,'1076测试服务器','4',8,'0');
insert into V_VEHICLEINFO (ORG_CODE,VEHICLE_ID,ID_NUMBER,TYPE_ID,TERMINAL_ID,DELETE_FLAG,COLOR_ID_NUMBER_ID,AUTHORIZED_PAY_MASS) values ('B0000804','2600625', '测B06624', 4, 260625, 0, '2',15);

insert into T_SIMINFO (SIM_ID, ORG_CODE, DEPTCODE, STATE,PAY_MODLE, SIM_NUM) values(26626, 'B0000804', '中国移动', 1, '预付费', 13100006625);
insert into T_TERMINALINFO (TERMINAL_ID,TTYPE_ID,SIM_ID,TERMINAL_CODE,ORG_CODE,IS_VIDEO_TERMINAL,SP_SERVER_NAME,PROTOCOL_TYPE,CHANNELS,YT_PROTOCOL_TYPE) values(260626, 4, 26626, '1006625', 'B0000804',1,'1076测试服务器','4',8,'0');
insert into V_VEHICLEINFO (ORG_CODE,VEHICLE_ID,ID_NUMBER,TYPE_ID,TERMINAL_ID,DELETE_FLAG,COLOR_ID_NUMBER_ID,AUTHORIZED_PAY_MASS) values ('B0000804','2600626', '测B06625', 4, 260626, 0, '2',15);

insert into T_SIMINFO (SIM_ID, ORG_CODE, DEPTCODE, STATE,PAY_MODLE, SIM_NUM) values(26627, 'B0000804', '中国移动', 1, '预付费', 13100006626);
insert into T_TERMINALINFO (TERMINAL_ID,TTYPE_ID,SIM_ID,TERMINAL_CODE,ORG_CODE,IS_VIDEO_TERMINAL,SP_SERVER_NAME,PROTOCOL_TYPE,CHANNELS,YT_PROTOCOL_TYPE) values(260627, 4, 26627, '1006626', 'B0000804',1,'1076测试服务器','4',8,'0');
insert into V_VEHICLEINFO (ORG_CODE,VEHICLE_ID,ID_NUMBER,TYPE_ID,TERMINAL_ID,DELETE_FLAG,COLOR_ID_NUMBER_ID,AUTHORIZED_PAY_MASS) values ('B0000804','2600627', '测B06626', 4, 260627, 0, '2',15);

insert into T_SIMINFO (SIM_ID, ORG_CODE, DEPTCODE, STATE,PAY_MODLE, SIM_NUM) values(26628, 'B0000804', '中国移动', 1, '预付费', 13100006627);
insert into T_TERMINALINFO (TERMINAL_ID,TTYPE_ID,SIM_ID,TERMINAL_CODE,ORG_CODE,IS_VIDEO_TERMINAL,SP_SERVER_NAME,PROTOCOL_TYPE,CHANNELS,YT_PROTOCOL_TYPE) values(260628, 4, 26628, '1006627', 'B0000804',1,'1076测试服务器','4',8,'0');
insert into V_VEHICLEINFO (ORG_CODE,VEHICLE_ID,ID_NUMBER,TYPE_ID,TERMINAL_ID,DELETE_FLAG,COLOR_ID_NUMBER_ID,AUTHORIZED_PAY_MASS) values ('B0000804','2600628', '测B06627', 4, 260628, 0, '2',15);

insert into T_SIMINFO (SIM_ID, ORG_CODE, DEPTCODE, STATE,PAY_MODLE, SIM_NUM) values(26629, 'B0000804', '中国移动', 1, '预付费', 13100006628);
insert into T_TERMINALINFO (TERMINAL_ID,TTYPE_ID,SIM_ID,TERMINAL_CODE,ORG_CODE,IS_VIDEO_TERMINAL,SP_SERVER_NAME,PROTOCOL_TYPE,CHANNELS,YT_PROTOCOL_TYPE) values(260629, 4, 26629, '1006628', 'B0000804',1,'1076测试服务器','4',8,'0');
insert into V_VEHICLEINFO (ORG_CODE,VEHICLE_ID,ID_NUMBER,TYPE_ID,TERMINAL_ID,DELETE_FLAG,COLOR_ID_NUMBER_ID,AUTHORIZED_PAY_MASS) values ('B0000804','2600629', '测B06628', 4, 260629, 0, '2',15);

insert into T_SIMINFO (SIM_ID, ORG_CODE, DEPTCODE, STATE,PAY_MODLE, SIM_NUM) values(26630, 'B0000804', '中国移动', 1, '预付费', 13100006629);
insert into T_TERMINALINFO (TERMINAL_ID,TTYPE_ID,SIM_ID,TERMINAL_CODE,ORG_CODE,IS_VIDEO_TERMINAL,SP_SERVER_NAME,PROTOCOL_TYPE,CHANNELS,YT_PROTOCOL_TYPE) values(260630, 4, 26630, '1006629', 'B0000804',1,'1076测试服务器','4',8,'0');
insert into V_VEHICLEINFO (ORG_CODE,VEHICLE_ID,ID_NUMBER,TYPE_ID,TERMINAL_ID,DELETE_FLAG,COLOR_ID_NUMBER_ID,AUTHORIZED_PAY_MASS) values ('B0000804','2600630', '测B06629', 4, 260630, 0, '2',15);

insert into T_SIMINFO (SIM_ID, ORG_CODE, DEPTCODE, STATE,PAY_MODLE, SIM_NUM) values(26631, 'B0000804', '中国移动', 1, '预付费', 13100006630);
insert into T_TERMINALINFO (TERMINAL_ID,TTYPE_ID,SIM_ID,TERMINAL_CODE,ORG_CODE,IS_VIDEO_TERMINAL,SP_SERVER_NAME,PROTOCOL_TYPE,CHANNELS,YT_PROTOCOL_TYPE) values(260631, 4, 26631, '1006630', 'B0000804',1,'1076测试服务器','4',8,'0');
insert into V_VEHICLEINFO (ORG_CODE,VEHICLE_ID,ID_NUMBER,TYPE_ID,TERMINAL_ID,DELETE_FLAG,COLOR_ID_NUMBER_ID,AUTHORIZED_PAY_MASS) values ('B0000804','2600631', '测B06630', 4, 260631, 0, '2',15);

insert into T_SIMINFO (SIM_ID, ORG_CODE, DEPTCODE, STATE,PAY_MODLE, SIM_NUM) values(26632, 'B0000804', '中国移动', 1, '预付费', 13100006631);
insert into T_TERMINALINFO (TERMINAL_ID,TTYPE_ID,SIM_ID,TERMINAL_CODE,ORG_CODE,IS_VIDEO_TERMINAL,SP_SERVER_NAME,PROTOCOL_TYPE,CHANNELS,YT_PROTOCOL_TYPE) values(260632, 4, 26632, '1006631', 'B0000804',1,'1076测试服务器','4',8,'0');
insert into V_VEHICLEINFO (ORG_CODE,VEHICLE_ID,ID_NUMBER,TYPE_ID,TERMINAL_ID,DELETE_FLAG,COLOR_ID_NUMBER_ID,AUTHORIZED_PAY_MASS) values ('B0000804','2600632', '测B06631', 4, 260632, 0, '2',15);

insert into T_SIMINFO (SIM_ID, ORG_CODE, DEPTCODE, STATE,PAY_MODLE, SIM_NUM) values(26633, 'B0000804', '中国移动', 1, '预付费', 13100006632);
insert into T_TERMINALINFO (TERMINAL_ID,TTYPE_ID,SIM_ID,TERMINAL_CODE,ORG_CODE,IS_VIDEO_TERMINAL,SP_SERVER_NAME,PROTOCOL_TYPE,CHANNELS,YT_PROTOCOL_TYPE) values(260633, 4, 26633, '1006632', 'B0000804',1,'1076测试服务器','4',8,'0');
insert into V_VEHICLEINFO (ORG_CODE,VEHICLE_ID,ID_NUMBER,TYPE_ID,TERMINAL_ID,DELETE_FLAG,COLOR_ID_NUMBER_ID,AUTHORIZED_PAY_MASS) values ('B0000804','2600633', '测B06632', 4, 260633, 0, '2',15);

insert into T_SIMINFO (SIM_ID, ORG_CODE, DEPTCODE, STATE,PAY_MODLE, SIM_NUM) values(26634, 'B0000804', '中国移动', 1, '预付费', 13100006633);
insert into T_TERMINALINFO (TERMINAL_ID,TTYPE_ID,SIM_ID,TERMINAL_CODE,ORG_CODE,IS_VIDEO_TERMINAL,SP_SERVER_NAME,PROTOCOL_TYPE,CHANNELS,YT_PROTOCOL_TYPE) values(260634, 4, 26634, '1006633', 'B0000804',1,'1076测试服务器','4',8,'0');
insert into V_VEHICLEINFO (ORG_CODE,VEHICLE_ID,ID_NUMBER,TYPE_ID,TERMINAL_ID,DELETE_FLAG,COLOR_ID_NUMBER_ID,AUTHORIZED_PAY_MASS) values ('B0000804','2600634', '测B06633', 4, 260634, 0, '2',15);

insert into T_SIMINFO (SIM_ID, ORG_CODE, DEPTCODE, STATE,PAY_MODLE, SIM_NUM) values(26635, 'B0000804', '中国移动', 1, '预付费', 13100006634);
insert into T_TERMINALINFO (TERMINAL_ID,TTYPE_ID,SIM_ID,TERMINAL_CODE,ORG_CODE,IS_VIDEO_TERMINAL,SP_SERVER_NAME,PROTOCOL_TYPE,CHANNELS,YT_PROTOCOL_TYPE) values(260635, 4, 26635, '1006634', 'B0000804',1,'1076测试服务器','4',8,'0');
insert into V_VEHICLEINFO (ORG_CODE,VEHICLE_ID,ID_NUMBER,TYPE_ID,TERMINAL_ID,DELETE_FLAG,COLOR_ID_NUMBER_ID,AUTHORIZED_PAY_MASS) values ('B0000804','2600635', '测B06634', 4, 260635, 0, '2',15);

insert into T_SIMINFO (SIM_ID, ORG_CODE, DEPTCODE, STATE,PAY_MODLE, SIM_NUM) values(26636, 'B0000804', '中国移动', 1, '预付费', 13100006635);
insert into T_TERMINALINFO (TERMINAL_ID,TTYPE_ID,SIM_ID,TERMINAL_CODE,ORG_CODE,IS_VIDEO_TERMINAL,SP_SERVER_NAME,PROTOCOL_TYPE,CHANNELS,YT_PROTOCOL_TYPE) values(260636, 4, 26636, '1006635', 'B0000804',1,'1076测试服务器','4',8,'0');
insert into V_VEHICLEINFO (ORG_CODE,VEHICLE_ID,ID_NUMBER,TYPE_ID,TERMINAL_ID,DELETE_FLAG,COLOR_ID_NUMBER_ID,AUTHORIZED_PAY_MASS) values ('B0000804','2600636', '测B06635', 4, 260636, 0, '2',15);

insert into T_SIMINFO (SIM_ID, ORG_CODE, DEPTCODE, STATE,PAY_MODLE, SIM_NUM) values(26637, 'B0000804', '中国移动', 1, '预付费', 13100006636);
insert into T_TERMINALINFO (TERMINAL_ID,TTYPE_ID,SIM_ID,TERMINAL_CODE,ORG_CODE,IS_VIDEO_TERMINAL,SP_SERVER_NAME,PROTOCOL_TYPE,CHANNELS,YT_PROTOCOL_TYPE) values(260637, 4, 26637, '1006636', 'B0000804',1,'1076测试服务器','4',8,'0');
insert into V_VEHICLEINFO (ORG_CODE,VEHICLE_ID,ID_NUMBER,TYPE_ID,TERMINAL_ID,DELETE_FLAG,COLOR_ID_NUMBER_ID,AUTHORIZED_PAY_MASS) values ('B0000804','2600637', '测B06636', 4, 260637, 0, '2',15);

insert into T_SIMINFO (SIM_ID, ORG_CODE, DEPTCODE, STATE,PAY_MODLE, SIM_NUM) values(26638, 'B0000804', '中国移动', 1, '预付费', 13100006637);
insert into T_TERMINALINFO (TERMINAL_ID,TTYPE_ID,SIM_ID,TERMINAL_CODE,ORG_CODE,IS_VIDEO_TERMINAL,SP_SERVER_NAME,PROTOCOL_TYPE,CHANNELS,YT_PROTOCOL_TYPE) values(260638, 4, 26638, '1006637', 'B0000804',1,'1076测试服务器','4',8,'0');
insert into V_VEHICLEINFO (ORG_CODE,VEHICLE_ID,ID_NUMBER,TYPE_ID,TERMINAL_ID,DELETE_FLAG,COLOR_ID_NUMBER_ID,AUTHORIZED_PAY_MASS) values ('B0000804','2600638', '测B06637', 4, 260638, 0, '2',15);

insert into T_SIMINFO (SIM_ID, ORG_CODE, DEPTCODE, STATE,PAY_MODLE, SIM_NUM) values(26639, 'B0000804', '中国移动', 1, '预付费', 13100006638);
insert into T_TERMINALINFO (TERMINAL_ID,TTYPE_ID,SIM_ID,TERMINAL_CODE,ORG_CODE,IS_VIDEO_TERMINAL,SP_SERVER_NAME,PROTOCOL_TYPE,CHANNELS,YT_PROTOCOL_TYPE) values(260639, 4, 26639, '1006638', 'B0000804',1,'1076测试服务器','4',8,'0');
insert into V_VEHICLEINFO (ORG_CODE,VEHICLE_ID,ID_NUMBER,TYPE_ID,TERMINAL_ID,DELETE_FLAG,COLOR_ID_NUMBER_ID,AUTHORIZED_PAY_MASS) values ('B0000804','2600639', '测B06638', 4, 260639, 0, '2',15);

insert into T_SIMINFO (SIM_ID, ORG_CODE, DEPTCODE, STATE,PAY_MODLE, SIM_NUM) values(26640, 'B0000804', '中国移动', 1, '预付费', 13100006639);
insert into T_TERMINALINFO (TERMINAL_ID,TTYPE_ID,SIM_ID,TERMINAL_CODE,ORG_CODE,IS_VIDEO_TERMINAL,SP_SERVER_NAME,PROTOCOL_TYPE,CHANNELS,YT_PROTOCOL_TYPE) values(260640, 4, 26640, '1006639', 'B0000804',1,'1076测试服务器','4',8,'0');
insert into V_VEHICLEINFO (ORG_CODE,VEHICLE_ID,ID_NUMBER,TYPE_ID,TERMINAL_ID,DELETE_FLAG,COLOR_ID_NUMBER_ID,AUTHORIZED_PAY_MASS) values ('B0000804','2600640', '测B06639', 4, 260640, 0, '2',15);

insert into T_SIMINFO (SIM_ID, ORG_CODE, DEPTCODE, STATE,PAY_MODLE, SIM_NUM) values(26641, 'B0000804', '中国移动', 1, '预付费', 13100006640);
insert into T_TERMINALINFO (TERMINAL_ID,TTYPE_ID,SIM_ID,TERMINAL_CODE,ORG_CODE,IS_VIDEO_TERMINAL,SP_SERVER_NAME,PROTOCOL_TYPE,CHANNELS,YT_PROTOCOL_TYPE) values(260641, 4, 26641, '1006640', 'B0000804',1,'1076测试服务器','4',8,'0');
insert into V_VEHICLEINFO (ORG_CODE,VEHICLE_ID,ID_NUMBER,TYPE_ID,TERMINAL_ID,DELETE_FLAG,COLOR_ID_NUMBER_ID,AUTHORIZED_PAY_MASS) values ('B0000804','2600641', '测B06640', 4, 260641, 0, '2',15);

insert into T_SIMINFO (SIM_ID, ORG_CODE, DEPTCODE, STATE,PAY_MODLE, SIM_NUM) values(26642, 'B0000804', '中国移动', 1, '预付费', 13100006641);
insert into T_TERMINALINFO (TERMINAL_ID,TTYPE_ID,SIM_ID,TERMINAL_CODE,ORG_CODE,IS_VIDEO_TERMINAL,SP_SERVER_NAME,PROTOCOL_TYPE,CHANNELS,YT_PROTOCOL_TYPE) values(260642, 4, 26642, '1006641', 'B0000804',1,'1076测试服务器','4',8,'0');
insert into V_VEHICLEINFO (ORG_CODE,VEHICLE_ID,ID_NUMBER,TYPE_ID,TERMINAL_ID,DELETE_FLAG,COLOR_ID_NUMBER_ID,AUTHORIZED_PAY_MASS) values ('B0000804','2600642', '测B06641', 4, 260642, 0, '2',15);

insert into T_SIMINFO (SIM_ID, ORG_CODE, DEPTCODE, STATE,PAY_MODLE, SIM_NUM) values(26643, 'B0000804', '中国移动', 1, '预付费', 13100006642);
insert into T_TERMINALINFO (TERMINAL_ID,TTYPE_ID,SIM_ID,TERMINAL_CODE,ORG_CODE,IS_VIDEO_TERMINAL,SP_SERVER_NAME,PROTOCOL_TYPE,CHANNELS,YT_PROTOCOL_TYPE) values(260643, 4, 26643, '1006642', 'B0000804',1,'1076测试服务器','4',8,'0');
insert into V_VEHICLEINFO (ORG_CODE,VEHICLE_ID,ID_NUMBER,TYPE_ID,TERMINAL_ID,DELETE_FLAG,COLOR_ID_NUMBER_ID,AUTHORIZED_PAY_MASS) values ('B0000804','2600643', '测B06642', 4, 260643, 0, '2',15);

insert into T_SIMINFO (SIM_ID, ORG_CODE, DEPTCODE, STATE,PAY_MODLE, SIM_NUM) values(26644, 'B0000804', '中国移动', 1, '预付费', 13100006643);
insert into T_TERMINALINFO (TERMINAL_ID,TTYPE_ID,SIM_ID,TERMINAL_CODE,ORG_CODE,IS_VIDEO_TERMINAL,SP_SERVER_NAME,PROTOCOL_TYPE,CHANNELS,YT_PROTOCOL_TYPE) values(260644, 4, 26644, '1006643', 'B0000804',1,'1076测试服务器','4',8,'0');
insert into V_VEHICLEINFO (ORG_CODE,VEHICLE_ID,ID_NUMBER,TYPE_ID,TERMINAL_ID,DELETE_FLAG,COLOR_ID_NUMBER_ID,AUTHORIZED_PAY_MASS) values ('B0000804','2600644', '测B06643', 4, 260644, 0, '2',15);

insert into T_SIMINFO (SIM_ID, ORG_CODE, DEPTCODE, STATE,PAY_MODLE, SIM_NUM) values(26645, 'B0000804', '中国移动', 1, '预付费', 13100006644);
insert into T_TERMINALINFO (TERMINAL_ID,TTYPE_ID,SIM_ID,TERMINAL_CODE,ORG_CODE,IS_VIDEO_TERMINAL,SP_SERVER_NAME,PROTOCOL_TYPE,CHANNELS,YT_PROTOCOL_TYPE) values(260645, 4, 26645, '1006644', 'B0000804',1,'1076测试服务器','4',8,'0');
insert into V_VEHICLEINFO (ORG_CODE,VEHICLE_ID,ID_NUMBER,TYPE_ID,TERMINAL_ID,DELETE_FLAG,COLOR_ID_NUMBER_ID,AUTHORIZED_PAY_MASS) values ('B0000804','2600645', '测B06644', 4, 260645, 0, '2',15);

insert into T_SIMINFO (SIM_ID, ORG_CODE, DEPTCODE, STATE,PAY_MODLE, SIM_NUM) values(26646, 'B0000804', '中国移动', 1, '预付费', 13100006645);
insert into T_TERMINALINFO (TERMINAL_ID,TTYPE_ID,SIM_ID,TERMINAL_CODE,ORG_CODE,IS_VIDEO_TERMINAL,SP_SERVER_NAME,PROTOCOL_TYPE,CHANNELS,YT_PROTOCOL_TYPE) values(260646, 4, 26646, '1006645', 'B0000804',1,'1076测试服务器','4',8,'0');
insert into V_VEHICLEINFO (ORG_CODE,VEHICLE_ID,ID_NUMBER,TYPE_ID,TERMINAL_ID,DELETE_FLAG,COLOR_ID_NUMBER_ID,AUTHORIZED_PAY_MASS) values ('B0000804','2600646', '测B06645', 4, 260646, 0, '2',15);

insert into T_SIMINFO (SIM_ID, ORG_CODE, DEPTCODE, STATE,PAY_MODLE, SIM_NUM) values(26647, 'B0000804', '中国移动', 1, '预付费', 13100006646);
insert into T_TERMINALINFO (TERMINAL_ID,TTYPE_ID,SIM_ID,TERMINAL_CODE,ORG_CODE,IS_VIDEO_TERMINAL,SP_SERVER_NAME,PROTOCOL_TYPE,CHANNELS,YT_PROTOCOL_TYPE) values(260647, 4, 26647, '1006646', 'B0000804',1,'1076测试服务器','4',8,'0');
insert into V_VEHICLEINFO (ORG_CODE,VEHICLE_ID,ID_NUMBER,TYPE_ID,TERMINAL_ID,DELETE_FLAG,COLOR_ID_NUMBER_ID,AUTHORIZED_PAY_MASS) values ('B0000804','2600647', '测B06646', 4, 260647, 0, '2',15);

insert into T_SIMINFO (SIM_ID, ORG_CODE, DEPTCODE, STATE,PAY_MODLE, SIM_NUM) values(26648, 'B0000804', '中国移动', 1, '预付费', 13100006647);
insert into T_TERMINALINFO (TERMINAL_ID,TTYPE_ID,SIM_ID,TERMINAL_CODE,ORG_CODE,IS_VIDEO_TERMINAL,SP_SERVER_NAME,PROTOCOL_TYPE,CHANNELS,YT_PROTOCOL_TYPE) values(260648, 4, 26648, '1006647', 'B0000804',1,'1076测试服务器','4',8,'0');
insert into V_VEHICLEINFO (ORG_CODE,VEHICLE_ID,ID_NUMBER,TYPE_ID,TERMINAL_ID,DELETE_FLAG,COLOR_ID_NUMBER_ID,AUTHORIZED_PAY_MASS) values ('B0000804','2600648', '测B06647', 4, 260648, 0, '2',15);

insert into T_SIMINFO (SIM_ID, ORG_CODE, DEPTCODE, STATE,PAY_MODLE, SIM_NUM) values(26649, 'B0000804', '中国移动', 1, '预付费', 13100006648);
insert into T_TERMINALINFO (TERMINAL_ID,TTYPE_ID,SIM_ID,TERMINAL_CODE,ORG_CODE,IS_VIDEO_TERMINAL,SP_SERVER_NAME,PROTOCOL_TYPE,CHANNELS,YT_PROTOCOL_TYPE) values(260649, 4, 26649, '1006648', 'B0000804',1,'1076测试服务器','4',8,'0');
insert into V_VEHICLEINFO (ORG_CODE,VEHICLE_ID,ID_NUMBER,TYPE_ID,TERMINAL_ID,DELETE_FLAG,COLOR_ID_NUMBER_ID,AUTHORIZED_PAY_MASS) values ('B0000804','2600649', '测B06648', 4, 260649, 0, '2',15);

insert into T_SIMINFO (SIM_ID, ORG_CODE, DEPTCODE, STATE,PAY_MODLE, SIM_NUM) values(26650, 'B0000804', '中国移动', 1, '预付费', 13100006649);
insert into T_TERMINALINFO (TERMINAL_ID,TTYPE_ID,SIM_ID,TERMINAL_CODE,ORG_CODE,IS_VIDEO_TERMINAL,SP_SERVER_NAME,PROTOCOL_TYPE,CHANNELS,YT_PROTOCOL_TYPE) values(260650, 4, 26650, '1006649', 'B0000804',1,'1076测试服务器','4',8,'0');
insert into V_VEHICLEINFO (ORG_CODE,VEHICLE_ID,ID_NUMBER,TYPE_ID,TERMINAL_ID,DELETE_FLAG,COLOR_ID_NUMBER_ID,AUTHORIZED_PAY_MASS) values ('B0000804','2600650', '测B06649', 4, 260650, 0, '2',15);

insert into T_SIMINFO (SIM_ID, ORG_CODE, DEPTCODE, STATE,PAY_MODLE, SIM_NUM) values(26651, 'B0000804', '中国移动', 1, '预付费', 13100006650);
insert into T_TERMINALINFO (TERMINAL_ID,TTYPE_ID,SIM_ID,TERMINAL_CODE,ORG_CODE,IS_VIDEO_TERMINAL,SP_SERVER_NAME,PROTOCOL_TYPE,CHANNELS,YT_PROTOCOL_TYPE) values(260651, 4, 26651, '1006650', 'B0000804',1,'1076测试服务器','4',8,'0');
insert into V_VEHICLEINFO (ORG_CODE,VEHICLE_ID,ID_NUMBER,TYPE_ID,TERMINAL_ID,DELETE_FLAG,COLOR_ID_NUMBER_ID,AUTHORIZED_PAY_MASS) values ('B0000804','2600651', '测B06650', 4, 260651, 0, '2',15);

insert into T_SIMINFO (SIM_ID, ORG_CODE, DEPTCODE, STATE,PAY_MODLE, SIM_NUM) values(26652, 'B0000804', '中国移动', 1, '预付费', 13100006651);
insert into T_TERMINALINFO (TERMINAL_ID,TTYPE_ID,SIM_ID,TERMINAL_CODE,ORG_CODE,IS_VIDEO_TERMINAL,SP_SERVER_NAME,PROTOCOL_TYPE,CHANNELS,YT_PROTOCOL_TYPE) values(260652, 4, 26652, '1006651', 'B0000804',1,'1076测试服务器','4',8,'0');
insert into V_VEHICLEINFO (ORG_CODE,VEHICLE_ID,ID_NUMBER,TYPE_ID,TERMINAL_ID,DELETE_FLAG,COLOR_ID_NUMBER_ID,AUTHORIZED_PAY_MASS) values ('B0000804','2600652', '测B06651', 4, 260652, 0, '2',15);

insert into T_SIMINFO (SIM_ID, ORG_CODE, DEPTCODE, STATE,PAY_MODLE, SIM_NUM) values(26653, 'B0000804', '中国移动', 1, '预付费', 13100006652);
insert into T_TERMINALINFO (TERMINAL_ID,TTYPE_ID,SIM_ID,TERMINAL_CODE,ORG_CODE,IS_VIDEO_TERMINAL,SP_SERVER_NAME,PROTOCOL_TYPE,CHANNELS,YT_PROTOCOL_TYPE) values(260653, 4, 26653, '1006652', 'B0000804',1,'1076测试服务器','4',8,'0');
insert into V_VEHICLEINFO (ORG_CODE,VEHICLE_ID,ID_NUMBER,TYPE_ID,TERMINAL_ID,DELETE_FLAG,COLOR_ID_NUMBER_ID,AUTHORIZED_PAY_MASS) values ('B0000804','2600653', '测B06652', 4, 260653, 0, '2',15);

insert into T_SIMINFO (SIM_ID, ORG_CODE, DEPTCODE, STATE,PAY_MODLE, SIM_NUM) values(26654, 'B0000804', '中国移动', 1, '预付费', 13100006653);
insert into T_TERMINALINFO (TERMINAL_ID,TTYPE_ID,SIM_ID,TERMINAL_CODE,ORG_CODE,IS_VIDEO_TERMINAL,SP_SERVER_NAME,PROTOCOL_TYPE,CHANNELS,YT_PROTOCOL_TYPE) values(260654, 4, 26654, '1006653', 'B0000804',1,'1076测试服务器','4',8,'0');
insert into V_VEHICLEINFO (ORG_CODE,VEHICLE_ID,ID_NUMBER,TYPE_ID,TERMINAL_ID,DELETE_FLAG,COLOR_ID_NUMBER_ID,AUTHORIZED_PAY_MASS) values ('B0000804','2600654', '测B06653', 4, 260654, 0, '2',15);

insert into T_SIMINFO (SIM_ID, ORG_CODE, DEPTCODE, STATE,PAY_MODLE, SIM_NUM) values(26655, 'B0000804', '中国移动', 1, '预付费', 13100006654);
insert into T_TERMINALINFO (TERMINAL_ID,TTYPE_ID,SIM_ID,TERMINAL_CODE,ORG_CODE,IS_VIDEO_TERMINAL,SP_SERVER_NAME,PROTOCOL_TYPE,CHANNELS,YT_PROTOCOL_TYPE) values(260655, 4, 26655, '1006654', 'B0000804',1,'1076测试服务器','4',8,'0');
insert into V_VEHICLEINFO (ORG_CODE,VEHICLE_ID,ID_NUMBER,TYPE_ID,TERMINAL_ID,DELETE_FLAG,COLOR_ID_NUMBER_ID,AUTHORIZED_PAY_MASS) values ('B0000804','2600655', '测B06654', 4, 260655, 0, '2',15);

insert into T_SIMINFO (SIM_ID, ORG_CODE, DEPTCODE, STATE,PAY_MODLE, SIM_NUM) values(26656, 'B0000804', '中国移动', 1, '预付费', 13100006655);
insert into T_TERMINALINFO (TERMINAL_ID,TTYPE_ID,SIM_ID,TERMINAL_CODE,ORG_CODE,IS_VIDEO_TERMINAL,SP_SERVER_NAME,PROTOCOL_TYPE,CHANNELS,YT_PROTOCOL_TYPE) values(260656, 4, 26656, '1006655', 'B0000804',1,'1076测试服务器','4',8,'0');
insert into V_VEHICLEINFO (ORG_CODE,VEHICLE_ID,ID_NUMBER,TYPE_ID,TERMINAL_ID,DELETE_FLAG,COLOR_ID_NUMBER_ID,AUTHORIZED_PAY_MASS) values ('B0000804','2600656', '测B06655', 4, 260656, 0, '2',15);

insert into T_SIMINFO (SIM_ID, ORG_CODE, DEPTCODE, STATE,PAY_MODLE, SIM_NUM) values(26657, 'B0000804', '中国移动', 1, '预付费', 13100006656);
insert into T_TERMINALINFO (TERMINAL_ID,TTYPE_ID,SIM_ID,TERMINAL_CODE,ORG_CODE,IS_VIDEO_TERMINAL,SP_SERVER_NAME,PROTOCOL_TYPE,CHANNELS,YT_PROTOCOL_TYPE) values(260657, 4, 26657, '1006656', 'B0000804',1,'1076测试服务器','4',8,'0');
insert into V_VEHICLEINFO (ORG_CODE,VEHICLE_ID,ID_NUMBER,TYPE_ID,TERMINAL_ID,DELETE_FLAG,COLOR_ID_NUMBER_ID,AUTHORIZED_PAY_MASS) values ('B0000804','2600657', '测B06656', 4, 260657, 0, '2',15);

insert into T_SIMINFO (SIM_ID, ORG_CODE, DEPTCODE, STATE,PAY_MODLE, SIM_NUM) values(26658, 'B0000804', '中国移动', 1, '预付费', 13100006657);
insert into T_TERMINALINFO (TERMINAL_ID,TTYPE_ID,SIM_ID,TERMINAL_CODE,ORG_CODE,IS_VIDEO_TERMINAL,SP_SERVER_NAME,PROTOCOL_TYPE,CHANNELS,YT_PROTOCOL_TYPE) values(260658, 4, 26658, '1006657', 'B0000804',1,'1076测试服务器','4',8,'0');
insert into V_VEHICLEINFO (ORG_CODE,VEHICLE_ID,ID_NUMBER,TYPE_ID,TERMINAL_ID,DELETE_FLAG,COLOR_ID_NUMBER_ID,AUTHORIZED_PAY_MASS) values ('B0000804','2600658', '测B06657', 4, 260658, 0, '2',15);

insert into T_SIMINFO (SIM_ID, ORG_CODE, DEPTCODE, STATE,PAY_MODLE, SIM_NUM) values(26659, 'B0000804', '中国移动', 1, '预付费', 13100006658);
insert into T_TERMINALINFO (TERMINAL_ID,TTYPE_ID,SIM_ID,TERMINAL_CODE,ORG_CODE,IS_VIDEO_TERMINAL,SP_SERVER_NAME,PROTOCOL_TYPE,CHANNELS,YT_PROTOCOL_TYPE) values(260659, 4, 26659, '1006658', 'B0000804',1,'1076测试服务器','4',8,'0');
insert into V_VEHICLEINFO (ORG_CODE,VEHICLE_ID,ID_NUMBER,TYPE_ID,TERMINAL_ID,DELETE_FLAG,COLOR_ID_NUMBER_ID,AUTHORIZED_PAY_MASS) values ('B0000804','2600659', '测B06658', 4, 260659, 0, '2',15);

insert into T_SIMINFO (SIM_ID, ORG_CODE, DEPTCODE, STATE,PAY_MODLE, SIM_NUM) values(26660, 'B0000804', '中国移动', 1, '预付费', 13100006659);
insert into T_TERMINALINFO (TERMINAL_ID,TTYPE_ID,SIM_ID,TERMINAL_CODE,ORG_CODE,IS_VIDEO_TERMINAL,SP_SERVER_NAME,PROTOCOL_TYPE,CHANNELS,YT_PROTOCOL_TYPE) values(260660, 4, 26660, '1006659', 'B0000804',1,'1076测试服务器','4',8,'0');
insert into V_VEHICLEINFO (ORG_CODE,VEHICLE_ID,ID_NUMBER,TYPE_ID,TERMINAL_ID,DELETE_FLAG,COLOR_ID_NUMBER_ID,AUTHORIZED_PAY_MASS) values ('B0000804','2600660', '测B06659', 4, 260660, 0, '2',15);

insert into T_SIMINFO (SIM_ID, ORG_CODE, DEPTCODE, STATE,PAY_MODLE, SIM_NUM) values(26661, 'B0000804', '中国移动', 1, '预付费', 13100006660);
insert into T_TERMINALINFO (TERMINAL_ID,TTYPE_ID,SIM_ID,TERMINAL_CODE,ORG_CODE,IS_VIDEO_TERMINAL,SP_SERVER_NAME,PROTOCOL_TYPE,CHANNELS,YT_PROTOCOL_TYPE) values(260661, 4, 26661, '1006660', 'B0000804',1,'1076测试服务器','4',8,'0');
insert into V_VEHICLEINFO (ORG_CODE,VEHICLE_ID,ID_NUMBER,TYPE_ID,TERMINAL_ID,DELETE_FLAG,COLOR_ID_NUMBER_ID,AUTHORIZED_PAY_MASS) values ('B0000804','2600661', '测B06660', 4, 260661, 0, '2',15);

insert into T_SIMINFO (SIM_ID, ORG_CODE, DEPTCODE, STATE,PAY_MODLE, SIM_NUM) values(26662, 'B0000804', '中国移动', 1, '预付费', 13100006661);
insert into T_TERMINALINFO (TERMINAL_ID,TTYPE_ID,SIM_ID,TERMINAL_CODE,ORG_CODE,IS_VIDEO_TERMINAL,SP_SERVER_NAME,PROTOCOL_TYPE,CHANNELS,YT_PROTOCOL_TYPE) values(260662, 4, 26662, '1006661', 'B0000804',1,'1076测试服务器','4',8,'0');
insert into V_VEHICLEINFO (ORG_CODE,VEHICLE_ID,ID_NUMBER,TYPE_ID,TERMINAL_ID,DELETE_FLAG,COLOR_ID_NUMBER_ID,AUTHORIZED_PAY_MASS) values ('B0000804','2600662', '测B06661', 4, 260662, 0, '2',15);

insert into T_SIMINFO (SIM_ID, ORG_CODE, DEPTCODE, STATE,PAY_MODLE, SIM_NUM) values(26663, 'B0000804', '中国移动', 1, '预付费', 13100006662);
insert into T_TERMINALINFO (TERMINAL_ID,TTYPE_ID,SIM_ID,TERMINAL_CODE,ORG_CODE,IS_VIDEO_TERMINAL,SP_SERVER_NAME,PROTOCOL_TYPE,CHANNELS,YT_PROTOCOL_TYPE) values(260663, 4, 26663, '1006662', 'B0000804',1,'1076测试服务器','4',8,'0');
insert into V_VEHICLEINFO (ORG_CODE,VEHICLE_ID,ID_NUMBER,TYPE_ID,TERMINAL_ID,DELETE_FLAG,COLOR_ID_NUMBER_ID,AUTHORIZED_PAY_MASS) values ('B0000804','2600663', '测B06662', 4, 260663, 0, '2',15);

insert into T_SIMINFO (SIM_ID, ORG_CODE, DEPTCODE, STATE,PAY_MODLE, SIM_NUM) values(26664, 'B0000804', '中国移动', 1, '预付费', 13100006663);
insert into T_TERMINALINFO (TERMINAL_ID,TTYPE_ID,SIM_ID,TERMINAL_CODE,ORG_CODE,IS_VIDEO_TERMINAL,SP_SERVER_NAME,PROTOCOL_TYPE,CHANNELS,YT_PROTOCOL_TYPE) values(260664, 4, 26664, '1006663', 'B0000804',1,'1076测试服务器','4',8,'0');
insert into V_VEHICLEINFO (ORG_CODE,VEHICLE_ID,ID_NUMBER,TYPE_ID,TERMINAL_ID,DELETE_FLAG,COLOR_ID_NUMBER_ID,AUTHORIZED_PAY_MASS) values ('B0000804','2600664', '测B06663', 4, 260664, 0, '2',15);

insert into T_SIMINFO (SIM_ID, ORG_CODE, DEPTCODE, STATE,PAY_MODLE, SIM_NUM) values(26665, 'B0000804', '中国移动', 1, '预付费', 13100006664);
insert into T_TERMINALINFO (TERMINAL_ID,TTYPE_ID,SIM_ID,TERMINAL_CODE,ORG_CODE,IS_VIDEO_TERMINAL,SP_SERVER_NAME,PROTOCOL_TYPE,CHANNELS,YT_PROTOCOL_TYPE) values(260665, 4, 26665, '1006664', 'B0000804',1,'1076测试服务器','4',8,'0');
insert into V_VEHICLEINFO (ORG_CODE,VEHICLE_ID,ID_NUMBER,TYPE_ID,TERMINAL_ID,DELETE_FLAG,COLOR_ID_NUMBER_ID,AUTHORIZED_PAY_MASS) values ('B0000804','2600665', '测B06664', 4, 260665, 0, '2',15);

insert into T_SIMINFO (SIM_ID, ORG_CODE, DEPTCODE, STATE,PAY_MODLE, SIM_NUM) values(26666, 'B0000804', '中国移动', 1, '预付费', 13100006665);
insert into T_TERMINALINFO (TERMINAL_ID,TTYPE_ID,SIM_ID,TERMINAL_CODE,ORG_CODE,IS_VIDEO_TERMINAL,SP_SERVER_NAME,PROTOCOL_TYPE,CHANNELS,YT_PROTOCOL_TYPE) values(260666, 4, 26666, '1006665', 'B0000804',1,'1076测试服务器','4',8,'0');
insert into V_VEHICLEINFO (ORG_CODE,VEHICLE_ID,ID_NUMBER,TYPE_ID,TERMINAL_ID,DELETE_FLAG,COLOR_ID_NUMBER_ID,AUTHORIZED_PAY_MASS) values ('B0000804','2600666', '测B06665', 4, 260666, 0, '2',15);

insert into T_SIMINFO (SIM_ID, ORG_CODE, DEPTCODE, STATE,PAY_MODLE, SIM_NUM) values(26667, 'B0000804', '中国移动', 1, '预付费', 13100006666);
insert into T_TERMINALINFO (TERMINAL_ID,TTYPE_ID,SIM_ID,TERMINAL_CODE,ORG_CODE,IS_VIDEO_TERMINAL,SP_SERVER_NAME,PROTOCOL_TYPE,CHANNELS,YT_PROTOCOL_TYPE) values(260667, 4, 26667, '1006666', 'B0000804',1,'1076测试服务器','4',8,'0');
insert into V_VEHICLEINFO (ORG_CODE,VEHICLE_ID,ID_NUMBER,TYPE_ID,TERMINAL_ID,DELETE_FLAG,COLOR_ID_NUMBER_ID,AUTHORIZED_PAY_MASS) values ('B0000804','2600667', '测B06666', 4, 260667, 0, '2',15);

insert into T_SIMINFO (SIM_ID, ORG_CODE, DEPTCODE, STATE,PAY_MODLE, SIM_NUM) values(26668, 'B0000804', '中国移动', 1, '预付费', 13100006667);
insert into T_TERMINALINFO (TERMINAL_ID,TTYPE_ID,SIM_ID,TERMINAL_CODE,ORG_CODE,IS_VIDEO_TERMINAL,SP_SERVER_NAME,PROTOCOL_TYPE,CHANNELS,YT_PROTOCOL_TYPE) values(260668, 4, 26668, '1006667', 'B0000804',1,'1076测试服务器','4',8,'0');
insert into V_VEHICLEINFO (ORG_CODE,VEHICLE_ID,ID_NUMBER,TYPE_ID,TERMINAL_ID,DELETE_FLAG,COLOR_ID_NUMBER_ID,AUTHORIZED_PAY_MASS) values ('B0000804','2600668', '测B06667', 4, 260668, 0, '2',15);

insert into T_SIMINFO (SIM_ID, ORG_CODE, DEPTCODE, STATE,PAY_MODLE, SIM_NUM) values(26669, 'B0000804', '中国移动', 1, '预付费', 13100006668);
insert into T_TERMINALINFO (TERMINAL_ID,TTYPE_ID,SIM_ID,TERMINAL_CODE,ORG_CODE,IS_VIDEO_TERMINAL,SP_SERVER_NAME,PROTOCOL_TYPE,CHANNELS,YT_PROTOCOL_TYPE) values(260669, 4, 26669, '1006668', 'B0000804',1,'1076测试服务器','4',8,'0');
insert into V_VEHICLEINFO (ORG_CODE,VEHICLE_ID,ID_NUMBER,TYPE_ID,TERMINAL_ID,DELETE_FLAG,COLOR_ID_NUMBER_ID,AUTHORIZED_PAY_MASS) values ('B0000804','2600669', '测B06668', 4, 260669, 0, '2',15);

insert into T_SIMINFO (SIM_ID, ORG_CODE, DEPTCODE, STATE,PAY_MODLE, SIM_NUM) values(26670, 'B0000804', '中国移动', 1, '预付费', 13100006669);
insert into T_TERMINALINFO (TERMINAL_ID,TTYPE_ID,SIM_ID,TERMINAL_CODE,ORG_CODE,IS_VIDEO_TERMINAL,SP_SERVER_NAME,PROTOCOL_TYPE,CHANNELS,YT_PROTOCOL_TYPE) values(260670, 4, 26670, '1006669', 'B0000804',1,'1076测试服务器','4',8,'0');
insert into V_VEHICLEINFO (ORG_CODE,VEHICLE_ID,ID_NUMBER,TYPE_ID,TERMINAL_ID,DELETE_FLAG,COLOR_ID_NUMBER_ID,AUTHORIZED_PAY_MASS) values ('B0000804','2600670', '测B06669', 4, 260670, 0, '2',15);

insert into T_SIMINFO (SIM_ID, ORG_CODE, DEPTCODE, STATE,PAY_MODLE, SIM_NUM) values(26671, 'B0000804', '中国移动', 1, '预付费', 13100006670);
insert into T_TERMINALINFO (TERMINAL_ID,TTYPE_ID,SIM_ID,TERMINAL_CODE,ORG_CODE,IS_VIDEO_TERMINAL,SP_SERVER_NAME,PROTOCOL_TYPE,CHANNELS,YT_PROTOCOL_TYPE) values(260671, 4, 26671, '1006670', 'B0000804',1,'1076测试服务器','4',8,'0');
insert into V_VEHICLEINFO (ORG_CODE,VEHICLE_ID,ID_NUMBER,TYPE_ID,TERMINAL_ID,DELETE_FLAG,COLOR_ID_NUMBER_ID,AUTHORIZED_PAY_MASS) values ('B0000804','2600671', '测B06670', 4, 260671, 0, '2',15);

insert into T_SIMINFO (SIM_ID, ORG_CODE, DEPTCODE, STATE,PAY_MODLE, SIM_NUM) values(26672, 'B0000804', '中国移动', 1, '预付费', 13100006671);
insert into T_TERMINALINFO (TERMINAL_ID,TTYPE_ID,SIM_ID,TERMINAL_CODE,ORG_CODE,IS_VIDEO_TERMINAL,SP_SERVER_NAME,PROTOCOL_TYPE,CHANNELS,YT_PROTOCOL_TYPE) values(260672, 4, 26672, '1006671', 'B0000804',1,'1076测试服务器','4',8,'0');
insert into V_VEHICLEINFO (ORG_CODE,VEHICLE_ID,ID_NUMBER,TYPE_ID,TERMINAL_ID,DELETE_FLAG,COLOR_ID_NUMBER_ID,AUTHORIZED_PAY_MASS) values ('B0000804','2600672', '测B06671', 4, 260672, 0, '2',15);

insert into T_SIMINFO (SIM_ID, ORG_CODE, DEPTCODE, STATE,PAY_MODLE, SIM_NUM) values(26673, 'B0000804', '中国移动', 1, '预付费', 13100006672);
insert into T_TERMINALINFO (TERMINAL_ID,TTYPE_ID,SIM_ID,TERMINAL_CODE,ORG_CODE,IS_VIDEO_TERMINAL,SP_SERVER_NAME,PROTOCOL_TYPE,CHANNELS,YT_PROTOCOL_TYPE) values(260673, 4, 26673, '1006672', 'B0000804',1,'1076测试服务器','4',8,'0');
insert into V_VEHICLEINFO (ORG_CODE,VEHICLE_ID,ID_NUMBER,TYPE_ID,TERMINAL_ID,DELETE_FLAG,COLOR_ID_NUMBER_ID,AUTHORIZED_PAY_MASS) values ('B0000804','2600673', '测B06672', 4, 260673, 0, '2',15);

insert into T_SIMINFO (SIM_ID, ORG_CODE, DEPTCODE, STATE,PAY_MODLE, SIM_NUM) values(26674, 'B0000804', '中国移动', 1, '预付费', 13100006673);
insert into T_TERMINALINFO (TERMINAL_ID,TTYPE_ID,SIM_ID,TERMINAL_CODE,ORG_CODE,IS_VIDEO_TERMINAL,SP_SERVER_NAME,PROTOCOL_TYPE,CHANNELS,YT_PROTOCOL_TYPE) values(260674, 4, 26674, '1006673', 'B0000804',1,'1076测试服务器','4',8,'0');
insert into V_VEHICLEINFO (ORG_CODE,VEHICLE_ID,ID_NUMBER,TYPE_ID,TERMINAL_ID,DELETE_FLAG,COLOR_ID_NUMBER_ID,AUTHORIZED_PAY_MASS) values ('B0000804','2600674', '测B06673', 4, 260674, 0, '2',15);

insert into T_SIMINFO (SIM_ID, ORG_CODE, DEPTCODE, STATE,PAY_MODLE, SIM_NUM) values(26675, 'B0000804', '中国移动', 1, '预付费', 13100006674);
insert into T_TERMINALINFO (TERMINAL_ID,TTYPE_ID,SIM_ID,TERMINAL_CODE,ORG_CODE,IS_VIDEO_TERMINAL,SP_SERVER_NAME,PROTOCOL_TYPE,CHANNELS,YT_PROTOCOL_TYPE) values(260675, 4, 26675, '1006674', 'B0000804',1,'1076测试服务器','4',8,'0');
insert into V_VEHICLEINFO (ORG_CODE,VEHICLE_ID,ID_NUMBER,TYPE_ID,TERMINAL_ID,DELETE_FLAG,COLOR_ID_NUMBER_ID,AUTHORIZED_PAY_MASS) values ('B0000804','2600675', '测B06674', 4, 260675, 0, '2',15);

insert into T_SIMINFO (SIM_ID, ORG_CODE, DEPTCODE, STATE,PAY_MODLE, SIM_NUM) values(26676, 'B0000804', '中国移动', 1, '预付费', 13100006675);
insert into T_TERMINALINFO (TERMINAL_ID,TTYPE_ID,SIM_ID,TERMINAL_CODE,ORG_CODE,IS_VIDEO_TERMINAL,SP_SERVER_NAME,PROTOCOL_TYPE,CHANNELS,YT_PROTOCOL_TYPE) values(260676, 4, 26676, '1006675', 'B0000804',1,'1076测试服务器','4',8,'0');
insert into V_VEHICLEINFO (ORG_CODE,VEHICLE_ID,ID_NUMBER,TYPE_ID,TERMINAL_ID,DELETE_FLAG,COLOR_ID_NUMBER_ID,AUTHORIZED_PAY_MASS) values ('B0000804','2600676', '测B06675', 4, 260676, 0, '2',15);

insert into T_SIMINFO (SIM_ID, ORG_CODE, DEPTCODE, STATE,PAY_MODLE, SIM_NUM) values(26677, 'B0000804', '中国移动', 1, '预付费', 13100006676);
insert into T_TERMINALINFO (TERMINAL_ID,TTYPE_ID,SIM_ID,TERMINAL_CODE,ORG_CODE,IS_VIDEO_TERMINAL,SP_SERVER_NAME,PROTOCOL_TYPE,CHANNELS,YT_PROTOCOL_TYPE) values(260677, 4, 26677, '1006676', 'B0000804',1,'1076测试服务器','4',8,'0');
insert into V_VEHICLEINFO (ORG_CODE,VEHICLE_ID,ID_NUMBER,TYPE_ID,TERMINAL_ID,DELETE_FLAG,COLOR_ID_NUMBER_ID,AUTHORIZED_PAY_MASS) values ('B0000804','2600677', '测B06676', 4, 260677, 0, '2',15);

insert into T_SIMINFO (SIM_ID, ORG_CODE, DEPTCODE, STATE,PAY_MODLE, SIM_NUM) values(26678, 'B0000804', '中国移动', 1, '预付费', 13100006677);
insert into T_TERMINALINFO (TERMINAL_ID,TTYPE_ID,SIM_ID,TERMINAL_CODE,ORG_CODE,IS_VIDEO_TERMINAL,SP_SERVER_NAME,PROTOCOL_TYPE,CHANNELS,YT_PROTOCOL_TYPE) values(260678, 4, 26678, '1006677', 'B0000804',1,'1076测试服务器','4',8,'0');
insert into V_VEHICLEINFO (ORG_CODE,VEHICLE_ID,ID_NUMBER,TYPE_ID,TERMINAL_ID,DELETE_FLAG,COLOR_ID_NUMBER_ID,AUTHORIZED_PAY_MASS) values ('B0000804','2600678', '测B06677', 4, 260678, 0, '2',15);

insert into T_SIMINFO (SIM_ID, ORG_CODE, DEPTCODE, STATE,PAY_MODLE, SIM_NUM) values(26679, 'B0000804', '中国移动', 1, '预付费', 13100006678);
insert into T_TERMINALINFO (TERMINAL_ID,TTYPE_ID,SIM_ID,TERMINAL_CODE,ORG_CODE,IS_VIDEO_TERMINAL,SP_SERVER_NAME,PROTOCOL_TYPE,CHANNELS,YT_PROTOCOL_TYPE) values(260679, 4, 26679, '1006678', 'B0000804',1,'1076测试服务器','4',8,'0');
insert into V_VEHICLEINFO (ORG_CODE,VEHICLE_ID,ID_NUMBER,TYPE_ID,TERMINAL_ID,DELETE_FLAG,COLOR_ID_NUMBER_ID,AUTHORIZED_PAY_MASS) values ('B0000804','2600679', '测B06678', 4, 260679, 0, '2',15);

insert into T_SIMINFO (SIM_ID, ORG_CODE, DEPTCODE, STATE,PAY_MODLE, SIM_NUM) values(26680, 'B0000804', '中国移动', 1, '预付费', 13100006679);
insert into T_TERMINALINFO (TERMINAL_ID,TTYPE_ID,SIM_ID,TERMINAL_CODE,ORG_CODE,IS_VIDEO_TERMINAL,SP_SERVER_NAME,PROTOCOL_TYPE,CHANNELS,YT_PROTOCOL_TYPE) values(260680, 4, 26680, '1006679', 'B0000804',1,'1076测试服务器','4',8,'0');
insert into V_VEHICLEINFO (ORG_CODE,VEHICLE_ID,ID_NUMBER,TYPE_ID,TERMINAL_ID,DELETE_FLAG,COLOR_ID_NUMBER_ID,AUTHORIZED_PAY_MASS) values ('B0000804','2600680', '测B06679', 4, 260680, 0, '2',15);

insert into T_SIMINFO (SIM_ID, ORG_CODE, DEPTCODE, STATE,PAY_MODLE, SIM_NUM) values(26681, 'B0000804', '中国移动', 1, '预付费', 13100006680);
insert into T_TERMINALINFO (TERMINAL_ID,TTYPE_ID,SIM_ID,TERMINAL_CODE,ORG_CODE,IS_VIDEO_TERMINAL,SP_SERVER_NAME,PROTOCOL_TYPE,CHANNELS,YT_PROTOCOL_TYPE) values(260681, 4, 26681, '1006680', 'B0000804',1,'1076测试服务器','4',8,'0');
insert into V_VEHICLEINFO (ORG_CODE,VEHICLE_ID,ID_NUMBER,TYPE_ID,TERMINAL_ID,DELETE_FLAG,COLOR_ID_NUMBER_ID,AUTHORIZED_PAY_MASS) values ('B0000804','2600681', '测B06680', 4, 260681, 0, '2',15);

insert into T_SIMINFO (SIM_ID, ORG_CODE, DEPTCODE, STATE,PAY_MODLE, SIM_NUM) values(26682, 'B0000804', '中国移动', 1, '预付费', 13100006681);
insert into T_TERMINALINFO (TERMINAL_ID,TTYPE_ID,SIM_ID,TERMINAL_CODE,ORG_CODE,IS_VIDEO_TERMINAL,SP_SERVER_NAME,PROTOCOL_TYPE,CHANNELS,YT_PROTOCOL_TYPE) values(260682, 4, 26682, '1006681', 'B0000804',1,'1076测试服务器','4',8,'0');
insert into V_VEHICLEINFO (ORG_CODE,VEHICLE_ID,ID_NUMBER,TYPE_ID,TERMINAL_ID,DELETE_FLAG,COLOR_ID_NUMBER_ID,AUTHORIZED_PAY_MASS) values ('B0000804','2600682', '测B06681', 4, 260682, 0, '2',15);

insert into T_SIMINFO (SIM_ID, ORG_CODE, DEPTCODE, STATE,PAY_MODLE, SIM_NUM) values(26683, 'B0000804', '中国移动', 1, '预付费', 13100006682);
insert into T_TERMINALINFO (TERMINAL_ID,TTYPE_ID,SIM_ID,TERMINAL_CODE,ORG_CODE,IS_VIDEO_TERMINAL,SP_SERVER_NAME,PROTOCOL_TYPE,CHANNELS,YT_PROTOCOL_TYPE) values(260683, 4, 26683, '1006682', 'B0000804',1,'1076测试服务器','4',8,'0');
insert into V_VEHICLEINFO (ORG_CODE,VEHICLE_ID,ID_NUMBER,TYPE_ID,TERMINAL_ID,DELETE_FLAG,COLOR_ID_NUMBER_ID,AUTHORIZED_PAY_MASS) values ('B0000804','2600683', '测B06682', 4, 260683, 0, '2',15);

insert into T_SIMINFO (SIM_ID, ORG_CODE, DEPTCODE, STATE,PAY_MODLE, SIM_NUM) values(26684, 'B0000804', '中国移动', 1, '预付费', 13100006683);
insert into T_TERMINALINFO (TERMINAL_ID,TTYPE_ID,SIM_ID,TERMINAL_CODE,ORG_CODE,IS_VIDEO_TERMINAL,SP_SERVER_NAME,PROTOCOL_TYPE,CHANNELS,YT_PROTOCOL_TYPE) values(260684, 4, 26684, '1006683', 'B0000804',1,'1076测试服务器','4',8,'0');
insert into V_VEHICLEINFO (ORG_CODE,VEHICLE_ID,ID_NUMBER,TYPE_ID,TERMINAL_ID,DELETE_FLAG,COLOR_ID_NUMBER_ID,AUTHORIZED_PAY_MASS) values ('B0000804','2600684', '测B06683', 4, 260684, 0, '2',15);

insert into T_SIMINFO (SIM_ID, ORG_CODE, DEPTCODE, STATE,PAY_MODLE, SIM_NUM) values(26685, 'B0000804', '中国移动', 1, '预付费', 13100006684);
insert into T_TERMINALINFO (TERMINAL_ID,TTYPE_ID,SIM_ID,TERMINAL_CODE,ORG_CODE,IS_VIDEO_TERMINAL,SP_SERVER_NAME,PROTOCOL_TYPE,CHANNELS,YT_PROTOCOL_TYPE) values(260685, 4, 26685, '1006684', 'B0000804',1,'1076测试服务器','4',8,'0');
insert into V_VEHICLEINFO (ORG_CODE,VEHICLE_ID,ID_NUMBER,TYPE_ID,TERMINAL_ID,DELETE_FLAG,COLOR_ID_NUMBER_ID,AUTHORIZED_PAY_MASS) values ('B0000804','2600685', '测B06684', 4, 260685, 0, '2',15);

insert into T_SIMINFO (SIM_ID, ORG_CODE, DEPTCODE, STATE,PAY_MODLE, SIM_NUM) values(26686, 'B0000804', '中国移动', 1, '预付费', 13100006685);
insert into T_TERMINALINFO (TERMINAL_ID,TTYPE_ID,SIM_ID,TERMINAL_CODE,ORG_CODE,IS_VIDEO_TERMINAL,SP_SERVER_NAME,PROTOCOL_TYPE,CHANNELS,YT_PROTOCOL_TYPE) values(260686, 4, 26686, '1006685', 'B0000804',1,'1076测试服务器','4',8,'0');
insert into V_VEHICLEINFO (ORG_CODE,VEHICLE_ID,ID_NUMBER,TYPE_ID,TERMINAL_ID,DELETE_FLAG,COLOR_ID_NUMBER_ID,AUTHORIZED_PAY_MASS) values ('B0000804','2600686', '测B06685', 4, 260686, 0, '2',15);

insert into T_SIMINFO (SIM_ID, ORG_CODE, DEPTCODE, STATE,PAY_MODLE, SIM_NUM) values(26687, 'B0000804', '中国移动', 1, '预付费', 13100006686);
insert into T_TERMINALINFO (TERMINAL_ID,TTYPE_ID,SIM_ID,TERMINAL_CODE,ORG_CODE,IS_VIDEO_TERMINAL,SP_SERVER_NAME,PROTOCOL_TYPE,CHANNELS,YT_PROTOCOL_TYPE) values(260687, 4, 26687, '1006686', 'B0000804',1,'1076测试服务器','4',8,'0');
insert into V_VEHICLEINFO (ORG_CODE,VEHICLE_ID,ID_NUMBER,TYPE_ID,TERMINAL_ID,DELETE_FLAG,COLOR_ID_NUMBER_ID,AUTHORIZED_PAY_MASS) values ('B0000804','2600687', '测B06686', 4, 260687, 0, '2',15);

insert into T_SIMINFO (SIM_ID, ORG_CODE, DEPTCODE, STATE,PAY_MODLE, SIM_NUM) values(26688, 'B0000804', '中国移动', 1, '预付费', 13100006687);
insert into T_TERMINALINFO (TERMINAL_ID,TTYPE_ID,SIM_ID,TERMINAL_CODE,ORG_CODE,IS_VIDEO_TERMINAL,SP_SERVER_NAME,PROTOCOL_TYPE,CHANNELS,YT_PROTOCOL_TYPE) values(260688, 4, 26688, '1006687', 'B0000804',1,'1076测试服务器','4',8,'0');
insert into V_VEHICLEINFO (ORG_CODE,VEHICLE_ID,ID_NUMBER,TYPE_ID,TERMINAL_ID,DELETE_FLAG,COLOR_ID_NUMBER_ID,AUTHORIZED_PAY_MASS) values ('B0000804','2600688', '测B06687', 4, 260688, 0, '2',15);

insert into T_SIMINFO (SIM_ID, ORG_CODE, DEPTCODE, STATE,PAY_MODLE, SIM_NUM) values(26689, 'B0000804', '中国移动', 1, '预付费', 13100006688);
insert into T_TERMINALINFO (TERMINAL_ID,TTYPE_ID,SIM_ID,TERMINAL_CODE,ORG_CODE,IS_VIDEO_TERMINAL,SP_SERVER_NAME,PROTOCOL_TYPE,CHANNELS,YT_PROTOCOL_TYPE) values(260689, 4, 26689, '1006688', 'B0000804',1,'1076测试服务器','4',8,'0');
insert into V_VEHICLEINFO (ORG_CODE,VEHICLE_ID,ID_NUMBER,TYPE_ID,TERMINAL_ID,DELETE_FLAG,COLOR_ID_NUMBER_ID,AUTHORIZED_PAY_MASS) values ('B0000804','2600689', '测B06688', 4, 260689, 0, '2',15);

insert into T_SIMINFO (SIM_ID, ORG_CODE, DEPTCODE, STATE,PAY_MODLE, SIM_NUM) values(26690, 'B0000804', '中国移动', 1, '预付费', 13100006689);
insert into T_TERMINALINFO (TERMINAL_ID,TTYPE_ID,SIM_ID,TERMINAL_CODE,ORG_CODE,IS_VIDEO_TERMINAL,SP_SERVER_NAME,PROTOCOL_TYPE,CHANNELS,YT_PROTOCOL_TYPE) values(260690, 4, 26690, '1006689', 'B0000804',1,'1076测试服务器','4',8,'0');
insert into V_VEHICLEINFO (ORG_CODE,VEHICLE_ID,ID_NUMBER,TYPE_ID,TERMINAL_ID,DELETE_FLAG,COLOR_ID_NUMBER_ID,AUTHORIZED_PAY_MASS) values ('B0000804','2600690', '测B06689', 4, 260690, 0, '2',15);

insert into T_SIMINFO (SIM_ID, ORG_CODE, DEPTCODE, STATE,PAY_MODLE, SIM_NUM) values(26691, 'B0000804', '中国移动', 1, '预付费', 13100006690);
insert into T_TERMINALINFO (TERMINAL_ID,TTYPE_ID,SIM_ID,TERMINAL_CODE,ORG_CODE,IS_VIDEO_TERMINAL,SP_SERVER_NAME,PROTOCOL_TYPE,CHANNELS,YT_PROTOCOL_TYPE) values(260691, 4, 26691, '1006690', 'B0000804',1,'1076测试服务器','4',8,'0');
insert into V_VEHICLEINFO (ORG_CODE,VEHICLE_ID,ID_NUMBER,TYPE_ID,TERMINAL_ID,DELETE_FLAG,COLOR_ID_NUMBER_ID,AUTHORIZED_PAY_MASS) values ('B0000804','2600691', '测B06690', 4, 260691, 0, '2',15);

insert into T_SIMINFO (SIM_ID, ORG_CODE, DEPTCODE, STATE,PAY_MODLE, SIM_NUM) values(26692, 'B0000804', '中国移动', 1, '预付费', 13100006691);
insert into T_TERMINALINFO (TERMINAL_ID,TTYPE_ID,SIM_ID,TERMINAL_CODE,ORG_CODE,IS_VIDEO_TERMINAL,SP_SERVER_NAME,PROTOCOL_TYPE,CHANNELS,YT_PROTOCOL_TYPE) values(260692, 4, 26692, '1006691', 'B0000804',1,'1076测试服务器','4',8,'0');
insert into V_VEHICLEINFO (ORG_CODE,VEHICLE_ID,ID_NUMBER,TYPE_ID,TERMINAL_ID,DELETE_FLAG,COLOR_ID_NUMBER_ID,AUTHORIZED_PAY_MASS) values ('B0000804','2600692', '测B06691', 4, 260692, 0, '2',15);

insert into T_SIMINFO (SIM_ID, ORG_CODE, DEPTCODE, STATE,PAY_MODLE, SIM_NUM) values(26693, 'B0000804', '中国移动', 1, '预付费', 13100006692);
insert into T_TERMINALINFO (TERMINAL_ID,TTYPE_ID,SIM_ID,TERMINAL_CODE,ORG_CODE,IS_VIDEO_TERMINAL,SP_SERVER_NAME,PROTOCOL_TYPE,CHANNELS,YT_PROTOCOL_TYPE) values(260693, 4, 26693, '1006692', 'B0000804',1,'1076测试服务器','4',8,'0');
insert into V_VEHICLEINFO (ORG_CODE,VEHICLE_ID,ID_NUMBER,TYPE_ID,TERMINAL_ID,DELETE_FLAG,COLOR_ID_NUMBER_ID,AUTHORIZED_PAY_MASS) values ('B0000804','2600693', '测B06692', 4, 260693, 0, '2',15);

insert into T_SIMINFO (SIM_ID, ORG_CODE, DEPTCODE, STATE,PAY_MODLE, SIM_NUM) values(26694, 'B0000804', '中国移动', 1, '预付费', 13100006693);
insert into T_TERMINALINFO (TERMINAL_ID,TTYPE_ID,SIM_ID,TERMINAL_CODE,ORG_CODE,IS_VIDEO_TERMINAL,SP_SERVER_NAME,PROTOCOL_TYPE,CHANNELS,YT_PROTOCOL_TYPE) values(260694, 4, 26694, '1006693', 'B0000804',1,'1076测试服务器','4',8,'0');
insert into V_VEHICLEINFO (ORG_CODE,VEHICLE_ID,ID_NUMBER,TYPE_ID,TERMINAL_ID,DELETE_FLAG,COLOR_ID_NUMBER_ID,AUTHORIZED_PAY_MASS) values ('B0000804','2600694', '测B06693', 4, 260694, 0, '2',15);

insert into T_SIMINFO (SIM_ID, ORG_CODE, DEPTCODE, STATE,PAY_MODLE, SIM_NUM) values(26695, 'B0000804', '中国移动', 1, '预付费', 13100006694);
insert into T_TERMINALINFO (TERMINAL_ID,TTYPE_ID,SIM_ID,TERMINAL_CODE,ORG_CODE,IS_VIDEO_TERMINAL,SP_SERVER_NAME,PROTOCOL_TYPE,CHANNELS,YT_PROTOCOL_TYPE) values(260695, 4, 26695, '1006694', 'B0000804',1,'1076测试服务器','4',8,'0');
insert into V_VEHICLEINFO (ORG_CODE,VEHICLE_ID,ID_NUMBER,TYPE_ID,TERMINAL_ID,DELETE_FLAG,COLOR_ID_NUMBER_ID,AUTHORIZED_PAY_MASS) values ('B0000804','2600695', '测B06694', 4, 260695, 0, '2',15);

insert into T_SIMINFO (SIM_ID, ORG_CODE, DEPTCODE, STATE,PAY_MODLE, SIM_NUM) values(26696, 'B0000804', '中国移动', 1, '预付费', 13100006695);
insert into T_TERMINALINFO (TERMINAL_ID,TTYPE_ID,SIM_ID,TERMINAL_CODE,ORG_CODE,IS_VIDEO_TERMINAL,SP_SERVER_NAME,PROTOCOL_TYPE,CHANNELS,YT_PROTOCOL_TYPE) values(260696, 4, 26696, '1006695', 'B0000804',1,'1076测试服务器','4',8,'0');
insert into V_VEHICLEINFO (ORG_CODE,VEHICLE_ID,ID_NUMBER,TYPE_ID,TERMINAL_ID,DELETE_FLAG,COLOR_ID_NUMBER_ID,AUTHORIZED_PAY_MASS) values ('B0000804','2600696', '测B06695', 4, 260696, 0, '2',15);

insert into T_SIMINFO (SIM_ID, ORG_CODE, DEPTCODE, STATE,PAY_MODLE, SIM_NUM) values(26697, 'B0000804', '中国移动', 1, '预付费', 13100006696);
insert into T_TERMINALINFO (TERMINAL_ID,TTYPE_ID,SIM_ID,TERMINAL_CODE,ORG_CODE,IS_VIDEO_TERMINAL,SP_SERVER_NAME,PROTOCOL_TYPE,CHANNELS,YT_PROTOCOL_TYPE) values(260697, 4, 26697, '1006696', 'B0000804',1,'1076测试服务器','4',8,'0');
insert into V_VEHICLEINFO (ORG_CODE,VEHICLE_ID,ID_NUMBER,TYPE_ID,TERMINAL_ID,DELETE_FLAG,COLOR_ID_NUMBER_ID,AUTHORIZED_PAY_MASS) values ('B0000804','2600697', '测B06696', 4, 260697, 0, '2',15);

insert into T_SIMINFO (SIM_ID, ORG_CODE, DEPTCODE, STATE,PAY_MODLE, SIM_NUM) values(26698, 'B0000804', '中国移动', 1, '预付费', 13100006697);
insert into T_TERMINALINFO (TERMINAL_ID,TTYPE_ID,SIM_ID,TERMINAL_CODE,ORG_CODE,IS_VIDEO_TERMINAL,SP_SERVER_NAME,PROTOCOL_TYPE,CHANNELS,YT_PROTOCOL_TYPE) values(260698, 4, 26698, '1006697', 'B0000804',1,'1076测试服务器','4',8,'0');
insert into V_VEHICLEINFO (ORG_CODE,VEHICLE_ID,ID_NUMBER,TYPE_ID,TERMINAL_ID,DELETE_FLAG,COLOR_ID_NUMBER_ID,AUTHORIZED_PAY_MASS) values ('B0000804','2600698', '测B06697', 4, 260698, 0, '2',15);

insert into T_SIMINFO (SIM_ID, ORG_CODE, DEPTCODE, STATE,PAY_MODLE, SIM_NUM) values(26699, 'B0000804', '中国移动', 1, '预付费', 13100006698);
insert into T_TERMINALINFO (TERMINAL_ID,TTYPE_ID,SIM_ID,TERMINAL_CODE,ORG_CODE,IS_VIDEO_TERMINAL,SP_SERVER_NAME,PROTOCOL_TYPE,CHANNELS,YT_PROTOCOL_TYPE) values(260699, 4, 26699, '1006698', 'B0000804',1,'1076测试服务器','4',8,'0');
insert into V_VEHICLEINFO (ORG_CODE,VEHICLE_ID,ID_NUMBER,TYPE_ID,TERMINAL_ID,DELETE_FLAG,COLOR_ID_NUMBER_ID,AUTHORIZED_PAY_MASS) values ('B0000804','2600699', '测B06698', 4, 260699, 0, '2',15);

insert into T_SIMINFO (SIM_ID, ORG_CODE, DEPTCODE, STATE,PAY_MODLE, SIM_NUM) values(26700, 'B0000804', '中国移动', 1, '预付费', 13100006699);
insert into T_TERMINALINFO (TERMINAL_ID,TTYPE_ID,SIM_ID,TERMINAL_CODE,ORG_CODE,IS_VIDEO_TERMINAL,SP_SERVER_NAME,PROTOCOL_TYPE,CHANNELS,YT_PROTOCOL_TYPE) values(260700, 4, 26700, '1006699', 'B0000804',1,'1076测试服务器','4',8,'0');
insert into V_VEHICLEINFO (ORG_CODE,VEHICLE_ID,ID_NUMBER,TYPE_ID,TERMINAL_ID,DELETE_FLAG,COLOR_ID_NUMBER_ID,AUTHORIZED_PAY_MASS) values ('B0000804','2600700', '测B06699', 4, 260700, 0, '2',15);

insert into T_SIMINFO (SIM_ID, ORG_CODE, DEPTCODE, STATE,PAY_MODLE, SIM_NUM) values(26701, 'B0000804', '中国移动', 1, '预付费', 13100006700);
insert into T_TERMINALINFO (TERMINAL_ID,TTYPE_ID,SIM_ID,TERMINAL_CODE,ORG_CODE,IS_VIDEO_TERMINAL,SP_SERVER_NAME,PROTOCOL_TYPE,CHANNELS,YT_PROTOCOL_TYPE) values(260701, 4, 26701, '1006700', 'B0000804',1,'1076测试服务器','4',8,'0');
insert into V_VEHICLEINFO (ORG_CODE,VEHICLE_ID,ID_NUMBER,TYPE_ID,TERMINAL_ID,DELETE_FLAG,COLOR_ID_NUMBER_ID,AUTHORIZED_PAY_MASS) values ('B0000804','2600701', '测B06700', 4, 260701, 0, '2',15);

insert into T_SIMINFO (SIM_ID, ORG_CODE, DEPTCODE, STATE,PAY_MODLE, SIM_NUM) values(26702, 'B0000804', '中国移动', 1, '预付费', 13100006701);
insert into T_TERMINALINFO (TERMINAL_ID,TTYPE_ID,SIM_ID,TERMINAL_CODE,ORG_CODE,IS_VIDEO_TERMINAL,SP_SERVER_NAME,PROTOCOL_TYPE,CHANNELS,YT_PROTOCOL_TYPE) values(260702, 4, 26702, '1006701', 'B0000804',1,'1076测试服务器','4',8,'0');
insert into V_VEHICLEINFO (ORG_CODE,VEHICLE_ID,ID_NUMBER,TYPE_ID,TERMINAL_ID,DELETE_FLAG,COLOR_ID_NUMBER_ID,AUTHORIZED_PAY_MASS) values ('B0000804','2600702', '测B06701', 4, 260702, 0, '2',15);

insert into T_SIMINFO (SIM_ID, ORG_CODE, DEPTCODE, STATE,PAY_MODLE, SIM_NUM) values(26703, 'B0000804', '中国移动', 1, '预付费', 13100006702);
insert into T_TERMINALINFO (TERMINAL_ID,TTYPE_ID,SIM_ID,TERMINAL_CODE,ORG_CODE,IS_VIDEO_TERMINAL,SP_SERVER_NAME,PROTOCOL_TYPE,CHANNELS,YT_PROTOCOL_TYPE) values(260703, 4, 26703, '1006702', 'B0000804',1,'1076测试服务器','4',8,'0');
insert into V_VEHICLEINFO (ORG_CODE,VEHICLE_ID,ID_NUMBER,TYPE_ID,TERMINAL_ID,DELETE_FLAG,COLOR_ID_NUMBER_ID,AUTHORIZED_PAY_MASS) values ('B0000804','2600703', '测B06702', 4, 260703, 0, '2',15);

insert into T_SIMINFO (SIM_ID, ORG_CODE, DEPTCODE, STATE,PAY_MODLE, SIM_NUM) values(26704, 'B0000804', '中国移动', 1, '预付费', 13100006703);
insert into T_TERMINALINFO (TERMINAL_ID,TTYPE_ID,SIM_ID,TERMINAL_CODE,ORG_CODE,IS_VIDEO_TERMINAL,SP_SERVER_NAME,PROTOCOL_TYPE,CHANNELS,YT_PROTOCOL_TYPE) values(260704, 4, 26704, '1006703', 'B0000804',1,'1076测试服务器','4',8,'0');
insert into V_VEHICLEINFO (ORG_CODE,VEHICLE_ID,ID_NUMBER,TYPE_ID,TERMINAL_ID,DELETE_FLAG,COLOR_ID_NUMBER_ID,AUTHORIZED_PAY_MASS) values ('B0000804','2600704', '测B06703', 4, 260704, 0, '2',15);

insert into T_SIMINFO (SIM_ID, ORG_CODE, DEPTCODE, STATE,PAY_MODLE, SIM_NUM) values(26705, 'B0000804', '中国移动', 1, '预付费', 13100006704);
insert into T_TERMINALINFO (TERMINAL_ID,TTYPE_ID,SIM_ID,TERMINAL_CODE,ORG_CODE,IS_VIDEO_TERMINAL,SP_SERVER_NAME,PROTOCOL_TYPE,CHANNELS,YT_PROTOCOL_TYPE) values(260705, 4, 26705, '1006704', 'B0000804',1,'1076测试服务器','4',8,'0');
insert into V_VEHICLEINFO (ORG_CODE,VEHICLE_ID,ID_NUMBER,TYPE_ID,TERMINAL_ID,DELETE_FLAG,COLOR_ID_NUMBER_ID,AUTHORIZED_PAY_MASS) values ('B0000804','2600705', '测B06704', 4, 260705, 0, '2',15);

insert into T_SIMINFO (SIM_ID, ORG_CODE, DEPTCODE, STATE,PAY_MODLE, SIM_NUM) values(26706, 'B0000804', '中国移动', 1, '预付费', 13100006705);
insert into T_TERMINALINFO (TERMINAL_ID,TTYPE_ID,SIM_ID,TERMINAL_CODE,ORG_CODE,IS_VIDEO_TERMINAL,SP_SERVER_NAME,PROTOCOL_TYPE,CHANNELS,YT_PROTOCOL_TYPE) values(260706, 4, 26706, '1006705', 'B0000804',1,'1076测试服务器','4',8,'0');
insert into V_VEHICLEINFO (ORG_CODE,VEHICLE_ID,ID_NUMBER,TYPE_ID,TERMINAL_ID,DELETE_FLAG,COLOR_ID_NUMBER_ID,AUTHORIZED_PAY_MASS) values ('B0000804','2600706', '测B06705', 4, 260706, 0, '2',15);

insert into T_SIMINFO (SIM_ID, ORG_CODE, DEPTCODE, STATE,PAY_MODLE, SIM_NUM) values(26707, 'B0000804', '中国移动', 1, '预付费', 13100006706);
insert into T_TERMINALINFO (TERMINAL_ID,TTYPE_ID,SIM_ID,TERMINAL_CODE,ORG_CODE,IS_VIDEO_TERMINAL,SP_SERVER_NAME,PROTOCOL_TYPE,CHANNELS,YT_PROTOCOL_TYPE) values(260707, 4, 26707, '1006706', 'B0000804',1,'1076测试服务器','4',8,'0');
insert into V_VEHICLEINFO (ORG_CODE,VEHICLE_ID,ID_NUMBER,TYPE_ID,TERMINAL_ID,DELETE_FLAG,COLOR_ID_NUMBER_ID,AUTHORIZED_PAY_MASS) values ('B0000804','2600707', '测B06706', 4, 260707, 0, '2',15);

insert into T_SIMINFO (SIM_ID, ORG_CODE, DEPTCODE, STATE,PAY_MODLE, SIM_NUM) values(26708, 'B0000804', '中国移动', 1, '预付费', 13100006707);
insert into T_TERMINALINFO (TERMINAL_ID,TTYPE_ID,SIM_ID,TERMINAL_CODE,ORG_CODE,IS_VIDEO_TERMINAL,SP_SERVER_NAME,PROTOCOL_TYPE,CHANNELS,YT_PROTOCOL_TYPE) values(260708, 4, 26708, '1006707', 'B0000804',1,'1076测试服务器','4',8,'0');
insert into V_VEHICLEINFO (ORG_CODE,VEHICLE_ID,ID_NUMBER,TYPE_ID,TERMINAL_ID,DELETE_FLAG,COLOR_ID_NUMBER_ID,AUTHORIZED_PAY_MASS) values ('B0000804','2600708', '测B06707', 4, 260708, 0, '2',15);

insert into T_SIMINFO (SIM_ID, ORG_CODE, DEPTCODE, STATE,PAY_MODLE, SIM_NUM) values(26709, 'B0000804', '中国移动', 1, '预付费', 13100006708);
insert into T_TERMINALINFO (TERMINAL_ID,TTYPE_ID,SIM_ID,TERMINAL_CODE,ORG_CODE,IS_VIDEO_TERMINAL,SP_SERVER_NAME,PROTOCOL_TYPE,CHANNELS,YT_PROTOCOL_TYPE) values(260709, 4, 26709, '1006708', 'B0000804',1,'1076测试服务器','4',8,'0');
insert into V_VEHICLEINFO (ORG_CODE,VEHICLE_ID,ID_NUMBER,TYPE_ID,TERMINAL_ID,DELETE_FLAG,COLOR_ID_NUMBER_ID,AUTHORIZED_PAY_MASS) values ('B0000804','2600709', '测B06708', 4, 260709, 0, '2',15);

insert into T_SIMINFO (SIM_ID, ORG_CODE, DEPTCODE, STATE,PAY_MODLE, SIM_NUM) values(26710, 'B0000804', '中国移动', 1, '预付费', 13100006709);
insert into T_TERMINALINFO (TERMINAL_ID,TTYPE_ID,SIM_ID,TERMINAL_CODE,ORG_CODE,IS_VIDEO_TERMINAL,SP_SERVER_NAME,PROTOCOL_TYPE,CHANNELS,YT_PROTOCOL_TYPE) values(260710, 4, 26710, '1006709', 'B0000804',1,'1076测试服务器','4',8,'0');
insert into V_VEHICLEINFO (ORG_CODE,VEHICLE_ID,ID_NUMBER,TYPE_ID,TERMINAL_ID,DELETE_FLAG,COLOR_ID_NUMBER_ID,AUTHORIZED_PAY_MASS) values ('B0000804','2600710', '测B06709', 4, 260710, 0, '2',15);

insert into T_SIMINFO (SIM_ID, ORG_CODE, DEPTCODE, STATE,PAY_MODLE, SIM_NUM) values(26711, 'B0000804', '中国移动', 1, '预付费', 13100006710);
insert into T_TERMINALINFO (TERMINAL_ID,TTYPE_ID,SIM_ID,TERMINAL_CODE,ORG_CODE,IS_VIDEO_TERMINAL,SP_SERVER_NAME,PROTOCOL_TYPE,CHANNELS,YT_PROTOCOL_TYPE) values(260711, 4, 26711, '1006710', 'B0000804',1,'1076测试服务器','4',8,'0');
insert into V_VEHICLEINFO (ORG_CODE,VEHICLE_ID,ID_NUMBER,TYPE_ID,TERMINAL_ID,DELETE_FLAG,COLOR_ID_NUMBER_ID,AUTHORIZED_PAY_MASS) values ('B0000804','2600711', '测B06710', 4, 260711, 0, '2',15);

insert into T_SIMINFO (SIM_ID, ORG_CODE, DEPTCODE, STATE,PAY_MODLE, SIM_NUM) values(26712, 'B0000804', '中国移动', 1, '预付费', 13100006711);
insert into T_TERMINALINFO (TERMINAL_ID,TTYPE_ID,SIM_ID,TERMINAL_CODE,ORG_CODE,IS_VIDEO_TERMINAL,SP_SERVER_NAME,PROTOCOL_TYPE,CHANNELS,YT_PROTOCOL_TYPE) values(260712, 4, 26712, '1006711', 'B0000804',1,'1076测试服务器','4',8,'0');
insert into V_VEHICLEINFO (ORG_CODE,VEHICLE_ID,ID_NUMBER,TYPE_ID,TERMINAL_ID,DELETE_FLAG,COLOR_ID_NUMBER_ID,AUTHORIZED_PAY_MASS) values ('B0000804','2600712', '测B06711', 4, 260712, 0, '2',15);

insert into T_SIMINFO (SIM_ID, ORG_CODE, DEPTCODE, STATE,PAY_MODLE, SIM_NUM) values(26713, 'B0000804', '中国移动', 1, '预付费', 13100006712);
insert into T_TERMINALINFO (TERMINAL_ID,TTYPE_ID,SIM_ID,TERMINAL_CODE,ORG_CODE,IS_VIDEO_TERMINAL,SP_SERVER_NAME,PROTOCOL_TYPE,CHANNELS,YT_PROTOCOL_TYPE) values(260713, 4, 26713, '1006712', 'B0000804',1,'1076测试服务器','4',8,'0');
insert into V_VEHICLEINFO (ORG_CODE,VEHICLE_ID,ID_NUMBER,TYPE_ID,TERMINAL_ID,DELETE_FLAG,COLOR_ID_NUMBER_ID,AUTHORIZED_PAY_MASS) values ('B0000804','2600713', '测B06712', 4, 260713, 0, '2',15);

insert into T_SIMINFO (SIM_ID, ORG_CODE, DEPTCODE, STATE,PAY_MODLE, SIM_NUM) values(26714, 'B0000804', '中国移动', 1, '预付费', 13100006713);
insert into T_TERMINALINFO (TERMINAL_ID,TTYPE_ID,SIM_ID,TERMINAL_CODE,ORG_CODE,IS_VIDEO_TERMINAL,SP_SERVER_NAME,PROTOCOL_TYPE,CHANNELS,YT_PROTOCOL_TYPE) values(260714, 4, 26714, '1006713', 'B0000804',1,'1076测试服务器','4',8,'0');
insert into V_VEHICLEINFO (ORG_CODE,VEHICLE_ID,ID_NUMBER,TYPE_ID,TERMINAL_ID,DELETE_FLAG,COLOR_ID_NUMBER_ID,AUTHORIZED_PAY_MASS) values ('B0000804','2600714', '测B06713', 4, 260714, 0, '2',15);

insert into T_SIMINFO (SIM_ID, ORG_CODE, DEPTCODE, STATE,PAY_MODLE, SIM_NUM) values(26715, 'B0000804', '中国移动', 1, '预付费', 13100006714);
insert into T_TERMINALINFO (TERMINAL_ID,TTYPE_ID,SIM_ID,TERMINAL_CODE,ORG_CODE,IS_VIDEO_TERMINAL,SP_SERVER_NAME,PROTOCOL_TYPE,CHANNELS,YT_PROTOCOL_TYPE) values(260715, 4, 26715, '1006714', 'B0000804',1,'1076测试服务器','4',8,'0');
insert into V_VEHICLEINFO (ORG_CODE,VEHICLE_ID,ID_NUMBER,TYPE_ID,TERMINAL_ID,DELETE_FLAG,COLOR_ID_NUMBER_ID,AUTHORIZED_PAY_MASS) values ('B0000804','2600715', '测B06714', 4, 260715, 0, '2',15);

insert into T_SIMINFO (SIM_ID, ORG_CODE, DEPTCODE, STATE,PAY_MODLE, SIM_NUM) values(26716, 'B0000804', '中国移动', 1, '预付费', 13100006715);
insert into T_TERMINALINFO (TERMINAL_ID,TTYPE_ID,SIM_ID,TERMINAL_CODE,ORG_CODE,IS_VIDEO_TERMINAL,SP_SERVER_NAME,PROTOCOL_TYPE,CHANNELS,YT_PROTOCOL_TYPE) values(260716, 4, 26716, '1006715', 'B0000804',1,'1076测试服务器','4',8,'0');
insert into V_VEHICLEINFO (ORG_CODE,VEHICLE_ID,ID_NUMBER,TYPE_ID,TERMINAL_ID,DELETE_FLAG,COLOR_ID_NUMBER_ID,AUTHORIZED_PAY_MASS) values ('B0000804','2600716', '测B06715', 4, 260716, 0, '2',15);

insert into T_SIMINFO (SIM_ID, ORG_CODE, DEPTCODE, STATE,PAY_MODLE, SIM_NUM) values(26717, 'B0000804', '中国移动', 1, '预付费', 13100006716);
insert into T_TERMINALINFO (TERMINAL_ID,TTYPE_ID,SIM_ID,TERMINAL_CODE,ORG_CODE,IS_VIDEO_TERMINAL,SP_SERVER_NAME,PROTOCOL_TYPE,CHANNELS,YT_PROTOCOL_TYPE) values(260717, 4, 26717, '1006716', 'B0000804',1,'1076测试服务器','4',8,'0');
insert into V_VEHICLEINFO (ORG_CODE,VEHICLE_ID,ID_NUMBER,TYPE_ID,TERMINAL_ID,DELETE_FLAG,COLOR_ID_NUMBER_ID,AUTHORIZED_PAY_MASS) values ('B0000804','2600717', '测B06716', 4, 260717, 0, '2',15);

insert into T_SIMINFO (SIM_ID, ORG_CODE, DEPTCODE, STATE,PAY_MODLE, SIM_NUM) values(26718, 'B0000804', '中国移动', 1, '预付费', 13100006717);
insert into T_TERMINALINFO (TERMINAL_ID,TTYPE_ID,SIM_ID,TERMINAL_CODE,ORG_CODE,IS_VIDEO_TERMINAL,SP_SERVER_NAME,PROTOCOL_TYPE,CHANNELS,YT_PROTOCOL_TYPE) values(260718, 4, 26718, '1006717', 'B0000804',1,'1076测试服务器','4',8,'0');
insert into V_VEHICLEINFO (ORG_CODE,VEHICLE_ID,ID_NUMBER,TYPE_ID,TERMINAL_ID,DELETE_FLAG,COLOR_ID_NUMBER_ID,AUTHORIZED_PAY_MASS) values ('B0000804','2600718', '测B06717', 4, 260718, 0, '2',15);

insert into T_SIMINFO (SIM_ID, ORG_CODE, DEPTCODE, STATE,PAY_MODLE, SIM_NUM) values(26719, 'B0000804', '中国移动', 1, '预付费', 13100006718);
insert into T_TERMINALINFO (TERMINAL_ID,TTYPE_ID,SIM_ID,TERMINAL_CODE,ORG_CODE,IS_VIDEO_TERMINAL,SP_SERVER_NAME,PROTOCOL_TYPE,CHANNELS,YT_PROTOCOL_TYPE) values(260719, 4, 26719, '1006718', 'B0000804',1,'1076测试服务器','4',8,'0');
insert into V_VEHICLEINFO (ORG_CODE,VEHICLE_ID,ID_NUMBER,TYPE_ID,TERMINAL_ID,DELETE_FLAG,COLOR_ID_NUMBER_ID,AUTHORIZED_PAY_MASS) values ('B0000804','2600719', '测B06718', 4, 260719, 0, '2',15);

insert into T_SIMINFO (SIM_ID, ORG_CODE, DEPTCODE, STATE,PAY_MODLE, SIM_NUM) values(26720, 'B0000804', '中国移动', 1, '预付费', 13100006719);
insert into T_TERMINALINFO (TERMINAL_ID,TTYPE_ID,SIM_ID,TERMINAL_CODE,ORG_CODE,IS_VIDEO_TERMINAL,SP_SERVER_NAME,PROTOCOL_TYPE,CHANNELS,YT_PROTOCOL_TYPE) values(260720, 4, 26720, '1006719', 'B0000804',1,'1076测试服务器','4',8,'0');
insert into V_VEHICLEINFO (ORG_CODE,VEHICLE_ID,ID_NUMBER,TYPE_ID,TERMINAL_ID,DELETE_FLAG,COLOR_ID_NUMBER_ID,AUTHORIZED_PAY_MASS) values ('B0000804','2600720', '测B06719', 4, 260720, 0, '2',15);

insert into T_SIMINFO (SIM_ID, ORG_CODE, DEPTCODE, STATE,PAY_MODLE, SIM_NUM) values(26721, 'B0000804', '中国移动', 1, '预付费', 13100006720);
insert into T_TERMINALINFO (TERMINAL_ID,TTYPE_ID,SIM_ID,TERMINAL_CODE,ORG_CODE,IS_VIDEO_TERMINAL,SP_SERVER_NAME,PROTOCOL_TYPE,CHANNELS,YT_PROTOCOL_TYPE) values(260721, 4, 26721, '1006720', 'B0000804',1,'1076测试服务器','4',8,'0');
insert into V_VEHICLEINFO (ORG_CODE,VEHICLE_ID,ID_NUMBER,TYPE_ID,TERMINAL_ID,DELETE_FLAG,COLOR_ID_NUMBER_ID,AUTHORIZED_PAY_MASS) values ('B0000804','2600721', '测B06720', 4, 260721, 0, '2',15);

insert into T_SIMINFO (SIM_ID, ORG_CODE, DEPTCODE, STATE,PAY_MODLE, SIM_NUM) values(26722, 'B0000804', '中国移动', 1, '预付费', 13100006721);
insert into T_TERMINALINFO (TERMINAL_ID,TTYPE_ID,SIM_ID,TERMINAL_CODE,ORG_CODE,IS_VIDEO_TERMINAL,SP_SERVER_NAME,PROTOCOL_TYPE,CHANNELS,YT_PROTOCOL_TYPE) values(260722, 4, 26722, '1006721', 'B0000804',1,'1076测试服务器','4',8,'0');
insert into V_VEHICLEINFO (ORG_CODE,VEHICLE_ID,ID_NUMBER,TYPE_ID,TERMINAL_ID,DELETE_FLAG,COLOR_ID_NUMBER_ID,AUTHORIZED_PAY_MASS) values ('B0000804','2600722', '测B06721', 4, 260722, 0, '2',15);

insert into T_SIMINFO (SIM_ID, ORG_CODE, DEPTCODE, STATE,PAY_MODLE, SIM_NUM) values(26723, 'B0000804', '中国移动', 1, '预付费', 13100006722);
insert into T_TERMINALINFO (TERMINAL_ID,TTYPE_ID,SIM_ID,TERMINAL_CODE,ORG_CODE,IS_VIDEO_TERMINAL,SP_SERVER_NAME,PROTOCOL_TYPE,CHANNELS,YT_PROTOCOL_TYPE) values(260723, 4, 26723, '1006722', 'B0000804',1,'1076测试服务器','4',8,'0');
insert into V_VEHICLEINFO (ORG_CODE,VEHICLE_ID,ID_NUMBER,TYPE_ID,TERMINAL_ID,DELETE_FLAG,COLOR_ID_NUMBER_ID,AUTHORIZED_PAY_MASS) values ('B0000804','2600723', '测B06722', 4, 260723, 0, '2',15);

insert into T_SIMINFO (SIM_ID, ORG_CODE, DEPTCODE, STATE,PAY_MODLE, SIM_NUM) values(26724, 'B0000804', '中国移动', 1, '预付费', 13100006723);
insert into T_TERMINALINFO (TERMINAL_ID,TTYPE_ID,SIM_ID,TERMINAL_CODE,ORG_CODE,IS_VIDEO_TERMINAL,SP_SERVER_NAME,PROTOCOL_TYPE,CHANNELS,YT_PROTOCOL_TYPE) values(260724, 4, 26724, '1006723', 'B0000804',1,'1076测试服务器','4',8,'0');
insert into V_VEHICLEINFO (ORG_CODE,VEHICLE_ID,ID_NUMBER,TYPE_ID,TERMINAL_ID,DELETE_FLAG,COLOR_ID_NUMBER_ID,AUTHORIZED_PAY_MASS) values ('B0000804','2600724', '测B06723', 4, 260724, 0, '2',15);

insert into T_SIMINFO (SIM_ID, ORG_CODE, DEPTCODE, STATE,PAY_MODLE, SIM_NUM) values(26725, 'B0000804', '中国移动', 1, '预付费', 13100006724);
insert into T_TERMINALINFO (TERMINAL_ID,TTYPE_ID,SIM_ID,TERMINAL_CODE,ORG_CODE,IS_VIDEO_TERMINAL,SP_SERVER_NAME,PROTOCOL_TYPE,CHANNELS,YT_PROTOCOL_TYPE) values(260725, 4, 26725, '1006724', 'B0000804',1,'1076测试服务器','4',8,'0');
insert into V_VEHICLEINFO (ORG_CODE,VEHICLE_ID,ID_NUMBER,TYPE_ID,TERMINAL_ID,DELETE_FLAG,COLOR_ID_NUMBER_ID,AUTHORIZED_PAY_MASS) values ('B0000804','2600725', '测B06724', 4, 260725, 0, '2',15);

insert into T_SIMINFO (SIM_ID, ORG_CODE, DEPTCODE, STATE,PAY_MODLE, SIM_NUM) values(26726, 'B0000804', '中国移动', 1, '预付费', 13100006725);
insert into T_TERMINALINFO (TERMINAL_ID,TTYPE_ID,SIM_ID,TERMINAL_CODE,ORG_CODE,IS_VIDEO_TERMINAL,SP_SERVER_NAME,PROTOCOL_TYPE,CHANNELS,YT_PROTOCOL_TYPE) values(260726, 4, 26726, '1006725', 'B0000804',1,'1076测试服务器','4',8,'0');
insert into V_VEHICLEINFO (ORG_CODE,VEHICLE_ID,ID_NUMBER,TYPE_ID,TERMINAL_ID,DELETE_FLAG,COLOR_ID_NUMBER_ID,AUTHORIZED_PAY_MASS) values ('B0000804','2600726', '测B06725', 4, 260726, 0, '2',15);

insert into T_SIMINFO (SIM_ID, ORG_CODE, DEPTCODE, STATE,PAY_MODLE, SIM_NUM) values(26727, 'B0000804', '中国移动', 1, '预付费', 13100006726);
insert into T_TERMINALINFO (TERMINAL_ID,TTYPE_ID,SIM_ID,TERMINAL_CODE,ORG_CODE,IS_VIDEO_TERMINAL,SP_SERVER_NAME,PROTOCOL_TYPE,CHANNELS,YT_PROTOCOL_TYPE) values(260727, 4, 26727, '1006726', 'B0000804',1,'1076测试服务器','4',8,'0');
insert into V_VEHICLEINFO (ORG_CODE,VEHICLE_ID,ID_NUMBER,TYPE_ID,TERMINAL_ID,DELETE_FLAG,COLOR_ID_NUMBER_ID,AUTHORIZED_PAY_MASS) values ('B0000804','2600727', '测B06726', 4, 260727, 0, '2',15);

insert into T_SIMINFO (SIM_ID, ORG_CODE, DEPTCODE, STATE,PAY_MODLE, SIM_NUM) values(26728, 'B0000804', '中国移动', 1, '预付费', 13100006727);
insert into T_TERMINALINFO (TERMINAL_ID,TTYPE_ID,SIM_ID,TERMINAL_CODE,ORG_CODE,IS_VIDEO_TERMINAL,SP_SERVER_NAME,PROTOCOL_TYPE,CHANNELS,YT_PROTOCOL_TYPE) values(260728, 4, 26728, '1006727', 'B0000804',1,'1076测试服务器','4',8,'0');
insert into V_VEHICLEINFO (ORG_CODE,VEHICLE_ID,ID_NUMBER,TYPE_ID,TERMINAL_ID,DELETE_FLAG,COLOR_ID_NUMBER_ID,AUTHORIZED_PAY_MASS) values ('B0000804','2600728', '测B06727', 4, 260728, 0, '2',15);

insert into T_SIMINFO (SIM_ID, ORG_CODE, DEPTCODE, STATE,PAY_MODLE, SIM_NUM) values(26729, 'B0000804', '中国移动', 1, '预付费', 13100006728);
insert into T_TERMINALINFO (TERMINAL_ID,TTYPE_ID,SIM_ID,TERMINAL_CODE,ORG_CODE,IS_VIDEO_TERMINAL,SP_SERVER_NAME,PROTOCOL_TYPE,CHANNELS,YT_PROTOCOL_TYPE) values(260729, 4, 26729, '1006728', 'B0000804',1,'1076测试服务器','4',8,'0');
insert into V_VEHICLEINFO (ORG_CODE,VEHICLE_ID,ID_NUMBER,TYPE_ID,TERMINAL_ID,DELETE_FLAG,COLOR_ID_NUMBER_ID,AUTHORIZED_PAY_MASS) values ('B0000804','2600729', '测B06728', 4, 260729, 0, '2',15);

insert into T_SIMINFO (SIM_ID, ORG_CODE, DEPTCODE, STATE,PAY_MODLE, SIM_NUM) values(26730, 'B0000804', '中国移动', 1, '预付费', 13100006729);
insert into T_TERMINALINFO (TERMINAL_ID,TTYPE_ID,SIM_ID,TERMINAL_CODE,ORG_CODE,IS_VIDEO_TERMINAL,SP_SERVER_NAME,PROTOCOL_TYPE,CHANNELS,YT_PROTOCOL_TYPE) values(260730, 4, 26730, '1006729', 'B0000804',1,'1076测试服务器','4',8,'0');
insert into V_VEHICLEINFO (ORG_CODE,VEHICLE_ID,ID_NUMBER,TYPE_ID,TERMINAL_ID,DELETE_FLAG,COLOR_ID_NUMBER_ID,AUTHORIZED_PAY_MASS) values ('B0000804','2600730', '测B06729', 4, 260730, 0, '2',15);

insert into T_SIMINFO (SIM_ID, ORG_CODE, DEPTCODE, STATE,PAY_MODLE, SIM_NUM) values(26731, 'B0000804', '中国移动', 1, '预付费', 13100006730);
insert into T_TERMINALINFO (TERMINAL_ID,TTYPE_ID,SIM_ID,TERMINAL_CODE,ORG_CODE,IS_VIDEO_TERMINAL,SP_SERVER_NAME,PROTOCOL_TYPE,CHANNELS,YT_PROTOCOL_TYPE) values(260731, 4, 26731, '1006730', 'B0000804',1,'1076测试服务器','4',8,'0');
insert into V_VEHICLEINFO (ORG_CODE,VEHICLE_ID,ID_NUMBER,TYPE_ID,TERMINAL_ID,DELETE_FLAG,COLOR_ID_NUMBER_ID,AUTHORIZED_PAY_MASS) values ('B0000804','2600731', '测B06730', 4, 260731, 0, '2',15);

insert into T_SIMINFO (SIM_ID, ORG_CODE, DEPTCODE, STATE,PAY_MODLE, SIM_NUM) values(26732, 'B0000804', '中国移动', 1, '预付费', 13100006731);
insert into T_TERMINALINFO (TERMINAL_ID,TTYPE_ID,SIM_ID,TERMINAL_CODE,ORG_CODE,IS_VIDEO_TERMINAL,SP_SERVER_NAME,PROTOCOL_TYPE,CHANNELS,YT_PROTOCOL_TYPE) values(260732, 4, 26732, '1006731', 'B0000804',1,'1076测试服务器','4',8,'0');
insert into V_VEHICLEINFO (ORG_CODE,VEHICLE_ID,ID_NUMBER,TYPE_ID,TERMINAL_ID,DELETE_FLAG,COLOR_ID_NUMBER_ID,AUTHORIZED_PAY_MASS) values ('B0000804','2600732', '测B06731', 4, 260732, 0, '2',15);

insert into T_SIMINFO (SIM_ID, ORG_CODE, DEPTCODE, STATE,PAY_MODLE, SIM_NUM) values(26733, 'B0000804', '中国移动', 1, '预付费', 13100006732);
insert into T_TERMINALINFO (TERMINAL_ID,TTYPE_ID,SIM_ID,TERMINAL_CODE,ORG_CODE,IS_VIDEO_TERMINAL,SP_SERVER_NAME,PROTOCOL_TYPE,CHANNELS,YT_PROTOCOL_TYPE) values(260733, 4, 26733, '1006732', 'B0000804',1,'1076测试服务器','4',8,'0');
insert into V_VEHICLEINFO (ORG_CODE,VEHICLE_ID,ID_NUMBER,TYPE_ID,TERMINAL_ID,DELETE_FLAG,COLOR_ID_NUMBER_ID,AUTHORIZED_PAY_MASS) values ('B0000804','2600733', '测B06732', 4, 260733, 0, '2',15);

insert into T_SIMINFO (SIM_ID, ORG_CODE, DEPTCODE, STATE,PAY_MODLE, SIM_NUM) values(26734, 'B0000804', '中国移动', 1, '预付费', 13100006733);
insert into T_TERMINALINFO (TERMINAL_ID,TTYPE_ID,SIM_ID,TERMINAL_CODE,ORG_CODE,IS_VIDEO_TERMINAL,SP_SERVER_NAME,PROTOCOL_TYPE,CHANNELS,YT_PROTOCOL_TYPE) values(260734, 4, 26734, '1006733', 'B0000804',1,'1076测试服务器','4',8,'0');
insert into V_VEHICLEINFO (ORG_CODE,VEHICLE_ID,ID_NUMBER,TYPE_ID,TERMINAL_ID,DELETE_FLAG,COLOR_ID_NUMBER_ID,AUTHORIZED_PAY_MASS) values ('B0000804','2600734', '测B06733', 4, 260734, 0, '2',15);

insert into T_SIMINFO (SIM_ID, ORG_CODE, DEPTCODE, STATE,PAY_MODLE, SIM_NUM) values(26735, 'B0000804', '中国移动', 1, '预付费', 13100006734);
insert into T_TERMINALINFO (TERMINAL_ID,TTYPE_ID,SIM_ID,TERMINAL_CODE,ORG_CODE,IS_VIDEO_TERMINAL,SP_SERVER_NAME,PROTOCOL_TYPE,CHANNELS,YT_PROTOCOL_TYPE) values(260735, 4, 26735, '1006734', 'B0000804',1,'1076测试服务器','4',8,'0');
insert into V_VEHICLEINFO (ORG_CODE,VEHICLE_ID,ID_NUMBER,TYPE_ID,TERMINAL_ID,DELETE_FLAG,COLOR_ID_NUMBER_ID,AUTHORIZED_PAY_MASS) values ('B0000804','2600735', '测B06734', 4, 260735, 0, '2',15);

insert into T_SIMINFO (SIM_ID, ORG_CODE, DEPTCODE, STATE,PAY_MODLE, SIM_NUM) values(26736, 'B0000804', '中国移动', 1, '预付费', 13100006735);
insert into T_TERMINALINFO (TERMINAL_ID,TTYPE_ID,SIM_ID,TERMINAL_CODE,ORG_CODE,IS_VIDEO_TERMINAL,SP_SERVER_NAME,PROTOCOL_TYPE,CHANNELS,YT_PROTOCOL_TYPE) values(260736, 4, 26736, '1006735', 'B0000804',1,'1076测试服务器','4',8,'0');
insert into V_VEHICLEINFO (ORG_CODE,VEHICLE_ID,ID_NUMBER,TYPE_ID,TERMINAL_ID,DELETE_FLAG,COLOR_ID_NUMBER_ID,AUTHORIZED_PAY_MASS) values ('B0000804','2600736', '测B06735', 4, 260736, 0, '2',15);

insert into T_SIMINFO (SIM_ID, ORG_CODE, DEPTCODE, STATE,PAY_MODLE, SIM_NUM) values(26737, 'B0000804', '中国移动', 1, '预付费', 13100006736);
insert into T_TERMINALINFO (TERMINAL_ID,TTYPE_ID,SIM_ID,TERMINAL_CODE,ORG_CODE,IS_VIDEO_TERMINAL,SP_SERVER_NAME,PROTOCOL_TYPE,CHANNELS,YT_PROTOCOL_TYPE) values(260737, 4, 26737, '1006736', 'B0000804',1,'1076测试服务器','4',8,'0');
insert into V_VEHICLEINFO (ORG_CODE,VEHICLE_ID,ID_NUMBER,TYPE_ID,TERMINAL_ID,DELETE_FLAG,COLOR_ID_NUMBER_ID,AUTHORIZED_PAY_MASS) values ('B0000804','2600737', '测B06736', 4, 260737, 0, '2',15);

insert into T_SIMINFO (SIM_ID, ORG_CODE, DEPTCODE, STATE,PAY_MODLE, SIM_NUM) values(26738, 'B0000804', '中国移动', 1, '预付费', 13100006737);
insert into T_TERMINALINFO (TERMINAL_ID,TTYPE_ID,SIM_ID,TERMINAL_CODE,ORG_CODE,IS_VIDEO_TERMINAL,SP_SERVER_NAME,PROTOCOL_TYPE,CHANNELS,YT_PROTOCOL_TYPE) values(260738, 4, 26738, '1006737', 'B0000804',1,'1076测试服务器','4',8,'0');
insert into V_VEHICLEINFO (ORG_CODE,VEHICLE_ID,ID_NUMBER,TYPE_ID,TERMINAL_ID,DELETE_FLAG,COLOR_ID_NUMBER_ID,AUTHORIZED_PAY_MASS) values ('B0000804','2600738', '测B06737', 4, 260738, 0, '2',15);

insert into T_SIMINFO (SIM_ID, ORG_CODE, DEPTCODE, STATE,PAY_MODLE, SIM_NUM) values(26739, 'B0000804', '中国移动', 1, '预付费', 13100006738);
insert into T_TERMINALINFO (TERMINAL_ID,TTYPE_ID,SIM_ID,TERMINAL_CODE,ORG_CODE,IS_VIDEO_TERMINAL,SP_SERVER_NAME,PROTOCOL_TYPE,CHANNELS,YT_PROTOCOL_TYPE) values(260739, 4, 26739, '1006738', 'B0000804',1,'1076测试服务器','4',8,'0');
insert into V_VEHICLEINFO (ORG_CODE,VEHICLE_ID,ID_NUMBER,TYPE_ID,TERMINAL_ID,DELETE_FLAG,COLOR_ID_NUMBER_ID,AUTHORIZED_PAY_MASS) values ('B0000804','2600739', '测B06738', 4, 260739, 0, '2',15);

insert into T_SIMINFO (SIM_ID, ORG_CODE, DEPTCODE, STATE,PAY_MODLE, SIM_NUM) values(26740, 'B0000804', '中国移动', 1, '预付费', 13100006739);
insert into T_TERMINALINFO (TERMINAL_ID,TTYPE_ID,SIM_ID,TERMINAL_CODE,ORG_CODE,IS_VIDEO_TERMINAL,SP_SERVER_NAME,PROTOCOL_TYPE,CHANNELS,YT_PROTOCOL_TYPE) values(260740, 4, 26740, '1006739', 'B0000804',1,'1076测试服务器','4',8,'0');
insert into V_VEHICLEINFO (ORG_CODE,VEHICLE_ID,ID_NUMBER,TYPE_ID,TERMINAL_ID,DELETE_FLAG,COLOR_ID_NUMBER_ID,AUTHORIZED_PAY_MASS) values ('B0000804','2600740', '测B06739', 4, 260740, 0, '2',15);

insert into T_SIMINFO (SIM_ID, ORG_CODE, DEPTCODE, STATE,PAY_MODLE, SIM_NUM) values(26741, 'B0000804', '中国移动', 1, '预付费', 13100006740);
insert into T_TERMINALINFO (TERMINAL_ID,TTYPE_ID,SIM_ID,TERMINAL_CODE,ORG_CODE,IS_VIDEO_TERMINAL,SP_SERVER_NAME,PROTOCOL_TYPE,CHANNELS,YT_PROTOCOL_TYPE) values(260741, 4, 26741, '1006740', 'B0000804',1,'1076测试服务器','4',8,'0');
insert into V_VEHICLEINFO (ORG_CODE,VEHICLE_ID,ID_NUMBER,TYPE_ID,TERMINAL_ID,DELETE_FLAG,COLOR_ID_NUMBER_ID,AUTHORIZED_PAY_MASS) values ('B0000804','2600741', '测B06740', 4, 260741, 0, '2',15);

insert into T_SIMINFO (SIM_ID, ORG_CODE, DEPTCODE, STATE,PAY_MODLE, SIM_NUM) values(26742, 'B0000804', '中国移动', 1, '预付费', 13100006741);
insert into T_TERMINALINFO (TERMINAL_ID,TTYPE_ID,SIM_ID,TERMINAL_CODE,ORG_CODE,IS_VIDEO_TERMINAL,SP_SERVER_NAME,PROTOCOL_TYPE,CHANNELS,YT_PROTOCOL_TYPE) values(260742, 4, 26742, '1006741', 'B0000804',1,'1076测试服务器','4',8,'0');
insert into V_VEHICLEINFO (ORG_CODE,VEHICLE_ID,ID_NUMBER,TYPE_ID,TERMINAL_ID,DELETE_FLAG,COLOR_ID_NUMBER_ID,AUTHORIZED_PAY_MASS) values ('B0000804','2600742', '测B06741', 4, 260742, 0, '2',15);

insert into T_SIMINFO (SIM_ID, ORG_CODE, DEPTCODE, STATE,PAY_MODLE, SIM_NUM) values(26743, 'B0000804', '中国移动', 1, '预付费', 13100006742);
insert into T_TERMINALINFO (TERMINAL_ID,TTYPE_ID,SIM_ID,TERMINAL_CODE,ORG_CODE,IS_VIDEO_TERMINAL,SP_SERVER_NAME,PROTOCOL_TYPE,CHANNELS,YT_PROTOCOL_TYPE) values(260743, 4, 26743, '1006742', 'B0000804',1,'1076测试服务器','4',8,'0');
insert into V_VEHICLEINFO (ORG_CODE,VEHICLE_ID,ID_NUMBER,TYPE_ID,TERMINAL_ID,DELETE_FLAG,COLOR_ID_NUMBER_ID,AUTHORIZED_PAY_MASS) values ('B0000804','2600743', '测B06742', 4, 260743, 0, '2',15);

insert into T_SIMINFO (SIM_ID, ORG_CODE, DEPTCODE, STATE,PAY_MODLE, SIM_NUM) values(26744, 'B0000804', '中国移动', 1, '预付费', 13100006743);
insert into T_TERMINALINFO (TERMINAL_ID,TTYPE_ID,SIM_ID,TERMINAL_CODE,ORG_CODE,IS_VIDEO_TERMINAL,SP_SERVER_NAME,PROTOCOL_TYPE,CHANNELS,YT_PROTOCOL_TYPE) values(260744, 4, 26744, '1006743', 'B0000804',1,'1076测试服务器','4',8,'0');
insert into V_VEHICLEINFO (ORG_CODE,VEHICLE_ID,ID_NUMBER,TYPE_ID,TERMINAL_ID,DELETE_FLAG,COLOR_ID_NUMBER_ID,AUTHORIZED_PAY_MASS) values ('B0000804','2600744', '测B06743', 4, 260744, 0, '2',15);

insert into T_SIMINFO (SIM_ID, ORG_CODE, DEPTCODE, STATE,PAY_MODLE, SIM_NUM) values(26745, 'B0000804', '中国移动', 1, '预付费', 13100006744);
insert into T_TERMINALINFO (TERMINAL_ID,TTYPE_ID,SIM_ID,TERMINAL_CODE,ORG_CODE,IS_VIDEO_TERMINAL,SP_SERVER_NAME,PROTOCOL_TYPE,CHANNELS,YT_PROTOCOL_TYPE) values(260745, 4, 26745, '1006744', 'B0000804',1,'1076测试服务器','4',8,'0');
insert into V_VEHICLEINFO (ORG_CODE,VEHICLE_ID,ID_NUMBER,TYPE_ID,TERMINAL_ID,DELETE_FLAG,COLOR_ID_NUMBER_ID,AUTHORIZED_PAY_MASS) values ('B0000804','2600745', '测B06744', 4, 260745, 0, '2',15);

insert into T_SIMINFO (SIM_ID, ORG_CODE, DEPTCODE, STATE,PAY_MODLE, SIM_NUM) values(26746, 'B0000804', '中国移动', 1, '预付费', 13100006745);
insert into T_TERMINALINFO (TERMINAL_ID,TTYPE_ID,SIM_ID,TERMINAL_CODE,ORG_CODE,IS_VIDEO_TERMINAL,SP_SERVER_NAME,PROTOCOL_TYPE,CHANNELS,YT_PROTOCOL_TYPE) values(260746, 4, 26746, '1006745', 'B0000804',1,'1076测试服务器','4',8,'0');
insert into V_VEHICLEINFO (ORG_CODE,VEHICLE_ID,ID_NUMBER,TYPE_ID,TERMINAL_ID,DELETE_FLAG,COLOR_ID_NUMBER_ID,AUTHORIZED_PAY_MASS) values ('B0000804','2600746', '测B06745', 4, 260746, 0, '2',15);

insert into T_SIMINFO (SIM_ID, ORG_CODE, DEPTCODE, STATE,PAY_MODLE, SIM_NUM) values(26747, 'B0000804', '中国移动', 1, '预付费', 13100006746);
insert into T_TERMINALINFO (TERMINAL_ID,TTYPE_ID,SIM_ID,TERMINAL_CODE,ORG_CODE,IS_VIDEO_TERMINAL,SP_SERVER_NAME,PROTOCOL_TYPE,CHANNELS,YT_PROTOCOL_TYPE) values(260747, 4, 26747, '1006746', 'B0000804',1,'1076测试服务器','4',8,'0');
insert into V_VEHICLEINFO (ORG_CODE,VEHICLE_ID,ID_NUMBER,TYPE_ID,TERMINAL_ID,DELETE_FLAG,COLOR_ID_NUMBER_ID,AUTHORIZED_PAY_MASS) values ('B0000804','2600747', '测B06746', 4, 260747, 0, '2',15);

insert into T_SIMINFO (SIM_ID, ORG_CODE, DEPTCODE, STATE,PAY_MODLE, SIM_NUM) values(26748, 'B0000804', '中国移动', 1, '预付费', 13100006747);
insert into T_TERMINALINFO (TERMINAL_ID,TTYPE_ID,SIM_ID,TERMINAL_CODE,ORG_CODE,IS_VIDEO_TERMINAL,SP_SERVER_NAME,PROTOCOL_TYPE,CHANNELS,YT_PROTOCOL_TYPE) values(260748, 4, 26748, '1006747', 'B0000804',1,'1076测试服务器','4',8,'0');
insert into V_VEHICLEINFO (ORG_CODE,VEHICLE_ID,ID_NUMBER,TYPE_ID,TERMINAL_ID,DELETE_FLAG,COLOR_ID_NUMBER_ID,AUTHORIZED_PAY_MASS) values ('B0000804','2600748', '测B06747', 4, 260748, 0, '2',15);

insert into T_SIMINFO (SIM_ID, ORG_CODE, DEPTCODE, STATE,PAY_MODLE, SIM_NUM) values(26749, 'B0000804', '中国移动', 1, '预付费', 13100006748);
insert into T_TERMINALINFO (TERMINAL_ID,TTYPE_ID,SIM_ID,TERMINAL_CODE,ORG_CODE,IS_VIDEO_TERMINAL,SP_SERVER_NAME,PROTOCOL_TYPE,CHANNELS,YT_PROTOCOL_TYPE) values(260749, 4, 26749, '1006748', 'B0000804',1,'1076测试服务器','4',8,'0');
insert into V_VEHICLEINFO (ORG_CODE,VEHICLE_ID,ID_NUMBER,TYPE_ID,TERMINAL_ID,DELETE_FLAG,COLOR_ID_NUMBER_ID,AUTHORIZED_PAY_MASS) values ('B0000804','2600749', '测B06748', 4, 260749, 0, '2',15);

insert into T_SIMINFO (SIM_ID, ORG_CODE, DEPTCODE, STATE,PAY_MODLE, SIM_NUM) values(26750, 'B0000804', '中国移动', 1, '预付费', 13100006749);
insert into T_TERMINALINFO (TERMINAL_ID,TTYPE_ID,SIM_ID,TERMINAL_CODE,ORG_CODE,IS_VIDEO_TERMINAL,SP_SERVER_NAME,PROTOCOL_TYPE,CHANNELS,YT_PROTOCOL_TYPE) values(260750, 4, 26750, '1006749', 'B0000804',1,'1076测试服务器','4',8,'0');
insert into V_VEHICLEINFO (ORG_CODE,VEHICLE_ID,ID_NUMBER,TYPE_ID,TERMINAL_ID,DELETE_FLAG,COLOR_ID_NUMBER_ID,AUTHORIZED_PAY_MASS) values ('B0000804','2600750', '测B06749', 4, 260750, 0, '2',15);

insert into T_SIMINFO (SIM_ID, ORG_CODE, DEPTCODE, STATE,PAY_MODLE, SIM_NUM) values(26751, 'B0000804', '中国移动', 1, '预付费', 13100006750);
insert into T_TERMINALINFO (TERMINAL_ID,TTYPE_ID,SIM_ID,TERMINAL_CODE,ORG_CODE,IS_VIDEO_TERMINAL,SP_SERVER_NAME,PROTOCOL_TYPE,CHANNELS,YT_PROTOCOL_TYPE) values(260751, 4, 26751, '1006750', 'B0000804',1,'1076测试服务器','4',8,'0');
insert into V_VEHICLEINFO (ORG_CODE,VEHICLE_ID,ID_NUMBER,TYPE_ID,TERMINAL_ID,DELETE_FLAG,COLOR_ID_NUMBER_ID,AUTHORIZED_PAY_MASS) values ('B0000804','2600751', '测B06750', 4, 260751, 0, '2',15);

insert into T_SIMINFO (SIM_ID, ORG_CODE, DEPTCODE, STATE,PAY_MODLE, SIM_NUM) values(26752, 'B0000804', '中国移动', 1, '预付费', 13100006751);
insert into T_TERMINALINFO (TERMINAL_ID,TTYPE_ID,SIM_ID,TERMINAL_CODE,ORG_CODE,IS_VIDEO_TERMINAL,SP_SERVER_NAME,PROTOCOL_TYPE,CHANNELS,YT_PROTOCOL_TYPE) values(260752, 4, 26752, '1006751', 'B0000804',1,'1076测试服务器','4',8,'0');
insert into V_VEHICLEINFO (ORG_CODE,VEHICLE_ID,ID_NUMBER,TYPE_ID,TERMINAL_ID,DELETE_FLAG,COLOR_ID_NUMBER_ID,AUTHORIZED_PAY_MASS) values ('B0000804','2600752', '测B06751', 4, 260752, 0, '2',15);

insert into T_SIMINFO (SIM_ID, ORG_CODE, DEPTCODE, STATE,PAY_MODLE, SIM_NUM) values(26753, 'B0000804', '中国移动', 1, '预付费', 13100006752);
insert into T_TERMINALINFO (TERMINAL_ID,TTYPE_ID,SIM_ID,TERMINAL_CODE,ORG_CODE,IS_VIDEO_TERMINAL,SP_SERVER_NAME,PROTOCOL_TYPE,CHANNELS,YT_PROTOCOL_TYPE) values(260753, 4, 26753, '1006752', 'B0000804',1,'1076测试服务器','4',8,'0');
insert into V_VEHICLEINFO (ORG_CODE,VEHICLE_ID,ID_NUMBER,TYPE_ID,TERMINAL_ID,DELETE_FLAG,COLOR_ID_NUMBER_ID,AUTHORIZED_PAY_MASS) values ('B0000804','2600753', '测B06752', 4, 260753, 0, '2',15);

insert into T_SIMINFO (SIM_ID, ORG_CODE, DEPTCODE, STATE,PAY_MODLE, SIM_NUM) values(26754, 'B0000804', '中国移动', 1, '预付费', 13100006753);
insert into T_TERMINALINFO (TERMINAL_ID,TTYPE_ID,SIM_ID,TERMINAL_CODE,ORG_CODE,IS_VIDEO_TERMINAL,SP_SERVER_NAME,PROTOCOL_TYPE,CHANNELS,YT_PROTOCOL_TYPE) values(260754, 4, 26754, '1006753', 'B0000804',1,'1076测试服务器','4',8,'0');
insert into V_VEHICLEINFO (ORG_CODE,VEHICLE_ID,ID_NUMBER,TYPE_ID,TERMINAL_ID,DELETE_FLAG,COLOR_ID_NUMBER_ID,AUTHORIZED_PAY_MASS) values ('B0000804','2600754', '测B06753', 4, 260754, 0, '2',15);

insert into T_SIMINFO (SIM_ID, ORG_CODE, DEPTCODE, STATE,PAY_MODLE, SIM_NUM) values(26755, 'B0000804', '中国移动', 1, '预付费', 13100006754);
insert into T_TERMINALINFO (TERMINAL_ID,TTYPE_ID,SIM_ID,TERMINAL_CODE,ORG_CODE,IS_VIDEO_TERMINAL,SP_SERVER_NAME,PROTOCOL_TYPE,CHANNELS,YT_PROTOCOL_TYPE) values(260755, 4, 26755, '1006754', 'B0000804',1,'1076测试服务器','4',8,'0');
insert into V_VEHICLEINFO (ORG_CODE,VEHICLE_ID,ID_NUMBER,TYPE_ID,TERMINAL_ID,DELETE_FLAG,COLOR_ID_NUMBER_ID,AUTHORIZED_PAY_MASS) values ('B0000804','2600755', '测B06754', 4, 260755, 0, '2',15);

insert into T_SIMINFO (SIM_ID, ORG_CODE, DEPTCODE, STATE,PAY_MODLE, SIM_NUM) values(26756, 'B0000804', '中国移动', 1, '预付费', 13100006755);
insert into T_TERMINALINFO (TERMINAL_ID,TTYPE_ID,SIM_ID,TERMINAL_CODE,ORG_CODE,IS_VIDEO_TERMINAL,SP_SERVER_NAME,PROTOCOL_TYPE,CHANNELS,YT_PROTOCOL_TYPE) values(260756, 4, 26756, '1006755', 'B0000804',1,'1076测试服务器','4',8,'0');
insert into V_VEHICLEINFO (ORG_CODE,VEHICLE_ID,ID_NUMBER,TYPE_ID,TERMINAL_ID,DELETE_FLAG,COLOR_ID_NUMBER_ID,AUTHORIZED_PAY_MASS) values ('B0000804','2600756', '测B06755', 4, 260756, 0, '2',15);

insert into T_SIMINFO (SIM_ID, ORG_CODE, DEPTCODE, STATE,PAY_MODLE, SIM_NUM) values(26757, 'B0000804', '中国移动', 1, '预付费', 13100006756);
insert into T_TERMINALINFO (TERMINAL_ID,TTYPE_ID,SIM_ID,TERMINAL_CODE,ORG_CODE,IS_VIDEO_TERMINAL,SP_SERVER_NAME,PROTOCOL_TYPE,CHANNELS,YT_PROTOCOL_TYPE) values(260757, 4, 26757, '1006756', 'B0000804',1,'1076测试服务器','4',8,'0');
insert into V_VEHICLEINFO (ORG_CODE,VEHICLE_ID,ID_NUMBER,TYPE_ID,TERMINAL_ID,DELETE_FLAG,COLOR_ID_NUMBER_ID,AUTHORIZED_PAY_MASS) values ('B0000804','2600757', '测B06756', 4, 260757, 0, '2',15);

insert into T_SIMINFO (SIM_ID, ORG_CODE, DEPTCODE, STATE,PAY_MODLE, SIM_NUM) values(26758, 'B0000804', '中国移动', 1, '预付费', 13100006757);
insert into T_TERMINALINFO (TERMINAL_ID,TTYPE_ID,SIM_ID,TERMINAL_CODE,ORG_CODE,IS_VIDEO_TERMINAL,SP_SERVER_NAME,PROTOCOL_TYPE,CHANNELS,YT_PROTOCOL_TYPE) values(260758, 4, 26758, '1006757', 'B0000804',1,'1076测试服务器','4',8,'0');
insert into V_VEHICLEINFO (ORG_CODE,VEHICLE_ID,ID_NUMBER,TYPE_ID,TERMINAL_ID,DELETE_FLAG,COLOR_ID_NUMBER_ID,AUTHORIZED_PAY_MASS) values ('B0000804','2600758', '测B06757', 4, 260758, 0, '2',15);

insert into T_SIMINFO (SIM_ID, ORG_CODE, DEPTCODE, STATE,PAY_MODLE, SIM_NUM) values(26759, 'B0000804', '中国移动', 1, '预付费', 13100006758);
insert into T_TERMINALINFO (TERMINAL_ID,TTYPE_ID,SIM_ID,TERMINAL_CODE,ORG_CODE,IS_VIDEO_TERMINAL,SP_SERVER_NAME,PROTOCOL_TYPE,CHANNELS,YT_PROTOCOL_TYPE) values(260759, 4, 26759, '1006758', 'B0000804',1,'1076测试服务器','4',8,'0');
insert into V_VEHICLEINFO (ORG_CODE,VEHICLE_ID,ID_NUMBER,TYPE_ID,TERMINAL_ID,DELETE_FLAG,COLOR_ID_NUMBER_ID,AUTHORIZED_PAY_MASS) values ('B0000804','2600759', '测B06758', 4, 260759, 0, '2',15);

insert into T_SIMINFO (SIM_ID, ORG_CODE, DEPTCODE, STATE,PAY_MODLE, SIM_NUM) values(26760, 'B0000804', '中国移动', 1, '预付费', 13100006759);
insert into T_TERMINALINFO (TERMINAL_ID,TTYPE_ID,SIM_ID,TERMINAL_CODE,ORG_CODE,IS_VIDEO_TERMINAL,SP_SERVER_NAME,PROTOCOL_TYPE,CHANNELS,YT_PROTOCOL_TYPE) values(260760, 4, 26760, '1006759', 'B0000804',1,'1076测试服务器','4',8,'0');
insert into V_VEHICLEINFO (ORG_CODE,VEHICLE_ID,ID_NUMBER,TYPE_ID,TERMINAL_ID,DELETE_FLAG,COLOR_ID_NUMBER_ID,AUTHORIZED_PAY_MASS) values ('B0000804','2600760', '测B06759', 4, 260760, 0, '2',15);

insert into T_SIMINFO (SIM_ID, ORG_CODE, DEPTCODE, STATE,PAY_MODLE, SIM_NUM) values(26761, 'B0000804', '中国移动', 1, '预付费', 13100006760);
insert into T_TERMINALINFO (TERMINAL_ID,TTYPE_ID,SIM_ID,TERMINAL_CODE,ORG_CODE,IS_VIDEO_TERMINAL,SP_SERVER_NAME,PROTOCOL_TYPE,CHANNELS,YT_PROTOCOL_TYPE) values(260761, 4, 26761, '1006760', 'B0000804',1,'1076测试服务器','4',8,'0');
insert into V_VEHICLEINFO (ORG_CODE,VEHICLE_ID,ID_NUMBER,TYPE_ID,TERMINAL_ID,DELETE_FLAG,COLOR_ID_NUMBER_ID,AUTHORIZED_PAY_MASS) values ('B0000804','2600761', '测B06760', 4, 260761, 0, '2',15);

insert into T_SIMINFO (SIM_ID, ORG_CODE, DEPTCODE, STATE,PAY_MODLE, SIM_NUM) values(26762, 'B0000804', '中国移动', 1, '预付费', 13100006761);
insert into T_TERMINALINFO (TERMINAL_ID,TTYPE_ID,SIM_ID,TERMINAL_CODE,ORG_CODE,IS_VIDEO_TERMINAL,SP_SERVER_NAME,PROTOCOL_TYPE,CHANNELS,YT_PROTOCOL_TYPE) values(260762, 4, 26762, '1006761', 'B0000804',1,'1076测试服务器','4',8,'0');
insert into V_VEHICLEINFO (ORG_CODE,VEHICLE_ID,ID_NUMBER,TYPE_ID,TERMINAL_ID,DELETE_FLAG,COLOR_ID_NUMBER_ID,AUTHORIZED_PAY_MASS) values ('B0000804','2600762', '测B06761', 4, 260762, 0, '2',15);

insert into T_SIMINFO (SIM_ID, ORG_CODE, DEPTCODE, STATE,PAY_MODLE, SIM_NUM) values(26763, 'B0000804', '中国移动', 1, '预付费', 13100006762);
insert into T_TERMINALINFO (TERMINAL_ID,TTYPE_ID,SIM_ID,TERMINAL_CODE,ORG_CODE,IS_VIDEO_TERMINAL,SP_SERVER_NAME,PROTOCOL_TYPE,CHANNELS,YT_PROTOCOL_TYPE) values(260763, 4, 26763, '1006762', 'B0000804',1,'1076测试服务器','4',8,'0');
insert into V_VEHICLEINFO (ORG_CODE,VEHICLE_ID,ID_NUMBER,TYPE_ID,TERMINAL_ID,DELETE_FLAG,COLOR_ID_NUMBER_ID,AUTHORIZED_PAY_MASS) values ('B0000804','2600763', '测B06762', 4, 260763, 0, '2',15);

insert into T_SIMINFO (SIM_ID, ORG_CODE, DEPTCODE, STATE,PAY_MODLE, SIM_NUM) values(26764, 'B0000804', '中国移动', 1, '预付费', 13100006763);
insert into T_TERMINALINFO (TERMINAL_ID,TTYPE_ID,SIM_ID,TERMINAL_CODE,ORG_CODE,IS_VIDEO_TERMINAL,SP_SERVER_NAME,PROTOCOL_TYPE,CHANNELS,YT_PROTOCOL_TYPE) values(260764, 4, 26764, '1006763', 'B0000804',1,'1076测试服务器','4',8,'0');
insert into V_VEHICLEINFO (ORG_CODE,VEHICLE_ID,ID_NUMBER,TYPE_ID,TERMINAL_ID,DELETE_FLAG,COLOR_ID_NUMBER_ID,AUTHORIZED_PAY_MASS) values ('B0000804','2600764', '测B06763', 4, 260764, 0, '2',15);

insert into T_SIMINFO (SIM_ID, ORG_CODE, DEPTCODE, STATE,PAY_MODLE, SIM_NUM) values(26765, 'B0000804', '中国移动', 1, '预付费', 13100006764);
insert into T_TERMINALINFO (TERMINAL_ID,TTYPE_ID,SIM_ID,TERMINAL_CODE,ORG_CODE,IS_VIDEO_TERMINAL,SP_SERVER_NAME,PROTOCOL_TYPE,CHANNELS,YT_PROTOCOL_TYPE) values(260765, 4, 26765, '1006764', 'B0000804',1,'1076测试服务器','4',8,'0');
insert into V_VEHICLEINFO (ORG_CODE,VEHICLE_ID,ID_NUMBER,TYPE_ID,TERMINAL_ID,DELETE_FLAG,COLOR_ID_NUMBER_ID,AUTHORIZED_PAY_MASS) values ('B0000804','2600765', '测B06764', 4, 260765, 0, '2',15);

insert into T_SIMINFO (SIM_ID, ORG_CODE, DEPTCODE, STATE,PAY_MODLE, SIM_NUM) values(26766, 'B0000804', '中国移动', 1, '预付费', 13100006765);
insert into T_TERMINALINFO (TERMINAL_ID,TTYPE_ID,SIM_ID,TERMINAL_CODE,ORG_CODE,IS_VIDEO_TERMINAL,SP_SERVER_NAME,PROTOCOL_TYPE,CHANNELS,YT_PROTOCOL_TYPE) values(260766, 4, 26766, '1006765', 'B0000804',1,'1076测试服务器','4',8,'0');
insert into V_VEHICLEINFO (ORG_CODE,VEHICLE_ID,ID_NUMBER,TYPE_ID,TERMINAL_ID,DELETE_FLAG,COLOR_ID_NUMBER_ID,AUTHORIZED_PAY_MASS) values ('B0000804','2600766', '测B06765', 4, 260766, 0, '2',15);

insert into T_SIMINFO (SIM_ID, ORG_CODE, DEPTCODE, STATE,PAY_MODLE, SIM_NUM) values(26767, 'B0000804', '中国移动', 1, '预付费', 13100006766);
insert into T_TERMINALINFO (TERMINAL_ID,TTYPE_ID,SIM_ID,TERMINAL_CODE,ORG_CODE,IS_VIDEO_TERMINAL,SP_SERVER_NAME,PROTOCOL_TYPE,CHANNELS,YT_PROTOCOL_TYPE) values(260767, 4, 26767, '1006766', 'B0000804',1,'1076测试服务器','4',8,'0');
insert into V_VEHICLEINFO (ORG_CODE,VEHICLE_ID,ID_NUMBER,TYPE_ID,TERMINAL_ID,DELETE_FLAG,COLOR_ID_NUMBER_ID,AUTHORIZED_PAY_MASS) values ('B0000804','2600767', '测B06766', 4, 260767, 0, '2',15);

insert into T_SIMINFO (SIM_ID, ORG_CODE, DEPTCODE, STATE,PAY_MODLE, SIM_NUM) values(26768, 'B0000804', '中国移动', 1, '预付费', 13100006767);
insert into T_TERMINALINFO (TERMINAL_ID,TTYPE_ID,SIM_ID,TERMINAL_CODE,ORG_CODE,IS_VIDEO_TERMINAL,SP_SERVER_NAME,PROTOCOL_TYPE,CHANNELS,YT_PROTOCOL_TYPE) values(260768, 4, 26768, '1006767', 'B0000804',1,'1076测试服务器','4',8,'0');
insert into V_VEHICLEINFO (ORG_CODE,VEHICLE_ID,ID_NUMBER,TYPE_ID,TERMINAL_ID,DELETE_FLAG,COLOR_ID_NUMBER_ID,AUTHORIZED_PAY_MASS) values ('B0000804','2600768', '测B06767', 4, 260768, 0, '2',15);

insert into T_SIMINFO (SIM_ID, ORG_CODE, DEPTCODE, STATE,PAY_MODLE, SIM_NUM) values(26769, 'B0000804', '中国移动', 1, '预付费', 13100006768);
insert into T_TERMINALINFO (TERMINAL_ID,TTYPE_ID,SIM_ID,TERMINAL_CODE,ORG_CODE,IS_VIDEO_TERMINAL,SP_SERVER_NAME,PROTOCOL_TYPE,CHANNELS,YT_PROTOCOL_TYPE) values(260769, 4, 26769, '1006768', 'B0000804',1,'1076测试服务器','4',8,'0');
insert into V_VEHICLEINFO (ORG_CODE,VEHICLE_ID,ID_NUMBER,TYPE_ID,TERMINAL_ID,DELETE_FLAG,COLOR_ID_NUMBER_ID,AUTHORIZED_PAY_MASS) values ('B0000804','2600769', '测B06768', 4, 260769, 0, '2',15);

insert into T_SIMINFO (SIM_ID, ORG_CODE, DEPTCODE, STATE,PAY_MODLE, SIM_NUM) values(26770, 'B0000804', '中国移动', 1, '预付费', 13100006769);
insert into T_TERMINALINFO (TERMINAL_ID,TTYPE_ID,SIM_ID,TERMINAL_CODE,ORG_CODE,IS_VIDEO_TERMINAL,SP_SERVER_NAME,PROTOCOL_TYPE,CHANNELS,YT_PROTOCOL_TYPE) values(260770, 4, 26770, '1006769', 'B0000804',1,'1076测试服务器','4',8,'0');
insert into V_VEHICLEINFO (ORG_CODE,VEHICLE_ID,ID_NUMBER,TYPE_ID,TERMINAL_ID,DELETE_FLAG,COLOR_ID_NUMBER_ID,AUTHORIZED_PAY_MASS) values ('B0000804','2600770', '测B06769', 4, 260770, 0, '2',15);

insert into T_SIMINFO (SIM_ID, ORG_CODE, DEPTCODE, STATE,PAY_MODLE, SIM_NUM) values(26771, 'B0000804', '中国移动', 1, '预付费', 13100006770);
insert into T_TERMINALINFO (TERMINAL_ID,TTYPE_ID,SIM_ID,TERMINAL_CODE,ORG_CODE,IS_VIDEO_TERMINAL,SP_SERVER_NAME,PROTOCOL_TYPE,CHANNELS,YT_PROTOCOL_TYPE) values(260771, 4, 26771, '1006770', 'B0000804',1,'1076测试服务器','4',8,'0');
insert into V_VEHICLEINFO (ORG_CODE,VEHICLE_ID,ID_NUMBER,TYPE_ID,TERMINAL_ID,DELETE_FLAG,COLOR_ID_NUMBER_ID,AUTHORIZED_PAY_MASS) values ('B0000804','2600771', '测B06770', 4, 260771, 0, '2',15);

insert into T_SIMINFO (SIM_ID, ORG_CODE, DEPTCODE, STATE,PAY_MODLE, SIM_NUM) values(26772, 'B0000804', '中国移动', 1, '预付费', 13100006771);
insert into T_TERMINALINFO (TERMINAL_ID,TTYPE_ID,SIM_ID,TERMINAL_CODE,ORG_CODE,IS_VIDEO_TERMINAL,SP_SERVER_NAME,PROTOCOL_TYPE,CHANNELS,YT_PROTOCOL_TYPE) values(260772, 4, 26772, '1006771', 'B0000804',1,'1076测试服务器','4',8,'0');
insert into V_VEHICLEINFO (ORG_CODE,VEHICLE_ID,ID_NUMBER,TYPE_ID,TERMINAL_ID,DELETE_FLAG,COLOR_ID_NUMBER_ID,AUTHORIZED_PAY_MASS) values ('B0000804','2600772', '测B06771', 4, 260772, 0, '2',15);

insert into T_SIMINFO (SIM_ID, ORG_CODE, DEPTCODE, STATE,PAY_MODLE, SIM_NUM) values(26773, 'B0000804', '中国移动', 1, '预付费', 13100006772);
insert into T_TERMINALINFO (TERMINAL_ID,TTYPE_ID,SIM_ID,TERMINAL_CODE,ORG_CODE,IS_VIDEO_TERMINAL,SP_SERVER_NAME,PROTOCOL_TYPE,CHANNELS,YT_PROTOCOL_TYPE) values(260773, 4, 26773, '1006772', 'B0000804',1,'1076测试服务器','4',8,'0');
insert into V_VEHICLEINFO (ORG_CODE,VEHICLE_ID,ID_NUMBER,TYPE_ID,TERMINAL_ID,DELETE_FLAG,COLOR_ID_NUMBER_ID,AUTHORIZED_PAY_MASS) values ('B0000804','2600773', '测B06772', 4, 260773, 0, '2',15);

insert into T_SIMINFO (SIM_ID, ORG_CODE, DEPTCODE, STATE,PAY_MODLE, SIM_NUM) values(26774, 'B0000804', '中国移动', 1, '预付费', 13100006773);
insert into T_TERMINALINFO (TERMINAL_ID,TTYPE_ID,SIM_ID,TERMINAL_CODE,ORG_CODE,IS_VIDEO_TERMINAL,SP_SERVER_NAME,PROTOCOL_TYPE,CHANNELS,YT_PROTOCOL_TYPE) values(260774, 4, 26774, '1006773', 'B0000804',1,'1076测试服务器','4',8,'0');
insert into V_VEHICLEINFO (ORG_CODE,VEHICLE_ID,ID_NUMBER,TYPE_ID,TERMINAL_ID,DELETE_FLAG,COLOR_ID_NUMBER_ID,AUTHORIZED_PAY_MASS) values ('B0000804','2600774', '测B06773', 4, 260774, 0, '2',15);

insert into T_SIMINFO (SIM_ID, ORG_CODE, DEPTCODE, STATE,PAY_MODLE, SIM_NUM) values(26775, 'B0000804', '中国移动', 1, '预付费', 13100006774);
insert into T_TERMINALINFO (TERMINAL_ID,TTYPE_ID,SIM_ID,TERMINAL_CODE,ORG_CODE,IS_VIDEO_TERMINAL,SP_SERVER_NAME,PROTOCOL_TYPE,CHANNELS,YT_PROTOCOL_TYPE) values(260775, 4, 26775, '1006774', 'B0000804',1,'1076测试服务器','4',8,'0');
insert into V_VEHICLEINFO (ORG_CODE,VEHICLE_ID,ID_NUMBER,TYPE_ID,TERMINAL_ID,DELETE_FLAG,COLOR_ID_NUMBER_ID,AUTHORIZED_PAY_MASS) values ('B0000804','2600775', '测B06774', 4, 260775, 0, '2',15);

insert into T_SIMINFO (SIM_ID, ORG_CODE, DEPTCODE, STATE,PAY_MODLE, SIM_NUM) values(26776, 'B0000804', '中国移动', 1, '预付费', 13100006775);
insert into T_TERMINALINFO (TERMINAL_ID,TTYPE_ID,SIM_ID,TERMINAL_CODE,ORG_CODE,IS_VIDEO_TERMINAL,SP_SERVER_NAME,PROTOCOL_TYPE,CHANNELS,YT_PROTOCOL_TYPE) values(260776, 4, 26776, '1006775', 'B0000804',1,'1076测试服务器','4',8,'0');
insert into V_VEHICLEINFO (ORG_CODE,VEHICLE_ID,ID_NUMBER,TYPE_ID,TERMINAL_ID,DELETE_FLAG,COLOR_ID_NUMBER_ID,AUTHORIZED_PAY_MASS) values ('B0000804','2600776', '测B06775', 4, 260776, 0, '2',15);

insert into T_SIMINFO (SIM_ID, ORG_CODE, DEPTCODE, STATE,PAY_MODLE, SIM_NUM) values(26777, 'B0000804', '中国移动', 1, '预付费', 13100006776);
insert into T_TERMINALINFO (TERMINAL_ID,TTYPE_ID,SIM_ID,TERMINAL_CODE,ORG_CODE,IS_VIDEO_TERMINAL,SP_SERVER_NAME,PROTOCOL_TYPE,CHANNELS,YT_PROTOCOL_TYPE) values(260777, 4, 26777, '1006776', 'B0000804',1,'1076测试服务器','4',8,'0');
insert into V_VEHICLEINFO (ORG_CODE,VEHICLE_ID,ID_NUMBER,TYPE_ID,TERMINAL_ID,DELETE_FLAG,COLOR_ID_NUMBER_ID,AUTHORIZED_PAY_MASS) values ('B0000804','2600777', '测B06776', 4, 260777, 0, '2',15);

insert into T_SIMINFO (SIM_ID, ORG_CODE, DEPTCODE, STATE,PAY_MODLE, SIM_NUM) values(26778, 'B0000804', '中国移动', 1, '预付费', 13100006777);
insert into T_TERMINALINFO (TERMINAL_ID,TTYPE_ID,SIM_ID,TERMINAL_CODE,ORG_CODE,IS_VIDEO_TERMINAL,SP_SERVER_NAME,PROTOCOL_TYPE,CHANNELS,YT_PROTOCOL_TYPE) values(260778, 4, 26778, '1006777', 'B0000804',1,'1076测试服务器','4',8,'0');
insert into V_VEHICLEINFO (ORG_CODE,VEHICLE_ID,ID_NUMBER,TYPE_ID,TERMINAL_ID,DELETE_FLAG,COLOR_ID_NUMBER_ID,AUTHORIZED_PAY_MASS) values ('B0000804','2600778', '测B06777', 4, 260778, 0, '2',15);

insert into T_SIMINFO (SIM_ID, ORG_CODE, DEPTCODE, STATE,PAY_MODLE, SIM_NUM) values(26779, 'B0000804', '中国移动', 1, '预付费', 13100006778);
insert into T_TERMINALINFO (TERMINAL_ID,TTYPE_ID,SIM_ID,TERMINAL_CODE,ORG_CODE,IS_VIDEO_TERMINAL,SP_SERVER_NAME,PROTOCOL_TYPE,CHANNELS,YT_PROTOCOL_TYPE) values(260779, 4, 26779, '1006778', 'B0000804',1,'1076测试服务器','4',8,'0');
insert into V_VEHICLEINFO (ORG_CODE,VEHICLE_ID,ID_NUMBER,TYPE_ID,TERMINAL_ID,DELETE_FLAG,COLOR_ID_NUMBER_ID,AUTHORIZED_PAY_MASS) values ('B0000804','2600779', '测B06778', 4, 260779, 0, '2',15);

insert into T_SIMINFO (SIM_ID, ORG_CODE, DEPTCODE, STATE,PAY_MODLE, SIM_NUM) values(26780, 'B0000804', '中国移动', 1, '预付费', 13100006779);
insert into T_TERMINALINFO (TERMINAL_ID,TTYPE_ID,SIM_ID,TERMINAL_CODE,ORG_CODE,IS_VIDEO_TERMINAL,SP_SERVER_NAME,PROTOCOL_TYPE,CHANNELS,YT_PROTOCOL_TYPE) values(260780, 4, 26780, '1006779', 'B0000804',1,'1076测试服务器','4',8,'0');
insert into V_VEHICLEINFO (ORG_CODE,VEHICLE_ID,ID_NUMBER,TYPE_ID,TERMINAL_ID,DELETE_FLAG,COLOR_ID_NUMBER_ID,AUTHORIZED_PAY_MASS) values ('B0000804','2600780', '测B06779', 4, 260780, 0, '2',15);

insert into T_SIMINFO (SIM_ID, ORG_CODE, DEPTCODE, STATE,PAY_MODLE, SIM_NUM) values(26781, 'B0000804', '中国移动', 1, '预付费', 13100006780);
insert into T_TERMINALINFO (TERMINAL_ID,TTYPE_ID,SIM_ID,TERMINAL_CODE,ORG_CODE,IS_VIDEO_TERMINAL,SP_SERVER_NAME,PROTOCOL_TYPE,CHANNELS,YT_PROTOCOL_TYPE) values(260781, 4, 26781, '1006780', 'B0000804',1,'1076测试服务器','4',8,'0');
insert into V_VEHICLEINFO (ORG_CODE,VEHICLE_ID,ID_NUMBER,TYPE_ID,TERMINAL_ID,DELETE_FLAG,COLOR_ID_NUMBER_ID,AUTHORIZED_PAY_MASS) values ('B0000804','2600781', '测B06780', 4, 260781, 0, '2',15);

insert into T_SIMINFO (SIM_ID, ORG_CODE, DEPTCODE, STATE,PAY_MODLE, SIM_NUM) values(26782, 'B0000804', '中国移动', 1, '预付费', 13100006781);
insert into T_TERMINALINFO (TERMINAL_ID,TTYPE_ID,SIM_ID,TERMINAL_CODE,ORG_CODE,IS_VIDEO_TERMINAL,SP_SERVER_NAME,PROTOCOL_TYPE,CHANNELS,YT_PROTOCOL_TYPE) values(260782, 4, 26782, '1006781', 'B0000804',1,'1076测试服务器','4',8,'0');
insert into V_VEHICLEINFO (ORG_CODE,VEHICLE_ID,ID_NUMBER,TYPE_ID,TERMINAL_ID,DELETE_FLAG,COLOR_ID_NUMBER_ID,AUTHORIZED_PAY_MASS) values ('B0000804','2600782', '测B06781', 4, 260782, 0, '2',15);

insert into T_SIMINFO (SIM_ID, ORG_CODE, DEPTCODE, STATE,PAY_MODLE, SIM_NUM) values(26783, 'B0000804', '中国移动', 1, '预付费', 13100006782);
insert into T_TERMINALINFO (TERMINAL_ID,TTYPE_ID,SIM_ID,TERMINAL_CODE,ORG_CODE,IS_VIDEO_TERMINAL,SP_SERVER_NAME,PROTOCOL_TYPE,CHANNELS,YT_PROTOCOL_TYPE) values(260783, 4, 26783, '1006782', 'B0000804',1,'1076测试服务器','4',8,'0');
insert into V_VEHICLEINFO (ORG_CODE,VEHICLE_ID,ID_NUMBER,TYPE_ID,TERMINAL_ID,DELETE_FLAG,COLOR_ID_NUMBER_ID,AUTHORIZED_PAY_MASS) values ('B0000804','2600783', '测B06782', 4, 260783, 0, '2',15);

insert into T_SIMINFO (SIM_ID, ORG_CODE, DEPTCODE, STATE,PAY_MODLE, SIM_NUM) values(26784, 'B0000804', '中国移动', 1, '预付费', 13100006783);
insert into T_TERMINALINFO (TERMINAL_ID,TTYPE_ID,SIM_ID,TERMINAL_CODE,ORG_CODE,IS_VIDEO_TERMINAL,SP_SERVER_NAME,PROTOCOL_TYPE,CHANNELS,YT_PROTOCOL_TYPE) values(260784, 4, 26784, '1006783', 'B0000804',1,'1076测试服务器','4',8,'0');
insert into V_VEHICLEINFO (ORG_CODE,VEHICLE_ID,ID_NUMBER,TYPE_ID,TERMINAL_ID,DELETE_FLAG,COLOR_ID_NUMBER_ID,AUTHORIZED_PAY_MASS) values ('B0000804','2600784', '测B06783', 4, 260784, 0, '2',15);

insert into T_SIMINFO (SIM_ID, ORG_CODE, DEPTCODE, STATE,PAY_MODLE, SIM_NUM) values(26785, 'B0000804', '中国移动', 1, '预付费', 13100006784);
insert into T_TERMINALINFO (TERMINAL_ID,TTYPE_ID,SIM_ID,TERMINAL_CODE,ORG_CODE,IS_VIDEO_TERMINAL,SP_SERVER_NAME,PROTOCOL_TYPE,CHANNELS,YT_PROTOCOL_TYPE) values(260785, 4, 26785, '1006784', 'B0000804',1,'1076测试服务器','4',8,'0');
insert into V_VEHICLEINFO (ORG_CODE,VEHICLE_ID,ID_NUMBER,TYPE_ID,TERMINAL_ID,DELETE_FLAG,COLOR_ID_NUMBER_ID,AUTHORIZED_PAY_MASS) values ('B0000804','2600785', '测B06784', 4, 260785, 0, '2',15);

insert into T_SIMINFO (SIM_ID, ORG_CODE, DEPTCODE, STATE,PAY_MODLE, SIM_NUM) values(26786, 'B0000804', '中国移动', 1, '预付费', 13100006785);
insert into T_TERMINALINFO (TERMINAL_ID,TTYPE_ID,SIM_ID,TERMINAL_CODE,ORG_CODE,IS_VIDEO_TERMINAL,SP_SERVER_NAME,PROTOCOL_TYPE,CHANNELS,YT_PROTOCOL_TYPE) values(260786, 4, 26786, '1006785', 'B0000804',1,'1076测试服务器','4',8,'0');
insert into V_VEHICLEINFO (ORG_CODE,VEHICLE_ID,ID_NUMBER,TYPE_ID,TERMINAL_ID,DELETE_FLAG,COLOR_ID_NUMBER_ID,AUTHORIZED_PAY_MASS) values ('B0000804','2600786', '测B06785', 4, 260786, 0, '2',15);

insert into T_SIMINFO (SIM_ID, ORG_CODE, DEPTCODE, STATE,PAY_MODLE, SIM_NUM) values(26787, 'B0000804', '中国移动', 1, '预付费', 13100006786);
insert into T_TERMINALINFO (TERMINAL_ID,TTYPE_ID,SIM_ID,TERMINAL_CODE,ORG_CODE,IS_VIDEO_TERMINAL,SP_SERVER_NAME,PROTOCOL_TYPE,CHANNELS,YT_PROTOCOL_TYPE) values(260787, 4, 26787, '1006786', 'B0000804',1,'1076测试服务器','4',8,'0');
insert into V_VEHICLEINFO (ORG_CODE,VEHICLE_ID,ID_NUMBER,TYPE_ID,TERMINAL_ID,DELETE_FLAG,COLOR_ID_NUMBER_ID,AUTHORIZED_PAY_MASS) values ('B0000804','2600787', '测B06786', 4, 260787, 0, '2',15);

insert into T_SIMINFO (SIM_ID, ORG_CODE, DEPTCODE, STATE,PAY_MODLE, SIM_NUM) values(26788, 'B0000804', '中国移动', 1, '预付费', 13100006787);
insert into T_TERMINALINFO (TERMINAL_ID,TTYPE_ID,SIM_ID,TERMINAL_CODE,ORG_CODE,IS_VIDEO_TERMINAL,SP_SERVER_NAME,PROTOCOL_TYPE,CHANNELS,YT_PROTOCOL_TYPE) values(260788, 4, 26788, '1006787', 'B0000804',1,'1076测试服务器','4',8,'0');
insert into V_VEHICLEINFO (ORG_CODE,VEHICLE_ID,ID_NUMBER,TYPE_ID,TERMINAL_ID,DELETE_FLAG,COLOR_ID_NUMBER_ID,AUTHORIZED_PAY_MASS) values ('B0000804','2600788', '测B06787', 4, 260788, 0, '2',15);

insert into T_SIMINFO (SIM_ID, ORG_CODE, DEPTCODE, STATE,PAY_MODLE, SIM_NUM) values(26789, 'B0000804', '中国移动', 1, '预付费', 13100006788);
insert into T_TERMINALINFO (TERMINAL_ID,TTYPE_ID,SIM_ID,TERMINAL_CODE,ORG_CODE,IS_VIDEO_TERMINAL,SP_SERVER_NAME,PROTOCOL_TYPE,CHANNELS,YT_PROTOCOL_TYPE) values(260789, 4, 26789, '1006788', 'B0000804',1,'1076测试服务器','4',8,'0');
insert into V_VEHICLEINFO (ORG_CODE,VEHICLE_ID,ID_NUMBER,TYPE_ID,TERMINAL_ID,DELETE_FLAG,COLOR_ID_NUMBER_ID,AUTHORIZED_PAY_MASS) values ('B0000804','2600789', '测B06788', 4, 260789, 0, '2',15);

insert into T_SIMINFO (SIM_ID, ORG_CODE, DEPTCODE, STATE,PAY_MODLE, SIM_NUM) values(26790, 'B0000804', '中国移动', 1, '预付费', 13100006789);
insert into T_TERMINALINFO (TERMINAL_ID,TTYPE_ID,SIM_ID,TERMINAL_CODE,ORG_CODE,IS_VIDEO_TERMINAL,SP_SERVER_NAME,PROTOCOL_TYPE,CHANNELS,YT_PROTOCOL_TYPE) values(260790, 4, 26790, '1006789', 'B0000804',1,'1076测试服务器','4',8,'0');
insert into V_VEHICLEINFO (ORG_CODE,VEHICLE_ID,ID_NUMBER,TYPE_ID,TERMINAL_ID,DELETE_FLAG,COLOR_ID_NUMBER_ID,AUTHORIZED_PAY_MASS) values ('B0000804','2600790', '测B06789', 4, 260790, 0, '2',15);

insert into T_SIMINFO (SIM_ID, ORG_CODE, DEPTCODE, STATE,PAY_MODLE, SIM_NUM) values(26791, 'B0000804', '中国移动', 1, '预付费', 13100006790);
insert into T_TERMINALINFO (TERMINAL_ID,TTYPE_ID,SIM_ID,TERMINAL_CODE,ORG_CODE,IS_VIDEO_TERMINAL,SP_SERVER_NAME,PROTOCOL_TYPE,CHANNELS,YT_PROTOCOL_TYPE) values(260791, 4, 26791, '1006790', 'B0000804',1,'1076测试服务器','4',8,'0');
insert into V_VEHICLEINFO (ORG_CODE,VEHICLE_ID,ID_NUMBER,TYPE_ID,TERMINAL_ID,DELETE_FLAG,COLOR_ID_NUMBER_ID,AUTHORIZED_PAY_MASS) values ('B0000804','2600791', '测B06790', 4, 260791, 0, '2',15);

insert into T_SIMINFO (SIM_ID, ORG_CODE, DEPTCODE, STATE,PAY_MODLE, SIM_NUM) values(26792, 'B0000804', '中国移动', 1, '预付费', 13100006791);
insert into T_TERMINALINFO (TERMINAL_ID,TTYPE_ID,SIM_ID,TERMINAL_CODE,ORG_CODE,IS_VIDEO_TERMINAL,SP_SERVER_NAME,PROTOCOL_TYPE,CHANNELS,YT_PROTOCOL_TYPE) values(260792, 4, 26792, '1006791', 'B0000804',1,'1076测试服务器','4',8,'0');
insert into V_VEHICLEINFO (ORG_CODE,VEHICLE_ID,ID_NUMBER,TYPE_ID,TERMINAL_ID,DELETE_FLAG,COLOR_ID_NUMBER_ID,AUTHORIZED_PAY_MASS) values ('B0000804','2600792', '测B06791', 4, 260792, 0, '2',15);

insert into T_SIMINFO (SIM_ID, ORG_CODE, DEPTCODE, STATE,PAY_MODLE, SIM_NUM) values(26793, 'B0000804', '中国移动', 1, '预付费', 13100006792);
insert into T_TERMINALINFO (TERMINAL_ID,TTYPE_ID,SIM_ID,TERMINAL_CODE,ORG_CODE,IS_VIDEO_TERMINAL,SP_SERVER_NAME,PROTOCOL_TYPE,CHANNELS,YT_PROTOCOL_TYPE) values(260793, 4, 26793, '1006792', 'B0000804',1,'1076测试服务器','4',8,'0');
insert into V_VEHICLEINFO (ORG_CODE,VEHICLE_ID,ID_NUMBER,TYPE_ID,TERMINAL_ID,DELETE_FLAG,COLOR_ID_NUMBER_ID,AUTHORIZED_PAY_MASS) values ('B0000804','2600793', '测B06792', 4, 260793, 0, '2',15);

insert into T_SIMINFO (SIM_ID, ORG_CODE, DEPTCODE, STATE,PAY_MODLE, SIM_NUM) values(26794, 'B0000804', '中国移动', 1, '预付费', 13100006793);
insert into T_TERMINALINFO (TERMINAL_ID,TTYPE_ID,SIM_ID,TERMINAL_CODE,ORG_CODE,IS_VIDEO_TERMINAL,SP_SERVER_NAME,PROTOCOL_TYPE,CHANNELS,YT_PROTOCOL_TYPE) values(260794, 4, 26794, '1006793', 'B0000804',1,'1076测试服务器','4',8,'0');
insert into V_VEHICLEINFO (ORG_CODE,VEHICLE_ID,ID_NUMBER,TYPE_ID,TERMINAL_ID,DELETE_FLAG,COLOR_ID_NUMBER_ID,AUTHORIZED_PAY_MASS) values ('B0000804','2600794', '测B06793', 4, 260794, 0, '2',15);

insert into T_SIMINFO (SIM_ID, ORG_CODE, DEPTCODE, STATE,PAY_MODLE, SIM_NUM) values(26795, 'B0000804', '中国移动', 1, '预付费', 13100006794);
insert into T_TERMINALINFO (TERMINAL_ID,TTYPE_ID,SIM_ID,TERMINAL_CODE,ORG_CODE,IS_VIDEO_TERMINAL,SP_SERVER_NAME,PROTOCOL_TYPE,CHANNELS,YT_PROTOCOL_TYPE) values(260795, 4, 26795, '1006794', 'B0000804',1,'1076测试服务器','4',8,'0');
insert into V_VEHICLEINFO (ORG_CODE,VEHICLE_ID,ID_NUMBER,TYPE_ID,TERMINAL_ID,DELETE_FLAG,COLOR_ID_NUMBER_ID,AUTHORIZED_PAY_MASS) values ('B0000804','2600795', '测B06794', 4, 260795, 0, '2',15);

insert into T_SIMINFO (SIM_ID, ORG_CODE, DEPTCODE, STATE,PAY_MODLE, SIM_NUM) values(26796, 'B0000804', '中国移动', 1, '预付费', 13100006795);
insert into T_TERMINALINFO (TERMINAL_ID,TTYPE_ID,SIM_ID,TERMINAL_CODE,ORG_CODE,IS_VIDEO_TERMINAL,SP_SERVER_NAME,PROTOCOL_TYPE,CHANNELS,YT_PROTOCOL_TYPE) values(260796, 4, 26796, '1006795', 'B0000804',1,'1076测试服务器','4',8,'0');
insert into V_VEHICLEINFO (ORG_CODE,VEHICLE_ID,ID_NUMBER,TYPE_ID,TERMINAL_ID,DELETE_FLAG,COLOR_ID_NUMBER_ID,AUTHORIZED_PAY_MASS) values ('B0000804','2600796', '测B06795', 4, 260796, 0, '2',15);

insert into T_SIMINFO (SIM_ID, ORG_CODE, DEPTCODE, STATE,PAY_MODLE, SIM_NUM) values(26797, 'B0000804', '中国移动', 1, '预付费', 13100006796);
insert into T_TERMINALINFO (TERMINAL_ID,TTYPE_ID,SIM_ID,TERMINAL_CODE,ORG_CODE,IS_VIDEO_TERMINAL,SP_SERVER_NAME,PROTOCOL_TYPE,CHANNELS,YT_PROTOCOL_TYPE) values(260797, 4, 26797, '1006796', 'B0000804',1,'1076测试服务器','4',8,'0');
insert into V_VEHICLEINFO (ORG_CODE,VEHICLE_ID,ID_NUMBER,TYPE_ID,TERMINAL_ID,DELETE_FLAG,COLOR_ID_NUMBER_ID,AUTHORIZED_PAY_MASS) values ('B0000804','2600797', '测B06796', 4, 260797, 0, '2',15);

insert into T_SIMINFO (SIM_ID, ORG_CODE, DEPTCODE, STATE,PAY_MODLE, SIM_NUM) values(26798, 'B0000804', '中国移动', 1, '预付费', 13100006797);
insert into T_TERMINALINFO (TERMINAL_ID,TTYPE_ID,SIM_ID,TERMINAL_CODE,ORG_CODE,IS_VIDEO_TERMINAL,SP_SERVER_NAME,PROTOCOL_TYPE,CHANNELS,YT_PROTOCOL_TYPE) values(260798, 4, 26798, '1006797', 'B0000804',1,'1076测试服务器','4',8,'0');
insert into V_VEHICLEINFO (ORG_CODE,VEHICLE_ID,ID_NUMBER,TYPE_ID,TERMINAL_ID,DELETE_FLAG,COLOR_ID_NUMBER_ID,AUTHORIZED_PAY_MASS) values ('B0000804','2600798', '测B06797', 4, 260798, 0, '2',15);

insert into T_SIMINFO (SIM_ID, ORG_CODE, DEPTCODE, STATE,PAY_MODLE, SIM_NUM) values(26799, 'B0000804', '中国移动', 1, '预付费', 13100006798);
insert into T_TERMINALINFO (TERMINAL_ID,TTYPE_ID,SIM_ID,TERMINAL_CODE,ORG_CODE,IS_VIDEO_TERMINAL,SP_SERVER_NAME,PROTOCOL_TYPE,CHANNELS,YT_PROTOCOL_TYPE) values(260799, 4, 26799, '1006798', 'B0000804',1,'1076测试服务器','4',8,'0');
insert into V_VEHICLEINFO (ORG_CODE,VEHICLE_ID,ID_NUMBER,TYPE_ID,TERMINAL_ID,DELETE_FLAG,COLOR_ID_NUMBER_ID,AUTHORIZED_PAY_MASS) values ('B0000804','2600799', '测B06798', 4, 260799, 0, '2',15);

insert into T_SIMINFO (SIM_ID, ORG_CODE, DEPTCODE, STATE,PAY_MODLE, SIM_NUM) values(26800, 'B0000804', '中国移动', 1, '预付费', 13100006799);
insert into T_TERMINALINFO (TERMINAL_ID,TTYPE_ID,SIM_ID,TERMINAL_CODE,ORG_CODE,IS_VIDEO_TERMINAL,SP_SERVER_NAME,PROTOCOL_TYPE,CHANNELS,YT_PROTOCOL_TYPE) values(260800, 4, 26800, '1006799', 'B0000804',1,'1076测试服务器','4',8,'0');
insert into V_VEHICLEINFO (ORG_CODE,VEHICLE_ID,ID_NUMBER,TYPE_ID,TERMINAL_ID,DELETE_FLAG,COLOR_ID_NUMBER_ID,AUTHORIZED_PAY_MASS) values ('B0000804','2600800', '测B06799', 4, 260800, 0, '2',15);

insert into T_SIMINFO (SIM_ID, ORG_CODE, DEPTCODE, STATE,PAY_MODLE, SIM_NUM) values(26801, 'B0000804', '中国移动', 1, '预付费', 13100006800);
insert into T_TERMINALINFO (TERMINAL_ID,TTYPE_ID,SIM_ID,TERMINAL_CODE,ORG_CODE,IS_VIDEO_TERMINAL,SP_SERVER_NAME,PROTOCOL_TYPE,CHANNELS,YT_PROTOCOL_TYPE) values(260801, 4, 26801, '1006800', 'B0000804',1,'1076测试服务器','4',8,'0');
insert into V_VEHICLEINFO (ORG_CODE,VEHICLE_ID,ID_NUMBER,TYPE_ID,TERMINAL_ID,DELETE_FLAG,COLOR_ID_NUMBER_ID,AUTHORIZED_PAY_MASS) values ('B0000804','2600801', '测B06800', 4, 260801, 0, '2',15);

insert into T_SIMINFO (SIM_ID, ORG_CODE, DEPTCODE, STATE,PAY_MODLE, SIM_NUM) values(26802, 'B0000804', '中国移动', 1, '预付费', 13100006801);
insert into T_TERMINALINFO (TERMINAL_ID,TTYPE_ID,SIM_ID,TERMINAL_CODE,ORG_CODE,IS_VIDEO_TERMINAL,SP_SERVER_NAME,PROTOCOL_TYPE,CHANNELS,YT_PROTOCOL_TYPE) values(260802, 4, 26802, '1006801', 'B0000804',1,'1076测试服务器','4',8,'0');
insert into V_VEHICLEINFO (ORG_CODE,VEHICLE_ID,ID_NUMBER,TYPE_ID,TERMINAL_ID,DELETE_FLAG,COLOR_ID_NUMBER_ID,AUTHORIZED_PAY_MASS) values ('B0000804','2600802', '测B06801', 4, 260802, 0, '2',15);

insert into T_SIMINFO (SIM_ID, ORG_CODE, DEPTCODE, STATE,PAY_MODLE, SIM_NUM) values(26803, 'B0000804', '中国移动', 1, '预付费', 13100006802);
insert into T_TERMINALINFO (TERMINAL_ID,TTYPE_ID,SIM_ID,TERMINAL_CODE,ORG_CODE,IS_VIDEO_TERMINAL,SP_SERVER_NAME,PROTOCOL_TYPE,CHANNELS,YT_PROTOCOL_TYPE) values(260803, 4, 26803, '1006802', 'B0000804',1,'1076测试服务器','4',8,'0');
insert into V_VEHICLEINFO (ORG_CODE,VEHICLE_ID,ID_NUMBER,TYPE_ID,TERMINAL_ID,DELETE_FLAG,COLOR_ID_NUMBER_ID,AUTHORIZED_PAY_MASS) values ('B0000804','2600803', '测B06802', 4, 260803, 0, '2',15);

insert into T_SIMINFO (SIM_ID, ORG_CODE, DEPTCODE, STATE,PAY_MODLE, SIM_NUM) values(26804, 'B0000804', '中国移动', 1, '预付费', 13100006803);
insert into T_TERMINALINFO (TERMINAL_ID,TTYPE_ID,SIM_ID,TERMINAL_CODE,ORG_CODE,IS_VIDEO_TERMINAL,SP_SERVER_NAME,PROTOCOL_TYPE,CHANNELS,YT_PROTOCOL_TYPE) values(260804, 4, 26804, '1006803', 'B0000804',1,'1076测试服务器','4',8,'0');
insert into V_VEHICLEINFO (ORG_CODE,VEHICLE_ID,ID_NUMBER,TYPE_ID,TERMINAL_ID,DELETE_FLAG,COLOR_ID_NUMBER_ID,AUTHORIZED_PAY_MASS) values ('B0000804','2600804', '测B06803', 4, 260804, 0, '2',15);

insert into T_SIMINFO (SIM_ID, ORG_CODE, DEPTCODE, STATE,PAY_MODLE, SIM_NUM) values(26805, 'B0000804', '中国移动', 1, '预付费', 13100006804);
insert into T_TERMINALINFO (TERMINAL_ID,TTYPE_ID,SIM_ID,TERMINAL_CODE,ORG_CODE,IS_VIDEO_TERMINAL,SP_SERVER_NAME,PROTOCOL_TYPE,CHANNELS,YT_PROTOCOL_TYPE) values(260805, 4, 26805, '1006804', 'B0000804',1,'1076测试服务器','4',8,'0');
insert into V_VEHICLEINFO (ORG_CODE,VEHICLE_ID,ID_NUMBER,TYPE_ID,TERMINAL_ID,DELETE_FLAG,COLOR_ID_NUMBER_ID,AUTHORIZED_PAY_MASS) values ('B0000804','2600805', '测B06804', 4, 260805, 0, '2',15);

insert into T_SIMINFO (SIM_ID, ORG_CODE, DEPTCODE, STATE,PAY_MODLE, SIM_NUM) values(26806, 'B0000804', '中国移动', 1, '预付费', 13100006805);
insert into T_TERMINALINFO (TERMINAL_ID,TTYPE_ID,SIM_ID,TERMINAL_CODE,ORG_CODE,IS_VIDEO_TERMINAL,SP_SERVER_NAME,PROTOCOL_TYPE,CHANNELS,YT_PROTOCOL_TYPE) values(260806, 4, 26806, '1006805', 'B0000804',1,'1076测试服务器','4',8,'0');
insert into V_VEHICLEINFO (ORG_CODE,VEHICLE_ID,ID_NUMBER,TYPE_ID,TERMINAL_ID,DELETE_FLAG,COLOR_ID_NUMBER_ID,AUTHORIZED_PAY_MASS) values ('B0000804','2600806', '测B06805', 4, 260806, 0, '2',15);

insert into T_SIMINFO (SIM_ID, ORG_CODE, DEPTCODE, STATE,PAY_MODLE, SIM_NUM) values(26807, 'B0000804', '中国移动', 1, '预付费', 13100006806);
insert into T_TERMINALINFO (TERMINAL_ID,TTYPE_ID,SIM_ID,TERMINAL_CODE,ORG_CODE,IS_VIDEO_TERMINAL,SP_SERVER_NAME,PROTOCOL_TYPE,CHANNELS,YT_PROTOCOL_TYPE) values(260807, 4, 26807, '1006806', 'B0000804',1,'1076测试服务器','4',8,'0');
insert into V_VEHICLEINFO (ORG_CODE,VEHICLE_ID,ID_NUMBER,TYPE_ID,TERMINAL_ID,DELETE_FLAG,COLOR_ID_NUMBER_ID,AUTHORIZED_PAY_MASS) values ('B0000804','2600807', '测B06806', 4, 260807, 0, '2',15);

insert into T_SIMINFO (SIM_ID, ORG_CODE, DEPTCODE, STATE,PAY_MODLE, SIM_NUM) values(26808, 'B0000804', '中国移动', 1, '预付费', 13100006807);
insert into T_TERMINALINFO (TERMINAL_ID,TTYPE_ID,SIM_ID,TERMINAL_CODE,ORG_CODE,IS_VIDEO_TERMINAL,SP_SERVER_NAME,PROTOCOL_TYPE,CHANNELS,YT_PROTOCOL_TYPE) values(260808, 4, 26808, '1006807', 'B0000804',1,'1076测试服务器','4',8,'0');
insert into V_VEHICLEINFO (ORG_CODE,VEHICLE_ID,ID_NUMBER,TYPE_ID,TERMINAL_ID,DELETE_FLAG,COLOR_ID_NUMBER_ID,AUTHORIZED_PAY_MASS) values ('B0000804','2600808', '测B06807', 4, 260808, 0, '2',15);

insert into T_SIMINFO (SIM_ID, ORG_CODE, DEPTCODE, STATE,PAY_MODLE, SIM_NUM) values(26809, 'B0000804', '中国移动', 1, '预付费', 13100006808);
insert into T_TERMINALINFO (TERMINAL_ID,TTYPE_ID,SIM_ID,TERMINAL_CODE,ORG_CODE,IS_VIDEO_TERMINAL,SP_SERVER_NAME,PROTOCOL_TYPE,CHANNELS,YT_PROTOCOL_TYPE) values(260809, 4, 26809, '1006808', 'B0000804',1,'1076测试服务器','4',8,'0');
insert into V_VEHICLEINFO (ORG_CODE,VEHICLE_ID,ID_NUMBER,TYPE_ID,TERMINAL_ID,DELETE_FLAG,COLOR_ID_NUMBER_ID,AUTHORIZED_PAY_MASS) values ('B0000804','2600809', '测B06808', 4, 260809, 0, '2',15);

insert into T_SIMINFO (SIM_ID, ORG_CODE, DEPTCODE, STATE,PAY_MODLE, SIM_NUM) values(26810, 'B0000804', '中国移动', 1, '预付费', 13100006809);
insert into T_TERMINALINFO (TERMINAL_ID,TTYPE_ID,SIM_ID,TERMINAL_CODE,ORG_CODE,IS_VIDEO_TERMINAL,SP_SERVER_NAME,PROTOCOL_TYPE,CHANNELS,YT_PROTOCOL_TYPE) values(260810, 4, 26810, '1006809', 'B0000804',1,'1076测试服务器','4',8,'0');
insert into V_VEHICLEINFO (ORG_CODE,VEHICLE_ID,ID_NUMBER,TYPE_ID,TERMINAL_ID,DELETE_FLAG,COLOR_ID_NUMBER_ID,AUTHORIZED_PAY_MASS) values ('B0000804','2600810', '测B06809', 4, 260810, 0, '2',15);

insert into T_SIMINFO (SIM_ID, ORG_CODE, DEPTCODE, STATE,PAY_MODLE, SIM_NUM) values(26811, 'B0000804', '中国移动', 1, '预付费', 13100006810);
insert into T_TERMINALINFO (TERMINAL_ID,TTYPE_ID,SIM_ID,TERMINAL_CODE,ORG_CODE,IS_VIDEO_TERMINAL,SP_SERVER_NAME,PROTOCOL_TYPE,CHANNELS,YT_PROTOCOL_TYPE) values(260811, 4, 26811, '1006810', 'B0000804',1,'1076测试服务器','4',8,'0');
insert into V_VEHICLEINFO (ORG_CODE,VEHICLE_ID,ID_NUMBER,TYPE_ID,TERMINAL_ID,DELETE_FLAG,COLOR_ID_NUMBER_ID,AUTHORIZED_PAY_MASS) values ('B0000804','2600811', '测B06810', 4, 260811, 0, '2',15);

insert into T_SIMINFO (SIM_ID, ORG_CODE, DEPTCODE, STATE,PAY_MODLE, SIM_NUM) values(26812, 'B0000804', '中国移动', 1, '预付费', 13100006811);
insert into T_TERMINALINFO (TERMINAL_ID,TTYPE_ID,SIM_ID,TERMINAL_CODE,ORG_CODE,IS_VIDEO_TERMINAL,SP_SERVER_NAME,PROTOCOL_TYPE,CHANNELS,YT_PROTOCOL_TYPE) values(260812, 4, 26812, '1006811', 'B0000804',1,'1076测试服务器','4',8,'0');
insert into V_VEHICLEINFO (ORG_CODE,VEHICLE_ID,ID_NUMBER,TYPE_ID,TERMINAL_ID,DELETE_FLAG,COLOR_ID_NUMBER_ID,AUTHORIZED_PAY_MASS) values ('B0000804','2600812', '测B06811', 4, 260812, 0, '2',15);

insert into T_SIMINFO (SIM_ID, ORG_CODE, DEPTCODE, STATE,PAY_MODLE, SIM_NUM) values(26813, 'B0000804', '中国移动', 1, '预付费', 13100006812);
insert into T_TERMINALINFO (TERMINAL_ID,TTYPE_ID,SIM_ID,TERMINAL_CODE,ORG_CODE,IS_VIDEO_TERMINAL,SP_SERVER_NAME,PROTOCOL_TYPE,CHANNELS,YT_PROTOCOL_TYPE) values(260813, 4, 26813, '1006812', 'B0000804',1,'1076测试服务器','4',8,'0');
insert into V_VEHICLEINFO (ORG_CODE,VEHICLE_ID,ID_NUMBER,TYPE_ID,TERMINAL_ID,DELETE_FLAG,COLOR_ID_NUMBER_ID,AUTHORIZED_PAY_MASS) values ('B0000804','2600813', '测B06812', 4, 260813, 0, '2',15);

insert into T_SIMINFO (SIM_ID, ORG_CODE, DEPTCODE, STATE,PAY_MODLE, SIM_NUM) values(26814, 'B0000804', '中国移动', 1, '预付费', 13100006813);
insert into T_TERMINALINFO (TERMINAL_ID,TTYPE_ID,SIM_ID,TERMINAL_CODE,ORG_CODE,IS_VIDEO_TERMINAL,SP_SERVER_NAME,PROTOCOL_TYPE,CHANNELS,YT_PROTOCOL_TYPE) values(260814, 4, 26814, '1006813', 'B0000804',1,'1076测试服务器','4',8,'0');
insert into V_VEHICLEINFO (ORG_CODE,VEHICLE_ID,ID_NUMBER,TYPE_ID,TERMINAL_ID,DELETE_FLAG,COLOR_ID_NUMBER_ID,AUTHORIZED_PAY_MASS) values ('B0000804','2600814', '测B06813', 4, 260814, 0, '2',15);

insert into T_SIMINFO (SIM_ID, ORG_CODE, DEPTCODE, STATE,PAY_MODLE, SIM_NUM) values(26815, 'B0000804', '中国移动', 1, '预付费', 13100006814);
insert into T_TERMINALINFO (TERMINAL_ID,TTYPE_ID,SIM_ID,TERMINAL_CODE,ORG_CODE,IS_VIDEO_TERMINAL,SP_SERVER_NAME,PROTOCOL_TYPE,CHANNELS,YT_PROTOCOL_TYPE) values(260815, 4, 26815, '1006814', 'B0000804',1,'1076测试服务器','4',8,'0');
insert into V_VEHICLEINFO (ORG_CODE,VEHICLE_ID,ID_NUMBER,TYPE_ID,TERMINAL_ID,DELETE_FLAG,COLOR_ID_NUMBER_ID,AUTHORIZED_PAY_MASS) values ('B0000804','2600815', '测B06814', 4, 260815, 0, '2',15);

insert into T_SIMINFO (SIM_ID, ORG_CODE, DEPTCODE, STATE,PAY_MODLE, SIM_NUM) values(26816, 'B0000804', '中国移动', 1, '预付费', 13100006815);
insert into T_TERMINALINFO (TERMINAL_ID,TTYPE_ID,SIM_ID,TERMINAL_CODE,ORG_CODE,IS_VIDEO_TERMINAL,SP_SERVER_NAME,PROTOCOL_TYPE,CHANNELS,YT_PROTOCOL_TYPE) values(260816, 4, 26816, '1006815', 'B0000804',1,'1076测试服务器','4',8,'0');
insert into V_VEHICLEINFO (ORG_CODE,VEHICLE_ID,ID_NUMBER,TYPE_ID,TERMINAL_ID,DELETE_FLAG,COLOR_ID_NUMBER_ID,AUTHORIZED_PAY_MASS) values ('B0000804','2600816', '测B06815', 4, 260816, 0, '2',15);

insert into T_SIMINFO (SIM_ID, ORG_CODE, DEPTCODE, STATE,PAY_MODLE, SIM_NUM) values(26817, 'B0000804', '中国移动', 1, '预付费', 13100006816);
insert into T_TERMINALINFO (TERMINAL_ID,TTYPE_ID,SIM_ID,TERMINAL_CODE,ORG_CODE,IS_VIDEO_TERMINAL,SP_SERVER_NAME,PROTOCOL_TYPE,CHANNELS,YT_PROTOCOL_TYPE) values(260817, 4, 26817, '1006816', 'B0000804',1,'1076测试服务器','4',8,'0');
insert into V_VEHICLEINFO (ORG_CODE,VEHICLE_ID,ID_NUMBER,TYPE_ID,TERMINAL_ID,DELETE_FLAG,COLOR_ID_NUMBER_ID,AUTHORIZED_PAY_MASS) values ('B0000804','2600817', '测B06816', 4, 260817, 0, '2',15);

insert into T_SIMINFO (SIM_ID, ORG_CODE, DEPTCODE, STATE,PAY_MODLE, SIM_NUM) values(26818, 'B0000804', '中国移动', 1, '预付费', 13100006817);
insert into T_TERMINALINFO (TERMINAL_ID,TTYPE_ID,SIM_ID,TERMINAL_CODE,ORG_CODE,IS_VIDEO_TERMINAL,SP_SERVER_NAME,PROTOCOL_TYPE,CHANNELS,YT_PROTOCOL_TYPE) values(260818, 4, 26818, '1006817', 'B0000804',1,'1076测试服务器','4',8,'0');
insert into V_VEHICLEINFO (ORG_CODE,VEHICLE_ID,ID_NUMBER,TYPE_ID,TERMINAL_ID,DELETE_FLAG,COLOR_ID_NUMBER_ID,AUTHORIZED_PAY_MASS) values ('B0000804','2600818', '测B06817', 4, 260818, 0, '2',15);

insert into T_SIMINFO (SIM_ID, ORG_CODE, DEPTCODE, STATE,PAY_MODLE, SIM_NUM) values(26819, 'B0000804', '中国移动', 1, '预付费', 13100006818);
insert into T_TERMINALINFO (TERMINAL_ID,TTYPE_ID,SIM_ID,TERMINAL_CODE,ORG_CODE,IS_VIDEO_TERMINAL,SP_SERVER_NAME,PROTOCOL_TYPE,CHANNELS,YT_PROTOCOL_TYPE) values(260819, 4, 26819, '1006818', 'B0000804',1,'1076测试服务器','4',8,'0');
insert into V_VEHICLEINFO (ORG_CODE,VEHICLE_ID,ID_NUMBER,TYPE_ID,TERMINAL_ID,DELETE_FLAG,COLOR_ID_NUMBER_ID,AUTHORIZED_PAY_MASS) values ('B0000804','2600819', '测B06818', 4, 260819, 0, '2',15);

insert into T_SIMINFO (SIM_ID, ORG_CODE, DEPTCODE, STATE,PAY_MODLE, SIM_NUM) values(26820, 'B0000804', '中国移动', 1, '预付费', 13100006819);
insert into T_TERMINALINFO (TERMINAL_ID,TTYPE_ID,SIM_ID,TERMINAL_CODE,ORG_CODE,IS_VIDEO_TERMINAL,SP_SERVER_NAME,PROTOCOL_TYPE,CHANNELS,YT_PROTOCOL_TYPE) values(260820, 4, 26820, '1006819', 'B0000804',1,'1076测试服务器','4',8,'0');
insert into V_VEHICLEINFO (ORG_CODE,VEHICLE_ID,ID_NUMBER,TYPE_ID,TERMINAL_ID,DELETE_FLAG,COLOR_ID_NUMBER_ID,AUTHORIZED_PAY_MASS) values ('B0000804','2600820', '测B06819', 4, 260820, 0, '2',15);

insert into T_SIMINFO (SIM_ID, ORG_CODE, DEPTCODE, STATE,PAY_MODLE, SIM_NUM) values(26821, 'B0000804', '中国移动', 1, '预付费', 13100006820);
insert into T_TERMINALINFO (TERMINAL_ID,TTYPE_ID,SIM_ID,TERMINAL_CODE,ORG_CODE,IS_VIDEO_TERMINAL,SP_SERVER_NAME,PROTOCOL_TYPE,CHANNELS,YT_PROTOCOL_TYPE) values(260821, 4, 26821, '1006820', 'B0000804',1,'1076测试服务器','4',8,'0');
insert into V_VEHICLEINFO (ORG_CODE,VEHICLE_ID,ID_NUMBER,TYPE_ID,TERMINAL_ID,DELETE_FLAG,COLOR_ID_NUMBER_ID,AUTHORIZED_PAY_MASS) values ('B0000804','2600821', '测B06820', 4, 260821, 0, '2',15);

insert into T_SIMINFO (SIM_ID, ORG_CODE, DEPTCODE, STATE,PAY_MODLE, SIM_NUM) values(26822, 'B0000804', '中国移动', 1, '预付费', 13100006821);
insert into T_TERMINALINFO (TERMINAL_ID,TTYPE_ID,SIM_ID,TERMINAL_CODE,ORG_CODE,IS_VIDEO_TERMINAL,SP_SERVER_NAME,PROTOCOL_TYPE,CHANNELS,YT_PROTOCOL_TYPE) values(260822, 4, 26822, '1006821', 'B0000804',1,'1076测试服务器','4',8,'0');
insert into V_VEHICLEINFO (ORG_CODE,VEHICLE_ID,ID_NUMBER,TYPE_ID,TERMINAL_ID,DELETE_FLAG,COLOR_ID_NUMBER_ID,AUTHORIZED_PAY_MASS) values ('B0000804','2600822', '测B06821', 4, 260822, 0, '2',15);

insert into T_SIMINFO (SIM_ID, ORG_CODE, DEPTCODE, STATE,PAY_MODLE, SIM_NUM) values(26823, 'B0000804', '中国移动', 1, '预付费', 13100006822);
insert into T_TERMINALINFO (TERMINAL_ID,TTYPE_ID,SIM_ID,TERMINAL_CODE,ORG_CODE,IS_VIDEO_TERMINAL,SP_SERVER_NAME,PROTOCOL_TYPE,CHANNELS,YT_PROTOCOL_TYPE) values(260823, 4, 26823, '1006822', 'B0000804',1,'1076测试服务器','4',8,'0');
insert into V_VEHICLEINFO (ORG_CODE,VEHICLE_ID,ID_NUMBER,TYPE_ID,TERMINAL_ID,DELETE_FLAG,COLOR_ID_NUMBER_ID,AUTHORIZED_PAY_MASS) values ('B0000804','2600823', '测B06822', 4, 260823, 0, '2',15);

insert into T_SIMINFO (SIM_ID, ORG_CODE, DEPTCODE, STATE,PAY_MODLE, SIM_NUM) values(26824, 'B0000804', '中国移动', 1, '预付费', 13100006823);
insert into T_TERMINALINFO (TERMINAL_ID,TTYPE_ID,SIM_ID,TERMINAL_CODE,ORG_CODE,IS_VIDEO_TERMINAL,SP_SERVER_NAME,PROTOCOL_TYPE,CHANNELS,YT_PROTOCOL_TYPE) values(260824, 4, 26824, '1006823', 'B0000804',1,'1076测试服务器','4',8,'0');
insert into V_VEHICLEINFO (ORG_CODE,VEHICLE_ID,ID_NUMBER,TYPE_ID,TERMINAL_ID,DELETE_FLAG,COLOR_ID_NUMBER_ID,AUTHORIZED_PAY_MASS) values ('B0000804','2600824', '测B06823', 4, 260824, 0, '2',15);

insert into T_SIMINFO (SIM_ID, ORG_CODE, DEPTCODE, STATE,PAY_MODLE, SIM_NUM) values(26825, 'B0000804', '中国移动', 1, '预付费', 13100006824);
insert into T_TERMINALINFO (TERMINAL_ID,TTYPE_ID,SIM_ID,TERMINAL_CODE,ORG_CODE,IS_VIDEO_TERMINAL,SP_SERVER_NAME,PROTOCOL_TYPE,CHANNELS,YT_PROTOCOL_TYPE) values(260825, 4, 26825, '1006824', 'B0000804',1,'1076测试服务器','4',8,'0');
insert into V_VEHICLEINFO (ORG_CODE,VEHICLE_ID,ID_NUMBER,TYPE_ID,TERMINAL_ID,DELETE_FLAG,COLOR_ID_NUMBER_ID,AUTHORIZED_PAY_MASS) values ('B0000804','2600825', '测B06824', 4, 260825, 0, '2',15);

insert into T_SIMINFO (SIM_ID, ORG_CODE, DEPTCODE, STATE,PAY_MODLE, SIM_NUM) values(26826, 'B0000804', '中国移动', 1, '预付费', 13100006825);
insert into T_TERMINALINFO (TERMINAL_ID,TTYPE_ID,SIM_ID,TERMINAL_CODE,ORG_CODE,IS_VIDEO_TERMINAL,SP_SERVER_NAME,PROTOCOL_TYPE,CHANNELS,YT_PROTOCOL_TYPE) values(260826, 4, 26826, '1006825', 'B0000804',1,'1076测试服务器','4',8,'0');
insert into V_VEHICLEINFO (ORG_CODE,VEHICLE_ID,ID_NUMBER,TYPE_ID,TERMINAL_ID,DELETE_FLAG,COLOR_ID_NUMBER_ID,AUTHORIZED_PAY_MASS) values ('B0000804','2600826', '测B06825', 4, 260826, 0, '2',15);

insert into T_SIMINFO (SIM_ID, ORG_CODE, DEPTCODE, STATE,PAY_MODLE, SIM_NUM) values(26827, 'B0000804', '中国移动', 1, '预付费', 13100006826);
insert into T_TERMINALINFO (TERMINAL_ID,TTYPE_ID,SIM_ID,TERMINAL_CODE,ORG_CODE,IS_VIDEO_TERMINAL,SP_SERVER_NAME,PROTOCOL_TYPE,CHANNELS,YT_PROTOCOL_TYPE) values(260827, 4, 26827, '1006826', 'B0000804',1,'1076测试服务器','4',8,'0');
insert into V_VEHICLEINFO (ORG_CODE,VEHICLE_ID,ID_NUMBER,TYPE_ID,TERMINAL_ID,DELETE_FLAG,COLOR_ID_NUMBER_ID,AUTHORIZED_PAY_MASS) values ('B0000804','2600827', '测B06826', 4, 260827, 0, '2',15);

insert into T_SIMINFO (SIM_ID, ORG_CODE, DEPTCODE, STATE,PAY_MODLE, SIM_NUM) values(26828, 'B0000804', '中国移动', 1, '预付费', 13100006827);
insert into T_TERMINALINFO (TERMINAL_ID,TTYPE_ID,SIM_ID,TERMINAL_CODE,ORG_CODE,IS_VIDEO_TERMINAL,SP_SERVER_NAME,PROTOCOL_TYPE,CHANNELS,YT_PROTOCOL_TYPE) values(260828, 4, 26828, '1006827', 'B0000804',1,'1076测试服务器','4',8,'0');
insert into V_VEHICLEINFO (ORG_CODE,VEHICLE_ID,ID_NUMBER,TYPE_ID,TERMINAL_ID,DELETE_FLAG,COLOR_ID_NUMBER_ID,AUTHORIZED_PAY_MASS) values ('B0000804','2600828', '测B06827', 4, 260828, 0, '2',15);

insert into T_SIMINFO (SIM_ID, ORG_CODE, DEPTCODE, STATE,PAY_MODLE, SIM_NUM) values(26829, 'B0000804', '中国移动', 1, '预付费', 13100006828);
insert into T_TERMINALINFO (TERMINAL_ID,TTYPE_ID,SIM_ID,TERMINAL_CODE,ORG_CODE,IS_VIDEO_TERMINAL,SP_SERVER_NAME,PROTOCOL_TYPE,CHANNELS,YT_PROTOCOL_TYPE) values(260829, 4, 26829, '1006828', 'B0000804',1,'1076测试服务器','4',8,'0');
insert into V_VEHICLEINFO (ORG_CODE,VEHICLE_ID,ID_NUMBER,TYPE_ID,TERMINAL_ID,DELETE_FLAG,COLOR_ID_NUMBER_ID,AUTHORIZED_PAY_MASS) values ('B0000804','2600829', '测B06828', 4, 260829, 0, '2',15);

insert into T_SIMINFO (SIM_ID, ORG_CODE, DEPTCODE, STATE,PAY_MODLE, SIM_NUM) values(26830, 'B0000804', '中国移动', 1, '预付费', 13100006829);
insert into T_TERMINALINFO (TERMINAL_ID,TTYPE_ID,SIM_ID,TERMINAL_CODE,ORG_CODE,IS_VIDEO_TERMINAL,SP_SERVER_NAME,PROTOCOL_TYPE,CHANNELS,YT_PROTOCOL_TYPE) values(260830, 4, 26830, '1006829', 'B0000804',1,'1076测试服务器','4',8,'0');
insert into V_VEHICLEINFO (ORG_CODE,VEHICLE_ID,ID_NUMBER,TYPE_ID,TERMINAL_ID,DELETE_FLAG,COLOR_ID_NUMBER_ID,AUTHORIZED_PAY_MASS) values ('B0000804','2600830', '测B06829', 4, 260830, 0, '2',15);

insert into T_SIMINFO (SIM_ID, ORG_CODE, DEPTCODE, STATE,PAY_MODLE, SIM_NUM) values(26831, 'B0000804', '中国移动', 1, '预付费', 13100006830);
insert into T_TERMINALINFO (TERMINAL_ID,TTYPE_ID,SIM_ID,TERMINAL_CODE,ORG_CODE,IS_VIDEO_TERMINAL,SP_SERVER_NAME,PROTOCOL_TYPE,CHANNELS,YT_PROTOCOL_TYPE) values(260831, 4, 26831, '1006830', 'B0000804',1,'1076测试服务器','4',8,'0');
insert into V_VEHICLEINFO (ORG_CODE,VEHICLE_ID,ID_NUMBER,TYPE_ID,TERMINAL_ID,DELETE_FLAG,COLOR_ID_NUMBER_ID,AUTHORIZED_PAY_MASS) values ('B0000804','2600831', '测B06830', 4, 260831, 0, '2',15);

insert into T_SIMINFO (SIM_ID, ORG_CODE, DEPTCODE, STATE,PAY_MODLE, SIM_NUM) values(26832, 'B0000804', '中国移动', 1, '预付费', 13100006831);
insert into T_TERMINALINFO (TERMINAL_ID,TTYPE_ID,SIM_ID,TERMINAL_CODE,ORG_CODE,IS_VIDEO_TERMINAL,SP_SERVER_NAME,PROTOCOL_TYPE,CHANNELS,YT_PROTOCOL_TYPE) values(260832, 4, 26832, '1006831', 'B0000804',1,'1076测试服务器','4',8,'0');
insert into V_VEHICLEINFO (ORG_CODE,VEHICLE_ID,ID_NUMBER,TYPE_ID,TERMINAL_ID,DELETE_FLAG,COLOR_ID_NUMBER_ID,AUTHORIZED_PAY_MASS) values ('B0000804','2600832', '测B06831', 4, 260832, 0, '2',15);

insert into T_SIMINFO (SIM_ID, ORG_CODE, DEPTCODE, STATE,PAY_MODLE, SIM_NUM) values(26833, 'B0000804', '中国移动', 1, '预付费', 13100006832);
insert into T_TERMINALINFO (TERMINAL_ID,TTYPE_ID,SIM_ID,TERMINAL_CODE,ORG_CODE,IS_VIDEO_TERMINAL,SP_SERVER_NAME,PROTOCOL_TYPE,CHANNELS,YT_PROTOCOL_TYPE) values(260833, 4, 26833, '1006832', 'B0000804',1,'1076测试服务器','4',8,'0');
insert into V_VEHICLEINFO (ORG_CODE,VEHICLE_ID,ID_NUMBER,TYPE_ID,TERMINAL_ID,DELETE_FLAG,COLOR_ID_NUMBER_ID,AUTHORIZED_PAY_MASS) values ('B0000804','2600833', '测B06832', 4, 260833, 0, '2',15);

insert into T_SIMINFO (SIM_ID, ORG_CODE, DEPTCODE, STATE,PAY_MODLE, SIM_NUM) values(26834, 'B0000804', '中国移动', 1, '预付费', 13100006833);
insert into T_TERMINALINFO (TERMINAL_ID,TTYPE_ID,SIM_ID,TERMINAL_CODE,ORG_CODE,IS_VIDEO_TERMINAL,SP_SERVER_NAME,PROTOCOL_TYPE,CHANNELS,YT_PROTOCOL_TYPE) values(260834, 4, 26834, '1006833', 'B0000804',1,'1076测试服务器','4',8,'0');
insert into V_VEHICLEINFO (ORG_CODE,VEHICLE_ID,ID_NUMBER,TYPE_ID,TERMINAL_ID,DELETE_FLAG,COLOR_ID_NUMBER_ID,AUTHORIZED_PAY_MASS) values ('B0000804','2600834', '测B06833', 4, 260834, 0, '2',15);

insert into T_SIMINFO (SIM_ID, ORG_CODE, DEPTCODE, STATE,PAY_MODLE, SIM_NUM) values(26835, 'B0000804', '中国移动', 1, '预付费', 13100006834);
insert into T_TERMINALINFO (TERMINAL_ID,TTYPE_ID,SIM_ID,TERMINAL_CODE,ORG_CODE,IS_VIDEO_TERMINAL,SP_SERVER_NAME,PROTOCOL_TYPE,CHANNELS,YT_PROTOCOL_TYPE) values(260835, 4, 26835, '1006834', 'B0000804',1,'1076测试服务器','4',8,'0');
insert into V_VEHICLEINFO (ORG_CODE,VEHICLE_ID,ID_NUMBER,TYPE_ID,TERMINAL_ID,DELETE_FLAG,COLOR_ID_NUMBER_ID,AUTHORIZED_PAY_MASS) values ('B0000804','2600835', '测B06834', 4, 260835, 0, '2',15);

insert into T_SIMINFO (SIM_ID, ORG_CODE, DEPTCODE, STATE,PAY_MODLE, SIM_NUM) values(26836, 'B0000804', '中国移动', 1, '预付费', 13100006835);
insert into T_TERMINALINFO (TERMINAL_ID,TTYPE_ID,SIM_ID,TERMINAL_CODE,ORG_CODE,IS_VIDEO_TERMINAL,SP_SERVER_NAME,PROTOCOL_TYPE,CHANNELS,YT_PROTOCOL_TYPE) values(260836, 4, 26836, '1006835', 'B0000804',1,'1076测试服务器','4',8,'0');
insert into V_VEHICLEINFO (ORG_CODE,VEHICLE_ID,ID_NUMBER,TYPE_ID,TERMINAL_ID,DELETE_FLAG,COLOR_ID_NUMBER_ID,AUTHORIZED_PAY_MASS) values ('B0000804','2600836', '测B06835', 4, 260836, 0, '2',15);

insert into T_SIMINFO (SIM_ID, ORG_CODE, DEPTCODE, STATE,PAY_MODLE, SIM_NUM) values(26837, 'B0000804', '中国移动', 1, '预付费', 13100006836);
insert into T_TERMINALINFO (TERMINAL_ID,TTYPE_ID,SIM_ID,TERMINAL_CODE,ORG_CODE,IS_VIDEO_TERMINAL,SP_SERVER_NAME,PROTOCOL_TYPE,CHANNELS,YT_PROTOCOL_TYPE) values(260837, 4, 26837, '1006836', 'B0000804',1,'1076测试服务器','4',8,'0');
insert into V_VEHICLEINFO (ORG_CODE,VEHICLE_ID,ID_NUMBER,TYPE_ID,TERMINAL_ID,DELETE_FLAG,COLOR_ID_NUMBER_ID,AUTHORIZED_PAY_MASS) values ('B0000804','2600837', '测B06836', 4, 260837, 0, '2',15);

insert into T_SIMINFO (SIM_ID, ORG_CODE, DEPTCODE, STATE,PAY_MODLE, SIM_NUM) values(26838, 'B0000804', '中国移动', 1, '预付费', 13100006837);
insert into T_TERMINALINFO (TERMINAL_ID,TTYPE_ID,SIM_ID,TERMINAL_CODE,ORG_CODE,IS_VIDEO_TERMINAL,SP_SERVER_NAME,PROTOCOL_TYPE,CHANNELS,YT_PROTOCOL_TYPE) values(260838, 4, 26838, '1006837', 'B0000804',1,'1076测试服务器','4',8,'0');
insert into V_VEHICLEINFO (ORG_CODE,VEHICLE_ID,ID_NUMBER,TYPE_ID,TERMINAL_ID,DELETE_FLAG,COLOR_ID_NUMBER_ID,AUTHORIZED_PAY_MASS) values ('B0000804','2600838', '测B06837', 4, 260838, 0, '2',15);

insert into T_SIMINFO (SIM_ID, ORG_CODE, DEPTCODE, STATE,PAY_MODLE, SIM_NUM) values(26839, 'B0000804', '中国移动', 1, '预付费', 13100006838);
insert into T_TERMINALINFO (TERMINAL_ID,TTYPE_ID,SIM_ID,TERMINAL_CODE,ORG_CODE,IS_VIDEO_TERMINAL,SP_SERVER_NAME,PROTOCOL_TYPE,CHANNELS,YT_PROTOCOL_TYPE) values(260839, 4, 26839, '1006838', 'B0000804',1,'1076测试服务器','4',8,'0');
insert into V_VEHICLEINFO (ORG_CODE,VEHICLE_ID,ID_NUMBER,TYPE_ID,TERMINAL_ID,DELETE_FLAG,COLOR_ID_NUMBER_ID,AUTHORIZED_PAY_MASS) values ('B0000804','2600839', '测B06838', 4, 260839, 0, '2',15);

insert into T_SIMINFO (SIM_ID, ORG_CODE, DEPTCODE, STATE,PAY_MODLE, SIM_NUM) values(26840, 'B0000804', '中国移动', 1, '预付费', 13100006839);
insert into T_TERMINALINFO (TERMINAL_ID,TTYPE_ID,SIM_ID,TERMINAL_CODE,ORG_CODE,IS_VIDEO_TERMINAL,SP_SERVER_NAME,PROTOCOL_TYPE,CHANNELS,YT_PROTOCOL_TYPE) values(260840, 4, 26840, '1006839', 'B0000804',1,'1076测试服务器','4',8,'0');
insert into V_VEHICLEINFO (ORG_CODE,VEHICLE_ID,ID_NUMBER,TYPE_ID,TERMINAL_ID,DELETE_FLAG,COLOR_ID_NUMBER_ID,AUTHORIZED_PAY_MASS) values ('B0000804','2600840', '测B06839', 4, 260840, 0, '2',15);

insert into T_SIMINFO (SIM_ID, ORG_CODE, DEPTCODE, STATE,PAY_MODLE, SIM_NUM) values(26841, 'B0000804', '中国移动', 1, '预付费', 13100006840);
insert into T_TERMINALINFO (TERMINAL_ID,TTYPE_ID,SIM_ID,TERMINAL_CODE,ORG_CODE,IS_VIDEO_TERMINAL,SP_SERVER_NAME,PROTOCOL_TYPE,CHANNELS,YT_PROTOCOL_TYPE) values(260841, 4, 26841, '1006840', 'B0000804',1,'1076测试服务器','4',8,'0');
insert into V_VEHICLEINFO (ORG_CODE,VEHICLE_ID,ID_NUMBER,TYPE_ID,TERMINAL_ID,DELETE_FLAG,COLOR_ID_NUMBER_ID,AUTHORIZED_PAY_MASS) values ('B0000804','2600841', '测B06840', 4, 260841, 0, '2',15);

insert into T_SIMINFO (SIM_ID, ORG_CODE, DEPTCODE, STATE,PAY_MODLE, SIM_NUM) values(26842, 'B0000804', '中国移动', 1, '预付费', 13100006841);
insert into T_TERMINALINFO (TERMINAL_ID,TTYPE_ID,SIM_ID,TERMINAL_CODE,ORG_CODE,IS_VIDEO_TERMINAL,SP_SERVER_NAME,PROTOCOL_TYPE,CHANNELS,YT_PROTOCOL_TYPE) values(260842, 4, 26842, '1006841', 'B0000804',1,'1076测试服务器','4',8,'0');
insert into V_VEHICLEINFO (ORG_CODE,VEHICLE_ID,ID_NUMBER,TYPE_ID,TERMINAL_ID,DELETE_FLAG,COLOR_ID_NUMBER_ID,AUTHORIZED_PAY_MASS) values ('B0000804','2600842', '测B06841', 4, 260842, 0, '2',15);

insert into T_SIMINFO (SIM_ID, ORG_CODE, DEPTCODE, STATE,PAY_MODLE, SIM_NUM) values(26843, 'B0000804', '中国移动', 1, '预付费', 13100006842);
insert into T_TERMINALINFO (TERMINAL_ID,TTYPE_ID,SIM_ID,TERMINAL_CODE,ORG_CODE,IS_VIDEO_TERMINAL,SP_SERVER_NAME,PROTOCOL_TYPE,CHANNELS,YT_PROTOCOL_TYPE) values(260843, 4, 26843, '1006842', 'B0000804',1,'1076测试服务器','4',8,'0');
insert into V_VEHICLEINFO (ORG_CODE,VEHICLE_ID,ID_NUMBER,TYPE_ID,TERMINAL_ID,DELETE_FLAG,COLOR_ID_NUMBER_ID,AUTHORIZED_PAY_MASS) values ('B0000804','2600843', '测B06842', 4, 260843, 0, '2',15);

insert into T_SIMINFO (SIM_ID, ORG_CODE, DEPTCODE, STATE,PAY_MODLE, SIM_NUM) values(26844, 'B0000804', '中国移动', 1, '预付费', 13100006843);
insert into T_TERMINALINFO (TERMINAL_ID,TTYPE_ID,SIM_ID,TERMINAL_CODE,ORG_CODE,IS_VIDEO_TERMINAL,SP_SERVER_NAME,PROTOCOL_TYPE,CHANNELS,YT_PROTOCOL_TYPE) values(260844, 4, 26844, '1006843', 'B0000804',1,'1076测试服务器','4',8,'0');
insert into V_VEHICLEINFO (ORG_CODE,VEHICLE_ID,ID_NUMBER,TYPE_ID,TERMINAL_ID,DELETE_FLAG,COLOR_ID_NUMBER_ID,AUTHORIZED_PAY_MASS) values ('B0000804','2600844', '测B06843', 4, 260844, 0, '2',15);

insert into T_SIMINFO (SIM_ID, ORG_CODE, DEPTCODE, STATE,PAY_MODLE, SIM_NUM) values(26845, 'B0000804', '中国移动', 1, '预付费', 13100006844);
insert into T_TERMINALINFO (TERMINAL_ID,TTYPE_ID,SIM_ID,TERMINAL_CODE,ORG_CODE,IS_VIDEO_TERMINAL,SP_SERVER_NAME,PROTOCOL_TYPE,CHANNELS,YT_PROTOCOL_TYPE) values(260845, 4, 26845, '1006844', 'B0000804',1,'1076测试服务器','4',8,'0');
insert into V_VEHICLEINFO (ORG_CODE,VEHICLE_ID,ID_NUMBER,TYPE_ID,TERMINAL_ID,DELETE_FLAG,COLOR_ID_NUMBER_ID,AUTHORIZED_PAY_MASS) values ('B0000804','2600845', '测B06844', 4, 260845, 0, '2',15);

insert into T_SIMINFO (SIM_ID, ORG_CODE, DEPTCODE, STATE,PAY_MODLE, SIM_NUM) values(26846, 'B0000804', '中国移动', 1, '预付费', 13100006845);
insert into T_TERMINALINFO (TERMINAL_ID,TTYPE_ID,SIM_ID,TERMINAL_CODE,ORG_CODE,IS_VIDEO_TERMINAL,SP_SERVER_NAME,PROTOCOL_TYPE,CHANNELS,YT_PROTOCOL_TYPE) values(260846, 4, 26846, '1006845', 'B0000804',1,'1076测试服务器','4',8,'0');
insert into V_VEHICLEINFO (ORG_CODE,VEHICLE_ID,ID_NUMBER,TYPE_ID,TERMINAL_ID,DELETE_FLAG,COLOR_ID_NUMBER_ID,AUTHORIZED_PAY_MASS) values ('B0000804','2600846', '测B06845', 4, 260846, 0, '2',15);

insert into T_SIMINFO (SIM_ID, ORG_CODE, DEPTCODE, STATE,PAY_MODLE, SIM_NUM) values(26847, 'B0000804', '中国移动', 1, '预付费', 13100006846);
insert into T_TERMINALINFO (TERMINAL_ID,TTYPE_ID,SIM_ID,TERMINAL_CODE,ORG_CODE,IS_VIDEO_TERMINAL,SP_SERVER_NAME,PROTOCOL_TYPE,CHANNELS,YT_PROTOCOL_TYPE) values(260847, 4, 26847, '1006846', 'B0000804',1,'1076测试服务器','4',8,'0');
insert into V_VEHICLEINFO (ORG_CODE,VEHICLE_ID,ID_NUMBER,TYPE_ID,TERMINAL_ID,DELETE_FLAG,COLOR_ID_NUMBER_ID,AUTHORIZED_PAY_MASS) values ('B0000804','2600847', '测B06846', 4, 260847, 0, '2',15);

insert into T_SIMINFO (SIM_ID, ORG_CODE, DEPTCODE, STATE,PAY_MODLE, SIM_NUM) values(26848, 'B0000804', '中国移动', 1, '预付费', 13100006847);
insert into T_TERMINALINFO (TERMINAL_ID,TTYPE_ID,SIM_ID,TERMINAL_CODE,ORG_CODE,IS_VIDEO_TERMINAL,SP_SERVER_NAME,PROTOCOL_TYPE,CHANNELS,YT_PROTOCOL_TYPE) values(260848, 4, 26848, '1006847', 'B0000804',1,'1076测试服务器','4',8,'0');
insert into V_VEHICLEINFO (ORG_CODE,VEHICLE_ID,ID_NUMBER,TYPE_ID,TERMINAL_ID,DELETE_FLAG,COLOR_ID_NUMBER_ID,AUTHORIZED_PAY_MASS) values ('B0000804','2600848', '测B06847', 4, 260848, 0, '2',15);

insert into T_SIMINFO (SIM_ID, ORG_CODE, DEPTCODE, STATE,PAY_MODLE, SIM_NUM) values(26849, 'B0000804', '中国移动', 1, '预付费', 13100006848);
insert into T_TERMINALINFO (TERMINAL_ID,TTYPE_ID,SIM_ID,TERMINAL_CODE,ORG_CODE,IS_VIDEO_TERMINAL,SP_SERVER_NAME,PROTOCOL_TYPE,CHANNELS,YT_PROTOCOL_TYPE) values(260849, 4, 26849, '1006848', 'B0000804',1,'1076测试服务器','4',8,'0');
insert into V_VEHICLEINFO (ORG_CODE,VEHICLE_ID,ID_NUMBER,TYPE_ID,TERMINAL_ID,DELETE_FLAG,COLOR_ID_NUMBER_ID,AUTHORIZED_PAY_MASS) values ('B0000804','2600849', '测B06848', 4, 260849, 0, '2',15);

insert into T_SIMINFO (SIM_ID, ORG_CODE, DEPTCODE, STATE,PAY_MODLE, SIM_NUM) values(26850, 'B0000804', '中国移动', 1, '预付费', 13100006849);
insert into T_TERMINALINFO (TERMINAL_ID,TTYPE_ID,SIM_ID,TERMINAL_CODE,ORG_CODE,IS_VIDEO_TERMINAL,SP_SERVER_NAME,PROTOCOL_TYPE,CHANNELS,YT_PROTOCOL_TYPE) values(260850, 4, 26850, '1006849', 'B0000804',1,'1076测试服务器','4',8,'0');
insert into V_VEHICLEINFO (ORG_CODE,VEHICLE_ID,ID_NUMBER,TYPE_ID,TERMINAL_ID,DELETE_FLAG,COLOR_ID_NUMBER_ID,AUTHORIZED_PAY_MASS) values ('B0000804','2600850', '测B06849', 4, 260850, 0, '2',15);

insert into T_SIMINFO (SIM_ID, ORG_CODE, DEPTCODE, STATE,PAY_MODLE, SIM_NUM) values(26851, 'B0000804', '中国移动', 1, '预付费', 13100006850);
insert into T_TERMINALINFO (TERMINAL_ID,TTYPE_ID,SIM_ID,TERMINAL_CODE,ORG_CODE,IS_VIDEO_TERMINAL,SP_SERVER_NAME,PROTOCOL_TYPE,CHANNELS,YT_PROTOCOL_TYPE) values(260851, 4, 26851, '1006850', 'B0000804',1,'1076测试服务器','4',8,'0');
insert into V_VEHICLEINFO (ORG_CODE,VEHICLE_ID,ID_NUMBER,TYPE_ID,TERMINAL_ID,DELETE_FLAG,COLOR_ID_NUMBER_ID,AUTHORIZED_PAY_MASS) values ('B0000804','2600851', '测B06850', 4, 260851, 0, '2',15);

insert into T_SIMINFO (SIM_ID, ORG_CODE, DEPTCODE, STATE,PAY_MODLE, SIM_NUM) values(26852, 'B0000804', '中国移动', 1, '预付费', 13100006851);
insert into T_TERMINALINFO (TERMINAL_ID,TTYPE_ID,SIM_ID,TERMINAL_CODE,ORG_CODE,IS_VIDEO_TERMINAL,SP_SERVER_NAME,PROTOCOL_TYPE,CHANNELS,YT_PROTOCOL_TYPE) values(260852, 4, 26852, '1006851', 'B0000804',1,'1076测试服务器','4',8,'0');
insert into V_VEHICLEINFO (ORG_CODE,VEHICLE_ID,ID_NUMBER,TYPE_ID,TERMINAL_ID,DELETE_FLAG,COLOR_ID_NUMBER_ID,AUTHORIZED_PAY_MASS) values ('B0000804','2600852', '测B06851', 4, 260852, 0, '2',15);

insert into T_SIMINFO (SIM_ID, ORG_CODE, DEPTCODE, STATE,PAY_MODLE, SIM_NUM) values(26853, 'B0000804', '中国移动', 1, '预付费', 13100006852);
insert into T_TERMINALINFO (TERMINAL_ID,TTYPE_ID,SIM_ID,TERMINAL_CODE,ORG_CODE,IS_VIDEO_TERMINAL,SP_SERVER_NAME,PROTOCOL_TYPE,CHANNELS,YT_PROTOCOL_TYPE) values(260853, 4, 26853, '1006852', 'B0000804',1,'1076测试服务器','4',8,'0');
insert into V_VEHICLEINFO (ORG_CODE,VEHICLE_ID,ID_NUMBER,TYPE_ID,TERMINAL_ID,DELETE_FLAG,COLOR_ID_NUMBER_ID,AUTHORIZED_PAY_MASS) values ('B0000804','2600853', '测B06852', 4, 260853, 0, '2',15);

insert into T_SIMINFO (SIM_ID, ORG_CODE, DEPTCODE, STATE,PAY_MODLE, SIM_NUM) values(26854, 'B0000804', '中国移动', 1, '预付费', 13100006853);
insert into T_TERMINALINFO (TERMINAL_ID,TTYPE_ID,SIM_ID,TERMINAL_CODE,ORG_CODE,IS_VIDEO_TERMINAL,SP_SERVER_NAME,PROTOCOL_TYPE,CHANNELS,YT_PROTOCOL_TYPE) values(260854, 4, 26854, '1006853', 'B0000804',1,'1076测试服务器','4',8,'0');
insert into V_VEHICLEINFO (ORG_CODE,VEHICLE_ID,ID_NUMBER,TYPE_ID,TERMINAL_ID,DELETE_FLAG,COLOR_ID_NUMBER_ID,AUTHORIZED_PAY_MASS) values ('B0000804','2600854', '测B06853', 4, 260854, 0, '2',15);

insert into T_SIMINFO (SIM_ID, ORG_CODE, DEPTCODE, STATE,PAY_MODLE, SIM_NUM) values(26855, 'B0000804', '中国移动', 1, '预付费', 13100006854);
insert into T_TERMINALINFO (TERMINAL_ID,TTYPE_ID,SIM_ID,TERMINAL_CODE,ORG_CODE,IS_VIDEO_TERMINAL,SP_SERVER_NAME,PROTOCOL_TYPE,CHANNELS,YT_PROTOCOL_TYPE) values(260855, 4, 26855, '1006854', 'B0000804',1,'1076测试服务器','4',8,'0');
insert into V_VEHICLEINFO (ORG_CODE,VEHICLE_ID,ID_NUMBER,TYPE_ID,TERMINAL_ID,DELETE_FLAG,COLOR_ID_NUMBER_ID,AUTHORIZED_PAY_MASS) values ('B0000804','2600855', '测B06854', 4, 260855, 0, '2',15);

insert into T_SIMINFO (SIM_ID, ORG_CODE, DEPTCODE, STATE,PAY_MODLE, SIM_NUM) values(26856, 'B0000804', '中国移动', 1, '预付费', 13100006855);
insert into T_TERMINALINFO (TERMINAL_ID,TTYPE_ID,SIM_ID,TERMINAL_CODE,ORG_CODE,IS_VIDEO_TERMINAL,SP_SERVER_NAME,PROTOCOL_TYPE,CHANNELS,YT_PROTOCOL_TYPE) values(260856, 4, 26856, '1006855', 'B0000804',1,'1076测试服务器','4',8,'0');
insert into V_VEHICLEINFO (ORG_CODE,VEHICLE_ID,ID_NUMBER,TYPE_ID,TERMINAL_ID,DELETE_FLAG,COLOR_ID_NUMBER_ID,AUTHORIZED_PAY_MASS) values ('B0000804','2600856', '测B06855', 4, 260856, 0, '2',15);

insert into T_SIMINFO (SIM_ID, ORG_CODE, DEPTCODE, STATE,PAY_MODLE, SIM_NUM) values(26857, 'B0000804', '中国移动', 1, '预付费', 13100006856);
insert into T_TERMINALINFO (TERMINAL_ID,TTYPE_ID,SIM_ID,TERMINAL_CODE,ORG_CODE,IS_VIDEO_TERMINAL,SP_SERVER_NAME,PROTOCOL_TYPE,CHANNELS,YT_PROTOCOL_TYPE) values(260857, 4, 26857, '1006856', 'B0000804',1,'1076测试服务器','4',8,'0');
insert into V_VEHICLEINFO (ORG_CODE,VEHICLE_ID,ID_NUMBER,TYPE_ID,TERMINAL_ID,DELETE_FLAG,COLOR_ID_NUMBER_ID,AUTHORIZED_PAY_MASS) values ('B0000804','2600857', '测B06856', 4, 260857, 0, '2',15);

insert into T_SIMINFO (SIM_ID, ORG_CODE, DEPTCODE, STATE,PAY_MODLE, SIM_NUM) values(26858, 'B0000804', '中国移动', 1, '预付费', 13100006857);
insert into T_TERMINALINFO (TERMINAL_ID,TTYPE_ID,SIM_ID,TERMINAL_CODE,ORG_CODE,IS_VIDEO_TERMINAL,SP_SERVER_NAME,PROTOCOL_TYPE,CHANNELS,YT_PROTOCOL_TYPE) values(260858, 4, 26858, '1006857', 'B0000804',1,'1076测试服务器','4',8,'0');
insert into V_VEHICLEINFO (ORG_CODE,VEHICLE_ID,ID_NUMBER,TYPE_ID,TERMINAL_ID,DELETE_FLAG,COLOR_ID_NUMBER_ID,AUTHORIZED_PAY_MASS) values ('B0000804','2600858', '测B06857', 4, 260858, 0, '2',15);

insert into T_SIMINFO (SIM_ID, ORG_CODE, DEPTCODE, STATE,PAY_MODLE, SIM_NUM) values(26859, 'B0000804', '中国移动', 1, '预付费', 13100006858);
insert into T_TERMINALINFO (TERMINAL_ID,TTYPE_ID,SIM_ID,TERMINAL_CODE,ORG_CODE,IS_VIDEO_TERMINAL,SP_SERVER_NAME,PROTOCOL_TYPE,CHANNELS,YT_PROTOCOL_TYPE) values(260859, 4, 26859, '1006858', 'B0000804',1,'1076测试服务器','4',8,'0');
insert into V_VEHICLEINFO (ORG_CODE,VEHICLE_ID,ID_NUMBER,TYPE_ID,TERMINAL_ID,DELETE_FLAG,COLOR_ID_NUMBER_ID,AUTHORIZED_PAY_MASS) values ('B0000804','2600859', '测B06858', 4, 260859, 0, '2',15);

insert into T_SIMINFO (SIM_ID, ORG_CODE, DEPTCODE, STATE,PAY_MODLE, SIM_NUM) values(26860, 'B0000804', '中国移动', 1, '预付费', 13100006859);
insert into T_TERMINALINFO (TERMINAL_ID,TTYPE_ID,SIM_ID,TERMINAL_CODE,ORG_CODE,IS_VIDEO_TERMINAL,SP_SERVER_NAME,PROTOCOL_TYPE,CHANNELS,YT_PROTOCOL_TYPE) values(260860, 4, 26860, '1006859', 'B0000804',1,'1076测试服务器','4',8,'0');
insert into V_VEHICLEINFO (ORG_CODE,VEHICLE_ID,ID_NUMBER,TYPE_ID,TERMINAL_ID,DELETE_FLAG,COLOR_ID_NUMBER_ID,AUTHORIZED_PAY_MASS) values ('B0000804','2600860', '测B06859', 4, 260860, 0, '2',15);

insert into T_SIMINFO (SIM_ID, ORG_CODE, DEPTCODE, STATE,PAY_MODLE, SIM_NUM) values(26861, 'B0000804', '中国移动', 1, '预付费', 13100006860);
insert into T_TERMINALINFO (TERMINAL_ID,TTYPE_ID,SIM_ID,TERMINAL_CODE,ORG_CODE,IS_VIDEO_TERMINAL,SP_SERVER_NAME,PROTOCOL_TYPE,CHANNELS,YT_PROTOCOL_TYPE) values(260861, 4, 26861, '1006860', 'B0000804',1,'1076测试服务器','4',8,'0');
insert into V_VEHICLEINFO (ORG_CODE,VEHICLE_ID,ID_NUMBER,TYPE_ID,TERMINAL_ID,DELETE_FLAG,COLOR_ID_NUMBER_ID,AUTHORIZED_PAY_MASS) values ('B0000804','2600861', '测B06860', 4, 260861, 0, '2',15);

insert into T_SIMINFO (SIM_ID, ORG_CODE, DEPTCODE, STATE,PAY_MODLE, SIM_NUM) values(26862, 'B0000804', '中国移动', 1, '预付费', 13100006861);
insert into T_TERMINALINFO (TERMINAL_ID,TTYPE_ID,SIM_ID,TERMINAL_CODE,ORG_CODE,IS_VIDEO_TERMINAL,SP_SERVER_NAME,PROTOCOL_TYPE,CHANNELS,YT_PROTOCOL_TYPE) values(260862, 4, 26862, '1006861', 'B0000804',1,'1076测试服务器','4',8,'0');
insert into V_VEHICLEINFO (ORG_CODE,VEHICLE_ID,ID_NUMBER,TYPE_ID,TERMINAL_ID,DELETE_FLAG,COLOR_ID_NUMBER_ID,AUTHORIZED_PAY_MASS) values ('B0000804','2600862', '测B06861', 4, 260862, 0, '2',15);

insert into T_SIMINFO (SIM_ID, ORG_CODE, DEPTCODE, STATE,PAY_MODLE, SIM_NUM) values(26863, 'B0000804', '中国移动', 1, '预付费', 13100006862);
insert into T_TERMINALINFO (TERMINAL_ID,TTYPE_ID,SIM_ID,TERMINAL_CODE,ORG_CODE,IS_VIDEO_TERMINAL,SP_SERVER_NAME,PROTOCOL_TYPE,CHANNELS,YT_PROTOCOL_TYPE) values(260863, 4, 26863, '1006862', 'B0000804',1,'1076测试服务器','4',8,'0');
insert into V_VEHICLEINFO (ORG_CODE,VEHICLE_ID,ID_NUMBER,TYPE_ID,TERMINAL_ID,DELETE_FLAG,COLOR_ID_NUMBER_ID,AUTHORIZED_PAY_MASS) values ('B0000804','2600863', '测B06862', 4, 260863, 0, '2',15);

insert into T_SIMINFO (SIM_ID, ORG_CODE, DEPTCODE, STATE,PAY_MODLE, SIM_NUM) values(26864, 'B0000804', '中国移动', 1, '预付费', 13100006863);
insert into T_TERMINALINFO (TERMINAL_ID,TTYPE_ID,SIM_ID,TERMINAL_CODE,ORG_CODE,IS_VIDEO_TERMINAL,SP_SERVER_NAME,PROTOCOL_TYPE,CHANNELS,YT_PROTOCOL_TYPE) values(260864, 4, 26864, '1006863', 'B0000804',1,'1076测试服务器','4',8,'0');
insert into V_VEHICLEINFO (ORG_CODE,VEHICLE_ID,ID_NUMBER,TYPE_ID,TERMINAL_ID,DELETE_FLAG,COLOR_ID_NUMBER_ID,AUTHORIZED_PAY_MASS) values ('B0000804','2600864', '测B06863', 4, 260864, 0, '2',15);

insert into T_SIMINFO (SIM_ID, ORG_CODE, DEPTCODE, STATE,PAY_MODLE, SIM_NUM) values(26865, 'B0000804', '中国移动', 1, '预付费', 13100006864);
insert into T_TERMINALINFO (TERMINAL_ID,TTYPE_ID,SIM_ID,TERMINAL_CODE,ORG_CODE,IS_VIDEO_TERMINAL,SP_SERVER_NAME,PROTOCOL_TYPE,CHANNELS,YT_PROTOCOL_TYPE) values(260865, 4, 26865, '1006864', 'B0000804',1,'1076测试服务器','4',8,'0');
insert into V_VEHICLEINFO (ORG_CODE,VEHICLE_ID,ID_NUMBER,TYPE_ID,TERMINAL_ID,DELETE_FLAG,COLOR_ID_NUMBER_ID,AUTHORIZED_PAY_MASS) values ('B0000804','2600865', '测B06864', 4, 260865, 0, '2',15);

insert into T_SIMINFO (SIM_ID, ORG_CODE, DEPTCODE, STATE,PAY_MODLE, SIM_NUM) values(26866, 'B0000804', '中国移动', 1, '预付费', 13100006865);
insert into T_TERMINALINFO (TERMINAL_ID,TTYPE_ID,SIM_ID,TERMINAL_CODE,ORG_CODE,IS_VIDEO_TERMINAL,SP_SERVER_NAME,PROTOCOL_TYPE,CHANNELS,YT_PROTOCOL_TYPE) values(260866, 4, 26866, '1006865', 'B0000804',1,'1076测试服务器','4',8,'0');
insert into V_VEHICLEINFO (ORG_CODE,VEHICLE_ID,ID_NUMBER,TYPE_ID,TERMINAL_ID,DELETE_FLAG,COLOR_ID_NUMBER_ID,AUTHORIZED_PAY_MASS) values ('B0000804','2600866', '测B06865', 4, 260866, 0, '2',15);

insert into T_SIMINFO (SIM_ID, ORG_CODE, DEPTCODE, STATE,PAY_MODLE, SIM_NUM) values(26867, 'B0000804', '中国移动', 1, '预付费', 13100006866);
insert into T_TERMINALINFO (TERMINAL_ID,TTYPE_ID,SIM_ID,TERMINAL_CODE,ORG_CODE,IS_VIDEO_TERMINAL,SP_SERVER_NAME,PROTOCOL_TYPE,CHANNELS,YT_PROTOCOL_TYPE) values(260867, 4, 26867, '1006866', 'B0000804',1,'1076测试服务器','4',8,'0');
insert into V_VEHICLEINFO (ORG_CODE,VEHICLE_ID,ID_NUMBER,TYPE_ID,TERMINAL_ID,DELETE_FLAG,COLOR_ID_NUMBER_ID,AUTHORIZED_PAY_MASS) values ('B0000804','2600867', '测B06866', 4, 260867, 0, '2',15);

insert into T_SIMINFO (SIM_ID, ORG_CODE, DEPTCODE, STATE,PAY_MODLE, SIM_NUM) values(26868, 'B0000804', '中国移动', 1, '预付费', 13100006867);
insert into T_TERMINALINFO (TERMINAL_ID,TTYPE_ID,SIM_ID,TERMINAL_CODE,ORG_CODE,IS_VIDEO_TERMINAL,SP_SERVER_NAME,PROTOCOL_TYPE,CHANNELS,YT_PROTOCOL_TYPE) values(260868, 4, 26868, '1006867', 'B0000804',1,'1076测试服务器','4',8,'0');
insert into V_VEHICLEINFO (ORG_CODE,VEHICLE_ID,ID_NUMBER,TYPE_ID,TERMINAL_ID,DELETE_FLAG,COLOR_ID_NUMBER_ID,AUTHORIZED_PAY_MASS) values ('B0000804','2600868', '测B06867', 4, 260868, 0, '2',15);

insert into T_SIMINFO (SIM_ID, ORG_CODE, DEPTCODE, STATE,PAY_MODLE, SIM_NUM) values(26869, 'B0000804', '中国移动', 1, '预付费', 13100006868);
insert into T_TERMINALINFO (TERMINAL_ID,TTYPE_ID,SIM_ID,TERMINAL_CODE,ORG_CODE,IS_VIDEO_TERMINAL,SP_SERVER_NAME,PROTOCOL_TYPE,CHANNELS,YT_PROTOCOL_TYPE) values(260869, 4, 26869, '1006868', 'B0000804',1,'1076测试服务器','4',8,'0');
insert into V_VEHICLEINFO (ORG_CODE,VEHICLE_ID,ID_NUMBER,TYPE_ID,TERMINAL_ID,DELETE_FLAG,COLOR_ID_NUMBER_ID,AUTHORIZED_PAY_MASS) values ('B0000804','2600869', '测B06868', 4, 260869, 0, '2',15);

insert into T_SIMINFO (SIM_ID, ORG_CODE, DEPTCODE, STATE,PAY_MODLE, SIM_NUM) values(26870, 'B0000804', '中国移动', 1, '预付费', 13100006869);
insert into T_TERMINALINFO (TERMINAL_ID,TTYPE_ID,SIM_ID,TERMINAL_CODE,ORG_CODE,IS_VIDEO_TERMINAL,SP_SERVER_NAME,PROTOCOL_TYPE,CHANNELS,YT_PROTOCOL_TYPE) values(260870, 4, 26870, '1006869', 'B0000804',1,'1076测试服务器','4',8,'0');
insert into V_VEHICLEINFO (ORG_CODE,VEHICLE_ID,ID_NUMBER,TYPE_ID,TERMINAL_ID,DELETE_FLAG,COLOR_ID_NUMBER_ID,AUTHORIZED_PAY_MASS) values ('B0000804','2600870', '测B06869', 4, 260870, 0, '2',15);

insert into T_SIMINFO (SIM_ID, ORG_CODE, DEPTCODE, STATE,PAY_MODLE, SIM_NUM) values(26871, 'B0000804', '中国移动', 1, '预付费', 13100006870);
insert into T_TERMINALINFO (TERMINAL_ID,TTYPE_ID,SIM_ID,TERMINAL_CODE,ORG_CODE,IS_VIDEO_TERMINAL,SP_SERVER_NAME,PROTOCOL_TYPE,CHANNELS,YT_PROTOCOL_TYPE) values(260871, 4, 26871, '1006870', 'B0000804',1,'1076测试服务器','4',8,'0');
insert into V_VEHICLEINFO (ORG_CODE,VEHICLE_ID,ID_NUMBER,TYPE_ID,TERMINAL_ID,DELETE_FLAG,COLOR_ID_NUMBER_ID,AUTHORIZED_PAY_MASS) values ('B0000804','2600871', '测B06870', 4, 260871, 0, '2',15);

insert into T_SIMINFO (SIM_ID, ORG_CODE, DEPTCODE, STATE,PAY_MODLE, SIM_NUM) values(26872, 'B0000804', '中国移动', 1, '预付费', 13100006871);
insert into T_TERMINALINFO (TERMINAL_ID,TTYPE_ID,SIM_ID,TERMINAL_CODE,ORG_CODE,IS_VIDEO_TERMINAL,SP_SERVER_NAME,PROTOCOL_TYPE,CHANNELS,YT_PROTOCOL_TYPE) values(260872, 4, 26872, '1006871', 'B0000804',1,'1076测试服务器','4',8,'0');
insert into V_VEHICLEINFO (ORG_CODE,VEHICLE_ID,ID_NUMBER,TYPE_ID,TERMINAL_ID,DELETE_FLAG,COLOR_ID_NUMBER_ID,AUTHORIZED_PAY_MASS) values ('B0000804','2600872', '测B06871', 4, 260872, 0, '2',15);

insert into T_SIMINFO (SIM_ID, ORG_CODE, DEPTCODE, STATE,PAY_MODLE, SIM_NUM) values(26873, 'B0000804', '中国移动', 1, '预付费', 13100006872);
insert into T_TERMINALINFO (TERMINAL_ID,TTYPE_ID,SIM_ID,TERMINAL_CODE,ORG_CODE,IS_VIDEO_TERMINAL,SP_SERVER_NAME,PROTOCOL_TYPE,CHANNELS,YT_PROTOCOL_TYPE) values(260873, 4, 26873, '1006872', 'B0000804',1,'1076测试服务器','4',8,'0');
insert into V_VEHICLEINFO (ORG_CODE,VEHICLE_ID,ID_NUMBER,TYPE_ID,TERMINAL_ID,DELETE_FLAG,COLOR_ID_NUMBER_ID,AUTHORIZED_PAY_MASS) values ('B0000804','2600873', '测B06872', 4, 260873, 0, '2',15);

insert into T_SIMINFO (SIM_ID, ORG_CODE, DEPTCODE, STATE,PAY_MODLE, SIM_NUM) values(26874, 'B0000804', '中国移动', 1, '预付费', 13100006873);
insert into T_TERMINALINFO (TERMINAL_ID,TTYPE_ID,SIM_ID,TERMINAL_CODE,ORG_CODE,IS_VIDEO_TERMINAL,SP_SERVER_NAME,PROTOCOL_TYPE,CHANNELS,YT_PROTOCOL_TYPE) values(260874, 4, 26874, '1006873', 'B0000804',1,'1076测试服务器','4',8,'0');
insert into V_VEHICLEINFO (ORG_CODE,VEHICLE_ID,ID_NUMBER,TYPE_ID,TERMINAL_ID,DELETE_FLAG,COLOR_ID_NUMBER_ID,AUTHORIZED_PAY_MASS) values ('B0000804','2600874', '测B06873', 4, 260874, 0, '2',15);

insert into T_SIMINFO (SIM_ID, ORG_CODE, DEPTCODE, STATE,PAY_MODLE, SIM_NUM) values(26875, 'B0000804', '中国移动', 1, '预付费', 13100006874);
insert into T_TERMINALINFO (TERMINAL_ID,TTYPE_ID,SIM_ID,TERMINAL_CODE,ORG_CODE,IS_VIDEO_TERMINAL,SP_SERVER_NAME,PROTOCOL_TYPE,CHANNELS,YT_PROTOCOL_TYPE) values(260875, 4, 26875, '1006874', 'B0000804',1,'1076测试服务器','4',8,'0');
insert into V_VEHICLEINFO (ORG_CODE,VEHICLE_ID,ID_NUMBER,TYPE_ID,TERMINAL_ID,DELETE_FLAG,COLOR_ID_NUMBER_ID,AUTHORIZED_PAY_MASS) values ('B0000804','2600875', '测B06874', 4, 260875, 0, '2',15);

insert into T_SIMINFO (SIM_ID, ORG_CODE, DEPTCODE, STATE,PAY_MODLE, SIM_NUM) values(26876, 'B0000804', '中国移动', 1, '预付费', 13100006875);
insert into T_TERMINALINFO (TERMINAL_ID,TTYPE_ID,SIM_ID,TERMINAL_CODE,ORG_CODE,IS_VIDEO_TERMINAL,SP_SERVER_NAME,PROTOCOL_TYPE,CHANNELS,YT_PROTOCOL_TYPE) values(260876, 4, 26876, '1006875', 'B0000804',1,'1076测试服务器','4',8,'0');
insert into V_VEHICLEINFO (ORG_CODE,VEHICLE_ID,ID_NUMBER,TYPE_ID,TERMINAL_ID,DELETE_FLAG,COLOR_ID_NUMBER_ID,AUTHORIZED_PAY_MASS) values ('B0000804','2600876', '测B06875', 4, 260876, 0, '2',15);

insert into T_SIMINFO (SIM_ID, ORG_CODE, DEPTCODE, STATE,PAY_MODLE, SIM_NUM) values(26877, 'B0000804', '中国移动', 1, '预付费', 13100006876);
insert into T_TERMINALINFO (TERMINAL_ID,TTYPE_ID,SIM_ID,TERMINAL_CODE,ORG_CODE,IS_VIDEO_TERMINAL,SP_SERVER_NAME,PROTOCOL_TYPE,CHANNELS,YT_PROTOCOL_TYPE) values(260877, 4, 26877, '1006876', 'B0000804',1,'1076测试服务器','4',8,'0');
insert into V_VEHICLEINFO (ORG_CODE,VEHICLE_ID,ID_NUMBER,TYPE_ID,TERMINAL_ID,DELETE_FLAG,COLOR_ID_NUMBER_ID,AUTHORIZED_PAY_MASS) values ('B0000804','2600877', '测B06876', 4, 260877, 0, '2',15);

insert into T_SIMINFO (SIM_ID, ORG_CODE, DEPTCODE, STATE,PAY_MODLE, SIM_NUM) values(26878, 'B0000804', '中国移动', 1, '预付费', 13100006877);
insert into T_TERMINALINFO (TERMINAL_ID,TTYPE_ID,SIM_ID,TERMINAL_CODE,ORG_CODE,IS_VIDEO_TERMINAL,SP_SERVER_NAME,PROTOCOL_TYPE,CHANNELS,YT_PROTOCOL_TYPE) values(260878, 4, 26878, '1006877', 'B0000804',1,'1076测试服务器','4',8,'0');
insert into V_VEHICLEINFO (ORG_CODE,VEHICLE_ID,ID_NUMBER,TYPE_ID,TERMINAL_ID,DELETE_FLAG,COLOR_ID_NUMBER_ID,AUTHORIZED_PAY_MASS) values ('B0000804','2600878', '测B06877', 4, 260878, 0, '2',15);

insert into T_SIMINFO (SIM_ID, ORG_CODE, DEPTCODE, STATE,PAY_MODLE, SIM_NUM) values(26879, 'B0000804', '中国移动', 1, '预付费', 13100006878);
insert into T_TERMINALINFO (TERMINAL_ID,TTYPE_ID,SIM_ID,TERMINAL_CODE,ORG_CODE,IS_VIDEO_TERMINAL,SP_SERVER_NAME,PROTOCOL_TYPE,CHANNELS,YT_PROTOCOL_TYPE) values(260879, 4, 26879, '1006878', 'B0000804',1,'1076测试服务器','4',8,'0');
insert into V_VEHICLEINFO (ORG_CODE,VEHICLE_ID,ID_NUMBER,TYPE_ID,TERMINAL_ID,DELETE_FLAG,COLOR_ID_NUMBER_ID,AUTHORIZED_PAY_MASS) values ('B0000804','2600879', '测B06878', 4, 260879, 0, '2',15);

insert into T_SIMINFO (SIM_ID, ORG_CODE, DEPTCODE, STATE,PAY_MODLE, SIM_NUM) values(26880, 'B0000804', '中国移动', 1, '预付费', 13100006879);
insert into T_TERMINALINFO (TERMINAL_ID,TTYPE_ID,SIM_ID,TERMINAL_CODE,ORG_CODE,IS_VIDEO_TERMINAL,SP_SERVER_NAME,PROTOCOL_TYPE,CHANNELS,YT_PROTOCOL_TYPE) values(260880, 4, 26880, '1006879', 'B0000804',1,'1076测试服务器','4',8,'0');
insert into V_VEHICLEINFO (ORG_CODE,VEHICLE_ID,ID_NUMBER,TYPE_ID,TERMINAL_ID,DELETE_FLAG,COLOR_ID_NUMBER_ID,AUTHORIZED_PAY_MASS) values ('B0000804','2600880', '测B06879', 4, 260880, 0, '2',15);

insert into T_SIMINFO (SIM_ID, ORG_CODE, DEPTCODE, STATE,PAY_MODLE, SIM_NUM) values(26881, 'B0000804', '中国移动', 1, '预付费', 13100006880);
insert into T_TERMINALINFO (TERMINAL_ID,TTYPE_ID,SIM_ID,TERMINAL_CODE,ORG_CODE,IS_VIDEO_TERMINAL,SP_SERVER_NAME,PROTOCOL_TYPE,CHANNELS,YT_PROTOCOL_TYPE) values(260881, 4, 26881, '1006880', 'B0000804',1,'1076测试服务器','4',8,'0');
insert into V_VEHICLEINFO (ORG_CODE,VEHICLE_ID,ID_NUMBER,TYPE_ID,TERMINAL_ID,DELETE_FLAG,COLOR_ID_NUMBER_ID,AUTHORIZED_PAY_MASS) values ('B0000804','2600881', '测B06880', 4, 260881, 0, '2',15);

insert into T_SIMINFO (SIM_ID, ORG_CODE, DEPTCODE, STATE,PAY_MODLE, SIM_NUM) values(26882, 'B0000804', '中国移动', 1, '预付费', 13100006881);
insert into T_TERMINALINFO (TERMINAL_ID,TTYPE_ID,SIM_ID,TERMINAL_CODE,ORG_CODE,IS_VIDEO_TERMINAL,SP_SERVER_NAME,PROTOCOL_TYPE,CHANNELS,YT_PROTOCOL_TYPE) values(260882, 4, 26882, '1006881', 'B0000804',1,'1076测试服务器','4',8,'0');
insert into V_VEHICLEINFO (ORG_CODE,VEHICLE_ID,ID_NUMBER,TYPE_ID,TERMINAL_ID,DELETE_FLAG,COLOR_ID_NUMBER_ID,AUTHORIZED_PAY_MASS) values ('B0000804','2600882', '测B06881', 4, 260882, 0, '2',15);

insert into T_SIMINFO (SIM_ID, ORG_CODE, DEPTCODE, STATE,PAY_MODLE, SIM_NUM) values(26883, 'B0000804', '中国移动', 1, '预付费', 13100006882);
insert into T_TERMINALINFO (TERMINAL_ID,TTYPE_ID,SIM_ID,TERMINAL_CODE,ORG_CODE,IS_VIDEO_TERMINAL,SP_SERVER_NAME,PROTOCOL_TYPE,CHANNELS,YT_PROTOCOL_TYPE) values(260883, 4, 26883, '1006882', 'B0000804',1,'1076测试服务器','4',8,'0');
insert into V_VEHICLEINFO (ORG_CODE,VEHICLE_ID,ID_NUMBER,TYPE_ID,TERMINAL_ID,DELETE_FLAG,COLOR_ID_NUMBER_ID,AUTHORIZED_PAY_MASS) values ('B0000804','2600883', '测B06882', 4, 260883, 0, '2',15);

insert into T_SIMINFO (SIM_ID, ORG_CODE, DEPTCODE, STATE,PAY_MODLE, SIM_NUM) values(26884, 'B0000804', '中国移动', 1, '预付费', 13100006883);
insert into T_TERMINALINFO (TERMINAL_ID,TTYPE_ID,SIM_ID,TERMINAL_CODE,ORG_CODE,IS_VIDEO_TERMINAL,SP_SERVER_NAME,PROTOCOL_TYPE,CHANNELS,YT_PROTOCOL_TYPE) values(260884, 4, 26884, '1006883', 'B0000804',1,'1076测试服务器','4',8,'0');
insert into V_VEHICLEINFO (ORG_CODE,VEHICLE_ID,ID_NUMBER,TYPE_ID,TERMINAL_ID,DELETE_FLAG,COLOR_ID_NUMBER_ID,AUTHORIZED_PAY_MASS) values ('B0000804','2600884', '测B06883', 4, 260884, 0, '2',15);

insert into T_SIMINFO (SIM_ID, ORG_CODE, DEPTCODE, STATE,PAY_MODLE, SIM_NUM) values(26885, 'B0000804', '中国移动', 1, '预付费', 13100006884);
insert into T_TERMINALINFO (TERMINAL_ID,TTYPE_ID,SIM_ID,TERMINAL_CODE,ORG_CODE,IS_VIDEO_TERMINAL,SP_SERVER_NAME,PROTOCOL_TYPE,CHANNELS,YT_PROTOCOL_TYPE) values(260885, 4, 26885, '1006884', 'B0000804',1,'1076测试服务器','4',8,'0');
insert into V_VEHICLEINFO (ORG_CODE,VEHICLE_ID,ID_NUMBER,TYPE_ID,TERMINAL_ID,DELETE_FLAG,COLOR_ID_NUMBER_ID,AUTHORIZED_PAY_MASS) values ('B0000804','2600885', '测B06884', 4, 260885, 0, '2',15);

insert into T_SIMINFO (SIM_ID, ORG_CODE, DEPTCODE, STATE,PAY_MODLE, SIM_NUM) values(26886, 'B0000804', '中国移动', 1, '预付费', 13100006885);
insert into T_TERMINALINFO (TERMINAL_ID,TTYPE_ID,SIM_ID,TERMINAL_CODE,ORG_CODE,IS_VIDEO_TERMINAL,SP_SERVER_NAME,PROTOCOL_TYPE,CHANNELS,YT_PROTOCOL_TYPE) values(260886, 4, 26886, '1006885', 'B0000804',1,'1076测试服务器','4',8,'0');
insert into V_VEHICLEINFO (ORG_CODE,VEHICLE_ID,ID_NUMBER,TYPE_ID,TERMINAL_ID,DELETE_FLAG,COLOR_ID_NUMBER_ID,AUTHORIZED_PAY_MASS) values ('B0000804','2600886', '测B06885', 4, 260886, 0, '2',15);

insert into T_SIMINFO (SIM_ID, ORG_CODE, DEPTCODE, STATE,PAY_MODLE, SIM_NUM) values(26887, 'B0000804', '中国移动', 1, '预付费', 13100006886);
insert into T_TERMINALINFO (TERMINAL_ID,TTYPE_ID,SIM_ID,TERMINAL_CODE,ORG_CODE,IS_VIDEO_TERMINAL,SP_SERVER_NAME,PROTOCOL_TYPE,CHANNELS,YT_PROTOCOL_TYPE) values(260887, 4, 26887, '1006886', 'B0000804',1,'1076测试服务器','4',8,'0');
insert into V_VEHICLEINFO (ORG_CODE,VEHICLE_ID,ID_NUMBER,TYPE_ID,TERMINAL_ID,DELETE_FLAG,COLOR_ID_NUMBER_ID,AUTHORIZED_PAY_MASS) values ('B0000804','2600887', '测B06886', 4, 260887, 0, '2',15);

insert into T_SIMINFO (SIM_ID, ORG_CODE, DEPTCODE, STATE,PAY_MODLE, SIM_NUM) values(26888, 'B0000804', '中国移动', 1, '预付费', 13100006887);
insert into T_TERMINALINFO (TERMINAL_ID,TTYPE_ID,SIM_ID,TERMINAL_CODE,ORG_CODE,IS_VIDEO_TERMINAL,SP_SERVER_NAME,PROTOCOL_TYPE,CHANNELS,YT_PROTOCOL_TYPE) values(260888, 4, 26888, '1006887', 'B0000804',1,'1076测试服务器','4',8,'0');
insert into V_VEHICLEINFO (ORG_CODE,VEHICLE_ID,ID_NUMBER,TYPE_ID,TERMINAL_ID,DELETE_FLAG,COLOR_ID_NUMBER_ID,AUTHORIZED_PAY_MASS) values ('B0000804','2600888', '测B06887', 4, 260888, 0, '2',15);

insert into T_SIMINFO (SIM_ID, ORG_CODE, DEPTCODE, STATE,PAY_MODLE, SIM_NUM) values(26889, 'B0000804', '中国移动', 1, '预付费', 13100006888);
insert into T_TERMINALINFO (TERMINAL_ID,TTYPE_ID,SIM_ID,TERMINAL_CODE,ORG_CODE,IS_VIDEO_TERMINAL,SP_SERVER_NAME,PROTOCOL_TYPE,CHANNELS,YT_PROTOCOL_TYPE) values(260889, 4, 26889, '1006888', 'B0000804',1,'1076测试服务器','4',8,'0');
insert into V_VEHICLEINFO (ORG_CODE,VEHICLE_ID,ID_NUMBER,TYPE_ID,TERMINAL_ID,DELETE_FLAG,COLOR_ID_NUMBER_ID,AUTHORIZED_PAY_MASS) values ('B0000804','2600889', '测B06888', 4, 260889, 0, '2',15);

insert into T_SIMINFO (SIM_ID, ORG_CODE, DEPTCODE, STATE,PAY_MODLE, SIM_NUM) values(26890, 'B0000804', '中国移动', 1, '预付费', 13100006889);
insert into T_TERMINALINFO (TERMINAL_ID,TTYPE_ID,SIM_ID,TERMINAL_CODE,ORG_CODE,IS_VIDEO_TERMINAL,SP_SERVER_NAME,PROTOCOL_TYPE,CHANNELS,YT_PROTOCOL_TYPE) values(260890, 4, 26890, '1006889', 'B0000804',1,'1076测试服务器','4',8,'0');
insert into V_VEHICLEINFO (ORG_CODE,VEHICLE_ID,ID_NUMBER,TYPE_ID,TERMINAL_ID,DELETE_FLAG,COLOR_ID_NUMBER_ID,AUTHORIZED_PAY_MASS) values ('B0000804','2600890', '测B06889', 4, 260890, 0, '2',15);

insert into T_SIMINFO (SIM_ID, ORG_CODE, DEPTCODE, STATE,PAY_MODLE, SIM_NUM) values(26891, 'B0000804', '中国移动', 1, '预付费', 13100006890);
insert into T_TERMINALINFO (TERMINAL_ID,TTYPE_ID,SIM_ID,TERMINAL_CODE,ORG_CODE,IS_VIDEO_TERMINAL,SP_SERVER_NAME,PROTOCOL_TYPE,CHANNELS,YT_PROTOCOL_TYPE) values(260891, 4, 26891, '1006890', 'B0000804',1,'1076测试服务器','4',8,'0');
insert into V_VEHICLEINFO (ORG_CODE,VEHICLE_ID,ID_NUMBER,TYPE_ID,TERMINAL_ID,DELETE_FLAG,COLOR_ID_NUMBER_ID,AUTHORIZED_PAY_MASS) values ('B0000804','2600891', '测B06890', 4, 260891, 0, '2',15);

insert into T_SIMINFO (SIM_ID, ORG_CODE, DEPTCODE, STATE,PAY_MODLE, SIM_NUM) values(26892, 'B0000804', '中国移动', 1, '预付费', 13100006891);
insert into T_TERMINALINFO (TERMINAL_ID,TTYPE_ID,SIM_ID,TERMINAL_CODE,ORG_CODE,IS_VIDEO_TERMINAL,SP_SERVER_NAME,PROTOCOL_TYPE,CHANNELS,YT_PROTOCOL_TYPE) values(260892, 4, 26892, '1006891', 'B0000804',1,'1076测试服务器','4',8,'0');
insert into V_VEHICLEINFO (ORG_CODE,VEHICLE_ID,ID_NUMBER,TYPE_ID,TERMINAL_ID,DELETE_FLAG,COLOR_ID_NUMBER_ID,AUTHORIZED_PAY_MASS) values ('B0000804','2600892', '测B06891', 4, 260892, 0, '2',15);

insert into T_SIMINFO (SIM_ID, ORG_CODE, DEPTCODE, STATE,PAY_MODLE, SIM_NUM) values(26893, 'B0000804', '中国移动', 1, '预付费', 13100006892);
insert into T_TERMINALINFO (TERMINAL_ID,TTYPE_ID,SIM_ID,TERMINAL_CODE,ORG_CODE,IS_VIDEO_TERMINAL,SP_SERVER_NAME,PROTOCOL_TYPE,CHANNELS,YT_PROTOCOL_TYPE) values(260893, 4, 26893, '1006892', 'B0000804',1,'1076测试服务器','4',8,'0');
insert into V_VEHICLEINFO (ORG_CODE,VEHICLE_ID,ID_NUMBER,TYPE_ID,TERMINAL_ID,DELETE_FLAG,COLOR_ID_NUMBER_ID,AUTHORIZED_PAY_MASS) values ('B0000804','2600893', '测B06892', 4, 260893, 0, '2',15);

insert into T_SIMINFO (SIM_ID, ORG_CODE, DEPTCODE, STATE,PAY_MODLE, SIM_NUM) values(26894, 'B0000804', '中国移动', 1, '预付费', 13100006893);
insert into T_TERMINALINFO (TERMINAL_ID,TTYPE_ID,SIM_ID,TERMINAL_CODE,ORG_CODE,IS_VIDEO_TERMINAL,SP_SERVER_NAME,PROTOCOL_TYPE,CHANNELS,YT_PROTOCOL_TYPE) values(260894, 4, 26894, '1006893', 'B0000804',1,'1076测试服务器','4',8,'0');
insert into V_VEHICLEINFO (ORG_CODE,VEHICLE_ID,ID_NUMBER,TYPE_ID,TERMINAL_ID,DELETE_FLAG,COLOR_ID_NUMBER_ID,AUTHORIZED_PAY_MASS) values ('B0000804','2600894', '测B06893', 4, 260894, 0, '2',15);

insert into T_SIMINFO (SIM_ID, ORG_CODE, DEPTCODE, STATE,PAY_MODLE, SIM_NUM) values(26895, 'B0000804', '中国移动', 1, '预付费', 13100006894);
insert into T_TERMINALINFO (TERMINAL_ID,TTYPE_ID,SIM_ID,TERMINAL_CODE,ORG_CODE,IS_VIDEO_TERMINAL,SP_SERVER_NAME,PROTOCOL_TYPE,CHANNELS,YT_PROTOCOL_TYPE) values(260895, 4, 26895, '1006894', 'B0000804',1,'1076测试服务器','4',8,'0');
insert into V_VEHICLEINFO (ORG_CODE,VEHICLE_ID,ID_NUMBER,TYPE_ID,TERMINAL_ID,DELETE_FLAG,COLOR_ID_NUMBER_ID,AUTHORIZED_PAY_MASS) values ('B0000804','2600895', '测B06894', 4, 260895, 0, '2',15);

insert into T_SIMINFO (SIM_ID, ORG_CODE, DEPTCODE, STATE,PAY_MODLE, SIM_NUM) values(26896, 'B0000804', '中国移动', 1, '预付费', 13100006895);
insert into T_TERMINALINFO (TERMINAL_ID,TTYPE_ID,SIM_ID,TERMINAL_CODE,ORG_CODE,IS_VIDEO_TERMINAL,SP_SERVER_NAME,PROTOCOL_TYPE,CHANNELS,YT_PROTOCOL_TYPE) values(260896, 4, 26896, '1006895', 'B0000804',1,'1076测试服务器','4',8,'0');
insert into V_VEHICLEINFO (ORG_CODE,VEHICLE_ID,ID_NUMBER,TYPE_ID,TERMINAL_ID,DELETE_FLAG,COLOR_ID_NUMBER_ID,AUTHORIZED_PAY_MASS) values ('B0000804','2600896', '测B06895', 4, 260896, 0, '2',15);

insert into T_SIMINFO (SIM_ID, ORG_CODE, DEPTCODE, STATE,PAY_MODLE, SIM_NUM) values(26897, 'B0000804', '中国移动', 1, '预付费', 13100006896);
insert into T_TERMINALINFO (TERMINAL_ID,TTYPE_ID,SIM_ID,TERMINAL_CODE,ORG_CODE,IS_VIDEO_TERMINAL,SP_SERVER_NAME,PROTOCOL_TYPE,CHANNELS,YT_PROTOCOL_TYPE) values(260897, 4, 26897, '1006896', 'B0000804',1,'1076测试服务器','4',8,'0');
insert into V_VEHICLEINFO (ORG_CODE,VEHICLE_ID,ID_NUMBER,TYPE_ID,TERMINAL_ID,DELETE_FLAG,COLOR_ID_NUMBER_ID,AUTHORIZED_PAY_MASS) values ('B0000804','2600897', '测B06896', 4, 260897, 0, '2',15);

insert into T_SIMINFO (SIM_ID, ORG_CODE, DEPTCODE, STATE,PAY_MODLE, SIM_NUM) values(26898, 'B0000804', '中国移动', 1, '预付费', 13100006897);
insert into T_TERMINALINFO (TERMINAL_ID,TTYPE_ID,SIM_ID,TERMINAL_CODE,ORG_CODE,IS_VIDEO_TERMINAL,SP_SERVER_NAME,PROTOCOL_TYPE,CHANNELS,YT_PROTOCOL_TYPE) values(260898, 4, 26898, '1006897', 'B0000804',1,'1076测试服务器','4',8,'0');
insert into V_VEHICLEINFO (ORG_CODE,VEHICLE_ID,ID_NUMBER,TYPE_ID,TERMINAL_ID,DELETE_FLAG,COLOR_ID_NUMBER_ID,AUTHORIZED_PAY_MASS) values ('B0000804','2600898', '测B06897', 4, 260898, 0, '2',15);

insert into T_SIMINFO (SIM_ID, ORG_CODE, DEPTCODE, STATE,PAY_MODLE, SIM_NUM) values(26899, 'B0000804', '中国移动', 1, '预付费', 13100006898);
insert into T_TERMINALINFO (TERMINAL_ID,TTYPE_ID,SIM_ID,TERMINAL_CODE,ORG_CODE,IS_VIDEO_TERMINAL,SP_SERVER_NAME,PROTOCOL_TYPE,CHANNELS,YT_PROTOCOL_TYPE) values(260899, 4, 26899, '1006898', 'B0000804',1,'1076测试服务器','4',8,'0');
insert into V_VEHICLEINFO (ORG_CODE,VEHICLE_ID,ID_NUMBER,TYPE_ID,TERMINAL_ID,DELETE_FLAG,COLOR_ID_NUMBER_ID,AUTHORIZED_PAY_MASS) values ('B0000804','2600899', '测B06898', 4, 260899, 0, '2',15);

insert into T_SIMINFO (SIM_ID, ORG_CODE, DEPTCODE, STATE,PAY_MODLE, SIM_NUM) values(26900, 'B0000804', '中国移动', 1, '预付费', 13100006899);
insert into T_TERMINALINFO (TERMINAL_ID,TTYPE_ID,SIM_ID,TERMINAL_CODE,ORG_CODE,IS_VIDEO_TERMINAL,SP_SERVER_NAME,PROTOCOL_TYPE,CHANNELS,YT_PROTOCOL_TYPE) values(260900, 4, 26900, '1006899', 'B0000804',1,'1076测试服务器','4',8,'0');
insert into V_VEHICLEINFO (ORG_CODE,VEHICLE_ID,ID_NUMBER,TYPE_ID,TERMINAL_ID,DELETE_FLAG,COLOR_ID_NUMBER_ID,AUTHORIZED_PAY_MASS) values ('B0000804','2600900', '测B06899', 4, 260900, 0, '2',15);

insert into T_SIMINFO (SIM_ID, ORG_CODE, DEPTCODE, STATE,PAY_MODLE, SIM_NUM) values(26901, 'B0000804', '中国移动', 1, '预付费', 13100006900);
insert into T_TERMINALINFO (TERMINAL_ID,TTYPE_ID,SIM_ID,TERMINAL_CODE,ORG_CODE,IS_VIDEO_TERMINAL,SP_SERVER_NAME,PROTOCOL_TYPE,CHANNELS,YT_PROTOCOL_TYPE) values(260901, 4, 26901, '1006900', 'B0000804',1,'1076测试服务器','4',8,'0');
insert into V_VEHICLEINFO (ORG_CODE,VEHICLE_ID,ID_NUMBER,TYPE_ID,TERMINAL_ID,DELETE_FLAG,COLOR_ID_NUMBER_ID,AUTHORIZED_PAY_MASS) values ('B0000804','2600901', '测B06900', 4, 260901, 0, '2',15);

insert into T_SIMINFO (SIM_ID, ORG_CODE, DEPTCODE, STATE,PAY_MODLE, SIM_NUM) values(26902, 'B0000804', '中国移动', 1, '预付费', 13100006901);
insert into T_TERMINALINFO (TERMINAL_ID,TTYPE_ID,SIM_ID,TERMINAL_CODE,ORG_CODE,IS_VIDEO_TERMINAL,SP_SERVER_NAME,PROTOCOL_TYPE,CHANNELS,YT_PROTOCOL_TYPE) values(260902, 4, 26902, '1006901', 'B0000804',1,'1076测试服务器','4',8,'0');
insert into V_VEHICLEINFO (ORG_CODE,VEHICLE_ID,ID_NUMBER,TYPE_ID,TERMINAL_ID,DELETE_FLAG,COLOR_ID_NUMBER_ID,AUTHORIZED_PAY_MASS) values ('B0000804','2600902', '测B06901', 4, 260902, 0, '2',15);

insert into T_SIMINFO (SIM_ID, ORG_CODE, DEPTCODE, STATE,PAY_MODLE, SIM_NUM) values(26903, 'B0000804', '中国移动', 1, '预付费', 13100006902);
insert into T_TERMINALINFO (TERMINAL_ID,TTYPE_ID,SIM_ID,TERMINAL_CODE,ORG_CODE,IS_VIDEO_TERMINAL,SP_SERVER_NAME,PROTOCOL_TYPE,CHANNELS,YT_PROTOCOL_TYPE) values(260903, 4, 26903, '1006902', 'B0000804',1,'1076测试服务器','4',8,'0');
insert into V_VEHICLEINFO (ORG_CODE,VEHICLE_ID,ID_NUMBER,TYPE_ID,TERMINAL_ID,DELETE_FLAG,COLOR_ID_NUMBER_ID,AUTHORIZED_PAY_MASS) values ('B0000804','2600903', '测B06902', 4, 260903, 0, '2',15);

insert into T_SIMINFO (SIM_ID, ORG_CODE, DEPTCODE, STATE,PAY_MODLE, SIM_NUM) values(26904, 'B0000804', '中国移动', 1, '预付费', 13100006903);
insert into T_TERMINALINFO (TERMINAL_ID,TTYPE_ID,SIM_ID,TERMINAL_CODE,ORG_CODE,IS_VIDEO_TERMINAL,SP_SERVER_NAME,PROTOCOL_TYPE,CHANNELS,YT_PROTOCOL_TYPE) values(260904, 4, 26904, '1006903', 'B0000804',1,'1076测试服务器','4',8,'0');
insert into V_VEHICLEINFO (ORG_CODE,VEHICLE_ID,ID_NUMBER,TYPE_ID,TERMINAL_ID,DELETE_FLAG,COLOR_ID_NUMBER_ID,AUTHORIZED_PAY_MASS) values ('B0000804','2600904', '测B06903', 4, 260904, 0, '2',15);

insert into T_SIMINFO (SIM_ID, ORG_CODE, DEPTCODE, STATE,PAY_MODLE, SIM_NUM) values(26905, 'B0000804', '中国移动', 1, '预付费', 13100006904);
insert into T_TERMINALINFO (TERMINAL_ID,TTYPE_ID,SIM_ID,TERMINAL_CODE,ORG_CODE,IS_VIDEO_TERMINAL,SP_SERVER_NAME,PROTOCOL_TYPE,CHANNELS,YT_PROTOCOL_TYPE) values(260905, 4, 26905, '1006904', 'B0000804',1,'1076测试服务器','4',8,'0');
insert into V_VEHICLEINFO (ORG_CODE,VEHICLE_ID,ID_NUMBER,TYPE_ID,TERMINAL_ID,DELETE_FLAG,COLOR_ID_NUMBER_ID,AUTHORIZED_PAY_MASS) values ('B0000804','2600905', '测B06904', 4, 260905, 0, '2',15);

insert into T_SIMINFO (SIM_ID, ORG_CODE, DEPTCODE, STATE,PAY_MODLE, SIM_NUM) values(26906, 'B0000804', '中国移动', 1, '预付费', 13100006905);
insert into T_TERMINALINFO (TERMINAL_ID,TTYPE_ID,SIM_ID,TERMINAL_CODE,ORG_CODE,IS_VIDEO_TERMINAL,SP_SERVER_NAME,PROTOCOL_TYPE,CHANNELS,YT_PROTOCOL_TYPE) values(260906, 4, 26906, '1006905', 'B0000804',1,'1076测试服务器','4',8,'0');
insert into V_VEHICLEINFO (ORG_CODE,VEHICLE_ID,ID_NUMBER,TYPE_ID,TERMINAL_ID,DELETE_FLAG,COLOR_ID_NUMBER_ID,AUTHORIZED_PAY_MASS) values ('B0000804','2600906', '测B06905', 4, 260906, 0, '2',15);

insert into T_SIMINFO (SIM_ID, ORG_CODE, DEPTCODE, STATE,PAY_MODLE, SIM_NUM) values(26907, 'B0000804', '中国移动', 1, '预付费', 13100006906);
insert into T_TERMINALINFO (TERMINAL_ID,TTYPE_ID,SIM_ID,TERMINAL_CODE,ORG_CODE,IS_VIDEO_TERMINAL,SP_SERVER_NAME,PROTOCOL_TYPE,CHANNELS,YT_PROTOCOL_TYPE) values(260907, 4, 26907, '1006906', 'B0000804',1,'1076测试服务器','4',8,'0');
insert into V_VEHICLEINFO (ORG_CODE,VEHICLE_ID,ID_NUMBER,TYPE_ID,TERMINAL_ID,DELETE_FLAG,COLOR_ID_NUMBER_ID,AUTHORIZED_PAY_MASS) values ('B0000804','2600907', '测B06906', 4, 260907, 0, '2',15);

insert into T_SIMINFO (SIM_ID, ORG_CODE, DEPTCODE, STATE,PAY_MODLE, SIM_NUM) values(26908, 'B0000804', '中国移动', 1, '预付费', 13100006907);
insert into T_TERMINALINFO (TERMINAL_ID,TTYPE_ID,SIM_ID,TERMINAL_CODE,ORG_CODE,IS_VIDEO_TERMINAL,SP_SERVER_NAME,PROTOCOL_TYPE,CHANNELS,YT_PROTOCOL_TYPE) values(260908, 4, 26908, '1006907', 'B0000804',1,'1076测试服务器','4',8,'0');
insert into V_VEHICLEINFO (ORG_CODE,VEHICLE_ID,ID_NUMBER,TYPE_ID,TERMINAL_ID,DELETE_FLAG,COLOR_ID_NUMBER_ID,AUTHORIZED_PAY_MASS) values ('B0000804','2600908', '测B06907', 4, 260908, 0, '2',15);

insert into T_SIMINFO (SIM_ID, ORG_CODE, DEPTCODE, STATE,PAY_MODLE, SIM_NUM) values(26909, 'B0000804', '中国移动', 1, '预付费', 13100006908);
insert into T_TERMINALINFO (TERMINAL_ID,TTYPE_ID,SIM_ID,TERMINAL_CODE,ORG_CODE,IS_VIDEO_TERMINAL,SP_SERVER_NAME,PROTOCOL_TYPE,CHANNELS,YT_PROTOCOL_TYPE) values(260909, 4, 26909, '1006908', 'B0000804',1,'1076测试服务器','4',8,'0');
insert into V_VEHICLEINFO (ORG_CODE,VEHICLE_ID,ID_NUMBER,TYPE_ID,TERMINAL_ID,DELETE_FLAG,COLOR_ID_NUMBER_ID,AUTHORIZED_PAY_MASS) values ('B0000804','2600909', '测B06908', 4, 260909, 0, '2',15);

insert into T_SIMINFO (SIM_ID, ORG_CODE, DEPTCODE, STATE,PAY_MODLE, SIM_NUM) values(26910, 'B0000804', '中国移动', 1, '预付费', 13100006909);
insert into T_TERMINALINFO (TERMINAL_ID,TTYPE_ID,SIM_ID,TERMINAL_CODE,ORG_CODE,IS_VIDEO_TERMINAL,SP_SERVER_NAME,PROTOCOL_TYPE,CHANNELS,YT_PROTOCOL_TYPE) values(260910, 4, 26910, '1006909', 'B0000804',1,'1076测试服务器','4',8,'0');
insert into V_VEHICLEINFO (ORG_CODE,VEHICLE_ID,ID_NUMBER,TYPE_ID,TERMINAL_ID,DELETE_FLAG,COLOR_ID_NUMBER_ID,AUTHORIZED_PAY_MASS) values ('B0000804','2600910', '测B06909', 4, 260910, 0, '2',15);

insert into T_SIMINFO (SIM_ID, ORG_CODE, DEPTCODE, STATE,PAY_MODLE, SIM_NUM) values(26911, 'B0000804', '中国移动', 1, '预付费', 13100006910);
insert into T_TERMINALINFO (TERMINAL_ID,TTYPE_ID,SIM_ID,TERMINAL_CODE,ORG_CODE,IS_VIDEO_TERMINAL,SP_SERVER_NAME,PROTOCOL_TYPE,CHANNELS,YT_PROTOCOL_TYPE) values(260911, 4, 26911, '1006910', 'B0000804',1,'1076测试服务器','4',8,'0');
insert into V_VEHICLEINFO (ORG_CODE,VEHICLE_ID,ID_NUMBER,TYPE_ID,TERMINAL_ID,DELETE_FLAG,COLOR_ID_NUMBER_ID,AUTHORIZED_PAY_MASS) values ('B0000804','2600911', '测B06910', 4, 260911, 0, '2',15);

insert into T_SIMINFO (SIM_ID, ORG_CODE, DEPTCODE, STATE,PAY_MODLE, SIM_NUM) values(26912, 'B0000804', '中国移动', 1, '预付费', 13100006911);
insert into T_TERMINALINFO (TERMINAL_ID,TTYPE_ID,SIM_ID,TERMINAL_CODE,ORG_CODE,IS_VIDEO_TERMINAL,SP_SERVER_NAME,PROTOCOL_TYPE,CHANNELS,YT_PROTOCOL_TYPE) values(260912, 4, 26912, '1006911', 'B0000804',1,'1076测试服务器','4',8,'0');
insert into V_VEHICLEINFO (ORG_CODE,VEHICLE_ID,ID_NUMBER,TYPE_ID,TERMINAL_ID,DELETE_FLAG,COLOR_ID_NUMBER_ID,AUTHORIZED_PAY_MASS) values ('B0000804','2600912', '测B06911', 4, 260912, 0, '2',15);

insert into T_SIMINFO (SIM_ID, ORG_CODE, DEPTCODE, STATE,PAY_MODLE, SIM_NUM) values(26913, 'B0000804', '中国移动', 1, '预付费', 13100006912);
insert into T_TERMINALINFO (TERMINAL_ID,TTYPE_ID,SIM_ID,TERMINAL_CODE,ORG_CODE,IS_VIDEO_TERMINAL,SP_SERVER_NAME,PROTOCOL_TYPE,CHANNELS,YT_PROTOCOL_TYPE) values(260913, 4, 26913, '1006912', 'B0000804',1,'1076测试服务器','4',8,'0');
insert into V_VEHICLEINFO (ORG_CODE,VEHICLE_ID,ID_NUMBER,TYPE_ID,TERMINAL_ID,DELETE_FLAG,COLOR_ID_NUMBER_ID,AUTHORIZED_PAY_MASS) values ('B0000804','2600913', '测B06912', 4, 260913, 0, '2',15);

insert into T_SIMINFO (SIM_ID, ORG_CODE, DEPTCODE, STATE,PAY_MODLE, SIM_NUM) values(26914, 'B0000804', '中国移动', 1, '预付费', 13100006913);
insert into T_TERMINALINFO (TERMINAL_ID,TTYPE_ID,SIM_ID,TERMINAL_CODE,ORG_CODE,IS_VIDEO_TERMINAL,SP_SERVER_NAME,PROTOCOL_TYPE,CHANNELS,YT_PROTOCOL_TYPE) values(260914, 4, 26914, '1006913', 'B0000804',1,'1076测试服务器','4',8,'0');
insert into V_VEHICLEINFO (ORG_CODE,VEHICLE_ID,ID_NUMBER,TYPE_ID,TERMINAL_ID,DELETE_FLAG,COLOR_ID_NUMBER_ID,AUTHORIZED_PAY_MASS) values ('B0000804','2600914', '测B06913', 4, 260914, 0, '2',15);

insert into T_SIMINFO (SIM_ID, ORG_CODE, DEPTCODE, STATE,PAY_MODLE, SIM_NUM) values(26915, 'B0000804', '中国移动', 1, '预付费', 13100006914);
insert into T_TERMINALINFO (TERMINAL_ID,TTYPE_ID,SIM_ID,TERMINAL_CODE,ORG_CODE,IS_VIDEO_TERMINAL,SP_SERVER_NAME,PROTOCOL_TYPE,CHANNELS,YT_PROTOCOL_TYPE) values(260915, 4, 26915, '1006914', 'B0000804',1,'1076测试服务器','4',8,'0');
insert into V_VEHICLEINFO (ORG_CODE,VEHICLE_ID,ID_NUMBER,TYPE_ID,TERMINAL_ID,DELETE_FLAG,COLOR_ID_NUMBER_ID,AUTHORIZED_PAY_MASS) values ('B0000804','2600915', '测B06914', 4, 260915, 0, '2',15);

insert into T_SIMINFO (SIM_ID, ORG_CODE, DEPTCODE, STATE,PAY_MODLE, SIM_NUM) values(26916, 'B0000804', '中国移动', 1, '预付费', 13100006915);
insert into T_TERMINALINFO (TERMINAL_ID,TTYPE_ID,SIM_ID,TERMINAL_CODE,ORG_CODE,IS_VIDEO_TERMINAL,SP_SERVER_NAME,PROTOCOL_TYPE,CHANNELS,YT_PROTOCOL_TYPE) values(260916, 4, 26916, '1006915', 'B0000804',1,'1076测试服务器','4',8,'0');
insert into V_VEHICLEINFO (ORG_CODE,VEHICLE_ID,ID_NUMBER,TYPE_ID,TERMINAL_ID,DELETE_FLAG,COLOR_ID_NUMBER_ID,AUTHORIZED_PAY_MASS) values ('B0000804','2600916', '测B06915', 4, 260916, 0, '2',15);

insert into T_SIMINFO (SIM_ID, ORG_CODE, DEPTCODE, STATE,PAY_MODLE, SIM_NUM) values(26917, 'B0000804', '中国移动', 1, '预付费', 13100006916);
insert into T_TERMINALINFO (TERMINAL_ID,TTYPE_ID,SIM_ID,TERMINAL_CODE,ORG_CODE,IS_VIDEO_TERMINAL,SP_SERVER_NAME,PROTOCOL_TYPE,CHANNELS,YT_PROTOCOL_TYPE) values(260917, 4, 26917, '1006916', 'B0000804',1,'1076测试服务器','4',8,'0');
insert into V_VEHICLEINFO (ORG_CODE,VEHICLE_ID,ID_NUMBER,TYPE_ID,TERMINAL_ID,DELETE_FLAG,COLOR_ID_NUMBER_ID,AUTHORIZED_PAY_MASS) values ('B0000804','2600917', '测B06916', 4, 260917, 0, '2',15);

insert into T_SIMINFO (SIM_ID, ORG_CODE, DEPTCODE, STATE,PAY_MODLE, SIM_NUM) values(26918, 'B0000804', '中国移动', 1, '预付费', 13100006917);
insert into T_TERMINALINFO (TERMINAL_ID,TTYPE_ID,SIM_ID,TERMINAL_CODE,ORG_CODE,IS_VIDEO_TERMINAL,SP_SERVER_NAME,PROTOCOL_TYPE,CHANNELS,YT_PROTOCOL_TYPE) values(260918, 4, 26918, '1006917', 'B0000804',1,'1076测试服务器','4',8,'0');
insert into V_VEHICLEINFO (ORG_CODE,VEHICLE_ID,ID_NUMBER,TYPE_ID,TERMINAL_ID,DELETE_FLAG,COLOR_ID_NUMBER_ID,AUTHORIZED_PAY_MASS) values ('B0000804','2600918', '测B06917', 4, 260918, 0, '2',15);

insert into T_SIMINFO (SIM_ID, ORG_CODE, DEPTCODE, STATE,PAY_MODLE, SIM_NUM) values(26919, 'B0000804', '中国移动', 1, '预付费', 13100006918);
insert into T_TERMINALINFO (TERMINAL_ID,TTYPE_ID,SIM_ID,TERMINAL_CODE,ORG_CODE,IS_VIDEO_TERMINAL,SP_SERVER_NAME,PROTOCOL_TYPE,CHANNELS,YT_PROTOCOL_TYPE) values(260919, 4, 26919, '1006918', 'B0000804',1,'1076测试服务器','4',8,'0');
insert into V_VEHICLEINFO (ORG_CODE,VEHICLE_ID,ID_NUMBER,TYPE_ID,TERMINAL_ID,DELETE_FLAG,COLOR_ID_NUMBER_ID,AUTHORIZED_PAY_MASS) values ('B0000804','2600919', '测B06918', 4, 260919, 0, '2',15);

insert into T_SIMINFO (SIM_ID, ORG_CODE, DEPTCODE, STATE,PAY_MODLE, SIM_NUM) values(26920, 'B0000804', '中国移动', 1, '预付费', 13100006919);
insert into T_TERMINALINFO (TERMINAL_ID,TTYPE_ID,SIM_ID,TERMINAL_CODE,ORG_CODE,IS_VIDEO_TERMINAL,SP_SERVER_NAME,PROTOCOL_TYPE,CHANNELS,YT_PROTOCOL_TYPE) values(260920, 4, 26920, '1006919', 'B0000804',1,'1076测试服务器','4',8,'0');
insert into V_VEHICLEINFO (ORG_CODE,VEHICLE_ID,ID_NUMBER,TYPE_ID,TERMINAL_ID,DELETE_FLAG,COLOR_ID_NUMBER_ID,AUTHORIZED_PAY_MASS) values ('B0000804','2600920', '测B06919', 4, 260920, 0, '2',15);

insert into T_SIMINFO (SIM_ID, ORG_CODE, DEPTCODE, STATE,PAY_MODLE, SIM_NUM) values(26921, 'B0000804', '中国移动', 1, '预付费', 13100006920);
insert into T_TERMINALINFO (TERMINAL_ID,TTYPE_ID,SIM_ID,TERMINAL_CODE,ORG_CODE,IS_VIDEO_TERMINAL,SP_SERVER_NAME,PROTOCOL_TYPE,CHANNELS,YT_PROTOCOL_TYPE) values(260921, 4, 26921, '1006920', 'B0000804',1,'1076测试服务器','4',8,'0');
insert into V_VEHICLEINFO (ORG_CODE,VEHICLE_ID,ID_NUMBER,TYPE_ID,TERMINAL_ID,DELETE_FLAG,COLOR_ID_NUMBER_ID,AUTHORIZED_PAY_MASS) values ('B0000804','2600921', '测B06920', 4, 260921, 0, '2',15);

insert into T_SIMINFO (SIM_ID, ORG_CODE, DEPTCODE, STATE,PAY_MODLE, SIM_NUM) values(26922, 'B0000804', '中国移动', 1, '预付费', 13100006921);
insert into T_TERMINALINFO (TERMINAL_ID,TTYPE_ID,SIM_ID,TERMINAL_CODE,ORG_CODE,IS_VIDEO_TERMINAL,SP_SERVER_NAME,PROTOCOL_TYPE,CHANNELS,YT_PROTOCOL_TYPE) values(260922, 4, 26922, '1006921', 'B0000804',1,'1076测试服务器','4',8,'0');
insert into V_VEHICLEINFO (ORG_CODE,VEHICLE_ID,ID_NUMBER,TYPE_ID,TERMINAL_ID,DELETE_FLAG,COLOR_ID_NUMBER_ID,AUTHORIZED_PAY_MASS) values ('B0000804','2600922', '测B06921', 4, 260922, 0, '2',15);

insert into T_SIMINFO (SIM_ID, ORG_CODE, DEPTCODE, STATE,PAY_MODLE, SIM_NUM) values(26923, 'B0000804', '中国移动', 1, '预付费', 13100006922);
insert into T_TERMINALINFO (TERMINAL_ID,TTYPE_ID,SIM_ID,TERMINAL_CODE,ORG_CODE,IS_VIDEO_TERMINAL,SP_SERVER_NAME,PROTOCOL_TYPE,CHANNELS,YT_PROTOCOL_TYPE) values(260923, 4, 26923, '1006922', 'B0000804',1,'1076测试服务器','4',8,'0');
insert into V_VEHICLEINFO (ORG_CODE,VEHICLE_ID,ID_NUMBER,TYPE_ID,TERMINAL_ID,DELETE_FLAG,COLOR_ID_NUMBER_ID,AUTHORIZED_PAY_MASS) values ('B0000804','2600923', '测B06922', 4, 260923, 0, '2',15);

insert into T_SIMINFO (SIM_ID, ORG_CODE, DEPTCODE, STATE,PAY_MODLE, SIM_NUM) values(26924, 'B0000804', '中国移动', 1, '预付费', 13100006923);
insert into T_TERMINALINFO (TERMINAL_ID,TTYPE_ID,SIM_ID,TERMINAL_CODE,ORG_CODE,IS_VIDEO_TERMINAL,SP_SERVER_NAME,PROTOCOL_TYPE,CHANNELS,YT_PROTOCOL_TYPE) values(260924, 4, 26924, '1006923', 'B0000804',1,'1076测试服务器','4',8,'0');
insert into V_VEHICLEINFO (ORG_CODE,VEHICLE_ID,ID_NUMBER,TYPE_ID,TERMINAL_ID,DELETE_FLAG,COLOR_ID_NUMBER_ID,AUTHORIZED_PAY_MASS) values ('B0000804','2600924', '测B06923', 4, 260924, 0, '2',15);

insert into T_SIMINFO (SIM_ID, ORG_CODE, DEPTCODE, STATE,PAY_MODLE, SIM_NUM) values(26925, 'B0000804', '中国移动', 1, '预付费', 13100006924);
insert into T_TERMINALINFO (TERMINAL_ID,TTYPE_ID,SIM_ID,TERMINAL_CODE,ORG_CODE,IS_VIDEO_TERMINAL,SP_SERVER_NAME,PROTOCOL_TYPE,CHANNELS,YT_PROTOCOL_TYPE) values(260925, 4, 26925, '1006924', 'B0000804',1,'1076测试服务器','4',8,'0');
insert into V_VEHICLEINFO (ORG_CODE,VEHICLE_ID,ID_NUMBER,TYPE_ID,TERMINAL_ID,DELETE_FLAG,COLOR_ID_NUMBER_ID,AUTHORIZED_PAY_MASS) values ('B0000804','2600925', '测B06924', 4, 260925, 0, '2',15);

insert into T_SIMINFO (SIM_ID, ORG_CODE, DEPTCODE, STATE,PAY_MODLE, SIM_NUM) values(26926, 'B0000804', '中国移动', 1, '预付费', 13100006925);
insert into T_TERMINALINFO (TERMINAL_ID,TTYPE_ID,SIM_ID,TERMINAL_CODE,ORG_CODE,IS_VIDEO_TERMINAL,SP_SERVER_NAME,PROTOCOL_TYPE,CHANNELS,YT_PROTOCOL_TYPE) values(260926, 4, 26926, '1006925', 'B0000804',1,'1076测试服务器','4',8,'0');
insert into V_VEHICLEINFO (ORG_CODE,VEHICLE_ID,ID_NUMBER,TYPE_ID,TERMINAL_ID,DELETE_FLAG,COLOR_ID_NUMBER_ID,AUTHORIZED_PAY_MASS) values ('B0000804','2600926', '测B06925', 4, 260926, 0, '2',15);

insert into T_SIMINFO (SIM_ID, ORG_CODE, DEPTCODE, STATE,PAY_MODLE, SIM_NUM) values(26927, 'B0000804', '中国移动', 1, '预付费', 13100006926);
insert into T_TERMINALINFO (TERMINAL_ID,TTYPE_ID,SIM_ID,TERMINAL_CODE,ORG_CODE,IS_VIDEO_TERMINAL,SP_SERVER_NAME,PROTOCOL_TYPE,CHANNELS,YT_PROTOCOL_TYPE) values(260927, 4, 26927, '1006926', 'B0000804',1,'1076测试服务器','4',8,'0');
insert into V_VEHICLEINFO (ORG_CODE,VEHICLE_ID,ID_NUMBER,TYPE_ID,TERMINAL_ID,DELETE_FLAG,COLOR_ID_NUMBER_ID,AUTHORIZED_PAY_MASS) values ('B0000804','2600927', '测B06926', 4, 260927, 0, '2',15);

insert into T_SIMINFO (SIM_ID, ORG_CODE, DEPTCODE, STATE,PAY_MODLE, SIM_NUM) values(26928, 'B0000804', '中国移动', 1, '预付费', 13100006927);
insert into T_TERMINALINFO (TERMINAL_ID,TTYPE_ID,SIM_ID,TERMINAL_CODE,ORG_CODE,IS_VIDEO_TERMINAL,SP_SERVER_NAME,PROTOCOL_TYPE,CHANNELS,YT_PROTOCOL_TYPE) values(260928, 4, 26928, '1006927', 'B0000804',1,'1076测试服务器','4',8,'0');
insert into V_VEHICLEINFO (ORG_CODE,VEHICLE_ID,ID_NUMBER,TYPE_ID,TERMINAL_ID,DELETE_FLAG,COLOR_ID_NUMBER_ID,AUTHORIZED_PAY_MASS) values ('B0000804','2600928', '测B06927', 4, 260928, 0, '2',15);

insert into T_SIMINFO (SIM_ID, ORG_CODE, DEPTCODE, STATE,PAY_MODLE, SIM_NUM) values(26929, 'B0000804', '中国移动', 1, '预付费', 13100006928);
insert into T_TERMINALINFO (TERMINAL_ID,TTYPE_ID,SIM_ID,TERMINAL_CODE,ORG_CODE,IS_VIDEO_TERMINAL,SP_SERVER_NAME,PROTOCOL_TYPE,CHANNELS,YT_PROTOCOL_TYPE) values(260929, 4, 26929, '1006928', 'B0000804',1,'1076测试服务器','4',8,'0');
insert into V_VEHICLEINFO (ORG_CODE,VEHICLE_ID,ID_NUMBER,TYPE_ID,TERMINAL_ID,DELETE_FLAG,COLOR_ID_NUMBER_ID,AUTHORIZED_PAY_MASS) values ('B0000804','2600929', '测B06928', 4, 260929, 0, '2',15);

insert into T_SIMINFO (SIM_ID, ORG_CODE, DEPTCODE, STATE,PAY_MODLE, SIM_NUM) values(26930, 'B0000804', '中国移动', 1, '预付费', 13100006929);
insert into T_TERMINALINFO (TERMINAL_ID,TTYPE_ID,SIM_ID,TERMINAL_CODE,ORG_CODE,IS_VIDEO_TERMINAL,SP_SERVER_NAME,PROTOCOL_TYPE,CHANNELS,YT_PROTOCOL_TYPE) values(260930, 4, 26930, '1006929', 'B0000804',1,'1076测试服务器','4',8,'0');
insert into V_VEHICLEINFO (ORG_CODE,VEHICLE_ID,ID_NUMBER,TYPE_ID,TERMINAL_ID,DELETE_FLAG,COLOR_ID_NUMBER_ID,AUTHORIZED_PAY_MASS) values ('B0000804','2600930', '测B06929', 4, 260930, 0, '2',15);

insert into T_SIMINFO (SIM_ID, ORG_CODE, DEPTCODE, STATE,PAY_MODLE, SIM_NUM) values(26931, 'B0000804', '中国移动', 1, '预付费', 13100006930);
insert into T_TERMINALINFO (TERMINAL_ID,TTYPE_ID,SIM_ID,TERMINAL_CODE,ORG_CODE,IS_VIDEO_TERMINAL,SP_SERVER_NAME,PROTOCOL_TYPE,CHANNELS,YT_PROTOCOL_TYPE) values(260931, 4, 26931, '1006930', 'B0000804',1,'1076测试服务器','4',8,'0');
insert into V_VEHICLEINFO (ORG_CODE,VEHICLE_ID,ID_NUMBER,TYPE_ID,TERMINAL_ID,DELETE_FLAG,COLOR_ID_NUMBER_ID,AUTHORIZED_PAY_MASS) values ('B0000804','2600931', '测B06930', 4, 260931, 0, '2',15);

insert into T_SIMINFO (SIM_ID, ORG_CODE, DEPTCODE, STATE,PAY_MODLE, SIM_NUM) values(26932, 'B0000804', '中国移动', 1, '预付费', 13100006931);
insert into T_TERMINALINFO (TERMINAL_ID,TTYPE_ID,SIM_ID,TERMINAL_CODE,ORG_CODE,IS_VIDEO_TERMINAL,SP_SERVER_NAME,PROTOCOL_TYPE,CHANNELS,YT_PROTOCOL_TYPE) values(260932, 4, 26932, '1006931', 'B0000804',1,'1076测试服务器','4',8,'0');
insert into V_VEHICLEINFO (ORG_CODE,VEHICLE_ID,ID_NUMBER,TYPE_ID,TERMINAL_ID,DELETE_FLAG,COLOR_ID_NUMBER_ID,AUTHORIZED_PAY_MASS) values ('B0000804','2600932', '测B06931', 4, 260932, 0, '2',15);

insert into T_SIMINFO (SIM_ID, ORG_CODE, DEPTCODE, STATE,PAY_MODLE, SIM_NUM) values(26933, 'B0000804', '中国移动', 1, '预付费', 13100006932);
insert into T_TERMINALINFO (TERMINAL_ID,TTYPE_ID,SIM_ID,TERMINAL_CODE,ORG_CODE,IS_VIDEO_TERMINAL,SP_SERVER_NAME,PROTOCOL_TYPE,CHANNELS,YT_PROTOCOL_TYPE) values(260933, 4, 26933, '1006932', 'B0000804',1,'1076测试服务器','4',8,'0');
insert into V_VEHICLEINFO (ORG_CODE,VEHICLE_ID,ID_NUMBER,TYPE_ID,TERMINAL_ID,DELETE_FLAG,COLOR_ID_NUMBER_ID,AUTHORIZED_PAY_MASS) values ('B0000804','2600933', '测B06932', 4, 260933, 0, '2',15);

insert into T_SIMINFO (SIM_ID, ORG_CODE, DEPTCODE, STATE,PAY_MODLE, SIM_NUM) values(26934, 'B0000804', '中国移动', 1, '预付费', 13100006933);
insert into T_TERMINALINFO (TERMINAL_ID,TTYPE_ID,SIM_ID,TERMINAL_CODE,ORG_CODE,IS_VIDEO_TERMINAL,SP_SERVER_NAME,PROTOCOL_TYPE,CHANNELS,YT_PROTOCOL_TYPE) values(260934, 4, 26934, '1006933', 'B0000804',1,'1076测试服务器','4',8,'0');
insert into V_VEHICLEINFO (ORG_CODE,VEHICLE_ID,ID_NUMBER,TYPE_ID,TERMINAL_ID,DELETE_FLAG,COLOR_ID_NUMBER_ID,AUTHORIZED_PAY_MASS) values ('B0000804','2600934', '测B06933', 4, 260934, 0, '2',15);

insert into T_SIMINFO (SIM_ID, ORG_CODE, DEPTCODE, STATE,PAY_MODLE, SIM_NUM) values(26935, 'B0000804', '中国移动', 1, '预付费', 13100006934);
insert into T_TERMINALINFO (TERMINAL_ID,TTYPE_ID,SIM_ID,TERMINAL_CODE,ORG_CODE,IS_VIDEO_TERMINAL,SP_SERVER_NAME,PROTOCOL_TYPE,CHANNELS,YT_PROTOCOL_TYPE) values(260935, 4, 26935, '1006934', 'B0000804',1,'1076测试服务器','4',8,'0');
insert into V_VEHICLEINFO (ORG_CODE,VEHICLE_ID,ID_NUMBER,TYPE_ID,TERMINAL_ID,DELETE_FLAG,COLOR_ID_NUMBER_ID,AUTHORIZED_PAY_MASS) values ('B0000804','2600935', '测B06934', 4, 260935, 0, '2',15);

insert into T_SIMINFO (SIM_ID, ORG_CODE, DEPTCODE, STATE,PAY_MODLE, SIM_NUM) values(26936, 'B0000804', '中国移动', 1, '预付费', 13100006935);
insert into T_TERMINALINFO (TERMINAL_ID,TTYPE_ID,SIM_ID,TERMINAL_CODE,ORG_CODE,IS_VIDEO_TERMINAL,SP_SERVER_NAME,PROTOCOL_TYPE,CHANNELS,YT_PROTOCOL_TYPE) values(260936, 4, 26936, '1006935', 'B0000804',1,'1076测试服务器','4',8,'0');
insert into V_VEHICLEINFO (ORG_CODE,VEHICLE_ID,ID_NUMBER,TYPE_ID,TERMINAL_ID,DELETE_FLAG,COLOR_ID_NUMBER_ID,AUTHORIZED_PAY_MASS) values ('B0000804','2600936', '测B06935', 4, 260936, 0, '2',15);

insert into T_SIMINFO (SIM_ID, ORG_CODE, DEPTCODE, STATE,PAY_MODLE, SIM_NUM) values(26937, 'B0000804', '中国移动', 1, '预付费', 13100006936);
insert into T_TERMINALINFO (TERMINAL_ID,TTYPE_ID,SIM_ID,TERMINAL_CODE,ORG_CODE,IS_VIDEO_TERMINAL,SP_SERVER_NAME,PROTOCOL_TYPE,CHANNELS,YT_PROTOCOL_TYPE) values(260937, 4, 26937, '1006936', 'B0000804',1,'1076测试服务器','4',8,'0');
insert into V_VEHICLEINFO (ORG_CODE,VEHICLE_ID,ID_NUMBER,TYPE_ID,TERMINAL_ID,DELETE_FLAG,COLOR_ID_NUMBER_ID,AUTHORIZED_PAY_MASS) values ('B0000804','2600937', '测B06936', 4, 260937, 0, '2',15);

insert into T_SIMINFO (SIM_ID, ORG_CODE, DEPTCODE, STATE,PAY_MODLE, SIM_NUM) values(26938, 'B0000804', '中国移动', 1, '预付费', 13100006937);
insert into T_TERMINALINFO (TERMINAL_ID,TTYPE_ID,SIM_ID,TERMINAL_CODE,ORG_CODE,IS_VIDEO_TERMINAL,SP_SERVER_NAME,PROTOCOL_TYPE,CHANNELS,YT_PROTOCOL_TYPE) values(260938, 4, 26938, '1006937', 'B0000804',1,'1076测试服务器','4',8,'0');
insert into V_VEHICLEINFO (ORG_CODE,VEHICLE_ID,ID_NUMBER,TYPE_ID,TERMINAL_ID,DELETE_FLAG,COLOR_ID_NUMBER_ID,AUTHORIZED_PAY_MASS) values ('B0000804','2600938', '测B06937', 4, 260938, 0, '2',15);

insert into T_SIMINFO (SIM_ID, ORG_CODE, DEPTCODE, STATE,PAY_MODLE, SIM_NUM) values(26939, 'B0000804', '中国移动', 1, '预付费', 13100006938);
insert into T_TERMINALINFO (TERMINAL_ID,TTYPE_ID,SIM_ID,TERMINAL_CODE,ORG_CODE,IS_VIDEO_TERMINAL,SP_SERVER_NAME,PROTOCOL_TYPE,CHANNELS,YT_PROTOCOL_TYPE) values(260939, 4, 26939, '1006938', 'B0000804',1,'1076测试服务器','4',8,'0');
insert into V_VEHICLEINFO (ORG_CODE,VEHICLE_ID,ID_NUMBER,TYPE_ID,TERMINAL_ID,DELETE_FLAG,COLOR_ID_NUMBER_ID,AUTHORIZED_PAY_MASS) values ('B0000804','2600939', '测B06938', 4, 260939, 0, '2',15);

insert into T_SIMINFO (SIM_ID, ORG_CODE, DEPTCODE, STATE,PAY_MODLE, SIM_NUM) values(26940, 'B0000804', '中国移动', 1, '预付费', 13100006939);
insert into T_TERMINALINFO (TERMINAL_ID,TTYPE_ID,SIM_ID,TERMINAL_CODE,ORG_CODE,IS_VIDEO_TERMINAL,SP_SERVER_NAME,PROTOCOL_TYPE,CHANNELS,YT_PROTOCOL_TYPE) values(260940, 4, 26940, '1006939', 'B0000804',1,'1076测试服务器','4',8,'0');
insert into V_VEHICLEINFO (ORG_CODE,VEHICLE_ID,ID_NUMBER,TYPE_ID,TERMINAL_ID,DELETE_FLAG,COLOR_ID_NUMBER_ID,AUTHORIZED_PAY_MASS) values ('B0000804','2600940', '测B06939', 4, 260940, 0, '2',15);

insert into T_SIMINFO (SIM_ID, ORG_CODE, DEPTCODE, STATE,PAY_MODLE, SIM_NUM) values(26941, 'B0000804', '中国移动', 1, '预付费', 13100006940);
insert into T_TERMINALINFO (TERMINAL_ID,TTYPE_ID,SIM_ID,TERMINAL_CODE,ORG_CODE,IS_VIDEO_TERMINAL,SP_SERVER_NAME,PROTOCOL_TYPE,CHANNELS,YT_PROTOCOL_TYPE) values(260941, 4, 26941, '1006940', 'B0000804',1,'1076测试服务器','4',8,'0');
insert into V_VEHICLEINFO (ORG_CODE,VEHICLE_ID,ID_NUMBER,TYPE_ID,TERMINAL_ID,DELETE_FLAG,COLOR_ID_NUMBER_ID,AUTHORIZED_PAY_MASS) values ('B0000804','2600941', '测B06940', 4, 260941, 0, '2',15);

insert into T_SIMINFO (SIM_ID, ORG_CODE, DEPTCODE, STATE,PAY_MODLE, SIM_NUM) values(26942, 'B0000804', '中国移动', 1, '预付费', 13100006941);
insert into T_TERMINALINFO (TERMINAL_ID,TTYPE_ID,SIM_ID,TERMINAL_CODE,ORG_CODE,IS_VIDEO_TERMINAL,SP_SERVER_NAME,PROTOCOL_TYPE,CHANNELS,YT_PROTOCOL_TYPE) values(260942, 4, 26942, '1006941', 'B0000804',1,'1076测试服务器','4',8,'0');
insert into V_VEHICLEINFO (ORG_CODE,VEHICLE_ID,ID_NUMBER,TYPE_ID,TERMINAL_ID,DELETE_FLAG,COLOR_ID_NUMBER_ID,AUTHORIZED_PAY_MASS) values ('B0000804','2600942', '测B06941', 4, 260942, 0, '2',15);

insert into T_SIMINFO (SIM_ID, ORG_CODE, DEPTCODE, STATE,PAY_MODLE, SIM_NUM) values(26943, 'B0000804', '中国移动', 1, '预付费', 13100006942);
insert into T_TERMINALINFO (TERMINAL_ID,TTYPE_ID,SIM_ID,TERMINAL_CODE,ORG_CODE,IS_VIDEO_TERMINAL,SP_SERVER_NAME,PROTOCOL_TYPE,CHANNELS,YT_PROTOCOL_TYPE) values(260943, 4, 26943, '1006942', 'B0000804',1,'1076测试服务器','4',8,'0');
insert into V_VEHICLEINFO (ORG_CODE,VEHICLE_ID,ID_NUMBER,TYPE_ID,TERMINAL_ID,DELETE_FLAG,COLOR_ID_NUMBER_ID,AUTHORIZED_PAY_MASS) values ('B0000804','2600943', '测B06942', 4, 260943, 0, '2',15);

insert into T_SIMINFO (SIM_ID, ORG_CODE, DEPTCODE, STATE,PAY_MODLE, SIM_NUM) values(26944, 'B0000804', '中国移动', 1, '预付费', 13100006943);
insert into T_TERMINALINFO (TERMINAL_ID,TTYPE_ID,SIM_ID,TERMINAL_CODE,ORG_CODE,IS_VIDEO_TERMINAL,SP_SERVER_NAME,PROTOCOL_TYPE,CHANNELS,YT_PROTOCOL_TYPE) values(260944, 4, 26944, '1006943', 'B0000804',1,'1076测试服务器','4',8,'0');
insert into V_VEHICLEINFO (ORG_CODE,VEHICLE_ID,ID_NUMBER,TYPE_ID,TERMINAL_ID,DELETE_FLAG,COLOR_ID_NUMBER_ID,AUTHORIZED_PAY_MASS) values ('B0000804','2600944', '测B06943', 4, 260944, 0, '2',15);

insert into T_SIMINFO (SIM_ID, ORG_CODE, DEPTCODE, STATE,PAY_MODLE, SIM_NUM) values(26945, 'B0000804', '中国移动', 1, '预付费', 13100006944);
insert into T_TERMINALINFO (TERMINAL_ID,TTYPE_ID,SIM_ID,TERMINAL_CODE,ORG_CODE,IS_VIDEO_TERMINAL,SP_SERVER_NAME,PROTOCOL_TYPE,CHANNELS,YT_PROTOCOL_TYPE) values(260945, 4, 26945, '1006944', 'B0000804',1,'1076测试服务器','4',8,'0');
insert into V_VEHICLEINFO (ORG_CODE,VEHICLE_ID,ID_NUMBER,TYPE_ID,TERMINAL_ID,DELETE_FLAG,COLOR_ID_NUMBER_ID,AUTHORIZED_PAY_MASS) values ('B0000804','2600945', '测B06944', 4, 260945, 0, '2',15);

insert into T_SIMINFO (SIM_ID, ORG_CODE, DEPTCODE, STATE,PAY_MODLE, SIM_NUM) values(26946, 'B0000804', '中国移动', 1, '预付费', 13100006945);
insert into T_TERMINALINFO (TERMINAL_ID,TTYPE_ID,SIM_ID,TERMINAL_CODE,ORG_CODE,IS_VIDEO_TERMINAL,SP_SERVER_NAME,PROTOCOL_TYPE,CHANNELS,YT_PROTOCOL_TYPE) values(260946, 4, 26946, '1006945', 'B0000804',1,'1076测试服务器','4',8,'0');
insert into V_VEHICLEINFO (ORG_CODE,VEHICLE_ID,ID_NUMBER,TYPE_ID,TERMINAL_ID,DELETE_FLAG,COLOR_ID_NUMBER_ID,AUTHORIZED_PAY_MASS) values ('B0000804','2600946', '测B06945', 4, 260946, 0, '2',15);

insert into T_SIMINFO (SIM_ID, ORG_CODE, DEPTCODE, STATE,PAY_MODLE, SIM_NUM) values(26947, 'B0000804', '中国移动', 1, '预付费', 13100006946);
insert into T_TERMINALINFO (TERMINAL_ID,TTYPE_ID,SIM_ID,TERMINAL_CODE,ORG_CODE,IS_VIDEO_TERMINAL,SP_SERVER_NAME,PROTOCOL_TYPE,CHANNELS,YT_PROTOCOL_TYPE) values(260947, 4, 26947, '1006946', 'B0000804',1,'1076测试服务器','4',8,'0');
insert into V_VEHICLEINFO (ORG_CODE,VEHICLE_ID,ID_NUMBER,TYPE_ID,TERMINAL_ID,DELETE_FLAG,COLOR_ID_NUMBER_ID,AUTHORIZED_PAY_MASS) values ('B0000804','2600947', '测B06946', 4, 260947, 0, '2',15);

insert into T_SIMINFO (SIM_ID, ORG_CODE, DEPTCODE, STATE,PAY_MODLE, SIM_NUM) values(26948, 'B0000804', '中国移动', 1, '预付费', 13100006947);
insert into T_TERMINALINFO (TERMINAL_ID,TTYPE_ID,SIM_ID,TERMINAL_CODE,ORG_CODE,IS_VIDEO_TERMINAL,SP_SERVER_NAME,PROTOCOL_TYPE,CHANNELS,YT_PROTOCOL_TYPE) values(260948, 4, 26948, '1006947', 'B0000804',1,'1076测试服务器','4',8,'0');
insert into V_VEHICLEINFO (ORG_CODE,VEHICLE_ID,ID_NUMBER,TYPE_ID,TERMINAL_ID,DELETE_FLAG,COLOR_ID_NUMBER_ID,AUTHORIZED_PAY_MASS) values ('B0000804','2600948', '测B06947', 4, 260948, 0, '2',15);

insert into T_SIMINFO (SIM_ID, ORG_CODE, DEPTCODE, STATE,PAY_MODLE, SIM_NUM) values(26949, 'B0000804', '中国移动', 1, '预付费', 13100006948);
insert into T_TERMINALINFO (TERMINAL_ID,TTYPE_ID,SIM_ID,TERMINAL_CODE,ORG_CODE,IS_VIDEO_TERMINAL,SP_SERVER_NAME,PROTOCOL_TYPE,CHANNELS,YT_PROTOCOL_TYPE) values(260949, 4, 26949, '1006948', 'B0000804',1,'1076测试服务器','4',8,'0');
insert into V_VEHICLEINFO (ORG_CODE,VEHICLE_ID,ID_NUMBER,TYPE_ID,TERMINAL_ID,DELETE_FLAG,COLOR_ID_NUMBER_ID,AUTHORIZED_PAY_MASS) values ('B0000804','2600949', '测B06948', 4, 260949, 0, '2',15);

insert into T_SIMINFO (SIM_ID, ORG_CODE, DEPTCODE, STATE,PAY_MODLE, SIM_NUM) values(26950, 'B0000804', '中国移动', 1, '预付费', 13100006949);
insert into T_TERMINALINFO (TERMINAL_ID,TTYPE_ID,SIM_ID,TERMINAL_CODE,ORG_CODE,IS_VIDEO_TERMINAL,SP_SERVER_NAME,PROTOCOL_TYPE,CHANNELS,YT_PROTOCOL_TYPE) values(260950, 4, 26950, '1006949', 'B0000804',1,'1076测试服务器','4',8,'0');
insert into V_VEHICLEINFO (ORG_CODE,VEHICLE_ID,ID_NUMBER,TYPE_ID,TERMINAL_ID,DELETE_FLAG,COLOR_ID_NUMBER_ID,AUTHORIZED_PAY_MASS) values ('B0000804','2600950', '测B06949', 4, 260950, 0, '2',15);

insert into T_SIMINFO (SIM_ID, ORG_CODE, DEPTCODE, STATE,PAY_MODLE, SIM_NUM) values(26951, 'B0000804', '中国移动', 1, '预付费', 13100006950);
insert into T_TERMINALINFO (TERMINAL_ID,TTYPE_ID,SIM_ID,TERMINAL_CODE,ORG_CODE,IS_VIDEO_TERMINAL,SP_SERVER_NAME,PROTOCOL_TYPE,CHANNELS,YT_PROTOCOL_TYPE) values(260951, 4, 26951, '1006950', 'B0000804',1,'1076测试服务器','4',8,'0');
insert into V_VEHICLEINFO (ORG_CODE,VEHICLE_ID,ID_NUMBER,TYPE_ID,TERMINAL_ID,DELETE_FLAG,COLOR_ID_NUMBER_ID,AUTHORIZED_PAY_MASS) values ('B0000804','2600951', '测B06950', 4, 260951, 0, '2',15);

insert into T_SIMINFO (SIM_ID, ORG_CODE, DEPTCODE, STATE,PAY_MODLE, SIM_NUM) values(26952, 'B0000804', '中国移动', 1, '预付费', 13100006951);
insert into T_TERMINALINFO (TERMINAL_ID,TTYPE_ID,SIM_ID,TERMINAL_CODE,ORG_CODE,IS_VIDEO_TERMINAL,SP_SERVER_NAME,PROTOCOL_TYPE,CHANNELS,YT_PROTOCOL_TYPE) values(260952, 4, 26952, '1006951', 'B0000804',1,'1076测试服务器','4',8,'0');
insert into V_VEHICLEINFO (ORG_CODE,VEHICLE_ID,ID_NUMBER,TYPE_ID,TERMINAL_ID,DELETE_FLAG,COLOR_ID_NUMBER_ID,AUTHORIZED_PAY_MASS) values ('B0000804','2600952', '测B06951', 4, 260952, 0, '2',15);

insert into T_SIMINFO (SIM_ID, ORG_CODE, DEPTCODE, STATE,PAY_MODLE, SIM_NUM) values(26953, 'B0000804', '中国移动', 1, '预付费', 13100006952);
insert into T_TERMINALINFO (TERMINAL_ID,TTYPE_ID,SIM_ID,TERMINAL_CODE,ORG_CODE,IS_VIDEO_TERMINAL,SP_SERVER_NAME,PROTOCOL_TYPE,CHANNELS,YT_PROTOCOL_TYPE) values(260953, 4, 26953, '1006952', 'B0000804',1,'1076测试服务器','4',8,'0');
insert into V_VEHICLEINFO (ORG_CODE,VEHICLE_ID,ID_NUMBER,TYPE_ID,TERMINAL_ID,DELETE_FLAG,COLOR_ID_NUMBER_ID,AUTHORIZED_PAY_MASS) values ('B0000804','2600953', '测B06952', 4, 260953, 0, '2',15);

insert into T_SIMINFO (SIM_ID, ORG_CODE, DEPTCODE, STATE,PAY_MODLE, SIM_NUM) values(26954, 'B0000804', '中国移动', 1, '预付费', 13100006953);
insert into T_TERMINALINFO (TERMINAL_ID,TTYPE_ID,SIM_ID,TERMINAL_CODE,ORG_CODE,IS_VIDEO_TERMINAL,SP_SERVER_NAME,PROTOCOL_TYPE,CHANNELS,YT_PROTOCOL_TYPE) values(260954, 4, 26954, '1006953', 'B0000804',1,'1076测试服务器','4',8,'0');
insert into V_VEHICLEINFO (ORG_CODE,VEHICLE_ID,ID_NUMBER,TYPE_ID,TERMINAL_ID,DELETE_FLAG,COLOR_ID_NUMBER_ID,AUTHORIZED_PAY_MASS) values ('B0000804','2600954', '测B06953', 4, 260954, 0, '2',15);

insert into T_SIMINFO (SIM_ID, ORG_CODE, DEPTCODE, STATE,PAY_MODLE, SIM_NUM) values(26955, 'B0000804', '中国移动', 1, '预付费', 13100006954);
insert into T_TERMINALINFO (TERMINAL_ID,TTYPE_ID,SIM_ID,TERMINAL_CODE,ORG_CODE,IS_VIDEO_TERMINAL,SP_SERVER_NAME,PROTOCOL_TYPE,CHANNELS,YT_PROTOCOL_TYPE) values(260955, 4, 26955, '1006954', 'B0000804',1,'1076测试服务器','4',8,'0');
insert into V_VEHICLEINFO (ORG_CODE,VEHICLE_ID,ID_NUMBER,TYPE_ID,TERMINAL_ID,DELETE_FLAG,COLOR_ID_NUMBER_ID,AUTHORIZED_PAY_MASS) values ('B0000804','2600955', '测B06954', 4, 260955, 0, '2',15);

insert into T_SIMINFO (SIM_ID, ORG_CODE, DEPTCODE, STATE,PAY_MODLE, SIM_NUM) values(26956, 'B0000804', '中国移动', 1, '预付费', 13100006955);
insert into T_TERMINALINFO (TERMINAL_ID,TTYPE_ID,SIM_ID,TERMINAL_CODE,ORG_CODE,IS_VIDEO_TERMINAL,SP_SERVER_NAME,PROTOCOL_TYPE,CHANNELS,YT_PROTOCOL_TYPE) values(260956, 4, 26956, '1006955', 'B0000804',1,'1076测试服务器','4',8,'0');
insert into V_VEHICLEINFO (ORG_CODE,VEHICLE_ID,ID_NUMBER,TYPE_ID,TERMINAL_ID,DELETE_FLAG,COLOR_ID_NUMBER_ID,AUTHORIZED_PAY_MASS) values ('B0000804','2600956', '测B06955', 4, 260956, 0, '2',15);

insert into T_SIMINFO (SIM_ID, ORG_CODE, DEPTCODE, STATE,PAY_MODLE, SIM_NUM) values(26957, 'B0000804', '中国移动', 1, '预付费', 13100006956);
insert into T_TERMINALINFO (TERMINAL_ID,TTYPE_ID,SIM_ID,TERMINAL_CODE,ORG_CODE,IS_VIDEO_TERMINAL,SP_SERVER_NAME,PROTOCOL_TYPE,CHANNELS,YT_PROTOCOL_TYPE) values(260957, 4, 26957, '1006956', 'B0000804',1,'1076测试服务器','4',8,'0');
insert into V_VEHICLEINFO (ORG_CODE,VEHICLE_ID,ID_NUMBER,TYPE_ID,TERMINAL_ID,DELETE_FLAG,COLOR_ID_NUMBER_ID,AUTHORIZED_PAY_MASS) values ('B0000804','2600957', '测B06956', 4, 260957, 0, '2',15);

insert into T_SIMINFO (SIM_ID, ORG_CODE, DEPTCODE, STATE,PAY_MODLE, SIM_NUM) values(26958, 'B0000804', '中国移动', 1, '预付费', 13100006957);
insert into T_TERMINALINFO (TERMINAL_ID,TTYPE_ID,SIM_ID,TERMINAL_CODE,ORG_CODE,IS_VIDEO_TERMINAL,SP_SERVER_NAME,PROTOCOL_TYPE,CHANNELS,YT_PROTOCOL_TYPE) values(260958, 4, 26958, '1006957', 'B0000804',1,'1076测试服务器','4',8,'0');
insert into V_VEHICLEINFO (ORG_CODE,VEHICLE_ID,ID_NUMBER,TYPE_ID,TERMINAL_ID,DELETE_FLAG,COLOR_ID_NUMBER_ID,AUTHORIZED_PAY_MASS) values ('B0000804','2600958', '测B06957', 4, 260958, 0, '2',15);

insert into T_SIMINFO (SIM_ID, ORG_CODE, DEPTCODE, STATE,PAY_MODLE, SIM_NUM) values(26959, 'B0000804', '中国移动', 1, '预付费', 13100006958);
insert into T_TERMINALINFO (TERMINAL_ID,TTYPE_ID,SIM_ID,TERMINAL_CODE,ORG_CODE,IS_VIDEO_TERMINAL,SP_SERVER_NAME,PROTOCOL_TYPE,CHANNELS,YT_PROTOCOL_TYPE) values(260959, 4, 26959, '1006958', 'B0000804',1,'1076测试服务器','4',8,'0');
insert into V_VEHICLEINFO (ORG_CODE,VEHICLE_ID,ID_NUMBER,TYPE_ID,TERMINAL_ID,DELETE_FLAG,COLOR_ID_NUMBER_ID,AUTHORIZED_PAY_MASS) values ('B0000804','2600959', '测B06958', 4, 260959, 0, '2',15);

insert into T_SIMINFO (SIM_ID, ORG_CODE, DEPTCODE, STATE,PAY_MODLE, SIM_NUM) values(26960, 'B0000804', '中国移动', 1, '预付费', 13100006959);
insert into T_TERMINALINFO (TERMINAL_ID,TTYPE_ID,SIM_ID,TERMINAL_CODE,ORG_CODE,IS_VIDEO_TERMINAL,SP_SERVER_NAME,PROTOCOL_TYPE,CHANNELS,YT_PROTOCOL_TYPE) values(260960, 4, 26960, '1006959', 'B0000804',1,'1076测试服务器','4',8,'0');
insert into V_VEHICLEINFO (ORG_CODE,VEHICLE_ID,ID_NUMBER,TYPE_ID,TERMINAL_ID,DELETE_FLAG,COLOR_ID_NUMBER_ID,AUTHORIZED_PAY_MASS) values ('B0000804','2600960', '测B06959', 4, 260960, 0, '2',15);

insert into T_SIMINFO (SIM_ID, ORG_CODE, DEPTCODE, STATE,PAY_MODLE, SIM_NUM) values(26961, 'B0000804', '中国移动', 1, '预付费', 13100006960);
insert into T_TERMINALINFO (TERMINAL_ID,TTYPE_ID,SIM_ID,TERMINAL_CODE,ORG_CODE,IS_VIDEO_TERMINAL,SP_SERVER_NAME,PROTOCOL_TYPE,CHANNELS,YT_PROTOCOL_TYPE) values(260961, 4, 26961, '1006960', 'B0000804',1,'1076测试服务器','4',8,'0');
insert into V_VEHICLEINFO (ORG_CODE,VEHICLE_ID,ID_NUMBER,TYPE_ID,TERMINAL_ID,DELETE_FLAG,COLOR_ID_NUMBER_ID,AUTHORIZED_PAY_MASS) values ('B0000804','2600961', '测B06960', 4, 260961, 0, '2',15);

insert into T_SIMINFO (SIM_ID, ORG_CODE, DEPTCODE, STATE,PAY_MODLE, SIM_NUM) values(26962, 'B0000804', '中国移动', 1, '预付费', 13100006961);
insert into T_TERMINALINFO (TERMINAL_ID,TTYPE_ID,SIM_ID,TERMINAL_CODE,ORG_CODE,IS_VIDEO_TERMINAL,SP_SERVER_NAME,PROTOCOL_TYPE,CHANNELS,YT_PROTOCOL_TYPE) values(260962, 4, 26962, '1006961', 'B0000804',1,'1076测试服务器','4',8,'0');
insert into V_VEHICLEINFO (ORG_CODE,VEHICLE_ID,ID_NUMBER,TYPE_ID,TERMINAL_ID,DELETE_FLAG,COLOR_ID_NUMBER_ID,AUTHORIZED_PAY_MASS) values ('B0000804','2600962', '测B06961', 4, 260962, 0, '2',15);

insert into T_SIMINFO (SIM_ID, ORG_CODE, DEPTCODE, STATE,PAY_MODLE, SIM_NUM) values(26963, 'B0000804', '中国移动', 1, '预付费', 13100006962);
insert into T_TERMINALINFO (TERMINAL_ID,TTYPE_ID,SIM_ID,TERMINAL_CODE,ORG_CODE,IS_VIDEO_TERMINAL,SP_SERVER_NAME,PROTOCOL_TYPE,CHANNELS,YT_PROTOCOL_TYPE) values(260963, 4, 26963, '1006962', 'B0000804',1,'1076测试服务器','4',8,'0');
insert into V_VEHICLEINFO (ORG_CODE,VEHICLE_ID,ID_NUMBER,TYPE_ID,TERMINAL_ID,DELETE_FLAG,COLOR_ID_NUMBER_ID,AUTHORIZED_PAY_MASS) values ('B0000804','2600963', '测B06962', 4, 260963, 0, '2',15);

insert into T_SIMINFO (SIM_ID, ORG_CODE, DEPTCODE, STATE,PAY_MODLE, SIM_NUM) values(26964, 'B0000804', '中国移动', 1, '预付费', 13100006963);
insert into T_TERMINALINFO (TERMINAL_ID,TTYPE_ID,SIM_ID,TERMINAL_CODE,ORG_CODE,IS_VIDEO_TERMINAL,SP_SERVER_NAME,PROTOCOL_TYPE,CHANNELS,YT_PROTOCOL_TYPE) values(260964, 4, 26964, '1006963', 'B0000804',1,'1076测试服务器','4',8,'0');
insert into V_VEHICLEINFO (ORG_CODE,VEHICLE_ID,ID_NUMBER,TYPE_ID,TERMINAL_ID,DELETE_FLAG,COLOR_ID_NUMBER_ID,AUTHORIZED_PAY_MASS) values ('B0000804','2600964', '测B06963', 4, 260964, 0, '2',15);

insert into T_SIMINFO (SIM_ID, ORG_CODE, DEPTCODE, STATE,PAY_MODLE, SIM_NUM) values(26965, 'B0000804', '中国移动', 1, '预付费', 13100006964);
insert into T_TERMINALINFO (TERMINAL_ID,TTYPE_ID,SIM_ID,TERMINAL_CODE,ORG_CODE,IS_VIDEO_TERMINAL,SP_SERVER_NAME,PROTOCOL_TYPE,CHANNELS,YT_PROTOCOL_TYPE) values(260965, 4, 26965, '1006964', 'B0000804',1,'1076测试服务器','4',8,'0');
insert into V_VEHICLEINFO (ORG_CODE,VEHICLE_ID,ID_NUMBER,TYPE_ID,TERMINAL_ID,DELETE_FLAG,COLOR_ID_NUMBER_ID,AUTHORIZED_PAY_MASS) values ('B0000804','2600965', '测B06964', 4, 260965, 0, '2',15);

insert into T_SIMINFO (SIM_ID, ORG_CODE, DEPTCODE, STATE,PAY_MODLE, SIM_NUM) values(26966, 'B0000804', '中国移动', 1, '预付费', 13100006965);
insert into T_TERMINALINFO (TERMINAL_ID,TTYPE_ID,SIM_ID,TERMINAL_CODE,ORG_CODE,IS_VIDEO_TERMINAL,SP_SERVER_NAME,PROTOCOL_TYPE,CHANNELS,YT_PROTOCOL_TYPE) values(260966, 4, 26966, '1006965', 'B0000804',1,'1076测试服务器','4',8,'0');
insert into V_VEHICLEINFO (ORG_CODE,VEHICLE_ID,ID_NUMBER,TYPE_ID,TERMINAL_ID,DELETE_FLAG,COLOR_ID_NUMBER_ID,AUTHORIZED_PAY_MASS) values ('B0000804','2600966', '测B06965', 4, 260966, 0, '2',15);

insert into T_SIMINFO (SIM_ID, ORG_CODE, DEPTCODE, STATE,PAY_MODLE, SIM_NUM) values(26967, 'B0000804', '中国移动', 1, '预付费', 13100006966);
insert into T_TERMINALINFO (TERMINAL_ID,TTYPE_ID,SIM_ID,TERMINAL_CODE,ORG_CODE,IS_VIDEO_TERMINAL,SP_SERVER_NAME,PROTOCOL_TYPE,CHANNELS,YT_PROTOCOL_TYPE) values(260967, 4, 26967, '1006966', 'B0000804',1,'1076测试服务器','4',8,'0');
insert into V_VEHICLEINFO (ORG_CODE,VEHICLE_ID,ID_NUMBER,TYPE_ID,TERMINAL_ID,DELETE_FLAG,COLOR_ID_NUMBER_ID,AUTHORIZED_PAY_MASS) values ('B0000804','2600967', '测B06966', 4, 260967, 0, '2',15);

insert into T_SIMINFO (SIM_ID, ORG_CODE, DEPTCODE, STATE,PAY_MODLE, SIM_NUM) values(26968, 'B0000804', '中国移动', 1, '预付费', 13100006967);
insert into T_TERMINALINFO (TERMINAL_ID,TTYPE_ID,SIM_ID,TERMINAL_CODE,ORG_CODE,IS_VIDEO_TERMINAL,SP_SERVER_NAME,PROTOCOL_TYPE,CHANNELS,YT_PROTOCOL_TYPE) values(260968, 4, 26968, '1006967', 'B0000804',1,'1076测试服务器','4',8,'0');
insert into V_VEHICLEINFO (ORG_CODE,VEHICLE_ID,ID_NUMBER,TYPE_ID,TERMINAL_ID,DELETE_FLAG,COLOR_ID_NUMBER_ID,AUTHORIZED_PAY_MASS) values ('B0000804','2600968', '测B06967', 4, 260968, 0, '2',15);

insert into T_SIMINFO (SIM_ID, ORG_CODE, DEPTCODE, STATE,PAY_MODLE, SIM_NUM) values(26969, 'B0000804', '中国移动', 1, '预付费', 13100006968);
insert into T_TERMINALINFO (TERMINAL_ID,TTYPE_ID,SIM_ID,TERMINAL_CODE,ORG_CODE,IS_VIDEO_TERMINAL,SP_SERVER_NAME,PROTOCOL_TYPE,CHANNELS,YT_PROTOCOL_TYPE) values(260969, 4, 26969, '1006968', 'B0000804',1,'1076测试服务器','4',8,'0');
insert into V_VEHICLEINFO (ORG_CODE,VEHICLE_ID,ID_NUMBER,TYPE_ID,TERMINAL_ID,DELETE_FLAG,COLOR_ID_NUMBER_ID,AUTHORIZED_PAY_MASS) values ('B0000804','2600969', '测B06968', 4, 260969, 0, '2',15);

insert into T_SIMINFO (SIM_ID, ORG_CODE, DEPTCODE, STATE,PAY_MODLE, SIM_NUM) values(26970, 'B0000804', '中国移动', 1, '预付费', 13100006969);
insert into T_TERMINALINFO (TERMINAL_ID,TTYPE_ID,SIM_ID,TERMINAL_CODE,ORG_CODE,IS_VIDEO_TERMINAL,SP_SERVER_NAME,PROTOCOL_TYPE,CHANNELS,YT_PROTOCOL_TYPE) values(260970, 4, 26970, '1006969', 'B0000804',1,'1076测试服务器','4',8,'0');
insert into V_VEHICLEINFO (ORG_CODE,VEHICLE_ID,ID_NUMBER,TYPE_ID,TERMINAL_ID,DELETE_FLAG,COLOR_ID_NUMBER_ID,AUTHORIZED_PAY_MASS) values ('B0000804','2600970', '测B06969', 4, 260970, 0, '2',15);

insert into T_SIMINFO (SIM_ID, ORG_CODE, DEPTCODE, STATE,PAY_MODLE, SIM_NUM) values(26971, 'B0000804', '中国移动', 1, '预付费', 13100006970);
insert into T_TERMINALINFO (TERMINAL_ID,TTYPE_ID,SIM_ID,TERMINAL_CODE,ORG_CODE,IS_VIDEO_TERMINAL,SP_SERVER_NAME,PROTOCOL_TYPE,CHANNELS,YT_PROTOCOL_TYPE) values(260971, 4, 26971, '1006970', 'B0000804',1,'1076测试服务器','4',8,'0');
insert into V_VEHICLEINFO (ORG_CODE,VEHICLE_ID,ID_NUMBER,TYPE_ID,TERMINAL_ID,DELETE_FLAG,COLOR_ID_NUMBER_ID,AUTHORIZED_PAY_MASS) values ('B0000804','2600971', '测B06970', 4, 260971, 0, '2',15);

insert into T_SIMINFO (SIM_ID, ORG_CODE, DEPTCODE, STATE,PAY_MODLE, SIM_NUM) values(26972, 'B0000804', '中国移动', 1, '预付费', 13100006971);
insert into T_TERMINALINFO (TERMINAL_ID,TTYPE_ID,SIM_ID,TERMINAL_CODE,ORG_CODE,IS_VIDEO_TERMINAL,SP_SERVER_NAME,PROTOCOL_TYPE,CHANNELS,YT_PROTOCOL_TYPE) values(260972, 4, 26972, '1006971', 'B0000804',1,'1076测试服务器','4',8,'0');
insert into V_VEHICLEINFO (ORG_CODE,VEHICLE_ID,ID_NUMBER,TYPE_ID,TERMINAL_ID,DELETE_FLAG,COLOR_ID_NUMBER_ID,AUTHORIZED_PAY_MASS) values ('B0000804','2600972', '测B06971', 4, 260972, 0, '2',15);

insert into T_SIMINFO (SIM_ID, ORG_CODE, DEPTCODE, STATE,PAY_MODLE, SIM_NUM) values(26973, 'B0000804', '中国移动', 1, '预付费', 13100006972);
insert into T_TERMINALINFO (TERMINAL_ID,TTYPE_ID,SIM_ID,TERMINAL_CODE,ORG_CODE,IS_VIDEO_TERMINAL,SP_SERVER_NAME,PROTOCOL_TYPE,CHANNELS,YT_PROTOCOL_TYPE) values(260973, 4, 26973, '1006972', 'B0000804',1,'1076测试服务器','4',8,'0');
insert into V_VEHICLEINFO (ORG_CODE,VEHICLE_ID,ID_NUMBER,TYPE_ID,TERMINAL_ID,DELETE_FLAG,COLOR_ID_NUMBER_ID,AUTHORIZED_PAY_MASS) values ('B0000804','2600973', '测B06972', 4, 260973, 0, '2',15);

insert into T_SIMINFO (SIM_ID, ORG_CODE, DEPTCODE, STATE,PAY_MODLE, SIM_NUM) values(26974, 'B0000804', '中国移动', 1, '预付费', 13100006973);
insert into T_TERMINALINFO (TERMINAL_ID,TTYPE_ID,SIM_ID,TERMINAL_CODE,ORG_CODE,IS_VIDEO_TERMINAL,SP_SERVER_NAME,PROTOCOL_TYPE,CHANNELS,YT_PROTOCOL_TYPE) values(260974, 4, 26974, '1006973', 'B0000804',1,'1076测试服务器','4',8,'0');
insert into V_VEHICLEINFO (ORG_CODE,VEHICLE_ID,ID_NUMBER,TYPE_ID,TERMINAL_ID,DELETE_FLAG,COLOR_ID_NUMBER_ID,AUTHORIZED_PAY_MASS) values ('B0000804','2600974', '测B06973', 4, 260974, 0, '2',15);

insert into T_SIMINFO (SIM_ID, ORG_CODE, DEPTCODE, STATE,PAY_MODLE, SIM_NUM) values(26975, 'B0000804', '中国移动', 1, '预付费', 13100006974);
insert into T_TERMINALINFO (TERMINAL_ID,TTYPE_ID,SIM_ID,TERMINAL_CODE,ORG_CODE,IS_VIDEO_TERMINAL,SP_SERVER_NAME,PROTOCOL_TYPE,CHANNELS,YT_PROTOCOL_TYPE) values(260975, 4, 26975, '1006974', 'B0000804',1,'1076测试服务器','4',8,'0');
insert into V_VEHICLEINFO (ORG_CODE,VEHICLE_ID,ID_NUMBER,TYPE_ID,TERMINAL_ID,DELETE_FLAG,COLOR_ID_NUMBER_ID,AUTHORIZED_PAY_MASS) values ('B0000804','2600975', '测B06974', 4, 260975, 0, '2',15);

insert into T_SIMINFO (SIM_ID, ORG_CODE, DEPTCODE, STATE,PAY_MODLE, SIM_NUM) values(26976, 'B0000804', '中国移动', 1, '预付费', 13100006975);
insert into T_TERMINALINFO (TERMINAL_ID,TTYPE_ID,SIM_ID,TERMINAL_CODE,ORG_CODE,IS_VIDEO_TERMINAL,SP_SERVER_NAME,PROTOCOL_TYPE,CHANNELS,YT_PROTOCOL_TYPE) values(260976, 4, 26976, '1006975', 'B0000804',1,'1076测试服务器','4',8,'0');
insert into V_VEHICLEINFO (ORG_CODE,VEHICLE_ID,ID_NUMBER,TYPE_ID,TERMINAL_ID,DELETE_FLAG,COLOR_ID_NUMBER_ID,AUTHORIZED_PAY_MASS) values ('B0000804','2600976', '测B06975', 4, 260976, 0, '2',15);

insert into T_SIMINFO (SIM_ID, ORG_CODE, DEPTCODE, STATE,PAY_MODLE, SIM_NUM) values(26977, 'B0000804', '中国移动', 1, '预付费', 13100006976);
insert into T_TERMINALINFO (TERMINAL_ID,TTYPE_ID,SIM_ID,TERMINAL_CODE,ORG_CODE,IS_VIDEO_TERMINAL,SP_SERVER_NAME,PROTOCOL_TYPE,CHANNELS,YT_PROTOCOL_TYPE) values(260977, 4, 26977, '1006976', 'B0000804',1,'1076测试服务器','4',8,'0');
insert into V_VEHICLEINFO (ORG_CODE,VEHICLE_ID,ID_NUMBER,TYPE_ID,TERMINAL_ID,DELETE_FLAG,COLOR_ID_NUMBER_ID,AUTHORIZED_PAY_MASS) values ('B0000804','2600977', '测B06976', 4, 260977, 0, '2',15);

insert into T_SIMINFO (SIM_ID, ORG_CODE, DEPTCODE, STATE,PAY_MODLE, SIM_NUM) values(26978, 'B0000804', '中国移动', 1, '预付费', 13100006977);
insert into T_TERMINALINFO (TERMINAL_ID,TTYPE_ID,SIM_ID,TERMINAL_CODE,ORG_CODE,IS_VIDEO_TERMINAL,SP_SERVER_NAME,PROTOCOL_TYPE,CHANNELS,YT_PROTOCOL_TYPE) values(260978, 4, 26978, '1006977', 'B0000804',1,'1076测试服务器','4',8,'0');
insert into V_VEHICLEINFO (ORG_CODE,VEHICLE_ID,ID_NUMBER,TYPE_ID,TERMINAL_ID,DELETE_FLAG,COLOR_ID_NUMBER_ID,AUTHORIZED_PAY_MASS) values ('B0000804','2600978', '测B06977', 4, 260978, 0, '2',15);

insert into T_SIMINFO (SIM_ID, ORG_CODE, DEPTCODE, STATE,PAY_MODLE, SIM_NUM) values(26979, 'B0000804', '中国移动', 1, '预付费', 13100006978);
insert into T_TERMINALINFO (TERMINAL_ID,TTYPE_ID,SIM_ID,TERMINAL_CODE,ORG_CODE,IS_VIDEO_TERMINAL,SP_SERVER_NAME,PROTOCOL_TYPE,CHANNELS,YT_PROTOCOL_TYPE) values(260979, 4, 26979, '1006978', 'B0000804',1,'1076测试服务器','4',8,'0');
insert into V_VEHICLEINFO (ORG_CODE,VEHICLE_ID,ID_NUMBER,TYPE_ID,TERMINAL_ID,DELETE_FLAG,COLOR_ID_NUMBER_ID,AUTHORIZED_PAY_MASS) values ('B0000804','2600979', '测B06978', 4, 260979, 0, '2',15);

insert into T_SIMINFO (SIM_ID, ORG_CODE, DEPTCODE, STATE,PAY_MODLE, SIM_NUM) values(26980, 'B0000804', '中国移动', 1, '预付费', 13100006979);
insert into T_TERMINALINFO (TERMINAL_ID,TTYPE_ID,SIM_ID,TERMINAL_CODE,ORG_CODE,IS_VIDEO_TERMINAL,SP_SERVER_NAME,PROTOCOL_TYPE,CHANNELS,YT_PROTOCOL_TYPE) values(260980, 4, 26980, '1006979', 'B0000804',1,'1076测试服务器','4',8,'0');
insert into V_VEHICLEINFO (ORG_CODE,VEHICLE_ID,ID_NUMBER,TYPE_ID,TERMINAL_ID,DELETE_FLAG,COLOR_ID_NUMBER_ID,AUTHORIZED_PAY_MASS) values ('B0000804','2600980', '测B06979', 4, 260980, 0, '2',15);

insert into T_SIMINFO (SIM_ID, ORG_CODE, DEPTCODE, STATE,PAY_MODLE, SIM_NUM) values(26981, 'B0000804', '中国移动', 1, '预付费', 13100006980);
insert into T_TERMINALINFO (TERMINAL_ID,TTYPE_ID,SIM_ID,TERMINAL_CODE,ORG_CODE,IS_VIDEO_TERMINAL,SP_SERVER_NAME,PROTOCOL_TYPE,CHANNELS,YT_PROTOCOL_TYPE) values(260981, 4, 26981, '1006980', 'B0000804',1,'1076测试服务器','4',8,'0');
insert into V_VEHICLEINFO (ORG_CODE,VEHICLE_ID,ID_NUMBER,TYPE_ID,TERMINAL_ID,DELETE_FLAG,COLOR_ID_NUMBER_ID,AUTHORIZED_PAY_MASS) values ('B0000804','2600981', '测B06980', 4, 260981, 0, '2',15);

insert into T_SIMINFO (SIM_ID, ORG_CODE, DEPTCODE, STATE,PAY_MODLE, SIM_NUM) values(26982, 'B0000804', '中国移动', 1, '预付费', 13100006981);
insert into T_TERMINALINFO (TERMINAL_ID,TTYPE_ID,SIM_ID,TERMINAL_CODE,ORG_CODE,IS_VIDEO_TERMINAL,SP_SERVER_NAME,PROTOCOL_TYPE,CHANNELS,YT_PROTOCOL_TYPE) values(260982, 4, 26982, '1006981', 'B0000804',1,'1076测试服务器','4',8,'0');
insert into V_VEHICLEINFO (ORG_CODE,VEHICLE_ID,ID_NUMBER,TYPE_ID,TERMINAL_ID,DELETE_FLAG,COLOR_ID_NUMBER_ID,AUTHORIZED_PAY_MASS) values ('B0000804','2600982', '测B06981', 4, 260982, 0, '2',15);

insert into T_SIMINFO (SIM_ID, ORG_CODE, DEPTCODE, STATE,PAY_MODLE, SIM_NUM) values(26983, 'B0000804', '中国移动', 1, '预付费', 13100006982);
insert into T_TERMINALINFO (TERMINAL_ID,TTYPE_ID,SIM_ID,TERMINAL_CODE,ORG_CODE,IS_VIDEO_TERMINAL,SP_SERVER_NAME,PROTOCOL_TYPE,CHANNELS,YT_PROTOCOL_TYPE) values(260983, 4, 26983, '1006982', 'B0000804',1,'1076测试服务器','4',8,'0');
insert into V_VEHICLEINFO (ORG_CODE,VEHICLE_ID,ID_NUMBER,TYPE_ID,TERMINAL_ID,DELETE_FLAG,COLOR_ID_NUMBER_ID,AUTHORIZED_PAY_MASS) values ('B0000804','2600983', '测B06982', 4, 260983, 0, '2',15);

insert into T_SIMINFO (SIM_ID, ORG_CODE, DEPTCODE, STATE,PAY_MODLE, SIM_NUM) values(26984, 'B0000804', '中国移动', 1, '预付费', 13100006983);
insert into T_TERMINALINFO (TERMINAL_ID,TTYPE_ID,SIM_ID,TERMINAL_CODE,ORG_CODE,IS_VIDEO_TERMINAL,SP_SERVER_NAME,PROTOCOL_TYPE,CHANNELS,YT_PROTOCOL_TYPE) values(260984, 4, 26984, '1006983', 'B0000804',1,'1076测试服务器','4',8,'0');
insert into V_VEHICLEINFO (ORG_CODE,VEHICLE_ID,ID_NUMBER,TYPE_ID,TERMINAL_ID,DELETE_FLAG,COLOR_ID_NUMBER_ID,AUTHORIZED_PAY_MASS) values ('B0000804','2600984', '测B06983', 4, 260984, 0, '2',15);

insert into T_SIMINFO (SIM_ID, ORG_CODE, DEPTCODE, STATE,PAY_MODLE, SIM_NUM) values(26985, 'B0000804', '中国移动', 1, '预付费', 13100006984);
insert into T_TERMINALINFO (TERMINAL_ID,TTYPE_ID,SIM_ID,TERMINAL_CODE,ORG_CODE,IS_VIDEO_TERMINAL,SP_SERVER_NAME,PROTOCOL_TYPE,CHANNELS,YT_PROTOCOL_TYPE) values(260985, 4, 26985, '1006984', 'B0000804',1,'1076测试服务器','4',8,'0');
insert into V_VEHICLEINFO (ORG_CODE,VEHICLE_ID,ID_NUMBER,TYPE_ID,TERMINAL_ID,DELETE_FLAG,COLOR_ID_NUMBER_ID,AUTHORIZED_PAY_MASS) values ('B0000804','2600985', '测B06984', 4, 260985, 0, '2',15);

insert into T_SIMINFO (SIM_ID, ORG_CODE, DEPTCODE, STATE,PAY_MODLE, SIM_NUM) values(26986, 'B0000804', '中国移动', 1, '预付费', 13100006985);
insert into T_TERMINALINFO (TERMINAL_ID,TTYPE_ID,SIM_ID,TERMINAL_CODE,ORG_CODE,IS_VIDEO_TERMINAL,SP_SERVER_NAME,PROTOCOL_TYPE,CHANNELS,YT_PROTOCOL_TYPE) values(260986, 4, 26986, '1006985', 'B0000804',1,'1076测试服务器','4',8,'0');
insert into V_VEHICLEINFO (ORG_CODE,VEHICLE_ID,ID_NUMBER,TYPE_ID,TERMINAL_ID,DELETE_FLAG,COLOR_ID_NUMBER_ID,AUTHORIZED_PAY_MASS) values ('B0000804','2600986', '测B06985', 4, 260986, 0, '2',15);

insert into T_SIMINFO (SIM_ID, ORG_CODE, DEPTCODE, STATE,PAY_MODLE, SIM_NUM) values(26987, 'B0000804', '中国移动', 1, '预付费', 13100006986);
insert into T_TERMINALINFO (TERMINAL_ID,TTYPE_ID,SIM_ID,TERMINAL_CODE,ORG_CODE,IS_VIDEO_TERMINAL,SP_SERVER_NAME,PROTOCOL_TYPE,CHANNELS,YT_PROTOCOL_TYPE) values(260987, 4, 26987, '1006986', 'B0000804',1,'1076测试服务器','4',8,'0');
insert into V_VEHICLEINFO (ORG_CODE,VEHICLE_ID,ID_NUMBER,TYPE_ID,TERMINAL_ID,DELETE_FLAG,COLOR_ID_NUMBER_ID,AUTHORIZED_PAY_MASS) values ('B0000804','2600987', '测B06986', 4, 260987, 0, '2',15);

insert into T_SIMINFO (SIM_ID, ORG_CODE, DEPTCODE, STATE,PAY_MODLE, SIM_NUM) values(26988, 'B0000804', '中国移动', 1, '预付费', 13100006987);
insert into T_TERMINALINFO (TERMINAL_ID,TTYPE_ID,SIM_ID,TERMINAL_CODE,ORG_CODE,IS_VIDEO_TERMINAL,SP_SERVER_NAME,PROTOCOL_TYPE,CHANNELS,YT_PROTOCOL_TYPE) values(260988, 4, 26988, '1006987', 'B0000804',1,'1076测试服务器','4',8,'0');
insert into V_VEHICLEINFO (ORG_CODE,VEHICLE_ID,ID_NUMBER,TYPE_ID,TERMINAL_ID,DELETE_FLAG,COLOR_ID_NUMBER_ID,AUTHORIZED_PAY_MASS) values ('B0000804','2600988', '测B06987', 4, 260988, 0, '2',15);

insert into T_SIMINFO (SIM_ID, ORG_CODE, DEPTCODE, STATE,PAY_MODLE, SIM_NUM) values(26989, 'B0000804', '中国移动', 1, '预付费', 13100006988);
insert into T_TERMINALINFO (TERMINAL_ID,TTYPE_ID,SIM_ID,TERMINAL_CODE,ORG_CODE,IS_VIDEO_TERMINAL,SP_SERVER_NAME,PROTOCOL_TYPE,CHANNELS,YT_PROTOCOL_TYPE) values(260989, 4, 26989, '1006988', 'B0000804',1,'1076测试服务器','4',8,'0');
insert into V_VEHICLEINFO (ORG_CODE,VEHICLE_ID,ID_NUMBER,TYPE_ID,TERMINAL_ID,DELETE_FLAG,COLOR_ID_NUMBER_ID,AUTHORIZED_PAY_MASS) values ('B0000804','2600989', '测B06988', 4, 260989, 0, '2',15);

insert into T_SIMINFO (SIM_ID, ORG_CODE, DEPTCODE, STATE,PAY_MODLE, SIM_NUM) values(26990, 'B0000804', '中国移动', 1, '预付费', 13100006989);
insert into T_TERMINALINFO (TERMINAL_ID,TTYPE_ID,SIM_ID,TERMINAL_CODE,ORG_CODE,IS_VIDEO_TERMINAL,SP_SERVER_NAME,PROTOCOL_TYPE,CHANNELS,YT_PROTOCOL_TYPE) values(260990, 4, 26990, '1006989', 'B0000804',1,'1076测试服务器','4',8,'0');
insert into V_VEHICLEINFO (ORG_CODE,VEHICLE_ID,ID_NUMBER,TYPE_ID,TERMINAL_ID,DELETE_FLAG,COLOR_ID_NUMBER_ID,AUTHORIZED_PAY_MASS) values ('B0000804','2600990', '测B06989', 4, 260990, 0, '2',15);

insert into T_SIMINFO (SIM_ID, ORG_CODE, DEPTCODE, STATE,PAY_MODLE, SIM_NUM) values(26991, 'B0000804', '中国移动', 1, '预付费', 13100006990);
insert into T_TERMINALINFO (TERMINAL_ID,TTYPE_ID,SIM_ID,TERMINAL_CODE,ORG_CODE,IS_VIDEO_TERMINAL,SP_SERVER_NAME,PROTOCOL_TYPE,CHANNELS,YT_PROTOCOL_TYPE) values(260991, 4, 26991, '1006990', 'B0000804',1,'1076测试服务器','4',8,'0');
insert into V_VEHICLEINFO (ORG_CODE,VEHICLE_ID,ID_NUMBER,TYPE_ID,TERMINAL_ID,DELETE_FLAG,COLOR_ID_NUMBER_ID,AUTHORIZED_PAY_MASS) values ('B0000804','2600991', '测B06990', 4, 260991, 0, '2',15);

insert into T_SIMINFO (SIM_ID, ORG_CODE, DEPTCODE, STATE,PAY_MODLE, SIM_NUM) values(26992, 'B0000804', '中国移动', 1, '预付费', 13100006991);
insert into T_TERMINALINFO (TERMINAL_ID,TTYPE_ID,SIM_ID,TERMINAL_CODE,ORG_CODE,IS_VIDEO_TERMINAL,SP_SERVER_NAME,PROTOCOL_TYPE,CHANNELS,YT_PROTOCOL_TYPE) values(260992, 4, 26992, '1006991', 'B0000804',1,'1076测试服务器','4',8,'0');
insert into V_VEHICLEINFO (ORG_CODE,VEHICLE_ID,ID_NUMBER,TYPE_ID,TERMINAL_ID,DELETE_FLAG,COLOR_ID_NUMBER_ID,AUTHORIZED_PAY_MASS) values ('B0000804','2600992', '测B06991', 4, 260992, 0, '2',15);

insert into T_SIMINFO (SIM_ID, ORG_CODE, DEPTCODE, STATE,PAY_MODLE, SIM_NUM) values(26993, 'B0000804', '中国移动', 1, '预付费', 13100006992);
insert into T_TERMINALINFO (TERMINAL_ID,TTYPE_ID,SIM_ID,TERMINAL_CODE,ORG_CODE,IS_VIDEO_TERMINAL,SP_SERVER_NAME,PROTOCOL_TYPE,CHANNELS,YT_PROTOCOL_TYPE) values(260993, 4, 26993, '1006992', 'B0000804',1,'1076测试服务器','4',8,'0');
insert into V_VEHICLEINFO (ORG_CODE,VEHICLE_ID,ID_NUMBER,TYPE_ID,TERMINAL_ID,DELETE_FLAG,COLOR_ID_NUMBER_ID,AUTHORIZED_PAY_MASS) values ('B0000804','2600993', '测B06992', 4, 260993, 0, '2',15);

insert into T_SIMINFO (SIM_ID, ORG_CODE, DEPTCODE, STATE,PAY_MODLE, SIM_NUM) values(26994, 'B0000804', '中国移动', 1, '预付费', 13100006993);
insert into T_TERMINALINFO (TERMINAL_ID,TTYPE_ID,SIM_ID,TERMINAL_CODE,ORG_CODE,IS_VIDEO_TERMINAL,SP_SERVER_NAME,PROTOCOL_TYPE,CHANNELS,YT_PROTOCOL_TYPE) values(260994, 4, 26994, '1006993', 'B0000804',1,'1076测试服务器','4',8,'0');
insert into V_VEHICLEINFO (ORG_CODE,VEHICLE_ID,ID_NUMBER,TYPE_ID,TERMINAL_ID,DELETE_FLAG,COLOR_ID_NUMBER_ID,AUTHORIZED_PAY_MASS) values ('B0000804','2600994', '测B06993', 4, 260994, 0, '2',15);

insert into T_SIMINFO (SIM_ID, ORG_CODE, DEPTCODE, STATE,PAY_MODLE, SIM_NUM) values(26995, 'B0000804', '中国移动', 1, '预付费', 13100006994);
insert into T_TERMINALINFO (TERMINAL_ID,TTYPE_ID,SIM_ID,TERMINAL_CODE,ORG_CODE,IS_VIDEO_TERMINAL,SP_SERVER_NAME,PROTOCOL_TYPE,CHANNELS,YT_PROTOCOL_TYPE) values(260995, 4, 26995, '1006994', 'B0000804',1,'1076测试服务器','4',8,'0');
insert into V_VEHICLEINFO (ORG_CODE,VEHICLE_ID,ID_NUMBER,TYPE_ID,TERMINAL_ID,DELETE_FLAG,COLOR_ID_NUMBER_ID,AUTHORIZED_PAY_MASS) values ('B0000804','2600995', '测B06994', 4, 260995, 0, '2',15);

insert into T_SIMINFO (SIM_ID, ORG_CODE, DEPTCODE, STATE,PAY_MODLE, SIM_NUM) values(26996, 'B0000804', '中国移动', 1, '预付费', 13100006995);
insert into T_TERMINALINFO (TERMINAL_ID,TTYPE_ID,SIM_ID,TERMINAL_CODE,ORG_CODE,IS_VIDEO_TERMINAL,SP_SERVER_NAME,PROTOCOL_TYPE,CHANNELS,YT_PROTOCOL_TYPE) values(260996, 4, 26996, '1006995', 'B0000804',1,'1076测试服务器','4',8,'0');
insert into V_VEHICLEINFO (ORG_CODE,VEHICLE_ID,ID_NUMBER,TYPE_ID,TERMINAL_ID,DELETE_FLAG,COLOR_ID_NUMBER_ID,AUTHORIZED_PAY_MASS) values ('B0000804','2600996', '测B06995', 4, 260996, 0, '2',15);

insert into T_SIMINFO (SIM_ID, ORG_CODE, DEPTCODE, STATE,PAY_MODLE, SIM_NUM) values(26997, 'B0000804', '中国移动', 1, '预付费', 13100006996);
insert into T_TERMINALINFO (TERMINAL_ID,TTYPE_ID,SIM_ID,TERMINAL_CODE,ORG_CODE,IS_VIDEO_TERMINAL,SP_SERVER_NAME,PROTOCOL_TYPE,CHANNELS,YT_PROTOCOL_TYPE) values(260997, 4, 26997, '1006996', 'B0000804',1,'1076测试服务器','4',8,'0');
insert into V_VEHICLEINFO (ORG_CODE,VEHICLE_ID,ID_NUMBER,TYPE_ID,TERMINAL_ID,DELETE_FLAG,COLOR_ID_NUMBER_ID,AUTHORIZED_PAY_MASS) values ('B0000804','2600997', '测B06996', 4, 260997, 0, '2',15);

insert into T_SIMINFO (SIM_ID, ORG_CODE, DEPTCODE, STATE,PAY_MODLE, SIM_NUM) values(26998, 'B0000804', '中国移动', 1, '预付费', 13100006997);
insert into T_TERMINALINFO (TERMINAL_ID,TTYPE_ID,SIM_ID,TERMINAL_CODE,ORG_CODE,IS_VIDEO_TERMINAL,SP_SERVER_NAME,PROTOCOL_TYPE,CHANNELS,YT_PROTOCOL_TYPE) values(260998, 4, 26998, '1006997', 'B0000804',1,'1076测试服务器','4',8,'0');
insert into V_VEHICLEINFO (ORG_CODE,VEHICLE_ID,ID_NUMBER,TYPE_ID,TERMINAL_ID,DELETE_FLAG,COLOR_ID_NUMBER_ID,AUTHORIZED_PAY_MASS) values ('B0000804','2600998', '测B06997', 4, 260998, 0, '2',15);

insert into T_SIMINFO (SIM_ID, ORG_CODE, DEPTCODE, STATE,PAY_MODLE, SIM_NUM) values(26999, 'B0000804', '中国移动', 1, '预付费', 13100006998);
insert into T_TERMINALINFO (TERMINAL_ID,TTYPE_ID,SIM_ID,TERMINAL_CODE,ORG_CODE,IS_VIDEO_TERMINAL,SP_SERVER_NAME,PROTOCOL_TYPE,CHANNELS,YT_PROTOCOL_TYPE) values(260999, 4, 26999, '1006998', 'B0000804',1,'1076测试服务器','4',8,'0');
insert into V_VEHICLEINFO (ORG_CODE,VEHICLE_ID,ID_NUMBER,TYPE_ID,TERMINAL_ID,DELETE_FLAG,COLOR_ID_NUMBER_ID,AUTHORIZED_PAY_MASS) values ('B0000804','2600999', '测B06998', 4, 260999, 0, '2',15);

insert into T_SIMINFO (SIM_ID, ORG_CODE, DEPTCODE, STATE,PAY_MODLE, SIM_NUM) values(27000, 'B0000804', '中国移动', 1, '预付费', 13100006999);
insert into T_TERMINALINFO (TERMINAL_ID,TTYPE_ID,SIM_ID,TERMINAL_CODE,ORG_CODE,IS_VIDEO_TERMINAL,SP_SERVER_NAME,PROTOCOL_TYPE,CHANNELS,YT_PROTOCOL_TYPE) values(261000, 4, 27000, '1006999', 'B0000804',1,'1076测试服务器','4',8,'0');
insert into V_VEHICLEINFO (ORG_CODE,VEHICLE_ID,ID_NUMBER,TYPE_ID,TERMINAL_ID,DELETE_FLAG,COLOR_ID_NUMBER_ID,AUTHORIZED_PAY_MASS) values ('B0000804','2601000', '测B06999', 4, 261000, 0, '2',15);

insert into T_SIMINFO (SIM_ID, ORG_CODE, DEPTCODE, STATE,PAY_MODLE, SIM_NUM) values(27001, 'B0000804', '中国移动', 1, '预付费', 13100007000);
insert into T_TERMINALINFO (TERMINAL_ID,TTYPE_ID,SIM_ID,TERMINAL_CODE,ORG_CODE,IS_VIDEO_TERMINAL,SP_SERVER_NAME,PROTOCOL_TYPE,CHANNELS,YT_PROTOCOL_TYPE) values(261001, 4, 27001, '1007000', 'B0000804',1,'1076测试服务器','4',8,'0');
insert into V_VEHICLEINFO (ORG_CODE,VEHICLE_ID,ID_NUMBER,TYPE_ID,TERMINAL_ID,DELETE_FLAG,COLOR_ID_NUMBER_ID,AUTHORIZED_PAY_MASS) values ('B0000804','2601001', '测B07000', 4, 261001, 0, '2',15);

insert into T_SIMINFO (SIM_ID, ORG_CODE, DEPTCODE, STATE,PAY_MODLE, SIM_NUM) values(27002, 'B0000804', '中国移动', 1, '预付费', 13100007001);
insert into T_TERMINALINFO (TERMINAL_ID,TTYPE_ID,SIM_ID,TERMINAL_CODE,ORG_CODE,IS_VIDEO_TERMINAL,SP_SERVER_NAME,PROTOCOL_TYPE,CHANNELS,YT_PROTOCOL_TYPE) values(261002, 4, 27002, '1007001', 'B0000804',1,'1076测试服务器','4',8,'0');
insert into V_VEHICLEINFO (ORG_CODE,VEHICLE_ID,ID_NUMBER,TYPE_ID,TERMINAL_ID,DELETE_FLAG,COLOR_ID_NUMBER_ID,AUTHORIZED_PAY_MASS) values ('B0000804','2601002', '测B07001', 4, 261002, 0, '2',15);

insert into T_SIMINFO (SIM_ID, ORG_CODE, DEPTCODE, STATE,PAY_MODLE, SIM_NUM) values(27003, 'B0000804', '中国移动', 1, '预付费', 13100007002);
insert into T_TERMINALINFO (TERMINAL_ID,TTYPE_ID,SIM_ID,TERMINAL_CODE,ORG_CODE,IS_VIDEO_TERMINAL,SP_SERVER_NAME,PROTOCOL_TYPE,CHANNELS,YT_PROTOCOL_TYPE) values(261003, 4, 27003, '1007002', 'B0000804',1,'1076测试服务器','4',8,'0');
insert into V_VEHICLEINFO (ORG_CODE,VEHICLE_ID,ID_NUMBER,TYPE_ID,TERMINAL_ID,DELETE_FLAG,COLOR_ID_NUMBER_ID,AUTHORIZED_PAY_MASS) values ('B0000804','2601003', '测B07002', 4, 261003, 0, '2',15);

insert into T_SIMINFO (SIM_ID, ORG_CODE, DEPTCODE, STATE,PAY_MODLE, SIM_NUM) values(27004, 'B0000804', '中国移动', 1, '预付费', 13100007003);
insert into T_TERMINALINFO (TERMINAL_ID,TTYPE_ID,SIM_ID,TERMINAL_CODE,ORG_CODE,IS_VIDEO_TERMINAL,SP_SERVER_NAME,PROTOCOL_TYPE,CHANNELS,YT_PROTOCOL_TYPE) values(261004, 4, 27004, '1007003', 'B0000804',1,'1076测试服务器','4',8,'0');
insert into V_VEHICLEINFO (ORG_CODE,VEHICLE_ID,ID_NUMBER,TYPE_ID,TERMINAL_ID,DELETE_FLAG,COLOR_ID_NUMBER_ID,AUTHORIZED_PAY_MASS) values ('B0000804','2601004', '测B07003', 4, 261004, 0, '2',15);

insert into T_SIMINFO (SIM_ID, ORG_CODE, DEPTCODE, STATE,PAY_MODLE, SIM_NUM) values(27005, 'B0000804', '中国移动', 1, '预付费', 13100007004);
insert into T_TERMINALINFO (TERMINAL_ID,TTYPE_ID,SIM_ID,TERMINAL_CODE,ORG_CODE,IS_VIDEO_TERMINAL,SP_SERVER_NAME,PROTOCOL_TYPE,CHANNELS,YT_PROTOCOL_TYPE) values(261005, 4, 27005, '1007004', 'B0000804',1,'1076测试服务器','4',8,'0');
insert into V_VEHICLEINFO (ORG_CODE,VEHICLE_ID,ID_NUMBER,TYPE_ID,TERMINAL_ID,DELETE_FLAG,COLOR_ID_NUMBER_ID,AUTHORIZED_PAY_MASS) values ('B0000804','2601005', '测B07004', 4, 261005, 0, '2',15);

insert into T_SIMINFO (SIM_ID, ORG_CODE, DEPTCODE, STATE,PAY_MODLE, SIM_NUM) values(27006, 'B0000804', '中国移动', 1, '预付费', 13100007005);
insert into T_TERMINALINFO (TERMINAL_ID,TTYPE_ID,SIM_ID,TERMINAL_CODE,ORG_CODE,IS_VIDEO_TERMINAL,SP_SERVER_NAME,PROTOCOL_TYPE,CHANNELS,YT_PROTOCOL_TYPE) values(261006, 4, 27006, '1007005', 'B0000804',1,'1076测试服务器','4',8,'0');
insert into V_VEHICLEINFO (ORG_CODE,VEHICLE_ID,ID_NUMBER,TYPE_ID,TERMINAL_ID,DELETE_FLAG,COLOR_ID_NUMBER_ID,AUTHORIZED_PAY_MASS) values ('B0000804','2601006', '测B07005', 4, 261006, 0, '2',15);

insert into T_SIMINFO (SIM_ID, ORG_CODE, DEPTCODE, STATE,PAY_MODLE, SIM_NUM) values(27007, 'B0000804', '中国移动', 1, '预付费', 13100007006);
insert into T_TERMINALINFO (TERMINAL_ID,TTYPE_ID,SIM_ID,TERMINAL_CODE,ORG_CODE,IS_VIDEO_TERMINAL,SP_SERVER_NAME,PROTOCOL_TYPE,CHANNELS,YT_PROTOCOL_TYPE) values(261007, 4, 27007, '1007006', 'B0000804',1,'1076测试服务器','4',8,'0');
insert into V_VEHICLEINFO (ORG_CODE,VEHICLE_ID,ID_NUMBER,TYPE_ID,TERMINAL_ID,DELETE_FLAG,COLOR_ID_NUMBER_ID,AUTHORIZED_PAY_MASS) values ('B0000804','2601007', '测B07006', 4, 261007, 0, '2',15);

insert into T_SIMINFO (SIM_ID, ORG_CODE, DEPTCODE, STATE,PAY_MODLE, SIM_NUM) values(27008, 'B0000804', '中国移动', 1, '预付费', 13100007007);
insert into T_TERMINALINFO (TERMINAL_ID,TTYPE_ID,SIM_ID,TERMINAL_CODE,ORG_CODE,IS_VIDEO_TERMINAL,SP_SERVER_NAME,PROTOCOL_TYPE,CHANNELS,YT_PROTOCOL_TYPE) values(261008, 4, 27008, '1007007', 'B0000804',1,'1076测试服务器','4',8,'0');
insert into V_VEHICLEINFO (ORG_CODE,VEHICLE_ID,ID_NUMBER,TYPE_ID,TERMINAL_ID,DELETE_FLAG,COLOR_ID_NUMBER_ID,AUTHORIZED_PAY_MASS) values ('B0000804','2601008', '测B07007', 4, 261008, 0, '2',15);

insert into T_SIMINFO (SIM_ID, ORG_CODE, DEPTCODE, STATE,PAY_MODLE, SIM_NUM) values(27009, 'B0000804', '中国移动', 1, '预付费', 13100007008);
insert into T_TERMINALINFO (TERMINAL_ID,TTYPE_ID,SIM_ID,TERMINAL_CODE,ORG_CODE,IS_VIDEO_TERMINAL,SP_SERVER_NAME,PROTOCOL_TYPE,CHANNELS,YT_PROTOCOL_TYPE) values(261009, 4, 27009, '1007008', 'B0000804',1,'1076测试服务器','4',8,'0');
insert into V_VEHICLEINFO (ORG_CODE,VEHICLE_ID,ID_NUMBER,TYPE_ID,TERMINAL_ID,DELETE_FLAG,COLOR_ID_NUMBER_ID,AUTHORIZED_PAY_MASS) values ('B0000804','2601009', '测B07008', 4, 261009, 0, '2',15);

insert into T_SIMINFO (SIM_ID, ORG_CODE, DEPTCODE, STATE,PAY_MODLE, SIM_NUM) values(27010, 'B0000804', '中国移动', 1, '预付费', 13100007009);
insert into T_TERMINALINFO (TERMINAL_ID,TTYPE_ID,SIM_ID,TERMINAL_CODE,ORG_CODE,IS_VIDEO_TERMINAL,SP_SERVER_NAME,PROTOCOL_TYPE,CHANNELS,YT_PROTOCOL_TYPE) values(261010, 4, 27010, '1007009', 'B0000804',1,'1076测试服务器','4',8,'0');
insert into V_VEHICLEINFO (ORG_CODE,VEHICLE_ID,ID_NUMBER,TYPE_ID,TERMINAL_ID,DELETE_FLAG,COLOR_ID_NUMBER_ID,AUTHORIZED_PAY_MASS) values ('B0000804','2601010', '测B07009', 4, 261010, 0, '2',15);

insert into T_SIMINFO (SIM_ID, ORG_CODE, DEPTCODE, STATE,PAY_MODLE, SIM_NUM) values(27011, 'B0000804', '中国移动', 1, '预付费', 13100007010);
insert into T_TERMINALINFO (TERMINAL_ID,TTYPE_ID,SIM_ID,TERMINAL_CODE,ORG_CODE,IS_VIDEO_TERMINAL,SP_SERVER_NAME,PROTOCOL_TYPE,CHANNELS,YT_PROTOCOL_TYPE) values(261011, 4, 27011, '1007010', 'B0000804',1,'1076测试服务器','4',8,'0');
insert into V_VEHICLEINFO (ORG_CODE,VEHICLE_ID,ID_NUMBER,TYPE_ID,TERMINAL_ID,DELETE_FLAG,COLOR_ID_NUMBER_ID,AUTHORIZED_PAY_MASS) values ('B0000804','2601011', '测B07010', 4, 261011, 0, '2',15);

insert into T_SIMINFO (SIM_ID, ORG_CODE, DEPTCODE, STATE,PAY_MODLE, SIM_NUM) values(27012, 'B0000804', '中国移动', 1, '预付费', 13100007011);
insert into T_TERMINALINFO (TERMINAL_ID,TTYPE_ID,SIM_ID,TERMINAL_CODE,ORG_CODE,IS_VIDEO_TERMINAL,SP_SERVER_NAME,PROTOCOL_TYPE,CHANNELS,YT_PROTOCOL_TYPE) values(261012, 4, 27012, '1007011', 'B0000804',1,'1076测试服务器','4',8,'0');
insert into V_VEHICLEINFO (ORG_CODE,VEHICLE_ID,ID_NUMBER,TYPE_ID,TERMINAL_ID,DELETE_FLAG,COLOR_ID_NUMBER_ID,AUTHORIZED_PAY_MASS) values ('B0000804','2601012', '测B07011', 4, 261012, 0, '2',15);

insert into T_SIMINFO (SIM_ID, ORG_CODE, DEPTCODE, STATE,PAY_MODLE, SIM_NUM) values(27013, 'B0000804', '中国移动', 1, '预付费', 13100007012);
insert into T_TERMINALINFO (TERMINAL_ID,TTYPE_ID,SIM_ID,TERMINAL_CODE,ORG_CODE,IS_VIDEO_TERMINAL,SP_SERVER_NAME,PROTOCOL_TYPE,CHANNELS,YT_PROTOCOL_TYPE) values(261013, 4, 27013, '1007012', 'B0000804',1,'1076测试服务器','4',8,'0');
insert into V_VEHICLEINFO (ORG_CODE,VEHICLE_ID,ID_NUMBER,TYPE_ID,TERMINAL_ID,DELETE_FLAG,COLOR_ID_NUMBER_ID,AUTHORIZED_PAY_MASS) values ('B0000804','2601013', '测B07012', 4, 261013, 0, '2',15);

insert into T_SIMINFO (SIM_ID, ORG_CODE, DEPTCODE, STATE,PAY_MODLE, SIM_NUM) values(27014, 'B0000804', '中国移动', 1, '预付费', 13100007013);
insert into T_TERMINALINFO (TERMINAL_ID,TTYPE_ID,SIM_ID,TERMINAL_CODE,ORG_CODE,IS_VIDEO_TERMINAL,SP_SERVER_NAME,PROTOCOL_TYPE,CHANNELS,YT_PROTOCOL_TYPE) values(261014, 4, 27014, '1007013', 'B0000804',1,'1076测试服务器','4',8,'0');
insert into V_VEHICLEINFO (ORG_CODE,VEHICLE_ID,ID_NUMBER,TYPE_ID,TERMINAL_ID,DELETE_FLAG,COLOR_ID_NUMBER_ID,AUTHORIZED_PAY_MASS) values ('B0000804','2601014', '测B07013', 4, 261014, 0, '2',15);

insert into T_SIMINFO (SIM_ID, ORG_CODE, DEPTCODE, STATE,PAY_MODLE, SIM_NUM) values(27015, 'B0000804', '中国移动', 1, '预付费', 13100007014);
insert into T_TERMINALINFO (TERMINAL_ID,TTYPE_ID,SIM_ID,TERMINAL_CODE,ORG_CODE,IS_VIDEO_TERMINAL,SP_SERVER_NAME,PROTOCOL_TYPE,CHANNELS,YT_PROTOCOL_TYPE) values(261015, 4, 27015, '1007014', 'B0000804',1,'1076测试服务器','4',8,'0');
insert into V_VEHICLEINFO (ORG_CODE,VEHICLE_ID,ID_NUMBER,TYPE_ID,TERMINAL_ID,DELETE_FLAG,COLOR_ID_NUMBER_ID,AUTHORIZED_PAY_MASS) values ('B0000804','2601015', '测B07014', 4, 261015, 0, '2',15);

insert into T_SIMINFO (SIM_ID, ORG_CODE, DEPTCODE, STATE,PAY_MODLE, SIM_NUM) values(27016, 'B0000804', '中国移动', 1, '预付费', 13100007015);
insert into T_TERMINALINFO (TERMINAL_ID,TTYPE_ID,SIM_ID,TERMINAL_CODE,ORG_CODE,IS_VIDEO_TERMINAL,SP_SERVER_NAME,PROTOCOL_TYPE,CHANNELS,YT_PROTOCOL_TYPE) values(261016, 4, 27016, '1007015', 'B0000804',1,'1076测试服务器','4',8,'0');
insert into V_VEHICLEINFO (ORG_CODE,VEHICLE_ID,ID_NUMBER,TYPE_ID,TERMINAL_ID,DELETE_FLAG,COLOR_ID_NUMBER_ID,AUTHORIZED_PAY_MASS) values ('B0000804','2601016', '测B07015', 4, 261016, 0, '2',15);

insert into T_SIMINFO (SIM_ID, ORG_CODE, DEPTCODE, STATE,PAY_MODLE, SIM_NUM) values(27017, 'B0000804', '中国移动', 1, '预付费', 13100007016);
insert into T_TERMINALINFO (TERMINAL_ID,TTYPE_ID,SIM_ID,TERMINAL_CODE,ORG_CODE,IS_VIDEO_TERMINAL,SP_SERVER_NAME,PROTOCOL_TYPE,CHANNELS,YT_PROTOCOL_TYPE) values(261017, 4, 27017, '1007016', 'B0000804',1,'1076测试服务器','4',8,'0');
insert into V_VEHICLEINFO (ORG_CODE,VEHICLE_ID,ID_NUMBER,TYPE_ID,TERMINAL_ID,DELETE_FLAG,COLOR_ID_NUMBER_ID,AUTHORIZED_PAY_MASS) values ('B0000804','2601017', '测B07016', 4, 261017, 0, '2',15);

insert into T_SIMINFO (SIM_ID, ORG_CODE, DEPTCODE, STATE,PAY_MODLE, SIM_NUM) values(27018, 'B0000804', '中国移动', 1, '预付费', 13100007017);
insert into T_TERMINALINFO (TERMINAL_ID,TTYPE_ID,SIM_ID,TERMINAL_CODE,ORG_CODE,IS_VIDEO_TERMINAL,SP_SERVER_NAME,PROTOCOL_TYPE,CHANNELS,YT_PROTOCOL_TYPE) values(261018, 4, 27018, '1007017', 'B0000804',1,'1076测试服务器','4',8,'0');
insert into V_VEHICLEINFO (ORG_CODE,VEHICLE_ID,ID_NUMBER,TYPE_ID,TERMINAL_ID,DELETE_FLAG,COLOR_ID_NUMBER_ID,AUTHORIZED_PAY_MASS) values ('B0000804','2601018', '测B07017', 4, 261018, 0, '2',15);

insert into T_SIMINFO (SIM_ID, ORG_CODE, DEPTCODE, STATE,PAY_MODLE, SIM_NUM) values(27019, 'B0000804', '中国移动', 1, '预付费', 13100007018);
insert into T_TERMINALINFO (TERMINAL_ID,TTYPE_ID,SIM_ID,TERMINAL_CODE,ORG_CODE,IS_VIDEO_TERMINAL,SP_SERVER_NAME,PROTOCOL_TYPE,CHANNELS,YT_PROTOCOL_TYPE) values(261019, 4, 27019, '1007018', 'B0000804',1,'1076测试服务器','4',8,'0');
insert into V_VEHICLEINFO (ORG_CODE,VEHICLE_ID,ID_NUMBER,TYPE_ID,TERMINAL_ID,DELETE_FLAG,COLOR_ID_NUMBER_ID,AUTHORIZED_PAY_MASS) values ('B0000804','2601019', '测B07018', 4, 261019, 0, '2',15);

insert into T_SIMINFO (SIM_ID, ORG_CODE, DEPTCODE, STATE,PAY_MODLE, SIM_NUM) values(27020, 'B0000804', '中国移动', 1, '预付费', 13100007019);
insert into T_TERMINALINFO (TERMINAL_ID,TTYPE_ID,SIM_ID,TERMINAL_CODE,ORG_CODE,IS_VIDEO_TERMINAL,SP_SERVER_NAME,PROTOCOL_TYPE,CHANNELS,YT_PROTOCOL_TYPE) values(261020, 4, 27020, '1007019', 'B0000804',1,'1076测试服务器','4',8,'0');
insert into V_VEHICLEINFO (ORG_CODE,VEHICLE_ID,ID_NUMBER,TYPE_ID,TERMINAL_ID,DELETE_FLAG,COLOR_ID_NUMBER_ID,AUTHORIZED_PAY_MASS) values ('B0000804','2601020', '测B07019', 4, 261020, 0, '2',15);

insert into T_SIMINFO (SIM_ID, ORG_CODE, DEPTCODE, STATE,PAY_MODLE, SIM_NUM) values(27021, 'B0000804', '中国移动', 1, '预付费', 13100007020);
insert into T_TERMINALINFO (TERMINAL_ID,TTYPE_ID,SIM_ID,TERMINAL_CODE,ORG_CODE,IS_VIDEO_TERMINAL,SP_SERVER_NAME,PROTOCOL_TYPE,CHANNELS,YT_PROTOCOL_TYPE) values(261021, 4, 27021, '1007020', 'B0000804',1,'1076测试服务器','4',8,'0');
insert into V_VEHICLEINFO (ORG_CODE,VEHICLE_ID,ID_NUMBER,TYPE_ID,TERMINAL_ID,DELETE_FLAG,COLOR_ID_NUMBER_ID,AUTHORIZED_PAY_MASS) values ('B0000804','2601021', '测B07020', 4, 261021, 0, '2',15);

insert into T_SIMINFO (SIM_ID, ORG_CODE, DEPTCODE, STATE,PAY_MODLE, SIM_NUM) values(27022, 'B0000804', '中国移动', 1, '预付费', 13100007021);
insert into T_TERMINALINFO (TERMINAL_ID,TTYPE_ID,SIM_ID,TERMINAL_CODE,ORG_CODE,IS_VIDEO_TERMINAL,SP_SERVER_NAME,PROTOCOL_TYPE,CHANNELS,YT_PROTOCOL_TYPE) values(261022, 4, 27022, '1007021', 'B0000804',1,'1076测试服务器','4',8,'0');
insert into V_VEHICLEINFO (ORG_CODE,VEHICLE_ID,ID_NUMBER,TYPE_ID,TERMINAL_ID,DELETE_FLAG,COLOR_ID_NUMBER_ID,AUTHORIZED_PAY_MASS) values ('B0000804','2601022', '测B07021', 4, 261022, 0, '2',15);

insert into T_SIMINFO (SIM_ID, ORG_CODE, DEPTCODE, STATE,PAY_MODLE, SIM_NUM) values(27023, 'B0000804', '中国移动', 1, '预付费', 13100007022);
insert into T_TERMINALINFO (TERMINAL_ID,TTYPE_ID,SIM_ID,TERMINAL_CODE,ORG_CODE,IS_VIDEO_TERMINAL,SP_SERVER_NAME,PROTOCOL_TYPE,CHANNELS,YT_PROTOCOL_TYPE) values(261023, 4, 27023, '1007022', 'B0000804',1,'1076测试服务器','4',8,'0');
insert into V_VEHICLEINFO (ORG_CODE,VEHICLE_ID,ID_NUMBER,TYPE_ID,TERMINAL_ID,DELETE_FLAG,COLOR_ID_NUMBER_ID,AUTHORIZED_PAY_MASS) values ('B0000804','2601023', '测B07022', 4, 261023, 0, '2',15);

insert into T_SIMINFO (SIM_ID, ORG_CODE, DEPTCODE, STATE,PAY_MODLE, SIM_NUM) values(27024, 'B0000804', '中国移动', 1, '预付费', 13100007023);
insert into T_TERMINALINFO (TERMINAL_ID,TTYPE_ID,SIM_ID,TERMINAL_CODE,ORG_CODE,IS_VIDEO_TERMINAL,SP_SERVER_NAME,PROTOCOL_TYPE,CHANNELS,YT_PROTOCOL_TYPE) values(261024, 4, 27024, '1007023', 'B0000804',1,'1076测试服务器','4',8,'0');
insert into V_VEHICLEINFO (ORG_CODE,VEHICLE_ID,ID_NUMBER,TYPE_ID,TERMINAL_ID,DELETE_FLAG,COLOR_ID_NUMBER_ID,AUTHORIZED_PAY_MASS) values ('B0000804','2601024', '测B07023', 4, 261024, 0, '2',15);

insert into T_SIMINFO (SIM_ID, ORG_CODE, DEPTCODE, STATE,PAY_MODLE, SIM_NUM) values(27025, 'B0000804', '中国移动', 1, '预付费', 13100007024);
insert into T_TERMINALINFO (TERMINAL_ID,TTYPE_ID,SIM_ID,TERMINAL_CODE,ORG_CODE,IS_VIDEO_TERMINAL,SP_SERVER_NAME,PROTOCOL_TYPE,CHANNELS,YT_PROTOCOL_TYPE) values(261025, 4, 27025, '1007024', 'B0000804',1,'1076测试服务器','4',8,'0');
insert into V_VEHICLEINFO (ORG_CODE,VEHICLE_ID,ID_NUMBER,TYPE_ID,TERMINAL_ID,DELETE_FLAG,COLOR_ID_NUMBER_ID,AUTHORIZED_PAY_MASS) values ('B0000804','2601025', '测B07024', 4, 261025, 0, '2',15);

insert into T_SIMINFO (SIM_ID, ORG_CODE, DEPTCODE, STATE,PAY_MODLE, SIM_NUM) values(27026, 'B0000804', '中国移动', 1, '预付费', 13100007025);
insert into T_TERMINALINFO (TERMINAL_ID,TTYPE_ID,SIM_ID,TERMINAL_CODE,ORG_CODE,IS_VIDEO_TERMINAL,SP_SERVER_NAME,PROTOCOL_TYPE,CHANNELS,YT_PROTOCOL_TYPE) values(261026, 4, 27026, '1007025', 'B0000804',1,'1076测试服务器','4',8,'0');
insert into V_VEHICLEINFO (ORG_CODE,VEHICLE_ID,ID_NUMBER,TYPE_ID,TERMINAL_ID,DELETE_FLAG,COLOR_ID_NUMBER_ID,AUTHORIZED_PAY_MASS) values ('B0000804','2601026', '测B07025', 4, 261026, 0, '2',15);

insert into T_SIMINFO (SIM_ID, ORG_CODE, DEPTCODE, STATE,PAY_MODLE, SIM_NUM) values(27027, 'B0000804', '中国移动', 1, '预付费', 13100007026);
insert into T_TERMINALINFO (TERMINAL_ID,TTYPE_ID,SIM_ID,TERMINAL_CODE,ORG_CODE,IS_VIDEO_TERMINAL,SP_SERVER_NAME,PROTOCOL_TYPE,CHANNELS,YT_PROTOCOL_TYPE) values(261027, 4, 27027, '1007026', 'B0000804',1,'1076测试服务器','4',8,'0');
insert into V_VEHICLEINFO (ORG_CODE,VEHICLE_ID,ID_NUMBER,TYPE_ID,TERMINAL_ID,DELETE_FLAG,COLOR_ID_NUMBER_ID,AUTHORIZED_PAY_MASS) values ('B0000804','2601027', '测B07026', 4, 261027, 0, '2',15);

insert into T_SIMINFO (SIM_ID, ORG_CODE, DEPTCODE, STATE,PAY_MODLE, SIM_NUM) values(27028, 'B0000804', '中国移动', 1, '预付费', 13100007027);
insert into T_TERMINALINFO (TERMINAL_ID,TTYPE_ID,SIM_ID,TERMINAL_CODE,ORG_CODE,IS_VIDEO_TERMINAL,SP_SERVER_NAME,PROTOCOL_TYPE,CHANNELS,YT_PROTOCOL_TYPE) values(261028, 4, 27028, '1007027', 'B0000804',1,'1076测试服务器','4',8,'0');
insert into V_VEHICLEINFO (ORG_CODE,VEHICLE_ID,ID_NUMBER,TYPE_ID,TERMINAL_ID,DELETE_FLAG,COLOR_ID_NUMBER_ID,AUTHORIZED_PAY_MASS) values ('B0000804','2601028', '测B07027', 4, 261028, 0, '2',15);

insert into T_SIMINFO (SIM_ID, ORG_CODE, DEPTCODE, STATE,PAY_MODLE, SIM_NUM) values(27029, 'B0000804', '中国移动', 1, '预付费', 13100007028);
insert into T_TERMINALINFO (TERMINAL_ID,TTYPE_ID,SIM_ID,TERMINAL_CODE,ORG_CODE,IS_VIDEO_TERMINAL,SP_SERVER_NAME,PROTOCOL_TYPE,CHANNELS,YT_PROTOCOL_TYPE) values(261029, 4, 27029, '1007028', 'B0000804',1,'1076测试服务器','4',8,'0');
insert into V_VEHICLEINFO (ORG_CODE,VEHICLE_ID,ID_NUMBER,TYPE_ID,TERMINAL_ID,DELETE_FLAG,COLOR_ID_NUMBER_ID,AUTHORIZED_PAY_MASS) values ('B0000804','2601029', '测B07028', 4, 261029, 0, '2',15);

insert into T_SIMINFO (SIM_ID, ORG_CODE, DEPTCODE, STATE,PAY_MODLE, SIM_NUM) values(27030, 'B0000804', '中国移动', 1, '预付费', 13100007029);
insert into T_TERMINALINFO (TERMINAL_ID,TTYPE_ID,SIM_ID,TERMINAL_CODE,ORG_CODE,IS_VIDEO_TERMINAL,SP_SERVER_NAME,PROTOCOL_TYPE,CHANNELS,YT_PROTOCOL_TYPE) values(261030, 4, 27030, '1007029', 'B0000804',1,'1076测试服务器','4',8,'0');
insert into V_VEHICLEINFO (ORG_CODE,VEHICLE_ID,ID_NUMBER,TYPE_ID,TERMINAL_ID,DELETE_FLAG,COLOR_ID_NUMBER_ID,AUTHORIZED_PAY_MASS) values ('B0000804','2601030', '测B07029', 4, 261030, 0, '2',15);

insert into T_SIMINFO (SIM_ID, ORG_CODE, DEPTCODE, STATE,PAY_MODLE, SIM_NUM) values(27031, 'B0000804', '中国移动', 1, '预付费', 13100007030);
insert into T_TERMINALINFO (TERMINAL_ID,TTYPE_ID,SIM_ID,TERMINAL_CODE,ORG_CODE,IS_VIDEO_TERMINAL,SP_SERVER_NAME,PROTOCOL_TYPE,CHANNELS,YT_PROTOCOL_TYPE) values(261031, 4, 27031, '1007030', 'B0000804',1,'1076测试服务器','4',8,'0');
insert into V_VEHICLEINFO (ORG_CODE,VEHICLE_ID,ID_NUMBER,TYPE_ID,TERMINAL_ID,DELETE_FLAG,COLOR_ID_NUMBER_ID,AUTHORIZED_PAY_MASS) values ('B0000804','2601031', '测B07030', 4, 261031, 0, '2',15);

insert into T_SIMINFO (SIM_ID, ORG_CODE, DEPTCODE, STATE,PAY_MODLE, SIM_NUM) values(27032, 'B0000804', '中国移动', 1, '预付费', 13100007031);
insert into T_TERMINALINFO (TERMINAL_ID,TTYPE_ID,SIM_ID,TERMINAL_CODE,ORG_CODE,IS_VIDEO_TERMINAL,SP_SERVER_NAME,PROTOCOL_TYPE,CHANNELS,YT_PROTOCOL_TYPE) values(261032, 4, 27032, '1007031', 'B0000804',1,'1076测试服务器','4',8,'0');
insert into V_VEHICLEINFO (ORG_CODE,VEHICLE_ID,ID_NUMBER,TYPE_ID,TERMINAL_ID,DELETE_FLAG,COLOR_ID_NUMBER_ID,AUTHORIZED_PAY_MASS) values ('B0000804','2601032', '测B07031', 4, 261032, 0, '2',15);

insert into T_SIMINFO (SIM_ID, ORG_CODE, DEPTCODE, STATE,PAY_MODLE, SIM_NUM) values(27033, 'B0000804', '中国移动', 1, '预付费', 13100007032);
insert into T_TERMINALINFO (TERMINAL_ID,TTYPE_ID,SIM_ID,TERMINAL_CODE,ORG_CODE,IS_VIDEO_TERMINAL,SP_SERVER_NAME,PROTOCOL_TYPE,CHANNELS,YT_PROTOCOL_TYPE) values(261033, 4, 27033, '1007032', 'B0000804',1,'1076测试服务器','4',8,'0');
insert into V_VEHICLEINFO (ORG_CODE,VEHICLE_ID,ID_NUMBER,TYPE_ID,TERMINAL_ID,DELETE_FLAG,COLOR_ID_NUMBER_ID,AUTHORIZED_PAY_MASS) values ('B0000804','2601033', '测B07032', 4, 261033, 0, '2',15);

insert into T_SIMINFO (SIM_ID, ORG_CODE, DEPTCODE, STATE,PAY_MODLE, SIM_NUM) values(27034, 'B0000804', '中国移动', 1, '预付费', 13100007033);
insert into T_TERMINALINFO (TERMINAL_ID,TTYPE_ID,SIM_ID,TERMINAL_CODE,ORG_CODE,IS_VIDEO_TERMINAL,SP_SERVER_NAME,PROTOCOL_TYPE,CHANNELS,YT_PROTOCOL_TYPE) values(261034, 4, 27034, '1007033', 'B0000804',1,'1076测试服务器','4',8,'0');
insert into V_VEHICLEINFO (ORG_CODE,VEHICLE_ID,ID_NUMBER,TYPE_ID,TERMINAL_ID,DELETE_FLAG,COLOR_ID_NUMBER_ID,AUTHORIZED_PAY_MASS) values ('B0000804','2601034', '测B07033', 4, 261034, 0, '2',15);

insert into T_SIMINFO (SIM_ID, ORG_CODE, DEPTCODE, STATE,PAY_MODLE, SIM_NUM) values(27035, 'B0000804', '中国移动', 1, '预付费', 13100007034);
insert into T_TERMINALINFO (TERMINAL_ID,TTYPE_ID,SIM_ID,TERMINAL_CODE,ORG_CODE,IS_VIDEO_TERMINAL,SP_SERVER_NAME,PROTOCOL_TYPE,CHANNELS,YT_PROTOCOL_TYPE) values(261035, 4, 27035, '1007034', 'B0000804',1,'1076测试服务器','4',8,'0');
insert into V_VEHICLEINFO (ORG_CODE,VEHICLE_ID,ID_NUMBER,TYPE_ID,TERMINAL_ID,DELETE_FLAG,COLOR_ID_NUMBER_ID,AUTHORIZED_PAY_MASS) values ('B0000804','2601035', '测B07034', 4, 261035, 0, '2',15);

insert into T_SIMINFO (SIM_ID, ORG_CODE, DEPTCODE, STATE,PAY_MODLE, SIM_NUM) values(27036, 'B0000804', '中国移动', 1, '预付费', 13100007035);
insert into T_TERMINALINFO (TERMINAL_ID,TTYPE_ID,SIM_ID,TERMINAL_CODE,ORG_CODE,IS_VIDEO_TERMINAL,SP_SERVER_NAME,PROTOCOL_TYPE,CHANNELS,YT_PROTOCOL_TYPE) values(261036, 4, 27036, '1007035', 'B0000804',1,'1076测试服务器','4',8,'0');
insert into V_VEHICLEINFO (ORG_CODE,VEHICLE_ID,ID_NUMBER,TYPE_ID,TERMINAL_ID,DELETE_FLAG,COLOR_ID_NUMBER_ID,AUTHORIZED_PAY_MASS) values ('B0000804','2601036', '测B07035', 4, 261036, 0, '2',15);

insert into T_SIMINFO (SIM_ID, ORG_CODE, DEPTCODE, STATE,PAY_MODLE, SIM_NUM) values(27037, 'B0000804', '中国移动', 1, '预付费', 13100007036);
insert into T_TERMINALINFO (TERMINAL_ID,TTYPE_ID,SIM_ID,TERMINAL_CODE,ORG_CODE,IS_VIDEO_TERMINAL,SP_SERVER_NAME,PROTOCOL_TYPE,CHANNELS,YT_PROTOCOL_TYPE) values(261037, 4, 27037, '1007036', 'B0000804',1,'1076测试服务器','4',8,'0');
insert into V_VEHICLEINFO (ORG_CODE,VEHICLE_ID,ID_NUMBER,TYPE_ID,TERMINAL_ID,DELETE_FLAG,COLOR_ID_NUMBER_ID,AUTHORIZED_PAY_MASS) values ('B0000804','2601037', '测B07036', 4, 261037, 0, '2',15);

insert into T_SIMINFO (SIM_ID, ORG_CODE, DEPTCODE, STATE,PAY_MODLE, SIM_NUM) values(27038, 'B0000804', '中国移动', 1, '预付费', 13100007037);
insert into T_TERMINALINFO (TERMINAL_ID,TTYPE_ID,SIM_ID,TERMINAL_CODE,ORG_CODE,IS_VIDEO_TERMINAL,SP_SERVER_NAME,PROTOCOL_TYPE,CHANNELS,YT_PROTOCOL_TYPE) values(261038, 4, 27038, '1007037', 'B0000804',1,'1076测试服务器','4',8,'0');
insert into V_VEHICLEINFO (ORG_CODE,VEHICLE_ID,ID_NUMBER,TYPE_ID,TERMINAL_ID,DELETE_FLAG,COLOR_ID_NUMBER_ID,AUTHORIZED_PAY_MASS) values ('B0000804','2601038', '测B07037', 4, 261038, 0, '2',15);

insert into T_SIMINFO (SIM_ID, ORG_CODE, DEPTCODE, STATE,PAY_MODLE, SIM_NUM) values(27039, 'B0000804', '中国移动', 1, '预付费', 13100007038);
insert into T_TERMINALINFO (TERMINAL_ID,TTYPE_ID,SIM_ID,TERMINAL_CODE,ORG_CODE,IS_VIDEO_TERMINAL,SP_SERVER_NAME,PROTOCOL_TYPE,CHANNELS,YT_PROTOCOL_TYPE) values(261039, 4, 27039, '1007038', 'B0000804',1,'1076测试服务器','4',8,'0');
insert into V_VEHICLEINFO (ORG_CODE,VEHICLE_ID,ID_NUMBER,TYPE_ID,TERMINAL_ID,DELETE_FLAG,COLOR_ID_NUMBER_ID,AUTHORIZED_PAY_MASS) values ('B0000804','2601039', '测B07038', 4, 261039, 0, '2',15);

insert into T_SIMINFO (SIM_ID, ORG_CODE, DEPTCODE, STATE,PAY_MODLE, SIM_NUM) values(27040, 'B0000804', '中国移动', 1, '预付费', 13100007039);
insert into T_TERMINALINFO (TERMINAL_ID,TTYPE_ID,SIM_ID,TERMINAL_CODE,ORG_CODE,IS_VIDEO_TERMINAL,SP_SERVER_NAME,PROTOCOL_TYPE,CHANNELS,YT_PROTOCOL_TYPE) values(261040, 4, 27040, '1007039', 'B0000804',1,'1076测试服务器','4',8,'0');
insert into V_VEHICLEINFO (ORG_CODE,VEHICLE_ID,ID_NUMBER,TYPE_ID,TERMINAL_ID,DELETE_FLAG,COLOR_ID_NUMBER_ID,AUTHORIZED_PAY_MASS) values ('B0000804','2601040', '测B07039', 4, 261040, 0, '2',15);

insert into T_SIMINFO (SIM_ID, ORG_CODE, DEPTCODE, STATE,PAY_MODLE, SIM_NUM) values(27041, 'B0000804', '中国移动', 1, '预付费', 13100007040);
insert into T_TERMINALINFO (TERMINAL_ID,TTYPE_ID,SIM_ID,TERMINAL_CODE,ORG_CODE,IS_VIDEO_TERMINAL,SP_SERVER_NAME,PROTOCOL_TYPE,CHANNELS,YT_PROTOCOL_TYPE) values(261041, 4, 27041, '1007040', 'B0000804',1,'1076测试服务器','4',8,'0');
insert into V_VEHICLEINFO (ORG_CODE,VEHICLE_ID,ID_NUMBER,TYPE_ID,TERMINAL_ID,DELETE_FLAG,COLOR_ID_NUMBER_ID,AUTHORIZED_PAY_MASS) values ('B0000804','2601041', '测B07040', 4, 261041, 0, '2',15);

insert into T_SIMINFO (SIM_ID, ORG_CODE, DEPTCODE, STATE,PAY_MODLE, SIM_NUM) values(27042, 'B0000804', '中国移动', 1, '预付费', 13100007041);
insert into T_TERMINALINFO (TERMINAL_ID,TTYPE_ID,SIM_ID,TERMINAL_CODE,ORG_CODE,IS_VIDEO_TERMINAL,SP_SERVER_NAME,PROTOCOL_TYPE,CHANNELS,YT_PROTOCOL_TYPE) values(261042, 4, 27042, '1007041', 'B0000804',1,'1076测试服务器','4',8,'0');
insert into V_VEHICLEINFO (ORG_CODE,VEHICLE_ID,ID_NUMBER,TYPE_ID,TERMINAL_ID,DELETE_FLAG,COLOR_ID_NUMBER_ID,AUTHORIZED_PAY_MASS) values ('B0000804','2601042', '测B07041', 4, 261042, 0, '2',15);

insert into T_SIMINFO (SIM_ID, ORG_CODE, DEPTCODE, STATE,PAY_MODLE, SIM_NUM) values(27043, 'B0000804', '中国移动', 1, '预付费', 13100007042);
insert into T_TERMINALINFO (TERMINAL_ID,TTYPE_ID,SIM_ID,TERMINAL_CODE,ORG_CODE,IS_VIDEO_TERMINAL,SP_SERVER_NAME,PROTOCOL_TYPE,CHANNELS,YT_PROTOCOL_TYPE) values(261043, 4, 27043, '1007042', 'B0000804',1,'1076测试服务器','4',8,'0');
insert into V_VEHICLEINFO (ORG_CODE,VEHICLE_ID,ID_NUMBER,TYPE_ID,TERMINAL_ID,DELETE_FLAG,COLOR_ID_NUMBER_ID,AUTHORIZED_PAY_MASS) values ('B0000804','2601043', '测B07042', 4, 261043, 0, '2',15);

insert into T_SIMINFO (SIM_ID, ORG_CODE, DEPTCODE, STATE,PAY_MODLE, SIM_NUM) values(27044, 'B0000804', '中国移动', 1, '预付费', 13100007043);
insert into T_TERMINALINFO (TERMINAL_ID,TTYPE_ID,SIM_ID,TERMINAL_CODE,ORG_CODE,IS_VIDEO_TERMINAL,SP_SERVER_NAME,PROTOCOL_TYPE,CHANNELS,YT_PROTOCOL_TYPE) values(261044, 4, 27044, '1007043', 'B0000804',1,'1076测试服务器','4',8,'0');
insert into V_VEHICLEINFO (ORG_CODE,VEHICLE_ID,ID_NUMBER,TYPE_ID,TERMINAL_ID,DELETE_FLAG,COLOR_ID_NUMBER_ID,AUTHORIZED_PAY_MASS) values ('B0000804','2601044', '测B07043', 4, 261044, 0, '2',15);

insert into T_SIMINFO (SIM_ID, ORG_CODE, DEPTCODE, STATE,PAY_MODLE, SIM_NUM) values(27045, 'B0000804', '中国移动', 1, '预付费', 13100007044);
insert into T_TERMINALINFO (TERMINAL_ID,TTYPE_ID,SIM_ID,TERMINAL_CODE,ORG_CODE,IS_VIDEO_TERMINAL,SP_SERVER_NAME,PROTOCOL_TYPE,CHANNELS,YT_PROTOCOL_TYPE) values(261045, 4, 27045, '1007044', 'B0000804',1,'1076测试服务器','4',8,'0');
insert into V_VEHICLEINFO (ORG_CODE,VEHICLE_ID,ID_NUMBER,TYPE_ID,TERMINAL_ID,DELETE_FLAG,COLOR_ID_NUMBER_ID,AUTHORIZED_PAY_MASS) values ('B0000804','2601045', '测B07044', 4, 261045, 0, '2',15);

insert into T_SIMINFO (SIM_ID, ORG_CODE, DEPTCODE, STATE,PAY_MODLE, SIM_NUM) values(27046, 'B0000804', '中国移动', 1, '预付费', 13100007045);
insert into T_TERMINALINFO (TERMINAL_ID,TTYPE_ID,SIM_ID,TERMINAL_CODE,ORG_CODE,IS_VIDEO_TERMINAL,SP_SERVER_NAME,PROTOCOL_TYPE,CHANNELS,YT_PROTOCOL_TYPE) values(261046, 4, 27046, '1007045', 'B0000804',1,'1076测试服务器','4',8,'0');
insert into V_VEHICLEINFO (ORG_CODE,VEHICLE_ID,ID_NUMBER,TYPE_ID,TERMINAL_ID,DELETE_FLAG,COLOR_ID_NUMBER_ID,AUTHORIZED_PAY_MASS) values ('B0000804','2601046', '测B07045', 4, 261046, 0, '2',15);

insert into T_SIMINFO (SIM_ID, ORG_CODE, DEPTCODE, STATE,PAY_MODLE, SIM_NUM) values(27047, 'B0000804', '中国移动', 1, '预付费', 13100007046);
insert into T_TERMINALINFO (TERMINAL_ID,TTYPE_ID,SIM_ID,TERMINAL_CODE,ORG_CODE,IS_VIDEO_TERMINAL,SP_SERVER_NAME,PROTOCOL_TYPE,CHANNELS,YT_PROTOCOL_TYPE) values(261047, 4, 27047, '1007046', 'B0000804',1,'1076测试服务器','4',8,'0');
insert into V_VEHICLEINFO (ORG_CODE,VEHICLE_ID,ID_NUMBER,TYPE_ID,TERMINAL_ID,DELETE_FLAG,COLOR_ID_NUMBER_ID,AUTHORIZED_PAY_MASS) values ('B0000804','2601047', '测B07046', 4, 261047, 0, '2',15);

insert into T_SIMINFO (SIM_ID, ORG_CODE, DEPTCODE, STATE,PAY_MODLE, SIM_NUM) values(27048, 'B0000804', '中国移动', 1, '预付费', 13100007047);
insert into T_TERMINALINFO (TERMINAL_ID,TTYPE_ID,SIM_ID,TERMINAL_CODE,ORG_CODE,IS_VIDEO_TERMINAL,SP_SERVER_NAME,PROTOCOL_TYPE,CHANNELS,YT_PROTOCOL_TYPE) values(261048, 4, 27048, '1007047', 'B0000804',1,'1076测试服务器','4',8,'0');
insert into V_VEHICLEINFO (ORG_CODE,VEHICLE_ID,ID_NUMBER,TYPE_ID,TERMINAL_ID,DELETE_FLAG,COLOR_ID_NUMBER_ID,AUTHORIZED_PAY_MASS) values ('B0000804','2601048', '测B07047', 4, 261048, 0, '2',15);

insert into T_SIMINFO (SIM_ID, ORG_CODE, DEPTCODE, STATE,PAY_MODLE, SIM_NUM) values(27049, 'B0000804', '中国移动', 1, '预付费', 13100007048);
insert into T_TERMINALINFO (TERMINAL_ID,TTYPE_ID,SIM_ID,TERMINAL_CODE,ORG_CODE,IS_VIDEO_TERMINAL,SP_SERVER_NAME,PROTOCOL_TYPE,CHANNELS,YT_PROTOCOL_TYPE) values(261049, 4, 27049, '1007048', 'B0000804',1,'1076测试服务器','4',8,'0');
insert into V_VEHICLEINFO (ORG_CODE,VEHICLE_ID,ID_NUMBER,TYPE_ID,TERMINAL_ID,DELETE_FLAG,COLOR_ID_NUMBER_ID,AUTHORIZED_PAY_MASS) values ('B0000804','2601049', '测B07048', 4, 261049, 0, '2',15);

insert into T_SIMINFO (SIM_ID, ORG_CODE, DEPTCODE, STATE,PAY_MODLE, SIM_NUM) values(27050, 'B0000804', '中国移动', 1, '预付费', 13100007049);
insert into T_TERMINALINFO (TERMINAL_ID,TTYPE_ID,SIM_ID,TERMINAL_CODE,ORG_CODE,IS_VIDEO_TERMINAL,SP_SERVER_NAME,PROTOCOL_TYPE,CHANNELS,YT_PROTOCOL_TYPE) values(261050, 4, 27050, '1007049', 'B0000804',1,'1076测试服务器','4',8,'0');
insert into V_VEHICLEINFO (ORG_CODE,VEHICLE_ID,ID_NUMBER,TYPE_ID,TERMINAL_ID,DELETE_FLAG,COLOR_ID_NUMBER_ID,AUTHORIZED_PAY_MASS) values ('B0000804','2601050', '测B07049', 4, 261050, 0, '2',15);

insert into T_SIMINFO (SIM_ID, ORG_CODE, DEPTCODE, STATE,PAY_MODLE, SIM_NUM) values(27051, 'B0000804', '中国移动', 1, '预付费', 13100007050);
insert into T_TERMINALINFO (TERMINAL_ID,TTYPE_ID,SIM_ID,TERMINAL_CODE,ORG_CODE,IS_VIDEO_TERMINAL,SP_SERVER_NAME,PROTOCOL_TYPE,CHANNELS,YT_PROTOCOL_TYPE) values(261051, 4, 27051, '1007050', 'B0000804',1,'1076测试服务器','4',8,'0');
insert into V_VEHICLEINFO (ORG_CODE,VEHICLE_ID,ID_NUMBER,TYPE_ID,TERMINAL_ID,DELETE_FLAG,COLOR_ID_NUMBER_ID,AUTHORIZED_PAY_MASS) values ('B0000804','2601051', '测B07050', 4, 261051, 0, '2',15);

insert into T_SIMINFO (SIM_ID, ORG_CODE, DEPTCODE, STATE,PAY_MODLE, SIM_NUM) values(27052, 'B0000804', '中国移动', 1, '预付费', 13100007051);
insert into T_TERMINALINFO (TERMINAL_ID,TTYPE_ID,SIM_ID,TERMINAL_CODE,ORG_CODE,IS_VIDEO_TERMINAL,SP_SERVER_NAME,PROTOCOL_TYPE,CHANNELS,YT_PROTOCOL_TYPE) values(261052, 4, 27052, '1007051', 'B0000804',1,'1076测试服务器','4',8,'0');
insert into V_VEHICLEINFO (ORG_CODE,VEHICLE_ID,ID_NUMBER,TYPE_ID,TERMINAL_ID,DELETE_FLAG,COLOR_ID_NUMBER_ID,AUTHORIZED_PAY_MASS) values ('B0000804','2601052', '测B07051', 4, 261052, 0, '2',15);

insert into T_SIMINFO (SIM_ID, ORG_CODE, DEPTCODE, STATE,PAY_MODLE, SIM_NUM) values(27053, 'B0000804', '中国移动', 1, '预付费', 13100007052);
insert into T_TERMINALINFO (TERMINAL_ID,TTYPE_ID,SIM_ID,TERMINAL_CODE,ORG_CODE,IS_VIDEO_TERMINAL,SP_SERVER_NAME,PROTOCOL_TYPE,CHANNELS,YT_PROTOCOL_TYPE) values(261053, 4, 27053, '1007052', 'B0000804',1,'1076测试服务器','4',8,'0');
insert into V_VEHICLEINFO (ORG_CODE,VEHICLE_ID,ID_NUMBER,TYPE_ID,TERMINAL_ID,DELETE_FLAG,COLOR_ID_NUMBER_ID,AUTHORIZED_PAY_MASS) values ('B0000804','2601053', '测B07052', 4, 261053, 0, '2',15);

insert into T_SIMINFO (SIM_ID, ORG_CODE, DEPTCODE, STATE,PAY_MODLE, SIM_NUM) values(27054, 'B0000804', '中国移动', 1, '预付费', 13100007053);
insert into T_TERMINALINFO (TERMINAL_ID,TTYPE_ID,SIM_ID,TERMINAL_CODE,ORG_CODE,IS_VIDEO_TERMINAL,SP_SERVER_NAME,PROTOCOL_TYPE,CHANNELS,YT_PROTOCOL_TYPE) values(261054, 4, 27054, '1007053', 'B0000804',1,'1076测试服务器','4',8,'0');
insert into V_VEHICLEINFO (ORG_CODE,VEHICLE_ID,ID_NUMBER,TYPE_ID,TERMINAL_ID,DELETE_FLAG,COLOR_ID_NUMBER_ID,AUTHORIZED_PAY_MASS) values ('B0000804','2601054', '测B07053', 4, 261054, 0, '2',15);

insert into T_SIMINFO (SIM_ID, ORG_CODE, DEPTCODE, STATE,PAY_MODLE, SIM_NUM) values(27055, 'B0000804', '中国移动', 1, '预付费', 13100007054);
insert into T_TERMINALINFO (TERMINAL_ID,TTYPE_ID,SIM_ID,TERMINAL_CODE,ORG_CODE,IS_VIDEO_TERMINAL,SP_SERVER_NAME,PROTOCOL_TYPE,CHANNELS,YT_PROTOCOL_TYPE) values(261055, 4, 27055, '1007054', 'B0000804',1,'1076测试服务器','4',8,'0');
insert into V_VEHICLEINFO (ORG_CODE,VEHICLE_ID,ID_NUMBER,TYPE_ID,TERMINAL_ID,DELETE_FLAG,COLOR_ID_NUMBER_ID,AUTHORIZED_PAY_MASS) values ('B0000804','2601055', '测B07054', 4, 261055, 0, '2',15);

insert into T_SIMINFO (SIM_ID, ORG_CODE, DEPTCODE, STATE,PAY_MODLE, SIM_NUM) values(27056, 'B0000804', '中国移动', 1, '预付费', 13100007055);
insert into T_TERMINALINFO (TERMINAL_ID,TTYPE_ID,SIM_ID,TERMINAL_CODE,ORG_CODE,IS_VIDEO_TERMINAL,SP_SERVER_NAME,PROTOCOL_TYPE,CHANNELS,YT_PROTOCOL_TYPE) values(261056, 4, 27056, '1007055', 'B0000804',1,'1076测试服务器','4',8,'0');
insert into V_VEHICLEINFO (ORG_CODE,VEHICLE_ID,ID_NUMBER,TYPE_ID,TERMINAL_ID,DELETE_FLAG,COLOR_ID_NUMBER_ID,AUTHORIZED_PAY_MASS) values ('B0000804','2601056', '测B07055', 4, 261056, 0, '2',15);

insert into T_SIMINFO (SIM_ID, ORG_CODE, DEPTCODE, STATE,PAY_MODLE, SIM_NUM) values(27057, 'B0000804', '中国移动', 1, '预付费', 13100007056);
insert into T_TERMINALINFO (TERMINAL_ID,TTYPE_ID,SIM_ID,TERMINAL_CODE,ORG_CODE,IS_VIDEO_TERMINAL,SP_SERVER_NAME,PROTOCOL_TYPE,CHANNELS,YT_PROTOCOL_TYPE) values(261057, 4, 27057, '1007056', 'B0000804',1,'1076测试服务器','4',8,'0');
insert into V_VEHICLEINFO (ORG_CODE,VEHICLE_ID,ID_NUMBER,TYPE_ID,TERMINAL_ID,DELETE_FLAG,COLOR_ID_NUMBER_ID,AUTHORIZED_PAY_MASS) values ('B0000804','2601057', '测B07056', 4, 261057, 0, '2',15);

insert into T_SIMINFO (SIM_ID, ORG_CODE, DEPTCODE, STATE,PAY_MODLE, SIM_NUM) values(27058, 'B0000804', '中国移动', 1, '预付费', 13100007057);
insert into T_TERMINALINFO (TERMINAL_ID,TTYPE_ID,SIM_ID,TERMINAL_CODE,ORG_CODE,IS_VIDEO_TERMINAL,SP_SERVER_NAME,PROTOCOL_TYPE,CHANNELS,YT_PROTOCOL_TYPE) values(261058, 4, 27058, '1007057', 'B0000804',1,'1076测试服务器','4',8,'0');
insert into V_VEHICLEINFO (ORG_CODE,VEHICLE_ID,ID_NUMBER,TYPE_ID,TERMINAL_ID,DELETE_FLAG,COLOR_ID_NUMBER_ID,AUTHORIZED_PAY_MASS) values ('B0000804','2601058', '测B07057', 4, 261058, 0, '2',15);

insert into T_SIMINFO (SIM_ID, ORG_CODE, DEPTCODE, STATE,PAY_MODLE, SIM_NUM) values(27059, 'B0000804', '中国移动', 1, '预付费', 13100007058);
insert into T_TERMINALINFO (TERMINAL_ID,TTYPE_ID,SIM_ID,TERMINAL_CODE,ORG_CODE,IS_VIDEO_TERMINAL,SP_SERVER_NAME,PROTOCOL_TYPE,CHANNELS,YT_PROTOCOL_TYPE) values(261059, 4, 27059, '1007058', 'B0000804',1,'1076测试服务器','4',8,'0');
insert into V_VEHICLEINFO (ORG_CODE,VEHICLE_ID,ID_NUMBER,TYPE_ID,TERMINAL_ID,DELETE_FLAG,COLOR_ID_NUMBER_ID,AUTHORIZED_PAY_MASS) values ('B0000804','2601059', '测B07058', 4, 261059, 0, '2',15);

insert into T_SIMINFO (SIM_ID, ORG_CODE, DEPTCODE, STATE,PAY_MODLE, SIM_NUM) values(27060, 'B0000804', '中国移动', 1, '预付费', 13100007059);
insert into T_TERMINALINFO (TERMINAL_ID,TTYPE_ID,SIM_ID,TERMINAL_CODE,ORG_CODE,IS_VIDEO_TERMINAL,SP_SERVER_NAME,PROTOCOL_TYPE,CHANNELS,YT_PROTOCOL_TYPE) values(261060, 4, 27060, '1007059', 'B0000804',1,'1076测试服务器','4',8,'0');
insert into V_VEHICLEINFO (ORG_CODE,VEHICLE_ID,ID_NUMBER,TYPE_ID,TERMINAL_ID,DELETE_FLAG,COLOR_ID_NUMBER_ID,AUTHORIZED_PAY_MASS) values ('B0000804','2601060', '测B07059', 4, 261060, 0, '2',15);

insert into T_SIMINFO (SIM_ID, ORG_CODE, DEPTCODE, STATE,PAY_MODLE, SIM_NUM) values(27061, 'B0000804', '中国移动', 1, '预付费', 13100007060);
insert into T_TERMINALINFO (TERMINAL_ID,TTYPE_ID,SIM_ID,TERMINAL_CODE,ORG_CODE,IS_VIDEO_TERMINAL,SP_SERVER_NAME,PROTOCOL_TYPE,CHANNELS,YT_PROTOCOL_TYPE) values(261061, 4, 27061, '1007060', 'B0000804',1,'1076测试服务器','4',8,'0');
insert into V_VEHICLEINFO (ORG_CODE,VEHICLE_ID,ID_NUMBER,TYPE_ID,TERMINAL_ID,DELETE_FLAG,COLOR_ID_NUMBER_ID,AUTHORIZED_PAY_MASS) values ('B0000804','2601061', '测B07060', 4, 261061, 0, '2',15);

insert into T_SIMINFO (SIM_ID, ORG_CODE, DEPTCODE, STATE,PAY_MODLE, SIM_NUM) values(27062, 'B0000804', '中国移动', 1, '预付费', 13100007061);
insert into T_TERMINALINFO (TERMINAL_ID,TTYPE_ID,SIM_ID,TERMINAL_CODE,ORG_CODE,IS_VIDEO_TERMINAL,SP_SERVER_NAME,PROTOCOL_TYPE,CHANNELS,YT_PROTOCOL_TYPE) values(261062, 4, 27062, '1007061', 'B0000804',1,'1076测试服务器','4',8,'0');
insert into V_VEHICLEINFO (ORG_CODE,VEHICLE_ID,ID_NUMBER,TYPE_ID,TERMINAL_ID,DELETE_FLAG,COLOR_ID_NUMBER_ID,AUTHORIZED_PAY_MASS) values ('B0000804','2601062', '测B07061', 4, 261062, 0, '2',15);

insert into T_SIMINFO (SIM_ID, ORG_CODE, DEPTCODE, STATE,PAY_MODLE, SIM_NUM) values(27063, 'B0000804', '中国移动', 1, '预付费', 13100007062);
insert into T_TERMINALINFO (TERMINAL_ID,TTYPE_ID,SIM_ID,TERMINAL_CODE,ORG_CODE,IS_VIDEO_TERMINAL,SP_SERVER_NAME,PROTOCOL_TYPE,CHANNELS,YT_PROTOCOL_TYPE) values(261063, 4, 27063, '1007062', 'B0000804',1,'1076测试服务器','4',8,'0');
insert into V_VEHICLEINFO (ORG_CODE,VEHICLE_ID,ID_NUMBER,TYPE_ID,TERMINAL_ID,DELETE_FLAG,COLOR_ID_NUMBER_ID,AUTHORIZED_PAY_MASS) values ('B0000804','2601063', '测B07062', 4, 261063, 0, '2',15);

insert into T_SIMINFO (SIM_ID, ORG_CODE, DEPTCODE, STATE,PAY_MODLE, SIM_NUM) values(27064, 'B0000804', '中国移动', 1, '预付费', 13100007063);
insert into T_TERMINALINFO (TERMINAL_ID,TTYPE_ID,SIM_ID,TERMINAL_CODE,ORG_CODE,IS_VIDEO_TERMINAL,SP_SERVER_NAME,PROTOCOL_TYPE,CHANNELS,YT_PROTOCOL_TYPE) values(261064, 4, 27064, '1007063', 'B0000804',1,'1076测试服务器','4',8,'0');
insert into V_VEHICLEINFO (ORG_CODE,VEHICLE_ID,ID_NUMBER,TYPE_ID,TERMINAL_ID,DELETE_FLAG,COLOR_ID_NUMBER_ID,AUTHORIZED_PAY_MASS) values ('B0000804','2601064', '测B07063', 4, 261064, 0, '2',15);

insert into T_SIMINFO (SIM_ID, ORG_CODE, DEPTCODE, STATE,PAY_MODLE, SIM_NUM) values(27065, 'B0000804', '中国移动', 1, '预付费', 13100007064);
insert into T_TERMINALINFO (TERMINAL_ID,TTYPE_ID,SIM_ID,TERMINAL_CODE,ORG_CODE,IS_VIDEO_TERMINAL,SP_SERVER_NAME,PROTOCOL_TYPE,CHANNELS,YT_PROTOCOL_TYPE) values(261065, 4, 27065, '1007064', 'B0000804',1,'1076测试服务器','4',8,'0');
insert into V_VEHICLEINFO (ORG_CODE,VEHICLE_ID,ID_NUMBER,TYPE_ID,TERMINAL_ID,DELETE_FLAG,COLOR_ID_NUMBER_ID,AUTHORIZED_PAY_MASS) values ('B0000804','2601065', '测B07064', 4, 261065, 0, '2',15);

insert into T_SIMINFO (SIM_ID, ORG_CODE, DEPTCODE, STATE,PAY_MODLE, SIM_NUM) values(27066, 'B0000804', '中国移动', 1, '预付费', 13100007065);
insert into T_TERMINALINFO (TERMINAL_ID,TTYPE_ID,SIM_ID,TERMINAL_CODE,ORG_CODE,IS_VIDEO_TERMINAL,SP_SERVER_NAME,PROTOCOL_TYPE,CHANNELS,YT_PROTOCOL_TYPE) values(261066, 4, 27066, '1007065', 'B0000804',1,'1076测试服务器','4',8,'0');
insert into V_VEHICLEINFO (ORG_CODE,VEHICLE_ID,ID_NUMBER,TYPE_ID,TERMINAL_ID,DELETE_FLAG,COLOR_ID_NUMBER_ID,AUTHORIZED_PAY_MASS) values ('B0000804','2601066', '测B07065', 4, 261066, 0, '2',15);

insert into T_SIMINFO (SIM_ID, ORG_CODE, DEPTCODE, STATE,PAY_MODLE, SIM_NUM) values(27067, 'B0000804', '中国移动', 1, '预付费', 13100007066);
insert into T_TERMINALINFO (TERMINAL_ID,TTYPE_ID,SIM_ID,TERMINAL_CODE,ORG_CODE,IS_VIDEO_TERMINAL,SP_SERVER_NAME,PROTOCOL_TYPE,CHANNELS,YT_PROTOCOL_TYPE) values(261067, 4, 27067, '1007066', 'B0000804',1,'1076测试服务器','4',8,'0');
insert into V_VEHICLEINFO (ORG_CODE,VEHICLE_ID,ID_NUMBER,TYPE_ID,TERMINAL_ID,DELETE_FLAG,COLOR_ID_NUMBER_ID,AUTHORIZED_PAY_MASS) values ('B0000804','2601067', '测B07066', 4, 261067, 0, '2',15);

insert into T_SIMINFO (SIM_ID, ORG_CODE, DEPTCODE, STATE,PAY_MODLE, SIM_NUM) values(27068, 'B0000804', '中国移动', 1, '预付费', 13100007067);
insert into T_TERMINALINFO (TERMINAL_ID,TTYPE_ID,SIM_ID,TERMINAL_CODE,ORG_CODE,IS_VIDEO_TERMINAL,SP_SERVER_NAME,PROTOCOL_TYPE,CHANNELS,YT_PROTOCOL_TYPE) values(261068, 4, 27068, '1007067', 'B0000804',1,'1076测试服务器','4',8,'0');
insert into V_VEHICLEINFO (ORG_CODE,VEHICLE_ID,ID_NUMBER,TYPE_ID,TERMINAL_ID,DELETE_FLAG,COLOR_ID_NUMBER_ID,AUTHORIZED_PAY_MASS) values ('B0000804','2601068', '测B07067', 4, 261068, 0, '2',15);

insert into T_SIMINFO (SIM_ID, ORG_CODE, DEPTCODE, STATE,PAY_MODLE, SIM_NUM) values(27069, 'B0000804', '中国移动', 1, '预付费', 13100007068);
insert into T_TERMINALINFO (TERMINAL_ID,TTYPE_ID,SIM_ID,TERMINAL_CODE,ORG_CODE,IS_VIDEO_TERMINAL,SP_SERVER_NAME,PROTOCOL_TYPE,CHANNELS,YT_PROTOCOL_TYPE) values(261069, 4, 27069, '1007068', 'B0000804',1,'1076测试服务器','4',8,'0');
insert into V_VEHICLEINFO (ORG_CODE,VEHICLE_ID,ID_NUMBER,TYPE_ID,TERMINAL_ID,DELETE_FLAG,COLOR_ID_NUMBER_ID,AUTHORIZED_PAY_MASS) values ('B0000804','2601069', '测B07068', 4, 261069, 0, '2',15);

insert into T_SIMINFO (SIM_ID, ORG_CODE, DEPTCODE, STATE,PAY_MODLE, SIM_NUM) values(27070, 'B0000804', '中国移动', 1, '预付费', 13100007069);
insert into T_TERMINALINFO (TERMINAL_ID,TTYPE_ID,SIM_ID,TERMINAL_CODE,ORG_CODE,IS_VIDEO_TERMINAL,SP_SERVER_NAME,PROTOCOL_TYPE,CHANNELS,YT_PROTOCOL_TYPE) values(261070, 4, 27070, '1007069', 'B0000804',1,'1076测试服务器','4',8,'0');
insert into V_VEHICLEINFO (ORG_CODE,VEHICLE_ID,ID_NUMBER,TYPE_ID,TERMINAL_ID,DELETE_FLAG,COLOR_ID_NUMBER_ID,AUTHORIZED_PAY_MASS) values ('B0000804','2601070', '测B07069', 4, 261070, 0, '2',15);

insert into T_SIMINFO (SIM_ID, ORG_CODE, DEPTCODE, STATE,PAY_MODLE, SIM_NUM) values(27071, 'B0000804', '中国移动', 1, '预付费', 13100007070);
insert into T_TERMINALINFO (TERMINAL_ID,TTYPE_ID,SIM_ID,TERMINAL_CODE,ORG_CODE,IS_VIDEO_TERMINAL,SP_SERVER_NAME,PROTOCOL_TYPE,CHANNELS,YT_PROTOCOL_TYPE) values(261071, 4, 27071, '1007070', 'B0000804',1,'1076测试服务器','4',8,'0');
insert into V_VEHICLEINFO (ORG_CODE,VEHICLE_ID,ID_NUMBER,TYPE_ID,TERMINAL_ID,DELETE_FLAG,COLOR_ID_NUMBER_ID,AUTHORIZED_PAY_MASS) values ('B0000804','2601071', '测B07070', 4, 261071, 0, '2',15);

insert into T_SIMINFO (SIM_ID, ORG_CODE, DEPTCODE, STATE,PAY_MODLE, SIM_NUM) values(27072, 'B0000804', '中国移动', 1, '预付费', 13100007071);
insert into T_TERMINALINFO (TERMINAL_ID,TTYPE_ID,SIM_ID,TERMINAL_CODE,ORG_CODE,IS_VIDEO_TERMINAL,SP_SERVER_NAME,PROTOCOL_TYPE,CHANNELS,YT_PROTOCOL_TYPE) values(261072, 4, 27072, '1007071', 'B0000804',1,'1076测试服务器','4',8,'0');
insert into V_VEHICLEINFO (ORG_CODE,VEHICLE_ID,ID_NUMBER,TYPE_ID,TERMINAL_ID,DELETE_FLAG,COLOR_ID_NUMBER_ID,AUTHORIZED_PAY_MASS) values ('B0000804','2601072', '测B07071', 4, 261072, 0, '2',15);

insert into T_SIMINFO (SIM_ID, ORG_CODE, DEPTCODE, STATE,PAY_MODLE, SIM_NUM) values(27073, 'B0000804', '中国移动', 1, '预付费', 13100007072);
insert into T_TERMINALINFO (TERMINAL_ID,TTYPE_ID,SIM_ID,TERMINAL_CODE,ORG_CODE,IS_VIDEO_TERMINAL,SP_SERVER_NAME,PROTOCOL_TYPE,CHANNELS,YT_PROTOCOL_TYPE) values(261073, 4, 27073, '1007072', 'B0000804',1,'1076测试服务器','4',8,'0');
insert into V_VEHICLEINFO (ORG_CODE,VEHICLE_ID,ID_NUMBER,TYPE_ID,TERMINAL_ID,DELETE_FLAG,COLOR_ID_NUMBER_ID,AUTHORIZED_PAY_MASS) values ('B0000804','2601073', '测B07072', 4, 261073, 0, '2',15);

insert into T_SIMINFO (SIM_ID, ORG_CODE, DEPTCODE, STATE,PAY_MODLE, SIM_NUM) values(27074, 'B0000804', '中国移动', 1, '预付费', 13100007073);
insert into T_TERMINALINFO (TERMINAL_ID,TTYPE_ID,SIM_ID,TERMINAL_CODE,ORG_CODE,IS_VIDEO_TERMINAL,SP_SERVER_NAME,PROTOCOL_TYPE,CHANNELS,YT_PROTOCOL_TYPE) values(261074, 4, 27074, '1007073', 'B0000804',1,'1076测试服务器','4',8,'0');
insert into V_VEHICLEINFO (ORG_CODE,VEHICLE_ID,ID_NUMBER,TYPE_ID,TERMINAL_ID,DELETE_FLAG,COLOR_ID_NUMBER_ID,AUTHORIZED_PAY_MASS) values ('B0000804','2601074', '测B07073', 4, 261074, 0, '2',15);

insert into T_SIMINFO (SIM_ID, ORG_CODE, DEPTCODE, STATE,PAY_MODLE, SIM_NUM) values(27075, 'B0000804', '中国移动', 1, '预付费', 13100007074);
insert into T_TERMINALINFO (TERMINAL_ID,TTYPE_ID,SIM_ID,TERMINAL_CODE,ORG_CODE,IS_VIDEO_TERMINAL,SP_SERVER_NAME,PROTOCOL_TYPE,CHANNELS,YT_PROTOCOL_TYPE) values(261075, 4, 27075, '1007074', 'B0000804',1,'1076测试服务器','4',8,'0');
insert into V_VEHICLEINFO (ORG_CODE,VEHICLE_ID,ID_NUMBER,TYPE_ID,TERMINAL_ID,DELETE_FLAG,COLOR_ID_NUMBER_ID,AUTHORIZED_PAY_MASS) values ('B0000804','2601075', '测B07074', 4, 261075, 0, '2',15);

insert into T_SIMINFO (SIM_ID, ORG_CODE, DEPTCODE, STATE,PAY_MODLE, SIM_NUM) values(27076, 'B0000804', '中国移动', 1, '预付费', 13100007075);
insert into T_TERMINALINFO (TERMINAL_ID,TTYPE_ID,SIM_ID,TERMINAL_CODE,ORG_CODE,IS_VIDEO_TERMINAL,SP_SERVER_NAME,PROTOCOL_TYPE,CHANNELS,YT_PROTOCOL_TYPE) values(261076, 4, 27076, '1007075', 'B0000804',1,'1076测试服务器','4',8,'0');
insert into V_VEHICLEINFO (ORG_CODE,VEHICLE_ID,ID_NUMBER,TYPE_ID,TERMINAL_ID,DELETE_FLAG,COLOR_ID_NUMBER_ID,AUTHORIZED_PAY_MASS) values ('B0000804','2601076', '测B07075', 4, 261076, 0, '2',15);

insert into T_SIMINFO (SIM_ID, ORG_CODE, DEPTCODE, STATE,PAY_MODLE, SIM_NUM) values(27077, 'B0000804', '中国移动', 1, '预付费', 13100007076);
insert into T_TERMINALINFO (TERMINAL_ID,TTYPE_ID,SIM_ID,TERMINAL_CODE,ORG_CODE,IS_VIDEO_TERMINAL,SP_SERVER_NAME,PROTOCOL_TYPE,CHANNELS,YT_PROTOCOL_TYPE) values(261077, 4, 27077, '1007076', 'B0000804',1,'1076测试服务器','4',8,'0');
insert into V_VEHICLEINFO (ORG_CODE,VEHICLE_ID,ID_NUMBER,TYPE_ID,TERMINAL_ID,DELETE_FLAG,COLOR_ID_NUMBER_ID,AUTHORIZED_PAY_MASS) values ('B0000804','2601077', '测B07076', 4, 261077, 0, '2',15);

insert into T_SIMINFO (SIM_ID, ORG_CODE, DEPTCODE, STATE,PAY_MODLE, SIM_NUM) values(27078, 'B0000804', '中国移动', 1, '预付费', 13100007077);
insert into T_TERMINALINFO (TERMINAL_ID,TTYPE_ID,SIM_ID,TERMINAL_CODE,ORG_CODE,IS_VIDEO_TERMINAL,SP_SERVER_NAME,PROTOCOL_TYPE,CHANNELS,YT_PROTOCOL_TYPE) values(261078, 4, 27078, '1007077', 'B0000804',1,'1076测试服务器','4',8,'0');
insert into V_VEHICLEINFO (ORG_CODE,VEHICLE_ID,ID_NUMBER,TYPE_ID,TERMINAL_ID,DELETE_FLAG,COLOR_ID_NUMBER_ID,AUTHORIZED_PAY_MASS) values ('B0000804','2601078', '测B07077', 4, 261078, 0, '2',15);

insert into T_SIMINFO (SIM_ID, ORG_CODE, DEPTCODE, STATE,PAY_MODLE, SIM_NUM) values(27079, 'B0000804', '中国移动', 1, '预付费', 13100007078);
insert into T_TERMINALINFO (TERMINAL_ID,TTYPE_ID,SIM_ID,TERMINAL_CODE,ORG_CODE,IS_VIDEO_TERMINAL,SP_SERVER_NAME,PROTOCOL_TYPE,CHANNELS,YT_PROTOCOL_TYPE) values(261079, 4, 27079, '1007078', 'B0000804',1,'1076测试服务器','4',8,'0');
insert into V_VEHICLEINFO (ORG_CODE,VEHICLE_ID,ID_NUMBER,TYPE_ID,TERMINAL_ID,DELETE_FLAG,COLOR_ID_NUMBER_ID,AUTHORIZED_PAY_MASS) values ('B0000804','2601079', '测B07078', 4, 261079, 0, '2',15);

insert into T_SIMINFO (SIM_ID, ORG_CODE, DEPTCODE, STATE,PAY_MODLE, SIM_NUM) values(27080, 'B0000804', '中国移动', 1, '预付费', 13100007079);
insert into T_TERMINALINFO (TERMINAL_ID,TTYPE_ID,SIM_ID,TERMINAL_CODE,ORG_CODE,IS_VIDEO_TERMINAL,SP_SERVER_NAME,PROTOCOL_TYPE,CHANNELS,YT_PROTOCOL_TYPE) values(261080, 4, 27080, '1007079', 'B0000804',1,'1076测试服务器','4',8,'0');
insert into V_VEHICLEINFO (ORG_CODE,VEHICLE_ID,ID_NUMBER,TYPE_ID,TERMINAL_ID,DELETE_FLAG,COLOR_ID_NUMBER_ID,AUTHORIZED_PAY_MASS) values ('B0000804','2601080', '测B07079', 4, 261080, 0, '2',15);

insert into T_SIMINFO (SIM_ID, ORG_CODE, DEPTCODE, STATE,PAY_MODLE, SIM_NUM) values(27081, 'B0000804', '中国移动', 1, '预付费', 13100007080);
insert into T_TERMINALINFO (TERMINAL_ID,TTYPE_ID,SIM_ID,TERMINAL_CODE,ORG_CODE,IS_VIDEO_TERMINAL,SP_SERVER_NAME,PROTOCOL_TYPE,CHANNELS,YT_PROTOCOL_TYPE) values(261081, 4, 27081, '1007080', 'B0000804',1,'1076测试服务器','4',8,'0');
insert into V_VEHICLEINFO (ORG_CODE,VEHICLE_ID,ID_NUMBER,TYPE_ID,TERMINAL_ID,DELETE_FLAG,COLOR_ID_NUMBER_ID,AUTHORIZED_PAY_MASS) values ('B0000804','2601081', '测B07080', 4, 261081, 0, '2',15);

insert into T_SIMINFO (SIM_ID, ORG_CODE, DEPTCODE, STATE,PAY_MODLE, SIM_NUM) values(27082, 'B0000804', '中国移动', 1, '预付费', 13100007081);
insert into T_TERMINALINFO (TERMINAL_ID,TTYPE_ID,SIM_ID,TERMINAL_CODE,ORG_CODE,IS_VIDEO_TERMINAL,SP_SERVER_NAME,PROTOCOL_TYPE,CHANNELS,YT_PROTOCOL_TYPE) values(261082, 4, 27082, '1007081', 'B0000804',1,'1076测试服务器','4',8,'0');
insert into V_VEHICLEINFO (ORG_CODE,VEHICLE_ID,ID_NUMBER,TYPE_ID,TERMINAL_ID,DELETE_FLAG,COLOR_ID_NUMBER_ID,AUTHORIZED_PAY_MASS) values ('B0000804','2601082', '测B07081', 4, 261082, 0, '2',15);

insert into T_SIMINFO (SIM_ID, ORG_CODE, DEPTCODE, STATE,PAY_MODLE, SIM_NUM) values(27083, 'B0000804', '中国移动', 1, '预付费', 13100007082);
insert into T_TERMINALINFO (TERMINAL_ID,TTYPE_ID,SIM_ID,TERMINAL_CODE,ORG_CODE,IS_VIDEO_TERMINAL,SP_SERVER_NAME,PROTOCOL_TYPE,CHANNELS,YT_PROTOCOL_TYPE) values(261083, 4, 27083, '1007082', 'B0000804',1,'1076测试服务器','4',8,'0');
insert into V_VEHICLEINFO (ORG_CODE,VEHICLE_ID,ID_NUMBER,TYPE_ID,TERMINAL_ID,DELETE_FLAG,COLOR_ID_NUMBER_ID,AUTHORIZED_PAY_MASS) values ('B0000804','2601083', '测B07082', 4, 261083, 0, '2',15);

insert into T_SIMINFO (SIM_ID, ORG_CODE, DEPTCODE, STATE,PAY_MODLE, SIM_NUM) values(27084, 'B0000804', '中国移动', 1, '预付费', 13100007083);
insert into T_TERMINALINFO (TERMINAL_ID,TTYPE_ID,SIM_ID,TERMINAL_CODE,ORG_CODE,IS_VIDEO_TERMINAL,SP_SERVER_NAME,PROTOCOL_TYPE,CHANNELS,YT_PROTOCOL_TYPE) values(261084, 4, 27084, '1007083', 'B0000804',1,'1076测试服务器','4',8,'0');
insert into V_VEHICLEINFO (ORG_CODE,VEHICLE_ID,ID_NUMBER,TYPE_ID,TERMINAL_ID,DELETE_FLAG,COLOR_ID_NUMBER_ID,AUTHORIZED_PAY_MASS) values ('B0000804','2601084', '测B07083', 4, 261084, 0, '2',15);

insert into T_SIMINFO (SIM_ID, ORG_CODE, DEPTCODE, STATE,PAY_MODLE, SIM_NUM) values(27085, 'B0000804', '中国移动', 1, '预付费', 13100007084);
insert into T_TERMINALINFO (TERMINAL_ID,TTYPE_ID,SIM_ID,TERMINAL_CODE,ORG_CODE,IS_VIDEO_TERMINAL,SP_SERVER_NAME,PROTOCOL_TYPE,CHANNELS,YT_PROTOCOL_TYPE) values(261085, 4, 27085, '1007084', 'B0000804',1,'1076测试服务器','4',8,'0');
insert into V_VEHICLEINFO (ORG_CODE,VEHICLE_ID,ID_NUMBER,TYPE_ID,TERMINAL_ID,DELETE_FLAG,COLOR_ID_NUMBER_ID,AUTHORIZED_PAY_MASS) values ('B0000804','2601085', '测B07084', 4, 261085, 0, '2',15);

insert into T_SIMINFO (SIM_ID, ORG_CODE, DEPTCODE, STATE,PAY_MODLE, SIM_NUM) values(27086, 'B0000804', '中国移动', 1, '预付费', 13100007085);
insert into T_TERMINALINFO (TERMINAL_ID,TTYPE_ID,SIM_ID,TERMINAL_CODE,ORG_CODE,IS_VIDEO_TERMINAL,SP_SERVER_NAME,PROTOCOL_TYPE,CHANNELS,YT_PROTOCOL_TYPE) values(261086, 4, 27086, '1007085', 'B0000804',1,'1076测试服务器','4',8,'0');
insert into V_VEHICLEINFO (ORG_CODE,VEHICLE_ID,ID_NUMBER,TYPE_ID,TERMINAL_ID,DELETE_FLAG,COLOR_ID_NUMBER_ID,AUTHORIZED_PAY_MASS) values ('B0000804','2601086', '测B07085', 4, 261086, 0, '2',15);

insert into T_SIMINFO (SIM_ID, ORG_CODE, DEPTCODE, STATE,PAY_MODLE, SIM_NUM) values(27087, 'B0000804', '中国移动', 1, '预付费', 13100007086);
insert into T_TERMINALINFO (TERMINAL_ID,TTYPE_ID,SIM_ID,TERMINAL_CODE,ORG_CODE,IS_VIDEO_TERMINAL,SP_SERVER_NAME,PROTOCOL_TYPE,CHANNELS,YT_PROTOCOL_TYPE) values(261087, 4, 27087, '1007086', 'B0000804',1,'1076测试服务器','4',8,'0');
insert into V_VEHICLEINFO (ORG_CODE,VEHICLE_ID,ID_NUMBER,TYPE_ID,TERMINAL_ID,DELETE_FLAG,COLOR_ID_NUMBER_ID,AUTHORIZED_PAY_MASS) values ('B0000804','2601087', '测B07086', 4, 261087, 0, '2',15);

insert into T_SIMINFO (SIM_ID, ORG_CODE, DEPTCODE, STATE,PAY_MODLE, SIM_NUM) values(27088, 'B0000804', '中国移动', 1, '预付费', 13100007087);
insert into T_TERMINALINFO (TERMINAL_ID,TTYPE_ID,SIM_ID,TERMINAL_CODE,ORG_CODE,IS_VIDEO_TERMINAL,SP_SERVER_NAME,PROTOCOL_TYPE,CHANNELS,YT_PROTOCOL_TYPE) values(261088, 4, 27088, '1007087', 'B0000804',1,'1076测试服务器','4',8,'0');
insert into V_VEHICLEINFO (ORG_CODE,VEHICLE_ID,ID_NUMBER,TYPE_ID,TERMINAL_ID,DELETE_FLAG,COLOR_ID_NUMBER_ID,AUTHORIZED_PAY_MASS) values ('B0000804','2601088', '测B07087', 4, 261088, 0, '2',15);

insert into T_SIMINFO (SIM_ID, ORG_CODE, DEPTCODE, STATE,PAY_MODLE, SIM_NUM) values(27089, 'B0000804', '中国移动', 1, '预付费', 13100007088);
insert into T_TERMINALINFO (TERMINAL_ID,TTYPE_ID,SIM_ID,TERMINAL_CODE,ORG_CODE,IS_VIDEO_TERMINAL,SP_SERVER_NAME,PROTOCOL_TYPE,CHANNELS,YT_PROTOCOL_TYPE) values(261089, 4, 27089, '1007088', 'B0000804',1,'1076测试服务器','4',8,'0');
insert into V_VEHICLEINFO (ORG_CODE,VEHICLE_ID,ID_NUMBER,TYPE_ID,TERMINAL_ID,DELETE_FLAG,COLOR_ID_NUMBER_ID,AUTHORIZED_PAY_MASS) values ('B0000804','2601089', '测B07088', 4, 261089, 0, '2',15);

insert into T_SIMINFO (SIM_ID, ORG_CODE, DEPTCODE, STATE,PAY_MODLE, SIM_NUM) values(27090, 'B0000804', '中国移动', 1, '预付费', 13100007089);
insert into T_TERMINALINFO (TERMINAL_ID,TTYPE_ID,SIM_ID,TERMINAL_CODE,ORG_CODE,IS_VIDEO_TERMINAL,SP_SERVER_NAME,PROTOCOL_TYPE,CHANNELS,YT_PROTOCOL_TYPE) values(261090, 4, 27090, '1007089', 'B0000804',1,'1076测试服务器','4',8,'0');
insert into V_VEHICLEINFO (ORG_CODE,VEHICLE_ID,ID_NUMBER,TYPE_ID,TERMINAL_ID,DELETE_FLAG,COLOR_ID_NUMBER_ID,AUTHORIZED_PAY_MASS) values ('B0000804','2601090', '测B07089', 4, 261090, 0, '2',15);

insert into T_SIMINFO (SIM_ID, ORG_CODE, DEPTCODE, STATE,PAY_MODLE, SIM_NUM) values(27091, 'B0000804', '中国移动', 1, '预付费', 13100007090);
insert into T_TERMINALINFO (TERMINAL_ID,TTYPE_ID,SIM_ID,TERMINAL_CODE,ORG_CODE,IS_VIDEO_TERMINAL,SP_SERVER_NAME,PROTOCOL_TYPE,CHANNELS,YT_PROTOCOL_TYPE) values(261091, 4, 27091, '1007090', 'B0000804',1,'1076测试服务器','4',8,'0');
insert into V_VEHICLEINFO (ORG_CODE,VEHICLE_ID,ID_NUMBER,TYPE_ID,TERMINAL_ID,DELETE_FLAG,COLOR_ID_NUMBER_ID,AUTHORIZED_PAY_MASS) values ('B0000804','2601091', '测B07090', 4, 261091, 0, '2',15);

insert into T_SIMINFO (SIM_ID, ORG_CODE, DEPTCODE, STATE,PAY_MODLE, SIM_NUM) values(27092, 'B0000804', '中国移动', 1, '预付费', 13100007091);
insert into T_TERMINALINFO (TERMINAL_ID,TTYPE_ID,SIM_ID,TERMINAL_CODE,ORG_CODE,IS_VIDEO_TERMINAL,SP_SERVER_NAME,PROTOCOL_TYPE,CHANNELS,YT_PROTOCOL_TYPE) values(261092, 4, 27092, '1007091', 'B0000804',1,'1076测试服务器','4',8,'0');
insert into V_VEHICLEINFO (ORG_CODE,VEHICLE_ID,ID_NUMBER,TYPE_ID,TERMINAL_ID,DELETE_FLAG,COLOR_ID_NUMBER_ID,AUTHORIZED_PAY_MASS) values ('B0000804','2601092', '测B07091', 4, 261092, 0, '2',15);

insert into T_SIMINFO (SIM_ID, ORG_CODE, DEPTCODE, STATE,PAY_MODLE, SIM_NUM) values(27093, 'B0000804', '中国移动', 1, '预付费', 13100007092);
insert into T_TERMINALINFO (TERMINAL_ID,TTYPE_ID,SIM_ID,TERMINAL_CODE,ORG_CODE,IS_VIDEO_TERMINAL,SP_SERVER_NAME,PROTOCOL_TYPE,CHANNELS,YT_PROTOCOL_TYPE) values(261093, 4, 27093, '1007092', 'B0000804',1,'1076测试服务器','4',8,'0');
insert into V_VEHICLEINFO (ORG_CODE,VEHICLE_ID,ID_NUMBER,TYPE_ID,TERMINAL_ID,DELETE_FLAG,COLOR_ID_NUMBER_ID,AUTHORIZED_PAY_MASS) values ('B0000804','2601093', '测B07092', 4, 261093, 0, '2',15);

insert into T_SIMINFO (SIM_ID, ORG_CODE, DEPTCODE, STATE,PAY_MODLE, SIM_NUM) values(27094, 'B0000804', '中国移动', 1, '预付费', 13100007093);
insert into T_TERMINALINFO (TERMINAL_ID,TTYPE_ID,SIM_ID,TERMINAL_CODE,ORG_CODE,IS_VIDEO_TERMINAL,SP_SERVER_NAME,PROTOCOL_TYPE,CHANNELS,YT_PROTOCOL_TYPE) values(261094, 4, 27094, '1007093', 'B0000804',1,'1076测试服务器','4',8,'0');
insert into V_VEHICLEINFO (ORG_CODE,VEHICLE_ID,ID_NUMBER,TYPE_ID,TERMINAL_ID,DELETE_FLAG,COLOR_ID_NUMBER_ID,AUTHORIZED_PAY_MASS) values ('B0000804','2601094', '测B07093', 4, 261094, 0, '2',15);

insert into T_SIMINFO (SIM_ID, ORG_CODE, DEPTCODE, STATE,PAY_MODLE, SIM_NUM) values(27095, 'B0000804', '中国移动', 1, '预付费', 13100007094);
insert into T_TERMINALINFO (TERMINAL_ID,TTYPE_ID,SIM_ID,TERMINAL_CODE,ORG_CODE,IS_VIDEO_TERMINAL,SP_SERVER_NAME,PROTOCOL_TYPE,CHANNELS,YT_PROTOCOL_TYPE) values(261095, 4, 27095, '1007094', 'B0000804',1,'1076测试服务器','4',8,'0');
insert into V_VEHICLEINFO (ORG_CODE,VEHICLE_ID,ID_NUMBER,TYPE_ID,TERMINAL_ID,DELETE_FLAG,COLOR_ID_NUMBER_ID,AUTHORIZED_PAY_MASS) values ('B0000804','2601095', '测B07094', 4, 261095, 0, '2',15);

insert into T_SIMINFO (SIM_ID, ORG_CODE, DEPTCODE, STATE,PAY_MODLE, SIM_NUM) values(27096, 'B0000804', '中国移动', 1, '预付费', 13100007095);
insert into T_TERMINALINFO (TERMINAL_ID,TTYPE_ID,SIM_ID,TERMINAL_CODE,ORG_CODE,IS_VIDEO_TERMINAL,SP_SERVER_NAME,PROTOCOL_TYPE,CHANNELS,YT_PROTOCOL_TYPE) values(261096, 4, 27096, '1007095', 'B0000804',1,'1076测试服务器','4',8,'0');
insert into V_VEHICLEINFO (ORG_CODE,VEHICLE_ID,ID_NUMBER,TYPE_ID,TERMINAL_ID,DELETE_FLAG,COLOR_ID_NUMBER_ID,AUTHORIZED_PAY_MASS) values ('B0000804','2601096', '测B07095', 4, 261096, 0, '2',15);

insert into T_SIMINFO (SIM_ID, ORG_CODE, DEPTCODE, STATE,PAY_MODLE, SIM_NUM) values(27097, 'B0000804', '中国移动', 1, '预付费', 13100007096);
insert into T_TERMINALINFO (TERMINAL_ID,TTYPE_ID,SIM_ID,TERMINAL_CODE,ORG_CODE,IS_VIDEO_TERMINAL,SP_SERVER_NAME,PROTOCOL_TYPE,CHANNELS,YT_PROTOCOL_TYPE) values(261097, 4, 27097, '1007096', 'B0000804',1,'1076测试服务器','4',8,'0');
insert into V_VEHICLEINFO (ORG_CODE,VEHICLE_ID,ID_NUMBER,TYPE_ID,TERMINAL_ID,DELETE_FLAG,COLOR_ID_NUMBER_ID,AUTHORIZED_PAY_MASS) values ('B0000804','2601097', '测B07096', 4, 261097, 0, '2',15);

insert into T_SIMINFO (SIM_ID, ORG_CODE, DEPTCODE, STATE,PAY_MODLE, SIM_NUM) values(27098, 'B0000804', '中国移动', 1, '预付费', 13100007097);
insert into T_TERMINALINFO (TERMINAL_ID,TTYPE_ID,SIM_ID,TERMINAL_CODE,ORG_CODE,IS_VIDEO_TERMINAL,SP_SERVER_NAME,PROTOCOL_TYPE,CHANNELS,YT_PROTOCOL_TYPE) values(261098, 4, 27098, '1007097', 'B0000804',1,'1076测试服务器','4',8,'0');
insert into V_VEHICLEINFO (ORG_CODE,VEHICLE_ID,ID_NUMBER,TYPE_ID,TERMINAL_ID,DELETE_FLAG,COLOR_ID_NUMBER_ID,AUTHORIZED_PAY_MASS) values ('B0000804','2601098', '测B07097', 4, 261098, 0, '2',15);

insert into T_SIMINFO (SIM_ID, ORG_CODE, DEPTCODE, STATE,PAY_MODLE, SIM_NUM) values(27099, 'B0000804', '中国移动', 1, '预付费', 13100007098);
insert into T_TERMINALINFO (TERMINAL_ID,TTYPE_ID,SIM_ID,TERMINAL_CODE,ORG_CODE,IS_VIDEO_TERMINAL,SP_SERVER_NAME,PROTOCOL_TYPE,CHANNELS,YT_PROTOCOL_TYPE) values(261099, 4, 27099, '1007098', 'B0000804',1,'1076测试服务器','4',8,'0');
insert into V_VEHICLEINFO (ORG_CODE,VEHICLE_ID,ID_NUMBER,TYPE_ID,TERMINAL_ID,DELETE_FLAG,COLOR_ID_NUMBER_ID,AUTHORIZED_PAY_MASS) values ('B0000804','2601099', '测B07098', 4, 261099, 0, '2',15);

insert into T_SIMINFO (SIM_ID, ORG_CODE, DEPTCODE, STATE,PAY_MODLE, SIM_NUM) values(27100, 'B0000804', '中国移动', 1, '预付费', 13100007099);
insert into T_TERMINALINFO (TERMINAL_ID,TTYPE_ID,SIM_ID,TERMINAL_CODE,ORG_CODE,IS_VIDEO_TERMINAL,SP_SERVER_NAME,PROTOCOL_TYPE,CHANNELS,YT_PROTOCOL_TYPE) values(261100, 4, 27100, '1007099', 'B0000804',1,'1076测试服务器','4',8,'0');
insert into V_VEHICLEINFO (ORG_CODE,VEHICLE_ID,ID_NUMBER,TYPE_ID,TERMINAL_ID,DELETE_FLAG,COLOR_ID_NUMBER_ID,AUTHORIZED_PAY_MASS) values ('B0000804','2601100', '测B07099', 4, 261100, 0, '2',15);

insert into T_SIMINFO (SIM_ID, ORG_CODE, DEPTCODE, STATE,PAY_MODLE, SIM_NUM) values(27101, 'B0000804', '中国移动', 1, '预付费', 13100007100);
insert into T_TERMINALINFO (TERMINAL_ID,TTYPE_ID,SIM_ID,TERMINAL_CODE,ORG_CODE,IS_VIDEO_TERMINAL,SP_SERVER_NAME,PROTOCOL_TYPE,CHANNELS,YT_PROTOCOL_TYPE) values(261101, 4, 27101, '1007100', 'B0000804',1,'1076测试服务器','4',8,'0');
insert into V_VEHICLEINFO (ORG_CODE,VEHICLE_ID,ID_NUMBER,TYPE_ID,TERMINAL_ID,DELETE_FLAG,COLOR_ID_NUMBER_ID,AUTHORIZED_PAY_MASS) values ('B0000804','2601101', '测B07100', 4, 261101, 0, '2',15);

insert into T_SIMINFO (SIM_ID, ORG_CODE, DEPTCODE, STATE,PAY_MODLE, SIM_NUM) values(27102, 'B0000804', '中国移动', 1, '预付费', 13100007101);
insert into T_TERMINALINFO (TERMINAL_ID,TTYPE_ID,SIM_ID,TERMINAL_CODE,ORG_CODE,IS_VIDEO_TERMINAL,SP_SERVER_NAME,PROTOCOL_TYPE,CHANNELS,YT_PROTOCOL_TYPE) values(261102, 4, 27102, '1007101', 'B0000804',1,'1076测试服务器','4',8,'0');
insert into V_VEHICLEINFO (ORG_CODE,VEHICLE_ID,ID_NUMBER,TYPE_ID,TERMINAL_ID,DELETE_FLAG,COLOR_ID_NUMBER_ID,AUTHORIZED_PAY_MASS) values ('B0000804','2601102', '测B07101', 4, 261102, 0, '2',15);

insert into T_SIMINFO (SIM_ID, ORG_CODE, DEPTCODE, STATE,PAY_MODLE, SIM_NUM) values(27103, 'B0000804', '中国移动', 1, '预付费', 13100007102);
insert into T_TERMINALINFO (TERMINAL_ID,TTYPE_ID,SIM_ID,TERMINAL_CODE,ORG_CODE,IS_VIDEO_TERMINAL,SP_SERVER_NAME,PROTOCOL_TYPE,CHANNELS,YT_PROTOCOL_TYPE) values(261103, 4, 27103, '1007102', 'B0000804',1,'1076测试服务器','4',8,'0');
insert into V_VEHICLEINFO (ORG_CODE,VEHICLE_ID,ID_NUMBER,TYPE_ID,TERMINAL_ID,DELETE_FLAG,COLOR_ID_NUMBER_ID,AUTHORIZED_PAY_MASS) values ('B0000804','2601103', '测B07102', 4, 261103, 0, '2',15);

insert into T_SIMINFO (SIM_ID, ORG_CODE, DEPTCODE, STATE,PAY_MODLE, SIM_NUM) values(27104, 'B0000804', '中国移动', 1, '预付费', 13100007103);
insert into T_TERMINALINFO (TERMINAL_ID,TTYPE_ID,SIM_ID,TERMINAL_CODE,ORG_CODE,IS_VIDEO_TERMINAL,SP_SERVER_NAME,PROTOCOL_TYPE,CHANNELS,YT_PROTOCOL_TYPE) values(261104, 4, 27104, '1007103', 'B0000804',1,'1076测试服务器','4',8,'0');
insert into V_VEHICLEINFO (ORG_CODE,VEHICLE_ID,ID_NUMBER,TYPE_ID,TERMINAL_ID,DELETE_FLAG,COLOR_ID_NUMBER_ID,AUTHORIZED_PAY_MASS) values ('B0000804','2601104', '测B07103', 4, 261104, 0, '2',15);

insert into T_SIMINFO (SIM_ID, ORG_CODE, DEPTCODE, STATE,PAY_MODLE, SIM_NUM) values(27105, 'B0000804', '中国移动', 1, '预付费', 13100007104);
insert into T_TERMINALINFO (TERMINAL_ID,TTYPE_ID,SIM_ID,TERMINAL_CODE,ORG_CODE,IS_VIDEO_TERMINAL,SP_SERVER_NAME,PROTOCOL_TYPE,CHANNELS,YT_PROTOCOL_TYPE) values(261105, 4, 27105, '1007104', 'B0000804',1,'1076测试服务器','4',8,'0');
insert into V_VEHICLEINFO (ORG_CODE,VEHICLE_ID,ID_NUMBER,TYPE_ID,TERMINAL_ID,DELETE_FLAG,COLOR_ID_NUMBER_ID,AUTHORIZED_PAY_MASS) values ('B0000804','2601105', '测B07104', 4, 261105, 0, '2',15);

insert into T_SIMINFO (SIM_ID, ORG_CODE, DEPTCODE, STATE,PAY_MODLE, SIM_NUM) values(27106, 'B0000804', '中国移动', 1, '预付费', 13100007105);
insert into T_TERMINALINFO (TERMINAL_ID,TTYPE_ID,SIM_ID,TERMINAL_CODE,ORG_CODE,IS_VIDEO_TERMINAL,SP_SERVER_NAME,PROTOCOL_TYPE,CHANNELS,YT_PROTOCOL_TYPE) values(261106, 4, 27106, '1007105', 'B0000804',1,'1076测试服务器','4',8,'0');
insert into V_VEHICLEINFO (ORG_CODE,VEHICLE_ID,ID_NUMBER,TYPE_ID,TERMINAL_ID,DELETE_FLAG,COLOR_ID_NUMBER_ID,AUTHORIZED_PAY_MASS) values ('B0000804','2601106', '测B07105', 4, 261106, 0, '2',15);

insert into T_SIMINFO (SIM_ID, ORG_CODE, DEPTCODE, STATE,PAY_MODLE, SIM_NUM) values(27107, 'B0000804', '中国移动', 1, '预付费', 13100007106);
insert into T_TERMINALINFO (TERMINAL_ID,TTYPE_ID,SIM_ID,TERMINAL_CODE,ORG_CODE,IS_VIDEO_TERMINAL,SP_SERVER_NAME,PROTOCOL_TYPE,CHANNELS,YT_PROTOCOL_TYPE) values(261107, 4, 27107, '1007106', 'B0000804',1,'1076测试服务器','4',8,'0');
insert into V_VEHICLEINFO (ORG_CODE,VEHICLE_ID,ID_NUMBER,TYPE_ID,TERMINAL_ID,DELETE_FLAG,COLOR_ID_NUMBER_ID,AUTHORIZED_PAY_MASS) values ('B0000804','2601107', '测B07106', 4, 261107, 0, '2',15);

insert into T_SIMINFO (SIM_ID, ORG_CODE, DEPTCODE, STATE,PAY_MODLE, SIM_NUM) values(27108, 'B0000804', '中国移动', 1, '预付费', 13100007107);
insert into T_TERMINALINFO (TERMINAL_ID,TTYPE_ID,SIM_ID,TERMINAL_CODE,ORG_CODE,IS_VIDEO_TERMINAL,SP_SERVER_NAME,PROTOCOL_TYPE,CHANNELS,YT_PROTOCOL_TYPE) values(261108, 4, 27108, '1007107', 'B0000804',1,'1076测试服务器','4',8,'0');
insert into V_VEHICLEINFO (ORG_CODE,VEHICLE_ID,ID_NUMBER,TYPE_ID,TERMINAL_ID,DELETE_FLAG,COLOR_ID_NUMBER_ID,AUTHORIZED_PAY_MASS) values ('B0000804','2601108', '测B07107', 4, 261108, 0, '2',15);

insert into T_SIMINFO (SIM_ID, ORG_CODE, DEPTCODE, STATE,PAY_MODLE, SIM_NUM) values(27109, 'B0000804', '中国移动', 1, '预付费', 13100007108);
insert into T_TERMINALINFO (TERMINAL_ID,TTYPE_ID,SIM_ID,TERMINAL_CODE,ORG_CODE,IS_VIDEO_TERMINAL,SP_SERVER_NAME,PROTOCOL_TYPE,CHANNELS,YT_PROTOCOL_TYPE) values(261109, 4, 27109, '1007108', 'B0000804',1,'1076测试服务器','4',8,'0');
insert into V_VEHICLEINFO (ORG_CODE,VEHICLE_ID,ID_NUMBER,TYPE_ID,TERMINAL_ID,DELETE_FLAG,COLOR_ID_NUMBER_ID,AUTHORIZED_PAY_MASS) values ('B0000804','2601109', '测B07108', 4, 261109, 0, '2',15);

insert into T_SIMINFO (SIM_ID, ORG_CODE, DEPTCODE, STATE,PAY_MODLE, SIM_NUM) values(27110, 'B0000804', '中国移动', 1, '预付费', 13100007109);
insert into T_TERMINALINFO (TERMINAL_ID,TTYPE_ID,SIM_ID,TERMINAL_CODE,ORG_CODE,IS_VIDEO_TERMINAL,SP_SERVER_NAME,PROTOCOL_TYPE,CHANNELS,YT_PROTOCOL_TYPE) values(261110, 4, 27110, '1007109', 'B0000804',1,'1076测试服务器','4',8,'0');
insert into V_VEHICLEINFO (ORG_CODE,VEHICLE_ID,ID_NUMBER,TYPE_ID,TERMINAL_ID,DELETE_FLAG,COLOR_ID_NUMBER_ID,AUTHORIZED_PAY_MASS) values ('B0000804','2601110', '测B07109', 4, 261110, 0, '2',15);

insert into T_SIMINFO (SIM_ID, ORG_CODE, DEPTCODE, STATE,PAY_MODLE, SIM_NUM) values(27111, 'B0000804', '中国移动', 1, '预付费', 13100007110);
insert into T_TERMINALINFO (TERMINAL_ID,TTYPE_ID,SIM_ID,TERMINAL_CODE,ORG_CODE,IS_VIDEO_TERMINAL,SP_SERVER_NAME,PROTOCOL_TYPE,CHANNELS,YT_PROTOCOL_TYPE) values(261111, 4, 27111, '1007110', 'B0000804',1,'1076测试服务器','4',8,'0');
insert into V_VEHICLEINFO (ORG_CODE,VEHICLE_ID,ID_NUMBER,TYPE_ID,TERMINAL_ID,DELETE_FLAG,COLOR_ID_NUMBER_ID,AUTHORIZED_PAY_MASS) values ('B0000804','2601111', '测B07110', 4, 261111, 0, '2',15);

insert into T_SIMINFO (SIM_ID, ORG_CODE, DEPTCODE, STATE,PAY_MODLE, SIM_NUM) values(27112, 'B0000804', '中国移动', 1, '预付费', 13100007111);
insert into T_TERMINALINFO (TERMINAL_ID,TTYPE_ID,SIM_ID,TERMINAL_CODE,ORG_CODE,IS_VIDEO_TERMINAL,SP_SERVER_NAME,PROTOCOL_TYPE,CHANNELS,YT_PROTOCOL_TYPE) values(261112, 4, 27112, '1007111', 'B0000804',1,'1076测试服务器','4',8,'0');
insert into V_VEHICLEINFO (ORG_CODE,VEHICLE_ID,ID_NUMBER,TYPE_ID,TERMINAL_ID,DELETE_FLAG,COLOR_ID_NUMBER_ID,AUTHORIZED_PAY_MASS) values ('B0000804','2601112', '测B07111', 4, 261112, 0, '2',15);

insert into T_SIMINFO (SIM_ID, ORG_CODE, DEPTCODE, STATE,PAY_MODLE, SIM_NUM) values(27113, 'B0000804', '中国移动', 1, '预付费', 13100007112);
insert into T_TERMINALINFO (TERMINAL_ID,TTYPE_ID,SIM_ID,TERMINAL_CODE,ORG_CODE,IS_VIDEO_TERMINAL,SP_SERVER_NAME,PROTOCOL_TYPE,CHANNELS,YT_PROTOCOL_TYPE) values(261113, 4, 27113, '1007112', 'B0000804',1,'1076测试服务器','4',8,'0');
insert into V_VEHICLEINFO (ORG_CODE,VEHICLE_ID,ID_NUMBER,TYPE_ID,TERMINAL_ID,DELETE_FLAG,COLOR_ID_NUMBER_ID,AUTHORIZED_PAY_MASS) values ('B0000804','2601113', '测B07112', 4, 261113, 0, '2',15);

insert into T_SIMINFO (SIM_ID, ORG_CODE, DEPTCODE, STATE,PAY_MODLE, SIM_NUM) values(27114, 'B0000804', '中国移动', 1, '预付费', 13100007113);
insert into T_TERMINALINFO (TERMINAL_ID,TTYPE_ID,SIM_ID,TERMINAL_CODE,ORG_CODE,IS_VIDEO_TERMINAL,SP_SERVER_NAME,PROTOCOL_TYPE,CHANNELS,YT_PROTOCOL_TYPE) values(261114, 4, 27114, '1007113', 'B0000804',1,'1076测试服务器','4',8,'0');
insert into V_VEHICLEINFO (ORG_CODE,VEHICLE_ID,ID_NUMBER,TYPE_ID,TERMINAL_ID,DELETE_FLAG,COLOR_ID_NUMBER_ID,AUTHORIZED_PAY_MASS) values ('B0000804','2601114', '测B07113', 4, 261114, 0, '2',15);

insert into T_SIMINFO (SIM_ID, ORG_CODE, DEPTCODE, STATE,PAY_MODLE, SIM_NUM) values(27115, 'B0000804', '中国移动', 1, '预付费', 13100007114);
insert into T_TERMINALINFO (TERMINAL_ID,TTYPE_ID,SIM_ID,TERMINAL_CODE,ORG_CODE,IS_VIDEO_TERMINAL,SP_SERVER_NAME,PROTOCOL_TYPE,CHANNELS,YT_PROTOCOL_TYPE) values(261115, 4, 27115, '1007114', 'B0000804',1,'1076测试服务器','4',8,'0');
insert into V_VEHICLEINFO (ORG_CODE,VEHICLE_ID,ID_NUMBER,TYPE_ID,TERMINAL_ID,DELETE_FLAG,COLOR_ID_NUMBER_ID,AUTHORIZED_PAY_MASS) values ('B0000804','2601115', '测B07114', 4, 261115, 0, '2',15);

insert into T_SIMINFO (SIM_ID, ORG_CODE, DEPTCODE, STATE,PAY_MODLE, SIM_NUM) values(27116, 'B0000804', '中国移动', 1, '预付费', 13100007115);
insert into T_TERMINALINFO (TERMINAL_ID,TTYPE_ID,SIM_ID,TERMINAL_CODE,ORG_CODE,IS_VIDEO_TERMINAL,SP_SERVER_NAME,PROTOCOL_TYPE,CHANNELS,YT_PROTOCOL_TYPE) values(261116, 4, 27116, '1007115', 'B0000804',1,'1076测试服务器','4',8,'0');
insert into V_VEHICLEINFO (ORG_CODE,VEHICLE_ID,ID_NUMBER,TYPE_ID,TERMINAL_ID,DELETE_FLAG,COLOR_ID_NUMBER_ID,AUTHORIZED_PAY_MASS) values ('B0000804','2601116', '测B07115', 4, 261116, 0, '2',15);

insert into T_SIMINFO (SIM_ID, ORG_CODE, DEPTCODE, STATE,PAY_MODLE, SIM_NUM) values(27117, 'B0000804', '中国移动', 1, '预付费', 13100007116);
insert into T_TERMINALINFO (TERMINAL_ID,TTYPE_ID,SIM_ID,TERMINAL_CODE,ORG_CODE,IS_VIDEO_TERMINAL,SP_SERVER_NAME,PROTOCOL_TYPE,CHANNELS,YT_PROTOCOL_TYPE) values(261117, 4, 27117, '1007116', 'B0000804',1,'1076测试服务器','4',8,'0');
insert into V_VEHICLEINFO (ORG_CODE,VEHICLE_ID,ID_NUMBER,TYPE_ID,TERMINAL_ID,DELETE_FLAG,COLOR_ID_NUMBER_ID,AUTHORIZED_PAY_MASS) values ('B0000804','2601117', '测B07116', 4, 261117, 0, '2',15);

insert into T_SIMINFO (SIM_ID, ORG_CODE, DEPTCODE, STATE,PAY_MODLE, SIM_NUM) values(27118, 'B0000804', '中国移动', 1, '预付费', 13100007117);
insert into T_TERMINALINFO (TERMINAL_ID,TTYPE_ID,SIM_ID,TERMINAL_CODE,ORG_CODE,IS_VIDEO_TERMINAL,SP_SERVER_NAME,PROTOCOL_TYPE,CHANNELS,YT_PROTOCOL_TYPE) values(261118, 4, 27118, '1007117', 'B0000804',1,'1076测试服务器','4',8,'0');
insert into V_VEHICLEINFO (ORG_CODE,VEHICLE_ID,ID_NUMBER,TYPE_ID,TERMINAL_ID,DELETE_FLAG,COLOR_ID_NUMBER_ID,AUTHORIZED_PAY_MASS) values ('B0000804','2601118', '测B07117', 4, 261118, 0, '2',15);

insert into T_SIMINFO (SIM_ID, ORG_CODE, DEPTCODE, STATE,PAY_MODLE, SIM_NUM) values(27119, 'B0000804', '中国移动', 1, '预付费', 13100007118);
insert into T_TERMINALINFO (TERMINAL_ID,TTYPE_ID,SIM_ID,TERMINAL_CODE,ORG_CODE,IS_VIDEO_TERMINAL,SP_SERVER_NAME,PROTOCOL_TYPE,CHANNELS,YT_PROTOCOL_TYPE) values(261119, 4, 27119, '1007118', 'B0000804',1,'1076测试服务器','4',8,'0');
insert into V_VEHICLEINFO (ORG_CODE,VEHICLE_ID,ID_NUMBER,TYPE_ID,TERMINAL_ID,DELETE_FLAG,COLOR_ID_NUMBER_ID,AUTHORIZED_PAY_MASS) values ('B0000804','2601119', '测B07118', 4, 261119, 0, '2',15);

insert into T_SIMINFO (SIM_ID, ORG_CODE, DEPTCODE, STATE,PAY_MODLE, SIM_NUM) values(27120, 'B0000804', '中国移动', 1, '预付费', 13100007119);
insert into T_TERMINALINFO (TERMINAL_ID,TTYPE_ID,SIM_ID,TERMINAL_CODE,ORG_CODE,IS_VIDEO_TERMINAL,SP_SERVER_NAME,PROTOCOL_TYPE,CHANNELS,YT_PROTOCOL_TYPE) values(261120, 4, 27120, '1007119', 'B0000804',1,'1076测试服务器','4',8,'0');
insert into V_VEHICLEINFO (ORG_CODE,VEHICLE_ID,ID_NUMBER,TYPE_ID,TERMINAL_ID,DELETE_FLAG,COLOR_ID_NUMBER_ID,AUTHORIZED_PAY_MASS) values ('B0000804','2601120', '测B07119', 4, 261120, 0, '2',15);

insert into T_SIMINFO (SIM_ID, ORG_CODE, DEPTCODE, STATE,PAY_MODLE, SIM_NUM) values(27121, 'B0000804', '中国移动', 1, '预付费', 13100007120);
insert into T_TERMINALINFO (TERMINAL_ID,TTYPE_ID,SIM_ID,TERMINAL_CODE,ORG_CODE,IS_VIDEO_TERMINAL,SP_SERVER_NAME,PROTOCOL_TYPE,CHANNELS,YT_PROTOCOL_TYPE) values(261121, 4, 27121, '1007120', 'B0000804',1,'1076测试服务器','4',8,'0');
insert into V_VEHICLEINFO (ORG_CODE,VEHICLE_ID,ID_NUMBER,TYPE_ID,TERMINAL_ID,DELETE_FLAG,COLOR_ID_NUMBER_ID,AUTHORIZED_PAY_MASS) values ('B0000804','2601121', '测B07120', 4, 261121, 0, '2',15);

insert into T_SIMINFO (SIM_ID, ORG_CODE, DEPTCODE, STATE,PAY_MODLE, SIM_NUM) values(27122, 'B0000804', '中国移动', 1, '预付费', 13100007121);
insert into T_TERMINALINFO (TERMINAL_ID,TTYPE_ID,SIM_ID,TERMINAL_CODE,ORG_CODE,IS_VIDEO_TERMINAL,SP_SERVER_NAME,PROTOCOL_TYPE,CHANNELS,YT_PROTOCOL_TYPE) values(261122, 4, 27122, '1007121', 'B0000804',1,'1076测试服务器','4',8,'0');
insert into V_VEHICLEINFO (ORG_CODE,VEHICLE_ID,ID_NUMBER,TYPE_ID,TERMINAL_ID,DELETE_FLAG,COLOR_ID_NUMBER_ID,AUTHORIZED_PAY_MASS) values ('B0000804','2601122', '测B07121', 4, 261122, 0, '2',15);

insert into T_SIMINFO (SIM_ID, ORG_CODE, DEPTCODE, STATE,PAY_MODLE, SIM_NUM) values(27123, 'B0000804', '中国移动', 1, '预付费', 13100007122);
insert into T_TERMINALINFO (TERMINAL_ID,TTYPE_ID,SIM_ID,TERMINAL_CODE,ORG_CODE,IS_VIDEO_TERMINAL,SP_SERVER_NAME,PROTOCOL_TYPE,CHANNELS,YT_PROTOCOL_TYPE) values(261123, 4, 27123, '1007122', 'B0000804',1,'1076测试服务器','4',8,'0');
insert into V_VEHICLEINFO (ORG_CODE,VEHICLE_ID,ID_NUMBER,TYPE_ID,TERMINAL_ID,DELETE_FLAG,COLOR_ID_NUMBER_ID,AUTHORIZED_PAY_MASS) values ('B0000804','2601123', '测B07122', 4, 261123, 0, '2',15);

insert into T_SIMINFO (SIM_ID, ORG_CODE, DEPTCODE, STATE,PAY_MODLE, SIM_NUM) values(27124, 'B0000804', '中国移动', 1, '预付费', 13100007123);
insert into T_TERMINALINFO (TERMINAL_ID,TTYPE_ID,SIM_ID,TERMINAL_CODE,ORG_CODE,IS_VIDEO_TERMINAL,SP_SERVER_NAME,PROTOCOL_TYPE,CHANNELS,YT_PROTOCOL_TYPE) values(261124, 4, 27124, '1007123', 'B0000804',1,'1076测试服务器','4',8,'0');
insert into V_VEHICLEINFO (ORG_CODE,VEHICLE_ID,ID_NUMBER,TYPE_ID,TERMINAL_ID,DELETE_FLAG,COLOR_ID_NUMBER_ID,AUTHORIZED_PAY_MASS) values ('B0000804','2601124', '测B07123', 4, 261124, 0, '2',15);

insert into T_SIMINFO (SIM_ID, ORG_CODE, DEPTCODE, STATE,PAY_MODLE, SIM_NUM) values(27125, 'B0000804', '中国移动', 1, '预付费', 13100007124);
insert into T_TERMINALINFO (TERMINAL_ID,TTYPE_ID,SIM_ID,TERMINAL_CODE,ORG_CODE,IS_VIDEO_TERMINAL,SP_SERVER_NAME,PROTOCOL_TYPE,CHANNELS,YT_PROTOCOL_TYPE) values(261125, 4, 27125, '1007124', 'B0000804',1,'1076测试服务器','4',8,'0');
insert into V_VEHICLEINFO (ORG_CODE,VEHICLE_ID,ID_NUMBER,TYPE_ID,TERMINAL_ID,DELETE_FLAG,COLOR_ID_NUMBER_ID,AUTHORIZED_PAY_MASS) values ('B0000804','2601125', '测B07124', 4, 261125, 0, '2',15);

insert into T_SIMINFO (SIM_ID, ORG_CODE, DEPTCODE, STATE,PAY_MODLE, SIM_NUM) values(27126, 'B0000804', '中国移动', 1, '预付费', 13100007125);
insert into T_TERMINALINFO (TERMINAL_ID,TTYPE_ID,SIM_ID,TERMINAL_CODE,ORG_CODE,IS_VIDEO_TERMINAL,SP_SERVER_NAME,PROTOCOL_TYPE,CHANNELS,YT_PROTOCOL_TYPE) values(261126, 4, 27126, '1007125', 'B0000804',1,'1076测试服务器','4',8,'0');
insert into V_VEHICLEINFO (ORG_CODE,VEHICLE_ID,ID_NUMBER,TYPE_ID,TERMINAL_ID,DELETE_FLAG,COLOR_ID_NUMBER_ID,AUTHORIZED_PAY_MASS) values ('B0000804','2601126', '测B07125', 4, 261126, 0, '2',15);

insert into T_SIMINFO (SIM_ID, ORG_CODE, DEPTCODE, STATE,PAY_MODLE, SIM_NUM) values(27127, 'B0000804', '中国移动', 1, '预付费', 13100007126);
insert into T_TERMINALINFO (TERMINAL_ID,TTYPE_ID,SIM_ID,TERMINAL_CODE,ORG_CODE,IS_VIDEO_TERMINAL,SP_SERVER_NAME,PROTOCOL_TYPE,CHANNELS,YT_PROTOCOL_TYPE) values(261127, 4, 27127, '1007126', 'B0000804',1,'1076测试服务器','4',8,'0');
insert into V_VEHICLEINFO (ORG_CODE,VEHICLE_ID,ID_NUMBER,TYPE_ID,TERMINAL_ID,DELETE_FLAG,COLOR_ID_NUMBER_ID,AUTHORIZED_PAY_MASS) values ('B0000804','2601127', '测B07126', 4, 261127, 0, '2',15);

insert into T_SIMINFO (SIM_ID, ORG_CODE, DEPTCODE, STATE,PAY_MODLE, SIM_NUM) values(27128, 'B0000804', '中国移动', 1, '预付费', 13100007127);
insert into T_TERMINALINFO (TERMINAL_ID,TTYPE_ID,SIM_ID,TERMINAL_CODE,ORG_CODE,IS_VIDEO_TERMINAL,SP_SERVER_NAME,PROTOCOL_TYPE,CHANNELS,YT_PROTOCOL_TYPE) values(261128, 4, 27128, '1007127', 'B0000804',1,'1076测试服务器','4',8,'0');
insert into V_VEHICLEINFO (ORG_CODE,VEHICLE_ID,ID_NUMBER,TYPE_ID,TERMINAL_ID,DELETE_FLAG,COLOR_ID_NUMBER_ID,AUTHORIZED_PAY_MASS) values ('B0000804','2601128', '测B07127', 4, 261128, 0, '2',15);

insert into T_SIMINFO (SIM_ID, ORG_CODE, DEPTCODE, STATE,PAY_MODLE, SIM_NUM) values(27129, 'B0000804', '中国移动', 1, '预付费', 13100007128);
insert into T_TERMINALINFO (TERMINAL_ID,TTYPE_ID,SIM_ID,TERMINAL_CODE,ORG_CODE,IS_VIDEO_TERMINAL,SP_SERVER_NAME,PROTOCOL_TYPE,CHANNELS,YT_PROTOCOL_TYPE) values(261129, 4, 27129, '1007128', 'B0000804',1,'1076测试服务器','4',8,'0');
insert into V_VEHICLEINFO (ORG_CODE,VEHICLE_ID,ID_NUMBER,TYPE_ID,TERMINAL_ID,DELETE_FLAG,COLOR_ID_NUMBER_ID,AUTHORIZED_PAY_MASS) values ('B0000804','2601129', '测B07128', 4, 261129, 0, '2',15);

insert into T_SIMINFO (SIM_ID, ORG_CODE, DEPTCODE, STATE,PAY_MODLE, SIM_NUM) values(27130, 'B0000804', '中国移动', 1, '预付费', 13100007129);
insert into T_TERMINALINFO (TERMINAL_ID,TTYPE_ID,SIM_ID,TERMINAL_CODE,ORG_CODE,IS_VIDEO_TERMINAL,SP_SERVER_NAME,PROTOCOL_TYPE,CHANNELS,YT_PROTOCOL_TYPE) values(261130, 4, 27130, '1007129', 'B0000804',1,'1076测试服务器','4',8,'0');
insert into V_VEHICLEINFO (ORG_CODE,VEHICLE_ID,ID_NUMBER,TYPE_ID,TERMINAL_ID,DELETE_FLAG,COLOR_ID_NUMBER_ID,AUTHORIZED_PAY_MASS) values ('B0000804','2601130', '测B07129', 4, 261130, 0, '2',15);

insert into T_SIMINFO (SIM_ID, ORG_CODE, DEPTCODE, STATE,PAY_MODLE, SIM_NUM) values(27131, 'B0000804', '中国移动', 1, '预付费', 13100007130);
insert into T_TERMINALINFO (TERMINAL_ID,TTYPE_ID,SIM_ID,TERMINAL_CODE,ORG_CODE,IS_VIDEO_TERMINAL,SP_SERVER_NAME,PROTOCOL_TYPE,CHANNELS,YT_PROTOCOL_TYPE) values(261131, 4, 27131, '1007130', 'B0000804',1,'1076测试服务器','4',8,'0');
insert into V_VEHICLEINFO (ORG_CODE,VEHICLE_ID,ID_NUMBER,TYPE_ID,TERMINAL_ID,DELETE_FLAG,COLOR_ID_NUMBER_ID,AUTHORIZED_PAY_MASS) values ('B0000804','2601131', '测B07130', 4, 261131, 0, '2',15);

insert into T_SIMINFO (SIM_ID, ORG_CODE, DEPTCODE, STATE,PAY_MODLE, SIM_NUM) values(27132, 'B0000804', '中国移动', 1, '预付费', 13100007131);
insert into T_TERMINALINFO (TERMINAL_ID,TTYPE_ID,SIM_ID,TERMINAL_CODE,ORG_CODE,IS_VIDEO_TERMINAL,SP_SERVER_NAME,PROTOCOL_TYPE,CHANNELS,YT_PROTOCOL_TYPE) values(261132, 4, 27132, '1007131', 'B0000804',1,'1076测试服务器','4',8,'0');
insert into V_VEHICLEINFO (ORG_CODE,VEHICLE_ID,ID_NUMBER,TYPE_ID,TERMINAL_ID,DELETE_FLAG,COLOR_ID_NUMBER_ID,AUTHORIZED_PAY_MASS) values ('B0000804','2601132', '测B07131', 4, 261132, 0, '2',15);

insert into T_SIMINFO (SIM_ID, ORG_CODE, DEPTCODE, STATE,PAY_MODLE, SIM_NUM) values(27133, 'B0000804', '中国移动', 1, '预付费', 13100007132);
insert into T_TERMINALINFO (TERMINAL_ID,TTYPE_ID,SIM_ID,TERMINAL_CODE,ORG_CODE,IS_VIDEO_TERMINAL,SP_SERVER_NAME,PROTOCOL_TYPE,CHANNELS,YT_PROTOCOL_TYPE) values(261133, 4, 27133, '1007132', 'B0000804',1,'1076测试服务器','4',8,'0');
insert into V_VEHICLEINFO (ORG_CODE,VEHICLE_ID,ID_NUMBER,TYPE_ID,TERMINAL_ID,DELETE_FLAG,COLOR_ID_NUMBER_ID,AUTHORIZED_PAY_MASS) values ('B0000804','2601133', '测B07132', 4, 261133, 0, '2',15);

insert into T_SIMINFO (SIM_ID, ORG_CODE, DEPTCODE, STATE,PAY_MODLE, SIM_NUM) values(27134, 'B0000804', '中国移动', 1, '预付费', 13100007133);
insert into T_TERMINALINFO (TERMINAL_ID,TTYPE_ID,SIM_ID,TERMINAL_CODE,ORG_CODE,IS_VIDEO_TERMINAL,SP_SERVER_NAME,PROTOCOL_TYPE,CHANNELS,YT_PROTOCOL_TYPE) values(261134, 4, 27134, '1007133', 'B0000804',1,'1076测试服务器','4',8,'0');
insert into V_VEHICLEINFO (ORG_CODE,VEHICLE_ID,ID_NUMBER,TYPE_ID,TERMINAL_ID,DELETE_FLAG,COLOR_ID_NUMBER_ID,AUTHORIZED_PAY_MASS) values ('B0000804','2601134', '测B07133', 4, 261134, 0, '2',15);

insert into T_SIMINFO (SIM_ID, ORG_CODE, DEPTCODE, STATE,PAY_MODLE, SIM_NUM) values(27135, 'B0000804', '中国移动', 1, '预付费', 13100007134);
insert into T_TERMINALINFO (TERMINAL_ID,TTYPE_ID,SIM_ID,TERMINAL_CODE,ORG_CODE,IS_VIDEO_TERMINAL,SP_SERVER_NAME,PROTOCOL_TYPE,CHANNELS,YT_PROTOCOL_TYPE) values(261135, 4, 27135, '1007134', 'B0000804',1,'1076测试服务器','4',8,'0');
insert into V_VEHICLEINFO (ORG_CODE,VEHICLE_ID,ID_NUMBER,TYPE_ID,TERMINAL_ID,DELETE_FLAG,COLOR_ID_NUMBER_ID,AUTHORIZED_PAY_MASS) values ('B0000804','2601135', '测B07134', 4, 261135, 0, '2',15);

insert into T_SIMINFO (SIM_ID, ORG_CODE, DEPTCODE, STATE,PAY_MODLE, SIM_NUM) values(27136, 'B0000804', '中国移动', 1, '预付费', 13100007135);
insert into T_TERMINALINFO (TERMINAL_ID,TTYPE_ID,SIM_ID,TERMINAL_CODE,ORG_CODE,IS_VIDEO_TERMINAL,SP_SERVER_NAME,PROTOCOL_TYPE,CHANNELS,YT_PROTOCOL_TYPE) values(261136, 4, 27136, '1007135', 'B0000804',1,'1076测试服务器','4',8,'0');
insert into V_VEHICLEINFO (ORG_CODE,VEHICLE_ID,ID_NUMBER,TYPE_ID,TERMINAL_ID,DELETE_FLAG,COLOR_ID_NUMBER_ID,AUTHORIZED_PAY_MASS) values ('B0000804','2601136', '测B07135', 4, 261136, 0, '2',15);

insert into T_SIMINFO (SIM_ID, ORG_CODE, DEPTCODE, STATE,PAY_MODLE, SIM_NUM) values(27137, 'B0000804', '中国移动', 1, '预付费', 13100007136);
insert into T_TERMINALINFO (TERMINAL_ID,TTYPE_ID,SIM_ID,TERMINAL_CODE,ORG_CODE,IS_VIDEO_TERMINAL,SP_SERVER_NAME,PROTOCOL_TYPE,CHANNELS,YT_PROTOCOL_TYPE) values(261137, 4, 27137, '1007136', 'B0000804',1,'1076测试服务器','4',8,'0');
insert into V_VEHICLEINFO (ORG_CODE,VEHICLE_ID,ID_NUMBER,TYPE_ID,TERMINAL_ID,DELETE_FLAG,COLOR_ID_NUMBER_ID,AUTHORIZED_PAY_MASS) values ('B0000804','2601137', '测B07136', 4, 261137, 0, '2',15);

insert into T_SIMINFO (SIM_ID, ORG_CODE, DEPTCODE, STATE,PAY_MODLE, SIM_NUM) values(27138, 'B0000804', '中国移动', 1, '预付费', 13100007137);
insert into T_TERMINALINFO (TERMINAL_ID,TTYPE_ID,SIM_ID,TERMINAL_CODE,ORG_CODE,IS_VIDEO_TERMINAL,SP_SERVER_NAME,PROTOCOL_TYPE,CHANNELS,YT_PROTOCOL_TYPE) values(261138, 4, 27138, '1007137', 'B0000804',1,'1076测试服务器','4',8,'0');
insert into V_VEHICLEINFO (ORG_CODE,VEHICLE_ID,ID_NUMBER,TYPE_ID,TERMINAL_ID,DELETE_FLAG,COLOR_ID_NUMBER_ID,AUTHORIZED_PAY_MASS) values ('B0000804','2601138', '测B07137', 4, 261138, 0, '2',15);

insert into T_SIMINFO (SIM_ID, ORG_CODE, DEPTCODE, STATE,PAY_MODLE, SIM_NUM) values(27139, 'B0000804', '中国移动', 1, '预付费', 13100007138);
insert into T_TERMINALINFO (TERMINAL_ID,TTYPE_ID,SIM_ID,TERMINAL_CODE,ORG_CODE,IS_VIDEO_TERMINAL,SP_SERVER_NAME,PROTOCOL_TYPE,CHANNELS,YT_PROTOCOL_TYPE) values(261139, 4, 27139, '1007138', 'B0000804',1,'1076测试服务器','4',8,'0');
insert into V_VEHICLEINFO (ORG_CODE,VEHICLE_ID,ID_NUMBER,TYPE_ID,TERMINAL_ID,DELETE_FLAG,COLOR_ID_NUMBER_ID,AUTHORIZED_PAY_MASS) values ('B0000804','2601139', '测B07138', 4, 261139, 0, '2',15);

insert into T_SIMINFO (SIM_ID, ORG_CODE, DEPTCODE, STATE,PAY_MODLE, SIM_NUM) values(27140, 'B0000804', '中国移动', 1, '预付费', 13100007139);
insert into T_TERMINALINFO (TERMINAL_ID,TTYPE_ID,SIM_ID,TERMINAL_CODE,ORG_CODE,IS_VIDEO_TERMINAL,SP_SERVER_NAME,PROTOCOL_TYPE,CHANNELS,YT_PROTOCOL_TYPE) values(261140, 4, 27140, '1007139', 'B0000804',1,'1076测试服务器','4',8,'0');
insert into V_VEHICLEINFO (ORG_CODE,VEHICLE_ID,ID_NUMBER,TYPE_ID,TERMINAL_ID,DELETE_FLAG,COLOR_ID_NUMBER_ID,AUTHORIZED_PAY_MASS) values ('B0000804','2601140', '测B07139', 4, 261140, 0, '2',15);

insert into T_SIMINFO (SIM_ID, ORG_CODE, DEPTCODE, STATE,PAY_MODLE, SIM_NUM) values(27141, 'B0000804', '中国移动', 1, '预付费', 13100007140);
insert into T_TERMINALINFO (TERMINAL_ID,TTYPE_ID,SIM_ID,TERMINAL_CODE,ORG_CODE,IS_VIDEO_TERMINAL,SP_SERVER_NAME,PROTOCOL_TYPE,CHANNELS,YT_PROTOCOL_TYPE) values(261141, 4, 27141, '1007140', 'B0000804',1,'1076测试服务器','4',8,'0');
insert into V_VEHICLEINFO (ORG_CODE,VEHICLE_ID,ID_NUMBER,TYPE_ID,TERMINAL_ID,DELETE_FLAG,COLOR_ID_NUMBER_ID,AUTHORIZED_PAY_MASS) values ('B0000804','2601141', '测B07140', 4, 261141, 0, '2',15);

insert into T_SIMINFO (SIM_ID, ORG_CODE, DEPTCODE, STATE,PAY_MODLE, SIM_NUM) values(27142, 'B0000804', '中国移动', 1, '预付费', 13100007141);
insert into T_TERMINALINFO (TERMINAL_ID,TTYPE_ID,SIM_ID,TERMINAL_CODE,ORG_CODE,IS_VIDEO_TERMINAL,SP_SERVER_NAME,PROTOCOL_TYPE,CHANNELS,YT_PROTOCOL_TYPE) values(261142, 4, 27142, '1007141', 'B0000804',1,'1076测试服务器','4',8,'0');
insert into V_VEHICLEINFO (ORG_CODE,VEHICLE_ID,ID_NUMBER,TYPE_ID,TERMINAL_ID,DELETE_FLAG,COLOR_ID_NUMBER_ID,AUTHORIZED_PAY_MASS) values ('B0000804','2601142', '测B07141', 4, 261142, 0, '2',15);

insert into T_SIMINFO (SIM_ID, ORG_CODE, DEPTCODE, STATE,PAY_MODLE, SIM_NUM) values(27143, 'B0000804', '中国移动', 1, '预付费', 13100007142);
insert into T_TERMINALINFO (TERMINAL_ID,TTYPE_ID,SIM_ID,TERMINAL_CODE,ORG_CODE,IS_VIDEO_TERMINAL,SP_SERVER_NAME,PROTOCOL_TYPE,CHANNELS,YT_PROTOCOL_TYPE) values(261143, 4, 27143, '1007142', 'B0000804',1,'1076测试服务器','4',8,'0');
insert into V_VEHICLEINFO (ORG_CODE,VEHICLE_ID,ID_NUMBER,TYPE_ID,TERMINAL_ID,DELETE_FLAG,COLOR_ID_NUMBER_ID,AUTHORIZED_PAY_MASS) values ('B0000804','2601143', '测B07142', 4, 261143, 0, '2',15);

insert into T_SIMINFO (SIM_ID, ORG_CODE, DEPTCODE, STATE,PAY_MODLE, SIM_NUM) values(27144, 'B0000804', '中国移动', 1, '预付费', 13100007143);
insert into T_TERMINALINFO (TERMINAL_ID,TTYPE_ID,SIM_ID,TERMINAL_CODE,ORG_CODE,IS_VIDEO_TERMINAL,SP_SERVER_NAME,PROTOCOL_TYPE,CHANNELS,YT_PROTOCOL_TYPE) values(261144, 4, 27144, '1007143', 'B0000804',1,'1076测试服务器','4',8,'0');
insert into V_VEHICLEINFO (ORG_CODE,VEHICLE_ID,ID_NUMBER,TYPE_ID,TERMINAL_ID,DELETE_FLAG,COLOR_ID_NUMBER_ID,AUTHORIZED_PAY_MASS) values ('B0000804','2601144', '测B07143', 4, 261144, 0, '2',15);

insert into T_SIMINFO (SIM_ID, ORG_CODE, DEPTCODE, STATE,PAY_MODLE, SIM_NUM) values(27145, 'B0000804', '中国移动', 1, '预付费', 13100007144);
insert into T_TERMINALINFO (TERMINAL_ID,TTYPE_ID,SIM_ID,TERMINAL_CODE,ORG_CODE,IS_VIDEO_TERMINAL,SP_SERVER_NAME,PROTOCOL_TYPE,CHANNELS,YT_PROTOCOL_TYPE) values(261145, 4, 27145, '1007144', 'B0000804',1,'1076测试服务器','4',8,'0');
insert into V_VEHICLEINFO (ORG_CODE,VEHICLE_ID,ID_NUMBER,TYPE_ID,TERMINAL_ID,DELETE_FLAG,COLOR_ID_NUMBER_ID,AUTHORIZED_PAY_MASS) values ('B0000804','2601145', '测B07144', 4, 261145, 0, '2',15);

insert into T_SIMINFO (SIM_ID, ORG_CODE, DEPTCODE, STATE,PAY_MODLE, SIM_NUM) values(27146, 'B0000804', '中国移动', 1, '预付费', 13100007145);
insert into T_TERMINALINFO (TERMINAL_ID,TTYPE_ID,SIM_ID,TERMINAL_CODE,ORG_CODE,IS_VIDEO_TERMINAL,SP_SERVER_NAME,PROTOCOL_TYPE,CHANNELS,YT_PROTOCOL_TYPE) values(261146, 4, 27146, '1007145', 'B0000804',1,'1076测试服务器','4',8,'0');
insert into V_VEHICLEINFO (ORG_CODE,VEHICLE_ID,ID_NUMBER,TYPE_ID,TERMINAL_ID,DELETE_FLAG,COLOR_ID_NUMBER_ID,AUTHORIZED_PAY_MASS) values ('B0000804','2601146', '测B07145', 4, 261146, 0, '2',15);

insert into T_SIMINFO (SIM_ID, ORG_CODE, DEPTCODE, STATE,PAY_MODLE, SIM_NUM) values(27147, 'B0000804', '中国移动', 1, '预付费', 13100007146);
insert into T_TERMINALINFO (TERMINAL_ID,TTYPE_ID,SIM_ID,TERMINAL_CODE,ORG_CODE,IS_VIDEO_TERMINAL,SP_SERVER_NAME,PROTOCOL_TYPE,CHANNELS,YT_PROTOCOL_TYPE) values(261147, 4, 27147, '1007146', 'B0000804',1,'1076测试服务器','4',8,'0');
insert into V_VEHICLEINFO (ORG_CODE,VEHICLE_ID,ID_NUMBER,TYPE_ID,TERMINAL_ID,DELETE_FLAG,COLOR_ID_NUMBER_ID,AUTHORIZED_PAY_MASS) values ('B0000804','2601147', '测B07146', 4, 261147, 0, '2',15);

insert into T_SIMINFO (SIM_ID, ORG_CODE, DEPTCODE, STATE,PAY_MODLE, SIM_NUM) values(27148, 'B0000804', '中国移动', 1, '预付费', 13100007147);
insert into T_TERMINALINFO (TERMINAL_ID,TTYPE_ID,SIM_ID,TERMINAL_CODE,ORG_CODE,IS_VIDEO_TERMINAL,SP_SERVER_NAME,PROTOCOL_TYPE,CHANNELS,YT_PROTOCOL_TYPE) values(261148, 4, 27148, '1007147', 'B0000804',1,'1076测试服务器','4',8,'0');
insert into V_VEHICLEINFO (ORG_CODE,VEHICLE_ID,ID_NUMBER,TYPE_ID,TERMINAL_ID,DELETE_FLAG,COLOR_ID_NUMBER_ID,AUTHORIZED_PAY_MASS) values ('B0000804','2601148', '测B07147', 4, 261148, 0, '2',15);

insert into T_SIMINFO (SIM_ID, ORG_CODE, DEPTCODE, STATE,PAY_MODLE, SIM_NUM) values(27149, 'B0000804', '中国移动', 1, '预付费', 13100007148);
insert into T_TERMINALINFO (TERMINAL_ID,TTYPE_ID,SIM_ID,TERMINAL_CODE,ORG_CODE,IS_VIDEO_TERMINAL,SP_SERVER_NAME,PROTOCOL_TYPE,CHANNELS,YT_PROTOCOL_TYPE) values(261149, 4, 27149, '1007148', 'B0000804',1,'1076测试服务器','4',8,'0');
insert into V_VEHICLEINFO (ORG_CODE,VEHICLE_ID,ID_NUMBER,TYPE_ID,TERMINAL_ID,DELETE_FLAG,COLOR_ID_NUMBER_ID,AUTHORIZED_PAY_MASS) values ('B0000804','2601149', '测B07148', 4, 261149, 0, '2',15);

insert into T_SIMINFO (SIM_ID, ORG_CODE, DEPTCODE, STATE,PAY_MODLE, SIM_NUM) values(27150, 'B0000804', '中国移动', 1, '预付费', 13100007149);
insert into T_TERMINALINFO (TERMINAL_ID,TTYPE_ID,SIM_ID,TERMINAL_CODE,ORG_CODE,IS_VIDEO_TERMINAL,SP_SERVER_NAME,PROTOCOL_TYPE,CHANNELS,YT_PROTOCOL_TYPE) values(261150, 4, 27150, '1007149', 'B0000804',1,'1076测试服务器','4',8,'0');
insert into V_VEHICLEINFO (ORG_CODE,VEHICLE_ID,ID_NUMBER,TYPE_ID,TERMINAL_ID,DELETE_FLAG,COLOR_ID_NUMBER_ID,AUTHORIZED_PAY_MASS) values ('B0000804','2601150', '测B07149', 4, 261150, 0, '2',15);

insert into T_SIMINFO (SIM_ID, ORG_CODE, DEPTCODE, STATE,PAY_MODLE, SIM_NUM) values(27151, 'B0000804', '中国移动', 1, '预付费', 13100007150);
insert into T_TERMINALINFO (TERMINAL_ID,TTYPE_ID,SIM_ID,TERMINAL_CODE,ORG_CODE,IS_VIDEO_TERMINAL,SP_SERVER_NAME,PROTOCOL_TYPE,CHANNELS,YT_PROTOCOL_TYPE) values(261151, 4, 27151, '1007150', 'B0000804',1,'1076测试服务器','4',8,'0');
insert into V_VEHICLEINFO (ORG_CODE,VEHICLE_ID,ID_NUMBER,TYPE_ID,TERMINAL_ID,DELETE_FLAG,COLOR_ID_NUMBER_ID,AUTHORIZED_PAY_MASS) values ('B0000804','2601151', '测B07150', 4, 261151, 0, '2',15);

insert into T_SIMINFO (SIM_ID, ORG_CODE, DEPTCODE, STATE,PAY_MODLE, SIM_NUM) values(27152, 'B0000804', '中国移动', 1, '预付费', 13100007151);
insert into T_TERMINALINFO (TERMINAL_ID,TTYPE_ID,SIM_ID,TERMINAL_CODE,ORG_CODE,IS_VIDEO_TERMINAL,SP_SERVER_NAME,PROTOCOL_TYPE,CHANNELS,YT_PROTOCOL_TYPE) values(261152, 4, 27152, '1007151', 'B0000804',1,'1076测试服务器','4',8,'0');
insert into V_VEHICLEINFO (ORG_CODE,VEHICLE_ID,ID_NUMBER,TYPE_ID,TERMINAL_ID,DELETE_FLAG,COLOR_ID_NUMBER_ID,AUTHORIZED_PAY_MASS) values ('B0000804','2601152', '测B07151', 4, 261152, 0, '2',15);

insert into T_SIMINFO (SIM_ID, ORG_CODE, DEPTCODE, STATE,PAY_MODLE, SIM_NUM) values(27153, 'B0000804', '中国移动', 1, '预付费', 13100007152);
insert into T_TERMINALINFO (TERMINAL_ID,TTYPE_ID,SIM_ID,TERMINAL_CODE,ORG_CODE,IS_VIDEO_TERMINAL,SP_SERVER_NAME,PROTOCOL_TYPE,CHANNELS,YT_PROTOCOL_TYPE) values(261153, 4, 27153, '1007152', 'B0000804',1,'1076测试服务器','4',8,'0');
insert into V_VEHICLEINFO (ORG_CODE,VEHICLE_ID,ID_NUMBER,TYPE_ID,TERMINAL_ID,DELETE_FLAG,COLOR_ID_NUMBER_ID,AUTHORIZED_PAY_MASS) values ('B0000804','2601153', '测B07152', 4, 261153, 0, '2',15);

insert into T_SIMINFO (SIM_ID, ORG_CODE, DEPTCODE, STATE,PAY_MODLE, SIM_NUM) values(27154, 'B0000804', '中国移动', 1, '预付费', 13100007153);
insert into T_TERMINALINFO (TERMINAL_ID,TTYPE_ID,SIM_ID,TERMINAL_CODE,ORG_CODE,IS_VIDEO_TERMINAL,SP_SERVER_NAME,PROTOCOL_TYPE,CHANNELS,YT_PROTOCOL_TYPE) values(261154, 4, 27154, '1007153', 'B0000804',1,'1076测试服务器','4',8,'0');
insert into V_VEHICLEINFO (ORG_CODE,VEHICLE_ID,ID_NUMBER,TYPE_ID,TERMINAL_ID,DELETE_FLAG,COLOR_ID_NUMBER_ID,AUTHORIZED_PAY_MASS) values ('B0000804','2601154', '测B07153', 4, 261154, 0, '2',15);

insert into T_SIMINFO (SIM_ID, ORG_CODE, DEPTCODE, STATE,PAY_MODLE, SIM_NUM) values(27155, 'B0000804', '中国移动', 1, '预付费', 13100007154);
insert into T_TERMINALINFO (TERMINAL_ID,TTYPE_ID,SIM_ID,TERMINAL_CODE,ORG_CODE,IS_VIDEO_TERMINAL,SP_SERVER_NAME,PROTOCOL_TYPE,CHANNELS,YT_PROTOCOL_TYPE) values(261155, 4, 27155, '1007154', 'B0000804',1,'1076测试服务器','4',8,'0');
insert into V_VEHICLEINFO (ORG_CODE,VEHICLE_ID,ID_NUMBER,TYPE_ID,TERMINAL_ID,DELETE_FLAG,COLOR_ID_NUMBER_ID,AUTHORIZED_PAY_MASS) values ('B0000804','2601155', '测B07154', 4, 261155, 0, '2',15);

insert into T_SIMINFO (SIM_ID, ORG_CODE, DEPTCODE, STATE,PAY_MODLE, SIM_NUM) values(27156, 'B0000804', '中国移动', 1, '预付费', 13100007155);
insert into T_TERMINALINFO (TERMINAL_ID,TTYPE_ID,SIM_ID,TERMINAL_CODE,ORG_CODE,IS_VIDEO_TERMINAL,SP_SERVER_NAME,PROTOCOL_TYPE,CHANNELS,YT_PROTOCOL_TYPE) values(261156, 4, 27156, '1007155', 'B0000804',1,'1076测试服务器','4',8,'0');
insert into V_VEHICLEINFO (ORG_CODE,VEHICLE_ID,ID_NUMBER,TYPE_ID,TERMINAL_ID,DELETE_FLAG,COLOR_ID_NUMBER_ID,AUTHORIZED_PAY_MASS) values ('B0000804','2601156', '测B07155', 4, 261156, 0, '2',15);

insert into T_SIMINFO (SIM_ID, ORG_CODE, DEPTCODE, STATE,PAY_MODLE, SIM_NUM) values(27157, 'B0000804', '中国移动', 1, '预付费', 13100007156);
insert into T_TERMINALINFO (TERMINAL_ID,TTYPE_ID,SIM_ID,TERMINAL_CODE,ORG_CODE,IS_VIDEO_TERMINAL,SP_SERVER_NAME,PROTOCOL_TYPE,CHANNELS,YT_PROTOCOL_TYPE) values(261157, 4, 27157, '1007156', 'B0000804',1,'1076测试服务器','4',8,'0');
insert into V_VEHICLEINFO (ORG_CODE,VEHICLE_ID,ID_NUMBER,TYPE_ID,TERMINAL_ID,DELETE_FLAG,COLOR_ID_NUMBER_ID,AUTHORIZED_PAY_MASS) values ('B0000804','2601157', '测B07156', 4, 261157, 0, '2',15);

insert into T_SIMINFO (SIM_ID, ORG_CODE, DEPTCODE, STATE,PAY_MODLE, SIM_NUM) values(27158, 'B0000804', '中国移动', 1, '预付费', 13100007157);
insert into T_TERMINALINFO (TERMINAL_ID,TTYPE_ID,SIM_ID,TERMINAL_CODE,ORG_CODE,IS_VIDEO_TERMINAL,SP_SERVER_NAME,PROTOCOL_TYPE,CHANNELS,YT_PROTOCOL_TYPE) values(261158, 4, 27158, '1007157', 'B0000804',1,'1076测试服务器','4',8,'0');
insert into V_VEHICLEINFO (ORG_CODE,VEHICLE_ID,ID_NUMBER,TYPE_ID,TERMINAL_ID,DELETE_FLAG,COLOR_ID_NUMBER_ID,AUTHORIZED_PAY_MASS) values ('B0000804','2601158', '测B07157', 4, 261158, 0, '2',15);

insert into T_SIMINFO (SIM_ID, ORG_CODE, DEPTCODE, STATE,PAY_MODLE, SIM_NUM) values(27159, 'B0000804', '中国移动', 1, '预付费', 13100007158);
insert into T_TERMINALINFO (TERMINAL_ID,TTYPE_ID,SIM_ID,TERMINAL_CODE,ORG_CODE,IS_VIDEO_TERMINAL,SP_SERVER_NAME,PROTOCOL_TYPE,CHANNELS,YT_PROTOCOL_TYPE) values(261159, 4, 27159, '1007158', 'B0000804',1,'1076测试服务器','4',8,'0');
insert into V_VEHICLEINFO (ORG_CODE,VEHICLE_ID,ID_NUMBER,TYPE_ID,TERMINAL_ID,DELETE_FLAG,COLOR_ID_NUMBER_ID,AUTHORIZED_PAY_MASS) values ('B0000804','2601159', '测B07158', 4, 261159, 0, '2',15);

insert into T_SIMINFO (SIM_ID, ORG_CODE, DEPTCODE, STATE,PAY_MODLE, SIM_NUM) values(27160, 'B0000804', '中国移动', 1, '预付费', 13100007159);
insert into T_TERMINALINFO (TERMINAL_ID,TTYPE_ID,SIM_ID,TERMINAL_CODE,ORG_CODE,IS_VIDEO_TERMINAL,SP_SERVER_NAME,PROTOCOL_TYPE,CHANNELS,YT_PROTOCOL_TYPE) values(261160, 4, 27160, '1007159', 'B0000804',1,'1076测试服务器','4',8,'0');
insert into V_VEHICLEINFO (ORG_CODE,VEHICLE_ID,ID_NUMBER,TYPE_ID,TERMINAL_ID,DELETE_FLAG,COLOR_ID_NUMBER_ID,AUTHORIZED_PAY_MASS) values ('B0000804','2601160', '测B07159', 4, 261160, 0, '2',15);

insert into T_SIMINFO (SIM_ID, ORG_CODE, DEPTCODE, STATE,PAY_MODLE, SIM_NUM) values(27161, 'B0000804', '中国移动', 1, '预付费', 13100007160);
insert into T_TERMINALINFO (TERMINAL_ID,TTYPE_ID,SIM_ID,TERMINAL_CODE,ORG_CODE,IS_VIDEO_TERMINAL,SP_SERVER_NAME,PROTOCOL_TYPE,CHANNELS,YT_PROTOCOL_TYPE) values(261161, 4, 27161, '1007160', 'B0000804',1,'1076测试服务器','4',8,'0');
insert into V_VEHICLEINFO (ORG_CODE,VEHICLE_ID,ID_NUMBER,TYPE_ID,TERMINAL_ID,DELETE_FLAG,COLOR_ID_NUMBER_ID,AUTHORIZED_PAY_MASS) values ('B0000804','2601161', '测B07160', 4, 261161, 0, '2',15);

insert into T_SIMINFO (SIM_ID, ORG_CODE, DEPTCODE, STATE,PAY_MODLE, SIM_NUM) values(27162, 'B0000804', '中国移动', 1, '预付费', 13100007161);
insert into T_TERMINALINFO (TERMINAL_ID,TTYPE_ID,SIM_ID,TERMINAL_CODE,ORG_CODE,IS_VIDEO_TERMINAL,SP_SERVER_NAME,PROTOCOL_TYPE,CHANNELS,YT_PROTOCOL_TYPE) values(261162, 4, 27162, '1007161', 'B0000804',1,'1076测试服务器','4',8,'0');
insert into V_VEHICLEINFO (ORG_CODE,VEHICLE_ID,ID_NUMBER,TYPE_ID,TERMINAL_ID,DELETE_FLAG,COLOR_ID_NUMBER_ID,AUTHORIZED_PAY_MASS) values ('B0000804','2601162', '测B07161', 4, 261162, 0, '2',15);

insert into T_SIMINFO (SIM_ID, ORG_CODE, DEPTCODE, STATE,PAY_MODLE, SIM_NUM) values(27163, 'B0000804', '中国移动', 1, '预付费', 13100007162);
insert into T_TERMINALINFO (TERMINAL_ID,TTYPE_ID,SIM_ID,TERMINAL_CODE,ORG_CODE,IS_VIDEO_TERMINAL,SP_SERVER_NAME,PROTOCOL_TYPE,CHANNELS,YT_PROTOCOL_TYPE) values(261163, 4, 27163, '1007162', 'B0000804',1,'1076测试服务器','4',8,'0');
insert into V_VEHICLEINFO (ORG_CODE,VEHICLE_ID,ID_NUMBER,TYPE_ID,TERMINAL_ID,DELETE_FLAG,COLOR_ID_NUMBER_ID,AUTHORIZED_PAY_MASS) values ('B0000804','2601163', '测B07162', 4, 261163, 0, '2',15);

insert into T_SIMINFO (SIM_ID, ORG_CODE, DEPTCODE, STATE,PAY_MODLE, SIM_NUM) values(27164, 'B0000804', '中国移动', 1, '预付费', 13100007163);
insert into T_TERMINALINFO (TERMINAL_ID,TTYPE_ID,SIM_ID,TERMINAL_CODE,ORG_CODE,IS_VIDEO_TERMINAL,SP_SERVER_NAME,PROTOCOL_TYPE,CHANNELS,YT_PROTOCOL_TYPE) values(261164, 4, 27164, '1007163', 'B0000804',1,'1076测试服务器','4',8,'0');
insert into V_VEHICLEINFO (ORG_CODE,VEHICLE_ID,ID_NUMBER,TYPE_ID,TERMINAL_ID,DELETE_FLAG,COLOR_ID_NUMBER_ID,AUTHORIZED_PAY_MASS) values ('B0000804','2601164', '测B07163', 4, 261164, 0, '2',15);

insert into T_SIMINFO (SIM_ID, ORG_CODE, DEPTCODE, STATE,PAY_MODLE, SIM_NUM) values(27165, 'B0000804', '中国移动', 1, '预付费', 13100007164);
insert into T_TERMINALINFO (TERMINAL_ID,TTYPE_ID,SIM_ID,TERMINAL_CODE,ORG_CODE,IS_VIDEO_TERMINAL,SP_SERVER_NAME,PROTOCOL_TYPE,CHANNELS,YT_PROTOCOL_TYPE) values(261165, 4, 27165, '1007164', 'B0000804',1,'1076测试服务器','4',8,'0');
insert into V_VEHICLEINFO (ORG_CODE,VEHICLE_ID,ID_NUMBER,TYPE_ID,TERMINAL_ID,DELETE_FLAG,COLOR_ID_NUMBER_ID,AUTHORIZED_PAY_MASS) values ('B0000804','2601165', '测B07164', 4, 261165, 0, '2',15);

insert into T_SIMINFO (SIM_ID, ORG_CODE, DEPTCODE, STATE,PAY_MODLE, SIM_NUM) values(27166, 'B0000804', '中国移动', 1, '预付费', 13100007165);
insert into T_TERMINALINFO (TERMINAL_ID,TTYPE_ID,SIM_ID,TERMINAL_CODE,ORG_CODE,IS_VIDEO_TERMINAL,SP_SERVER_NAME,PROTOCOL_TYPE,CHANNELS,YT_PROTOCOL_TYPE) values(261166, 4, 27166, '1007165', 'B0000804',1,'1076测试服务器','4',8,'0');
insert into V_VEHICLEINFO (ORG_CODE,VEHICLE_ID,ID_NUMBER,TYPE_ID,TERMINAL_ID,DELETE_FLAG,COLOR_ID_NUMBER_ID,AUTHORIZED_PAY_MASS) values ('B0000804','2601166', '测B07165', 4, 261166, 0, '2',15);

insert into T_SIMINFO (SIM_ID, ORG_CODE, DEPTCODE, STATE,PAY_MODLE, SIM_NUM) values(27167, 'B0000804', '中国移动', 1, '预付费', 13100007166);
insert into T_TERMINALINFO (TERMINAL_ID,TTYPE_ID,SIM_ID,TERMINAL_CODE,ORG_CODE,IS_VIDEO_TERMINAL,SP_SERVER_NAME,PROTOCOL_TYPE,CHANNELS,YT_PROTOCOL_TYPE) values(261167, 4, 27167, '1007166', 'B0000804',1,'1076测试服务器','4',8,'0');
insert into V_VEHICLEINFO (ORG_CODE,VEHICLE_ID,ID_NUMBER,TYPE_ID,TERMINAL_ID,DELETE_FLAG,COLOR_ID_NUMBER_ID,AUTHORIZED_PAY_MASS) values ('B0000804','2601167', '测B07166', 4, 261167, 0, '2',15);

insert into T_SIMINFO (SIM_ID, ORG_CODE, DEPTCODE, STATE,PAY_MODLE, SIM_NUM) values(27168, 'B0000804', '中国移动', 1, '预付费', 13100007167);
insert into T_TERMINALINFO (TERMINAL_ID,TTYPE_ID,SIM_ID,TERMINAL_CODE,ORG_CODE,IS_VIDEO_TERMINAL,SP_SERVER_NAME,PROTOCOL_TYPE,CHANNELS,YT_PROTOCOL_TYPE) values(261168, 4, 27168, '1007167', 'B0000804',1,'1076测试服务器','4',8,'0');
insert into V_VEHICLEINFO (ORG_CODE,VEHICLE_ID,ID_NUMBER,TYPE_ID,TERMINAL_ID,DELETE_FLAG,COLOR_ID_NUMBER_ID,AUTHORIZED_PAY_MASS) values ('B0000804','2601168', '测B07167', 4, 261168, 0, '2',15);

insert into T_SIMINFO (SIM_ID, ORG_CODE, DEPTCODE, STATE,PAY_MODLE, SIM_NUM) values(27169, 'B0000804', '中国移动', 1, '预付费', 13100007168);
insert into T_TERMINALINFO (TERMINAL_ID,TTYPE_ID,SIM_ID,TERMINAL_CODE,ORG_CODE,IS_VIDEO_TERMINAL,SP_SERVER_NAME,PROTOCOL_TYPE,CHANNELS,YT_PROTOCOL_TYPE) values(261169, 4, 27169, '1007168', 'B0000804',1,'1076测试服务器','4',8,'0');
insert into V_VEHICLEINFO (ORG_CODE,VEHICLE_ID,ID_NUMBER,TYPE_ID,TERMINAL_ID,DELETE_FLAG,COLOR_ID_NUMBER_ID,AUTHORIZED_PAY_MASS) values ('B0000804','2601169', '测B07168', 4, 261169, 0, '2',15);

insert into T_SIMINFO (SIM_ID, ORG_CODE, DEPTCODE, STATE,PAY_MODLE, SIM_NUM) values(27170, 'B0000804', '中国移动', 1, '预付费', 13100007169);
insert into T_TERMINALINFO (TERMINAL_ID,TTYPE_ID,SIM_ID,TERMINAL_CODE,ORG_CODE,IS_VIDEO_TERMINAL,SP_SERVER_NAME,PROTOCOL_TYPE,CHANNELS,YT_PROTOCOL_TYPE) values(261170, 4, 27170, '1007169', 'B0000804',1,'1076测试服务器','4',8,'0');
insert into V_VEHICLEINFO (ORG_CODE,VEHICLE_ID,ID_NUMBER,TYPE_ID,TERMINAL_ID,DELETE_FLAG,COLOR_ID_NUMBER_ID,AUTHORIZED_PAY_MASS) values ('B0000804','2601170', '测B07169', 4, 261170, 0, '2',15);

insert into T_SIMINFO (SIM_ID, ORG_CODE, DEPTCODE, STATE,PAY_MODLE, SIM_NUM) values(27171, 'B0000804', '中国移动', 1, '预付费', 13100007170);
insert into T_TERMINALINFO (TERMINAL_ID,TTYPE_ID,SIM_ID,TERMINAL_CODE,ORG_CODE,IS_VIDEO_TERMINAL,SP_SERVER_NAME,PROTOCOL_TYPE,CHANNELS,YT_PROTOCOL_TYPE) values(261171, 4, 27171, '1007170', 'B0000804',1,'1076测试服务器','4',8,'0');
insert into V_VEHICLEINFO (ORG_CODE,VEHICLE_ID,ID_NUMBER,TYPE_ID,TERMINAL_ID,DELETE_FLAG,COLOR_ID_NUMBER_ID,AUTHORIZED_PAY_MASS) values ('B0000804','2601171', '测B07170', 4, 261171, 0, '2',15);

insert into T_SIMINFO (SIM_ID, ORG_CODE, DEPTCODE, STATE,PAY_MODLE, SIM_NUM) values(27172, 'B0000804', '中国移动', 1, '预付费', 13100007171);
insert into T_TERMINALINFO (TERMINAL_ID,TTYPE_ID,SIM_ID,TERMINAL_CODE,ORG_CODE,IS_VIDEO_TERMINAL,SP_SERVER_NAME,PROTOCOL_TYPE,CHANNELS,YT_PROTOCOL_TYPE) values(261172, 4, 27172, '1007171', 'B0000804',1,'1076测试服务器','4',8,'0');
insert into V_VEHICLEINFO (ORG_CODE,VEHICLE_ID,ID_NUMBER,TYPE_ID,TERMINAL_ID,DELETE_FLAG,COLOR_ID_NUMBER_ID,AUTHORIZED_PAY_MASS) values ('B0000804','2601172', '测B07171', 4, 261172, 0, '2',15);

insert into T_SIMINFO (SIM_ID, ORG_CODE, DEPTCODE, STATE,PAY_MODLE, SIM_NUM) values(27173, 'B0000804', '中国移动', 1, '预付费', 13100007172);
insert into T_TERMINALINFO (TERMINAL_ID,TTYPE_ID,SIM_ID,TERMINAL_CODE,ORG_CODE,IS_VIDEO_TERMINAL,SP_SERVER_NAME,PROTOCOL_TYPE,CHANNELS,YT_PROTOCOL_TYPE) values(261173, 4, 27173, '1007172', 'B0000804',1,'1076测试服务器','4',8,'0');
insert into V_VEHICLEINFO (ORG_CODE,VEHICLE_ID,ID_NUMBER,TYPE_ID,TERMINAL_ID,DELETE_FLAG,COLOR_ID_NUMBER_ID,AUTHORIZED_PAY_MASS) values ('B0000804','2601173', '测B07172', 4, 261173, 0, '2',15);

insert into T_SIMINFO (SIM_ID, ORG_CODE, DEPTCODE, STATE,PAY_MODLE, SIM_NUM) values(27174, 'B0000804', '中国移动', 1, '预付费', 13100007173);
insert into T_TERMINALINFO (TERMINAL_ID,TTYPE_ID,SIM_ID,TERMINAL_CODE,ORG_CODE,IS_VIDEO_TERMINAL,SP_SERVER_NAME,PROTOCOL_TYPE,CHANNELS,YT_PROTOCOL_TYPE) values(261174, 4, 27174, '1007173', 'B0000804',1,'1076测试服务器','4',8,'0');
insert into V_VEHICLEINFO (ORG_CODE,VEHICLE_ID,ID_NUMBER,TYPE_ID,TERMINAL_ID,DELETE_FLAG,COLOR_ID_NUMBER_ID,AUTHORIZED_PAY_MASS) values ('B0000804','2601174', '测B07173', 4, 261174, 0, '2',15);

insert into T_SIMINFO (SIM_ID, ORG_CODE, DEPTCODE, STATE,PAY_MODLE, SIM_NUM) values(27175, 'B0000804', '中国移动', 1, '预付费', 13100007174);
insert into T_TERMINALINFO (TERMINAL_ID,TTYPE_ID,SIM_ID,TERMINAL_CODE,ORG_CODE,IS_VIDEO_TERMINAL,SP_SERVER_NAME,PROTOCOL_TYPE,CHANNELS,YT_PROTOCOL_TYPE) values(261175, 4, 27175, '1007174', 'B0000804',1,'1076测试服务器','4',8,'0');
insert into V_VEHICLEINFO (ORG_CODE,VEHICLE_ID,ID_NUMBER,TYPE_ID,TERMINAL_ID,DELETE_FLAG,COLOR_ID_NUMBER_ID,AUTHORIZED_PAY_MASS) values ('B0000804','2601175', '测B07174', 4, 261175, 0, '2',15);

insert into T_SIMINFO (SIM_ID, ORG_CODE, DEPTCODE, STATE,PAY_MODLE, SIM_NUM) values(27176, 'B0000804', '中国移动', 1, '预付费', 13100007175);
insert into T_TERMINALINFO (TERMINAL_ID,TTYPE_ID,SIM_ID,TERMINAL_CODE,ORG_CODE,IS_VIDEO_TERMINAL,SP_SERVER_NAME,PROTOCOL_TYPE,CHANNELS,YT_PROTOCOL_TYPE) values(261176, 4, 27176, '1007175', 'B0000804',1,'1076测试服务器','4',8,'0');
insert into V_VEHICLEINFO (ORG_CODE,VEHICLE_ID,ID_NUMBER,TYPE_ID,TERMINAL_ID,DELETE_FLAG,COLOR_ID_NUMBER_ID,AUTHORIZED_PAY_MASS) values ('B0000804','2601176', '测B07175', 4, 261176, 0, '2',15);

insert into T_SIMINFO (SIM_ID, ORG_CODE, DEPTCODE, STATE,PAY_MODLE, SIM_NUM) values(27177, 'B0000804', '中国移动', 1, '预付费', 13100007176);
insert into T_TERMINALINFO (TERMINAL_ID,TTYPE_ID,SIM_ID,TERMINAL_CODE,ORG_CODE,IS_VIDEO_TERMINAL,SP_SERVER_NAME,PROTOCOL_TYPE,CHANNELS,YT_PROTOCOL_TYPE) values(261177, 4, 27177, '1007176', 'B0000804',1,'1076测试服务器','4',8,'0');
insert into V_VEHICLEINFO (ORG_CODE,VEHICLE_ID,ID_NUMBER,TYPE_ID,TERMINAL_ID,DELETE_FLAG,COLOR_ID_NUMBER_ID,AUTHORIZED_PAY_MASS) values ('B0000804','2601177', '测B07176', 4, 261177, 0, '2',15);

insert into T_SIMINFO (SIM_ID, ORG_CODE, DEPTCODE, STATE,PAY_MODLE, SIM_NUM) values(27178, 'B0000804', '中国移动', 1, '预付费', 13100007177);
insert into T_TERMINALINFO (TERMINAL_ID,TTYPE_ID,SIM_ID,TERMINAL_CODE,ORG_CODE,IS_VIDEO_TERMINAL,SP_SERVER_NAME,PROTOCOL_TYPE,CHANNELS,YT_PROTOCOL_TYPE) values(261178, 4, 27178, '1007177', 'B0000804',1,'1076测试服务器','4',8,'0');
insert into V_VEHICLEINFO (ORG_CODE,VEHICLE_ID,ID_NUMBER,TYPE_ID,TERMINAL_ID,DELETE_FLAG,COLOR_ID_NUMBER_ID,AUTHORIZED_PAY_MASS) values ('B0000804','2601178', '测B07177', 4, 261178, 0, '2',15);

insert into T_SIMINFO (SIM_ID, ORG_CODE, DEPTCODE, STATE,PAY_MODLE, SIM_NUM) values(27179, 'B0000804', '中国移动', 1, '预付费', 13100007178);
insert into T_TERMINALINFO (TERMINAL_ID,TTYPE_ID,SIM_ID,TERMINAL_CODE,ORG_CODE,IS_VIDEO_TERMINAL,SP_SERVER_NAME,PROTOCOL_TYPE,CHANNELS,YT_PROTOCOL_TYPE) values(261179, 4, 27179, '1007178', 'B0000804',1,'1076测试服务器','4',8,'0');
insert into V_VEHICLEINFO (ORG_CODE,VEHICLE_ID,ID_NUMBER,TYPE_ID,TERMINAL_ID,DELETE_FLAG,COLOR_ID_NUMBER_ID,AUTHORIZED_PAY_MASS) values ('B0000804','2601179', '测B07178', 4, 261179, 0, '2',15);

insert into T_SIMINFO (SIM_ID, ORG_CODE, DEPTCODE, STATE,PAY_MODLE, SIM_NUM) values(27180, 'B0000804', '中国移动', 1, '预付费', 13100007179);
insert into T_TERMINALINFO (TERMINAL_ID,TTYPE_ID,SIM_ID,TERMINAL_CODE,ORG_CODE,IS_VIDEO_TERMINAL,SP_SERVER_NAME,PROTOCOL_TYPE,CHANNELS,YT_PROTOCOL_TYPE) values(261180, 4, 27180, '1007179', 'B0000804',1,'1076测试服务器','4',8,'0');
insert into V_VEHICLEINFO (ORG_CODE,VEHICLE_ID,ID_NUMBER,TYPE_ID,TERMINAL_ID,DELETE_FLAG,COLOR_ID_NUMBER_ID,AUTHORIZED_PAY_MASS) values ('B0000804','2601180', '测B07179', 4, 261180, 0, '2',15);

insert into T_SIMINFO (SIM_ID, ORG_CODE, DEPTCODE, STATE,PAY_MODLE, SIM_NUM) values(27181, 'B0000804', '中国移动', 1, '预付费', 13100007180);
insert into T_TERMINALINFO (TERMINAL_ID,TTYPE_ID,SIM_ID,TERMINAL_CODE,ORG_CODE,IS_VIDEO_TERMINAL,SP_SERVER_NAME,PROTOCOL_TYPE,CHANNELS,YT_PROTOCOL_TYPE) values(261181, 4, 27181, '1007180', 'B0000804',1,'1076测试服务器','4',8,'0');
insert into V_VEHICLEINFO (ORG_CODE,VEHICLE_ID,ID_NUMBER,TYPE_ID,TERMINAL_ID,DELETE_FLAG,COLOR_ID_NUMBER_ID,AUTHORIZED_PAY_MASS) values ('B0000804','2601181', '测B07180', 4, 261181, 0, '2',15);

insert into T_SIMINFO (SIM_ID, ORG_CODE, DEPTCODE, STATE,PAY_MODLE, SIM_NUM) values(27182, 'B0000804', '中国移动', 1, '预付费', 13100007181);
insert into T_TERMINALINFO (TERMINAL_ID,TTYPE_ID,SIM_ID,TERMINAL_CODE,ORG_CODE,IS_VIDEO_TERMINAL,SP_SERVER_NAME,PROTOCOL_TYPE,CHANNELS,YT_PROTOCOL_TYPE) values(261182, 4, 27182, '1007181', 'B0000804',1,'1076测试服务器','4',8,'0');
insert into V_VEHICLEINFO (ORG_CODE,VEHICLE_ID,ID_NUMBER,TYPE_ID,TERMINAL_ID,DELETE_FLAG,COLOR_ID_NUMBER_ID,AUTHORIZED_PAY_MASS) values ('B0000804','2601182', '测B07181', 4, 261182, 0, '2',15);

insert into T_SIMINFO (SIM_ID, ORG_CODE, DEPTCODE, STATE,PAY_MODLE, SIM_NUM) values(27183, 'B0000804', '中国移动', 1, '预付费', 13100007182);
insert into T_TERMINALINFO (TERMINAL_ID,TTYPE_ID,SIM_ID,TERMINAL_CODE,ORG_CODE,IS_VIDEO_TERMINAL,SP_SERVER_NAME,PROTOCOL_TYPE,CHANNELS,YT_PROTOCOL_TYPE) values(261183, 4, 27183, '1007182', 'B0000804',1,'1076测试服务器','4',8,'0');
insert into V_VEHICLEINFO (ORG_CODE,VEHICLE_ID,ID_NUMBER,TYPE_ID,TERMINAL_ID,DELETE_FLAG,COLOR_ID_NUMBER_ID,AUTHORIZED_PAY_MASS) values ('B0000804','2601183', '测B07182', 4, 261183, 0, '2',15);

insert into T_SIMINFO (SIM_ID, ORG_CODE, DEPTCODE, STATE,PAY_MODLE, SIM_NUM) values(27184, 'B0000804', '中国移动', 1, '预付费', 13100007183);
insert into T_TERMINALINFO (TERMINAL_ID,TTYPE_ID,SIM_ID,TERMINAL_CODE,ORG_CODE,IS_VIDEO_TERMINAL,SP_SERVER_NAME,PROTOCOL_TYPE,CHANNELS,YT_PROTOCOL_TYPE) values(261184, 4, 27184, '1007183', 'B0000804',1,'1076测试服务器','4',8,'0');
insert into V_VEHICLEINFO (ORG_CODE,VEHICLE_ID,ID_NUMBER,TYPE_ID,TERMINAL_ID,DELETE_FLAG,COLOR_ID_NUMBER_ID,AUTHORIZED_PAY_MASS) values ('B0000804','2601184', '测B07183', 4, 261184, 0, '2',15);

insert into T_SIMINFO (SIM_ID, ORG_CODE, DEPTCODE, STATE,PAY_MODLE, SIM_NUM) values(27185, 'B0000804', '中国移动', 1, '预付费', 13100007184);
insert into T_TERMINALINFO (TERMINAL_ID,TTYPE_ID,SIM_ID,TERMINAL_CODE,ORG_CODE,IS_VIDEO_TERMINAL,SP_SERVER_NAME,PROTOCOL_TYPE,CHANNELS,YT_PROTOCOL_TYPE) values(261185, 4, 27185, '1007184', 'B0000804',1,'1076测试服务器','4',8,'0');
insert into V_VEHICLEINFO (ORG_CODE,VEHICLE_ID,ID_NUMBER,TYPE_ID,TERMINAL_ID,DELETE_FLAG,COLOR_ID_NUMBER_ID,AUTHORIZED_PAY_MASS) values ('B0000804','2601185', '测B07184', 4, 261185, 0, '2',15);

insert into T_SIMINFO (SIM_ID, ORG_CODE, DEPTCODE, STATE,PAY_MODLE, SIM_NUM) values(27186, 'B0000804', '中国移动', 1, '预付费', 13100007185);
insert into T_TERMINALINFO (TERMINAL_ID,TTYPE_ID,SIM_ID,TERMINAL_CODE,ORG_CODE,IS_VIDEO_TERMINAL,SP_SERVER_NAME,PROTOCOL_TYPE,CHANNELS,YT_PROTOCOL_TYPE) values(261186, 4, 27186, '1007185', 'B0000804',1,'1076测试服务器','4',8,'0');
insert into V_VEHICLEINFO (ORG_CODE,VEHICLE_ID,ID_NUMBER,TYPE_ID,TERMINAL_ID,DELETE_FLAG,COLOR_ID_NUMBER_ID,AUTHORIZED_PAY_MASS) values ('B0000804','2601186', '测B07185', 4, 261186, 0, '2',15);

insert into T_SIMINFO (SIM_ID, ORG_CODE, DEPTCODE, STATE,PAY_MODLE, SIM_NUM) values(27187, 'B0000804', '中国移动', 1, '预付费', 13100007186);
insert into T_TERMINALINFO (TERMINAL_ID,TTYPE_ID,SIM_ID,TERMINAL_CODE,ORG_CODE,IS_VIDEO_TERMINAL,SP_SERVER_NAME,PROTOCOL_TYPE,CHANNELS,YT_PROTOCOL_TYPE) values(261187, 4, 27187, '1007186', 'B0000804',1,'1076测试服务器','4',8,'0');
insert into V_VEHICLEINFO (ORG_CODE,VEHICLE_ID,ID_NUMBER,TYPE_ID,TERMINAL_ID,DELETE_FLAG,COLOR_ID_NUMBER_ID,AUTHORIZED_PAY_MASS) values ('B0000804','2601187', '测B07186', 4, 261187, 0, '2',15);

insert into T_SIMINFO (SIM_ID, ORG_CODE, DEPTCODE, STATE,PAY_MODLE, SIM_NUM) values(27188, 'B0000804', '中国移动', 1, '预付费', 13100007187);
insert into T_TERMINALINFO (TERMINAL_ID,TTYPE_ID,SIM_ID,TERMINAL_CODE,ORG_CODE,IS_VIDEO_TERMINAL,SP_SERVER_NAME,PROTOCOL_TYPE,CHANNELS,YT_PROTOCOL_TYPE) values(261188, 4, 27188, '1007187', 'B0000804',1,'1076测试服务器','4',8,'0');
insert into V_VEHICLEINFO (ORG_CODE,VEHICLE_ID,ID_NUMBER,TYPE_ID,TERMINAL_ID,DELETE_FLAG,COLOR_ID_NUMBER_ID,AUTHORIZED_PAY_MASS) values ('B0000804','2601188', '测B07187', 4, 261188, 0, '2',15);

insert into T_SIMINFO (SIM_ID, ORG_CODE, DEPTCODE, STATE,PAY_MODLE, SIM_NUM) values(27189, 'B0000804', '中国移动', 1, '预付费', 13100007188);
insert into T_TERMINALINFO (TERMINAL_ID,TTYPE_ID,SIM_ID,TERMINAL_CODE,ORG_CODE,IS_VIDEO_TERMINAL,SP_SERVER_NAME,PROTOCOL_TYPE,CHANNELS,YT_PROTOCOL_TYPE) values(261189, 4, 27189, '1007188', 'B0000804',1,'1076测试服务器','4',8,'0');
insert into V_VEHICLEINFO (ORG_CODE,VEHICLE_ID,ID_NUMBER,TYPE_ID,TERMINAL_ID,DELETE_FLAG,COLOR_ID_NUMBER_ID,AUTHORIZED_PAY_MASS) values ('B0000804','2601189', '测B07188', 4, 261189, 0, '2',15);

insert into T_SIMINFO (SIM_ID, ORG_CODE, DEPTCODE, STATE,PAY_MODLE, SIM_NUM) values(27190, 'B0000804', '中国移动', 1, '预付费', 13100007189);
insert into T_TERMINALINFO (TERMINAL_ID,TTYPE_ID,SIM_ID,TERMINAL_CODE,ORG_CODE,IS_VIDEO_TERMINAL,SP_SERVER_NAME,PROTOCOL_TYPE,CHANNELS,YT_PROTOCOL_TYPE) values(261190, 4, 27190, '1007189', 'B0000804',1,'1076测试服务器','4',8,'0');
insert into V_VEHICLEINFO (ORG_CODE,VEHICLE_ID,ID_NUMBER,TYPE_ID,TERMINAL_ID,DELETE_FLAG,COLOR_ID_NUMBER_ID,AUTHORIZED_PAY_MASS) values ('B0000804','2601190', '测B07189', 4, 261190, 0, '2',15);

insert into T_SIMINFO (SIM_ID, ORG_CODE, DEPTCODE, STATE,PAY_MODLE, SIM_NUM) values(27191, 'B0000804', '中国移动', 1, '预付费', 13100007190);
insert into T_TERMINALINFO (TERMINAL_ID,TTYPE_ID,SIM_ID,TERMINAL_CODE,ORG_CODE,IS_VIDEO_TERMINAL,SP_SERVER_NAME,PROTOCOL_TYPE,CHANNELS,YT_PROTOCOL_TYPE) values(261191, 4, 27191, '1007190', 'B0000804',1,'1076测试服务器','4',8,'0');
insert into V_VEHICLEINFO (ORG_CODE,VEHICLE_ID,ID_NUMBER,TYPE_ID,TERMINAL_ID,DELETE_FLAG,COLOR_ID_NUMBER_ID,AUTHORIZED_PAY_MASS) values ('B0000804','2601191', '测B07190', 4, 261191, 0, '2',15);

insert into T_SIMINFO (SIM_ID, ORG_CODE, DEPTCODE, STATE,PAY_MODLE, SIM_NUM) values(27192, 'B0000804', '中国移动', 1, '预付费', 13100007191);
insert into T_TERMINALINFO (TERMINAL_ID,TTYPE_ID,SIM_ID,TERMINAL_CODE,ORG_CODE,IS_VIDEO_TERMINAL,SP_SERVER_NAME,PROTOCOL_TYPE,CHANNELS,YT_PROTOCOL_TYPE) values(261192, 4, 27192, '1007191', 'B0000804',1,'1076测试服务器','4',8,'0');
insert into V_VEHICLEINFO (ORG_CODE,VEHICLE_ID,ID_NUMBER,TYPE_ID,TERMINAL_ID,DELETE_FLAG,COLOR_ID_NUMBER_ID,AUTHORIZED_PAY_MASS) values ('B0000804','2601192', '测B07191', 4, 261192, 0, '2',15);

insert into T_SIMINFO (SIM_ID, ORG_CODE, DEPTCODE, STATE,PAY_MODLE, SIM_NUM) values(27193, 'B0000804', '中国移动', 1, '预付费', 13100007192);
insert into T_TERMINALINFO (TERMINAL_ID,TTYPE_ID,SIM_ID,TERMINAL_CODE,ORG_CODE,IS_VIDEO_TERMINAL,SP_SERVER_NAME,PROTOCOL_TYPE,CHANNELS,YT_PROTOCOL_TYPE) values(261193, 4, 27193, '1007192', 'B0000804',1,'1076测试服务器','4',8,'0');
insert into V_VEHICLEINFO (ORG_CODE,VEHICLE_ID,ID_NUMBER,TYPE_ID,TERMINAL_ID,DELETE_FLAG,COLOR_ID_NUMBER_ID,AUTHORIZED_PAY_MASS) values ('B0000804','2601193', '测B07192', 4, 261193, 0, '2',15);

insert into T_SIMINFO (SIM_ID, ORG_CODE, DEPTCODE, STATE,PAY_MODLE, SIM_NUM) values(27194, 'B0000804', '中国移动', 1, '预付费', 13100007193);
insert into T_TERMINALINFO (TERMINAL_ID,TTYPE_ID,SIM_ID,TERMINAL_CODE,ORG_CODE,IS_VIDEO_TERMINAL,SP_SERVER_NAME,PROTOCOL_TYPE,CHANNELS,YT_PROTOCOL_TYPE) values(261194, 4, 27194, '1007193', 'B0000804',1,'1076测试服务器','4',8,'0');
insert into V_VEHICLEINFO (ORG_CODE,VEHICLE_ID,ID_NUMBER,TYPE_ID,TERMINAL_ID,DELETE_FLAG,COLOR_ID_NUMBER_ID,AUTHORIZED_PAY_MASS) values ('B0000804','2601194', '测B07193', 4, 261194, 0, '2',15);

insert into T_SIMINFO (SIM_ID, ORG_CODE, DEPTCODE, STATE,PAY_MODLE, SIM_NUM) values(27195, 'B0000804', '中国移动', 1, '预付费', 13100007194);
insert into T_TERMINALINFO (TERMINAL_ID,TTYPE_ID,SIM_ID,TERMINAL_CODE,ORG_CODE,IS_VIDEO_TERMINAL,SP_SERVER_NAME,PROTOCOL_TYPE,CHANNELS,YT_PROTOCOL_TYPE) values(261195, 4, 27195, '1007194', 'B0000804',1,'1076测试服务器','4',8,'0');
insert into V_VEHICLEINFO (ORG_CODE,VEHICLE_ID,ID_NUMBER,TYPE_ID,TERMINAL_ID,DELETE_FLAG,COLOR_ID_NUMBER_ID,AUTHORIZED_PAY_MASS) values ('B0000804','2601195', '测B07194', 4, 261195, 0, '2',15);

insert into T_SIMINFO (SIM_ID, ORG_CODE, DEPTCODE, STATE,PAY_MODLE, SIM_NUM) values(27196, 'B0000804', '中国移动', 1, '预付费', 13100007195);
insert into T_TERMINALINFO (TERMINAL_ID,TTYPE_ID,SIM_ID,TERMINAL_CODE,ORG_CODE,IS_VIDEO_TERMINAL,SP_SERVER_NAME,PROTOCOL_TYPE,CHANNELS,YT_PROTOCOL_TYPE) values(261196, 4, 27196, '1007195', 'B0000804',1,'1076测试服务器','4',8,'0');
insert into V_VEHICLEINFO (ORG_CODE,VEHICLE_ID,ID_NUMBER,TYPE_ID,TERMINAL_ID,DELETE_FLAG,COLOR_ID_NUMBER_ID,AUTHORIZED_PAY_MASS) values ('B0000804','2601196', '测B07195', 4, 261196, 0, '2',15);

insert into T_SIMINFO (SIM_ID, ORG_CODE, DEPTCODE, STATE,PAY_MODLE, SIM_NUM) values(27197, 'B0000804', '中国移动', 1, '预付费', 13100007196);
insert into T_TERMINALINFO (TERMINAL_ID,TTYPE_ID,SIM_ID,TERMINAL_CODE,ORG_CODE,IS_VIDEO_TERMINAL,SP_SERVER_NAME,PROTOCOL_TYPE,CHANNELS,YT_PROTOCOL_TYPE) values(261197, 4, 27197, '1007196', 'B0000804',1,'1076测试服务器','4',8,'0');
insert into V_VEHICLEINFO (ORG_CODE,VEHICLE_ID,ID_NUMBER,TYPE_ID,TERMINAL_ID,DELETE_FLAG,COLOR_ID_NUMBER_ID,AUTHORIZED_PAY_MASS) values ('B0000804','2601197', '测B07196', 4, 261197, 0, '2',15);

insert into T_SIMINFO (SIM_ID, ORG_CODE, DEPTCODE, STATE,PAY_MODLE, SIM_NUM) values(27198, 'B0000804', '中国移动', 1, '预付费', 13100007197);
insert into T_TERMINALINFO (TERMINAL_ID,TTYPE_ID,SIM_ID,TERMINAL_CODE,ORG_CODE,IS_VIDEO_TERMINAL,SP_SERVER_NAME,PROTOCOL_TYPE,CHANNELS,YT_PROTOCOL_TYPE) values(261198, 4, 27198, '1007197', 'B0000804',1,'1076测试服务器','4',8,'0');
insert into V_VEHICLEINFO (ORG_CODE,VEHICLE_ID,ID_NUMBER,TYPE_ID,TERMINAL_ID,DELETE_FLAG,COLOR_ID_NUMBER_ID,AUTHORIZED_PAY_MASS) values ('B0000804','2601198', '测B07197', 4, 261198, 0, '2',15);

insert into T_SIMINFO (SIM_ID, ORG_CODE, DEPTCODE, STATE,PAY_MODLE, SIM_NUM) values(27199, 'B0000804', '中国移动', 1, '预付费', 13100007198);
insert into T_TERMINALINFO (TERMINAL_ID,TTYPE_ID,SIM_ID,TERMINAL_CODE,ORG_CODE,IS_VIDEO_TERMINAL,SP_SERVER_NAME,PROTOCOL_TYPE,CHANNELS,YT_PROTOCOL_TYPE) values(261199, 4, 27199, '1007198', 'B0000804',1,'1076测试服务器','4',8,'0');
insert into V_VEHICLEINFO (ORG_CODE,VEHICLE_ID,ID_NUMBER,TYPE_ID,TERMINAL_ID,DELETE_FLAG,COLOR_ID_NUMBER_ID,AUTHORIZED_PAY_MASS) values ('B0000804','2601199', '测B07198', 4, 261199, 0, '2',15);

insert into T_SIMINFO (SIM_ID, ORG_CODE, DEPTCODE, STATE,PAY_MODLE, SIM_NUM) values(27200, 'B0000804', '中国移动', 1, '预付费', 13100007199);
insert into T_TERMINALINFO (TERMINAL_ID,TTYPE_ID,SIM_ID,TERMINAL_CODE,ORG_CODE,IS_VIDEO_TERMINAL,SP_SERVER_NAME,PROTOCOL_TYPE,CHANNELS,YT_PROTOCOL_TYPE) values(261200, 4, 27200, '1007199', 'B0000804',1,'1076测试服务器','4',8,'0');
insert into V_VEHICLEINFO (ORG_CODE,VEHICLE_ID,ID_NUMBER,TYPE_ID,TERMINAL_ID,DELETE_FLAG,COLOR_ID_NUMBER_ID,AUTHORIZED_PAY_MASS) values ('B0000804','2601200', '测B07199', 4, 261200, 0, '2',15);

insert into T_SIMINFO (SIM_ID, ORG_CODE, DEPTCODE, STATE,PAY_MODLE, SIM_NUM) values(27201, 'B0000804', '中国移动', 1, '预付费', 13100007200);
insert into T_TERMINALINFO (TERMINAL_ID,TTYPE_ID,SIM_ID,TERMINAL_CODE,ORG_CODE,IS_VIDEO_TERMINAL,SP_SERVER_NAME,PROTOCOL_TYPE,CHANNELS,YT_PROTOCOL_TYPE) values(261201, 4, 27201, '1007200', 'B0000804',1,'1076测试服务器','4',8,'0');
insert into V_VEHICLEINFO (ORG_CODE,VEHICLE_ID,ID_NUMBER,TYPE_ID,TERMINAL_ID,DELETE_FLAG,COLOR_ID_NUMBER_ID,AUTHORIZED_PAY_MASS) values ('B0000804','2601201', '测B07200', 4, 261201, 0, '2',15);

insert into T_SIMINFO (SIM_ID, ORG_CODE, DEPTCODE, STATE,PAY_MODLE, SIM_NUM) values(27202, 'B0000804', '中国移动', 1, '预付费', 13100007201);
insert into T_TERMINALINFO (TERMINAL_ID,TTYPE_ID,SIM_ID,TERMINAL_CODE,ORG_CODE,IS_VIDEO_TERMINAL,SP_SERVER_NAME,PROTOCOL_TYPE,CHANNELS,YT_PROTOCOL_TYPE) values(261202, 4, 27202, '1007201', 'B0000804',1,'1076测试服务器','4',8,'0');
insert into V_VEHICLEINFO (ORG_CODE,VEHICLE_ID,ID_NUMBER,TYPE_ID,TERMINAL_ID,DELETE_FLAG,COLOR_ID_NUMBER_ID,AUTHORIZED_PAY_MASS) values ('B0000804','2601202', '测B07201', 4, 261202, 0, '2',15);

insert into T_SIMINFO (SIM_ID, ORG_CODE, DEPTCODE, STATE,PAY_MODLE, SIM_NUM) values(27203, 'B0000804', '中国移动', 1, '预付费', 13100007202);
insert into T_TERMINALINFO (TERMINAL_ID,TTYPE_ID,SIM_ID,TERMINAL_CODE,ORG_CODE,IS_VIDEO_TERMINAL,SP_SERVER_NAME,PROTOCOL_TYPE,CHANNELS,YT_PROTOCOL_TYPE) values(261203, 4, 27203, '1007202', 'B0000804',1,'1076测试服务器','4',8,'0');
insert into V_VEHICLEINFO (ORG_CODE,VEHICLE_ID,ID_NUMBER,TYPE_ID,TERMINAL_ID,DELETE_FLAG,COLOR_ID_NUMBER_ID,AUTHORIZED_PAY_MASS) values ('B0000804','2601203', '测B07202', 4, 261203, 0, '2',15);

insert into T_SIMINFO (SIM_ID, ORG_CODE, DEPTCODE, STATE,PAY_MODLE, SIM_NUM) values(27204, 'B0000804', '中国移动', 1, '预付费', 13100007203);
insert into T_TERMINALINFO (TERMINAL_ID,TTYPE_ID,SIM_ID,TERMINAL_CODE,ORG_CODE,IS_VIDEO_TERMINAL,SP_SERVER_NAME,PROTOCOL_TYPE,CHANNELS,YT_PROTOCOL_TYPE) values(261204, 4, 27204, '1007203', 'B0000804',1,'1076测试服务器','4',8,'0');
insert into V_VEHICLEINFO (ORG_CODE,VEHICLE_ID,ID_NUMBER,TYPE_ID,TERMINAL_ID,DELETE_FLAG,COLOR_ID_NUMBER_ID,AUTHORIZED_PAY_MASS) values ('B0000804','2601204', '测B07203', 4, 261204, 0, '2',15);

insert into T_SIMINFO (SIM_ID, ORG_CODE, DEPTCODE, STATE,PAY_MODLE, SIM_NUM) values(27205, 'B0000804', '中国移动', 1, '预付费', 13100007204);
insert into T_TERMINALINFO (TERMINAL_ID,TTYPE_ID,SIM_ID,TERMINAL_CODE,ORG_CODE,IS_VIDEO_TERMINAL,SP_SERVER_NAME,PROTOCOL_TYPE,CHANNELS,YT_PROTOCOL_TYPE) values(261205, 4, 27205, '1007204', 'B0000804',1,'1076测试服务器','4',8,'0');
insert into V_VEHICLEINFO (ORG_CODE,VEHICLE_ID,ID_NUMBER,TYPE_ID,TERMINAL_ID,DELETE_FLAG,COLOR_ID_NUMBER_ID,AUTHORIZED_PAY_MASS) values ('B0000804','2601205', '测B07204', 4, 261205, 0, '2',15);

insert into T_SIMINFO (SIM_ID, ORG_CODE, DEPTCODE, STATE,PAY_MODLE, SIM_NUM) values(27206, 'B0000804', '中国移动', 1, '预付费', 13100007205);
insert into T_TERMINALINFO (TERMINAL_ID,TTYPE_ID,SIM_ID,TERMINAL_CODE,ORG_CODE,IS_VIDEO_TERMINAL,SP_SERVER_NAME,PROTOCOL_TYPE,CHANNELS,YT_PROTOCOL_TYPE) values(261206, 4, 27206, '1007205', 'B0000804',1,'1076测试服务器','4',8,'0');
insert into V_VEHICLEINFO (ORG_CODE,VEHICLE_ID,ID_NUMBER,TYPE_ID,TERMINAL_ID,DELETE_FLAG,COLOR_ID_NUMBER_ID,AUTHORIZED_PAY_MASS) values ('B0000804','2601206', '测B07205', 4, 261206, 0, '2',15);

insert into T_SIMINFO (SIM_ID, ORG_CODE, DEPTCODE, STATE,PAY_MODLE, SIM_NUM) values(27207, 'B0000804', '中国移动', 1, '预付费', 13100007206);
insert into T_TERMINALINFO (TERMINAL_ID,TTYPE_ID,SIM_ID,TERMINAL_CODE,ORG_CODE,IS_VIDEO_TERMINAL,SP_SERVER_NAME,PROTOCOL_TYPE,CHANNELS,YT_PROTOCOL_TYPE) values(261207, 4, 27207, '1007206', 'B0000804',1,'1076测试服务器','4',8,'0');
insert into V_VEHICLEINFO (ORG_CODE,VEHICLE_ID,ID_NUMBER,TYPE_ID,TERMINAL_ID,DELETE_FLAG,COLOR_ID_NUMBER_ID,AUTHORIZED_PAY_MASS) values ('B0000804','2601207', '测B07206', 4, 261207, 0, '2',15);

insert into T_SIMINFO (SIM_ID, ORG_CODE, DEPTCODE, STATE,PAY_MODLE, SIM_NUM) values(27208, 'B0000804', '中国移动', 1, '预付费', 13100007207);
insert into T_TERMINALINFO (TERMINAL_ID,TTYPE_ID,SIM_ID,TERMINAL_CODE,ORG_CODE,IS_VIDEO_TERMINAL,SP_SERVER_NAME,PROTOCOL_TYPE,CHANNELS,YT_PROTOCOL_TYPE) values(261208, 4, 27208, '1007207', 'B0000804',1,'1076测试服务器','4',8,'0');
insert into V_VEHICLEINFO (ORG_CODE,VEHICLE_ID,ID_NUMBER,TYPE_ID,TERMINAL_ID,DELETE_FLAG,COLOR_ID_NUMBER_ID,AUTHORIZED_PAY_MASS) values ('B0000804','2601208', '测B07207', 4, 261208, 0, '2',15);

insert into T_SIMINFO (SIM_ID, ORG_CODE, DEPTCODE, STATE,PAY_MODLE, SIM_NUM) values(27209, 'B0000804', '中国移动', 1, '预付费', 13100007208);
insert into T_TERMINALINFO (TERMINAL_ID,TTYPE_ID,SIM_ID,TERMINAL_CODE,ORG_CODE,IS_VIDEO_TERMINAL,SP_SERVER_NAME,PROTOCOL_TYPE,CHANNELS,YT_PROTOCOL_TYPE) values(261209, 4, 27209, '1007208', 'B0000804',1,'1076测试服务器','4',8,'0');
insert into V_VEHICLEINFO (ORG_CODE,VEHICLE_ID,ID_NUMBER,TYPE_ID,TERMINAL_ID,DELETE_FLAG,COLOR_ID_NUMBER_ID,AUTHORIZED_PAY_MASS) values ('B0000804','2601209', '测B07208', 4, 261209, 0, '2',15);

insert into T_SIMINFO (SIM_ID, ORG_CODE, DEPTCODE, STATE,PAY_MODLE, SIM_NUM) values(27210, 'B0000804', '中国移动', 1, '预付费', 13100007209);
insert into T_TERMINALINFO (TERMINAL_ID,TTYPE_ID,SIM_ID,TERMINAL_CODE,ORG_CODE,IS_VIDEO_TERMINAL,SP_SERVER_NAME,PROTOCOL_TYPE,CHANNELS,YT_PROTOCOL_TYPE) values(261210, 4, 27210, '1007209', 'B0000804',1,'1076测试服务器','4',8,'0');
insert into V_VEHICLEINFO (ORG_CODE,VEHICLE_ID,ID_NUMBER,TYPE_ID,TERMINAL_ID,DELETE_FLAG,COLOR_ID_NUMBER_ID,AUTHORIZED_PAY_MASS) values ('B0000804','2601210', '测B07209', 4, 261210, 0, '2',15);

insert into T_SIMINFO (SIM_ID, ORG_CODE, DEPTCODE, STATE,PAY_MODLE, SIM_NUM) values(27211, 'B0000804', '中国移动', 1, '预付费', 13100007210);
insert into T_TERMINALINFO (TERMINAL_ID,TTYPE_ID,SIM_ID,TERMINAL_CODE,ORG_CODE,IS_VIDEO_TERMINAL,SP_SERVER_NAME,PROTOCOL_TYPE,CHANNELS,YT_PROTOCOL_TYPE) values(261211, 4, 27211, '1007210', 'B0000804',1,'1076测试服务器','4',8,'0');
insert into V_VEHICLEINFO (ORG_CODE,VEHICLE_ID,ID_NUMBER,TYPE_ID,TERMINAL_ID,DELETE_FLAG,COLOR_ID_NUMBER_ID,AUTHORIZED_PAY_MASS) values ('B0000804','2601211', '测B07210', 4, 261211, 0, '2',15);

insert into T_SIMINFO (SIM_ID, ORG_CODE, DEPTCODE, STATE,PAY_MODLE, SIM_NUM) values(27212, 'B0000804', '中国移动', 1, '预付费', 13100007211);
insert into T_TERMINALINFO (TERMINAL_ID,TTYPE_ID,SIM_ID,TERMINAL_CODE,ORG_CODE,IS_VIDEO_TERMINAL,SP_SERVER_NAME,PROTOCOL_TYPE,CHANNELS,YT_PROTOCOL_TYPE) values(261212, 4, 27212, '1007211', 'B0000804',1,'1076测试服务器','4',8,'0');
insert into V_VEHICLEINFO (ORG_CODE,VEHICLE_ID,ID_NUMBER,TYPE_ID,TERMINAL_ID,DELETE_FLAG,COLOR_ID_NUMBER_ID,AUTHORIZED_PAY_MASS) values ('B0000804','2601212', '测B07211', 4, 261212, 0, '2',15);

insert into T_SIMINFO (SIM_ID, ORG_CODE, DEPTCODE, STATE,PAY_MODLE, SIM_NUM) values(27213, 'B0000804', '中国移动', 1, '预付费', 13100007212);
insert into T_TERMINALINFO (TERMINAL_ID,TTYPE_ID,SIM_ID,TERMINAL_CODE,ORG_CODE,IS_VIDEO_TERMINAL,SP_SERVER_NAME,PROTOCOL_TYPE,CHANNELS,YT_PROTOCOL_TYPE) values(261213, 4, 27213, '1007212', 'B0000804',1,'1076测试服务器','4',8,'0');
insert into V_VEHICLEINFO (ORG_CODE,VEHICLE_ID,ID_NUMBER,TYPE_ID,TERMINAL_ID,DELETE_FLAG,COLOR_ID_NUMBER_ID,AUTHORIZED_PAY_MASS) values ('B0000804','2601213', '测B07212', 4, 261213, 0, '2',15);

insert into T_SIMINFO (SIM_ID, ORG_CODE, DEPTCODE, STATE,PAY_MODLE, SIM_NUM) values(27214, 'B0000804', '中国移动', 1, '预付费', 13100007213);
insert into T_TERMINALINFO (TERMINAL_ID,TTYPE_ID,SIM_ID,TERMINAL_CODE,ORG_CODE,IS_VIDEO_TERMINAL,SP_SERVER_NAME,PROTOCOL_TYPE,CHANNELS,YT_PROTOCOL_TYPE) values(261214, 4, 27214, '1007213', 'B0000804',1,'1076测试服务器','4',8,'0');
insert into V_VEHICLEINFO (ORG_CODE,VEHICLE_ID,ID_NUMBER,TYPE_ID,TERMINAL_ID,DELETE_FLAG,COLOR_ID_NUMBER_ID,AUTHORIZED_PAY_MASS) values ('B0000804','2601214', '测B07213', 4, 261214, 0, '2',15);

insert into T_SIMINFO (SIM_ID, ORG_CODE, DEPTCODE, STATE,PAY_MODLE, SIM_NUM) values(27215, 'B0000804', '中国移动', 1, '预付费', 13100007214);
insert into T_TERMINALINFO (TERMINAL_ID,TTYPE_ID,SIM_ID,TERMINAL_CODE,ORG_CODE,IS_VIDEO_TERMINAL,SP_SERVER_NAME,PROTOCOL_TYPE,CHANNELS,YT_PROTOCOL_TYPE) values(261215, 4, 27215, '1007214', 'B0000804',1,'1076测试服务器','4',8,'0');
insert into V_VEHICLEINFO (ORG_CODE,VEHICLE_ID,ID_NUMBER,TYPE_ID,TERMINAL_ID,DELETE_FLAG,COLOR_ID_NUMBER_ID,AUTHORIZED_PAY_MASS) values ('B0000804','2601215', '测B07214', 4, 261215, 0, '2',15);

insert into T_SIMINFO (SIM_ID, ORG_CODE, DEPTCODE, STATE,PAY_MODLE, SIM_NUM) values(27216, 'B0000804', '中国移动', 1, '预付费', 13100007215);
insert into T_TERMINALINFO (TERMINAL_ID,TTYPE_ID,SIM_ID,TERMINAL_CODE,ORG_CODE,IS_VIDEO_TERMINAL,SP_SERVER_NAME,PROTOCOL_TYPE,CHANNELS,YT_PROTOCOL_TYPE) values(261216, 4, 27216, '1007215', 'B0000804',1,'1076测试服务器','4',8,'0');
insert into V_VEHICLEINFO (ORG_CODE,VEHICLE_ID,ID_NUMBER,TYPE_ID,TERMINAL_ID,DELETE_FLAG,COLOR_ID_NUMBER_ID,AUTHORIZED_PAY_MASS) values ('B0000804','2601216', '测B07215', 4, 261216, 0, '2',15);

insert into T_SIMINFO (SIM_ID, ORG_CODE, DEPTCODE, STATE,PAY_MODLE, SIM_NUM) values(27217, 'B0000804', '中国移动', 1, '预付费', 13100007216);
insert into T_TERMINALINFO (TERMINAL_ID,TTYPE_ID,SIM_ID,TERMINAL_CODE,ORG_CODE,IS_VIDEO_TERMINAL,SP_SERVER_NAME,PROTOCOL_TYPE,CHANNELS,YT_PROTOCOL_TYPE) values(261217, 4, 27217, '1007216', 'B0000804',1,'1076测试服务器','4',8,'0');
insert into V_VEHICLEINFO (ORG_CODE,VEHICLE_ID,ID_NUMBER,TYPE_ID,TERMINAL_ID,DELETE_FLAG,COLOR_ID_NUMBER_ID,AUTHORIZED_PAY_MASS) values ('B0000804','2601217', '测B07216', 4, 261217, 0, '2',15);

insert into T_SIMINFO (SIM_ID, ORG_CODE, DEPTCODE, STATE,PAY_MODLE, SIM_NUM) values(27218, 'B0000804', '中国移动', 1, '预付费', 13100007217);
insert into T_TERMINALINFO (TERMINAL_ID,TTYPE_ID,SIM_ID,TERMINAL_CODE,ORG_CODE,IS_VIDEO_TERMINAL,SP_SERVER_NAME,PROTOCOL_TYPE,CHANNELS,YT_PROTOCOL_TYPE) values(261218, 4, 27218, '1007217', 'B0000804',1,'1076测试服务器','4',8,'0');
insert into V_VEHICLEINFO (ORG_CODE,VEHICLE_ID,ID_NUMBER,TYPE_ID,TERMINAL_ID,DELETE_FLAG,COLOR_ID_NUMBER_ID,AUTHORIZED_PAY_MASS) values ('B0000804','2601218', '测B07217', 4, 261218, 0, '2',15);

insert into T_SIMINFO (SIM_ID, ORG_CODE, DEPTCODE, STATE,PAY_MODLE, SIM_NUM) values(27219, 'B0000804', '中国移动', 1, '预付费', 13100007218);
insert into T_TERMINALINFO (TERMINAL_ID,TTYPE_ID,SIM_ID,TERMINAL_CODE,ORG_CODE,IS_VIDEO_TERMINAL,SP_SERVER_NAME,PROTOCOL_TYPE,CHANNELS,YT_PROTOCOL_TYPE) values(261219, 4, 27219, '1007218', 'B0000804',1,'1076测试服务器','4',8,'0');
insert into V_VEHICLEINFO (ORG_CODE,VEHICLE_ID,ID_NUMBER,TYPE_ID,TERMINAL_ID,DELETE_FLAG,COLOR_ID_NUMBER_ID,AUTHORIZED_PAY_MASS) values ('B0000804','2601219', '测B07218', 4, 261219, 0, '2',15);

insert into T_SIMINFO (SIM_ID, ORG_CODE, DEPTCODE, STATE,PAY_MODLE, SIM_NUM) values(27220, 'B0000804', '中国移动', 1, '预付费', 13100007219);
insert into T_TERMINALINFO (TERMINAL_ID,TTYPE_ID,SIM_ID,TERMINAL_CODE,ORG_CODE,IS_VIDEO_TERMINAL,SP_SERVER_NAME,PROTOCOL_TYPE,CHANNELS,YT_PROTOCOL_TYPE) values(261220, 4, 27220, '1007219', 'B0000804',1,'1076测试服务器','4',8,'0');
insert into V_VEHICLEINFO (ORG_CODE,VEHICLE_ID,ID_NUMBER,TYPE_ID,TERMINAL_ID,DELETE_FLAG,COLOR_ID_NUMBER_ID,AUTHORIZED_PAY_MASS) values ('B0000804','2601220', '测B07219', 4, 261220, 0, '2',15);

insert into T_SIMINFO (SIM_ID, ORG_CODE, DEPTCODE, STATE,PAY_MODLE, SIM_NUM) values(27221, 'B0000804', '中国移动', 1, '预付费', 13100007220);
insert into T_TERMINALINFO (TERMINAL_ID,TTYPE_ID,SIM_ID,TERMINAL_CODE,ORG_CODE,IS_VIDEO_TERMINAL,SP_SERVER_NAME,PROTOCOL_TYPE,CHANNELS,YT_PROTOCOL_TYPE) values(261221, 4, 27221, '1007220', 'B0000804',1,'1076测试服务器','4',8,'0');
insert into V_VEHICLEINFO (ORG_CODE,VEHICLE_ID,ID_NUMBER,TYPE_ID,TERMINAL_ID,DELETE_FLAG,COLOR_ID_NUMBER_ID,AUTHORIZED_PAY_MASS) values ('B0000804','2601221', '测B07220', 4, 261221, 0, '2',15);

insert into T_SIMINFO (SIM_ID, ORG_CODE, DEPTCODE, STATE,PAY_MODLE, SIM_NUM) values(27222, 'B0000804', '中国移动', 1, '预付费', 13100007221);
insert into T_TERMINALINFO (TERMINAL_ID,TTYPE_ID,SIM_ID,TERMINAL_CODE,ORG_CODE,IS_VIDEO_TERMINAL,SP_SERVER_NAME,PROTOCOL_TYPE,CHANNELS,YT_PROTOCOL_TYPE) values(261222, 4, 27222, '1007221', 'B0000804',1,'1076测试服务器','4',8,'0');
insert into V_VEHICLEINFO (ORG_CODE,VEHICLE_ID,ID_NUMBER,TYPE_ID,TERMINAL_ID,DELETE_FLAG,COLOR_ID_NUMBER_ID,AUTHORIZED_PAY_MASS) values ('B0000804','2601222', '测B07221', 4, 261222, 0, '2',15);

insert into T_SIMINFO (SIM_ID, ORG_CODE, DEPTCODE, STATE,PAY_MODLE, SIM_NUM) values(27223, 'B0000804', '中国移动', 1, '预付费', 13100007222);
insert into T_TERMINALINFO (TERMINAL_ID,TTYPE_ID,SIM_ID,TERMINAL_CODE,ORG_CODE,IS_VIDEO_TERMINAL,SP_SERVER_NAME,PROTOCOL_TYPE,CHANNELS,YT_PROTOCOL_TYPE) values(261223, 4, 27223, '1007222', 'B0000804',1,'1076测试服务器','4',8,'0');
insert into V_VEHICLEINFO (ORG_CODE,VEHICLE_ID,ID_NUMBER,TYPE_ID,TERMINAL_ID,DELETE_FLAG,COLOR_ID_NUMBER_ID,AUTHORIZED_PAY_MASS) values ('B0000804','2601223', '测B07222', 4, 261223, 0, '2',15);

insert into T_SIMINFO (SIM_ID, ORG_CODE, DEPTCODE, STATE,PAY_MODLE, SIM_NUM) values(27224, 'B0000804', '中国移动', 1, '预付费', 13100007223);
insert into T_TERMINALINFO (TERMINAL_ID,TTYPE_ID,SIM_ID,TERMINAL_CODE,ORG_CODE,IS_VIDEO_TERMINAL,SP_SERVER_NAME,PROTOCOL_TYPE,CHANNELS,YT_PROTOCOL_TYPE) values(261224, 4, 27224, '1007223', 'B0000804',1,'1076测试服务器','4',8,'0');
insert into V_VEHICLEINFO (ORG_CODE,VEHICLE_ID,ID_NUMBER,TYPE_ID,TERMINAL_ID,DELETE_FLAG,COLOR_ID_NUMBER_ID,AUTHORIZED_PAY_MASS) values ('B0000804','2601224', '测B07223', 4, 261224, 0, '2',15);

insert into T_SIMINFO (SIM_ID, ORG_CODE, DEPTCODE, STATE,PAY_MODLE, SIM_NUM) values(27225, 'B0000804', '中国移动', 1, '预付费', 13100007224);
insert into T_TERMINALINFO (TERMINAL_ID,TTYPE_ID,SIM_ID,TERMINAL_CODE,ORG_CODE,IS_VIDEO_TERMINAL,SP_SERVER_NAME,PROTOCOL_TYPE,CHANNELS,YT_PROTOCOL_TYPE) values(261225, 4, 27225, '1007224', 'B0000804',1,'1076测试服务器','4',8,'0');
insert into V_VEHICLEINFO (ORG_CODE,VEHICLE_ID,ID_NUMBER,TYPE_ID,TERMINAL_ID,DELETE_FLAG,COLOR_ID_NUMBER_ID,AUTHORIZED_PAY_MASS) values ('B0000804','2601225', '测B07224', 4, 261225, 0, '2',15);

insert into T_SIMINFO (SIM_ID, ORG_CODE, DEPTCODE, STATE,PAY_MODLE, SIM_NUM) values(27226, 'B0000804', '中国移动', 1, '预付费', 13100007225);
insert into T_TERMINALINFO (TERMINAL_ID,TTYPE_ID,SIM_ID,TERMINAL_CODE,ORG_CODE,IS_VIDEO_TERMINAL,SP_SERVER_NAME,PROTOCOL_TYPE,CHANNELS,YT_PROTOCOL_TYPE) values(261226, 4, 27226, '1007225', 'B0000804',1,'1076测试服务器','4',8,'0');
insert into V_VEHICLEINFO (ORG_CODE,VEHICLE_ID,ID_NUMBER,TYPE_ID,TERMINAL_ID,DELETE_FLAG,COLOR_ID_NUMBER_ID,AUTHORIZED_PAY_MASS) values ('B0000804','2601226', '测B07225', 4, 261226, 0, '2',15);

insert into T_SIMINFO (SIM_ID, ORG_CODE, DEPTCODE, STATE,PAY_MODLE, SIM_NUM) values(27227, 'B0000804', '中国移动', 1, '预付费', 13100007226);
insert into T_TERMINALINFO (TERMINAL_ID,TTYPE_ID,SIM_ID,TERMINAL_CODE,ORG_CODE,IS_VIDEO_TERMINAL,SP_SERVER_NAME,PROTOCOL_TYPE,CHANNELS,YT_PROTOCOL_TYPE) values(261227, 4, 27227, '1007226', 'B0000804',1,'1076测试服务器','4',8,'0');
insert into V_VEHICLEINFO (ORG_CODE,VEHICLE_ID,ID_NUMBER,TYPE_ID,TERMINAL_ID,DELETE_FLAG,COLOR_ID_NUMBER_ID,AUTHORIZED_PAY_MASS) values ('B0000804','2601227', '测B07226', 4, 261227, 0, '2',15);

insert into T_SIMINFO (SIM_ID, ORG_CODE, DEPTCODE, STATE,PAY_MODLE, SIM_NUM) values(27228, 'B0000804', '中国移动', 1, '预付费', 13100007227);
insert into T_TERMINALINFO (TERMINAL_ID,TTYPE_ID,SIM_ID,TERMINAL_CODE,ORG_CODE,IS_VIDEO_TERMINAL,SP_SERVER_NAME,PROTOCOL_TYPE,CHANNELS,YT_PROTOCOL_TYPE) values(261228, 4, 27228, '1007227', 'B0000804',1,'1076测试服务器','4',8,'0');
insert into V_VEHICLEINFO (ORG_CODE,VEHICLE_ID,ID_NUMBER,TYPE_ID,TERMINAL_ID,DELETE_FLAG,COLOR_ID_NUMBER_ID,AUTHORIZED_PAY_MASS) values ('B0000804','2601228', '测B07227', 4, 261228, 0, '2',15);

insert into T_SIMINFO (SIM_ID, ORG_CODE, DEPTCODE, STATE,PAY_MODLE, SIM_NUM) values(27229, 'B0000804', '中国移动', 1, '预付费', 13100007228);
insert into T_TERMINALINFO (TERMINAL_ID,TTYPE_ID,SIM_ID,TERMINAL_CODE,ORG_CODE,IS_VIDEO_TERMINAL,SP_SERVER_NAME,PROTOCOL_TYPE,CHANNELS,YT_PROTOCOL_TYPE) values(261229, 4, 27229, '1007228', 'B0000804',1,'1076测试服务器','4',8,'0');
insert into V_VEHICLEINFO (ORG_CODE,VEHICLE_ID,ID_NUMBER,TYPE_ID,TERMINAL_ID,DELETE_FLAG,COLOR_ID_NUMBER_ID,AUTHORIZED_PAY_MASS) values ('B0000804','2601229', '测B07228', 4, 261229, 0, '2',15);

insert into T_SIMINFO (SIM_ID, ORG_CODE, DEPTCODE, STATE,PAY_MODLE, SIM_NUM) values(27230, 'B0000804', '中国移动', 1, '预付费', 13100007229);
insert into T_TERMINALINFO (TERMINAL_ID,TTYPE_ID,SIM_ID,TERMINAL_CODE,ORG_CODE,IS_VIDEO_TERMINAL,SP_SERVER_NAME,PROTOCOL_TYPE,CHANNELS,YT_PROTOCOL_TYPE) values(261230, 4, 27230, '1007229', 'B0000804',1,'1076测试服务器','4',8,'0');
insert into V_VEHICLEINFO (ORG_CODE,VEHICLE_ID,ID_NUMBER,TYPE_ID,TERMINAL_ID,DELETE_FLAG,COLOR_ID_NUMBER_ID,AUTHORIZED_PAY_MASS) values ('B0000804','2601230', '测B07229', 4, 261230, 0, '2',15);

insert into T_SIMINFO (SIM_ID, ORG_CODE, DEPTCODE, STATE,PAY_MODLE, SIM_NUM) values(27231, 'B0000804', '中国移动', 1, '预付费', 13100007230);
insert into T_TERMINALINFO (TERMINAL_ID,TTYPE_ID,SIM_ID,TERMINAL_CODE,ORG_CODE,IS_VIDEO_TERMINAL,SP_SERVER_NAME,PROTOCOL_TYPE,CHANNELS,YT_PROTOCOL_TYPE) values(261231, 4, 27231, '1007230', 'B0000804',1,'1076测试服务器','4',8,'0');
insert into V_VEHICLEINFO (ORG_CODE,VEHICLE_ID,ID_NUMBER,TYPE_ID,TERMINAL_ID,DELETE_FLAG,COLOR_ID_NUMBER_ID,AUTHORIZED_PAY_MASS) values ('B0000804','2601231', '测B07230', 4, 261231, 0, '2',15);

insert into T_SIMINFO (SIM_ID, ORG_CODE, DEPTCODE, STATE,PAY_MODLE, SIM_NUM) values(27232, 'B0000804', '中国移动', 1, '预付费', 13100007231);
insert into T_TERMINALINFO (TERMINAL_ID,TTYPE_ID,SIM_ID,TERMINAL_CODE,ORG_CODE,IS_VIDEO_TERMINAL,SP_SERVER_NAME,PROTOCOL_TYPE,CHANNELS,YT_PROTOCOL_TYPE) values(261232, 4, 27232, '1007231', 'B0000804',1,'1076测试服务器','4',8,'0');
insert into V_VEHICLEINFO (ORG_CODE,VEHICLE_ID,ID_NUMBER,TYPE_ID,TERMINAL_ID,DELETE_FLAG,COLOR_ID_NUMBER_ID,AUTHORIZED_PAY_MASS) values ('B0000804','2601232', '测B07231', 4, 261232, 0, '2',15);

insert into T_SIMINFO (SIM_ID, ORG_CODE, DEPTCODE, STATE,PAY_MODLE, SIM_NUM) values(27233, 'B0000804', '中国移动', 1, '预付费', 13100007232);
insert into T_TERMINALINFO (TERMINAL_ID,TTYPE_ID,SIM_ID,TERMINAL_CODE,ORG_CODE,IS_VIDEO_TERMINAL,SP_SERVER_NAME,PROTOCOL_TYPE,CHANNELS,YT_PROTOCOL_TYPE) values(261233, 4, 27233, '1007232', 'B0000804',1,'1076测试服务器','4',8,'0');
insert into V_VEHICLEINFO (ORG_CODE,VEHICLE_ID,ID_NUMBER,TYPE_ID,TERMINAL_ID,DELETE_FLAG,COLOR_ID_NUMBER_ID,AUTHORIZED_PAY_MASS) values ('B0000804','2601233', '测B07232', 4, 261233, 0, '2',15);

insert into T_SIMINFO (SIM_ID, ORG_CODE, DEPTCODE, STATE,PAY_MODLE, SIM_NUM) values(27234, 'B0000804', '中国移动', 1, '预付费', 13100007233);
insert into T_TERMINALINFO (TERMINAL_ID,TTYPE_ID,SIM_ID,TERMINAL_CODE,ORG_CODE,IS_VIDEO_TERMINAL,SP_SERVER_NAME,PROTOCOL_TYPE,CHANNELS,YT_PROTOCOL_TYPE) values(261234, 4, 27234, '1007233', 'B0000804',1,'1076测试服务器','4',8,'0');
insert into V_VEHICLEINFO (ORG_CODE,VEHICLE_ID,ID_NUMBER,TYPE_ID,TERMINAL_ID,DELETE_FLAG,COLOR_ID_NUMBER_ID,AUTHORIZED_PAY_MASS) values ('B0000804','2601234', '测B07233', 4, 261234, 0, '2',15);

insert into T_SIMINFO (SIM_ID, ORG_CODE, DEPTCODE, STATE,PAY_MODLE, SIM_NUM) values(27235, 'B0000804', '中国移动', 1, '预付费', 13100007234);
insert into T_TERMINALINFO (TERMINAL_ID,TTYPE_ID,SIM_ID,TERMINAL_CODE,ORG_CODE,IS_VIDEO_TERMINAL,SP_SERVER_NAME,PROTOCOL_TYPE,CHANNELS,YT_PROTOCOL_TYPE) values(261235, 4, 27235, '1007234', 'B0000804',1,'1076测试服务器','4',8,'0');
insert into V_VEHICLEINFO (ORG_CODE,VEHICLE_ID,ID_NUMBER,TYPE_ID,TERMINAL_ID,DELETE_FLAG,COLOR_ID_NUMBER_ID,AUTHORIZED_PAY_MASS) values ('B0000804','2601235', '测B07234', 4, 261235, 0, '2',15);

insert into T_SIMINFO (SIM_ID, ORG_CODE, DEPTCODE, STATE,PAY_MODLE, SIM_NUM) values(27236, 'B0000804', '中国移动', 1, '预付费', 13100007235);
insert into T_TERMINALINFO (TERMINAL_ID,TTYPE_ID,SIM_ID,TERMINAL_CODE,ORG_CODE,IS_VIDEO_TERMINAL,SP_SERVER_NAME,PROTOCOL_TYPE,CHANNELS,YT_PROTOCOL_TYPE) values(261236, 4, 27236, '1007235', 'B0000804',1,'1076测试服务器','4',8,'0');
insert into V_VEHICLEINFO (ORG_CODE,VEHICLE_ID,ID_NUMBER,TYPE_ID,TERMINAL_ID,DELETE_FLAG,COLOR_ID_NUMBER_ID,AUTHORIZED_PAY_MASS) values ('B0000804','2601236', '测B07235', 4, 261236, 0, '2',15);

insert into T_SIMINFO (SIM_ID, ORG_CODE, DEPTCODE, STATE,PAY_MODLE, SIM_NUM) values(27237, 'B0000804', '中国移动', 1, '预付费', 13100007236);
insert into T_TERMINALINFO (TERMINAL_ID,TTYPE_ID,SIM_ID,TERMINAL_CODE,ORG_CODE,IS_VIDEO_TERMINAL,SP_SERVER_NAME,PROTOCOL_TYPE,CHANNELS,YT_PROTOCOL_TYPE) values(261237, 4, 27237, '1007236', 'B0000804',1,'1076测试服务器','4',8,'0');
insert into V_VEHICLEINFO (ORG_CODE,VEHICLE_ID,ID_NUMBER,TYPE_ID,TERMINAL_ID,DELETE_FLAG,COLOR_ID_NUMBER_ID,AUTHORIZED_PAY_MASS) values ('B0000804','2601237', '测B07236', 4, 261237, 0, '2',15);

insert into T_SIMINFO (SIM_ID, ORG_CODE, DEPTCODE, STATE,PAY_MODLE, SIM_NUM) values(27238, 'B0000804', '中国移动', 1, '预付费', 13100007237);
insert into T_TERMINALINFO (TERMINAL_ID,TTYPE_ID,SIM_ID,TERMINAL_CODE,ORG_CODE,IS_VIDEO_TERMINAL,SP_SERVER_NAME,PROTOCOL_TYPE,CHANNELS,YT_PROTOCOL_TYPE) values(261238, 4, 27238, '1007237', 'B0000804',1,'1076测试服务器','4',8,'0');
insert into V_VEHICLEINFO (ORG_CODE,VEHICLE_ID,ID_NUMBER,TYPE_ID,TERMINAL_ID,DELETE_FLAG,COLOR_ID_NUMBER_ID,AUTHORIZED_PAY_MASS) values ('B0000804','2601238', '测B07237', 4, 261238, 0, '2',15);

insert into T_SIMINFO (SIM_ID, ORG_CODE, DEPTCODE, STATE,PAY_MODLE, SIM_NUM) values(27239, 'B0000804', '中国移动', 1, '预付费', 13100007238);
insert into T_TERMINALINFO (TERMINAL_ID,TTYPE_ID,SIM_ID,TERMINAL_CODE,ORG_CODE,IS_VIDEO_TERMINAL,SP_SERVER_NAME,PROTOCOL_TYPE,CHANNELS,YT_PROTOCOL_TYPE) values(261239, 4, 27239, '1007238', 'B0000804',1,'1076测试服务器','4',8,'0');
insert into V_VEHICLEINFO (ORG_CODE,VEHICLE_ID,ID_NUMBER,TYPE_ID,TERMINAL_ID,DELETE_FLAG,COLOR_ID_NUMBER_ID,AUTHORIZED_PAY_MASS) values ('B0000804','2601239', '测B07238', 4, 261239, 0, '2',15);

insert into T_SIMINFO (SIM_ID, ORG_CODE, DEPTCODE, STATE,PAY_MODLE, SIM_NUM) values(27240, 'B0000804', '中国移动', 1, '预付费', 13100007239);
insert into T_TERMINALINFO (TERMINAL_ID,TTYPE_ID,SIM_ID,TERMINAL_CODE,ORG_CODE,IS_VIDEO_TERMINAL,SP_SERVER_NAME,PROTOCOL_TYPE,CHANNELS,YT_PROTOCOL_TYPE) values(261240, 4, 27240, '1007239', 'B0000804',1,'1076测试服务器','4',8,'0');
insert into V_VEHICLEINFO (ORG_CODE,VEHICLE_ID,ID_NUMBER,TYPE_ID,TERMINAL_ID,DELETE_FLAG,COLOR_ID_NUMBER_ID,AUTHORIZED_PAY_MASS) values ('B0000804','2601240', '测B07239', 4, 261240, 0, '2',15);

insert into T_SIMINFO (SIM_ID, ORG_CODE, DEPTCODE, STATE,PAY_MODLE, SIM_NUM) values(27241, 'B0000804', '中国移动', 1, '预付费', 13100007240);
insert into T_TERMINALINFO (TERMINAL_ID,TTYPE_ID,SIM_ID,TERMINAL_CODE,ORG_CODE,IS_VIDEO_TERMINAL,SP_SERVER_NAME,PROTOCOL_TYPE,CHANNELS,YT_PROTOCOL_TYPE) values(261241, 4, 27241, '1007240', 'B0000804',1,'1076测试服务器','4',8,'0');
insert into V_VEHICLEINFO (ORG_CODE,VEHICLE_ID,ID_NUMBER,TYPE_ID,TERMINAL_ID,DELETE_FLAG,COLOR_ID_NUMBER_ID,AUTHORIZED_PAY_MASS) values ('B0000804','2601241', '测B07240', 4, 261241, 0, '2',15);

insert into T_SIMINFO (SIM_ID, ORG_CODE, DEPTCODE, STATE,PAY_MODLE, SIM_NUM) values(27242, 'B0000804', '中国移动', 1, '预付费', 13100007241);
insert into T_TERMINALINFO (TERMINAL_ID,TTYPE_ID,SIM_ID,TERMINAL_CODE,ORG_CODE,IS_VIDEO_TERMINAL,SP_SERVER_NAME,PROTOCOL_TYPE,CHANNELS,YT_PROTOCOL_TYPE) values(261242, 4, 27242, '1007241', 'B0000804',1,'1076测试服务器','4',8,'0');
insert into V_VEHICLEINFO (ORG_CODE,VEHICLE_ID,ID_NUMBER,TYPE_ID,TERMINAL_ID,DELETE_FLAG,COLOR_ID_NUMBER_ID,AUTHORIZED_PAY_MASS) values ('B0000804','2601242', '测B07241', 4, 261242, 0, '2',15);

insert into T_SIMINFO (SIM_ID, ORG_CODE, DEPTCODE, STATE,PAY_MODLE, SIM_NUM) values(27243, 'B0000804', '中国移动', 1, '预付费', 13100007242);
insert into T_TERMINALINFO (TERMINAL_ID,TTYPE_ID,SIM_ID,TERMINAL_CODE,ORG_CODE,IS_VIDEO_TERMINAL,SP_SERVER_NAME,PROTOCOL_TYPE,CHANNELS,YT_PROTOCOL_TYPE) values(261243, 4, 27243, '1007242', 'B0000804',1,'1076测试服务器','4',8,'0');
insert into V_VEHICLEINFO (ORG_CODE,VEHICLE_ID,ID_NUMBER,TYPE_ID,TERMINAL_ID,DELETE_FLAG,COLOR_ID_NUMBER_ID,AUTHORIZED_PAY_MASS) values ('B0000804','2601243', '测B07242', 4, 261243, 0, '2',15);

insert into T_SIMINFO (SIM_ID, ORG_CODE, DEPTCODE, STATE,PAY_MODLE, SIM_NUM) values(27244, 'B0000804', '中国移动', 1, '预付费', 13100007243);
insert into T_TERMINALINFO (TERMINAL_ID,TTYPE_ID,SIM_ID,TERMINAL_CODE,ORG_CODE,IS_VIDEO_TERMINAL,SP_SERVER_NAME,PROTOCOL_TYPE,CHANNELS,YT_PROTOCOL_TYPE) values(261244, 4, 27244, '1007243', 'B0000804',1,'1076测试服务器','4',8,'0');
insert into V_VEHICLEINFO (ORG_CODE,VEHICLE_ID,ID_NUMBER,TYPE_ID,TERMINAL_ID,DELETE_FLAG,COLOR_ID_NUMBER_ID,AUTHORIZED_PAY_MASS) values ('B0000804','2601244', '测B07243', 4, 261244, 0, '2',15);

insert into T_SIMINFO (SIM_ID, ORG_CODE, DEPTCODE, STATE,PAY_MODLE, SIM_NUM) values(27245, 'B0000804', '中国移动', 1, '预付费', 13100007244);
insert into T_TERMINALINFO (TERMINAL_ID,TTYPE_ID,SIM_ID,TERMINAL_CODE,ORG_CODE,IS_VIDEO_TERMINAL,SP_SERVER_NAME,PROTOCOL_TYPE,CHANNELS,YT_PROTOCOL_TYPE) values(261245, 4, 27245, '1007244', 'B0000804',1,'1076测试服务器','4',8,'0');
insert into V_VEHICLEINFO (ORG_CODE,VEHICLE_ID,ID_NUMBER,TYPE_ID,TERMINAL_ID,DELETE_FLAG,COLOR_ID_NUMBER_ID,AUTHORIZED_PAY_MASS) values ('B0000804','2601245', '测B07244', 4, 261245, 0, '2',15);

insert into T_SIMINFO (SIM_ID, ORG_CODE, DEPTCODE, STATE,PAY_MODLE, SIM_NUM) values(27246, 'B0000804', '中国移动', 1, '预付费', 13100007245);
insert into T_TERMINALINFO (TERMINAL_ID,TTYPE_ID,SIM_ID,TERMINAL_CODE,ORG_CODE,IS_VIDEO_TERMINAL,SP_SERVER_NAME,PROTOCOL_TYPE,CHANNELS,YT_PROTOCOL_TYPE) values(261246, 4, 27246, '1007245', 'B0000804',1,'1076测试服务器','4',8,'0');
insert into V_VEHICLEINFO (ORG_CODE,VEHICLE_ID,ID_NUMBER,TYPE_ID,TERMINAL_ID,DELETE_FLAG,COLOR_ID_NUMBER_ID,AUTHORIZED_PAY_MASS) values ('B0000804','2601246', '测B07245', 4, 261246, 0, '2',15);

insert into T_SIMINFO (SIM_ID, ORG_CODE, DEPTCODE, STATE,PAY_MODLE, SIM_NUM) values(27247, 'B0000804', '中国移动', 1, '预付费', 13100007246);
insert into T_TERMINALINFO (TERMINAL_ID,TTYPE_ID,SIM_ID,TERMINAL_CODE,ORG_CODE,IS_VIDEO_TERMINAL,SP_SERVER_NAME,PROTOCOL_TYPE,CHANNELS,YT_PROTOCOL_TYPE) values(261247, 4, 27247, '1007246', 'B0000804',1,'1076测试服务器','4',8,'0');
insert into V_VEHICLEINFO (ORG_CODE,VEHICLE_ID,ID_NUMBER,TYPE_ID,TERMINAL_ID,DELETE_FLAG,COLOR_ID_NUMBER_ID,AUTHORIZED_PAY_MASS) values ('B0000804','2601247', '测B07246', 4, 261247, 0, '2',15);

insert into T_SIMINFO (SIM_ID, ORG_CODE, DEPTCODE, STATE,PAY_MODLE, SIM_NUM) values(27248, 'B0000804', '中国移动', 1, '预付费', 13100007247);
insert into T_TERMINALINFO (TERMINAL_ID,TTYPE_ID,SIM_ID,TERMINAL_CODE,ORG_CODE,IS_VIDEO_TERMINAL,SP_SERVER_NAME,PROTOCOL_TYPE,CHANNELS,YT_PROTOCOL_TYPE) values(261248, 4, 27248, '1007247', 'B0000804',1,'1076测试服务器','4',8,'0');
insert into V_VEHICLEINFO (ORG_CODE,VEHICLE_ID,ID_NUMBER,TYPE_ID,TERMINAL_ID,DELETE_FLAG,COLOR_ID_NUMBER_ID,AUTHORIZED_PAY_MASS) values ('B0000804','2601248', '测B07247', 4, 261248, 0, '2',15);

insert into T_SIMINFO (SIM_ID, ORG_CODE, DEPTCODE, STATE,PAY_MODLE, SIM_NUM) values(27249, 'B0000804', '中国移动', 1, '预付费', 13100007248);
insert into T_TERMINALINFO (TERMINAL_ID,TTYPE_ID,SIM_ID,TERMINAL_CODE,ORG_CODE,IS_VIDEO_TERMINAL,SP_SERVER_NAME,PROTOCOL_TYPE,CHANNELS,YT_PROTOCOL_TYPE) values(261249, 4, 27249, '1007248', 'B0000804',1,'1076测试服务器','4',8,'0');
insert into V_VEHICLEINFO (ORG_CODE,VEHICLE_ID,ID_NUMBER,TYPE_ID,TERMINAL_ID,DELETE_FLAG,COLOR_ID_NUMBER_ID,AUTHORIZED_PAY_MASS) values ('B0000804','2601249', '测B07248', 4, 261249, 0, '2',15);

insert into T_SIMINFO (SIM_ID, ORG_CODE, DEPTCODE, STATE,PAY_MODLE, SIM_NUM) values(27250, 'B0000804', '中国移动', 1, '预付费', 13100007249);
insert into T_TERMINALINFO (TERMINAL_ID,TTYPE_ID,SIM_ID,TERMINAL_CODE,ORG_CODE,IS_VIDEO_TERMINAL,SP_SERVER_NAME,PROTOCOL_TYPE,CHANNELS,YT_PROTOCOL_TYPE) values(261250, 4, 27250, '1007249', 'B0000804',1,'1076测试服务器','4',8,'0');
insert into V_VEHICLEINFO (ORG_CODE,VEHICLE_ID,ID_NUMBER,TYPE_ID,TERMINAL_ID,DELETE_FLAG,COLOR_ID_NUMBER_ID,AUTHORIZED_PAY_MASS) values ('B0000804','2601250', '测B07249', 4, 261250, 0, '2',15);

insert into T_SIMINFO (SIM_ID, ORG_CODE, DEPTCODE, STATE,PAY_MODLE, SIM_NUM) values(27251, 'B0000804', '中国移动', 1, '预付费', 13100007250);
insert into T_TERMINALINFO (TERMINAL_ID,TTYPE_ID,SIM_ID,TERMINAL_CODE,ORG_CODE,IS_VIDEO_TERMINAL,SP_SERVER_NAME,PROTOCOL_TYPE,CHANNELS,YT_PROTOCOL_TYPE) values(261251, 4, 27251, '1007250', 'B0000804',1,'1076测试服务器','4',8,'0');
insert into V_VEHICLEINFO (ORG_CODE,VEHICLE_ID,ID_NUMBER,TYPE_ID,TERMINAL_ID,DELETE_FLAG,COLOR_ID_NUMBER_ID,AUTHORIZED_PAY_MASS) values ('B0000804','2601251', '测B07250', 4, 261251, 0, '2',15);

insert into T_SIMINFO (SIM_ID, ORG_CODE, DEPTCODE, STATE,PAY_MODLE, SIM_NUM) values(27252, 'B0000804', '中国移动', 1, '预付费', 13100007251);
insert into T_TERMINALINFO (TERMINAL_ID,TTYPE_ID,SIM_ID,TERMINAL_CODE,ORG_CODE,IS_VIDEO_TERMINAL,SP_SERVER_NAME,PROTOCOL_TYPE,CHANNELS,YT_PROTOCOL_TYPE) values(261252, 4, 27252, '1007251', 'B0000804',1,'1076测试服务器','4',8,'0');
insert into V_VEHICLEINFO (ORG_CODE,VEHICLE_ID,ID_NUMBER,TYPE_ID,TERMINAL_ID,DELETE_FLAG,COLOR_ID_NUMBER_ID,AUTHORIZED_PAY_MASS) values ('B0000804','2601252', '测B07251', 4, 261252, 0, '2',15);

insert into T_SIMINFO (SIM_ID, ORG_CODE, DEPTCODE, STATE,PAY_MODLE, SIM_NUM) values(27253, 'B0000804', '中国移动', 1, '预付费', 13100007252);
insert into T_TERMINALINFO (TERMINAL_ID,TTYPE_ID,SIM_ID,TERMINAL_CODE,ORG_CODE,IS_VIDEO_TERMINAL,SP_SERVER_NAME,PROTOCOL_TYPE,CHANNELS,YT_PROTOCOL_TYPE) values(261253, 4, 27253, '1007252', 'B0000804',1,'1076测试服务器','4',8,'0');
insert into V_VEHICLEINFO (ORG_CODE,VEHICLE_ID,ID_NUMBER,TYPE_ID,TERMINAL_ID,DELETE_FLAG,COLOR_ID_NUMBER_ID,AUTHORIZED_PAY_MASS) values ('B0000804','2601253', '测B07252', 4, 261253, 0, '2',15);

insert into T_SIMINFO (SIM_ID, ORG_CODE, DEPTCODE, STATE,PAY_MODLE, SIM_NUM) values(27254, 'B0000804', '中国移动', 1, '预付费', 13100007253);
insert into T_TERMINALINFO (TERMINAL_ID,TTYPE_ID,SIM_ID,TERMINAL_CODE,ORG_CODE,IS_VIDEO_TERMINAL,SP_SERVER_NAME,PROTOCOL_TYPE,CHANNELS,YT_PROTOCOL_TYPE) values(261254, 4, 27254, '1007253', 'B0000804',1,'1076测试服务器','4',8,'0');
insert into V_VEHICLEINFO (ORG_CODE,VEHICLE_ID,ID_NUMBER,TYPE_ID,TERMINAL_ID,DELETE_FLAG,COLOR_ID_NUMBER_ID,AUTHORIZED_PAY_MASS) values ('B0000804','2601254', '测B07253', 4, 261254, 0, '2',15);

insert into T_SIMINFO (SIM_ID, ORG_CODE, DEPTCODE, STATE,PAY_MODLE, SIM_NUM) values(27255, 'B0000804', '中国移动', 1, '预付费', 13100007254);
insert into T_TERMINALINFO (TERMINAL_ID,TTYPE_ID,SIM_ID,TERMINAL_CODE,ORG_CODE,IS_VIDEO_TERMINAL,SP_SERVER_NAME,PROTOCOL_TYPE,CHANNELS,YT_PROTOCOL_TYPE) values(261255, 4, 27255, '1007254', 'B0000804',1,'1076测试服务器','4',8,'0');
insert into V_VEHICLEINFO (ORG_CODE,VEHICLE_ID,ID_NUMBER,TYPE_ID,TERMINAL_ID,DELETE_FLAG,COLOR_ID_NUMBER_ID,AUTHORIZED_PAY_MASS) values ('B0000804','2601255', '测B07254', 4, 261255, 0, '2',15);

insert into T_SIMINFO (SIM_ID, ORG_CODE, DEPTCODE, STATE,PAY_MODLE, SIM_NUM) values(27256, 'B0000804', '中国移动', 1, '预付费', 13100007255);
insert into T_TERMINALINFO (TERMINAL_ID,TTYPE_ID,SIM_ID,TERMINAL_CODE,ORG_CODE,IS_VIDEO_TERMINAL,SP_SERVER_NAME,PROTOCOL_TYPE,CHANNELS,YT_PROTOCOL_TYPE) values(261256, 4, 27256, '1007255', 'B0000804',1,'1076测试服务器','4',8,'0');
insert into V_VEHICLEINFO (ORG_CODE,VEHICLE_ID,ID_NUMBER,TYPE_ID,TERMINAL_ID,DELETE_FLAG,COLOR_ID_NUMBER_ID,AUTHORIZED_PAY_MASS) values ('B0000804','2601256', '测B07255', 4, 261256, 0, '2',15);

insert into T_SIMINFO (SIM_ID, ORG_CODE, DEPTCODE, STATE,PAY_MODLE, SIM_NUM) values(27257, 'B0000804', '中国移动', 1, '预付费', 13100007256);
insert into T_TERMINALINFO (TERMINAL_ID,TTYPE_ID,SIM_ID,TERMINAL_CODE,ORG_CODE,IS_VIDEO_TERMINAL,SP_SERVER_NAME,PROTOCOL_TYPE,CHANNELS,YT_PROTOCOL_TYPE) values(261257, 4, 27257, '1007256', 'B0000804',1,'1076测试服务器','4',8,'0');
insert into V_VEHICLEINFO (ORG_CODE,VEHICLE_ID,ID_NUMBER,TYPE_ID,TERMINAL_ID,DELETE_FLAG,COLOR_ID_NUMBER_ID,AUTHORIZED_PAY_MASS) values ('B0000804','2601257', '测B07256', 4, 261257, 0, '2',15);

insert into T_SIMINFO (SIM_ID, ORG_CODE, DEPTCODE, STATE,PAY_MODLE, SIM_NUM) values(27258, 'B0000804', '中国移动', 1, '预付费', 13100007257);
insert into T_TERMINALINFO (TERMINAL_ID,TTYPE_ID,SIM_ID,TERMINAL_CODE,ORG_CODE,IS_VIDEO_TERMINAL,SP_SERVER_NAME,PROTOCOL_TYPE,CHANNELS,YT_PROTOCOL_TYPE) values(261258, 4, 27258, '1007257', 'B0000804',1,'1076测试服务器','4',8,'0');
insert into V_VEHICLEINFO (ORG_CODE,VEHICLE_ID,ID_NUMBER,TYPE_ID,TERMINAL_ID,DELETE_FLAG,COLOR_ID_NUMBER_ID,AUTHORIZED_PAY_MASS) values ('B0000804','2601258', '测B07257', 4, 261258, 0, '2',15);

insert into T_SIMINFO (SIM_ID, ORG_CODE, DEPTCODE, STATE,PAY_MODLE, SIM_NUM) values(27259, 'B0000804', '中国移动', 1, '预付费', 13100007258);
insert into T_TERMINALINFO (TERMINAL_ID,TTYPE_ID,SIM_ID,TERMINAL_CODE,ORG_CODE,IS_VIDEO_TERMINAL,SP_SERVER_NAME,PROTOCOL_TYPE,CHANNELS,YT_PROTOCOL_TYPE) values(261259, 4, 27259, '1007258', 'B0000804',1,'1076测试服务器','4',8,'0');
insert into V_VEHICLEINFO (ORG_CODE,VEHICLE_ID,ID_NUMBER,TYPE_ID,TERMINAL_ID,DELETE_FLAG,COLOR_ID_NUMBER_ID,AUTHORIZED_PAY_MASS) values ('B0000804','2601259', '测B07258', 4, 261259, 0, '2',15);

insert into T_SIMINFO (SIM_ID, ORG_CODE, DEPTCODE, STATE,PAY_MODLE, SIM_NUM) values(27260, 'B0000804', '中国移动', 1, '预付费', 13100007259);
insert into T_TERMINALINFO (TERMINAL_ID,TTYPE_ID,SIM_ID,TERMINAL_CODE,ORG_CODE,IS_VIDEO_TERMINAL,SP_SERVER_NAME,PROTOCOL_TYPE,CHANNELS,YT_PROTOCOL_TYPE) values(261260, 4, 27260, '1007259', 'B0000804',1,'1076测试服务器','4',8,'0');
insert into V_VEHICLEINFO (ORG_CODE,VEHICLE_ID,ID_NUMBER,TYPE_ID,TERMINAL_ID,DELETE_FLAG,COLOR_ID_NUMBER_ID,AUTHORIZED_PAY_MASS) values ('B0000804','2601260', '测B07259', 4, 261260, 0, '2',15);

insert into T_SIMINFO (SIM_ID, ORG_CODE, DEPTCODE, STATE,PAY_MODLE, SIM_NUM) values(27261, 'B0000804', '中国移动', 1, '预付费', 13100007260);
insert into T_TERMINALINFO (TERMINAL_ID,TTYPE_ID,SIM_ID,TERMINAL_CODE,ORG_CODE,IS_VIDEO_TERMINAL,SP_SERVER_NAME,PROTOCOL_TYPE,CHANNELS,YT_PROTOCOL_TYPE) values(261261, 4, 27261, '1007260', 'B0000804',1,'1076测试服务器','4',8,'0');
insert into V_VEHICLEINFO (ORG_CODE,VEHICLE_ID,ID_NUMBER,TYPE_ID,TERMINAL_ID,DELETE_FLAG,COLOR_ID_NUMBER_ID,AUTHORIZED_PAY_MASS) values ('B0000804','2601261', '测B07260', 4, 261261, 0, '2',15);

insert into T_SIMINFO (SIM_ID, ORG_CODE, DEPTCODE, STATE,PAY_MODLE, SIM_NUM) values(27262, 'B0000804', '中国移动', 1, '预付费', 13100007261);
insert into T_TERMINALINFO (TERMINAL_ID,TTYPE_ID,SIM_ID,TERMINAL_CODE,ORG_CODE,IS_VIDEO_TERMINAL,SP_SERVER_NAME,PROTOCOL_TYPE,CHANNELS,YT_PROTOCOL_TYPE) values(261262, 4, 27262, '1007261', 'B0000804',1,'1076测试服务器','4',8,'0');
insert into V_VEHICLEINFO (ORG_CODE,VEHICLE_ID,ID_NUMBER,TYPE_ID,TERMINAL_ID,DELETE_FLAG,COLOR_ID_NUMBER_ID,AUTHORIZED_PAY_MASS) values ('B0000804','2601262', '测B07261', 4, 261262, 0, '2',15);

insert into T_SIMINFO (SIM_ID, ORG_CODE, DEPTCODE, STATE,PAY_MODLE, SIM_NUM) values(27263, 'B0000804', '中国移动', 1, '预付费', 13100007262);
insert into T_TERMINALINFO (TERMINAL_ID,TTYPE_ID,SIM_ID,TERMINAL_CODE,ORG_CODE,IS_VIDEO_TERMINAL,SP_SERVER_NAME,PROTOCOL_TYPE,CHANNELS,YT_PROTOCOL_TYPE) values(261263, 4, 27263, '1007262', 'B0000804',1,'1076测试服务器','4',8,'0');
insert into V_VEHICLEINFO (ORG_CODE,VEHICLE_ID,ID_NUMBER,TYPE_ID,TERMINAL_ID,DELETE_FLAG,COLOR_ID_NUMBER_ID,AUTHORIZED_PAY_MASS) values ('B0000804','2601263', '测B07262', 4, 261263, 0, '2',15);

insert into T_SIMINFO (SIM_ID, ORG_CODE, DEPTCODE, STATE,PAY_MODLE, SIM_NUM) values(27264, 'B0000804', '中国移动', 1, '预付费', 13100007263);
insert into T_TERMINALINFO (TERMINAL_ID,TTYPE_ID,SIM_ID,TERMINAL_CODE,ORG_CODE,IS_VIDEO_TERMINAL,SP_SERVER_NAME,PROTOCOL_TYPE,CHANNELS,YT_PROTOCOL_TYPE) values(261264, 4, 27264, '1007263', 'B0000804',1,'1076测试服务器','4',8,'0');
insert into V_VEHICLEINFO (ORG_CODE,VEHICLE_ID,ID_NUMBER,TYPE_ID,TERMINAL_ID,DELETE_FLAG,COLOR_ID_NUMBER_ID,AUTHORIZED_PAY_MASS) values ('B0000804','2601264', '测B07263', 4, 261264, 0, '2',15);

insert into T_SIMINFO (SIM_ID, ORG_CODE, DEPTCODE, STATE,PAY_MODLE, SIM_NUM) values(27265, 'B0000804', '中国移动', 1, '预付费', 13100007264);
insert into T_TERMINALINFO (TERMINAL_ID,TTYPE_ID,SIM_ID,TERMINAL_CODE,ORG_CODE,IS_VIDEO_TERMINAL,SP_SERVER_NAME,PROTOCOL_TYPE,CHANNELS,YT_PROTOCOL_TYPE) values(261265, 4, 27265, '1007264', 'B0000804',1,'1076测试服务器','4',8,'0');
insert into V_VEHICLEINFO (ORG_CODE,VEHICLE_ID,ID_NUMBER,TYPE_ID,TERMINAL_ID,DELETE_FLAG,COLOR_ID_NUMBER_ID,AUTHORIZED_PAY_MASS) values ('B0000804','2601265', '测B07264', 4, 261265, 0, '2',15);

insert into T_SIMINFO (SIM_ID, ORG_CODE, DEPTCODE, STATE,PAY_MODLE, SIM_NUM) values(27266, 'B0000804', '中国移动', 1, '预付费', 13100007265);
insert into T_TERMINALINFO (TERMINAL_ID,TTYPE_ID,SIM_ID,TERMINAL_CODE,ORG_CODE,IS_VIDEO_TERMINAL,SP_SERVER_NAME,PROTOCOL_TYPE,CHANNELS,YT_PROTOCOL_TYPE) values(261266, 4, 27266, '1007265', 'B0000804',1,'1076测试服务器','4',8,'0');
insert into V_VEHICLEINFO (ORG_CODE,VEHICLE_ID,ID_NUMBER,TYPE_ID,TERMINAL_ID,DELETE_FLAG,COLOR_ID_NUMBER_ID,AUTHORIZED_PAY_MASS) values ('B0000804','2601266', '测B07265', 4, 261266, 0, '2',15);

insert into T_SIMINFO (SIM_ID, ORG_CODE, DEPTCODE, STATE,PAY_MODLE, SIM_NUM) values(27267, 'B0000804', '中国移动', 1, '预付费', 13100007266);
insert into T_TERMINALINFO (TERMINAL_ID,TTYPE_ID,SIM_ID,TERMINAL_CODE,ORG_CODE,IS_VIDEO_TERMINAL,SP_SERVER_NAME,PROTOCOL_TYPE,CHANNELS,YT_PROTOCOL_TYPE) values(261267, 4, 27267, '1007266', 'B0000804',1,'1076测试服务器','4',8,'0');
insert into V_VEHICLEINFO (ORG_CODE,VEHICLE_ID,ID_NUMBER,TYPE_ID,TERMINAL_ID,DELETE_FLAG,COLOR_ID_NUMBER_ID,AUTHORIZED_PAY_MASS) values ('B0000804','2601267', '测B07266', 4, 261267, 0, '2',15);

insert into T_SIMINFO (SIM_ID, ORG_CODE, DEPTCODE, STATE,PAY_MODLE, SIM_NUM) values(27268, 'B0000804', '中国移动', 1, '预付费', 13100007267);
insert into T_TERMINALINFO (TERMINAL_ID,TTYPE_ID,SIM_ID,TERMINAL_CODE,ORG_CODE,IS_VIDEO_TERMINAL,SP_SERVER_NAME,PROTOCOL_TYPE,CHANNELS,YT_PROTOCOL_TYPE) values(261268, 4, 27268, '1007267', 'B0000804',1,'1076测试服务器','4',8,'0');
insert into V_VEHICLEINFO (ORG_CODE,VEHICLE_ID,ID_NUMBER,TYPE_ID,TERMINAL_ID,DELETE_FLAG,COLOR_ID_NUMBER_ID,AUTHORIZED_PAY_MASS) values ('B0000804','2601268', '测B07267', 4, 261268, 0, '2',15);

insert into T_SIMINFO (SIM_ID, ORG_CODE, DEPTCODE, STATE,PAY_MODLE, SIM_NUM) values(27269, 'B0000804', '中国移动', 1, '预付费', 13100007268);
insert into T_TERMINALINFO (TERMINAL_ID,TTYPE_ID,SIM_ID,TERMINAL_CODE,ORG_CODE,IS_VIDEO_TERMINAL,SP_SERVER_NAME,PROTOCOL_TYPE,CHANNELS,YT_PROTOCOL_TYPE) values(261269, 4, 27269, '1007268', 'B0000804',1,'1076测试服务器','4',8,'0');
insert into V_VEHICLEINFO (ORG_CODE,VEHICLE_ID,ID_NUMBER,TYPE_ID,TERMINAL_ID,DELETE_FLAG,COLOR_ID_NUMBER_ID,AUTHORIZED_PAY_MASS) values ('B0000804','2601269', '测B07268', 4, 261269, 0, '2',15);

insert into T_SIMINFO (SIM_ID, ORG_CODE, DEPTCODE, STATE,PAY_MODLE, SIM_NUM) values(27270, 'B0000804', '中国移动', 1, '预付费', 13100007269);
insert into T_TERMINALINFO (TERMINAL_ID,TTYPE_ID,SIM_ID,TERMINAL_CODE,ORG_CODE,IS_VIDEO_TERMINAL,SP_SERVER_NAME,PROTOCOL_TYPE,CHANNELS,YT_PROTOCOL_TYPE) values(261270, 4, 27270, '1007269', 'B0000804',1,'1076测试服务器','4',8,'0');
insert into V_VEHICLEINFO (ORG_CODE,VEHICLE_ID,ID_NUMBER,TYPE_ID,TERMINAL_ID,DELETE_FLAG,COLOR_ID_NUMBER_ID,AUTHORIZED_PAY_MASS) values ('B0000804','2601270', '测B07269', 4, 261270, 0, '2',15);

insert into T_SIMINFO (SIM_ID, ORG_CODE, DEPTCODE, STATE,PAY_MODLE, SIM_NUM) values(27271, 'B0000804', '中国移动', 1, '预付费', 13100007270);
insert into T_TERMINALINFO (TERMINAL_ID,TTYPE_ID,SIM_ID,TERMINAL_CODE,ORG_CODE,IS_VIDEO_TERMINAL,SP_SERVER_NAME,PROTOCOL_TYPE,CHANNELS,YT_PROTOCOL_TYPE) values(261271, 4, 27271, '1007270', 'B0000804',1,'1076测试服务器','4',8,'0');
insert into V_VEHICLEINFO (ORG_CODE,VEHICLE_ID,ID_NUMBER,TYPE_ID,TERMINAL_ID,DELETE_FLAG,COLOR_ID_NUMBER_ID,AUTHORIZED_PAY_MASS) values ('B0000804','2601271', '测B07270', 4, 261271, 0, '2',15);

insert into T_SIMINFO (SIM_ID, ORG_CODE, DEPTCODE, STATE,PAY_MODLE, SIM_NUM) values(27272, 'B0000804', '中国移动', 1, '预付费', 13100007271);
insert into T_TERMINALINFO (TERMINAL_ID,TTYPE_ID,SIM_ID,TERMINAL_CODE,ORG_CODE,IS_VIDEO_TERMINAL,SP_SERVER_NAME,PROTOCOL_TYPE,CHANNELS,YT_PROTOCOL_TYPE) values(261272, 4, 27272, '1007271', 'B0000804',1,'1076测试服务器','4',8,'0');
insert into V_VEHICLEINFO (ORG_CODE,VEHICLE_ID,ID_NUMBER,TYPE_ID,TERMINAL_ID,DELETE_FLAG,COLOR_ID_NUMBER_ID,AUTHORIZED_PAY_MASS) values ('B0000804','2601272', '测B07271', 4, 261272, 0, '2',15);

insert into T_SIMINFO (SIM_ID, ORG_CODE, DEPTCODE, STATE,PAY_MODLE, SIM_NUM) values(27273, 'B0000804', '中国移动', 1, '预付费', 13100007272);
insert into T_TERMINALINFO (TERMINAL_ID,TTYPE_ID,SIM_ID,TERMINAL_CODE,ORG_CODE,IS_VIDEO_TERMINAL,SP_SERVER_NAME,PROTOCOL_TYPE,CHANNELS,YT_PROTOCOL_TYPE) values(261273, 4, 27273, '1007272', 'B0000804',1,'1076测试服务器','4',8,'0');
insert into V_VEHICLEINFO (ORG_CODE,VEHICLE_ID,ID_NUMBER,TYPE_ID,TERMINAL_ID,DELETE_FLAG,COLOR_ID_NUMBER_ID,AUTHORIZED_PAY_MASS) values ('B0000804','2601273', '测B07272', 4, 261273, 0, '2',15);

insert into T_SIMINFO (SIM_ID, ORG_CODE, DEPTCODE, STATE,PAY_MODLE, SIM_NUM) values(27274, 'B0000804', '中国移动', 1, '预付费', 13100007273);
insert into T_TERMINALINFO (TERMINAL_ID,TTYPE_ID,SIM_ID,TERMINAL_CODE,ORG_CODE,IS_VIDEO_TERMINAL,SP_SERVER_NAME,PROTOCOL_TYPE,CHANNELS,YT_PROTOCOL_TYPE) values(261274, 4, 27274, '1007273', 'B0000804',1,'1076测试服务器','4',8,'0');
insert into V_VEHICLEINFO (ORG_CODE,VEHICLE_ID,ID_NUMBER,TYPE_ID,TERMINAL_ID,DELETE_FLAG,COLOR_ID_NUMBER_ID,AUTHORIZED_PAY_MASS) values ('B0000804','2601274', '测B07273', 4, 261274, 0, '2',15);

insert into T_SIMINFO (SIM_ID, ORG_CODE, DEPTCODE, STATE,PAY_MODLE, SIM_NUM) values(27275, 'B0000804', '中国移动', 1, '预付费', 13100007274);
insert into T_TERMINALINFO (TERMINAL_ID,TTYPE_ID,SIM_ID,TERMINAL_CODE,ORG_CODE,IS_VIDEO_TERMINAL,SP_SERVER_NAME,PROTOCOL_TYPE,CHANNELS,YT_PROTOCOL_TYPE) values(261275, 4, 27275, '1007274', 'B0000804',1,'1076测试服务器','4',8,'0');
insert into V_VEHICLEINFO (ORG_CODE,VEHICLE_ID,ID_NUMBER,TYPE_ID,TERMINAL_ID,DELETE_FLAG,COLOR_ID_NUMBER_ID,AUTHORIZED_PAY_MASS) values ('B0000804','2601275', '测B07274', 4, 261275, 0, '2',15);

insert into T_SIMINFO (SIM_ID, ORG_CODE, DEPTCODE, STATE,PAY_MODLE, SIM_NUM) values(27276, 'B0000804', '中国移动', 1, '预付费', 13100007275);
insert into T_TERMINALINFO (TERMINAL_ID,TTYPE_ID,SIM_ID,TERMINAL_CODE,ORG_CODE,IS_VIDEO_TERMINAL,SP_SERVER_NAME,PROTOCOL_TYPE,CHANNELS,YT_PROTOCOL_TYPE) values(261276, 4, 27276, '1007275', 'B0000804',1,'1076测试服务器','4',8,'0');
insert into V_VEHICLEINFO (ORG_CODE,VEHICLE_ID,ID_NUMBER,TYPE_ID,TERMINAL_ID,DELETE_FLAG,COLOR_ID_NUMBER_ID,AUTHORIZED_PAY_MASS) values ('B0000804','2601276', '测B07275', 4, 261276, 0, '2',15);

insert into T_SIMINFO (SIM_ID, ORG_CODE, DEPTCODE, STATE,PAY_MODLE, SIM_NUM) values(27277, 'B0000804', '中国移动', 1, '预付费', 13100007276);
insert into T_TERMINALINFO (TERMINAL_ID,TTYPE_ID,SIM_ID,TERMINAL_CODE,ORG_CODE,IS_VIDEO_TERMINAL,SP_SERVER_NAME,PROTOCOL_TYPE,CHANNELS,YT_PROTOCOL_TYPE) values(261277, 4, 27277, '1007276', 'B0000804',1,'1076测试服务器','4',8,'0');
insert into V_VEHICLEINFO (ORG_CODE,VEHICLE_ID,ID_NUMBER,TYPE_ID,TERMINAL_ID,DELETE_FLAG,COLOR_ID_NUMBER_ID,AUTHORIZED_PAY_MASS) values ('B0000804','2601277', '测B07276', 4, 261277, 0, '2',15);

insert into T_SIMINFO (SIM_ID, ORG_CODE, DEPTCODE, STATE,PAY_MODLE, SIM_NUM) values(27278, 'B0000804', '中国移动', 1, '预付费', 13100007277);
insert into T_TERMINALINFO (TERMINAL_ID,TTYPE_ID,SIM_ID,TERMINAL_CODE,ORG_CODE,IS_VIDEO_TERMINAL,SP_SERVER_NAME,PROTOCOL_TYPE,CHANNELS,YT_PROTOCOL_TYPE) values(261278, 4, 27278, '1007277', 'B0000804',1,'1076测试服务器','4',8,'0');
insert into V_VEHICLEINFO (ORG_CODE,VEHICLE_ID,ID_NUMBER,TYPE_ID,TERMINAL_ID,DELETE_FLAG,COLOR_ID_NUMBER_ID,AUTHORIZED_PAY_MASS) values ('B0000804','2601278', '测B07277', 4, 261278, 0, '2',15);

insert into T_SIMINFO (SIM_ID, ORG_CODE, DEPTCODE, STATE,PAY_MODLE, SIM_NUM) values(27279, 'B0000804', '中国移动', 1, '预付费', 13100007278);
insert into T_TERMINALINFO (TERMINAL_ID,TTYPE_ID,SIM_ID,TERMINAL_CODE,ORG_CODE,IS_VIDEO_TERMINAL,SP_SERVER_NAME,PROTOCOL_TYPE,CHANNELS,YT_PROTOCOL_TYPE) values(261279, 4, 27279, '1007278', 'B0000804',1,'1076测试服务器','4',8,'0');
insert into V_VEHICLEINFO (ORG_CODE,VEHICLE_ID,ID_NUMBER,TYPE_ID,TERMINAL_ID,DELETE_FLAG,COLOR_ID_NUMBER_ID,AUTHORIZED_PAY_MASS) values ('B0000804','2601279', '测B07278', 4, 261279, 0, '2',15);

insert into T_SIMINFO (SIM_ID, ORG_CODE, DEPTCODE, STATE,PAY_MODLE, SIM_NUM) values(27280, 'B0000804', '中国移动', 1, '预付费', 13100007279);
insert into T_TERMINALINFO (TERMINAL_ID,TTYPE_ID,SIM_ID,TERMINAL_CODE,ORG_CODE,IS_VIDEO_TERMINAL,SP_SERVER_NAME,PROTOCOL_TYPE,CHANNELS,YT_PROTOCOL_TYPE) values(261280, 4, 27280, '1007279', 'B0000804',1,'1076测试服务器','4',8,'0');
insert into V_VEHICLEINFO (ORG_CODE,VEHICLE_ID,ID_NUMBER,TYPE_ID,TERMINAL_ID,DELETE_FLAG,COLOR_ID_NUMBER_ID,AUTHORIZED_PAY_MASS) values ('B0000804','2601280', '测B07279', 4, 261280, 0, '2',15);

insert into T_SIMINFO (SIM_ID, ORG_CODE, DEPTCODE, STATE,PAY_MODLE, SIM_NUM) values(27281, 'B0000804', '中国移动', 1, '预付费', 13100007280);
insert into T_TERMINALINFO (TERMINAL_ID,TTYPE_ID,SIM_ID,TERMINAL_CODE,ORG_CODE,IS_VIDEO_TERMINAL,SP_SERVER_NAME,PROTOCOL_TYPE,CHANNELS,YT_PROTOCOL_TYPE) values(261281, 4, 27281, '1007280', 'B0000804',1,'1076测试服务器','4',8,'0');
insert into V_VEHICLEINFO (ORG_CODE,VEHICLE_ID,ID_NUMBER,TYPE_ID,TERMINAL_ID,DELETE_FLAG,COLOR_ID_NUMBER_ID,AUTHORIZED_PAY_MASS) values ('B0000804','2601281', '测B07280', 4, 261281, 0, '2',15);

insert into T_SIMINFO (SIM_ID, ORG_CODE, DEPTCODE, STATE,PAY_MODLE, SIM_NUM) values(27282, 'B0000804', '中国移动', 1, '预付费', 13100007281);
insert into T_TERMINALINFO (TERMINAL_ID,TTYPE_ID,SIM_ID,TERMINAL_CODE,ORG_CODE,IS_VIDEO_TERMINAL,SP_SERVER_NAME,PROTOCOL_TYPE,CHANNELS,YT_PROTOCOL_TYPE) values(261282, 4, 27282, '1007281', 'B0000804',1,'1076测试服务器','4',8,'0');
insert into V_VEHICLEINFO (ORG_CODE,VEHICLE_ID,ID_NUMBER,TYPE_ID,TERMINAL_ID,DELETE_FLAG,COLOR_ID_NUMBER_ID,AUTHORIZED_PAY_MASS) values ('B0000804','2601282', '测B07281', 4, 261282, 0, '2',15);

insert into T_SIMINFO (SIM_ID, ORG_CODE, DEPTCODE, STATE,PAY_MODLE, SIM_NUM) values(27283, 'B0000804', '中国移动', 1, '预付费', 13100007282);
insert into T_TERMINALINFO (TERMINAL_ID,TTYPE_ID,SIM_ID,TERMINAL_CODE,ORG_CODE,IS_VIDEO_TERMINAL,SP_SERVER_NAME,PROTOCOL_TYPE,CHANNELS,YT_PROTOCOL_TYPE) values(261283, 4, 27283, '1007282', 'B0000804',1,'1076测试服务器','4',8,'0');
insert into V_VEHICLEINFO (ORG_CODE,VEHICLE_ID,ID_NUMBER,TYPE_ID,TERMINAL_ID,DELETE_FLAG,COLOR_ID_NUMBER_ID,AUTHORIZED_PAY_MASS) values ('B0000804','2601283', '测B07282', 4, 261283, 0, '2',15);

insert into T_SIMINFO (SIM_ID, ORG_CODE, DEPTCODE, STATE,PAY_MODLE, SIM_NUM) values(27284, 'B0000804', '中国移动', 1, '预付费', 13100007283);
insert into T_TERMINALINFO (TERMINAL_ID,TTYPE_ID,SIM_ID,TERMINAL_CODE,ORG_CODE,IS_VIDEO_TERMINAL,SP_SERVER_NAME,PROTOCOL_TYPE,CHANNELS,YT_PROTOCOL_TYPE) values(261284, 4, 27284, '1007283', 'B0000804',1,'1076测试服务器','4',8,'0');
insert into V_VEHICLEINFO (ORG_CODE,VEHICLE_ID,ID_NUMBER,TYPE_ID,TERMINAL_ID,DELETE_FLAG,COLOR_ID_NUMBER_ID,AUTHORIZED_PAY_MASS) values ('B0000804','2601284', '测B07283', 4, 261284, 0, '2',15);

insert into T_SIMINFO (SIM_ID, ORG_CODE, DEPTCODE, STATE,PAY_MODLE, SIM_NUM) values(27285, 'B0000804', '中国移动', 1, '预付费', 13100007284);
insert into T_TERMINALINFO (TERMINAL_ID,TTYPE_ID,SIM_ID,TERMINAL_CODE,ORG_CODE,IS_VIDEO_TERMINAL,SP_SERVER_NAME,PROTOCOL_TYPE,CHANNELS,YT_PROTOCOL_TYPE) values(261285, 4, 27285, '1007284', 'B0000804',1,'1076测试服务器','4',8,'0');
insert into V_VEHICLEINFO (ORG_CODE,VEHICLE_ID,ID_NUMBER,TYPE_ID,TERMINAL_ID,DELETE_FLAG,COLOR_ID_NUMBER_ID,AUTHORIZED_PAY_MASS) values ('B0000804','2601285', '测B07284', 4, 261285, 0, '2',15);

insert into T_SIMINFO (SIM_ID, ORG_CODE, DEPTCODE, STATE,PAY_MODLE, SIM_NUM) values(27286, 'B0000804', '中国移动', 1, '预付费', 13100007285);
insert into T_TERMINALINFO (TERMINAL_ID,TTYPE_ID,SIM_ID,TERMINAL_CODE,ORG_CODE,IS_VIDEO_TERMINAL,SP_SERVER_NAME,PROTOCOL_TYPE,CHANNELS,YT_PROTOCOL_TYPE) values(261286, 4, 27286, '1007285', 'B0000804',1,'1076测试服务器','4',8,'0');
insert into V_VEHICLEINFO (ORG_CODE,VEHICLE_ID,ID_NUMBER,TYPE_ID,TERMINAL_ID,DELETE_FLAG,COLOR_ID_NUMBER_ID,AUTHORIZED_PAY_MASS) values ('B0000804','2601286', '测B07285', 4, 261286, 0, '2',15);

insert into T_SIMINFO (SIM_ID, ORG_CODE, DEPTCODE, STATE,PAY_MODLE, SIM_NUM) values(27287, 'B0000804', '中国移动', 1, '预付费', 13100007286);
insert into T_TERMINALINFO (TERMINAL_ID,TTYPE_ID,SIM_ID,TERMINAL_CODE,ORG_CODE,IS_VIDEO_TERMINAL,SP_SERVER_NAME,PROTOCOL_TYPE,CHANNELS,YT_PROTOCOL_TYPE) values(261287, 4, 27287, '1007286', 'B0000804',1,'1076测试服务器','4',8,'0');
insert into V_VEHICLEINFO (ORG_CODE,VEHICLE_ID,ID_NUMBER,TYPE_ID,TERMINAL_ID,DELETE_FLAG,COLOR_ID_NUMBER_ID,AUTHORIZED_PAY_MASS) values ('B0000804','2601287', '测B07286', 4, 261287, 0, '2',15);

insert into T_SIMINFO (SIM_ID, ORG_CODE, DEPTCODE, STATE,PAY_MODLE, SIM_NUM) values(27288, 'B0000804', '中国移动', 1, '预付费', 13100007287);
insert into T_TERMINALINFO (TERMINAL_ID,TTYPE_ID,SIM_ID,TERMINAL_CODE,ORG_CODE,IS_VIDEO_TERMINAL,SP_SERVER_NAME,PROTOCOL_TYPE,CHANNELS,YT_PROTOCOL_TYPE) values(261288, 4, 27288, '1007287', 'B0000804',1,'1076测试服务器','4',8,'0');
insert into V_VEHICLEINFO (ORG_CODE,VEHICLE_ID,ID_NUMBER,TYPE_ID,TERMINAL_ID,DELETE_FLAG,COLOR_ID_NUMBER_ID,AUTHORIZED_PAY_MASS) values ('B0000804','2601288', '测B07287', 4, 261288, 0, '2',15);

insert into T_SIMINFO (SIM_ID, ORG_CODE, DEPTCODE, STATE,PAY_MODLE, SIM_NUM) values(27289, 'B0000804', '中国移动', 1, '预付费', 13100007288);
insert into T_TERMINALINFO (TERMINAL_ID,TTYPE_ID,SIM_ID,TERMINAL_CODE,ORG_CODE,IS_VIDEO_TERMINAL,SP_SERVER_NAME,PROTOCOL_TYPE,CHANNELS,YT_PROTOCOL_TYPE) values(261289, 4, 27289, '1007288', 'B0000804',1,'1076测试服务器','4',8,'0');
insert into V_VEHICLEINFO (ORG_CODE,VEHICLE_ID,ID_NUMBER,TYPE_ID,TERMINAL_ID,DELETE_FLAG,COLOR_ID_NUMBER_ID,AUTHORIZED_PAY_MASS) values ('B0000804','2601289', '测B07288', 4, 261289, 0, '2',15);

insert into T_SIMINFO (SIM_ID, ORG_CODE, DEPTCODE, STATE,PAY_MODLE, SIM_NUM) values(27290, 'B0000804', '中国移动', 1, '预付费', 13100007289);
insert into T_TERMINALINFO (TERMINAL_ID,TTYPE_ID,SIM_ID,TERMINAL_CODE,ORG_CODE,IS_VIDEO_TERMINAL,SP_SERVER_NAME,PROTOCOL_TYPE,CHANNELS,YT_PROTOCOL_TYPE) values(261290, 4, 27290, '1007289', 'B0000804',1,'1076测试服务器','4',8,'0');
insert into V_VEHICLEINFO (ORG_CODE,VEHICLE_ID,ID_NUMBER,TYPE_ID,TERMINAL_ID,DELETE_FLAG,COLOR_ID_NUMBER_ID,AUTHORIZED_PAY_MASS) values ('B0000804','2601290', '测B07289', 4, 261290, 0, '2',15);

insert into T_SIMINFO (SIM_ID, ORG_CODE, DEPTCODE, STATE,PAY_MODLE, SIM_NUM) values(27291, 'B0000804', '中国移动', 1, '预付费', 13100007290);
insert into T_TERMINALINFO (TERMINAL_ID,TTYPE_ID,SIM_ID,TERMINAL_CODE,ORG_CODE,IS_VIDEO_TERMINAL,SP_SERVER_NAME,PROTOCOL_TYPE,CHANNELS,YT_PROTOCOL_TYPE) values(261291, 4, 27291, '1007290', 'B0000804',1,'1076测试服务器','4',8,'0');
insert into V_VEHICLEINFO (ORG_CODE,VEHICLE_ID,ID_NUMBER,TYPE_ID,TERMINAL_ID,DELETE_FLAG,COLOR_ID_NUMBER_ID,AUTHORIZED_PAY_MASS) values ('B0000804','2601291', '测B07290', 4, 261291, 0, '2',15);

insert into T_SIMINFO (SIM_ID, ORG_CODE, DEPTCODE, STATE,PAY_MODLE, SIM_NUM) values(27292, 'B0000804', '中国移动', 1, '预付费', 13100007291);
insert into T_TERMINALINFO (TERMINAL_ID,TTYPE_ID,SIM_ID,TERMINAL_CODE,ORG_CODE,IS_VIDEO_TERMINAL,SP_SERVER_NAME,PROTOCOL_TYPE,CHANNELS,YT_PROTOCOL_TYPE) values(261292, 4, 27292, '1007291', 'B0000804',1,'1076测试服务器','4',8,'0');
insert into V_VEHICLEINFO (ORG_CODE,VEHICLE_ID,ID_NUMBER,TYPE_ID,TERMINAL_ID,DELETE_FLAG,COLOR_ID_NUMBER_ID,AUTHORIZED_PAY_MASS) values ('B0000804','2601292', '测B07291', 4, 261292, 0, '2',15);

insert into T_SIMINFO (SIM_ID, ORG_CODE, DEPTCODE, STATE,PAY_MODLE, SIM_NUM) values(27293, 'B0000804', '中国移动', 1, '预付费', 13100007292);
insert into T_TERMINALINFO (TERMINAL_ID,TTYPE_ID,SIM_ID,TERMINAL_CODE,ORG_CODE,IS_VIDEO_TERMINAL,SP_SERVER_NAME,PROTOCOL_TYPE,CHANNELS,YT_PROTOCOL_TYPE) values(261293, 4, 27293, '1007292', 'B0000804',1,'1076测试服务器','4',8,'0');
insert into V_VEHICLEINFO (ORG_CODE,VEHICLE_ID,ID_NUMBER,TYPE_ID,TERMINAL_ID,DELETE_FLAG,COLOR_ID_NUMBER_ID,AUTHORIZED_PAY_MASS) values ('B0000804','2601293', '测B07292', 4, 261293, 0, '2',15);

insert into T_SIMINFO (SIM_ID, ORG_CODE, DEPTCODE, STATE,PAY_MODLE, SIM_NUM) values(27294, 'B0000804', '中国移动', 1, '预付费', 13100007293);
insert into T_TERMINALINFO (TERMINAL_ID,TTYPE_ID,SIM_ID,TERMINAL_CODE,ORG_CODE,IS_VIDEO_TERMINAL,SP_SERVER_NAME,PROTOCOL_TYPE,CHANNELS,YT_PROTOCOL_TYPE) values(261294, 4, 27294, '1007293', 'B0000804',1,'1076测试服务器','4',8,'0');
insert into V_VEHICLEINFO (ORG_CODE,VEHICLE_ID,ID_NUMBER,TYPE_ID,TERMINAL_ID,DELETE_FLAG,COLOR_ID_NUMBER_ID,AUTHORIZED_PAY_MASS) values ('B0000804','2601294', '测B07293', 4, 261294, 0, '2',15);

insert into T_SIMINFO (SIM_ID, ORG_CODE, DEPTCODE, STATE,PAY_MODLE, SIM_NUM) values(27295, 'B0000804', '中国移动', 1, '预付费', 13100007294);
insert into T_TERMINALINFO (TERMINAL_ID,TTYPE_ID,SIM_ID,TERMINAL_CODE,ORG_CODE,IS_VIDEO_TERMINAL,SP_SERVER_NAME,PROTOCOL_TYPE,CHANNELS,YT_PROTOCOL_TYPE) values(261295, 4, 27295, '1007294', 'B0000804',1,'1076测试服务器','4',8,'0');
insert into V_VEHICLEINFO (ORG_CODE,VEHICLE_ID,ID_NUMBER,TYPE_ID,TERMINAL_ID,DELETE_FLAG,COLOR_ID_NUMBER_ID,AUTHORIZED_PAY_MASS) values ('B0000804','2601295', '测B07294', 4, 261295, 0, '2',15);

insert into T_SIMINFO (SIM_ID, ORG_CODE, DEPTCODE, STATE,PAY_MODLE, SIM_NUM) values(27296, 'B0000804', '中国移动', 1, '预付费', 13100007295);
insert into T_TERMINALINFO (TERMINAL_ID,TTYPE_ID,SIM_ID,TERMINAL_CODE,ORG_CODE,IS_VIDEO_TERMINAL,SP_SERVER_NAME,PROTOCOL_TYPE,CHANNELS,YT_PROTOCOL_TYPE) values(261296, 4, 27296, '1007295', 'B0000804',1,'1076测试服务器','4',8,'0');
insert into V_VEHICLEINFO (ORG_CODE,VEHICLE_ID,ID_NUMBER,TYPE_ID,TERMINAL_ID,DELETE_FLAG,COLOR_ID_NUMBER_ID,AUTHORIZED_PAY_MASS) values ('B0000804','2601296', '测B07295', 4, 261296, 0, '2',15);

insert into T_SIMINFO (SIM_ID, ORG_CODE, DEPTCODE, STATE,PAY_MODLE, SIM_NUM) values(27297, 'B0000804', '中国移动', 1, '预付费', 13100007296);
insert into T_TERMINALINFO (TERMINAL_ID,TTYPE_ID,SIM_ID,TERMINAL_CODE,ORG_CODE,IS_VIDEO_TERMINAL,SP_SERVER_NAME,PROTOCOL_TYPE,CHANNELS,YT_PROTOCOL_TYPE) values(261297, 4, 27297, '1007296', 'B0000804',1,'1076测试服务器','4',8,'0');
insert into V_VEHICLEINFO (ORG_CODE,VEHICLE_ID,ID_NUMBER,TYPE_ID,TERMINAL_ID,DELETE_FLAG,COLOR_ID_NUMBER_ID,AUTHORIZED_PAY_MASS) values ('B0000804','2601297', '测B07296', 4, 261297, 0, '2',15);

insert into T_SIMINFO (SIM_ID, ORG_CODE, DEPTCODE, STATE,PAY_MODLE, SIM_NUM) values(27298, 'B0000804', '中国移动', 1, '预付费', 13100007297);
insert into T_TERMINALINFO (TERMINAL_ID,TTYPE_ID,SIM_ID,TERMINAL_CODE,ORG_CODE,IS_VIDEO_TERMINAL,SP_SERVER_NAME,PROTOCOL_TYPE,CHANNELS,YT_PROTOCOL_TYPE) values(261298, 4, 27298, '1007297', 'B0000804',1,'1076测试服务器','4',8,'0');
insert into V_VEHICLEINFO (ORG_CODE,VEHICLE_ID,ID_NUMBER,TYPE_ID,TERMINAL_ID,DELETE_FLAG,COLOR_ID_NUMBER_ID,AUTHORIZED_PAY_MASS) values ('B0000804','2601298', '测B07297', 4, 261298, 0, '2',15);

insert into T_SIMINFO (SIM_ID, ORG_CODE, DEPTCODE, STATE,PAY_MODLE, SIM_NUM) values(27299, 'B0000804', '中国移动', 1, '预付费', 13100007298);
insert into T_TERMINALINFO (TERMINAL_ID,TTYPE_ID,SIM_ID,TERMINAL_CODE,ORG_CODE,IS_VIDEO_TERMINAL,SP_SERVER_NAME,PROTOCOL_TYPE,CHANNELS,YT_PROTOCOL_TYPE) values(261299, 4, 27299, '1007298', 'B0000804',1,'1076测试服务器','4',8,'0');
insert into V_VEHICLEINFO (ORG_CODE,VEHICLE_ID,ID_NUMBER,TYPE_ID,TERMINAL_ID,DELETE_FLAG,COLOR_ID_NUMBER_ID,AUTHORIZED_PAY_MASS) values ('B0000804','2601299', '测B07298', 4, 261299, 0, '2',15);

insert into T_SIMINFO (SIM_ID, ORG_CODE, DEPTCODE, STATE,PAY_MODLE, SIM_NUM) values(27300, 'B0000804', '中国移动', 1, '预付费', 13100007299);
insert into T_TERMINALINFO (TERMINAL_ID,TTYPE_ID,SIM_ID,TERMINAL_CODE,ORG_CODE,IS_VIDEO_TERMINAL,SP_SERVER_NAME,PROTOCOL_TYPE,CHANNELS,YT_PROTOCOL_TYPE) values(261300, 4, 27300, '1007299', 'B0000804',1,'1076测试服务器','4',8,'0');
insert into V_VEHICLEINFO (ORG_CODE,VEHICLE_ID,ID_NUMBER,TYPE_ID,TERMINAL_ID,DELETE_FLAG,COLOR_ID_NUMBER_ID,AUTHORIZED_PAY_MASS) values ('B0000804','2601300', '测B07299', 4, 261300, 0, '2',15);

insert into T_SIMINFO (SIM_ID, ORG_CODE, DEPTCODE, STATE,PAY_MODLE, SIM_NUM) values(27301, 'B0000804', '中国移动', 1, '预付费', 13100007300);
insert into T_TERMINALINFO (TERMINAL_ID,TTYPE_ID,SIM_ID,TERMINAL_CODE,ORG_CODE,IS_VIDEO_TERMINAL,SP_SERVER_NAME,PROTOCOL_TYPE,CHANNELS,YT_PROTOCOL_TYPE) values(261301, 4, 27301, '1007300', 'B0000804',1,'1076测试服务器','4',8,'0');
insert into V_VEHICLEINFO (ORG_CODE,VEHICLE_ID,ID_NUMBER,TYPE_ID,TERMINAL_ID,DELETE_FLAG,COLOR_ID_NUMBER_ID,AUTHORIZED_PAY_MASS) values ('B0000804','2601301', '测B07300', 4, 261301, 0, '2',15);

insert into T_SIMINFO (SIM_ID, ORG_CODE, DEPTCODE, STATE,PAY_MODLE, SIM_NUM) values(27302, 'B0000804', '中国移动', 1, '预付费', 13100007301);
insert into T_TERMINALINFO (TERMINAL_ID,TTYPE_ID,SIM_ID,TERMINAL_CODE,ORG_CODE,IS_VIDEO_TERMINAL,SP_SERVER_NAME,PROTOCOL_TYPE,CHANNELS,YT_PROTOCOL_TYPE) values(261302, 4, 27302, '1007301', 'B0000804',1,'1076测试服务器','4',8,'0');
insert into V_VEHICLEINFO (ORG_CODE,VEHICLE_ID,ID_NUMBER,TYPE_ID,TERMINAL_ID,DELETE_FLAG,COLOR_ID_NUMBER_ID,AUTHORIZED_PAY_MASS) values ('B0000804','2601302', '测B07301', 4, 261302, 0, '2',15);

insert into T_SIMINFO (SIM_ID, ORG_CODE, DEPTCODE, STATE,PAY_MODLE, SIM_NUM) values(27303, 'B0000804', '中国移动', 1, '预付费', 13100007302);
insert into T_TERMINALINFO (TERMINAL_ID,TTYPE_ID,SIM_ID,TERMINAL_CODE,ORG_CODE,IS_VIDEO_TERMINAL,SP_SERVER_NAME,PROTOCOL_TYPE,CHANNELS,YT_PROTOCOL_TYPE) values(261303, 4, 27303, '1007302', 'B0000804',1,'1076测试服务器','4',8,'0');
insert into V_VEHICLEINFO (ORG_CODE,VEHICLE_ID,ID_NUMBER,TYPE_ID,TERMINAL_ID,DELETE_FLAG,COLOR_ID_NUMBER_ID,AUTHORIZED_PAY_MASS) values ('B0000804','2601303', '测B07302', 4, 261303, 0, '2',15);

insert into T_SIMINFO (SIM_ID, ORG_CODE, DEPTCODE, STATE,PAY_MODLE, SIM_NUM) values(27304, 'B0000804', '中国移动', 1, '预付费', 13100007303);
insert into T_TERMINALINFO (TERMINAL_ID,TTYPE_ID,SIM_ID,TERMINAL_CODE,ORG_CODE,IS_VIDEO_TERMINAL,SP_SERVER_NAME,PROTOCOL_TYPE,CHANNELS,YT_PROTOCOL_TYPE) values(261304, 4, 27304, '1007303', 'B0000804',1,'1076测试服务器','4',8,'0');
insert into V_VEHICLEINFO (ORG_CODE,VEHICLE_ID,ID_NUMBER,TYPE_ID,TERMINAL_ID,DELETE_FLAG,COLOR_ID_NUMBER_ID,AUTHORIZED_PAY_MASS) values ('B0000804','2601304', '测B07303', 4, 261304, 0, '2',15);

insert into T_SIMINFO (SIM_ID, ORG_CODE, DEPTCODE, STATE,PAY_MODLE, SIM_NUM) values(27305, 'B0000804', '中国移动', 1, '预付费', 13100007304);
insert into T_TERMINALINFO (TERMINAL_ID,TTYPE_ID,SIM_ID,TERMINAL_CODE,ORG_CODE,IS_VIDEO_TERMINAL,SP_SERVER_NAME,PROTOCOL_TYPE,CHANNELS,YT_PROTOCOL_TYPE) values(261305, 4, 27305, '1007304', 'B0000804',1,'1076测试服务器','4',8,'0');
insert into V_VEHICLEINFO (ORG_CODE,VEHICLE_ID,ID_NUMBER,TYPE_ID,TERMINAL_ID,DELETE_FLAG,COLOR_ID_NUMBER_ID,AUTHORIZED_PAY_MASS) values ('B0000804','2601305', '测B07304', 4, 261305, 0, '2',15);

insert into T_SIMINFO (SIM_ID, ORG_CODE, DEPTCODE, STATE,PAY_MODLE, SIM_NUM) values(27306, 'B0000804', '中国移动', 1, '预付费', 13100007305);
insert into T_TERMINALINFO (TERMINAL_ID,TTYPE_ID,SIM_ID,TERMINAL_CODE,ORG_CODE,IS_VIDEO_TERMINAL,SP_SERVER_NAME,PROTOCOL_TYPE,CHANNELS,YT_PROTOCOL_TYPE) values(261306, 4, 27306, '1007305', 'B0000804',1,'1076测试服务器','4',8,'0');
insert into V_VEHICLEINFO (ORG_CODE,VEHICLE_ID,ID_NUMBER,TYPE_ID,TERMINAL_ID,DELETE_FLAG,COLOR_ID_NUMBER_ID,AUTHORIZED_PAY_MASS) values ('B0000804','2601306', '测B07305', 4, 261306, 0, '2',15);

insert into T_SIMINFO (SIM_ID, ORG_CODE, DEPTCODE, STATE,PAY_MODLE, SIM_NUM) values(27307, 'B0000804', '中国移动', 1, '预付费', 13100007306);
insert into T_TERMINALINFO (TERMINAL_ID,TTYPE_ID,SIM_ID,TERMINAL_CODE,ORG_CODE,IS_VIDEO_TERMINAL,SP_SERVER_NAME,PROTOCOL_TYPE,CHANNELS,YT_PROTOCOL_TYPE) values(261307, 4, 27307, '1007306', 'B0000804',1,'1076测试服务器','4',8,'0');
insert into V_VEHICLEINFO (ORG_CODE,VEHICLE_ID,ID_NUMBER,TYPE_ID,TERMINAL_ID,DELETE_FLAG,COLOR_ID_NUMBER_ID,AUTHORIZED_PAY_MASS) values ('B0000804','2601307', '测B07306', 4, 261307, 0, '2',15);

insert into T_SIMINFO (SIM_ID, ORG_CODE, DEPTCODE, STATE,PAY_MODLE, SIM_NUM) values(27308, 'B0000804', '中国移动', 1, '预付费', 13100007307);
insert into T_TERMINALINFO (TERMINAL_ID,TTYPE_ID,SIM_ID,TERMINAL_CODE,ORG_CODE,IS_VIDEO_TERMINAL,SP_SERVER_NAME,PROTOCOL_TYPE,CHANNELS,YT_PROTOCOL_TYPE) values(261308, 4, 27308, '1007307', 'B0000804',1,'1076测试服务器','4',8,'0');
insert into V_VEHICLEINFO (ORG_CODE,VEHICLE_ID,ID_NUMBER,TYPE_ID,TERMINAL_ID,DELETE_FLAG,COLOR_ID_NUMBER_ID,AUTHORIZED_PAY_MASS) values ('B0000804','2601308', '测B07307', 4, 261308, 0, '2',15);

insert into T_SIMINFO (SIM_ID, ORG_CODE, DEPTCODE, STATE,PAY_MODLE, SIM_NUM) values(27309, 'B0000804', '中国移动', 1, '预付费', 13100007308);
insert into T_TERMINALINFO (TERMINAL_ID,TTYPE_ID,SIM_ID,TERMINAL_CODE,ORG_CODE,IS_VIDEO_TERMINAL,SP_SERVER_NAME,PROTOCOL_TYPE,CHANNELS,YT_PROTOCOL_TYPE) values(261309, 4, 27309, '1007308', 'B0000804',1,'1076测试服务器','4',8,'0');
insert into V_VEHICLEINFO (ORG_CODE,VEHICLE_ID,ID_NUMBER,TYPE_ID,TERMINAL_ID,DELETE_FLAG,COLOR_ID_NUMBER_ID,AUTHORIZED_PAY_MASS) values ('B0000804','2601309', '测B07308', 4, 261309, 0, '2',15);

insert into T_SIMINFO (SIM_ID, ORG_CODE, DEPTCODE, STATE,PAY_MODLE, SIM_NUM) values(27310, 'B0000804', '中国移动', 1, '预付费', 13100007309);
insert into T_TERMINALINFO (TERMINAL_ID,TTYPE_ID,SIM_ID,TERMINAL_CODE,ORG_CODE,IS_VIDEO_TERMINAL,SP_SERVER_NAME,PROTOCOL_TYPE,CHANNELS,YT_PROTOCOL_TYPE) values(261310, 4, 27310, '1007309', 'B0000804',1,'1076测试服务器','4',8,'0');
insert into V_VEHICLEINFO (ORG_CODE,VEHICLE_ID,ID_NUMBER,TYPE_ID,TERMINAL_ID,DELETE_FLAG,COLOR_ID_NUMBER_ID,AUTHORIZED_PAY_MASS) values ('B0000804','2601310', '测B07309', 4, 261310, 0, '2',15);

insert into T_SIMINFO (SIM_ID, ORG_CODE, DEPTCODE, STATE,PAY_MODLE, SIM_NUM) values(27311, 'B0000804', '中国移动', 1, '预付费', 13100007310);
insert into T_TERMINALINFO (TERMINAL_ID,TTYPE_ID,SIM_ID,TERMINAL_CODE,ORG_CODE,IS_VIDEO_TERMINAL,SP_SERVER_NAME,PROTOCOL_TYPE,CHANNELS,YT_PROTOCOL_TYPE) values(261311, 4, 27311, '1007310', 'B0000804',1,'1076测试服务器','4',8,'0');
insert into V_VEHICLEINFO (ORG_CODE,VEHICLE_ID,ID_NUMBER,TYPE_ID,TERMINAL_ID,DELETE_FLAG,COLOR_ID_NUMBER_ID,AUTHORIZED_PAY_MASS) values ('B0000804','2601311', '测B07310', 4, 261311, 0, '2',15);

insert into T_SIMINFO (SIM_ID, ORG_CODE, DEPTCODE, STATE,PAY_MODLE, SIM_NUM) values(27312, 'B0000804', '中国移动', 1, '预付费', 13100007311);
insert into T_TERMINALINFO (TERMINAL_ID,TTYPE_ID,SIM_ID,TERMINAL_CODE,ORG_CODE,IS_VIDEO_TERMINAL,SP_SERVER_NAME,PROTOCOL_TYPE,CHANNELS,YT_PROTOCOL_TYPE) values(261312, 4, 27312, '1007311', 'B0000804',1,'1076测试服务器','4',8,'0');
insert into V_VEHICLEINFO (ORG_CODE,VEHICLE_ID,ID_NUMBER,TYPE_ID,TERMINAL_ID,DELETE_FLAG,COLOR_ID_NUMBER_ID,AUTHORIZED_PAY_MASS) values ('B0000804','2601312', '测B07311', 4, 261312, 0, '2',15);

insert into T_SIMINFO (SIM_ID, ORG_CODE, DEPTCODE, STATE,PAY_MODLE, SIM_NUM) values(27313, 'B0000804', '中国移动', 1, '预付费', 13100007312);
insert into T_TERMINALINFO (TERMINAL_ID,TTYPE_ID,SIM_ID,TERMINAL_CODE,ORG_CODE,IS_VIDEO_TERMINAL,SP_SERVER_NAME,PROTOCOL_TYPE,CHANNELS,YT_PROTOCOL_TYPE) values(261313, 4, 27313, '1007312', 'B0000804',1,'1076测试服务器','4',8,'0');
insert into V_VEHICLEINFO (ORG_CODE,VEHICLE_ID,ID_NUMBER,TYPE_ID,TERMINAL_ID,DELETE_FLAG,COLOR_ID_NUMBER_ID,AUTHORIZED_PAY_MASS) values ('B0000804','2601313', '测B07312', 4, 261313, 0, '2',15);

insert into T_SIMINFO (SIM_ID, ORG_CODE, DEPTCODE, STATE,PAY_MODLE, SIM_NUM) values(27314, 'B0000804', '中国移动', 1, '预付费', 13100007313);
insert into T_TERMINALINFO (TERMINAL_ID,TTYPE_ID,SIM_ID,TERMINAL_CODE,ORG_CODE,IS_VIDEO_TERMINAL,SP_SERVER_NAME,PROTOCOL_TYPE,CHANNELS,YT_PROTOCOL_TYPE) values(261314, 4, 27314, '1007313', 'B0000804',1,'1076测试服务器','4',8,'0');
insert into V_VEHICLEINFO (ORG_CODE,VEHICLE_ID,ID_NUMBER,TYPE_ID,TERMINAL_ID,DELETE_FLAG,COLOR_ID_NUMBER_ID,AUTHORIZED_PAY_MASS) values ('B0000804','2601314', '测B07313', 4, 261314, 0, '2',15);

insert into T_SIMINFO (SIM_ID, ORG_CODE, DEPTCODE, STATE,PAY_MODLE, SIM_NUM) values(27315, 'B0000804', '中国移动', 1, '预付费', 13100007314);
insert into T_TERMINALINFO (TERMINAL_ID,TTYPE_ID,SIM_ID,TERMINAL_CODE,ORG_CODE,IS_VIDEO_TERMINAL,SP_SERVER_NAME,PROTOCOL_TYPE,CHANNELS,YT_PROTOCOL_TYPE) values(261315, 4, 27315, '1007314', 'B0000804',1,'1076测试服务器','4',8,'0');
insert into V_VEHICLEINFO (ORG_CODE,VEHICLE_ID,ID_NUMBER,TYPE_ID,TERMINAL_ID,DELETE_FLAG,COLOR_ID_NUMBER_ID,AUTHORIZED_PAY_MASS) values ('B0000804','2601315', '测B07314', 4, 261315, 0, '2',15);

insert into T_SIMINFO (SIM_ID, ORG_CODE, DEPTCODE, STATE,PAY_MODLE, SIM_NUM) values(27316, 'B0000804', '中国移动', 1, '预付费', 13100007315);
insert into T_TERMINALINFO (TERMINAL_ID,TTYPE_ID,SIM_ID,TERMINAL_CODE,ORG_CODE,IS_VIDEO_TERMINAL,SP_SERVER_NAME,PROTOCOL_TYPE,CHANNELS,YT_PROTOCOL_TYPE) values(261316, 4, 27316, '1007315', 'B0000804',1,'1076测试服务器','4',8,'0');
insert into V_VEHICLEINFO (ORG_CODE,VEHICLE_ID,ID_NUMBER,TYPE_ID,TERMINAL_ID,DELETE_FLAG,COLOR_ID_NUMBER_ID,AUTHORIZED_PAY_MASS) values ('B0000804','2601316', '测B07315', 4, 261316, 0, '2',15);

insert into T_SIMINFO (SIM_ID, ORG_CODE, DEPTCODE, STATE,PAY_MODLE, SIM_NUM) values(27317, 'B0000804', '中国移动', 1, '预付费', 13100007316);
insert into T_TERMINALINFO (TERMINAL_ID,TTYPE_ID,SIM_ID,TERMINAL_CODE,ORG_CODE,IS_VIDEO_TERMINAL,SP_SERVER_NAME,PROTOCOL_TYPE,CHANNELS,YT_PROTOCOL_TYPE) values(261317, 4, 27317, '1007316', 'B0000804',1,'1076测试服务器','4',8,'0');
insert into V_VEHICLEINFO (ORG_CODE,VEHICLE_ID,ID_NUMBER,TYPE_ID,TERMINAL_ID,DELETE_FLAG,COLOR_ID_NUMBER_ID,AUTHORIZED_PAY_MASS) values ('B0000804','2601317', '测B07316', 4, 261317, 0, '2',15);

insert into T_SIMINFO (SIM_ID, ORG_CODE, DEPTCODE, STATE,PAY_MODLE, SIM_NUM) values(27318, 'B0000804', '中国移动', 1, '预付费', 13100007317);
insert into T_TERMINALINFO (TERMINAL_ID,TTYPE_ID,SIM_ID,TERMINAL_CODE,ORG_CODE,IS_VIDEO_TERMINAL,SP_SERVER_NAME,PROTOCOL_TYPE,CHANNELS,YT_PROTOCOL_TYPE) values(261318, 4, 27318, '1007317', 'B0000804',1,'1076测试服务器','4',8,'0');
insert into V_VEHICLEINFO (ORG_CODE,VEHICLE_ID,ID_NUMBER,TYPE_ID,TERMINAL_ID,DELETE_FLAG,COLOR_ID_NUMBER_ID,AUTHORIZED_PAY_MASS) values ('B0000804','2601318', '测B07317', 4, 261318, 0, '2',15);

insert into T_SIMINFO (SIM_ID, ORG_CODE, DEPTCODE, STATE,PAY_MODLE, SIM_NUM) values(27319, 'B0000804', '中国移动', 1, '预付费', 13100007318);
insert into T_TERMINALINFO (TERMINAL_ID,TTYPE_ID,SIM_ID,TERMINAL_CODE,ORG_CODE,IS_VIDEO_TERMINAL,SP_SERVER_NAME,PROTOCOL_TYPE,CHANNELS,YT_PROTOCOL_TYPE) values(261319, 4, 27319, '1007318', 'B0000804',1,'1076测试服务器','4',8,'0');
insert into V_VEHICLEINFO (ORG_CODE,VEHICLE_ID,ID_NUMBER,TYPE_ID,TERMINAL_ID,DELETE_FLAG,COLOR_ID_NUMBER_ID,AUTHORIZED_PAY_MASS) values ('B0000804','2601319', '测B07318', 4, 261319, 0, '2',15);

insert into T_SIMINFO (SIM_ID, ORG_CODE, DEPTCODE, STATE,PAY_MODLE, SIM_NUM) values(27320, 'B0000804', '中国移动', 1, '预付费', 13100007319);
insert into T_TERMINALINFO (TERMINAL_ID,TTYPE_ID,SIM_ID,TERMINAL_CODE,ORG_CODE,IS_VIDEO_TERMINAL,SP_SERVER_NAME,PROTOCOL_TYPE,CHANNELS,YT_PROTOCOL_TYPE) values(261320, 4, 27320, '1007319', 'B0000804',1,'1076测试服务器','4',8,'0');
insert into V_VEHICLEINFO (ORG_CODE,VEHICLE_ID,ID_NUMBER,TYPE_ID,TERMINAL_ID,DELETE_FLAG,COLOR_ID_NUMBER_ID,AUTHORIZED_PAY_MASS) values ('B0000804','2601320', '测B07319', 4, 261320, 0, '2',15);

insert into T_SIMINFO (SIM_ID, ORG_CODE, DEPTCODE, STATE,PAY_MODLE, SIM_NUM) values(27321, 'B0000804', '中国移动', 1, '预付费', 13100007320);
insert into T_TERMINALINFO (TERMINAL_ID,TTYPE_ID,SIM_ID,TERMINAL_CODE,ORG_CODE,IS_VIDEO_TERMINAL,SP_SERVER_NAME,PROTOCOL_TYPE,CHANNELS,YT_PROTOCOL_TYPE) values(261321, 4, 27321, '1007320', 'B0000804',1,'1076测试服务器','4',8,'0');
insert into V_VEHICLEINFO (ORG_CODE,VEHICLE_ID,ID_NUMBER,TYPE_ID,TERMINAL_ID,DELETE_FLAG,COLOR_ID_NUMBER_ID,AUTHORIZED_PAY_MASS) values ('B0000804','2601321', '测B07320', 4, 261321, 0, '2',15);

insert into T_SIMINFO (SIM_ID, ORG_CODE, DEPTCODE, STATE,PAY_MODLE, SIM_NUM) values(27322, 'B0000804', '中国移动', 1, '预付费', 13100007321);
insert into T_TERMINALINFO (TERMINAL_ID,TTYPE_ID,SIM_ID,TERMINAL_CODE,ORG_CODE,IS_VIDEO_TERMINAL,SP_SERVER_NAME,PROTOCOL_TYPE,CHANNELS,YT_PROTOCOL_TYPE) values(261322, 4, 27322, '1007321', 'B0000804',1,'1076测试服务器','4',8,'0');
insert into V_VEHICLEINFO (ORG_CODE,VEHICLE_ID,ID_NUMBER,TYPE_ID,TERMINAL_ID,DELETE_FLAG,COLOR_ID_NUMBER_ID,AUTHORIZED_PAY_MASS) values ('B0000804','2601322', '测B07321', 4, 261322, 0, '2',15);

insert into T_SIMINFO (SIM_ID, ORG_CODE, DEPTCODE, STATE,PAY_MODLE, SIM_NUM) values(27323, 'B0000804', '中国移动', 1, '预付费', 13100007322);
insert into T_TERMINALINFO (TERMINAL_ID,TTYPE_ID,SIM_ID,TERMINAL_CODE,ORG_CODE,IS_VIDEO_TERMINAL,SP_SERVER_NAME,PROTOCOL_TYPE,CHANNELS,YT_PROTOCOL_TYPE) values(261323, 4, 27323, '1007322', 'B0000804',1,'1076测试服务器','4',8,'0');
insert into V_VEHICLEINFO (ORG_CODE,VEHICLE_ID,ID_NUMBER,TYPE_ID,TERMINAL_ID,DELETE_FLAG,COLOR_ID_NUMBER_ID,AUTHORIZED_PAY_MASS) values ('B0000804','2601323', '测B07322', 4, 261323, 0, '2',15);

insert into T_SIMINFO (SIM_ID, ORG_CODE, DEPTCODE, STATE,PAY_MODLE, SIM_NUM) values(27324, 'B0000804', '中国移动', 1, '预付费', 13100007323);
insert into T_TERMINALINFO (TERMINAL_ID,TTYPE_ID,SIM_ID,TERMINAL_CODE,ORG_CODE,IS_VIDEO_TERMINAL,SP_SERVER_NAME,PROTOCOL_TYPE,CHANNELS,YT_PROTOCOL_TYPE) values(261324, 4, 27324, '1007323', 'B0000804',1,'1076测试服务器','4',8,'0');
insert into V_VEHICLEINFO (ORG_CODE,VEHICLE_ID,ID_NUMBER,TYPE_ID,TERMINAL_ID,DELETE_FLAG,COLOR_ID_NUMBER_ID,AUTHORIZED_PAY_MASS) values ('B0000804','2601324', '测B07323', 4, 261324, 0, '2',15);

insert into T_SIMINFO (SIM_ID, ORG_CODE, DEPTCODE, STATE,PAY_MODLE, SIM_NUM) values(27325, 'B0000804', '中国移动', 1, '预付费', 13100007324);
insert into T_TERMINALINFO (TERMINAL_ID,TTYPE_ID,SIM_ID,TERMINAL_CODE,ORG_CODE,IS_VIDEO_TERMINAL,SP_SERVER_NAME,PROTOCOL_TYPE,CHANNELS,YT_PROTOCOL_TYPE) values(261325, 4, 27325, '1007324', 'B0000804',1,'1076测试服务器','4',8,'0');
insert into V_VEHICLEINFO (ORG_CODE,VEHICLE_ID,ID_NUMBER,TYPE_ID,TERMINAL_ID,DELETE_FLAG,COLOR_ID_NUMBER_ID,AUTHORIZED_PAY_MASS) values ('B0000804','2601325', '测B07324', 4, 261325, 0, '2',15);

insert into T_SIMINFO (SIM_ID, ORG_CODE, DEPTCODE, STATE,PAY_MODLE, SIM_NUM) values(27326, 'B0000804', '中国移动', 1, '预付费', 13100007325);
insert into T_TERMINALINFO (TERMINAL_ID,TTYPE_ID,SIM_ID,TERMINAL_CODE,ORG_CODE,IS_VIDEO_TERMINAL,SP_SERVER_NAME,PROTOCOL_TYPE,CHANNELS,YT_PROTOCOL_TYPE) values(261326, 4, 27326, '1007325', 'B0000804',1,'1076测试服务器','4',8,'0');
insert into V_VEHICLEINFO (ORG_CODE,VEHICLE_ID,ID_NUMBER,TYPE_ID,TERMINAL_ID,DELETE_FLAG,COLOR_ID_NUMBER_ID,AUTHORIZED_PAY_MASS) values ('B0000804','2601326', '测B07325', 4, 261326, 0, '2',15);

insert into T_SIMINFO (SIM_ID, ORG_CODE, DEPTCODE, STATE,PAY_MODLE, SIM_NUM) values(27327, 'B0000804', '中国移动', 1, '预付费', 13100007326);
insert into T_TERMINALINFO (TERMINAL_ID,TTYPE_ID,SIM_ID,TERMINAL_CODE,ORG_CODE,IS_VIDEO_TERMINAL,SP_SERVER_NAME,PROTOCOL_TYPE,CHANNELS,YT_PROTOCOL_TYPE) values(261327, 4, 27327, '1007326', 'B0000804',1,'1076测试服务器','4',8,'0');
insert into V_VEHICLEINFO (ORG_CODE,VEHICLE_ID,ID_NUMBER,TYPE_ID,TERMINAL_ID,DELETE_FLAG,COLOR_ID_NUMBER_ID,AUTHORIZED_PAY_MASS) values ('B0000804','2601327', '测B07326', 4, 261327, 0, '2',15);

insert into T_SIMINFO (SIM_ID, ORG_CODE, DEPTCODE, STATE,PAY_MODLE, SIM_NUM) values(27328, 'B0000804', '中国移动', 1, '预付费', 13100007327);
insert into T_TERMINALINFO (TERMINAL_ID,TTYPE_ID,SIM_ID,TERMINAL_CODE,ORG_CODE,IS_VIDEO_TERMINAL,SP_SERVER_NAME,PROTOCOL_TYPE,CHANNELS,YT_PROTOCOL_TYPE) values(261328, 4, 27328, '1007327', 'B0000804',1,'1076测试服务器','4',8,'0');
insert into V_VEHICLEINFO (ORG_CODE,VEHICLE_ID,ID_NUMBER,TYPE_ID,TERMINAL_ID,DELETE_FLAG,COLOR_ID_NUMBER_ID,AUTHORIZED_PAY_MASS) values ('B0000804','2601328', '测B07327', 4, 261328, 0, '2',15);

insert into T_SIMINFO (SIM_ID, ORG_CODE, DEPTCODE, STATE,PAY_MODLE, SIM_NUM) values(27329, 'B0000804', '中国移动', 1, '预付费', 13100007328);
insert into T_TERMINALINFO (TERMINAL_ID,TTYPE_ID,SIM_ID,TERMINAL_CODE,ORG_CODE,IS_VIDEO_TERMINAL,SP_SERVER_NAME,PROTOCOL_TYPE,CHANNELS,YT_PROTOCOL_TYPE) values(261329, 4, 27329, '1007328', 'B0000804',1,'1076测试服务器','4',8,'0');
insert into V_VEHICLEINFO (ORG_CODE,VEHICLE_ID,ID_NUMBER,TYPE_ID,TERMINAL_ID,DELETE_FLAG,COLOR_ID_NUMBER_ID,AUTHORIZED_PAY_MASS) values ('B0000804','2601329', '测B07328', 4, 261329, 0, '2',15);

insert into T_SIMINFO (SIM_ID, ORG_CODE, DEPTCODE, STATE,PAY_MODLE, SIM_NUM) values(27330, 'B0000804', '中国移动', 1, '预付费', 13100007329);
insert into T_TERMINALINFO (TERMINAL_ID,TTYPE_ID,SIM_ID,TERMINAL_CODE,ORG_CODE,IS_VIDEO_TERMINAL,SP_SERVER_NAME,PROTOCOL_TYPE,CHANNELS,YT_PROTOCOL_TYPE) values(261330, 4, 27330, '1007329', 'B0000804',1,'1076测试服务器','4',8,'0');
insert into V_VEHICLEINFO (ORG_CODE,VEHICLE_ID,ID_NUMBER,TYPE_ID,TERMINAL_ID,DELETE_FLAG,COLOR_ID_NUMBER_ID,AUTHORIZED_PAY_MASS) values ('B0000804','2601330', '测B07329', 4, 261330, 0, '2',15);

insert into T_SIMINFO (SIM_ID, ORG_CODE, DEPTCODE, STATE,PAY_MODLE, SIM_NUM) values(27331, 'B0000804', '中国移动', 1, '预付费', 13100007330);
insert into T_TERMINALINFO (TERMINAL_ID,TTYPE_ID,SIM_ID,TERMINAL_CODE,ORG_CODE,IS_VIDEO_TERMINAL,SP_SERVER_NAME,PROTOCOL_TYPE,CHANNELS,YT_PROTOCOL_TYPE) values(261331, 4, 27331, '1007330', 'B0000804',1,'1076测试服务器','4',8,'0');
insert into V_VEHICLEINFO (ORG_CODE,VEHICLE_ID,ID_NUMBER,TYPE_ID,TERMINAL_ID,DELETE_FLAG,COLOR_ID_NUMBER_ID,AUTHORIZED_PAY_MASS) values ('B0000804','2601331', '测B07330', 4, 261331, 0, '2',15);

insert into T_SIMINFO (SIM_ID, ORG_CODE, DEPTCODE, STATE,PAY_MODLE, SIM_NUM) values(27332, 'B0000804', '中国移动', 1, '预付费', 13100007331);
insert into T_TERMINALINFO (TERMINAL_ID,TTYPE_ID,SIM_ID,TERMINAL_CODE,ORG_CODE,IS_VIDEO_TERMINAL,SP_SERVER_NAME,PROTOCOL_TYPE,CHANNELS,YT_PROTOCOL_TYPE) values(261332, 4, 27332, '1007331', 'B0000804',1,'1076测试服务器','4',8,'0');
insert into V_VEHICLEINFO (ORG_CODE,VEHICLE_ID,ID_NUMBER,TYPE_ID,TERMINAL_ID,DELETE_FLAG,COLOR_ID_NUMBER_ID,AUTHORIZED_PAY_MASS) values ('B0000804','2601332', '测B07331', 4, 261332, 0, '2',15);

insert into T_SIMINFO (SIM_ID, ORG_CODE, DEPTCODE, STATE,PAY_MODLE, SIM_NUM) values(27333, 'B0000804', '中国移动', 1, '预付费', 13100007332);
insert into T_TERMINALINFO (TERMINAL_ID,TTYPE_ID,SIM_ID,TERMINAL_CODE,ORG_CODE,IS_VIDEO_TERMINAL,SP_SERVER_NAME,PROTOCOL_TYPE,CHANNELS,YT_PROTOCOL_TYPE) values(261333, 4, 27333, '1007332', 'B0000804',1,'1076测试服务器','4',8,'0');
insert into V_VEHICLEINFO (ORG_CODE,VEHICLE_ID,ID_NUMBER,TYPE_ID,TERMINAL_ID,DELETE_FLAG,COLOR_ID_NUMBER_ID,AUTHORIZED_PAY_MASS) values ('B0000804','2601333', '测B07332', 4, 261333, 0, '2',15);

insert into T_SIMINFO (SIM_ID, ORG_CODE, DEPTCODE, STATE,PAY_MODLE, SIM_NUM) values(27334, 'B0000804', '中国移动', 1, '预付费', 13100007333);
insert into T_TERMINALINFO (TERMINAL_ID,TTYPE_ID,SIM_ID,TERMINAL_CODE,ORG_CODE,IS_VIDEO_TERMINAL,SP_SERVER_NAME,PROTOCOL_TYPE,CHANNELS,YT_PROTOCOL_TYPE) values(261334, 4, 27334, '1007333', 'B0000804',1,'1076测试服务器','4',8,'0');
insert into V_VEHICLEINFO (ORG_CODE,VEHICLE_ID,ID_NUMBER,TYPE_ID,TERMINAL_ID,DELETE_FLAG,COLOR_ID_NUMBER_ID,AUTHORIZED_PAY_MASS) values ('B0000804','2601334', '测B07333', 4, 261334, 0, '2',15);

insert into T_SIMINFO (SIM_ID, ORG_CODE, DEPTCODE, STATE,PAY_MODLE, SIM_NUM) values(27335, 'B0000804', '中国移动', 1, '预付费', 13100007334);
insert into T_TERMINALINFO (TERMINAL_ID,TTYPE_ID,SIM_ID,TERMINAL_CODE,ORG_CODE,IS_VIDEO_TERMINAL,SP_SERVER_NAME,PROTOCOL_TYPE,CHANNELS,YT_PROTOCOL_TYPE) values(261335, 4, 27335, '1007334', 'B0000804',1,'1076测试服务器','4',8,'0');
insert into V_VEHICLEINFO (ORG_CODE,VEHICLE_ID,ID_NUMBER,TYPE_ID,TERMINAL_ID,DELETE_FLAG,COLOR_ID_NUMBER_ID,AUTHORIZED_PAY_MASS) values ('B0000804','2601335', '测B07334', 4, 261335, 0, '2',15);

insert into T_SIMINFO (SIM_ID, ORG_CODE, DEPTCODE, STATE,PAY_MODLE, SIM_NUM) values(27336, 'B0000804', '中国移动', 1, '预付费', 13100007335);
insert into T_TERMINALINFO (TERMINAL_ID,TTYPE_ID,SIM_ID,TERMINAL_CODE,ORG_CODE,IS_VIDEO_TERMINAL,SP_SERVER_NAME,PROTOCOL_TYPE,CHANNELS,YT_PROTOCOL_TYPE) values(261336, 4, 27336, '1007335', 'B0000804',1,'1076测试服务器','4',8,'0');
insert into V_VEHICLEINFO (ORG_CODE,VEHICLE_ID,ID_NUMBER,TYPE_ID,TERMINAL_ID,DELETE_FLAG,COLOR_ID_NUMBER_ID,AUTHORIZED_PAY_MASS) values ('B0000804','2601336', '测B07335', 4, 261336, 0, '2',15);

insert into T_SIMINFO (SIM_ID, ORG_CODE, DEPTCODE, STATE,PAY_MODLE, SIM_NUM) values(27337, 'B0000804', '中国移动', 1, '预付费', 13100007336);
insert into T_TERMINALINFO (TERMINAL_ID,TTYPE_ID,SIM_ID,TERMINAL_CODE,ORG_CODE,IS_VIDEO_TERMINAL,SP_SERVER_NAME,PROTOCOL_TYPE,CHANNELS,YT_PROTOCOL_TYPE) values(261337, 4, 27337, '1007336', 'B0000804',1,'1076测试服务器','4',8,'0');
insert into V_VEHICLEINFO (ORG_CODE,VEHICLE_ID,ID_NUMBER,TYPE_ID,TERMINAL_ID,DELETE_FLAG,COLOR_ID_NUMBER_ID,AUTHORIZED_PAY_MASS) values ('B0000804','2601337', '测B07336', 4, 261337, 0, '2',15);

insert into T_SIMINFO (SIM_ID, ORG_CODE, DEPTCODE, STATE,PAY_MODLE, SIM_NUM) values(27338, 'B0000804', '中国移动', 1, '预付费', 13100007337);
insert into T_TERMINALINFO (TERMINAL_ID,TTYPE_ID,SIM_ID,TERMINAL_CODE,ORG_CODE,IS_VIDEO_TERMINAL,SP_SERVER_NAME,PROTOCOL_TYPE,CHANNELS,YT_PROTOCOL_TYPE) values(261338, 4, 27338, '1007337', 'B0000804',1,'1076测试服务器','4',8,'0');
insert into V_VEHICLEINFO (ORG_CODE,VEHICLE_ID,ID_NUMBER,TYPE_ID,TERMINAL_ID,DELETE_FLAG,COLOR_ID_NUMBER_ID,AUTHORIZED_PAY_MASS) values ('B0000804','2601338', '测B07337', 4, 261338, 0, '2',15);

insert into T_SIMINFO (SIM_ID, ORG_CODE, DEPTCODE, STATE,PAY_MODLE, SIM_NUM) values(27339, 'B0000804', '中国移动', 1, '预付费', 13100007338);
insert into T_TERMINALINFO (TERMINAL_ID,TTYPE_ID,SIM_ID,TERMINAL_CODE,ORG_CODE,IS_VIDEO_TERMINAL,SP_SERVER_NAME,PROTOCOL_TYPE,CHANNELS,YT_PROTOCOL_TYPE) values(261339, 4, 27339, '1007338', 'B0000804',1,'1076测试服务器','4',8,'0');
insert into V_VEHICLEINFO (ORG_CODE,VEHICLE_ID,ID_NUMBER,TYPE_ID,TERMINAL_ID,DELETE_FLAG,COLOR_ID_NUMBER_ID,AUTHORIZED_PAY_MASS) values ('B0000804','2601339', '测B07338', 4, 261339, 0, '2',15);

insert into T_SIMINFO (SIM_ID, ORG_CODE, DEPTCODE, STATE,PAY_MODLE, SIM_NUM) values(27340, 'B0000804', '中国移动', 1, '预付费', 13100007339);
insert into T_TERMINALINFO (TERMINAL_ID,TTYPE_ID,SIM_ID,TERMINAL_CODE,ORG_CODE,IS_VIDEO_TERMINAL,SP_SERVER_NAME,PROTOCOL_TYPE,CHANNELS,YT_PROTOCOL_TYPE) values(261340, 4, 27340, '1007339', 'B0000804',1,'1076测试服务器','4',8,'0');
insert into V_VEHICLEINFO (ORG_CODE,VEHICLE_ID,ID_NUMBER,TYPE_ID,TERMINAL_ID,DELETE_FLAG,COLOR_ID_NUMBER_ID,AUTHORIZED_PAY_MASS) values ('B0000804','2601340', '测B07339', 4, 261340, 0, '2',15);

insert into T_SIMINFO (SIM_ID, ORG_CODE, DEPTCODE, STATE,PAY_MODLE, SIM_NUM) values(27341, 'B0000804', '中国移动', 1, '预付费', 13100007340);
insert into T_TERMINALINFO (TERMINAL_ID,TTYPE_ID,SIM_ID,TERMINAL_CODE,ORG_CODE,IS_VIDEO_TERMINAL,SP_SERVER_NAME,PROTOCOL_TYPE,CHANNELS,YT_PROTOCOL_TYPE) values(261341, 4, 27341, '1007340', 'B0000804',1,'1076测试服务器','4',8,'0');
insert into V_VEHICLEINFO (ORG_CODE,VEHICLE_ID,ID_NUMBER,TYPE_ID,TERMINAL_ID,DELETE_FLAG,COLOR_ID_NUMBER_ID,AUTHORIZED_PAY_MASS) values ('B0000804','2601341', '测B07340', 4, 261341, 0, '2',15);

insert into T_SIMINFO (SIM_ID, ORG_CODE, DEPTCODE, STATE,PAY_MODLE, SIM_NUM) values(27342, 'B0000804', '中国移动', 1, '预付费', 13100007341);
insert into T_TERMINALINFO (TERMINAL_ID,TTYPE_ID,SIM_ID,TERMINAL_CODE,ORG_CODE,IS_VIDEO_TERMINAL,SP_SERVER_NAME,PROTOCOL_TYPE,CHANNELS,YT_PROTOCOL_TYPE) values(261342, 4, 27342, '1007341', 'B0000804',1,'1076测试服务器','4',8,'0');
insert into V_VEHICLEINFO (ORG_CODE,VEHICLE_ID,ID_NUMBER,TYPE_ID,TERMINAL_ID,DELETE_FLAG,COLOR_ID_NUMBER_ID,AUTHORIZED_PAY_MASS) values ('B0000804','2601342', '测B07341', 4, 261342, 0, '2',15);

insert into T_SIMINFO (SIM_ID, ORG_CODE, DEPTCODE, STATE,PAY_MODLE, SIM_NUM) values(27343, 'B0000804', '中国移动', 1, '预付费', 13100007342);
insert into T_TERMINALINFO (TERMINAL_ID,TTYPE_ID,SIM_ID,TERMINAL_CODE,ORG_CODE,IS_VIDEO_TERMINAL,SP_SERVER_NAME,PROTOCOL_TYPE,CHANNELS,YT_PROTOCOL_TYPE) values(261343, 4, 27343, '1007342', 'B0000804',1,'1076测试服务器','4',8,'0');
insert into V_VEHICLEINFO (ORG_CODE,VEHICLE_ID,ID_NUMBER,TYPE_ID,TERMINAL_ID,DELETE_FLAG,COLOR_ID_NUMBER_ID,AUTHORIZED_PAY_MASS) values ('B0000804','2601343', '测B07342', 4, 261343, 0, '2',15);

insert into T_SIMINFO (SIM_ID, ORG_CODE, DEPTCODE, STATE,PAY_MODLE, SIM_NUM) values(27344, 'B0000804', '中国移动', 1, '预付费', 13100007343);
insert into T_TERMINALINFO (TERMINAL_ID,TTYPE_ID,SIM_ID,TERMINAL_CODE,ORG_CODE,IS_VIDEO_TERMINAL,SP_SERVER_NAME,PROTOCOL_TYPE,CHANNELS,YT_PROTOCOL_TYPE) values(261344, 4, 27344, '1007343', 'B0000804',1,'1076测试服务器','4',8,'0');
insert into V_VEHICLEINFO (ORG_CODE,VEHICLE_ID,ID_NUMBER,TYPE_ID,TERMINAL_ID,DELETE_FLAG,COLOR_ID_NUMBER_ID,AUTHORIZED_PAY_MASS) values ('B0000804','2601344', '测B07343', 4, 261344, 0, '2',15);

insert into T_SIMINFO (SIM_ID, ORG_CODE, DEPTCODE, STATE,PAY_MODLE, SIM_NUM) values(27345, 'B0000804', '中国移动', 1, '预付费', 13100007344);
insert into T_TERMINALINFO (TERMINAL_ID,TTYPE_ID,SIM_ID,TERMINAL_CODE,ORG_CODE,IS_VIDEO_TERMINAL,SP_SERVER_NAME,PROTOCOL_TYPE,CHANNELS,YT_PROTOCOL_TYPE) values(261345, 4, 27345, '1007344', 'B0000804',1,'1076测试服务器','4',8,'0');
insert into V_VEHICLEINFO (ORG_CODE,VEHICLE_ID,ID_NUMBER,TYPE_ID,TERMINAL_ID,DELETE_FLAG,COLOR_ID_NUMBER_ID,AUTHORIZED_PAY_MASS) values ('B0000804','2601345', '测B07344', 4, 261345, 0, '2',15);

insert into T_SIMINFO (SIM_ID, ORG_CODE, DEPTCODE, STATE,PAY_MODLE, SIM_NUM) values(27346, 'B0000804', '中国移动', 1, '预付费', 13100007345);
insert into T_TERMINALINFO (TERMINAL_ID,TTYPE_ID,SIM_ID,TERMINAL_CODE,ORG_CODE,IS_VIDEO_TERMINAL,SP_SERVER_NAME,PROTOCOL_TYPE,CHANNELS,YT_PROTOCOL_TYPE) values(261346, 4, 27346, '1007345', 'B0000804',1,'1076测试服务器','4',8,'0');
insert into V_VEHICLEINFO (ORG_CODE,VEHICLE_ID,ID_NUMBER,TYPE_ID,TERMINAL_ID,DELETE_FLAG,COLOR_ID_NUMBER_ID,AUTHORIZED_PAY_MASS) values ('B0000804','2601346', '测B07345', 4, 261346, 0, '2',15);

insert into T_SIMINFO (SIM_ID, ORG_CODE, DEPTCODE, STATE,PAY_MODLE, SIM_NUM) values(27347, 'B0000804', '中国移动', 1, '预付费', 13100007346);
insert into T_TERMINALINFO (TERMINAL_ID,TTYPE_ID,SIM_ID,TERMINAL_CODE,ORG_CODE,IS_VIDEO_TERMINAL,SP_SERVER_NAME,PROTOCOL_TYPE,CHANNELS,YT_PROTOCOL_TYPE) values(261347, 4, 27347, '1007346', 'B0000804',1,'1076测试服务器','4',8,'0');
insert into V_VEHICLEINFO (ORG_CODE,VEHICLE_ID,ID_NUMBER,TYPE_ID,TERMINAL_ID,DELETE_FLAG,COLOR_ID_NUMBER_ID,AUTHORIZED_PAY_MASS) values ('B0000804','2601347', '测B07346', 4, 261347, 0, '2',15);

insert into T_SIMINFO (SIM_ID, ORG_CODE, DEPTCODE, STATE,PAY_MODLE, SIM_NUM) values(27348, 'B0000804', '中国移动', 1, '预付费', 13100007347);
insert into T_TERMINALINFO (TERMINAL_ID,TTYPE_ID,SIM_ID,TERMINAL_CODE,ORG_CODE,IS_VIDEO_TERMINAL,SP_SERVER_NAME,PROTOCOL_TYPE,CHANNELS,YT_PROTOCOL_TYPE) values(261348, 4, 27348, '1007347', 'B0000804',1,'1076测试服务器','4',8,'0');
insert into V_VEHICLEINFO (ORG_CODE,VEHICLE_ID,ID_NUMBER,TYPE_ID,TERMINAL_ID,DELETE_FLAG,COLOR_ID_NUMBER_ID,AUTHORIZED_PAY_MASS) values ('B0000804','2601348', '测B07347', 4, 261348, 0, '2',15);

insert into T_SIMINFO (SIM_ID, ORG_CODE, DEPTCODE, STATE,PAY_MODLE, SIM_NUM) values(27349, 'B0000804', '中国移动', 1, '预付费', 13100007348);
insert into T_TERMINALINFO (TERMINAL_ID,TTYPE_ID,SIM_ID,TERMINAL_CODE,ORG_CODE,IS_VIDEO_TERMINAL,SP_SERVER_NAME,PROTOCOL_TYPE,CHANNELS,YT_PROTOCOL_TYPE) values(261349, 4, 27349, '1007348', 'B0000804',1,'1076测试服务器','4',8,'0');
insert into V_VEHICLEINFO (ORG_CODE,VEHICLE_ID,ID_NUMBER,TYPE_ID,TERMINAL_ID,DELETE_FLAG,COLOR_ID_NUMBER_ID,AUTHORIZED_PAY_MASS) values ('B0000804','2601349', '测B07348', 4, 261349, 0, '2',15);

insert into T_SIMINFO (SIM_ID, ORG_CODE, DEPTCODE, STATE,PAY_MODLE, SIM_NUM) values(27350, 'B0000804', '中国移动', 1, '预付费', 13100007349);
insert into T_TERMINALINFO (TERMINAL_ID,TTYPE_ID,SIM_ID,TERMINAL_CODE,ORG_CODE,IS_VIDEO_TERMINAL,SP_SERVER_NAME,PROTOCOL_TYPE,CHANNELS,YT_PROTOCOL_TYPE) values(261350, 4, 27350, '1007349', 'B0000804',1,'1076测试服务器','4',8,'0');
insert into V_VEHICLEINFO (ORG_CODE,VEHICLE_ID,ID_NUMBER,TYPE_ID,TERMINAL_ID,DELETE_FLAG,COLOR_ID_NUMBER_ID,AUTHORIZED_PAY_MASS) values ('B0000804','2601350', '测B07349', 4, 261350, 0, '2',15);

insert into T_SIMINFO (SIM_ID, ORG_CODE, DEPTCODE, STATE,PAY_MODLE, SIM_NUM) values(27351, 'B0000804', '中国移动', 1, '预付费', 13100007350);
insert into T_TERMINALINFO (TERMINAL_ID,TTYPE_ID,SIM_ID,TERMINAL_CODE,ORG_CODE,IS_VIDEO_TERMINAL,SP_SERVER_NAME,PROTOCOL_TYPE,CHANNELS,YT_PROTOCOL_TYPE) values(261351, 4, 27351, '1007350', 'B0000804',1,'1076测试服务器','4',8,'0');
insert into V_VEHICLEINFO (ORG_CODE,VEHICLE_ID,ID_NUMBER,TYPE_ID,TERMINAL_ID,DELETE_FLAG,COLOR_ID_NUMBER_ID,AUTHORIZED_PAY_MASS) values ('B0000804','2601351', '测B07350', 4, 261351, 0, '2',15);

insert into T_SIMINFO (SIM_ID, ORG_CODE, DEPTCODE, STATE,PAY_MODLE, SIM_NUM) values(27352, 'B0000804', '中国移动', 1, '预付费', 13100007351);
insert into T_TERMINALINFO (TERMINAL_ID,TTYPE_ID,SIM_ID,TERMINAL_CODE,ORG_CODE,IS_VIDEO_TERMINAL,SP_SERVER_NAME,PROTOCOL_TYPE,CHANNELS,YT_PROTOCOL_TYPE) values(261352, 4, 27352, '1007351', 'B0000804',1,'1076测试服务器','4',8,'0');
insert into V_VEHICLEINFO (ORG_CODE,VEHICLE_ID,ID_NUMBER,TYPE_ID,TERMINAL_ID,DELETE_FLAG,COLOR_ID_NUMBER_ID,AUTHORIZED_PAY_MASS) values ('B0000804','2601352', '测B07351', 4, 261352, 0, '2',15);

insert into T_SIMINFO (SIM_ID, ORG_CODE, DEPTCODE, STATE,PAY_MODLE, SIM_NUM) values(27353, 'B0000804', '中国移动', 1, '预付费', 13100007352);
insert into T_TERMINALINFO (TERMINAL_ID,TTYPE_ID,SIM_ID,TERMINAL_CODE,ORG_CODE,IS_VIDEO_TERMINAL,SP_SERVER_NAME,PROTOCOL_TYPE,CHANNELS,YT_PROTOCOL_TYPE) values(261353, 4, 27353, '1007352', 'B0000804',1,'1076测试服务器','4',8,'0');
insert into V_VEHICLEINFO (ORG_CODE,VEHICLE_ID,ID_NUMBER,TYPE_ID,TERMINAL_ID,DELETE_FLAG,COLOR_ID_NUMBER_ID,AUTHORIZED_PAY_MASS) values ('B0000804','2601353', '测B07352', 4, 261353, 0, '2',15);

insert into T_SIMINFO (SIM_ID, ORG_CODE, DEPTCODE, STATE,PAY_MODLE, SIM_NUM) values(27354, 'B0000804', '中国移动', 1, '预付费', 13100007353);
insert into T_TERMINALINFO (TERMINAL_ID,TTYPE_ID,SIM_ID,TERMINAL_CODE,ORG_CODE,IS_VIDEO_TERMINAL,SP_SERVER_NAME,PROTOCOL_TYPE,CHANNELS,YT_PROTOCOL_TYPE) values(261354, 4, 27354, '1007353', 'B0000804',1,'1076测试服务器','4',8,'0');
insert into V_VEHICLEINFO (ORG_CODE,VEHICLE_ID,ID_NUMBER,TYPE_ID,TERMINAL_ID,DELETE_FLAG,COLOR_ID_NUMBER_ID,AUTHORIZED_PAY_MASS) values ('B0000804','2601354', '测B07353', 4, 261354, 0, '2',15);

insert into T_SIMINFO (SIM_ID, ORG_CODE, DEPTCODE, STATE,PAY_MODLE, SIM_NUM) values(27355, 'B0000804', '中国移动', 1, '预付费', 13100007354);
insert into T_TERMINALINFO (TERMINAL_ID,TTYPE_ID,SIM_ID,TERMINAL_CODE,ORG_CODE,IS_VIDEO_TERMINAL,SP_SERVER_NAME,PROTOCOL_TYPE,CHANNELS,YT_PROTOCOL_TYPE) values(261355, 4, 27355, '1007354', 'B0000804',1,'1076测试服务器','4',8,'0');
insert into V_VEHICLEINFO (ORG_CODE,VEHICLE_ID,ID_NUMBER,TYPE_ID,TERMINAL_ID,DELETE_FLAG,COLOR_ID_NUMBER_ID,AUTHORIZED_PAY_MASS) values ('B0000804','2601355', '测B07354', 4, 261355, 0, '2',15);

insert into T_SIMINFO (SIM_ID, ORG_CODE, DEPTCODE, STATE,PAY_MODLE, SIM_NUM) values(27356, 'B0000804', '中国移动', 1, '预付费', 13100007355);
insert into T_TERMINALINFO (TERMINAL_ID,TTYPE_ID,SIM_ID,TERMINAL_CODE,ORG_CODE,IS_VIDEO_TERMINAL,SP_SERVER_NAME,PROTOCOL_TYPE,CHANNELS,YT_PROTOCOL_TYPE) values(261356, 4, 27356, '1007355', 'B0000804',1,'1076测试服务器','4',8,'0');
insert into V_VEHICLEINFO (ORG_CODE,VEHICLE_ID,ID_NUMBER,TYPE_ID,TERMINAL_ID,DELETE_FLAG,COLOR_ID_NUMBER_ID,AUTHORIZED_PAY_MASS) values ('B0000804','2601356', '测B07355', 4, 261356, 0, '2',15);

insert into T_SIMINFO (SIM_ID, ORG_CODE, DEPTCODE, STATE,PAY_MODLE, SIM_NUM) values(27357, 'B0000804', '中国移动', 1, '预付费', 13100007356);
insert into T_TERMINALINFO (TERMINAL_ID,TTYPE_ID,SIM_ID,TERMINAL_CODE,ORG_CODE,IS_VIDEO_TERMINAL,SP_SERVER_NAME,PROTOCOL_TYPE,CHANNELS,YT_PROTOCOL_TYPE) values(261357, 4, 27357, '1007356', 'B0000804',1,'1076测试服务器','4',8,'0');
insert into V_VEHICLEINFO (ORG_CODE,VEHICLE_ID,ID_NUMBER,TYPE_ID,TERMINAL_ID,DELETE_FLAG,COLOR_ID_NUMBER_ID,AUTHORIZED_PAY_MASS) values ('B0000804','2601357', '测B07356', 4, 261357, 0, '2',15);

insert into T_SIMINFO (SIM_ID, ORG_CODE, DEPTCODE, STATE,PAY_MODLE, SIM_NUM) values(27358, 'B0000804', '中国移动', 1, '预付费', 13100007357);
insert into T_TERMINALINFO (TERMINAL_ID,TTYPE_ID,SIM_ID,TERMINAL_CODE,ORG_CODE,IS_VIDEO_TERMINAL,SP_SERVER_NAME,PROTOCOL_TYPE,CHANNELS,YT_PROTOCOL_TYPE) values(261358, 4, 27358, '1007357', 'B0000804',1,'1076测试服务器','4',8,'0');
insert into V_VEHICLEINFO (ORG_CODE,VEHICLE_ID,ID_NUMBER,TYPE_ID,TERMINAL_ID,DELETE_FLAG,COLOR_ID_NUMBER_ID,AUTHORIZED_PAY_MASS) values ('B0000804','2601358', '测B07357', 4, 261358, 0, '2',15);

insert into T_SIMINFO (SIM_ID, ORG_CODE, DEPTCODE, STATE,PAY_MODLE, SIM_NUM) values(27359, 'B0000804', '中国移动', 1, '预付费', 13100007358);
insert into T_TERMINALINFO (TERMINAL_ID,TTYPE_ID,SIM_ID,TERMINAL_CODE,ORG_CODE,IS_VIDEO_TERMINAL,SP_SERVER_NAME,PROTOCOL_TYPE,CHANNELS,YT_PROTOCOL_TYPE) values(261359, 4, 27359, '1007358', 'B0000804',1,'1076测试服务器','4',8,'0');
insert into V_VEHICLEINFO (ORG_CODE,VEHICLE_ID,ID_NUMBER,TYPE_ID,TERMINAL_ID,DELETE_FLAG,COLOR_ID_NUMBER_ID,AUTHORIZED_PAY_MASS) values ('B0000804','2601359', '测B07358', 4, 261359, 0, '2',15);

insert into T_SIMINFO (SIM_ID, ORG_CODE, DEPTCODE, STATE,PAY_MODLE, SIM_NUM) values(27360, 'B0000804', '中国移动', 1, '预付费', 13100007359);
insert into T_TERMINALINFO (TERMINAL_ID,TTYPE_ID,SIM_ID,TERMINAL_CODE,ORG_CODE,IS_VIDEO_TERMINAL,SP_SERVER_NAME,PROTOCOL_TYPE,CHANNELS,YT_PROTOCOL_TYPE) values(261360, 4, 27360, '1007359', 'B0000804',1,'1076测试服务器','4',8,'0');
insert into V_VEHICLEINFO (ORG_CODE,VEHICLE_ID,ID_NUMBER,TYPE_ID,TERMINAL_ID,DELETE_FLAG,COLOR_ID_NUMBER_ID,AUTHORIZED_PAY_MASS) values ('B0000804','2601360', '测B07359', 4, 261360, 0, '2',15);

insert into T_SIMINFO (SIM_ID, ORG_CODE, DEPTCODE, STATE,PAY_MODLE, SIM_NUM) values(27361, 'B0000804', '中国移动', 1, '预付费', 13100007360);
insert into T_TERMINALINFO (TERMINAL_ID,TTYPE_ID,SIM_ID,TERMINAL_CODE,ORG_CODE,IS_VIDEO_TERMINAL,SP_SERVER_NAME,PROTOCOL_TYPE,CHANNELS,YT_PROTOCOL_TYPE) values(261361, 4, 27361, '1007360', 'B0000804',1,'1076测试服务器','4',8,'0');
insert into V_VEHICLEINFO (ORG_CODE,VEHICLE_ID,ID_NUMBER,TYPE_ID,TERMINAL_ID,DELETE_FLAG,COLOR_ID_NUMBER_ID,AUTHORIZED_PAY_MASS) values ('B0000804','2601361', '测B07360', 4, 261361, 0, '2',15);

insert into T_SIMINFO (SIM_ID, ORG_CODE, DEPTCODE, STATE,PAY_MODLE, SIM_NUM) values(27362, 'B0000804', '中国移动', 1, '预付费', 13100007361);
insert into T_TERMINALINFO (TERMINAL_ID,TTYPE_ID,SIM_ID,TERMINAL_CODE,ORG_CODE,IS_VIDEO_TERMINAL,SP_SERVER_NAME,PROTOCOL_TYPE,CHANNELS,YT_PROTOCOL_TYPE) values(261362, 4, 27362, '1007361', 'B0000804',1,'1076测试服务器','4',8,'0');
insert into V_VEHICLEINFO (ORG_CODE,VEHICLE_ID,ID_NUMBER,TYPE_ID,TERMINAL_ID,DELETE_FLAG,COLOR_ID_NUMBER_ID,AUTHORIZED_PAY_MASS) values ('B0000804','2601362', '测B07361', 4, 261362, 0, '2',15);

insert into T_SIMINFO (SIM_ID, ORG_CODE, DEPTCODE, STATE,PAY_MODLE, SIM_NUM) values(27363, 'B0000804', '中国移动', 1, '预付费', 13100007362);
insert into T_TERMINALINFO (TERMINAL_ID,TTYPE_ID,SIM_ID,TERMINAL_CODE,ORG_CODE,IS_VIDEO_TERMINAL,SP_SERVER_NAME,PROTOCOL_TYPE,CHANNELS,YT_PROTOCOL_TYPE) values(261363, 4, 27363, '1007362', 'B0000804',1,'1076测试服务器','4',8,'0');
insert into V_VEHICLEINFO (ORG_CODE,VEHICLE_ID,ID_NUMBER,TYPE_ID,TERMINAL_ID,DELETE_FLAG,COLOR_ID_NUMBER_ID,AUTHORIZED_PAY_MASS) values ('B0000804','2601363', '测B07362', 4, 261363, 0, '2',15);

insert into T_SIMINFO (SIM_ID, ORG_CODE, DEPTCODE, STATE,PAY_MODLE, SIM_NUM) values(27364, 'B0000804', '中国移动', 1, '预付费', 13100007363);
insert into T_TERMINALINFO (TERMINAL_ID,TTYPE_ID,SIM_ID,TERMINAL_CODE,ORG_CODE,IS_VIDEO_TERMINAL,SP_SERVER_NAME,PROTOCOL_TYPE,CHANNELS,YT_PROTOCOL_TYPE) values(261364, 4, 27364, '1007363', 'B0000804',1,'1076测试服务器','4',8,'0');
insert into V_VEHICLEINFO (ORG_CODE,VEHICLE_ID,ID_NUMBER,TYPE_ID,TERMINAL_ID,DELETE_FLAG,COLOR_ID_NUMBER_ID,AUTHORIZED_PAY_MASS) values ('B0000804','2601364', '测B07363', 4, 261364, 0, '2',15);

insert into T_SIMINFO (SIM_ID, ORG_CODE, DEPTCODE, STATE,PAY_MODLE, SIM_NUM) values(27365, 'B0000804', '中国移动', 1, '预付费', 13100007364);
insert into T_TERMINALINFO (TERMINAL_ID,TTYPE_ID,SIM_ID,TERMINAL_CODE,ORG_CODE,IS_VIDEO_TERMINAL,SP_SERVER_NAME,PROTOCOL_TYPE,CHANNELS,YT_PROTOCOL_TYPE) values(261365, 4, 27365, '1007364', 'B0000804',1,'1076测试服务器','4',8,'0');
insert into V_VEHICLEINFO (ORG_CODE,VEHICLE_ID,ID_NUMBER,TYPE_ID,TERMINAL_ID,DELETE_FLAG,COLOR_ID_NUMBER_ID,AUTHORIZED_PAY_MASS) values ('B0000804','2601365', '测B07364', 4, 261365, 0, '2',15);

insert into T_SIMINFO (SIM_ID, ORG_CODE, DEPTCODE, STATE,PAY_MODLE, SIM_NUM) values(27366, 'B0000804', '中国移动', 1, '预付费', 13100007365);
insert into T_TERMINALINFO (TERMINAL_ID,TTYPE_ID,SIM_ID,TERMINAL_CODE,ORG_CODE,IS_VIDEO_TERMINAL,SP_SERVER_NAME,PROTOCOL_TYPE,CHANNELS,YT_PROTOCOL_TYPE) values(261366, 4, 27366, '1007365', 'B0000804',1,'1076测试服务器','4',8,'0');
insert into V_VEHICLEINFO (ORG_CODE,VEHICLE_ID,ID_NUMBER,TYPE_ID,TERMINAL_ID,DELETE_FLAG,COLOR_ID_NUMBER_ID,AUTHORIZED_PAY_MASS) values ('B0000804','2601366', '测B07365', 4, 261366, 0, '2',15);

insert into T_SIMINFO (SIM_ID, ORG_CODE, DEPTCODE, STATE,PAY_MODLE, SIM_NUM) values(27367, 'B0000804', '中国移动', 1, '预付费', 13100007366);
insert into T_TERMINALINFO (TERMINAL_ID,TTYPE_ID,SIM_ID,TERMINAL_CODE,ORG_CODE,IS_VIDEO_TERMINAL,SP_SERVER_NAME,PROTOCOL_TYPE,CHANNELS,YT_PROTOCOL_TYPE) values(261367, 4, 27367, '1007366', 'B0000804',1,'1076测试服务器','4',8,'0');
insert into V_VEHICLEINFO (ORG_CODE,VEHICLE_ID,ID_NUMBER,TYPE_ID,TERMINAL_ID,DELETE_FLAG,COLOR_ID_NUMBER_ID,AUTHORIZED_PAY_MASS) values ('B0000804','2601367', '测B07366', 4, 261367, 0, '2',15);

insert into T_SIMINFO (SIM_ID, ORG_CODE, DEPTCODE, STATE,PAY_MODLE, SIM_NUM) values(27368, 'B0000804', '中国移动', 1, '预付费', 13100007367);
insert into T_TERMINALINFO (TERMINAL_ID,TTYPE_ID,SIM_ID,TERMINAL_CODE,ORG_CODE,IS_VIDEO_TERMINAL,SP_SERVER_NAME,PROTOCOL_TYPE,CHANNELS,YT_PROTOCOL_TYPE) values(261368, 4, 27368, '1007367', 'B0000804',1,'1076测试服务器','4',8,'0');
insert into V_VEHICLEINFO (ORG_CODE,VEHICLE_ID,ID_NUMBER,TYPE_ID,TERMINAL_ID,DELETE_FLAG,COLOR_ID_NUMBER_ID,AUTHORIZED_PAY_MASS) values ('B0000804','2601368', '测B07367', 4, 261368, 0, '2',15);

insert into T_SIMINFO (SIM_ID, ORG_CODE, DEPTCODE, STATE,PAY_MODLE, SIM_NUM) values(27369, 'B0000804', '中国移动', 1, '预付费', 13100007368);
insert into T_TERMINALINFO (TERMINAL_ID,TTYPE_ID,SIM_ID,TERMINAL_CODE,ORG_CODE,IS_VIDEO_TERMINAL,SP_SERVER_NAME,PROTOCOL_TYPE,CHANNELS,YT_PROTOCOL_TYPE) values(261369, 4, 27369, '1007368', 'B0000804',1,'1076测试服务器','4',8,'0');
insert into V_VEHICLEINFO (ORG_CODE,VEHICLE_ID,ID_NUMBER,TYPE_ID,TERMINAL_ID,DELETE_FLAG,COLOR_ID_NUMBER_ID,AUTHORIZED_PAY_MASS) values ('B0000804','2601369', '测B07368', 4, 261369, 0, '2',15);

insert into T_SIMINFO (SIM_ID, ORG_CODE, DEPTCODE, STATE,PAY_MODLE, SIM_NUM) values(27370, 'B0000804', '中国移动', 1, '预付费', 13100007369);
insert into T_TERMINALINFO (TERMINAL_ID,TTYPE_ID,SIM_ID,TERMINAL_CODE,ORG_CODE,IS_VIDEO_TERMINAL,SP_SERVER_NAME,PROTOCOL_TYPE,CHANNELS,YT_PROTOCOL_TYPE) values(261370, 4, 27370, '1007369', 'B0000804',1,'1076测试服务器','4',8,'0');
insert into V_VEHICLEINFO (ORG_CODE,VEHICLE_ID,ID_NUMBER,TYPE_ID,TERMINAL_ID,DELETE_FLAG,COLOR_ID_NUMBER_ID,AUTHORIZED_PAY_MASS) values ('B0000804','2601370', '测B07369', 4, 261370, 0, '2',15);

insert into T_SIMINFO (SIM_ID, ORG_CODE, DEPTCODE, STATE,PAY_MODLE, SIM_NUM) values(27371, 'B0000804', '中国移动', 1, '预付费', 13100007370);
insert into T_TERMINALINFO (TERMINAL_ID,TTYPE_ID,SIM_ID,TERMINAL_CODE,ORG_CODE,IS_VIDEO_TERMINAL,SP_SERVER_NAME,PROTOCOL_TYPE,CHANNELS,YT_PROTOCOL_TYPE) values(261371, 4, 27371, '1007370', 'B0000804',1,'1076测试服务器','4',8,'0');
insert into V_VEHICLEINFO (ORG_CODE,VEHICLE_ID,ID_NUMBER,TYPE_ID,TERMINAL_ID,DELETE_FLAG,COLOR_ID_NUMBER_ID,AUTHORIZED_PAY_MASS) values ('B0000804','2601371', '测B07370', 4, 261371, 0, '2',15);

insert into T_SIMINFO (SIM_ID, ORG_CODE, DEPTCODE, STATE,PAY_MODLE, SIM_NUM) values(27372, 'B0000804', '中国移动', 1, '预付费', 13100007371);
insert into T_TERMINALINFO (TERMINAL_ID,TTYPE_ID,SIM_ID,TERMINAL_CODE,ORG_CODE,IS_VIDEO_TERMINAL,SP_SERVER_NAME,PROTOCOL_TYPE,CHANNELS,YT_PROTOCOL_TYPE) values(261372, 4, 27372, '1007371', 'B0000804',1,'1076测试服务器','4',8,'0');
insert into V_VEHICLEINFO (ORG_CODE,VEHICLE_ID,ID_NUMBER,TYPE_ID,TERMINAL_ID,DELETE_FLAG,COLOR_ID_NUMBER_ID,AUTHORIZED_PAY_MASS) values ('B0000804','2601372', '测B07371', 4, 261372, 0, '2',15);

insert into T_SIMINFO (SIM_ID, ORG_CODE, DEPTCODE, STATE,PAY_MODLE, SIM_NUM) values(27373, 'B0000804', '中国移动', 1, '预付费', 13100007372);
insert into T_TERMINALINFO (TERMINAL_ID,TTYPE_ID,SIM_ID,TERMINAL_CODE,ORG_CODE,IS_VIDEO_TERMINAL,SP_SERVER_NAME,PROTOCOL_TYPE,CHANNELS,YT_PROTOCOL_TYPE) values(261373, 4, 27373, '1007372', 'B0000804',1,'1076测试服务器','4',8,'0');
insert into V_VEHICLEINFO (ORG_CODE,VEHICLE_ID,ID_NUMBER,TYPE_ID,TERMINAL_ID,DELETE_FLAG,COLOR_ID_NUMBER_ID,AUTHORIZED_PAY_MASS) values ('B0000804','2601373', '测B07372', 4, 261373, 0, '2',15);

insert into T_SIMINFO (SIM_ID, ORG_CODE, DEPTCODE, STATE,PAY_MODLE, SIM_NUM) values(27374, 'B0000804', '中国移动', 1, '预付费', 13100007373);
insert into T_TERMINALINFO (TERMINAL_ID,TTYPE_ID,SIM_ID,TERMINAL_CODE,ORG_CODE,IS_VIDEO_TERMINAL,SP_SERVER_NAME,PROTOCOL_TYPE,CHANNELS,YT_PROTOCOL_TYPE) values(261374, 4, 27374, '1007373', 'B0000804',1,'1076测试服务器','4',8,'0');
insert into V_VEHICLEINFO (ORG_CODE,VEHICLE_ID,ID_NUMBER,TYPE_ID,TERMINAL_ID,DELETE_FLAG,COLOR_ID_NUMBER_ID,AUTHORIZED_PAY_MASS) values ('B0000804','2601374', '测B07373', 4, 261374, 0, '2',15);

insert into T_SIMINFO (SIM_ID, ORG_CODE, DEPTCODE, STATE,PAY_MODLE, SIM_NUM) values(27375, 'B0000804', '中国移动', 1, '预付费', 13100007374);
insert into T_TERMINALINFO (TERMINAL_ID,TTYPE_ID,SIM_ID,TERMINAL_CODE,ORG_CODE,IS_VIDEO_TERMINAL,SP_SERVER_NAME,PROTOCOL_TYPE,CHANNELS,YT_PROTOCOL_TYPE) values(261375, 4, 27375, '1007374', 'B0000804',1,'1076测试服务器','4',8,'0');
insert into V_VEHICLEINFO (ORG_CODE,VEHICLE_ID,ID_NUMBER,TYPE_ID,TERMINAL_ID,DELETE_FLAG,COLOR_ID_NUMBER_ID,AUTHORIZED_PAY_MASS) values ('B0000804','2601375', '测B07374', 4, 261375, 0, '2',15);

insert into T_SIMINFO (SIM_ID, ORG_CODE, DEPTCODE, STATE,PAY_MODLE, SIM_NUM) values(27376, 'B0000804', '中国移动', 1, '预付费', 13100007375);
insert into T_TERMINALINFO (TERMINAL_ID,TTYPE_ID,SIM_ID,TERMINAL_CODE,ORG_CODE,IS_VIDEO_TERMINAL,SP_SERVER_NAME,PROTOCOL_TYPE,CHANNELS,YT_PROTOCOL_TYPE) values(261376, 4, 27376, '1007375', 'B0000804',1,'1076测试服务器','4',8,'0');
insert into V_VEHICLEINFO (ORG_CODE,VEHICLE_ID,ID_NUMBER,TYPE_ID,TERMINAL_ID,DELETE_FLAG,COLOR_ID_NUMBER_ID,AUTHORIZED_PAY_MASS) values ('B0000804','2601376', '测B07375', 4, 261376, 0, '2',15);

insert into T_SIMINFO (SIM_ID, ORG_CODE, DEPTCODE, STATE,PAY_MODLE, SIM_NUM) values(27377, 'B0000804', '中国移动', 1, '预付费', 13100007376);
insert into T_TERMINALINFO (TERMINAL_ID,TTYPE_ID,SIM_ID,TERMINAL_CODE,ORG_CODE,IS_VIDEO_TERMINAL,SP_SERVER_NAME,PROTOCOL_TYPE,CHANNELS,YT_PROTOCOL_TYPE) values(261377, 4, 27377, '1007376', 'B0000804',1,'1076测试服务器','4',8,'0');
insert into V_VEHICLEINFO (ORG_CODE,VEHICLE_ID,ID_NUMBER,TYPE_ID,TERMINAL_ID,DELETE_FLAG,COLOR_ID_NUMBER_ID,AUTHORIZED_PAY_MASS) values ('B0000804','2601377', '测B07376', 4, 261377, 0, '2',15);

insert into T_SIMINFO (SIM_ID, ORG_CODE, DEPTCODE, STATE,PAY_MODLE, SIM_NUM) values(27378, 'B0000804', '中国移动', 1, '预付费', 13100007377);
insert into T_TERMINALINFO (TERMINAL_ID,TTYPE_ID,SIM_ID,TERMINAL_CODE,ORG_CODE,IS_VIDEO_TERMINAL,SP_SERVER_NAME,PROTOCOL_TYPE,CHANNELS,YT_PROTOCOL_TYPE) values(261378, 4, 27378, '1007377', 'B0000804',1,'1076测试服务器','4',8,'0');
insert into V_VEHICLEINFO (ORG_CODE,VEHICLE_ID,ID_NUMBER,TYPE_ID,TERMINAL_ID,DELETE_FLAG,COLOR_ID_NUMBER_ID,AUTHORIZED_PAY_MASS) values ('B0000804','2601378', '测B07377', 4, 261378, 0, '2',15);

insert into T_SIMINFO (SIM_ID, ORG_CODE, DEPTCODE, STATE,PAY_MODLE, SIM_NUM) values(27379, 'B0000804', '中国移动', 1, '预付费', 13100007378);
insert into T_TERMINALINFO (TERMINAL_ID,TTYPE_ID,SIM_ID,TERMINAL_CODE,ORG_CODE,IS_VIDEO_TERMINAL,SP_SERVER_NAME,PROTOCOL_TYPE,CHANNELS,YT_PROTOCOL_TYPE) values(261379, 4, 27379, '1007378', 'B0000804',1,'1076测试服务器','4',8,'0');
insert into V_VEHICLEINFO (ORG_CODE,VEHICLE_ID,ID_NUMBER,TYPE_ID,TERMINAL_ID,DELETE_FLAG,COLOR_ID_NUMBER_ID,AUTHORIZED_PAY_MASS) values ('B0000804','2601379', '测B07378', 4, 261379, 0, '2',15);

insert into T_SIMINFO (SIM_ID, ORG_CODE, DEPTCODE, STATE,PAY_MODLE, SIM_NUM) values(27380, 'B0000804', '中国移动', 1, '预付费', 13100007379);
insert into T_TERMINALINFO (TERMINAL_ID,TTYPE_ID,SIM_ID,TERMINAL_CODE,ORG_CODE,IS_VIDEO_TERMINAL,SP_SERVER_NAME,PROTOCOL_TYPE,CHANNELS,YT_PROTOCOL_TYPE) values(261380, 4, 27380, '1007379', 'B0000804',1,'1076测试服务器','4',8,'0');
insert into V_VEHICLEINFO (ORG_CODE,VEHICLE_ID,ID_NUMBER,TYPE_ID,TERMINAL_ID,DELETE_FLAG,COLOR_ID_NUMBER_ID,AUTHORIZED_PAY_MASS) values ('B0000804','2601380', '测B07379', 4, 261380, 0, '2',15);

insert into T_SIMINFO (SIM_ID, ORG_CODE, DEPTCODE, STATE,PAY_MODLE, SIM_NUM) values(27381, 'B0000804', '中国移动', 1, '预付费', 13100007380);
insert into T_TERMINALINFO (TERMINAL_ID,TTYPE_ID,SIM_ID,TERMINAL_CODE,ORG_CODE,IS_VIDEO_TERMINAL,SP_SERVER_NAME,PROTOCOL_TYPE,CHANNELS,YT_PROTOCOL_TYPE) values(261381, 4, 27381, '1007380', 'B0000804',1,'1076测试服务器','4',8,'0');
insert into V_VEHICLEINFO (ORG_CODE,VEHICLE_ID,ID_NUMBER,TYPE_ID,TERMINAL_ID,DELETE_FLAG,COLOR_ID_NUMBER_ID,AUTHORIZED_PAY_MASS) values ('B0000804','2601381', '测B07380', 4, 261381, 0, '2',15);

insert into T_SIMINFO (SIM_ID, ORG_CODE, DEPTCODE, STATE,PAY_MODLE, SIM_NUM) values(27382, 'B0000804', '中国移动', 1, '预付费', 13100007381);
insert into T_TERMINALINFO (TERMINAL_ID,TTYPE_ID,SIM_ID,TERMINAL_CODE,ORG_CODE,IS_VIDEO_TERMINAL,SP_SERVER_NAME,PROTOCOL_TYPE,CHANNELS,YT_PROTOCOL_TYPE) values(261382, 4, 27382, '1007381', 'B0000804',1,'1076测试服务器','4',8,'0');
insert into V_VEHICLEINFO (ORG_CODE,VEHICLE_ID,ID_NUMBER,TYPE_ID,TERMINAL_ID,DELETE_FLAG,COLOR_ID_NUMBER_ID,AUTHORIZED_PAY_MASS) values ('B0000804','2601382', '测B07381', 4, 261382, 0, '2',15);

insert into T_SIMINFO (SIM_ID, ORG_CODE, DEPTCODE, STATE,PAY_MODLE, SIM_NUM) values(27383, 'B0000804', '中国移动', 1, '预付费', 13100007382);
insert into T_TERMINALINFO (TERMINAL_ID,TTYPE_ID,SIM_ID,TERMINAL_CODE,ORG_CODE,IS_VIDEO_TERMINAL,SP_SERVER_NAME,PROTOCOL_TYPE,CHANNELS,YT_PROTOCOL_TYPE) values(261383, 4, 27383, '1007382', 'B0000804',1,'1076测试服务器','4',8,'0');
insert into V_VEHICLEINFO (ORG_CODE,VEHICLE_ID,ID_NUMBER,TYPE_ID,TERMINAL_ID,DELETE_FLAG,COLOR_ID_NUMBER_ID,AUTHORIZED_PAY_MASS) values ('B0000804','2601383', '测B07382', 4, 261383, 0, '2',15);

insert into T_SIMINFO (SIM_ID, ORG_CODE, DEPTCODE, STATE,PAY_MODLE, SIM_NUM) values(27384, 'B0000804', '中国移动', 1, '预付费', 13100007383);
insert into T_TERMINALINFO (TERMINAL_ID,TTYPE_ID,SIM_ID,TERMINAL_CODE,ORG_CODE,IS_VIDEO_TERMINAL,SP_SERVER_NAME,PROTOCOL_TYPE,CHANNELS,YT_PROTOCOL_TYPE) values(261384, 4, 27384, '1007383', 'B0000804',1,'1076测试服务器','4',8,'0');
insert into V_VEHICLEINFO (ORG_CODE,VEHICLE_ID,ID_NUMBER,TYPE_ID,TERMINAL_ID,DELETE_FLAG,COLOR_ID_NUMBER_ID,AUTHORIZED_PAY_MASS) values ('B0000804','2601384', '测B07383', 4, 261384, 0, '2',15);

insert into T_SIMINFO (SIM_ID, ORG_CODE, DEPTCODE, STATE,PAY_MODLE, SIM_NUM) values(27385, 'B0000804', '中国移动', 1, '预付费', 13100007384);
insert into T_TERMINALINFO (TERMINAL_ID,TTYPE_ID,SIM_ID,TERMINAL_CODE,ORG_CODE,IS_VIDEO_TERMINAL,SP_SERVER_NAME,PROTOCOL_TYPE,CHANNELS,YT_PROTOCOL_TYPE) values(261385, 4, 27385, '1007384', 'B0000804',1,'1076测试服务器','4',8,'0');
insert into V_VEHICLEINFO (ORG_CODE,VEHICLE_ID,ID_NUMBER,TYPE_ID,TERMINAL_ID,DELETE_FLAG,COLOR_ID_NUMBER_ID,AUTHORIZED_PAY_MASS) values ('B0000804','2601385', '测B07384', 4, 261385, 0, '2',15);

insert into T_SIMINFO (SIM_ID, ORG_CODE, DEPTCODE, STATE,PAY_MODLE, SIM_NUM) values(27386, 'B0000804', '中国移动', 1, '预付费', 13100007385);
insert into T_TERMINALINFO (TERMINAL_ID,TTYPE_ID,SIM_ID,TERMINAL_CODE,ORG_CODE,IS_VIDEO_TERMINAL,SP_SERVER_NAME,PROTOCOL_TYPE,CHANNELS,YT_PROTOCOL_TYPE) values(261386, 4, 27386, '1007385', 'B0000804',1,'1076测试服务器','4',8,'0');
insert into V_VEHICLEINFO (ORG_CODE,VEHICLE_ID,ID_NUMBER,TYPE_ID,TERMINAL_ID,DELETE_FLAG,COLOR_ID_NUMBER_ID,AUTHORIZED_PAY_MASS) values ('B0000804','2601386', '测B07385', 4, 261386, 0, '2',15);

insert into T_SIMINFO (SIM_ID, ORG_CODE, DEPTCODE, STATE,PAY_MODLE, SIM_NUM) values(27387, 'B0000804', '中国移动', 1, '预付费', 13100007386);
insert into T_TERMINALINFO (TERMINAL_ID,TTYPE_ID,SIM_ID,TERMINAL_CODE,ORG_CODE,IS_VIDEO_TERMINAL,SP_SERVER_NAME,PROTOCOL_TYPE,CHANNELS,YT_PROTOCOL_TYPE) values(261387, 4, 27387, '1007386', 'B0000804',1,'1076测试服务器','4',8,'0');
insert into V_VEHICLEINFO (ORG_CODE,VEHICLE_ID,ID_NUMBER,TYPE_ID,TERMINAL_ID,DELETE_FLAG,COLOR_ID_NUMBER_ID,AUTHORIZED_PAY_MASS) values ('B0000804','2601387', '测B07386', 4, 261387, 0, '2',15);

insert into T_SIMINFO (SIM_ID, ORG_CODE, DEPTCODE, STATE,PAY_MODLE, SIM_NUM) values(27388, 'B0000804', '中国移动', 1, '预付费', 13100007387);
insert into T_TERMINALINFO (TERMINAL_ID,TTYPE_ID,SIM_ID,TERMINAL_CODE,ORG_CODE,IS_VIDEO_TERMINAL,SP_SERVER_NAME,PROTOCOL_TYPE,CHANNELS,YT_PROTOCOL_TYPE) values(261388, 4, 27388, '1007387', 'B0000804',1,'1076测试服务器','4',8,'0');
insert into V_VEHICLEINFO (ORG_CODE,VEHICLE_ID,ID_NUMBER,TYPE_ID,TERMINAL_ID,DELETE_FLAG,COLOR_ID_NUMBER_ID,AUTHORIZED_PAY_MASS) values ('B0000804','2601388', '测B07387', 4, 261388, 0, '2',15);

insert into T_SIMINFO (SIM_ID, ORG_CODE, DEPTCODE, STATE,PAY_MODLE, SIM_NUM) values(27389, 'B0000804', '中国移动', 1, '预付费', 13100007388);
insert into T_TERMINALINFO (TERMINAL_ID,TTYPE_ID,SIM_ID,TERMINAL_CODE,ORG_CODE,IS_VIDEO_TERMINAL,SP_SERVER_NAME,PROTOCOL_TYPE,CHANNELS,YT_PROTOCOL_TYPE) values(261389, 4, 27389, '1007388', 'B0000804',1,'1076测试服务器','4',8,'0');
insert into V_VEHICLEINFO (ORG_CODE,VEHICLE_ID,ID_NUMBER,TYPE_ID,TERMINAL_ID,DELETE_FLAG,COLOR_ID_NUMBER_ID,AUTHORIZED_PAY_MASS) values ('B0000804','2601389', '测B07388', 4, 261389, 0, '2',15);

insert into T_SIMINFO (SIM_ID, ORG_CODE, DEPTCODE, STATE,PAY_MODLE, SIM_NUM) values(27390, 'B0000804', '中国移动', 1, '预付费', 13100007389);
insert into T_TERMINALINFO (TERMINAL_ID,TTYPE_ID,SIM_ID,TERMINAL_CODE,ORG_CODE,IS_VIDEO_TERMINAL,SP_SERVER_NAME,PROTOCOL_TYPE,CHANNELS,YT_PROTOCOL_TYPE) values(261390, 4, 27390, '1007389', 'B0000804',1,'1076测试服务器','4',8,'0');
insert into V_VEHICLEINFO (ORG_CODE,VEHICLE_ID,ID_NUMBER,TYPE_ID,TERMINAL_ID,DELETE_FLAG,COLOR_ID_NUMBER_ID,AUTHORIZED_PAY_MASS) values ('B0000804','2601390', '测B07389', 4, 261390, 0, '2',15);

insert into T_SIMINFO (SIM_ID, ORG_CODE, DEPTCODE, STATE,PAY_MODLE, SIM_NUM) values(27391, 'B0000804', '中国移动', 1, '预付费', 13100007390);
insert into T_TERMINALINFO (TERMINAL_ID,TTYPE_ID,SIM_ID,TERMINAL_CODE,ORG_CODE,IS_VIDEO_TERMINAL,SP_SERVER_NAME,PROTOCOL_TYPE,CHANNELS,YT_PROTOCOL_TYPE) values(261391, 4, 27391, '1007390', 'B0000804',1,'1076测试服务器','4',8,'0');
insert into V_VEHICLEINFO (ORG_CODE,VEHICLE_ID,ID_NUMBER,TYPE_ID,TERMINAL_ID,DELETE_FLAG,COLOR_ID_NUMBER_ID,AUTHORIZED_PAY_MASS) values ('B0000804','2601391', '测B07390', 4, 261391, 0, '2',15);

insert into T_SIMINFO (SIM_ID, ORG_CODE, DEPTCODE, STATE,PAY_MODLE, SIM_NUM) values(27392, 'B0000804', '中国移动', 1, '预付费', 13100007391);
insert into T_TERMINALINFO (TERMINAL_ID,TTYPE_ID,SIM_ID,TERMINAL_CODE,ORG_CODE,IS_VIDEO_TERMINAL,SP_SERVER_NAME,PROTOCOL_TYPE,CHANNELS,YT_PROTOCOL_TYPE) values(261392, 4, 27392, '1007391', 'B0000804',1,'1076测试服务器','4',8,'0');
insert into V_VEHICLEINFO (ORG_CODE,VEHICLE_ID,ID_NUMBER,TYPE_ID,TERMINAL_ID,DELETE_FLAG,COLOR_ID_NUMBER_ID,AUTHORIZED_PAY_MASS) values ('B0000804','2601392', '测B07391', 4, 261392, 0, '2',15);

insert into T_SIMINFO (SIM_ID, ORG_CODE, DEPTCODE, STATE,PAY_MODLE, SIM_NUM) values(27393, 'B0000804', '中国移动', 1, '预付费', 13100007392);
insert into T_TERMINALINFO (TERMINAL_ID,TTYPE_ID,SIM_ID,TERMINAL_CODE,ORG_CODE,IS_VIDEO_TERMINAL,SP_SERVER_NAME,PROTOCOL_TYPE,CHANNELS,YT_PROTOCOL_TYPE) values(261393, 4, 27393, '1007392', 'B0000804',1,'1076测试服务器','4',8,'0');
insert into V_VEHICLEINFO (ORG_CODE,VEHICLE_ID,ID_NUMBER,TYPE_ID,TERMINAL_ID,DELETE_FLAG,COLOR_ID_NUMBER_ID,AUTHORIZED_PAY_MASS) values ('B0000804','2601393', '测B07392', 4, 261393, 0, '2',15);

insert into T_SIMINFO (SIM_ID, ORG_CODE, DEPTCODE, STATE,PAY_MODLE, SIM_NUM) values(27394, 'B0000804', '中国移动', 1, '预付费', 13100007393);
insert into T_TERMINALINFO (TERMINAL_ID,TTYPE_ID,SIM_ID,TERMINAL_CODE,ORG_CODE,IS_VIDEO_TERMINAL,SP_SERVER_NAME,PROTOCOL_TYPE,CHANNELS,YT_PROTOCOL_TYPE) values(261394, 4, 27394, '1007393', 'B0000804',1,'1076测试服务器','4',8,'0');
insert into V_VEHICLEINFO (ORG_CODE,VEHICLE_ID,ID_NUMBER,TYPE_ID,TERMINAL_ID,DELETE_FLAG,COLOR_ID_NUMBER_ID,AUTHORIZED_PAY_MASS) values ('B0000804','2601394', '测B07393', 4, 261394, 0, '2',15);

insert into T_SIMINFO (SIM_ID, ORG_CODE, DEPTCODE, STATE,PAY_MODLE, SIM_NUM) values(27395, 'B0000804', '中国移动', 1, '预付费', 13100007394);
insert into T_TERMINALINFO (TERMINAL_ID,TTYPE_ID,SIM_ID,TERMINAL_CODE,ORG_CODE,IS_VIDEO_TERMINAL,SP_SERVER_NAME,PROTOCOL_TYPE,CHANNELS,YT_PROTOCOL_TYPE) values(261395, 4, 27395, '1007394', 'B0000804',1,'1076测试服务器','4',8,'0');
insert into V_VEHICLEINFO (ORG_CODE,VEHICLE_ID,ID_NUMBER,TYPE_ID,TERMINAL_ID,DELETE_FLAG,COLOR_ID_NUMBER_ID,AUTHORIZED_PAY_MASS) values ('B0000804','2601395', '测B07394', 4, 261395, 0, '2',15);

insert into T_SIMINFO (SIM_ID, ORG_CODE, DEPTCODE, STATE,PAY_MODLE, SIM_NUM) values(27396, 'B0000804', '中国移动', 1, '预付费', 13100007395);
insert into T_TERMINALINFO (TERMINAL_ID,TTYPE_ID,SIM_ID,TERMINAL_CODE,ORG_CODE,IS_VIDEO_TERMINAL,SP_SERVER_NAME,PROTOCOL_TYPE,CHANNELS,YT_PROTOCOL_TYPE) values(261396, 4, 27396, '1007395', 'B0000804',1,'1076测试服务器','4',8,'0');
insert into V_VEHICLEINFO (ORG_CODE,VEHICLE_ID,ID_NUMBER,TYPE_ID,TERMINAL_ID,DELETE_FLAG,COLOR_ID_NUMBER_ID,AUTHORIZED_PAY_MASS) values ('B0000804','2601396', '测B07395', 4, 261396, 0, '2',15);

insert into T_SIMINFO (SIM_ID, ORG_CODE, DEPTCODE, STATE,PAY_MODLE, SIM_NUM) values(27397, 'B0000804', '中国移动', 1, '预付费', 13100007396);
insert into T_TERMINALINFO (TERMINAL_ID,TTYPE_ID,SIM_ID,TERMINAL_CODE,ORG_CODE,IS_VIDEO_TERMINAL,SP_SERVER_NAME,PROTOCOL_TYPE,CHANNELS,YT_PROTOCOL_TYPE) values(261397, 4, 27397, '1007396', 'B0000804',1,'1076测试服务器','4',8,'0');
insert into V_VEHICLEINFO (ORG_CODE,VEHICLE_ID,ID_NUMBER,TYPE_ID,TERMINAL_ID,DELETE_FLAG,COLOR_ID_NUMBER_ID,AUTHORIZED_PAY_MASS) values ('B0000804','2601397', '测B07396', 4, 261397, 0, '2',15);

insert into T_SIMINFO (SIM_ID, ORG_CODE, DEPTCODE, STATE,PAY_MODLE, SIM_NUM) values(27398, 'B0000804', '中国移动', 1, '预付费', 13100007397);
insert into T_TERMINALINFO (TERMINAL_ID,TTYPE_ID,SIM_ID,TERMINAL_CODE,ORG_CODE,IS_VIDEO_TERMINAL,SP_SERVER_NAME,PROTOCOL_TYPE,CHANNELS,YT_PROTOCOL_TYPE) values(261398, 4, 27398, '1007397', 'B0000804',1,'1076测试服务器','4',8,'0');
insert into V_VEHICLEINFO (ORG_CODE,VEHICLE_ID,ID_NUMBER,TYPE_ID,TERMINAL_ID,DELETE_FLAG,COLOR_ID_NUMBER_ID,AUTHORIZED_PAY_MASS) values ('B0000804','2601398', '测B07397', 4, 261398, 0, '2',15);

insert into T_SIMINFO (SIM_ID, ORG_CODE, DEPTCODE, STATE,PAY_MODLE, SIM_NUM) values(27399, 'B0000804', '中国移动', 1, '预付费', 13100007398);
insert into T_TERMINALINFO (TERMINAL_ID,TTYPE_ID,SIM_ID,TERMINAL_CODE,ORG_CODE,IS_VIDEO_TERMINAL,SP_SERVER_NAME,PROTOCOL_TYPE,CHANNELS,YT_PROTOCOL_TYPE) values(261399, 4, 27399, '1007398', 'B0000804',1,'1076测试服务器','4',8,'0');
insert into V_VEHICLEINFO (ORG_CODE,VEHICLE_ID,ID_NUMBER,TYPE_ID,TERMINAL_ID,DELETE_FLAG,COLOR_ID_NUMBER_ID,AUTHORIZED_PAY_MASS) values ('B0000804','2601399', '测B07398', 4, 261399, 0, '2',15);

insert into T_SIMINFO (SIM_ID, ORG_CODE, DEPTCODE, STATE,PAY_MODLE, SIM_NUM) values(27400, 'B0000804', '中国移动', 1, '预付费', 13100007399);
insert into T_TERMINALINFO (TERMINAL_ID,TTYPE_ID,SIM_ID,TERMINAL_CODE,ORG_CODE,IS_VIDEO_TERMINAL,SP_SERVER_NAME,PROTOCOL_TYPE,CHANNELS,YT_PROTOCOL_TYPE) values(261400, 4, 27400, '1007399', 'B0000804',1,'1076测试服务器','4',8,'0');
insert into V_VEHICLEINFO (ORG_CODE,VEHICLE_ID,ID_NUMBER,TYPE_ID,TERMINAL_ID,DELETE_FLAG,COLOR_ID_NUMBER_ID,AUTHORIZED_PAY_MASS) values ('B0000804','2601400', '测B07399', 4, 261400, 0, '2',15);

insert into T_SIMINFO (SIM_ID, ORG_CODE, DEPTCODE, STATE,PAY_MODLE, SIM_NUM) values(27401, 'B0000804', '中国移动', 1, '预付费', 13100007400);
insert into T_TERMINALINFO (TERMINAL_ID,TTYPE_ID,SIM_ID,TERMINAL_CODE,ORG_CODE,IS_VIDEO_TERMINAL,SP_SERVER_NAME,PROTOCOL_TYPE,CHANNELS,YT_PROTOCOL_TYPE) values(261401, 4, 27401, '1007400', 'B0000804',1,'1076测试服务器','4',8,'0');
insert into V_VEHICLEINFO (ORG_CODE,VEHICLE_ID,ID_NUMBER,TYPE_ID,TERMINAL_ID,DELETE_FLAG,COLOR_ID_NUMBER_ID,AUTHORIZED_PAY_MASS) values ('B0000804','2601401', '测B07400', 4, 261401, 0, '2',15);

insert into T_SIMINFO (SIM_ID, ORG_CODE, DEPTCODE, STATE,PAY_MODLE, SIM_NUM) values(27402, 'B0000804', '中国移动', 1, '预付费', 13100007401);
insert into T_TERMINALINFO (TERMINAL_ID,TTYPE_ID,SIM_ID,TERMINAL_CODE,ORG_CODE,IS_VIDEO_TERMINAL,SP_SERVER_NAME,PROTOCOL_TYPE,CHANNELS,YT_PROTOCOL_TYPE) values(261402, 4, 27402, '1007401', 'B0000804',1,'1076测试服务器','4',8,'0');
insert into V_VEHICLEINFO (ORG_CODE,VEHICLE_ID,ID_NUMBER,TYPE_ID,TERMINAL_ID,DELETE_FLAG,COLOR_ID_NUMBER_ID,AUTHORIZED_PAY_MASS) values ('B0000804','2601402', '测B07401', 4, 261402, 0, '2',15);

insert into T_SIMINFO (SIM_ID, ORG_CODE, DEPTCODE, STATE,PAY_MODLE, SIM_NUM) values(27403, 'B0000804', '中国移动', 1, '预付费', 13100007402);
insert into T_TERMINALINFO (TERMINAL_ID,TTYPE_ID,SIM_ID,TERMINAL_CODE,ORG_CODE,IS_VIDEO_TERMINAL,SP_SERVER_NAME,PROTOCOL_TYPE,CHANNELS,YT_PROTOCOL_TYPE) values(261403, 4, 27403, '1007402', 'B0000804',1,'1076测试服务器','4',8,'0');
insert into V_VEHICLEINFO (ORG_CODE,VEHICLE_ID,ID_NUMBER,TYPE_ID,TERMINAL_ID,DELETE_FLAG,COLOR_ID_NUMBER_ID,AUTHORIZED_PAY_MASS) values ('B0000804','2601403', '测B07402', 4, 261403, 0, '2',15);

insert into T_SIMINFO (SIM_ID, ORG_CODE, DEPTCODE, STATE,PAY_MODLE, SIM_NUM) values(27404, 'B0000804', '中国移动', 1, '预付费', 13100007403);
insert into T_TERMINALINFO (TERMINAL_ID,TTYPE_ID,SIM_ID,TERMINAL_CODE,ORG_CODE,IS_VIDEO_TERMINAL,SP_SERVER_NAME,PROTOCOL_TYPE,CHANNELS,YT_PROTOCOL_TYPE) values(261404, 4, 27404, '1007403', 'B0000804',1,'1076测试服务器','4',8,'0');
insert into V_VEHICLEINFO (ORG_CODE,VEHICLE_ID,ID_NUMBER,TYPE_ID,TERMINAL_ID,DELETE_FLAG,COLOR_ID_NUMBER_ID,AUTHORIZED_PAY_MASS) values ('B0000804','2601404', '测B07403', 4, 261404, 0, '2',15);

insert into T_SIMINFO (SIM_ID, ORG_CODE, DEPTCODE, STATE,PAY_MODLE, SIM_NUM) values(27405, 'B0000804', '中国移动', 1, '预付费', 13100007404);
insert into T_TERMINALINFO (TERMINAL_ID,TTYPE_ID,SIM_ID,TERMINAL_CODE,ORG_CODE,IS_VIDEO_TERMINAL,SP_SERVER_NAME,PROTOCOL_TYPE,CHANNELS,YT_PROTOCOL_TYPE) values(261405, 4, 27405, '1007404', 'B0000804',1,'1076测试服务器','4',8,'0');
insert into V_VEHICLEINFO (ORG_CODE,VEHICLE_ID,ID_NUMBER,TYPE_ID,TERMINAL_ID,DELETE_FLAG,COLOR_ID_NUMBER_ID,AUTHORIZED_PAY_MASS) values ('B0000804','2601405', '测B07404', 4, 261405, 0, '2',15);

insert into T_SIMINFO (SIM_ID, ORG_CODE, DEPTCODE, STATE,PAY_MODLE, SIM_NUM) values(27406, 'B0000804', '中国移动', 1, '预付费', 13100007405);
insert into T_TERMINALINFO (TERMINAL_ID,TTYPE_ID,SIM_ID,TERMINAL_CODE,ORG_CODE,IS_VIDEO_TERMINAL,SP_SERVER_NAME,PROTOCOL_TYPE,CHANNELS,YT_PROTOCOL_TYPE) values(261406, 4, 27406, '1007405', 'B0000804',1,'1076测试服务器','4',8,'0');
insert into V_VEHICLEINFO (ORG_CODE,VEHICLE_ID,ID_NUMBER,TYPE_ID,TERMINAL_ID,DELETE_FLAG,COLOR_ID_NUMBER_ID,AUTHORIZED_PAY_MASS) values ('B0000804','2601406', '测B07405', 4, 261406, 0, '2',15);

insert into T_SIMINFO (SIM_ID, ORG_CODE, DEPTCODE, STATE,PAY_MODLE, SIM_NUM) values(27407, 'B0000804', '中国移动', 1, '预付费', 13100007406);
insert into T_TERMINALINFO (TERMINAL_ID,TTYPE_ID,SIM_ID,TERMINAL_CODE,ORG_CODE,IS_VIDEO_TERMINAL,SP_SERVER_NAME,PROTOCOL_TYPE,CHANNELS,YT_PROTOCOL_TYPE) values(261407, 4, 27407, '1007406', 'B0000804',1,'1076测试服务器','4',8,'0');
insert into V_VEHICLEINFO (ORG_CODE,VEHICLE_ID,ID_NUMBER,TYPE_ID,TERMINAL_ID,DELETE_FLAG,COLOR_ID_NUMBER_ID,AUTHORIZED_PAY_MASS) values ('B0000804','2601407', '测B07406', 4, 261407, 0, '2',15);

insert into T_SIMINFO (SIM_ID, ORG_CODE, DEPTCODE, STATE,PAY_MODLE, SIM_NUM) values(27408, 'B0000804', '中国移动', 1, '预付费', 13100007407);
insert into T_TERMINALINFO (TERMINAL_ID,TTYPE_ID,SIM_ID,TERMINAL_CODE,ORG_CODE,IS_VIDEO_TERMINAL,SP_SERVER_NAME,PROTOCOL_TYPE,CHANNELS,YT_PROTOCOL_TYPE) values(261408, 4, 27408, '1007407', 'B0000804',1,'1076测试服务器','4',8,'0');
insert into V_VEHICLEINFO (ORG_CODE,VEHICLE_ID,ID_NUMBER,TYPE_ID,TERMINAL_ID,DELETE_FLAG,COLOR_ID_NUMBER_ID,AUTHORIZED_PAY_MASS) values ('B0000804','2601408', '测B07407', 4, 261408, 0, '2',15);

insert into T_SIMINFO (SIM_ID, ORG_CODE, DEPTCODE, STATE,PAY_MODLE, SIM_NUM) values(27409, 'B0000804', '中国移动', 1, '预付费', 13100007408);
insert into T_TERMINALINFO (TERMINAL_ID,TTYPE_ID,SIM_ID,TERMINAL_CODE,ORG_CODE,IS_VIDEO_TERMINAL,SP_SERVER_NAME,PROTOCOL_TYPE,CHANNELS,YT_PROTOCOL_TYPE) values(261409, 4, 27409, '1007408', 'B0000804',1,'1076测试服务器','4',8,'0');
insert into V_VEHICLEINFO (ORG_CODE,VEHICLE_ID,ID_NUMBER,TYPE_ID,TERMINAL_ID,DELETE_FLAG,COLOR_ID_NUMBER_ID,AUTHORIZED_PAY_MASS) values ('B0000804','2601409', '测B07408', 4, 261409, 0, '2',15);

insert into T_SIMINFO (SIM_ID, ORG_CODE, DEPTCODE, STATE,PAY_MODLE, SIM_NUM) values(27410, 'B0000804', '中国移动', 1, '预付费', 13100007409);
insert into T_TERMINALINFO (TERMINAL_ID,TTYPE_ID,SIM_ID,TERMINAL_CODE,ORG_CODE,IS_VIDEO_TERMINAL,SP_SERVER_NAME,PROTOCOL_TYPE,CHANNELS,YT_PROTOCOL_TYPE) values(261410, 4, 27410, '1007409', 'B0000804',1,'1076测试服务器','4',8,'0');
insert into V_VEHICLEINFO (ORG_CODE,VEHICLE_ID,ID_NUMBER,TYPE_ID,TERMINAL_ID,DELETE_FLAG,COLOR_ID_NUMBER_ID,AUTHORIZED_PAY_MASS) values ('B0000804','2601410', '测B07409', 4, 261410, 0, '2',15);

insert into T_SIMINFO (SIM_ID, ORG_CODE, DEPTCODE, STATE,PAY_MODLE, SIM_NUM) values(27411, 'B0000804', '中国移动', 1, '预付费', 13100007410);
insert into T_TERMINALINFO (TERMINAL_ID,TTYPE_ID,SIM_ID,TERMINAL_CODE,ORG_CODE,IS_VIDEO_TERMINAL,SP_SERVER_NAME,PROTOCOL_TYPE,CHANNELS,YT_PROTOCOL_TYPE) values(261411, 4, 27411, '1007410', 'B0000804',1,'1076测试服务器','4',8,'0');
insert into V_VEHICLEINFO (ORG_CODE,VEHICLE_ID,ID_NUMBER,TYPE_ID,TERMINAL_ID,DELETE_FLAG,COLOR_ID_NUMBER_ID,AUTHORIZED_PAY_MASS) values ('B0000804','2601411', '测B07410', 4, 261411, 0, '2',15);

insert into T_SIMINFO (SIM_ID, ORG_CODE, DEPTCODE, STATE,PAY_MODLE, SIM_NUM) values(27412, 'B0000804', '中国移动', 1, '预付费', 13100007411);
insert into T_TERMINALINFO (TERMINAL_ID,TTYPE_ID,SIM_ID,TERMINAL_CODE,ORG_CODE,IS_VIDEO_TERMINAL,SP_SERVER_NAME,PROTOCOL_TYPE,CHANNELS,YT_PROTOCOL_TYPE) values(261412, 4, 27412, '1007411', 'B0000804',1,'1076测试服务器','4',8,'0');
insert into V_VEHICLEINFO (ORG_CODE,VEHICLE_ID,ID_NUMBER,TYPE_ID,TERMINAL_ID,DELETE_FLAG,COLOR_ID_NUMBER_ID,AUTHORIZED_PAY_MASS) values ('B0000804','2601412', '测B07411', 4, 261412, 0, '2',15);

insert into T_SIMINFO (SIM_ID, ORG_CODE, DEPTCODE, STATE,PAY_MODLE, SIM_NUM) values(27413, 'B0000804', '中国移动', 1, '预付费', 13100007412);
insert into T_TERMINALINFO (TERMINAL_ID,TTYPE_ID,SIM_ID,TERMINAL_CODE,ORG_CODE,IS_VIDEO_TERMINAL,SP_SERVER_NAME,PROTOCOL_TYPE,CHANNELS,YT_PROTOCOL_TYPE) values(261413, 4, 27413, '1007412', 'B0000804',1,'1076测试服务器','4',8,'0');
insert into V_VEHICLEINFO (ORG_CODE,VEHICLE_ID,ID_NUMBER,TYPE_ID,TERMINAL_ID,DELETE_FLAG,COLOR_ID_NUMBER_ID,AUTHORIZED_PAY_MASS) values ('B0000804','2601413', '测B07412', 4, 261413, 0, '2',15);

insert into T_SIMINFO (SIM_ID, ORG_CODE, DEPTCODE, STATE,PAY_MODLE, SIM_NUM) values(27414, 'B0000804', '中国移动', 1, '预付费', 13100007413);
insert into T_TERMINALINFO (TERMINAL_ID,TTYPE_ID,SIM_ID,TERMINAL_CODE,ORG_CODE,IS_VIDEO_TERMINAL,SP_SERVER_NAME,PROTOCOL_TYPE,CHANNELS,YT_PROTOCOL_TYPE) values(261414, 4, 27414, '1007413', 'B0000804',1,'1076测试服务器','4',8,'0');
insert into V_VEHICLEINFO (ORG_CODE,VEHICLE_ID,ID_NUMBER,TYPE_ID,TERMINAL_ID,DELETE_FLAG,COLOR_ID_NUMBER_ID,AUTHORIZED_PAY_MASS) values ('B0000804','2601414', '测B07413', 4, 261414, 0, '2',15);

insert into T_SIMINFO (SIM_ID, ORG_CODE, DEPTCODE, STATE,PAY_MODLE, SIM_NUM) values(27415, 'B0000804', '中国移动', 1, '预付费', 13100007414);
insert into T_TERMINALINFO (TERMINAL_ID,TTYPE_ID,SIM_ID,TERMINAL_CODE,ORG_CODE,IS_VIDEO_TERMINAL,SP_SERVER_NAME,PROTOCOL_TYPE,CHANNELS,YT_PROTOCOL_TYPE) values(261415, 4, 27415, '1007414', 'B0000804',1,'1076测试服务器','4',8,'0');
insert into V_VEHICLEINFO (ORG_CODE,VEHICLE_ID,ID_NUMBER,TYPE_ID,TERMINAL_ID,DELETE_FLAG,COLOR_ID_NUMBER_ID,AUTHORIZED_PAY_MASS) values ('B0000804','2601415', '测B07414', 4, 261415, 0, '2',15);

insert into T_SIMINFO (SIM_ID, ORG_CODE, DEPTCODE, STATE,PAY_MODLE, SIM_NUM) values(27416, 'B0000804', '中国移动', 1, '预付费', 13100007415);
insert into T_TERMINALINFO (TERMINAL_ID,TTYPE_ID,SIM_ID,TERMINAL_CODE,ORG_CODE,IS_VIDEO_TERMINAL,SP_SERVER_NAME,PROTOCOL_TYPE,CHANNELS,YT_PROTOCOL_TYPE) values(261416, 4, 27416, '1007415', 'B0000804',1,'1076测试服务器','4',8,'0');
insert into V_VEHICLEINFO (ORG_CODE,VEHICLE_ID,ID_NUMBER,TYPE_ID,TERMINAL_ID,DELETE_FLAG,COLOR_ID_NUMBER_ID,AUTHORIZED_PAY_MASS) values ('B0000804','2601416', '测B07415', 4, 261416, 0, '2',15);

insert into T_SIMINFO (SIM_ID, ORG_CODE, DEPTCODE, STATE,PAY_MODLE, SIM_NUM) values(27417, 'B0000804', '中国移动', 1, '预付费', 13100007416);
insert into T_TERMINALINFO (TERMINAL_ID,TTYPE_ID,SIM_ID,TERMINAL_CODE,ORG_CODE,IS_VIDEO_TERMINAL,SP_SERVER_NAME,PROTOCOL_TYPE,CHANNELS,YT_PROTOCOL_TYPE) values(261417, 4, 27417, '1007416', 'B0000804',1,'1076测试服务器','4',8,'0');
insert into V_VEHICLEINFO (ORG_CODE,VEHICLE_ID,ID_NUMBER,TYPE_ID,TERMINAL_ID,DELETE_FLAG,COLOR_ID_NUMBER_ID,AUTHORIZED_PAY_MASS) values ('B0000804','2601417', '测B07416', 4, 261417, 0, '2',15);

insert into T_SIMINFO (SIM_ID, ORG_CODE, DEPTCODE, STATE,PAY_MODLE, SIM_NUM) values(27418, 'B0000804', '中国移动', 1, '预付费', 13100007417);
insert into T_TERMINALINFO (TERMINAL_ID,TTYPE_ID,SIM_ID,TERMINAL_CODE,ORG_CODE,IS_VIDEO_TERMINAL,SP_SERVER_NAME,PROTOCOL_TYPE,CHANNELS,YT_PROTOCOL_TYPE) values(261418, 4, 27418, '1007417', 'B0000804',1,'1076测试服务器','4',8,'0');
insert into V_VEHICLEINFO (ORG_CODE,VEHICLE_ID,ID_NUMBER,TYPE_ID,TERMINAL_ID,DELETE_FLAG,COLOR_ID_NUMBER_ID,AUTHORIZED_PAY_MASS) values ('B0000804','2601418', '测B07417', 4, 261418, 0, '2',15);

insert into T_SIMINFO (SIM_ID, ORG_CODE, DEPTCODE, STATE,PAY_MODLE, SIM_NUM) values(27419, 'B0000804', '中国移动', 1, '预付费', 13100007418);
insert into T_TERMINALINFO (TERMINAL_ID,TTYPE_ID,SIM_ID,TERMINAL_CODE,ORG_CODE,IS_VIDEO_TERMINAL,SP_SERVER_NAME,PROTOCOL_TYPE,CHANNELS,YT_PROTOCOL_TYPE) values(261419, 4, 27419, '1007418', 'B0000804',1,'1076测试服务器','4',8,'0');
insert into V_VEHICLEINFO (ORG_CODE,VEHICLE_ID,ID_NUMBER,TYPE_ID,TERMINAL_ID,DELETE_FLAG,COLOR_ID_NUMBER_ID,AUTHORIZED_PAY_MASS) values ('B0000804','2601419', '测B07418', 4, 261419, 0, '2',15);

insert into T_SIMINFO (SIM_ID, ORG_CODE, DEPTCODE, STATE,PAY_MODLE, SIM_NUM) values(27420, 'B0000804', '中国移动', 1, '预付费', 13100007419);
insert into T_TERMINALINFO (TERMINAL_ID,TTYPE_ID,SIM_ID,TERMINAL_CODE,ORG_CODE,IS_VIDEO_TERMINAL,SP_SERVER_NAME,PROTOCOL_TYPE,CHANNELS,YT_PROTOCOL_TYPE) values(261420, 4, 27420, '1007419', 'B0000804',1,'1076测试服务器','4',8,'0');
insert into V_VEHICLEINFO (ORG_CODE,VEHICLE_ID,ID_NUMBER,TYPE_ID,TERMINAL_ID,DELETE_FLAG,COLOR_ID_NUMBER_ID,AUTHORIZED_PAY_MASS) values ('B0000804','2601420', '测B07419', 4, 261420, 0, '2',15);

insert into T_SIMINFO (SIM_ID, ORG_CODE, DEPTCODE, STATE,PAY_MODLE, SIM_NUM) values(27421, 'B0000804', '中国移动', 1, '预付费', 13100007420);
insert into T_TERMINALINFO (TERMINAL_ID,TTYPE_ID,SIM_ID,TERMINAL_CODE,ORG_CODE,IS_VIDEO_TERMINAL,SP_SERVER_NAME,PROTOCOL_TYPE,CHANNELS,YT_PROTOCOL_TYPE) values(261421, 4, 27421, '1007420', 'B0000804',1,'1076测试服务器','4',8,'0');
insert into V_VEHICLEINFO (ORG_CODE,VEHICLE_ID,ID_NUMBER,TYPE_ID,TERMINAL_ID,DELETE_FLAG,COLOR_ID_NUMBER_ID,AUTHORIZED_PAY_MASS) values ('B0000804','2601421', '测B07420', 4, 261421, 0, '2',15);

insert into T_SIMINFO (SIM_ID, ORG_CODE, DEPTCODE, STATE,PAY_MODLE, SIM_NUM) values(27422, 'B0000804', '中国移动', 1, '预付费', 13100007421);
insert into T_TERMINALINFO (TERMINAL_ID,TTYPE_ID,SIM_ID,TERMINAL_CODE,ORG_CODE,IS_VIDEO_TERMINAL,SP_SERVER_NAME,PROTOCOL_TYPE,CHANNELS,YT_PROTOCOL_TYPE) values(261422, 4, 27422, '1007421', 'B0000804',1,'1076测试服务器','4',8,'0');
insert into V_VEHICLEINFO (ORG_CODE,VEHICLE_ID,ID_NUMBER,TYPE_ID,TERMINAL_ID,DELETE_FLAG,COLOR_ID_NUMBER_ID,AUTHORIZED_PAY_MASS) values ('B0000804','2601422', '测B07421', 4, 261422, 0, '2',15);

insert into T_SIMINFO (SIM_ID, ORG_CODE, DEPTCODE, STATE,PAY_MODLE, SIM_NUM) values(27423, 'B0000804', '中国移动', 1, '预付费', 13100007422);
insert into T_TERMINALINFO (TERMINAL_ID,TTYPE_ID,SIM_ID,TERMINAL_CODE,ORG_CODE,IS_VIDEO_TERMINAL,SP_SERVER_NAME,PROTOCOL_TYPE,CHANNELS,YT_PROTOCOL_TYPE) values(261423, 4, 27423, '1007422', 'B0000804',1,'1076测试服务器','4',8,'0');
insert into V_VEHICLEINFO (ORG_CODE,VEHICLE_ID,ID_NUMBER,TYPE_ID,TERMINAL_ID,DELETE_FLAG,COLOR_ID_NUMBER_ID,AUTHORIZED_PAY_MASS) values ('B0000804','2601423', '测B07422', 4, 261423, 0, '2',15);

insert into T_SIMINFO (SIM_ID, ORG_CODE, DEPTCODE, STATE,PAY_MODLE, SIM_NUM) values(27424, 'B0000804', '中国移动', 1, '预付费', 13100007423);
insert into T_TERMINALINFO (TERMINAL_ID,TTYPE_ID,SIM_ID,TERMINAL_CODE,ORG_CODE,IS_VIDEO_TERMINAL,SP_SERVER_NAME,PROTOCOL_TYPE,CHANNELS,YT_PROTOCOL_TYPE) values(261424, 4, 27424, '1007423', 'B0000804',1,'1076测试服务器','4',8,'0');
insert into V_VEHICLEINFO (ORG_CODE,VEHICLE_ID,ID_NUMBER,TYPE_ID,TERMINAL_ID,DELETE_FLAG,COLOR_ID_NUMBER_ID,AUTHORIZED_PAY_MASS) values ('B0000804','2601424', '测B07423', 4, 261424, 0, '2',15);

insert into T_SIMINFO (SIM_ID, ORG_CODE, DEPTCODE, STATE,PAY_MODLE, SIM_NUM) values(27425, 'B0000804', '中国移动', 1, '预付费', 13100007424);
insert into T_TERMINALINFO (TERMINAL_ID,TTYPE_ID,SIM_ID,TERMINAL_CODE,ORG_CODE,IS_VIDEO_TERMINAL,SP_SERVER_NAME,PROTOCOL_TYPE,CHANNELS,YT_PROTOCOL_TYPE) values(261425, 4, 27425, '1007424', 'B0000804',1,'1076测试服务器','4',8,'0');
insert into V_VEHICLEINFO (ORG_CODE,VEHICLE_ID,ID_NUMBER,TYPE_ID,TERMINAL_ID,DELETE_FLAG,COLOR_ID_NUMBER_ID,AUTHORIZED_PAY_MASS) values ('B0000804','2601425', '测B07424', 4, 261425, 0, '2',15);

insert into T_SIMINFO (SIM_ID, ORG_CODE, DEPTCODE, STATE,PAY_MODLE, SIM_NUM) values(27426, 'B0000804', '中国移动', 1, '预付费', 13100007425);
insert into T_TERMINALINFO (TERMINAL_ID,TTYPE_ID,SIM_ID,TERMINAL_CODE,ORG_CODE,IS_VIDEO_TERMINAL,SP_SERVER_NAME,PROTOCOL_TYPE,CHANNELS,YT_PROTOCOL_TYPE) values(261426, 4, 27426, '1007425', 'B0000804',1,'1076测试服务器','4',8,'0');
insert into V_VEHICLEINFO (ORG_CODE,VEHICLE_ID,ID_NUMBER,TYPE_ID,TERMINAL_ID,DELETE_FLAG,COLOR_ID_NUMBER_ID,AUTHORIZED_PAY_MASS) values ('B0000804','2601426', '测B07425', 4, 261426, 0, '2',15);

insert into T_SIMINFO (SIM_ID, ORG_CODE, DEPTCODE, STATE,PAY_MODLE, SIM_NUM) values(27427, 'B0000804', '中国移动', 1, '预付费', 13100007426);
insert into T_TERMINALINFO (TERMINAL_ID,TTYPE_ID,SIM_ID,TERMINAL_CODE,ORG_CODE,IS_VIDEO_TERMINAL,SP_SERVER_NAME,PROTOCOL_TYPE,CHANNELS,YT_PROTOCOL_TYPE) values(261427, 4, 27427, '1007426', 'B0000804',1,'1076测试服务器','4',8,'0');
insert into V_VEHICLEINFO (ORG_CODE,VEHICLE_ID,ID_NUMBER,TYPE_ID,TERMINAL_ID,DELETE_FLAG,COLOR_ID_NUMBER_ID,AUTHORIZED_PAY_MASS) values ('B0000804','2601427', '测B07426', 4, 261427, 0, '2',15);

insert into T_SIMINFO (SIM_ID, ORG_CODE, DEPTCODE, STATE,PAY_MODLE, SIM_NUM) values(27428, 'B0000804', '中国移动', 1, '预付费', 13100007427);
insert into T_TERMINALINFO (TERMINAL_ID,TTYPE_ID,SIM_ID,TERMINAL_CODE,ORG_CODE,IS_VIDEO_TERMINAL,SP_SERVER_NAME,PROTOCOL_TYPE,CHANNELS,YT_PROTOCOL_TYPE) values(261428, 4, 27428, '1007427', 'B0000804',1,'1076测试服务器','4',8,'0');
insert into V_VEHICLEINFO (ORG_CODE,VEHICLE_ID,ID_NUMBER,TYPE_ID,TERMINAL_ID,DELETE_FLAG,COLOR_ID_NUMBER_ID,AUTHORIZED_PAY_MASS) values ('B0000804','2601428', '测B07427', 4, 261428, 0, '2',15);

insert into T_SIMINFO (SIM_ID, ORG_CODE, DEPTCODE, STATE,PAY_MODLE, SIM_NUM) values(27429, 'B0000804', '中国移动', 1, '预付费', 13100007428);
insert into T_TERMINALINFO (TERMINAL_ID,TTYPE_ID,SIM_ID,TERMINAL_CODE,ORG_CODE,IS_VIDEO_TERMINAL,SP_SERVER_NAME,PROTOCOL_TYPE,CHANNELS,YT_PROTOCOL_TYPE) values(261429, 4, 27429, '1007428', 'B0000804',1,'1076测试服务器','4',8,'0');
insert into V_VEHICLEINFO (ORG_CODE,VEHICLE_ID,ID_NUMBER,TYPE_ID,TERMINAL_ID,DELETE_FLAG,COLOR_ID_NUMBER_ID,AUTHORIZED_PAY_MASS) values ('B0000804','2601429', '测B07428', 4, 261429, 0, '2',15);

insert into T_SIMINFO (SIM_ID, ORG_CODE, DEPTCODE, STATE,PAY_MODLE, SIM_NUM) values(27430, 'B0000804', '中国移动', 1, '预付费', 13100007429);
insert into T_TERMINALINFO (TERMINAL_ID,TTYPE_ID,SIM_ID,TERMINAL_CODE,ORG_CODE,IS_VIDEO_TERMINAL,SP_SERVER_NAME,PROTOCOL_TYPE,CHANNELS,YT_PROTOCOL_TYPE) values(261430, 4, 27430, '1007429', 'B0000804',1,'1076测试服务器','4',8,'0');
insert into V_VEHICLEINFO (ORG_CODE,VEHICLE_ID,ID_NUMBER,TYPE_ID,TERMINAL_ID,DELETE_FLAG,COLOR_ID_NUMBER_ID,AUTHORIZED_PAY_MASS) values ('B0000804','2601430', '测B07429', 4, 261430, 0, '2',15);

insert into T_SIMINFO (SIM_ID, ORG_CODE, DEPTCODE, STATE,PAY_MODLE, SIM_NUM) values(27431, 'B0000804', '中国移动', 1, '预付费', 13100007430);
insert into T_TERMINALINFO (TERMINAL_ID,TTYPE_ID,SIM_ID,TERMINAL_CODE,ORG_CODE,IS_VIDEO_TERMINAL,SP_SERVER_NAME,PROTOCOL_TYPE,CHANNELS,YT_PROTOCOL_TYPE) values(261431, 4, 27431, '1007430', 'B0000804',1,'1076测试服务器','4',8,'0');
insert into V_VEHICLEINFO (ORG_CODE,VEHICLE_ID,ID_NUMBER,TYPE_ID,TERMINAL_ID,DELETE_FLAG,COLOR_ID_NUMBER_ID,AUTHORIZED_PAY_MASS) values ('B0000804','2601431', '测B07430', 4, 261431, 0, '2',15);

insert into T_SIMINFO (SIM_ID, ORG_CODE, DEPTCODE, STATE,PAY_MODLE, SIM_NUM) values(27432, 'B0000804', '中国移动', 1, '预付费', 13100007431);
insert into T_TERMINALINFO (TERMINAL_ID,TTYPE_ID,SIM_ID,TERMINAL_CODE,ORG_CODE,IS_VIDEO_TERMINAL,SP_SERVER_NAME,PROTOCOL_TYPE,CHANNELS,YT_PROTOCOL_TYPE) values(261432, 4, 27432, '1007431', 'B0000804',1,'1076测试服务器','4',8,'0');
insert into V_VEHICLEINFO (ORG_CODE,VEHICLE_ID,ID_NUMBER,TYPE_ID,TERMINAL_ID,DELETE_FLAG,COLOR_ID_NUMBER_ID,AUTHORIZED_PAY_MASS) values ('B0000804','2601432', '测B07431', 4, 261432, 0, '2',15);

insert into T_SIMINFO (SIM_ID, ORG_CODE, DEPTCODE, STATE,PAY_MODLE, SIM_NUM) values(27433, 'B0000804', '中国移动', 1, '预付费', 13100007432);
insert into T_TERMINALINFO (TERMINAL_ID,TTYPE_ID,SIM_ID,TERMINAL_CODE,ORG_CODE,IS_VIDEO_TERMINAL,SP_SERVER_NAME,PROTOCOL_TYPE,CHANNELS,YT_PROTOCOL_TYPE) values(261433, 4, 27433, '1007432', 'B0000804',1,'1076测试服务器','4',8,'0');
insert into V_VEHICLEINFO (ORG_CODE,VEHICLE_ID,ID_NUMBER,TYPE_ID,TERMINAL_ID,DELETE_FLAG,COLOR_ID_NUMBER_ID,AUTHORIZED_PAY_MASS) values ('B0000804','2601433', '测B07432', 4, 261433, 0, '2',15);

insert into T_SIMINFO (SIM_ID, ORG_CODE, DEPTCODE, STATE,PAY_MODLE, SIM_NUM) values(27434, 'B0000804', '中国移动', 1, '预付费', 13100007433);
insert into T_TERMINALINFO (TERMINAL_ID,TTYPE_ID,SIM_ID,TERMINAL_CODE,ORG_CODE,IS_VIDEO_TERMINAL,SP_SERVER_NAME,PROTOCOL_TYPE,CHANNELS,YT_PROTOCOL_TYPE) values(261434, 4, 27434, '1007433', 'B0000804',1,'1076测试服务器','4',8,'0');
insert into V_VEHICLEINFO (ORG_CODE,VEHICLE_ID,ID_NUMBER,TYPE_ID,TERMINAL_ID,DELETE_FLAG,COLOR_ID_NUMBER_ID,AUTHORIZED_PAY_MASS) values ('B0000804','2601434', '测B07433', 4, 261434, 0, '2',15);

insert into T_SIMINFO (SIM_ID, ORG_CODE, DEPTCODE, STATE,PAY_MODLE, SIM_NUM) values(27435, 'B0000804', '中国移动', 1, '预付费', 13100007434);
insert into T_TERMINALINFO (TERMINAL_ID,TTYPE_ID,SIM_ID,TERMINAL_CODE,ORG_CODE,IS_VIDEO_TERMINAL,SP_SERVER_NAME,PROTOCOL_TYPE,CHANNELS,YT_PROTOCOL_TYPE) values(261435, 4, 27435, '1007434', 'B0000804',1,'1076测试服务器','4',8,'0');
insert into V_VEHICLEINFO (ORG_CODE,VEHICLE_ID,ID_NUMBER,TYPE_ID,TERMINAL_ID,DELETE_FLAG,COLOR_ID_NUMBER_ID,AUTHORIZED_PAY_MASS) values ('B0000804','2601435', '测B07434', 4, 261435, 0, '2',15);

insert into T_SIMINFO (SIM_ID, ORG_CODE, DEPTCODE, STATE,PAY_MODLE, SIM_NUM) values(27436, 'B0000804', '中国移动', 1, '预付费', 13100007435);
insert into T_TERMINALINFO (TERMINAL_ID,TTYPE_ID,SIM_ID,TERMINAL_CODE,ORG_CODE,IS_VIDEO_TERMINAL,SP_SERVER_NAME,PROTOCOL_TYPE,CHANNELS,YT_PROTOCOL_TYPE) values(261436, 4, 27436, '1007435', 'B0000804',1,'1076测试服务器','4',8,'0');
insert into V_VEHICLEINFO (ORG_CODE,VEHICLE_ID,ID_NUMBER,TYPE_ID,TERMINAL_ID,DELETE_FLAG,COLOR_ID_NUMBER_ID,AUTHORIZED_PAY_MASS) values ('B0000804','2601436', '测B07435', 4, 261436, 0, '2',15);

insert into T_SIMINFO (SIM_ID, ORG_CODE, DEPTCODE, STATE,PAY_MODLE, SIM_NUM) values(27437, 'B0000804', '中国移动', 1, '预付费', 13100007436);
insert into T_TERMINALINFO (TERMINAL_ID,TTYPE_ID,SIM_ID,TERMINAL_CODE,ORG_CODE,IS_VIDEO_TERMINAL,SP_SERVER_NAME,PROTOCOL_TYPE,CHANNELS,YT_PROTOCOL_TYPE) values(261437, 4, 27437, '1007436', 'B0000804',1,'1076测试服务器','4',8,'0');
insert into V_VEHICLEINFO (ORG_CODE,VEHICLE_ID,ID_NUMBER,TYPE_ID,TERMINAL_ID,DELETE_FLAG,COLOR_ID_NUMBER_ID,AUTHORIZED_PAY_MASS) values ('B0000804','2601437', '测B07436', 4, 261437, 0, '2',15);

insert into T_SIMINFO (SIM_ID, ORG_CODE, DEPTCODE, STATE,PAY_MODLE, SIM_NUM) values(27438, 'B0000804', '中国移动', 1, '预付费', 13100007437);
insert into T_TERMINALINFO (TERMINAL_ID,TTYPE_ID,SIM_ID,TERMINAL_CODE,ORG_CODE,IS_VIDEO_TERMINAL,SP_SERVER_NAME,PROTOCOL_TYPE,CHANNELS,YT_PROTOCOL_TYPE) values(261438, 4, 27438, '1007437', 'B0000804',1,'1076测试服务器','4',8,'0');
insert into V_VEHICLEINFO (ORG_CODE,VEHICLE_ID,ID_NUMBER,TYPE_ID,TERMINAL_ID,DELETE_FLAG,COLOR_ID_NUMBER_ID,AUTHORIZED_PAY_MASS) values ('B0000804','2601438', '测B07437', 4, 261438, 0, '2',15);

insert into T_SIMINFO (SIM_ID, ORG_CODE, DEPTCODE, STATE,PAY_MODLE, SIM_NUM) values(27439, 'B0000804', '中国移动', 1, '预付费', 13100007438);
insert into T_TERMINALINFO (TERMINAL_ID,TTYPE_ID,SIM_ID,TERMINAL_CODE,ORG_CODE,IS_VIDEO_TERMINAL,SP_SERVER_NAME,PROTOCOL_TYPE,CHANNELS,YT_PROTOCOL_TYPE) values(261439, 4, 27439, '1007438', 'B0000804',1,'1076测试服务器','4',8,'0');
insert into V_VEHICLEINFO (ORG_CODE,VEHICLE_ID,ID_NUMBER,TYPE_ID,TERMINAL_ID,DELETE_FLAG,COLOR_ID_NUMBER_ID,AUTHORIZED_PAY_MASS) values ('B0000804','2601439', '测B07438', 4, 261439, 0, '2',15);

insert into T_SIMINFO (SIM_ID, ORG_CODE, DEPTCODE, STATE,PAY_MODLE, SIM_NUM) values(27440, 'B0000804', '中国移动', 1, '预付费', 13100007439);
insert into T_TERMINALINFO (TERMINAL_ID,TTYPE_ID,SIM_ID,TERMINAL_CODE,ORG_CODE,IS_VIDEO_TERMINAL,SP_SERVER_NAME,PROTOCOL_TYPE,CHANNELS,YT_PROTOCOL_TYPE) values(261440, 4, 27440, '1007439', 'B0000804',1,'1076测试服务器','4',8,'0');
insert into V_VEHICLEINFO (ORG_CODE,VEHICLE_ID,ID_NUMBER,TYPE_ID,TERMINAL_ID,DELETE_FLAG,COLOR_ID_NUMBER_ID,AUTHORIZED_PAY_MASS) values ('B0000804','2601440', '测B07439', 4, 261440, 0, '2',15);

insert into T_SIMINFO (SIM_ID, ORG_CODE, DEPTCODE, STATE,PAY_MODLE, SIM_NUM) values(27441, 'B0000804', '中国移动', 1, '预付费', 13100007440);
insert into T_TERMINALINFO (TERMINAL_ID,TTYPE_ID,SIM_ID,TERMINAL_CODE,ORG_CODE,IS_VIDEO_TERMINAL,SP_SERVER_NAME,PROTOCOL_TYPE,CHANNELS,YT_PROTOCOL_TYPE) values(261441, 4, 27441, '1007440', 'B0000804',1,'1076测试服务器','4',8,'0');
insert into V_VEHICLEINFO (ORG_CODE,VEHICLE_ID,ID_NUMBER,TYPE_ID,TERMINAL_ID,DELETE_FLAG,COLOR_ID_NUMBER_ID,AUTHORIZED_PAY_MASS) values ('B0000804','2601441', '测B07440', 4, 261441, 0, '2',15);

insert into T_SIMINFO (SIM_ID, ORG_CODE, DEPTCODE, STATE,PAY_MODLE, SIM_NUM) values(27442, 'B0000804', '中国移动', 1, '预付费', 13100007441);
insert into T_TERMINALINFO (TERMINAL_ID,TTYPE_ID,SIM_ID,TERMINAL_CODE,ORG_CODE,IS_VIDEO_TERMINAL,SP_SERVER_NAME,PROTOCOL_TYPE,CHANNELS,YT_PROTOCOL_TYPE) values(261442, 4, 27442, '1007441', 'B0000804',1,'1076测试服务器','4',8,'0');
insert into V_VEHICLEINFO (ORG_CODE,VEHICLE_ID,ID_NUMBER,TYPE_ID,TERMINAL_ID,DELETE_FLAG,COLOR_ID_NUMBER_ID,AUTHORIZED_PAY_MASS) values ('B0000804','2601442', '测B07441', 4, 261442, 0, '2',15);

insert into T_SIMINFO (SIM_ID, ORG_CODE, DEPTCODE, STATE,PAY_MODLE, SIM_NUM) values(27443, 'B0000804', '中国移动', 1, '预付费', 13100007442);
insert into T_TERMINALINFO (TERMINAL_ID,TTYPE_ID,SIM_ID,TERMINAL_CODE,ORG_CODE,IS_VIDEO_TERMINAL,SP_SERVER_NAME,PROTOCOL_TYPE,CHANNELS,YT_PROTOCOL_TYPE) values(261443, 4, 27443, '1007442', 'B0000804',1,'1076测试服务器','4',8,'0');
insert into V_VEHICLEINFO (ORG_CODE,VEHICLE_ID,ID_NUMBER,TYPE_ID,TERMINAL_ID,DELETE_FLAG,COLOR_ID_NUMBER_ID,AUTHORIZED_PAY_MASS) values ('B0000804','2601443', '测B07442', 4, 261443, 0, '2',15);

insert into T_SIMINFO (SIM_ID, ORG_CODE, DEPTCODE, STATE,PAY_MODLE, SIM_NUM) values(27444, 'B0000804', '中国移动', 1, '预付费', 13100007443);
insert into T_TERMINALINFO (TERMINAL_ID,TTYPE_ID,SIM_ID,TERMINAL_CODE,ORG_CODE,IS_VIDEO_TERMINAL,SP_SERVER_NAME,PROTOCOL_TYPE,CHANNELS,YT_PROTOCOL_TYPE) values(261444, 4, 27444, '1007443', 'B0000804',1,'1076测试服务器','4',8,'0');
insert into V_VEHICLEINFO (ORG_CODE,VEHICLE_ID,ID_NUMBER,TYPE_ID,TERMINAL_ID,DELETE_FLAG,COLOR_ID_NUMBER_ID,AUTHORIZED_PAY_MASS) values ('B0000804','2601444', '测B07443', 4, 261444, 0, '2',15);

insert into T_SIMINFO (SIM_ID, ORG_CODE, DEPTCODE, STATE,PAY_MODLE, SIM_NUM) values(27445, 'B0000804', '中国移动', 1, '预付费', 13100007444);
insert into T_TERMINALINFO (TERMINAL_ID,TTYPE_ID,SIM_ID,TERMINAL_CODE,ORG_CODE,IS_VIDEO_TERMINAL,SP_SERVER_NAME,PROTOCOL_TYPE,CHANNELS,YT_PROTOCOL_TYPE) values(261445, 4, 27445, '1007444', 'B0000804',1,'1076测试服务器','4',8,'0');
insert into V_VEHICLEINFO (ORG_CODE,VEHICLE_ID,ID_NUMBER,TYPE_ID,TERMINAL_ID,DELETE_FLAG,COLOR_ID_NUMBER_ID,AUTHORIZED_PAY_MASS) values ('B0000804','2601445', '测B07444', 4, 261445, 0, '2',15);

insert into T_SIMINFO (SIM_ID, ORG_CODE, DEPTCODE, STATE,PAY_MODLE, SIM_NUM) values(27446, 'B0000804', '中国移动', 1, '预付费', 13100007445);
insert into T_TERMINALINFO (TERMINAL_ID,TTYPE_ID,SIM_ID,TERMINAL_CODE,ORG_CODE,IS_VIDEO_TERMINAL,SP_SERVER_NAME,PROTOCOL_TYPE,CHANNELS,YT_PROTOCOL_TYPE) values(261446, 4, 27446, '1007445', 'B0000804',1,'1076测试服务器','4',8,'0');
insert into V_VEHICLEINFO (ORG_CODE,VEHICLE_ID,ID_NUMBER,TYPE_ID,TERMINAL_ID,DELETE_FLAG,COLOR_ID_NUMBER_ID,AUTHORIZED_PAY_MASS) values ('B0000804','2601446', '测B07445', 4, 261446, 0, '2',15);

insert into T_SIMINFO (SIM_ID, ORG_CODE, DEPTCODE, STATE,PAY_MODLE, SIM_NUM) values(27447, 'B0000804', '中国移动', 1, '预付费', 13100007446);
insert into T_TERMINALINFO (TERMINAL_ID,TTYPE_ID,SIM_ID,TERMINAL_CODE,ORG_CODE,IS_VIDEO_TERMINAL,SP_SERVER_NAME,PROTOCOL_TYPE,CHANNELS,YT_PROTOCOL_TYPE) values(261447, 4, 27447, '1007446', 'B0000804',1,'1076测试服务器','4',8,'0');
insert into V_VEHICLEINFO (ORG_CODE,VEHICLE_ID,ID_NUMBER,TYPE_ID,TERMINAL_ID,DELETE_FLAG,COLOR_ID_NUMBER_ID,AUTHORIZED_PAY_MASS) values ('B0000804','2601447', '测B07446', 4, 261447, 0, '2',15);

insert into T_SIMINFO (SIM_ID, ORG_CODE, DEPTCODE, STATE,PAY_MODLE, SIM_NUM) values(27448, 'B0000804', '中国移动', 1, '预付费', 13100007447);
insert into T_TERMINALINFO (TERMINAL_ID,TTYPE_ID,SIM_ID,TERMINAL_CODE,ORG_CODE,IS_VIDEO_TERMINAL,SP_SERVER_NAME,PROTOCOL_TYPE,CHANNELS,YT_PROTOCOL_TYPE) values(261448, 4, 27448, '1007447', 'B0000804',1,'1076测试服务器','4',8,'0');
insert into V_VEHICLEINFO (ORG_CODE,VEHICLE_ID,ID_NUMBER,TYPE_ID,TERMINAL_ID,DELETE_FLAG,COLOR_ID_NUMBER_ID,AUTHORIZED_PAY_MASS) values ('B0000804','2601448', '测B07447', 4, 261448, 0, '2',15);

insert into T_SIMINFO (SIM_ID, ORG_CODE, DEPTCODE, STATE,PAY_MODLE, SIM_NUM) values(27449, 'B0000804', '中国移动', 1, '预付费', 13100007448);
insert into T_TERMINALINFO (TERMINAL_ID,TTYPE_ID,SIM_ID,TERMINAL_CODE,ORG_CODE,IS_VIDEO_TERMINAL,SP_SERVER_NAME,PROTOCOL_TYPE,CHANNELS,YT_PROTOCOL_TYPE) values(261449, 4, 27449, '1007448', 'B0000804',1,'1076测试服务器','4',8,'0');
insert into V_VEHICLEINFO (ORG_CODE,VEHICLE_ID,ID_NUMBER,TYPE_ID,TERMINAL_ID,DELETE_FLAG,COLOR_ID_NUMBER_ID,AUTHORIZED_PAY_MASS) values ('B0000804','2601449', '测B07448', 4, 261449, 0, '2',15);

insert into T_SIMINFO (SIM_ID, ORG_CODE, DEPTCODE, STATE,PAY_MODLE, SIM_NUM) values(27450, 'B0000804', '中国移动', 1, '预付费', 13100007449);
insert into T_TERMINALINFO (TERMINAL_ID,TTYPE_ID,SIM_ID,TERMINAL_CODE,ORG_CODE,IS_VIDEO_TERMINAL,SP_SERVER_NAME,PROTOCOL_TYPE,CHANNELS,YT_PROTOCOL_TYPE) values(261450, 4, 27450, '1007449', 'B0000804',1,'1076测试服务器','4',8,'0');
insert into V_VEHICLEINFO (ORG_CODE,VEHICLE_ID,ID_NUMBER,TYPE_ID,TERMINAL_ID,DELETE_FLAG,COLOR_ID_NUMBER_ID,AUTHORIZED_PAY_MASS) values ('B0000804','2601450', '测B07449', 4, 261450, 0, '2',15);

insert into T_SIMINFO (SIM_ID, ORG_CODE, DEPTCODE, STATE,PAY_MODLE, SIM_NUM) values(27451, 'B0000804', '中国移动', 1, '预付费', 13100007450);
insert into T_TERMINALINFO (TERMINAL_ID,TTYPE_ID,SIM_ID,TERMINAL_CODE,ORG_CODE,IS_VIDEO_TERMINAL,SP_SERVER_NAME,PROTOCOL_TYPE,CHANNELS,YT_PROTOCOL_TYPE) values(261451, 4, 27451, '1007450', 'B0000804',1,'1076测试服务器','4',8,'0');
insert into V_VEHICLEINFO (ORG_CODE,VEHICLE_ID,ID_NUMBER,TYPE_ID,TERMINAL_ID,DELETE_FLAG,COLOR_ID_NUMBER_ID,AUTHORIZED_PAY_MASS) values ('B0000804','2601451', '测B07450', 4, 261451, 0, '2',15);

insert into T_SIMINFO (SIM_ID, ORG_CODE, DEPTCODE, STATE,PAY_MODLE, SIM_NUM) values(27452, 'B0000804', '中国移动', 1, '预付费', 13100007451);
insert into T_TERMINALINFO (TERMINAL_ID,TTYPE_ID,SIM_ID,TERMINAL_CODE,ORG_CODE,IS_VIDEO_TERMINAL,SP_SERVER_NAME,PROTOCOL_TYPE,CHANNELS,YT_PROTOCOL_TYPE) values(261452, 4, 27452, '1007451', 'B0000804',1,'1076测试服务器','4',8,'0');
insert into V_VEHICLEINFO (ORG_CODE,VEHICLE_ID,ID_NUMBER,TYPE_ID,TERMINAL_ID,DELETE_FLAG,COLOR_ID_NUMBER_ID,AUTHORIZED_PAY_MASS) values ('B0000804','2601452', '测B07451', 4, 261452, 0, '2',15);

insert into T_SIMINFO (SIM_ID, ORG_CODE, DEPTCODE, STATE,PAY_MODLE, SIM_NUM) values(27453, 'B0000804', '中国移动', 1, '预付费', 13100007452);
insert into T_TERMINALINFO (TERMINAL_ID,TTYPE_ID,SIM_ID,TERMINAL_CODE,ORG_CODE,IS_VIDEO_TERMINAL,SP_SERVER_NAME,PROTOCOL_TYPE,CHANNELS,YT_PROTOCOL_TYPE) values(261453, 4, 27453, '1007452', 'B0000804',1,'1076测试服务器','4',8,'0');
insert into V_VEHICLEINFO (ORG_CODE,VEHICLE_ID,ID_NUMBER,TYPE_ID,TERMINAL_ID,DELETE_FLAG,COLOR_ID_NUMBER_ID,AUTHORIZED_PAY_MASS) values ('B0000804','2601453', '测B07452', 4, 261453, 0, '2',15);

insert into T_SIMINFO (SIM_ID, ORG_CODE, DEPTCODE, STATE,PAY_MODLE, SIM_NUM) values(27454, 'B0000804', '中国移动', 1, '预付费', 13100007453);
insert into T_TERMINALINFO (TERMINAL_ID,TTYPE_ID,SIM_ID,TERMINAL_CODE,ORG_CODE,IS_VIDEO_TERMINAL,SP_SERVER_NAME,PROTOCOL_TYPE,CHANNELS,YT_PROTOCOL_TYPE) values(261454, 4, 27454, '1007453', 'B0000804',1,'1076测试服务器','4',8,'0');
insert into V_VEHICLEINFO (ORG_CODE,VEHICLE_ID,ID_NUMBER,TYPE_ID,TERMINAL_ID,DELETE_FLAG,COLOR_ID_NUMBER_ID,AUTHORIZED_PAY_MASS) values ('B0000804','2601454', '测B07453', 4, 261454, 0, '2',15);

insert into T_SIMINFO (SIM_ID, ORG_CODE, DEPTCODE, STATE,PAY_MODLE, SIM_NUM) values(27455, 'B0000804', '中国移动', 1, '预付费', 13100007454);
insert into T_TERMINALINFO (TERMINAL_ID,TTYPE_ID,SIM_ID,TERMINAL_CODE,ORG_CODE,IS_VIDEO_TERMINAL,SP_SERVER_NAME,PROTOCOL_TYPE,CHANNELS,YT_PROTOCOL_TYPE) values(261455, 4, 27455, '1007454', 'B0000804',1,'1076测试服务器','4',8,'0');
insert into V_VEHICLEINFO (ORG_CODE,VEHICLE_ID,ID_NUMBER,TYPE_ID,TERMINAL_ID,DELETE_FLAG,COLOR_ID_NUMBER_ID,AUTHORIZED_PAY_MASS) values ('B0000804','2601455', '测B07454', 4, 261455, 0, '2',15);

insert into T_SIMINFO (SIM_ID, ORG_CODE, DEPTCODE, STATE,PAY_MODLE, SIM_NUM) values(27456, 'B0000804', '中国移动', 1, '预付费', 13100007455);
insert into T_TERMINALINFO (TERMINAL_ID,TTYPE_ID,SIM_ID,TERMINAL_CODE,ORG_CODE,IS_VIDEO_TERMINAL,SP_SERVER_NAME,PROTOCOL_TYPE,CHANNELS,YT_PROTOCOL_TYPE) values(261456, 4, 27456, '1007455', 'B0000804',1,'1076测试服务器','4',8,'0');
insert into V_VEHICLEINFO (ORG_CODE,VEHICLE_ID,ID_NUMBER,TYPE_ID,TERMINAL_ID,DELETE_FLAG,COLOR_ID_NUMBER_ID,AUTHORIZED_PAY_MASS) values ('B0000804','2601456', '测B07455', 4, 261456, 0, '2',15);

insert into T_SIMINFO (SIM_ID, ORG_CODE, DEPTCODE, STATE,PAY_MODLE, SIM_NUM) values(27457, 'B0000804', '中国移动', 1, '预付费', 13100007456);
insert into T_TERMINALINFO (TERMINAL_ID,TTYPE_ID,SIM_ID,TERMINAL_CODE,ORG_CODE,IS_VIDEO_TERMINAL,SP_SERVER_NAME,PROTOCOL_TYPE,CHANNELS,YT_PROTOCOL_TYPE) values(261457, 4, 27457, '1007456', 'B0000804',1,'1076测试服务器','4',8,'0');
insert into V_VEHICLEINFO (ORG_CODE,VEHICLE_ID,ID_NUMBER,TYPE_ID,TERMINAL_ID,DELETE_FLAG,COLOR_ID_NUMBER_ID,AUTHORIZED_PAY_MASS) values ('B0000804','2601457', '测B07456', 4, 261457, 0, '2',15);

insert into T_SIMINFO (SIM_ID, ORG_CODE, DEPTCODE, STATE,PAY_MODLE, SIM_NUM) values(27458, 'B0000804', '中国移动', 1, '预付费', 13100007457);
insert into T_TERMINALINFO (TERMINAL_ID,TTYPE_ID,SIM_ID,TERMINAL_CODE,ORG_CODE,IS_VIDEO_TERMINAL,SP_SERVER_NAME,PROTOCOL_TYPE,CHANNELS,YT_PROTOCOL_TYPE) values(261458, 4, 27458, '1007457', 'B0000804',1,'1076测试服务器','4',8,'0');
insert into V_VEHICLEINFO (ORG_CODE,VEHICLE_ID,ID_NUMBER,TYPE_ID,TERMINAL_ID,DELETE_FLAG,COLOR_ID_NUMBER_ID,AUTHORIZED_PAY_MASS) values ('B0000804','2601458', '测B07457', 4, 261458, 0, '2',15);

insert into T_SIMINFO (SIM_ID, ORG_CODE, DEPTCODE, STATE,PAY_MODLE, SIM_NUM) values(27459, 'B0000804', '中国移动', 1, '预付费', 13100007458);
insert into T_TERMINALINFO (TERMINAL_ID,TTYPE_ID,SIM_ID,TERMINAL_CODE,ORG_CODE,IS_VIDEO_TERMINAL,SP_SERVER_NAME,PROTOCOL_TYPE,CHANNELS,YT_PROTOCOL_TYPE) values(261459, 4, 27459, '1007458', 'B0000804',1,'1076测试服务器','4',8,'0');
insert into V_VEHICLEINFO (ORG_CODE,VEHICLE_ID,ID_NUMBER,TYPE_ID,TERMINAL_ID,DELETE_FLAG,COLOR_ID_NUMBER_ID,AUTHORIZED_PAY_MASS) values ('B0000804','2601459', '测B07458', 4, 261459, 0, '2',15);

insert into T_SIMINFO (SIM_ID, ORG_CODE, DEPTCODE, STATE,PAY_MODLE, SIM_NUM) values(27460, 'B0000804', '中国移动', 1, '预付费', 13100007459);
insert into T_TERMINALINFO (TERMINAL_ID,TTYPE_ID,SIM_ID,TERMINAL_CODE,ORG_CODE,IS_VIDEO_TERMINAL,SP_SERVER_NAME,PROTOCOL_TYPE,CHANNELS,YT_PROTOCOL_TYPE) values(261460, 4, 27460, '1007459', 'B0000804',1,'1076测试服务器','4',8,'0');
insert into V_VEHICLEINFO (ORG_CODE,VEHICLE_ID,ID_NUMBER,TYPE_ID,TERMINAL_ID,DELETE_FLAG,COLOR_ID_NUMBER_ID,AUTHORIZED_PAY_MASS) values ('B0000804','2601460', '测B07459', 4, 261460, 0, '2',15);

insert into T_SIMINFO (SIM_ID, ORG_CODE, DEPTCODE, STATE,PAY_MODLE, SIM_NUM) values(27461, 'B0000804', '中国移动', 1, '预付费', 13100007460);
insert into T_TERMINALINFO (TERMINAL_ID,TTYPE_ID,SIM_ID,TERMINAL_CODE,ORG_CODE,IS_VIDEO_TERMINAL,SP_SERVER_NAME,PROTOCOL_TYPE,CHANNELS,YT_PROTOCOL_TYPE) values(261461, 4, 27461, '1007460', 'B0000804',1,'1076测试服务器','4',8,'0');
insert into V_VEHICLEINFO (ORG_CODE,VEHICLE_ID,ID_NUMBER,TYPE_ID,TERMINAL_ID,DELETE_FLAG,COLOR_ID_NUMBER_ID,AUTHORIZED_PAY_MASS) values ('B0000804','2601461', '测B07460', 4, 261461, 0, '2',15);

insert into T_SIMINFO (SIM_ID, ORG_CODE, DEPTCODE, STATE,PAY_MODLE, SIM_NUM) values(27462, 'B0000804', '中国移动', 1, '预付费', 13100007461);
insert into T_TERMINALINFO (TERMINAL_ID,TTYPE_ID,SIM_ID,TERMINAL_CODE,ORG_CODE,IS_VIDEO_TERMINAL,SP_SERVER_NAME,PROTOCOL_TYPE,CHANNELS,YT_PROTOCOL_TYPE) values(261462, 4, 27462, '1007461', 'B0000804',1,'1076测试服务器','4',8,'0');
insert into V_VEHICLEINFO (ORG_CODE,VEHICLE_ID,ID_NUMBER,TYPE_ID,TERMINAL_ID,DELETE_FLAG,COLOR_ID_NUMBER_ID,AUTHORIZED_PAY_MASS) values ('B0000804','2601462', '测B07461', 4, 261462, 0, '2',15);

insert into T_SIMINFO (SIM_ID, ORG_CODE, DEPTCODE, STATE,PAY_MODLE, SIM_NUM) values(27463, 'B0000804', '中国移动', 1, '预付费', 13100007462);
insert into T_TERMINALINFO (TERMINAL_ID,TTYPE_ID,SIM_ID,TERMINAL_CODE,ORG_CODE,IS_VIDEO_TERMINAL,SP_SERVER_NAME,PROTOCOL_TYPE,CHANNELS,YT_PROTOCOL_TYPE) values(261463, 4, 27463, '1007462', 'B0000804',1,'1076测试服务器','4',8,'0');
insert into V_VEHICLEINFO (ORG_CODE,VEHICLE_ID,ID_NUMBER,TYPE_ID,TERMINAL_ID,DELETE_FLAG,COLOR_ID_NUMBER_ID,AUTHORIZED_PAY_MASS) values ('B0000804','2601463', '测B07462', 4, 261463, 0, '2',15);

insert into T_SIMINFO (SIM_ID, ORG_CODE, DEPTCODE, STATE,PAY_MODLE, SIM_NUM) values(27464, 'B0000804', '中国移动', 1, '预付费', 13100007463);
insert into T_TERMINALINFO (TERMINAL_ID,TTYPE_ID,SIM_ID,TERMINAL_CODE,ORG_CODE,IS_VIDEO_TERMINAL,SP_SERVER_NAME,PROTOCOL_TYPE,CHANNELS,YT_PROTOCOL_TYPE) values(261464, 4, 27464, '1007463', 'B0000804',1,'1076测试服务器','4',8,'0');
insert into V_VEHICLEINFO (ORG_CODE,VEHICLE_ID,ID_NUMBER,TYPE_ID,TERMINAL_ID,DELETE_FLAG,COLOR_ID_NUMBER_ID,AUTHORIZED_PAY_MASS) values ('B0000804','2601464', '测B07463', 4, 261464, 0, '2',15);

insert into T_SIMINFO (SIM_ID, ORG_CODE, DEPTCODE, STATE,PAY_MODLE, SIM_NUM) values(27465, 'B0000804', '中国移动', 1, '预付费', 13100007464);
insert into T_TERMINALINFO (TERMINAL_ID,TTYPE_ID,SIM_ID,TERMINAL_CODE,ORG_CODE,IS_VIDEO_TERMINAL,SP_SERVER_NAME,PROTOCOL_TYPE,CHANNELS,YT_PROTOCOL_TYPE) values(261465, 4, 27465, '1007464', 'B0000804',1,'1076测试服务器','4',8,'0');
insert into V_VEHICLEINFO (ORG_CODE,VEHICLE_ID,ID_NUMBER,TYPE_ID,TERMINAL_ID,DELETE_FLAG,COLOR_ID_NUMBER_ID,AUTHORIZED_PAY_MASS) values ('B0000804','2601465', '测B07464', 4, 261465, 0, '2',15);

insert into T_SIMINFO (SIM_ID, ORG_CODE, DEPTCODE, STATE,PAY_MODLE, SIM_NUM) values(27466, 'B0000804', '中国移动', 1, '预付费', 13100007465);
insert into T_TERMINALINFO (TERMINAL_ID,TTYPE_ID,SIM_ID,TERMINAL_CODE,ORG_CODE,IS_VIDEO_TERMINAL,SP_SERVER_NAME,PROTOCOL_TYPE,CHANNELS,YT_PROTOCOL_TYPE) values(261466, 4, 27466, '1007465', 'B0000804',1,'1076测试服务器','4',8,'0');
insert into V_VEHICLEINFO (ORG_CODE,VEHICLE_ID,ID_NUMBER,TYPE_ID,TERMINAL_ID,DELETE_FLAG,COLOR_ID_NUMBER_ID,AUTHORIZED_PAY_MASS) values ('B0000804','2601466', '测B07465', 4, 261466, 0, '2',15);

insert into T_SIMINFO (SIM_ID, ORG_CODE, DEPTCODE, STATE,PAY_MODLE, SIM_NUM) values(27467, 'B0000804', '中国移动', 1, '预付费', 13100007466);
insert into T_TERMINALINFO (TERMINAL_ID,TTYPE_ID,SIM_ID,TERMINAL_CODE,ORG_CODE,IS_VIDEO_TERMINAL,SP_SERVER_NAME,PROTOCOL_TYPE,CHANNELS,YT_PROTOCOL_TYPE) values(261467, 4, 27467, '1007466', 'B0000804',1,'1076测试服务器','4',8,'0');
insert into V_VEHICLEINFO (ORG_CODE,VEHICLE_ID,ID_NUMBER,TYPE_ID,TERMINAL_ID,DELETE_FLAG,COLOR_ID_NUMBER_ID,AUTHORIZED_PAY_MASS) values ('B0000804','2601467', '测B07466', 4, 261467, 0, '2',15);

insert into T_SIMINFO (SIM_ID, ORG_CODE, DEPTCODE, STATE,PAY_MODLE, SIM_NUM) values(27468, 'B0000804', '中国移动', 1, '预付费', 13100007467);
insert into T_TERMINALINFO (TERMINAL_ID,TTYPE_ID,SIM_ID,TERMINAL_CODE,ORG_CODE,IS_VIDEO_TERMINAL,SP_SERVER_NAME,PROTOCOL_TYPE,CHANNELS,YT_PROTOCOL_TYPE) values(261468, 4, 27468, '1007467', 'B0000804',1,'1076测试服务器','4',8,'0');
insert into V_VEHICLEINFO (ORG_CODE,VEHICLE_ID,ID_NUMBER,TYPE_ID,TERMINAL_ID,DELETE_FLAG,COLOR_ID_NUMBER_ID,AUTHORIZED_PAY_MASS) values ('B0000804','2601468', '测B07467', 4, 261468, 0, '2',15);

insert into T_SIMINFO (SIM_ID, ORG_CODE, DEPTCODE, STATE,PAY_MODLE, SIM_NUM) values(27469, 'B0000804', '中国移动', 1, '预付费', 13100007468);
insert into T_TERMINALINFO (TERMINAL_ID,TTYPE_ID,SIM_ID,TERMINAL_CODE,ORG_CODE,IS_VIDEO_TERMINAL,SP_SERVER_NAME,PROTOCOL_TYPE,CHANNELS,YT_PROTOCOL_TYPE) values(261469, 4, 27469, '1007468', 'B0000804',1,'1076测试服务器','4',8,'0');
insert into V_VEHICLEINFO (ORG_CODE,VEHICLE_ID,ID_NUMBER,TYPE_ID,TERMINAL_ID,DELETE_FLAG,COLOR_ID_NUMBER_ID,AUTHORIZED_PAY_MASS) values ('B0000804','2601469', '测B07468', 4, 261469, 0, '2',15);

insert into T_SIMINFO (SIM_ID, ORG_CODE, DEPTCODE, STATE,PAY_MODLE, SIM_NUM) values(27470, 'B0000804', '中国移动', 1, '预付费', 13100007469);
insert into T_TERMINALINFO (TERMINAL_ID,TTYPE_ID,SIM_ID,TERMINAL_CODE,ORG_CODE,IS_VIDEO_TERMINAL,SP_SERVER_NAME,PROTOCOL_TYPE,CHANNELS,YT_PROTOCOL_TYPE) values(261470, 4, 27470, '1007469', 'B0000804',1,'1076测试服务器','4',8,'0');
insert into V_VEHICLEINFO (ORG_CODE,VEHICLE_ID,ID_NUMBER,TYPE_ID,TERMINAL_ID,DELETE_FLAG,COLOR_ID_NUMBER_ID,AUTHORIZED_PAY_MASS) values ('B0000804','2601470', '测B07469', 4, 261470, 0, '2',15);

insert into T_SIMINFO (SIM_ID, ORG_CODE, DEPTCODE, STATE,PAY_MODLE, SIM_NUM) values(27471, 'B0000804', '中国移动', 1, '预付费', 13100007470);
insert into T_TERMINALINFO (TERMINAL_ID,TTYPE_ID,SIM_ID,TERMINAL_CODE,ORG_CODE,IS_VIDEO_TERMINAL,SP_SERVER_NAME,PROTOCOL_TYPE,CHANNELS,YT_PROTOCOL_TYPE) values(261471, 4, 27471, '1007470', 'B0000804',1,'1076测试服务器','4',8,'0');
insert into V_VEHICLEINFO (ORG_CODE,VEHICLE_ID,ID_NUMBER,TYPE_ID,TERMINAL_ID,DELETE_FLAG,COLOR_ID_NUMBER_ID,AUTHORIZED_PAY_MASS) values ('B0000804','2601471', '测B07470', 4, 261471, 0, '2',15);

insert into T_SIMINFO (SIM_ID, ORG_CODE, DEPTCODE, STATE,PAY_MODLE, SIM_NUM) values(27472, 'B0000804', '中国移动', 1, '预付费', 13100007471);
insert into T_TERMINALINFO (TERMINAL_ID,TTYPE_ID,SIM_ID,TERMINAL_CODE,ORG_CODE,IS_VIDEO_TERMINAL,SP_SERVER_NAME,PROTOCOL_TYPE,CHANNELS,YT_PROTOCOL_TYPE) values(261472, 4, 27472, '1007471', 'B0000804',1,'1076测试服务器','4',8,'0');
insert into V_VEHICLEINFO (ORG_CODE,VEHICLE_ID,ID_NUMBER,TYPE_ID,TERMINAL_ID,DELETE_FLAG,COLOR_ID_NUMBER_ID,AUTHORIZED_PAY_MASS) values ('B0000804','2601472', '测B07471', 4, 261472, 0, '2',15);

insert into T_SIMINFO (SIM_ID, ORG_CODE, DEPTCODE, STATE,PAY_MODLE, SIM_NUM) values(27473, 'B0000804', '中国移动', 1, '预付费', 13100007472);
insert into T_TERMINALINFO (TERMINAL_ID,TTYPE_ID,SIM_ID,TERMINAL_CODE,ORG_CODE,IS_VIDEO_TERMINAL,SP_SERVER_NAME,PROTOCOL_TYPE,CHANNELS,YT_PROTOCOL_TYPE) values(261473, 4, 27473, '1007472', 'B0000804',1,'1076测试服务器','4',8,'0');
insert into V_VEHICLEINFO (ORG_CODE,VEHICLE_ID,ID_NUMBER,TYPE_ID,TERMINAL_ID,DELETE_FLAG,COLOR_ID_NUMBER_ID,AUTHORIZED_PAY_MASS) values ('B0000804','2601473', '测B07472', 4, 261473, 0, '2',15);

insert into T_SIMINFO (SIM_ID, ORG_CODE, DEPTCODE, STATE,PAY_MODLE, SIM_NUM) values(27474, 'B0000804', '中国移动', 1, '预付费', 13100007473);
insert into T_TERMINALINFO (TERMINAL_ID,TTYPE_ID,SIM_ID,TERMINAL_CODE,ORG_CODE,IS_VIDEO_TERMINAL,SP_SERVER_NAME,PROTOCOL_TYPE,CHANNELS,YT_PROTOCOL_TYPE) values(261474, 4, 27474, '1007473', 'B0000804',1,'1076测试服务器','4',8,'0');
insert into V_VEHICLEINFO (ORG_CODE,VEHICLE_ID,ID_NUMBER,TYPE_ID,TERMINAL_ID,DELETE_FLAG,COLOR_ID_NUMBER_ID,AUTHORIZED_PAY_MASS) values ('B0000804','2601474', '测B07473', 4, 261474, 0, '2',15);

insert into T_SIMINFO (SIM_ID, ORG_CODE, DEPTCODE, STATE,PAY_MODLE, SIM_NUM) values(27475, 'B0000804', '中国移动', 1, '预付费', 13100007474);
insert into T_TERMINALINFO (TERMINAL_ID,TTYPE_ID,SIM_ID,TERMINAL_CODE,ORG_CODE,IS_VIDEO_TERMINAL,SP_SERVER_NAME,PROTOCOL_TYPE,CHANNELS,YT_PROTOCOL_TYPE) values(261475, 4, 27475, '1007474', 'B0000804',1,'1076测试服务器','4',8,'0');
insert into V_VEHICLEINFO (ORG_CODE,VEHICLE_ID,ID_NUMBER,TYPE_ID,TERMINAL_ID,DELETE_FLAG,COLOR_ID_NUMBER_ID,AUTHORIZED_PAY_MASS) values ('B0000804','2601475', '测B07474', 4, 261475, 0, '2',15);

insert into T_SIMINFO (SIM_ID, ORG_CODE, DEPTCODE, STATE,PAY_MODLE, SIM_NUM) values(27476, 'B0000804', '中国移动', 1, '预付费', 13100007475);
insert into T_TERMINALINFO (TERMINAL_ID,TTYPE_ID,SIM_ID,TERMINAL_CODE,ORG_CODE,IS_VIDEO_TERMINAL,SP_SERVER_NAME,PROTOCOL_TYPE,CHANNELS,YT_PROTOCOL_TYPE) values(261476, 4, 27476, '1007475', 'B0000804',1,'1076测试服务器','4',8,'0');
insert into V_VEHICLEINFO (ORG_CODE,VEHICLE_ID,ID_NUMBER,TYPE_ID,TERMINAL_ID,DELETE_FLAG,COLOR_ID_NUMBER_ID,AUTHORIZED_PAY_MASS) values ('B0000804','2601476', '测B07475', 4, 261476, 0, '2',15);

insert into T_SIMINFO (SIM_ID, ORG_CODE, DEPTCODE, STATE,PAY_MODLE, SIM_NUM) values(27477, 'B0000804', '中国移动', 1, '预付费', 13100007476);
insert into T_TERMINALINFO (TERMINAL_ID,TTYPE_ID,SIM_ID,TERMINAL_CODE,ORG_CODE,IS_VIDEO_TERMINAL,SP_SERVER_NAME,PROTOCOL_TYPE,CHANNELS,YT_PROTOCOL_TYPE) values(261477, 4, 27477, '1007476', 'B0000804',1,'1076测试服务器','4',8,'0');
insert into V_VEHICLEINFO (ORG_CODE,VEHICLE_ID,ID_NUMBER,TYPE_ID,TERMINAL_ID,DELETE_FLAG,COLOR_ID_NUMBER_ID,AUTHORIZED_PAY_MASS) values ('B0000804','2601477', '测B07476', 4, 261477, 0, '2',15);

insert into T_SIMINFO (SIM_ID, ORG_CODE, DEPTCODE, STATE,PAY_MODLE, SIM_NUM) values(27478, 'B0000804', '中国移动', 1, '预付费', 13100007477);
insert into T_TERMINALINFO (TERMINAL_ID,TTYPE_ID,SIM_ID,TERMINAL_CODE,ORG_CODE,IS_VIDEO_TERMINAL,SP_SERVER_NAME,PROTOCOL_TYPE,CHANNELS,YT_PROTOCOL_TYPE) values(261478, 4, 27478, '1007477', 'B0000804',1,'1076测试服务器','4',8,'0');
insert into V_VEHICLEINFO (ORG_CODE,VEHICLE_ID,ID_NUMBER,TYPE_ID,TERMINAL_ID,DELETE_FLAG,COLOR_ID_NUMBER_ID,AUTHORIZED_PAY_MASS) values ('B0000804','2601478', '测B07477', 4, 261478, 0, '2',15);

insert into T_SIMINFO (SIM_ID, ORG_CODE, DEPTCODE, STATE,PAY_MODLE, SIM_NUM) values(27479, 'B0000804', '中国移动', 1, '预付费', 13100007478);
insert into T_TERMINALINFO (TERMINAL_ID,TTYPE_ID,SIM_ID,TERMINAL_CODE,ORG_CODE,IS_VIDEO_TERMINAL,SP_SERVER_NAME,PROTOCOL_TYPE,CHANNELS,YT_PROTOCOL_TYPE) values(261479, 4, 27479, '1007478', 'B0000804',1,'1076测试服务器','4',8,'0');
insert into V_VEHICLEINFO (ORG_CODE,VEHICLE_ID,ID_NUMBER,TYPE_ID,TERMINAL_ID,DELETE_FLAG,COLOR_ID_NUMBER_ID,AUTHORIZED_PAY_MASS) values ('B0000804','2601479', '测B07478', 4, 261479, 0, '2',15);

insert into T_SIMINFO (SIM_ID, ORG_CODE, DEPTCODE, STATE,PAY_MODLE, SIM_NUM) values(27480, 'B0000804', '中国移动', 1, '预付费', 13100007479);
insert into T_TERMINALINFO (TERMINAL_ID,TTYPE_ID,SIM_ID,TERMINAL_CODE,ORG_CODE,IS_VIDEO_TERMINAL,SP_SERVER_NAME,PROTOCOL_TYPE,CHANNELS,YT_PROTOCOL_TYPE) values(261480, 4, 27480, '1007479', 'B0000804',1,'1076测试服务器','4',8,'0');
insert into V_VEHICLEINFO (ORG_CODE,VEHICLE_ID,ID_NUMBER,TYPE_ID,TERMINAL_ID,DELETE_FLAG,COLOR_ID_NUMBER_ID,AUTHORIZED_PAY_MASS) values ('B0000804','2601480', '测B07479', 4, 261480, 0, '2',15);

insert into T_SIMINFO (SIM_ID, ORG_CODE, DEPTCODE, STATE,PAY_MODLE, SIM_NUM) values(27481, 'B0000804', '中国移动', 1, '预付费', 13100007480);
insert into T_TERMINALINFO (TERMINAL_ID,TTYPE_ID,SIM_ID,TERMINAL_CODE,ORG_CODE,IS_VIDEO_TERMINAL,SP_SERVER_NAME,PROTOCOL_TYPE,CHANNELS,YT_PROTOCOL_TYPE) values(261481, 4, 27481, '1007480', 'B0000804',1,'1076测试服务器','4',8,'0');
insert into V_VEHICLEINFO (ORG_CODE,VEHICLE_ID,ID_NUMBER,TYPE_ID,TERMINAL_ID,DELETE_FLAG,COLOR_ID_NUMBER_ID,AUTHORIZED_PAY_MASS) values ('B0000804','2601481', '测B07480', 4, 261481, 0, '2',15);

insert into T_SIMINFO (SIM_ID, ORG_CODE, DEPTCODE, STATE,PAY_MODLE, SIM_NUM) values(27482, 'B0000804', '中国移动', 1, '预付费', 13100007481);
insert into T_TERMINALINFO (TERMINAL_ID,TTYPE_ID,SIM_ID,TERMINAL_CODE,ORG_CODE,IS_VIDEO_TERMINAL,SP_SERVER_NAME,PROTOCOL_TYPE,CHANNELS,YT_PROTOCOL_TYPE) values(261482, 4, 27482, '1007481', 'B0000804',1,'1076测试服务器','4',8,'0');
insert into V_VEHICLEINFO (ORG_CODE,VEHICLE_ID,ID_NUMBER,TYPE_ID,TERMINAL_ID,DELETE_FLAG,COLOR_ID_NUMBER_ID,AUTHORIZED_PAY_MASS) values ('B0000804','2601482', '测B07481', 4, 261482, 0, '2',15);

insert into T_SIMINFO (SIM_ID, ORG_CODE, DEPTCODE, STATE,PAY_MODLE, SIM_NUM) values(27483, 'B0000804', '中国移动', 1, '预付费', 13100007482);
insert into T_TERMINALINFO (TERMINAL_ID,TTYPE_ID,SIM_ID,TERMINAL_CODE,ORG_CODE,IS_VIDEO_TERMINAL,SP_SERVER_NAME,PROTOCOL_TYPE,CHANNELS,YT_PROTOCOL_TYPE) values(261483, 4, 27483, '1007482', 'B0000804',1,'1076测试服务器','4',8,'0');
insert into V_VEHICLEINFO (ORG_CODE,VEHICLE_ID,ID_NUMBER,TYPE_ID,TERMINAL_ID,DELETE_FLAG,COLOR_ID_NUMBER_ID,AUTHORIZED_PAY_MASS) values ('B0000804','2601483', '测B07482', 4, 261483, 0, '2',15);

insert into T_SIMINFO (SIM_ID, ORG_CODE, DEPTCODE, STATE,PAY_MODLE, SIM_NUM) values(27484, 'B0000804', '中国移动', 1, '预付费', 13100007483);
insert into T_TERMINALINFO (TERMINAL_ID,TTYPE_ID,SIM_ID,TERMINAL_CODE,ORG_CODE,IS_VIDEO_TERMINAL,SP_SERVER_NAME,PROTOCOL_TYPE,CHANNELS,YT_PROTOCOL_TYPE) values(261484, 4, 27484, '1007483', 'B0000804',1,'1076测试服务器','4',8,'0');
insert into V_VEHICLEINFO (ORG_CODE,VEHICLE_ID,ID_NUMBER,TYPE_ID,TERMINAL_ID,DELETE_FLAG,COLOR_ID_NUMBER_ID,AUTHORIZED_PAY_MASS) values ('B0000804','2601484', '测B07483', 4, 261484, 0, '2',15);

insert into T_SIMINFO (SIM_ID, ORG_CODE, DEPTCODE, STATE,PAY_MODLE, SIM_NUM) values(27485, 'B0000804', '中国移动', 1, '预付费', 13100007484);
insert into T_TERMINALINFO (TERMINAL_ID,TTYPE_ID,SIM_ID,TERMINAL_CODE,ORG_CODE,IS_VIDEO_TERMINAL,SP_SERVER_NAME,PROTOCOL_TYPE,CHANNELS,YT_PROTOCOL_TYPE) values(261485, 4, 27485, '1007484', 'B0000804',1,'1076测试服务器','4',8,'0');
insert into V_VEHICLEINFO (ORG_CODE,VEHICLE_ID,ID_NUMBER,TYPE_ID,TERMINAL_ID,DELETE_FLAG,COLOR_ID_NUMBER_ID,AUTHORIZED_PAY_MASS) values ('B0000804','2601485', '测B07484', 4, 261485, 0, '2',15);

insert into T_SIMINFO (SIM_ID, ORG_CODE, DEPTCODE, STATE,PAY_MODLE, SIM_NUM) values(27486, 'B0000804', '中国移动', 1, '预付费', 13100007485);
insert into T_TERMINALINFO (TERMINAL_ID,TTYPE_ID,SIM_ID,TERMINAL_CODE,ORG_CODE,IS_VIDEO_TERMINAL,SP_SERVER_NAME,PROTOCOL_TYPE,CHANNELS,YT_PROTOCOL_TYPE) values(261486, 4, 27486, '1007485', 'B0000804',1,'1076测试服务器','4',8,'0');
insert into V_VEHICLEINFO (ORG_CODE,VEHICLE_ID,ID_NUMBER,TYPE_ID,TERMINAL_ID,DELETE_FLAG,COLOR_ID_NUMBER_ID,AUTHORIZED_PAY_MASS) values ('B0000804','2601486', '测B07485', 4, 261486, 0, '2',15);

insert into T_SIMINFO (SIM_ID, ORG_CODE, DEPTCODE, STATE,PAY_MODLE, SIM_NUM) values(27487, 'B0000804', '中国移动', 1, '预付费', 13100007486);
insert into T_TERMINALINFO (TERMINAL_ID,TTYPE_ID,SIM_ID,TERMINAL_CODE,ORG_CODE,IS_VIDEO_TERMINAL,SP_SERVER_NAME,PROTOCOL_TYPE,CHANNELS,YT_PROTOCOL_TYPE) values(261487, 4, 27487, '1007486', 'B0000804',1,'1076测试服务器','4',8,'0');
insert into V_VEHICLEINFO (ORG_CODE,VEHICLE_ID,ID_NUMBER,TYPE_ID,TERMINAL_ID,DELETE_FLAG,COLOR_ID_NUMBER_ID,AUTHORIZED_PAY_MASS) values ('B0000804','2601487', '测B07486', 4, 261487, 0, '2',15);

insert into T_SIMINFO (SIM_ID, ORG_CODE, DEPTCODE, STATE,PAY_MODLE, SIM_NUM) values(27488, 'B0000804', '中国移动', 1, '预付费', 13100007487);
insert into T_TERMINALINFO (TERMINAL_ID,TTYPE_ID,SIM_ID,TERMINAL_CODE,ORG_CODE,IS_VIDEO_TERMINAL,SP_SERVER_NAME,PROTOCOL_TYPE,CHANNELS,YT_PROTOCOL_TYPE) values(261488, 4, 27488, '1007487', 'B0000804',1,'1076测试服务器','4',8,'0');
insert into V_VEHICLEINFO (ORG_CODE,VEHICLE_ID,ID_NUMBER,TYPE_ID,TERMINAL_ID,DELETE_FLAG,COLOR_ID_NUMBER_ID,AUTHORIZED_PAY_MASS) values ('B0000804','2601488', '测B07487', 4, 261488, 0, '2',15);

insert into T_SIMINFO (SIM_ID, ORG_CODE, DEPTCODE, STATE,PAY_MODLE, SIM_NUM) values(27489, 'B0000804', '中国移动', 1, '预付费', 13100007488);
insert into T_TERMINALINFO (TERMINAL_ID,TTYPE_ID,SIM_ID,TERMINAL_CODE,ORG_CODE,IS_VIDEO_TERMINAL,SP_SERVER_NAME,PROTOCOL_TYPE,CHANNELS,YT_PROTOCOL_TYPE) values(261489, 4, 27489, '1007488', 'B0000804',1,'1076测试服务器','4',8,'0');
insert into V_VEHICLEINFO (ORG_CODE,VEHICLE_ID,ID_NUMBER,TYPE_ID,TERMINAL_ID,DELETE_FLAG,COLOR_ID_NUMBER_ID,AUTHORIZED_PAY_MASS) values ('B0000804','2601489', '测B07488', 4, 261489, 0, '2',15);

insert into T_SIMINFO (SIM_ID, ORG_CODE, DEPTCODE, STATE,PAY_MODLE, SIM_NUM) values(27490, 'B0000804', '中国移动', 1, '预付费', 13100007489);
insert into T_TERMINALINFO (TERMINAL_ID,TTYPE_ID,SIM_ID,TERMINAL_CODE,ORG_CODE,IS_VIDEO_TERMINAL,SP_SERVER_NAME,PROTOCOL_TYPE,CHANNELS,YT_PROTOCOL_TYPE) values(261490, 4, 27490, '1007489', 'B0000804',1,'1076测试服务器','4',8,'0');
insert into V_VEHICLEINFO (ORG_CODE,VEHICLE_ID,ID_NUMBER,TYPE_ID,TERMINAL_ID,DELETE_FLAG,COLOR_ID_NUMBER_ID,AUTHORIZED_PAY_MASS) values ('B0000804','2601490', '测B07489', 4, 261490, 0, '2',15);

insert into T_SIMINFO (SIM_ID, ORG_CODE, DEPTCODE, STATE,PAY_MODLE, SIM_NUM) values(27491, 'B0000804', '中国移动', 1, '预付费', 13100007490);
insert into T_TERMINALINFO (TERMINAL_ID,TTYPE_ID,SIM_ID,TERMINAL_CODE,ORG_CODE,IS_VIDEO_TERMINAL,SP_SERVER_NAME,PROTOCOL_TYPE,CHANNELS,YT_PROTOCOL_TYPE) values(261491, 4, 27491, '1007490', 'B0000804',1,'1076测试服务器','4',8,'0');
insert into V_VEHICLEINFO (ORG_CODE,VEHICLE_ID,ID_NUMBER,TYPE_ID,TERMINAL_ID,DELETE_FLAG,COLOR_ID_NUMBER_ID,AUTHORIZED_PAY_MASS) values ('B0000804','2601491', '测B07490', 4, 261491, 0, '2',15);

insert into T_SIMINFO (SIM_ID, ORG_CODE, DEPTCODE, STATE,PAY_MODLE, SIM_NUM) values(27492, 'B0000804', '中国移动', 1, '预付费', 13100007491);
insert into T_TERMINALINFO (TERMINAL_ID,TTYPE_ID,SIM_ID,TERMINAL_CODE,ORG_CODE,IS_VIDEO_TERMINAL,SP_SERVER_NAME,PROTOCOL_TYPE,CHANNELS,YT_PROTOCOL_TYPE) values(261492, 4, 27492, '1007491', 'B0000804',1,'1076测试服务器','4',8,'0');
insert into V_VEHICLEINFO (ORG_CODE,VEHICLE_ID,ID_NUMBER,TYPE_ID,TERMINAL_ID,DELETE_FLAG,COLOR_ID_NUMBER_ID,AUTHORIZED_PAY_MASS) values ('B0000804','2601492', '测B07491', 4, 261492, 0, '2',15);

insert into T_SIMINFO (SIM_ID, ORG_CODE, DEPTCODE, STATE,PAY_MODLE, SIM_NUM) values(27493, 'B0000804', '中国移动', 1, '预付费', 13100007492);
insert into T_TERMINALINFO (TERMINAL_ID,TTYPE_ID,SIM_ID,TERMINAL_CODE,ORG_CODE,IS_VIDEO_TERMINAL,SP_SERVER_NAME,PROTOCOL_TYPE,CHANNELS,YT_PROTOCOL_TYPE) values(261493, 4, 27493, '1007492', 'B0000804',1,'1076测试服务器','4',8,'0');
insert into V_VEHICLEINFO (ORG_CODE,VEHICLE_ID,ID_NUMBER,TYPE_ID,TERMINAL_ID,DELETE_FLAG,COLOR_ID_NUMBER_ID,AUTHORIZED_PAY_MASS) values ('B0000804','2601493', '测B07492', 4, 261493, 0, '2',15);

insert into T_SIMINFO (SIM_ID, ORG_CODE, DEPTCODE, STATE,PAY_MODLE, SIM_NUM) values(27494, 'B0000804', '中国移动', 1, '预付费', 13100007493);
insert into T_TERMINALINFO (TERMINAL_ID,TTYPE_ID,SIM_ID,TERMINAL_CODE,ORG_CODE,IS_VIDEO_TERMINAL,SP_SERVER_NAME,PROTOCOL_TYPE,CHANNELS,YT_PROTOCOL_TYPE) values(261494, 4, 27494, '1007493', 'B0000804',1,'1076测试服务器','4',8,'0');
insert into V_VEHICLEINFO (ORG_CODE,VEHICLE_ID,ID_NUMBER,TYPE_ID,TERMINAL_ID,DELETE_FLAG,COLOR_ID_NUMBER_ID,AUTHORIZED_PAY_MASS) values ('B0000804','2601494', '测B07493', 4, 261494, 0, '2',15);

insert into T_SIMINFO (SIM_ID, ORG_CODE, DEPTCODE, STATE,PAY_MODLE, SIM_NUM) values(27495, 'B0000804', '中国移动', 1, '预付费', 13100007494);
insert into T_TERMINALINFO (TERMINAL_ID,TTYPE_ID,SIM_ID,TERMINAL_CODE,ORG_CODE,IS_VIDEO_TERMINAL,SP_SERVER_NAME,PROTOCOL_TYPE,CHANNELS,YT_PROTOCOL_TYPE) values(261495, 4, 27495, '1007494', 'B0000804',1,'1076测试服务器','4',8,'0');
insert into V_VEHICLEINFO (ORG_CODE,VEHICLE_ID,ID_NUMBER,TYPE_ID,TERMINAL_ID,DELETE_FLAG,COLOR_ID_NUMBER_ID,AUTHORIZED_PAY_MASS) values ('B0000804','2601495', '测B07494', 4, 261495, 0, '2',15);

insert into T_SIMINFO (SIM_ID, ORG_CODE, DEPTCODE, STATE,PAY_MODLE, SIM_NUM) values(27496, 'B0000804', '中国移动', 1, '预付费', 13100007495);
insert into T_TERMINALINFO (TERMINAL_ID,TTYPE_ID,SIM_ID,TERMINAL_CODE,ORG_CODE,IS_VIDEO_TERMINAL,SP_SERVER_NAME,PROTOCOL_TYPE,CHANNELS,YT_PROTOCOL_TYPE) values(261496, 4, 27496, '1007495', 'B0000804',1,'1076测试服务器','4',8,'0');
insert into V_VEHICLEINFO (ORG_CODE,VEHICLE_ID,ID_NUMBER,TYPE_ID,TERMINAL_ID,DELETE_FLAG,COLOR_ID_NUMBER_ID,AUTHORIZED_PAY_MASS) values ('B0000804','2601496', '测B07495', 4, 261496, 0, '2',15);

insert into T_SIMINFO (SIM_ID, ORG_CODE, DEPTCODE, STATE,PAY_MODLE, SIM_NUM) values(27497, 'B0000804', '中国移动', 1, '预付费', 13100007496);
insert into T_TERMINALINFO (TERMINAL_ID,TTYPE_ID,SIM_ID,TERMINAL_CODE,ORG_CODE,IS_VIDEO_TERMINAL,SP_SERVER_NAME,PROTOCOL_TYPE,CHANNELS,YT_PROTOCOL_TYPE) values(261497, 4, 27497, '1007496', 'B0000804',1,'1076测试服务器','4',8,'0');
insert into V_VEHICLEINFO (ORG_CODE,VEHICLE_ID,ID_NUMBER,TYPE_ID,TERMINAL_ID,DELETE_FLAG,COLOR_ID_NUMBER_ID,AUTHORIZED_PAY_MASS) values ('B0000804','2601497', '测B07496', 4, 261497, 0, '2',15);

insert into T_SIMINFO (SIM_ID, ORG_CODE, DEPTCODE, STATE,PAY_MODLE, SIM_NUM) values(27498, 'B0000804', '中国移动', 1, '预付费', 13100007497);
insert into T_TERMINALINFO (TERMINAL_ID,TTYPE_ID,SIM_ID,TERMINAL_CODE,ORG_CODE,IS_VIDEO_TERMINAL,SP_SERVER_NAME,PROTOCOL_TYPE,CHANNELS,YT_PROTOCOL_TYPE) values(261498, 4, 27498, '1007497', 'B0000804',1,'1076测试服务器','4',8,'0');
insert into V_VEHICLEINFO (ORG_CODE,VEHICLE_ID,ID_NUMBER,TYPE_ID,TERMINAL_ID,DELETE_FLAG,COLOR_ID_NUMBER_ID,AUTHORIZED_PAY_MASS) values ('B0000804','2601498', '测B07497', 4, 261498, 0, '2',15);

insert into T_SIMINFO (SIM_ID, ORG_CODE, DEPTCODE, STATE,PAY_MODLE, SIM_NUM) values(27499, 'B0000804', '中国移动', 1, '预付费', 13100007498);
insert into T_TERMINALINFO (TERMINAL_ID,TTYPE_ID,SIM_ID,TERMINAL_CODE,ORG_CODE,IS_VIDEO_TERMINAL,SP_SERVER_NAME,PROTOCOL_TYPE,CHANNELS,YT_PROTOCOL_TYPE) values(261499, 4, 27499, '1007498', 'B0000804',1,'1076测试服务器','4',8,'0');
insert into V_VEHICLEINFO (ORG_CODE,VEHICLE_ID,ID_NUMBER,TYPE_ID,TERMINAL_ID,DELETE_FLAG,COLOR_ID_NUMBER_ID,AUTHORIZED_PAY_MASS) values ('B0000804','2601499', '测B07498', 4, 261499, 0, '2',15);

insert into T_SIMINFO (SIM_ID, ORG_CODE, DEPTCODE, STATE,PAY_MODLE, SIM_NUM) values(27500, 'B0000804', '中国移动', 1, '预付费', 13100007499);
insert into T_TERMINALINFO (TERMINAL_ID,TTYPE_ID,SIM_ID,TERMINAL_CODE,ORG_CODE,IS_VIDEO_TERMINAL,SP_SERVER_NAME,PROTOCOL_TYPE,CHANNELS,YT_PROTOCOL_TYPE) values(261500, 4, 27500, '1007499', 'B0000804',1,'1076测试服务器','4',8,'0');
insert into V_VEHICLEINFO (ORG_CODE,VEHICLE_ID,ID_NUMBER,TYPE_ID,TERMINAL_ID,DELETE_FLAG,COLOR_ID_NUMBER_ID,AUTHORIZED_PAY_MASS) values ('B0000804','2601500', '测B07499', 4, 261500, 0, '2',15);

insert into T_SIMINFO (SIM_ID, ORG_CODE, DEPTCODE, STATE,PAY_MODLE, SIM_NUM) values(27501, 'B0000804', '中国移动', 1, '预付费', 13100007500);
insert into T_TERMINALINFO (TERMINAL_ID,TTYPE_ID,SIM_ID,TERMINAL_CODE,ORG_CODE,IS_VIDEO_TERMINAL,SP_SERVER_NAME,PROTOCOL_TYPE,CHANNELS,YT_PROTOCOL_TYPE) values(261501, 4, 27501, '1007500', 'B0000804',1,'1076测试服务器','4',8,'0');
insert into V_VEHICLEINFO (ORG_CODE,VEHICLE_ID,ID_NUMBER,TYPE_ID,TERMINAL_ID,DELETE_FLAG,COLOR_ID_NUMBER_ID,AUTHORIZED_PAY_MASS) values ('B0000804','2601501', '测B07500', 4, 261501, 0, '2',15);

insert into T_SIMINFO (SIM_ID, ORG_CODE, DEPTCODE, STATE,PAY_MODLE, SIM_NUM) values(27502, 'B0000804', '中国移动', 1, '预付费', 13100007501);
insert into T_TERMINALINFO (TERMINAL_ID,TTYPE_ID,SIM_ID,TERMINAL_CODE,ORG_CODE,IS_VIDEO_TERMINAL,SP_SERVER_NAME,PROTOCOL_TYPE,CHANNELS,YT_PROTOCOL_TYPE) values(261502, 4, 27502, '1007501', 'B0000804',1,'1076测试服务器','4',8,'0');
insert into V_VEHICLEINFO (ORG_CODE,VEHICLE_ID,ID_NUMBER,TYPE_ID,TERMINAL_ID,DELETE_FLAG,COLOR_ID_NUMBER_ID,AUTHORIZED_PAY_MASS) values ('B0000804','2601502', '测B07501', 4, 261502, 0, '2',15);

insert into T_SIMINFO (SIM_ID, ORG_CODE, DEPTCODE, STATE,PAY_MODLE, SIM_NUM) values(27503, 'B0000804', '中国移动', 1, '预付费', 13100007502);
insert into T_TERMINALINFO (TERMINAL_ID,TTYPE_ID,SIM_ID,TERMINAL_CODE,ORG_CODE,IS_VIDEO_TERMINAL,SP_SERVER_NAME,PROTOCOL_TYPE,CHANNELS,YT_PROTOCOL_TYPE) values(261503, 4, 27503, '1007502', 'B0000804',1,'1076测试服务器','4',8,'0');
insert into V_VEHICLEINFO (ORG_CODE,VEHICLE_ID,ID_NUMBER,TYPE_ID,TERMINAL_ID,DELETE_FLAG,COLOR_ID_NUMBER_ID,AUTHORIZED_PAY_MASS) values ('B0000804','2601503', '测B07502', 4, 261503, 0, '2',15);

insert into T_SIMINFO (SIM_ID, ORG_CODE, DEPTCODE, STATE,PAY_MODLE, SIM_NUM) values(27504, 'B0000804', '中国移动', 1, '预付费', 13100007503);
insert into T_TERMINALINFO (TERMINAL_ID,TTYPE_ID,SIM_ID,TERMINAL_CODE,ORG_CODE,IS_VIDEO_TERMINAL,SP_SERVER_NAME,PROTOCOL_TYPE,CHANNELS,YT_PROTOCOL_TYPE) values(261504, 4, 27504, '1007503', 'B0000804',1,'1076测试服务器','4',8,'0');
insert into V_VEHICLEINFO (ORG_CODE,VEHICLE_ID,ID_NUMBER,TYPE_ID,TERMINAL_ID,DELETE_FLAG,COLOR_ID_NUMBER_ID,AUTHORIZED_PAY_MASS) values ('B0000804','2601504', '测B07503', 4, 261504, 0, '2',15);

insert into T_SIMINFO (SIM_ID, ORG_CODE, DEPTCODE, STATE,PAY_MODLE, SIM_NUM) values(27505, 'B0000804', '中国移动', 1, '预付费', 13100007504);
insert into T_TERMINALINFO (TERMINAL_ID,TTYPE_ID,SIM_ID,TERMINAL_CODE,ORG_CODE,IS_VIDEO_TERMINAL,SP_SERVER_NAME,PROTOCOL_TYPE,CHANNELS,YT_PROTOCOL_TYPE) values(261505, 4, 27505, '1007504', 'B0000804',1,'1076测试服务器','4',8,'0');
insert into V_VEHICLEINFO (ORG_CODE,VEHICLE_ID,ID_NUMBER,TYPE_ID,TERMINAL_ID,DELETE_FLAG,COLOR_ID_NUMBER_ID,AUTHORIZED_PAY_MASS) values ('B0000804','2601505', '测B07504', 4, 261505, 0, '2',15);

insert into T_SIMINFO (SIM_ID, ORG_CODE, DEPTCODE, STATE,PAY_MODLE, SIM_NUM) values(27506, 'B0000804', '中国移动', 1, '预付费', 13100007505);
insert into T_TERMINALINFO (TERMINAL_ID,TTYPE_ID,SIM_ID,TERMINAL_CODE,ORG_CODE,IS_VIDEO_TERMINAL,SP_SERVER_NAME,PROTOCOL_TYPE,CHANNELS,YT_PROTOCOL_TYPE) values(261506, 4, 27506, '1007505', 'B0000804',1,'1076测试服务器','4',8,'0');
insert into V_VEHICLEINFO (ORG_CODE,VEHICLE_ID,ID_NUMBER,TYPE_ID,TERMINAL_ID,DELETE_FLAG,COLOR_ID_NUMBER_ID,AUTHORIZED_PAY_MASS) values ('B0000804','2601506', '测B07505', 4, 261506, 0, '2',15);

insert into T_SIMINFO (SIM_ID, ORG_CODE, DEPTCODE, STATE,PAY_MODLE, SIM_NUM) values(27507, 'B0000804', '中国移动', 1, '预付费', 13100007506);
insert into T_TERMINALINFO (TERMINAL_ID,TTYPE_ID,SIM_ID,TERMINAL_CODE,ORG_CODE,IS_VIDEO_TERMINAL,SP_SERVER_NAME,PROTOCOL_TYPE,CHANNELS,YT_PROTOCOL_TYPE) values(261507, 4, 27507, '1007506', 'B0000804',1,'1076测试服务器','4',8,'0');
insert into V_VEHICLEINFO (ORG_CODE,VEHICLE_ID,ID_NUMBER,TYPE_ID,TERMINAL_ID,DELETE_FLAG,COLOR_ID_NUMBER_ID,AUTHORIZED_PAY_MASS) values ('B0000804','2601507', '测B07506', 4, 261507, 0, '2',15);

insert into T_SIMINFO (SIM_ID, ORG_CODE, DEPTCODE, STATE,PAY_MODLE, SIM_NUM) values(27508, 'B0000804', '中国移动', 1, '预付费', 13100007507);
insert into T_TERMINALINFO (TERMINAL_ID,TTYPE_ID,SIM_ID,TERMINAL_CODE,ORG_CODE,IS_VIDEO_TERMINAL,SP_SERVER_NAME,PROTOCOL_TYPE,CHANNELS,YT_PROTOCOL_TYPE) values(261508, 4, 27508, '1007507', 'B0000804',1,'1076测试服务器','4',8,'0');
insert into V_VEHICLEINFO (ORG_CODE,VEHICLE_ID,ID_NUMBER,TYPE_ID,TERMINAL_ID,DELETE_FLAG,COLOR_ID_NUMBER_ID,AUTHORIZED_PAY_MASS) values ('B0000804','2601508', '测B07507', 4, 261508, 0, '2',15);

insert into T_SIMINFO (SIM_ID, ORG_CODE, DEPTCODE, STATE,PAY_MODLE, SIM_NUM) values(27509, 'B0000804', '中国移动', 1, '预付费', 13100007508);
insert into T_TERMINALINFO (TERMINAL_ID,TTYPE_ID,SIM_ID,TERMINAL_CODE,ORG_CODE,IS_VIDEO_TERMINAL,SP_SERVER_NAME,PROTOCOL_TYPE,CHANNELS,YT_PROTOCOL_TYPE) values(261509, 4, 27509, '1007508', 'B0000804',1,'1076测试服务器','4',8,'0');
insert into V_VEHICLEINFO (ORG_CODE,VEHICLE_ID,ID_NUMBER,TYPE_ID,TERMINAL_ID,DELETE_FLAG,COLOR_ID_NUMBER_ID,AUTHORIZED_PAY_MASS) values ('B0000804','2601509', '测B07508', 4, 261509, 0, '2',15);

insert into T_SIMINFO (SIM_ID, ORG_CODE, DEPTCODE, STATE,PAY_MODLE, SIM_NUM) values(27510, 'B0000804', '中国移动', 1, '预付费', 13100007509);
insert into T_TERMINALINFO (TERMINAL_ID,TTYPE_ID,SIM_ID,TERMINAL_CODE,ORG_CODE,IS_VIDEO_TERMINAL,SP_SERVER_NAME,PROTOCOL_TYPE,CHANNELS,YT_PROTOCOL_TYPE) values(261510, 4, 27510, '1007509', 'B0000804',1,'1076测试服务器','4',8,'0');
insert into V_VEHICLEINFO (ORG_CODE,VEHICLE_ID,ID_NUMBER,TYPE_ID,TERMINAL_ID,DELETE_FLAG,COLOR_ID_NUMBER_ID,AUTHORIZED_PAY_MASS) values ('B0000804','2601510', '测B07509', 4, 261510, 0, '2',15);

insert into T_SIMINFO (SIM_ID, ORG_CODE, DEPTCODE, STATE,PAY_MODLE, SIM_NUM) values(27511, 'B0000804', '中国移动', 1, '预付费', 13100007510);
insert into T_TERMINALINFO (TERMINAL_ID,TTYPE_ID,SIM_ID,TERMINAL_CODE,ORG_CODE,IS_VIDEO_TERMINAL,SP_SERVER_NAME,PROTOCOL_TYPE,CHANNELS,YT_PROTOCOL_TYPE) values(261511, 4, 27511, '1007510', 'B0000804',1,'1076测试服务器','4',8,'0');
insert into V_VEHICLEINFO (ORG_CODE,VEHICLE_ID,ID_NUMBER,TYPE_ID,TERMINAL_ID,DELETE_FLAG,COLOR_ID_NUMBER_ID,AUTHORIZED_PAY_MASS) values ('B0000804','2601511', '测B07510', 4, 261511, 0, '2',15);

insert into T_SIMINFO (SIM_ID, ORG_CODE, DEPTCODE, STATE,PAY_MODLE, SIM_NUM) values(27512, 'B0000804', '中国移动', 1, '预付费', 13100007511);
insert into T_TERMINALINFO (TERMINAL_ID,TTYPE_ID,SIM_ID,TERMINAL_CODE,ORG_CODE,IS_VIDEO_TERMINAL,SP_SERVER_NAME,PROTOCOL_TYPE,CHANNELS,YT_PROTOCOL_TYPE) values(261512, 4, 27512, '1007511', 'B0000804',1,'1076测试服务器','4',8,'0');
insert into V_VEHICLEINFO (ORG_CODE,VEHICLE_ID,ID_NUMBER,TYPE_ID,TERMINAL_ID,DELETE_FLAG,COLOR_ID_NUMBER_ID,AUTHORIZED_PAY_MASS) values ('B0000804','2601512', '测B07511', 4, 261512, 0, '2',15);

insert into T_SIMINFO (SIM_ID, ORG_CODE, DEPTCODE, STATE,PAY_MODLE, SIM_NUM) values(27513, 'B0000804', '中国移动', 1, '预付费', 13100007512);
insert into T_TERMINALINFO (TERMINAL_ID,TTYPE_ID,SIM_ID,TERMINAL_CODE,ORG_CODE,IS_VIDEO_TERMINAL,SP_SERVER_NAME,PROTOCOL_TYPE,CHANNELS,YT_PROTOCOL_TYPE) values(261513, 4, 27513, '1007512', 'B0000804',1,'1076测试服务器','4',8,'0');
insert into V_VEHICLEINFO (ORG_CODE,VEHICLE_ID,ID_NUMBER,TYPE_ID,TERMINAL_ID,DELETE_FLAG,COLOR_ID_NUMBER_ID,AUTHORIZED_PAY_MASS) values ('B0000804','2601513', '测B07512', 4, 261513, 0, '2',15);

insert into T_SIMINFO (SIM_ID, ORG_CODE, DEPTCODE, STATE,PAY_MODLE, SIM_NUM) values(27514, 'B0000804', '中国移动', 1, '预付费', 13100007513);
insert into T_TERMINALINFO (TERMINAL_ID,TTYPE_ID,SIM_ID,TERMINAL_CODE,ORG_CODE,IS_VIDEO_TERMINAL,SP_SERVER_NAME,PROTOCOL_TYPE,CHANNELS,YT_PROTOCOL_TYPE) values(261514, 4, 27514, '1007513', 'B0000804',1,'1076测试服务器','4',8,'0');
insert into V_VEHICLEINFO (ORG_CODE,VEHICLE_ID,ID_NUMBER,TYPE_ID,TERMINAL_ID,DELETE_FLAG,COLOR_ID_NUMBER_ID,AUTHORIZED_PAY_MASS) values ('B0000804','2601514', '测B07513', 4, 261514, 0, '2',15);

insert into T_SIMINFO (SIM_ID, ORG_CODE, DEPTCODE, STATE,PAY_MODLE, SIM_NUM) values(27515, 'B0000804', '中国移动', 1, '预付费', 13100007514);
insert into T_TERMINALINFO (TERMINAL_ID,TTYPE_ID,SIM_ID,TERMINAL_CODE,ORG_CODE,IS_VIDEO_TERMINAL,SP_SERVER_NAME,PROTOCOL_TYPE,CHANNELS,YT_PROTOCOL_TYPE) values(261515, 4, 27515, '1007514', 'B0000804',1,'1076测试服务器','4',8,'0');
insert into V_VEHICLEINFO (ORG_CODE,VEHICLE_ID,ID_NUMBER,TYPE_ID,TERMINAL_ID,DELETE_FLAG,COLOR_ID_NUMBER_ID,AUTHORIZED_PAY_MASS) values ('B0000804','2601515', '测B07514', 4, 261515, 0, '2',15);

insert into T_SIMINFO (SIM_ID, ORG_CODE, DEPTCODE, STATE,PAY_MODLE, SIM_NUM) values(27516, 'B0000804', '中国移动', 1, '预付费', 13100007515);
insert into T_TERMINALINFO (TERMINAL_ID,TTYPE_ID,SIM_ID,TERMINAL_CODE,ORG_CODE,IS_VIDEO_TERMINAL,SP_SERVER_NAME,PROTOCOL_TYPE,CHANNELS,YT_PROTOCOL_TYPE) values(261516, 4, 27516, '1007515', 'B0000804',1,'1076测试服务器','4',8,'0');
insert into V_VEHICLEINFO (ORG_CODE,VEHICLE_ID,ID_NUMBER,TYPE_ID,TERMINAL_ID,DELETE_FLAG,COLOR_ID_NUMBER_ID,AUTHORIZED_PAY_MASS) values ('B0000804','2601516', '测B07515', 4, 261516, 0, '2',15);

insert into T_SIMINFO (SIM_ID, ORG_CODE, DEPTCODE, STATE,PAY_MODLE, SIM_NUM) values(27517, 'B0000804', '中国移动', 1, '预付费', 13100007516);
insert into T_TERMINALINFO (TERMINAL_ID,TTYPE_ID,SIM_ID,TERMINAL_CODE,ORG_CODE,IS_VIDEO_TERMINAL,SP_SERVER_NAME,PROTOCOL_TYPE,CHANNELS,YT_PROTOCOL_TYPE) values(261517, 4, 27517, '1007516', 'B0000804',1,'1076测试服务器','4',8,'0');
insert into V_VEHICLEINFO (ORG_CODE,VEHICLE_ID,ID_NUMBER,TYPE_ID,TERMINAL_ID,DELETE_FLAG,COLOR_ID_NUMBER_ID,AUTHORIZED_PAY_MASS) values ('B0000804','2601517', '测B07516', 4, 261517, 0, '2',15);

insert into T_SIMINFO (SIM_ID, ORG_CODE, DEPTCODE, STATE,PAY_MODLE, SIM_NUM) values(27518, 'B0000804', '中国移动', 1, '预付费', 13100007517);
insert into T_TERMINALINFO (TERMINAL_ID,TTYPE_ID,SIM_ID,TERMINAL_CODE,ORG_CODE,IS_VIDEO_TERMINAL,SP_SERVER_NAME,PROTOCOL_TYPE,CHANNELS,YT_PROTOCOL_TYPE) values(261518, 4, 27518, '1007517', 'B0000804',1,'1076测试服务器','4',8,'0');
insert into V_VEHICLEINFO (ORG_CODE,VEHICLE_ID,ID_NUMBER,TYPE_ID,TERMINAL_ID,DELETE_FLAG,COLOR_ID_NUMBER_ID,AUTHORIZED_PAY_MASS) values ('B0000804','2601518', '测B07517', 4, 261518, 0, '2',15);

insert into T_SIMINFO (SIM_ID, ORG_CODE, DEPTCODE, STATE,PAY_MODLE, SIM_NUM) values(27519, 'B0000804', '中国移动', 1, '预付费', 13100007518);
insert into T_TERMINALINFO (TERMINAL_ID,TTYPE_ID,SIM_ID,TERMINAL_CODE,ORG_CODE,IS_VIDEO_TERMINAL,SP_SERVER_NAME,PROTOCOL_TYPE,CHANNELS,YT_PROTOCOL_TYPE) values(261519, 4, 27519, '1007518', 'B0000804',1,'1076测试服务器','4',8,'0');
insert into V_VEHICLEINFO (ORG_CODE,VEHICLE_ID,ID_NUMBER,TYPE_ID,TERMINAL_ID,DELETE_FLAG,COLOR_ID_NUMBER_ID,AUTHORIZED_PAY_MASS) values ('B0000804','2601519', '测B07518', 4, 261519, 0, '2',15);

insert into T_SIMINFO (SIM_ID, ORG_CODE, DEPTCODE, STATE,PAY_MODLE, SIM_NUM) values(27520, 'B0000804', '中国移动', 1, '预付费', 13100007519);
insert into T_TERMINALINFO (TERMINAL_ID,TTYPE_ID,SIM_ID,TERMINAL_CODE,ORG_CODE,IS_VIDEO_TERMINAL,SP_SERVER_NAME,PROTOCOL_TYPE,CHANNELS,YT_PROTOCOL_TYPE) values(261520, 4, 27520, '1007519', 'B0000804',1,'1076测试服务器','4',8,'0');
insert into V_VEHICLEINFO (ORG_CODE,VEHICLE_ID,ID_NUMBER,TYPE_ID,TERMINAL_ID,DELETE_FLAG,COLOR_ID_NUMBER_ID,AUTHORIZED_PAY_MASS) values ('B0000804','2601520', '测B07519', 4, 261520, 0, '2',15);

insert into T_SIMINFO (SIM_ID, ORG_CODE, DEPTCODE, STATE,PAY_MODLE, SIM_NUM) values(27521, 'B0000804', '中国移动', 1, '预付费', 13100007520);
insert into T_TERMINALINFO (TERMINAL_ID,TTYPE_ID,SIM_ID,TERMINAL_CODE,ORG_CODE,IS_VIDEO_TERMINAL,SP_SERVER_NAME,PROTOCOL_TYPE,CHANNELS,YT_PROTOCOL_TYPE) values(261521, 4, 27521, '1007520', 'B0000804',1,'1076测试服务器','4',8,'0');
insert into V_VEHICLEINFO (ORG_CODE,VEHICLE_ID,ID_NUMBER,TYPE_ID,TERMINAL_ID,DELETE_FLAG,COLOR_ID_NUMBER_ID,AUTHORIZED_PAY_MASS) values ('B0000804','2601521', '测B07520', 4, 261521, 0, '2',15);

insert into T_SIMINFO (SIM_ID, ORG_CODE, DEPTCODE, STATE,PAY_MODLE, SIM_NUM) values(27522, 'B0000804', '中国移动', 1, '预付费', 13100007521);
insert into T_TERMINALINFO (TERMINAL_ID,TTYPE_ID,SIM_ID,TERMINAL_CODE,ORG_CODE,IS_VIDEO_TERMINAL,SP_SERVER_NAME,PROTOCOL_TYPE,CHANNELS,YT_PROTOCOL_TYPE) values(261522, 4, 27522, '1007521', 'B0000804',1,'1076测试服务器','4',8,'0');
insert into V_VEHICLEINFO (ORG_CODE,VEHICLE_ID,ID_NUMBER,TYPE_ID,TERMINAL_ID,DELETE_FLAG,COLOR_ID_NUMBER_ID,AUTHORIZED_PAY_MASS) values ('B0000804','2601522', '测B07521', 4, 261522, 0, '2',15);

insert into T_SIMINFO (SIM_ID, ORG_CODE, DEPTCODE, STATE,PAY_MODLE, SIM_NUM) values(27523, 'B0000804', '中国移动', 1, '预付费', 13100007522);
insert into T_TERMINALINFO (TERMINAL_ID,TTYPE_ID,SIM_ID,TERMINAL_CODE,ORG_CODE,IS_VIDEO_TERMINAL,SP_SERVER_NAME,PROTOCOL_TYPE,CHANNELS,YT_PROTOCOL_TYPE) values(261523, 4, 27523, '1007522', 'B0000804',1,'1076测试服务器','4',8,'0');
insert into V_VEHICLEINFO (ORG_CODE,VEHICLE_ID,ID_NUMBER,TYPE_ID,TERMINAL_ID,DELETE_FLAG,COLOR_ID_NUMBER_ID,AUTHORIZED_PAY_MASS) values ('B0000804','2601523', '测B07522', 4, 261523, 0, '2',15);

insert into T_SIMINFO (SIM_ID, ORG_CODE, DEPTCODE, STATE,PAY_MODLE, SIM_NUM) values(27524, 'B0000804', '中国移动', 1, '预付费', 13100007523);
insert into T_TERMINALINFO (TERMINAL_ID,TTYPE_ID,SIM_ID,TERMINAL_CODE,ORG_CODE,IS_VIDEO_TERMINAL,SP_SERVER_NAME,PROTOCOL_TYPE,CHANNELS,YT_PROTOCOL_TYPE) values(261524, 4, 27524, '1007523', 'B0000804',1,'1076测试服务器','4',8,'0');
insert into V_VEHICLEINFO (ORG_CODE,VEHICLE_ID,ID_NUMBER,TYPE_ID,TERMINAL_ID,DELETE_FLAG,COLOR_ID_NUMBER_ID,AUTHORIZED_PAY_MASS) values ('B0000804','2601524', '测B07523', 4, 261524, 0, '2',15);

insert into T_SIMINFO (SIM_ID, ORG_CODE, DEPTCODE, STATE,PAY_MODLE, SIM_NUM) values(27525, 'B0000804', '中国移动', 1, '预付费', 13100007524);
insert into T_TERMINALINFO (TERMINAL_ID,TTYPE_ID,SIM_ID,TERMINAL_CODE,ORG_CODE,IS_VIDEO_TERMINAL,SP_SERVER_NAME,PROTOCOL_TYPE,CHANNELS,YT_PROTOCOL_TYPE) values(261525, 4, 27525, '1007524', 'B0000804',1,'1076测试服务器','4',8,'0');
insert into V_VEHICLEINFO (ORG_CODE,VEHICLE_ID,ID_NUMBER,TYPE_ID,TERMINAL_ID,DELETE_FLAG,COLOR_ID_NUMBER_ID,AUTHORIZED_PAY_MASS) values ('B0000804','2601525', '测B07524', 4, 261525, 0, '2',15);

insert into T_SIMINFO (SIM_ID, ORG_CODE, DEPTCODE, STATE,PAY_MODLE, SIM_NUM) values(27526, 'B0000804', '中国移动', 1, '预付费', 13100007525);
insert into T_TERMINALINFO (TERMINAL_ID,TTYPE_ID,SIM_ID,TERMINAL_CODE,ORG_CODE,IS_VIDEO_TERMINAL,SP_SERVER_NAME,PROTOCOL_TYPE,CHANNELS,YT_PROTOCOL_TYPE) values(261526, 4, 27526, '1007525', 'B0000804',1,'1076测试服务器','4',8,'0');
insert into V_VEHICLEINFO (ORG_CODE,VEHICLE_ID,ID_NUMBER,TYPE_ID,TERMINAL_ID,DELETE_FLAG,COLOR_ID_NUMBER_ID,AUTHORIZED_PAY_MASS) values ('B0000804','2601526', '测B07525', 4, 261526, 0, '2',15);

insert into T_SIMINFO (SIM_ID, ORG_CODE, DEPTCODE, STATE,PAY_MODLE, SIM_NUM) values(27527, 'B0000804', '中国移动', 1, '预付费', 13100007526);
insert into T_TERMINALINFO (TERMINAL_ID,TTYPE_ID,SIM_ID,TERMINAL_CODE,ORG_CODE,IS_VIDEO_TERMINAL,SP_SERVER_NAME,PROTOCOL_TYPE,CHANNELS,YT_PROTOCOL_TYPE) values(261527, 4, 27527, '1007526', 'B0000804',1,'1076测试服务器','4',8,'0');
insert into V_VEHICLEINFO (ORG_CODE,VEHICLE_ID,ID_NUMBER,TYPE_ID,TERMINAL_ID,DELETE_FLAG,COLOR_ID_NUMBER_ID,AUTHORIZED_PAY_MASS) values ('B0000804','2601527', '测B07526', 4, 261527, 0, '2',15);

insert into T_SIMINFO (SIM_ID, ORG_CODE, DEPTCODE, STATE,PAY_MODLE, SIM_NUM) values(27528, 'B0000804', '中国移动', 1, '预付费', 13100007527);
insert into T_TERMINALINFO (TERMINAL_ID,TTYPE_ID,SIM_ID,TERMINAL_CODE,ORG_CODE,IS_VIDEO_TERMINAL,SP_SERVER_NAME,PROTOCOL_TYPE,CHANNELS,YT_PROTOCOL_TYPE) values(261528, 4, 27528, '1007527', 'B0000804',1,'1076测试服务器','4',8,'0');
insert into V_VEHICLEINFO (ORG_CODE,VEHICLE_ID,ID_NUMBER,TYPE_ID,TERMINAL_ID,DELETE_FLAG,COLOR_ID_NUMBER_ID,AUTHORIZED_PAY_MASS) values ('B0000804','2601528', '测B07527', 4, 261528, 0, '2',15);

insert into T_SIMINFO (SIM_ID, ORG_CODE, DEPTCODE, STATE,PAY_MODLE, SIM_NUM) values(27529, 'B0000804', '中国移动', 1, '预付费', 13100007528);
insert into T_TERMINALINFO (TERMINAL_ID,TTYPE_ID,SIM_ID,TERMINAL_CODE,ORG_CODE,IS_VIDEO_TERMINAL,SP_SERVER_NAME,PROTOCOL_TYPE,CHANNELS,YT_PROTOCOL_TYPE) values(261529, 4, 27529, '1007528', 'B0000804',1,'1076测试服务器','4',8,'0');
insert into V_VEHICLEINFO (ORG_CODE,VEHICLE_ID,ID_NUMBER,TYPE_ID,TERMINAL_ID,DELETE_FLAG,COLOR_ID_NUMBER_ID,AUTHORIZED_PAY_MASS) values ('B0000804','2601529', '测B07528', 4, 261529, 0, '2',15);

insert into T_SIMINFO (SIM_ID, ORG_CODE, DEPTCODE, STATE,PAY_MODLE, SIM_NUM) values(27530, 'B0000804', '中国移动', 1, '预付费', 13100007529);
insert into T_TERMINALINFO (TERMINAL_ID,TTYPE_ID,SIM_ID,TERMINAL_CODE,ORG_CODE,IS_VIDEO_TERMINAL,SP_SERVER_NAME,PROTOCOL_TYPE,CHANNELS,YT_PROTOCOL_TYPE) values(261530, 4, 27530, '1007529', 'B0000804',1,'1076测试服务器','4',8,'0');
insert into V_VEHICLEINFO (ORG_CODE,VEHICLE_ID,ID_NUMBER,TYPE_ID,TERMINAL_ID,DELETE_FLAG,COLOR_ID_NUMBER_ID,AUTHORIZED_PAY_MASS) values ('B0000804','2601530', '测B07529', 4, 261530, 0, '2',15);

insert into T_SIMINFO (SIM_ID, ORG_CODE, DEPTCODE, STATE,PAY_MODLE, SIM_NUM) values(27531, 'B0000804', '中国移动', 1, '预付费', 13100007530);
insert into T_TERMINALINFO (TERMINAL_ID,TTYPE_ID,SIM_ID,TERMINAL_CODE,ORG_CODE,IS_VIDEO_TERMINAL,SP_SERVER_NAME,PROTOCOL_TYPE,CHANNELS,YT_PROTOCOL_TYPE) values(261531, 4, 27531, '1007530', 'B0000804',1,'1076测试服务器','4',8,'0');
insert into V_VEHICLEINFO (ORG_CODE,VEHICLE_ID,ID_NUMBER,TYPE_ID,TERMINAL_ID,DELETE_FLAG,COLOR_ID_NUMBER_ID,AUTHORIZED_PAY_MASS) values ('B0000804','2601531', '测B07530', 4, 261531, 0, '2',15);

insert into T_SIMINFO (SIM_ID, ORG_CODE, DEPTCODE, STATE,PAY_MODLE, SIM_NUM) values(27532, 'B0000804', '中国移动', 1, '预付费', 13100007531);
insert into T_TERMINALINFO (TERMINAL_ID,TTYPE_ID,SIM_ID,TERMINAL_CODE,ORG_CODE,IS_VIDEO_TERMINAL,SP_SERVER_NAME,PROTOCOL_TYPE,CHANNELS,YT_PROTOCOL_TYPE) values(261532, 4, 27532, '1007531', 'B0000804',1,'1076测试服务器','4',8,'0');
insert into V_VEHICLEINFO (ORG_CODE,VEHICLE_ID,ID_NUMBER,TYPE_ID,TERMINAL_ID,DELETE_FLAG,COLOR_ID_NUMBER_ID,AUTHORIZED_PAY_MASS) values ('B0000804','2601532', '测B07531', 4, 261532, 0, '2',15);

insert into T_SIMINFO (SIM_ID, ORG_CODE, DEPTCODE, STATE,PAY_MODLE, SIM_NUM) values(27533, 'B0000804', '中国移动', 1, '预付费', 13100007532);
insert into T_TERMINALINFO (TERMINAL_ID,TTYPE_ID,SIM_ID,TERMINAL_CODE,ORG_CODE,IS_VIDEO_TERMINAL,SP_SERVER_NAME,PROTOCOL_TYPE,CHANNELS,YT_PROTOCOL_TYPE) values(261533, 4, 27533, '1007532', 'B0000804',1,'1076测试服务器','4',8,'0');
insert into V_VEHICLEINFO (ORG_CODE,VEHICLE_ID,ID_NUMBER,TYPE_ID,TERMINAL_ID,DELETE_FLAG,COLOR_ID_NUMBER_ID,AUTHORIZED_PAY_MASS) values ('B0000804','2601533', '测B07532', 4, 261533, 0, '2',15);

insert into T_SIMINFO (SIM_ID, ORG_CODE, DEPTCODE, STATE,PAY_MODLE, SIM_NUM) values(27534, 'B0000804', '中国移动', 1, '预付费', 13100007533);
insert into T_TERMINALINFO (TERMINAL_ID,TTYPE_ID,SIM_ID,TERMINAL_CODE,ORG_CODE,IS_VIDEO_TERMINAL,SP_SERVER_NAME,PROTOCOL_TYPE,CHANNELS,YT_PROTOCOL_TYPE) values(261534, 4, 27534, '1007533', 'B0000804',1,'1076测试服务器','4',8,'0');
insert into V_VEHICLEINFO (ORG_CODE,VEHICLE_ID,ID_NUMBER,TYPE_ID,TERMINAL_ID,DELETE_FLAG,COLOR_ID_NUMBER_ID,AUTHORIZED_PAY_MASS) values ('B0000804','2601534', '测B07533', 4, 261534, 0, '2',15);

insert into T_SIMINFO (SIM_ID, ORG_CODE, DEPTCODE, STATE,PAY_MODLE, SIM_NUM) values(27535, 'B0000804', '中国移动', 1, '预付费', 13100007534);
insert into T_TERMINALINFO (TERMINAL_ID,TTYPE_ID,SIM_ID,TERMINAL_CODE,ORG_CODE,IS_VIDEO_TERMINAL,SP_SERVER_NAME,PROTOCOL_TYPE,CHANNELS,YT_PROTOCOL_TYPE) values(261535, 4, 27535, '1007534', 'B0000804',1,'1076测试服务器','4',8,'0');
insert into V_VEHICLEINFO (ORG_CODE,VEHICLE_ID,ID_NUMBER,TYPE_ID,TERMINAL_ID,DELETE_FLAG,COLOR_ID_NUMBER_ID,AUTHORIZED_PAY_MASS) values ('B0000804','2601535', '测B07534', 4, 261535, 0, '2',15);

insert into T_SIMINFO (SIM_ID, ORG_CODE, DEPTCODE, STATE,PAY_MODLE, SIM_NUM) values(27536, 'B0000804', '中国移动', 1, '预付费', 13100007535);
insert into T_TERMINALINFO (TERMINAL_ID,TTYPE_ID,SIM_ID,TERMINAL_CODE,ORG_CODE,IS_VIDEO_TERMINAL,SP_SERVER_NAME,PROTOCOL_TYPE,CHANNELS,YT_PROTOCOL_TYPE) values(261536, 4, 27536, '1007535', 'B0000804',1,'1076测试服务器','4',8,'0');
insert into V_VEHICLEINFO (ORG_CODE,VEHICLE_ID,ID_NUMBER,TYPE_ID,TERMINAL_ID,DELETE_FLAG,COLOR_ID_NUMBER_ID,AUTHORIZED_PAY_MASS) values ('B0000804','2601536', '测B07535', 4, 261536, 0, '2',15);

insert into T_SIMINFO (SIM_ID, ORG_CODE, DEPTCODE, STATE,PAY_MODLE, SIM_NUM) values(27537, 'B0000804', '中国移动', 1, '预付费', 13100007536);
insert into T_TERMINALINFO (TERMINAL_ID,TTYPE_ID,SIM_ID,TERMINAL_CODE,ORG_CODE,IS_VIDEO_TERMINAL,SP_SERVER_NAME,PROTOCOL_TYPE,CHANNELS,YT_PROTOCOL_TYPE) values(261537, 4, 27537, '1007536', 'B0000804',1,'1076测试服务器','4',8,'0');
insert into V_VEHICLEINFO (ORG_CODE,VEHICLE_ID,ID_NUMBER,TYPE_ID,TERMINAL_ID,DELETE_FLAG,COLOR_ID_NUMBER_ID,AUTHORIZED_PAY_MASS) values ('B0000804','2601537', '测B07536', 4, 261537, 0, '2',15);

insert into T_SIMINFO (SIM_ID, ORG_CODE, DEPTCODE, STATE,PAY_MODLE, SIM_NUM) values(27538, 'B0000804', '中国移动', 1, '预付费', 13100007537);
insert into T_TERMINALINFO (TERMINAL_ID,TTYPE_ID,SIM_ID,TERMINAL_CODE,ORG_CODE,IS_VIDEO_TERMINAL,SP_SERVER_NAME,PROTOCOL_TYPE,CHANNELS,YT_PROTOCOL_TYPE) values(261538, 4, 27538, '1007537', 'B0000804',1,'1076测试服务器','4',8,'0');
insert into V_VEHICLEINFO (ORG_CODE,VEHICLE_ID,ID_NUMBER,TYPE_ID,TERMINAL_ID,DELETE_FLAG,COLOR_ID_NUMBER_ID,AUTHORIZED_PAY_MASS) values ('B0000804','2601538', '测B07537', 4, 261538, 0, '2',15);

insert into T_SIMINFO (SIM_ID, ORG_CODE, DEPTCODE, STATE,PAY_MODLE, SIM_NUM) values(27539, 'B0000804', '中国移动', 1, '预付费', 13100007538);
insert into T_TERMINALINFO (TERMINAL_ID,TTYPE_ID,SIM_ID,TERMINAL_CODE,ORG_CODE,IS_VIDEO_TERMINAL,SP_SERVER_NAME,PROTOCOL_TYPE,CHANNELS,YT_PROTOCOL_TYPE) values(261539, 4, 27539, '1007538', 'B0000804',1,'1076测试服务器','4',8,'0');
insert into V_VEHICLEINFO (ORG_CODE,VEHICLE_ID,ID_NUMBER,TYPE_ID,TERMINAL_ID,DELETE_FLAG,COLOR_ID_NUMBER_ID,AUTHORIZED_PAY_MASS) values ('B0000804','2601539', '测B07538', 4, 261539, 0, '2',15);

insert into T_SIMINFO (SIM_ID, ORG_CODE, DEPTCODE, STATE,PAY_MODLE, SIM_NUM) values(27540, 'B0000804', '中国移动', 1, '预付费', 13100007539);
insert into T_TERMINALINFO (TERMINAL_ID,TTYPE_ID,SIM_ID,TERMINAL_CODE,ORG_CODE,IS_VIDEO_TERMINAL,SP_SERVER_NAME,PROTOCOL_TYPE,CHANNELS,YT_PROTOCOL_TYPE) values(261540, 4, 27540, '1007539', 'B0000804',1,'1076测试服务器','4',8,'0');
insert into V_VEHICLEINFO (ORG_CODE,VEHICLE_ID,ID_NUMBER,TYPE_ID,TERMINAL_ID,DELETE_FLAG,COLOR_ID_NUMBER_ID,AUTHORIZED_PAY_MASS) values ('B0000804','2601540', '测B07539', 4, 261540, 0, '2',15);

insert into T_SIMINFO (SIM_ID, ORG_CODE, DEPTCODE, STATE,PAY_MODLE, SIM_NUM) values(27541, 'B0000804', '中国移动', 1, '预付费', 13100007540);
insert into T_TERMINALINFO (TERMINAL_ID,TTYPE_ID,SIM_ID,TERMINAL_CODE,ORG_CODE,IS_VIDEO_TERMINAL,SP_SERVER_NAME,PROTOCOL_TYPE,CHANNELS,YT_PROTOCOL_TYPE) values(261541, 4, 27541, '1007540', 'B0000804',1,'1076测试服务器','4',8,'0');
insert into V_VEHICLEINFO (ORG_CODE,VEHICLE_ID,ID_NUMBER,TYPE_ID,TERMINAL_ID,DELETE_FLAG,COLOR_ID_NUMBER_ID,AUTHORIZED_PAY_MASS) values ('B0000804','2601541', '测B07540', 4, 261541, 0, '2',15);

insert into T_SIMINFO (SIM_ID, ORG_CODE, DEPTCODE, STATE,PAY_MODLE, SIM_NUM) values(27542, 'B0000804', '中国移动', 1, '预付费', 13100007541);
insert into T_TERMINALINFO (TERMINAL_ID,TTYPE_ID,SIM_ID,TERMINAL_CODE,ORG_CODE,IS_VIDEO_TERMINAL,SP_SERVER_NAME,PROTOCOL_TYPE,CHANNELS,YT_PROTOCOL_TYPE) values(261542, 4, 27542, '1007541', 'B0000804',1,'1076测试服务器','4',8,'0');
insert into V_VEHICLEINFO (ORG_CODE,VEHICLE_ID,ID_NUMBER,TYPE_ID,TERMINAL_ID,DELETE_FLAG,COLOR_ID_NUMBER_ID,AUTHORIZED_PAY_MASS) values ('B0000804','2601542', '测B07541', 4, 261542, 0, '2',15);

insert into T_SIMINFO (SIM_ID, ORG_CODE, DEPTCODE, STATE,PAY_MODLE, SIM_NUM) values(27543, 'B0000804', '中国移动', 1, '预付费', 13100007542);
insert into T_TERMINALINFO (TERMINAL_ID,TTYPE_ID,SIM_ID,TERMINAL_CODE,ORG_CODE,IS_VIDEO_TERMINAL,SP_SERVER_NAME,PROTOCOL_TYPE,CHANNELS,YT_PROTOCOL_TYPE) values(261543, 4, 27543, '1007542', 'B0000804',1,'1076测试服务器','4',8,'0');
insert into V_VEHICLEINFO (ORG_CODE,VEHICLE_ID,ID_NUMBER,TYPE_ID,TERMINAL_ID,DELETE_FLAG,COLOR_ID_NUMBER_ID,AUTHORIZED_PAY_MASS) values ('B0000804','2601543', '测B07542', 4, 261543, 0, '2',15);

insert into T_SIMINFO (SIM_ID, ORG_CODE, DEPTCODE, STATE,PAY_MODLE, SIM_NUM) values(27544, 'B0000804', '中国移动', 1, '预付费', 13100007543);
insert into T_TERMINALINFO (TERMINAL_ID,TTYPE_ID,SIM_ID,TERMINAL_CODE,ORG_CODE,IS_VIDEO_TERMINAL,SP_SERVER_NAME,PROTOCOL_TYPE,CHANNELS,YT_PROTOCOL_TYPE) values(261544, 4, 27544, '1007543', 'B0000804',1,'1076测试服务器','4',8,'0');
insert into V_VEHICLEINFO (ORG_CODE,VEHICLE_ID,ID_NUMBER,TYPE_ID,TERMINAL_ID,DELETE_FLAG,COLOR_ID_NUMBER_ID,AUTHORIZED_PAY_MASS) values ('B0000804','2601544', '测B07543', 4, 261544, 0, '2',15);

insert into T_SIMINFO (SIM_ID, ORG_CODE, DEPTCODE, STATE,PAY_MODLE, SIM_NUM) values(27545, 'B0000804', '中国移动', 1, '预付费', 13100007544);
insert into T_TERMINALINFO (TERMINAL_ID,TTYPE_ID,SIM_ID,TERMINAL_CODE,ORG_CODE,IS_VIDEO_TERMINAL,SP_SERVER_NAME,PROTOCOL_TYPE,CHANNELS,YT_PROTOCOL_TYPE) values(261545, 4, 27545, '1007544', 'B0000804',1,'1076测试服务器','4',8,'0');
insert into V_VEHICLEINFO (ORG_CODE,VEHICLE_ID,ID_NUMBER,TYPE_ID,TERMINAL_ID,DELETE_FLAG,COLOR_ID_NUMBER_ID,AUTHORIZED_PAY_MASS) values ('B0000804','2601545', '测B07544', 4, 261545, 0, '2',15);

insert into T_SIMINFO (SIM_ID, ORG_CODE, DEPTCODE, STATE,PAY_MODLE, SIM_NUM) values(27546, 'B0000804', '中国移动', 1, '预付费', 13100007545);
insert into T_TERMINALINFO (TERMINAL_ID,TTYPE_ID,SIM_ID,TERMINAL_CODE,ORG_CODE,IS_VIDEO_TERMINAL,SP_SERVER_NAME,PROTOCOL_TYPE,CHANNELS,YT_PROTOCOL_TYPE) values(261546, 4, 27546, '1007545', 'B0000804',1,'1076测试服务器','4',8,'0');
insert into V_VEHICLEINFO (ORG_CODE,VEHICLE_ID,ID_NUMBER,TYPE_ID,TERMINAL_ID,DELETE_FLAG,COLOR_ID_NUMBER_ID,AUTHORIZED_PAY_MASS) values ('B0000804','2601546', '测B07545', 4, 261546, 0, '2',15);

insert into T_SIMINFO (SIM_ID, ORG_CODE, DEPTCODE, STATE,PAY_MODLE, SIM_NUM) values(27547, 'B0000804', '中国移动', 1, '预付费', 13100007546);
insert into T_TERMINALINFO (TERMINAL_ID,TTYPE_ID,SIM_ID,TERMINAL_CODE,ORG_CODE,IS_VIDEO_TERMINAL,SP_SERVER_NAME,PROTOCOL_TYPE,CHANNELS,YT_PROTOCOL_TYPE) values(261547, 4, 27547, '1007546', 'B0000804',1,'1076测试服务器','4',8,'0');
insert into V_VEHICLEINFO (ORG_CODE,VEHICLE_ID,ID_NUMBER,TYPE_ID,TERMINAL_ID,DELETE_FLAG,COLOR_ID_NUMBER_ID,AUTHORIZED_PAY_MASS) values ('B0000804','2601547', '测B07546', 4, 261547, 0, '2',15);

insert into T_SIMINFO (SIM_ID, ORG_CODE, DEPTCODE, STATE,PAY_MODLE, SIM_NUM) values(27548, 'B0000804', '中国移动', 1, '预付费', 13100007547);
insert into T_TERMINALINFO (TERMINAL_ID,TTYPE_ID,SIM_ID,TERMINAL_CODE,ORG_CODE,IS_VIDEO_TERMINAL,SP_SERVER_NAME,PROTOCOL_TYPE,CHANNELS,YT_PROTOCOL_TYPE) values(261548, 4, 27548, '1007547', 'B0000804',1,'1076测试服务器','4',8,'0');
insert into V_VEHICLEINFO (ORG_CODE,VEHICLE_ID,ID_NUMBER,TYPE_ID,TERMINAL_ID,DELETE_FLAG,COLOR_ID_NUMBER_ID,AUTHORIZED_PAY_MASS) values ('B0000804','2601548', '测B07547', 4, 261548, 0, '2',15);

insert into T_SIMINFO (SIM_ID, ORG_CODE, DEPTCODE, STATE,PAY_MODLE, SIM_NUM) values(27549, 'B0000804', '中国移动', 1, '预付费', 13100007548);
insert into T_TERMINALINFO (TERMINAL_ID,TTYPE_ID,SIM_ID,TERMINAL_CODE,ORG_CODE,IS_VIDEO_TERMINAL,SP_SERVER_NAME,PROTOCOL_TYPE,CHANNELS,YT_PROTOCOL_TYPE) values(261549, 4, 27549, '1007548', 'B0000804',1,'1076测试服务器','4',8,'0');
insert into V_VEHICLEINFO (ORG_CODE,VEHICLE_ID,ID_NUMBER,TYPE_ID,TERMINAL_ID,DELETE_FLAG,COLOR_ID_NUMBER_ID,AUTHORIZED_PAY_MASS) values ('B0000804','2601549', '测B07548', 4, 261549, 0, '2',15);

insert into T_SIMINFO (SIM_ID, ORG_CODE, DEPTCODE, STATE,PAY_MODLE, SIM_NUM) values(27550, 'B0000804', '中国移动', 1, '预付费', 13100007549);
insert into T_TERMINALINFO (TERMINAL_ID,TTYPE_ID,SIM_ID,TERMINAL_CODE,ORG_CODE,IS_VIDEO_TERMINAL,SP_SERVER_NAME,PROTOCOL_TYPE,CHANNELS,YT_PROTOCOL_TYPE) values(261550, 4, 27550, '1007549', 'B0000804',1,'1076测试服务器','4',8,'0');
insert into V_VEHICLEINFO (ORG_CODE,VEHICLE_ID,ID_NUMBER,TYPE_ID,TERMINAL_ID,DELETE_FLAG,COLOR_ID_NUMBER_ID,AUTHORIZED_PAY_MASS) values ('B0000804','2601550', '测B07549', 4, 261550, 0, '2',15);

insert into T_SIMINFO (SIM_ID, ORG_CODE, DEPTCODE, STATE,PAY_MODLE, SIM_NUM) values(27551, 'B0000804', '中国移动', 1, '预付费', 13100007550);
insert into T_TERMINALINFO (TERMINAL_ID,TTYPE_ID,SIM_ID,TERMINAL_CODE,ORG_CODE,IS_VIDEO_TERMINAL,SP_SERVER_NAME,PROTOCOL_TYPE,CHANNELS,YT_PROTOCOL_TYPE) values(261551, 4, 27551, '1007550', 'B0000804',1,'1076测试服务器','4',8,'0');
insert into V_VEHICLEINFO (ORG_CODE,VEHICLE_ID,ID_NUMBER,TYPE_ID,TERMINAL_ID,DELETE_FLAG,COLOR_ID_NUMBER_ID,AUTHORIZED_PAY_MASS) values ('B0000804','2601551', '测B07550', 4, 261551, 0, '2',15);

insert into T_SIMINFO (SIM_ID, ORG_CODE, DEPTCODE, STATE,PAY_MODLE, SIM_NUM) values(27552, 'B0000804', '中国移动', 1, '预付费', 13100007551);
insert into T_TERMINALINFO (TERMINAL_ID,TTYPE_ID,SIM_ID,TERMINAL_CODE,ORG_CODE,IS_VIDEO_TERMINAL,SP_SERVER_NAME,PROTOCOL_TYPE,CHANNELS,YT_PROTOCOL_TYPE) values(261552, 4, 27552, '1007551', 'B0000804',1,'1076测试服务器','4',8,'0');
insert into V_VEHICLEINFO (ORG_CODE,VEHICLE_ID,ID_NUMBER,TYPE_ID,TERMINAL_ID,DELETE_FLAG,COLOR_ID_NUMBER_ID,AUTHORIZED_PAY_MASS) values ('B0000804','2601552', '测B07551', 4, 261552, 0, '2',15);

insert into T_SIMINFO (SIM_ID, ORG_CODE, DEPTCODE, STATE,PAY_MODLE, SIM_NUM) values(27553, 'B0000804', '中国移动', 1, '预付费', 13100007552);
insert into T_TERMINALINFO (TERMINAL_ID,TTYPE_ID,SIM_ID,TERMINAL_CODE,ORG_CODE,IS_VIDEO_TERMINAL,SP_SERVER_NAME,PROTOCOL_TYPE,CHANNELS,YT_PROTOCOL_TYPE) values(261553, 4, 27553, '1007552', 'B0000804',1,'1076测试服务器','4',8,'0');
insert into V_VEHICLEINFO (ORG_CODE,VEHICLE_ID,ID_NUMBER,TYPE_ID,TERMINAL_ID,DELETE_FLAG,COLOR_ID_NUMBER_ID,AUTHORIZED_PAY_MASS) values ('B0000804','2601553', '测B07552', 4, 261553, 0, '2',15);

insert into T_SIMINFO (SIM_ID, ORG_CODE, DEPTCODE, STATE,PAY_MODLE, SIM_NUM) values(27554, 'B0000804', '中国移动', 1, '预付费', 13100007553);
insert into T_TERMINALINFO (TERMINAL_ID,TTYPE_ID,SIM_ID,TERMINAL_CODE,ORG_CODE,IS_VIDEO_TERMINAL,SP_SERVER_NAME,PROTOCOL_TYPE,CHANNELS,YT_PROTOCOL_TYPE) values(261554, 4, 27554, '1007553', 'B0000804',1,'1076测试服务器','4',8,'0');
insert into V_VEHICLEINFO (ORG_CODE,VEHICLE_ID,ID_NUMBER,TYPE_ID,TERMINAL_ID,DELETE_FLAG,COLOR_ID_NUMBER_ID,AUTHORIZED_PAY_MASS) values ('B0000804','2601554', '测B07553', 4, 261554, 0, '2',15);

insert into T_SIMINFO (SIM_ID, ORG_CODE, DEPTCODE, STATE,PAY_MODLE, SIM_NUM) values(27555, 'B0000804', '中国移动', 1, '预付费', 13100007554);
insert into T_TERMINALINFO (TERMINAL_ID,TTYPE_ID,SIM_ID,TERMINAL_CODE,ORG_CODE,IS_VIDEO_TERMINAL,SP_SERVER_NAME,PROTOCOL_TYPE,CHANNELS,YT_PROTOCOL_TYPE) values(261555, 4, 27555, '1007554', 'B0000804',1,'1076测试服务器','4',8,'0');
insert into V_VEHICLEINFO (ORG_CODE,VEHICLE_ID,ID_NUMBER,TYPE_ID,TERMINAL_ID,DELETE_FLAG,COLOR_ID_NUMBER_ID,AUTHORIZED_PAY_MASS) values ('B0000804','2601555', '测B07554', 4, 261555, 0, '2',15);

insert into T_SIMINFO (SIM_ID, ORG_CODE, DEPTCODE, STATE,PAY_MODLE, SIM_NUM) values(27556, 'B0000804', '中国移动', 1, '预付费', 13100007555);
insert into T_TERMINALINFO (TERMINAL_ID,TTYPE_ID,SIM_ID,TERMINAL_CODE,ORG_CODE,IS_VIDEO_TERMINAL,SP_SERVER_NAME,PROTOCOL_TYPE,CHANNELS,YT_PROTOCOL_TYPE) values(261556, 4, 27556, '1007555', 'B0000804',1,'1076测试服务器','4',8,'0');
insert into V_VEHICLEINFO (ORG_CODE,VEHICLE_ID,ID_NUMBER,TYPE_ID,TERMINAL_ID,DELETE_FLAG,COLOR_ID_NUMBER_ID,AUTHORIZED_PAY_MASS) values ('B0000804','2601556', '测B07555', 4, 261556, 0, '2',15);

insert into T_SIMINFO (SIM_ID, ORG_CODE, DEPTCODE, STATE,PAY_MODLE, SIM_NUM) values(27557, 'B0000804', '中国移动', 1, '预付费', 13100007556);
insert into T_TERMINALINFO (TERMINAL_ID,TTYPE_ID,SIM_ID,TERMINAL_CODE,ORG_CODE,IS_VIDEO_TERMINAL,SP_SERVER_NAME,PROTOCOL_TYPE,CHANNELS,YT_PROTOCOL_TYPE) values(261557, 4, 27557, '1007556', 'B0000804',1,'1076测试服务器','4',8,'0');
insert into V_VEHICLEINFO (ORG_CODE,VEHICLE_ID,ID_NUMBER,TYPE_ID,TERMINAL_ID,DELETE_FLAG,COLOR_ID_NUMBER_ID,AUTHORIZED_PAY_MASS) values ('B0000804','2601557', '测B07556', 4, 261557, 0, '2',15);

insert into T_SIMINFO (SIM_ID, ORG_CODE, DEPTCODE, STATE,PAY_MODLE, SIM_NUM) values(27558, 'B0000804', '中国移动', 1, '预付费', 13100007557);
insert into T_TERMINALINFO (TERMINAL_ID,TTYPE_ID,SIM_ID,TERMINAL_CODE,ORG_CODE,IS_VIDEO_TERMINAL,SP_SERVER_NAME,PROTOCOL_TYPE,CHANNELS,YT_PROTOCOL_TYPE) values(261558, 4, 27558, '1007557', 'B0000804',1,'1076测试服务器','4',8,'0');
insert into V_VEHICLEINFO (ORG_CODE,VEHICLE_ID,ID_NUMBER,TYPE_ID,TERMINAL_ID,DELETE_FLAG,COLOR_ID_NUMBER_ID,AUTHORIZED_PAY_MASS) values ('B0000804','2601558', '测B07557', 4, 261558, 0, '2',15);

insert into T_SIMINFO (SIM_ID, ORG_CODE, DEPTCODE, STATE,PAY_MODLE, SIM_NUM) values(27559, 'B0000804', '中国移动', 1, '预付费', 13100007558);
insert into T_TERMINALINFO (TERMINAL_ID,TTYPE_ID,SIM_ID,TERMINAL_CODE,ORG_CODE,IS_VIDEO_TERMINAL,SP_SERVER_NAME,PROTOCOL_TYPE,CHANNELS,YT_PROTOCOL_TYPE) values(261559, 4, 27559, '1007558', 'B0000804',1,'1076测试服务器','4',8,'0');
insert into V_VEHICLEINFO (ORG_CODE,VEHICLE_ID,ID_NUMBER,TYPE_ID,TERMINAL_ID,DELETE_FLAG,COLOR_ID_NUMBER_ID,AUTHORIZED_PAY_MASS) values ('B0000804','2601559', '测B07558', 4, 261559, 0, '2',15);

insert into T_SIMINFO (SIM_ID, ORG_CODE, DEPTCODE, STATE,PAY_MODLE, SIM_NUM) values(27560, 'B0000804', '中国移动', 1, '预付费', 13100007559);
insert into T_TERMINALINFO (TERMINAL_ID,TTYPE_ID,SIM_ID,TERMINAL_CODE,ORG_CODE,IS_VIDEO_TERMINAL,SP_SERVER_NAME,PROTOCOL_TYPE,CHANNELS,YT_PROTOCOL_TYPE) values(261560, 4, 27560, '1007559', 'B0000804',1,'1076测试服务器','4',8,'0');
insert into V_VEHICLEINFO (ORG_CODE,VEHICLE_ID,ID_NUMBER,TYPE_ID,TERMINAL_ID,DELETE_FLAG,COLOR_ID_NUMBER_ID,AUTHORIZED_PAY_MASS) values ('B0000804','2601560', '测B07559', 4, 261560, 0, '2',15);

insert into T_SIMINFO (SIM_ID, ORG_CODE, DEPTCODE, STATE,PAY_MODLE, SIM_NUM) values(27561, 'B0000804', '中国移动', 1, '预付费', 13100007560);
insert into T_TERMINALINFO (TERMINAL_ID,TTYPE_ID,SIM_ID,TERMINAL_CODE,ORG_CODE,IS_VIDEO_TERMINAL,SP_SERVER_NAME,PROTOCOL_TYPE,CHANNELS,YT_PROTOCOL_TYPE) values(261561, 4, 27561, '1007560', 'B0000804',1,'1076测试服务器','4',8,'0');
insert into V_VEHICLEINFO (ORG_CODE,VEHICLE_ID,ID_NUMBER,TYPE_ID,TERMINAL_ID,DELETE_FLAG,COLOR_ID_NUMBER_ID,AUTHORIZED_PAY_MASS) values ('B0000804','2601561', '测B07560', 4, 261561, 0, '2',15);

insert into T_SIMINFO (SIM_ID, ORG_CODE, DEPTCODE, STATE,PAY_MODLE, SIM_NUM) values(27562, 'B0000804', '中国移动', 1, '预付费', 13100007561);
insert into T_TERMINALINFO (TERMINAL_ID,TTYPE_ID,SIM_ID,TERMINAL_CODE,ORG_CODE,IS_VIDEO_TERMINAL,SP_SERVER_NAME,PROTOCOL_TYPE,CHANNELS,YT_PROTOCOL_TYPE) values(261562, 4, 27562, '1007561', 'B0000804',1,'1076测试服务器','4',8,'0');
insert into V_VEHICLEINFO (ORG_CODE,VEHICLE_ID,ID_NUMBER,TYPE_ID,TERMINAL_ID,DELETE_FLAG,COLOR_ID_NUMBER_ID,AUTHORIZED_PAY_MASS) values ('B0000804','2601562', '测B07561', 4, 261562, 0, '2',15);

insert into T_SIMINFO (SIM_ID, ORG_CODE, DEPTCODE, STATE,PAY_MODLE, SIM_NUM) values(27563, 'B0000804', '中国移动', 1, '预付费', 13100007562);
insert into T_TERMINALINFO (TERMINAL_ID,TTYPE_ID,SIM_ID,TERMINAL_CODE,ORG_CODE,IS_VIDEO_TERMINAL,SP_SERVER_NAME,PROTOCOL_TYPE,CHANNELS,YT_PROTOCOL_TYPE) values(261563, 4, 27563, '1007562', 'B0000804',1,'1076测试服务器','4',8,'0');
insert into V_VEHICLEINFO (ORG_CODE,VEHICLE_ID,ID_NUMBER,TYPE_ID,TERMINAL_ID,DELETE_FLAG,COLOR_ID_NUMBER_ID,AUTHORIZED_PAY_MASS) values ('B0000804','2601563', '测B07562', 4, 261563, 0, '2',15);

insert into T_SIMINFO (SIM_ID, ORG_CODE, DEPTCODE, STATE,PAY_MODLE, SIM_NUM) values(27564, 'B0000804', '中国移动', 1, '预付费', 13100007563);
insert into T_TERMINALINFO (TERMINAL_ID,TTYPE_ID,SIM_ID,TERMINAL_CODE,ORG_CODE,IS_VIDEO_TERMINAL,SP_SERVER_NAME,PROTOCOL_TYPE,CHANNELS,YT_PROTOCOL_TYPE) values(261564, 4, 27564, '1007563', 'B0000804',1,'1076测试服务器','4',8,'0');
insert into V_VEHICLEINFO (ORG_CODE,VEHICLE_ID,ID_NUMBER,TYPE_ID,TERMINAL_ID,DELETE_FLAG,COLOR_ID_NUMBER_ID,AUTHORIZED_PAY_MASS) values ('B0000804','2601564', '测B07563', 4, 261564, 0, '2',15);

insert into T_SIMINFO (SIM_ID, ORG_CODE, DEPTCODE, STATE,PAY_MODLE, SIM_NUM) values(27565, 'B0000804', '中国移动', 1, '预付费', 13100007564);
insert into T_TERMINALINFO (TERMINAL_ID,TTYPE_ID,SIM_ID,TERMINAL_CODE,ORG_CODE,IS_VIDEO_TERMINAL,SP_SERVER_NAME,PROTOCOL_TYPE,CHANNELS,YT_PROTOCOL_TYPE) values(261565, 4, 27565, '1007564', 'B0000804',1,'1076测试服务器','4',8,'0');
insert into V_VEHICLEINFO (ORG_CODE,VEHICLE_ID,ID_NUMBER,TYPE_ID,TERMINAL_ID,DELETE_FLAG,COLOR_ID_NUMBER_ID,AUTHORIZED_PAY_MASS) values ('B0000804','2601565', '测B07564', 4, 261565, 0, '2',15);

insert into T_SIMINFO (SIM_ID, ORG_CODE, DEPTCODE, STATE,PAY_MODLE, SIM_NUM) values(27566, 'B0000804', '中国移动', 1, '预付费', 13100007565);
insert into T_TERMINALINFO (TERMINAL_ID,TTYPE_ID,SIM_ID,TERMINAL_CODE,ORG_CODE,IS_VIDEO_TERMINAL,SP_SERVER_NAME,PROTOCOL_TYPE,CHANNELS,YT_PROTOCOL_TYPE) values(261566, 4, 27566, '1007565', 'B0000804',1,'1076测试服务器','4',8,'0');
insert into V_VEHICLEINFO (ORG_CODE,VEHICLE_ID,ID_NUMBER,TYPE_ID,TERMINAL_ID,DELETE_FLAG,COLOR_ID_NUMBER_ID,AUTHORIZED_PAY_MASS) values ('B0000804','2601566', '测B07565', 4, 261566, 0, '2',15);

insert into T_SIMINFO (SIM_ID, ORG_CODE, DEPTCODE, STATE,PAY_MODLE, SIM_NUM) values(27567, 'B0000804', '中国移动', 1, '预付费', 13100007566);
insert into T_TERMINALINFO (TERMINAL_ID,TTYPE_ID,SIM_ID,TERMINAL_CODE,ORG_CODE,IS_VIDEO_TERMINAL,SP_SERVER_NAME,PROTOCOL_TYPE,CHANNELS,YT_PROTOCOL_TYPE) values(261567, 4, 27567, '1007566', 'B0000804',1,'1076测试服务器','4',8,'0');
insert into V_VEHICLEINFO (ORG_CODE,VEHICLE_ID,ID_NUMBER,TYPE_ID,TERMINAL_ID,DELETE_FLAG,COLOR_ID_NUMBER_ID,AUTHORIZED_PAY_MASS) values ('B0000804','2601567', '测B07566', 4, 261567, 0, '2',15);

insert into T_SIMINFO (SIM_ID, ORG_CODE, DEPTCODE, STATE,PAY_MODLE, SIM_NUM) values(27568, 'B0000804', '中国移动', 1, '预付费', 13100007567);
insert into T_TERMINALINFO (TERMINAL_ID,TTYPE_ID,SIM_ID,TERMINAL_CODE,ORG_CODE,IS_VIDEO_TERMINAL,SP_SERVER_NAME,PROTOCOL_TYPE,CHANNELS,YT_PROTOCOL_TYPE) values(261568, 4, 27568, '1007567', 'B0000804',1,'1076测试服务器','4',8,'0');
insert into V_VEHICLEINFO (ORG_CODE,VEHICLE_ID,ID_NUMBER,TYPE_ID,TERMINAL_ID,DELETE_FLAG,COLOR_ID_NUMBER_ID,AUTHORIZED_PAY_MASS) values ('B0000804','2601568', '测B07567', 4, 261568, 0, '2',15);

insert into T_SIMINFO (SIM_ID, ORG_CODE, DEPTCODE, STATE,PAY_MODLE, SIM_NUM) values(27569, 'B0000804', '中国移动', 1, '预付费', 13100007568);
insert into T_TERMINALINFO (TERMINAL_ID,TTYPE_ID,SIM_ID,TERMINAL_CODE,ORG_CODE,IS_VIDEO_TERMINAL,SP_SERVER_NAME,PROTOCOL_TYPE,CHANNELS,YT_PROTOCOL_TYPE) values(261569, 4, 27569, '1007568', 'B0000804',1,'1076测试服务器','4',8,'0');
insert into V_VEHICLEINFO (ORG_CODE,VEHICLE_ID,ID_NUMBER,TYPE_ID,TERMINAL_ID,DELETE_FLAG,COLOR_ID_NUMBER_ID,AUTHORIZED_PAY_MASS) values ('B0000804','2601569', '测B07568', 4, 261569, 0, '2',15);

insert into T_SIMINFO (SIM_ID, ORG_CODE, DEPTCODE, STATE,PAY_MODLE, SIM_NUM) values(27570, 'B0000804', '中国移动', 1, '预付费', 13100007569);
insert into T_TERMINALINFO (TERMINAL_ID,TTYPE_ID,SIM_ID,TERMINAL_CODE,ORG_CODE,IS_VIDEO_TERMINAL,SP_SERVER_NAME,PROTOCOL_TYPE,CHANNELS,YT_PROTOCOL_TYPE) values(261570, 4, 27570, '1007569', 'B0000804',1,'1076测试服务器','4',8,'0');
insert into V_VEHICLEINFO (ORG_CODE,VEHICLE_ID,ID_NUMBER,TYPE_ID,TERMINAL_ID,DELETE_FLAG,COLOR_ID_NUMBER_ID,AUTHORIZED_PAY_MASS) values ('B0000804','2601570', '测B07569', 4, 261570, 0, '2',15);

insert into T_SIMINFO (SIM_ID, ORG_CODE, DEPTCODE, STATE,PAY_MODLE, SIM_NUM) values(27571, 'B0000804', '中国移动', 1, '预付费', 13100007570);
insert into T_TERMINALINFO (TERMINAL_ID,TTYPE_ID,SIM_ID,TERMINAL_CODE,ORG_CODE,IS_VIDEO_TERMINAL,SP_SERVER_NAME,PROTOCOL_TYPE,CHANNELS,YT_PROTOCOL_TYPE) values(261571, 4, 27571, '1007570', 'B0000804',1,'1076测试服务器','4',8,'0');
insert into V_VEHICLEINFO (ORG_CODE,VEHICLE_ID,ID_NUMBER,TYPE_ID,TERMINAL_ID,DELETE_FLAG,COLOR_ID_NUMBER_ID,AUTHORIZED_PAY_MASS) values ('B0000804','2601571', '测B07570', 4, 261571, 0, '2',15);

insert into T_SIMINFO (SIM_ID, ORG_CODE, DEPTCODE, STATE,PAY_MODLE, SIM_NUM) values(27572, 'B0000804', '中国移动', 1, '预付费', 13100007571);
insert into T_TERMINALINFO (TERMINAL_ID,TTYPE_ID,SIM_ID,TERMINAL_CODE,ORG_CODE,IS_VIDEO_TERMINAL,SP_SERVER_NAME,PROTOCOL_TYPE,CHANNELS,YT_PROTOCOL_TYPE) values(261572, 4, 27572, '1007571', 'B0000804',1,'1076测试服务器','4',8,'0');
insert into V_VEHICLEINFO (ORG_CODE,VEHICLE_ID,ID_NUMBER,TYPE_ID,TERMINAL_ID,DELETE_FLAG,COLOR_ID_NUMBER_ID,AUTHORIZED_PAY_MASS) values ('B0000804','2601572', '测B07571', 4, 261572, 0, '2',15);

insert into T_SIMINFO (SIM_ID, ORG_CODE, DEPTCODE, STATE,PAY_MODLE, SIM_NUM) values(27573, 'B0000804', '中国移动', 1, '预付费', 13100007572);
insert into T_TERMINALINFO (TERMINAL_ID,TTYPE_ID,SIM_ID,TERMINAL_CODE,ORG_CODE,IS_VIDEO_TERMINAL,SP_SERVER_NAME,PROTOCOL_TYPE,CHANNELS,YT_PROTOCOL_TYPE) values(261573, 4, 27573, '1007572', 'B0000804',1,'1076测试服务器','4',8,'0');
insert into V_VEHICLEINFO (ORG_CODE,VEHICLE_ID,ID_NUMBER,TYPE_ID,TERMINAL_ID,DELETE_FLAG,COLOR_ID_NUMBER_ID,AUTHORIZED_PAY_MASS) values ('B0000804','2601573', '测B07572', 4, 261573, 0, '2',15);

insert into T_SIMINFO (SIM_ID, ORG_CODE, DEPTCODE, STATE,PAY_MODLE, SIM_NUM) values(27574, 'B0000804', '中国移动', 1, '预付费', 13100007573);
insert into T_TERMINALINFO (TERMINAL_ID,TTYPE_ID,SIM_ID,TERMINAL_CODE,ORG_CODE,IS_VIDEO_TERMINAL,SP_SERVER_NAME,PROTOCOL_TYPE,CHANNELS,YT_PROTOCOL_TYPE) values(261574, 4, 27574, '1007573', 'B0000804',1,'1076测试服务器','4',8,'0');
insert into V_VEHICLEINFO (ORG_CODE,VEHICLE_ID,ID_NUMBER,TYPE_ID,TERMINAL_ID,DELETE_FLAG,COLOR_ID_NUMBER_ID,AUTHORIZED_PAY_MASS) values ('B0000804','2601574', '测B07573', 4, 261574, 0, '2',15);

insert into T_SIMINFO (SIM_ID, ORG_CODE, DEPTCODE, STATE,PAY_MODLE, SIM_NUM) values(27575, 'B0000804', '中国移动', 1, '预付费', 13100007574);
insert into T_TERMINALINFO (TERMINAL_ID,TTYPE_ID,SIM_ID,TERMINAL_CODE,ORG_CODE,IS_VIDEO_TERMINAL,SP_SERVER_NAME,PROTOCOL_TYPE,CHANNELS,YT_PROTOCOL_TYPE) values(261575, 4, 27575, '1007574', 'B0000804',1,'1076测试服务器','4',8,'0');
insert into V_VEHICLEINFO (ORG_CODE,VEHICLE_ID,ID_NUMBER,TYPE_ID,TERMINAL_ID,DELETE_FLAG,COLOR_ID_NUMBER_ID,AUTHORIZED_PAY_MASS) values ('B0000804','2601575', '测B07574', 4, 261575, 0, '2',15);

insert into T_SIMINFO (SIM_ID, ORG_CODE, DEPTCODE, STATE,PAY_MODLE, SIM_NUM) values(27576, 'B0000804', '中国移动', 1, '预付费', 13100007575);
insert into T_TERMINALINFO (TERMINAL_ID,TTYPE_ID,SIM_ID,TERMINAL_CODE,ORG_CODE,IS_VIDEO_TERMINAL,SP_SERVER_NAME,PROTOCOL_TYPE,CHANNELS,YT_PROTOCOL_TYPE) values(261576, 4, 27576, '1007575', 'B0000804',1,'1076测试服务器','4',8,'0');
insert into V_VEHICLEINFO (ORG_CODE,VEHICLE_ID,ID_NUMBER,TYPE_ID,TERMINAL_ID,DELETE_FLAG,COLOR_ID_NUMBER_ID,AUTHORIZED_PAY_MASS) values ('B0000804','2601576', '测B07575', 4, 261576, 0, '2',15);

insert into T_SIMINFO (SIM_ID, ORG_CODE, DEPTCODE, STATE,PAY_MODLE, SIM_NUM) values(27577, 'B0000804', '中国移动', 1, '预付费', 13100007576);
insert into T_TERMINALINFO (TERMINAL_ID,TTYPE_ID,SIM_ID,TERMINAL_CODE,ORG_CODE,IS_VIDEO_TERMINAL,SP_SERVER_NAME,PROTOCOL_TYPE,CHANNELS,YT_PROTOCOL_TYPE) values(261577, 4, 27577, '1007576', 'B0000804',1,'1076测试服务器','4',8,'0');
insert into V_VEHICLEINFO (ORG_CODE,VEHICLE_ID,ID_NUMBER,TYPE_ID,TERMINAL_ID,DELETE_FLAG,COLOR_ID_NUMBER_ID,AUTHORIZED_PAY_MASS) values ('B0000804','2601577', '测B07576', 4, 261577, 0, '2',15);

insert into T_SIMINFO (SIM_ID, ORG_CODE, DEPTCODE, STATE,PAY_MODLE, SIM_NUM) values(27578, 'B0000804', '中国移动', 1, '预付费', 13100007577);
insert into T_TERMINALINFO (TERMINAL_ID,TTYPE_ID,SIM_ID,TERMINAL_CODE,ORG_CODE,IS_VIDEO_TERMINAL,SP_SERVER_NAME,PROTOCOL_TYPE,CHANNELS,YT_PROTOCOL_TYPE) values(261578, 4, 27578, '1007577', 'B0000804',1,'1076测试服务器','4',8,'0');
insert into V_VEHICLEINFO (ORG_CODE,VEHICLE_ID,ID_NUMBER,TYPE_ID,TERMINAL_ID,DELETE_FLAG,COLOR_ID_NUMBER_ID,AUTHORIZED_PAY_MASS) values ('B0000804','2601578', '测B07577', 4, 261578, 0, '2',15);

insert into T_SIMINFO (SIM_ID, ORG_CODE, DEPTCODE, STATE,PAY_MODLE, SIM_NUM) values(27579, 'B0000804', '中国移动', 1, '预付费', 13100007578);
insert into T_TERMINALINFO (TERMINAL_ID,TTYPE_ID,SIM_ID,TERMINAL_CODE,ORG_CODE,IS_VIDEO_TERMINAL,SP_SERVER_NAME,PROTOCOL_TYPE,CHANNELS,YT_PROTOCOL_TYPE) values(261579, 4, 27579, '1007578', 'B0000804',1,'1076测试服务器','4',8,'0');
insert into V_VEHICLEINFO (ORG_CODE,VEHICLE_ID,ID_NUMBER,TYPE_ID,TERMINAL_ID,DELETE_FLAG,COLOR_ID_NUMBER_ID,AUTHORIZED_PAY_MASS) values ('B0000804','2601579', '测B07578', 4, 261579, 0, '2',15);

insert into T_SIMINFO (SIM_ID, ORG_CODE, DEPTCODE, STATE,PAY_MODLE, SIM_NUM) values(27580, 'B0000804', '中国移动', 1, '预付费', 13100007579);
insert into T_TERMINALINFO (TERMINAL_ID,TTYPE_ID,SIM_ID,TERMINAL_CODE,ORG_CODE,IS_VIDEO_TERMINAL,SP_SERVER_NAME,PROTOCOL_TYPE,CHANNELS,YT_PROTOCOL_TYPE) values(261580, 4, 27580, '1007579', 'B0000804',1,'1076测试服务器','4',8,'0');
insert into V_VEHICLEINFO (ORG_CODE,VEHICLE_ID,ID_NUMBER,TYPE_ID,TERMINAL_ID,DELETE_FLAG,COLOR_ID_NUMBER_ID,AUTHORIZED_PAY_MASS) values ('B0000804','2601580', '测B07579', 4, 261580, 0, '2',15);

insert into T_SIMINFO (SIM_ID, ORG_CODE, DEPTCODE, STATE,PAY_MODLE, SIM_NUM) values(27581, 'B0000804', '中国移动', 1, '预付费', 13100007580);
insert into T_TERMINALINFO (TERMINAL_ID,TTYPE_ID,SIM_ID,TERMINAL_CODE,ORG_CODE,IS_VIDEO_TERMINAL,SP_SERVER_NAME,PROTOCOL_TYPE,CHANNELS,YT_PROTOCOL_TYPE) values(261581, 4, 27581, '1007580', 'B0000804',1,'1076测试服务器','4',8,'0');
insert into V_VEHICLEINFO (ORG_CODE,VEHICLE_ID,ID_NUMBER,TYPE_ID,TERMINAL_ID,DELETE_FLAG,COLOR_ID_NUMBER_ID,AUTHORIZED_PAY_MASS) values ('B0000804','2601581', '测B07580', 4, 261581, 0, '2',15);

insert into T_SIMINFO (SIM_ID, ORG_CODE, DEPTCODE, STATE,PAY_MODLE, SIM_NUM) values(27582, 'B0000804', '中国移动', 1, '预付费', 13100007581);
insert into T_TERMINALINFO (TERMINAL_ID,TTYPE_ID,SIM_ID,TERMINAL_CODE,ORG_CODE,IS_VIDEO_TERMINAL,SP_SERVER_NAME,PROTOCOL_TYPE,CHANNELS,YT_PROTOCOL_TYPE) values(261582, 4, 27582, '1007581', 'B0000804',1,'1076测试服务器','4',8,'0');
insert into V_VEHICLEINFO (ORG_CODE,VEHICLE_ID,ID_NUMBER,TYPE_ID,TERMINAL_ID,DELETE_FLAG,COLOR_ID_NUMBER_ID,AUTHORIZED_PAY_MASS) values ('B0000804','2601582', '测B07581', 4, 261582, 0, '2',15);

insert into T_SIMINFO (SIM_ID, ORG_CODE, DEPTCODE, STATE,PAY_MODLE, SIM_NUM) values(27583, 'B0000804', '中国移动', 1, '预付费', 13100007582);
insert into T_TERMINALINFO (TERMINAL_ID,TTYPE_ID,SIM_ID,TERMINAL_CODE,ORG_CODE,IS_VIDEO_TERMINAL,SP_SERVER_NAME,PROTOCOL_TYPE,CHANNELS,YT_PROTOCOL_TYPE) values(261583, 4, 27583, '1007582', 'B0000804',1,'1076测试服务器','4',8,'0');
insert into V_VEHICLEINFO (ORG_CODE,VEHICLE_ID,ID_NUMBER,TYPE_ID,TERMINAL_ID,DELETE_FLAG,COLOR_ID_NUMBER_ID,AUTHORIZED_PAY_MASS) values ('B0000804','2601583', '测B07582', 4, 261583, 0, '2',15);

insert into T_SIMINFO (SIM_ID, ORG_CODE, DEPTCODE, STATE,PAY_MODLE, SIM_NUM) values(27584, 'B0000804', '中国移动', 1, '预付费', 13100007583);
insert into T_TERMINALINFO (TERMINAL_ID,TTYPE_ID,SIM_ID,TERMINAL_CODE,ORG_CODE,IS_VIDEO_TERMINAL,SP_SERVER_NAME,PROTOCOL_TYPE,CHANNELS,YT_PROTOCOL_TYPE) values(261584, 4, 27584, '1007583', 'B0000804',1,'1076测试服务器','4',8,'0');
insert into V_VEHICLEINFO (ORG_CODE,VEHICLE_ID,ID_NUMBER,TYPE_ID,TERMINAL_ID,DELETE_FLAG,COLOR_ID_NUMBER_ID,AUTHORIZED_PAY_MASS) values ('B0000804','2601584', '测B07583', 4, 261584, 0, '2',15);

insert into T_SIMINFO (SIM_ID, ORG_CODE, DEPTCODE, STATE,PAY_MODLE, SIM_NUM) values(27585, 'B0000804', '中国移动', 1, '预付费', 13100007584);
insert into T_TERMINALINFO (TERMINAL_ID,TTYPE_ID,SIM_ID,TERMINAL_CODE,ORG_CODE,IS_VIDEO_TERMINAL,SP_SERVER_NAME,PROTOCOL_TYPE,CHANNELS,YT_PROTOCOL_TYPE) values(261585, 4, 27585, '1007584', 'B0000804',1,'1076测试服务器','4',8,'0');
insert into V_VEHICLEINFO (ORG_CODE,VEHICLE_ID,ID_NUMBER,TYPE_ID,TERMINAL_ID,DELETE_FLAG,COLOR_ID_NUMBER_ID,AUTHORIZED_PAY_MASS) values ('B0000804','2601585', '测B07584', 4, 261585, 0, '2',15);

insert into T_SIMINFO (SIM_ID, ORG_CODE, DEPTCODE, STATE,PAY_MODLE, SIM_NUM) values(27586, 'B0000804', '中国移动', 1, '预付费', 13100007585);
insert into T_TERMINALINFO (TERMINAL_ID,TTYPE_ID,SIM_ID,TERMINAL_CODE,ORG_CODE,IS_VIDEO_TERMINAL,SP_SERVER_NAME,PROTOCOL_TYPE,CHANNELS,YT_PROTOCOL_TYPE) values(261586, 4, 27586, '1007585', 'B0000804',1,'1076测试服务器','4',8,'0');
insert into V_VEHICLEINFO (ORG_CODE,VEHICLE_ID,ID_NUMBER,TYPE_ID,TERMINAL_ID,DELETE_FLAG,COLOR_ID_NUMBER_ID,AUTHORIZED_PAY_MASS) values ('B0000804','2601586', '测B07585', 4, 261586, 0, '2',15);

insert into T_SIMINFO (SIM_ID, ORG_CODE, DEPTCODE, STATE,PAY_MODLE, SIM_NUM) values(27587, 'B0000804', '中国移动', 1, '预付费', 13100007586);
insert into T_TERMINALINFO (TERMINAL_ID,TTYPE_ID,SIM_ID,TERMINAL_CODE,ORG_CODE,IS_VIDEO_TERMINAL,SP_SERVER_NAME,PROTOCOL_TYPE,CHANNELS,YT_PROTOCOL_TYPE) values(261587, 4, 27587, '1007586', 'B0000804',1,'1076测试服务器','4',8,'0');
insert into V_VEHICLEINFO (ORG_CODE,VEHICLE_ID,ID_NUMBER,TYPE_ID,TERMINAL_ID,DELETE_FLAG,COLOR_ID_NUMBER_ID,AUTHORIZED_PAY_MASS) values ('B0000804','2601587', '测B07586', 4, 261587, 0, '2',15);

insert into T_SIMINFO (SIM_ID, ORG_CODE, DEPTCODE, STATE,PAY_MODLE, SIM_NUM) values(27588, 'B0000804', '中国移动', 1, '预付费', 13100007587);
insert into T_TERMINALINFO (TERMINAL_ID,TTYPE_ID,SIM_ID,TERMINAL_CODE,ORG_CODE,IS_VIDEO_TERMINAL,SP_SERVER_NAME,PROTOCOL_TYPE,CHANNELS,YT_PROTOCOL_TYPE) values(261588, 4, 27588, '1007587', 'B0000804',1,'1076测试服务器','4',8,'0');
insert into V_VEHICLEINFO (ORG_CODE,VEHICLE_ID,ID_NUMBER,TYPE_ID,TERMINAL_ID,DELETE_FLAG,COLOR_ID_NUMBER_ID,AUTHORIZED_PAY_MASS) values ('B0000804','2601588', '测B07587', 4, 261588, 0, '2',15);

insert into T_SIMINFO (SIM_ID, ORG_CODE, DEPTCODE, STATE,PAY_MODLE, SIM_NUM) values(27589, 'B0000804', '中国移动', 1, '预付费', 13100007588);
insert into T_TERMINALINFO (TERMINAL_ID,TTYPE_ID,SIM_ID,TERMINAL_CODE,ORG_CODE,IS_VIDEO_TERMINAL,SP_SERVER_NAME,PROTOCOL_TYPE,CHANNELS,YT_PROTOCOL_TYPE) values(261589, 4, 27589, '1007588', 'B0000804',1,'1076测试服务器','4',8,'0');
insert into V_VEHICLEINFO (ORG_CODE,VEHICLE_ID,ID_NUMBER,TYPE_ID,TERMINAL_ID,DELETE_FLAG,COLOR_ID_NUMBER_ID,AUTHORIZED_PAY_MASS) values ('B0000804','2601589', '测B07588', 4, 261589, 0, '2',15);

insert into T_SIMINFO (SIM_ID, ORG_CODE, DEPTCODE, STATE,PAY_MODLE, SIM_NUM) values(27590, 'B0000804', '中国移动', 1, '预付费', 13100007589);
insert into T_TERMINALINFO (TERMINAL_ID,TTYPE_ID,SIM_ID,TERMINAL_CODE,ORG_CODE,IS_VIDEO_TERMINAL,SP_SERVER_NAME,PROTOCOL_TYPE,CHANNELS,YT_PROTOCOL_TYPE) values(261590, 4, 27590, '1007589', 'B0000804',1,'1076测试服务器','4',8,'0');
insert into V_VEHICLEINFO (ORG_CODE,VEHICLE_ID,ID_NUMBER,TYPE_ID,TERMINAL_ID,DELETE_FLAG,COLOR_ID_NUMBER_ID,AUTHORIZED_PAY_MASS) values ('B0000804','2601590', '测B07589', 4, 261590, 0, '2',15);

insert into T_SIMINFO (SIM_ID, ORG_CODE, DEPTCODE, STATE,PAY_MODLE, SIM_NUM) values(27591, 'B0000804', '中国移动', 1, '预付费', 13100007590);
insert into T_TERMINALINFO (TERMINAL_ID,TTYPE_ID,SIM_ID,TERMINAL_CODE,ORG_CODE,IS_VIDEO_TERMINAL,SP_SERVER_NAME,PROTOCOL_TYPE,CHANNELS,YT_PROTOCOL_TYPE) values(261591, 4, 27591, '1007590', 'B0000804',1,'1076测试服务器','4',8,'0');
insert into V_VEHICLEINFO (ORG_CODE,VEHICLE_ID,ID_NUMBER,TYPE_ID,TERMINAL_ID,DELETE_FLAG,COLOR_ID_NUMBER_ID,AUTHORIZED_PAY_MASS) values ('B0000804','2601591', '测B07590', 4, 261591, 0, '2',15);

insert into T_SIMINFO (SIM_ID, ORG_CODE, DEPTCODE, STATE,PAY_MODLE, SIM_NUM) values(27592, 'B0000804', '中国移动', 1, '预付费', 13100007591);
insert into T_TERMINALINFO (TERMINAL_ID,TTYPE_ID,SIM_ID,TERMINAL_CODE,ORG_CODE,IS_VIDEO_TERMINAL,SP_SERVER_NAME,PROTOCOL_TYPE,CHANNELS,YT_PROTOCOL_TYPE) values(261592, 4, 27592, '1007591', 'B0000804',1,'1076测试服务器','4',8,'0');
insert into V_VEHICLEINFO (ORG_CODE,VEHICLE_ID,ID_NUMBER,TYPE_ID,TERMINAL_ID,DELETE_FLAG,COLOR_ID_NUMBER_ID,AUTHORIZED_PAY_MASS) values ('B0000804','2601592', '测B07591', 4, 261592, 0, '2',15);

insert into T_SIMINFO (SIM_ID, ORG_CODE, DEPTCODE, STATE,PAY_MODLE, SIM_NUM) values(27593, 'B0000804', '中国移动', 1, '预付费', 13100007592);
insert into T_TERMINALINFO (TERMINAL_ID,TTYPE_ID,SIM_ID,TERMINAL_CODE,ORG_CODE,IS_VIDEO_TERMINAL,SP_SERVER_NAME,PROTOCOL_TYPE,CHANNELS,YT_PROTOCOL_TYPE) values(261593, 4, 27593, '1007592', 'B0000804',1,'1076测试服务器','4',8,'0');
insert into V_VEHICLEINFO (ORG_CODE,VEHICLE_ID,ID_NUMBER,TYPE_ID,TERMINAL_ID,DELETE_FLAG,COLOR_ID_NUMBER_ID,AUTHORIZED_PAY_MASS) values ('B0000804','2601593', '测B07592', 4, 261593, 0, '2',15);

insert into T_SIMINFO (SIM_ID, ORG_CODE, DEPTCODE, STATE,PAY_MODLE, SIM_NUM) values(27594, 'B0000804', '中国移动', 1, '预付费', 13100007593);
insert into T_TERMINALINFO (TERMINAL_ID,TTYPE_ID,SIM_ID,TERMINAL_CODE,ORG_CODE,IS_VIDEO_TERMINAL,SP_SERVER_NAME,PROTOCOL_TYPE,CHANNELS,YT_PROTOCOL_TYPE) values(261594, 4, 27594, '1007593', 'B0000804',1,'1076测试服务器','4',8,'0');
insert into V_VEHICLEINFO (ORG_CODE,VEHICLE_ID,ID_NUMBER,TYPE_ID,TERMINAL_ID,DELETE_FLAG,COLOR_ID_NUMBER_ID,AUTHORIZED_PAY_MASS) values ('B0000804','2601594', '测B07593', 4, 261594, 0, '2',15);

insert into T_SIMINFO (SIM_ID, ORG_CODE, DEPTCODE, STATE,PAY_MODLE, SIM_NUM) values(27595, 'B0000804', '中国移动', 1, '预付费', 13100007594);
insert into T_TERMINALINFO (TERMINAL_ID,TTYPE_ID,SIM_ID,TERMINAL_CODE,ORG_CODE,IS_VIDEO_TERMINAL,SP_SERVER_NAME,PROTOCOL_TYPE,CHANNELS,YT_PROTOCOL_TYPE) values(261595, 4, 27595, '1007594', 'B0000804',1,'1076测试服务器','4',8,'0');
insert into V_VEHICLEINFO (ORG_CODE,VEHICLE_ID,ID_NUMBER,TYPE_ID,TERMINAL_ID,DELETE_FLAG,COLOR_ID_NUMBER_ID,AUTHORIZED_PAY_MASS) values ('B0000804','2601595', '测B07594', 4, 261595, 0, '2',15);

insert into T_SIMINFO (SIM_ID, ORG_CODE, DEPTCODE, STATE,PAY_MODLE, SIM_NUM) values(27596, 'B0000804', '中国移动', 1, '预付费', 13100007595);
insert into T_TERMINALINFO (TERMINAL_ID,TTYPE_ID,SIM_ID,TERMINAL_CODE,ORG_CODE,IS_VIDEO_TERMINAL,SP_SERVER_NAME,PROTOCOL_TYPE,CHANNELS,YT_PROTOCOL_TYPE) values(261596, 4, 27596, '1007595', 'B0000804',1,'1076测试服务器','4',8,'0');
insert into V_VEHICLEINFO (ORG_CODE,VEHICLE_ID,ID_NUMBER,TYPE_ID,TERMINAL_ID,DELETE_FLAG,COLOR_ID_NUMBER_ID,AUTHORIZED_PAY_MASS) values ('B0000804','2601596', '测B07595', 4, 261596, 0, '2',15);

insert into T_SIMINFO (SIM_ID, ORG_CODE, DEPTCODE, STATE,PAY_MODLE, SIM_NUM) values(27597, 'B0000804', '中国移动', 1, '预付费', 13100007596);
insert into T_TERMINALINFO (TERMINAL_ID,TTYPE_ID,SIM_ID,TERMINAL_CODE,ORG_CODE,IS_VIDEO_TERMINAL,SP_SERVER_NAME,PROTOCOL_TYPE,CHANNELS,YT_PROTOCOL_TYPE) values(261597, 4, 27597, '1007596', 'B0000804',1,'1076测试服务器','4',8,'0');
insert into V_VEHICLEINFO (ORG_CODE,VEHICLE_ID,ID_NUMBER,TYPE_ID,TERMINAL_ID,DELETE_FLAG,COLOR_ID_NUMBER_ID,AUTHORIZED_PAY_MASS) values ('B0000804','2601597', '测B07596', 4, 261597, 0, '2',15);

insert into T_SIMINFO (SIM_ID, ORG_CODE, DEPTCODE, STATE,PAY_MODLE, SIM_NUM) values(27598, 'B0000804', '中国移动', 1, '预付费', 13100007597);
insert into T_TERMINALINFO (TERMINAL_ID,TTYPE_ID,SIM_ID,TERMINAL_CODE,ORG_CODE,IS_VIDEO_TERMINAL,SP_SERVER_NAME,PROTOCOL_TYPE,CHANNELS,YT_PROTOCOL_TYPE) values(261598, 4, 27598, '1007597', 'B0000804',1,'1076测试服务器','4',8,'0');
insert into V_VEHICLEINFO (ORG_CODE,VEHICLE_ID,ID_NUMBER,TYPE_ID,TERMINAL_ID,DELETE_FLAG,COLOR_ID_NUMBER_ID,AUTHORIZED_PAY_MASS) values ('B0000804','2601598', '测B07597', 4, 261598, 0, '2',15);

insert into T_SIMINFO (SIM_ID, ORG_CODE, DEPTCODE, STATE,PAY_MODLE, SIM_NUM) values(27599, 'B0000804', '中国移动', 1, '预付费', 13100007598);
insert into T_TERMINALINFO (TERMINAL_ID,TTYPE_ID,SIM_ID,TERMINAL_CODE,ORG_CODE,IS_VIDEO_TERMINAL,SP_SERVER_NAME,PROTOCOL_TYPE,CHANNELS,YT_PROTOCOL_TYPE) values(261599, 4, 27599, '1007598', 'B0000804',1,'1076测试服务器','4',8,'0');
insert into V_VEHICLEINFO (ORG_CODE,VEHICLE_ID,ID_NUMBER,TYPE_ID,TERMINAL_ID,DELETE_FLAG,COLOR_ID_NUMBER_ID,AUTHORIZED_PAY_MASS) values ('B0000804','2601599', '测B07598', 4, 261599, 0, '2',15);

insert into T_SIMINFO (SIM_ID, ORG_CODE, DEPTCODE, STATE,PAY_MODLE, SIM_NUM) values(27600, 'B0000804', '中国移动', 1, '预付费', 13100007599);
insert into T_TERMINALINFO (TERMINAL_ID,TTYPE_ID,SIM_ID,TERMINAL_CODE,ORG_CODE,IS_VIDEO_TERMINAL,SP_SERVER_NAME,PROTOCOL_TYPE,CHANNELS,YT_PROTOCOL_TYPE) values(261600, 4, 27600, '1007599', 'B0000804',1,'1076测试服务器','4',8,'0');
insert into V_VEHICLEINFO (ORG_CODE,VEHICLE_ID,ID_NUMBER,TYPE_ID,TERMINAL_ID,DELETE_FLAG,COLOR_ID_NUMBER_ID,AUTHORIZED_PAY_MASS) values ('B0000804','2601600', '测B07599', 4, 261600, 0, '2',15);

insert into T_SIMINFO (SIM_ID, ORG_CODE, DEPTCODE, STATE,PAY_MODLE, SIM_NUM) values(27601, 'B0000804', '中国移动', 1, '预付费', 13100007600);
insert into T_TERMINALINFO (TERMINAL_ID,TTYPE_ID,SIM_ID,TERMINAL_CODE,ORG_CODE,IS_VIDEO_TERMINAL,SP_SERVER_NAME,PROTOCOL_TYPE,CHANNELS,YT_PROTOCOL_TYPE) values(261601, 4, 27601, '1007600', 'B0000804',1,'1076测试服务器','4',8,'0');
insert into V_VEHICLEINFO (ORG_CODE,VEHICLE_ID,ID_NUMBER,TYPE_ID,TERMINAL_ID,DELETE_FLAG,COLOR_ID_NUMBER_ID,AUTHORIZED_PAY_MASS) values ('B0000804','2601601', '测B07600', 4, 261601, 0, '2',15);

insert into T_SIMINFO (SIM_ID, ORG_CODE, DEPTCODE, STATE,PAY_MODLE, SIM_NUM) values(27602, 'B0000804', '中国移动', 1, '预付费', 13100007601);
insert into T_TERMINALINFO (TERMINAL_ID,TTYPE_ID,SIM_ID,TERMINAL_CODE,ORG_CODE,IS_VIDEO_TERMINAL,SP_SERVER_NAME,PROTOCOL_TYPE,CHANNELS,YT_PROTOCOL_TYPE) values(261602, 4, 27602, '1007601', 'B0000804',1,'1076测试服务器','4',8,'0');
insert into V_VEHICLEINFO (ORG_CODE,VEHICLE_ID,ID_NUMBER,TYPE_ID,TERMINAL_ID,DELETE_FLAG,COLOR_ID_NUMBER_ID,AUTHORIZED_PAY_MASS) values ('B0000804','2601602', '测B07601', 4, 261602, 0, '2',15);

insert into T_SIMINFO (SIM_ID, ORG_CODE, DEPTCODE, STATE,PAY_MODLE, SIM_NUM) values(27603, 'B0000804', '中国移动', 1, '预付费', 13100007602);
insert into T_TERMINALINFO (TERMINAL_ID,TTYPE_ID,SIM_ID,TERMINAL_CODE,ORG_CODE,IS_VIDEO_TERMINAL,SP_SERVER_NAME,PROTOCOL_TYPE,CHANNELS,YT_PROTOCOL_TYPE) values(261603, 4, 27603, '1007602', 'B0000804',1,'1076测试服务器','4',8,'0');
insert into V_VEHICLEINFO (ORG_CODE,VEHICLE_ID,ID_NUMBER,TYPE_ID,TERMINAL_ID,DELETE_FLAG,COLOR_ID_NUMBER_ID,AUTHORIZED_PAY_MASS) values ('B0000804','2601603', '测B07602', 4, 261603, 0, '2',15);

insert into T_SIMINFO (SIM_ID, ORG_CODE, DEPTCODE, STATE,PAY_MODLE, SIM_NUM) values(27604, 'B0000804', '中国移动', 1, '预付费', 13100007603);
insert into T_TERMINALINFO (TERMINAL_ID,TTYPE_ID,SIM_ID,TERMINAL_CODE,ORG_CODE,IS_VIDEO_TERMINAL,SP_SERVER_NAME,PROTOCOL_TYPE,CHANNELS,YT_PROTOCOL_TYPE) values(261604, 4, 27604, '1007603', 'B0000804',1,'1076测试服务器','4',8,'0');
insert into V_VEHICLEINFO (ORG_CODE,VEHICLE_ID,ID_NUMBER,TYPE_ID,TERMINAL_ID,DELETE_FLAG,COLOR_ID_NUMBER_ID,AUTHORIZED_PAY_MASS) values ('B0000804','2601604', '测B07603', 4, 261604, 0, '2',15);

insert into T_SIMINFO (SIM_ID, ORG_CODE, DEPTCODE, STATE,PAY_MODLE, SIM_NUM) values(27605, 'B0000804', '中国移动', 1, '预付费', 13100007604);
insert into T_TERMINALINFO (TERMINAL_ID,TTYPE_ID,SIM_ID,TERMINAL_CODE,ORG_CODE,IS_VIDEO_TERMINAL,SP_SERVER_NAME,PROTOCOL_TYPE,CHANNELS,YT_PROTOCOL_TYPE) values(261605, 4, 27605, '1007604', 'B0000804',1,'1076测试服务器','4',8,'0');
insert into V_VEHICLEINFO (ORG_CODE,VEHICLE_ID,ID_NUMBER,TYPE_ID,TERMINAL_ID,DELETE_FLAG,COLOR_ID_NUMBER_ID,AUTHORIZED_PAY_MASS) values ('B0000804','2601605', '测B07604', 4, 261605, 0, '2',15);

insert into T_SIMINFO (SIM_ID, ORG_CODE, DEPTCODE, STATE,PAY_MODLE, SIM_NUM) values(27606, 'B0000804', '中国移动', 1, '预付费', 13100007605);
insert into T_TERMINALINFO (TERMINAL_ID,TTYPE_ID,SIM_ID,TERMINAL_CODE,ORG_CODE,IS_VIDEO_TERMINAL,SP_SERVER_NAME,PROTOCOL_TYPE,CHANNELS,YT_PROTOCOL_TYPE) values(261606, 4, 27606, '1007605', 'B0000804',1,'1076测试服务器','4',8,'0');
insert into V_VEHICLEINFO (ORG_CODE,VEHICLE_ID,ID_NUMBER,TYPE_ID,TERMINAL_ID,DELETE_FLAG,COLOR_ID_NUMBER_ID,AUTHORIZED_PAY_MASS) values ('B0000804','2601606', '测B07605', 4, 261606, 0, '2',15);

insert into T_SIMINFO (SIM_ID, ORG_CODE, DEPTCODE, STATE,PAY_MODLE, SIM_NUM) values(27607, 'B0000804', '中国移动', 1, '预付费', 13100007606);
insert into T_TERMINALINFO (TERMINAL_ID,TTYPE_ID,SIM_ID,TERMINAL_CODE,ORG_CODE,IS_VIDEO_TERMINAL,SP_SERVER_NAME,PROTOCOL_TYPE,CHANNELS,YT_PROTOCOL_TYPE) values(261607, 4, 27607, '1007606', 'B0000804',1,'1076测试服务器','4',8,'0');
insert into V_VEHICLEINFO (ORG_CODE,VEHICLE_ID,ID_NUMBER,TYPE_ID,TERMINAL_ID,DELETE_FLAG,COLOR_ID_NUMBER_ID,AUTHORIZED_PAY_MASS) values ('B0000804','2601607', '测B07606', 4, 261607, 0, '2',15);

insert into T_SIMINFO (SIM_ID, ORG_CODE, DEPTCODE, STATE,PAY_MODLE, SIM_NUM) values(27608, 'B0000804', '中国移动', 1, '预付费', 13100007607);
insert into T_TERMINALINFO (TERMINAL_ID,TTYPE_ID,SIM_ID,TERMINAL_CODE,ORG_CODE,IS_VIDEO_TERMINAL,SP_SERVER_NAME,PROTOCOL_TYPE,CHANNELS,YT_PROTOCOL_TYPE) values(261608, 4, 27608, '1007607', 'B0000804',1,'1076测试服务器','4',8,'0');
insert into V_VEHICLEINFO (ORG_CODE,VEHICLE_ID,ID_NUMBER,TYPE_ID,TERMINAL_ID,DELETE_FLAG,COLOR_ID_NUMBER_ID,AUTHORIZED_PAY_MASS) values ('B0000804','2601608', '测B07607', 4, 261608, 0, '2',15);

insert into T_SIMINFO (SIM_ID, ORG_CODE, DEPTCODE, STATE,PAY_MODLE, SIM_NUM) values(27609, 'B0000804', '中国移动', 1, '预付费', 13100007608);
insert into T_TERMINALINFO (TERMINAL_ID,TTYPE_ID,SIM_ID,TERMINAL_CODE,ORG_CODE,IS_VIDEO_TERMINAL,SP_SERVER_NAME,PROTOCOL_TYPE,CHANNELS,YT_PROTOCOL_TYPE) values(261609, 4, 27609, '1007608', 'B0000804',1,'1076测试服务器','4',8,'0');
insert into V_VEHICLEINFO (ORG_CODE,VEHICLE_ID,ID_NUMBER,TYPE_ID,TERMINAL_ID,DELETE_FLAG,COLOR_ID_NUMBER_ID,AUTHORIZED_PAY_MASS) values ('B0000804','2601609', '测B07608', 4, 261609, 0, '2',15);

insert into T_SIMINFO (SIM_ID, ORG_CODE, DEPTCODE, STATE,PAY_MODLE, SIM_NUM) values(27610, 'B0000804', '中国移动', 1, '预付费', 13100007609);
insert into T_TERMINALINFO (TERMINAL_ID,TTYPE_ID,SIM_ID,TERMINAL_CODE,ORG_CODE,IS_VIDEO_TERMINAL,SP_SERVER_NAME,PROTOCOL_TYPE,CHANNELS,YT_PROTOCOL_TYPE) values(261610, 4, 27610, '1007609', 'B0000804',1,'1076测试服务器','4',8,'0');
insert into V_VEHICLEINFO (ORG_CODE,VEHICLE_ID,ID_NUMBER,TYPE_ID,TERMINAL_ID,DELETE_FLAG,COLOR_ID_NUMBER_ID,AUTHORIZED_PAY_MASS) values ('B0000804','2601610', '测B07609', 4, 261610, 0, '2',15);

insert into T_SIMINFO (SIM_ID, ORG_CODE, DEPTCODE, STATE,PAY_MODLE, SIM_NUM) values(27611, 'B0000804', '中国移动', 1, '预付费', 13100007610);
insert into T_TERMINALINFO (TERMINAL_ID,TTYPE_ID,SIM_ID,TERMINAL_CODE,ORG_CODE,IS_VIDEO_TERMINAL,SP_SERVER_NAME,PROTOCOL_TYPE,CHANNELS,YT_PROTOCOL_TYPE) values(261611, 4, 27611, '1007610', 'B0000804',1,'1076测试服务器','4',8,'0');
insert into V_VEHICLEINFO (ORG_CODE,VEHICLE_ID,ID_NUMBER,TYPE_ID,TERMINAL_ID,DELETE_FLAG,COLOR_ID_NUMBER_ID,AUTHORIZED_PAY_MASS) values ('B0000804','2601611', '测B07610', 4, 261611, 0, '2',15);

insert into T_SIMINFO (SIM_ID, ORG_CODE, DEPTCODE, STATE,PAY_MODLE, SIM_NUM) values(27612, 'B0000804', '中国移动', 1, '预付费', 13100007611);
insert into T_TERMINALINFO (TERMINAL_ID,TTYPE_ID,SIM_ID,TERMINAL_CODE,ORG_CODE,IS_VIDEO_TERMINAL,SP_SERVER_NAME,PROTOCOL_TYPE,CHANNELS,YT_PROTOCOL_TYPE) values(261612, 4, 27612, '1007611', 'B0000804',1,'1076测试服务器','4',8,'0');
insert into V_VEHICLEINFO (ORG_CODE,VEHICLE_ID,ID_NUMBER,TYPE_ID,TERMINAL_ID,DELETE_FLAG,COLOR_ID_NUMBER_ID,AUTHORIZED_PAY_MASS) values ('B0000804','2601612', '测B07611', 4, 261612, 0, '2',15);

insert into T_SIMINFO (SIM_ID, ORG_CODE, DEPTCODE, STATE,PAY_MODLE, SIM_NUM) values(27613, 'B0000804', '中国移动', 1, '预付费', 13100007612);
insert into T_TERMINALINFO (TERMINAL_ID,TTYPE_ID,SIM_ID,TERMINAL_CODE,ORG_CODE,IS_VIDEO_TERMINAL,SP_SERVER_NAME,PROTOCOL_TYPE,CHANNELS,YT_PROTOCOL_TYPE) values(261613, 4, 27613, '1007612', 'B0000804',1,'1076测试服务器','4',8,'0');
insert into V_VEHICLEINFO (ORG_CODE,VEHICLE_ID,ID_NUMBER,TYPE_ID,TERMINAL_ID,DELETE_FLAG,COLOR_ID_NUMBER_ID,AUTHORIZED_PAY_MASS) values ('B0000804','2601613', '测B07612', 4, 261613, 0, '2',15);

insert into T_SIMINFO (SIM_ID, ORG_CODE, DEPTCODE, STATE,PAY_MODLE, SIM_NUM) values(27614, 'B0000804', '中国移动', 1, '预付费', 13100007613);
insert into T_TERMINALINFO (TERMINAL_ID,TTYPE_ID,SIM_ID,TERMINAL_CODE,ORG_CODE,IS_VIDEO_TERMINAL,SP_SERVER_NAME,PROTOCOL_TYPE,CHANNELS,YT_PROTOCOL_TYPE) values(261614, 4, 27614, '1007613', 'B0000804',1,'1076测试服务器','4',8,'0');
insert into V_VEHICLEINFO (ORG_CODE,VEHICLE_ID,ID_NUMBER,TYPE_ID,TERMINAL_ID,DELETE_FLAG,COLOR_ID_NUMBER_ID,AUTHORIZED_PAY_MASS) values ('B0000804','2601614', '测B07613', 4, 261614, 0, '2',15);

insert into T_SIMINFO (SIM_ID, ORG_CODE, DEPTCODE, STATE,PAY_MODLE, SIM_NUM) values(27615, 'B0000804', '中国移动', 1, '预付费', 13100007614);
insert into T_TERMINALINFO (TERMINAL_ID,TTYPE_ID,SIM_ID,TERMINAL_CODE,ORG_CODE,IS_VIDEO_TERMINAL,SP_SERVER_NAME,PROTOCOL_TYPE,CHANNELS,YT_PROTOCOL_TYPE) values(261615, 4, 27615, '1007614', 'B0000804',1,'1076测试服务器','4',8,'0');
insert into V_VEHICLEINFO (ORG_CODE,VEHICLE_ID,ID_NUMBER,TYPE_ID,TERMINAL_ID,DELETE_FLAG,COLOR_ID_NUMBER_ID,AUTHORIZED_PAY_MASS) values ('B0000804','2601615', '测B07614', 4, 261615, 0, '2',15);

insert into T_SIMINFO (SIM_ID, ORG_CODE, DEPTCODE, STATE,PAY_MODLE, SIM_NUM) values(27616, 'B0000804', '中国移动', 1, '预付费', 13100007615);
insert into T_TERMINALINFO (TERMINAL_ID,TTYPE_ID,SIM_ID,TERMINAL_CODE,ORG_CODE,IS_VIDEO_TERMINAL,SP_SERVER_NAME,PROTOCOL_TYPE,CHANNELS,YT_PROTOCOL_TYPE) values(261616, 4, 27616, '1007615', 'B0000804',1,'1076测试服务器','4',8,'0');
insert into V_VEHICLEINFO (ORG_CODE,VEHICLE_ID,ID_NUMBER,TYPE_ID,TERMINAL_ID,DELETE_FLAG,COLOR_ID_NUMBER_ID,AUTHORIZED_PAY_MASS) values ('B0000804','2601616', '测B07615', 4, 261616, 0, '2',15);

insert into T_SIMINFO (SIM_ID, ORG_CODE, DEPTCODE, STATE,PAY_MODLE, SIM_NUM) values(27617, 'B0000804', '中国移动', 1, '预付费', 13100007616);
insert into T_TERMINALINFO (TERMINAL_ID,TTYPE_ID,SIM_ID,TERMINAL_CODE,ORG_CODE,IS_VIDEO_TERMINAL,SP_SERVER_NAME,PROTOCOL_TYPE,CHANNELS,YT_PROTOCOL_TYPE) values(261617, 4, 27617, '1007616', 'B0000804',1,'1076测试服务器','4',8,'0');
insert into V_VEHICLEINFO (ORG_CODE,VEHICLE_ID,ID_NUMBER,TYPE_ID,TERMINAL_ID,DELETE_FLAG,COLOR_ID_NUMBER_ID,AUTHORIZED_PAY_MASS) values ('B0000804','2601617', '测B07616', 4, 261617, 0, '2',15);

insert into T_SIMINFO (SIM_ID, ORG_CODE, DEPTCODE, STATE,PAY_MODLE, SIM_NUM) values(27618, 'B0000804', '中国移动', 1, '预付费', 13100007617);
insert into T_TERMINALINFO (TERMINAL_ID,TTYPE_ID,SIM_ID,TERMINAL_CODE,ORG_CODE,IS_VIDEO_TERMINAL,SP_SERVER_NAME,PROTOCOL_TYPE,CHANNELS,YT_PROTOCOL_TYPE) values(261618, 4, 27618, '1007617', 'B0000804',1,'1076测试服务器','4',8,'0');
insert into V_VEHICLEINFO (ORG_CODE,VEHICLE_ID,ID_NUMBER,TYPE_ID,TERMINAL_ID,DELETE_FLAG,COLOR_ID_NUMBER_ID,AUTHORIZED_PAY_MASS) values ('B0000804','2601618', '测B07617', 4, 261618, 0, '2',15);

insert into T_SIMINFO (SIM_ID, ORG_CODE, DEPTCODE, STATE,PAY_MODLE, SIM_NUM) values(27619, 'B0000804', '中国移动', 1, '预付费', 13100007618);
insert into T_TERMINALINFO (TERMINAL_ID,TTYPE_ID,SIM_ID,TERMINAL_CODE,ORG_CODE,IS_VIDEO_TERMINAL,SP_SERVER_NAME,PROTOCOL_TYPE,CHANNELS,YT_PROTOCOL_TYPE) values(261619, 4, 27619, '1007618', 'B0000804',1,'1076测试服务器','4',8,'0');
insert into V_VEHICLEINFO (ORG_CODE,VEHICLE_ID,ID_NUMBER,TYPE_ID,TERMINAL_ID,DELETE_FLAG,COLOR_ID_NUMBER_ID,AUTHORIZED_PAY_MASS) values ('B0000804','2601619', '测B07618', 4, 261619, 0, '2',15);

insert into T_SIMINFO (SIM_ID, ORG_CODE, DEPTCODE, STATE,PAY_MODLE, SIM_NUM) values(27620, 'B0000804', '中国移动', 1, '预付费', 13100007619);
insert into T_TERMINALINFO (TERMINAL_ID,TTYPE_ID,SIM_ID,TERMINAL_CODE,ORG_CODE,IS_VIDEO_TERMINAL,SP_SERVER_NAME,PROTOCOL_TYPE,CHANNELS,YT_PROTOCOL_TYPE) values(261620, 4, 27620, '1007619', 'B0000804',1,'1076测试服务器','4',8,'0');
insert into V_VEHICLEINFO (ORG_CODE,VEHICLE_ID,ID_NUMBER,TYPE_ID,TERMINAL_ID,DELETE_FLAG,COLOR_ID_NUMBER_ID,AUTHORIZED_PAY_MASS) values ('B0000804','2601620', '测B07619', 4, 261620, 0, '2',15);

insert into T_SIMINFO (SIM_ID, ORG_CODE, DEPTCODE, STATE,PAY_MODLE, SIM_NUM) values(27621, 'B0000804', '中国移动', 1, '预付费', 13100007620);
insert into T_TERMINALINFO (TERMINAL_ID,TTYPE_ID,SIM_ID,TERMINAL_CODE,ORG_CODE,IS_VIDEO_TERMINAL,SP_SERVER_NAME,PROTOCOL_TYPE,CHANNELS,YT_PROTOCOL_TYPE) values(261621, 4, 27621, '1007620', 'B0000804',1,'1076测试服务器','4',8,'0');
insert into V_VEHICLEINFO (ORG_CODE,VEHICLE_ID,ID_NUMBER,TYPE_ID,TERMINAL_ID,DELETE_FLAG,COLOR_ID_NUMBER_ID,AUTHORIZED_PAY_MASS) values ('B0000804','2601621', '测B07620', 4, 261621, 0, '2',15);

insert into T_SIMINFO (SIM_ID, ORG_CODE, DEPTCODE, STATE,PAY_MODLE, SIM_NUM) values(27622, 'B0000804', '中国移动', 1, '预付费', 13100007621);
insert into T_TERMINALINFO (TERMINAL_ID,TTYPE_ID,SIM_ID,TERMINAL_CODE,ORG_CODE,IS_VIDEO_TERMINAL,SP_SERVER_NAME,PROTOCOL_TYPE,CHANNELS,YT_PROTOCOL_TYPE) values(261622, 4, 27622, '1007621', 'B0000804',1,'1076测试服务器','4',8,'0');
insert into V_VEHICLEINFO (ORG_CODE,VEHICLE_ID,ID_NUMBER,TYPE_ID,TERMINAL_ID,DELETE_FLAG,COLOR_ID_NUMBER_ID,AUTHORIZED_PAY_MASS) values ('B0000804','2601622', '测B07621', 4, 261622, 0, '2',15);

insert into T_SIMINFO (SIM_ID, ORG_CODE, DEPTCODE, STATE,PAY_MODLE, SIM_NUM) values(27623, 'B0000804', '中国移动', 1, '预付费', 13100007622);
insert into T_TERMINALINFO (TERMINAL_ID,TTYPE_ID,SIM_ID,TERMINAL_CODE,ORG_CODE,IS_VIDEO_TERMINAL,SP_SERVER_NAME,PROTOCOL_TYPE,CHANNELS,YT_PROTOCOL_TYPE) values(261623, 4, 27623, '1007622', 'B0000804',1,'1076测试服务器','4',8,'0');
insert into V_VEHICLEINFO (ORG_CODE,VEHICLE_ID,ID_NUMBER,TYPE_ID,TERMINAL_ID,DELETE_FLAG,COLOR_ID_NUMBER_ID,AUTHORIZED_PAY_MASS) values ('B0000804','2601623', '测B07622', 4, 261623, 0, '2',15);

insert into T_SIMINFO (SIM_ID, ORG_CODE, DEPTCODE, STATE,PAY_MODLE, SIM_NUM) values(27624, 'B0000804', '中国移动', 1, '预付费', 13100007623);
insert into T_TERMINALINFO (TERMINAL_ID,TTYPE_ID,SIM_ID,TERMINAL_CODE,ORG_CODE,IS_VIDEO_TERMINAL,SP_SERVER_NAME,PROTOCOL_TYPE,CHANNELS,YT_PROTOCOL_TYPE) values(261624, 4, 27624, '1007623', 'B0000804',1,'1076测试服务器','4',8,'0');
insert into V_VEHICLEINFO (ORG_CODE,VEHICLE_ID,ID_NUMBER,TYPE_ID,TERMINAL_ID,DELETE_FLAG,COLOR_ID_NUMBER_ID,AUTHORIZED_PAY_MASS) values ('B0000804','2601624', '测B07623', 4, 261624, 0, '2',15);

insert into T_SIMINFO (SIM_ID, ORG_CODE, DEPTCODE, STATE,PAY_MODLE, SIM_NUM) values(27625, 'B0000804', '中国移动', 1, '预付费', 13100007624);
insert into T_TERMINALINFO (TERMINAL_ID,TTYPE_ID,SIM_ID,TERMINAL_CODE,ORG_CODE,IS_VIDEO_TERMINAL,SP_SERVER_NAME,PROTOCOL_TYPE,CHANNELS,YT_PROTOCOL_TYPE) values(261625, 4, 27625, '1007624', 'B0000804',1,'1076测试服务器','4',8,'0');
insert into V_VEHICLEINFO (ORG_CODE,VEHICLE_ID,ID_NUMBER,TYPE_ID,TERMINAL_ID,DELETE_FLAG,COLOR_ID_NUMBER_ID,AUTHORIZED_PAY_MASS) values ('B0000804','2601625', '测B07624', 4, 261625, 0, '2',15);

insert into T_SIMINFO (SIM_ID, ORG_CODE, DEPTCODE, STATE,PAY_MODLE, SIM_NUM) values(27626, 'B0000804', '中国移动', 1, '预付费', 13100007625);
insert into T_TERMINALINFO (TERMINAL_ID,TTYPE_ID,SIM_ID,TERMINAL_CODE,ORG_CODE,IS_VIDEO_TERMINAL,SP_SERVER_NAME,PROTOCOL_TYPE,CHANNELS,YT_PROTOCOL_TYPE) values(261626, 4, 27626, '1007625', 'B0000804',1,'1076测试服务器','4',8,'0');
insert into V_VEHICLEINFO (ORG_CODE,VEHICLE_ID,ID_NUMBER,TYPE_ID,TERMINAL_ID,DELETE_FLAG,COLOR_ID_NUMBER_ID,AUTHORIZED_PAY_MASS) values ('B0000804','2601626', '测B07625', 4, 261626, 0, '2',15);

insert into T_SIMINFO (SIM_ID, ORG_CODE, DEPTCODE, STATE,PAY_MODLE, SIM_NUM) values(27627, 'B0000804', '中国移动', 1, '预付费', 13100007626);
insert into T_TERMINALINFO (TERMINAL_ID,TTYPE_ID,SIM_ID,TERMINAL_CODE,ORG_CODE,IS_VIDEO_TERMINAL,SP_SERVER_NAME,PROTOCOL_TYPE,CHANNELS,YT_PROTOCOL_TYPE) values(261627, 4, 27627, '1007626', 'B0000804',1,'1076测试服务器','4',8,'0');
insert into V_VEHICLEINFO (ORG_CODE,VEHICLE_ID,ID_NUMBER,TYPE_ID,TERMINAL_ID,DELETE_FLAG,COLOR_ID_NUMBER_ID,AUTHORIZED_PAY_MASS) values ('B0000804','2601627', '测B07626', 4, 261627, 0, '2',15);

insert into T_SIMINFO (SIM_ID, ORG_CODE, DEPTCODE, STATE,PAY_MODLE, SIM_NUM) values(27628, 'B0000804', '中国移动', 1, '预付费', 13100007627);
insert into T_TERMINALINFO (TERMINAL_ID,TTYPE_ID,SIM_ID,TERMINAL_CODE,ORG_CODE,IS_VIDEO_TERMINAL,SP_SERVER_NAME,PROTOCOL_TYPE,CHANNELS,YT_PROTOCOL_TYPE) values(261628, 4, 27628, '1007627', 'B0000804',1,'1076测试服务器','4',8,'0');
insert into V_VEHICLEINFO (ORG_CODE,VEHICLE_ID,ID_NUMBER,TYPE_ID,TERMINAL_ID,DELETE_FLAG,COLOR_ID_NUMBER_ID,AUTHORIZED_PAY_MASS) values ('B0000804','2601628', '测B07627', 4, 261628, 0, '2',15);

insert into T_SIMINFO (SIM_ID, ORG_CODE, DEPTCODE, STATE,PAY_MODLE, SIM_NUM) values(27629, 'B0000804', '中国移动', 1, '预付费', 13100007628);
insert into T_TERMINALINFO (TERMINAL_ID,TTYPE_ID,SIM_ID,TERMINAL_CODE,ORG_CODE,IS_VIDEO_TERMINAL,SP_SERVER_NAME,PROTOCOL_TYPE,CHANNELS,YT_PROTOCOL_TYPE) values(261629, 4, 27629, '1007628', 'B0000804',1,'1076测试服务器','4',8,'0');
insert into V_VEHICLEINFO (ORG_CODE,VEHICLE_ID,ID_NUMBER,TYPE_ID,TERMINAL_ID,DELETE_FLAG,COLOR_ID_NUMBER_ID,AUTHORIZED_PAY_MASS) values ('B0000804','2601629', '测B07628', 4, 261629, 0, '2',15);

insert into T_SIMINFO (SIM_ID, ORG_CODE, DEPTCODE, STATE,PAY_MODLE, SIM_NUM) values(27630, 'B0000804', '中国移动', 1, '预付费', 13100007629);
insert into T_TERMINALINFO (TERMINAL_ID,TTYPE_ID,SIM_ID,TERMINAL_CODE,ORG_CODE,IS_VIDEO_TERMINAL,SP_SERVER_NAME,PROTOCOL_TYPE,CHANNELS,YT_PROTOCOL_TYPE) values(261630, 4, 27630, '1007629', 'B0000804',1,'1076测试服务器','4',8,'0');
insert into V_VEHICLEINFO (ORG_CODE,VEHICLE_ID,ID_NUMBER,TYPE_ID,TERMINAL_ID,DELETE_FLAG,COLOR_ID_NUMBER_ID,AUTHORIZED_PAY_MASS) values ('B0000804','2601630', '测B07629', 4, 261630, 0, '2',15);

insert into T_SIMINFO (SIM_ID, ORG_CODE, DEPTCODE, STATE,PAY_MODLE, SIM_NUM) values(27631, 'B0000804', '中国移动', 1, '预付费', 13100007630);
insert into T_TERMINALINFO (TERMINAL_ID,TTYPE_ID,SIM_ID,TERMINAL_CODE,ORG_CODE,IS_VIDEO_TERMINAL,SP_SERVER_NAME,PROTOCOL_TYPE,CHANNELS,YT_PROTOCOL_TYPE) values(261631, 4, 27631, '1007630', 'B0000804',1,'1076测试服务器','4',8,'0');
insert into V_VEHICLEINFO (ORG_CODE,VEHICLE_ID,ID_NUMBER,TYPE_ID,TERMINAL_ID,DELETE_FLAG,COLOR_ID_NUMBER_ID,AUTHORIZED_PAY_MASS) values ('B0000804','2601631', '测B07630', 4, 261631, 0, '2',15);

insert into T_SIMINFO (SIM_ID, ORG_CODE, DEPTCODE, STATE,PAY_MODLE, SIM_NUM) values(27632, 'B0000804', '中国移动', 1, '预付费', 13100007631);
insert into T_TERMINALINFO (TERMINAL_ID,TTYPE_ID,SIM_ID,TERMINAL_CODE,ORG_CODE,IS_VIDEO_TERMINAL,SP_SERVER_NAME,PROTOCOL_TYPE,CHANNELS,YT_PROTOCOL_TYPE) values(261632, 4, 27632, '1007631', 'B0000804',1,'1076测试服务器','4',8,'0');
insert into V_VEHICLEINFO (ORG_CODE,VEHICLE_ID,ID_NUMBER,TYPE_ID,TERMINAL_ID,DELETE_FLAG,COLOR_ID_NUMBER_ID,AUTHORIZED_PAY_MASS) values ('B0000804','2601632', '测B07631', 4, 261632, 0, '2',15);

insert into T_SIMINFO (SIM_ID, ORG_CODE, DEPTCODE, STATE,PAY_MODLE, SIM_NUM) values(27633, 'B0000804', '中国移动', 1, '预付费', 13100007632);
insert into T_TERMINALINFO (TERMINAL_ID,TTYPE_ID,SIM_ID,TERMINAL_CODE,ORG_CODE,IS_VIDEO_TERMINAL,SP_SERVER_NAME,PROTOCOL_TYPE,CHANNELS,YT_PROTOCOL_TYPE) values(261633, 4, 27633, '1007632', 'B0000804',1,'1076测试服务器','4',8,'0');
insert into V_VEHICLEINFO (ORG_CODE,VEHICLE_ID,ID_NUMBER,TYPE_ID,TERMINAL_ID,DELETE_FLAG,COLOR_ID_NUMBER_ID,AUTHORIZED_PAY_MASS) values ('B0000804','2601633', '测B07632', 4, 261633, 0, '2',15);

insert into T_SIMINFO (SIM_ID, ORG_CODE, DEPTCODE, STATE,PAY_MODLE, SIM_NUM) values(27634, 'B0000804', '中国移动', 1, '预付费', 13100007633);
insert into T_TERMINALINFO (TERMINAL_ID,TTYPE_ID,SIM_ID,TERMINAL_CODE,ORG_CODE,IS_VIDEO_TERMINAL,SP_SERVER_NAME,PROTOCOL_TYPE,CHANNELS,YT_PROTOCOL_TYPE) values(261634, 4, 27634, '1007633', 'B0000804',1,'1076测试服务器','4',8,'0');
insert into V_VEHICLEINFO (ORG_CODE,VEHICLE_ID,ID_NUMBER,TYPE_ID,TERMINAL_ID,DELETE_FLAG,COLOR_ID_NUMBER_ID,AUTHORIZED_PAY_MASS) values ('B0000804','2601634', '测B07633', 4, 261634, 0, '2',15);

insert into T_SIMINFO (SIM_ID, ORG_CODE, DEPTCODE, STATE,PAY_MODLE, SIM_NUM) values(27635, 'B0000804', '中国移动', 1, '预付费', 13100007634);
insert into T_TERMINALINFO (TERMINAL_ID,TTYPE_ID,SIM_ID,TERMINAL_CODE,ORG_CODE,IS_VIDEO_TERMINAL,SP_SERVER_NAME,PROTOCOL_TYPE,CHANNELS,YT_PROTOCOL_TYPE) values(261635, 4, 27635, '1007634', 'B0000804',1,'1076测试服务器','4',8,'0');
insert into V_VEHICLEINFO (ORG_CODE,VEHICLE_ID,ID_NUMBER,TYPE_ID,TERMINAL_ID,DELETE_FLAG,COLOR_ID_NUMBER_ID,AUTHORIZED_PAY_MASS) values ('B0000804','2601635', '测B07634', 4, 261635, 0, '2',15);

insert into T_SIMINFO (SIM_ID, ORG_CODE, DEPTCODE, STATE,PAY_MODLE, SIM_NUM) values(27636, 'B0000804', '中国移动', 1, '预付费', 13100007635);
insert into T_TERMINALINFO (TERMINAL_ID,TTYPE_ID,SIM_ID,TERMINAL_CODE,ORG_CODE,IS_VIDEO_TERMINAL,SP_SERVER_NAME,PROTOCOL_TYPE,CHANNELS,YT_PROTOCOL_TYPE) values(261636, 4, 27636, '1007635', 'B0000804',1,'1076测试服务器','4',8,'0');
insert into V_VEHICLEINFO (ORG_CODE,VEHICLE_ID,ID_NUMBER,TYPE_ID,TERMINAL_ID,DELETE_FLAG,COLOR_ID_NUMBER_ID,AUTHORIZED_PAY_MASS) values ('B0000804','2601636', '测B07635', 4, 261636, 0, '2',15);

insert into T_SIMINFO (SIM_ID, ORG_CODE, DEPTCODE, STATE,PAY_MODLE, SIM_NUM) values(27637, 'B0000804', '中国移动', 1, '预付费', 13100007636);
insert into T_TERMINALINFO (TERMINAL_ID,TTYPE_ID,SIM_ID,TERMINAL_CODE,ORG_CODE,IS_VIDEO_TERMINAL,SP_SERVER_NAME,PROTOCOL_TYPE,CHANNELS,YT_PROTOCOL_TYPE) values(261637, 4, 27637, '1007636', 'B0000804',1,'1076测试服务器','4',8,'0');
insert into V_VEHICLEINFO (ORG_CODE,VEHICLE_ID,ID_NUMBER,TYPE_ID,TERMINAL_ID,DELETE_FLAG,COLOR_ID_NUMBER_ID,AUTHORIZED_PAY_MASS) values ('B0000804','2601637', '测B07636', 4, 261637, 0, '2',15);

insert into T_SIMINFO (SIM_ID, ORG_CODE, DEPTCODE, STATE,PAY_MODLE, SIM_NUM) values(27638, 'B0000804', '中国移动', 1, '预付费', 13100007637);
insert into T_TERMINALINFO (TERMINAL_ID,TTYPE_ID,SIM_ID,TERMINAL_CODE,ORG_CODE,IS_VIDEO_TERMINAL,SP_SERVER_NAME,PROTOCOL_TYPE,CHANNELS,YT_PROTOCOL_TYPE) values(261638, 4, 27638, '1007637', 'B0000804',1,'1076测试服务器','4',8,'0');
insert into V_VEHICLEINFO (ORG_CODE,VEHICLE_ID,ID_NUMBER,TYPE_ID,TERMINAL_ID,DELETE_FLAG,COLOR_ID_NUMBER_ID,AUTHORIZED_PAY_MASS) values ('B0000804','2601638', '测B07637', 4, 261638, 0, '2',15);

insert into T_SIMINFO (SIM_ID, ORG_CODE, DEPTCODE, STATE,PAY_MODLE, SIM_NUM) values(27639, 'B0000804', '中国移动', 1, '预付费', 13100007638);
insert into T_TERMINALINFO (TERMINAL_ID,TTYPE_ID,SIM_ID,TERMINAL_CODE,ORG_CODE,IS_VIDEO_TERMINAL,SP_SERVER_NAME,PROTOCOL_TYPE,CHANNELS,YT_PROTOCOL_TYPE) values(261639, 4, 27639, '1007638', 'B0000804',1,'1076测试服务器','4',8,'0');
insert into V_VEHICLEINFO (ORG_CODE,VEHICLE_ID,ID_NUMBER,TYPE_ID,TERMINAL_ID,DELETE_FLAG,COLOR_ID_NUMBER_ID,AUTHORIZED_PAY_MASS) values ('B0000804','2601639', '测B07638', 4, 261639, 0, '2',15);

insert into T_SIMINFO (SIM_ID, ORG_CODE, DEPTCODE, STATE,PAY_MODLE, SIM_NUM) values(27640, 'B0000804', '中国移动', 1, '预付费', 13100007639);
insert into T_TERMINALINFO (TERMINAL_ID,TTYPE_ID,SIM_ID,TERMINAL_CODE,ORG_CODE,IS_VIDEO_TERMINAL,SP_SERVER_NAME,PROTOCOL_TYPE,CHANNELS,YT_PROTOCOL_TYPE) values(261640, 4, 27640, '1007639', 'B0000804',1,'1076测试服务器','4',8,'0');
insert into V_VEHICLEINFO (ORG_CODE,VEHICLE_ID,ID_NUMBER,TYPE_ID,TERMINAL_ID,DELETE_FLAG,COLOR_ID_NUMBER_ID,AUTHORIZED_PAY_MASS) values ('B0000804','2601640', '测B07639', 4, 261640, 0, '2',15);

insert into T_SIMINFO (SIM_ID, ORG_CODE, DEPTCODE, STATE,PAY_MODLE, SIM_NUM) values(27641, 'B0000804', '中国移动', 1, '预付费', 13100007640);
insert into T_TERMINALINFO (TERMINAL_ID,TTYPE_ID,SIM_ID,TERMINAL_CODE,ORG_CODE,IS_VIDEO_TERMINAL,SP_SERVER_NAME,PROTOCOL_TYPE,CHANNELS,YT_PROTOCOL_TYPE) values(261641, 4, 27641, '1007640', 'B0000804',1,'1076测试服务器','4',8,'0');
insert into V_VEHICLEINFO (ORG_CODE,VEHICLE_ID,ID_NUMBER,TYPE_ID,TERMINAL_ID,DELETE_FLAG,COLOR_ID_NUMBER_ID,AUTHORIZED_PAY_MASS) values ('B0000804','2601641', '测B07640', 4, 261641, 0, '2',15);

insert into T_SIMINFO (SIM_ID, ORG_CODE, DEPTCODE, STATE,PAY_MODLE, SIM_NUM) values(27642, 'B0000804', '中国移动', 1, '预付费', 13100007641);
insert into T_TERMINALINFO (TERMINAL_ID,TTYPE_ID,SIM_ID,TERMINAL_CODE,ORG_CODE,IS_VIDEO_TERMINAL,SP_SERVER_NAME,PROTOCOL_TYPE,CHANNELS,YT_PROTOCOL_TYPE) values(261642, 4, 27642, '1007641', 'B0000804',1,'1076测试服务器','4',8,'0');
insert into V_VEHICLEINFO (ORG_CODE,VEHICLE_ID,ID_NUMBER,TYPE_ID,TERMINAL_ID,DELETE_FLAG,COLOR_ID_NUMBER_ID,AUTHORIZED_PAY_MASS) values ('B0000804','2601642', '测B07641', 4, 261642, 0, '2',15);

insert into T_SIMINFO (SIM_ID, ORG_CODE, DEPTCODE, STATE,PAY_MODLE, SIM_NUM) values(27643, 'B0000804', '中国移动', 1, '预付费', 13100007642);
insert into T_TERMINALINFO (TERMINAL_ID,TTYPE_ID,SIM_ID,TERMINAL_CODE,ORG_CODE,IS_VIDEO_TERMINAL,SP_SERVER_NAME,PROTOCOL_TYPE,CHANNELS,YT_PROTOCOL_TYPE) values(261643, 4, 27643, '1007642', 'B0000804',1,'1076测试服务器','4',8,'0');
insert into V_VEHICLEINFO (ORG_CODE,VEHICLE_ID,ID_NUMBER,TYPE_ID,TERMINAL_ID,DELETE_FLAG,COLOR_ID_NUMBER_ID,AUTHORIZED_PAY_MASS) values ('B0000804','2601643', '测B07642', 4, 261643, 0, '2',15);

insert into T_SIMINFO (SIM_ID, ORG_CODE, DEPTCODE, STATE,PAY_MODLE, SIM_NUM) values(27644, 'B0000804', '中国移动', 1, '预付费', 13100007643);
insert into T_TERMINALINFO (TERMINAL_ID,TTYPE_ID,SIM_ID,TERMINAL_CODE,ORG_CODE,IS_VIDEO_TERMINAL,SP_SERVER_NAME,PROTOCOL_TYPE,CHANNELS,YT_PROTOCOL_TYPE) values(261644, 4, 27644, '1007643', 'B0000804',1,'1076测试服务器','4',8,'0');
insert into V_VEHICLEINFO (ORG_CODE,VEHICLE_ID,ID_NUMBER,TYPE_ID,TERMINAL_ID,DELETE_FLAG,COLOR_ID_NUMBER_ID,AUTHORIZED_PAY_MASS) values ('B0000804','2601644', '测B07643', 4, 261644, 0, '2',15);

insert into T_SIMINFO (SIM_ID, ORG_CODE, DEPTCODE, STATE,PAY_MODLE, SIM_NUM) values(27645, 'B0000804', '中国移动', 1, '预付费', 13100007644);
insert into T_TERMINALINFO (TERMINAL_ID,TTYPE_ID,SIM_ID,TERMINAL_CODE,ORG_CODE,IS_VIDEO_TERMINAL,SP_SERVER_NAME,PROTOCOL_TYPE,CHANNELS,YT_PROTOCOL_TYPE) values(261645, 4, 27645, '1007644', 'B0000804',1,'1076测试服务器','4',8,'0');
insert into V_VEHICLEINFO (ORG_CODE,VEHICLE_ID,ID_NUMBER,TYPE_ID,TERMINAL_ID,DELETE_FLAG,COLOR_ID_NUMBER_ID,AUTHORIZED_PAY_MASS) values ('B0000804','2601645', '测B07644', 4, 261645, 0, '2',15);

insert into T_SIMINFO (SIM_ID, ORG_CODE, DEPTCODE, STATE,PAY_MODLE, SIM_NUM) values(27646, 'B0000804', '中国移动', 1, '预付费', 13100007645);
insert into T_TERMINALINFO (TERMINAL_ID,TTYPE_ID,SIM_ID,TERMINAL_CODE,ORG_CODE,IS_VIDEO_TERMINAL,SP_SERVER_NAME,PROTOCOL_TYPE,CHANNELS,YT_PROTOCOL_TYPE) values(261646, 4, 27646, '1007645', 'B0000804',1,'1076测试服务器','4',8,'0');
insert into V_VEHICLEINFO (ORG_CODE,VEHICLE_ID,ID_NUMBER,TYPE_ID,TERMINAL_ID,DELETE_FLAG,COLOR_ID_NUMBER_ID,AUTHORIZED_PAY_MASS) values ('B0000804','2601646', '测B07645', 4, 261646, 0, '2',15);

insert into T_SIMINFO (SIM_ID, ORG_CODE, DEPTCODE, STATE,PAY_MODLE, SIM_NUM) values(27647, 'B0000804', '中国移动', 1, '预付费', 13100007646);
insert into T_TERMINALINFO (TERMINAL_ID,TTYPE_ID,SIM_ID,TERMINAL_CODE,ORG_CODE,IS_VIDEO_TERMINAL,SP_SERVER_NAME,PROTOCOL_TYPE,CHANNELS,YT_PROTOCOL_TYPE) values(261647, 4, 27647, '1007646', 'B0000804',1,'1076测试服务器','4',8,'0');
insert into V_VEHICLEINFO (ORG_CODE,VEHICLE_ID,ID_NUMBER,TYPE_ID,TERMINAL_ID,DELETE_FLAG,COLOR_ID_NUMBER_ID,AUTHORIZED_PAY_MASS) values ('B0000804','2601647', '测B07646', 4, 261647, 0, '2',15);

insert into T_SIMINFO (SIM_ID, ORG_CODE, DEPTCODE, STATE,PAY_MODLE, SIM_NUM) values(27648, 'B0000804', '中国移动', 1, '预付费', 13100007647);
insert into T_TERMINALINFO (TERMINAL_ID,TTYPE_ID,SIM_ID,TERMINAL_CODE,ORG_CODE,IS_VIDEO_TERMINAL,SP_SERVER_NAME,PROTOCOL_TYPE,CHANNELS,YT_PROTOCOL_TYPE) values(261648, 4, 27648, '1007647', 'B0000804',1,'1076测试服务器','4',8,'0');
insert into V_VEHICLEINFO (ORG_CODE,VEHICLE_ID,ID_NUMBER,TYPE_ID,TERMINAL_ID,DELETE_FLAG,COLOR_ID_NUMBER_ID,AUTHORIZED_PAY_MASS) values ('B0000804','2601648', '测B07647', 4, 261648, 0, '2',15);

insert into T_SIMINFO (SIM_ID, ORG_CODE, DEPTCODE, STATE,PAY_MODLE, SIM_NUM) values(27649, 'B0000804', '中国移动', 1, '预付费', 13100007648);
insert into T_TERMINALINFO (TERMINAL_ID,TTYPE_ID,SIM_ID,TERMINAL_CODE,ORG_CODE,IS_VIDEO_TERMINAL,SP_SERVER_NAME,PROTOCOL_TYPE,CHANNELS,YT_PROTOCOL_TYPE) values(261649, 4, 27649, '1007648', 'B0000804',1,'1076测试服务器','4',8,'0');
insert into V_VEHICLEINFO (ORG_CODE,VEHICLE_ID,ID_NUMBER,TYPE_ID,TERMINAL_ID,DELETE_FLAG,COLOR_ID_NUMBER_ID,AUTHORIZED_PAY_MASS) values ('B0000804','2601649', '测B07648', 4, 261649, 0, '2',15);

insert into T_SIMINFO (SIM_ID, ORG_CODE, DEPTCODE, STATE,PAY_MODLE, SIM_NUM) values(27650, 'B0000804', '中国移动', 1, '预付费', 13100007649);
insert into T_TERMINALINFO (TERMINAL_ID,TTYPE_ID,SIM_ID,TERMINAL_CODE,ORG_CODE,IS_VIDEO_TERMINAL,SP_SERVER_NAME,PROTOCOL_TYPE,CHANNELS,YT_PROTOCOL_TYPE) values(261650, 4, 27650, '1007649', 'B0000804',1,'1076测试服务器','4',8,'0');
insert into V_VEHICLEINFO (ORG_CODE,VEHICLE_ID,ID_NUMBER,TYPE_ID,TERMINAL_ID,DELETE_FLAG,COLOR_ID_NUMBER_ID,AUTHORIZED_PAY_MASS) values ('B0000804','2601650', '测B07649', 4, 261650, 0, '2',15);

insert into T_SIMINFO (SIM_ID, ORG_CODE, DEPTCODE, STATE,PAY_MODLE, SIM_NUM) values(27651, 'B0000804', '中国移动', 1, '预付费', 13100007650);
insert into T_TERMINALINFO (TERMINAL_ID,TTYPE_ID,SIM_ID,TERMINAL_CODE,ORG_CODE,IS_VIDEO_TERMINAL,SP_SERVER_NAME,PROTOCOL_TYPE,CHANNELS,YT_PROTOCOL_TYPE) values(261651, 4, 27651, '1007650', 'B0000804',1,'1076测试服务器','4',8,'0');
insert into V_VEHICLEINFO (ORG_CODE,VEHICLE_ID,ID_NUMBER,TYPE_ID,TERMINAL_ID,DELETE_FLAG,COLOR_ID_NUMBER_ID,AUTHORIZED_PAY_MASS) values ('B0000804','2601651', '测B07650', 4, 261651, 0, '2',15);

insert into T_SIMINFO (SIM_ID, ORG_CODE, DEPTCODE, STATE,PAY_MODLE, SIM_NUM) values(27652, 'B0000804', '中国移动', 1, '预付费', 13100007651);
insert into T_TERMINALINFO (TERMINAL_ID,TTYPE_ID,SIM_ID,TERMINAL_CODE,ORG_CODE,IS_VIDEO_TERMINAL,SP_SERVER_NAME,PROTOCOL_TYPE,CHANNELS,YT_PROTOCOL_TYPE) values(261652, 4, 27652, '1007651', 'B0000804',1,'1076测试服务器','4',8,'0');
insert into V_VEHICLEINFO (ORG_CODE,VEHICLE_ID,ID_NUMBER,TYPE_ID,TERMINAL_ID,DELETE_FLAG,COLOR_ID_NUMBER_ID,AUTHORIZED_PAY_MASS) values ('B0000804','2601652', '测B07651', 4, 261652, 0, '2',15);

insert into T_SIMINFO (SIM_ID, ORG_CODE, DEPTCODE, STATE,PAY_MODLE, SIM_NUM) values(27653, 'B0000804', '中国移动', 1, '预付费', 13100007652);
insert into T_TERMINALINFO (TERMINAL_ID,TTYPE_ID,SIM_ID,TERMINAL_CODE,ORG_CODE,IS_VIDEO_TERMINAL,SP_SERVER_NAME,PROTOCOL_TYPE,CHANNELS,YT_PROTOCOL_TYPE) values(261653, 4, 27653, '1007652', 'B0000804',1,'1076测试服务器','4',8,'0');
insert into V_VEHICLEINFO (ORG_CODE,VEHICLE_ID,ID_NUMBER,TYPE_ID,TERMINAL_ID,DELETE_FLAG,COLOR_ID_NUMBER_ID,AUTHORIZED_PAY_MASS) values ('B0000804','2601653', '测B07652', 4, 261653, 0, '2',15);

insert into T_SIMINFO (SIM_ID, ORG_CODE, DEPTCODE, STATE,PAY_MODLE, SIM_NUM) values(27654, 'B0000804', '中国移动', 1, '预付费', 13100007653);
insert into T_TERMINALINFO (TERMINAL_ID,TTYPE_ID,SIM_ID,TERMINAL_CODE,ORG_CODE,IS_VIDEO_TERMINAL,SP_SERVER_NAME,PROTOCOL_TYPE,CHANNELS,YT_PROTOCOL_TYPE) values(261654, 4, 27654, '1007653', 'B0000804',1,'1076测试服务器','4',8,'0');
insert into V_VEHICLEINFO (ORG_CODE,VEHICLE_ID,ID_NUMBER,TYPE_ID,TERMINAL_ID,DELETE_FLAG,COLOR_ID_NUMBER_ID,AUTHORIZED_PAY_MASS) values ('B0000804','2601654', '测B07653', 4, 261654, 0, '2',15);

insert into T_SIMINFO (SIM_ID, ORG_CODE, DEPTCODE, STATE,PAY_MODLE, SIM_NUM) values(27655, 'B0000804', '中国移动', 1, '预付费', 13100007654);
insert into T_TERMINALINFO (TERMINAL_ID,TTYPE_ID,SIM_ID,TERMINAL_CODE,ORG_CODE,IS_VIDEO_TERMINAL,SP_SERVER_NAME,PROTOCOL_TYPE,CHANNELS,YT_PROTOCOL_TYPE) values(261655, 4, 27655, '1007654', 'B0000804',1,'1076测试服务器','4',8,'0');
insert into V_VEHICLEINFO (ORG_CODE,VEHICLE_ID,ID_NUMBER,TYPE_ID,TERMINAL_ID,DELETE_FLAG,COLOR_ID_NUMBER_ID,AUTHORIZED_PAY_MASS) values ('B0000804','2601655', '测B07654', 4, 261655, 0, '2',15);

insert into T_SIMINFO (SIM_ID, ORG_CODE, DEPTCODE, STATE,PAY_MODLE, SIM_NUM) values(27656, 'B0000804', '中国移动', 1, '预付费', 13100007655);
insert into T_TERMINALINFO (TERMINAL_ID,TTYPE_ID,SIM_ID,TERMINAL_CODE,ORG_CODE,IS_VIDEO_TERMINAL,SP_SERVER_NAME,PROTOCOL_TYPE,CHANNELS,YT_PROTOCOL_TYPE) values(261656, 4, 27656, '1007655', 'B0000804',1,'1076测试服务器','4',8,'0');
insert into V_VEHICLEINFO (ORG_CODE,VEHICLE_ID,ID_NUMBER,TYPE_ID,TERMINAL_ID,DELETE_FLAG,COLOR_ID_NUMBER_ID,AUTHORIZED_PAY_MASS) values ('B0000804','2601656', '测B07655', 4, 261656, 0, '2',15);

insert into T_SIMINFO (SIM_ID, ORG_CODE, DEPTCODE, STATE,PAY_MODLE, SIM_NUM) values(27657, 'B0000804', '中国移动', 1, '预付费', 13100007656);
insert into T_TERMINALINFO (TERMINAL_ID,TTYPE_ID,SIM_ID,TERMINAL_CODE,ORG_CODE,IS_VIDEO_TERMINAL,SP_SERVER_NAME,PROTOCOL_TYPE,CHANNELS,YT_PROTOCOL_TYPE) values(261657, 4, 27657, '1007656', 'B0000804',1,'1076测试服务器','4',8,'0');
insert into V_VEHICLEINFO (ORG_CODE,VEHICLE_ID,ID_NUMBER,TYPE_ID,TERMINAL_ID,DELETE_FLAG,COLOR_ID_NUMBER_ID,AUTHORIZED_PAY_MASS) values ('B0000804','2601657', '测B07656', 4, 261657, 0, '2',15);

insert into T_SIMINFO (SIM_ID, ORG_CODE, DEPTCODE, STATE,PAY_MODLE, SIM_NUM) values(27658, 'B0000804', '中国移动', 1, '预付费', 13100007657);
insert into T_TERMINALINFO (TERMINAL_ID,TTYPE_ID,SIM_ID,TERMINAL_CODE,ORG_CODE,IS_VIDEO_TERMINAL,SP_SERVER_NAME,PROTOCOL_TYPE,CHANNELS,YT_PROTOCOL_TYPE) values(261658, 4, 27658, '1007657', 'B0000804',1,'1076测试服务器','4',8,'0');
insert into V_VEHICLEINFO (ORG_CODE,VEHICLE_ID,ID_NUMBER,TYPE_ID,TERMINAL_ID,DELETE_FLAG,COLOR_ID_NUMBER_ID,AUTHORIZED_PAY_MASS) values ('B0000804','2601658', '测B07657', 4, 261658, 0, '2',15);

insert into T_SIMINFO (SIM_ID, ORG_CODE, DEPTCODE, STATE,PAY_MODLE, SIM_NUM) values(27659, 'B0000804', '中国移动', 1, '预付费', 13100007658);
insert into T_TERMINALINFO (TERMINAL_ID,TTYPE_ID,SIM_ID,TERMINAL_CODE,ORG_CODE,IS_VIDEO_TERMINAL,SP_SERVER_NAME,PROTOCOL_TYPE,CHANNELS,YT_PROTOCOL_TYPE) values(261659, 4, 27659, '1007658', 'B0000804',1,'1076测试服务器','4',8,'0');
insert into V_VEHICLEINFO (ORG_CODE,VEHICLE_ID,ID_NUMBER,TYPE_ID,TERMINAL_ID,DELETE_FLAG,COLOR_ID_NUMBER_ID,AUTHORIZED_PAY_MASS) values ('B0000804','2601659', '测B07658', 4, 261659, 0, '2',15);

insert into T_SIMINFO (SIM_ID, ORG_CODE, DEPTCODE, STATE,PAY_MODLE, SIM_NUM) values(27660, 'B0000804', '中国移动', 1, '预付费', 13100007659);
insert into T_TERMINALINFO (TERMINAL_ID,TTYPE_ID,SIM_ID,TERMINAL_CODE,ORG_CODE,IS_VIDEO_TERMINAL,SP_SERVER_NAME,PROTOCOL_TYPE,CHANNELS,YT_PROTOCOL_TYPE) values(261660, 4, 27660, '1007659', 'B0000804',1,'1076测试服务器','4',8,'0');
insert into V_VEHICLEINFO (ORG_CODE,VEHICLE_ID,ID_NUMBER,TYPE_ID,TERMINAL_ID,DELETE_FLAG,COLOR_ID_NUMBER_ID,AUTHORIZED_PAY_MASS) values ('B0000804','2601660', '测B07659', 4, 261660, 0, '2',15);

insert into T_SIMINFO (SIM_ID, ORG_CODE, DEPTCODE, STATE,PAY_MODLE, SIM_NUM) values(27661, 'B0000804', '中国移动', 1, '预付费', 13100007660);
insert into T_TERMINALINFO (TERMINAL_ID,TTYPE_ID,SIM_ID,TERMINAL_CODE,ORG_CODE,IS_VIDEO_TERMINAL,SP_SERVER_NAME,PROTOCOL_TYPE,CHANNELS,YT_PROTOCOL_TYPE) values(261661, 4, 27661, '1007660', 'B0000804',1,'1076测试服务器','4',8,'0');
insert into V_VEHICLEINFO (ORG_CODE,VEHICLE_ID,ID_NUMBER,TYPE_ID,TERMINAL_ID,DELETE_FLAG,COLOR_ID_NUMBER_ID,AUTHORIZED_PAY_MASS) values ('B0000804','2601661', '测B07660', 4, 261661, 0, '2',15);

insert into T_SIMINFO (SIM_ID, ORG_CODE, DEPTCODE, STATE,PAY_MODLE, SIM_NUM) values(27662, 'B0000804', '中国移动', 1, '预付费', 13100007661);
insert into T_TERMINALINFO (TERMINAL_ID,TTYPE_ID,SIM_ID,TERMINAL_CODE,ORG_CODE,IS_VIDEO_TERMINAL,SP_SERVER_NAME,PROTOCOL_TYPE,CHANNELS,YT_PROTOCOL_TYPE) values(261662, 4, 27662, '1007661', 'B0000804',1,'1076测试服务器','4',8,'0');
insert into V_VEHICLEINFO (ORG_CODE,VEHICLE_ID,ID_NUMBER,TYPE_ID,TERMINAL_ID,DELETE_FLAG,COLOR_ID_NUMBER_ID,AUTHORIZED_PAY_MASS) values ('B0000804','2601662', '测B07661', 4, 261662, 0, '2',15);

insert into T_SIMINFO (SIM_ID, ORG_CODE, DEPTCODE, STATE,PAY_MODLE, SIM_NUM) values(27663, 'B0000804', '中国移动', 1, '预付费', 13100007662);
insert into T_TERMINALINFO (TERMINAL_ID,TTYPE_ID,SIM_ID,TERMINAL_CODE,ORG_CODE,IS_VIDEO_TERMINAL,SP_SERVER_NAME,PROTOCOL_TYPE,CHANNELS,YT_PROTOCOL_TYPE) values(261663, 4, 27663, '1007662', 'B0000804',1,'1076测试服务器','4',8,'0');
insert into V_VEHICLEINFO (ORG_CODE,VEHICLE_ID,ID_NUMBER,TYPE_ID,TERMINAL_ID,DELETE_FLAG,COLOR_ID_NUMBER_ID,AUTHORIZED_PAY_MASS) values ('B0000804','2601663', '测B07662', 4, 261663, 0, '2',15);

insert into T_SIMINFO (SIM_ID, ORG_CODE, DEPTCODE, STATE,PAY_MODLE, SIM_NUM) values(27664, 'B0000804', '中国移动', 1, '预付费', 13100007663);
insert into T_TERMINALINFO (TERMINAL_ID,TTYPE_ID,SIM_ID,TERMINAL_CODE,ORG_CODE,IS_VIDEO_TERMINAL,SP_SERVER_NAME,PROTOCOL_TYPE,CHANNELS,YT_PROTOCOL_TYPE) values(261664, 4, 27664, '1007663', 'B0000804',1,'1076测试服务器','4',8,'0');
insert into V_VEHICLEINFO (ORG_CODE,VEHICLE_ID,ID_NUMBER,TYPE_ID,TERMINAL_ID,DELETE_FLAG,COLOR_ID_NUMBER_ID,AUTHORIZED_PAY_MASS) values ('B0000804','2601664', '测B07663', 4, 261664, 0, '2',15);

insert into T_SIMINFO (SIM_ID, ORG_CODE, DEPTCODE, STATE,PAY_MODLE, SIM_NUM) values(27665, 'B0000804', '中国移动', 1, '预付费', 13100007664);
insert into T_TERMINALINFO (TERMINAL_ID,TTYPE_ID,SIM_ID,TERMINAL_CODE,ORG_CODE,IS_VIDEO_TERMINAL,SP_SERVER_NAME,PROTOCOL_TYPE,CHANNELS,YT_PROTOCOL_TYPE) values(261665, 4, 27665, '1007664', 'B0000804',1,'1076测试服务器','4',8,'0');
insert into V_VEHICLEINFO (ORG_CODE,VEHICLE_ID,ID_NUMBER,TYPE_ID,TERMINAL_ID,DELETE_FLAG,COLOR_ID_NUMBER_ID,AUTHORIZED_PAY_MASS) values ('B0000804','2601665', '测B07664', 4, 261665, 0, '2',15);

insert into T_SIMINFO (SIM_ID, ORG_CODE, DEPTCODE, STATE,PAY_MODLE, SIM_NUM) values(27666, 'B0000804', '中国移动', 1, '预付费', 13100007665);
insert into T_TERMINALINFO (TERMINAL_ID,TTYPE_ID,SIM_ID,TERMINAL_CODE,ORG_CODE,IS_VIDEO_TERMINAL,SP_SERVER_NAME,PROTOCOL_TYPE,CHANNELS,YT_PROTOCOL_TYPE) values(261666, 4, 27666, '1007665', 'B0000804',1,'1076测试服务器','4',8,'0');
insert into V_VEHICLEINFO (ORG_CODE,VEHICLE_ID,ID_NUMBER,TYPE_ID,TERMINAL_ID,DELETE_FLAG,COLOR_ID_NUMBER_ID,AUTHORIZED_PAY_MASS) values ('B0000804','2601666', '测B07665', 4, 261666, 0, '2',15);

insert into T_SIMINFO (SIM_ID, ORG_CODE, DEPTCODE, STATE,PAY_MODLE, SIM_NUM) values(27667, 'B0000804', '中国移动', 1, '预付费', 13100007666);
insert into T_TERMINALINFO (TERMINAL_ID,TTYPE_ID,SIM_ID,TERMINAL_CODE,ORG_CODE,IS_VIDEO_TERMINAL,SP_SERVER_NAME,PROTOCOL_TYPE,CHANNELS,YT_PROTOCOL_TYPE) values(261667, 4, 27667, '1007666', 'B0000804',1,'1076测试服务器','4',8,'0');
insert into V_VEHICLEINFO (ORG_CODE,VEHICLE_ID,ID_NUMBER,TYPE_ID,TERMINAL_ID,DELETE_FLAG,COLOR_ID_NUMBER_ID,AUTHORIZED_PAY_MASS) values ('B0000804','2601667', '测B07666', 4, 261667, 0, '2',15);

insert into T_SIMINFO (SIM_ID, ORG_CODE, DEPTCODE, STATE,PAY_MODLE, SIM_NUM) values(27668, 'B0000804', '中国移动', 1, '预付费', 13100007667);
insert into T_TERMINALINFO (TERMINAL_ID,TTYPE_ID,SIM_ID,TERMINAL_CODE,ORG_CODE,IS_VIDEO_TERMINAL,SP_SERVER_NAME,PROTOCOL_TYPE,CHANNELS,YT_PROTOCOL_TYPE) values(261668, 4, 27668, '1007667', 'B0000804',1,'1076测试服务器','4',8,'0');
insert into V_VEHICLEINFO (ORG_CODE,VEHICLE_ID,ID_NUMBER,TYPE_ID,TERMINAL_ID,DELETE_FLAG,COLOR_ID_NUMBER_ID,AUTHORIZED_PAY_MASS) values ('B0000804','2601668', '测B07667', 4, 261668, 0, '2',15);

insert into T_SIMINFO (SIM_ID, ORG_CODE, DEPTCODE, STATE,PAY_MODLE, SIM_NUM) values(27669, 'B0000804', '中国移动', 1, '预付费', 13100007668);
insert into T_TERMINALINFO (TERMINAL_ID,TTYPE_ID,SIM_ID,TERMINAL_CODE,ORG_CODE,IS_VIDEO_TERMINAL,SP_SERVER_NAME,PROTOCOL_TYPE,CHANNELS,YT_PROTOCOL_TYPE) values(261669, 4, 27669, '1007668', 'B0000804',1,'1076测试服务器','4',8,'0');
insert into V_VEHICLEINFO (ORG_CODE,VEHICLE_ID,ID_NUMBER,TYPE_ID,TERMINAL_ID,DELETE_FLAG,COLOR_ID_NUMBER_ID,AUTHORIZED_PAY_MASS) values ('B0000804','2601669', '测B07668', 4, 261669, 0, '2',15);

insert into T_SIMINFO (SIM_ID, ORG_CODE, DEPTCODE, STATE,PAY_MODLE, SIM_NUM) values(27670, 'B0000804', '中国移动', 1, '预付费', 13100007669);
insert into T_TERMINALINFO (TERMINAL_ID,TTYPE_ID,SIM_ID,TERMINAL_CODE,ORG_CODE,IS_VIDEO_TERMINAL,SP_SERVER_NAME,PROTOCOL_TYPE,CHANNELS,YT_PROTOCOL_TYPE) values(261670, 4, 27670, '1007669', 'B0000804',1,'1076测试服务器','4',8,'0');
insert into V_VEHICLEINFO (ORG_CODE,VEHICLE_ID,ID_NUMBER,TYPE_ID,TERMINAL_ID,DELETE_FLAG,COLOR_ID_NUMBER_ID,AUTHORIZED_PAY_MASS) values ('B0000804','2601670', '测B07669', 4, 261670, 0, '2',15);

insert into T_SIMINFO (SIM_ID, ORG_CODE, DEPTCODE, STATE,PAY_MODLE, SIM_NUM) values(27671, 'B0000804', '中国移动', 1, '预付费', 13100007670);
insert into T_TERMINALINFO (TERMINAL_ID,TTYPE_ID,SIM_ID,TERMINAL_CODE,ORG_CODE,IS_VIDEO_TERMINAL,SP_SERVER_NAME,PROTOCOL_TYPE,CHANNELS,YT_PROTOCOL_TYPE) values(261671, 4, 27671, '1007670', 'B0000804',1,'1076测试服务器','4',8,'0');
insert into V_VEHICLEINFO (ORG_CODE,VEHICLE_ID,ID_NUMBER,TYPE_ID,TERMINAL_ID,DELETE_FLAG,COLOR_ID_NUMBER_ID,AUTHORIZED_PAY_MASS) values ('B0000804','2601671', '测B07670', 4, 261671, 0, '2',15);

insert into T_SIMINFO (SIM_ID, ORG_CODE, DEPTCODE, STATE,PAY_MODLE, SIM_NUM) values(27672, 'B0000804', '中国移动', 1, '预付费', 13100007671);
insert into T_TERMINALINFO (TERMINAL_ID,TTYPE_ID,SIM_ID,TERMINAL_CODE,ORG_CODE,IS_VIDEO_TERMINAL,SP_SERVER_NAME,PROTOCOL_TYPE,CHANNELS,YT_PROTOCOL_TYPE) values(261672, 4, 27672, '1007671', 'B0000804',1,'1076测试服务器','4',8,'0');
insert into V_VEHICLEINFO (ORG_CODE,VEHICLE_ID,ID_NUMBER,TYPE_ID,TERMINAL_ID,DELETE_FLAG,COLOR_ID_NUMBER_ID,AUTHORIZED_PAY_MASS) values ('B0000804','2601672', '测B07671', 4, 261672, 0, '2',15);

insert into T_SIMINFO (SIM_ID, ORG_CODE, DEPTCODE, STATE,PAY_MODLE, SIM_NUM) values(27673, 'B0000804', '中国移动', 1, '预付费', 13100007672);
insert into T_TERMINALINFO (TERMINAL_ID,TTYPE_ID,SIM_ID,TERMINAL_CODE,ORG_CODE,IS_VIDEO_TERMINAL,SP_SERVER_NAME,PROTOCOL_TYPE,CHANNELS,YT_PROTOCOL_TYPE) values(261673, 4, 27673, '1007672', 'B0000804',1,'1076测试服务器','4',8,'0');
insert into V_VEHICLEINFO (ORG_CODE,VEHICLE_ID,ID_NUMBER,TYPE_ID,TERMINAL_ID,DELETE_FLAG,COLOR_ID_NUMBER_ID,AUTHORIZED_PAY_MASS) values ('B0000804','2601673', '测B07672', 4, 261673, 0, '2',15);

insert into T_SIMINFO (SIM_ID, ORG_CODE, DEPTCODE, STATE,PAY_MODLE, SIM_NUM) values(27674, 'B0000804', '中国移动', 1, '预付费', 13100007673);
insert into T_TERMINALINFO (TERMINAL_ID,TTYPE_ID,SIM_ID,TERMINAL_CODE,ORG_CODE,IS_VIDEO_TERMINAL,SP_SERVER_NAME,PROTOCOL_TYPE,CHANNELS,YT_PROTOCOL_TYPE) values(261674, 4, 27674, '1007673', 'B0000804',1,'1076测试服务器','4',8,'0');
insert into V_VEHICLEINFO (ORG_CODE,VEHICLE_ID,ID_NUMBER,TYPE_ID,TERMINAL_ID,DELETE_FLAG,COLOR_ID_NUMBER_ID,AUTHORIZED_PAY_MASS) values ('B0000804','2601674', '测B07673', 4, 261674, 0, '2',15);

insert into T_SIMINFO (SIM_ID, ORG_CODE, DEPTCODE, STATE,PAY_MODLE, SIM_NUM) values(27675, 'B0000804', '中国移动', 1, '预付费', 13100007674);
insert into T_TERMINALINFO (TERMINAL_ID,TTYPE_ID,SIM_ID,TERMINAL_CODE,ORG_CODE,IS_VIDEO_TERMINAL,SP_SERVER_NAME,PROTOCOL_TYPE,CHANNELS,YT_PROTOCOL_TYPE) values(261675, 4, 27675, '1007674', 'B0000804',1,'1076测试服务器','4',8,'0');
insert into V_VEHICLEINFO (ORG_CODE,VEHICLE_ID,ID_NUMBER,TYPE_ID,TERMINAL_ID,DELETE_FLAG,COLOR_ID_NUMBER_ID,AUTHORIZED_PAY_MASS) values ('B0000804','2601675', '测B07674', 4, 261675, 0, '2',15);

insert into T_SIMINFO (SIM_ID, ORG_CODE, DEPTCODE, STATE,PAY_MODLE, SIM_NUM) values(27676, 'B0000804', '中国移动', 1, '预付费', 13100007675);
insert into T_TERMINALINFO (TERMINAL_ID,TTYPE_ID,SIM_ID,TERMINAL_CODE,ORG_CODE,IS_VIDEO_TERMINAL,SP_SERVER_NAME,PROTOCOL_TYPE,CHANNELS,YT_PROTOCOL_TYPE) values(261676, 4, 27676, '1007675', 'B0000804',1,'1076测试服务器','4',8,'0');
insert into V_VEHICLEINFO (ORG_CODE,VEHICLE_ID,ID_NUMBER,TYPE_ID,TERMINAL_ID,DELETE_FLAG,COLOR_ID_NUMBER_ID,AUTHORIZED_PAY_MASS) values ('B0000804','2601676', '测B07675', 4, 261676, 0, '2',15);

insert into T_SIMINFO (SIM_ID, ORG_CODE, DEPTCODE, STATE,PAY_MODLE, SIM_NUM) values(27677, 'B0000804', '中国移动', 1, '预付费', 13100007676);
insert into T_TERMINALINFO (TERMINAL_ID,TTYPE_ID,SIM_ID,TERMINAL_CODE,ORG_CODE,IS_VIDEO_TERMINAL,SP_SERVER_NAME,PROTOCOL_TYPE,CHANNELS,YT_PROTOCOL_TYPE) values(261677, 4, 27677, '1007676', 'B0000804',1,'1076测试服务器','4',8,'0');
insert into V_VEHICLEINFO (ORG_CODE,VEHICLE_ID,ID_NUMBER,TYPE_ID,TERMINAL_ID,DELETE_FLAG,COLOR_ID_NUMBER_ID,AUTHORIZED_PAY_MASS) values ('B0000804','2601677', '测B07676', 4, 261677, 0, '2',15);

insert into T_SIMINFO (SIM_ID, ORG_CODE, DEPTCODE, STATE,PAY_MODLE, SIM_NUM) values(27678, 'B0000804', '中国移动', 1, '预付费', 13100007677);
insert into T_TERMINALINFO (TERMINAL_ID,TTYPE_ID,SIM_ID,TERMINAL_CODE,ORG_CODE,IS_VIDEO_TERMINAL,SP_SERVER_NAME,PROTOCOL_TYPE,CHANNELS,YT_PROTOCOL_TYPE) values(261678, 4, 27678, '1007677', 'B0000804',1,'1076测试服务器','4',8,'0');
insert into V_VEHICLEINFO (ORG_CODE,VEHICLE_ID,ID_NUMBER,TYPE_ID,TERMINAL_ID,DELETE_FLAG,COLOR_ID_NUMBER_ID,AUTHORIZED_PAY_MASS) values ('B0000804','2601678', '测B07677', 4, 261678, 0, '2',15);

insert into T_SIMINFO (SIM_ID, ORG_CODE, DEPTCODE, STATE,PAY_MODLE, SIM_NUM) values(27679, 'B0000804', '中国移动', 1, '预付费', 13100007678);
insert into T_TERMINALINFO (TERMINAL_ID,TTYPE_ID,SIM_ID,TERMINAL_CODE,ORG_CODE,IS_VIDEO_TERMINAL,SP_SERVER_NAME,PROTOCOL_TYPE,CHANNELS,YT_PROTOCOL_TYPE) values(261679, 4, 27679, '1007678', 'B0000804',1,'1076测试服务器','4',8,'0');
insert into V_VEHICLEINFO (ORG_CODE,VEHICLE_ID,ID_NUMBER,TYPE_ID,TERMINAL_ID,DELETE_FLAG,COLOR_ID_NUMBER_ID,AUTHORIZED_PAY_MASS) values ('B0000804','2601679', '测B07678', 4, 261679, 0, '2',15);

insert into T_SIMINFO (SIM_ID, ORG_CODE, DEPTCODE, STATE,PAY_MODLE, SIM_NUM) values(27680, 'B0000804', '中国移动', 1, '预付费', 13100007679);
insert into T_TERMINALINFO (TERMINAL_ID,TTYPE_ID,SIM_ID,TERMINAL_CODE,ORG_CODE,IS_VIDEO_TERMINAL,SP_SERVER_NAME,PROTOCOL_TYPE,CHANNELS,YT_PROTOCOL_TYPE) values(261680, 4, 27680, '1007679', 'B0000804',1,'1076测试服务器','4',8,'0');
insert into V_VEHICLEINFO (ORG_CODE,VEHICLE_ID,ID_NUMBER,TYPE_ID,TERMINAL_ID,DELETE_FLAG,COLOR_ID_NUMBER_ID,AUTHORIZED_PAY_MASS) values ('B0000804','2601680', '测B07679', 4, 261680, 0, '2',15);

insert into T_SIMINFO (SIM_ID, ORG_CODE, DEPTCODE, STATE,PAY_MODLE, SIM_NUM) values(27681, 'B0000804', '中国移动', 1, '预付费', 13100007680);
insert into T_TERMINALINFO (TERMINAL_ID,TTYPE_ID,SIM_ID,TERMINAL_CODE,ORG_CODE,IS_VIDEO_TERMINAL,SP_SERVER_NAME,PROTOCOL_TYPE,CHANNELS,YT_PROTOCOL_TYPE) values(261681, 4, 27681, '1007680', 'B0000804',1,'1076测试服务器','4',8,'0');
insert into V_VEHICLEINFO (ORG_CODE,VEHICLE_ID,ID_NUMBER,TYPE_ID,TERMINAL_ID,DELETE_FLAG,COLOR_ID_NUMBER_ID,AUTHORIZED_PAY_MASS) values ('B0000804','2601681', '测B07680', 4, 261681, 0, '2',15);

insert into T_SIMINFO (SIM_ID, ORG_CODE, DEPTCODE, STATE,PAY_MODLE, SIM_NUM) values(27682, 'B0000804', '中国移动', 1, '预付费', 13100007681);
insert into T_TERMINALINFO (TERMINAL_ID,TTYPE_ID,SIM_ID,TERMINAL_CODE,ORG_CODE,IS_VIDEO_TERMINAL,SP_SERVER_NAME,PROTOCOL_TYPE,CHANNELS,YT_PROTOCOL_TYPE) values(261682, 4, 27682, '1007681', 'B0000804',1,'1076测试服务器','4',8,'0');
insert into V_VEHICLEINFO (ORG_CODE,VEHICLE_ID,ID_NUMBER,TYPE_ID,TERMINAL_ID,DELETE_FLAG,COLOR_ID_NUMBER_ID,AUTHORIZED_PAY_MASS) values ('B0000804','2601682', '测B07681', 4, 261682, 0, '2',15);

insert into T_SIMINFO (SIM_ID, ORG_CODE, DEPTCODE, STATE,PAY_MODLE, SIM_NUM) values(27683, 'B0000804', '中国移动', 1, '预付费', 13100007682);
insert into T_TERMINALINFO (TERMINAL_ID,TTYPE_ID,SIM_ID,TERMINAL_CODE,ORG_CODE,IS_VIDEO_TERMINAL,SP_SERVER_NAME,PROTOCOL_TYPE,CHANNELS,YT_PROTOCOL_TYPE) values(261683, 4, 27683, '1007682', 'B0000804',1,'1076测试服务器','4',8,'0');
insert into V_VEHICLEINFO (ORG_CODE,VEHICLE_ID,ID_NUMBER,TYPE_ID,TERMINAL_ID,DELETE_FLAG,COLOR_ID_NUMBER_ID,AUTHORIZED_PAY_MASS) values ('B0000804','2601683', '测B07682', 4, 261683, 0, '2',15);

insert into T_SIMINFO (SIM_ID, ORG_CODE, DEPTCODE, STATE,PAY_MODLE, SIM_NUM) values(27684, 'B0000804', '中国移动', 1, '预付费', 13100007683);
insert into T_TERMINALINFO (TERMINAL_ID,TTYPE_ID,SIM_ID,TERMINAL_CODE,ORG_CODE,IS_VIDEO_TERMINAL,SP_SERVER_NAME,PROTOCOL_TYPE,CHANNELS,YT_PROTOCOL_TYPE) values(261684, 4, 27684, '1007683', 'B0000804',1,'1076测试服务器','4',8,'0');
insert into V_VEHICLEINFO (ORG_CODE,VEHICLE_ID,ID_NUMBER,TYPE_ID,TERMINAL_ID,DELETE_FLAG,COLOR_ID_NUMBER_ID,AUTHORIZED_PAY_MASS) values ('B0000804','2601684', '测B07683', 4, 261684, 0, '2',15);

insert into T_SIMINFO (SIM_ID, ORG_CODE, DEPTCODE, STATE,PAY_MODLE, SIM_NUM) values(27685, 'B0000804', '中国移动', 1, '预付费', 13100007684);
insert into T_TERMINALINFO (TERMINAL_ID,TTYPE_ID,SIM_ID,TERMINAL_CODE,ORG_CODE,IS_VIDEO_TERMINAL,SP_SERVER_NAME,PROTOCOL_TYPE,CHANNELS,YT_PROTOCOL_TYPE) values(261685, 4, 27685, '1007684', 'B0000804',1,'1076测试服务器','4',8,'0');
insert into V_VEHICLEINFO (ORG_CODE,VEHICLE_ID,ID_NUMBER,TYPE_ID,TERMINAL_ID,DELETE_FLAG,COLOR_ID_NUMBER_ID,AUTHORIZED_PAY_MASS) values ('B0000804','2601685', '测B07684', 4, 261685, 0, '2',15);

insert into T_SIMINFO (SIM_ID, ORG_CODE, DEPTCODE, STATE,PAY_MODLE, SIM_NUM) values(27686, 'B0000804', '中国移动', 1, '预付费', 13100007685);
insert into T_TERMINALINFO (TERMINAL_ID,TTYPE_ID,SIM_ID,TERMINAL_CODE,ORG_CODE,IS_VIDEO_TERMINAL,SP_SERVER_NAME,PROTOCOL_TYPE,CHANNELS,YT_PROTOCOL_TYPE) values(261686, 4, 27686, '1007685', 'B0000804',1,'1076测试服务器','4',8,'0');
insert into V_VEHICLEINFO (ORG_CODE,VEHICLE_ID,ID_NUMBER,TYPE_ID,TERMINAL_ID,DELETE_FLAG,COLOR_ID_NUMBER_ID,AUTHORIZED_PAY_MASS) values ('B0000804','2601686', '测B07685', 4, 261686, 0, '2',15);

insert into T_SIMINFO (SIM_ID, ORG_CODE, DEPTCODE, STATE,PAY_MODLE, SIM_NUM) values(27687, 'B0000804', '中国移动', 1, '预付费', 13100007686);
insert into T_TERMINALINFO (TERMINAL_ID,TTYPE_ID,SIM_ID,TERMINAL_CODE,ORG_CODE,IS_VIDEO_TERMINAL,SP_SERVER_NAME,PROTOCOL_TYPE,CHANNELS,YT_PROTOCOL_TYPE) values(261687, 4, 27687, '1007686', 'B0000804',1,'1076测试服务器','4',8,'0');
insert into V_VEHICLEINFO (ORG_CODE,VEHICLE_ID,ID_NUMBER,TYPE_ID,TERMINAL_ID,DELETE_FLAG,COLOR_ID_NUMBER_ID,AUTHORIZED_PAY_MASS) values ('B0000804','2601687', '测B07686', 4, 261687, 0, '2',15);

insert into T_SIMINFO (SIM_ID, ORG_CODE, DEPTCODE, STATE,PAY_MODLE, SIM_NUM) values(27688, 'B0000804', '中国移动', 1, '预付费', 13100007687);
insert into T_TERMINALINFO (TERMINAL_ID,TTYPE_ID,SIM_ID,TERMINAL_CODE,ORG_CODE,IS_VIDEO_TERMINAL,SP_SERVER_NAME,PROTOCOL_TYPE,CHANNELS,YT_PROTOCOL_TYPE) values(261688, 4, 27688, '1007687', 'B0000804',1,'1076测试服务器','4',8,'0');
insert into V_VEHICLEINFO (ORG_CODE,VEHICLE_ID,ID_NUMBER,TYPE_ID,TERMINAL_ID,DELETE_FLAG,COLOR_ID_NUMBER_ID,AUTHORIZED_PAY_MASS) values ('B0000804','2601688', '测B07687', 4, 261688, 0, '2',15);

insert into T_SIMINFO (SIM_ID, ORG_CODE, DEPTCODE, STATE,PAY_MODLE, SIM_NUM) values(27689, 'B0000804', '中国移动', 1, '预付费', 13100007688);
insert into T_TERMINALINFO (TERMINAL_ID,TTYPE_ID,SIM_ID,TERMINAL_CODE,ORG_CODE,IS_VIDEO_TERMINAL,SP_SERVER_NAME,PROTOCOL_TYPE,CHANNELS,YT_PROTOCOL_TYPE) values(261689, 4, 27689, '1007688', 'B0000804',1,'1076测试服务器','4',8,'0');
insert into V_VEHICLEINFO (ORG_CODE,VEHICLE_ID,ID_NUMBER,TYPE_ID,TERMINAL_ID,DELETE_FLAG,COLOR_ID_NUMBER_ID,AUTHORIZED_PAY_MASS) values ('B0000804','2601689', '测B07688', 4, 261689, 0, '2',15);

insert into T_SIMINFO (SIM_ID, ORG_CODE, DEPTCODE, STATE,PAY_MODLE, SIM_NUM) values(27690, 'B0000804', '中国移动', 1, '预付费', 13100007689);
insert into T_TERMINALINFO (TERMINAL_ID,TTYPE_ID,SIM_ID,TERMINAL_CODE,ORG_CODE,IS_VIDEO_TERMINAL,SP_SERVER_NAME,PROTOCOL_TYPE,CHANNELS,YT_PROTOCOL_TYPE) values(261690, 4, 27690, '1007689', 'B0000804',1,'1076测试服务器','4',8,'0');
insert into V_VEHICLEINFO (ORG_CODE,VEHICLE_ID,ID_NUMBER,TYPE_ID,TERMINAL_ID,DELETE_FLAG,COLOR_ID_NUMBER_ID,AUTHORIZED_PAY_MASS) values ('B0000804','2601690', '测B07689', 4, 261690, 0, '2',15);

insert into T_SIMINFO (SIM_ID, ORG_CODE, DEPTCODE, STATE,PAY_MODLE, SIM_NUM) values(27691, 'B0000804', '中国移动', 1, '预付费', 13100007690);
insert into T_TERMINALINFO (TERMINAL_ID,TTYPE_ID,SIM_ID,TERMINAL_CODE,ORG_CODE,IS_VIDEO_TERMINAL,SP_SERVER_NAME,PROTOCOL_TYPE,CHANNELS,YT_PROTOCOL_TYPE) values(261691, 4, 27691, '1007690', 'B0000804',1,'1076测试服务器','4',8,'0');
insert into V_VEHICLEINFO (ORG_CODE,VEHICLE_ID,ID_NUMBER,TYPE_ID,TERMINAL_ID,DELETE_FLAG,COLOR_ID_NUMBER_ID,AUTHORIZED_PAY_MASS) values ('B0000804','2601691', '测B07690', 4, 261691, 0, '2',15);

insert into T_SIMINFO (SIM_ID, ORG_CODE, DEPTCODE, STATE,PAY_MODLE, SIM_NUM) values(27692, 'B0000804', '中国移动', 1, '预付费', 13100007691);
insert into T_TERMINALINFO (TERMINAL_ID,TTYPE_ID,SIM_ID,TERMINAL_CODE,ORG_CODE,IS_VIDEO_TERMINAL,SP_SERVER_NAME,PROTOCOL_TYPE,CHANNELS,YT_PROTOCOL_TYPE) values(261692, 4, 27692, '1007691', 'B0000804',1,'1076测试服务器','4',8,'0');
insert into V_VEHICLEINFO (ORG_CODE,VEHICLE_ID,ID_NUMBER,TYPE_ID,TERMINAL_ID,DELETE_FLAG,COLOR_ID_NUMBER_ID,AUTHORIZED_PAY_MASS) values ('B0000804','2601692', '测B07691', 4, 261692, 0, '2',15);

insert into T_SIMINFO (SIM_ID, ORG_CODE, DEPTCODE, STATE,PAY_MODLE, SIM_NUM) values(27693, 'B0000804', '中国移动', 1, '预付费', 13100007692);
insert into T_TERMINALINFO (TERMINAL_ID,TTYPE_ID,SIM_ID,TERMINAL_CODE,ORG_CODE,IS_VIDEO_TERMINAL,SP_SERVER_NAME,PROTOCOL_TYPE,CHANNELS,YT_PROTOCOL_TYPE) values(261693, 4, 27693, '1007692', 'B0000804',1,'1076测试服务器','4',8,'0');
insert into V_VEHICLEINFO (ORG_CODE,VEHICLE_ID,ID_NUMBER,TYPE_ID,TERMINAL_ID,DELETE_FLAG,COLOR_ID_NUMBER_ID,AUTHORIZED_PAY_MASS) values ('B0000804','2601693', '测B07692', 4, 261693, 0, '2',15);

insert into T_SIMINFO (SIM_ID, ORG_CODE, DEPTCODE, STATE,PAY_MODLE, SIM_NUM) values(27694, 'B0000804', '中国移动', 1, '预付费', 13100007693);
insert into T_TERMINALINFO (TERMINAL_ID,TTYPE_ID,SIM_ID,TERMINAL_CODE,ORG_CODE,IS_VIDEO_TERMINAL,SP_SERVER_NAME,PROTOCOL_TYPE,CHANNELS,YT_PROTOCOL_TYPE) values(261694, 4, 27694, '1007693', 'B0000804',1,'1076测试服务器','4',8,'0');
insert into V_VEHICLEINFO (ORG_CODE,VEHICLE_ID,ID_NUMBER,TYPE_ID,TERMINAL_ID,DELETE_FLAG,COLOR_ID_NUMBER_ID,AUTHORIZED_PAY_MASS) values ('B0000804','2601694', '测B07693', 4, 261694, 0, '2',15);

insert into T_SIMINFO (SIM_ID, ORG_CODE, DEPTCODE, STATE,PAY_MODLE, SIM_NUM) values(27695, 'B0000804', '中国移动', 1, '预付费', 13100007694);
insert into T_TERMINALINFO (TERMINAL_ID,TTYPE_ID,SIM_ID,TERMINAL_CODE,ORG_CODE,IS_VIDEO_TERMINAL,SP_SERVER_NAME,PROTOCOL_TYPE,CHANNELS,YT_PROTOCOL_TYPE) values(261695, 4, 27695, '1007694', 'B0000804',1,'1076测试服务器','4',8,'0');
insert into V_VEHICLEINFO (ORG_CODE,VEHICLE_ID,ID_NUMBER,TYPE_ID,TERMINAL_ID,DELETE_FLAG,COLOR_ID_NUMBER_ID,AUTHORIZED_PAY_MASS) values ('B0000804','2601695', '测B07694', 4, 261695, 0, '2',15);

insert into T_SIMINFO (SIM_ID, ORG_CODE, DEPTCODE, STATE,PAY_MODLE, SIM_NUM) values(27696, 'B0000804', '中国移动', 1, '预付费', 13100007695);
insert into T_TERMINALINFO (TERMINAL_ID,TTYPE_ID,SIM_ID,TERMINAL_CODE,ORG_CODE,IS_VIDEO_TERMINAL,SP_SERVER_NAME,PROTOCOL_TYPE,CHANNELS,YT_PROTOCOL_TYPE) values(261696, 4, 27696, '1007695', 'B0000804',1,'1076测试服务器','4',8,'0');
insert into V_VEHICLEINFO (ORG_CODE,VEHICLE_ID,ID_NUMBER,TYPE_ID,TERMINAL_ID,DELETE_FLAG,COLOR_ID_NUMBER_ID,AUTHORIZED_PAY_MASS) values ('B0000804','2601696', '测B07695', 4, 261696, 0, '2',15);

insert into T_SIMINFO (SIM_ID, ORG_CODE, DEPTCODE, STATE,PAY_MODLE, SIM_NUM) values(27697, 'B0000804', '中国移动', 1, '预付费', 13100007696);
insert into T_TERMINALINFO (TERMINAL_ID,TTYPE_ID,SIM_ID,TERMINAL_CODE,ORG_CODE,IS_VIDEO_TERMINAL,SP_SERVER_NAME,PROTOCOL_TYPE,CHANNELS,YT_PROTOCOL_TYPE) values(261697, 4, 27697, '1007696', 'B0000804',1,'1076测试服务器','4',8,'0');
insert into V_VEHICLEINFO (ORG_CODE,VEHICLE_ID,ID_NUMBER,TYPE_ID,TERMINAL_ID,DELETE_FLAG,COLOR_ID_NUMBER_ID,AUTHORIZED_PAY_MASS) values ('B0000804','2601697', '测B07696', 4, 261697, 0, '2',15);

insert into T_SIMINFO (SIM_ID, ORG_CODE, DEPTCODE, STATE,PAY_MODLE, SIM_NUM) values(27698, 'B0000804', '中国移动', 1, '预付费', 13100007697);
insert into T_TERMINALINFO (TERMINAL_ID,TTYPE_ID,SIM_ID,TERMINAL_CODE,ORG_CODE,IS_VIDEO_TERMINAL,SP_SERVER_NAME,PROTOCOL_TYPE,CHANNELS,YT_PROTOCOL_TYPE) values(261698, 4, 27698, '1007697', 'B0000804',1,'1076测试服务器','4',8,'0');
insert into V_VEHICLEINFO (ORG_CODE,VEHICLE_ID,ID_NUMBER,TYPE_ID,TERMINAL_ID,DELETE_FLAG,COLOR_ID_NUMBER_ID,AUTHORIZED_PAY_MASS) values ('B0000804','2601698', '测B07697', 4, 261698, 0, '2',15);

insert into T_SIMINFO (SIM_ID, ORG_CODE, DEPTCODE, STATE,PAY_MODLE, SIM_NUM) values(27699, 'B0000804', '中国移动', 1, '预付费', 13100007698);
insert into T_TERMINALINFO (TERMINAL_ID,TTYPE_ID,SIM_ID,TERMINAL_CODE,ORG_CODE,IS_VIDEO_TERMINAL,SP_SERVER_NAME,PROTOCOL_TYPE,CHANNELS,YT_PROTOCOL_TYPE) values(261699, 4, 27699, '1007698', 'B0000804',1,'1076测试服务器','4',8,'0');
insert into V_VEHICLEINFO (ORG_CODE,VEHICLE_ID,ID_NUMBER,TYPE_ID,TERMINAL_ID,DELETE_FLAG,COLOR_ID_NUMBER_ID,AUTHORIZED_PAY_MASS) values ('B0000804','2601699', '测B07698', 4, 261699, 0, '2',15);

insert into T_SIMINFO (SIM_ID, ORG_CODE, DEPTCODE, STATE,PAY_MODLE, SIM_NUM) values(27700, 'B0000804', '中国移动', 1, '预付费', 13100007699);
insert into T_TERMINALINFO (TERMINAL_ID,TTYPE_ID,SIM_ID,TERMINAL_CODE,ORG_CODE,IS_VIDEO_TERMINAL,SP_SERVER_NAME,PROTOCOL_TYPE,CHANNELS,YT_PROTOCOL_TYPE) values(261700, 4, 27700, '1007699', 'B0000804',1,'1076测试服务器','4',8,'0');
insert into V_VEHICLEINFO (ORG_CODE,VEHICLE_ID,ID_NUMBER,TYPE_ID,TERMINAL_ID,DELETE_FLAG,COLOR_ID_NUMBER_ID,AUTHORIZED_PAY_MASS) values ('B0000804','2601700', '测B07699', 4, 261700, 0, '2',15);

insert into T_SIMINFO (SIM_ID, ORG_CODE, DEPTCODE, STATE,PAY_MODLE, SIM_NUM) values(27701, 'B0000804', '中国移动', 1, '预付费', 13100007700);
insert into T_TERMINALINFO (TERMINAL_ID,TTYPE_ID,SIM_ID,TERMINAL_CODE,ORG_CODE,IS_VIDEO_TERMINAL,SP_SERVER_NAME,PROTOCOL_TYPE,CHANNELS,YT_PROTOCOL_TYPE) values(261701, 4, 27701, '1007700', 'B0000804',1,'1076测试服务器','4',8,'0');
insert into V_VEHICLEINFO (ORG_CODE,VEHICLE_ID,ID_NUMBER,TYPE_ID,TERMINAL_ID,DELETE_FLAG,COLOR_ID_NUMBER_ID,AUTHORIZED_PAY_MASS) values ('B0000804','2601701', '测B07700', 4, 261701, 0, '2',15);

insert into T_SIMINFO (SIM_ID, ORG_CODE, DEPTCODE, STATE,PAY_MODLE, SIM_NUM) values(27702, 'B0000804', '中国移动', 1, '预付费', 13100007701);
insert into T_TERMINALINFO (TERMINAL_ID,TTYPE_ID,SIM_ID,TERMINAL_CODE,ORG_CODE,IS_VIDEO_TERMINAL,SP_SERVER_NAME,PROTOCOL_TYPE,CHANNELS,YT_PROTOCOL_TYPE) values(261702, 4, 27702, '1007701', 'B0000804',1,'1076测试服务器','4',8,'0');
insert into V_VEHICLEINFO (ORG_CODE,VEHICLE_ID,ID_NUMBER,TYPE_ID,TERMINAL_ID,DELETE_FLAG,COLOR_ID_NUMBER_ID,AUTHORIZED_PAY_MASS) values ('B0000804','2601702', '测B07701', 4, 261702, 0, '2',15);

insert into T_SIMINFO (SIM_ID, ORG_CODE, DEPTCODE, STATE,PAY_MODLE, SIM_NUM) values(27703, 'B0000804', '中国移动', 1, '预付费', 13100007702);
insert into T_TERMINALINFO (TERMINAL_ID,TTYPE_ID,SIM_ID,TERMINAL_CODE,ORG_CODE,IS_VIDEO_TERMINAL,SP_SERVER_NAME,PROTOCOL_TYPE,CHANNELS,YT_PROTOCOL_TYPE) values(261703, 4, 27703, '1007702', 'B0000804',1,'1076测试服务器','4',8,'0');
insert into V_VEHICLEINFO (ORG_CODE,VEHICLE_ID,ID_NUMBER,TYPE_ID,TERMINAL_ID,DELETE_FLAG,COLOR_ID_NUMBER_ID,AUTHORIZED_PAY_MASS) values ('B0000804','2601703', '测B07702', 4, 261703, 0, '2',15);

insert into T_SIMINFO (SIM_ID, ORG_CODE, DEPTCODE, STATE,PAY_MODLE, SIM_NUM) values(27704, 'B0000804', '中国移动', 1, '预付费', 13100007703);
insert into T_TERMINALINFO (TERMINAL_ID,TTYPE_ID,SIM_ID,TERMINAL_CODE,ORG_CODE,IS_VIDEO_TERMINAL,SP_SERVER_NAME,PROTOCOL_TYPE,CHANNELS,YT_PROTOCOL_TYPE) values(261704, 4, 27704, '1007703', 'B0000804',1,'1076测试服务器','4',8,'0');
insert into V_VEHICLEINFO (ORG_CODE,VEHICLE_ID,ID_NUMBER,TYPE_ID,TERMINAL_ID,DELETE_FLAG,COLOR_ID_NUMBER_ID,AUTHORIZED_PAY_MASS) values ('B0000804','2601704', '测B07703', 4, 261704, 0, '2',15);

insert into T_SIMINFO (SIM_ID, ORG_CODE, DEPTCODE, STATE,PAY_MODLE, SIM_NUM) values(27705, 'B0000804', '中国移动', 1, '预付费', 13100007704);
insert into T_TERMINALINFO (TERMINAL_ID,TTYPE_ID,SIM_ID,TERMINAL_CODE,ORG_CODE,IS_VIDEO_TERMINAL,SP_SERVER_NAME,PROTOCOL_TYPE,CHANNELS,YT_PROTOCOL_TYPE) values(261705, 4, 27705, '1007704', 'B0000804',1,'1076测试服务器','4',8,'0');
insert into V_VEHICLEINFO (ORG_CODE,VEHICLE_ID,ID_NUMBER,TYPE_ID,TERMINAL_ID,DELETE_FLAG,COLOR_ID_NUMBER_ID,AUTHORIZED_PAY_MASS) values ('B0000804','2601705', '测B07704', 4, 261705, 0, '2',15);

insert into T_SIMINFO (SIM_ID, ORG_CODE, DEPTCODE, STATE,PAY_MODLE, SIM_NUM) values(27706, 'B0000804', '中国移动', 1, '预付费', 13100007705);
insert into T_TERMINALINFO (TERMINAL_ID,TTYPE_ID,SIM_ID,TERMINAL_CODE,ORG_CODE,IS_VIDEO_TERMINAL,SP_SERVER_NAME,PROTOCOL_TYPE,CHANNELS,YT_PROTOCOL_TYPE) values(261706, 4, 27706, '1007705', 'B0000804',1,'1076测试服务器','4',8,'0');
insert into V_VEHICLEINFO (ORG_CODE,VEHICLE_ID,ID_NUMBER,TYPE_ID,TERMINAL_ID,DELETE_FLAG,COLOR_ID_NUMBER_ID,AUTHORIZED_PAY_MASS) values ('B0000804','2601706', '测B07705', 4, 261706, 0, '2',15);

insert into T_SIMINFO (SIM_ID, ORG_CODE, DEPTCODE, STATE,PAY_MODLE, SIM_NUM) values(27707, 'B0000804', '中国移动', 1, '预付费', 13100007706);
insert into T_TERMINALINFO (TERMINAL_ID,TTYPE_ID,SIM_ID,TERMINAL_CODE,ORG_CODE,IS_VIDEO_TERMINAL,SP_SERVER_NAME,PROTOCOL_TYPE,CHANNELS,YT_PROTOCOL_TYPE) values(261707, 4, 27707, '1007706', 'B0000804',1,'1076测试服务器','4',8,'0');
insert into V_VEHICLEINFO (ORG_CODE,VEHICLE_ID,ID_NUMBER,TYPE_ID,TERMINAL_ID,DELETE_FLAG,COLOR_ID_NUMBER_ID,AUTHORIZED_PAY_MASS) values ('B0000804','2601707', '测B07706', 4, 261707, 0, '2',15);

insert into T_SIMINFO (SIM_ID, ORG_CODE, DEPTCODE, STATE,PAY_MODLE, SIM_NUM) values(27708, 'B0000804', '中国移动', 1, '预付费', 13100007707);
insert into T_TERMINALINFO (TERMINAL_ID,TTYPE_ID,SIM_ID,TERMINAL_CODE,ORG_CODE,IS_VIDEO_TERMINAL,SP_SERVER_NAME,PROTOCOL_TYPE,CHANNELS,YT_PROTOCOL_TYPE) values(261708, 4, 27708, '1007707', 'B0000804',1,'1076测试服务器','4',8,'0');
insert into V_VEHICLEINFO (ORG_CODE,VEHICLE_ID,ID_NUMBER,TYPE_ID,TERMINAL_ID,DELETE_FLAG,COLOR_ID_NUMBER_ID,AUTHORIZED_PAY_MASS) values ('B0000804','2601708', '测B07707', 4, 261708, 0, '2',15);

insert into T_SIMINFO (SIM_ID, ORG_CODE, DEPTCODE, STATE,PAY_MODLE, SIM_NUM) values(27709, 'B0000804', '中国移动', 1, '预付费', 13100007708);
insert into T_TERMINALINFO (TERMINAL_ID,TTYPE_ID,SIM_ID,TERMINAL_CODE,ORG_CODE,IS_VIDEO_TERMINAL,SP_SERVER_NAME,PROTOCOL_TYPE,CHANNELS,YT_PROTOCOL_TYPE) values(261709, 4, 27709, '1007708', 'B0000804',1,'1076测试服务器','4',8,'0');
insert into V_VEHICLEINFO (ORG_CODE,VEHICLE_ID,ID_NUMBER,TYPE_ID,TERMINAL_ID,DELETE_FLAG,COLOR_ID_NUMBER_ID,AUTHORIZED_PAY_MASS) values ('B0000804','2601709', '测B07708', 4, 261709, 0, '2',15);

insert into T_SIMINFO (SIM_ID, ORG_CODE, DEPTCODE, STATE,PAY_MODLE, SIM_NUM) values(27710, 'B0000804', '中国移动', 1, '预付费', 13100007709);
insert into T_TERMINALINFO (TERMINAL_ID,TTYPE_ID,SIM_ID,TERMINAL_CODE,ORG_CODE,IS_VIDEO_TERMINAL,SP_SERVER_NAME,PROTOCOL_TYPE,CHANNELS,YT_PROTOCOL_TYPE) values(261710, 4, 27710, '1007709', 'B0000804',1,'1076测试服务器','4',8,'0');
insert into V_VEHICLEINFO (ORG_CODE,VEHICLE_ID,ID_NUMBER,TYPE_ID,TERMINAL_ID,DELETE_FLAG,COLOR_ID_NUMBER_ID,AUTHORIZED_PAY_MASS) values ('B0000804','2601710', '测B07709', 4, 261710, 0, '2',15);

insert into T_SIMINFO (SIM_ID, ORG_CODE, DEPTCODE, STATE,PAY_MODLE, SIM_NUM) values(27711, 'B0000804', '中国移动', 1, '预付费', 13100007710);
insert into T_TERMINALINFO (TERMINAL_ID,TTYPE_ID,SIM_ID,TERMINAL_CODE,ORG_CODE,IS_VIDEO_TERMINAL,SP_SERVER_NAME,PROTOCOL_TYPE,CHANNELS,YT_PROTOCOL_TYPE) values(261711, 4, 27711, '1007710', 'B0000804',1,'1076测试服务器','4',8,'0');
insert into V_VEHICLEINFO (ORG_CODE,VEHICLE_ID,ID_NUMBER,TYPE_ID,TERMINAL_ID,DELETE_FLAG,COLOR_ID_NUMBER_ID,AUTHORIZED_PAY_MASS) values ('B0000804','2601711', '测B07710', 4, 261711, 0, '2',15);

insert into T_SIMINFO (SIM_ID, ORG_CODE, DEPTCODE, STATE,PAY_MODLE, SIM_NUM) values(27712, 'B0000804', '中国移动', 1, '预付费', 13100007711);
insert into T_TERMINALINFO (TERMINAL_ID,TTYPE_ID,SIM_ID,TERMINAL_CODE,ORG_CODE,IS_VIDEO_TERMINAL,SP_SERVER_NAME,PROTOCOL_TYPE,CHANNELS,YT_PROTOCOL_TYPE) values(261712, 4, 27712, '1007711', 'B0000804',1,'1076测试服务器','4',8,'0');
insert into V_VEHICLEINFO (ORG_CODE,VEHICLE_ID,ID_NUMBER,TYPE_ID,TERMINAL_ID,DELETE_FLAG,COLOR_ID_NUMBER_ID,AUTHORIZED_PAY_MASS) values ('B0000804','2601712', '测B07711', 4, 261712, 0, '2',15);

insert into T_SIMINFO (SIM_ID, ORG_CODE, DEPTCODE, STATE,PAY_MODLE, SIM_NUM) values(27713, 'B0000804', '中国移动', 1, '预付费', 13100007712);
insert into T_TERMINALINFO (TERMINAL_ID,TTYPE_ID,SIM_ID,TERMINAL_CODE,ORG_CODE,IS_VIDEO_TERMINAL,SP_SERVER_NAME,PROTOCOL_TYPE,CHANNELS,YT_PROTOCOL_TYPE) values(261713, 4, 27713, '1007712', 'B0000804',1,'1076测试服务器','4',8,'0');
insert into V_VEHICLEINFO (ORG_CODE,VEHICLE_ID,ID_NUMBER,TYPE_ID,TERMINAL_ID,DELETE_FLAG,COLOR_ID_NUMBER_ID,AUTHORIZED_PAY_MASS) values ('B0000804','2601713', '测B07712', 4, 261713, 0, '2',15);

insert into T_SIMINFO (SIM_ID, ORG_CODE, DEPTCODE, STATE,PAY_MODLE, SIM_NUM) values(27714, 'B0000804', '中国移动', 1, '预付费', 13100007713);
insert into T_TERMINALINFO (TERMINAL_ID,TTYPE_ID,SIM_ID,TERMINAL_CODE,ORG_CODE,IS_VIDEO_TERMINAL,SP_SERVER_NAME,PROTOCOL_TYPE,CHANNELS,YT_PROTOCOL_TYPE) values(261714, 4, 27714, '1007713', 'B0000804',1,'1076测试服务器','4',8,'0');
insert into V_VEHICLEINFO (ORG_CODE,VEHICLE_ID,ID_NUMBER,TYPE_ID,TERMINAL_ID,DELETE_FLAG,COLOR_ID_NUMBER_ID,AUTHORIZED_PAY_MASS) values ('B0000804','2601714', '测B07713', 4, 261714, 0, '2',15);

insert into T_SIMINFO (SIM_ID, ORG_CODE, DEPTCODE, STATE,PAY_MODLE, SIM_NUM) values(27715, 'B0000804', '中国移动', 1, '预付费', 13100007714);
insert into T_TERMINALINFO (TERMINAL_ID,TTYPE_ID,SIM_ID,TERMINAL_CODE,ORG_CODE,IS_VIDEO_TERMINAL,SP_SERVER_NAME,PROTOCOL_TYPE,CHANNELS,YT_PROTOCOL_TYPE) values(261715, 4, 27715, '1007714', 'B0000804',1,'1076测试服务器','4',8,'0');
insert into V_VEHICLEINFO (ORG_CODE,VEHICLE_ID,ID_NUMBER,TYPE_ID,TERMINAL_ID,DELETE_FLAG,COLOR_ID_NUMBER_ID,AUTHORIZED_PAY_MASS) values ('B0000804','2601715', '测B07714', 4, 261715, 0, '2',15);

insert into T_SIMINFO (SIM_ID, ORG_CODE, DEPTCODE, STATE,PAY_MODLE, SIM_NUM) values(27716, 'B0000804', '中国移动', 1, '预付费', 13100007715);
insert into T_TERMINALINFO (TERMINAL_ID,TTYPE_ID,SIM_ID,TERMINAL_CODE,ORG_CODE,IS_VIDEO_TERMINAL,SP_SERVER_NAME,PROTOCOL_TYPE,CHANNELS,YT_PROTOCOL_TYPE) values(261716, 4, 27716, '1007715', 'B0000804',1,'1076测试服务器','4',8,'0');
insert into V_VEHICLEINFO (ORG_CODE,VEHICLE_ID,ID_NUMBER,TYPE_ID,TERMINAL_ID,DELETE_FLAG,COLOR_ID_NUMBER_ID,AUTHORIZED_PAY_MASS) values ('B0000804','2601716', '测B07715', 4, 261716, 0, '2',15);

insert into T_SIMINFO (SIM_ID, ORG_CODE, DEPTCODE, STATE,PAY_MODLE, SIM_NUM) values(27717, 'B0000804', '中国移动', 1, '预付费', 13100007716);
insert into T_TERMINALINFO (TERMINAL_ID,TTYPE_ID,SIM_ID,TERMINAL_CODE,ORG_CODE,IS_VIDEO_TERMINAL,SP_SERVER_NAME,PROTOCOL_TYPE,CHANNELS,YT_PROTOCOL_TYPE) values(261717, 4, 27717, '1007716', 'B0000804',1,'1076测试服务器','4',8,'0');
insert into V_VEHICLEINFO (ORG_CODE,VEHICLE_ID,ID_NUMBER,TYPE_ID,TERMINAL_ID,DELETE_FLAG,COLOR_ID_NUMBER_ID,AUTHORIZED_PAY_MASS) values ('B0000804','2601717', '测B07716', 4, 261717, 0, '2',15);

insert into T_SIMINFO (SIM_ID, ORG_CODE, DEPTCODE, STATE,PAY_MODLE, SIM_NUM) values(27718, 'B0000804', '中国移动', 1, '预付费', 13100007717);
insert into T_TERMINALINFO (TERMINAL_ID,TTYPE_ID,SIM_ID,TERMINAL_CODE,ORG_CODE,IS_VIDEO_TERMINAL,SP_SERVER_NAME,PROTOCOL_TYPE,CHANNELS,YT_PROTOCOL_TYPE) values(261718, 4, 27718, '1007717', 'B0000804',1,'1076测试服务器','4',8,'0');
insert into V_VEHICLEINFO (ORG_CODE,VEHICLE_ID,ID_NUMBER,TYPE_ID,TERMINAL_ID,DELETE_FLAG,COLOR_ID_NUMBER_ID,AUTHORIZED_PAY_MASS) values ('B0000804','2601718', '测B07717', 4, 261718, 0, '2',15);

insert into T_SIMINFO (SIM_ID, ORG_CODE, DEPTCODE, STATE,PAY_MODLE, SIM_NUM) values(27719, 'B0000804', '中国移动', 1, '预付费', 13100007718);
insert into T_TERMINALINFO (TERMINAL_ID,TTYPE_ID,SIM_ID,TERMINAL_CODE,ORG_CODE,IS_VIDEO_TERMINAL,SP_SERVER_NAME,PROTOCOL_TYPE,CHANNELS,YT_PROTOCOL_TYPE) values(261719, 4, 27719, '1007718', 'B0000804',1,'1076测试服务器','4',8,'0');
insert into V_VEHICLEINFO (ORG_CODE,VEHICLE_ID,ID_NUMBER,TYPE_ID,TERMINAL_ID,DELETE_FLAG,COLOR_ID_NUMBER_ID,AUTHORIZED_PAY_MASS) values ('B0000804','2601719', '测B07718', 4, 261719, 0, '2',15);

insert into T_SIMINFO (SIM_ID, ORG_CODE, DEPTCODE, STATE,PAY_MODLE, SIM_NUM) values(27720, 'B0000804', '中国移动', 1, '预付费', 13100007719);
insert into T_TERMINALINFO (TERMINAL_ID,TTYPE_ID,SIM_ID,TERMINAL_CODE,ORG_CODE,IS_VIDEO_TERMINAL,SP_SERVER_NAME,PROTOCOL_TYPE,CHANNELS,YT_PROTOCOL_TYPE) values(261720, 4, 27720, '1007719', 'B0000804',1,'1076测试服务器','4',8,'0');
insert into V_VEHICLEINFO (ORG_CODE,VEHICLE_ID,ID_NUMBER,TYPE_ID,TERMINAL_ID,DELETE_FLAG,COLOR_ID_NUMBER_ID,AUTHORIZED_PAY_MASS) values ('B0000804','2601720', '测B07719', 4, 261720, 0, '2',15);

insert into T_SIMINFO (SIM_ID, ORG_CODE, DEPTCODE, STATE,PAY_MODLE, SIM_NUM) values(27721, 'B0000804', '中国移动', 1, '预付费', 13100007720);
insert into T_TERMINALINFO (TERMINAL_ID,TTYPE_ID,SIM_ID,TERMINAL_CODE,ORG_CODE,IS_VIDEO_TERMINAL,SP_SERVER_NAME,PROTOCOL_TYPE,CHANNELS,YT_PROTOCOL_TYPE) values(261721, 4, 27721, '1007720', 'B0000804',1,'1076测试服务器','4',8,'0');
insert into V_VEHICLEINFO (ORG_CODE,VEHICLE_ID,ID_NUMBER,TYPE_ID,TERMINAL_ID,DELETE_FLAG,COLOR_ID_NUMBER_ID,AUTHORIZED_PAY_MASS) values ('B0000804','2601721', '测B07720', 4, 261721, 0, '2',15);

insert into T_SIMINFO (SIM_ID, ORG_CODE, DEPTCODE, STATE,PAY_MODLE, SIM_NUM) values(27722, 'B0000804', '中国移动', 1, '预付费', 13100007721);
insert into T_TERMINALINFO (TERMINAL_ID,TTYPE_ID,SIM_ID,TERMINAL_CODE,ORG_CODE,IS_VIDEO_TERMINAL,SP_SERVER_NAME,PROTOCOL_TYPE,CHANNELS,YT_PROTOCOL_TYPE) values(261722, 4, 27722, '1007721', 'B0000804',1,'1076测试服务器','4',8,'0');
insert into V_VEHICLEINFO (ORG_CODE,VEHICLE_ID,ID_NUMBER,TYPE_ID,TERMINAL_ID,DELETE_FLAG,COLOR_ID_NUMBER_ID,AUTHORIZED_PAY_MASS) values ('B0000804','2601722', '测B07721', 4, 261722, 0, '2',15);

insert into T_SIMINFO (SIM_ID, ORG_CODE, DEPTCODE, STATE,PAY_MODLE, SIM_NUM) values(27723, 'B0000804', '中国移动', 1, '预付费', 13100007722);
insert into T_TERMINALINFO (TERMINAL_ID,TTYPE_ID,SIM_ID,TERMINAL_CODE,ORG_CODE,IS_VIDEO_TERMINAL,SP_SERVER_NAME,PROTOCOL_TYPE,CHANNELS,YT_PROTOCOL_TYPE) values(261723, 4, 27723, '1007722', 'B0000804',1,'1076测试服务器','4',8,'0');
insert into V_VEHICLEINFO (ORG_CODE,VEHICLE_ID,ID_NUMBER,TYPE_ID,TERMINAL_ID,DELETE_FLAG,COLOR_ID_NUMBER_ID,AUTHORIZED_PAY_MASS) values ('B0000804','2601723', '测B07722', 4, 261723, 0, '2',15);

insert into T_SIMINFO (SIM_ID, ORG_CODE, DEPTCODE, STATE,PAY_MODLE, SIM_NUM) values(27724, 'B0000804', '中国移动', 1, '预付费', 13100007723);
insert into T_TERMINALINFO (TERMINAL_ID,TTYPE_ID,SIM_ID,TERMINAL_CODE,ORG_CODE,IS_VIDEO_TERMINAL,SP_SERVER_NAME,PROTOCOL_TYPE,CHANNELS,YT_PROTOCOL_TYPE) values(261724, 4, 27724, '1007723', 'B0000804',1,'1076测试服务器','4',8,'0');
insert into V_VEHICLEINFO (ORG_CODE,VEHICLE_ID,ID_NUMBER,TYPE_ID,TERMINAL_ID,DELETE_FLAG,COLOR_ID_NUMBER_ID,AUTHORIZED_PAY_MASS) values ('B0000804','2601724', '测B07723', 4, 261724, 0, '2',15);

insert into T_SIMINFO (SIM_ID, ORG_CODE, DEPTCODE, STATE,PAY_MODLE, SIM_NUM) values(27725, 'B0000804', '中国移动', 1, '预付费', 13100007724);
insert into T_TERMINALINFO (TERMINAL_ID,TTYPE_ID,SIM_ID,TERMINAL_CODE,ORG_CODE,IS_VIDEO_TERMINAL,SP_SERVER_NAME,PROTOCOL_TYPE,CHANNELS,YT_PROTOCOL_TYPE) values(261725, 4, 27725, '1007724', 'B0000804',1,'1076测试服务器','4',8,'0');
insert into V_VEHICLEINFO (ORG_CODE,VEHICLE_ID,ID_NUMBER,TYPE_ID,TERMINAL_ID,DELETE_FLAG,COLOR_ID_NUMBER_ID,AUTHORIZED_PAY_MASS) values ('B0000804','2601725', '测B07724', 4, 261725, 0, '2',15);

insert into T_SIMINFO (SIM_ID, ORG_CODE, DEPTCODE, STATE,PAY_MODLE, SIM_NUM) values(27726, 'B0000804', '中国移动', 1, '预付费', 13100007725);
insert into T_TERMINALINFO (TERMINAL_ID,TTYPE_ID,SIM_ID,TERMINAL_CODE,ORG_CODE,IS_VIDEO_TERMINAL,SP_SERVER_NAME,PROTOCOL_TYPE,CHANNELS,YT_PROTOCOL_TYPE) values(261726, 4, 27726, '1007725', 'B0000804',1,'1076测试服务器','4',8,'0');
insert into V_VEHICLEINFO (ORG_CODE,VEHICLE_ID,ID_NUMBER,TYPE_ID,TERMINAL_ID,DELETE_FLAG,COLOR_ID_NUMBER_ID,AUTHORIZED_PAY_MASS) values ('B0000804','2601726', '测B07725', 4, 261726, 0, '2',15);

insert into T_SIMINFO (SIM_ID, ORG_CODE, DEPTCODE, STATE,PAY_MODLE, SIM_NUM) values(27727, 'B0000804', '中国移动', 1, '预付费', 13100007726);
insert into T_TERMINALINFO (TERMINAL_ID,TTYPE_ID,SIM_ID,TERMINAL_CODE,ORG_CODE,IS_VIDEO_TERMINAL,SP_SERVER_NAME,PROTOCOL_TYPE,CHANNELS,YT_PROTOCOL_TYPE) values(261727, 4, 27727, '1007726', 'B0000804',1,'1076测试服务器','4',8,'0');
insert into V_VEHICLEINFO (ORG_CODE,VEHICLE_ID,ID_NUMBER,TYPE_ID,TERMINAL_ID,DELETE_FLAG,COLOR_ID_NUMBER_ID,AUTHORIZED_PAY_MASS) values ('B0000804','2601727', '测B07726', 4, 261727, 0, '2',15);

insert into T_SIMINFO (SIM_ID, ORG_CODE, DEPTCODE, STATE,PAY_MODLE, SIM_NUM) values(27728, 'B0000804', '中国移动', 1, '预付费', 13100007727);
insert into T_TERMINALINFO (TERMINAL_ID,TTYPE_ID,SIM_ID,TERMINAL_CODE,ORG_CODE,IS_VIDEO_TERMINAL,SP_SERVER_NAME,PROTOCOL_TYPE,CHANNELS,YT_PROTOCOL_TYPE) values(261728, 4, 27728, '1007727', 'B0000804',1,'1076测试服务器','4',8,'0');
insert into V_VEHICLEINFO (ORG_CODE,VEHICLE_ID,ID_NUMBER,TYPE_ID,TERMINAL_ID,DELETE_FLAG,COLOR_ID_NUMBER_ID,AUTHORIZED_PAY_MASS) values ('B0000804','2601728', '测B07727', 4, 261728, 0, '2',15);

insert into T_SIMINFO (SIM_ID, ORG_CODE, DEPTCODE, STATE,PAY_MODLE, SIM_NUM) values(27729, 'B0000804', '中国移动', 1, '预付费', 13100007728);
insert into T_TERMINALINFO (TERMINAL_ID,TTYPE_ID,SIM_ID,TERMINAL_CODE,ORG_CODE,IS_VIDEO_TERMINAL,SP_SERVER_NAME,PROTOCOL_TYPE,CHANNELS,YT_PROTOCOL_TYPE) values(261729, 4, 27729, '1007728', 'B0000804',1,'1076测试服务器','4',8,'0');
insert into V_VEHICLEINFO (ORG_CODE,VEHICLE_ID,ID_NUMBER,TYPE_ID,TERMINAL_ID,DELETE_FLAG,COLOR_ID_NUMBER_ID,AUTHORIZED_PAY_MASS) values ('B0000804','2601729', '测B07728', 4, 261729, 0, '2',15);

insert into T_SIMINFO (SIM_ID, ORG_CODE, DEPTCODE, STATE,PAY_MODLE, SIM_NUM) values(27730, 'B0000804', '中国移动', 1, '预付费', 13100007729);
insert into T_TERMINALINFO (TERMINAL_ID,TTYPE_ID,SIM_ID,TERMINAL_CODE,ORG_CODE,IS_VIDEO_TERMINAL,SP_SERVER_NAME,PROTOCOL_TYPE,CHANNELS,YT_PROTOCOL_TYPE) values(261730, 4, 27730, '1007729', 'B0000804',1,'1076测试服务器','4',8,'0');
insert into V_VEHICLEINFO (ORG_CODE,VEHICLE_ID,ID_NUMBER,TYPE_ID,TERMINAL_ID,DELETE_FLAG,COLOR_ID_NUMBER_ID,AUTHORIZED_PAY_MASS) values ('B0000804','2601730', '测B07729', 4, 261730, 0, '2',15);

insert into T_SIMINFO (SIM_ID, ORG_CODE, DEPTCODE, STATE,PAY_MODLE, SIM_NUM) values(27731, 'B0000804', '中国移动', 1, '预付费', 13100007730);
insert into T_TERMINALINFO (TERMINAL_ID,TTYPE_ID,SIM_ID,TERMINAL_CODE,ORG_CODE,IS_VIDEO_TERMINAL,SP_SERVER_NAME,PROTOCOL_TYPE,CHANNELS,YT_PROTOCOL_TYPE) values(261731, 4, 27731, '1007730', 'B0000804',1,'1076测试服务器','4',8,'0');
insert into V_VEHICLEINFO (ORG_CODE,VEHICLE_ID,ID_NUMBER,TYPE_ID,TERMINAL_ID,DELETE_FLAG,COLOR_ID_NUMBER_ID,AUTHORIZED_PAY_MASS) values ('B0000804','2601731', '测B07730', 4, 261731, 0, '2',15);

insert into T_SIMINFO (SIM_ID, ORG_CODE, DEPTCODE, STATE,PAY_MODLE, SIM_NUM) values(27732, 'B0000804', '中国移动', 1, '预付费', 13100007731);
insert into T_TERMINALINFO (TERMINAL_ID,TTYPE_ID,SIM_ID,TERMINAL_CODE,ORG_CODE,IS_VIDEO_TERMINAL,SP_SERVER_NAME,PROTOCOL_TYPE,CHANNELS,YT_PROTOCOL_TYPE) values(261732, 4, 27732, '1007731', 'B0000804',1,'1076测试服务器','4',8,'0');
insert into V_VEHICLEINFO (ORG_CODE,VEHICLE_ID,ID_NUMBER,TYPE_ID,TERMINAL_ID,DELETE_FLAG,COLOR_ID_NUMBER_ID,AUTHORIZED_PAY_MASS) values ('B0000804','2601732', '测B07731', 4, 261732, 0, '2',15);

insert into T_SIMINFO (SIM_ID, ORG_CODE, DEPTCODE, STATE,PAY_MODLE, SIM_NUM) values(27733, 'B0000804', '中国移动', 1, '预付费', 13100007732);
insert into T_TERMINALINFO (TERMINAL_ID,TTYPE_ID,SIM_ID,TERMINAL_CODE,ORG_CODE,IS_VIDEO_TERMINAL,SP_SERVER_NAME,PROTOCOL_TYPE,CHANNELS,YT_PROTOCOL_TYPE) values(261733, 4, 27733, '1007732', 'B0000804',1,'1076测试服务器','4',8,'0');
insert into V_VEHICLEINFO (ORG_CODE,VEHICLE_ID,ID_NUMBER,TYPE_ID,TERMINAL_ID,DELETE_FLAG,COLOR_ID_NUMBER_ID,AUTHORIZED_PAY_MASS) values ('B0000804','2601733', '测B07732', 4, 261733, 0, '2',15);

insert into T_SIMINFO (SIM_ID, ORG_CODE, DEPTCODE, STATE,PAY_MODLE, SIM_NUM) values(27734, 'B0000804', '中国移动', 1, '预付费', 13100007733);
insert into T_TERMINALINFO (TERMINAL_ID,TTYPE_ID,SIM_ID,TERMINAL_CODE,ORG_CODE,IS_VIDEO_TERMINAL,SP_SERVER_NAME,PROTOCOL_TYPE,CHANNELS,YT_PROTOCOL_TYPE) values(261734, 4, 27734, '1007733', 'B0000804',1,'1076测试服务器','4',8,'0');
insert into V_VEHICLEINFO (ORG_CODE,VEHICLE_ID,ID_NUMBER,TYPE_ID,TERMINAL_ID,DELETE_FLAG,COLOR_ID_NUMBER_ID,AUTHORIZED_PAY_MASS) values ('B0000804','2601734', '测B07733', 4, 261734, 0, '2',15);

insert into T_SIMINFO (SIM_ID, ORG_CODE, DEPTCODE, STATE,PAY_MODLE, SIM_NUM) values(27735, 'B0000804', '中国移动', 1, '预付费', 13100007734);
insert into T_TERMINALINFO (TERMINAL_ID,TTYPE_ID,SIM_ID,TERMINAL_CODE,ORG_CODE,IS_VIDEO_TERMINAL,SP_SERVER_NAME,PROTOCOL_TYPE,CHANNELS,YT_PROTOCOL_TYPE) values(261735, 4, 27735, '1007734', 'B0000804',1,'1076测试服务器','4',8,'0');
insert into V_VEHICLEINFO (ORG_CODE,VEHICLE_ID,ID_NUMBER,TYPE_ID,TERMINAL_ID,DELETE_FLAG,COLOR_ID_NUMBER_ID,AUTHORIZED_PAY_MASS) values ('B0000804','2601735', '测B07734', 4, 261735, 0, '2',15);

insert into T_SIMINFO (SIM_ID, ORG_CODE, DEPTCODE, STATE,PAY_MODLE, SIM_NUM) values(27736, 'B0000804', '中国移动', 1, '预付费', 13100007735);
insert into T_TERMINALINFO (TERMINAL_ID,TTYPE_ID,SIM_ID,TERMINAL_CODE,ORG_CODE,IS_VIDEO_TERMINAL,SP_SERVER_NAME,PROTOCOL_TYPE,CHANNELS,YT_PROTOCOL_TYPE) values(261736, 4, 27736, '1007735', 'B0000804',1,'1076测试服务器','4',8,'0');
insert into V_VEHICLEINFO (ORG_CODE,VEHICLE_ID,ID_NUMBER,TYPE_ID,TERMINAL_ID,DELETE_FLAG,COLOR_ID_NUMBER_ID,AUTHORIZED_PAY_MASS) values ('B0000804','2601736', '测B07735', 4, 261736, 0, '2',15);

insert into T_SIMINFO (SIM_ID, ORG_CODE, DEPTCODE, STATE,PAY_MODLE, SIM_NUM) values(27737, 'B0000804', '中国移动', 1, '预付费', 13100007736);
insert into T_TERMINALINFO (TERMINAL_ID,TTYPE_ID,SIM_ID,TERMINAL_CODE,ORG_CODE,IS_VIDEO_TERMINAL,SP_SERVER_NAME,PROTOCOL_TYPE,CHANNELS,YT_PROTOCOL_TYPE) values(261737, 4, 27737, '1007736', 'B0000804',1,'1076测试服务器','4',8,'0');
insert into V_VEHICLEINFO (ORG_CODE,VEHICLE_ID,ID_NUMBER,TYPE_ID,TERMINAL_ID,DELETE_FLAG,COLOR_ID_NUMBER_ID,AUTHORIZED_PAY_MASS) values ('B0000804','2601737', '测B07736', 4, 261737, 0, '2',15);

insert into T_SIMINFO (SIM_ID, ORG_CODE, DEPTCODE, STATE,PAY_MODLE, SIM_NUM) values(27738, 'B0000804', '中国移动', 1, '预付费', 13100007737);
insert into T_TERMINALINFO (TERMINAL_ID,TTYPE_ID,SIM_ID,TERMINAL_CODE,ORG_CODE,IS_VIDEO_TERMINAL,SP_SERVER_NAME,PROTOCOL_TYPE,CHANNELS,YT_PROTOCOL_TYPE) values(261738, 4, 27738, '1007737', 'B0000804',1,'1076测试服务器','4',8,'0');
insert into V_VEHICLEINFO (ORG_CODE,VEHICLE_ID,ID_NUMBER,TYPE_ID,TERMINAL_ID,DELETE_FLAG,COLOR_ID_NUMBER_ID,AUTHORIZED_PAY_MASS) values ('B0000804','2601738', '测B07737', 4, 261738, 0, '2',15);

insert into T_SIMINFO (SIM_ID, ORG_CODE, DEPTCODE, STATE,PAY_MODLE, SIM_NUM) values(27739, 'B0000804', '中国移动', 1, '预付费', 13100007738);
insert into T_TERMINALINFO (TERMINAL_ID,TTYPE_ID,SIM_ID,TERMINAL_CODE,ORG_CODE,IS_VIDEO_TERMINAL,SP_SERVER_NAME,PROTOCOL_TYPE,CHANNELS,YT_PROTOCOL_TYPE) values(261739, 4, 27739, '1007738', 'B0000804',1,'1076测试服务器','4',8,'0');
insert into V_VEHICLEINFO (ORG_CODE,VEHICLE_ID,ID_NUMBER,TYPE_ID,TERMINAL_ID,DELETE_FLAG,COLOR_ID_NUMBER_ID,AUTHORIZED_PAY_MASS) values ('B0000804','2601739', '测B07738', 4, 261739, 0, '2',15);

insert into T_SIMINFO (SIM_ID, ORG_CODE, DEPTCODE, STATE,PAY_MODLE, SIM_NUM) values(27740, 'B0000804', '中国移动', 1, '预付费', 13100007739);
insert into T_TERMINALINFO (TERMINAL_ID,TTYPE_ID,SIM_ID,TERMINAL_CODE,ORG_CODE,IS_VIDEO_TERMINAL,SP_SERVER_NAME,PROTOCOL_TYPE,CHANNELS,YT_PROTOCOL_TYPE) values(261740, 4, 27740, '1007739', 'B0000804',1,'1076测试服务器','4',8,'0');
insert into V_VEHICLEINFO (ORG_CODE,VEHICLE_ID,ID_NUMBER,TYPE_ID,TERMINAL_ID,DELETE_FLAG,COLOR_ID_NUMBER_ID,AUTHORIZED_PAY_MASS) values ('B0000804','2601740', '测B07739', 4, 261740, 0, '2',15);

insert into T_SIMINFO (SIM_ID, ORG_CODE, DEPTCODE, STATE,PAY_MODLE, SIM_NUM) values(27741, 'B0000804', '中国移动', 1, '预付费', 13100007740);
insert into T_TERMINALINFO (TERMINAL_ID,TTYPE_ID,SIM_ID,TERMINAL_CODE,ORG_CODE,IS_VIDEO_TERMINAL,SP_SERVER_NAME,PROTOCOL_TYPE,CHANNELS,YT_PROTOCOL_TYPE) values(261741, 4, 27741, '1007740', 'B0000804',1,'1076测试服务器','4',8,'0');
insert into V_VEHICLEINFO (ORG_CODE,VEHICLE_ID,ID_NUMBER,TYPE_ID,TERMINAL_ID,DELETE_FLAG,COLOR_ID_NUMBER_ID,AUTHORIZED_PAY_MASS) values ('B0000804','2601741', '测B07740', 4, 261741, 0, '2',15);

insert into T_SIMINFO (SIM_ID, ORG_CODE, DEPTCODE, STATE,PAY_MODLE, SIM_NUM) values(27742, 'B0000804', '中国移动', 1, '预付费', 13100007741);
insert into T_TERMINALINFO (TERMINAL_ID,TTYPE_ID,SIM_ID,TERMINAL_CODE,ORG_CODE,IS_VIDEO_TERMINAL,SP_SERVER_NAME,PROTOCOL_TYPE,CHANNELS,YT_PROTOCOL_TYPE) values(261742, 4, 27742, '1007741', 'B0000804',1,'1076测试服务器','4',8,'0');
insert into V_VEHICLEINFO (ORG_CODE,VEHICLE_ID,ID_NUMBER,TYPE_ID,TERMINAL_ID,DELETE_FLAG,COLOR_ID_NUMBER_ID,AUTHORIZED_PAY_MASS) values ('B0000804','2601742', '测B07741', 4, 261742, 0, '2',15);

insert into T_SIMINFO (SIM_ID, ORG_CODE, DEPTCODE, STATE,PAY_MODLE, SIM_NUM) values(27743, 'B0000804', '中国移动', 1, '预付费', 13100007742);
insert into T_TERMINALINFO (TERMINAL_ID,TTYPE_ID,SIM_ID,TERMINAL_CODE,ORG_CODE,IS_VIDEO_TERMINAL,SP_SERVER_NAME,PROTOCOL_TYPE,CHANNELS,YT_PROTOCOL_TYPE) values(261743, 4, 27743, '1007742', 'B0000804',1,'1076测试服务器','4',8,'0');
insert into V_VEHICLEINFO (ORG_CODE,VEHICLE_ID,ID_NUMBER,TYPE_ID,TERMINAL_ID,DELETE_FLAG,COLOR_ID_NUMBER_ID,AUTHORIZED_PAY_MASS) values ('B0000804','2601743', '测B07742', 4, 261743, 0, '2',15);

insert into T_SIMINFO (SIM_ID, ORG_CODE, DEPTCODE, STATE,PAY_MODLE, SIM_NUM) values(27744, 'B0000804', '中国移动', 1, '预付费', 13100007743);
insert into T_TERMINALINFO (TERMINAL_ID,TTYPE_ID,SIM_ID,TERMINAL_CODE,ORG_CODE,IS_VIDEO_TERMINAL,SP_SERVER_NAME,PROTOCOL_TYPE,CHANNELS,YT_PROTOCOL_TYPE) values(261744, 4, 27744, '1007743', 'B0000804',1,'1076测试服务器','4',8,'0');
insert into V_VEHICLEINFO (ORG_CODE,VEHICLE_ID,ID_NUMBER,TYPE_ID,TERMINAL_ID,DELETE_FLAG,COLOR_ID_NUMBER_ID,AUTHORIZED_PAY_MASS) values ('B0000804','2601744', '测B07743', 4, 261744, 0, '2',15);

insert into T_SIMINFO (SIM_ID, ORG_CODE, DEPTCODE, STATE,PAY_MODLE, SIM_NUM) values(27745, 'B0000804', '中国移动', 1, '预付费', 13100007744);
insert into T_TERMINALINFO (TERMINAL_ID,TTYPE_ID,SIM_ID,TERMINAL_CODE,ORG_CODE,IS_VIDEO_TERMINAL,SP_SERVER_NAME,PROTOCOL_TYPE,CHANNELS,YT_PROTOCOL_TYPE) values(261745, 4, 27745, '1007744', 'B0000804',1,'1076测试服务器','4',8,'0');
insert into V_VEHICLEINFO (ORG_CODE,VEHICLE_ID,ID_NUMBER,TYPE_ID,TERMINAL_ID,DELETE_FLAG,COLOR_ID_NUMBER_ID,AUTHORIZED_PAY_MASS) values ('B0000804','2601745', '测B07744', 4, 261745, 0, '2',15);

insert into T_SIMINFO (SIM_ID, ORG_CODE, DEPTCODE, STATE,PAY_MODLE, SIM_NUM) values(27746, 'B0000804', '中国移动', 1, '预付费', 13100007745);
insert into T_TERMINALINFO (TERMINAL_ID,TTYPE_ID,SIM_ID,TERMINAL_CODE,ORG_CODE,IS_VIDEO_TERMINAL,SP_SERVER_NAME,PROTOCOL_TYPE,CHANNELS,YT_PROTOCOL_TYPE) values(261746, 4, 27746, '1007745', 'B0000804',1,'1076测试服务器','4',8,'0');
insert into V_VEHICLEINFO (ORG_CODE,VEHICLE_ID,ID_NUMBER,TYPE_ID,TERMINAL_ID,DELETE_FLAG,COLOR_ID_NUMBER_ID,AUTHORIZED_PAY_MASS) values ('B0000804','2601746', '测B07745', 4, 261746, 0, '2',15);

insert into T_SIMINFO (SIM_ID, ORG_CODE, DEPTCODE, STATE,PAY_MODLE, SIM_NUM) values(27747, 'B0000804', '中国移动', 1, '预付费', 13100007746);
insert into T_TERMINALINFO (TERMINAL_ID,TTYPE_ID,SIM_ID,TERMINAL_CODE,ORG_CODE,IS_VIDEO_TERMINAL,SP_SERVER_NAME,PROTOCOL_TYPE,CHANNELS,YT_PROTOCOL_TYPE) values(261747, 4, 27747, '1007746', 'B0000804',1,'1076测试服务器','4',8,'0');
insert into V_VEHICLEINFO (ORG_CODE,VEHICLE_ID,ID_NUMBER,TYPE_ID,TERMINAL_ID,DELETE_FLAG,COLOR_ID_NUMBER_ID,AUTHORIZED_PAY_MASS) values ('B0000804','2601747', '测B07746', 4, 261747, 0, '2',15);

insert into T_SIMINFO (SIM_ID, ORG_CODE, DEPTCODE, STATE,PAY_MODLE, SIM_NUM) values(27748, 'B0000804', '中国移动', 1, '预付费', 13100007747);
insert into T_TERMINALINFO (TERMINAL_ID,TTYPE_ID,SIM_ID,TERMINAL_CODE,ORG_CODE,IS_VIDEO_TERMINAL,SP_SERVER_NAME,PROTOCOL_TYPE,CHANNELS,YT_PROTOCOL_TYPE) values(261748, 4, 27748, '1007747', 'B0000804',1,'1076测试服务器','4',8,'0');
insert into V_VEHICLEINFO (ORG_CODE,VEHICLE_ID,ID_NUMBER,TYPE_ID,TERMINAL_ID,DELETE_FLAG,COLOR_ID_NUMBER_ID,AUTHORIZED_PAY_MASS) values ('B0000804','2601748', '测B07747', 4, 261748, 0, '2',15);

insert into T_SIMINFO (SIM_ID, ORG_CODE, DEPTCODE, STATE,PAY_MODLE, SIM_NUM) values(27749, 'B0000804', '中国移动', 1, '预付费', 13100007748);
insert into T_TERMINALINFO (TERMINAL_ID,TTYPE_ID,SIM_ID,TERMINAL_CODE,ORG_CODE,IS_VIDEO_TERMINAL,SP_SERVER_NAME,PROTOCOL_TYPE,CHANNELS,YT_PROTOCOL_TYPE) values(261749, 4, 27749, '1007748', 'B0000804',1,'1076测试服务器','4',8,'0');
insert into V_VEHICLEINFO (ORG_CODE,VEHICLE_ID,ID_NUMBER,TYPE_ID,TERMINAL_ID,DELETE_FLAG,COLOR_ID_NUMBER_ID,AUTHORIZED_PAY_MASS) values ('B0000804','2601749', '测B07748', 4, 261749, 0, '2',15);

insert into T_SIMINFO (SIM_ID, ORG_CODE, DEPTCODE, STATE,PAY_MODLE, SIM_NUM) values(27750, 'B0000804', '中国移动', 1, '预付费', 13100007749);
insert into T_TERMINALINFO (TERMINAL_ID,TTYPE_ID,SIM_ID,TERMINAL_CODE,ORG_CODE,IS_VIDEO_TERMINAL,SP_SERVER_NAME,PROTOCOL_TYPE,CHANNELS,YT_PROTOCOL_TYPE) values(261750, 4, 27750, '1007749', 'B0000804',1,'1076测试服务器','4',8,'0');
insert into V_VEHICLEINFO (ORG_CODE,VEHICLE_ID,ID_NUMBER,TYPE_ID,TERMINAL_ID,DELETE_FLAG,COLOR_ID_NUMBER_ID,AUTHORIZED_PAY_MASS) values ('B0000804','2601750', '测B07749', 4, 261750, 0, '2',15);

insert into T_SIMINFO (SIM_ID, ORG_CODE, DEPTCODE, STATE,PAY_MODLE, SIM_NUM) values(27751, 'B0000804', '中国移动', 1, '预付费', 13100007750);
insert into T_TERMINALINFO (TERMINAL_ID,TTYPE_ID,SIM_ID,TERMINAL_CODE,ORG_CODE,IS_VIDEO_TERMINAL,SP_SERVER_NAME,PROTOCOL_TYPE,CHANNELS,YT_PROTOCOL_TYPE) values(261751, 4, 27751, '1007750', 'B0000804',1,'1076测试服务器','4',8,'0');
insert into V_VEHICLEINFO (ORG_CODE,VEHICLE_ID,ID_NUMBER,TYPE_ID,TERMINAL_ID,DELETE_FLAG,COLOR_ID_NUMBER_ID,AUTHORIZED_PAY_MASS) values ('B0000804','2601751', '测B07750', 4, 261751, 0, '2',15);

insert into T_SIMINFO (SIM_ID, ORG_CODE, DEPTCODE, STATE,PAY_MODLE, SIM_NUM) values(27752, 'B0000804', '中国移动', 1, '预付费', 13100007751);
insert into T_TERMINALINFO (TERMINAL_ID,TTYPE_ID,SIM_ID,TERMINAL_CODE,ORG_CODE,IS_VIDEO_TERMINAL,SP_SERVER_NAME,PROTOCOL_TYPE,CHANNELS,YT_PROTOCOL_TYPE) values(261752, 4, 27752, '1007751', 'B0000804',1,'1076测试服务器','4',8,'0');
insert into V_VEHICLEINFO (ORG_CODE,VEHICLE_ID,ID_NUMBER,TYPE_ID,TERMINAL_ID,DELETE_FLAG,COLOR_ID_NUMBER_ID,AUTHORIZED_PAY_MASS) values ('B0000804','2601752', '测B07751', 4, 261752, 0, '2',15);

insert into T_SIMINFO (SIM_ID, ORG_CODE, DEPTCODE, STATE,PAY_MODLE, SIM_NUM) values(27753, 'B0000804', '中国移动', 1, '预付费', 13100007752);
insert into T_TERMINALINFO (TERMINAL_ID,TTYPE_ID,SIM_ID,TERMINAL_CODE,ORG_CODE,IS_VIDEO_TERMINAL,SP_SERVER_NAME,PROTOCOL_TYPE,CHANNELS,YT_PROTOCOL_TYPE) values(261753, 4, 27753, '1007752', 'B0000804',1,'1076测试服务器','4',8,'0');
insert into V_VEHICLEINFO (ORG_CODE,VEHICLE_ID,ID_NUMBER,TYPE_ID,TERMINAL_ID,DELETE_FLAG,COLOR_ID_NUMBER_ID,AUTHORIZED_PAY_MASS) values ('B0000804','2601753', '测B07752', 4, 261753, 0, '2',15);

insert into T_SIMINFO (SIM_ID, ORG_CODE, DEPTCODE, STATE,PAY_MODLE, SIM_NUM) values(27754, 'B0000804', '中国移动', 1, '预付费', 13100007753);
insert into T_TERMINALINFO (TERMINAL_ID,TTYPE_ID,SIM_ID,TERMINAL_CODE,ORG_CODE,IS_VIDEO_TERMINAL,SP_SERVER_NAME,PROTOCOL_TYPE,CHANNELS,YT_PROTOCOL_TYPE) values(261754, 4, 27754, '1007753', 'B0000804',1,'1076测试服务器','4',8,'0');
insert into V_VEHICLEINFO (ORG_CODE,VEHICLE_ID,ID_NUMBER,TYPE_ID,TERMINAL_ID,DELETE_FLAG,COLOR_ID_NUMBER_ID,AUTHORIZED_PAY_MASS) values ('B0000804','2601754', '测B07753', 4, 261754, 0, '2',15);

insert into T_SIMINFO (SIM_ID, ORG_CODE, DEPTCODE, STATE,PAY_MODLE, SIM_NUM) values(27755, 'B0000804', '中国移动', 1, '预付费', 13100007754);
insert into T_TERMINALINFO (TERMINAL_ID,TTYPE_ID,SIM_ID,TERMINAL_CODE,ORG_CODE,IS_VIDEO_TERMINAL,SP_SERVER_NAME,PROTOCOL_TYPE,CHANNELS,YT_PROTOCOL_TYPE) values(261755, 4, 27755, '1007754', 'B0000804',1,'1076测试服务器','4',8,'0');
insert into V_VEHICLEINFO (ORG_CODE,VEHICLE_ID,ID_NUMBER,TYPE_ID,TERMINAL_ID,DELETE_FLAG,COLOR_ID_NUMBER_ID,AUTHORIZED_PAY_MASS) values ('B0000804','2601755', '测B07754', 4, 261755, 0, '2',15);

insert into T_SIMINFO (SIM_ID, ORG_CODE, DEPTCODE, STATE,PAY_MODLE, SIM_NUM) values(27756, 'B0000804', '中国移动', 1, '预付费', 13100007755);
insert into T_TERMINALINFO (TERMINAL_ID,TTYPE_ID,SIM_ID,TERMINAL_CODE,ORG_CODE,IS_VIDEO_TERMINAL,SP_SERVER_NAME,PROTOCOL_TYPE,CHANNELS,YT_PROTOCOL_TYPE) values(261756, 4, 27756, '1007755', 'B0000804',1,'1076测试服务器','4',8,'0');
insert into V_VEHICLEINFO (ORG_CODE,VEHICLE_ID,ID_NUMBER,TYPE_ID,TERMINAL_ID,DELETE_FLAG,COLOR_ID_NUMBER_ID,AUTHORIZED_PAY_MASS) values ('B0000804','2601756', '测B07755', 4, 261756, 0, '2',15);

insert into T_SIMINFO (SIM_ID, ORG_CODE, DEPTCODE, STATE,PAY_MODLE, SIM_NUM) values(27757, 'B0000804', '中国移动', 1, '预付费', 13100007756);
insert into T_TERMINALINFO (TERMINAL_ID,TTYPE_ID,SIM_ID,TERMINAL_CODE,ORG_CODE,IS_VIDEO_TERMINAL,SP_SERVER_NAME,PROTOCOL_TYPE,CHANNELS,YT_PROTOCOL_TYPE) values(261757, 4, 27757, '1007756', 'B0000804',1,'1076测试服务器','4',8,'0');
insert into V_VEHICLEINFO (ORG_CODE,VEHICLE_ID,ID_NUMBER,TYPE_ID,TERMINAL_ID,DELETE_FLAG,COLOR_ID_NUMBER_ID,AUTHORIZED_PAY_MASS) values ('B0000804','2601757', '测B07756', 4, 261757, 0, '2',15);

insert into T_SIMINFO (SIM_ID, ORG_CODE, DEPTCODE, STATE,PAY_MODLE, SIM_NUM) values(27758, 'B0000804', '中国移动', 1, '预付费', 13100007757);
insert into T_TERMINALINFO (TERMINAL_ID,TTYPE_ID,SIM_ID,TERMINAL_CODE,ORG_CODE,IS_VIDEO_TERMINAL,SP_SERVER_NAME,PROTOCOL_TYPE,CHANNELS,YT_PROTOCOL_TYPE) values(261758, 4, 27758, '1007757', 'B0000804',1,'1076测试服务器','4',8,'0');
insert into V_VEHICLEINFO (ORG_CODE,VEHICLE_ID,ID_NUMBER,TYPE_ID,TERMINAL_ID,DELETE_FLAG,COLOR_ID_NUMBER_ID,AUTHORIZED_PAY_MASS) values ('B0000804','2601758', '测B07757', 4, 261758, 0, '2',15);

insert into T_SIMINFO (SIM_ID, ORG_CODE, DEPTCODE, STATE,PAY_MODLE, SIM_NUM) values(27759, 'B0000804', '中国移动', 1, '预付费', 13100007758);
insert into T_TERMINALINFO (TERMINAL_ID,TTYPE_ID,SIM_ID,TERMINAL_CODE,ORG_CODE,IS_VIDEO_TERMINAL,SP_SERVER_NAME,PROTOCOL_TYPE,CHANNELS,YT_PROTOCOL_TYPE) values(261759, 4, 27759, '1007758', 'B0000804',1,'1076测试服务器','4',8,'0');
insert into V_VEHICLEINFO (ORG_CODE,VEHICLE_ID,ID_NUMBER,TYPE_ID,TERMINAL_ID,DELETE_FLAG,COLOR_ID_NUMBER_ID,AUTHORIZED_PAY_MASS) values ('B0000804','2601759', '测B07758', 4, 261759, 0, '2',15);

insert into T_SIMINFO (SIM_ID, ORG_CODE, DEPTCODE, STATE,PAY_MODLE, SIM_NUM) values(27760, 'B0000804', '中国移动', 1, '预付费', 13100007759);
insert into T_TERMINALINFO (TERMINAL_ID,TTYPE_ID,SIM_ID,TERMINAL_CODE,ORG_CODE,IS_VIDEO_TERMINAL,SP_SERVER_NAME,PROTOCOL_TYPE,CHANNELS,YT_PROTOCOL_TYPE) values(261760, 4, 27760, '1007759', 'B0000804',1,'1076测试服务器','4',8,'0');
insert into V_VEHICLEINFO (ORG_CODE,VEHICLE_ID,ID_NUMBER,TYPE_ID,TERMINAL_ID,DELETE_FLAG,COLOR_ID_NUMBER_ID,AUTHORIZED_PAY_MASS) values ('B0000804','2601760', '测B07759', 4, 261760, 0, '2',15);

insert into T_SIMINFO (SIM_ID, ORG_CODE, DEPTCODE, STATE,PAY_MODLE, SIM_NUM) values(27761, 'B0000804', '中国移动', 1, '预付费', 13100007760);
insert into T_TERMINALINFO (TERMINAL_ID,TTYPE_ID,SIM_ID,TERMINAL_CODE,ORG_CODE,IS_VIDEO_TERMINAL,SP_SERVER_NAME,PROTOCOL_TYPE,CHANNELS,YT_PROTOCOL_TYPE) values(261761, 4, 27761, '1007760', 'B0000804',1,'1076测试服务器','4',8,'0');
insert into V_VEHICLEINFO (ORG_CODE,VEHICLE_ID,ID_NUMBER,TYPE_ID,TERMINAL_ID,DELETE_FLAG,COLOR_ID_NUMBER_ID,AUTHORIZED_PAY_MASS) values ('B0000804','2601761', '测B07760', 4, 261761, 0, '2',15);

insert into T_SIMINFO (SIM_ID, ORG_CODE, DEPTCODE, STATE,PAY_MODLE, SIM_NUM) values(27762, 'B0000804', '中国移动', 1, '预付费', 13100007761);
insert into T_TERMINALINFO (TERMINAL_ID,TTYPE_ID,SIM_ID,TERMINAL_CODE,ORG_CODE,IS_VIDEO_TERMINAL,SP_SERVER_NAME,PROTOCOL_TYPE,CHANNELS,YT_PROTOCOL_TYPE) values(261762, 4, 27762, '1007761', 'B0000804',1,'1076测试服务器','4',8,'0');
insert into V_VEHICLEINFO (ORG_CODE,VEHICLE_ID,ID_NUMBER,TYPE_ID,TERMINAL_ID,DELETE_FLAG,COLOR_ID_NUMBER_ID,AUTHORIZED_PAY_MASS) values ('B0000804','2601762', '测B07761', 4, 261762, 0, '2',15);

insert into T_SIMINFO (SIM_ID, ORG_CODE, DEPTCODE, STATE,PAY_MODLE, SIM_NUM) values(27763, 'B0000804', '中国移动', 1, '预付费', 13100007762);
insert into T_TERMINALINFO (TERMINAL_ID,TTYPE_ID,SIM_ID,TERMINAL_CODE,ORG_CODE,IS_VIDEO_TERMINAL,SP_SERVER_NAME,PROTOCOL_TYPE,CHANNELS,YT_PROTOCOL_TYPE) values(261763, 4, 27763, '1007762', 'B0000804',1,'1076测试服务器','4',8,'0');
insert into V_VEHICLEINFO (ORG_CODE,VEHICLE_ID,ID_NUMBER,TYPE_ID,TERMINAL_ID,DELETE_FLAG,COLOR_ID_NUMBER_ID,AUTHORIZED_PAY_MASS) values ('B0000804','2601763', '测B07762', 4, 261763, 0, '2',15);

insert into T_SIMINFO (SIM_ID, ORG_CODE, DEPTCODE, STATE,PAY_MODLE, SIM_NUM) values(27764, 'B0000804', '中国移动', 1, '预付费', 13100007763);
insert into T_TERMINALINFO (TERMINAL_ID,TTYPE_ID,SIM_ID,TERMINAL_CODE,ORG_CODE,IS_VIDEO_TERMINAL,SP_SERVER_NAME,PROTOCOL_TYPE,CHANNELS,YT_PROTOCOL_TYPE) values(261764, 4, 27764, '1007763', 'B0000804',1,'1076测试服务器','4',8,'0');
insert into V_VEHICLEINFO (ORG_CODE,VEHICLE_ID,ID_NUMBER,TYPE_ID,TERMINAL_ID,DELETE_FLAG,COLOR_ID_NUMBER_ID,AUTHORIZED_PAY_MASS) values ('B0000804','2601764', '测B07763', 4, 261764, 0, '2',15);

insert into T_SIMINFO (SIM_ID, ORG_CODE, DEPTCODE, STATE,PAY_MODLE, SIM_NUM) values(27765, 'B0000804', '中国移动', 1, '预付费', 13100007764);
insert into T_TERMINALINFO (TERMINAL_ID,TTYPE_ID,SIM_ID,TERMINAL_CODE,ORG_CODE,IS_VIDEO_TERMINAL,SP_SERVER_NAME,PROTOCOL_TYPE,CHANNELS,YT_PROTOCOL_TYPE) values(261765, 4, 27765, '1007764', 'B0000804',1,'1076测试服务器','4',8,'0');
insert into V_VEHICLEINFO (ORG_CODE,VEHICLE_ID,ID_NUMBER,TYPE_ID,TERMINAL_ID,DELETE_FLAG,COLOR_ID_NUMBER_ID,AUTHORIZED_PAY_MASS) values ('B0000804','2601765', '测B07764', 4, 261765, 0, '2',15);

insert into T_SIMINFO (SIM_ID, ORG_CODE, DEPTCODE, STATE,PAY_MODLE, SIM_NUM) values(27766, 'B0000804', '中国移动', 1, '预付费', 13100007765);
insert into T_TERMINALINFO (TERMINAL_ID,TTYPE_ID,SIM_ID,TERMINAL_CODE,ORG_CODE,IS_VIDEO_TERMINAL,SP_SERVER_NAME,PROTOCOL_TYPE,CHANNELS,YT_PROTOCOL_TYPE) values(261766, 4, 27766, '1007765', 'B0000804',1,'1076测试服务器','4',8,'0');
insert into V_VEHICLEINFO (ORG_CODE,VEHICLE_ID,ID_NUMBER,TYPE_ID,TERMINAL_ID,DELETE_FLAG,COLOR_ID_NUMBER_ID,AUTHORIZED_PAY_MASS) values ('B0000804','2601766', '测B07765', 4, 261766, 0, '2',15);

insert into T_SIMINFO (SIM_ID, ORG_CODE, DEPTCODE, STATE,PAY_MODLE, SIM_NUM) values(27767, 'B0000804', '中国移动', 1, '预付费', 13100007766);
insert into T_TERMINALINFO (TERMINAL_ID,TTYPE_ID,SIM_ID,TERMINAL_CODE,ORG_CODE,IS_VIDEO_TERMINAL,SP_SERVER_NAME,PROTOCOL_TYPE,CHANNELS,YT_PROTOCOL_TYPE) values(261767, 4, 27767, '1007766', 'B0000804',1,'1076测试服务器','4',8,'0');
insert into V_VEHICLEINFO (ORG_CODE,VEHICLE_ID,ID_NUMBER,TYPE_ID,TERMINAL_ID,DELETE_FLAG,COLOR_ID_NUMBER_ID,AUTHORIZED_PAY_MASS) values ('B0000804','2601767', '测B07766', 4, 261767, 0, '2',15);

insert into T_SIMINFO (SIM_ID, ORG_CODE, DEPTCODE, STATE,PAY_MODLE, SIM_NUM) values(27768, 'B0000804', '中国移动', 1, '预付费', 13100007767);
insert into T_TERMINALINFO (TERMINAL_ID,TTYPE_ID,SIM_ID,TERMINAL_CODE,ORG_CODE,IS_VIDEO_TERMINAL,SP_SERVER_NAME,PROTOCOL_TYPE,CHANNELS,YT_PROTOCOL_TYPE) values(261768, 4, 27768, '1007767', 'B0000804',1,'1076测试服务器','4',8,'0');
insert into V_VEHICLEINFO (ORG_CODE,VEHICLE_ID,ID_NUMBER,TYPE_ID,TERMINAL_ID,DELETE_FLAG,COLOR_ID_NUMBER_ID,AUTHORIZED_PAY_MASS) values ('B0000804','2601768', '测B07767', 4, 261768, 0, '2',15);

insert into T_SIMINFO (SIM_ID, ORG_CODE, DEPTCODE, STATE,PAY_MODLE, SIM_NUM) values(27769, 'B0000804', '中国移动', 1, '预付费', 13100007768);
insert into T_TERMINALINFO (TERMINAL_ID,TTYPE_ID,SIM_ID,TERMINAL_CODE,ORG_CODE,IS_VIDEO_TERMINAL,SP_SERVER_NAME,PROTOCOL_TYPE,CHANNELS,YT_PROTOCOL_TYPE) values(261769, 4, 27769, '1007768', 'B0000804',1,'1076测试服务器','4',8,'0');
insert into V_VEHICLEINFO (ORG_CODE,VEHICLE_ID,ID_NUMBER,TYPE_ID,TERMINAL_ID,DELETE_FLAG,COLOR_ID_NUMBER_ID,AUTHORIZED_PAY_MASS) values ('B0000804','2601769', '测B07768', 4, 261769, 0, '2',15);

insert into T_SIMINFO (SIM_ID, ORG_CODE, DEPTCODE, STATE,PAY_MODLE, SIM_NUM) values(27770, 'B0000804', '中国移动', 1, '预付费', 13100007769);
insert into T_TERMINALINFO (TERMINAL_ID,TTYPE_ID,SIM_ID,TERMINAL_CODE,ORG_CODE,IS_VIDEO_TERMINAL,SP_SERVER_NAME,PROTOCOL_TYPE,CHANNELS,YT_PROTOCOL_TYPE) values(261770, 4, 27770, '1007769', 'B0000804',1,'1076测试服务器','4',8,'0');
insert into V_VEHICLEINFO (ORG_CODE,VEHICLE_ID,ID_NUMBER,TYPE_ID,TERMINAL_ID,DELETE_FLAG,COLOR_ID_NUMBER_ID,AUTHORIZED_PAY_MASS) values ('B0000804','2601770', '测B07769', 4, 261770, 0, '2',15);

insert into T_SIMINFO (SIM_ID, ORG_CODE, DEPTCODE, STATE,PAY_MODLE, SIM_NUM) values(27771, 'B0000804', '中国移动', 1, '预付费', 13100007770);
insert into T_TERMINALINFO (TERMINAL_ID,TTYPE_ID,SIM_ID,TERMINAL_CODE,ORG_CODE,IS_VIDEO_TERMINAL,SP_SERVER_NAME,PROTOCOL_TYPE,CHANNELS,YT_PROTOCOL_TYPE) values(261771, 4, 27771, '1007770', 'B0000804',1,'1076测试服务器','4',8,'0');
insert into V_VEHICLEINFO (ORG_CODE,VEHICLE_ID,ID_NUMBER,TYPE_ID,TERMINAL_ID,DELETE_FLAG,COLOR_ID_NUMBER_ID,AUTHORIZED_PAY_MASS) values ('B0000804','2601771', '测B07770', 4, 261771, 0, '2',15);

insert into T_SIMINFO (SIM_ID, ORG_CODE, DEPTCODE, STATE,PAY_MODLE, SIM_NUM) values(27772, 'B0000804', '中国移动', 1, '预付费', 13100007771);
insert into T_TERMINALINFO (TERMINAL_ID,TTYPE_ID,SIM_ID,TERMINAL_CODE,ORG_CODE,IS_VIDEO_TERMINAL,SP_SERVER_NAME,PROTOCOL_TYPE,CHANNELS,YT_PROTOCOL_TYPE) values(261772, 4, 27772, '1007771', 'B0000804',1,'1076测试服务器','4',8,'0');
insert into V_VEHICLEINFO (ORG_CODE,VEHICLE_ID,ID_NUMBER,TYPE_ID,TERMINAL_ID,DELETE_FLAG,COLOR_ID_NUMBER_ID,AUTHORIZED_PAY_MASS) values ('B0000804','2601772', '测B07771', 4, 261772, 0, '2',15);

insert into T_SIMINFO (SIM_ID, ORG_CODE, DEPTCODE, STATE,PAY_MODLE, SIM_NUM) values(27773, 'B0000804', '中国移动', 1, '预付费', 13100007772);
insert into T_TERMINALINFO (TERMINAL_ID,TTYPE_ID,SIM_ID,TERMINAL_CODE,ORG_CODE,IS_VIDEO_TERMINAL,SP_SERVER_NAME,PROTOCOL_TYPE,CHANNELS,YT_PROTOCOL_TYPE) values(261773, 4, 27773, '1007772', 'B0000804',1,'1076测试服务器','4',8,'0');
insert into V_VEHICLEINFO (ORG_CODE,VEHICLE_ID,ID_NUMBER,TYPE_ID,TERMINAL_ID,DELETE_FLAG,COLOR_ID_NUMBER_ID,AUTHORIZED_PAY_MASS) values ('B0000804','2601773', '测B07772', 4, 261773, 0, '2',15);

insert into T_SIMINFO (SIM_ID, ORG_CODE, DEPTCODE, STATE,PAY_MODLE, SIM_NUM) values(27774, 'B0000804', '中国移动', 1, '预付费', 13100007773);
insert into T_TERMINALINFO (TERMINAL_ID,TTYPE_ID,SIM_ID,TERMINAL_CODE,ORG_CODE,IS_VIDEO_TERMINAL,SP_SERVER_NAME,PROTOCOL_TYPE,CHANNELS,YT_PROTOCOL_TYPE) values(261774, 4, 27774, '1007773', 'B0000804',1,'1076测试服务器','4',8,'0');
insert into V_VEHICLEINFO (ORG_CODE,VEHICLE_ID,ID_NUMBER,TYPE_ID,TERMINAL_ID,DELETE_FLAG,COLOR_ID_NUMBER_ID,AUTHORIZED_PAY_MASS) values ('B0000804','2601774', '测B07773', 4, 261774, 0, '2',15);

insert into T_SIMINFO (SIM_ID, ORG_CODE, DEPTCODE, STATE,PAY_MODLE, SIM_NUM) values(27775, 'B0000804', '中国移动', 1, '预付费', 13100007774);
insert into T_TERMINALINFO (TERMINAL_ID,TTYPE_ID,SIM_ID,TERMINAL_CODE,ORG_CODE,IS_VIDEO_TERMINAL,SP_SERVER_NAME,PROTOCOL_TYPE,CHANNELS,YT_PROTOCOL_TYPE) values(261775, 4, 27775, '1007774', 'B0000804',1,'1076测试服务器','4',8,'0');
insert into V_VEHICLEINFO (ORG_CODE,VEHICLE_ID,ID_NUMBER,TYPE_ID,TERMINAL_ID,DELETE_FLAG,COLOR_ID_NUMBER_ID,AUTHORIZED_PAY_MASS) values ('B0000804','2601775', '测B07774', 4, 261775, 0, '2',15);

insert into T_SIMINFO (SIM_ID, ORG_CODE, DEPTCODE, STATE,PAY_MODLE, SIM_NUM) values(27776, 'B0000804', '中国移动', 1, '预付费', 13100007775);
insert into T_TERMINALINFO (TERMINAL_ID,TTYPE_ID,SIM_ID,TERMINAL_CODE,ORG_CODE,IS_VIDEO_TERMINAL,SP_SERVER_NAME,PROTOCOL_TYPE,CHANNELS,YT_PROTOCOL_TYPE) values(261776, 4, 27776, '1007775', 'B0000804',1,'1076测试服务器','4',8,'0');
insert into V_VEHICLEINFO (ORG_CODE,VEHICLE_ID,ID_NUMBER,TYPE_ID,TERMINAL_ID,DELETE_FLAG,COLOR_ID_NUMBER_ID,AUTHORIZED_PAY_MASS) values ('B0000804','2601776', '测B07775', 4, 261776, 0, '2',15);

insert into T_SIMINFO (SIM_ID, ORG_CODE, DEPTCODE, STATE,PAY_MODLE, SIM_NUM) values(27777, 'B0000804', '中国移动', 1, '预付费', 13100007776);
insert into T_TERMINALINFO (TERMINAL_ID,TTYPE_ID,SIM_ID,TERMINAL_CODE,ORG_CODE,IS_VIDEO_TERMINAL,SP_SERVER_NAME,PROTOCOL_TYPE,CHANNELS,YT_PROTOCOL_TYPE) values(261777, 4, 27777, '1007776', 'B0000804',1,'1076测试服务器','4',8,'0');
insert into V_VEHICLEINFO (ORG_CODE,VEHICLE_ID,ID_NUMBER,TYPE_ID,TERMINAL_ID,DELETE_FLAG,COLOR_ID_NUMBER_ID,AUTHORIZED_PAY_MASS) values ('B0000804','2601777', '测B07776', 4, 261777, 0, '2',15);

insert into T_SIMINFO (SIM_ID, ORG_CODE, DEPTCODE, STATE,PAY_MODLE, SIM_NUM) values(27778, 'B0000804', '中国移动', 1, '预付费', 13100007777);
insert into T_TERMINALINFO (TERMINAL_ID,TTYPE_ID,SIM_ID,TERMINAL_CODE,ORG_CODE,IS_VIDEO_TERMINAL,SP_SERVER_NAME,PROTOCOL_TYPE,CHANNELS,YT_PROTOCOL_TYPE) values(261778, 4, 27778, '1007777', 'B0000804',1,'1076测试服务器','4',8,'0');
insert into V_VEHICLEINFO (ORG_CODE,VEHICLE_ID,ID_NUMBER,TYPE_ID,TERMINAL_ID,DELETE_FLAG,COLOR_ID_NUMBER_ID,AUTHORIZED_PAY_MASS) values ('B0000804','2601778', '测B07777', 4, 261778, 0, '2',15);

insert into T_SIMINFO (SIM_ID, ORG_CODE, DEPTCODE, STATE,PAY_MODLE, SIM_NUM) values(27779, 'B0000804', '中国移动', 1, '预付费', 13100007778);
insert into T_TERMINALINFO (TERMINAL_ID,TTYPE_ID,SIM_ID,TERMINAL_CODE,ORG_CODE,IS_VIDEO_TERMINAL,SP_SERVER_NAME,PROTOCOL_TYPE,CHANNELS,YT_PROTOCOL_TYPE) values(261779, 4, 27779, '1007778', 'B0000804',1,'1076测试服务器','4',8,'0');
insert into V_VEHICLEINFO (ORG_CODE,VEHICLE_ID,ID_NUMBER,TYPE_ID,TERMINAL_ID,DELETE_FLAG,COLOR_ID_NUMBER_ID,AUTHORIZED_PAY_MASS) values ('B0000804','2601779', '测B07778', 4, 261779, 0, '2',15);

insert into T_SIMINFO (SIM_ID, ORG_CODE, DEPTCODE, STATE,PAY_MODLE, SIM_NUM) values(27780, 'B0000804', '中国移动', 1, '预付费', 13100007779);
insert into T_TERMINALINFO (TERMINAL_ID,TTYPE_ID,SIM_ID,TERMINAL_CODE,ORG_CODE,IS_VIDEO_TERMINAL,SP_SERVER_NAME,PROTOCOL_TYPE,CHANNELS,YT_PROTOCOL_TYPE) values(261780, 4, 27780, '1007779', 'B0000804',1,'1076测试服务器','4',8,'0');
insert into V_VEHICLEINFO (ORG_CODE,VEHICLE_ID,ID_NUMBER,TYPE_ID,TERMINAL_ID,DELETE_FLAG,COLOR_ID_NUMBER_ID,AUTHORIZED_PAY_MASS) values ('B0000804','2601780', '测B07779', 4, 261780, 0, '2',15);

insert into T_SIMINFO (SIM_ID, ORG_CODE, DEPTCODE, STATE,PAY_MODLE, SIM_NUM) values(27781, 'B0000804', '中国移动', 1, '预付费', 13100007780);
insert into T_TERMINALINFO (TERMINAL_ID,TTYPE_ID,SIM_ID,TERMINAL_CODE,ORG_CODE,IS_VIDEO_TERMINAL,SP_SERVER_NAME,PROTOCOL_TYPE,CHANNELS,YT_PROTOCOL_TYPE) values(261781, 4, 27781, '1007780', 'B0000804',1,'1076测试服务器','4',8,'0');
insert into V_VEHICLEINFO (ORG_CODE,VEHICLE_ID,ID_NUMBER,TYPE_ID,TERMINAL_ID,DELETE_FLAG,COLOR_ID_NUMBER_ID,AUTHORIZED_PAY_MASS) values ('B0000804','2601781', '测B07780', 4, 261781, 0, '2',15);

insert into T_SIMINFO (SIM_ID, ORG_CODE, DEPTCODE, STATE,PAY_MODLE, SIM_NUM) values(27782, 'B0000804', '中国移动', 1, '预付费', 13100007781);
insert into T_TERMINALINFO (TERMINAL_ID,TTYPE_ID,SIM_ID,TERMINAL_CODE,ORG_CODE,IS_VIDEO_TERMINAL,SP_SERVER_NAME,PROTOCOL_TYPE,CHANNELS,YT_PROTOCOL_TYPE) values(261782, 4, 27782, '1007781', 'B0000804',1,'1076测试服务器','4',8,'0');
insert into V_VEHICLEINFO (ORG_CODE,VEHICLE_ID,ID_NUMBER,TYPE_ID,TERMINAL_ID,DELETE_FLAG,COLOR_ID_NUMBER_ID,AUTHORIZED_PAY_MASS) values ('B0000804','2601782', '测B07781', 4, 261782, 0, '2',15);

insert into T_SIMINFO (SIM_ID, ORG_CODE, DEPTCODE, STATE,PAY_MODLE, SIM_NUM) values(27783, 'B0000804', '中国移动', 1, '预付费', 13100007782);
insert into T_TERMINALINFO (TERMINAL_ID,TTYPE_ID,SIM_ID,TERMINAL_CODE,ORG_CODE,IS_VIDEO_TERMINAL,SP_SERVER_NAME,PROTOCOL_TYPE,CHANNELS,YT_PROTOCOL_TYPE) values(261783, 4, 27783, '1007782', 'B0000804',1,'1076测试服务器','4',8,'0');
insert into V_VEHICLEINFO (ORG_CODE,VEHICLE_ID,ID_NUMBER,TYPE_ID,TERMINAL_ID,DELETE_FLAG,COLOR_ID_NUMBER_ID,AUTHORIZED_PAY_MASS) values ('B0000804','2601783', '测B07782', 4, 261783, 0, '2',15);

insert into T_SIMINFO (SIM_ID, ORG_CODE, DEPTCODE, STATE,PAY_MODLE, SIM_NUM) values(27784, 'B0000804', '中国移动', 1, '预付费', 13100007783);
insert into T_TERMINALINFO (TERMINAL_ID,TTYPE_ID,SIM_ID,TERMINAL_CODE,ORG_CODE,IS_VIDEO_TERMINAL,SP_SERVER_NAME,PROTOCOL_TYPE,CHANNELS,YT_PROTOCOL_TYPE) values(261784, 4, 27784, '1007783', 'B0000804',1,'1076测试服务器','4',8,'0');
insert into V_VEHICLEINFO (ORG_CODE,VEHICLE_ID,ID_NUMBER,TYPE_ID,TERMINAL_ID,DELETE_FLAG,COLOR_ID_NUMBER_ID,AUTHORIZED_PAY_MASS) values ('B0000804','2601784', '测B07783', 4, 261784, 0, '2',15);

insert into T_SIMINFO (SIM_ID, ORG_CODE, DEPTCODE, STATE,PAY_MODLE, SIM_NUM) values(27785, 'B0000804', '中国移动', 1, '预付费', 13100007784);
insert into T_TERMINALINFO (TERMINAL_ID,TTYPE_ID,SIM_ID,TERMINAL_CODE,ORG_CODE,IS_VIDEO_TERMINAL,SP_SERVER_NAME,PROTOCOL_TYPE,CHANNELS,YT_PROTOCOL_TYPE) values(261785, 4, 27785, '1007784', 'B0000804',1,'1076测试服务器','4',8,'0');
insert into V_VEHICLEINFO (ORG_CODE,VEHICLE_ID,ID_NUMBER,TYPE_ID,TERMINAL_ID,DELETE_FLAG,COLOR_ID_NUMBER_ID,AUTHORIZED_PAY_MASS) values ('B0000804','2601785', '测B07784', 4, 261785, 0, '2',15);

insert into T_SIMINFO (SIM_ID, ORG_CODE, DEPTCODE, STATE,PAY_MODLE, SIM_NUM) values(27786, 'B0000804', '中国移动', 1, '预付费', 13100007785);
insert into T_TERMINALINFO (TERMINAL_ID,TTYPE_ID,SIM_ID,TERMINAL_CODE,ORG_CODE,IS_VIDEO_TERMINAL,SP_SERVER_NAME,PROTOCOL_TYPE,CHANNELS,YT_PROTOCOL_TYPE) values(261786, 4, 27786, '1007785', 'B0000804',1,'1076测试服务器','4',8,'0');
insert into V_VEHICLEINFO (ORG_CODE,VEHICLE_ID,ID_NUMBER,TYPE_ID,TERMINAL_ID,DELETE_FLAG,COLOR_ID_NUMBER_ID,AUTHORIZED_PAY_MASS) values ('B0000804','2601786', '测B07785', 4, 261786, 0, '2',15);

insert into T_SIMINFO (SIM_ID, ORG_CODE, DEPTCODE, STATE,PAY_MODLE, SIM_NUM) values(27787, 'B0000804', '中国移动', 1, '预付费', 13100007786);
insert into T_TERMINALINFO (TERMINAL_ID,TTYPE_ID,SIM_ID,TERMINAL_CODE,ORG_CODE,IS_VIDEO_TERMINAL,SP_SERVER_NAME,PROTOCOL_TYPE,CHANNELS,YT_PROTOCOL_TYPE) values(261787, 4, 27787, '1007786', 'B0000804',1,'1076测试服务器','4',8,'0');
insert into V_VEHICLEINFO (ORG_CODE,VEHICLE_ID,ID_NUMBER,TYPE_ID,TERMINAL_ID,DELETE_FLAG,COLOR_ID_NUMBER_ID,AUTHORIZED_PAY_MASS) values ('B0000804','2601787', '测B07786', 4, 261787, 0, '2',15);

insert into T_SIMINFO (SIM_ID, ORG_CODE, DEPTCODE, STATE,PAY_MODLE, SIM_NUM) values(27788, 'B0000804', '中国移动', 1, '预付费', 13100007787);
insert into T_TERMINALINFO (TERMINAL_ID,TTYPE_ID,SIM_ID,TERMINAL_CODE,ORG_CODE,IS_VIDEO_TERMINAL,SP_SERVER_NAME,PROTOCOL_TYPE,CHANNELS,YT_PROTOCOL_TYPE) values(261788, 4, 27788, '1007787', 'B0000804',1,'1076测试服务器','4',8,'0');
insert into V_VEHICLEINFO (ORG_CODE,VEHICLE_ID,ID_NUMBER,TYPE_ID,TERMINAL_ID,DELETE_FLAG,COLOR_ID_NUMBER_ID,AUTHORIZED_PAY_MASS) values ('B0000804','2601788', '测B07787', 4, 261788, 0, '2',15);

insert into T_SIMINFO (SIM_ID, ORG_CODE, DEPTCODE, STATE,PAY_MODLE, SIM_NUM) values(27789, 'B0000804', '中国移动', 1, '预付费', 13100007788);
insert into T_TERMINALINFO (TERMINAL_ID,TTYPE_ID,SIM_ID,TERMINAL_CODE,ORG_CODE,IS_VIDEO_TERMINAL,SP_SERVER_NAME,PROTOCOL_TYPE,CHANNELS,YT_PROTOCOL_TYPE) values(261789, 4, 27789, '1007788', 'B0000804',1,'1076测试服务器','4',8,'0');
insert into V_VEHICLEINFO (ORG_CODE,VEHICLE_ID,ID_NUMBER,TYPE_ID,TERMINAL_ID,DELETE_FLAG,COLOR_ID_NUMBER_ID,AUTHORIZED_PAY_MASS) values ('B0000804','2601789', '测B07788', 4, 261789, 0, '2',15);

insert into T_SIMINFO (SIM_ID, ORG_CODE, DEPTCODE, STATE,PAY_MODLE, SIM_NUM) values(27790, 'B0000804', '中国移动', 1, '预付费', 13100007789);
insert into T_TERMINALINFO (TERMINAL_ID,TTYPE_ID,SIM_ID,TERMINAL_CODE,ORG_CODE,IS_VIDEO_TERMINAL,SP_SERVER_NAME,PROTOCOL_TYPE,CHANNELS,YT_PROTOCOL_TYPE) values(261790, 4, 27790, '1007789', 'B0000804',1,'1076测试服务器','4',8,'0');
insert into V_VEHICLEINFO (ORG_CODE,VEHICLE_ID,ID_NUMBER,TYPE_ID,TERMINAL_ID,DELETE_FLAG,COLOR_ID_NUMBER_ID,AUTHORIZED_PAY_MASS) values ('B0000804','2601790', '测B07789', 4, 261790, 0, '2',15);

insert into T_SIMINFO (SIM_ID, ORG_CODE, DEPTCODE, STATE,PAY_MODLE, SIM_NUM) values(27791, 'B0000804', '中国移动', 1, '预付费', 13100007790);
insert into T_TERMINALINFO (TERMINAL_ID,TTYPE_ID,SIM_ID,TERMINAL_CODE,ORG_CODE,IS_VIDEO_TERMINAL,SP_SERVER_NAME,PROTOCOL_TYPE,CHANNELS,YT_PROTOCOL_TYPE) values(261791, 4, 27791, '1007790', 'B0000804',1,'1076测试服务器','4',8,'0');
insert into V_VEHICLEINFO (ORG_CODE,VEHICLE_ID,ID_NUMBER,TYPE_ID,TERMINAL_ID,DELETE_FLAG,COLOR_ID_NUMBER_ID,AUTHORIZED_PAY_MASS) values ('B0000804','2601791', '测B07790', 4, 261791, 0, '2',15);

insert into T_SIMINFO (SIM_ID, ORG_CODE, DEPTCODE, STATE,PAY_MODLE, SIM_NUM) values(27792, 'B0000804', '中国移动', 1, '预付费', 13100007791);
insert into T_TERMINALINFO (TERMINAL_ID,TTYPE_ID,SIM_ID,TERMINAL_CODE,ORG_CODE,IS_VIDEO_TERMINAL,SP_SERVER_NAME,PROTOCOL_TYPE,CHANNELS,YT_PROTOCOL_TYPE) values(261792, 4, 27792, '1007791', 'B0000804',1,'1076测试服务器','4',8,'0');
insert into V_VEHICLEINFO (ORG_CODE,VEHICLE_ID,ID_NUMBER,TYPE_ID,TERMINAL_ID,DELETE_FLAG,COLOR_ID_NUMBER_ID,AUTHORIZED_PAY_MASS) values ('B0000804','2601792', '测B07791', 4, 261792, 0, '2',15);

insert into T_SIMINFO (SIM_ID, ORG_CODE, DEPTCODE, STATE,PAY_MODLE, SIM_NUM) values(27793, 'B0000804', '中国移动', 1, '预付费', 13100007792);
insert into T_TERMINALINFO (TERMINAL_ID,TTYPE_ID,SIM_ID,TERMINAL_CODE,ORG_CODE,IS_VIDEO_TERMINAL,SP_SERVER_NAME,PROTOCOL_TYPE,CHANNELS,YT_PROTOCOL_TYPE) values(261793, 4, 27793, '1007792', 'B0000804',1,'1076测试服务器','4',8,'0');
insert into V_VEHICLEINFO (ORG_CODE,VEHICLE_ID,ID_NUMBER,TYPE_ID,TERMINAL_ID,DELETE_FLAG,COLOR_ID_NUMBER_ID,AUTHORIZED_PAY_MASS) values ('B0000804','2601793', '测B07792', 4, 261793, 0, '2',15);

insert into T_SIMINFO (SIM_ID, ORG_CODE, DEPTCODE, STATE,PAY_MODLE, SIM_NUM) values(27794, 'B0000804', '中国移动', 1, '预付费', 13100007793);
insert into T_TERMINALINFO (TERMINAL_ID,TTYPE_ID,SIM_ID,TERMINAL_CODE,ORG_CODE,IS_VIDEO_TERMINAL,SP_SERVER_NAME,PROTOCOL_TYPE,CHANNELS,YT_PROTOCOL_TYPE) values(261794, 4, 27794, '1007793', 'B0000804',1,'1076测试服务器','4',8,'0');
insert into V_VEHICLEINFO (ORG_CODE,VEHICLE_ID,ID_NUMBER,TYPE_ID,TERMINAL_ID,DELETE_FLAG,COLOR_ID_NUMBER_ID,AUTHORIZED_PAY_MASS) values ('B0000804','2601794', '测B07793', 4, 261794, 0, '2',15);

insert into T_SIMINFO (SIM_ID, ORG_CODE, DEPTCODE, STATE,PAY_MODLE, SIM_NUM) values(27795, 'B0000804', '中国移动', 1, '预付费', 13100007794);
insert into T_TERMINALINFO (TERMINAL_ID,TTYPE_ID,SIM_ID,TERMINAL_CODE,ORG_CODE,IS_VIDEO_TERMINAL,SP_SERVER_NAME,PROTOCOL_TYPE,CHANNELS,YT_PROTOCOL_TYPE) values(261795, 4, 27795, '1007794', 'B0000804',1,'1076测试服务器','4',8,'0');
insert into V_VEHICLEINFO (ORG_CODE,VEHICLE_ID,ID_NUMBER,TYPE_ID,TERMINAL_ID,DELETE_FLAG,COLOR_ID_NUMBER_ID,AUTHORIZED_PAY_MASS) values ('B0000804','2601795', '测B07794', 4, 261795, 0, '2',15);

insert into T_SIMINFO (SIM_ID, ORG_CODE, DEPTCODE, STATE,PAY_MODLE, SIM_NUM) values(27796, 'B0000804', '中国移动', 1, '预付费', 13100007795);
insert into T_TERMINALINFO (TERMINAL_ID,TTYPE_ID,SIM_ID,TERMINAL_CODE,ORG_CODE,IS_VIDEO_TERMINAL,SP_SERVER_NAME,PROTOCOL_TYPE,CHANNELS,YT_PROTOCOL_TYPE) values(261796, 4, 27796, '1007795', 'B0000804',1,'1076测试服务器','4',8,'0');
insert into V_VEHICLEINFO (ORG_CODE,VEHICLE_ID,ID_NUMBER,TYPE_ID,TERMINAL_ID,DELETE_FLAG,COLOR_ID_NUMBER_ID,AUTHORIZED_PAY_MASS) values ('B0000804','2601796', '测B07795', 4, 261796, 0, '2',15);

insert into T_SIMINFO (SIM_ID, ORG_CODE, DEPTCODE, STATE,PAY_MODLE, SIM_NUM) values(27797, 'B0000804', '中国移动', 1, '预付费', 13100007796);
insert into T_TERMINALINFO (TERMINAL_ID,TTYPE_ID,SIM_ID,TERMINAL_CODE,ORG_CODE,IS_VIDEO_TERMINAL,SP_SERVER_NAME,PROTOCOL_TYPE,CHANNELS,YT_PROTOCOL_TYPE) values(261797, 4, 27797, '1007796', 'B0000804',1,'1076测试服务器','4',8,'0');
insert into V_VEHICLEINFO (ORG_CODE,VEHICLE_ID,ID_NUMBER,TYPE_ID,TERMINAL_ID,DELETE_FLAG,COLOR_ID_NUMBER_ID,AUTHORIZED_PAY_MASS) values ('B0000804','2601797', '测B07796', 4, 261797, 0, '2',15);

insert into T_SIMINFO (SIM_ID, ORG_CODE, DEPTCODE, STATE,PAY_MODLE, SIM_NUM) values(27798, 'B0000804', '中国移动', 1, '预付费', 13100007797);
insert into T_TERMINALINFO (TERMINAL_ID,TTYPE_ID,SIM_ID,TERMINAL_CODE,ORG_CODE,IS_VIDEO_TERMINAL,SP_SERVER_NAME,PROTOCOL_TYPE,CHANNELS,YT_PROTOCOL_TYPE) values(261798, 4, 27798, '1007797', 'B0000804',1,'1076测试服务器','4',8,'0');
insert into V_VEHICLEINFO (ORG_CODE,VEHICLE_ID,ID_NUMBER,TYPE_ID,TERMINAL_ID,DELETE_FLAG,COLOR_ID_NUMBER_ID,AUTHORIZED_PAY_MASS) values ('B0000804','2601798', '测B07797', 4, 261798, 0, '2',15);

insert into T_SIMINFO (SIM_ID, ORG_CODE, DEPTCODE, STATE,PAY_MODLE, SIM_NUM) values(27799, 'B0000804', '中国移动', 1, '预付费', 13100007798);
insert into T_TERMINALINFO (TERMINAL_ID,TTYPE_ID,SIM_ID,TERMINAL_CODE,ORG_CODE,IS_VIDEO_TERMINAL,SP_SERVER_NAME,PROTOCOL_TYPE,CHANNELS,YT_PROTOCOL_TYPE) values(261799, 4, 27799, '1007798', 'B0000804',1,'1076测试服务器','4',8,'0');
insert into V_VEHICLEINFO (ORG_CODE,VEHICLE_ID,ID_NUMBER,TYPE_ID,TERMINAL_ID,DELETE_FLAG,COLOR_ID_NUMBER_ID,AUTHORIZED_PAY_MASS) values ('B0000804','2601799', '测B07798', 4, 261799, 0, '2',15);

insert into T_SIMINFO (SIM_ID, ORG_CODE, DEPTCODE, STATE,PAY_MODLE, SIM_NUM) values(27800, 'B0000804', '中国移动', 1, '预付费', 13100007799);
insert into T_TERMINALINFO (TERMINAL_ID,TTYPE_ID,SIM_ID,TERMINAL_CODE,ORG_CODE,IS_VIDEO_TERMINAL,SP_SERVER_NAME,PROTOCOL_TYPE,CHANNELS,YT_PROTOCOL_TYPE) values(261800, 4, 27800, '1007799', 'B0000804',1,'1076测试服务器','4',8,'0');
insert into V_VEHICLEINFO (ORG_CODE,VEHICLE_ID,ID_NUMBER,TYPE_ID,TERMINAL_ID,DELETE_FLAG,COLOR_ID_NUMBER_ID,AUTHORIZED_PAY_MASS) values ('B0000804','2601800', '测B07799', 4, 261800, 0, '2',15);

insert into T_SIMINFO (SIM_ID, ORG_CODE, DEPTCODE, STATE,PAY_MODLE, SIM_NUM) values(27801, 'B0000804', '中国移动', 1, '预付费', 13100007800);
insert into T_TERMINALINFO (TERMINAL_ID,TTYPE_ID,SIM_ID,TERMINAL_CODE,ORG_CODE,IS_VIDEO_TERMINAL,SP_SERVER_NAME,PROTOCOL_TYPE,CHANNELS,YT_PROTOCOL_TYPE) values(261801, 4, 27801, '1007800', 'B0000804',1,'1076测试服务器','4',8,'0');
insert into V_VEHICLEINFO (ORG_CODE,VEHICLE_ID,ID_NUMBER,TYPE_ID,TERMINAL_ID,DELETE_FLAG,COLOR_ID_NUMBER_ID,AUTHORIZED_PAY_MASS) values ('B0000804','2601801', '测B07800', 4, 261801, 0, '2',15);

insert into T_SIMINFO (SIM_ID, ORG_CODE, DEPTCODE, STATE,PAY_MODLE, SIM_NUM) values(27802, 'B0000804', '中国移动', 1, '预付费', 13100007801);
insert into T_TERMINALINFO (TERMINAL_ID,TTYPE_ID,SIM_ID,TERMINAL_CODE,ORG_CODE,IS_VIDEO_TERMINAL,SP_SERVER_NAME,PROTOCOL_TYPE,CHANNELS,YT_PROTOCOL_TYPE) values(261802, 4, 27802, '1007801', 'B0000804',1,'1076测试服务器','4',8,'0');
insert into V_VEHICLEINFO (ORG_CODE,VEHICLE_ID,ID_NUMBER,TYPE_ID,TERMINAL_ID,DELETE_FLAG,COLOR_ID_NUMBER_ID,AUTHORIZED_PAY_MASS) values ('B0000804','2601802', '测B07801', 4, 261802, 0, '2',15);

insert into T_SIMINFO (SIM_ID, ORG_CODE, DEPTCODE, STATE,PAY_MODLE, SIM_NUM) values(27803, 'B0000804', '中国移动', 1, '预付费', 13100007802);
insert into T_TERMINALINFO (TERMINAL_ID,TTYPE_ID,SIM_ID,TERMINAL_CODE,ORG_CODE,IS_VIDEO_TERMINAL,SP_SERVER_NAME,PROTOCOL_TYPE,CHANNELS,YT_PROTOCOL_TYPE) values(261803, 4, 27803, '1007802', 'B0000804',1,'1076测试服务器','4',8,'0');
insert into V_VEHICLEINFO (ORG_CODE,VEHICLE_ID,ID_NUMBER,TYPE_ID,TERMINAL_ID,DELETE_FLAG,COLOR_ID_NUMBER_ID,AUTHORIZED_PAY_MASS) values ('B0000804','2601803', '测B07802', 4, 261803, 0, '2',15);

insert into T_SIMINFO (SIM_ID, ORG_CODE, DEPTCODE, STATE,PAY_MODLE, SIM_NUM) values(27804, 'B0000804', '中国移动', 1, '预付费', 13100007803);
insert into T_TERMINALINFO (TERMINAL_ID,TTYPE_ID,SIM_ID,TERMINAL_CODE,ORG_CODE,IS_VIDEO_TERMINAL,SP_SERVER_NAME,PROTOCOL_TYPE,CHANNELS,YT_PROTOCOL_TYPE) values(261804, 4, 27804, '1007803', 'B0000804',1,'1076测试服务器','4',8,'0');
insert into V_VEHICLEINFO (ORG_CODE,VEHICLE_ID,ID_NUMBER,TYPE_ID,TERMINAL_ID,DELETE_FLAG,COLOR_ID_NUMBER_ID,AUTHORIZED_PAY_MASS) values ('B0000804','2601804', '测B07803', 4, 261804, 0, '2',15);

insert into T_SIMINFO (SIM_ID, ORG_CODE, DEPTCODE, STATE,PAY_MODLE, SIM_NUM) values(27805, 'B0000804', '中国移动', 1, '预付费', 13100007804);
insert into T_TERMINALINFO (TERMINAL_ID,TTYPE_ID,SIM_ID,TERMINAL_CODE,ORG_CODE,IS_VIDEO_TERMINAL,SP_SERVER_NAME,PROTOCOL_TYPE,CHANNELS,YT_PROTOCOL_TYPE) values(261805, 4, 27805, '1007804', 'B0000804',1,'1076测试服务器','4',8,'0');
insert into V_VEHICLEINFO (ORG_CODE,VEHICLE_ID,ID_NUMBER,TYPE_ID,TERMINAL_ID,DELETE_FLAG,COLOR_ID_NUMBER_ID,AUTHORIZED_PAY_MASS) values ('B0000804','2601805', '测B07804', 4, 261805, 0, '2',15);

insert into T_SIMINFO (SIM_ID, ORG_CODE, DEPTCODE, STATE,PAY_MODLE, SIM_NUM) values(27806, 'B0000804', '中国移动', 1, '预付费', 13100007805);
insert into T_TERMINALINFO (TERMINAL_ID,TTYPE_ID,SIM_ID,TERMINAL_CODE,ORG_CODE,IS_VIDEO_TERMINAL,SP_SERVER_NAME,PROTOCOL_TYPE,CHANNELS,YT_PROTOCOL_TYPE) values(261806, 4, 27806, '1007805', 'B0000804',1,'1076测试服务器','4',8,'0');
insert into V_VEHICLEINFO (ORG_CODE,VEHICLE_ID,ID_NUMBER,TYPE_ID,TERMINAL_ID,DELETE_FLAG,COLOR_ID_NUMBER_ID,AUTHORIZED_PAY_MASS) values ('B0000804','2601806', '测B07805', 4, 261806, 0, '2',15);

insert into T_SIMINFO (SIM_ID, ORG_CODE, DEPTCODE, STATE,PAY_MODLE, SIM_NUM) values(27807, 'B0000804', '中国移动', 1, '预付费', 13100007806);
insert into T_TERMINALINFO (TERMINAL_ID,TTYPE_ID,SIM_ID,TERMINAL_CODE,ORG_CODE,IS_VIDEO_TERMINAL,SP_SERVER_NAME,PROTOCOL_TYPE,CHANNELS,YT_PROTOCOL_TYPE) values(261807, 4, 27807, '1007806', 'B0000804',1,'1076测试服务器','4',8,'0');
insert into V_VEHICLEINFO (ORG_CODE,VEHICLE_ID,ID_NUMBER,TYPE_ID,TERMINAL_ID,DELETE_FLAG,COLOR_ID_NUMBER_ID,AUTHORIZED_PAY_MASS) values ('B0000804','2601807', '测B07806', 4, 261807, 0, '2',15);

insert into T_SIMINFO (SIM_ID, ORG_CODE, DEPTCODE, STATE,PAY_MODLE, SIM_NUM) values(27808, 'B0000804', '中国移动', 1, '预付费', 13100007807);
insert into T_TERMINALINFO (TERMINAL_ID,TTYPE_ID,SIM_ID,TERMINAL_CODE,ORG_CODE,IS_VIDEO_TERMINAL,SP_SERVER_NAME,PROTOCOL_TYPE,CHANNELS,YT_PROTOCOL_TYPE) values(261808, 4, 27808, '1007807', 'B0000804',1,'1076测试服务器','4',8,'0');
insert into V_VEHICLEINFO (ORG_CODE,VEHICLE_ID,ID_NUMBER,TYPE_ID,TERMINAL_ID,DELETE_FLAG,COLOR_ID_NUMBER_ID,AUTHORIZED_PAY_MASS) values ('B0000804','2601808', '测B07807', 4, 261808, 0, '2',15);

insert into T_SIMINFO (SIM_ID, ORG_CODE, DEPTCODE, STATE,PAY_MODLE, SIM_NUM) values(27809, 'B0000804', '中国移动', 1, '预付费', 13100007808);
insert into T_TERMINALINFO (TERMINAL_ID,TTYPE_ID,SIM_ID,TERMINAL_CODE,ORG_CODE,IS_VIDEO_TERMINAL,SP_SERVER_NAME,PROTOCOL_TYPE,CHANNELS,YT_PROTOCOL_TYPE) values(261809, 4, 27809, '1007808', 'B0000804',1,'1076测试服务器','4',8,'0');
insert into V_VEHICLEINFO (ORG_CODE,VEHICLE_ID,ID_NUMBER,TYPE_ID,TERMINAL_ID,DELETE_FLAG,COLOR_ID_NUMBER_ID,AUTHORIZED_PAY_MASS) values ('B0000804','2601809', '测B07808', 4, 261809, 0, '2',15);

insert into T_SIMINFO (SIM_ID, ORG_CODE, DEPTCODE, STATE,PAY_MODLE, SIM_NUM) values(27810, 'B0000804', '中国移动', 1, '预付费', 13100007809);
insert into T_TERMINALINFO (TERMINAL_ID,TTYPE_ID,SIM_ID,TERMINAL_CODE,ORG_CODE,IS_VIDEO_TERMINAL,SP_SERVER_NAME,PROTOCOL_TYPE,CHANNELS,YT_PROTOCOL_TYPE) values(261810, 4, 27810, '1007809', 'B0000804',1,'1076测试服务器','4',8,'0');
insert into V_VEHICLEINFO (ORG_CODE,VEHICLE_ID,ID_NUMBER,TYPE_ID,TERMINAL_ID,DELETE_FLAG,COLOR_ID_NUMBER_ID,AUTHORIZED_PAY_MASS) values ('B0000804','2601810', '测B07809', 4, 261810, 0, '2',15);

insert into T_SIMINFO (SIM_ID, ORG_CODE, DEPTCODE, STATE,PAY_MODLE, SIM_NUM) values(27811, 'B0000804', '中国移动', 1, '预付费', 13100007810);
insert into T_TERMINALINFO (TERMINAL_ID,TTYPE_ID,SIM_ID,TERMINAL_CODE,ORG_CODE,IS_VIDEO_TERMINAL,SP_SERVER_NAME,PROTOCOL_TYPE,CHANNELS,YT_PROTOCOL_TYPE) values(261811, 4, 27811, '1007810', 'B0000804',1,'1076测试服务器','4',8,'0');
insert into V_VEHICLEINFO (ORG_CODE,VEHICLE_ID,ID_NUMBER,TYPE_ID,TERMINAL_ID,DELETE_FLAG,COLOR_ID_NUMBER_ID,AUTHORIZED_PAY_MASS) values ('B0000804','2601811', '测B07810', 4, 261811, 0, '2',15);

insert into T_SIMINFO (SIM_ID, ORG_CODE, DEPTCODE, STATE,PAY_MODLE, SIM_NUM) values(27812, 'B0000804', '中国移动', 1, '预付费', 13100007811);
insert into T_TERMINALINFO (TERMINAL_ID,TTYPE_ID,SIM_ID,TERMINAL_CODE,ORG_CODE,IS_VIDEO_TERMINAL,SP_SERVER_NAME,PROTOCOL_TYPE,CHANNELS,YT_PROTOCOL_TYPE) values(261812, 4, 27812, '1007811', 'B0000804',1,'1076测试服务器','4',8,'0');
insert into V_VEHICLEINFO (ORG_CODE,VEHICLE_ID,ID_NUMBER,TYPE_ID,TERMINAL_ID,DELETE_FLAG,COLOR_ID_NUMBER_ID,AUTHORIZED_PAY_MASS) values ('B0000804','2601812', '测B07811', 4, 261812, 0, '2',15);

insert into T_SIMINFO (SIM_ID, ORG_CODE, DEPTCODE, STATE,PAY_MODLE, SIM_NUM) values(27813, 'B0000804', '中国移动', 1, '预付费', 13100007812);
insert into T_TERMINALINFO (TERMINAL_ID,TTYPE_ID,SIM_ID,TERMINAL_CODE,ORG_CODE,IS_VIDEO_TERMINAL,SP_SERVER_NAME,PROTOCOL_TYPE,CHANNELS,YT_PROTOCOL_TYPE) values(261813, 4, 27813, '1007812', 'B0000804',1,'1076测试服务器','4',8,'0');
insert into V_VEHICLEINFO (ORG_CODE,VEHICLE_ID,ID_NUMBER,TYPE_ID,TERMINAL_ID,DELETE_FLAG,COLOR_ID_NUMBER_ID,AUTHORIZED_PAY_MASS) values ('B0000804','2601813', '测B07812', 4, 261813, 0, '2',15);

insert into T_SIMINFO (SIM_ID, ORG_CODE, DEPTCODE, STATE,PAY_MODLE, SIM_NUM) values(27814, 'B0000804', '中国移动', 1, '预付费', 13100007813);
insert into T_TERMINALINFO (TERMINAL_ID,TTYPE_ID,SIM_ID,TERMINAL_CODE,ORG_CODE,IS_VIDEO_TERMINAL,SP_SERVER_NAME,PROTOCOL_TYPE,CHANNELS,YT_PROTOCOL_TYPE) values(261814, 4, 27814, '1007813', 'B0000804',1,'1076测试服务器','4',8,'0');
insert into V_VEHICLEINFO (ORG_CODE,VEHICLE_ID,ID_NUMBER,TYPE_ID,TERMINAL_ID,DELETE_FLAG,COLOR_ID_NUMBER_ID,AUTHORIZED_PAY_MASS) values ('B0000804','2601814', '测B07813', 4, 261814, 0, '2',15);

insert into T_SIMINFO (SIM_ID, ORG_CODE, DEPTCODE, STATE,PAY_MODLE, SIM_NUM) values(27815, 'B0000804', '中国移动', 1, '预付费', 13100007814);
insert into T_TERMINALINFO (TERMINAL_ID,TTYPE_ID,SIM_ID,TERMINAL_CODE,ORG_CODE,IS_VIDEO_TERMINAL,SP_SERVER_NAME,PROTOCOL_TYPE,CHANNELS,YT_PROTOCOL_TYPE) values(261815, 4, 27815, '1007814', 'B0000804',1,'1076测试服务器','4',8,'0');
insert into V_VEHICLEINFO (ORG_CODE,VEHICLE_ID,ID_NUMBER,TYPE_ID,TERMINAL_ID,DELETE_FLAG,COLOR_ID_NUMBER_ID,AUTHORIZED_PAY_MASS) values ('B0000804','2601815', '测B07814', 4, 261815, 0, '2',15);

insert into T_SIMINFO (SIM_ID, ORG_CODE, DEPTCODE, STATE,PAY_MODLE, SIM_NUM) values(27816, 'B0000804', '中国移动', 1, '预付费', 13100007815);
insert into T_TERMINALINFO (TERMINAL_ID,TTYPE_ID,SIM_ID,TERMINAL_CODE,ORG_CODE,IS_VIDEO_TERMINAL,SP_SERVER_NAME,PROTOCOL_TYPE,CHANNELS,YT_PROTOCOL_TYPE) values(261816, 4, 27816, '1007815', 'B0000804',1,'1076测试服务器','4',8,'0');
insert into V_VEHICLEINFO (ORG_CODE,VEHICLE_ID,ID_NUMBER,TYPE_ID,TERMINAL_ID,DELETE_FLAG,COLOR_ID_NUMBER_ID,AUTHORIZED_PAY_MASS) values ('B0000804','2601816', '测B07815', 4, 261816, 0, '2',15);

insert into T_SIMINFO (SIM_ID, ORG_CODE, DEPTCODE, STATE,PAY_MODLE, SIM_NUM) values(27817, 'B0000804', '中国移动', 1, '预付费', 13100007816);
insert into T_TERMINALINFO (TERMINAL_ID,TTYPE_ID,SIM_ID,TERMINAL_CODE,ORG_CODE,IS_VIDEO_TERMINAL,SP_SERVER_NAME,PROTOCOL_TYPE,CHANNELS,YT_PROTOCOL_TYPE) values(261817, 4, 27817, '1007816', 'B0000804',1,'1076测试服务器','4',8,'0');
insert into V_VEHICLEINFO (ORG_CODE,VEHICLE_ID,ID_NUMBER,TYPE_ID,TERMINAL_ID,DELETE_FLAG,COLOR_ID_NUMBER_ID,AUTHORIZED_PAY_MASS) values ('B0000804','2601817', '测B07816', 4, 261817, 0, '2',15);

insert into T_SIMINFO (SIM_ID, ORG_CODE, DEPTCODE, STATE,PAY_MODLE, SIM_NUM) values(27818, 'B0000804', '中国移动', 1, '预付费', 13100007817);
insert into T_TERMINALINFO (TERMINAL_ID,TTYPE_ID,SIM_ID,TERMINAL_CODE,ORG_CODE,IS_VIDEO_TERMINAL,SP_SERVER_NAME,PROTOCOL_TYPE,CHANNELS,YT_PROTOCOL_TYPE) values(261818, 4, 27818, '1007817', 'B0000804',1,'1076测试服务器','4',8,'0');
insert into V_VEHICLEINFO (ORG_CODE,VEHICLE_ID,ID_NUMBER,TYPE_ID,TERMINAL_ID,DELETE_FLAG,COLOR_ID_NUMBER_ID,AUTHORIZED_PAY_MASS) values ('B0000804','2601818', '测B07817', 4, 261818, 0, '2',15);

insert into T_SIMINFO (SIM_ID, ORG_CODE, DEPTCODE, STATE,PAY_MODLE, SIM_NUM) values(27819, 'B0000804', '中国移动', 1, '预付费', 13100007818);
insert into T_TERMINALINFO (TERMINAL_ID,TTYPE_ID,SIM_ID,TERMINAL_CODE,ORG_CODE,IS_VIDEO_TERMINAL,SP_SERVER_NAME,PROTOCOL_TYPE,CHANNELS,YT_PROTOCOL_TYPE) values(261819, 4, 27819, '1007818', 'B0000804',1,'1076测试服务器','4',8,'0');
insert into V_VEHICLEINFO (ORG_CODE,VEHICLE_ID,ID_NUMBER,TYPE_ID,TERMINAL_ID,DELETE_FLAG,COLOR_ID_NUMBER_ID,AUTHORIZED_PAY_MASS) values ('B0000804','2601819', '测B07818', 4, 261819, 0, '2',15);

insert into T_SIMINFO (SIM_ID, ORG_CODE, DEPTCODE, STATE,PAY_MODLE, SIM_NUM) values(27820, 'B0000804', '中国移动', 1, '预付费', 13100007819);
insert into T_TERMINALINFO (TERMINAL_ID,TTYPE_ID,SIM_ID,TERMINAL_CODE,ORG_CODE,IS_VIDEO_TERMINAL,SP_SERVER_NAME,PROTOCOL_TYPE,CHANNELS,YT_PROTOCOL_TYPE) values(261820, 4, 27820, '1007819', 'B0000804',1,'1076测试服务器','4',8,'0');
insert into V_VEHICLEINFO (ORG_CODE,VEHICLE_ID,ID_NUMBER,TYPE_ID,TERMINAL_ID,DELETE_FLAG,COLOR_ID_NUMBER_ID,AUTHORIZED_PAY_MASS) values ('B0000804','2601820', '测B07819', 4, 261820, 0, '2',15);

insert into T_SIMINFO (SIM_ID, ORG_CODE, DEPTCODE, STATE,PAY_MODLE, SIM_NUM) values(27821, 'B0000804', '中国移动', 1, '预付费', 13100007820);
insert into T_TERMINALINFO (TERMINAL_ID,TTYPE_ID,SIM_ID,TERMINAL_CODE,ORG_CODE,IS_VIDEO_TERMINAL,SP_SERVER_NAME,PROTOCOL_TYPE,CHANNELS,YT_PROTOCOL_TYPE) values(261821, 4, 27821, '1007820', 'B0000804',1,'1076测试服务器','4',8,'0');
insert into V_VEHICLEINFO (ORG_CODE,VEHICLE_ID,ID_NUMBER,TYPE_ID,TERMINAL_ID,DELETE_FLAG,COLOR_ID_NUMBER_ID,AUTHORIZED_PAY_MASS) values ('B0000804','2601821', '测B07820', 4, 261821, 0, '2',15);

insert into T_SIMINFO (SIM_ID, ORG_CODE, DEPTCODE, STATE,PAY_MODLE, SIM_NUM) values(27822, 'B0000804', '中国移动', 1, '预付费', 13100007821);
insert into T_TERMINALINFO (TERMINAL_ID,TTYPE_ID,SIM_ID,TERMINAL_CODE,ORG_CODE,IS_VIDEO_TERMINAL,SP_SERVER_NAME,PROTOCOL_TYPE,CHANNELS,YT_PROTOCOL_TYPE) values(261822, 4, 27822, '1007821', 'B0000804',1,'1076测试服务器','4',8,'0');
insert into V_VEHICLEINFO (ORG_CODE,VEHICLE_ID,ID_NUMBER,TYPE_ID,TERMINAL_ID,DELETE_FLAG,COLOR_ID_NUMBER_ID,AUTHORIZED_PAY_MASS) values ('B0000804','2601822', '测B07821', 4, 261822, 0, '2',15);

insert into T_SIMINFO (SIM_ID, ORG_CODE, DEPTCODE, STATE,PAY_MODLE, SIM_NUM) values(27823, 'B0000804', '中国移动', 1, '预付费', 13100007822);
insert into T_TERMINALINFO (TERMINAL_ID,TTYPE_ID,SIM_ID,TERMINAL_CODE,ORG_CODE,IS_VIDEO_TERMINAL,SP_SERVER_NAME,PROTOCOL_TYPE,CHANNELS,YT_PROTOCOL_TYPE) values(261823, 4, 27823, '1007822', 'B0000804',1,'1076测试服务器','4',8,'0');
insert into V_VEHICLEINFO (ORG_CODE,VEHICLE_ID,ID_NUMBER,TYPE_ID,TERMINAL_ID,DELETE_FLAG,COLOR_ID_NUMBER_ID,AUTHORIZED_PAY_MASS) values ('B0000804','2601823', '测B07822', 4, 261823, 0, '2',15);

insert into T_SIMINFO (SIM_ID, ORG_CODE, DEPTCODE, STATE,PAY_MODLE, SIM_NUM) values(27824, 'B0000804', '中国移动', 1, '预付费', 13100007823);
insert into T_TERMINALINFO (TERMINAL_ID,TTYPE_ID,SIM_ID,TERMINAL_CODE,ORG_CODE,IS_VIDEO_TERMINAL,SP_SERVER_NAME,PROTOCOL_TYPE,CHANNELS,YT_PROTOCOL_TYPE) values(261824, 4, 27824, '1007823', 'B0000804',1,'1076测试服务器','4',8,'0');
insert into V_VEHICLEINFO (ORG_CODE,VEHICLE_ID,ID_NUMBER,TYPE_ID,TERMINAL_ID,DELETE_FLAG,COLOR_ID_NUMBER_ID,AUTHORIZED_PAY_MASS) values ('B0000804','2601824', '测B07823', 4, 261824, 0, '2',15);

insert into T_SIMINFO (SIM_ID, ORG_CODE, DEPTCODE, STATE,PAY_MODLE, SIM_NUM) values(27825, 'B0000804', '中国移动', 1, '预付费', 13100007824);
insert into T_TERMINALINFO (TERMINAL_ID,TTYPE_ID,SIM_ID,TERMINAL_CODE,ORG_CODE,IS_VIDEO_TERMINAL,SP_SERVER_NAME,PROTOCOL_TYPE,CHANNELS,YT_PROTOCOL_TYPE) values(261825, 4, 27825, '1007824', 'B0000804',1,'1076测试服务器','4',8,'0');
insert into V_VEHICLEINFO (ORG_CODE,VEHICLE_ID,ID_NUMBER,TYPE_ID,TERMINAL_ID,DELETE_FLAG,COLOR_ID_NUMBER_ID,AUTHORIZED_PAY_MASS) values ('B0000804','2601825', '测B07824', 4, 261825, 0, '2',15);

insert into T_SIMINFO (SIM_ID, ORG_CODE, DEPTCODE, STATE,PAY_MODLE, SIM_NUM) values(27826, 'B0000804', '中国移动', 1, '预付费', 13100007825);
insert into T_TERMINALINFO (TERMINAL_ID,TTYPE_ID,SIM_ID,TERMINAL_CODE,ORG_CODE,IS_VIDEO_TERMINAL,SP_SERVER_NAME,PROTOCOL_TYPE,CHANNELS,YT_PROTOCOL_TYPE) values(261826, 4, 27826, '1007825', 'B0000804',1,'1076测试服务器','4',8,'0');
insert into V_VEHICLEINFO (ORG_CODE,VEHICLE_ID,ID_NUMBER,TYPE_ID,TERMINAL_ID,DELETE_FLAG,COLOR_ID_NUMBER_ID,AUTHORIZED_PAY_MASS) values ('B0000804','2601826', '测B07825', 4, 261826, 0, '2',15);

insert into T_SIMINFO (SIM_ID, ORG_CODE, DEPTCODE, STATE,PAY_MODLE, SIM_NUM) values(27827, 'B0000804', '中国移动', 1, '预付费', 13100007826);
insert into T_TERMINALINFO (TERMINAL_ID,TTYPE_ID,SIM_ID,TERMINAL_CODE,ORG_CODE,IS_VIDEO_TERMINAL,SP_SERVER_NAME,PROTOCOL_TYPE,CHANNELS,YT_PROTOCOL_TYPE) values(261827, 4, 27827, '1007826', 'B0000804',1,'1076测试服务器','4',8,'0');
insert into V_VEHICLEINFO (ORG_CODE,VEHICLE_ID,ID_NUMBER,TYPE_ID,TERMINAL_ID,DELETE_FLAG,COLOR_ID_NUMBER_ID,AUTHORIZED_PAY_MASS) values ('B0000804','2601827', '测B07826', 4, 261827, 0, '2',15);

insert into T_SIMINFO (SIM_ID, ORG_CODE, DEPTCODE, STATE,PAY_MODLE, SIM_NUM) values(27828, 'B0000804', '中国移动', 1, '预付费', 13100007827);
insert into T_TERMINALINFO (TERMINAL_ID,TTYPE_ID,SIM_ID,TERMINAL_CODE,ORG_CODE,IS_VIDEO_TERMINAL,SP_SERVER_NAME,PROTOCOL_TYPE,CHANNELS,YT_PROTOCOL_TYPE) values(261828, 4, 27828, '1007827', 'B0000804',1,'1076测试服务器','4',8,'0');
insert into V_VEHICLEINFO (ORG_CODE,VEHICLE_ID,ID_NUMBER,TYPE_ID,TERMINAL_ID,DELETE_FLAG,COLOR_ID_NUMBER_ID,AUTHORIZED_PAY_MASS) values ('B0000804','2601828', '测B07827', 4, 261828, 0, '2',15);

insert into T_SIMINFO (SIM_ID, ORG_CODE, DEPTCODE, STATE,PAY_MODLE, SIM_NUM) values(27829, 'B0000804', '中国移动', 1, '预付费', 13100007828);
insert into T_TERMINALINFO (TERMINAL_ID,TTYPE_ID,SIM_ID,TERMINAL_CODE,ORG_CODE,IS_VIDEO_TERMINAL,SP_SERVER_NAME,PROTOCOL_TYPE,CHANNELS,YT_PROTOCOL_TYPE) values(261829, 4, 27829, '1007828', 'B0000804',1,'1076测试服务器','4',8,'0');
insert into V_VEHICLEINFO (ORG_CODE,VEHICLE_ID,ID_NUMBER,TYPE_ID,TERMINAL_ID,DELETE_FLAG,COLOR_ID_NUMBER_ID,AUTHORIZED_PAY_MASS) values ('B0000804','2601829', '测B07828', 4, 261829, 0, '2',15);

insert into T_SIMINFO (SIM_ID, ORG_CODE, DEPTCODE, STATE,PAY_MODLE, SIM_NUM) values(27830, 'B0000804', '中国移动', 1, '预付费', 13100007829);
insert into T_TERMINALINFO (TERMINAL_ID,TTYPE_ID,SIM_ID,TERMINAL_CODE,ORG_CODE,IS_VIDEO_TERMINAL,SP_SERVER_NAME,PROTOCOL_TYPE,CHANNELS,YT_PROTOCOL_TYPE) values(261830, 4, 27830, '1007829', 'B0000804',1,'1076测试服务器','4',8,'0');
insert into V_VEHICLEINFO (ORG_CODE,VEHICLE_ID,ID_NUMBER,TYPE_ID,TERMINAL_ID,DELETE_FLAG,COLOR_ID_NUMBER_ID,AUTHORIZED_PAY_MASS) values ('B0000804','2601830', '测B07829', 4, 261830, 0, '2',15);

insert into T_SIMINFO (SIM_ID, ORG_CODE, DEPTCODE, STATE,PAY_MODLE, SIM_NUM) values(27831, 'B0000804', '中国移动', 1, '预付费', 13100007830);
insert into T_TERMINALINFO (TERMINAL_ID,TTYPE_ID,SIM_ID,TERMINAL_CODE,ORG_CODE,IS_VIDEO_TERMINAL,SP_SERVER_NAME,PROTOCOL_TYPE,CHANNELS,YT_PROTOCOL_TYPE) values(261831, 4, 27831, '1007830', 'B0000804',1,'1076测试服务器','4',8,'0');
insert into V_VEHICLEINFO (ORG_CODE,VEHICLE_ID,ID_NUMBER,TYPE_ID,TERMINAL_ID,DELETE_FLAG,COLOR_ID_NUMBER_ID,AUTHORIZED_PAY_MASS) values ('B0000804','2601831', '测B07830', 4, 261831, 0, '2',15);

insert into T_SIMINFO (SIM_ID, ORG_CODE, DEPTCODE, STATE,PAY_MODLE, SIM_NUM) values(27832, 'B0000804', '中国移动', 1, '预付费', 13100007831);
insert into T_TERMINALINFO (TERMINAL_ID,TTYPE_ID,SIM_ID,TERMINAL_CODE,ORG_CODE,IS_VIDEO_TERMINAL,SP_SERVER_NAME,PROTOCOL_TYPE,CHANNELS,YT_PROTOCOL_TYPE) values(261832, 4, 27832, '1007831', 'B0000804',1,'1076测试服务器','4',8,'0');
insert into V_VEHICLEINFO (ORG_CODE,VEHICLE_ID,ID_NUMBER,TYPE_ID,TERMINAL_ID,DELETE_FLAG,COLOR_ID_NUMBER_ID,AUTHORIZED_PAY_MASS) values ('B0000804','2601832', '测B07831', 4, 261832, 0, '2',15);

insert into T_SIMINFO (SIM_ID, ORG_CODE, DEPTCODE, STATE,PAY_MODLE, SIM_NUM) values(27833, 'B0000804', '中国移动', 1, '预付费', 13100007832);
insert into T_TERMINALINFO (TERMINAL_ID,TTYPE_ID,SIM_ID,TERMINAL_CODE,ORG_CODE,IS_VIDEO_TERMINAL,SP_SERVER_NAME,PROTOCOL_TYPE,CHANNELS,YT_PROTOCOL_TYPE) values(261833, 4, 27833, '1007832', 'B0000804',1,'1076测试服务器','4',8,'0');
insert into V_VEHICLEINFO (ORG_CODE,VEHICLE_ID,ID_NUMBER,TYPE_ID,TERMINAL_ID,DELETE_FLAG,COLOR_ID_NUMBER_ID,AUTHORIZED_PAY_MASS) values ('B0000804','2601833', '测B07832', 4, 261833, 0, '2',15);

insert into T_SIMINFO (SIM_ID, ORG_CODE, DEPTCODE, STATE,PAY_MODLE, SIM_NUM) values(27834, 'B0000804', '中国移动', 1, '预付费', 13100007833);
insert into T_TERMINALINFO (TERMINAL_ID,TTYPE_ID,SIM_ID,TERMINAL_CODE,ORG_CODE,IS_VIDEO_TERMINAL,SP_SERVER_NAME,PROTOCOL_TYPE,CHANNELS,YT_PROTOCOL_TYPE) values(261834, 4, 27834, '1007833', 'B0000804',1,'1076测试服务器','4',8,'0');
insert into V_VEHICLEINFO (ORG_CODE,VEHICLE_ID,ID_NUMBER,TYPE_ID,TERMINAL_ID,DELETE_FLAG,COLOR_ID_NUMBER_ID,AUTHORIZED_PAY_MASS) values ('B0000804','2601834', '测B07833', 4, 261834, 0, '2',15);

insert into T_SIMINFO (SIM_ID, ORG_CODE, DEPTCODE, STATE,PAY_MODLE, SIM_NUM) values(27835, 'B0000804', '中国移动', 1, '预付费', 13100007834);
insert into T_TERMINALINFO (TERMINAL_ID,TTYPE_ID,SIM_ID,TERMINAL_CODE,ORG_CODE,IS_VIDEO_TERMINAL,SP_SERVER_NAME,PROTOCOL_TYPE,CHANNELS,YT_PROTOCOL_TYPE) values(261835, 4, 27835, '1007834', 'B0000804',1,'1076测试服务器','4',8,'0');
insert into V_VEHICLEINFO (ORG_CODE,VEHICLE_ID,ID_NUMBER,TYPE_ID,TERMINAL_ID,DELETE_FLAG,COLOR_ID_NUMBER_ID,AUTHORIZED_PAY_MASS) values ('B0000804','2601835', '测B07834', 4, 261835, 0, '2',15);

insert into T_SIMINFO (SIM_ID, ORG_CODE, DEPTCODE, STATE,PAY_MODLE, SIM_NUM) values(27836, 'B0000804', '中国移动', 1, '预付费', 13100007835);
insert into T_TERMINALINFO (TERMINAL_ID,TTYPE_ID,SIM_ID,TERMINAL_CODE,ORG_CODE,IS_VIDEO_TERMINAL,SP_SERVER_NAME,PROTOCOL_TYPE,CHANNELS,YT_PROTOCOL_TYPE) values(261836, 4, 27836, '1007835', 'B0000804',1,'1076测试服务器','4',8,'0');
insert into V_VEHICLEINFO (ORG_CODE,VEHICLE_ID,ID_NUMBER,TYPE_ID,TERMINAL_ID,DELETE_FLAG,COLOR_ID_NUMBER_ID,AUTHORIZED_PAY_MASS) values ('B0000804','2601836', '测B07835', 4, 261836, 0, '2',15);

insert into T_SIMINFO (SIM_ID, ORG_CODE, DEPTCODE, STATE,PAY_MODLE, SIM_NUM) values(27837, 'B0000804', '中国移动', 1, '预付费', 13100007836);
insert into T_TERMINALINFO (TERMINAL_ID,TTYPE_ID,SIM_ID,TERMINAL_CODE,ORG_CODE,IS_VIDEO_TERMINAL,SP_SERVER_NAME,PROTOCOL_TYPE,CHANNELS,YT_PROTOCOL_TYPE) values(261837, 4, 27837, '1007836', 'B0000804',1,'1076测试服务器','4',8,'0');
insert into V_VEHICLEINFO (ORG_CODE,VEHICLE_ID,ID_NUMBER,TYPE_ID,TERMINAL_ID,DELETE_FLAG,COLOR_ID_NUMBER_ID,AUTHORIZED_PAY_MASS) values ('B0000804','2601837', '测B07836', 4, 261837, 0, '2',15);

insert into T_SIMINFO (SIM_ID, ORG_CODE, DEPTCODE, STATE,PAY_MODLE, SIM_NUM) values(27838, 'B0000804', '中国移动', 1, '预付费', 13100007837);
insert into T_TERMINALINFO (TERMINAL_ID,TTYPE_ID,SIM_ID,TERMINAL_CODE,ORG_CODE,IS_VIDEO_TERMINAL,SP_SERVER_NAME,PROTOCOL_TYPE,CHANNELS,YT_PROTOCOL_TYPE) values(261838, 4, 27838, '1007837', 'B0000804',1,'1076测试服务器','4',8,'0');
insert into V_VEHICLEINFO (ORG_CODE,VEHICLE_ID,ID_NUMBER,TYPE_ID,TERMINAL_ID,DELETE_FLAG,COLOR_ID_NUMBER_ID,AUTHORIZED_PAY_MASS) values ('B0000804','2601838', '测B07837', 4, 261838, 0, '2',15);

insert into T_SIMINFO (SIM_ID, ORG_CODE, DEPTCODE, STATE,PAY_MODLE, SIM_NUM) values(27839, 'B0000804', '中国移动', 1, '预付费', 13100007838);
insert into T_TERMINALINFO (TERMINAL_ID,TTYPE_ID,SIM_ID,TERMINAL_CODE,ORG_CODE,IS_VIDEO_TERMINAL,SP_SERVER_NAME,PROTOCOL_TYPE,CHANNELS,YT_PROTOCOL_TYPE) values(261839, 4, 27839, '1007838', 'B0000804',1,'1076测试服务器','4',8,'0');
insert into V_VEHICLEINFO (ORG_CODE,VEHICLE_ID,ID_NUMBER,TYPE_ID,TERMINAL_ID,DELETE_FLAG,COLOR_ID_NUMBER_ID,AUTHORIZED_PAY_MASS) values ('B0000804','2601839', '测B07838', 4, 261839, 0, '2',15);

insert into T_SIMINFO (SIM_ID, ORG_CODE, DEPTCODE, STATE,PAY_MODLE, SIM_NUM) values(27840, 'B0000804', '中国移动', 1, '预付费', 13100007839);
insert into T_TERMINALINFO (TERMINAL_ID,TTYPE_ID,SIM_ID,TERMINAL_CODE,ORG_CODE,IS_VIDEO_TERMINAL,SP_SERVER_NAME,PROTOCOL_TYPE,CHANNELS,YT_PROTOCOL_TYPE) values(261840, 4, 27840, '1007839', 'B0000804',1,'1076测试服务器','4',8,'0');
insert into V_VEHICLEINFO (ORG_CODE,VEHICLE_ID,ID_NUMBER,TYPE_ID,TERMINAL_ID,DELETE_FLAG,COLOR_ID_NUMBER_ID,AUTHORIZED_PAY_MASS) values ('B0000804','2601840', '测B07839', 4, 261840, 0, '2',15);

insert into T_SIMINFO (SIM_ID, ORG_CODE, DEPTCODE, STATE,PAY_MODLE, SIM_NUM) values(27841, 'B0000804', '中国移动', 1, '预付费', 13100007840);
insert into T_TERMINALINFO (TERMINAL_ID,TTYPE_ID,SIM_ID,TERMINAL_CODE,ORG_CODE,IS_VIDEO_TERMINAL,SP_SERVER_NAME,PROTOCOL_TYPE,CHANNELS,YT_PROTOCOL_TYPE) values(261841, 4, 27841, '1007840', 'B0000804',1,'1076测试服务器','4',8,'0');
insert into V_VEHICLEINFO (ORG_CODE,VEHICLE_ID,ID_NUMBER,TYPE_ID,TERMINAL_ID,DELETE_FLAG,COLOR_ID_NUMBER_ID,AUTHORIZED_PAY_MASS) values ('B0000804','2601841', '测B07840', 4, 261841, 0, '2',15);

insert into T_SIMINFO (SIM_ID, ORG_CODE, DEPTCODE, STATE,PAY_MODLE, SIM_NUM) values(27842, 'B0000804', '中国移动', 1, '预付费', 13100007841);
insert into T_TERMINALINFO (TERMINAL_ID,TTYPE_ID,SIM_ID,TERMINAL_CODE,ORG_CODE,IS_VIDEO_TERMINAL,SP_SERVER_NAME,PROTOCOL_TYPE,CHANNELS,YT_PROTOCOL_TYPE) values(261842, 4, 27842, '1007841', 'B0000804',1,'1076测试服务器','4',8,'0');
insert into V_VEHICLEINFO (ORG_CODE,VEHICLE_ID,ID_NUMBER,TYPE_ID,TERMINAL_ID,DELETE_FLAG,COLOR_ID_NUMBER_ID,AUTHORIZED_PAY_MASS) values ('B0000804','2601842', '测B07841', 4, 261842, 0, '2',15);

insert into T_SIMINFO (SIM_ID, ORG_CODE, DEPTCODE, STATE,PAY_MODLE, SIM_NUM) values(27843, 'B0000804', '中国移动', 1, '预付费', 13100007842);
insert into T_TERMINALINFO (TERMINAL_ID,TTYPE_ID,SIM_ID,TERMINAL_CODE,ORG_CODE,IS_VIDEO_TERMINAL,SP_SERVER_NAME,PROTOCOL_TYPE,CHANNELS,YT_PROTOCOL_TYPE) values(261843, 4, 27843, '1007842', 'B0000804',1,'1076测试服务器','4',8,'0');
insert into V_VEHICLEINFO (ORG_CODE,VEHICLE_ID,ID_NUMBER,TYPE_ID,TERMINAL_ID,DELETE_FLAG,COLOR_ID_NUMBER_ID,AUTHORIZED_PAY_MASS) values ('B0000804','2601843', '测B07842', 4, 261843, 0, '2',15);

insert into T_SIMINFO (SIM_ID, ORG_CODE, DEPTCODE, STATE,PAY_MODLE, SIM_NUM) values(27844, 'B0000804', '中国移动', 1, '预付费', 13100007843);
insert into T_TERMINALINFO (TERMINAL_ID,TTYPE_ID,SIM_ID,TERMINAL_CODE,ORG_CODE,IS_VIDEO_TERMINAL,SP_SERVER_NAME,PROTOCOL_TYPE,CHANNELS,YT_PROTOCOL_TYPE) values(261844, 4, 27844, '1007843', 'B0000804',1,'1076测试服务器','4',8,'0');
insert into V_VEHICLEINFO (ORG_CODE,VEHICLE_ID,ID_NUMBER,TYPE_ID,TERMINAL_ID,DELETE_FLAG,COLOR_ID_NUMBER_ID,AUTHORIZED_PAY_MASS) values ('B0000804','2601844', '测B07843', 4, 261844, 0, '2',15);

insert into T_SIMINFO (SIM_ID, ORG_CODE, DEPTCODE, STATE,PAY_MODLE, SIM_NUM) values(27845, 'B0000804', '中国移动', 1, '预付费', 13100007844);
insert into T_TERMINALINFO (TERMINAL_ID,TTYPE_ID,SIM_ID,TERMINAL_CODE,ORG_CODE,IS_VIDEO_TERMINAL,SP_SERVER_NAME,PROTOCOL_TYPE,CHANNELS,YT_PROTOCOL_TYPE) values(261845, 4, 27845, '1007844', 'B0000804',1,'1076测试服务器','4',8,'0');
insert into V_VEHICLEINFO (ORG_CODE,VEHICLE_ID,ID_NUMBER,TYPE_ID,TERMINAL_ID,DELETE_FLAG,COLOR_ID_NUMBER_ID,AUTHORIZED_PAY_MASS) values ('B0000804','2601845', '测B07844', 4, 261845, 0, '2',15);

insert into T_SIMINFO (SIM_ID, ORG_CODE, DEPTCODE, STATE,PAY_MODLE, SIM_NUM) values(27846, 'B0000804', '中国移动', 1, '预付费', 13100007845);
insert into T_TERMINALINFO (TERMINAL_ID,TTYPE_ID,SIM_ID,TERMINAL_CODE,ORG_CODE,IS_VIDEO_TERMINAL,SP_SERVER_NAME,PROTOCOL_TYPE,CHANNELS,YT_PROTOCOL_TYPE) values(261846, 4, 27846, '1007845', 'B0000804',1,'1076测试服务器','4',8,'0');
insert into V_VEHICLEINFO (ORG_CODE,VEHICLE_ID,ID_NUMBER,TYPE_ID,TERMINAL_ID,DELETE_FLAG,COLOR_ID_NUMBER_ID,AUTHORIZED_PAY_MASS) values ('B0000804','2601846', '测B07845', 4, 261846, 0, '2',15);

insert into T_SIMINFO (SIM_ID, ORG_CODE, DEPTCODE, STATE,PAY_MODLE, SIM_NUM) values(27847, 'B0000804', '中国移动', 1, '预付费', 13100007846);
insert into T_TERMINALINFO (TERMINAL_ID,TTYPE_ID,SIM_ID,TERMINAL_CODE,ORG_CODE,IS_VIDEO_TERMINAL,SP_SERVER_NAME,PROTOCOL_TYPE,CHANNELS,YT_PROTOCOL_TYPE) values(261847, 4, 27847, '1007846', 'B0000804',1,'1076测试服务器','4',8,'0');
insert into V_VEHICLEINFO (ORG_CODE,VEHICLE_ID,ID_NUMBER,TYPE_ID,TERMINAL_ID,DELETE_FLAG,COLOR_ID_NUMBER_ID,AUTHORIZED_PAY_MASS) values ('B0000804','2601847', '测B07846', 4, 261847, 0, '2',15);

insert into T_SIMINFO (SIM_ID, ORG_CODE, DEPTCODE, STATE,PAY_MODLE, SIM_NUM) values(27848, 'B0000804', '中国移动', 1, '预付费', 13100007847);
insert into T_TERMINALINFO (TERMINAL_ID,TTYPE_ID,SIM_ID,TERMINAL_CODE,ORG_CODE,IS_VIDEO_TERMINAL,SP_SERVER_NAME,PROTOCOL_TYPE,CHANNELS,YT_PROTOCOL_TYPE) values(261848, 4, 27848, '1007847', 'B0000804',1,'1076测试服务器','4',8,'0');
insert into V_VEHICLEINFO (ORG_CODE,VEHICLE_ID,ID_NUMBER,TYPE_ID,TERMINAL_ID,DELETE_FLAG,COLOR_ID_NUMBER_ID,AUTHORIZED_PAY_MASS) values ('B0000804','2601848', '测B07847', 4, 261848, 0, '2',15);

insert into T_SIMINFO (SIM_ID, ORG_CODE, DEPTCODE, STATE,PAY_MODLE, SIM_NUM) values(27849, 'B0000804', '中国移动', 1, '预付费', 13100007848);
insert into T_TERMINALINFO (TERMINAL_ID,TTYPE_ID,SIM_ID,TERMINAL_CODE,ORG_CODE,IS_VIDEO_TERMINAL,SP_SERVER_NAME,PROTOCOL_TYPE,CHANNELS,YT_PROTOCOL_TYPE) values(261849, 4, 27849, '1007848', 'B0000804',1,'1076测试服务器','4',8,'0');
insert into V_VEHICLEINFO (ORG_CODE,VEHICLE_ID,ID_NUMBER,TYPE_ID,TERMINAL_ID,DELETE_FLAG,COLOR_ID_NUMBER_ID,AUTHORIZED_PAY_MASS) values ('B0000804','2601849', '测B07848', 4, 261849, 0, '2',15);

insert into T_SIMINFO (SIM_ID, ORG_CODE, DEPTCODE, STATE,PAY_MODLE, SIM_NUM) values(27850, 'B0000804', '中国移动', 1, '预付费', 13100007849);
insert into T_TERMINALINFO (TERMINAL_ID,TTYPE_ID,SIM_ID,TERMINAL_CODE,ORG_CODE,IS_VIDEO_TERMINAL,SP_SERVER_NAME,PROTOCOL_TYPE,CHANNELS,YT_PROTOCOL_TYPE) values(261850, 4, 27850, '1007849', 'B0000804',1,'1076测试服务器','4',8,'0');
insert into V_VEHICLEINFO (ORG_CODE,VEHICLE_ID,ID_NUMBER,TYPE_ID,TERMINAL_ID,DELETE_FLAG,COLOR_ID_NUMBER_ID,AUTHORIZED_PAY_MASS) values ('B0000804','2601850', '测B07849', 4, 261850, 0, '2',15);

insert into T_SIMINFO (SIM_ID, ORG_CODE, DEPTCODE, STATE,PAY_MODLE, SIM_NUM) values(27851, 'B0000804', '中国移动', 1, '预付费', 13100007850);
insert into T_TERMINALINFO (TERMINAL_ID,TTYPE_ID,SIM_ID,TERMINAL_CODE,ORG_CODE,IS_VIDEO_TERMINAL,SP_SERVER_NAME,PROTOCOL_TYPE,CHANNELS,YT_PROTOCOL_TYPE) values(261851, 4, 27851, '1007850', 'B0000804',1,'1076测试服务器','4',8,'0');
insert into V_VEHICLEINFO (ORG_CODE,VEHICLE_ID,ID_NUMBER,TYPE_ID,TERMINAL_ID,DELETE_FLAG,COLOR_ID_NUMBER_ID,AUTHORIZED_PAY_MASS) values ('B0000804','2601851', '测B07850', 4, 261851, 0, '2',15);

insert into T_SIMINFO (SIM_ID, ORG_CODE, DEPTCODE, STATE,PAY_MODLE, SIM_NUM) values(27852, 'B0000804', '中国移动', 1, '预付费', 13100007851);
insert into T_TERMINALINFO (TERMINAL_ID,TTYPE_ID,SIM_ID,TERMINAL_CODE,ORG_CODE,IS_VIDEO_TERMINAL,SP_SERVER_NAME,PROTOCOL_TYPE,CHANNELS,YT_PROTOCOL_TYPE) values(261852, 4, 27852, '1007851', 'B0000804',1,'1076测试服务器','4',8,'0');
insert into V_VEHICLEINFO (ORG_CODE,VEHICLE_ID,ID_NUMBER,TYPE_ID,TERMINAL_ID,DELETE_FLAG,COLOR_ID_NUMBER_ID,AUTHORIZED_PAY_MASS) values ('B0000804','2601852', '测B07851', 4, 261852, 0, '2',15);

insert into T_SIMINFO (SIM_ID, ORG_CODE, DEPTCODE, STATE,PAY_MODLE, SIM_NUM) values(27853, 'B0000804', '中国移动', 1, '预付费', 13100007852);
insert into T_TERMINALINFO (TERMINAL_ID,TTYPE_ID,SIM_ID,TERMINAL_CODE,ORG_CODE,IS_VIDEO_TERMINAL,SP_SERVER_NAME,PROTOCOL_TYPE,CHANNELS,YT_PROTOCOL_TYPE) values(261853, 4, 27853, '1007852', 'B0000804',1,'1076测试服务器','4',8,'0');
insert into V_VEHICLEINFO (ORG_CODE,VEHICLE_ID,ID_NUMBER,TYPE_ID,TERMINAL_ID,DELETE_FLAG,COLOR_ID_NUMBER_ID,AUTHORIZED_PAY_MASS) values ('B0000804','2601853', '测B07852', 4, 261853, 0, '2',15);

insert into T_SIMINFO (SIM_ID, ORG_CODE, DEPTCODE, STATE,PAY_MODLE, SIM_NUM) values(27854, 'B0000804', '中国移动', 1, '预付费', 13100007853);
insert into T_TERMINALINFO (TERMINAL_ID,TTYPE_ID,SIM_ID,TERMINAL_CODE,ORG_CODE,IS_VIDEO_TERMINAL,SP_SERVER_NAME,PROTOCOL_TYPE,CHANNELS,YT_PROTOCOL_TYPE) values(261854, 4, 27854, '1007853', 'B0000804',1,'1076测试服务器','4',8,'0');
insert into V_VEHICLEINFO (ORG_CODE,VEHICLE_ID,ID_NUMBER,TYPE_ID,TERMINAL_ID,DELETE_FLAG,COLOR_ID_NUMBER_ID,AUTHORIZED_PAY_MASS) values ('B0000804','2601854', '测B07853', 4, 261854, 0, '2',15);

insert into T_SIMINFO (SIM_ID, ORG_CODE, DEPTCODE, STATE,PAY_MODLE, SIM_NUM) values(27855, 'B0000804', '中国移动', 1, '预付费', 13100007854);
insert into T_TERMINALINFO (TERMINAL_ID,TTYPE_ID,SIM_ID,TERMINAL_CODE,ORG_CODE,IS_VIDEO_TERMINAL,SP_SERVER_NAME,PROTOCOL_TYPE,CHANNELS,YT_PROTOCOL_TYPE) values(261855, 4, 27855, '1007854', 'B0000804',1,'1076测试服务器','4',8,'0');
insert into V_VEHICLEINFO (ORG_CODE,VEHICLE_ID,ID_NUMBER,TYPE_ID,TERMINAL_ID,DELETE_FLAG,COLOR_ID_NUMBER_ID,AUTHORIZED_PAY_MASS) values ('B0000804','2601855', '测B07854', 4, 261855, 0, '2',15);

insert into T_SIMINFO (SIM_ID, ORG_CODE, DEPTCODE, STATE,PAY_MODLE, SIM_NUM) values(27856, 'B0000804', '中国移动', 1, '预付费', 13100007855);
insert into T_TERMINALINFO (TERMINAL_ID,TTYPE_ID,SIM_ID,TERMINAL_CODE,ORG_CODE,IS_VIDEO_TERMINAL,SP_SERVER_NAME,PROTOCOL_TYPE,CHANNELS,YT_PROTOCOL_TYPE) values(261856, 4, 27856, '1007855', 'B0000804',1,'1076测试服务器','4',8,'0');
insert into V_VEHICLEINFO (ORG_CODE,VEHICLE_ID,ID_NUMBER,TYPE_ID,TERMINAL_ID,DELETE_FLAG,COLOR_ID_NUMBER_ID,AUTHORIZED_PAY_MASS) values ('B0000804','2601856', '测B07855', 4, 261856, 0, '2',15);

insert into T_SIMINFO (SIM_ID, ORG_CODE, DEPTCODE, STATE,PAY_MODLE, SIM_NUM) values(27857, 'B0000804', '中国移动', 1, '预付费', 13100007856);
insert into T_TERMINALINFO (TERMINAL_ID,TTYPE_ID,SIM_ID,TERMINAL_CODE,ORG_CODE,IS_VIDEO_TERMINAL,SP_SERVER_NAME,PROTOCOL_TYPE,CHANNELS,YT_PROTOCOL_TYPE) values(261857, 4, 27857, '1007856', 'B0000804',1,'1076测试服务器','4',8,'0');
insert into V_VEHICLEINFO (ORG_CODE,VEHICLE_ID,ID_NUMBER,TYPE_ID,TERMINAL_ID,DELETE_FLAG,COLOR_ID_NUMBER_ID,AUTHORIZED_PAY_MASS) values ('B0000804','2601857', '测B07856', 4, 261857, 0, '2',15);

insert into T_SIMINFO (SIM_ID, ORG_CODE, DEPTCODE, STATE,PAY_MODLE, SIM_NUM) values(27858, 'B0000804', '中国移动', 1, '预付费', 13100007857);
insert into T_TERMINALINFO (TERMINAL_ID,TTYPE_ID,SIM_ID,TERMINAL_CODE,ORG_CODE,IS_VIDEO_TERMINAL,SP_SERVER_NAME,PROTOCOL_TYPE,CHANNELS,YT_PROTOCOL_TYPE) values(261858, 4, 27858, '1007857', 'B0000804',1,'1076测试服务器','4',8,'0');
insert into V_VEHICLEINFO (ORG_CODE,VEHICLE_ID,ID_NUMBER,TYPE_ID,TERMINAL_ID,DELETE_FLAG,COLOR_ID_NUMBER_ID,AUTHORIZED_PAY_MASS) values ('B0000804','2601858', '测B07857', 4, 261858, 0, '2',15);

insert into T_SIMINFO (SIM_ID, ORG_CODE, DEPTCODE, STATE,PAY_MODLE, SIM_NUM) values(27859, 'B0000804', '中国移动', 1, '预付费', 13100007858);
insert into T_TERMINALINFO (TERMINAL_ID,TTYPE_ID,SIM_ID,TERMINAL_CODE,ORG_CODE,IS_VIDEO_TERMINAL,SP_SERVER_NAME,PROTOCOL_TYPE,CHANNELS,YT_PROTOCOL_TYPE) values(261859, 4, 27859, '1007858', 'B0000804',1,'1076测试服务器','4',8,'0');
insert into V_VEHICLEINFO (ORG_CODE,VEHICLE_ID,ID_NUMBER,TYPE_ID,TERMINAL_ID,DELETE_FLAG,COLOR_ID_NUMBER_ID,AUTHORIZED_PAY_MASS) values ('B0000804','2601859', '测B07858', 4, 261859, 0, '2',15);

insert into T_SIMINFO (SIM_ID, ORG_CODE, DEPTCODE, STATE,PAY_MODLE, SIM_NUM) values(27860, 'B0000804', '中国移动', 1, '预付费', 13100007859);
insert into T_TERMINALINFO (TERMINAL_ID,TTYPE_ID,SIM_ID,TERMINAL_CODE,ORG_CODE,IS_VIDEO_TERMINAL,SP_SERVER_NAME,PROTOCOL_TYPE,CHANNELS,YT_PROTOCOL_TYPE) values(261860, 4, 27860, '1007859', 'B0000804',1,'1076测试服务器','4',8,'0');
insert into V_VEHICLEINFO (ORG_CODE,VEHICLE_ID,ID_NUMBER,TYPE_ID,TERMINAL_ID,DELETE_FLAG,COLOR_ID_NUMBER_ID,AUTHORIZED_PAY_MASS) values ('B0000804','2601860', '测B07859', 4, 261860, 0, '2',15);

insert into T_SIMINFO (SIM_ID, ORG_CODE, DEPTCODE, STATE,PAY_MODLE, SIM_NUM) values(27861, 'B0000804', '中国移动', 1, '预付费', 13100007860);
insert into T_TERMINALINFO (TERMINAL_ID,TTYPE_ID,SIM_ID,TERMINAL_CODE,ORG_CODE,IS_VIDEO_TERMINAL,SP_SERVER_NAME,PROTOCOL_TYPE,CHANNELS,YT_PROTOCOL_TYPE) values(261861, 4, 27861, '1007860', 'B0000804',1,'1076测试服务器','4',8,'0');
insert into V_VEHICLEINFO (ORG_CODE,VEHICLE_ID,ID_NUMBER,TYPE_ID,TERMINAL_ID,DELETE_FLAG,COLOR_ID_NUMBER_ID,AUTHORIZED_PAY_MASS) values ('B0000804','2601861', '测B07860', 4, 261861, 0, '2',15);

insert into T_SIMINFO (SIM_ID, ORG_CODE, DEPTCODE, STATE,PAY_MODLE, SIM_NUM) values(27862, 'B0000804', '中国移动', 1, '预付费', 13100007861);
insert into T_TERMINALINFO (TERMINAL_ID,TTYPE_ID,SIM_ID,TERMINAL_CODE,ORG_CODE,IS_VIDEO_TERMINAL,SP_SERVER_NAME,PROTOCOL_TYPE,CHANNELS,YT_PROTOCOL_TYPE) values(261862, 4, 27862, '1007861', 'B0000804',1,'1076测试服务器','4',8,'0');
insert into V_VEHICLEINFO (ORG_CODE,VEHICLE_ID,ID_NUMBER,TYPE_ID,TERMINAL_ID,DELETE_FLAG,COLOR_ID_NUMBER_ID,AUTHORIZED_PAY_MASS) values ('B0000804','2601862', '测B07861', 4, 261862, 0, '2',15);

insert into T_SIMINFO (SIM_ID, ORG_CODE, DEPTCODE, STATE,PAY_MODLE, SIM_NUM) values(27863, 'B0000804', '中国移动', 1, '预付费', 13100007862);
insert into T_TERMINALINFO (TERMINAL_ID,TTYPE_ID,SIM_ID,TERMINAL_CODE,ORG_CODE,IS_VIDEO_TERMINAL,SP_SERVER_NAME,PROTOCOL_TYPE,CHANNELS,YT_PROTOCOL_TYPE) values(261863, 4, 27863, '1007862', 'B0000804',1,'1076测试服务器','4',8,'0');
insert into V_VEHICLEINFO (ORG_CODE,VEHICLE_ID,ID_NUMBER,TYPE_ID,TERMINAL_ID,DELETE_FLAG,COLOR_ID_NUMBER_ID,AUTHORIZED_PAY_MASS) values ('B0000804','2601863', '测B07862', 4, 261863, 0, '2',15);

insert into T_SIMINFO (SIM_ID, ORG_CODE, DEPTCODE, STATE,PAY_MODLE, SIM_NUM) values(27864, 'B0000804', '中国移动', 1, '预付费', 13100007863);
insert into T_TERMINALINFO (TERMINAL_ID,TTYPE_ID,SIM_ID,TERMINAL_CODE,ORG_CODE,IS_VIDEO_TERMINAL,SP_SERVER_NAME,PROTOCOL_TYPE,CHANNELS,YT_PROTOCOL_TYPE) values(261864, 4, 27864, '1007863', 'B0000804',1,'1076测试服务器','4',8,'0');
insert into V_VEHICLEINFO (ORG_CODE,VEHICLE_ID,ID_NUMBER,TYPE_ID,TERMINAL_ID,DELETE_FLAG,COLOR_ID_NUMBER_ID,AUTHORIZED_PAY_MASS) values ('B0000804','2601864', '测B07863', 4, 261864, 0, '2',15);

insert into T_SIMINFO (SIM_ID, ORG_CODE, DEPTCODE, STATE,PAY_MODLE, SIM_NUM) values(27865, 'B0000804', '中国移动', 1, '预付费', 13100007864);
insert into T_TERMINALINFO (TERMINAL_ID,TTYPE_ID,SIM_ID,TERMINAL_CODE,ORG_CODE,IS_VIDEO_TERMINAL,SP_SERVER_NAME,PROTOCOL_TYPE,CHANNELS,YT_PROTOCOL_TYPE) values(261865, 4, 27865, '1007864', 'B0000804',1,'1076测试服务器','4',8,'0');
insert into V_VEHICLEINFO (ORG_CODE,VEHICLE_ID,ID_NUMBER,TYPE_ID,TERMINAL_ID,DELETE_FLAG,COLOR_ID_NUMBER_ID,AUTHORIZED_PAY_MASS) values ('B0000804','2601865', '测B07864', 4, 261865, 0, '2',15);

insert into T_SIMINFO (SIM_ID, ORG_CODE, DEPTCODE, STATE,PAY_MODLE, SIM_NUM) values(27866, 'B0000804', '中国移动', 1, '预付费', 13100007865);
insert into T_TERMINALINFO (TERMINAL_ID,TTYPE_ID,SIM_ID,TERMINAL_CODE,ORG_CODE,IS_VIDEO_TERMINAL,SP_SERVER_NAME,PROTOCOL_TYPE,CHANNELS,YT_PROTOCOL_TYPE) values(261866, 4, 27866, '1007865', 'B0000804',1,'1076测试服务器','4',8,'0');
insert into V_VEHICLEINFO (ORG_CODE,VEHICLE_ID,ID_NUMBER,TYPE_ID,TERMINAL_ID,DELETE_FLAG,COLOR_ID_NUMBER_ID,AUTHORIZED_PAY_MASS) values ('B0000804','2601866', '测B07865', 4, 261866, 0, '2',15);

insert into T_SIMINFO (SIM_ID, ORG_CODE, DEPTCODE, STATE,PAY_MODLE, SIM_NUM) values(27867, 'B0000804', '中国移动', 1, '预付费', 13100007866);
insert into T_TERMINALINFO (TERMINAL_ID,TTYPE_ID,SIM_ID,TERMINAL_CODE,ORG_CODE,IS_VIDEO_TERMINAL,SP_SERVER_NAME,PROTOCOL_TYPE,CHANNELS,YT_PROTOCOL_TYPE) values(261867, 4, 27867, '1007866', 'B0000804',1,'1076测试服务器','4',8,'0');
insert into V_VEHICLEINFO (ORG_CODE,VEHICLE_ID,ID_NUMBER,TYPE_ID,TERMINAL_ID,DELETE_FLAG,COLOR_ID_NUMBER_ID,AUTHORIZED_PAY_MASS) values ('B0000804','2601867', '测B07866', 4, 261867, 0, '2',15);

insert into T_SIMINFO (SIM_ID, ORG_CODE, DEPTCODE, STATE,PAY_MODLE, SIM_NUM) values(27868, 'B0000804', '中国移动', 1, '预付费', 13100007867);
insert into T_TERMINALINFO (TERMINAL_ID,TTYPE_ID,SIM_ID,TERMINAL_CODE,ORG_CODE,IS_VIDEO_TERMINAL,SP_SERVER_NAME,PROTOCOL_TYPE,CHANNELS,YT_PROTOCOL_TYPE) values(261868, 4, 27868, '1007867', 'B0000804',1,'1076测试服务器','4',8,'0');
insert into V_VEHICLEINFO (ORG_CODE,VEHICLE_ID,ID_NUMBER,TYPE_ID,TERMINAL_ID,DELETE_FLAG,COLOR_ID_NUMBER_ID,AUTHORIZED_PAY_MASS) values ('B0000804','2601868', '测B07867', 4, 261868, 0, '2',15);

insert into T_SIMINFO (SIM_ID, ORG_CODE, DEPTCODE, STATE,PAY_MODLE, SIM_NUM) values(27869, 'B0000804', '中国移动', 1, '预付费', 13100007868);
insert into T_TERMINALINFO (TERMINAL_ID,TTYPE_ID,SIM_ID,TERMINAL_CODE,ORG_CODE,IS_VIDEO_TERMINAL,SP_SERVER_NAME,PROTOCOL_TYPE,CHANNELS,YT_PROTOCOL_TYPE) values(261869, 4, 27869, '1007868', 'B0000804',1,'1076测试服务器','4',8,'0');
insert into V_VEHICLEINFO (ORG_CODE,VEHICLE_ID,ID_NUMBER,TYPE_ID,TERMINAL_ID,DELETE_FLAG,COLOR_ID_NUMBER_ID,AUTHORIZED_PAY_MASS) values ('B0000804','2601869', '测B07868', 4, 261869, 0, '2',15);

insert into T_SIMINFO (SIM_ID, ORG_CODE, DEPTCODE, STATE,PAY_MODLE, SIM_NUM) values(27870, 'B0000804', '中国移动', 1, '预付费', 13100007869);
insert into T_TERMINALINFO (TERMINAL_ID,TTYPE_ID,SIM_ID,TERMINAL_CODE,ORG_CODE,IS_VIDEO_TERMINAL,SP_SERVER_NAME,PROTOCOL_TYPE,CHANNELS,YT_PROTOCOL_TYPE) values(261870, 4, 27870, '1007869', 'B0000804',1,'1076测试服务器','4',8,'0');
insert into V_VEHICLEINFO (ORG_CODE,VEHICLE_ID,ID_NUMBER,TYPE_ID,TERMINAL_ID,DELETE_FLAG,COLOR_ID_NUMBER_ID,AUTHORIZED_PAY_MASS) values ('B0000804','2601870', '测B07869', 4, 261870, 0, '2',15);

insert into T_SIMINFO (SIM_ID, ORG_CODE, DEPTCODE, STATE,PAY_MODLE, SIM_NUM) values(27871, 'B0000804', '中国移动', 1, '预付费', 13100007870);
insert into T_TERMINALINFO (TERMINAL_ID,TTYPE_ID,SIM_ID,TERMINAL_CODE,ORG_CODE,IS_VIDEO_TERMINAL,SP_SERVER_NAME,PROTOCOL_TYPE,CHANNELS,YT_PROTOCOL_TYPE) values(261871, 4, 27871, '1007870', 'B0000804',1,'1076测试服务器','4',8,'0');
insert into V_VEHICLEINFO (ORG_CODE,VEHICLE_ID,ID_NUMBER,TYPE_ID,TERMINAL_ID,DELETE_FLAG,COLOR_ID_NUMBER_ID,AUTHORIZED_PAY_MASS) values ('B0000804','2601871', '测B07870', 4, 261871, 0, '2',15);

insert into T_SIMINFO (SIM_ID, ORG_CODE, DEPTCODE, STATE,PAY_MODLE, SIM_NUM) values(27872, 'B0000804', '中国移动', 1, '预付费', 13100007871);
insert into T_TERMINALINFO (TERMINAL_ID,TTYPE_ID,SIM_ID,TERMINAL_CODE,ORG_CODE,IS_VIDEO_TERMINAL,SP_SERVER_NAME,PROTOCOL_TYPE,CHANNELS,YT_PROTOCOL_TYPE) values(261872, 4, 27872, '1007871', 'B0000804',1,'1076测试服务器','4',8,'0');
insert into V_VEHICLEINFO (ORG_CODE,VEHICLE_ID,ID_NUMBER,TYPE_ID,TERMINAL_ID,DELETE_FLAG,COLOR_ID_NUMBER_ID,AUTHORIZED_PAY_MASS) values ('B0000804','2601872', '测B07871', 4, 261872, 0, '2',15);

insert into T_SIMINFO (SIM_ID, ORG_CODE, DEPTCODE, STATE,PAY_MODLE, SIM_NUM) values(27873, 'B0000804', '中国移动', 1, '预付费', 13100007872);
insert into T_TERMINALINFO (TERMINAL_ID,TTYPE_ID,SIM_ID,TERMINAL_CODE,ORG_CODE,IS_VIDEO_TERMINAL,SP_SERVER_NAME,PROTOCOL_TYPE,CHANNELS,YT_PROTOCOL_TYPE) values(261873, 4, 27873, '1007872', 'B0000804',1,'1076测试服务器','4',8,'0');
insert into V_VEHICLEINFO (ORG_CODE,VEHICLE_ID,ID_NUMBER,TYPE_ID,TERMINAL_ID,DELETE_FLAG,COLOR_ID_NUMBER_ID,AUTHORIZED_PAY_MASS) values ('B0000804','2601873', '测B07872', 4, 261873, 0, '2',15);

insert into T_SIMINFO (SIM_ID, ORG_CODE, DEPTCODE, STATE,PAY_MODLE, SIM_NUM) values(27874, 'B0000804', '中国移动', 1, '预付费', 13100007873);
insert into T_TERMINALINFO (TERMINAL_ID,TTYPE_ID,SIM_ID,TERMINAL_CODE,ORG_CODE,IS_VIDEO_TERMINAL,SP_SERVER_NAME,PROTOCOL_TYPE,CHANNELS,YT_PROTOCOL_TYPE) values(261874, 4, 27874, '1007873', 'B0000804',1,'1076测试服务器','4',8,'0');
insert into V_VEHICLEINFO (ORG_CODE,VEHICLE_ID,ID_NUMBER,TYPE_ID,TERMINAL_ID,DELETE_FLAG,COLOR_ID_NUMBER_ID,AUTHORIZED_PAY_MASS) values ('B0000804','2601874', '测B07873', 4, 261874, 0, '2',15);

insert into T_SIMINFO (SIM_ID, ORG_CODE, DEPTCODE, STATE,PAY_MODLE, SIM_NUM) values(27875, 'B0000804', '中国移动', 1, '预付费', 13100007874);
insert into T_TERMINALINFO (TERMINAL_ID,TTYPE_ID,SIM_ID,TERMINAL_CODE,ORG_CODE,IS_VIDEO_TERMINAL,SP_SERVER_NAME,PROTOCOL_TYPE,CHANNELS,YT_PROTOCOL_TYPE) values(261875, 4, 27875, '1007874', 'B0000804',1,'1076测试服务器','4',8,'0');
insert into V_VEHICLEINFO (ORG_CODE,VEHICLE_ID,ID_NUMBER,TYPE_ID,TERMINAL_ID,DELETE_FLAG,COLOR_ID_NUMBER_ID,AUTHORIZED_PAY_MASS) values ('B0000804','2601875', '测B07874', 4, 261875, 0, '2',15);

insert into T_SIMINFO (SIM_ID, ORG_CODE, DEPTCODE, STATE,PAY_MODLE, SIM_NUM) values(27876, 'B0000804', '中国移动', 1, '预付费', 13100007875);
insert into T_TERMINALINFO (TERMINAL_ID,TTYPE_ID,SIM_ID,TERMINAL_CODE,ORG_CODE,IS_VIDEO_TERMINAL,SP_SERVER_NAME,PROTOCOL_TYPE,CHANNELS,YT_PROTOCOL_TYPE) values(261876, 4, 27876, '1007875', 'B0000804',1,'1076测试服务器','4',8,'0');
insert into V_VEHICLEINFO (ORG_CODE,VEHICLE_ID,ID_NUMBER,TYPE_ID,TERMINAL_ID,DELETE_FLAG,COLOR_ID_NUMBER_ID,AUTHORIZED_PAY_MASS) values ('B0000804','2601876', '测B07875', 4, 261876, 0, '2',15);

insert into T_SIMINFO (SIM_ID, ORG_CODE, DEPTCODE, STATE,PAY_MODLE, SIM_NUM) values(27877, 'B0000804', '中国移动', 1, '预付费', 13100007876);
insert into T_TERMINALINFO (TERMINAL_ID,TTYPE_ID,SIM_ID,TERMINAL_CODE,ORG_CODE,IS_VIDEO_TERMINAL,SP_SERVER_NAME,PROTOCOL_TYPE,CHANNELS,YT_PROTOCOL_TYPE) values(261877, 4, 27877, '1007876', 'B0000804',1,'1076测试服务器','4',8,'0');
insert into V_VEHICLEINFO (ORG_CODE,VEHICLE_ID,ID_NUMBER,TYPE_ID,TERMINAL_ID,DELETE_FLAG,COLOR_ID_NUMBER_ID,AUTHORIZED_PAY_MASS) values ('B0000804','2601877', '测B07876', 4, 261877, 0, '2',15);

insert into T_SIMINFO (SIM_ID, ORG_CODE, DEPTCODE, STATE,PAY_MODLE, SIM_NUM) values(27878, 'B0000804', '中国移动', 1, '预付费', 13100007877);
insert into T_TERMINALINFO (TERMINAL_ID,TTYPE_ID,SIM_ID,TERMINAL_CODE,ORG_CODE,IS_VIDEO_TERMINAL,SP_SERVER_NAME,PROTOCOL_TYPE,CHANNELS,YT_PROTOCOL_TYPE) values(261878, 4, 27878, '1007877', 'B0000804',1,'1076测试服务器','4',8,'0');
insert into V_VEHICLEINFO (ORG_CODE,VEHICLE_ID,ID_NUMBER,TYPE_ID,TERMINAL_ID,DELETE_FLAG,COLOR_ID_NUMBER_ID,AUTHORIZED_PAY_MASS) values ('B0000804','2601878', '测B07877', 4, 261878, 0, '2',15);

insert into T_SIMINFO (SIM_ID, ORG_CODE, DEPTCODE, STATE,PAY_MODLE, SIM_NUM) values(27879, 'B0000804', '中国移动', 1, '预付费', 13100007878);
insert into T_TERMINALINFO (TERMINAL_ID,TTYPE_ID,SIM_ID,TERMINAL_CODE,ORG_CODE,IS_VIDEO_TERMINAL,SP_SERVER_NAME,PROTOCOL_TYPE,CHANNELS,YT_PROTOCOL_TYPE) values(261879, 4, 27879, '1007878', 'B0000804',1,'1076测试服务器','4',8,'0');
insert into V_VEHICLEINFO (ORG_CODE,VEHICLE_ID,ID_NUMBER,TYPE_ID,TERMINAL_ID,DELETE_FLAG,COLOR_ID_NUMBER_ID,AUTHORIZED_PAY_MASS) values ('B0000804','2601879', '测B07878', 4, 261879, 0, '2',15);

insert into T_SIMINFO (SIM_ID, ORG_CODE, DEPTCODE, STATE,PAY_MODLE, SIM_NUM) values(27880, 'B0000804', '中国移动', 1, '预付费', 13100007879);
insert into T_TERMINALINFO (TERMINAL_ID,TTYPE_ID,SIM_ID,TERMINAL_CODE,ORG_CODE,IS_VIDEO_TERMINAL,SP_SERVER_NAME,PROTOCOL_TYPE,CHANNELS,YT_PROTOCOL_TYPE) values(261880, 4, 27880, '1007879', 'B0000804',1,'1076测试服务器','4',8,'0');
insert into V_VEHICLEINFO (ORG_CODE,VEHICLE_ID,ID_NUMBER,TYPE_ID,TERMINAL_ID,DELETE_FLAG,COLOR_ID_NUMBER_ID,AUTHORIZED_PAY_MASS) values ('B0000804','2601880', '测B07879', 4, 261880, 0, '2',15);

insert into T_SIMINFO (SIM_ID, ORG_CODE, DEPTCODE, STATE,PAY_MODLE, SIM_NUM) values(27881, 'B0000804', '中国移动', 1, '预付费', 13100007880);
insert into T_TERMINALINFO (TERMINAL_ID,TTYPE_ID,SIM_ID,TERMINAL_CODE,ORG_CODE,IS_VIDEO_TERMINAL,SP_SERVER_NAME,PROTOCOL_TYPE,CHANNELS,YT_PROTOCOL_TYPE) values(261881, 4, 27881, '1007880', 'B0000804',1,'1076测试服务器','4',8,'0');
insert into V_VEHICLEINFO (ORG_CODE,VEHICLE_ID,ID_NUMBER,TYPE_ID,TERMINAL_ID,DELETE_FLAG,COLOR_ID_NUMBER_ID,AUTHORIZED_PAY_MASS) values ('B0000804','2601881', '测B07880', 4, 261881, 0, '2',15);

insert into T_SIMINFO (SIM_ID, ORG_CODE, DEPTCODE, STATE,PAY_MODLE, SIM_NUM) values(27882, 'B0000804', '中国移动', 1, '预付费', 13100007881);
insert into T_TERMINALINFO (TERMINAL_ID,TTYPE_ID,SIM_ID,TERMINAL_CODE,ORG_CODE,IS_VIDEO_TERMINAL,SP_SERVER_NAME,PROTOCOL_TYPE,CHANNELS,YT_PROTOCOL_TYPE) values(261882, 4, 27882, '1007881', 'B0000804',1,'1076测试服务器','4',8,'0');
insert into V_VEHICLEINFO (ORG_CODE,VEHICLE_ID,ID_NUMBER,TYPE_ID,TERMINAL_ID,DELETE_FLAG,COLOR_ID_NUMBER_ID,AUTHORIZED_PAY_MASS) values ('B0000804','2601882', '测B07881', 4, 261882, 0, '2',15);

insert into T_SIMINFO (SIM_ID, ORG_CODE, DEPTCODE, STATE,PAY_MODLE, SIM_NUM) values(27883, 'B0000804', '中国移动', 1, '预付费', 13100007882);
insert into T_TERMINALINFO (TERMINAL_ID,TTYPE_ID,SIM_ID,TERMINAL_CODE,ORG_CODE,IS_VIDEO_TERMINAL,SP_SERVER_NAME,PROTOCOL_TYPE,CHANNELS,YT_PROTOCOL_TYPE) values(261883, 4, 27883, '1007882', 'B0000804',1,'1076测试服务器','4',8,'0');
insert into V_VEHICLEINFO (ORG_CODE,VEHICLE_ID,ID_NUMBER,TYPE_ID,TERMINAL_ID,DELETE_FLAG,COLOR_ID_NUMBER_ID,AUTHORIZED_PAY_MASS) values ('B0000804','2601883', '测B07882', 4, 261883, 0, '2',15);

insert into T_SIMINFO (SIM_ID, ORG_CODE, DEPTCODE, STATE,PAY_MODLE, SIM_NUM) values(27884, 'B0000804', '中国移动', 1, '预付费', 13100007883);
insert into T_TERMINALINFO (TERMINAL_ID,TTYPE_ID,SIM_ID,TERMINAL_CODE,ORG_CODE,IS_VIDEO_TERMINAL,SP_SERVER_NAME,PROTOCOL_TYPE,CHANNELS,YT_PROTOCOL_TYPE) values(261884, 4, 27884, '1007883', 'B0000804',1,'1076测试服务器','4',8,'0');
insert into V_VEHICLEINFO (ORG_CODE,VEHICLE_ID,ID_NUMBER,TYPE_ID,TERMINAL_ID,DELETE_FLAG,COLOR_ID_NUMBER_ID,AUTHORIZED_PAY_MASS) values ('B0000804','2601884', '测B07883', 4, 261884, 0, '2',15);

insert into T_SIMINFO (SIM_ID, ORG_CODE, DEPTCODE, STATE,PAY_MODLE, SIM_NUM) values(27885, 'B0000804', '中国移动', 1, '预付费', 13100007884);
insert into T_TERMINALINFO (TERMINAL_ID,TTYPE_ID,SIM_ID,TERMINAL_CODE,ORG_CODE,IS_VIDEO_TERMINAL,SP_SERVER_NAME,PROTOCOL_TYPE,CHANNELS,YT_PROTOCOL_TYPE) values(261885, 4, 27885, '1007884', 'B0000804',1,'1076测试服务器','4',8,'0');
insert into V_VEHICLEINFO (ORG_CODE,VEHICLE_ID,ID_NUMBER,TYPE_ID,TERMINAL_ID,DELETE_FLAG,COLOR_ID_NUMBER_ID,AUTHORIZED_PAY_MASS) values ('B0000804','2601885', '测B07884', 4, 261885, 0, '2',15);

insert into T_SIMINFO (SIM_ID, ORG_CODE, DEPTCODE, STATE,PAY_MODLE, SIM_NUM) values(27886, 'B0000804', '中国移动', 1, '预付费', 13100007885);
insert into T_TERMINALINFO (TERMINAL_ID,TTYPE_ID,SIM_ID,TERMINAL_CODE,ORG_CODE,IS_VIDEO_TERMINAL,SP_SERVER_NAME,PROTOCOL_TYPE,CHANNELS,YT_PROTOCOL_TYPE) values(261886, 4, 27886, '1007885', 'B0000804',1,'1076测试服务器','4',8,'0');
insert into V_VEHICLEINFO (ORG_CODE,VEHICLE_ID,ID_NUMBER,TYPE_ID,TERMINAL_ID,DELETE_FLAG,COLOR_ID_NUMBER_ID,AUTHORIZED_PAY_MASS) values ('B0000804','2601886', '测B07885', 4, 261886, 0, '2',15);

insert into T_SIMINFO (SIM_ID, ORG_CODE, DEPTCODE, STATE,PAY_MODLE, SIM_NUM) values(27887, 'B0000804', '中国移动', 1, '预付费', 13100007886);
insert into T_TERMINALINFO (TERMINAL_ID,TTYPE_ID,SIM_ID,TERMINAL_CODE,ORG_CODE,IS_VIDEO_TERMINAL,SP_SERVER_NAME,PROTOCOL_TYPE,CHANNELS,YT_PROTOCOL_TYPE) values(261887, 4, 27887, '1007886', 'B0000804',1,'1076测试服务器','4',8,'0');
insert into V_VEHICLEINFO (ORG_CODE,VEHICLE_ID,ID_NUMBER,TYPE_ID,TERMINAL_ID,DELETE_FLAG,COLOR_ID_NUMBER_ID,AUTHORIZED_PAY_MASS) values ('B0000804','2601887', '测B07886', 4, 261887, 0, '2',15);

insert into T_SIMINFO (SIM_ID, ORG_CODE, DEPTCODE, STATE,PAY_MODLE, SIM_NUM) values(27888, 'B0000804', '中国移动', 1, '预付费', 13100007887);
insert into T_TERMINALINFO (TERMINAL_ID,TTYPE_ID,SIM_ID,TERMINAL_CODE,ORG_CODE,IS_VIDEO_TERMINAL,SP_SERVER_NAME,PROTOCOL_TYPE,CHANNELS,YT_PROTOCOL_TYPE) values(261888, 4, 27888, '1007887', 'B0000804',1,'1076测试服务器','4',8,'0');
insert into V_VEHICLEINFO (ORG_CODE,VEHICLE_ID,ID_NUMBER,TYPE_ID,TERMINAL_ID,DELETE_FLAG,COLOR_ID_NUMBER_ID,AUTHORIZED_PAY_MASS) values ('B0000804','2601888', '测B07887', 4, 261888, 0, '2',15);

insert into T_SIMINFO (SIM_ID, ORG_CODE, DEPTCODE, STATE,PAY_MODLE, SIM_NUM) values(27889, 'B0000804', '中国移动', 1, '预付费', 13100007888);
insert into T_TERMINALINFO (TERMINAL_ID,TTYPE_ID,SIM_ID,TERMINAL_CODE,ORG_CODE,IS_VIDEO_TERMINAL,SP_SERVER_NAME,PROTOCOL_TYPE,CHANNELS,YT_PROTOCOL_TYPE) values(261889, 4, 27889, '1007888', 'B0000804',1,'1076测试服务器','4',8,'0');
insert into V_VEHICLEINFO (ORG_CODE,VEHICLE_ID,ID_NUMBER,TYPE_ID,TERMINAL_ID,DELETE_FLAG,COLOR_ID_NUMBER_ID,AUTHORIZED_PAY_MASS) values ('B0000804','2601889', '测B07888', 4, 261889, 0, '2',15);

insert into T_SIMINFO (SIM_ID, ORG_CODE, DEPTCODE, STATE,PAY_MODLE, SIM_NUM) values(27890, 'B0000804', '中国移动', 1, '预付费', 13100007889);
insert into T_TERMINALINFO (TERMINAL_ID,TTYPE_ID,SIM_ID,TERMINAL_CODE,ORG_CODE,IS_VIDEO_TERMINAL,SP_SERVER_NAME,PROTOCOL_TYPE,CHANNELS,YT_PROTOCOL_TYPE) values(261890, 4, 27890, '1007889', 'B0000804',1,'1076测试服务器','4',8,'0');
insert into V_VEHICLEINFO (ORG_CODE,VEHICLE_ID,ID_NUMBER,TYPE_ID,TERMINAL_ID,DELETE_FLAG,COLOR_ID_NUMBER_ID,AUTHORIZED_PAY_MASS) values ('B0000804','2601890', '测B07889', 4, 261890, 0, '2',15);

insert into T_SIMINFO (SIM_ID, ORG_CODE, DEPTCODE, STATE,PAY_MODLE, SIM_NUM) values(27891, 'B0000804', '中国移动', 1, '预付费', 13100007890);
insert into T_TERMINALINFO (TERMINAL_ID,TTYPE_ID,SIM_ID,TERMINAL_CODE,ORG_CODE,IS_VIDEO_TERMINAL,SP_SERVER_NAME,PROTOCOL_TYPE,CHANNELS,YT_PROTOCOL_TYPE) values(261891, 4, 27891, '1007890', 'B0000804',1,'1076测试服务器','4',8,'0');
insert into V_VEHICLEINFO (ORG_CODE,VEHICLE_ID,ID_NUMBER,TYPE_ID,TERMINAL_ID,DELETE_FLAG,COLOR_ID_NUMBER_ID,AUTHORIZED_PAY_MASS) values ('B0000804','2601891', '测B07890', 4, 261891, 0, '2',15);

insert into T_SIMINFO (SIM_ID, ORG_CODE, DEPTCODE, STATE,PAY_MODLE, SIM_NUM) values(27892, 'B0000804', '中国移动', 1, '预付费', 13100007891);
insert into T_TERMINALINFO (TERMINAL_ID,TTYPE_ID,SIM_ID,TERMINAL_CODE,ORG_CODE,IS_VIDEO_TERMINAL,SP_SERVER_NAME,PROTOCOL_TYPE,CHANNELS,YT_PROTOCOL_TYPE) values(261892, 4, 27892, '1007891', 'B0000804',1,'1076测试服务器','4',8,'0');
insert into V_VEHICLEINFO (ORG_CODE,VEHICLE_ID,ID_NUMBER,TYPE_ID,TERMINAL_ID,DELETE_FLAG,COLOR_ID_NUMBER_ID,AUTHORIZED_PAY_MASS) values ('B0000804','2601892', '测B07891', 4, 261892, 0, '2',15);

insert into T_SIMINFO (SIM_ID, ORG_CODE, DEPTCODE, STATE,PAY_MODLE, SIM_NUM) values(27893, 'B0000804', '中国移动', 1, '预付费', 13100007892);
insert into T_TERMINALINFO (TERMINAL_ID,TTYPE_ID,SIM_ID,TERMINAL_CODE,ORG_CODE,IS_VIDEO_TERMINAL,SP_SERVER_NAME,PROTOCOL_TYPE,CHANNELS,YT_PROTOCOL_TYPE) values(261893, 4, 27893, '1007892', 'B0000804',1,'1076测试服务器','4',8,'0');
insert into V_VEHICLEINFO (ORG_CODE,VEHICLE_ID,ID_NUMBER,TYPE_ID,TERMINAL_ID,DELETE_FLAG,COLOR_ID_NUMBER_ID,AUTHORIZED_PAY_MASS) values ('B0000804','2601893', '测B07892', 4, 261893, 0, '2',15);

insert into T_SIMINFO (SIM_ID, ORG_CODE, DEPTCODE, STATE,PAY_MODLE, SIM_NUM) values(27894, 'B0000804', '中国移动', 1, '预付费', 13100007893);
insert into T_TERMINALINFO (TERMINAL_ID,TTYPE_ID,SIM_ID,TERMINAL_CODE,ORG_CODE,IS_VIDEO_TERMINAL,SP_SERVER_NAME,PROTOCOL_TYPE,CHANNELS,YT_PROTOCOL_TYPE) values(261894, 4, 27894, '1007893', 'B0000804',1,'1076测试服务器','4',8,'0');
insert into V_VEHICLEINFO (ORG_CODE,VEHICLE_ID,ID_NUMBER,TYPE_ID,TERMINAL_ID,DELETE_FLAG,COLOR_ID_NUMBER_ID,AUTHORIZED_PAY_MASS) values ('B0000804','2601894', '测B07893', 4, 261894, 0, '2',15);

insert into T_SIMINFO (SIM_ID, ORG_CODE, DEPTCODE, STATE,PAY_MODLE, SIM_NUM) values(27895, 'B0000804', '中国移动', 1, '预付费', 13100007894);
insert into T_TERMINALINFO (TERMINAL_ID,TTYPE_ID,SIM_ID,TERMINAL_CODE,ORG_CODE,IS_VIDEO_TERMINAL,SP_SERVER_NAME,PROTOCOL_TYPE,CHANNELS,YT_PROTOCOL_TYPE) values(261895, 4, 27895, '1007894', 'B0000804',1,'1076测试服务器','4',8,'0');
insert into V_VEHICLEINFO (ORG_CODE,VEHICLE_ID,ID_NUMBER,TYPE_ID,TERMINAL_ID,DELETE_FLAG,COLOR_ID_NUMBER_ID,AUTHORIZED_PAY_MASS) values ('B0000804','2601895', '测B07894', 4, 261895, 0, '2',15);

insert into T_SIMINFO (SIM_ID, ORG_CODE, DEPTCODE, STATE,PAY_MODLE, SIM_NUM) values(27896, 'B0000804', '中国移动', 1, '预付费', 13100007895);
insert into T_TERMINALINFO (TERMINAL_ID,TTYPE_ID,SIM_ID,TERMINAL_CODE,ORG_CODE,IS_VIDEO_TERMINAL,SP_SERVER_NAME,PROTOCOL_TYPE,CHANNELS,YT_PROTOCOL_TYPE) values(261896, 4, 27896, '1007895', 'B0000804',1,'1076测试服务器','4',8,'0');
insert into V_VEHICLEINFO (ORG_CODE,VEHICLE_ID,ID_NUMBER,TYPE_ID,TERMINAL_ID,DELETE_FLAG,COLOR_ID_NUMBER_ID,AUTHORIZED_PAY_MASS) values ('B0000804','2601896', '测B07895', 4, 261896, 0, '2',15);

insert into T_SIMINFO (SIM_ID, ORG_CODE, DEPTCODE, STATE,PAY_MODLE, SIM_NUM) values(27897, 'B0000804', '中国移动', 1, '预付费', 13100007896);
insert into T_TERMINALINFO (TERMINAL_ID,TTYPE_ID,SIM_ID,TERMINAL_CODE,ORG_CODE,IS_VIDEO_TERMINAL,SP_SERVER_NAME,PROTOCOL_TYPE,CHANNELS,YT_PROTOCOL_TYPE) values(261897, 4, 27897, '1007896', 'B0000804',1,'1076测试服务器','4',8,'0');
insert into V_VEHICLEINFO (ORG_CODE,VEHICLE_ID,ID_NUMBER,TYPE_ID,TERMINAL_ID,DELETE_FLAG,COLOR_ID_NUMBER_ID,AUTHORIZED_PAY_MASS) values ('B0000804','2601897', '测B07896', 4, 261897, 0, '2',15);

insert into T_SIMINFO (SIM_ID, ORG_CODE, DEPTCODE, STATE,PAY_MODLE, SIM_NUM) values(27898, 'B0000804', '中国移动', 1, '预付费', 13100007897);
insert into T_TERMINALINFO (TERMINAL_ID,TTYPE_ID,SIM_ID,TERMINAL_CODE,ORG_CODE,IS_VIDEO_TERMINAL,SP_SERVER_NAME,PROTOCOL_TYPE,CHANNELS,YT_PROTOCOL_TYPE) values(261898, 4, 27898, '1007897', 'B0000804',1,'1076测试服务器','4',8,'0');
insert into V_VEHICLEINFO (ORG_CODE,VEHICLE_ID,ID_NUMBER,TYPE_ID,TERMINAL_ID,DELETE_FLAG,COLOR_ID_NUMBER_ID,AUTHORIZED_PAY_MASS) values ('B0000804','2601898', '测B07897', 4, 261898, 0, '2',15);

insert into T_SIMINFO (SIM_ID, ORG_CODE, DEPTCODE, STATE,PAY_MODLE, SIM_NUM) values(27899, 'B0000804', '中国移动', 1, '预付费', 13100007898);
insert into T_TERMINALINFO (TERMINAL_ID,TTYPE_ID,SIM_ID,TERMINAL_CODE,ORG_CODE,IS_VIDEO_TERMINAL,SP_SERVER_NAME,PROTOCOL_TYPE,CHANNELS,YT_PROTOCOL_TYPE) values(261899, 4, 27899, '1007898', 'B0000804',1,'1076测试服务器','4',8,'0');
insert into V_VEHICLEINFO (ORG_CODE,VEHICLE_ID,ID_NUMBER,TYPE_ID,TERMINAL_ID,DELETE_FLAG,COLOR_ID_NUMBER_ID,AUTHORIZED_PAY_MASS) values ('B0000804','2601899', '测B07898', 4, 261899, 0, '2',15);

insert into T_SIMINFO (SIM_ID, ORG_CODE, DEPTCODE, STATE,PAY_MODLE, SIM_NUM) values(27900, 'B0000804', '中国移动', 1, '预付费', 13100007899);
insert into T_TERMINALINFO (TERMINAL_ID,TTYPE_ID,SIM_ID,TERMINAL_CODE,ORG_CODE,IS_VIDEO_TERMINAL,SP_SERVER_NAME,PROTOCOL_TYPE,CHANNELS,YT_PROTOCOL_TYPE) values(261900, 4, 27900, '1007899', 'B0000804',1,'1076测试服务器','4',8,'0');
insert into V_VEHICLEINFO (ORG_CODE,VEHICLE_ID,ID_NUMBER,TYPE_ID,TERMINAL_ID,DELETE_FLAG,COLOR_ID_NUMBER_ID,AUTHORIZED_PAY_MASS) values ('B0000804','2601900', '测B07899', 4, 261900, 0, '2',15);

insert into T_SIMINFO (SIM_ID, ORG_CODE, DEPTCODE, STATE,PAY_MODLE, SIM_NUM) values(27901, 'B0000804', '中国移动', 1, '预付费', 13100007900);
insert into T_TERMINALINFO (TERMINAL_ID,TTYPE_ID,SIM_ID,TERMINAL_CODE,ORG_CODE,IS_VIDEO_TERMINAL,SP_SERVER_NAME,PROTOCOL_TYPE,CHANNELS,YT_PROTOCOL_TYPE) values(261901, 4, 27901, '1007900', 'B0000804',1,'1076测试服务器','4',8,'0');
insert into V_VEHICLEINFO (ORG_CODE,VEHICLE_ID,ID_NUMBER,TYPE_ID,TERMINAL_ID,DELETE_FLAG,COLOR_ID_NUMBER_ID,AUTHORIZED_PAY_MASS) values ('B0000804','2601901', '测B07900', 4, 261901, 0, '2',15);

insert into T_SIMINFO (SIM_ID, ORG_CODE, DEPTCODE, STATE,PAY_MODLE, SIM_NUM) values(27902, 'B0000804', '中国移动', 1, '预付费', 13100007901);
insert into T_TERMINALINFO (TERMINAL_ID,TTYPE_ID,SIM_ID,TERMINAL_CODE,ORG_CODE,IS_VIDEO_TERMINAL,SP_SERVER_NAME,PROTOCOL_TYPE,CHANNELS,YT_PROTOCOL_TYPE) values(261902, 4, 27902, '1007901', 'B0000804',1,'1076测试服务器','4',8,'0');
insert into V_VEHICLEINFO (ORG_CODE,VEHICLE_ID,ID_NUMBER,TYPE_ID,TERMINAL_ID,DELETE_FLAG,COLOR_ID_NUMBER_ID,AUTHORIZED_PAY_MASS) values ('B0000804','2601902', '测B07901', 4, 261902, 0, '2',15);

insert into T_SIMINFO (SIM_ID, ORG_CODE, DEPTCODE, STATE,PAY_MODLE, SIM_NUM) values(27903, 'B0000804', '中国移动', 1, '预付费', 13100007902);
insert into T_TERMINALINFO (TERMINAL_ID,TTYPE_ID,SIM_ID,TERMINAL_CODE,ORG_CODE,IS_VIDEO_TERMINAL,SP_SERVER_NAME,PROTOCOL_TYPE,CHANNELS,YT_PROTOCOL_TYPE) values(261903, 4, 27903, '1007902', 'B0000804',1,'1076测试服务器','4',8,'0');
insert into V_VEHICLEINFO (ORG_CODE,VEHICLE_ID,ID_NUMBER,TYPE_ID,TERMINAL_ID,DELETE_FLAG,COLOR_ID_NUMBER_ID,AUTHORIZED_PAY_MASS) values ('B0000804','2601903', '测B07902', 4, 261903, 0, '2',15);

insert into T_SIMINFO (SIM_ID, ORG_CODE, DEPTCODE, STATE,PAY_MODLE, SIM_NUM) values(27904, 'B0000804', '中国移动', 1, '预付费', 13100007903);
insert into T_TERMINALINFO (TERMINAL_ID,TTYPE_ID,SIM_ID,TERMINAL_CODE,ORG_CODE,IS_VIDEO_TERMINAL,SP_SERVER_NAME,PROTOCOL_TYPE,CHANNELS,YT_PROTOCOL_TYPE) values(261904, 4, 27904, '1007903', 'B0000804',1,'1076测试服务器','4',8,'0');
insert into V_VEHICLEINFO (ORG_CODE,VEHICLE_ID,ID_NUMBER,TYPE_ID,TERMINAL_ID,DELETE_FLAG,COLOR_ID_NUMBER_ID,AUTHORIZED_PAY_MASS) values ('B0000804','2601904', '测B07903', 4, 261904, 0, '2',15);

insert into T_SIMINFO (SIM_ID, ORG_CODE, DEPTCODE, STATE,PAY_MODLE, SIM_NUM) values(27905, 'B0000804', '中国移动', 1, '预付费', 13100007904);
insert into T_TERMINALINFO (TERMINAL_ID,TTYPE_ID,SIM_ID,TERMINAL_CODE,ORG_CODE,IS_VIDEO_TERMINAL,SP_SERVER_NAME,PROTOCOL_TYPE,CHANNELS,YT_PROTOCOL_TYPE) values(261905, 4, 27905, '1007904', 'B0000804',1,'1076测试服务器','4',8,'0');
insert into V_VEHICLEINFO (ORG_CODE,VEHICLE_ID,ID_NUMBER,TYPE_ID,TERMINAL_ID,DELETE_FLAG,COLOR_ID_NUMBER_ID,AUTHORIZED_PAY_MASS) values ('B0000804','2601905', '测B07904', 4, 261905, 0, '2',15);

insert into T_SIMINFO (SIM_ID, ORG_CODE, DEPTCODE, STATE,PAY_MODLE, SIM_NUM) values(27906, 'B0000804', '中国移动', 1, '预付费', 13100007905);
insert into T_TERMINALINFO (TERMINAL_ID,TTYPE_ID,SIM_ID,TERMINAL_CODE,ORG_CODE,IS_VIDEO_TERMINAL,SP_SERVER_NAME,PROTOCOL_TYPE,CHANNELS,YT_PROTOCOL_TYPE) values(261906, 4, 27906, '1007905', 'B0000804',1,'1076测试服务器','4',8,'0');
insert into V_VEHICLEINFO (ORG_CODE,VEHICLE_ID,ID_NUMBER,TYPE_ID,TERMINAL_ID,DELETE_FLAG,COLOR_ID_NUMBER_ID,AUTHORIZED_PAY_MASS) values ('B0000804','2601906', '测B07905', 4, 261906, 0, '2',15);

insert into T_SIMINFO (SIM_ID, ORG_CODE, DEPTCODE, STATE,PAY_MODLE, SIM_NUM) values(27907, 'B0000804', '中国移动', 1, '预付费', 13100007906);
insert into T_TERMINALINFO (TERMINAL_ID,TTYPE_ID,SIM_ID,TERMINAL_CODE,ORG_CODE,IS_VIDEO_TERMINAL,SP_SERVER_NAME,PROTOCOL_TYPE,CHANNELS,YT_PROTOCOL_TYPE) values(261907, 4, 27907, '1007906', 'B0000804',1,'1076测试服务器','4',8,'0');
insert into V_VEHICLEINFO (ORG_CODE,VEHICLE_ID,ID_NUMBER,TYPE_ID,TERMINAL_ID,DELETE_FLAG,COLOR_ID_NUMBER_ID,AUTHORIZED_PAY_MASS) values ('B0000804','2601907', '测B07906', 4, 261907, 0, '2',15);

insert into T_SIMINFO (SIM_ID, ORG_CODE, DEPTCODE, STATE,PAY_MODLE, SIM_NUM) values(27908, 'B0000804', '中国移动', 1, '预付费', 13100007907);
insert into T_TERMINALINFO (TERMINAL_ID,TTYPE_ID,SIM_ID,TERMINAL_CODE,ORG_CODE,IS_VIDEO_TERMINAL,SP_SERVER_NAME,PROTOCOL_TYPE,CHANNELS,YT_PROTOCOL_TYPE) values(261908, 4, 27908, '1007907', 'B0000804',1,'1076测试服务器','4',8,'0');
insert into V_VEHICLEINFO (ORG_CODE,VEHICLE_ID,ID_NUMBER,TYPE_ID,TERMINAL_ID,DELETE_FLAG,COLOR_ID_NUMBER_ID,AUTHORIZED_PAY_MASS) values ('B0000804','2601908', '测B07907', 4, 261908, 0, '2',15);

insert into T_SIMINFO (SIM_ID, ORG_CODE, DEPTCODE, STATE,PAY_MODLE, SIM_NUM) values(27909, 'B0000804', '中国移动', 1, '预付费', 13100007908);
insert into T_TERMINALINFO (TERMINAL_ID,TTYPE_ID,SIM_ID,TERMINAL_CODE,ORG_CODE,IS_VIDEO_TERMINAL,SP_SERVER_NAME,PROTOCOL_TYPE,CHANNELS,YT_PROTOCOL_TYPE) values(261909, 4, 27909, '1007908', 'B0000804',1,'1076测试服务器','4',8,'0');
insert into V_VEHICLEINFO (ORG_CODE,VEHICLE_ID,ID_NUMBER,TYPE_ID,TERMINAL_ID,DELETE_FLAG,COLOR_ID_NUMBER_ID,AUTHORIZED_PAY_MASS) values ('B0000804','2601909', '测B07908', 4, 261909, 0, '2',15);

insert into T_SIMINFO (SIM_ID, ORG_CODE, DEPTCODE, STATE,PAY_MODLE, SIM_NUM) values(27910, 'B0000804', '中国移动', 1, '预付费', 13100007909);
insert into T_TERMINALINFO (TERMINAL_ID,TTYPE_ID,SIM_ID,TERMINAL_CODE,ORG_CODE,IS_VIDEO_TERMINAL,SP_SERVER_NAME,PROTOCOL_TYPE,CHANNELS,YT_PROTOCOL_TYPE) values(261910, 4, 27910, '1007909', 'B0000804',1,'1076测试服务器','4',8,'0');
insert into V_VEHICLEINFO (ORG_CODE,VEHICLE_ID,ID_NUMBER,TYPE_ID,TERMINAL_ID,DELETE_FLAG,COLOR_ID_NUMBER_ID,AUTHORIZED_PAY_MASS) values ('B0000804','2601910', '测B07909', 4, 261910, 0, '2',15);

insert into T_SIMINFO (SIM_ID, ORG_CODE, DEPTCODE, STATE,PAY_MODLE, SIM_NUM) values(27911, 'B0000804', '中国移动', 1, '预付费', 13100007910);
insert into T_TERMINALINFO (TERMINAL_ID,TTYPE_ID,SIM_ID,TERMINAL_CODE,ORG_CODE,IS_VIDEO_TERMINAL,SP_SERVER_NAME,PROTOCOL_TYPE,CHANNELS,YT_PROTOCOL_TYPE) values(261911, 4, 27911, '1007910', 'B0000804',1,'1076测试服务器','4',8,'0');
insert into V_VEHICLEINFO (ORG_CODE,VEHICLE_ID,ID_NUMBER,TYPE_ID,TERMINAL_ID,DELETE_FLAG,COLOR_ID_NUMBER_ID,AUTHORIZED_PAY_MASS) values ('B0000804','2601911', '测B07910', 4, 261911, 0, '2',15);

insert into T_SIMINFO (SIM_ID, ORG_CODE, DEPTCODE, STATE,PAY_MODLE, SIM_NUM) values(27912, 'B0000804', '中国移动', 1, '预付费', 13100007911);
insert into T_TERMINALINFO (TERMINAL_ID,TTYPE_ID,SIM_ID,TERMINAL_CODE,ORG_CODE,IS_VIDEO_TERMINAL,SP_SERVER_NAME,PROTOCOL_TYPE,CHANNELS,YT_PROTOCOL_TYPE) values(261912, 4, 27912, '1007911', 'B0000804',1,'1076测试服务器','4',8,'0');
insert into V_VEHICLEINFO (ORG_CODE,VEHICLE_ID,ID_NUMBER,TYPE_ID,TERMINAL_ID,DELETE_FLAG,COLOR_ID_NUMBER_ID,AUTHORIZED_PAY_MASS) values ('B0000804','2601912', '测B07911', 4, 261912, 0, '2',15);

insert into T_SIMINFO (SIM_ID, ORG_CODE, DEPTCODE, STATE,PAY_MODLE, SIM_NUM) values(27913, 'B0000804', '中国移动', 1, '预付费', 13100007912);
insert into T_TERMINALINFO (TERMINAL_ID,TTYPE_ID,SIM_ID,TERMINAL_CODE,ORG_CODE,IS_VIDEO_TERMINAL,SP_SERVER_NAME,PROTOCOL_TYPE,CHANNELS,YT_PROTOCOL_TYPE) values(261913, 4, 27913, '1007912', 'B0000804',1,'1076测试服务器','4',8,'0');
insert into V_VEHICLEINFO (ORG_CODE,VEHICLE_ID,ID_NUMBER,TYPE_ID,TERMINAL_ID,DELETE_FLAG,COLOR_ID_NUMBER_ID,AUTHORIZED_PAY_MASS) values ('B0000804','2601913', '测B07912', 4, 261913, 0, '2',15);

insert into T_SIMINFO (SIM_ID, ORG_CODE, DEPTCODE, STATE,PAY_MODLE, SIM_NUM) values(27914, 'B0000804', '中国移动', 1, '预付费', 13100007913);
insert into T_TERMINALINFO (TERMINAL_ID,TTYPE_ID,SIM_ID,TERMINAL_CODE,ORG_CODE,IS_VIDEO_TERMINAL,SP_SERVER_NAME,PROTOCOL_TYPE,CHANNELS,YT_PROTOCOL_TYPE) values(261914, 4, 27914, '1007913', 'B0000804',1,'1076测试服务器','4',8,'0');
insert into V_VEHICLEINFO (ORG_CODE,VEHICLE_ID,ID_NUMBER,TYPE_ID,TERMINAL_ID,DELETE_FLAG,COLOR_ID_NUMBER_ID,AUTHORIZED_PAY_MASS) values ('B0000804','2601914', '测B07913', 4, 261914, 0, '2',15);

insert into T_SIMINFO (SIM_ID, ORG_CODE, DEPTCODE, STATE,PAY_MODLE, SIM_NUM) values(27915, 'B0000804', '中国移动', 1, '预付费', 13100007914);
insert into T_TERMINALINFO (TERMINAL_ID,TTYPE_ID,SIM_ID,TERMINAL_CODE,ORG_CODE,IS_VIDEO_TERMINAL,SP_SERVER_NAME,PROTOCOL_TYPE,CHANNELS,YT_PROTOCOL_TYPE) values(261915, 4, 27915, '1007914', 'B0000804',1,'1076测试服务器','4',8,'0');
insert into V_VEHICLEINFO (ORG_CODE,VEHICLE_ID,ID_NUMBER,TYPE_ID,TERMINAL_ID,DELETE_FLAG,COLOR_ID_NUMBER_ID,AUTHORIZED_PAY_MASS) values ('B0000804','2601915', '测B07914', 4, 261915, 0, '2',15);

insert into T_SIMINFO (SIM_ID, ORG_CODE, DEPTCODE, STATE,PAY_MODLE, SIM_NUM) values(27916, 'B0000804', '中国移动', 1, '预付费', 13100007915);
insert into T_TERMINALINFO (TERMINAL_ID,TTYPE_ID,SIM_ID,TERMINAL_CODE,ORG_CODE,IS_VIDEO_TERMINAL,SP_SERVER_NAME,PROTOCOL_TYPE,CHANNELS,YT_PROTOCOL_TYPE) values(261916, 4, 27916, '1007915', 'B0000804',1,'1076测试服务器','4',8,'0');
insert into V_VEHICLEINFO (ORG_CODE,VEHICLE_ID,ID_NUMBER,TYPE_ID,TERMINAL_ID,DELETE_FLAG,COLOR_ID_NUMBER_ID,AUTHORIZED_PAY_MASS) values ('B0000804','2601916', '测B07915', 4, 261916, 0, '2',15);

insert into T_SIMINFO (SIM_ID, ORG_CODE, DEPTCODE, STATE,PAY_MODLE, SIM_NUM) values(27917, 'B0000804', '中国移动', 1, '预付费', 13100007916);
insert into T_TERMINALINFO (TERMINAL_ID,TTYPE_ID,SIM_ID,TERMINAL_CODE,ORG_CODE,IS_VIDEO_TERMINAL,SP_SERVER_NAME,PROTOCOL_TYPE,CHANNELS,YT_PROTOCOL_TYPE) values(261917, 4, 27917, '1007916', 'B0000804',1,'1076测试服务器','4',8,'0');
insert into V_VEHICLEINFO (ORG_CODE,VEHICLE_ID,ID_NUMBER,TYPE_ID,TERMINAL_ID,DELETE_FLAG,COLOR_ID_NUMBER_ID,AUTHORIZED_PAY_MASS) values ('B0000804','2601917', '测B07916', 4, 261917, 0, '2',15);

insert into T_SIMINFO (SIM_ID, ORG_CODE, DEPTCODE, STATE,PAY_MODLE, SIM_NUM) values(27918, 'B0000804', '中国移动', 1, '预付费', 13100007917);
insert into T_TERMINALINFO (TERMINAL_ID,TTYPE_ID,SIM_ID,TERMINAL_CODE,ORG_CODE,IS_VIDEO_TERMINAL,SP_SERVER_NAME,PROTOCOL_TYPE,CHANNELS,YT_PROTOCOL_TYPE) values(261918, 4, 27918, '1007917', 'B0000804',1,'1076测试服务器','4',8,'0');
insert into V_VEHICLEINFO (ORG_CODE,VEHICLE_ID,ID_NUMBER,TYPE_ID,TERMINAL_ID,DELETE_FLAG,COLOR_ID_NUMBER_ID,AUTHORIZED_PAY_MASS) values ('B0000804','2601918', '测B07917', 4, 261918, 0, '2',15);

insert into T_SIMINFO (SIM_ID, ORG_CODE, DEPTCODE, STATE,PAY_MODLE, SIM_NUM) values(27919, 'B0000804', '中国移动', 1, '预付费', 13100007918);
insert into T_TERMINALINFO (TERMINAL_ID,TTYPE_ID,SIM_ID,TERMINAL_CODE,ORG_CODE,IS_VIDEO_TERMINAL,SP_SERVER_NAME,PROTOCOL_TYPE,CHANNELS,YT_PROTOCOL_TYPE) values(261919, 4, 27919, '1007918', 'B0000804',1,'1076测试服务器','4',8,'0');
insert into V_VEHICLEINFO (ORG_CODE,VEHICLE_ID,ID_NUMBER,TYPE_ID,TERMINAL_ID,DELETE_FLAG,COLOR_ID_NUMBER_ID,AUTHORIZED_PAY_MASS) values ('B0000804','2601919', '测B07918', 4, 261919, 0, '2',15);

insert into T_SIMINFO (SIM_ID, ORG_CODE, DEPTCODE, STATE,PAY_MODLE, SIM_NUM) values(27920, 'B0000804', '中国移动', 1, '预付费', 13100007919);
insert into T_TERMINALINFO (TERMINAL_ID,TTYPE_ID,SIM_ID,TERMINAL_CODE,ORG_CODE,IS_VIDEO_TERMINAL,SP_SERVER_NAME,PROTOCOL_TYPE,CHANNELS,YT_PROTOCOL_TYPE) values(261920, 4, 27920, '1007919', 'B0000804',1,'1076测试服务器','4',8,'0');
insert into V_VEHICLEINFO (ORG_CODE,VEHICLE_ID,ID_NUMBER,TYPE_ID,TERMINAL_ID,DELETE_FLAG,COLOR_ID_NUMBER_ID,AUTHORIZED_PAY_MASS) values ('B0000804','2601920', '测B07919', 4, 261920, 0, '2',15);

insert into T_SIMINFO (SIM_ID, ORG_CODE, DEPTCODE, STATE,PAY_MODLE, SIM_NUM) values(27921, 'B0000804', '中国移动', 1, '预付费', 13100007920);
insert into T_TERMINALINFO (TERMINAL_ID,TTYPE_ID,SIM_ID,TERMINAL_CODE,ORG_CODE,IS_VIDEO_TERMINAL,SP_SERVER_NAME,PROTOCOL_TYPE,CHANNELS,YT_PROTOCOL_TYPE) values(261921, 4, 27921, '1007920', 'B0000804',1,'1076测试服务器','4',8,'0');
insert into V_VEHICLEINFO (ORG_CODE,VEHICLE_ID,ID_NUMBER,TYPE_ID,TERMINAL_ID,DELETE_FLAG,COLOR_ID_NUMBER_ID,AUTHORIZED_PAY_MASS) values ('B0000804','2601921', '测B07920', 4, 261921, 0, '2',15);

insert into T_SIMINFO (SIM_ID, ORG_CODE, DEPTCODE, STATE,PAY_MODLE, SIM_NUM) values(27922, 'B0000804', '中国移动', 1, '预付费', 13100007921);
insert into T_TERMINALINFO (TERMINAL_ID,TTYPE_ID,SIM_ID,TERMINAL_CODE,ORG_CODE,IS_VIDEO_TERMINAL,SP_SERVER_NAME,PROTOCOL_TYPE,CHANNELS,YT_PROTOCOL_TYPE) values(261922, 4, 27922, '1007921', 'B0000804',1,'1076测试服务器','4',8,'0');
insert into V_VEHICLEINFO (ORG_CODE,VEHICLE_ID,ID_NUMBER,TYPE_ID,TERMINAL_ID,DELETE_FLAG,COLOR_ID_NUMBER_ID,AUTHORIZED_PAY_MASS) values ('B0000804','2601922', '测B07921', 4, 261922, 0, '2',15);

insert into T_SIMINFO (SIM_ID, ORG_CODE, DEPTCODE, STATE,PAY_MODLE, SIM_NUM) values(27923, 'B0000804', '中国移动', 1, '预付费', 13100007922);
insert into T_TERMINALINFO (TERMINAL_ID,TTYPE_ID,SIM_ID,TERMINAL_CODE,ORG_CODE,IS_VIDEO_TERMINAL,SP_SERVER_NAME,PROTOCOL_TYPE,CHANNELS,YT_PROTOCOL_TYPE) values(261923, 4, 27923, '1007922', 'B0000804',1,'1076测试服务器','4',8,'0');
insert into V_VEHICLEINFO (ORG_CODE,VEHICLE_ID,ID_NUMBER,TYPE_ID,TERMINAL_ID,DELETE_FLAG,COLOR_ID_NUMBER_ID,AUTHORIZED_PAY_MASS) values ('B0000804','2601923', '测B07922', 4, 261923, 0, '2',15);

insert into T_SIMINFO (SIM_ID, ORG_CODE, DEPTCODE, STATE,PAY_MODLE, SIM_NUM) values(27924, 'B0000804', '中国移动', 1, '预付费', 13100007923);
insert into T_TERMINALINFO (TERMINAL_ID,TTYPE_ID,SIM_ID,TERMINAL_CODE,ORG_CODE,IS_VIDEO_TERMINAL,SP_SERVER_NAME,PROTOCOL_TYPE,CHANNELS,YT_PROTOCOL_TYPE) values(261924, 4, 27924, '1007923', 'B0000804',1,'1076测试服务器','4',8,'0');
insert into V_VEHICLEINFO (ORG_CODE,VEHICLE_ID,ID_NUMBER,TYPE_ID,TERMINAL_ID,DELETE_FLAG,COLOR_ID_NUMBER_ID,AUTHORIZED_PAY_MASS) values ('B0000804','2601924', '测B07923', 4, 261924, 0, '2',15);

insert into T_SIMINFO (SIM_ID, ORG_CODE, DEPTCODE, STATE,PAY_MODLE, SIM_NUM) values(27925, 'B0000804', '中国移动', 1, '预付费', 13100007924);
insert into T_TERMINALINFO (TERMINAL_ID,TTYPE_ID,SIM_ID,TERMINAL_CODE,ORG_CODE,IS_VIDEO_TERMINAL,SP_SERVER_NAME,PROTOCOL_TYPE,CHANNELS,YT_PROTOCOL_TYPE) values(261925, 4, 27925, '1007924', 'B0000804',1,'1076测试服务器','4',8,'0');
insert into V_VEHICLEINFO (ORG_CODE,VEHICLE_ID,ID_NUMBER,TYPE_ID,TERMINAL_ID,DELETE_FLAG,COLOR_ID_NUMBER_ID,AUTHORIZED_PAY_MASS) values ('B0000804','2601925', '测B07924', 4, 261925, 0, '2',15);

insert into T_SIMINFO (SIM_ID, ORG_CODE, DEPTCODE, STATE,PAY_MODLE, SIM_NUM) values(27926, 'B0000804', '中国移动', 1, '预付费', 13100007925);
insert into T_TERMINALINFO (TERMINAL_ID,TTYPE_ID,SIM_ID,TERMINAL_CODE,ORG_CODE,IS_VIDEO_TERMINAL,SP_SERVER_NAME,PROTOCOL_TYPE,CHANNELS,YT_PROTOCOL_TYPE) values(261926, 4, 27926, '1007925', 'B0000804',1,'1076测试服务器','4',8,'0');
insert into V_VEHICLEINFO (ORG_CODE,VEHICLE_ID,ID_NUMBER,TYPE_ID,TERMINAL_ID,DELETE_FLAG,COLOR_ID_NUMBER_ID,AUTHORIZED_PAY_MASS) values ('B0000804','2601926', '测B07925', 4, 261926, 0, '2',15);

insert into T_SIMINFO (SIM_ID, ORG_CODE, DEPTCODE, STATE,PAY_MODLE, SIM_NUM) values(27927, 'B0000804', '中国移动', 1, '预付费', 13100007926);
insert into T_TERMINALINFO (TERMINAL_ID,TTYPE_ID,SIM_ID,TERMINAL_CODE,ORG_CODE,IS_VIDEO_TERMINAL,SP_SERVER_NAME,PROTOCOL_TYPE,CHANNELS,YT_PROTOCOL_TYPE) values(261927, 4, 27927, '1007926', 'B0000804',1,'1076测试服务器','4',8,'0');
insert into V_VEHICLEINFO (ORG_CODE,VEHICLE_ID,ID_NUMBER,TYPE_ID,TERMINAL_ID,DELETE_FLAG,COLOR_ID_NUMBER_ID,AUTHORIZED_PAY_MASS) values ('B0000804','2601927', '测B07926', 4, 261927, 0, '2',15);

insert into T_SIMINFO (SIM_ID, ORG_CODE, DEPTCODE, STATE,PAY_MODLE, SIM_NUM) values(27928, 'B0000804', '中国移动', 1, '预付费', 13100007927);
insert into T_TERMINALINFO (TERMINAL_ID,TTYPE_ID,SIM_ID,TERMINAL_CODE,ORG_CODE,IS_VIDEO_TERMINAL,SP_SERVER_NAME,PROTOCOL_TYPE,CHANNELS,YT_PROTOCOL_TYPE) values(261928, 4, 27928, '1007927', 'B0000804',1,'1076测试服务器','4',8,'0');
insert into V_VEHICLEINFO (ORG_CODE,VEHICLE_ID,ID_NUMBER,TYPE_ID,TERMINAL_ID,DELETE_FLAG,COLOR_ID_NUMBER_ID,AUTHORIZED_PAY_MASS) values ('B0000804','2601928', '测B07927', 4, 261928, 0, '2',15);

insert into T_SIMINFO (SIM_ID, ORG_CODE, DEPTCODE, STATE,PAY_MODLE, SIM_NUM) values(27929, 'B0000804', '中国移动', 1, '预付费', 13100007928);
insert into T_TERMINALINFO (TERMINAL_ID,TTYPE_ID,SIM_ID,TERMINAL_CODE,ORG_CODE,IS_VIDEO_TERMINAL,SP_SERVER_NAME,PROTOCOL_TYPE,CHANNELS,YT_PROTOCOL_TYPE) values(261929, 4, 27929, '1007928', 'B0000804',1,'1076测试服务器','4',8,'0');
insert into V_VEHICLEINFO (ORG_CODE,VEHICLE_ID,ID_NUMBER,TYPE_ID,TERMINAL_ID,DELETE_FLAG,COLOR_ID_NUMBER_ID,AUTHORIZED_PAY_MASS) values ('B0000804','2601929', '测B07928', 4, 261929, 0, '2',15);

insert into T_SIMINFO (SIM_ID, ORG_CODE, DEPTCODE, STATE,PAY_MODLE, SIM_NUM) values(27930, 'B0000804', '中国移动', 1, '预付费', 13100007929);
insert into T_TERMINALINFO (TERMINAL_ID,TTYPE_ID,SIM_ID,TERMINAL_CODE,ORG_CODE,IS_VIDEO_TERMINAL,SP_SERVER_NAME,PROTOCOL_TYPE,CHANNELS,YT_PROTOCOL_TYPE) values(261930, 4, 27930, '1007929', 'B0000804',1,'1076测试服务器','4',8,'0');
insert into V_VEHICLEINFO (ORG_CODE,VEHICLE_ID,ID_NUMBER,TYPE_ID,TERMINAL_ID,DELETE_FLAG,COLOR_ID_NUMBER_ID,AUTHORIZED_PAY_MASS) values ('B0000804','2601930', '测B07929', 4, 261930, 0, '2',15);

insert into T_SIMINFO (SIM_ID, ORG_CODE, DEPTCODE, STATE,PAY_MODLE, SIM_NUM) values(27931, 'B0000804', '中国移动', 1, '预付费', 13100007930);
insert into T_TERMINALINFO (TERMINAL_ID,TTYPE_ID,SIM_ID,TERMINAL_CODE,ORG_CODE,IS_VIDEO_TERMINAL,SP_SERVER_NAME,PROTOCOL_TYPE,CHANNELS,YT_PROTOCOL_TYPE) values(261931, 4, 27931, '1007930', 'B0000804',1,'1076测试服务器','4',8,'0');
insert into V_VEHICLEINFO (ORG_CODE,VEHICLE_ID,ID_NUMBER,TYPE_ID,TERMINAL_ID,DELETE_FLAG,COLOR_ID_NUMBER_ID,AUTHORIZED_PAY_MASS) values ('B0000804','2601931', '测B07930', 4, 261931, 0, '2',15);

insert into T_SIMINFO (SIM_ID, ORG_CODE, DEPTCODE, STATE,PAY_MODLE, SIM_NUM) values(27932, 'B0000804', '中国移动', 1, '预付费', 13100007931);
insert into T_TERMINALINFO (TERMINAL_ID,TTYPE_ID,SIM_ID,TERMINAL_CODE,ORG_CODE,IS_VIDEO_TERMINAL,SP_SERVER_NAME,PROTOCOL_TYPE,CHANNELS,YT_PROTOCOL_TYPE) values(261932, 4, 27932, '1007931', 'B0000804',1,'1076测试服务器','4',8,'0');
insert into V_VEHICLEINFO (ORG_CODE,VEHICLE_ID,ID_NUMBER,TYPE_ID,TERMINAL_ID,DELETE_FLAG,COLOR_ID_NUMBER_ID,AUTHORIZED_PAY_MASS) values ('B0000804','2601932', '测B07931', 4, 261932, 0, '2',15);

insert into T_SIMINFO (SIM_ID, ORG_CODE, DEPTCODE, STATE,PAY_MODLE, SIM_NUM) values(27933, 'B0000804', '中国移动', 1, '预付费', 13100007932);
insert into T_TERMINALINFO (TERMINAL_ID,TTYPE_ID,SIM_ID,TERMINAL_CODE,ORG_CODE,IS_VIDEO_TERMINAL,SP_SERVER_NAME,PROTOCOL_TYPE,CHANNELS,YT_PROTOCOL_TYPE) values(261933, 4, 27933, '1007932', 'B0000804',1,'1076测试服务器','4',8,'0');
insert into V_VEHICLEINFO (ORG_CODE,VEHICLE_ID,ID_NUMBER,TYPE_ID,TERMINAL_ID,DELETE_FLAG,COLOR_ID_NUMBER_ID,AUTHORIZED_PAY_MASS) values ('B0000804','2601933', '测B07932', 4, 261933, 0, '2',15);

insert into T_SIMINFO (SIM_ID, ORG_CODE, DEPTCODE, STATE,PAY_MODLE, SIM_NUM) values(27934, 'B0000804', '中国移动', 1, '预付费', 13100007933);
insert into T_TERMINALINFO (TERMINAL_ID,TTYPE_ID,SIM_ID,TERMINAL_CODE,ORG_CODE,IS_VIDEO_TERMINAL,SP_SERVER_NAME,PROTOCOL_TYPE,CHANNELS,YT_PROTOCOL_TYPE) values(261934, 4, 27934, '1007933', 'B0000804',1,'1076测试服务器','4',8,'0');
insert into V_VEHICLEINFO (ORG_CODE,VEHICLE_ID,ID_NUMBER,TYPE_ID,TERMINAL_ID,DELETE_FLAG,COLOR_ID_NUMBER_ID,AUTHORIZED_PAY_MASS) values ('B0000804','2601934', '测B07933', 4, 261934, 0, '2',15);

insert into T_SIMINFO (SIM_ID, ORG_CODE, DEPTCODE, STATE,PAY_MODLE, SIM_NUM) values(27935, 'B0000804', '中国移动', 1, '预付费', 13100007934);
insert into T_TERMINALINFO (TERMINAL_ID,TTYPE_ID,SIM_ID,TERMINAL_CODE,ORG_CODE,IS_VIDEO_TERMINAL,SP_SERVER_NAME,PROTOCOL_TYPE,CHANNELS,YT_PROTOCOL_TYPE) values(261935, 4, 27935, '1007934', 'B0000804',1,'1076测试服务器','4',8,'0');
insert into V_VEHICLEINFO (ORG_CODE,VEHICLE_ID,ID_NUMBER,TYPE_ID,TERMINAL_ID,DELETE_FLAG,COLOR_ID_NUMBER_ID,AUTHORIZED_PAY_MASS) values ('B0000804','2601935', '测B07934', 4, 261935, 0, '2',15);

insert into T_SIMINFO (SIM_ID, ORG_CODE, DEPTCODE, STATE,PAY_MODLE, SIM_NUM) values(27936, 'B0000804', '中国移动', 1, '预付费', 13100007935);
insert into T_TERMINALINFO (TERMINAL_ID,TTYPE_ID,SIM_ID,TERMINAL_CODE,ORG_CODE,IS_VIDEO_TERMINAL,SP_SERVER_NAME,PROTOCOL_TYPE,CHANNELS,YT_PROTOCOL_TYPE) values(261936, 4, 27936, '1007935', 'B0000804',1,'1076测试服务器','4',8,'0');
insert into V_VEHICLEINFO (ORG_CODE,VEHICLE_ID,ID_NUMBER,TYPE_ID,TERMINAL_ID,DELETE_FLAG,COLOR_ID_NUMBER_ID,AUTHORIZED_PAY_MASS) values ('B0000804','2601936', '测B07935', 4, 261936, 0, '2',15);

insert into T_SIMINFO (SIM_ID, ORG_CODE, DEPTCODE, STATE,PAY_MODLE, SIM_NUM) values(27937, 'B0000804', '中国移动', 1, '预付费', 13100007936);
insert into T_TERMINALINFO (TERMINAL_ID,TTYPE_ID,SIM_ID,TERMINAL_CODE,ORG_CODE,IS_VIDEO_TERMINAL,SP_SERVER_NAME,PROTOCOL_TYPE,CHANNELS,YT_PROTOCOL_TYPE) values(261937, 4, 27937, '1007936', 'B0000804',1,'1076测试服务器','4',8,'0');
insert into V_VEHICLEINFO (ORG_CODE,VEHICLE_ID,ID_NUMBER,TYPE_ID,TERMINAL_ID,DELETE_FLAG,COLOR_ID_NUMBER_ID,AUTHORIZED_PAY_MASS) values ('B0000804','2601937', '测B07936', 4, 261937, 0, '2',15);

insert into T_SIMINFO (SIM_ID, ORG_CODE, DEPTCODE, STATE,PAY_MODLE, SIM_NUM) values(27938, 'B0000804', '中国移动', 1, '预付费', 13100007937);
insert into T_TERMINALINFO (TERMINAL_ID,TTYPE_ID,SIM_ID,TERMINAL_CODE,ORG_CODE,IS_VIDEO_TERMINAL,SP_SERVER_NAME,PROTOCOL_TYPE,CHANNELS,YT_PROTOCOL_TYPE) values(261938, 4, 27938, '1007937', 'B0000804',1,'1076测试服务器','4',8,'0');
insert into V_VEHICLEINFO (ORG_CODE,VEHICLE_ID,ID_NUMBER,TYPE_ID,TERMINAL_ID,DELETE_FLAG,COLOR_ID_NUMBER_ID,AUTHORIZED_PAY_MASS) values ('B0000804','2601938', '测B07937', 4, 261938, 0, '2',15);

insert into T_SIMINFO (SIM_ID, ORG_CODE, DEPTCODE, STATE,PAY_MODLE, SIM_NUM) values(27939, 'B0000804', '中国移动', 1, '预付费', 13100007938);
insert into T_TERMINALINFO (TERMINAL_ID,TTYPE_ID,SIM_ID,TERMINAL_CODE,ORG_CODE,IS_VIDEO_TERMINAL,SP_SERVER_NAME,PROTOCOL_TYPE,CHANNELS,YT_PROTOCOL_TYPE) values(261939, 4, 27939, '1007938', 'B0000804',1,'1076测试服务器','4',8,'0');
insert into V_VEHICLEINFO (ORG_CODE,VEHICLE_ID,ID_NUMBER,TYPE_ID,TERMINAL_ID,DELETE_FLAG,COLOR_ID_NUMBER_ID,AUTHORIZED_PAY_MASS) values ('B0000804','2601939', '测B07938', 4, 261939, 0, '2',15);

insert into T_SIMINFO (SIM_ID, ORG_CODE, DEPTCODE, STATE,PAY_MODLE, SIM_NUM) values(27940, 'B0000804', '中国移动', 1, '预付费', 13100007939);
insert into T_TERMINALINFO (TERMINAL_ID,TTYPE_ID,SIM_ID,TERMINAL_CODE,ORG_CODE,IS_VIDEO_TERMINAL,SP_SERVER_NAME,PROTOCOL_TYPE,CHANNELS,YT_PROTOCOL_TYPE) values(261940, 4, 27940, '1007939', 'B0000804',1,'1076测试服务器','4',8,'0');
insert into V_VEHICLEINFO (ORG_CODE,VEHICLE_ID,ID_NUMBER,TYPE_ID,TERMINAL_ID,DELETE_FLAG,COLOR_ID_NUMBER_ID,AUTHORIZED_PAY_MASS) values ('B0000804','2601940', '测B07939', 4, 261940, 0, '2',15);

insert into T_SIMINFO (SIM_ID, ORG_CODE, DEPTCODE, STATE,PAY_MODLE, SIM_NUM) values(27941, 'B0000804', '中国移动', 1, '预付费', 13100007940);
insert into T_TERMINALINFO (TERMINAL_ID,TTYPE_ID,SIM_ID,TERMINAL_CODE,ORG_CODE,IS_VIDEO_TERMINAL,SP_SERVER_NAME,PROTOCOL_TYPE,CHANNELS,YT_PROTOCOL_TYPE) values(261941, 4, 27941, '1007940', 'B0000804',1,'1076测试服务器','4',8,'0');
insert into V_VEHICLEINFO (ORG_CODE,VEHICLE_ID,ID_NUMBER,TYPE_ID,TERMINAL_ID,DELETE_FLAG,COLOR_ID_NUMBER_ID,AUTHORIZED_PAY_MASS) values ('B0000804','2601941', '测B07940', 4, 261941, 0, '2',15);

insert into T_SIMINFO (SIM_ID, ORG_CODE, DEPTCODE, STATE,PAY_MODLE, SIM_NUM) values(27942, 'B0000804', '中国移动', 1, '预付费', 13100007941);
insert into T_TERMINALINFO (TERMINAL_ID,TTYPE_ID,SIM_ID,TERMINAL_CODE,ORG_CODE,IS_VIDEO_TERMINAL,SP_SERVER_NAME,PROTOCOL_TYPE,CHANNELS,YT_PROTOCOL_TYPE) values(261942, 4, 27942, '1007941', 'B0000804',1,'1076测试服务器','4',8,'0');
insert into V_VEHICLEINFO (ORG_CODE,VEHICLE_ID,ID_NUMBER,TYPE_ID,TERMINAL_ID,DELETE_FLAG,COLOR_ID_NUMBER_ID,AUTHORIZED_PAY_MASS) values ('B0000804','2601942', '测B07941', 4, 261942, 0, '2',15);

insert into T_SIMINFO (SIM_ID, ORG_CODE, DEPTCODE, STATE,PAY_MODLE, SIM_NUM) values(27943, 'B0000804', '中国移动', 1, '预付费', 13100007942);
insert into T_TERMINALINFO (TERMINAL_ID,TTYPE_ID,SIM_ID,TERMINAL_CODE,ORG_CODE,IS_VIDEO_TERMINAL,SP_SERVER_NAME,PROTOCOL_TYPE,CHANNELS,YT_PROTOCOL_TYPE) values(261943, 4, 27943, '1007942', 'B0000804',1,'1076测试服务器','4',8,'0');
insert into V_VEHICLEINFO (ORG_CODE,VEHICLE_ID,ID_NUMBER,TYPE_ID,TERMINAL_ID,DELETE_FLAG,COLOR_ID_NUMBER_ID,AUTHORIZED_PAY_MASS) values ('B0000804','2601943', '测B07942', 4, 261943, 0, '2',15);

insert into T_SIMINFO (SIM_ID, ORG_CODE, DEPTCODE, STATE,PAY_MODLE, SIM_NUM) values(27944, 'B0000804', '中国移动', 1, '预付费', 13100007943);
insert into T_TERMINALINFO (TERMINAL_ID,TTYPE_ID,SIM_ID,TERMINAL_CODE,ORG_CODE,IS_VIDEO_TERMINAL,SP_SERVER_NAME,PROTOCOL_TYPE,CHANNELS,YT_PROTOCOL_TYPE) values(261944, 4, 27944, '1007943', 'B0000804',1,'1076测试服务器','4',8,'0');
insert into V_VEHICLEINFO (ORG_CODE,VEHICLE_ID,ID_NUMBER,TYPE_ID,TERMINAL_ID,DELETE_FLAG,COLOR_ID_NUMBER_ID,AUTHORIZED_PAY_MASS) values ('B0000804','2601944', '测B07943', 4, 261944, 0, '2',15);

insert into T_SIMINFO (SIM_ID, ORG_CODE, DEPTCODE, STATE,PAY_MODLE, SIM_NUM) values(27945, 'B0000804', '中国移动', 1, '预付费', 13100007944);
insert into T_TERMINALINFO (TERMINAL_ID,TTYPE_ID,SIM_ID,TERMINAL_CODE,ORG_CODE,IS_VIDEO_TERMINAL,SP_SERVER_NAME,PROTOCOL_TYPE,CHANNELS,YT_PROTOCOL_TYPE) values(261945, 4, 27945, '1007944', 'B0000804',1,'1076测试服务器','4',8,'0');
insert into V_VEHICLEINFO (ORG_CODE,VEHICLE_ID,ID_NUMBER,TYPE_ID,TERMINAL_ID,DELETE_FLAG,COLOR_ID_NUMBER_ID,AUTHORIZED_PAY_MASS) values ('B0000804','2601945', '测B07944', 4, 261945, 0, '2',15);

insert into T_SIMINFO (SIM_ID, ORG_CODE, DEPTCODE, STATE,PAY_MODLE, SIM_NUM) values(27946, 'B0000804', '中国移动', 1, '预付费', 13100007945);
insert into T_TERMINALINFO (TERMINAL_ID,TTYPE_ID,SIM_ID,TERMINAL_CODE,ORG_CODE,IS_VIDEO_TERMINAL,SP_SERVER_NAME,PROTOCOL_TYPE,CHANNELS,YT_PROTOCOL_TYPE) values(261946, 4, 27946, '1007945', 'B0000804',1,'1076测试服务器','4',8,'0');
insert into V_VEHICLEINFO (ORG_CODE,VEHICLE_ID,ID_NUMBER,TYPE_ID,TERMINAL_ID,DELETE_FLAG,COLOR_ID_NUMBER_ID,AUTHORIZED_PAY_MASS) values ('B0000804','2601946', '测B07945', 4, 261946, 0, '2',15);

insert into T_SIMINFO (SIM_ID, ORG_CODE, DEPTCODE, STATE,PAY_MODLE, SIM_NUM) values(27947, 'B0000804', '中国移动', 1, '预付费', 13100007946);
insert into T_TERMINALINFO (TERMINAL_ID,TTYPE_ID,SIM_ID,TERMINAL_CODE,ORG_CODE,IS_VIDEO_TERMINAL,SP_SERVER_NAME,PROTOCOL_TYPE,CHANNELS,YT_PROTOCOL_TYPE) values(261947, 4, 27947, '1007946', 'B0000804',1,'1076测试服务器','4',8,'0');
insert into V_VEHICLEINFO (ORG_CODE,VEHICLE_ID,ID_NUMBER,TYPE_ID,TERMINAL_ID,DELETE_FLAG,COLOR_ID_NUMBER_ID,AUTHORIZED_PAY_MASS) values ('B0000804','2601947', '测B07946', 4, 261947, 0, '2',15);

insert into T_SIMINFO (SIM_ID, ORG_CODE, DEPTCODE, STATE,PAY_MODLE, SIM_NUM) values(27948, 'B0000804', '中国移动', 1, '预付费', 13100007947);
insert into T_TERMINALINFO (TERMINAL_ID,TTYPE_ID,SIM_ID,TERMINAL_CODE,ORG_CODE,IS_VIDEO_TERMINAL,SP_SERVER_NAME,PROTOCOL_TYPE,CHANNELS,YT_PROTOCOL_TYPE) values(261948, 4, 27948, '1007947', 'B0000804',1,'1076测试服务器','4',8,'0');
insert into V_VEHICLEINFO (ORG_CODE,VEHICLE_ID,ID_NUMBER,TYPE_ID,TERMINAL_ID,DELETE_FLAG,COLOR_ID_NUMBER_ID,AUTHORIZED_PAY_MASS) values ('B0000804','2601948', '测B07947', 4, 261948, 0, '2',15);

insert into T_SIMINFO (SIM_ID, ORG_CODE, DEPTCODE, STATE,PAY_MODLE, SIM_NUM) values(27949, 'B0000804', '中国移动', 1, '预付费', 13100007948);
insert into T_TERMINALINFO (TERMINAL_ID,TTYPE_ID,SIM_ID,TERMINAL_CODE,ORG_CODE,IS_VIDEO_TERMINAL,SP_SERVER_NAME,PROTOCOL_TYPE,CHANNELS,YT_PROTOCOL_TYPE) values(261949, 4, 27949, '1007948', 'B0000804',1,'1076测试服务器','4',8,'0');
insert into V_VEHICLEINFO (ORG_CODE,VEHICLE_ID,ID_NUMBER,TYPE_ID,TERMINAL_ID,DELETE_FLAG,COLOR_ID_NUMBER_ID,AUTHORIZED_PAY_MASS) values ('B0000804','2601949', '测B07948', 4, 261949, 0, '2',15);

insert into T_SIMINFO (SIM_ID, ORG_CODE, DEPTCODE, STATE,PAY_MODLE, SIM_NUM) values(27950, 'B0000804', '中国移动', 1, '预付费', 13100007949);
insert into T_TERMINALINFO (TERMINAL_ID,TTYPE_ID,SIM_ID,TERMINAL_CODE,ORG_CODE,IS_VIDEO_TERMINAL,SP_SERVER_NAME,PROTOCOL_TYPE,CHANNELS,YT_PROTOCOL_TYPE) values(261950, 4, 27950, '1007949', 'B0000804',1,'1076测试服务器','4',8,'0');
insert into V_VEHICLEINFO (ORG_CODE,VEHICLE_ID,ID_NUMBER,TYPE_ID,TERMINAL_ID,DELETE_FLAG,COLOR_ID_NUMBER_ID,AUTHORIZED_PAY_MASS) values ('B0000804','2601950', '测B07949', 4, 261950, 0, '2',15);

insert into T_SIMINFO (SIM_ID, ORG_CODE, DEPTCODE, STATE,PAY_MODLE, SIM_NUM) values(27951, 'B0000804', '中国移动', 1, '预付费', 13100007950);
insert into T_TERMINALINFO (TERMINAL_ID,TTYPE_ID,SIM_ID,TERMINAL_CODE,ORG_CODE,IS_VIDEO_TERMINAL,SP_SERVER_NAME,PROTOCOL_TYPE,CHANNELS,YT_PROTOCOL_TYPE) values(261951, 4, 27951, '1007950', 'B0000804',1,'1076测试服务器','4',8,'0');
insert into V_VEHICLEINFO (ORG_CODE,VEHICLE_ID,ID_NUMBER,TYPE_ID,TERMINAL_ID,DELETE_FLAG,COLOR_ID_NUMBER_ID,AUTHORIZED_PAY_MASS) values ('B0000804','2601951', '测B07950', 4, 261951, 0, '2',15);

insert into T_SIMINFO (SIM_ID, ORG_CODE, DEPTCODE, STATE,PAY_MODLE, SIM_NUM) values(27952, 'B0000804', '中国移动', 1, '预付费', 13100007951);
insert into T_TERMINALINFO (TERMINAL_ID,TTYPE_ID,SIM_ID,TERMINAL_CODE,ORG_CODE,IS_VIDEO_TERMINAL,SP_SERVER_NAME,PROTOCOL_TYPE,CHANNELS,YT_PROTOCOL_TYPE) values(261952, 4, 27952, '1007951', 'B0000804',1,'1076测试服务器','4',8,'0');
insert into V_VEHICLEINFO (ORG_CODE,VEHICLE_ID,ID_NUMBER,TYPE_ID,TERMINAL_ID,DELETE_FLAG,COLOR_ID_NUMBER_ID,AUTHORIZED_PAY_MASS) values ('B0000804','2601952', '测B07951', 4, 261952, 0, '2',15);

insert into T_SIMINFO (SIM_ID, ORG_CODE, DEPTCODE, STATE,PAY_MODLE, SIM_NUM) values(27953, 'B0000804', '中国移动', 1, '预付费', 13100007952);
insert into T_TERMINALINFO (TERMINAL_ID,TTYPE_ID,SIM_ID,TERMINAL_CODE,ORG_CODE,IS_VIDEO_TERMINAL,SP_SERVER_NAME,PROTOCOL_TYPE,CHANNELS,YT_PROTOCOL_TYPE) values(261953, 4, 27953, '1007952', 'B0000804',1,'1076测试服务器','4',8,'0');
insert into V_VEHICLEINFO (ORG_CODE,VEHICLE_ID,ID_NUMBER,TYPE_ID,TERMINAL_ID,DELETE_FLAG,COLOR_ID_NUMBER_ID,AUTHORIZED_PAY_MASS) values ('B0000804','2601953', '测B07952', 4, 261953, 0, '2',15);

insert into T_SIMINFO (SIM_ID, ORG_CODE, DEPTCODE, STATE,PAY_MODLE, SIM_NUM) values(27954, 'B0000804', '中国移动', 1, '预付费', 13100007953);
insert into T_TERMINALINFO (TERMINAL_ID,TTYPE_ID,SIM_ID,TERMINAL_CODE,ORG_CODE,IS_VIDEO_TERMINAL,SP_SERVER_NAME,PROTOCOL_TYPE,CHANNELS,YT_PROTOCOL_TYPE) values(261954, 4, 27954, '1007953', 'B0000804',1,'1076测试服务器','4',8,'0');
insert into V_VEHICLEINFO (ORG_CODE,VEHICLE_ID,ID_NUMBER,TYPE_ID,TERMINAL_ID,DELETE_FLAG,COLOR_ID_NUMBER_ID,AUTHORIZED_PAY_MASS) values ('B0000804','2601954', '测B07953', 4, 261954, 0, '2',15);

insert into T_SIMINFO (SIM_ID, ORG_CODE, DEPTCODE, STATE,PAY_MODLE, SIM_NUM) values(27955, 'B0000804', '中国移动', 1, '预付费', 13100007954);
insert into T_TERMINALINFO (TERMINAL_ID,TTYPE_ID,SIM_ID,TERMINAL_CODE,ORG_CODE,IS_VIDEO_TERMINAL,SP_SERVER_NAME,PROTOCOL_TYPE,CHANNELS,YT_PROTOCOL_TYPE) values(261955, 4, 27955, '1007954', 'B0000804',1,'1076测试服务器','4',8,'0');
insert into V_VEHICLEINFO (ORG_CODE,VEHICLE_ID,ID_NUMBER,TYPE_ID,TERMINAL_ID,DELETE_FLAG,COLOR_ID_NUMBER_ID,AUTHORIZED_PAY_MASS) values ('B0000804','2601955', '测B07954', 4, 261955, 0, '2',15);

insert into T_SIMINFO (SIM_ID, ORG_CODE, DEPTCODE, STATE,PAY_MODLE, SIM_NUM) values(27956, 'B0000804', '中国移动', 1, '预付费', 13100007955);
insert into T_TERMINALINFO (TERMINAL_ID,TTYPE_ID,SIM_ID,TERMINAL_CODE,ORG_CODE,IS_VIDEO_TERMINAL,SP_SERVER_NAME,PROTOCOL_TYPE,CHANNELS,YT_PROTOCOL_TYPE) values(261956, 4, 27956, '1007955', 'B0000804',1,'1076测试服务器','4',8,'0');
insert into V_VEHICLEINFO (ORG_CODE,VEHICLE_ID,ID_NUMBER,TYPE_ID,TERMINAL_ID,DELETE_FLAG,COLOR_ID_NUMBER_ID,AUTHORIZED_PAY_MASS) values ('B0000804','2601956', '测B07955', 4, 261956, 0, '2',15);

insert into T_SIMINFO (SIM_ID, ORG_CODE, DEPTCODE, STATE,PAY_MODLE, SIM_NUM) values(27957, 'B0000804', '中国移动', 1, '预付费', 13100007956);
insert into T_TERMINALINFO (TERMINAL_ID,TTYPE_ID,SIM_ID,TERMINAL_CODE,ORG_CODE,IS_VIDEO_TERMINAL,SP_SERVER_NAME,PROTOCOL_TYPE,CHANNELS,YT_PROTOCOL_TYPE) values(261957, 4, 27957, '1007956', 'B0000804',1,'1076测试服务器','4',8,'0');
insert into V_VEHICLEINFO (ORG_CODE,VEHICLE_ID,ID_NUMBER,TYPE_ID,TERMINAL_ID,DELETE_FLAG,COLOR_ID_NUMBER_ID,AUTHORIZED_PAY_MASS) values ('B0000804','2601957', '测B07956', 4, 261957, 0, '2',15);

insert into T_SIMINFO (SIM_ID, ORG_CODE, DEPTCODE, STATE,PAY_MODLE, SIM_NUM) values(27958, 'B0000804', '中国移动', 1, '预付费', 13100007957);
insert into T_TERMINALINFO (TERMINAL_ID,TTYPE_ID,SIM_ID,TERMINAL_CODE,ORG_CODE,IS_VIDEO_TERMINAL,SP_SERVER_NAME,PROTOCOL_TYPE,CHANNELS,YT_PROTOCOL_TYPE) values(261958, 4, 27958, '1007957', 'B0000804',1,'1076测试服务器','4',8,'0');
insert into V_VEHICLEINFO (ORG_CODE,VEHICLE_ID,ID_NUMBER,TYPE_ID,TERMINAL_ID,DELETE_FLAG,COLOR_ID_NUMBER_ID,AUTHORIZED_PAY_MASS) values ('B0000804','2601958', '测B07957', 4, 261958, 0, '2',15);

insert into T_SIMINFO (SIM_ID, ORG_CODE, DEPTCODE, STATE,PAY_MODLE, SIM_NUM) values(27959, 'B0000804', '中国移动', 1, '预付费', 13100007958);
insert into T_TERMINALINFO (TERMINAL_ID,TTYPE_ID,SIM_ID,TERMINAL_CODE,ORG_CODE,IS_VIDEO_TERMINAL,SP_SERVER_NAME,PROTOCOL_TYPE,CHANNELS,YT_PROTOCOL_TYPE) values(261959, 4, 27959, '1007958', 'B0000804',1,'1076测试服务器','4',8,'0');
insert into V_VEHICLEINFO (ORG_CODE,VEHICLE_ID,ID_NUMBER,TYPE_ID,TERMINAL_ID,DELETE_FLAG,COLOR_ID_NUMBER_ID,AUTHORIZED_PAY_MASS) values ('B0000804','2601959', '测B07958', 4, 261959, 0, '2',15);

insert into T_SIMINFO (SIM_ID, ORG_CODE, DEPTCODE, STATE,PAY_MODLE, SIM_NUM) values(27960, 'B0000804', '中国移动', 1, '预付费', 13100007959);
insert into T_TERMINALINFO (TERMINAL_ID,TTYPE_ID,SIM_ID,TERMINAL_CODE,ORG_CODE,IS_VIDEO_TERMINAL,SP_SERVER_NAME,PROTOCOL_TYPE,CHANNELS,YT_PROTOCOL_TYPE) values(261960, 4, 27960, '1007959', 'B0000804',1,'1076测试服务器','4',8,'0');
insert into V_VEHICLEINFO (ORG_CODE,VEHICLE_ID,ID_NUMBER,TYPE_ID,TERMINAL_ID,DELETE_FLAG,COLOR_ID_NUMBER_ID,AUTHORIZED_PAY_MASS) values ('B0000804','2601960', '测B07959', 4, 261960, 0, '2',15);

insert into T_SIMINFO (SIM_ID, ORG_CODE, DEPTCODE, STATE,PAY_MODLE, SIM_NUM) values(27961, 'B0000804', '中国移动', 1, '预付费', 13100007960);
insert into T_TERMINALINFO (TERMINAL_ID,TTYPE_ID,SIM_ID,TERMINAL_CODE,ORG_CODE,IS_VIDEO_TERMINAL,SP_SERVER_NAME,PROTOCOL_TYPE,CHANNELS,YT_PROTOCOL_TYPE) values(261961, 4, 27961, '1007960', 'B0000804',1,'1076测试服务器','4',8,'0');
insert into V_VEHICLEINFO (ORG_CODE,VEHICLE_ID,ID_NUMBER,TYPE_ID,TERMINAL_ID,DELETE_FLAG,COLOR_ID_NUMBER_ID,AUTHORIZED_PAY_MASS) values ('B0000804','2601961', '测B07960', 4, 261961, 0, '2',15);

insert into T_SIMINFO (SIM_ID, ORG_CODE, DEPTCODE, STATE,PAY_MODLE, SIM_NUM) values(27962, 'B0000804', '中国移动', 1, '预付费', 13100007961);
insert into T_TERMINALINFO (TERMINAL_ID,TTYPE_ID,SIM_ID,TERMINAL_CODE,ORG_CODE,IS_VIDEO_TERMINAL,SP_SERVER_NAME,PROTOCOL_TYPE,CHANNELS,YT_PROTOCOL_TYPE) values(261962, 4, 27962, '1007961', 'B0000804',1,'1076测试服务器','4',8,'0');
insert into V_VEHICLEINFO (ORG_CODE,VEHICLE_ID,ID_NUMBER,TYPE_ID,TERMINAL_ID,DELETE_FLAG,COLOR_ID_NUMBER_ID,AUTHORIZED_PAY_MASS) values ('B0000804','2601962', '测B07961', 4, 261962, 0, '2',15);

insert into T_SIMINFO (SIM_ID, ORG_CODE, DEPTCODE, STATE,PAY_MODLE, SIM_NUM) values(27963, 'B0000804', '中国移动', 1, '预付费', 13100007962);
insert into T_TERMINALINFO (TERMINAL_ID,TTYPE_ID,SIM_ID,TERMINAL_CODE,ORG_CODE,IS_VIDEO_TERMINAL,SP_SERVER_NAME,PROTOCOL_TYPE,CHANNELS,YT_PROTOCOL_TYPE) values(261963, 4, 27963, '1007962', 'B0000804',1,'1076测试服务器','4',8,'0');
insert into V_VEHICLEINFO (ORG_CODE,VEHICLE_ID,ID_NUMBER,TYPE_ID,TERMINAL_ID,DELETE_FLAG,COLOR_ID_NUMBER_ID,AUTHORIZED_PAY_MASS) values ('B0000804','2601963', '测B07962', 4, 261963, 0, '2',15);

insert into T_SIMINFO (SIM_ID, ORG_CODE, DEPTCODE, STATE,PAY_MODLE, SIM_NUM) values(27964, 'B0000804', '中国移动', 1, '预付费', 13100007963);
insert into T_TERMINALINFO (TERMINAL_ID,TTYPE_ID,SIM_ID,TERMINAL_CODE,ORG_CODE,IS_VIDEO_TERMINAL,SP_SERVER_NAME,PROTOCOL_TYPE,CHANNELS,YT_PROTOCOL_TYPE) values(261964, 4, 27964, '1007963', 'B0000804',1,'1076测试服务器','4',8,'0');
insert into V_VEHICLEINFO (ORG_CODE,VEHICLE_ID,ID_NUMBER,TYPE_ID,TERMINAL_ID,DELETE_FLAG,COLOR_ID_NUMBER_ID,AUTHORIZED_PAY_MASS) values ('B0000804','2601964', '测B07963', 4, 261964, 0, '2',15);

insert into T_SIMINFO (SIM_ID, ORG_CODE, DEPTCODE, STATE,PAY_MODLE, SIM_NUM) values(27965, 'B0000804', '中国移动', 1, '预付费', 13100007964);
insert into T_TERMINALINFO (TERMINAL_ID,TTYPE_ID,SIM_ID,TERMINAL_CODE,ORG_CODE,IS_VIDEO_TERMINAL,SP_SERVER_NAME,PROTOCOL_TYPE,CHANNELS,YT_PROTOCOL_TYPE) values(261965, 4, 27965, '1007964', 'B0000804',1,'1076测试服务器','4',8,'0');
insert into V_VEHICLEINFO (ORG_CODE,VEHICLE_ID,ID_NUMBER,TYPE_ID,TERMINAL_ID,DELETE_FLAG,COLOR_ID_NUMBER_ID,AUTHORIZED_PAY_MASS) values ('B0000804','2601965', '测B07964', 4, 261965, 0, '2',15);

insert into T_SIMINFO (SIM_ID, ORG_CODE, DEPTCODE, STATE,PAY_MODLE, SIM_NUM) values(27966, 'B0000804', '中国移动', 1, '预付费', 13100007965);
insert into T_TERMINALINFO (TERMINAL_ID,TTYPE_ID,SIM_ID,TERMINAL_CODE,ORG_CODE,IS_VIDEO_TERMINAL,SP_SERVER_NAME,PROTOCOL_TYPE,CHANNELS,YT_PROTOCOL_TYPE) values(261966, 4, 27966, '1007965', 'B0000804',1,'1076测试服务器','4',8,'0');
insert into V_VEHICLEINFO (ORG_CODE,VEHICLE_ID,ID_NUMBER,TYPE_ID,TERMINAL_ID,DELETE_FLAG,COLOR_ID_NUMBER_ID,AUTHORIZED_PAY_MASS) values ('B0000804','2601966', '测B07965', 4, 261966, 0, '2',15);

insert into T_SIMINFO (SIM_ID, ORG_CODE, DEPTCODE, STATE,PAY_MODLE, SIM_NUM) values(27967, 'B0000804', '中国移动', 1, '预付费', 13100007966);
insert into T_TERMINALINFO (TERMINAL_ID,TTYPE_ID,SIM_ID,TERMINAL_CODE,ORG_CODE,IS_VIDEO_TERMINAL,SP_SERVER_NAME,PROTOCOL_TYPE,CHANNELS,YT_PROTOCOL_TYPE) values(261967, 4, 27967, '1007966', 'B0000804',1,'1076测试服务器','4',8,'0');
insert into V_VEHICLEINFO (ORG_CODE,VEHICLE_ID,ID_NUMBER,TYPE_ID,TERMINAL_ID,DELETE_FLAG,COLOR_ID_NUMBER_ID,AUTHORIZED_PAY_MASS) values ('B0000804','2601967', '测B07966', 4, 261967, 0, '2',15);

insert into T_SIMINFO (SIM_ID, ORG_CODE, DEPTCODE, STATE,PAY_MODLE, SIM_NUM) values(27968, 'B0000804', '中国移动', 1, '预付费', 13100007967);
insert into T_TERMINALINFO (TERMINAL_ID,TTYPE_ID,SIM_ID,TERMINAL_CODE,ORG_CODE,IS_VIDEO_TERMINAL,SP_SERVER_NAME,PROTOCOL_TYPE,CHANNELS,YT_PROTOCOL_TYPE) values(261968, 4, 27968, '1007967', 'B0000804',1,'1076测试服务器','4',8,'0');
insert into V_VEHICLEINFO (ORG_CODE,VEHICLE_ID,ID_NUMBER,TYPE_ID,TERMINAL_ID,DELETE_FLAG,COLOR_ID_NUMBER_ID,AUTHORIZED_PAY_MASS) values ('B0000804','2601968', '测B07967', 4, 261968, 0, '2',15);

insert into T_SIMINFO (SIM_ID, ORG_CODE, DEPTCODE, STATE,PAY_MODLE, SIM_NUM) values(27969, 'B0000804', '中国移动', 1, '预付费', 13100007968);
insert into T_TERMINALINFO (TERMINAL_ID,TTYPE_ID,SIM_ID,TERMINAL_CODE,ORG_CODE,IS_VIDEO_TERMINAL,SP_SERVER_NAME,PROTOCOL_TYPE,CHANNELS,YT_PROTOCOL_TYPE) values(261969, 4, 27969, '1007968', 'B0000804',1,'1076测试服务器','4',8,'0');
insert into V_VEHICLEINFO (ORG_CODE,VEHICLE_ID,ID_NUMBER,TYPE_ID,TERMINAL_ID,DELETE_FLAG,COLOR_ID_NUMBER_ID,AUTHORIZED_PAY_MASS) values ('B0000804','2601969', '测B07968', 4, 261969, 0, '2',15);

insert into T_SIMINFO (SIM_ID, ORG_CODE, DEPTCODE, STATE,PAY_MODLE, SIM_NUM) values(27970, 'B0000804', '中国移动', 1, '预付费', 13100007969);
insert into T_TERMINALINFO (TERMINAL_ID,TTYPE_ID,SIM_ID,TERMINAL_CODE,ORG_CODE,IS_VIDEO_TERMINAL,SP_SERVER_NAME,PROTOCOL_TYPE,CHANNELS,YT_PROTOCOL_TYPE) values(261970, 4, 27970, '1007969', 'B0000804',1,'1076测试服务器','4',8,'0');
insert into V_VEHICLEINFO (ORG_CODE,VEHICLE_ID,ID_NUMBER,TYPE_ID,TERMINAL_ID,DELETE_FLAG,COLOR_ID_NUMBER_ID,AUTHORIZED_PAY_MASS) values ('B0000804','2601970', '测B07969', 4, 261970, 0, '2',15);

insert into T_SIMINFO (SIM_ID, ORG_CODE, DEPTCODE, STATE,PAY_MODLE, SIM_NUM) values(27971, 'B0000804', '中国移动', 1, '预付费', 13100007970);
insert into T_TERMINALINFO (TERMINAL_ID,TTYPE_ID,SIM_ID,TERMINAL_CODE,ORG_CODE,IS_VIDEO_TERMINAL,SP_SERVER_NAME,PROTOCOL_TYPE,CHANNELS,YT_PROTOCOL_TYPE) values(261971, 4, 27971, '1007970', 'B0000804',1,'1076测试服务器','4',8,'0');
insert into V_VEHICLEINFO (ORG_CODE,VEHICLE_ID,ID_NUMBER,TYPE_ID,TERMINAL_ID,DELETE_FLAG,COLOR_ID_NUMBER_ID,AUTHORIZED_PAY_MASS) values ('B0000804','2601971', '测B07970', 4, 261971, 0, '2',15);

insert into T_SIMINFO (SIM_ID, ORG_CODE, DEPTCODE, STATE,PAY_MODLE, SIM_NUM) values(27972, 'B0000804', '中国移动', 1, '预付费', 13100007971);
insert into T_TERMINALINFO (TERMINAL_ID,TTYPE_ID,SIM_ID,TERMINAL_CODE,ORG_CODE,IS_VIDEO_TERMINAL,SP_SERVER_NAME,PROTOCOL_TYPE,CHANNELS,YT_PROTOCOL_TYPE) values(261972, 4, 27972, '1007971', 'B0000804',1,'1076测试服务器','4',8,'0');
insert into V_VEHICLEINFO (ORG_CODE,VEHICLE_ID,ID_NUMBER,TYPE_ID,TERMINAL_ID,DELETE_FLAG,COLOR_ID_NUMBER_ID,AUTHORIZED_PAY_MASS) values ('B0000804','2601972', '测B07971', 4, 261972, 0, '2',15);

insert into T_SIMINFO (SIM_ID, ORG_CODE, DEPTCODE, STATE,PAY_MODLE, SIM_NUM) values(27973, 'B0000804', '中国移动', 1, '预付费', 13100007972);
insert into T_TERMINALINFO (TERMINAL_ID,TTYPE_ID,SIM_ID,TERMINAL_CODE,ORG_CODE,IS_VIDEO_TERMINAL,SP_SERVER_NAME,PROTOCOL_TYPE,CHANNELS,YT_PROTOCOL_TYPE) values(261973, 4, 27973, '1007972', 'B0000804',1,'1076测试服务器','4',8,'0');
insert into V_VEHICLEINFO (ORG_CODE,VEHICLE_ID,ID_NUMBER,TYPE_ID,TERMINAL_ID,DELETE_FLAG,COLOR_ID_NUMBER_ID,AUTHORIZED_PAY_MASS) values ('B0000804','2601973', '测B07972', 4, 261973, 0, '2',15);

insert into T_SIMINFO (SIM_ID, ORG_CODE, DEPTCODE, STATE,PAY_MODLE, SIM_NUM) values(27974, 'B0000804', '中国移动', 1, '预付费', 13100007973);
insert into T_TERMINALINFO (TERMINAL_ID,TTYPE_ID,SIM_ID,TERMINAL_CODE,ORG_CODE,IS_VIDEO_TERMINAL,SP_SERVER_NAME,PROTOCOL_TYPE,CHANNELS,YT_PROTOCOL_TYPE) values(261974, 4, 27974, '1007973', 'B0000804',1,'1076测试服务器','4',8,'0');
insert into V_VEHICLEINFO (ORG_CODE,VEHICLE_ID,ID_NUMBER,TYPE_ID,TERMINAL_ID,DELETE_FLAG,COLOR_ID_NUMBER_ID,AUTHORIZED_PAY_MASS) values ('B0000804','2601974', '测B07973', 4, 261974, 0, '2',15);

insert into T_SIMINFO (SIM_ID, ORG_CODE, DEPTCODE, STATE,PAY_MODLE, SIM_NUM) values(27975, 'B0000804', '中国移动', 1, '预付费', 13100007974);
insert into T_TERMINALINFO (TERMINAL_ID,TTYPE_ID,SIM_ID,TERMINAL_CODE,ORG_CODE,IS_VIDEO_TERMINAL,SP_SERVER_NAME,PROTOCOL_TYPE,CHANNELS,YT_PROTOCOL_TYPE) values(261975, 4, 27975, '1007974', 'B0000804',1,'1076测试服务器','4',8,'0');
insert into V_VEHICLEINFO (ORG_CODE,VEHICLE_ID,ID_NUMBER,TYPE_ID,TERMINAL_ID,DELETE_FLAG,COLOR_ID_NUMBER_ID,AUTHORIZED_PAY_MASS) values ('B0000804','2601975', '测B07974', 4, 261975, 0, '2',15);

insert into T_SIMINFO (SIM_ID, ORG_CODE, DEPTCODE, STATE,PAY_MODLE, SIM_NUM) values(27976, 'B0000804', '中国移动', 1, '预付费', 13100007975);
insert into T_TERMINALINFO (TERMINAL_ID,TTYPE_ID,SIM_ID,TERMINAL_CODE,ORG_CODE,IS_VIDEO_TERMINAL,SP_SERVER_NAME,PROTOCOL_TYPE,CHANNELS,YT_PROTOCOL_TYPE) values(261976, 4, 27976, '1007975', 'B0000804',1,'1076测试服务器','4',8,'0');
insert into V_VEHICLEINFO (ORG_CODE,VEHICLE_ID,ID_NUMBER,TYPE_ID,TERMINAL_ID,DELETE_FLAG,COLOR_ID_NUMBER_ID,AUTHORIZED_PAY_MASS) values ('B0000804','2601976', '测B07975', 4, 261976, 0, '2',15);

insert into T_SIMINFO (SIM_ID, ORG_CODE, DEPTCODE, STATE,PAY_MODLE, SIM_NUM) values(27977, 'B0000804', '中国移动', 1, '预付费', 13100007976);
insert into T_TERMINALINFO (TERMINAL_ID,TTYPE_ID,SIM_ID,TERMINAL_CODE,ORG_CODE,IS_VIDEO_TERMINAL,SP_SERVER_NAME,PROTOCOL_TYPE,CHANNELS,YT_PROTOCOL_TYPE) values(261977, 4, 27977, '1007976', 'B0000804',1,'1076测试服务器','4',8,'0');
insert into V_VEHICLEINFO (ORG_CODE,VEHICLE_ID,ID_NUMBER,TYPE_ID,TERMINAL_ID,DELETE_FLAG,COLOR_ID_NUMBER_ID,AUTHORIZED_PAY_MASS) values ('B0000804','2601977', '测B07976', 4, 261977, 0, '2',15);

insert into T_SIMINFO (SIM_ID, ORG_CODE, DEPTCODE, STATE,PAY_MODLE, SIM_NUM) values(27978, 'B0000804', '中国移动', 1, '预付费', 13100007977);
insert into T_TERMINALINFO (TERMINAL_ID,TTYPE_ID,SIM_ID,TERMINAL_CODE,ORG_CODE,IS_VIDEO_TERMINAL,SP_SERVER_NAME,PROTOCOL_TYPE,CHANNELS,YT_PROTOCOL_TYPE) values(261978, 4, 27978, '1007977', 'B0000804',1,'1076测试服务器','4',8,'0');
insert into V_VEHICLEINFO (ORG_CODE,VEHICLE_ID,ID_NUMBER,TYPE_ID,TERMINAL_ID,DELETE_FLAG,COLOR_ID_NUMBER_ID,AUTHORIZED_PAY_MASS) values ('B0000804','2601978', '测B07977', 4, 261978, 0, '2',15);

insert into T_SIMINFO (SIM_ID, ORG_CODE, DEPTCODE, STATE,PAY_MODLE, SIM_NUM) values(27979, 'B0000804', '中国移动', 1, '预付费', 13100007978);
insert into T_TERMINALINFO (TERMINAL_ID,TTYPE_ID,SIM_ID,TERMINAL_CODE,ORG_CODE,IS_VIDEO_TERMINAL,SP_SERVER_NAME,PROTOCOL_TYPE,CHANNELS,YT_PROTOCOL_TYPE) values(261979, 4, 27979, '1007978', 'B0000804',1,'1076测试服务器','4',8,'0');
insert into V_VEHICLEINFO (ORG_CODE,VEHICLE_ID,ID_NUMBER,TYPE_ID,TERMINAL_ID,DELETE_FLAG,COLOR_ID_NUMBER_ID,AUTHORIZED_PAY_MASS) values ('B0000804','2601979', '测B07978', 4, 261979, 0, '2',15);

insert into T_SIMINFO (SIM_ID, ORG_CODE, DEPTCODE, STATE,PAY_MODLE, SIM_NUM) values(27980, 'B0000804', '中国移动', 1, '预付费', 13100007979);
insert into T_TERMINALINFO (TERMINAL_ID,TTYPE_ID,SIM_ID,TERMINAL_CODE,ORG_CODE,IS_VIDEO_TERMINAL,SP_SERVER_NAME,PROTOCOL_TYPE,CHANNELS,YT_PROTOCOL_TYPE) values(261980, 4, 27980, '1007979', 'B0000804',1,'1076测试服务器','4',8,'0');
insert into V_VEHICLEINFO (ORG_CODE,VEHICLE_ID,ID_NUMBER,TYPE_ID,TERMINAL_ID,DELETE_FLAG,COLOR_ID_NUMBER_ID,AUTHORIZED_PAY_MASS) values ('B0000804','2601980', '测B07979', 4, 261980, 0, '2',15);

insert into T_SIMINFO (SIM_ID, ORG_CODE, DEPTCODE, STATE,PAY_MODLE, SIM_NUM) values(27981, 'B0000804', '中国移动', 1, '预付费', 13100007980);
insert into T_TERMINALINFO (TERMINAL_ID,TTYPE_ID,SIM_ID,TERMINAL_CODE,ORG_CODE,IS_VIDEO_TERMINAL,SP_SERVER_NAME,PROTOCOL_TYPE,CHANNELS,YT_PROTOCOL_TYPE) values(261981, 4, 27981, '1007980', 'B0000804',1,'1076测试服务器','4',8,'0');
insert into V_VEHICLEINFO (ORG_CODE,VEHICLE_ID,ID_NUMBER,TYPE_ID,TERMINAL_ID,DELETE_FLAG,COLOR_ID_NUMBER_ID,AUTHORIZED_PAY_MASS) values ('B0000804','2601981', '测B07980', 4, 261981, 0, '2',15);

insert into T_SIMINFO (SIM_ID, ORG_CODE, DEPTCODE, STATE,PAY_MODLE, SIM_NUM) values(27982, 'B0000804', '中国移动', 1, '预付费', 13100007981);
insert into T_TERMINALINFO (TERMINAL_ID,TTYPE_ID,SIM_ID,TERMINAL_CODE,ORG_CODE,IS_VIDEO_TERMINAL,SP_SERVER_NAME,PROTOCOL_TYPE,CHANNELS,YT_PROTOCOL_TYPE) values(261982, 4, 27982, '1007981', 'B0000804',1,'1076测试服务器','4',8,'0');
insert into V_VEHICLEINFO (ORG_CODE,VEHICLE_ID,ID_NUMBER,TYPE_ID,TERMINAL_ID,DELETE_FLAG,COLOR_ID_NUMBER_ID,AUTHORIZED_PAY_MASS) values ('B0000804','2601982', '测B07981', 4, 261982, 0, '2',15);

insert into T_SIMINFO (SIM_ID, ORG_CODE, DEPTCODE, STATE,PAY_MODLE, SIM_NUM) values(27983, 'B0000804', '中国移动', 1, '预付费', 13100007982);
insert into T_TERMINALINFO (TERMINAL_ID,TTYPE_ID,SIM_ID,TERMINAL_CODE,ORG_CODE,IS_VIDEO_TERMINAL,SP_SERVER_NAME,PROTOCOL_TYPE,CHANNELS,YT_PROTOCOL_TYPE) values(261983, 4, 27983, '1007982', 'B0000804',1,'1076测试服务器','4',8,'0');
insert into V_VEHICLEINFO (ORG_CODE,VEHICLE_ID,ID_NUMBER,TYPE_ID,TERMINAL_ID,DELETE_FLAG,COLOR_ID_NUMBER_ID,AUTHORIZED_PAY_MASS) values ('B0000804','2601983', '测B07982', 4, 261983, 0, '2',15);

insert into T_SIMINFO (SIM_ID, ORG_CODE, DEPTCODE, STATE,PAY_MODLE, SIM_NUM) values(27984, 'B0000804', '中国移动', 1, '预付费', 13100007983);
insert into T_TERMINALINFO (TERMINAL_ID,TTYPE_ID,SIM_ID,TERMINAL_CODE,ORG_CODE,IS_VIDEO_TERMINAL,SP_SERVER_NAME,PROTOCOL_TYPE,CHANNELS,YT_PROTOCOL_TYPE) values(261984, 4, 27984, '1007983', 'B0000804',1,'1076测试服务器','4',8,'0');
insert into V_VEHICLEINFO (ORG_CODE,VEHICLE_ID,ID_NUMBER,TYPE_ID,TERMINAL_ID,DELETE_FLAG,COLOR_ID_NUMBER_ID,AUTHORIZED_PAY_MASS) values ('B0000804','2601984', '测B07983', 4, 261984, 0, '2',15);

insert into T_SIMINFO (SIM_ID, ORG_CODE, DEPTCODE, STATE,PAY_MODLE, SIM_NUM) values(27985, 'B0000804', '中国移动', 1, '预付费', 13100007984);
insert into T_TERMINALINFO (TERMINAL_ID,TTYPE_ID,SIM_ID,TERMINAL_CODE,ORG_CODE,IS_VIDEO_TERMINAL,SP_SERVER_NAME,PROTOCOL_TYPE,CHANNELS,YT_PROTOCOL_TYPE) values(261985, 4, 27985, '1007984', 'B0000804',1,'1076测试服务器','4',8,'0');
insert into V_VEHICLEINFO (ORG_CODE,VEHICLE_ID,ID_NUMBER,TYPE_ID,TERMINAL_ID,DELETE_FLAG,COLOR_ID_NUMBER_ID,AUTHORIZED_PAY_MASS) values ('B0000804','2601985', '测B07984', 4, 261985, 0, '2',15);

insert into T_SIMINFO (SIM_ID, ORG_CODE, DEPTCODE, STATE,PAY_MODLE, SIM_NUM) values(27986, 'B0000804', '中国移动', 1, '预付费', 13100007985);
insert into T_TERMINALINFO (TERMINAL_ID,TTYPE_ID,SIM_ID,TERMINAL_CODE,ORG_CODE,IS_VIDEO_TERMINAL,SP_SERVER_NAME,PROTOCOL_TYPE,CHANNELS,YT_PROTOCOL_TYPE) values(261986, 4, 27986, '1007985', 'B0000804',1,'1076测试服务器','4',8,'0');
insert into V_VEHICLEINFO (ORG_CODE,VEHICLE_ID,ID_NUMBER,TYPE_ID,TERMINAL_ID,DELETE_FLAG,COLOR_ID_NUMBER_ID,AUTHORIZED_PAY_MASS) values ('B0000804','2601986', '测B07985', 4, 261986, 0, '2',15);

insert into T_SIMINFO (SIM_ID, ORG_CODE, DEPTCODE, STATE,PAY_MODLE, SIM_NUM) values(27987, 'B0000804', '中国移动', 1, '预付费', 13100007986);
insert into T_TERMINALINFO (TERMINAL_ID,TTYPE_ID,SIM_ID,TERMINAL_CODE,ORG_CODE,IS_VIDEO_TERMINAL,SP_SERVER_NAME,PROTOCOL_TYPE,CHANNELS,YT_PROTOCOL_TYPE) values(261987, 4, 27987, '1007986', 'B0000804',1,'1076测试服务器','4',8,'0');
insert into V_VEHICLEINFO (ORG_CODE,VEHICLE_ID,ID_NUMBER,TYPE_ID,TERMINAL_ID,DELETE_FLAG,COLOR_ID_NUMBER_ID,AUTHORIZED_PAY_MASS) values ('B0000804','2601987', '测B07986', 4, 261987, 0, '2',15);

insert into T_SIMINFO (SIM_ID, ORG_CODE, DEPTCODE, STATE,PAY_MODLE, SIM_NUM) values(27988, 'B0000804', '中国移动', 1, '预付费', 13100007987);
insert into T_TERMINALINFO (TERMINAL_ID,TTYPE_ID,SIM_ID,TERMINAL_CODE,ORG_CODE,IS_VIDEO_TERMINAL,SP_SERVER_NAME,PROTOCOL_TYPE,CHANNELS,YT_PROTOCOL_TYPE) values(261988, 4, 27988, '1007987', 'B0000804',1,'1076测试服务器','4',8,'0');
insert into V_VEHICLEINFO (ORG_CODE,VEHICLE_ID,ID_NUMBER,TYPE_ID,TERMINAL_ID,DELETE_FLAG,COLOR_ID_NUMBER_ID,AUTHORIZED_PAY_MASS) values ('B0000804','2601988', '测B07987', 4, 261988, 0, '2',15);

insert into T_SIMINFO (SIM_ID, ORG_CODE, DEPTCODE, STATE,PAY_MODLE, SIM_NUM) values(27989, 'B0000804', '中国移动', 1, '预付费', 13100007988);
insert into T_TERMINALINFO (TERMINAL_ID,TTYPE_ID,SIM_ID,TERMINAL_CODE,ORG_CODE,IS_VIDEO_TERMINAL,SP_SERVER_NAME,PROTOCOL_TYPE,CHANNELS,YT_PROTOCOL_TYPE) values(261989, 4, 27989, '1007988', 'B0000804',1,'1076测试服务器','4',8,'0');
insert into V_VEHICLEINFO (ORG_CODE,VEHICLE_ID,ID_NUMBER,TYPE_ID,TERMINAL_ID,DELETE_FLAG,COLOR_ID_NUMBER_ID,AUTHORIZED_PAY_MASS) values ('B0000804','2601989', '测B07988', 4, 261989, 0, '2',15);

insert into T_SIMINFO (SIM_ID, ORG_CODE, DEPTCODE, STATE,PAY_MODLE, SIM_NUM) values(27990, 'B0000804', '中国移动', 1, '预付费', 13100007989);
insert into T_TERMINALINFO (TERMINAL_ID,TTYPE_ID,SIM_ID,TERMINAL_CODE,ORG_CODE,IS_VIDEO_TERMINAL,SP_SERVER_NAME,PROTOCOL_TYPE,CHANNELS,YT_PROTOCOL_TYPE) values(261990, 4, 27990, '1007989', 'B0000804',1,'1076测试服务器','4',8,'0');
insert into V_VEHICLEINFO (ORG_CODE,VEHICLE_ID,ID_NUMBER,TYPE_ID,TERMINAL_ID,DELETE_FLAG,COLOR_ID_NUMBER_ID,AUTHORIZED_PAY_MASS) values ('B0000804','2601990', '测B07989', 4, 261990, 0, '2',15);

insert into T_SIMINFO (SIM_ID, ORG_CODE, DEPTCODE, STATE,PAY_MODLE, SIM_NUM) values(27991, 'B0000804', '中国移动', 1, '预付费', 13100007990);
insert into T_TERMINALINFO (TERMINAL_ID,TTYPE_ID,SIM_ID,TERMINAL_CODE,ORG_CODE,IS_VIDEO_TERMINAL,SP_SERVER_NAME,PROTOCOL_TYPE,CHANNELS,YT_PROTOCOL_TYPE) values(261991, 4, 27991, '1007990', 'B0000804',1,'1076测试服务器','4',8,'0');
insert into V_VEHICLEINFO (ORG_CODE,VEHICLE_ID,ID_NUMBER,TYPE_ID,TERMINAL_ID,DELETE_FLAG,COLOR_ID_NUMBER_ID,AUTHORIZED_PAY_MASS) values ('B0000804','2601991', '测B07990', 4, 261991, 0, '2',15);

insert into T_SIMINFO (SIM_ID, ORG_CODE, DEPTCODE, STATE,PAY_MODLE, SIM_NUM) values(27992, 'B0000804', '中国移动', 1, '预付费', 13100007991);
insert into T_TERMINALINFO (TERMINAL_ID,TTYPE_ID,SIM_ID,TERMINAL_CODE,ORG_CODE,IS_VIDEO_TERMINAL,SP_SERVER_NAME,PROTOCOL_TYPE,CHANNELS,YT_PROTOCOL_TYPE) values(261992, 4, 27992, '1007991', 'B0000804',1,'1076测试服务器','4',8,'0');
insert into V_VEHICLEINFO (ORG_CODE,VEHICLE_ID,ID_NUMBER,TYPE_ID,TERMINAL_ID,DELETE_FLAG,COLOR_ID_NUMBER_ID,AUTHORIZED_PAY_MASS) values ('B0000804','2601992', '测B07991', 4, 261992, 0, '2',15);

insert into T_SIMINFO (SIM_ID, ORG_CODE, DEPTCODE, STATE,PAY_MODLE, SIM_NUM) values(27993, 'B0000804', '中国移动', 1, '预付费', 13100007992);
insert into T_TERMINALINFO (TERMINAL_ID,TTYPE_ID,SIM_ID,TERMINAL_CODE,ORG_CODE,IS_VIDEO_TERMINAL,SP_SERVER_NAME,PROTOCOL_TYPE,CHANNELS,YT_PROTOCOL_TYPE) values(261993, 4, 27993, '1007992', 'B0000804',1,'1076测试服务器','4',8,'0');
insert into V_VEHICLEINFO (ORG_CODE,VEHICLE_ID,ID_NUMBER,TYPE_ID,TERMINAL_ID,DELETE_FLAG,COLOR_ID_NUMBER_ID,AUTHORIZED_PAY_MASS) values ('B0000804','2601993', '测B07992', 4, 261993, 0, '2',15);

insert into T_SIMINFO (SIM_ID, ORG_CODE, DEPTCODE, STATE,PAY_MODLE, SIM_NUM) values(27994, 'B0000804', '中国移动', 1, '预付费', 13100007993);
insert into T_TERMINALINFO (TERMINAL_ID,TTYPE_ID,SIM_ID,TERMINAL_CODE,ORG_CODE,IS_VIDEO_TERMINAL,SP_SERVER_NAME,PROTOCOL_TYPE,CHANNELS,YT_PROTOCOL_TYPE) values(261994, 4, 27994, '1007993', 'B0000804',1,'1076测试服务器','4',8,'0');
insert into V_VEHICLEINFO (ORG_CODE,VEHICLE_ID,ID_NUMBER,TYPE_ID,TERMINAL_ID,DELETE_FLAG,COLOR_ID_NUMBER_ID,AUTHORIZED_PAY_MASS) values ('B0000804','2601994', '测B07993', 4, 261994, 0, '2',15);

insert into T_SIMINFO (SIM_ID, ORG_CODE, DEPTCODE, STATE,PAY_MODLE, SIM_NUM) values(27995, 'B0000804', '中国移动', 1, '预付费', 13100007994);
insert into T_TERMINALINFO (TERMINAL_ID,TTYPE_ID,SIM_ID,TERMINAL_CODE,ORG_CODE,IS_VIDEO_TERMINAL,SP_SERVER_NAME,PROTOCOL_TYPE,CHANNELS,YT_PROTOCOL_TYPE) values(261995, 4, 27995, '1007994', 'B0000804',1,'1076测试服务器','4',8,'0');
insert into V_VEHICLEINFO (ORG_CODE,VEHICLE_ID,ID_NUMBER,TYPE_ID,TERMINAL_ID,DELETE_FLAG,COLOR_ID_NUMBER_ID,AUTHORIZED_PAY_MASS) values ('B0000804','2601995', '测B07994', 4, 261995, 0, '2',15);

insert into T_SIMINFO (SIM_ID, ORG_CODE, DEPTCODE, STATE,PAY_MODLE, SIM_NUM) values(27996, 'B0000804', '中国移动', 1, '预付费', 13100007995);
insert into T_TERMINALINFO (TERMINAL_ID,TTYPE_ID,SIM_ID,TERMINAL_CODE,ORG_CODE,IS_VIDEO_TERMINAL,SP_SERVER_NAME,PROTOCOL_TYPE,CHANNELS,YT_PROTOCOL_TYPE) values(261996, 4, 27996, '1007995', 'B0000804',1,'1076测试服务器','4',8,'0');
insert into V_VEHICLEINFO (ORG_CODE,VEHICLE_ID,ID_NUMBER,TYPE_ID,TERMINAL_ID,DELETE_FLAG,COLOR_ID_NUMBER_ID,AUTHORIZED_PAY_MASS) values ('B0000804','2601996', '测B07995', 4, 261996, 0, '2',15);

insert into T_SIMINFO (SIM_ID, ORG_CODE, DEPTCODE, STATE,PAY_MODLE, SIM_NUM) values(27997, 'B0000804', '中国移动', 1, '预付费', 13100007996);
insert into T_TERMINALINFO (TERMINAL_ID,TTYPE_ID,SIM_ID,TERMINAL_CODE,ORG_CODE,IS_VIDEO_TERMINAL,SP_SERVER_NAME,PROTOCOL_TYPE,CHANNELS,YT_PROTOCOL_TYPE) values(261997, 4, 27997, '1007996', 'B0000804',1,'1076测试服务器','4',8,'0');
insert into V_VEHICLEINFO (ORG_CODE,VEHICLE_ID,ID_NUMBER,TYPE_ID,TERMINAL_ID,DELETE_FLAG,COLOR_ID_NUMBER_ID,AUTHORIZED_PAY_MASS) values ('B0000804','2601997', '测B07996', 4, 261997, 0, '2',15);

insert into T_SIMINFO (SIM_ID, ORG_CODE, DEPTCODE, STATE,PAY_MODLE, SIM_NUM) values(27998, 'B0000804', '中国移动', 1, '预付费', 13100007997);
insert into T_TERMINALINFO (TERMINAL_ID,TTYPE_ID,SIM_ID,TERMINAL_CODE,ORG_CODE,IS_VIDEO_TERMINAL,SP_SERVER_NAME,PROTOCOL_TYPE,CHANNELS,YT_PROTOCOL_TYPE) values(261998, 4, 27998, '1007997', 'B0000804',1,'1076测试服务器','4',8,'0');
insert into V_VEHICLEINFO (ORG_CODE,VEHICLE_ID,ID_NUMBER,TYPE_ID,TERMINAL_ID,DELETE_FLAG,COLOR_ID_NUMBER_ID,AUTHORIZED_PAY_MASS) values ('B0000804','2601998', '测B07997', 4, 261998, 0, '2',15);

insert into T_SIMINFO (SIM_ID, ORG_CODE, DEPTCODE, STATE,PAY_MODLE, SIM_NUM) values(27999, 'B0000804', '中国移动', 1, '预付费', 13100007998);
insert into T_TERMINALINFO (TERMINAL_ID,TTYPE_ID,SIM_ID,TERMINAL_CODE,ORG_CODE,IS_VIDEO_TERMINAL,SP_SERVER_NAME,PROTOCOL_TYPE,CHANNELS,YT_PROTOCOL_TYPE) values(261999, 4, 27999, '1007998', 'B0000804',1,'1076测试服务器','4',8,'0');
insert into V_VEHICLEINFO (ORG_CODE,VEHICLE_ID,ID_NUMBER,TYPE_ID,TERMINAL_ID,DELETE_FLAG,COLOR_ID_NUMBER_ID,AUTHORIZED_PAY_MASS) values ('B0000804','2601999', '测B07998', 4, 261999, 0, '2',15);

insert into T_SIMINFO (SIM_ID, ORG_CODE, DEPTCODE, STATE,PAY_MODLE, SIM_NUM) values(28000, 'B0000804', '中国移动', 1, '预付费', 13100007999);
insert into T_TERMINALINFO (TERMINAL_ID,TTYPE_ID,SIM_ID,TERMINAL_CODE,ORG_CODE,IS_VIDEO_TERMINAL,SP_SERVER_NAME,PROTOCOL_TYPE,CHANNELS,YT_PROTOCOL_TYPE) values(262000, 4, 28000, '1007999', 'B0000804',1,'1076测试服务器','4',8,'0');
insert into V_VEHICLEINFO (ORG_CODE,VEHICLE_ID,ID_NUMBER,TYPE_ID,TERMINAL_ID,DELETE_FLAG,COLOR_ID_NUMBER_ID,AUTHORIZED_PAY_MASS) values ('B0000804','2602000', '测B07999', 4, 262000, 0, '2',15);

