insert into T_SIMINFO (SIM_ID, ORG_CODE, DEPTCODE, STATE,PAY_MODLE, SIM_NUM) values(24001, 'B0000803', '中国移动', 1, '预付费', 13100004000);
insert into T_TERMINALINFO (TERMINAL_ID,TTYPE_ID,SIM_ID,TERMINAL_CODE,ORG_CODE,IS_VIDEO_TERMINAL,SP_SERVER_NAME,PROTOCOL_TYPE,CHANNELS,YT_PROTOCOL_TYPE) values(240001, 4, 24001, '1004000', 'B0000803',1,'1076测试服务器','4',8,'0');
insert into V_VEHICLEINFO (ORG_CODE,VEHICLE_ID,ID_NUMBER,TYPE_ID,TERMINAL_ID,DELETE_FLAG,COLOR_ID_NUMBER_ID,AUTHORIZED_PAY_MASS) values ('B0000803','2400001', '测B04000', 4, 240001, 0, '2',15);

insert into T_SIMINFO (SIM_ID, ORG_CODE, DEPTCODE, STATE,PAY_MODLE, SIM_NUM) values(24002, 'B0000803', '中国移动', 1, '预付费', 13100004001);
insert into T_TERMINALINFO (TERMINAL_ID,TTYPE_ID,SIM_ID,TERMINAL_CODE,ORG_CODE,IS_VIDEO_TERMINAL,SP_SERVER_NAME,PROTOCOL_TYPE,CHANNELS,YT_PROTOCOL_TYPE) values(240002, 4, 24002, '1004001', 'B0000803',1,'1076测试服务器','4',8,'0');
insert into V_VEHICLEINFO (ORG_CODE,VEHICLE_ID,ID_NUMBER,TYPE_ID,TERMINAL_ID,DELETE_FLAG,COLOR_ID_NUMBER_ID,AUTHORIZED_PAY_MASS) values ('B0000803','2400002', '测B04001', 4, 240002, 0, '2',15);

insert into T_SIMINFO (SIM_ID, ORG_CODE, DEPTCODE, STATE,PAY_MODLE, SIM_NUM) values(24003, 'B0000803', '中国移动', 1, '预付费', 13100004002);
insert into T_TERMINALINFO (TERMINAL_ID,TTYPE_ID,SIM_ID,TERMINAL_CODE,ORG_CODE,IS_VIDEO_TERMINAL,SP_SERVER_NAME,PROTOCOL_TYPE,CHANNELS,YT_PROTOCOL_TYPE) values(240003, 4, 24003, '1004002', 'B0000803',1,'1076测试服务器','4',8,'0');
insert into V_VEHICLEINFO (ORG_CODE,VEHICLE_ID,ID_NUMBER,TYPE_ID,TERMINAL_ID,DELETE_FLAG,COLOR_ID_NUMBER_ID,AUTHORIZED_PAY_MASS) values ('B0000803','2400003', '测B04002', 4, 240003, 0, '2',15);

insert into T_SIMINFO (SIM_ID, ORG_CODE, DEPTCODE, STATE,PAY_MODLE, SIM_NUM) values(24004, 'B0000803', '中国移动', 1, '预付费', 13100004003);
insert into T_TERMINALINFO (TERMINAL_ID,TTYPE_ID,SIM_ID,TERMINAL_CODE,ORG_CODE,IS_VIDEO_TERMINAL,SP_SERVER_NAME,PROTOCOL_TYPE,CHANNELS,YT_PROTOCOL_TYPE) values(240004, 4, 24004, '1004003', 'B0000803',1,'1076测试服务器','4',8,'0');
insert into V_VEHICLEINFO (ORG_CODE,VEHICLE_ID,ID_NUMBER,TYPE_ID,TERMINAL_ID,DELETE_FLAG,COLOR_ID_NUMBER_ID,AUTHORIZED_PAY_MASS) values ('B0000803','2400004', '测B04003', 4, 240004, 0, '2',15);

insert into T_SIMINFO (SIM_ID, ORG_CODE, DEPTCODE, STATE,PAY_MODLE, SIM_NUM) values(24005, 'B0000803', '中国移动', 1, '预付费', 13100004004);
insert into T_TERMINALINFO (TERMINAL_ID,TTYPE_ID,SIM_ID,TERMINAL_CODE,ORG_CODE,IS_VIDEO_TERMINAL,SP_SERVER_NAME,PROTOCOL_TYPE,CHANNELS,YT_PROTOCOL_TYPE) values(240005, 4, 24005, '1004004', 'B0000803',1,'1076测试服务器','4',8,'0');
insert into V_VEHICLEINFO (ORG_CODE,VEHICLE_ID,ID_NUMBER,TYPE_ID,TERMINAL_ID,DELETE_FLAG,COLOR_ID_NUMBER_ID,AUTHORIZED_PAY_MASS) values ('B0000803','2400005', '测B04004', 4, 240005, 0, '2',15);

insert into T_SIMINFO (SIM_ID, ORG_CODE, DEPTCODE, STATE,PAY_MODLE, SIM_NUM) values(24006, 'B0000803', '中国移动', 1, '预付费', 13100004005);
insert into T_TERMINALINFO (TERMINAL_ID,TTYPE_ID,SIM_ID,TERMINAL_CODE,ORG_CODE,IS_VIDEO_TERMINAL,SP_SERVER_NAME,PROTOCOL_TYPE,CHANNELS,YT_PROTOCOL_TYPE) values(240006, 4, 24006, '1004005', 'B0000803',1,'1076测试服务器','4',8,'0');
insert into V_VEHICLEINFO (ORG_CODE,VEHICLE_ID,ID_NUMBER,TYPE_ID,TERMINAL_ID,DELETE_FLAG,COLOR_ID_NUMBER_ID,AUTHORIZED_PAY_MASS) values ('B0000803','2400006', '测B04005', 4, 240006, 0, '2',15);

insert into T_SIMINFO (SIM_ID, ORG_CODE, DEPTCODE, STATE,PAY_MODLE, SIM_NUM) values(24007, 'B0000803', '中国移动', 1, '预付费', 13100004006);
insert into T_TERMINALINFO (TERMINAL_ID,TTYPE_ID,SIM_ID,TERMINAL_CODE,ORG_CODE,IS_VIDEO_TERMINAL,SP_SERVER_NAME,PROTOCOL_TYPE,CHANNELS,YT_PROTOCOL_TYPE) values(240007, 4, 24007, '1004006', 'B0000803',1,'1076测试服务器','4',8,'0');
insert into V_VEHICLEINFO (ORG_CODE,VEHICLE_ID,ID_NUMBER,TYPE_ID,TERMINAL_ID,DELETE_FLAG,COLOR_ID_NUMBER_ID,AUTHORIZED_PAY_MASS) values ('B0000803','2400007', '测B04006', 4, 240007, 0, '2',15);

insert into T_SIMINFO (SIM_ID, ORG_CODE, DEPTCODE, STATE,PAY_MODLE, SIM_NUM) values(24008, 'B0000803', '中国移动', 1, '预付费', 13100004007);
insert into T_TERMINALINFO (TERMINAL_ID,TTYPE_ID,SIM_ID,TERMINAL_CODE,ORG_CODE,IS_VIDEO_TERMINAL,SP_SERVER_NAME,PROTOCOL_TYPE,CHANNELS,YT_PROTOCOL_TYPE) values(240008, 4, 24008, '1004007', 'B0000803',1,'1076测试服务器','4',8,'0');
insert into V_VEHICLEINFO (ORG_CODE,VEHICLE_ID,ID_NUMBER,TYPE_ID,TERMINAL_ID,DELETE_FLAG,COLOR_ID_NUMBER_ID,AUTHORIZED_PAY_MASS) values ('B0000803','2400008', '测B04007', 4, 240008, 0, '2',15);

insert into T_SIMINFO (SIM_ID, ORG_CODE, DEPTCODE, STATE,PAY_MODLE, SIM_NUM) values(24009, 'B0000803', '中国移动', 1, '预付费', 13100004008);
insert into T_TERMINALINFO (TERMINAL_ID,TTYPE_ID,SIM_ID,TERMINAL_CODE,ORG_CODE,IS_VIDEO_TERMINAL,SP_SERVER_NAME,PROTOCOL_TYPE,CHANNELS,YT_PROTOCOL_TYPE) values(240009, 4, 24009, '1004008', 'B0000803',1,'1076测试服务器','4',8,'0');
insert into V_VEHICLEINFO (ORG_CODE,VEHICLE_ID,ID_NUMBER,TYPE_ID,TERMINAL_ID,DELETE_FLAG,COLOR_ID_NUMBER_ID,AUTHORIZED_PAY_MASS) values ('B0000803','2400009', '测B04008', 4, 240009, 0, '2',15);

insert into T_SIMINFO (SIM_ID, ORG_CODE, DEPTCODE, STATE,PAY_MODLE, SIM_NUM) values(24010, 'B0000803', '中国移动', 1, '预付费', 13100004009);
insert into T_TERMINALINFO (TERMINAL_ID,TTYPE_ID,SIM_ID,TERMINAL_CODE,ORG_CODE,IS_VIDEO_TERMINAL,SP_SERVER_NAME,PROTOCOL_TYPE,CHANNELS,YT_PROTOCOL_TYPE) values(240010, 4, 24010, '1004009', 'B0000803',1,'1076测试服务器','4',8,'0');
insert into V_VEHICLEINFO (ORG_CODE,VEHICLE_ID,ID_NUMBER,TYPE_ID,TERMINAL_ID,DELETE_FLAG,COLOR_ID_NUMBER_ID,AUTHORIZED_PAY_MASS) values ('B0000803','2400010', '测B04009', 4, 240010, 0, '2',15);

insert into T_SIMINFO (SIM_ID, ORG_CODE, DEPTCODE, STATE,PAY_MODLE, SIM_NUM) values(24011, 'B0000803', '中国移动', 1, '预付费', 13100004010);
insert into T_TERMINALINFO (TERMINAL_ID,TTYPE_ID,SIM_ID,TERMINAL_CODE,ORG_CODE,IS_VIDEO_TERMINAL,SP_SERVER_NAME,PROTOCOL_TYPE,CHANNELS,YT_PROTOCOL_TYPE) values(240011, 4, 24011, '1004010', 'B0000803',1,'1076测试服务器','4',8,'0');
insert into V_VEHICLEINFO (ORG_CODE,VEHICLE_ID,ID_NUMBER,TYPE_ID,TERMINAL_ID,DELETE_FLAG,COLOR_ID_NUMBER_ID,AUTHORIZED_PAY_MASS) values ('B0000803','2400011', '测B04010', 4, 240011, 0, '2',15);

insert into T_SIMINFO (SIM_ID, ORG_CODE, DEPTCODE, STATE,PAY_MODLE, SIM_NUM) values(24012, 'B0000803', '中国移动', 1, '预付费', 13100004011);
insert into T_TERMINALINFO (TERMINAL_ID,TTYPE_ID,SIM_ID,TERMINAL_CODE,ORG_CODE,IS_VIDEO_TERMINAL,SP_SERVER_NAME,PROTOCOL_TYPE,CHANNELS,YT_PROTOCOL_TYPE) values(240012, 4, 24012, '1004011', 'B0000803',1,'1076测试服务器','4',8,'0');
insert into V_VEHICLEINFO (ORG_CODE,VEHICLE_ID,ID_NUMBER,TYPE_ID,TERMINAL_ID,DELETE_FLAG,COLOR_ID_NUMBER_ID,AUTHORIZED_PAY_MASS) values ('B0000803','2400012', '测B04011', 4, 240012, 0, '2',15);

insert into T_SIMINFO (SIM_ID, ORG_CODE, DEPTCODE, STATE,PAY_MODLE, SIM_NUM) values(24013, 'B0000803', '中国移动', 1, '预付费', 13100004012);
insert into T_TERMINALINFO (TERMINAL_ID,TTYPE_ID,SIM_ID,TERMINAL_CODE,ORG_CODE,IS_VIDEO_TERMINAL,SP_SERVER_NAME,PROTOCOL_TYPE,CHANNELS,YT_PROTOCOL_TYPE) values(240013, 4, 24013, '1004012', 'B0000803',1,'1076测试服务器','4',8,'0');
insert into V_VEHICLEINFO (ORG_CODE,VEHICLE_ID,ID_NUMBER,TYPE_ID,TERMINAL_ID,DELETE_FLAG,COLOR_ID_NUMBER_ID,AUTHORIZED_PAY_MASS) values ('B0000803','2400013', '测B04012', 4, 240013, 0, '2',15);

insert into T_SIMINFO (SIM_ID, ORG_CODE, DEPTCODE, STATE,PAY_MODLE, SIM_NUM) values(24014, 'B0000803', '中国移动', 1, '预付费', 13100004013);
insert into T_TERMINALINFO (TERMINAL_ID,TTYPE_ID,SIM_ID,TERMINAL_CODE,ORG_CODE,IS_VIDEO_TERMINAL,SP_SERVER_NAME,PROTOCOL_TYPE,CHANNELS,YT_PROTOCOL_TYPE) values(240014, 4, 24014, '1004013', 'B0000803',1,'1076测试服务器','4',8,'0');
insert into V_VEHICLEINFO (ORG_CODE,VEHICLE_ID,ID_NUMBER,TYPE_ID,TERMINAL_ID,DELETE_FLAG,COLOR_ID_NUMBER_ID,AUTHORIZED_PAY_MASS) values ('B0000803','2400014', '测B04013', 4, 240014, 0, '2',15);

insert into T_SIMINFO (SIM_ID, ORG_CODE, DEPTCODE, STATE,PAY_MODLE, SIM_NUM) values(24015, 'B0000803', '中国移动', 1, '预付费', 13100004014);
insert into T_TERMINALINFO (TERMINAL_ID,TTYPE_ID,SIM_ID,TERMINAL_CODE,ORG_CODE,IS_VIDEO_TERMINAL,SP_SERVER_NAME,PROTOCOL_TYPE,CHANNELS,YT_PROTOCOL_TYPE) values(240015, 4, 24015, '1004014', 'B0000803',1,'1076测试服务器','4',8,'0');
insert into V_VEHICLEINFO (ORG_CODE,VEHICLE_ID,ID_NUMBER,TYPE_ID,TERMINAL_ID,DELETE_FLAG,COLOR_ID_NUMBER_ID,AUTHORIZED_PAY_MASS) values ('B0000803','2400015', '测B04014', 4, 240015, 0, '2',15);

insert into T_SIMINFO (SIM_ID, ORG_CODE, DEPTCODE, STATE,PAY_MODLE, SIM_NUM) values(24016, 'B0000803', '中国移动', 1, '预付费', 13100004015);
insert into T_TERMINALINFO (TERMINAL_ID,TTYPE_ID,SIM_ID,TERMINAL_CODE,ORG_CODE,IS_VIDEO_TERMINAL,SP_SERVER_NAME,PROTOCOL_TYPE,CHANNELS,YT_PROTOCOL_TYPE) values(240016, 4, 24016, '1004015', 'B0000803',1,'1076测试服务器','4',8,'0');
insert into V_VEHICLEINFO (ORG_CODE,VEHICLE_ID,ID_NUMBER,TYPE_ID,TERMINAL_ID,DELETE_FLAG,COLOR_ID_NUMBER_ID,AUTHORIZED_PAY_MASS) values ('B0000803','2400016', '测B04015', 4, 240016, 0, '2',15);

insert into T_SIMINFO (SIM_ID, ORG_CODE, DEPTCODE, STATE,PAY_MODLE, SIM_NUM) values(24017, 'B0000803', '中国移动', 1, '预付费', 13100004016);
insert into T_TERMINALINFO (TERMINAL_ID,TTYPE_ID,SIM_ID,TERMINAL_CODE,ORG_CODE,IS_VIDEO_TERMINAL,SP_SERVER_NAME,PROTOCOL_TYPE,CHANNELS,YT_PROTOCOL_TYPE) values(240017, 4, 24017, '1004016', 'B0000803',1,'1076测试服务器','4',8,'0');
insert into V_VEHICLEINFO (ORG_CODE,VEHICLE_ID,ID_NUMBER,TYPE_ID,TERMINAL_ID,DELETE_FLAG,COLOR_ID_NUMBER_ID,AUTHORIZED_PAY_MASS) values ('B0000803','2400017', '测B04016', 4, 240017, 0, '2',15);

insert into T_SIMINFO (SIM_ID, ORG_CODE, DEPTCODE, STATE,PAY_MODLE, SIM_NUM) values(24018, 'B0000803', '中国移动', 1, '预付费', 13100004017);
insert into T_TERMINALINFO (TERMINAL_ID,TTYPE_ID,SIM_ID,TERMINAL_CODE,ORG_CODE,IS_VIDEO_TERMINAL,SP_SERVER_NAME,PROTOCOL_TYPE,CHANNELS,YT_PROTOCOL_TYPE) values(240018, 4, 24018, '1004017', 'B0000803',1,'1076测试服务器','4',8,'0');
insert into V_VEHICLEINFO (ORG_CODE,VEHICLE_ID,ID_NUMBER,TYPE_ID,TERMINAL_ID,DELETE_FLAG,COLOR_ID_NUMBER_ID,AUTHORIZED_PAY_MASS) values ('B0000803','2400018', '测B04017', 4, 240018, 0, '2',15);

insert into T_SIMINFO (SIM_ID, ORG_CODE, DEPTCODE, STATE,PAY_MODLE, SIM_NUM) values(24019, 'B0000803', '中国移动', 1, '预付费', 13100004018);
insert into T_TERMINALINFO (TERMINAL_ID,TTYPE_ID,SIM_ID,TERMINAL_CODE,ORG_CODE,IS_VIDEO_TERMINAL,SP_SERVER_NAME,PROTOCOL_TYPE,CHANNELS,YT_PROTOCOL_TYPE) values(240019, 4, 24019, '1004018', 'B0000803',1,'1076测试服务器','4',8,'0');
insert into V_VEHICLEINFO (ORG_CODE,VEHICLE_ID,ID_NUMBER,TYPE_ID,TERMINAL_ID,DELETE_FLAG,COLOR_ID_NUMBER_ID,AUTHORIZED_PAY_MASS) values ('B0000803','2400019', '测B04018', 4, 240019, 0, '2',15);

insert into T_SIMINFO (SIM_ID, ORG_CODE, DEPTCODE, STATE,PAY_MODLE, SIM_NUM) values(24020, 'B0000803', '中国移动', 1, '预付费', 13100004019);
insert into T_TERMINALINFO (TERMINAL_ID,TTYPE_ID,SIM_ID,TERMINAL_CODE,ORG_CODE,IS_VIDEO_TERMINAL,SP_SERVER_NAME,PROTOCOL_TYPE,CHANNELS,YT_PROTOCOL_TYPE) values(240020, 4, 24020, '1004019', 'B0000803',1,'1076测试服务器','4',8,'0');
insert into V_VEHICLEINFO (ORG_CODE,VEHICLE_ID,ID_NUMBER,TYPE_ID,TERMINAL_ID,DELETE_FLAG,COLOR_ID_NUMBER_ID,AUTHORIZED_PAY_MASS) values ('B0000803','2400020', '测B04019', 4, 240020, 0, '2',15);

insert into T_SIMINFO (SIM_ID, ORG_CODE, DEPTCODE, STATE,PAY_MODLE, SIM_NUM) values(24021, 'B0000803', '中国移动', 1, '预付费', 13100004020);
insert into T_TERMINALINFO (TERMINAL_ID,TTYPE_ID,SIM_ID,TERMINAL_CODE,ORG_CODE,IS_VIDEO_TERMINAL,SP_SERVER_NAME,PROTOCOL_TYPE,CHANNELS,YT_PROTOCOL_TYPE) values(240021, 4, 24021, '1004020', 'B0000803',1,'1076测试服务器','4',8,'0');
insert into V_VEHICLEINFO (ORG_CODE,VEHICLE_ID,ID_NUMBER,TYPE_ID,TERMINAL_ID,DELETE_FLAG,COLOR_ID_NUMBER_ID,AUTHORIZED_PAY_MASS) values ('B0000803','2400021', '测B04020', 4, 240021, 0, '2',15);

insert into T_SIMINFO (SIM_ID, ORG_CODE, DEPTCODE, STATE,PAY_MODLE, SIM_NUM) values(24022, 'B0000803', '中国移动', 1, '预付费', 13100004021);
insert into T_TERMINALINFO (TERMINAL_ID,TTYPE_ID,SIM_ID,TERMINAL_CODE,ORG_CODE,IS_VIDEO_TERMINAL,SP_SERVER_NAME,PROTOCOL_TYPE,CHANNELS,YT_PROTOCOL_TYPE) values(240022, 4, 24022, '1004021', 'B0000803',1,'1076测试服务器','4',8,'0');
insert into V_VEHICLEINFO (ORG_CODE,VEHICLE_ID,ID_NUMBER,TYPE_ID,TERMINAL_ID,DELETE_FLAG,COLOR_ID_NUMBER_ID,AUTHORIZED_PAY_MASS) values ('B0000803','2400022', '测B04021', 4, 240022, 0, '2',15);

insert into T_SIMINFO (SIM_ID, ORG_CODE, DEPTCODE, STATE,PAY_MODLE, SIM_NUM) values(24023, 'B0000803', '中国移动', 1, '预付费', 13100004022);
insert into T_TERMINALINFO (TERMINAL_ID,TTYPE_ID,SIM_ID,TERMINAL_CODE,ORG_CODE,IS_VIDEO_TERMINAL,SP_SERVER_NAME,PROTOCOL_TYPE,CHANNELS,YT_PROTOCOL_TYPE) values(240023, 4, 24023, '1004022', 'B0000803',1,'1076测试服务器','4',8,'0');
insert into V_VEHICLEINFO (ORG_CODE,VEHICLE_ID,ID_NUMBER,TYPE_ID,TERMINAL_ID,DELETE_FLAG,COLOR_ID_NUMBER_ID,AUTHORIZED_PAY_MASS) values ('B0000803','2400023', '测B04022', 4, 240023, 0, '2',15);

insert into T_SIMINFO (SIM_ID, ORG_CODE, DEPTCODE, STATE,PAY_MODLE, SIM_NUM) values(24024, 'B0000803', '中国移动', 1, '预付费', 13100004023);
insert into T_TERMINALINFO (TERMINAL_ID,TTYPE_ID,SIM_ID,TERMINAL_CODE,ORG_CODE,IS_VIDEO_TERMINAL,SP_SERVER_NAME,PROTOCOL_TYPE,CHANNELS,YT_PROTOCOL_TYPE) values(240024, 4, 24024, '1004023', 'B0000803',1,'1076测试服务器','4',8,'0');
insert into V_VEHICLEINFO (ORG_CODE,VEHICLE_ID,ID_NUMBER,TYPE_ID,TERMINAL_ID,DELETE_FLAG,COLOR_ID_NUMBER_ID,AUTHORIZED_PAY_MASS) values ('B0000803','2400024', '测B04023', 4, 240024, 0, '2',15);

insert into T_SIMINFO (SIM_ID, ORG_CODE, DEPTCODE, STATE,PAY_MODLE, SIM_NUM) values(24025, 'B0000803', '中国移动', 1, '预付费', 13100004024);
insert into T_TERMINALINFO (TERMINAL_ID,TTYPE_ID,SIM_ID,TERMINAL_CODE,ORG_CODE,IS_VIDEO_TERMINAL,SP_SERVER_NAME,PROTOCOL_TYPE,CHANNELS,YT_PROTOCOL_TYPE) values(240025, 4, 24025, '1004024', 'B0000803',1,'1076测试服务器','4',8,'0');
insert into V_VEHICLEINFO (ORG_CODE,VEHICLE_ID,ID_NUMBER,TYPE_ID,TERMINAL_ID,DELETE_FLAG,COLOR_ID_NUMBER_ID,AUTHORIZED_PAY_MASS) values ('B0000803','2400025', '测B04024', 4, 240025, 0, '2',15);

insert into T_SIMINFO (SIM_ID, ORG_CODE, DEPTCODE, STATE,PAY_MODLE, SIM_NUM) values(24026, 'B0000803', '中国移动', 1, '预付费', 13100004025);
insert into T_TERMINALINFO (TERMINAL_ID,TTYPE_ID,SIM_ID,TERMINAL_CODE,ORG_CODE,IS_VIDEO_TERMINAL,SP_SERVER_NAME,PROTOCOL_TYPE,CHANNELS,YT_PROTOCOL_TYPE) values(240026, 4, 24026, '1004025', 'B0000803',1,'1076测试服务器','4',8,'0');
insert into V_VEHICLEINFO (ORG_CODE,VEHICLE_ID,ID_NUMBER,TYPE_ID,TERMINAL_ID,DELETE_FLAG,COLOR_ID_NUMBER_ID,AUTHORIZED_PAY_MASS) values ('B0000803','2400026', '测B04025', 4, 240026, 0, '2',15);

insert into T_SIMINFO (SIM_ID, ORG_CODE, DEPTCODE, STATE,PAY_MODLE, SIM_NUM) values(24027, 'B0000803', '中国移动', 1, '预付费', 13100004026);
insert into T_TERMINALINFO (TERMINAL_ID,TTYPE_ID,SIM_ID,TERMINAL_CODE,ORG_CODE,IS_VIDEO_TERMINAL,SP_SERVER_NAME,PROTOCOL_TYPE,CHANNELS,YT_PROTOCOL_TYPE) values(240027, 4, 24027, '1004026', 'B0000803',1,'1076测试服务器','4',8,'0');
insert into V_VEHICLEINFO (ORG_CODE,VEHICLE_ID,ID_NUMBER,TYPE_ID,TERMINAL_ID,DELETE_FLAG,COLOR_ID_NUMBER_ID,AUTHORIZED_PAY_MASS) values ('B0000803','2400027', '测B04026', 4, 240027, 0, '2',15);

insert into T_SIMINFO (SIM_ID, ORG_CODE, DEPTCODE, STATE,PAY_MODLE, SIM_NUM) values(24028, 'B0000803', '中国移动', 1, '预付费', 13100004027);
insert into T_TERMINALINFO (TERMINAL_ID,TTYPE_ID,SIM_ID,TERMINAL_CODE,ORG_CODE,IS_VIDEO_TERMINAL,SP_SERVER_NAME,PROTOCOL_TYPE,CHANNELS,YT_PROTOCOL_TYPE) values(240028, 4, 24028, '1004027', 'B0000803',1,'1076测试服务器','4',8,'0');
insert into V_VEHICLEINFO (ORG_CODE,VEHICLE_ID,ID_NUMBER,TYPE_ID,TERMINAL_ID,DELETE_FLAG,COLOR_ID_NUMBER_ID,AUTHORIZED_PAY_MASS) values ('B0000803','2400028', '测B04027', 4, 240028, 0, '2',15);

insert into T_SIMINFO (SIM_ID, ORG_CODE, DEPTCODE, STATE,PAY_MODLE, SIM_NUM) values(24029, 'B0000803', '中国移动', 1, '预付费', 13100004028);
insert into T_TERMINALINFO (TERMINAL_ID,TTYPE_ID,SIM_ID,TERMINAL_CODE,ORG_CODE,IS_VIDEO_TERMINAL,SP_SERVER_NAME,PROTOCOL_TYPE,CHANNELS,YT_PROTOCOL_TYPE) values(240029, 4, 24029, '1004028', 'B0000803',1,'1076测试服务器','4',8,'0');
insert into V_VEHICLEINFO (ORG_CODE,VEHICLE_ID,ID_NUMBER,TYPE_ID,TERMINAL_ID,DELETE_FLAG,COLOR_ID_NUMBER_ID,AUTHORIZED_PAY_MASS) values ('B0000803','2400029', '测B04028', 4, 240029, 0, '2',15);

insert into T_SIMINFO (SIM_ID, ORG_CODE, DEPTCODE, STATE,PAY_MODLE, SIM_NUM) values(24030, 'B0000803', '中国移动', 1, '预付费', 13100004029);
insert into T_TERMINALINFO (TERMINAL_ID,TTYPE_ID,SIM_ID,TERMINAL_CODE,ORG_CODE,IS_VIDEO_TERMINAL,SP_SERVER_NAME,PROTOCOL_TYPE,CHANNELS,YT_PROTOCOL_TYPE) values(240030, 4, 24030, '1004029', 'B0000803',1,'1076测试服务器','4',8,'0');
insert into V_VEHICLEINFO (ORG_CODE,VEHICLE_ID,ID_NUMBER,TYPE_ID,TERMINAL_ID,DELETE_FLAG,COLOR_ID_NUMBER_ID,AUTHORIZED_PAY_MASS) values ('B0000803','2400030', '测B04029', 4, 240030, 0, '2',15);

insert into T_SIMINFO (SIM_ID, ORG_CODE, DEPTCODE, STATE,PAY_MODLE, SIM_NUM) values(24031, 'B0000803', '中国移动', 1, '预付费', 13100004030);
insert into T_TERMINALINFO (TERMINAL_ID,TTYPE_ID,SIM_ID,TERMINAL_CODE,ORG_CODE,IS_VIDEO_TERMINAL,SP_SERVER_NAME,PROTOCOL_TYPE,CHANNELS,YT_PROTOCOL_TYPE) values(240031, 4, 24031, '1004030', 'B0000803',1,'1076测试服务器','4',8,'0');
insert into V_VEHICLEINFO (ORG_CODE,VEHICLE_ID,ID_NUMBER,TYPE_ID,TERMINAL_ID,DELETE_FLAG,COLOR_ID_NUMBER_ID,AUTHORIZED_PAY_MASS) values ('B0000803','2400031', '测B04030', 4, 240031, 0, '2',15);

insert into T_SIMINFO (SIM_ID, ORG_CODE, DEPTCODE, STATE,PAY_MODLE, SIM_NUM) values(24032, 'B0000803', '中国移动', 1, '预付费', 13100004031);
insert into T_TERMINALINFO (TERMINAL_ID,TTYPE_ID,SIM_ID,TERMINAL_CODE,ORG_CODE,IS_VIDEO_TERMINAL,SP_SERVER_NAME,PROTOCOL_TYPE,CHANNELS,YT_PROTOCOL_TYPE) values(240032, 4, 24032, '1004031', 'B0000803',1,'1076测试服务器','4',8,'0');
insert into V_VEHICLEINFO (ORG_CODE,VEHICLE_ID,ID_NUMBER,TYPE_ID,TERMINAL_ID,DELETE_FLAG,COLOR_ID_NUMBER_ID,AUTHORIZED_PAY_MASS) values ('B0000803','2400032', '测B04031', 4, 240032, 0, '2',15);

insert into T_SIMINFO (SIM_ID, ORG_CODE, DEPTCODE, STATE,PAY_MODLE, SIM_NUM) values(24033, 'B0000803', '中国移动', 1, '预付费', 13100004032);
insert into T_TERMINALINFO (TERMINAL_ID,TTYPE_ID,SIM_ID,TERMINAL_CODE,ORG_CODE,IS_VIDEO_TERMINAL,SP_SERVER_NAME,PROTOCOL_TYPE,CHANNELS,YT_PROTOCOL_TYPE) values(240033, 4, 24033, '1004032', 'B0000803',1,'1076测试服务器','4',8,'0');
insert into V_VEHICLEINFO (ORG_CODE,VEHICLE_ID,ID_NUMBER,TYPE_ID,TERMINAL_ID,DELETE_FLAG,COLOR_ID_NUMBER_ID,AUTHORIZED_PAY_MASS) values ('B0000803','2400033', '测B04032', 4, 240033, 0, '2',15);

insert into T_SIMINFO (SIM_ID, ORG_CODE, DEPTCODE, STATE,PAY_MODLE, SIM_NUM) values(24034, 'B0000803', '中国移动', 1, '预付费', 13100004033);
insert into T_TERMINALINFO (TERMINAL_ID,TTYPE_ID,SIM_ID,TERMINAL_CODE,ORG_CODE,IS_VIDEO_TERMINAL,SP_SERVER_NAME,PROTOCOL_TYPE,CHANNELS,YT_PROTOCOL_TYPE) values(240034, 4, 24034, '1004033', 'B0000803',1,'1076测试服务器','4',8,'0');
insert into V_VEHICLEINFO (ORG_CODE,VEHICLE_ID,ID_NUMBER,TYPE_ID,TERMINAL_ID,DELETE_FLAG,COLOR_ID_NUMBER_ID,AUTHORIZED_PAY_MASS) values ('B0000803','2400034', '测B04033', 4, 240034, 0, '2',15);

insert into T_SIMINFO (SIM_ID, ORG_CODE, DEPTCODE, STATE,PAY_MODLE, SIM_NUM) values(24035, 'B0000803', '中国移动', 1, '预付费', 13100004034);
insert into T_TERMINALINFO (TERMINAL_ID,TTYPE_ID,SIM_ID,TERMINAL_CODE,ORG_CODE,IS_VIDEO_TERMINAL,SP_SERVER_NAME,PROTOCOL_TYPE,CHANNELS,YT_PROTOCOL_TYPE) values(240035, 4, 24035, '1004034', 'B0000803',1,'1076测试服务器','4',8,'0');
insert into V_VEHICLEINFO (ORG_CODE,VEHICLE_ID,ID_NUMBER,TYPE_ID,TERMINAL_ID,DELETE_FLAG,COLOR_ID_NUMBER_ID,AUTHORIZED_PAY_MASS) values ('B0000803','2400035', '测B04034', 4, 240035, 0, '2',15);

insert into T_SIMINFO (SIM_ID, ORG_CODE, DEPTCODE, STATE,PAY_MODLE, SIM_NUM) values(24036, 'B0000803', '中国移动', 1, '预付费', 13100004035);
insert into T_TERMINALINFO (TERMINAL_ID,TTYPE_ID,SIM_ID,TERMINAL_CODE,ORG_CODE,IS_VIDEO_TERMINAL,SP_SERVER_NAME,PROTOCOL_TYPE,CHANNELS,YT_PROTOCOL_TYPE) values(240036, 4, 24036, '1004035', 'B0000803',1,'1076测试服务器','4',8,'0');
insert into V_VEHICLEINFO (ORG_CODE,VEHICLE_ID,ID_NUMBER,TYPE_ID,TERMINAL_ID,DELETE_FLAG,COLOR_ID_NUMBER_ID,AUTHORIZED_PAY_MASS) values ('B0000803','2400036', '测B04035', 4, 240036, 0, '2',15);

insert into T_SIMINFO (SIM_ID, ORG_CODE, DEPTCODE, STATE,PAY_MODLE, SIM_NUM) values(24037, 'B0000803', '中国移动', 1, '预付费', 13100004036);
insert into T_TERMINALINFO (TERMINAL_ID,TTYPE_ID,SIM_ID,TERMINAL_CODE,ORG_CODE,IS_VIDEO_TERMINAL,SP_SERVER_NAME,PROTOCOL_TYPE,CHANNELS,YT_PROTOCOL_TYPE) values(240037, 4, 24037, '1004036', 'B0000803',1,'1076测试服务器','4',8,'0');
insert into V_VEHICLEINFO (ORG_CODE,VEHICLE_ID,ID_NUMBER,TYPE_ID,TERMINAL_ID,DELETE_FLAG,COLOR_ID_NUMBER_ID,AUTHORIZED_PAY_MASS) values ('B0000803','2400037', '测B04036', 4, 240037, 0, '2',15);

insert into T_SIMINFO (SIM_ID, ORG_CODE, DEPTCODE, STATE,PAY_MODLE, SIM_NUM) values(24038, 'B0000803', '中国移动', 1, '预付费', 13100004037);
insert into T_TERMINALINFO (TERMINAL_ID,TTYPE_ID,SIM_ID,TERMINAL_CODE,ORG_CODE,IS_VIDEO_TERMINAL,SP_SERVER_NAME,PROTOCOL_TYPE,CHANNELS,YT_PROTOCOL_TYPE) values(240038, 4, 24038, '1004037', 'B0000803',1,'1076测试服务器','4',8,'0');
insert into V_VEHICLEINFO (ORG_CODE,VEHICLE_ID,ID_NUMBER,TYPE_ID,TERMINAL_ID,DELETE_FLAG,COLOR_ID_NUMBER_ID,AUTHORIZED_PAY_MASS) values ('B0000803','2400038', '测B04037', 4, 240038, 0, '2',15);

insert into T_SIMINFO (SIM_ID, ORG_CODE, DEPTCODE, STATE,PAY_MODLE, SIM_NUM) values(24039, 'B0000803', '中国移动', 1, '预付费', 13100004038);
insert into T_TERMINALINFO (TERMINAL_ID,TTYPE_ID,SIM_ID,TERMINAL_CODE,ORG_CODE,IS_VIDEO_TERMINAL,SP_SERVER_NAME,PROTOCOL_TYPE,CHANNELS,YT_PROTOCOL_TYPE) values(240039, 4, 24039, '1004038', 'B0000803',1,'1076测试服务器','4',8,'0');
insert into V_VEHICLEINFO (ORG_CODE,VEHICLE_ID,ID_NUMBER,TYPE_ID,TERMINAL_ID,DELETE_FLAG,COLOR_ID_NUMBER_ID,AUTHORIZED_PAY_MASS) values ('B0000803','2400039', '测B04038', 4, 240039, 0, '2',15);

insert into T_SIMINFO (SIM_ID, ORG_CODE, DEPTCODE, STATE,PAY_MODLE, SIM_NUM) values(24040, 'B0000803', '中国移动', 1, '预付费', 13100004039);
insert into T_TERMINALINFO (TERMINAL_ID,TTYPE_ID,SIM_ID,TERMINAL_CODE,ORG_CODE,IS_VIDEO_TERMINAL,SP_SERVER_NAME,PROTOCOL_TYPE,CHANNELS,YT_PROTOCOL_TYPE) values(240040, 4, 24040, '1004039', 'B0000803',1,'1076测试服务器','4',8,'0');
insert into V_VEHICLEINFO (ORG_CODE,VEHICLE_ID,ID_NUMBER,TYPE_ID,TERMINAL_ID,DELETE_FLAG,COLOR_ID_NUMBER_ID,AUTHORIZED_PAY_MASS) values ('B0000803','2400040', '测B04039', 4, 240040, 0, '2',15);

insert into T_SIMINFO (SIM_ID, ORG_CODE, DEPTCODE, STATE,PAY_MODLE, SIM_NUM) values(24041, 'B0000803', '中国移动', 1, '预付费', 13100004040);
insert into T_TERMINALINFO (TERMINAL_ID,TTYPE_ID,SIM_ID,TERMINAL_CODE,ORG_CODE,IS_VIDEO_TERMINAL,SP_SERVER_NAME,PROTOCOL_TYPE,CHANNELS,YT_PROTOCOL_TYPE) values(240041, 4, 24041, '1004040', 'B0000803',1,'1076测试服务器','4',8,'0');
insert into V_VEHICLEINFO (ORG_CODE,VEHICLE_ID,ID_NUMBER,TYPE_ID,TERMINAL_ID,DELETE_FLAG,COLOR_ID_NUMBER_ID,AUTHORIZED_PAY_MASS) values ('B0000803','2400041', '测B04040', 4, 240041, 0, '2',15);

insert into T_SIMINFO (SIM_ID, ORG_CODE, DEPTCODE, STATE,PAY_MODLE, SIM_NUM) values(24042, 'B0000803', '中国移动', 1, '预付费', 13100004041);
insert into T_TERMINALINFO (TERMINAL_ID,TTYPE_ID,SIM_ID,TERMINAL_CODE,ORG_CODE,IS_VIDEO_TERMINAL,SP_SERVER_NAME,PROTOCOL_TYPE,CHANNELS,YT_PROTOCOL_TYPE) values(240042, 4, 24042, '1004041', 'B0000803',1,'1076测试服务器','4',8,'0');
insert into V_VEHICLEINFO (ORG_CODE,VEHICLE_ID,ID_NUMBER,TYPE_ID,TERMINAL_ID,DELETE_FLAG,COLOR_ID_NUMBER_ID,AUTHORIZED_PAY_MASS) values ('B0000803','2400042', '测B04041', 4, 240042, 0, '2',15);

insert into T_SIMINFO (SIM_ID, ORG_CODE, DEPTCODE, STATE,PAY_MODLE, SIM_NUM) values(24043, 'B0000803', '中国移动', 1, '预付费', 13100004042);
insert into T_TERMINALINFO (TERMINAL_ID,TTYPE_ID,SIM_ID,TERMINAL_CODE,ORG_CODE,IS_VIDEO_TERMINAL,SP_SERVER_NAME,PROTOCOL_TYPE,CHANNELS,YT_PROTOCOL_TYPE) values(240043, 4, 24043, '1004042', 'B0000803',1,'1076测试服务器','4',8,'0');
insert into V_VEHICLEINFO (ORG_CODE,VEHICLE_ID,ID_NUMBER,TYPE_ID,TERMINAL_ID,DELETE_FLAG,COLOR_ID_NUMBER_ID,AUTHORIZED_PAY_MASS) values ('B0000803','2400043', '测B04042', 4, 240043, 0, '2',15);

insert into T_SIMINFO (SIM_ID, ORG_CODE, DEPTCODE, STATE,PAY_MODLE, SIM_NUM) values(24044, 'B0000803', '中国移动', 1, '预付费', 13100004043);
insert into T_TERMINALINFO (TERMINAL_ID,TTYPE_ID,SIM_ID,TERMINAL_CODE,ORG_CODE,IS_VIDEO_TERMINAL,SP_SERVER_NAME,PROTOCOL_TYPE,CHANNELS,YT_PROTOCOL_TYPE) values(240044, 4, 24044, '1004043', 'B0000803',1,'1076测试服务器','4',8,'0');
insert into V_VEHICLEINFO (ORG_CODE,VEHICLE_ID,ID_NUMBER,TYPE_ID,TERMINAL_ID,DELETE_FLAG,COLOR_ID_NUMBER_ID,AUTHORIZED_PAY_MASS) values ('B0000803','2400044', '测B04043', 4, 240044, 0, '2',15);

insert into T_SIMINFO (SIM_ID, ORG_CODE, DEPTCODE, STATE,PAY_MODLE, SIM_NUM) values(24045, 'B0000803', '中国移动', 1, '预付费', 13100004044);
insert into T_TERMINALINFO (TERMINAL_ID,TTYPE_ID,SIM_ID,TERMINAL_CODE,ORG_CODE,IS_VIDEO_TERMINAL,SP_SERVER_NAME,PROTOCOL_TYPE,CHANNELS,YT_PROTOCOL_TYPE) values(240045, 4, 24045, '1004044', 'B0000803',1,'1076测试服务器','4',8,'0');
insert into V_VEHICLEINFO (ORG_CODE,VEHICLE_ID,ID_NUMBER,TYPE_ID,TERMINAL_ID,DELETE_FLAG,COLOR_ID_NUMBER_ID,AUTHORIZED_PAY_MASS) values ('B0000803','2400045', '测B04044', 4, 240045, 0, '2',15);

insert into T_SIMINFO (SIM_ID, ORG_CODE, DEPTCODE, STATE,PAY_MODLE, SIM_NUM) values(24046, 'B0000803', '中国移动', 1, '预付费', 13100004045);
insert into T_TERMINALINFO (TERMINAL_ID,TTYPE_ID,SIM_ID,TERMINAL_CODE,ORG_CODE,IS_VIDEO_TERMINAL,SP_SERVER_NAME,PROTOCOL_TYPE,CHANNELS,YT_PROTOCOL_TYPE) values(240046, 4, 24046, '1004045', 'B0000803',1,'1076测试服务器','4',8,'0');
insert into V_VEHICLEINFO (ORG_CODE,VEHICLE_ID,ID_NUMBER,TYPE_ID,TERMINAL_ID,DELETE_FLAG,COLOR_ID_NUMBER_ID,AUTHORIZED_PAY_MASS) values ('B0000803','2400046', '测B04045', 4, 240046, 0, '2',15);

insert into T_SIMINFO (SIM_ID, ORG_CODE, DEPTCODE, STATE,PAY_MODLE, SIM_NUM) values(24047, 'B0000803', '中国移动', 1, '预付费', 13100004046);
insert into T_TERMINALINFO (TERMINAL_ID,TTYPE_ID,SIM_ID,TERMINAL_CODE,ORG_CODE,IS_VIDEO_TERMINAL,SP_SERVER_NAME,PROTOCOL_TYPE,CHANNELS,YT_PROTOCOL_TYPE) values(240047, 4, 24047, '1004046', 'B0000803',1,'1076测试服务器','4',8,'0');
insert into V_VEHICLEINFO (ORG_CODE,VEHICLE_ID,ID_NUMBER,TYPE_ID,TERMINAL_ID,DELETE_FLAG,COLOR_ID_NUMBER_ID,AUTHORIZED_PAY_MASS) values ('B0000803','2400047', '测B04046', 4, 240047, 0, '2',15);

insert into T_SIMINFO (SIM_ID, ORG_CODE, DEPTCODE, STATE,PAY_MODLE, SIM_NUM) values(24048, 'B0000803', '中国移动', 1, '预付费', 13100004047);
insert into T_TERMINALINFO (TERMINAL_ID,TTYPE_ID,SIM_ID,TERMINAL_CODE,ORG_CODE,IS_VIDEO_TERMINAL,SP_SERVER_NAME,PROTOCOL_TYPE,CHANNELS,YT_PROTOCOL_TYPE) values(240048, 4, 24048, '1004047', 'B0000803',1,'1076测试服务器','4',8,'0');
insert into V_VEHICLEINFO (ORG_CODE,VEHICLE_ID,ID_NUMBER,TYPE_ID,TERMINAL_ID,DELETE_FLAG,COLOR_ID_NUMBER_ID,AUTHORIZED_PAY_MASS) values ('B0000803','2400048', '测B04047', 4, 240048, 0, '2',15);

insert into T_SIMINFO (SIM_ID, ORG_CODE, DEPTCODE, STATE,PAY_MODLE, SIM_NUM) values(24049, 'B0000803', '中国移动', 1, '预付费', 13100004048);
insert into T_TERMINALINFO (TERMINAL_ID,TTYPE_ID,SIM_ID,TERMINAL_CODE,ORG_CODE,IS_VIDEO_TERMINAL,SP_SERVER_NAME,PROTOCOL_TYPE,CHANNELS,YT_PROTOCOL_TYPE) values(240049, 4, 24049, '1004048', 'B0000803',1,'1076测试服务器','4',8,'0');
insert into V_VEHICLEINFO (ORG_CODE,VEHICLE_ID,ID_NUMBER,TYPE_ID,TERMINAL_ID,DELETE_FLAG,COLOR_ID_NUMBER_ID,AUTHORIZED_PAY_MASS) values ('B0000803','2400049', '测B04048', 4, 240049, 0, '2',15);

insert into T_SIMINFO (SIM_ID, ORG_CODE, DEPTCODE, STATE,PAY_MODLE, SIM_NUM) values(24050, 'B0000803', '中国移动', 1, '预付费', 13100004049);
insert into T_TERMINALINFO (TERMINAL_ID,TTYPE_ID,SIM_ID,TERMINAL_CODE,ORG_CODE,IS_VIDEO_TERMINAL,SP_SERVER_NAME,PROTOCOL_TYPE,CHANNELS,YT_PROTOCOL_TYPE) values(240050, 4, 24050, '1004049', 'B0000803',1,'1076测试服务器','4',8,'0');
insert into V_VEHICLEINFO (ORG_CODE,VEHICLE_ID,ID_NUMBER,TYPE_ID,TERMINAL_ID,DELETE_FLAG,COLOR_ID_NUMBER_ID,AUTHORIZED_PAY_MASS) values ('B0000803','2400050', '测B04049', 4, 240050, 0, '2',15);

insert into T_SIMINFO (SIM_ID, ORG_CODE, DEPTCODE, STATE,PAY_MODLE, SIM_NUM) values(24051, 'B0000803', '中国移动', 1, '预付费', 13100004050);
insert into T_TERMINALINFO (TERMINAL_ID,TTYPE_ID,SIM_ID,TERMINAL_CODE,ORG_CODE,IS_VIDEO_TERMINAL,SP_SERVER_NAME,PROTOCOL_TYPE,CHANNELS,YT_PROTOCOL_TYPE) values(240051, 4, 24051, '1004050', 'B0000803',1,'1076测试服务器','4',8,'0');
insert into V_VEHICLEINFO (ORG_CODE,VEHICLE_ID,ID_NUMBER,TYPE_ID,TERMINAL_ID,DELETE_FLAG,COLOR_ID_NUMBER_ID,AUTHORIZED_PAY_MASS) values ('B0000803','2400051', '测B04050', 4, 240051, 0, '2',15);

insert into T_SIMINFO (SIM_ID, ORG_CODE, DEPTCODE, STATE,PAY_MODLE, SIM_NUM) values(24052, 'B0000803', '中国移动', 1, '预付费', 13100004051);
insert into T_TERMINALINFO (TERMINAL_ID,TTYPE_ID,SIM_ID,TERMINAL_CODE,ORG_CODE,IS_VIDEO_TERMINAL,SP_SERVER_NAME,PROTOCOL_TYPE,CHANNELS,YT_PROTOCOL_TYPE) values(240052, 4, 24052, '1004051', 'B0000803',1,'1076测试服务器','4',8,'0');
insert into V_VEHICLEINFO (ORG_CODE,VEHICLE_ID,ID_NUMBER,TYPE_ID,TERMINAL_ID,DELETE_FLAG,COLOR_ID_NUMBER_ID,AUTHORIZED_PAY_MASS) values ('B0000803','2400052', '测B04051', 4, 240052, 0, '2',15);

insert into T_SIMINFO (SIM_ID, ORG_CODE, DEPTCODE, STATE,PAY_MODLE, SIM_NUM) values(24053, 'B0000803', '中国移动', 1, '预付费', 13100004052);
insert into T_TERMINALINFO (TERMINAL_ID,TTYPE_ID,SIM_ID,TERMINAL_CODE,ORG_CODE,IS_VIDEO_TERMINAL,SP_SERVER_NAME,PROTOCOL_TYPE,CHANNELS,YT_PROTOCOL_TYPE) values(240053, 4, 24053, '1004052', 'B0000803',1,'1076测试服务器','4',8,'0');
insert into V_VEHICLEINFO (ORG_CODE,VEHICLE_ID,ID_NUMBER,TYPE_ID,TERMINAL_ID,DELETE_FLAG,COLOR_ID_NUMBER_ID,AUTHORIZED_PAY_MASS) values ('B0000803','2400053', '测B04052', 4, 240053, 0, '2',15);

insert into T_SIMINFO (SIM_ID, ORG_CODE, DEPTCODE, STATE,PAY_MODLE, SIM_NUM) values(24054, 'B0000803', '中国移动', 1, '预付费', 13100004053);
insert into T_TERMINALINFO (TERMINAL_ID,TTYPE_ID,SIM_ID,TERMINAL_CODE,ORG_CODE,IS_VIDEO_TERMINAL,SP_SERVER_NAME,PROTOCOL_TYPE,CHANNELS,YT_PROTOCOL_TYPE) values(240054, 4, 24054, '1004053', 'B0000803',1,'1076测试服务器','4',8,'0');
insert into V_VEHICLEINFO (ORG_CODE,VEHICLE_ID,ID_NUMBER,TYPE_ID,TERMINAL_ID,DELETE_FLAG,COLOR_ID_NUMBER_ID,AUTHORIZED_PAY_MASS) values ('B0000803','2400054', '测B04053', 4, 240054, 0, '2',15);

insert into T_SIMINFO (SIM_ID, ORG_CODE, DEPTCODE, STATE,PAY_MODLE, SIM_NUM) values(24055, 'B0000803', '中国移动', 1, '预付费', 13100004054);
insert into T_TERMINALINFO (TERMINAL_ID,TTYPE_ID,SIM_ID,TERMINAL_CODE,ORG_CODE,IS_VIDEO_TERMINAL,SP_SERVER_NAME,PROTOCOL_TYPE,CHANNELS,YT_PROTOCOL_TYPE) values(240055, 4, 24055, '1004054', 'B0000803',1,'1076测试服务器','4',8,'0');
insert into V_VEHICLEINFO (ORG_CODE,VEHICLE_ID,ID_NUMBER,TYPE_ID,TERMINAL_ID,DELETE_FLAG,COLOR_ID_NUMBER_ID,AUTHORIZED_PAY_MASS) values ('B0000803','2400055', '测B04054', 4, 240055, 0, '2',15);

insert into T_SIMINFO (SIM_ID, ORG_CODE, DEPTCODE, STATE,PAY_MODLE, SIM_NUM) values(24056, 'B0000803', '中国移动', 1, '预付费', 13100004055);
insert into T_TERMINALINFO (TERMINAL_ID,TTYPE_ID,SIM_ID,TERMINAL_CODE,ORG_CODE,IS_VIDEO_TERMINAL,SP_SERVER_NAME,PROTOCOL_TYPE,CHANNELS,YT_PROTOCOL_TYPE) values(240056, 4, 24056, '1004055', 'B0000803',1,'1076测试服务器','4',8,'0');
insert into V_VEHICLEINFO (ORG_CODE,VEHICLE_ID,ID_NUMBER,TYPE_ID,TERMINAL_ID,DELETE_FLAG,COLOR_ID_NUMBER_ID,AUTHORIZED_PAY_MASS) values ('B0000803','2400056', '测B04055', 4, 240056, 0, '2',15);

insert into T_SIMINFO (SIM_ID, ORG_CODE, DEPTCODE, STATE,PAY_MODLE, SIM_NUM) values(24057, 'B0000803', '中国移动', 1, '预付费', 13100004056);
insert into T_TERMINALINFO (TERMINAL_ID,TTYPE_ID,SIM_ID,TERMINAL_CODE,ORG_CODE,IS_VIDEO_TERMINAL,SP_SERVER_NAME,PROTOCOL_TYPE,CHANNELS,YT_PROTOCOL_TYPE) values(240057, 4, 24057, '1004056', 'B0000803',1,'1076测试服务器','4',8,'0');
insert into V_VEHICLEINFO (ORG_CODE,VEHICLE_ID,ID_NUMBER,TYPE_ID,TERMINAL_ID,DELETE_FLAG,COLOR_ID_NUMBER_ID,AUTHORIZED_PAY_MASS) values ('B0000803','2400057', '测B04056', 4, 240057, 0, '2',15);

insert into T_SIMINFO (SIM_ID, ORG_CODE, DEPTCODE, STATE,PAY_MODLE, SIM_NUM) values(24058, 'B0000803', '中国移动', 1, '预付费', 13100004057);
insert into T_TERMINALINFO (TERMINAL_ID,TTYPE_ID,SIM_ID,TERMINAL_CODE,ORG_CODE,IS_VIDEO_TERMINAL,SP_SERVER_NAME,PROTOCOL_TYPE,CHANNELS,YT_PROTOCOL_TYPE) values(240058, 4, 24058, '1004057', 'B0000803',1,'1076测试服务器','4',8,'0');
insert into V_VEHICLEINFO (ORG_CODE,VEHICLE_ID,ID_NUMBER,TYPE_ID,TERMINAL_ID,DELETE_FLAG,COLOR_ID_NUMBER_ID,AUTHORIZED_PAY_MASS) values ('B0000803','2400058', '测B04057', 4, 240058, 0, '2',15);

insert into T_SIMINFO (SIM_ID, ORG_CODE, DEPTCODE, STATE,PAY_MODLE, SIM_NUM) values(24059, 'B0000803', '中国移动', 1, '预付费', 13100004058);
insert into T_TERMINALINFO (TERMINAL_ID,TTYPE_ID,SIM_ID,TERMINAL_CODE,ORG_CODE,IS_VIDEO_TERMINAL,SP_SERVER_NAME,PROTOCOL_TYPE,CHANNELS,YT_PROTOCOL_TYPE) values(240059, 4, 24059, '1004058', 'B0000803',1,'1076测试服务器','4',8,'0');
insert into V_VEHICLEINFO (ORG_CODE,VEHICLE_ID,ID_NUMBER,TYPE_ID,TERMINAL_ID,DELETE_FLAG,COLOR_ID_NUMBER_ID,AUTHORIZED_PAY_MASS) values ('B0000803','2400059', '测B04058', 4, 240059, 0, '2',15);

insert into T_SIMINFO (SIM_ID, ORG_CODE, DEPTCODE, STATE,PAY_MODLE, SIM_NUM) values(24060, 'B0000803', '中国移动', 1, '预付费', 13100004059);
insert into T_TERMINALINFO (TERMINAL_ID,TTYPE_ID,SIM_ID,TERMINAL_CODE,ORG_CODE,IS_VIDEO_TERMINAL,SP_SERVER_NAME,PROTOCOL_TYPE,CHANNELS,YT_PROTOCOL_TYPE) values(240060, 4, 24060, '1004059', 'B0000803',1,'1076测试服务器','4',8,'0');
insert into V_VEHICLEINFO (ORG_CODE,VEHICLE_ID,ID_NUMBER,TYPE_ID,TERMINAL_ID,DELETE_FLAG,COLOR_ID_NUMBER_ID,AUTHORIZED_PAY_MASS) values ('B0000803','2400060', '测B04059', 4, 240060, 0, '2',15);

insert into T_SIMINFO (SIM_ID, ORG_CODE, DEPTCODE, STATE,PAY_MODLE, SIM_NUM) values(24061, 'B0000803', '中国移动', 1, '预付费', 13100004060);
insert into T_TERMINALINFO (TERMINAL_ID,TTYPE_ID,SIM_ID,TERMINAL_CODE,ORG_CODE,IS_VIDEO_TERMINAL,SP_SERVER_NAME,PROTOCOL_TYPE,CHANNELS,YT_PROTOCOL_TYPE) values(240061, 4, 24061, '1004060', 'B0000803',1,'1076测试服务器','4',8,'0');
insert into V_VEHICLEINFO (ORG_CODE,VEHICLE_ID,ID_NUMBER,TYPE_ID,TERMINAL_ID,DELETE_FLAG,COLOR_ID_NUMBER_ID,AUTHORIZED_PAY_MASS) values ('B0000803','2400061', '测B04060', 4, 240061, 0, '2',15);

insert into T_SIMINFO (SIM_ID, ORG_CODE, DEPTCODE, STATE,PAY_MODLE, SIM_NUM) values(24062, 'B0000803', '中国移动', 1, '预付费', 13100004061);
insert into T_TERMINALINFO (TERMINAL_ID,TTYPE_ID,SIM_ID,TERMINAL_CODE,ORG_CODE,IS_VIDEO_TERMINAL,SP_SERVER_NAME,PROTOCOL_TYPE,CHANNELS,YT_PROTOCOL_TYPE) values(240062, 4, 24062, '1004061', 'B0000803',1,'1076测试服务器','4',8,'0');
insert into V_VEHICLEINFO (ORG_CODE,VEHICLE_ID,ID_NUMBER,TYPE_ID,TERMINAL_ID,DELETE_FLAG,COLOR_ID_NUMBER_ID,AUTHORIZED_PAY_MASS) values ('B0000803','2400062', '测B04061', 4, 240062, 0, '2',15);

insert into T_SIMINFO (SIM_ID, ORG_CODE, DEPTCODE, STATE,PAY_MODLE, SIM_NUM) values(24063, 'B0000803', '中国移动', 1, '预付费', 13100004062);
insert into T_TERMINALINFO (TERMINAL_ID,TTYPE_ID,SIM_ID,TERMINAL_CODE,ORG_CODE,IS_VIDEO_TERMINAL,SP_SERVER_NAME,PROTOCOL_TYPE,CHANNELS,YT_PROTOCOL_TYPE) values(240063, 4, 24063, '1004062', 'B0000803',1,'1076测试服务器','4',8,'0');
insert into V_VEHICLEINFO (ORG_CODE,VEHICLE_ID,ID_NUMBER,TYPE_ID,TERMINAL_ID,DELETE_FLAG,COLOR_ID_NUMBER_ID,AUTHORIZED_PAY_MASS) values ('B0000803','2400063', '测B04062', 4, 240063, 0, '2',15);

insert into T_SIMINFO (SIM_ID, ORG_CODE, DEPTCODE, STATE,PAY_MODLE, SIM_NUM) values(24064, 'B0000803', '中国移动', 1, '预付费', 13100004063);
insert into T_TERMINALINFO (TERMINAL_ID,TTYPE_ID,SIM_ID,TERMINAL_CODE,ORG_CODE,IS_VIDEO_TERMINAL,SP_SERVER_NAME,PROTOCOL_TYPE,CHANNELS,YT_PROTOCOL_TYPE) values(240064, 4, 24064, '1004063', 'B0000803',1,'1076测试服务器','4',8,'0');
insert into V_VEHICLEINFO (ORG_CODE,VEHICLE_ID,ID_NUMBER,TYPE_ID,TERMINAL_ID,DELETE_FLAG,COLOR_ID_NUMBER_ID,AUTHORIZED_PAY_MASS) values ('B0000803','2400064', '测B04063', 4, 240064, 0, '2',15);

insert into T_SIMINFO (SIM_ID, ORG_CODE, DEPTCODE, STATE,PAY_MODLE, SIM_NUM) values(24065, 'B0000803', '中国移动', 1, '预付费', 13100004064);
insert into T_TERMINALINFO (TERMINAL_ID,TTYPE_ID,SIM_ID,TERMINAL_CODE,ORG_CODE,IS_VIDEO_TERMINAL,SP_SERVER_NAME,PROTOCOL_TYPE,CHANNELS,YT_PROTOCOL_TYPE) values(240065, 4, 24065, '1004064', 'B0000803',1,'1076测试服务器','4',8,'0');
insert into V_VEHICLEINFO (ORG_CODE,VEHICLE_ID,ID_NUMBER,TYPE_ID,TERMINAL_ID,DELETE_FLAG,COLOR_ID_NUMBER_ID,AUTHORIZED_PAY_MASS) values ('B0000803','2400065', '测B04064', 4, 240065, 0, '2',15);

insert into T_SIMINFO (SIM_ID, ORG_CODE, DEPTCODE, STATE,PAY_MODLE, SIM_NUM) values(24066, 'B0000803', '中国移动', 1, '预付费', 13100004065);
insert into T_TERMINALINFO (TERMINAL_ID,TTYPE_ID,SIM_ID,TERMINAL_CODE,ORG_CODE,IS_VIDEO_TERMINAL,SP_SERVER_NAME,PROTOCOL_TYPE,CHANNELS,YT_PROTOCOL_TYPE) values(240066, 4, 24066, '1004065', 'B0000803',1,'1076测试服务器','4',8,'0');
insert into V_VEHICLEINFO (ORG_CODE,VEHICLE_ID,ID_NUMBER,TYPE_ID,TERMINAL_ID,DELETE_FLAG,COLOR_ID_NUMBER_ID,AUTHORIZED_PAY_MASS) values ('B0000803','2400066', '测B04065', 4, 240066, 0, '2',15);

insert into T_SIMINFO (SIM_ID, ORG_CODE, DEPTCODE, STATE,PAY_MODLE, SIM_NUM) values(24067, 'B0000803', '中国移动', 1, '预付费', 13100004066);
insert into T_TERMINALINFO (TERMINAL_ID,TTYPE_ID,SIM_ID,TERMINAL_CODE,ORG_CODE,IS_VIDEO_TERMINAL,SP_SERVER_NAME,PROTOCOL_TYPE,CHANNELS,YT_PROTOCOL_TYPE) values(240067, 4, 24067, '1004066', 'B0000803',1,'1076测试服务器','4',8,'0');
insert into V_VEHICLEINFO (ORG_CODE,VEHICLE_ID,ID_NUMBER,TYPE_ID,TERMINAL_ID,DELETE_FLAG,COLOR_ID_NUMBER_ID,AUTHORIZED_PAY_MASS) values ('B0000803','2400067', '测B04066', 4, 240067, 0, '2',15);

insert into T_SIMINFO (SIM_ID, ORG_CODE, DEPTCODE, STATE,PAY_MODLE, SIM_NUM) values(24068, 'B0000803', '中国移动', 1, '预付费', 13100004067);
insert into T_TERMINALINFO (TERMINAL_ID,TTYPE_ID,SIM_ID,TERMINAL_CODE,ORG_CODE,IS_VIDEO_TERMINAL,SP_SERVER_NAME,PROTOCOL_TYPE,CHANNELS,YT_PROTOCOL_TYPE) values(240068, 4, 24068, '1004067', 'B0000803',1,'1076测试服务器','4',8,'0');
insert into V_VEHICLEINFO (ORG_CODE,VEHICLE_ID,ID_NUMBER,TYPE_ID,TERMINAL_ID,DELETE_FLAG,COLOR_ID_NUMBER_ID,AUTHORIZED_PAY_MASS) values ('B0000803','2400068', '测B04067', 4, 240068, 0, '2',15);

insert into T_SIMINFO (SIM_ID, ORG_CODE, DEPTCODE, STATE,PAY_MODLE, SIM_NUM) values(24069, 'B0000803', '中国移动', 1, '预付费', 13100004068);
insert into T_TERMINALINFO (TERMINAL_ID,TTYPE_ID,SIM_ID,TERMINAL_CODE,ORG_CODE,IS_VIDEO_TERMINAL,SP_SERVER_NAME,PROTOCOL_TYPE,CHANNELS,YT_PROTOCOL_TYPE) values(240069, 4, 24069, '1004068', 'B0000803',1,'1076测试服务器','4',8,'0');
insert into V_VEHICLEINFO (ORG_CODE,VEHICLE_ID,ID_NUMBER,TYPE_ID,TERMINAL_ID,DELETE_FLAG,COLOR_ID_NUMBER_ID,AUTHORIZED_PAY_MASS) values ('B0000803','2400069', '测B04068', 4, 240069, 0, '2',15);

insert into T_SIMINFO (SIM_ID, ORG_CODE, DEPTCODE, STATE,PAY_MODLE, SIM_NUM) values(24070, 'B0000803', '中国移动', 1, '预付费', 13100004069);
insert into T_TERMINALINFO (TERMINAL_ID,TTYPE_ID,SIM_ID,TERMINAL_CODE,ORG_CODE,IS_VIDEO_TERMINAL,SP_SERVER_NAME,PROTOCOL_TYPE,CHANNELS,YT_PROTOCOL_TYPE) values(240070, 4, 24070, '1004069', 'B0000803',1,'1076测试服务器','4',8,'0');
insert into V_VEHICLEINFO (ORG_CODE,VEHICLE_ID,ID_NUMBER,TYPE_ID,TERMINAL_ID,DELETE_FLAG,COLOR_ID_NUMBER_ID,AUTHORIZED_PAY_MASS) values ('B0000803','2400070', '测B04069', 4, 240070, 0, '2',15);

insert into T_SIMINFO (SIM_ID, ORG_CODE, DEPTCODE, STATE,PAY_MODLE, SIM_NUM) values(24071, 'B0000803', '中国移动', 1, '预付费', 13100004070);
insert into T_TERMINALINFO (TERMINAL_ID,TTYPE_ID,SIM_ID,TERMINAL_CODE,ORG_CODE,IS_VIDEO_TERMINAL,SP_SERVER_NAME,PROTOCOL_TYPE,CHANNELS,YT_PROTOCOL_TYPE) values(240071, 4, 24071, '1004070', 'B0000803',1,'1076测试服务器','4',8,'0');
insert into V_VEHICLEINFO (ORG_CODE,VEHICLE_ID,ID_NUMBER,TYPE_ID,TERMINAL_ID,DELETE_FLAG,COLOR_ID_NUMBER_ID,AUTHORIZED_PAY_MASS) values ('B0000803','2400071', '测B04070', 4, 240071, 0, '2',15);

insert into T_SIMINFO (SIM_ID, ORG_CODE, DEPTCODE, STATE,PAY_MODLE, SIM_NUM) values(24072, 'B0000803', '中国移动', 1, '预付费', 13100004071);
insert into T_TERMINALINFO (TERMINAL_ID,TTYPE_ID,SIM_ID,TERMINAL_CODE,ORG_CODE,IS_VIDEO_TERMINAL,SP_SERVER_NAME,PROTOCOL_TYPE,CHANNELS,YT_PROTOCOL_TYPE) values(240072, 4, 24072, '1004071', 'B0000803',1,'1076测试服务器','4',8,'0');
insert into V_VEHICLEINFO (ORG_CODE,VEHICLE_ID,ID_NUMBER,TYPE_ID,TERMINAL_ID,DELETE_FLAG,COLOR_ID_NUMBER_ID,AUTHORIZED_PAY_MASS) values ('B0000803','2400072', '测B04071', 4, 240072, 0, '2',15);

insert into T_SIMINFO (SIM_ID, ORG_CODE, DEPTCODE, STATE,PAY_MODLE, SIM_NUM) values(24073, 'B0000803', '中国移动', 1, '预付费', 13100004072);
insert into T_TERMINALINFO (TERMINAL_ID,TTYPE_ID,SIM_ID,TERMINAL_CODE,ORG_CODE,IS_VIDEO_TERMINAL,SP_SERVER_NAME,PROTOCOL_TYPE,CHANNELS,YT_PROTOCOL_TYPE) values(240073, 4, 24073, '1004072', 'B0000803',1,'1076测试服务器','4',8,'0');
insert into V_VEHICLEINFO (ORG_CODE,VEHICLE_ID,ID_NUMBER,TYPE_ID,TERMINAL_ID,DELETE_FLAG,COLOR_ID_NUMBER_ID,AUTHORIZED_PAY_MASS) values ('B0000803','2400073', '测B04072', 4, 240073, 0, '2',15);

insert into T_SIMINFO (SIM_ID, ORG_CODE, DEPTCODE, STATE,PAY_MODLE, SIM_NUM) values(24074, 'B0000803', '中国移动', 1, '预付费', 13100004073);
insert into T_TERMINALINFO (TERMINAL_ID,TTYPE_ID,SIM_ID,TERMINAL_CODE,ORG_CODE,IS_VIDEO_TERMINAL,SP_SERVER_NAME,PROTOCOL_TYPE,CHANNELS,YT_PROTOCOL_TYPE) values(240074, 4, 24074, '1004073', 'B0000803',1,'1076测试服务器','4',8,'0');
insert into V_VEHICLEINFO (ORG_CODE,VEHICLE_ID,ID_NUMBER,TYPE_ID,TERMINAL_ID,DELETE_FLAG,COLOR_ID_NUMBER_ID,AUTHORIZED_PAY_MASS) values ('B0000803','2400074', '测B04073', 4, 240074, 0, '2',15);

insert into T_SIMINFO (SIM_ID, ORG_CODE, DEPTCODE, STATE,PAY_MODLE, SIM_NUM) values(24075, 'B0000803', '中国移动', 1, '预付费', 13100004074);
insert into T_TERMINALINFO (TERMINAL_ID,TTYPE_ID,SIM_ID,TERMINAL_CODE,ORG_CODE,IS_VIDEO_TERMINAL,SP_SERVER_NAME,PROTOCOL_TYPE,CHANNELS,YT_PROTOCOL_TYPE) values(240075, 4, 24075, '1004074', 'B0000803',1,'1076测试服务器','4',8,'0');
insert into V_VEHICLEINFO (ORG_CODE,VEHICLE_ID,ID_NUMBER,TYPE_ID,TERMINAL_ID,DELETE_FLAG,COLOR_ID_NUMBER_ID,AUTHORIZED_PAY_MASS) values ('B0000803','2400075', '测B04074', 4, 240075, 0, '2',15);

insert into T_SIMINFO (SIM_ID, ORG_CODE, DEPTCODE, STATE,PAY_MODLE, SIM_NUM) values(24076, 'B0000803', '中国移动', 1, '预付费', 13100004075);
insert into T_TERMINALINFO (TERMINAL_ID,TTYPE_ID,SIM_ID,TERMINAL_CODE,ORG_CODE,IS_VIDEO_TERMINAL,SP_SERVER_NAME,PROTOCOL_TYPE,CHANNELS,YT_PROTOCOL_TYPE) values(240076, 4, 24076, '1004075', 'B0000803',1,'1076测试服务器','4',8,'0');
insert into V_VEHICLEINFO (ORG_CODE,VEHICLE_ID,ID_NUMBER,TYPE_ID,TERMINAL_ID,DELETE_FLAG,COLOR_ID_NUMBER_ID,AUTHORIZED_PAY_MASS) values ('B0000803','2400076', '测B04075', 4, 240076, 0, '2',15);

insert into T_SIMINFO (SIM_ID, ORG_CODE, DEPTCODE, STATE,PAY_MODLE, SIM_NUM) values(24077, 'B0000803', '中国移动', 1, '预付费', 13100004076);
insert into T_TERMINALINFO (TERMINAL_ID,TTYPE_ID,SIM_ID,TERMINAL_CODE,ORG_CODE,IS_VIDEO_TERMINAL,SP_SERVER_NAME,PROTOCOL_TYPE,CHANNELS,YT_PROTOCOL_TYPE) values(240077, 4, 24077, '1004076', 'B0000803',1,'1076测试服务器','4',8,'0');
insert into V_VEHICLEINFO (ORG_CODE,VEHICLE_ID,ID_NUMBER,TYPE_ID,TERMINAL_ID,DELETE_FLAG,COLOR_ID_NUMBER_ID,AUTHORIZED_PAY_MASS) values ('B0000803','2400077', '测B04076', 4, 240077, 0, '2',15);

insert into T_SIMINFO (SIM_ID, ORG_CODE, DEPTCODE, STATE,PAY_MODLE, SIM_NUM) values(24078, 'B0000803', '中国移动', 1, '预付费', 13100004077);
insert into T_TERMINALINFO (TERMINAL_ID,TTYPE_ID,SIM_ID,TERMINAL_CODE,ORG_CODE,IS_VIDEO_TERMINAL,SP_SERVER_NAME,PROTOCOL_TYPE,CHANNELS,YT_PROTOCOL_TYPE) values(240078, 4, 24078, '1004077', 'B0000803',1,'1076测试服务器','4',8,'0');
insert into V_VEHICLEINFO (ORG_CODE,VEHICLE_ID,ID_NUMBER,TYPE_ID,TERMINAL_ID,DELETE_FLAG,COLOR_ID_NUMBER_ID,AUTHORIZED_PAY_MASS) values ('B0000803','2400078', '测B04077', 4, 240078, 0, '2',15);

insert into T_SIMINFO (SIM_ID, ORG_CODE, DEPTCODE, STATE,PAY_MODLE, SIM_NUM) values(24079, 'B0000803', '中国移动', 1, '预付费', 13100004078);
insert into T_TERMINALINFO (TERMINAL_ID,TTYPE_ID,SIM_ID,TERMINAL_CODE,ORG_CODE,IS_VIDEO_TERMINAL,SP_SERVER_NAME,PROTOCOL_TYPE,CHANNELS,YT_PROTOCOL_TYPE) values(240079, 4, 24079, '1004078', 'B0000803',1,'1076测试服务器','4',8,'0');
insert into V_VEHICLEINFO (ORG_CODE,VEHICLE_ID,ID_NUMBER,TYPE_ID,TERMINAL_ID,DELETE_FLAG,COLOR_ID_NUMBER_ID,AUTHORIZED_PAY_MASS) values ('B0000803','2400079', '测B04078', 4, 240079, 0, '2',15);

insert into T_SIMINFO (SIM_ID, ORG_CODE, DEPTCODE, STATE,PAY_MODLE, SIM_NUM) values(24080, 'B0000803', '中国移动', 1, '预付费', 13100004079);
insert into T_TERMINALINFO (TERMINAL_ID,TTYPE_ID,SIM_ID,TERMINAL_CODE,ORG_CODE,IS_VIDEO_TERMINAL,SP_SERVER_NAME,PROTOCOL_TYPE,CHANNELS,YT_PROTOCOL_TYPE) values(240080, 4, 24080, '1004079', 'B0000803',1,'1076测试服务器','4',8,'0');
insert into V_VEHICLEINFO (ORG_CODE,VEHICLE_ID,ID_NUMBER,TYPE_ID,TERMINAL_ID,DELETE_FLAG,COLOR_ID_NUMBER_ID,AUTHORIZED_PAY_MASS) values ('B0000803','2400080', '测B04079', 4, 240080, 0, '2',15);

insert into T_SIMINFO (SIM_ID, ORG_CODE, DEPTCODE, STATE,PAY_MODLE, SIM_NUM) values(24081, 'B0000803', '中国移动', 1, '预付费', 13100004080);
insert into T_TERMINALINFO (TERMINAL_ID,TTYPE_ID,SIM_ID,TERMINAL_CODE,ORG_CODE,IS_VIDEO_TERMINAL,SP_SERVER_NAME,PROTOCOL_TYPE,CHANNELS,YT_PROTOCOL_TYPE) values(240081, 4, 24081, '1004080', 'B0000803',1,'1076测试服务器','4',8,'0');
insert into V_VEHICLEINFO (ORG_CODE,VEHICLE_ID,ID_NUMBER,TYPE_ID,TERMINAL_ID,DELETE_FLAG,COLOR_ID_NUMBER_ID,AUTHORIZED_PAY_MASS) values ('B0000803','2400081', '测B04080', 4, 240081, 0, '2',15);

insert into T_SIMINFO (SIM_ID, ORG_CODE, DEPTCODE, STATE,PAY_MODLE, SIM_NUM) values(24082, 'B0000803', '中国移动', 1, '预付费', 13100004081);
insert into T_TERMINALINFO (TERMINAL_ID,TTYPE_ID,SIM_ID,TERMINAL_CODE,ORG_CODE,IS_VIDEO_TERMINAL,SP_SERVER_NAME,PROTOCOL_TYPE,CHANNELS,YT_PROTOCOL_TYPE) values(240082, 4, 24082, '1004081', 'B0000803',1,'1076测试服务器','4',8,'0');
insert into V_VEHICLEINFO (ORG_CODE,VEHICLE_ID,ID_NUMBER,TYPE_ID,TERMINAL_ID,DELETE_FLAG,COLOR_ID_NUMBER_ID,AUTHORIZED_PAY_MASS) values ('B0000803','2400082', '测B04081', 4, 240082, 0, '2',15);

insert into T_SIMINFO (SIM_ID, ORG_CODE, DEPTCODE, STATE,PAY_MODLE, SIM_NUM) values(24083, 'B0000803', '中国移动', 1, '预付费', 13100004082);
insert into T_TERMINALINFO (TERMINAL_ID,TTYPE_ID,SIM_ID,TERMINAL_CODE,ORG_CODE,IS_VIDEO_TERMINAL,SP_SERVER_NAME,PROTOCOL_TYPE,CHANNELS,YT_PROTOCOL_TYPE) values(240083, 4, 24083, '1004082', 'B0000803',1,'1076测试服务器','4',8,'0');
insert into V_VEHICLEINFO (ORG_CODE,VEHICLE_ID,ID_NUMBER,TYPE_ID,TERMINAL_ID,DELETE_FLAG,COLOR_ID_NUMBER_ID,AUTHORIZED_PAY_MASS) values ('B0000803','2400083', '测B04082', 4, 240083, 0, '2',15);

insert into T_SIMINFO (SIM_ID, ORG_CODE, DEPTCODE, STATE,PAY_MODLE, SIM_NUM) values(24084, 'B0000803', '中国移动', 1, '预付费', 13100004083);
insert into T_TERMINALINFO (TERMINAL_ID,TTYPE_ID,SIM_ID,TERMINAL_CODE,ORG_CODE,IS_VIDEO_TERMINAL,SP_SERVER_NAME,PROTOCOL_TYPE,CHANNELS,YT_PROTOCOL_TYPE) values(240084, 4, 24084, '1004083', 'B0000803',1,'1076测试服务器','4',8,'0');
insert into V_VEHICLEINFO (ORG_CODE,VEHICLE_ID,ID_NUMBER,TYPE_ID,TERMINAL_ID,DELETE_FLAG,COLOR_ID_NUMBER_ID,AUTHORIZED_PAY_MASS) values ('B0000803','2400084', '测B04083', 4, 240084, 0, '2',15);

insert into T_SIMINFO (SIM_ID, ORG_CODE, DEPTCODE, STATE,PAY_MODLE, SIM_NUM) values(24085, 'B0000803', '中国移动', 1, '预付费', 13100004084);
insert into T_TERMINALINFO (TERMINAL_ID,TTYPE_ID,SIM_ID,TERMINAL_CODE,ORG_CODE,IS_VIDEO_TERMINAL,SP_SERVER_NAME,PROTOCOL_TYPE,CHANNELS,YT_PROTOCOL_TYPE) values(240085, 4, 24085, '1004084', 'B0000803',1,'1076测试服务器','4',8,'0');
insert into V_VEHICLEINFO (ORG_CODE,VEHICLE_ID,ID_NUMBER,TYPE_ID,TERMINAL_ID,DELETE_FLAG,COLOR_ID_NUMBER_ID,AUTHORIZED_PAY_MASS) values ('B0000803','2400085', '测B04084', 4, 240085, 0, '2',15);

insert into T_SIMINFO (SIM_ID, ORG_CODE, DEPTCODE, STATE,PAY_MODLE, SIM_NUM) values(24086, 'B0000803', '中国移动', 1, '预付费', 13100004085);
insert into T_TERMINALINFO (TERMINAL_ID,TTYPE_ID,SIM_ID,TERMINAL_CODE,ORG_CODE,IS_VIDEO_TERMINAL,SP_SERVER_NAME,PROTOCOL_TYPE,CHANNELS,YT_PROTOCOL_TYPE) values(240086, 4, 24086, '1004085', 'B0000803',1,'1076测试服务器','4',8,'0');
insert into V_VEHICLEINFO (ORG_CODE,VEHICLE_ID,ID_NUMBER,TYPE_ID,TERMINAL_ID,DELETE_FLAG,COLOR_ID_NUMBER_ID,AUTHORIZED_PAY_MASS) values ('B0000803','2400086', '测B04085', 4, 240086, 0, '2',15);

insert into T_SIMINFO (SIM_ID, ORG_CODE, DEPTCODE, STATE,PAY_MODLE, SIM_NUM) values(24087, 'B0000803', '中国移动', 1, '预付费', 13100004086);
insert into T_TERMINALINFO (TERMINAL_ID,TTYPE_ID,SIM_ID,TERMINAL_CODE,ORG_CODE,IS_VIDEO_TERMINAL,SP_SERVER_NAME,PROTOCOL_TYPE,CHANNELS,YT_PROTOCOL_TYPE) values(240087, 4, 24087, '1004086', 'B0000803',1,'1076测试服务器','4',8,'0');
insert into V_VEHICLEINFO (ORG_CODE,VEHICLE_ID,ID_NUMBER,TYPE_ID,TERMINAL_ID,DELETE_FLAG,COLOR_ID_NUMBER_ID,AUTHORIZED_PAY_MASS) values ('B0000803','2400087', '测B04086', 4, 240087, 0, '2',15);

insert into T_SIMINFO (SIM_ID, ORG_CODE, DEPTCODE, STATE,PAY_MODLE, SIM_NUM) values(24088, 'B0000803', '中国移动', 1, '预付费', 13100004087);
insert into T_TERMINALINFO (TERMINAL_ID,TTYPE_ID,SIM_ID,TERMINAL_CODE,ORG_CODE,IS_VIDEO_TERMINAL,SP_SERVER_NAME,PROTOCOL_TYPE,CHANNELS,YT_PROTOCOL_TYPE) values(240088, 4, 24088, '1004087', 'B0000803',1,'1076测试服务器','4',8,'0');
insert into V_VEHICLEINFO (ORG_CODE,VEHICLE_ID,ID_NUMBER,TYPE_ID,TERMINAL_ID,DELETE_FLAG,COLOR_ID_NUMBER_ID,AUTHORIZED_PAY_MASS) values ('B0000803','2400088', '测B04087', 4, 240088, 0, '2',15);

insert into T_SIMINFO (SIM_ID, ORG_CODE, DEPTCODE, STATE,PAY_MODLE, SIM_NUM) values(24089, 'B0000803', '中国移动', 1, '预付费', 13100004088);
insert into T_TERMINALINFO (TERMINAL_ID,TTYPE_ID,SIM_ID,TERMINAL_CODE,ORG_CODE,IS_VIDEO_TERMINAL,SP_SERVER_NAME,PROTOCOL_TYPE,CHANNELS,YT_PROTOCOL_TYPE) values(240089, 4, 24089, '1004088', 'B0000803',1,'1076测试服务器','4',8,'0');
insert into V_VEHICLEINFO (ORG_CODE,VEHICLE_ID,ID_NUMBER,TYPE_ID,TERMINAL_ID,DELETE_FLAG,COLOR_ID_NUMBER_ID,AUTHORIZED_PAY_MASS) values ('B0000803','2400089', '测B04088', 4, 240089, 0, '2',15);

insert into T_SIMINFO (SIM_ID, ORG_CODE, DEPTCODE, STATE,PAY_MODLE, SIM_NUM) values(24090, 'B0000803', '中国移动', 1, '预付费', 13100004089);
insert into T_TERMINALINFO (TERMINAL_ID,TTYPE_ID,SIM_ID,TERMINAL_CODE,ORG_CODE,IS_VIDEO_TERMINAL,SP_SERVER_NAME,PROTOCOL_TYPE,CHANNELS,YT_PROTOCOL_TYPE) values(240090, 4, 24090, '1004089', 'B0000803',1,'1076测试服务器','4',8,'0');
insert into V_VEHICLEINFO (ORG_CODE,VEHICLE_ID,ID_NUMBER,TYPE_ID,TERMINAL_ID,DELETE_FLAG,COLOR_ID_NUMBER_ID,AUTHORIZED_PAY_MASS) values ('B0000803','2400090', '测B04089', 4, 240090, 0, '2',15);

insert into T_SIMINFO (SIM_ID, ORG_CODE, DEPTCODE, STATE,PAY_MODLE, SIM_NUM) values(24091, 'B0000803', '中国移动', 1, '预付费', 13100004090);
insert into T_TERMINALINFO (TERMINAL_ID,TTYPE_ID,SIM_ID,TERMINAL_CODE,ORG_CODE,IS_VIDEO_TERMINAL,SP_SERVER_NAME,PROTOCOL_TYPE,CHANNELS,YT_PROTOCOL_TYPE) values(240091, 4, 24091, '1004090', 'B0000803',1,'1076测试服务器','4',8,'0');
insert into V_VEHICLEINFO (ORG_CODE,VEHICLE_ID,ID_NUMBER,TYPE_ID,TERMINAL_ID,DELETE_FLAG,COLOR_ID_NUMBER_ID,AUTHORIZED_PAY_MASS) values ('B0000803','2400091', '测B04090', 4, 240091, 0, '2',15);

insert into T_SIMINFO (SIM_ID, ORG_CODE, DEPTCODE, STATE,PAY_MODLE, SIM_NUM) values(24092, 'B0000803', '中国移动', 1, '预付费', 13100004091);
insert into T_TERMINALINFO (TERMINAL_ID,TTYPE_ID,SIM_ID,TERMINAL_CODE,ORG_CODE,IS_VIDEO_TERMINAL,SP_SERVER_NAME,PROTOCOL_TYPE,CHANNELS,YT_PROTOCOL_TYPE) values(240092, 4, 24092, '1004091', 'B0000803',1,'1076测试服务器','4',8,'0');
insert into V_VEHICLEINFO (ORG_CODE,VEHICLE_ID,ID_NUMBER,TYPE_ID,TERMINAL_ID,DELETE_FLAG,COLOR_ID_NUMBER_ID,AUTHORIZED_PAY_MASS) values ('B0000803','2400092', '测B04091', 4, 240092, 0, '2',15);

insert into T_SIMINFO (SIM_ID, ORG_CODE, DEPTCODE, STATE,PAY_MODLE, SIM_NUM) values(24093, 'B0000803', '中国移动', 1, '预付费', 13100004092);
insert into T_TERMINALINFO (TERMINAL_ID,TTYPE_ID,SIM_ID,TERMINAL_CODE,ORG_CODE,IS_VIDEO_TERMINAL,SP_SERVER_NAME,PROTOCOL_TYPE,CHANNELS,YT_PROTOCOL_TYPE) values(240093, 4, 24093, '1004092', 'B0000803',1,'1076测试服务器','4',8,'0');
insert into V_VEHICLEINFO (ORG_CODE,VEHICLE_ID,ID_NUMBER,TYPE_ID,TERMINAL_ID,DELETE_FLAG,COLOR_ID_NUMBER_ID,AUTHORIZED_PAY_MASS) values ('B0000803','2400093', '测B04092', 4, 240093, 0, '2',15);

insert into T_SIMINFO (SIM_ID, ORG_CODE, DEPTCODE, STATE,PAY_MODLE, SIM_NUM) values(24094, 'B0000803', '中国移动', 1, '预付费', 13100004093);
insert into T_TERMINALINFO (TERMINAL_ID,TTYPE_ID,SIM_ID,TERMINAL_CODE,ORG_CODE,IS_VIDEO_TERMINAL,SP_SERVER_NAME,PROTOCOL_TYPE,CHANNELS,YT_PROTOCOL_TYPE) values(240094, 4, 24094, '1004093', 'B0000803',1,'1076测试服务器','4',8,'0');
insert into V_VEHICLEINFO (ORG_CODE,VEHICLE_ID,ID_NUMBER,TYPE_ID,TERMINAL_ID,DELETE_FLAG,COLOR_ID_NUMBER_ID,AUTHORIZED_PAY_MASS) values ('B0000803','2400094', '测B04093', 4, 240094, 0, '2',15);

insert into T_SIMINFO (SIM_ID, ORG_CODE, DEPTCODE, STATE,PAY_MODLE, SIM_NUM) values(24095, 'B0000803', '中国移动', 1, '预付费', 13100004094);
insert into T_TERMINALINFO (TERMINAL_ID,TTYPE_ID,SIM_ID,TERMINAL_CODE,ORG_CODE,IS_VIDEO_TERMINAL,SP_SERVER_NAME,PROTOCOL_TYPE,CHANNELS,YT_PROTOCOL_TYPE) values(240095, 4, 24095, '1004094', 'B0000803',1,'1076测试服务器','4',8,'0');
insert into V_VEHICLEINFO (ORG_CODE,VEHICLE_ID,ID_NUMBER,TYPE_ID,TERMINAL_ID,DELETE_FLAG,COLOR_ID_NUMBER_ID,AUTHORIZED_PAY_MASS) values ('B0000803','2400095', '测B04094', 4, 240095, 0, '2',15);

insert into T_SIMINFO (SIM_ID, ORG_CODE, DEPTCODE, STATE,PAY_MODLE, SIM_NUM) values(24096, 'B0000803', '中国移动', 1, '预付费', 13100004095);
insert into T_TERMINALINFO (TERMINAL_ID,TTYPE_ID,SIM_ID,TERMINAL_CODE,ORG_CODE,IS_VIDEO_TERMINAL,SP_SERVER_NAME,PROTOCOL_TYPE,CHANNELS,YT_PROTOCOL_TYPE) values(240096, 4, 24096, '1004095', 'B0000803',1,'1076测试服务器','4',8,'0');
insert into V_VEHICLEINFO (ORG_CODE,VEHICLE_ID,ID_NUMBER,TYPE_ID,TERMINAL_ID,DELETE_FLAG,COLOR_ID_NUMBER_ID,AUTHORIZED_PAY_MASS) values ('B0000803','2400096', '测B04095', 4, 240096, 0, '2',15);

insert into T_SIMINFO (SIM_ID, ORG_CODE, DEPTCODE, STATE,PAY_MODLE, SIM_NUM) values(24097, 'B0000803', '中国移动', 1, '预付费', 13100004096);
insert into T_TERMINALINFO (TERMINAL_ID,TTYPE_ID,SIM_ID,TERMINAL_CODE,ORG_CODE,IS_VIDEO_TERMINAL,SP_SERVER_NAME,PROTOCOL_TYPE,CHANNELS,YT_PROTOCOL_TYPE) values(240097, 4, 24097, '1004096', 'B0000803',1,'1076测试服务器','4',8,'0');
insert into V_VEHICLEINFO (ORG_CODE,VEHICLE_ID,ID_NUMBER,TYPE_ID,TERMINAL_ID,DELETE_FLAG,COLOR_ID_NUMBER_ID,AUTHORIZED_PAY_MASS) values ('B0000803','2400097', '测B04096', 4, 240097, 0, '2',15);

insert into T_SIMINFO (SIM_ID, ORG_CODE, DEPTCODE, STATE,PAY_MODLE, SIM_NUM) values(24098, 'B0000803', '中国移动', 1, '预付费', 13100004097);
insert into T_TERMINALINFO (TERMINAL_ID,TTYPE_ID,SIM_ID,TERMINAL_CODE,ORG_CODE,IS_VIDEO_TERMINAL,SP_SERVER_NAME,PROTOCOL_TYPE,CHANNELS,YT_PROTOCOL_TYPE) values(240098, 4, 24098, '1004097', 'B0000803',1,'1076测试服务器','4',8,'0');
insert into V_VEHICLEINFO (ORG_CODE,VEHICLE_ID,ID_NUMBER,TYPE_ID,TERMINAL_ID,DELETE_FLAG,COLOR_ID_NUMBER_ID,AUTHORIZED_PAY_MASS) values ('B0000803','2400098', '测B04097', 4, 240098, 0, '2',15);

insert into T_SIMINFO (SIM_ID, ORG_CODE, DEPTCODE, STATE,PAY_MODLE, SIM_NUM) values(24099, 'B0000803', '中国移动', 1, '预付费', 13100004098);
insert into T_TERMINALINFO (TERMINAL_ID,TTYPE_ID,SIM_ID,TERMINAL_CODE,ORG_CODE,IS_VIDEO_TERMINAL,SP_SERVER_NAME,PROTOCOL_TYPE,CHANNELS,YT_PROTOCOL_TYPE) values(240099, 4, 24099, '1004098', 'B0000803',1,'1076测试服务器','4',8,'0');
insert into V_VEHICLEINFO (ORG_CODE,VEHICLE_ID,ID_NUMBER,TYPE_ID,TERMINAL_ID,DELETE_FLAG,COLOR_ID_NUMBER_ID,AUTHORIZED_PAY_MASS) values ('B0000803','2400099', '测B04098', 4, 240099, 0, '2',15);

insert into T_SIMINFO (SIM_ID, ORG_CODE, DEPTCODE, STATE,PAY_MODLE, SIM_NUM) values(24100, 'B0000803', '中国移动', 1, '预付费', 13100004099);
insert into T_TERMINALINFO (TERMINAL_ID,TTYPE_ID,SIM_ID,TERMINAL_CODE,ORG_CODE,IS_VIDEO_TERMINAL,SP_SERVER_NAME,PROTOCOL_TYPE,CHANNELS,YT_PROTOCOL_TYPE) values(240100, 4, 24100, '1004099', 'B0000803',1,'1076测试服务器','4',8,'0');
insert into V_VEHICLEINFO (ORG_CODE,VEHICLE_ID,ID_NUMBER,TYPE_ID,TERMINAL_ID,DELETE_FLAG,COLOR_ID_NUMBER_ID,AUTHORIZED_PAY_MASS) values ('B0000803','2400100', '测B04099', 4, 240100, 0, '2',15);

insert into T_SIMINFO (SIM_ID, ORG_CODE, DEPTCODE, STATE,PAY_MODLE, SIM_NUM) values(24101, 'B0000803', '中国移动', 1, '预付费', 13100004100);
insert into T_TERMINALINFO (TERMINAL_ID,TTYPE_ID,SIM_ID,TERMINAL_CODE,ORG_CODE,IS_VIDEO_TERMINAL,SP_SERVER_NAME,PROTOCOL_TYPE,CHANNELS,YT_PROTOCOL_TYPE) values(240101, 4, 24101, '1004100', 'B0000803',1,'1076测试服务器','4',8,'0');
insert into V_VEHICLEINFO (ORG_CODE,VEHICLE_ID,ID_NUMBER,TYPE_ID,TERMINAL_ID,DELETE_FLAG,COLOR_ID_NUMBER_ID,AUTHORIZED_PAY_MASS) values ('B0000803','2400101', '测B04100', 4, 240101, 0, '2',15);

insert into T_SIMINFO (SIM_ID, ORG_CODE, DEPTCODE, STATE,PAY_MODLE, SIM_NUM) values(24102, 'B0000803', '中国移动', 1, '预付费', 13100004101);
insert into T_TERMINALINFO (TERMINAL_ID,TTYPE_ID,SIM_ID,TERMINAL_CODE,ORG_CODE,IS_VIDEO_TERMINAL,SP_SERVER_NAME,PROTOCOL_TYPE,CHANNELS,YT_PROTOCOL_TYPE) values(240102, 4, 24102, '1004101', 'B0000803',1,'1076测试服务器','4',8,'0');
insert into V_VEHICLEINFO (ORG_CODE,VEHICLE_ID,ID_NUMBER,TYPE_ID,TERMINAL_ID,DELETE_FLAG,COLOR_ID_NUMBER_ID,AUTHORIZED_PAY_MASS) values ('B0000803','2400102', '测B04101', 4, 240102, 0, '2',15);

insert into T_SIMINFO (SIM_ID, ORG_CODE, DEPTCODE, STATE,PAY_MODLE, SIM_NUM) values(24103, 'B0000803', '中国移动', 1, '预付费', 13100004102);
insert into T_TERMINALINFO (TERMINAL_ID,TTYPE_ID,SIM_ID,TERMINAL_CODE,ORG_CODE,IS_VIDEO_TERMINAL,SP_SERVER_NAME,PROTOCOL_TYPE,CHANNELS,YT_PROTOCOL_TYPE) values(240103, 4, 24103, '1004102', 'B0000803',1,'1076测试服务器','4',8,'0');
insert into V_VEHICLEINFO (ORG_CODE,VEHICLE_ID,ID_NUMBER,TYPE_ID,TERMINAL_ID,DELETE_FLAG,COLOR_ID_NUMBER_ID,AUTHORIZED_PAY_MASS) values ('B0000803','2400103', '测B04102', 4, 240103, 0, '2',15);

insert into T_SIMINFO (SIM_ID, ORG_CODE, DEPTCODE, STATE,PAY_MODLE, SIM_NUM) values(24104, 'B0000803', '中国移动', 1, '预付费', 13100004103);
insert into T_TERMINALINFO (TERMINAL_ID,TTYPE_ID,SIM_ID,TERMINAL_CODE,ORG_CODE,IS_VIDEO_TERMINAL,SP_SERVER_NAME,PROTOCOL_TYPE,CHANNELS,YT_PROTOCOL_TYPE) values(240104, 4, 24104, '1004103', 'B0000803',1,'1076测试服务器','4',8,'0');
insert into V_VEHICLEINFO (ORG_CODE,VEHICLE_ID,ID_NUMBER,TYPE_ID,TERMINAL_ID,DELETE_FLAG,COLOR_ID_NUMBER_ID,AUTHORIZED_PAY_MASS) values ('B0000803','2400104', '测B04103', 4, 240104, 0, '2',15);

insert into T_SIMINFO (SIM_ID, ORG_CODE, DEPTCODE, STATE,PAY_MODLE, SIM_NUM) values(24105, 'B0000803', '中国移动', 1, '预付费', 13100004104);
insert into T_TERMINALINFO (TERMINAL_ID,TTYPE_ID,SIM_ID,TERMINAL_CODE,ORG_CODE,IS_VIDEO_TERMINAL,SP_SERVER_NAME,PROTOCOL_TYPE,CHANNELS,YT_PROTOCOL_TYPE) values(240105, 4, 24105, '1004104', 'B0000803',1,'1076测试服务器','4',8,'0');
insert into V_VEHICLEINFO (ORG_CODE,VEHICLE_ID,ID_NUMBER,TYPE_ID,TERMINAL_ID,DELETE_FLAG,COLOR_ID_NUMBER_ID,AUTHORIZED_PAY_MASS) values ('B0000803','2400105', '测B04104', 4, 240105, 0, '2',15);

insert into T_SIMINFO (SIM_ID, ORG_CODE, DEPTCODE, STATE,PAY_MODLE, SIM_NUM) values(24106, 'B0000803', '中国移动', 1, '预付费', 13100004105);
insert into T_TERMINALINFO (TERMINAL_ID,TTYPE_ID,SIM_ID,TERMINAL_CODE,ORG_CODE,IS_VIDEO_TERMINAL,SP_SERVER_NAME,PROTOCOL_TYPE,CHANNELS,YT_PROTOCOL_TYPE) values(240106, 4, 24106, '1004105', 'B0000803',1,'1076测试服务器','4',8,'0');
insert into V_VEHICLEINFO (ORG_CODE,VEHICLE_ID,ID_NUMBER,TYPE_ID,TERMINAL_ID,DELETE_FLAG,COLOR_ID_NUMBER_ID,AUTHORIZED_PAY_MASS) values ('B0000803','2400106', '测B04105', 4, 240106, 0, '2',15);

insert into T_SIMINFO (SIM_ID, ORG_CODE, DEPTCODE, STATE,PAY_MODLE, SIM_NUM) values(24107, 'B0000803', '中国移动', 1, '预付费', 13100004106);
insert into T_TERMINALINFO (TERMINAL_ID,TTYPE_ID,SIM_ID,TERMINAL_CODE,ORG_CODE,IS_VIDEO_TERMINAL,SP_SERVER_NAME,PROTOCOL_TYPE,CHANNELS,YT_PROTOCOL_TYPE) values(240107, 4, 24107, '1004106', 'B0000803',1,'1076测试服务器','4',8,'0');
insert into V_VEHICLEINFO (ORG_CODE,VEHICLE_ID,ID_NUMBER,TYPE_ID,TERMINAL_ID,DELETE_FLAG,COLOR_ID_NUMBER_ID,AUTHORIZED_PAY_MASS) values ('B0000803','2400107', '测B04106', 4, 240107, 0, '2',15);

insert into T_SIMINFO (SIM_ID, ORG_CODE, DEPTCODE, STATE,PAY_MODLE, SIM_NUM) values(24108, 'B0000803', '中国移动', 1, '预付费', 13100004107);
insert into T_TERMINALINFO (TERMINAL_ID,TTYPE_ID,SIM_ID,TERMINAL_CODE,ORG_CODE,IS_VIDEO_TERMINAL,SP_SERVER_NAME,PROTOCOL_TYPE,CHANNELS,YT_PROTOCOL_TYPE) values(240108, 4, 24108, '1004107', 'B0000803',1,'1076测试服务器','4',8,'0');
insert into V_VEHICLEINFO (ORG_CODE,VEHICLE_ID,ID_NUMBER,TYPE_ID,TERMINAL_ID,DELETE_FLAG,COLOR_ID_NUMBER_ID,AUTHORIZED_PAY_MASS) values ('B0000803','2400108', '测B04107', 4, 240108, 0, '2',15);

insert into T_SIMINFO (SIM_ID, ORG_CODE, DEPTCODE, STATE,PAY_MODLE, SIM_NUM) values(24109, 'B0000803', '中国移动', 1, '预付费', 13100004108);
insert into T_TERMINALINFO (TERMINAL_ID,TTYPE_ID,SIM_ID,TERMINAL_CODE,ORG_CODE,IS_VIDEO_TERMINAL,SP_SERVER_NAME,PROTOCOL_TYPE,CHANNELS,YT_PROTOCOL_TYPE) values(240109, 4, 24109, '1004108', 'B0000803',1,'1076测试服务器','4',8,'0');
insert into V_VEHICLEINFO (ORG_CODE,VEHICLE_ID,ID_NUMBER,TYPE_ID,TERMINAL_ID,DELETE_FLAG,COLOR_ID_NUMBER_ID,AUTHORIZED_PAY_MASS) values ('B0000803','2400109', '测B04108', 4, 240109, 0, '2',15);

insert into T_SIMINFO (SIM_ID, ORG_CODE, DEPTCODE, STATE,PAY_MODLE, SIM_NUM) values(24110, 'B0000803', '中国移动', 1, '预付费', 13100004109);
insert into T_TERMINALINFO (TERMINAL_ID,TTYPE_ID,SIM_ID,TERMINAL_CODE,ORG_CODE,IS_VIDEO_TERMINAL,SP_SERVER_NAME,PROTOCOL_TYPE,CHANNELS,YT_PROTOCOL_TYPE) values(240110, 4, 24110, '1004109', 'B0000803',1,'1076测试服务器','4',8,'0');
insert into V_VEHICLEINFO (ORG_CODE,VEHICLE_ID,ID_NUMBER,TYPE_ID,TERMINAL_ID,DELETE_FLAG,COLOR_ID_NUMBER_ID,AUTHORIZED_PAY_MASS) values ('B0000803','2400110', '测B04109', 4, 240110, 0, '2',15);

insert into T_SIMINFO (SIM_ID, ORG_CODE, DEPTCODE, STATE,PAY_MODLE, SIM_NUM) values(24111, 'B0000803', '中国移动', 1, '预付费', 13100004110);
insert into T_TERMINALINFO (TERMINAL_ID,TTYPE_ID,SIM_ID,TERMINAL_CODE,ORG_CODE,IS_VIDEO_TERMINAL,SP_SERVER_NAME,PROTOCOL_TYPE,CHANNELS,YT_PROTOCOL_TYPE) values(240111, 4, 24111, '1004110', 'B0000803',1,'1076测试服务器','4',8,'0');
insert into V_VEHICLEINFO (ORG_CODE,VEHICLE_ID,ID_NUMBER,TYPE_ID,TERMINAL_ID,DELETE_FLAG,COLOR_ID_NUMBER_ID,AUTHORIZED_PAY_MASS) values ('B0000803','2400111', '测B04110', 4, 240111, 0, '2',15);

insert into T_SIMINFO (SIM_ID, ORG_CODE, DEPTCODE, STATE,PAY_MODLE, SIM_NUM) values(24112, 'B0000803', '中国移动', 1, '预付费', 13100004111);
insert into T_TERMINALINFO (TERMINAL_ID,TTYPE_ID,SIM_ID,TERMINAL_CODE,ORG_CODE,IS_VIDEO_TERMINAL,SP_SERVER_NAME,PROTOCOL_TYPE,CHANNELS,YT_PROTOCOL_TYPE) values(240112, 4, 24112, '1004111', 'B0000803',1,'1076测试服务器','4',8,'0');
insert into V_VEHICLEINFO (ORG_CODE,VEHICLE_ID,ID_NUMBER,TYPE_ID,TERMINAL_ID,DELETE_FLAG,COLOR_ID_NUMBER_ID,AUTHORIZED_PAY_MASS) values ('B0000803','2400112', '测B04111', 4, 240112, 0, '2',15);

insert into T_SIMINFO (SIM_ID, ORG_CODE, DEPTCODE, STATE,PAY_MODLE, SIM_NUM) values(24113, 'B0000803', '中国移动', 1, '预付费', 13100004112);
insert into T_TERMINALINFO (TERMINAL_ID,TTYPE_ID,SIM_ID,TERMINAL_CODE,ORG_CODE,IS_VIDEO_TERMINAL,SP_SERVER_NAME,PROTOCOL_TYPE,CHANNELS,YT_PROTOCOL_TYPE) values(240113, 4, 24113, '1004112', 'B0000803',1,'1076测试服务器','4',8,'0');
insert into V_VEHICLEINFO (ORG_CODE,VEHICLE_ID,ID_NUMBER,TYPE_ID,TERMINAL_ID,DELETE_FLAG,COLOR_ID_NUMBER_ID,AUTHORIZED_PAY_MASS) values ('B0000803','2400113', '测B04112', 4, 240113, 0, '2',15);

insert into T_SIMINFO (SIM_ID, ORG_CODE, DEPTCODE, STATE,PAY_MODLE, SIM_NUM) values(24114, 'B0000803', '中国移动', 1, '预付费', 13100004113);
insert into T_TERMINALINFO (TERMINAL_ID,TTYPE_ID,SIM_ID,TERMINAL_CODE,ORG_CODE,IS_VIDEO_TERMINAL,SP_SERVER_NAME,PROTOCOL_TYPE,CHANNELS,YT_PROTOCOL_TYPE) values(240114, 4, 24114, '1004113', 'B0000803',1,'1076测试服务器','4',8,'0');
insert into V_VEHICLEINFO (ORG_CODE,VEHICLE_ID,ID_NUMBER,TYPE_ID,TERMINAL_ID,DELETE_FLAG,COLOR_ID_NUMBER_ID,AUTHORIZED_PAY_MASS) values ('B0000803','2400114', '测B04113', 4, 240114, 0, '2',15);

insert into T_SIMINFO (SIM_ID, ORG_CODE, DEPTCODE, STATE,PAY_MODLE, SIM_NUM) values(24115, 'B0000803', '中国移动', 1, '预付费', 13100004114);
insert into T_TERMINALINFO (TERMINAL_ID,TTYPE_ID,SIM_ID,TERMINAL_CODE,ORG_CODE,IS_VIDEO_TERMINAL,SP_SERVER_NAME,PROTOCOL_TYPE,CHANNELS,YT_PROTOCOL_TYPE) values(240115, 4, 24115, '1004114', 'B0000803',1,'1076测试服务器','4',8,'0');
insert into V_VEHICLEINFO (ORG_CODE,VEHICLE_ID,ID_NUMBER,TYPE_ID,TERMINAL_ID,DELETE_FLAG,COLOR_ID_NUMBER_ID,AUTHORIZED_PAY_MASS) values ('B0000803','2400115', '测B04114', 4, 240115, 0, '2',15);

insert into T_SIMINFO (SIM_ID, ORG_CODE, DEPTCODE, STATE,PAY_MODLE, SIM_NUM) values(24116, 'B0000803', '中国移动', 1, '预付费', 13100004115);
insert into T_TERMINALINFO (TERMINAL_ID,TTYPE_ID,SIM_ID,TERMINAL_CODE,ORG_CODE,IS_VIDEO_TERMINAL,SP_SERVER_NAME,PROTOCOL_TYPE,CHANNELS,YT_PROTOCOL_TYPE) values(240116, 4, 24116, '1004115', 'B0000803',1,'1076测试服务器','4',8,'0');
insert into V_VEHICLEINFO (ORG_CODE,VEHICLE_ID,ID_NUMBER,TYPE_ID,TERMINAL_ID,DELETE_FLAG,COLOR_ID_NUMBER_ID,AUTHORIZED_PAY_MASS) values ('B0000803','2400116', '测B04115', 4, 240116, 0, '2',15);

insert into T_SIMINFO (SIM_ID, ORG_CODE, DEPTCODE, STATE,PAY_MODLE, SIM_NUM) values(24117, 'B0000803', '中国移动', 1, '预付费', 13100004116);
insert into T_TERMINALINFO (TERMINAL_ID,TTYPE_ID,SIM_ID,TERMINAL_CODE,ORG_CODE,IS_VIDEO_TERMINAL,SP_SERVER_NAME,PROTOCOL_TYPE,CHANNELS,YT_PROTOCOL_TYPE) values(240117, 4, 24117, '1004116', 'B0000803',1,'1076测试服务器','4',8,'0');
insert into V_VEHICLEINFO (ORG_CODE,VEHICLE_ID,ID_NUMBER,TYPE_ID,TERMINAL_ID,DELETE_FLAG,COLOR_ID_NUMBER_ID,AUTHORIZED_PAY_MASS) values ('B0000803','2400117', '测B04116', 4, 240117, 0, '2',15);

insert into T_SIMINFO (SIM_ID, ORG_CODE, DEPTCODE, STATE,PAY_MODLE, SIM_NUM) values(24118, 'B0000803', '中国移动', 1, '预付费', 13100004117);
insert into T_TERMINALINFO (TERMINAL_ID,TTYPE_ID,SIM_ID,TERMINAL_CODE,ORG_CODE,IS_VIDEO_TERMINAL,SP_SERVER_NAME,PROTOCOL_TYPE,CHANNELS,YT_PROTOCOL_TYPE) values(240118, 4, 24118, '1004117', 'B0000803',1,'1076测试服务器','4',8,'0');
insert into V_VEHICLEINFO (ORG_CODE,VEHICLE_ID,ID_NUMBER,TYPE_ID,TERMINAL_ID,DELETE_FLAG,COLOR_ID_NUMBER_ID,AUTHORIZED_PAY_MASS) values ('B0000803','2400118', '测B04117', 4, 240118, 0, '2',15);

insert into T_SIMINFO (SIM_ID, ORG_CODE, DEPTCODE, STATE,PAY_MODLE, SIM_NUM) values(24119, 'B0000803', '中国移动', 1, '预付费', 13100004118);
insert into T_TERMINALINFO (TERMINAL_ID,TTYPE_ID,SIM_ID,TERMINAL_CODE,ORG_CODE,IS_VIDEO_TERMINAL,SP_SERVER_NAME,PROTOCOL_TYPE,CHANNELS,YT_PROTOCOL_TYPE) values(240119, 4, 24119, '1004118', 'B0000803',1,'1076测试服务器','4',8,'0');
insert into V_VEHICLEINFO (ORG_CODE,VEHICLE_ID,ID_NUMBER,TYPE_ID,TERMINAL_ID,DELETE_FLAG,COLOR_ID_NUMBER_ID,AUTHORIZED_PAY_MASS) values ('B0000803','2400119', '测B04118', 4, 240119, 0, '2',15);

insert into T_SIMINFO (SIM_ID, ORG_CODE, DEPTCODE, STATE,PAY_MODLE, SIM_NUM) values(24120, 'B0000803', '中国移动', 1, '预付费', 13100004119);
insert into T_TERMINALINFO (TERMINAL_ID,TTYPE_ID,SIM_ID,TERMINAL_CODE,ORG_CODE,IS_VIDEO_TERMINAL,SP_SERVER_NAME,PROTOCOL_TYPE,CHANNELS,YT_PROTOCOL_TYPE) values(240120, 4, 24120, '1004119', 'B0000803',1,'1076测试服务器','4',8,'0');
insert into V_VEHICLEINFO (ORG_CODE,VEHICLE_ID,ID_NUMBER,TYPE_ID,TERMINAL_ID,DELETE_FLAG,COLOR_ID_NUMBER_ID,AUTHORIZED_PAY_MASS) values ('B0000803','2400120', '测B04119', 4, 240120, 0, '2',15);

insert into T_SIMINFO (SIM_ID, ORG_CODE, DEPTCODE, STATE,PAY_MODLE, SIM_NUM) values(24121, 'B0000803', '中国移动', 1, '预付费', 13100004120);
insert into T_TERMINALINFO (TERMINAL_ID,TTYPE_ID,SIM_ID,TERMINAL_CODE,ORG_CODE,IS_VIDEO_TERMINAL,SP_SERVER_NAME,PROTOCOL_TYPE,CHANNELS,YT_PROTOCOL_TYPE) values(240121, 4, 24121, '1004120', 'B0000803',1,'1076测试服务器','4',8,'0');
insert into V_VEHICLEINFO (ORG_CODE,VEHICLE_ID,ID_NUMBER,TYPE_ID,TERMINAL_ID,DELETE_FLAG,COLOR_ID_NUMBER_ID,AUTHORIZED_PAY_MASS) values ('B0000803','2400121', '测B04120', 4, 240121, 0, '2',15);

insert into T_SIMINFO (SIM_ID, ORG_CODE, DEPTCODE, STATE,PAY_MODLE, SIM_NUM) values(24122, 'B0000803', '中国移动', 1, '预付费', 13100004121);
insert into T_TERMINALINFO (TERMINAL_ID,TTYPE_ID,SIM_ID,TERMINAL_CODE,ORG_CODE,IS_VIDEO_TERMINAL,SP_SERVER_NAME,PROTOCOL_TYPE,CHANNELS,YT_PROTOCOL_TYPE) values(240122, 4, 24122, '1004121', 'B0000803',1,'1076测试服务器','4',8,'0');
insert into V_VEHICLEINFO (ORG_CODE,VEHICLE_ID,ID_NUMBER,TYPE_ID,TERMINAL_ID,DELETE_FLAG,COLOR_ID_NUMBER_ID,AUTHORIZED_PAY_MASS) values ('B0000803','2400122', '测B04121', 4, 240122, 0, '2',15);

insert into T_SIMINFO (SIM_ID, ORG_CODE, DEPTCODE, STATE,PAY_MODLE, SIM_NUM) values(24123, 'B0000803', '中国移动', 1, '预付费', 13100004122);
insert into T_TERMINALINFO (TERMINAL_ID,TTYPE_ID,SIM_ID,TERMINAL_CODE,ORG_CODE,IS_VIDEO_TERMINAL,SP_SERVER_NAME,PROTOCOL_TYPE,CHANNELS,YT_PROTOCOL_TYPE) values(240123, 4, 24123, '1004122', 'B0000803',1,'1076测试服务器','4',8,'0');
insert into V_VEHICLEINFO (ORG_CODE,VEHICLE_ID,ID_NUMBER,TYPE_ID,TERMINAL_ID,DELETE_FLAG,COLOR_ID_NUMBER_ID,AUTHORIZED_PAY_MASS) values ('B0000803','2400123', '测B04122', 4, 240123, 0, '2',15);

insert into T_SIMINFO (SIM_ID, ORG_CODE, DEPTCODE, STATE,PAY_MODLE, SIM_NUM) values(24124, 'B0000803', '中国移动', 1, '预付费', 13100004123);
insert into T_TERMINALINFO (TERMINAL_ID,TTYPE_ID,SIM_ID,TERMINAL_CODE,ORG_CODE,IS_VIDEO_TERMINAL,SP_SERVER_NAME,PROTOCOL_TYPE,CHANNELS,YT_PROTOCOL_TYPE) values(240124, 4, 24124, '1004123', 'B0000803',1,'1076测试服务器','4',8,'0');
insert into V_VEHICLEINFO (ORG_CODE,VEHICLE_ID,ID_NUMBER,TYPE_ID,TERMINAL_ID,DELETE_FLAG,COLOR_ID_NUMBER_ID,AUTHORIZED_PAY_MASS) values ('B0000803','2400124', '测B04123', 4, 240124, 0, '2',15);

insert into T_SIMINFO (SIM_ID, ORG_CODE, DEPTCODE, STATE,PAY_MODLE, SIM_NUM) values(24125, 'B0000803', '中国移动', 1, '预付费', 13100004124);
insert into T_TERMINALINFO (TERMINAL_ID,TTYPE_ID,SIM_ID,TERMINAL_CODE,ORG_CODE,IS_VIDEO_TERMINAL,SP_SERVER_NAME,PROTOCOL_TYPE,CHANNELS,YT_PROTOCOL_TYPE) values(240125, 4, 24125, '1004124', 'B0000803',1,'1076测试服务器','4',8,'0');
insert into V_VEHICLEINFO (ORG_CODE,VEHICLE_ID,ID_NUMBER,TYPE_ID,TERMINAL_ID,DELETE_FLAG,COLOR_ID_NUMBER_ID,AUTHORIZED_PAY_MASS) values ('B0000803','2400125', '测B04124', 4, 240125, 0, '2',15);

insert into T_SIMINFO (SIM_ID, ORG_CODE, DEPTCODE, STATE,PAY_MODLE, SIM_NUM) values(24126, 'B0000803', '中国移动', 1, '预付费', 13100004125);
insert into T_TERMINALINFO (TERMINAL_ID,TTYPE_ID,SIM_ID,TERMINAL_CODE,ORG_CODE,IS_VIDEO_TERMINAL,SP_SERVER_NAME,PROTOCOL_TYPE,CHANNELS,YT_PROTOCOL_TYPE) values(240126, 4, 24126, '1004125', 'B0000803',1,'1076测试服务器','4',8,'0');
insert into V_VEHICLEINFO (ORG_CODE,VEHICLE_ID,ID_NUMBER,TYPE_ID,TERMINAL_ID,DELETE_FLAG,COLOR_ID_NUMBER_ID,AUTHORIZED_PAY_MASS) values ('B0000803','2400126', '测B04125', 4, 240126, 0, '2',15);

insert into T_SIMINFO (SIM_ID, ORG_CODE, DEPTCODE, STATE,PAY_MODLE, SIM_NUM) values(24127, 'B0000803', '中国移动', 1, '预付费', 13100004126);
insert into T_TERMINALINFO (TERMINAL_ID,TTYPE_ID,SIM_ID,TERMINAL_CODE,ORG_CODE,IS_VIDEO_TERMINAL,SP_SERVER_NAME,PROTOCOL_TYPE,CHANNELS,YT_PROTOCOL_TYPE) values(240127, 4, 24127, '1004126', 'B0000803',1,'1076测试服务器','4',8,'0');
insert into V_VEHICLEINFO (ORG_CODE,VEHICLE_ID,ID_NUMBER,TYPE_ID,TERMINAL_ID,DELETE_FLAG,COLOR_ID_NUMBER_ID,AUTHORIZED_PAY_MASS) values ('B0000803','2400127', '测B04126', 4, 240127, 0, '2',15);

insert into T_SIMINFO (SIM_ID, ORG_CODE, DEPTCODE, STATE,PAY_MODLE, SIM_NUM) values(24128, 'B0000803', '中国移动', 1, '预付费', 13100004127);
insert into T_TERMINALINFO (TERMINAL_ID,TTYPE_ID,SIM_ID,TERMINAL_CODE,ORG_CODE,IS_VIDEO_TERMINAL,SP_SERVER_NAME,PROTOCOL_TYPE,CHANNELS,YT_PROTOCOL_TYPE) values(240128, 4, 24128, '1004127', 'B0000803',1,'1076测试服务器','4',8,'0');
insert into V_VEHICLEINFO (ORG_CODE,VEHICLE_ID,ID_NUMBER,TYPE_ID,TERMINAL_ID,DELETE_FLAG,COLOR_ID_NUMBER_ID,AUTHORIZED_PAY_MASS) values ('B0000803','2400128', '测B04127', 4, 240128, 0, '2',15);

insert into T_SIMINFO (SIM_ID, ORG_CODE, DEPTCODE, STATE,PAY_MODLE, SIM_NUM) values(24129, 'B0000803', '中国移动', 1, '预付费', 13100004128);
insert into T_TERMINALINFO (TERMINAL_ID,TTYPE_ID,SIM_ID,TERMINAL_CODE,ORG_CODE,IS_VIDEO_TERMINAL,SP_SERVER_NAME,PROTOCOL_TYPE,CHANNELS,YT_PROTOCOL_TYPE) values(240129, 4, 24129, '1004128', 'B0000803',1,'1076测试服务器','4',8,'0');
insert into V_VEHICLEINFO (ORG_CODE,VEHICLE_ID,ID_NUMBER,TYPE_ID,TERMINAL_ID,DELETE_FLAG,COLOR_ID_NUMBER_ID,AUTHORIZED_PAY_MASS) values ('B0000803','2400129', '测B04128', 4, 240129, 0, '2',15);

insert into T_SIMINFO (SIM_ID, ORG_CODE, DEPTCODE, STATE,PAY_MODLE, SIM_NUM) values(24130, 'B0000803', '中国移动', 1, '预付费', 13100004129);
insert into T_TERMINALINFO (TERMINAL_ID,TTYPE_ID,SIM_ID,TERMINAL_CODE,ORG_CODE,IS_VIDEO_TERMINAL,SP_SERVER_NAME,PROTOCOL_TYPE,CHANNELS,YT_PROTOCOL_TYPE) values(240130, 4, 24130, '1004129', 'B0000803',1,'1076测试服务器','4',8,'0');
insert into V_VEHICLEINFO (ORG_CODE,VEHICLE_ID,ID_NUMBER,TYPE_ID,TERMINAL_ID,DELETE_FLAG,COLOR_ID_NUMBER_ID,AUTHORIZED_PAY_MASS) values ('B0000803','2400130', '测B04129', 4, 240130, 0, '2',15);

insert into T_SIMINFO (SIM_ID, ORG_CODE, DEPTCODE, STATE,PAY_MODLE, SIM_NUM) values(24131, 'B0000803', '中国移动', 1, '预付费', 13100004130);
insert into T_TERMINALINFO (TERMINAL_ID,TTYPE_ID,SIM_ID,TERMINAL_CODE,ORG_CODE,IS_VIDEO_TERMINAL,SP_SERVER_NAME,PROTOCOL_TYPE,CHANNELS,YT_PROTOCOL_TYPE) values(240131, 4, 24131, '1004130', 'B0000803',1,'1076测试服务器','4',8,'0');
insert into V_VEHICLEINFO (ORG_CODE,VEHICLE_ID,ID_NUMBER,TYPE_ID,TERMINAL_ID,DELETE_FLAG,COLOR_ID_NUMBER_ID,AUTHORIZED_PAY_MASS) values ('B0000803','2400131', '测B04130', 4, 240131, 0, '2',15);

insert into T_SIMINFO (SIM_ID, ORG_CODE, DEPTCODE, STATE,PAY_MODLE, SIM_NUM) values(24132, 'B0000803', '中国移动', 1, '预付费', 13100004131);
insert into T_TERMINALINFO (TERMINAL_ID,TTYPE_ID,SIM_ID,TERMINAL_CODE,ORG_CODE,IS_VIDEO_TERMINAL,SP_SERVER_NAME,PROTOCOL_TYPE,CHANNELS,YT_PROTOCOL_TYPE) values(240132, 4, 24132, '1004131', 'B0000803',1,'1076测试服务器','4',8,'0');
insert into V_VEHICLEINFO (ORG_CODE,VEHICLE_ID,ID_NUMBER,TYPE_ID,TERMINAL_ID,DELETE_FLAG,COLOR_ID_NUMBER_ID,AUTHORIZED_PAY_MASS) values ('B0000803','2400132', '测B04131', 4, 240132, 0, '2',15);

insert into T_SIMINFO (SIM_ID, ORG_CODE, DEPTCODE, STATE,PAY_MODLE, SIM_NUM) values(24133, 'B0000803', '中国移动', 1, '预付费', 13100004132);
insert into T_TERMINALINFO (TERMINAL_ID,TTYPE_ID,SIM_ID,TERMINAL_CODE,ORG_CODE,IS_VIDEO_TERMINAL,SP_SERVER_NAME,PROTOCOL_TYPE,CHANNELS,YT_PROTOCOL_TYPE) values(240133, 4, 24133, '1004132', 'B0000803',1,'1076测试服务器','4',8,'0');
insert into V_VEHICLEINFO (ORG_CODE,VEHICLE_ID,ID_NUMBER,TYPE_ID,TERMINAL_ID,DELETE_FLAG,COLOR_ID_NUMBER_ID,AUTHORIZED_PAY_MASS) values ('B0000803','2400133', '测B04132', 4, 240133, 0, '2',15);

insert into T_SIMINFO (SIM_ID, ORG_CODE, DEPTCODE, STATE,PAY_MODLE, SIM_NUM) values(24134, 'B0000803', '中国移动', 1, '预付费', 13100004133);
insert into T_TERMINALINFO (TERMINAL_ID,TTYPE_ID,SIM_ID,TERMINAL_CODE,ORG_CODE,IS_VIDEO_TERMINAL,SP_SERVER_NAME,PROTOCOL_TYPE,CHANNELS,YT_PROTOCOL_TYPE) values(240134, 4, 24134, '1004133', 'B0000803',1,'1076测试服务器','4',8,'0');
insert into V_VEHICLEINFO (ORG_CODE,VEHICLE_ID,ID_NUMBER,TYPE_ID,TERMINAL_ID,DELETE_FLAG,COLOR_ID_NUMBER_ID,AUTHORIZED_PAY_MASS) values ('B0000803','2400134', '测B04133', 4, 240134, 0, '2',15);

insert into T_SIMINFO (SIM_ID, ORG_CODE, DEPTCODE, STATE,PAY_MODLE, SIM_NUM) values(24135, 'B0000803', '中国移动', 1, '预付费', 13100004134);
insert into T_TERMINALINFO (TERMINAL_ID,TTYPE_ID,SIM_ID,TERMINAL_CODE,ORG_CODE,IS_VIDEO_TERMINAL,SP_SERVER_NAME,PROTOCOL_TYPE,CHANNELS,YT_PROTOCOL_TYPE) values(240135, 4, 24135, '1004134', 'B0000803',1,'1076测试服务器','4',8,'0');
insert into V_VEHICLEINFO (ORG_CODE,VEHICLE_ID,ID_NUMBER,TYPE_ID,TERMINAL_ID,DELETE_FLAG,COLOR_ID_NUMBER_ID,AUTHORIZED_PAY_MASS) values ('B0000803','2400135', '测B04134', 4, 240135, 0, '2',15);

insert into T_SIMINFO (SIM_ID, ORG_CODE, DEPTCODE, STATE,PAY_MODLE, SIM_NUM) values(24136, 'B0000803', '中国移动', 1, '预付费', 13100004135);
insert into T_TERMINALINFO (TERMINAL_ID,TTYPE_ID,SIM_ID,TERMINAL_CODE,ORG_CODE,IS_VIDEO_TERMINAL,SP_SERVER_NAME,PROTOCOL_TYPE,CHANNELS,YT_PROTOCOL_TYPE) values(240136, 4, 24136, '1004135', 'B0000803',1,'1076测试服务器','4',8,'0');
insert into V_VEHICLEINFO (ORG_CODE,VEHICLE_ID,ID_NUMBER,TYPE_ID,TERMINAL_ID,DELETE_FLAG,COLOR_ID_NUMBER_ID,AUTHORIZED_PAY_MASS) values ('B0000803','2400136', '测B04135', 4, 240136, 0, '2',15);

insert into T_SIMINFO (SIM_ID, ORG_CODE, DEPTCODE, STATE,PAY_MODLE, SIM_NUM) values(24137, 'B0000803', '中国移动', 1, '预付费', 13100004136);
insert into T_TERMINALINFO (TERMINAL_ID,TTYPE_ID,SIM_ID,TERMINAL_CODE,ORG_CODE,IS_VIDEO_TERMINAL,SP_SERVER_NAME,PROTOCOL_TYPE,CHANNELS,YT_PROTOCOL_TYPE) values(240137, 4, 24137, '1004136', 'B0000803',1,'1076测试服务器','4',8,'0');
insert into V_VEHICLEINFO (ORG_CODE,VEHICLE_ID,ID_NUMBER,TYPE_ID,TERMINAL_ID,DELETE_FLAG,COLOR_ID_NUMBER_ID,AUTHORIZED_PAY_MASS) values ('B0000803','2400137', '测B04136', 4, 240137, 0, '2',15);

insert into T_SIMINFO (SIM_ID, ORG_CODE, DEPTCODE, STATE,PAY_MODLE, SIM_NUM) values(24138, 'B0000803', '中国移动', 1, '预付费', 13100004137);
insert into T_TERMINALINFO (TERMINAL_ID,TTYPE_ID,SIM_ID,TERMINAL_CODE,ORG_CODE,IS_VIDEO_TERMINAL,SP_SERVER_NAME,PROTOCOL_TYPE,CHANNELS,YT_PROTOCOL_TYPE) values(240138, 4, 24138, '1004137', 'B0000803',1,'1076测试服务器','4',8,'0');
insert into V_VEHICLEINFO (ORG_CODE,VEHICLE_ID,ID_NUMBER,TYPE_ID,TERMINAL_ID,DELETE_FLAG,COLOR_ID_NUMBER_ID,AUTHORIZED_PAY_MASS) values ('B0000803','2400138', '测B04137', 4, 240138, 0, '2',15);

insert into T_SIMINFO (SIM_ID, ORG_CODE, DEPTCODE, STATE,PAY_MODLE, SIM_NUM) values(24139, 'B0000803', '中国移动', 1, '预付费', 13100004138);
insert into T_TERMINALINFO (TERMINAL_ID,TTYPE_ID,SIM_ID,TERMINAL_CODE,ORG_CODE,IS_VIDEO_TERMINAL,SP_SERVER_NAME,PROTOCOL_TYPE,CHANNELS,YT_PROTOCOL_TYPE) values(240139, 4, 24139, '1004138', 'B0000803',1,'1076测试服务器','4',8,'0');
insert into V_VEHICLEINFO (ORG_CODE,VEHICLE_ID,ID_NUMBER,TYPE_ID,TERMINAL_ID,DELETE_FLAG,COLOR_ID_NUMBER_ID,AUTHORIZED_PAY_MASS) values ('B0000803','2400139', '测B04138', 4, 240139, 0, '2',15);

insert into T_SIMINFO (SIM_ID, ORG_CODE, DEPTCODE, STATE,PAY_MODLE, SIM_NUM) values(24140, 'B0000803', '中国移动', 1, '预付费', 13100004139);
insert into T_TERMINALINFO (TERMINAL_ID,TTYPE_ID,SIM_ID,TERMINAL_CODE,ORG_CODE,IS_VIDEO_TERMINAL,SP_SERVER_NAME,PROTOCOL_TYPE,CHANNELS,YT_PROTOCOL_TYPE) values(240140, 4, 24140, '1004139', 'B0000803',1,'1076测试服务器','4',8,'0');
insert into V_VEHICLEINFO (ORG_CODE,VEHICLE_ID,ID_NUMBER,TYPE_ID,TERMINAL_ID,DELETE_FLAG,COLOR_ID_NUMBER_ID,AUTHORIZED_PAY_MASS) values ('B0000803','2400140', '测B04139', 4, 240140, 0, '2',15);

insert into T_SIMINFO (SIM_ID, ORG_CODE, DEPTCODE, STATE,PAY_MODLE, SIM_NUM) values(24141, 'B0000803', '中国移动', 1, '预付费', 13100004140);
insert into T_TERMINALINFO (TERMINAL_ID,TTYPE_ID,SIM_ID,TERMINAL_CODE,ORG_CODE,IS_VIDEO_TERMINAL,SP_SERVER_NAME,PROTOCOL_TYPE,CHANNELS,YT_PROTOCOL_TYPE) values(240141, 4, 24141, '1004140', 'B0000803',1,'1076测试服务器','4',8,'0');
insert into V_VEHICLEINFO (ORG_CODE,VEHICLE_ID,ID_NUMBER,TYPE_ID,TERMINAL_ID,DELETE_FLAG,COLOR_ID_NUMBER_ID,AUTHORIZED_PAY_MASS) values ('B0000803','2400141', '测B04140', 4, 240141, 0, '2',15);

insert into T_SIMINFO (SIM_ID, ORG_CODE, DEPTCODE, STATE,PAY_MODLE, SIM_NUM) values(24142, 'B0000803', '中国移动', 1, '预付费', 13100004141);
insert into T_TERMINALINFO (TERMINAL_ID,TTYPE_ID,SIM_ID,TERMINAL_CODE,ORG_CODE,IS_VIDEO_TERMINAL,SP_SERVER_NAME,PROTOCOL_TYPE,CHANNELS,YT_PROTOCOL_TYPE) values(240142, 4, 24142, '1004141', 'B0000803',1,'1076测试服务器','4',8,'0');
insert into V_VEHICLEINFO (ORG_CODE,VEHICLE_ID,ID_NUMBER,TYPE_ID,TERMINAL_ID,DELETE_FLAG,COLOR_ID_NUMBER_ID,AUTHORIZED_PAY_MASS) values ('B0000803','2400142', '测B04141', 4, 240142, 0, '2',15);

insert into T_SIMINFO (SIM_ID, ORG_CODE, DEPTCODE, STATE,PAY_MODLE, SIM_NUM) values(24143, 'B0000803', '中国移动', 1, '预付费', 13100004142);
insert into T_TERMINALINFO (TERMINAL_ID,TTYPE_ID,SIM_ID,TERMINAL_CODE,ORG_CODE,IS_VIDEO_TERMINAL,SP_SERVER_NAME,PROTOCOL_TYPE,CHANNELS,YT_PROTOCOL_TYPE) values(240143, 4, 24143, '1004142', 'B0000803',1,'1076测试服务器','4',8,'0');
insert into V_VEHICLEINFO (ORG_CODE,VEHICLE_ID,ID_NUMBER,TYPE_ID,TERMINAL_ID,DELETE_FLAG,COLOR_ID_NUMBER_ID,AUTHORIZED_PAY_MASS) values ('B0000803','2400143', '测B04142', 4, 240143, 0, '2',15);

insert into T_SIMINFO (SIM_ID, ORG_CODE, DEPTCODE, STATE,PAY_MODLE, SIM_NUM) values(24144, 'B0000803', '中国移动', 1, '预付费', 13100004143);
insert into T_TERMINALINFO (TERMINAL_ID,TTYPE_ID,SIM_ID,TERMINAL_CODE,ORG_CODE,IS_VIDEO_TERMINAL,SP_SERVER_NAME,PROTOCOL_TYPE,CHANNELS,YT_PROTOCOL_TYPE) values(240144, 4, 24144, '1004143', 'B0000803',1,'1076测试服务器','4',8,'0');
insert into V_VEHICLEINFO (ORG_CODE,VEHICLE_ID,ID_NUMBER,TYPE_ID,TERMINAL_ID,DELETE_FLAG,COLOR_ID_NUMBER_ID,AUTHORIZED_PAY_MASS) values ('B0000803','2400144', '测B04143', 4, 240144, 0, '2',15);

insert into T_SIMINFO (SIM_ID, ORG_CODE, DEPTCODE, STATE,PAY_MODLE, SIM_NUM) values(24145, 'B0000803', '中国移动', 1, '预付费', 13100004144);
insert into T_TERMINALINFO (TERMINAL_ID,TTYPE_ID,SIM_ID,TERMINAL_CODE,ORG_CODE,IS_VIDEO_TERMINAL,SP_SERVER_NAME,PROTOCOL_TYPE,CHANNELS,YT_PROTOCOL_TYPE) values(240145, 4, 24145, '1004144', 'B0000803',1,'1076测试服务器','4',8,'0');
insert into V_VEHICLEINFO (ORG_CODE,VEHICLE_ID,ID_NUMBER,TYPE_ID,TERMINAL_ID,DELETE_FLAG,COLOR_ID_NUMBER_ID,AUTHORIZED_PAY_MASS) values ('B0000803','2400145', '测B04144', 4, 240145, 0, '2',15);

insert into T_SIMINFO (SIM_ID, ORG_CODE, DEPTCODE, STATE,PAY_MODLE, SIM_NUM) values(24146, 'B0000803', '中国移动', 1, '预付费', 13100004145);
insert into T_TERMINALINFO (TERMINAL_ID,TTYPE_ID,SIM_ID,TERMINAL_CODE,ORG_CODE,IS_VIDEO_TERMINAL,SP_SERVER_NAME,PROTOCOL_TYPE,CHANNELS,YT_PROTOCOL_TYPE) values(240146, 4, 24146, '1004145', 'B0000803',1,'1076测试服务器','4',8,'0');
insert into V_VEHICLEINFO (ORG_CODE,VEHICLE_ID,ID_NUMBER,TYPE_ID,TERMINAL_ID,DELETE_FLAG,COLOR_ID_NUMBER_ID,AUTHORIZED_PAY_MASS) values ('B0000803','2400146', '测B04145', 4, 240146, 0, '2',15);

insert into T_SIMINFO (SIM_ID, ORG_CODE, DEPTCODE, STATE,PAY_MODLE, SIM_NUM) values(24147, 'B0000803', '中国移动', 1, '预付费', 13100004146);
insert into T_TERMINALINFO (TERMINAL_ID,TTYPE_ID,SIM_ID,TERMINAL_CODE,ORG_CODE,IS_VIDEO_TERMINAL,SP_SERVER_NAME,PROTOCOL_TYPE,CHANNELS,YT_PROTOCOL_TYPE) values(240147, 4, 24147, '1004146', 'B0000803',1,'1076测试服务器','4',8,'0');
insert into V_VEHICLEINFO (ORG_CODE,VEHICLE_ID,ID_NUMBER,TYPE_ID,TERMINAL_ID,DELETE_FLAG,COLOR_ID_NUMBER_ID,AUTHORIZED_PAY_MASS) values ('B0000803','2400147', '测B04146', 4, 240147, 0, '2',15);

insert into T_SIMINFO (SIM_ID, ORG_CODE, DEPTCODE, STATE,PAY_MODLE, SIM_NUM) values(24148, 'B0000803', '中国移动', 1, '预付费', 13100004147);
insert into T_TERMINALINFO (TERMINAL_ID,TTYPE_ID,SIM_ID,TERMINAL_CODE,ORG_CODE,IS_VIDEO_TERMINAL,SP_SERVER_NAME,PROTOCOL_TYPE,CHANNELS,YT_PROTOCOL_TYPE) values(240148, 4, 24148, '1004147', 'B0000803',1,'1076测试服务器','4',8,'0');
insert into V_VEHICLEINFO (ORG_CODE,VEHICLE_ID,ID_NUMBER,TYPE_ID,TERMINAL_ID,DELETE_FLAG,COLOR_ID_NUMBER_ID,AUTHORIZED_PAY_MASS) values ('B0000803','2400148', '测B04147', 4, 240148, 0, '2',15);

insert into T_SIMINFO (SIM_ID, ORG_CODE, DEPTCODE, STATE,PAY_MODLE, SIM_NUM) values(24149, 'B0000803', '中国移动', 1, '预付费', 13100004148);
insert into T_TERMINALINFO (TERMINAL_ID,TTYPE_ID,SIM_ID,TERMINAL_CODE,ORG_CODE,IS_VIDEO_TERMINAL,SP_SERVER_NAME,PROTOCOL_TYPE,CHANNELS,YT_PROTOCOL_TYPE) values(240149, 4, 24149, '1004148', 'B0000803',1,'1076测试服务器','4',8,'0');
insert into V_VEHICLEINFO (ORG_CODE,VEHICLE_ID,ID_NUMBER,TYPE_ID,TERMINAL_ID,DELETE_FLAG,COLOR_ID_NUMBER_ID,AUTHORIZED_PAY_MASS) values ('B0000803','2400149', '测B04148', 4, 240149, 0, '2',15);

insert into T_SIMINFO (SIM_ID, ORG_CODE, DEPTCODE, STATE,PAY_MODLE, SIM_NUM) values(24150, 'B0000803', '中国移动', 1, '预付费', 13100004149);
insert into T_TERMINALINFO (TERMINAL_ID,TTYPE_ID,SIM_ID,TERMINAL_CODE,ORG_CODE,IS_VIDEO_TERMINAL,SP_SERVER_NAME,PROTOCOL_TYPE,CHANNELS,YT_PROTOCOL_TYPE) values(240150, 4, 24150, '1004149', 'B0000803',1,'1076测试服务器','4',8,'0');
insert into V_VEHICLEINFO (ORG_CODE,VEHICLE_ID,ID_NUMBER,TYPE_ID,TERMINAL_ID,DELETE_FLAG,COLOR_ID_NUMBER_ID,AUTHORIZED_PAY_MASS) values ('B0000803','2400150', '测B04149', 4, 240150, 0, '2',15);

insert into T_SIMINFO (SIM_ID, ORG_CODE, DEPTCODE, STATE,PAY_MODLE, SIM_NUM) values(24151, 'B0000803', '中国移动', 1, '预付费', 13100004150);
insert into T_TERMINALINFO (TERMINAL_ID,TTYPE_ID,SIM_ID,TERMINAL_CODE,ORG_CODE,IS_VIDEO_TERMINAL,SP_SERVER_NAME,PROTOCOL_TYPE,CHANNELS,YT_PROTOCOL_TYPE) values(240151, 4, 24151, '1004150', 'B0000803',1,'1076测试服务器','4',8,'0');
insert into V_VEHICLEINFO (ORG_CODE,VEHICLE_ID,ID_NUMBER,TYPE_ID,TERMINAL_ID,DELETE_FLAG,COLOR_ID_NUMBER_ID,AUTHORIZED_PAY_MASS) values ('B0000803','2400151', '测B04150', 4, 240151, 0, '2',15);

insert into T_SIMINFO (SIM_ID, ORG_CODE, DEPTCODE, STATE,PAY_MODLE, SIM_NUM) values(24152, 'B0000803', '中国移动', 1, '预付费', 13100004151);
insert into T_TERMINALINFO (TERMINAL_ID,TTYPE_ID,SIM_ID,TERMINAL_CODE,ORG_CODE,IS_VIDEO_TERMINAL,SP_SERVER_NAME,PROTOCOL_TYPE,CHANNELS,YT_PROTOCOL_TYPE) values(240152, 4, 24152, '1004151', 'B0000803',1,'1076测试服务器','4',8,'0');
insert into V_VEHICLEINFO (ORG_CODE,VEHICLE_ID,ID_NUMBER,TYPE_ID,TERMINAL_ID,DELETE_FLAG,COLOR_ID_NUMBER_ID,AUTHORIZED_PAY_MASS) values ('B0000803','2400152', '测B04151', 4, 240152, 0, '2',15);

insert into T_SIMINFO (SIM_ID, ORG_CODE, DEPTCODE, STATE,PAY_MODLE, SIM_NUM) values(24153, 'B0000803', '中国移动', 1, '预付费', 13100004152);
insert into T_TERMINALINFO (TERMINAL_ID,TTYPE_ID,SIM_ID,TERMINAL_CODE,ORG_CODE,IS_VIDEO_TERMINAL,SP_SERVER_NAME,PROTOCOL_TYPE,CHANNELS,YT_PROTOCOL_TYPE) values(240153, 4, 24153, '1004152', 'B0000803',1,'1076测试服务器','4',8,'0');
insert into V_VEHICLEINFO (ORG_CODE,VEHICLE_ID,ID_NUMBER,TYPE_ID,TERMINAL_ID,DELETE_FLAG,COLOR_ID_NUMBER_ID,AUTHORIZED_PAY_MASS) values ('B0000803','2400153', '测B04152', 4, 240153, 0, '2',15);

insert into T_SIMINFO (SIM_ID, ORG_CODE, DEPTCODE, STATE,PAY_MODLE, SIM_NUM) values(24154, 'B0000803', '中国移动', 1, '预付费', 13100004153);
insert into T_TERMINALINFO (TERMINAL_ID,TTYPE_ID,SIM_ID,TERMINAL_CODE,ORG_CODE,IS_VIDEO_TERMINAL,SP_SERVER_NAME,PROTOCOL_TYPE,CHANNELS,YT_PROTOCOL_TYPE) values(240154, 4, 24154, '1004153', 'B0000803',1,'1076测试服务器','4',8,'0');
insert into V_VEHICLEINFO (ORG_CODE,VEHICLE_ID,ID_NUMBER,TYPE_ID,TERMINAL_ID,DELETE_FLAG,COLOR_ID_NUMBER_ID,AUTHORIZED_PAY_MASS) values ('B0000803','2400154', '测B04153', 4, 240154, 0, '2',15);

insert into T_SIMINFO (SIM_ID, ORG_CODE, DEPTCODE, STATE,PAY_MODLE, SIM_NUM) values(24155, 'B0000803', '中国移动', 1, '预付费', 13100004154);
insert into T_TERMINALINFO (TERMINAL_ID,TTYPE_ID,SIM_ID,TERMINAL_CODE,ORG_CODE,IS_VIDEO_TERMINAL,SP_SERVER_NAME,PROTOCOL_TYPE,CHANNELS,YT_PROTOCOL_TYPE) values(240155, 4, 24155, '1004154', 'B0000803',1,'1076测试服务器','4',8,'0');
insert into V_VEHICLEINFO (ORG_CODE,VEHICLE_ID,ID_NUMBER,TYPE_ID,TERMINAL_ID,DELETE_FLAG,COLOR_ID_NUMBER_ID,AUTHORIZED_PAY_MASS) values ('B0000803','2400155', '测B04154', 4, 240155, 0, '2',15);

insert into T_SIMINFO (SIM_ID, ORG_CODE, DEPTCODE, STATE,PAY_MODLE, SIM_NUM) values(24156, 'B0000803', '中国移动', 1, '预付费', 13100004155);
insert into T_TERMINALINFO (TERMINAL_ID,TTYPE_ID,SIM_ID,TERMINAL_CODE,ORG_CODE,IS_VIDEO_TERMINAL,SP_SERVER_NAME,PROTOCOL_TYPE,CHANNELS,YT_PROTOCOL_TYPE) values(240156, 4, 24156, '1004155', 'B0000803',1,'1076测试服务器','4',8,'0');
insert into V_VEHICLEINFO (ORG_CODE,VEHICLE_ID,ID_NUMBER,TYPE_ID,TERMINAL_ID,DELETE_FLAG,COLOR_ID_NUMBER_ID,AUTHORIZED_PAY_MASS) values ('B0000803','2400156', '测B04155', 4, 240156, 0, '2',15);

insert into T_SIMINFO (SIM_ID, ORG_CODE, DEPTCODE, STATE,PAY_MODLE, SIM_NUM) values(24157, 'B0000803', '中国移动', 1, '预付费', 13100004156);
insert into T_TERMINALINFO (TERMINAL_ID,TTYPE_ID,SIM_ID,TERMINAL_CODE,ORG_CODE,IS_VIDEO_TERMINAL,SP_SERVER_NAME,PROTOCOL_TYPE,CHANNELS,YT_PROTOCOL_TYPE) values(240157, 4, 24157, '1004156', 'B0000803',1,'1076测试服务器','4',8,'0');
insert into V_VEHICLEINFO (ORG_CODE,VEHICLE_ID,ID_NUMBER,TYPE_ID,TERMINAL_ID,DELETE_FLAG,COLOR_ID_NUMBER_ID,AUTHORIZED_PAY_MASS) values ('B0000803','2400157', '测B04156', 4, 240157, 0, '2',15);

insert into T_SIMINFO (SIM_ID, ORG_CODE, DEPTCODE, STATE,PAY_MODLE, SIM_NUM) values(24158, 'B0000803', '中国移动', 1, '预付费', 13100004157);
insert into T_TERMINALINFO (TERMINAL_ID,TTYPE_ID,SIM_ID,TERMINAL_CODE,ORG_CODE,IS_VIDEO_TERMINAL,SP_SERVER_NAME,PROTOCOL_TYPE,CHANNELS,YT_PROTOCOL_TYPE) values(240158, 4, 24158, '1004157', 'B0000803',1,'1076测试服务器','4',8,'0');
insert into V_VEHICLEINFO (ORG_CODE,VEHICLE_ID,ID_NUMBER,TYPE_ID,TERMINAL_ID,DELETE_FLAG,COLOR_ID_NUMBER_ID,AUTHORIZED_PAY_MASS) values ('B0000803','2400158', '测B04157', 4, 240158, 0, '2',15);

insert into T_SIMINFO (SIM_ID, ORG_CODE, DEPTCODE, STATE,PAY_MODLE, SIM_NUM) values(24159, 'B0000803', '中国移动', 1, '预付费', 13100004158);
insert into T_TERMINALINFO (TERMINAL_ID,TTYPE_ID,SIM_ID,TERMINAL_CODE,ORG_CODE,IS_VIDEO_TERMINAL,SP_SERVER_NAME,PROTOCOL_TYPE,CHANNELS,YT_PROTOCOL_TYPE) values(240159, 4, 24159, '1004158', 'B0000803',1,'1076测试服务器','4',8,'0');
insert into V_VEHICLEINFO (ORG_CODE,VEHICLE_ID,ID_NUMBER,TYPE_ID,TERMINAL_ID,DELETE_FLAG,COLOR_ID_NUMBER_ID,AUTHORIZED_PAY_MASS) values ('B0000803','2400159', '测B04158', 4, 240159, 0, '2',15);

insert into T_SIMINFO (SIM_ID, ORG_CODE, DEPTCODE, STATE,PAY_MODLE, SIM_NUM) values(24160, 'B0000803', '中国移动', 1, '预付费', 13100004159);
insert into T_TERMINALINFO (TERMINAL_ID,TTYPE_ID,SIM_ID,TERMINAL_CODE,ORG_CODE,IS_VIDEO_TERMINAL,SP_SERVER_NAME,PROTOCOL_TYPE,CHANNELS,YT_PROTOCOL_TYPE) values(240160, 4, 24160, '1004159', 'B0000803',1,'1076测试服务器','4',8,'0');
insert into V_VEHICLEINFO (ORG_CODE,VEHICLE_ID,ID_NUMBER,TYPE_ID,TERMINAL_ID,DELETE_FLAG,COLOR_ID_NUMBER_ID,AUTHORIZED_PAY_MASS) values ('B0000803','2400160', '测B04159', 4, 240160, 0, '2',15);

insert into T_SIMINFO (SIM_ID, ORG_CODE, DEPTCODE, STATE,PAY_MODLE, SIM_NUM) values(24161, 'B0000803', '中国移动', 1, '预付费', 13100004160);
insert into T_TERMINALINFO (TERMINAL_ID,TTYPE_ID,SIM_ID,TERMINAL_CODE,ORG_CODE,IS_VIDEO_TERMINAL,SP_SERVER_NAME,PROTOCOL_TYPE,CHANNELS,YT_PROTOCOL_TYPE) values(240161, 4, 24161, '1004160', 'B0000803',1,'1076测试服务器','4',8,'0');
insert into V_VEHICLEINFO (ORG_CODE,VEHICLE_ID,ID_NUMBER,TYPE_ID,TERMINAL_ID,DELETE_FLAG,COLOR_ID_NUMBER_ID,AUTHORIZED_PAY_MASS) values ('B0000803','2400161', '测B04160', 4, 240161, 0, '2',15);

insert into T_SIMINFO (SIM_ID, ORG_CODE, DEPTCODE, STATE,PAY_MODLE, SIM_NUM) values(24162, 'B0000803', '中国移动', 1, '预付费', 13100004161);
insert into T_TERMINALINFO (TERMINAL_ID,TTYPE_ID,SIM_ID,TERMINAL_CODE,ORG_CODE,IS_VIDEO_TERMINAL,SP_SERVER_NAME,PROTOCOL_TYPE,CHANNELS,YT_PROTOCOL_TYPE) values(240162, 4, 24162, '1004161', 'B0000803',1,'1076测试服务器','4',8,'0');
insert into V_VEHICLEINFO (ORG_CODE,VEHICLE_ID,ID_NUMBER,TYPE_ID,TERMINAL_ID,DELETE_FLAG,COLOR_ID_NUMBER_ID,AUTHORIZED_PAY_MASS) values ('B0000803','2400162', '测B04161', 4, 240162, 0, '2',15);

insert into T_SIMINFO (SIM_ID, ORG_CODE, DEPTCODE, STATE,PAY_MODLE, SIM_NUM) values(24163, 'B0000803', '中国移动', 1, '预付费', 13100004162);
insert into T_TERMINALINFO (TERMINAL_ID,TTYPE_ID,SIM_ID,TERMINAL_CODE,ORG_CODE,IS_VIDEO_TERMINAL,SP_SERVER_NAME,PROTOCOL_TYPE,CHANNELS,YT_PROTOCOL_TYPE) values(240163, 4, 24163, '1004162', 'B0000803',1,'1076测试服务器','4',8,'0');
insert into V_VEHICLEINFO (ORG_CODE,VEHICLE_ID,ID_NUMBER,TYPE_ID,TERMINAL_ID,DELETE_FLAG,COLOR_ID_NUMBER_ID,AUTHORIZED_PAY_MASS) values ('B0000803','2400163', '测B04162', 4, 240163, 0, '2',15);

insert into T_SIMINFO (SIM_ID, ORG_CODE, DEPTCODE, STATE,PAY_MODLE, SIM_NUM) values(24164, 'B0000803', '中国移动', 1, '预付费', 13100004163);
insert into T_TERMINALINFO (TERMINAL_ID,TTYPE_ID,SIM_ID,TERMINAL_CODE,ORG_CODE,IS_VIDEO_TERMINAL,SP_SERVER_NAME,PROTOCOL_TYPE,CHANNELS,YT_PROTOCOL_TYPE) values(240164, 4, 24164, '1004163', 'B0000803',1,'1076测试服务器','4',8,'0');
insert into V_VEHICLEINFO (ORG_CODE,VEHICLE_ID,ID_NUMBER,TYPE_ID,TERMINAL_ID,DELETE_FLAG,COLOR_ID_NUMBER_ID,AUTHORIZED_PAY_MASS) values ('B0000803','2400164', '测B04163', 4, 240164, 0, '2',15);

insert into T_SIMINFO (SIM_ID, ORG_CODE, DEPTCODE, STATE,PAY_MODLE, SIM_NUM) values(24165, 'B0000803', '中国移动', 1, '预付费', 13100004164);
insert into T_TERMINALINFO (TERMINAL_ID,TTYPE_ID,SIM_ID,TERMINAL_CODE,ORG_CODE,IS_VIDEO_TERMINAL,SP_SERVER_NAME,PROTOCOL_TYPE,CHANNELS,YT_PROTOCOL_TYPE) values(240165, 4, 24165, '1004164', 'B0000803',1,'1076测试服务器','4',8,'0');
insert into V_VEHICLEINFO (ORG_CODE,VEHICLE_ID,ID_NUMBER,TYPE_ID,TERMINAL_ID,DELETE_FLAG,COLOR_ID_NUMBER_ID,AUTHORIZED_PAY_MASS) values ('B0000803','2400165', '测B04164', 4, 240165, 0, '2',15);

insert into T_SIMINFO (SIM_ID, ORG_CODE, DEPTCODE, STATE,PAY_MODLE, SIM_NUM) values(24166, 'B0000803', '中国移动', 1, '预付费', 13100004165);
insert into T_TERMINALINFO (TERMINAL_ID,TTYPE_ID,SIM_ID,TERMINAL_CODE,ORG_CODE,IS_VIDEO_TERMINAL,SP_SERVER_NAME,PROTOCOL_TYPE,CHANNELS,YT_PROTOCOL_TYPE) values(240166, 4, 24166, '1004165', 'B0000803',1,'1076测试服务器','4',8,'0');
insert into V_VEHICLEINFO (ORG_CODE,VEHICLE_ID,ID_NUMBER,TYPE_ID,TERMINAL_ID,DELETE_FLAG,COLOR_ID_NUMBER_ID,AUTHORIZED_PAY_MASS) values ('B0000803','2400166', '测B04165', 4, 240166, 0, '2',15);

insert into T_SIMINFO (SIM_ID, ORG_CODE, DEPTCODE, STATE,PAY_MODLE, SIM_NUM) values(24167, 'B0000803', '中国移动', 1, '预付费', 13100004166);
insert into T_TERMINALINFO (TERMINAL_ID,TTYPE_ID,SIM_ID,TERMINAL_CODE,ORG_CODE,IS_VIDEO_TERMINAL,SP_SERVER_NAME,PROTOCOL_TYPE,CHANNELS,YT_PROTOCOL_TYPE) values(240167, 4, 24167, '1004166', 'B0000803',1,'1076测试服务器','4',8,'0');
insert into V_VEHICLEINFO (ORG_CODE,VEHICLE_ID,ID_NUMBER,TYPE_ID,TERMINAL_ID,DELETE_FLAG,COLOR_ID_NUMBER_ID,AUTHORIZED_PAY_MASS) values ('B0000803','2400167', '测B04166', 4, 240167, 0, '2',15);

insert into T_SIMINFO (SIM_ID, ORG_CODE, DEPTCODE, STATE,PAY_MODLE, SIM_NUM) values(24168, 'B0000803', '中国移动', 1, '预付费', 13100004167);
insert into T_TERMINALINFO (TERMINAL_ID,TTYPE_ID,SIM_ID,TERMINAL_CODE,ORG_CODE,IS_VIDEO_TERMINAL,SP_SERVER_NAME,PROTOCOL_TYPE,CHANNELS,YT_PROTOCOL_TYPE) values(240168, 4, 24168, '1004167', 'B0000803',1,'1076测试服务器','4',8,'0');
insert into V_VEHICLEINFO (ORG_CODE,VEHICLE_ID,ID_NUMBER,TYPE_ID,TERMINAL_ID,DELETE_FLAG,COLOR_ID_NUMBER_ID,AUTHORIZED_PAY_MASS) values ('B0000803','2400168', '测B04167', 4, 240168, 0, '2',15);

insert into T_SIMINFO (SIM_ID, ORG_CODE, DEPTCODE, STATE,PAY_MODLE, SIM_NUM) values(24169, 'B0000803', '中国移动', 1, '预付费', 13100004168);
insert into T_TERMINALINFO (TERMINAL_ID,TTYPE_ID,SIM_ID,TERMINAL_CODE,ORG_CODE,IS_VIDEO_TERMINAL,SP_SERVER_NAME,PROTOCOL_TYPE,CHANNELS,YT_PROTOCOL_TYPE) values(240169, 4, 24169, '1004168', 'B0000803',1,'1076测试服务器','4',8,'0');
insert into V_VEHICLEINFO (ORG_CODE,VEHICLE_ID,ID_NUMBER,TYPE_ID,TERMINAL_ID,DELETE_FLAG,COLOR_ID_NUMBER_ID,AUTHORIZED_PAY_MASS) values ('B0000803','2400169', '测B04168', 4, 240169, 0, '2',15);

insert into T_SIMINFO (SIM_ID, ORG_CODE, DEPTCODE, STATE,PAY_MODLE, SIM_NUM) values(24170, 'B0000803', '中国移动', 1, '预付费', 13100004169);
insert into T_TERMINALINFO (TERMINAL_ID,TTYPE_ID,SIM_ID,TERMINAL_CODE,ORG_CODE,IS_VIDEO_TERMINAL,SP_SERVER_NAME,PROTOCOL_TYPE,CHANNELS,YT_PROTOCOL_TYPE) values(240170, 4, 24170, '1004169', 'B0000803',1,'1076测试服务器','4',8,'0');
insert into V_VEHICLEINFO (ORG_CODE,VEHICLE_ID,ID_NUMBER,TYPE_ID,TERMINAL_ID,DELETE_FLAG,COLOR_ID_NUMBER_ID,AUTHORIZED_PAY_MASS) values ('B0000803','2400170', '测B04169', 4, 240170, 0, '2',15);

insert into T_SIMINFO (SIM_ID, ORG_CODE, DEPTCODE, STATE,PAY_MODLE, SIM_NUM) values(24171, 'B0000803', '中国移动', 1, '预付费', 13100004170);
insert into T_TERMINALINFO (TERMINAL_ID,TTYPE_ID,SIM_ID,TERMINAL_CODE,ORG_CODE,IS_VIDEO_TERMINAL,SP_SERVER_NAME,PROTOCOL_TYPE,CHANNELS,YT_PROTOCOL_TYPE) values(240171, 4, 24171, '1004170', 'B0000803',1,'1076测试服务器','4',8,'0');
insert into V_VEHICLEINFO (ORG_CODE,VEHICLE_ID,ID_NUMBER,TYPE_ID,TERMINAL_ID,DELETE_FLAG,COLOR_ID_NUMBER_ID,AUTHORIZED_PAY_MASS) values ('B0000803','2400171', '测B04170', 4, 240171, 0, '2',15);

insert into T_SIMINFO (SIM_ID, ORG_CODE, DEPTCODE, STATE,PAY_MODLE, SIM_NUM) values(24172, 'B0000803', '中国移动', 1, '预付费', 13100004171);
insert into T_TERMINALINFO (TERMINAL_ID,TTYPE_ID,SIM_ID,TERMINAL_CODE,ORG_CODE,IS_VIDEO_TERMINAL,SP_SERVER_NAME,PROTOCOL_TYPE,CHANNELS,YT_PROTOCOL_TYPE) values(240172, 4, 24172, '1004171', 'B0000803',1,'1076测试服务器','4',8,'0');
insert into V_VEHICLEINFO (ORG_CODE,VEHICLE_ID,ID_NUMBER,TYPE_ID,TERMINAL_ID,DELETE_FLAG,COLOR_ID_NUMBER_ID,AUTHORIZED_PAY_MASS) values ('B0000803','2400172', '测B04171', 4, 240172, 0, '2',15);

insert into T_SIMINFO (SIM_ID, ORG_CODE, DEPTCODE, STATE,PAY_MODLE, SIM_NUM) values(24173, 'B0000803', '中国移动', 1, '预付费', 13100004172);
insert into T_TERMINALINFO (TERMINAL_ID,TTYPE_ID,SIM_ID,TERMINAL_CODE,ORG_CODE,IS_VIDEO_TERMINAL,SP_SERVER_NAME,PROTOCOL_TYPE,CHANNELS,YT_PROTOCOL_TYPE) values(240173, 4, 24173, '1004172', 'B0000803',1,'1076测试服务器','4',8,'0');
insert into V_VEHICLEINFO (ORG_CODE,VEHICLE_ID,ID_NUMBER,TYPE_ID,TERMINAL_ID,DELETE_FLAG,COLOR_ID_NUMBER_ID,AUTHORIZED_PAY_MASS) values ('B0000803','2400173', '测B04172', 4, 240173, 0, '2',15);

insert into T_SIMINFO (SIM_ID, ORG_CODE, DEPTCODE, STATE,PAY_MODLE, SIM_NUM) values(24174, 'B0000803', '中国移动', 1, '预付费', 13100004173);
insert into T_TERMINALINFO (TERMINAL_ID,TTYPE_ID,SIM_ID,TERMINAL_CODE,ORG_CODE,IS_VIDEO_TERMINAL,SP_SERVER_NAME,PROTOCOL_TYPE,CHANNELS,YT_PROTOCOL_TYPE) values(240174, 4, 24174, '1004173', 'B0000803',1,'1076测试服务器','4',8,'0');
insert into V_VEHICLEINFO (ORG_CODE,VEHICLE_ID,ID_NUMBER,TYPE_ID,TERMINAL_ID,DELETE_FLAG,COLOR_ID_NUMBER_ID,AUTHORIZED_PAY_MASS) values ('B0000803','2400174', '测B04173', 4, 240174, 0, '2',15);

insert into T_SIMINFO (SIM_ID, ORG_CODE, DEPTCODE, STATE,PAY_MODLE, SIM_NUM) values(24175, 'B0000803', '中国移动', 1, '预付费', 13100004174);
insert into T_TERMINALINFO (TERMINAL_ID,TTYPE_ID,SIM_ID,TERMINAL_CODE,ORG_CODE,IS_VIDEO_TERMINAL,SP_SERVER_NAME,PROTOCOL_TYPE,CHANNELS,YT_PROTOCOL_TYPE) values(240175, 4, 24175, '1004174', 'B0000803',1,'1076测试服务器','4',8,'0');
insert into V_VEHICLEINFO (ORG_CODE,VEHICLE_ID,ID_NUMBER,TYPE_ID,TERMINAL_ID,DELETE_FLAG,COLOR_ID_NUMBER_ID,AUTHORIZED_PAY_MASS) values ('B0000803','2400175', '测B04174', 4, 240175, 0, '2',15);

insert into T_SIMINFO (SIM_ID, ORG_CODE, DEPTCODE, STATE,PAY_MODLE, SIM_NUM) values(24176, 'B0000803', '中国移动', 1, '预付费', 13100004175);
insert into T_TERMINALINFO (TERMINAL_ID,TTYPE_ID,SIM_ID,TERMINAL_CODE,ORG_CODE,IS_VIDEO_TERMINAL,SP_SERVER_NAME,PROTOCOL_TYPE,CHANNELS,YT_PROTOCOL_TYPE) values(240176, 4, 24176, '1004175', 'B0000803',1,'1076测试服务器','4',8,'0');
insert into V_VEHICLEINFO (ORG_CODE,VEHICLE_ID,ID_NUMBER,TYPE_ID,TERMINAL_ID,DELETE_FLAG,COLOR_ID_NUMBER_ID,AUTHORIZED_PAY_MASS) values ('B0000803','2400176', '测B04175', 4, 240176, 0, '2',15);

insert into T_SIMINFO (SIM_ID, ORG_CODE, DEPTCODE, STATE,PAY_MODLE, SIM_NUM) values(24177, 'B0000803', '中国移动', 1, '预付费', 13100004176);
insert into T_TERMINALINFO (TERMINAL_ID,TTYPE_ID,SIM_ID,TERMINAL_CODE,ORG_CODE,IS_VIDEO_TERMINAL,SP_SERVER_NAME,PROTOCOL_TYPE,CHANNELS,YT_PROTOCOL_TYPE) values(240177, 4, 24177, '1004176', 'B0000803',1,'1076测试服务器','4',8,'0');
insert into V_VEHICLEINFO (ORG_CODE,VEHICLE_ID,ID_NUMBER,TYPE_ID,TERMINAL_ID,DELETE_FLAG,COLOR_ID_NUMBER_ID,AUTHORIZED_PAY_MASS) values ('B0000803','2400177', '测B04176', 4, 240177, 0, '2',15);

insert into T_SIMINFO (SIM_ID, ORG_CODE, DEPTCODE, STATE,PAY_MODLE, SIM_NUM) values(24178, 'B0000803', '中国移动', 1, '预付费', 13100004177);
insert into T_TERMINALINFO (TERMINAL_ID,TTYPE_ID,SIM_ID,TERMINAL_CODE,ORG_CODE,IS_VIDEO_TERMINAL,SP_SERVER_NAME,PROTOCOL_TYPE,CHANNELS,YT_PROTOCOL_TYPE) values(240178, 4, 24178, '1004177', 'B0000803',1,'1076测试服务器','4',8,'0');
insert into V_VEHICLEINFO (ORG_CODE,VEHICLE_ID,ID_NUMBER,TYPE_ID,TERMINAL_ID,DELETE_FLAG,COLOR_ID_NUMBER_ID,AUTHORIZED_PAY_MASS) values ('B0000803','2400178', '测B04177', 4, 240178, 0, '2',15);

insert into T_SIMINFO (SIM_ID, ORG_CODE, DEPTCODE, STATE,PAY_MODLE, SIM_NUM) values(24179, 'B0000803', '中国移动', 1, '预付费', 13100004178);
insert into T_TERMINALINFO (TERMINAL_ID,TTYPE_ID,SIM_ID,TERMINAL_CODE,ORG_CODE,IS_VIDEO_TERMINAL,SP_SERVER_NAME,PROTOCOL_TYPE,CHANNELS,YT_PROTOCOL_TYPE) values(240179, 4, 24179, '1004178', 'B0000803',1,'1076测试服务器','4',8,'0');
insert into V_VEHICLEINFO (ORG_CODE,VEHICLE_ID,ID_NUMBER,TYPE_ID,TERMINAL_ID,DELETE_FLAG,COLOR_ID_NUMBER_ID,AUTHORIZED_PAY_MASS) values ('B0000803','2400179', '测B04178', 4, 240179, 0, '2',15);

insert into T_SIMINFO (SIM_ID, ORG_CODE, DEPTCODE, STATE,PAY_MODLE, SIM_NUM) values(24180, 'B0000803', '中国移动', 1, '预付费', 13100004179);
insert into T_TERMINALINFO (TERMINAL_ID,TTYPE_ID,SIM_ID,TERMINAL_CODE,ORG_CODE,IS_VIDEO_TERMINAL,SP_SERVER_NAME,PROTOCOL_TYPE,CHANNELS,YT_PROTOCOL_TYPE) values(240180, 4, 24180, '1004179', 'B0000803',1,'1076测试服务器','4',8,'0');
insert into V_VEHICLEINFO (ORG_CODE,VEHICLE_ID,ID_NUMBER,TYPE_ID,TERMINAL_ID,DELETE_FLAG,COLOR_ID_NUMBER_ID,AUTHORIZED_PAY_MASS) values ('B0000803','2400180', '测B04179', 4, 240180, 0, '2',15);

insert into T_SIMINFO (SIM_ID, ORG_CODE, DEPTCODE, STATE,PAY_MODLE, SIM_NUM) values(24181, 'B0000803', '中国移动', 1, '预付费', 13100004180);
insert into T_TERMINALINFO (TERMINAL_ID,TTYPE_ID,SIM_ID,TERMINAL_CODE,ORG_CODE,IS_VIDEO_TERMINAL,SP_SERVER_NAME,PROTOCOL_TYPE,CHANNELS,YT_PROTOCOL_TYPE) values(240181, 4, 24181, '1004180', 'B0000803',1,'1076测试服务器','4',8,'0');
insert into V_VEHICLEINFO (ORG_CODE,VEHICLE_ID,ID_NUMBER,TYPE_ID,TERMINAL_ID,DELETE_FLAG,COLOR_ID_NUMBER_ID,AUTHORIZED_PAY_MASS) values ('B0000803','2400181', '测B04180', 4, 240181, 0, '2',15);

insert into T_SIMINFO (SIM_ID, ORG_CODE, DEPTCODE, STATE,PAY_MODLE, SIM_NUM) values(24182, 'B0000803', '中国移动', 1, '预付费', 13100004181);
insert into T_TERMINALINFO (TERMINAL_ID,TTYPE_ID,SIM_ID,TERMINAL_CODE,ORG_CODE,IS_VIDEO_TERMINAL,SP_SERVER_NAME,PROTOCOL_TYPE,CHANNELS,YT_PROTOCOL_TYPE) values(240182, 4, 24182, '1004181', 'B0000803',1,'1076测试服务器','4',8,'0');
insert into V_VEHICLEINFO (ORG_CODE,VEHICLE_ID,ID_NUMBER,TYPE_ID,TERMINAL_ID,DELETE_FLAG,COLOR_ID_NUMBER_ID,AUTHORIZED_PAY_MASS) values ('B0000803','2400182', '测B04181', 4, 240182, 0, '2',15);

insert into T_SIMINFO (SIM_ID, ORG_CODE, DEPTCODE, STATE,PAY_MODLE, SIM_NUM) values(24183, 'B0000803', '中国移动', 1, '预付费', 13100004182);
insert into T_TERMINALINFO (TERMINAL_ID,TTYPE_ID,SIM_ID,TERMINAL_CODE,ORG_CODE,IS_VIDEO_TERMINAL,SP_SERVER_NAME,PROTOCOL_TYPE,CHANNELS,YT_PROTOCOL_TYPE) values(240183, 4, 24183, '1004182', 'B0000803',1,'1076测试服务器','4',8,'0');
insert into V_VEHICLEINFO (ORG_CODE,VEHICLE_ID,ID_NUMBER,TYPE_ID,TERMINAL_ID,DELETE_FLAG,COLOR_ID_NUMBER_ID,AUTHORIZED_PAY_MASS) values ('B0000803','2400183', '测B04182', 4, 240183, 0, '2',15);

insert into T_SIMINFO (SIM_ID, ORG_CODE, DEPTCODE, STATE,PAY_MODLE, SIM_NUM) values(24184, 'B0000803', '中国移动', 1, '预付费', 13100004183);
insert into T_TERMINALINFO (TERMINAL_ID,TTYPE_ID,SIM_ID,TERMINAL_CODE,ORG_CODE,IS_VIDEO_TERMINAL,SP_SERVER_NAME,PROTOCOL_TYPE,CHANNELS,YT_PROTOCOL_TYPE) values(240184, 4, 24184, '1004183', 'B0000803',1,'1076测试服务器','4',8,'0');
insert into V_VEHICLEINFO (ORG_CODE,VEHICLE_ID,ID_NUMBER,TYPE_ID,TERMINAL_ID,DELETE_FLAG,COLOR_ID_NUMBER_ID,AUTHORIZED_PAY_MASS) values ('B0000803','2400184', '测B04183', 4, 240184, 0, '2',15);

insert into T_SIMINFO (SIM_ID, ORG_CODE, DEPTCODE, STATE,PAY_MODLE, SIM_NUM) values(24185, 'B0000803', '中国移动', 1, '预付费', 13100004184);
insert into T_TERMINALINFO (TERMINAL_ID,TTYPE_ID,SIM_ID,TERMINAL_CODE,ORG_CODE,IS_VIDEO_TERMINAL,SP_SERVER_NAME,PROTOCOL_TYPE,CHANNELS,YT_PROTOCOL_TYPE) values(240185, 4, 24185, '1004184', 'B0000803',1,'1076测试服务器','4',8,'0');
insert into V_VEHICLEINFO (ORG_CODE,VEHICLE_ID,ID_NUMBER,TYPE_ID,TERMINAL_ID,DELETE_FLAG,COLOR_ID_NUMBER_ID,AUTHORIZED_PAY_MASS) values ('B0000803','2400185', '测B04184', 4, 240185, 0, '2',15);

insert into T_SIMINFO (SIM_ID, ORG_CODE, DEPTCODE, STATE,PAY_MODLE, SIM_NUM) values(24186, 'B0000803', '中国移动', 1, '预付费', 13100004185);
insert into T_TERMINALINFO (TERMINAL_ID,TTYPE_ID,SIM_ID,TERMINAL_CODE,ORG_CODE,IS_VIDEO_TERMINAL,SP_SERVER_NAME,PROTOCOL_TYPE,CHANNELS,YT_PROTOCOL_TYPE) values(240186, 4, 24186, '1004185', 'B0000803',1,'1076测试服务器','4',8,'0');
insert into V_VEHICLEINFO (ORG_CODE,VEHICLE_ID,ID_NUMBER,TYPE_ID,TERMINAL_ID,DELETE_FLAG,COLOR_ID_NUMBER_ID,AUTHORIZED_PAY_MASS) values ('B0000803','2400186', '测B04185', 4, 240186, 0, '2',15);

insert into T_SIMINFO (SIM_ID, ORG_CODE, DEPTCODE, STATE,PAY_MODLE, SIM_NUM) values(24187, 'B0000803', '中国移动', 1, '预付费', 13100004186);
insert into T_TERMINALINFO (TERMINAL_ID,TTYPE_ID,SIM_ID,TERMINAL_CODE,ORG_CODE,IS_VIDEO_TERMINAL,SP_SERVER_NAME,PROTOCOL_TYPE,CHANNELS,YT_PROTOCOL_TYPE) values(240187, 4, 24187, '1004186', 'B0000803',1,'1076测试服务器','4',8,'0');
insert into V_VEHICLEINFO (ORG_CODE,VEHICLE_ID,ID_NUMBER,TYPE_ID,TERMINAL_ID,DELETE_FLAG,COLOR_ID_NUMBER_ID,AUTHORIZED_PAY_MASS) values ('B0000803','2400187', '测B04186', 4, 240187, 0, '2',15);

insert into T_SIMINFO (SIM_ID, ORG_CODE, DEPTCODE, STATE,PAY_MODLE, SIM_NUM) values(24188, 'B0000803', '中国移动', 1, '预付费', 13100004187);
insert into T_TERMINALINFO (TERMINAL_ID,TTYPE_ID,SIM_ID,TERMINAL_CODE,ORG_CODE,IS_VIDEO_TERMINAL,SP_SERVER_NAME,PROTOCOL_TYPE,CHANNELS,YT_PROTOCOL_TYPE) values(240188, 4, 24188, '1004187', 'B0000803',1,'1076测试服务器','4',8,'0');
insert into V_VEHICLEINFO (ORG_CODE,VEHICLE_ID,ID_NUMBER,TYPE_ID,TERMINAL_ID,DELETE_FLAG,COLOR_ID_NUMBER_ID,AUTHORIZED_PAY_MASS) values ('B0000803','2400188', '测B04187', 4, 240188, 0, '2',15);

insert into T_SIMINFO (SIM_ID, ORG_CODE, DEPTCODE, STATE,PAY_MODLE, SIM_NUM) values(24189, 'B0000803', '中国移动', 1, '预付费', 13100004188);
insert into T_TERMINALINFO (TERMINAL_ID,TTYPE_ID,SIM_ID,TERMINAL_CODE,ORG_CODE,IS_VIDEO_TERMINAL,SP_SERVER_NAME,PROTOCOL_TYPE,CHANNELS,YT_PROTOCOL_TYPE) values(240189, 4, 24189, '1004188', 'B0000803',1,'1076测试服务器','4',8,'0');
insert into V_VEHICLEINFO (ORG_CODE,VEHICLE_ID,ID_NUMBER,TYPE_ID,TERMINAL_ID,DELETE_FLAG,COLOR_ID_NUMBER_ID,AUTHORIZED_PAY_MASS) values ('B0000803','2400189', '测B04188', 4, 240189, 0, '2',15);

insert into T_SIMINFO (SIM_ID, ORG_CODE, DEPTCODE, STATE,PAY_MODLE, SIM_NUM) values(24190, 'B0000803', '中国移动', 1, '预付费', 13100004189);
insert into T_TERMINALINFO (TERMINAL_ID,TTYPE_ID,SIM_ID,TERMINAL_CODE,ORG_CODE,IS_VIDEO_TERMINAL,SP_SERVER_NAME,PROTOCOL_TYPE,CHANNELS,YT_PROTOCOL_TYPE) values(240190, 4, 24190, '1004189', 'B0000803',1,'1076测试服务器','4',8,'0');
insert into V_VEHICLEINFO (ORG_CODE,VEHICLE_ID,ID_NUMBER,TYPE_ID,TERMINAL_ID,DELETE_FLAG,COLOR_ID_NUMBER_ID,AUTHORIZED_PAY_MASS) values ('B0000803','2400190', '测B04189', 4, 240190, 0, '2',15);

insert into T_SIMINFO (SIM_ID, ORG_CODE, DEPTCODE, STATE,PAY_MODLE, SIM_NUM) values(24191, 'B0000803', '中国移动', 1, '预付费', 13100004190);
insert into T_TERMINALINFO (TERMINAL_ID,TTYPE_ID,SIM_ID,TERMINAL_CODE,ORG_CODE,IS_VIDEO_TERMINAL,SP_SERVER_NAME,PROTOCOL_TYPE,CHANNELS,YT_PROTOCOL_TYPE) values(240191, 4, 24191, '1004190', 'B0000803',1,'1076测试服务器','4',8,'0');
insert into V_VEHICLEINFO (ORG_CODE,VEHICLE_ID,ID_NUMBER,TYPE_ID,TERMINAL_ID,DELETE_FLAG,COLOR_ID_NUMBER_ID,AUTHORIZED_PAY_MASS) values ('B0000803','2400191', '测B04190', 4, 240191, 0, '2',15);

insert into T_SIMINFO (SIM_ID, ORG_CODE, DEPTCODE, STATE,PAY_MODLE, SIM_NUM) values(24192, 'B0000803', '中国移动', 1, '预付费', 13100004191);
insert into T_TERMINALINFO (TERMINAL_ID,TTYPE_ID,SIM_ID,TERMINAL_CODE,ORG_CODE,IS_VIDEO_TERMINAL,SP_SERVER_NAME,PROTOCOL_TYPE,CHANNELS,YT_PROTOCOL_TYPE) values(240192, 4, 24192, '1004191', 'B0000803',1,'1076测试服务器','4',8,'0');
insert into V_VEHICLEINFO (ORG_CODE,VEHICLE_ID,ID_NUMBER,TYPE_ID,TERMINAL_ID,DELETE_FLAG,COLOR_ID_NUMBER_ID,AUTHORIZED_PAY_MASS) values ('B0000803','2400192', '测B04191', 4, 240192, 0, '2',15);

insert into T_SIMINFO (SIM_ID, ORG_CODE, DEPTCODE, STATE,PAY_MODLE, SIM_NUM) values(24193, 'B0000803', '中国移动', 1, '预付费', 13100004192);
insert into T_TERMINALINFO (TERMINAL_ID,TTYPE_ID,SIM_ID,TERMINAL_CODE,ORG_CODE,IS_VIDEO_TERMINAL,SP_SERVER_NAME,PROTOCOL_TYPE,CHANNELS,YT_PROTOCOL_TYPE) values(240193, 4, 24193, '1004192', 'B0000803',1,'1076测试服务器','4',8,'0');
insert into V_VEHICLEINFO (ORG_CODE,VEHICLE_ID,ID_NUMBER,TYPE_ID,TERMINAL_ID,DELETE_FLAG,COLOR_ID_NUMBER_ID,AUTHORIZED_PAY_MASS) values ('B0000803','2400193', '测B04192', 4, 240193, 0, '2',15);

insert into T_SIMINFO (SIM_ID, ORG_CODE, DEPTCODE, STATE,PAY_MODLE, SIM_NUM) values(24194, 'B0000803', '中国移动', 1, '预付费', 13100004193);
insert into T_TERMINALINFO (TERMINAL_ID,TTYPE_ID,SIM_ID,TERMINAL_CODE,ORG_CODE,IS_VIDEO_TERMINAL,SP_SERVER_NAME,PROTOCOL_TYPE,CHANNELS,YT_PROTOCOL_TYPE) values(240194, 4, 24194, '1004193', 'B0000803',1,'1076测试服务器','4',8,'0');
insert into V_VEHICLEINFO (ORG_CODE,VEHICLE_ID,ID_NUMBER,TYPE_ID,TERMINAL_ID,DELETE_FLAG,COLOR_ID_NUMBER_ID,AUTHORIZED_PAY_MASS) values ('B0000803','2400194', '测B04193', 4, 240194, 0, '2',15);

insert into T_SIMINFO (SIM_ID, ORG_CODE, DEPTCODE, STATE,PAY_MODLE, SIM_NUM) values(24195, 'B0000803', '中国移动', 1, '预付费', 13100004194);
insert into T_TERMINALINFO (TERMINAL_ID,TTYPE_ID,SIM_ID,TERMINAL_CODE,ORG_CODE,IS_VIDEO_TERMINAL,SP_SERVER_NAME,PROTOCOL_TYPE,CHANNELS,YT_PROTOCOL_TYPE) values(240195, 4, 24195, '1004194', 'B0000803',1,'1076测试服务器','4',8,'0');
insert into V_VEHICLEINFO (ORG_CODE,VEHICLE_ID,ID_NUMBER,TYPE_ID,TERMINAL_ID,DELETE_FLAG,COLOR_ID_NUMBER_ID,AUTHORIZED_PAY_MASS) values ('B0000803','2400195', '测B04194', 4, 240195, 0, '2',15);

insert into T_SIMINFO (SIM_ID, ORG_CODE, DEPTCODE, STATE,PAY_MODLE, SIM_NUM) values(24196, 'B0000803', '中国移动', 1, '预付费', 13100004195);
insert into T_TERMINALINFO (TERMINAL_ID,TTYPE_ID,SIM_ID,TERMINAL_CODE,ORG_CODE,IS_VIDEO_TERMINAL,SP_SERVER_NAME,PROTOCOL_TYPE,CHANNELS,YT_PROTOCOL_TYPE) values(240196, 4, 24196, '1004195', 'B0000803',1,'1076测试服务器','4',8,'0');
insert into V_VEHICLEINFO (ORG_CODE,VEHICLE_ID,ID_NUMBER,TYPE_ID,TERMINAL_ID,DELETE_FLAG,COLOR_ID_NUMBER_ID,AUTHORIZED_PAY_MASS) values ('B0000803','2400196', '测B04195', 4, 240196, 0, '2',15);

insert into T_SIMINFO (SIM_ID, ORG_CODE, DEPTCODE, STATE,PAY_MODLE, SIM_NUM) values(24197, 'B0000803', '中国移动', 1, '预付费', 13100004196);
insert into T_TERMINALINFO (TERMINAL_ID,TTYPE_ID,SIM_ID,TERMINAL_CODE,ORG_CODE,IS_VIDEO_TERMINAL,SP_SERVER_NAME,PROTOCOL_TYPE,CHANNELS,YT_PROTOCOL_TYPE) values(240197, 4, 24197, '1004196', 'B0000803',1,'1076测试服务器','4',8,'0');
insert into V_VEHICLEINFO (ORG_CODE,VEHICLE_ID,ID_NUMBER,TYPE_ID,TERMINAL_ID,DELETE_FLAG,COLOR_ID_NUMBER_ID,AUTHORIZED_PAY_MASS) values ('B0000803','2400197', '测B04196', 4, 240197, 0, '2',15);

insert into T_SIMINFO (SIM_ID, ORG_CODE, DEPTCODE, STATE,PAY_MODLE, SIM_NUM) values(24198, 'B0000803', '中国移动', 1, '预付费', 13100004197);
insert into T_TERMINALINFO (TERMINAL_ID,TTYPE_ID,SIM_ID,TERMINAL_CODE,ORG_CODE,IS_VIDEO_TERMINAL,SP_SERVER_NAME,PROTOCOL_TYPE,CHANNELS,YT_PROTOCOL_TYPE) values(240198, 4, 24198, '1004197', 'B0000803',1,'1076测试服务器','4',8,'0');
insert into V_VEHICLEINFO (ORG_CODE,VEHICLE_ID,ID_NUMBER,TYPE_ID,TERMINAL_ID,DELETE_FLAG,COLOR_ID_NUMBER_ID,AUTHORIZED_PAY_MASS) values ('B0000803','2400198', '测B04197', 4, 240198, 0, '2',15);

insert into T_SIMINFO (SIM_ID, ORG_CODE, DEPTCODE, STATE,PAY_MODLE, SIM_NUM) values(24199, 'B0000803', '中国移动', 1, '预付费', 13100004198);
insert into T_TERMINALINFO (TERMINAL_ID,TTYPE_ID,SIM_ID,TERMINAL_CODE,ORG_CODE,IS_VIDEO_TERMINAL,SP_SERVER_NAME,PROTOCOL_TYPE,CHANNELS,YT_PROTOCOL_TYPE) values(240199, 4, 24199, '1004198', 'B0000803',1,'1076测试服务器','4',8,'0');
insert into V_VEHICLEINFO (ORG_CODE,VEHICLE_ID,ID_NUMBER,TYPE_ID,TERMINAL_ID,DELETE_FLAG,COLOR_ID_NUMBER_ID,AUTHORIZED_PAY_MASS) values ('B0000803','2400199', '测B04198', 4, 240199, 0, '2',15);

insert into T_SIMINFO (SIM_ID, ORG_CODE, DEPTCODE, STATE,PAY_MODLE, SIM_NUM) values(24200, 'B0000803', '中国移动', 1, '预付费', 13100004199);
insert into T_TERMINALINFO (TERMINAL_ID,TTYPE_ID,SIM_ID,TERMINAL_CODE,ORG_CODE,IS_VIDEO_TERMINAL,SP_SERVER_NAME,PROTOCOL_TYPE,CHANNELS,YT_PROTOCOL_TYPE) values(240200, 4, 24200, '1004199', 'B0000803',1,'1076测试服务器','4',8,'0');
insert into V_VEHICLEINFO (ORG_CODE,VEHICLE_ID,ID_NUMBER,TYPE_ID,TERMINAL_ID,DELETE_FLAG,COLOR_ID_NUMBER_ID,AUTHORIZED_PAY_MASS) values ('B0000803','2400200', '测B04199', 4, 240200, 0, '2',15);

insert into T_SIMINFO (SIM_ID, ORG_CODE, DEPTCODE, STATE,PAY_MODLE, SIM_NUM) values(24201, 'B0000803', '中国移动', 1, '预付费', 13100004200);
insert into T_TERMINALINFO (TERMINAL_ID,TTYPE_ID,SIM_ID,TERMINAL_CODE,ORG_CODE,IS_VIDEO_TERMINAL,SP_SERVER_NAME,PROTOCOL_TYPE,CHANNELS,YT_PROTOCOL_TYPE) values(240201, 4, 24201, '1004200', 'B0000803',1,'1076测试服务器','4',8,'0');
insert into V_VEHICLEINFO (ORG_CODE,VEHICLE_ID,ID_NUMBER,TYPE_ID,TERMINAL_ID,DELETE_FLAG,COLOR_ID_NUMBER_ID,AUTHORIZED_PAY_MASS) values ('B0000803','2400201', '测B04200', 4, 240201, 0, '2',15);

insert into T_SIMINFO (SIM_ID, ORG_CODE, DEPTCODE, STATE,PAY_MODLE, SIM_NUM) values(24202, 'B0000803', '中国移动', 1, '预付费', 13100004201);
insert into T_TERMINALINFO (TERMINAL_ID,TTYPE_ID,SIM_ID,TERMINAL_CODE,ORG_CODE,IS_VIDEO_TERMINAL,SP_SERVER_NAME,PROTOCOL_TYPE,CHANNELS,YT_PROTOCOL_TYPE) values(240202, 4, 24202, '1004201', 'B0000803',1,'1076测试服务器','4',8,'0');
insert into V_VEHICLEINFO (ORG_CODE,VEHICLE_ID,ID_NUMBER,TYPE_ID,TERMINAL_ID,DELETE_FLAG,COLOR_ID_NUMBER_ID,AUTHORIZED_PAY_MASS) values ('B0000803','2400202', '测B04201', 4, 240202, 0, '2',15);

insert into T_SIMINFO (SIM_ID, ORG_CODE, DEPTCODE, STATE,PAY_MODLE, SIM_NUM) values(24203, 'B0000803', '中国移动', 1, '预付费', 13100004202);
insert into T_TERMINALINFO (TERMINAL_ID,TTYPE_ID,SIM_ID,TERMINAL_CODE,ORG_CODE,IS_VIDEO_TERMINAL,SP_SERVER_NAME,PROTOCOL_TYPE,CHANNELS,YT_PROTOCOL_TYPE) values(240203, 4, 24203, '1004202', 'B0000803',1,'1076测试服务器','4',8,'0');
insert into V_VEHICLEINFO (ORG_CODE,VEHICLE_ID,ID_NUMBER,TYPE_ID,TERMINAL_ID,DELETE_FLAG,COLOR_ID_NUMBER_ID,AUTHORIZED_PAY_MASS) values ('B0000803','2400203', '测B04202', 4, 240203, 0, '2',15);

insert into T_SIMINFO (SIM_ID, ORG_CODE, DEPTCODE, STATE,PAY_MODLE, SIM_NUM) values(24204, 'B0000803', '中国移动', 1, '预付费', 13100004203);
insert into T_TERMINALINFO (TERMINAL_ID,TTYPE_ID,SIM_ID,TERMINAL_CODE,ORG_CODE,IS_VIDEO_TERMINAL,SP_SERVER_NAME,PROTOCOL_TYPE,CHANNELS,YT_PROTOCOL_TYPE) values(240204, 4, 24204, '1004203', 'B0000803',1,'1076测试服务器','4',8,'0');
insert into V_VEHICLEINFO (ORG_CODE,VEHICLE_ID,ID_NUMBER,TYPE_ID,TERMINAL_ID,DELETE_FLAG,COLOR_ID_NUMBER_ID,AUTHORIZED_PAY_MASS) values ('B0000803','2400204', '测B04203', 4, 240204, 0, '2',15);

insert into T_SIMINFO (SIM_ID, ORG_CODE, DEPTCODE, STATE,PAY_MODLE, SIM_NUM) values(24205, 'B0000803', '中国移动', 1, '预付费', 13100004204);
insert into T_TERMINALINFO (TERMINAL_ID,TTYPE_ID,SIM_ID,TERMINAL_CODE,ORG_CODE,IS_VIDEO_TERMINAL,SP_SERVER_NAME,PROTOCOL_TYPE,CHANNELS,YT_PROTOCOL_TYPE) values(240205, 4, 24205, '1004204', 'B0000803',1,'1076测试服务器','4',8,'0');
insert into V_VEHICLEINFO (ORG_CODE,VEHICLE_ID,ID_NUMBER,TYPE_ID,TERMINAL_ID,DELETE_FLAG,COLOR_ID_NUMBER_ID,AUTHORIZED_PAY_MASS) values ('B0000803','2400205', '测B04204', 4, 240205, 0, '2',15);

insert into T_SIMINFO (SIM_ID, ORG_CODE, DEPTCODE, STATE,PAY_MODLE, SIM_NUM) values(24206, 'B0000803', '中国移动', 1, '预付费', 13100004205);
insert into T_TERMINALINFO (TERMINAL_ID,TTYPE_ID,SIM_ID,TERMINAL_CODE,ORG_CODE,IS_VIDEO_TERMINAL,SP_SERVER_NAME,PROTOCOL_TYPE,CHANNELS,YT_PROTOCOL_TYPE) values(240206, 4, 24206, '1004205', 'B0000803',1,'1076测试服务器','4',8,'0');
insert into V_VEHICLEINFO (ORG_CODE,VEHICLE_ID,ID_NUMBER,TYPE_ID,TERMINAL_ID,DELETE_FLAG,COLOR_ID_NUMBER_ID,AUTHORIZED_PAY_MASS) values ('B0000803','2400206', '测B04205', 4, 240206, 0, '2',15);

insert into T_SIMINFO (SIM_ID, ORG_CODE, DEPTCODE, STATE,PAY_MODLE, SIM_NUM) values(24207, 'B0000803', '中国移动', 1, '预付费', 13100004206);
insert into T_TERMINALINFO (TERMINAL_ID,TTYPE_ID,SIM_ID,TERMINAL_CODE,ORG_CODE,IS_VIDEO_TERMINAL,SP_SERVER_NAME,PROTOCOL_TYPE,CHANNELS,YT_PROTOCOL_TYPE) values(240207, 4, 24207, '1004206', 'B0000803',1,'1076测试服务器','4',8,'0');
insert into V_VEHICLEINFO (ORG_CODE,VEHICLE_ID,ID_NUMBER,TYPE_ID,TERMINAL_ID,DELETE_FLAG,COLOR_ID_NUMBER_ID,AUTHORIZED_PAY_MASS) values ('B0000803','2400207', '测B04206', 4, 240207, 0, '2',15);

insert into T_SIMINFO (SIM_ID, ORG_CODE, DEPTCODE, STATE,PAY_MODLE, SIM_NUM) values(24208, 'B0000803', '中国移动', 1, '预付费', 13100004207);
insert into T_TERMINALINFO (TERMINAL_ID,TTYPE_ID,SIM_ID,TERMINAL_CODE,ORG_CODE,IS_VIDEO_TERMINAL,SP_SERVER_NAME,PROTOCOL_TYPE,CHANNELS,YT_PROTOCOL_TYPE) values(240208, 4, 24208, '1004207', 'B0000803',1,'1076测试服务器','4',8,'0');
insert into V_VEHICLEINFO (ORG_CODE,VEHICLE_ID,ID_NUMBER,TYPE_ID,TERMINAL_ID,DELETE_FLAG,COLOR_ID_NUMBER_ID,AUTHORIZED_PAY_MASS) values ('B0000803','2400208', '测B04207', 4, 240208, 0, '2',15);

insert into T_SIMINFO (SIM_ID, ORG_CODE, DEPTCODE, STATE,PAY_MODLE, SIM_NUM) values(24209, 'B0000803', '中国移动', 1, '预付费', 13100004208);
insert into T_TERMINALINFO (TERMINAL_ID,TTYPE_ID,SIM_ID,TERMINAL_CODE,ORG_CODE,IS_VIDEO_TERMINAL,SP_SERVER_NAME,PROTOCOL_TYPE,CHANNELS,YT_PROTOCOL_TYPE) values(240209, 4, 24209, '1004208', 'B0000803',1,'1076测试服务器','4',8,'0');
insert into V_VEHICLEINFO (ORG_CODE,VEHICLE_ID,ID_NUMBER,TYPE_ID,TERMINAL_ID,DELETE_FLAG,COLOR_ID_NUMBER_ID,AUTHORIZED_PAY_MASS) values ('B0000803','2400209', '测B04208', 4, 240209, 0, '2',15);

insert into T_SIMINFO (SIM_ID, ORG_CODE, DEPTCODE, STATE,PAY_MODLE, SIM_NUM) values(24210, 'B0000803', '中国移动', 1, '预付费', 13100004209);
insert into T_TERMINALINFO (TERMINAL_ID,TTYPE_ID,SIM_ID,TERMINAL_CODE,ORG_CODE,IS_VIDEO_TERMINAL,SP_SERVER_NAME,PROTOCOL_TYPE,CHANNELS,YT_PROTOCOL_TYPE) values(240210, 4, 24210, '1004209', 'B0000803',1,'1076测试服务器','4',8,'0');
insert into V_VEHICLEINFO (ORG_CODE,VEHICLE_ID,ID_NUMBER,TYPE_ID,TERMINAL_ID,DELETE_FLAG,COLOR_ID_NUMBER_ID,AUTHORIZED_PAY_MASS) values ('B0000803','2400210', '测B04209', 4, 240210, 0, '2',15);

insert into T_SIMINFO (SIM_ID, ORG_CODE, DEPTCODE, STATE,PAY_MODLE, SIM_NUM) values(24211, 'B0000803', '中国移动', 1, '预付费', 13100004210);
insert into T_TERMINALINFO (TERMINAL_ID,TTYPE_ID,SIM_ID,TERMINAL_CODE,ORG_CODE,IS_VIDEO_TERMINAL,SP_SERVER_NAME,PROTOCOL_TYPE,CHANNELS,YT_PROTOCOL_TYPE) values(240211, 4, 24211, '1004210', 'B0000803',1,'1076测试服务器','4',8,'0');
insert into V_VEHICLEINFO (ORG_CODE,VEHICLE_ID,ID_NUMBER,TYPE_ID,TERMINAL_ID,DELETE_FLAG,COLOR_ID_NUMBER_ID,AUTHORIZED_PAY_MASS) values ('B0000803','2400211', '测B04210', 4, 240211, 0, '2',15);

insert into T_SIMINFO (SIM_ID, ORG_CODE, DEPTCODE, STATE,PAY_MODLE, SIM_NUM) values(24212, 'B0000803', '中国移动', 1, '预付费', 13100004211);
insert into T_TERMINALINFO (TERMINAL_ID,TTYPE_ID,SIM_ID,TERMINAL_CODE,ORG_CODE,IS_VIDEO_TERMINAL,SP_SERVER_NAME,PROTOCOL_TYPE,CHANNELS,YT_PROTOCOL_TYPE) values(240212, 4, 24212, '1004211', 'B0000803',1,'1076测试服务器','4',8,'0');
insert into V_VEHICLEINFO (ORG_CODE,VEHICLE_ID,ID_NUMBER,TYPE_ID,TERMINAL_ID,DELETE_FLAG,COLOR_ID_NUMBER_ID,AUTHORIZED_PAY_MASS) values ('B0000803','2400212', '测B04211', 4, 240212, 0, '2',15);

insert into T_SIMINFO (SIM_ID, ORG_CODE, DEPTCODE, STATE,PAY_MODLE, SIM_NUM) values(24213, 'B0000803', '中国移动', 1, '预付费', 13100004212);
insert into T_TERMINALINFO (TERMINAL_ID,TTYPE_ID,SIM_ID,TERMINAL_CODE,ORG_CODE,IS_VIDEO_TERMINAL,SP_SERVER_NAME,PROTOCOL_TYPE,CHANNELS,YT_PROTOCOL_TYPE) values(240213, 4, 24213, '1004212', 'B0000803',1,'1076测试服务器','4',8,'0');
insert into V_VEHICLEINFO (ORG_CODE,VEHICLE_ID,ID_NUMBER,TYPE_ID,TERMINAL_ID,DELETE_FLAG,COLOR_ID_NUMBER_ID,AUTHORIZED_PAY_MASS) values ('B0000803','2400213', '测B04212', 4, 240213, 0, '2',15);

insert into T_SIMINFO (SIM_ID, ORG_CODE, DEPTCODE, STATE,PAY_MODLE, SIM_NUM) values(24214, 'B0000803', '中国移动', 1, '预付费', 13100004213);
insert into T_TERMINALINFO (TERMINAL_ID,TTYPE_ID,SIM_ID,TERMINAL_CODE,ORG_CODE,IS_VIDEO_TERMINAL,SP_SERVER_NAME,PROTOCOL_TYPE,CHANNELS,YT_PROTOCOL_TYPE) values(240214, 4, 24214, '1004213', 'B0000803',1,'1076测试服务器','4',8,'0');
insert into V_VEHICLEINFO (ORG_CODE,VEHICLE_ID,ID_NUMBER,TYPE_ID,TERMINAL_ID,DELETE_FLAG,COLOR_ID_NUMBER_ID,AUTHORIZED_PAY_MASS) values ('B0000803','2400214', '测B04213', 4, 240214, 0, '2',15);

insert into T_SIMINFO (SIM_ID, ORG_CODE, DEPTCODE, STATE,PAY_MODLE, SIM_NUM) values(24215, 'B0000803', '中国移动', 1, '预付费', 13100004214);
insert into T_TERMINALINFO (TERMINAL_ID,TTYPE_ID,SIM_ID,TERMINAL_CODE,ORG_CODE,IS_VIDEO_TERMINAL,SP_SERVER_NAME,PROTOCOL_TYPE,CHANNELS,YT_PROTOCOL_TYPE) values(240215, 4, 24215, '1004214', 'B0000803',1,'1076测试服务器','4',8,'0');
insert into V_VEHICLEINFO (ORG_CODE,VEHICLE_ID,ID_NUMBER,TYPE_ID,TERMINAL_ID,DELETE_FLAG,COLOR_ID_NUMBER_ID,AUTHORIZED_PAY_MASS) values ('B0000803','2400215', '测B04214', 4, 240215, 0, '2',15);

insert into T_SIMINFO (SIM_ID, ORG_CODE, DEPTCODE, STATE,PAY_MODLE, SIM_NUM) values(24216, 'B0000803', '中国移动', 1, '预付费', 13100004215);
insert into T_TERMINALINFO (TERMINAL_ID,TTYPE_ID,SIM_ID,TERMINAL_CODE,ORG_CODE,IS_VIDEO_TERMINAL,SP_SERVER_NAME,PROTOCOL_TYPE,CHANNELS,YT_PROTOCOL_TYPE) values(240216, 4, 24216, '1004215', 'B0000803',1,'1076测试服务器','4',8,'0');
insert into V_VEHICLEINFO (ORG_CODE,VEHICLE_ID,ID_NUMBER,TYPE_ID,TERMINAL_ID,DELETE_FLAG,COLOR_ID_NUMBER_ID,AUTHORIZED_PAY_MASS) values ('B0000803','2400216', '测B04215', 4, 240216, 0, '2',15);

insert into T_SIMINFO (SIM_ID, ORG_CODE, DEPTCODE, STATE,PAY_MODLE, SIM_NUM) values(24217, 'B0000803', '中国移动', 1, '预付费', 13100004216);
insert into T_TERMINALINFO (TERMINAL_ID,TTYPE_ID,SIM_ID,TERMINAL_CODE,ORG_CODE,IS_VIDEO_TERMINAL,SP_SERVER_NAME,PROTOCOL_TYPE,CHANNELS,YT_PROTOCOL_TYPE) values(240217, 4, 24217, '1004216', 'B0000803',1,'1076测试服务器','4',8,'0');
insert into V_VEHICLEINFO (ORG_CODE,VEHICLE_ID,ID_NUMBER,TYPE_ID,TERMINAL_ID,DELETE_FLAG,COLOR_ID_NUMBER_ID,AUTHORIZED_PAY_MASS) values ('B0000803','2400217', '测B04216', 4, 240217, 0, '2',15);

insert into T_SIMINFO (SIM_ID, ORG_CODE, DEPTCODE, STATE,PAY_MODLE, SIM_NUM) values(24218, 'B0000803', '中国移动', 1, '预付费', 13100004217);
insert into T_TERMINALINFO (TERMINAL_ID,TTYPE_ID,SIM_ID,TERMINAL_CODE,ORG_CODE,IS_VIDEO_TERMINAL,SP_SERVER_NAME,PROTOCOL_TYPE,CHANNELS,YT_PROTOCOL_TYPE) values(240218, 4, 24218, '1004217', 'B0000803',1,'1076测试服务器','4',8,'0');
insert into V_VEHICLEINFO (ORG_CODE,VEHICLE_ID,ID_NUMBER,TYPE_ID,TERMINAL_ID,DELETE_FLAG,COLOR_ID_NUMBER_ID,AUTHORIZED_PAY_MASS) values ('B0000803','2400218', '测B04217', 4, 240218, 0, '2',15);

insert into T_SIMINFO (SIM_ID, ORG_CODE, DEPTCODE, STATE,PAY_MODLE, SIM_NUM) values(24219, 'B0000803', '中国移动', 1, '预付费', 13100004218);
insert into T_TERMINALINFO (TERMINAL_ID,TTYPE_ID,SIM_ID,TERMINAL_CODE,ORG_CODE,IS_VIDEO_TERMINAL,SP_SERVER_NAME,PROTOCOL_TYPE,CHANNELS,YT_PROTOCOL_TYPE) values(240219, 4, 24219, '1004218', 'B0000803',1,'1076测试服务器','4',8,'0');
insert into V_VEHICLEINFO (ORG_CODE,VEHICLE_ID,ID_NUMBER,TYPE_ID,TERMINAL_ID,DELETE_FLAG,COLOR_ID_NUMBER_ID,AUTHORIZED_PAY_MASS) values ('B0000803','2400219', '测B04218', 4, 240219, 0, '2',15);

insert into T_SIMINFO (SIM_ID, ORG_CODE, DEPTCODE, STATE,PAY_MODLE, SIM_NUM) values(24220, 'B0000803', '中国移动', 1, '预付费', 13100004219);
insert into T_TERMINALINFO (TERMINAL_ID,TTYPE_ID,SIM_ID,TERMINAL_CODE,ORG_CODE,IS_VIDEO_TERMINAL,SP_SERVER_NAME,PROTOCOL_TYPE,CHANNELS,YT_PROTOCOL_TYPE) values(240220, 4, 24220, '1004219', 'B0000803',1,'1076测试服务器','4',8,'0');
insert into V_VEHICLEINFO (ORG_CODE,VEHICLE_ID,ID_NUMBER,TYPE_ID,TERMINAL_ID,DELETE_FLAG,COLOR_ID_NUMBER_ID,AUTHORIZED_PAY_MASS) values ('B0000803','2400220', '测B04219', 4, 240220, 0, '2',15);

insert into T_SIMINFO (SIM_ID, ORG_CODE, DEPTCODE, STATE,PAY_MODLE, SIM_NUM) values(24221, 'B0000803', '中国移动', 1, '预付费', 13100004220);
insert into T_TERMINALINFO (TERMINAL_ID,TTYPE_ID,SIM_ID,TERMINAL_CODE,ORG_CODE,IS_VIDEO_TERMINAL,SP_SERVER_NAME,PROTOCOL_TYPE,CHANNELS,YT_PROTOCOL_TYPE) values(240221, 4, 24221, '1004220', 'B0000803',1,'1076测试服务器','4',8,'0');
insert into V_VEHICLEINFO (ORG_CODE,VEHICLE_ID,ID_NUMBER,TYPE_ID,TERMINAL_ID,DELETE_FLAG,COLOR_ID_NUMBER_ID,AUTHORIZED_PAY_MASS) values ('B0000803','2400221', '测B04220', 4, 240221, 0, '2',15);

insert into T_SIMINFO (SIM_ID, ORG_CODE, DEPTCODE, STATE,PAY_MODLE, SIM_NUM) values(24222, 'B0000803', '中国移动', 1, '预付费', 13100004221);
insert into T_TERMINALINFO (TERMINAL_ID,TTYPE_ID,SIM_ID,TERMINAL_CODE,ORG_CODE,IS_VIDEO_TERMINAL,SP_SERVER_NAME,PROTOCOL_TYPE,CHANNELS,YT_PROTOCOL_TYPE) values(240222, 4, 24222, '1004221', 'B0000803',1,'1076测试服务器','4',8,'0');
insert into V_VEHICLEINFO (ORG_CODE,VEHICLE_ID,ID_NUMBER,TYPE_ID,TERMINAL_ID,DELETE_FLAG,COLOR_ID_NUMBER_ID,AUTHORIZED_PAY_MASS) values ('B0000803','2400222', '测B04221', 4, 240222, 0, '2',15);

insert into T_SIMINFO (SIM_ID, ORG_CODE, DEPTCODE, STATE,PAY_MODLE, SIM_NUM) values(24223, 'B0000803', '中国移动', 1, '预付费', 13100004222);
insert into T_TERMINALINFO (TERMINAL_ID,TTYPE_ID,SIM_ID,TERMINAL_CODE,ORG_CODE,IS_VIDEO_TERMINAL,SP_SERVER_NAME,PROTOCOL_TYPE,CHANNELS,YT_PROTOCOL_TYPE) values(240223, 4, 24223, '1004222', 'B0000803',1,'1076测试服务器','4',8,'0');
insert into V_VEHICLEINFO (ORG_CODE,VEHICLE_ID,ID_NUMBER,TYPE_ID,TERMINAL_ID,DELETE_FLAG,COLOR_ID_NUMBER_ID,AUTHORIZED_PAY_MASS) values ('B0000803','2400223', '测B04222', 4, 240223, 0, '2',15);

insert into T_SIMINFO (SIM_ID, ORG_CODE, DEPTCODE, STATE,PAY_MODLE, SIM_NUM) values(24224, 'B0000803', '中国移动', 1, '预付费', 13100004223);
insert into T_TERMINALINFO (TERMINAL_ID,TTYPE_ID,SIM_ID,TERMINAL_CODE,ORG_CODE,IS_VIDEO_TERMINAL,SP_SERVER_NAME,PROTOCOL_TYPE,CHANNELS,YT_PROTOCOL_TYPE) values(240224, 4, 24224, '1004223', 'B0000803',1,'1076测试服务器','4',8,'0');
insert into V_VEHICLEINFO (ORG_CODE,VEHICLE_ID,ID_NUMBER,TYPE_ID,TERMINAL_ID,DELETE_FLAG,COLOR_ID_NUMBER_ID,AUTHORIZED_PAY_MASS) values ('B0000803','2400224', '测B04223', 4, 240224, 0, '2',15);

insert into T_SIMINFO (SIM_ID, ORG_CODE, DEPTCODE, STATE,PAY_MODLE, SIM_NUM) values(24225, 'B0000803', '中国移动', 1, '预付费', 13100004224);
insert into T_TERMINALINFO (TERMINAL_ID,TTYPE_ID,SIM_ID,TERMINAL_CODE,ORG_CODE,IS_VIDEO_TERMINAL,SP_SERVER_NAME,PROTOCOL_TYPE,CHANNELS,YT_PROTOCOL_TYPE) values(240225, 4, 24225, '1004224', 'B0000803',1,'1076测试服务器','4',8,'0');
insert into V_VEHICLEINFO (ORG_CODE,VEHICLE_ID,ID_NUMBER,TYPE_ID,TERMINAL_ID,DELETE_FLAG,COLOR_ID_NUMBER_ID,AUTHORIZED_PAY_MASS) values ('B0000803','2400225', '测B04224', 4, 240225, 0, '2',15);

insert into T_SIMINFO (SIM_ID, ORG_CODE, DEPTCODE, STATE,PAY_MODLE, SIM_NUM) values(24226, 'B0000803', '中国移动', 1, '预付费', 13100004225);
insert into T_TERMINALINFO (TERMINAL_ID,TTYPE_ID,SIM_ID,TERMINAL_CODE,ORG_CODE,IS_VIDEO_TERMINAL,SP_SERVER_NAME,PROTOCOL_TYPE,CHANNELS,YT_PROTOCOL_TYPE) values(240226, 4, 24226, '1004225', 'B0000803',1,'1076测试服务器','4',8,'0');
insert into V_VEHICLEINFO (ORG_CODE,VEHICLE_ID,ID_NUMBER,TYPE_ID,TERMINAL_ID,DELETE_FLAG,COLOR_ID_NUMBER_ID,AUTHORIZED_PAY_MASS) values ('B0000803','2400226', '测B04225', 4, 240226, 0, '2',15);

insert into T_SIMINFO (SIM_ID, ORG_CODE, DEPTCODE, STATE,PAY_MODLE, SIM_NUM) values(24227, 'B0000803', '中国移动', 1, '预付费', 13100004226);
insert into T_TERMINALINFO (TERMINAL_ID,TTYPE_ID,SIM_ID,TERMINAL_CODE,ORG_CODE,IS_VIDEO_TERMINAL,SP_SERVER_NAME,PROTOCOL_TYPE,CHANNELS,YT_PROTOCOL_TYPE) values(240227, 4, 24227, '1004226', 'B0000803',1,'1076测试服务器','4',8,'0');
insert into V_VEHICLEINFO (ORG_CODE,VEHICLE_ID,ID_NUMBER,TYPE_ID,TERMINAL_ID,DELETE_FLAG,COLOR_ID_NUMBER_ID,AUTHORIZED_PAY_MASS) values ('B0000803','2400227', '测B04226', 4, 240227, 0, '2',15);

insert into T_SIMINFO (SIM_ID, ORG_CODE, DEPTCODE, STATE,PAY_MODLE, SIM_NUM) values(24228, 'B0000803', '中国移动', 1, '预付费', 13100004227);
insert into T_TERMINALINFO (TERMINAL_ID,TTYPE_ID,SIM_ID,TERMINAL_CODE,ORG_CODE,IS_VIDEO_TERMINAL,SP_SERVER_NAME,PROTOCOL_TYPE,CHANNELS,YT_PROTOCOL_TYPE) values(240228, 4, 24228, '1004227', 'B0000803',1,'1076测试服务器','4',8,'0');
insert into V_VEHICLEINFO (ORG_CODE,VEHICLE_ID,ID_NUMBER,TYPE_ID,TERMINAL_ID,DELETE_FLAG,COLOR_ID_NUMBER_ID,AUTHORIZED_PAY_MASS) values ('B0000803','2400228', '测B04227', 4, 240228, 0, '2',15);

insert into T_SIMINFO (SIM_ID, ORG_CODE, DEPTCODE, STATE,PAY_MODLE, SIM_NUM) values(24229, 'B0000803', '中国移动', 1, '预付费', 13100004228);
insert into T_TERMINALINFO (TERMINAL_ID,TTYPE_ID,SIM_ID,TERMINAL_CODE,ORG_CODE,IS_VIDEO_TERMINAL,SP_SERVER_NAME,PROTOCOL_TYPE,CHANNELS,YT_PROTOCOL_TYPE) values(240229, 4, 24229, '1004228', 'B0000803',1,'1076测试服务器','4',8,'0');
insert into V_VEHICLEINFO (ORG_CODE,VEHICLE_ID,ID_NUMBER,TYPE_ID,TERMINAL_ID,DELETE_FLAG,COLOR_ID_NUMBER_ID,AUTHORIZED_PAY_MASS) values ('B0000803','2400229', '测B04228', 4, 240229, 0, '2',15);

insert into T_SIMINFO (SIM_ID, ORG_CODE, DEPTCODE, STATE,PAY_MODLE, SIM_NUM) values(24230, 'B0000803', '中国移动', 1, '预付费', 13100004229);
insert into T_TERMINALINFO (TERMINAL_ID,TTYPE_ID,SIM_ID,TERMINAL_CODE,ORG_CODE,IS_VIDEO_TERMINAL,SP_SERVER_NAME,PROTOCOL_TYPE,CHANNELS,YT_PROTOCOL_TYPE) values(240230, 4, 24230, '1004229', 'B0000803',1,'1076测试服务器','4',8,'0');
insert into V_VEHICLEINFO (ORG_CODE,VEHICLE_ID,ID_NUMBER,TYPE_ID,TERMINAL_ID,DELETE_FLAG,COLOR_ID_NUMBER_ID,AUTHORIZED_PAY_MASS) values ('B0000803','2400230', '测B04229', 4, 240230, 0, '2',15);

insert into T_SIMINFO (SIM_ID, ORG_CODE, DEPTCODE, STATE,PAY_MODLE, SIM_NUM) values(24231, 'B0000803', '中国移动', 1, '预付费', 13100004230);
insert into T_TERMINALINFO (TERMINAL_ID,TTYPE_ID,SIM_ID,TERMINAL_CODE,ORG_CODE,IS_VIDEO_TERMINAL,SP_SERVER_NAME,PROTOCOL_TYPE,CHANNELS,YT_PROTOCOL_TYPE) values(240231, 4, 24231, '1004230', 'B0000803',1,'1076测试服务器','4',8,'0');
insert into V_VEHICLEINFO (ORG_CODE,VEHICLE_ID,ID_NUMBER,TYPE_ID,TERMINAL_ID,DELETE_FLAG,COLOR_ID_NUMBER_ID,AUTHORIZED_PAY_MASS) values ('B0000803','2400231', '测B04230', 4, 240231, 0, '2',15);

insert into T_SIMINFO (SIM_ID, ORG_CODE, DEPTCODE, STATE,PAY_MODLE, SIM_NUM) values(24232, 'B0000803', '中国移动', 1, '预付费', 13100004231);
insert into T_TERMINALINFO (TERMINAL_ID,TTYPE_ID,SIM_ID,TERMINAL_CODE,ORG_CODE,IS_VIDEO_TERMINAL,SP_SERVER_NAME,PROTOCOL_TYPE,CHANNELS,YT_PROTOCOL_TYPE) values(240232, 4, 24232, '1004231', 'B0000803',1,'1076测试服务器','4',8,'0');
insert into V_VEHICLEINFO (ORG_CODE,VEHICLE_ID,ID_NUMBER,TYPE_ID,TERMINAL_ID,DELETE_FLAG,COLOR_ID_NUMBER_ID,AUTHORIZED_PAY_MASS) values ('B0000803','2400232', '测B04231', 4, 240232, 0, '2',15);

insert into T_SIMINFO (SIM_ID, ORG_CODE, DEPTCODE, STATE,PAY_MODLE, SIM_NUM) values(24233, 'B0000803', '中国移动', 1, '预付费', 13100004232);
insert into T_TERMINALINFO (TERMINAL_ID,TTYPE_ID,SIM_ID,TERMINAL_CODE,ORG_CODE,IS_VIDEO_TERMINAL,SP_SERVER_NAME,PROTOCOL_TYPE,CHANNELS,YT_PROTOCOL_TYPE) values(240233, 4, 24233, '1004232', 'B0000803',1,'1076测试服务器','4',8,'0');
insert into V_VEHICLEINFO (ORG_CODE,VEHICLE_ID,ID_NUMBER,TYPE_ID,TERMINAL_ID,DELETE_FLAG,COLOR_ID_NUMBER_ID,AUTHORIZED_PAY_MASS) values ('B0000803','2400233', '测B04232', 4, 240233, 0, '2',15);

insert into T_SIMINFO (SIM_ID, ORG_CODE, DEPTCODE, STATE,PAY_MODLE, SIM_NUM) values(24234, 'B0000803', '中国移动', 1, '预付费', 13100004233);
insert into T_TERMINALINFO (TERMINAL_ID,TTYPE_ID,SIM_ID,TERMINAL_CODE,ORG_CODE,IS_VIDEO_TERMINAL,SP_SERVER_NAME,PROTOCOL_TYPE,CHANNELS,YT_PROTOCOL_TYPE) values(240234, 4, 24234, '1004233', 'B0000803',1,'1076测试服务器','4',8,'0');
insert into V_VEHICLEINFO (ORG_CODE,VEHICLE_ID,ID_NUMBER,TYPE_ID,TERMINAL_ID,DELETE_FLAG,COLOR_ID_NUMBER_ID,AUTHORIZED_PAY_MASS) values ('B0000803','2400234', '测B04233', 4, 240234, 0, '2',15);

insert into T_SIMINFO (SIM_ID, ORG_CODE, DEPTCODE, STATE,PAY_MODLE, SIM_NUM) values(24235, 'B0000803', '中国移动', 1, '预付费', 13100004234);
insert into T_TERMINALINFO (TERMINAL_ID,TTYPE_ID,SIM_ID,TERMINAL_CODE,ORG_CODE,IS_VIDEO_TERMINAL,SP_SERVER_NAME,PROTOCOL_TYPE,CHANNELS,YT_PROTOCOL_TYPE) values(240235, 4, 24235, '1004234', 'B0000803',1,'1076测试服务器','4',8,'0');
insert into V_VEHICLEINFO (ORG_CODE,VEHICLE_ID,ID_NUMBER,TYPE_ID,TERMINAL_ID,DELETE_FLAG,COLOR_ID_NUMBER_ID,AUTHORIZED_PAY_MASS) values ('B0000803','2400235', '测B04234', 4, 240235, 0, '2',15);

insert into T_SIMINFO (SIM_ID, ORG_CODE, DEPTCODE, STATE,PAY_MODLE, SIM_NUM) values(24236, 'B0000803', '中国移动', 1, '预付费', 13100004235);
insert into T_TERMINALINFO (TERMINAL_ID,TTYPE_ID,SIM_ID,TERMINAL_CODE,ORG_CODE,IS_VIDEO_TERMINAL,SP_SERVER_NAME,PROTOCOL_TYPE,CHANNELS,YT_PROTOCOL_TYPE) values(240236, 4, 24236, '1004235', 'B0000803',1,'1076测试服务器','4',8,'0');
insert into V_VEHICLEINFO (ORG_CODE,VEHICLE_ID,ID_NUMBER,TYPE_ID,TERMINAL_ID,DELETE_FLAG,COLOR_ID_NUMBER_ID,AUTHORIZED_PAY_MASS) values ('B0000803','2400236', '测B04235', 4, 240236, 0, '2',15);

insert into T_SIMINFO (SIM_ID, ORG_CODE, DEPTCODE, STATE,PAY_MODLE, SIM_NUM) values(24237, 'B0000803', '中国移动', 1, '预付费', 13100004236);
insert into T_TERMINALINFO (TERMINAL_ID,TTYPE_ID,SIM_ID,TERMINAL_CODE,ORG_CODE,IS_VIDEO_TERMINAL,SP_SERVER_NAME,PROTOCOL_TYPE,CHANNELS,YT_PROTOCOL_TYPE) values(240237, 4, 24237, '1004236', 'B0000803',1,'1076测试服务器','4',8,'0');
insert into V_VEHICLEINFO (ORG_CODE,VEHICLE_ID,ID_NUMBER,TYPE_ID,TERMINAL_ID,DELETE_FLAG,COLOR_ID_NUMBER_ID,AUTHORIZED_PAY_MASS) values ('B0000803','2400237', '测B04236', 4, 240237, 0, '2',15);

insert into T_SIMINFO (SIM_ID, ORG_CODE, DEPTCODE, STATE,PAY_MODLE, SIM_NUM) values(24238, 'B0000803', '中国移动', 1, '预付费', 13100004237);
insert into T_TERMINALINFO (TERMINAL_ID,TTYPE_ID,SIM_ID,TERMINAL_CODE,ORG_CODE,IS_VIDEO_TERMINAL,SP_SERVER_NAME,PROTOCOL_TYPE,CHANNELS,YT_PROTOCOL_TYPE) values(240238, 4, 24238, '1004237', 'B0000803',1,'1076测试服务器','4',8,'0');
insert into V_VEHICLEINFO (ORG_CODE,VEHICLE_ID,ID_NUMBER,TYPE_ID,TERMINAL_ID,DELETE_FLAG,COLOR_ID_NUMBER_ID,AUTHORIZED_PAY_MASS) values ('B0000803','2400238', '测B04237', 4, 240238, 0, '2',15);

insert into T_SIMINFO (SIM_ID, ORG_CODE, DEPTCODE, STATE,PAY_MODLE, SIM_NUM) values(24239, 'B0000803', '中国移动', 1, '预付费', 13100004238);
insert into T_TERMINALINFO (TERMINAL_ID,TTYPE_ID,SIM_ID,TERMINAL_CODE,ORG_CODE,IS_VIDEO_TERMINAL,SP_SERVER_NAME,PROTOCOL_TYPE,CHANNELS,YT_PROTOCOL_TYPE) values(240239, 4, 24239, '1004238', 'B0000803',1,'1076测试服务器','4',8,'0');
insert into V_VEHICLEINFO (ORG_CODE,VEHICLE_ID,ID_NUMBER,TYPE_ID,TERMINAL_ID,DELETE_FLAG,COLOR_ID_NUMBER_ID,AUTHORIZED_PAY_MASS) values ('B0000803','2400239', '测B04238', 4, 240239, 0, '2',15);

insert into T_SIMINFO (SIM_ID, ORG_CODE, DEPTCODE, STATE,PAY_MODLE, SIM_NUM) values(24240, 'B0000803', '中国移动', 1, '预付费', 13100004239);
insert into T_TERMINALINFO (TERMINAL_ID,TTYPE_ID,SIM_ID,TERMINAL_CODE,ORG_CODE,IS_VIDEO_TERMINAL,SP_SERVER_NAME,PROTOCOL_TYPE,CHANNELS,YT_PROTOCOL_TYPE) values(240240, 4, 24240, '1004239', 'B0000803',1,'1076测试服务器','4',8,'0');
insert into V_VEHICLEINFO (ORG_CODE,VEHICLE_ID,ID_NUMBER,TYPE_ID,TERMINAL_ID,DELETE_FLAG,COLOR_ID_NUMBER_ID,AUTHORIZED_PAY_MASS) values ('B0000803','2400240', '测B04239', 4, 240240, 0, '2',15);

insert into T_SIMINFO (SIM_ID, ORG_CODE, DEPTCODE, STATE,PAY_MODLE, SIM_NUM) values(24241, 'B0000803', '中国移动', 1, '预付费', 13100004240);
insert into T_TERMINALINFO (TERMINAL_ID,TTYPE_ID,SIM_ID,TERMINAL_CODE,ORG_CODE,IS_VIDEO_TERMINAL,SP_SERVER_NAME,PROTOCOL_TYPE,CHANNELS,YT_PROTOCOL_TYPE) values(240241, 4, 24241, '1004240', 'B0000803',1,'1076测试服务器','4',8,'0');
insert into V_VEHICLEINFO (ORG_CODE,VEHICLE_ID,ID_NUMBER,TYPE_ID,TERMINAL_ID,DELETE_FLAG,COLOR_ID_NUMBER_ID,AUTHORIZED_PAY_MASS) values ('B0000803','2400241', '测B04240', 4, 240241, 0, '2',15);

insert into T_SIMINFO (SIM_ID, ORG_CODE, DEPTCODE, STATE,PAY_MODLE, SIM_NUM) values(24242, 'B0000803', '中国移动', 1, '预付费', 13100004241);
insert into T_TERMINALINFO (TERMINAL_ID,TTYPE_ID,SIM_ID,TERMINAL_CODE,ORG_CODE,IS_VIDEO_TERMINAL,SP_SERVER_NAME,PROTOCOL_TYPE,CHANNELS,YT_PROTOCOL_TYPE) values(240242, 4, 24242, '1004241', 'B0000803',1,'1076测试服务器','4',8,'0');
insert into V_VEHICLEINFO (ORG_CODE,VEHICLE_ID,ID_NUMBER,TYPE_ID,TERMINAL_ID,DELETE_FLAG,COLOR_ID_NUMBER_ID,AUTHORIZED_PAY_MASS) values ('B0000803','2400242', '测B04241', 4, 240242, 0, '2',15);

insert into T_SIMINFO (SIM_ID, ORG_CODE, DEPTCODE, STATE,PAY_MODLE, SIM_NUM) values(24243, 'B0000803', '中国移动', 1, '预付费', 13100004242);
insert into T_TERMINALINFO (TERMINAL_ID,TTYPE_ID,SIM_ID,TERMINAL_CODE,ORG_CODE,IS_VIDEO_TERMINAL,SP_SERVER_NAME,PROTOCOL_TYPE,CHANNELS,YT_PROTOCOL_TYPE) values(240243, 4, 24243, '1004242', 'B0000803',1,'1076测试服务器','4',8,'0');
insert into V_VEHICLEINFO (ORG_CODE,VEHICLE_ID,ID_NUMBER,TYPE_ID,TERMINAL_ID,DELETE_FLAG,COLOR_ID_NUMBER_ID,AUTHORIZED_PAY_MASS) values ('B0000803','2400243', '测B04242', 4, 240243, 0, '2',15);

insert into T_SIMINFO (SIM_ID, ORG_CODE, DEPTCODE, STATE,PAY_MODLE, SIM_NUM) values(24244, 'B0000803', '中国移动', 1, '预付费', 13100004243);
insert into T_TERMINALINFO (TERMINAL_ID,TTYPE_ID,SIM_ID,TERMINAL_CODE,ORG_CODE,IS_VIDEO_TERMINAL,SP_SERVER_NAME,PROTOCOL_TYPE,CHANNELS,YT_PROTOCOL_TYPE) values(240244, 4, 24244, '1004243', 'B0000803',1,'1076测试服务器','4',8,'0');
insert into V_VEHICLEINFO (ORG_CODE,VEHICLE_ID,ID_NUMBER,TYPE_ID,TERMINAL_ID,DELETE_FLAG,COLOR_ID_NUMBER_ID,AUTHORIZED_PAY_MASS) values ('B0000803','2400244', '测B04243', 4, 240244, 0, '2',15);

insert into T_SIMINFO (SIM_ID, ORG_CODE, DEPTCODE, STATE,PAY_MODLE, SIM_NUM) values(24245, 'B0000803', '中国移动', 1, '预付费', 13100004244);
insert into T_TERMINALINFO (TERMINAL_ID,TTYPE_ID,SIM_ID,TERMINAL_CODE,ORG_CODE,IS_VIDEO_TERMINAL,SP_SERVER_NAME,PROTOCOL_TYPE,CHANNELS,YT_PROTOCOL_TYPE) values(240245, 4, 24245, '1004244', 'B0000803',1,'1076测试服务器','4',8,'0');
insert into V_VEHICLEINFO (ORG_CODE,VEHICLE_ID,ID_NUMBER,TYPE_ID,TERMINAL_ID,DELETE_FLAG,COLOR_ID_NUMBER_ID,AUTHORIZED_PAY_MASS) values ('B0000803','2400245', '测B04244', 4, 240245, 0, '2',15);

insert into T_SIMINFO (SIM_ID, ORG_CODE, DEPTCODE, STATE,PAY_MODLE, SIM_NUM) values(24246, 'B0000803', '中国移动', 1, '预付费', 13100004245);
insert into T_TERMINALINFO (TERMINAL_ID,TTYPE_ID,SIM_ID,TERMINAL_CODE,ORG_CODE,IS_VIDEO_TERMINAL,SP_SERVER_NAME,PROTOCOL_TYPE,CHANNELS,YT_PROTOCOL_TYPE) values(240246, 4, 24246, '1004245', 'B0000803',1,'1076测试服务器','4',8,'0');
insert into V_VEHICLEINFO (ORG_CODE,VEHICLE_ID,ID_NUMBER,TYPE_ID,TERMINAL_ID,DELETE_FLAG,COLOR_ID_NUMBER_ID,AUTHORIZED_PAY_MASS) values ('B0000803','2400246', '测B04245', 4, 240246, 0, '2',15);

insert into T_SIMINFO (SIM_ID, ORG_CODE, DEPTCODE, STATE,PAY_MODLE, SIM_NUM) values(24247, 'B0000803', '中国移动', 1, '预付费', 13100004246);
insert into T_TERMINALINFO (TERMINAL_ID,TTYPE_ID,SIM_ID,TERMINAL_CODE,ORG_CODE,IS_VIDEO_TERMINAL,SP_SERVER_NAME,PROTOCOL_TYPE,CHANNELS,YT_PROTOCOL_TYPE) values(240247, 4, 24247, '1004246', 'B0000803',1,'1076测试服务器','4',8,'0');
insert into V_VEHICLEINFO (ORG_CODE,VEHICLE_ID,ID_NUMBER,TYPE_ID,TERMINAL_ID,DELETE_FLAG,COLOR_ID_NUMBER_ID,AUTHORIZED_PAY_MASS) values ('B0000803','2400247', '测B04246', 4, 240247, 0, '2',15);

insert into T_SIMINFO (SIM_ID, ORG_CODE, DEPTCODE, STATE,PAY_MODLE, SIM_NUM) values(24248, 'B0000803', '中国移动', 1, '预付费', 13100004247);
insert into T_TERMINALINFO (TERMINAL_ID,TTYPE_ID,SIM_ID,TERMINAL_CODE,ORG_CODE,IS_VIDEO_TERMINAL,SP_SERVER_NAME,PROTOCOL_TYPE,CHANNELS,YT_PROTOCOL_TYPE) values(240248, 4, 24248, '1004247', 'B0000803',1,'1076测试服务器','4',8,'0');
insert into V_VEHICLEINFO (ORG_CODE,VEHICLE_ID,ID_NUMBER,TYPE_ID,TERMINAL_ID,DELETE_FLAG,COLOR_ID_NUMBER_ID,AUTHORIZED_PAY_MASS) values ('B0000803','2400248', '测B04247', 4, 240248, 0, '2',15);

insert into T_SIMINFO (SIM_ID, ORG_CODE, DEPTCODE, STATE,PAY_MODLE, SIM_NUM) values(24249, 'B0000803', '中国移动', 1, '预付费', 13100004248);
insert into T_TERMINALINFO (TERMINAL_ID,TTYPE_ID,SIM_ID,TERMINAL_CODE,ORG_CODE,IS_VIDEO_TERMINAL,SP_SERVER_NAME,PROTOCOL_TYPE,CHANNELS,YT_PROTOCOL_TYPE) values(240249, 4, 24249, '1004248', 'B0000803',1,'1076测试服务器','4',8,'0');
insert into V_VEHICLEINFO (ORG_CODE,VEHICLE_ID,ID_NUMBER,TYPE_ID,TERMINAL_ID,DELETE_FLAG,COLOR_ID_NUMBER_ID,AUTHORIZED_PAY_MASS) values ('B0000803','2400249', '测B04248', 4, 240249, 0, '2',15);

insert into T_SIMINFO (SIM_ID, ORG_CODE, DEPTCODE, STATE,PAY_MODLE, SIM_NUM) values(24250, 'B0000803', '中国移动', 1, '预付费', 13100004249);
insert into T_TERMINALINFO (TERMINAL_ID,TTYPE_ID,SIM_ID,TERMINAL_CODE,ORG_CODE,IS_VIDEO_TERMINAL,SP_SERVER_NAME,PROTOCOL_TYPE,CHANNELS,YT_PROTOCOL_TYPE) values(240250, 4, 24250, '1004249', 'B0000803',1,'1076测试服务器','4',8,'0');
insert into V_VEHICLEINFO (ORG_CODE,VEHICLE_ID,ID_NUMBER,TYPE_ID,TERMINAL_ID,DELETE_FLAG,COLOR_ID_NUMBER_ID,AUTHORIZED_PAY_MASS) values ('B0000803','2400250', '测B04249', 4, 240250, 0, '2',15);

insert into T_SIMINFO (SIM_ID, ORG_CODE, DEPTCODE, STATE,PAY_MODLE, SIM_NUM) values(24251, 'B0000803', '中国移动', 1, '预付费', 13100004250);
insert into T_TERMINALINFO (TERMINAL_ID,TTYPE_ID,SIM_ID,TERMINAL_CODE,ORG_CODE,IS_VIDEO_TERMINAL,SP_SERVER_NAME,PROTOCOL_TYPE,CHANNELS,YT_PROTOCOL_TYPE) values(240251, 4, 24251, '1004250', 'B0000803',1,'1076测试服务器','4',8,'0');
insert into V_VEHICLEINFO (ORG_CODE,VEHICLE_ID,ID_NUMBER,TYPE_ID,TERMINAL_ID,DELETE_FLAG,COLOR_ID_NUMBER_ID,AUTHORIZED_PAY_MASS) values ('B0000803','2400251', '测B04250', 4, 240251, 0, '2',15);

insert into T_SIMINFO (SIM_ID, ORG_CODE, DEPTCODE, STATE,PAY_MODLE, SIM_NUM) values(24252, 'B0000803', '中国移动', 1, '预付费', 13100004251);
insert into T_TERMINALINFO (TERMINAL_ID,TTYPE_ID,SIM_ID,TERMINAL_CODE,ORG_CODE,IS_VIDEO_TERMINAL,SP_SERVER_NAME,PROTOCOL_TYPE,CHANNELS,YT_PROTOCOL_TYPE) values(240252, 4, 24252, '1004251', 'B0000803',1,'1076测试服务器','4',8,'0');
insert into V_VEHICLEINFO (ORG_CODE,VEHICLE_ID,ID_NUMBER,TYPE_ID,TERMINAL_ID,DELETE_FLAG,COLOR_ID_NUMBER_ID,AUTHORIZED_PAY_MASS) values ('B0000803','2400252', '测B04251', 4, 240252, 0, '2',15);

insert into T_SIMINFO (SIM_ID, ORG_CODE, DEPTCODE, STATE,PAY_MODLE, SIM_NUM) values(24253, 'B0000803', '中国移动', 1, '预付费', 13100004252);
insert into T_TERMINALINFO (TERMINAL_ID,TTYPE_ID,SIM_ID,TERMINAL_CODE,ORG_CODE,IS_VIDEO_TERMINAL,SP_SERVER_NAME,PROTOCOL_TYPE,CHANNELS,YT_PROTOCOL_TYPE) values(240253, 4, 24253, '1004252', 'B0000803',1,'1076测试服务器','4',8,'0');
insert into V_VEHICLEINFO (ORG_CODE,VEHICLE_ID,ID_NUMBER,TYPE_ID,TERMINAL_ID,DELETE_FLAG,COLOR_ID_NUMBER_ID,AUTHORIZED_PAY_MASS) values ('B0000803','2400253', '测B04252', 4, 240253, 0, '2',15);

insert into T_SIMINFO (SIM_ID, ORG_CODE, DEPTCODE, STATE,PAY_MODLE, SIM_NUM) values(24254, 'B0000803', '中国移动', 1, '预付费', 13100004253);
insert into T_TERMINALINFO (TERMINAL_ID,TTYPE_ID,SIM_ID,TERMINAL_CODE,ORG_CODE,IS_VIDEO_TERMINAL,SP_SERVER_NAME,PROTOCOL_TYPE,CHANNELS,YT_PROTOCOL_TYPE) values(240254, 4, 24254, '1004253', 'B0000803',1,'1076测试服务器','4',8,'0');
insert into V_VEHICLEINFO (ORG_CODE,VEHICLE_ID,ID_NUMBER,TYPE_ID,TERMINAL_ID,DELETE_FLAG,COLOR_ID_NUMBER_ID,AUTHORIZED_PAY_MASS) values ('B0000803','2400254', '测B04253', 4, 240254, 0, '2',15);

insert into T_SIMINFO (SIM_ID, ORG_CODE, DEPTCODE, STATE,PAY_MODLE, SIM_NUM) values(24255, 'B0000803', '中国移动', 1, '预付费', 13100004254);
insert into T_TERMINALINFO (TERMINAL_ID,TTYPE_ID,SIM_ID,TERMINAL_CODE,ORG_CODE,IS_VIDEO_TERMINAL,SP_SERVER_NAME,PROTOCOL_TYPE,CHANNELS,YT_PROTOCOL_TYPE) values(240255, 4, 24255, '1004254', 'B0000803',1,'1076测试服务器','4',8,'0');
insert into V_VEHICLEINFO (ORG_CODE,VEHICLE_ID,ID_NUMBER,TYPE_ID,TERMINAL_ID,DELETE_FLAG,COLOR_ID_NUMBER_ID,AUTHORIZED_PAY_MASS) values ('B0000803','2400255', '测B04254', 4, 240255, 0, '2',15);

insert into T_SIMINFO (SIM_ID, ORG_CODE, DEPTCODE, STATE,PAY_MODLE, SIM_NUM) values(24256, 'B0000803', '中国移动', 1, '预付费', 13100004255);
insert into T_TERMINALINFO (TERMINAL_ID,TTYPE_ID,SIM_ID,TERMINAL_CODE,ORG_CODE,IS_VIDEO_TERMINAL,SP_SERVER_NAME,PROTOCOL_TYPE,CHANNELS,YT_PROTOCOL_TYPE) values(240256, 4, 24256, '1004255', 'B0000803',1,'1076测试服务器','4',8,'0');
insert into V_VEHICLEINFO (ORG_CODE,VEHICLE_ID,ID_NUMBER,TYPE_ID,TERMINAL_ID,DELETE_FLAG,COLOR_ID_NUMBER_ID,AUTHORIZED_PAY_MASS) values ('B0000803','2400256', '测B04255', 4, 240256, 0, '2',15);

insert into T_SIMINFO (SIM_ID, ORG_CODE, DEPTCODE, STATE,PAY_MODLE, SIM_NUM) values(24257, 'B0000803', '中国移动', 1, '预付费', 13100004256);
insert into T_TERMINALINFO (TERMINAL_ID,TTYPE_ID,SIM_ID,TERMINAL_CODE,ORG_CODE,IS_VIDEO_TERMINAL,SP_SERVER_NAME,PROTOCOL_TYPE,CHANNELS,YT_PROTOCOL_TYPE) values(240257, 4, 24257, '1004256', 'B0000803',1,'1076测试服务器','4',8,'0');
insert into V_VEHICLEINFO (ORG_CODE,VEHICLE_ID,ID_NUMBER,TYPE_ID,TERMINAL_ID,DELETE_FLAG,COLOR_ID_NUMBER_ID,AUTHORIZED_PAY_MASS) values ('B0000803','2400257', '测B04256', 4, 240257, 0, '2',15);

insert into T_SIMINFO (SIM_ID, ORG_CODE, DEPTCODE, STATE,PAY_MODLE, SIM_NUM) values(24258, 'B0000803', '中国移动', 1, '预付费', 13100004257);
insert into T_TERMINALINFO (TERMINAL_ID,TTYPE_ID,SIM_ID,TERMINAL_CODE,ORG_CODE,IS_VIDEO_TERMINAL,SP_SERVER_NAME,PROTOCOL_TYPE,CHANNELS,YT_PROTOCOL_TYPE) values(240258, 4, 24258, '1004257', 'B0000803',1,'1076测试服务器','4',8,'0');
insert into V_VEHICLEINFO (ORG_CODE,VEHICLE_ID,ID_NUMBER,TYPE_ID,TERMINAL_ID,DELETE_FLAG,COLOR_ID_NUMBER_ID,AUTHORIZED_PAY_MASS) values ('B0000803','2400258', '测B04257', 4, 240258, 0, '2',15);

insert into T_SIMINFO (SIM_ID, ORG_CODE, DEPTCODE, STATE,PAY_MODLE, SIM_NUM) values(24259, 'B0000803', '中国移动', 1, '预付费', 13100004258);
insert into T_TERMINALINFO (TERMINAL_ID,TTYPE_ID,SIM_ID,TERMINAL_CODE,ORG_CODE,IS_VIDEO_TERMINAL,SP_SERVER_NAME,PROTOCOL_TYPE,CHANNELS,YT_PROTOCOL_TYPE) values(240259, 4, 24259, '1004258', 'B0000803',1,'1076测试服务器','4',8,'0');
insert into V_VEHICLEINFO (ORG_CODE,VEHICLE_ID,ID_NUMBER,TYPE_ID,TERMINAL_ID,DELETE_FLAG,COLOR_ID_NUMBER_ID,AUTHORIZED_PAY_MASS) values ('B0000803','2400259', '测B04258', 4, 240259, 0, '2',15);

insert into T_SIMINFO (SIM_ID, ORG_CODE, DEPTCODE, STATE,PAY_MODLE, SIM_NUM) values(24260, 'B0000803', '中国移动', 1, '预付费', 13100004259);
insert into T_TERMINALINFO (TERMINAL_ID,TTYPE_ID,SIM_ID,TERMINAL_CODE,ORG_CODE,IS_VIDEO_TERMINAL,SP_SERVER_NAME,PROTOCOL_TYPE,CHANNELS,YT_PROTOCOL_TYPE) values(240260, 4, 24260, '1004259', 'B0000803',1,'1076测试服务器','4',8,'0');
insert into V_VEHICLEINFO (ORG_CODE,VEHICLE_ID,ID_NUMBER,TYPE_ID,TERMINAL_ID,DELETE_FLAG,COLOR_ID_NUMBER_ID,AUTHORIZED_PAY_MASS) values ('B0000803','2400260', '测B04259', 4, 240260, 0, '2',15);

insert into T_SIMINFO (SIM_ID, ORG_CODE, DEPTCODE, STATE,PAY_MODLE, SIM_NUM) values(24261, 'B0000803', '中国移动', 1, '预付费', 13100004260);
insert into T_TERMINALINFO (TERMINAL_ID,TTYPE_ID,SIM_ID,TERMINAL_CODE,ORG_CODE,IS_VIDEO_TERMINAL,SP_SERVER_NAME,PROTOCOL_TYPE,CHANNELS,YT_PROTOCOL_TYPE) values(240261, 4, 24261, '1004260', 'B0000803',1,'1076测试服务器','4',8,'0');
insert into V_VEHICLEINFO (ORG_CODE,VEHICLE_ID,ID_NUMBER,TYPE_ID,TERMINAL_ID,DELETE_FLAG,COLOR_ID_NUMBER_ID,AUTHORIZED_PAY_MASS) values ('B0000803','2400261', '测B04260', 4, 240261, 0, '2',15);

insert into T_SIMINFO (SIM_ID, ORG_CODE, DEPTCODE, STATE,PAY_MODLE, SIM_NUM) values(24262, 'B0000803', '中国移动', 1, '预付费', 13100004261);
insert into T_TERMINALINFO (TERMINAL_ID,TTYPE_ID,SIM_ID,TERMINAL_CODE,ORG_CODE,IS_VIDEO_TERMINAL,SP_SERVER_NAME,PROTOCOL_TYPE,CHANNELS,YT_PROTOCOL_TYPE) values(240262, 4, 24262, '1004261', 'B0000803',1,'1076测试服务器','4',8,'0');
insert into V_VEHICLEINFO (ORG_CODE,VEHICLE_ID,ID_NUMBER,TYPE_ID,TERMINAL_ID,DELETE_FLAG,COLOR_ID_NUMBER_ID,AUTHORIZED_PAY_MASS) values ('B0000803','2400262', '测B04261', 4, 240262, 0, '2',15);

insert into T_SIMINFO (SIM_ID, ORG_CODE, DEPTCODE, STATE,PAY_MODLE, SIM_NUM) values(24263, 'B0000803', '中国移动', 1, '预付费', 13100004262);
insert into T_TERMINALINFO (TERMINAL_ID,TTYPE_ID,SIM_ID,TERMINAL_CODE,ORG_CODE,IS_VIDEO_TERMINAL,SP_SERVER_NAME,PROTOCOL_TYPE,CHANNELS,YT_PROTOCOL_TYPE) values(240263, 4, 24263, '1004262', 'B0000803',1,'1076测试服务器','4',8,'0');
insert into V_VEHICLEINFO (ORG_CODE,VEHICLE_ID,ID_NUMBER,TYPE_ID,TERMINAL_ID,DELETE_FLAG,COLOR_ID_NUMBER_ID,AUTHORIZED_PAY_MASS) values ('B0000803','2400263', '测B04262', 4, 240263, 0, '2',15);

insert into T_SIMINFO (SIM_ID, ORG_CODE, DEPTCODE, STATE,PAY_MODLE, SIM_NUM) values(24264, 'B0000803', '中国移动', 1, '预付费', 13100004263);
insert into T_TERMINALINFO (TERMINAL_ID,TTYPE_ID,SIM_ID,TERMINAL_CODE,ORG_CODE,IS_VIDEO_TERMINAL,SP_SERVER_NAME,PROTOCOL_TYPE,CHANNELS,YT_PROTOCOL_TYPE) values(240264, 4, 24264, '1004263', 'B0000803',1,'1076测试服务器','4',8,'0');
insert into V_VEHICLEINFO (ORG_CODE,VEHICLE_ID,ID_NUMBER,TYPE_ID,TERMINAL_ID,DELETE_FLAG,COLOR_ID_NUMBER_ID,AUTHORIZED_PAY_MASS) values ('B0000803','2400264', '测B04263', 4, 240264, 0, '2',15);

insert into T_SIMINFO (SIM_ID, ORG_CODE, DEPTCODE, STATE,PAY_MODLE, SIM_NUM) values(24265, 'B0000803', '中国移动', 1, '预付费', 13100004264);
insert into T_TERMINALINFO (TERMINAL_ID,TTYPE_ID,SIM_ID,TERMINAL_CODE,ORG_CODE,IS_VIDEO_TERMINAL,SP_SERVER_NAME,PROTOCOL_TYPE,CHANNELS,YT_PROTOCOL_TYPE) values(240265, 4, 24265, '1004264', 'B0000803',1,'1076测试服务器','4',8,'0');
insert into V_VEHICLEINFO (ORG_CODE,VEHICLE_ID,ID_NUMBER,TYPE_ID,TERMINAL_ID,DELETE_FLAG,COLOR_ID_NUMBER_ID,AUTHORIZED_PAY_MASS) values ('B0000803','2400265', '测B04264', 4, 240265, 0, '2',15);

insert into T_SIMINFO (SIM_ID, ORG_CODE, DEPTCODE, STATE,PAY_MODLE, SIM_NUM) values(24266, 'B0000803', '中国移动', 1, '预付费', 13100004265);
insert into T_TERMINALINFO (TERMINAL_ID,TTYPE_ID,SIM_ID,TERMINAL_CODE,ORG_CODE,IS_VIDEO_TERMINAL,SP_SERVER_NAME,PROTOCOL_TYPE,CHANNELS,YT_PROTOCOL_TYPE) values(240266, 4, 24266, '1004265', 'B0000803',1,'1076测试服务器','4',8,'0');
insert into V_VEHICLEINFO (ORG_CODE,VEHICLE_ID,ID_NUMBER,TYPE_ID,TERMINAL_ID,DELETE_FLAG,COLOR_ID_NUMBER_ID,AUTHORIZED_PAY_MASS) values ('B0000803','2400266', '测B04265', 4, 240266, 0, '2',15);

insert into T_SIMINFO (SIM_ID, ORG_CODE, DEPTCODE, STATE,PAY_MODLE, SIM_NUM) values(24267, 'B0000803', '中国移动', 1, '预付费', 13100004266);
insert into T_TERMINALINFO (TERMINAL_ID,TTYPE_ID,SIM_ID,TERMINAL_CODE,ORG_CODE,IS_VIDEO_TERMINAL,SP_SERVER_NAME,PROTOCOL_TYPE,CHANNELS,YT_PROTOCOL_TYPE) values(240267, 4, 24267, '1004266', 'B0000803',1,'1076测试服务器','4',8,'0');
insert into V_VEHICLEINFO (ORG_CODE,VEHICLE_ID,ID_NUMBER,TYPE_ID,TERMINAL_ID,DELETE_FLAG,COLOR_ID_NUMBER_ID,AUTHORIZED_PAY_MASS) values ('B0000803','2400267', '测B04266', 4, 240267, 0, '2',15);

insert into T_SIMINFO (SIM_ID, ORG_CODE, DEPTCODE, STATE,PAY_MODLE, SIM_NUM) values(24268, 'B0000803', '中国移动', 1, '预付费', 13100004267);
insert into T_TERMINALINFO (TERMINAL_ID,TTYPE_ID,SIM_ID,TERMINAL_CODE,ORG_CODE,IS_VIDEO_TERMINAL,SP_SERVER_NAME,PROTOCOL_TYPE,CHANNELS,YT_PROTOCOL_TYPE) values(240268, 4, 24268, '1004267', 'B0000803',1,'1076测试服务器','4',8,'0');
insert into V_VEHICLEINFO (ORG_CODE,VEHICLE_ID,ID_NUMBER,TYPE_ID,TERMINAL_ID,DELETE_FLAG,COLOR_ID_NUMBER_ID,AUTHORIZED_PAY_MASS) values ('B0000803','2400268', '测B04267', 4, 240268, 0, '2',15);

insert into T_SIMINFO (SIM_ID, ORG_CODE, DEPTCODE, STATE,PAY_MODLE, SIM_NUM) values(24269, 'B0000803', '中国移动', 1, '预付费', 13100004268);
insert into T_TERMINALINFO (TERMINAL_ID,TTYPE_ID,SIM_ID,TERMINAL_CODE,ORG_CODE,IS_VIDEO_TERMINAL,SP_SERVER_NAME,PROTOCOL_TYPE,CHANNELS,YT_PROTOCOL_TYPE) values(240269, 4, 24269, '1004268', 'B0000803',1,'1076测试服务器','4',8,'0');
insert into V_VEHICLEINFO (ORG_CODE,VEHICLE_ID,ID_NUMBER,TYPE_ID,TERMINAL_ID,DELETE_FLAG,COLOR_ID_NUMBER_ID,AUTHORIZED_PAY_MASS) values ('B0000803','2400269', '测B04268', 4, 240269, 0, '2',15);

insert into T_SIMINFO (SIM_ID, ORG_CODE, DEPTCODE, STATE,PAY_MODLE, SIM_NUM) values(24270, 'B0000803', '中国移动', 1, '预付费', 13100004269);
insert into T_TERMINALINFO (TERMINAL_ID,TTYPE_ID,SIM_ID,TERMINAL_CODE,ORG_CODE,IS_VIDEO_TERMINAL,SP_SERVER_NAME,PROTOCOL_TYPE,CHANNELS,YT_PROTOCOL_TYPE) values(240270, 4, 24270, '1004269', 'B0000803',1,'1076测试服务器','4',8,'0');
insert into V_VEHICLEINFO (ORG_CODE,VEHICLE_ID,ID_NUMBER,TYPE_ID,TERMINAL_ID,DELETE_FLAG,COLOR_ID_NUMBER_ID,AUTHORIZED_PAY_MASS) values ('B0000803','2400270', '测B04269', 4, 240270, 0, '2',15);

insert into T_SIMINFO (SIM_ID, ORG_CODE, DEPTCODE, STATE,PAY_MODLE, SIM_NUM) values(24271, 'B0000803', '中国移动', 1, '预付费', 13100004270);
insert into T_TERMINALINFO (TERMINAL_ID,TTYPE_ID,SIM_ID,TERMINAL_CODE,ORG_CODE,IS_VIDEO_TERMINAL,SP_SERVER_NAME,PROTOCOL_TYPE,CHANNELS,YT_PROTOCOL_TYPE) values(240271, 4, 24271, '1004270', 'B0000803',1,'1076测试服务器','4',8,'0');
insert into V_VEHICLEINFO (ORG_CODE,VEHICLE_ID,ID_NUMBER,TYPE_ID,TERMINAL_ID,DELETE_FLAG,COLOR_ID_NUMBER_ID,AUTHORIZED_PAY_MASS) values ('B0000803','2400271', '测B04270', 4, 240271, 0, '2',15);

insert into T_SIMINFO (SIM_ID, ORG_CODE, DEPTCODE, STATE,PAY_MODLE, SIM_NUM) values(24272, 'B0000803', '中国移动', 1, '预付费', 13100004271);
insert into T_TERMINALINFO (TERMINAL_ID,TTYPE_ID,SIM_ID,TERMINAL_CODE,ORG_CODE,IS_VIDEO_TERMINAL,SP_SERVER_NAME,PROTOCOL_TYPE,CHANNELS,YT_PROTOCOL_TYPE) values(240272, 4, 24272, '1004271', 'B0000803',1,'1076测试服务器','4',8,'0');
insert into V_VEHICLEINFO (ORG_CODE,VEHICLE_ID,ID_NUMBER,TYPE_ID,TERMINAL_ID,DELETE_FLAG,COLOR_ID_NUMBER_ID,AUTHORIZED_PAY_MASS) values ('B0000803','2400272', '测B04271', 4, 240272, 0, '2',15);

insert into T_SIMINFO (SIM_ID, ORG_CODE, DEPTCODE, STATE,PAY_MODLE, SIM_NUM) values(24273, 'B0000803', '中国移动', 1, '预付费', 13100004272);
insert into T_TERMINALINFO (TERMINAL_ID,TTYPE_ID,SIM_ID,TERMINAL_CODE,ORG_CODE,IS_VIDEO_TERMINAL,SP_SERVER_NAME,PROTOCOL_TYPE,CHANNELS,YT_PROTOCOL_TYPE) values(240273, 4, 24273, '1004272', 'B0000803',1,'1076测试服务器','4',8,'0');
insert into V_VEHICLEINFO (ORG_CODE,VEHICLE_ID,ID_NUMBER,TYPE_ID,TERMINAL_ID,DELETE_FLAG,COLOR_ID_NUMBER_ID,AUTHORIZED_PAY_MASS) values ('B0000803','2400273', '测B04272', 4, 240273, 0, '2',15);

insert into T_SIMINFO (SIM_ID, ORG_CODE, DEPTCODE, STATE,PAY_MODLE, SIM_NUM) values(24274, 'B0000803', '中国移动', 1, '预付费', 13100004273);
insert into T_TERMINALINFO (TERMINAL_ID,TTYPE_ID,SIM_ID,TERMINAL_CODE,ORG_CODE,IS_VIDEO_TERMINAL,SP_SERVER_NAME,PROTOCOL_TYPE,CHANNELS,YT_PROTOCOL_TYPE) values(240274, 4, 24274, '1004273', 'B0000803',1,'1076测试服务器','4',8,'0');
insert into V_VEHICLEINFO (ORG_CODE,VEHICLE_ID,ID_NUMBER,TYPE_ID,TERMINAL_ID,DELETE_FLAG,COLOR_ID_NUMBER_ID,AUTHORIZED_PAY_MASS) values ('B0000803','2400274', '测B04273', 4, 240274, 0, '2',15);

insert into T_SIMINFO (SIM_ID, ORG_CODE, DEPTCODE, STATE,PAY_MODLE, SIM_NUM) values(24275, 'B0000803', '中国移动', 1, '预付费', 13100004274);
insert into T_TERMINALINFO (TERMINAL_ID,TTYPE_ID,SIM_ID,TERMINAL_CODE,ORG_CODE,IS_VIDEO_TERMINAL,SP_SERVER_NAME,PROTOCOL_TYPE,CHANNELS,YT_PROTOCOL_TYPE) values(240275, 4, 24275, '1004274', 'B0000803',1,'1076测试服务器','4',8,'0');
insert into V_VEHICLEINFO (ORG_CODE,VEHICLE_ID,ID_NUMBER,TYPE_ID,TERMINAL_ID,DELETE_FLAG,COLOR_ID_NUMBER_ID,AUTHORIZED_PAY_MASS) values ('B0000803','2400275', '测B04274', 4, 240275, 0, '2',15);

insert into T_SIMINFO (SIM_ID, ORG_CODE, DEPTCODE, STATE,PAY_MODLE, SIM_NUM) values(24276, 'B0000803', '中国移动', 1, '预付费', 13100004275);
insert into T_TERMINALINFO (TERMINAL_ID,TTYPE_ID,SIM_ID,TERMINAL_CODE,ORG_CODE,IS_VIDEO_TERMINAL,SP_SERVER_NAME,PROTOCOL_TYPE,CHANNELS,YT_PROTOCOL_TYPE) values(240276, 4, 24276, '1004275', 'B0000803',1,'1076测试服务器','4',8,'0');
insert into V_VEHICLEINFO (ORG_CODE,VEHICLE_ID,ID_NUMBER,TYPE_ID,TERMINAL_ID,DELETE_FLAG,COLOR_ID_NUMBER_ID,AUTHORIZED_PAY_MASS) values ('B0000803','2400276', '测B04275', 4, 240276, 0, '2',15);

insert into T_SIMINFO (SIM_ID, ORG_CODE, DEPTCODE, STATE,PAY_MODLE, SIM_NUM) values(24277, 'B0000803', '中国移动', 1, '预付费', 13100004276);
insert into T_TERMINALINFO (TERMINAL_ID,TTYPE_ID,SIM_ID,TERMINAL_CODE,ORG_CODE,IS_VIDEO_TERMINAL,SP_SERVER_NAME,PROTOCOL_TYPE,CHANNELS,YT_PROTOCOL_TYPE) values(240277, 4, 24277, '1004276', 'B0000803',1,'1076测试服务器','4',8,'0');
insert into V_VEHICLEINFO (ORG_CODE,VEHICLE_ID,ID_NUMBER,TYPE_ID,TERMINAL_ID,DELETE_FLAG,COLOR_ID_NUMBER_ID,AUTHORIZED_PAY_MASS) values ('B0000803','2400277', '测B04276', 4, 240277, 0, '2',15);

insert into T_SIMINFO (SIM_ID, ORG_CODE, DEPTCODE, STATE,PAY_MODLE, SIM_NUM) values(24278, 'B0000803', '中国移动', 1, '预付费', 13100004277);
insert into T_TERMINALINFO (TERMINAL_ID,TTYPE_ID,SIM_ID,TERMINAL_CODE,ORG_CODE,IS_VIDEO_TERMINAL,SP_SERVER_NAME,PROTOCOL_TYPE,CHANNELS,YT_PROTOCOL_TYPE) values(240278, 4, 24278, '1004277', 'B0000803',1,'1076测试服务器','4',8,'0');
insert into V_VEHICLEINFO (ORG_CODE,VEHICLE_ID,ID_NUMBER,TYPE_ID,TERMINAL_ID,DELETE_FLAG,COLOR_ID_NUMBER_ID,AUTHORIZED_PAY_MASS) values ('B0000803','2400278', '测B04277', 4, 240278, 0, '2',15);

insert into T_SIMINFO (SIM_ID, ORG_CODE, DEPTCODE, STATE,PAY_MODLE, SIM_NUM) values(24279, 'B0000803', '中国移动', 1, '预付费', 13100004278);
insert into T_TERMINALINFO (TERMINAL_ID,TTYPE_ID,SIM_ID,TERMINAL_CODE,ORG_CODE,IS_VIDEO_TERMINAL,SP_SERVER_NAME,PROTOCOL_TYPE,CHANNELS,YT_PROTOCOL_TYPE) values(240279, 4, 24279, '1004278', 'B0000803',1,'1076测试服务器','4',8,'0');
insert into V_VEHICLEINFO (ORG_CODE,VEHICLE_ID,ID_NUMBER,TYPE_ID,TERMINAL_ID,DELETE_FLAG,COLOR_ID_NUMBER_ID,AUTHORIZED_PAY_MASS) values ('B0000803','2400279', '测B04278', 4, 240279, 0, '2',15);

insert into T_SIMINFO (SIM_ID, ORG_CODE, DEPTCODE, STATE,PAY_MODLE, SIM_NUM) values(24280, 'B0000803', '中国移动', 1, '预付费', 13100004279);
insert into T_TERMINALINFO (TERMINAL_ID,TTYPE_ID,SIM_ID,TERMINAL_CODE,ORG_CODE,IS_VIDEO_TERMINAL,SP_SERVER_NAME,PROTOCOL_TYPE,CHANNELS,YT_PROTOCOL_TYPE) values(240280, 4, 24280, '1004279', 'B0000803',1,'1076测试服务器','4',8,'0');
insert into V_VEHICLEINFO (ORG_CODE,VEHICLE_ID,ID_NUMBER,TYPE_ID,TERMINAL_ID,DELETE_FLAG,COLOR_ID_NUMBER_ID,AUTHORIZED_PAY_MASS) values ('B0000803','2400280', '测B04279', 4, 240280, 0, '2',15);

insert into T_SIMINFO (SIM_ID, ORG_CODE, DEPTCODE, STATE,PAY_MODLE, SIM_NUM) values(24281, 'B0000803', '中国移动', 1, '预付费', 13100004280);
insert into T_TERMINALINFO (TERMINAL_ID,TTYPE_ID,SIM_ID,TERMINAL_CODE,ORG_CODE,IS_VIDEO_TERMINAL,SP_SERVER_NAME,PROTOCOL_TYPE,CHANNELS,YT_PROTOCOL_TYPE) values(240281, 4, 24281, '1004280', 'B0000803',1,'1076测试服务器','4',8,'0');
insert into V_VEHICLEINFO (ORG_CODE,VEHICLE_ID,ID_NUMBER,TYPE_ID,TERMINAL_ID,DELETE_FLAG,COLOR_ID_NUMBER_ID,AUTHORIZED_PAY_MASS) values ('B0000803','2400281', '测B04280', 4, 240281, 0, '2',15);

insert into T_SIMINFO (SIM_ID, ORG_CODE, DEPTCODE, STATE,PAY_MODLE, SIM_NUM) values(24282, 'B0000803', '中国移动', 1, '预付费', 13100004281);
insert into T_TERMINALINFO (TERMINAL_ID,TTYPE_ID,SIM_ID,TERMINAL_CODE,ORG_CODE,IS_VIDEO_TERMINAL,SP_SERVER_NAME,PROTOCOL_TYPE,CHANNELS,YT_PROTOCOL_TYPE) values(240282, 4, 24282, '1004281', 'B0000803',1,'1076测试服务器','4',8,'0');
insert into V_VEHICLEINFO (ORG_CODE,VEHICLE_ID,ID_NUMBER,TYPE_ID,TERMINAL_ID,DELETE_FLAG,COLOR_ID_NUMBER_ID,AUTHORIZED_PAY_MASS) values ('B0000803','2400282', '测B04281', 4, 240282, 0, '2',15);

insert into T_SIMINFO (SIM_ID, ORG_CODE, DEPTCODE, STATE,PAY_MODLE, SIM_NUM) values(24283, 'B0000803', '中国移动', 1, '预付费', 13100004282);
insert into T_TERMINALINFO (TERMINAL_ID,TTYPE_ID,SIM_ID,TERMINAL_CODE,ORG_CODE,IS_VIDEO_TERMINAL,SP_SERVER_NAME,PROTOCOL_TYPE,CHANNELS,YT_PROTOCOL_TYPE) values(240283, 4, 24283, '1004282', 'B0000803',1,'1076测试服务器','4',8,'0');
insert into V_VEHICLEINFO (ORG_CODE,VEHICLE_ID,ID_NUMBER,TYPE_ID,TERMINAL_ID,DELETE_FLAG,COLOR_ID_NUMBER_ID,AUTHORIZED_PAY_MASS) values ('B0000803','2400283', '测B04282', 4, 240283, 0, '2',15);

insert into T_SIMINFO (SIM_ID, ORG_CODE, DEPTCODE, STATE,PAY_MODLE, SIM_NUM) values(24284, 'B0000803', '中国移动', 1, '预付费', 13100004283);
insert into T_TERMINALINFO (TERMINAL_ID,TTYPE_ID,SIM_ID,TERMINAL_CODE,ORG_CODE,IS_VIDEO_TERMINAL,SP_SERVER_NAME,PROTOCOL_TYPE,CHANNELS,YT_PROTOCOL_TYPE) values(240284, 4, 24284, '1004283', 'B0000803',1,'1076测试服务器','4',8,'0');
insert into V_VEHICLEINFO (ORG_CODE,VEHICLE_ID,ID_NUMBER,TYPE_ID,TERMINAL_ID,DELETE_FLAG,COLOR_ID_NUMBER_ID,AUTHORIZED_PAY_MASS) values ('B0000803','2400284', '测B04283', 4, 240284, 0, '2',15);

insert into T_SIMINFO (SIM_ID, ORG_CODE, DEPTCODE, STATE,PAY_MODLE, SIM_NUM) values(24285, 'B0000803', '中国移动', 1, '预付费', 13100004284);
insert into T_TERMINALINFO (TERMINAL_ID,TTYPE_ID,SIM_ID,TERMINAL_CODE,ORG_CODE,IS_VIDEO_TERMINAL,SP_SERVER_NAME,PROTOCOL_TYPE,CHANNELS,YT_PROTOCOL_TYPE) values(240285, 4, 24285, '1004284', 'B0000803',1,'1076测试服务器','4',8,'0');
insert into V_VEHICLEINFO (ORG_CODE,VEHICLE_ID,ID_NUMBER,TYPE_ID,TERMINAL_ID,DELETE_FLAG,COLOR_ID_NUMBER_ID,AUTHORIZED_PAY_MASS) values ('B0000803','2400285', '测B04284', 4, 240285, 0, '2',15);

insert into T_SIMINFO (SIM_ID, ORG_CODE, DEPTCODE, STATE,PAY_MODLE, SIM_NUM) values(24286, 'B0000803', '中国移动', 1, '预付费', 13100004285);
insert into T_TERMINALINFO (TERMINAL_ID,TTYPE_ID,SIM_ID,TERMINAL_CODE,ORG_CODE,IS_VIDEO_TERMINAL,SP_SERVER_NAME,PROTOCOL_TYPE,CHANNELS,YT_PROTOCOL_TYPE) values(240286, 4, 24286, '1004285', 'B0000803',1,'1076测试服务器','4',8,'0');
insert into V_VEHICLEINFO (ORG_CODE,VEHICLE_ID,ID_NUMBER,TYPE_ID,TERMINAL_ID,DELETE_FLAG,COLOR_ID_NUMBER_ID,AUTHORIZED_PAY_MASS) values ('B0000803','2400286', '测B04285', 4, 240286, 0, '2',15);

insert into T_SIMINFO (SIM_ID, ORG_CODE, DEPTCODE, STATE,PAY_MODLE, SIM_NUM) values(24287, 'B0000803', '中国移动', 1, '预付费', 13100004286);
insert into T_TERMINALINFO (TERMINAL_ID,TTYPE_ID,SIM_ID,TERMINAL_CODE,ORG_CODE,IS_VIDEO_TERMINAL,SP_SERVER_NAME,PROTOCOL_TYPE,CHANNELS,YT_PROTOCOL_TYPE) values(240287, 4, 24287, '1004286', 'B0000803',1,'1076测试服务器','4',8,'0');
insert into V_VEHICLEINFO (ORG_CODE,VEHICLE_ID,ID_NUMBER,TYPE_ID,TERMINAL_ID,DELETE_FLAG,COLOR_ID_NUMBER_ID,AUTHORIZED_PAY_MASS) values ('B0000803','2400287', '测B04286', 4, 240287, 0, '2',15);

insert into T_SIMINFO (SIM_ID, ORG_CODE, DEPTCODE, STATE,PAY_MODLE, SIM_NUM) values(24288, 'B0000803', '中国移动', 1, '预付费', 13100004287);
insert into T_TERMINALINFO (TERMINAL_ID,TTYPE_ID,SIM_ID,TERMINAL_CODE,ORG_CODE,IS_VIDEO_TERMINAL,SP_SERVER_NAME,PROTOCOL_TYPE,CHANNELS,YT_PROTOCOL_TYPE) values(240288, 4, 24288, '1004287', 'B0000803',1,'1076测试服务器','4',8,'0');
insert into V_VEHICLEINFO (ORG_CODE,VEHICLE_ID,ID_NUMBER,TYPE_ID,TERMINAL_ID,DELETE_FLAG,COLOR_ID_NUMBER_ID,AUTHORIZED_PAY_MASS) values ('B0000803','2400288', '测B04287', 4, 240288, 0, '2',15);

insert into T_SIMINFO (SIM_ID, ORG_CODE, DEPTCODE, STATE,PAY_MODLE, SIM_NUM) values(24289, 'B0000803', '中国移动', 1, '预付费', 13100004288);
insert into T_TERMINALINFO (TERMINAL_ID,TTYPE_ID,SIM_ID,TERMINAL_CODE,ORG_CODE,IS_VIDEO_TERMINAL,SP_SERVER_NAME,PROTOCOL_TYPE,CHANNELS,YT_PROTOCOL_TYPE) values(240289, 4, 24289, '1004288', 'B0000803',1,'1076测试服务器','4',8,'0');
insert into V_VEHICLEINFO (ORG_CODE,VEHICLE_ID,ID_NUMBER,TYPE_ID,TERMINAL_ID,DELETE_FLAG,COLOR_ID_NUMBER_ID,AUTHORIZED_PAY_MASS) values ('B0000803','2400289', '测B04288', 4, 240289, 0, '2',15);

insert into T_SIMINFO (SIM_ID, ORG_CODE, DEPTCODE, STATE,PAY_MODLE, SIM_NUM) values(24290, 'B0000803', '中国移动', 1, '预付费', 13100004289);
insert into T_TERMINALINFO (TERMINAL_ID,TTYPE_ID,SIM_ID,TERMINAL_CODE,ORG_CODE,IS_VIDEO_TERMINAL,SP_SERVER_NAME,PROTOCOL_TYPE,CHANNELS,YT_PROTOCOL_TYPE) values(240290, 4, 24290, '1004289', 'B0000803',1,'1076测试服务器','4',8,'0');
insert into V_VEHICLEINFO (ORG_CODE,VEHICLE_ID,ID_NUMBER,TYPE_ID,TERMINAL_ID,DELETE_FLAG,COLOR_ID_NUMBER_ID,AUTHORIZED_PAY_MASS) values ('B0000803','2400290', '测B04289', 4, 240290, 0, '2',15);

insert into T_SIMINFO (SIM_ID, ORG_CODE, DEPTCODE, STATE,PAY_MODLE, SIM_NUM) values(24291, 'B0000803', '中国移动', 1, '预付费', 13100004290);
insert into T_TERMINALINFO (TERMINAL_ID,TTYPE_ID,SIM_ID,TERMINAL_CODE,ORG_CODE,IS_VIDEO_TERMINAL,SP_SERVER_NAME,PROTOCOL_TYPE,CHANNELS,YT_PROTOCOL_TYPE) values(240291, 4, 24291, '1004290', 'B0000803',1,'1076测试服务器','4',8,'0');
insert into V_VEHICLEINFO (ORG_CODE,VEHICLE_ID,ID_NUMBER,TYPE_ID,TERMINAL_ID,DELETE_FLAG,COLOR_ID_NUMBER_ID,AUTHORIZED_PAY_MASS) values ('B0000803','2400291', '测B04290', 4, 240291, 0, '2',15);

insert into T_SIMINFO (SIM_ID, ORG_CODE, DEPTCODE, STATE,PAY_MODLE, SIM_NUM) values(24292, 'B0000803', '中国移动', 1, '预付费', 13100004291);
insert into T_TERMINALINFO (TERMINAL_ID,TTYPE_ID,SIM_ID,TERMINAL_CODE,ORG_CODE,IS_VIDEO_TERMINAL,SP_SERVER_NAME,PROTOCOL_TYPE,CHANNELS,YT_PROTOCOL_TYPE) values(240292, 4, 24292, '1004291', 'B0000803',1,'1076测试服务器','4',8,'0');
insert into V_VEHICLEINFO (ORG_CODE,VEHICLE_ID,ID_NUMBER,TYPE_ID,TERMINAL_ID,DELETE_FLAG,COLOR_ID_NUMBER_ID,AUTHORIZED_PAY_MASS) values ('B0000803','2400292', '测B04291', 4, 240292, 0, '2',15);

insert into T_SIMINFO (SIM_ID, ORG_CODE, DEPTCODE, STATE,PAY_MODLE, SIM_NUM) values(24293, 'B0000803', '中国移动', 1, '预付费', 13100004292);
insert into T_TERMINALINFO (TERMINAL_ID,TTYPE_ID,SIM_ID,TERMINAL_CODE,ORG_CODE,IS_VIDEO_TERMINAL,SP_SERVER_NAME,PROTOCOL_TYPE,CHANNELS,YT_PROTOCOL_TYPE) values(240293, 4, 24293, '1004292', 'B0000803',1,'1076测试服务器','4',8,'0');
insert into V_VEHICLEINFO (ORG_CODE,VEHICLE_ID,ID_NUMBER,TYPE_ID,TERMINAL_ID,DELETE_FLAG,COLOR_ID_NUMBER_ID,AUTHORIZED_PAY_MASS) values ('B0000803','2400293', '测B04292', 4, 240293, 0, '2',15);

insert into T_SIMINFO (SIM_ID, ORG_CODE, DEPTCODE, STATE,PAY_MODLE, SIM_NUM) values(24294, 'B0000803', '中国移动', 1, '预付费', 13100004293);
insert into T_TERMINALINFO (TERMINAL_ID,TTYPE_ID,SIM_ID,TERMINAL_CODE,ORG_CODE,IS_VIDEO_TERMINAL,SP_SERVER_NAME,PROTOCOL_TYPE,CHANNELS,YT_PROTOCOL_TYPE) values(240294, 4, 24294, '1004293', 'B0000803',1,'1076测试服务器','4',8,'0');
insert into V_VEHICLEINFO (ORG_CODE,VEHICLE_ID,ID_NUMBER,TYPE_ID,TERMINAL_ID,DELETE_FLAG,COLOR_ID_NUMBER_ID,AUTHORIZED_PAY_MASS) values ('B0000803','2400294', '测B04293', 4, 240294, 0, '2',15);

insert into T_SIMINFO (SIM_ID, ORG_CODE, DEPTCODE, STATE,PAY_MODLE, SIM_NUM) values(24295, 'B0000803', '中国移动', 1, '预付费', 13100004294);
insert into T_TERMINALINFO (TERMINAL_ID,TTYPE_ID,SIM_ID,TERMINAL_CODE,ORG_CODE,IS_VIDEO_TERMINAL,SP_SERVER_NAME,PROTOCOL_TYPE,CHANNELS,YT_PROTOCOL_TYPE) values(240295, 4, 24295, '1004294', 'B0000803',1,'1076测试服务器','4',8,'0');
insert into V_VEHICLEINFO (ORG_CODE,VEHICLE_ID,ID_NUMBER,TYPE_ID,TERMINAL_ID,DELETE_FLAG,COLOR_ID_NUMBER_ID,AUTHORIZED_PAY_MASS) values ('B0000803','2400295', '测B04294', 4, 240295, 0, '2',15);

insert into T_SIMINFO (SIM_ID, ORG_CODE, DEPTCODE, STATE,PAY_MODLE, SIM_NUM) values(24296, 'B0000803', '中国移动', 1, '预付费', 13100004295);
insert into T_TERMINALINFO (TERMINAL_ID,TTYPE_ID,SIM_ID,TERMINAL_CODE,ORG_CODE,IS_VIDEO_TERMINAL,SP_SERVER_NAME,PROTOCOL_TYPE,CHANNELS,YT_PROTOCOL_TYPE) values(240296, 4, 24296, '1004295', 'B0000803',1,'1076测试服务器','4',8,'0');
insert into V_VEHICLEINFO (ORG_CODE,VEHICLE_ID,ID_NUMBER,TYPE_ID,TERMINAL_ID,DELETE_FLAG,COLOR_ID_NUMBER_ID,AUTHORIZED_PAY_MASS) values ('B0000803','2400296', '测B04295', 4, 240296, 0, '2',15);

insert into T_SIMINFO (SIM_ID, ORG_CODE, DEPTCODE, STATE,PAY_MODLE, SIM_NUM) values(24297, 'B0000803', '中国移动', 1, '预付费', 13100004296);
insert into T_TERMINALINFO (TERMINAL_ID,TTYPE_ID,SIM_ID,TERMINAL_CODE,ORG_CODE,IS_VIDEO_TERMINAL,SP_SERVER_NAME,PROTOCOL_TYPE,CHANNELS,YT_PROTOCOL_TYPE) values(240297, 4, 24297, '1004296', 'B0000803',1,'1076测试服务器','4',8,'0');
insert into V_VEHICLEINFO (ORG_CODE,VEHICLE_ID,ID_NUMBER,TYPE_ID,TERMINAL_ID,DELETE_FLAG,COLOR_ID_NUMBER_ID,AUTHORIZED_PAY_MASS) values ('B0000803','2400297', '测B04296', 4, 240297, 0, '2',15);

insert into T_SIMINFO (SIM_ID, ORG_CODE, DEPTCODE, STATE,PAY_MODLE, SIM_NUM) values(24298, 'B0000803', '中国移动', 1, '预付费', 13100004297);
insert into T_TERMINALINFO (TERMINAL_ID,TTYPE_ID,SIM_ID,TERMINAL_CODE,ORG_CODE,IS_VIDEO_TERMINAL,SP_SERVER_NAME,PROTOCOL_TYPE,CHANNELS,YT_PROTOCOL_TYPE) values(240298, 4, 24298, '1004297', 'B0000803',1,'1076测试服务器','4',8,'0');
insert into V_VEHICLEINFO (ORG_CODE,VEHICLE_ID,ID_NUMBER,TYPE_ID,TERMINAL_ID,DELETE_FLAG,COLOR_ID_NUMBER_ID,AUTHORIZED_PAY_MASS) values ('B0000803','2400298', '测B04297', 4, 240298, 0, '2',15);

insert into T_SIMINFO (SIM_ID, ORG_CODE, DEPTCODE, STATE,PAY_MODLE, SIM_NUM) values(24299, 'B0000803', '中国移动', 1, '预付费', 13100004298);
insert into T_TERMINALINFO (TERMINAL_ID,TTYPE_ID,SIM_ID,TERMINAL_CODE,ORG_CODE,IS_VIDEO_TERMINAL,SP_SERVER_NAME,PROTOCOL_TYPE,CHANNELS,YT_PROTOCOL_TYPE) values(240299, 4, 24299, '1004298', 'B0000803',1,'1076测试服务器','4',8,'0');
insert into V_VEHICLEINFO (ORG_CODE,VEHICLE_ID,ID_NUMBER,TYPE_ID,TERMINAL_ID,DELETE_FLAG,COLOR_ID_NUMBER_ID,AUTHORIZED_PAY_MASS) values ('B0000803','2400299', '测B04298', 4, 240299, 0, '2',15);

insert into T_SIMINFO (SIM_ID, ORG_CODE, DEPTCODE, STATE,PAY_MODLE, SIM_NUM) values(24300, 'B0000803', '中国移动', 1, '预付费', 13100004299);
insert into T_TERMINALINFO (TERMINAL_ID,TTYPE_ID,SIM_ID,TERMINAL_CODE,ORG_CODE,IS_VIDEO_TERMINAL,SP_SERVER_NAME,PROTOCOL_TYPE,CHANNELS,YT_PROTOCOL_TYPE) values(240300, 4, 24300, '1004299', 'B0000803',1,'1076测试服务器','4',8,'0');
insert into V_VEHICLEINFO (ORG_CODE,VEHICLE_ID,ID_NUMBER,TYPE_ID,TERMINAL_ID,DELETE_FLAG,COLOR_ID_NUMBER_ID,AUTHORIZED_PAY_MASS) values ('B0000803','2400300', '测B04299', 4, 240300, 0, '2',15);

insert into T_SIMINFO (SIM_ID, ORG_CODE, DEPTCODE, STATE,PAY_MODLE, SIM_NUM) values(24301, 'B0000803', '中国移动', 1, '预付费', 13100004300);
insert into T_TERMINALINFO (TERMINAL_ID,TTYPE_ID,SIM_ID,TERMINAL_CODE,ORG_CODE,IS_VIDEO_TERMINAL,SP_SERVER_NAME,PROTOCOL_TYPE,CHANNELS,YT_PROTOCOL_TYPE) values(240301, 4, 24301, '1004300', 'B0000803',1,'1076测试服务器','4',8,'0');
insert into V_VEHICLEINFO (ORG_CODE,VEHICLE_ID,ID_NUMBER,TYPE_ID,TERMINAL_ID,DELETE_FLAG,COLOR_ID_NUMBER_ID,AUTHORIZED_PAY_MASS) values ('B0000803','2400301', '测B04300', 4, 240301, 0, '2',15);

insert into T_SIMINFO (SIM_ID, ORG_CODE, DEPTCODE, STATE,PAY_MODLE, SIM_NUM) values(24302, 'B0000803', '中国移动', 1, '预付费', 13100004301);
insert into T_TERMINALINFO (TERMINAL_ID,TTYPE_ID,SIM_ID,TERMINAL_CODE,ORG_CODE,IS_VIDEO_TERMINAL,SP_SERVER_NAME,PROTOCOL_TYPE,CHANNELS,YT_PROTOCOL_TYPE) values(240302, 4, 24302, '1004301', 'B0000803',1,'1076测试服务器','4',8,'0');
insert into V_VEHICLEINFO (ORG_CODE,VEHICLE_ID,ID_NUMBER,TYPE_ID,TERMINAL_ID,DELETE_FLAG,COLOR_ID_NUMBER_ID,AUTHORIZED_PAY_MASS) values ('B0000803','2400302', '测B04301', 4, 240302, 0, '2',15);

insert into T_SIMINFO (SIM_ID, ORG_CODE, DEPTCODE, STATE,PAY_MODLE, SIM_NUM) values(24303, 'B0000803', '中国移动', 1, '预付费', 13100004302);
insert into T_TERMINALINFO (TERMINAL_ID,TTYPE_ID,SIM_ID,TERMINAL_CODE,ORG_CODE,IS_VIDEO_TERMINAL,SP_SERVER_NAME,PROTOCOL_TYPE,CHANNELS,YT_PROTOCOL_TYPE) values(240303, 4, 24303, '1004302', 'B0000803',1,'1076测试服务器','4',8,'0');
insert into V_VEHICLEINFO (ORG_CODE,VEHICLE_ID,ID_NUMBER,TYPE_ID,TERMINAL_ID,DELETE_FLAG,COLOR_ID_NUMBER_ID,AUTHORIZED_PAY_MASS) values ('B0000803','2400303', '测B04302', 4, 240303, 0, '2',15);

insert into T_SIMINFO (SIM_ID, ORG_CODE, DEPTCODE, STATE,PAY_MODLE, SIM_NUM) values(24304, 'B0000803', '中国移动', 1, '预付费', 13100004303);
insert into T_TERMINALINFO (TERMINAL_ID,TTYPE_ID,SIM_ID,TERMINAL_CODE,ORG_CODE,IS_VIDEO_TERMINAL,SP_SERVER_NAME,PROTOCOL_TYPE,CHANNELS,YT_PROTOCOL_TYPE) values(240304, 4, 24304, '1004303', 'B0000803',1,'1076测试服务器','4',8,'0');
insert into V_VEHICLEINFO (ORG_CODE,VEHICLE_ID,ID_NUMBER,TYPE_ID,TERMINAL_ID,DELETE_FLAG,COLOR_ID_NUMBER_ID,AUTHORIZED_PAY_MASS) values ('B0000803','2400304', '测B04303', 4, 240304, 0, '2',15);

insert into T_SIMINFO (SIM_ID, ORG_CODE, DEPTCODE, STATE,PAY_MODLE, SIM_NUM) values(24305, 'B0000803', '中国移动', 1, '预付费', 13100004304);
insert into T_TERMINALINFO (TERMINAL_ID,TTYPE_ID,SIM_ID,TERMINAL_CODE,ORG_CODE,IS_VIDEO_TERMINAL,SP_SERVER_NAME,PROTOCOL_TYPE,CHANNELS,YT_PROTOCOL_TYPE) values(240305, 4, 24305, '1004304', 'B0000803',1,'1076测试服务器','4',8,'0');
insert into V_VEHICLEINFO (ORG_CODE,VEHICLE_ID,ID_NUMBER,TYPE_ID,TERMINAL_ID,DELETE_FLAG,COLOR_ID_NUMBER_ID,AUTHORIZED_PAY_MASS) values ('B0000803','2400305', '测B04304', 4, 240305, 0, '2',15);

insert into T_SIMINFO (SIM_ID, ORG_CODE, DEPTCODE, STATE,PAY_MODLE, SIM_NUM) values(24306, 'B0000803', '中国移动', 1, '预付费', 13100004305);
insert into T_TERMINALINFO (TERMINAL_ID,TTYPE_ID,SIM_ID,TERMINAL_CODE,ORG_CODE,IS_VIDEO_TERMINAL,SP_SERVER_NAME,PROTOCOL_TYPE,CHANNELS,YT_PROTOCOL_TYPE) values(240306, 4, 24306, '1004305', 'B0000803',1,'1076测试服务器','4',8,'0');
insert into V_VEHICLEINFO (ORG_CODE,VEHICLE_ID,ID_NUMBER,TYPE_ID,TERMINAL_ID,DELETE_FLAG,COLOR_ID_NUMBER_ID,AUTHORIZED_PAY_MASS) values ('B0000803','2400306', '测B04305', 4, 240306, 0, '2',15);

insert into T_SIMINFO (SIM_ID, ORG_CODE, DEPTCODE, STATE,PAY_MODLE, SIM_NUM) values(24307, 'B0000803', '中国移动', 1, '预付费', 13100004306);
insert into T_TERMINALINFO (TERMINAL_ID,TTYPE_ID,SIM_ID,TERMINAL_CODE,ORG_CODE,IS_VIDEO_TERMINAL,SP_SERVER_NAME,PROTOCOL_TYPE,CHANNELS,YT_PROTOCOL_TYPE) values(240307, 4, 24307, '1004306', 'B0000803',1,'1076测试服务器','4',8,'0');
insert into V_VEHICLEINFO (ORG_CODE,VEHICLE_ID,ID_NUMBER,TYPE_ID,TERMINAL_ID,DELETE_FLAG,COLOR_ID_NUMBER_ID,AUTHORIZED_PAY_MASS) values ('B0000803','2400307', '测B04306', 4, 240307, 0, '2',15);

insert into T_SIMINFO (SIM_ID, ORG_CODE, DEPTCODE, STATE,PAY_MODLE, SIM_NUM) values(24308, 'B0000803', '中国移动', 1, '预付费', 13100004307);
insert into T_TERMINALINFO (TERMINAL_ID,TTYPE_ID,SIM_ID,TERMINAL_CODE,ORG_CODE,IS_VIDEO_TERMINAL,SP_SERVER_NAME,PROTOCOL_TYPE,CHANNELS,YT_PROTOCOL_TYPE) values(240308, 4, 24308, '1004307', 'B0000803',1,'1076测试服务器','4',8,'0');
insert into V_VEHICLEINFO (ORG_CODE,VEHICLE_ID,ID_NUMBER,TYPE_ID,TERMINAL_ID,DELETE_FLAG,COLOR_ID_NUMBER_ID,AUTHORIZED_PAY_MASS) values ('B0000803','2400308', '测B04307', 4, 240308, 0, '2',15);

insert into T_SIMINFO (SIM_ID, ORG_CODE, DEPTCODE, STATE,PAY_MODLE, SIM_NUM) values(24309, 'B0000803', '中国移动', 1, '预付费', 13100004308);
insert into T_TERMINALINFO (TERMINAL_ID,TTYPE_ID,SIM_ID,TERMINAL_CODE,ORG_CODE,IS_VIDEO_TERMINAL,SP_SERVER_NAME,PROTOCOL_TYPE,CHANNELS,YT_PROTOCOL_TYPE) values(240309, 4, 24309, '1004308', 'B0000803',1,'1076测试服务器','4',8,'0');
insert into V_VEHICLEINFO (ORG_CODE,VEHICLE_ID,ID_NUMBER,TYPE_ID,TERMINAL_ID,DELETE_FLAG,COLOR_ID_NUMBER_ID,AUTHORIZED_PAY_MASS) values ('B0000803','2400309', '测B04308', 4, 240309, 0, '2',15);

insert into T_SIMINFO (SIM_ID, ORG_CODE, DEPTCODE, STATE,PAY_MODLE, SIM_NUM) values(24310, 'B0000803', '中国移动', 1, '预付费', 13100004309);
insert into T_TERMINALINFO (TERMINAL_ID,TTYPE_ID,SIM_ID,TERMINAL_CODE,ORG_CODE,IS_VIDEO_TERMINAL,SP_SERVER_NAME,PROTOCOL_TYPE,CHANNELS,YT_PROTOCOL_TYPE) values(240310, 4, 24310, '1004309', 'B0000803',1,'1076测试服务器','4',8,'0');
insert into V_VEHICLEINFO (ORG_CODE,VEHICLE_ID,ID_NUMBER,TYPE_ID,TERMINAL_ID,DELETE_FLAG,COLOR_ID_NUMBER_ID,AUTHORIZED_PAY_MASS) values ('B0000803','2400310', '测B04309', 4, 240310, 0, '2',15);

insert into T_SIMINFO (SIM_ID, ORG_CODE, DEPTCODE, STATE,PAY_MODLE, SIM_NUM) values(24311, 'B0000803', '中国移动', 1, '预付费', 13100004310);
insert into T_TERMINALINFO (TERMINAL_ID,TTYPE_ID,SIM_ID,TERMINAL_CODE,ORG_CODE,IS_VIDEO_TERMINAL,SP_SERVER_NAME,PROTOCOL_TYPE,CHANNELS,YT_PROTOCOL_TYPE) values(240311, 4, 24311, '1004310', 'B0000803',1,'1076测试服务器','4',8,'0');
insert into V_VEHICLEINFO (ORG_CODE,VEHICLE_ID,ID_NUMBER,TYPE_ID,TERMINAL_ID,DELETE_FLAG,COLOR_ID_NUMBER_ID,AUTHORIZED_PAY_MASS) values ('B0000803','2400311', '测B04310', 4, 240311, 0, '2',15);

insert into T_SIMINFO (SIM_ID, ORG_CODE, DEPTCODE, STATE,PAY_MODLE, SIM_NUM) values(24312, 'B0000803', '中国移动', 1, '预付费', 13100004311);
insert into T_TERMINALINFO (TERMINAL_ID,TTYPE_ID,SIM_ID,TERMINAL_CODE,ORG_CODE,IS_VIDEO_TERMINAL,SP_SERVER_NAME,PROTOCOL_TYPE,CHANNELS,YT_PROTOCOL_TYPE) values(240312, 4, 24312, '1004311', 'B0000803',1,'1076测试服务器','4',8,'0');
insert into V_VEHICLEINFO (ORG_CODE,VEHICLE_ID,ID_NUMBER,TYPE_ID,TERMINAL_ID,DELETE_FLAG,COLOR_ID_NUMBER_ID,AUTHORIZED_PAY_MASS) values ('B0000803','2400312', '测B04311', 4, 240312, 0, '2',15);

insert into T_SIMINFO (SIM_ID, ORG_CODE, DEPTCODE, STATE,PAY_MODLE, SIM_NUM) values(24313, 'B0000803', '中国移动', 1, '预付费', 13100004312);
insert into T_TERMINALINFO (TERMINAL_ID,TTYPE_ID,SIM_ID,TERMINAL_CODE,ORG_CODE,IS_VIDEO_TERMINAL,SP_SERVER_NAME,PROTOCOL_TYPE,CHANNELS,YT_PROTOCOL_TYPE) values(240313, 4, 24313, '1004312', 'B0000803',1,'1076测试服务器','4',8,'0');
insert into V_VEHICLEINFO (ORG_CODE,VEHICLE_ID,ID_NUMBER,TYPE_ID,TERMINAL_ID,DELETE_FLAG,COLOR_ID_NUMBER_ID,AUTHORIZED_PAY_MASS) values ('B0000803','2400313', '测B04312', 4, 240313, 0, '2',15);

insert into T_SIMINFO (SIM_ID, ORG_CODE, DEPTCODE, STATE,PAY_MODLE, SIM_NUM) values(24314, 'B0000803', '中国移动', 1, '预付费', 13100004313);
insert into T_TERMINALINFO (TERMINAL_ID,TTYPE_ID,SIM_ID,TERMINAL_CODE,ORG_CODE,IS_VIDEO_TERMINAL,SP_SERVER_NAME,PROTOCOL_TYPE,CHANNELS,YT_PROTOCOL_TYPE) values(240314, 4, 24314, '1004313', 'B0000803',1,'1076测试服务器','4',8,'0');
insert into V_VEHICLEINFO (ORG_CODE,VEHICLE_ID,ID_NUMBER,TYPE_ID,TERMINAL_ID,DELETE_FLAG,COLOR_ID_NUMBER_ID,AUTHORIZED_PAY_MASS) values ('B0000803','2400314', '测B04313', 4, 240314, 0, '2',15);

insert into T_SIMINFO (SIM_ID, ORG_CODE, DEPTCODE, STATE,PAY_MODLE, SIM_NUM) values(24315, 'B0000803', '中国移动', 1, '预付费', 13100004314);
insert into T_TERMINALINFO (TERMINAL_ID,TTYPE_ID,SIM_ID,TERMINAL_CODE,ORG_CODE,IS_VIDEO_TERMINAL,SP_SERVER_NAME,PROTOCOL_TYPE,CHANNELS,YT_PROTOCOL_TYPE) values(240315, 4, 24315, '1004314', 'B0000803',1,'1076测试服务器','4',8,'0');
insert into V_VEHICLEINFO (ORG_CODE,VEHICLE_ID,ID_NUMBER,TYPE_ID,TERMINAL_ID,DELETE_FLAG,COLOR_ID_NUMBER_ID,AUTHORIZED_PAY_MASS) values ('B0000803','2400315', '测B04314', 4, 240315, 0, '2',15);

insert into T_SIMINFO (SIM_ID, ORG_CODE, DEPTCODE, STATE,PAY_MODLE, SIM_NUM) values(24316, 'B0000803', '中国移动', 1, '预付费', 13100004315);
insert into T_TERMINALINFO (TERMINAL_ID,TTYPE_ID,SIM_ID,TERMINAL_CODE,ORG_CODE,IS_VIDEO_TERMINAL,SP_SERVER_NAME,PROTOCOL_TYPE,CHANNELS,YT_PROTOCOL_TYPE) values(240316, 4, 24316, '1004315', 'B0000803',1,'1076测试服务器','4',8,'0');
insert into V_VEHICLEINFO (ORG_CODE,VEHICLE_ID,ID_NUMBER,TYPE_ID,TERMINAL_ID,DELETE_FLAG,COLOR_ID_NUMBER_ID,AUTHORIZED_PAY_MASS) values ('B0000803','2400316', '测B04315', 4, 240316, 0, '2',15);

insert into T_SIMINFO (SIM_ID, ORG_CODE, DEPTCODE, STATE,PAY_MODLE, SIM_NUM) values(24317, 'B0000803', '中国移动', 1, '预付费', 13100004316);
insert into T_TERMINALINFO (TERMINAL_ID,TTYPE_ID,SIM_ID,TERMINAL_CODE,ORG_CODE,IS_VIDEO_TERMINAL,SP_SERVER_NAME,PROTOCOL_TYPE,CHANNELS,YT_PROTOCOL_TYPE) values(240317, 4, 24317, '1004316', 'B0000803',1,'1076测试服务器','4',8,'0');
insert into V_VEHICLEINFO (ORG_CODE,VEHICLE_ID,ID_NUMBER,TYPE_ID,TERMINAL_ID,DELETE_FLAG,COLOR_ID_NUMBER_ID,AUTHORIZED_PAY_MASS) values ('B0000803','2400317', '测B04316', 4, 240317, 0, '2',15);

insert into T_SIMINFO (SIM_ID, ORG_CODE, DEPTCODE, STATE,PAY_MODLE, SIM_NUM) values(24318, 'B0000803', '中国移动', 1, '预付费', 13100004317);
insert into T_TERMINALINFO (TERMINAL_ID,TTYPE_ID,SIM_ID,TERMINAL_CODE,ORG_CODE,IS_VIDEO_TERMINAL,SP_SERVER_NAME,PROTOCOL_TYPE,CHANNELS,YT_PROTOCOL_TYPE) values(240318, 4, 24318, '1004317', 'B0000803',1,'1076测试服务器','4',8,'0');
insert into V_VEHICLEINFO (ORG_CODE,VEHICLE_ID,ID_NUMBER,TYPE_ID,TERMINAL_ID,DELETE_FLAG,COLOR_ID_NUMBER_ID,AUTHORIZED_PAY_MASS) values ('B0000803','2400318', '测B04317', 4, 240318, 0, '2',15);

insert into T_SIMINFO (SIM_ID, ORG_CODE, DEPTCODE, STATE,PAY_MODLE, SIM_NUM) values(24319, 'B0000803', '中国移动', 1, '预付费', 13100004318);
insert into T_TERMINALINFO (TERMINAL_ID,TTYPE_ID,SIM_ID,TERMINAL_CODE,ORG_CODE,IS_VIDEO_TERMINAL,SP_SERVER_NAME,PROTOCOL_TYPE,CHANNELS,YT_PROTOCOL_TYPE) values(240319, 4, 24319, '1004318', 'B0000803',1,'1076测试服务器','4',8,'0');
insert into V_VEHICLEINFO (ORG_CODE,VEHICLE_ID,ID_NUMBER,TYPE_ID,TERMINAL_ID,DELETE_FLAG,COLOR_ID_NUMBER_ID,AUTHORIZED_PAY_MASS) values ('B0000803','2400319', '测B04318', 4, 240319, 0, '2',15);

insert into T_SIMINFO (SIM_ID, ORG_CODE, DEPTCODE, STATE,PAY_MODLE, SIM_NUM) values(24320, 'B0000803', '中国移动', 1, '预付费', 13100004319);
insert into T_TERMINALINFO (TERMINAL_ID,TTYPE_ID,SIM_ID,TERMINAL_CODE,ORG_CODE,IS_VIDEO_TERMINAL,SP_SERVER_NAME,PROTOCOL_TYPE,CHANNELS,YT_PROTOCOL_TYPE) values(240320, 4, 24320, '1004319', 'B0000803',1,'1076测试服务器','4',8,'0');
insert into V_VEHICLEINFO (ORG_CODE,VEHICLE_ID,ID_NUMBER,TYPE_ID,TERMINAL_ID,DELETE_FLAG,COLOR_ID_NUMBER_ID,AUTHORIZED_PAY_MASS) values ('B0000803','2400320', '测B04319', 4, 240320, 0, '2',15);

insert into T_SIMINFO (SIM_ID, ORG_CODE, DEPTCODE, STATE,PAY_MODLE, SIM_NUM) values(24321, 'B0000803', '中国移动', 1, '预付费', 13100004320);
insert into T_TERMINALINFO (TERMINAL_ID,TTYPE_ID,SIM_ID,TERMINAL_CODE,ORG_CODE,IS_VIDEO_TERMINAL,SP_SERVER_NAME,PROTOCOL_TYPE,CHANNELS,YT_PROTOCOL_TYPE) values(240321, 4, 24321, '1004320', 'B0000803',1,'1076测试服务器','4',8,'0');
insert into V_VEHICLEINFO (ORG_CODE,VEHICLE_ID,ID_NUMBER,TYPE_ID,TERMINAL_ID,DELETE_FLAG,COLOR_ID_NUMBER_ID,AUTHORIZED_PAY_MASS) values ('B0000803','2400321', '测B04320', 4, 240321, 0, '2',15);

insert into T_SIMINFO (SIM_ID, ORG_CODE, DEPTCODE, STATE,PAY_MODLE, SIM_NUM) values(24322, 'B0000803', '中国移动', 1, '预付费', 13100004321);
insert into T_TERMINALINFO (TERMINAL_ID,TTYPE_ID,SIM_ID,TERMINAL_CODE,ORG_CODE,IS_VIDEO_TERMINAL,SP_SERVER_NAME,PROTOCOL_TYPE,CHANNELS,YT_PROTOCOL_TYPE) values(240322, 4, 24322, '1004321', 'B0000803',1,'1076测试服务器','4',8,'0');
insert into V_VEHICLEINFO (ORG_CODE,VEHICLE_ID,ID_NUMBER,TYPE_ID,TERMINAL_ID,DELETE_FLAG,COLOR_ID_NUMBER_ID,AUTHORIZED_PAY_MASS) values ('B0000803','2400322', '测B04321', 4, 240322, 0, '2',15);

insert into T_SIMINFO (SIM_ID, ORG_CODE, DEPTCODE, STATE,PAY_MODLE, SIM_NUM) values(24323, 'B0000803', '中国移动', 1, '预付费', 13100004322);
insert into T_TERMINALINFO (TERMINAL_ID,TTYPE_ID,SIM_ID,TERMINAL_CODE,ORG_CODE,IS_VIDEO_TERMINAL,SP_SERVER_NAME,PROTOCOL_TYPE,CHANNELS,YT_PROTOCOL_TYPE) values(240323, 4, 24323, '1004322', 'B0000803',1,'1076测试服务器','4',8,'0');
insert into V_VEHICLEINFO (ORG_CODE,VEHICLE_ID,ID_NUMBER,TYPE_ID,TERMINAL_ID,DELETE_FLAG,COLOR_ID_NUMBER_ID,AUTHORIZED_PAY_MASS) values ('B0000803','2400323', '测B04322', 4, 240323, 0, '2',15);

insert into T_SIMINFO (SIM_ID, ORG_CODE, DEPTCODE, STATE,PAY_MODLE, SIM_NUM) values(24324, 'B0000803', '中国移动', 1, '预付费', 13100004323);
insert into T_TERMINALINFO (TERMINAL_ID,TTYPE_ID,SIM_ID,TERMINAL_CODE,ORG_CODE,IS_VIDEO_TERMINAL,SP_SERVER_NAME,PROTOCOL_TYPE,CHANNELS,YT_PROTOCOL_TYPE) values(240324, 4, 24324, '1004323', 'B0000803',1,'1076测试服务器','4',8,'0');
insert into V_VEHICLEINFO (ORG_CODE,VEHICLE_ID,ID_NUMBER,TYPE_ID,TERMINAL_ID,DELETE_FLAG,COLOR_ID_NUMBER_ID,AUTHORIZED_PAY_MASS) values ('B0000803','2400324', '测B04323', 4, 240324, 0, '2',15);

insert into T_SIMINFO (SIM_ID, ORG_CODE, DEPTCODE, STATE,PAY_MODLE, SIM_NUM) values(24325, 'B0000803', '中国移动', 1, '预付费', 13100004324);
insert into T_TERMINALINFO (TERMINAL_ID,TTYPE_ID,SIM_ID,TERMINAL_CODE,ORG_CODE,IS_VIDEO_TERMINAL,SP_SERVER_NAME,PROTOCOL_TYPE,CHANNELS,YT_PROTOCOL_TYPE) values(240325, 4, 24325, '1004324', 'B0000803',1,'1076测试服务器','4',8,'0');
insert into V_VEHICLEINFO (ORG_CODE,VEHICLE_ID,ID_NUMBER,TYPE_ID,TERMINAL_ID,DELETE_FLAG,COLOR_ID_NUMBER_ID,AUTHORIZED_PAY_MASS) values ('B0000803','2400325', '测B04324', 4, 240325, 0, '2',15);

insert into T_SIMINFO (SIM_ID, ORG_CODE, DEPTCODE, STATE,PAY_MODLE, SIM_NUM) values(24326, 'B0000803', '中国移动', 1, '预付费', 13100004325);
insert into T_TERMINALINFO (TERMINAL_ID,TTYPE_ID,SIM_ID,TERMINAL_CODE,ORG_CODE,IS_VIDEO_TERMINAL,SP_SERVER_NAME,PROTOCOL_TYPE,CHANNELS,YT_PROTOCOL_TYPE) values(240326, 4, 24326, '1004325', 'B0000803',1,'1076测试服务器','4',8,'0');
insert into V_VEHICLEINFO (ORG_CODE,VEHICLE_ID,ID_NUMBER,TYPE_ID,TERMINAL_ID,DELETE_FLAG,COLOR_ID_NUMBER_ID,AUTHORIZED_PAY_MASS) values ('B0000803','2400326', '测B04325', 4, 240326, 0, '2',15);

insert into T_SIMINFO (SIM_ID, ORG_CODE, DEPTCODE, STATE,PAY_MODLE, SIM_NUM) values(24327, 'B0000803', '中国移动', 1, '预付费', 13100004326);
insert into T_TERMINALINFO (TERMINAL_ID,TTYPE_ID,SIM_ID,TERMINAL_CODE,ORG_CODE,IS_VIDEO_TERMINAL,SP_SERVER_NAME,PROTOCOL_TYPE,CHANNELS,YT_PROTOCOL_TYPE) values(240327, 4, 24327, '1004326', 'B0000803',1,'1076测试服务器','4',8,'0');
insert into V_VEHICLEINFO (ORG_CODE,VEHICLE_ID,ID_NUMBER,TYPE_ID,TERMINAL_ID,DELETE_FLAG,COLOR_ID_NUMBER_ID,AUTHORIZED_PAY_MASS) values ('B0000803','2400327', '测B04326', 4, 240327, 0, '2',15);

insert into T_SIMINFO (SIM_ID, ORG_CODE, DEPTCODE, STATE,PAY_MODLE, SIM_NUM) values(24328, 'B0000803', '中国移动', 1, '预付费', 13100004327);
insert into T_TERMINALINFO (TERMINAL_ID,TTYPE_ID,SIM_ID,TERMINAL_CODE,ORG_CODE,IS_VIDEO_TERMINAL,SP_SERVER_NAME,PROTOCOL_TYPE,CHANNELS,YT_PROTOCOL_TYPE) values(240328, 4, 24328, '1004327', 'B0000803',1,'1076测试服务器','4',8,'0');
insert into V_VEHICLEINFO (ORG_CODE,VEHICLE_ID,ID_NUMBER,TYPE_ID,TERMINAL_ID,DELETE_FLAG,COLOR_ID_NUMBER_ID,AUTHORIZED_PAY_MASS) values ('B0000803','2400328', '测B04327', 4, 240328, 0, '2',15);

insert into T_SIMINFO (SIM_ID, ORG_CODE, DEPTCODE, STATE,PAY_MODLE, SIM_NUM) values(24329, 'B0000803', '中国移动', 1, '预付费', 13100004328);
insert into T_TERMINALINFO (TERMINAL_ID,TTYPE_ID,SIM_ID,TERMINAL_CODE,ORG_CODE,IS_VIDEO_TERMINAL,SP_SERVER_NAME,PROTOCOL_TYPE,CHANNELS,YT_PROTOCOL_TYPE) values(240329, 4, 24329, '1004328', 'B0000803',1,'1076测试服务器','4',8,'0');
insert into V_VEHICLEINFO (ORG_CODE,VEHICLE_ID,ID_NUMBER,TYPE_ID,TERMINAL_ID,DELETE_FLAG,COLOR_ID_NUMBER_ID,AUTHORIZED_PAY_MASS) values ('B0000803','2400329', '测B04328', 4, 240329, 0, '2',15);

insert into T_SIMINFO (SIM_ID, ORG_CODE, DEPTCODE, STATE,PAY_MODLE, SIM_NUM) values(24330, 'B0000803', '中国移动', 1, '预付费', 13100004329);
insert into T_TERMINALINFO (TERMINAL_ID,TTYPE_ID,SIM_ID,TERMINAL_CODE,ORG_CODE,IS_VIDEO_TERMINAL,SP_SERVER_NAME,PROTOCOL_TYPE,CHANNELS,YT_PROTOCOL_TYPE) values(240330, 4, 24330, '1004329', 'B0000803',1,'1076测试服务器','4',8,'0');
insert into V_VEHICLEINFO (ORG_CODE,VEHICLE_ID,ID_NUMBER,TYPE_ID,TERMINAL_ID,DELETE_FLAG,COLOR_ID_NUMBER_ID,AUTHORIZED_PAY_MASS) values ('B0000803','2400330', '测B04329', 4, 240330, 0, '2',15);

insert into T_SIMINFO (SIM_ID, ORG_CODE, DEPTCODE, STATE,PAY_MODLE, SIM_NUM) values(24331, 'B0000803', '中国移动', 1, '预付费', 13100004330);
insert into T_TERMINALINFO (TERMINAL_ID,TTYPE_ID,SIM_ID,TERMINAL_CODE,ORG_CODE,IS_VIDEO_TERMINAL,SP_SERVER_NAME,PROTOCOL_TYPE,CHANNELS,YT_PROTOCOL_TYPE) values(240331, 4, 24331, '1004330', 'B0000803',1,'1076测试服务器','4',8,'0');
insert into V_VEHICLEINFO (ORG_CODE,VEHICLE_ID,ID_NUMBER,TYPE_ID,TERMINAL_ID,DELETE_FLAG,COLOR_ID_NUMBER_ID,AUTHORIZED_PAY_MASS) values ('B0000803','2400331', '测B04330', 4, 240331, 0, '2',15);

insert into T_SIMINFO (SIM_ID, ORG_CODE, DEPTCODE, STATE,PAY_MODLE, SIM_NUM) values(24332, 'B0000803', '中国移动', 1, '预付费', 13100004331);
insert into T_TERMINALINFO (TERMINAL_ID,TTYPE_ID,SIM_ID,TERMINAL_CODE,ORG_CODE,IS_VIDEO_TERMINAL,SP_SERVER_NAME,PROTOCOL_TYPE,CHANNELS,YT_PROTOCOL_TYPE) values(240332, 4, 24332, '1004331', 'B0000803',1,'1076测试服务器','4',8,'0');
insert into V_VEHICLEINFO (ORG_CODE,VEHICLE_ID,ID_NUMBER,TYPE_ID,TERMINAL_ID,DELETE_FLAG,COLOR_ID_NUMBER_ID,AUTHORIZED_PAY_MASS) values ('B0000803','2400332', '测B04331', 4, 240332, 0, '2',15);

insert into T_SIMINFO (SIM_ID, ORG_CODE, DEPTCODE, STATE,PAY_MODLE, SIM_NUM) values(24333, 'B0000803', '中国移动', 1, '预付费', 13100004332);
insert into T_TERMINALINFO (TERMINAL_ID,TTYPE_ID,SIM_ID,TERMINAL_CODE,ORG_CODE,IS_VIDEO_TERMINAL,SP_SERVER_NAME,PROTOCOL_TYPE,CHANNELS,YT_PROTOCOL_TYPE) values(240333, 4, 24333, '1004332', 'B0000803',1,'1076测试服务器','4',8,'0');
insert into V_VEHICLEINFO (ORG_CODE,VEHICLE_ID,ID_NUMBER,TYPE_ID,TERMINAL_ID,DELETE_FLAG,COLOR_ID_NUMBER_ID,AUTHORIZED_PAY_MASS) values ('B0000803','2400333', '测B04332', 4, 240333, 0, '2',15);

insert into T_SIMINFO (SIM_ID, ORG_CODE, DEPTCODE, STATE,PAY_MODLE, SIM_NUM) values(24334, 'B0000803', '中国移动', 1, '预付费', 13100004333);
insert into T_TERMINALINFO (TERMINAL_ID,TTYPE_ID,SIM_ID,TERMINAL_CODE,ORG_CODE,IS_VIDEO_TERMINAL,SP_SERVER_NAME,PROTOCOL_TYPE,CHANNELS,YT_PROTOCOL_TYPE) values(240334, 4, 24334, '1004333', 'B0000803',1,'1076测试服务器','4',8,'0');
insert into V_VEHICLEINFO (ORG_CODE,VEHICLE_ID,ID_NUMBER,TYPE_ID,TERMINAL_ID,DELETE_FLAG,COLOR_ID_NUMBER_ID,AUTHORIZED_PAY_MASS) values ('B0000803','2400334', '测B04333', 4, 240334, 0, '2',15);

insert into T_SIMINFO (SIM_ID, ORG_CODE, DEPTCODE, STATE,PAY_MODLE, SIM_NUM) values(24335, 'B0000803', '中国移动', 1, '预付费', 13100004334);
insert into T_TERMINALINFO (TERMINAL_ID,TTYPE_ID,SIM_ID,TERMINAL_CODE,ORG_CODE,IS_VIDEO_TERMINAL,SP_SERVER_NAME,PROTOCOL_TYPE,CHANNELS,YT_PROTOCOL_TYPE) values(240335, 4, 24335, '1004334', 'B0000803',1,'1076测试服务器','4',8,'0');
insert into V_VEHICLEINFO (ORG_CODE,VEHICLE_ID,ID_NUMBER,TYPE_ID,TERMINAL_ID,DELETE_FLAG,COLOR_ID_NUMBER_ID,AUTHORIZED_PAY_MASS) values ('B0000803','2400335', '测B04334', 4, 240335, 0, '2',15);

insert into T_SIMINFO (SIM_ID, ORG_CODE, DEPTCODE, STATE,PAY_MODLE, SIM_NUM) values(24336, 'B0000803', '中国移动', 1, '预付费', 13100004335);
insert into T_TERMINALINFO (TERMINAL_ID,TTYPE_ID,SIM_ID,TERMINAL_CODE,ORG_CODE,IS_VIDEO_TERMINAL,SP_SERVER_NAME,PROTOCOL_TYPE,CHANNELS,YT_PROTOCOL_TYPE) values(240336, 4, 24336, '1004335', 'B0000803',1,'1076测试服务器','4',8,'0');
insert into V_VEHICLEINFO (ORG_CODE,VEHICLE_ID,ID_NUMBER,TYPE_ID,TERMINAL_ID,DELETE_FLAG,COLOR_ID_NUMBER_ID,AUTHORIZED_PAY_MASS) values ('B0000803','2400336', '测B04335', 4, 240336, 0, '2',15);

insert into T_SIMINFO (SIM_ID, ORG_CODE, DEPTCODE, STATE,PAY_MODLE, SIM_NUM) values(24337, 'B0000803', '中国移动', 1, '预付费', 13100004336);
insert into T_TERMINALINFO (TERMINAL_ID,TTYPE_ID,SIM_ID,TERMINAL_CODE,ORG_CODE,IS_VIDEO_TERMINAL,SP_SERVER_NAME,PROTOCOL_TYPE,CHANNELS,YT_PROTOCOL_TYPE) values(240337, 4, 24337, '1004336', 'B0000803',1,'1076测试服务器','4',8,'0');
insert into V_VEHICLEINFO (ORG_CODE,VEHICLE_ID,ID_NUMBER,TYPE_ID,TERMINAL_ID,DELETE_FLAG,COLOR_ID_NUMBER_ID,AUTHORIZED_PAY_MASS) values ('B0000803','2400337', '测B04336', 4, 240337, 0, '2',15);

insert into T_SIMINFO (SIM_ID, ORG_CODE, DEPTCODE, STATE,PAY_MODLE, SIM_NUM) values(24338, 'B0000803', '中国移动', 1, '预付费', 13100004337);
insert into T_TERMINALINFO (TERMINAL_ID,TTYPE_ID,SIM_ID,TERMINAL_CODE,ORG_CODE,IS_VIDEO_TERMINAL,SP_SERVER_NAME,PROTOCOL_TYPE,CHANNELS,YT_PROTOCOL_TYPE) values(240338, 4, 24338, '1004337', 'B0000803',1,'1076测试服务器','4',8,'0');
insert into V_VEHICLEINFO (ORG_CODE,VEHICLE_ID,ID_NUMBER,TYPE_ID,TERMINAL_ID,DELETE_FLAG,COLOR_ID_NUMBER_ID,AUTHORIZED_PAY_MASS) values ('B0000803','2400338', '测B04337', 4, 240338, 0, '2',15);

insert into T_SIMINFO (SIM_ID, ORG_CODE, DEPTCODE, STATE,PAY_MODLE, SIM_NUM) values(24339, 'B0000803', '中国移动', 1, '预付费', 13100004338);
insert into T_TERMINALINFO (TERMINAL_ID,TTYPE_ID,SIM_ID,TERMINAL_CODE,ORG_CODE,IS_VIDEO_TERMINAL,SP_SERVER_NAME,PROTOCOL_TYPE,CHANNELS,YT_PROTOCOL_TYPE) values(240339, 4, 24339, '1004338', 'B0000803',1,'1076测试服务器','4',8,'0');
insert into V_VEHICLEINFO (ORG_CODE,VEHICLE_ID,ID_NUMBER,TYPE_ID,TERMINAL_ID,DELETE_FLAG,COLOR_ID_NUMBER_ID,AUTHORIZED_PAY_MASS) values ('B0000803','2400339', '测B04338', 4, 240339, 0, '2',15);

insert into T_SIMINFO (SIM_ID, ORG_CODE, DEPTCODE, STATE,PAY_MODLE, SIM_NUM) values(24340, 'B0000803', '中国移动', 1, '预付费', 13100004339);
insert into T_TERMINALINFO (TERMINAL_ID,TTYPE_ID,SIM_ID,TERMINAL_CODE,ORG_CODE,IS_VIDEO_TERMINAL,SP_SERVER_NAME,PROTOCOL_TYPE,CHANNELS,YT_PROTOCOL_TYPE) values(240340, 4, 24340, '1004339', 'B0000803',1,'1076测试服务器','4',8,'0');
insert into V_VEHICLEINFO (ORG_CODE,VEHICLE_ID,ID_NUMBER,TYPE_ID,TERMINAL_ID,DELETE_FLAG,COLOR_ID_NUMBER_ID,AUTHORIZED_PAY_MASS) values ('B0000803','2400340', '测B04339', 4, 240340, 0, '2',15);

insert into T_SIMINFO (SIM_ID, ORG_CODE, DEPTCODE, STATE,PAY_MODLE, SIM_NUM) values(24341, 'B0000803', '中国移动', 1, '预付费', 13100004340);
insert into T_TERMINALINFO (TERMINAL_ID,TTYPE_ID,SIM_ID,TERMINAL_CODE,ORG_CODE,IS_VIDEO_TERMINAL,SP_SERVER_NAME,PROTOCOL_TYPE,CHANNELS,YT_PROTOCOL_TYPE) values(240341, 4, 24341, '1004340', 'B0000803',1,'1076测试服务器','4',8,'0');
insert into V_VEHICLEINFO (ORG_CODE,VEHICLE_ID,ID_NUMBER,TYPE_ID,TERMINAL_ID,DELETE_FLAG,COLOR_ID_NUMBER_ID,AUTHORIZED_PAY_MASS) values ('B0000803','2400341', '测B04340', 4, 240341, 0, '2',15);

insert into T_SIMINFO (SIM_ID, ORG_CODE, DEPTCODE, STATE,PAY_MODLE, SIM_NUM) values(24342, 'B0000803', '中国移动', 1, '预付费', 13100004341);
insert into T_TERMINALINFO (TERMINAL_ID,TTYPE_ID,SIM_ID,TERMINAL_CODE,ORG_CODE,IS_VIDEO_TERMINAL,SP_SERVER_NAME,PROTOCOL_TYPE,CHANNELS,YT_PROTOCOL_TYPE) values(240342, 4, 24342, '1004341', 'B0000803',1,'1076测试服务器','4',8,'0');
insert into V_VEHICLEINFO (ORG_CODE,VEHICLE_ID,ID_NUMBER,TYPE_ID,TERMINAL_ID,DELETE_FLAG,COLOR_ID_NUMBER_ID,AUTHORIZED_PAY_MASS) values ('B0000803','2400342', '测B04341', 4, 240342, 0, '2',15);

insert into T_SIMINFO (SIM_ID, ORG_CODE, DEPTCODE, STATE,PAY_MODLE, SIM_NUM) values(24343, 'B0000803', '中国移动', 1, '预付费', 13100004342);
insert into T_TERMINALINFO (TERMINAL_ID,TTYPE_ID,SIM_ID,TERMINAL_CODE,ORG_CODE,IS_VIDEO_TERMINAL,SP_SERVER_NAME,PROTOCOL_TYPE,CHANNELS,YT_PROTOCOL_TYPE) values(240343, 4, 24343, '1004342', 'B0000803',1,'1076测试服务器','4',8,'0');
insert into V_VEHICLEINFO (ORG_CODE,VEHICLE_ID,ID_NUMBER,TYPE_ID,TERMINAL_ID,DELETE_FLAG,COLOR_ID_NUMBER_ID,AUTHORIZED_PAY_MASS) values ('B0000803','2400343', '测B04342', 4, 240343, 0, '2',15);

insert into T_SIMINFO (SIM_ID, ORG_CODE, DEPTCODE, STATE,PAY_MODLE, SIM_NUM) values(24344, 'B0000803', '中国移动', 1, '预付费', 13100004343);
insert into T_TERMINALINFO (TERMINAL_ID,TTYPE_ID,SIM_ID,TERMINAL_CODE,ORG_CODE,IS_VIDEO_TERMINAL,SP_SERVER_NAME,PROTOCOL_TYPE,CHANNELS,YT_PROTOCOL_TYPE) values(240344, 4, 24344, '1004343', 'B0000803',1,'1076测试服务器','4',8,'0');
insert into V_VEHICLEINFO (ORG_CODE,VEHICLE_ID,ID_NUMBER,TYPE_ID,TERMINAL_ID,DELETE_FLAG,COLOR_ID_NUMBER_ID,AUTHORIZED_PAY_MASS) values ('B0000803','2400344', '测B04343', 4, 240344, 0, '2',15);

insert into T_SIMINFO (SIM_ID, ORG_CODE, DEPTCODE, STATE,PAY_MODLE, SIM_NUM) values(24345, 'B0000803', '中国移动', 1, '预付费', 13100004344);
insert into T_TERMINALINFO (TERMINAL_ID,TTYPE_ID,SIM_ID,TERMINAL_CODE,ORG_CODE,IS_VIDEO_TERMINAL,SP_SERVER_NAME,PROTOCOL_TYPE,CHANNELS,YT_PROTOCOL_TYPE) values(240345, 4, 24345, '1004344', 'B0000803',1,'1076测试服务器','4',8,'0');
insert into V_VEHICLEINFO (ORG_CODE,VEHICLE_ID,ID_NUMBER,TYPE_ID,TERMINAL_ID,DELETE_FLAG,COLOR_ID_NUMBER_ID,AUTHORIZED_PAY_MASS) values ('B0000803','2400345', '测B04344', 4, 240345, 0, '2',15);

insert into T_SIMINFO (SIM_ID, ORG_CODE, DEPTCODE, STATE,PAY_MODLE, SIM_NUM) values(24346, 'B0000803', '中国移动', 1, '预付费', 13100004345);
insert into T_TERMINALINFO (TERMINAL_ID,TTYPE_ID,SIM_ID,TERMINAL_CODE,ORG_CODE,IS_VIDEO_TERMINAL,SP_SERVER_NAME,PROTOCOL_TYPE,CHANNELS,YT_PROTOCOL_TYPE) values(240346, 4, 24346, '1004345', 'B0000803',1,'1076测试服务器','4',8,'0');
insert into V_VEHICLEINFO (ORG_CODE,VEHICLE_ID,ID_NUMBER,TYPE_ID,TERMINAL_ID,DELETE_FLAG,COLOR_ID_NUMBER_ID,AUTHORIZED_PAY_MASS) values ('B0000803','2400346', '测B04345', 4, 240346, 0, '2',15);

insert into T_SIMINFO (SIM_ID, ORG_CODE, DEPTCODE, STATE,PAY_MODLE, SIM_NUM) values(24347, 'B0000803', '中国移动', 1, '预付费', 13100004346);
insert into T_TERMINALINFO (TERMINAL_ID,TTYPE_ID,SIM_ID,TERMINAL_CODE,ORG_CODE,IS_VIDEO_TERMINAL,SP_SERVER_NAME,PROTOCOL_TYPE,CHANNELS,YT_PROTOCOL_TYPE) values(240347, 4, 24347, '1004346', 'B0000803',1,'1076测试服务器','4',8,'0');
insert into V_VEHICLEINFO (ORG_CODE,VEHICLE_ID,ID_NUMBER,TYPE_ID,TERMINAL_ID,DELETE_FLAG,COLOR_ID_NUMBER_ID,AUTHORIZED_PAY_MASS) values ('B0000803','2400347', '测B04346', 4, 240347, 0, '2',15);

insert into T_SIMINFO (SIM_ID, ORG_CODE, DEPTCODE, STATE,PAY_MODLE, SIM_NUM) values(24348, 'B0000803', '中国移动', 1, '预付费', 13100004347);
insert into T_TERMINALINFO (TERMINAL_ID,TTYPE_ID,SIM_ID,TERMINAL_CODE,ORG_CODE,IS_VIDEO_TERMINAL,SP_SERVER_NAME,PROTOCOL_TYPE,CHANNELS,YT_PROTOCOL_TYPE) values(240348, 4, 24348, '1004347', 'B0000803',1,'1076测试服务器','4',8,'0');
insert into V_VEHICLEINFO (ORG_CODE,VEHICLE_ID,ID_NUMBER,TYPE_ID,TERMINAL_ID,DELETE_FLAG,COLOR_ID_NUMBER_ID,AUTHORIZED_PAY_MASS) values ('B0000803','2400348', '测B04347', 4, 240348, 0, '2',15);

insert into T_SIMINFO (SIM_ID, ORG_CODE, DEPTCODE, STATE,PAY_MODLE, SIM_NUM) values(24349, 'B0000803', '中国移动', 1, '预付费', 13100004348);
insert into T_TERMINALINFO (TERMINAL_ID,TTYPE_ID,SIM_ID,TERMINAL_CODE,ORG_CODE,IS_VIDEO_TERMINAL,SP_SERVER_NAME,PROTOCOL_TYPE,CHANNELS,YT_PROTOCOL_TYPE) values(240349, 4, 24349, '1004348', 'B0000803',1,'1076测试服务器','4',8,'0');
insert into V_VEHICLEINFO (ORG_CODE,VEHICLE_ID,ID_NUMBER,TYPE_ID,TERMINAL_ID,DELETE_FLAG,COLOR_ID_NUMBER_ID,AUTHORIZED_PAY_MASS) values ('B0000803','2400349', '测B04348', 4, 240349, 0, '2',15);

insert into T_SIMINFO (SIM_ID, ORG_CODE, DEPTCODE, STATE,PAY_MODLE, SIM_NUM) values(24350, 'B0000803', '中国移动', 1, '预付费', 13100004349);
insert into T_TERMINALINFO (TERMINAL_ID,TTYPE_ID,SIM_ID,TERMINAL_CODE,ORG_CODE,IS_VIDEO_TERMINAL,SP_SERVER_NAME,PROTOCOL_TYPE,CHANNELS,YT_PROTOCOL_TYPE) values(240350, 4, 24350, '1004349', 'B0000803',1,'1076测试服务器','4',8,'0');
insert into V_VEHICLEINFO (ORG_CODE,VEHICLE_ID,ID_NUMBER,TYPE_ID,TERMINAL_ID,DELETE_FLAG,COLOR_ID_NUMBER_ID,AUTHORIZED_PAY_MASS) values ('B0000803','2400350', '测B04349', 4, 240350, 0, '2',15);

insert into T_SIMINFO (SIM_ID, ORG_CODE, DEPTCODE, STATE,PAY_MODLE, SIM_NUM) values(24351, 'B0000803', '中国移动', 1, '预付费', 13100004350);
insert into T_TERMINALINFO (TERMINAL_ID,TTYPE_ID,SIM_ID,TERMINAL_CODE,ORG_CODE,IS_VIDEO_TERMINAL,SP_SERVER_NAME,PROTOCOL_TYPE,CHANNELS,YT_PROTOCOL_TYPE) values(240351, 4, 24351, '1004350', 'B0000803',1,'1076测试服务器','4',8,'0');
insert into V_VEHICLEINFO (ORG_CODE,VEHICLE_ID,ID_NUMBER,TYPE_ID,TERMINAL_ID,DELETE_FLAG,COLOR_ID_NUMBER_ID,AUTHORIZED_PAY_MASS) values ('B0000803','2400351', '测B04350', 4, 240351, 0, '2',15);

insert into T_SIMINFO (SIM_ID, ORG_CODE, DEPTCODE, STATE,PAY_MODLE, SIM_NUM) values(24352, 'B0000803', '中国移动', 1, '预付费', 13100004351);
insert into T_TERMINALINFO (TERMINAL_ID,TTYPE_ID,SIM_ID,TERMINAL_CODE,ORG_CODE,IS_VIDEO_TERMINAL,SP_SERVER_NAME,PROTOCOL_TYPE,CHANNELS,YT_PROTOCOL_TYPE) values(240352, 4, 24352, '1004351', 'B0000803',1,'1076测试服务器','4',8,'0');
insert into V_VEHICLEINFO (ORG_CODE,VEHICLE_ID,ID_NUMBER,TYPE_ID,TERMINAL_ID,DELETE_FLAG,COLOR_ID_NUMBER_ID,AUTHORIZED_PAY_MASS) values ('B0000803','2400352', '测B04351', 4, 240352, 0, '2',15);

insert into T_SIMINFO (SIM_ID, ORG_CODE, DEPTCODE, STATE,PAY_MODLE, SIM_NUM) values(24353, 'B0000803', '中国移动', 1, '预付费', 13100004352);
insert into T_TERMINALINFO (TERMINAL_ID,TTYPE_ID,SIM_ID,TERMINAL_CODE,ORG_CODE,IS_VIDEO_TERMINAL,SP_SERVER_NAME,PROTOCOL_TYPE,CHANNELS,YT_PROTOCOL_TYPE) values(240353, 4, 24353, '1004352', 'B0000803',1,'1076测试服务器','4',8,'0');
insert into V_VEHICLEINFO (ORG_CODE,VEHICLE_ID,ID_NUMBER,TYPE_ID,TERMINAL_ID,DELETE_FLAG,COLOR_ID_NUMBER_ID,AUTHORIZED_PAY_MASS) values ('B0000803','2400353', '测B04352', 4, 240353, 0, '2',15);

insert into T_SIMINFO (SIM_ID, ORG_CODE, DEPTCODE, STATE,PAY_MODLE, SIM_NUM) values(24354, 'B0000803', '中国移动', 1, '预付费', 13100004353);
insert into T_TERMINALINFO (TERMINAL_ID,TTYPE_ID,SIM_ID,TERMINAL_CODE,ORG_CODE,IS_VIDEO_TERMINAL,SP_SERVER_NAME,PROTOCOL_TYPE,CHANNELS,YT_PROTOCOL_TYPE) values(240354, 4, 24354, '1004353', 'B0000803',1,'1076测试服务器','4',8,'0');
insert into V_VEHICLEINFO (ORG_CODE,VEHICLE_ID,ID_NUMBER,TYPE_ID,TERMINAL_ID,DELETE_FLAG,COLOR_ID_NUMBER_ID,AUTHORIZED_PAY_MASS) values ('B0000803','2400354', '测B04353', 4, 240354, 0, '2',15);

insert into T_SIMINFO (SIM_ID, ORG_CODE, DEPTCODE, STATE,PAY_MODLE, SIM_NUM) values(24355, 'B0000803', '中国移动', 1, '预付费', 13100004354);
insert into T_TERMINALINFO (TERMINAL_ID,TTYPE_ID,SIM_ID,TERMINAL_CODE,ORG_CODE,IS_VIDEO_TERMINAL,SP_SERVER_NAME,PROTOCOL_TYPE,CHANNELS,YT_PROTOCOL_TYPE) values(240355, 4, 24355, '1004354', 'B0000803',1,'1076测试服务器','4',8,'0');
insert into V_VEHICLEINFO (ORG_CODE,VEHICLE_ID,ID_NUMBER,TYPE_ID,TERMINAL_ID,DELETE_FLAG,COLOR_ID_NUMBER_ID,AUTHORIZED_PAY_MASS) values ('B0000803','2400355', '测B04354', 4, 240355, 0, '2',15);

insert into T_SIMINFO (SIM_ID, ORG_CODE, DEPTCODE, STATE,PAY_MODLE, SIM_NUM) values(24356, 'B0000803', '中国移动', 1, '预付费', 13100004355);
insert into T_TERMINALINFO (TERMINAL_ID,TTYPE_ID,SIM_ID,TERMINAL_CODE,ORG_CODE,IS_VIDEO_TERMINAL,SP_SERVER_NAME,PROTOCOL_TYPE,CHANNELS,YT_PROTOCOL_TYPE) values(240356, 4, 24356, '1004355', 'B0000803',1,'1076测试服务器','4',8,'0');
insert into V_VEHICLEINFO (ORG_CODE,VEHICLE_ID,ID_NUMBER,TYPE_ID,TERMINAL_ID,DELETE_FLAG,COLOR_ID_NUMBER_ID,AUTHORIZED_PAY_MASS) values ('B0000803','2400356', '测B04355', 4, 240356, 0, '2',15);

insert into T_SIMINFO (SIM_ID, ORG_CODE, DEPTCODE, STATE,PAY_MODLE, SIM_NUM) values(24357, 'B0000803', '中国移动', 1, '预付费', 13100004356);
insert into T_TERMINALINFO (TERMINAL_ID,TTYPE_ID,SIM_ID,TERMINAL_CODE,ORG_CODE,IS_VIDEO_TERMINAL,SP_SERVER_NAME,PROTOCOL_TYPE,CHANNELS,YT_PROTOCOL_TYPE) values(240357, 4, 24357, '1004356', 'B0000803',1,'1076测试服务器','4',8,'0');
insert into V_VEHICLEINFO (ORG_CODE,VEHICLE_ID,ID_NUMBER,TYPE_ID,TERMINAL_ID,DELETE_FLAG,COLOR_ID_NUMBER_ID,AUTHORIZED_PAY_MASS) values ('B0000803','2400357', '测B04356', 4, 240357, 0, '2',15);

insert into T_SIMINFO (SIM_ID, ORG_CODE, DEPTCODE, STATE,PAY_MODLE, SIM_NUM) values(24358, 'B0000803', '中国移动', 1, '预付费', 13100004357);
insert into T_TERMINALINFO (TERMINAL_ID,TTYPE_ID,SIM_ID,TERMINAL_CODE,ORG_CODE,IS_VIDEO_TERMINAL,SP_SERVER_NAME,PROTOCOL_TYPE,CHANNELS,YT_PROTOCOL_TYPE) values(240358, 4, 24358, '1004357', 'B0000803',1,'1076测试服务器','4',8,'0');
insert into V_VEHICLEINFO (ORG_CODE,VEHICLE_ID,ID_NUMBER,TYPE_ID,TERMINAL_ID,DELETE_FLAG,COLOR_ID_NUMBER_ID,AUTHORIZED_PAY_MASS) values ('B0000803','2400358', '测B04357', 4, 240358, 0, '2',15);

insert into T_SIMINFO (SIM_ID, ORG_CODE, DEPTCODE, STATE,PAY_MODLE, SIM_NUM) values(24359, 'B0000803', '中国移动', 1, '预付费', 13100004358);
insert into T_TERMINALINFO (TERMINAL_ID,TTYPE_ID,SIM_ID,TERMINAL_CODE,ORG_CODE,IS_VIDEO_TERMINAL,SP_SERVER_NAME,PROTOCOL_TYPE,CHANNELS,YT_PROTOCOL_TYPE) values(240359, 4, 24359, '1004358', 'B0000803',1,'1076测试服务器','4',8,'0');
insert into V_VEHICLEINFO (ORG_CODE,VEHICLE_ID,ID_NUMBER,TYPE_ID,TERMINAL_ID,DELETE_FLAG,COLOR_ID_NUMBER_ID,AUTHORIZED_PAY_MASS) values ('B0000803','2400359', '测B04358', 4, 240359, 0, '2',15);

insert into T_SIMINFO (SIM_ID, ORG_CODE, DEPTCODE, STATE,PAY_MODLE, SIM_NUM) values(24360, 'B0000803', '中国移动', 1, '预付费', 13100004359);
insert into T_TERMINALINFO (TERMINAL_ID,TTYPE_ID,SIM_ID,TERMINAL_CODE,ORG_CODE,IS_VIDEO_TERMINAL,SP_SERVER_NAME,PROTOCOL_TYPE,CHANNELS,YT_PROTOCOL_TYPE) values(240360, 4, 24360, '1004359', 'B0000803',1,'1076测试服务器','4',8,'0');
insert into V_VEHICLEINFO (ORG_CODE,VEHICLE_ID,ID_NUMBER,TYPE_ID,TERMINAL_ID,DELETE_FLAG,COLOR_ID_NUMBER_ID,AUTHORIZED_PAY_MASS) values ('B0000803','2400360', '测B04359', 4, 240360, 0, '2',15);

insert into T_SIMINFO (SIM_ID, ORG_CODE, DEPTCODE, STATE,PAY_MODLE, SIM_NUM) values(24361, 'B0000803', '中国移动', 1, '预付费', 13100004360);
insert into T_TERMINALINFO (TERMINAL_ID,TTYPE_ID,SIM_ID,TERMINAL_CODE,ORG_CODE,IS_VIDEO_TERMINAL,SP_SERVER_NAME,PROTOCOL_TYPE,CHANNELS,YT_PROTOCOL_TYPE) values(240361, 4, 24361, '1004360', 'B0000803',1,'1076测试服务器','4',8,'0');
insert into V_VEHICLEINFO (ORG_CODE,VEHICLE_ID,ID_NUMBER,TYPE_ID,TERMINAL_ID,DELETE_FLAG,COLOR_ID_NUMBER_ID,AUTHORIZED_PAY_MASS) values ('B0000803','2400361', '测B04360', 4, 240361, 0, '2',15);

insert into T_SIMINFO (SIM_ID, ORG_CODE, DEPTCODE, STATE,PAY_MODLE, SIM_NUM) values(24362, 'B0000803', '中国移动', 1, '预付费', 13100004361);
insert into T_TERMINALINFO (TERMINAL_ID,TTYPE_ID,SIM_ID,TERMINAL_CODE,ORG_CODE,IS_VIDEO_TERMINAL,SP_SERVER_NAME,PROTOCOL_TYPE,CHANNELS,YT_PROTOCOL_TYPE) values(240362, 4, 24362, '1004361', 'B0000803',1,'1076测试服务器','4',8,'0');
insert into V_VEHICLEINFO (ORG_CODE,VEHICLE_ID,ID_NUMBER,TYPE_ID,TERMINAL_ID,DELETE_FLAG,COLOR_ID_NUMBER_ID,AUTHORIZED_PAY_MASS) values ('B0000803','2400362', '测B04361', 4, 240362, 0, '2',15);

insert into T_SIMINFO (SIM_ID, ORG_CODE, DEPTCODE, STATE,PAY_MODLE, SIM_NUM) values(24363, 'B0000803', '中国移动', 1, '预付费', 13100004362);
insert into T_TERMINALINFO (TERMINAL_ID,TTYPE_ID,SIM_ID,TERMINAL_CODE,ORG_CODE,IS_VIDEO_TERMINAL,SP_SERVER_NAME,PROTOCOL_TYPE,CHANNELS,YT_PROTOCOL_TYPE) values(240363, 4, 24363, '1004362', 'B0000803',1,'1076测试服务器','4',8,'0');
insert into V_VEHICLEINFO (ORG_CODE,VEHICLE_ID,ID_NUMBER,TYPE_ID,TERMINAL_ID,DELETE_FLAG,COLOR_ID_NUMBER_ID,AUTHORIZED_PAY_MASS) values ('B0000803','2400363', '测B04362', 4, 240363, 0, '2',15);

insert into T_SIMINFO (SIM_ID, ORG_CODE, DEPTCODE, STATE,PAY_MODLE, SIM_NUM) values(24364, 'B0000803', '中国移动', 1, '预付费', 13100004363);
insert into T_TERMINALINFO (TERMINAL_ID,TTYPE_ID,SIM_ID,TERMINAL_CODE,ORG_CODE,IS_VIDEO_TERMINAL,SP_SERVER_NAME,PROTOCOL_TYPE,CHANNELS,YT_PROTOCOL_TYPE) values(240364, 4, 24364, '1004363', 'B0000803',1,'1076测试服务器','4',8,'0');
insert into V_VEHICLEINFO (ORG_CODE,VEHICLE_ID,ID_NUMBER,TYPE_ID,TERMINAL_ID,DELETE_FLAG,COLOR_ID_NUMBER_ID,AUTHORIZED_PAY_MASS) values ('B0000803','2400364', '测B04363', 4, 240364, 0, '2',15);

insert into T_SIMINFO (SIM_ID, ORG_CODE, DEPTCODE, STATE,PAY_MODLE, SIM_NUM) values(24365, 'B0000803', '中国移动', 1, '预付费', 13100004364);
insert into T_TERMINALINFO (TERMINAL_ID,TTYPE_ID,SIM_ID,TERMINAL_CODE,ORG_CODE,IS_VIDEO_TERMINAL,SP_SERVER_NAME,PROTOCOL_TYPE,CHANNELS,YT_PROTOCOL_TYPE) values(240365, 4, 24365, '1004364', 'B0000803',1,'1076测试服务器','4',8,'0');
insert into V_VEHICLEINFO (ORG_CODE,VEHICLE_ID,ID_NUMBER,TYPE_ID,TERMINAL_ID,DELETE_FLAG,COLOR_ID_NUMBER_ID,AUTHORIZED_PAY_MASS) values ('B0000803','2400365', '测B04364', 4, 240365, 0, '2',15);

insert into T_SIMINFO (SIM_ID, ORG_CODE, DEPTCODE, STATE,PAY_MODLE, SIM_NUM) values(24366, 'B0000803', '中国移动', 1, '预付费', 13100004365);
insert into T_TERMINALINFO (TERMINAL_ID,TTYPE_ID,SIM_ID,TERMINAL_CODE,ORG_CODE,IS_VIDEO_TERMINAL,SP_SERVER_NAME,PROTOCOL_TYPE,CHANNELS,YT_PROTOCOL_TYPE) values(240366, 4, 24366, '1004365', 'B0000803',1,'1076测试服务器','4',8,'0');
insert into V_VEHICLEINFO (ORG_CODE,VEHICLE_ID,ID_NUMBER,TYPE_ID,TERMINAL_ID,DELETE_FLAG,COLOR_ID_NUMBER_ID,AUTHORIZED_PAY_MASS) values ('B0000803','2400366', '测B04365', 4, 240366, 0, '2',15);

insert into T_SIMINFO (SIM_ID, ORG_CODE, DEPTCODE, STATE,PAY_MODLE, SIM_NUM) values(24367, 'B0000803', '中国移动', 1, '预付费', 13100004366);
insert into T_TERMINALINFO (TERMINAL_ID,TTYPE_ID,SIM_ID,TERMINAL_CODE,ORG_CODE,IS_VIDEO_TERMINAL,SP_SERVER_NAME,PROTOCOL_TYPE,CHANNELS,YT_PROTOCOL_TYPE) values(240367, 4, 24367, '1004366', 'B0000803',1,'1076测试服务器','4',8,'0');
insert into V_VEHICLEINFO (ORG_CODE,VEHICLE_ID,ID_NUMBER,TYPE_ID,TERMINAL_ID,DELETE_FLAG,COLOR_ID_NUMBER_ID,AUTHORIZED_PAY_MASS) values ('B0000803','2400367', '测B04366', 4, 240367, 0, '2',15);

insert into T_SIMINFO (SIM_ID, ORG_CODE, DEPTCODE, STATE,PAY_MODLE, SIM_NUM) values(24368, 'B0000803', '中国移动', 1, '预付费', 13100004367);
insert into T_TERMINALINFO (TERMINAL_ID,TTYPE_ID,SIM_ID,TERMINAL_CODE,ORG_CODE,IS_VIDEO_TERMINAL,SP_SERVER_NAME,PROTOCOL_TYPE,CHANNELS,YT_PROTOCOL_TYPE) values(240368, 4, 24368, '1004367', 'B0000803',1,'1076测试服务器','4',8,'0');
insert into V_VEHICLEINFO (ORG_CODE,VEHICLE_ID,ID_NUMBER,TYPE_ID,TERMINAL_ID,DELETE_FLAG,COLOR_ID_NUMBER_ID,AUTHORIZED_PAY_MASS) values ('B0000803','2400368', '测B04367', 4, 240368, 0, '2',15);

insert into T_SIMINFO (SIM_ID, ORG_CODE, DEPTCODE, STATE,PAY_MODLE, SIM_NUM) values(24369, 'B0000803', '中国移动', 1, '预付费', 13100004368);
insert into T_TERMINALINFO (TERMINAL_ID,TTYPE_ID,SIM_ID,TERMINAL_CODE,ORG_CODE,IS_VIDEO_TERMINAL,SP_SERVER_NAME,PROTOCOL_TYPE,CHANNELS,YT_PROTOCOL_TYPE) values(240369, 4, 24369, '1004368', 'B0000803',1,'1076测试服务器','4',8,'0');
insert into V_VEHICLEINFO (ORG_CODE,VEHICLE_ID,ID_NUMBER,TYPE_ID,TERMINAL_ID,DELETE_FLAG,COLOR_ID_NUMBER_ID,AUTHORIZED_PAY_MASS) values ('B0000803','2400369', '测B04368', 4, 240369, 0, '2',15);

insert into T_SIMINFO (SIM_ID, ORG_CODE, DEPTCODE, STATE,PAY_MODLE, SIM_NUM) values(24370, 'B0000803', '中国移动', 1, '预付费', 13100004369);
insert into T_TERMINALINFO (TERMINAL_ID,TTYPE_ID,SIM_ID,TERMINAL_CODE,ORG_CODE,IS_VIDEO_TERMINAL,SP_SERVER_NAME,PROTOCOL_TYPE,CHANNELS,YT_PROTOCOL_TYPE) values(240370, 4, 24370, '1004369', 'B0000803',1,'1076测试服务器','4',8,'0');
insert into V_VEHICLEINFO (ORG_CODE,VEHICLE_ID,ID_NUMBER,TYPE_ID,TERMINAL_ID,DELETE_FLAG,COLOR_ID_NUMBER_ID,AUTHORIZED_PAY_MASS) values ('B0000803','2400370', '测B04369', 4, 240370, 0, '2',15);

insert into T_SIMINFO (SIM_ID, ORG_CODE, DEPTCODE, STATE,PAY_MODLE, SIM_NUM) values(24371, 'B0000803', '中国移动', 1, '预付费', 13100004370);
insert into T_TERMINALINFO (TERMINAL_ID,TTYPE_ID,SIM_ID,TERMINAL_CODE,ORG_CODE,IS_VIDEO_TERMINAL,SP_SERVER_NAME,PROTOCOL_TYPE,CHANNELS,YT_PROTOCOL_TYPE) values(240371, 4, 24371, '1004370', 'B0000803',1,'1076测试服务器','4',8,'0');
insert into V_VEHICLEINFO (ORG_CODE,VEHICLE_ID,ID_NUMBER,TYPE_ID,TERMINAL_ID,DELETE_FLAG,COLOR_ID_NUMBER_ID,AUTHORIZED_PAY_MASS) values ('B0000803','2400371', '测B04370', 4, 240371, 0, '2',15);

insert into T_SIMINFO (SIM_ID, ORG_CODE, DEPTCODE, STATE,PAY_MODLE, SIM_NUM) values(24372, 'B0000803', '中国移动', 1, '预付费', 13100004371);
insert into T_TERMINALINFO (TERMINAL_ID,TTYPE_ID,SIM_ID,TERMINAL_CODE,ORG_CODE,IS_VIDEO_TERMINAL,SP_SERVER_NAME,PROTOCOL_TYPE,CHANNELS,YT_PROTOCOL_TYPE) values(240372, 4, 24372, '1004371', 'B0000803',1,'1076测试服务器','4',8,'0');
insert into V_VEHICLEINFO (ORG_CODE,VEHICLE_ID,ID_NUMBER,TYPE_ID,TERMINAL_ID,DELETE_FLAG,COLOR_ID_NUMBER_ID,AUTHORIZED_PAY_MASS) values ('B0000803','2400372', '测B04371', 4, 240372, 0, '2',15);

insert into T_SIMINFO (SIM_ID, ORG_CODE, DEPTCODE, STATE,PAY_MODLE, SIM_NUM) values(24373, 'B0000803', '中国移动', 1, '预付费', 13100004372);
insert into T_TERMINALINFO (TERMINAL_ID,TTYPE_ID,SIM_ID,TERMINAL_CODE,ORG_CODE,IS_VIDEO_TERMINAL,SP_SERVER_NAME,PROTOCOL_TYPE,CHANNELS,YT_PROTOCOL_TYPE) values(240373, 4, 24373, '1004372', 'B0000803',1,'1076测试服务器','4',8,'0');
insert into V_VEHICLEINFO (ORG_CODE,VEHICLE_ID,ID_NUMBER,TYPE_ID,TERMINAL_ID,DELETE_FLAG,COLOR_ID_NUMBER_ID,AUTHORIZED_PAY_MASS) values ('B0000803','2400373', '测B04372', 4, 240373, 0, '2',15);

insert into T_SIMINFO (SIM_ID, ORG_CODE, DEPTCODE, STATE,PAY_MODLE, SIM_NUM) values(24374, 'B0000803', '中国移动', 1, '预付费', 13100004373);
insert into T_TERMINALINFO (TERMINAL_ID,TTYPE_ID,SIM_ID,TERMINAL_CODE,ORG_CODE,IS_VIDEO_TERMINAL,SP_SERVER_NAME,PROTOCOL_TYPE,CHANNELS,YT_PROTOCOL_TYPE) values(240374, 4, 24374, '1004373', 'B0000803',1,'1076测试服务器','4',8,'0');
insert into V_VEHICLEINFO (ORG_CODE,VEHICLE_ID,ID_NUMBER,TYPE_ID,TERMINAL_ID,DELETE_FLAG,COLOR_ID_NUMBER_ID,AUTHORIZED_PAY_MASS) values ('B0000803','2400374', '测B04373', 4, 240374, 0, '2',15);

insert into T_SIMINFO (SIM_ID, ORG_CODE, DEPTCODE, STATE,PAY_MODLE, SIM_NUM) values(24375, 'B0000803', '中国移动', 1, '预付费', 13100004374);
insert into T_TERMINALINFO (TERMINAL_ID,TTYPE_ID,SIM_ID,TERMINAL_CODE,ORG_CODE,IS_VIDEO_TERMINAL,SP_SERVER_NAME,PROTOCOL_TYPE,CHANNELS,YT_PROTOCOL_TYPE) values(240375, 4, 24375, '1004374', 'B0000803',1,'1076测试服务器','4',8,'0');
insert into V_VEHICLEINFO (ORG_CODE,VEHICLE_ID,ID_NUMBER,TYPE_ID,TERMINAL_ID,DELETE_FLAG,COLOR_ID_NUMBER_ID,AUTHORIZED_PAY_MASS) values ('B0000803','2400375', '测B04374', 4, 240375, 0, '2',15);

insert into T_SIMINFO (SIM_ID, ORG_CODE, DEPTCODE, STATE,PAY_MODLE, SIM_NUM) values(24376, 'B0000803', '中国移动', 1, '预付费', 13100004375);
insert into T_TERMINALINFO (TERMINAL_ID,TTYPE_ID,SIM_ID,TERMINAL_CODE,ORG_CODE,IS_VIDEO_TERMINAL,SP_SERVER_NAME,PROTOCOL_TYPE,CHANNELS,YT_PROTOCOL_TYPE) values(240376, 4, 24376, '1004375', 'B0000803',1,'1076测试服务器','4',8,'0');
insert into V_VEHICLEINFO (ORG_CODE,VEHICLE_ID,ID_NUMBER,TYPE_ID,TERMINAL_ID,DELETE_FLAG,COLOR_ID_NUMBER_ID,AUTHORIZED_PAY_MASS) values ('B0000803','2400376', '测B04375', 4, 240376, 0, '2',15);

insert into T_SIMINFO (SIM_ID, ORG_CODE, DEPTCODE, STATE,PAY_MODLE, SIM_NUM) values(24377, 'B0000803', '中国移动', 1, '预付费', 13100004376);
insert into T_TERMINALINFO (TERMINAL_ID,TTYPE_ID,SIM_ID,TERMINAL_CODE,ORG_CODE,IS_VIDEO_TERMINAL,SP_SERVER_NAME,PROTOCOL_TYPE,CHANNELS,YT_PROTOCOL_TYPE) values(240377, 4, 24377, '1004376', 'B0000803',1,'1076测试服务器','4',8,'0');
insert into V_VEHICLEINFO (ORG_CODE,VEHICLE_ID,ID_NUMBER,TYPE_ID,TERMINAL_ID,DELETE_FLAG,COLOR_ID_NUMBER_ID,AUTHORIZED_PAY_MASS) values ('B0000803','2400377', '测B04376', 4, 240377, 0, '2',15);

insert into T_SIMINFO (SIM_ID, ORG_CODE, DEPTCODE, STATE,PAY_MODLE, SIM_NUM) values(24378, 'B0000803', '中国移动', 1, '预付费', 13100004377);
insert into T_TERMINALINFO (TERMINAL_ID,TTYPE_ID,SIM_ID,TERMINAL_CODE,ORG_CODE,IS_VIDEO_TERMINAL,SP_SERVER_NAME,PROTOCOL_TYPE,CHANNELS,YT_PROTOCOL_TYPE) values(240378, 4, 24378, '1004377', 'B0000803',1,'1076测试服务器','4',8,'0');
insert into V_VEHICLEINFO (ORG_CODE,VEHICLE_ID,ID_NUMBER,TYPE_ID,TERMINAL_ID,DELETE_FLAG,COLOR_ID_NUMBER_ID,AUTHORIZED_PAY_MASS) values ('B0000803','2400378', '测B04377', 4, 240378, 0, '2',15);

insert into T_SIMINFO (SIM_ID, ORG_CODE, DEPTCODE, STATE,PAY_MODLE, SIM_NUM) values(24379, 'B0000803', '中国移动', 1, '预付费', 13100004378);
insert into T_TERMINALINFO (TERMINAL_ID,TTYPE_ID,SIM_ID,TERMINAL_CODE,ORG_CODE,IS_VIDEO_TERMINAL,SP_SERVER_NAME,PROTOCOL_TYPE,CHANNELS,YT_PROTOCOL_TYPE) values(240379, 4, 24379, '1004378', 'B0000803',1,'1076测试服务器','4',8,'0');
insert into V_VEHICLEINFO (ORG_CODE,VEHICLE_ID,ID_NUMBER,TYPE_ID,TERMINAL_ID,DELETE_FLAG,COLOR_ID_NUMBER_ID,AUTHORIZED_PAY_MASS) values ('B0000803','2400379', '测B04378', 4, 240379, 0, '2',15);

insert into T_SIMINFO (SIM_ID, ORG_CODE, DEPTCODE, STATE,PAY_MODLE, SIM_NUM) values(24380, 'B0000803', '中国移动', 1, '预付费', 13100004379);
insert into T_TERMINALINFO (TERMINAL_ID,TTYPE_ID,SIM_ID,TERMINAL_CODE,ORG_CODE,IS_VIDEO_TERMINAL,SP_SERVER_NAME,PROTOCOL_TYPE,CHANNELS,YT_PROTOCOL_TYPE) values(240380, 4, 24380, '1004379', 'B0000803',1,'1076测试服务器','4',8,'0');
insert into V_VEHICLEINFO (ORG_CODE,VEHICLE_ID,ID_NUMBER,TYPE_ID,TERMINAL_ID,DELETE_FLAG,COLOR_ID_NUMBER_ID,AUTHORIZED_PAY_MASS) values ('B0000803','2400380', '测B04379', 4, 240380, 0, '2',15);

insert into T_SIMINFO (SIM_ID, ORG_CODE, DEPTCODE, STATE,PAY_MODLE, SIM_NUM) values(24381, 'B0000803', '中国移动', 1, '预付费', 13100004380);
insert into T_TERMINALINFO (TERMINAL_ID,TTYPE_ID,SIM_ID,TERMINAL_CODE,ORG_CODE,IS_VIDEO_TERMINAL,SP_SERVER_NAME,PROTOCOL_TYPE,CHANNELS,YT_PROTOCOL_TYPE) values(240381, 4, 24381, '1004380', 'B0000803',1,'1076测试服务器','4',8,'0');
insert into V_VEHICLEINFO (ORG_CODE,VEHICLE_ID,ID_NUMBER,TYPE_ID,TERMINAL_ID,DELETE_FLAG,COLOR_ID_NUMBER_ID,AUTHORIZED_PAY_MASS) values ('B0000803','2400381', '测B04380', 4, 240381, 0, '2',15);

insert into T_SIMINFO (SIM_ID, ORG_CODE, DEPTCODE, STATE,PAY_MODLE, SIM_NUM) values(24382, 'B0000803', '中国移动', 1, '预付费', 13100004381);
insert into T_TERMINALINFO (TERMINAL_ID,TTYPE_ID,SIM_ID,TERMINAL_CODE,ORG_CODE,IS_VIDEO_TERMINAL,SP_SERVER_NAME,PROTOCOL_TYPE,CHANNELS,YT_PROTOCOL_TYPE) values(240382, 4, 24382, '1004381', 'B0000803',1,'1076测试服务器','4',8,'0');
insert into V_VEHICLEINFO (ORG_CODE,VEHICLE_ID,ID_NUMBER,TYPE_ID,TERMINAL_ID,DELETE_FLAG,COLOR_ID_NUMBER_ID,AUTHORIZED_PAY_MASS) values ('B0000803','2400382', '测B04381', 4, 240382, 0, '2',15);

insert into T_SIMINFO (SIM_ID, ORG_CODE, DEPTCODE, STATE,PAY_MODLE, SIM_NUM) values(24383, 'B0000803', '中国移动', 1, '预付费', 13100004382);
insert into T_TERMINALINFO (TERMINAL_ID,TTYPE_ID,SIM_ID,TERMINAL_CODE,ORG_CODE,IS_VIDEO_TERMINAL,SP_SERVER_NAME,PROTOCOL_TYPE,CHANNELS,YT_PROTOCOL_TYPE) values(240383, 4, 24383, '1004382', 'B0000803',1,'1076测试服务器','4',8,'0');
insert into V_VEHICLEINFO (ORG_CODE,VEHICLE_ID,ID_NUMBER,TYPE_ID,TERMINAL_ID,DELETE_FLAG,COLOR_ID_NUMBER_ID,AUTHORIZED_PAY_MASS) values ('B0000803','2400383', '测B04382', 4, 240383, 0, '2',15);

insert into T_SIMINFO (SIM_ID, ORG_CODE, DEPTCODE, STATE,PAY_MODLE, SIM_NUM) values(24384, 'B0000803', '中国移动', 1, '预付费', 13100004383);
insert into T_TERMINALINFO (TERMINAL_ID,TTYPE_ID,SIM_ID,TERMINAL_CODE,ORG_CODE,IS_VIDEO_TERMINAL,SP_SERVER_NAME,PROTOCOL_TYPE,CHANNELS,YT_PROTOCOL_TYPE) values(240384, 4, 24384, '1004383', 'B0000803',1,'1076测试服务器','4',8,'0');
insert into V_VEHICLEINFO (ORG_CODE,VEHICLE_ID,ID_NUMBER,TYPE_ID,TERMINAL_ID,DELETE_FLAG,COLOR_ID_NUMBER_ID,AUTHORIZED_PAY_MASS) values ('B0000803','2400384', '测B04383', 4, 240384, 0, '2',15);

insert into T_SIMINFO (SIM_ID, ORG_CODE, DEPTCODE, STATE,PAY_MODLE, SIM_NUM) values(24385, 'B0000803', '中国移动', 1, '预付费', 13100004384);
insert into T_TERMINALINFO (TERMINAL_ID,TTYPE_ID,SIM_ID,TERMINAL_CODE,ORG_CODE,IS_VIDEO_TERMINAL,SP_SERVER_NAME,PROTOCOL_TYPE,CHANNELS,YT_PROTOCOL_TYPE) values(240385, 4, 24385, '1004384', 'B0000803',1,'1076测试服务器','4',8,'0');
insert into V_VEHICLEINFO (ORG_CODE,VEHICLE_ID,ID_NUMBER,TYPE_ID,TERMINAL_ID,DELETE_FLAG,COLOR_ID_NUMBER_ID,AUTHORIZED_PAY_MASS) values ('B0000803','2400385', '测B04384', 4, 240385, 0, '2',15);

insert into T_SIMINFO (SIM_ID, ORG_CODE, DEPTCODE, STATE,PAY_MODLE, SIM_NUM) values(24386, 'B0000803', '中国移动', 1, '预付费', 13100004385);
insert into T_TERMINALINFO (TERMINAL_ID,TTYPE_ID,SIM_ID,TERMINAL_CODE,ORG_CODE,IS_VIDEO_TERMINAL,SP_SERVER_NAME,PROTOCOL_TYPE,CHANNELS,YT_PROTOCOL_TYPE) values(240386, 4, 24386, '1004385', 'B0000803',1,'1076测试服务器','4',8,'0');
insert into V_VEHICLEINFO (ORG_CODE,VEHICLE_ID,ID_NUMBER,TYPE_ID,TERMINAL_ID,DELETE_FLAG,COLOR_ID_NUMBER_ID,AUTHORIZED_PAY_MASS) values ('B0000803','2400386', '测B04385', 4, 240386, 0, '2',15);

insert into T_SIMINFO (SIM_ID, ORG_CODE, DEPTCODE, STATE,PAY_MODLE, SIM_NUM) values(24387, 'B0000803', '中国移动', 1, '预付费', 13100004386);
insert into T_TERMINALINFO (TERMINAL_ID,TTYPE_ID,SIM_ID,TERMINAL_CODE,ORG_CODE,IS_VIDEO_TERMINAL,SP_SERVER_NAME,PROTOCOL_TYPE,CHANNELS,YT_PROTOCOL_TYPE) values(240387, 4, 24387, '1004386', 'B0000803',1,'1076测试服务器','4',8,'0');
insert into V_VEHICLEINFO (ORG_CODE,VEHICLE_ID,ID_NUMBER,TYPE_ID,TERMINAL_ID,DELETE_FLAG,COLOR_ID_NUMBER_ID,AUTHORIZED_PAY_MASS) values ('B0000803','2400387', '测B04386', 4, 240387, 0, '2',15);

insert into T_SIMINFO (SIM_ID, ORG_CODE, DEPTCODE, STATE,PAY_MODLE, SIM_NUM) values(24388, 'B0000803', '中国移动', 1, '预付费', 13100004387);
insert into T_TERMINALINFO (TERMINAL_ID,TTYPE_ID,SIM_ID,TERMINAL_CODE,ORG_CODE,IS_VIDEO_TERMINAL,SP_SERVER_NAME,PROTOCOL_TYPE,CHANNELS,YT_PROTOCOL_TYPE) values(240388, 4, 24388, '1004387', 'B0000803',1,'1076测试服务器','4',8,'0');
insert into V_VEHICLEINFO (ORG_CODE,VEHICLE_ID,ID_NUMBER,TYPE_ID,TERMINAL_ID,DELETE_FLAG,COLOR_ID_NUMBER_ID,AUTHORIZED_PAY_MASS) values ('B0000803','2400388', '测B04387', 4, 240388, 0, '2',15);

insert into T_SIMINFO (SIM_ID, ORG_CODE, DEPTCODE, STATE,PAY_MODLE, SIM_NUM) values(24389, 'B0000803', '中国移动', 1, '预付费', 13100004388);
insert into T_TERMINALINFO (TERMINAL_ID,TTYPE_ID,SIM_ID,TERMINAL_CODE,ORG_CODE,IS_VIDEO_TERMINAL,SP_SERVER_NAME,PROTOCOL_TYPE,CHANNELS,YT_PROTOCOL_TYPE) values(240389, 4, 24389, '1004388', 'B0000803',1,'1076测试服务器','4',8,'0');
insert into V_VEHICLEINFO (ORG_CODE,VEHICLE_ID,ID_NUMBER,TYPE_ID,TERMINAL_ID,DELETE_FLAG,COLOR_ID_NUMBER_ID,AUTHORIZED_PAY_MASS) values ('B0000803','2400389', '测B04388', 4, 240389, 0, '2',15);

insert into T_SIMINFO (SIM_ID, ORG_CODE, DEPTCODE, STATE,PAY_MODLE, SIM_NUM) values(24390, 'B0000803', '中国移动', 1, '预付费', 13100004389);
insert into T_TERMINALINFO (TERMINAL_ID,TTYPE_ID,SIM_ID,TERMINAL_CODE,ORG_CODE,IS_VIDEO_TERMINAL,SP_SERVER_NAME,PROTOCOL_TYPE,CHANNELS,YT_PROTOCOL_TYPE) values(240390, 4, 24390, '1004389', 'B0000803',1,'1076测试服务器','4',8,'0');
insert into V_VEHICLEINFO (ORG_CODE,VEHICLE_ID,ID_NUMBER,TYPE_ID,TERMINAL_ID,DELETE_FLAG,COLOR_ID_NUMBER_ID,AUTHORIZED_PAY_MASS) values ('B0000803','2400390', '测B04389', 4, 240390, 0, '2',15);

insert into T_SIMINFO (SIM_ID, ORG_CODE, DEPTCODE, STATE,PAY_MODLE, SIM_NUM) values(24391, 'B0000803', '中国移动', 1, '预付费', 13100004390);
insert into T_TERMINALINFO (TERMINAL_ID,TTYPE_ID,SIM_ID,TERMINAL_CODE,ORG_CODE,IS_VIDEO_TERMINAL,SP_SERVER_NAME,PROTOCOL_TYPE,CHANNELS,YT_PROTOCOL_TYPE) values(240391, 4, 24391, '1004390', 'B0000803',1,'1076测试服务器','4',8,'0');
insert into V_VEHICLEINFO (ORG_CODE,VEHICLE_ID,ID_NUMBER,TYPE_ID,TERMINAL_ID,DELETE_FLAG,COLOR_ID_NUMBER_ID,AUTHORIZED_PAY_MASS) values ('B0000803','2400391', '测B04390', 4, 240391, 0, '2',15);

insert into T_SIMINFO (SIM_ID, ORG_CODE, DEPTCODE, STATE,PAY_MODLE, SIM_NUM) values(24392, 'B0000803', '中国移动', 1, '预付费', 13100004391);
insert into T_TERMINALINFO (TERMINAL_ID,TTYPE_ID,SIM_ID,TERMINAL_CODE,ORG_CODE,IS_VIDEO_TERMINAL,SP_SERVER_NAME,PROTOCOL_TYPE,CHANNELS,YT_PROTOCOL_TYPE) values(240392, 4, 24392, '1004391', 'B0000803',1,'1076测试服务器','4',8,'0');
insert into V_VEHICLEINFO (ORG_CODE,VEHICLE_ID,ID_NUMBER,TYPE_ID,TERMINAL_ID,DELETE_FLAG,COLOR_ID_NUMBER_ID,AUTHORIZED_PAY_MASS) values ('B0000803','2400392', '测B04391', 4, 240392, 0, '2',15);

insert into T_SIMINFO (SIM_ID, ORG_CODE, DEPTCODE, STATE,PAY_MODLE, SIM_NUM) values(24393, 'B0000803', '中国移动', 1, '预付费', 13100004392);
insert into T_TERMINALINFO (TERMINAL_ID,TTYPE_ID,SIM_ID,TERMINAL_CODE,ORG_CODE,IS_VIDEO_TERMINAL,SP_SERVER_NAME,PROTOCOL_TYPE,CHANNELS,YT_PROTOCOL_TYPE) values(240393, 4, 24393, '1004392', 'B0000803',1,'1076测试服务器','4',8,'0');
insert into V_VEHICLEINFO (ORG_CODE,VEHICLE_ID,ID_NUMBER,TYPE_ID,TERMINAL_ID,DELETE_FLAG,COLOR_ID_NUMBER_ID,AUTHORIZED_PAY_MASS) values ('B0000803','2400393', '测B04392', 4, 240393, 0, '2',15);

insert into T_SIMINFO (SIM_ID, ORG_CODE, DEPTCODE, STATE,PAY_MODLE, SIM_NUM) values(24394, 'B0000803', '中国移动', 1, '预付费', 13100004393);
insert into T_TERMINALINFO (TERMINAL_ID,TTYPE_ID,SIM_ID,TERMINAL_CODE,ORG_CODE,IS_VIDEO_TERMINAL,SP_SERVER_NAME,PROTOCOL_TYPE,CHANNELS,YT_PROTOCOL_TYPE) values(240394, 4, 24394, '1004393', 'B0000803',1,'1076测试服务器','4',8,'0');
insert into V_VEHICLEINFO (ORG_CODE,VEHICLE_ID,ID_NUMBER,TYPE_ID,TERMINAL_ID,DELETE_FLAG,COLOR_ID_NUMBER_ID,AUTHORIZED_PAY_MASS) values ('B0000803','2400394', '测B04393', 4, 240394, 0, '2',15);

insert into T_SIMINFO (SIM_ID, ORG_CODE, DEPTCODE, STATE,PAY_MODLE, SIM_NUM) values(24395, 'B0000803', '中国移动', 1, '预付费', 13100004394);
insert into T_TERMINALINFO (TERMINAL_ID,TTYPE_ID,SIM_ID,TERMINAL_CODE,ORG_CODE,IS_VIDEO_TERMINAL,SP_SERVER_NAME,PROTOCOL_TYPE,CHANNELS,YT_PROTOCOL_TYPE) values(240395, 4, 24395, '1004394', 'B0000803',1,'1076测试服务器','4',8,'0');
insert into V_VEHICLEINFO (ORG_CODE,VEHICLE_ID,ID_NUMBER,TYPE_ID,TERMINAL_ID,DELETE_FLAG,COLOR_ID_NUMBER_ID,AUTHORIZED_PAY_MASS) values ('B0000803','2400395', '测B04394', 4, 240395, 0, '2',15);

insert into T_SIMINFO (SIM_ID, ORG_CODE, DEPTCODE, STATE,PAY_MODLE, SIM_NUM) values(24396, 'B0000803', '中国移动', 1, '预付费', 13100004395);
insert into T_TERMINALINFO (TERMINAL_ID,TTYPE_ID,SIM_ID,TERMINAL_CODE,ORG_CODE,IS_VIDEO_TERMINAL,SP_SERVER_NAME,PROTOCOL_TYPE,CHANNELS,YT_PROTOCOL_TYPE) values(240396, 4, 24396, '1004395', 'B0000803',1,'1076测试服务器','4',8,'0');
insert into V_VEHICLEINFO (ORG_CODE,VEHICLE_ID,ID_NUMBER,TYPE_ID,TERMINAL_ID,DELETE_FLAG,COLOR_ID_NUMBER_ID,AUTHORIZED_PAY_MASS) values ('B0000803','2400396', '测B04395', 4, 240396, 0, '2',15);

insert into T_SIMINFO (SIM_ID, ORG_CODE, DEPTCODE, STATE,PAY_MODLE, SIM_NUM) values(24397, 'B0000803', '中国移动', 1, '预付费', 13100004396);
insert into T_TERMINALINFO (TERMINAL_ID,TTYPE_ID,SIM_ID,TERMINAL_CODE,ORG_CODE,IS_VIDEO_TERMINAL,SP_SERVER_NAME,PROTOCOL_TYPE,CHANNELS,YT_PROTOCOL_TYPE) values(240397, 4, 24397, '1004396', 'B0000803',1,'1076测试服务器','4',8,'0');
insert into V_VEHICLEINFO (ORG_CODE,VEHICLE_ID,ID_NUMBER,TYPE_ID,TERMINAL_ID,DELETE_FLAG,COLOR_ID_NUMBER_ID,AUTHORIZED_PAY_MASS) values ('B0000803','2400397', '测B04396', 4, 240397, 0, '2',15);

insert into T_SIMINFO (SIM_ID, ORG_CODE, DEPTCODE, STATE,PAY_MODLE, SIM_NUM) values(24398, 'B0000803', '中国移动', 1, '预付费', 13100004397);
insert into T_TERMINALINFO (TERMINAL_ID,TTYPE_ID,SIM_ID,TERMINAL_CODE,ORG_CODE,IS_VIDEO_TERMINAL,SP_SERVER_NAME,PROTOCOL_TYPE,CHANNELS,YT_PROTOCOL_TYPE) values(240398, 4, 24398, '1004397', 'B0000803',1,'1076测试服务器','4',8,'0');
insert into V_VEHICLEINFO (ORG_CODE,VEHICLE_ID,ID_NUMBER,TYPE_ID,TERMINAL_ID,DELETE_FLAG,COLOR_ID_NUMBER_ID,AUTHORIZED_PAY_MASS) values ('B0000803','2400398', '测B04397', 4, 240398, 0, '2',15);

insert into T_SIMINFO (SIM_ID, ORG_CODE, DEPTCODE, STATE,PAY_MODLE, SIM_NUM) values(24399, 'B0000803', '中国移动', 1, '预付费', 13100004398);
insert into T_TERMINALINFO (TERMINAL_ID,TTYPE_ID,SIM_ID,TERMINAL_CODE,ORG_CODE,IS_VIDEO_TERMINAL,SP_SERVER_NAME,PROTOCOL_TYPE,CHANNELS,YT_PROTOCOL_TYPE) values(240399, 4, 24399, '1004398', 'B0000803',1,'1076测试服务器','4',8,'0');
insert into V_VEHICLEINFO (ORG_CODE,VEHICLE_ID,ID_NUMBER,TYPE_ID,TERMINAL_ID,DELETE_FLAG,COLOR_ID_NUMBER_ID,AUTHORIZED_PAY_MASS) values ('B0000803','2400399', '测B04398', 4, 240399, 0, '2',15);

insert into T_SIMINFO (SIM_ID, ORG_CODE, DEPTCODE, STATE,PAY_MODLE, SIM_NUM) values(24400, 'B0000803', '中国移动', 1, '预付费', 13100004399);
insert into T_TERMINALINFO (TERMINAL_ID,TTYPE_ID,SIM_ID,TERMINAL_CODE,ORG_CODE,IS_VIDEO_TERMINAL,SP_SERVER_NAME,PROTOCOL_TYPE,CHANNELS,YT_PROTOCOL_TYPE) values(240400, 4, 24400, '1004399', 'B0000803',1,'1076测试服务器','4',8,'0');
insert into V_VEHICLEINFO (ORG_CODE,VEHICLE_ID,ID_NUMBER,TYPE_ID,TERMINAL_ID,DELETE_FLAG,COLOR_ID_NUMBER_ID,AUTHORIZED_PAY_MASS) values ('B0000803','2400400', '测B04399', 4, 240400, 0, '2',15);

insert into T_SIMINFO (SIM_ID, ORG_CODE, DEPTCODE, STATE,PAY_MODLE, SIM_NUM) values(24401, 'B0000803', '中国移动', 1, '预付费', 13100004400);
insert into T_TERMINALINFO (TERMINAL_ID,TTYPE_ID,SIM_ID,TERMINAL_CODE,ORG_CODE,IS_VIDEO_TERMINAL,SP_SERVER_NAME,PROTOCOL_TYPE,CHANNELS,YT_PROTOCOL_TYPE) values(240401, 4, 24401, '1004400', 'B0000803',1,'1076测试服务器','4',8,'0');
insert into V_VEHICLEINFO (ORG_CODE,VEHICLE_ID,ID_NUMBER,TYPE_ID,TERMINAL_ID,DELETE_FLAG,COLOR_ID_NUMBER_ID,AUTHORIZED_PAY_MASS) values ('B0000803','2400401', '测B04400', 4, 240401, 0, '2',15);

insert into T_SIMINFO (SIM_ID, ORG_CODE, DEPTCODE, STATE,PAY_MODLE, SIM_NUM) values(24402, 'B0000803', '中国移动', 1, '预付费', 13100004401);
insert into T_TERMINALINFO (TERMINAL_ID,TTYPE_ID,SIM_ID,TERMINAL_CODE,ORG_CODE,IS_VIDEO_TERMINAL,SP_SERVER_NAME,PROTOCOL_TYPE,CHANNELS,YT_PROTOCOL_TYPE) values(240402, 4, 24402, '1004401', 'B0000803',1,'1076测试服务器','4',8,'0');
insert into V_VEHICLEINFO (ORG_CODE,VEHICLE_ID,ID_NUMBER,TYPE_ID,TERMINAL_ID,DELETE_FLAG,COLOR_ID_NUMBER_ID,AUTHORIZED_PAY_MASS) values ('B0000803','2400402', '测B04401', 4, 240402, 0, '2',15);

insert into T_SIMINFO (SIM_ID, ORG_CODE, DEPTCODE, STATE,PAY_MODLE, SIM_NUM) values(24403, 'B0000803', '中国移动', 1, '预付费', 13100004402);
insert into T_TERMINALINFO (TERMINAL_ID,TTYPE_ID,SIM_ID,TERMINAL_CODE,ORG_CODE,IS_VIDEO_TERMINAL,SP_SERVER_NAME,PROTOCOL_TYPE,CHANNELS,YT_PROTOCOL_TYPE) values(240403, 4, 24403, '1004402', 'B0000803',1,'1076测试服务器','4',8,'0');
insert into V_VEHICLEINFO (ORG_CODE,VEHICLE_ID,ID_NUMBER,TYPE_ID,TERMINAL_ID,DELETE_FLAG,COLOR_ID_NUMBER_ID,AUTHORIZED_PAY_MASS) values ('B0000803','2400403', '测B04402', 4, 240403, 0, '2',15);

insert into T_SIMINFO (SIM_ID, ORG_CODE, DEPTCODE, STATE,PAY_MODLE, SIM_NUM) values(24404, 'B0000803', '中国移动', 1, '预付费', 13100004403);
insert into T_TERMINALINFO (TERMINAL_ID,TTYPE_ID,SIM_ID,TERMINAL_CODE,ORG_CODE,IS_VIDEO_TERMINAL,SP_SERVER_NAME,PROTOCOL_TYPE,CHANNELS,YT_PROTOCOL_TYPE) values(240404, 4, 24404, '1004403', 'B0000803',1,'1076测试服务器','4',8,'0');
insert into V_VEHICLEINFO (ORG_CODE,VEHICLE_ID,ID_NUMBER,TYPE_ID,TERMINAL_ID,DELETE_FLAG,COLOR_ID_NUMBER_ID,AUTHORIZED_PAY_MASS) values ('B0000803','2400404', '测B04403', 4, 240404, 0, '2',15);

insert into T_SIMINFO (SIM_ID, ORG_CODE, DEPTCODE, STATE,PAY_MODLE, SIM_NUM) values(24405, 'B0000803', '中国移动', 1, '预付费', 13100004404);
insert into T_TERMINALINFO (TERMINAL_ID,TTYPE_ID,SIM_ID,TERMINAL_CODE,ORG_CODE,IS_VIDEO_TERMINAL,SP_SERVER_NAME,PROTOCOL_TYPE,CHANNELS,YT_PROTOCOL_TYPE) values(240405, 4, 24405, '1004404', 'B0000803',1,'1076测试服务器','4',8,'0');
insert into V_VEHICLEINFO (ORG_CODE,VEHICLE_ID,ID_NUMBER,TYPE_ID,TERMINAL_ID,DELETE_FLAG,COLOR_ID_NUMBER_ID,AUTHORIZED_PAY_MASS) values ('B0000803','2400405', '测B04404', 4, 240405, 0, '2',15);

insert into T_SIMINFO (SIM_ID, ORG_CODE, DEPTCODE, STATE,PAY_MODLE, SIM_NUM) values(24406, 'B0000803', '中国移动', 1, '预付费', 13100004405);
insert into T_TERMINALINFO (TERMINAL_ID,TTYPE_ID,SIM_ID,TERMINAL_CODE,ORG_CODE,IS_VIDEO_TERMINAL,SP_SERVER_NAME,PROTOCOL_TYPE,CHANNELS,YT_PROTOCOL_TYPE) values(240406, 4, 24406, '1004405', 'B0000803',1,'1076测试服务器','4',8,'0');
insert into V_VEHICLEINFO (ORG_CODE,VEHICLE_ID,ID_NUMBER,TYPE_ID,TERMINAL_ID,DELETE_FLAG,COLOR_ID_NUMBER_ID,AUTHORIZED_PAY_MASS) values ('B0000803','2400406', '测B04405', 4, 240406, 0, '2',15);

insert into T_SIMINFO (SIM_ID, ORG_CODE, DEPTCODE, STATE,PAY_MODLE, SIM_NUM) values(24407, 'B0000803', '中国移动', 1, '预付费', 13100004406);
insert into T_TERMINALINFO (TERMINAL_ID,TTYPE_ID,SIM_ID,TERMINAL_CODE,ORG_CODE,IS_VIDEO_TERMINAL,SP_SERVER_NAME,PROTOCOL_TYPE,CHANNELS,YT_PROTOCOL_TYPE) values(240407, 4, 24407, '1004406', 'B0000803',1,'1076测试服务器','4',8,'0');
insert into V_VEHICLEINFO (ORG_CODE,VEHICLE_ID,ID_NUMBER,TYPE_ID,TERMINAL_ID,DELETE_FLAG,COLOR_ID_NUMBER_ID,AUTHORIZED_PAY_MASS) values ('B0000803','2400407', '测B04406', 4, 240407, 0, '2',15);

insert into T_SIMINFO (SIM_ID, ORG_CODE, DEPTCODE, STATE,PAY_MODLE, SIM_NUM) values(24408, 'B0000803', '中国移动', 1, '预付费', 13100004407);
insert into T_TERMINALINFO (TERMINAL_ID,TTYPE_ID,SIM_ID,TERMINAL_CODE,ORG_CODE,IS_VIDEO_TERMINAL,SP_SERVER_NAME,PROTOCOL_TYPE,CHANNELS,YT_PROTOCOL_TYPE) values(240408, 4, 24408, '1004407', 'B0000803',1,'1076测试服务器','4',8,'0');
insert into V_VEHICLEINFO (ORG_CODE,VEHICLE_ID,ID_NUMBER,TYPE_ID,TERMINAL_ID,DELETE_FLAG,COLOR_ID_NUMBER_ID,AUTHORIZED_PAY_MASS) values ('B0000803','2400408', '测B04407', 4, 240408, 0, '2',15);

insert into T_SIMINFO (SIM_ID, ORG_CODE, DEPTCODE, STATE,PAY_MODLE, SIM_NUM) values(24409, 'B0000803', '中国移动', 1, '预付费', 13100004408);
insert into T_TERMINALINFO (TERMINAL_ID,TTYPE_ID,SIM_ID,TERMINAL_CODE,ORG_CODE,IS_VIDEO_TERMINAL,SP_SERVER_NAME,PROTOCOL_TYPE,CHANNELS,YT_PROTOCOL_TYPE) values(240409, 4, 24409, '1004408', 'B0000803',1,'1076测试服务器','4',8,'0');
insert into V_VEHICLEINFO (ORG_CODE,VEHICLE_ID,ID_NUMBER,TYPE_ID,TERMINAL_ID,DELETE_FLAG,COLOR_ID_NUMBER_ID,AUTHORIZED_PAY_MASS) values ('B0000803','2400409', '测B04408', 4, 240409, 0, '2',15);

insert into T_SIMINFO (SIM_ID, ORG_CODE, DEPTCODE, STATE,PAY_MODLE, SIM_NUM) values(24410, 'B0000803', '中国移动', 1, '预付费', 13100004409);
insert into T_TERMINALINFO (TERMINAL_ID,TTYPE_ID,SIM_ID,TERMINAL_CODE,ORG_CODE,IS_VIDEO_TERMINAL,SP_SERVER_NAME,PROTOCOL_TYPE,CHANNELS,YT_PROTOCOL_TYPE) values(240410, 4, 24410, '1004409', 'B0000803',1,'1076测试服务器','4',8,'0');
insert into V_VEHICLEINFO (ORG_CODE,VEHICLE_ID,ID_NUMBER,TYPE_ID,TERMINAL_ID,DELETE_FLAG,COLOR_ID_NUMBER_ID,AUTHORIZED_PAY_MASS) values ('B0000803','2400410', '测B04409', 4, 240410, 0, '2',15);

insert into T_SIMINFO (SIM_ID, ORG_CODE, DEPTCODE, STATE,PAY_MODLE, SIM_NUM) values(24411, 'B0000803', '中国移动', 1, '预付费', 13100004410);
insert into T_TERMINALINFO (TERMINAL_ID,TTYPE_ID,SIM_ID,TERMINAL_CODE,ORG_CODE,IS_VIDEO_TERMINAL,SP_SERVER_NAME,PROTOCOL_TYPE,CHANNELS,YT_PROTOCOL_TYPE) values(240411, 4, 24411, '1004410', 'B0000803',1,'1076测试服务器','4',8,'0');
insert into V_VEHICLEINFO (ORG_CODE,VEHICLE_ID,ID_NUMBER,TYPE_ID,TERMINAL_ID,DELETE_FLAG,COLOR_ID_NUMBER_ID,AUTHORIZED_PAY_MASS) values ('B0000803','2400411', '测B04410', 4, 240411, 0, '2',15);

insert into T_SIMINFO (SIM_ID, ORG_CODE, DEPTCODE, STATE,PAY_MODLE, SIM_NUM) values(24412, 'B0000803', '中国移动', 1, '预付费', 13100004411);
insert into T_TERMINALINFO (TERMINAL_ID,TTYPE_ID,SIM_ID,TERMINAL_CODE,ORG_CODE,IS_VIDEO_TERMINAL,SP_SERVER_NAME,PROTOCOL_TYPE,CHANNELS,YT_PROTOCOL_TYPE) values(240412, 4, 24412, '1004411', 'B0000803',1,'1076测试服务器','4',8,'0');
insert into V_VEHICLEINFO (ORG_CODE,VEHICLE_ID,ID_NUMBER,TYPE_ID,TERMINAL_ID,DELETE_FLAG,COLOR_ID_NUMBER_ID,AUTHORIZED_PAY_MASS) values ('B0000803','2400412', '测B04411', 4, 240412, 0, '2',15);

insert into T_SIMINFO (SIM_ID, ORG_CODE, DEPTCODE, STATE,PAY_MODLE, SIM_NUM) values(24413, 'B0000803', '中国移动', 1, '预付费', 13100004412);
insert into T_TERMINALINFO (TERMINAL_ID,TTYPE_ID,SIM_ID,TERMINAL_CODE,ORG_CODE,IS_VIDEO_TERMINAL,SP_SERVER_NAME,PROTOCOL_TYPE,CHANNELS,YT_PROTOCOL_TYPE) values(240413, 4, 24413, '1004412', 'B0000803',1,'1076测试服务器','4',8,'0');
insert into V_VEHICLEINFO (ORG_CODE,VEHICLE_ID,ID_NUMBER,TYPE_ID,TERMINAL_ID,DELETE_FLAG,COLOR_ID_NUMBER_ID,AUTHORIZED_PAY_MASS) values ('B0000803','2400413', '测B04412', 4, 240413, 0, '2',15);

insert into T_SIMINFO (SIM_ID, ORG_CODE, DEPTCODE, STATE,PAY_MODLE, SIM_NUM) values(24414, 'B0000803', '中国移动', 1, '预付费', 13100004413);
insert into T_TERMINALINFO (TERMINAL_ID,TTYPE_ID,SIM_ID,TERMINAL_CODE,ORG_CODE,IS_VIDEO_TERMINAL,SP_SERVER_NAME,PROTOCOL_TYPE,CHANNELS,YT_PROTOCOL_TYPE) values(240414, 4, 24414, '1004413', 'B0000803',1,'1076测试服务器','4',8,'0');
insert into V_VEHICLEINFO (ORG_CODE,VEHICLE_ID,ID_NUMBER,TYPE_ID,TERMINAL_ID,DELETE_FLAG,COLOR_ID_NUMBER_ID,AUTHORIZED_PAY_MASS) values ('B0000803','2400414', '测B04413', 4, 240414, 0, '2',15);

insert into T_SIMINFO (SIM_ID, ORG_CODE, DEPTCODE, STATE,PAY_MODLE, SIM_NUM) values(24415, 'B0000803', '中国移动', 1, '预付费', 13100004414);
insert into T_TERMINALINFO (TERMINAL_ID,TTYPE_ID,SIM_ID,TERMINAL_CODE,ORG_CODE,IS_VIDEO_TERMINAL,SP_SERVER_NAME,PROTOCOL_TYPE,CHANNELS,YT_PROTOCOL_TYPE) values(240415, 4, 24415, '1004414', 'B0000803',1,'1076测试服务器','4',8,'0');
insert into V_VEHICLEINFO (ORG_CODE,VEHICLE_ID,ID_NUMBER,TYPE_ID,TERMINAL_ID,DELETE_FLAG,COLOR_ID_NUMBER_ID,AUTHORIZED_PAY_MASS) values ('B0000803','2400415', '测B04414', 4, 240415, 0, '2',15);

insert into T_SIMINFO (SIM_ID, ORG_CODE, DEPTCODE, STATE,PAY_MODLE, SIM_NUM) values(24416, 'B0000803', '中国移动', 1, '预付费', 13100004415);
insert into T_TERMINALINFO (TERMINAL_ID,TTYPE_ID,SIM_ID,TERMINAL_CODE,ORG_CODE,IS_VIDEO_TERMINAL,SP_SERVER_NAME,PROTOCOL_TYPE,CHANNELS,YT_PROTOCOL_TYPE) values(240416, 4, 24416, '1004415', 'B0000803',1,'1076测试服务器','4',8,'0');
insert into V_VEHICLEINFO (ORG_CODE,VEHICLE_ID,ID_NUMBER,TYPE_ID,TERMINAL_ID,DELETE_FLAG,COLOR_ID_NUMBER_ID,AUTHORIZED_PAY_MASS) values ('B0000803','2400416', '测B04415', 4, 240416, 0, '2',15);

insert into T_SIMINFO (SIM_ID, ORG_CODE, DEPTCODE, STATE,PAY_MODLE, SIM_NUM) values(24417, 'B0000803', '中国移动', 1, '预付费', 13100004416);
insert into T_TERMINALINFO (TERMINAL_ID,TTYPE_ID,SIM_ID,TERMINAL_CODE,ORG_CODE,IS_VIDEO_TERMINAL,SP_SERVER_NAME,PROTOCOL_TYPE,CHANNELS,YT_PROTOCOL_TYPE) values(240417, 4, 24417, '1004416', 'B0000803',1,'1076测试服务器','4',8,'0');
insert into V_VEHICLEINFO (ORG_CODE,VEHICLE_ID,ID_NUMBER,TYPE_ID,TERMINAL_ID,DELETE_FLAG,COLOR_ID_NUMBER_ID,AUTHORIZED_PAY_MASS) values ('B0000803','2400417', '测B04416', 4, 240417, 0, '2',15);

insert into T_SIMINFO (SIM_ID, ORG_CODE, DEPTCODE, STATE,PAY_MODLE, SIM_NUM) values(24418, 'B0000803', '中国移动', 1, '预付费', 13100004417);
insert into T_TERMINALINFO (TERMINAL_ID,TTYPE_ID,SIM_ID,TERMINAL_CODE,ORG_CODE,IS_VIDEO_TERMINAL,SP_SERVER_NAME,PROTOCOL_TYPE,CHANNELS,YT_PROTOCOL_TYPE) values(240418, 4, 24418, '1004417', 'B0000803',1,'1076测试服务器','4',8,'0');
insert into V_VEHICLEINFO (ORG_CODE,VEHICLE_ID,ID_NUMBER,TYPE_ID,TERMINAL_ID,DELETE_FLAG,COLOR_ID_NUMBER_ID,AUTHORIZED_PAY_MASS) values ('B0000803','2400418', '测B04417', 4, 240418, 0, '2',15);

insert into T_SIMINFO (SIM_ID, ORG_CODE, DEPTCODE, STATE,PAY_MODLE, SIM_NUM) values(24419, 'B0000803', '中国移动', 1, '预付费', 13100004418);
insert into T_TERMINALINFO (TERMINAL_ID,TTYPE_ID,SIM_ID,TERMINAL_CODE,ORG_CODE,IS_VIDEO_TERMINAL,SP_SERVER_NAME,PROTOCOL_TYPE,CHANNELS,YT_PROTOCOL_TYPE) values(240419, 4, 24419, '1004418', 'B0000803',1,'1076测试服务器','4',8,'0');
insert into V_VEHICLEINFO (ORG_CODE,VEHICLE_ID,ID_NUMBER,TYPE_ID,TERMINAL_ID,DELETE_FLAG,COLOR_ID_NUMBER_ID,AUTHORIZED_PAY_MASS) values ('B0000803','2400419', '测B04418', 4, 240419, 0, '2',15);

insert into T_SIMINFO (SIM_ID, ORG_CODE, DEPTCODE, STATE,PAY_MODLE, SIM_NUM) values(24420, 'B0000803', '中国移动', 1, '预付费', 13100004419);
insert into T_TERMINALINFO (TERMINAL_ID,TTYPE_ID,SIM_ID,TERMINAL_CODE,ORG_CODE,IS_VIDEO_TERMINAL,SP_SERVER_NAME,PROTOCOL_TYPE,CHANNELS,YT_PROTOCOL_TYPE) values(240420, 4, 24420, '1004419', 'B0000803',1,'1076测试服务器','4',8,'0');
insert into V_VEHICLEINFO (ORG_CODE,VEHICLE_ID,ID_NUMBER,TYPE_ID,TERMINAL_ID,DELETE_FLAG,COLOR_ID_NUMBER_ID,AUTHORIZED_PAY_MASS) values ('B0000803','2400420', '测B04419', 4, 240420, 0, '2',15);

insert into T_SIMINFO (SIM_ID, ORG_CODE, DEPTCODE, STATE,PAY_MODLE, SIM_NUM) values(24421, 'B0000803', '中国移动', 1, '预付费', 13100004420);
insert into T_TERMINALINFO (TERMINAL_ID,TTYPE_ID,SIM_ID,TERMINAL_CODE,ORG_CODE,IS_VIDEO_TERMINAL,SP_SERVER_NAME,PROTOCOL_TYPE,CHANNELS,YT_PROTOCOL_TYPE) values(240421, 4, 24421, '1004420', 'B0000803',1,'1076测试服务器','4',8,'0');
insert into V_VEHICLEINFO (ORG_CODE,VEHICLE_ID,ID_NUMBER,TYPE_ID,TERMINAL_ID,DELETE_FLAG,COLOR_ID_NUMBER_ID,AUTHORIZED_PAY_MASS) values ('B0000803','2400421', '测B04420', 4, 240421, 0, '2',15);

insert into T_SIMINFO (SIM_ID, ORG_CODE, DEPTCODE, STATE,PAY_MODLE, SIM_NUM) values(24422, 'B0000803', '中国移动', 1, '预付费', 13100004421);
insert into T_TERMINALINFO (TERMINAL_ID,TTYPE_ID,SIM_ID,TERMINAL_CODE,ORG_CODE,IS_VIDEO_TERMINAL,SP_SERVER_NAME,PROTOCOL_TYPE,CHANNELS,YT_PROTOCOL_TYPE) values(240422, 4, 24422, '1004421', 'B0000803',1,'1076测试服务器','4',8,'0');
insert into V_VEHICLEINFO (ORG_CODE,VEHICLE_ID,ID_NUMBER,TYPE_ID,TERMINAL_ID,DELETE_FLAG,COLOR_ID_NUMBER_ID,AUTHORIZED_PAY_MASS) values ('B0000803','2400422', '测B04421', 4, 240422, 0, '2',15);

insert into T_SIMINFO (SIM_ID, ORG_CODE, DEPTCODE, STATE,PAY_MODLE, SIM_NUM) values(24423, 'B0000803', '中国移动', 1, '预付费', 13100004422);
insert into T_TERMINALINFO (TERMINAL_ID,TTYPE_ID,SIM_ID,TERMINAL_CODE,ORG_CODE,IS_VIDEO_TERMINAL,SP_SERVER_NAME,PROTOCOL_TYPE,CHANNELS,YT_PROTOCOL_TYPE) values(240423, 4, 24423, '1004422', 'B0000803',1,'1076测试服务器','4',8,'0');
insert into V_VEHICLEINFO (ORG_CODE,VEHICLE_ID,ID_NUMBER,TYPE_ID,TERMINAL_ID,DELETE_FLAG,COLOR_ID_NUMBER_ID,AUTHORIZED_PAY_MASS) values ('B0000803','2400423', '测B04422', 4, 240423, 0, '2',15);

insert into T_SIMINFO (SIM_ID, ORG_CODE, DEPTCODE, STATE,PAY_MODLE, SIM_NUM) values(24424, 'B0000803', '中国移动', 1, '预付费', 13100004423);
insert into T_TERMINALINFO (TERMINAL_ID,TTYPE_ID,SIM_ID,TERMINAL_CODE,ORG_CODE,IS_VIDEO_TERMINAL,SP_SERVER_NAME,PROTOCOL_TYPE,CHANNELS,YT_PROTOCOL_TYPE) values(240424, 4, 24424, '1004423', 'B0000803',1,'1076测试服务器','4',8,'0');
insert into V_VEHICLEINFO (ORG_CODE,VEHICLE_ID,ID_NUMBER,TYPE_ID,TERMINAL_ID,DELETE_FLAG,COLOR_ID_NUMBER_ID,AUTHORIZED_PAY_MASS) values ('B0000803','2400424', '测B04423', 4, 240424, 0, '2',15);

insert into T_SIMINFO (SIM_ID, ORG_CODE, DEPTCODE, STATE,PAY_MODLE, SIM_NUM) values(24425, 'B0000803', '中国移动', 1, '预付费', 13100004424);
insert into T_TERMINALINFO (TERMINAL_ID,TTYPE_ID,SIM_ID,TERMINAL_CODE,ORG_CODE,IS_VIDEO_TERMINAL,SP_SERVER_NAME,PROTOCOL_TYPE,CHANNELS,YT_PROTOCOL_TYPE) values(240425, 4, 24425, '1004424', 'B0000803',1,'1076测试服务器','4',8,'0');
insert into V_VEHICLEINFO (ORG_CODE,VEHICLE_ID,ID_NUMBER,TYPE_ID,TERMINAL_ID,DELETE_FLAG,COLOR_ID_NUMBER_ID,AUTHORIZED_PAY_MASS) values ('B0000803','2400425', '测B04424', 4, 240425, 0, '2',15);

insert into T_SIMINFO (SIM_ID, ORG_CODE, DEPTCODE, STATE,PAY_MODLE, SIM_NUM) values(24426, 'B0000803', '中国移动', 1, '预付费', 13100004425);
insert into T_TERMINALINFO (TERMINAL_ID,TTYPE_ID,SIM_ID,TERMINAL_CODE,ORG_CODE,IS_VIDEO_TERMINAL,SP_SERVER_NAME,PROTOCOL_TYPE,CHANNELS,YT_PROTOCOL_TYPE) values(240426, 4, 24426, '1004425', 'B0000803',1,'1076测试服务器','4',8,'0');
insert into V_VEHICLEINFO (ORG_CODE,VEHICLE_ID,ID_NUMBER,TYPE_ID,TERMINAL_ID,DELETE_FLAG,COLOR_ID_NUMBER_ID,AUTHORIZED_PAY_MASS) values ('B0000803','2400426', '测B04425', 4, 240426, 0, '2',15);

insert into T_SIMINFO (SIM_ID, ORG_CODE, DEPTCODE, STATE,PAY_MODLE, SIM_NUM) values(24427, 'B0000803', '中国移动', 1, '预付费', 13100004426);
insert into T_TERMINALINFO (TERMINAL_ID,TTYPE_ID,SIM_ID,TERMINAL_CODE,ORG_CODE,IS_VIDEO_TERMINAL,SP_SERVER_NAME,PROTOCOL_TYPE,CHANNELS,YT_PROTOCOL_TYPE) values(240427, 4, 24427, '1004426', 'B0000803',1,'1076测试服务器','4',8,'0');
insert into V_VEHICLEINFO (ORG_CODE,VEHICLE_ID,ID_NUMBER,TYPE_ID,TERMINAL_ID,DELETE_FLAG,COLOR_ID_NUMBER_ID,AUTHORIZED_PAY_MASS) values ('B0000803','2400427', '测B04426', 4, 240427, 0, '2',15);

insert into T_SIMINFO (SIM_ID, ORG_CODE, DEPTCODE, STATE,PAY_MODLE, SIM_NUM) values(24428, 'B0000803', '中国移动', 1, '预付费', 13100004427);
insert into T_TERMINALINFO (TERMINAL_ID,TTYPE_ID,SIM_ID,TERMINAL_CODE,ORG_CODE,IS_VIDEO_TERMINAL,SP_SERVER_NAME,PROTOCOL_TYPE,CHANNELS,YT_PROTOCOL_TYPE) values(240428, 4, 24428, '1004427', 'B0000803',1,'1076测试服务器','4',8,'0');
insert into V_VEHICLEINFO (ORG_CODE,VEHICLE_ID,ID_NUMBER,TYPE_ID,TERMINAL_ID,DELETE_FLAG,COLOR_ID_NUMBER_ID,AUTHORIZED_PAY_MASS) values ('B0000803','2400428', '测B04427', 4, 240428, 0, '2',15);

insert into T_SIMINFO (SIM_ID, ORG_CODE, DEPTCODE, STATE,PAY_MODLE, SIM_NUM) values(24429, 'B0000803', '中国移动', 1, '预付费', 13100004428);
insert into T_TERMINALINFO (TERMINAL_ID,TTYPE_ID,SIM_ID,TERMINAL_CODE,ORG_CODE,IS_VIDEO_TERMINAL,SP_SERVER_NAME,PROTOCOL_TYPE,CHANNELS,YT_PROTOCOL_TYPE) values(240429, 4, 24429, '1004428', 'B0000803',1,'1076测试服务器','4',8,'0');
insert into V_VEHICLEINFO (ORG_CODE,VEHICLE_ID,ID_NUMBER,TYPE_ID,TERMINAL_ID,DELETE_FLAG,COLOR_ID_NUMBER_ID,AUTHORIZED_PAY_MASS) values ('B0000803','2400429', '测B04428', 4, 240429, 0, '2',15);

insert into T_SIMINFO (SIM_ID, ORG_CODE, DEPTCODE, STATE,PAY_MODLE, SIM_NUM) values(24430, 'B0000803', '中国移动', 1, '预付费', 13100004429);
insert into T_TERMINALINFO (TERMINAL_ID,TTYPE_ID,SIM_ID,TERMINAL_CODE,ORG_CODE,IS_VIDEO_TERMINAL,SP_SERVER_NAME,PROTOCOL_TYPE,CHANNELS,YT_PROTOCOL_TYPE) values(240430, 4, 24430, '1004429', 'B0000803',1,'1076测试服务器','4',8,'0');
insert into V_VEHICLEINFO (ORG_CODE,VEHICLE_ID,ID_NUMBER,TYPE_ID,TERMINAL_ID,DELETE_FLAG,COLOR_ID_NUMBER_ID,AUTHORIZED_PAY_MASS) values ('B0000803','2400430', '测B04429', 4, 240430, 0, '2',15);

insert into T_SIMINFO (SIM_ID, ORG_CODE, DEPTCODE, STATE,PAY_MODLE, SIM_NUM) values(24431, 'B0000803', '中国移动', 1, '预付费', 13100004430);
insert into T_TERMINALINFO (TERMINAL_ID,TTYPE_ID,SIM_ID,TERMINAL_CODE,ORG_CODE,IS_VIDEO_TERMINAL,SP_SERVER_NAME,PROTOCOL_TYPE,CHANNELS,YT_PROTOCOL_TYPE) values(240431, 4, 24431, '1004430', 'B0000803',1,'1076测试服务器','4',8,'0');
insert into V_VEHICLEINFO (ORG_CODE,VEHICLE_ID,ID_NUMBER,TYPE_ID,TERMINAL_ID,DELETE_FLAG,COLOR_ID_NUMBER_ID,AUTHORIZED_PAY_MASS) values ('B0000803','2400431', '测B04430', 4, 240431, 0, '2',15);

insert into T_SIMINFO (SIM_ID, ORG_CODE, DEPTCODE, STATE,PAY_MODLE, SIM_NUM) values(24432, 'B0000803', '中国移动', 1, '预付费', 13100004431);
insert into T_TERMINALINFO (TERMINAL_ID,TTYPE_ID,SIM_ID,TERMINAL_CODE,ORG_CODE,IS_VIDEO_TERMINAL,SP_SERVER_NAME,PROTOCOL_TYPE,CHANNELS,YT_PROTOCOL_TYPE) values(240432, 4, 24432, '1004431', 'B0000803',1,'1076测试服务器','4',8,'0');
insert into V_VEHICLEINFO (ORG_CODE,VEHICLE_ID,ID_NUMBER,TYPE_ID,TERMINAL_ID,DELETE_FLAG,COLOR_ID_NUMBER_ID,AUTHORIZED_PAY_MASS) values ('B0000803','2400432', '测B04431', 4, 240432, 0, '2',15);

insert into T_SIMINFO (SIM_ID, ORG_CODE, DEPTCODE, STATE,PAY_MODLE, SIM_NUM) values(24433, 'B0000803', '中国移动', 1, '预付费', 13100004432);
insert into T_TERMINALINFO (TERMINAL_ID,TTYPE_ID,SIM_ID,TERMINAL_CODE,ORG_CODE,IS_VIDEO_TERMINAL,SP_SERVER_NAME,PROTOCOL_TYPE,CHANNELS,YT_PROTOCOL_TYPE) values(240433, 4, 24433, '1004432', 'B0000803',1,'1076测试服务器','4',8,'0');
insert into V_VEHICLEINFO (ORG_CODE,VEHICLE_ID,ID_NUMBER,TYPE_ID,TERMINAL_ID,DELETE_FLAG,COLOR_ID_NUMBER_ID,AUTHORIZED_PAY_MASS) values ('B0000803','2400433', '测B04432', 4, 240433, 0, '2',15);

insert into T_SIMINFO (SIM_ID, ORG_CODE, DEPTCODE, STATE,PAY_MODLE, SIM_NUM) values(24434, 'B0000803', '中国移动', 1, '预付费', 13100004433);
insert into T_TERMINALINFO (TERMINAL_ID,TTYPE_ID,SIM_ID,TERMINAL_CODE,ORG_CODE,IS_VIDEO_TERMINAL,SP_SERVER_NAME,PROTOCOL_TYPE,CHANNELS,YT_PROTOCOL_TYPE) values(240434, 4, 24434, '1004433', 'B0000803',1,'1076测试服务器','4',8,'0');
insert into V_VEHICLEINFO (ORG_CODE,VEHICLE_ID,ID_NUMBER,TYPE_ID,TERMINAL_ID,DELETE_FLAG,COLOR_ID_NUMBER_ID,AUTHORIZED_PAY_MASS) values ('B0000803','2400434', '测B04433', 4, 240434, 0, '2',15);

insert into T_SIMINFO (SIM_ID, ORG_CODE, DEPTCODE, STATE,PAY_MODLE, SIM_NUM) values(24435, 'B0000803', '中国移动', 1, '预付费', 13100004434);
insert into T_TERMINALINFO (TERMINAL_ID,TTYPE_ID,SIM_ID,TERMINAL_CODE,ORG_CODE,IS_VIDEO_TERMINAL,SP_SERVER_NAME,PROTOCOL_TYPE,CHANNELS,YT_PROTOCOL_TYPE) values(240435, 4, 24435, '1004434', 'B0000803',1,'1076测试服务器','4',8,'0');
insert into V_VEHICLEINFO (ORG_CODE,VEHICLE_ID,ID_NUMBER,TYPE_ID,TERMINAL_ID,DELETE_FLAG,COLOR_ID_NUMBER_ID,AUTHORIZED_PAY_MASS) values ('B0000803','2400435', '测B04434', 4, 240435, 0, '2',15);

insert into T_SIMINFO (SIM_ID, ORG_CODE, DEPTCODE, STATE,PAY_MODLE, SIM_NUM) values(24436, 'B0000803', '中国移动', 1, '预付费', 13100004435);
insert into T_TERMINALINFO (TERMINAL_ID,TTYPE_ID,SIM_ID,TERMINAL_CODE,ORG_CODE,IS_VIDEO_TERMINAL,SP_SERVER_NAME,PROTOCOL_TYPE,CHANNELS,YT_PROTOCOL_TYPE) values(240436, 4, 24436, '1004435', 'B0000803',1,'1076测试服务器','4',8,'0');
insert into V_VEHICLEINFO (ORG_CODE,VEHICLE_ID,ID_NUMBER,TYPE_ID,TERMINAL_ID,DELETE_FLAG,COLOR_ID_NUMBER_ID,AUTHORIZED_PAY_MASS) values ('B0000803','2400436', '测B04435', 4, 240436, 0, '2',15);

insert into T_SIMINFO (SIM_ID, ORG_CODE, DEPTCODE, STATE,PAY_MODLE, SIM_NUM) values(24437, 'B0000803', '中国移动', 1, '预付费', 13100004436);
insert into T_TERMINALINFO (TERMINAL_ID,TTYPE_ID,SIM_ID,TERMINAL_CODE,ORG_CODE,IS_VIDEO_TERMINAL,SP_SERVER_NAME,PROTOCOL_TYPE,CHANNELS,YT_PROTOCOL_TYPE) values(240437, 4, 24437, '1004436', 'B0000803',1,'1076测试服务器','4',8,'0');
insert into V_VEHICLEINFO (ORG_CODE,VEHICLE_ID,ID_NUMBER,TYPE_ID,TERMINAL_ID,DELETE_FLAG,COLOR_ID_NUMBER_ID,AUTHORIZED_PAY_MASS) values ('B0000803','2400437', '测B04436', 4, 240437, 0, '2',15);

insert into T_SIMINFO (SIM_ID, ORG_CODE, DEPTCODE, STATE,PAY_MODLE, SIM_NUM) values(24438, 'B0000803', '中国移动', 1, '预付费', 13100004437);
insert into T_TERMINALINFO (TERMINAL_ID,TTYPE_ID,SIM_ID,TERMINAL_CODE,ORG_CODE,IS_VIDEO_TERMINAL,SP_SERVER_NAME,PROTOCOL_TYPE,CHANNELS,YT_PROTOCOL_TYPE) values(240438, 4, 24438, '1004437', 'B0000803',1,'1076测试服务器','4',8,'0');
insert into V_VEHICLEINFO (ORG_CODE,VEHICLE_ID,ID_NUMBER,TYPE_ID,TERMINAL_ID,DELETE_FLAG,COLOR_ID_NUMBER_ID,AUTHORIZED_PAY_MASS) values ('B0000803','2400438', '测B04437', 4, 240438, 0, '2',15);

insert into T_SIMINFO (SIM_ID, ORG_CODE, DEPTCODE, STATE,PAY_MODLE, SIM_NUM) values(24439, 'B0000803', '中国移动', 1, '预付费', 13100004438);
insert into T_TERMINALINFO (TERMINAL_ID,TTYPE_ID,SIM_ID,TERMINAL_CODE,ORG_CODE,IS_VIDEO_TERMINAL,SP_SERVER_NAME,PROTOCOL_TYPE,CHANNELS,YT_PROTOCOL_TYPE) values(240439, 4, 24439, '1004438', 'B0000803',1,'1076测试服务器','4',8,'0');
insert into V_VEHICLEINFO (ORG_CODE,VEHICLE_ID,ID_NUMBER,TYPE_ID,TERMINAL_ID,DELETE_FLAG,COLOR_ID_NUMBER_ID,AUTHORIZED_PAY_MASS) values ('B0000803','2400439', '测B04438', 4, 240439, 0, '2',15);

insert into T_SIMINFO (SIM_ID, ORG_CODE, DEPTCODE, STATE,PAY_MODLE, SIM_NUM) values(24440, 'B0000803', '中国移动', 1, '预付费', 13100004439);
insert into T_TERMINALINFO (TERMINAL_ID,TTYPE_ID,SIM_ID,TERMINAL_CODE,ORG_CODE,IS_VIDEO_TERMINAL,SP_SERVER_NAME,PROTOCOL_TYPE,CHANNELS,YT_PROTOCOL_TYPE) values(240440, 4, 24440, '1004439', 'B0000803',1,'1076测试服务器','4',8,'0');
insert into V_VEHICLEINFO (ORG_CODE,VEHICLE_ID,ID_NUMBER,TYPE_ID,TERMINAL_ID,DELETE_FLAG,COLOR_ID_NUMBER_ID,AUTHORIZED_PAY_MASS) values ('B0000803','2400440', '测B04439', 4, 240440, 0, '2',15);

insert into T_SIMINFO (SIM_ID, ORG_CODE, DEPTCODE, STATE,PAY_MODLE, SIM_NUM) values(24441, 'B0000803', '中国移动', 1, '预付费', 13100004440);
insert into T_TERMINALINFO (TERMINAL_ID,TTYPE_ID,SIM_ID,TERMINAL_CODE,ORG_CODE,IS_VIDEO_TERMINAL,SP_SERVER_NAME,PROTOCOL_TYPE,CHANNELS,YT_PROTOCOL_TYPE) values(240441, 4, 24441, '1004440', 'B0000803',1,'1076测试服务器','4',8,'0');
insert into V_VEHICLEINFO (ORG_CODE,VEHICLE_ID,ID_NUMBER,TYPE_ID,TERMINAL_ID,DELETE_FLAG,COLOR_ID_NUMBER_ID,AUTHORIZED_PAY_MASS) values ('B0000803','2400441', '测B04440', 4, 240441, 0, '2',15);

insert into T_SIMINFO (SIM_ID, ORG_CODE, DEPTCODE, STATE,PAY_MODLE, SIM_NUM) values(24442, 'B0000803', '中国移动', 1, '预付费', 13100004441);
insert into T_TERMINALINFO (TERMINAL_ID,TTYPE_ID,SIM_ID,TERMINAL_CODE,ORG_CODE,IS_VIDEO_TERMINAL,SP_SERVER_NAME,PROTOCOL_TYPE,CHANNELS,YT_PROTOCOL_TYPE) values(240442, 4, 24442, '1004441', 'B0000803',1,'1076测试服务器','4',8,'0');
insert into V_VEHICLEINFO (ORG_CODE,VEHICLE_ID,ID_NUMBER,TYPE_ID,TERMINAL_ID,DELETE_FLAG,COLOR_ID_NUMBER_ID,AUTHORIZED_PAY_MASS) values ('B0000803','2400442', '测B04441', 4, 240442, 0, '2',15);

insert into T_SIMINFO (SIM_ID, ORG_CODE, DEPTCODE, STATE,PAY_MODLE, SIM_NUM) values(24443, 'B0000803', '中国移动', 1, '预付费', 13100004442);
insert into T_TERMINALINFO (TERMINAL_ID,TTYPE_ID,SIM_ID,TERMINAL_CODE,ORG_CODE,IS_VIDEO_TERMINAL,SP_SERVER_NAME,PROTOCOL_TYPE,CHANNELS,YT_PROTOCOL_TYPE) values(240443, 4, 24443, '1004442', 'B0000803',1,'1076测试服务器','4',8,'0');
insert into V_VEHICLEINFO (ORG_CODE,VEHICLE_ID,ID_NUMBER,TYPE_ID,TERMINAL_ID,DELETE_FLAG,COLOR_ID_NUMBER_ID,AUTHORIZED_PAY_MASS) values ('B0000803','2400443', '测B04442', 4, 240443, 0, '2',15);

insert into T_SIMINFO (SIM_ID, ORG_CODE, DEPTCODE, STATE,PAY_MODLE, SIM_NUM) values(24444, 'B0000803', '中国移动', 1, '预付费', 13100004443);
insert into T_TERMINALINFO (TERMINAL_ID,TTYPE_ID,SIM_ID,TERMINAL_CODE,ORG_CODE,IS_VIDEO_TERMINAL,SP_SERVER_NAME,PROTOCOL_TYPE,CHANNELS,YT_PROTOCOL_TYPE) values(240444, 4, 24444, '1004443', 'B0000803',1,'1076测试服务器','4',8,'0');
insert into V_VEHICLEINFO (ORG_CODE,VEHICLE_ID,ID_NUMBER,TYPE_ID,TERMINAL_ID,DELETE_FLAG,COLOR_ID_NUMBER_ID,AUTHORIZED_PAY_MASS) values ('B0000803','2400444', '测B04443', 4, 240444, 0, '2',15);

insert into T_SIMINFO (SIM_ID, ORG_CODE, DEPTCODE, STATE,PAY_MODLE, SIM_NUM) values(24445, 'B0000803', '中国移动', 1, '预付费', 13100004444);
insert into T_TERMINALINFO (TERMINAL_ID,TTYPE_ID,SIM_ID,TERMINAL_CODE,ORG_CODE,IS_VIDEO_TERMINAL,SP_SERVER_NAME,PROTOCOL_TYPE,CHANNELS,YT_PROTOCOL_TYPE) values(240445, 4, 24445, '1004444', 'B0000803',1,'1076测试服务器','4',8,'0');
insert into V_VEHICLEINFO (ORG_CODE,VEHICLE_ID,ID_NUMBER,TYPE_ID,TERMINAL_ID,DELETE_FLAG,COLOR_ID_NUMBER_ID,AUTHORIZED_PAY_MASS) values ('B0000803','2400445', '测B04444', 4, 240445, 0, '2',15);

insert into T_SIMINFO (SIM_ID, ORG_CODE, DEPTCODE, STATE,PAY_MODLE, SIM_NUM) values(24446, 'B0000803', '中国移动', 1, '预付费', 13100004445);
insert into T_TERMINALINFO (TERMINAL_ID,TTYPE_ID,SIM_ID,TERMINAL_CODE,ORG_CODE,IS_VIDEO_TERMINAL,SP_SERVER_NAME,PROTOCOL_TYPE,CHANNELS,YT_PROTOCOL_TYPE) values(240446, 4, 24446, '1004445', 'B0000803',1,'1076测试服务器','4',8,'0');
insert into V_VEHICLEINFO (ORG_CODE,VEHICLE_ID,ID_NUMBER,TYPE_ID,TERMINAL_ID,DELETE_FLAG,COLOR_ID_NUMBER_ID,AUTHORIZED_PAY_MASS) values ('B0000803','2400446', '测B04445', 4, 240446, 0, '2',15);

insert into T_SIMINFO (SIM_ID, ORG_CODE, DEPTCODE, STATE,PAY_MODLE, SIM_NUM) values(24447, 'B0000803', '中国移动', 1, '预付费', 13100004446);
insert into T_TERMINALINFO (TERMINAL_ID,TTYPE_ID,SIM_ID,TERMINAL_CODE,ORG_CODE,IS_VIDEO_TERMINAL,SP_SERVER_NAME,PROTOCOL_TYPE,CHANNELS,YT_PROTOCOL_TYPE) values(240447, 4, 24447, '1004446', 'B0000803',1,'1076测试服务器','4',8,'0');
insert into V_VEHICLEINFO (ORG_CODE,VEHICLE_ID,ID_NUMBER,TYPE_ID,TERMINAL_ID,DELETE_FLAG,COLOR_ID_NUMBER_ID,AUTHORIZED_PAY_MASS) values ('B0000803','2400447', '测B04446', 4, 240447, 0, '2',15);

insert into T_SIMINFO (SIM_ID, ORG_CODE, DEPTCODE, STATE,PAY_MODLE, SIM_NUM) values(24448, 'B0000803', '中国移动', 1, '预付费', 13100004447);
insert into T_TERMINALINFO (TERMINAL_ID,TTYPE_ID,SIM_ID,TERMINAL_CODE,ORG_CODE,IS_VIDEO_TERMINAL,SP_SERVER_NAME,PROTOCOL_TYPE,CHANNELS,YT_PROTOCOL_TYPE) values(240448, 4, 24448, '1004447', 'B0000803',1,'1076测试服务器','4',8,'0');
insert into V_VEHICLEINFO (ORG_CODE,VEHICLE_ID,ID_NUMBER,TYPE_ID,TERMINAL_ID,DELETE_FLAG,COLOR_ID_NUMBER_ID,AUTHORIZED_PAY_MASS) values ('B0000803','2400448', '测B04447', 4, 240448, 0, '2',15);

insert into T_SIMINFO (SIM_ID, ORG_CODE, DEPTCODE, STATE,PAY_MODLE, SIM_NUM) values(24449, 'B0000803', '中国移动', 1, '预付费', 13100004448);
insert into T_TERMINALINFO (TERMINAL_ID,TTYPE_ID,SIM_ID,TERMINAL_CODE,ORG_CODE,IS_VIDEO_TERMINAL,SP_SERVER_NAME,PROTOCOL_TYPE,CHANNELS,YT_PROTOCOL_TYPE) values(240449, 4, 24449, '1004448', 'B0000803',1,'1076测试服务器','4',8,'0');
insert into V_VEHICLEINFO (ORG_CODE,VEHICLE_ID,ID_NUMBER,TYPE_ID,TERMINAL_ID,DELETE_FLAG,COLOR_ID_NUMBER_ID,AUTHORIZED_PAY_MASS) values ('B0000803','2400449', '测B04448', 4, 240449, 0, '2',15);

insert into T_SIMINFO (SIM_ID, ORG_CODE, DEPTCODE, STATE,PAY_MODLE, SIM_NUM) values(24450, 'B0000803', '中国移动', 1, '预付费', 13100004449);
insert into T_TERMINALINFO (TERMINAL_ID,TTYPE_ID,SIM_ID,TERMINAL_CODE,ORG_CODE,IS_VIDEO_TERMINAL,SP_SERVER_NAME,PROTOCOL_TYPE,CHANNELS,YT_PROTOCOL_TYPE) values(240450, 4, 24450, '1004449', 'B0000803',1,'1076测试服务器','4',8,'0');
insert into V_VEHICLEINFO (ORG_CODE,VEHICLE_ID,ID_NUMBER,TYPE_ID,TERMINAL_ID,DELETE_FLAG,COLOR_ID_NUMBER_ID,AUTHORIZED_PAY_MASS) values ('B0000803','2400450', '测B04449', 4, 240450, 0, '2',15);

insert into T_SIMINFO (SIM_ID, ORG_CODE, DEPTCODE, STATE,PAY_MODLE, SIM_NUM) values(24451, 'B0000803', '中国移动', 1, '预付费', 13100004450);
insert into T_TERMINALINFO (TERMINAL_ID,TTYPE_ID,SIM_ID,TERMINAL_CODE,ORG_CODE,IS_VIDEO_TERMINAL,SP_SERVER_NAME,PROTOCOL_TYPE,CHANNELS,YT_PROTOCOL_TYPE) values(240451, 4, 24451, '1004450', 'B0000803',1,'1076测试服务器','4',8,'0');
insert into V_VEHICLEINFO (ORG_CODE,VEHICLE_ID,ID_NUMBER,TYPE_ID,TERMINAL_ID,DELETE_FLAG,COLOR_ID_NUMBER_ID,AUTHORIZED_PAY_MASS) values ('B0000803','2400451', '测B04450', 4, 240451, 0, '2',15);

insert into T_SIMINFO (SIM_ID, ORG_CODE, DEPTCODE, STATE,PAY_MODLE, SIM_NUM) values(24452, 'B0000803', '中国移动', 1, '预付费', 13100004451);
insert into T_TERMINALINFO (TERMINAL_ID,TTYPE_ID,SIM_ID,TERMINAL_CODE,ORG_CODE,IS_VIDEO_TERMINAL,SP_SERVER_NAME,PROTOCOL_TYPE,CHANNELS,YT_PROTOCOL_TYPE) values(240452, 4, 24452, '1004451', 'B0000803',1,'1076测试服务器','4',8,'0');
insert into V_VEHICLEINFO (ORG_CODE,VEHICLE_ID,ID_NUMBER,TYPE_ID,TERMINAL_ID,DELETE_FLAG,COLOR_ID_NUMBER_ID,AUTHORIZED_PAY_MASS) values ('B0000803','2400452', '测B04451', 4, 240452, 0, '2',15);

insert into T_SIMINFO (SIM_ID, ORG_CODE, DEPTCODE, STATE,PAY_MODLE, SIM_NUM) values(24453, 'B0000803', '中国移动', 1, '预付费', 13100004452);
insert into T_TERMINALINFO (TERMINAL_ID,TTYPE_ID,SIM_ID,TERMINAL_CODE,ORG_CODE,IS_VIDEO_TERMINAL,SP_SERVER_NAME,PROTOCOL_TYPE,CHANNELS,YT_PROTOCOL_TYPE) values(240453, 4, 24453, '1004452', 'B0000803',1,'1076测试服务器','4',8,'0');
insert into V_VEHICLEINFO (ORG_CODE,VEHICLE_ID,ID_NUMBER,TYPE_ID,TERMINAL_ID,DELETE_FLAG,COLOR_ID_NUMBER_ID,AUTHORIZED_PAY_MASS) values ('B0000803','2400453', '测B04452', 4, 240453, 0, '2',15);

insert into T_SIMINFO (SIM_ID, ORG_CODE, DEPTCODE, STATE,PAY_MODLE, SIM_NUM) values(24454, 'B0000803', '中国移动', 1, '预付费', 13100004453);
insert into T_TERMINALINFO (TERMINAL_ID,TTYPE_ID,SIM_ID,TERMINAL_CODE,ORG_CODE,IS_VIDEO_TERMINAL,SP_SERVER_NAME,PROTOCOL_TYPE,CHANNELS,YT_PROTOCOL_TYPE) values(240454, 4, 24454, '1004453', 'B0000803',1,'1076测试服务器','4',8,'0');
insert into V_VEHICLEINFO (ORG_CODE,VEHICLE_ID,ID_NUMBER,TYPE_ID,TERMINAL_ID,DELETE_FLAG,COLOR_ID_NUMBER_ID,AUTHORIZED_PAY_MASS) values ('B0000803','2400454', '测B04453', 4, 240454, 0, '2',15);

insert into T_SIMINFO (SIM_ID, ORG_CODE, DEPTCODE, STATE,PAY_MODLE, SIM_NUM) values(24455, 'B0000803', '中国移动', 1, '预付费', 13100004454);
insert into T_TERMINALINFO (TERMINAL_ID,TTYPE_ID,SIM_ID,TERMINAL_CODE,ORG_CODE,IS_VIDEO_TERMINAL,SP_SERVER_NAME,PROTOCOL_TYPE,CHANNELS,YT_PROTOCOL_TYPE) values(240455, 4, 24455, '1004454', 'B0000803',1,'1076测试服务器','4',8,'0');
insert into V_VEHICLEINFO (ORG_CODE,VEHICLE_ID,ID_NUMBER,TYPE_ID,TERMINAL_ID,DELETE_FLAG,COLOR_ID_NUMBER_ID,AUTHORIZED_PAY_MASS) values ('B0000803','2400455', '测B04454', 4, 240455, 0, '2',15);

insert into T_SIMINFO (SIM_ID, ORG_CODE, DEPTCODE, STATE,PAY_MODLE, SIM_NUM) values(24456, 'B0000803', '中国移动', 1, '预付费', 13100004455);
insert into T_TERMINALINFO (TERMINAL_ID,TTYPE_ID,SIM_ID,TERMINAL_CODE,ORG_CODE,IS_VIDEO_TERMINAL,SP_SERVER_NAME,PROTOCOL_TYPE,CHANNELS,YT_PROTOCOL_TYPE) values(240456, 4, 24456, '1004455', 'B0000803',1,'1076测试服务器','4',8,'0');
insert into V_VEHICLEINFO (ORG_CODE,VEHICLE_ID,ID_NUMBER,TYPE_ID,TERMINAL_ID,DELETE_FLAG,COLOR_ID_NUMBER_ID,AUTHORIZED_PAY_MASS) values ('B0000803','2400456', '测B04455', 4, 240456, 0, '2',15);

insert into T_SIMINFO (SIM_ID, ORG_CODE, DEPTCODE, STATE,PAY_MODLE, SIM_NUM) values(24457, 'B0000803', '中国移动', 1, '预付费', 13100004456);
insert into T_TERMINALINFO (TERMINAL_ID,TTYPE_ID,SIM_ID,TERMINAL_CODE,ORG_CODE,IS_VIDEO_TERMINAL,SP_SERVER_NAME,PROTOCOL_TYPE,CHANNELS,YT_PROTOCOL_TYPE) values(240457, 4, 24457, '1004456', 'B0000803',1,'1076测试服务器','4',8,'0');
insert into V_VEHICLEINFO (ORG_CODE,VEHICLE_ID,ID_NUMBER,TYPE_ID,TERMINAL_ID,DELETE_FLAG,COLOR_ID_NUMBER_ID,AUTHORIZED_PAY_MASS) values ('B0000803','2400457', '测B04456', 4, 240457, 0, '2',15);

insert into T_SIMINFO (SIM_ID, ORG_CODE, DEPTCODE, STATE,PAY_MODLE, SIM_NUM) values(24458, 'B0000803', '中国移动', 1, '预付费', 13100004457);
insert into T_TERMINALINFO (TERMINAL_ID,TTYPE_ID,SIM_ID,TERMINAL_CODE,ORG_CODE,IS_VIDEO_TERMINAL,SP_SERVER_NAME,PROTOCOL_TYPE,CHANNELS,YT_PROTOCOL_TYPE) values(240458, 4, 24458, '1004457', 'B0000803',1,'1076测试服务器','4',8,'0');
insert into V_VEHICLEINFO (ORG_CODE,VEHICLE_ID,ID_NUMBER,TYPE_ID,TERMINAL_ID,DELETE_FLAG,COLOR_ID_NUMBER_ID,AUTHORIZED_PAY_MASS) values ('B0000803','2400458', '测B04457', 4, 240458, 0, '2',15);

insert into T_SIMINFO (SIM_ID, ORG_CODE, DEPTCODE, STATE,PAY_MODLE, SIM_NUM) values(24459, 'B0000803', '中国移动', 1, '预付费', 13100004458);
insert into T_TERMINALINFO (TERMINAL_ID,TTYPE_ID,SIM_ID,TERMINAL_CODE,ORG_CODE,IS_VIDEO_TERMINAL,SP_SERVER_NAME,PROTOCOL_TYPE,CHANNELS,YT_PROTOCOL_TYPE) values(240459, 4, 24459, '1004458', 'B0000803',1,'1076测试服务器','4',8,'0');
insert into V_VEHICLEINFO (ORG_CODE,VEHICLE_ID,ID_NUMBER,TYPE_ID,TERMINAL_ID,DELETE_FLAG,COLOR_ID_NUMBER_ID,AUTHORIZED_PAY_MASS) values ('B0000803','2400459', '测B04458', 4, 240459, 0, '2',15);

insert into T_SIMINFO (SIM_ID, ORG_CODE, DEPTCODE, STATE,PAY_MODLE, SIM_NUM) values(24460, 'B0000803', '中国移动', 1, '预付费', 13100004459);
insert into T_TERMINALINFO (TERMINAL_ID,TTYPE_ID,SIM_ID,TERMINAL_CODE,ORG_CODE,IS_VIDEO_TERMINAL,SP_SERVER_NAME,PROTOCOL_TYPE,CHANNELS,YT_PROTOCOL_TYPE) values(240460, 4, 24460, '1004459', 'B0000803',1,'1076测试服务器','4',8,'0');
insert into V_VEHICLEINFO (ORG_CODE,VEHICLE_ID,ID_NUMBER,TYPE_ID,TERMINAL_ID,DELETE_FLAG,COLOR_ID_NUMBER_ID,AUTHORIZED_PAY_MASS) values ('B0000803','2400460', '测B04459', 4, 240460, 0, '2',15);

insert into T_SIMINFO (SIM_ID, ORG_CODE, DEPTCODE, STATE,PAY_MODLE, SIM_NUM) values(24461, 'B0000803', '中国移动', 1, '预付费', 13100004460);
insert into T_TERMINALINFO (TERMINAL_ID,TTYPE_ID,SIM_ID,TERMINAL_CODE,ORG_CODE,IS_VIDEO_TERMINAL,SP_SERVER_NAME,PROTOCOL_TYPE,CHANNELS,YT_PROTOCOL_TYPE) values(240461, 4, 24461, '1004460', 'B0000803',1,'1076测试服务器','4',8,'0');
insert into V_VEHICLEINFO (ORG_CODE,VEHICLE_ID,ID_NUMBER,TYPE_ID,TERMINAL_ID,DELETE_FLAG,COLOR_ID_NUMBER_ID,AUTHORIZED_PAY_MASS) values ('B0000803','2400461', '测B04460', 4, 240461, 0, '2',15);

insert into T_SIMINFO (SIM_ID, ORG_CODE, DEPTCODE, STATE,PAY_MODLE, SIM_NUM) values(24462, 'B0000803', '中国移动', 1, '预付费', 13100004461);
insert into T_TERMINALINFO (TERMINAL_ID,TTYPE_ID,SIM_ID,TERMINAL_CODE,ORG_CODE,IS_VIDEO_TERMINAL,SP_SERVER_NAME,PROTOCOL_TYPE,CHANNELS,YT_PROTOCOL_TYPE) values(240462, 4, 24462, '1004461', 'B0000803',1,'1076测试服务器','4',8,'0');
insert into V_VEHICLEINFO (ORG_CODE,VEHICLE_ID,ID_NUMBER,TYPE_ID,TERMINAL_ID,DELETE_FLAG,COLOR_ID_NUMBER_ID,AUTHORIZED_PAY_MASS) values ('B0000803','2400462', '测B04461', 4, 240462, 0, '2',15);

insert into T_SIMINFO (SIM_ID, ORG_CODE, DEPTCODE, STATE,PAY_MODLE, SIM_NUM) values(24463, 'B0000803', '中国移动', 1, '预付费', 13100004462);
insert into T_TERMINALINFO (TERMINAL_ID,TTYPE_ID,SIM_ID,TERMINAL_CODE,ORG_CODE,IS_VIDEO_TERMINAL,SP_SERVER_NAME,PROTOCOL_TYPE,CHANNELS,YT_PROTOCOL_TYPE) values(240463, 4, 24463, '1004462', 'B0000803',1,'1076测试服务器','4',8,'0');
insert into V_VEHICLEINFO (ORG_CODE,VEHICLE_ID,ID_NUMBER,TYPE_ID,TERMINAL_ID,DELETE_FLAG,COLOR_ID_NUMBER_ID,AUTHORIZED_PAY_MASS) values ('B0000803','2400463', '测B04462', 4, 240463, 0, '2',15);

insert into T_SIMINFO (SIM_ID, ORG_CODE, DEPTCODE, STATE,PAY_MODLE, SIM_NUM) values(24464, 'B0000803', '中国移动', 1, '预付费', 13100004463);
insert into T_TERMINALINFO (TERMINAL_ID,TTYPE_ID,SIM_ID,TERMINAL_CODE,ORG_CODE,IS_VIDEO_TERMINAL,SP_SERVER_NAME,PROTOCOL_TYPE,CHANNELS,YT_PROTOCOL_TYPE) values(240464, 4, 24464, '1004463', 'B0000803',1,'1076测试服务器','4',8,'0');
insert into V_VEHICLEINFO (ORG_CODE,VEHICLE_ID,ID_NUMBER,TYPE_ID,TERMINAL_ID,DELETE_FLAG,COLOR_ID_NUMBER_ID,AUTHORIZED_PAY_MASS) values ('B0000803','2400464', '测B04463', 4, 240464, 0, '2',15);

insert into T_SIMINFO (SIM_ID, ORG_CODE, DEPTCODE, STATE,PAY_MODLE, SIM_NUM) values(24465, 'B0000803', '中国移动', 1, '预付费', 13100004464);
insert into T_TERMINALINFO (TERMINAL_ID,TTYPE_ID,SIM_ID,TERMINAL_CODE,ORG_CODE,IS_VIDEO_TERMINAL,SP_SERVER_NAME,PROTOCOL_TYPE,CHANNELS,YT_PROTOCOL_TYPE) values(240465, 4, 24465, '1004464', 'B0000803',1,'1076测试服务器','4',8,'0');
insert into V_VEHICLEINFO (ORG_CODE,VEHICLE_ID,ID_NUMBER,TYPE_ID,TERMINAL_ID,DELETE_FLAG,COLOR_ID_NUMBER_ID,AUTHORIZED_PAY_MASS) values ('B0000803','2400465', '测B04464', 4, 240465, 0, '2',15);

insert into T_SIMINFO (SIM_ID, ORG_CODE, DEPTCODE, STATE,PAY_MODLE, SIM_NUM) values(24466, 'B0000803', '中国移动', 1, '预付费', 13100004465);
insert into T_TERMINALINFO (TERMINAL_ID,TTYPE_ID,SIM_ID,TERMINAL_CODE,ORG_CODE,IS_VIDEO_TERMINAL,SP_SERVER_NAME,PROTOCOL_TYPE,CHANNELS,YT_PROTOCOL_TYPE) values(240466, 4, 24466, '1004465', 'B0000803',1,'1076测试服务器','4',8,'0');
insert into V_VEHICLEINFO (ORG_CODE,VEHICLE_ID,ID_NUMBER,TYPE_ID,TERMINAL_ID,DELETE_FLAG,COLOR_ID_NUMBER_ID,AUTHORIZED_PAY_MASS) values ('B0000803','2400466', '测B04465', 4, 240466, 0, '2',15);

insert into T_SIMINFO (SIM_ID, ORG_CODE, DEPTCODE, STATE,PAY_MODLE, SIM_NUM) values(24467, 'B0000803', '中国移动', 1, '预付费', 13100004466);
insert into T_TERMINALINFO (TERMINAL_ID,TTYPE_ID,SIM_ID,TERMINAL_CODE,ORG_CODE,IS_VIDEO_TERMINAL,SP_SERVER_NAME,PROTOCOL_TYPE,CHANNELS,YT_PROTOCOL_TYPE) values(240467, 4, 24467, '1004466', 'B0000803',1,'1076测试服务器','4',8,'0');
insert into V_VEHICLEINFO (ORG_CODE,VEHICLE_ID,ID_NUMBER,TYPE_ID,TERMINAL_ID,DELETE_FLAG,COLOR_ID_NUMBER_ID,AUTHORIZED_PAY_MASS) values ('B0000803','2400467', '测B04466', 4, 240467, 0, '2',15);

insert into T_SIMINFO (SIM_ID, ORG_CODE, DEPTCODE, STATE,PAY_MODLE, SIM_NUM) values(24468, 'B0000803', '中国移动', 1, '预付费', 13100004467);
insert into T_TERMINALINFO (TERMINAL_ID,TTYPE_ID,SIM_ID,TERMINAL_CODE,ORG_CODE,IS_VIDEO_TERMINAL,SP_SERVER_NAME,PROTOCOL_TYPE,CHANNELS,YT_PROTOCOL_TYPE) values(240468, 4, 24468, '1004467', 'B0000803',1,'1076测试服务器','4',8,'0');
insert into V_VEHICLEINFO (ORG_CODE,VEHICLE_ID,ID_NUMBER,TYPE_ID,TERMINAL_ID,DELETE_FLAG,COLOR_ID_NUMBER_ID,AUTHORIZED_PAY_MASS) values ('B0000803','2400468', '测B04467', 4, 240468, 0, '2',15);

insert into T_SIMINFO (SIM_ID, ORG_CODE, DEPTCODE, STATE,PAY_MODLE, SIM_NUM) values(24469, 'B0000803', '中国移动', 1, '预付费', 13100004468);
insert into T_TERMINALINFO (TERMINAL_ID,TTYPE_ID,SIM_ID,TERMINAL_CODE,ORG_CODE,IS_VIDEO_TERMINAL,SP_SERVER_NAME,PROTOCOL_TYPE,CHANNELS,YT_PROTOCOL_TYPE) values(240469, 4, 24469, '1004468', 'B0000803',1,'1076测试服务器','4',8,'0');
insert into V_VEHICLEINFO (ORG_CODE,VEHICLE_ID,ID_NUMBER,TYPE_ID,TERMINAL_ID,DELETE_FLAG,COLOR_ID_NUMBER_ID,AUTHORIZED_PAY_MASS) values ('B0000803','2400469', '测B04468', 4, 240469, 0, '2',15);

insert into T_SIMINFO (SIM_ID, ORG_CODE, DEPTCODE, STATE,PAY_MODLE, SIM_NUM) values(24470, 'B0000803', '中国移动', 1, '预付费', 13100004469);
insert into T_TERMINALINFO (TERMINAL_ID,TTYPE_ID,SIM_ID,TERMINAL_CODE,ORG_CODE,IS_VIDEO_TERMINAL,SP_SERVER_NAME,PROTOCOL_TYPE,CHANNELS,YT_PROTOCOL_TYPE) values(240470, 4, 24470, '1004469', 'B0000803',1,'1076测试服务器','4',8,'0');
insert into V_VEHICLEINFO (ORG_CODE,VEHICLE_ID,ID_NUMBER,TYPE_ID,TERMINAL_ID,DELETE_FLAG,COLOR_ID_NUMBER_ID,AUTHORIZED_PAY_MASS) values ('B0000803','2400470', '测B04469', 4, 240470, 0, '2',15);

insert into T_SIMINFO (SIM_ID, ORG_CODE, DEPTCODE, STATE,PAY_MODLE, SIM_NUM) values(24471, 'B0000803', '中国移动', 1, '预付费', 13100004470);
insert into T_TERMINALINFO (TERMINAL_ID,TTYPE_ID,SIM_ID,TERMINAL_CODE,ORG_CODE,IS_VIDEO_TERMINAL,SP_SERVER_NAME,PROTOCOL_TYPE,CHANNELS,YT_PROTOCOL_TYPE) values(240471, 4, 24471, '1004470', 'B0000803',1,'1076测试服务器','4',8,'0');
insert into V_VEHICLEINFO (ORG_CODE,VEHICLE_ID,ID_NUMBER,TYPE_ID,TERMINAL_ID,DELETE_FLAG,COLOR_ID_NUMBER_ID,AUTHORIZED_PAY_MASS) values ('B0000803','2400471', '测B04470', 4, 240471, 0, '2',15);

insert into T_SIMINFO (SIM_ID, ORG_CODE, DEPTCODE, STATE,PAY_MODLE, SIM_NUM) values(24472, 'B0000803', '中国移动', 1, '预付费', 13100004471);
insert into T_TERMINALINFO (TERMINAL_ID,TTYPE_ID,SIM_ID,TERMINAL_CODE,ORG_CODE,IS_VIDEO_TERMINAL,SP_SERVER_NAME,PROTOCOL_TYPE,CHANNELS,YT_PROTOCOL_TYPE) values(240472, 4, 24472, '1004471', 'B0000803',1,'1076测试服务器','4',8,'0');
insert into V_VEHICLEINFO (ORG_CODE,VEHICLE_ID,ID_NUMBER,TYPE_ID,TERMINAL_ID,DELETE_FLAG,COLOR_ID_NUMBER_ID,AUTHORIZED_PAY_MASS) values ('B0000803','2400472', '测B04471', 4, 240472, 0, '2',15);

insert into T_SIMINFO (SIM_ID, ORG_CODE, DEPTCODE, STATE,PAY_MODLE, SIM_NUM) values(24473, 'B0000803', '中国移动', 1, '预付费', 13100004472);
insert into T_TERMINALINFO (TERMINAL_ID,TTYPE_ID,SIM_ID,TERMINAL_CODE,ORG_CODE,IS_VIDEO_TERMINAL,SP_SERVER_NAME,PROTOCOL_TYPE,CHANNELS,YT_PROTOCOL_TYPE) values(240473, 4, 24473, '1004472', 'B0000803',1,'1076测试服务器','4',8,'0');
insert into V_VEHICLEINFO (ORG_CODE,VEHICLE_ID,ID_NUMBER,TYPE_ID,TERMINAL_ID,DELETE_FLAG,COLOR_ID_NUMBER_ID,AUTHORIZED_PAY_MASS) values ('B0000803','2400473', '测B04472', 4, 240473, 0, '2',15);

insert into T_SIMINFO (SIM_ID, ORG_CODE, DEPTCODE, STATE,PAY_MODLE, SIM_NUM) values(24474, 'B0000803', '中国移动', 1, '预付费', 13100004473);
insert into T_TERMINALINFO (TERMINAL_ID,TTYPE_ID,SIM_ID,TERMINAL_CODE,ORG_CODE,IS_VIDEO_TERMINAL,SP_SERVER_NAME,PROTOCOL_TYPE,CHANNELS,YT_PROTOCOL_TYPE) values(240474, 4, 24474, '1004473', 'B0000803',1,'1076测试服务器','4',8,'0');
insert into V_VEHICLEINFO (ORG_CODE,VEHICLE_ID,ID_NUMBER,TYPE_ID,TERMINAL_ID,DELETE_FLAG,COLOR_ID_NUMBER_ID,AUTHORIZED_PAY_MASS) values ('B0000803','2400474', '测B04473', 4, 240474, 0, '2',15);

insert into T_SIMINFO (SIM_ID, ORG_CODE, DEPTCODE, STATE,PAY_MODLE, SIM_NUM) values(24475, 'B0000803', '中国移动', 1, '预付费', 13100004474);
insert into T_TERMINALINFO (TERMINAL_ID,TTYPE_ID,SIM_ID,TERMINAL_CODE,ORG_CODE,IS_VIDEO_TERMINAL,SP_SERVER_NAME,PROTOCOL_TYPE,CHANNELS,YT_PROTOCOL_TYPE) values(240475, 4, 24475, '1004474', 'B0000803',1,'1076测试服务器','4',8,'0');
insert into V_VEHICLEINFO (ORG_CODE,VEHICLE_ID,ID_NUMBER,TYPE_ID,TERMINAL_ID,DELETE_FLAG,COLOR_ID_NUMBER_ID,AUTHORIZED_PAY_MASS) values ('B0000803','2400475', '测B04474', 4, 240475, 0, '2',15);

insert into T_SIMINFO (SIM_ID, ORG_CODE, DEPTCODE, STATE,PAY_MODLE, SIM_NUM) values(24476, 'B0000803', '中国移动', 1, '预付费', 13100004475);
insert into T_TERMINALINFO (TERMINAL_ID,TTYPE_ID,SIM_ID,TERMINAL_CODE,ORG_CODE,IS_VIDEO_TERMINAL,SP_SERVER_NAME,PROTOCOL_TYPE,CHANNELS,YT_PROTOCOL_TYPE) values(240476, 4, 24476, '1004475', 'B0000803',1,'1076测试服务器','4',8,'0');
insert into V_VEHICLEINFO (ORG_CODE,VEHICLE_ID,ID_NUMBER,TYPE_ID,TERMINAL_ID,DELETE_FLAG,COLOR_ID_NUMBER_ID,AUTHORIZED_PAY_MASS) values ('B0000803','2400476', '测B04475', 4, 240476, 0, '2',15);

insert into T_SIMINFO (SIM_ID, ORG_CODE, DEPTCODE, STATE,PAY_MODLE, SIM_NUM) values(24477, 'B0000803', '中国移动', 1, '预付费', 13100004476);
insert into T_TERMINALINFO (TERMINAL_ID,TTYPE_ID,SIM_ID,TERMINAL_CODE,ORG_CODE,IS_VIDEO_TERMINAL,SP_SERVER_NAME,PROTOCOL_TYPE,CHANNELS,YT_PROTOCOL_TYPE) values(240477, 4, 24477, '1004476', 'B0000803',1,'1076测试服务器','4',8,'0');
insert into V_VEHICLEINFO (ORG_CODE,VEHICLE_ID,ID_NUMBER,TYPE_ID,TERMINAL_ID,DELETE_FLAG,COLOR_ID_NUMBER_ID,AUTHORIZED_PAY_MASS) values ('B0000803','2400477', '测B04476', 4, 240477, 0, '2',15);

insert into T_SIMINFO (SIM_ID, ORG_CODE, DEPTCODE, STATE,PAY_MODLE, SIM_NUM) values(24478, 'B0000803', '中国移动', 1, '预付费', 13100004477);
insert into T_TERMINALINFO (TERMINAL_ID,TTYPE_ID,SIM_ID,TERMINAL_CODE,ORG_CODE,IS_VIDEO_TERMINAL,SP_SERVER_NAME,PROTOCOL_TYPE,CHANNELS,YT_PROTOCOL_TYPE) values(240478, 4, 24478, '1004477', 'B0000803',1,'1076测试服务器','4',8,'0');
insert into V_VEHICLEINFO (ORG_CODE,VEHICLE_ID,ID_NUMBER,TYPE_ID,TERMINAL_ID,DELETE_FLAG,COLOR_ID_NUMBER_ID,AUTHORIZED_PAY_MASS) values ('B0000803','2400478', '测B04477', 4, 240478, 0, '2',15);

insert into T_SIMINFO (SIM_ID, ORG_CODE, DEPTCODE, STATE,PAY_MODLE, SIM_NUM) values(24479, 'B0000803', '中国移动', 1, '预付费', 13100004478);
insert into T_TERMINALINFO (TERMINAL_ID,TTYPE_ID,SIM_ID,TERMINAL_CODE,ORG_CODE,IS_VIDEO_TERMINAL,SP_SERVER_NAME,PROTOCOL_TYPE,CHANNELS,YT_PROTOCOL_TYPE) values(240479, 4, 24479, '1004478', 'B0000803',1,'1076测试服务器','4',8,'0');
insert into V_VEHICLEINFO (ORG_CODE,VEHICLE_ID,ID_NUMBER,TYPE_ID,TERMINAL_ID,DELETE_FLAG,COLOR_ID_NUMBER_ID,AUTHORIZED_PAY_MASS) values ('B0000803','2400479', '测B04478', 4, 240479, 0, '2',15);

insert into T_SIMINFO (SIM_ID, ORG_CODE, DEPTCODE, STATE,PAY_MODLE, SIM_NUM) values(24480, 'B0000803', '中国移动', 1, '预付费', 13100004479);
insert into T_TERMINALINFO (TERMINAL_ID,TTYPE_ID,SIM_ID,TERMINAL_CODE,ORG_CODE,IS_VIDEO_TERMINAL,SP_SERVER_NAME,PROTOCOL_TYPE,CHANNELS,YT_PROTOCOL_TYPE) values(240480, 4, 24480, '1004479', 'B0000803',1,'1076测试服务器','4',8,'0');
insert into V_VEHICLEINFO (ORG_CODE,VEHICLE_ID,ID_NUMBER,TYPE_ID,TERMINAL_ID,DELETE_FLAG,COLOR_ID_NUMBER_ID,AUTHORIZED_PAY_MASS) values ('B0000803','2400480', '测B04479', 4, 240480, 0, '2',15);

insert into T_SIMINFO (SIM_ID, ORG_CODE, DEPTCODE, STATE,PAY_MODLE, SIM_NUM) values(24481, 'B0000803', '中国移动', 1, '预付费', 13100004480);
insert into T_TERMINALINFO (TERMINAL_ID,TTYPE_ID,SIM_ID,TERMINAL_CODE,ORG_CODE,IS_VIDEO_TERMINAL,SP_SERVER_NAME,PROTOCOL_TYPE,CHANNELS,YT_PROTOCOL_TYPE) values(240481, 4, 24481, '1004480', 'B0000803',1,'1076测试服务器','4',8,'0');
insert into V_VEHICLEINFO (ORG_CODE,VEHICLE_ID,ID_NUMBER,TYPE_ID,TERMINAL_ID,DELETE_FLAG,COLOR_ID_NUMBER_ID,AUTHORIZED_PAY_MASS) values ('B0000803','2400481', '测B04480', 4, 240481, 0, '2',15);

insert into T_SIMINFO (SIM_ID, ORG_CODE, DEPTCODE, STATE,PAY_MODLE, SIM_NUM) values(24482, 'B0000803', '中国移动', 1, '预付费', 13100004481);
insert into T_TERMINALINFO (TERMINAL_ID,TTYPE_ID,SIM_ID,TERMINAL_CODE,ORG_CODE,IS_VIDEO_TERMINAL,SP_SERVER_NAME,PROTOCOL_TYPE,CHANNELS,YT_PROTOCOL_TYPE) values(240482, 4, 24482, '1004481', 'B0000803',1,'1076测试服务器','4',8,'0');
insert into V_VEHICLEINFO (ORG_CODE,VEHICLE_ID,ID_NUMBER,TYPE_ID,TERMINAL_ID,DELETE_FLAG,COLOR_ID_NUMBER_ID,AUTHORIZED_PAY_MASS) values ('B0000803','2400482', '测B04481', 4, 240482, 0, '2',15);

insert into T_SIMINFO (SIM_ID, ORG_CODE, DEPTCODE, STATE,PAY_MODLE, SIM_NUM) values(24483, 'B0000803', '中国移动', 1, '预付费', 13100004482);
insert into T_TERMINALINFO (TERMINAL_ID,TTYPE_ID,SIM_ID,TERMINAL_CODE,ORG_CODE,IS_VIDEO_TERMINAL,SP_SERVER_NAME,PROTOCOL_TYPE,CHANNELS,YT_PROTOCOL_TYPE) values(240483, 4, 24483, '1004482', 'B0000803',1,'1076测试服务器','4',8,'0');
insert into V_VEHICLEINFO (ORG_CODE,VEHICLE_ID,ID_NUMBER,TYPE_ID,TERMINAL_ID,DELETE_FLAG,COLOR_ID_NUMBER_ID,AUTHORIZED_PAY_MASS) values ('B0000803','2400483', '测B04482', 4, 240483, 0, '2',15);

insert into T_SIMINFO (SIM_ID, ORG_CODE, DEPTCODE, STATE,PAY_MODLE, SIM_NUM) values(24484, 'B0000803', '中国移动', 1, '预付费', 13100004483);
insert into T_TERMINALINFO (TERMINAL_ID,TTYPE_ID,SIM_ID,TERMINAL_CODE,ORG_CODE,IS_VIDEO_TERMINAL,SP_SERVER_NAME,PROTOCOL_TYPE,CHANNELS,YT_PROTOCOL_TYPE) values(240484, 4, 24484, '1004483', 'B0000803',1,'1076测试服务器','4',8,'0');
insert into V_VEHICLEINFO (ORG_CODE,VEHICLE_ID,ID_NUMBER,TYPE_ID,TERMINAL_ID,DELETE_FLAG,COLOR_ID_NUMBER_ID,AUTHORIZED_PAY_MASS) values ('B0000803','2400484', '测B04483', 4, 240484, 0, '2',15);

insert into T_SIMINFO (SIM_ID, ORG_CODE, DEPTCODE, STATE,PAY_MODLE, SIM_NUM) values(24485, 'B0000803', '中国移动', 1, '预付费', 13100004484);
insert into T_TERMINALINFO (TERMINAL_ID,TTYPE_ID,SIM_ID,TERMINAL_CODE,ORG_CODE,IS_VIDEO_TERMINAL,SP_SERVER_NAME,PROTOCOL_TYPE,CHANNELS,YT_PROTOCOL_TYPE) values(240485, 4, 24485, '1004484', 'B0000803',1,'1076测试服务器','4',8,'0');
insert into V_VEHICLEINFO (ORG_CODE,VEHICLE_ID,ID_NUMBER,TYPE_ID,TERMINAL_ID,DELETE_FLAG,COLOR_ID_NUMBER_ID,AUTHORIZED_PAY_MASS) values ('B0000803','2400485', '测B04484', 4, 240485, 0, '2',15);

insert into T_SIMINFO (SIM_ID, ORG_CODE, DEPTCODE, STATE,PAY_MODLE, SIM_NUM) values(24486, 'B0000803', '中国移动', 1, '预付费', 13100004485);
insert into T_TERMINALINFO (TERMINAL_ID,TTYPE_ID,SIM_ID,TERMINAL_CODE,ORG_CODE,IS_VIDEO_TERMINAL,SP_SERVER_NAME,PROTOCOL_TYPE,CHANNELS,YT_PROTOCOL_TYPE) values(240486, 4, 24486, '1004485', 'B0000803',1,'1076测试服务器','4',8,'0');
insert into V_VEHICLEINFO (ORG_CODE,VEHICLE_ID,ID_NUMBER,TYPE_ID,TERMINAL_ID,DELETE_FLAG,COLOR_ID_NUMBER_ID,AUTHORIZED_PAY_MASS) values ('B0000803','2400486', '测B04485', 4, 240486, 0, '2',15);

insert into T_SIMINFO (SIM_ID, ORG_CODE, DEPTCODE, STATE,PAY_MODLE, SIM_NUM) values(24487, 'B0000803', '中国移动', 1, '预付费', 13100004486);
insert into T_TERMINALINFO (TERMINAL_ID,TTYPE_ID,SIM_ID,TERMINAL_CODE,ORG_CODE,IS_VIDEO_TERMINAL,SP_SERVER_NAME,PROTOCOL_TYPE,CHANNELS,YT_PROTOCOL_TYPE) values(240487, 4, 24487, '1004486', 'B0000803',1,'1076测试服务器','4',8,'0');
insert into V_VEHICLEINFO (ORG_CODE,VEHICLE_ID,ID_NUMBER,TYPE_ID,TERMINAL_ID,DELETE_FLAG,COLOR_ID_NUMBER_ID,AUTHORIZED_PAY_MASS) values ('B0000803','2400487', '测B04486', 4, 240487, 0, '2',15);

insert into T_SIMINFO (SIM_ID, ORG_CODE, DEPTCODE, STATE,PAY_MODLE, SIM_NUM) values(24488, 'B0000803', '中国移动', 1, '预付费', 13100004487);
insert into T_TERMINALINFO (TERMINAL_ID,TTYPE_ID,SIM_ID,TERMINAL_CODE,ORG_CODE,IS_VIDEO_TERMINAL,SP_SERVER_NAME,PROTOCOL_TYPE,CHANNELS,YT_PROTOCOL_TYPE) values(240488, 4, 24488, '1004487', 'B0000803',1,'1076测试服务器','4',8,'0');
insert into V_VEHICLEINFO (ORG_CODE,VEHICLE_ID,ID_NUMBER,TYPE_ID,TERMINAL_ID,DELETE_FLAG,COLOR_ID_NUMBER_ID,AUTHORIZED_PAY_MASS) values ('B0000803','2400488', '测B04487', 4, 240488, 0, '2',15);

insert into T_SIMINFO (SIM_ID, ORG_CODE, DEPTCODE, STATE,PAY_MODLE, SIM_NUM) values(24489, 'B0000803', '中国移动', 1, '预付费', 13100004488);
insert into T_TERMINALINFO (TERMINAL_ID,TTYPE_ID,SIM_ID,TERMINAL_CODE,ORG_CODE,IS_VIDEO_TERMINAL,SP_SERVER_NAME,PROTOCOL_TYPE,CHANNELS,YT_PROTOCOL_TYPE) values(240489, 4, 24489, '1004488', 'B0000803',1,'1076测试服务器','4',8,'0');
insert into V_VEHICLEINFO (ORG_CODE,VEHICLE_ID,ID_NUMBER,TYPE_ID,TERMINAL_ID,DELETE_FLAG,COLOR_ID_NUMBER_ID,AUTHORIZED_PAY_MASS) values ('B0000803','2400489', '测B04488', 4, 240489, 0, '2',15);

insert into T_SIMINFO (SIM_ID, ORG_CODE, DEPTCODE, STATE,PAY_MODLE, SIM_NUM) values(24490, 'B0000803', '中国移动', 1, '预付费', 13100004489);
insert into T_TERMINALINFO (TERMINAL_ID,TTYPE_ID,SIM_ID,TERMINAL_CODE,ORG_CODE,IS_VIDEO_TERMINAL,SP_SERVER_NAME,PROTOCOL_TYPE,CHANNELS,YT_PROTOCOL_TYPE) values(240490, 4, 24490, '1004489', 'B0000803',1,'1076测试服务器','4',8,'0');
insert into V_VEHICLEINFO (ORG_CODE,VEHICLE_ID,ID_NUMBER,TYPE_ID,TERMINAL_ID,DELETE_FLAG,COLOR_ID_NUMBER_ID,AUTHORIZED_PAY_MASS) values ('B0000803','2400490', '测B04489', 4, 240490, 0, '2',15);

insert into T_SIMINFO (SIM_ID, ORG_CODE, DEPTCODE, STATE,PAY_MODLE, SIM_NUM) values(24491, 'B0000803', '中国移动', 1, '预付费', 13100004490);
insert into T_TERMINALINFO (TERMINAL_ID,TTYPE_ID,SIM_ID,TERMINAL_CODE,ORG_CODE,IS_VIDEO_TERMINAL,SP_SERVER_NAME,PROTOCOL_TYPE,CHANNELS,YT_PROTOCOL_TYPE) values(240491, 4, 24491, '1004490', 'B0000803',1,'1076测试服务器','4',8,'0');
insert into V_VEHICLEINFO (ORG_CODE,VEHICLE_ID,ID_NUMBER,TYPE_ID,TERMINAL_ID,DELETE_FLAG,COLOR_ID_NUMBER_ID,AUTHORIZED_PAY_MASS) values ('B0000803','2400491', '测B04490', 4, 240491, 0, '2',15);

insert into T_SIMINFO (SIM_ID, ORG_CODE, DEPTCODE, STATE,PAY_MODLE, SIM_NUM) values(24492, 'B0000803', '中国移动', 1, '预付费', 13100004491);
insert into T_TERMINALINFO (TERMINAL_ID,TTYPE_ID,SIM_ID,TERMINAL_CODE,ORG_CODE,IS_VIDEO_TERMINAL,SP_SERVER_NAME,PROTOCOL_TYPE,CHANNELS,YT_PROTOCOL_TYPE) values(240492, 4, 24492, '1004491', 'B0000803',1,'1076测试服务器','4',8,'0');
insert into V_VEHICLEINFO (ORG_CODE,VEHICLE_ID,ID_NUMBER,TYPE_ID,TERMINAL_ID,DELETE_FLAG,COLOR_ID_NUMBER_ID,AUTHORIZED_PAY_MASS) values ('B0000803','2400492', '测B04491', 4, 240492, 0, '2',15);

insert into T_SIMINFO (SIM_ID, ORG_CODE, DEPTCODE, STATE,PAY_MODLE, SIM_NUM) values(24493, 'B0000803', '中国移动', 1, '预付费', 13100004492);
insert into T_TERMINALINFO (TERMINAL_ID,TTYPE_ID,SIM_ID,TERMINAL_CODE,ORG_CODE,IS_VIDEO_TERMINAL,SP_SERVER_NAME,PROTOCOL_TYPE,CHANNELS,YT_PROTOCOL_TYPE) values(240493, 4, 24493, '1004492', 'B0000803',1,'1076测试服务器','4',8,'0');
insert into V_VEHICLEINFO (ORG_CODE,VEHICLE_ID,ID_NUMBER,TYPE_ID,TERMINAL_ID,DELETE_FLAG,COLOR_ID_NUMBER_ID,AUTHORIZED_PAY_MASS) values ('B0000803','2400493', '测B04492', 4, 240493, 0, '2',15);

insert into T_SIMINFO (SIM_ID, ORG_CODE, DEPTCODE, STATE,PAY_MODLE, SIM_NUM) values(24494, 'B0000803', '中国移动', 1, '预付费', 13100004493);
insert into T_TERMINALINFO (TERMINAL_ID,TTYPE_ID,SIM_ID,TERMINAL_CODE,ORG_CODE,IS_VIDEO_TERMINAL,SP_SERVER_NAME,PROTOCOL_TYPE,CHANNELS,YT_PROTOCOL_TYPE) values(240494, 4, 24494, '1004493', 'B0000803',1,'1076测试服务器','4',8,'0');
insert into V_VEHICLEINFO (ORG_CODE,VEHICLE_ID,ID_NUMBER,TYPE_ID,TERMINAL_ID,DELETE_FLAG,COLOR_ID_NUMBER_ID,AUTHORIZED_PAY_MASS) values ('B0000803','2400494', '测B04493', 4, 240494, 0, '2',15);

insert into T_SIMINFO (SIM_ID, ORG_CODE, DEPTCODE, STATE,PAY_MODLE, SIM_NUM) values(24495, 'B0000803', '中国移动', 1, '预付费', 13100004494);
insert into T_TERMINALINFO (TERMINAL_ID,TTYPE_ID,SIM_ID,TERMINAL_CODE,ORG_CODE,IS_VIDEO_TERMINAL,SP_SERVER_NAME,PROTOCOL_TYPE,CHANNELS,YT_PROTOCOL_TYPE) values(240495, 4, 24495, '1004494', 'B0000803',1,'1076测试服务器','4',8,'0');
insert into V_VEHICLEINFO (ORG_CODE,VEHICLE_ID,ID_NUMBER,TYPE_ID,TERMINAL_ID,DELETE_FLAG,COLOR_ID_NUMBER_ID,AUTHORIZED_PAY_MASS) values ('B0000803','2400495', '测B04494', 4, 240495, 0, '2',15);

insert into T_SIMINFO (SIM_ID, ORG_CODE, DEPTCODE, STATE,PAY_MODLE, SIM_NUM) values(24496, 'B0000803', '中国移动', 1, '预付费', 13100004495);
insert into T_TERMINALINFO (TERMINAL_ID,TTYPE_ID,SIM_ID,TERMINAL_CODE,ORG_CODE,IS_VIDEO_TERMINAL,SP_SERVER_NAME,PROTOCOL_TYPE,CHANNELS,YT_PROTOCOL_TYPE) values(240496, 4, 24496, '1004495', 'B0000803',1,'1076测试服务器','4',8,'0');
insert into V_VEHICLEINFO (ORG_CODE,VEHICLE_ID,ID_NUMBER,TYPE_ID,TERMINAL_ID,DELETE_FLAG,COLOR_ID_NUMBER_ID,AUTHORIZED_PAY_MASS) values ('B0000803','2400496', '测B04495', 4, 240496, 0, '2',15);

insert into T_SIMINFO (SIM_ID, ORG_CODE, DEPTCODE, STATE,PAY_MODLE, SIM_NUM) values(24497, 'B0000803', '中国移动', 1, '预付费', 13100004496);
insert into T_TERMINALINFO (TERMINAL_ID,TTYPE_ID,SIM_ID,TERMINAL_CODE,ORG_CODE,IS_VIDEO_TERMINAL,SP_SERVER_NAME,PROTOCOL_TYPE,CHANNELS,YT_PROTOCOL_TYPE) values(240497, 4, 24497, '1004496', 'B0000803',1,'1076测试服务器','4',8,'0');
insert into V_VEHICLEINFO (ORG_CODE,VEHICLE_ID,ID_NUMBER,TYPE_ID,TERMINAL_ID,DELETE_FLAG,COLOR_ID_NUMBER_ID,AUTHORIZED_PAY_MASS) values ('B0000803','2400497', '测B04496', 4, 240497, 0, '2',15);

insert into T_SIMINFO (SIM_ID, ORG_CODE, DEPTCODE, STATE,PAY_MODLE, SIM_NUM) values(24498, 'B0000803', '中国移动', 1, '预付费', 13100004497);
insert into T_TERMINALINFO (TERMINAL_ID,TTYPE_ID,SIM_ID,TERMINAL_CODE,ORG_CODE,IS_VIDEO_TERMINAL,SP_SERVER_NAME,PROTOCOL_TYPE,CHANNELS,YT_PROTOCOL_TYPE) values(240498, 4, 24498, '1004497', 'B0000803',1,'1076测试服务器','4',8,'0');
insert into V_VEHICLEINFO (ORG_CODE,VEHICLE_ID,ID_NUMBER,TYPE_ID,TERMINAL_ID,DELETE_FLAG,COLOR_ID_NUMBER_ID,AUTHORIZED_PAY_MASS) values ('B0000803','2400498', '测B04497', 4, 240498, 0, '2',15);

insert into T_SIMINFO (SIM_ID, ORG_CODE, DEPTCODE, STATE,PAY_MODLE, SIM_NUM) values(24499, 'B0000803', '中国移动', 1, '预付费', 13100004498);
insert into T_TERMINALINFO (TERMINAL_ID,TTYPE_ID,SIM_ID,TERMINAL_CODE,ORG_CODE,IS_VIDEO_TERMINAL,SP_SERVER_NAME,PROTOCOL_TYPE,CHANNELS,YT_PROTOCOL_TYPE) values(240499, 4, 24499, '1004498', 'B0000803',1,'1076测试服务器','4',8,'0');
insert into V_VEHICLEINFO (ORG_CODE,VEHICLE_ID,ID_NUMBER,TYPE_ID,TERMINAL_ID,DELETE_FLAG,COLOR_ID_NUMBER_ID,AUTHORIZED_PAY_MASS) values ('B0000803','2400499', '测B04498', 4, 240499, 0, '2',15);

insert into T_SIMINFO (SIM_ID, ORG_CODE, DEPTCODE, STATE,PAY_MODLE, SIM_NUM) values(24500, 'B0000803', '中国移动', 1, '预付费', 13100004499);
insert into T_TERMINALINFO (TERMINAL_ID,TTYPE_ID,SIM_ID,TERMINAL_CODE,ORG_CODE,IS_VIDEO_TERMINAL,SP_SERVER_NAME,PROTOCOL_TYPE,CHANNELS,YT_PROTOCOL_TYPE) values(240500, 4, 24500, '1004499', 'B0000803',1,'1076测试服务器','4',8,'0');
insert into V_VEHICLEINFO (ORG_CODE,VEHICLE_ID,ID_NUMBER,TYPE_ID,TERMINAL_ID,DELETE_FLAG,COLOR_ID_NUMBER_ID,AUTHORIZED_PAY_MASS) values ('B0000803','2400500', '测B04499', 4, 240500, 0, '2',15);

insert into T_SIMINFO (SIM_ID, ORG_CODE, DEPTCODE, STATE,PAY_MODLE, SIM_NUM) values(24501, 'B0000803', '中国移动', 1, '预付费', 13100004500);
insert into T_TERMINALINFO (TERMINAL_ID,TTYPE_ID,SIM_ID,TERMINAL_CODE,ORG_CODE,IS_VIDEO_TERMINAL,SP_SERVER_NAME,PROTOCOL_TYPE,CHANNELS,YT_PROTOCOL_TYPE) values(240501, 4, 24501, '1004500', 'B0000803',1,'1076测试服务器','4',8,'0');
insert into V_VEHICLEINFO (ORG_CODE,VEHICLE_ID,ID_NUMBER,TYPE_ID,TERMINAL_ID,DELETE_FLAG,COLOR_ID_NUMBER_ID,AUTHORIZED_PAY_MASS) values ('B0000803','2400501', '测B04500', 4, 240501, 0, '2',15);

insert into T_SIMINFO (SIM_ID, ORG_CODE, DEPTCODE, STATE,PAY_MODLE, SIM_NUM) values(24502, 'B0000803', '中国移动', 1, '预付费', 13100004501);
insert into T_TERMINALINFO (TERMINAL_ID,TTYPE_ID,SIM_ID,TERMINAL_CODE,ORG_CODE,IS_VIDEO_TERMINAL,SP_SERVER_NAME,PROTOCOL_TYPE,CHANNELS,YT_PROTOCOL_TYPE) values(240502, 4, 24502, '1004501', 'B0000803',1,'1076测试服务器','4',8,'0');
insert into V_VEHICLEINFO (ORG_CODE,VEHICLE_ID,ID_NUMBER,TYPE_ID,TERMINAL_ID,DELETE_FLAG,COLOR_ID_NUMBER_ID,AUTHORIZED_PAY_MASS) values ('B0000803','2400502', '测B04501', 4, 240502, 0, '2',15);

insert into T_SIMINFO (SIM_ID, ORG_CODE, DEPTCODE, STATE,PAY_MODLE, SIM_NUM) values(24503, 'B0000803', '中国移动', 1, '预付费', 13100004502);
insert into T_TERMINALINFO (TERMINAL_ID,TTYPE_ID,SIM_ID,TERMINAL_CODE,ORG_CODE,IS_VIDEO_TERMINAL,SP_SERVER_NAME,PROTOCOL_TYPE,CHANNELS,YT_PROTOCOL_TYPE) values(240503, 4, 24503, '1004502', 'B0000803',1,'1076测试服务器','4',8,'0');
insert into V_VEHICLEINFO (ORG_CODE,VEHICLE_ID,ID_NUMBER,TYPE_ID,TERMINAL_ID,DELETE_FLAG,COLOR_ID_NUMBER_ID,AUTHORIZED_PAY_MASS) values ('B0000803','2400503', '测B04502', 4, 240503, 0, '2',15);

insert into T_SIMINFO (SIM_ID, ORG_CODE, DEPTCODE, STATE,PAY_MODLE, SIM_NUM) values(24504, 'B0000803', '中国移动', 1, '预付费', 13100004503);
insert into T_TERMINALINFO (TERMINAL_ID,TTYPE_ID,SIM_ID,TERMINAL_CODE,ORG_CODE,IS_VIDEO_TERMINAL,SP_SERVER_NAME,PROTOCOL_TYPE,CHANNELS,YT_PROTOCOL_TYPE) values(240504, 4, 24504, '1004503', 'B0000803',1,'1076测试服务器','4',8,'0');
insert into V_VEHICLEINFO (ORG_CODE,VEHICLE_ID,ID_NUMBER,TYPE_ID,TERMINAL_ID,DELETE_FLAG,COLOR_ID_NUMBER_ID,AUTHORIZED_PAY_MASS) values ('B0000803','2400504', '测B04503', 4, 240504, 0, '2',15);

insert into T_SIMINFO (SIM_ID, ORG_CODE, DEPTCODE, STATE,PAY_MODLE, SIM_NUM) values(24505, 'B0000803', '中国移动', 1, '预付费', 13100004504);
insert into T_TERMINALINFO (TERMINAL_ID,TTYPE_ID,SIM_ID,TERMINAL_CODE,ORG_CODE,IS_VIDEO_TERMINAL,SP_SERVER_NAME,PROTOCOL_TYPE,CHANNELS,YT_PROTOCOL_TYPE) values(240505, 4, 24505, '1004504', 'B0000803',1,'1076测试服务器','4',8,'0');
insert into V_VEHICLEINFO (ORG_CODE,VEHICLE_ID,ID_NUMBER,TYPE_ID,TERMINAL_ID,DELETE_FLAG,COLOR_ID_NUMBER_ID,AUTHORIZED_PAY_MASS) values ('B0000803','2400505', '测B04504', 4, 240505, 0, '2',15);

insert into T_SIMINFO (SIM_ID, ORG_CODE, DEPTCODE, STATE,PAY_MODLE, SIM_NUM) values(24506, 'B0000803', '中国移动', 1, '预付费', 13100004505);
insert into T_TERMINALINFO (TERMINAL_ID,TTYPE_ID,SIM_ID,TERMINAL_CODE,ORG_CODE,IS_VIDEO_TERMINAL,SP_SERVER_NAME,PROTOCOL_TYPE,CHANNELS,YT_PROTOCOL_TYPE) values(240506, 4, 24506, '1004505', 'B0000803',1,'1076测试服务器','4',8,'0');
insert into V_VEHICLEINFO (ORG_CODE,VEHICLE_ID,ID_NUMBER,TYPE_ID,TERMINAL_ID,DELETE_FLAG,COLOR_ID_NUMBER_ID,AUTHORIZED_PAY_MASS) values ('B0000803','2400506', '测B04505', 4, 240506, 0, '2',15);

insert into T_SIMINFO (SIM_ID, ORG_CODE, DEPTCODE, STATE,PAY_MODLE, SIM_NUM) values(24507, 'B0000803', '中国移动', 1, '预付费', 13100004506);
insert into T_TERMINALINFO (TERMINAL_ID,TTYPE_ID,SIM_ID,TERMINAL_CODE,ORG_CODE,IS_VIDEO_TERMINAL,SP_SERVER_NAME,PROTOCOL_TYPE,CHANNELS,YT_PROTOCOL_TYPE) values(240507, 4, 24507, '1004506', 'B0000803',1,'1076测试服务器','4',8,'0');
insert into V_VEHICLEINFO (ORG_CODE,VEHICLE_ID,ID_NUMBER,TYPE_ID,TERMINAL_ID,DELETE_FLAG,COLOR_ID_NUMBER_ID,AUTHORIZED_PAY_MASS) values ('B0000803','2400507', '测B04506', 4, 240507, 0, '2',15);

insert into T_SIMINFO (SIM_ID, ORG_CODE, DEPTCODE, STATE,PAY_MODLE, SIM_NUM) values(24508, 'B0000803', '中国移动', 1, '预付费', 13100004507);
insert into T_TERMINALINFO (TERMINAL_ID,TTYPE_ID,SIM_ID,TERMINAL_CODE,ORG_CODE,IS_VIDEO_TERMINAL,SP_SERVER_NAME,PROTOCOL_TYPE,CHANNELS,YT_PROTOCOL_TYPE) values(240508, 4, 24508, '1004507', 'B0000803',1,'1076测试服务器','4',8,'0');
insert into V_VEHICLEINFO (ORG_CODE,VEHICLE_ID,ID_NUMBER,TYPE_ID,TERMINAL_ID,DELETE_FLAG,COLOR_ID_NUMBER_ID,AUTHORIZED_PAY_MASS) values ('B0000803','2400508', '测B04507', 4, 240508, 0, '2',15);

insert into T_SIMINFO (SIM_ID, ORG_CODE, DEPTCODE, STATE,PAY_MODLE, SIM_NUM) values(24509, 'B0000803', '中国移动', 1, '预付费', 13100004508);
insert into T_TERMINALINFO (TERMINAL_ID,TTYPE_ID,SIM_ID,TERMINAL_CODE,ORG_CODE,IS_VIDEO_TERMINAL,SP_SERVER_NAME,PROTOCOL_TYPE,CHANNELS,YT_PROTOCOL_TYPE) values(240509, 4, 24509, '1004508', 'B0000803',1,'1076测试服务器','4',8,'0');
insert into V_VEHICLEINFO (ORG_CODE,VEHICLE_ID,ID_NUMBER,TYPE_ID,TERMINAL_ID,DELETE_FLAG,COLOR_ID_NUMBER_ID,AUTHORIZED_PAY_MASS) values ('B0000803','2400509', '测B04508', 4, 240509, 0, '2',15);

insert into T_SIMINFO (SIM_ID, ORG_CODE, DEPTCODE, STATE,PAY_MODLE, SIM_NUM) values(24510, 'B0000803', '中国移动', 1, '预付费', 13100004509);
insert into T_TERMINALINFO (TERMINAL_ID,TTYPE_ID,SIM_ID,TERMINAL_CODE,ORG_CODE,IS_VIDEO_TERMINAL,SP_SERVER_NAME,PROTOCOL_TYPE,CHANNELS,YT_PROTOCOL_TYPE) values(240510, 4, 24510, '1004509', 'B0000803',1,'1076测试服务器','4',8,'0');
insert into V_VEHICLEINFO (ORG_CODE,VEHICLE_ID,ID_NUMBER,TYPE_ID,TERMINAL_ID,DELETE_FLAG,COLOR_ID_NUMBER_ID,AUTHORIZED_PAY_MASS) values ('B0000803','2400510', '测B04509', 4, 240510, 0, '2',15);

insert into T_SIMINFO (SIM_ID, ORG_CODE, DEPTCODE, STATE,PAY_MODLE, SIM_NUM) values(24511, 'B0000803', '中国移动', 1, '预付费', 13100004510);
insert into T_TERMINALINFO (TERMINAL_ID,TTYPE_ID,SIM_ID,TERMINAL_CODE,ORG_CODE,IS_VIDEO_TERMINAL,SP_SERVER_NAME,PROTOCOL_TYPE,CHANNELS,YT_PROTOCOL_TYPE) values(240511, 4, 24511, '1004510', 'B0000803',1,'1076测试服务器','4',8,'0');
insert into V_VEHICLEINFO (ORG_CODE,VEHICLE_ID,ID_NUMBER,TYPE_ID,TERMINAL_ID,DELETE_FLAG,COLOR_ID_NUMBER_ID,AUTHORIZED_PAY_MASS) values ('B0000803','2400511', '测B04510', 4, 240511, 0, '2',15);

insert into T_SIMINFO (SIM_ID, ORG_CODE, DEPTCODE, STATE,PAY_MODLE, SIM_NUM) values(24512, 'B0000803', '中国移动', 1, '预付费', 13100004511);
insert into T_TERMINALINFO (TERMINAL_ID,TTYPE_ID,SIM_ID,TERMINAL_CODE,ORG_CODE,IS_VIDEO_TERMINAL,SP_SERVER_NAME,PROTOCOL_TYPE,CHANNELS,YT_PROTOCOL_TYPE) values(240512, 4, 24512, '1004511', 'B0000803',1,'1076测试服务器','4',8,'0');
insert into V_VEHICLEINFO (ORG_CODE,VEHICLE_ID,ID_NUMBER,TYPE_ID,TERMINAL_ID,DELETE_FLAG,COLOR_ID_NUMBER_ID,AUTHORIZED_PAY_MASS) values ('B0000803','2400512', '测B04511', 4, 240512, 0, '2',15);

insert into T_SIMINFO (SIM_ID, ORG_CODE, DEPTCODE, STATE,PAY_MODLE, SIM_NUM) values(24513, 'B0000803', '中国移动', 1, '预付费', 13100004512);
insert into T_TERMINALINFO (TERMINAL_ID,TTYPE_ID,SIM_ID,TERMINAL_CODE,ORG_CODE,IS_VIDEO_TERMINAL,SP_SERVER_NAME,PROTOCOL_TYPE,CHANNELS,YT_PROTOCOL_TYPE) values(240513, 4, 24513, '1004512', 'B0000803',1,'1076测试服务器','4',8,'0');
insert into V_VEHICLEINFO (ORG_CODE,VEHICLE_ID,ID_NUMBER,TYPE_ID,TERMINAL_ID,DELETE_FLAG,COLOR_ID_NUMBER_ID,AUTHORIZED_PAY_MASS) values ('B0000803','2400513', '测B04512', 4, 240513, 0, '2',15);

insert into T_SIMINFO (SIM_ID, ORG_CODE, DEPTCODE, STATE,PAY_MODLE, SIM_NUM) values(24514, 'B0000803', '中国移动', 1, '预付费', 13100004513);
insert into T_TERMINALINFO (TERMINAL_ID,TTYPE_ID,SIM_ID,TERMINAL_CODE,ORG_CODE,IS_VIDEO_TERMINAL,SP_SERVER_NAME,PROTOCOL_TYPE,CHANNELS,YT_PROTOCOL_TYPE) values(240514, 4, 24514, '1004513', 'B0000803',1,'1076测试服务器','4',8,'0');
insert into V_VEHICLEINFO (ORG_CODE,VEHICLE_ID,ID_NUMBER,TYPE_ID,TERMINAL_ID,DELETE_FLAG,COLOR_ID_NUMBER_ID,AUTHORIZED_PAY_MASS) values ('B0000803','2400514', '测B04513', 4, 240514, 0, '2',15);

insert into T_SIMINFO (SIM_ID, ORG_CODE, DEPTCODE, STATE,PAY_MODLE, SIM_NUM) values(24515, 'B0000803', '中国移动', 1, '预付费', 13100004514);
insert into T_TERMINALINFO (TERMINAL_ID,TTYPE_ID,SIM_ID,TERMINAL_CODE,ORG_CODE,IS_VIDEO_TERMINAL,SP_SERVER_NAME,PROTOCOL_TYPE,CHANNELS,YT_PROTOCOL_TYPE) values(240515, 4, 24515, '1004514', 'B0000803',1,'1076测试服务器','4',8,'0');
insert into V_VEHICLEINFO (ORG_CODE,VEHICLE_ID,ID_NUMBER,TYPE_ID,TERMINAL_ID,DELETE_FLAG,COLOR_ID_NUMBER_ID,AUTHORIZED_PAY_MASS) values ('B0000803','2400515', '测B04514', 4, 240515, 0, '2',15);

insert into T_SIMINFO (SIM_ID, ORG_CODE, DEPTCODE, STATE,PAY_MODLE, SIM_NUM) values(24516, 'B0000803', '中国移动', 1, '预付费', 13100004515);
insert into T_TERMINALINFO (TERMINAL_ID,TTYPE_ID,SIM_ID,TERMINAL_CODE,ORG_CODE,IS_VIDEO_TERMINAL,SP_SERVER_NAME,PROTOCOL_TYPE,CHANNELS,YT_PROTOCOL_TYPE) values(240516, 4, 24516, '1004515', 'B0000803',1,'1076测试服务器','4',8,'0');
insert into V_VEHICLEINFO (ORG_CODE,VEHICLE_ID,ID_NUMBER,TYPE_ID,TERMINAL_ID,DELETE_FLAG,COLOR_ID_NUMBER_ID,AUTHORIZED_PAY_MASS) values ('B0000803','2400516', '测B04515', 4, 240516, 0, '2',15);

insert into T_SIMINFO (SIM_ID, ORG_CODE, DEPTCODE, STATE,PAY_MODLE, SIM_NUM) values(24517, 'B0000803', '中国移动', 1, '预付费', 13100004516);
insert into T_TERMINALINFO (TERMINAL_ID,TTYPE_ID,SIM_ID,TERMINAL_CODE,ORG_CODE,IS_VIDEO_TERMINAL,SP_SERVER_NAME,PROTOCOL_TYPE,CHANNELS,YT_PROTOCOL_TYPE) values(240517, 4, 24517, '1004516', 'B0000803',1,'1076测试服务器','4',8,'0');
insert into V_VEHICLEINFO (ORG_CODE,VEHICLE_ID,ID_NUMBER,TYPE_ID,TERMINAL_ID,DELETE_FLAG,COLOR_ID_NUMBER_ID,AUTHORIZED_PAY_MASS) values ('B0000803','2400517', '测B04516', 4, 240517, 0, '2',15);

insert into T_SIMINFO (SIM_ID, ORG_CODE, DEPTCODE, STATE,PAY_MODLE, SIM_NUM) values(24518, 'B0000803', '中国移动', 1, '预付费', 13100004517);
insert into T_TERMINALINFO (TERMINAL_ID,TTYPE_ID,SIM_ID,TERMINAL_CODE,ORG_CODE,IS_VIDEO_TERMINAL,SP_SERVER_NAME,PROTOCOL_TYPE,CHANNELS,YT_PROTOCOL_TYPE) values(240518, 4, 24518, '1004517', 'B0000803',1,'1076测试服务器','4',8,'0');
insert into V_VEHICLEINFO (ORG_CODE,VEHICLE_ID,ID_NUMBER,TYPE_ID,TERMINAL_ID,DELETE_FLAG,COLOR_ID_NUMBER_ID,AUTHORIZED_PAY_MASS) values ('B0000803','2400518', '测B04517', 4, 240518, 0, '2',15);

insert into T_SIMINFO (SIM_ID, ORG_CODE, DEPTCODE, STATE,PAY_MODLE, SIM_NUM) values(24519, 'B0000803', '中国移动', 1, '预付费', 13100004518);
insert into T_TERMINALINFO (TERMINAL_ID,TTYPE_ID,SIM_ID,TERMINAL_CODE,ORG_CODE,IS_VIDEO_TERMINAL,SP_SERVER_NAME,PROTOCOL_TYPE,CHANNELS,YT_PROTOCOL_TYPE) values(240519, 4, 24519, '1004518', 'B0000803',1,'1076测试服务器','4',8,'0');
insert into V_VEHICLEINFO (ORG_CODE,VEHICLE_ID,ID_NUMBER,TYPE_ID,TERMINAL_ID,DELETE_FLAG,COLOR_ID_NUMBER_ID,AUTHORIZED_PAY_MASS) values ('B0000803','2400519', '测B04518', 4, 240519, 0, '2',15);

insert into T_SIMINFO (SIM_ID, ORG_CODE, DEPTCODE, STATE,PAY_MODLE, SIM_NUM) values(24520, 'B0000803', '中国移动', 1, '预付费', 13100004519);
insert into T_TERMINALINFO (TERMINAL_ID,TTYPE_ID,SIM_ID,TERMINAL_CODE,ORG_CODE,IS_VIDEO_TERMINAL,SP_SERVER_NAME,PROTOCOL_TYPE,CHANNELS,YT_PROTOCOL_TYPE) values(240520, 4, 24520, '1004519', 'B0000803',1,'1076测试服务器','4',8,'0');
insert into V_VEHICLEINFO (ORG_CODE,VEHICLE_ID,ID_NUMBER,TYPE_ID,TERMINAL_ID,DELETE_FLAG,COLOR_ID_NUMBER_ID,AUTHORIZED_PAY_MASS) values ('B0000803','2400520', '测B04519', 4, 240520, 0, '2',15);

insert into T_SIMINFO (SIM_ID, ORG_CODE, DEPTCODE, STATE,PAY_MODLE, SIM_NUM) values(24521, 'B0000803', '中国移动', 1, '预付费', 13100004520);
insert into T_TERMINALINFO (TERMINAL_ID,TTYPE_ID,SIM_ID,TERMINAL_CODE,ORG_CODE,IS_VIDEO_TERMINAL,SP_SERVER_NAME,PROTOCOL_TYPE,CHANNELS,YT_PROTOCOL_TYPE) values(240521, 4, 24521, '1004520', 'B0000803',1,'1076测试服务器','4',8,'0');
insert into V_VEHICLEINFO (ORG_CODE,VEHICLE_ID,ID_NUMBER,TYPE_ID,TERMINAL_ID,DELETE_FLAG,COLOR_ID_NUMBER_ID,AUTHORIZED_PAY_MASS) values ('B0000803','2400521', '测B04520', 4, 240521, 0, '2',15);

insert into T_SIMINFO (SIM_ID, ORG_CODE, DEPTCODE, STATE,PAY_MODLE, SIM_NUM) values(24522, 'B0000803', '中国移动', 1, '预付费', 13100004521);
insert into T_TERMINALINFO (TERMINAL_ID,TTYPE_ID,SIM_ID,TERMINAL_CODE,ORG_CODE,IS_VIDEO_TERMINAL,SP_SERVER_NAME,PROTOCOL_TYPE,CHANNELS,YT_PROTOCOL_TYPE) values(240522, 4, 24522, '1004521', 'B0000803',1,'1076测试服务器','4',8,'0');
insert into V_VEHICLEINFO (ORG_CODE,VEHICLE_ID,ID_NUMBER,TYPE_ID,TERMINAL_ID,DELETE_FLAG,COLOR_ID_NUMBER_ID,AUTHORIZED_PAY_MASS) values ('B0000803','2400522', '测B04521', 4, 240522, 0, '2',15);

insert into T_SIMINFO (SIM_ID, ORG_CODE, DEPTCODE, STATE,PAY_MODLE, SIM_NUM) values(24523, 'B0000803', '中国移动', 1, '预付费', 13100004522);
insert into T_TERMINALINFO (TERMINAL_ID,TTYPE_ID,SIM_ID,TERMINAL_CODE,ORG_CODE,IS_VIDEO_TERMINAL,SP_SERVER_NAME,PROTOCOL_TYPE,CHANNELS,YT_PROTOCOL_TYPE) values(240523, 4, 24523, '1004522', 'B0000803',1,'1076测试服务器','4',8,'0');
insert into V_VEHICLEINFO (ORG_CODE,VEHICLE_ID,ID_NUMBER,TYPE_ID,TERMINAL_ID,DELETE_FLAG,COLOR_ID_NUMBER_ID,AUTHORIZED_PAY_MASS) values ('B0000803','2400523', '测B04522', 4, 240523, 0, '2',15);

insert into T_SIMINFO (SIM_ID, ORG_CODE, DEPTCODE, STATE,PAY_MODLE, SIM_NUM) values(24524, 'B0000803', '中国移动', 1, '预付费', 13100004523);
insert into T_TERMINALINFO (TERMINAL_ID,TTYPE_ID,SIM_ID,TERMINAL_CODE,ORG_CODE,IS_VIDEO_TERMINAL,SP_SERVER_NAME,PROTOCOL_TYPE,CHANNELS,YT_PROTOCOL_TYPE) values(240524, 4, 24524, '1004523', 'B0000803',1,'1076测试服务器','4',8,'0');
insert into V_VEHICLEINFO (ORG_CODE,VEHICLE_ID,ID_NUMBER,TYPE_ID,TERMINAL_ID,DELETE_FLAG,COLOR_ID_NUMBER_ID,AUTHORIZED_PAY_MASS) values ('B0000803','2400524', '测B04523', 4, 240524, 0, '2',15);

insert into T_SIMINFO (SIM_ID, ORG_CODE, DEPTCODE, STATE,PAY_MODLE, SIM_NUM) values(24525, 'B0000803', '中国移动', 1, '预付费', 13100004524);
insert into T_TERMINALINFO (TERMINAL_ID,TTYPE_ID,SIM_ID,TERMINAL_CODE,ORG_CODE,IS_VIDEO_TERMINAL,SP_SERVER_NAME,PROTOCOL_TYPE,CHANNELS,YT_PROTOCOL_TYPE) values(240525, 4, 24525, '1004524', 'B0000803',1,'1076测试服务器','4',8,'0');
insert into V_VEHICLEINFO (ORG_CODE,VEHICLE_ID,ID_NUMBER,TYPE_ID,TERMINAL_ID,DELETE_FLAG,COLOR_ID_NUMBER_ID,AUTHORIZED_PAY_MASS) values ('B0000803','2400525', '测B04524', 4, 240525, 0, '2',15);

insert into T_SIMINFO (SIM_ID, ORG_CODE, DEPTCODE, STATE,PAY_MODLE, SIM_NUM) values(24526, 'B0000803', '中国移动', 1, '预付费', 13100004525);
insert into T_TERMINALINFO (TERMINAL_ID,TTYPE_ID,SIM_ID,TERMINAL_CODE,ORG_CODE,IS_VIDEO_TERMINAL,SP_SERVER_NAME,PROTOCOL_TYPE,CHANNELS,YT_PROTOCOL_TYPE) values(240526, 4, 24526, '1004525', 'B0000803',1,'1076测试服务器','4',8,'0');
insert into V_VEHICLEINFO (ORG_CODE,VEHICLE_ID,ID_NUMBER,TYPE_ID,TERMINAL_ID,DELETE_FLAG,COLOR_ID_NUMBER_ID,AUTHORIZED_PAY_MASS) values ('B0000803','2400526', '测B04525', 4, 240526, 0, '2',15);

insert into T_SIMINFO (SIM_ID, ORG_CODE, DEPTCODE, STATE,PAY_MODLE, SIM_NUM) values(24527, 'B0000803', '中国移动', 1, '预付费', 13100004526);
insert into T_TERMINALINFO (TERMINAL_ID,TTYPE_ID,SIM_ID,TERMINAL_CODE,ORG_CODE,IS_VIDEO_TERMINAL,SP_SERVER_NAME,PROTOCOL_TYPE,CHANNELS,YT_PROTOCOL_TYPE) values(240527, 4, 24527, '1004526', 'B0000803',1,'1076测试服务器','4',8,'0');
insert into V_VEHICLEINFO (ORG_CODE,VEHICLE_ID,ID_NUMBER,TYPE_ID,TERMINAL_ID,DELETE_FLAG,COLOR_ID_NUMBER_ID,AUTHORIZED_PAY_MASS) values ('B0000803','2400527', '测B04526', 4, 240527, 0, '2',15);

insert into T_SIMINFO (SIM_ID, ORG_CODE, DEPTCODE, STATE,PAY_MODLE, SIM_NUM) values(24528, 'B0000803', '中国移动', 1, '预付费', 13100004527);
insert into T_TERMINALINFO (TERMINAL_ID,TTYPE_ID,SIM_ID,TERMINAL_CODE,ORG_CODE,IS_VIDEO_TERMINAL,SP_SERVER_NAME,PROTOCOL_TYPE,CHANNELS,YT_PROTOCOL_TYPE) values(240528, 4, 24528, '1004527', 'B0000803',1,'1076测试服务器','4',8,'0');
insert into V_VEHICLEINFO (ORG_CODE,VEHICLE_ID,ID_NUMBER,TYPE_ID,TERMINAL_ID,DELETE_FLAG,COLOR_ID_NUMBER_ID,AUTHORIZED_PAY_MASS) values ('B0000803','2400528', '测B04527', 4, 240528, 0, '2',15);

insert into T_SIMINFO (SIM_ID, ORG_CODE, DEPTCODE, STATE,PAY_MODLE, SIM_NUM) values(24529, 'B0000803', '中国移动', 1, '预付费', 13100004528);
insert into T_TERMINALINFO (TERMINAL_ID,TTYPE_ID,SIM_ID,TERMINAL_CODE,ORG_CODE,IS_VIDEO_TERMINAL,SP_SERVER_NAME,PROTOCOL_TYPE,CHANNELS,YT_PROTOCOL_TYPE) values(240529, 4, 24529, '1004528', 'B0000803',1,'1076测试服务器','4',8,'0');
insert into V_VEHICLEINFO (ORG_CODE,VEHICLE_ID,ID_NUMBER,TYPE_ID,TERMINAL_ID,DELETE_FLAG,COLOR_ID_NUMBER_ID,AUTHORIZED_PAY_MASS) values ('B0000803','2400529', '测B04528', 4, 240529, 0, '2',15);

insert into T_SIMINFO (SIM_ID, ORG_CODE, DEPTCODE, STATE,PAY_MODLE, SIM_NUM) values(24530, 'B0000803', '中国移动', 1, '预付费', 13100004529);
insert into T_TERMINALINFO (TERMINAL_ID,TTYPE_ID,SIM_ID,TERMINAL_CODE,ORG_CODE,IS_VIDEO_TERMINAL,SP_SERVER_NAME,PROTOCOL_TYPE,CHANNELS,YT_PROTOCOL_TYPE) values(240530, 4, 24530, '1004529', 'B0000803',1,'1076测试服务器','4',8,'0');
insert into V_VEHICLEINFO (ORG_CODE,VEHICLE_ID,ID_NUMBER,TYPE_ID,TERMINAL_ID,DELETE_FLAG,COLOR_ID_NUMBER_ID,AUTHORIZED_PAY_MASS) values ('B0000803','2400530', '测B04529', 4, 240530, 0, '2',15);

insert into T_SIMINFO (SIM_ID, ORG_CODE, DEPTCODE, STATE,PAY_MODLE, SIM_NUM) values(24531, 'B0000803', '中国移动', 1, '预付费', 13100004530);
insert into T_TERMINALINFO (TERMINAL_ID,TTYPE_ID,SIM_ID,TERMINAL_CODE,ORG_CODE,IS_VIDEO_TERMINAL,SP_SERVER_NAME,PROTOCOL_TYPE,CHANNELS,YT_PROTOCOL_TYPE) values(240531, 4, 24531, '1004530', 'B0000803',1,'1076测试服务器','4',8,'0');
insert into V_VEHICLEINFO (ORG_CODE,VEHICLE_ID,ID_NUMBER,TYPE_ID,TERMINAL_ID,DELETE_FLAG,COLOR_ID_NUMBER_ID,AUTHORIZED_PAY_MASS) values ('B0000803','2400531', '测B04530', 4, 240531, 0, '2',15);

insert into T_SIMINFO (SIM_ID, ORG_CODE, DEPTCODE, STATE,PAY_MODLE, SIM_NUM) values(24532, 'B0000803', '中国移动', 1, '预付费', 13100004531);
insert into T_TERMINALINFO (TERMINAL_ID,TTYPE_ID,SIM_ID,TERMINAL_CODE,ORG_CODE,IS_VIDEO_TERMINAL,SP_SERVER_NAME,PROTOCOL_TYPE,CHANNELS,YT_PROTOCOL_TYPE) values(240532, 4, 24532, '1004531', 'B0000803',1,'1076测试服务器','4',8,'0');
insert into V_VEHICLEINFO (ORG_CODE,VEHICLE_ID,ID_NUMBER,TYPE_ID,TERMINAL_ID,DELETE_FLAG,COLOR_ID_NUMBER_ID,AUTHORIZED_PAY_MASS) values ('B0000803','2400532', '测B04531', 4, 240532, 0, '2',15);

insert into T_SIMINFO (SIM_ID, ORG_CODE, DEPTCODE, STATE,PAY_MODLE, SIM_NUM) values(24533, 'B0000803', '中国移动', 1, '预付费', 13100004532);
insert into T_TERMINALINFO (TERMINAL_ID,TTYPE_ID,SIM_ID,TERMINAL_CODE,ORG_CODE,IS_VIDEO_TERMINAL,SP_SERVER_NAME,PROTOCOL_TYPE,CHANNELS,YT_PROTOCOL_TYPE) values(240533, 4, 24533, '1004532', 'B0000803',1,'1076测试服务器','4',8,'0');
insert into V_VEHICLEINFO (ORG_CODE,VEHICLE_ID,ID_NUMBER,TYPE_ID,TERMINAL_ID,DELETE_FLAG,COLOR_ID_NUMBER_ID,AUTHORIZED_PAY_MASS) values ('B0000803','2400533', '测B04532', 4, 240533, 0, '2',15);

insert into T_SIMINFO (SIM_ID, ORG_CODE, DEPTCODE, STATE,PAY_MODLE, SIM_NUM) values(24534, 'B0000803', '中国移动', 1, '预付费', 13100004533);
insert into T_TERMINALINFO (TERMINAL_ID,TTYPE_ID,SIM_ID,TERMINAL_CODE,ORG_CODE,IS_VIDEO_TERMINAL,SP_SERVER_NAME,PROTOCOL_TYPE,CHANNELS,YT_PROTOCOL_TYPE) values(240534, 4, 24534, '1004533', 'B0000803',1,'1076测试服务器','4',8,'0');
insert into V_VEHICLEINFO (ORG_CODE,VEHICLE_ID,ID_NUMBER,TYPE_ID,TERMINAL_ID,DELETE_FLAG,COLOR_ID_NUMBER_ID,AUTHORIZED_PAY_MASS) values ('B0000803','2400534', '测B04533', 4, 240534, 0, '2',15);

insert into T_SIMINFO (SIM_ID, ORG_CODE, DEPTCODE, STATE,PAY_MODLE, SIM_NUM) values(24535, 'B0000803', '中国移动', 1, '预付费', 13100004534);
insert into T_TERMINALINFO (TERMINAL_ID,TTYPE_ID,SIM_ID,TERMINAL_CODE,ORG_CODE,IS_VIDEO_TERMINAL,SP_SERVER_NAME,PROTOCOL_TYPE,CHANNELS,YT_PROTOCOL_TYPE) values(240535, 4, 24535, '1004534', 'B0000803',1,'1076测试服务器','4',8,'0');
insert into V_VEHICLEINFO (ORG_CODE,VEHICLE_ID,ID_NUMBER,TYPE_ID,TERMINAL_ID,DELETE_FLAG,COLOR_ID_NUMBER_ID,AUTHORIZED_PAY_MASS) values ('B0000803','2400535', '测B04534', 4, 240535, 0, '2',15);

insert into T_SIMINFO (SIM_ID, ORG_CODE, DEPTCODE, STATE,PAY_MODLE, SIM_NUM) values(24536, 'B0000803', '中国移动', 1, '预付费', 13100004535);
insert into T_TERMINALINFO (TERMINAL_ID,TTYPE_ID,SIM_ID,TERMINAL_CODE,ORG_CODE,IS_VIDEO_TERMINAL,SP_SERVER_NAME,PROTOCOL_TYPE,CHANNELS,YT_PROTOCOL_TYPE) values(240536, 4, 24536, '1004535', 'B0000803',1,'1076测试服务器','4',8,'0');
insert into V_VEHICLEINFO (ORG_CODE,VEHICLE_ID,ID_NUMBER,TYPE_ID,TERMINAL_ID,DELETE_FLAG,COLOR_ID_NUMBER_ID,AUTHORIZED_PAY_MASS) values ('B0000803','2400536', '测B04535', 4, 240536, 0, '2',15);

insert into T_SIMINFO (SIM_ID, ORG_CODE, DEPTCODE, STATE,PAY_MODLE, SIM_NUM) values(24537, 'B0000803', '中国移动', 1, '预付费', 13100004536);
insert into T_TERMINALINFO (TERMINAL_ID,TTYPE_ID,SIM_ID,TERMINAL_CODE,ORG_CODE,IS_VIDEO_TERMINAL,SP_SERVER_NAME,PROTOCOL_TYPE,CHANNELS,YT_PROTOCOL_TYPE) values(240537, 4, 24537, '1004536', 'B0000803',1,'1076测试服务器','4',8,'0');
insert into V_VEHICLEINFO (ORG_CODE,VEHICLE_ID,ID_NUMBER,TYPE_ID,TERMINAL_ID,DELETE_FLAG,COLOR_ID_NUMBER_ID,AUTHORIZED_PAY_MASS) values ('B0000803','2400537', '测B04536', 4, 240537, 0, '2',15);

insert into T_SIMINFO (SIM_ID, ORG_CODE, DEPTCODE, STATE,PAY_MODLE, SIM_NUM) values(24538, 'B0000803', '中国移动', 1, '预付费', 13100004537);
insert into T_TERMINALINFO (TERMINAL_ID,TTYPE_ID,SIM_ID,TERMINAL_CODE,ORG_CODE,IS_VIDEO_TERMINAL,SP_SERVER_NAME,PROTOCOL_TYPE,CHANNELS,YT_PROTOCOL_TYPE) values(240538, 4, 24538, '1004537', 'B0000803',1,'1076测试服务器','4',8,'0');
insert into V_VEHICLEINFO (ORG_CODE,VEHICLE_ID,ID_NUMBER,TYPE_ID,TERMINAL_ID,DELETE_FLAG,COLOR_ID_NUMBER_ID,AUTHORIZED_PAY_MASS) values ('B0000803','2400538', '测B04537', 4, 240538, 0, '2',15);

insert into T_SIMINFO (SIM_ID, ORG_CODE, DEPTCODE, STATE,PAY_MODLE, SIM_NUM) values(24539, 'B0000803', '中国移动', 1, '预付费', 13100004538);
insert into T_TERMINALINFO (TERMINAL_ID,TTYPE_ID,SIM_ID,TERMINAL_CODE,ORG_CODE,IS_VIDEO_TERMINAL,SP_SERVER_NAME,PROTOCOL_TYPE,CHANNELS,YT_PROTOCOL_TYPE) values(240539, 4, 24539, '1004538', 'B0000803',1,'1076测试服务器','4',8,'0');
insert into V_VEHICLEINFO (ORG_CODE,VEHICLE_ID,ID_NUMBER,TYPE_ID,TERMINAL_ID,DELETE_FLAG,COLOR_ID_NUMBER_ID,AUTHORIZED_PAY_MASS) values ('B0000803','2400539', '测B04538', 4, 240539, 0, '2',15);

insert into T_SIMINFO (SIM_ID, ORG_CODE, DEPTCODE, STATE,PAY_MODLE, SIM_NUM) values(24540, 'B0000803', '中国移动', 1, '预付费', 13100004539);
insert into T_TERMINALINFO (TERMINAL_ID,TTYPE_ID,SIM_ID,TERMINAL_CODE,ORG_CODE,IS_VIDEO_TERMINAL,SP_SERVER_NAME,PROTOCOL_TYPE,CHANNELS,YT_PROTOCOL_TYPE) values(240540, 4, 24540, '1004539', 'B0000803',1,'1076测试服务器','4',8,'0');
insert into V_VEHICLEINFO (ORG_CODE,VEHICLE_ID,ID_NUMBER,TYPE_ID,TERMINAL_ID,DELETE_FLAG,COLOR_ID_NUMBER_ID,AUTHORIZED_PAY_MASS) values ('B0000803','2400540', '测B04539', 4, 240540, 0, '2',15);

insert into T_SIMINFO (SIM_ID, ORG_CODE, DEPTCODE, STATE,PAY_MODLE, SIM_NUM) values(24541, 'B0000803', '中国移动', 1, '预付费', 13100004540);
insert into T_TERMINALINFO (TERMINAL_ID,TTYPE_ID,SIM_ID,TERMINAL_CODE,ORG_CODE,IS_VIDEO_TERMINAL,SP_SERVER_NAME,PROTOCOL_TYPE,CHANNELS,YT_PROTOCOL_TYPE) values(240541, 4, 24541, '1004540', 'B0000803',1,'1076测试服务器','4',8,'0');
insert into V_VEHICLEINFO (ORG_CODE,VEHICLE_ID,ID_NUMBER,TYPE_ID,TERMINAL_ID,DELETE_FLAG,COLOR_ID_NUMBER_ID,AUTHORIZED_PAY_MASS) values ('B0000803','2400541', '测B04540', 4, 240541, 0, '2',15);

insert into T_SIMINFO (SIM_ID, ORG_CODE, DEPTCODE, STATE,PAY_MODLE, SIM_NUM) values(24542, 'B0000803', '中国移动', 1, '预付费', 13100004541);
insert into T_TERMINALINFO (TERMINAL_ID,TTYPE_ID,SIM_ID,TERMINAL_CODE,ORG_CODE,IS_VIDEO_TERMINAL,SP_SERVER_NAME,PROTOCOL_TYPE,CHANNELS,YT_PROTOCOL_TYPE) values(240542, 4, 24542, '1004541', 'B0000803',1,'1076测试服务器','4',8,'0');
insert into V_VEHICLEINFO (ORG_CODE,VEHICLE_ID,ID_NUMBER,TYPE_ID,TERMINAL_ID,DELETE_FLAG,COLOR_ID_NUMBER_ID,AUTHORIZED_PAY_MASS) values ('B0000803','2400542', '测B04541', 4, 240542, 0, '2',15);

insert into T_SIMINFO (SIM_ID, ORG_CODE, DEPTCODE, STATE,PAY_MODLE, SIM_NUM) values(24543, 'B0000803', '中国移动', 1, '预付费', 13100004542);
insert into T_TERMINALINFO (TERMINAL_ID,TTYPE_ID,SIM_ID,TERMINAL_CODE,ORG_CODE,IS_VIDEO_TERMINAL,SP_SERVER_NAME,PROTOCOL_TYPE,CHANNELS,YT_PROTOCOL_TYPE) values(240543, 4, 24543, '1004542', 'B0000803',1,'1076测试服务器','4',8,'0');
insert into V_VEHICLEINFO (ORG_CODE,VEHICLE_ID,ID_NUMBER,TYPE_ID,TERMINAL_ID,DELETE_FLAG,COLOR_ID_NUMBER_ID,AUTHORIZED_PAY_MASS) values ('B0000803','2400543', '测B04542', 4, 240543, 0, '2',15);

insert into T_SIMINFO (SIM_ID, ORG_CODE, DEPTCODE, STATE,PAY_MODLE, SIM_NUM) values(24544, 'B0000803', '中国移动', 1, '预付费', 13100004543);
insert into T_TERMINALINFO (TERMINAL_ID,TTYPE_ID,SIM_ID,TERMINAL_CODE,ORG_CODE,IS_VIDEO_TERMINAL,SP_SERVER_NAME,PROTOCOL_TYPE,CHANNELS,YT_PROTOCOL_TYPE) values(240544, 4, 24544, '1004543', 'B0000803',1,'1076测试服务器','4',8,'0');
insert into V_VEHICLEINFO (ORG_CODE,VEHICLE_ID,ID_NUMBER,TYPE_ID,TERMINAL_ID,DELETE_FLAG,COLOR_ID_NUMBER_ID,AUTHORIZED_PAY_MASS) values ('B0000803','2400544', '测B04543', 4, 240544, 0, '2',15);

insert into T_SIMINFO (SIM_ID, ORG_CODE, DEPTCODE, STATE,PAY_MODLE, SIM_NUM) values(24545, 'B0000803', '中国移动', 1, '预付费', 13100004544);
insert into T_TERMINALINFO (TERMINAL_ID,TTYPE_ID,SIM_ID,TERMINAL_CODE,ORG_CODE,IS_VIDEO_TERMINAL,SP_SERVER_NAME,PROTOCOL_TYPE,CHANNELS,YT_PROTOCOL_TYPE) values(240545, 4, 24545, '1004544', 'B0000803',1,'1076测试服务器','4',8,'0');
insert into V_VEHICLEINFO (ORG_CODE,VEHICLE_ID,ID_NUMBER,TYPE_ID,TERMINAL_ID,DELETE_FLAG,COLOR_ID_NUMBER_ID,AUTHORIZED_PAY_MASS) values ('B0000803','2400545', '测B04544', 4, 240545, 0, '2',15);

insert into T_SIMINFO (SIM_ID, ORG_CODE, DEPTCODE, STATE,PAY_MODLE, SIM_NUM) values(24546, 'B0000803', '中国移动', 1, '预付费', 13100004545);
insert into T_TERMINALINFO (TERMINAL_ID,TTYPE_ID,SIM_ID,TERMINAL_CODE,ORG_CODE,IS_VIDEO_TERMINAL,SP_SERVER_NAME,PROTOCOL_TYPE,CHANNELS,YT_PROTOCOL_TYPE) values(240546, 4, 24546, '1004545', 'B0000803',1,'1076测试服务器','4',8,'0');
insert into V_VEHICLEINFO (ORG_CODE,VEHICLE_ID,ID_NUMBER,TYPE_ID,TERMINAL_ID,DELETE_FLAG,COLOR_ID_NUMBER_ID,AUTHORIZED_PAY_MASS) values ('B0000803','2400546', '测B04545', 4, 240546, 0, '2',15);

insert into T_SIMINFO (SIM_ID, ORG_CODE, DEPTCODE, STATE,PAY_MODLE, SIM_NUM) values(24547, 'B0000803', '中国移动', 1, '预付费', 13100004546);
insert into T_TERMINALINFO (TERMINAL_ID,TTYPE_ID,SIM_ID,TERMINAL_CODE,ORG_CODE,IS_VIDEO_TERMINAL,SP_SERVER_NAME,PROTOCOL_TYPE,CHANNELS,YT_PROTOCOL_TYPE) values(240547, 4, 24547, '1004546', 'B0000803',1,'1076测试服务器','4',8,'0');
insert into V_VEHICLEINFO (ORG_CODE,VEHICLE_ID,ID_NUMBER,TYPE_ID,TERMINAL_ID,DELETE_FLAG,COLOR_ID_NUMBER_ID,AUTHORIZED_PAY_MASS) values ('B0000803','2400547', '测B04546', 4, 240547, 0, '2',15);

insert into T_SIMINFO (SIM_ID, ORG_CODE, DEPTCODE, STATE,PAY_MODLE, SIM_NUM) values(24548, 'B0000803', '中国移动', 1, '预付费', 13100004547);
insert into T_TERMINALINFO (TERMINAL_ID,TTYPE_ID,SIM_ID,TERMINAL_CODE,ORG_CODE,IS_VIDEO_TERMINAL,SP_SERVER_NAME,PROTOCOL_TYPE,CHANNELS,YT_PROTOCOL_TYPE) values(240548, 4, 24548, '1004547', 'B0000803',1,'1076测试服务器','4',8,'0');
insert into V_VEHICLEINFO (ORG_CODE,VEHICLE_ID,ID_NUMBER,TYPE_ID,TERMINAL_ID,DELETE_FLAG,COLOR_ID_NUMBER_ID,AUTHORIZED_PAY_MASS) values ('B0000803','2400548', '测B04547', 4, 240548, 0, '2',15);

insert into T_SIMINFO (SIM_ID, ORG_CODE, DEPTCODE, STATE,PAY_MODLE, SIM_NUM) values(24549, 'B0000803', '中国移动', 1, '预付费', 13100004548);
insert into T_TERMINALINFO (TERMINAL_ID,TTYPE_ID,SIM_ID,TERMINAL_CODE,ORG_CODE,IS_VIDEO_TERMINAL,SP_SERVER_NAME,PROTOCOL_TYPE,CHANNELS,YT_PROTOCOL_TYPE) values(240549, 4, 24549, '1004548', 'B0000803',1,'1076测试服务器','4',8,'0');
insert into V_VEHICLEINFO (ORG_CODE,VEHICLE_ID,ID_NUMBER,TYPE_ID,TERMINAL_ID,DELETE_FLAG,COLOR_ID_NUMBER_ID,AUTHORIZED_PAY_MASS) values ('B0000803','2400549', '测B04548', 4, 240549, 0, '2',15);

insert into T_SIMINFO (SIM_ID, ORG_CODE, DEPTCODE, STATE,PAY_MODLE, SIM_NUM) values(24550, 'B0000803', '中国移动', 1, '预付费', 13100004549);
insert into T_TERMINALINFO (TERMINAL_ID,TTYPE_ID,SIM_ID,TERMINAL_CODE,ORG_CODE,IS_VIDEO_TERMINAL,SP_SERVER_NAME,PROTOCOL_TYPE,CHANNELS,YT_PROTOCOL_TYPE) values(240550, 4, 24550, '1004549', 'B0000803',1,'1076测试服务器','4',8,'0');
insert into V_VEHICLEINFO (ORG_CODE,VEHICLE_ID,ID_NUMBER,TYPE_ID,TERMINAL_ID,DELETE_FLAG,COLOR_ID_NUMBER_ID,AUTHORIZED_PAY_MASS) values ('B0000803','2400550', '测B04549', 4, 240550, 0, '2',15);

insert into T_SIMINFO (SIM_ID, ORG_CODE, DEPTCODE, STATE,PAY_MODLE, SIM_NUM) values(24551, 'B0000803', '中国移动', 1, '预付费', 13100004550);
insert into T_TERMINALINFO (TERMINAL_ID,TTYPE_ID,SIM_ID,TERMINAL_CODE,ORG_CODE,IS_VIDEO_TERMINAL,SP_SERVER_NAME,PROTOCOL_TYPE,CHANNELS,YT_PROTOCOL_TYPE) values(240551, 4, 24551, '1004550', 'B0000803',1,'1076测试服务器','4',8,'0');
insert into V_VEHICLEINFO (ORG_CODE,VEHICLE_ID,ID_NUMBER,TYPE_ID,TERMINAL_ID,DELETE_FLAG,COLOR_ID_NUMBER_ID,AUTHORIZED_PAY_MASS) values ('B0000803','2400551', '测B04550', 4, 240551, 0, '2',15);

insert into T_SIMINFO (SIM_ID, ORG_CODE, DEPTCODE, STATE,PAY_MODLE, SIM_NUM) values(24552, 'B0000803', '中国移动', 1, '预付费', 13100004551);
insert into T_TERMINALINFO (TERMINAL_ID,TTYPE_ID,SIM_ID,TERMINAL_CODE,ORG_CODE,IS_VIDEO_TERMINAL,SP_SERVER_NAME,PROTOCOL_TYPE,CHANNELS,YT_PROTOCOL_TYPE) values(240552, 4, 24552, '1004551', 'B0000803',1,'1076测试服务器','4',8,'0');
insert into V_VEHICLEINFO (ORG_CODE,VEHICLE_ID,ID_NUMBER,TYPE_ID,TERMINAL_ID,DELETE_FLAG,COLOR_ID_NUMBER_ID,AUTHORIZED_PAY_MASS) values ('B0000803','2400552', '测B04551', 4, 240552, 0, '2',15);

insert into T_SIMINFO (SIM_ID, ORG_CODE, DEPTCODE, STATE,PAY_MODLE, SIM_NUM) values(24553, 'B0000803', '中国移动', 1, '预付费', 13100004552);
insert into T_TERMINALINFO (TERMINAL_ID,TTYPE_ID,SIM_ID,TERMINAL_CODE,ORG_CODE,IS_VIDEO_TERMINAL,SP_SERVER_NAME,PROTOCOL_TYPE,CHANNELS,YT_PROTOCOL_TYPE) values(240553, 4, 24553, '1004552', 'B0000803',1,'1076测试服务器','4',8,'0');
insert into V_VEHICLEINFO (ORG_CODE,VEHICLE_ID,ID_NUMBER,TYPE_ID,TERMINAL_ID,DELETE_FLAG,COLOR_ID_NUMBER_ID,AUTHORIZED_PAY_MASS) values ('B0000803','2400553', '测B04552', 4, 240553, 0, '2',15);

insert into T_SIMINFO (SIM_ID, ORG_CODE, DEPTCODE, STATE,PAY_MODLE, SIM_NUM) values(24554, 'B0000803', '中国移动', 1, '预付费', 13100004553);
insert into T_TERMINALINFO (TERMINAL_ID,TTYPE_ID,SIM_ID,TERMINAL_CODE,ORG_CODE,IS_VIDEO_TERMINAL,SP_SERVER_NAME,PROTOCOL_TYPE,CHANNELS,YT_PROTOCOL_TYPE) values(240554, 4, 24554, '1004553', 'B0000803',1,'1076测试服务器','4',8,'0');
insert into V_VEHICLEINFO (ORG_CODE,VEHICLE_ID,ID_NUMBER,TYPE_ID,TERMINAL_ID,DELETE_FLAG,COLOR_ID_NUMBER_ID,AUTHORIZED_PAY_MASS) values ('B0000803','2400554', '测B04553', 4, 240554, 0, '2',15);

insert into T_SIMINFO (SIM_ID, ORG_CODE, DEPTCODE, STATE,PAY_MODLE, SIM_NUM) values(24555, 'B0000803', '中国移动', 1, '预付费', 13100004554);
insert into T_TERMINALINFO (TERMINAL_ID,TTYPE_ID,SIM_ID,TERMINAL_CODE,ORG_CODE,IS_VIDEO_TERMINAL,SP_SERVER_NAME,PROTOCOL_TYPE,CHANNELS,YT_PROTOCOL_TYPE) values(240555, 4, 24555, '1004554', 'B0000803',1,'1076测试服务器','4',8,'0');
insert into V_VEHICLEINFO (ORG_CODE,VEHICLE_ID,ID_NUMBER,TYPE_ID,TERMINAL_ID,DELETE_FLAG,COLOR_ID_NUMBER_ID,AUTHORIZED_PAY_MASS) values ('B0000803','2400555', '测B04554', 4, 240555, 0, '2',15);

insert into T_SIMINFO (SIM_ID, ORG_CODE, DEPTCODE, STATE,PAY_MODLE, SIM_NUM) values(24556, 'B0000803', '中国移动', 1, '预付费', 13100004555);
insert into T_TERMINALINFO (TERMINAL_ID,TTYPE_ID,SIM_ID,TERMINAL_CODE,ORG_CODE,IS_VIDEO_TERMINAL,SP_SERVER_NAME,PROTOCOL_TYPE,CHANNELS,YT_PROTOCOL_TYPE) values(240556, 4, 24556, '1004555', 'B0000803',1,'1076测试服务器','4',8,'0');
insert into V_VEHICLEINFO (ORG_CODE,VEHICLE_ID,ID_NUMBER,TYPE_ID,TERMINAL_ID,DELETE_FLAG,COLOR_ID_NUMBER_ID,AUTHORIZED_PAY_MASS) values ('B0000803','2400556', '测B04555', 4, 240556, 0, '2',15);

insert into T_SIMINFO (SIM_ID, ORG_CODE, DEPTCODE, STATE,PAY_MODLE, SIM_NUM) values(24557, 'B0000803', '中国移动', 1, '预付费', 13100004556);
insert into T_TERMINALINFO (TERMINAL_ID,TTYPE_ID,SIM_ID,TERMINAL_CODE,ORG_CODE,IS_VIDEO_TERMINAL,SP_SERVER_NAME,PROTOCOL_TYPE,CHANNELS,YT_PROTOCOL_TYPE) values(240557, 4, 24557, '1004556', 'B0000803',1,'1076测试服务器','4',8,'0');
insert into V_VEHICLEINFO (ORG_CODE,VEHICLE_ID,ID_NUMBER,TYPE_ID,TERMINAL_ID,DELETE_FLAG,COLOR_ID_NUMBER_ID,AUTHORIZED_PAY_MASS) values ('B0000803','2400557', '测B04556', 4, 240557, 0, '2',15);

insert into T_SIMINFO (SIM_ID, ORG_CODE, DEPTCODE, STATE,PAY_MODLE, SIM_NUM) values(24558, 'B0000803', '中国移动', 1, '预付费', 13100004557);
insert into T_TERMINALINFO (TERMINAL_ID,TTYPE_ID,SIM_ID,TERMINAL_CODE,ORG_CODE,IS_VIDEO_TERMINAL,SP_SERVER_NAME,PROTOCOL_TYPE,CHANNELS,YT_PROTOCOL_TYPE) values(240558, 4, 24558, '1004557', 'B0000803',1,'1076测试服务器','4',8,'0');
insert into V_VEHICLEINFO (ORG_CODE,VEHICLE_ID,ID_NUMBER,TYPE_ID,TERMINAL_ID,DELETE_FLAG,COLOR_ID_NUMBER_ID,AUTHORIZED_PAY_MASS) values ('B0000803','2400558', '测B04557', 4, 240558, 0, '2',15);

insert into T_SIMINFO (SIM_ID, ORG_CODE, DEPTCODE, STATE,PAY_MODLE, SIM_NUM) values(24559, 'B0000803', '中国移动', 1, '预付费', 13100004558);
insert into T_TERMINALINFO (TERMINAL_ID,TTYPE_ID,SIM_ID,TERMINAL_CODE,ORG_CODE,IS_VIDEO_TERMINAL,SP_SERVER_NAME,PROTOCOL_TYPE,CHANNELS,YT_PROTOCOL_TYPE) values(240559, 4, 24559, '1004558', 'B0000803',1,'1076测试服务器','4',8,'0');
insert into V_VEHICLEINFO (ORG_CODE,VEHICLE_ID,ID_NUMBER,TYPE_ID,TERMINAL_ID,DELETE_FLAG,COLOR_ID_NUMBER_ID,AUTHORIZED_PAY_MASS) values ('B0000803','2400559', '测B04558', 4, 240559, 0, '2',15);

insert into T_SIMINFO (SIM_ID, ORG_CODE, DEPTCODE, STATE,PAY_MODLE, SIM_NUM) values(24560, 'B0000803', '中国移动', 1, '预付费', 13100004559);
insert into T_TERMINALINFO (TERMINAL_ID,TTYPE_ID,SIM_ID,TERMINAL_CODE,ORG_CODE,IS_VIDEO_TERMINAL,SP_SERVER_NAME,PROTOCOL_TYPE,CHANNELS,YT_PROTOCOL_TYPE) values(240560, 4, 24560, '1004559', 'B0000803',1,'1076测试服务器','4',8,'0');
insert into V_VEHICLEINFO (ORG_CODE,VEHICLE_ID,ID_NUMBER,TYPE_ID,TERMINAL_ID,DELETE_FLAG,COLOR_ID_NUMBER_ID,AUTHORIZED_PAY_MASS) values ('B0000803','2400560', '测B04559', 4, 240560, 0, '2',15);

insert into T_SIMINFO (SIM_ID, ORG_CODE, DEPTCODE, STATE,PAY_MODLE, SIM_NUM) values(24561, 'B0000803', '中国移动', 1, '预付费', 13100004560);
insert into T_TERMINALINFO (TERMINAL_ID,TTYPE_ID,SIM_ID,TERMINAL_CODE,ORG_CODE,IS_VIDEO_TERMINAL,SP_SERVER_NAME,PROTOCOL_TYPE,CHANNELS,YT_PROTOCOL_TYPE) values(240561, 4, 24561, '1004560', 'B0000803',1,'1076测试服务器','4',8,'0');
insert into V_VEHICLEINFO (ORG_CODE,VEHICLE_ID,ID_NUMBER,TYPE_ID,TERMINAL_ID,DELETE_FLAG,COLOR_ID_NUMBER_ID,AUTHORIZED_PAY_MASS) values ('B0000803','2400561', '测B04560', 4, 240561, 0, '2',15);

insert into T_SIMINFO (SIM_ID, ORG_CODE, DEPTCODE, STATE,PAY_MODLE, SIM_NUM) values(24562, 'B0000803', '中国移动', 1, '预付费', 13100004561);
insert into T_TERMINALINFO (TERMINAL_ID,TTYPE_ID,SIM_ID,TERMINAL_CODE,ORG_CODE,IS_VIDEO_TERMINAL,SP_SERVER_NAME,PROTOCOL_TYPE,CHANNELS,YT_PROTOCOL_TYPE) values(240562, 4, 24562, '1004561', 'B0000803',1,'1076测试服务器','4',8,'0');
insert into V_VEHICLEINFO (ORG_CODE,VEHICLE_ID,ID_NUMBER,TYPE_ID,TERMINAL_ID,DELETE_FLAG,COLOR_ID_NUMBER_ID,AUTHORIZED_PAY_MASS) values ('B0000803','2400562', '测B04561', 4, 240562, 0, '2',15);

insert into T_SIMINFO (SIM_ID, ORG_CODE, DEPTCODE, STATE,PAY_MODLE, SIM_NUM) values(24563, 'B0000803', '中国移动', 1, '预付费', 13100004562);
insert into T_TERMINALINFO (TERMINAL_ID,TTYPE_ID,SIM_ID,TERMINAL_CODE,ORG_CODE,IS_VIDEO_TERMINAL,SP_SERVER_NAME,PROTOCOL_TYPE,CHANNELS,YT_PROTOCOL_TYPE) values(240563, 4, 24563, '1004562', 'B0000803',1,'1076测试服务器','4',8,'0');
insert into V_VEHICLEINFO (ORG_CODE,VEHICLE_ID,ID_NUMBER,TYPE_ID,TERMINAL_ID,DELETE_FLAG,COLOR_ID_NUMBER_ID,AUTHORIZED_PAY_MASS) values ('B0000803','2400563', '测B04562', 4, 240563, 0, '2',15);

insert into T_SIMINFO (SIM_ID, ORG_CODE, DEPTCODE, STATE,PAY_MODLE, SIM_NUM) values(24564, 'B0000803', '中国移动', 1, '预付费', 13100004563);
insert into T_TERMINALINFO (TERMINAL_ID,TTYPE_ID,SIM_ID,TERMINAL_CODE,ORG_CODE,IS_VIDEO_TERMINAL,SP_SERVER_NAME,PROTOCOL_TYPE,CHANNELS,YT_PROTOCOL_TYPE) values(240564, 4, 24564, '1004563', 'B0000803',1,'1076测试服务器','4',8,'0');
insert into V_VEHICLEINFO (ORG_CODE,VEHICLE_ID,ID_NUMBER,TYPE_ID,TERMINAL_ID,DELETE_FLAG,COLOR_ID_NUMBER_ID,AUTHORIZED_PAY_MASS) values ('B0000803','2400564', '测B04563', 4, 240564, 0, '2',15);

insert into T_SIMINFO (SIM_ID, ORG_CODE, DEPTCODE, STATE,PAY_MODLE, SIM_NUM) values(24565, 'B0000803', '中国移动', 1, '预付费', 13100004564);
insert into T_TERMINALINFO (TERMINAL_ID,TTYPE_ID,SIM_ID,TERMINAL_CODE,ORG_CODE,IS_VIDEO_TERMINAL,SP_SERVER_NAME,PROTOCOL_TYPE,CHANNELS,YT_PROTOCOL_TYPE) values(240565, 4, 24565, '1004564', 'B0000803',1,'1076测试服务器','4',8,'0');
insert into V_VEHICLEINFO (ORG_CODE,VEHICLE_ID,ID_NUMBER,TYPE_ID,TERMINAL_ID,DELETE_FLAG,COLOR_ID_NUMBER_ID,AUTHORIZED_PAY_MASS) values ('B0000803','2400565', '测B04564', 4, 240565, 0, '2',15);

insert into T_SIMINFO (SIM_ID, ORG_CODE, DEPTCODE, STATE,PAY_MODLE, SIM_NUM) values(24566, 'B0000803', '中国移动', 1, '预付费', 13100004565);
insert into T_TERMINALINFO (TERMINAL_ID,TTYPE_ID,SIM_ID,TERMINAL_CODE,ORG_CODE,IS_VIDEO_TERMINAL,SP_SERVER_NAME,PROTOCOL_TYPE,CHANNELS,YT_PROTOCOL_TYPE) values(240566, 4, 24566, '1004565', 'B0000803',1,'1076测试服务器','4',8,'0');
insert into V_VEHICLEINFO (ORG_CODE,VEHICLE_ID,ID_NUMBER,TYPE_ID,TERMINAL_ID,DELETE_FLAG,COLOR_ID_NUMBER_ID,AUTHORIZED_PAY_MASS) values ('B0000803','2400566', '测B04565', 4, 240566, 0, '2',15);

insert into T_SIMINFO (SIM_ID, ORG_CODE, DEPTCODE, STATE,PAY_MODLE, SIM_NUM) values(24567, 'B0000803', '中国移动', 1, '预付费', 13100004566);
insert into T_TERMINALINFO (TERMINAL_ID,TTYPE_ID,SIM_ID,TERMINAL_CODE,ORG_CODE,IS_VIDEO_TERMINAL,SP_SERVER_NAME,PROTOCOL_TYPE,CHANNELS,YT_PROTOCOL_TYPE) values(240567, 4, 24567, '1004566', 'B0000803',1,'1076测试服务器','4',8,'0');
insert into V_VEHICLEINFO (ORG_CODE,VEHICLE_ID,ID_NUMBER,TYPE_ID,TERMINAL_ID,DELETE_FLAG,COLOR_ID_NUMBER_ID,AUTHORIZED_PAY_MASS) values ('B0000803','2400567', '测B04566', 4, 240567, 0, '2',15);

insert into T_SIMINFO (SIM_ID, ORG_CODE, DEPTCODE, STATE,PAY_MODLE, SIM_NUM) values(24568, 'B0000803', '中国移动', 1, '预付费', 13100004567);
insert into T_TERMINALINFO (TERMINAL_ID,TTYPE_ID,SIM_ID,TERMINAL_CODE,ORG_CODE,IS_VIDEO_TERMINAL,SP_SERVER_NAME,PROTOCOL_TYPE,CHANNELS,YT_PROTOCOL_TYPE) values(240568, 4, 24568, '1004567', 'B0000803',1,'1076测试服务器','4',8,'0');
insert into V_VEHICLEINFO (ORG_CODE,VEHICLE_ID,ID_NUMBER,TYPE_ID,TERMINAL_ID,DELETE_FLAG,COLOR_ID_NUMBER_ID,AUTHORIZED_PAY_MASS) values ('B0000803','2400568', '测B04567', 4, 240568, 0, '2',15);

insert into T_SIMINFO (SIM_ID, ORG_CODE, DEPTCODE, STATE,PAY_MODLE, SIM_NUM) values(24569, 'B0000803', '中国移动', 1, '预付费', 13100004568);
insert into T_TERMINALINFO (TERMINAL_ID,TTYPE_ID,SIM_ID,TERMINAL_CODE,ORG_CODE,IS_VIDEO_TERMINAL,SP_SERVER_NAME,PROTOCOL_TYPE,CHANNELS,YT_PROTOCOL_TYPE) values(240569, 4, 24569, '1004568', 'B0000803',1,'1076测试服务器','4',8,'0');
insert into V_VEHICLEINFO (ORG_CODE,VEHICLE_ID,ID_NUMBER,TYPE_ID,TERMINAL_ID,DELETE_FLAG,COLOR_ID_NUMBER_ID,AUTHORIZED_PAY_MASS) values ('B0000803','2400569', '测B04568', 4, 240569, 0, '2',15);

insert into T_SIMINFO (SIM_ID, ORG_CODE, DEPTCODE, STATE,PAY_MODLE, SIM_NUM) values(24570, 'B0000803', '中国移动', 1, '预付费', 13100004569);
insert into T_TERMINALINFO (TERMINAL_ID,TTYPE_ID,SIM_ID,TERMINAL_CODE,ORG_CODE,IS_VIDEO_TERMINAL,SP_SERVER_NAME,PROTOCOL_TYPE,CHANNELS,YT_PROTOCOL_TYPE) values(240570, 4, 24570, '1004569', 'B0000803',1,'1076测试服务器','4',8,'0');
insert into V_VEHICLEINFO (ORG_CODE,VEHICLE_ID,ID_NUMBER,TYPE_ID,TERMINAL_ID,DELETE_FLAG,COLOR_ID_NUMBER_ID,AUTHORIZED_PAY_MASS) values ('B0000803','2400570', '测B04569', 4, 240570, 0, '2',15);

insert into T_SIMINFO (SIM_ID, ORG_CODE, DEPTCODE, STATE,PAY_MODLE, SIM_NUM) values(24571, 'B0000803', '中国移动', 1, '预付费', 13100004570);
insert into T_TERMINALINFO (TERMINAL_ID,TTYPE_ID,SIM_ID,TERMINAL_CODE,ORG_CODE,IS_VIDEO_TERMINAL,SP_SERVER_NAME,PROTOCOL_TYPE,CHANNELS,YT_PROTOCOL_TYPE) values(240571, 4, 24571, '1004570', 'B0000803',1,'1076测试服务器','4',8,'0');
insert into V_VEHICLEINFO (ORG_CODE,VEHICLE_ID,ID_NUMBER,TYPE_ID,TERMINAL_ID,DELETE_FLAG,COLOR_ID_NUMBER_ID,AUTHORIZED_PAY_MASS) values ('B0000803','2400571', '测B04570', 4, 240571, 0, '2',15);

insert into T_SIMINFO (SIM_ID, ORG_CODE, DEPTCODE, STATE,PAY_MODLE, SIM_NUM) values(24572, 'B0000803', '中国移动', 1, '预付费', 13100004571);
insert into T_TERMINALINFO (TERMINAL_ID,TTYPE_ID,SIM_ID,TERMINAL_CODE,ORG_CODE,IS_VIDEO_TERMINAL,SP_SERVER_NAME,PROTOCOL_TYPE,CHANNELS,YT_PROTOCOL_TYPE) values(240572, 4, 24572, '1004571', 'B0000803',1,'1076测试服务器','4',8,'0');
insert into V_VEHICLEINFO (ORG_CODE,VEHICLE_ID,ID_NUMBER,TYPE_ID,TERMINAL_ID,DELETE_FLAG,COLOR_ID_NUMBER_ID,AUTHORIZED_PAY_MASS) values ('B0000803','2400572', '测B04571', 4, 240572, 0, '2',15);

insert into T_SIMINFO (SIM_ID, ORG_CODE, DEPTCODE, STATE,PAY_MODLE, SIM_NUM) values(24573, 'B0000803', '中国移动', 1, '预付费', 13100004572);
insert into T_TERMINALINFO (TERMINAL_ID,TTYPE_ID,SIM_ID,TERMINAL_CODE,ORG_CODE,IS_VIDEO_TERMINAL,SP_SERVER_NAME,PROTOCOL_TYPE,CHANNELS,YT_PROTOCOL_TYPE) values(240573, 4, 24573, '1004572', 'B0000803',1,'1076测试服务器','4',8,'0');
insert into V_VEHICLEINFO (ORG_CODE,VEHICLE_ID,ID_NUMBER,TYPE_ID,TERMINAL_ID,DELETE_FLAG,COLOR_ID_NUMBER_ID,AUTHORIZED_PAY_MASS) values ('B0000803','2400573', '测B04572', 4, 240573, 0, '2',15);

insert into T_SIMINFO (SIM_ID, ORG_CODE, DEPTCODE, STATE,PAY_MODLE, SIM_NUM) values(24574, 'B0000803', '中国移动', 1, '预付费', 13100004573);
insert into T_TERMINALINFO (TERMINAL_ID,TTYPE_ID,SIM_ID,TERMINAL_CODE,ORG_CODE,IS_VIDEO_TERMINAL,SP_SERVER_NAME,PROTOCOL_TYPE,CHANNELS,YT_PROTOCOL_TYPE) values(240574, 4, 24574, '1004573', 'B0000803',1,'1076测试服务器','4',8,'0');
insert into V_VEHICLEINFO (ORG_CODE,VEHICLE_ID,ID_NUMBER,TYPE_ID,TERMINAL_ID,DELETE_FLAG,COLOR_ID_NUMBER_ID,AUTHORIZED_PAY_MASS) values ('B0000803','2400574', '测B04573', 4, 240574, 0, '2',15);

insert into T_SIMINFO (SIM_ID, ORG_CODE, DEPTCODE, STATE,PAY_MODLE, SIM_NUM) values(24575, 'B0000803', '中国移动', 1, '预付费', 13100004574);
insert into T_TERMINALINFO (TERMINAL_ID,TTYPE_ID,SIM_ID,TERMINAL_CODE,ORG_CODE,IS_VIDEO_TERMINAL,SP_SERVER_NAME,PROTOCOL_TYPE,CHANNELS,YT_PROTOCOL_TYPE) values(240575, 4, 24575, '1004574', 'B0000803',1,'1076测试服务器','4',8,'0');
insert into V_VEHICLEINFO (ORG_CODE,VEHICLE_ID,ID_NUMBER,TYPE_ID,TERMINAL_ID,DELETE_FLAG,COLOR_ID_NUMBER_ID,AUTHORIZED_PAY_MASS) values ('B0000803','2400575', '测B04574', 4, 240575, 0, '2',15);

insert into T_SIMINFO (SIM_ID, ORG_CODE, DEPTCODE, STATE,PAY_MODLE, SIM_NUM) values(24576, 'B0000803', '中国移动', 1, '预付费', 13100004575);
insert into T_TERMINALINFO (TERMINAL_ID,TTYPE_ID,SIM_ID,TERMINAL_CODE,ORG_CODE,IS_VIDEO_TERMINAL,SP_SERVER_NAME,PROTOCOL_TYPE,CHANNELS,YT_PROTOCOL_TYPE) values(240576, 4, 24576, '1004575', 'B0000803',1,'1076测试服务器','4',8,'0');
insert into V_VEHICLEINFO (ORG_CODE,VEHICLE_ID,ID_NUMBER,TYPE_ID,TERMINAL_ID,DELETE_FLAG,COLOR_ID_NUMBER_ID,AUTHORIZED_PAY_MASS) values ('B0000803','2400576', '测B04575', 4, 240576, 0, '2',15);

insert into T_SIMINFO (SIM_ID, ORG_CODE, DEPTCODE, STATE,PAY_MODLE, SIM_NUM) values(24577, 'B0000803', '中国移动', 1, '预付费', 13100004576);
insert into T_TERMINALINFO (TERMINAL_ID,TTYPE_ID,SIM_ID,TERMINAL_CODE,ORG_CODE,IS_VIDEO_TERMINAL,SP_SERVER_NAME,PROTOCOL_TYPE,CHANNELS,YT_PROTOCOL_TYPE) values(240577, 4, 24577, '1004576', 'B0000803',1,'1076测试服务器','4',8,'0');
insert into V_VEHICLEINFO (ORG_CODE,VEHICLE_ID,ID_NUMBER,TYPE_ID,TERMINAL_ID,DELETE_FLAG,COLOR_ID_NUMBER_ID,AUTHORIZED_PAY_MASS) values ('B0000803','2400577', '测B04576', 4, 240577, 0, '2',15);

insert into T_SIMINFO (SIM_ID, ORG_CODE, DEPTCODE, STATE,PAY_MODLE, SIM_NUM) values(24578, 'B0000803', '中国移动', 1, '预付费', 13100004577);
insert into T_TERMINALINFO (TERMINAL_ID,TTYPE_ID,SIM_ID,TERMINAL_CODE,ORG_CODE,IS_VIDEO_TERMINAL,SP_SERVER_NAME,PROTOCOL_TYPE,CHANNELS,YT_PROTOCOL_TYPE) values(240578, 4, 24578, '1004577', 'B0000803',1,'1076测试服务器','4',8,'0');
insert into V_VEHICLEINFO (ORG_CODE,VEHICLE_ID,ID_NUMBER,TYPE_ID,TERMINAL_ID,DELETE_FLAG,COLOR_ID_NUMBER_ID,AUTHORIZED_PAY_MASS) values ('B0000803','2400578', '测B04577', 4, 240578, 0, '2',15);

insert into T_SIMINFO (SIM_ID, ORG_CODE, DEPTCODE, STATE,PAY_MODLE, SIM_NUM) values(24579, 'B0000803', '中国移动', 1, '预付费', 13100004578);
insert into T_TERMINALINFO (TERMINAL_ID,TTYPE_ID,SIM_ID,TERMINAL_CODE,ORG_CODE,IS_VIDEO_TERMINAL,SP_SERVER_NAME,PROTOCOL_TYPE,CHANNELS,YT_PROTOCOL_TYPE) values(240579, 4, 24579, '1004578', 'B0000803',1,'1076测试服务器','4',8,'0');
insert into V_VEHICLEINFO (ORG_CODE,VEHICLE_ID,ID_NUMBER,TYPE_ID,TERMINAL_ID,DELETE_FLAG,COLOR_ID_NUMBER_ID,AUTHORIZED_PAY_MASS) values ('B0000803','2400579', '测B04578', 4, 240579, 0, '2',15);

insert into T_SIMINFO (SIM_ID, ORG_CODE, DEPTCODE, STATE,PAY_MODLE, SIM_NUM) values(24580, 'B0000803', '中国移动', 1, '预付费', 13100004579);
insert into T_TERMINALINFO (TERMINAL_ID,TTYPE_ID,SIM_ID,TERMINAL_CODE,ORG_CODE,IS_VIDEO_TERMINAL,SP_SERVER_NAME,PROTOCOL_TYPE,CHANNELS,YT_PROTOCOL_TYPE) values(240580, 4, 24580, '1004579', 'B0000803',1,'1076测试服务器','4',8,'0');
insert into V_VEHICLEINFO (ORG_CODE,VEHICLE_ID,ID_NUMBER,TYPE_ID,TERMINAL_ID,DELETE_FLAG,COLOR_ID_NUMBER_ID,AUTHORIZED_PAY_MASS) values ('B0000803','2400580', '测B04579', 4, 240580, 0, '2',15);

insert into T_SIMINFO (SIM_ID, ORG_CODE, DEPTCODE, STATE,PAY_MODLE, SIM_NUM) values(24581, 'B0000803', '中国移动', 1, '预付费', 13100004580);
insert into T_TERMINALINFO (TERMINAL_ID,TTYPE_ID,SIM_ID,TERMINAL_CODE,ORG_CODE,IS_VIDEO_TERMINAL,SP_SERVER_NAME,PROTOCOL_TYPE,CHANNELS,YT_PROTOCOL_TYPE) values(240581, 4, 24581, '1004580', 'B0000803',1,'1076测试服务器','4',8,'0');
insert into V_VEHICLEINFO (ORG_CODE,VEHICLE_ID,ID_NUMBER,TYPE_ID,TERMINAL_ID,DELETE_FLAG,COLOR_ID_NUMBER_ID,AUTHORIZED_PAY_MASS) values ('B0000803','2400581', '测B04580', 4, 240581, 0, '2',15);

insert into T_SIMINFO (SIM_ID, ORG_CODE, DEPTCODE, STATE,PAY_MODLE, SIM_NUM) values(24582, 'B0000803', '中国移动', 1, '预付费', 13100004581);
insert into T_TERMINALINFO (TERMINAL_ID,TTYPE_ID,SIM_ID,TERMINAL_CODE,ORG_CODE,IS_VIDEO_TERMINAL,SP_SERVER_NAME,PROTOCOL_TYPE,CHANNELS,YT_PROTOCOL_TYPE) values(240582, 4, 24582, '1004581', 'B0000803',1,'1076测试服务器','4',8,'0');
insert into V_VEHICLEINFO (ORG_CODE,VEHICLE_ID,ID_NUMBER,TYPE_ID,TERMINAL_ID,DELETE_FLAG,COLOR_ID_NUMBER_ID,AUTHORIZED_PAY_MASS) values ('B0000803','2400582', '测B04581', 4, 240582, 0, '2',15);

insert into T_SIMINFO (SIM_ID, ORG_CODE, DEPTCODE, STATE,PAY_MODLE, SIM_NUM) values(24583, 'B0000803', '中国移动', 1, '预付费', 13100004582);
insert into T_TERMINALINFO (TERMINAL_ID,TTYPE_ID,SIM_ID,TERMINAL_CODE,ORG_CODE,IS_VIDEO_TERMINAL,SP_SERVER_NAME,PROTOCOL_TYPE,CHANNELS,YT_PROTOCOL_TYPE) values(240583, 4, 24583, '1004582', 'B0000803',1,'1076测试服务器','4',8,'0');
insert into V_VEHICLEINFO (ORG_CODE,VEHICLE_ID,ID_NUMBER,TYPE_ID,TERMINAL_ID,DELETE_FLAG,COLOR_ID_NUMBER_ID,AUTHORIZED_PAY_MASS) values ('B0000803','2400583', '测B04582', 4, 240583, 0, '2',15);

insert into T_SIMINFO (SIM_ID, ORG_CODE, DEPTCODE, STATE,PAY_MODLE, SIM_NUM) values(24584, 'B0000803', '中国移动', 1, '预付费', 13100004583);
insert into T_TERMINALINFO (TERMINAL_ID,TTYPE_ID,SIM_ID,TERMINAL_CODE,ORG_CODE,IS_VIDEO_TERMINAL,SP_SERVER_NAME,PROTOCOL_TYPE,CHANNELS,YT_PROTOCOL_TYPE) values(240584, 4, 24584, '1004583', 'B0000803',1,'1076测试服务器','4',8,'0');
insert into V_VEHICLEINFO (ORG_CODE,VEHICLE_ID,ID_NUMBER,TYPE_ID,TERMINAL_ID,DELETE_FLAG,COLOR_ID_NUMBER_ID,AUTHORIZED_PAY_MASS) values ('B0000803','2400584', '测B04583', 4, 240584, 0, '2',15);

insert into T_SIMINFO (SIM_ID, ORG_CODE, DEPTCODE, STATE,PAY_MODLE, SIM_NUM) values(24585, 'B0000803', '中国移动', 1, '预付费', 13100004584);
insert into T_TERMINALINFO (TERMINAL_ID,TTYPE_ID,SIM_ID,TERMINAL_CODE,ORG_CODE,IS_VIDEO_TERMINAL,SP_SERVER_NAME,PROTOCOL_TYPE,CHANNELS,YT_PROTOCOL_TYPE) values(240585, 4, 24585, '1004584', 'B0000803',1,'1076测试服务器','4',8,'0');
insert into V_VEHICLEINFO (ORG_CODE,VEHICLE_ID,ID_NUMBER,TYPE_ID,TERMINAL_ID,DELETE_FLAG,COLOR_ID_NUMBER_ID,AUTHORIZED_PAY_MASS) values ('B0000803','2400585', '测B04584', 4, 240585, 0, '2',15);

insert into T_SIMINFO (SIM_ID, ORG_CODE, DEPTCODE, STATE,PAY_MODLE, SIM_NUM) values(24586, 'B0000803', '中国移动', 1, '预付费', 13100004585);
insert into T_TERMINALINFO (TERMINAL_ID,TTYPE_ID,SIM_ID,TERMINAL_CODE,ORG_CODE,IS_VIDEO_TERMINAL,SP_SERVER_NAME,PROTOCOL_TYPE,CHANNELS,YT_PROTOCOL_TYPE) values(240586, 4, 24586, '1004585', 'B0000803',1,'1076测试服务器','4',8,'0');
insert into V_VEHICLEINFO (ORG_CODE,VEHICLE_ID,ID_NUMBER,TYPE_ID,TERMINAL_ID,DELETE_FLAG,COLOR_ID_NUMBER_ID,AUTHORIZED_PAY_MASS) values ('B0000803','2400586', '测B04585', 4, 240586, 0, '2',15);

insert into T_SIMINFO (SIM_ID, ORG_CODE, DEPTCODE, STATE,PAY_MODLE, SIM_NUM) values(24587, 'B0000803', '中国移动', 1, '预付费', 13100004586);
insert into T_TERMINALINFO (TERMINAL_ID,TTYPE_ID,SIM_ID,TERMINAL_CODE,ORG_CODE,IS_VIDEO_TERMINAL,SP_SERVER_NAME,PROTOCOL_TYPE,CHANNELS,YT_PROTOCOL_TYPE) values(240587, 4, 24587, '1004586', 'B0000803',1,'1076测试服务器','4',8,'0');
insert into V_VEHICLEINFO (ORG_CODE,VEHICLE_ID,ID_NUMBER,TYPE_ID,TERMINAL_ID,DELETE_FLAG,COLOR_ID_NUMBER_ID,AUTHORIZED_PAY_MASS) values ('B0000803','2400587', '测B04586', 4, 240587, 0, '2',15);

insert into T_SIMINFO (SIM_ID, ORG_CODE, DEPTCODE, STATE,PAY_MODLE, SIM_NUM) values(24588, 'B0000803', '中国移动', 1, '预付费', 13100004587);
insert into T_TERMINALINFO (TERMINAL_ID,TTYPE_ID,SIM_ID,TERMINAL_CODE,ORG_CODE,IS_VIDEO_TERMINAL,SP_SERVER_NAME,PROTOCOL_TYPE,CHANNELS,YT_PROTOCOL_TYPE) values(240588, 4, 24588, '1004587', 'B0000803',1,'1076测试服务器','4',8,'0');
insert into V_VEHICLEINFO (ORG_CODE,VEHICLE_ID,ID_NUMBER,TYPE_ID,TERMINAL_ID,DELETE_FLAG,COLOR_ID_NUMBER_ID,AUTHORIZED_PAY_MASS) values ('B0000803','2400588', '测B04587', 4, 240588, 0, '2',15);

insert into T_SIMINFO (SIM_ID, ORG_CODE, DEPTCODE, STATE,PAY_MODLE, SIM_NUM) values(24589, 'B0000803', '中国移动', 1, '预付费', 13100004588);
insert into T_TERMINALINFO (TERMINAL_ID,TTYPE_ID,SIM_ID,TERMINAL_CODE,ORG_CODE,IS_VIDEO_TERMINAL,SP_SERVER_NAME,PROTOCOL_TYPE,CHANNELS,YT_PROTOCOL_TYPE) values(240589, 4, 24589, '1004588', 'B0000803',1,'1076测试服务器','4',8,'0');
insert into V_VEHICLEINFO (ORG_CODE,VEHICLE_ID,ID_NUMBER,TYPE_ID,TERMINAL_ID,DELETE_FLAG,COLOR_ID_NUMBER_ID,AUTHORIZED_PAY_MASS) values ('B0000803','2400589', '测B04588', 4, 240589, 0, '2',15);

insert into T_SIMINFO (SIM_ID, ORG_CODE, DEPTCODE, STATE,PAY_MODLE, SIM_NUM) values(24590, 'B0000803', '中国移动', 1, '预付费', 13100004589);
insert into T_TERMINALINFO (TERMINAL_ID,TTYPE_ID,SIM_ID,TERMINAL_CODE,ORG_CODE,IS_VIDEO_TERMINAL,SP_SERVER_NAME,PROTOCOL_TYPE,CHANNELS,YT_PROTOCOL_TYPE) values(240590, 4, 24590, '1004589', 'B0000803',1,'1076测试服务器','4',8,'0');
insert into V_VEHICLEINFO (ORG_CODE,VEHICLE_ID,ID_NUMBER,TYPE_ID,TERMINAL_ID,DELETE_FLAG,COLOR_ID_NUMBER_ID,AUTHORIZED_PAY_MASS) values ('B0000803','2400590', '测B04589', 4, 240590, 0, '2',15);

insert into T_SIMINFO (SIM_ID, ORG_CODE, DEPTCODE, STATE,PAY_MODLE, SIM_NUM) values(24591, 'B0000803', '中国移动', 1, '预付费', 13100004590);
insert into T_TERMINALINFO (TERMINAL_ID,TTYPE_ID,SIM_ID,TERMINAL_CODE,ORG_CODE,IS_VIDEO_TERMINAL,SP_SERVER_NAME,PROTOCOL_TYPE,CHANNELS,YT_PROTOCOL_TYPE) values(240591, 4, 24591, '1004590', 'B0000803',1,'1076测试服务器','4',8,'0');
insert into V_VEHICLEINFO (ORG_CODE,VEHICLE_ID,ID_NUMBER,TYPE_ID,TERMINAL_ID,DELETE_FLAG,COLOR_ID_NUMBER_ID,AUTHORIZED_PAY_MASS) values ('B0000803','2400591', '测B04590', 4, 240591, 0, '2',15);

insert into T_SIMINFO (SIM_ID, ORG_CODE, DEPTCODE, STATE,PAY_MODLE, SIM_NUM) values(24592, 'B0000803', '中国移动', 1, '预付费', 13100004591);
insert into T_TERMINALINFO (TERMINAL_ID,TTYPE_ID,SIM_ID,TERMINAL_CODE,ORG_CODE,IS_VIDEO_TERMINAL,SP_SERVER_NAME,PROTOCOL_TYPE,CHANNELS,YT_PROTOCOL_TYPE) values(240592, 4, 24592, '1004591', 'B0000803',1,'1076测试服务器','4',8,'0');
insert into V_VEHICLEINFO (ORG_CODE,VEHICLE_ID,ID_NUMBER,TYPE_ID,TERMINAL_ID,DELETE_FLAG,COLOR_ID_NUMBER_ID,AUTHORIZED_PAY_MASS) values ('B0000803','2400592', '测B04591', 4, 240592, 0, '2',15);

insert into T_SIMINFO (SIM_ID, ORG_CODE, DEPTCODE, STATE,PAY_MODLE, SIM_NUM) values(24593, 'B0000803', '中国移动', 1, '预付费', 13100004592);
insert into T_TERMINALINFO (TERMINAL_ID,TTYPE_ID,SIM_ID,TERMINAL_CODE,ORG_CODE,IS_VIDEO_TERMINAL,SP_SERVER_NAME,PROTOCOL_TYPE,CHANNELS,YT_PROTOCOL_TYPE) values(240593, 4, 24593, '1004592', 'B0000803',1,'1076测试服务器','4',8,'0');
insert into V_VEHICLEINFO (ORG_CODE,VEHICLE_ID,ID_NUMBER,TYPE_ID,TERMINAL_ID,DELETE_FLAG,COLOR_ID_NUMBER_ID,AUTHORIZED_PAY_MASS) values ('B0000803','2400593', '测B04592', 4, 240593, 0, '2',15);

insert into T_SIMINFO (SIM_ID, ORG_CODE, DEPTCODE, STATE,PAY_MODLE, SIM_NUM) values(24594, 'B0000803', '中国移动', 1, '预付费', 13100004593);
insert into T_TERMINALINFO (TERMINAL_ID,TTYPE_ID,SIM_ID,TERMINAL_CODE,ORG_CODE,IS_VIDEO_TERMINAL,SP_SERVER_NAME,PROTOCOL_TYPE,CHANNELS,YT_PROTOCOL_TYPE) values(240594, 4, 24594, '1004593', 'B0000803',1,'1076测试服务器','4',8,'0');
insert into V_VEHICLEINFO (ORG_CODE,VEHICLE_ID,ID_NUMBER,TYPE_ID,TERMINAL_ID,DELETE_FLAG,COLOR_ID_NUMBER_ID,AUTHORIZED_PAY_MASS) values ('B0000803','2400594', '测B04593', 4, 240594, 0, '2',15);

insert into T_SIMINFO (SIM_ID, ORG_CODE, DEPTCODE, STATE,PAY_MODLE, SIM_NUM) values(24595, 'B0000803', '中国移动', 1, '预付费', 13100004594);
insert into T_TERMINALINFO (TERMINAL_ID,TTYPE_ID,SIM_ID,TERMINAL_CODE,ORG_CODE,IS_VIDEO_TERMINAL,SP_SERVER_NAME,PROTOCOL_TYPE,CHANNELS,YT_PROTOCOL_TYPE) values(240595, 4, 24595, '1004594', 'B0000803',1,'1076测试服务器','4',8,'0');
insert into V_VEHICLEINFO (ORG_CODE,VEHICLE_ID,ID_NUMBER,TYPE_ID,TERMINAL_ID,DELETE_FLAG,COLOR_ID_NUMBER_ID,AUTHORIZED_PAY_MASS) values ('B0000803','2400595', '测B04594', 4, 240595, 0, '2',15);

insert into T_SIMINFO (SIM_ID, ORG_CODE, DEPTCODE, STATE,PAY_MODLE, SIM_NUM) values(24596, 'B0000803', '中国移动', 1, '预付费', 13100004595);
insert into T_TERMINALINFO (TERMINAL_ID,TTYPE_ID,SIM_ID,TERMINAL_CODE,ORG_CODE,IS_VIDEO_TERMINAL,SP_SERVER_NAME,PROTOCOL_TYPE,CHANNELS,YT_PROTOCOL_TYPE) values(240596, 4, 24596, '1004595', 'B0000803',1,'1076测试服务器','4',8,'0');
insert into V_VEHICLEINFO (ORG_CODE,VEHICLE_ID,ID_NUMBER,TYPE_ID,TERMINAL_ID,DELETE_FLAG,COLOR_ID_NUMBER_ID,AUTHORIZED_PAY_MASS) values ('B0000803','2400596', '测B04595', 4, 240596, 0, '2',15);

insert into T_SIMINFO (SIM_ID, ORG_CODE, DEPTCODE, STATE,PAY_MODLE, SIM_NUM) values(24597, 'B0000803', '中国移动', 1, '预付费', 13100004596);
insert into T_TERMINALINFO (TERMINAL_ID,TTYPE_ID,SIM_ID,TERMINAL_CODE,ORG_CODE,IS_VIDEO_TERMINAL,SP_SERVER_NAME,PROTOCOL_TYPE,CHANNELS,YT_PROTOCOL_TYPE) values(240597, 4, 24597, '1004596', 'B0000803',1,'1076测试服务器','4',8,'0');
insert into V_VEHICLEINFO (ORG_CODE,VEHICLE_ID,ID_NUMBER,TYPE_ID,TERMINAL_ID,DELETE_FLAG,COLOR_ID_NUMBER_ID,AUTHORIZED_PAY_MASS) values ('B0000803','2400597', '测B04596', 4, 240597, 0, '2',15);

insert into T_SIMINFO (SIM_ID, ORG_CODE, DEPTCODE, STATE,PAY_MODLE, SIM_NUM) values(24598, 'B0000803', '中国移动', 1, '预付费', 13100004597);
insert into T_TERMINALINFO (TERMINAL_ID,TTYPE_ID,SIM_ID,TERMINAL_CODE,ORG_CODE,IS_VIDEO_TERMINAL,SP_SERVER_NAME,PROTOCOL_TYPE,CHANNELS,YT_PROTOCOL_TYPE) values(240598, 4, 24598, '1004597', 'B0000803',1,'1076测试服务器','4',8,'0');
insert into V_VEHICLEINFO (ORG_CODE,VEHICLE_ID,ID_NUMBER,TYPE_ID,TERMINAL_ID,DELETE_FLAG,COLOR_ID_NUMBER_ID,AUTHORIZED_PAY_MASS) values ('B0000803','2400598', '测B04597', 4, 240598, 0, '2',15);

insert into T_SIMINFO (SIM_ID, ORG_CODE, DEPTCODE, STATE,PAY_MODLE, SIM_NUM) values(24599, 'B0000803', '中国移动', 1, '预付费', 13100004598);
insert into T_TERMINALINFO (TERMINAL_ID,TTYPE_ID,SIM_ID,TERMINAL_CODE,ORG_CODE,IS_VIDEO_TERMINAL,SP_SERVER_NAME,PROTOCOL_TYPE,CHANNELS,YT_PROTOCOL_TYPE) values(240599, 4, 24599, '1004598', 'B0000803',1,'1076测试服务器','4',8,'0');
insert into V_VEHICLEINFO (ORG_CODE,VEHICLE_ID,ID_NUMBER,TYPE_ID,TERMINAL_ID,DELETE_FLAG,COLOR_ID_NUMBER_ID,AUTHORIZED_PAY_MASS) values ('B0000803','2400599', '测B04598', 4, 240599, 0, '2',15);

insert into T_SIMINFO (SIM_ID, ORG_CODE, DEPTCODE, STATE,PAY_MODLE, SIM_NUM) values(24600, 'B0000803', '中国移动', 1, '预付费', 13100004599);
insert into T_TERMINALINFO (TERMINAL_ID,TTYPE_ID,SIM_ID,TERMINAL_CODE,ORG_CODE,IS_VIDEO_TERMINAL,SP_SERVER_NAME,PROTOCOL_TYPE,CHANNELS,YT_PROTOCOL_TYPE) values(240600, 4, 24600, '1004599', 'B0000803',1,'1076测试服务器','4',8,'0');
insert into V_VEHICLEINFO (ORG_CODE,VEHICLE_ID,ID_NUMBER,TYPE_ID,TERMINAL_ID,DELETE_FLAG,COLOR_ID_NUMBER_ID,AUTHORIZED_PAY_MASS) values ('B0000803','2400600', '测B04599', 4, 240600, 0, '2',15);

insert into T_SIMINFO (SIM_ID, ORG_CODE, DEPTCODE, STATE,PAY_MODLE, SIM_NUM) values(24601, 'B0000803', '中国移动', 1, '预付费', 13100004600);
insert into T_TERMINALINFO (TERMINAL_ID,TTYPE_ID,SIM_ID,TERMINAL_CODE,ORG_CODE,IS_VIDEO_TERMINAL,SP_SERVER_NAME,PROTOCOL_TYPE,CHANNELS,YT_PROTOCOL_TYPE) values(240601, 4, 24601, '1004600', 'B0000803',1,'1076测试服务器','4',8,'0');
insert into V_VEHICLEINFO (ORG_CODE,VEHICLE_ID,ID_NUMBER,TYPE_ID,TERMINAL_ID,DELETE_FLAG,COLOR_ID_NUMBER_ID,AUTHORIZED_PAY_MASS) values ('B0000803','2400601', '测B04600', 4, 240601, 0, '2',15);

insert into T_SIMINFO (SIM_ID, ORG_CODE, DEPTCODE, STATE,PAY_MODLE, SIM_NUM) values(24602, 'B0000803', '中国移动', 1, '预付费', 13100004601);
insert into T_TERMINALINFO (TERMINAL_ID,TTYPE_ID,SIM_ID,TERMINAL_CODE,ORG_CODE,IS_VIDEO_TERMINAL,SP_SERVER_NAME,PROTOCOL_TYPE,CHANNELS,YT_PROTOCOL_TYPE) values(240602, 4, 24602, '1004601', 'B0000803',1,'1076测试服务器','4',8,'0');
insert into V_VEHICLEINFO (ORG_CODE,VEHICLE_ID,ID_NUMBER,TYPE_ID,TERMINAL_ID,DELETE_FLAG,COLOR_ID_NUMBER_ID,AUTHORIZED_PAY_MASS) values ('B0000803','2400602', '测B04601', 4, 240602, 0, '2',15);

insert into T_SIMINFO (SIM_ID, ORG_CODE, DEPTCODE, STATE,PAY_MODLE, SIM_NUM) values(24603, 'B0000803', '中国移动', 1, '预付费', 13100004602);
insert into T_TERMINALINFO (TERMINAL_ID,TTYPE_ID,SIM_ID,TERMINAL_CODE,ORG_CODE,IS_VIDEO_TERMINAL,SP_SERVER_NAME,PROTOCOL_TYPE,CHANNELS,YT_PROTOCOL_TYPE) values(240603, 4, 24603, '1004602', 'B0000803',1,'1076测试服务器','4',8,'0');
insert into V_VEHICLEINFO (ORG_CODE,VEHICLE_ID,ID_NUMBER,TYPE_ID,TERMINAL_ID,DELETE_FLAG,COLOR_ID_NUMBER_ID,AUTHORIZED_PAY_MASS) values ('B0000803','2400603', '测B04602', 4, 240603, 0, '2',15);

insert into T_SIMINFO (SIM_ID, ORG_CODE, DEPTCODE, STATE,PAY_MODLE, SIM_NUM) values(24604, 'B0000803', '中国移动', 1, '预付费', 13100004603);
insert into T_TERMINALINFO (TERMINAL_ID,TTYPE_ID,SIM_ID,TERMINAL_CODE,ORG_CODE,IS_VIDEO_TERMINAL,SP_SERVER_NAME,PROTOCOL_TYPE,CHANNELS,YT_PROTOCOL_TYPE) values(240604, 4, 24604, '1004603', 'B0000803',1,'1076测试服务器','4',8,'0');
insert into V_VEHICLEINFO (ORG_CODE,VEHICLE_ID,ID_NUMBER,TYPE_ID,TERMINAL_ID,DELETE_FLAG,COLOR_ID_NUMBER_ID,AUTHORIZED_PAY_MASS) values ('B0000803','2400604', '测B04603', 4, 240604, 0, '2',15);

insert into T_SIMINFO (SIM_ID, ORG_CODE, DEPTCODE, STATE,PAY_MODLE, SIM_NUM) values(24605, 'B0000803', '中国移动', 1, '预付费', 13100004604);
insert into T_TERMINALINFO (TERMINAL_ID,TTYPE_ID,SIM_ID,TERMINAL_CODE,ORG_CODE,IS_VIDEO_TERMINAL,SP_SERVER_NAME,PROTOCOL_TYPE,CHANNELS,YT_PROTOCOL_TYPE) values(240605, 4, 24605, '1004604', 'B0000803',1,'1076测试服务器','4',8,'0');
insert into V_VEHICLEINFO (ORG_CODE,VEHICLE_ID,ID_NUMBER,TYPE_ID,TERMINAL_ID,DELETE_FLAG,COLOR_ID_NUMBER_ID,AUTHORIZED_PAY_MASS) values ('B0000803','2400605', '测B04604', 4, 240605, 0, '2',15);

insert into T_SIMINFO (SIM_ID, ORG_CODE, DEPTCODE, STATE,PAY_MODLE, SIM_NUM) values(24606, 'B0000803', '中国移动', 1, '预付费', 13100004605);
insert into T_TERMINALINFO (TERMINAL_ID,TTYPE_ID,SIM_ID,TERMINAL_CODE,ORG_CODE,IS_VIDEO_TERMINAL,SP_SERVER_NAME,PROTOCOL_TYPE,CHANNELS,YT_PROTOCOL_TYPE) values(240606, 4, 24606, '1004605', 'B0000803',1,'1076测试服务器','4',8,'0');
insert into V_VEHICLEINFO (ORG_CODE,VEHICLE_ID,ID_NUMBER,TYPE_ID,TERMINAL_ID,DELETE_FLAG,COLOR_ID_NUMBER_ID,AUTHORIZED_PAY_MASS) values ('B0000803','2400606', '测B04605', 4, 240606, 0, '2',15);

insert into T_SIMINFO (SIM_ID, ORG_CODE, DEPTCODE, STATE,PAY_MODLE, SIM_NUM) values(24607, 'B0000803', '中国移动', 1, '预付费', 13100004606);
insert into T_TERMINALINFO (TERMINAL_ID,TTYPE_ID,SIM_ID,TERMINAL_CODE,ORG_CODE,IS_VIDEO_TERMINAL,SP_SERVER_NAME,PROTOCOL_TYPE,CHANNELS,YT_PROTOCOL_TYPE) values(240607, 4, 24607, '1004606', 'B0000803',1,'1076测试服务器','4',8,'0');
insert into V_VEHICLEINFO (ORG_CODE,VEHICLE_ID,ID_NUMBER,TYPE_ID,TERMINAL_ID,DELETE_FLAG,COLOR_ID_NUMBER_ID,AUTHORIZED_PAY_MASS) values ('B0000803','2400607', '测B04606', 4, 240607, 0, '2',15);

insert into T_SIMINFO (SIM_ID, ORG_CODE, DEPTCODE, STATE,PAY_MODLE, SIM_NUM) values(24608, 'B0000803', '中国移动', 1, '预付费', 13100004607);
insert into T_TERMINALINFO (TERMINAL_ID,TTYPE_ID,SIM_ID,TERMINAL_CODE,ORG_CODE,IS_VIDEO_TERMINAL,SP_SERVER_NAME,PROTOCOL_TYPE,CHANNELS,YT_PROTOCOL_TYPE) values(240608, 4, 24608, '1004607', 'B0000803',1,'1076测试服务器','4',8,'0');
insert into V_VEHICLEINFO (ORG_CODE,VEHICLE_ID,ID_NUMBER,TYPE_ID,TERMINAL_ID,DELETE_FLAG,COLOR_ID_NUMBER_ID,AUTHORIZED_PAY_MASS) values ('B0000803','2400608', '测B04607', 4, 240608, 0, '2',15);

insert into T_SIMINFO (SIM_ID, ORG_CODE, DEPTCODE, STATE,PAY_MODLE, SIM_NUM) values(24609, 'B0000803', '中国移动', 1, '预付费', 13100004608);
insert into T_TERMINALINFO (TERMINAL_ID,TTYPE_ID,SIM_ID,TERMINAL_CODE,ORG_CODE,IS_VIDEO_TERMINAL,SP_SERVER_NAME,PROTOCOL_TYPE,CHANNELS,YT_PROTOCOL_TYPE) values(240609, 4, 24609, '1004608', 'B0000803',1,'1076测试服务器','4',8,'0');
insert into V_VEHICLEINFO (ORG_CODE,VEHICLE_ID,ID_NUMBER,TYPE_ID,TERMINAL_ID,DELETE_FLAG,COLOR_ID_NUMBER_ID,AUTHORIZED_PAY_MASS) values ('B0000803','2400609', '测B04608', 4, 240609, 0, '2',15);

insert into T_SIMINFO (SIM_ID, ORG_CODE, DEPTCODE, STATE,PAY_MODLE, SIM_NUM) values(24610, 'B0000803', '中国移动', 1, '预付费', 13100004609);
insert into T_TERMINALINFO (TERMINAL_ID,TTYPE_ID,SIM_ID,TERMINAL_CODE,ORG_CODE,IS_VIDEO_TERMINAL,SP_SERVER_NAME,PROTOCOL_TYPE,CHANNELS,YT_PROTOCOL_TYPE) values(240610, 4, 24610, '1004609', 'B0000803',1,'1076测试服务器','4',8,'0');
insert into V_VEHICLEINFO (ORG_CODE,VEHICLE_ID,ID_NUMBER,TYPE_ID,TERMINAL_ID,DELETE_FLAG,COLOR_ID_NUMBER_ID,AUTHORIZED_PAY_MASS) values ('B0000803','2400610', '测B04609', 4, 240610, 0, '2',15);

insert into T_SIMINFO (SIM_ID, ORG_CODE, DEPTCODE, STATE,PAY_MODLE, SIM_NUM) values(24611, 'B0000803', '中国移动', 1, '预付费', 13100004610);
insert into T_TERMINALINFO (TERMINAL_ID,TTYPE_ID,SIM_ID,TERMINAL_CODE,ORG_CODE,IS_VIDEO_TERMINAL,SP_SERVER_NAME,PROTOCOL_TYPE,CHANNELS,YT_PROTOCOL_TYPE) values(240611, 4, 24611, '1004610', 'B0000803',1,'1076测试服务器','4',8,'0');
insert into V_VEHICLEINFO (ORG_CODE,VEHICLE_ID,ID_NUMBER,TYPE_ID,TERMINAL_ID,DELETE_FLAG,COLOR_ID_NUMBER_ID,AUTHORIZED_PAY_MASS) values ('B0000803','2400611', '测B04610', 4, 240611, 0, '2',15);

insert into T_SIMINFO (SIM_ID, ORG_CODE, DEPTCODE, STATE,PAY_MODLE, SIM_NUM) values(24612, 'B0000803', '中国移动', 1, '预付费', 13100004611);
insert into T_TERMINALINFO (TERMINAL_ID,TTYPE_ID,SIM_ID,TERMINAL_CODE,ORG_CODE,IS_VIDEO_TERMINAL,SP_SERVER_NAME,PROTOCOL_TYPE,CHANNELS,YT_PROTOCOL_TYPE) values(240612, 4, 24612, '1004611', 'B0000803',1,'1076测试服务器','4',8,'0');
insert into V_VEHICLEINFO (ORG_CODE,VEHICLE_ID,ID_NUMBER,TYPE_ID,TERMINAL_ID,DELETE_FLAG,COLOR_ID_NUMBER_ID,AUTHORIZED_PAY_MASS) values ('B0000803','2400612', '测B04611', 4, 240612, 0, '2',15);

insert into T_SIMINFO (SIM_ID, ORG_CODE, DEPTCODE, STATE,PAY_MODLE, SIM_NUM) values(24613, 'B0000803', '中国移动', 1, '预付费', 13100004612);
insert into T_TERMINALINFO (TERMINAL_ID,TTYPE_ID,SIM_ID,TERMINAL_CODE,ORG_CODE,IS_VIDEO_TERMINAL,SP_SERVER_NAME,PROTOCOL_TYPE,CHANNELS,YT_PROTOCOL_TYPE) values(240613, 4, 24613, '1004612', 'B0000803',1,'1076测试服务器','4',8,'0');
insert into V_VEHICLEINFO (ORG_CODE,VEHICLE_ID,ID_NUMBER,TYPE_ID,TERMINAL_ID,DELETE_FLAG,COLOR_ID_NUMBER_ID,AUTHORIZED_PAY_MASS) values ('B0000803','2400613', '测B04612', 4, 240613, 0, '2',15);

insert into T_SIMINFO (SIM_ID, ORG_CODE, DEPTCODE, STATE,PAY_MODLE, SIM_NUM) values(24614, 'B0000803', '中国移动', 1, '预付费', 13100004613);
insert into T_TERMINALINFO (TERMINAL_ID,TTYPE_ID,SIM_ID,TERMINAL_CODE,ORG_CODE,IS_VIDEO_TERMINAL,SP_SERVER_NAME,PROTOCOL_TYPE,CHANNELS,YT_PROTOCOL_TYPE) values(240614, 4, 24614, '1004613', 'B0000803',1,'1076测试服务器','4',8,'0');
insert into V_VEHICLEINFO (ORG_CODE,VEHICLE_ID,ID_NUMBER,TYPE_ID,TERMINAL_ID,DELETE_FLAG,COLOR_ID_NUMBER_ID,AUTHORIZED_PAY_MASS) values ('B0000803','2400614', '测B04613', 4, 240614, 0, '2',15);

insert into T_SIMINFO (SIM_ID, ORG_CODE, DEPTCODE, STATE,PAY_MODLE, SIM_NUM) values(24615, 'B0000803', '中国移动', 1, '预付费', 13100004614);
insert into T_TERMINALINFO (TERMINAL_ID,TTYPE_ID,SIM_ID,TERMINAL_CODE,ORG_CODE,IS_VIDEO_TERMINAL,SP_SERVER_NAME,PROTOCOL_TYPE,CHANNELS,YT_PROTOCOL_TYPE) values(240615, 4, 24615, '1004614', 'B0000803',1,'1076测试服务器','4',8,'0');
insert into V_VEHICLEINFO (ORG_CODE,VEHICLE_ID,ID_NUMBER,TYPE_ID,TERMINAL_ID,DELETE_FLAG,COLOR_ID_NUMBER_ID,AUTHORIZED_PAY_MASS) values ('B0000803','2400615', '测B04614', 4, 240615, 0, '2',15);

insert into T_SIMINFO (SIM_ID, ORG_CODE, DEPTCODE, STATE,PAY_MODLE, SIM_NUM) values(24616, 'B0000803', '中国移动', 1, '预付费', 13100004615);
insert into T_TERMINALINFO (TERMINAL_ID,TTYPE_ID,SIM_ID,TERMINAL_CODE,ORG_CODE,IS_VIDEO_TERMINAL,SP_SERVER_NAME,PROTOCOL_TYPE,CHANNELS,YT_PROTOCOL_TYPE) values(240616, 4, 24616, '1004615', 'B0000803',1,'1076测试服务器','4',8,'0');
insert into V_VEHICLEINFO (ORG_CODE,VEHICLE_ID,ID_NUMBER,TYPE_ID,TERMINAL_ID,DELETE_FLAG,COLOR_ID_NUMBER_ID,AUTHORIZED_PAY_MASS) values ('B0000803','2400616', '测B04615', 4, 240616, 0, '2',15);

insert into T_SIMINFO (SIM_ID, ORG_CODE, DEPTCODE, STATE,PAY_MODLE, SIM_NUM) values(24617, 'B0000803', '中国移动', 1, '预付费', 13100004616);
insert into T_TERMINALINFO (TERMINAL_ID,TTYPE_ID,SIM_ID,TERMINAL_CODE,ORG_CODE,IS_VIDEO_TERMINAL,SP_SERVER_NAME,PROTOCOL_TYPE,CHANNELS,YT_PROTOCOL_TYPE) values(240617, 4, 24617, '1004616', 'B0000803',1,'1076测试服务器','4',8,'0');
insert into V_VEHICLEINFO (ORG_CODE,VEHICLE_ID,ID_NUMBER,TYPE_ID,TERMINAL_ID,DELETE_FLAG,COLOR_ID_NUMBER_ID,AUTHORIZED_PAY_MASS) values ('B0000803','2400617', '测B04616', 4, 240617, 0, '2',15);

insert into T_SIMINFO (SIM_ID, ORG_CODE, DEPTCODE, STATE,PAY_MODLE, SIM_NUM) values(24618, 'B0000803', '中国移动', 1, '预付费', 13100004617);
insert into T_TERMINALINFO (TERMINAL_ID,TTYPE_ID,SIM_ID,TERMINAL_CODE,ORG_CODE,IS_VIDEO_TERMINAL,SP_SERVER_NAME,PROTOCOL_TYPE,CHANNELS,YT_PROTOCOL_TYPE) values(240618, 4, 24618, '1004617', 'B0000803',1,'1076测试服务器','4',8,'0');
insert into V_VEHICLEINFO (ORG_CODE,VEHICLE_ID,ID_NUMBER,TYPE_ID,TERMINAL_ID,DELETE_FLAG,COLOR_ID_NUMBER_ID,AUTHORIZED_PAY_MASS) values ('B0000803','2400618', '测B04617', 4, 240618, 0, '2',15);

insert into T_SIMINFO (SIM_ID, ORG_CODE, DEPTCODE, STATE,PAY_MODLE, SIM_NUM) values(24619, 'B0000803', '中国移动', 1, '预付费', 13100004618);
insert into T_TERMINALINFO (TERMINAL_ID,TTYPE_ID,SIM_ID,TERMINAL_CODE,ORG_CODE,IS_VIDEO_TERMINAL,SP_SERVER_NAME,PROTOCOL_TYPE,CHANNELS,YT_PROTOCOL_TYPE) values(240619, 4, 24619, '1004618', 'B0000803',1,'1076测试服务器','4',8,'0');
insert into V_VEHICLEINFO (ORG_CODE,VEHICLE_ID,ID_NUMBER,TYPE_ID,TERMINAL_ID,DELETE_FLAG,COLOR_ID_NUMBER_ID,AUTHORIZED_PAY_MASS) values ('B0000803','2400619', '测B04618', 4, 240619, 0, '2',15);

insert into T_SIMINFO (SIM_ID, ORG_CODE, DEPTCODE, STATE,PAY_MODLE, SIM_NUM) values(24620, 'B0000803', '中国移动', 1, '预付费', 13100004619);
insert into T_TERMINALINFO (TERMINAL_ID,TTYPE_ID,SIM_ID,TERMINAL_CODE,ORG_CODE,IS_VIDEO_TERMINAL,SP_SERVER_NAME,PROTOCOL_TYPE,CHANNELS,YT_PROTOCOL_TYPE) values(240620, 4, 24620, '1004619', 'B0000803',1,'1076测试服务器','4',8,'0');
insert into V_VEHICLEINFO (ORG_CODE,VEHICLE_ID,ID_NUMBER,TYPE_ID,TERMINAL_ID,DELETE_FLAG,COLOR_ID_NUMBER_ID,AUTHORIZED_PAY_MASS) values ('B0000803','2400620', '测B04619', 4, 240620, 0, '2',15);

insert into T_SIMINFO (SIM_ID, ORG_CODE, DEPTCODE, STATE,PAY_MODLE, SIM_NUM) values(24621, 'B0000803', '中国移动', 1, '预付费', 13100004620);
insert into T_TERMINALINFO (TERMINAL_ID,TTYPE_ID,SIM_ID,TERMINAL_CODE,ORG_CODE,IS_VIDEO_TERMINAL,SP_SERVER_NAME,PROTOCOL_TYPE,CHANNELS,YT_PROTOCOL_TYPE) values(240621, 4, 24621, '1004620', 'B0000803',1,'1076测试服务器','4',8,'0');
insert into V_VEHICLEINFO (ORG_CODE,VEHICLE_ID,ID_NUMBER,TYPE_ID,TERMINAL_ID,DELETE_FLAG,COLOR_ID_NUMBER_ID,AUTHORIZED_PAY_MASS) values ('B0000803','2400621', '测B04620', 4, 240621, 0, '2',15);

insert into T_SIMINFO (SIM_ID, ORG_CODE, DEPTCODE, STATE,PAY_MODLE, SIM_NUM) values(24622, 'B0000803', '中国移动', 1, '预付费', 13100004621);
insert into T_TERMINALINFO (TERMINAL_ID,TTYPE_ID,SIM_ID,TERMINAL_CODE,ORG_CODE,IS_VIDEO_TERMINAL,SP_SERVER_NAME,PROTOCOL_TYPE,CHANNELS,YT_PROTOCOL_TYPE) values(240622, 4, 24622, '1004621', 'B0000803',1,'1076测试服务器','4',8,'0');
insert into V_VEHICLEINFO (ORG_CODE,VEHICLE_ID,ID_NUMBER,TYPE_ID,TERMINAL_ID,DELETE_FLAG,COLOR_ID_NUMBER_ID,AUTHORIZED_PAY_MASS) values ('B0000803','2400622', '测B04621', 4, 240622, 0, '2',15);

insert into T_SIMINFO (SIM_ID, ORG_CODE, DEPTCODE, STATE,PAY_MODLE, SIM_NUM) values(24623, 'B0000803', '中国移动', 1, '预付费', 13100004622);
insert into T_TERMINALINFO (TERMINAL_ID,TTYPE_ID,SIM_ID,TERMINAL_CODE,ORG_CODE,IS_VIDEO_TERMINAL,SP_SERVER_NAME,PROTOCOL_TYPE,CHANNELS,YT_PROTOCOL_TYPE) values(240623, 4, 24623, '1004622', 'B0000803',1,'1076测试服务器','4',8,'0');
insert into V_VEHICLEINFO (ORG_CODE,VEHICLE_ID,ID_NUMBER,TYPE_ID,TERMINAL_ID,DELETE_FLAG,COLOR_ID_NUMBER_ID,AUTHORIZED_PAY_MASS) values ('B0000803','2400623', '测B04622', 4, 240623, 0, '2',15);

insert into T_SIMINFO (SIM_ID, ORG_CODE, DEPTCODE, STATE,PAY_MODLE, SIM_NUM) values(24624, 'B0000803', '中国移动', 1, '预付费', 13100004623);
insert into T_TERMINALINFO (TERMINAL_ID,TTYPE_ID,SIM_ID,TERMINAL_CODE,ORG_CODE,IS_VIDEO_TERMINAL,SP_SERVER_NAME,PROTOCOL_TYPE,CHANNELS,YT_PROTOCOL_TYPE) values(240624, 4, 24624, '1004623', 'B0000803',1,'1076测试服务器','4',8,'0');
insert into V_VEHICLEINFO (ORG_CODE,VEHICLE_ID,ID_NUMBER,TYPE_ID,TERMINAL_ID,DELETE_FLAG,COLOR_ID_NUMBER_ID,AUTHORIZED_PAY_MASS) values ('B0000803','2400624', '测B04623', 4, 240624, 0, '2',15);

insert into T_SIMINFO (SIM_ID, ORG_CODE, DEPTCODE, STATE,PAY_MODLE, SIM_NUM) values(24625, 'B0000803', '中国移动', 1, '预付费', 13100004624);
insert into T_TERMINALINFO (TERMINAL_ID,TTYPE_ID,SIM_ID,TERMINAL_CODE,ORG_CODE,IS_VIDEO_TERMINAL,SP_SERVER_NAME,PROTOCOL_TYPE,CHANNELS,YT_PROTOCOL_TYPE) values(240625, 4, 24625, '1004624', 'B0000803',1,'1076测试服务器','4',8,'0');
insert into V_VEHICLEINFO (ORG_CODE,VEHICLE_ID,ID_NUMBER,TYPE_ID,TERMINAL_ID,DELETE_FLAG,COLOR_ID_NUMBER_ID,AUTHORIZED_PAY_MASS) values ('B0000803','2400625', '测B04624', 4, 240625, 0, '2',15);

insert into T_SIMINFO (SIM_ID, ORG_CODE, DEPTCODE, STATE,PAY_MODLE, SIM_NUM) values(24626, 'B0000803', '中国移动', 1, '预付费', 13100004625);
insert into T_TERMINALINFO (TERMINAL_ID,TTYPE_ID,SIM_ID,TERMINAL_CODE,ORG_CODE,IS_VIDEO_TERMINAL,SP_SERVER_NAME,PROTOCOL_TYPE,CHANNELS,YT_PROTOCOL_TYPE) values(240626, 4, 24626, '1004625', 'B0000803',1,'1076测试服务器','4',8,'0');
insert into V_VEHICLEINFO (ORG_CODE,VEHICLE_ID,ID_NUMBER,TYPE_ID,TERMINAL_ID,DELETE_FLAG,COLOR_ID_NUMBER_ID,AUTHORIZED_PAY_MASS) values ('B0000803','2400626', '测B04625', 4, 240626, 0, '2',15);

insert into T_SIMINFO (SIM_ID, ORG_CODE, DEPTCODE, STATE,PAY_MODLE, SIM_NUM) values(24627, 'B0000803', '中国移动', 1, '预付费', 13100004626);
insert into T_TERMINALINFO (TERMINAL_ID,TTYPE_ID,SIM_ID,TERMINAL_CODE,ORG_CODE,IS_VIDEO_TERMINAL,SP_SERVER_NAME,PROTOCOL_TYPE,CHANNELS,YT_PROTOCOL_TYPE) values(240627, 4, 24627, '1004626', 'B0000803',1,'1076测试服务器','4',8,'0');
insert into V_VEHICLEINFO (ORG_CODE,VEHICLE_ID,ID_NUMBER,TYPE_ID,TERMINAL_ID,DELETE_FLAG,COLOR_ID_NUMBER_ID,AUTHORIZED_PAY_MASS) values ('B0000803','2400627', '测B04626', 4, 240627, 0, '2',15);

insert into T_SIMINFO (SIM_ID, ORG_CODE, DEPTCODE, STATE,PAY_MODLE, SIM_NUM) values(24628, 'B0000803', '中国移动', 1, '预付费', 13100004627);
insert into T_TERMINALINFO (TERMINAL_ID,TTYPE_ID,SIM_ID,TERMINAL_CODE,ORG_CODE,IS_VIDEO_TERMINAL,SP_SERVER_NAME,PROTOCOL_TYPE,CHANNELS,YT_PROTOCOL_TYPE) values(240628, 4, 24628, '1004627', 'B0000803',1,'1076测试服务器','4',8,'0');
insert into V_VEHICLEINFO (ORG_CODE,VEHICLE_ID,ID_NUMBER,TYPE_ID,TERMINAL_ID,DELETE_FLAG,COLOR_ID_NUMBER_ID,AUTHORIZED_PAY_MASS) values ('B0000803','2400628', '测B04627', 4, 240628, 0, '2',15);

insert into T_SIMINFO (SIM_ID, ORG_CODE, DEPTCODE, STATE,PAY_MODLE, SIM_NUM) values(24629, 'B0000803', '中国移动', 1, '预付费', 13100004628);
insert into T_TERMINALINFO (TERMINAL_ID,TTYPE_ID,SIM_ID,TERMINAL_CODE,ORG_CODE,IS_VIDEO_TERMINAL,SP_SERVER_NAME,PROTOCOL_TYPE,CHANNELS,YT_PROTOCOL_TYPE) values(240629, 4, 24629, '1004628', 'B0000803',1,'1076测试服务器','4',8,'0');
insert into V_VEHICLEINFO (ORG_CODE,VEHICLE_ID,ID_NUMBER,TYPE_ID,TERMINAL_ID,DELETE_FLAG,COLOR_ID_NUMBER_ID,AUTHORIZED_PAY_MASS) values ('B0000803','2400629', '测B04628', 4, 240629, 0, '2',15);

insert into T_SIMINFO (SIM_ID, ORG_CODE, DEPTCODE, STATE,PAY_MODLE, SIM_NUM) values(24630, 'B0000803', '中国移动', 1, '预付费', 13100004629);
insert into T_TERMINALINFO (TERMINAL_ID,TTYPE_ID,SIM_ID,TERMINAL_CODE,ORG_CODE,IS_VIDEO_TERMINAL,SP_SERVER_NAME,PROTOCOL_TYPE,CHANNELS,YT_PROTOCOL_TYPE) values(240630, 4, 24630, '1004629', 'B0000803',1,'1076测试服务器','4',8,'0');
insert into V_VEHICLEINFO (ORG_CODE,VEHICLE_ID,ID_NUMBER,TYPE_ID,TERMINAL_ID,DELETE_FLAG,COLOR_ID_NUMBER_ID,AUTHORIZED_PAY_MASS) values ('B0000803','2400630', '测B04629', 4, 240630, 0, '2',15);

insert into T_SIMINFO (SIM_ID, ORG_CODE, DEPTCODE, STATE,PAY_MODLE, SIM_NUM) values(24631, 'B0000803', '中国移动', 1, '预付费', 13100004630);
insert into T_TERMINALINFO (TERMINAL_ID,TTYPE_ID,SIM_ID,TERMINAL_CODE,ORG_CODE,IS_VIDEO_TERMINAL,SP_SERVER_NAME,PROTOCOL_TYPE,CHANNELS,YT_PROTOCOL_TYPE) values(240631, 4, 24631, '1004630', 'B0000803',1,'1076测试服务器','4',8,'0');
insert into V_VEHICLEINFO (ORG_CODE,VEHICLE_ID,ID_NUMBER,TYPE_ID,TERMINAL_ID,DELETE_FLAG,COLOR_ID_NUMBER_ID,AUTHORIZED_PAY_MASS) values ('B0000803','2400631', '测B04630', 4, 240631, 0, '2',15);

insert into T_SIMINFO (SIM_ID, ORG_CODE, DEPTCODE, STATE,PAY_MODLE, SIM_NUM) values(24632, 'B0000803', '中国移动', 1, '预付费', 13100004631);
insert into T_TERMINALINFO (TERMINAL_ID,TTYPE_ID,SIM_ID,TERMINAL_CODE,ORG_CODE,IS_VIDEO_TERMINAL,SP_SERVER_NAME,PROTOCOL_TYPE,CHANNELS,YT_PROTOCOL_TYPE) values(240632, 4, 24632, '1004631', 'B0000803',1,'1076测试服务器','4',8,'0');
insert into V_VEHICLEINFO (ORG_CODE,VEHICLE_ID,ID_NUMBER,TYPE_ID,TERMINAL_ID,DELETE_FLAG,COLOR_ID_NUMBER_ID,AUTHORIZED_PAY_MASS) values ('B0000803','2400632', '测B04631', 4, 240632, 0, '2',15);

insert into T_SIMINFO (SIM_ID, ORG_CODE, DEPTCODE, STATE,PAY_MODLE, SIM_NUM) values(24633, 'B0000803', '中国移动', 1, '预付费', 13100004632);
insert into T_TERMINALINFO (TERMINAL_ID,TTYPE_ID,SIM_ID,TERMINAL_CODE,ORG_CODE,IS_VIDEO_TERMINAL,SP_SERVER_NAME,PROTOCOL_TYPE,CHANNELS,YT_PROTOCOL_TYPE) values(240633, 4, 24633, '1004632', 'B0000803',1,'1076测试服务器','4',8,'0');
insert into V_VEHICLEINFO (ORG_CODE,VEHICLE_ID,ID_NUMBER,TYPE_ID,TERMINAL_ID,DELETE_FLAG,COLOR_ID_NUMBER_ID,AUTHORIZED_PAY_MASS) values ('B0000803','2400633', '测B04632', 4, 240633, 0, '2',15);

insert into T_SIMINFO (SIM_ID, ORG_CODE, DEPTCODE, STATE,PAY_MODLE, SIM_NUM) values(24634, 'B0000803', '中国移动', 1, '预付费', 13100004633);
insert into T_TERMINALINFO (TERMINAL_ID,TTYPE_ID,SIM_ID,TERMINAL_CODE,ORG_CODE,IS_VIDEO_TERMINAL,SP_SERVER_NAME,PROTOCOL_TYPE,CHANNELS,YT_PROTOCOL_TYPE) values(240634, 4, 24634, '1004633', 'B0000803',1,'1076测试服务器','4',8,'0');
insert into V_VEHICLEINFO (ORG_CODE,VEHICLE_ID,ID_NUMBER,TYPE_ID,TERMINAL_ID,DELETE_FLAG,COLOR_ID_NUMBER_ID,AUTHORIZED_PAY_MASS) values ('B0000803','2400634', '测B04633', 4, 240634, 0, '2',15);

insert into T_SIMINFO (SIM_ID, ORG_CODE, DEPTCODE, STATE,PAY_MODLE, SIM_NUM) values(24635, 'B0000803', '中国移动', 1, '预付费', 13100004634);
insert into T_TERMINALINFO (TERMINAL_ID,TTYPE_ID,SIM_ID,TERMINAL_CODE,ORG_CODE,IS_VIDEO_TERMINAL,SP_SERVER_NAME,PROTOCOL_TYPE,CHANNELS,YT_PROTOCOL_TYPE) values(240635, 4, 24635, '1004634', 'B0000803',1,'1076测试服务器','4',8,'0');
insert into V_VEHICLEINFO (ORG_CODE,VEHICLE_ID,ID_NUMBER,TYPE_ID,TERMINAL_ID,DELETE_FLAG,COLOR_ID_NUMBER_ID,AUTHORIZED_PAY_MASS) values ('B0000803','2400635', '测B04634', 4, 240635, 0, '2',15);

insert into T_SIMINFO (SIM_ID, ORG_CODE, DEPTCODE, STATE,PAY_MODLE, SIM_NUM) values(24636, 'B0000803', '中国移动', 1, '预付费', 13100004635);
insert into T_TERMINALINFO (TERMINAL_ID,TTYPE_ID,SIM_ID,TERMINAL_CODE,ORG_CODE,IS_VIDEO_TERMINAL,SP_SERVER_NAME,PROTOCOL_TYPE,CHANNELS,YT_PROTOCOL_TYPE) values(240636, 4, 24636, '1004635', 'B0000803',1,'1076测试服务器','4',8,'0');
insert into V_VEHICLEINFO (ORG_CODE,VEHICLE_ID,ID_NUMBER,TYPE_ID,TERMINAL_ID,DELETE_FLAG,COLOR_ID_NUMBER_ID,AUTHORIZED_PAY_MASS) values ('B0000803','2400636', '测B04635', 4, 240636, 0, '2',15);

insert into T_SIMINFO (SIM_ID, ORG_CODE, DEPTCODE, STATE,PAY_MODLE, SIM_NUM) values(24637, 'B0000803', '中国移动', 1, '预付费', 13100004636);
insert into T_TERMINALINFO (TERMINAL_ID,TTYPE_ID,SIM_ID,TERMINAL_CODE,ORG_CODE,IS_VIDEO_TERMINAL,SP_SERVER_NAME,PROTOCOL_TYPE,CHANNELS,YT_PROTOCOL_TYPE) values(240637, 4, 24637, '1004636', 'B0000803',1,'1076测试服务器','4',8,'0');
insert into V_VEHICLEINFO (ORG_CODE,VEHICLE_ID,ID_NUMBER,TYPE_ID,TERMINAL_ID,DELETE_FLAG,COLOR_ID_NUMBER_ID,AUTHORIZED_PAY_MASS) values ('B0000803','2400637', '测B04636', 4, 240637, 0, '2',15);

insert into T_SIMINFO (SIM_ID, ORG_CODE, DEPTCODE, STATE,PAY_MODLE, SIM_NUM) values(24638, 'B0000803', '中国移动', 1, '预付费', 13100004637);
insert into T_TERMINALINFO (TERMINAL_ID,TTYPE_ID,SIM_ID,TERMINAL_CODE,ORG_CODE,IS_VIDEO_TERMINAL,SP_SERVER_NAME,PROTOCOL_TYPE,CHANNELS,YT_PROTOCOL_TYPE) values(240638, 4, 24638, '1004637', 'B0000803',1,'1076测试服务器','4',8,'0');
insert into V_VEHICLEINFO (ORG_CODE,VEHICLE_ID,ID_NUMBER,TYPE_ID,TERMINAL_ID,DELETE_FLAG,COLOR_ID_NUMBER_ID,AUTHORIZED_PAY_MASS) values ('B0000803','2400638', '测B04637', 4, 240638, 0, '2',15);

insert into T_SIMINFO (SIM_ID, ORG_CODE, DEPTCODE, STATE,PAY_MODLE, SIM_NUM) values(24639, 'B0000803', '中国移动', 1, '预付费', 13100004638);
insert into T_TERMINALINFO (TERMINAL_ID,TTYPE_ID,SIM_ID,TERMINAL_CODE,ORG_CODE,IS_VIDEO_TERMINAL,SP_SERVER_NAME,PROTOCOL_TYPE,CHANNELS,YT_PROTOCOL_TYPE) values(240639, 4, 24639, '1004638', 'B0000803',1,'1076测试服务器','4',8,'0');
insert into V_VEHICLEINFO (ORG_CODE,VEHICLE_ID,ID_NUMBER,TYPE_ID,TERMINAL_ID,DELETE_FLAG,COLOR_ID_NUMBER_ID,AUTHORIZED_PAY_MASS) values ('B0000803','2400639', '测B04638', 4, 240639, 0, '2',15);

insert into T_SIMINFO (SIM_ID, ORG_CODE, DEPTCODE, STATE,PAY_MODLE, SIM_NUM) values(24640, 'B0000803', '中国移动', 1, '预付费', 13100004639);
insert into T_TERMINALINFO (TERMINAL_ID,TTYPE_ID,SIM_ID,TERMINAL_CODE,ORG_CODE,IS_VIDEO_TERMINAL,SP_SERVER_NAME,PROTOCOL_TYPE,CHANNELS,YT_PROTOCOL_TYPE) values(240640, 4, 24640, '1004639', 'B0000803',1,'1076测试服务器','4',8,'0');
insert into V_VEHICLEINFO (ORG_CODE,VEHICLE_ID,ID_NUMBER,TYPE_ID,TERMINAL_ID,DELETE_FLAG,COLOR_ID_NUMBER_ID,AUTHORIZED_PAY_MASS) values ('B0000803','2400640', '测B04639', 4, 240640, 0, '2',15);

insert into T_SIMINFO (SIM_ID, ORG_CODE, DEPTCODE, STATE,PAY_MODLE, SIM_NUM) values(24641, 'B0000803', '中国移动', 1, '预付费', 13100004640);
insert into T_TERMINALINFO (TERMINAL_ID,TTYPE_ID,SIM_ID,TERMINAL_CODE,ORG_CODE,IS_VIDEO_TERMINAL,SP_SERVER_NAME,PROTOCOL_TYPE,CHANNELS,YT_PROTOCOL_TYPE) values(240641, 4, 24641, '1004640', 'B0000803',1,'1076测试服务器','4',8,'0');
insert into V_VEHICLEINFO (ORG_CODE,VEHICLE_ID,ID_NUMBER,TYPE_ID,TERMINAL_ID,DELETE_FLAG,COLOR_ID_NUMBER_ID,AUTHORIZED_PAY_MASS) values ('B0000803','2400641', '测B04640', 4, 240641, 0, '2',15);

insert into T_SIMINFO (SIM_ID, ORG_CODE, DEPTCODE, STATE,PAY_MODLE, SIM_NUM) values(24642, 'B0000803', '中国移动', 1, '预付费', 13100004641);
insert into T_TERMINALINFO (TERMINAL_ID,TTYPE_ID,SIM_ID,TERMINAL_CODE,ORG_CODE,IS_VIDEO_TERMINAL,SP_SERVER_NAME,PROTOCOL_TYPE,CHANNELS,YT_PROTOCOL_TYPE) values(240642, 4, 24642, '1004641', 'B0000803',1,'1076测试服务器','4',8,'0');
insert into V_VEHICLEINFO (ORG_CODE,VEHICLE_ID,ID_NUMBER,TYPE_ID,TERMINAL_ID,DELETE_FLAG,COLOR_ID_NUMBER_ID,AUTHORIZED_PAY_MASS) values ('B0000803','2400642', '测B04641', 4, 240642, 0, '2',15);

insert into T_SIMINFO (SIM_ID, ORG_CODE, DEPTCODE, STATE,PAY_MODLE, SIM_NUM) values(24643, 'B0000803', '中国移动', 1, '预付费', 13100004642);
insert into T_TERMINALINFO (TERMINAL_ID,TTYPE_ID,SIM_ID,TERMINAL_CODE,ORG_CODE,IS_VIDEO_TERMINAL,SP_SERVER_NAME,PROTOCOL_TYPE,CHANNELS,YT_PROTOCOL_TYPE) values(240643, 4, 24643, '1004642', 'B0000803',1,'1076测试服务器','4',8,'0');
insert into V_VEHICLEINFO (ORG_CODE,VEHICLE_ID,ID_NUMBER,TYPE_ID,TERMINAL_ID,DELETE_FLAG,COLOR_ID_NUMBER_ID,AUTHORIZED_PAY_MASS) values ('B0000803','2400643', '测B04642', 4, 240643, 0, '2',15);

insert into T_SIMINFO (SIM_ID, ORG_CODE, DEPTCODE, STATE,PAY_MODLE, SIM_NUM) values(24644, 'B0000803', '中国移动', 1, '预付费', 13100004643);
insert into T_TERMINALINFO (TERMINAL_ID,TTYPE_ID,SIM_ID,TERMINAL_CODE,ORG_CODE,IS_VIDEO_TERMINAL,SP_SERVER_NAME,PROTOCOL_TYPE,CHANNELS,YT_PROTOCOL_TYPE) values(240644, 4, 24644, '1004643', 'B0000803',1,'1076测试服务器','4',8,'0');
insert into V_VEHICLEINFO (ORG_CODE,VEHICLE_ID,ID_NUMBER,TYPE_ID,TERMINAL_ID,DELETE_FLAG,COLOR_ID_NUMBER_ID,AUTHORIZED_PAY_MASS) values ('B0000803','2400644', '测B04643', 4, 240644, 0, '2',15);

insert into T_SIMINFO (SIM_ID, ORG_CODE, DEPTCODE, STATE,PAY_MODLE, SIM_NUM) values(24645, 'B0000803', '中国移动', 1, '预付费', 13100004644);
insert into T_TERMINALINFO (TERMINAL_ID,TTYPE_ID,SIM_ID,TERMINAL_CODE,ORG_CODE,IS_VIDEO_TERMINAL,SP_SERVER_NAME,PROTOCOL_TYPE,CHANNELS,YT_PROTOCOL_TYPE) values(240645, 4, 24645, '1004644', 'B0000803',1,'1076测试服务器','4',8,'0');
insert into V_VEHICLEINFO (ORG_CODE,VEHICLE_ID,ID_NUMBER,TYPE_ID,TERMINAL_ID,DELETE_FLAG,COLOR_ID_NUMBER_ID,AUTHORIZED_PAY_MASS) values ('B0000803','2400645', '测B04644', 4, 240645, 0, '2',15);

insert into T_SIMINFO (SIM_ID, ORG_CODE, DEPTCODE, STATE,PAY_MODLE, SIM_NUM) values(24646, 'B0000803', '中国移动', 1, '预付费', 13100004645);
insert into T_TERMINALINFO (TERMINAL_ID,TTYPE_ID,SIM_ID,TERMINAL_CODE,ORG_CODE,IS_VIDEO_TERMINAL,SP_SERVER_NAME,PROTOCOL_TYPE,CHANNELS,YT_PROTOCOL_TYPE) values(240646, 4, 24646, '1004645', 'B0000803',1,'1076测试服务器','4',8,'0');
insert into V_VEHICLEINFO (ORG_CODE,VEHICLE_ID,ID_NUMBER,TYPE_ID,TERMINAL_ID,DELETE_FLAG,COLOR_ID_NUMBER_ID,AUTHORIZED_PAY_MASS) values ('B0000803','2400646', '测B04645', 4, 240646, 0, '2',15);

insert into T_SIMINFO (SIM_ID, ORG_CODE, DEPTCODE, STATE,PAY_MODLE, SIM_NUM) values(24647, 'B0000803', '中国移动', 1, '预付费', 13100004646);
insert into T_TERMINALINFO (TERMINAL_ID,TTYPE_ID,SIM_ID,TERMINAL_CODE,ORG_CODE,IS_VIDEO_TERMINAL,SP_SERVER_NAME,PROTOCOL_TYPE,CHANNELS,YT_PROTOCOL_TYPE) values(240647, 4, 24647, '1004646', 'B0000803',1,'1076测试服务器','4',8,'0');
insert into V_VEHICLEINFO (ORG_CODE,VEHICLE_ID,ID_NUMBER,TYPE_ID,TERMINAL_ID,DELETE_FLAG,COLOR_ID_NUMBER_ID,AUTHORIZED_PAY_MASS) values ('B0000803','2400647', '测B04646', 4, 240647, 0, '2',15);

insert into T_SIMINFO (SIM_ID, ORG_CODE, DEPTCODE, STATE,PAY_MODLE, SIM_NUM) values(24648, 'B0000803', '中国移动', 1, '预付费', 13100004647);
insert into T_TERMINALINFO (TERMINAL_ID,TTYPE_ID,SIM_ID,TERMINAL_CODE,ORG_CODE,IS_VIDEO_TERMINAL,SP_SERVER_NAME,PROTOCOL_TYPE,CHANNELS,YT_PROTOCOL_TYPE) values(240648, 4, 24648, '1004647', 'B0000803',1,'1076测试服务器','4',8,'0');
insert into V_VEHICLEINFO (ORG_CODE,VEHICLE_ID,ID_NUMBER,TYPE_ID,TERMINAL_ID,DELETE_FLAG,COLOR_ID_NUMBER_ID,AUTHORIZED_PAY_MASS) values ('B0000803','2400648', '测B04647', 4, 240648, 0, '2',15);

insert into T_SIMINFO (SIM_ID, ORG_CODE, DEPTCODE, STATE,PAY_MODLE, SIM_NUM) values(24649, 'B0000803', '中国移动', 1, '预付费', 13100004648);
insert into T_TERMINALINFO (TERMINAL_ID,TTYPE_ID,SIM_ID,TERMINAL_CODE,ORG_CODE,IS_VIDEO_TERMINAL,SP_SERVER_NAME,PROTOCOL_TYPE,CHANNELS,YT_PROTOCOL_TYPE) values(240649, 4, 24649, '1004648', 'B0000803',1,'1076测试服务器','4',8,'0');
insert into V_VEHICLEINFO (ORG_CODE,VEHICLE_ID,ID_NUMBER,TYPE_ID,TERMINAL_ID,DELETE_FLAG,COLOR_ID_NUMBER_ID,AUTHORIZED_PAY_MASS) values ('B0000803','2400649', '测B04648', 4, 240649, 0, '2',15);

insert into T_SIMINFO (SIM_ID, ORG_CODE, DEPTCODE, STATE,PAY_MODLE, SIM_NUM) values(24650, 'B0000803', '中国移动', 1, '预付费', 13100004649);
insert into T_TERMINALINFO (TERMINAL_ID,TTYPE_ID,SIM_ID,TERMINAL_CODE,ORG_CODE,IS_VIDEO_TERMINAL,SP_SERVER_NAME,PROTOCOL_TYPE,CHANNELS,YT_PROTOCOL_TYPE) values(240650, 4, 24650, '1004649', 'B0000803',1,'1076测试服务器','4',8,'0');
insert into V_VEHICLEINFO (ORG_CODE,VEHICLE_ID,ID_NUMBER,TYPE_ID,TERMINAL_ID,DELETE_FLAG,COLOR_ID_NUMBER_ID,AUTHORIZED_PAY_MASS) values ('B0000803','2400650', '测B04649', 4, 240650, 0, '2',15);

insert into T_SIMINFO (SIM_ID, ORG_CODE, DEPTCODE, STATE,PAY_MODLE, SIM_NUM) values(24651, 'B0000803', '中国移动', 1, '预付费', 13100004650);
insert into T_TERMINALINFO (TERMINAL_ID,TTYPE_ID,SIM_ID,TERMINAL_CODE,ORG_CODE,IS_VIDEO_TERMINAL,SP_SERVER_NAME,PROTOCOL_TYPE,CHANNELS,YT_PROTOCOL_TYPE) values(240651, 4, 24651, '1004650', 'B0000803',1,'1076测试服务器','4',8,'0');
insert into V_VEHICLEINFO (ORG_CODE,VEHICLE_ID,ID_NUMBER,TYPE_ID,TERMINAL_ID,DELETE_FLAG,COLOR_ID_NUMBER_ID,AUTHORIZED_PAY_MASS) values ('B0000803','2400651', '测B04650', 4, 240651, 0, '2',15);

insert into T_SIMINFO (SIM_ID, ORG_CODE, DEPTCODE, STATE,PAY_MODLE, SIM_NUM) values(24652, 'B0000803', '中国移动', 1, '预付费', 13100004651);
insert into T_TERMINALINFO (TERMINAL_ID,TTYPE_ID,SIM_ID,TERMINAL_CODE,ORG_CODE,IS_VIDEO_TERMINAL,SP_SERVER_NAME,PROTOCOL_TYPE,CHANNELS,YT_PROTOCOL_TYPE) values(240652, 4, 24652, '1004651', 'B0000803',1,'1076测试服务器','4',8,'0');
insert into V_VEHICLEINFO (ORG_CODE,VEHICLE_ID,ID_NUMBER,TYPE_ID,TERMINAL_ID,DELETE_FLAG,COLOR_ID_NUMBER_ID,AUTHORIZED_PAY_MASS) values ('B0000803','2400652', '测B04651', 4, 240652, 0, '2',15);

insert into T_SIMINFO (SIM_ID, ORG_CODE, DEPTCODE, STATE,PAY_MODLE, SIM_NUM) values(24653, 'B0000803', '中国移动', 1, '预付费', 13100004652);
insert into T_TERMINALINFO (TERMINAL_ID,TTYPE_ID,SIM_ID,TERMINAL_CODE,ORG_CODE,IS_VIDEO_TERMINAL,SP_SERVER_NAME,PROTOCOL_TYPE,CHANNELS,YT_PROTOCOL_TYPE) values(240653, 4, 24653, '1004652', 'B0000803',1,'1076测试服务器','4',8,'0');
insert into V_VEHICLEINFO (ORG_CODE,VEHICLE_ID,ID_NUMBER,TYPE_ID,TERMINAL_ID,DELETE_FLAG,COLOR_ID_NUMBER_ID,AUTHORIZED_PAY_MASS) values ('B0000803','2400653', '测B04652', 4, 240653, 0, '2',15);

insert into T_SIMINFO (SIM_ID, ORG_CODE, DEPTCODE, STATE,PAY_MODLE, SIM_NUM) values(24654, 'B0000803', '中国移动', 1, '预付费', 13100004653);
insert into T_TERMINALINFO (TERMINAL_ID,TTYPE_ID,SIM_ID,TERMINAL_CODE,ORG_CODE,IS_VIDEO_TERMINAL,SP_SERVER_NAME,PROTOCOL_TYPE,CHANNELS,YT_PROTOCOL_TYPE) values(240654, 4, 24654, '1004653', 'B0000803',1,'1076测试服务器','4',8,'0');
insert into V_VEHICLEINFO (ORG_CODE,VEHICLE_ID,ID_NUMBER,TYPE_ID,TERMINAL_ID,DELETE_FLAG,COLOR_ID_NUMBER_ID,AUTHORIZED_PAY_MASS) values ('B0000803','2400654', '测B04653', 4, 240654, 0, '2',15);

insert into T_SIMINFO (SIM_ID, ORG_CODE, DEPTCODE, STATE,PAY_MODLE, SIM_NUM) values(24655, 'B0000803', '中国移动', 1, '预付费', 13100004654);
insert into T_TERMINALINFO (TERMINAL_ID,TTYPE_ID,SIM_ID,TERMINAL_CODE,ORG_CODE,IS_VIDEO_TERMINAL,SP_SERVER_NAME,PROTOCOL_TYPE,CHANNELS,YT_PROTOCOL_TYPE) values(240655, 4, 24655, '1004654', 'B0000803',1,'1076测试服务器','4',8,'0');
insert into V_VEHICLEINFO (ORG_CODE,VEHICLE_ID,ID_NUMBER,TYPE_ID,TERMINAL_ID,DELETE_FLAG,COLOR_ID_NUMBER_ID,AUTHORIZED_PAY_MASS) values ('B0000803','2400655', '测B04654', 4, 240655, 0, '2',15);

insert into T_SIMINFO (SIM_ID, ORG_CODE, DEPTCODE, STATE,PAY_MODLE, SIM_NUM) values(24656, 'B0000803', '中国移动', 1, '预付费', 13100004655);
insert into T_TERMINALINFO (TERMINAL_ID,TTYPE_ID,SIM_ID,TERMINAL_CODE,ORG_CODE,IS_VIDEO_TERMINAL,SP_SERVER_NAME,PROTOCOL_TYPE,CHANNELS,YT_PROTOCOL_TYPE) values(240656, 4, 24656, '1004655', 'B0000803',1,'1076测试服务器','4',8,'0');
insert into V_VEHICLEINFO (ORG_CODE,VEHICLE_ID,ID_NUMBER,TYPE_ID,TERMINAL_ID,DELETE_FLAG,COLOR_ID_NUMBER_ID,AUTHORIZED_PAY_MASS) values ('B0000803','2400656', '测B04655', 4, 240656, 0, '2',15);

insert into T_SIMINFO (SIM_ID, ORG_CODE, DEPTCODE, STATE,PAY_MODLE, SIM_NUM) values(24657, 'B0000803', '中国移动', 1, '预付费', 13100004656);
insert into T_TERMINALINFO (TERMINAL_ID,TTYPE_ID,SIM_ID,TERMINAL_CODE,ORG_CODE,IS_VIDEO_TERMINAL,SP_SERVER_NAME,PROTOCOL_TYPE,CHANNELS,YT_PROTOCOL_TYPE) values(240657, 4, 24657, '1004656', 'B0000803',1,'1076测试服务器','4',8,'0');
insert into V_VEHICLEINFO (ORG_CODE,VEHICLE_ID,ID_NUMBER,TYPE_ID,TERMINAL_ID,DELETE_FLAG,COLOR_ID_NUMBER_ID,AUTHORIZED_PAY_MASS) values ('B0000803','2400657', '测B04656', 4, 240657, 0, '2',15);

insert into T_SIMINFO (SIM_ID, ORG_CODE, DEPTCODE, STATE,PAY_MODLE, SIM_NUM) values(24658, 'B0000803', '中国移动', 1, '预付费', 13100004657);
insert into T_TERMINALINFO (TERMINAL_ID,TTYPE_ID,SIM_ID,TERMINAL_CODE,ORG_CODE,IS_VIDEO_TERMINAL,SP_SERVER_NAME,PROTOCOL_TYPE,CHANNELS,YT_PROTOCOL_TYPE) values(240658, 4, 24658, '1004657', 'B0000803',1,'1076测试服务器','4',8,'0');
insert into V_VEHICLEINFO (ORG_CODE,VEHICLE_ID,ID_NUMBER,TYPE_ID,TERMINAL_ID,DELETE_FLAG,COLOR_ID_NUMBER_ID,AUTHORIZED_PAY_MASS) values ('B0000803','2400658', '测B04657', 4, 240658, 0, '2',15);

insert into T_SIMINFO (SIM_ID, ORG_CODE, DEPTCODE, STATE,PAY_MODLE, SIM_NUM) values(24659, 'B0000803', '中国移动', 1, '预付费', 13100004658);
insert into T_TERMINALINFO (TERMINAL_ID,TTYPE_ID,SIM_ID,TERMINAL_CODE,ORG_CODE,IS_VIDEO_TERMINAL,SP_SERVER_NAME,PROTOCOL_TYPE,CHANNELS,YT_PROTOCOL_TYPE) values(240659, 4, 24659, '1004658', 'B0000803',1,'1076测试服务器','4',8,'0');
insert into V_VEHICLEINFO (ORG_CODE,VEHICLE_ID,ID_NUMBER,TYPE_ID,TERMINAL_ID,DELETE_FLAG,COLOR_ID_NUMBER_ID,AUTHORIZED_PAY_MASS) values ('B0000803','2400659', '测B04658', 4, 240659, 0, '2',15);

insert into T_SIMINFO (SIM_ID, ORG_CODE, DEPTCODE, STATE,PAY_MODLE, SIM_NUM) values(24660, 'B0000803', '中国移动', 1, '预付费', 13100004659);
insert into T_TERMINALINFO (TERMINAL_ID,TTYPE_ID,SIM_ID,TERMINAL_CODE,ORG_CODE,IS_VIDEO_TERMINAL,SP_SERVER_NAME,PROTOCOL_TYPE,CHANNELS,YT_PROTOCOL_TYPE) values(240660, 4, 24660, '1004659', 'B0000803',1,'1076测试服务器','4',8,'0');
insert into V_VEHICLEINFO (ORG_CODE,VEHICLE_ID,ID_NUMBER,TYPE_ID,TERMINAL_ID,DELETE_FLAG,COLOR_ID_NUMBER_ID,AUTHORIZED_PAY_MASS) values ('B0000803','2400660', '测B04659', 4, 240660, 0, '2',15);

insert into T_SIMINFO (SIM_ID, ORG_CODE, DEPTCODE, STATE,PAY_MODLE, SIM_NUM) values(24661, 'B0000803', '中国移动', 1, '预付费', 13100004660);
insert into T_TERMINALINFO (TERMINAL_ID,TTYPE_ID,SIM_ID,TERMINAL_CODE,ORG_CODE,IS_VIDEO_TERMINAL,SP_SERVER_NAME,PROTOCOL_TYPE,CHANNELS,YT_PROTOCOL_TYPE) values(240661, 4, 24661, '1004660', 'B0000803',1,'1076测试服务器','4',8,'0');
insert into V_VEHICLEINFO (ORG_CODE,VEHICLE_ID,ID_NUMBER,TYPE_ID,TERMINAL_ID,DELETE_FLAG,COLOR_ID_NUMBER_ID,AUTHORIZED_PAY_MASS) values ('B0000803','2400661', '测B04660', 4, 240661, 0, '2',15);

insert into T_SIMINFO (SIM_ID, ORG_CODE, DEPTCODE, STATE,PAY_MODLE, SIM_NUM) values(24662, 'B0000803', '中国移动', 1, '预付费', 13100004661);
insert into T_TERMINALINFO (TERMINAL_ID,TTYPE_ID,SIM_ID,TERMINAL_CODE,ORG_CODE,IS_VIDEO_TERMINAL,SP_SERVER_NAME,PROTOCOL_TYPE,CHANNELS,YT_PROTOCOL_TYPE) values(240662, 4, 24662, '1004661', 'B0000803',1,'1076测试服务器','4',8,'0');
insert into V_VEHICLEINFO (ORG_CODE,VEHICLE_ID,ID_NUMBER,TYPE_ID,TERMINAL_ID,DELETE_FLAG,COLOR_ID_NUMBER_ID,AUTHORIZED_PAY_MASS) values ('B0000803','2400662', '测B04661', 4, 240662, 0, '2',15);

insert into T_SIMINFO (SIM_ID, ORG_CODE, DEPTCODE, STATE,PAY_MODLE, SIM_NUM) values(24663, 'B0000803', '中国移动', 1, '预付费', 13100004662);
insert into T_TERMINALINFO (TERMINAL_ID,TTYPE_ID,SIM_ID,TERMINAL_CODE,ORG_CODE,IS_VIDEO_TERMINAL,SP_SERVER_NAME,PROTOCOL_TYPE,CHANNELS,YT_PROTOCOL_TYPE) values(240663, 4, 24663, '1004662', 'B0000803',1,'1076测试服务器','4',8,'0');
insert into V_VEHICLEINFO (ORG_CODE,VEHICLE_ID,ID_NUMBER,TYPE_ID,TERMINAL_ID,DELETE_FLAG,COLOR_ID_NUMBER_ID,AUTHORIZED_PAY_MASS) values ('B0000803','2400663', '测B04662', 4, 240663, 0, '2',15);

insert into T_SIMINFO (SIM_ID, ORG_CODE, DEPTCODE, STATE,PAY_MODLE, SIM_NUM) values(24664, 'B0000803', '中国移动', 1, '预付费', 13100004663);
insert into T_TERMINALINFO (TERMINAL_ID,TTYPE_ID,SIM_ID,TERMINAL_CODE,ORG_CODE,IS_VIDEO_TERMINAL,SP_SERVER_NAME,PROTOCOL_TYPE,CHANNELS,YT_PROTOCOL_TYPE) values(240664, 4, 24664, '1004663', 'B0000803',1,'1076测试服务器','4',8,'0');
insert into V_VEHICLEINFO (ORG_CODE,VEHICLE_ID,ID_NUMBER,TYPE_ID,TERMINAL_ID,DELETE_FLAG,COLOR_ID_NUMBER_ID,AUTHORIZED_PAY_MASS) values ('B0000803','2400664', '测B04663', 4, 240664, 0, '2',15);

insert into T_SIMINFO (SIM_ID, ORG_CODE, DEPTCODE, STATE,PAY_MODLE, SIM_NUM) values(24665, 'B0000803', '中国移动', 1, '预付费', 13100004664);
insert into T_TERMINALINFO (TERMINAL_ID,TTYPE_ID,SIM_ID,TERMINAL_CODE,ORG_CODE,IS_VIDEO_TERMINAL,SP_SERVER_NAME,PROTOCOL_TYPE,CHANNELS,YT_PROTOCOL_TYPE) values(240665, 4, 24665, '1004664', 'B0000803',1,'1076测试服务器','4',8,'0');
insert into V_VEHICLEINFO (ORG_CODE,VEHICLE_ID,ID_NUMBER,TYPE_ID,TERMINAL_ID,DELETE_FLAG,COLOR_ID_NUMBER_ID,AUTHORIZED_PAY_MASS) values ('B0000803','2400665', '测B04664', 4, 240665, 0, '2',15);

insert into T_SIMINFO (SIM_ID, ORG_CODE, DEPTCODE, STATE,PAY_MODLE, SIM_NUM) values(24666, 'B0000803', '中国移动', 1, '预付费', 13100004665);
insert into T_TERMINALINFO (TERMINAL_ID,TTYPE_ID,SIM_ID,TERMINAL_CODE,ORG_CODE,IS_VIDEO_TERMINAL,SP_SERVER_NAME,PROTOCOL_TYPE,CHANNELS,YT_PROTOCOL_TYPE) values(240666, 4, 24666, '1004665', 'B0000803',1,'1076测试服务器','4',8,'0');
insert into V_VEHICLEINFO (ORG_CODE,VEHICLE_ID,ID_NUMBER,TYPE_ID,TERMINAL_ID,DELETE_FLAG,COLOR_ID_NUMBER_ID,AUTHORIZED_PAY_MASS) values ('B0000803','2400666', '测B04665', 4, 240666, 0, '2',15);

insert into T_SIMINFO (SIM_ID, ORG_CODE, DEPTCODE, STATE,PAY_MODLE, SIM_NUM) values(24667, 'B0000803', '中国移动', 1, '预付费', 13100004666);
insert into T_TERMINALINFO (TERMINAL_ID,TTYPE_ID,SIM_ID,TERMINAL_CODE,ORG_CODE,IS_VIDEO_TERMINAL,SP_SERVER_NAME,PROTOCOL_TYPE,CHANNELS,YT_PROTOCOL_TYPE) values(240667, 4, 24667, '1004666', 'B0000803',1,'1076测试服务器','4',8,'0');
insert into V_VEHICLEINFO (ORG_CODE,VEHICLE_ID,ID_NUMBER,TYPE_ID,TERMINAL_ID,DELETE_FLAG,COLOR_ID_NUMBER_ID,AUTHORIZED_PAY_MASS) values ('B0000803','2400667', '测B04666', 4, 240667, 0, '2',15);

insert into T_SIMINFO (SIM_ID, ORG_CODE, DEPTCODE, STATE,PAY_MODLE, SIM_NUM) values(24668, 'B0000803', '中国移动', 1, '预付费', 13100004667);
insert into T_TERMINALINFO (TERMINAL_ID,TTYPE_ID,SIM_ID,TERMINAL_CODE,ORG_CODE,IS_VIDEO_TERMINAL,SP_SERVER_NAME,PROTOCOL_TYPE,CHANNELS,YT_PROTOCOL_TYPE) values(240668, 4, 24668, '1004667', 'B0000803',1,'1076测试服务器','4',8,'0');
insert into V_VEHICLEINFO (ORG_CODE,VEHICLE_ID,ID_NUMBER,TYPE_ID,TERMINAL_ID,DELETE_FLAG,COLOR_ID_NUMBER_ID,AUTHORIZED_PAY_MASS) values ('B0000803','2400668', '测B04667', 4, 240668, 0, '2',15);

insert into T_SIMINFO (SIM_ID, ORG_CODE, DEPTCODE, STATE,PAY_MODLE, SIM_NUM) values(24669, 'B0000803', '中国移动', 1, '预付费', 13100004668);
insert into T_TERMINALINFO (TERMINAL_ID,TTYPE_ID,SIM_ID,TERMINAL_CODE,ORG_CODE,IS_VIDEO_TERMINAL,SP_SERVER_NAME,PROTOCOL_TYPE,CHANNELS,YT_PROTOCOL_TYPE) values(240669, 4, 24669, '1004668', 'B0000803',1,'1076测试服务器','4',8,'0');
insert into V_VEHICLEINFO (ORG_CODE,VEHICLE_ID,ID_NUMBER,TYPE_ID,TERMINAL_ID,DELETE_FLAG,COLOR_ID_NUMBER_ID,AUTHORIZED_PAY_MASS) values ('B0000803','2400669', '测B04668', 4, 240669, 0, '2',15);

insert into T_SIMINFO (SIM_ID, ORG_CODE, DEPTCODE, STATE,PAY_MODLE, SIM_NUM) values(24670, 'B0000803', '中国移动', 1, '预付费', 13100004669);
insert into T_TERMINALINFO (TERMINAL_ID,TTYPE_ID,SIM_ID,TERMINAL_CODE,ORG_CODE,IS_VIDEO_TERMINAL,SP_SERVER_NAME,PROTOCOL_TYPE,CHANNELS,YT_PROTOCOL_TYPE) values(240670, 4, 24670, '1004669', 'B0000803',1,'1076测试服务器','4',8,'0');
insert into V_VEHICLEINFO (ORG_CODE,VEHICLE_ID,ID_NUMBER,TYPE_ID,TERMINAL_ID,DELETE_FLAG,COLOR_ID_NUMBER_ID,AUTHORIZED_PAY_MASS) values ('B0000803','2400670', '测B04669', 4, 240670, 0, '2',15);

insert into T_SIMINFO (SIM_ID, ORG_CODE, DEPTCODE, STATE,PAY_MODLE, SIM_NUM) values(24671, 'B0000803', '中国移动', 1, '预付费', 13100004670);
insert into T_TERMINALINFO (TERMINAL_ID,TTYPE_ID,SIM_ID,TERMINAL_CODE,ORG_CODE,IS_VIDEO_TERMINAL,SP_SERVER_NAME,PROTOCOL_TYPE,CHANNELS,YT_PROTOCOL_TYPE) values(240671, 4, 24671, '1004670', 'B0000803',1,'1076测试服务器','4',8,'0');
insert into V_VEHICLEINFO (ORG_CODE,VEHICLE_ID,ID_NUMBER,TYPE_ID,TERMINAL_ID,DELETE_FLAG,COLOR_ID_NUMBER_ID,AUTHORIZED_PAY_MASS) values ('B0000803','2400671', '测B04670', 4, 240671, 0, '2',15);

insert into T_SIMINFO (SIM_ID, ORG_CODE, DEPTCODE, STATE,PAY_MODLE, SIM_NUM) values(24672, 'B0000803', '中国移动', 1, '预付费', 13100004671);
insert into T_TERMINALINFO (TERMINAL_ID,TTYPE_ID,SIM_ID,TERMINAL_CODE,ORG_CODE,IS_VIDEO_TERMINAL,SP_SERVER_NAME,PROTOCOL_TYPE,CHANNELS,YT_PROTOCOL_TYPE) values(240672, 4, 24672, '1004671', 'B0000803',1,'1076测试服务器','4',8,'0');
insert into V_VEHICLEINFO (ORG_CODE,VEHICLE_ID,ID_NUMBER,TYPE_ID,TERMINAL_ID,DELETE_FLAG,COLOR_ID_NUMBER_ID,AUTHORIZED_PAY_MASS) values ('B0000803','2400672', '测B04671', 4, 240672, 0, '2',15);

insert into T_SIMINFO (SIM_ID, ORG_CODE, DEPTCODE, STATE,PAY_MODLE, SIM_NUM) values(24673, 'B0000803', '中国移动', 1, '预付费', 13100004672);
insert into T_TERMINALINFO (TERMINAL_ID,TTYPE_ID,SIM_ID,TERMINAL_CODE,ORG_CODE,IS_VIDEO_TERMINAL,SP_SERVER_NAME,PROTOCOL_TYPE,CHANNELS,YT_PROTOCOL_TYPE) values(240673, 4, 24673, '1004672', 'B0000803',1,'1076测试服务器','4',8,'0');
insert into V_VEHICLEINFO (ORG_CODE,VEHICLE_ID,ID_NUMBER,TYPE_ID,TERMINAL_ID,DELETE_FLAG,COLOR_ID_NUMBER_ID,AUTHORIZED_PAY_MASS) values ('B0000803','2400673', '测B04672', 4, 240673, 0, '2',15);

insert into T_SIMINFO (SIM_ID, ORG_CODE, DEPTCODE, STATE,PAY_MODLE, SIM_NUM) values(24674, 'B0000803', '中国移动', 1, '预付费', 13100004673);
insert into T_TERMINALINFO (TERMINAL_ID,TTYPE_ID,SIM_ID,TERMINAL_CODE,ORG_CODE,IS_VIDEO_TERMINAL,SP_SERVER_NAME,PROTOCOL_TYPE,CHANNELS,YT_PROTOCOL_TYPE) values(240674, 4, 24674, '1004673', 'B0000803',1,'1076测试服务器','4',8,'0');
insert into V_VEHICLEINFO (ORG_CODE,VEHICLE_ID,ID_NUMBER,TYPE_ID,TERMINAL_ID,DELETE_FLAG,COLOR_ID_NUMBER_ID,AUTHORIZED_PAY_MASS) values ('B0000803','2400674', '测B04673', 4, 240674, 0, '2',15);

insert into T_SIMINFO (SIM_ID, ORG_CODE, DEPTCODE, STATE,PAY_MODLE, SIM_NUM) values(24675, 'B0000803', '中国移动', 1, '预付费', 13100004674);
insert into T_TERMINALINFO (TERMINAL_ID,TTYPE_ID,SIM_ID,TERMINAL_CODE,ORG_CODE,IS_VIDEO_TERMINAL,SP_SERVER_NAME,PROTOCOL_TYPE,CHANNELS,YT_PROTOCOL_TYPE) values(240675, 4, 24675, '1004674', 'B0000803',1,'1076测试服务器','4',8,'0');
insert into V_VEHICLEINFO (ORG_CODE,VEHICLE_ID,ID_NUMBER,TYPE_ID,TERMINAL_ID,DELETE_FLAG,COLOR_ID_NUMBER_ID,AUTHORIZED_PAY_MASS) values ('B0000803','2400675', '测B04674', 4, 240675, 0, '2',15);

insert into T_SIMINFO (SIM_ID, ORG_CODE, DEPTCODE, STATE,PAY_MODLE, SIM_NUM) values(24676, 'B0000803', '中国移动', 1, '预付费', 13100004675);
insert into T_TERMINALINFO (TERMINAL_ID,TTYPE_ID,SIM_ID,TERMINAL_CODE,ORG_CODE,IS_VIDEO_TERMINAL,SP_SERVER_NAME,PROTOCOL_TYPE,CHANNELS,YT_PROTOCOL_TYPE) values(240676, 4, 24676, '1004675', 'B0000803',1,'1076测试服务器','4',8,'0');
insert into V_VEHICLEINFO (ORG_CODE,VEHICLE_ID,ID_NUMBER,TYPE_ID,TERMINAL_ID,DELETE_FLAG,COLOR_ID_NUMBER_ID,AUTHORIZED_PAY_MASS) values ('B0000803','2400676', '测B04675', 4, 240676, 0, '2',15);

insert into T_SIMINFO (SIM_ID, ORG_CODE, DEPTCODE, STATE,PAY_MODLE, SIM_NUM) values(24677, 'B0000803', '中国移动', 1, '预付费', 13100004676);
insert into T_TERMINALINFO (TERMINAL_ID,TTYPE_ID,SIM_ID,TERMINAL_CODE,ORG_CODE,IS_VIDEO_TERMINAL,SP_SERVER_NAME,PROTOCOL_TYPE,CHANNELS,YT_PROTOCOL_TYPE) values(240677, 4, 24677, '1004676', 'B0000803',1,'1076测试服务器','4',8,'0');
insert into V_VEHICLEINFO (ORG_CODE,VEHICLE_ID,ID_NUMBER,TYPE_ID,TERMINAL_ID,DELETE_FLAG,COLOR_ID_NUMBER_ID,AUTHORIZED_PAY_MASS) values ('B0000803','2400677', '测B04676', 4, 240677, 0, '2',15);

insert into T_SIMINFO (SIM_ID, ORG_CODE, DEPTCODE, STATE,PAY_MODLE, SIM_NUM) values(24678, 'B0000803', '中国移动', 1, '预付费', 13100004677);
insert into T_TERMINALINFO (TERMINAL_ID,TTYPE_ID,SIM_ID,TERMINAL_CODE,ORG_CODE,IS_VIDEO_TERMINAL,SP_SERVER_NAME,PROTOCOL_TYPE,CHANNELS,YT_PROTOCOL_TYPE) values(240678, 4, 24678, '1004677', 'B0000803',1,'1076测试服务器','4',8,'0');
insert into V_VEHICLEINFO (ORG_CODE,VEHICLE_ID,ID_NUMBER,TYPE_ID,TERMINAL_ID,DELETE_FLAG,COLOR_ID_NUMBER_ID,AUTHORIZED_PAY_MASS) values ('B0000803','2400678', '测B04677', 4, 240678, 0, '2',15);

insert into T_SIMINFO (SIM_ID, ORG_CODE, DEPTCODE, STATE,PAY_MODLE, SIM_NUM) values(24679, 'B0000803', '中国移动', 1, '预付费', 13100004678);
insert into T_TERMINALINFO (TERMINAL_ID,TTYPE_ID,SIM_ID,TERMINAL_CODE,ORG_CODE,IS_VIDEO_TERMINAL,SP_SERVER_NAME,PROTOCOL_TYPE,CHANNELS,YT_PROTOCOL_TYPE) values(240679, 4, 24679, '1004678', 'B0000803',1,'1076测试服务器','4',8,'0');
insert into V_VEHICLEINFO (ORG_CODE,VEHICLE_ID,ID_NUMBER,TYPE_ID,TERMINAL_ID,DELETE_FLAG,COLOR_ID_NUMBER_ID,AUTHORIZED_PAY_MASS) values ('B0000803','2400679', '测B04678', 4, 240679, 0, '2',15);

insert into T_SIMINFO (SIM_ID, ORG_CODE, DEPTCODE, STATE,PAY_MODLE, SIM_NUM) values(24680, 'B0000803', '中国移动', 1, '预付费', 13100004679);
insert into T_TERMINALINFO (TERMINAL_ID,TTYPE_ID,SIM_ID,TERMINAL_CODE,ORG_CODE,IS_VIDEO_TERMINAL,SP_SERVER_NAME,PROTOCOL_TYPE,CHANNELS,YT_PROTOCOL_TYPE) values(240680, 4, 24680, '1004679', 'B0000803',1,'1076测试服务器','4',8,'0');
insert into V_VEHICLEINFO (ORG_CODE,VEHICLE_ID,ID_NUMBER,TYPE_ID,TERMINAL_ID,DELETE_FLAG,COLOR_ID_NUMBER_ID,AUTHORIZED_PAY_MASS) values ('B0000803','2400680', '测B04679', 4, 240680, 0, '2',15);

insert into T_SIMINFO (SIM_ID, ORG_CODE, DEPTCODE, STATE,PAY_MODLE, SIM_NUM) values(24681, 'B0000803', '中国移动', 1, '预付费', 13100004680);
insert into T_TERMINALINFO (TERMINAL_ID,TTYPE_ID,SIM_ID,TERMINAL_CODE,ORG_CODE,IS_VIDEO_TERMINAL,SP_SERVER_NAME,PROTOCOL_TYPE,CHANNELS,YT_PROTOCOL_TYPE) values(240681, 4, 24681, '1004680', 'B0000803',1,'1076测试服务器','4',8,'0');
insert into V_VEHICLEINFO (ORG_CODE,VEHICLE_ID,ID_NUMBER,TYPE_ID,TERMINAL_ID,DELETE_FLAG,COLOR_ID_NUMBER_ID,AUTHORIZED_PAY_MASS) values ('B0000803','2400681', '测B04680', 4, 240681, 0, '2',15);

insert into T_SIMINFO (SIM_ID, ORG_CODE, DEPTCODE, STATE,PAY_MODLE, SIM_NUM) values(24682, 'B0000803', '中国移动', 1, '预付费', 13100004681);
insert into T_TERMINALINFO (TERMINAL_ID,TTYPE_ID,SIM_ID,TERMINAL_CODE,ORG_CODE,IS_VIDEO_TERMINAL,SP_SERVER_NAME,PROTOCOL_TYPE,CHANNELS,YT_PROTOCOL_TYPE) values(240682, 4, 24682, '1004681', 'B0000803',1,'1076测试服务器','4',8,'0');
insert into V_VEHICLEINFO (ORG_CODE,VEHICLE_ID,ID_NUMBER,TYPE_ID,TERMINAL_ID,DELETE_FLAG,COLOR_ID_NUMBER_ID,AUTHORIZED_PAY_MASS) values ('B0000803','2400682', '测B04681', 4, 240682, 0, '2',15);

insert into T_SIMINFO (SIM_ID, ORG_CODE, DEPTCODE, STATE,PAY_MODLE, SIM_NUM) values(24683, 'B0000803', '中国移动', 1, '预付费', 13100004682);
insert into T_TERMINALINFO (TERMINAL_ID,TTYPE_ID,SIM_ID,TERMINAL_CODE,ORG_CODE,IS_VIDEO_TERMINAL,SP_SERVER_NAME,PROTOCOL_TYPE,CHANNELS,YT_PROTOCOL_TYPE) values(240683, 4, 24683, '1004682', 'B0000803',1,'1076测试服务器','4',8,'0');
insert into V_VEHICLEINFO (ORG_CODE,VEHICLE_ID,ID_NUMBER,TYPE_ID,TERMINAL_ID,DELETE_FLAG,COLOR_ID_NUMBER_ID,AUTHORIZED_PAY_MASS) values ('B0000803','2400683', '测B04682', 4, 240683, 0, '2',15);

insert into T_SIMINFO (SIM_ID, ORG_CODE, DEPTCODE, STATE,PAY_MODLE, SIM_NUM) values(24684, 'B0000803', '中国移动', 1, '预付费', 13100004683);
insert into T_TERMINALINFO (TERMINAL_ID,TTYPE_ID,SIM_ID,TERMINAL_CODE,ORG_CODE,IS_VIDEO_TERMINAL,SP_SERVER_NAME,PROTOCOL_TYPE,CHANNELS,YT_PROTOCOL_TYPE) values(240684, 4, 24684, '1004683', 'B0000803',1,'1076测试服务器','4',8,'0');
insert into V_VEHICLEINFO (ORG_CODE,VEHICLE_ID,ID_NUMBER,TYPE_ID,TERMINAL_ID,DELETE_FLAG,COLOR_ID_NUMBER_ID,AUTHORIZED_PAY_MASS) values ('B0000803','2400684', '测B04683', 4, 240684, 0, '2',15);

insert into T_SIMINFO (SIM_ID, ORG_CODE, DEPTCODE, STATE,PAY_MODLE, SIM_NUM) values(24685, 'B0000803', '中国移动', 1, '预付费', 13100004684);
insert into T_TERMINALINFO (TERMINAL_ID,TTYPE_ID,SIM_ID,TERMINAL_CODE,ORG_CODE,IS_VIDEO_TERMINAL,SP_SERVER_NAME,PROTOCOL_TYPE,CHANNELS,YT_PROTOCOL_TYPE) values(240685, 4, 24685, '1004684', 'B0000803',1,'1076测试服务器','4',8,'0');
insert into V_VEHICLEINFO (ORG_CODE,VEHICLE_ID,ID_NUMBER,TYPE_ID,TERMINAL_ID,DELETE_FLAG,COLOR_ID_NUMBER_ID,AUTHORIZED_PAY_MASS) values ('B0000803','2400685', '测B04684', 4, 240685, 0, '2',15);

insert into T_SIMINFO (SIM_ID, ORG_CODE, DEPTCODE, STATE,PAY_MODLE, SIM_NUM) values(24686, 'B0000803', '中国移动', 1, '预付费', 13100004685);
insert into T_TERMINALINFO (TERMINAL_ID,TTYPE_ID,SIM_ID,TERMINAL_CODE,ORG_CODE,IS_VIDEO_TERMINAL,SP_SERVER_NAME,PROTOCOL_TYPE,CHANNELS,YT_PROTOCOL_TYPE) values(240686, 4, 24686, '1004685', 'B0000803',1,'1076测试服务器','4',8,'0');
insert into V_VEHICLEINFO (ORG_CODE,VEHICLE_ID,ID_NUMBER,TYPE_ID,TERMINAL_ID,DELETE_FLAG,COLOR_ID_NUMBER_ID,AUTHORIZED_PAY_MASS) values ('B0000803','2400686', '测B04685', 4, 240686, 0, '2',15);

insert into T_SIMINFO (SIM_ID, ORG_CODE, DEPTCODE, STATE,PAY_MODLE, SIM_NUM) values(24687, 'B0000803', '中国移动', 1, '预付费', 13100004686);
insert into T_TERMINALINFO (TERMINAL_ID,TTYPE_ID,SIM_ID,TERMINAL_CODE,ORG_CODE,IS_VIDEO_TERMINAL,SP_SERVER_NAME,PROTOCOL_TYPE,CHANNELS,YT_PROTOCOL_TYPE) values(240687, 4, 24687, '1004686', 'B0000803',1,'1076测试服务器','4',8,'0');
insert into V_VEHICLEINFO (ORG_CODE,VEHICLE_ID,ID_NUMBER,TYPE_ID,TERMINAL_ID,DELETE_FLAG,COLOR_ID_NUMBER_ID,AUTHORIZED_PAY_MASS) values ('B0000803','2400687', '测B04686', 4, 240687, 0, '2',15);

insert into T_SIMINFO (SIM_ID, ORG_CODE, DEPTCODE, STATE,PAY_MODLE, SIM_NUM) values(24688, 'B0000803', '中国移动', 1, '预付费', 13100004687);
insert into T_TERMINALINFO (TERMINAL_ID,TTYPE_ID,SIM_ID,TERMINAL_CODE,ORG_CODE,IS_VIDEO_TERMINAL,SP_SERVER_NAME,PROTOCOL_TYPE,CHANNELS,YT_PROTOCOL_TYPE) values(240688, 4, 24688, '1004687', 'B0000803',1,'1076测试服务器','4',8,'0');
insert into V_VEHICLEINFO (ORG_CODE,VEHICLE_ID,ID_NUMBER,TYPE_ID,TERMINAL_ID,DELETE_FLAG,COLOR_ID_NUMBER_ID,AUTHORIZED_PAY_MASS) values ('B0000803','2400688', '测B04687', 4, 240688, 0, '2',15);

insert into T_SIMINFO (SIM_ID, ORG_CODE, DEPTCODE, STATE,PAY_MODLE, SIM_NUM) values(24689, 'B0000803', '中国移动', 1, '预付费', 13100004688);
insert into T_TERMINALINFO (TERMINAL_ID,TTYPE_ID,SIM_ID,TERMINAL_CODE,ORG_CODE,IS_VIDEO_TERMINAL,SP_SERVER_NAME,PROTOCOL_TYPE,CHANNELS,YT_PROTOCOL_TYPE) values(240689, 4, 24689, '1004688', 'B0000803',1,'1076测试服务器','4',8,'0');
insert into V_VEHICLEINFO (ORG_CODE,VEHICLE_ID,ID_NUMBER,TYPE_ID,TERMINAL_ID,DELETE_FLAG,COLOR_ID_NUMBER_ID,AUTHORIZED_PAY_MASS) values ('B0000803','2400689', '测B04688', 4, 240689, 0, '2',15);

insert into T_SIMINFO (SIM_ID, ORG_CODE, DEPTCODE, STATE,PAY_MODLE, SIM_NUM) values(24690, 'B0000803', '中国移动', 1, '预付费', 13100004689);
insert into T_TERMINALINFO (TERMINAL_ID,TTYPE_ID,SIM_ID,TERMINAL_CODE,ORG_CODE,IS_VIDEO_TERMINAL,SP_SERVER_NAME,PROTOCOL_TYPE,CHANNELS,YT_PROTOCOL_TYPE) values(240690, 4, 24690, '1004689', 'B0000803',1,'1076测试服务器','4',8,'0');
insert into V_VEHICLEINFO (ORG_CODE,VEHICLE_ID,ID_NUMBER,TYPE_ID,TERMINAL_ID,DELETE_FLAG,COLOR_ID_NUMBER_ID,AUTHORIZED_PAY_MASS) values ('B0000803','2400690', '测B04689', 4, 240690, 0, '2',15);

insert into T_SIMINFO (SIM_ID, ORG_CODE, DEPTCODE, STATE,PAY_MODLE, SIM_NUM) values(24691, 'B0000803', '中国移动', 1, '预付费', 13100004690);
insert into T_TERMINALINFO (TERMINAL_ID,TTYPE_ID,SIM_ID,TERMINAL_CODE,ORG_CODE,IS_VIDEO_TERMINAL,SP_SERVER_NAME,PROTOCOL_TYPE,CHANNELS,YT_PROTOCOL_TYPE) values(240691, 4, 24691, '1004690', 'B0000803',1,'1076测试服务器','4',8,'0');
insert into V_VEHICLEINFO (ORG_CODE,VEHICLE_ID,ID_NUMBER,TYPE_ID,TERMINAL_ID,DELETE_FLAG,COLOR_ID_NUMBER_ID,AUTHORIZED_PAY_MASS) values ('B0000803','2400691', '测B04690', 4, 240691, 0, '2',15);

insert into T_SIMINFO (SIM_ID, ORG_CODE, DEPTCODE, STATE,PAY_MODLE, SIM_NUM) values(24692, 'B0000803', '中国移动', 1, '预付费', 13100004691);
insert into T_TERMINALINFO (TERMINAL_ID,TTYPE_ID,SIM_ID,TERMINAL_CODE,ORG_CODE,IS_VIDEO_TERMINAL,SP_SERVER_NAME,PROTOCOL_TYPE,CHANNELS,YT_PROTOCOL_TYPE) values(240692, 4, 24692, '1004691', 'B0000803',1,'1076测试服务器','4',8,'0');
insert into V_VEHICLEINFO (ORG_CODE,VEHICLE_ID,ID_NUMBER,TYPE_ID,TERMINAL_ID,DELETE_FLAG,COLOR_ID_NUMBER_ID,AUTHORIZED_PAY_MASS) values ('B0000803','2400692', '测B04691', 4, 240692, 0, '2',15);

insert into T_SIMINFO (SIM_ID, ORG_CODE, DEPTCODE, STATE,PAY_MODLE, SIM_NUM) values(24693, 'B0000803', '中国移动', 1, '预付费', 13100004692);
insert into T_TERMINALINFO (TERMINAL_ID,TTYPE_ID,SIM_ID,TERMINAL_CODE,ORG_CODE,IS_VIDEO_TERMINAL,SP_SERVER_NAME,PROTOCOL_TYPE,CHANNELS,YT_PROTOCOL_TYPE) values(240693, 4, 24693, '1004692', 'B0000803',1,'1076测试服务器','4',8,'0');
insert into V_VEHICLEINFO (ORG_CODE,VEHICLE_ID,ID_NUMBER,TYPE_ID,TERMINAL_ID,DELETE_FLAG,COLOR_ID_NUMBER_ID,AUTHORIZED_PAY_MASS) values ('B0000803','2400693', '测B04692', 4, 240693, 0, '2',15);

insert into T_SIMINFO (SIM_ID, ORG_CODE, DEPTCODE, STATE,PAY_MODLE, SIM_NUM) values(24694, 'B0000803', '中国移动', 1, '预付费', 13100004693);
insert into T_TERMINALINFO (TERMINAL_ID,TTYPE_ID,SIM_ID,TERMINAL_CODE,ORG_CODE,IS_VIDEO_TERMINAL,SP_SERVER_NAME,PROTOCOL_TYPE,CHANNELS,YT_PROTOCOL_TYPE) values(240694, 4, 24694, '1004693', 'B0000803',1,'1076测试服务器','4',8,'0');
insert into V_VEHICLEINFO (ORG_CODE,VEHICLE_ID,ID_NUMBER,TYPE_ID,TERMINAL_ID,DELETE_FLAG,COLOR_ID_NUMBER_ID,AUTHORIZED_PAY_MASS) values ('B0000803','2400694', '测B04693', 4, 240694, 0, '2',15);

insert into T_SIMINFO (SIM_ID, ORG_CODE, DEPTCODE, STATE,PAY_MODLE, SIM_NUM) values(24695, 'B0000803', '中国移动', 1, '预付费', 13100004694);
insert into T_TERMINALINFO (TERMINAL_ID,TTYPE_ID,SIM_ID,TERMINAL_CODE,ORG_CODE,IS_VIDEO_TERMINAL,SP_SERVER_NAME,PROTOCOL_TYPE,CHANNELS,YT_PROTOCOL_TYPE) values(240695, 4, 24695, '1004694', 'B0000803',1,'1076测试服务器','4',8,'0');
insert into V_VEHICLEINFO (ORG_CODE,VEHICLE_ID,ID_NUMBER,TYPE_ID,TERMINAL_ID,DELETE_FLAG,COLOR_ID_NUMBER_ID,AUTHORIZED_PAY_MASS) values ('B0000803','2400695', '测B04694', 4, 240695, 0, '2',15);

insert into T_SIMINFO (SIM_ID, ORG_CODE, DEPTCODE, STATE,PAY_MODLE, SIM_NUM) values(24696, 'B0000803', '中国移动', 1, '预付费', 13100004695);
insert into T_TERMINALINFO (TERMINAL_ID,TTYPE_ID,SIM_ID,TERMINAL_CODE,ORG_CODE,IS_VIDEO_TERMINAL,SP_SERVER_NAME,PROTOCOL_TYPE,CHANNELS,YT_PROTOCOL_TYPE) values(240696, 4, 24696, '1004695', 'B0000803',1,'1076测试服务器','4',8,'0');
insert into V_VEHICLEINFO (ORG_CODE,VEHICLE_ID,ID_NUMBER,TYPE_ID,TERMINAL_ID,DELETE_FLAG,COLOR_ID_NUMBER_ID,AUTHORIZED_PAY_MASS) values ('B0000803','2400696', '测B04695', 4, 240696, 0, '2',15);

insert into T_SIMINFO (SIM_ID, ORG_CODE, DEPTCODE, STATE,PAY_MODLE, SIM_NUM) values(24697, 'B0000803', '中国移动', 1, '预付费', 13100004696);
insert into T_TERMINALINFO (TERMINAL_ID,TTYPE_ID,SIM_ID,TERMINAL_CODE,ORG_CODE,IS_VIDEO_TERMINAL,SP_SERVER_NAME,PROTOCOL_TYPE,CHANNELS,YT_PROTOCOL_TYPE) values(240697, 4, 24697, '1004696', 'B0000803',1,'1076测试服务器','4',8,'0');
insert into V_VEHICLEINFO (ORG_CODE,VEHICLE_ID,ID_NUMBER,TYPE_ID,TERMINAL_ID,DELETE_FLAG,COLOR_ID_NUMBER_ID,AUTHORIZED_PAY_MASS) values ('B0000803','2400697', '测B04696', 4, 240697, 0, '2',15);

insert into T_SIMINFO (SIM_ID, ORG_CODE, DEPTCODE, STATE,PAY_MODLE, SIM_NUM) values(24698, 'B0000803', '中国移动', 1, '预付费', 13100004697);
insert into T_TERMINALINFO (TERMINAL_ID,TTYPE_ID,SIM_ID,TERMINAL_CODE,ORG_CODE,IS_VIDEO_TERMINAL,SP_SERVER_NAME,PROTOCOL_TYPE,CHANNELS,YT_PROTOCOL_TYPE) values(240698, 4, 24698, '1004697', 'B0000803',1,'1076测试服务器','4',8,'0');
insert into V_VEHICLEINFO (ORG_CODE,VEHICLE_ID,ID_NUMBER,TYPE_ID,TERMINAL_ID,DELETE_FLAG,COLOR_ID_NUMBER_ID,AUTHORIZED_PAY_MASS) values ('B0000803','2400698', '测B04697', 4, 240698, 0, '2',15);

insert into T_SIMINFO (SIM_ID, ORG_CODE, DEPTCODE, STATE,PAY_MODLE, SIM_NUM) values(24699, 'B0000803', '中国移动', 1, '预付费', 13100004698);
insert into T_TERMINALINFO (TERMINAL_ID,TTYPE_ID,SIM_ID,TERMINAL_CODE,ORG_CODE,IS_VIDEO_TERMINAL,SP_SERVER_NAME,PROTOCOL_TYPE,CHANNELS,YT_PROTOCOL_TYPE) values(240699, 4, 24699, '1004698', 'B0000803',1,'1076测试服务器','4',8,'0');
insert into V_VEHICLEINFO (ORG_CODE,VEHICLE_ID,ID_NUMBER,TYPE_ID,TERMINAL_ID,DELETE_FLAG,COLOR_ID_NUMBER_ID,AUTHORIZED_PAY_MASS) values ('B0000803','2400699', '测B04698', 4, 240699, 0, '2',15);

insert into T_SIMINFO (SIM_ID, ORG_CODE, DEPTCODE, STATE,PAY_MODLE, SIM_NUM) values(24700, 'B0000803', '中国移动', 1, '预付费', 13100004699);
insert into T_TERMINALINFO (TERMINAL_ID,TTYPE_ID,SIM_ID,TERMINAL_CODE,ORG_CODE,IS_VIDEO_TERMINAL,SP_SERVER_NAME,PROTOCOL_TYPE,CHANNELS,YT_PROTOCOL_TYPE) values(240700, 4, 24700, '1004699', 'B0000803',1,'1076测试服务器','4',8,'0');
insert into V_VEHICLEINFO (ORG_CODE,VEHICLE_ID,ID_NUMBER,TYPE_ID,TERMINAL_ID,DELETE_FLAG,COLOR_ID_NUMBER_ID,AUTHORIZED_PAY_MASS) values ('B0000803','2400700', '测B04699', 4, 240700, 0, '2',15);

insert into T_SIMINFO (SIM_ID, ORG_CODE, DEPTCODE, STATE,PAY_MODLE, SIM_NUM) values(24701, 'B0000803', '中国移动', 1, '预付费', 13100004700);
insert into T_TERMINALINFO (TERMINAL_ID,TTYPE_ID,SIM_ID,TERMINAL_CODE,ORG_CODE,IS_VIDEO_TERMINAL,SP_SERVER_NAME,PROTOCOL_TYPE,CHANNELS,YT_PROTOCOL_TYPE) values(240701, 4, 24701, '1004700', 'B0000803',1,'1076测试服务器','4',8,'0');
insert into V_VEHICLEINFO (ORG_CODE,VEHICLE_ID,ID_NUMBER,TYPE_ID,TERMINAL_ID,DELETE_FLAG,COLOR_ID_NUMBER_ID,AUTHORIZED_PAY_MASS) values ('B0000803','2400701', '测B04700', 4, 240701, 0, '2',15);

insert into T_SIMINFO (SIM_ID, ORG_CODE, DEPTCODE, STATE,PAY_MODLE, SIM_NUM) values(24702, 'B0000803', '中国移动', 1, '预付费', 13100004701);
insert into T_TERMINALINFO (TERMINAL_ID,TTYPE_ID,SIM_ID,TERMINAL_CODE,ORG_CODE,IS_VIDEO_TERMINAL,SP_SERVER_NAME,PROTOCOL_TYPE,CHANNELS,YT_PROTOCOL_TYPE) values(240702, 4, 24702, '1004701', 'B0000803',1,'1076测试服务器','4',8,'0');
insert into V_VEHICLEINFO (ORG_CODE,VEHICLE_ID,ID_NUMBER,TYPE_ID,TERMINAL_ID,DELETE_FLAG,COLOR_ID_NUMBER_ID,AUTHORIZED_PAY_MASS) values ('B0000803','2400702', '测B04701', 4, 240702, 0, '2',15);

insert into T_SIMINFO (SIM_ID, ORG_CODE, DEPTCODE, STATE,PAY_MODLE, SIM_NUM) values(24703, 'B0000803', '中国移动', 1, '预付费', 13100004702);
insert into T_TERMINALINFO (TERMINAL_ID,TTYPE_ID,SIM_ID,TERMINAL_CODE,ORG_CODE,IS_VIDEO_TERMINAL,SP_SERVER_NAME,PROTOCOL_TYPE,CHANNELS,YT_PROTOCOL_TYPE) values(240703, 4, 24703, '1004702', 'B0000803',1,'1076测试服务器','4',8,'0');
insert into V_VEHICLEINFO (ORG_CODE,VEHICLE_ID,ID_NUMBER,TYPE_ID,TERMINAL_ID,DELETE_FLAG,COLOR_ID_NUMBER_ID,AUTHORIZED_PAY_MASS) values ('B0000803','2400703', '测B04702', 4, 240703, 0, '2',15);

insert into T_SIMINFO (SIM_ID, ORG_CODE, DEPTCODE, STATE,PAY_MODLE, SIM_NUM) values(24704, 'B0000803', '中国移动', 1, '预付费', 13100004703);
insert into T_TERMINALINFO (TERMINAL_ID,TTYPE_ID,SIM_ID,TERMINAL_CODE,ORG_CODE,IS_VIDEO_TERMINAL,SP_SERVER_NAME,PROTOCOL_TYPE,CHANNELS,YT_PROTOCOL_TYPE) values(240704, 4, 24704, '1004703', 'B0000803',1,'1076测试服务器','4',8,'0');
insert into V_VEHICLEINFO (ORG_CODE,VEHICLE_ID,ID_NUMBER,TYPE_ID,TERMINAL_ID,DELETE_FLAG,COLOR_ID_NUMBER_ID,AUTHORIZED_PAY_MASS) values ('B0000803','2400704', '测B04703', 4, 240704, 0, '2',15);

insert into T_SIMINFO (SIM_ID, ORG_CODE, DEPTCODE, STATE,PAY_MODLE, SIM_NUM) values(24705, 'B0000803', '中国移动', 1, '预付费', 13100004704);
insert into T_TERMINALINFO (TERMINAL_ID,TTYPE_ID,SIM_ID,TERMINAL_CODE,ORG_CODE,IS_VIDEO_TERMINAL,SP_SERVER_NAME,PROTOCOL_TYPE,CHANNELS,YT_PROTOCOL_TYPE) values(240705, 4, 24705, '1004704', 'B0000803',1,'1076测试服务器','4',8,'0');
insert into V_VEHICLEINFO (ORG_CODE,VEHICLE_ID,ID_NUMBER,TYPE_ID,TERMINAL_ID,DELETE_FLAG,COLOR_ID_NUMBER_ID,AUTHORIZED_PAY_MASS) values ('B0000803','2400705', '测B04704', 4, 240705, 0, '2',15);

insert into T_SIMINFO (SIM_ID, ORG_CODE, DEPTCODE, STATE,PAY_MODLE, SIM_NUM) values(24706, 'B0000803', '中国移动', 1, '预付费', 13100004705);
insert into T_TERMINALINFO (TERMINAL_ID,TTYPE_ID,SIM_ID,TERMINAL_CODE,ORG_CODE,IS_VIDEO_TERMINAL,SP_SERVER_NAME,PROTOCOL_TYPE,CHANNELS,YT_PROTOCOL_TYPE) values(240706, 4, 24706, '1004705', 'B0000803',1,'1076测试服务器','4',8,'0');
insert into V_VEHICLEINFO (ORG_CODE,VEHICLE_ID,ID_NUMBER,TYPE_ID,TERMINAL_ID,DELETE_FLAG,COLOR_ID_NUMBER_ID,AUTHORIZED_PAY_MASS) values ('B0000803','2400706', '测B04705', 4, 240706, 0, '2',15);

insert into T_SIMINFO (SIM_ID, ORG_CODE, DEPTCODE, STATE,PAY_MODLE, SIM_NUM) values(24707, 'B0000803', '中国移动', 1, '预付费', 13100004706);
insert into T_TERMINALINFO (TERMINAL_ID,TTYPE_ID,SIM_ID,TERMINAL_CODE,ORG_CODE,IS_VIDEO_TERMINAL,SP_SERVER_NAME,PROTOCOL_TYPE,CHANNELS,YT_PROTOCOL_TYPE) values(240707, 4, 24707, '1004706', 'B0000803',1,'1076测试服务器','4',8,'0');
insert into V_VEHICLEINFO (ORG_CODE,VEHICLE_ID,ID_NUMBER,TYPE_ID,TERMINAL_ID,DELETE_FLAG,COLOR_ID_NUMBER_ID,AUTHORIZED_PAY_MASS) values ('B0000803','2400707', '测B04706', 4, 240707, 0, '2',15);

insert into T_SIMINFO (SIM_ID, ORG_CODE, DEPTCODE, STATE,PAY_MODLE, SIM_NUM) values(24708, 'B0000803', '中国移动', 1, '预付费', 13100004707);
insert into T_TERMINALINFO (TERMINAL_ID,TTYPE_ID,SIM_ID,TERMINAL_CODE,ORG_CODE,IS_VIDEO_TERMINAL,SP_SERVER_NAME,PROTOCOL_TYPE,CHANNELS,YT_PROTOCOL_TYPE) values(240708, 4, 24708, '1004707', 'B0000803',1,'1076测试服务器','4',8,'0');
insert into V_VEHICLEINFO (ORG_CODE,VEHICLE_ID,ID_NUMBER,TYPE_ID,TERMINAL_ID,DELETE_FLAG,COLOR_ID_NUMBER_ID,AUTHORIZED_PAY_MASS) values ('B0000803','2400708', '测B04707', 4, 240708, 0, '2',15);

insert into T_SIMINFO (SIM_ID, ORG_CODE, DEPTCODE, STATE,PAY_MODLE, SIM_NUM) values(24709, 'B0000803', '中国移动', 1, '预付费', 13100004708);
insert into T_TERMINALINFO (TERMINAL_ID,TTYPE_ID,SIM_ID,TERMINAL_CODE,ORG_CODE,IS_VIDEO_TERMINAL,SP_SERVER_NAME,PROTOCOL_TYPE,CHANNELS,YT_PROTOCOL_TYPE) values(240709, 4, 24709, '1004708', 'B0000803',1,'1076测试服务器','4',8,'0');
insert into V_VEHICLEINFO (ORG_CODE,VEHICLE_ID,ID_NUMBER,TYPE_ID,TERMINAL_ID,DELETE_FLAG,COLOR_ID_NUMBER_ID,AUTHORIZED_PAY_MASS) values ('B0000803','2400709', '测B04708', 4, 240709, 0, '2',15);

insert into T_SIMINFO (SIM_ID, ORG_CODE, DEPTCODE, STATE,PAY_MODLE, SIM_NUM) values(24710, 'B0000803', '中国移动', 1, '预付费', 13100004709);
insert into T_TERMINALINFO (TERMINAL_ID,TTYPE_ID,SIM_ID,TERMINAL_CODE,ORG_CODE,IS_VIDEO_TERMINAL,SP_SERVER_NAME,PROTOCOL_TYPE,CHANNELS,YT_PROTOCOL_TYPE) values(240710, 4, 24710, '1004709', 'B0000803',1,'1076测试服务器','4',8,'0');
insert into V_VEHICLEINFO (ORG_CODE,VEHICLE_ID,ID_NUMBER,TYPE_ID,TERMINAL_ID,DELETE_FLAG,COLOR_ID_NUMBER_ID,AUTHORIZED_PAY_MASS) values ('B0000803','2400710', '测B04709', 4, 240710, 0, '2',15);

insert into T_SIMINFO (SIM_ID, ORG_CODE, DEPTCODE, STATE,PAY_MODLE, SIM_NUM) values(24711, 'B0000803', '中国移动', 1, '预付费', 13100004710);
insert into T_TERMINALINFO (TERMINAL_ID,TTYPE_ID,SIM_ID,TERMINAL_CODE,ORG_CODE,IS_VIDEO_TERMINAL,SP_SERVER_NAME,PROTOCOL_TYPE,CHANNELS,YT_PROTOCOL_TYPE) values(240711, 4, 24711, '1004710', 'B0000803',1,'1076测试服务器','4',8,'0');
insert into V_VEHICLEINFO (ORG_CODE,VEHICLE_ID,ID_NUMBER,TYPE_ID,TERMINAL_ID,DELETE_FLAG,COLOR_ID_NUMBER_ID,AUTHORIZED_PAY_MASS) values ('B0000803','2400711', '测B04710', 4, 240711, 0, '2',15);

insert into T_SIMINFO (SIM_ID, ORG_CODE, DEPTCODE, STATE,PAY_MODLE, SIM_NUM) values(24712, 'B0000803', '中国移动', 1, '预付费', 13100004711);
insert into T_TERMINALINFO (TERMINAL_ID,TTYPE_ID,SIM_ID,TERMINAL_CODE,ORG_CODE,IS_VIDEO_TERMINAL,SP_SERVER_NAME,PROTOCOL_TYPE,CHANNELS,YT_PROTOCOL_TYPE) values(240712, 4, 24712, '1004711', 'B0000803',1,'1076测试服务器','4',8,'0');
insert into V_VEHICLEINFO (ORG_CODE,VEHICLE_ID,ID_NUMBER,TYPE_ID,TERMINAL_ID,DELETE_FLAG,COLOR_ID_NUMBER_ID,AUTHORIZED_PAY_MASS) values ('B0000803','2400712', '测B04711', 4, 240712, 0, '2',15);

insert into T_SIMINFO (SIM_ID, ORG_CODE, DEPTCODE, STATE,PAY_MODLE, SIM_NUM) values(24713, 'B0000803', '中国移动', 1, '预付费', 13100004712);
insert into T_TERMINALINFO (TERMINAL_ID,TTYPE_ID,SIM_ID,TERMINAL_CODE,ORG_CODE,IS_VIDEO_TERMINAL,SP_SERVER_NAME,PROTOCOL_TYPE,CHANNELS,YT_PROTOCOL_TYPE) values(240713, 4, 24713, '1004712', 'B0000803',1,'1076测试服务器','4',8,'0');
insert into V_VEHICLEINFO (ORG_CODE,VEHICLE_ID,ID_NUMBER,TYPE_ID,TERMINAL_ID,DELETE_FLAG,COLOR_ID_NUMBER_ID,AUTHORIZED_PAY_MASS) values ('B0000803','2400713', '测B04712', 4, 240713, 0, '2',15);

insert into T_SIMINFO (SIM_ID, ORG_CODE, DEPTCODE, STATE,PAY_MODLE, SIM_NUM) values(24714, 'B0000803', '中国移动', 1, '预付费', 13100004713);
insert into T_TERMINALINFO (TERMINAL_ID,TTYPE_ID,SIM_ID,TERMINAL_CODE,ORG_CODE,IS_VIDEO_TERMINAL,SP_SERVER_NAME,PROTOCOL_TYPE,CHANNELS,YT_PROTOCOL_TYPE) values(240714, 4, 24714, '1004713', 'B0000803',1,'1076测试服务器','4',8,'0');
insert into V_VEHICLEINFO (ORG_CODE,VEHICLE_ID,ID_NUMBER,TYPE_ID,TERMINAL_ID,DELETE_FLAG,COLOR_ID_NUMBER_ID,AUTHORIZED_PAY_MASS) values ('B0000803','2400714', '测B04713', 4, 240714, 0, '2',15);

insert into T_SIMINFO (SIM_ID, ORG_CODE, DEPTCODE, STATE,PAY_MODLE, SIM_NUM) values(24715, 'B0000803', '中国移动', 1, '预付费', 13100004714);
insert into T_TERMINALINFO (TERMINAL_ID,TTYPE_ID,SIM_ID,TERMINAL_CODE,ORG_CODE,IS_VIDEO_TERMINAL,SP_SERVER_NAME,PROTOCOL_TYPE,CHANNELS,YT_PROTOCOL_TYPE) values(240715, 4, 24715, '1004714', 'B0000803',1,'1076测试服务器','4',8,'0');
insert into V_VEHICLEINFO (ORG_CODE,VEHICLE_ID,ID_NUMBER,TYPE_ID,TERMINAL_ID,DELETE_FLAG,COLOR_ID_NUMBER_ID,AUTHORIZED_PAY_MASS) values ('B0000803','2400715', '测B04714', 4, 240715, 0, '2',15);

insert into T_SIMINFO (SIM_ID, ORG_CODE, DEPTCODE, STATE,PAY_MODLE, SIM_NUM) values(24716, 'B0000803', '中国移动', 1, '预付费', 13100004715);
insert into T_TERMINALINFO (TERMINAL_ID,TTYPE_ID,SIM_ID,TERMINAL_CODE,ORG_CODE,IS_VIDEO_TERMINAL,SP_SERVER_NAME,PROTOCOL_TYPE,CHANNELS,YT_PROTOCOL_TYPE) values(240716, 4, 24716, '1004715', 'B0000803',1,'1076测试服务器','4',8,'0');
insert into V_VEHICLEINFO (ORG_CODE,VEHICLE_ID,ID_NUMBER,TYPE_ID,TERMINAL_ID,DELETE_FLAG,COLOR_ID_NUMBER_ID,AUTHORIZED_PAY_MASS) values ('B0000803','2400716', '测B04715', 4, 240716, 0, '2',15);

insert into T_SIMINFO (SIM_ID, ORG_CODE, DEPTCODE, STATE,PAY_MODLE, SIM_NUM) values(24717, 'B0000803', '中国移动', 1, '预付费', 13100004716);
insert into T_TERMINALINFO (TERMINAL_ID,TTYPE_ID,SIM_ID,TERMINAL_CODE,ORG_CODE,IS_VIDEO_TERMINAL,SP_SERVER_NAME,PROTOCOL_TYPE,CHANNELS,YT_PROTOCOL_TYPE) values(240717, 4, 24717, '1004716', 'B0000803',1,'1076测试服务器','4',8,'0');
insert into V_VEHICLEINFO (ORG_CODE,VEHICLE_ID,ID_NUMBER,TYPE_ID,TERMINAL_ID,DELETE_FLAG,COLOR_ID_NUMBER_ID,AUTHORIZED_PAY_MASS) values ('B0000803','2400717', '测B04716', 4, 240717, 0, '2',15);

insert into T_SIMINFO (SIM_ID, ORG_CODE, DEPTCODE, STATE,PAY_MODLE, SIM_NUM) values(24718, 'B0000803', '中国移动', 1, '预付费', 13100004717);
insert into T_TERMINALINFO (TERMINAL_ID,TTYPE_ID,SIM_ID,TERMINAL_CODE,ORG_CODE,IS_VIDEO_TERMINAL,SP_SERVER_NAME,PROTOCOL_TYPE,CHANNELS,YT_PROTOCOL_TYPE) values(240718, 4, 24718, '1004717', 'B0000803',1,'1076测试服务器','4',8,'0');
insert into V_VEHICLEINFO (ORG_CODE,VEHICLE_ID,ID_NUMBER,TYPE_ID,TERMINAL_ID,DELETE_FLAG,COLOR_ID_NUMBER_ID,AUTHORIZED_PAY_MASS) values ('B0000803','2400718', '测B04717', 4, 240718, 0, '2',15);

insert into T_SIMINFO (SIM_ID, ORG_CODE, DEPTCODE, STATE,PAY_MODLE, SIM_NUM) values(24719, 'B0000803', '中国移动', 1, '预付费', 13100004718);
insert into T_TERMINALINFO (TERMINAL_ID,TTYPE_ID,SIM_ID,TERMINAL_CODE,ORG_CODE,IS_VIDEO_TERMINAL,SP_SERVER_NAME,PROTOCOL_TYPE,CHANNELS,YT_PROTOCOL_TYPE) values(240719, 4, 24719, '1004718', 'B0000803',1,'1076测试服务器','4',8,'0');
insert into V_VEHICLEINFO (ORG_CODE,VEHICLE_ID,ID_NUMBER,TYPE_ID,TERMINAL_ID,DELETE_FLAG,COLOR_ID_NUMBER_ID,AUTHORIZED_PAY_MASS) values ('B0000803','2400719', '测B04718', 4, 240719, 0, '2',15);

insert into T_SIMINFO (SIM_ID, ORG_CODE, DEPTCODE, STATE,PAY_MODLE, SIM_NUM) values(24720, 'B0000803', '中国移动', 1, '预付费', 13100004719);
insert into T_TERMINALINFO (TERMINAL_ID,TTYPE_ID,SIM_ID,TERMINAL_CODE,ORG_CODE,IS_VIDEO_TERMINAL,SP_SERVER_NAME,PROTOCOL_TYPE,CHANNELS,YT_PROTOCOL_TYPE) values(240720, 4, 24720, '1004719', 'B0000803',1,'1076测试服务器','4',8,'0');
insert into V_VEHICLEINFO (ORG_CODE,VEHICLE_ID,ID_NUMBER,TYPE_ID,TERMINAL_ID,DELETE_FLAG,COLOR_ID_NUMBER_ID,AUTHORIZED_PAY_MASS) values ('B0000803','2400720', '测B04719', 4, 240720, 0, '2',15);

insert into T_SIMINFO (SIM_ID, ORG_CODE, DEPTCODE, STATE,PAY_MODLE, SIM_NUM) values(24721, 'B0000803', '中国移动', 1, '预付费', 13100004720);
insert into T_TERMINALINFO (TERMINAL_ID,TTYPE_ID,SIM_ID,TERMINAL_CODE,ORG_CODE,IS_VIDEO_TERMINAL,SP_SERVER_NAME,PROTOCOL_TYPE,CHANNELS,YT_PROTOCOL_TYPE) values(240721, 4, 24721, '1004720', 'B0000803',1,'1076测试服务器','4',8,'0');
insert into V_VEHICLEINFO (ORG_CODE,VEHICLE_ID,ID_NUMBER,TYPE_ID,TERMINAL_ID,DELETE_FLAG,COLOR_ID_NUMBER_ID,AUTHORIZED_PAY_MASS) values ('B0000803','2400721', '测B04720', 4, 240721, 0, '2',15);

insert into T_SIMINFO (SIM_ID, ORG_CODE, DEPTCODE, STATE,PAY_MODLE, SIM_NUM) values(24722, 'B0000803', '中国移动', 1, '预付费', 13100004721);
insert into T_TERMINALINFO (TERMINAL_ID,TTYPE_ID,SIM_ID,TERMINAL_CODE,ORG_CODE,IS_VIDEO_TERMINAL,SP_SERVER_NAME,PROTOCOL_TYPE,CHANNELS,YT_PROTOCOL_TYPE) values(240722, 4, 24722, '1004721', 'B0000803',1,'1076测试服务器','4',8,'0');
insert into V_VEHICLEINFO (ORG_CODE,VEHICLE_ID,ID_NUMBER,TYPE_ID,TERMINAL_ID,DELETE_FLAG,COLOR_ID_NUMBER_ID,AUTHORIZED_PAY_MASS) values ('B0000803','2400722', '测B04721', 4, 240722, 0, '2',15);

insert into T_SIMINFO (SIM_ID, ORG_CODE, DEPTCODE, STATE,PAY_MODLE, SIM_NUM) values(24723, 'B0000803', '中国移动', 1, '预付费', 13100004722);
insert into T_TERMINALINFO (TERMINAL_ID,TTYPE_ID,SIM_ID,TERMINAL_CODE,ORG_CODE,IS_VIDEO_TERMINAL,SP_SERVER_NAME,PROTOCOL_TYPE,CHANNELS,YT_PROTOCOL_TYPE) values(240723, 4, 24723, '1004722', 'B0000803',1,'1076测试服务器','4',8,'0');
insert into V_VEHICLEINFO (ORG_CODE,VEHICLE_ID,ID_NUMBER,TYPE_ID,TERMINAL_ID,DELETE_FLAG,COLOR_ID_NUMBER_ID,AUTHORIZED_PAY_MASS) values ('B0000803','2400723', '测B04722', 4, 240723, 0, '2',15);

insert into T_SIMINFO (SIM_ID, ORG_CODE, DEPTCODE, STATE,PAY_MODLE, SIM_NUM) values(24724, 'B0000803', '中国移动', 1, '预付费', 13100004723);
insert into T_TERMINALINFO (TERMINAL_ID,TTYPE_ID,SIM_ID,TERMINAL_CODE,ORG_CODE,IS_VIDEO_TERMINAL,SP_SERVER_NAME,PROTOCOL_TYPE,CHANNELS,YT_PROTOCOL_TYPE) values(240724, 4, 24724, '1004723', 'B0000803',1,'1076测试服务器','4',8,'0');
insert into V_VEHICLEINFO (ORG_CODE,VEHICLE_ID,ID_NUMBER,TYPE_ID,TERMINAL_ID,DELETE_FLAG,COLOR_ID_NUMBER_ID,AUTHORIZED_PAY_MASS) values ('B0000803','2400724', '测B04723', 4, 240724, 0, '2',15);

insert into T_SIMINFO (SIM_ID, ORG_CODE, DEPTCODE, STATE,PAY_MODLE, SIM_NUM) values(24725, 'B0000803', '中国移动', 1, '预付费', 13100004724);
insert into T_TERMINALINFO (TERMINAL_ID,TTYPE_ID,SIM_ID,TERMINAL_CODE,ORG_CODE,IS_VIDEO_TERMINAL,SP_SERVER_NAME,PROTOCOL_TYPE,CHANNELS,YT_PROTOCOL_TYPE) values(240725, 4, 24725, '1004724', 'B0000803',1,'1076测试服务器','4',8,'0');
insert into V_VEHICLEINFO (ORG_CODE,VEHICLE_ID,ID_NUMBER,TYPE_ID,TERMINAL_ID,DELETE_FLAG,COLOR_ID_NUMBER_ID,AUTHORIZED_PAY_MASS) values ('B0000803','2400725', '测B04724', 4, 240725, 0, '2',15);

insert into T_SIMINFO (SIM_ID, ORG_CODE, DEPTCODE, STATE,PAY_MODLE, SIM_NUM) values(24726, 'B0000803', '中国移动', 1, '预付费', 13100004725);
insert into T_TERMINALINFO (TERMINAL_ID,TTYPE_ID,SIM_ID,TERMINAL_CODE,ORG_CODE,IS_VIDEO_TERMINAL,SP_SERVER_NAME,PROTOCOL_TYPE,CHANNELS,YT_PROTOCOL_TYPE) values(240726, 4, 24726, '1004725', 'B0000803',1,'1076测试服务器','4',8,'0');
insert into V_VEHICLEINFO (ORG_CODE,VEHICLE_ID,ID_NUMBER,TYPE_ID,TERMINAL_ID,DELETE_FLAG,COLOR_ID_NUMBER_ID,AUTHORIZED_PAY_MASS) values ('B0000803','2400726', '测B04725', 4, 240726, 0, '2',15);

insert into T_SIMINFO (SIM_ID, ORG_CODE, DEPTCODE, STATE,PAY_MODLE, SIM_NUM) values(24727, 'B0000803', '中国移动', 1, '预付费', 13100004726);
insert into T_TERMINALINFO (TERMINAL_ID,TTYPE_ID,SIM_ID,TERMINAL_CODE,ORG_CODE,IS_VIDEO_TERMINAL,SP_SERVER_NAME,PROTOCOL_TYPE,CHANNELS,YT_PROTOCOL_TYPE) values(240727, 4, 24727, '1004726', 'B0000803',1,'1076测试服务器','4',8,'0');
insert into V_VEHICLEINFO (ORG_CODE,VEHICLE_ID,ID_NUMBER,TYPE_ID,TERMINAL_ID,DELETE_FLAG,COLOR_ID_NUMBER_ID,AUTHORIZED_PAY_MASS) values ('B0000803','2400727', '测B04726', 4, 240727, 0, '2',15);

insert into T_SIMINFO (SIM_ID, ORG_CODE, DEPTCODE, STATE,PAY_MODLE, SIM_NUM) values(24728, 'B0000803', '中国移动', 1, '预付费', 13100004727);
insert into T_TERMINALINFO (TERMINAL_ID,TTYPE_ID,SIM_ID,TERMINAL_CODE,ORG_CODE,IS_VIDEO_TERMINAL,SP_SERVER_NAME,PROTOCOL_TYPE,CHANNELS,YT_PROTOCOL_TYPE) values(240728, 4, 24728, '1004727', 'B0000803',1,'1076测试服务器','4',8,'0');
insert into V_VEHICLEINFO (ORG_CODE,VEHICLE_ID,ID_NUMBER,TYPE_ID,TERMINAL_ID,DELETE_FLAG,COLOR_ID_NUMBER_ID,AUTHORIZED_PAY_MASS) values ('B0000803','2400728', '测B04727', 4, 240728, 0, '2',15);

insert into T_SIMINFO (SIM_ID, ORG_CODE, DEPTCODE, STATE,PAY_MODLE, SIM_NUM) values(24729, 'B0000803', '中国移动', 1, '预付费', 13100004728);
insert into T_TERMINALINFO (TERMINAL_ID,TTYPE_ID,SIM_ID,TERMINAL_CODE,ORG_CODE,IS_VIDEO_TERMINAL,SP_SERVER_NAME,PROTOCOL_TYPE,CHANNELS,YT_PROTOCOL_TYPE) values(240729, 4, 24729, '1004728', 'B0000803',1,'1076测试服务器','4',8,'0');
insert into V_VEHICLEINFO (ORG_CODE,VEHICLE_ID,ID_NUMBER,TYPE_ID,TERMINAL_ID,DELETE_FLAG,COLOR_ID_NUMBER_ID,AUTHORIZED_PAY_MASS) values ('B0000803','2400729', '测B04728', 4, 240729, 0, '2',15);

insert into T_SIMINFO (SIM_ID, ORG_CODE, DEPTCODE, STATE,PAY_MODLE, SIM_NUM) values(24730, 'B0000803', '中国移动', 1, '预付费', 13100004729);
insert into T_TERMINALINFO (TERMINAL_ID,TTYPE_ID,SIM_ID,TERMINAL_CODE,ORG_CODE,IS_VIDEO_TERMINAL,SP_SERVER_NAME,PROTOCOL_TYPE,CHANNELS,YT_PROTOCOL_TYPE) values(240730, 4, 24730, '1004729', 'B0000803',1,'1076测试服务器','4',8,'0');
insert into V_VEHICLEINFO (ORG_CODE,VEHICLE_ID,ID_NUMBER,TYPE_ID,TERMINAL_ID,DELETE_FLAG,COLOR_ID_NUMBER_ID,AUTHORIZED_PAY_MASS) values ('B0000803','2400730', '测B04729', 4, 240730, 0, '2',15);

insert into T_SIMINFO (SIM_ID, ORG_CODE, DEPTCODE, STATE,PAY_MODLE, SIM_NUM) values(24731, 'B0000803', '中国移动', 1, '预付费', 13100004730);
insert into T_TERMINALINFO (TERMINAL_ID,TTYPE_ID,SIM_ID,TERMINAL_CODE,ORG_CODE,IS_VIDEO_TERMINAL,SP_SERVER_NAME,PROTOCOL_TYPE,CHANNELS,YT_PROTOCOL_TYPE) values(240731, 4, 24731, '1004730', 'B0000803',1,'1076测试服务器','4',8,'0');
insert into V_VEHICLEINFO (ORG_CODE,VEHICLE_ID,ID_NUMBER,TYPE_ID,TERMINAL_ID,DELETE_FLAG,COLOR_ID_NUMBER_ID,AUTHORIZED_PAY_MASS) values ('B0000803','2400731', '测B04730', 4, 240731, 0, '2',15);

insert into T_SIMINFO (SIM_ID, ORG_CODE, DEPTCODE, STATE,PAY_MODLE, SIM_NUM) values(24732, 'B0000803', '中国移动', 1, '预付费', 13100004731);
insert into T_TERMINALINFO (TERMINAL_ID,TTYPE_ID,SIM_ID,TERMINAL_CODE,ORG_CODE,IS_VIDEO_TERMINAL,SP_SERVER_NAME,PROTOCOL_TYPE,CHANNELS,YT_PROTOCOL_TYPE) values(240732, 4, 24732, '1004731', 'B0000803',1,'1076测试服务器','4',8,'0');
insert into V_VEHICLEINFO (ORG_CODE,VEHICLE_ID,ID_NUMBER,TYPE_ID,TERMINAL_ID,DELETE_FLAG,COLOR_ID_NUMBER_ID,AUTHORIZED_PAY_MASS) values ('B0000803','2400732', '测B04731', 4, 240732, 0, '2',15);

insert into T_SIMINFO (SIM_ID, ORG_CODE, DEPTCODE, STATE,PAY_MODLE, SIM_NUM) values(24733, 'B0000803', '中国移动', 1, '预付费', 13100004732);
insert into T_TERMINALINFO (TERMINAL_ID,TTYPE_ID,SIM_ID,TERMINAL_CODE,ORG_CODE,IS_VIDEO_TERMINAL,SP_SERVER_NAME,PROTOCOL_TYPE,CHANNELS,YT_PROTOCOL_TYPE) values(240733, 4, 24733, '1004732', 'B0000803',1,'1076测试服务器','4',8,'0');
insert into V_VEHICLEINFO (ORG_CODE,VEHICLE_ID,ID_NUMBER,TYPE_ID,TERMINAL_ID,DELETE_FLAG,COLOR_ID_NUMBER_ID,AUTHORIZED_PAY_MASS) values ('B0000803','2400733', '测B04732', 4, 240733, 0, '2',15);

insert into T_SIMINFO (SIM_ID, ORG_CODE, DEPTCODE, STATE,PAY_MODLE, SIM_NUM) values(24734, 'B0000803', '中国移动', 1, '预付费', 13100004733);
insert into T_TERMINALINFO (TERMINAL_ID,TTYPE_ID,SIM_ID,TERMINAL_CODE,ORG_CODE,IS_VIDEO_TERMINAL,SP_SERVER_NAME,PROTOCOL_TYPE,CHANNELS,YT_PROTOCOL_TYPE) values(240734, 4, 24734, '1004733', 'B0000803',1,'1076测试服务器','4',8,'0');
insert into V_VEHICLEINFO (ORG_CODE,VEHICLE_ID,ID_NUMBER,TYPE_ID,TERMINAL_ID,DELETE_FLAG,COLOR_ID_NUMBER_ID,AUTHORIZED_PAY_MASS) values ('B0000803','2400734', '测B04733', 4, 240734, 0, '2',15);

insert into T_SIMINFO (SIM_ID, ORG_CODE, DEPTCODE, STATE,PAY_MODLE, SIM_NUM) values(24735, 'B0000803', '中国移动', 1, '预付费', 13100004734);
insert into T_TERMINALINFO (TERMINAL_ID,TTYPE_ID,SIM_ID,TERMINAL_CODE,ORG_CODE,IS_VIDEO_TERMINAL,SP_SERVER_NAME,PROTOCOL_TYPE,CHANNELS,YT_PROTOCOL_TYPE) values(240735, 4, 24735, '1004734', 'B0000803',1,'1076测试服务器','4',8,'0');
insert into V_VEHICLEINFO (ORG_CODE,VEHICLE_ID,ID_NUMBER,TYPE_ID,TERMINAL_ID,DELETE_FLAG,COLOR_ID_NUMBER_ID,AUTHORIZED_PAY_MASS) values ('B0000803','2400735', '测B04734', 4, 240735, 0, '2',15);

insert into T_SIMINFO (SIM_ID, ORG_CODE, DEPTCODE, STATE,PAY_MODLE, SIM_NUM) values(24736, 'B0000803', '中国移动', 1, '预付费', 13100004735);
insert into T_TERMINALINFO (TERMINAL_ID,TTYPE_ID,SIM_ID,TERMINAL_CODE,ORG_CODE,IS_VIDEO_TERMINAL,SP_SERVER_NAME,PROTOCOL_TYPE,CHANNELS,YT_PROTOCOL_TYPE) values(240736, 4, 24736, '1004735', 'B0000803',1,'1076测试服务器','4',8,'0');
insert into V_VEHICLEINFO (ORG_CODE,VEHICLE_ID,ID_NUMBER,TYPE_ID,TERMINAL_ID,DELETE_FLAG,COLOR_ID_NUMBER_ID,AUTHORIZED_PAY_MASS) values ('B0000803','2400736', '测B04735', 4, 240736, 0, '2',15);

insert into T_SIMINFO (SIM_ID, ORG_CODE, DEPTCODE, STATE,PAY_MODLE, SIM_NUM) values(24737, 'B0000803', '中国移动', 1, '预付费', 13100004736);
insert into T_TERMINALINFO (TERMINAL_ID,TTYPE_ID,SIM_ID,TERMINAL_CODE,ORG_CODE,IS_VIDEO_TERMINAL,SP_SERVER_NAME,PROTOCOL_TYPE,CHANNELS,YT_PROTOCOL_TYPE) values(240737, 4, 24737, '1004736', 'B0000803',1,'1076测试服务器','4',8,'0');
insert into V_VEHICLEINFO (ORG_CODE,VEHICLE_ID,ID_NUMBER,TYPE_ID,TERMINAL_ID,DELETE_FLAG,COLOR_ID_NUMBER_ID,AUTHORIZED_PAY_MASS) values ('B0000803','2400737', '测B04736', 4, 240737, 0, '2',15);

insert into T_SIMINFO (SIM_ID, ORG_CODE, DEPTCODE, STATE,PAY_MODLE, SIM_NUM) values(24738, 'B0000803', '中国移动', 1, '预付费', 13100004737);
insert into T_TERMINALINFO (TERMINAL_ID,TTYPE_ID,SIM_ID,TERMINAL_CODE,ORG_CODE,IS_VIDEO_TERMINAL,SP_SERVER_NAME,PROTOCOL_TYPE,CHANNELS,YT_PROTOCOL_TYPE) values(240738, 4, 24738, '1004737', 'B0000803',1,'1076测试服务器','4',8,'0');
insert into V_VEHICLEINFO (ORG_CODE,VEHICLE_ID,ID_NUMBER,TYPE_ID,TERMINAL_ID,DELETE_FLAG,COLOR_ID_NUMBER_ID,AUTHORIZED_PAY_MASS) values ('B0000803','2400738', '测B04737', 4, 240738, 0, '2',15);

insert into T_SIMINFO (SIM_ID, ORG_CODE, DEPTCODE, STATE,PAY_MODLE, SIM_NUM) values(24739, 'B0000803', '中国移动', 1, '预付费', 13100004738);
insert into T_TERMINALINFO (TERMINAL_ID,TTYPE_ID,SIM_ID,TERMINAL_CODE,ORG_CODE,IS_VIDEO_TERMINAL,SP_SERVER_NAME,PROTOCOL_TYPE,CHANNELS,YT_PROTOCOL_TYPE) values(240739, 4, 24739, '1004738', 'B0000803',1,'1076测试服务器','4',8,'0');
insert into V_VEHICLEINFO (ORG_CODE,VEHICLE_ID,ID_NUMBER,TYPE_ID,TERMINAL_ID,DELETE_FLAG,COLOR_ID_NUMBER_ID,AUTHORIZED_PAY_MASS) values ('B0000803','2400739', '测B04738', 4, 240739, 0, '2',15);

insert into T_SIMINFO (SIM_ID, ORG_CODE, DEPTCODE, STATE,PAY_MODLE, SIM_NUM) values(24740, 'B0000803', '中国移动', 1, '预付费', 13100004739);
insert into T_TERMINALINFO (TERMINAL_ID,TTYPE_ID,SIM_ID,TERMINAL_CODE,ORG_CODE,IS_VIDEO_TERMINAL,SP_SERVER_NAME,PROTOCOL_TYPE,CHANNELS,YT_PROTOCOL_TYPE) values(240740, 4, 24740, '1004739', 'B0000803',1,'1076测试服务器','4',8,'0');
insert into V_VEHICLEINFO (ORG_CODE,VEHICLE_ID,ID_NUMBER,TYPE_ID,TERMINAL_ID,DELETE_FLAG,COLOR_ID_NUMBER_ID,AUTHORIZED_PAY_MASS) values ('B0000803','2400740', '测B04739', 4, 240740, 0, '2',15);

insert into T_SIMINFO (SIM_ID, ORG_CODE, DEPTCODE, STATE,PAY_MODLE, SIM_NUM) values(24741, 'B0000803', '中国移动', 1, '预付费', 13100004740);
insert into T_TERMINALINFO (TERMINAL_ID,TTYPE_ID,SIM_ID,TERMINAL_CODE,ORG_CODE,IS_VIDEO_TERMINAL,SP_SERVER_NAME,PROTOCOL_TYPE,CHANNELS,YT_PROTOCOL_TYPE) values(240741, 4, 24741, '1004740', 'B0000803',1,'1076测试服务器','4',8,'0');
insert into V_VEHICLEINFO (ORG_CODE,VEHICLE_ID,ID_NUMBER,TYPE_ID,TERMINAL_ID,DELETE_FLAG,COLOR_ID_NUMBER_ID,AUTHORIZED_PAY_MASS) values ('B0000803','2400741', '测B04740', 4, 240741, 0, '2',15);

insert into T_SIMINFO (SIM_ID, ORG_CODE, DEPTCODE, STATE,PAY_MODLE, SIM_NUM) values(24742, 'B0000803', '中国移动', 1, '预付费', 13100004741);
insert into T_TERMINALINFO (TERMINAL_ID,TTYPE_ID,SIM_ID,TERMINAL_CODE,ORG_CODE,IS_VIDEO_TERMINAL,SP_SERVER_NAME,PROTOCOL_TYPE,CHANNELS,YT_PROTOCOL_TYPE) values(240742, 4, 24742, '1004741', 'B0000803',1,'1076测试服务器','4',8,'0');
insert into V_VEHICLEINFO (ORG_CODE,VEHICLE_ID,ID_NUMBER,TYPE_ID,TERMINAL_ID,DELETE_FLAG,COLOR_ID_NUMBER_ID,AUTHORIZED_PAY_MASS) values ('B0000803','2400742', '测B04741', 4, 240742, 0, '2',15);

insert into T_SIMINFO (SIM_ID, ORG_CODE, DEPTCODE, STATE,PAY_MODLE, SIM_NUM) values(24743, 'B0000803', '中国移动', 1, '预付费', 13100004742);
insert into T_TERMINALINFO (TERMINAL_ID,TTYPE_ID,SIM_ID,TERMINAL_CODE,ORG_CODE,IS_VIDEO_TERMINAL,SP_SERVER_NAME,PROTOCOL_TYPE,CHANNELS,YT_PROTOCOL_TYPE) values(240743, 4, 24743, '1004742', 'B0000803',1,'1076测试服务器','4',8,'0');
insert into V_VEHICLEINFO (ORG_CODE,VEHICLE_ID,ID_NUMBER,TYPE_ID,TERMINAL_ID,DELETE_FLAG,COLOR_ID_NUMBER_ID,AUTHORIZED_PAY_MASS) values ('B0000803','2400743', '测B04742', 4, 240743, 0, '2',15);

insert into T_SIMINFO (SIM_ID, ORG_CODE, DEPTCODE, STATE,PAY_MODLE, SIM_NUM) values(24744, 'B0000803', '中国移动', 1, '预付费', 13100004743);
insert into T_TERMINALINFO (TERMINAL_ID,TTYPE_ID,SIM_ID,TERMINAL_CODE,ORG_CODE,IS_VIDEO_TERMINAL,SP_SERVER_NAME,PROTOCOL_TYPE,CHANNELS,YT_PROTOCOL_TYPE) values(240744, 4, 24744, '1004743', 'B0000803',1,'1076测试服务器','4',8,'0');
insert into V_VEHICLEINFO (ORG_CODE,VEHICLE_ID,ID_NUMBER,TYPE_ID,TERMINAL_ID,DELETE_FLAG,COLOR_ID_NUMBER_ID,AUTHORIZED_PAY_MASS) values ('B0000803','2400744', '测B04743', 4, 240744, 0, '2',15);

insert into T_SIMINFO (SIM_ID, ORG_CODE, DEPTCODE, STATE,PAY_MODLE, SIM_NUM) values(24745, 'B0000803', '中国移动', 1, '预付费', 13100004744);
insert into T_TERMINALINFO (TERMINAL_ID,TTYPE_ID,SIM_ID,TERMINAL_CODE,ORG_CODE,IS_VIDEO_TERMINAL,SP_SERVER_NAME,PROTOCOL_TYPE,CHANNELS,YT_PROTOCOL_TYPE) values(240745, 4, 24745, '1004744', 'B0000803',1,'1076测试服务器','4',8,'0');
insert into V_VEHICLEINFO (ORG_CODE,VEHICLE_ID,ID_NUMBER,TYPE_ID,TERMINAL_ID,DELETE_FLAG,COLOR_ID_NUMBER_ID,AUTHORIZED_PAY_MASS) values ('B0000803','2400745', '测B04744', 4, 240745, 0, '2',15);

insert into T_SIMINFO (SIM_ID, ORG_CODE, DEPTCODE, STATE,PAY_MODLE, SIM_NUM) values(24746, 'B0000803', '中国移动', 1, '预付费', 13100004745);
insert into T_TERMINALINFO (TERMINAL_ID,TTYPE_ID,SIM_ID,TERMINAL_CODE,ORG_CODE,IS_VIDEO_TERMINAL,SP_SERVER_NAME,PROTOCOL_TYPE,CHANNELS,YT_PROTOCOL_TYPE) values(240746, 4, 24746, '1004745', 'B0000803',1,'1076测试服务器','4',8,'0');
insert into V_VEHICLEINFO (ORG_CODE,VEHICLE_ID,ID_NUMBER,TYPE_ID,TERMINAL_ID,DELETE_FLAG,COLOR_ID_NUMBER_ID,AUTHORIZED_PAY_MASS) values ('B0000803','2400746', '测B04745', 4, 240746, 0, '2',15);

insert into T_SIMINFO (SIM_ID, ORG_CODE, DEPTCODE, STATE,PAY_MODLE, SIM_NUM) values(24747, 'B0000803', '中国移动', 1, '预付费', 13100004746);
insert into T_TERMINALINFO (TERMINAL_ID,TTYPE_ID,SIM_ID,TERMINAL_CODE,ORG_CODE,IS_VIDEO_TERMINAL,SP_SERVER_NAME,PROTOCOL_TYPE,CHANNELS,YT_PROTOCOL_TYPE) values(240747, 4, 24747, '1004746', 'B0000803',1,'1076测试服务器','4',8,'0');
insert into V_VEHICLEINFO (ORG_CODE,VEHICLE_ID,ID_NUMBER,TYPE_ID,TERMINAL_ID,DELETE_FLAG,COLOR_ID_NUMBER_ID,AUTHORIZED_PAY_MASS) values ('B0000803','2400747', '测B04746', 4, 240747, 0, '2',15);

insert into T_SIMINFO (SIM_ID, ORG_CODE, DEPTCODE, STATE,PAY_MODLE, SIM_NUM) values(24748, 'B0000803', '中国移动', 1, '预付费', 13100004747);
insert into T_TERMINALINFO (TERMINAL_ID,TTYPE_ID,SIM_ID,TERMINAL_CODE,ORG_CODE,IS_VIDEO_TERMINAL,SP_SERVER_NAME,PROTOCOL_TYPE,CHANNELS,YT_PROTOCOL_TYPE) values(240748, 4, 24748, '1004747', 'B0000803',1,'1076测试服务器','4',8,'0');
insert into V_VEHICLEINFO (ORG_CODE,VEHICLE_ID,ID_NUMBER,TYPE_ID,TERMINAL_ID,DELETE_FLAG,COLOR_ID_NUMBER_ID,AUTHORIZED_PAY_MASS) values ('B0000803','2400748', '测B04747', 4, 240748, 0, '2',15);

insert into T_SIMINFO (SIM_ID, ORG_CODE, DEPTCODE, STATE,PAY_MODLE, SIM_NUM) values(24749, 'B0000803', '中国移动', 1, '预付费', 13100004748);
insert into T_TERMINALINFO (TERMINAL_ID,TTYPE_ID,SIM_ID,TERMINAL_CODE,ORG_CODE,IS_VIDEO_TERMINAL,SP_SERVER_NAME,PROTOCOL_TYPE,CHANNELS,YT_PROTOCOL_TYPE) values(240749, 4, 24749, '1004748', 'B0000803',1,'1076测试服务器','4',8,'0');
insert into V_VEHICLEINFO (ORG_CODE,VEHICLE_ID,ID_NUMBER,TYPE_ID,TERMINAL_ID,DELETE_FLAG,COLOR_ID_NUMBER_ID,AUTHORIZED_PAY_MASS) values ('B0000803','2400749', '测B04748', 4, 240749, 0, '2',15);

insert into T_SIMINFO (SIM_ID, ORG_CODE, DEPTCODE, STATE,PAY_MODLE, SIM_NUM) values(24750, 'B0000803', '中国移动', 1, '预付费', 13100004749);
insert into T_TERMINALINFO (TERMINAL_ID,TTYPE_ID,SIM_ID,TERMINAL_CODE,ORG_CODE,IS_VIDEO_TERMINAL,SP_SERVER_NAME,PROTOCOL_TYPE,CHANNELS,YT_PROTOCOL_TYPE) values(240750, 4, 24750, '1004749', 'B0000803',1,'1076测试服务器','4',8,'0');
insert into V_VEHICLEINFO (ORG_CODE,VEHICLE_ID,ID_NUMBER,TYPE_ID,TERMINAL_ID,DELETE_FLAG,COLOR_ID_NUMBER_ID,AUTHORIZED_PAY_MASS) values ('B0000803','2400750', '测B04749', 4, 240750, 0, '2',15);

insert into T_SIMINFO (SIM_ID, ORG_CODE, DEPTCODE, STATE,PAY_MODLE, SIM_NUM) values(24751, 'B0000803', '中国移动', 1, '预付费', 13100004750);
insert into T_TERMINALINFO (TERMINAL_ID,TTYPE_ID,SIM_ID,TERMINAL_CODE,ORG_CODE,IS_VIDEO_TERMINAL,SP_SERVER_NAME,PROTOCOL_TYPE,CHANNELS,YT_PROTOCOL_TYPE) values(240751, 4, 24751, '1004750', 'B0000803',1,'1076测试服务器','4',8,'0');
insert into V_VEHICLEINFO (ORG_CODE,VEHICLE_ID,ID_NUMBER,TYPE_ID,TERMINAL_ID,DELETE_FLAG,COLOR_ID_NUMBER_ID,AUTHORIZED_PAY_MASS) values ('B0000803','2400751', '测B04750', 4, 240751, 0, '2',15);

insert into T_SIMINFO (SIM_ID, ORG_CODE, DEPTCODE, STATE,PAY_MODLE, SIM_NUM) values(24752, 'B0000803', '中国移动', 1, '预付费', 13100004751);
insert into T_TERMINALINFO (TERMINAL_ID,TTYPE_ID,SIM_ID,TERMINAL_CODE,ORG_CODE,IS_VIDEO_TERMINAL,SP_SERVER_NAME,PROTOCOL_TYPE,CHANNELS,YT_PROTOCOL_TYPE) values(240752, 4, 24752, '1004751', 'B0000803',1,'1076测试服务器','4',8,'0');
insert into V_VEHICLEINFO (ORG_CODE,VEHICLE_ID,ID_NUMBER,TYPE_ID,TERMINAL_ID,DELETE_FLAG,COLOR_ID_NUMBER_ID,AUTHORIZED_PAY_MASS) values ('B0000803','2400752', '测B04751', 4, 240752, 0, '2',15);

insert into T_SIMINFO (SIM_ID, ORG_CODE, DEPTCODE, STATE,PAY_MODLE, SIM_NUM) values(24753, 'B0000803', '中国移动', 1, '预付费', 13100004752);
insert into T_TERMINALINFO (TERMINAL_ID,TTYPE_ID,SIM_ID,TERMINAL_CODE,ORG_CODE,IS_VIDEO_TERMINAL,SP_SERVER_NAME,PROTOCOL_TYPE,CHANNELS,YT_PROTOCOL_TYPE) values(240753, 4, 24753, '1004752', 'B0000803',1,'1076测试服务器','4',8,'0');
insert into V_VEHICLEINFO (ORG_CODE,VEHICLE_ID,ID_NUMBER,TYPE_ID,TERMINAL_ID,DELETE_FLAG,COLOR_ID_NUMBER_ID,AUTHORIZED_PAY_MASS) values ('B0000803','2400753', '测B04752', 4, 240753, 0, '2',15);

insert into T_SIMINFO (SIM_ID, ORG_CODE, DEPTCODE, STATE,PAY_MODLE, SIM_NUM) values(24754, 'B0000803', '中国移动', 1, '预付费', 13100004753);
insert into T_TERMINALINFO (TERMINAL_ID,TTYPE_ID,SIM_ID,TERMINAL_CODE,ORG_CODE,IS_VIDEO_TERMINAL,SP_SERVER_NAME,PROTOCOL_TYPE,CHANNELS,YT_PROTOCOL_TYPE) values(240754, 4, 24754, '1004753', 'B0000803',1,'1076测试服务器','4',8,'0');
insert into V_VEHICLEINFO (ORG_CODE,VEHICLE_ID,ID_NUMBER,TYPE_ID,TERMINAL_ID,DELETE_FLAG,COLOR_ID_NUMBER_ID,AUTHORIZED_PAY_MASS) values ('B0000803','2400754', '测B04753', 4, 240754, 0, '2',15);

insert into T_SIMINFO (SIM_ID, ORG_CODE, DEPTCODE, STATE,PAY_MODLE, SIM_NUM) values(24755, 'B0000803', '中国移动', 1, '预付费', 13100004754);
insert into T_TERMINALINFO (TERMINAL_ID,TTYPE_ID,SIM_ID,TERMINAL_CODE,ORG_CODE,IS_VIDEO_TERMINAL,SP_SERVER_NAME,PROTOCOL_TYPE,CHANNELS,YT_PROTOCOL_TYPE) values(240755, 4, 24755, '1004754', 'B0000803',1,'1076测试服务器','4',8,'0');
insert into V_VEHICLEINFO (ORG_CODE,VEHICLE_ID,ID_NUMBER,TYPE_ID,TERMINAL_ID,DELETE_FLAG,COLOR_ID_NUMBER_ID,AUTHORIZED_PAY_MASS) values ('B0000803','2400755', '测B04754', 4, 240755, 0, '2',15);

insert into T_SIMINFO (SIM_ID, ORG_CODE, DEPTCODE, STATE,PAY_MODLE, SIM_NUM) values(24756, 'B0000803', '中国移动', 1, '预付费', 13100004755);
insert into T_TERMINALINFO (TERMINAL_ID,TTYPE_ID,SIM_ID,TERMINAL_CODE,ORG_CODE,IS_VIDEO_TERMINAL,SP_SERVER_NAME,PROTOCOL_TYPE,CHANNELS,YT_PROTOCOL_TYPE) values(240756, 4, 24756, '1004755', 'B0000803',1,'1076测试服务器','4',8,'0');
insert into V_VEHICLEINFO (ORG_CODE,VEHICLE_ID,ID_NUMBER,TYPE_ID,TERMINAL_ID,DELETE_FLAG,COLOR_ID_NUMBER_ID,AUTHORIZED_PAY_MASS) values ('B0000803','2400756', '测B04755', 4, 240756, 0, '2',15);

insert into T_SIMINFO (SIM_ID, ORG_CODE, DEPTCODE, STATE,PAY_MODLE, SIM_NUM) values(24757, 'B0000803', '中国移动', 1, '预付费', 13100004756);
insert into T_TERMINALINFO (TERMINAL_ID,TTYPE_ID,SIM_ID,TERMINAL_CODE,ORG_CODE,IS_VIDEO_TERMINAL,SP_SERVER_NAME,PROTOCOL_TYPE,CHANNELS,YT_PROTOCOL_TYPE) values(240757, 4, 24757, '1004756', 'B0000803',1,'1076测试服务器','4',8,'0');
insert into V_VEHICLEINFO (ORG_CODE,VEHICLE_ID,ID_NUMBER,TYPE_ID,TERMINAL_ID,DELETE_FLAG,COLOR_ID_NUMBER_ID,AUTHORIZED_PAY_MASS) values ('B0000803','2400757', '测B04756', 4, 240757, 0, '2',15);

insert into T_SIMINFO (SIM_ID, ORG_CODE, DEPTCODE, STATE,PAY_MODLE, SIM_NUM) values(24758, 'B0000803', '中国移动', 1, '预付费', 13100004757);
insert into T_TERMINALINFO (TERMINAL_ID,TTYPE_ID,SIM_ID,TERMINAL_CODE,ORG_CODE,IS_VIDEO_TERMINAL,SP_SERVER_NAME,PROTOCOL_TYPE,CHANNELS,YT_PROTOCOL_TYPE) values(240758, 4, 24758, '1004757', 'B0000803',1,'1076测试服务器','4',8,'0');
insert into V_VEHICLEINFO (ORG_CODE,VEHICLE_ID,ID_NUMBER,TYPE_ID,TERMINAL_ID,DELETE_FLAG,COLOR_ID_NUMBER_ID,AUTHORIZED_PAY_MASS) values ('B0000803','2400758', '测B04757', 4, 240758, 0, '2',15);

insert into T_SIMINFO (SIM_ID, ORG_CODE, DEPTCODE, STATE,PAY_MODLE, SIM_NUM) values(24759, 'B0000803', '中国移动', 1, '预付费', 13100004758);
insert into T_TERMINALINFO (TERMINAL_ID,TTYPE_ID,SIM_ID,TERMINAL_CODE,ORG_CODE,IS_VIDEO_TERMINAL,SP_SERVER_NAME,PROTOCOL_TYPE,CHANNELS,YT_PROTOCOL_TYPE) values(240759, 4, 24759, '1004758', 'B0000803',1,'1076测试服务器','4',8,'0');
insert into V_VEHICLEINFO (ORG_CODE,VEHICLE_ID,ID_NUMBER,TYPE_ID,TERMINAL_ID,DELETE_FLAG,COLOR_ID_NUMBER_ID,AUTHORIZED_PAY_MASS) values ('B0000803','2400759', '测B04758', 4, 240759, 0, '2',15);

insert into T_SIMINFO (SIM_ID, ORG_CODE, DEPTCODE, STATE,PAY_MODLE, SIM_NUM) values(24760, 'B0000803', '中国移动', 1, '预付费', 13100004759);
insert into T_TERMINALINFO (TERMINAL_ID,TTYPE_ID,SIM_ID,TERMINAL_CODE,ORG_CODE,IS_VIDEO_TERMINAL,SP_SERVER_NAME,PROTOCOL_TYPE,CHANNELS,YT_PROTOCOL_TYPE) values(240760, 4, 24760, '1004759', 'B0000803',1,'1076测试服务器','4',8,'0');
insert into V_VEHICLEINFO (ORG_CODE,VEHICLE_ID,ID_NUMBER,TYPE_ID,TERMINAL_ID,DELETE_FLAG,COLOR_ID_NUMBER_ID,AUTHORIZED_PAY_MASS) values ('B0000803','2400760', '测B04759', 4, 240760, 0, '2',15);

insert into T_SIMINFO (SIM_ID, ORG_CODE, DEPTCODE, STATE,PAY_MODLE, SIM_NUM) values(24761, 'B0000803', '中国移动', 1, '预付费', 13100004760);
insert into T_TERMINALINFO (TERMINAL_ID,TTYPE_ID,SIM_ID,TERMINAL_CODE,ORG_CODE,IS_VIDEO_TERMINAL,SP_SERVER_NAME,PROTOCOL_TYPE,CHANNELS,YT_PROTOCOL_TYPE) values(240761, 4, 24761, '1004760', 'B0000803',1,'1076测试服务器','4',8,'0');
insert into V_VEHICLEINFO (ORG_CODE,VEHICLE_ID,ID_NUMBER,TYPE_ID,TERMINAL_ID,DELETE_FLAG,COLOR_ID_NUMBER_ID,AUTHORIZED_PAY_MASS) values ('B0000803','2400761', '测B04760', 4, 240761, 0, '2',15);

insert into T_SIMINFO (SIM_ID, ORG_CODE, DEPTCODE, STATE,PAY_MODLE, SIM_NUM) values(24762, 'B0000803', '中国移动', 1, '预付费', 13100004761);
insert into T_TERMINALINFO (TERMINAL_ID,TTYPE_ID,SIM_ID,TERMINAL_CODE,ORG_CODE,IS_VIDEO_TERMINAL,SP_SERVER_NAME,PROTOCOL_TYPE,CHANNELS,YT_PROTOCOL_TYPE) values(240762, 4, 24762, '1004761', 'B0000803',1,'1076测试服务器','4',8,'0');
insert into V_VEHICLEINFO (ORG_CODE,VEHICLE_ID,ID_NUMBER,TYPE_ID,TERMINAL_ID,DELETE_FLAG,COLOR_ID_NUMBER_ID,AUTHORIZED_PAY_MASS) values ('B0000803','2400762', '测B04761', 4, 240762, 0, '2',15);

insert into T_SIMINFO (SIM_ID, ORG_CODE, DEPTCODE, STATE,PAY_MODLE, SIM_NUM) values(24763, 'B0000803', '中国移动', 1, '预付费', 13100004762);
insert into T_TERMINALINFO (TERMINAL_ID,TTYPE_ID,SIM_ID,TERMINAL_CODE,ORG_CODE,IS_VIDEO_TERMINAL,SP_SERVER_NAME,PROTOCOL_TYPE,CHANNELS,YT_PROTOCOL_TYPE) values(240763, 4, 24763, '1004762', 'B0000803',1,'1076测试服务器','4',8,'0');
insert into V_VEHICLEINFO (ORG_CODE,VEHICLE_ID,ID_NUMBER,TYPE_ID,TERMINAL_ID,DELETE_FLAG,COLOR_ID_NUMBER_ID,AUTHORIZED_PAY_MASS) values ('B0000803','2400763', '测B04762', 4, 240763, 0, '2',15);

insert into T_SIMINFO (SIM_ID, ORG_CODE, DEPTCODE, STATE,PAY_MODLE, SIM_NUM) values(24764, 'B0000803', '中国移动', 1, '预付费', 13100004763);
insert into T_TERMINALINFO (TERMINAL_ID,TTYPE_ID,SIM_ID,TERMINAL_CODE,ORG_CODE,IS_VIDEO_TERMINAL,SP_SERVER_NAME,PROTOCOL_TYPE,CHANNELS,YT_PROTOCOL_TYPE) values(240764, 4, 24764, '1004763', 'B0000803',1,'1076测试服务器','4',8,'0');
insert into V_VEHICLEINFO (ORG_CODE,VEHICLE_ID,ID_NUMBER,TYPE_ID,TERMINAL_ID,DELETE_FLAG,COLOR_ID_NUMBER_ID,AUTHORIZED_PAY_MASS) values ('B0000803','2400764', '测B04763', 4, 240764, 0, '2',15);

insert into T_SIMINFO (SIM_ID, ORG_CODE, DEPTCODE, STATE,PAY_MODLE, SIM_NUM) values(24765, 'B0000803', '中国移动', 1, '预付费', 13100004764);
insert into T_TERMINALINFO (TERMINAL_ID,TTYPE_ID,SIM_ID,TERMINAL_CODE,ORG_CODE,IS_VIDEO_TERMINAL,SP_SERVER_NAME,PROTOCOL_TYPE,CHANNELS,YT_PROTOCOL_TYPE) values(240765, 4, 24765, '1004764', 'B0000803',1,'1076测试服务器','4',8,'0');
insert into V_VEHICLEINFO (ORG_CODE,VEHICLE_ID,ID_NUMBER,TYPE_ID,TERMINAL_ID,DELETE_FLAG,COLOR_ID_NUMBER_ID,AUTHORIZED_PAY_MASS) values ('B0000803','2400765', '测B04764', 4, 240765, 0, '2',15);

insert into T_SIMINFO (SIM_ID, ORG_CODE, DEPTCODE, STATE,PAY_MODLE, SIM_NUM) values(24766, 'B0000803', '中国移动', 1, '预付费', 13100004765);
insert into T_TERMINALINFO (TERMINAL_ID,TTYPE_ID,SIM_ID,TERMINAL_CODE,ORG_CODE,IS_VIDEO_TERMINAL,SP_SERVER_NAME,PROTOCOL_TYPE,CHANNELS,YT_PROTOCOL_TYPE) values(240766, 4, 24766, '1004765', 'B0000803',1,'1076测试服务器','4',8,'0');
insert into V_VEHICLEINFO (ORG_CODE,VEHICLE_ID,ID_NUMBER,TYPE_ID,TERMINAL_ID,DELETE_FLAG,COLOR_ID_NUMBER_ID,AUTHORIZED_PAY_MASS) values ('B0000803','2400766', '测B04765', 4, 240766, 0, '2',15);

insert into T_SIMINFO (SIM_ID, ORG_CODE, DEPTCODE, STATE,PAY_MODLE, SIM_NUM) values(24767, 'B0000803', '中国移动', 1, '预付费', 13100004766);
insert into T_TERMINALINFO (TERMINAL_ID,TTYPE_ID,SIM_ID,TERMINAL_CODE,ORG_CODE,IS_VIDEO_TERMINAL,SP_SERVER_NAME,PROTOCOL_TYPE,CHANNELS,YT_PROTOCOL_TYPE) values(240767, 4, 24767, '1004766', 'B0000803',1,'1076测试服务器','4',8,'0');
insert into V_VEHICLEINFO (ORG_CODE,VEHICLE_ID,ID_NUMBER,TYPE_ID,TERMINAL_ID,DELETE_FLAG,COLOR_ID_NUMBER_ID,AUTHORIZED_PAY_MASS) values ('B0000803','2400767', '测B04766', 4, 240767, 0, '2',15);

insert into T_SIMINFO (SIM_ID, ORG_CODE, DEPTCODE, STATE,PAY_MODLE, SIM_NUM) values(24768, 'B0000803', '中国移动', 1, '预付费', 13100004767);
insert into T_TERMINALINFO (TERMINAL_ID,TTYPE_ID,SIM_ID,TERMINAL_CODE,ORG_CODE,IS_VIDEO_TERMINAL,SP_SERVER_NAME,PROTOCOL_TYPE,CHANNELS,YT_PROTOCOL_TYPE) values(240768, 4, 24768, '1004767', 'B0000803',1,'1076测试服务器','4',8,'0');
insert into V_VEHICLEINFO (ORG_CODE,VEHICLE_ID,ID_NUMBER,TYPE_ID,TERMINAL_ID,DELETE_FLAG,COLOR_ID_NUMBER_ID,AUTHORIZED_PAY_MASS) values ('B0000803','2400768', '测B04767', 4, 240768, 0, '2',15);

insert into T_SIMINFO (SIM_ID, ORG_CODE, DEPTCODE, STATE,PAY_MODLE, SIM_NUM) values(24769, 'B0000803', '中国移动', 1, '预付费', 13100004768);
insert into T_TERMINALINFO (TERMINAL_ID,TTYPE_ID,SIM_ID,TERMINAL_CODE,ORG_CODE,IS_VIDEO_TERMINAL,SP_SERVER_NAME,PROTOCOL_TYPE,CHANNELS,YT_PROTOCOL_TYPE) values(240769, 4, 24769, '1004768', 'B0000803',1,'1076测试服务器','4',8,'0');
insert into V_VEHICLEINFO (ORG_CODE,VEHICLE_ID,ID_NUMBER,TYPE_ID,TERMINAL_ID,DELETE_FLAG,COLOR_ID_NUMBER_ID,AUTHORIZED_PAY_MASS) values ('B0000803','2400769', '测B04768', 4, 240769, 0, '2',15);

insert into T_SIMINFO (SIM_ID, ORG_CODE, DEPTCODE, STATE,PAY_MODLE, SIM_NUM) values(24770, 'B0000803', '中国移动', 1, '预付费', 13100004769);
insert into T_TERMINALINFO (TERMINAL_ID,TTYPE_ID,SIM_ID,TERMINAL_CODE,ORG_CODE,IS_VIDEO_TERMINAL,SP_SERVER_NAME,PROTOCOL_TYPE,CHANNELS,YT_PROTOCOL_TYPE) values(240770, 4, 24770, '1004769', 'B0000803',1,'1076测试服务器','4',8,'0');
insert into V_VEHICLEINFO (ORG_CODE,VEHICLE_ID,ID_NUMBER,TYPE_ID,TERMINAL_ID,DELETE_FLAG,COLOR_ID_NUMBER_ID,AUTHORIZED_PAY_MASS) values ('B0000803','2400770', '测B04769', 4, 240770, 0, '2',15);

insert into T_SIMINFO (SIM_ID, ORG_CODE, DEPTCODE, STATE,PAY_MODLE, SIM_NUM) values(24771, 'B0000803', '中国移动', 1, '预付费', 13100004770);
insert into T_TERMINALINFO (TERMINAL_ID,TTYPE_ID,SIM_ID,TERMINAL_CODE,ORG_CODE,IS_VIDEO_TERMINAL,SP_SERVER_NAME,PROTOCOL_TYPE,CHANNELS,YT_PROTOCOL_TYPE) values(240771, 4, 24771, '1004770', 'B0000803',1,'1076测试服务器','4',8,'0');
insert into V_VEHICLEINFO (ORG_CODE,VEHICLE_ID,ID_NUMBER,TYPE_ID,TERMINAL_ID,DELETE_FLAG,COLOR_ID_NUMBER_ID,AUTHORIZED_PAY_MASS) values ('B0000803','2400771', '测B04770', 4, 240771, 0, '2',15);

insert into T_SIMINFO (SIM_ID, ORG_CODE, DEPTCODE, STATE,PAY_MODLE, SIM_NUM) values(24772, 'B0000803', '中国移动', 1, '预付费', 13100004771);
insert into T_TERMINALINFO (TERMINAL_ID,TTYPE_ID,SIM_ID,TERMINAL_CODE,ORG_CODE,IS_VIDEO_TERMINAL,SP_SERVER_NAME,PROTOCOL_TYPE,CHANNELS,YT_PROTOCOL_TYPE) values(240772, 4, 24772, '1004771', 'B0000803',1,'1076测试服务器','4',8,'0');
insert into V_VEHICLEINFO (ORG_CODE,VEHICLE_ID,ID_NUMBER,TYPE_ID,TERMINAL_ID,DELETE_FLAG,COLOR_ID_NUMBER_ID,AUTHORIZED_PAY_MASS) values ('B0000803','2400772', '测B04771', 4, 240772, 0, '2',15);

insert into T_SIMINFO (SIM_ID, ORG_CODE, DEPTCODE, STATE,PAY_MODLE, SIM_NUM) values(24773, 'B0000803', '中国移动', 1, '预付费', 13100004772);
insert into T_TERMINALINFO (TERMINAL_ID,TTYPE_ID,SIM_ID,TERMINAL_CODE,ORG_CODE,IS_VIDEO_TERMINAL,SP_SERVER_NAME,PROTOCOL_TYPE,CHANNELS,YT_PROTOCOL_TYPE) values(240773, 4, 24773, '1004772', 'B0000803',1,'1076测试服务器','4',8,'0');
insert into V_VEHICLEINFO (ORG_CODE,VEHICLE_ID,ID_NUMBER,TYPE_ID,TERMINAL_ID,DELETE_FLAG,COLOR_ID_NUMBER_ID,AUTHORIZED_PAY_MASS) values ('B0000803','2400773', '测B04772', 4, 240773, 0, '2',15);

insert into T_SIMINFO (SIM_ID, ORG_CODE, DEPTCODE, STATE,PAY_MODLE, SIM_NUM) values(24774, 'B0000803', '中国移动', 1, '预付费', 13100004773);
insert into T_TERMINALINFO (TERMINAL_ID,TTYPE_ID,SIM_ID,TERMINAL_CODE,ORG_CODE,IS_VIDEO_TERMINAL,SP_SERVER_NAME,PROTOCOL_TYPE,CHANNELS,YT_PROTOCOL_TYPE) values(240774, 4, 24774, '1004773', 'B0000803',1,'1076测试服务器','4',8,'0');
insert into V_VEHICLEINFO (ORG_CODE,VEHICLE_ID,ID_NUMBER,TYPE_ID,TERMINAL_ID,DELETE_FLAG,COLOR_ID_NUMBER_ID,AUTHORIZED_PAY_MASS) values ('B0000803','2400774', '测B04773', 4, 240774, 0, '2',15);

insert into T_SIMINFO (SIM_ID, ORG_CODE, DEPTCODE, STATE,PAY_MODLE, SIM_NUM) values(24775, 'B0000803', '中国移动', 1, '预付费', 13100004774);
insert into T_TERMINALINFO (TERMINAL_ID,TTYPE_ID,SIM_ID,TERMINAL_CODE,ORG_CODE,IS_VIDEO_TERMINAL,SP_SERVER_NAME,PROTOCOL_TYPE,CHANNELS,YT_PROTOCOL_TYPE) values(240775, 4, 24775, '1004774', 'B0000803',1,'1076测试服务器','4',8,'0');
insert into V_VEHICLEINFO (ORG_CODE,VEHICLE_ID,ID_NUMBER,TYPE_ID,TERMINAL_ID,DELETE_FLAG,COLOR_ID_NUMBER_ID,AUTHORIZED_PAY_MASS) values ('B0000803','2400775', '测B04774', 4, 240775, 0, '2',15);

insert into T_SIMINFO (SIM_ID, ORG_CODE, DEPTCODE, STATE,PAY_MODLE, SIM_NUM) values(24776, 'B0000803', '中国移动', 1, '预付费', 13100004775);
insert into T_TERMINALINFO (TERMINAL_ID,TTYPE_ID,SIM_ID,TERMINAL_CODE,ORG_CODE,IS_VIDEO_TERMINAL,SP_SERVER_NAME,PROTOCOL_TYPE,CHANNELS,YT_PROTOCOL_TYPE) values(240776, 4, 24776, '1004775', 'B0000803',1,'1076测试服务器','4',8,'0');
insert into V_VEHICLEINFO (ORG_CODE,VEHICLE_ID,ID_NUMBER,TYPE_ID,TERMINAL_ID,DELETE_FLAG,COLOR_ID_NUMBER_ID,AUTHORIZED_PAY_MASS) values ('B0000803','2400776', '测B04775', 4, 240776, 0, '2',15);

insert into T_SIMINFO (SIM_ID, ORG_CODE, DEPTCODE, STATE,PAY_MODLE, SIM_NUM) values(24777, 'B0000803', '中国移动', 1, '预付费', 13100004776);
insert into T_TERMINALINFO (TERMINAL_ID,TTYPE_ID,SIM_ID,TERMINAL_CODE,ORG_CODE,IS_VIDEO_TERMINAL,SP_SERVER_NAME,PROTOCOL_TYPE,CHANNELS,YT_PROTOCOL_TYPE) values(240777, 4, 24777, '1004776', 'B0000803',1,'1076测试服务器','4',8,'0');
insert into V_VEHICLEINFO (ORG_CODE,VEHICLE_ID,ID_NUMBER,TYPE_ID,TERMINAL_ID,DELETE_FLAG,COLOR_ID_NUMBER_ID,AUTHORIZED_PAY_MASS) values ('B0000803','2400777', '测B04776', 4, 240777, 0, '2',15);

insert into T_SIMINFO (SIM_ID, ORG_CODE, DEPTCODE, STATE,PAY_MODLE, SIM_NUM) values(24778, 'B0000803', '中国移动', 1, '预付费', 13100004777);
insert into T_TERMINALINFO (TERMINAL_ID,TTYPE_ID,SIM_ID,TERMINAL_CODE,ORG_CODE,IS_VIDEO_TERMINAL,SP_SERVER_NAME,PROTOCOL_TYPE,CHANNELS,YT_PROTOCOL_TYPE) values(240778, 4, 24778, '1004777', 'B0000803',1,'1076测试服务器','4',8,'0');
insert into V_VEHICLEINFO (ORG_CODE,VEHICLE_ID,ID_NUMBER,TYPE_ID,TERMINAL_ID,DELETE_FLAG,COLOR_ID_NUMBER_ID,AUTHORIZED_PAY_MASS) values ('B0000803','2400778', '测B04777', 4, 240778, 0, '2',15);

insert into T_SIMINFO (SIM_ID, ORG_CODE, DEPTCODE, STATE,PAY_MODLE, SIM_NUM) values(24779, 'B0000803', '中国移动', 1, '预付费', 13100004778);
insert into T_TERMINALINFO (TERMINAL_ID,TTYPE_ID,SIM_ID,TERMINAL_CODE,ORG_CODE,IS_VIDEO_TERMINAL,SP_SERVER_NAME,PROTOCOL_TYPE,CHANNELS,YT_PROTOCOL_TYPE) values(240779, 4, 24779, '1004778', 'B0000803',1,'1076测试服务器','4',8,'0');
insert into V_VEHICLEINFO (ORG_CODE,VEHICLE_ID,ID_NUMBER,TYPE_ID,TERMINAL_ID,DELETE_FLAG,COLOR_ID_NUMBER_ID,AUTHORIZED_PAY_MASS) values ('B0000803','2400779', '测B04778', 4, 240779, 0, '2',15);

insert into T_SIMINFO (SIM_ID, ORG_CODE, DEPTCODE, STATE,PAY_MODLE, SIM_NUM) values(24780, 'B0000803', '中国移动', 1, '预付费', 13100004779);
insert into T_TERMINALINFO (TERMINAL_ID,TTYPE_ID,SIM_ID,TERMINAL_CODE,ORG_CODE,IS_VIDEO_TERMINAL,SP_SERVER_NAME,PROTOCOL_TYPE,CHANNELS,YT_PROTOCOL_TYPE) values(240780, 4, 24780, '1004779', 'B0000803',1,'1076测试服务器','4',8,'0');
insert into V_VEHICLEINFO (ORG_CODE,VEHICLE_ID,ID_NUMBER,TYPE_ID,TERMINAL_ID,DELETE_FLAG,COLOR_ID_NUMBER_ID,AUTHORIZED_PAY_MASS) values ('B0000803','2400780', '测B04779', 4, 240780, 0, '2',15);

insert into T_SIMINFO (SIM_ID, ORG_CODE, DEPTCODE, STATE,PAY_MODLE, SIM_NUM) values(24781, 'B0000803', '中国移动', 1, '预付费', 13100004780);
insert into T_TERMINALINFO (TERMINAL_ID,TTYPE_ID,SIM_ID,TERMINAL_CODE,ORG_CODE,IS_VIDEO_TERMINAL,SP_SERVER_NAME,PROTOCOL_TYPE,CHANNELS,YT_PROTOCOL_TYPE) values(240781, 4, 24781, '1004780', 'B0000803',1,'1076测试服务器','4',8,'0');
insert into V_VEHICLEINFO (ORG_CODE,VEHICLE_ID,ID_NUMBER,TYPE_ID,TERMINAL_ID,DELETE_FLAG,COLOR_ID_NUMBER_ID,AUTHORIZED_PAY_MASS) values ('B0000803','2400781', '测B04780', 4, 240781, 0, '2',15);

insert into T_SIMINFO (SIM_ID, ORG_CODE, DEPTCODE, STATE,PAY_MODLE, SIM_NUM) values(24782, 'B0000803', '中国移动', 1, '预付费', 13100004781);
insert into T_TERMINALINFO (TERMINAL_ID,TTYPE_ID,SIM_ID,TERMINAL_CODE,ORG_CODE,IS_VIDEO_TERMINAL,SP_SERVER_NAME,PROTOCOL_TYPE,CHANNELS,YT_PROTOCOL_TYPE) values(240782, 4, 24782, '1004781', 'B0000803',1,'1076测试服务器','4',8,'0');
insert into V_VEHICLEINFO (ORG_CODE,VEHICLE_ID,ID_NUMBER,TYPE_ID,TERMINAL_ID,DELETE_FLAG,COLOR_ID_NUMBER_ID,AUTHORIZED_PAY_MASS) values ('B0000803','2400782', '测B04781', 4, 240782, 0, '2',15);

insert into T_SIMINFO (SIM_ID, ORG_CODE, DEPTCODE, STATE,PAY_MODLE, SIM_NUM) values(24783, 'B0000803', '中国移动', 1, '预付费', 13100004782);
insert into T_TERMINALINFO (TERMINAL_ID,TTYPE_ID,SIM_ID,TERMINAL_CODE,ORG_CODE,IS_VIDEO_TERMINAL,SP_SERVER_NAME,PROTOCOL_TYPE,CHANNELS,YT_PROTOCOL_TYPE) values(240783, 4, 24783, '1004782', 'B0000803',1,'1076测试服务器','4',8,'0');
insert into V_VEHICLEINFO (ORG_CODE,VEHICLE_ID,ID_NUMBER,TYPE_ID,TERMINAL_ID,DELETE_FLAG,COLOR_ID_NUMBER_ID,AUTHORIZED_PAY_MASS) values ('B0000803','2400783', '测B04782', 4, 240783, 0, '2',15);

insert into T_SIMINFO (SIM_ID, ORG_CODE, DEPTCODE, STATE,PAY_MODLE, SIM_NUM) values(24784, 'B0000803', '中国移动', 1, '预付费', 13100004783);
insert into T_TERMINALINFO (TERMINAL_ID,TTYPE_ID,SIM_ID,TERMINAL_CODE,ORG_CODE,IS_VIDEO_TERMINAL,SP_SERVER_NAME,PROTOCOL_TYPE,CHANNELS,YT_PROTOCOL_TYPE) values(240784, 4, 24784, '1004783', 'B0000803',1,'1076测试服务器','4',8,'0');
insert into V_VEHICLEINFO (ORG_CODE,VEHICLE_ID,ID_NUMBER,TYPE_ID,TERMINAL_ID,DELETE_FLAG,COLOR_ID_NUMBER_ID,AUTHORIZED_PAY_MASS) values ('B0000803','2400784', '测B04783', 4, 240784, 0, '2',15);

insert into T_SIMINFO (SIM_ID, ORG_CODE, DEPTCODE, STATE,PAY_MODLE, SIM_NUM) values(24785, 'B0000803', '中国移动', 1, '预付费', 13100004784);
insert into T_TERMINALINFO (TERMINAL_ID,TTYPE_ID,SIM_ID,TERMINAL_CODE,ORG_CODE,IS_VIDEO_TERMINAL,SP_SERVER_NAME,PROTOCOL_TYPE,CHANNELS,YT_PROTOCOL_TYPE) values(240785, 4, 24785, '1004784', 'B0000803',1,'1076测试服务器','4',8,'0');
insert into V_VEHICLEINFO (ORG_CODE,VEHICLE_ID,ID_NUMBER,TYPE_ID,TERMINAL_ID,DELETE_FLAG,COLOR_ID_NUMBER_ID,AUTHORIZED_PAY_MASS) values ('B0000803','2400785', '测B04784', 4, 240785, 0, '2',15);

insert into T_SIMINFO (SIM_ID, ORG_CODE, DEPTCODE, STATE,PAY_MODLE, SIM_NUM) values(24786, 'B0000803', '中国移动', 1, '预付费', 13100004785);
insert into T_TERMINALINFO (TERMINAL_ID,TTYPE_ID,SIM_ID,TERMINAL_CODE,ORG_CODE,IS_VIDEO_TERMINAL,SP_SERVER_NAME,PROTOCOL_TYPE,CHANNELS,YT_PROTOCOL_TYPE) values(240786, 4, 24786, '1004785', 'B0000803',1,'1076测试服务器','4',8,'0');
insert into V_VEHICLEINFO (ORG_CODE,VEHICLE_ID,ID_NUMBER,TYPE_ID,TERMINAL_ID,DELETE_FLAG,COLOR_ID_NUMBER_ID,AUTHORIZED_PAY_MASS) values ('B0000803','2400786', '测B04785', 4, 240786, 0, '2',15);

insert into T_SIMINFO (SIM_ID, ORG_CODE, DEPTCODE, STATE,PAY_MODLE, SIM_NUM) values(24787, 'B0000803', '中国移动', 1, '预付费', 13100004786);
insert into T_TERMINALINFO (TERMINAL_ID,TTYPE_ID,SIM_ID,TERMINAL_CODE,ORG_CODE,IS_VIDEO_TERMINAL,SP_SERVER_NAME,PROTOCOL_TYPE,CHANNELS,YT_PROTOCOL_TYPE) values(240787, 4, 24787, '1004786', 'B0000803',1,'1076测试服务器','4',8,'0');
insert into V_VEHICLEINFO (ORG_CODE,VEHICLE_ID,ID_NUMBER,TYPE_ID,TERMINAL_ID,DELETE_FLAG,COLOR_ID_NUMBER_ID,AUTHORIZED_PAY_MASS) values ('B0000803','2400787', '测B04786', 4, 240787, 0, '2',15);

insert into T_SIMINFO (SIM_ID, ORG_CODE, DEPTCODE, STATE,PAY_MODLE, SIM_NUM) values(24788, 'B0000803', '中国移动', 1, '预付费', 13100004787);
insert into T_TERMINALINFO (TERMINAL_ID,TTYPE_ID,SIM_ID,TERMINAL_CODE,ORG_CODE,IS_VIDEO_TERMINAL,SP_SERVER_NAME,PROTOCOL_TYPE,CHANNELS,YT_PROTOCOL_TYPE) values(240788, 4, 24788, '1004787', 'B0000803',1,'1076测试服务器','4',8,'0');
insert into V_VEHICLEINFO (ORG_CODE,VEHICLE_ID,ID_NUMBER,TYPE_ID,TERMINAL_ID,DELETE_FLAG,COLOR_ID_NUMBER_ID,AUTHORIZED_PAY_MASS) values ('B0000803','2400788', '测B04787', 4, 240788, 0, '2',15);

insert into T_SIMINFO (SIM_ID, ORG_CODE, DEPTCODE, STATE,PAY_MODLE, SIM_NUM) values(24789, 'B0000803', '中国移动', 1, '预付费', 13100004788);
insert into T_TERMINALINFO (TERMINAL_ID,TTYPE_ID,SIM_ID,TERMINAL_CODE,ORG_CODE,IS_VIDEO_TERMINAL,SP_SERVER_NAME,PROTOCOL_TYPE,CHANNELS,YT_PROTOCOL_TYPE) values(240789, 4, 24789, '1004788', 'B0000803',1,'1076测试服务器','4',8,'0');
insert into V_VEHICLEINFO (ORG_CODE,VEHICLE_ID,ID_NUMBER,TYPE_ID,TERMINAL_ID,DELETE_FLAG,COLOR_ID_NUMBER_ID,AUTHORIZED_PAY_MASS) values ('B0000803','2400789', '测B04788', 4, 240789, 0, '2',15);

insert into T_SIMINFO (SIM_ID, ORG_CODE, DEPTCODE, STATE,PAY_MODLE, SIM_NUM) values(24790, 'B0000803', '中国移动', 1, '预付费', 13100004789);
insert into T_TERMINALINFO (TERMINAL_ID,TTYPE_ID,SIM_ID,TERMINAL_CODE,ORG_CODE,IS_VIDEO_TERMINAL,SP_SERVER_NAME,PROTOCOL_TYPE,CHANNELS,YT_PROTOCOL_TYPE) values(240790, 4, 24790, '1004789', 'B0000803',1,'1076测试服务器','4',8,'0');
insert into V_VEHICLEINFO (ORG_CODE,VEHICLE_ID,ID_NUMBER,TYPE_ID,TERMINAL_ID,DELETE_FLAG,COLOR_ID_NUMBER_ID,AUTHORIZED_PAY_MASS) values ('B0000803','2400790', '测B04789', 4, 240790, 0, '2',15);

insert into T_SIMINFO (SIM_ID, ORG_CODE, DEPTCODE, STATE,PAY_MODLE, SIM_NUM) values(24791, 'B0000803', '中国移动', 1, '预付费', 13100004790);
insert into T_TERMINALINFO (TERMINAL_ID,TTYPE_ID,SIM_ID,TERMINAL_CODE,ORG_CODE,IS_VIDEO_TERMINAL,SP_SERVER_NAME,PROTOCOL_TYPE,CHANNELS,YT_PROTOCOL_TYPE) values(240791, 4, 24791, '1004790', 'B0000803',1,'1076测试服务器','4',8,'0');
insert into V_VEHICLEINFO (ORG_CODE,VEHICLE_ID,ID_NUMBER,TYPE_ID,TERMINAL_ID,DELETE_FLAG,COLOR_ID_NUMBER_ID,AUTHORIZED_PAY_MASS) values ('B0000803','2400791', '测B04790', 4, 240791, 0, '2',15);

insert into T_SIMINFO (SIM_ID, ORG_CODE, DEPTCODE, STATE,PAY_MODLE, SIM_NUM) values(24792, 'B0000803', '中国移动', 1, '预付费', 13100004791);
insert into T_TERMINALINFO (TERMINAL_ID,TTYPE_ID,SIM_ID,TERMINAL_CODE,ORG_CODE,IS_VIDEO_TERMINAL,SP_SERVER_NAME,PROTOCOL_TYPE,CHANNELS,YT_PROTOCOL_TYPE) values(240792, 4, 24792, '1004791', 'B0000803',1,'1076测试服务器','4',8,'0');
insert into V_VEHICLEINFO (ORG_CODE,VEHICLE_ID,ID_NUMBER,TYPE_ID,TERMINAL_ID,DELETE_FLAG,COLOR_ID_NUMBER_ID,AUTHORIZED_PAY_MASS) values ('B0000803','2400792', '测B04791', 4, 240792, 0, '2',15);

insert into T_SIMINFO (SIM_ID, ORG_CODE, DEPTCODE, STATE,PAY_MODLE, SIM_NUM) values(24793, 'B0000803', '中国移动', 1, '预付费', 13100004792);
insert into T_TERMINALINFO (TERMINAL_ID,TTYPE_ID,SIM_ID,TERMINAL_CODE,ORG_CODE,IS_VIDEO_TERMINAL,SP_SERVER_NAME,PROTOCOL_TYPE,CHANNELS,YT_PROTOCOL_TYPE) values(240793, 4, 24793, '1004792', 'B0000803',1,'1076测试服务器','4',8,'0');
insert into V_VEHICLEINFO (ORG_CODE,VEHICLE_ID,ID_NUMBER,TYPE_ID,TERMINAL_ID,DELETE_FLAG,COLOR_ID_NUMBER_ID,AUTHORIZED_PAY_MASS) values ('B0000803','2400793', '测B04792', 4, 240793, 0, '2',15);

insert into T_SIMINFO (SIM_ID, ORG_CODE, DEPTCODE, STATE,PAY_MODLE, SIM_NUM) values(24794, 'B0000803', '中国移动', 1, '预付费', 13100004793);
insert into T_TERMINALINFO (TERMINAL_ID,TTYPE_ID,SIM_ID,TERMINAL_CODE,ORG_CODE,IS_VIDEO_TERMINAL,SP_SERVER_NAME,PROTOCOL_TYPE,CHANNELS,YT_PROTOCOL_TYPE) values(240794, 4, 24794, '1004793', 'B0000803',1,'1076测试服务器','4',8,'0');
insert into V_VEHICLEINFO (ORG_CODE,VEHICLE_ID,ID_NUMBER,TYPE_ID,TERMINAL_ID,DELETE_FLAG,COLOR_ID_NUMBER_ID,AUTHORIZED_PAY_MASS) values ('B0000803','2400794', '测B04793', 4, 240794, 0, '2',15);

insert into T_SIMINFO (SIM_ID, ORG_CODE, DEPTCODE, STATE,PAY_MODLE, SIM_NUM) values(24795, 'B0000803', '中国移动', 1, '预付费', 13100004794);
insert into T_TERMINALINFO (TERMINAL_ID,TTYPE_ID,SIM_ID,TERMINAL_CODE,ORG_CODE,IS_VIDEO_TERMINAL,SP_SERVER_NAME,PROTOCOL_TYPE,CHANNELS,YT_PROTOCOL_TYPE) values(240795, 4, 24795, '1004794', 'B0000803',1,'1076测试服务器','4',8,'0');
insert into V_VEHICLEINFO (ORG_CODE,VEHICLE_ID,ID_NUMBER,TYPE_ID,TERMINAL_ID,DELETE_FLAG,COLOR_ID_NUMBER_ID,AUTHORIZED_PAY_MASS) values ('B0000803','2400795', '测B04794', 4, 240795, 0, '2',15);

insert into T_SIMINFO (SIM_ID, ORG_CODE, DEPTCODE, STATE,PAY_MODLE, SIM_NUM) values(24796, 'B0000803', '中国移动', 1, '预付费', 13100004795);
insert into T_TERMINALINFO (TERMINAL_ID,TTYPE_ID,SIM_ID,TERMINAL_CODE,ORG_CODE,IS_VIDEO_TERMINAL,SP_SERVER_NAME,PROTOCOL_TYPE,CHANNELS,YT_PROTOCOL_TYPE) values(240796, 4, 24796, '1004795', 'B0000803',1,'1076测试服务器','4',8,'0');
insert into V_VEHICLEINFO (ORG_CODE,VEHICLE_ID,ID_NUMBER,TYPE_ID,TERMINAL_ID,DELETE_FLAG,COLOR_ID_NUMBER_ID,AUTHORIZED_PAY_MASS) values ('B0000803','2400796', '测B04795', 4, 240796, 0, '2',15);

insert into T_SIMINFO (SIM_ID, ORG_CODE, DEPTCODE, STATE,PAY_MODLE, SIM_NUM) values(24797, 'B0000803', '中国移动', 1, '预付费', 13100004796);
insert into T_TERMINALINFO (TERMINAL_ID,TTYPE_ID,SIM_ID,TERMINAL_CODE,ORG_CODE,IS_VIDEO_TERMINAL,SP_SERVER_NAME,PROTOCOL_TYPE,CHANNELS,YT_PROTOCOL_TYPE) values(240797, 4, 24797, '1004796', 'B0000803',1,'1076测试服务器','4',8,'0');
insert into V_VEHICLEINFO (ORG_CODE,VEHICLE_ID,ID_NUMBER,TYPE_ID,TERMINAL_ID,DELETE_FLAG,COLOR_ID_NUMBER_ID,AUTHORIZED_PAY_MASS) values ('B0000803','2400797', '测B04796', 4, 240797, 0, '2',15);

insert into T_SIMINFO (SIM_ID, ORG_CODE, DEPTCODE, STATE,PAY_MODLE, SIM_NUM) values(24798, 'B0000803', '中国移动', 1, '预付费', 13100004797);
insert into T_TERMINALINFO (TERMINAL_ID,TTYPE_ID,SIM_ID,TERMINAL_CODE,ORG_CODE,IS_VIDEO_TERMINAL,SP_SERVER_NAME,PROTOCOL_TYPE,CHANNELS,YT_PROTOCOL_TYPE) values(240798, 4, 24798, '1004797', 'B0000803',1,'1076测试服务器','4',8,'0');
insert into V_VEHICLEINFO (ORG_CODE,VEHICLE_ID,ID_NUMBER,TYPE_ID,TERMINAL_ID,DELETE_FLAG,COLOR_ID_NUMBER_ID,AUTHORIZED_PAY_MASS) values ('B0000803','2400798', '测B04797', 4, 240798, 0, '2',15);

insert into T_SIMINFO (SIM_ID, ORG_CODE, DEPTCODE, STATE,PAY_MODLE, SIM_NUM) values(24799, 'B0000803', '中国移动', 1, '预付费', 13100004798);
insert into T_TERMINALINFO (TERMINAL_ID,TTYPE_ID,SIM_ID,TERMINAL_CODE,ORG_CODE,IS_VIDEO_TERMINAL,SP_SERVER_NAME,PROTOCOL_TYPE,CHANNELS,YT_PROTOCOL_TYPE) values(240799, 4, 24799, '1004798', 'B0000803',1,'1076测试服务器','4',8,'0');
insert into V_VEHICLEINFO (ORG_CODE,VEHICLE_ID,ID_NUMBER,TYPE_ID,TERMINAL_ID,DELETE_FLAG,COLOR_ID_NUMBER_ID,AUTHORIZED_PAY_MASS) values ('B0000803','2400799', '测B04798', 4, 240799, 0, '2',15);

insert into T_SIMINFO (SIM_ID, ORG_CODE, DEPTCODE, STATE,PAY_MODLE, SIM_NUM) values(24800, 'B0000803', '中国移动', 1, '预付费', 13100004799);
insert into T_TERMINALINFO (TERMINAL_ID,TTYPE_ID,SIM_ID,TERMINAL_CODE,ORG_CODE,IS_VIDEO_TERMINAL,SP_SERVER_NAME,PROTOCOL_TYPE,CHANNELS,YT_PROTOCOL_TYPE) values(240800, 4, 24800, '1004799', 'B0000803',1,'1076测试服务器','4',8,'0');
insert into V_VEHICLEINFO (ORG_CODE,VEHICLE_ID,ID_NUMBER,TYPE_ID,TERMINAL_ID,DELETE_FLAG,COLOR_ID_NUMBER_ID,AUTHORIZED_PAY_MASS) values ('B0000803','2400800', '测B04799', 4, 240800, 0, '2',15);

insert into T_SIMINFO (SIM_ID, ORG_CODE, DEPTCODE, STATE,PAY_MODLE, SIM_NUM) values(24801, 'B0000803', '中国移动', 1, '预付费', 13100004800);
insert into T_TERMINALINFO (TERMINAL_ID,TTYPE_ID,SIM_ID,TERMINAL_CODE,ORG_CODE,IS_VIDEO_TERMINAL,SP_SERVER_NAME,PROTOCOL_TYPE,CHANNELS,YT_PROTOCOL_TYPE) values(240801, 4, 24801, '1004800', 'B0000803',1,'1076测试服务器','4',8,'0');
insert into V_VEHICLEINFO (ORG_CODE,VEHICLE_ID,ID_NUMBER,TYPE_ID,TERMINAL_ID,DELETE_FLAG,COLOR_ID_NUMBER_ID,AUTHORIZED_PAY_MASS) values ('B0000803','2400801', '测B04800', 4, 240801, 0, '2',15);

insert into T_SIMINFO (SIM_ID, ORG_CODE, DEPTCODE, STATE,PAY_MODLE, SIM_NUM) values(24802, 'B0000803', '中国移动', 1, '预付费', 13100004801);
insert into T_TERMINALINFO (TERMINAL_ID,TTYPE_ID,SIM_ID,TERMINAL_CODE,ORG_CODE,IS_VIDEO_TERMINAL,SP_SERVER_NAME,PROTOCOL_TYPE,CHANNELS,YT_PROTOCOL_TYPE) values(240802, 4, 24802, '1004801', 'B0000803',1,'1076测试服务器','4',8,'0');
insert into V_VEHICLEINFO (ORG_CODE,VEHICLE_ID,ID_NUMBER,TYPE_ID,TERMINAL_ID,DELETE_FLAG,COLOR_ID_NUMBER_ID,AUTHORIZED_PAY_MASS) values ('B0000803','2400802', '测B04801', 4, 240802, 0, '2',15);

insert into T_SIMINFO (SIM_ID, ORG_CODE, DEPTCODE, STATE,PAY_MODLE, SIM_NUM) values(24803, 'B0000803', '中国移动', 1, '预付费', 13100004802);
insert into T_TERMINALINFO (TERMINAL_ID,TTYPE_ID,SIM_ID,TERMINAL_CODE,ORG_CODE,IS_VIDEO_TERMINAL,SP_SERVER_NAME,PROTOCOL_TYPE,CHANNELS,YT_PROTOCOL_TYPE) values(240803, 4, 24803, '1004802', 'B0000803',1,'1076测试服务器','4',8,'0');
insert into V_VEHICLEINFO (ORG_CODE,VEHICLE_ID,ID_NUMBER,TYPE_ID,TERMINAL_ID,DELETE_FLAG,COLOR_ID_NUMBER_ID,AUTHORIZED_PAY_MASS) values ('B0000803','2400803', '测B04802', 4, 240803, 0, '2',15);

insert into T_SIMINFO (SIM_ID, ORG_CODE, DEPTCODE, STATE,PAY_MODLE, SIM_NUM) values(24804, 'B0000803', '中国移动', 1, '预付费', 13100004803);
insert into T_TERMINALINFO (TERMINAL_ID,TTYPE_ID,SIM_ID,TERMINAL_CODE,ORG_CODE,IS_VIDEO_TERMINAL,SP_SERVER_NAME,PROTOCOL_TYPE,CHANNELS,YT_PROTOCOL_TYPE) values(240804, 4, 24804, '1004803', 'B0000803',1,'1076测试服务器','4',8,'0');
insert into V_VEHICLEINFO (ORG_CODE,VEHICLE_ID,ID_NUMBER,TYPE_ID,TERMINAL_ID,DELETE_FLAG,COLOR_ID_NUMBER_ID,AUTHORIZED_PAY_MASS) values ('B0000803','2400804', '测B04803', 4, 240804, 0, '2',15);

insert into T_SIMINFO (SIM_ID, ORG_CODE, DEPTCODE, STATE,PAY_MODLE, SIM_NUM) values(24805, 'B0000803', '中国移动', 1, '预付费', 13100004804);
insert into T_TERMINALINFO (TERMINAL_ID,TTYPE_ID,SIM_ID,TERMINAL_CODE,ORG_CODE,IS_VIDEO_TERMINAL,SP_SERVER_NAME,PROTOCOL_TYPE,CHANNELS,YT_PROTOCOL_TYPE) values(240805, 4, 24805, '1004804', 'B0000803',1,'1076测试服务器','4',8,'0');
insert into V_VEHICLEINFO (ORG_CODE,VEHICLE_ID,ID_NUMBER,TYPE_ID,TERMINAL_ID,DELETE_FLAG,COLOR_ID_NUMBER_ID,AUTHORIZED_PAY_MASS) values ('B0000803','2400805', '测B04804', 4, 240805, 0, '2',15);

insert into T_SIMINFO (SIM_ID, ORG_CODE, DEPTCODE, STATE,PAY_MODLE, SIM_NUM) values(24806, 'B0000803', '中国移动', 1, '预付费', 13100004805);
insert into T_TERMINALINFO (TERMINAL_ID,TTYPE_ID,SIM_ID,TERMINAL_CODE,ORG_CODE,IS_VIDEO_TERMINAL,SP_SERVER_NAME,PROTOCOL_TYPE,CHANNELS,YT_PROTOCOL_TYPE) values(240806, 4, 24806, '1004805', 'B0000803',1,'1076测试服务器','4',8,'0');
insert into V_VEHICLEINFO (ORG_CODE,VEHICLE_ID,ID_NUMBER,TYPE_ID,TERMINAL_ID,DELETE_FLAG,COLOR_ID_NUMBER_ID,AUTHORIZED_PAY_MASS) values ('B0000803','2400806', '测B04805', 4, 240806, 0, '2',15);

insert into T_SIMINFO (SIM_ID, ORG_CODE, DEPTCODE, STATE,PAY_MODLE, SIM_NUM) values(24807, 'B0000803', '中国移动', 1, '预付费', 13100004806);
insert into T_TERMINALINFO (TERMINAL_ID,TTYPE_ID,SIM_ID,TERMINAL_CODE,ORG_CODE,IS_VIDEO_TERMINAL,SP_SERVER_NAME,PROTOCOL_TYPE,CHANNELS,YT_PROTOCOL_TYPE) values(240807, 4, 24807, '1004806', 'B0000803',1,'1076测试服务器','4',8,'0');
insert into V_VEHICLEINFO (ORG_CODE,VEHICLE_ID,ID_NUMBER,TYPE_ID,TERMINAL_ID,DELETE_FLAG,COLOR_ID_NUMBER_ID,AUTHORIZED_PAY_MASS) values ('B0000803','2400807', '测B04806', 4, 240807, 0, '2',15);

insert into T_SIMINFO (SIM_ID, ORG_CODE, DEPTCODE, STATE,PAY_MODLE, SIM_NUM) values(24808, 'B0000803', '中国移动', 1, '预付费', 13100004807);
insert into T_TERMINALINFO (TERMINAL_ID,TTYPE_ID,SIM_ID,TERMINAL_CODE,ORG_CODE,IS_VIDEO_TERMINAL,SP_SERVER_NAME,PROTOCOL_TYPE,CHANNELS,YT_PROTOCOL_TYPE) values(240808, 4, 24808, '1004807', 'B0000803',1,'1076测试服务器','4',8,'0');
insert into V_VEHICLEINFO (ORG_CODE,VEHICLE_ID,ID_NUMBER,TYPE_ID,TERMINAL_ID,DELETE_FLAG,COLOR_ID_NUMBER_ID,AUTHORIZED_PAY_MASS) values ('B0000803','2400808', '测B04807', 4, 240808, 0, '2',15);

insert into T_SIMINFO (SIM_ID, ORG_CODE, DEPTCODE, STATE,PAY_MODLE, SIM_NUM) values(24809, 'B0000803', '中国移动', 1, '预付费', 13100004808);
insert into T_TERMINALINFO (TERMINAL_ID,TTYPE_ID,SIM_ID,TERMINAL_CODE,ORG_CODE,IS_VIDEO_TERMINAL,SP_SERVER_NAME,PROTOCOL_TYPE,CHANNELS,YT_PROTOCOL_TYPE) values(240809, 4, 24809, '1004808', 'B0000803',1,'1076测试服务器','4',8,'0');
insert into V_VEHICLEINFO (ORG_CODE,VEHICLE_ID,ID_NUMBER,TYPE_ID,TERMINAL_ID,DELETE_FLAG,COLOR_ID_NUMBER_ID,AUTHORIZED_PAY_MASS) values ('B0000803','2400809', '测B04808', 4, 240809, 0, '2',15);

insert into T_SIMINFO (SIM_ID, ORG_CODE, DEPTCODE, STATE,PAY_MODLE, SIM_NUM) values(24810, 'B0000803', '中国移动', 1, '预付费', 13100004809);
insert into T_TERMINALINFO (TERMINAL_ID,TTYPE_ID,SIM_ID,TERMINAL_CODE,ORG_CODE,IS_VIDEO_TERMINAL,SP_SERVER_NAME,PROTOCOL_TYPE,CHANNELS,YT_PROTOCOL_TYPE) values(240810, 4, 24810, '1004809', 'B0000803',1,'1076测试服务器','4',8,'0');
insert into V_VEHICLEINFO (ORG_CODE,VEHICLE_ID,ID_NUMBER,TYPE_ID,TERMINAL_ID,DELETE_FLAG,COLOR_ID_NUMBER_ID,AUTHORIZED_PAY_MASS) values ('B0000803','2400810', '测B04809', 4, 240810, 0, '2',15);

insert into T_SIMINFO (SIM_ID, ORG_CODE, DEPTCODE, STATE,PAY_MODLE, SIM_NUM) values(24811, 'B0000803', '中国移动', 1, '预付费', 13100004810);
insert into T_TERMINALINFO (TERMINAL_ID,TTYPE_ID,SIM_ID,TERMINAL_CODE,ORG_CODE,IS_VIDEO_TERMINAL,SP_SERVER_NAME,PROTOCOL_TYPE,CHANNELS,YT_PROTOCOL_TYPE) values(240811, 4, 24811, '1004810', 'B0000803',1,'1076测试服务器','4',8,'0');
insert into V_VEHICLEINFO (ORG_CODE,VEHICLE_ID,ID_NUMBER,TYPE_ID,TERMINAL_ID,DELETE_FLAG,COLOR_ID_NUMBER_ID,AUTHORIZED_PAY_MASS) values ('B0000803','2400811', '测B04810', 4, 240811, 0, '2',15);

insert into T_SIMINFO (SIM_ID, ORG_CODE, DEPTCODE, STATE,PAY_MODLE, SIM_NUM) values(24812, 'B0000803', '中国移动', 1, '预付费', 13100004811);
insert into T_TERMINALINFO (TERMINAL_ID,TTYPE_ID,SIM_ID,TERMINAL_CODE,ORG_CODE,IS_VIDEO_TERMINAL,SP_SERVER_NAME,PROTOCOL_TYPE,CHANNELS,YT_PROTOCOL_TYPE) values(240812, 4, 24812, '1004811', 'B0000803',1,'1076测试服务器','4',8,'0');
insert into V_VEHICLEINFO (ORG_CODE,VEHICLE_ID,ID_NUMBER,TYPE_ID,TERMINAL_ID,DELETE_FLAG,COLOR_ID_NUMBER_ID,AUTHORIZED_PAY_MASS) values ('B0000803','2400812', '测B04811', 4, 240812, 0, '2',15);

insert into T_SIMINFO (SIM_ID, ORG_CODE, DEPTCODE, STATE,PAY_MODLE, SIM_NUM) values(24813, 'B0000803', '中国移动', 1, '预付费', 13100004812);
insert into T_TERMINALINFO (TERMINAL_ID,TTYPE_ID,SIM_ID,TERMINAL_CODE,ORG_CODE,IS_VIDEO_TERMINAL,SP_SERVER_NAME,PROTOCOL_TYPE,CHANNELS,YT_PROTOCOL_TYPE) values(240813, 4, 24813, '1004812', 'B0000803',1,'1076测试服务器','4',8,'0');
insert into V_VEHICLEINFO (ORG_CODE,VEHICLE_ID,ID_NUMBER,TYPE_ID,TERMINAL_ID,DELETE_FLAG,COLOR_ID_NUMBER_ID,AUTHORIZED_PAY_MASS) values ('B0000803','2400813', '测B04812', 4, 240813, 0, '2',15);

insert into T_SIMINFO (SIM_ID, ORG_CODE, DEPTCODE, STATE,PAY_MODLE, SIM_NUM) values(24814, 'B0000803', '中国移动', 1, '预付费', 13100004813);
insert into T_TERMINALINFO (TERMINAL_ID,TTYPE_ID,SIM_ID,TERMINAL_CODE,ORG_CODE,IS_VIDEO_TERMINAL,SP_SERVER_NAME,PROTOCOL_TYPE,CHANNELS,YT_PROTOCOL_TYPE) values(240814, 4, 24814, '1004813', 'B0000803',1,'1076测试服务器','4',8,'0');
insert into V_VEHICLEINFO (ORG_CODE,VEHICLE_ID,ID_NUMBER,TYPE_ID,TERMINAL_ID,DELETE_FLAG,COLOR_ID_NUMBER_ID,AUTHORIZED_PAY_MASS) values ('B0000803','2400814', '测B04813', 4, 240814, 0, '2',15);

insert into T_SIMINFO (SIM_ID, ORG_CODE, DEPTCODE, STATE,PAY_MODLE, SIM_NUM) values(24815, 'B0000803', '中国移动', 1, '预付费', 13100004814);
insert into T_TERMINALINFO (TERMINAL_ID,TTYPE_ID,SIM_ID,TERMINAL_CODE,ORG_CODE,IS_VIDEO_TERMINAL,SP_SERVER_NAME,PROTOCOL_TYPE,CHANNELS,YT_PROTOCOL_TYPE) values(240815, 4, 24815, '1004814', 'B0000803',1,'1076测试服务器','4',8,'0');
insert into V_VEHICLEINFO (ORG_CODE,VEHICLE_ID,ID_NUMBER,TYPE_ID,TERMINAL_ID,DELETE_FLAG,COLOR_ID_NUMBER_ID,AUTHORIZED_PAY_MASS) values ('B0000803','2400815', '测B04814', 4, 240815, 0, '2',15);

insert into T_SIMINFO (SIM_ID, ORG_CODE, DEPTCODE, STATE,PAY_MODLE, SIM_NUM) values(24816, 'B0000803', '中国移动', 1, '预付费', 13100004815);
insert into T_TERMINALINFO (TERMINAL_ID,TTYPE_ID,SIM_ID,TERMINAL_CODE,ORG_CODE,IS_VIDEO_TERMINAL,SP_SERVER_NAME,PROTOCOL_TYPE,CHANNELS,YT_PROTOCOL_TYPE) values(240816, 4, 24816, '1004815', 'B0000803',1,'1076测试服务器','4',8,'0');
insert into V_VEHICLEINFO (ORG_CODE,VEHICLE_ID,ID_NUMBER,TYPE_ID,TERMINAL_ID,DELETE_FLAG,COLOR_ID_NUMBER_ID,AUTHORIZED_PAY_MASS) values ('B0000803','2400816', '测B04815', 4, 240816, 0, '2',15);

insert into T_SIMINFO (SIM_ID, ORG_CODE, DEPTCODE, STATE,PAY_MODLE, SIM_NUM) values(24817, 'B0000803', '中国移动', 1, '预付费', 13100004816);
insert into T_TERMINALINFO (TERMINAL_ID,TTYPE_ID,SIM_ID,TERMINAL_CODE,ORG_CODE,IS_VIDEO_TERMINAL,SP_SERVER_NAME,PROTOCOL_TYPE,CHANNELS,YT_PROTOCOL_TYPE) values(240817, 4, 24817, '1004816', 'B0000803',1,'1076测试服务器','4',8,'0');
insert into V_VEHICLEINFO (ORG_CODE,VEHICLE_ID,ID_NUMBER,TYPE_ID,TERMINAL_ID,DELETE_FLAG,COLOR_ID_NUMBER_ID,AUTHORIZED_PAY_MASS) values ('B0000803','2400817', '测B04816', 4, 240817, 0, '2',15);

insert into T_SIMINFO (SIM_ID, ORG_CODE, DEPTCODE, STATE,PAY_MODLE, SIM_NUM) values(24818, 'B0000803', '中国移动', 1, '预付费', 13100004817);
insert into T_TERMINALINFO (TERMINAL_ID,TTYPE_ID,SIM_ID,TERMINAL_CODE,ORG_CODE,IS_VIDEO_TERMINAL,SP_SERVER_NAME,PROTOCOL_TYPE,CHANNELS,YT_PROTOCOL_TYPE) values(240818, 4, 24818, '1004817', 'B0000803',1,'1076测试服务器','4',8,'0');
insert into V_VEHICLEINFO (ORG_CODE,VEHICLE_ID,ID_NUMBER,TYPE_ID,TERMINAL_ID,DELETE_FLAG,COLOR_ID_NUMBER_ID,AUTHORIZED_PAY_MASS) values ('B0000803','2400818', '测B04817', 4, 240818, 0, '2',15);

insert into T_SIMINFO (SIM_ID, ORG_CODE, DEPTCODE, STATE,PAY_MODLE, SIM_NUM) values(24819, 'B0000803', '中国移动', 1, '预付费', 13100004818);
insert into T_TERMINALINFO (TERMINAL_ID,TTYPE_ID,SIM_ID,TERMINAL_CODE,ORG_CODE,IS_VIDEO_TERMINAL,SP_SERVER_NAME,PROTOCOL_TYPE,CHANNELS,YT_PROTOCOL_TYPE) values(240819, 4, 24819, '1004818', 'B0000803',1,'1076测试服务器','4',8,'0');
insert into V_VEHICLEINFO (ORG_CODE,VEHICLE_ID,ID_NUMBER,TYPE_ID,TERMINAL_ID,DELETE_FLAG,COLOR_ID_NUMBER_ID,AUTHORIZED_PAY_MASS) values ('B0000803','2400819', '测B04818', 4, 240819, 0, '2',15);

insert into T_SIMINFO (SIM_ID, ORG_CODE, DEPTCODE, STATE,PAY_MODLE, SIM_NUM) values(24820, 'B0000803', '中国移动', 1, '预付费', 13100004819);
insert into T_TERMINALINFO (TERMINAL_ID,TTYPE_ID,SIM_ID,TERMINAL_CODE,ORG_CODE,IS_VIDEO_TERMINAL,SP_SERVER_NAME,PROTOCOL_TYPE,CHANNELS,YT_PROTOCOL_TYPE) values(240820, 4, 24820, '1004819', 'B0000803',1,'1076测试服务器','4',8,'0');
insert into V_VEHICLEINFO (ORG_CODE,VEHICLE_ID,ID_NUMBER,TYPE_ID,TERMINAL_ID,DELETE_FLAG,COLOR_ID_NUMBER_ID,AUTHORIZED_PAY_MASS) values ('B0000803','2400820', '测B04819', 4, 240820, 0, '2',15);

insert into T_SIMINFO (SIM_ID, ORG_CODE, DEPTCODE, STATE,PAY_MODLE, SIM_NUM) values(24821, 'B0000803', '中国移动', 1, '预付费', 13100004820);
insert into T_TERMINALINFO (TERMINAL_ID,TTYPE_ID,SIM_ID,TERMINAL_CODE,ORG_CODE,IS_VIDEO_TERMINAL,SP_SERVER_NAME,PROTOCOL_TYPE,CHANNELS,YT_PROTOCOL_TYPE) values(240821, 4, 24821, '1004820', 'B0000803',1,'1076测试服务器','4',8,'0');
insert into V_VEHICLEINFO (ORG_CODE,VEHICLE_ID,ID_NUMBER,TYPE_ID,TERMINAL_ID,DELETE_FLAG,COLOR_ID_NUMBER_ID,AUTHORIZED_PAY_MASS) values ('B0000803','2400821', '测B04820', 4, 240821, 0, '2',15);

insert into T_SIMINFO (SIM_ID, ORG_CODE, DEPTCODE, STATE,PAY_MODLE, SIM_NUM) values(24822, 'B0000803', '中国移动', 1, '预付费', 13100004821);
insert into T_TERMINALINFO (TERMINAL_ID,TTYPE_ID,SIM_ID,TERMINAL_CODE,ORG_CODE,IS_VIDEO_TERMINAL,SP_SERVER_NAME,PROTOCOL_TYPE,CHANNELS,YT_PROTOCOL_TYPE) values(240822, 4, 24822, '1004821', 'B0000803',1,'1076测试服务器','4',8,'0');
insert into V_VEHICLEINFO (ORG_CODE,VEHICLE_ID,ID_NUMBER,TYPE_ID,TERMINAL_ID,DELETE_FLAG,COLOR_ID_NUMBER_ID,AUTHORIZED_PAY_MASS) values ('B0000803','2400822', '测B04821', 4, 240822, 0, '2',15);

insert into T_SIMINFO (SIM_ID, ORG_CODE, DEPTCODE, STATE,PAY_MODLE, SIM_NUM) values(24823, 'B0000803', '中国移动', 1, '预付费', 13100004822);
insert into T_TERMINALINFO (TERMINAL_ID,TTYPE_ID,SIM_ID,TERMINAL_CODE,ORG_CODE,IS_VIDEO_TERMINAL,SP_SERVER_NAME,PROTOCOL_TYPE,CHANNELS,YT_PROTOCOL_TYPE) values(240823, 4, 24823, '1004822', 'B0000803',1,'1076测试服务器','4',8,'0');
insert into V_VEHICLEINFO (ORG_CODE,VEHICLE_ID,ID_NUMBER,TYPE_ID,TERMINAL_ID,DELETE_FLAG,COLOR_ID_NUMBER_ID,AUTHORIZED_PAY_MASS) values ('B0000803','2400823', '测B04822', 4, 240823, 0, '2',15);

insert into T_SIMINFO (SIM_ID, ORG_CODE, DEPTCODE, STATE,PAY_MODLE, SIM_NUM) values(24824, 'B0000803', '中国移动', 1, '预付费', 13100004823);
insert into T_TERMINALINFO (TERMINAL_ID,TTYPE_ID,SIM_ID,TERMINAL_CODE,ORG_CODE,IS_VIDEO_TERMINAL,SP_SERVER_NAME,PROTOCOL_TYPE,CHANNELS,YT_PROTOCOL_TYPE) values(240824, 4, 24824, '1004823', 'B0000803',1,'1076测试服务器','4',8,'0');
insert into V_VEHICLEINFO (ORG_CODE,VEHICLE_ID,ID_NUMBER,TYPE_ID,TERMINAL_ID,DELETE_FLAG,COLOR_ID_NUMBER_ID,AUTHORIZED_PAY_MASS) values ('B0000803','2400824', '测B04823', 4, 240824, 0, '2',15);

insert into T_SIMINFO (SIM_ID, ORG_CODE, DEPTCODE, STATE,PAY_MODLE, SIM_NUM) values(24825, 'B0000803', '中国移动', 1, '预付费', 13100004824);
insert into T_TERMINALINFO (TERMINAL_ID,TTYPE_ID,SIM_ID,TERMINAL_CODE,ORG_CODE,IS_VIDEO_TERMINAL,SP_SERVER_NAME,PROTOCOL_TYPE,CHANNELS,YT_PROTOCOL_TYPE) values(240825, 4, 24825, '1004824', 'B0000803',1,'1076测试服务器','4',8,'0');
insert into V_VEHICLEINFO (ORG_CODE,VEHICLE_ID,ID_NUMBER,TYPE_ID,TERMINAL_ID,DELETE_FLAG,COLOR_ID_NUMBER_ID,AUTHORIZED_PAY_MASS) values ('B0000803','2400825', '测B04824', 4, 240825, 0, '2',15);

insert into T_SIMINFO (SIM_ID, ORG_CODE, DEPTCODE, STATE,PAY_MODLE, SIM_NUM) values(24826, 'B0000803', '中国移动', 1, '预付费', 13100004825);
insert into T_TERMINALINFO (TERMINAL_ID,TTYPE_ID,SIM_ID,TERMINAL_CODE,ORG_CODE,IS_VIDEO_TERMINAL,SP_SERVER_NAME,PROTOCOL_TYPE,CHANNELS,YT_PROTOCOL_TYPE) values(240826, 4, 24826, '1004825', 'B0000803',1,'1076测试服务器','4',8,'0');
insert into V_VEHICLEINFO (ORG_CODE,VEHICLE_ID,ID_NUMBER,TYPE_ID,TERMINAL_ID,DELETE_FLAG,COLOR_ID_NUMBER_ID,AUTHORIZED_PAY_MASS) values ('B0000803','2400826', '测B04825', 4, 240826, 0, '2',15);

insert into T_SIMINFO (SIM_ID, ORG_CODE, DEPTCODE, STATE,PAY_MODLE, SIM_NUM) values(24827, 'B0000803', '中国移动', 1, '预付费', 13100004826);
insert into T_TERMINALINFO (TERMINAL_ID,TTYPE_ID,SIM_ID,TERMINAL_CODE,ORG_CODE,IS_VIDEO_TERMINAL,SP_SERVER_NAME,PROTOCOL_TYPE,CHANNELS,YT_PROTOCOL_TYPE) values(240827, 4, 24827, '1004826', 'B0000803',1,'1076测试服务器','4',8,'0');
insert into V_VEHICLEINFO (ORG_CODE,VEHICLE_ID,ID_NUMBER,TYPE_ID,TERMINAL_ID,DELETE_FLAG,COLOR_ID_NUMBER_ID,AUTHORIZED_PAY_MASS) values ('B0000803','2400827', '测B04826', 4, 240827, 0, '2',15);

insert into T_SIMINFO (SIM_ID, ORG_CODE, DEPTCODE, STATE,PAY_MODLE, SIM_NUM) values(24828, 'B0000803', '中国移动', 1, '预付费', 13100004827);
insert into T_TERMINALINFO (TERMINAL_ID,TTYPE_ID,SIM_ID,TERMINAL_CODE,ORG_CODE,IS_VIDEO_TERMINAL,SP_SERVER_NAME,PROTOCOL_TYPE,CHANNELS,YT_PROTOCOL_TYPE) values(240828, 4, 24828, '1004827', 'B0000803',1,'1076测试服务器','4',8,'0');
insert into V_VEHICLEINFO (ORG_CODE,VEHICLE_ID,ID_NUMBER,TYPE_ID,TERMINAL_ID,DELETE_FLAG,COLOR_ID_NUMBER_ID,AUTHORIZED_PAY_MASS) values ('B0000803','2400828', '测B04827', 4, 240828, 0, '2',15);

insert into T_SIMINFO (SIM_ID, ORG_CODE, DEPTCODE, STATE,PAY_MODLE, SIM_NUM) values(24829, 'B0000803', '中国移动', 1, '预付费', 13100004828);
insert into T_TERMINALINFO (TERMINAL_ID,TTYPE_ID,SIM_ID,TERMINAL_CODE,ORG_CODE,IS_VIDEO_TERMINAL,SP_SERVER_NAME,PROTOCOL_TYPE,CHANNELS,YT_PROTOCOL_TYPE) values(240829, 4, 24829, '1004828', 'B0000803',1,'1076测试服务器','4',8,'0');
insert into V_VEHICLEINFO (ORG_CODE,VEHICLE_ID,ID_NUMBER,TYPE_ID,TERMINAL_ID,DELETE_FLAG,COLOR_ID_NUMBER_ID,AUTHORIZED_PAY_MASS) values ('B0000803','2400829', '测B04828', 4, 240829, 0, '2',15);

insert into T_SIMINFO (SIM_ID, ORG_CODE, DEPTCODE, STATE,PAY_MODLE, SIM_NUM) values(24830, 'B0000803', '中国移动', 1, '预付费', 13100004829);
insert into T_TERMINALINFO (TERMINAL_ID,TTYPE_ID,SIM_ID,TERMINAL_CODE,ORG_CODE,IS_VIDEO_TERMINAL,SP_SERVER_NAME,PROTOCOL_TYPE,CHANNELS,YT_PROTOCOL_TYPE) values(240830, 4, 24830, '1004829', 'B0000803',1,'1076测试服务器','4',8,'0');
insert into V_VEHICLEINFO (ORG_CODE,VEHICLE_ID,ID_NUMBER,TYPE_ID,TERMINAL_ID,DELETE_FLAG,COLOR_ID_NUMBER_ID,AUTHORIZED_PAY_MASS) values ('B0000803','2400830', '测B04829', 4, 240830, 0, '2',15);

insert into T_SIMINFO (SIM_ID, ORG_CODE, DEPTCODE, STATE,PAY_MODLE, SIM_NUM) values(24831, 'B0000803', '中国移动', 1, '预付费', 13100004830);
insert into T_TERMINALINFO (TERMINAL_ID,TTYPE_ID,SIM_ID,TERMINAL_CODE,ORG_CODE,IS_VIDEO_TERMINAL,SP_SERVER_NAME,PROTOCOL_TYPE,CHANNELS,YT_PROTOCOL_TYPE) values(240831, 4, 24831, '1004830', 'B0000803',1,'1076测试服务器','4',8,'0');
insert into V_VEHICLEINFO (ORG_CODE,VEHICLE_ID,ID_NUMBER,TYPE_ID,TERMINAL_ID,DELETE_FLAG,COLOR_ID_NUMBER_ID,AUTHORIZED_PAY_MASS) values ('B0000803','2400831', '测B04830', 4, 240831, 0, '2',15);

insert into T_SIMINFO (SIM_ID, ORG_CODE, DEPTCODE, STATE,PAY_MODLE, SIM_NUM) values(24832, 'B0000803', '中国移动', 1, '预付费', 13100004831);
insert into T_TERMINALINFO (TERMINAL_ID,TTYPE_ID,SIM_ID,TERMINAL_CODE,ORG_CODE,IS_VIDEO_TERMINAL,SP_SERVER_NAME,PROTOCOL_TYPE,CHANNELS,YT_PROTOCOL_TYPE) values(240832, 4, 24832, '1004831', 'B0000803',1,'1076测试服务器','4',8,'0');
insert into V_VEHICLEINFO (ORG_CODE,VEHICLE_ID,ID_NUMBER,TYPE_ID,TERMINAL_ID,DELETE_FLAG,COLOR_ID_NUMBER_ID,AUTHORIZED_PAY_MASS) values ('B0000803','2400832', '测B04831', 4, 240832, 0, '2',15);

insert into T_SIMINFO (SIM_ID, ORG_CODE, DEPTCODE, STATE,PAY_MODLE, SIM_NUM) values(24833, 'B0000803', '中国移动', 1, '预付费', 13100004832);
insert into T_TERMINALINFO (TERMINAL_ID,TTYPE_ID,SIM_ID,TERMINAL_CODE,ORG_CODE,IS_VIDEO_TERMINAL,SP_SERVER_NAME,PROTOCOL_TYPE,CHANNELS,YT_PROTOCOL_TYPE) values(240833, 4, 24833, '1004832', 'B0000803',1,'1076测试服务器','4',8,'0');
insert into V_VEHICLEINFO (ORG_CODE,VEHICLE_ID,ID_NUMBER,TYPE_ID,TERMINAL_ID,DELETE_FLAG,COLOR_ID_NUMBER_ID,AUTHORIZED_PAY_MASS) values ('B0000803','2400833', '测B04832', 4, 240833, 0, '2',15);

insert into T_SIMINFO (SIM_ID, ORG_CODE, DEPTCODE, STATE,PAY_MODLE, SIM_NUM) values(24834, 'B0000803', '中国移动', 1, '预付费', 13100004833);
insert into T_TERMINALINFO (TERMINAL_ID,TTYPE_ID,SIM_ID,TERMINAL_CODE,ORG_CODE,IS_VIDEO_TERMINAL,SP_SERVER_NAME,PROTOCOL_TYPE,CHANNELS,YT_PROTOCOL_TYPE) values(240834, 4, 24834, '1004833', 'B0000803',1,'1076测试服务器','4',8,'0');
insert into V_VEHICLEINFO (ORG_CODE,VEHICLE_ID,ID_NUMBER,TYPE_ID,TERMINAL_ID,DELETE_FLAG,COLOR_ID_NUMBER_ID,AUTHORIZED_PAY_MASS) values ('B0000803','2400834', '测B04833', 4, 240834, 0, '2',15);

insert into T_SIMINFO (SIM_ID, ORG_CODE, DEPTCODE, STATE,PAY_MODLE, SIM_NUM) values(24835, 'B0000803', '中国移动', 1, '预付费', 13100004834);
insert into T_TERMINALINFO (TERMINAL_ID,TTYPE_ID,SIM_ID,TERMINAL_CODE,ORG_CODE,IS_VIDEO_TERMINAL,SP_SERVER_NAME,PROTOCOL_TYPE,CHANNELS,YT_PROTOCOL_TYPE) values(240835, 4, 24835, '1004834', 'B0000803',1,'1076测试服务器','4',8,'0');
insert into V_VEHICLEINFO (ORG_CODE,VEHICLE_ID,ID_NUMBER,TYPE_ID,TERMINAL_ID,DELETE_FLAG,COLOR_ID_NUMBER_ID,AUTHORIZED_PAY_MASS) values ('B0000803','2400835', '测B04834', 4, 240835, 0, '2',15);

insert into T_SIMINFO (SIM_ID, ORG_CODE, DEPTCODE, STATE,PAY_MODLE, SIM_NUM) values(24836, 'B0000803', '中国移动', 1, '预付费', 13100004835);
insert into T_TERMINALINFO (TERMINAL_ID,TTYPE_ID,SIM_ID,TERMINAL_CODE,ORG_CODE,IS_VIDEO_TERMINAL,SP_SERVER_NAME,PROTOCOL_TYPE,CHANNELS,YT_PROTOCOL_TYPE) values(240836, 4, 24836, '1004835', 'B0000803',1,'1076测试服务器','4',8,'0');
insert into V_VEHICLEINFO (ORG_CODE,VEHICLE_ID,ID_NUMBER,TYPE_ID,TERMINAL_ID,DELETE_FLAG,COLOR_ID_NUMBER_ID,AUTHORIZED_PAY_MASS) values ('B0000803','2400836', '测B04835', 4, 240836, 0, '2',15);

insert into T_SIMINFO (SIM_ID, ORG_CODE, DEPTCODE, STATE,PAY_MODLE, SIM_NUM) values(24837, 'B0000803', '中国移动', 1, '预付费', 13100004836);
insert into T_TERMINALINFO (TERMINAL_ID,TTYPE_ID,SIM_ID,TERMINAL_CODE,ORG_CODE,IS_VIDEO_TERMINAL,SP_SERVER_NAME,PROTOCOL_TYPE,CHANNELS,YT_PROTOCOL_TYPE) values(240837, 4, 24837, '1004836', 'B0000803',1,'1076测试服务器','4',8,'0');
insert into V_VEHICLEINFO (ORG_CODE,VEHICLE_ID,ID_NUMBER,TYPE_ID,TERMINAL_ID,DELETE_FLAG,COLOR_ID_NUMBER_ID,AUTHORIZED_PAY_MASS) values ('B0000803','2400837', '测B04836', 4, 240837, 0, '2',15);

insert into T_SIMINFO (SIM_ID, ORG_CODE, DEPTCODE, STATE,PAY_MODLE, SIM_NUM) values(24838, 'B0000803', '中国移动', 1, '预付费', 13100004837);
insert into T_TERMINALINFO (TERMINAL_ID,TTYPE_ID,SIM_ID,TERMINAL_CODE,ORG_CODE,IS_VIDEO_TERMINAL,SP_SERVER_NAME,PROTOCOL_TYPE,CHANNELS,YT_PROTOCOL_TYPE) values(240838, 4, 24838, '1004837', 'B0000803',1,'1076测试服务器','4',8,'0');
insert into V_VEHICLEINFO (ORG_CODE,VEHICLE_ID,ID_NUMBER,TYPE_ID,TERMINAL_ID,DELETE_FLAG,COLOR_ID_NUMBER_ID,AUTHORIZED_PAY_MASS) values ('B0000803','2400838', '测B04837', 4, 240838, 0, '2',15);

insert into T_SIMINFO (SIM_ID, ORG_CODE, DEPTCODE, STATE,PAY_MODLE, SIM_NUM) values(24839, 'B0000803', '中国移动', 1, '预付费', 13100004838);
insert into T_TERMINALINFO (TERMINAL_ID,TTYPE_ID,SIM_ID,TERMINAL_CODE,ORG_CODE,IS_VIDEO_TERMINAL,SP_SERVER_NAME,PROTOCOL_TYPE,CHANNELS,YT_PROTOCOL_TYPE) values(240839, 4, 24839, '1004838', 'B0000803',1,'1076测试服务器','4',8,'0');
insert into V_VEHICLEINFO (ORG_CODE,VEHICLE_ID,ID_NUMBER,TYPE_ID,TERMINAL_ID,DELETE_FLAG,COLOR_ID_NUMBER_ID,AUTHORIZED_PAY_MASS) values ('B0000803','2400839', '测B04838', 4, 240839, 0, '2',15);

insert into T_SIMINFO (SIM_ID, ORG_CODE, DEPTCODE, STATE,PAY_MODLE, SIM_NUM) values(24840, 'B0000803', '中国移动', 1, '预付费', 13100004839);
insert into T_TERMINALINFO (TERMINAL_ID,TTYPE_ID,SIM_ID,TERMINAL_CODE,ORG_CODE,IS_VIDEO_TERMINAL,SP_SERVER_NAME,PROTOCOL_TYPE,CHANNELS,YT_PROTOCOL_TYPE) values(240840, 4, 24840, '1004839', 'B0000803',1,'1076测试服务器','4',8,'0');
insert into V_VEHICLEINFO (ORG_CODE,VEHICLE_ID,ID_NUMBER,TYPE_ID,TERMINAL_ID,DELETE_FLAG,COLOR_ID_NUMBER_ID,AUTHORIZED_PAY_MASS) values ('B0000803','2400840', '测B04839', 4, 240840, 0, '2',15);

insert into T_SIMINFO (SIM_ID, ORG_CODE, DEPTCODE, STATE,PAY_MODLE, SIM_NUM) values(24841, 'B0000803', '中国移动', 1, '预付费', 13100004840);
insert into T_TERMINALINFO (TERMINAL_ID,TTYPE_ID,SIM_ID,TERMINAL_CODE,ORG_CODE,IS_VIDEO_TERMINAL,SP_SERVER_NAME,PROTOCOL_TYPE,CHANNELS,YT_PROTOCOL_TYPE) values(240841, 4, 24841, '1004840', 'B0000803',1,'1076测试服务器','4',8,'0');
insert into V_VEHICLEINFO (ORG_CODE,VEHICLE_ID,ID_NUMBER,TYPE_ID,TERMINAL_ID,DELETE_FLAG,COLOR_ID_NUMBER_ID,AUTHORIZED_PAY_MASS) values ('B0000803','2400841', '测B04840', 4, 240841, 0, '2',15);

insert into T_SIMINFO (SIM_ID, ORG_CODE, DEPTCODE, STATE,PAY_MODLE, SIM_NUM) values(24842, 'B0000803', '中国移动', 1, '预付费', 13100004841);
insert into T_TERMINALINFO (TERMINAL_ID,TTYPE_ID,SIM_ID,TERMINAL_CODE,ORG_CODE,IS_VIDEO_TERMINAL,SP_SERVER_NAME,PROTOCOL_TYPE,CHANNELS,YT_PROTOCOL_TYPE) values(240842, 4, 24842, '1004841', 'B0000803',1,'1076测试服务器','4',8,'0');
insert into V_VEHICLEINFO (ORG_CODE,VEHICLE_ID,ID_NUMBER,TYPE_ID,TERMINAL_ID,DELETE_FLAG,COLOR_ID_NUMBER_ID,AUTHORIZED_PAY_MASS) values ('B0000803','2400842', '测B04841', 4, 240842, 0, '2',15);

insert into T_SIMINFO (SIM_ID, ORG_CODE, DEPTCODE, STATE,PAY_MODLE, SIM_NUM) values(24843, 'B0000803', '中国移动', 1, '预付费', 13100004842);
insert into T_TERMINALINFO (TERMINAL_ID,TTYPE_ID,SIM_ID,TERMINAL_CODE,ORG_CODE,IS_VIDEO_TERMINAL,SP_SERVER_NAME,PROTOCOL_TYPE,CHANNELS,YT_PROTOCOL_TYPE) values(240843, 4, 24843, '1004842', 'B0000803',1,'1076测试服务器','4',8,'0');
insert into V_VEHICLEINFO (ORG_CODE,VEHICLE_ID,ID_NUMBER,TYPE_ID,TERMINAL_ID,DELETE_FLAG,COLOR_ID_NUMBER_ID,AUTHORIZED_PAY_MASS) values ('B0000803','2400843', '测B04842', 4, 240843, 0, '2',15);

insert into T_SIMINFO (SIM_ID, ORG_CODE, DEPTCODE, STATE,PAY_MODLE, SIM_NUM) values(24844, 'B0000803', '中国移动', 1, '预付费', 13100004843);
insert into T_TERMINALINFO (TERMINAL_ID,TTYPE_ID,SIM_ID,TERMINAL_CODE,ORG_CODE,IS_VIDEO_TERMINAL,SP_SERVER_NAME,PROTOCOL_TYPE,CHANNELS,YT_PROTOCOL_TYPE) values(240844, 4, 24844, '1004843', 'B0000803',1,'1076测试服务器','4',8,'0');
insert into V_VEHICLEINFO (ORG_CODE,VEHICLE_ID,ID_NUMBER,TYPE_ID,TERMINAL_ID,DELETE_FLAG,COLOR_ID_NUMBER_ID,AUTHORIZED_PAY_MASS) values ('B0000803','2400844', '测B04843', 4, 240844, 0, '2',15);

insert into T_SIMINFO (SIM_ID, ORG_CODE, DEPTCODE, STATE,PAY_MODLE, SIM_NUM) values(24845, 'B0000803', '中国移动', 1, '预付费', 13100004844);
insert into T_TERMINALINFO (TERMINAL_ID,TTYPE_ID,SIM_ID,TERMINAL_CODE,ORG_CODE,IS_VIDEO_TERMINAL,SP_SERVER_NAME,PROTOCOL_TYPE,CHANNELS,YT_PROTOCOL_TYPE) values(240845, 4, 24845, '1004844', 'B0000803',1,'1076测试服务器','4',8,'0');
insert into V_VEHICLEINFO (ORG_CODE,VEHICLE_ID,ID_NUMBER,TYPE_ID,TERMINAL_ID,DELETE_FLAG,COLOR_ID_NUMBER_ID,AUTHORIZED_PAY_MASS) values ('B0000803','2400845', '测B04844', 4, 240845, 0, '2',15);

insert into T_SIMINFO (SIM_ID, ORG_CODE, DEPTCODE, STATE,PAY_MODLE, SIM_NUM) values(24846, 'B0000803', '中国移动', 1, '预付费', 13100004845);
insert into T_TERMINALINFO (TERMINAL_ID,TTYPE_ID,SIM_ID,TERMINAL_CODE,ORG_CODE,IS_VIDEO_TERMINAL,SP_SERVER_NAME,PROTOCOL_TYPE,CHANNELS,YT_PROTOCOL_TYPE) values(240846, 4, 24846, '1004845', 'B0000803',1,'1076测试服务器','4',8,'0');
insert into V_VEHICLEINFO (ORG_CODE,VEHICLE_ID,ID_NUMBER,TYPE_ID,TERMINAL_ID,DELETE_FLAG,COLOR_ID_NUMBER_ID,AUTHORIZED_PAY_MASS) values ('B0000803','2400846', '测B04845', 4, 240846, 0, '2',15);

insert into T_SIMINFO (SIM_ID, ORG_CODE, DEPTCODE, STATE,PAY_MODLE, SIM_NUM) values(24847, 'B0000803', '中国移动', 1, '预付费', 13100004846);
insert into T_TERMINALINFO (TERMINAL_ID,TTYPE_ID,SIM_ID,TERMINAL_CODE,ORG_CODE,IS_VIDEO_TERMINAL,SP_SERVER_NAME,PROTOCOL_TYPE,CHANNELS,YT_PROTOCOL_TYPE) values(240847, 4, 24847, '1004846', 'B0000803',1,'1076测试服务器','4',8,'0');
insert into V_VEHICLEINFO (ORG_CODE,VEHICLE_ID,ID_NUMBER,TYPE_ID,TERMINAL_ID,DELETE_FLAG,COLOR_ID_NUMBER_ID,AUTHORIZED_PAY_MASS) values ('B0000803','2400847', '测B04846', 4, 240847, 0, '2',15);

insert into T_SIMINFO (SIM_ID, ORG_CODE, DEPTCODE, STATE,PAY_MODLE, SIM_NUM) values(24848, 'B0000803', '中国移动', 1, '预付费', 13100004847);
insert into T_TERMINALINFO (TERMINAL_ID,TTYPE_ID,SIM_ID,TERMINAL_CODE,ORG_CODE,IS_VIDEO_TERMINAL,SP_SERVER_NAME,PROTOCOL_TYPE,CHANNELS,YT_PROTOCOL_TYPE) values(240848, 4, 24848, '1004847', 'B0000803',1,'1076测试服务器','4',8,'0');
insert into V_VEHICLEINFO (ORG_CODE,VEHICLE_ID,ID_NUMBER,TYPE_ID,TERMINAL_ID,DELETE_FLAG,COLOR_ID_NUMBER_ID,AUTHORIZED_PAY_MASS) values ('B0000803','2400848', '测B04847', 4, 240848, 0, '2',15);

insert into T_SIMINFO (SIM_ID, ORG_CODE, DEPTCODE, STATE,PAY_MODLE, SIM_NUM) values(24849, 'B0000803', '中国移动', 1, '预付费', 13100004848);
insert into T_TERMINALINFO (TERMINAL_ID,TTYPE_ID,SIM_ID,TERMINAL_CODE,ORG_CODE,IS_VIDEO_TERMINAL,SP_SERVER_NAME,PROTOCOL_TYPE,CHANNELS,YT_PROTOCOL_TYPE) values(240849, 4, 24849, '1004848', 'B0000803',1,'1076测试服务器','4',8,'0');
insert into V_VEHICLEINFO (ORG_CODE,VEHICLE_ID,ID_NUMBER,TYPE_ID,TERMINAL_ID,DELETE_FLAG,COLOR_ID_NUMBER_ID,AUTHORIZED_PAY_MASS) values ('B0000803','2400849', '测B04848', 4, 240849, 0, '2',15);

insert into T_SIMINFO (SIM_ID, ORG_CODE, DEPTCODE, STATE,PAY_MODLE, SIM_NUM) values(24850, 'B0000803', '中国移动', 1, '预付费', 13100004849);
insert into T_TERMINALINFO (TERMINAL_ID,TTYPE_ID,SIM_ID,TERMINAL_CODE,ORG_CODE,IS_VIDEO_TERMINAL,SP_SERVER_NAME,PROTOCOL_TYPE,CHANNELS,YT_PROTOCOL_TYPE) values(240850, 4, 24850, '1004849', 'B0000803',1,'1076测试服务器','4',8,'0');
insert into V_VEHICLEINFO (ORG_CODE,VEHICLE_ID,ID_NUMBER,TYPE_ID,TERMINAL_ID,DELETE_FLAG,COLOR_ID_NUMBER_ID,AUTHORIZED_PAY_MASS) values ('B0000803','2400850', '测B04849', 4, 240850, 0, '2',15);

insert into T_SIMINFO (SIM_ID, ORG_CODE, DEPTCODE, STATE,PAY_MODLE, SIM_NUM) values(24851, 'B0000803', '中国移动', 1, '预付费', 13100004850);
insert into T_TERMINALINFO (TERMINAL_ID,TTYPE_ID,SIM_ID,TERMINAL_CODE,ORG_CODE,IS_VIDEO_TERMINAL,SP_SERVER_NAME,PROTOCOL_TYPE,CHANNELS,YT_PROTOCOL_TYPE) values(240851, 4, 24851, '1004850', 'B0000803',1,'1076测试服务器','4',8,'0');
insert into V_VEHICLEINFO (ORG_CODE,VEHICLE_ID,ID_NUMBER,TYPE_ID,TERMINAL_ID,DELETE_FLAG,COLOR_ID_NUMBER_ID,AUTHORIZED_PAY_MASS) values ('B0000803','2400851', '测B04850', 4, 240851, 0, '2',15);

insert into T_SIMINFO (SIM_ID, ORG_CODE, DEPTCODE, STATE,PAY_MODLE, SIM_NUM) values(24852, 'B0000803', '中国移动', 1, '预付费', 13100004851);
insert into T_TERMINALINFO (TERMINAL_ID,TTYPE_ID,SIM_ID,TERMINAL_CODE,ORG_CODE,IS_VIDEO_TERMINAL,SP_SERVER_NAME,PROTOCOL_TYPE,CHANNELS,YT_PROTOCOL_TYPE) values(240852, 4, 24852, '1004851', 'B0000803',1,'1076测试服务器','4',8,'0');
insert into V_VEHICLEINFO (ORG_CODE,VEHICLE_ID,ID_NUMBER,TYPE_ID,TERMINAL_ID,DELETE_FLAG,COLOR_ID_NUMBER_ID,AUTHORIZED_PAY_MASS) values ('B0000803','2400852', '测B04851', 4, 240852, 0, '2',15);

insert into T_SIMINFO (SIM_ID, ORG_CODE, DEPTCODE, STATE,PAY_MODLE, SIM_NUM) values(24853, 'B0000803', '中国移动', 1, '预付费', 13100004852);
insert into T_TERMINALINFO (TERMINAL_ID,TTYPE_ID,SIM_ID,TERMINAL_CODE,ORG_CODE,IS_VIDEO_TERMINAL,SP_SERVER_NAME,PROTOCOL_TYPE,CHANNELS,YT_PROTOCOL_TYPE) values(240853, 4, 24853, '1004852', 'B0000803',1,'1076测试服务器','4',8,'0');
insert into V_VEHICLEINFO (ORG_CODE,VEHICLE_ID,ID_NUMBER,TYPE_ID,TERMINAL_ID,DELETE_FLAG,COLOR_ID_NUMBER_ID,AUTHORIZED_PAY_MASS) values ('B0000803','2400853', '测B04852', 4, 240853, 0, '2',15);

insert into T_SIMINFO (SIM_ID, ORG_CODE, DEPTCODE, STATE,PAY_MODLE, SIM_NUM) values(24854, 'B0000803', '中国移动', 1, '预付费', 13100004853);
insert into T_TERMINALINFO (TERMINAL_ID,TTYPE_ID,SIM_ID,TERMINAL_CODE,ORG_CODE,IS_VIDEO_TERMINAL,SP_SERVER_NAME,PROTOCOL_TYPE,CHANNELS,YT_PROTOCOL_TYPE) values(240854, 4, 24854, '1004853', 'B0000803',1,'1076测试服务器','4',8,'0');
insert into V_VEHICLEINFO (ORG_CODE,VEHICLE_ID,ID_NUMBER,TYPE_ID,TERMINAL_ID,DELETE_FLAG,COLOR_ID_NUMBER_ID,AUTHORIZED_PAY_MASS) values ('B0000803','2400854', '测B04853', 4, 240854, 0, '2',15);

insert into T_SIMINFO (SIM_ID, ORG_CODE, DEPTCODE, STATE,PAY_MODLE, SIM_NUM) values(24855, 'B0000803', '中国移动', 1, '预付费', 13100004854);
insert into T_TERMINALINFO (TERMINAL_ID,TTYPE_ID,SIM_ID,TERMINAL_CODE,ORG_CODE,IS_VIDEO_TERMINAL,SP_SERVER_NAME,PROTOCOL_TYPE,CHANNELS,YT_PROTOCOL_TYPE) values(240855, 4, 24855, '1004854', 'B0000803',1,'1076测试服务器','4',8,'0');
insert into V_VEHICLEINFO (ORG_CODE,VEHICLE_ID,ID_NUMBER,TYPE_ID,TERMINAL_ID,DELETE_FLAG,COLOR_ID_NUMBER_ID,AUTHORIZED_PAY_MASS) values ('B0000803','2400855', '测B04854', 4, 240855, 0, '2',15);

insert into T_SIMINFO (SIM_ID, ORG_CODE, DEPTCODE, STATE,PAY_MODLE, SIM_NUM) values(24856, 'B0000803', '中国移动', 1, '预付费', 13100004855);
insert into T_TERMINALINFO (TERMINAL_ID,TTYPE_ID,SIM_ID,TERMINAL_CODE,ORG_CODE,IS_VIDEO_TERMINAL,SP_SERVER_NAME,PROTOCOL_TYPE,CHANNELS,YT_PROTOCOL_TYPE) values(240856, 4, 24856, '1004855', 'B0000803',1,'1076测试服务器','4',8,'0');
insert into V_VEHICLEINFO (ORG_CODE,VEHICLE_ID,ID_NUMBER,TYPE_ID,TERMINAL_ID,DELETE_FLAG,COLOR_ID_NUMBER_ID,AUTHORIZED_PAY_MASS) values ('B0000803','2400856', '测B04855', 4, 240856, 0, '2',15);

insert into T_SIMINFO (SIM_ID, ORG_CODE, DEPTCODE, STATE,PAY_MODLE, SIM_NUM) values(24857, 'B0000803', '中国移动', 1, '预付费', 13100004856);
insert into T_TERMINALINFO (TERMINAL_ID,TTYPE_ID,SIM_ID,TERMINAL_CODE,ORG_CODE,IS_VIDEO_TERMINAL,SP_SERVER_NAME,PROTOCOL_TYPE,CHANNELS,YT_PROTOCOL_TYPE) values(240857, 4, 24857, '1004856', 'B0000803',1,'1076测试服务器','4',8,'0');
insert into V_VEHICLEINFO (ORG_CODE,VEHICLE_ID,ID_NUMBER,TYPE_ID,TERMINAL_ID,DELETE_FLAG,COLOR_ID_NUMBER_ID,AUTHORIZED_PAY_MASS) values ('B0000803','2400857', '测B04856', 4, 240857, 0, '2',15);

insert into T_SIMINFO (SIM_ID, ORG_CODE, DEPTCODE, STATE,PAY_MODLE, SIM_NUM) values(24858, 'B0000803', '中国移动', 1, '预付费', 13100004857);
insert into T_TERMINALINFO (TERMINAL_ID,TTYPE_ID,SIM_ID,TERMINAL_CODE,ORG_CODE,IS_VIDEO_TERMINAL,SP_SERVER_NAME,PROTOCOL_TYPE,CHANNELS,YT_PROTOCOL_TYPE) values(240858, 4, 24858, '1004857', 'B0000803',1,'1076测试服务器','4',8,'0');
insert into V_VEHICLEINFO (ORG_CODE,VEHICLE_ID,ID_NUMBER,TYPE_ID,TERMINAL_ID,DELETE_FLAG,COLOR_ID_NUMBER_ID,AUTHORIZED_PAY_MASS) values ('B0000803','2400858', '测B04857', 4, 240858, 0, '2',15);

insert into T_SIMINFO (SIM_ID, ORG_CODE, DEPTCODE, STATE,PAY_MODLE, SIM_NUM) values(24859, 'B0000803', '中国移动', 1, '预付费', 13100004858);
insert into T_TERMINALINFO (TERMINAL_ID,TTYPE_ID,SIM_ID,TERMINAL_CODE,ORG_CODE,IS_VIDEO_TERMINAL,SP_SERVER_NAME,PROTOCOL_TYPE,CHANNELS,YT_PROTOCOL_TYPE) values(240859, 4, 24859, '1004858', 'B0000803',1,'1076测试服务器','4',8,'0');
insert into V_VEHICLEINFO (ORG_CODE,VEHICLE_ID,ID_NUMBER,TYPE_ID,TERMINAL_ID,DELETE_FLAG,COLOR_ID_NUMBER_ID,AUTHORIZED_PAY_MASS) values ('B0000803','2400859', '测B04858', 4, 240859, 0, '2',15);

insert into T_SIMINFO (SIM_ID, ORG_CODE, DEPTCODE, STATE,PAY_MODLE, SIM_NUM) values(24860, 'B0000803', '中国移动', 1, '预付费', 13100004859);
insert into T_TERMINALINFO (TERMINAL_ID,TTYPE_ID,SIM_ID,TERMINAL_CODE,ORG_CODE,IS_VIDEO_TERMINAL,SP_SERVER_NAME,PROTOCOL_TYPE,CHANNELS,YT_PROTOCOL_TYPE) values(240860, 4, 24860, '1004859', 'B0000803',1,'1076测试服务器','4',8,'0');
insert into V_VEHICLEINFO (ORG_CODE,VEHICLE_ID,ID_NUMBER,TYPE_ID,TERMINAL_ID,DELETE_FLAG,COLOR_ID_NUMBER_ID,AUTHORIZED_PAY_MASS) values ('B0000803','2400860', '测B04859', 4, 240860, 0, '2',15);

insert into T_SIMINFO (SIM_ID, ORG_CODE, DEPTCODE, STATE,PAY_MODLE, SIM_NUM) values(24861, 'B0000803', '中国移动', 1, '预付费', 13100004860);
insert into T_TERMINALINFO (TERMINAL_ID,TTYPE_ID,SIM_ID,TERMINAL_CODE,ORG_CODE,IS_VIDEO_TERMINAL,SP_SERVER_NAME,PROTOCOL_TYPE,CHANNELS,YT_PROTOCOL_TYPE) values(240861, 4, 24861, '1004860', 'B0000803',1,'1076测试服务器','4',8,'0');
insert into V_VEHICLEINFO (ORG_CODE,VEHICLE_ID,ID_NUMBER,TYPE_ID,TERMINAL_ID,DELETE_FLAG,COLOR_ID_NUMBER_ID,AUTHORIZED_PAY_MASS) values ('B0000803','2400861', '测B04860', 4, 240861, 0, '2',15);

insert into T_SIMINFO (SIM_ID, ORG_CODE, DEPTCODE, STATE,PAY_MODLE, SIM_NUM) values(24862, 'B0000803', '中国移动', 1, '预付费', 13100004861);
insert into T_TERMINALINFO (TERMINAL_ID,TTYPE_ID,SIM_ID,TERMINAL_CODE,ORG_CODE,IS_VIDEO_TERMINAL,SP_SERVER_NAME,PROTOCOL_TYPE,CHANNELS,YT_PROTOCOL_TYPE) values(240862, 4, 24862, '1004861', 'B0000803',1,'1076测试服务器','4',8,'0');
insert into V_VEHICLEINFO (ORG_CODE,VEHICLE_ID,ID_NUMBER,TYPE_ID,TERMINAL_ID,DELETE_FLAG,COLOR_ID_NUMBER_ID,AUTHORIZED_PAY_MASS) values ('B0000803','2400862', '测B04861', 4, 240862, 0, '2',15);

insert into T_SIMINFO (SIM_ID, ORG_CODE, DEPTCODE, STATE,PAY_MODLE, SIM_NUM) values(24863, 'B0000803', '中国移动', 1, '预付费', 13100004862);
insert into T_TERMINALINFO (TERMINAL_ID,TTYPE_ID,SIM_ID,TERMINAL_CODE,ORG_CODE,IS_VIDEO_TERMINAL,SP_SERVER_NAME,PROTOCOL_TYPE,CHANNELS,YT_PROTOCOL_TYPE) values(240863, 4, 24863, '1004862', 'B0000803',1,'1076测试服务器','4',8,'0');
insert into V_VEHICLEINFO (ORG_CODE,VEHICLE_ID,ID_NUMBER,TYPE_ID,TERMINAL_ID,DELETE_FLAG,COLOR_ID_NUMBER_ID,AUTHORIZED_PAY_MASS) values ('B0000803','2400863', '测B04862', 4, 240863, 0, '2',15);

insert into T_SIMINFO (SIM_ID, ORG_CODE, DEPTCODE, STATE,PAY_MODLE, SIM_NUM) values(24864, 'B0000803', '中国移动', 1, '预付费', 13100004863);
insert into T_TERMINALINFO (TERMINAL_ID,TTYPE_ID,SIM_ID,TERMINAL_CODE,ORG_CODE,IS_VIDEO_TERMINAL,SP_SERVER_NAME,PROTOCOL_TYPE,CHANNELS,YT_PROTOCOL_TYPE) values(240864, 4, 24864, '1004863', 'B0000803',1,'1076测试服务器','4',8,'0');
insert into V_VEHICLEINFO (ORG_CODE,VEHICLE_ID,ID_NUMBER,TYPE_ID,TERMINAL_ID,DELETE_FLAG,COLOR_ID_NUMBER_ID,AUTHORIZED_PAY_MASS) values ('B0000803','2400864', '测B04863', 4, 240864, 0, '2',15);

insert into T_SIMINFO (SIM_ID, ORG_CODE, DEPTCODE, STATE,PAY_MODLE, SIM_NUM) values(24865, 'B0000803', '中国移动', 1, '预付费', 13100004864);
insert into T_TERMINALINFO (TERMINAL_ID,TTYPE_ID,SIM_ID,TERMINAL_CODE,ORG_CODE,IS_VIDEO_TERMINAL,SP_SERVER_NAME,PROTOCOL_TYPE,CHANNELS,YT_PROTOCOL_TYPE) values(240865, 4, 24865, '1004864', 'B0000803',1,'1076测试服务器','4',8,'0');
insert into V_VEHICLEINFO (ORG_CODE,VEHICLE_ID,ID_NUMBER,TYPE_ID,TERMINAL_ID,DELETE_FLAG,COLOR_ID_NUMBER_ID,AUTHORIZED_PAY_MASS) values ('B0000803','2400865', '测B04864', 4, 240865, 0, '2',15);

insert into T_SIMINFO (SIM_ID, ORG_CODE, DEPTCODE, STATE,PAY_MODLE, SIM_NUM) values(24866, 'B0000803', '中国移动', 1, '预付费', 13100004865);
insert into T_TERMINALINFO (TERMINAL_ID,TTYPE_ID,SIM_ID,TERMINAL_CODE,ORG_CODE,IS_VIDEO_TERMINAL,SP_SERVER_NAME,PROTOCOL_TYPE,CHANNELS,YT_PROTOCOL_TYPE) values(240866, 4, 24866, '1004865', 'B0000803',1,'1076测试服务器','4',8,'0');
insert into V_VEHICLEINFO (ORG_CODE,VEHICLE_ID,ID_NUMBER,TYPE_ID,TERMINAL_ID,DELETE_FLAG,COLOR_ID_NUMBER_ID,AUTHORIZED_PAY_MASS) values ('B0000803','2400866', '测B04865', 4, 240866, 0, '2',15);

insert into T_SIMINFO (SIM_ID, ORG_CODE, DEPTCODE, STATE,PAY_MODLE, SIM_NUM) values(24867, 'B0000803', '中国移动', 1, '预付费', 13100004866);
insert into T_TERMINALINFO (TERMINAL_ID,TTYPE_ID,SIM_ID,TERMINAL_CODE,ORG_CODE,IS_VIDEO_TERMINAL,SP_SERVER_NAME,PROTOCOL_TYPE,CHANNELS,YT_PROTOCOL_TYPE) values(240867, 4, 24867, '1004866', 'B0000803',1,'1076测试服务器','4',8,'0');
insert into V_VEHICLEINFO (ORG_CODE,VEHICLE_ID,ID_NUMBER,TYPE_ID,TERMINAL_ID,DELETE_FLAG,COLOR_ID_NUMBER_ID,AUTHORIZED_PAY_MASS) values ('B0000803','2400867', '测B04866', 4, 240867, 0, '2',15);

insert into T_SIMINFO (SIM_ID, ORG_CODE, DEPTCODE, STATE,PAY_MODLE, SIM_NUM) values(24868, 'B0000803', '中国移动', 1, '预付费', 13100004867);
insert into T_TERMINALINFO (TERMINAL_ID,TTYPE_ID,SIM_ID,TERMINAL_CODE,ORG_CODE,IS_VIDEO_TERMINAL,SP_SERVER_NAME,PROTOCOL_TYPE,CHANNELS,YT_PROTOCOL_TYPE) values(240868, 4, 24868, '1004867', 'B0000803',1,'1076测试服务器','4',8,'0');
insert into V_VEHICLEINFO (ORG_CODE,VEHICLE_ID,ID_NUMBER,TYPE_ID,TERMINAL_ID,DELETE_FLAG,COLOR_ID_NUMBER_ID,AUTHORIZED_PAY_MASS) values ('B0000803','2400868', '测B04867', 4, 240868, 0, '2',15);

insert into T_SIMINFO (SIM_ID, ORG_CODE, DEPTCODE, STATE,PAY_MODLE, SIM_NUM) values(24869, 'B0000803', '中国移动', 1, '预付费', 13100004868);
insert into T_TERMINALINFO (TERMINAL_ID,TTYPE_ID,SIM_ID,TERMINAL_CODE,ORG_CODE,IS_VIDEO_TERMINAL,SP_SERVER_NAME,PROTOCOL_TYPE,CHANNELS,YT_PROTOCOL_TYPE) values(240869, 4, 24869, '1004868', 'B0000803',1,'1076测试服务器','4',8,'0');
insert into V_VEHICLEINFO (ORG_CODE,VEHICLE_ID,ID_NUMBER,TYPE_ID,TERMINAL_ID,DELETE_FLAG,COLOR_ID_NUMBER_ID,AUTHORIZED_PAY_MASS) values ('B0000803','2400869', '测B04868', 4, 240869, 0, '2',15);

insert into T_SIMINFO (SIM_ID, ORG_CODE, DEPTCODE, STATE,PAY_MODLE, SIM_NUM) values(24870, 'B0000803', '中国移动', 1, '预付费', 13100004869);
insert into T_TERMINALINFO (TERMINAL_ID,TTYPE_ID,SIM_ID,TERMINAL_CODE,ORG_CODE,IS_VIDEO_TERMINAL,SP_SERVER_NAME,PROTOCOL_TYPE,CHANNELS,YT_PROTOCOL_TYPE) values(240870, 4, 24870, '1004869', 'B0000803',1,'1076测试服务器','4',8,'0');
insert into V_VEHICLEINFO (ORG_CODE,VEHICLE_ID,ID_NUMBER,TYPE_ID,TERMINAL_ID,DELETE_FLAG,COLOR_ID_NUMBER_ID,AUTHORIZED_PAY_MASS) values ('B0000803','2400870', '测B04869', 4, 240870, 0, '2',15);

insert into T_SIMINFO (SIM_ID, ORG_CODE, DEPTCODE, STATE,PAY_MODLE, SIM_NUM) values(24871, 'B0000803', '中国移动', 1, '预付费', 13100004870);
insert into T_TERMINALINFO (TERMINAL_ID,TTYPE_ID,SIM_ID,TERMINAL_CODE,ORG_CODE,IS_VIDEO_TERMINAL,SP_SERVER_NAME,PROTOCOL_TYPE,CHANNELS,YT_PROTOCOL_TYPE) values(240871, 4, 24871, '1004870', 'B0000803',1,'1076测试服务器','4',8,'0');
insert into V_VEHICLEINFO (ORG_CODE,VEHICLE_ID,ID_NUMBER,TYPE_ID,TERMINAL_ID,DELETE_FLAG,COLOR_ID_NUMBER_ID,AUTHORIZED_PAY_MASS) values ('B0000803','2400871', '测B04870', 4, 240871, 0, '2',15);

insert into T_SIMINFO (SIM_ID, ORG_CODE, DEPTCODE, STATE,PAY_MODLE, SIM_NUM) values(24872, 'B0000803', '中国移动', 1, '预付费', 13100004871);
insert into T_TERMINALINFO (TERMINAL_ID,TTYPE_ID,SIM_ID,TERMINAL_CODE,ORG_CODE,IS_VIDEO_TERMINAL,SP_SERVER_NAME,PROTOCOL_TYPE,CHANNELS,YT_PROTOCOL_TYPE) values(240872, 4, 24872, '1004871', 'B0000803',1,'1076测试服务器','4',8,'0');
insert into V_VEHICLEINFO (ORG_CODE,VEHICLE_ID,ID_NUMBER,TYPE_ID,TERMINAL_ID,DELETE_FLAG,COLOR_ID_NUMBER_ID,AUTHORIZED_PAY_MASS) values ('B0000803','2400872', '测B04871', 4, 240872, 0, '2',15);

insert into T_SIMINFO (SIM_ID, ORG_CODE, DEPTCODE, STATE,PAY_MODLE, SIM_NUM) values(24873, 'B0000803', '中国移动', 1, '预付费', 13100004872);
insert into T_TERMINALINFO (TERMINAL_ID,TTYPE_ID,SIM_ID,TERMINAL_CODE,ORG_CODE,IS_VIDEO_TERMINAL,SP_SERVER_NAME,PROTOCOL_TYPE,CHANNELS,YT_PROTOCOL_TYPE) values(240873, 4, 24873, '1004872', 'B0000803',1,'1076测试服务器','4',8,'0');
insert into V_VEHICLEINFO (ORG_CODE,VEHICLE_ID,ID_NUMBER,TYPE_ID,TERMINAL_ID,DELETE_FLAG,COLOR_ID_NUMBER_ID,AUTHORIZED_PAY_MASS) values ('B0000803','2400873', '测B04872', 4, 240873, 0, '2',15);

insert into T_SIMINFO (SIM_ID, ORG_CODE, DEPTCODE, STATE,PAY_MODLE, SIM_NUM) values(24874, 'B0000803', '中国移动', 1, '预付费', 13100004873);
insert into T_TERMINALINFO (TERMINAL_ID,TTYPE_ID,SIM_ID,TERMINAL_CODE,ORG_CODE,IS_VIDEO_TERMINAL,SP_SERVER_NAME,PROTOCOL_TYPE,CHANNELS,YT_PROTOCOL_TYPE) values(240874, 4, 24874, '1004873', 'B0000803',1,'1076测试服务器','4',8,'0');
insert into V_VEHICLEINFO (ORG_CODE,VEHICLE_ID,ID_NUMBER,TYPE_ID,TERMINAL_ID,DELETE_FLAG,COLOR_ID_NUMBER_ID,AUTHORIZED_PAY_MASS) values ('B0000803','2400874', '测B04873', 4, 240874, 0, '2',15);

insert into T_SIMINFO (SIM_ID, ORG_CODE, DEPTCODE, STATE,PAY_MODLE, SIM_NUM) values(24875, 'B0000803', '中国移动', 1, '预付费', 13100004874);
insert into T_TERMINALINFO (TERMINAL_ID,TTYPE_ID,SIM_ID,TERMINAL_CODE,ORG_CODE,IS_VIDEO_TERMINAL,SP_SERVER_NAME,PROTOCOL_TYPE,CHANNELS,YT_PROTOCOL_TYPE) values(240875, 4, 24875, '1004874', 'B0000803',1,'1076测试服务器','4',8,'0');
insert into V_VEHICLEINFO (ORG_CODE,VEHICLE_ID,ID_NUMBER,TYPE_ID,TERMINAL_ID,DELETE_FLAG,COLOR_ID_NUMBER_ID,AUTHORIZED_PAY_MASS) values ('B0000803','2400875', '测B04874', 4, 240875, 0, '2',15);

insert into T_SIMINFO (SIM_ID, ORG_CODE, DEPTCODE, STATE,PAY_MODLE, SIM_NUM) values(24876, 'B0000803', '中国移动', 1, '预付费', 13100004875);
insert into T_TERMINALINFO (TERMINAL_ID,TTYPE_ID,SIM_ID,TERMINAL_CODE,ORG_CODE,IS_VIDEO_TERMINAL,SP_SERVER_NAME,PROTOCOL_TYPE,CHANNELS,YT_PROTOCOL_TYPE) values(240876, 4, 24876, '1004875', 'B0000803',1,'1076测试服务器','4',8,'0');
insert into V_VEHICLEINFO (ORG_CODE,VEHICLE_ID,ID_NUMBER,TYPE_ID,TERMINAL_ID,DELETE_FLAG,COLOR_ID_NUMBER_ID,AUTHORIZED_PAY_MASS) values ('B0000803','2400876', '测B04875', 4, 240876, 0, '2',15);

insert into T_SIMINFO (SIM_ID, ORG_CODE, DEPTCODE, STATE,PAY_MODLE, SIM_NUM) values(24877, 'B0000803', '中国移动', 1, '预付费', 13100004876);
insert into T_TERMINALINFO (TERMINAL_ID,TTYPE_ID,SIM_ID,TERMINAL_CODE,ORG_CODE,IS_VIDEO_TERMINAL,SP_SERVER_NAME,PROTOCOL_TYPE,CHANNELS,YT_PROTOCOL_TYPE) values(240877, 4, 24877, '1004876', 'B0000803',1,'1076测试服务器','4',8,'0');
insert into V_VEHICLEINFO (ORG_CODE,VEHICLE_ID,ID_NUMBER,TYPE_ID,TERMINAL_ID,DELETE_FLAG,COLOR_ID_NUMBER_ID,AUTHORIZED_PAY_MASS) values ('B0000803','2400877', '测B04876', 4, 240877, 0, '2',15);

insert into T_SIMINFO (SIM_ID, ORG_CODE, DEPTCODE, STATE,PAY_MODLE, SIM_NUM) values(24878, 'B0000803', '中国移动', 1, '预付费', 13100004877);
insert into T_TERMINALINFO (TERMINAL_ID,TTYPE_ID,SIM_ID,TERMINAL_CODE,ORG_CODE,IS_VIDEO_TERMINAL,SP_SERVER_NAME,PROTOCOL_TYPE,CHANNELS,YT_PROTOCOL_TYPE) values(240878, 4, 24878, '1004877', 'B0000803',1,'1076测试服务器','4',8,'0');
insert into V_VEHICLEINFO (ORG_CODE,VEHICLE_ID,ID_NUMBER,TYPE_ID,TERMINAL_ID,DELETE_FLAG,COLOR_ID_NUMBER_ID,AUTHORIZED_PAY_MASS) values ('B0000803','2400878', '测B04877', 4, 240878, 0, '2',15);

insert into T_SIMINFO (SIM_ID, ORG_CODE, DEPTCODE, STATE,PAY_MODLE, SIM_NUM) values(24879, 'B0000803', '中国移动', 1, '预付费', 13100004878);
insert into T_TERMINALINFO (TERMINAL_ID,TTYPE_ID,SIM_ID,TERMINAL_CODE,ORG_CODE,IS_VIDEO_TERMINAL,SP_SERVER_NAME,PROTOCOL_TYPE,CHANNELS,YT_PROTOCOL_TYPE) values(240879, 4, 24879, '1004878', 'B0000803',1,'1076测试服务器','4',8,'0');
insert into V_VEHICLEINFO (ORG_CODE,VEHICLE_ID,ID_NUMBER,TYPE_ID,TERMINAL_ID,DELETE_FLAG,COLOR_ID_NUMBER_ID,AUTHORIZED_PAY_MASS) values ('B0000803','2400879', '测B04878', 4, 240879, 0, '2',15);

insert into T_SIMINFO (SIM_ID, ORG_CODE, DEPTCODE, STATE,PAY_MODLE, SIM_NUM) values(24880, 'B0000803', '中国移动', 1, '预付费', 13100004879);
insert into T_TERMINALINFO (TERMINAL_ID,TTYPE_ID,SIM_ID,TERMINAL_CODE,ORG_CODE,IS_VIDEO_TERMINAL,SP_SERVER_NAME,PROTOCOL_TYPE,CHANNELS,YT_PROTOCOL_TYPE) values(240880, 4, 24880, '1004879', 'B0000803',1,'1076测试服务器','4',8,'0');
insert into V_VEHICLEINFO (ORG_CODE,VEHICLE_ID,ID_NUMBER,TYPE_ID,TERMINAL_ID,DELETE_FLAG,COLOR_ID_NUMBER_ID,AUTHORIZED_PAY_MASS) values ('B0000803','2400880', '测B04879', 4, 240880, 0, '2',15);

insert into T_SIMINFO (SIM_ID, ORG_CODE, DEPTCODE, STATE,PAY_MODLE, SIM_NUM) values(24881, 'B0000803', '中国移动', 1, '预付费', 13100004880);
insert into T_TERMINALINFO (TERMINAL_ID,TTYPE_ID,SIM_ID,TERMINAL_CODE,ORG_CODE,IS_VIDEO_TERMINAL,SP_SERVER_NAME,PROTOCOL_TYPE,CHANNELS,YT_PROTOCOL_TYPE) values(240881, 4, 24881, '1004880', 'B0000803',1,'1076测试服务器','4',8,'0');
insert into V_VEHICLEINFO (ORG_CODE,VEHICLE_ID,ID_NUMBER,TYPE_ID,TERMINAL_ID,DELETE_FLAG,COLOR_ID_NUMBER_ID,AUTHORIZED_PAY_MASS) values ('B0000803','2400881', '测B04880', 4, 240881, 0, '2',15);

insert into T_SIMINFO (SIM_ID, ORG_CODE, DEPTCODE, STATE,PAY_MODLE, SIM_NUM) values(24882, 'B0000803', '中国移动', 1, '预付费', 13100004881);
insert into T_TERMINALINFO (TERMINAL_ID,TTYPE_ID,SIM_ID,TERMINAL_CODE,ORG_CODE,IS_VIDEO_TERMINAL,SP_SERVER_NAME,PROTOCOL_TYPE,CHANNELS,YT_PROTOCOL_TYPE) values(240882, 4, 24882, '1004881', 'B0000803',1,'1076测试服务器','4',8,'0');
insert into V_VEHICLEINFO (ORG_CODE,VEHICLE_ID,ID_NUMBER,TYPE_ID,TERMINAL_ID,DELETE_FLAG,COLOR_ID_NUMBER_ID,AUTHORIZED_PAY_MASS) values ('B0000803','2400882', '测B04881', 4, 240882, 0, '2',15);

insert into T_SIMINFO (SIM_ID, ORG_CODE, DEPTCODE, STATE,PAY_MODLE, SIM_NUM) values(24883, 'B0000803', '中国移动', 1, '预付费', 13100004882);
insert into T_TERMINALINFO (TERMINAL_ID,TTYPE_ID,SIM_ID,TERMINAL_CODE,ORG_CODE,IS_VIDEO_TERMINAL,SP_SERVER_NAME,PROTOCOL_TYPE,CHANNELS,YT_PROTOCOL_TYPE) values(240883, 4, 24883, '1004882', 'B0000803',1,'1076测试服务器','4',8,'0');
insert into V_VEHICLEINFO (ORG_CODE,VEHICLE_ID,ID_NUMBER,TYPE_ID,TERMINAL_ID,DELETE_FLAG,COLOR_ID_NUMBER_ID,AUTHORIZED_PAY_MASS) values ('B0000803','2400883', '测B04882', 4, 240883, 0, '2',15);

insert into T_SIMINFO (SIM_ID, ORG_CODE, DEPTCODE, STATE,PAY_MODLE, SIM_NUM) values(24884, 'B0000803', '中国移动', 1, '预付费', 13100004883);
insert into T_TERMINALINFO (TERMINAL_ID,TTYPE_ID,SIM_ID,TERMINAL_CODE,ORG_CODE,IS_VIDEO_TERMINAL,SP_SERVER_NAME,PROTOCOL_TYPE,CHANNELS,YT_PROTOCOL_TYPE) values(240884, 4, 24884, '1004883', 'B0000803',1,'1076测试服务器','4',8,'0');
insert into V_VEHICLEINFO (ORG_CODE,VEHICLE_ID,ID_NUMBER,TYPE_ID,TERMINAL_ID,DELETE_FLAG,COLOR_ID_NUMBER_ID,AUTHORIZED_PAY_MASS) values ('B0000803','2400884', '测B04883', 4, 240884, 0, '2',15);

insert into T_SIMINFO (SIM_ID, ORG_CODE, DEPTCODE, STATE,PAY_MODLE, SIM_NUM) values(24885, 'B0000803', '中国移动', 1, '预付费', 13100004884);
insert into T_TERMINALINFO (TERMINAL_ID,TTYPE_ID,SIM_ID,TERMINAL_CODE,ORG_CODE,IS_VIDEO_TERMINAL,SP_SERVER_NAME,PROTOCOL_TYPE,CHANNELS,YT_PROTOCOL_TYPE) values(240885, 4, 24885, '1004884', 'B0000803',1,'1076测试服务器','4',8,'0');
insert into V_VEHICLEINFO (ORG_CODE,VEHICLE_ID,ID_NUMBER,TYPE_ID,TERMINAL_ID,DELETE_FLAG,COLOR_ID_NUMBER_ID,AUTHORIZED_PAY_MASS) values ('B0000803','2400885', '测B04884', 4, 240885, 0, '2',15);

insert into T_SIMINFO (SIM_ID, ORG_CODE, DEPTCODE, STATE,PAY_MODLE, SIM_NUM) values(24886, 'B0000803', '中国移动', 1, '预付费', 13100004885);
insert into T_TERMINALINFO (TERMINAL_ID,TTYPE_ID,SIM_ID,TERMINAL_CODE,ORG_CODE,IS_VIDEO_TERMINAL,SP_SERVER_NAME,PROTOCOL_TYPE,CHANNELS,YT_PROTOCOL_TYPE) values(240886, 4, 24886, '1004885', 'B0000803',1,'1076测试服务器','4',8,'0');
insert into V_VEHICLEINFO (ORG_CODE,VEHICLE_ID,ID_NUMBER,TYPE_ID,TERMINAL_ID,DELETE_FLAG,COLOR_ID_NUMBER_ID,AUTHORIZED_PAY_MASS) values ('B0000803','2400886', '测B04885', 4, 240886, 0, '2',15);

insert into T_SIMINFO (SIM_ID, ORG_CODE, DEPTCODE, STATE,PAY_MODLE, SIM_NUM) values(24887, 'B0000803', '中国移动', 1, '预付费', 13100004886);
insert into T_TERMINALINFO (TERMINAL_ID,TTYPE_ID,SIM_ID,TERMINAL_CODE,ORG_CODE,IS_VIDEO_TERMINAL,SP_SERVER_NAME,PROTOCOL_TYPE,CHANNELS,YT_PROTOCOL_TYPE) values(240887, 4, 24887, '1004886', 'B0000803',1,'1076测试服务器','4',8,'0');
insert into V_VEHICLEINFO (ORG_CODE,VEHICLE_ID,ID_NUMBER,TYPE_ID,TERMINAL_ID,DELETE_FLAG,COLOR_ID_NUMBER_ID,AUTHORIZED_PAY_MASS) values ('B0000803','2400887', '测B04886', 4, 240887, 0, '2',15);

insert into T_SIMINFO (SIM_ID, ORG_CODE, DEPTCODE, STATE,PAY_MODLE, SIM_NUM) values(24888, 'B0000803', '中国移动', 1, '预付费', 13100004887);
insert into T_TERMINALINFO (TERMINAL_ID,TTYPE_ID,SIM_ID,TERMINAL_CODE,ORG_CODE,IS_VIDEO_TERMINAL,SP_SERVER_NAME,PROTOCOL_TYPE,CHANNELS,YT_PROTOCOL_TYPE) values(240888, 4, 24888, '1004887', 'B0000803',1,'1076测试服务器','4',8,'0');
insert into V_VEHICLEINFO (ORG_CODE,VEHICLE_ID,ID_NUMBER,TYPE_ID,TERMINAL_ID,DELETE_FLAG,COLOR_ID_NUMBER_ID,AUTHORIZED_PAY_MASS) values ('B0000803','2400888', '测B04887', 4, 240888, 0, '2',15);

insert into T_SIMINFO (SIM_ID, ORG_CODE, DEPTCODE, STATE,PAY_MODLE, SIM_NUM) values(24889, 'B0000803', '中国移动', 1, '预付费', 13100004888);
insert into T_TERMINALINFO (TERMINAL_ID,TTYPE_ID,SIM_ID,TERMINAL_CODE,ORG_CODE,IS_VIDEO_TERMINAL,SP_SERVER_NAME,PROTOCOL_TYPE,CHANNELS,YT_PROTOCOL_TYPE) values(240889, 4, 24889, '1004888', 'B0000803',1,'1076测试服务器','4',8,'0');
insert into V_VEHICLEINFO (ORG_CODE,VEHICLE_ID,ID_NUMBER,TYPE_ID,TERMINAL_ID,DELETE_FLAG,COLOR_ID_NUMBER_ID,AUTHORIZED_PAY_MASS) values ('B0000803','2400889', '测B04888', 4, 240889, 0, '2',15);

insert into T_SIMINFO (SIM_ID, ORG_CODE, DEPTCODE, STATE,PAY_MODLE, SIM_NUM) values(24890, 'B0000803', '中国移动', 1, '预付费', 13100004889);
insert into T_TERMINALINFO (TERMINAL_ID,TTYPE_ID,SIM_ID,TERMINAL_CODE,ORG_CODE,IS_VIDEO_TERMINAL,SP_SERVER_NAME,PROTOCOL_TYPE,CHANNELS,YT_PROTOCOL_TYPE) values(240890, 4, 24890, '1004889', 'B0000803',1,'1076测试服务器','4',8,'0');
insert into V_VEHICLEINFO (ORG_CODE,VEHICLE_ID,ID_NUMBER,TYPE_ID,TERMINAL_ID,DELETE_FLAG,COLOR_ID_NUMBER_ID,AUTHORIZED_PAY_MASS) values ('B0000803','2400890', '测B04889', 4, 240890, 0, '2',15);

insert into T_SIMINFO (SIM_ID, ORG_CODE, DEPTCODE, STATE,PAY_MODLE, SIM_NUM) values(24891, 'B0000803', '中国移动', 1, '预付费', 13100004890);
insert into T_TERMINALINFO (TERMINAL_ID,TTYPE_ID,SIM_ID,TERMINAL_CODE,ORG_CODE,IS_VIDEO_TERMINAL,SP_SERVER_NAME,PROTOCOL_TYPE,CHANNELS,YT_PROTOCOL_TYPE) values(240891, 4, 24891, '1004890', 'B0000803',1,'1076测试服务器','4',8,'0');
insert into V_VEHICLEINFO (ORG_CODE,VEHICLE_ID,ID_NUMBER,TYPE_ID,TERMINAL_ID,DELETE_FLAG,COLOR_ID_NUMBER_ID,AUTHORIZED_PAY_MASS) values ('B0000803','2400891', '测B04890', 4, 240891, 0, '2',15);

insert into T_SIMINFO (SIM_ID, ORG_CODE, DEPTCODE, STATE,PAY_MODLE, SIM_NUM) values(24892, 'B0000803', '中国移动', 1, '预付费', 13100004891);
insert into T_TERMINALINFO (TERMINAL_ID,TTYPE_ID,SIM_ID,TERMINAL_CODE,ORG_CODE,IS_VIDEO_TERMINAL,SP_SERVER_NAME,PROTOCOL_TYPE,CHANNELS,YT_PROTOCOL_TYPE) values(240892, 4, 24892, '1004891', 'B0000803',1,'1076测试服务器','4',8,'0');
insert into V_VEHICLEINFO (ORG_CODE,VEHICLE_ID,ID_NUMBER,TYPE_ID,TERMINAL_ID,DELETE_FLAG,COLOR_ID_NUMBER_ID,AUTHORIZED_PAY_MASS) values ('B0000803','2400892', '测B04891', 4, 240892, 0, '2',15);

insert into T_SIMINFO (SIM_ID, ORG_CODE, DEPTCODE, STATE,PAY_MODLE, SIM_NUM) values(24893, 'B0000803', '中国移动', 1, '预付费', 13100004892);
insert into T_TERMINALINFO (TERMINAL_ID,TTYPE_ID,SIM_ID,TERMINAL_CODE,ORG_CODE,IS_VIDEO_TERMINAL,SP_SERVER_NAME,PROTOCOL_TYPE,CHANNELS,YT_PROTOCOL_TYPE) values(240893, 4, 24893, '1004892', 'B0000803',1,'1076测试服务器','4',8,'0');
insert into V_VEHICLEINFO (ORG_CODE,VEHICLE_ID,ID_NUMBER,TYPE_ID,TERMINAL_ID,DELETE_FLAG,COLOR_ID_NUMBER_ID,AUTHORIZED_PAY_MASS) values ('B0000803','2400893', '测B04892', 4, 240893, 0, '2',15);

insert into T_SIMINFO (SIM_ID, ORG_CODE, DEPTCODE, STATE,PAY_MODLE, SIM_NUM) values(24894, 'B0000803', '中国移动', 1, '预付费', 13100004893);
insert into T_TERMINALINFO (TERMINAL_ID,TTYPE_ID,SIM_ID,TERMINAL_CODE,ORG_CODE,IS_VIDEO_TERMINAL,SP_SERVER_NAME,PROTOCOL_TYPE,CHANNELS,YT_PROTOCOL_TYPE) values(240894, 4, 24894, '1004893', 'B0000803',1,'1076测试服务器','4',8,'0');
insert into V_VEHICLEINFO (ORG_CODE,VEHICLE_ID,ID_NUMBER,TYPE_ID,TERMINAL_ID,DELETE_FLAG,COLOR_ID_NUMBER_ID,AUTHORIZED_PAY_MASS) values ('B0000803','2400894', '测B04893', 4, 240894, 0, '2',15);

insert into T_SIMINFO (SIM_ID, ORG_CODE, DEPTCODE, STATE,PAY_MODLE, SIM_NUM) values(24895, 'B0000803', '中国移动', 1, '预付费', 13100004894);
insert into T_TERMINALINFO (TERMINAL_ID,TTYPE_ID,SIM_ID,TERMINAL_CODE,ORG_CODE,IS_VIDEO_TERMINAL,SP_SERVER_NAME,PROTOCOL_TYPE,CHANNELS,YT_PROTOCOL_TYPE) values(240895, 4, 24895, '1004894', 'B0000803',1,'1076测试服务器','4',8,'0');
insert into V_VEHICLEINFO (ORG_CODE,VEHICLE_ID,ID_NUMBER,TYPE_ID,TERMINAL_ID,DELETE_FLAG,COLOR_ID_NUMBER_ID,AUTHORIZED_PAY_MASS) values ('B0000803','2400895', '测B04894', 4, 240895, 0, '2',15);

insert into T_SIMINFO (SIM_ID, ORG_CODE, DEPTCODE, STATE,PAY_MODLE, SIM_NUM) values(24896, 'B0000803', '中国移动', 1, '预付费', 13100004895);
insert into T_TERMINALINFO (TERMINAL_ID,TTYPE_ID,SIM_ID,TERMINAL_CODE,ORG_CODE,IS_VIDEO_TERMINAL,SP_SERVER_NAME,PROTOCOL_TYPE,CHANNELS,YT_PROTOCOL_TYPE) values(240896, 4, 24896, '1004895', 'B0000803',1,'1076测试服务器','4',8,'0');
insert into V_VEHICLEINFO (ORG_CODE,VEHICLE_ID,ID_NUMBER,TYPE_ID,TERMINAL_ID,DELETE_FLAG,COLOR_ID_NUMBER_ID,AUTHORIZED_PAY_MASS) values ('B0000803','2400896', '测B04895', 4, 240896, 0, '2',15);

insert into T_SIMINFO (SIM_ID, ORG_CODE, DEPTCODE, STATE,PAY_MODLE, SIM_NUM) values(24897, 'B0000803', '中国移动', 1, '预付费', 13100004896);
insert into T_TERMINALINFO (TERMINAL_ID,TTYPE_ID,SIM_ID,TERMINAL_CODE,ORG_CODE,IS_VIDEO_TERMINAL,SP_SERVER_NAME,PROTOCOL_TYPE,CHANNELS,YT_PROTOCOL_TYPE) values(240897, 4, 24897, '1004896', 'B0000803',1,'1076测试服务器','4',8,'0');
insert into V_VEHICLEINFO (ORG_CODE,VEHICLE_ID,ID_NUMBER,TYPE_ID,TERMINAL_ID,DELETE_FLAG,COLOR_ID_NUMBER_ID,AUTHORIZED_PAY_MASS) values ('B0000803','2400897', '测B04896', 4, 240897, 0, '2',15);

insert into T_SIMINFO (SIM_ID, ORG_CODE, DEPTCODE, STATE,PAY_MODLE, SIM_NUM) values(24898, 'B0000803', '中国移动', 1, '预付费', 13100004897);
insert into T_TERMINALINFO (TERMINAL_ID,TTYPE_ID,SIM_ID,TERMINAL_CODE,ORG_CODE,IS_VIDEO_TERMINAL,SP_SERVER_NAME,PROTOCOL_TYPE,CHANNELS,YT_PROTOCOL_TYPE) values(240898, 4, 24898, '1004897', 'B0000803',1,'1076测试服务器','4',8,'0');
insert into V_VEHICLEINFO (ORG_CODE,VEHICLE_ID,ID_NUMBER,TYPE_ID,TERMINAL_ID,DELETE_FLAG,COLOR_ID_NUMBER_ID,AUTHORIZED_PAY_MASS) values ('B0000803','2400898', '测B04897', 4, 240898, 0, '2',15);

insert into T_SIMINFO (SIM_ID, ORG_CODE, DEPTCODE, STATE,PAY_MODLE, SIM_NUM) values(24899, 'B0000803', '中国移动', 1, '预付费', 13100004898);
insert into T_TERMINALINFO (TERMINAL_ID,TTYPE_ID,SIM_ID,TERMINAL_CODE,ORG_CODE,IS_VIDEO_TERMINAL,SP_SERVER_NAME,PROTOCOL_TYPE,CHANNELS,YT_PROTOCOL_TYPE) values(240899, 4, 24899, '1004898', 'B0000803',1,'1076测试服务器','4',8,'0');
insert into V_VEHICLEINFO (ORG_CODE,VEHICLE_ID,ID_NUMBER,TYPE_ID,TERMINAL_ID,DELETE_FLAG,COLOR_ID_NUMBER_ID,AUTHORIZED_PAY_MASS) values ('B0000803','2400899', '测B04898', 4, 240899, 0, '2',15);

insert into T_SIMINFO (SIM_ID, ORG_CODE, DEPTCODE, STATE,PAY_MODLE, SIM_NUM) values(24900, 'B0000803', '中国移动', 1, '预付费', 13100004899);
insert into T_TERMINALINFO (TERMINAL_ID,TTYPE_ID,SIM_ID,TERMINAL_CODE,ORG_CODE,IS_VIDEO_TERMINAL,SP_SERVER_NAME,PROTOCOL_TYPE,CHANNELS,YT_PROTOCOL_TYPE) values(240900, 4, 24900, '1004899', 'B0000803',1,'1076测试服务器','4',8,'0');
insert into V_VEHICLEINFO (ORG_CODE,VEHICLE_ID,ID_NUMBER,TYPE_ID,TERMINAL_ID,DELETE_FLAG,COLOR_ID_NUMBER_ID,AUTHORIZED_PAY_MASS) values ('B0000803','2400900', '测B04899', 4, 240900, 0, '2',15);

insert into T_SIMINFO (SIM_ID, ORG_CODE, DEPTCODE, STATE,PAY_MODLE, SIM_NUM) values(24901, 'B0000803', '中国移动', 1, '预付费', 13100004900);
insert into T_TERMINALINFO (TERMINAL_ID,TTYPE_ID,SIM_ID,TERMINAL_CODE,ORG_CODE,IS_VIDEO_TERMINAL,SP_SERVER_NAME,PROTOCOL_TYPE,CHANNELS,YT_PROTOCOL_TYPE) values(240901, 4, 24901, '1004900', 'B0000803',1,'1076测试服务器','4',8,'0');
insert into V_VEHICLEINFO (ORG_CODE,VEHICLE_ID,ID_NUMBER,TYPE_ID,TERMINAL_ID,DELETE_FLAG,COLOR_ID_NUMBER_ID,AUTHORIZED_PAY_MASS) values ('B0000803','2400901', '测B04900', 4, 240901, 0, '2',15);

insert into T_SIMINFO (SIM_ID, ORG_CODE, DEPTCODE, STATE,PAY_MODLE, SIM_NUM) values(24902, 'B0000803', '中国移动', 1, '预付费', 13100004901);
insert into T_TERMINALINFO (TERMINAL_ID,TTYPE_ID,SIM_ID,TERMINAL_CODE,ORG_CODE,IS_VIDEO_TERMINAL,SP_SERVER_NAME,PROTOCOL_TYPE,CHANNELS,YT_PROTOCOL_TYPE) values(240902, 4, 24902, '1004901', 'B0000803',1,'1076测试服务器','4',8,'0');
insert into V_VEHICLEINFO (ORG_CODE,VEHICLE_ID,ID_NUMBER,TYPE_ID,TERMINAL_ID,DELETE_FLAG,COLOR_ID_NUMBER_ID,AUTHORIZED_PAY_MASS) values ('B0000803','2400902', '测B04901', 4, 240902, 0, '2',15);

insert into T_SIMINFO (SIM_ID, ORG_CODE, DEPTCODE, STATE,PAY_MODLE, SIM_NUM) values(24903, 'B0000803', '中国移动', 1, '预付费', 13100004902);
insert into T_TERMINALINFO (TERMINAL_ID,TTYPE_ID,SIM_ID,TERMINAL_CODE,ORG_CODE,IS_VIDEO_TERMINAL,SP_SERVER_NAME,PROTOCOL_TYPE,CHANNELS,YT_PROTOCOL_TYPE) values(240903, 4, 24903, '1004902', 'B0000803',1,'1076测试服务器','4',8,'0');
insert into V_VEHICLEINFO (ORG_CODE,VEHICLE_ID,ID_NUMBER,TYPE_ID,TERMINAL_ID,DELETE_FLAG,COLOR_ID_NUMBER_ID,AUTHORIZED_PAY_MASS) values ('B0000803','2400903', '测B04902', 4, 240903, 0, '2',15);

insert into T_SIMINFO (SIM_ID, ORG_CODE, DEPTCODE, STATE,PAY_MODLE, SIM_NUM) values(24904, 'B0000803', '中国移动', 1, '预付费', 13100004903);
insert into T_TERMINALINFO (TERMINAL_ID,TTYPE_ID,SIM_ID,TERMINAL_CODE,ORG_CODE,IS_VIDEO_TERMINAL,SP_SERVER_NAME,PROTOCOL_TYPE,CHANNELS,YT_PROTOCOL_TYPE) values(240904, 4, 24904, '1004903', 'B0000803',1,'1076测试服务器','4',8,'0');
insert into V_VEHICLEINFO (ORG_CODE,VEHICLE_ID,ID_NUMBER,TYPE_ID,TERMINAL_ID,DELETE_FLAG,COLOR_ID_NUMBER_ID,AUTHORIZED_PAY_MASS) values ('B0000803','2400904', '测B04903', 4, 240904, 0, '2',15);

insert into T_SIMINFO (SIM_ID, ORG_CODE, DEPTCODE, STATE,PAY_MODLE, SIM_NUM) values(24905, 'B0000803', '中国移动', 1, '预付费', 13100004904);
insert into T_TERMINALINFO (TERMINAL_ID,TTYPE_ID,SIM_ID,TERMINAL_CODE,ORG_CODE,IS_VIDEO_TERMINAL,SP_SERVER_NAME,PROTOCOL_TYPE,CHANNELS,YT_PROTOCOL_TYPE) values(240905, 4, 24905, '1004904', 'B0000803',1,'1076测试服务器','4',8,'0');
insert into V_VEHICLEINFO (ORG_CODE,VEHICLE_ID,ID_NUMBER,TYPE_ID,TERMINAL_ID,DELETE_FLAG,COLOR_ID_NUMBER_ID,AUTHORIZED_PAY_MASS) values ('B0000803','2400905', '测B04904', 4, 240905, 0, '2',15);

insert into T_SIMINFO (SIM_ID, ORG_CODE, DEPTCODE, STATE,PAY_MODLE, SIM_NUM) values(24906, 'B0000803', '中国移动', 1, '预付费', 13100004905);
insert into T_TERMINALINFO (TERMINAL_ID,TTYPE_ID,SIM_ID,TERMINAL_CODE,ORG_CODE,IS_VIDEO_TERMINAL,SP_SERVER_NAME,PROTOCOL_TYPE,CHANNELS,YT_PROTOCOL_TYPE) values(240906, 4, 24906, '1004905', 'B0000803',1,'1076测试服务器','4',8,'0');
insert into V_VEHICLEINFO (ORG_CODE,VEHICLE_ID,ID_NUMBER,TYPE_ID,TERMINAL_ID,DELETE_FLAG,COLOR_ID_NUMBER_ID,AUTHORIZED_PAY_MASS) values ('B0000803','2400906', '测B04905', 4, 240906, 0, '2',15);

insert into T_SIMINFO (SIM_ID, ORG_CODE, DEPTCODE, STATE,PAY_MODLE, SIM_NUM) values(24907, 'B0000803', '中国移动', 1, '预付费', 13100004906);
insert into T_TERMINALINFO (TERMINAL_ID,TTYPE_ID,SIM_ID,TERMINAL_CODE,ORG_CODE,IS_VIDEO_TERMINAL,SP_SERVER_NAME,PROTOCOL_TYPE,CHANNELS,YT_PROTOCOL_TYPE) values(240907, 4, 24907, '1004906', 'B0000803',1,'1076测试服务器','4',8,'0');
insert into V_VEHICLEINFO (ORG_CODE,VEHICLE_ID,ID_NUMBER,TYPE_ID,TERMINAL_ID,DELETE_FLAG,COLOR_ID_NUMBER_ID,AUTHORIZED_PAY_MASS) values ('B0000803','2400907', '测B04906', 4, 240907, 0, '2',15);

insert into T_SIMINFO (SIM_ID, ORG_CODE, DEPTCODE, STATE,PAY_MODLE, SIM_NUM) values(24908, 'B0000803', '中国移动', 1, '预付费', 13100004907);
insert into T_TERMINALINFO (TERMINAL_ID,TTYPE_ID,SIM_ID,TERMINAL_CODE,ORG_CODE,IS_VIDEO_TERMINAL,SP_SERVER_NAME,PROTOCOL_TYPE,CHANNELS,YT_PROTOCOL_TYPE) values(240908, 4, 24908, '1004907', 'B0000803',1,'1076测试服务器','4',8,'0');
insert into V_VEHICLEINFO (ORG_CODE,VEHICLE_ID,ID_NUMBER,TYPE_ID,TERMINAL_ID,DELETE_FLAG,COLOR_ID_NUMBER_ID,AUTHORIZED_PAY_MASS) values ('B0000803','2400908', '测B04907', 4, 240908, 0, '2',15);

insert into T_SIMINFO (SIM_ID, ORG_CODE, DEPTCODE, STATE,PAY_MODLE, SIM_NUM) values(24909, 'B0000803', '中国移动', 1, '预付费', 13100004908);
insert into T_TERMINALINFO (TERMINAL_ID,TTYPE_ID,SIM_ID,TERMINAL_CODE,ORG_CODE,IS_VIDEO_TERMINAL,SP_SERVER_NAME,PROTOCOL_TYPE,CHANNELS,YT_PROTOCOL_TYPE) values(240909, 4, 24909, '1004908', 'B0000803',1,'1076测试服务器','4',8,'0');
insert into V_VEHICLEINFO (ORG_CODE,VEHICLE_ID,ID_NUMBER,TYPE_ID,TERMINAL_ID,DELETE_FLAG,COLOR_ID_NUMBER_ID,AUTHORIZED_PAY_MASS) values ('B0000803','2400909', '测B04908', 4, 240909, 0, '2',15);

insert into T_SIMINFO (SIM_ID, ORG_CODE, DEPTCODE, STATE,PAY_MODLE, SIM_NUM) values(24910, 'B0000803', '中国移动', 1, '预付费', 13100004909);
insert into T_TERMINALINFO (TERMINAL_ID,TTYPE_ID,SIM_ID,TERMINAL_CODE,ORG_CODE,IS_VIDEO_TERMINAL,SP_SERVER_NAME,PROTOCOL_TYPE,CHANNELS,YT_PROTOCOL_TYPE) values(240910, 4, 24910, '1004909', 'B0000803',1,'1076测试服务器','4',8,'0');
insert into V_VEHICLEINFO (ORG_CODE,VEHICLE_ID,ID_NUMBER,TYPE_ID,TERMINAL_ID,DELETE_FLAG,COLOR_ID_NUMBER_ID,AUTHORIZED_PAY_MASS) values ('B0000803','2400910', '测B04909', 4, 240910, 0, '2',15);

insert into T_SIMINFO (SIM_ID, ORG_CODE, DEPTCODE, STATE,PAY_MODLE, SIM_NUM) values(24911, 'B0000803', '中国移动', 1, '预付费', 13100004910);
insert into T_TERMINALINFO (TERMINAL_ID,TTYPE_ID,SIM_ID,TERMINAL_CODE,ORG_CODE,IS_VIDEO_TERMINAL,SP_SERVER_NAME,PROTOCOL_TYPE,CHANNELS,YT_PROTOCOL_TYPE) values(240911, 4, 24911, '1004910', 'B0000803',1,'1076测试服务器','4',8,'0');
insert into V_VEHICLEINFO (ORG_CODE,VEHICLE_ID,ID_NUMBER,TYPE_ID,TERMINAL_ID,DELETE_FLAG,COLOR_ID_NUMBER_ID,AUTHORIZED_PAY_MASS) values ('B0000803','2400911', '测B04910', 4, 240911, 0, '2',15);

insert into T_SIMINFO (SIM_ID, ORG_CODE, DEPTCODE, STATE,PAY_MODLE, SIM_NUM) values(24912, 'B0000803', '中国移动', 1, '预付费', 13100004911);
insert into T_TERMINALINFO (TERMINAL_ID,TTYPE_ID,SIM_ID,TERMINAL_CODE,ORG_CODE,IS_VIDEO_TERMINAL,SP_SERVER_NAME,PROTOCOL_TYPE,CHANNELS,YT_PROTOCOL_TYPE) values(240912, 4, 24912, '1004911', 'B0000803',1,'1076测试服务器','4',8,'0');
insert into V_VEHICLEINFO (ORG_CODE,VEHICLE_ID,ID_NUMBER,TYPE_ID,TERMINAL_ID,DELETE_FLAG,COLOR_ID_NUMBER_ID,AUTHORIZED_PAY_MASS) values ('B0000803','2400912', '测B04911', 4, 240912, 0, '2',15);

insert into T_SIMINFO (SIM_ID, ORG_CODE, DEPTCODE, STATE,PAY_MODLE, SIM_NUM) values(24913, 'B0000803', '中国移动', 1, '预付费', 13100004912);
insert into T_TERMINALINFO (TERMINAL_ID,TTYPE_ID,SIM_ID,TERMINAL_CODE,ORG_CODE,IS_VIDEO_TERMINAL,SP_SERVER_NAME,PROTOCOL_TYPE,CHANNELS,YT_PROTOCOL_TYPE) values(240913, 4, 24913, '1004912', 'B0000803',1,'1076测试服务器','4',8,'0');
insert into V_VEHICLEINFO (ORG_CODE,VEHICLE_ID,ID_NUMBER,TYPE_ID,TERMINAL_ID,DELETE_FLAG,COLOR_ID_NUMBER_ID,AUTHORIZED_PAY_MASS) values ('B0000803','2400913', '测B04912', 4, 240913, 0, '2',15);

insert into T_SIMINFO (SIM_ID, ORG_CODE, DEPTCODE, STATE,PAY_MODLE, SIM_NUM) values(24914, 'B0000803', '中国移动', 1, '预付费', 13100004913);
insert into T_TERMINALINFO (TERMINAL_ID,TTYPE_ID,SIM_ID,TERMINAL_CODE,ORG_CODE,IS_VIDEO_TERMINAL,SP_SERVER_NAME,PROTOCOL_TYPE,CHANNELS,YT_PROTOCOL_TYPE) values(240914, 4, 24914, '1004913', 'B0000803',1,'1076测试服务器','4',8,'0');
insert into V_VEHICLEINFO (ORG_CODE,VEHICLE_ID,ID_NUMBER,TYPE_ID,TERMINAL_ID,DELETE_FLAG,COLOR_ID_NUMBER_ID,AUTHORIZED_PAY_MASS) values ('B0000803','2400914', '测B04913', 4, 240914, 0, '2',15);

insert into T_SIMINFO (SIM_ID, ORG_CODE, DEPTCODE, STATE,PAY_MODLE, SIM_NUM) values(24915, 'B0000803', '中国移动', 1, '预付费', 13100004914);
insert into T_TERMINALINFO (TERMINAL_ID,TTYPE_ID,SIM_ID,TERMINAL_CODE,ORG_CODE,IS_VIDEO_TERMINAL,SP_SERVER_NAME,PROTOCOL_TYPE,CHANNELS,YT_PROTOCOL_TYPE) values(240915, 4, 24915, '1004914', 'B0000803',1,'1076测试服务器','4',8,'0');
insert into V_VEHICLEINFO (ORG_CODE,VEHICLE_ID,ID_NUMBER,TYPE_ID,TERMINAL_ID,DELETE_FLAG,COLOR_ID_NUMBER_ID,AUTHORIZED_PAY_MASS) values ('B0000803','2400915', '测B04914', 4, 240915, 0, '2',15);

insert into T_SIMINFO (SIM_ID, ORG_CODE, DEPTCODE, STATE,PAY_MODLE, SIM_NUM) values(24916, 'B0000803', '中国移动', 1, '预付费', 13100004915);
insert into T_TERMINALINFO (TERMINAL_ID,TTYPE_ID,SIM_ID,TERMINAL_CODE,ORG_CODE,IS_VIDEO_TERMINAL,SP_SERVER_NAME,PROTOCOL_TYPE,CHANNELS,YT_PROTOCOL_TYPE) values(240916, 4, 24916, '1004915', 'B0000803',1,'1076测试服务器','4',8,'0');
insert into V_VEHICLEINFO (ORG_CODE,VEHICLE_ID,ID_NUMBER,TYPE_ID,TERMINAL_ID,DELETE_FLAG,COLOR_ID_NUMBER_ID,AUTHORIZED_PAY_MASS) values ('B0000803','2400916', '测B04915', 4, 240916, 0, '2',15);

insert into T_SIMINFO (SIM_ID, ORG_CODE, DEPTCODE, STATE,PAY_MODLE, SIM_NUM) values(24917, 'B0000803', '中国移动', 1, '预付费', 13100004916);
insert into T_TERMINALINFO (TERMINAL_ID,TTYPE_ID,SIM_ID,TERMINAL_CODE,ORG_CODE,IS_VIDEO_TERMINAL,SP_SERVER_NAME,PROTOCOL_TYPE,CHANNELS,YT_PROTOCOL_TYPE) values(240917, 4, 24917, '1004916', 'B0000803',1,'1076测试服务器','4',8,'0');
insert into V_VEHICLEINFO (ORG_CODE,VEHICLE_ID,ID_NUMBER,TYPE_ID,TERMINAL_ID,DELETE_FLAG,COLOR_ID_NUMBER_ID,AUTHORIZED_PAY_MASS) values ('B0000803','2400917', '测B04916', 4, 240917, 0, '2',15);

insert into T_SIMINFO (SIM_ID, ORG_CODE, DEPTCODE, STATE,PAY_MODLE, SIM_NUM) values(24918, 'B0000803', '中国移动', 1, '预付费', 13100004917);
insert into T_TERMINALINFO (TERMINAL_ID,TTYPE_ID,SIM_ID,TERMINAL_CODE,ORG_CODE,IS_VIDEO_TERMINAL,SP_SERVER_NAME,PROTOCOL_TYPE,CHANNELS,YT_PROTOCOL_TYPE) values(240918, 4, 24918, '1004917', 'B0000803',1,'1076测试服务器','4',8,'0');
insert into V_VEHICLEINFO (ORG_CODE,VEHICLE_ID,ID_NUMBER,TYPE_ID,TERMINAL_ID,DELETE_FLAG,COLOR_ID_NUMBER_ID,AUTHORIZED_PAY_MASS) values ('B0000803','2400918', '测B04917', 4, 240918, 0, '2',15);

insert into T_SIMINFO (SIM_ID, ORG_CODE, DEPTCODE, STATE,PAY_MODLE, SIM_NUM) values(24919, 'B0000803', '中国移动', 1, '预付费', 13100004918);
insert into T_TERMINALINFO (TERMINAL_ID,TTYPE_ID,SIM_ID,TERMINAL_CODE,ORG_CODE,IS_VIDEO_TERMINAL,SP_SERVER_NAME,PROTOCOL_TYPE,CHANNELS,YT_PROTOCOL_TYPE) values(240919, 4, 24919, '1004918', 'B0000803',1,'1076测试服务器','4',8,'0');
insert into V_VEHICLEINFO (ORG_CODE,VEHICLE_ID,ID_NUMBER,TYPE_ID,TERMINAL_ID,DELETE_FLAG,COLOR_ID_NUMBER_ID,AUTHORIZED_PAY_MASS) values ('B0000803','2400919', '测B04918', 4, 240919, 0, '2',15);

insert into T_SIMINFO (SIM_ID, ORG_CODE, DEPTCODE, STATE,PAY_MODLE, SIM_NUM) values(24920, 'B0000803', '中国移动', 1, '预付费', 13100004919);
insert into T_TERMINALINFO (TERMINAL_ID,TTYPE_ID,SIM_ID,TERMINAL_CODE,ORG_CODE,IS_VIDEO_TERMINAL,SP_SERVER_NAME,PROTOCOL_TYPE,CHANNELS,YT_PROTOCOL_TYPE) values(240920, 4, 24920, '1004919', 'B0000803',1,'1076测试服务器','4',8,'0');
insert into V_VEHICLEINFO (ORG_CODE,VEHICLE_ID,ID_NUMBER,TYPE_ID,TERMINAL_ID,DELETE_FLAG,COLOR_ID_NUMBER_ID,AUTHORIZED_PAY_MASS) values ('B0000803','2400920', '测B04919', 4, 240920, 0, '2',15);

insert into T_SIMINFO (SIM_ID, ORG_CODE, DEPTCODE, STATE,PAY_MODLE, SIM_NUM) values(24921, 'B0000803', '中国移动', 1, '预付费', 13100004920);
insert into T_TERMINALINFO (TERMINAL_ID,TTYPE_ID,SIM_ID,TERMINAL_CODE,ORG_CODE,IS_VIDEO_TERMINAL,SP_SERVER_NAME,PROTOCOL_TYPE,CHANNELS,YT_PROTOCOL_TYPE) values(240921, 4, 24921, '1004920', 'B0000803',1,'1076测试服务器','4',8,'0');
insert into V_VEHICLEINFO (ORG_CODE,VEHICLE_ID,ID_NUMBER,TYPE_ID,TERMINAL_ID,DELETE_FLAG,COLOR_ID_NUMBER_ID,AUTHORIZED_PAY_MASS) values ('B0000803','2400921', '测B04920', 4, 240921, 0, '2',15);

insert into T_SIMINFO (SIM_ID, ORG_CODE, DEPTCODE, STATE,PAY_MODLE, SIM_NUM) values(24922, 'B0000803', '中国移动', 1, '预付费', 13100004921);
insert into T_TERMINALINFO (TERMINAL_ID,TTYPE_ID,SIM_ID,TERMINAL_CODE,ORG_CODE,IS_VIDEO_TERMINAL,SP_SERVER_NAME,PROTOCOL_TYPE,CHANNELS,YT_PROTOCOL_TYPE) values(240922, 4, 24922, '1004921', 'B0000803',1,'1076测试服务器','4',8,'0');
insert into V_VEHICLEINFO (ORG_CODE,VEHICLE_ID,ID_NUMBER,TYPE_ID,TERMINAL_ID,DELETE_FLAG,COLOR_ID_NUMBER_ID,AUTHORIZED_PAY_MASS) values ('B0000803','2400922', '测B04921', 4, 240922, 0, '2',15);

insert into T_SIMINFO (SIM_ID, ORG_CODE, DEPTCODE, STATE,PAY_MODLE, SIM_NUM) values(24923, 'B0000803', '中国移动', 1, '预付费', 13100004922);
insert into T_TERMINALINFO (TERMINAL_ID,TTYPE_ID,SIM_ID,TERMINAL_CODE,ORG_CODE,IS_VIDEO_TERMINAL,SP_SERVER_NAME,PROTOCOL_TYPE,CHANNELS,YT_PROTOCOL_TYPE) values(240923, 4, 24923, '1004922', 'B0000803',1,'1076测试服务器','4',8,'0');
insert into V_VEHICLEINFO (ORG_CODE,VEHICLE_ID,ID_NUMBER,TYPE_ID,TERMINAL_ID,DELETE_FLAG,COLOR_ID_NUMBER_ID,AUTHORIZED_PAY_MASS) values ('B0000803','2400923', '测B04922', 4, 240923, 0, '2',15);

insert into T_SIMINFO (SIM_ID, ORG_CODE, DEPTCODE, STATE,PAY_MODLE, SIM_NUM) values(24924, 'B0000803', '中国移动', 1, '预付费', 13100004923);
insert into T_TERMINALINFO (TERMINAL_ID,TTYPE_ID,SIM_ID,TERMINAL_CODE,ORG_CODE,IS_VIDEO_TERMINAL,SP_SERVER_NAME,PROTOCOL_TYPE,CHANNELS,YT_PROTOCOL_TYPE) values(240924, 4, 24924, '1004923', 'B0000803',1,'1076测试服务器','4',8,'0');
insert into V_VEHICLEINFO (ORG_CODE,VEHICLE_ID,ID_NUMBER,TYPE_ID,TERMINAL_ID,DELETE_FLAG,COLOR_ID_NUMBER_ID,AUTHORIZED_PAY_MASS) values ('B0000803','2400924', '测B04923', 4, 240924, 0, '2',15);

insert into T_SIMINFO (SIM_ID, ORG_CODE, DEPTCODE, STATE,PAY_MODLE, SIM_NUM) values(24925, 'B0000803', '中国移动', 1, '预付费', 13100004924);
insert into T_TERMINALINFO (TERMINAL_ID,TTYPE_ID,SIM_ID,TERMINAL_CODE,ORG_CODE,IS_VIDEO_TERMINAL,SP_SERVER_NAME,PROTOCOL_TYPE,CHANNELS,YT_PROTOCOL_TYPE) values(240925, 4, 24925, '1004924', 'B0000803',1,'1076测试服务器','4',8,'0');
insert into V_VEHICLEINFO (ORG_CODE,VEHICLE_ID,ID_NUMBER,TYPE_ID,TERMINAL_ID,DELETE_FLAG,COLOR_ID_NUMBER_ID,AUTHORIZED_PAY_MASS) values ('B0000803','2400925', '测B04924', 4, 240925, 0, '2',15);

insert into T_SIMINFO (SIM_ID, ORG_CODE, DEPTCODE, STATE,PAY_MODLE, SIM_NUM) values(24926, 'B0000803', '中国移动', 1, '预付费', 13100004925);
insert into T_TERMINALINFO (TERMINAL_ID,TTYPE_ID,SIM_ID,TERMINAL_CODE,ORG_CODE,IS_VIDEO_TERMINAL,SP_SERVER_NAME,PROTOCOL_TYPE,CHANNELS,YT_PROTOCOL_TYPE) values(240926, 4, 24926, '1004925', 'B0000803',1,'1076测试服务器','4',8,'0');
insert into V_VEHICLEINFO (ORG_CODE,VEHICLE_ID,ID_NUMBER,TYPE_ID,TERMINAL_ID,DELETE_FLAG,COLOR_ID_NUMBER_ID,AUTHORIZED_PAY_MASS) values ('B0000803','2400926', '测B04925', 4, 240926, 0, '2',15);

insert into T_SIMINFO (SIM_ID, ORG_CODE, DEPTCODE, STATE,PAY_MODLE, SIM_NUM) values(24927, 'B0000803', '中国移动', 1, '预付费', 13100004926);
insert into T_TERMINALINFO (TERMINAL_ID,TTYPE_ID,SIM_ID,TERMINAL_CODE,ORG_CODE,IS_VIDEO_TERMINAL,SP_SERVER_NAME,PROTOCOL_TYPE,CHANNELS,YT_PROTOCOL_TYPE) values(240927, 4, 24927, '1004926', 'B0000803',1,'1076测试服务器','4',8,'0');
insert into V_VEHICLEINFO (ORG_CODE,VEHICLE_ID,ID_NUMBER,TYPE_ID,TERMINAL_ID,DELETE_FLAG,COLOR_ID_NUMBER_ID,AUTHORIZED_PAY_MASS) values ('B0000803','2400927', '测B04926', 4, 240927, 0, '2',15);

insert into T_SIMINFO (SIM_ID, ORG_CODE, DEPTCODE, STATE,PAY_MODLE, SIM_NUM) values(24928, 'B0000803', '中国移动', 1, '预付费', 13100004927);
insert into T_TERMINALINFO (TERMINAL_ID,TTYPE_ID,SIM_ID,TERMINAL_CODE,ORG_CODE,IS_VIDEO_TERMINAL,SP_SERVER_NAME,PROTOCOL_TYPE,CHANNELS,YT_PROTOCOL_TYPE) values(240928, 4, 24928, '1004927', 'B0000803',1,'1076测试服务器','4',8,'0');
insert into V_VEHICLEINFO (ORG_CODE,VEHICLE_ID,ID_NUMBER,TYPE_ID,TERMINAL_ID,DELETE_FLAG,COLOR_ID_NUMBER_ID,AUTHORIZED_PAY_MASS) values ('B0000803','2400928', '测B04927', 4, 240928, 0, '2',15);

insert into T_SIMINFO (SIM_ID, ORG_CODE, DEPTCODE, STATE,PAY_MODLE, SIM_NUM) values(24929, 'B0000803', '中国移动', 1, '预付费', 13100004928);
insert into T_TERMINALINFO (TERMINAL_ID,TTYPE_ID,SIM_ID,TERMINAL_CODE,ORG_CODE,IS_VIDEO_TERMINAL,SP_SERVER_NAME,PROTOCOL_TYPE,CHANNELS,YT_PROTOCOL_TYPE) values(240929, 4, 24929, '1004928', 'B0000803',1,'1076测试服务器','4',8,'0');
insert into V_VEHICLEINFO (ORG_CODE,VEHICLE_ID,ID_NUMBER,TYPE_ID,TERMINAL_ID,DELETE_FLAG,COLOR_ID_NUMBER_ID,AUTHORIZED_PAY_MASS) values ('B0000803','2400929', '测B04928', 4, 240929, 0, '2',15);

insert into T_SIMINFO (SIM_ID, ORG_CODE, DEPTCODE, STATE,PAY_MODLE, SIM_NUM) values(24930, 'B0000803', '中国移动', 1, '预付费', 13100004929);
insert into T_TERMINALINFO (TERMINAL_ID,TTYPE_ID,SIM_ID,TERMINAL_CODE,ORG_CODE,IS_VIDEO_TERMINAL,SP_SERVER_NAME,PROTOCOL_TYPE,CHANNELS,YT_PROTOCOL_TYPE) values(240930, 4, 24930, '1004929', 'B0000803',1,'1076测试服务器','4',8,'0');
insert into V_VEHICLEINFO (ORG_CODE,VEHICLE_ID,ID_NUMBER,TYPE_ID,TERMINAL_ID,DELETE_FLAG,COLOR_ID_NUMBER_ID,AUTHORIZED_PAY_MASS) values ('B0000803','2400930', '测B04929', 4, 240930, 0, '2',15);

insert into T_SIMINFO (SIM_ID, ORG_CODE, DEPTCODE, STATE,PAY_MODLE, SIM_NUM) values(24931, 'B0000803', '中国移动', 1, '预付费', 13100004930);
insert into T_TERMINALINFO (TERMINAL_ID,TTYPE_ID,SIM_ID,TERMINAL_CODE,ORG_CODE,IS_VIDEO_TERMINAL,SP_SERVER_NAME,PROTOCOL_TYPE,CHANNELS,YT_PROTOCOL_TYPE) values(240931, 4, 24931, '1004930', 'B0000803',1,'1076测试服务器','4',8,'0');
insert into V_VEHICLEINFO (ORG_CODE,VEHICLE_ID,ID_NUMBER,TYPE_ID,TERMINAL_ID,DELETE_FLAG,COLOR_ID_NUMBER_ID,AUTHORIZED_PAY_MASS) values ('B0000803','2400931', '测B04930', 4, 240931, 0, '2',15);

insert into T_SIMINFO (SIM_ID, ORG_CODE, DEPTCODE, STATE,PAY_MODLE, SIM_NUM) values(24932, 'B0000803', '中国移动', 1, '预付费', 13100004931);
insert into T_TERMINALINFO (TERMINAL_ID,TTYPE_ID,SIM_ID,TERMINAL_CODE,ORG_CODE,IS_VIDEO_TERMINAL,SP_SERVER_NAME,PROTOCOL_TYPE,CHANNELS,YT_PROTOCOL_TYPE) values(240932, 4, 24932, '1004931', 'B0000803',1,'1076测试服务器','4',8,'0');
insert into V_VEHICLEINFO (ORG_CODE,VEHICLE_ID,ID_NUMBER,TYPE_ID,TERMINAL_ID,DELETE_FLAG,COLOR_ID_NUMBER_ID,AUTHORIZED_PAY_MASS) values ('B0000803','2400932', '测B04931', 4, 240932, 0, '2',15);

insert into T_SIMINFO (SIM_ID, ORG_CODE, DEPTCODE, STATE,PAY_MODLE, SIM_NUM) values(24933, 'B0000803', '中国移动', 1, '预付费', 13100004932);
insert into T_TERMINALINFO (TERMINAL_ID,TTYPE_ID,SIM_ID,TERMINAL_CODE,ORG_CODE,IS_VIDEO_TERMINAL,SP_SERVER_NAME,PROTOCOL_TYPE,CHANNELS,YT_PROTOCOL_TYPE) values(240933, 4, 24933, '1004932', 'B0000803',1,'1076测试服务器','4',8,'0');
insert into V_VEHICLEINFO (ORG_CODE,VEHICLE_ID,ID_NUMBER,TYPE_ID,TERMINAL_ID,DELETE_FLAG,COLOR_ID_NUMBER_ID,AUTHORIZED_PAY_MASS) values ('B0000803','2400933', '测B04932', 4, 240933, 0, '2',15);

insert into T_SIMINFO (SIM_ID, ORG_CODE, DEPTCODE, STATE,PAY_MODLE, SIM_NUM) values(24934, 'B0000803', '中国移动', 1, '预付费', 13100004933);
insert into T_TERMINALINFO (TERMINAL_ID,TTYPE_ID,SIM_ID,TERMINAL_CODE,ORG_CODE,IS_VIDEO_TERMINAL,SP_SERVER_NAME,PROTOCOL_TYPE,CHANNELS,YT_PROTOCOL_TYPE) values(240934, 4, 24934, '1004933', 'B0000803',1,'1076测试服务器','4',8,'0');
insert into V_VEHICLEINFO (ORG_CODE,VEHICLE_ID,ID_NUMBER,TYPE_ID,TERMINAL_ID,DELETE_FLAG,COLOR_ID_NUMBER_ID,AUTHORIZED_PAY_MASS) values ('B0000803','2400934', '测B04933', 4, 240934, 0, '2',15);

insert into T_SIMINFO (SIM_ID, ORG_CODE, DEPTCODE, STATE,PAY_MODLE, SIM_NUM) values(24935, 'B0000803', '中国移动', 1, '预付费', 13100004934);
insert into T_TERMINALINFO (TERMINAL_ID,TTYPE_ID,SIM_ID,TERMINAL_CODE,ORG_CODE,IS_VIDEO_TERMINAL,SP_SERVER_NAME,PROTOCOL_TYPE,CHANNELS,YT_PROTOCOL_TYPE) values(240935, 4, 24935, '1004934', 'B0000803',1,'1076测试服务器','4',8,'0');
insert into V_VEHICLEINFO (ORG_CODE,VEHICLE_ID,ID_NUMBER,TYPE_ID,TERMINAL_ID,DELETE_FLAG,COLOR_ID_NUMBER_ID,AUTHORIZED_PAY_MASS) values ('B0000803','2400935', '测B04934', 4, 240935, 0, '2',15);

insert into T_SIMINFO (SIM_ID, ORG_CODE, DEPTCODE, STATE,PAY_MODLE, SIM_NUM) values(24936, 'B0000803', '中国移动', 1, '预付费', 13100004935);
insert into T_TERMINALINFO (TERMINAL_ID,TTYPE_ID,SIM_ID,TERMINAL_CODE,ORG_CODE,IS_VIDEO_TERMINAL,SP_SERVER_NAME,PROTOCOL_TYPE,CHANNELS,YT_PROTOCOL_TYPE) values(240936, 4, 24936, '1004935', 'B0000803',1,'1076测试服务器','4',8,'0');
insert into V_VEHICLEINFO (ORG_CODE,VEHICLE_ID,ID_NUMBER,TYPE_ID,TERMINAL_ID,DELETE_FLAG,COLOR_ID_NUMBER_ID,AUTHORIZED_PAY_MASS) values ('B0000803','2400936', '测B04935', 4, 240936, 0, '2',15);

insert into T_SIMINFO (SIM_ID, ORG_CODE, DEPTCODE, STATE,PAY_MODLE, SIM_NUM) values(24937, 'B0000803', '中国移动', 1, '预付费', 13100004936);
insert into T_TERMINALINFO (TERMINAL_ID,TTYPE_ID,SIM_ID,TERMINAL_CODE,ORG_CODE,IS_VIDEO_TERMINAL,SP_SERVER_NAME,PROTOCOL_TYPE,CHANNELS,YT_PROTOCOL_TYPE) values(240937, 4, 24937, '1004936', 'B0000803',1,'1076测试服务器','4',8,'0');
insert into V_VEHICLEINFO (ORG_CODE,VEHICLE_ID,ID_NUMBER,TYPE_ID,TERMINAL_ID,DELETE_FLAG,COLOR_ID_NUMBER_ID,AUTHORIZED_PAY_MASS) values ('B0000803','2400937', '测B04936', 4, 240937, 0, '2',15);

insert into T_SIMINFO (SIM_ID, ORG_CODE, DEPTCODE, STATE,PAY_MODLE, SIM_NUM) values(24938, 'B0000803', '中国移动', 1, '预付费', 13100004937);
insert into T_TERMINALINFO (TERMINAL_ID,TTYPE_ID,SIM_ID,TERMINAL_CODE,ORG_CODE,IS_VIDEO_TERMINAL,SP_SERVER_NAME,PROTOCOL_TYPE,CHANNELS,YT_PROTOCOL_TYPE) values(240938, 4, 24938, '1004937', 'B0000803',1,'1076测试服务器','4',8,'0');
insert into V_VEHICLEINFO (ORG_CODE,VEHICLE_ID,ID_NUMBER,TYPE_ID,TERMINAL_ID,DELETE_FLAG,COLOR_ID_NUMBER_ID,AUTHORIZED_PAY_MASS) values ('B0000803','2400938', '测B04937', 4, 240938, 0, '2',15);

insert into T_SIMINFO (SIM_ID, ORG_CODE, DEPTCODE, STATE,PAY_MODLE, SIM_NUM) values(24939, 'B0000803', '中国移动', 1, '预付费', 13100004938);
insert into T_TERMINALINFO (TERMINAL_ID,TTYPE_ID,SIM_ID,TERMINAL_CODE,ORG_CODE,IS_VIDEO_TERMINAL,SP_SERVER_NAME,PROTOCOL_TYPE,CHANNELS,YT_PROTOCOL_TYPE) values(240939, 4, 24939, '1004938', 'B0000803',1,'1076测试服务器','4',8,'0');
insert into V_VEHICLEINFO (ORG_CODE,VEHICLE_ID,ID_NUMBER,TYPE_ID,TERMINAL_ID,DELETE_FLAG,COLOR_ID_NUMBER_ID,AUTHORIZED_PAY_MASS) values ('B0000803','2400939', '测B04938', 4, 240939, 0, '2',15);

insert into T_SIMINFO (SIM_ID, ORG_CODE, DEPTCODE, STATE,PAY_MODLE, SIM_NUM) values(24940, 'B0000803', '中国移动', 1, '预付费', 13100004939);
insert into T_TERMINALINFO (TERMINAL_ID,TTYPE_ID,SIM_ID,TERMINAL_CODE,ORG_CODE,IS_VIDEO_TERMINAL,SP_SERVER_NAME,PROTOCOL_TYPE,CHANNELS,YT_PROTOCOL_TYPE) values(240940, 4, 24940, '1004939', 'B0000803',1,'1076测试服务器','4',8,'0');
insert into V_VEHICLEINFO (ORG_CODE,VEHICLE_ID,ID_NUMBER,TYPE_ID,TERMINAL_ID,DELETE_FLAG,COLOR_ID_NUMBER_ID,AUTHORIZED_PAY_MASS) values ('B0000803','2400940', '测B04939', 4, 240940, 0, '2',15);

insert into T_SIMINFO (SIM_ID, ORG_CODE, DEPTCODE, STATE,PAY_MODLE, SIM_NUM) values(24941, 'B0000803', '中国移动', 1, '预付费', 13100004940);
insert into T_TERMINALINFO (TERMINAL_ID,TTYPE_ID,SIM_ID,TERMINAL_CODE,ORG_CODE,IS_VIDEO_TERMINAL,SP_SERVER_NAME,PROTOCOL_TYPE,CHANNELS,YT_PROTOCOL_TYPE) values(240941, 4, 24941, '1004940', 'B0000803',1,'1076测试服务器','4',8,'0');
insert into V_VEHICLEINFO (ORG_CODE,VEHICLE_ID,ID_NUMBER,TYPE_ID,TERMINAL_ID,DELETE_FLAG,COLOR_ID_NUMBER_ID,AUTHORIZED_PAY_MASS) values ('B0000803','2400941', '测B04940', 4, 240941, 0, '2',15);

insert into T_SIMINFO (SIM_ID, ORG_CODE, DEPTCODE, STATE,PAY_MODLE, SIM_NUM) values(24942, 'B0000803', '中国移动', 1, '预付费', 13100004941);
insert into T_TERMINALINFO (TERMINAL_ID,TTYPE_ID,SIM_ID,TERMINAL_CODE,ORG_CODE,IS_VIDEO_TERMINAL,SP_SERVER_NAME,PROTOCOL_TYPE,CHANNELS,YT_PROTOCOL_TYPE) values(240942, 4, 24942, '1004941', 'B0000803',1,'1076测试服务器','4',8,'0');
insert into V_VEHICLEINFO (ORG_CODE,VEHICLE_ID,ID_NUMBER,TYPE_ID,TERMINAL_ID,DELETE_FLAG,COLOR_ID_NUMBER_ID,AUTHORIZED_PAY_MASS) values ('B0000803','2400942', '测B04941', 4, 240942, 0, '2',15);

insert into T_SIMINFO (SIM_ID, ORG_CODE, DEPTCODE, STATE,PAY_MODLE, SIM_NUM) values(24943, 'B0000803', '中国移动', 1, '预付费', 13100004942);
insert into T_TERMINALINFO (TERMINAL_ID,TTYPE_ID,SIM_ID,TERMINAL_CODE,ORG_CODE,IS_VIDEO_TERMINAL,SP_SERVER_NAME,PROTOCOL_TYPE,CHANNELS,YT_PROTOCOL_TYPE) values(240943, 4, 24943, '1004942', 'B0000803',1,'1076测试服务器','4',8,'0');
insert into V_VEHICLEINFO (ORG_CODE,VEHICLE_ID,ID_NUMBER,TYPE_ID,TERMINAL_ID,DELETE_FLAG,COLOR_ID_NUMBER_ID,AUTHORIZED_PAY_MASS) values ('B0000803','2400943', '测B04942', 4, 240943, 0, '2',15);

insert into T_SIMINFO (SIM_ID, ORG_CODE, DEPTCODE, STATE,PAY_MODLE, SIM_NUM) values(24944, 'B0000803', '中国移动', 1, '预付费', 13100004943);
insert into T_TERMINALINFO (TERMINAL_ID,TTYPE_ID,SIM_ID,TERMINAL_CODE,ORG_CODE,IS_VIDEO_TERMINAL,SP_SERVER_NAME,PROTOCOL_TYPE,CHANNELS,YT_PROTOCOL_TYPE) values(240944, 4, 24944, '1004943', 'B0000803',1,'1076测试服务器','4',8,'0');
insert into V_VEHICLEINFO (ORG_CODE,VEHICLE_ID,ID_NUMBER,TYPE_ID,TERMINAL_ID,DELETE_FLAG,COLOR_ID_NUMBER_ID,AUTHORIZED_PAY_MASS) values ('B0000803','2400944', '测B04943', 4, 240944, 0, '2',15);

insert into T_SIMINFO (SIM_ID, ORG_CODE, DEPTCODE, STATE,PAY_MODLE, SIM_NUM) values(24945, 'B0000803', '中国移动', 1, '预付费', 13100004944);
insert into T_TERMINALINFO (TERMINAL_ID,TTYPE_ID,SIM_ID,TERMINAL_CODE,ORG_CODE,IS_VIDEO_TERMINAL,SP_SERVER_NAME,PROTOCOL_TYPE,CHANNELS,YT_PROTOCOL_TYPE) values(240945, 4, 24945, '1004944', 'B0000803',1,'1076测试服务器','4',8,'0');
insert into V_VEHICLEINFO (ORG_CODE,VEHICLE_ID,ID_NUMBER,TYPE_ID,TERMINAL_ID,DELETE_FLAG,COLOR_ID_NUMBER_ID,AUTHORIZED_PAY_MASS) values ('B0000803','2400945', '测B04944', 4, 240945, 0, '2',15);

insert into T_SIMINFO (SIM_ID, ORG_CODE, DEPTCODE, STATE,PAY_MODLE, SIM_NUM) values(24946, 'B0000803', '中国移动', 1, '预付费', 13100004945);
insert into T_TERMINALINFO (TERMINAL_ID,TTYPE_ID,SIM_ID,TERMINAL_CODE,ORG_CODE,IS_VIDEO_TERMINAL,SP_SERVER_NAME,PROTOCOL_TYPE,CHANNELS,YT_PROTOCOL_TYPE) values(240946, 4, 24946, '1004945', 'B0000803',1,'1076测试服务器','4',8,'0');
insert into V_VEHICLEINFO (ORG_CODE,VEHICLE_ID,ID_NUMBER,TYPE_ID,TERMINAL_ID,DELETE_FLAG,COLOR_ID_NUMBER_ID,AUTHORIZED_PAY_MASS) values ('B0000803','2400946', '测B04945', 4, 240946, 0, '2',15);

insert into T_SIMINFO (SIM_ID, ORG_CODE, DEPTCODE, STATE,PAY_MODLE, SIM_NUM) values(24947, 'B0000803', '中国移动', 1, '预付费', 13100004946);
insert into T_TERMINALINFO (TERMINAL_ID,TTYPE_ID,SIM_ID,TERMINAL_CODE,ORG_CODE,IS_VIDEO_TERMINAL,SP_SERVER_NAME,PROTOCOL_TYPE,CHANNELS,YT_PROTOCOL_TYPE) values(240947, 4, 24947, '1004946', 'B0000803',1,'1076测试服务器','4',8,'0');
insert into V_VEHICLEINFO (ORG_CODE,VEHICLE_ID,ID_NUMBER,TYPE_ID,TERMINAL_ID,DELETE_FLAG,COLOR_ID_NUMBER_ID,AUTHORIZED_PAY_MASS) values ('B0000803','2400947', '测B04946', 4, 240947, 0, '2',15);

insert into T_SIMINFO (SIM_ID, ORG_CODE, DEPTCODE, STATE,PAY_MODLE, SIM_NUM) values(24948, 'B0000803', '中国移动', 1, '预付费', 13100004947);
insert into T_TERMINALINFO (TERMINAL_ID,TTYPE_ID,SIM_ID,TERMINAL_CODE,ORG_CODE,IS_VIDEO_TERMINAL,SP_SERVER_NAME,PROTOCOL_TYPE,CHANNELS,YT_PROTOCOL_TYPE) values(240948, 4, 24948, '1004947', 'B0000803',1,'1076测试服务器','4',8,'0');
insert into V_VEHICLEINFO (ORG_CODE,VEHICLE_ID,ID_NUMBER,TYPE_ID,TERMINAL_ID,DELETE_FLAG,COLOR_ID_NUMBER_ID,AUTHORIZED_PAY_MASS) values ('B0000803','2400948', '测B04947', 4, 240948, 0, '2',15);

insert into T_SIMINFO (SIM_ID, ORG_CODE, DEPTCODE, STATE,PAY_MODLE, SIM_NUM) values(24949, 'B0000803', '中国移动', 1, '预付费', 13100004948);
insert into T_TERMINALINFO (TERMINAL_ID,TTYPE_ID,SIM_ID,TERMINAL_CODE,ORG_CODE,IS_VIDEO_TERMINAL,SP_SERVER_NAME,PROTOCOL_TYPE,CHANNELS,YT_PROTOCOL_TYPE) values(240949, 4, 24949, '1004948', 'B0000803',1,'1076测试服务器','4',8,'0');
insert into V_VEHICLEINFO (ORG_CODE,VEHICLE_ID,ID_NUMBER,TYPE_ID,TERMINAL_ID,DELETE_FLAG,COLOR_ID_NUMBER_ID,AUTHORIZED_PAY_MASS) values ('B0000803','2400949', '测B04948', 4, 240949, 0, '2',15);

insert into T_SIMINFO (SIM_ID, ORG_CODE, DEPTCODE, STATE,PAY_MODLE, SIM_NUM) values(24950, 'B0000803', '中国移动', 1, '预付费', 13100004949);
insert into T_TERMINALINFO (TERMINAL_ID,TTYPE_ID,SIM_ID,TERMINAL_CODE,ORG_CODE,IS_VIDEO_TERMINAL,SP_SERVER_NAME,PROTOCOL_TYPE,CHANNELS,YT_PROTOCOL_TYPE) values(240950, 4, 24950, '1004949', 'B0000803',1,'1076测试服务器','4',8,'0');
insert into V_VEHICLEINFO (ORG_CODE,VEHICLE_ID,ID_NUMBER,TYPE_ID,TERMINAL_ID,DELETE_FLAG,COLOR_ID_NUMBER_ID,AUTHORIZED_PAY_MASS) values ('B0000803','2400950', '测B04949', 4, 240950, 0, '2',15);

insert into T_SIMINFO (SIM_ID, ORG_CODE, DEPTCODE, STATE,PAY_MODLE, SIM_NUM) values(24951, 'B0000803', '中国移动', 1, '预付费', 13100004950);
insert into T_TERMINALINFO (TERMINAL_ID,TTYPE_ID,SIM_ID,TERMINAL_CODE,ORG_CODE,IS_VIDEO_TERMINAL,SP_SERVER_NAME,PROTOCOL_TYPE,CHANNELS,YT_PROTOCOL_TYPE) values(240951, 4, 24951, '1004950', 'B0000803',1,'1076测试服务器','4',8,'0');
insert into V_VEHICLEINFO (ORG_CODE,VEHICLE_ID,ID_NUMBER,TYPE_ID,TERMINAL_ID,DELETE_FLAG,COLOR_ID_NUMBER_ID,AUTHORIZED_PAY_MASS) values ('B0000803','2400951', '测B04950', 4, 240951, 0, '2',15);

insert into T_SIMINFO (SIM_ID, ORG_CODE, DEPTCODE, STATE,PAY_MODLE, SIM_NUM) values(24952, 'B0000803', '中国移动', 1, '预付费', 13100004951);
insert into T_TERMINALINFO (TERMINAL_ID,TTYPE_ID,SIM_ID,TERMINAL_CODE,ORG_CODE,IS_VIDEO_TERMINAL,SP_SERVER_NAME,PROTOCOL_TYPE,CHANNELS,YT_PROTOCOL_TYPE) values(240952, 4, 24952, '1004951', 'B0000803',1,'1076测试服务器','4',8,'0');
insert into V_VEHICLEINFO (ORG_CODE,VEHICLE_ID,ID_NUMBER,TYPE_ID,TERMINAL_ID,DELETE_FLAG,COLOR_ID_NUMBER_ID,AUTHORIZED_PAY_MASS) values ('B0000803','2400952', '测B04951', 4, 240952, 0, '2',15);

insert into T_SIMINFO (SIM_ID, ORG_CODE, DEPTCODE, STATE,PAY_MODLE, SIM_NUM) values(24953, 'B0000803', '中国移动', 1, '预付费', 13100004952);
insert into T_TERMINALINFO (TERMINAL_ID,TTYPE_ID,SIM_ID,TERMINAL_CODE,ORG_CODE,IS_VIDEO_TERMINAL,SP_SERVER_NAME,PROTOCOL_TYPE,CHANNELS,YT_PROTOCOL_TYPE) values(240953, 4, 24953, '1004952', 'B0000803',1,'1076测试服务器','4',8,'0');
insert into V_VEHICLEINFO (ORG_CODE,VEHICLE_ID,ID_NUMBER,TYPE_ID,TERMINAL_ID,DELETE_FLAG,COLOR_ID_NUMBER_ID,AUTHORIZED_PAY_MASS) values ('B0000803','2400953', '测B04952', 4, 240953, 0, '2',15);

insert into T_SIMINFO (SIM_ID, ORG_CODE, DEPTCODE, STATE,PAY_MODLE, SIM_NUM) values(24954, 'B0000803', '中国移动', 1, '预付费', 13100004953);
insert into T_TERMINALINFO (TERMINAL_ID,TTYPE_ID,SIM_ID,TERMINAL_CODE,ORG_CODE,IS_VIDEO_TERMINAL,SP_SERVER_NAME,PROTOCOL_TYPE,CHANNELS,YT_PROTOCOL_TYPE) values(240954, 4, 24954, '1004953', 'B0000803',1,'1076测试服务器','4',8,'0');
insert into V_VEHICLEINFO (ORG_CODE,VEHICLE_ID,ID_NUMBER,TYPE_ID,TERMINAL_ID,DELETE_FLAG,COLOR_ID_NUMBER_ID,AUTHORIZED_PAY_MASS) values ('B0000803','2400954', '测B04953', 4, 240954, 0, '2',15);

insert into T_SIMINFO (SIM_ID, ORG_CODE, DEPTCODE, STATE,PAY_MODLE, SIM_NUM) values(24955, 'B0000803', '中国移动', 1, '预付费', 13100004954);
insert into T_TERMINALINFO (TERMINAL_ID,TTYPE_ID,SIM_ID,TERMINAL_CODE,ORG_CODE,IS_VIDEO_TERMINAL,SP_SERVER_NAME,PROTOCOL_TYPE,CHANNELS,YT_PROTOCOL_TYPE) values(240955, 4, 24955, '1004954', 'B0000803',1,'1076测试服务器','4',8,'0');
insert into V_VEHICLEINFO (ORG_CODE,VEHICLE_ID,ID_NUMBER,TYPE_ID,TERMINAL_ID,DELETE_FLAG,COLOR_ID_NUMBER_ID,AUTHORIZED_PAY_MASS) values ('B0000803','2400955', '测B04954', 4, 240955, 0, '2',15);

insert into T_SIMINFO (SIM_ID, ORG_CODE, DEPTCODE, STATE,PAY_MODLE, SIM_NUM) values(24956, 'B0000803', '中国移动', 1, '预付费', 13100004955);
insert into T_TERMINALINFO (TERMINAL_ID,TTYPE_ID,SIM_ID,TERMINAL_CODE,ORG_CODE,IS_VIDEO_TERMINAL,SP_SERVER_NAME,PROTOCOL_TYPE,CHANNELS,YT_PROTOCOL_TYPE) values(240956, 4, 24956, '1004955', 'B0000803',1,'1076测试服务器','4',8,'0');
insert into V_VEHICLEINFO (ORG_CODE,VEHICLE_ID,ID_NUMBER,TYPE_ID,TERMINAL_ID,DELETE_FLAG,COLOR_ID_NUMBER_ID,AUTHORIZED_PAY_MASS) values ('B0000803','2400956', '测B04955', 4, 240956, 0, '2',15);

insert into T_SIMINFO (SIM_ID, ORG_CODE, DEPTCODE, STATE,PAY_MODLE, SIM_NUM) values(24957, 'B0000803', '中国移动', 1, '预付费', 13100004956);
insert into T_TERMINALINFO (TERMINAL_ID,TTYPE_ID,SIM_ID,TERMINAL_CODE,ORG_CODE,IS_VIDEO_TERMINAL,SP_SERVER_NAME,PROTOCOL_TYPE,CHANNELS,YT_PROTOCOL_TYPE) values(240957, 4, 24957, '1004956', 'B0000803',1,'1076测试服务器','4',8,'0');
insert into V_VEHICLEINFO (ORG_CODE,VEHICLE_ID,ID_NUMBER,TYPE_ID,TERMINAL_ID,DELETE_FLAG,COLOR_ID_NUMBER_ID,AUTHORIZED_PAY_MASS) values ('B0000803','2400957', '测B04956', 4, 240957, 0, '2',15);

insert into T_SIMINFO (SIM_ID, ORG_CODE, DEPTCODE, STATE,PAY_MODLE, SIM_NUM) values(24958, 'B0000803', '中国移动', 1, '预付费', 13100004957);
insert into T_TERMINALINFO (TERMINAL_ID,TTYPE_ID,SIM_ID,TERMINAL_CODE,ORG_CODE,IS_VIDEO_TERMINAL,SP_SERVER_NAME,PROTOCOL_TYPE,CHANNELS,YT_PROTOCOL_TYPE) values(240958, 4, 24958, '1004957', 'B0000803',1,'1076测试服务器','4',8,'0');
insert into V_VEHICLEINFO (ORG_CODE,VEHICLE_ID,ID_NUMBER,TYPE_ID,TERMINAL_ID,DELETE_FLAG,COLOR_ID_NUMBER_ID,AUTHORIZED_PAY_MASS) values ('B0000803','2400958', '测B04957', 4, 240958, 0, '2',15);

insert into T_SIMINFO (SIM_ID, ORG_CODE, DEPTCODE, STATE,PAY_MODLE, SIM_NUM) values(24959, 'B0000803', '中国移动', 1, '预付费', 13100004958);
insert into T_TERMINALINFO (TERMINAL_ID,TTYPE_ID,SIM_ID,TERMINAL_CODE,ORG_CODE,IS_VIDEO_TERMINAL,SP_SERVER_NAME,PROTOCOL_TYPE,CHANNELS,YT_PROTOCOL_TYPE) values(240959, 4, 24959, '1004958', 'B0000803',1,'1076测试服务器','4',8,'0');
insert into V_VEHICLEINFO (ORG_CODE,VEHICLE_ID,ID_NUMBER,TYPE_ID,TERMINAL_ID,DELETE_FLAG,COLOR_ID_NUMBER_ID,AUTHORIZED_PAY_MASS) values ('B0000803','2400959', '测B04958', 4, 240959, 0, '2',15);

insert into T_SIMINFO (SIM_ID, ORG_CODE, DEPTCODE, STATE,PAY_MODLE, SIM_NUM) values(24960, 'B0000803', '中国移动', 1, '预付费', 13100004959);
insert into T_TERMINALINFO (TERMINAL_ID,TTYPE_ID,SIM_ID,TERMINAL_CODE,ORG_CODE,IS_VIDEO_TERMINAL,SP_SERVER_NAME,PROTOCOL_TYPE,CHANNELS,YT_PROTOCOL_TYPE) values(240960, 4, 24960, '1004959', 'B0000803',1,'1076测试服务器','4',8,'0');
insert into V_VEHICLEINFO (ORG_CODE,VEHICLE_ID,ID_NUMBER,TYPE_ID,TERMINAL_ID,DELETE_FLAG,COLOR_ID_NUMBER_ID,AUTHORIZED_PAY_MASS) values ('B0000803','2400960', '测B04959', 4, 240960, 0, '2',15);

insert into T_SIMINFO (SIM_ID, ORG_CODE, DEPTCODE, STATE,PAY_MODLE, SIM_NUM) values(24961, 'B0000803', '中国移动', 1, '预付费', 13100004960);
insert into T_TERMINALINFO (TERMINAL_ID,TTYPE_ID,SIM_ID,TERMINAL_CODE,ORG_CODE,IS_VIDEO_TERMINAL,SP_SERVER_NAME,PROTOCOL_TYPE,CHANNELS,YT_PROTOCOL_TYPE) values(240961, 4, 24961, '1004960', 'B0000803',1,'1076测试服务器','4',8,'0');
insert into V_VEHICLEINFO (ORG_CODE,VEHICLE_ID,ID_NUMBER,TYPE_ID,TERMINAL_ID,DELETE_FLAG,COLOR_ID_NUMBER_ID,AUTHORIZED_PAY_MASS) values ('B0000803','2400961', '测B04960', 4, 240961, 0, '2',15);

insert into T_SIMINFO (SIM_ID, ORG_CODE, DEPTCODE, STATE,PAY_MODLE, SIM_NUM) values(24962, 'B0000803', '中国移动', 1, '预付费', 13100004961);
insert into T_TERMINALINFO (TERMINAL_ID,TTYPE_ID,SIM_ID,TERMINAL_CODE,ORG_CODE,IS_VIDEO_TERMINAL,SP_SERVER_NAME,PROTOCOL_TYPE,CHANNELS,YT_PROTOCOL_TYPE) values(240962, 4, 24962, '1004961', 'B0000803',1,'1076测试服务器','4',8,'0');
insert into V_VEHICLEINFO (ORG_CODE,VEHICLE_ID,ID_NUMBER,TYPE_ID,TERMINAL_ID,DELETE_FLAG,COLOR_ID_NUMBER_ID,AUTHORIZED_PAY_MASS) values ('B0000803','2400962', '测B04961', 4, 240962, 0, '2',15);

insert into T_SIMINFO (SIM_ID, ORG_CODE, DEPTCODE, STATE,PAY_MODLE, SIM_NUM) values(24963, 'B0000803', '中国移动', 1, '预付费', 13100004962);
insert into T_TERMINALINFO (TERMINAL_ID,TTYPE_ID,SIM_ID,TERMINAL_CODE,ORG_CODE,IS_VIDEO_TERMINAL,SP_SERVER_NAME,PROTOCOL_TYPE,CHANNELS,YT_PROTOCOL_TYPE) values(240963, 4, 24963, '1004962', 'B0000803',1,'1076测试服务器','4',8,'0');
insert into V_VEHICLEINFO (ORG_CODE,VEHICLE_ID,ID_NUMBER,TYPE_ID,TERMINAL_ID,DELETE_FLAG,COLOR_ID_NUMBER_ID,AUTHORIZED_PAY_MASS) values ('B0000803','2400963', '测B04962', 4, 240963, 0, '2',15);

insert into T_SIMINFO (SIM_ID, ORG_CODE, DEPTCODE, STATE,PAY_MODLE, SIM_NUM) values(24964, 'B0000803', '中国移动', 1, '预付费', 13100004963);
insert into T_TERMINALINFO (TERMINAL_ID,TTYPE_ID,SIM_ID,TERMINAL_CODE,ORG_CODE,IS_VIDEO_TERMINAL,SP_SERVER_NAME,PROTOCOL_TYPE,CHANNELS,YT_PROTOCOL_TYPE) values(240964, 4, 24964, '1004963', 'B0000803',1,'1076测试服务器','4',8,'0');
insert into V_VEHICLEINFO (ORG_CODE,VEHICLE_ID,ID_NUMBER,TYPE_ID,TERMINAL_ID,DELETE_FLAG,COLOR_ID_NUMBER_ID,AUTHORIZED_PAY_MASS) values ('B0000803','2400964', '测B04963', 4, 240964, 0, '2',15);

insert into T_SIMINFO (SIM_ID, ORG_CODE, DEPTCODE, STATE,PAY_MODLE, SIM_NUM) values(24965, 'B0000803', '中国移动', 1, '预付费', 13100004964);
insert into T_TERMINALINFO (TERMINAL_ID,TTYPE_ID,SIM_ID,TERMINAL_CODE,ORG_CODE,IS_VIDEO_TERMINAL,SP_SERVER_NAME,PROTOCOL_TYPE,CHANNELS,YT_PROTOCOL_TYPE) values(240965, 4, 24965, '1004964', 'B0000803',1,'1076测试服务器','4',8,'0');
insert into V_VEHICLEINFO (ORG_CODE,VEHICLE_ID,ID_NUMBER,TYPE_ID,TERMINAL_ID,DELETE_FLAG,COLOR_ID_NUMBER_ID,AUTHORIZED_PAY_MASS) values ('B0000803','2400965', '测B04964', 4, 240965, 0, '2',15);

insert into T_SIMINFO (SIM_ID, ORG_CODE, DEPTCODE, STATE,PAY_MODLE, SIM_NUM) values(24966, 'B0000803', '中国移动', 1, '预付费', 13100004965);
insert into T_TERMINALINFO (TERMINAL_ID,TTYPE_ID,SIM_ID,TERMINAL_CODE,ORG_CODE,IS_VIDEO_TERMINAL,SP_SERVER_NAME,PROTOCOL_TYPE,CHANNELS,YT_PROTOCOL_TYPE) values(240966, 4, 24966, '1004965', 'B0000803',1,'1076测试服务器','4',8,'0');
insert into V_VEHICLEINFO (ORG_CODE,VEHICLE_ID,ID_NUMBER,TYPE_ID,TERMINAL_ID,DELETE_FLAG,COLOR_ID_NUMBER_ID,AUTHORIZED_PAY_MASS) values ('B0000803','2400966', '测B04965', 4, 240966, 0, '2',15);

insert into T_SIMINFO (SIM_ID, ORG_CODE, DEPTCODE, STATE,PAY_MODLE, SIM_NUM) values(24967, 'B0000803', '中国移动', 1, '预付费', 13100004966);
insert into T_TERMINALINFO (TERMINAL_ID,TTYPE_ID,SIM_ID,TERMINAL_CODE,ORG_CODE,IS_VIDEO_TERMINAL,SP_SERVER_NAME,PROTOCOL_TYPE,CHANNELS,YT_PROTOCOL_TYPE) values(240967, 4, 24967, '1004966', 'B0000803',1,'1076测试服务器','4',8,'0');
insert into V_VEHICLEINFO (ORG_CODE,VEHICLE_ID,ID_NUMBER,TYPE_ID,TERMINAL_ID,DELETE_FLAG,COLOR_ID_NUMBER_ID,AUTHORIZED_PAY_MASS) values ('B0000803','2400967', '测B04966', 4, 240967, 0, '2',15);

insert into T_SIMINFO (SIM_ID, ORG_CODE, DEPTCODE, STATE,PAY_MODLE, SIM_NUM) values(24968, 'B0000803', '中国移动', 1, '预付费', 13100004967);
insert into T_TERMINALINFO (TERMINAL_ID,TTYPE_ID,SIM_ID,TERMINAL_CODE,ORG_CODE,IS_VIDEO_TERMINAL,SP_SERVER_NAME,PROTOCOL_TYPE,CHANNELS,YT_PROTOCOL_TYPE) values(240968, 4, 24968, '1004967', 'B0000803',1,'1076测试服务器','4',8,'0');
insert into V_VEHICLEINFO (ORG_CODE,VEHICLE_ID,ID_NUMBER,TYPE_ID,TERMINAL_ID,DELETE_FLAG,COLOR_ID_NUMBER_ID,AUTHORIZED_PAY_MASS) values ('B0000803','2400968', '测B04967', 4, 240968, 0, '2',15);

insert into T_SIMINFO (SIM_ID, ORG_CODE, DEPTCODE, STATE,PAY_MODLE, SIM_NUM) values(24969, 'B0000803', '中国移动', 1, '预付费', 13100004968);
insert into T_TERMINALINFO (TERMINAL_ID,TTYPE_ID,SIM_ID,TERMINAL_CODE,ORG_CODE,IS_VIDEO_TERMINAL,SP_SERVER_NAME,PROTOCOL_TYPE,CHANNELS,YT_PROTOCOL_TYPE) values(240969, 4, 24969, '1004968', 'B0000803',1,'1076测试服务器','4',8,'0');
insert into V_VEHICLEINFO (ORG_CODE,VEHICLE_ID,ID_NUMBER,TYPE_ID,TERMINAL_ID,DELETE_FLAG,COLOR_ID_NUMBER_ID,AUTHORIZED_PAY_MASS) values ('B0000803','2400969', '测B04968', 4, 240969, 0, '2',15);

insert into T_SIMINFO (SIM_ID, ORG_CODE, DEPTCODE, STATE,PAY_MODLE, SIM_NUM) values(24970, 'B0000803', '中国移动', 1, '预付费', 13100004969);
insert into T_TERMINALINFO (TERMINAL_ID,TTYPE_ID,SIM_ID,TERMINAL_CODE,ORG_CODE,IS_VIDEO_TERMINAL,SP_SERVER_NAME,PROTOCOL_TYPE,CHANNELS,YT_PROTOCOL_TYPE) values(240970, 4, 24970, '1004969', 'B0000803',1,'1076测试服务器','4',8,'0');
insert into V_VEHICLEINFO (ORG_CODE,VEHICLE_ID,ID_NUMBER,TYPE_ID,TERMINAL_ID,DELETE_FLAG,COLOR_ID_NUMBER_ID,AUTHORIZED_PAY_MASS) values ('B0000803','2400970', '测B04969', 4, 240970, 0, '2',15);

insert into T_SIMINFO (SIM_ID, ORG_CODE, DEPTCODE, STATE,PAY_MODLE, SIM_NUM) values(24971, 'B0000803', '中国移动', 1, '预付费', 13100004970);
insert into T_TERMINALINFO (TERMINAL_ID,TTYPE_ID,SIM_ID,TERMINAL_CODE,ORG_CODE,IS_VIDEO_TERMINAL,SP_SERVER_NAME,PROTOCOL_TYPE,CHANNELS,YT_PROTOCOL_TYPE) values(240971, 4, 24971, '1004970', 'B0000803',1,'1076测试服务器','4',8,'0');
insert into V_VEHICLEINFO (ORG_CODE,VEHICLE_ID,ID_NUMBER,TYPE_ID,TERMINAL_ID,DELETE_FLAG,COLOR_ID_NUMBER_ID,AUTHORIZED_PAY_MASS) values ('B0000803','2400971', '测B04970', 4, 240971, 0, '2',15);

insert into T_SIMINFO (SIM_ID, ORG_CODE, DEPTCODE, STATE,PAY_MODLE, SIM_NUM) values(24972, 'B0000803', '中国移动', 1, '预付费', 13100004971);
insert into T_TERMINALINFO (TERMINAL_ID,TTYPE_ID,SIM_ID,TERMINAL_CODE,ORG_CODE,IS_VIDEO_TERMINAL,SP_SERVER_NAME,PROTOCOL_TYPE,CHANNELS,YT_PROTOCOL_TYPE) values(240972, 4, 24972, '1004971', 'B0000803',1,'1076测试服务器','4',8,'0');
insert into V_VEHICLEINFO (ORG_CODE,VEHICLE_ID,ID_NUMBER,TYPE_ID,TERMINAL_ID,DELETE_FLAG,COLOR_ID_NUMBER_ID,AUTHORIZED_PAY_MASS) values ('B0000803','2400972', '测B04971', 4, 240972, 0, '2',15);

insert into T_SIMINFO (SIM_ID, ORG_CODE, DEPTCODE, STATE,PAY_MODLE, SIM_NUM) values(24973, 'B0000803', '中国移动', 1, '预付费', 13100004972);
insert into T_TERMINALINFO (TERMINAL_ID,TTYPE_ID,SIM_ID,TERMINAL_CODE,ORG_CODE,IS_VIDEO_TERMINAL,SP_SERVER_NAME,PROTOCOL_TYPE,CHANNELS,YT_PROTOCOL_TYPE) values(240973, 4, 24973, '1004972', 'B0000803',1,'1076测试服务器','4',8,'0');
insert into V_VEHICLEINFO (ORG_CODE,VEHICLE_ID,ID_NUMBER,TYPE_ID,TERMINAL_ID,DELETE_FLAG,COLOR_ID_NUMBER_ID,AUTHORIZED_PAY_MASS) values ('B0000803','2400973', '测B04972', 4, 240973, 0, '2',15);

insert into T_SIMINFO (SIM_ID, ORG_CODE, DEPTCODE, STATE,PAY_MODLE, SIM_NUM) values(24974, 'B0000803', '中国移动', 1, '预付费', 13100004973);
insert into T_TERMINALINFO (TERMINAL_ID,TTYPE_ID,SIM_ID,TERMINAL_CODE,ORG_CODE,IS_VIDEO_TERMINAL,SP_SERVER_NAME,PROTOCOL_TYPE,CHANNELS,YT_PROTOCOL_TYPE) values(240974, 4, 24974, '1004973', 'B0000803',1,'1076测试服务器','4',8,'0');
insert into V_VEHICLEINFO (ORG_CODE,VEHICLE_ID,ID_NUMBER,TYPE_ID,TERMINAL_ID,DELETE_FLAG,COLOR_ID_NUMBER_ID,AUTHORIZED_PAY_MASS) values ('B0000803','2400974', '测B04973', 4, 240974, 0, '2',15);

insert into T_SIMINFO (SIM_ID, ORG_CODE, DEPTCODE, STATE,PAY_MODLE, SIM_NUM) values(24975, 'B0000803', '中国移动', 1, '预付费', 13100004974);
insert into T_TERMINALINFO (TERMINAL_ID,TTYPE_ID,SIM_ID,TERMINAL_CODE,ORG_CODE,IS_VIDEO_TERMINAL,SP_SERVER_NAME,PROTOCOL_TYPE,CHANNELS,YT_PROTOCOL_TYPE) values(240975, 4, 24975, '1004974', 'B0000803',1,'1076测试服务器','4',8,'0');
insert into V_VEHICLEINFO (ORG_CODE,VEHICLE_ID,ID_NUMBER,TYPE_ID,TERMINAL_ID,DELETE_FLAG,COLOR_ID_NUMBER_ID,AUTHORIZED_PAY_MASS) values ('B0000803','2400975', '测B04974', 4, 240975, 0, '2',15);

insert into T_SIMINFO (SIM_ID, ORG_CODE, DEPTCODE, STATE,PAY_MODLE, SIM_NUM) values(24976, 'B0000803', '中国移动', 1, '预付费', 13100004975);
insert into T_TERMINALINFO (TERMINAL_ID,TTYPE_ID,SIM_ID,TERMINAL_CODE,ORG_CODE,IS_VIDEO_TERMINAL,SP_SERVER_NAME,PROTOCOL_TYPE,CHANNELS,YT_PROTOCOL_TYPE) values(240976, 4, 24976, '1004975', 'B0000803',1,'1076测试服务器','4',8,'0');
insert into V_VEHICLEINFO (ORG_CODE,VEHICLE_ID,ID_NUMBER,TYPE_ID,TERMINAL_ID,DELETE_FLAG,COLOR_ID_NUMBER_ID,AUTHORIZED_PAY_MASS) values ('B0000803','2400976', '测B04975', 4, 240976, 0, '2',15);

insert into T_SIMINFO (SIM_ID, ORG_CODE, DEPTCODE, STATE,PAY_MODLE, SIM_NUM) values(24977, 'B0000803', '中国移动', 1, '预付费', 13100004976);
insert into T_TERMINALINFO (TERMINAL_ID,TTYPE_ID,SIM_ID,TERMINAL_CODE,ORG_CODE,IS_VIDEO_TERMINAL,SP_SERVER_NAME,PROTOCOL_TYPE,CHANNELS,YT_PROTOCOL_TYPE) values(240977, 4, 24977, '1004976', 'B0000803',1,'1076测试服务器','4',8,'0');
insert into V_VEHICLEINFO (ORG_CODE,VEHICLE_ID,ID_NUMBER,TYPE_ID,TERMINAL_ID,DELETE_FLAG,COLOR_ID_NUMBER_ID,AUTHORIZED_PAY_MASS) values ('B0000803','2400977', '测B04976', 4, 240977, 0, '2',15);

insert into T_SIMINFO (SIM_ID, ORG_CODE, DEPTCODE, STATE,PAY_MODLE, SIM_NUM) values(24978, 'B0000803', '中国移动', 1, '预付费', 13100004977);
insert into T_TERMINALINFO (TERMINAL_ID,TTYPE_ID,SIM_ID,TERMINAL_CODE,ORG_CODE,IS_VIDEO_TERMINAL,SP_SERVER_NAME,PROTOCOL_TYPE,CHANNELS,YT_PROTOCOL_TYPE) values(240978, 4, 24978, '1004977', 'B0000803',1,'1076测试服务器','4',8,'0');
insert into V_VEHICLEINFO (ORG_CODE,VEHICLE_ID,ID_NUMBER,TYPE_ID,TERMINAL_ID,DELETE_FLAG,COLOR_ID_NUMBER_ID,AUTHORIZED_PAY_MASS) values ('B0000803','2400978', '测B04977', 4, 240978, 0, '2',15);

insert into T_SIMINFO (SIM_ID, ORG_CODE, DEPTCODE, STATE,PAY_MODLE, SIM_NUM) values(24979, 'B0000803', '中国移动', 1, '预付费', 13100004978);
insert into T_TERMINALINFO (TERMINAL_ID,TTYPE_ID,SIM_ID,TERMINAL_CODE,ORG_CODE,IS_VIDEO_TERMINAL,SP_SERVER_NAME,PROTOCOL_TYPE,CHANNELS,YT_PROTOCOL_TYPE) values(240979, 4, 24979, '1004978', 'B0000803',1,'1076测试服务器','4',8,'0');
insert into V_VEHICLEINFO (ORG_CODE,VEHICLE_ID,ID_NUMBER,TYPE_ID,TERMINAL_ID,DELETE_FLAG,COLOR_ID_NUMBER_ID,AUTHORIZED_PAY_MASS) values ('B0000803','2400979', '测B04978', 4, 240979, 0, '2',15);

insert into T_SIMINFO (SIM_ID, ORG_CODE, DEPTCODE, STATE,PAY_MODLE, SIM_NUM) values(24980, 'B0000803', '中国移动', 1, '预付费', 13100004979);
insert into T_TERMINALINFO (TERMINAL_ID,TTYPE_ID,SIM_ID,TERMINAL_CODE,ORG_CODE,IS_VIDEO_TERMINAL,SP_SERVER_NAME,PROTOCOL_TYPE,CHANNELS,YT_PROTOCOL_TYPE) values(240980, 4, 24980, '1004979', 'B0000803',1,'1076测试服务器','4',8,'0');
insert into V_VEHICLEINFO (ORG_CODE,VEHICLE_ID,ID_NUMBER,TYPE_ID,TERMINAL_ID,DELETE_FLAG,COLOR_ID_NUMBER_ID,AUTHORIZED_PAY_MASS) values ('B0000803','2400980', '测B04979', 4, 240980, 0, '2',15);

insert into T_SIMINFO (SIM_ID, ORG_CODE, DEPTCODE, STATE,PAY_MODLE, SIM_NUM) values(24981, 'B0000803', '中国移动', 1, '预付费', 13100004980);
insert into T_TERMINALINFO (TERMINAL_ID,TTYPE_ID,SIM_ID,TERMINAL_CODE,ORG_CODE,IS_VIDEO_TERMINAL,SP_SERVER_NAME,PROTOCOL_TYPE,CHANNELS,YT_PROTOCOL_TYPE) values(240981, 4, 24981, '1004980', 'B0000803',1,'1076测试服务器','4',8,'0');
insert into V_VEHICLEINFO (ORG_CODE,VEHICLE_ID,ID_NUMBER,TYPE_ID,TERMINAL_ID,DELETE_FLAG,COLOR_ID_NUMBER_ID,AUTHORIZED_PAY_MASS) values ('B0000803','2400981', '测B04980', 4, 240981, 0, '2',15);

insert into T_SIMINFO (SIM_ID, ORG_CODE, DEPTCODE, STATE,PAY_MODLE, SIM_NUM) values(24982, 'B0000803', '中国移动', 1, '预付费', 13100004981);
insert into T_TERMINALINFO (TERMINAL_ID,TTYPE_ID,SIM_ID,TERMINAL_CODE,ORG_CODE,IS_VIDEO_TERMINAL,SP_SERVER_NAME,PROTOCOL_TYPE,CHANNELS,YT_PROTOCOL_TYPE) values(240982, 4, 24982, '1004981', 'B0000803',1,'1076测试服务器','4',8,'0');
insert into V_VEHICLEINFO (ORG_CODE,VEHICLE_ID,ID_NUMBER,TYPE_ID,TERMINAL_ID,DELETE_FLAG,COLOR_ID_NUMBER_ID,AUTHORIZED_PAY_MASS) values ('B0000803','2400982', '测B04981', 4, 240982, 0, '2',15);

insert into T_SIMINFO (SIM_ID, ORG_CODE, DEPTCODE, STATE,PAY_MODLE, SIM_NUM) values(24983, 'B0000803', '中国移动', 1, '预付费', 13100004982);
insert into T_TERMINALINFO (TERMINAL_ID,TTYPE_ID,SIM_ID,TERMINAL_CODE,ORG_CODE,IS_VIDEO_TERMINAL,SP_SERVER_NAME,PROTOCOL_TYPE,CHANNELS,YT_PROTOCOL_TYPE) values(240983, 4, 24983, '1004982', 'B0000803',1,'1076测试服务器','4',8,'0');
insert into V_VEHICLEINFO (ORG_CODE,VEHICLE_ID,ID_NUMBER,TYPE_ID,TERMINAL_ID,DELETE_FLAG,COLOR_ID_NUMBER_ID,AUTHORIZED_PAY_MASS) values ('B0000803','2400983', '测B04982', 4, 240983, 0, '2',15);

insert into T_SIMINFO (SIM_ID, ORG_CODE, DEPTCODE, STATE,PAY_MODLE, SIM_NUM) values(24984, 'B0000803', '中国移动', 1, '预付费', 13100004983);
insert into T_TERMINALINFO (TERMINAL_ID,TTYPE_ID,SIM_ID,TERMINAL_CODE,ORG_CODE,IS_VIDEO_TERMINAL,SP_SERVER_NAME,PROTOCOL_TYPE,CHANNELS,YT_PROTOCOL_TYPE) values(240984, 4, 24984, '1004983', 'B0000803',1,'1076测试服务器','4',8,'0');
insert into V_VEHICLEINFO (ORG_CODE,VEHICLE_ID,ID_NUMBER,TYPE_ID,TERMINAL_ID,DELETE_FLAG,COLOR_ID_NUMBER_ID,AUTHORIZED_PAY_MASS) values ('B0000803','2400984', '测B04983', 4, 240984, 0, '2',15);

insert into T_SIMINFO (SIM_ID, ORG_CODE, DEPTCODE, STATE,PAY_MODLE, SIM_NUM) values(24985, 'B0000803', '中国移动', 1, '预付费', 13100004984);
insert into T_TERMINALINFO (TERMINAL_ID,TTYPE_ID,SIM_ID,TERMINAL_CODE,ORG_CODE,IS_VIDEO_TERMINAL,SP_SERVER_NAME,PROTOCOL_TYPE,CHANNELS,YT_PROTOCOL_TYPE) values(240985, 4, 24985, '1004984', 'B0000803',1,'1076测试服务器','4',8,'0');
insert into V_VEHICLEINFO (ORG_CODE,VEHICLE_ID,ID_NUMBER,TYPE_ID,TERMINAL_ID,DELETE_FLAG,COLOR_ID_NUMBER_ID,AUTHORIZED_PAY_MASS) values ('B0000803','2400985', '测B04984', 4, 240985, 0, '2',15);

insert into T_SIMINFO (SIM_ID, ORG_CODE, DEPTCODE, STATE,PAY_MODLE, SIM_NUM) values(24986, 'B0000803', '中国移动', 1, '预付费', 13100004985);
insert into T_TERMINALINFO (TERMINAL_ID,TTYPE_ID,SIM_ID,TERMINAL_CODE,ORG_CODE,IS_VIDEO_TERMINAL,SP_SERVER_NAME,PROTOCOL_TYPE,CHANNELS,YT_PROTOCOL_TYPE) values(240986, 4, 24986, '1004985', 'B0000803',1,'1076测试服务器','4',8,'0');
insert into V_VEHICLEINFO (ORG_CODE,VEHICLE_ID,ID_NUMBER,TYPE_ID,TERMINAL_ID,DELETE_FLAG,COLOR_ID_NUMBER_ID,AUTHORIZED_PAY_MASS) values ('B0000803','2400986', '测B04985', 4, 240986, 0, '2',15);

insert into T_SIMINFO (SIM_ID, ORG_CODE, DEPTCODE, STATE,PAY_MODLE, SIM_NUM) values(24987, 'B0000803', '中国移动', 1, '预付费', 13100004986);
insert into T_TERMINALINFO (TERMINAL_ID,TTYPE_ID,SIM_ID,TERMINAL_CODE,ORG_CODE,IS_VIDEO_TERMINAL,SP_SERVER_NAME,PROTOCOL_TYPE,CHANNELS,YT_PROTOCOL_TYPE) values(240987, 4, 24987, '1004986', 'B0000803',1,'1076测试服务器','4',8,'0');
insert into V_VEHICLEINFO (ORG_CODE,VEHICLE_ID,ID_NUMBER,TYPE_ID,TERMINAL_ID,DELETE_FLAG,COLOR_ID_NUMBER_ID,AUTHORIZED_PAY_MASS) values ('B0000803','2400987', '测B04986', 4, 240987, 0, '2',15);

insert into T_SIMINFO (SIM_ID, ORG_CODE, DEPTCODE, STATE,PAY_MODLE, SIM_NUM) values(24988, 'B0000803', '中国移动', 1, '预付费', 13100004987);
insert into T_TERMINALINFO (TERMINAL_ID,TTYPE_ID,SIM_ID,TERMINAL_CODE,ORG_CODE,IS_VIDEO_TERMINAL,SP_SERVER_NAME,PROTOCOL_TYPE,CHANNELS,YT_PROTOCOL_TYPE) values(240988, 4, 24988, '1004987', 'B0000803',1,'1076测试服务器','4',8,'0');
insert into V_VEHICLEINFO (ORG_CODE,VEHICLE_ID,ID_NUMBER,TYPE_ID,TERMINAL_ID,DELETE_FLAG,COLOR_ID_NUMBER_ID,AUTHORIZED_PAY_MASS) values ('B0000803','2400988', '测B04987', 4, 240988, 0, '2',15);

insert into T_SIMINFO (SIM_ID, ORG_CODE, DEPTCODE, STATE,PAY_MODLE, SIM_NUM) values(24989, 'B0000803', '中国移动', 1, '预付费', 13100004988);
insert into T_TERMINALINFO (TERMINAL_ID,TTYPE_ID,SIM_ID,TERMINAL_CODE,ORG_CODE,IS_VIDEO_TERMINAL,SP_SERVER_NAME,PROTOCOL_TYPE,CHANNELS,YT_PROTOCOL_TYPE) values(240989, 4, 24989, '1004988', 'B0000803',1,'1076测试服务器','4',8,'0');
insert into V_VEHICLEINFO (ORG_CODE,VEHICLE_ID,ID_NUMBER,TYPE_ID,TERMINAL_ID,DELETE_FLAG,COLOR_ID_NUMBER_ID,AUTHORIZED_PAY_MASS) values ('B0000803','2400989', '测B04988', 4, 240989, 0, '2',15);

insert into T_SIMINFO (SIM_ID, ORG_CODE, DEPTCODE, STATE,PAY_MODLE, SIM_NUM) values(24990, 'B0000803', '中国移动', 1, '预付费', 13100004989);
insert into T_TERMINALINFO (TERMINAL_ID,TTYPE_ID,SIM_ID,TERMINAL_CODE,ORG_CODE,IS_VIDEO_TERMINAL,SP_SERVER_NAME,PROTOCOL_TYPE,CHANNELS,YT_PROTOCOL_TYPE) values(240990, 4, 24990, '1004989', 'B0000803',1,'1076测试服务器','4',8,'0');
insert into V_VEHICLEINFO (ORG_CODE,VEHICLE_ID,ID_NUMBER,TYPE_ID,TERMINAL_ID,DELETE_FLAG,COLOR_ID_NUMBER_ID,AUTHORIZED_PAY_MASS) values ('B0000803','2400990', '测B04989', 4, 240990, 0, '2',15);

insert into T_SIMINFO (SIM_ID, ORG_CODE, DEPTCODE, STATE,PAY_MODLE, SIM_NUM) values(24991, 'B0000803', '中国移动', 1, '预付费', 13100004990);
insert into T_TERMINALINFO (TERMINAL_ID,TTYPE_ID,SIM_ID,TERMINAL_CODE,ORG_CODE,IS_VIDEO_TERMINAL,SP_SERVER_NAME,PROTOCOL_TYPE,CHANNELS,YT_PROTOCOL_TYPE) values(240991, 4, 24991, '1004990', 'B0000803',1,'1076测试服务器','4',8,'0');
insert into V_VEHICLEINFO (ORG_CODE,VEHICLE_ID,ID_NUMBER,TYPE_ID,TERMINAL_ID,DELETE_FLAG,COLOR_ID_NUMBER_ID,AUTHORIZED_PAY_MASS) values ('B0000803','2400991', '测B04990', 4, 240991, 0, '2',15);

insert into T_SIMINFO (SIM_ID, ORG_CODE, DEPTCODE, STATE,PAY_MODLE, SIM_NUM) values(24992, 'B0000803', '中国移动', 1, '预付费', 13100004991);
insert into T_TERMINALINFO (TERMINAL_ID,TTYPE_ID,SIM_ID,TERMINAL_CODE,ORG_CODE,IS_VIDEO_TERMINAL,SP_SERVER_NAME,PROTOCOL_TYPE,CHANNELS,YT_PROTOCOL_TYPE) values(240992, 4, 24992, '1004991', 'B0000803',1,'1076测试服务器','4',8,'0');
insert into V_VEHICLEINFO (ORG_CODE,VEHICLE_ID,ID_NUMBER,TYPE_ID,TERMINAL_ID,DELETE_FLAG,COLOR_ID_NUMBER_ID,AUTHORIZED_PAY_MASS) values ('B0000803','2400992', '测B04991', 4, 240992, 0, '2',15);

insert into T_SIMINFO (SIM_ID, ORG_CODE, DEPTCODE, STATE,PAY_MODLE, SIM_NUM) values(24993, 'B0000803', '中国移动', 1, '预付费', 13100004992);
insert into T_TERMINALINFO (TERMINAL_ID,TTYPE_ID,SIM_ID,TERMINAL_CODE,ORG_CODE,IS_VIDEO_TERMINAL,SP_SERVER_NAME,PROTOCOL_TYPE,CHANNELS,YT_PROTOCOL_TYPE) values(240993, 4, 24993, '1004992', 'B0000803',1,'1076测试服务器','4',8,'0');
insert into V_VEHICLEINFO (ORG_CODE,VEHICLE_ID,ID_NUMBER,TYPE_ID,TERMINAL_ID,DELETE_FLAG,COLOR_ID_NUMBER_ID,AUTHORIZED_PAY_MASS) values ('B0000803','2400993', '测B04992', 4, 240993, 0, '2',15);

insert into T_SIMINFO (SIM_ID, ORG_CODE, DEPTCODE, STATE,PAY_MODLE, SIM_NUM) values(24994, 'B0000803', '中国移动', 1, '预付费', 13100004993);
insert into T_TERMINALINFO (TERMINAL_ID,TTYPE_ID,SIM_ID,TERMINAL_CODE,ORG_CODE,IS_VIDEO_TERMINAL,SP_SERVER_NAME,PROTOCOL_TYPE,CHANNELS,YT_PROTOCOL_TYPE) values(240994, 4, 24994, '1004993', 'B0000803',1,'1076测试服务器','4',8,'0');
insert into V_VEHICLEINFO (ORG_CODE,VEHICLE_ID,ID_NUMBER,TYPE_ID,TERMINAL_ID,DELETE_FLAG,COLOR_ID_NUMBER_ID,AUTHORIZED_PAY_MASS) values ('B0000803','2400994', '测B04993', 4, 240994, 0, '2',15);

insert into T_SIMINFO (SIM_ID, ORG_CODE, DEPTCODE, STATE,PAY_MODLE, SIM_NUM) values(24995, 'B0000803', '中国移动', 1, '预付费', 13100004994);
insert into T_TERMINALINFO (TERMINAL_ID,TTYPE_ID,SIM_ID,TERMINAL_CODE,ORG_CODE,IS_VIDEO_TERMINAL,SP_SERVER_NAME,PROTOCOL_TYPE,CHANNELS,YT_PROTOCOL_TYPE) values(240995, 4, 24995, '1004994', 'B0000803',1,'1076测试服务器','4',8,'0');
insert into V_VEHICLEINFO (ORG_CODE,VEHICLE_ID,ID_NUMBER,TYPE_ID,TERMINAL_ID,DELETE_FLAG,COLOR_ID_NUMBER_ID,AUTHORIZED_PAY_MASS) values ('B0000803','2400995', '测B04994', 4, 240995, 0, '2',15);

insert into T_SIMINFO (SIM_ID, ORG_CODE, DEPTCODE, STATE,PAY_MODLE, SIM_NUM) values(24996, 'B0000803', '中国移动', 1, '预付费', 13100004995);
insert into T_TERMINALINFO (TERMINAL_ID,TTYPE_ID,SIM_ID,TERMINAL_CODE,ORG_CODE,IS_VIDEO_TERMINAL,SP_SERVER_NAME,PROTOCOL_TYPE,CHANNELS,YT_PROTOCOL_TYPE) values(240996, 4, 24996, '1004995', 'B0000803',1,'1076测试服务器','4',8,'0');
insert into V_VEHICLEINFO (ORG_CODE,VEHICLE_ID,ID_NUMBER,TYPE_ID,TERMINAL_ID,DELETE_FLAG,COLOR_ID_NUMBER_ID,AUTHORIZED_PAY_MASS) values ('B0000803','2400996', '测B04995', 4, 240996, 0, '2',15);

insert into T_SIMINFO (SIM_ID, ORG_CODE, DEPTCODE, STATE,PAY_MODLE, SIM_NUM) values(24997, 'B0000803', '中国移动', 1, '预付费', 13100004996);
insert into T_TERMINALINFO (TERMINAL_ID,TTYPE_ID,SIM_ID,TERMINAL_CODE,ORG_CODE,IS_VIDEO_TERMINAL,SP_SERVER_NAME,PROTOCOL_TYPE,CHANNELS,YT_PROTOCOL_TYPE) values(240997, 4, 24997, '1004996', 'B0000803',1,'1076测试服务器','4',8,'0');
insert into V_VEHICLEINFO (ORG_CODE,VEHICLE_ID,ID_NUMBER,TYPE_ID,TERMINAL_ID,DELETE_FLAG,COLOR_ID_NUMBER_ID,AUTHORIZED_PAY_MASS) values ('B0000803','2400997', '测B04996', 4, 240997, 0, '2',15);

insert into T_SIMINFO (SIM_ID, ORG_CODE, DEPTCODE, STATE,PAY_MODLE, SIM_NUM) values(24998, 'B0000803', '中国移动', 1, '预付费', 13100004997);
insert into T_TERMINALINFO (TERMINAL_ID,TTYPE_ID,SIM_ID,TERMINAL_CODE,ORG_CODE,IS_VIDEO_TERMINAL,SP_SERVER_NAME,PROTOCOL_TYPE,CHANNELS,YT_PROTOCOL_TYPE) values(240998, 4, 24998, '1004997', 'B0000803',1,'1076测试服务器','4',8,'0');
insert into V_VEHICLEINFO (ORG_CODE,VEHICLE_ID,ID_NUMBER,TYPE_ID,TERMINAL_ID,DELETE_FLAG,COLOR_ID_NUMBER_ID,AUTHORIZED_PAY_MASS) values ('B0000803','2400998', '测B04997', 4, 240998, 0, '2',15);

insert into T_SIMINFO (SIM_ID, ORG_CODE, DEPTCODE, STATE,PAY_MODLE, SIM_NUM) values(24999, 'B0000803', '中国移动', 1, '预付费', 13100004998);
insert into T_TERMINALINFO (TERMINAL_ID,TTYPE_ID,SIM_ID,TERMINAL_CODE,ORG_CODE,IS_VIDEO_TERMINAL,SP_SERVER_NAME,PROTOCOL_TYPE,CHANNELS,YT_PROTOCOL_TYPE) values(240999, 4, 24999, '1004998', 'B0000803',1,'1076测试服务器','4',8,'0');
insert into V_VEHICLEINFO (ORG_CODE,VEHICLE_ID,ID_NUMBER,TYPE_ID,TERMINAL_ID,DELETE_FLAG,COLOR_ID_NUMBER_ID,AUTHORIZED_PAY_MASS) values ('B0000803','2400999', '测B04998', 4, 240999, 0, '2',15);

insert into T_SIMINFO (SIM_ID, ORG_CODE, DEPTCODE, STATE,PAY_MODLE, SIM_NUM) values(25000, 'B0000803', '中国移动', 1, '预付费', 13100004999);
insert into T_TERMINALINFO (TERMINAL_ID,TTYPE_ID,SIM_ID,TERMINAL_CODE,ORG_CODE,IS_VIDEO_TERMINAL,SP_SERVER_NAME,PROTOCOL_TYPE,CHANNELS,YT_PROTOCOL_TYPE) values(241000, 4, 25000, '1004999', 'B0000803',1,'1076测试服务器','4',8,'0');
insert into V_VEHICLEINFO (ORG_CODE,VEHICLE_ID,ID_NUMBER,TYPE_ID,TERMINAL_ID,DELETE_FLAG,COLOR_ID_NUMBER_ID,AUTHORIZED_PAY_MASS) values ('B0000803','2401000', '测B04999', 4, 241000, 0, '2',15);

insert into T_SIMINFO (SIM_ID, ORG_CODE, DEPTCODE, STATE,PAY_MODLE, SIM_NUM) values(25001, 'B0000803', '中国移动', 1, '预付费', 13100005000);
insert into T_TERMINALINFO (TERMINAL_ID,TTYPE_ID,SIM_ID,TERMINAL_CODE,ORG_CODE,IS_VIDEO_TERMINAL,SP_SERVER_NAME,PROTOCOL_TYPE,CHANNELS,YT_PROTOCOL_TYPE) values(241001, 4, 25001, '1005000', 'B0000803',1,'1076测试服务器','4',8,'0');
insert into V_VEHICLEINFO (ORG_CODE,VEHICLE_ID,ID_NUMBER,TYPE_ID,TERMINAL_ID,DELETE_FLAG,COLOR_ID_NUMBER_ID,AUTHORIZED_PAY_MASS) values ('B0000803','2401001', '测B05000', 4, 241001, 0, '2',15);

insert into T_SIMINFO (SIM_ID, ORG_CODE, DEPTCODE, STATE,PAY_MODLE, SIM_NUM) values(25002, 'B0000803', '中国移动', 1, '预付费', 13100005001);
insert into T_TERMINALINFO (TERMINAL_ID,TTYPE_ID,SIM_ID,TERMINAL_CODE,ORG_CODE,IS_VIDEO_TERMINAL,SP_SERVER_NAME,PROTOCOL_TYPE,CHANNELS,YT_PROTOCOL_TYPE) values(241002, 4, 25002, '1005001', 'B0000803',1,'1076测试服务器','4',8,'0');
insert into V_VEHICLEINFO (ORG_CODE,VEHICLE_ID,ID_NUMBER,TYPE_ID,TERMINAL_ID,DELETE_FLAG,COLOR_ID_NUMBER_ID,AUTHORIZED_PAY_MASS) values ('B0000803','2401002', '测B05001', 4, 241002, 0, '2',15);

insert into T_SIMINFO (SIM_ID, ORG_CODE, DEPTCODE, STATE,PAY_MODLE, SIM_NUM) values(25003, 'B0000803', '中国移动', 1, '预付费', 13100005002);
insert into T_TERMINALINFO (TERMINAL_ID,TTYPE_ID,SIM_ID,TERMINAL_CODE,ORG_CODE,IS_VIDEO_TERMINAL,SP_SERVER_NAME,PROTOCOL_TYPE,CHANNELS,YT_PROTOCOL_TYPE) values(241003, 4, 25003, '1005002', 'B0000803',1,'1076测试服务器','4',8,'0');
insert into V_VEHICLEINFO (ORG_CODE,VEHICLE_ID,ID_NUMBER,TYPE_ID,TERMINAL_ID,DELETE_FLAG,COLOR_ID_NUMBER_ID,AUTHORIZED_PAY_MASS) values ('B0000803','2401003', '测B05002', 4, 241003, 0, '2',15);

insert into T_SIMINFO (SIM_ID, ORG_CODE, DEPTCODE, STATE,PAY_MODLE, SIM_NUM) values(25004, 'B0000803', '中国移动', 1, '预付费', 13100005003);
insert into T_TERMINALINFO (TERMINAL_ID,TTYPE_ID,SIM_ID,TERMINAL_CODE,ORG_CODE,IS_VIDEO_TERMINAL,SP_SERVER_NAME,PROTOCOL_TYPE,CHANNELS,YT_PROTOCOL_TYPE) values(241004, 4, 25004, '1005003', 'B0000803',1,'1076测试服务器','4',8,'0');
insert into V_VEHICLEINFO (ORG_CODE,VEHICLE_ID,ID_NUMBER,TYPE_ID,TERMINAL_ID,DELETE_FLAG,COLOR_ID_NUMBER_ID,AUTHORIZED_PAY_MASS) values ('B0000803','2401004', '测B05003', 4, 241004, 0, '2',15);

insert into T_SIMINFO (SIM_ID, ORG_CODE, DEPTCODE, STATE,PAY_MODLE, SIM_NUM) values(25005, 'B0000803', '中国移动', 1, '预付费', 13100005004);
insert into T_TERMINALINFO (TERMINAL_ID,TTYPE_ID,SIM_ID,TERMINAL_CODE,ORG_CODE,IS_VIDEO_TERMINAL,SP_SERVER_NAME,PROTOCOL_TYPE,CHANNELS,YT_PROTOCOL_TYPE) values(241005, 4, 25005, '1005004', 'B0000803',1,'1076测试服务器','4',8,'0');
insert into V_VEHICLEINFO (ORG_CODE,VEHICLE_ID,ID_NUMBER,TYPE_ID,TERMINAL_ID,DELETE_FLAG,COLOR_ID_NUMBER_ID,AUTHORIZED_PAY_MASS) values ('B0000803','2401005', '测B05004', 4, 241005, 0, '2',15);

insert into T_SIMINFO (SIM_ID, ORG_CODE, DEPTCODE, STATE,PAY_MODLE, SIM_NUM) values(25006, 'B0000803', '中国移动', 1, '预付费', 13100005005);
insert into T_TERMINALINFO (TERMINAL_ID,TTYPE_ID,SIM_ID,TERMINAL_CODE,ORG_CODE,IS_VIDEO_TERMINAL,SP_SERVER_NAME,PROTOCOL_TYPE,CHANNELS,YT_PROTOCOL_TYPE) values(241006, 4, 25006, '1005005', 'B0000803',1,'1076测试服务器','4',8,'0');
insert into V_VEHICLEINFO (ORG_CODE,VEHICLE_ID,ID_NUMBER,TYPE_ID,TERMINAL_ID,DELETE_FLAG,COLOR_ID_NUMBER_ID,AUTHORIZED_PAY_MASS) values ('B0000803','2401006', '测B05005', 4, 241006, 0, '2',15);

insert into T_SIMINFO (SIM_ID, ORG_CODE, DEPTCODE, STATE,PAY_MODLE, SIM_NUM) values(25007, 'B0000803', '中国移动', 1, '预付费', 13100005006);
insert into T_TERMINALINFO (TERMINAL_ID,TTYPE_ID,SIM_ID,TERMINAL_CODE,ORG_CODE,IS_VIDEO_TERMINAL,SP_SERVER_NAME,PROTOCOL_TYPE,CHANNELS,YT_PROTOCOL_TYPE) values(241007, 4, 25007, '1005006', 'B0000803',1,'1076测试服务器','4',8,'0');
insert into V_VEHICLEINFO (ORG_CODE,VEHICLE_ID,ID_NUMBER,TYPE_ID,TERMINAL_ID,DELETE_FLAG,COLOR_ID_NUMBER_ID,AUTHORIZED_PAY_MASS) values ('B0000803','2401007', '测B05006', 4, 241007, 0, '2',15);

insert into T_SIMINFO (SIM_ID, ORG_CODE, DEPTCODE, STATE,PAY_MODLE, SIM_NUM) values(25008, 'B0000803', '中国移动', 1, '预付费', 13100005007);
insert into T_TERMINALINFO (TERMINAL_ID,TTYPE_ID,SIM_ID,TERMINAL_CODE,ORG_CODE,IS_VIDEO_TERMINAL,SP_SERVER_NAME,PROTOCOL_TYPE,CHANNELS,YT_PROTOCOL_TYPE) values(241008, 4, 25008, '1005007', 'B0000803',1,'1076测试服务器','4',8,'0');
insert into V_VEHICLEINFO (ORG_CODE,VEHICLE_ID,ID_NUMBER,TYPE_ID,TERMINAL_ID,DELETE_FLAG,COLOR_ID_NUMBER_ID,AUTHORIZED_PAY_MASS) values ('B0000803','2401008', '测B05007', 4, 241008, 0, '2',15);

insert into T_SIMINFO (SIM_ID, ORG_CODE, DEPTCODE, STATE,PAY_MODLE, SIM_NUM) values(25009, 'B0000803', '中国移动', 1, '预付费', 13100005008);
insert into T_TERMINALINFO (TERMINAL_ID,TTYPE_ID,SIM_ID,TERMINAL_CODE,ORG_CODE,IS_VIDEO_TERMINAL,SP_SERVER_NAME,PROTOCOL_TYPE,CHANNELS,YT_PROTOCOL_TYPE) values(241009, 4, 25009, '1005008', 'B0000803',1,'1076测试服务器','4',8,'0');
insert into V_VEHICLEINFO (ORG_CODE,VEHICLE_ID,ID_NUMBER,TYPE_ID,TERMINAL_ID,DELETE_FLAG,COLOR_ID_NUMBER_ID,AUTHORIZED_PAY_MASS) values ('B0000803','2401009', '测B05008', 4, 241009, 0, '2',15);

insert into T_SIMINFO (SIM_ID, ORG_CODE, DEPTCODE, STATE,PAY_MODLE, SIM_NUM) values(25010, 'B0000803', '中国移动', 1, '预付费', 13100005009);
insert into T_TERMINALINFO (TERMINAL_ID,TTYPE_ID,SIM_ID,TERMINAL_CODE,ORG_CODE,IS_VIDEO_TERMINAL,SP_SERVER_NAME,PROTOCOL_TYPE,CHANNELS,YT_PROTOCOL_TYPE) values(241010, 4, 25010, '1005009', 'B0000803',1,'1076测试服务器','4',8,'0');
insert into V_VEHICLEINFO (ORG_CODE,VEHICLE_ID,ID_NUMBER,TYPE_ID,TERMINAL_ID,DELETE_FLAG,COLOR_ID_NUMBER_ID,AUTHORIZED_PAY_MASS) values ('B0000803','2401010', '测B05009', 4, 241010, 0, '2',15);

insert into T_SIMINFO (SIM_ID, ORG_CODE, DEPTCODE, STATE,PAY_MODLE, SIM_NUM) values(25011, 'B0000803', '中国移动', 1, '预付费', 13100005010);
insert into T_TERMINALINFO (TERMINAL_ID,TTYPE_ID,SIM_ID,TERMINAL_CODE,ORG_CODE,IS_VIDEO_TERMINAL,SP_SERVER_NAME,PROTOCOL_TYPE,CHANNELS,YT_PROTOCOL_TYPE) values(241011, 4, 25011, '1005010', 'B0000803',1,'1076测试服务器','4',8,'0');
insert into V_VEHICLEINFO (ORG_CODE,VEHICLE_ID,ID_NUMBER,TYPE_ID,TERMINAL_ID,DELETE_FLAG,COLOR_ID_NUMBER_ID,AUTHORIZED_PAY_MASS) values ('B0000803','2401011', '测B05010', 4, 241011, 0, '2',15);

insert into T_SIMINFO (SIM_ID, ORG_CODE, DEPTCODE, STATE,PAY_MODLE, SIM_NUM) values(25012, 'B0000803', '中国移动', 1, '预付费', 13100005011);
insert into T_TERMINALINFO (TERMINAL_ID,TTYPE_ID,SIM_ID,TERMINAL_CODE,ORG_CODE,IS_VIDEO_TERMINAL,SP_SERVER_NAME,PROTOCOL_TYPE,CHANNELS,YT_PROTOCOL_TYPE) values(241012, 4, 25012, '1005011', 'B0000803',1,'1076测试服务器','4',8,'0');
insert into V_VEHICLEINFO (ORG_CODE,VEHICLE_ID,ID_NUMBER,TYPE_ID,TERMINAL_ID,DELETE_FLAG,COLOR_ID_NUMBER_ID,AUTHORIZED_PAY_MASS) values ('B0000803','2401012', '测B05011', 4, 241012, 0, '2',15);

insert into T_SIMINFO (SIM_ID, ORG_CODE, DEPTCODE, STATE,PAY_MODLE, SIM_NUM) values(25013, 'B0000803', '中国移动', 1, '预付费', 13100005012);
insert into T_TERMINALINFO (TERMINAL_ID,TTYPE_ID,SIM_ID,TERMINAL_CODE,ORG_CODE,IS_VIDEO_TERMINAL,SP_SERVER_NAME,PROTOCOL_TYPE,CHANNELS,YT_PROTOCOL_TYPE) values(241013, 4, 25013, '1005012', 'B0000803',1,'1076测试服务器','4',8,'0');
insert into V_VEHICLEINFO (ORG_CODE,VEHICLE_ID,ID_NUMBER,TYPE_ID,TERMINAL_ID,DELETE_FLAG,COLOR_ID_NUMBER_ID,AUTHORIZED_PAY_MASS) values ('B0000803','2401013', '测B05012', 4, 241013, 0, '2',15);

insert into T_SIMINFO (SIM_ID, ORG_CODE, DEPTCODE, STATE,PAY_MODLE, SIM_NUM) values(25014, 'B0000803', '中国移动', 1, '预付费', 13100005013);
insert into T_TERMINALINFO (TERMINAL_ID,TTYPE_ID,SIM_ID,TERMINAL_CODE,ORG_CODE,IS_VIDEO_TERMINAL,SP_SERVER_NAME,PROTOCOL_TYPE,CHANNELS,YT_PROTOCOL_TYPE) values(241014, 4, 25014, '1005013', 'B0000803',1,'1076测试服务器','4',8,'0');
insert into V_VEHICLEINFO (ORG_CODE,VEHICLE_ID,ID_NUMBER,TYPE_ID,TERMINAL_ID,DELETE_FLAG,COLOR_ID_NUMBER_ID,AUTHORIZED_PAY_MASS) values ('B0000803','2401014', '测B05013', 4, 241014, 0, '2',15);

insert into T_SIMINFO (SIM_ID, ORG_CODE, DEPTCODE, STATE,PAY_MODLE, SIM_NUM) values(25015, 'B0000803', '中国移动', 1, '预付费', 13100005014);
insert into T_TERMINALINFO (TERMINAL_ID,TTYPE_ID,SIM_ID,TERMINAL_CODE,ORG_CODE,IS_VIDEO_TERMINAL,SP_SERVER_NAME,PROTOCOL_TYPE,CHANNELS,YT_PROTOCOL_TYPE) values(241015, 4, 25015, '1005014', 'B0000803',1,'1076测试服务器','4',8,'0');
insert into V_VEHICLEINFO (ORG_CODE,VEHICLE_ID,ID_NUMBER,TYPE_ID,TERMINAL_ID,DELETE_FLAG,COLOR_ID_NUMBER_ID,AUTHORIZED_PAY_MASS) values ('B0000803','2401015', '测B05014', 4, 241015, 0, '2',15);

insert into T_SIMINFO (SIM_ID, ORG_CODE, DEPTCODE, STATE,PAY_MODLE, SIM_NUM) values(25016, 'B0000803', '中国移动', 1, '预付费', 13100005015);
insert into T_TERMINALINFO (TERMINAL_ID,TTYPE_ID,SIM_ID,TERMINAL_CODE,ORG_CODE,IS_VIDEO_TERMINAL,SP_SERVER_NAME,PROTOCOL_TYPE,CHANNELS,YT_PROTOCOL_TYPE) values(241016, 4, 25016, '1005015', 'B0000803',1,'1076测试服务器','4',8,'0');
insert into V_VEHICLEINFO (ORG_CODE,VEHICLE_ID,ID_NUMBER,TYPE_ID,TERMINAL_ID,DELETE_FLAG,COLOR_ID_NUMBER_ID,AUTHORIZED_PAY_MASS) values ('B0000803','2401016', '测B05015', 4, 241016, 0, '2',15);

insert into T_SIMINFO (SIM_ID, ORG_CODE, DEPTCODE, STATE,PAY_MODLE, SIM_NUM) values(25017, 'B0000803', '中国移动', 1, '预付费', 13100005016);
insert into T_TERMINALINFO (TERMINAL_ID,TTYPE_ID,SIM_ID,TERMINAL_CODE,ORG_CODE,IS_VIDEO_TERMINAL,SP_SERVER_NAME,PROTOCOL_TYPE,CHANNELS,YT_PROTOCOL_TYPE) values(241017, 4, 25017, '1005016', 'B0000803',1,'1076测试服务器','4',8,'0');
insert into V_VEHICLEINFO (ORG_CODE,VEHICLE_ID,ID_NUMBER,TYPE_ID,TERMINAL_ID,DELETE_FLAG,COLOR_ID_NUMBER_ID,AUTHORIZED_PAY_MASS) values ('B0000803','2401017', '测B05016', 4, 241017, 0, '2',15);

insert into T_SIMINFO (SIM_ID, ORG_CODE, DEPTCODE, STATE,PAY_MODLE, SIM_NUM) values(25018, 'B0000803', '中国移动', 1, '预付费', 13100005017);
insert into T_TERMINALINFO (TERMINAL_ID,TTYPE_ID,SIM_ID,TERMINAL_CODE,ORG_CODE,IS_VIDEO_TERMINAL,SP_SERVER_NAME,PROTOCOL_TYPE,CHANNELS,YT_PROTOCOL_TYPE) values(241018, 4, 25018, '1005017', 'B0000803',1,'1076测试服务器','4',8,'0');
insert into V_VEHICLEINFO (ORG_CODE,VEHICLE_ID,ID_NUMBER,TYPE_ID,TERMINAL_ID,DELETE_FLAG,COLOR_ID_NUMBER_ID,AUTHORIZED_PAY_MASS) values ('B0000803','2401018', '测B05017', 4, 241018, 0, '2',15);

insert into T_SIMINFO (SIM_ID, ORG_CODE, DEPTCODE, STATE,PAY_MODLE, SIM_NUM) values(25019, 'B0000803', '中国移动', 1, '预付费', 13100005018);
insert into T_TERMINALINFO (TERMINAL_ID,TTYPE_ID,SIM_ID,TERMINAL_CODE,ORG_CODE,IS_VIDEO_TERMINAL,SP_SERVER_NAME,PROTOCOL_TYPE,CHANNELS,YT_PROTOCOL_TYPE) values(241019, 4, 25019, '1005018', 'B0000803',1,'1076测试服务器','4',8,'0');
insert into V_VEHICLEINFO (ORG_CODE,VEHICLE_ID,ID_NUMBER,TYPE_ID,TERMINAL_ID,DELETE_FLAG,COLOR_ID_NUMBER_ID,AUTHORIZED_PAY_MASS) values ('B0000803','2401019', '测B05018', 4, 241019, 0, '2',15);

insert into T_SIMINFO (SIM_ID, ORG_CODE, DEPTCODE, STATE,PAY_MODLE, SIM_NUM) values(25020, 'B0000803', '中国移动', 1, '预付费', 13100005019);
insert into T_TERMINALINFO (TERMINAL_ID,TTYPE_ID,SIM_ID,TERMINAL_CODE,ORG_CODE,IS_VIDEO_TERMINAL,SP_SERVER_NAME,PROTOCOL_TYPE,CHANNELS,YT_PROTOCOL_TYPE) values(241020, 4, 25020, '1005019', 'B0000803',1,'1076测试服务器','4',8,'0');
insert into V_VEHICLEINFO (ORG_CODE,VEHICLE_ID,ID_NUMBER,TYPE_ID,TERMINAL_ID,DELETE_FLAG,COLOR_ID_NUMBER_ID,AUTHORIZED_PAY_MASS) values ('B0000803','2401020', '测B05019', 4, 241020, 0, '2',15);

insert into T_SIMINFO (SIM_ID, ORG_CODE, DEPTCODE, STATE,PAY_MODLE, SIM_NUM) values(25021, 'B0000803', '中国移动', 1, '预付费', 13100005020);
insert into T_TERMINALINFO (TERMINAL_ID,TTYPE_ID,SIM_ID,TERMINAL_CODE,ORG_CODE,IS_VIDEO_TERMINAL,SP_SERVER_NAME,PROTOCOL_TYPE,CHANNELS,YT_PROTOCOL_TYPE) values(241021, 4, 25021, '1005020', 'B0000803',1,'1076测试服务器','4',8,'0');
insert into V_VEHICLEINFO (ORG_CODE,VEHICLE_ID,ID_NUMBER,TYPE_ID,TERMINAL_ID,DELETE_FLAG,COLOR_ID_NUMBER_ID,AUTHORIZED_PAY_MASS) values ('B0000803','2401021', '测B05020', 4, 241021, 0, '2',15);

insert into T_SIMINFO (SIM_ID, ORG_CODE, DEPTCODE, STATE,PAY_MODLE, SIM_NUM) values(25022, 'B0000803', '中国移动', 1, '预付费', 13100005021);
insert into T_TERMINALINFO (TERMINAL_ID,TTYPE_ID,SIM_ID,TERMINAL_CODE,ORG_CODE,IS_VIDEO_TERMINAL,SP_SERVER_NAME,PROTOCOL_TYPE,CHANNELS,YT_PROTOCOL_TYPE) values(241022, 4, 25022, '1005021', 'B0000803',1,'1076测试服务器','4',8,'0');
insert into V_VEHICLEINFO (ORG_CODE,VEHICLE_ID,ID_NUMBER,TYPE_ID,TERMINAL_ID,DELETE_FLAG,COLOR_ID_NUMBER_ID,AUTHORIZED_PAY_MASS) values ('B0000803','2401022', '测B05021', 4, 241022, 0, '2',15);

insert into T_SIMINFO (SIM_ID, ORG_CODE, DEPTCODE, STATE,PAY_MODLE, SIM_NUM) values(25023, 'B0000803', '中国移动', 1, '预付费', 13100005022);
insert into T_TERMINALINFO (TERMINAL_ID,TTYPE_ID,SIM_ID,TERMINAL_CODE,ORG_CODE,IS_VIDEO_TERMINAL,SP_SERVER_NAME,PROTOCOL_TYPE,CHANNELS,YT_PROTOCOL_TYPE) values(241023, 4, 25023, '1005022', 'B0000803',1,'1076测试服务器','4',8,'0');
insert into V_VEHICLEINFO (ORG_CODE,VEHICLE_ID,ID_NUMBER,TYPE_ID,TERMINAL_ID,DELETE_FLAG,COLOR_ID_NUMBER_ID,AUTHORIZED_PAY_MASS) values ('B0000803','2401023', '测B05022', 4, 241023, 0, '2',15);

insert into T_SIMINFO (SIM_ID, ORG_CODE, DEPTCODE, STATE,PAY_MODLE, SIM_NUM) values(25024, 'B0000803', '中国移动', 1, '预付费', 13100005023);
insert into T_TERMINALINFO (TERMINAL_ID,TTYPE_ID,SIM_ID,TERMINAL_CODE,ORG_CODE,IS_VIDEO_TERMINAL,SP_SERVER_NAME,PROTOCOL_TYPE,CHANNELS,YT_PROTOCOL_TYPE) values(241024, 4, 25024, '1005023', 'B0000803',1,'1076测试服务器','4',8,'0');
insert into V_VEHICLEINFO (ORG_CODE,VEHICLE_ID,ID_NUMBER,TYPE_ID,TERMINAL_ID,DELETE_FLAG,COLOR_ID_NUMBER_ID,AUTHORIZED_PAY_MASS) values ('B0000803','2401024', '测B05023', 4, 241024, 0, '2',15);

insert into T_SIMINFO (SIM_ID, ORG_CODE, DEPTCODE, STATE,PAY_MODLE, SIM_NUM) values(25025, 'B0000803', '中国移动', 1, '预付费', 13100005024);
insert into T_TERMINALINFO (TERMINAL_ID,TTYPE_ID,SIM_ID,TERMINAL_CODE,ORG_CODE,IS_VIDEO_TERMINAL,SP_SERVER_NAME,PROTOCOL_TYPE,CHANNELS,YT_PROTOCOL_TYPE) values(241025, 4, 25025, '1005024', 'B0000803',1,'1076测试服务器','4',8,'0');
insert into V_VEHICLEINFO (ORG_CODE,VEHICLE_ID,ID_NUMBER,TYPE_ID,TERMINAL_ID,DELETE_FLAG,COLOR_ID_NUMBER_ID,AUTHORIZED_PAY_MASS) values ('B0000803','2401025', '测B05024', 4, 241025, 0, '2',15);

insert into T_SIMINFO (SIM_ID, ORG_CODE, DEPTCODE, STATE,PAY_MODLE, SIM_NUM) values(25026, 'B0000803', '中国移动', 1, '预付费', 13100005025);
insert into T_TERMINALINFO (TERMINAL_ID,TTYPE_ID,SIM_ID,TERMINAL_CODE,ORG_CODE,IS_VIDEO_TERMINAL,SP_SERVER_NAME,PROTOCOL_TYPE,CHANNELS,YT_PROTOCOL_TYPE) values(241026, 4, 25026, '1005025', 'B0000803',1,'1076测试服务器','4',8,'0');
insert into V_VEHICLEINFO (ORG_CODE,VEHICLE_ID,ID_NUMBER,TYPE_ID,TERMINAL_ID,DELETE_FLAG,COLOR_ID_NUMBER_ID,AUTHORIZED_PAY_MASS) values ('B0000803','2401026', '测B05025', 4, 241026, 0, '2',15);

insert into T_SIMINFO (SIM_ID, ORG_CODE, DEPTCODE, STATE,PAY_MODLE, SIM_NUM) values(25027, 'B0000803', '中国移动', 1, '预付费', 13100005026);
insert into T_TERMINALINFO (TERMINAL_ID,TTYPE_ID,SIM_ID,TERMINAL_CODE,ORG_CODE,IS_VIDEO_TERMINAL,SP_SERVER_NAME,PROTOCOL_TYPE,CHANNELS,YT_PROTOCOL_TYPE) values(241027, 4, 25027, '1005026', 'B0000803',1,'1076测试服务器','4',8,'0');
insert into V_VEHICLEINFO (ORG_CODE,VEHICLE_ID,ID_NUMBER,TYPE_ID,TERMINAL_ID,DELETE_FLAG,COLOR_ID_NUMBER_ID,AUTHORIZED_PAY_MASS) values ('B0000803','2401027', '测B05026', 4, 241027, 0, '2',15);

insert into T_SIMINFO (SIM_ID, ORG_CODE, DEPTCODE, STATE,PAY_MODLE, SIM_NUM) values(25028, 'B0000803', '中国移动', 1, '预付费', 13100005027);
insert into T_TERMINALINFO (TERMINAL_ID,TTYPE_ID,SIM_ID,TERMINAL_CODE,ORG_CODE,IS_VIDEO_TERMINAL,SP_SERVER_NAME,PROTOCOL_TYPE,CHANNELS,YT_PROTOCOL_TYPE) values(241028, 4, 25028, '1005027', 'B0000803',1,'1076测试服务器','4',8,'0');
insert into V_VEHICLEINFO (ORG_CODE,VEHICLE_ID,ID_NUMBER,TYPE_ID,TERMINAL_ID,DELETE_FLAG,COLOR_ID_NUMBER_ID,AUTHORIZED_PAY_MASS) values ('B0000803','2401028', '测B05027', 4, 241028, 0, '2',15);

insert into T_SIMINFO (SIM_ID, ORG_CODE, DEPTCODE, STATE,PAY_MODLE, SIM_NUM) values(25029, 'B0000803', '中国移动', 1, '预付费', 13100005028);
insert into T_TERMINALINFO (TERMINAL_ID,TTYPE_ID,SIM_ID,TERMINAL_CODE,ORG_CODE,IS_VIDEO_TERMINAL,SP_SERVER_NAME,PROTOCOL_TYPE,CHANNELS,YT_PROTOCOL_TYPE) values(241029, 4, 25029, '1005028', 'B0000803',1,'1076测试服务器','4',8,'0');
insert into V_VEHICLEINFO (ORG_CODE,VEHICLE_ID,ID_NUMBER,TYPE_ID,TERMINAL_ID,DELETE_FLAG,COLOR_ID_NUMBER_ID,AUTHORIZED_PAY_MASS) values ('B0000803','2401029', '测B05028', 4, 241029, 0, '2',15);

insert into T_SIMINFO (SIM_ID, ORG_CODE, DEPTCODE, STATE,PAY_MODLE, SIM_NUM) values(25030, 'B0000803', '中国移动', 1, '预付费', 13100005029);
insert into T_TERMINALINFO (TERMINAL_ID,TTYPE_ID,SIM_ID,TERMINAL_CODE,ORG_CODE,IS_VIDEO_TERMINAL,SP_SERVER_NAME,PROTOCOL_TYPE,CHANNELS,YT_PROTOCOL_TYPE) values(241030, 4, 25030, '1005029', 'B0000803',1,'1076测试服务器','4',8,'0');
insert into V_VEHICLEINFO (ORG_CODE,VEHICLE_ID,ID_NUMBER,TYPE_ID,TERMINAL_ID,DELETE_FLAG,COLOR_ID_NUMBER_ID,AUTHORIZED_PAY_MASS) values ('B0000803','2401030', '测B05029', 4, 241030, 0, '2',15);

insert into T_SIMINFO (SIM_ID, ORG_CODE, DEPTCODE, STATE,PAY_MODLE, SIM_NUM) values(25031, 'B0000803', '中国移动', 1, '预付费', 13100005030);
insert into T_TERMINALINFO (TERMINAL_ID,TTYPE_ID,SIM_ID,TERMINAL_CODE,ORG_CODE,IS_VIDEO_TERMINAL,SP_SERVER_NAME,PROTOCOL_TYPE,CHANNELS,YT_PROTOCOL_TYPE) values(241031, 4, 25031, '1005030', 'B0000803',1,'1076测试服务器','4',8,'0');
insert into V_VEHICLEINFO (ORG_CODE,VEHICLE_ID,ID_NUMBER,TYPE_ID,TERMINAL_ID,DELETE_FLAG,COLOR_ID_NUMBER_ID,AUTHORIZED_PAY_MASS) values ('B0000803','2401031', '测B05030', 4, 241031, 0, '2',15);

insert into T_SIMINFO (SIM_ID, ORG_CODE, DEPTCODE, STATE,PAY_MODLE, SIM_NUM) values(25032, 'B0000803', '中国移动', 1, '预付费', 13100005031);
insert into T_TERMINALINFO (TERMINAL_ID,TTYPE_ID,SIM_ID,TERMINAL_CODE,ORG_CODE,IS_VIDEO_TERMINAL,SP_SERVER_NAME,PROTOCOL_TYPE,CHANNELS,YT_PROTOCOL_TYPE) values(241032, 4, 25032, '1005031', 'B0000803',1,'1076测试服务器','4',8,'0');
insert into V_VEHICLEINFO (ORG_CODE,VEHICLE_ID,ID_NUMBER,TYPE_ID,TERMINAL_ID,DELETE_FLAG,COLOR_ID_NUMBER_ID,AUTHORIZED_PAY_MASS) values ('B0000803','2401032', '测B05031', 4, 241032, 0, '2',15);

insert into T_SIMINFO (SIM_ID, ORG_CODE, DEPTCODE, STATE,PAY_MODLE, SIM_NUM) values(25033, 'B0000803', '中国移动', 1, '预付费', 13100005032);
insert into T_TERMINALINFO (TERMINAL_ID,TTYPE_ID,SIM_ID,TERMINAL_CODE,ORG_CODE,IS_VIDEO_TERMINAL,SP_SERVER_NAME,PROTOCOL_TYPE,CHANNELS,YT_PROTOCOL_TYPE) values(241033, 4, 25033, '1005032', 'B0000803',1,'1076测试服务器','4',8,'0');
insert into V_VEHICLEINFO (ORG_CODE,VEHICLE_ID,ID_NUMBER,TYPE_ID,TERMINAL_ID,DELETE_FLAG,COLOR_ID_NUMBER_ID,AUTHORIZED_PAY_MASS) values ('B0000803','2401033', '测B05032', 4, 241033, 0, '2',15);

insert into T_SIMINFO (SIM_ID, ORG_CODE, DEPTCODE, STATE,PAY_MODLE, SIM_NUM) values(25034, 'B0000803', '中国移动', 1, '预付费', 13100005033);
insert into T_TERMINALINFO (TERMINAL_ID,TTYPE_ID,SIM_ID,TERMINAL_CODE,ORG_CODE,IS_VIDEO_TERMINAL,SP_SERVER_NAME,PROTOCOL_TYPE,CHANNELS,YT_PROTOCOL_TYPE) values(241034, 4, 25034, '1005033', 'B0000803',1,'1076测试服务器','4',8,'0');
insert into V_VEHICLEINFO (ORG_CODE,VEHICLE_ID,ID_NUMBER,TYPE_ID,TERMINAL_ID,DELETE_FLAG,COLOR_ID_NUMBER_ID,AUTHORIZED_PAY_MASS) values ('B0000803','2401034', '测B05033', 4, 241034, 0, '2',15);

insert into T_SIMINFO (SIM_ID, ORG_CODE, DEPTCODE, STATE,PAY_MODLE, SIM_NUM) values(25035, 'B0000803', '中国移动', 1, '预付费', 13100005034);
insert into T_TERMINALINFO (TERMINAL_ID,TTYPE_ID,SIM_ID,TERMINAL_CODE,ORG_CODE,IS_VIDEO_TERMINAL,SP_SERVER_NAME,PROTOCOL_TYPE,CHANNELS,YT_PROTOCOL_TYPE) values(241035, 4, 25035, '1005034', 'B0000803',1,'1076测试服务器','4',8,'0');
insert into V_VEHICLEINFO (ORG_CODE,VEHICLE_ID,ID_NUMBER,TYPE_ID,TERMINAL_ID,DELETE_FLAG,COLOR_ID_NUMBER_ID,AUTHORIZED_PAY_MASS) values ('B0000803','2401035', '测B05034', 4, 241035, 0, '2',15);

insert into T_SIMINFO (SIM_ID, ORG_CODE, DEPTCODE, STATE,PAY_MODLE, SIM_NUM) values(25036, 'B0000803', '中国移动', 1, '预付费', 13100005035);
insert into T_TERMINALINFO (TERMINAL_ID,TTYPE_ID,SIM_ID,TERMINAL_CODE,ORG_CODE,IS_VIDEO_TERMINAL,SP_SERVER_NAME,PROTOCOL_TYPE,CHANNELS,YT_PROTOCOL_TYPE) values(241036, 4, 25036, '1005035', 'B0000803',1,'1076测试服务器','4',8,'0');
insert into V_VEHICLEINFO (ORG_CODE,VEHICLE_ID,ID_NUMBER,TYPE_ID,TERMINAL_ID,DELETE_FLAG,COLOR_ID_NUMBER_ID,AUTHORIZED_PAY_MASS) values ('B0000803','2401036', '测B05035', 4, 241036, 0, '2',15);

insert into T_SIMINFO (SIM_ID, ORG_CODE, DEPTCODE, STATE,PAY_MODLE, SIM_NUM) values(25037, 'B0000803', '中国移动', 1, '预付费', 13100005036);
insert into T_TERMINALINFO (TERMINAL_ID,TTYPE_ID,SIM_ID,TERMINAL_CODE,ORG_CODE,IS_VIDEO_TERMINAL,SP_SERVER_NAME,PROTOCOL_TYPE,CHANNELS,YT_PROTOCOL_TYPE) values(241037, 4, 25037, '1005036', 'B0000803',1,'1076测试服务器','4',8,'0');
insert into V_VEHICLEINFO (ORG_CODE,VEHICLE_ID,ID_NUMBER,TYPE_ID,TERMINAL_ID,DELETE_FLAG,COLOR_ID_NUMBER_ID,AUTHORIZED_PAY_MASS) values ('B0000803','2401037', '测B05036', 4, 241037, 0, '2',15);

insert into T_SIMINFO (SIM_ID, ORG_CODE, DEPTCODE, STATE,PAY_MODLE, SIM_NUM) values(25038, 'B0000803', '中国移动', 1, '预付费', 13100005037);
insert into T_TERMINALINFO (TERMINAL_ID,TTYPE_ID,SIM_ID,TERMINAL_CODE,ORG_CODE,IS_VIDEO_TERMINAL,SP_SERVER_NAME,PROTOCOL_TYPE,CHANNELS,YT_PROTOCOL_TYPE) values(241038, 4, 25038, '1005037', 'B0000803',1,'1076测试服务器','4',8,'0');
insert into V_VEHICLEINFO (ORG_CODE,VEHICLE_ID,ID_NUMBER,TYPE_ID,TERMINAL_ID,DELETE_FLAG,COLOR_ID_NUMBER_ID,AUTHORIZED_PAY_MASS) values ('B0000803','2401038', '测B05037', 4, 241038, 0, '2',15);

insert into T_SIMINFO (SIM_ID, ORG_CODE, DEPTCODE, STATE,PAY_MODLE, SIM_NUM) values(25039, 'B0000803', '中国移动', 1, '预付费', 13100005038);
insert into T_TERMINALINFO (TERMINAL_ID,TTYPE_ID,SIM_ID,TERMINAL_CODE,ORG_CODE,IS_VIDEO_TERMINAL,SP_SERVER_NAME,PROTOCOL_TYPE,CHANNELS,YT_PROTOCOL_TYPE) values(241039, 4, 25039, '1005038', 'B0000803',1,'1076测试服务器','4',8,'0');
insert into V_VEHICLEINFO (ORG_CODE,VEHICLE_ID,ID_NUMBER,TYPE_ID,TERMINAL_ID,DELETE_FLAG,COLOR_ID_NUMBER_ID,AUTHORIZED_PAY_MASS) values ('B0000803','2401039', '测B05038', 4, 241039, 0, '2',15);

insert into T_SIMINFO (SIM_ID, ORG_CODE, DEPTCODE, STATE,PAY_MODLE, SIM_NUM) values(25040, 'B0000803', '中国移动', 1, '预付费', 13100005039);
insert into T_TERMINALINFO (TERMINAL_ID,TTYPE_ID,SIM_ID,TERMINAL_CODE,ORG_CODE,IS_VIDEO_TERMINAL,SP_SERVER_NAME,PROTOCOL_TYPE,CHANNELS,YT_PROTOCOL_TYPE) values(241040, 4, 25040, '1005039', 'B0000803',1,'1076测试服务器','4',8,'0');
insert into V_VEHICLEINFO (ORG_CODE,VEHICLE_ID,ID_NUMBER,TYPE_ID,TERMINAL_ID,DELETE_FLAG,COLOR_ID_NUMBER_ID,AUTHORIZED_PAY_MASS) values ('B0000803','2401040', '测B05039', 4, 241040, 0, '2',15);

insert into T_SIMINFO (SIM_ID, ORG_CODE, DEPTCODE, STATE,PAY_MODLE, SIM_NUM) values(25041, 'B0000803', '中国移动', 1, '预付费', 13100005040);
insert into T_TERMINALINFO (TERMINAL_ID,TTYPE_ID,SIM_ID,TERMINAL_CODE,ORG_CODE,IS_VIDEO_TERMINAL,SP_SERVER_NAME,PROTOCOL_TYPE,CHANNELS,YT_PROTOCOL_TYPE) values(241041, 4, 25041, '1005040', 'B0000803',1,'1076测试服务器','4',8,'0');
insert into V_VEHICLEINFO (ORG_CODE,VEHICLE_ID,ID_NUMBER,TYPE_ID,TERMINAL_ID,DELETE_FLAG,COLOR_ID_NUMBER_ID,AUTHORIZED_PAY_MASS) values ('B0000803','2401041', '测B05040', 4, 241041, 0, '2',15);

insert into T_SIMINFO (SIM_ID, ORG_CODE, DEPTCODE, STATE,PAY_MODLE, SIM_NUM) values(25042, 'B0000803', '中国移动', 1, '预付费', 13100005041);
insert into T_TERMINALINFO (TERMINAL_ID,TTYPE_ID,SIM_ID,TERMINAL_CODE,ORG_CODE,IS_VIDEO_TERMINAL,SP_SERVER_NAME,PROTOCOL_TYPE,CHANNELS,YT_PROTOCOL_TYPE) values(241042, 4, 25042, '1005041', 'B0000803',1,'1076测试服务器','4',8,'0');
insert into V_VEHICLEINFO (ORG_CODE,VEHICLE_ID,ID_NUMBER,TYPE_ID,TERMINAL_ID,DELETE_FLAG,COLOR_ID_NUMBER_ID,AUTHORIZED_PAY_MASS) values ('B0000803','2401042', '测B05041', 4, 241042, 0, '2',15);

insert into T_SIMINFO (SIM_ID, ORG_CODE, DEPTCODE, STATE,PAY_MODLE, SIM_NUM) values(25043, 'B0000803', '中国移动', 1, '预付费', 13100005042);
insert into T_TERMINALINFO (TERMINAL_ID,TTYPE_ID,SIM_ID,TERMINAL_CODE,ORG_CODE,IS_VIDEO_TERMINAL,SP_SERVER_NAME,PROTOCOL_TYPE,CHANNELS,YT_PROTOCOL_TYPE) values(241043, 4, 25043, '1005042', 'B0000803',1,'1076测试服务器','4',8,'0');
insert into V_VEHICLEINFO (ORG_CODE,VEHICLE_ID,ID_NUMBER,TYPE_ID,TERMINAL_ID,DELETE_FLAG,COLOR_ID_NUMBER_ID,AUTHORIZED_PAY_MASS) values ('B0000803','2401043', '测B05042', 4, 241043, 0, '2',15);

insert into T_SIMINFO (SIM_ID, ORG_CODE, DEPTCODE, STATE,PAY_MODLE, SIM_NUM) values(25044, 'B0000803', '中国移动', 1, '预付费', 13100005043);
insert into T_TERMINALINFO (TERMINAL_ID,TTYPE_ID,SIM_ID,TERMINAL_CODE,ORG_CODE,IS_VIDEO_TERMINAL,SP_SERVER_NAME,PROTOCOL_TYPE,CHANNELS,YT_PROTOCOL_TYPE) values(241044, 4, 25044, '1005043', 'B0000803',1,'1076测试服务器','4',8,'0');
insert into V_VEHICLEINFO (ORG_CODE,VEHICLE_ID,ID_NUMBER,TYPE_ID,TERMINAL_ID,DELETE_FLAG,COLOR_ID_NUMBER_ID,AUTHORIZED_PAY_MASS) values ('B0000803','2401044', '测B05043', 4, 241044, 0, '2',15);

insert into T_SIMINFO (SIM_ID, ORG_CODE, DEPTCODE, STATE,PAY_MODLE, SIM_NUM) values(25045, 'B0000803', '中国移动', 1, '预付费', 13100005044);
insert into T_TERMINALINFO (TERMINAL_ID,TTYPE_ID,SIM_ID,TERMINAL_CODE,ORG_CODE,IS_VIDEO_TERMINAL,SP_SERVER_NAME,PROTOCOL_TYPE,CHANNELS,YT_PROTOCOL_TYPE) values(241045, 4, 25045, '1005044', 'B0000803',1,'1076测试服务器','4',8,'0');
insert into V_VEHICLEINFO (ORG_CODE,VEHICLE_ID,ID_NUMBER,TYPE_ID,TERMINAL_ID,DELETE_FLAG,COLOR_ID_NUMBER_ID,AUTHORIZED_PAY_MASS) values ('B0000803','2401045', '测B05044', 4, 241045, 0, '2',15);

insert into T_SIMINFO (SIM_ID, ORG_CODE, DEPTCODE, STATE,PAY_MODLE, SIM_NUM) values(25046, 'B0000803', '中国移动', 1, '预付费', 13100005045);
insert into T_TERMINALINFO (TERMINAL_ID,TTYPE_ID,SIM_ID,TERMINAL_CODE,ORG_CODE,IS_VIDEO_TERMINAL,SP_SERVER_NAME,PROTOCOL_TYPE,CHANNELS,YT_PROTOCOL_TYPE) values(241046, 4, 25046, '1005045', 'B0000803',1,'1076测试服务器','4',8,'0');
insert into V_VEHICLEINFO (ORG_CODE,VEHICLE_ID,ID_NUMBER,TYPE_ID,TERMINAL_ID,DELETE_FLAG,COLOR_ID_NUMBER_ID,AUTHORIZED_PAY_MASS) values ('B0000803','2401046', '测B05045', 4, 241046, 0, '2',15);

insert into T_SIMINFO (SIM_ID, ORG_CODE, DEPTCODE, STATE,PAY_MODLE, SIM_NUM) values(25047, 'B0000803', '中国移动', 1, '预付费', 13100005046);
insert into T_TERMINALINFO (TERMINAL_ID,TTYPE_ID,SIM_ID,TERMINAL_CODE,ORG_CODE,IS_VIDEO_TERMINAL,SP_SERVER_NAME,PROTOCOL_TYPE,CHANNELS,YT_PROTOCOL_TYPE) values(241047, 4, 25047, '1005046', 'B0000803',1,'1076测试服务器','4',8,'0');
insert into V_VEHICLEINFO (ORG_CODE,VEHICLE_ID,ID_NUMBER,TYPE_ID,TERMINAL_ID,DELETE_FLAG,COLOR_ID_NUMBER_ID,AUTHORIZED_PAY_MASS) values ('B0000803','2401047', '测B05046', 4, 241047, 0, '2',15);

insert into T_SIMINFO (SIM_ID, ORG_CODE, DEPTCODE, STATE,PAY_MODLE, SIM_NUM) values(25048, 'B0000803', '中国移动', 1, '预付费', 13100005047);
insert into T_TERMINALINFO (TERMINAL_ID,TTYPE_ID,SIM_ID,TERMINAL_CODE,ORG_CODE,IS_VIDEO_TERMINAL,SP_SERVER_NAME,PROTOCOL_TYPE,CHANNELS,YT_PROTOCOL_TYPE) values(241048, 4, 25048, '1005047', 'B0000803',1,'1076测试服务器','4',8,'0');
insert into V_VEHICLEINFO (ORG_CODE,VEHICLE_ID,ID_NUMBER,TYPE_ID,TERMINAL_ID,DELETE_FLAG,COLOR_ID_NUMBER_ID,AUTHORIZED_PAY_MASS) values ('B0000803','2401048', '测B05047', 4, 241048, 0, '2',15);

insert into T_SIMINFO (SIM_ID, ORG_CODE, DEPTCODE, STATE,PAY_MODLE, SIM_NUM) values(25049, 'B0000803', '中国移动', 1, '预付费', 13100005048);
insert into T_TERMINALINFO (TERMINAL_ID,TTYPE_ID,SIM_ID,TERMINAL_CODE,ORG_CODE,IS_VIDEO_TERMINAL,SP_SERVER_NAME,PROTOCOL_TYPE,CHANNELS,YT_PROTOCOL_TYPE) values(241049, 4, 25049, '1005048', 'B0000803',1,'1076测试服务器','4',8,'0');
insert into V_VEHICLEINFO (ORG_CODE,VEHICLE_ID,ID_NUMBER,TYPE_ID,TERMINAL_ID,DELETE_FLAG,COLOR_ID_NUMBER_ID,AUTHORIZED_PAY_MASS) values ('B0000803','2401049', '测B05048', 4, 241049, 0, '2',15);

insert into T_SIMINFO (SIM_ID, ORG_CODE, DEPTCODE, STATE,PAY_MODLE, SIM_NUM) values(25050, 'B0000803', '中国移动', 1, '预付费', 13100005049);
insert into T_TERMINALINFO (TERMINAL_ID,TTYPE_ID,SIM_ID,TERMINAL_CODE,ORG_CODE,IS_VIDEO_TERMINAL,SP_SERVER_NAME,PROTOCOL_TYPE,CHANNELS,YT_PROTOCOL_TYPE) values(241050, 4, 25050, '1005049', 'B0000803',1,'1076测试服务器','4',8,'0');
insert into V_VEHICLEINFO (ORG_CODE,VEHICLE_ID,ID_NUMBER,TYPE_ID,TERMINAL_ID,DELETE_FLAG,COLOR_ID_NUMBER_ID,AUTHORIZED_PAY_MASS) values ('B0000803','2401050', '测B05049', 4, 241050, 0, '2',15);

insert into T_SIMINFO (SIM_ID, ORG_CODE, DEPTCODE, STATE,PAY_MODLE, SIM_NUM) values(25051, 'B0000803', '中国移动', 1, '预付费', 13100005050);
insert into T_TERMINALINFO (TERMINAL_ID,TTYPE_ID,SIM_ID,TERMINAL_CODE,ORG_CODE,IS_VIDEO_TERMINAL,SP_SERVER_NAME,PROTOCOL_TYPE,CHANNELS,YT_PROTOCOL_TYPE) values(241051, 4, 25051, '1005050', 'B0000803',1,'1076测试服务器','4',8,'0');
insert into V_VEHICLEINFO (ORG_CODE,VEHICLE_ID,ID_NUMBER,TYPE_ID,TERMINAL_ID,DELETE_FLAG,COLOR_ID_NUMBER_ID,AUTHORIZED_PAY_MASS) values ('B0000803','2401051', '测B05050', 4, 241051, 0, '2',15);

insert into T_SIMINFO (SIM_ID, ORG_CODE, DEPTCODE, STATE,PAY_MODLE, SIM_NUM) values(25052, 'B0000803', '中国移动', 1, '预付费', 13100005051);
insert into T_TERMINALINFO (TERMINAL_ID,TTYPE_ID,SIM_ID,TERMINAL_CODE,ORG_CODE,IS_VIDEO_TERMINAL,SP_SERVER_NAME,PROTOCOL_TYPE,CHANNELS,YT_PROTOCOL_TYPE) values(241052, 4, 25052, '1005051', 'B0000803',1,'1076测试服务器','4',8,'0');
insert into V_VEHICLEINFO (ORG_CODE,VEHICLE_ID,ID_NUMBER,TYPE_ID,TERMINAL_ID,DELETE_FLAG,COLOR_ID_NUMBER_ID,AUTHORIZED_PAY_MASS) values ('B0000803','2401052', '测B05051', 4, 241052, 0, '2',15);

insert into T_SIMINFO (SIM_ID, ORG_CODE, DEPTCODE, STATE,PAY_MODLE, SIM_NUM) values(25053, 'B0000803', '中国移动', 1, '预付费', 13100005052);
insert into T_TERMINALINFO (TERMINAL_ID,TTYPE_ID,SIM_ID,TERMINAL_CODE,ORG_CODE,IS_VIDEO_TERMINAL,SP_SERVER_NAME,PROTOCOL_TYPE,CHANNELS,YT_PROTOCOL_TYPE) values(241053, 4, 25053, '1005052', 'B0000803',1,'1076测试服务器','4',8,'0');
insert into V_VEHICLEINFO (ORG_CODE,VEHICLE_ID,ID_NUMBER,TYPE_ID,TERMINAL_ID,DELETE_FLAG,COLOR_ID_NUMBER_ID,AUTHORIZED_PAY_MASS) values ('B0000803','2401053', '测B05052', 4, 241053, 0, '2',15);

insert into T_SIMINFO (SIM_ID, ORG_CODE, DEPTCODE, STATE,PAY_MODLE, SIM_NUM) values(25054, 'B0000803', '中国移动', 1, '预付费', 13100005053);
insert into T_TERMINALINFO (TERMINAL_ID,TTYPE_ID,SIM_ID,TERMINAL_CODE,ORG_CODE,IS_VIDEO_TERMINAL,SP_SERVER_NAME,PROTOCOL_TYPE,CHANNELS,YT_PROTOCOL_TYPE) values(241054, 4, 25054, '1005053', 'B0000803',1,'1076测试服务器','4',8,'0');
insert into V_VEHICLEINFO (ORG_CODE,VEHICLE_ID,ID_NUMBER,TYPE_ID,TERMINAL_ID,DELETE_FLAG,COLOR_ID_NUMBER_ID,AUTHORIZED_PAY_MASS) values ('B0000803','2401054', '测B05053', 4, 241054, 0, '2',15);

insert into T_SIMINFO (SIM_ID, ORG_CODE, DEPTCODE, STATE,PAY_MODLE, SIM_NUM) values(25055, 'B0000803', '中国移动', 1, '预付费', 13100005054);
insert into T_TERMINALINFO (TERMINAL_ID,TTYPE_ID,SIM_ID,TERMINAL_CODE,ORG_CODE,IS_VIDEO_TERMINAL,SP_SERVER_NAME,PROTOCOL_TYPE,CHANNELS,YT_PROTOCOL_TYPE) values(241055, 4, 25055, '1005054', 'B0000803',1,'1076测试服务器','4',8,'0');
insert into V_VEHICLEINFO (ORG_CODE,VEHICLE_ID,ID_NUMBER,TYPE_ID,TERMINAL_ID,DELETE_FLAG,COLOR_ID_NUMBER_ID,AUTHORIZED_PAY_MASS) values ('B0000803','2401055', '测B05054', 4, 241055, 0, '2',15);

insert into T_SIMINFO (SIM_ID, ORG_CODE, DEPTCODE, STATE,PAY_MODLE, SIM_NUM) values(25056, 'B0000803', '中国移动', 1, '预付费', 13100005055);
insert into T_TERMINALINFO (TERMINAL_ID,TTYPE_ID,SIM_ID,TERMINAL_CODE,ORG_CODE,IS_VIDEO_TERMINAL,SP_SERVER_NAME,PROTOCOL_TYPE,CHANNELS,YT_PROTOCOL_TYPE) values(241056, 4, 25056, '1005055', 'B0000803',1,'1076测试服务器','4',8,'0');
insert into V_VEHICLEINFO (ORG_CODE,VEHICLE_ID,ID_NUMBER,TYPE_ID,TERMINAL_ID,DELETE_FLAG,COLOR_ID_NUMBER_ID,AUTHORIZED_PAY_MASS) values ('B0000803','2401056', '测B05055', 4, 241056, 0, '2',15);

insert into T_SIMINFO (SIM_ID, ORG_CODE, DEPTCODE, STATE,PAY_MODLE, SIM_NUM) values(25057, 'B0000803', '中国移动', 1, '预付费', 13100005056);
insert into T_TERMINALINFO (TERMINAL_ID,TTYPE_ID,SIM_ID,TERMINAL_CODE,ORG_CODE,IS_VIDEO_TERMINAL,SP_SERVER_NAME,PROTOCOL_TYPE,CHANNELS,YT_PROTOCOL_TYPE) values(241057, 4, 25057, '1005056', 'B0000803',1,'1076测试服务器','4',8,'0');
insert into V_VEHICLEINFO (ORG_CODE,VEHICLE_ID,ID_NUMBER,TYPE_ID,TERMINAL_ID,DELETE_FLAG,COLOR_ID_NUMBER_ID,AUTHORIZED_PAY_MASS) values ('B0000803','2401057', '测B05056', 4, 241057, 0, '2',15);

insert into T_SIMINFO (SIM_ID, ORG_CODE, DEPTCODE, STATE,PAY_MODLE, SIM_NUM) values(25058, 'B0000803', '中国移动', 1, '预付费', 13100005057);
insert into T_TERMINALINFO (TERMINAL_ID,TTYPE_ID,SIM_ID,TERMINAL_CODE,ORG_CODE,IS_VIDEO_TERMINAL,SP_SERVER_NAME,PROTOCOL_TYPE,CHANNELS,YT_PROTOCOL_TYPE) values(241058, 4, 25058, '1005057', 'B0000803',1,'1076测试服务器','4',8,'0');
insert into V_VEHICLEINFO (ORG_CODE,VEHICLE_ID,ID_NUMBER,TYPE_ID,TERMINAL_ID,DELETE_FLAG,COLOR_ID_NUMBER_ID,AUTHORIZED_PAY_MASS) values ('B0000803','2401058', '测B05057', 4, 241058, 0, '2',15);

insert into T_SIMINFO (SIM_ID, ORG_CODE, DEPTCODE, STATE,PAY_MODLE, SIM_NUM) values(25059, 'B0000803', '中国移动', 1, '预付费', 13100005058);
insert into T_TERMINALINFO (TERMINAL_ID,TTYPE_ID,SIM_ID,TERMINAL_CODE,ORG_CODE,IS_VIDEO_TERMINAL,SP_SERVER_NAME,PROTOCOL_TYPE,CHANNELS,YT_PROTOCOL_TYPE) values(241059, 4, 25059, '1005058', 'B0000803',1,'1076测试服务器','4',8,'0');
insert into V_VEHICLEINFO (ORG_CODE,VEHICLE_ID,ID_NUMBER,TYPE_ID,TERMINAL_ID,DELETE_FLAG,COLOR_ID_NUMBER_ID,AUTHORIZED_PAY_MASS) values ('B0000803','2401059', '测B05058', 4, 241059, 0, '2',15);

insert into T_SIMINFO (SIM_ID, ORG_CODE, DEPTCODE, STATE,PAY_MODLE, SIM_NUM) values(25060, 'B0000803', '中国移动', 1, '预付费', 13100005059);
insert into T_TERMINALINFO (TERMINAL_ID,TTYPE_ID,SIM_ID,TERMINAL_CODE,ORG_CODE,IS_VIDEO_TERMINAL,SP_SERVER_NAME,PROTOCOL_TYPE,CHANNELS,YT_PROTOCOL_TYPE) values(241060, 4, 25060, '1005059', 'B0000803',1,'1076测试服务器','4',8,'0');
insert into V_VEHICLEINFO (ORG_CODE,VEHICLE_ID,ID_NUMBER,TYPE_ID,TERMINAL_ID,DELETE_FLAG,COLOR_ID_NUMBER_ID,AUTHORIZED_PAY_MASS) values ('B0000803','2401060', '测B05059', 4, 241060, 0, '2',15);

insert into T_SIMINFO (SIM_ID, ORG_CODE, DEPTCODE, STATE,PAY_MODLE, SIM_NUM) values(25061, 'B0000803', '中国移动', 1, '预付费', 13100005060);
insert into T_TERMINALINFO (TERMINAL_ID,TTYPE_ID,SIM_ID,TERMINAL_CODE,ORG_CODE,IS_VIDEO_TERMINAL,SP_SERVER_NAME,PROTOCOL_TYPE,CHANNELS,YT_PROTOCOL_TYPE) values(241061, 4, 25061, '1005060', 'B0000803',1,'1076测试服务器','4',8,'0');
insert into V_VEHICLEINFO (ORG_CODE,VEHICLE_ID,ID_NUMBER,TYPE_ID,TERMINAL_ID,DELETE_FLAG,COLOR_ID_NUMBER_ID,AUTHORIZED_PAY_MASS) values ('B0000803','2401061', '测B05060', 4, 241061, 0, '2',15);

insert into T_SIMINFO (SIM_ID, ORG_CODE, DEPTCODE, STATE,PAY_MODLE, SIM_NUM) values(25062, 'B0000803', '中国移动', 1, '预付费', 13100005061);
insert into T_TERMINALINFO (TERMINAL_ID,TTYPE_ID,SIM_ID,TERMINAL_CODE,ORG_CODE,IS_VIDEO_TERMINAL,SP_SERVER_NAME,PROTOCOL_TYPE,CHANNELS,YT_PROTOCOL_TYPE) values(241062, 4, 25062, '1005061', 'B0000803',1,'1076测试服务器','4',8,'0');
insert into V_VEHICLEINFO (ORG_CODE,VEHICLE_ID,ID_NUMBER,TYPE_ID,TERMINAL_ID,DELETE_FLAG,COLOR_ID_NUMBER_ID,AUTHORIZED_PAY_MASS) values ('B0000803','2401062', '测B05061', 4, 241062, 0, '2',15);

insert into T_SIMINFO (SIM_ID, ORG_CODE, DEPTCODE, STATE,PAY_MODLE, SIM_NUM) values(25063, 'B0000803', '中国移动', 1, '预付费', 13100005062);
insert into T_TERMINALINFO (TERMINAL_ID,TTYPE_ID,SIM_ID,TERMINAL_CODE,ORG_CODE,IS_VIDEO_TERMINAL,SP_SERVER_NAME,PROTOCOL_TYPE,CHANNELS,YT_PROTOCOL_TYPE) values(241063, 4, 25063, '1005062', 'B0000803',1,'1076测试服务器','4',8,'0');
insert into V_VEHICLEINFO (ORG_CODE,VEHICLE_ID,ID_NUMBER,TYPE_ID,TERMINAL_ID,DELETE_FLAG,COLOR_ID_NUMBER_ID,AUTHORIZED_PAY_MASS) values ('B0000803','2401063', '测B05062', 4, 241063, 0, '2',15);

insert into T_SIMINFO (SIM_ID, ORG_CODE, DEPTCODE, STATE,PAY_MODLE, SIM_NUM) values(25064, 'B0000803', '中国移动', 1, '预付费', 13100005063);
insert into T_TERMINALINFO (TERMINAL_ID,TTYPE_ID,SIM_ID,TERMINAL_CODE,ORG_CODE,IS_VIDEO_TERMINAL,SP_SERVER_NAME,PROTOCOL_TYPE,CHANNELS,YT_PROTOCOL_TYPE) values(241064, 4, 25064, '1005063', 'B0000803',1,'1076测试服务器','4',8,'0');
insert into V_VEHICLEINFO (ORG_CODE,VEHICLE_ID,ID_NUMBER,TYPE_ID,TERMINAL_ID,DELETE_FLAG,COLOR_ID_NUMBER_ID,AUTHORIZED_PAY_MASS) values ('B0000803','2401064', '测B05063', 4, 241064, 0, '2',15);

insert into T_SIMINFO (SIM_ID, ORG_CODE, DEPTCODE, STATE,PAY_MODLE, SIM_NUM) values(25065, 'B0000803', '中国移动', 1, '预付费', 13100005064);
insert into T_TERMINALINFO (TERMINAL_ID,TTYPE_ID,SIM_ID,TERMINAL_CODE,ORG_CODE,IS_VIDEO_TERMINAL,SP_SERVER_NAME,PROTOCOL_TYPE,CHANNELS,YT_PROTOCOL_TYPE) values(241065, 4, 25065, '1005064', 'B0000803',1,'1076测试服务器','4',8,'0');
insert into V_VEHICLEINFO (ORG_CODE,VEHICLE_ID,ID_NUMBER,TYPE_ID,TERMINAL_ID,DELETE_FLAG,COLOR_ID_NUMBER_ID,AUTHORIZED_PAY_MASS) values ('B0000803','2401065', '测B05064', 4, 241065, 0, '2',15);

insert into T_SIMINFO (SIM_ID, ORG_CODE, DEPTCODE, STATE,PAY_MODLE, SIM_NUM) values(25066, 'B0000803', '中国移动', 1, '预付费', 13100005065);
insert into T_TERMINALINFO (TERMINAL_ID,TTYPE_ID,SIM_ID,TERMINAL_CODE,ORG_CODE,IS_VIDEO_TERMINAL,SP_SERVER_NAME,PROTOCOL_TYPE,CHANNELS,YT_PROTOCOL_TYPE) values(241066, 4, 25066, '1005065', 'B0000803',1,'1076测试服务器','4',8,'0');
insert into V_VEHICLEINFO (ORG_CODE,VEHICLE_ID,ID_NUMBER,TYPE_ID,TERMINAL_ID,DELETE_FLAG,COLOR_ID_NUMBER_ID,AUTHORIZED_PAY_MASS) values ('B0000803','2401066', '测B05065', 4, 241066, 0, '2',15);

insert into T_SIMINFO (SIM_ID, ORG_CODE, DEPTCODE, STATE,PAY_MODLE, SIM_NUM) values(25067, 'B0000803', '中国移动', 1, '预付费', 13100005066);
insert into T_TERMINALINFO (TERMINAL_ID,TTYPE_ID,SIM_ID,TERMINAL_CODE,ORG_CODE,IS_VIDEO_TERMINAL,SP_SERVER_NAME,PROTOCOL_TYPE,CHANNELS,YT_PROTOCOL_TYPE) values(241067, 4, 25067, '1005066', 'B0000803',1,'1076测试服务器','4',8,'0');
insert into V_VEHICLEINFO (ORG_CODE,VEHICLE_ID,ID_NUMBER,TYPE_ID,TERMINAL_ID,DELETE_FLAG,COLOR_ID_NUMBER_ID,AUTHORIZED_PAY_MASS) values ('B0000803','2401067', '测B05066', 4, 241067, 0, '2',15);

insert into T_SIMINFO (SIM_ID, ORG_CODE, DEPTCODE, STATE,PAY_MODLE, SIM_NUM) values(25068, 'B0000803', '中国移动', 1, '预付费', 13100005067);
insert into T_TERMINALINFO (TERMINAL_ID,TTYPE_ID,SIM_ID,TERMINAL_CODE,ORG_CODE,IS_VIDEO_TERMINAL,SP_SERVER_NAME,PROTOCOL_TYPE,CHANNELS,YT_PROTOCOL_TYPE) values(241068, 4, 25068, '1005067', 'B0000803',1,'1076测试服务器','4',8,'0');
insert into V_VEHICLEINFO (ORG_CODE,VEHICLE_ID,ID_NUMBER,TYPE_ID,TERMINAL_ID,DELETE_FLAG,COLOR_ID_NUMBER_ID,AUTHORIZED_PAY_MASS) values ('B0000803','2401068', '测B05067', 4, 241068, 0, '2',15);

insert into T_SIMINFO (SIM_ID, ORG_CODE, DEPTCODE, STATE,PAY_MODLE, SIM_NUM) values(25069, 'B0000803', '中国移动', 1, '预付费', 13100005068);
insert into T_TERMINALINFO (TERMINAL_ID,TTYPE_ID,SIM_ID,TERMINAL_CODE,ORG_CODE,IS_VIDEO_TERMINAL,SP_SERVER_NAME,PROTOCOL_TYPE,CHANNELS,YT_PROTOCOL_TYPE) values(241069, 4, 25069, '1005068', 'B0000803',1,'1076测试服务器','4',8,'0');
insert into V_VEHICLEINFO (ORG_CODE,VEHICLE_ID,ID_NUMBER,TYPE_ID,TERMINAL_ID,DELETE_FLAG,COLOR_ID_NUMBER_ID,AUTHORIZED_PAY_MASS) values ('B0000803','2401069', '测B05068', 4, 241069, 0, '2',15);

insert into T_SIMINFO (SIM_ID, ORG_CODE, DEPTCODE, STATE,PAY_MODLE, SIM_NUM) values(25070, 'B0000803', '中国移动', 1, '预付费', 13100005069);
insert into T_TERMINALINFO (TERMINAL_ID,TTYPE_ID,SIM_ID,TERMINAL_CODE,ORG_CODE,IS_VIDEO_TERMINAL,SP_SERVER_NAME,PROTOCOL_TYPE,CHANNELS,YT_PROTOCOL_TYPE) values(241070, 4, 25070, '1005069', 'B0000803',1,'1076测试服务器','4',8,'0');
insert into V_VEHICLEINFO (ORG_CODE,VEHICLE_ID,ID_NUMBER,TYPE_ID,TERMINAL_ID,DELETE_FLAG,COLOR_ID_NUMBER_ID,AUTHORIZED_PAY_MASS) values ('B0000803','2401070', '测B05069', 4, 241070, 0, '2',15);

insert into T_SIMINFO (SIM_ID, ORG_CODE, DEPTCODE, STATE,PAY_MODLE, SIM_NUM) values(25071, 'B0000803', '中国移动', 1, '预付费', 13100005070);
insert into T_TERMINALINFO (TERMINAL_ID,TTYPE_ID,SIM_ID,TERMINAL_CODE,ORG_CODE,IS_VIDEO_TERMINAL,SP_SERVER_NAME,PROTOCOL_TYPE,CHANNELS,YT_PROTOCOL_TYPE) values(241071, 4, 25071, '1005070', 'B0000803',1,'1076测试服务器','4',8,'0');
insert into V_VEHICLEINFO (ORG_CODE,VEHICLE_ID,ID_NUMBER,TYPE_ID,TERMINAL_ID,DELETE_FLAG,COLOR_ID_NUMBER_ID,AUTHORIZED_PAY_MASS) values ('B0000803','2401071', '测B05070', 4, 241071, 0, '2',15);

insert into T_SIMINFO (SIM_ID, ORG_CODE, DEPTCODE, STATE,PAY_MODLE, SIM_NUM) values(25072, 'B0000803', '中国移动', 1, '预付费', 13100005071);
insert into T_TERMINALINFO (TERMINAL_ID,TTYPE_ID,SIM_ID,TERMINAL_CODE,ORG_CODE,IS_VIDEO_TERMINAL,SP_SERVER_NAME,PROTOCOL_TYPE,CHANNELS,YT_PROTOCOL_TYPE) values(241072, 4, 25072, '1005071', 'B0000803',1,'1076测试服务器','4',8,'0');
insert into V_VEHICLEINFO (ORG_CODE,VEHICLE_ID,ID_NUMBER,TYPE_ID,TERMINAL_ID,DELETE_FLAG,COLOR_ID_NUMBER_ID,AUTHORIZED_PAY_MASS) values ('B0000803','2401072', '测B05071', 4, 241072, 0, '2',15);

insert into T_SIMINFO (SIM_ID, ORG_CODE, DEPTCODE, STATE,PAY_MODLE, SIM_NUM) values(25073, 'B0000803', '中国移动', 1, '预付费', 13100005072);
insert into T_TERMINALINFO (TERMINAL_ID,TTYPE_ID,SIM_ID,TERMINAL_CODE,ORG_CODE,IS_VIDEO_TERMINAL,SP_SERVER_NAME,PROTOCOL_TYPE,CHANNELS,YT_PROTOCOL_TYPE) values(241073, 4, 25073, '1005072', 'B0000803',1,'1076测试服务器','4',8,'0');
insert into V_VEHICLEINFO (ORG_CODE,VEHICLE_ID,ID_NUMBER,TYPE_ID,TERMINAL_ID,DELETE_FLAG,COLOR_ID_NUMBER_ID,AUTHORIZED_PAY_MASS) values ('B0000803','2401073', '测B05072', 4, 241073, 0, '2',15);

insert into T_SIMINFO (SIM_ID, ORG_CODE, DEPTCODE, STATE,PAY_MODLE, SIM_NUM) values(25074, 'B0000803', '中国移动', 1, '预付费', 13100005073);
insert into T_TERMINALINFO (TERMINAL_ID,TTYPE_ID,SIM_ID,TERMINAL_CODE,ORG_CODE,IS_VIDEO_TERMINAL,SP_SERVER_NAME,PROTOCOL_TYPE,CHANNELS,YT_PROTOCOL_TYPE) values(241074, 4, 25074, '1005073', 'B0000803',1,'1076测试服务器','4',8,'0');
insert into V_VEHICLEINFO (ORG_CODE,VEHICLE_ID,ID_NUMBER,TYPE_ID,TERMINAL_ID,DELETE_FLAG,COLOR_ID_NUMBER_ID,AUTHORIZED_PAY_MASS) values ('B0000803','2401074', '测B05073', 4, 241074, 0, '2',15);

insert into T_SIMINFO (SIM_ID, ORG_CODE, DEPTCODE, STATE,PAY_MODLE, SIM_NUM) values(25075, 'B0000803', '中国移动', 1, '预付费', 13100005074);
insert into T_TERMINALINFO (TERMINAL_ID,TTYPE_ID,SIM_ID,TERMINAL_CODE,ORG_CODE,IS_VIDEO_TERMINAL,SP_SERVER_NAME,PROTOCOL_TYPE,CHANNELS,YT_PROTOCOL_TYPE) values(241075, 4, 25075, '1005074', 'B0000803',1,'1076测试服务器','4',8,'0');
insert into V_VEHICLEINFO (ORG_CODE,VEHICLE_ID,ID_NUMBER,TYPE_ID,TERMINAL_ID,DELETE_FLAG,COLOR_ID_NUMBER_ID,AUTHORIZED_PAY_MASS) values ('B0000803','2401075', '测B05074', 4, 241075, 0, '2',15);

insert into T_SIMINFO (SIM_ID, ORG_CODE, DEPTCODE, STATE,PAY_MODLE, SIM_NUM) values(25076, 'B0000803', '中国移动', 1, '预付费', 13100005075);
insert into T_TERMINALINFO (TERMINAL_ID,TTYPE_ID,SIM_ID,TERMINAL_CODE,ORG_CODE,IS_VIDEO_TERMINAL,SP_SERVER_NAME,PROTOCOL_TYPE,CHANNELS,YT_PROTOCOL_TYPE) values(241076, 4, 25076, '1005075', 'B0000803',1,'1076测试服务器','4',8,'0');
insert into V_VEHICLEINFO (ORG_CODE,VEHICLE_ID,ID_NUMBER,TYPE_ID,TERMINAL_ID,DELETE_FLAG,COLOR_ID_NUMBER_ID,AUTHORIZED_PAY_MASS) values ('B0000803','2401076', '测B05075', 4, 241076, 0, '2',15);

insert into T_SIMINFO (SIM_ID, ORG_CODE, DEPTCODE, STATE,PAY_MODLE, SIM_NUM) values(25077, 'B0000803', '中国移动', 1, '预付费', 13100005076);
insert into T_TERMINALINFO (TERMINAL_ID,TTYPE_ID,SIM_ID,TERMINAL_CODE,ORG_CODE,IS_VIDEO_TERMINAL,SP_SERVER_NAME,PROTOCOL_TYPE,CHANNELS,YT_PROTOCOL_TYPE) values(241077, 4, 25077, '1005076', 'B0000803',1,'1076测试服务器','4',8,'0');
insert into V_VEHICLEINFO (ORG_CODE,VEHICLE_ID,ID_NUMBER,TYPE_ID,TERMINAL_ID,DELETE_FLAG,COLOR_ID_NUMBER_ID,AUTHORIZED_PAY_MASS) values ('B0000803','2401077', '测B05076', 4, 241077, 0, '2',15);

insert into T_SIMINFO (SIM_ID, ORG_CODE, DEPTCODE, STATE,PAY_MODLE, SIM_NUM) values(25078, 'B0000803', '中国移动', 1, '预付费', 13100005077);
insert into T_TERMINALINFO (TERMINAL_ID,TTYPE_ID,SIM_ID,TERMINAL_CODE,ORG_CODE,IS_VIDEO_TERMINAL,SP_SERVER_NAME,PROTOCOL_TYPE,CHANNELS,YT_PROTOCOL_TYPE) values(241078, 4, 25078, '1005077', 'B0000803',1,'1076测试服务器','4',8,'0');
insert into V_VEHICLEINFO (ORG_CODE,VEHICLE_ID,ID_NUMBER,TYPE_ID,TERMINAL_ID,DELETE_FLAG,COLOR_ID_NUMBER_ID,AUTHORIZED_PAY_MASS) values ('B0000803','2401078', '测B05077', 4, 241078, 0, '2',15);

insert into T_SIMINFO (SIM_ID, ORG_CODE, DEPTCODE, STATE,PAY_MODLE, SIM_NUM) values(25079, 'B0000803', '中国移动', 1, '预付费', 13100005078);
insert into T_TERMINALINFO (TERMINAL_ID,TTYPE_ID,SIM_ID,TERMINAL_CODE,ORG_CODE,IS_VIDEO_TERMINAL,SP_SERVER_NAME,PROTOCOL_TYPE,CHANNELS,YT_PROTOCOL_TYPE) values(241079, 4, 25079, '1005078', 'B0000803',1,'1076测试服务器','4',8,'0');
insert into V_VEHICLEINFO (ORG_CODE,VEHICLE_ID,ID_NUMBER,TYPE_ID,TERMINAL_ID,DELETE_FLAG,COLOR_ID_NUMBER_ID,AUTHORIZED_PAY_MASS) values ('B0000803','2401079', '测B05078', 4, 241079, 0, '2',15);

insert into T_SIMINFO (SIM_ID, ORG_CODE, DEPTCODE, STATE,PAY_MODLE, SIM_NUM) values(25080, 'B0000803', '中国移动', 1, '预付费', 13100005079);
insert into T_TERMINALINFO (TERMINAL_ID,TTYPE_ID,SIM_ID,TERMINAL_CODE,ORG_CODE,IS_VIDEO_TERMINAL,SP_SERVER_NAME,PROTOCOL_TYPE,CHANNELS,YT_PROTOCOL_TYPE) values(241080, 4, 25080, '1005079', 'B0000803',1,'1076测试服务器','4',8,'0');
insert into V_VEHICLEINFO (ORG_CODE,VEHICLE_ID,ID_NUMBER,TYPE_ID,TERMINAL_ID,DELETE_FLAG,COLOR_ID_NUMBER_ID,AUTHORIZED_PAY_MASS) values ('B0000803','2401080', '测B05079', 4, 241080, 0, '2',15);

insert into T_SIMINFO (SIM_ID, ORG_CODE, DEPTCODE, STATE,PAY_MODLE, SIM_NUM) values(25081, 'B0000803', '中国移动', 1, '预付费', 13100005080);
insert into T_TERMINALINFO (TERMINAL_ID,TTYPE_ID,SIM_ID,TERMINAL_CODE,ORG_CODE,IS_VIDEO_TERMINAL,SP_SERVER_NAME,PROTOCOL_TYPE,CHANNELS,YT_PROTOCOL_TYPE) values(241081, 4, 25081, '1005080', 'B0000803',1,'1076测试服务器','4',8,'0');
insert into V_VEHICLEINFO (ORG_CODE,VEHICLE_ID,ID_NUMBER,TYPE_ID,TERMINAL_ID,DELETE_FLAG,COLOR_ID_NUMBER_ID,AUTHORIZED_PAY_MASS) values ('B0000803','2401081', '测B05080', 4, 241081, 0, '2',15);

insert into T_SIMINFO (SIM_ID, ORG_CODE, DEPTCODE, STATE,PAY_MODLE, SIM_NUM) values(25082, 'B0000803', '中国移动', 1, '预付费', 13100005081);
insert into T_TERMINALINFO (TERMINAL_ID,TTYPE_ID,SIM_ID,TERMINAL_CODE,ORG_CODE,IS_VIDEO_TERMINAL,SP_SERVER_NAME,PROTOCOL_TYPE,CHANNELS,YT_PROTOCOL_TYPE) values(241082, 4, 25082, '1005081', 'B0000803',1,'1076测试服务器','4',8,'0');
insert into V_VEHICLEINFO (ORG_CODE,VEHICLE_ID,ID_NUMBER,TYPE_ID,TERMINAL_ID,DELETE_FLAG,COLOR_ID_NUMBER_ID,AUTHORIZED_PAY_MASS) values ('B0000803','2401082', '测B05081', 4, 241082, 0, '2',15);

insert into T_SIMINFO (SIM_ID, ORG_CODE, DEPTCODE, STATE,PAY_MODLE, SIM_NUM) values(25083, 'B0000803', '中国移动', 1, '预付费', 13100005082);
insert into T_TERMINALINFO (TERMINAL_ID,TTYPE_ID,SIM_ID,TERMINAL_CODE,ORG_CODE,IS_VIDEO_TERMINAL,SP_SERVER_NAME,PROTOCOL_TYPE,CHANNELS,YT_PROTOCOL_TYPE) values(241083, 4, 25083, '1005082', 'B0000803',1,'1076测试服务器','4',8,'0');
insert into V_VEHICLEINFO (ORG_CODE,VEHICLE_ID,ID_NUMBER,TYPE_ID,TERMINAL_ID,DELETE_FLAG,COLOR_ID_NUMBER_ID,AUTHORIZED_PAY_MASS) values ('B0000803','2401083', '测B05082', 4, 241083, 0, '2',15);

insert into T_SIMINFO (SIM_ID, ORG_CODE, DEPTCODE, STATE,PAY_MODLE, SIM_NUM) values(25084, 'B0000803', '中国移动', 1, '预付费', 13100005083);
insert into T_TERMINALINFO (TERMINAL_ID,TTYPE_ID,SIM_ID,TERMINAL_CODE,ORG_CODE,IS_VIDEO_TERMINAL,SP_SERVER_NAME,PROTOCOL_TYPE,CHANNELS,YT_PROTOCOL_TYPE) values(241084, 4, 25084, '1005083', 'B0000803',1,'1076测试服务器','4',8,'0');
insert into V_VEHICLEINFO (ORG_CODE,VEHICLE_ID,ID_NUMBER,TYPE_ID,TERMINAL_ID,DELETE_FLAG,COLOR_ID_NUMBER_ID,AUTHORIZED_PAY_MASS) values ('B0000803','2401084', '测B05083', 4, 241084, 0, '2',15);

insert into T_SIMINFO (SIM_ID, ORG_CODE, DEPTCODE, STATE,PAY_MODLE, SIM_NUM) values(25085, 'B0000803', '中国移动', 1, '预付费', 13100005084);
insert into T_TERMINALINFO (TERMINAL_ID,TTYPE_ID,SIM_ID,TERMINAL_CODE,ORG_CODE,IS_VIDEO_TERMINAL,SP_SERVER_NAME,PROTOCOL_TYPE,CHANNELS,YT_PROTOCOL_TYPE) values(241085, 4, 25085, '1005084', 'B0000803',1,'1076测试服务器','4',8,'0');
insert into V_VEHICLEINFO (ORG_CODE,VEHICLE_ID,ID_NUMBER,TYPE_ID,TERMINAL_ID,DELETE_FLAG,COLOR_ID_NUMBER_ID,AUTHORIZED_PAY_MASS) values ('B0000803','2401085', '测B05084', 4, 241085, 0, '2',15);

insert into T_SIMINFO (SIM_ID, ORG_CODE, DEPTCODE, STATE,PAY_MODLE, SIM_NUM) values(25086, 'B0000803', '中国移动', 1, '预付费', 13100005085);
insert into T_TERMINALINFO (TERMINAL_ID,TTYPE_ID,SIM_ID,TERMINAL_CODE,ORG_CODE,IS_VIDEO_TERMINAL,SP_SERVER_NAME,PROTOCOL_TYPE,CHANNELS,YT_PROTOCOL_TYPE) values(241086, 4, 25086, '1005085', 'B0000803',1,'1076测试服务器','4',8,'0');
insert into V_VEHICLEINFO (ORG_CODE,VEHICLE_ID,ID_NUMBER,TYPE_ID,TERMINAL_ID,DELETE_FLAG,COLOR_ID_NUMBER_ID,AUTHORIZED_PAY_MASS) values ('B0000803','2401086', '测B05085', 4, 241086, 0, '2',15);

insert into T_SIMINFO (SIM_ID, ORG_CODE, DEPTCODE, STATE,PAY_MODLE, SIM_NUM) values(25087, 'B0000803', '中国移动', 1, '预付费', 13100005086);
insert into T_TERMINALINFO (TERMINAL_ID,TTYPE_ID,SIM_ID,TERMINAL_CODE,ORG_CODE,IS_VIDEO_TERMINAL,SP_SERVER_NAME,PROTOCOL_TYPE,CHANNELS,YT_PROTOCOL_TYPE) values(241087, 4, 25087, '1005086', 'B0000803',1,'1076测试服务器','4',8,'0');
insert into V_VEHICLEINFO (ORG_CODE,VEHICLE_ID,ID_NUMBER,TYPE_ID,TERMINAL_ID,DELETE_FLAG,COLOR_ID_NUMBER_ID,AUTHORIZED_PAY_MASS) values ('B0000803','2401087', '测B05086', 4, 241087, 0, '2',15);

insert into T_SIMINFO (SIM_ID, ORG_CODE, DEPTCODE, STATE,PAY_MODLE, SIM_NUM) values(25088, 'B0000803', '中国移动', 1, '预付费', 13100005087);
insert into T_TERMINALINFO (TERMINAL_ID,TTYPE_ID,SIM_ID,TERMINAL_CODE,ORG_CODE,IS_VIDEO_TERMINAL,SP_SERVER_NAME,PROTOCOL_TYPE,CHANNELS,YT_PROTOCOL_TYPE) values(241088, 4, 25088, '1005087', 'B0000803',1,'1076测试服务器','4',8,'0');
insert into V_VEHICLEINFO (ORG_CODE,VEHICLE_ID,ID_NUMBER,TYPE_ID,TERMINAL_ID,DELETE_FLAG,COLOR_ID_NUMBER_ID,AUTHORIZED_PAY_MASS) values ('B0000803','2401088', '测B05087', 4, 241088, 0, '2',15);

insert into T_SIMINFO (SIM_ID, ORG_CODE, DEPTCODE, STATE,PAY_MODLE, SIM_NUM) values(25089, 'B0000803', '中国移动', 1, '预付费', 13100005088);
insert into T_TERMINALINFO (TERMINAL_ID,TTYPE_ID,SIM_ID,TERMINAL_CODE,ORG_CODE,IS_VIDEO_TERMINAL,SP_SERVER_NAME,PROTOCOL_TYPE,CHANNELS,YT_PROTOCOL_TYPE) values(241089, 4, 25089, '1005088', 'B0000803',1,'1076测试服务器','4',8,'0');
insert into V_VEHICLEINFO (ORG_CODE,VEHICLE_ID,ID_NUMBER,TYPE_ID,TERMINAL_ID,DELETE_FLAG,COLOR_ID_NUMBER_ID,AUTHORIZED_PAY_MASS) values ('B0000803','2401089', '测B05088', 4, 241089, 0, '2',15);

insert into T_SIMINFO (SIM_ID, ORG_CODE, DEPTCODE, STATE,PAY_MODLE, SIM_NUM) values(25090, 'B0000803', '中国移动', 1, '预付费', 13100005089);
insert into T_TERMINALINFO (TERMINAL_ID,TTYPE_ID,SIM_ID,TERMINAL_CODE,ORG_CODE,IS_VIDEO_TERMINAL,SP_SERVER_NAME,PROTOCOL_TYPE,CHANNELS,YT_PROTOCOL_TYPE) values(241090, 4, 25090, '1005089', 'B0000803',1,'1076测试服务器','4',8,'0');
insert into V_VEHICLEINFO (ORG_CODE,VEHICLE_ID,ID_NUMBER,TYPE_ID,TERMINAL_ID,DELETE_FLAG,COLOR_ID_NUMBER_ID,AUTHORIZED_PAY_MASS) values ('B0000803','2401090', '测B05089', 4, 241090, 0, '2',15);

insert into T_SIMINFO (SIM_ID, ORG_CODE, DEPTCODE, STATE,PAY_MODLE, SIM_NUM) values(25091, 'B0000803', '中国移动', 1, '预付费', 13100005090);
insert into T_TERMINALINFO (TERMINAL_ID,TTYPE_ID,SIM_ID,TERMINAL_CODE,ORG_CODE,IS_VIDEO_TERMINAL,SP_SERVER_NAME,PROTOCOL_TYPE,CHANNELS,YT_PROTOCOL_TYPE) values(241091, 4, 25091, '1005090', 'B0000803',1,'1076测试服务器','4',8,'0');
insert into V_VEHICLEINFO (ORG_CODE,VEHICLE_ID,ID_NUMBER,TYPE_ID,TERMINAL_ID,DELETE_FLAG,COLOR_ID_NUMBER_ID,AUTHORIZED_PAY_MASS) values ('B0000803','2401091', '测B05090', 4, 241091, 0, '2',15);

insert into T_SIMINFO (SIM_ID, ORG_CODE, DEPTCODE, STATE,PAY_MODLE, SIM_NUM) values(25092, 'B0000803', '中国移动', 1, '预付费', 13100005091);
insert into T_TERMINALINFO (TERMINAL_ID,TTYPE_ID,SIM_ID,TERMINAL_CODE,ORG_CODE,IS_VIDEO_TERMINAL,SP_SERVER_NAME,PROTOCOL_TYPE,CHANNELS,YT_PROTOCOL_TYPE) values(241092, 4, 25092, '1005091', 'B0000803',1,'1076测试服务器','4',8,'0');
insert into V_VEHICLEINFO (ORG_CODE,VEHICLE_ID,ID_NUMBER,TYPE_ID,TERMINAL_ID,DELETE_FLAG,COLOR_ID_NUMBER_ID,AUTHORIZED_PAY_MASS) values ('B0000803','2401092', '测B05091', 4, 241092, 0, '2',15);

insert into T_SIMINFO (SIM_ID, ORG_CODE, DEPTCODE, STATE,PAY_MODLE, SIM_NUM) values(25093, 'B0000803', '中国移动', 1, '预付费', 13100005092);
insert into T_TERMINALINFO (TERMINAL_ID,TTYPE_ID,SIM_ID,TERMINAL_CODE,ORG_CODE,IS_VIDEO_TERMINAL,SP_SERVER_NAME,PROTOCOL_TYPE,CHANNELS,YT_PROTOCOL_TYPE) values(241093, 4, 25093, '1005092', 'B0000803',1,'1076测试服务器','4',8,'0');
insert into V_VEHICLEINFO (ORG_CODE,VEHICLE_ID,ID_NUMBER,TYPE_ID,TERMINAL_ID,DELETE_FLAG,COLOR_ID_NUMBER_ID,AUTHORIZED_PAY_MASS) values ('B0000803','2401093', '测B05092', 4, 241093, 0, '2',15);

insert into T_SIMINFO (SIM_ID, ORG_CODE, DEPTCODE, STATE,PAY_MODLE, SIM_NUM) values(25094, 'B0000803', '中国移动', 1, '预付费', 13100005093);
insert into T_TERMINALINFO (TERMINAL_ID,TTYPE_ID,SIM_ID,TERMINAL_CODE,ORG_CODE,IS_VIDEO_TERMINAL,SP_SERVER_NAME,PROTOCOL_TYPE,CHANNELS,YT_PROTOCOL_TYPE) values(241094, 4, 25094, '1005093', 'B0000803',1,'1076测试服务器','4',8,'0');
insert into V_VEHICLEINFO (ORG_CODE,VEHICLE_ID,ID_NUMBER,TYPE_ID,TERMINAL_ID,DELETE_FLAG,COLOR_ID_NUMBER_ID,AUTHORIZED_PAY_MASS) values ('B0000803','2401094', '测B05093', 4, 241094, 0, '2',15);

insert into T_SIMINFO (SIM_ID, ORG_CODE, DEPTCODE, STATE,PAY_MODLE, SIM_NUM) values(25095, 'B0000803', '中国移动', 1, '预付费', 13100005094);
insert into T_TERMINALINFO (TERMINAL_ID,TTYPE_ID,SIM_ID,TERMINAL_CODE,ORG_CODE,IS_VIDEO_TERMINAL,SP_SERVER_NAME,PROTOCOL_TYPE,CHANNELS,YT_PROTOCOL_TYPE) values(241095, 4, 25095, '1005094', 'B0000803',1,'1076测试服务器','4',8,'0');
insert into V_VEHICLEINFO (ORG_CODE,VEHICLE_ID,ID_NUMBER,TYPE_ID,TERMINAL_ID,DELETE_FLAG,COLOR_ID_NUMBER_ID,AUTHORIZED_PAY_MASS) values ('B0000803','2401095', '测B05094', 4, 241095, 0, '2',15);

insert into T_SIMINFO (SIM_ID, ORG_CODE, DEPTCODE, STATE,PAY_MODLE, SIM_NUM) values(25096, 'B0000803', '中国移动', 1, '预付费', 13100005095);
insert into T_TERMINALINFO (TERMINAL_ID,TTYPE_ID,SIM_ID,TERMINAL_CODE,ORG_CODE,IS_VIDEO_TERMINAL,SP_SERVER_NAME,PROTOCOL_TYPE,CHANNELS,YT_PROTOCOL_TYPE) values(241096, 4, 25096, '1005095', 'B0000803',1,'1076测试服务器','4',8,'0');
insert into V_VEHICLEINFO (ORG_CODE,VEHICLE_ID,ID_NUMBER,TYPE_ID,TERMINAL_ID,DELETE_FLAG,COLOR_ID_NUMBER_ID,AUTHORIZED_PAY_MASS) values ('B0000803','2401096', '测B05095', 4, 241096, 0, '2',15);

insert into T_SIMINFO (SIM_ID, ORG_CODE, DEPTCODE, STATE,PAY_MODLE, SIM_NUM) values(25097, 'B0000803', '中国移动', 1, '预付费', 13100005096);
insert into T_TERMINALINFO (TERMINAL_ID,TTYPE_ID,SIM_ID,TERMINAL_CODE,ORG_CODE,IS_VIDEO_TERMINAL,SP_SERVER_NAME,PROTOCOL_TYPE,CHANNELS,YT_PROTOCOL_TYPE) values(241097, 4, 25097, '1005096', 'B0000803',1,'1076测试服务器','4',8,'0');
insert into V_VEHICLEINFO (ORG_CODE,VEHICLE_ID,ID_NUMBER,TYPE_ID,TERMINAL_ID,DELETE_FLAG,COLOR_ID_NUMBER_ID,AUTHORIZED_PAY_MASS) values ('B0000803','2401097', '测B05096', 4, 241097, 0, '2',15);

insert into T_SIMINFO (SIM_ID, ORG_CODE, DEPTCODE, STATE,PAY_MODLE, SIM_NUM) values(25098, 'B0000803', '中国移动', 1, '预付费', 13100005097);
insert into T_TERMINALINFO (TERMINAL_ID,TTYPE_ID,SIM_ID,TERMINAL_CODE,ORG_CODE,IS_VIDEO_TERMINAL,SP_SERVER_NAME,PROTOCOL_TYPE,CHANNELS,YT_PROTOCOL_TYPE) values(241098, 4, 25098, '1005097', 'B0000803',1,'1076测试服务器','4',8,'0');
insert into V_VEHICLEINFO (ORG_CODE,VEHICLE_ID,ID_NUMBER,TYPE_ID,TERMINAL_ID,DELETE_FLAG,COLOR_ID_NUMBER_ID,AUTHORIZED_PAY_MASS) values ('B0000803','2401098', '测B05097', 4, 241098, 0, '2',15);

insert into T_SIMINFO (SIM_ID, ORG_CODE, DEPTCODE, STATE,PAY_MODLE, SIM_NUM) values(25099, 'B0000803', '中国移动', 1, '预付费', 13100005098);
insert into T_TERMINALINFO (TERMINAL_ID,TTYPE_ID,SIM_ID,TERMINAL_CODE,ORG_CODE,IS_VIDEO_TERMINAL,SP_SERVER_NAME,PROTOCOL_TYPE,CHANNELS,YT_PROTOCOL_TYPE) values(241099, 4, 25099, '1005098', 'B0000803',1,'1076测试服务器','4',8,'0');
insert into V_VEHICLEINFO (ORG_CODE,VEHICLE_ID,ID_NUMBER,TYPE_ID,TERMINAL_ID,DELETE_FLAG,COLOR_ID_NUMBER_ID,AUTHORIZED_PAY_MASS) values ('B0000803','2401099', '测B05098', 4, 241099, 0, '2',15);

insert into T_SIMINFO (SIM_ID, ORG_CODE, DEPTCODE, STATE,PAY_MODLE, SIM_NUM) values(25100, 'B0000803', '中国移动', 1, '预付费', 13100005099);
insert into T_TERMINALINFO (TERMINAL_ID,TTYPE_ID,SIM_ID,TERMINAL_CODE,ORG_CODE,IS_VIDEO_TERMINAL,SP_SERVER_NAME,PROTOCOL_TYPE,CHANNELS,YT_PROTOCOL_TYPE) values(241100, 4, 25100, '1005099', 'B0000803',1,'1076测试服务器','4',8,'0');
insert into V_VEHICLEINFO (ORG_CODE,VEHICLE_ID,ID_NUMBER,TYPE_ID,TERMINAL_ID,DELETE_FLAG,COLOR_ID_NUMBER_ID,AUTHORIZED_PAY_MASS) values ('B0000803','2401100', '测B05099', 4, 241100, 0, '2',15);

insert into T_SIMINFO (SIM_ID, ORG_CODE, DEPTCODE, STATE,PAY_MODLE, SIM_NUM) values(25101, 'B0000803', '中国移动', 1, '预付费', 13100005100);
insert into T_TERMINALINFO (TERMINAL_ID,TTYPE_ID,SIM_ID,TERMINAL_CODE,ORG_CODE,IS_VIDEO_TERMINAL,SP_SERVER_NAME,PROTOCOL_TYPE,CHANNELS,YT_PROTOCOL_TYPE) values(241101, 4, 25101, '1005100', 'B0000803',1,'1076测试服务器','4',8,'0');
insert into V_VEHICLEINFO (ORG_CODE,VEHICLE_ID,ID_NUMBER,TYPE_ID,TERMINAL_ID,DELETE_FLAG,COLOR_ID_NUMBER_ID,AUTHORIZED_PAY_MASS) values ('B0000803','2401101', '测B05100', 4, 241101, 0, '2',15);

insert into T_SIMINFO (SIM_ID, ORG_CODE, DEPTCODE, STATE,PAY_MODLE, SIM_NUM) values(25102, 'B0000803', '中国移动', 1, '预付费', 13100005101);
insert into T_TERMINALINFO (TERMINAL_ID,TTYPE_ID,SIM_ID,TERMINAL_CODE,ORG_CODE,IS_VIDEO_TERMINAL,SP_SERVER_NAME,PROTOCOL_TYPE,CHANNELS,YT_PROTOCOL_TYPE) values(241102, 4, 25102, '1005101', 'B0000803',1,'1076测试服务器','4',8,'0');
insert into V_VEHICLEINFO (ORG_CODE,VEHICLE_ID,ID_NUMBER,TYPE_ID,TERMINAL_ID,DELETE_FLAG,COLOR_ID_NUMBER_ID,AUTHORIZED_PAY_MASS) values ('B0000803','2401102', '测B05101', 4, 241102, 0, '2',15);

insert into T_SIMINFO (SIM_ID, ORG_CODE, DEPTCODE, STATE,PAY_MODLE, SIM_NUM) values(25103, 'B0000803', '中国移动', 1, '预付费', 13100005102);
insert into T_TERMINALINFO (TERMINAL_ID,TTYPE_ID,SIM_ID,TERMINAL_CODE,ORG_CODE,IS_VIDEO_TERMINAL,SP_SERVER_NAME,PROTOCOL_TYPE,CHANNELS,YT_PROTOCOL_TYPE) values(241103, 4, 25103, '1005102', 'B0000803',1,'1076测试服务器','4',8,'0');
insert into V_VEHICLEINFO (ORG_CODE,VEHICLE_ID,ID_NUMBER,TYPE_ID,TERMINAL_ID,DELETE_FLAG,COLOR_ID_NUMBER_ID,AUTHORIZED_PAY_MASS) values ('B0000803','2401103', '测B05102', 4, 241103, 0, '2',15);

insert into T_SIMINFO (SIM_ID, ORG_CODE, DEPTCODE, STATE,PAY_MODLE, SIM_NUM) values(25104, 'B0000803', '中国移动', 1, '预付费', 13100005103);
insert into T_TERMINALINFO (TERMINAL_ID,TTYPE_ID,SIM_ID,TERMINAL_CODE,ORG_CODE,IS_VIDEO_TERMINAL,SP_SERVER_NAME,PROTOCOL_TYPE,CHANNELS,YT_PROTOCOL_TYPE) values(241104, 4, 25104, '1005103', 'B0000803',1,'1076测试服务器','4',8,'0');
insert into V_VEHICLEINFO (ORG_CODE,VEHICLE_ID,ID_NUMBER,TYPE_ID,TERMINAL_ID,DELETE_FLAG,COLOR_ID_NUMBER_ID,AUTHORIZED_PAY_MASS) values ('B0000803','2401104', '测B05103', 4, 241104, 0, '2',15);

insert into T_SIMINFO (SIM_ID, ORG_CODE, DEPTCODE, STATE,PAY_MODLE, SIM_NUM) values(25105, 'B0000803', '中国移动', 1, '预付费', 13100005104);
insert into T_TERMINALINFO (TERMINAL_ID,TTYPE_ID,SIM_ID,TERMINAL_CODE,ORG_CODE,IS_VIDEO_TERMINAL,SP_SERVER_NAME,PROTOCOL_TYPE,CHANNELS,YT_PROTOCOL_TYPE) values(241105, 4, 25105, '1005104', 'B0000803',1,'1076测试服务器','4',8,'0');
insert into V_VEHICLEINFO (ORG_CODE,VEHICLE_ID,ID_NUMBER,TYPE_ID,TERMINAL_ID,DELETE_FLAG,COLOR_ID_NUMBER_ID,AUTHORIZED_PAY_MASS) values ('B0000803','2401105', '测B05104', 4, 241105, 0, '2',15);

insert into T_SIMINFO (SIM_ID, ORG_CODE, DEPTCODE, STATE,PAY_MODLE, SIM_NUM) values(25106, 'B0000803', '中国移动', 1, '预付费', 13100005105);
insert into T_TERMINALINFO (TERMINAL_ID,TTYPE_ID,SIM_ID,TERMINAL_CODE,ORG_CODE,IS_VIDEO_TERMINAL,SP_SERVER_NAME,PROTOCOL_TYPE,CHANNELS,YT_PROTOCOL_TYPE) values(241106, 4, 25106, '1005105', 'B0000803',1,'1076测试服务器','4',8,'0');
insert into V_VEHICLEINFO (ORG_CODE,VEHICLE_ID,ID_NUMBER,TYPE_ID,TERMINAL_ID,DELETE_FLAG,COLOR_ID_NUMBER_ID,AUTHORIZED_PAY_MASS) values ('B0000803','2401106', '测B05105', 4, 241106, 0, '2',15);

insert into T_SIMINFO (SIM_ID, ORG_CODE, DEPTCODE, STATE,PAY_MODLE, SIM_NUM) values(25107, 'B0000803', '中国移动', 1, '预付费', 13100005106);
insert into T_TERMINALINFO (TERMINAL_ID,TTYPE_ID,SIM_ID,TERMINAL_CODE,ORG_CODE,IS_VIDEO_TERMINAL,SP_SERVER_NAME,PROTOCOL_TYPE,CHANNELS,YT_PROTOCOL_TYPE) values(241107, 4, 25107, '1005106', 'B0000803',1,'1076测试服务器','4',8,'0');
insert into V_VEHICLEINFO (ORG_CODE,VEHICLE_ID,ID_NUMBER,TYPE_ID,TERMINAL_ID,DELETE_FLAG,COLOR_ID_NUMBER_ID,AUTHORIZED_PAY_MASS) values ('B0000803','2401107', '测B05106', 4, 241107, 0, '2',15);

insert into T_SIMINFO (SIM_ID, ORG_CODE, DEPTCODE, STATE,PAY_MODLE, SIM_NUM) values(25108, 'B0000803', '中国移动', 1, '预付费', 13100005107);
insert into T_TERMINALINFO (TERMINAL_ID,TTYPE_ID,SIM_ID,TERMINAL_CODE,ORG_CODE,IS_VIDEO_TERMINAL,SP_SERVER_NAME,PROTOCOL_TYPE,CHANNELS,YT_PROTOCOL_TYPE) values(241108, 4, 25108, '1005107', 'B0000803',1,'1076测试服务器','4',8,'0');
insert into V_VEHICLEINFO (ORG_CODE,VEHICLE_ID,ID_NUMBER,TYPE_ID,TERMINAL_ID,DELETE_FLAG,COLOR_ID_NUMBER_ID,AUTHORIZED_PAY_MASS) values ('B0000803','2401108', '测B05107', 4, 241108, 0, '2',15);

insert into T_SIMINFO (SIM_ID, ORG_CODE, DEPTCODE, STATE,PAY_MODLE, SIM_NUM) values(25109, 'B0000803', '中国移动', 1, '预付费', 13100005108);
insert into T_TERMINALINFO (TERMINAL_ID,TTYPE_ID,SIM_ID,TERMINAL_CODE,ORG_CODE,IS_VIDEO_TERMINAL,SP_SERVER_NAME,PROTOCOL_TYPE,CHANNELS,YT_PROTOCOL_TYPE) values(241109, 4, 25109, '1005108', 'B0000803',1,'1076测试服务器','4',8,'0');
insert into V_VEHICLEINFO (ORG_CODE,VEHICLE_ID,ID_NUMBER,TYPE_ID,TERMINAL_ID,DELETE_FLAG,COLOR_ID_NUMBER_ID,AUTHORIZED_PAY_MASS) values ('B0000803','2401109', '测B05108', 4, 241109, 0, '2',15);

insert into T_SIMINFO (SIM_ID, ORG_CODE, DEPTCODE, STATE,PAY_MODLE, SIM_NUM) values(25110, 'B0000803', '中国移动', 1, '预付费', 13100005109);
insert into T_TERMINALINFO (TERMINAL_ID,TTYPE_ID,SIM_ID,TERMINAL_CODE,ORG_CODE,IS_VIDEO_TERMINAL,SP_SERVER_NAME,PROTOCOL_TYPE,CHANNELS,YT_PROTOCOL_TYPE) values(241110, 4, 25110, '1005109', 'B0000803',1,'1076测试服务器','4',8,'0');
insert into V_VEHICLEINFO (ORG_CODE,VEHICLE_ID,ID_NUMBER,TYPE_ID,TERMINAL_ID,DELETE_FLAG,COLOR_ID_NUMBER_ID,AUTHORIZED_PAY_MASS) values ('B0000803','2401110', '测B05109', 4, 241110, 0, '2',15);

insert into T_SIMINFO (SIM_ID, ORG_CODE, DEPTCODE, STATE,PAY_MODLE, SIM_NUM) values(25111, 'B0000803', '中国移动', 1, '预付费', 13100005110);
insert into T_TERMINALINFO (TERMINAL_ID,TTYPE_ID,SIM_ID,TERMINAL_CODE,ORG_CODE,IS_VIDEO_TERMINAL,SP_SERVER_NAME,PROTOCOL_TYPE,CHANNELS,YT_PROTOCOL_TYPE) values(241111, 4, 25111, '1005110', 'B0000803',1,'1076测试服务器','4',8,'0');
insert into V_VEHICLEINFO (ORG_CODE,VEHICLE_ID,ID_NUMBER,TYPE_ID,TERMINAL_ID,DELETE_FLAG,COLOR_ID_NUMBER_ID,AUTHORIZED_PAY_MASS) values ('B0000803','2401111', '测B05110', 4, 241111, 0, '2',15);

insert into T_SIMINFO (SIM_ID, ORG_CODE, DEPTCODE, STATE,PAY_MODLE, SIM_NUM) values(25112, 'B0000803', '中国移动', 1, '预付费', 13100005111);
insert into T_TERMINALINFO (TERMINAL_ID,TTYPE_ID,SIM_ID,TERMINAL_CODE,ORG_CODE,IS_VIDEO_TERMINAL,SP_SERVER_NAME,PROTOCOL_TYPE,CHANNELS,YT_PROTOCOL_TYPE) values(241112, 4, 25112, '1005111', 'B0000803',1,'1076测试服务器','4',8,'0');
insert into V_VEHICLEINFO (ORG_CODE,VEHICLE_ID,ID_NUMBER,TYPE_ID,TERMINAL_ID,DELETE_FLAG,COLOR_ID_NUMBER_ID,AUTHORIZED_PAY_MASS) values ('B0000803','2401112', '测B05111', 4, 241112, 0, '2',15);

insert into T_SIMINFO (SIM_ID, ORG_CODE, DEPTCODE, STATE,PAY_MODLE, SIM_NUM) values(25113, 'B0000803', '中国移动', 1, '预付费', 13100005112);
insert into T_TERMINALINFO (TERMINAL_ID,TTYPE_ID,SIM_ID,TERMINAL_CODE,ORG_CODE,IS_VIDEO_TERMINAL,SP_SERVER_NAME,PROTOCOL_TYPE,CHANNELS,YT_PROTOCOL_TYPE) values(241113, 4, 25113, '1005112', 'B0000803',1,'1076测试服务器','4',8,'0');
insert into V_VEHICLEINFO (ORG_CODE,VEHICLE_ID,ID_NUMBER,TYPE_ID,TERMINAL_ID,DELETE_FLAG,COLOR_ID_NUMBER_ID,AUTHORIZED_PAY_MASS) values ('B0000803','2401113', '测B05112', 4, 241113, 0, '2',15);

insert into T_SIMINFO (SIM_ID, ORG_CODE, DEPTCODE, STATE,PAY_MODLE, SIM_NUM) values(25114, 'B0000803', '中国移动', 1, '预付费', 13100005113);
insert into T_TERMINALINFO (TERMINAL_ID,TTYPE_ID,SIM_ID,TERMINAL_CODE,ORG_CODE,IS_VIDEO_TERMINAL,SP_SERVER_NAME,PROTOCOL_TYPE,CHANNELS,YT_PROTOCOL_TYPE) values(241114, 4, 25114, '1005113', 'B0000803',1,'1076测试服务器','4',8,'0');
insert into V_VEHICLEINFO (ORG_CODE,VEHICLE_ID,ID_NUMBER,TYPE_ID,TERMINAL_ID,DELETE_FLAG,COLOR_ID_NUMBER_ID,AUTHORIZED_PAY_MASS) values ('B0000803','2401114', '测B05113', 4, 241114, 0, '2',15);

insert into T_SIMINFO (SIM_ID, ORG_CODE, DEPTCODE, STATE,PAY_MODLE, SIM_NUM) values(25115, 'B0000803', '中国移动', 1, '预付费', 13100005114);
insert into T_TERMINALINFO (TERMINAL_ID,TTYPE_ID,SIM_ID,TERMINAL_CODE,ORG_CODE,IS_VIDEO_TERMINAL,SP_SERVER_NAME,PROTOCOL_TYPE,CHANNELS,YT_PROTOCOL_TYPE) values(241115, 4, 25115, '1005114', 'B0000803',1,'1076测试服务器','4',8,'0');
insert into V_VEHICLEINFO (ORG_CODE,VEHICLE_ID,ID_NUMBER,TYPE_ID,TERMINAL_ID,DELETE_FLAG,COLOR_ID_NUMBER_ID,AUTHORIZED_PAY_MASS) values ('B0000803','2401115', '测B05114', 4, 241115, 0, '2',15);

insert into T_SIMINFO (SIM_ID, ORG_CODE, DEPTCODE, STATE,PAY_MODLE, SIM_NUM) values(25116, 'B0000803', '中国移动', 1, '预付费', 13100005115);
insert into T_TERMINALINFO (TERMINAL_ID,TTYPE_ID,SIM_ID,TERMINAL_CODE,ORG_CODE,IS_VIDEO_TERMINAL,SP_SERVER_NAME,PROTOCOL_TYPE,CHANNELS,YT_PROTOCOL_TYPE) values(241116, 4, 25116, '1005115', 'B0000803',1,'1076测试服务器','4',8,'0');
insert into V_VEHICLEINFO (ORG_CODE,VEHICLE_ID,ID_NUMBER,TYPE_ID,TERMINAL_ID,DELETE_FLAG,COLOR_ID_NUMBER_ID,AUTHORIZED_PAY_MASS) values ('B0000803','2401116', '测B05115', 4, 241116, 0, '2',15);

insert into T_SIMINFO (SIM_ID, ORG_CODE, DEPTCODE, STATE,PAY_MODLE, SIM_NUM) values(25117, 'B0000803', '中国移动', 1, '预付费', 13100005116);
insert into T_TERMINALINFO (TERMINAL_ID,TTYPE_ID,SIM_ID,TERMINAL_CODE,ORG_CODE,IS_VIDEO_TERMINAL,SP_SERVER_NAME,PROTOCOL_TYPE,CHANNELS,YT_PROTOCOL_TYPE) values(241117, 4, 25117, '1005116', 'B0000803',1,'1076测试服务器','4',8,'0');
insert into V_VEHICLEINFO (ORG_CODE,VEHICLE_ID,ID_NUMBER,TYPE_ID,TERMINAL_ID,DELETE_FLAG,COLOR_ID_NUMBER_ID,AUTHORIZED_PAY_MASS) values ('B0000803','2401117', '测B05116', 4, 241117, 0, '2',15);

insert into T_SIMINFO (SIM_ID, ORG_CODE, DEPTCODE, STATE,PAY_MODLE, SIM_NUM) values(25118, 'B0000803', '中国移动', 1, '预付费', 13100005117);
insert into T_TERMINALINFO (TERMINAL_ID,TTYPE_ID,SIM_ID,TERMINAL_CODE,ORG_CODE,IS_VIDEO_TERMINAL,SP_SERVER_NAME,PROTOCOL_TYPE,CHANNELS,YT_PROTOCOL_TYPE) values(241118, 4, 25118, '1005117', 'B0000803',1,'1076测试服务器','4',8,'0');
insert into V_VEHICLEINFO (ORG_CODE,VEHICLE_ID,ID_NUMBER,TYPE_ID,TERMINAL_ID,DELETE_FLAG,COLOR_ID_NUMBER_ID,AUTHORIZED_PAY_MASS) values ('B0000803','2401118', '测B05117', 4, 241118, 0, '2',15);

insert into T_SIMINFO (SIM_ID, ORG_CODE, DEPTCODE, STATE,PAY_MODLE, SIM_NUM) values(25119, 'B0000803', '中国移动', 1, '预付费', 13100005118);
insert into T_TERMINALINFO (TERMINAL_ID,TTYPE_ID,SIM_ID,TERMINAL_CODE,ORG_CODE,IS_VIDEO_TERMINAL,SP_SERVER_NAME,PROTOCOL_TYPE,CHANNELS,YT_PROTOCOL_TYPE) values(241119, 4, 25119, '1005118', 'B0000803',1,'1076测试服务器','4',8,'0');
insert into V_VEHICLEINFO (ORG_CODE,VEHICLE_ID,ID_NUMBER,TYPE_ID,TERMINAL_ID,DELETE_FLAG,COLOR_ID_NUMBER_ID,AUTHORIZED_PAY_MASS) values ('B0000803','2401119', '测B05118', 4, 241119, 0, '2',15);

insert into T_SIMINFO (SIM_ID, ORG_CODE, DEPTCODE, STATE,PAY_MODLE, SIM_NUM) values(25120, 'B0000803', '中国移动', 1, '预付费', 13100005119);
insert into T_TERMINALINFO (TERMINAL_ID,TTYPE_ID,SIM_ID,TERMINAL_CODE,ORG_CODE,IS_VIDEO_TERMINAL,SP_SERVER_NAME,PROTOCOL_TYPE,CHANNELS,YT_PROTOCOL_TYPE) values(241120, 4, 25120, '1005119', 'B0000803',1,'1076测试服务器','4',8,'0');
insert into V_VEHICLEINFO (ORG_CODE,VEHICLE_ID,ID_NUMBER,TYPE_ID,TERMINAL_ID,DELETE_FLAG,COLOR_ID_NUMBER_ID,AUTHORIZED_PAY_MASS) values ('B0000803','2401120', '测B05119', 4, 241120, 0, '2',15);

insert into T_SIMINFO (SIM_ID, ORG_CODE, DEPTCODE, STATE,PAY_MODLE, SIM_NUM) values(25121, 'B0000803', '中国移动', 1, '预付费', 13100005120);
insert into T_TERMINALINFO (TERMINAL_ID,TTYPE_ID,SIM_ID,TERMINAL_CODE,ORG_CODE,IS_VIDEO_TERMINAL,SP_SERVER_NAME,PROTOCOL_TYPE,CHANNELS,YT_PROTOCOL_TYPE) values(241121, 4, 25121, '1005120', 'B0000803',1,'1076测试服务器','4',8,'0');
insert into V_VEHICLEINFO (ORG_CODE,VEHICLE_ID,ID_NUMBER,TYPE_ID,TERMINAL_ID,DELETE_FLAG,COLOR_ID_NUMBER_ID,AUTHORIZED_PAY_MASS) values ('B0000803','2401121', '测B05120', 4, 241121, 0, '2',15);

insert into T_SIMINFO (SIM_ID, ORG_CODE, DEPTCODE, STATE,PAY_MODLE, SIM_NUM) values(25122, 'B0000803', '中国移动', 1, '预付费', 13100005121);
insert into T_TERMINALINFO (TERMINAL_ID,TTYPE_ID,SIM_ID,TERMINAL_CODE,ORG_CODE,IS_VIDEO_TERMINAL,SP_SERVER_NAME,PROTOCOL_TYPE,CHANNELS,YT_PROTOCOL_TYPE) values(241122, 4, 25122, '1005121', 'B0000803',1,'1076测试服务器','4',8,'0');
insert into V_VEHICLEINFO (ORG_CODE,VEHICLE_ID,ID_NUMBER,TYPE_ID,TERMINAL_ID,DELETE_FLAG,COLOR_ID_NUMBER_ID,AUTHORIZED_PAY_MASS) values ('B0000803','2401122', '测B05121', 4, 241122, 0, '2',15);

insert into T_SIMINFO (SIM_ID, ORG_CODE, DEPTCODE, STATE,PAY_MODLE, SIM_NUM) values(25123, 'B0000803', '中国移动', 1, '预付费', 13100005122);
insert into T_TERMINALINFO (TERMINAL_ID,TTYPE_ID,SIM_ID,TERMINAL_CODE,ORG_CODE,IS_VIDEO_TERMINAL,SP_SERVER_NAME,PROTOCOL_TYPE,CHANNELS,YT_PROTOCOL_TYPE) values(241123, 4, 25123, '1005122', 'B0000803',1,'1076测试服务器','4',8,'0');
insert into V_VEHICLEINFO (ORG_CODE,VEHICLE_ID,ID_NUMBER,TYPE_ID,TERMINAL_ID,DELETE_FLAG,COLOR_ID_NUMBER_ID,AUTHORIZED_PAY_MASS) values ('B0000803','2401123', '测B05122', 4, 241123, 0, '2',15);

insert into T_SIMINFO (SIM_ID, ORG_CODE, DEPTCODE, STATE,PAY_MODLE, SIM_NUM) values(25124, 'B0000803', '中国移动', 1, '预付费', 13100005123);
insert into T_TERMINALINFO (TERMINAL_ID,TTYPE_ID,SIM_ID,TERMINAL_CODE,ORG_CODE,IS_VIDEO_TERMINAL,SP_SERVER_NAME,PROTOCOL_TYPE,CHANNELS,YT_PROTOCOL_TYPE) values(241124, 4, 25124, '1005123', 'B0000803',1,'1076测试服务器','4',8,'0');
insert into V_VEHICLEINFO (ORG_CODE,VEHICLE_ID,ID_NUMBER,TYPE_ID,TERMINAL_ID,DELETE_FLAG,COLOR_ID_NUMBER_ID,AUTHORIZED_PAY_MASS) values ('B0000803','2401124', '测B05123', 4, 241124, 0, '2',15);

insert into T_SIMINFO (SIM_ID, ORG_CODE, DEPTCODE, STATE,PAY_MODLE, SIM_NUM) values(25125, 'B0000803', '中国移动', 1, '预付费', 13100005124);
insert into T_TERMINALINFO (TERMINAL_ID,TTYPE_ID,SIM_ID,TERMINAL_CODE,ORG_CODE,IS_VIDEO_TERMINAL,SP_SERVER_NAME,PROTOCOL_TYPE,CHANNELS,YT_PROTOCOL_TYPE) values(241125, 4, 25125, '1005124', 'B0000803',1,'1076测试服务器','4',8,'0');
insert into V_VEHICLEINFO (ORG_CODE,VEHICLE_ID,ID_NUMBER,TYPE_ID,TERMINAL_ID,DELETE_FLAG,COLOR_ID_NUMBER_ID,AUTHORIZED_PAY_MASS) values ('B0000803','2401125', '测B05124', 4, 241125, 0, '2',15);

insert into T_SIMINFO (SIM_ID, ORG_CODE, DEPTCODE, STATE,PAY_MODLE, SIM_NUM) values(25126, 'B0000803', '中国移动', 1, '预付费', 13100005125);
insert into T_TERMINALINFO (TERMINAL_ID,TTYPE_ID,SIM_ID,TERMINAL_CODE,ORG_CODE,IS_VIDEO_TERMINAL,SP_SERVER_NAME,PROTOCOL_TYPE,CHANNELS,YT_PROTOCOL_TYPE) values(241126, 4, 25126, '1005125', 'B0000803',1,'1076测试服务器','4',8,'0');
insert into V_VEHICLEINFO (ORG_CODE,VEHICLE_ID,ID_NUMBER,TYPE_ID,TERMINAL_ID,DELETE_FLAG,COLOR_ID_NUMBER_ID,AUTHORIZED_PAY_MASS) values ('B0000803','2401126', '测B05125', 4, 241126, 0, '2',15);

insert into T_SIMINFO (SIM_ID, ORG_CODE, DEPTCODE, STATE,PAY_MODLE, SIM_NUM) values(25127, 'B0000803', '中国移动', 1, '预付费', 13100005126);
insert into T_TERMINALINFO (TERMINAL_ID,TTYPE_ID,SIM_ID,TERMINAL_CODE,ORG_CODE,IS_VIDEO_TERMINAL,SP_SERVER_NAME,PROTOCOL_TYPE,CHANNELS,YT_PROTOCOL_TYPE) values(241127, 4, 25127, '1005126', 'B0000803',1,'1076测试服务器','4',8,'0');
insert into V_VEHICLEINFO (ORG_CODE,VEHICLE_ID,ID_NUMBER,TYPE_ID,TERMINAL_ID,DELETE_FLAG,COLOR_ID_NUMBER_ID,AUTHORIZED_PAY_MASS) values ('B0000803','2401127', '测B05126', 4, 241127, 0, '2',15);

insert into T_SIMINFO (SIM_ID, ORG_CODE, DEPTCODE, STATE,PAY_MODLE, SIM_NUM) values(25128, 'B0000803', '中国移动', 1, '预付费', 13100005127);
insert into T_TERMINALINFO (TERMINAL_ID,TTYPE_ID,SIM_ID,TERMINAL_CODE,ORG_CODE,IS_VIDEO_TERMINAL,SP_SERVER_NAME,PROTOCOL_TYPE,CHANNELS,YT_PROTOCOL_TYPE) values(241128, 4, 25128, '1005127', 'B0000803',1,'1076测试服务器','4',8,'0');
insert into V_VEHICLEINFO (ORG_CODE,VEHICLE_ID,ID_NUMBER,TYPE_ID,TERMINAL_ID,DELETE_FLAG,COLOR_ID_NUMBER_ID,AUTHORIZED_PAY_MASS) values ('B0000803','2401128', '测B05127', 4, 241128, 0, '2',15);

insert into T_SIMINFO (SIM_ID, ORG_CODE, DEPTCODE, STATE,PAY_MODLE, SIM_NUM) values(25129, 'B0000803', '中国移动', 1, '预付费', 13100005128);
insert into T_TERMINALINFO (TERMINAL_ID,TTYPE_ID,SIM_ID,TERMINAL_CODE,ORG_CODE,IS_VIDEO_TERMINAL,SP_SERVER_NAME,PROTOCOL_TYPE,CHANNELS,YT_PROTOCOL_TYPE) values(241129, 4, 25129, '1005128', 'B0000803',1,'1076测试服务器','4',8,'0');
insert into V_VEHICLEINFO (ORG_CODE,VEHICLE_ID,ID_NUMBER,TYPE_ID,TERMINAL_ID,DELETE_FLAG,COLOR_ID_NUMBER_ID,AUTHORIZED_PAY_MASS) values ('B0000803','2401129', '测B05128', 4, 241129, 0, '2',15);

insert into T_SIMINFO (SIM_ID, ORG_CODE, DEPTCODE, STATE,PAY_MODLE, SIM_NUM) values(25130, 'B0000803', '中国移动', 1, '预付费', 13100005129);
insert into T_TERMINALINFO (TERMINAL_ID,TTYPE_ID,SIM_ID,TERMINAL_CODE,ORG_CODE,IS_VIDEO_TERMINAL,SP_SERVER_NAME,PROTOCOL_TYPE,CHANNELS,YT_PROTOCOL_TYPE) values(241130, 4, 25130, '1005129', 'B0000803',1,'1076测试服务器','4',8,'0');
insert into V_VEHICLEINFO (ORG_CODE,VEHICLE_ID,ID_NUMBER,TYPE_ID,TERMINAL_ID,DELETE_FLAG,COLOR_ID_NUMBER_ID,AUTHORIZED_PAY_MASS) values ('B0000803','2401130', '测B05129', 4, 241130, 0, '2',15);

insert into T_SIMINFO (SIM_ID, ORG_CODE, DEPTCODE, STATE,PAY_MODLE, SIM_NUM) values(25131, 'B0000803', '中国移动', 1, '预付费', 13100005130);
insert into T_TERMINALINFO (TERMINAL_ID,TTYPE_ID,SIM_ID,TERMINAL_CODE,ORG_CODE,IS_VIDEO_TERMINAL,SP_SERVER_NAME,PROTOCOL_TYPE,CHANNELS,YT_PROTOCOL_TYPE) values(241131, 4, 25131, '1005130', 'B0000803',1,'1076测试服务器','4',8,'0');
insert into V_VEHICLEINFO (ORG_CODE,VEHICLE_ID,ID_NUMBER,TYPE_ID,TERMINAL_ID,DELETE_FLAG,COLOR_ID_NUMBER_ID,AUTHORIZED_PAY_MASS) values ('B0000803','2401131', '测B05130', 4, 241131, 0, '2',15);

insert into T_SIMINFO (SIM_ID, ORG_CODE, DEPTCODE, STATE,PAY_MODLE, SIM_NUM) values(25132, 'B0000803', '中国移动', 1, '预付费', 13100005131);
insert into T_TERMINALINFO (TERMINAL_ID,TTYPE_ID,SIM_ID,TERMINAL_CODE,ORG_CODE,IS_VIDEO_TERMINAL,SP_SERVER_NAME,PROTOCOL_TYPE,CHANNELS,YT_PROTOCOL_TYPE) values(241132, 4, 25132, '1005131', 'B0000803',1,'1076测试服务器','4',8,'0');
insert into V_VEHICLEINFO (ORG_CODE,VEHICLE_ID,ID_NUMBER,TYPE_ID,TERMINAL_ID,DELETE_FLAG,COLOR_ID_NUMBER_ID,AUTHORIZED_PAY_MASS) values ('B0000803','2401132', '测B05131', 4, 241132, 0, '2',15);

insert into T_SIMINFO (SIM_ID, ORG_CODE, DEPTCODE, STATE,PAY_MODLE, SIM_NUM) values(25133, 'B0000803', '中国移动', 1, '预付费', 13100005132);
insert into T_TERMINALINFO (TERMINAL_ID,TTYPE_ID,SIM_ID,TERMINAL_CODE,ORG_CODE,IS_VIDEO_TERMINAL,SP_SERVER_NAME,PROTOCOL_TYPE,CHANNELS,YT_PROTOCOL_TYPE) values(241133, 4, 25133, '1005132', 'B0000803',1,'1076测试服务器','4',8,'0');
insert into V_VEHICLEINFO (ORG_CODE,VEHICLE_ID,ID_NUMBER,TYPE_ID,TERMINAL_ID,DELETE_FLAG,COLOR_ID_NUMBER_ID,AUTHORIZED_PAY_MASS) values ('B0000803','2401133', '测B05132', 4, 241133, 0, '2',15);

insert into T_SIMINFO (SIM_ID, ORG_CODE, DEPTCODE, STATE,PAY_MODLE, SIM_NUM) values(25134, 'B0000803', '中国移动', 1, '预付费', 13100005133);
insert into T_TERMINALINFO (TERMINAL_ID,TTYPE_ID,SIM_ID,TERMINAL_CODE,ORG_CODE,IS_VIDEO_TERMINAL,SP_SERVER_NAME,PROTOCOL_TYPE,CHANNELS,YT_PROTOCOL_TYPE) values(241134, 4, 25134, '1005133', 'B0000803',1,'1076测试服务器','4',8,'0');
insert into V_VEHICLEINFO (ORG_CODE,VEHICLE_ID,ID_NUMBER,TYPE_ID,TERMINAL_ID,DELETE_FLAG,COLOR_ID_NUMBER_ID,AUTHORIZED_PAY_MASS) values ('B0000803','2401134', '测B05133', 4, 241134, 0, '2',15);

insert into T_SIMINFO (SIM_ID, ORG_CODE, DEPTCODE, STATE,PAY_MODLE, SIM_NUM) values(25135, 'B0000803', '中国移动', 1, '预付费', 13100005134);
insert into T_TERMINALINFO (TERMINAL_ID,TTYPE_ID,SIM_ID,TERMINAL_CODE,ORG_CODE,IS_VIDEO_TERMINAL,SP_SERVER_NAME,PROTOCOL_TYPE,CHANNELS,YT_PROTOCOL_TYPE) values(241135, 4, 25135, '1005134', 'B0000803',1,'1076测试服务器','4',8,'0');
insert into V_VEHICLEINFO (ORG_CODE,VEHICLE_ID,ID_NUMBER,TYPE_ID,TERMINAL_ID,DELETE_FLAG,COLOR_ID_NUMBER_ID,AUTHORIZED_PAY_MASS) values ('B0000803','2401135', '测B05134', 4, 241135, 0, '2',15);

insert into T_SIMINFO (SIM_ID, ORG_CODE, DEPTCODE, STATE,PAY_MODLE, SIM_NUM) values(25136, 'B0000803', '中国移动', 1, '预付费', 13100005135);
insert into T_TERMINALINFO (TERMINAL_ID,TTYPE_ID,SIM_ID,TERMINAL_CODE,ORG_CODE,IS_VIDEO_TERMINAL,SP_SERVER_NAME,PROTOCOL_TYPE,CHANNELS,YT_PROTOCOL_TYPE) values(241136, 4, 25136, '1005135', 'B0000803',1,'1076测试服务器','4',8,'0');
insert into V_VEHICLEINFO (ORG_CODE,VEHICLE_ID,ID_NUMBER,TYPE_ID,TERMINAL_ID,DELETE_FLAG,COLOR_ID_NUMBER_ID,AUTHORIZED_PAY_MASS) values ('B0000803','2401136', '测B05135', 4, 241136, 0, '2',15);

insert into T_SIMINFO (SIM_ID, ORG_CODE, DEPTCODE, STATE,PAY_MODLE, SIM_NUM) values(25137, 'B0000803', '中国移动', 1, '预付费', 13100005136);
insert into T_TERMINALINFO (TERMINAL_ID,TTYPE_ID,SIM_ID,TERMINAL_CODE,ORG_CODE,IS_VIDEO_TERMINAL,SP_SERVER_NAME,PROTOCOL_TYPE,CHANNELS,YT_PROTOCOL_TYPE) values(241137, 4, 25137, '1005136', 'B0000803',1,'1076测试服务器','4',8,'0');
insert into V_VEHICLEINFO (ORG_CODE,VEHICLE_ID,ID_NUMBER,TYPE_ID,TERMINAL_ID,DELETE_FLAG,COLOR_ID_NUMBER_ID,AUTHORIZED_PAY_MASS) values ('B0000803','2401137', '测B05136', 4, 241137, 0, '2',15);

insert into T_SIMINFO (SIM_ID, ORG_CODE, DEPTCODE, STATE,PAY_MODLE, SIM_NUM) values(25138, 'B0000803', '中国移动', 1, '预付费', 13100005137);
insert into T_TERMINALINFO (TERMINAL_ID,TTYPE_ID,SIM_ID,TERMINAL_CODE,ORG_CODE,IS_VIDEO_TERMINAL,SP_SERVER_NAME,PROTOCOL_TYPE,CHANNELS,YT_PROTOCOL_TYPE) values(241138, 4, 25138, '1005137', 'B0000803',1,'1076测试服务器','4',8,'0');
insert into V_VEHICLEINFO (ORG_CODE,VEHICLE_ID,ID_NUMBER,TYPE_ID,TERMINAL_ID,DELETE_FLAG,COLOR_ID_NUMBER_ID,AUTHORIZED_PAY_MASS) values ('B0000803','2401138', '测B05137', 4, 241138, 0, '2',15);

insert into T_SIMINFO (SIM_ID, ORG_CODE, DEPTCODE, STATE,PAY_MODLE, SIM_NUM) values(25139, 'B0000803', '中国移动', 1, '预付费', 13100005138);
insert into T_TERMINALINFO (TERMINAL_ID,TTYPE_ID,SIM_ID,TERMINAL_CODE,ORG_CODE,IS_VIDEO_TERMINAL,SP_SERVER_NAME,PROTOCOL_TYPE,CHANNELS,YT_PROTOCOL_TYPE) values(241139, 4, 25139, '1005138', 'B0000803',1,'1076测试服务器','4',8,'0');
insert into V_VEHICLEINFO (ORG_CODE,VEHICLE_ID,ID_NUMBER,TYPE_ID,TERMINAL_ID,DELETE_FLAG,COLOR_ID_NUMBER_ID,AUTHORIZED_PAY_MASS) values ('B0000803','2401139', '测B05138', 4, 241139, 0, '2',15);

insert into T_SIMINFO (SIM_ID, ORG_CODE, DEPTCODE, STATE,PAY_MODLE, SIM_NUM) values(25140, 'B0000803', '中国移动', 1, '预付费', 13100005139);
insert into T_TERMINALINFO (TERMINAL_ID,TTYPE_ID,SIM_ID,TERMINAL_CODE,ORG_CODE,IS_VIDEO_TERMINAL,SP_SERVER_NAME,PROTOCOL_TYPE,CHANNELS,YT_PROTOCOL_TYPE) values(241140, 4, 25140, '1005139', 'B0000803',1,'1076测试服务器','4',8,'0');
insert into V_VEHICLEINFO (ORG_CODE,VEHICLE_ID,ID_NUMBER,TYPE_ID,TERMINAL_ID,DELETE_FLAG,COLOR_ID_NUMBER_ID,AUTHORIZED_PAY_MASS) values ('B0000803','2401140', '测B05139', 4, 241140, 0, '2',15);

insert into T_SIMINFO (SIM_ID, ORG_CODE, DEPTCODE, STATE,PAY_MODLE, SIM_NUM) values(25141, 'B0000803', '中国移动', 1, '预付费', 13100005140);
insert into T_TERMINALINFO (TERMINAL_ID,TTYPE_ID,SIM_ID,TERMINAL_CODE,ORG_CODE,IS_VIDEO_TERMINAL,SP_SERVER_NAME,PROTOCOL_TYPE,CHANNELS,YT_PROTOCOL_TYPE) values(241141, 4, 25141, '1005140', 'B0000803',1,'1076测试服务器','4',8,'0');
insert into V_VEHICLEINFO (ORG_CODE,VEHICLE_ID,ID_NUMBER,TYPE_ID,TERMINAL_ID,DELETE_FLAG,COLOR_ID_NUMBER_ID,AUTHORIZED_PAY_MASS) values ('B0000803','2401141', '测B05140', 4, 241141, 0, '2',15);

insert into T_SIMINFO (SIM_ID, ORG_CODE, DEPTCODE, STATE,PAY_MODLE, SIM_NUM) values(25142, 'B0000803', '中国移动', 1, '预付费', 13100005141);
insert into T_TERMINALINFO (TERMINAL_ID,TTYPE_ID,SIM_ID,TERMINAL_CODE,ORG_CODE,IS_VIDEO_TERMINAL,SP_SERVER_NAME,PROTOCOL_TYPE,CHANNELS,YT_PROTOCOL_TYPE) values(241142, 4, 25142, '1005141', 'B0000803',1,'1076测试服务器','4',8,'0');
insert into V_VEHICLEINFO (ORG_CODE,VEHICLE_ID,ID_NUMBER,TYPE_ID,TERMINAL_ID,DELETE_FLAG,COLOR_ID_NUMBER_ID,AUTHORIZED_PAY_MASS) values ('B0000803','2401142', '测B05141', 4, 241142, 0, '2',15);

insert into T_SIMINFO (SIM_ID, ORG_CODE, DEPTCODE, STATE,PAY_MODLE, SIM_NUM) values(25143, 'B0000803', '中国移动', 1, '预付费', 13100005142);
insert into T_TERMINALINFO (TERMINAL_ID,TTYPE_ID,SIM_ID,TERMINAL_CODE,ORG_CODE,IS_VIDEO_TERMINAL,SP_SERVER_NAME,PROTOCOL_TYPE,CHANNELS,YT_PROTOCOL_TYPE) values(241143, 4, 25143, '1005142', 'B0000803',1,'1076测试服务器','4',8,'0');
insert into V_VEHICLEINFO (ORG_CODE,VEHICLE_ID,ID_NUMBER,TYPE_ID,TERMINAL_ID,DELETE_FLAG,COLOR_ID_NUMBER_ID,AUTHORIZED_PAY_MASS) values ('B0000803','2401143', '测B05142', 4, 241143, 0, '2',15);

insert into T_SIMINFO (SIM_ID, ORG_CODE, DEPTCODE, STATE,PAY_MODLE, SIM_NUM) values(25144, 'B0000803', '中国移动', 1, '预付费', 13100005143);
insert into T_TERMINALINFO (TERMINAL_ID,TTYPE_ID,SIM_ID,TERMINAL_CODE,ORG_CODE,IS_VIDEO_TERMINAL,SP_SERVER_NAME,PROTOCOL_TYPE,CHANNELS,YT_PROTOCOL_TYPE) values(241144, 4, 25144, '1005143', 'B0000803',1,'1076测试服务器','4',8,'0');
insert into V_VEHICLEINFO (ORG_CODE,VEHICLE_ID,ID_NUMBER,TYPE_ID,TERMINAL_ID,DELETE_FLAG,COLOR_ID_NUMBER_ID,AUTHORIZED_PAY_MASS) values ('B0000803','2401144', '测B05143', 4, 241144, 0, '2',15);

insert into T_SIMINFO (SIM_ID, ORG_CODE, DEPTCODE, STATE,PAY_MODLE, SIM_NUM) values(25145, 'B0000803', '中国移动', 1, '预付费', 13100005144);
insert into T_TERMINALINFO (TERMINAL_ID,TTYPE_ID,SIM_ID,TERMINAL_CODE,ORG_CODE,IS_VIDEO_TERMINAL,SP_SERVER_NAME,PROTOCOL_TYPE,CHANNELS,YT_PROTOCOL_TYPE) values(241145, 4, 25145, '1005144', 'B0000803',1,'1076测试服务器','4',8,'0');
insert into V_VEHICLEINFO (ORG_CODE,VEHICLE_ID,ID_NUMBER,TYPE_ID,TERMINAL_ID,DELETE_FLAG,COLOR_ID_NUMBER_ID,AUTHORIZED_PAY_MASS) values ('B0000803','2401145', '测B05144', 4, 241145, 0, '2',15);

insert into T_SIMINFO (SIM_ID, ORG_CODE, DEPTCODE, STATE,PAY_MODLE, SIM_NUM) values(25146, 'B0000803', '中国移动', 1, '预付费', 13100005145);
insert into T_TERMINALINFO (TERMINAL_ID,TTYPE_ID,SIM_ID,TERMINAL_CODE,ORG_CODE,IS_VIDEO_TERMINAL,SP_SERVER_NAME,PROTOCOL_TYPE,CHANNELS,YT_PROTOCOL_TYPE) values(241146, 4, 25146, '1005145', 'B0000803',1,'1076测试服务器','4',8,'0');
insert into V_VEHICLEINFO (ORG_CODE,VEHICLE_ID,ID_NUMBER,TYPE_ID,TERMINAL_ID,DELETE_FLAG,COLOR_ID_NUMBER_ID,AUTHORIZED_PAY_MASS) values ('B0000803','2401146', '测B05145', 4, 241146, 0, '2',15);

insert into T_SIMINFO (SIM_ID, ORG_CODE, DEPTCODE, STATE,PAY_MODLE, SIM_NUM) values(25147, 'B0000803', '中国移动', 1, '预付费', 13100005146);
insert into T_TERMINALINFO (TERMINAL_ID,TTYPE_ID,SIM_ID,TERMINAL_CODE,ORG_CODE,IS_VIDEO_TERMINAL,SP_SERVER_NAME,PROTOCOL_TYPE,CHANNELS,YT_PROTOCOL_TYPE) values(241147, 4, 25147, '1005146', 'B0000803',1,'1076测试服务器','4',8,'0');
insert into V_VEHICLEINFO (ORG_CODE,VEHICLE_ID,ID_NUMBER,TYPE_ID,TERMINAL_ID,DELETE_FLAG,COLOR_ID_NUMBER_ID,AUTHORIZED_PAY_MASS) values ('B0000803','2401147', '测B05146', 4, 241147, 0, '2',15);

insert into T_SIMINFO (SIM_ID, ORG_CODE, DEPTCODE, STATE,PAY_MODLE, SIM_NUM) values(25148, 'B0000803', '中国移动', 1, '预付费', 13100005147);
insert into T_TERMINALINFO (TERMINAL_ID,TTYPE_ID,SIM_ID,TERMINAL_CODE,ORG_CODE,IS_VIDEO_TERMINAL,SP_SERVER_NAME,PROTOCOL_TYPE,CHANNELS,YT_PROTOCOL_TYPE) values(241148, 4, 25148, '1005147', 'B0000803',1,'1076测试服务器','4',8,'0');
insert into V_VEHICLEINFO (ORG_CODE,VEHICLE_ID,ID_NUMBER,TYPE_ID,TERMINAL_ID,DELETE_FLAG,COLOR_ID_NUMBER_ID,AUTHORIZED_PAY_MASS) values ('B0000803','2401148', '测B05147', 4, 241148, 0, '2',15);

insert into T_SIMINFO (SIM_ID, ORG_CODE, DEPTCODE, STATE,PAY_MODLE, SIM_NUM) values(25149, 'B0000803', '中国移动', 1, '预付费', 13100005148);
insert into T_TERMINALINFO (TERMINAL_ID,TTYPE_ID,SIM_ID,TERMINAL_CODE,ORG_CODE,IS_VIDEO_TERMINAL,SP_SERVER_NAME,PROTOCOL_TYPE,CHANNELS,YT_PROTOCOL_TYPE) values(241149, 4, 25149, '1005148', 'B0000803',1,'1076测试服务器','4',8,'0');
insert into V_VEHICLEINFO (ORG_CODE,VEHICLE_ID,ID_NUMBER,TYPE_ID,TERMINAL_ID,DELETE_FLAG,COLOR_ID_NUMBER_ID,AUTHORIZED_PAY_MASS) values ('B0000803','2401149', '测B05148', 4, 241149, 0, '2',15);

insert into T_SIMINFO (SIM_ID, ORG_CODE, DEPTCODE, STATE,PAY_MODLE, SIM_NUM) values(25150, 'B0000803', '中国移动', 1, '预付费', 13100005149);
insert into T_TERMINALINFO (TERMINAL_ID,TTYPE_ID,SIM_ID,TERMINAL_CODE,ORG_CODE,IS_VIDEO_TERMINAL,SP_SERVER_NAME,PROTOCOL_TYPE,CHANNELS,YT_PROTOCOL_TYPE) values(241150, 4, 25150, '1005149', 'B0000803',1,'1076测试服务器','4',8,'0');
insert into V_VEHICLEINFO (ORG_CODE,VEHICLE_ID,ID_NUMBER,TYPE_ID,TERMINAL_ID,DELETE_FLAG,COLOR_ID_NUMBER_ID,AUTHORIZED_PAY_MASS) values ('B0000803','2401150', '测B05149', 4, 241150, 0, '2',15);

insert into T_SIMINFO (SIM_ID, ORG_CODE, DEPTCODE, STATE,PAY_MODLE, SIM_NUM) values(25151, 'B0000803', '中国移动', 1, '预付费', 13100005150);
insert into T_TERMINALINFO (TERMINAL_ID,TTYPE_ID,SIM_ID,TERMINAL_CODE,ORG_CODE,IS_VIDEO_TERMINAL,SP_SERVER_NAME,PROTOCOL_TYPE,CHANNELS,YT_PROTOCOL_TYPE) values(241151, 4, 25151, '1005150', 'B0000803',1,'1076测试服务器','4',8,'0');
insert into V_VEHICLEINFO (ORG_CODE,VEHICLE_ID,ID_NUMBER,TYPE_ID,TERMINAL_ID,DELETE_FLAG,COLOR_ID_NUMBER_ID,AUTHORIZED_PAY_MASS) values ('B0000803','2401151', '测B05150', 4, 241151, 0, '2',15);

insert into T_SIMINFO (SIM_ID, ORG_CODE, DEPTCODE, STATE,PAY_MODLE, SIM_NUM) values(25152, 'B0000803', '中国移动', 1, '预付费', 13100005151);
insert into T_TERMINALINFO (TERMINAL_ID,TTYPE_ID,SIM_ID,TERMINAL_CODE,ORG_CODE,IS_VIDEO_TERMINAL,SP_SERVER_NAME,PROTOCOL_TYPE,CHANNELS,YT_PROTOCOL_TYPE) values(241152, 4, 25152, '1005151', 'B0000803',1,'1076测试服务器','4',8,'0');
insert into V_VEHICLEINFO (ORG_CODE,VEHICLE_ID,ID_NUMBER,TYPE_ID,TERMINAL_ID,DELETE_FLAG,COLOR_ID_NUMBER_ID,AUTHORIZED_PAY_MASS) values ('B0000803','2401152', '测B05151', 4, 241152, 0, '2',15);

insert into T_SIMINFO (SIM_ID, ORG_CODE, DEPTCODE, STATE,PAY_MODLE, SIM_NUM) values(25153, 'B0000803', '中国移动', 1, '预付费', 13100005152);
insert into T_TERMINALINFO (TERMINAL_ID,TTYPE_ID,SIM_ID,TERMINAL_CODE,ORG_CODE,IS_VIDEO_TERMINAL,SP_SERVER_NAME,PROTOCOL_TYPE,CHANNELS,YT_PROTOCOL_TYPE) values(241153, 4, 25153, '1005152', 'B0000803',1,'1076测试服务器','4',8,'0');
insert into V_VEHICLEINFO (ORG_CODE,VEHICLE_ID,ID_NUMBER,TYPE_ID,TERMINAL_ID,DELETE_FLAG,COLOR_ID_NUMBER_ID,AUTHORIZED_PAY_MASS) values ('B0000803','2401153', '测B05152', 4, 241153, 0, '2',15);

insert into T_SIMINFO (SIM_ID, ORG_CODE, DEPTCODE, STATE,PAY_MODLE, SIM_NUM) values(25154, 'B0000803', '中国移动', 1, '预付费', 13100005153);
insert into T_TERMINALINFO (TERMINAL_ID,TTYPE_ID,SIM_ID,TERMINAL_CODE,ORG_CODE,IS_VIDEO_TERMINAL,SP_SERVER_NAME,PROTOCOL_TYPE,CHANNELS,YT_PROTOCOL_TYPE) values(241154, 4, 25154, '1005153', 'B0000803',1,'1076测试服务器','4',8,'0');
insert into V_VEHICLEINFO (ORG_CODE,VEHICLE_ID,ID_NUMBER,TYPE_ID,TERMINAL_ID,DELETE_FLAG,COLOR_ID_NUMBER_ID,AUTHORIZED_PAY_MASS) values ('B0000803','2401154', '测B05153', 4, 241154, 0, '2',15);

insert into T_SIMINFO (SIM_ID, ORG_CODE, DEPTCODE, STATE,PAY_MODLE, SIM_NUM) values(25155, 'B0000803', '中国移动', 1, '预付费', 13100005154);
insert into T_TERMINALINFO (TERMINAL_ID,TTYPE_ID,SIM_ID,TERMINAL_CODE,ORG_CODE,IS_VIDEO_TERMINAL,SP_SERVER_NAME,PROTOCOL_TYPE,CHANNELS,YT_PROTOCOL_TYPE) values(241155, 4, 25155, '1005154', 'B0000803',1,'1076测试服务器','4',8,'0');
insert into V_VEHICLEINFO (ORG_CODE,VEHICLE_ID,ID_NUMBER,TYPE_ID,TERMINAL_ID,DELETE_FLAG,COLOR_ID_NUMBER_ID,AUTHORIZED_PAY_MASS) values ('B0000803','2401155', '测B05154', 4, 241155, 0, '2',15);

insert into T_SIMINFO (SIM_ID, ORG_CODE, DEPTCODE, STATE,PAY_MODLE, SIM_NUM) values(25156, 'B0000803', '中国移动', 1, '预付费', 13100005155);
insert into T_TERMINALINFO (TERMINAL_ID,TTYPE_ID,SIM_ID,TERMINAL_CODE,ORG_CODE,IS_VIDEO_TERMINAL,SP_SERVER_NAME,PROTOCOL_TYPE,CHANNELS,YT_PROTOCOL_TYPE) values(241156, 4, 25156, '1005155', 'B0000803',1,'1076测试服务器','4',8,'0');
insert into V_VEHICLEINFO (ORG_CODE,VEHICLE_ID,ID_NUMBER,TYPE_ID,TERMINAL_ID,DELETE_FLAG,COLOR_ID_NUMBER_ID,AUTHORIZED_PAY_MASS) values ('B0000803','2401156', '测B05155', 4, 241156, 0, '2',15);

insert into T_SIMINFO (SIM_ID, ORG_CODE, DEPTCODE, STATE,PAY_MODLE, SIM_NUM) values(25157, 'B0000803', '中国移动', 1, '预付费', 13100005156);
insert into T_TERMINALINFO (TERMINAL_ID,TTYPE_ID,SIM_ID,TERMINAL_CODE,ORG_CODE,IS_VIDEO_TERMINAL,SP_SERVER_NAME,PROTOCOL_TYPE,CHANNELS,YT_PROTOCOL_TYPE) values(241157, 4, 25157, '1005156', 'B0000803',1,'1076测试服务器','4',8,'0');
insert into V_VEHICLEINFO (ORG_CODE,VEHICLE_ID,ID_NUMBER,TYPE_ID,TERMINAL_ID,DELETE_FLAG,COLOR_ID_NUMBER_ID,AUTHORIZED_PAY_MASS) values ('B0000803','2401157', '测B05156', 4, 241157, 0, '2',15);

insert into T_SIMINFO (SIM_ID, ORG_CODE, DEPTCODE, STATE,PAY_MODLE, SIM_NUM) values(25158, 'B0000803', '中国移动', 1, '预付费', 13100005157);
insert into T_TERMINALINFO (TERMINAL_ID,TTYPE_ID,SIM_ID,TERMINAL_CODE,ORG_CODE,IS_VIDEO_TERMINAL,SP_SERVER_NAME,PROTOCOL_TYPE,CHANNELS,YT_PROTOCOL_TYPE) values(241158, 4, 25158, '1005157', 'B0000803',1,'1076测试服务器','4',8,'0');
insert into V_VEHICLEINFO (ORG_CODE,VEHICLE_ID,ID_NUMBER,TYPE_ID,TERMINAL_ID,DELETE_FLAG,COLOR_ID_NUMBER_ID,AUTHORIZED_PAY_MASS) values ('B0000803','2401158', '测B05157', 4, 241158, 0, '2',15);

insert into T_SIMINFO (SIM_ID, ORG_CODE, DEPTCODE, STATE,PAY_MODLE, SIM_NUM) values(25159, 'B0000803', '中国移动', 1, '预付费', 13100005158);
insert into T_TERMINALINFO (TERMINAL_ID,TTYPE_ID,SIM_ID,TERMINAL_CODE,ORG_CODE,IS_VIDEO_TERMINAL,SP_SERVER_NAME,PROTOCOL_TYPE,CHANNELS,YT_PROTOCOL_TYPE) values(241159, 4, 25159, '1005158', 'B0000803',1,'1076测试服务器','4',8,'0');
insert into V_VEHICLEINFO (ORG_CODE,VEHICLE_ID,ID_NUMBER,TYPE_ID,TERMINAL_ID,DELETE_FLAG,COLOR_ID_NUMBER_ID,AUTHORIZED_PAY_MASS) values ('B0000803','2401159', '测B05158', 4, 241159, 0, '2',15);

insert into T_SIMINFO (SIM_ID, ORG_CODE, DEPTCODE, STATE,PAY_MODLE, SIM_NUM) values(25160, 'B0000803', '中国移动', 1, '预付费', 13100005159);
insert into T_TERMINALINFO (TERMINAL_ID,TTYPE_ID,SIM_ID,TERMINAL_CODE,ORG_CODE,IS_VIDEO_TERMINAL,SP_SERVER_NAME,PROTOCOL_TYPE,CHANNELS,YT_PROTOCOL_TYPE) values(241160, 4, 25160, '1005159', 'B0000803',1,'1076测试服务器','4',8,'0');
insert into V_VEHICLEINFO (ORG_CODE,VEHICLE_ID,ID_NUMBER,TYPE_ID,TERMINAL_ID,DELETE_FLAG,COLOR_ID_NUMBER_ID,AUTHORIZED_PAY_MASS) values ('B0000803','2401160', '测B05159', 4, 241160, 0, '2',15);

insert into T_SIMINFO (SIM_ID, ORG_CODE, DEPTCODE, STATE,PAY_MODLE, SIM_NUM) values(25161, 'B0000803', '中国移动', 1, '预付费', 13100005160);
insert into T_TERMINALINFO (TERMINAL_ID,TTYPE_ID,SIM_ID,TERMINAL_CODE,ORG_CODE,IS_VIDEO_TERMINAL,SP_SERVER_NAME,PROTOCOL_TYPE,CHANNELS,YT_PROTOCOL_TYPE) values(241161, 4, 25161, '1005160', 'B0000803',1,'1076测试服务器','4',8,'0');
insert into V_VEHICLEINFO (ORG_CODE,VEHICLE_ID,ID_NUMBER,TYPE_ID,TERMINAL_ID,DELETE_FLAG,COLOR_ID_NUMBER_ID,AUTHORIZED_PAY_MASS) values ('B0000803','2401161', '测B05160', 4, 241161, 0, '2',15);

insert into T_SIMINFO (SIM_ID, ORG_CODE, DEPTCODE, STATE,PAY_MODLE, SIM_NUM) values(25162, 'B0000803', '中国移动', 1, '预付费', 13100005161);
insert into T_TERMINALINFO (TERMINAL_ID,TTYPE_ID,SIM_ID,TERMINAL_CODE,ORG_CODE,IS_VIDEO_TERMINAL,SP_SERVER_NAME,PROTOCOL_TYPE,CHANNELS,YT_PROTOCOL_TYPE) values(241162, 4, 25162, '1005161', 'B0000803',1,'1076测试服务器','4',8,'0');
insert into V_VEHICLEINFO (ORG_CODE,VEHICLE_ID,ID_NUMBER,TYPE_ID,TERMINAL_ID,DELETE_FLAG,COLOR_ID_NUMBER_ID,AUTHORIZED_PAY_MASS) values ('B0000803','2401162', '测B05161', 4, 241162, 0, '2',15);

insert into T_SIMINFO (SIM_ID, ORG_CODE, DEPTCODE, STATE,PAY_MODLE, SIM_NUM) values(25163, 'B0000803', '中国移动', 1, '预付费', 13100005162);
insert into T_TERMINALINFO (TERMINAL_ID,TTYPE_ID,SIM_ID,TERMINAL_CODE,ORG_CODE,IS_VIDEO_TERMINAL,SP_SERVER_NAME,PROTOCOL_TYPE,CHANNELS,YT_PROTOCOL_TYPE) values(241163, 4, 25163, '1005162', 'B0000803',1,'1076测试服务器','4',8,'0');
insert into V_VEHICLEINFO (ORG_CODE,VEHICLE_ID,ID_NUMBER,TYPE_ID,TERMINAL_ID,DELETE_FLAG,COLOR_ID_NUMBER_ID,AUTHORIZED_PAY_MASS) values ('B0000803','2401163', '测B05162', 4, 241163, 0, '2',15);

insert into T_SIMINFO (SIM_ID, ORG_CODE, DEPTCODE, STATE,PAY_MODLE, SIM_NUM) values(25164, 'B0000803', '中国移动', 1, '预付费', 13100005163);
insert into T_TERMINALINFO (TERMINAL_ID,TTYPE_ID,SIM_ID,TERMINAL_CODE,ORG_CODE,IS_VIDEO_TERMINAL,SP_SERVER_NAME,PROTOCOL_TYPE,CHANNELS,YT_PROTOCOL_TYPE) values(241164, 4, 25164, '1005163', 'B0000803',1,'1076测试服务器','4',8,'0');
insert into V_VEHICLEINFO (ORG_CODE,VEHICLE_ID,ID_NUMBER,TYPE_ID,TERMINAL_ID,DELETE_FLAG,COLOR_ID_NUMBER_ID,AUTHORIZED_PAY_MASS) values ('B0000803','2401164', '测B05163', 4, 241164, 0, '2',15);

insert into T_SIMINFO (SIM_ID, ORG_CODE, DEPTCODE, STATE,PAY_MODLE, SIM_NUM) values(25165, 'B0000803', '中国移动', 1, '预付费', 13100005164);
insert into T_TERMINALINFO (TERMINAL_ID,TTYPE_ID,SIM_ID,TERMINAL_CODE,ORG_CODE,IS_VIDEO_TERMINAL,SP_SERVER_NAME,PROTOCOL_TYPE,CHANNELS,YT_PROTOCOL_TYPE) values(241165, 4, 25165, '1005164', 'B0000803',1,'1076测试服务器','4',8,'0');
insert into V_VEHICLEINFO (ORG_CODE,VEHICLE_ID,ID_NUMBER,TYPE_ID,TERMINAL_ID,DELETE_FLAG,COLOR_ID_NUMBER_ID,AUTHORIZED_PAY_MASS) values ('B0000803','2401165', '测B05164', 4, 241165, 0, '2',15);

insert into T_SIMINFO (SIM_ID, ORG_CODE, DEPTCODE, STATE,PAY_MODLE, SIM_NUM) values(25166, 'B0000803', '中国移动', 1, '预付费', 13100005165);
insert into T_TERMINALINFO (TERMINAL_ID,TTYPE_ID,SIM_ID,TERMINAL_CODE,ORG_CODE,IS_VIDEO_TERMINAL,SP_SERVER_NAME,PROTOCOL_TYPE,CHANNELS,YT_PROTOCOL_TYPE) values(241166, 4, 25166, '1005165', 'B0000803',1,'1076测试服务器','4',8,'0');
insert into V_VEHICLEINFO (ORG_CODE,VEHICLE_ID,ID_NUMBER,TYPE_ID,TERMINAL_ID,DELETE_FLAG,COLOR_ID_NUMBER_ID,AUTHORIZED_PAY_MASS) values ('B0000803','2401166', '测B05165', 4, 241166, 0, '2',15);

insert into T_SIMINFO (SIM_ID, ORG_CODE, DEPTCODE, STATE,PAY_MODLE, SIM_NUM) values(25167, 'B0000803', '中国移动', 1, '预付费', 13100005166);
insert into T_TERMINALINFO (TERMINAL_ID,TTYPE_ID,SIM_ID,TERMINAL_CODE,ORG_CODE,IS_VIDEO_TERMINAL,SP_SERVER_NAME,PROTOCOL_TYPE,CHANNELS,YT_PROTOCOL_TYPE) values(241167, 4, 25167, '1005166', 'B0000803',1,'1076测试服务器','4',8,'0');
insert into V_VEHICLEINFO (ORG_CODE,VEHICLE_ID,ID_NUMBER,TYPE_ID,TERMINAL_ID,DELETE_FLAG,COLOR_ID_NUMBER_ID,AUTHORIZED_PAY_MASS) values ('B0000803','2401167', '测B05166', 4, 241167, 0, '2',15);

insert into T_SIMINFO (SIM_ID, ORG_CODE, DEPTCODE, STATE,PAY_MODLE, SIM_NUM) values(25168, 'B0000803', '中国移动', 1, '预付费', 13100005167);
insert into T_TERMINALINFO (TERMINAL_ID,TTYPE_ID,SIM_ID,TERMINAL_CODE,ORG_CODE,IS_VIDEO_TERMINAL,SP_SERVER_NAME,PROTOCOL_TYPE,CHANNELS,YT_PROTOCOL_TYPE) values(241168, 4, 25168, '1005167', 'B0000803',1,'1076测试服务器','4',8,'0');
insert into V_VEHICLEINFO (ORG_CODE,VEHICLE_ID,ID_NUMBER,TYPE_ID,TERMINAL_ID,DELETE_FLAG,COLOR_ID_NUMBER_ID,AUTHORIZED_PAY_MASS) values ('B0000803','2401168', '测B05167', 4, 241168, 0, '2',15);

insert into T_SIMINFO (SIM_ID, ORG_CODE, DEPTCODE, STATE,PAY_MODLE, SIM_NUM) values(25169, 'B0000803', '中国移动', 1, '预付费', 13100005168);
insert into T_TERMINALINFO (TERMINAL_ID,TTYPE_ID,SIM_ID,TERMINAL_CODE,ORG_CODE,IS_VIDEO_TERMINAL,SP_SERVER_NAME,PROTOCOL_TYPE,CHANNELS,YT_PROTOCOL_TYPE) values(241169, 4, 25169, '1005168', 'B0000803',1,'1076测试服务器','4',8,'0');
insert into V_VEHICLEINFO (ORG_CODE,VEHICLE_ID,ID_NUMBER,TYPE_ID,TERMINAL_ID,DELETE_FLAG,COLOR_ID_NUMBER_ID,AUTHORIZED_PAY_MASS) values ('B0000803','2401169', '测B05168', 4, 241169, 0, '2',15);

insert into T_SIMINFO (SIM_ID, ORG_CODE, DEPTCODE, STATE,PAY_MODLE, SIM_NUM) values(25170, 'B0000803', '中国移动', 1, '预付费', 13100005169);
insert into T_TERMINALINFO (TERMINAL_ID,TTYPE_ID,SIM_ID,TERMINAL_CODE,ORG_CODE,IS_VIDEO_TERMINAL,SP_SERVER_NAME,PROTOCOL_TYPE,CHANNELS,YT_PROTOCOL_TYPE) values(241170, 4, 25170, '1005169', 'B0000803',1,'1076测试服务器','4',8,'0');
insert into V_VEHICLEINFO (ORG_CODE,VEHICLE_ID,ID_NUMBER,TYPE_ID,TERMINAL_ID,DELETE_FLAG,COLOR_ID_NUMBER_ID,AUTHORIZED_PAY_MASS) values ('B0000803','2401170', '测B05169', 4, 241170, 0, '2',15);

insert into T_SIMINFO (SIM_ID, ORG_CODE, DEPTCODE, STATE,PAY_MODLE, SIM_NUM) values(25171, 'B0000803', '中国移动', 1, '预付费', 13100005170);
insert into T_TERMINALINFO (TERMINAL_ID,TTYPE_ID,SIM_ID,TERMINAL_CODE,ORG_CODE,IS_VIDEO_TERMINAL,SP_SERVER_NAME,PROTOCOL_TYPE,CHANNELS,YT_PROTOCOL_TYPE) values(241171, 4, 25171, '1005170', 'B0000803',1,'1076测试服务器','4',8,'0');
insert into V_VEHICLEINFO (ORG_CODE,VEHICLE_ID,ID_NUMBER,TYPE_ID,TERMINAL_ID,DELETE_FLAG,COLOR_ID_NUMBER_ID,AUTHORIZED_PAY_MASS) values ('B0000803','2401171', '测B05170', 4, 241171, 0, '2',15);

insert into T_SIMINFO (SIM_ID, ORG_CODE, DEPTCODE, STATE,PAY_MODLE, SIM_NUM) values(25172, 'B0000803', '中国移动', 1, '预付费', 13100005171);
insert into T_TERMINALINFO (TERMINAL_ID,TTYPE_ID,SIM_ID,TERMINAL_CODE,ORG_CODE,IS_VIDEO_TERMINAL,SP_SERVER_NAME,PROTOCOL_TYPE,CHANNELS,YT_PROTOCOL_TYPE) values(241172, 4, 25172, '1005171', 'B0000803',1,'1076测试服务器','4',8,'0');
insert into V_VEHICLEINFO (ORG_CODE,VEHICLE_ID,ID_NUMBER,TYPE_ID,TERMINAL_ID,DELETE_FLAG,COLOR_ID_NUMBER_ID,AUTHORIZED_PAY_MASS) values ('B0000803','2401172', '测B05171', 4, 241172, 0, '2',15);

insert into T_SIMINFO (SIM_ID, ORG_CODE, DEPTCODE, STATE,PAY_MODLE, SIM_NUM) values(25173, 'B0000803', '中国移动', 1, '预付费', 13100005172);
insert into T_TERMINALINFO (TERMINAL_ID,TTYPE_ID,SIM_ID,TERMINAL_CODE,ORG_CODE,IS_VIDEO_TERMINAL,SP_SERVER_NAME,PROTOCOL_TYPE,CHANNELS,YT_PROTOCOL_TYPE) values(241173, 4, 25173, '1005172', 'B0000803',1,'1076测试服务器','4',8,'0');
insert into V_VEHICLEINFO (ORG_CODE,VEHICLE_ID,ID_NUMBER,TYPE_ID,TERMINAL_ID,DELETE_FLAG,COLOR_ID_NUMBER_ID,AUTHORIZED_PAY_MASS) values ('B0000803','2401173', '测B05172', 4, 241173, 0, '2',15);

insert into T_SIMINFO (SIM_ID, ORG_CODE, DEPTCODE, STATE,PAY_MODLE, SIM_NUM) values(25174, 'B0000803', '中国移动', 1, '预付费', 13100005173);
insert into T_TERMINALINFO (TERMINAL_ID,TTYPE_ID,SIM_ID,TERMINAL_CODE,ORG_CODE,IS_VIDEO_TERMINAL,SP_SERVER_NAME,PROTOCOL_TYPE,CHANNELS,YT_PROTOCOL_TYPE) values(241174, 4, 25174, '1005173', 'B0000803',1,'1076测试服务器','4',8,'0');
insert into V_VEHICLEINFO (ORG_CODE,VEHICLE_ID,ID_NUMBER,TYPE_ID,TERMINAL_ID,DELETE_FLAG,COLOR_ID_NUMBER_ID,AUTHORIZED_PAY_MASS) values ('B0000803','2401174', '测B05173', 4, 241174, 0, '2',15);

insert into T_SIMINFO (SIM_ID, ORG_CODE, DEPTCODE, STATE,PAY_MODLE, SIM_NUM) values(25175, 'B0000803', '中国移动', 1, '预付费', 13100005174);
insert into T_TERMINALINFO (TERMINAL_ID,TTYPE_ID,SIM_ID,TERMINAL_CODE,ORG_CODE,IS_VIDEO_TERMINAL,SP_SERVER_NAME,PROTOCOL_TYPE,CHANNELS,YT_PROTOCOL_TYPE) values(241175, 4, 25175, '1005174', 'B0000803',1,'1076测试服务器','4',8,'0');
insert into V_VEHICLEINFO (ORG_CODE,VEHICLE_ID,ID_NUMBER,TYPE_ID,TERMINAL_ID,DELETE_FLAG,COLOR_ID_NUMBER_ID,AUTHORIZED_PAY_MASS) values ('B0000803','2401175', '测B05174', 4, 241175, 0, '2',15);

insert into T_SIMINFO (SIM_ID, ORG_CODE, DEPTCODE, STATE,PAY_MODLE, SIM_NUM) values(25176, 'B0000803', '中国移动', 1, '预付费', 13100005175);
insert into T_TERMINALINFO (TERMINAL_ID,TTYPE_ID,SIM_ID,TERMINAL_CODE,ORG_CODE,IS_VIDEO_TERMINAL,SP_SERVER_NAME,PROTOCOL_TYPE,CHANNELS,YT_PROTOCOL_TYPE) values(241176, 4, 25176, '1005175', 'B0000803',1,'1076测试服务器','4',8,'0');
insert into V_VEHICLEINFO (ORG_CODE,VEHICLE_ID,ID_NUMBER,TYPE_ID,TERMINAL_ID,DELETE_FLAG,COLOR_ID_NUMBER_ID,AUTHORIZED_PAY_MASS) values ('B0000803','2401176', '测B05175', 4, 241176, 0, '2',15);

insert into T_SIMINFO (SIM_ID, ORG_CODE, DEPTCODE, STATE,PAY_MODLE, SIM_NUM) values(25177, 'B0000803', '中国移动', 1, '预付费', 13100005176);
insert into T_TERMINALINFO (TERMINAL_ID,TTYPE_ID,SIM_ID,TERMINAL_CODE,ORG_CODE,IS_VIDEO_TERMINAL,SP_SERVER_NAME,PROTOCOL_TYPE,CHANNELS,YT_PROTOCOL_TYPE) values(241177, 4, 25177, '1005176', 'B0000803',1,'1076测试服务器','4',8,'0');
insert into V_VEHICLEINFO (ORG_CODE,VEHICLE_ID,ID_NUMBER,TYPE_ID,TERMINAL_ID,DELETE_FLAG,COLOR_ID_NUMBER_ID,AUTHORIZED_PAY_MASS) values ('B0000803','2401177', '测B05176', 4, 241177, 0, '2',15);

insert into T_SIMINFO (SIM_ID, ORG_CODE, DEPTCODE, STATE,PAY_MODLE, SIM_NUM) values(25178, 'B0000803', '中国移动', 1, '预付费', 13100005177);
insert into T_TERMINALINFO (TERMINAL_ID,TTYPE_ID,SIM_ID,TERMINAL_CODE,ORG_CODE,IS_VIDEO_TERMINAL,SP_SERVER_NAME,PROTOCOL_TYPE,CHANNELS,YT_PROTOCOL_TYPE) values(241178, 4, 25178, '1005177', 'B0000803',1,'1076测试服务器','4',8,'0');
insert into V_VEHICLEINFO (ORG_CODE,VEHICLE_ID,ID_NUMBER,TYPE_ID,TERMINAL_ID,DELETE_FLAG,COLOR_ID_NUMBER_ID,AUTHORIZED_PAY_MASS) values ('B0000803','2401178', '测B05177', 4, 241178, 0, '2',15);

insert into T_SIMINFO (SIM_ID, ORG_CODE, DEPTCODE, STATE,PAY_MODLE, SIM_NUM) values(25179, 'B0000803', '中国移动', 1, '预付费', 13100005178);
insert into T_TERMINALINFO (TERMINAL_ID,TTYPE_ID,SIM_ID,TERMINAL_CODE,ORG_CODE,IS_VIDEO_TERMINAL,SP_SERVER_NAME,PROTOCOL_TYPE,CHANNELS,YT_PROTOCOL_TYPE) values(241179, 4, 25179, '1005178', 'B0000803',1,'1076测试服务器','4',8,'0');
insert into V_VEHICLEINFO (ORG_CODE,VEHICLE_ID,ID_NUMBER,TYPE_ID,TERMINAL_ID,DELETE_FLAG,COLOR_ID_NUMBER_ID,AUTHORIZED_PAY_MASS) values ('B0000803','2401179', '测B05178', 4, 241179, 0, '2',15);

insert into T_SIMINFO (SIM_ID, ORG_CODE, DEPTCODE, STATE,PAY_MODLE, SIM_NUM) values(25180, 'B0000803', '中国移动', 1, '预付费', 13100005179);
insert into T_TERMINALINFO (TERMINAL_ID,TTYPE_ID,SIM_ID,TERMINAL_CODE,ORG_CODE,IS_VIDEO_TERMINAL,SP_SERVER_NAME,PROTOCOL_TYPE,CHANNELS,YT_PROTOCOL_TYPE) values(241180, 4, 25180, '1005179', 'B0000803',1,'1076测试服务器','4',8,'0');
insert into V_VEHICLEINFO (ORG_CODE,VEHICLE_ID,ID_NUMBER,TYPE_ID,TERMINAL_ID,DELETE_FLAG,COLOR_ID_NUMBER_ID,AUTHORIZED_PAY_MASS) values ('B0000803','2401180', '测B05179', 4, 241180, 0, '2',15);

insert into T_SIMINFO (SIM_ID, ORG_CODE, DEPTCODE, STATE,PAY_MODLE, SIM_NUM) values(25181, 'B0000803', '中国移动', 1, '预付费', 13100005180);
insert into T_TERMINALINFO (TERMINAL_ID,TTYPE_ID,SIM_ID,TERMINAL_CODE,ORG_CODE,IS_VIDEO_TERMINAL,SP_SERVER_NAME,PROTOCOL_TYPE,CHANNELS,YT_PROTOCOL_TYPE) values(241181, 4, 25181, '1005180', 'B0000803',1,'1076测试服务器','4',8,'0');
insert into V_VEHICLEINFO (ORG_CODE,VEHICLE_ID,ID_NUMBER,TYPE_ID,TERMINAL_ID,DELETE_FLAG,COLOR_ID_NUMBER_ID,AUTHORIZED_PAY_MASS) values ('B0000803','2401181', '测B05180', 4, 241181, 0, '2',15);

insert into T_SIMINFO (SIM_ID, ORG_CODE, DEPTCODE, STATE,PAY_MODLE, SIM_NUM) values(25182, 'B0000803', '中国移动', 1, '预付费', 13100005181);
insert into T_TERMINALINFO (TERMINAL_ID,TTYPE_ID,SIM_ID,TERMINAL_CODE,ORG_CODE,IS_VIDEO_TERMINAL,SP_SERVER_NAME,PROTOCOL_TYPE,CHANNELS,YT_PROTOCOL_TYPE) values(241182, 4, 25182, '1005181', 'B0000803',1,'1076测试服务器','4',8,'0');
insert into V_VEHICLEINFO (ORG_CODE,VEHICLE_ID,ID_NUMBER,TYPE_ID,TERMINAL_ID,DELETE_FLAG,COLOR_ID_NUMBER_ID,AUTHORIZED_PAY_MASS) values ('B0000803','2401182', '测B05181', 4, 241182, 0, '2',15);

insert into T_SIMINFO (SIM_ID, ORG_CODE, DEPTCODE, STATE,PAY_MODLE, SIM_NUM) values(25183, 'B0000803', '中国移动', 1, '预付费', 13100005182);
insert into T_TERMINALINFO (TERMINAL_ID,TTYPE_ID,SIM_ID,TERMINAL_CODE,ORG_CODE,IS_VIDEO_TERMINAL,SP_SERVER_NAME,PROTOCOL_TYPE,CHANNELS,YT_PROTOCOL_TYPE) values(241183, 4, 25183, '1005182', 'B0000803',1,'1076测试服务器','4',8,'0');
insert into V_VEHICLEINFO (ORG_CODE,VEHICLE_ID,ID_NUMBER,TYPE_ID,TERMINAL_ID,DELETE_FLAG,COLOR_ID_NUMBER_ID,AUTHORIZED_PAY_MASS) values ('B0000803','2401183', '测B05182', 4, 241183, 0, '2',15);

insert into T_SIMINFO (SIM_ID, ORG_CODE, DEPTCODE, STATE,PAY_MODLE, SIM_NUM) values(25184, 'B0000803', '中国移动', 1, '预付费', 13100005183);
insert into T_TERMINALINFO (TERMINAL_ID,TTYPE_ID,SIM_ID,TERMINAL_CODE,ORG_CODE,IS_VIDEO_TERMINAL,SP_SERVER_NAME,PROTOCOL_TYPE,CHANNELS,YT_PROTOCOL_TYPE) values(241184, 4, 25184, '1005183', 'B0000803',1,'1076测试服务器','4',8,'0');
insert into V_VEHICLEINFO (ORG_CODE,VEHICLE_ID,ID_NUMBER,TYPE_ID,TERMINAL_ID,DELETE_FLAG,COLOR_ID_NUMBER_ID,AUTHORIZED_PAY_MASS) values ('B0000803','2401184', '测B05183', 4, 241184, 0, '2',15);

insert into T_SIMINFO (SIM_ID, ORG_CODE, DEPTCODE, STATE,PAY_MODLE, SIM_NUM) values(25185, 'B0000803', '中国移动', 1, '预付费', 13100005184);
insert into T_TERMINALINFO (TERMINAL_ID,TTYPE_ID,SIM_ID,TERMINAL_CODE,ORG_CODE,IS_VIDEO_TERMINAL,SP_SERVER_NAME,PROTOCOL_TYPE,CHANNELS,YT_PROTOCOL_TYPE) values(241185, 4, 25185, '1005184', 'B0000803',1,'1076测试服务器','4',8,'0');
insert into V_VEHICLEINFO (ORG_CODE,VEHICLE_ID,ID_NUMBER,TYPE_ID,TERMINAL_ID,DELETE_FLAG,COLOR_ID_NUMBER_ID,AUTHORIZED_PAY_MASS) values ('B0000803','2401185', '测B05184', 4, 241185, 0, '2',15);

insert into T_SIMINFO (SIM_ID, ORG_CODE, DEPTCODE, STATE,PAY_MODLE, SIM_NUM) values(25186, 'B0000803', '中国移动', 1, '预付费', 13100005185);
insert into T_TERMINALINFO (TERMINAL_ID,TTYPE_ID,SIM_ID,TERMINAL_CODE,ORG_CODE,IS_VIDEO_TERMINAL,SP_SERVER_NAME,PROTOCOL_TYPE,CHANNELS,YT_PROTOCOL_TYPE) values(241186, 4, 25186, '1005185', 'B0000803',1,'1076测试服务器','4',8,'0');
insert into V_VEHICLEINFO (ORG_CODE,VEHICLE_ID,ID_NUMBER,TYPE_ID,TERMINAL_ID,DELETE_FLAG,COLOR_ID_NUMBER_ID,AUTHORIZED_PAY_MASS) values ('B0000803','2401186', '测B05185', 4, 241186, 0, '2',15);

insert into T_SIMINFO (SIM_ID, ORG_CODE, DEPTCODE, STATE,PAY_MODLE, SIM_NUM) values(25187, 'B0000803', '中国移动', 1, '预付费', 13100005186);
insert into T_TERMINALINFO (TERMINAL_ID,TTYPE_ID,SIM_ID,TERMINAL_CODE,ORG_CODE,IS_VIDEO_TERMINAL,SP_SERVER_NAME,PROTOCOL_TYPE,CHANNELS,YT_PROTOCOL_TYPE) values(241187, 4, 25187, '1005186', 'B0000803',1,'1076测试服务器','4',8,'0');
insert into V_VEHICLEINFO (ORG_CODE,VEHICLE_ID,ID_NUMBER,TYPE_ID,TERMINAL_ID,DELETE_FLAG,COLOR_ID_NUMBER_ID,AUTHORIZED_PAY_MASS) values ('B0000803','2401187', '测B05186', 4, 241187, 0, '2',15);

insert into T_SIMINFO (SIM_ID, ORG_CODE, DEPTCODE, STATE,PAY_MODLE, SIM_NUM) values(25188, 'B0000803', '中国移动', 1, '预付费', 13100005187);
insert into T_TERMINALINFO (TERMINAL_ID,TTYPE_ID,SIM_ID,TERMINAL_CODE,ORG_CODE,IS_VIDEO_TERMINAL,SP_SERVER_NAME,PROTOCOL_TYPE,CHANNELS,YT_PROTOCOL_TYPE) values(241188, 4, 25188, '1005187', 'B0000803',1,'1076测试服务器','4',8,'0');
insert into V_VEHICLEINFO (ORG_CODE,VEHICLE_ID,ID_NUMBER,TYPE_ID,TERMINAL_ID,DELETE_FLAG,COLOR_ID_NUMBER_ID,AUTHORIZED_PAY_MASS) values ('B0000803','2401188', '测B05187', 4, 241188, 0, '2',15);

insert into T_SIMINFO (SIM_ID, ORG_CODE, DEPTCODE, STATE,PAY_MODLE, SIM_NUM) values(25189, 'B0000803', '中国移动', 1, '预付费', 13100005188);
insert into T_TERMINALINFO (TERMINAL_ID,TTYPE_ID,SIM_ID,TERMINAL_CODE,ORG_CODE,IS_VIDEO_TERMINAL,SP_SERVER_NAME,PROTOCOL_TYPE,CHANNELS,YT_PROTOCOL_TYPE) values(241189, 4, 25189, '1005188', 'B0000803',1,'1076测试服务器','4',8,'0');
insert into V_VEHICLEINFO (ORG_CODE,VEHICLE_ID,ID_NUMBER,TYPE_ID,TERMINAL_ID,DELETE_FLAG,COLOR_ID_NUMBER_ID,AUTHORIZED_PAY_MASS) values ('B0000803','2401189', '测B05188', 4, 241189, 0, '2',15);

insert into T_SIMINFO (SIM_ID, ORG_CODE, DEPTCODE, STATE,PAY_MODLE, SIM_NUM) values(25190, 'B0000803', '中国移动', 1, '预付费', 13100005189);
insert into T_TERMINALINFO (TERMINAL_ID,TTYPE_ID,SIM_ID,TERMINAL_CODE,ORG_CODE,IS_VIDEO_TERMINAL,SP_SERVER_NAME,PROTOCOL_TYPE,CHANNELS,YT_PROTOCOL_TYPE) values(241190, 4, 25190, '1005189', 'B0000803',1,'1076测试服务器','4',8,'0');
insert into V_VEHICLEINFO (ORG_CODE,VEHICLE_ID,ID_NUMBER,TYPE_ID,TERMINAL_ID,DELETE_FLAG,COLOR_ID_NUMBER_ID,AUTHORIZED_PAY_MASS) values ('B0000803','2401190', '测B05189', 4, 241190, 0, '2',15);

insert into T_SIMINFO (SIM_ID, ORG_CODE, DEPTCODE, STATE,PAY_MODLE, SIM_NUM) values(25191, 'B0000803', '中国移动', 1, '预付费', 13100005190);
insert into T_TERMINALINFO (TERMINAL_ID,TTYPE_ID,SIM_ID,TERMINAL_CODE,ORG_CODE,IS_VIDEO_TERMINAL,SP_SERVER_NAME,PROTOCOL_TYPE,CHANNELS,YT_PROTOCOL_TYPE) values(241191, 4, 25191, '1005190', 'B0000803',1,'1076测试服务器','4',8,'0');
insert into V_VEHICLEINFO (ORG_CODE,VEHICLE_ID,ID_NUMBER,TYPE_ID,TERMINAL_ID,DELETE_FLAG,COLOR_ID_NUMBER_ID,AUTHORIZED_PAY_MASS) values ('B0000803','2401191', '测B05190', 4, 241191, 0, '2',15);

insert into T_SIMINFO (SIM_ID, ORG_CODE, DEPTCODE, STATE,PAY_MODLE, SIM_NUM) values(25192, 'B0000803', '中国移动', 1, '预付费', 13100005191);
insert into T_TERMINALINFO (TERMINAL_ID,TTYPE_ID,SIM_ID,TERMINAL_CODE,ORG_CODE,IS_VIDEO_TERMINAL,SP_SERVER_NAME,PROTOCOL_TYPE,CHANNELS,YT_PROTOCOL_TYPE) values(241192, 4, 25192, '1005191', 'B0000803',1,'1076测试服务器','4',8,'0');
insert into V_VEHICLEINFO (ORG_CODE,VEHICLE_ID,ID_NUMBER,TYPE_ID,TERMINAL_ID,DELETE_FLAG,COLOR_ID_NUMBER_ID,AUTHORIZED_PAY_MASS) values ('B0000803','2401192', '测B05191', 4, 241192, 0, '2',15);

insert into T_SIMINFO (SIM_ID, ORG_CODE, DEPTCODE, STATE,PAY_MODLE, SIM_NUM) values(25193, 'B0000803', '中国移动', 1, '预付费', 13100005192);
insert into T_TERMINALINFO (TERMINAL_ID,TTYPE_ID,SIM_ID,TERMINAL_CODE,ORG_CODE,IS_VIDEO_TERMINAL,SP_SERVER_NAME,PROTOCOL_TYPE,CHANNELS,YT_PROTOCOL_TYPE) values(241193, 4, 25193, '1005192', 'B0000803',1,'1076测试服务器','4',8,'0');
insert into V_VEHICLEINFO (ORG_CODE,VEHICLE_ID,ID_NUMBER,TYPE_ID,TERMINAL_ID,DELETE_FLAG,COLOR_ID_NUMBER_ID,AUTHORIZED_PAY_MASS) values ('B0000803','2401193', '测B05192', 4, 241193, 0, '2',15);

insert into T_SIMINFO (SIM_ID, ORG_CODE, DEPTCODE, STATE,PAY_MODLE, SIM_NUM) values(25194, 'B0000803', '中国移动', 1, '预付费', 13100005193);
insert into T_TERMINALINFO (TERMINAL_ID,TTYPE_ID,SIM_ID,TERMINAL_CODE,ORG_CODE,IS_VIDEO_TERMINAL,SP_SERVER_NAME,PROTOCOL_TYPE,CHANNELS,YT_PROTOCOL_TYPE) values(241194, 4, 25194, '1005193', 'B0000803',1,'1076测试服务器','4',8,'0');
insert into V_VEHICLEINFO (ORG_CODE,VEHICLE_ID,ID_NUMBER,TYPE_ID,TERMINAL_ID,DELETE_FLAG,COLOR_ID_NUMBER_ID,AUTHORIZED_PAY_MASS) values ('B0000803','2401194', '测B05193', 4, 241194, 0, '2',15);

insert into T_SIMINFO (SIM_ID, ORG_CODE, DEPTCODE, STATE,PAY_MODLE, SIM_NUM) values(25195, 'B0000803', '中国移动', 1, '预付费', 13100005194);
insert into T_TERMINALINFO (TERMINAL_ID,TTYPE_ID,SIM_ID,TERMINAL_CODE,ORG_CODE,IS_VIDEO_TERMINAL,SP_SERVER_NAME,PROTOCOL_TYPE,CHANNELS,YT_PROTOCOL_TYPE) values(241195, 4, 25195, '1005194', 'B0000803',1,'1076测试服务器','4',8,'0');
insert into V_VEHICLEINFO (ORG_CODE,VEHICLE_ID,ID_NUMBER,TYPE_ID,TERMINAL_ID,DELETE_FLAG,COLOR_ID_NUMBER_ID,AUTHORIZED_PAY_MASS) values ('B0000803','2401195', '测B05194', 4, 241195, 0, '2',15);

insert into T_SIMINFO (SIM_ID, ORG_CODE, DEPTCODE, STATE,PAY_MODLE, SIM_NUM) values(25196, 'B0000803', '中国移动', 1, '预付费', 13100005195);
insert into T_TERMINALINFO (TERMINAL_ID,TTYPE_ID,SIM_ID,TERMINAL_CODE,ORG_CODE,IS_VIDEO_TERMINAL,SP_SERVER_NAME,PROTOCOL_TYPE,CHANNELS,YT_PROTOCOL_TYPE) values(241196, 4, 25196, '1005195', 'B0000803',1,'1076测试服务器','4',8,'0');
insert into V_VEHICLEINFO (ORG_CODE,VEHICLE_ID,ID_NUMBER,TYPE_ID,TERMINAL_ID,DELETE_FLAG,COLOR_ID_NUMBER_ID,AUTHORIZED_PAY_MASS) values ('B0000803','2401196', '测B05195', 4, 241196, 0, '2',15);

insert into T_SIMINFO (SIM_ID, ORG_CODE, DEPTCODE, STATE,PAY_MODLE, SIM_NUM) values(25197, 'B0000803', '中国移动', 1, '预付费', 13100005196);
insert into T_TERMINALINFO (TERMINAL_ID,TTYPE_ID,SIM_ID,TERMINAL_CODE,ORG_CODE,IS_VIDEO_TERMINAL,SP_SERVER_NAME,PROTOCOL_TYPE,CHANNELS,YT_PROTOCOL_TYPE) values(241197, 4, 25197, '1005196', 'B0000803',1,'1076测试服务器','4',8,'0');
insert into V_VEHICLEINFO (ORG_CODE,VEHICLE_ID,ID_NUMBER,TYPE_ID,TERMINAL_ID,DELETE_FLAG,COLOR_ID_NUMBER_ID,AUTHORIZED_PAY_MASS) values ('B0000803','2401197', '测B05196', 4, 241197, 0, '2',15);

insert into T_SIMINFO (SIM_ID, ORG_CODE, DEPTCODE, STATE,PAY_MODLE, SIM_NUM) values(25198, 'B0000803', '中国移动', 1, '预付费', 13100005197);
insert into T_TERMINALINFO (TERMINAL_ID,TTYPE_ID,SIM_ID,TERMINAL_CODE,ORG_CODE,IS_VIDEO_TERMINAL,SP_SERVER_NAME,PROTOCOL_TYPE,CHANNELS,YT_PROTOCOL_TYPE) values(241198, 4, 25198, '1005197', 'B0000803',1,'1076测试服务器','4',8,'0');
insert into V_VEHICLEINFO (ORG_CODE,VEHICLE_ID,ID_NUMBER,TYPE_ID,TERMINAL_ID,DELETE_FLAG,COLOR_ID_NUMBER_ID,AUTHORIZED_PAY_MASS) values ('B0000803','2401198', '测B05197', 4, 241198, 0, '2',15);

insert into T_SIMINFO (SIM_ID, ORG_CODE, DEPTCODE, STATE,PAY_MODLE, SIM_NUM) values(25199, 'B0000803', '中国移动', 1, '预付费', 13100005198);
insert into T_TERMINALINFO (TERMINAL_ID,TTYPE_ID,SIM_ID,TERMINAL_CODE,ORG_CODE,IS_VIDEO_TERMINAL,SP_SERVER_NAME,PROTOCOL_TYPE,CHANNELS,YT_PROTOCOL_TYPE) values(241199, 4, 25199, '1005198', 'B0000803',1,'1076测试服务器','4',8,'0');
insert into V_VEHICLEINFO (ORG_CODE,VEHICLE_ID,ID_NUMBER,TYPE_ID,TERMINAL_ID,DELETE_FLAG,COLOR_ID_NUMBER_ID,AUTHORIZED_PAY_MASS) values ('B0000803','2401199', '测B05198', 4, 241199, 0, '2',15);

insert into T_SIMINFO (SIM_ID, ORG_CODE, DEPTCODE, STATE,PAY_MODLE, SIM_NUM) values(25200, 'B0000803', '中国移动', 1, '预付费', 13100005199);
insert into T_TERMINALINFO (TERMINAL_ID,TTYPE_ID,SIM_ID,TERMINAL_CODE,ORG_CODE,IS_VIDEO_TERMINAL,SP_SERVER_NAME,PROTOCOL_TYPE,CHANNELS,YT_PROTOCOL_TYPE) values(241200, 4, 25200, '1005199', 'B0000803',1,'1076测试服务器','4',8,'0');
insert into V_VEHICLEINFO (ORG_CODE,VEHICLE_ID,ID_NUMBER,TYPE_ID,TERMINAL_ID,DELETE_FLAG,COLOR_ID_NUMBER_ID,AUTHORIZED_PAY_MASS) values ('B0000803','2401200', '测B05199', 4, 241200, 0, '2',15);

insert into T_SIMINFO (SIM_ID, ORG_CODE, DEPTCODE, STATE,PAY_MODLE, SIM_NUM) values(25201, 'B0000803', '中国移动', 1, '预付费', 13100005200);
insert into T_TERMINALINFO (TERMINAL_ID,TTYPE_ID,SIM_ID,TERMINAL_CODE,ORG_CODE,IS_VIDEO_TERMINAL,SP_SERVER_NAME,PROTOCOL_TYPE,CHANNELS,YT_PROTOCOL_TYPE) values(241201, 4, 25201, '1005200', 'B0000803',1,'1076测试服务器','4',8,'0');
insert into V_VEHICLEINFO (ORG_CODE,VEHICLE_ID,ID_NUMBER,TYPE_ID,TERMINAL_ID,DELETE_FLAG,COLOR_ID_NUMBER_ID,AUTHORIZED_PAY_MASS) values ('B0000803','2401201', '测B05200', 4, 241201, 0, '2',15);

insert into T_SIMINFO (SIM_ID, ORG_CODE, DEPTCODE, STATE,PAY_MODLE, SIM_NUM) values(25202, 'B0000803', '中国移动', 1, '预付费', 13100005201);
insert into T_TERMINALINFO (TERMINAL_ID,TTYPE_ID,SIM_ID,TERMINAL_CODE,ORG_CODE,IS_VIDEO_TERMINAL,SP_SERVER_NAME,PROTOCOL_TYPE,CHANNELS,YT_PROTOCOL_TYPE) values(241202, 4, 25202, '1005201', 'B0000803',1,'1076测试服务器','4',8,'0');
insert into V_VEHICLEINFO (ORG_CODE,VEHICLE_ID,ID_NUMBER,TYPE_ID,TERMINAL_ID,DELETE_FLAG,COLOR_ID_NUMBER_ID,AUTHORIZED_PAY_MASS) values ('B0000803','2401202', '测B05201', 4, 241202, 0, '2',15);

insert into T_SIMINFO (SIM_ID, ORG_CODE, DEPTCODE, STATE,PAY_MODLE, SIM_NUM) values(25203, 'B0000803', '中国移动', 1, '预付费', 13100005202);
insert into T_TERMINALINFO (TERMINAL_ID,TTYPE_ID,SIM_ID,TERMINAL_CODE,ORG_CODE,IS_VIDEO_TERMINAL,SP_SERVER_NAME,PROTOCOL_TYPE,CHANNELS,YT_PROTOCOL_TYPE) values(241203, 4, 25203, '1005202', 'B0000803',1,'1076测试服务器','4',8,'0');
insert into V_VEHICLEINFO (ORG_CODE,VEHICLE_ID,ID_NUMBER,TYPE_ID,TERMINAL_ID,DELETE_FLAG,COLOR_ID_NUMBER_ID,AUTHORIZED_PAY_MASS) values ('B0000803','2401203', '测B05202', 4, 241203, 0, '2',15);

insert into T_SIMINFO (SIM_ID, ORG_CODE, DEPTCODE, STATE,PAY_MODLE, SIM_NUM) values(25204, 'B0000803', '中国移动', 1, '预付费', 13100005203);
insert into T_TERMINALINFO (TERMINAL_ID,TTYPE_ID,SIM_ID,TERMINAL_CODE,ORG_CODE,IS_VIDEO_TERMINAL,SP_SERVER_NAME,PROTOCOL_TYPE,CHANNELS,YT_PROTOCOL_TYPE) values(241204, 4, 25204, '1005203', 'B0000803',1,'1076测试服务器','4',8,'0');
insert into V_VEHICLEINFO (ORG_CODE,VEHICLE_ID,ID_NUMBER,TYPE_ID,TERMINAL_ID,DELETE_FLAG,COLOR_ID_NUMBER_ID,AUTHORIZED_PAY_MASS) values ('B0000803','2401204', '测B05203', 4, 241204, 0, '2',15);

insert into T_SIMINFO (SIM_ID, ORG_CODE, DEPTCODE, STATE,PAY_MODLE, SIM_NUM) values(25205, 'B0000803', '中国移动', 1, '预付费', 13100005204);
insert into T_TERMINALINFO (TERMINAL_ID,TTYPE_ID,SIM_ID,TERMINAL_CODE,ORG_CODE,IS_VIDEO_TERMINAL,SP_SERVER_NAME,PROTOCOL_TYPE,CHANNELS,YT_PROTOCOL_TYPE) values(241205, 4, 25205, '1005204', 'B0000803',1,'1076测试服务器','4',8,'0');
insert into V_VEHICLEINFO (ORG_CODE,VEHICLE_ID,ID_NUMBER,TYPE_ID,TERMINAL_ID,DELETE_FLAG,COLOR_ID_NUMBER_ID,AUTHORIZED_PAY_MASS) values ('B0000803','2401205', '测B05204', 4, 241205, 0, '2',15);

insert into T_SIMINFO (SIM_ID, ORG_CODE, DEPTCODE, STATE,PAY_MODLE, SIM_NUM) values(25206, 'B0000803', '中国移动', 1, '预付费', 13100005205);
insert into T_TERMINALINFO (TERMINAL_ID,TTYPE_ID,SIM_ID,TERMINAL_CODE,ORG_CODE,IS_VIDEO_TERMINAL,SP_SERVER_NAME,PROTOCOL_TYPE,CHANNELS,YT_PROTOCOL_TYPE) values(241206, 4, 25206, '1005205', 'B0000803',1,'1076测试服务器','4',8,'0');
insert into V_VEHICLEINFO (ORG_CODE,VEHICLE_ID,ID_NUMBER,TYPE_ID,TERMINAL_ID,DELETE_FLAG,COLOR_ID_NUMBER_ID,AUTHORIZED_PAY_MASS) values ('B0000803','2401206', '测B05205', 4, 241206, 0, '2',15);

insert into T_SIMINFO (SIM_ID, ORG_CODE, DEPTCODE, STATE,PAY_MODLE, SIM_NUM) values(25207, 'B0000803', '中国移动', 1, '预付费', 13100005206);
insert into T_TERMINALINFO (TERMINAL_ID,TTYPE_ID,SIM_ID,TERMINAL_CODE,ORG_CODE,IS_VIDEO_TERMINAL,SP_SERVER_NAME,PROTOCOL_TYPE,CHANNELS,YT_PROTOCOL_TYPE) values(241207, 4, 25207, '1005206', 'B0000803',1,'1076测试服务器','4',8,'0');
insert into V_VEHICLEINFO (ORG_CODE,VEHICLE_ID,ID_NUMBER,TYPE_ID,TERMINAL_ID,DELETE_FLAG,COLOR_ID_NUMBER_ID,AUTHORIZED_PAY_MASS) values ('B0000803','2401207', '测B05206', 4, 241207, 0, '2',15);

insert into T_SIMINFO (SIM_ID, ORG_CODE, DEPTCODE, STATE,PAY_MODLE, SIM_NUM) values(25208, 'B0000803', '中国移动', 1, '预付费', 13100005207);
insert into T_TERMINALINFO (TERMINAL_ID,TTYPE_ID,SIM_ID,TERMINAL_CODE,ORG_CODE,IS_VIDEO_TERMINAL,SP_SERVER_NAME,PROTOCOL_TYPE,CHANNELS,YT_PROTOCOL_TYPE) values(241208, 4, 25208, '1005207', 'B0000803',1,'1076测试服务器','4',8,'0');
insert into V_VEHICLEINFO (ORG_CODE,VEHICLE_ID,ID_NUMBER,TYPE_ID,TERMINAL_ID,DELETE_FLAG,COLOR_ID_NUMBER_ID,AUTHORIZED_PAY_MASS) values ('B0000803','2401208', '测B05207', 4, 241208, 0, '2',15);

insert into T_SIMINFO (SIM_ID, ORG_CODE, DEPTCODE, STATE,PAY_MODLE, SIM_NUM) values(25209, 'B0000803', '中国移动', 1, '预付费', 13100005208);
insert into T_TERMINALINFO (TERMINAL_ID,TTYPE_ID,SIM_ID,TERMINAL_CODE,ORG_CODE,IS_VIDEO_TERMINAL,SP_SERVER_NAME,PROTOCOL_TYPE,CHANNELS,YT_PROTOCOL_TYPE) values(241209, 4, 25209, '1005208', 'B0000803',1,'1076测试服务器','4',8,'0');
insert into V_VEHICLEINFO (ORG_CODE,VEHICLE_ID,ID_NUMBER,TYPE_ID,TERMINAL_ID,DELETE_FLAG,COLOR_ID_NUMBER_ID,AUTHORIZED_PAY_MASS) values ('B0000803','2401209', '测B05208', 4, 241209, 0, '2',15);

insert into T_SIMINFO (SIM_ID, ORG_CODE, DEPTCODE, STATE,PAY_MODLE, SIM_NUM) values(25210, 'B0000803', '中国移动', 1, '预付费', 13100005209);
insert into T_TERMINALINFO (TERMINAL_ID,TTYPE_ID,SIM_ID,TERMINAL_CODE,ORG_CODE,IS_VIDEO_TERMINAL,SP_SERVER_NAME,PROTOCOL_TYPE,CHANNELS,YT_PROTOCOL_TYPE) values(241210, 4, 25210, '1005209', 'B0000803',1,'1076测试服务器','4',8,'0');
insert into V_VEHICLEINFO (ORG_CODE,VEHICLE_ID,ID_NUMBER,TYPE_ID,TERMINAL_ID,DELETE_FLAG,COLOR_ID_NUMBER_ID,AUTHORIZED_PAY_MASS) values ('B0000803','2401210', '测B05209', 4, 241210, 0, '2',15);

insert into T_SIMINFO (SIM_ID, ORG_CODE, DEPTCODE, STATE,PAY_MODLE, SIM_NUM) values(25211, 'B0000803', '中国移动', 1, '预付费', 13100005210);
insert into T_TERMINALINFO (TERMINAL_ID,TTYPE_ID,SIM_ID,TERMINAL_CODE,ORG_CODE,IS_VIDEO_TERMINAL,SP_SERVER_NAME,PROTOCOL_TYPE,CHANNELS,YT_PROTOCOL_TYPE) values(241211, 4, 25211, '1005210', 'B0000803',1,'1076测试服务器','4',8,'0');
insert into V_VEHICLEINFO (ORG_CODE,VEHICLE_ID,ID_NUMBER,TYPE_ID,TERMINAL_ID,DELETE_FLAG,COLOR_ID_NUMBER_ID,AUTHORIZED_PAY_MASS) values ('B0000803','2401211', '测B05210', 4, 241211, 0, '2',15);

insert into T_SIMINFO (SIM_ID, ORG_CODE, DEPTCODE, STATE,PAY_MODLE, SIM_NUM) values(25212, 'B0000803', '中国移动', 1, '预付费', 13100005211);
insert into T_TERMINALINFO (TERMINAL_ID,TTYPE_ID,SIM_ID,TERMINAL_CODE,ORG_CODE,IS_VIDEO_TERMINAL,SP_SERVER_NAME,PROTOCOL_TYPE,CHANNELS,YT_PROTOCOL_TYPE) values(241212, 4, 25212, '1005211', 'B0000803',1,'1076测试服务器','4',8,'0');
insert into V_VEHICLEINFO (ORG_CODE,VEHICLE_ID,ID_NUMBER,TYPE_ID,TERMINAL_ID,DELETE_FLAG,COLOR_ID_NUMBER_ID,AUTHORIZED_PAY_MASS) values ('B0000803','2401212', '测B05211', 4, 241212, 0, '2',15);

insert into T_SIMINFO (SIM_ID, ORG_CODE, DEPTCODE, STATE,PAY_MODLE, SIM_NUM) values(25213, 'B0000803', '中国移动', 1, '预付费', 13100005212);
insert into T_TERMINALINFO (TERMINAL_ID,TTYPE_ID,SIM_ID,TERMINAL_CODE,ORG_CODE,IS_VIDEO_TERMINAL,SP_SERVER_NAME,PROTOCOL_TYPE,CHANNELS,YT_PROTOCOL_TYPE) values(241213, 4, 25213, '1005212', 'B0000803',1,'1076测试服务器','4',8,'0');
insert into V_VEHICLEINFO (ORG_CODE,VEHICLE_ID,ID_NUMBER,TYPE_ID,TERMINAL_ID,DELETE_FLAG,COLOR_ID_NUMBER_ID,AUTHORIZED_PAY_MASS) values ('B0000803','2401213', '测B05212', 4, 241213, 0, '2',15);

insert into T_SIMINFO (SIM_ID, ORG_CODE, DEPTCODE, STATE,PAY_MODLE, SIM_NUM) values(25214, 'B0000803', '中国移动', 1, '预付费', 13100005213);
insert into T_TERMINALINFO (TERMINAL_ID,TTYPE_ID,SIM_ID,TERMINAL_CODE,ORG_CODE,IS_VIDEO_TERMINAL,SP_SERVER_NAME,PROTOCOL_TYPE,CHANNELS,YT_PROTOCOL_TYPE) values(241214, 4, 25214, '1005213', 'B0000803',1,'1076测试服务器','4',8,'0');
insert into V_VEHICLEINFO (ORG_CODE,VEHICLE_ID,ID_NUMBER,TYPE_ID,TERMINAL_ID,DELETE_FLAG,COLOR_ID_NUMBER_ID,AUTHORIZED_PAY_MASS) values ('B0000803','2401214', '测B05213', 4, 241214, 0, '2',15);

insert into T_SIMINFO (SIM_ID, ORG_CODE, DEPTCODE, STATE,PAY_MODLE, SIM_NUM) values(25215, 'B0000803', '中国移动', 1, '预付费', 13100005214);
insert into T_TERMINALINFO (TERMINAL_ID,TTYPE_ID,SIM_ID,TERMINAL_CODE,ORG_CODE,IS_VIDEO_TERMINAL,SP_SERVER_NAME,PROTOCOL_TYPE,CHANNELS,YT_PROTOCOL_TYPE) values(241215, 4, 25215, '1005214', 'B0000803',1,'1076测试服务器','4',8,'0');
insert into V_VEHICLEINFO (ORG_CODE,VEHICLE_ID,ID_NUMBER,TYPE_ID,TERMINAL_ID,DELETE_FLAG,COLOR_ID_NUMBER_ID,AUTHORIZED_PAY_MASS) values ('B0000803','2401215', '测B05214', 4, 241215, 0, '2',15);

insert into T_SIMINFO (SIM_ID, ORG_CODE, DEPTCODE, STATE,PAY_MODLE, SIM_NUM) values(25216, 'B0000803', '中国移动', 1, '预付费', 13100005215);
insert into T_TERMINALINFO (TERMINAL_ID,TTYPE_ID,SIM_ID,TERMINAL_CODE,ORG_CODE,IS_VIDEO_TERMINAL,SP_SERVER_NAME,PROTOCOL_TYPE,CHANNELS,YT_PROTOCOL_TYPE) values(241216, 4, 25216, '1005215', 'B0000803',1,'1076测试服务器','4',8,'0');
insert into V_VEHICLEINFO (ORG_CODE,VEHICLE_ID,ID_NUMBER,TYPE_ID,TERMINAL_ID,DELETE_FLAG,COLOR_ID_NUMBER_ID,AUTHORIZED_PAY_MASS) values ('B0000803','2401216', '测B05215', 4, 241216, 0, '2',15);

insert into T_SIMINFO (SIM_ID, ORG_CODE, DEPTCODE, STATE,PAY_MODLE, SIM_NUM) values(25217, 'B0000803', '中国移动', 1, '预付费', 13100005216);
insert into T_TERMINALINFO (TERMINAL_ID,TTYPE_ID,SIM_ID,TERMINAL_CODE,ORG_CODE,IS_VIDEO_TERMINAL,SP_SERVER_NAME,PROTOCOL_TYPE,CHANNELS,YT_PROTOCOL_TYPE) values(241217, 4, 25217, '1005216', 'B0000803',1,'1076测试服务器','4',8,'0');
insert into V_VEHICLEINFO (ORG_CODE,VEHICLE_ID,ID_NUMBER,TYPE_ID,TERMINAL_ID,DELETE_FLAG,COLOR_ID_NUMBER_ID,AUTHORIZED_PAY_MASS) values ('B0000803','2401217', '测B05216', 4, 241217, 0, '2',15);

insert into T_SIMINFO (SIM_ID, ORG_CODE, DEPTCODE, STATE,PAY_MODLE, SIM_NUM) values(25218, 'B0000803', '中国移动', 1, '预付费', 13100005217);
insert into T_TERMINALINFO (TERMINAL_ID,TTYPE_ID,SIM_ID,TERMINAL_CODE,ORG_CODE,IS_VIDEO_TERMINAL,SP_SERVER_NAME,PROTOCOL_TYPE,CHANNELS,YT_PROTOCOL_TYPE) values(241218, 4, 25218, '1005217', 'B0000803',1,'1076测试服务器','4',8,'0');
insert into V_VEHICLEINFO (ORG_CODE,VEHICLE_ID,ID_NUMBER,TYPE_ID,TERMINAL_ID,DELETE_FLAG,COLOR_ID_NUMBER_ID,AUTHORIZED_PAY_MASS) values ('B0000803','2401218', '测B05217', 4, 241218, 0, '2',15);

insert into T_SIMINFO (SIM_ID, ORG_CODE, DEPTCODE, STATE,PAY_MODLE, SIM_NUM) values(25219, 'B0000803', '中国移动', 1, '预付费', 13100005218);
insert into T_TERMINALINFO (TERMINAL_ID,TTYPE_ID,SIM_ID,TERMINAL_CODE,ORG_CODE,IS_VIDEO_TERMINAL,SP_SERVER_NAME,PROTOCOL_TYPE,CHANNELS,YT_PROTOCOL_TYPE) values(241219, 4, 25219, '1005218', 'B0000803',1,'1076测试服务器','4',8,'0');
insert into V_VEHICLEINFO (ORG_CODE,VEHICLE_ID,ID_NUMBER,TYPE_ID,TERMINAL_ID,DELETE_FLAG,COLOR_ID_NUMBER_ID,AUTHORIZED_PAY_MASS) values ('B0000803','2401219', '测B05218', 4, 241219, 0, '2',15);

insert into T_SIMINFO (SIM_ID, ORG_CODE, DEPTCODE, STATE,PAY_MODLE, SIM_NUM) values(25220, 'B0000803', '中国移动', 1, '预付费', 13100005219);
insert into T_TERMINALINFO (TERMINAL_ID,TTYPE_ID,SIM_ID,TERMINAL_CODE,ORG_CODE,IS_VIDEO_TERMINAL,SP_SERVER_NAME,PROTOCOL_TYPE,CHANNELS,YT_PROTOCOL_TYPE) values(241220, 4, 25220, '1005219', 'B0000803',1,'1076测试服务器','4',8,'0');
insert into V_VEHICLEINFO (ORG_CODE,VEHICLE_ID,ID_NUMBER,TYPE_ID,TERMINAL_ID,DELETE_FLAG,COLOR_ID_NUMBER_ID,AUTHORIZED_PAY_MASS) values ('B0000803','2401220', '测B05219', 4, 241220, 0, '2',15);

insert into T_SIMINFO (SIM_ID, ORG_CODE, DEPTCODE, STATE,PAY_MODLE, SIM_NUM) values(25221, 'B0000803', '中国移动', 1, '预付费', 13100005220);
insert into T_TERMINALINFO (TERMINAL_ID,TTYPE_ID,SIM_ID,TERMINAL_CODE,ORG_CODE,IS_VIDEO_TERMINAL,SP_SERVER_NAME,PROTOCOL_TYPE,CHANNELS,YT_PROTOCOL_TYPE) values(241221, 4, 25221, '1005220', 'B0000803',1,'1076测试服务器','4',8,'0');
insert into V_VEHICLEINFO (ORG_CODE,VEHICLE_ID,ID_NUMBER,TYPE_ID,TERMINAL_ID,DELETE_FLAG,COLOR_ID_NUMBER_ID,AUTHORIZED_PAY_MASS) values ('B0000803','2401221', '测B05220', 4, 241221, 0, '2',15);

insert into T_SIMINFO (SIM_ID, ORG_CODE, DEPTCODE, STATE,PAY_MODLE, SIM_NUM) values(25222, 'B0000803', '中国移动', 1, '预付费', 13100005221);
insert into T_TERMINALINFO (TERMINAL_ID,TTYPE_ID,SIM_ID,TERMINAL_CODE,ORG_CODE,IS_VIDEO_TERMINAL,SP_SERVER_NAME,PROTOCOL_TYPE,CHANNELS,YT_PROTOCOL_TYPE) values(241222, 4, 25222, '1005221', 'B0000803',1,'1076测试服务器','4',8,'0');
insert into V_VEHICLEINFO (ORG_CODE,VEHICLE_ID,ID_NUMBER,TYPE_ID,TERMINAL_ID,DELETE_FLAG,COLOR_ID_NUMBER_ID,AUTHORIZED_PAY_MASS) values ('B0000803','2401222', '测B05221', 4, 241222, 0, '2',15);

insert into T_SIMINFO (SIM_ID, ORG_CODE, DEPTCODE, STATE,PAY_MODLE, SIM_NUM) values(25223, 'B0000803', '中国移动', 1, '预付费', 13100005222);
insert into T_TERMINALINFO (TERMINAL_ID,TTYPE_ID,SIM_ID,TERMINAL_CODE,ORG_CODE,IS_VIDEO_TERMINAL,SP_SERVER_NAME,PROTOCOL_TYPE,CHANNELS,YT_PROTOCOL_TYPE) values(241223, 4, 25223, '1005222', 'B0000803',1,'1076测试服务器','4',8,'0');
insert into V_VEHICLEINFO (ORG_CODE,VEHICLE_ID,ID_NUMBER,TYPE_ID,TERMINAL_ID,DELETE_FLAG,COLOR_ID_NUMBER_ID,AUTHORIZED_PAY_MASS) values ('B0000803','2401223', '测B05222', 4, 241223, 0, '2',15);

insert into T_SIMINFO (SIM_ID, ORG_CODE, DEPTCODE, STATE,PAY_MODLE, SIM_NUM) values(25224, 'B0000803', '中国移动', 1, '预付费', 13100005223);
insert into T_TERMINALINFO (TERMINAL_ID,TTYPE_ID,SIM_ID,TERMINAL_CODE,ORG_CODE,IS_VIDEO_TERMINAL,SP_SERVER_NAME,PROTOCOL_TYPE,CHANNELS,YT_PROTOCOL_TYPE) values(241224, 4, 25224, '1005223', 'B0000803',1,'1076测试服务器','4',8,'0');
insert into V_VEHICLEINFO (ORG_CODE,VEHICLE_ID,ID_NUMBER,TYPE_ID,TERMINAL_ID,DELETE_FLAG,COLOR_ID_NUMBER_ID,AUTHORIZED_PAY_MASS) values ('B0000803','2401224', '测B05223', 4, 241224, 0, '2',15);

insert into T_SIMINFO (SIM_ID, ORG_CODE, DEPTCODE, STATE,PAY_MODLE, SIM_NUM) values(25225, 'B0000803', '中国移动', 1, '预付费', 13100005224);
insert into T_TERMINALINFO (TERMINAL_ID,TTYPE_ID,SIM_ID,TERMINAL_CODE,ORG_CODE,IS_VIDEO_TERMINAL,SP_SERVER_NAME,PROTOCOL_TYPE,CHANNELS,YT_PROTOCOL_TYPE) values(241225, 4, 25225, '1005224', 'B0000803',1,'1076测试服务器','4',8,'0');
insert into V_VEHICLEINFO (ORG_CODE,VEHICLE_ID,ID_NUMBER,TYPE_ID,TERMINAL_ID,DELETE_FLAG,COLOR_ID_NUMBER_ID,AUTHORIZED_PAY_MASS) values ('B0000803','2401225', '测B05224', 4, 241225, 0, '2',15);

insert into T_SIMINFO (SIM_ID, ORG_CODE, DEPTCODE, STATE,PAY_MODLE, SIM_NUM) values(25226, 'B0000803', '中国移动', 1, '预付费', 13100005225);
insert into T_TERMINALINFO (TERMINAL_ID,TTYPE_ID,SIM_ID,TERMINAL_CODE,ORG_CODE,IS_VIDEO_TERMINAL,SP_SERVER_NAME,PROTOCOL_TYPE,CHANNELS,YT_PROTOCOL_TYPE) values(241226, 4, 25226, '1005225', 'B0000803',1,'1076测试服务器','4',8,'0');
insert into V_VEHICLEINFO (ORG_CODE,VEHICLE_ID,ID_NUMBER,TYPE_ID,TERMINAL_ID,DELETE_FLAG,COLOR_ID_NUMBER_ID,AUTHORIZED_PAY_MASS) values ('B0000803','2401226', '测B05225', 4, 241226, 0, '2',15);

insert into T_SIMINFO (SIM_ID, ORG_CODE, DEPTCODE, STATE,PAY_MODLE, SIM_NUM) values(25227, 'B0000803', '中国移动', 1, '预付费', 13100005226);
insert into T_TERMINALINFO (TERMINAL_ID,TTYPE_ID,SIM_ID,TERMINAL_CODE,ORG_CODE,IS_VIDEO_TERMINAL,SP_SERVER_NAME,PROTOCOL_TYPE,CHANNELS,YT_PROTOCOL_TYPE) values(241227, 4, 25227, '1005226', 'B0000803',1,'1076测试服务器','4',8,'0');
insert into V_VEHICLEINFO (ORG_CODE,VEHICLE_ID,ID_NUMBER,TYPE_ID,TERMINAL_ID,DELETE_FLAG,COLOR_ID_NUMBER_ID,AUTHORIZED_PAY_MASS) values ('B0000803','2401227', '测B05226', 4, 241227, 0, '2',15);

insert into T_SIMINFO (SIM_ID, ORG_CODE, DEPTCODE, STATE,PAY_MODLE, SIM_NUM) values(25228, 'B0000803', '中国移动', 1, '预付费', 13100005227);
insert into T_TERMINALINFO (TERMINAL_ID,TTYPE_ID,SIM_ID,TERMINAL_CODE,ORG_CODE,IS_VIDEO_TERMINAL,SP_SERVER_NAME,PROTOCOL_TYPE,CHANNELS,YT_PROTOCOL_TYPE) values(241228, 4, 25228, '1005227', 'B0000803',1,'1076测试服务器','4',8,'0');
insert into V_VEHICLEINFO (ORG_CODE,VEHICLE_ID,ID_NUMBER,TYPE_ID,TERMINAL_ID,DELETE_FLAG,COLOR_ID_NUMBER_ID,AUTHORIZED_PAY_MASS) values ('B0000803','2401228', '测B05227', 4, 241228, 0, '2',15);

insert into T_SIMINFO (SIM_ID, ORG_CODE, DEPTCODE, STATE,PAY_MODLE, SIM_NUM) values(25229, 'B0000803', '中国移动', 1, '预付费', 13100005228);
insert into T_TERMINALINFO (TERMINAL_ID,TTYPE_ID,SIM_ID,TERMINAL_CODE,ORG_CODE,IS_VIDEO_TERMINAL,SP_SERVER_NAME,PROTOCOL_TYPE,CHANNELS,YT_PROTOCOL_TYPE) values(241229, 4, 25229, '1005228', 'B0000803',1,'1076测试服务器','4',8,'0');
insert into V_VEHICLEINFO (ORG_CODE,VEHICLE_ID,ID_NUMBER,TYPE_ID,TERMINAL_ID,DELETE_FLAG,COLOR_ID_NUMBER_ID,AUTHORIZED_PAY_MASS) values ('B0000803','2401229', '测B05228', 4, 241229, 0, '2',15);

insert into T_SIMINFO (SIM_ID, ORG_CODE, DEPTCODE, STATE,PAY_MODLE, SIM_NUM) values(25230, 'B0000803', '中国移动', 1, '预付费', 13100005229);
insert into T_TERMINALINFO (TERMINAL_ID,TTYPE_ID,SIM_ID,TERMINAL_CODE,ORG_CODE,IS_VIDEO_TERMINAL,SP_SERVER_NAME,PROTOCOL_TYPE,CHANNELS,YT_PROTOCOL_TYPE) values(241230, 4, 25230, '1005229', 'B0000803',1,'1076测试服务器','4',8,'0');
insert into V_VEHICLEINFO (ORG_CODE,VEHICLE_ID,ID_NUMBER,TYPE_ID,TERMINAL_ID,DELETE_FLAG,COLOR_ID_NUMBER_ID,AUTHORIZED_PAY_MASS) values ('B0000803','2401230', '测B05229', 4, 241230, 0, '2',15);

insert into T_SIMINFO (SIM_ID, ORG_CODE, DEPTCODE, STATE,PAY_MODLE, SIM_NUM) values(25231, 'B0000803', '中国移动', 1, '预付费', 13100005230);
insert into T_TERMINALINFO (TERMINAL_ID,TTYPE_ID,SIM_ID,TERMINAL_CODE,ORG_CODE,IS_VIDEO_TERMINAL,SP_SERVER_NAME,PROTOCOL_TYPE,CHANNELS,YT_PROTOCOL_TYPE) values(241231, 4, 25231, '1005230', 'B0000803',1,'1076测试服务器','4',8,'0');
insert into V_VEHICLEINFO (ORG_CODE,VEHICLE_ID,ID_NUMBER,TYPE_ID,TERMINAL_ID,DELETE_FLAG,COLOR_ID_NUMBER_ID,AUTHORIZED_PAY_MASS) values ('B0000803','2401231', '测B05230', 4, 241231, 0, '2',15);

insert into T_SIMINFO (SIM_ID, ORG_CODE, DEPTCODE, STATE,PAY_MODLE, SIM_NUM) values(25232, 'B0000803', '中国移动', 1, '预付费', 13100005231);
insert into T_TERMINALINFO (TERMINAL_ID,TTYPE_ID,SIM_ID,TERMINAL_CODE,ORG_CODE,IS_VIDEO_TERMINAL,SP_SERVER_NAME,PROTOCOL_TYPE,CHANNELS,YT_PROTOCOL_TYPE) values(241232, 4, 25232, '1005231', 'B0000803',1,'1076测试服务器','4',8,'0');
insert into V_VEHICLEINFO (ORG_CODE,VEHICLE_ID,ID_NUMBER,TYPE_ID,TERMINAL_ID,DELETE_FLAG,COLOR_ID_NUMBER_ID,AUTHORIZED_PAY_MASS) values ('B0000803','2401232', '测B05231', 4, 241232, 0, '2',15);

insert into T_SIMINFO (SIM_ID, ORG_CODE, DEPTCODE, STATE,PAY_MODLE, SIM_NUM) values(25233, 'B0000803', '中国移动', 1, '预付费', 13100005232);
insert into T_TERMINALINFO (TERMINAL_ID,TTYPE_ID,SIM_ID,TERMINAL_CODE,ORG_CODE,IS_VIDEO_TERMINAL,SP_SERVER_NAME,PROTOCOL_TYPE,CHANNELS,YT_PROTOCOL_TYPE) values(241233, 4, 25233, '1005232', 'B0000803',1,'1076测试服务器','4',8,'0');
insert into V_VEHICLEINFO (ORG_CODE,VEHICLE_ID,ID_NUMBER,TYPE_ID,TERMINAL_ID,DELETE_FLAG,COLOR_ID_NUMBER_ID,AUTHORIZED_PAY_MASS) values ('B0000803','2401233', '测B05232', 4, 241233, 0, '2',15);

insert into T_SIMINFO (SIM_ID, ORG_CODE, DEPTCODE, STATE,PAY_MODLE, SIM_NUM) values(25234, 'B0000803', '中国移动', 1, '预付费', 13100005233);
insert into T_TERMINALINFO (TERMINAL_ID,TTYPE_ID,SIM_ID,TERMINAL_CODE,ORG_CODE,IS_VIDEO_TERMINAL,SP_SERVER_NAME,PROTOCOL_TYPE,CHANNELS,YT_PROTOCOL_TYPE) values(241234, 4, 25234, '1005233', 'B0000803',1,'1076测试服务器','4',8,'0');
insert into V_VEHICLEINFO (ORG_CODE,VEHICLE_ID,ID_NUMBER,TYPE_ID,TERMINAL_ID,DELETE_FLAG,COLOR_ID_NUMBER_ID,AUTHORIZED_PAY_MASS) values ('B0000803','2401234', '测B05233', 4, 241234, 0, '2',15);

insert into T_SIMINFO (SIM_ID, ORG_CODE, DEPTCODE, STATE,PAY_MODLE, SIM_NUM) values(25235, 'B0000803', '中国移动', 1, '预付费', 13100005234);
insert into T_TERMINALINFO (TERMINAL_ID,TTYPE_ID,SIM_ID,TERMINAL_CODE,ORG_CODE,IS_VIDEO_TERMINAL,SP_SERVER_NAME,PROTOCOL_TYPE,CHANNELS,YT_PROTOCOL_TYPE) values(241235, 4, 25235, '1005234', 'B0000803',1,'1076测试服务器','4',8,'0');
insert into V_VEHICLEINFO (ORG_CODE,VEHICLE_ID,ID_NUMBER,TYPE_ID,TERMINAL_ID,DELETE_FLAG,COLOR_ID_NUMBER_ID,AUTHORIZED_PAY_MASS) values ('B0000803','2401235', '测B05234', 4, 241235, 0, '2',15);

insert into T_SIMINFO (SIM_ID, ORG_CODE, DEPTCODE, STATE,PAY_MODLE, SIM_NUM) values(25236, 'B0000803', '中国移动', 1, '预付费', 13100005235);
insert into T_TERMINALINFO (TERMINAL_ID,TTYPE_ID,SIM_ID,TERMINAL_CODE,ORG_CODE,IS_VIDEO_TERMINAL,SP_SERVER_NAME,PROTOCOL_TYPE,CHANNELS,YT_PROTOCOL_TYPE) values(241236, 4, 25236, '1005235', 'B0000803',1,'1076测试服务器','4',8,'0');
insert into V_VEHICLEINFO (ORG_CODE,VEHICLE_ID,ID_NUMBER,TYPE_ID,TERMINAL_ID,DELETE_FLAG,COLOR_ID_NUMBER_ID,AUTHORIZED_PAY_MASS) values ('B0000803','2401236', '测B05235', 4, 241236, 0, '2',15);

insert into T_SIMINFO (SIM_ID, ORG_CODE, DEPTCODE, STATE,PAY_MODLE, SIM_NUM) values(25237, 'B0000803', '中国移动', 1, '预付费', 13100005236);
insert into T_TERMINALINFO (TERMINAL_ID,TTYPE_ID,SIM_ID,TERMINAL_CODE,ORG_CODE,IS_VIDEO_TERMINAL,SP_SERVER_NAME,PROTOCOL_TYPE,CHANNELS,YT_PROTOCOL_TYPE) values(241237, 4, 25237, '1005236', 'B0000803',1,'1076测试服务器','4',8,'0');
insert into V_VEHICLEINFO (ORG_CODE,VEHICLE_ID,ID_NUMBER,TYPE_ID,TERMINAL_ID,DELETE_FLAG,COLOR_ID_NUMBER_ID,AUTHORIZED_PAY_MASS) values ('B0000803','2401237', '测B05236', 4, 241237, 0, '2',15);

insert into T_SIMINFO (SIM_ID, ORG_CODE, DEPTCODE, STATE,PAY_MODLE, SIM_NUM) values(25238, 'B0000803', '中国移动', 1, '预付费', 13100005237);
insert into T_TERMINALINFO (TERMINAL_ID,TTYPE_ID,SIM_ID,TERMINAL_CODE,ORG_CODE,IS_VIDEO_TERMINAL,SP_SERVER_NAME,PROTOCOL_TYPE,CHANNELS,YT_PROTOCOL_TYPE) values(241238, 4, 25238, '1005237', 'B0000803',1,'1076测试服务器','4',8,'0');
insert into V_VEHICLEINFO (ORG_CODE,VEHICLE_ID,ID_NUMBER,TYPE_ID,TERMINAL_ID,DELETE_FLAG,COLOR_ID_NUMBER_ID,AUTHORIZED_PAY_MASS) values ('B0000803','2401238', '测B05237', 4, 241238, 0, '2',15);

insert into T_SIMINFO (SIM_ID, ORG_CODE, DEPTCODE, STATE,PAY_MODLE, SIM_NUM) values(25239, 'B0000803', '中国移动', 1, '预付费', 13100005238);
insert into T_TERMINALINFO (TERMINAL_ID,TTYPE_ID,SIM_ID,TERMINAL_CODE,ORG_CODE,IS_VIDEO_TERMINAL,SP_SERVER_NAME,PROTOCOL_TYPE,CHANNELS,YT_PROTOCOL_TYPE) values(241239, 4, 25239, '1005238', 'B0000803',1,'1076测试服务器','4',8,'0');
insert into V_VEHICLEINFO (ORG_CODE,VEHICLE_ID,ID_NUMBER,TYPE_ID,TERMINAL_ID,DELETE_FLAG,COLOR_ID_NUMBER_ID,AUTHORIZED_PAY_MASS) values ('B0000803','2401239', '测B05238', 4, 241239, 0, '2',15);

insert into T_SIMINFO (SIM_ID, ORG_CODE, DEPTCODE, STATE,PAY_MODLE, SIM_NUM) values(25240, 'B0000803', '中国移动', 1, '预付费', 13100005239);
insert into T_TERMINALINFO (TERMINAL_ID,TTYPE_ID,SIM_ID,TERMINAL_CODE,ORG_CODE,IS_VIDEO_TERMINAL,SP_SERVER_NAME,PROTOCOL_TYPE,CHANNELS,YT_PROTOCOL_TYPE) values(241240, 4, 25240, '1005239', 'B0000803',1,'1076测试服务器','4',8,'0');
insert into V_VEHICLEINFO (ORG_CODE,VEHICLE_ID,ID_NUMBER,TYPE_ID,TERMINAL_ID,DELETE_FLAG,COLOR_ID_NUMBER_ID,AUTHORIZED_PAY_MASS) values ('B0000803','2401240', '测B05239', 4, 241240, 0, '2',15);

insert into T_SIMINFO (SIM_ID, ORG_CODE, DEPTCODE, STATE,PAY_MODLE, SIM_NUM) values(25241, 'B0000803', '中国移动', 1, '预付费', 13100005240);
insert into T_TERMINALINFO (TERMINAL_ID,TTYPE_ID,SIM_ID,TERMINAL_CODE,ORG_CODE,IS_VIDEO_TERMINAL,SP_SERVER_NAME,PROTOCOL_TYPE,CHANNELS,YT_PROTOCOL_TYPE) values(241241, 4, 25241, '1005240', 'B0000803',1,'1076测试服务器','4',8,'0');
insert into V_VEHICLEINFO (ORG_CODE,VEHICLE_ID,ID_NUMBER,TYPE_ID,TERMINAL_ID,DELETE_FLAG,COLOR_ID_NUMBER_ID,AUTHORIZED_PAY_MASS) values ('B0000803','2401241', '测B05240', 4, 241241, 0, '2',15);

insert into T_SIMINFO (SIM_ID, ORG_CODE, DEPTCODE, STATE,PAY_MODLE, SIM_NUM) values(25242, 'B0000803', '中国移动', 1, '预付费', 13100005241);
insert into T_TERMINALINFO (TERMINAL_ID,TTYPE_ID,SIM_ID,TERMINAL_CODE,ORG_CODE,IS_VIDEO_TERMINAL,SP_SERVER_NAME,PROTOCOL_TYPE,CHANNELS,YT_PROTOCOL_TYPE) values(241242, 4, 25242, '1005241', 'B0000803',1,'1076测试服务器','4',8,'0');
insert into V_VEHICLEINFO (ORG_CODE,VEHICLE_ID,ID_NUMBER,TYPE_ID,TERMINAL_ID,DELETE_FLAG,COLOR_ID_NUMBER_ID,AUTHORIZED_PAY_MASS) values ('B0000803','2401242', '测B05241', 4, 241242, 0, '2',15);

insert into T_SIMINFO (SIM_ID, ORG_CODE, DEPTCODE, STATE,PAY_MODLE, SIM_NUM) values(25243, 'B0000803', '中国移动', 1, '预付费', 13100005242);
insert into T_TERMINALINFO (TERMINAL_ID,TTYPE_ID,SIM_ID,TERMINAL_CODE,ORG_CODE,IS_VIDEO_TERMINAL,SP_SERVER_NAME,PROTOCOL_TYPE,CHANNELS,YT_PROTOCOL_TYPE) values(241243, 4, 25243, '1005242', 'B0000803',1,'1076测试服务器','4',8,'0');
insert into V_VEHICLEINFO (ORG_CODE,VEHICLE_ID,ID_NUMBER,TYPE_ID,TERMINAL_ID,DELETE_FLAG,COLOR_ID_NUMBER_ID,AUTHORIZED_PAY_MASS) values ('B0000803','2401243', '测B05242', 4, 241243, 0, '2',15);

insert into T_SIMINFO (SIM_ID, ORG_CODE, DEPTCODE, STATE,PAY_MODLE, SIM_NUM) values(25244, 'B0000803', '中国移动', 1, '预付费', 13100005243);
insert into T_TERMINALINFO (TERMINAL_ID,TTYPE_ID,SIM_ID,TERMINAL_CODE,ORG_CODE,IS_VIDEO_TERMINAL,SP_SERVER_NAME,PROTOCOL_TYPE,CHANNELS,YT_PROTOCOL_TYPE) values(241244, 4, 25244, '1005243', 'B0000803',1,'1076测试服务器','4',8,'0');
insert into V_VEHICLEINFO (ORG_CODE,VEHICLE_ID,ID_NUMBER,TYPE_ID,TERMINAL_ID,DELETE_FLAG,COLOR_ID_NUMBER_ID,AUTHORIZED_PAY_MASS) values ('B0000803','2401244', '测B05243', 4, 241244, 0, '2',15);

insert into T_SIMINFO (SIM_ID, ORG_CODE, DEPTCODE, STATE,PAY_MODLE, SIM_NUM) values(25245, 'B0000803', '中国移动', 1, '预付费', 13100005244);
insert into T_TERMINALINFO (TERMINAL_ID,TTYPE_ID,SIM_ID,TERMINAL_CODE,ORG_CODE,IS_VIDEO_TERMINAL,SP_SERVER_NAME,PROTOCOL_TYPE,CHANNELS,YT_PROTOCOL_TYPE) values(241245, 4, 25245, '1005244', 'B0000803',1,'1076测试服务器','4',8,'0');
insert into V_VEHICLEINFO (ORG_CODE,VEHICLE_ID,ID_NUMBER,TYPE_ID,TERMINAL_ID,DELETE_FLAG,COLOR_ID_NUMBER_ID,AUTHORIZED_PAY_MASS) values ('B0000803','2401245', '测B05244', 4, 241245, 0, '2',15);

insert into T_SIMINFO (SIM_ID, ORG_CODE, DEPTCODE, STATE,PAY_MODLE, SIM_NUM) values(25246, 'B0000803', '中国移动', 1, '预付费', 13100005245);
insert into T_TERMINALINFO (TERMINAL_ID,TTYPE_ID,SIM_ID,TERMINAL_CODE,ORG_CODE,IS_VIDEO_TERMINAL,SP_SERVER_NAME,PROTOCOL_TYPE,CHANNELS,YT_PROTOCOL_TYPE) values(241246, 4, 25246, '1005245', 'B0000803',1,'1076测试服务器','4',8,'0');
insert into V_VEHICLEINFO (ORG_CODE,VEHICLE_ID,ID_NUMBER,TYPE_ID,TERMINAL_ID,DELETE_FLAG,COLOR_ID_NUMBER_ID,AUTHORIZED_PAY_MASS) values ('B0000803','2401246', '测B05245', 4, 241246, 0, '2',15);

insert into T_SIMINFO (SIM_ID, ORG_CODE, DEPTCODE, STATE,PAY_MODLE, SIM_NUM) values(25247, 'B0000803', '中国移动', 1, '预付费', 13100005246);
insert into T_TERMINALINFO (TERMINAL_ID,TTYPE_ID,SIM_ID,TERMINAL_CODE,ORG_CODE,IS_VIDEO_TERMINAL,SP_SERVER_NAME,PROTOCOL_TYPE,CHANNELS,YT_PROTOCOL_TYPE) values(241247, 4, 25247, '1005246', 'B0000803',1,'1076测试服务器','4',8,'0');
insert into V_VEHICLEINFO (ORG_CODE,VEHICLE_ID,ID_NUMBER,TYPE_ID,TERMINAL_ID,DELETE_FLAG,COLOR_ID_NUMBER_ID,AUTHORIZED_PAY_MASS) values ('B0000803','2401247', '测B05246', 4, 241247, 0, '2',15);

insert into T_SIMINFO (SIM_ID, ORG_CODE, DEPTCODE, STATE,PAY_MODLE, SIM_NUM) values(25248, 'B0000803', '中国移动', 1, '预付费', 13100005247);
insert into T_TERMINALINFO (TERMINAL_ID,TTYPE_ID,SIM_ID,TERMINAL_CODE,ORG_CODE,IS_VIDEO_TERMINAL,SP_SERVER_NAME,PROTOCOL_TYPE,CHANNELS,YT_PROTOCOL_TYPE) values(241248, 4, 25248, '1005247', 'B0000803',1,'1076测试服务器','4',8,'0');
insert into V_VEHICLEINFO (ORG_CODE,VEHICLE_ID,ID_NUMBER,TYPE_ID,TERMINAL_ID,DELETE_FLAG,COLOR_ID_NUMBER_ID,AUTHORIZED_PAY_MASS) values ('B0000803','2401248', '测B05247', 4, 241248, 0, '2',15);

insert into T_SIMINFO (SIM_ID, ORG_CODE, DEPTCODE, STATE,PAY_MODLE, SIM_NUM) values(25249, 'B0000803', '中国移动', 1, '预付费', 13100005248);
insert into T_TERMINALINFO (TERMINAL_ID,TTYPE_ID,SIM_ID,TERMINAL_CODE,ORG_CODE,IS_VIDEO_TERMINAL,SP_SERVER_NAME,PROTOCOL_TYPE,CHANNELS,YT_PROTOCOL_TYPE) values(241249, 4, 25249, '1005248', 'B0000803',1,'1076测试服务器','4',8,'0');
insert into V_VEHICLEINFO (ORG_CODE,VEHICLE_ID,ID_NUMBER,TYPE_ID,TERMINAL_ID,DELETE_FLAG,COLOR_ID_NUMBER_ID,AUTHORIZED_PAY_MASS) values ('B0000803','2401249', '测B05248', 4, 241249, 0, '2',15);

insert into T_SIMINFO (SIM_ID, ORG_CODE, DEPTCODE, STATE,PAY_MODLE, SIM_NUM) values(25250, 'B0000803', '中国移动', 1, '预付费', 13100005249);
insert into T_TERMINALINFO (TERMINAL_ID,TTYPE_ID,SIM_ID,TERMINAL_CODE,ORG_CODE,IS_VIDEO_TERMINAL,SP_SERVER_NAME,PROTOCOL_TYPE,CHANNELS,YT_PROTOCOL_TYPE) values(241250, 4, 25250, '1005249', 'B0000803',1,'1076测试服务器','4',8,'0');
insert into V_VEHICLEINFO (ORG_CODE,VEHICLE_ID,ID_NUMBER,TYPE_ID,TERMINAL_ID,DELETE_FLAG,COLOR_ID_NUMBER_ID,AUTHORIZED_PAY_MASS) values ('B0000803','2401250', '测B05249', 4, 241250, 0, '2',15);

insert into T_SIMINFO (SIM_ID, ORG_CODE, DEPTCODE, STATE,PAY_MODLE, SIM_NUM) values(25251, 'B0000803', '中国移动', 1, '预付费', 13100005250);
insert into T_TERMINALINFO (TERMINAL_ID,TTYPE_ID,SIM_ID,TERMINAL_CODE,ORG_CODE,IS_VIDEO_TERMINAL,SP_SERVER_NAME,PROTOCOL_TYPE,CHANNELS,YT_PROTOCOL_TYPE) values(241251, 4, 25251, '1005250', 'B0000803',1,'1076测试服务器','4',8,'0');
insert into V_VEHICLEINFO (ORG_CODE,VEHICLE_ID,ID_NUMBER,TYPE_ID,TERMINAL_ID,DELETE_FLAG,COLOR_ID_NUMBER_ID,AUTHORIZED_PAY_MASS) values ('B0000803','2401251', '测B05250', 4, 241251, 0, '2',15);

insert into T_SIMINFO (SIM_ID, ORG_CODE, DEPTCODE, STATE,PAY_MODLE, SIM_NUM) values(25252, 'B0000803', '中国移动', 1, '预付费', 13100005251);
insert into T_TERMINALINFO (TERMINAL_ID,TTYPE_ID,SIM_ID,TERMINAL_CODE,ORG_CODE,IS_VIDEO_TERMINAL,SP_SERVER_NAME,PROTOCOL_TYPE,CHANNELS,YT_PROTOCOL_TYPE) values(241252, 4, 25252, '1005251', 'B0000803',1,'1076测试服务器','4',8,'0');
insert into V_VEHICLEINFO (ORG_CODE,VEHICLE_ID,ID_NUMBER,TYPE_ID,TERMINAL_ID,DELETE_FLAG,COLOR_ID_NUMBER_ID,AUTHORIZED_PAY_MASS) values ('B0000803','2401252', '测B05251', 4, 241252, 0, '2',15);

insert into T_SIMINFO (SIM_ID, ORG_CODE, DEPTCODE, STATE,PAY_MODLE, SIM_NUM) values(25253, 'B0000803', '中国移动', 1, '预付费', 13100005252);
insert into T_TERMINALINFO (TERMINAL_ID,TTYPE_ID,SIM_ID,TERMINAL_CODE,ORG_CODE,IS_VIDEO_TERMINAL,SP_SERVER_NAME,PROTOCOL_TYPE,CHANNELS,YT_PROTOCOL_TYPE) values(241253, 4, 25253, '1005252', 'B0000803',1,'1076测试服务器','4',8,'0');
insert into V_VEHICLEINFO (ORG_CODE,VEHICLE_ID,ID_NUMBER,TYPE_ID,TERMINAL_ID,DELETE_FLAG,COLOR_ID_NUMBER_ID,AUTHORIZED_PAY_MASS) values ('B0000803','2401253', '测B05252', 4, 241253, 0, '2',15);

insert into T_SIMINFO (SIM_ID, ORG_CODE, DEPTCODE, STATE,PAY_MODLE, SIM_NUM) values(25254, 'B0000803', '中国移动', 1, '预付费', 13100005253);
insert into T_TERMINALINFO (TERMINAL_ID,TTYPE_ID,SIM_ID,TERMINAL_CODE,ORG_CODE,IS_VIDEO_TERMINAL,SP_SERVER_NAME,PROTOCOL_TYPE,CHANNELS,YT_PROTOCOL_TYPE) values(241254, 4, 25254, '1005253', 'B0000803',1,'1076测试服务器','4',8,'0');
insert into V_VEHICLEINFO (ORG_CODE,VEHICLE_ID,ID_NUMBER,TYPE_ID,TERMINAL_ID,DELETE_FLAG,COLOR_ID_NUMBER_ID,AUTHORIZED_PAY_MASS) values ('B0000803','2401254', '测B05253', 4, 241254, 0, '2',15);

insert into T_SIMINFO (SIM_ID, ORG_CODE, DEPTCODE, STATE,PAY_MODLE, SIM_NUM) values(25255, 'B0000803', '中国移动', 1, '预付费', 13100005254);
insert into T_TERMINALINFO (TERMINAL_ID,TTYPE_ID,SIM_ID,TERMINAL_CODE,ORG_CODE,IS_VIDEO_TERMINAL,SP_SERVER_NAME,PROTOCOL_TYPE,CHANNELS,YT_PROTOCOL_TYPE) values(241255, 4, 25255, '1005254', 'B0000803',1,'1076测试服务器','4',8,'0');
insert into V_VEHICLEINFO (ORG_CODE,VEHICLE_ID,ID_NUMBER,TYPE_ID,TERMINAL_ID,DELETE_FLAG,COLOR_ID_NUMBER_ID,AUTHORIZED_PAY_MASS) values ('B0000803','2401255', '测B05254', 4, 241255, 0, '2',15);

insert into T_SIMINFO (SIM_ID, ORG_CODE, DEPTCODE, STATE,PAY_MODLE, SIM_NUM) values(25256, 'B0000803', '中国移动', 1, '预付费', 13100005255);
insert into T_TERMINALINFO (TERMINAL_ID,TTYPE_ID,SIM_ID,TERMINAL_CODE,ORG_CODE,IS_VIDEO_TERMINAL,SP_SERVER_NAME,PROTOCOL_TYPE,CHANNELS,YT_PROTOCOL_TYPE) values(241256, 4, 25256, '1005255', 'B0000803',1,'1076测试服务器','4',8,'0');
insert into V_VEHICLEINFO (ORG_CODE,VEHICLE_ID,ID_NUMBER,TYPE_ID,TERMINAL_ID,DELETE_FLAG,COLOR_ID_NUMBER_ID,AUTHORIZED_PAY_MASS) values ('B0000803','2401256', '测B05255', 4, 241256, 0, '2',15);

insert into T_SIMINFO (SIM_ID, ORG_CODE, DEPTCODE, STATE,PAY_MODLE, SIM_NUM) values(25257, 'B0000803', '中国移动', 1, '预付费', 13100005256);
insert into T_TERMINALINFO (TERMINAL_ID,TTYPE_ID,SIM_ID,TERMINAL_CODE,ORG_CODE,IS_VIDEO_TERMINAL,SP_SERVER_NAME,PROTOCOL_TYPE,CHANNELS,YT_PROTOCOL_TYPE) values(241257, 4, 25257, '1005256', 'B0000803',1,'1076测试服务器','4',8,'0');
insert into V_VEHICLEINFO (ORG_CODE,VEHICLE_ID,ID_NUMBER,TYPE_ID,TERMINAL_ID,DELETE_FLAG,COLOR_ID_NUMBER_ID,AUTHORIZED_PAY_MASS) values ('B0000803','2401257', '测B05256', 4, 241257, 0, '2',15);

insert into T_SIMINFO (SIM_ID, ORG_CODE, DEPTCODE, STATE,PAY_MODLE, SIM_NUM) values(25258, 'B0000803', '中国移动', 1, '预付费', 13100005257);
insert into T_TERMINALINFO (TERMINAL_ID,TTYPE_ID,SIM_ID,TERMINAL_CODE,ORG_CODE,IS_VIDEO_TERMINAL,SP_SERVER_NAME,PROTOCOL_TYPE,CHANNELS,YT_PROTOCOL_TYPE) values(241258, 4, 25258, '1005257', 'B0000803',1,'1076测试服务器','4',8,'0');
insert into V_VEHICLEINFO (ORG_CODE,VEHICLE_ID,ID_NUMBER,TYPE_ID,TERMINAL_ID,DELETE_FLAG,COLOR_ID_NUMBER_ID,AUTHORIZED_PAY_MASS) values ('B0000803','2401258', '测B05257', 4, 241258, 0, '2',15);

insert into T_SIMINFO (SIM_ID, ORG_CODE, DEPTCODE, STATE,PAY_MODLE, SIM_NUM) values(25259, 'B0000803', '中国移动', 1, '预付费', 13100005258);
insert into T_TERMINALINFO (TERMINAL_ID,TTYPE_ID,SIM_ID,TERMINAL_CODE,ORG_CODE,IS_VIDEO_TERMINAL,SP_SERVER_NAME,PROTOCOL_TYPE,CHANNELS,YT_PROTOCOL_TYPE) values(241259, 4, 25259, '1005258', 'B0000803',1,'1076测试服务器','4',8,'0');
insert into V_VEHICLEINFO (ORG_CODE,VEHICLE_ID,ID_NUMBER,TYPE_ID,TERMINAL_ID,DELETE_FLAG,COLOR_ID_NUMBER_ID,AUTHORIZED_PAY_MASS) values ('B0000803','2401259', '测B05258', 4, 241259, 0, '2',15);

insert into T_SIMINFO (SIM_ID, ORG_CODE, DEPTCODE, STATE,PAY_MODLE, SIM_NUM) values(25260, 'B0000803', '中国移动', 1, '预付费', 13100005259);
insert into T_TERMINALINFO (TERMINAL_ID,TTYPE_ID,SIM_ID,TERMINAL_CODE,ORG_CODE,IS_VIDEO_TERMINAL,SP_SERVER_NAME,PROTOCOL_TYPE,CHANNELS,YT_PROTOCOL_TYPE) values(241260, 4, 25260, '1005259', 'B0000803',1,'1076测试服务器','4',8,'0');
insert into V_VEHICLEINFO (ORG_CODE,VEHICLE_ID,ID_NUMBER,TYPE_ID,TERMINAL_ID,DELETE_FLAG,COLOR_ID_NUMBER_ID,AUTHORIZED_PAY_MASS) values ('B0000803','2401260', '测B05259', 4, 241260, 0, '2',15);

insert into T_SIMINFO (SIM_ID, ORG_CODE, DEPTCODE, STATE,PAY_MODLE, SIM_NUM) values(25261, 'B0000803', '中国移动', 1, '预付费', 13100005260);
insert into T_TERMINALINFO (TERMINAL_ID,TTYPE_ID,SIM_ID,TERMINAL_CODE,ORG_CODE,IS_VIDEO_TERMINAL,SP_SERVER_NAME,PROTOCOL_TYPE,CHANNELS,YT_PROTOCOL_TYPE) values(241261, 4, 25261, '1005260', 'B0000803',1,'1076测试服务器','4',8,'0');
insert into V_VEHICLEINFO (ORG_CODE,VEHICLE_ID,ID_NUMBER,TYPE_ID,TERMINAL_ID,DELETE_FLAG,COLOR_ID_NUMBER_ID,AUTHORIZED_PAY_MASS) values ('B0000803','2401261', '测B05260', 4, 241261, 0, '2',15);

insert into T_SIMINFO (SIM_ID, ORG_CODE, DEPTCODE, STATE,PAY_MODLE, SIM_NUM) values(25262, 'B0000803', '中国移动', 1, '预付费', 13100005261);
insert into T_TERMINALINFO (TERMINAL_ID,TTYPE_ID,SIM_ID,TERMINAL_CODE,ORG_CODE,IS_VIDEO_TERMINAL,SP_SERVER_NAME,PROTOCOL_TYPE,CHANNELS,YT_PROTOCOL_TYPE) values(241262, 4, 25262, '1005261', 'B0000803',1,'1076测试服务器','4',8,'0');
insert into V_VEHICLEINFO (ORG_CODE,VEHICLE_ID,ID_NUMBER,TYPE_ID,TERMINAL_ID,DELETE_FLAG,COLOR_ID_NUMBER_ID,AUTHORIZED_PAY_MASS) values ('B0000803','2401262', '测B05261', 4, 241262, 0, '2',15);

insert into T_SIMINFO (SIM_ID, ORG_CODE, DEPTCODE, STATE,PAY_MODLE, SIM_NUM) values(25263, 'B0000803', '中国移动', 1, '预付费', 13100005262);
insert into T_TERMINALINFO (TERMINAL_ID,TTYPE_ID,SIM_ID,TERMINAL_CODE,ORG_CODE,IS_VIDEO_TERMINAL,SP_SERVER_NAME,PROTOCOL_TYPE,CHANNELS,YT_PROTOCOL_TYPE) values(241263, 4, 25263, '1005262', 'B0000803',1,'1076测试服务器','4',8,'0');
insert into V_VEHICLEINFO (ORG_CODE,VEHICLE_ID,ID_NUMBER,TYPE_ID,TERMINAL_ID,DELETE_FLAG,COLOR_ID_NUMBER_ID,AUTHORIZED_PAY_MASS) values ('B0000803','2401263', '测B05262', 4, 241263, 0, '2',15);

insert into T_SIMINFO (SIM_ID, ORG_CODE, DEPTCODE, STATE,PAY_MODLE, SIM_NUM) values(25264, 'B0000803', '中国移动', 1, '预付费', 13100005263);
insert into T_TERMINALINFO (TERMINAL_ID,TTYPE_ID,SIM_ID,TERMINAL_CODE,ORG_CODE,IS_VIDEO_TERMINAL,SP_SERVER_NAME,PROTOCOL_TYPE,CHANNELS,YT_PROTOCOL_TYPE) values(241264, 4, 25264, '1005263', 'B0000803',1,'1076测试服务器','4',8,'0');
insert into V_VEHICLEINFO (ORG_CODE,VEHICLE_ID,ID_NUMBER,TYPE_ID,TERMINAL_ID,DELETE_FLAG,COLOR_ID_NUMBER_ID,AUTHORIZED_PAY_MASS) values ('B0000803','2401264', '测B05263', 4, 241264, 0, '2',15);

insert into T_SIMINFO (SIM_ID, ORG_CODE, DEPTCODE, STATE,PAY_MODLE, SIM_NUM) values(25265, 'B0000803', '中国移动', 1, '预付费', 13100005264);
insert into T_TERMINALINFO (TERMINAL_ID,TTYPE_ID,SIM_ID,TERMINAL_CODE,ORG_CODE,IS_VIDEO_TERMINAL,SP_SERVER_NAME,PROTOCOL_TYPE,CHANNELS,YT_PROTOCOL_TYPE) values(241265, 4, 25265, '1005264', 'B0000803',1,'1076测试服务器','4',8,'0');
insert into V_VEHICLEINFO (ORG_CODE,VEHICLE_ID,ID_NUMBER,TYPE_ID,TERMINAL_ID,DELETE_FLAG,COLOR_ID_NUMBER_ID,AUTHORIZED_PAY_MASS) values ('B0000803','2401265', '测B05264', 4, 241265, 0, '2',15);

insert into T_SIMINFO (SIM_ID, ORG_CODE, DEPTCODE, STATE,PAY_MODLE, SIM_NUM) values(25266, 'B0000803', '中国移动', 1, '预付费', 13100005265);
insert into T_TERMINALINFO (TERMINAL_ID,TTYPE_ID,SIM_ID,TERMINAL_CODE,ORG_CODE,IS_VIDEO_TERMINAL,SP_SERVER_NAME,PROTOCOL_TYPE,CHANNELS,YT_PROTOCOL_TYPE) values(241266, 4, 25266, '1005265', 'B0000803',1,'1076测试服务器','4',8,'0');
insert into V_VEHICLEINFO (ORG_CODE,VEHICLE_ID,ID_NUMBER,TYPE_ID,TERMINAL_ID,DELETE_FLAG,COLOR_ID_NUMBER_ID,AUTHORIZED_PAY_MASS) values ('B0000803','2401266', '测B05265', 4, 241266, 0, '2',15);

insert into T_SIMINFO (SIM_ID, ORG_CODE, DEPTCODE, STATE,PAY_MODLE, SIM_NUM) values(25267, 'B0000803', '中国移动', 1, '预付费', 13100005266);
insert into T_TERMINALINFO (TERMINAL_ID,TTYPE_ID,SIM_ID,TERMINAL_CODE,ORG_CODE,IS_VIDEO_TERMINAL,SP_SERVER_NAME,PROTOCOL_TYPE,CHANNELS,YT_PROTOCOL_TYPE) values(241267, 4, 25267, '1005266', 'B0000803',1,'1076测试服务器','4',8,'0');
insert into V_VEHICLEINFO (ORG_CODE,VEHICLE_ID,ID_NUMBER,TYPE_ID,TERMINAL_ID,DELETE_FLAG,COLOR_ID_NUMBER_ID,AUTHORIZED_PAY_MASS) values ('B0000803','2401267', '测B05266', 4, 241267, 0, '2',15);

insert into T_SIMINFO (SIM_ID, ORG_CODE, DEPTCODE, STATE,PAY_MODLE, SIM_NUM) values(25268, 'B0000803', '中国移动', 1, '预付费', 13100005267);
insert into T_TERMINALINFO (TERMINAL_ID,TTYPE_ID,SIM_ID,TERMINAL_CODE,ORG_CODE,IS_VIDEO_TERMINAL,SP_SERVER_NAME,PROTOCOL_TYPE,CHANNELS,YT_PROTOCOL_TYPE) values(241268, 4, 25268, '1005267', 'B0000803',1,'1076测试服务器','4',8,'0');
insert into V_VEHICLEINFO (ORG_CODE,VEHICLE_ID,ID_NUMBER,TYPE_ID,TERMINAL_ID,DELETE_FLAG,COLOR_ID_NUMBER_ID,AUTHORIZED_PAY_MASS) values ('B0000803','2401268', '测B05267', 4, 241268, 0, '2',15);

insert into T_SIMINFO (SIM_ID, ORG_CODE, DEPTCODE, STATE,PAY_MODLE, SIM_NUM) values(25269, 'B0000803', '中国移动', 1, '预付费', 13100005268);
insert into T_TERMINALINFO (TERMINAL_ID,TTYPE_ID,SIM_ID,TERMINAL_CODE,ORG_CODE,IS_VIDEO_TERMINAL,SP_SERVER_NAME,PROTOCOL_TYPE,CHANNELS,YT_PROTOCOL_TYPE) values(241269, 4, 25269, '1005268', 'B0000803',1,'1076测试服务器','4',8,'0');
insert into V_VEHICLEINFO (ORG_CODE,VEHICLE_ID,ID_NUMBER,TYPE_ID,TERMINAL_ID,DELETE_FLAG,COLOR_ID_NUMBER_ID,AUTHORIZED_PAY_MASS) values ('B0000803','2401269', '测B05268', 4, 241269, 0, '2',15);

insert into T_SIMINFO (SIM_ID, ORG_CODE, DEPTCODE, STATE,PAY_MODLE, SIM_NUM) values(25270, 'B0000803', '中国移动', 1, '预付费', 13100005269);
insert into T_TERMINALINFO (TERMINAL_ID,TTYPE_ID,SIM_ID,TERMINAL_CODE,ORG_CODE,IS_VIDEO_TERMINAL,SP_SERVER_NAME,PROTOCOL_TYPE,CHANNELS,YT_PROTOCOL_TYPE) values(241270, 4, 25270, '1005269', 'B0000803',1,'1076测试服务器','4',8,'0');
insert into V_VEHICLEINFO (ORG_CODE,VEHICLE_ID,ID_NUMBER,TYPE_ID,TERMINAL_ID,DELETE_FLAG,COLOR_ID_NUMBER_ID,AUTHORIZED_PAY_MASS) values ('B0000803','2401270', '测B05269', 4, 241270, 0, '2',15);

insert into T_SIMINFO (SIM_ID, ORG_CODE, DEPTCODE, STATE,PAY_MODLE, SIM_NUM) values(25271, 'B0000803', '中国移动', 1, '预付费', 13100005270);
insert into T_TERMINALINFO (TERMINAL_ID,TTYPE_ID,SIM_ID,TERMINAL_CODE,ORG_CODE,IS_VIDEO_TERMINAL,SP_SERVER_NAME,PROTOCOL_TYPE,CHANNELS,YT_PROTOCOL_TYPE) values(241271, 4, 25271, '1005270', 'B0000803',1,'1076测试服务器','4',8,'0');
insert into V_VEHICLEINFO (ORG_CODE,VEHICLE_ID,ID_NUMBER,TYPE_ID,TERMINAL_ID,DELETE_FLAG,COLOR_ID_NUMBER_ID,AUTHORIZED_PAY_MASS) values ('B0000803','2401271', '测B05270', 4, 241271, 0, '2',15);

insert into T_SIMINFO (SIM_ID, ORG_CODE, DEPTCODE, STATE,PAY_MODLE, SIM_NUM) values(25272, 'B0000803', '中国移动', 1, '预付费', 13100005271);
insert into T_TERMINALINFO (TERMINAL_ID,TTYPE_ID,SIM_ID,TERMINAL_CODE,ORG_CODE,IS_VIDEO_TERMINAL,SP_SERVER_NAME,PROTOCOL_TYPE,CHANNELS,YT_PROTOCOL_TYPE) values(241272, 4, 25272, '1005271', 'B0000803',1,'1076测试服务器','4',8,'0');
insert into V_VEHICLEINFO (ORG_CODE,VEHICLE_ID,ID_NUMBER,TYPE_ID,TERMINAL_ID,DELETE_FLAG,COLOR_ID_NUMBER_ID,AUTHORIZED_PAY_MASS) values ('B0000803','2401272', '测B05271', 4, 241272, 0, '2',15);

insert into T_SIMINFO (SIM_ID, ORG_CODE, DEPTCODE, STATE,PAY_MODLE, SIM_NUM) values(25273, 'B0000803', '中国移动', 1, '预付费', 13100005272);
insert into T_TERMINALINFO (TERMINAL_ID,TTYPE_ID,SIM_ID,TERMINAL_CODE,ORG_CODE,IS_VIDEO_TERMINAL,SP_SERVER_NAME,PROTOCOL_TYPE,CHANNELS,YT_PROTOCOL_TYPE) values(241273, 4, 25273, '1005272', 'B0000803',1,'1076测试服务器','4',8,'0');
insert into V_VEHICLEINFO (ORG_CODE,VEHICLE_ID,ID_NUMBER,TYPE_ID,TERMINAL_ID,DELETE_FLAG,COLOR_ID_NUMBER_ID,AUTHORIZED_PAY_MASS) values ('B0000803','2401273', '测B05272', 4, 241273, 0, '2',15);

insert into T_SIMINFO (SIM_ID, ORG_CODE, DEPTCODE, STATE,PAY_MODLE, SIM_NUM) values(25274, 'B0000803', '中国移动', 1, '预付费', 13100005273);
insert into T_TERMINALINFO (TERMINAL_ID,TTYPE_ID,SIM_ID,TERMINAL_CODE,ORG_CODE,IS_VIDEO_TERMINAL,SP_SERVER_NAME,PROTOCOL_TYPE,CHANNELS,YT_PROTOCOL_TYPE) values(241274, 4, 25274, '1005273', 'B0000803',1,'1076测试服务器','4',8,'0');
insert into V_VEHICLEINFO (ORG_CODE,VEHICLE_ID,ID_NUMBER,TYPE_ID,TERMINAL_ID,DELETE_FLAG,COLOR_ID_NUMBER_ID,AUTHORIZED_PAY_MASS) values ('B0000803','2401274', '测B05273', 4, 241274, 0, '2',15);

insert into T_SIMINFO (SIM_ID, ORG_CODE, DEPTCODE, STATE,PAY_MODLE, SIM_NUM) values(25275, 'B0000803', '中国移动', 1, '预付费', 13100005274);
insert into T_TERMINALINFO (TERMINAL_ID,TTYPE_ID,SIM_ID,TERMINAL_CODE,ORG_CODE,IS_VIDEO_TERMINAL,SP_SERVER_NAME,PROTOCOL_TYPE,CHANNELS,YT_PROTOCOL_TYPE) values(241275, 4, 25275, '1005274', 'B0000803',1,'1076测试服务器','4',8,'0');
insert into V_VEHICLEINFO (ORG_CODE,VEHICLE_ID,ID_NUMBER,TYPE_ID,TERMINAL_ID,DELETE_FLAG,COLOR_ID_NUMBER_ID,AUTHORIZED_PAY_MASS) values ('B0000803','2401275', '测B05274', 4, 241275, 0, '2',15);

insert into T_SIMINFO (SIM_ID, ORG_CODE, DEPTCODE, STATE,PAY_MODLE, SIM_NUM) values(25276, 'B0000803', '中国移动', 1, '预付费', 13100005275);
insert into T_TERMINALINFO (TERMINAL_ID,TTYPE_ID,SIM_ID,TERMINAL_CODE,ORG_CODE,IS_VIDEO_TERMINAL,SP_SERVER_NAME,PROTOCOL_TYPE,CHANNELS,YT_PROTOCOL_TYPE) values(241276, 4, 25276, '1005275', 'B0000803',1,'1076测试服务器','4',8,'0');
insert into V_VEHICLEINFO (ORG_CODE,VEHICLE_ID,ID_NUMBER,TYPE_ID,TERMINAL_ID,DELETE_FLAG,COLOR_ID_NUMBER_ID,AUTHORIZED_PAY_MASS) values ('B0000803','2401276', '测B05275', 4, 241276, 0, '2',15);

insert into T_SIMINFO (SIM_ID, ORG_CODE, DEPTCODE, STATE,PAY_MODLE, SIM_NUM) values(25277, 'B0000803', '中国移动', 1, '预付费', 13100005276);
insert into T_TERMINALINFO (TERMINAL_ID,TTYPE_ID,SIM_ID,TERMINAL_CODE,ORG_CODE,IS_VIDEO_TERMINAL,SP_SERVER_NAME,PROTOCOL_TYPE,CHANNELS,YT_PROTOCOL_TYPE) values(241277, 4, 25277, '1005276', 'B0000803',1,'1076测试服务器','4',8,'0');
insert into V_VEHICLEINFO (ORG_CODE,VEHICLE_ID,ID_NUMBER,TYPE_ID,TERMINAL_ID,DELETE_FLAG,COLOR_ID_NUMBER_ID,AUTHORIZED_PAY_MASS) values ('B0000803','2401277', '测B05276', 4, 241277, 0, '2',15);

insert into T_SIMINFO (SIM_ID, ORG_CODE, DEPTCODE, STATE,PAY_MODLE, SIM_NUM) values(25278, 'B0000803', '中国移动', 1, '预付费', 13100005277);
insert into T_TERMINALINFO (TERMINAL_ID,TTYPE_ID,SIM_ID,TERMINAL_CODE,ORG_CODE,IS_VIDEO_TERMINAL,SP_SERVER_NAME,PROTOCOL_TYPE,CHANNELS,YT_PROTOCOL_TYPE) values(241278, 4, 25278, '1005277', 'B0000803',1,'1076测试服务器','4',8,'0');
insert into V_VEHICLEINFO (ORG_CODE,VEHICLE_ID,ID_NUMBER,TYPE_ID,TERMINAL_ID,DELETE_FLAG,COLOR_ID_NUMBER_ID,AUTHORIZED_PAY_MASS) values ('B0000803','2401278', '测B05277', 4, 241278, 0, '2',15);

insert into T_SIMINFO (SIM_ID, ORG_CODE, DEPTCODE, STATE,PAY_MODLE, SIM_NUM) values(25279, 'B0000803', '中国移动', 1, '预付费', 13100005278);
insert into T_TERMINALINFO (TERMINAL_ID,TTYPE_ID,SIM_ID,TERMINAL_CODE,ORG_CODE,IS_VIDEO_TERMINAL,SP_SERVER_NAME,PROTOCOL_TYPE,CHANNELS,YT_PROTOCOL_TYPE) values(241279, 4, 25279, '1005278', 'B0000803',1,'1076测试服务器','4',8,'0');
insert into V_VEHICLEINFO (ORG_CODE,VEHICLE_ID,ID_NUMBER,TYPE_ID,TERMINAL_ID,DELETE_FLAG,COLOR_ID_NUMBER_ID,AUTHORIZED_PAY_MASS) values ('B0000803','2401279', '测B05278', 4, 241279, 0, '2',15);

insert into T_SIMINFO (SIM_ID, ORG_CODE, DEPTCODE, STATE,PAY_MODLE, SIM_NUM) values(25280, 'B0000803', '中国移动', 1, '预付费', 13100005279);
insert into T_TERMINALINFO (TERMINAL_ID,TTYPE_ID,SIM_ID,TERMINAL_CODE,ORG_CODE,IS_VIDEO_TERMINAL,SP_SERVER_NAME,PROTOCOL_TYPE,CHANNELS,YT_PROTOCOL_TYPE) values(241280, 4, 25280, '1005279', 'B0000803',1,'1076测试服务器','4',8,'0');
insert into V_VEHICLEINFO (ORG_CODE,VEHICLE_ID,ID_NUMBER,TYPE_ID,TERMINAL_ID,DELETE_FLAG,COLOR_ID_NUMBER_ID,AUTHORIZED_PAY_MASS) values ('B0000803','2401280', '测B05279', 4, 241280, 0, '2',15);

insert into T_SIMINFO (SIM_ID, ORG_CODE, DEPTCODE, STATE,PAY_MODLE, SIM_NUM) values(25281, 'B0000803', '中国移动', 1, '预付费', 13100005280);
insert into T_TERMINALINFO (TERMINAL_ID,TTYPE_ID,SIM_ID,TERMINAL_CODE,ORG_CODE,IS_VIDEO_TERMINAL,SP_SERVER_NAME,PROTOCOL_TYPE,CHANNELS,YT_PROTOCOL_TYPE) values(241281, 4, 25281, '1005280', 'B0000803',1,'1076测试服务器','4',8,'0');
insert into V_VEHICLEINFO (ORG_CODE,VEHICLE_ID,ID_NUMBER,TYPE_ID,TERMINAL_ID,DELETE_FLAG,COLOR_ID_NUMBER_ID,AUTHORIZED_PAY_MASS) values ('B0000803','2401281', '测B05280', 4, 241281, 0, '2',15);

insert into T_SIMINFO (SIM_ID, ORG_CODE, DEPTCODE, STATE,PAY_MODLE, SIM_NUM) values(25282, 'B0000803', '中国移动', 1, '预付费', 13100005281);
insert into T_TERMINALINFO (TERMINAL_ID,TTYPE_ID,SIM_ID,TERMINAL_CODE,ORG_CODE,IS_VIDEO_TERMINAL,SP_SERVER_NAME,PROTOCOL_TYPE,CHANNELS,YT_PROTOCOL_TYPE) values(241282, 4, 25282, '1005281', 'B0000803',1,'1076测试服务器','4',8,'0');
insert into V_VEHICLEINFO (ORG_CODE,VEHICLE_ID,ID_NUMBER,TYPE_ID,TERMINAL_ID,DELETE_FLAG,COLOR_ID_NUMBER_ID,AUTHORIZED_PAY_MASS) values ('B0000803','2401282', '测B05281', 4, 241282, 0, '2',15);

insert into T_SIMINFO (SIM_ID, ORG_CODE, DEPTCODE, STATE,PAY_MODLE, SIM_NUM) values(25283, 'B0000803', '中国移动', 1, '预付费', 13100005282);
insert into T_TERMINALINFO (TERMINAL_ID,TTYPE_ID,SIM_ID,TERMINAL_CODE,ORG_CODE,IS_VIDEO_TERMINAL,SP_SERVER_NAME,PROTOCOL_TYPE,CHANNELS,YT_PROTOCOL_TYPE) values(241283, 4, 25283, '1005282', 'B0000803',1,'1076测试服务器','4',8,'0');
insert into V_VEHICLEINFO (ORG_CODE,VEHICLE_ID,ID_NUMBER,TYPE_ID,TERMINAL_ID,DELETE_FLAG,COLOR_ID_NUMBER_ID,AUTHORIZED_PAY_MASS) values ('B0000803','2401283', '测B05282', 4, 241283, 0, '2',15);

insert into T_SIMINFO (SIM_ID, ORG_CODE, DEPTCODE, STATE,PAY_MODLE, SIM_NUM) values(25284, 'B0000803', '中国移动', 1, '预付费', 13100005283);
insert into T_TERMINALINFO (TERMINAL_ID,TTYPE_ID,SIM_ID,TERMINAL_CODE,ORG_CODE,IS_VIDEO_TERMINAL,SP_SERVER_NAME,PROTOCOL_TYPE,CHANNELS,YT_PROTOCOL_TYPE) values(241284, 4, 25284, '1005283', 'B0000803',1,'1076测试服务器','4',8,'0');
insert into V_VEHICLEINFO (ORG_CODE,VEHICLE_ID,ID_NUMBER,TYPE_ID,TERMINAL_ID,DELETE_FLAG,COLOR_ID_NUMBER_ID,AUTHORIZED_PAY_MASS) values ('B0000803','2401284', '测B05283', 4, 241284, 0, '2',15);

insert into T_SIMINFO (SIM_ID, ORG_CODE, DEPTCODE, STATE,PAY_MODLE, SIM_NUM) values(25285, 'B0000803', '中国移动', 1, '预付费', 13100005284);
insert into T_TERMINALINFO (TERMINAL_ID,TTYPE_ID,SIM_ID,TERMINAL_CODE,ORG_CODE,IS_VIDEO_TERMINAL,SP_SERVER_NAME,PROTOCOL_TYPE,CHANNELS,YT_PROTOCOL_TYPE) values(241285, 4, 25285, '1005284', 'B0000803',1,'1076测试服务器','4',8,'0');
insert into V_VEHICLEINFO (ORG_CODE,VEHICLE_ID,ID_NUMBER,TYPE_ID,TERMINAL_ID,DELETE_FLAG,COLOR_ID_NUMBER_ID,AUTHORIZED_PAY_MASS) values ('B0000803','2401285', '测B05284', 4, 241285, 0, '2',15);

insert into T_SIMINFO (SIM_ID, ORG_CODE, DEPTCODE, STATE,PAY_MODLE, SIM_NUM) values(25286, 'B0000803', '中国移动', 1, '预付费', 13100005285);
insert into T_TERMINALINFO (TERMINAL_ID,TTYPE_ID,SIM_ID,TERMINAL_CODE,ORG_CODE,IS_VIDEO_TERMINAL,SP_SERVER_NAME,PROTOCOL_TYPE,CHANNELS,YT_PROTOCOL_TYPE) values(241286, 4, 25286, '1005285', 'B0000803',1,'1076测试服务器','4',8,'0');
insert into V_VEHICLEINFO (ORG_CODE,VEHICLE_ID,ID_NUMBER,TYPE_ID,TERMINAL_ID,DELETE_FLAG,COLOR_ID_NUMBER_ID,AUTHORIZED_PAY_MASS) values ('B0000803','2401286', '测B05285', 4, 241286, 0, '2',15);

insert into T_SIMINFO (SIM_ID, ORG_CODE, DEPTCODE, STATE,PAY_MODLE, SIM_NUM) values(25287, 'B0000803', '中国移动', 1, '预付费', 13100005286);
insert into T_TERMINALINFO (TERMINAL_ID,TTYPE_ID,SIM_ID,TERMINAL_CODE,ORG_CODE,IS_VIDEO_TERMINAL,SP_SERVER_NAME,PROTOCOL_TYPE,CHANNELS,YT_PROTOCOL_TYPE) values(241287, 4, 25287, '1005286', 'B0000803',1,'1076测试服务器','4',8,'0');
insert into V_VEHICLEINFO (ORG_CODE,VEHICLE_ID,ID_NUMBER,TYPE_ID,TERMINAL_ID,DELETE_FLAG,COLOR_ID_NUMBER_ID,AUTHORIZED_PAY_MASS) values ('B0000803','2401287', '测B05286', 4, 241287, 0, '2',15);

insert into T_SIMINFO (SIM_ID, ORG_CODE, DEPTCODE, STATE,PAY_MODLE, SIM_NUM) values(25288, 'B0000803', '中国移动', 1, '预付费', 13100005287);
insert into T_TERMINALINFO (TERMINAL_ID,TTYPE_ID,SIM_ID,TERMINAL_CODE,ORG_CODE,IS_VIDEO_TERMINAL,SP_SERVER_NAME,PROTOCOL_TYPE,CHANNELS,YT_PROTOCOL_TYPE) values(241288, 4, 25288, '1005287', 'B0000803',1,'1076测试服务器','4',8,'0');
insert into V_VEHICLEINFO (ORG_CODE,VEHICLE_ID,ID_NUMBER,TYPE_ID,TERMINAL_ID,DELETE_FLAG,COLOR_ID_NUMBER_ID,AUTHORIZED_PAY_MASS) values ('B0000803','2401288', '测B05287', 4, 241288, 0, '2',15);

insert into T_SIMINFO (SIM_ID, ORG_CODE, DEPTCODE, STATE,PAY_MODLE, SIM_NUM) values(25289, 'B0000803', '中国移动', 1, '预付费', 13100005288);
insert into T_TERMINALINFO (TERMINAL_ID,TTYPE_ID,SIM_ID,TERMINAL_CODE,ORG_CODE,IS_VIDEO_TERMINAL,SP_SERVER_NAME,PROTOCOL_TYPE,CHANNELS,YT_PROTOCOL_TYPE) values(241289, 4, 25289, '1005288', 'B0000803',1,'1076测试服务器','4',8,'0');
insert into V_VEHICLEINFO (ORG_CODE,VEHICLE_ID,ID_NUMBER,TYPE_ID,TERMINAL_ID,DELETE_FLAG,COLOR_ID_NUMBER_ID,AUTHORIZED_PAY_MASS) values ('B0000803','2401289', '测B05288', 4, 241289, 0, '2',15);

insert into T_SIMINFO (SIM_ID, ORG_CODE, DEPTCODE, STATE,PAY_MODLE, SIM_NUM) values(25290, 'B0000803', '中国移动', 1, '预付费', 13100005289);
insert into T_TERMINALINFO (TERMINAL_ID,TTYPE_ID,SIM_ID,TERMINAL_CODE,ORG_CODE,IS_VIDEO_TERMINAL,SP_SERVER_NAME,PROTOCOL_TYPE,CHANNELS,YT_PROTOCOL_TYPE) values(241290, 4, 25290, '1005289', 'B0000803',1,'1076测试服务器','4',8,'0');
insert into V_VEHICLEINFO (ORG_CODE,VEHICLE_ID,ID_NUMBER,TYPE_ID,TERMINAL_ID,DELETE_FLAG,COLOR_ID_NUMBER_ID,AUTHORIZED_PAY_MASS) values ('B0000803','2401290', '测B05289', 4, 241290, 0, '2',15);

insert into T_SIMINFO (SIM_ID, ORG_CODE, DEPTCODE, STATE,PAY_MODLE, SIM_NUM) values(25291, 'B0000803', '中国移动', 1, '预付费', 13100005290);
insert into T_TERMINALINFO (TERMINAL_ID,TTYPE_ID,SIM_ID,TERMINAL_CODE,ORG_CODE,IS_VIDEO_TERMINAL,SP_SERVER_NAME,PROTOCOL_TYPE,CHANNELS,YT_PROTOCOL_TYPE) values(241291, 4, 25291, '1005290', 'B0000803',1,'1076测试服务器','4',8,'0');
insert into V_VEHICLEINFO (ORG_CODE,VEHICLE_ID,ID_NUMBER,TYPE_ID,TERMINAL_ID,DELETE_FLAG,COLOR_ID_NUMBER_ID,AUTHORIZED_PAY_MASS) values ('B0000803','2401291', '测B05290', 4, 241291, 0, '2',15);

insert into T_SIMINFO (SIM_ID, ORG_CODE, DEPTCODE, STATE,PAY_MODLE, SIM_NUM) values(25292, 'B0000803', '中国移动', 1, '预付费', 13100005291);
insert into T_TERMINALINFO (TERMINAL_ID,TTYPE_ID,SIM_ID,TERMINAL_CODE,ORG_CODE,IS_VIDEO_TERMINAL,SP_SERVER_NAME,PROTOCOL_TYPE,CHANNELS,YT_PROTOCOL_TYPE) values(241292, 4, 25292, '1005291', 'B0000803',1,'1076测试服务器','4',8,'0');
insert into V_VEHICLEINFO (ORG_CODE,VEHICLE_ID,ID_NUMBER,TYPE_ID,TERMINAL_ID,DELETE_FLAG,COLOR_ID_NUMBER_ID,AUTHORIZED_PAY_MASS) values ('B0000803','2401292', '测B05291', 4, 241292, 0, '2',15);

insert into T_SIMINFO (SIM_ID, ORG_CODE, DEPTCODE, STATE,PAY_MODLE, SIM_NUM) values(25293, 'B0000803', '中国移动', 1, '预付费', 13100005292);
insert into T_TERMINALINFO (TERMINAL_ID,TTYPE_ID,SIM_ID,TERMINAL_CODE,ORG_CODE,IS_VIDEO_TERMINAL,SP_SERVER_NAME,PROTOCOL_TYPE,CHANNELS,YT_PROTOCOL_TYPE) values(241293, 4, 25293, '1005292', 'B0000803',1,'1076测试服务器','4',8,'0');
insert into V_VEHICLEINFO (ORG_CODE,VEHICLE_ID,ID_NUMBER,TYPE_ID,TERMINAL_ID,DELETE_FLAG,COLOR_ID_NUMBER_ID,AUTHORIZED_PAY_MASS) values ('B0000803','2401293', '测B05292', 4, 241293, 0, '2',15);

insert into T_SIMINFO (SIM_ID, ORG_CODE, DEPTCODE, STATE,PAY_MODLE, SIM_NUM) values(25294, 'B0000803', '中国移动', 1, '预付费', 13100005293);
insert into T_TERMINALINFO (TERMINAL_ID,TTYPE_ID,SIM_ID,TERMINAL_CODE,ORG_CODE,IS_VIDEO_TERMINAL,SP_SERVER_NAME,PROTOCOL_TYPE,CHANNELS,YT_PROTOCOL_TYPE) values(241294, 4, 25294, '1005293', 'B0000803',1,'1076测试服务器','4',8,'0');
insert into V_VEHICLEINFO (ORG_CODE,VEHICLE_ID,ID_NUMBER,TYPE_ID,TERMINAL_ID,DELETE_FLAG,COLOR_ID_NUMBER_ID,AUTHORIZED_PAY_MASS) values ('B0000803','2401294', '测B05293', 4, 241294, 0, '2',15);

insert into T_SIMINFO (SIM_ID, ORG_CODE, DEPTCODE, STATE,PAY_MODLE, SIM_NUM) values(25295, 'B0000803', '中国移动', 1, '预付费', 13100005294);
insert into T_TERMINALINFO (TERMINAL_ID,TTYPE_ID,SIM_ID,TERMINAL_CODE,ORG_CODE,IS_VIDEO_TERMINAL,SP_SERVER_NAME,PROTOCOL_TYPE,CHANNELS,YT_PROTOCOL_TYPE) values(241295, 4, 25295, '1005294', 'B0000803',1,'1076测试服务器','4',8,'0');
insert into V_VEHICLEINFO (ORG_CODE,VEHICLE_ID,ID_NUMBER,TYPE_ID,TERMINAL_ID,DELETE_FLAG,COLOR_ID_NUMBER_ID,AUTHORIZED_PAY_MASS) values ('B0000803','2401295', '测B05294', 4, 241295, 0, '2',15);

insert into T_SIMINFO (SIM_ID, ORG_CODE, DEPTCODE, STATE,PAY_MODLE, SIM_NUM) values(25296, 'B0000803', '中国移动', 1, '预付费', 13100005295);
insert into T_TERMINALINFO (TERMINAL_ID,TTYPE_ID,SIM_ID,TERMINAL_CODE,ORG_CODE,IS_VIDEO_TERMINAL,SP_SERVER_NAME,PROTOCOL_TYPE,CHANNELS,YT_PROTOCOL_TYPE) values(241296, 4, 25296, '1005295', 'B0000803',1,'1076测试服务器','4',8,'0');
insert into V_VEHICLEINFO (ORG_CODE,VEHICLE_ID,ID_NUMBER,TYPE_ID,TERMINAL_ID,DELETE_FLAG,COLOR_ID_NUMBER_ID,AUTHORIZED_PAY_MASS) values ('B0000803','2401296', '测B05295', 4, 241296, 0, '2',15);

insert into T_SIMINFO (SIM_ID, ORG_CODE, DEPTCODE, STATE,PAY_MODLE, SIM_NUM) values(25297, 'B0000803', '中国移动', 1, '预付费', 13100005296);
insert into T_TERMINALINFO (TERMINAL_ID,TTYPE_ID,SIM_ID,TERMINAL_CODE,ORG_CODE,IS_VIDEO_TERMINAL,SP_SERVER_NAME,PROTOCOL_TYPE,CHANNELS,YT_PROTOCOL_TYPE) values(241297, 4, 25297, '1005296', 'B0000803',1,'1076测试服务器','4',8,'0');
insert into V_VEHICLEINFO (ORG_CODE,VEHICLE_ID,ID_NUMBER,TYPE_ID,TERMINAL_ID,DELETE_FLAG,COLOR_ID_NUMBER_ID,AUTHORIZED_PAY_MASS) values ('B0000803','2401297', '测B05296', 4, 241297, 0, '2',15);

insert into T_SIMINFO (SIM_ID, ORG_CODE, DEPTCODE, STATE,PAY_MODLE, SIM_NUM) values(25298, 'B0000803', '中国移动', 1, '预付费', 13100005297);
insert into T_TERMINALINFO (TERMINAL_ID,TTYPE_ID,SIM_ID,TERMINAL_CODE,ORG_CODE,IS_VIDEO_TERMINAL,SP_SERVER_NAME,PROTOCOL_TYPE,CHANNELS,YT_PROTOCOL_TYPE) values(241298, 4, 25298, '1005297', 'B0000803',1,'1076测试服务器','4',8,'0');
insert into V_VEHICLEINFO (ORG_CODE,VEHICLE_ID,ID_NUMBER,TYPE_ID,TERMINAL_ID,DELETE_FLAG,COLOR_ID_NUMBER_ID,AUTHORIZED_PAY_MASS) values ('B0000803','2401298', '测B05297', 4, 241298, 0, '2',15);

insert into T_SIMINFO (SIM_ID, ORG_CODE, DEPTCODE, STATE,PAY_MODLE, SIM_NUM) values(25299, 'B0000803', '中国移动', 1, '预付费', 13100005298);
insert into T_TERMINALINFO (TERMINAL_ID,TTYPE_ID,SIM_ID,TERMINAL_CODE,ORG_CODE,IS_VIDEO_TERMINAL,SP_SERVER_NAME,PROTOCOL_TYPE,CHANNELS,YT_PROTOCOL_TYPE) values(241299, 4, 25299, '1005298', 'B0000803',1,'1076测试服务器','4',8,'0');
insert into V_VEHICLEINFO (ORG_CODE,VEHICLE_ID,ID_NUMBER,TYPE_ID,TERMINAL_ID,DELETE_FLAG,COLOR_ID_NUMBER_ID,AUTHORIZED_PAY_MASS) values ('B0000803','2401299', '测B05298', 4, 241299, 0, '2',15);

insert into T_SIMINFO (SIM_ID, ORG_CODE, DEPTCODE, STATE,PAY_MODLE, SIM_NUM) values(25300, 'B0000803', '中国移动', 1, '预付费', 13100005299);
insert into T_TERMINALINFO (TERMINAL_ID,TTYPE_ID,SIM_ID,TERMINAL_CODE,ORG_CODE,IS_VIDEO_TERMINAL,SP_SERVER_NAME,PROTOCOL_TYPE,CHANNELS,YT_PROTOCOL_TYPE) values(241300, 4, 25300, '1005299', 'B0000803',1,'1076测试服务器','4',8,'0');
insert into V_VEHICLEINFO (ORG_CODE,VEHICLE_ID,ID_NUMBER,TYPE_ID,TERMINAL_ID,DELETE_FLAG,COLOR_ID_NUMBER_ID,AUTHORIZED_PAY_MASS) values ('B0000803','2401300', '测B05299', 4, 241300, 0, '2',15);

insert into T_SIMINFO (SIM_ID, ORG_CODE, DEPTCODE, STATE,PAY_MODLE, SIM_NUM) values(25301, 'B0000803', '中国移动', 1, '预付费', 13100005300);
insert into T_TERMINALINFO (TERMINAL_ID,TTYPE_ID,SIM_ID,TERMINAL_CODE,ORG_CODE,IS_VIDEO_TERMINAL,SP_SERVER_NAME,PROTOCOL_TYPE,CHANNELS,YT_PROTOCOL_TYPE) values(241301, 4, 25301, '1005300', 'B0000803',1,'1076测试服务器','4',8,'0');
insert into V_VEHICLEINFO (ORG_CODE,VEHICLE_ID,ID_NUMBER,TYPE_ID,TERMINAL_ID,DELETE_FLAG,COLOR_ID_NUMBER_ID,AUTHORIZED_PAY_MASS) values ('B0000803','2401301', '测B05300', 4, 241301, 0, '2',15);

insert into T_SIMINFO (SIM_ID, ORG_CODE, DEPTCODE, STATE,PAY_MODLE, SIM_NUM) values(25302, 'B0000803', '中国移动', 1, '预付费', 13100005301);
insert into T_TERMINALINFO (TERMINAL_ID,TTYPE_ID,SIM_ID,TERMINAL_CODE,ORG_CODE,IS_VIDEO_TERMINAL,SP_SERVER_NAME,PROTOCOL_TYPE,CHANNELS,YT_PROTOCOL_TYPE) values(241302, 4, 25302, '1005301', 'B0000803',1,'1076测试服务器','4',8,'0');
insert into V_VEHICLEINFO (ORG_CODE,VEHICLE_ID,ID_NUMBER,TYPE_ID,TERMINAL_ID,DELETE_FLAG,COLOR_ID_NUMBER_ID,AUTHORIZED_PAY_MASS) values ('B0000803','2401302', '测B05301', 4, 241302, 0, '2',15);

insert into T_SIMINFO (SIM_ID, ORG_CODE, DEPTCODE, STATE,PAY_MODLE, SIM_NUM) values(25303, 'B0000803', '中国移动', 1, '预付费', 13100005302);
insert into T_TERMINALINFO (TERMINAL_ID,TTYPE_ID,SIM_ID,TERMINAL_CODE,ORG_CODE,IS_VIDEO_TERMINAL,SP_SERVER_NAME,PROTOCOL_TYPE,CHANNELS,YT_PROTOCOL_TYPE) values(241303, 4, 25303, '1005302', 'B0000803',1,'1076测试服务器','4',8,'0');
insert into V_VEHICLEINFO (ORG_CODE,VEHICLE_ID,ID_NUMBER,TYPE_ID,TERMINAL_ID,DELETE_FLAG,COLOR_ID_NUMBER_ID,AUTHORIZED_PAY_MASS) values ('B0000803','2401303', '测B05302', 4, 241303, 0, '2',15);

insert into T_SIMINFO (SIM_ID, ORG_CODE, DEPTCODE, STATE,PAY_MODLE, SIM_NUM) values(25304, 'B0000803', '中国移动', 1, '预付费', 13100005303);
insert into T_TERMINALINFO (TERMINAL_ID,TTYPE_ID,SIM_ID,TERMINAL_CODE,ORG_CODE,IS_VIDEO_TERMINAL,SP_SERVER_NAME,PROTOCOL_TYPE,CHANNELS,YT_PROTOCOL_TYPE) values(241304, 4, 25304, '1005303', 'B0000803',1,'1076测试服务器','4',8,'0');
insert into V_VEHICLEINFO (ORG_CODE,VEHICLE_ID,ID_NUMBER,TYPE_ID,TERMINAL_ID,DELETE_FLAG,COLOR_ID_NUMBER_ID,AUTHORIZED_PAY_MASS) values ('B0000803','2401304', '测B05303', 4, 241304, 0, '2',15);

insert into T_SIMINFO (SIM_ID, ORG_CODE, DEPTCODE, STATE,PAY_MODLE, SIM_NUM) values(25305, 'B0000803', '中国移动', 1, '预付费', 13100005304);
insert into T_TERMINALINFO (TERMINAL_ID,TTYPE_ID,SIM_ID,TERMINAL_CODE,ORG_CODE,IS_VIDEO_TERMINAL,SP_SERVER_NAME,PROTOCOL_TYPE,CHANNELS,YT_PROTOCOL_TYPE) values(241305, 4, 25305, '1005304', 'B0000803',1,'1076测试服务器','4',8,'0');
insert into V_VEHICLEINFO (ORG_CODE,VEHICLE_ID,ID_NUMBER,TYPE_ID,TERMINAL_ID,DELETE_FLAG,COLOR_ID_NUMBER_ID,AUTHORIZED_PAY_MASS) values ('B0000803','2401305', '测B05304', 4, 241305, 0, '2',15);

insert into T_SIMINFO (SIM_ID, ORG_CODE, DEPTCODE, STATE,PAY_MODLE, SIM_NUM) values(25306, 'B0000803', '中国移动', 1, '预付费', 13100005305);
insert into T_TERMINALINFO (TERMINAL_ID,TTYPE_ID,SIM_ID,TERMINAL_CODE,ORG_CODE,IS_VIDEO_TERMINAL,SP_SERVER_NAME,PROTOCOL_TYPE,CHANNELS,YT_PROTOCOL_TYPE) values(241306, 4, 25306, '1005305', 'B0000803',1,'1076测试服务器','4',8,'0');
insert into V_VEHICLEINFO (ORG_CODE,VEHICLE_ID,ID_NUMBER,TYPE_ID,TERMINAL_ID,DELETE_FLAG,COLOR_ID_NUMBER_ID,AUTHORIZED_PAY_MASS) values ('B0000803','2401306', '测B05305', 4, 241306, 0, '2',15);

insert into T_SIMINFO (SIM_ID, ORG_CODE, DEPTCODE, STATE,PAY_MODLE, SIM_NUM) values(25307, 'B0000803', '中国移动', 1, '预付费', 13100005306);
insert into T_TERMINALINFO (TERMINAL_ID,TTYPE_ID,SIM_ID,TERMINAL_CODE,ORG_CODE,IS_VIDEO_TERMINAL,SP_SERVER_NAME,PROTOCOL_TYPE,CHANNELS,YT_PROTOCOL_TYPE) values(241307, 4, 25307, '1005306', 'B0000803',1,'1076测试服务器','4',8,'0');
insert into V_VEHICLEINFO (ORG_CODE,VEHICLE_ID,ID_NUMBER,TYPE_ID,TERMINAL_ID,DELETE_FLAG,COLOR_ID_NUMBER_ID,AUTHORIZED_PAY_MASS) values ('B0000803','2401307', '测B05306', 4, 241307, 0, '2',15);

insert into T_SIMINFO (SIM_ID, ORG_CODE, DEPTCODE, STATE,PAY_MODLE, SIM_NUM) values(25308, 'B0000803', '中国移动', 1, '预付费', 13100005307);
insert into T_TERMINALINFO (TERMINAL_ID,TTYPE_ID,SIM_ID,TERMINAL_CODE,ORG_CODE,IS_VIDEO_TERMINAL,SP_SERVER_NAME,PROTOCOL_TYPE,CHANNELS,YT_PROTOCOL_TYPE) values(241308, 4, 25308, '1005307', 'B0000803',1,'1076测试服务器','4',8,'0');
insert into V_VEHICLEINFO (ORG_CODE,VEHICLE_ID,ID_NUMBER,TYPE_ID,TERMINAL_ID,DELETE_FLAG,COLOR_ID_NUMBER_ID,AUTHORIZED_PAY_MASS) values ('B0000803','2401308', '测B05307', 4, 241308, 0, '2',15);

insert into T_SIMINFO (SIM_ID, ORG_CODE, DEPTCODE, STATE,PAY_MODLE, SIM_NUM) values(25309, 'B0000803', '中国移动', 1, '预付费', 13100005308);
insert into T_TERMINALINFO (TERMINAL_ID,TTYPE_ID,SIM_ID,TERMINAL_CODE,ORG_CODE,IS_VIDEO_TERMINAL,SP_SERVER_NAME,PROTOCOL_TYPE,CHANNELS,YT_PROTOCOL_TYPE) values(241309, 4, 25309, '1005308', 'B0000803',1,'1076测试服务器','4',8,'0');
insert into V_VEHICLEINFO (ORG_CODE,VEHICLE_ID,ID_NUMBER,TYPE_ID,TERMINAL_ID,DELETE_FLAG,COLOR_ID_NUMBER_ID,AUTHORIZED_PAY_MASS) values ('B0000803','2401309', '测B05308', 4, 241309, 0, '2',15);

insert into T_SIMINFO (SIM_ID, ORG_CODE, DEPTCODE, STATE,PAY_MODLE, SIM_NUM) values(25310, 'B0000803', '中国移动', 1, '预付费', 13100005309);
insert into T_TERMINALINFO (TERMINAL_ID,TTYPE_ID,SIM_ID,TERMINAL_CODE,ORG_CODE,IS_VIDEO_TERMINAL,SP_SERVER_NAME,PROTOCOL_TYPE,CHANNELS,YT_PROTOCOL_TYPE) values(241310, 4, 25310, '1005309', 'B0000803',1,'1076测试服务器','4',8,'0');
insert into V_VEHICLEINFO (ORG_CODE,VEHICLE_ID,ID_NUMBER,TYPE_ID,TERMINAL_ID,DELETE_FLAG,COLOR_ID_NUMBER_ID,AUTHORIZED_PAY_MASS) values ('B0000803','2401310', '测B05309', 4, 241310, 0, '2',15);

insert into T_SIMINFO (SIM_ID, ORG_CODE, DEPTCODE, STATE,PAY_MODLE, SIM_NUM) values(25311, 'B0000803', '中国移动', 1, '预付费', 13100005310);
insert into T_TERMINALINFO (TERMINAL_ID,TTYPE_ID,SIM_ID,TERMINAL_CODE,ORG_CODE,IS_VIDEO_TERMINAL,SP_SERVER_NAME,PROTOCOL_TYPE,CHANNELS,YT_PROTOCOL_TYPE) values(241311, 4, 25311, '1005310', 'B0000803',1,'1076测试服务器','4',8,'0');
insert into V_VEHICLEINFO (ORG_CODE,VEHICLE_ID,ID_NUMBER,TYPE_ID,TERMINAL_ID,DELETE_FLAG,COLOR_ID_NUMBER_ID,AUTHORIZED_PAY_MASS) values ('B0000803','2401311', '测B05310', 4, 241311, 0, '2',15);

insert into T_SIMINFO (SIM_ID, ORG_CODE, DEPTCODE, STATE,PAY_MODLE, SIM_NUM) values(25312, 'B0000803', '中国移动', 1, '预付费', 13100005311);
insert into T_TERMINALINFO (TERMINAL_ID,TTYPE_ID,SIM_ID,TERMINAL_CODE,ORG_CODE,IS_VIDEO_TERMINAL,SP_SERVER_NAME,PROTOCOL_TYPE,CHANNELS,YT_PROTOCOL_TYPE) values(241312, 4, 25312, '1005311', 'B0000803',1,'1076测试服务器','4',8,'0');
insert into V_VEHICLEINFO (ORG_CODE,VEHICLE_ID,ID_NUMBER,TYPE_ID,TERMINAL_ID,DELETE_FLAG,COLOR_ID_NUMBER_ID,AUTHORIZED_PAY_MASS) values ('B0000803','2401312', '测B05311', 4, 241312, 0, '2',15);

insert into T_SIMINFO (SIM_ID, ORG_CODE, DEPTCODE, STATE,PAY_MODLE, SIM_NUM) values(25313, 'B0000803', '中国移动', 1, '预付费', 13100005312);
insert into T_TERMINALINFO (TERMINAL_ID,TTYPE_ID,SIM_ID,TERMINAL_CODE,ORG_CODE,IS_VIDEO_TERMINAL,SP_SERVER_NAME,PROTOCOL_TYPE,CHANNELS,YT_PROTOCOL_TYPE) values(241313, 4, 25313, '1005312', 'B0000803',1,'1076测试服务器','4',8,'0');
insert into V_VEHICLEINFO (ORG_CODE,VEHICLE_ID,ID_NUMBER,TYPE_ID,TERMINAL_ID,DELETE_FLAG,COLOR_ID_NUMBER_ID,AUTHORIZED_PAY_MASS) values ('B0000803','2401313', '测B05312', 4, 241313, 0, '2',15);

insert into T_SIMINFO (SIM_ID, ORG_CODE, DEPTCODE, STATE,PAY_MODLE, SIM_NUM) values(25314, 'B0000803', '中国移动', 1, '预付费', 13100005313);
insert into T_TERMINALINFO (TERMINAL_ID,TTYPE_ID,SIM_ID,TERMINAL_CODE,ORG_CODE,IS_VIDEO_TERMINAL,SP_SERVER_NAME,PROTOCOL_TYPE,CHANNELS,YT_PROTOCOL_TYPE) values(241314, 4, 25314, '1005313', 'B0000803',1,'1076测试服务器','4',8,'0');
insert into V_VEHICLEINFO (ORG_CODE,VEHICLE_ID,ID_NUMBER,TYPE_ID,TERMINAL_ID,DELETE_FLAG,COLOR_ID_NUMBER_ID,AUTHORIZED_PAY_MASS) values ('B0000803','2401314', '测B05313', 4, 241314, 0, '2',15);

insert into T_SIMINFO (SIM_ID, ORG_CODE, DEPTCODE, STATE,PAY_MODLE, SIM_NUM) values(25315, 'B0000803', '中国移动', 1, '预付费', 13100005314);
insert into T_TERMINALINFO (TERMINAL_ID,TTYPE_ID,SIM_ID,TERMINAL_CODE,ORG_CODE,IS_VIDEO_TERMINAL,SP_SERVER_NAME,PROTOCOL_TYPE,CHANNELS,YT_PROTOCOL_TYPE) values(241315, 4, 25315, '1005314', 'B0000803',1,'1076测试服务器','4',8,'0');
insert into V_VEHICLEINFO (ORG_CODE,VEHICLE_ID,ID_NUMBER,TYPE_ID,TERMINAL_ID,DELETE_FLAG,COLOR_ID_NUMBER_ID,AUTHORIZED_PAY_MASS) values ('B0000803','2401315', '测B05314', 4, 241315, 0, '2',15);

insert into T_SIMINFO (SIM_ID, ORG_CODE, DEPTCODE, STATE,PAY_MODLE, SIM_NUM) values(25316, 'B0000803', '中国移动', 1, '预付费', 13100005315);
insert into T_TERMINALINFO (TERMINAL_ID,TTYPE_ID,SIM_ID,TERMINAL_CODE,ORG_CODE,IS_VIDEO_TERMINAL,SP_SERVER_NAME,PROTOCOL_TYPE,CHANNELS,YT_PROTOCOL_TYPE) values(241316, 4, 25316, '1005315', 'B0000803',1,'1076测试服务器','4',8,'0');
insert into V_VEHICLEINFO (ORG_CODE,VEHICLE_ID,ID_NUMBER,TYPE_ID,TERMINAL_ID,DELETE_FLAG,COLOR_ID_NUMBER_ID,AUTHORIZED_PAY_MASS) values ('B0000803','2401316', '测B05315', 4, 241316, 0, '2',15);

insert into T_SIMINFO (SIM_ID, ORG_CODE, DEPTCODE, STATE,PAY_MODLE, SIM_NUM) values(25317, 'B0000803', '中国移动', 1, '预付费', 13100005316);
insert into T_TERMINALINFO (TERMINAL_ID,TTYPE_ID,SIM_ID,TERMINAL_CODE,ORG_CODE,IS_VIDEO_TERMINAL,SP_SERVER_NAME,PROTOCOL_TYPE,CHANNELS,YT_PROTOCOL_TYPE) values(241317, 4, 25317, '1005316', 'B0000803',1,'1076测试服务器','4',8,'0');
insert into V_VEHICLEINFO (ORG_CODE,VEHICLE_ID,ID_NUMBER,TYPE_ID,TERMINAL_ID,DELETE_FLAG,COLOR_ID_NUMBER_ID,AUTHORIZED_PAY_MASS) values ('B0000803','2401317', '测B05316', 4, 241317, 0, '2',15);

insert into T_SIMINFO (SIM_ID, ORG_CODE, DEPTCODE, STATE,PAY_MODLE, SIM_NUM) values(25318, 'B0000803', '中国移动', 1, '预付费', 13100005317);
insert into T_TERMINALINFO (TERMINAL_ID,TTYPE_ID,SIM_ID,TERMINAL_CODE,ORG_CODE,IS_VIDEO_TERMINAL,SP_SERVER_NAME,PROTOCOL_TYPE,CHANNELS,YT_PROTOCOL_TYPE) values(241318, 4, 25318, '1005317', 'B0000803',1,'1076测试服务器','4',8,'0');
insert into V_VEHICLEINFO (ORG_CODE,VEHICLE_ID,ID_NUMBER,TYPE_ID,TERMINAL_ID,DELETE_FLAG,COLOR_ID_NUMBER_ID,AUTHORIZED_PAY_MASS) values ('B0000803','2401318', '测B05317', 4, 241318, 0, '2',15);

insert into T_SIMINFO (SIM_ID, ORG_CODE, DEPTCODE, STATE,PAY_MODLE, SIM_NUM) values(25319, 'B0000803', '中国移动', 1, '预付费', 13100005318);
insert into T_TERMINALINFO (TERMINAL_ID,TTYPE_ID,SIM_ID,TERMINAL_CODE,ORG_CODE,IS_VIDEO_TERMINAL,SP_SERVER_NAME,PROTOCOL_TYPE,CHANNELS,YT_PROTOCOL_TYPE) values(241319, 4, 25319, '1005318', 'B0000803',1,'1076测试服务器','4',8,'0');
insert into V_VEHICLEINFO (ORG_CODE,VEHICLE_ID,ID_NUMBER,TYPE_ID,TERMINAL_ID,DELETE_FLAG,COLOR_ID_NUMBER_ID,AUTHORIZED_PAY_MASS) values ('B0000803','2401319', '测B05318', 4, 241319, 0, '2',15);

insert into T_SIMINFO (SIM_ID, ORG_CODE, DEPTCODE, STATE,PAY_MODLE, SIM_NUM) values(25320, 'B0000803', '中国移动', 1, '预付费', 13100005319);
insert into T_TERMINALINFO (TERMINAL_ID,TTYPE_ID,SIM_ID,TERMINAL_CODE,ORG_CODE,IS_VIDEO_TERMINAL,SP_SERVER_NAME,PROTOCOL_TYPE,CHANNELS,YT_PROTOCOL_TYPE) values(241320, 4, 25320, '1005319', 'B0000803',1,'1076测试服务器','4',8,'0');
insert into V_VEHICLEINFO (ORG_CODE,VEHICLE_ID,ID_NUMBER,TYPE_ID,TERMINAL_ID,DELETE_FLAG,COLOR_ID_NUMBER_ID,AUTHORIZED_PAY_MASS) values ('B0000803','2401320', '测B05319', 4, 241320, 0, '2',15);

insert into T_SIMINFO (SIM_ID, ORG_CODE, DEPTCODE, STATE,PAY_MODLE, SIM_NUM) values(25321, 'B0000803', '中国移动', 1, '预付费', 13100005320);
insert into T_TERMINALINFO (TERMINAL_ID,TTYPE_ID,SIM_ID,TERMINAL_CODE,ORG_CODE,IS_VIDEO_TERMINAL,SP_SERVER_NAME,PROTOCOL_TYPE,CHANNELS,YT_PROTOCOL_TYPE) values(241321, 4, 25321, '1005320', 'B0000803',1,'1076测试服务器','4',8,'0');
insert into V_VEHICLEINFO (ORG_CODE,VEHICLE_ID,ID_NUMBER,TYPE_ID,TERMINAL_ID,DELETE_FLAG,COLOR_ID_NUMBER_ID,AUTHORIZED_PAY_MASS) values ('B0000803','2401321', '测B05320', 4, 241321, 0, '2',15);

insert into T_SIMINFO (SIM_ID, ORG_CODE, DEPTCODE, STATE,PAY_MODLE, SIM_NUM) values(25322, 'B0000803', '中国移动', 1, '预付费', 13100005321);
insert into T_TERMINALINFO (TERMINAL_ID,TTYPE_ID,SIM_ID,TERMINAL_CODE,ORG_CODE,IS_VIDEO_TERMINAL,SP_SERVER_NAME,PROTOCOL_TYPE,CHANNELS,YT_PROTOCOL_TYPE) values(241322, 4, 25322, '1005321', 'B0000803',1,'1076测试服务器','4',8,'0');
insert into V_VEHICLEINFO (ORG_CODE,VEHICLE_ID,ID_NUMBER,TYPE_ID,TERMINAL_ID,DELETE_FLAG,COLOR_ID_NUMBER_ID,AUTHORIZED_PAY_MASS) values ('B0000803','2401322', '测B05321', 4, 241322, 0, '2',15);

insert into T_SIMINFO (SIM_ID, ORG_CODE, DEPTCODE, STATE,PAY_MODLE, SIM_NUM) values(25323, 'B0000803', '中国移动', 1, '预付费', 13100005322);
insert into T_TERMINALINFO (TERMINAL_ID,TTYPE_ID,SIM_ID,TERMINAL_CODE,ORG_CODE,IS_VIDEO_TERMINAL,SP_SERVER_NAME,PROTOCOL_TYPE,CHANNELS,YT_PROTOCOL_TYPE) values(241323, 4, 25323, '1005322', 'B0000803',1,'1076测试服务器','4',8,'0');
insert into V_VEHICLEINFO (ORG_CODE,VEHICLE_ID,ID_NUMBER,TYPE_ID,TERMINAL_ID,DELETE_FLAG,COLOR_ID_NUMBER_ID,AUTHORIZED_PAY_MASS) values ('B0000803','2401323', '测B05322', 4, 241323, 0, '2',15);

insert into T_SIMINFO (SIM_ID, ORG_CODE, DEPTCODE, STATE,PAY_MODLE, SIM_NUM) values(25324, 'B0000803', '中国移动', 1, '预付费', 13100005323);
insert into T_TERMINALINFO (TERMINAL_ID,TTYPE_ID,SIM_ID,TERMINAL_CODE,ORG_CODE,IS_VIDEO_TERMINAL,SP_SERVER_NAME,PROTOCOL_TYPE,CHANNELS,YT_PROTOCOL_TYPE) values(241324, 4, 25324, '1005323', 'B0000803',1,'1076测试服务器','4',8,'0');
insert into V_VEHICLEINFO (ORG_CODE,VEHICLE_ID,ID_NUMBER,TYPE_ID,TERMINAL_ID,DELETE_FLAG,COLOR_ID_NUMBER_ID,AUTHORIZED_PAY_MASS) values ('B0000803','2401324', '测B05323', 4, 241324, 0, '2',15);

insert into T_SIMINFO (SIM_ID, ORG_CODE, DEPTCODE, STATE,PAY_MODLE, SIM_NUM) values(25325, 'B0000803', '中国移动', 1, '预付费', 13100005324);
insert into T_TERMINALINFO (TERMINAL_ID,TTYPE_ID,SIM_ID,TERMINAL_CODE,ORG_CODE,IS_VIDEO_TERMINAL,SP_SERVER_NAME,PROTOCOL_TYPE,CHANNELS,YT_PROTOCOL_TYPE) values(241325, 4, 25325, '1005324', 'B0000803',1,'1076测试服务器','4',8,'0');
insert into V_VEHICLEINFO (ORG_CODE,VEHICLE_ID,ID_NUMBER,TYPE_ID,TERMINAL_ID,DELETE_FLAG,COLOR_ID_NUMBER_ID,AUTHORIZED_PAY_MASS) values ('B0000803','2401325', '测B05324', 4, 241325, 0, '2',15);

insert into T_SIMINFO (SIM_ID, ORG_CODE, DEPTCODE, STATE,PAY_MODLE, SIM_NUM) values(25326, 'B0000803', '中国移动', 1, '预付费', 13100005325);
insert into T_TERMINALINFO (TERMINAL_ID,TTYPE_ID,SIM_ID,TERMINAL_CODE,ORG_CODE,IS_VIDEO_TERMINAL,SP_SERVER_NAME,PROTOCOL_TYPE,CHANNELS,YT_PROTOCOL_TYPE) values(241326, 4, 25326, '1005325', 'B0000803',1,'1076测试服务器','4',8,'0');
insert into V_VEHICLEINFO (ORG_CODE,VEHICLE_ID,ID_NUMBER,TYPE_ID,TERMINAL_ID,DELETE_FLAG,COLOR_ID_NUMBER_ID,AUTHORIZED_PAY_MASS) values ('B0000803','2401326', '测B05325', 4, 241326, 0, '2',15);

insert into T_SIMINFO (SIM_ID, ORG_CODE, DEPTCODE, STATE,PAY_MODLE, SIM_NUM) values(25327, 'B0000803', '中国移动', 1, '预付费', 13100005326);
insert into T_TERMINALINFO (TERMINAL_ID,TTYPE_ID,SIM_ID,TERMINAL_CODE,ORG_CODE,IS_VIDEO_TERMINAL,SP_SERVER_NAME,PROTOCOL_TYPE,CHANNELS,YT_PROTOCOL_TYPE) values(241327, 4, 25327, '1005326', 'B0000803',1,'1076测试服务器','4',8,'0');
insert into V_VEHICLEINFO (ORG_CODE,VEHICLE_ID,ID_NUMBER,TYPE_ID,TERMINAL_ID,DELETE_FLAG,COLOR_ID_NUMBER_ID,AUTHORIZED_PAY_MASS) values ('B0000803','2401327', '测B05326', 4, 241327, 0, '2',15);

insert into T_SIMINFO (SIM_ID, ORG_CODE, DEPTCODE, STATE,PAY_MODLE, SIM_NUM) values(25328, 'B0000803', '中国移动', 1, '预付费', 13100005327);
insert into T_TERMINALINFO (TERMINAL_ID,TTYPE_ID,SIM_ID,TERMINAL_CODE,ORG_CODE,IS_VIDEO_TERMINAL,SP_SERVER_NAME,PROTOCOL_TYPE,CHANNELS,YT_PROTOCOL_TYPE) values(241328, 4, 25328, '1005327', 'B0000803',1,'1076测试服务器','4',8,'0');
insert into V_VEHICLEINFO (ORG_CODE,VEHICLE_ID,ID_NUMBER,TYPE_ID,TERMINAL_ID,DELETE_FLAG,COLOR_ID_NUMBER_ID,AUTHORIZED_PAY_MASS) values ('B0000803','2401328', '测B05327', 4, 241328, 0, '2',15);

insert into T_SIMINFO (SIM_ID, ORG_CODE, DEPTCODE, STATE,PAY_MODLE, SIM_NUM) values(25329, 'B0000803', '中国移动', 1, '预付费', 13100005328);
insert into T_TERMINALINFO (TERMINAL_ID,TTYPE_ID,SIM_ID,TERMINAL_CODE,ORG_CODE,IS_VIDEO_TERMINAL,SP_SERVER_NAME,PROTOCOL_TYPE,CHANNELS,YT_PROTOCOL_TYPE) values(241329, 4, 25329, '1005328', 'B0000803',1,'1076测试服务器','4',8,'0');
insert into V_VEHICLEINFO (ORG_CODE,VEHICLE_ID,ID_NUMBER,TYPE_ID,TERMINAL_ID,DELETE_FLAG,COLOR_ID_NUMBER_ID,AUTHORIZED_PAY_MASS) values ('B0000803','2401329', '测B05328', 4, 241329, 0, '2',15);

insert into T_SIMINFO (SIM_ID, ORG_CODE, DEPTCODE, STATE,PAY_MODLE, SIM_NUM) values(25330, 'B0000803', '中国移动', 1, '预付费', 13100005329);
insert into T_TERMINALINFO (TERMINAL_ID,TTYPE_ID,SIM_ID,TERMINAL_CODE,ORG_CODE,IS_VIDEO_TERMINAL,SP_SERVER_NAME,PROTOCOL_TYPE,CHANNELS,YT_PROTOCOL_TYPE) values(241330, 4, 25330, '1005329', 'B0000803',1,'1076测试服务器','4',8,'0');
insert into V_VEHICLEINFO (ORG_CODE,VEHICLE_ID,ID_NUMBER,TYPE_ID,TERMINAL_ID,DELETE_FLAG,COLOR_ID_NUMBER_ID,AUTHORIZED_PAY_MASS) values ('B0000803','2401330', '测B05329', 4, 241330, 0, '2',15);

insert into T_SIMINFO (SIM_ID, ORG_CODE, DEPTCODE, STATE,PAY_MODLE, SIM_NUM) values(25331, 'B0000803', '中国移动', 1, '预付费', 13100005330);
insert into T_TERMINALINFO (TERMINAL_ID,TTYPE_ID,SIM_ID,TERMINAL_CODE,ORG_CODE,IS_VIDEO_TERMINAL,SP_SERVER_NAME,PROTOCOL_TYPE,CHANNELS,YT_PROTOCOL_TYPE) values(241331, 4, 25331, '1005330', 'B0000803',1,'1076测试服务器','4',8,'0');
insert into V_VEHICLEINFO (ORG_CODE,VEHICLE_ID,ID_NUMBER,TYPE_ID,TERMINAL_ID,DELETE_FLAG,COLOR_ID_NUMBER_ID,AUTHORIZED_PAY_MASS) values ('B0000803','2401331', '测B05330', 4, 241331, 0, '2',15);

insert into T_SIMINFO (SIM_ID, ORG_CODE, DEPTCODE, STATE,PAY_MODLE, SIM_NUM) values(25332, 'B0000803', '中国移动', 1, '预付费', 13100005331);
insert into T_TERMINALINFO (TERMINAL_ID,TTYPE_ID,SIM_ID,TERMINAL_CODE,ORG_CODE,IS_VIDEO_TERMINAL,SP_SERVER_NAME,PROTOCOL_TYPE,CHANNELS,YT_PROTOCOL_TYPE) values(241332, 4, 25332, '1005331', 'B0000803',1,'1076测试服务器','4',8,'0');
insert into V_VEHICLEINFO (ORG_CODE,VEHICLE_ID,ID_NUMBER,TYPE_ID,TERMINAL_ID,DELETE_FLAG,COLOR_ID_NUMBER_ID,AUTHORIZED_PAY_MASS) values ('B0000803','2401332', '测B05331', 4, 241332, 0, '2',15);

insert into T_SIMINFO (SIM_ID, ORG_CODE, DEPTCODE, STATE,PAY_MODLE, SIM_NUM) values(25333, 'B0000803', '中国移动', 1, '预付费', 13100005332);
insert into T_TERMINALINFO (TERMINAL_ID,TTYPE_ID,SIM_ID,TERMINAL_CODE,ORG_CODE,IS_VIDEO_TERMINAL,SP_SERVER_NAME,PROTOCOL_TYPE,CHANNELS,YT_PROTOCOL_TYPE) values(241333, 4, 25333, '1005332', 'B0000803',1,'1076测试服务器','4',8,'0');
insert into V_VEHICLEINFO (ORG_CODE,VEHICLE_ID,ID_NUMBER,TYPE_ID,TERMINAL_ID,DELETE_FLAG,COLOR_ID_NUMBER_ID,AUTHORIZED_PAY_MASS) values ('B0000803','2401333', '测B05332', 4, 241333, 0, '2',15);

insert into T_SIMINFO (SIM_ID, ORG_CODE, DEPTCODE, STATE,PAY_MODLE, SIM_NUM) values(25334, 'B0000803', '中国移动', 1, '预付费', 13100005333);
insert into T_TERMINALINFO (TERMINAL_ID,TTYPE_ID,SIM_ID,TERMINAL_CODE,ORG_CODE,IS_VIDEO_TERMINAL,SP_SERVER_NAME,PROTOCOL_TYPE,CHANNELS,YT_PROTOCOL_TYPE) values(241334, 4, 25334, '1005333', 'B0000803',1,'1076测试服务器','4',8,'0');
insert into V_VEHICLEINFO (ORG_CODE,VEHICLE_ID,ID_NUMBER,TYPE_ID,TERMINAL_ID,DELETE_FLAG,COLOR_ID_NUMBER_ID,AUTHORIZED_PAY_MASS) values ('B0000803','2401334', '测B05333', 4, 241334, 0, '2',15);

insert into T_SIMINFO (SIM_ID, ORG_CODE, DEPTCODE, STATE,PAY_MODLE, SIM_NUM) values(25335, 'B0000803', '中国移动', 1, '预付费', 13100005334);
insert into T_TERMINALINFO (TERMINAL_ID,TTYPE_ID,SIM_ID,TERMINAL_CODE,ORG_CODE,IS_VIDEO_TERMINAL,SP_SERVER_NAME,PROTOCOL_TYPE,CHANNELS,YT_PROTOCOL_TYPE) values(241335, 4, 25335, '1005334', 'B0000803',1,'1076测试服务器','4',8,'0');
insert into V_VEHICLEINFO (ORG_CODE,VEHICLE_ID,ID_NUMBER,TYPE_ID,TERMINAL_ID,DELETE_FLAG,COLOR_ID_NUMBER_ID,AUTHORIZED_PAY_MASS) values ('B0000803','2401335', '测B05334', 4, 241335, 0, '2',15);

insert into T_SIMINFO (SIM_ID, ORG_CODE, DEPTCODE, STATE,PAY_MODLE, SIM_NUM) values(25336, 'B0000803', '中国移动', 1, '预付费', 13100005335);
insert into T_TERMINALINFO (TERMINAL_ID,TTYPE_ID,SIM_ID,TERMINAL_CODE,ORG_CODE,IS_VIDEO_TERMINAL,SP_SERVER_NAME,PROTOCOL_TYPE,CHANNELS,YT_PROTOCOL_TYPE) values(241336, 4, 25336, '1005335', 'B0000803',1,'1076测试服务器','4',8,'0');
insert into V_VEHICLEINFO (ORG_CODE,VEHICLE_ID,ID_NUMBER,TYPE_ID,TERMINAL_ID,DELETE_FLAG,COLOR_ID_NUMBER_ID,AUTHORIZED_PAY_MASS) values ('B0000803','2401336', '测B05335', 4, 241336, 0, '2',15);

insert into T_SIMINFO (SIM_ID, ORG_CODE, DEPTCODE, STATE,PAY_MODLE, SIM_NUM) values(25337, 'B0000803', '中国移动', 1, '预付费', 13100005336);
insert into T_TERMINALINFO (TERMINAL_ID,TTYPE_ID,SIM_ID,TERMINAL_CODE,ORG_CODE,IS_VIDEO_TERMINAL,SP_SERVER_NAME,PROTOCOL_TYPE,CHANNELS,YT_PROTOCOL_TYPE) values(241337, 4, 25337, '1005336', 'B0000803',1,'1076测试服务器','4',8,'0');
insert into V_VEHICLEINFO (ORG_CODE,VEHICLE_ID,ID_NUMBER,TYPE_ID,TERMINAL_ID,DELETE_FLAG,COLOR_ID_NUMBER_ID,AUTHORIZED_PAY_MASS) values ('B0000803','2401337', '测B05336', 4, 241337, 0, '2',15);

insert into T_SIMINFO (SIM_ID, ORG_CODE, DEPTCODE, STATE,PAY_MODLE, SIM_NUM) values(25338, 'B0000803', '中国移动', 1, '预付费', 13100005337);
insert into T_TERMINALINFO (TERMINAL_ID,TTYPE_ID,SIM_ID,TERMINAL_CODE,ORG_CODE,IS_VIDEO_TERMINAL,SP_SERVER_NAME,PROTOCOL_TYPE,CHANNELS,YT_PROTOCOL_TYPE) values(241338, 4, 25338, '1005337', 'B0000803',1,'1076测试服务器','4',8,'0');
insert into V_VEHICLEINFO (ORG_CODE,VEHICLE_ID,ID_NUMBER,TYPE_ID,TERMINAL_ID,DELETE_FLAG,COLOR_ID_NUMBER_ID,AUTHORIZED_PAY_MASS) values ('B0000803','2401338', '测B05337', 4, 241338, 0, '2',15);

insert into T_SIMINFO (SIM_ID, ORG_CODE, DEPTCODE, STATE,PAY_MODLE, SIM_NUM) values(25339, 'B0000803', '中国移动', 1, '预付费', 13100005338);
insert into T_TERMINALINFO (TERMINAL_ID,TTYPE_ID,SIM_ID,TERMINAL_CODE,ORG_CODE,IS_VIDEO_TERMINAL,SP_SERVER_NAME,PROTOCOL_TYPE,CHANNELS,YT_PROTOCOL_TYPE) values(241339, 4, 25339, '1005338', 'B0000803',1,'1076测试服务器','4',8,'0');
insert into V_VEHICLEINFO (ORG_CODE,VEHICLE_ID,ID_NUMBER,TYPE_ID,TERMINAL_ID,DELETE_FLAG,COLOR_ID_NUMBER_ID,AUTHORIZED_PAY_MASS) values ('B0000803','2401339', '测B05338', 4, 241339, 0, '2',15);

insert into T_SIMINFO (SIM_ID, ORG_CODE, DEPTCODE, STATE,PAY_MODLE, SIM_NUM) values(25340, 'B0000803', '中国移动', 1, '预付费', 13100005339);
insert into T_TERMINALINFO (TERMINAL_ID,TTYPE_ID,SIM_ID,TERMINAL_CODE,ORG_CODE,IS_VIDEO_TERMINAL,SP_SERVER_NAME,PROTOCOL_TYPE,CHANNELS,YT_PROTOCOL_TYPE) values(241340, 4, 25340, '1005339', 'B0000803',1,'1076测试服务器','4',8,'0');
insert into V_VEHICLEINFO (ORG_CODE,VEHICLE_ID,ID_NUMBER,TYPE_ID,TERMINAL_ID,DELETE_FLAG,COLOR_ID_NUMBER_ID,AUTHORIZED_PAY_MASS) values ('B0000803','2401340', '测B05339', 4, 241340, 0, '2',15);

insert into T_SIMINFO (SIM_ID, ORG_CODE, DEPTCODE, STATE,PAY_MODLE, SIM_NUM) values(25341, 'B0000803', '中国移动', 1, '预付费', 13100005340);
insert into T_TERMINALINFO (TERMINAL_ID,TTYPE_ID,SIM_ID,TERMINAL_CODE,ORG_CODE,IS_VIDEO_TERMINAL,SP_SERVER_NAME,PROTOCOL_TYPE,CHANNELS,YT_PROTOCOL_TYPE) values(241341, 4, 25341, '1005340', 'B0000803',1,'1076测试服务器','4',8,'0');
insert into V_VEHICLEINFO (ORG_CODE,VEHICLE_ID,ID_NUMBER,TYPE_ID,TERMINAL_ID,DELETE_FLAG,COLOR_ID_NUMBER_ID,AUTHORIZED_PAY_MASS) values ('B0000803','2401341', '测B05340', 4, 241341, 0, '2',15);

insert into T_SIMINFO (SIM_ID, ORG_CODE, DEPTCODE, STATE,PAY_MODLE, SIM_NUM) values(25342, 'B0000803', '中国移动', 1, '预付费', 13100005341);
insert into T_TERMINALINFO (TERMINAL_ID,TTYPE_ID,SIM_ID,TERMINAL_CODE,ORG_CODE,IS_VIDEO_TERMINAL,SP_SERVER_NAME,PROTOCOL_TYPE,CHANNELS,YT_PROTOCOL_TYPE) values(241342, 4, 25342, '1005341', 'B0000803',1,'1076测试服务器','4',8,'0');
insert into V_VEHICLEINFO (ORG_CODE,VEHICLE_ID,ID_NUMBER,TYPE_ID,TERMINAL_ID,DELETE_FLAG,COLOR_ID_NUMBER_ID,AUTHORIZED_PAY_MASS) values ('B0000803','2401342', '测B05341', 4, 241342, 0, '2',15);

insert into T_SIMINFO (SIM_ID, ORG_CODE, DEPTCODE, STATE,PAY_MODLE, SIM_NUM) values(25343, 'B0000803', '中国移动', 1, '预付费', 13100005342);
insert into T_TERMINALINFO (TERMINAL_ID,TTYPE_ID,SIM_ID,TERMINAL_CODE,ORG_CODE,IS_VIDEO_TERMINAL,SP_SERVER_NAME,PROTOCOL_TYPE,CHANNELS,YT_PROTOCOL_TYPE) values(241343, 4, 25343, '1005342', 'B0000803',1,'1076测试服务器','4',8,'0');
insert into V_VEHICLEINFO (ORG_CODE,VEHICLE_ID,ID_NUMBER,TYPE_ID,TERMINAL_ID,DELETE_FLAG,COLOR_ID_NUMBER_ID,AUTHORIZED_PAY_MASS) values ('B0000803','2401343', '测B05342', 4, 241343, 0, '2',15);

insert into T_SIMINFO (SIM_ID, ORG_CODE, DEPTCODE, STATE,PAY_MODLE, SIM_NUM) values(25344, 'B0000803', '中国移动', 1, '预付费', 13100005343);
insert into T_TERMINALINFO (TERMINAL_ID,TTYPE_ID,SIM_ID,TERMINAL_CODE,ORG_CODE,IS_VIDEO_TERMINAL,SP_SERVER_NAME,PROTOCOL_TYPE,CHANNELS,YT_PROTOCOL_TYPE) values(241344, 4, 25344, '1005343', 'B0000803',1,'1076测试服务器','4',8,'0');
insert into V_VEHICLEINFO (ORG_CODE,VEHICLE_ID,ID_NUMBER,TYPE_ID,TERMINAL_ID,DELETE_FLAG,COLOR_ID_NUMBER_ID,AUTHORIZED_PAY_MASS) values ('B0000803','2401344', '测B05343', 4, 241344, 0, '2',15);

insert into T_SIMINFO (SIM_ID, ORG_CODE, DEPTCODE, STATE,PAY_MODLE, SIM_NUM) values(25345, 'B0000803', '中国移动', 1, '预付费', 13100005344);
insert into T_TERMINALINFO (TERMINAL_ID,TTYPE_ID,SIM_ID,TERMINAL_CODE,ORG_CODE,IS_VIDEO_TERMINAL,SP_SERVER_NAME,PROTOCOL_TYPE,CHANNELS,YT_PROTOCOL_TYPE) values(241345, 4, 25345, '1005344', 'B0000803',1,'1076测试服务器','4',8,'0');
insert into V_VEHICLEINFO (ORG_CODE,VEHICLE_ID,ID_NUMBER,TYPE_ID,TERMINAL_ID,DELETE_FLAG,COLOR_ID_NUMBER_ID,AUTHORIZED_PAY_MASS) values ('B0000803','2401345', '测B05344', 4, 241345, 0, '2',15);

insert into T_SIMINFO (SIM_ID, ORG_CODE, DEPTCODE, STATE,PAY_MODLE, SIM_NUM) values(25346, 'B0000803', '中国移动', 1, '预付费', 13100005345);
insert into T_TERMINALINFO (TERMINAL_ID,TTYPE_ID,SIM_ID,TERMINAL_CODE,ORG_CODE,IS_VIDEO_TERMINAL,SP_SERVER_NAME,PROTOCOL_TYPE,CHANNELS,YT_PROTOCOL_TYPE) values(241346, 4, 25346, '1005345', 'B0000803',1,'1076测试服务器','4',8,'0');
insert into V_VEHICLEINFO (ORG_CODE,VEHICLE_ID,ID_NUMBER,TYPE_ID,TERMINAL_ID,DELETE_FLAG,COLOR_ID_NUMBER_ID,AUTHORIZED_PAY_MASS) values ('B0000803','2401346', '测B05345', 4, 241346, 0, '2',15);

insert into T_SIMINFO (SIM_ID, ORG_CODE, DEPTCODE, STATE,PAY_MODLE, SIM_NUM) values(25347, 'B0000803', '中国移动', 1, '预付费', 13100005346);
insert into T_TERMINALINFO (TERMINAL_ID,TTYPE_ID,SIM_ID,TERMINAL_CODE,ORG_CODE,IS_VIDEO_TERMINAL,SP_SERVER_NAME,PROTOCOL_TYPE,CHANNELS,YT_PROTOCOL_TYPE) values(241347, 4, 25347, '1005346', 'B0000803',1,'1076测试服务器','4',8,'0');
insert into V_VEHICLEINFO (ORG_CODE,VEHICLE_ID,ID_NUMBER,TYPE_ID,TERMINAL_ID,DELETE_FLAG,COLOR_ID_NUMBER_ID,AUTHORIZED_PAY_MASS) values ('B0000803','2401347', '测B05346', 4, 241347, 0, '2',15);

insert into T_SIMINFO (SIM_ID, ORG_CODE, DEPTCODE, STATE,PAY_MODLE, SIM_NUM) values(25348, 'B0000803', '中国移动', 1, '预付费', 13100005347);
insert into T_TERMINALINFO (TERMINAL_ID,TTYPE_ID,SIM_ID,TERMINAL_CODE,ORG_CODE,IS_VIDEO_TERMINAL,SP_SERVER_NAME,PROTOCOL_TYPE,CHANNELS,YT_PROTOCOL_TYPE) values(241348, 4, 25348, '1005347', 'B0000803',1,'1076测试服务器','4',8,'0');
insert into V_VEHICLEINFO (ORG_CODE,VEHICLE_ID,ID_NUMBER,TYPE_ID,TERMINAL_ID,DELETE_FLAG,COLOR_ID_NUMBER_ID,AUTHORIZED_PAY_MASS) values ('B0000803','2401348', '测B05347', 4, 241348, 0, '2',15);

insert into T_SIMINFO (SIM_ID, ORG_CODE, DEPTCODE, STATE,PAY_MODLE, SIM_NUM) values(25349, 'B0000803', '中国移动', 1, '预付费', 13100005348);
insert into T_TERMINALINFO (TERMINAL_ID,TTYPE_ID,SIM_ID,TERMINAL_CODE,ORG_CODE,IS_VIDEO_TERMINAL,SP_SERVER_NAME,PROTOCOL_TYPE,CHANNELS,YT_PROTOCOL_TYPE) values(241349, 4, 25349, '1005348', 'B0000803',1,'1076测试服务器','4',8,'0');
insert into V_VEHICLEINFO (ORG_CODE,VEHICLE_ID,ID_NUMBER,TYPE_ID,TERMINAL_ID,DELETE_FLAG,COLOR_ID_NUMBER_ID,AUTHORIZED_PAY_MASS) values ('B0000803','2401349', '测B05348', 4, 241349, 0, '2',15);

insert into T_SIMINFO (SIM_ID, ORG_CODE, DEPTCODE, STATE,PAY_MODLE, SIM_NUM) values(25350, 'B0000803', '中国移动', 1, '预付费', 13100005349);
insert into T_TERMINALINFO (TERMINAL_ID,TTYPE_ID,SIM_ID,TERMINAL_CODE,ORG_CODE,IS_VIDEO_TERMINAL,SP_SERVER_NAME,PROTOCOL_TYPE,CHANNELS,YT_PROTOCOL_TYPE) values(241350, 4, 25350, '1005349', 'B0000803',1,'1076测试服务器','4',8,'0');
insert into V_VEHICLEINFO (ORG_CODE,VEHICLE_ID,ID_NUMBER,TYPE_ID,TERMINAL_ID,DELETE_FLAG,COLOR_ID_NUMBER_ID,AUTHORIZED_PAY_MASS) values ('B0000803','2401350', '测B05349', 4, 241350, 0, '2',15);

insert into T_SIMINFO (SIM_ID, ORG_CODE, DEPTCODE, STATE,PAY_MODLE, SIM_NUM) values(25351, 'B0000803', '中国移动', 1, '预付费', 13100005350);
insert into T_TERMINALINFO (TERMINAL_ID,TTYPE_ID,SIM_ID,TERMINAL_CODE,ORG_CODE,IS_VIDEO_TERMINAL,SP_SERVER_NAME,PROTOCOL_TYPE,CHANNELS,YT_PROTOCOL_TYPE) values(241351, 4, 25351, '1005350', 'B0000803',1,'1076测试服务器','4',8,'0');
insert into V_VEHICLEINFO (ORG_CODE,VEHICLE_ID,ID_NUMBER,TYPE_ID,TERMINAL_ID,DELETE_FLAG,COLOR_ID_NUMBER_ID,AUTHORIZED_PAY_MASS) values ('B0000803','2401351', '测B05350', 4, 241351, 0, '2',15);

insert into T_SIMINFO (SIM_ID, ORG_CODE, DEPTCODE, STATE,PAY_MODLE, SIM_NUM) values(25352, 'B0000803', '中国移动', 1, '预付费', 13100005351);
insert into T_TERMINALINFO (TERMINAL_ID,TTYPE_ID,SIM_ID,TERMINAL_CODE,ORG_CODE,IS_VIDEO_TERMINAL,SP_SERVER_NAME,PROTOCOL_TYPE,CHANNELS,YT_PROTOCOL_TYPE) values(241352, 4, 25352, '1005351', 'B0000803',1,'1076测试服务器','4',8,'0');
insert into V_VEHICLEINFO (ORG_CODE,VEHICLE_ID,ID_NUMBER,TYPE_ID,TERMINAL_ID,DELETE_FLAG,COLOR_ID_NUMBER_ID,AUTHORIZED_PAY_MASS) values ('B0000803','2401352', '测B05351', 4, 241352, 0, '2',15);

insert into T_SIMINFO (SIM_ID, ORG_CODE, DEPTCODE, STATE,PAY_MODLE, SIM_NUM) values(25353, 'B0000803', '中国移动', 1, '预付费', 13100005352);
insert into T_TERMINALINFO (TERMINAL_ID,TTYPE_ID,SIM_ID,TERMINAL_CODE,ORG_CODE,IS_VIDEO_TERMINAL,SP_SERVER_NAME,PROTOCOL_TYPE,CHANNELS,YT_PROTOCOL_TYPE) values(241353, 4, 25353, '1005352', 'B0000803',1,'1076测试服务器','4',8,'0');
insert into V_VEHICLEINFO (ORG_CODE,VEHICLE_ID,ID_NUMBER,TYPE_ID,TERMINAL_ID,DELETE_FLAG,COLOR_ID_NUMBER_ID,AUTHORIZED_PAY_MASS) values ('B0000803','2401353', '测B05352', 4, 241353, 0, '2',15);

insert into T_SIMINFO (SIM_ID, ORG_CODE, DEPTCODE, STATE,PAY_MODLE, SIM_NUM) values(25354, 'B0000803', '中国移动', 1, '预付费', 13100005353);
insert into T_TERMINALINFO (TERMINAL_ID,TTYPE_ID,SIM_ID,TERMINAL_CODE,ORG_CODE,IS_VIDEO_TERMINAL,SP_SERVER_NAME,PROTOCOL_TYPE,CHANNELS,YT_PROTOCOL_TYPE) values(241354, 4, 25354, '1005353', 'B0000803',1,'1076测试服务器','4',8,'0');
insert into V_VEHICLEINFO (ORG_CODE,VEHICLE_ID,ID_NUMBER,TYPE_ID,TERMINAL_ID,DELETE_FLAG,COLOR_ID_NUMBER_ID,AUTHORIZED_PAY_MASS) values ('B0000803','2401354', '测B05353', 4, 241354, 0, '2',15);

insert into T_SIMINFO (SIM_ID, ORG_CODE, DEPTCODE, STATE,PAY_MODLE, SIM_NUM) values(25355, 'B0000803', '中国移动', 1, '预付费', 13100005354);
insert into T_TERMINALINFO (TERMINAL_ID,TTYPE_ID,SIM_ID,TERMINAL_CODE,ORG_CODE,IS_VIDEO_TERMINAL,SP_SERVER_NAME,PROTOCOL_TYPE,CHANNELS,YT_PROTOCOL_TYPE) values(241355, 4, 25355, '1005354', 'B0000803',1,'1076测试服务器','4',8,'0');
insert into V_VEHICLEINFO (ORG_CODE,VEHICLE_ID,ID_NUMBER,TYPE_ID,TERMINAL_ID,DELETE_FLAG,COLOR_ID_NUMBER_ID,AUTHORIZED_PAY_MASS) values ('B0000803','2401355', '测B05354', 4, 241355, 0, '2',15);

insert into T_SIMINFO (SIM_ID, ORG_CODE, DEPTCODE, STATE,PAY_MODLE, SIM_NUM) values(25356, 'B0000803', '中国移动', 1, '预付费', 13100005355);
insert into T_TERMINALINFO (TERMINAL_ID,TTYPE_ID,SIM_ID,TERMINAL_CODE,ORG_CODE,IS_VIDEO_TERMINAL,SP_SERVER_NAME,PROTOCOL_TYPE,CHANNELS,YT_PROTOCOL_TYPE) values(241356, 4, 25356, '1005355', 'B0000803',1,'1076测试服务器','4',8,'0');
insert into V_VEHICLEINFO (ORG_CODE,VEHICLE_ID,ID_NUMBER,TYPE_ID,TERMINAL_ID,DELETE_FLAG,COLOR_ID_NUMBER_ID,AUTHORIZED_PAY_MASS) values ('B0000803','2401356', '测B05355', 4, 241356, 0, '2',15);

insert into T_SIMINFO (SIM_ID, ORG_CODE, DEPTCODE, STATE,PAY_MODLE, SIM_NUM) values(25357, 'B0000803', '中国移动', 1, '预付费', 13100005356);
insert into T_TERMINALINFO (TERMINAL_ID,TTYPE_ID,SIM_ID,TERMINAL_CODE,ORG_CODE,IS_VIDEO_TERMINAL,SP_SERVER_NAME,PROTOCOL_TYPE,CHANNELS,YT_PROTOCOL_TYPE) values(241357, 4, 25357, '1005356', 'B0000803',1,'1076测试服务器','4',8,'0');
insert into V_VEHICLEINFO (ORG_CODE,VEHICLE_ID,ID_NUMBER,TYPE_ID,TERMINAL_ID,DELETE_FLAG,COLOR_ID_NUMBER_ID,AUTHORIZED_PAY_MASS) values ('B0000803','2401357', '测B05356', 4, 241357, 0, '2',15);

insert into T_SIMINFO (SIM_ID, ORG_CODE, DEPTCODE, STATE,PAY_MODLE, SIM_NUM) values(25358, 'B0000803', '中国移动', 1, '预付费', 13100005357);
insert into T_TERMINALINFO (TERMINAL_ID,TTYPE_ID,SIM_ID,TERMINAL_CODE,ORG_CODE,IS_VIDEO_TERMINAL,SP_SERVER_NAME,PROTOCOL_TYPE,CHANNELS,YT_PROTOCOL_TYPE) values(241358, 4, 25358, '1005357', 'B0000803',1,'1076测试服务器','4',8,'0');
insert into V_VEHICLEINFO (ORG_CODE,VEHICLE_ID,ID_NUMBER,TYPE_ID,TERMINAL_ID,DELETE_FLAG,COLOR_ID_NUMBER_ID,AUTHORIZED_PAY_MASS) values ('B0000803','2401358', '测B05357', 4, 241358, 0, '2',15);

insert into T_SIMINFO (SIM_ID, ORG_CODE, DEPTCODE, STATE,PAY_MODLE, SIM_NUM) values(25359, 'B0000803', '中国移动', 1, '预付费', 13100005358);
insert into T_TERMINALINFO (TERMINAL_ID,TTYPE_ID,SIM_ID,TERMINAL_CODE,ORG_CODE,IS_VIDEO_TERMINAL,SP_SERVER_NAME,PROTOCOL_TYPE,CHANNELS,YT_PROTOCOL_TYPE) values(241359, 4, 25359, '1005358', 'B0000803',1,'1076测试服务器','4',8,'0');
insert into V_VEHICLEINFO (ORG_CODE,VEHICLE_ID,ID_NUMBER,TYPE_ID,TERMINAL_ID,DELETE_FLAG,COLOR_ID_NUMBER_ID,AUTHORIZED_PAY_MASS) values ('B0000803','2401359', '测B05358', 4, 241359, 0, '2',15);

insert into T_SIMINFO (SIM_ID, ORG_CODE, DEPTCODE, STATE,PAY_MODLE, SIM_NUM) values(25360, 'B0000803', '中国移动', 1, '预付费', 13100005359);
insert into T_TERMINALINFO (TERMINAL_ID,TTYPE_ID,SIM_ID,TERMINAL_CODE,ORG_CODE,IS_VIDEO_TERMINAL,SP_SERVER_NAME,PROTOCOL_TYPE,CHANNELS,YT_PROTOCOL_TYPE) values(241360, 4, 25360, '1005359', 'B0000803',1,'1076测试服务器','4',8,'0');
insert into V_VEHICLEINFO (ORG_CODE,VEHICLE_ID,ID_NUMBER,TYPE_ID,TERMINAL_ID,DELETE_FLAG,COLOR_ID_NUMBER_ID,AUTHORIZED_PAY_MASS) values ('B0000803','2401360', '测B05359', 4, 241360, 0, '2',15);

insert into T_SIMINFO (SIM_ID, ORG_CODE, DEPTCODE, STATE,PAY_MODLE, SIM_NUM) values(25361, 'B0000803', '中国移动', 1, '预付费', 13100005360);
insert into T_TERMINALINFO (TERMINAL_ID,TTYPE_ID,SIM_ID,TERMINAL_CODE,ORG_CODE,IS_VIDEO_TERMINAL,SP_SERVER_NAME,PROTOCOL_TYPE,CHANNELS,YT_PROTOCOL_TYPE) values(241361, 4, 25361, '1005360', 'B0000803',1,'1076测试服务器','4',8,'0');
insert into V_VEHICLEINFO (ORG_CODE,VEHICLE_ID,ID_NUMBER,TYPE_ID,TERMINAL_ID,DELETE_FLAG,COLOR_ID_NUMBER_ID,AUTHORIZED_PAY_MASS) values ('B0000803','2401361', '测B05360', 4, 241361, 0, '2',15);

insert into T_SIMINFO (SIM_ID, ORG_CODE, DEPTCODE, STATE,PAY_MODLE, SIM_NUM) values(25362, 'B0000803', '中国移动', 1, '预付费', 13100005361);
insert into T_TERMINALINFO (TERMINAL_ID,TTYPE_ID,SIM_ID,TERMINAL_CODE,ORG_CODE,IS_VIDEO_TERMINAL,SP_SERVER_NAME,PROTOCOL_TYPE,CHANNELS,YT_PROTOCOL_TYPE) values(241362, 4, 25362, '1005361', 'B0000803',1,'1076测试服务器','4',8,'0');
insert into V_VEHICLEINFO (ORG_CODE,VEHICLE_ID,ID_NUMBER,TYPE_ID,TERMINAL_ID,DELETE_FLAG,COLOR_ID_NUMBER_ID,AUTHORIZED_PAY_MASS) values ('B0000803','2401362', '测B05361', 4, 241362, 0, '2',15);

insert into T_SIMINFO (SIM_ID, ORG_CODE, DEPTCODE, STATE,PAY_MODLE, SIM_NUM) values(25363, 'B0000803', '中国移动', 1, '预付费', 13100005362);
insert into T_TERMINALINFO (TERMINAL_ID,TTYPE_ID,SIM_ID,TERMINAL_CODE,ORG_CODE,IS_VIDEO_TERMINAL,SP_SERVER_NAME,PROTOCOL_TYPE,CHANNELS,YT_PROTOCOL_TYPE) values(241363, 4, 25363, '1005362', 'B0000803',1,'1076测试服务器','4',8,'0');
insert into V_VEHICLEINFO (ORG_CODE,VEHICLE_ID,ID_NUMBER,TYPE_ID,TERMINAL_ID,DELETE_FLAG,COLOR_ID_NUMBER_ID,AUTHORIZED_PAY_MASS) values ('B0000803','2401363', '测B05362', 4, 241363, 0, '2',15);

insert into T_SIMINFO (SIM_ID, ORG_CODE, DEPTCODE, STATE,PAY_MODLE, SIM_NUM) values(25364, 'B0000803', '中国移动', 1, '预付费', 13100005363);
insert into T_TERMINALINFO (TERMINAL_ID,TTYPE_ID,SIM_ID,TERMINAL_CODE,ORG_CODE,IS_VIDEO_TERMINAL,SP_SERVER_NAME,PROTOCOL_TYPE,CHANNELS,YT_PROTOCOL_TYPE) values(241364, 4, 25364, '1005363', 'B0000803',1,'1076测试服务器','4',8,'0');
insert into V_VEHICLEINFO (ORG_CODE,VEHICLE_ID,ID_NUMBER,TYPE_ID,TERMINAL_ID,DELETE_FLAG,COLOR_ID_NUMBER_ID,AUTHORIZED_PAY_MASS) values ('B0000803','2401364', '测B05363', 4, 241364, 0, '2',15);

insert into T_SIMINFO (SIM_ID, ORG_CODE, DEPTCODE, STATE,PAY_MODLE, SIM_NUM) values(25365, 'B0000803', '中国移动', 1, '预付费', 13100005364);
insert into T_TERMINALINFO (TERMINAL_ID,TTYPE_ID,SIM_ID,TERMINAL_CODE,ORG_CODE,IS_VIDEO_TERMINAL,SP_SERVER_NAME,PROTOCOL_TYPE,CHANNELS,YT_PROTOCOL_TYPE) values(241365, 4, 25365, '1005364', 'B0000803',1,'1076测试服务器','4',8,'0');
insert into V_VEHICLEINFO (ORG_CODE,VEHICLE_ID,ID_NUMBER,TYPE_ID,TERMINAL_ID,DELETE_FLAG,COLOR_ID_NUMBER_ID,AUTHORIZED_PAY_MASS) values ('B0000803','2401365', '测B05364', 4, 241365, 0, '2',15);

insert into T_SIMINFO (SIM_ID, ORG_CODE, DEPTCODE, STATE,PAY_MODLE, SIM_NUM) values(25366, 'B0000803', '中国移动', 1, '预付费', 13100005365);
insert into T_TERMINALINFO (TERMINAL_ID,TTYPE_ID,SIM_ID,TERMINAL_CODE,ORG_CODE,IS_VIDEO_TERMINAL,SP_SERVER_NAME,PROTOCOL_TYPE,CHANNELS,YT_PROTOCOL_TYPE) values(241366, 4, 25366, '1005365', 'B0000803',1,'1076测试服务器','4',8,'0');
insert into V_VEHICLEINFO (ORG_CODE,VEHICLE_ID,ID_NUMBER,TYPE_ID,TERMINAL_ID,DELETE_FLAG,COLOR_ID_NUMBER_ID,AUTHORIZED_PAY_MASS) values ('B0000803','2401366', '测B05365', 4, 241366, 0, '2',15);

insert into T_SIMINFO (SIM_ID, ORG_CODE, DEPTCODE, STATE,PAY_MODLE, SIM_NUM) values(25367, 'B0000803', '中国移动', 1, '预付费', 13100005366);
insert into T_TERMINALINFO (TERMINAL_ID,TTYPE_ID,SIM_ID,TERMINAL_CODE,ORG_CODE,IS_VIDEO_TERMINAL,SP_SERVER_NAME,PROTOCOL_TYPE,CHANNELS,YT_PROTOCOL_TYPE) values(241367, 4, 25367, '1005366', 'B0000803',1,'1076测试服务器','4',8,'0');
insert into V_VEHICLEINFO (ORG_CODE,VEHICLE_ID,ID_NUMBER,TYPE_ID,TERMINAL_ID,DELETE_FLAG,COLOR_ID_NUMBER_ID,AUTHORIZED_PAY_MASS) values ('B0000803','2401367', '测B05366', 4, 241367, 0, '2',15);

insert into T_SIMINFO (SIM_ID, ORG_CODE, DEPTCODE, STATE,PAY_MODLE, SIM_NUM) values(25368, 'B0000803', '中国移动', 1, '预付费', 13100005367);
insert into T_TERMINALINFO (TERMINAL_ID,TTYPE_ID,SIM_ID,TERMINAL_CODE,ORG_CODE,IS_VIDEO_TERMINAL,SP_SERVER_NAME,PROTOCOL_TYPE,CHANNELS,YT_PROTOCOL_TYPE) values(241368, 4, 25368, '1005367', 'B0000803',1,'1076测试服务器','4',8,'0');
insert into V_VEHICLEINFO (ORG_CODE,VEHICLE_ID,ID_NUMBER,TYPE_ID,TERMINAL_ID,DELETE_FLAG,COLOR_ID_NUMBER_ID,AUTHORIZED_PAY_MASS) values ('B0000803','2401368', '测B05367', 4, 241368, 0, '2',15);

insert into T_SIMINFO (SIM_ID, ORG_CODE, DEPTCODE, STATE,PAY_MODLE, SIM_NUM) values(25369, 'B0000803', '中国移动', 1, '预付费', 13100005368);
insert into T_TERMINALINFO (TERMINAL_ID,TTYPE_ID,SIM_ID,TERMINAL_CODE,ORG_CODE,IS_VIDEO_TERMINAL,SP_SERVER_NAME,PROTOCOL_TYPE,CHANNELS,YT_PROTOCOL_TYPE) values(241369, 4, 25369, '1005368', 'B0000803',1,'1076测试服务器','4',8,'0');
insert into V_VEHICLEINFO (ORG_CODE,VEHICLE_ID,ID_NUMBER,TYPE_ID,TERMINAL_ID,DELETE_FLAG,COLOR_ID_NUMBER_ID,AUTHORIZED_PAY_MASS) values ('B0000803','2401369', '测B05368', 4, 241369, 0, '2',15);

insert into T_SIMINFO (SIM_ID, ORG_CODE, DEPTCODE, STATE,PAY_MODLE, SIM_NUM) values(25370, 'B0000803', '中国移动', 1, '预付费', 13100005369);
insert into T_TERMINALINFO (TERMINAL_ID,TTYPE_ID,SIM_ID,TERMINAL_CODE,ORG_CODE,IS_VIDEO_TERMINAL,SP_SERVER_NAME,PROTOCOL_TYPE,CHANNELS,YT_PROTOCOL_TYPE) values(241370, 4, 25370, '1005369', 'B0000803',1,'1076测试服务器','4',8,'0');
insert into V_VEHICLEINFO (ORG_CODE,VEHICLE_ID,ID_NUMBER,TYPE_ID,TERMINAL_ID,DELETE_FLAG,COLOR_ID_NUMBER_ID,AUTHORIZED_PAY_MASS) values ('B0000803','2401370', '测B05369', 4, 241370, 0, '2',15);

insert into T_SIMINFO (SIM_ID, ORG_CODE, DEPTCODE, STATE,PAY_MODLE, SIM_NUM) values(25371, 'B0000803', '中国移动', 1, '预付费', 13100005370);
insert into T_TERMINALINFO (TERMINAL_ID,TTYPE_ID,SIM_ID,TERMINAL_CODE,ORG_CODE,IS_VIDEO_TERMINAL,SP_SERVER_NAME,PROTOCOL_TYPE,CHANNELS,YT_PROTOCOL_TYPE) values(241371, 4, 25371, '1005370', 'B0000803',1,'1076测试服务器','4',8,'0');
insert into V_VEHICLEINFO (ORG_CODE,VEHICLE_ID,ID_NUMBER,TYPE_ID,TERMINAL_ID,DELETE_FLAG,COLOR_ID_NUMBER_ID,AUTHORIZED_PAY_MASS) values ('B0000803','2401371', '测B05370', 4, 241371, 0, '2',15);

insert into T_SIMINFO (SIM_ID, ORG_CODE, DEPTCODE, STATE,PAY_MODLE, SIM_NUM) values(25372, 'B0000803', '中国移动', 1, '预付费', 13100005371);
insert into T_TERMINALINFO (TERMINAL_ID,TTYPE_ID,SIM_ID,TERMINAL_CODE,ORG_CODE,IS_VIDEO_TERMINAL,SP_SERVER_NAME,PROTOCOL_TYPE,CHANNELS,YT_PROTOCOL_TYPE) values(241372, 4, 25372, '1005371', 'B0000803',1,'1076测试服务器','4',8,'0');
insert into V_VEHICLEINFO (ORG_CODE,VEHICLE_ID,ID_NUMBER,TYPE_ID,TERMINAL_ID,DELETE_FLAG,COLOR_ID_NUMBER_ID,AUTHORIZED_PAY_MASS) values ('B0000803','2401372', '测B05371', 4, 241372, 0, '2',15);

insert into T_SIMINFO (SIM_ID, ORG_CODE, DEPTCODE, STATE,PAY_MODLE, SIM_NUM) values(25373, 'B0000803', '中国移动', 1, '预付费', 13100005372);
insert into T_TERMINALINFO (TERMINAL_ID,TTYPE_ID,SIM_ID,TERMINAL_CODE,ORG_CODE,IS_VIDEO_TERMINAL,SP_SERVER_NAME,PROTOCOL_TYPE,CHANNELS,YT_PROTOCOL_TYPE) values(241373, 4, 25373, '1005372', 'B0000803',1,'1076测试服务器','4',8,'0');
insert into V_VEHICLEINFO (ORG_CODE,VEHICLE_ID,ID_NUMBER,TYPE_ID,TERMINAL_ID,DELETE_FLAG,COLOR_ID_NUMBER_ID,AUTHORIZED_PAY_MASS) values ('B0000803','2401373', '测B05372', 4, 241373, 0, '2',15);

insert into T_SIMINFO (SIM_ID, ORG_CODE, DEPTCODE, STATE,PAY_MODLE, SIM_NUM) values(25374, 'B0000803', '中国移动', 1, '预付费', 13100005373);
insert into T_TERMINALINFO (TERMINAL_ID,TTYPE_ID,SIM_ID,TERMINAL_CODE,ORG_CODE,IS_VIDEO_TERMINAL,SP_SERVER_NAME,PROTOCOL_TYPE,CHANNELS,YT_PROTOCOL_TYPE) values(241374, 4, 25374, '1005373', 'B0000803',1,'1076测试服务器','4',8,'0');
insert into V_VEHICLEINFO (ORG_CODE,VEHICLE_ID,ID_NUMBER,TYPE_ID,TERMINAL_ID,DELETE_FLAG,COLOR_ID_NUMBER_ID,AUTHORIZED_PAY_MASS) values ('B0000803','2401374', '测B05373', 4, 241374, 0, '2',15);

insert into T_SIMINFO (SIM_ID, ORG_CODE, DEPTCODE, STATE,PAY_MODLE, SIM_NUM) values(25375, 'B0000803', '中国移动', 1, '预付费', 13100005374);
insert into T_TERMINALINFO (TERMINAL_ID,TTYPE_ID,SIM_ID,TERMINAL_CODE,ORG_CODE,IS_VIDEO_TERMINAL,SP_SERVER_NAME,PROTOCOL_TYPE,CHANNELS,YT_PROTOCOL_TYPE) values(241375, 4, 25375, '1005374', 'B0000803',1,'1076测试服务器','4',8,'0');
insert into V_VEHICLEINFO (ORG_CODE,VEHICLE_ID,ID_NUMBER,TYPE_ID,TERMINAL_ID,DELETE_FLAG,COLOR_ID_NUMBER_ID,AUTHORIZED_PAY_MASS) values ('B0000803','2401375', '测B05374', 4, 241375, 0, '2',15);

insert into T_SIMINFO (SIM_ID, ORG_CODE, DEPTCODE, STATE,PAY_MODLE, SIM_NUM) values(25376, 'B0000803', '中国移动', 1, '预付费', 13100005375);
insert into T_TERMINALINFO (TERMINAL_ID,TTYPE_ID,SIM_ID,TERMINAL_CODE,ORG_CODE,IS_VIDEO_TERMINAL,SP_SERVER_NAME,PROTOCOL_TYPE,CHANNELS,YT_PROTOCOL_TYPE) values(241376, 4, 25376, '1005375', 'B0000803',1,'1076测试服务器','4',8,'0');
insert into V_VEHICLEINFO (ORG_CODE,VEHICLE_ID,ID_NUMBER,TYPE_ID,TERMINAL_ID,DELETE_FLAG,COLOR_ID_NUMBER_ID,AUTHORIZED_PAY_MASS) values ('B0000803','2401376', '测B05375', 4, 241376, 0, '2',15);

insert into T_SIMINFO (SIM_ID, ORG_CODE, DEPTCODE, STATE,PAY_MODLE, SIM_NUM) values(25377, 'B0000803', '中国移动', 1, '预付费', 13100005376);
insert into T_TERMINALINFO (TERMINAL_ID,TTYPE_ID,SIM_ID,TERMINAL_CODE,ORG_CODE,IS_VIDEO_TERMINAL,SP_SERVER_NAME,PROTOCOL_TYPE,CHANNELS,YT_PROTOCOL_TYPE) values(241377, 4, 25377, '1005376', 'B0000803',1,'1076测试服务器','4',8,'0');
insert into V_VEHICLEINFO (ORG_CODE,VEHICLE_ID,ID_NUMBER,TYPE_ID,TERMINAL_ID,DELETE_FLAG,COLOR_ID_NUMBER_ID,AUTHORIZED_PAY_MASS) values ('B0000803','2401377', '测B05376', 4, 241377, 0, '2',15);

insert into T_SIMINFO (SIM_ID, ORG_CODE, DEPTCODE, STATE,PAY_MODLE, SIM_NUM) values(25378, 'B0000803', '中国移动', 1, '预付费', 13100005377);
insert into T_TERMINALINFO (TERMINAL_ID,TTYPE_ID,SIM_ID,TERMINAL_CODE,ORG_CODE,IS_VIDEO_TERMINAL,SP_SERVER_NAME,PROTOCOL_TYPE,CHANNELS,YT_PROTOCOL_TYPE) values(241378, 4, 25378, '1005377', 'B0000803',1,'1076测试服务器','4',8,'0');
insert into V_VEHICLEINFO (ORG_CODE,VEHICLE_ID,ID_NUMBER,TYPE_ID,TERMINAL_ID,DELETE_FLAG,COLOR_ID_NUMBER_ID,AUTHORIZED_PAY_MASS) values ('B0000803','2401378', '测B05377', 4, 241378, 0, '2',15);

insert into T_SIMINFO (SIM_ID, ORG_CODE, DEPTCODE, STATE,PAY_MODLE, SIM_NUM) values(25379, 'B0000803', '中国移动', 1, '预付费', 13100005378);
insert into T_TERMINALINFO (TERMINAL_ID,TTYPE_ID,SIM_ID,TERMINAL_CODE,ORG_CODE,IS_VIDEO_TERMINAL,SP_SERVER_NAME,PROTOCOL_TYPE,CHANNELS,YT_PROTOCOL_TYPE) values(241379, 4, 25379, '1005378', 'B0000803',1,'1076测试服务器','4',8,'0');
insert into V_VEHICLEINFO (ORG_CODE,VEHICLE_ID,ID_NUMBER,TYPE_ID,TERMINAL_ID,DELETE_FLAG,COLOR_ID_NUMBER_ID,AUTHORIZED_PAY_MASS) values ('B0000803','2401379', '测B05378', 4, 241379, 0, '2',15);

insert into T_SIMINFO (SIM_ID, ORG_CODE, DEPTCODE, STATE,PAY_MODLE, SIM_NUM) values(25380, 'B0000803', '中国移动', 1, '预付费', 13100005379);
insert into T_TERMINALINFO (TERMINAL_ID,TTYPE_ID,SIM_ID,TERMINAL_CODE,ORG_CODE,IS_VIDEO_TERMINAL,SP_SERVER_NAME,PROTOCOL_TYPE,CHANNELS,YT_PROTOCOL_TYPE) values(241380, 4, 25380, '1005379', 'B0000803',1,'1076测试服务器','4',8,'0');
insert into V_VEHICLEINFO (ORG_CODE,VEHICLE_ID,ID_NUMBER,TYPE_ID,TERMINAL_ID,DELETE_FLAG,COLOR_ID_NUMBER_ID,AUTHORIZED_PAY_MASS) values ('B0000803','2401380', '测B05379', 4, 241380, 0, '2',15);

insert into T_SIMINFO (SIM_ID, ORG_CODE, DEPTCODE, STATE,PAY_MODLE, SIM_NUM) values(25381, 'B0000803', '中国移动', 1, '预付费', 13100005380);
insert into T_TERMINALINFO (TERMINAL_ID,TTYPE_ID,SIM_ID,TERMINAL_CODE,ORG_CODE,IS_VIDEO_TERMINAL,SP_SERVER_NAME,PROTOCOL_TYPE,CHANNELS,YT_PROTOCOL_TYPE) values(241381, 4, 25381, '1005380', 'B0000803',1,'1076测试服务器','4',8,'0');
insert into V_VEHICLEINFO (ORG_CODE,VEHICLE_ID,ID_NUMBER,TYPE_ID,TERMINAL_ID,DELETE_FLAG,COLOR_ID_NUMBER_ID,AUTHORIZED_PAY_MASS) values ('B0000803','2401381', '测B05380', 4, 241381, 0, '2',15);

insert into T_SIMINFO (SIM_ID, ORG_CODE, DEPTCODE, STATE,PAY_MODLE, SIM_NUM) values(25382, 'B0000803', '中国移动', 1, '预付费', 13100005381);
insert into T_TERMINALINFO (TERMINAL_ID,TTYPE_ID,SIM_ID,TERMINAL_CODE,ORG_CODE,IS_VIDEO_TERMINAL,SP_SERVER_NAME,PROTOCOL_TYPE,CHANNELS,YT_PROTOCOL_TYPE) values(241382, 4, 25382, '1005381', 'B0000803',1,'1076测试服务器','4',8,'0');
insert into V_VEHICLEINFO (ORG_CODE,VEHICLE_ID,ID_NUMBER,TYPE_ID,TERMINAL_ID,DELETE_FLAG,COLOR_ID_NUMBER_ID,AUTHORIZED_PAY_MASS) values ('B0000803','2401382', '测B05381', 4, 241382, 0, '2',15);

insert into T_SIMINFO (SIM_ID, ORG_CODE, DEPTCODE, STATE,PAY_MODLE, SIM_NUM) values(25383, 'B0000803', '中国移动', 1, '预付费', 13100005382);
insert into T_TERMINALINFO (TERMINAL_ID,TTYPE_ID,SIM_ID,TERMINAL_CODE,ORG_CODE,IS_VIDEO_TERMINAL,SP_SERVER_NAME,PROTOCOL_TYPE,CHANNELS,YT_PROTOCOL_TYPE) values(241383, 4, 25383, '1005382', 'B0000803',1,'1076测试服务器','4',8,'0');
insert into V_VEHICLEINFO (ORG_CODE,VEHICLE_ID,ID_NUMBER,TYPE_ID,TERMINAL_ID,DELETE_FLAG,COLOR_ID_NUMBER_ID,AUTHORIZED_PAY_MASS) values ('B0000803','2401383', '测B05382', 4, 241383, 0, '2',15);

insert into T_SIMINFO (SIM_ID, ORG_CODE, DEPTCODE, STATE,PAY_MODLE, SIM_NUM) values(25384, 'B0000803', '中国移动', 1, '预付费', 13100005383);
insert into T_TERMINALINFO (TERMINAL_ID,TTYPE_ID,SIM_ID,TERMINAL_CODE,ORG_CODE,IS_VIDEO_TERMINAL,SP_SERVER_NAME,PROTOCOL_TYPE,CHANNELS,YT_PROTOCOL_TYPE) values(241384, 4, 25384, '1005383', 'B0000803',1,'1076测试服务器','4',8,'0');
insert into V_VEHICLEINFO (ORG_CODE,VEHICLE_ID,ID_NUMBER,TYPE_ID,TERMINAL_ID,DELETE_FLAG,COLOR_ID_NUMBER_ID,AUTHORIZED_PAY_MASS) values ('B0000803','2401384', '测B05383', 4, 241384, 0, '2',15);

insert into T_SIMINFO (SIM_ID, ORG_CODE, DEPTCODE, STATE,PAY_MODLE, SIM_NUM) values(25385, 'B0000803', '中国移动', 1, '预付费', 13100005384);
insert into T_TERMINALINFO (TERMINAL_ID,TTYPE_ID,SIM_ID,TERMINAL_CODE,ORG_CODE,IS_VIDEO_TERMINAL,SP_SERVER_NAME,PROTOCOL_TYPE,CHANNELS,YT_PROTOCOL_TYPE) values(241385, 4, 25385, '1005384', 'B0000803',1,'1076测试服务器','4',8,'0');
insert into V_VEHICLEINFO (ORG_CODE,VEHICLE_ID,ID_NUMBER,TYPE_ID,TERMINAL_ID,DELETE_FLAG,COLOR_ID_NUMBER_ID,AUTHORIZED_PAY_MASS) values ('B0000803','2401385', '测B05384', 4, 241385, 0, '2',15);

insert into T_SIMINFO (SIM_ID, ORG_CODE, DEPTCODE, STATE,PAY_MODLE, SIM_NUM) values(25386, 'B0000803', '中国移动', 1, '预付费', 13100005385);
insert into T_TERMINALINFO (TERMINAL_ID,TTYPE_ID,SIM_ID,TERMINAL_CODE,ORG_CODE,IS_VIDEO_TERMINAL,SP_SERVER_NAME,PROTOCOL_TYPE,CHANNELS,YT_PROTOCOL_TYPE) values(241386, 4, 25386, '1005385', 'B0000803',1,'1076测试服务器','4',8,'0');
insert into V_VEHICLEINFO (ORG_CODE,VEHICLE_ID,ID_NUMBER,TYPE_ID,TERMINAL_ID,DELETE_FLAG,COLOR_ID_NUMBER_ID,AUTHORIZED_PAY_MASS) values ('B0000803','2401386', '测B05385', 4, 241386, 0, '2',15);

insert into T_SIMINFO (SIM_ID, ORG_CODE, DEPTCODE, STATE,PAY_MODLE, SIM_NUM) values(25387, 'B0000803', '中国移动', 1, '预付费', 13100005386);
insert into T_TERMINALINFO (TERMINAL_ID,TTYPE_ID,SIM_ID,TERMINAL_CODE,ORG_CODE,IS_VIDEO_TERMINAL,SP_SERVER_NAME,PROTOCOL_TYPE,CHANNELS,YT_PROTOCOL_TYPE) values(241387, 4, 25387, '1005386', 'B0000803',1,'1076测试服务器','4',8,'0');
insert into V_VEHICLEINFO (ORG_CODE,VEHICLE_ID,ID_NUMBER,TYPE_ID,TERMINAL_ID,DELETE_FLAG,COLOR_ID_NUMBER_ID,AUTHORIZED_PAY_MASS) values ('B0000803','2401387', '测B05386', 4, 241387, 0, '2',15);

insert into T_SIMINFO (SIM_ID, ORG_CODE, DEPTCODE, STATE,PAY_MODLE, SIM_NUM) values(25388, 'B0000803', '中国移动', 1, '预付费', 13100005387);
insert into T_TERMINALINFO (TERMINAL_ID,TTYPE_ID,SIM_ID,TERMINAL_CODE,ORG_CODE,IS_VIDEO_TERMINAL,SP_SERVER_NAME,PROTOCOL_TYPE,CHANNELS,YT_PROTOCOL_TYPE) values(241388, 4, 25388, '1005387', 'B0000803',1,'1076测试服务器','4',8,'0');
insert into V_VEHICLEINFO (ORG_CODE,VEHICLE_ID,ID_NUMBER,TYPE_ID,TERMINAL_ID,DELETE_FLAG,COLOR_ID_NUMBER_ID,AUTHORIZED_PAY_MASS) values ('B0000803','2401388', '测B05387', 4, 241388, 0, '2',15);

insert into T_SIMINFO (SIM_ID, ORG_CODE, DEPTCODE, STATE,PAY_MODLE, SIM_NUM) values(25389, 'B0000803', '中国移动', 1, '预付费', 13100005388);
insert into T_TERMINALINFO (TERMINAL_ID,TTYPE_ID,SIM_ID,TERMINAL_CODE,ORG_CODE,IS_VIDEO_TERMINAL,SP_SERVER_NAME,PROTOCOL_TYPE,CHANNELS,YT_PROTOCOL_TYPE) values(241389, 4, 25389, '1005388', 'B0000803',1,'1076测试服务器','4',8,'0');
insert into V_VEHICLEINFO (ORG_CODE,VEHICLE_ID,ID_NUMBER,TYPE_ID,TERMINAL_ID,DELETE_FLAG,COLOR_ID_NUMBER_ID,AUTHORIZED_PAY_MASS) values ('B0000803','2401389', '测B05388', 4, 241389, 0, '2',15);

insert into T_SIMINFO (SIM_ID, ORG_CODE, DEPTCODE, STATE,PAY_MODLE, SIM_NUM) values(25390, 'B0000803', '中国移动', 1, '预付费', 13100005389);
insert into T_TERMINALINFO (TERMINAL_ID,TTYPE_ID,SIM_ID,TERMINAL_CODE,ORG_CODE,IS_VIDEO_TERMINAL,SP_SERVER_NAME,PROTOCOL_TYPE,CHANNELS,YT_PROTOCOL_TYPE) values(241390, 4, 25390, '1005389', 'B0000803',1,'1076测试服务器','4',8,'0');
insert into V_VEHICLEINFO (ORG_CODE,VEHICLE_ID,ID_NUMBER,TYPE_ID,TERMINAL_ID,DELETE_FLAG,COLOR_ID_NUMBER_ID,AUTHORIZED_PAY_MASS) values ('B0000803','2401390', '测B05389', 4, 241390, 0, '2',15);

insert into T_SIMINFO (SIM_ID, ORG_CODE, DEPTCODE, STATE,PAY_MODLE, SIM_NUM) values(25391, 'B0000803', '中国移动', 1, '预付费', 13100005390);
insert into T_TERMINALINFO (TERMINAL_ID,TTYPE_ID,SIM_ID,TERMINAL_CODE,ORG_CODE,IS_VIDEO_TERMINAL,SP_SERVER_NAME,PROTOCOL_TYPE,CHANNELS,YT_PROTOCOL_TYPE) values(241391, 4, 25391, '1005390', 'B0000803',1,'1076测试服务器','4',8,'0');
insert into V_VEHICLEINFO (ORG_CODE,VEHICLE_ID,ID_NUMBER,TYPE_ID,TERMINAL_ID,DELETE_FLAG,COLOR_ID_NUMBER_ID,AUTHORIZED_PAY_MASS) values ('B0000803','2401391', '测B05390', 4, 241391, 0, '2',15);

insert into T_SIMINFO (SIM_ID, ORG_CODE, DEPTCODE, STATE,PAY_MODLE, SIM_NUM) values(25392, 'B0000803', '中国移动', 1, '预付费', 13100005391);
insert into T_TERMINALINFO (TERMINAL_ID,TTYPE_ID,SIM_ID,TERMINAL_CODE,ORG_CODE,IS_VIDEO_TERMINAL,SP_SERVER_NAME,PROTOCOL_TYPE,CHANNELS,YT_PROTOCOL_TYPE) values(241392, 4, 25392, '1005391', 'B0000803',1,'1076测试服务器','4',8,'0');
insert into V_VEHICLEINFO (ORG_CODE,VEHICLE_ID,ID_NUMBER,TYPE_ID,TERMINAL_ID,DELETE_FLAG,COLOR_ID_NUMBER_ID,AUTHORIZED_PAY_MASS) values ('B0000803','2401392', '测B05391', 4, 241392, 0, '2',15);

insert into T_SIMINFO (SIM_ID, ORG_CODE, DEPTCODE, STATE,PAY_MODLE, SIM_NUM) values(25393, 'B0000803', '中国移动', 1, '预付费', 13100005392);
insert into T_TERMINALINFO (TERMINAL_ID,TTYPE_ID,SIM_ID,TERMINAL_CODE,ORG_CODE,IS_VIDEO_TERMINAL,SP_SERVER_NAME,PROTOCOL_TYPE,CHANNELS,YT_PROTOCOL_TYPE) values(241393, 4, 25393, '1005392', 'B0000803',1,'1076测试服务器','4',8,'0');
insert into V_VEHICLEINFO (ORG_CODE,VEHICLE_ID,ID_NUMBER,TYPE_ID,TERMINAL_ID,DELETE_FLAG,COLOR_ID_NUMBER_ID,AUTHORIZED_PAY_MASS) values ('B0000803','2401393', '测B05392', 4, 241393, 0, '2',15);

insert into T_SIMINFO (SIM_ID, ORG_CODE, DEPTCODE, STATE,PAY_MODLE, SIM_NUM) values(25394, 'B0000803', '中国移动', 1, '预付费', 13100005393);
insert into T_TERMINALINFO (TERMINAL_ID,TTYPE_ID,SIM_ID,TERMINAL_CODE,ORG_CODE,IS_VIDEO_TERMINAL,SP_SERVER_NAME,PROTOCOL_TYPE,CHANNELS,YT_PROTOCOL_TYPE) values(241394, 4, 25394, '1005393', 'B0000803',1,'1076测试服务器','4',8,'0');
insert into V_VEHICLEINFO (ORG_CODE,VEHICLE_ID,ID_NUMBER,TYPE_ID,TERMINAL_ID,DELETE_FLAG,COLOR_ID_NUMBER_ID,AUTHORIZED_PAY_MASS) values ('B0000803','2401394', '测B05393', 4, 241394, 0, '2',15);

insert into T_SIMINFO (SIM_ID, ORG_CODE, DEPTCODE, STATE,PAY_MODLE, SIM_NUM) values(25395, 'B0000803', '中国移动', 1, '预付费', 13100005394);
insert into T_TERMINALINFO (TERMINAL_ID,TTYPE_ID,SIM_ID,TERMINAL_CODE,ORG_CODE,IS_VIDEO_TERMINAL,SP_SERVER_NAME,PROTOCOL_TYPE,CHANNELS,YT_PROTOCOL_TYPE) values(241395, 4, 25395, '1005394', 'B0000803',1,'1076测试服务器','4',8,'0');
insert into V_VEHICLEINFO (ORG_CODE,VEHICLE_ID,ID_NUMBER,TYPE_ID,TERMINAL_ID,DELETE_FLAG,COLOR_ID_NUMBER_ID,AUTHORIZED_PAY_MASS) values ('B0000803','2401395', '测B05394', 4, 241395, 0, '2',15);

insert into T_SIMINFO (SIM_ID, ORG_CODE, DEPTCODE, STATE,PAY_MODLE, SIM_NUM) values(25396, 'B0000803', '中国移动', 1, '预付费', 13100005395);
insert into T_TERMINALINFO (TERMINAL_ID,TTYPE_ID,SIM_ID,TERMINAL_CODE,ORG_CODE,IS_VIDEO_TERMINAL,SP_SERVER_NAME,PROTOCOL_TYPE,CHANNELS,YT_PROTOCOL_TYPE) values(241396, 4, 25396, '1005395', 'B0000803',1,'1076测试服务器','4',8,'0');
insert into V_VEHICLEINFO (ORG_CODE,VEHICLE_ID,ID_NUMBER,TYPE_ID,TERMINAL_ID,DELETE_FLAG,COLOR_ID_NUMBER_ID,AUTHORIZED_PAY_MASS) values ('B0000803','2401396', '测B05395', 4, 241396, 0, '2',15);

insert into T_SIMINFO (SIM_ID, ORG_CODE, DEPTCODE, STATE,PAY_MODLE, SIM_NUM) values(25397, 'B0000803', '中国移动', 1, '预付费', 13100005396);
insert into T_TERMINALINFO (TERMINAL_ID,TTYPE_ID,SIM_ID,TERMINAL_CODE,ORG_CODE,IS_VIDEO_TERMINAL,SP_SERVER_NAME,PROTOCOL_TYPE,CHANNELS,YT_PROTOCOL_TYPE) values(241397, 4, 25397, '1005396', 'B0000803',1,'1076测试服务器','4',8,'0');
insert into V_VEHICLEINFO (ORG_CODE,VEHICLE_ID,ID_NUMBER,TYPE_ID,TERMINAL_ID,DELETE_FLAG,COLOR_ID_NUMBER_ID,AUTHORIZED_PAY_MASS) values ('B0000803','2401397', '测B05396', 4, 241397, 0, '2',15);

insert into T_SIMINFO (SIM_ID, ORG_CODE, DEPTCODE, STATE,PAY_MODLE, SIM_NUM) values(25398, 'B0000803', '中国移动', 1, '预付费', 13100005397);
insert into T_TERMINALINFO (TERMINAL_ID,TTYPE_ID,SIM_ID,TERMINAL_CODE,ORG_CODE,IS_VIDEO_TERMINAL,SP_SERVER_NAME,PROTOCOL_TYPE,CHANNELS,YT_PROTOCOL_TYPE) values(241398, 4, 25398, '1005397', 'B0000803',1,'1076测试服务器','4',8,'0');
insert into V_VEHICLEINFO (ORG_CODE,VEHICLE_ID,ID_NUMBER,TYPE_ID,TERMINAL_ID,DELETE_FLAG,COLOR_ID_NUMBER_ID,AUTHORIZED_PAY_MASS) values ('B0000803','2401398', '测B05397', 4, 241398, 0, '2',15);

insert into T_SIMINFO (SIM_ID, ORG_CODE, DEPTCODE, STATE,PAY_MODLE, SIM_NUM) values(25399, 'B0000803', '中国移动', 1, '预付费', 13100005398);
insert into T_TERMINALINFO (TERMINAL_ID,TTYPE_ID,SIM_ID,TERMINAL_CODE,ORG_CODE,IS_VIDEO_TERMINAL,SP_SERVER_NAME,PROTOCOL_TYPE,CHANNELS,YT_PROTOCOL_TYPE) values(241399, 4, 25399, '1005398', 'B0000803',1,'1076测试服务器','4',8,'0');
insert into V_VEHICLEINFO (ORG_CODE,VEHICLE_ID,ID_NUMBER,TYPE_ID,TERMINAL_ID,DELETE_FLAG,COLOR_ID_NUMBER_ID,AUTHORIZED_PAY_MASS) values ('B0000803','2401399', '测B05398', 4, 241399, 0, '2',15);

insert into T_SIMINFO (SIM_ID, ORG_CODE, DEPTCODE, STATE,PAY_MODLE, SIM_NUM) values(25400, 'B0000803', '中国移动', 1, '预付费', 13100005399);
insert into T_TERMINALINFO (TERMINAL_ID,TTYPE_ID,SIM_ID,TERMINAL_CODE,ORG_CODE,IS_VIDEO_TERMINAL,SP_SERVER_NAME,PROTOCOL_TYPE,CHANNELS,YT_PROTOCOL_TYPE) values(241400, 4, 25400, '1005399', 'B0000803',1,'1076测试服务器','4',8,'0');
insert into V_VEHICLEINFO (ORG_CODE,VEHICLE_ID,ID_NUMBER,TYPE_ID,TERMINAL_ID,DELETE_FLAG,COLOR_ID_NUMBER_ID,AUTHORIZED_PAY_MASS) values ('B0000803','2401400', '测B05399', 4, 241400, 0, '2',15);

insert into T_SIMINFO (SIM_ID, ORG_CODE, DEPTCODE, STATE,PAY_MODLE, SIM_NUM) values(25401, 'B0000803', '中国移动', 1, '预付费', 13100005400);
insert into T_TERMINALINFO (TERMINAL_ID,TTYPE_ID,SIM_ID,TERMINAL_CODE,ORG_CODE,IS_VIDEO_TERMINAL,SP_SERVER_NAME,PROTOCOL_TYPE,CHANNELS,YT_PROTOCOL_TYPE) values(241401, 4, 25401, '1005400', 'B0000803',1,'1076测试服务器','4',8,'0');
insert into V_VEHICLEINFO (ORG_CODE,VEHICLE_ID,ID_NUMBER,TYPE_ID,TERMINAL_ID,DELETE_FLAG,COLOR_ID_NUMBER_ID,AUTHORIZED_PAY_MASS) values ('B0000803','2401401', '测B05400', 4, 241401, 0, '2',15);

insert into T_SIMINFO (SIM_ID, ORG_CODE, DEPTCODE, STATE,PAY_MODLE, SIM_NUM) values(25402, 'B0000803', '中国移动', 1, '预付费', 13100005401);
insert into T_TERMINALINFO (TERMINAL_ID,TTYPE_ID,SIM_ID,TERMINAL_CODE,ORG_CODE,IS_VIDEO_TERMINAL,SP_SERVER_NAME,PROTOCOL_TYPE,CHANNELS,YT_PROTOCOL_TYPE) values(241402, 4, 25402, '1005401', 'B0000803',1,'1076测试服务器','4',8,'0');
insert into V_VEHICLEINFO (ORG_CODE,VEHICLE_ID,ID_NUMBER,TYPE_ID,TERMINAL_ID,DELETE_FLAG,COLOR_ID_NUMBER_ID,AUTHORIZED_PAY_MASS) values ('B0000803','2401402', '测B05401', 4, 241402, 0, '2',15);

insert into T_SIMINFO (SIM_ID, ORG_CODE, DEPTCODE, STATE,PAY_MODLE, SIM_NUM) values(25403, 'B0000803', '中国移动', 1, '预付费', 13100005402);
insert into T_TERMINALINFO (TERMINAL_ID,TTYPE_ID,SIM_ID,TERMINAL_CODE,ORG_CODE,IS_VIDEO_TERMINAL,SP_SERVER_NAME,PROTOCOL_TYPE,CHANNELS,YT_PROTOCOL_TYPE) values(241403, 4, 25403, '1005402', 'B0000803',1,'1076测试服务器','4',8,'0');
insert into V_VEHICLEINFO (ORG_CODE,VEHICLE_ID,ID_NUMBER,TYPE_ID,TERMINAL_ID,DELETE_FLAG,COLOR_ID_NUMBER_ID,AUTHORIZED_PAY_MASS) values ('B0000803','2401403', '测B05402', 4, 241403, 0, '2',15);

insert into T_SIMINFO (SIM_ID, ORG_CODE, DEPTCODE, STATE,PAY_MODLE, SIM_NUM) values(25404, 'B0000803', '中国移动', 1, '预付费', 13100005403);
insert into T_TERMINALINFO (TERMINAL_ID,TTYPE_ID,SIM_ID,TERMINAL_CODE,ORG_CODE,IS_VIDEO_TERMINAL,SP_SERVER_NAME,PROTOCOL_TYPE,CHANNELS,YT_PROTOCOL_TYPE) values(241404, 4, 25404, '1005403', 'B0000803',1,'1076测试服务器','4',8,'0');
insert into V_VEHICLEINFO (ORG_CODE,VEHICLE_ID,ID_NUMBER,TYPE_ID,TERMINAL_ID,DELETE_FLAG,COLOR_ID_NUMBER_ID,AUTHORIZED_PAY_MASS) values ('B0000803','2401404', '测B05403', 4, 241404, 0, '2',15);

insert into T_SIMINFO (SIM_ID, ORG_CODE, DEPTCODE, STATE,PAY_MODLE, SIM_NUM) values(25405, 'B0000803', '中国移动', 1, '预付费', 13100005404);
insert into T_TERMINALINFO (TERMINAL_ID,TTYPE_ID,SIM_ID,TERMINAL_CODE,ORG_CODE,IS_VIDEO_TERMINAL,SP_SERVER_NAME,PROTOCOL_TYPE,CHANNELS,YT_PROTOCOL_TYPE) values(241405, 4, 25405, '1005404', 'B0000803',1,'1076测试服务器','4',8,'0');
insert into V_VEHICLEINFO (ORG_CODE,VEHICLE_ID,ID_NUMBER,TYPE_ID,TERMINAL_ID,DELETE_FLAG,COLOR_ID_NUMBER_ID,AUTHORIZED_PAY_MASS) values ('B0000803','2401405', '测B05404', 4, 241405, 0, '2',15);

insert into T_SIMINFO (SIM_ID, ORG_CODE, DEPTCODE, STATE,PAY_MODLE, SIM_NUM) values(25406, 'B0000803', '中国移动', 1, '预付费', 13100005405);
insert into T_TERMINALINFO (TERMINAL_ID,TTYPE_ID,SIM_ID,TERMINAL_CODE,ORG_CODE,IS_VIDEO_TERMINAL,SP_SERVER_NAME,PROTOCOL_TYPE,CHANNELS,YT_PROTOCOL_TYPE) values(241406, 4, 25406, '1005405', 'B0000803',1,'1076测试服务器','4',8,'0');
insert into V_VEHICLEINFO (ORG_CODE,VEHICLE_ID,ID_NUMBER,TYPE_ID,TERMINAL_ID,DELETE_FLAG,COLOR_ID_NUMBER_ID,AUTHORIZED_PAY_MASS) values ('B0000803','2401406', '测B05405', 4, 241406, 0, '2',15);

insert into T_SIMINFO (SIM_ID, ORG_CODE, DEPTCODE, STATE,PAY_MODLE, SIM_NUM) values(25407, 'B0000803', '中国移动', 1, '预付费', 13100005406);
insert into T_TERMINALINFO (TERMINAL_ID,TTYPE_ID,SIM_ID,TERMINAL_CODE,ORG_CODE,IS_VIDEO_TERMINAL,SP_SERVER_NAME,PROTOCOL_TYPE,CHANNELS,YT_PROTOCOL_TYPE) values(241407, 4, 25407, '1005406', 'B0000803',1,'1076测试服务器','4',8,'0');
insert into V_VEHICLEINFO (ORG_CODE,VEHICLE_ID,ID_NUMBER,TYPE_ID,TERMINAL_ID,DELETE_FLAG,COLOR_ID_NUMBER_ID,AUTHORIZED_PAY_MASS) values ('B0000803','2401407', '测B05406', 4, 241407, 0, '2',15);

insert into T_SIMINFO (SIM_ID, ORG_CODE, DEPTCODE, STATE,PAY_MODLE, SIM_NUM) values(25408, 'B0000803', '中国移动', 1, '预付费', 13100005407);
insert into T_TERMINALINFO (TERMINAL_ID,TTYPE_ID,SIM_ID,TERMINAL_CODE,ORG_CODE,IS_VIDEO_TERMINAL,SP_SERVER_NAME,PROTOCOL_TYPE,CHANNELS,YT_PROTOCOL_TYPE) values(241408, 4, 25408, '1005407', 'B0000803',1,'1076测试服务器','4',8,'0');
insert into V_VEHICLEINFO (ORG_CODE,VEHICLE_ID,ID_NUMBER,TYPE_ID,TERMINAL_ID,DELETE_FLAG,COLOR_ID_NUMBER_ID,AUTHORIZED_PAY_MASS) values ('B0000803','2401408', '测B05407', 4, 241408, 0, '2',15);

insert into T_SIMINFO (SIM_ID, ORG_CODE, DEPTCODE, STATE,PAY_MODLE, SIM_NUM) values(25409, 'B0000803', '中国移动', 1, '预付费', 13100005408);
insert into T_TERMINALINFO (TERMINAL_ID,TTYPE_ID,SIM_ID,TERMINAL_CODE,ORG_CODE,IS_VIDEO_TERMINAL,SP_SERVER_NAME,PROTOCOL_TYPE,CHANNELS,YT_PROTOCOL_TYPE) values(241409, 4, 25409, '1005408', 'B0000803',1,'1076测试服务器','4',8,'0');
insert into V_VEHICLEINFO (ORG_CODE,VEHICLE_ID,ID_NUMBER,TYPE_ID,TERMINAL_ID,DELETE_FLAG,COLOR_ID_NUMBER_ID,AUTHORIZED_PAY_MASS) values ('B0000803','2401409', '测B05408', 4, 241409, 0, '2',15);

insert into T_SIMINFO (SIM_ID, ORG_CODE, DEPTCODE, STATE,PAY_MODLE, SIM_NUM) values(25410, 'B0000803', '中国移动', 1, '预付费', 13100005409);
insert into T_TERMINALINFO (TERMINAL_ID,TTYPE_ID,SIM_ID,TERMINAL_CODE,ORG_CODE,IS_VIDEO_TERMINAL,SP_SERVER_NAME,PROTOCOL_TYPE,CHANNELS,YT_PROTOCOL_TYPE) values(241410, 4, 25410, '1005409', 'B0000803',1,'1076测试服务器','4',8,'0');
insert into V_VEHICLEINFO (ORG_CODE,VEHICLE_ID,ID_NUMBER,TYPE_ID,TERMINAL_ID,DELETE_FLAG,COLOR_ID_NUMBER_ID,AUTHORIZED_PAY_MASS) values ('B0000803','2401410', '测B05409', 4, 241410, 0, '2',15);

insert into T_SIMINFO (SIM_ID, ORG_CODE, DEPTCODE, STATE,PAY_MODLE, SIM_NUM) values(25411, 'B0000803', '中国移动', 1, '预付费', 13100005410);
insert into T_TERMINALINFO (TERMINAL_ID,TTYPE_ID,SIM_ID,TERMINAL_CODE,ORG_CODE,IS_VIDEO_TERMINAL,SP_SERVER_NAME,PROTOCOL_TYPE,CHANNELS,YT_PROTOCOL_TYPE) values(241411, 4, 25411, '1005410', 'B0000803',1,'1076测试服务器','4',8,'0');
insert into V_VEHICLEINFO (ORG_CODE,VEHICLE_ID,ID_NUMBER,TYPE_ID,TERMINAL_ID,DELETE_FLAG,COLOR_ID_NUMBER_ID,AUTHORIZED_PAY_MASS) values ('B0000803','2401411', '测B05410', 4, 241411, 0, '2',15);

insert into T_SIMINFO (SIM_ID, ORG_CODE, DEPTCODE, STATE,PAY_MODLE, SIM_NUM) values(25412, 'B0000803', '中国移动', 1, '预付费', 13100005411);
insert into T_TERMINALINFO (TERMINAL_ID,TTYPE_ID,SIM_ID,TERMINAL_CODE,ORG_CODE,IS_VIDEO_TERMINAL,SP_SERVER_NAME,PROTOCOL_TYPE,CHANNELS,YT_PROTOCOL_TYPE) values(241412, 4, 25412, '1005411', 'B0000803',1,'1076测试服务器','4',8,'0');
insert into V_VEHICLEINFO (ORG_CODE,VEHICLE_ID,ID_NUMBER,TYPE_ID,TERMINAL_ID,DELETE_FLAG,COLOR_ID_NUMBER_ID,AUTHORIZED_PAY_MASS) values ('B0000803','2401412', '测B05411', 4, 241412, 0, '2',15);

insert into T_SIMINFO (SIM_ID, ORG_CODE, DEPTCODE, STATE,PAY_MODLE, SIM_NUM) values(25413, 'B0000803', '中国移动', 1, '预付费', 13100005412);
insert into T_TERMINALINFO (TERMINAL_ID,TTYPE_ID,SIM_ID,TERMINAL_CODE,ORG_CODE,IS_VIDEO_TERMINAL,SP_SERVER_NAME,PROTOCOL_TYPE,CHANNELS,YT_PROTOCOL_TYPE) values(241413, 4, 25413, '1005412', 'B0000803',1,'1076测试服务器','4',8,'0');
insert into V_VEHICLEINFO (ORG_CODE,VEHICLE_ID,ID_NUMBER,TYPE_ID,TERMINAL_ID,DELETE_FLAG,COLOR_ID_NUMBER_ID,AUTHORIZED_PAY_MASS) values ('B0000803','2401413', '测B05412', 4, 241413, 0, '2',15);

insert into T_SIMINFO (SIM_ID, ORG_CODE, DEPTCODE, STATE,PAY_MODLE, SIM_NUM) values(25414, 'B0000803', '中国移动', 1, '预付费', 13100005413);
insert into T_TERMINALINFO (TERMINAL_ID,TTYPE_ID,SIM_ID,TERMINAL_CODE,ORG_CODE,IS_VIDEO_TERMINAL,SP_SERVER_NAME,PROTOCOL_TYPE,CHANNELS,YT_PROTOCOL_TYPE) values(241414, 4, 25414, '1005413', 'B0000803',1,'1076测试服务器','4',8,'0');
insert into V_VEHICLEINFO (ORG_CODE,VEHICLE_ID,ID_NUMBER,TYPE_ID,TERMINAL_ID,DELETE_FLAG,COLOR_ID_NUMBER_ID,AUTHORIZED_PAY_MASS) values ('B0000803','2401414', '测B05413', 4, 241414, 0, '2',15);

insert into T_SIMINFO (SIM_ID, ORG_CODE, DEPTCODE, STATE,PAY_MODLE, SIM_NUM) values(25415, 'B0000803', '中国移动', 1, '预付费', 13100005414);
insert into T_TERMINALINFO (TERMINAL_ID,TTYPE_ID,SIM_ID,TERMINAL_CODE,ORG_CODE,IS_VIDEO_TERMINAL,SP_SERVER_NAME,PROTOCOL_TYPE,CHANNELS,YT_PROTOCOL_TYPE) values(241415, 4, 25415, '1005414', 'B0000803',1,'1076测试服务器','4',8,'0');
insert into V_VEHICLEINFO (ORG_CODE,VEHICLE_ID,ID_NUMBER,TYPE_ID,TERMINAL_ID,DELETE_FLAG,COLOR_ID_NUMBER_ID,AUTHORIZED_PAY_MASS) values ('B0000803','2401415', '测B05414', 4, 241415, 0, '2',15);

insert into T_SIMINFO (SIM_ID, ORG_CODE, DEPTCODE, STATE,PAY_MODLE, SIM_NUM) values(25416, 'B0000803', '中国移动', 1, '预付费', 13100005415);
insert into T_TERMINALINFO (TERMINAL_ID,TTYPE_ID,SIM_ID,TERMINAL_CODE,ORG_CODE,IS_VIDEO_TERMINAL,SP_SERVER_NAME,PROTOCOL_TYPE,CHANNELS,YT_PROTOCOL_TYPE) values(241416, 4, 25416, '1005415', 'B0000803',1,'1076测试服务器','4',8,'0');
insert into V_VEHICLEINFO (ORG_CODE,VEHICLE_ID,ID_NUMBER,TYPE_ID,TERMINAL_ID,DELETE_FLAG,COLOR_ID_NUMBER_ID,AUTHORIZED_PAY_MASS) values ('B0000803','2401416', '测B05415', 4, 241416, 0, '2',15);

insert into T_SIMINFO (SIM_ID, ORG_CODE, DEPTCODE, STATE,PAY_MODLE, SIM_NUM) values(25417, 'B0000803', '中国移动', 1, '预付费', 13100005416);
insert into T_TERMINALINFO (TERMINAL_ID,TTYPE_ID,SIM_ID,TERMINAL_CODE,ORG_CODE,IS_VIDEO_TERMINAL,SP_SERVER_NAME,PROTOCOL_TYPE,CHANNELS,YT_PROTOCOL_TYPE) values(241417, 4, 25417, '1005416', 'B0000803',1,'1076测试服务器','4',8,'0');
insert into V_VEHICLEINFO (ORG_CODE,VEHICLE_ID,ID_NUMBER,TYPE_ID,TERMINAL_ID,DELETE_FLAG,COLOR_ID_NUMBER_ID,AUTHORIZED_PAY_MASS) values ('B0000803','2401417', '测B05416', 4, 241417, 0, '2',15);

insert into T_SIMINFO (SIM_ID, ORG_CODE, DEPTCODE, STATE,PAY_MODLE, SIM_NUM) values(25418, 'B0000803', '中国移动', 1, '预付费', 13100005417);
insert into T_TERMINALINFO (TERMINAL_ID,TTYPE_ID,SIM_ID,TERMINAL_CODE,ORG_CODE,IS_VIDEO_TERMINAL,SP_SERVER_NAME,PROTOCOL_TYPE,CHANNELS,YT_PROTOCOL_TYPE) values(241418, 4, 25418, '1005417', 'B0000803',1,'1076测试服务器','4',8,'0');
insert into V_VEHICLEINFO (ORG_CODE,VEHICLE_ID,ID_NUMBER,TYPE_ID,TERMINAL_ID,DELETE_FLAG,COLOR_ID_NUMBER_ID,AUTHORIZED_PAY_MASS) values ('B0000803','2401418', '测B05417', 4, 241418, 0, '2',15);

insert into T_SIMINFO (SIM_ID, ORG_CODE, DEPTCODE, STATE,PAY_MODLE, SIM_NUM) values(25419, 'B0000803', '中国移动', 1, '预付费', 13100005418);
insert into T_TERMINALINFO (TERMINAL_ID,TTYPE_ID,SIM_ID,TERMINAL_CODE,ORG_CODE,IS_VIDEO_TERMINAL,SP_SERVER_NAME,PROTOCOL_TYPE,CHANNELS,YT_PROTOCOL_TYPE) values(241419, 4, 25419, '1005418', 'B0000803',1,'1076测试服务器','4',8,'0');
insert into V_VEHICLEINFO (ORG_CODE,VEHICLE_ID,ID_NUMBER,TYPE_ID,TERMINAL_ID,DELETE_FLAG,COLOR_ID_NUMBER_ID,AUTHORIZED_PAY_MASS) values ('B0000803','2401419', '测B05418', 4, 241419, 0, '2',15);

insert into T_SIMINFO (SIM_ID, ORG_CODE, DEPTCODE, STATE,PAY_MODLE, SIM_NUM) values(25420, 'B0000803', '中国移动', 1, '预付费', 13100005419);
insert into T_TERMINALINFO (TERMINAL_ID,TTYPE_ID,SIM_ID,TERMINAL_CODE,ORG_CODE,IS_VIDEO_TERMINAL,SP_SERVER_NAME,PROTOCOL_TYPE,CHANNELS,YT_PROTOCOL_TYPE) values(241420, 4, 25420, '1005419', 'B0000803',1,'1076测试服务器','4',8,'0');
insert into V_VEHICLEINFO (ORG_CODE,VEHICLE_ID,ID_NUMBER,TYPE_ID,TERMINAL_ID,DELETE_FLAG,COLOR_ID_NUMBER_ID,AUTHORIZED_PAY_MASS) values ('B0000803','2401420', '测B05419', 4, 241420, 0, '2',15);

insert into T_SIMINFO (SIM_ID, ORG_CODE, DEPTCODE, STATE,PAY_MODLE, SIM_NUM) values(25421, 'B0000803', '中国移动', 1, '预付费', 13100005420);
insert into T_TERMINALINFO (TERMINAL_ID,TTYPE_ID,SIM_ID,TERMINAL_CODE,ORG_CODE,IS_VIDEO_TERMINAL,SP_SERVER_NAME,PROTOCOL_TYPE,CHANNELS,YT_PROTOCOL_TYPE) values(241421, 4, 25421, '1005420', 'B0000803',1,'1076测试服务器','4',8,'0');
insert into V_VEHICLEINFO (ORG_CODE,VEHICLE_ID,ID_NUMBER,TYPE_ID,TERMINAL_ID,DELETE_FLAG,COLOR_ID_NUMBER_ID,AUTHORIZED_PAY_MASS) values ('B0000803','2401421', '测B05420', 4, 241421, 0, '2',15);

insert into T_SIMINFO (SIM_ID, ORG_CODE, DEPTCODE, STATE,PAY_MODLE, SIM_NUM) values(25422, 'B0000803', '中国移动', 1, '预付费', 13100005421);
insert into T_TERMINALINFO (TERMINAL_ID,TTYPE_ID,SIM_ID,TERMINAL_CODE,ORG_CODE,IS_VIDEO_TERMINAL,SP_SERVER_NAME,PROTOCOL_TYPE,CHANNELS,YT_PROTOCOL_TYPE) values(241422, 4, 25422, '1005421', 'B0000803',1,'1076测试服务器','4',8,'0');
insert into V_VEHICLEINFO (ORG_CODE,VEHICLE_ID,ID_NUMBER,TYPE_ID,TERMINAL_ID,DELETE_FLAG,COLOR_ID_NUMBER_ID,AUTHORIZED_PAY_MASS) values ('B0000803','2401422', '测B05421', 4, 241422, 0, '2',15);

insert into T_SIMINFO (SIM_ID, ORG_CODE, DEPTCODE, STATE,PAY_MODLE, SIM_NUM) values(25423, 'B0000803', '中国移动', 1, '预付费', 13100005422);
insert into T_TERMINALINFO (TERMINAL_ID,TTYPE_ID,SIM_ID,TERMINAL_CODE,ORG_CODE,IS_VIDEO_TERMINAL,SP_SERVER_NAME,PROTOCOL_TYPE,CHANNELS,YT_PROTOCOL_TYPE) values(241423, 4, 25423, '1005422', 'B0000803',1,'1076测试服务器','4',8,'0');
insert into V_VEHICLEINFO (ORG_CODE,VEHICLE_ID,ID_NUMBER,TYPE_ID,TERMINAL_ID,DELETE_FLAG,COLOR_ID_NUMBER_ID,AUTHORIZED_PAY_MASS) values ('B0000803','2401423', '测B05422', 4, 241423, 0, '2',15);

insert into T_SIMINFO (SIM_ID, ORG_CODE, DEPTCODE, STATE,PAY_MODLE, SIM_NUM) values(25424, 'B0000803', '中国移动', 1, '预付费', 13100005423);
insert into T_TERMINALINFO (TERMINAL_ID,TTYPE_ID,SIM_ID,TERMINAL_CODE,ORG_CODE,IS_VIDEO_TERMINAL,SP_SERVER_NAME,PROTOCOL_TYPE,CHANNELS,YT_PROTOCOL_TYPE) values(241424, 4, 25424, '1005423', 'B0000803',1,'1076测试服务器','4',8,'0');
insert into V_VEHICLEINFO (ORG_CODE,VEHICLE_ID,ID_NUMBER,TYPE_ID,TERMINAL_ID,DELETE_FLAG,COLOR_ID_NUMBER_ID,AUTHORIZED_PAY_MASS) values ('B0000803','2401424', '测B05423', 4, 241424, 0, '2',15);

insert into T_SIMINFO (SIM_ID, ORG_CODE, DEPTCODE, STATE,PAY_MODLE, SIM_NUM) values(25425, 'B0000803', '中国移动', 1, '预付费', 13100005424);
insert into T_TERMINALINFO (TERMINAL_ID,TTYPE_ID,SIM_ID,TERMINAL_CODE,ORG_CODE,IS_VIDEO_TERMINAL,SP_SERVER_NAME,PROTOCOL_TYPE,CHANNELS,YT_PROTOCOL_TYPE) values(241425, 4, 25425, '1005424', 'B0000803',1,'1076测试服务器','4',8,'0');
insert into V_VEHICLEINFO (ORG_CODE,VEHICLE_ID,ID_NUMBER,TYPE_ID,TERMINAL_ID,DELETE_FLAG,COLOR_ID_NUMBER_ID,AUTHORIZED_PAY_MASS) values ('B0000803','2401425', '测B05424', 4, 241425, 0, '2',15);

insert into T_SIMINFO (SIM_ID, ORG_CODE, DEPTCODE, STATE,PAY_MODLE, SIM_NUM) values(25426, 'B0000803', '中国移动', 1, '预付费', 13100005425);
insert into T_TERMINALINFO (TERMINAL_ID,TTYPE_ID,SIM_ID,TERMINAL_CODE,ORG_CODE,IS_VIDEO_TERMINAL,SP_SERVER_NAME,PROTOCOL_TYPE,CHANNELS,YT_PROTOCOL_TYPE) values(241426, 4, 25426, '1005425', 'B0000803',1,'1076测试服务器','4',8,'0');
insert into V_VEHICLEINFO (ORG_CODE,VEHICLE_ID,ID_NUMBER,TYPE_ID,TERMINAL_ID,DELETE_FLAG,COLOR_ID_NUMBER_ID,AUTHORIZED_PAY_MASS) values ('B0000803','2401426', '测B05425', 4, 241426, 0, '2',15);

insert into T_SIMINFO (SIM_ID, ORG_CODE, DEPTCODE, STATE,PAY_MODLE, SIM_NUM) values(25427, 'B0000803', '中国移动', 1, '预付费', 13100005426);
insert into T_TERMINALINFO (TERMINAL_ID,TTYPE_ID,SIM_ID,TERMINAL_CODE,ORG_CODE,IS_VIDEO_TERMINAL,SP_SERVER_NAME,PROTOCOL_TYPE,CHANNELS,YT_PROTOCOL_TYPE) values(241427, 4, 25427, '1005426', 'B0000803',1,'1076测试服务器','4',8,'0');
insert into V_VEHICLEINFO (ORG_CODE,VEHICLE_ID,ID_NUMBER,TYPE_ID,TERMINAL_ID,DELETE_FLAG,COLOR_ID_NUMBER_ID,AUTHORIZED_PAY_MASS) values ('B0000803','2401427', '测B05426', 4, 241427, 0, '2',15);

insert into T_SIMINFO (SIM_ID, ORG_CODE, DEPTCODE, STATE,PAY_MODLE, SIM_NUM) values(25428, 'B0000803', '中国移动', 1, '预付费', 13100005427);
insert into T_TERMINALINFO (TERMINAL_ID,TTYPE_ID,SIM_ID,TERMINAL_CODE,ORG_CODE,IS_VIDEO_TERMINAL,SP_SERVER_NAME,PROTOCOL_TYPE,CHANNELS,YT_PROTOCOL_TYPE) values(241428, 4, 25428, '1005427', 'B0000803',1,'1076测试服务器','4',8,'0');
insert into V_VEHICLEINFO (ORG_CODE,VEHICLE_ID,ID_NUMBER,TYPE_ID,TERMINAL_ID,DELETE_FLAG,COLOR_ID_NUMBER_ID,AUTHORIZED_PAY_MASS) values ('B0000803','2401428', '测B05427', 4, 241428, 0, '2',15);

insert into T_SIMINFO (SIM_ID, ORG_CODE, DEPTCODE, STATE,PAY_MODLE, SIM_NUM) values(25429, 'B0000803', '中国移动', 1, '预付费', 13100005428);
insert into T_TERMINALINFO (TERMINAL_ID,TTYPE_ID,SIM_ID,TERMINAL_CODE,ORG_CODE,IS_VIDEO_TERMINAL,SP_SERVER_NAME,PROTOCOL_TYPE,CHANNELS,YT_PROTOCOL_TYPE) values(241429, 4, 25429, '1005428', 'B0000803',1,'1076测试服务器','4',8,'0');
insert into V_VEHICLEINFO (ORG_CODE,VEHICLE_ID,ID_NUMBER,TYPE_ID,TERMINAL_ID,DELETE_FLAG,COLOR_ID_NUMBER_ID,AUTHORIZED_PAY_MASS) values ('B0000803','2401429', '测B05428', 4, 241429, 0, '2',15);

insert into T_SIMINFO (SIM_ID, ORG_CODE, DEPTCODE, STATE,PAY_MODLE, SIM_NUM) values(25430, 'B0000803', '中国移动', 1, '预付费', 13100005429);
insert into T_TERMINALINFO (TERMINAL_ID,TTYPE_ID,SIM_ID,TERMINAL_CODE,ORG_CODE,IS_VIDEO_TERMINAL,SP_SERVER_NAME,PROTOCOL_TYPE,CHANNELS,YT_PROTOCOL_TYPE) values(241430, 4, 25430, '1005429', 'B0000803',1,'1076测试服务器','4',8,'0');
insert into V_VEHICLEINFO (ORG_CODE,VEHICLE_ID,ID_NUMBER,TYPE_ID,TERMINAL_ID,DELETE_FLAG,COLOR_ID_NUMBER_ID,AUTHORIZED_PAY_MASS) values ('B0000803','2401430', '测B05429', 4, 241430, 0, '2',15);

insert into T_SIMINFO (SIM_ID, ORG_CODE, DEPTCODE, STATE,PAY_MODLE, SIM_NUM) values(25431, 'B0000803', '中国移动', 1, '预付费', 13100005430);
insert into T_TERMINALINFO (TERMINAL_ID,TTYPE_ID,SIM_ID,TERMINAL_CODE,ORG_CODE,IS_VIDEO_TERMINAL,SP_SERVER_NAME,PROTOCOL_TYPE,CHANNELS,YT_PROTOCOL_TYPE) values(241431, 4, 25431, '1005430', 'B0000803',1,'1076测试服务器','4',8,'0');
insert into V_VEHICLEINFO (ORG_CODE,VEHICLE_ID,ID_NUMBER,TYPE_ID,TERMINAL_ID,DELETE_FLAG,COLOR_ID_NUMBER_ID,AUTHORIZED_PAY_MASS) values ('B0000803','2401431', '测B05430', 4, 241431, 0, '2',15);

insert into T_SIMINFO (SIM_ID, ORG_CODE, DEPTCODE, STATE,PAY_MODLE, SIM_NUM) values(25432, 'B0000803', '中国移动', 1, '预付费', 13100005431);
insert into T_TERMINALINFO (TERMINAL_ID,TTYPE_ID,SIM_ID,TERMINAL_CODE,ORG_CODE,IS_VIDEO_TERMINAL,SP_SERVER_NAME,PROTOCOL_TYPE,CHANNELS,YT_PROTOCOL_TYPE) values(241432, 4, 25432, '1005431', 'B0000803',1,'1076测试服务器','4',8,'0');
insert into V_VEHICLEINFO (ORG_CODE,VEHICLE_ID,ID_NUMBER,TYPE_ID,TERMINAL_ID,DELETE_FLAG,COLOR_ID_NUMBER_ID,AUTHORIZED_PAY_MASS) values ('B0000803','2401432', '测B05431', 4, 241432, 0, '2',15);

insert into T_SIMINFO (SIM_ID, ORG_CODE, DEPTCODE, STATE,PAY_MODLE, SIM_NUM) values(25433, 'B0000803', '中国移动', 1, '预付费', 13100005432);
insert into T_TERMINALINFO (TERMINAL_ID,TTYPE_ID,SIM_ID,TERMINAL_CODE,ORG_CODE,IS_VIDEO_TERMINAL,SP_SERVER_NAME,PROTOCOL_TYPE,CHANNELS,YT_PROTOCOL_TYPE) values(241433, 4, 25433, '1005432', 'B0000803',1,'1076测试服务器','4',8,'0');
insert into V_VEHICLEINFO (ORG_CODE,VEHICLE_ID,ID_NUMBER,TYPE_ID,TERMINAL_ID,DELETE_FLAG,COLOR_ID_NUMBER_ID,AUTHORIZED_PAY_MASS) values ('B0000803','2401433', '测B05432', 4, 241433, 0, '2',15);

insert into T_SIMINFO (SIM_ID, ORG_CODE, DEPTCODE, STATE,PAY_MODLE, SIM_NUM) values(25434, 'B0000803', '中国移动', 1, '预付费', 13100005433);
insert into T_TERMINALINFO (TERMINAL_ID,TTYPE_ID,SIM_ID,TERMINAL_CODE,ORG_CODE,IS_VIDEO_TERMINAL,SP_SERVER_NAME,PROTOCOL_TYPE,CHANNELS,YT_PROTOCOL_TYPE) values(241434, 4, 25434, '1005433', 'B0000803',1,'1076测试服务器','4',8,'0');
insert into V_VEHICLEINFO (ORG_CODE,VEHICLE_ID,ID_NUMBER,TYPE_ID,TERMINAL_ID,DELETE_FLAG,COLOR_ID_NUMBER_ID,AUTHORIZED_PAY_MASS) values ('B0000803','2401434', '测B05433', 4, 241434, 0, '2',15);

insert into T_SIMINFO (SIM_ID, ORG_CODE, DEPTCODE, STATE,PAY_MODLE, SIM_NUM) values(25435, 'B0000803', '中国移动', 1, '预付费', 13100005434);
insert into T_TERMINALINFO (TERMINAL_ID,TTYPE_ID,SIM_ID,TERMINAL_CODE,ORG_CODE,IS_VIDEO_TERMINAL,SP_SERVER_NAME,PROTOCOL_TYPE,CHANNELS,YT_PROTOCOL_TYPE) values(241435, 4, 25435, '1005434', 'B0000803',1,'1076测试服务器','4',8,'0');
insert into V_VEHICLEINFO (ORG_CODE,VEHICLE_ID,ID_NUMBER,TYPE_ID,TERMINAL_ID,DELETE_FLAG,COLOR_ID_NUMBER_ID,AUTHORIZED_PAY_MASS) values ('B0000803','2401435', '测B05434', 4, 241435, 0, '2',15);

insert into T_SIMINFO (SIM_ID, ORG_CODE, DEPTCODE, STATE,PAY_MODLE, SIM_NUM) values(25436, 'B0000803', '中国移动', 1, '预付费', 13100005435);
insert into T_TERMINALINFO (TERMINAL_ID,TTYPE_ID,SIM_ID,TERMINAL_CODE,ORG_CODE,IS_VIDEO_TERMINAL,SP_SERVER_NAME,PROTOCOL_TYPE,CHANNELS,YT_PROTOCOL_TYPE) values(241436, 4, 25436, '1005435', 'B0000803',1,'1076测试服务器','4',8,'0');
insert into V_VEHICLEINFO (ORG_CODE,VEHICLE_ID,ID_NUMBER,TYPE_ID,TERMINAL_ID,DELETE_FLAG,COLOR_ID_NUMBER_ID,AUTHORIZED_PAY_MASS) values ('B0000803','2401436', '测B05435', 4, 241436, 0, '2',15);

insert into T_SIMINFO (SIM_ID, ORG_CODE, DEPTCODE, STATE,PAY_MODLE, SIM_NUM) values(25437, 'B0000803', '中国移动', 1, '预付费', 13100005436);
insert into T_TERMINALINFO (TERMINAL_ID,TTYPE_ID,SIM_ID,TERMINAL_CODE,ORG_CODE,IS_VIDEO_TERMINAL,SP_SERVER_NAME,PROTOCOL_TYPE,CHANNELS,YT_PROTOCOL_TYPE) values(241437, 4, 25437, '1005436', 'B0000803',1,'1076测试服务器','4',8,'0');
insert into V_VEHICLEINFO (ORG_CODE,VEHICLE_ID,ID_NUMBER,TYPE_ID,TERMINAL_ID,DELETE_FLAG,COLOR_ID_NUMBER_ID,AUTHORIZED_PAY_MASS) values ('B0000803','2401437', '测B05436', 4, 241437, 0, '2',15);

insert into T_SIMINFO (SIM_ID, ORG_CODE, DEPTCODE, STATE,PAY_MODLE, SIM_NUM) values(25438, 'B0000803', '中国移动', 1, '预付费', 13100005437);
insert into T_TERMINALINFO (TERMINAL_ID,TTYPE_ID,SIM_ID,TERMINAL_CODE,ORG_CODE,IS_VIDEO_TERMINAL,SP_SERVER_NAME,PROTOCOL_TYPE,CHANNELS,YT_PROTOCOL_TYPE) values(241438, 4, 25438, '1005437', 'B0000803',1,'1076测试服务器','4',8,'0');
insert into V_VEHICLEINFO (ORG_CODE,VEHICLE_ID,ID_NUMBER,TYPE_ID,TERMINAL_ID,DELETE_FLAG,COLOR_ID_NUMBER_ID,AUTHORIZED_PAY_MASS) values ('B0000803','2401438', '测B05437', 4, 241438, 0, '2',15);

insert into T_SIMINFO (SIM_ID, ORG_CODE, DEPTCODE, STATE,PAY_MODLE, SIM_NUM) values(25439, 'B0000803', '中国移动', 1, '预付费', 13100005438);
insert into T_TERMINALINFO (TERMINAL_ID,TTYPE_ID,SIM_ID,TERMINAL_CODE,ORG_CODE,IS_VIDEO_TERMINAL,SP_SERVER_NAME,PROTOCOL_TYPE,CHANNELS,YT_PROTOCOL_TYPE) values(241439, 4, 25439, '1005438', 'B0000803',1,'1076测试服务器','4',8,'0');
insert into V_VEHICLEINFO (ORG_CODE,VEHICLE_ID,ID_NUMBER,TYPE_ID,TERMINAL_ID,DELETE_FLAG,COLOR_ID_NUMBER_ID,AUTHORIZED_PAY_MASS) values ('B0000803','2401439', '测B05438', 4, 241439, 0, '2',15);

insert into T_SIMINFO (SIM_ID, ORG_CODE, DEPTCODE, STATE,PAY_MODLE, SIM_NUM) values(25440, 'B0000803', '中国移动', 1, '预付费', 13100005439);
insert into T_TERMINALINFO (TERMINAL_ID,TTYPE_ID,SIM_ID,TERMINAL_CODE,ORG_CODE,IS_VIDEO_TERMINAL,SP_SERVER_NAME,PROTOCOL_TYPE,CHANNELS,YT_PROTOCOL_TYPE) values(241440, 4, 25440, '1005439', 'B0000803',1,'1076测试服务器','4',8,'0');
insert into V_VEHICLEINFO (ORG_CODE,VEHICLE_ID,ID_NUMBER,TYPE_ID,TERMINAL_ID,DELETE_FLAG,COLOR_ID_NUMBER_ID,AUTHORIZED_PAY_MASS) values ('B0000803','2401440', '测B05439', 4, 241440, 0, '2',15);

insert into T_SIMINFO (SIM_ID, ORG_CODE, DEPTCODE, STATE,PAY_MODLE, SIM_NUM) values(25441, 'B0000803', '中国移动', 1, '预付费', 13100005440);
insert into T_TERMINALINFO (TERMINAL_ID,TTYPE_ID,SIM_ID,TERMINAL_CODE,ORG_CODE,IS_VIDEO_TERMINAL,SP_SERVER_NAME,PROTOCOL_TYPE,CHANNELS,YT_PROTOCOL_TYPE) values(241441, 4, 25441, '1005440', 'B0000803',1,'1076测试服务器','4',8,'0');
insert into V_VEHICLEINFO (ORG_CODE,VEHICLE_ID,ID_NUMBER,TYPE_ID,TERMINAL_ID,DELETE_FLAG,COLOR_ID_NUMBER_ID,AUTHORIZED_PAY_MASS) values ('B0000803','2401441', '测B05440', 4, 241441, 0, '2',15);

insert into T_SIMINFO (SIM_ID, ORG_CODE, DEPTCODE, STATE,PAY_MODLE, SIM_NUM) values(25442, 'B0000803', '中国移动', 1, '预付费', 13100005441);
insert into T_TERMINALINFO (TERMINAL_ID,TTYPE_ID,SIM_ID,TERMINAL_CODE,ORG_CODE,IS_VIDEO_TERMINAL,SP_SERVER_NAME,PROTOCOL_TYPE,CHANNELS,YT_PROTOCOL_TYPE) values(241442, 4, 25442, '1005441', 'B0000803',1,'1076测试服务器','4',8,'0');
insert into V_VEHICLEINFO (ORG_CODE,VEHICLE_ID,ID_NUMBER,TYPE_ID,TERMINAL_ID,DELETE_FLAG,COLOR_ID_NUMBER_ID,AUTHORIZED_PAY_MASS) values ('B0000803','2401442', '测B05441', 4, 241442, 0, '2',15);

insert into T_SIMINFO (SIM_ID, ORG_CODE, DEPTCODE, STATE,PAY_MODLE, SIM_NUM) values(25443, 'B0000803', '中国移动', 1, '预付费', 13100005442);
insert into T_TERMINALINFO (TERMINAL_ID,TTYPE_ID,SIM_ID,TERMINAL_CODE,ORG_CODE,IS_VIDEO_TERMINAL,SP_SERVER_NAME,PROTOCOL_TYPE,CHANNELS,YT_PROTOCOL_TYPE) values(241443, 4, 25443, '1005442', 'B0000803',1,'1076测试服务器','4',8,'0');
insert into V_VEHICLEINFO (ORG_CODE,VEHICLE_ID,ID_NUMBER,TYPE_ID,TERMINAL_ID,DELETE_FLAG,COLOR_ID_NUMBER_ID,AUTHORIZED_PAY_MASS) values ('B0000803','2401443', '测B05442', 4, 241443, 0, '2',15);

insert into T_SIMINFO (SIM_ID, ORG_CODE, DEPTCODE, STATE,PAY_MODLE, SIM_NUM) values(25444, 'B0000803', '中国移动', 1, '预付费', 13100005443);
insert into T_TERMINALINFO (TERMINAL_ID,TTYPE_ID,SIM_ID,TERMINAL_CODE,ORG_CODE,IS_VIDEO_TERMINAL,SP_SERVER_NAME,PROTOCOL_TYPE,CHANNELS,YT_PROTOCOL_TYPE) values(241444, 4, 25444, '1005443', 'B0000803',1,'1076测试服务器','4',8,'0');
insert into V_VEHICLEINFO (ORG_CODE,VEHICLE_ID,ID_NUMBER,TYPE_ID,TERMINAL_ID,DELETE_FLAG,COLOR_ID_NUMBER_ID,AUTHORIZED_PAY_MASS) values ('B0000803','2401444', '测B05443', 4, 241444, 0, '2',15);

insert into T_SIMINFO (SIM_ID, ORG_CODE, DEPTCODE, STATE,PAY_MODLE, SIM_NUM) values(25445, 'B0000803', '中国移动', 1, '预付费', 13100005444);
insert into T_TERMINALINFO (TERMINAL_ID,TTYPE_ID,SIM_ID,TERMINAL_CODE,ORG_CODE,IS_VIDEO_TERMINAL,SP_SERVER_NAME,PROTOCOL_TYPE,CHANNELS,YT_PROTOCOL_TYPE) values(241445, 4, 25445, '1005444', 'B0000803',1,'1076测试服务器','4',8,'0');
insert into V_VEHICLEINFO (ORG_CODE,VEHICLE_ID,ID_NUMBER,TYPE_ID,TERMINAL_ID,DELETE_FLAG,COLOR_ID_NUMBER_ID,AUTHORIZED_PAY_MASS) values ('B0000803','2401445', '测B05444', 4, 241445, 0, '2',15);

insert into T_SIMINFO (SIM_ID, ORG_CODE, DEPTCODE, STATE,PAY_MODLE, SIM_NUM) values(25446, 'B0000803', '中国移动', 1, '预付费', 13100005445);
insert into T_TERMINALINFO (TERMINAL_ID,TTYPE_ID,SIM_ID,TERMINAL_CODE,ORG_CODE,IS_VIDEO_TERMINAL,SP_SERVER_NAME,PROTOCOL_TYPE,CHANNELS,YT_PROTOCOL_TYPE) values(241446, 4, 25446, '1005445', 'B0000803',1,'1076测试服务器','4',8,'0');
insert into V_VEHICLEINFO (ORG_CODE,VEHICLE_ID,ID_NUMBER,TYPE_ID,TERMINAL_ID,DELETE_FLAG,COLOR_ID_NUMBER_ID,AUTHORIZED_PAY_MASS) values ('B0000803','2401446', '测B05445', 4, 241446, 0, '2',15);

insert into T_SIMINFO (SIM_ID, ORG_CODE, DEPTCODE, STATE,PAY_MODLE, SIM_NUM) values(25447, 'B0000803', '中国移动', 1, '预付费', 13100005446);
insert into T_TERMINALINFO (TERMINAL_ID,TTYPE_ID,SIM_ID,TERMINAL_CODE,ORG_CODE,IS_VIDEO_TERMINAL,SP_SERVER_NAME,PROTOCOL_TYPE,CHANNELS,YT_PROTOCOL_TYPE) values(241447, 4, 25447, '1005446', 'B0000803',1,'1076测试服务器','4',8,'0');
insert into V_VEHICLEINFO (ORG_CODE,VEHICLE_ID,ID_NUMBER,TYPE_ID,TERMINAL_ID,DELETE_FLAG,COLOR_ID_NUMBER_ID,AUTHORIZED_PAY_MASS) values ('B0000803','2401447', '测B05446', 4, 241447, 0, '2',15);

insert into T_SIMINFO (SIM_ID, ORG_CODE, DEPTCODE, STATE,PAY_MODLE, SIM_NUM) values(25448, 'B0000803', '中国移动', 1, '预付费', 13100005447);
insert into T_TERMINALINFO (TERMINAL_ID,TTYPE_ID,SIM_ID,TERMINAL_CODE,ORG_CODE,IS_VIDEO_TERMINAL,SP_SERVER_NAME,PROTOCOL_TYPE,CHANNELS,YT_PROTOCOL_TYPE) values(241448, 4, 25448, '1005447', 'B0000803',1,'1076测试服务器','4',8,'0');
insert into V_VEHICLEINFO (ORG_CODE,VEHICLE_ID,ID_NUMBER,TYPE_ID,TERMINAL_ID,DELETE_FLAG,COLOR_ID_NUMBER_ID,AUTHORIZED_PAY_MASS) values ('B0000803','2401448', '测B05447', 4, 241448, 0, '2',15);

insert into T_SIMINFO (SIM_ID, ORG_CODE, DEPTCODE, STATE,PAY_MODLE, SIM_NUM) values(25449, 'B0000803', '中国移动', 1, '预付费', 13100005448);
insert into T_TERMINALINFO (TERMINAL_ID,TTYPE_ID,SIM_ID,TERMINAL_CODE,ORG_CODE,IS_VIDEO_TERMINAL,SP_SERVER_NAME,PROTOCOL_TYPE,CHANNELS,YT_PROTOCOL_TYPE) values(241449, 4, 25449, '1005448', 'B0000803',1,'1076测试服务器','4',8,'0');
insert into V_VEHICLEINFO (ORG_CODE,VEHICLE_ID,ID_NUMBER,TYPE_ID,TERMINAL_ID,DELETE_FLAG,COLOR_ID_NUMBER_ID,AUTHORIZED_PAY_MASS) values ('B0000803','2401449', '测B05448', 4, 241449, 0, '2',15);

insert into T_SIMINFO (SIM_ID, ORG_CODE, DEPTCODE, STATE,PAY_MODLE, SIM_NUM) values(25450, 'B0000803', '中国移动', 1, '预付费', 13100005449);
insert into T_TERMINALINFO (TERMINAL_ID,TTYPE_ID,SIM_ID,TERMINAL_CODE,ORG_CODE,IS_VIDEO_TERMINAL,SP_SERVER_NAME,PROTOCOL_TYPE,CHANNELS,YT_PROTOCOL_TYPE) values(241450, 4, 25450, '1005449', 'B0000803',1,'1076测试服务器','4',8,'0');
insert into V_VEHICLEINFO (ORG_CODE,VEHICLE_ID,ID_NUMBER,TYPE_ID,TERMINAL_ID,DELETE_FLAG,COLOR_ID_NUMBER_ID,AUTHORIZED_PAY_MASS) values ('B0000803','2401450', '测B05449', 4, 241450, 0, '2',15);

insert into T_SIMINFO (SIM_ID, ORG_CODE, DEPTCODE, STATE,PAY_MODLE, SIM_NUM) values(25451, 'B0000803', '中国移动', 1, '预付费', 13100005450);
insert into T_TERMINALINFO (TERMINAL_ID,TTYPE_ID,SIM_ID,TERMINAL_CODE,ORG_CODE,IS_VIDEO_TERMINAL,SP_SERVER_NAME,PROTOCOL_TYPE,CHANNELS,YT_PROTOCOL_TYPE) values(241451, 4, 25451, '1005450', 'B0000803',1,'1076测试服务器','4',8,'0');
insert into V_VEHICLEINFO (ORG_CODE,VEHICLE_ID,ID_NUMBER,TYPE_ID,TERMINAL_ID,DELETE_FLAG,COLOR_ID_NUMBER_ID,AUTHORIZED_PAY_MASS) values ('B0000803','2401451', '测B05450', 4, 241451, 0, '2',15);

insert into T_SIMINFO (SIM_ID, ORG_CODE, DEPTCODE, STATE,PAY_MODLE, SIM_NUM) values(25452, 'B0000803', '中国移动', 1, '预付费', 13100005451);
insert into T_TERMINALINFO (TERMINAL_ID,TTYPE_ID,SIM_ID,TERMINAL_CODE,ORG_CODE,IS_VIDEO_TERMINAL,SP_SERVER_NAME,PROTOCOL_TYPE,CHANNELS,YT_PROTOCOL_TYPE) values(241452, 4, 25452, '1005451', 'B0000803',1,'1076测试服务器','4',8,'0');
insert into V_VEHICLEINFO (ORG_CODE,VEHICLE_ID,ID_NUMBER,TYPE_ID,TERMINAL_ID,DELETE_FLAG,COLOR_ID_NUMBER_ID,AUTHORIZED_PAY_MASS) values ('B0000803','2401452', '测B05451', 4, 241452, 0, '2',15);

insert into T_SIMINFO (SIM_ID, ORG_CODE, DEPTCODE, STATE,PAY_MODLE, SIM_NUM) values(25453, 'B0000803', '中国移动', 1, '预付费', 13100005452);
insert into T_TERMINALINFO (TERMINAL_ID,TTYPE_ID,SIM_ID,TERMINAL_CODE,ORG_CODE,IS_VIDEO_TERMINAL,SP_SERVER_NAME,PROTOCOL_TYPE,CHANNELS,YT_PROTOCOL_TYPE) values(241453, 4, 25453, '1005452', 'B0000803',1,'1076测试服务器','4',8,'0');
insert into V_VEHICLEINFO (ORG_CODE,VEHICLE_ID,ID_NUMBER,TYPE_ID,TERMINAL_ID,DELETE_FLAG,COLOR_ID_NUMBER_ID,AUTHORIZED_PAY_MASS) values ('B0000803','2401453', '测B05452', 4, 241453, 0, '2',15);

insert into T_SIMINFO (SIM_ID, ORG_CODE, DEPTCODE, STATE,PAY_MODLE, SIM_NUM) values(25454, 'B0000803', '中国移动', 1, '预付费', 13100005453);
insert into T_TERMINALINFO (TERMINAL_ID,TTYPE_ID,SIM_ID,TERMINAL_CODE,ORG_CODE,IS_VIDEO_TERMINAL,SP_SERVER_NAME,PROTOCOL_TYPE,CHANNELS,YT_PROTOCOL_TYPE) values(241454, 4, 25454, '1005453', 'B0000803',1,'1076测试服务器','4',8,'0');
insert into V_VEHICLEINFO (ORG_CODE,VEHICLE_ID,ID_NUMBER,TYPE_ID,TERMINAL_ID,DELETE_FLAG,COLOR_ID_NUMBER_ID,AUTHORIZED_PAY_MASS) values ('B0000803','2401454', '测B05453', 4, 241454, 0, '2',15);

insert into T_SIMINFO (SIM_ID, ORG_CODE, DEPTCODE, STATE,PAY_MODLE, SIM_NUM) values(25455, 'B0000803', '中国移动', 1, '预付费', 13100005454);
insert into T_TERMINALINFO (TERMINAL_ID,TTYPE_ID,SIM_ID,TERMINAL_CODE,ORG_CODE,IS_VIDEO_TERMINAL,SP_SERVER_NAME,PROTOCOL_TYPE,CHANNELS,YT_PROTOCOL_TYPE) values(241455, 4, 25455, '1005454', 'B0000803',1,'1076测试服务器','4',8,'0');
insert into V_VEHICLEINFO (ORG_CODE,VEHICLE_ID,ID_NUMBER,TYPE_ID,TERMINAL_ID,DELETE_FLAG,COLOR_ID_NUMBER_ID,AUTHORIZED_PAY_MASS) values ('B0000803','2401455', '测B05454', 4, 241455, 0, '2',15);

insert into T_SIMINFO (SIM_ID, ORG_CODE, DEPTCODE, STATE,PAY_MODLE, SIM_NUM) values(25456, 'B0000803', '中国移动', 1, '预付费', 13100005455);
insert into T_TERMINALINFO (TERMINAL_ID,TTYPE_ID,SIM_ID,TERMINAL_CODE,ORG_CODE,IS_VIDEO_TERMINAL,SP_SERVER_NAME,PROTOCOL_TYPE,CHANNELS,YT_PROTOCOL_TYPE) values(241456, 4, 25456, '1005455', 'B0000803',1,'1076测试服务器','4',8,'0');
insert into V_VEHICLEINFO (ORG_CODE,VEHICLE_ID,ID_NUMBER,TYPE_ID,TERMINAL_ID,DELETE_FLAG,COLOR_ID_NUMBER_ID,AUTHORIZED_PAY_MASS) values ('B0000803','2401456', '测B05455', 4, 241456, 0, '2',15);

insert into T_SIMINFO (SIM_ID, ORG_CODE, DEPTCODE, STATE,PAY_MODLE, SIM_NUM) values(25457, 'B0000803', '中国移动', 1, '预付费', 13100005456);
insert into T_TERMINALINFO (TERMINAL_ID,TTYPE_ID,SIM_ID,TERMINAL_CODE,ORG_CODE,IS_VIDEO_TERMINAL,SP_SERVER_NAME,PROTOCOL_TYPE,CHANNELS,YT_PROTOCOL_TYPE) values(241457, 4, 25457, '1005456', 'B0000803',1,'1076测试服务器','4',8,'0');
insert into V_VEHICLEINFO (ORG_CODE,VEHICLE_ID,ID_NUMBER,TYPE_ID,TERMINAL_ID,DELETE_FLAG,COLOR_ID_NUMBER_ID,AUTHORIZED_PAY_MASS) values ('B0000803','2401457', '测B05456', 4, 241457, 0, '2',15);

insert into T_SIMINFO (SIM_ID, ORG_CODE, DEPTCODE, STATE,PAY_MODLE, SIM_NUM) values(25458, 'B0000803', '中国移动', 1, '预付费', 13100005457);
insert into T_TERMINALINFO (TERMINAL_ID,TTYPE_ID,SIM_ID,TERMINAL_CODE,ORG_CODE,IS_VIDEO_TERMINAL,SP_SERVER_NAME,PROTOCOL_TYPE,CHANNELS,YT_PROTOCOL_TYPE) values(241458, 4, 25458, '1005457', 'B0000803',1,'1076测试服务器','4',8,'0');
insert into V_VEHICLEINFO (ORG_CODE,VEHICLE_ID,ID_NUMBER,TYPE_ID,TERMINAL_ID,DELETE_FLAG,COLOR_ID_NUMBER_ID,AUTHORIZED_PAY_MASS) values ('B0000803','2401458', '测B05457', 4, 241458, 0, '2',15);

insert into T_SIMINFO (SIM_ID, ORG_CODE, DEPTCODE, STATE,PAY_MODLE, SIM_NUM) values(25459, 'B0000803', '中国移动', 1, '预付费', 13100005458);
insert into T_TERMINALINFO (TERMINAL_ID,TTYPE_ID,SIM_ID,TERMINAL_CODE,ORG_CODE,IS_VIDEO_TERMINAL,SP_SERVER_NAME,PROTOCOL_TYPE,CHANNELS,YT_PROTOCOL_TYPE) values(241459, 4, 25459, '1005458', 'B0000803',1,'1076测试服务器','4',8,'0');
insert into V_VEHICLEINFO (ORG_CODE,VEHICLE_ID,ID_NUMBER,TYPE_ID,TERMINAL_ID,DELETE_FLAG,COLOR_ID_NUMBER_ID,AUTHORIZED_PAY_MASS) values ('B0000803','2401459', '测B05458', 4, 241459, 0, '2',15);

insert into T_SIMINFO (SIM_ID, ORG_CODE, DEPTCODE, STATE,PAY_MODLE, SIM_NUM) values(25460, 'B0000803', '中国移动', 1, '预付费', 13100005459);
insert into T_TERMINALINFO (TERMINAL_ID,TTYPE_ID,SIM_ID,TERMINAL_CODE,ORG_CODE,IS_VIDEO_TERMINAL,SP_SERVER_NAME,PROTOCOL_TYPE,CHANNELS,YT_PROTOCOL_TYPE) values(241460, 4, 25460, '1005459', 'B0000803',1,'1076测试服务器','4',8,'0');
insert into V_VEHICLEINFO (ORG_CODE,VEHICLE_ID,ID_NUMBER,TYPE_ID,TERMINAL_ID,DELETE_FLAG,COLOR_ID_NUMBER_ID,AUTHORIZED_PAY_MASS) values ('B0000803','2401460', '测B05459', 4, 241460, 0, '2',15);

insert into T_SIMINFO (SIM_ID, ORG_CODE, DEPTCODE, STATE,PAY_MODLE, SIM_NUM) values(25461, 'B0000803', '中国移动', 1, '预付费', 13100005460);
insert into T_TERMINALINFO (TERMINAL_ID,TTYPE_ID,SIM_ID,TERMINAL_CODE,ORG_CODE,IS_VIDEO_TERMINAL,SP_SERVER_NAME,PROTOCOL_TYPE,CHANNELS,YT_PROTOCOL_TYPE) values(241461, 4, 25461, '1005460', 'B0000803',1,'1076测试服务器','4',8,'0');
insert into V_VEHICLEINFO (ORG_CODE,VEHICLE_ID,ID_NUMBER,TYPE_ID,TERMINAL_ID,DELETE_FLAG,COLOR_ID_NUMBER_ID,AUTHORIZED_PAY_MASS) values ('B0000803','2401461', '测B05460', 4, 241461, 0, '2',15);

insert into T_SIMINFO (SIM_ID, ORG_CODE, DEPTCODE, STATE,PAY_MODLE, SIM_NUM) values(25462, 'B0000803', '中国移动', 1, '预付费', 13100005461);
insert into T_TERMINALINFO (TERMINAL_ID,TTYPE_ID,SIM_ID,TERMINAL_CODE,ORG_CODE,IS_VIDEO_TERMINAL,SP_SERVER_NAME,PROTOCOL_TYPE,CHANNELS,YT_PROTOCOL_TYPE) values(241462, 4, 25462, '1005461', 'B0000803',1,'1076测试服务器','4',8,'0');
insert into V_VEHICLEINFO (ORG_CODE,VEHICLE_ID,ID_NUMBER,TYPE_ID,TERMINAL_ID,DELETE_FLAG,COLOR_ID_NUMBER_ID,AUTHORIZED_PAY_MASS) values ('B0000803','2401462', '测B05461', 4, 241462, 0, '2',15);

insert into T_SIMINFO (SIM_ID, ORG_CODE, DEPTCODE, STATE,PAY_MODLE, SIM_NUM) values(25463, 'B0000803', '中国移动', 1, '预付费', 13100005462);
insert into T_TERMINALINFO (TERMINAL_ID,TTYPE_ID,SIM_ID,TERMINAL_CODE,ORG_CODE,IS_VIDEO_TERMINAL,SP_SERVER_NAME,PROTOCOL_TYPE,CHANNELS,YT_PROTOCOL_TYPE) values(241463, 4, 25463, '1005462', 'B0000803',1,'1076测试服务器','4',8,'0');
insert into V_VEHICLEINFO (ORG_CODE,VEHICLE_ID,ID_NUMBER,TYPE_ID,TERMINAL_ID,DELETE_FLAG,COLOR_ID_NUMBER_ID,AUTHORIZED_PAY_MASS) values ('B0000803','2401463', '测B05462', 4, 241463, 0, '2',15);

insert into T_SIMINFO (SIM_ID, ORG_CODE, DEPTCODE, STATE,PAY_MODLE, SIM_NUM) values(25464, 'B0000803', '中国移动', 1, '预付费', 13100005463);
insert into T_TERMINALINFO (TERMINAL_ID,TTYPE_ID,SIM_ID,TERMINAL_CODE,ORG_CODE,IS_VIDEO_TERMINAL,SP_SERVER_NAME,PROTOCOL_TYPE,CHANNELS,YT_PROTOCOL_TYPE) values(241464, 4, 25464, '1005463', 'B0000803',1,'1076测试服务器','4',8,'0');
insert into V_VEHICLEINFO (ORG_CODE,VEHICLE_ID,ID_NUMBER,TYPE_ID,TERMINAL_ID,DELETE_FLAG,COLOR_ID_NUMBER_ID,AUTHORIZED_PAY_MASS) values ('B0000803','2401464', '测B05463', 4, 241464, 0, '2',15);

insert into T_SIMINFO (SIM_ID, ORG_CODE, DEPTCODE, STATE,PAY_MODLE, SIM_NUM) values(25465, 'B0000803', '中国移动', 1, '预付费', 13100005464);
insert into T_TERMINALINFO (TERMINAL_ID,TTYPE_ID,SIM_ID,TERMINAL_CODE,ORG_CODE,IS_VIDEO_TERMINAL,SP_SERVER_NAME,PROTOCOL_TYPE,CHANNELS,YT_PROTOCOL_TYPE) values(241465, 4, 25465, '1005464', 'B0000803',1,'1076测试服务器','4',8,'0');
insert into V_VEHICLEINFO (ORG_CODE,VEHICLE_ID,ID_NUMBER,TYPE_ID,TERMINAL_ID,DELETE_FLAG,COLOR_ID_NUMBER_ID,AUTHORIZED_PAY_MASS) values ('B0000803','2401465', '测B05464', 4, 241465, 0, '2',15);

insert into T_SIMINFO (SIM_ID, ORG_CODE, DEPTCODE, STATE,PAY_MODLE, SIM_NUM) values(25466, 'B0000803', '中国移动', 1, '预付费', 13100005465);
insert into T_TERMINALINFO (TERMINAL_ID,TTYPE_ID,SIM_ID,TERMINAL_CODE,ORG_CODE,IS_VIDEO_TERMINAL,SP_SERVER_NAME,PROTOCOL_TYPE,CHANNELS,YT_PROTOCOL_TYPE) values(241466, 4, 25466, '1005465', 'B0000803',1,'1076测试服务器','4',8,'0');
insert into V_VEHICLEINFO (ORG_CODE,VEHICLE_ID,ID_NUMBER,TYPE_ID,TERMINAL_ID,DELETE_FLAG,COLOR_ID_NUMBER_ID,AUTHORIZED_PAY_MASS) values ('B0000803','2401466', '测B05465', 4, 241466, 0, '2',15);

insert into T_SIMINFO (SIM_ID, ORG_CODE, DEPTCODE, STATE,PAY_MODLE, SIM_NUM) values(25467, 'B0000803', '中国移动', 1, '预付费', 13100005466);
insert into T_TERMINALINFO (TERMINAL_ID,TTYPE_ID,SIM_ID,TERMINAL_CODE,ORG_CODE,IS_VIDEO_TERMINAL,SP_SERVER_NAME,PROTOCOL_TYPE,CHANNELS,YT_PROTOCOL_TYPE) values(241467, 4, 25467, '1005466', 'B0000803',1,'1076测试服务器','4',8,'0');
insert into V_VEHICLEINFO (ORG_CODE,VEHICLE_ID,ID_NUMBER,TYPE_ID,TERMINAL_ID,DELETE_FLAG,COLOR_ID_NUMBER_ID,AUTHORIZED_PAY_MASS) values ('B0000803','2401467', '测B05466', 4, 241467, 0, '2',15);

insert into T_SIMINFO (SIM_ID, ORG_CODE, DEPTCODE, STATE,PAY_MODLE, SIM_NUM) values(25468, 'B0000803', '中国移动', 1, '预付费', 13100005467);
insert into T_TERMINALINFO (TERMINAL_ID,TTYPE_ID,SIM_ID,TERMINAL_CODE,ORG_CODE,IS_VIDEO_TERMINAL,SP_SERVER_NAME,PROTOCOL_TYPE,CHANNELS,YT_PROTOCOL_TYPE) values(241468, 4, 25468, '1005467', 'B0000803',1,'1076测试服务器','4',8,'0');
insert into V_VEHICLEINFO (ORG_CODE,VEHICLE_ID,ID_NUMBER,TYPE_ID,TERMINAL_ID,DELETE_FLAG,COLOR_ID_NUMBER_ID,AUTHORIZED_PAY_MASS) values ('B0000803','2401468', '测B05467', 4, 241468, 0, '2',15);

insert into T_SIMINFO (SIM_ID, ORG_CODE, DEPTCODE, STATE,PAY_MODLE, SIM_NUM) values(25469, 'B0000803', '中国移动', 1, '预付费', 13100005468);
insert into T_TERMINALINFO (TERMINAL_ID,TTYPE_ID,SIM_ID,TERMINAL_CODE,ORG_CODE,IS_VIDEO_TERMINAL,SP_SERVER_NAME,PROTOCOL_TYPE,CHANNELS,YT_PROTOCOL_TYPE) values(241469, 4, 25469, '1005468', 'B0000803',1,'1076测试服务器','4',8,'0');
insert into V_VEHICLEINFO (ORG_CODE,VEHICLE_ID,ID_NUMBER,TYPE_ID,TERMINAL_ID,DELETE_FLAG,COLOR_ID_NUMBER_ID,AUTHORIZED_PAY_MASS) values ('B0000803','2401469', '测B05468', 4, 241469, 0, '2',15);

insert into T_SIMINFO (SIM_ID, ORG_CODE, DEPTCODE, STATE,PAY_MODLE, SIM_NUM) values(25470, 'B0000803', '中国移动', 1, '预付费', 13100005469);
insert into T_TERMINALINFO (TERMINAL_ID,TTYPE_ID,SIM_ID,TERMINAL_CODE,ORG_CODE,IS_VIDEO_TERMINAL,SP_SERVER_NAME,PROTOCOL_TYPE,CHANNELS,YT_PROTOCOL_TYPE) values(241470, 4, 25470, '1005469', 'B0000803',1,'1076测试服务器','4',8,'0');
insert into V_VEHICLEINFO (ORG_CODE,VEHICLE_ID,ID_NUMBER,TYPE_ID,TERMINAL_ID,DELETE_FLAG,COLOR_ID_NUMBER_ID,AUTHORIZED_PAY_MASS) values ('B0000803','2401470', '测B05469', 4, 241470, 0, '2',15);

insert into T_SIMINFO (SIM_ID, ORG_CODE, DEPTCODE, STATE,PAY_MODLE, SIM_NUM) values(25471, 'B0000803', '中国移动', 1, '预付费', 13100005470);
insert into T_TERMINALINFO (TERMINAL_ID,TTYPE_ID,SIM_ID,TERMINAL_CODE,ORG_CODE,IS_VIDEO_TERMINAL,SP_SERVER_NAME,PROTOCOL_TYPE,CHANNELS,YT_PROTOCOL_TYPE) values(241471, 4, 25471, '1005470', 'B0000803',1,'1076测试服务器','4',8,'0');
insert into V_VEHICLEINFO (ORG_CODE,VEHICLE_ID,ID_NUMBER,TYPE_ID,TERMINAL_ID,DELETE_FLAG,COLOR_ID_NUMBER_ID,AUTHORIZED_PAY_MASS) values ('B0000803','2401471', '测B05470', 4, 241471, 0, '2',15);

insert into T_SIMINFO (SIM_ID, ORG_CODE, DEPTCODE, STATE,PAY_MODLE, SIM_NUM) values(25472, 'B0000803', '中国移动', 1, '预付费', 13100005471);
insert into T_TERMINALINFO (TERMINAL_ID,TTYPE_ID,SIM_ID,TERMINAL_CODE,ORG_CODE,IS_VIDEO_TERMINAL,SP_SERVER_NAME,PROTOCOL_TYPE,CHANNELS,YT_PROTOCOL_TYPE) values(241472, 4, 25472, '1005471', 'B0000803',1,'1076测试服务器','4',8,'0');
insert into V_VEHICLEINFO (ORG_CODE,VEHICLE_ID,ID_NUMBER,TYPE_ID,TERMINAL_ID,DELETE_FLAG,COLOR_ID_NUMBER_ID,AUTHORIZED_PAY_MASS) values ('B0000803','2401472', '测B05471', 4, 241472, 0, '2',15);

insert into T_SIMINFO (SIM_ID, ORG_CODE, DEPTCODE, STATE,PAY_MODLE, SIM_NUM) values(25473, 'B0000803', '中国移动', 1, '预付费', 13100005472);
insert into T_TERMINALINFO (TERMINAL_ID,TTYPE_ID,SIM_ID,TERMINAL_CODE,ORG_CODE,IS_VIDEO_TERMINAL,SP_SERVER_NAME,PROTOCOL_TYPE,CHANNELS,YT_PROTOCOL_TYPE) values(241473, 4, 25473, '1005472', 'B0000803',1,'1076测试服务器','4',8,'0');
insert into V_VEHICLEINFO (ORG_CODE,VEHICLE_ID,ID_NUMBER,TYPE_ID,TERMINAL_ID,DELETE_FLAG,COLOR_ID_NUMBER_ID,AUTHORIZED_PAY_MASS) values ('B0000803','2401473', '测B05472', 4, 241473, 0, '2',15);

insert into T_SIMINFO (SIM_ID, ORG_CODE, DEPTCODE, STATE,PAY_MODLE, SIM_NUM) values(25474, 'B0000803', '中国移动', 1, '预付费', 13100005473);
insert into T_TERMINALINFO (TERMINAL_ID,TTYPE_ID,SIM_ID,TERMINAL_CODE,ORG_CODE,IS_VIDEO_TERMINAL,SP_SERVER_NAME,PROTOCOL_TYPE,CHANNELS,YT_PROTOCOL_TYPE) values(241474, 4, 25474, '1005473', 'B0000803',1,'1076测试服务器','4',8,'0');
insert into V_VEHICLEINFO (ORG_CODE,VEHICLE_ID,ID_NUMBER,TYPE_ID,TERMINAL_ID,DELETE_FLAG,COLOR_ID_NUMBER_ID,AUTHORIZED_PAY_MASS) values ('B0000803','2401474', '测B05473', 4, 241474, 0, '2',15);

insert into T_SIMINFO (SIM_ID, ORG_CODE, DEPTCODE, STATE,PAY_MODLE, SIM_NUM) values(25475, 'B0000803', '中国移动', 1, '预付费', 13100005474);
insert into T_TERMINALINFO (TERMINAL_ID,TTYPE_ID,SIM_ID,TERMINAL_CODE,ORG_CODE,IS_VIDEO_TERMINAL,SP_SERVER_NAME,PROTOCOL_TYPE,CHANNELS,YT_PROTOCOL_TYPE) values(241475, 4, 25475, '1005474', 'B0000803',1,'1076测试服务器','4',8,'0');
insert into V_VEHICLEINFO (ORG_CODE,VEHICLE_ID,ID_NUMBER,TYPE_ID,TERMINAL_ID,DELETE_FLAG,COLOR_ID_NUMBER_ID,AUTHORIZED_PAY_MASS) values ('B0000803','2401475', '测B05474', 4, 241475, 0, '2',15);

insert into T_SIMINFO (SIM_ID, ORG_CODE, DEPTCODE, STATE,PAY_MODLE, SIM_NUM) values(25476, 'B0000803', '中国移动', 1, '预付费', 13100005475);
insert into T_TERMINALINFO (TERMINAL_ID,TTYPE_ID,SIM_ID,TERMINAL_CODE,ORG_CODE,IS_VIDEO_TERMINAL,SP_SERVER_NAME,PROTOCOL_TYPE,CHANNELS,YT_PROTOCOL_TYPE) values(241476, 4, 25476, '1005475', 'B0000803',1,'1076测试服务器','4',8,'0');
insert into V_VEHICLEINFO (ORG_CODE,VEHICLE_ID,ID_NUMBER,TYPE_ID,TERMINAL_ID,DELETE_FLAG,COLOR_ID_NUMBER_ID,AUTHORIZED_PAY_MASS) values ('B0000803','2401476', '测B05475', 4, 241476, 0, '2',15);

insert into T_SIMINFO (SIM_ID, ORG_CODE, DEPTCODE, STATE,PAY_MODLE, SIM_NUM) values(25477, 'B0000803', '中国移动', 1, '预付费', 13100005476);
insert into T_TERMINALINFO (TERMINAL_ID,TTYPE_ID,SIM_ID,TERMINAL_CODE,ORG_CODE,IS_VIDEO_TERMINAL,SP_SERVER_NAME,PROTOCOL_TYPE,CHANNELS,YT_PROTOCOL_TYPE) values(241477, 4, 25477, '1005476', 'B0000803',1,'1076测试服务器','4',8,'0');
insert into V_VEHICLEINFO (ORG_CODE,VEHICLE_ID,ID_NUMBER,TYPE_ID,TERMINAL_ID,DELETE_FLAG,COLOR_ID_NUMBER_ID,AUTHORIZED_PAY_MASS) values ('B0000803','2401477', '测B05476', 4, 241477, 0, '2',15);

insert into T_SIMINFO (SIM_ID, ORG_CODE, DEPTCODE, STATE,PAY_MODLE, SIM_NUM) values(25478, 'B0000803', '中国移动', 1, '预付费', 13100005477);
insert into T_TERMINALINFO (TERMINAL_ID,TTYPE_ID,SIM_ID,TERMINAL_CODE,ORG_CODE,IS_VIDEO_TERMINAL,SP_SERVER_NAME,PROTOCOL_TYPE,CHANNELS,YT_PROTOCOL_TYPE) values(241478, 4, 25478, '1005477', 'B0000803',1,'1076测试服务器','4',8,'0');
insert into V_VEHICLEINFO (ORG_CODE,VEHICLE_ID,ID_NUMBER,TYPE_ID,TERMINAL_ID,DELETE_FLAG,COLOR_ID_NUMBER_ID,AUTHORIZED_PAY_MASS) values ('B0000803','2401478', '测B05477', 4, 241478, 0, '2',15);

insert into T_SIMINFO (SIM_ID, ORG_CODE, DEPTCODE, STATE,PAY_MODLE, SIM_NUM) values(25479, 'B0000803', '中国移动', 1, '预付费', 13100005478);
insert into T_TERMINALINFO (TERMINAL_ID,TTYPE_ID,SIM_ID,TERMINAL_CODE,ORG_CODE,IS_VIDEO_TERMINAL,SP_SERVER_NAME,PROTOCOL_TYPE,CHANNELS,YT_PROTOCOL_TYPE) values(241479, 4, 25479, '1005478', 'B0000803',1,'1076测试服务器','4',8,'0');
insert into V_VEHICLEINFO (ORG_CODE,VEHICLE_ID,ID_NUMBER,TYPE_ID,TERMINAL_ID,DELETE_FLAG,COLOR_ID_NUMBER_ID,AUTHORIZED_PAY_MASS) values ('B0000803','2401479', '测B05478', 4, 241479, 0, '2',15);

insert into T_SIMINFO (SIM_ID, ORG_CODE, DEPTCODE, STATE,PAY_MODLE, SIM_NUM) values(25480, 'B0000803', '中国移动', 1, '预付费', 13100005479);
insert into T_TERMINALINFO (TERMINAL_ID,TTYPE_ID,SIM_ID,TERMINAL_CODE,ORG_CODE,IS_VIDEO_TERMINAL,SP_SERVER_NAME,PROTOCOL_TYPE,CHANNELS,YT_PROTOCOL_TYPE) values(241480, 4, 25480, '1005479', 'B0000803',1,'1076测试服务器','4',8,'0');
insert into V_VEHICLEINFO (ORG_CODE,VEHICLE_ID,ID_NUMBER,TYPE_ID,TERMINAL_ID,DELETE_FLAG,COLOR_ID_NUMBER_ID,AUTHORIZED_PAY_MASS) values ('B0000803','2401480', '测B05479', 4, 241480, 0, '2',15);

insert into T_SIMINFO (SIM_ID, ORG_CODE, DEPTCODE, STATE,PAY_MODLE, SIM_NUM) values(25481, 'B0000803', '中国移动', 1, '预付费', 13100005480);
insert into T_TERMINALINFO (TERMINAL_ID,TTYPE_ID,SIM_ID,TERMINAL_CODE,ORG_CODE,IS_VIDEO_TERMINAL,SP_SERVER_NAME,PROTOCOL_TYPE,CHANNELS,YT_PROTOCOL_TYPE) values(241481, 4, 25481, '1005480', 'B0000803',1,'1076测试服务器','4',8,'0');
insert into V_VEHICLEINFO (ORG_CODE,VEHICLE_ID,ID_NUMBER,TYPE_ID,TERMINAL_ID,DELETE_FLAG,COLOR_ID_NUMBER_ID,AUTHORIZED_PAY_MASS) values ('B0000803','2401481', '测B05480', 4, 241481, 0, '2',15);

insert into T_SIMINFO (SIM_ID, ORG_CODE, DEPTCODE, STATE,PAY_MODLE, SIM_NUM) values(25482, 'B0000803', '中国移动', 1, '预付费', 13100005481);
insert into T_TERMINALINFO (TERMINAL_ID,TTYPE_ID,SIM_ID,TERMINAL_CODE,ORG_CODE,IS_VIDEO_TERMINAL,SP_SERVER_NAME,PROTOCOL_TYPE,CHANNELS,YT_PROTOCOL_TYPE) values(241482, 4, 25482, '1005481', 'B0000803',1,'1076测试服务器','4',8,'0');
insert into V_VEHICLEINFO (ORG_CODE,VEHICLE_ID,ID_NUMBER,TYPE_ID,TERMINAL_ID,DELETE_FLAG,COLOR_ID_NUMBER_ID,AUTHORIZED_PAY_MASS) values ('B0000803','2401482', '测B05481', 4, 241482, 0, '2',15);

insert into T_SIMINFO (SIM_ID, ORG_CODE, DEPTCODE, STATE,PAY_MODLE, SIM_NUM) values(25483, 'B0000803', '中国移动', 1, '预付费', 13100005482);
insert into T_TERMINALINFO (TERMINAL_ID,TTYPE_ID,SIM_ID,TERMINAL_CODE,ORG_CODE,IS_VIDEO_TERMINAL,SP_SERVER_NAME,PROTOCOL_TYPE,CHANNELS,YT_PROTOCOL_TYPE) values(241483, 4, 25483, '1005482', 'B0000803',1,'1076测试服务器','4',8,'0');
insert into V_VEHICLEINFO (ORG_CODE,VEHICLE_ID,ID_NUMBER,TYPE_ID,TERMINAL_ID,DELETE_FLAG,COLOR_ID_NUMBER_ID,AUTHORIZED_PAY_MASS) values ('B0000803','2401483', '测B05482', 4, 241483, 0, '2',15);

insert into T_SIMINFO (SIM_ID, ORG_CODE, DEPTCODE, STATE,PAY_MODLE, SIM_NUM) values(25484, 'B0000803', '中国移动', 1, '预付费', 13100005483);
insert into T_TERMINALINFO (TERMINAL_ID,TTYPE_ID,SIM_ID,TERMINAL_CODE,ORG_CODE,IS_VIDEO_TERMINAL,SP_SERVER_NAME,PROTOCOL_TYPE,CHANNELS,YT_PROTOCOL_TYPE) values(241484, 4, 25484, '1005483', 'B0000803',1,'1076测试服务器','4',8,'0');
insert into V_VEHICLEINFO (ORG_CODE,VEHICLE_ID,ID_NUMBER,TYPE_ID,TERMINAL_ID,DELETE_FLAG,COLOR_ID_NUMBER_ID,AUTHORIZED_PAY_MASS) values ('B0000803','2401484', '测B05483', 4, 241484, 0, '2',15);

insert into T_SIMINFO (SIM_ID, ORG_CODE, DEPTCODE, STATE,PAY_MODLE, SIM_NUM) values(25485, 'B0000803', '中国移动', 1, '预付费', 13100005484);
insert into T_TERMINALINFO (TERMINAL_ID,TTYPE_ID,SIM_ID,TERMINAL_CODE,ORG_CODE,IS_VIDEO_TERMINAL,SP_SERVER_NAME,PROTOCOL_TYPE,CHANNELS,YT_PROTOCOL_TYPE) values(241485, 4, 25485, '1005484', 'B0000803',1,'1076测试服务器','4',8,'0');
insert into V_VEHICLEINFO (ORG_CODE,VEHICLE_ID,ID_NUMBER,TYPE_ID,TERMINAL_ID,DELETE_FLAG,COLOR_ID_NUMBER_ID,AUTHORIZED_PAY_MASS) values ('B0000803','2401485', '测B05484', 4, 241485, 0, '2',15);

insert into T_SIMINFO (SIM_ID, ORG_CODE, DEPTCODE, STATE,PAY_MODLE, SIM_NUM) values(25486, 'B0000803', '中国移动', 1, '预付费', 13100005485);
insert into T_TERMINALINFO (TERMINAL_ID,TTYPE_ID,SIM_ID,TERMINAL_CODE,ORG_CODE,IS_VIDEO_TERMINAL,SP_SERVER_NAME,PROTOCOL_TYPE,CHANNELS,YT_PROTOCOL_TYPE) values(241486, 4, 25486, '1005485', 'B0000803',1,'1076测试服务器','4',8,'0');
insert into V_VEHICLEINFO (ORG_CODE,VEHICLE_ID,ID_NUMBER,TYPE_ID,TERMINAL_ID,DELETE_FLAG,COLOR_ID_NUMBER_ID,AUTHORIZED_PAY_MASS) values ('B0000803','2401486', '测B05485', 4, 241486, 0, '2',15);

insert into T_SIMINFO (SIM_ID, ORG_CODE, DEPTCODE, STATE,PAY_MODLE, SIM_NUM) values(25487, 'B0000803', '中国移动', 1, '预付费', 13100005486);
insert into T_TERMINALINFO (TERMINAL_ID,TTYPE_ID,SIM_ID,TERMINAL_CODE,ORG_CODE,IS_VIDEO_TERMINAL,SP_SERVER_NAME,PROTOCOL_TYPE,CHANNELS,YT_PROTOCOL_TYPE) values(241487, 4, 25487, '1005486', 'B0000803',1,'1076测试服务器','4',8,'0');
insert into V_VEHICLEINFO (ORG_CODE,VEHICLE_ID,ID_NUMBER,TYPE_ID,TERMINAL_ID,DELETE_FLAG,COLOR_ID_NUMBER_ID,AUTHORIZED_PAY_MASS) values ('B0000803','2401487', '测B05486', 4, 241487, 0, '2',15);

insert into T_SIMINFO (SIM_ID, ORG_CODE, DEPTCODE, STATE,PAY_MODLE, SIM_NUM) values(25488, 'B0000803', '中国移动', 1, '预付费', 13100005487);
insert into T_TERMINALINFO (TERMINAL_ID,TTYPE_ID,SIM_ID,TERMINAL_CODE,ORG_CODE,IS_VIDEO_TERMINAL,SP_SERVER_NAME,PROTOCOL_TYPE,CHANNELS,YT_PROTOCOL_TYPE) values(241488, 4, 25488, '1005487', 'B0000803',1,'1076测试服务器','4',8,'0');
insert into V_VEHICLEINFO (ORG_CODE,VEHICLE_ID,ID_NUMBER,TYPE_ID,TERMINAL_ID,DELETE_FLAG,COLOR_ID_NUMBER_ID,AUTHORIZED_PAY_MASS) values ('B0000803','2401488', '测B05487', 4, 241488, 0, '2',15);

insert into T_SIMINFO (SIM_ID, ORG_CODE, DEPTCODE, STATE,PAY_MODLE, SIM_NUM) values(25489, 'B0000803', '中国移动', 1, '预付费', 13100005488);
insert into T_TERMINALINFO (TERMINAL_ID,TTYPE_ID,SIM_ID,TERMINAL_CODE,ORG_CODE,IS_VIDEO_TERMINAL,SP_SERVER_NAME,PROTOCOL_TYPE,CHANNELS,YT_PROTOCOL_TYPE) values(241489, 4, 25489, '1005488', 'B0000803',1,'1076测试服务器','4',8,'0');
insert into V_VEHICLEINFO (ORG_CODE,VEHICLE_ID,ID_NUMBER,TYPE_ID,TERMINAL_ID,DELETE_FLAG,COLOR_ID_NUMBER_ID,AUTHORIZED_PAY_MASS) values ('B0000803','2401489', '测B05488', 4, 241489, 0, '2',15);

insert into T_SIMINFO (SIM_ID, ORG_CODE, DEPTCODE, STATE,PAY_MODLE, SIM_NUM) values(25490, 'B0000803', '中国移动', 1, '预付费', 13100005489);
insert into T_TERMINALINFO (TERMINAL_ID,TTYPE_ID,SIM_ID,TERMINAL_CODE,ORG_CODE,IS_VIDEO_TERMINAL,SP_SERVER_NAME,PROTOCOL_TYPE,CHANNELS,YT_PROTOCOL_TYPE) values(241490, 4, 25490, '1005489', 'B0000803',1,'1076测试服务器','4',8,'0');
insert into V_VEHICLEINFO (ORG_CODE,VEHICLE_ID,ID_NUMBER,TYPE_ID,TERMINAL_ID,DELETE_FLAG,COLOR_ID_NUMBER_ID,AUTHORIZED_PAY_MASS) values ('B0000803','2401490', '测B05489', 4, 241490, 0, '2',15);

insert into T_SIMINFO (SIM_ID, ORG_CODE, DEPTCODE, STATE,PAY_MODLE, SIM_NUM) values(25491, 'B0000803', '中国移动', 1, '预付费', 13100005490);
insert into T_TERMINALINFO (TERMINAL_ID,TTYPE_ID,SIM_ID,TERMINAL_CODE,ORG_CODE,IS_VIDEO_TERMINAL,SP_SERVER_NAME,PROTOCOL_TYPE,CHANNELS,YT_PROTOCOL_TYPE) values(241491, 4, 25491, '1005490', 'B0000803',1,'1076测试服务器','4',8,'0');
insert into V_VEHICLEINFO (ORG_CODE,VEHICLE_ID,ID_NUMBER,TYPE_ID,TERMINAL_ID,DELETE_FLAG,COLOR_ID_NUMBER_ID,AUTHORIZED_PAY_MASS) values ('B0000803','2401491', '测B05490', 4, 241491, 0, '2',15);

insert into T_SIMINFO (SIM_ID, ORG_CODE, DEPTCODE, STATE,PAY_MODLE, SIM_NUM) values(25492, 'B0000803', '中国移动', 1, '预付费', 13100005491);
insert into T_TERMINALINFO (TERMINAL_ID,TTYPE_ID,SIM_ID,TERMINAL_CODE,ORG_CODE,IS_VIDEO_TERMINAL,SP_SERVER_NAME,PROTOCOL_TYPE,CHANNELS,YT_PROTOCOL_TYPE) values(241492, 4, 25492, '1005491', 'B0000803',1,'1076测试服务器','4',8,'0');
insert into V_VEHICLEINFO (ORG_CODE,VEHICLE_ID,ID_NUMBER,TYPE_ID,TERMINAL_ID,DELETE_FLAG,COLOR_ID_NUMBER_ID,AUTHORIZED_PAY_MASS) values ('B0000803','2401492', '测B05491', 4, 241492, 0, '2',15);

insert into T_SIMINFO (SIM_ID, ORG_CODE, DEPTCODE, STATE,PAY_MODLE, SIM_NUM) values(25493, 'B0000803', '中国移动', 1, '预付费', 13100005492);
insert into T_TERMINALINFO (TERMINAL_ID,TTYPE_ID,SIM_ID,TERMINAL_CODE,ORG_CODE,IS_VIDEO_TERMINAL,SP_SERVER_NAME,PROTOCOL_TYPE,CHANNELS,YT_PROTOCOL_TYPE) values(241493, 4, 25493, '1005492', 'B0000803',1,'1076测试服务器','4',8,'0');
insert into V_VEHICLEINFO (ORG_CODE,VEHICLE_ID,ID_NUMBER,TYPE_ID,TERMINAL_ID,DELETE_FLAG,COLOR_ID_NUMBER_ID,AUTHORIZED_PAY_MASS) values ('B0000803','2401493', '测B05492', 4, 241493, 0, '2',15);

insert into T_SIMINFO (SIM_ID, ORG_CODE, DEPTCODE, STATE,PAY_MODLE, SIM_NUM) values(25494, 'B0000803', '中国移动', 1, '预付费', 13100005493);
insert into T_TERMINALINFO (TERMINAL_ID,TTYPE_ID,SIM_ID,TERMINAL_CODE,ORG_CODE,IS_VIDEO_TERMINAL,SP_SERVER_NAME,PROTOCOL_TYPE,CHANNELS,YT_PROTOCOL_TYPE) values(241494, 4, 25494, '1005493', 'B0000803',1,'1076测试服务器','4',8,'0');
insert into V_VEHICLEINFO (ORG_CODE,VEHICLE_ID,ID_NUMBER,TYPE_ID,TERMINAL_ID,DELETE_FLAG,COLOR_ID_NUMBER_ID,AUTHORIZED_PAY_MASS) values ('B0000803','2401494', '测B05493', 4, 241494, 0, '2',15);

insert into T_SIMINFO (SIM_ID, ORG_CODE, DEPTCODE, STATE,PAY_MODLE, SIM_NUM) values(25495, 'B0000803', '中国移动', 1, '预付费', 13100005494);
insert into T_TERMINALINFO (TERMINAL_ID,TTYPE_ID,SIM_ID,TERMINAL_CODE,ORG_CODE,IS_VIDEO_TERMINAL,SP_SERVER_NAME,PROTOCOL_TYPE,CHANNELS,YT_PROTOCOL_TYPE) values(241495, 4, 25495, '1005494', 'B0000803',1,'1076测试服务器','4',8,'0');
insert into V_VEHICLEINFO (ORG_CODE,VEHICLE_ID,ID_NUMBER,TYPE_ID,TERMINAL_ID,DELETE_FLAG,COLOR_ID_NUMBER_ID,AUTHORIZED_PAY_MASS) values ('B0000803','2401495', '测B05494', 4, 241495, 0, '2',15);

insert into T_SIMINFO (SIM_ID, ORG_CODE, DEPTCODE, STATE,PAY_MODLE, SIM_NUM) values(25496, 'B0000803', '中国移动', 1, '预付费', 13100005495);
insert into T_TERMINALINFO (TERMINAL_ID,TTYPE_ID,SIM_ID,TERMINAL_CODE,ORG_CODE,IS_VIDEO_TERMINAL,SP_SERVER_NAME,PROTOCOL_TYPE,CHANNELS,YT_PROTOCOL_TYPE) values(241496, 4, 25496, '1005495', 'B0000803',1,'1076测试服务器','4',8,'0');
insert into V_VEHICLEINFO (ORG_CODE,VEHICLE_ID,ID_NUMBER,TYPE_ID,TERMINAL_ID,DELETE_FLAG,COLOR_ID_NUMBER_ID,AUTHORIZED_PAY_MASS) values ('B0000803','2401496', '测B05495', 4, 241496, 0, '2',15);

insert into T_SIMINFO (SIM_ID, ORG_CODE, DEPTCODE, STATE,PAY_MODLE, SIM_NUM) values(25497, 'B0000803', '中国移动', 1, '预付费', 13100005496);
insert into T_TERMINALINFO (TERMINAL_ID,TTYPE_ID,SIM_ID,TERMINAL_CODE,ORG_CODE,IS_VIDEO_TERMINAL,SP_SERVER_NAME,PROTOCOL_TYPE,CHANNELS,YT_PROTOCOL_TYPE) values(241497, 4, 25497, '1005496', 'B0000803',1,'1076测试服务器','4',8,'0');
insert into V_VEHICLEINFO (ORG_CODE,VEHICLE_ID,ID_NUMBER,TYPE_ID,TERMINAL_ID,DELETE_FLAG,COLOR_ID_NUMBER_ID,AUTHORIZED_PAY_MASS) values ('B0000803','2401497', '测B05496', 4, 241497, 0, '2',15);

insert into T_SIMINFO (SIM_ID, ORG_CODE, DEPTCODE, STATE,PAY_MODLE, SIM_NUM) values(25498, 'B0000803', '中国移动', 1, '预付费', 13100005497);
insert into T_TERMINALINFO (TERMINAL_ID,TTYPE_ID,SIM_ID,TERMINAL_CODE,ORG_CODE,IS_VIDEO_TERMINAL,SP_SERVER_NAME,PROTOCOL_TYPE,CHANNELS,YT_PROTOCOL_TYPE) values(241498, 4, 25498, '1005497', 'B0000803',1,'1076测试服务器','4',8,'0');
insert into V_VEHICLEINFO (ORG_CODE,VEHICLE_ID,ID_NUMBER,TYPE_ID,TERMINAL_ID,DELETE_FLAG,COLOR_ID_NUMBER_ID,AUTHORIZED_PAY_MASS) values ('B0000803','2401498', '测B05497', 4, 241498, 0, '2',15);

insert into T_SIMINFO (SIM_ID, ORG_CODE, DEPTCODE, STATE,PAY_MODLE, SIM_NUM) values(25499, 'B0000803', '中国移动', 1, '预付费', 13100005498);
insert into T_TERMINALINFO (TERMINAL_ID,TTYPE_ID,SIM_ID,TERMINAL_CODE,ORG_CODE,IS_VIDEO_TERMINAL,SP_SERVER_NAME,PROTOCOL_TYPE,CHANNELS,YT_PROTOCOL_TYPE) values(241499, 4, 25499, '1005498', 'B0000803',1,'1076测试服务器','4',8,'0');
insert into V_VEHICLEINFO (ORG_CODE,VEHICLE_ID,ID_NUMBER,TYPE_ID,TERMINAL_ID,DELETE_FLAG,COLOR_ID_NUMBER_ID,AUTHORIZED_PAY_MASS) values ('B0000803','2401499', '测B05498', 4, 241499, 0, '2',15);

insert into T_SIMINFO (SIM_ID, ORG_CODE, DEPTCODE, STATE,PAY_MODLE, SIM_NUM) values(25500, 'B0000803', '中国移动', 1, '预付费', 13100005499);
insert into T_TERMINALINFO (TERMINAL_ID,TTYPE_ID,SIM_ID,TERMINAL_CODE,ORG_CODE,IS_VIDEO_TERMINAL,SP_SERVER_NAME,PROTOCOL_TYPE,CHANNELS,YT_PROTOCOL_TYPE) values(241500, 4, 25500, '1005499', 'B0000803',1,'1076测试服务器','4',8,'0');
insert into V_VEHICLEINFO (ORG_CODE,VEHICLE_ID,ID_NUMBER,TYPE_ID,TERMINAL_ID,DELETE_FLAG,COLOR_ID_NUMBER_ID,AUTHORIZED_PAY_MASS) values ('B0000803','2401500', '测B05499', 4, 241500, 0, '2',15);

insert into T_SIMINFO (SIM_ID, ORG_CODE, DEPTCODE, STATE,PAY_MODLE, SIM_NUM) values(25501, 'B0000803', '中国移动', 1, '预付费', 13100005500);
insert into T_TERMINALINFO (TERMINAL_ID,TTYPE_ID,SIM_ID,TERMINAL_CODE,ORG_CODE,IS_VIDEO_TERMINAL,SP_SERVER_NAME,PROTOCOL_TYPE,CHANNELS,YT_PROTOCOL_TYPE) values(241501, 4, 25501, '1005500', 'B0000803',1,'1076测试服务器','4',8,'0');
insert into V_VEHICLEINFO (ORG_CODE,VEHICLE_ID,ID_NUMBER,TYPE_ID,TERMINAL_ID,DELETE_FLAG,COLOR_ID_NUMBER_ID,AUTHORIZED_PAY_MASS) values ('B0000803','2401501', '测B05500', 4, 241501, 0, '2',15);

insert into T_SIMINFO (SIM_ID, ORG_CODE, DEPTCODE, STATE,PAY_MODLE, SIM_NUM) values(25502, 'B0000803', '中国移动', 1, '预付费', 13100005501);
insert into T_TERMINALINFO (TERMINAL_ID,TTYPE_ID,SIM_ID,TERMINAL_CODE,ORG_CODE,IS_VIDEO_TERMINAL,SP_SERVER_NAME,PROTOCOL_TYPE,CHANNELS,YT_PROTOCOL_TYPE) values(241502, 4, 25502, '1005501', 'B0000803',1,'1076测试服务器','4',8,'0');
insert into V_VEHICLEINFO (ORG_CODE,VEHICLE_ID,ID_NUMBER,TYPE_ID,TERMINAL_ID,DELETE_FLAG,COLOR_ID_NUMBER_ID,AUTHORIZED_PAY_MASS) values ('B0000803','2401502', '测B05501', 4, 241502, 0, '2',15);

insert into T_SIMINFO (SIM_ID, ORG_CODE, DEPTCODE, STATE,PAY_MODLE, SIM_NUM) values(25503, 'B0000803', '中国移动', 1, '预付费', 13100005502);
insert into T_TERMINALINFO (TERMINAL_ID,TTYPE_ID,SIM_ID,TERMINAL_CODE,ORG_CODE,IS_VIDEO_TERMINAL,SP_SERVER_NAME,PROTOCOL_TYPE,CHANNELS,YT_PROTOCOL_TYPE) values(241503, 4, 25503, '1005502', 'B0000803',1,'1076测试服务器','4',8,'0');
insert into V_VEHICLEINFO (ORG_CODE,VEHICLE_ID,ID_NUMBER,TYPE_ID,TERMINAL_ID,DELETE_FLAG,COLOR_ID_NUMBER_ID,AUTHORIZED_PAY_MASS) values ('B0000803','2401503', '测B05502', 4, 241503, 0, '2',15);

insert into T_SIMINFO (SIM_ID, ORG_CODE, DEPTCODE, STATE,PAY_MODLE, SIM_NUM) values(25504, 'B0000803', '中国移动', 1, '预付费', 13100005503);
insert into T_TERMINALINFO (TERMINAL_ID,TTYPE_ID,SIM_ID,TERMINAL_CODE,ORG_CODE,IS_VIDEO_TERMINAL,SP_SERVER_NAME,PROTOCOL_TYPE,CHANNELS,YT_PROTOCOL_TYPE) values(241504, 4, 25504, '1005503', 'B0000803',1,'1076测试服务器','4',8,'0');
insert into V_VEHICLEINFO (ORG_CODE,VEHICLE_ID,ID_NUMBER,TYPE_ID,TERMINAL_ID,DELETE_FLAG,COLOR_ID_NUMBER_ID,AUTHORIZED_PAY_MASS) values ('B0000803','2401504', '测B05503', 4, 241504, 0, '2',15);

insert into T_SIMINFO (SIM_ID, ORG_CODE, DEPTCODE, STATE,PAY_MODLE, SIM_NUM) values(25505, 'B0000803', '中国移动', 1, '预付费', 13100005504);
insert into T_TERMINALINFO (TERMINAL_ID,TTYPE_ID,SIM_ID,TERMINAL_CODE,ORG_CODE,IS_VIDEO_TERMINAL,SP_SERVER_NAME,PROTOCOL_TYPE,CHANNELS,YT_PROTOCOL_TYPE) values(241505, 4, 25505, '1005504', 'B0000803',1,'1076测试服务器','4',8,'0');
insert into V_VEHICLEINFO (ORG_CODE,VEHICLE_ID,ID_NUMBER,TYPE_ID,TERMINAL_ID,DELETE_FLAG,COLOR_ID_NUMBER_ID,AUTHORIZED_PAY_MASS) values ('B0000803','2401505', '测B05504', 4, 241505, 0, '2',15);

insert into T_SIMINFO (SIM_ID, ORG_CODE, DEPTCODE, STATE,PAY_MODLE, SIM_NUM) values(25506, 'B0000803', '中国移动', 1, '预付费', 13100005505);
insert into T_TERMINALINFO (TERMINAL_ID,TTYPE_ID,SIM_ID,TERMINAL_CODE,ORG_CODE,IS_VIDEO_TERMINAL,SP_SERVER_NAME,PROTOCOL_TYPE,CHANNELS,YT_PROTOCOL_TYPE) values(241506, 4, 25506, '1005505', 'B0000803',1,'1076测试服务器','4',8,'0');
insert into V_VEHICLEINFO (ORG_CODE,VEHICLE_ID,ID_NUMBER,TYPE_ID,TERMINAL_ID,DELETE_FLAG,COLOR_ID_NUMBER_ID,AUTHORIZED_PAY_MASS) values ('B0000803','2401506', '测B05505', 4, 241506, 0, '2',15);

insert into T_SIMINFO (SIM_ID, ORG_CODE, DEPTCODE, STATE,PAY_MODLE, SIM_NUM) values(25507, 'B0000803', '中国移动', 1, '预付费', 13100005506);
insert into T_TERMINALINFO (TERMINAL_ID,TTYPE_ID,SIM_ID,TERMINAL_CODE,ORG_CODE,IS_VIDEO_TERMINAL,SP_SERVER_NAME,PROTOCOL_TYPE,CHANNELS,YT_PROTOCOL_TYPE) values(241507, 4, 25507, '1005506', 'B0000803',1,'1076测试服务器','4',8,'0');
insert into V_VEHICLEINFO (ORG_CODE,VEHICLE_ID,ID_NUMBER,TYPE_ID,TERMINAL_ID,DELETE_FLAG,COLOR_ID_NUMBER_ID,AUTHORIZED_PAY_MASS) values ('B0000803','2401507', '测B05506', 4, 241507, 0, '2',15);

insert into T_SIMINFO (SIM_ID, ORG_CODE, DEPTCODE, STATE,PAY_MODLE, SIM_NUM) values(25508, 'B0000803', '中国移动', 1, '预付费', 13100005507);
insert into T_TERMINALINFO (TERMINAL_ID,TTYPE_ID,SIM_ID,TERMINAL_CODE,ORG_CODE,IS_VIDEO_TERMINAL,SP_SERVER_NAME,PROTOCOL_TYPE,CHANNELS,YT_PROTOCOL_TYPE) values(241508, 4, 25508, '1005507', 'B0000803',1,'1076测试服务器','4',8,'0');
insert into V_VEHICLEINFO (ORG_CODE,VEHICLE_ID,ID_NUMBER,TYPE_ID,TERMINAL_ID,DELETE_FLAG,COLOR_ID_NUMBER_ID,AUTHORIZED_PAY_MASS) values ('B0000803','2401508', '测B05507', 4, 241508, 0, '2',15);

insert into T_SIMINFO (SIM_ID, ORG_CODE, DEPTCODE, STATE,PAY_MODLE, SIM_NUM) values(25509, 'B0000803', '中国移动', 1, '预付费', 13100005508);
insert into T_TERMINALINFO (TERMINAL_ID,TTYPE_ID,SIM_ID,TERMINAL_CODE,ORG_CODE,IS_VIDEO_TERMINAL,SP_SERVER_NAME,PROTOCOL_TYPE,CHANNELS,YT_PROTOCOL_TYPE) values(241509, 4, 25509, '1005508', 'B0000803',1,'1076测试服务器','4',8,'0');
insert into V_VEHICLEINFO (ORG_CODE,VEHICLE_ID,ID_NUMBER,TYPE_ID,TERMINAL_ID,DELETE_FLAG,COLOR_ID_NUMBER_ID,AUTHORIZED_PAY_MASS) values ('B0000803','2401509', '测B05508', 4, 241509, 0, '2',15);

insert into T_SIMINFO (SIM_ID, ORG_CODE, DEPTCODE, STATE,PAY_MODLE, SIM_NUM) values(25510, 'B0000803', '中国移动', 1, '预付费', 13100005509);
insert into T_TERMINALINFO (TERMINAL_ID,TTYPE_ID,SIM_ID,TERMINAL_CODE,ORG_CODE,IS_VIDEO_TERMINAL,SP_SERVER_NAME,PROTOCOL_TYPE,CHANNELS,YT_PROTOCOL_TYPE) values(241510, 4, 25510, '1005509', 'B0000803',1,'1076测试服务器','4',8,'0');
insert into V_VEHICLEINFO (ORG_CODE,VEHICLE_ID,ID_NUMBER,TYPE_ID,TERMINAL_ID,DELETE_FLAG,COLOR_ID_NUMBER_ID,AUTHORIZED_PAY_MASS) values ('B0000803','2401510', '测B05509', 4, 241510, 0, '2',15);

insert into T_SIMINFO (SIM_ID, ORG_CODE, DEPTCODE, STATE,PAY_MODLE, SIM_NUM) values(25511, 'B0000803', '中国移动', 1, '预付费', 13100005510);
insert into T_TERMINALINFO (TERMINAL_ID,TTYPE_ID,SIM_ID,TERMINAL_CODE,ORG_CODE,IS_VIDEO_TERMINAL,SP_SERVER_NAME,PROTOCOL_TYPE,CHANNELS,YT_PROTOCOL_TYPE) values(241511, 4, 25511, '1005510', 'B0000803',1,'1076测试服务器','4',8,'0');
insert into V_VEHICLEINFO (ORG_CODE,VEHICLE_ID,ID_NUMBER,TYPE_ID,TERMINAL_ID,DELETE_FLAG,COLOR_ID_NUMBER_ID,AUTHORIZED_PAY_MASS) values ('B0000803','2401511', '测B05510', 4, 241511, 0, '2',15);

insert into T_SIMINFO (SIM_ID, ORG_CODE, DEPTCODE, STATE,PAY_MODLE, SIM_NUM) values(25512, 'B0000803', '中国移动', 1, '预付费', 13100005511);
insert into T_TERMINALINFO (TERMINAL_ID,TTYPE_ID,SIM_ID,TERMINAL_CODE,ORG_CODE,IS_VIDEO_TERMINAL,SP_SERVER_NAME,PROTOCOL_TYPE,CHANNELS,YT_PROTOCOL_TYPE) values(241512, 4, 25512, '1005511', 'B0000803',1,'1076测试服务器','4',8,'0');
insert into V_VEHICLEINFO (ORG_CODE,VEHICLE_ID,ID_NUMBER,TYPE_ID,TERMINAL_ID,DELETE_FLAG,COLOR_ID_NUMBER_ID,AUTHORIZED_PAY_MASS) values ('B0000803','2401512', '测B05511', 4, 241512, 0, '2',15);

insert into T_SIMINFO (SIM_ID, ORG_CODE, DEPTCODE, STATE,PAY_MODLE, SIM_NUM) values(25513, 'B0000803', '中国移动', 1, '预付费', 13100005512);
insert into T_TERMINALINFO (TERMINAL_ID,TTYPE_ID,SIM_ID,TERMINAL_CODE,ORG_CODE,IS_VIDEO_TERMINAL,SP_SERVER_NAME,PROTOCOL_TYPE,CHANNELS,YT_PROTOCOL_TYPE) values(241513, 4, 25513, '1005512', 'B0000803',1,'1076测试服务器','4',8,'0');
insert into V_VEHICLEINFO (ORG_CODE,VEHICLE_ID,ID_NUMBER,TYPE_ID,TERMINAL_ID,DELETE_FLAG,COLOR_ID_NUMBER_ID,AUTHORIZED_PAY_MASS) values ('B0000803','2401513', '测B05512', 4, 241513, 0, '2',15);

insert into T_SIMINFO (SIM_ID, ORG_CODE, DEPTCODE, STATE,PAY_MODLE, SIM_NUM) values(25514, 'B0000803', '中国移动', 1, '预付费', 13100005513);
insert into T_TERMINALINFO (TERMINAL_ID,TTYPE_ID,SIM_ID,TERMINAL_CODE,ORG_CODE,IS_VIDEO_TERMINAL,SP_SERVER_NAME,PROTOCOL_TYPE,CHANNELS,YT_PROTOCOL_TYPE) values(241514, 4, 25514, '1005513', 'B0000803',1,'1076测试服务器','4',8,'0');
insert into V_VEHICLEINFO (ORG_CODE,VEHICLE_ID,ID_NUMBER,TYPE_ID,TERMINAL_ID,DELETE_FLAG,COLOR_ID_NUMBER_ID,AUTHORIZED_PAY_MASS) values ('B0000803','2401514', '测B05513', 4, 241514, 0, '2',15);

insert into T_SIMINFO (SIM_ID, ORG_CODE, DEPTCODE, STATE,PAY_MODLE, SIM_NUM) values(25515, 'B0000803', '中国移动', 1, '预付费', 13100005514);
insert into T_TERMINALINFO (TERMINAL_ID,TTYPE_ID,SIM_ID,TERMINAL_CODE,ORG_CODE,IS_VIDEO_TERMINAL,SP_SERVER_NAME,PROTOCOL_TYPE,CHANNELS,YT_PROTOCOL_TYPE) values(241515, 4, 25515, '1005514', 'B0000803',1,'1076测试服务器','4',8,'0');
insert into V_VEHICLEINFO (ORG_CODE,VEHICLE_ID,ID_NUMBER,TYPE_ID,TERMINAL_ID,DELETE_FLAG,COLOR_ID_NUMBER_ID,AUTHORIZED_PAY_MASS) values ('B0000803','2401515', '测B05514', 4, 241515, 0, '2',15);

insert into T_SIMINFO (SIM_ID, ORG_CODE, DEPTCODE, STATE,PAY_MODLE, SIM_NUM) values(25516, 'B0000803', '中国移动', 1, '预付费', 13100005515);
insert into T_TERMINALINFO (TERMINAL_ID,TTYPE_ID,SIM_ID,TERMINAL_CODE,ORG_CODE,IS_VIDEO_TERMINAL,SP_SERVER_NAME,PROTOCOL_TYPE,CHANNELS,YT_PROTOCOL_TYPE) values(241516, 4, 25516, '1005515', 'B0000803',1,'1076测试服务器','4',8,'0');
insert into V_VEHICLEINFO (ORG_CODE,VEHICLE_ID,ID_NUMBER,TYPE_ID,TERMINAL_ID,DELETE_FLAG,COLOR_ID_NUMBER_ID,AUTHORIZED_PAY_MASS) values ('B0000803','2401516', '测B05515', 4, 241516, 0, '2',15);

insert into T_SIMINFO (SIM_ID, ORG_CODE, DEPTCODE, STATE,PAY_MODLE, SIM_NUM) values(25517, 'B0000803', '中国移动', 1, '预付费', 13100005516);
insert into T_TERMINALINFO (TERMINAL_ID,TTYPE_ID,SIM_ID,TERMINAL_CODE,ORG_CODE,IS_VIDEO_TERMINAL,SP_SERVER_NAME,PROTOCOL_TYPE,CHANNELS,YT_PROTOCOL_TYPE) values(241517, 4, 25517, '1005516', 'B0000803',1,'1076测试服务器','4',8,'0');
insert into V_VEHICLEINFO (ORG_CODE,VEHICLE_ID,ID_NUMBER,TYPE_ID,TERMINAL_ID,DELETE_FLAG,COLOR_ID_NUMBER_ID,AUTHORIZED_PAY_MASS) values ('B0000803','2401517', '测B05516', 4, 241517, 0, '2',15);

insert into T_SIMINFO (SIM_ID, ORG_CODE, DEPTCODE, STATE,PAY_MODLE, SIM_NUM) values(25518, 'B0000803', '中国移动', 1, '预付费', 13100005517);
insert into T_TERMINALINFO (TERMINAL_ID,TTYPE_ID,SIM_ID,TERMINAL_CODE,ORG_CODE,IS_VIDEO_TERMINAL,SP_SERVER_NAME,PROTOCOL_TYPE,CHANNELS,YT_PROTOCOL_TYPE) values(241518, 4, 25518, '1005517', 'B0000803',1,'1076测试服务器','4',8,'0');
insert into V_VEHICLEINFO (ORG_CODE,VEHICLE_ID,ID_NUMBER,TYPE_ID,TERMINAL_ID,DELETE_FLAG,COLOR_ID_NUMBER_ID,AUTHORIZED_PAY_MASS) values ('B0000803','2401518', '测B05517', 4, 241518, 0, '2',15);

insert into T_SIMINFO (SIM_ID, ORG_CODE, DEPTCODE, STATE,PAY_MODLE, SIM_NUM) values(25519, 'B0000803', '中国移动', 1, '预付费', 13100005518);
insert into T_TERMINALINFO (TERMINAL_ID,TTYPE_ID,SIM_ID,TERMINAL_CODE,ORG_CODE,IS_VIDEO_TERMINAL,SP_SERVER_NAME,PROTOCOL_TYPE,CHANNELS,YT_PROTOCOL_TYPE) values(241519, 4, 25519, '1005518', 'B0000803',1,'1076测试服务器','4',8,'0');
insert into V_VEHICLEINFO (ORG_CODE,VEHICLE_ID,ID_NUMBER,TYPE_ID,TERMINAL_ID,DELETE_FLAG,COLOR_ID_NUMBER_ID,AUTHORIZED_PAY_MASS) values ('B0000803','2401519', '测B05518', 4, 241519, 0, '2',15);

insert into T_SIMINFO (SIM_ID, ORG_CODE, DEPTCODE, STATE,PAY_MODLE, SIM_NUM) values(25520, 'B0000803', '中国移动', 1, '预付费', 13100005519);
insert into T_TERMINALINFO (TERMINAL_ID,TTYPE_ID,SIM_ID,TERMINAL_CODE,ORG_CODE,IS_VIDEO_TERMINAL,SP_SERVER_NAME,PROTOCOL_TYPE,CHANNELS,YT_PROTOCOL_TYPE) values(241520, 4, 25520, '1005519', 'B0000803',1,'1076测试服务器','4',8,'0');
insert into V_VEHICLEINFO (ORG_CODE,VEHICLE_ID,ID_NUMBER,TYPE_ID,TERMINAL_ID,DELETE_FLAG,COLOR_ID_NUMBER_ID,AUTHORIZED_PAY_MASS) values ('B0000803','2401520', '测B05519', 4, 241520, 0, '2',15);

insert into T_SIMINFO (SIM_ID, ORG_CODE, DEPTCODE, STATE,PAY_MODLE, SIM_NUM) values(25521, 'B0000803', '中国移动', 1, '预付费', 13100005520);
insert into T_TERMINALINFO (TERMINAL_ID,TTYPE_ID,SIM_ID,TERMINAL_CODE,ORG_CODE,IS_VIDEO_TERMINAL,SP_SERVER_NAME,PROTOCOL_TYPE,CHANNELS,YT_PROTOCOL_TYPE) values(241521, 4, 25521, '1005520', 'B0000803',1,'1076测试服务器','4',8,'0');
insert into V_VEHICLEINFO (ORG_CODE,VEHICLE_ID,ID_NUMBER,TYPE_ID,TERMINAL_ID,DELETE_FLAG,COLOR_ID_NUMBER_ID,AUTHORIZED_PAY_MASS) values ('B0000803','2401521', '测B05520', 4, 241521, 0, '2',15);

insert into T_SIMINFO (SIM_ID, ORG_CODE, DEPTCODE, STATE,PAY_MODLE, SIM_NUM) values(25522, 'B0000803', '中国移动', 1, '预付费', 13100005521);
insert into T_TERMINALINFO (TERMINAL_ID,TTYPE_ID,SIM_ID,TERMINAL_CODE,ORG_CODE,IS_VIDEO_TERMINAL,SP_SERVER_NAME,PROTOCOL_TYPE,CHANNELS,YT_PROTOCOL_TYPE) values(241522, 4, 25522, '1005521', 'B0000803',1,'1076测试服务器','4',8,'0');
insert into V_VEHICLEINFO (ORG_CODE,VEHICLE_ID,ID_NUMBER,TYPE_ID,TERMINAL_ID,DELETE_FLAG,COLOR_ID_NUMBER_ID,AUTHORIZED_PAY_MASS) values ('B0000803','2401522', '测B05521', 4, 241522, 0, '2',15);

insert into T_SIMINFO (SIM_ID, ORG_CODE, DEPTCODE, STATE,PAY_MODLE, SIM_NUM) values(25523, 'B0000803', '中国移动', 1, '预付费', 13100005522);
insert into T_TERMINALINFO (TERMINAL_ID,TTYPE_ID,SIM_ID,TERMINAL_CODE,ORG_CODE,IS_VIDEO_TERMINAL,SP_SERVER_NAME,PROTOCOL_TYPE,CHANNELS,YT_PROTOCOL_TYPE) values(241523, 4, 25523, '1005522', 'B0000803',1,'1076测试服务器','4',8,'0');
insert into V_VEHICLEINFO (ORG_CODE,VEHICLE_ID,ID_NUMBER,TYPE_ID,TERMINAL_ID,DELETE_FLAG,COLOR_ID_NUMBER_ID,AUTHORIZED_PAY_MASS) values ('B0000803','2401523', '测B05522', 4, 241523, 0, '2',15);

insert into T_SIMINFO (SIM_ID, ORG_CODE, DEPTCODE, STATE,PAY_MODLE, SIM_NUM) values(25524, 'B0000803', '中国移动', 1, '预付费', 13100005523);
insert into T_TERMINALINFO (TERMINAL_ID,TTYPE_ID,SIM_ID,TERMINAL_CODE,ORG_CODE,IS_VIDEO_TERMINAL,SP_SERVER_NAME,PROTOCOL_TYPE,CHANNELS,YT_PROTOCOL_TYPE) values(241524, 4, 25524, '1005523', 'B0000803',1,'1076测试服务器','4',8,'0');
insert into V_VEHICLEINFO (ORG_CODE,VEHICLE_ID,ID_NUMBER,TYPE_ID,TERMINAL_ID,DELETE_FLAG,COLOR_ID_NUMBER_ID,AUTHORIZED_PAY_MASS) values ('B0000803','2401524', '测B05523', 4, 241524, 0, '2',15);

insert into T_SIMINFO (SIM_ID, ORG_CODE, DEPTCODE, STATE,PAY_MODLE, SIM_NUM) values(25525, 'B0000803', '中国移动', 1, '预付费', 13100005524);
insert into T_TERMINALINFO (TERMINAL_ID,TTYPE_ID,SIM_ID,TERMINAL_CODE,ORG_CODE,IS_VIDEO_TERMINAL,SP_SERVER_NAME,PROTOCOL_TYPE,CHANNELS,YT_PROTOCOL_TYPE) values(241525, 4, 25525, '1005524', 'B0000803',1,'1076测试服务器','4',8,'0');
insert into V_VEHICLEINFO (ORG_CODE,VEHICLE_ID,ID_NUMBER,TYPE_ID,TERMINAL_ID,DELETE_FLAG,COLOR_ID_NUMBER_ID,AUTHORIZED_PAY_MASS) values ('B0000803','2401525', '测B05524', 4, 241525, 0, '2',15);

insert into T_SIMINFO (SIM_ID, ORG_CODE, DEPTCODE, STATE,PAY_MODLE, SIM_NUM) values(25526, 'B0000803', '中国移动', 1, '预付费', 13100005525);
insert into T_TERMINALINFO (TERMINAL_ID,TTYPE_ID,SIM_ID,TERMINAL_CODE,ORG_CODE,IS_VIDEO_TERMINAL,SP_SERVER_NAME,PROTOCOL_TYPE,CHANNELS,YT_PROTOCOL_TYPE) values(241526, 4, 25526, '1005525', 'B0000803',1,'1076测试服务器','4',8,'0');
insert into V_VEHICLEINFO (ORG_CODE,VEHICLE_ID,ID_NUMBER,TYPE_ID,TERMINAL_ID,DELETE_FLAG,COLOR_ID_NUMBER_ID,AUTHORIZED_PAY_MASS) values ('B0000803','2401526', '测B05525', 4, 241526, 0, '2',15);

insert into T_SIMINFO (SIM_ID, ORG_CODE, DEPTCODE, STATE,PAY_MODLE, SIM_NUM) values(25527, 'B0000803', '中国移动', 1, '预付费', 13100005526);
insert into T_TERMINALINFO (TERMINAL_ID,TTYPE_ID,SIM_ID,TERMINAL_CODE,ORG_CODE,IS_VIDEO_TERMINAL,SP_SERVER_NAME,PROTOCOL_TYPE,CHANNELS,YT_PROTOCOL_TYPE) values(241527, 4, 25527, '1005526', 'B0000803',1,'1076测试服务器','4',8,'0');
insert into V_VEHICLEINFO (ORG_CODE,VEHICLE_ID,ID_NUMBER,TYPE_ID,TERMINAL_ID,DELETE_FLAG,COLOR_ID_NUMBER_ID,AUTHORIZED_PAY_MASS) values ('B0000803','2401527', '测B05526', 4, 241527, 0, '2',15);

insert into T_SIMINFO (SIM_ID, ORG_CODE, DEPTCODE, STATE,PAY_MODLE, SIM_NUM) values(25528, 'B0000803', '中国移动', 1, '预付费', 13100005527);
insert into T_TERMINALINFO (TERMINAL_ID,TTYPE_ID,SIM_ID,TERMINAL_CODE,ORG_CODE,IS_VIDEO_TERMINAL,SP_SERVER_NAME,PROTOCOL_TYPE,CHANNELS,YT_PROTOCOL_TYPE) values(241528, 4, 25528, '1005527', 'B0000803',1,'1076测试服务器','4',8,'0');
insert into V_VEHICLEINFO (ORG_CODE,VEHICLE_ID,ID_NUMBER,TYPE_ID,TERMINAL_ID,DELETE_FLAG,COLOR_ID_NUMBER_ID,AUTHORIZED_PAY_MASS) values ('B0000803','2401528', '测B05527', 4, 241528, 0, '2',15);

insert into T_SIMINFO (SIM_ID, ORG_CODE, DEPTCODE, STATE,PAY_MODLE, SIM_NUM) values(25529, 'B0000803', '中国移动', 1, '预付费', 13100005528);
insert into T_TERMINALINFO (TERMINAL_ID,TTYPE_ID,SIM_ID,TERMINAL_CODE,ORG_CODE,IS_VIDEO_TERMINAL,SP_SERVER_NAME,PROTOCOL_TYPE,CHANNELS,YT_PROTOCOL_TYPE) values(241529, 4, 25529, '1005528', 'B0000803',1,'1076测试服务器','4',8,'0');
insert into V_VEHICLEINFO (ORG_CODE,VEHICLE_ID,ID_NUMBER,TYPE_ID,TERMINAL_ID,DELETE_FLAG,COLOR_ID_NUMBER_ID,AUTHORIZED_PAY_MASS) values ('B0000803','2401529', '测B05528', 4, 241529, 0, '2',15);

insert into T_SIMINFO (SIM_ID, ORG_CODE, DEPTCODE, STATE,PAY_MODLE, SIM_NUM) values(25530, 'B0000803', '中国移动', 1, '预付费', 13100005529);
insert into T_TERMINALINFO (TERMINAL_ID,TTYPE_ID,SIM_ID,TERMINAL_CODE,ORG_CODE,IS_VIDEO_TERMINAL,SP_SERVER_NAME,PROTOCOL_TYPE,CHANNELS,YT_PROTOCOL_TYPE) values(241530, 4, 25530, '1005529', 'B0000803',1,'1076测试服务器','4',8,'0');
insert into V_VEHICLEINFO (ORG_CODE,VEHICLE_ID,ID_NUMBER,TYPE_ID,TERMINAL_ID,DELETE_FLAG,COLOR_ID_NUMBER_ID,AUTHORIZED_PAY_MASS) values ('B0000803','2401530', '测B05529', 4, 241530, 0, '2',15);

insert into T_SIMINFO (SIM_ID, ORG_CODE, DEPTCODE, STATE,PAY_MODLE, SIM_NUM) values(25531, 'B0000803', '中国移动', 1, '预付费', 13100005530);
insert into T_TERMINALINFO (TERMINAL_ID,TTYPE_ID,SIM_ID,TERMINAL_CODE,ORG_CODE,IS_VIDEO_TERMINAL,SP_SERVER_NAME,PROTOCOL_TYPE,CHANNELS,YT_PROTOCOL_TYPE) values(241531, 4, 25531, '1005530', 'B0000803',1,'1076测试服务器','4',8,'0');
insert into V_VEHICLEINFO (ORG_CODE,VEHICLE_ID,ID_NUMBER,TYPE_ID,TERMINAL_ID,DELETE_FLAG,COLOR_ID_NUMBER_ID,AUTHORIZED_PAY_MASS) values ('B0000803','2401531', '测B05530', 4, 241531, 0, '2',15);

insert into T_SIMINFO (SIM_ID, ORG_CODE, DEPTCODE, STATE,PAY_MODLE, SIM_NUM) values(25532, 'B0000803', '中国移动', 1, '预付费', 13100005531);
insert into T_TERMINALINFO (TERMINAL_ID,TTYPE_ID,SIM_ID,TERMINAL_CODE,ORG_CODE,IS_VIDEO_TERMINAL,SP_SERVER_NAME,PROTOCOL_TYPE,CHANNELS,YT_PROTOCOL_TYPE) values(241532, 4, 25532, '1005531', 'B0000803',1,'1076测试服务器','4',8,'0');
insert into V_VEHICLEINFO (ORG_CODE,VEHICLE_ID,ID_NUMBER,TYPE_ID,TERMINAL_ID,DELETE_FLAG,COLOR_ID_NUMBER_ID,AUTHORIZED_PAY_MASS) values ('B0000803','2401532', '测B05531', 4, 241532, 0, '2',15);

insert into T_SIMINFO (SIM_ID, ORG_CODE, DEPTCODE, STATE,PAY_MODLE, SIM_NUM) values(25533, 'B0000803', '中国移动', 1, '预付费', 13100005532);
insert into T_TERMINALINFO (TERMINAL_ID,TTYPE_ID,SIM_ID,TERMINAL_CODE,ORG_CODE,IS_VIDEO_TERMINAL,SP_SERVER_NAME,PROTOCOL_TYPE,CHANNELS,YT_PROTOCOL_TYPE) values(241533, 4, 25533, '1005532', 'B0000803',1,'1076测试服务器','4',8,'0');
insert into V_VEHICLEINFO (ORG_CODE,VEHICLE_ID,ID_NUMBER,TYPE_ID,TERMINAL_ID,DELETE_FLAG,COLOR_ID_NUMBER_ID,AUTHORIZED_PAY_MASS) values ('B0000803','2401533', '测B05532', 4, 241533, 0, '2',15);

insert into T_SIMINFO (SIM_ID, ORG_CODE, DEPTCODE, STATE,PAY_MODLE, SIM_NUM) values(25534, 'B0000803', '中国移动', 1, '预付费', 13100005533);
insert into T_TERMINALINFO (TERMINAL_ID,TTYPE_ID,SIM_ID,TERMINAL_CODE,ORG_CODE,IS_VIDEO_TERMINAL,SP_SERVER_NAME,PROTOCOL_TYPE,CHANNELS,YT_PROTOCOL_TYPE) values(241534, 4, 25534, '1005533', 'B0000803',1,'1076测试服务器','4',8,'0');
insert into V_VEHICLEINFO (ORG_CODE,VEHICLE_ID,ID_NUMBER,TYPE_ID,TERMINAL_ID,DELETE_FLAG,COLOR_ID_NUMBER_ID,AUTHORIZED_PAY_MASS) values ('B0000803','2401534', '测B05533', 4, 241534, 0, '2',15);

insert into T_SIMINFO (SIM_ID, ORG_CODE, DEPTCODE, STATE,PAY_MODLE, SIM_NUM) values(25535, 'B0000803', '中国移动', 1, '预付费', 13100005534);
insert into T_TERMINALINFO (TERMINAL_ID,TTYPE_ID,SIM_ID,TERMINAL_CODE,ORG_CODE,IS_VIDEO_TERMINAL,SP_SERVER_NAME,PROTOCOL_TYPE,CHANNELS,YT_PROTOCOL_TYPE) values(241535, 4, 25535, '1005534', 'B0000803',1,'1076测试服务器','4',8,'0');
insert into V_VEHICLEINFO (ORG_CODE,VEHICLE_ID,ID_NUMBER,TYPE_ID,TERMINAL_ID,DELETE_FLAG,COLOR_ID_NUMBER_ID,AUTHORIZED_PAY_MASS) values ('B0000803','2401535', '测B05534', 4, 241535, 0, '2',15);

insert into T_SIMINFO (SIM_ID, ORG_CODE, DEPTCODE, STATE,PAY_MODLE, SIM_NUM) values(25536, 'B0000803', '中国移动', 1, '预付费', 13100005535);
insert into T_TERMINALINFO (TERMINAL_ID,TTYPE_ID,SIM_ID,TERMINAL_CODE,ORG_CODE,IS_VIDEO_TERMINAL,SP_SERVER_NAME,PROTOCOL_TYPE,CHANNELS,YT_PROTOCOL_TYPE) values(241536, 4, 25536, '1005535', 'B0000803',1,'1076测试服务器','4',8,'0');
insert into V_VEHICLEINFO (ORG_CODE,VEHICLE_ID,ID_NUMBER,TYPE_ID,TERMINAL_ID,DELETE_FLAG,COLOR_ID_NUMBER_ID,AUTHORIZED_PAY_MASS) values ('B0000803','2401536', '测B05535', 4, 241536, 0, '2',15);

insert into T_SIMINFO (SIM_ID, ORG_CODE, DEPTCODE, STATE,PAY_MODLE, SIM_NUM) values(25537, 'B0000803', '中国移动', 1, '预付费', 13100005536);
insert into T_TERMINALINFO (TERMINAL_ID,TTYPE_ID,SIM_ID,TERMINAL_CODE,ORG_CODE,IS_VIDEO_TERMINAL,SP_SERVER_NAME,PROTOCOL_TYPE,CHANNELS,YT_PROTOCOL_TYPE) values(241537, 4, 25537, '1005536', 'B0000803',1,'1076测试服务器','4',8,'0');
insert into V_VEHICLEINFO (ORG_CODE,VEHICLE_ID,ID_NUMBER,TYPE_ID,TERMINAL_ID,DELETE_FLAG,COLOR_ID_NUMBER_ID,AUTHORIZED_PAY_MASS) values ('B0000803','2401537', '测B05536', 4, 241537, 0, '2',15);

insert into T_SIMINFO (SIM_ID, ORG_CODE, DEPTCODE, STATE,PAY_MODLE, SIM_NUM) values(25538, 'B0000803', '中国移动', 1, '预付费', 13100005537);
insert into T_TERMINALINFO (TERMINAL_ID,TTYPE_ID,SIM_ID,TERMINAL_CODE,ORG_CODE,IS_VIDEO_TERMINAL,SP_SERVER_NAME,PROTOCOL_TYPE,CHANNELS,YT_PROTOCOL_TYPE) values(241538, 4, 25538, '1005537', 'B0000803',1,'1076测试服务器','4',8,'0');
insert into V_VEHICLEINFO (ORG_CODE,VEHICLE_ID,ID_NUMBER,TYPE_ID,TERMINAL_ID,DELETE_FLAG,COLOR_ID_NUMBER_ID,AUTHORIZED_PAY_MASS) values ('B0000803','2401538', '测B05537', 4, 241538, 0, '2',15);

insert into T_SIMINFO (SIM_ID, ORG_CODE, DEPTCODE, STATE,PAY_MODLE, SIM_NUM) values(25539, 'B0000803', '中国移动', 1, '预付费', 13100005538);
insert into T_TERMINALINFO (TERMINAL_ID,TTYPE_ID,SIM_ID,TERMINAL_CODE,ORG_CODE,IS_VIDEO_TERMINAL,SP_SERVER_NAME,PROTOCOL_TYPE,CHANNELS,YT_PROTOCOL_TYPE) values(241539, 4, 25539, '1005538', 'B0000803',1,'1076测试服务器','4',8,'0');
insert into V_VEHICLEINFO (ORG_CODE,VEHICLE_ID,ID_NUMBER,TYPE_ID,TERMINAL_ID,DELETE_FLAG,COLOR_ID_NUMBER_ID,AUTHORIZED_PAY_MASS) values ('B0000803','2401539', '测B05538', 4, 241539, 0, '2',15);

insert into T_SIMINFO (SIM_ID, ORG_CODE, DEPTCODE, STATE,PAY_MODLE, SIM_NUM) values(25540, 'B0000803', '中国移动', 1, '预付费', 13100005539);
insert into T_TERMINALINFO (TERMINAL_ID,TTYPE_ID,SIM_ID,TERMINAL_CODE,ORG_CODE,IS_VIDEO_TERMINAL,SP_SERVER_NAME,PROTOCOL_TYPE,CHANNELS,YT_PROTOCOL_TYPE) values(241540, 4, 25540, '1005539', 'B0000803',1,'1076测试服务器','4',8,'0');
insert into V_VEHICLEINFO (ORG_CODE,VEHICLE_ID,ID_NUMBER,TYPE_ID,TERMINAL_ID,DELETE_FLAG,COLOR_ID_NUMBER_ID,AUTHORIZED_PAY_MASS) values ('B0000803','2401540', '测B05539', 4, 241540, 0, '2',15);

insert into T_SIMINFO (SIM_ID, ORG_CODE, DEPTCODE, STATE,PAY_MODLE, SIM_NUM) values(25541, 'B0000803', '中国移动', 1, '预付费', 13100005540);
insert into T_TERMINALINFO (TERMINAL_ID,TTYPE_ID,SIM_ID,TERMINAL_CODE,ORG_CODE,IS_VIDEO_TERMINAL,SP_SERVER_NAME,PROTOCOL_TYPE,CHANNELS,YT_PROTOCOL_TYPE) values(241541, 4, 25541, '1005540', 'B0000803',1,'1076测试服务器','4',8,'0');
insert into V_VEHICLEINFO (ORG_CODE,VEHICLE_ID,ID_NUMBER,TYPE_ID,TERMINAL_ID,DELETE_FLAG,COLOR_ID_NUMBER_ID,AUTHORIZED_PAY_MASS) values ('B0000803','2401541', '测B05540', 4, 241541, 0, '2',15);

insert into T_SIMINFO (SIM_ID, ORG_CODE, DEPTCODE, STATE,PAY_MODLE, SIM_NUM) values(25542, 'B0000803', '中国移动', 1, '预付费', 13100005541);
insert into T_TERMINALINFO (TERMINAL_ID,TTYPE_ID,SIM_ID,TERMINAL_CODE,ORG_CODE,IS_VIDEO_TERMINAL,SP_SERVER_NAME,PROTOCOL_TYPE,CHANNELS,YT_PROTOCOL_TYPE) values(241542, 4, 25542, '1005541', 'B0000803',1,'1076测试服务器','4',8,'0');
insert into V_VEHICLEINFO (ORG_CODE,VEHICLE_ID,ID_NUMBER,TYPE_ID,TERMINAL_ID,DELETE_FLAG,COLOR_ID_NUMBER_ID,AUTHORIZED_PAY_MASS) values ('B0000803','2401542', '测B05541', 4, 241542, 0, '2',15);

insert into T_SIMINFO (SIM_ID, ORG_CODE, DEPTCODE, STATE,PAY_MODLE, SIM_NUM) values(25543, 'B0000803', '中国移动', 1, '预付费', 13100005542);
insert into T_TERMINALINFO (TERMINAL_ID,TTYPE_ID,SIM_ID,TERMINAL_CODE,ORG_CODE,IS_VIDEO_TERMINAL,SP_SERVER_NAME,PROTOCOL_TYPE,CHANNELS,YT_PROTOCOL_TYPE) values(241543, 4, 25543, '1005542', 'B0000803',1,'1076测试服务器','4',8,'0');
insert into V_VEHICLEINFO (ORG_CODE,VEHICLE_ID,ID_NUMBER,TYPE_ID,TERMINAL_ID,DELETE_FLAG,COLOR_ID_NUMBER_ID,AUTHORIZED_PAY_MASS) values ('B0000803','2401543', '测B05542', 4, 241543, 0, '2',15);

insert into T_SIMINFO (SIM_ID, ORG_CODE, DEPTCODE, STATE,PAY_MODLE, SIM_NUM) values(25544, 'B0000803', '中国移动', 1, '预付费', 13100005543);
insert into T_TERMINALINFO (TERMINAL_ID,TTYPE_ID,SIM_ID,TERMINAL_CODE,ORG_CODE,IS_VIDEO_TERMINAL,SP_SERVER_NAME,PROTOCOL_TYPE,CHANNELS,YT_PROTOCOL_TYPE) values(241544, 4, 25544, '1005543', 'B0000803',1,'1076测试服务器','4',8,'0');
insert into V_VEHICLEINFO (ORG_CODE,VEHICLE_ID,ID_NUMBER,TYPE_ID,TERMINAL_ID,DELETE_FLAG,COLOR_ID_NUMBER_ID,AUTHORIZED_PAY_MASS) values ('B0000803','2401544', '测B05543', 4, 241544, 0, '2',15);

insert into T_SIMINFO (SIM_ID, ORG_CODE, DEPTCODE, STATE,PAY_MODLE, SIM_NUM) values(25545, 'B0000803', '中国移动', 1, '预付费', 13100005544);
insert into T_TERMINALINFO (TERMINAL_ID,TTYPE_ID,SIM_ID,TERMINAL_CODE,ORG_CODE,IS_VIDEO_TERMINAL,SP_SERVER_NAME,PROTOCOL_TYPE,CHANNELS,YT_PROTOCOL_TYPE) values(241545, 4, 25545, '1005544', 'B0000803',1,'1076测试服务器','4',8,'0');
insert into V_VEHICLEINFO (ORG_CODE,VEHICLE_ID,ID_NUMBER,TYPE_ID,TERMINAL_ID,DELETE_FLAG,COLOR_ID_NUMBER_ID,AUTHORIZED_PAY_MASS) values ('B0000803','2401545', '测B05544', 4, 241545, 0, '2',15);

insert into T_SIMINFO (SIM_ID, ORG_CODE, DEPTCODE, STATE,PAY_MODLE, SIM_NUM) values(25546, 'B0000803', '中国移动', 1, '预付费', 13100005545);
insert into T_TERMINALINFO (TERMINAL_ID,TTYPE_ID,SIM_ID,TERMINAL_CODE,ORG_CODE,IS_VIDEO_TERMINAL,SP_SERVER_NAME,PROTOCOL_TYPE,CHANNELS,YT_PROTOCOL_TYPE) values(241546, 4, 25546, '1005545', 'B0000803',1,'1076测试服务器','4',8,'0');
insert into V_VEHICLEINFO (ORG_CODE,VEHICLE_ID,ID_NUMBER,TYPE_ID,TERMINAL_ID,DELETE_FLAG,COLOR_ID_NUMBER_ID,AUTHORIZED_PAY_MASS) values ('B0000803','2401546', '测B05545', 4, 241546, 0, '2',15);

insert into T_SIMINFO (SIM_ID, ORG_CODE, DEPTCODE, STATE,PAY_MODLE, SIM_NUM) values(25547, 'B0000803', '中国移动', 1, '预付费', 13100005546);
insert into T_TERMINALINFO (TERMINAL_ID,TTYPE_ID,SIM_ID,TERMINAL_CODE,ORG_CODE,IS_VIDEO_TERMINAL,SP_SERVER_NAME,PROTOCOL_TYPE,CHANNELS,YT_PROTOCOL_TYPE) values(241547, 4, 25547, '1005546', 'B0000803',1,'1076测试服务器','4',8,'0');
insert into V_VEHICLEINFO (ORG_CODE,VEHICLE_ID,ID_NUMBER,TYPE_ID,TERMINAL_ID,DELETE_FLAG,COLOR_ID_NUMBER_ID,AUTHORIZED_PAY_MASS) values ('B0000803','2401547', '测B05546', 4, 241547, 0, '2',15);

insert into T_SIMINFO (SIM_ID, ORG_CODE, DEPTCODE, STATE,PAY_MODLE, SIM_NUM) values(25548, 'B0000803', '中国移动', 1, '预付费', 13100005547);
insert into T_TERMINALINFO (TERMINAL_ID,TTYPE_ID,SIM_ID,TERMINAL_CODE,ORG_CODE,IS_VIDEO_TERMINAL,SP_SERVER_NAME,PROTOCOL_TYPE,CHANNELS,YT_PROTOCOL_TYPE) values(241548, 4, 25548, '1005547', 'B0000803',1,'1076测试服务器','4',8,'0');
insert into V_VEHICLEINFO (ORG_CODE,VEHICLE_ID,ID_NUMBER,TYPE_ID,TERMINAL_ID,DELETE_FLAG,COLOR_ID_NUMBER_ID,AUTHORIZED_PAY_MASS) values ('B0000803','2401548', '测B05547', 4, 241548, 0, '2',15);

insert into T_SIMINFO (SIM_ID, ORG_CODE, DEPTCODE, STATE,PAY_MODLE, SIM_NUM) values(25549, 'B0000803', '中国移动', 1, '预付费', 13100005548);
insert into T_TERMINALINFO (TERMINAL_ID,TTYPE_ID,SIM_ID,TERMINAL_CODE,ORG_CODE,IS_VIDEO_TERMINAL,SP_SERVER_NAME,PROTOCOL_TYPE,CHANNELS,YT_PROTOCOL_TYPE) values(241549, 4, 25549, '1005548', 'B0000803',1,'1076测试服务器','4',8,'0');
insert into V_VEHICLEINFO (ORG_CODE,VEHICLE_ID,ID_NUMBER,TYPE_ID,TERMINAL_ID,DELETE_FLAG,COLOR_ID_NUMBER_ID,AUTHORIZED_PAY_MASS) values ('B0000803','2401549', '测B05548', 4, 241549, 0, '2',15);

insert into T_SIMINFO (SIM_ID, ORG_CODE, DEPTCODE, STATE,PAY_MODLE, SIM_NUM) values(25550, 'B0000803', '中国移动', 1, '预付费', 13100005549);
insert into T_TERMINALINFO (TERMINAL_ID,TTYPE_ID,SIM_ID,TERMINAL_CODE,ORG_CODE,IS_VIDEO_TERMINAL,SP_SERVER_NAME,PROTOCOL_TYPE,CHANNELS,YT_PROTOCOL_TYPE) values(241550, 4, 25550, '1005549', 'B0000803',1,'1076测试服务器','4',8,'0');
insert into V_VEHICLEINFO (ORG_CODE,VEHICLE_ID,ID_NUMBER,TYPE_ID,TERMINAL_ID,DELETE_FLAG,COLOR_ID_NUMBER_ID,AUTHORIZED_PAY_MASS) values ('B0000803','2401550', '测B05549', 4, 241550, 0, '2',15);

insert into T_SIMINFO (SIM_ID, ORG_CODE, DEPTCODE, STATE,PAY_MODLE, SIM_NUM) values(25551, 'B0000803', '中国移动', 1, '预付费', 13100005550);
insert into T_TERMINALINFO (TERMINAL_ID,TTYPE_ID,SIM_ID,TERMINAL_CODE,ORG_CODE,IS_VIDEO_TERMINAL,SP_SERVER_NAME,PROTOCOL_TYPE,CHANNELS,YT_PROTOCOL_TYPE) values(241551, 4, 25551, '1005550', 'B0000803',1,'1076测试服务器','4',8,'0');
insert into V_VEHICLEINFO (ORG_CODE,VEHICLE_ID,ID_NUMBER,TYPE_ID,TERMINAL_ID,DELETE_FLAG,COLOR_ID_NUMBER_ID,AUTHORIZED_PAY_MASS) values ('B0000803','2401551', '测B05550', 4, 241551, 0, '2',15);

insert into T_SIMINFO (SIM_ID, ORG_CODE, DEPTCODE, STATE,PAY_MODLE, SIM_NUM) values(25552, 'B0000803', '中国移动', 1, '预付费', 13100005551);
insert into T_TERMINALINFO (TERMINAL_ID,TTYPE_ID,SIM_ID,TERMINAL_CODE,ORG_CODE,IS_VIDEO_TERMINAL,SP_SERVER_NAME,PROTOCOL_TYPE,CHANNELS,YT_PROTOCOL_TYPE) values(241552, 4, 25552, '1005551', 'B0000803',1,'1076测试服务器','4',8,'0');
insert into V_VEHICLEINFO (ORG_CODE,VEHICLE_ID,ID_NUMBER,TYPE_ID,TERMINAL_ID,DELETE_FLAG,COLOR_ID_NUMBER_ID,AUTHORIZED_PAY_MASS) values ('B0000803','2401552', '测B05551', 4, 241552, 0, '2',15);

insert into T_SIMINFO (SIM_ID, ORG_CODE, DEPTCODE, STATE,PAY_MODLE, SIM_NUM) values(25553, 'B0000803', '中国移动', 1, '预付费', 13100005552);
insert into T_TERMINALINFO (TERMINAL_ID,TTYPE_ID,SIM_ID,TERMINAL_CODE,ORG_CODE,IS_VIDEO_TERMINAL,SP_SERVER_NAME,PROTOCOL_TYPE,CHANNELS,YT_PROTOCOL_TYPE) values(241553, 4, 25553, '1005552', 'B0000803',1,'1076测试服务器','4',8,'0');
insert into V_VEHICLEINFO (ORG_CODE,VEHICLE_ID,ID_NUMBER,TYPE_ID,TERMINAL_ID,DELETE_FLAG,COLOR_ID_NUMBER_ID,AUTHORIZED_PAY_MASS) values ('B0000803','2401553', '测B05552', 4, 241553, 0, '2',15);

insert into T_SIMINFO (SIM_ID, ORG_CODE, DEPTCODE, STATE,PAY_MODLE, SIM_NUM) values(25554, 'B0000803', '中国移动', 1, '预付费', 13100005553);
insert into T_TERMINALINFO (TERMINAL_ID,TTYPE_ID,SIM_ID,TERMINAL_CODE,ORG_CODE,IS_VIDEO_TERMINAL,SP_SERVER_NAME,PROTOCOL_TYPE,CHANNELS,YT_PROTOCOL_TYPE) values(241554, 4, 25554, '1005553', 'B0000803',1,'1076测试服务器','4',8,'0');
insert into V_VEHICLEINFO (ORG_CODE,VEHICLE_ID,ID_NUMBER,TYPE_ID,TERMINAL_ID,DELETE_FLAG,COLOR_ID_NUMBER_ID,AUTHORIZED_PAY_MASS) values ('B0000803','2401554', '测B05553', 4, 241554, 0, '2',15);

insert into T_SIMINFO (SIM_ID, ORG_CODE, DEPTCODE, STATE,PAY_MODLE, SIM_NUM) values(25555, 'B0000803', '中国移动', 1, '预付费', 13100005554);
insert into T_TERMINALINFO (TERMINAL_ID,TTYPE_ID,SIM_ID,TERMINAL_CODE,ORG_CODE,IS_VIDEO_TERMINAL,SP_SERVER_NAME,PROTOCOL_TYPE,CHANNELS,YT_PROTOCOL_TYPE) values(241555, 4, 25555, '1005554', 'B0000803',1,'1076测试服务器','4',8,'0');
insert into V_VEHICLEINFO (ORG_CODE,VEHICLE_ID,ID_NUMBER,TYPE_ID,TERMINAL_ID,DELETE_FLAG,COLOR_ID_NUMBER_ID,AUTHORIZED_PAY_MASS) values ('B0000803','2401555', '测B05554', 4, 241555, 0, '2',15);

insert into T_SIMINFO (SIM_ID, ORG_CODE, DEPTCODE, STATE,PAY_MODLE, SIM_NUM) values(25556, 'B0000803', '中国移动', 1, '预付费', 13100005555);
insert into T_TERMINALINFO (TERMINAL_ID,TTYPE_ID,SIM_ID,TERMINAL_CODE,ORG_CODE,IS_VIDEO_TERMINAL,SP_SERVER_NAME,PROTOCOL_TYPE,CHANNELS,YT_PROTOCOL_TYPE) values(241556, 4, 25556, '1005555', 'B0000803',1,'1076测试服务器','4',8,'0');
insert into V_VEHICLEINFO (ORG_CODE,VEHICLE_ID,ID_NUMBER,TYPE_ID,TERMINAL_ID,DELETE_FLAG,COLOR_ID_NUMBER_ID,AUTHORIZED_PAY_MASS) values ('B0000803','2401556', '测B05555', 4, 241556, 0, '2',15);

insert into T_SIMINFO (SIM_ID, ORG_CODE, DEPTCODE, STATE,PAY_MODLE, SIM_NUM) values(25557, 'B0000803', '中国移动', 1, '预付费', 13100005556);
insert into T_TERMINALINFO (TERMINAL_ID,TTYPE_ID,SIM_ID,TERMINAL_CODE,ORG_CODE,IS_VIDEO_TERMINAL,SP_SERVER_NAME,PROTOCOL_TYPE,CHANNELS,YT_PROTOCOL_TYPE) values(241557, 4, 25557, '1005556', 'B0000803',1,'1076测试服务器','4',8,'0');
insert into V_VEHICLEINFO (ORG_CODE,VEHICLE_ID,ID_NUMBER,TYPE_ID,TERMINAL_ID,DELETE_FLAG,COLOR_ID_NUMBER_ID,AUTHORIZED_PAY_MASS) values ('B0000803','2401557', '测B05556', 4, 241557, 0, '2',15);

insert into T_SIMINFO (SIM_ID, ORG_CODE, DEPTCODE, STATE,PAY_MODLE, SIM_NUM) values(25558, 'B0000803', '中国移动', 1, '预付费', 13100005557);
insert into T_TERMINALINFO (TERMINAL_ID,TTYPE_ID,SIM_ID,TERMINAL_CODE,ORG_CODE,IS_VIDEO_TERMINAL,SP_SERVER_NAME,PROTOCOL_TYPE,CHANNELS,YT_PROTOCOL_TYPE) values(241558, 4, 25558, '1005557', 'B0000803',1,'1076测试服务器','4',8,'0');
insert into V_VEHICLEINFO (ORG_CODE,VEHICLE_ID,ID_NUMBER,TYPE_ID,TERMINAL_ID,DELETE_FLAG,COLOR_ID_NUMBER_ID,AUTHORIZED_PAY_MASS) values ('B0000803','2401558', '测B05557', 4, 241558, 0, '2',15);

insert into T_SIMINFO (SIM_ID, ORG_CODE, DEPTCODE, STATE,PAY_MODLE, SIM_NUM) values(25559, 'B0000803', '中国移动', 1, '预付费', 13100005558);
insert into T_TERMINALINFO (TERMINAL_ID,TTYPE_ID,SIM_ID,TERMINAL_CODE,ORG_CODE,IS_VIDEO_TERMINAL,SP_SERVER_NAME,PROTOCOL_TYPE,CHANNELS,YT_PROTOCOL_TYPE) values(241559, 4, 25559, '1005558', 'B0000803',1,'1076测试服务器','4',8,'0');
insert into V_VEHICLEINFO (ORG_CODE,VEHICLE_ID,ID_NUMBER,TYPE_ID,TERMINAL_ID,DELETE_FLAG,COLOR_ID_NUMBER_ID,AUTHORIZED_PAY_MASS) values ('B0000803','2401559', '测B05558', 4, 241559, 0, '2',15);

insert into T_SIMINFO (SIM_ID, ORG_CODE, DEPTCODE, STATE,PAY_MODLE, SIM_NUM) values(25560, 'B0000803', '中国移动', 1, '预付费', 13100005559);
insert into T_TERMINALINFO (TERMINAL_ID,TTYPE_ID,SIM_ID,TERMINAL_CODE,ORG_CODE,IS_VIDEO_TERMINAL,SP_SERVER_NAME,PROTOCOL_TYPE,CHANNELS,YT_PROTOCOL_TYPE) values(241560, 4, 25560, '1005559', 'B0000803',1,'1076测试服务器','4',8,'0');
insert into V_VEHICLEINFO (ORG_CODE,VEHICLE_ID,ID_NUMBER,TYPE_ID,TERMINAL_ID,DELETE_FLAG,COLOR_ID_NUMBER_ID,AUTHORIZED_PAY_MASS) values ('B0000803','2401560', '测B05559', 4, 241560, 0, '2',15);

insert into T_SIMINFO (SIM_ID, ORG_CODE, DEPTCODE, STATE,PAY_MODLE, SIM_NUM) values(25561, 'B0000803', '中国移动', 1, '预付费', 13100005560);
insert into T_TERMINALINFO (TERMINAL_ID,TTYPE_ID,SIM_ID,TERMINAL_CODE,ORG_CODE,IS_VIDEO_TERMINAL,SP_SERVER_NAME,PROTOCOL_TYPE,CHANNELS,YT_PROTOCOL_TYPE) values(241561, 4, 25561, '1005560', 'B0000803',1,'1076测试服务器','4',8,'0');
insert into V_VEHICLEINFO (ORG_CODE,VEHICLE_ID,ID_NUMBER,TYPE_ID,TERMINAL_ID,DELETE_FLAG,COLOR_ID_NUMBER_ID,AUTHORIZED_PAY_MASS) values ('B0000803','2401561', '测B05560', 4, 241561, 0, '2',15);

insert into T_SIMINFO (SIM_ID, ORG_CODE, DEPTCODE, STATE,PAY_MODLE, SIM_NUM) values(25562, 'B0000803', '中国移动', 1, '预付费', 13100005561);
insert into T_TERMINALINFO (TERMINAL_ID,TTYPE_ID,SIM_ID,TERMINAL_CODE,ORG_CODE,IS_VIDEO_TERMINAL,SP_SERVER_NAME,PROTOCOL_TYPE,CHANNELS,YT_PROTOCOL_TYPE) values(241562, 4, 25562, '1005561', 'B0000803',1,'1076测试服务器','4',8,'0');
insert into V_VEHICLEINFO (ORG_CODE,VEHICLE_ID,ID_NUMBER,TYPE_ID,TERMINAL_ID,DELETE_FLAG,COLOR_ID_NUMBER_ID,AUTHORIZED_PAY_MASS) values ('B0000803','2401562', '测B05561', 4, 241562, 0, '2',15);

insert into T_SIMINFO (SIM_ID, ORG_CODE, DEPTCODE, STATE,PAY_MODLE, SIM_NUM) values(25563, 'B0000803', '中国移动', 1, '预付费', 13100005562);
insert into T_TERMINALINFO (TERMINAL_ID,TTYPE_ID,SIM_ID,TERMINAL_CODE,ORG_CODE,IS_VIDEO_TERMINAL,SP_SERVER_NAME,PROTOCOL_TYPE,CHANNELS,YT_PROTOCOL_TYPE) values(241563, 4, 25563, '1005562', 'B0000803',1,'1076测试服务器','4',8,'0');
insert into V_VEHICLEINFO (ORG_CODE,VEHICLE_ID,ID_NUMBER,TYPE_ID,TERMINAL_ID,DELETE_FLAG,COLOR_ID_NUMBER_ID,AUTHORIZED_PAY_MASS) values ('B0000803','2401563', '测B05562', 4, 241563, 0, '2',15);

insert into T_SIMINFO (SIM_ID, ORG_CODE, DEPTCODE, STATE,PAY_MODLE, SIM_NUM) values(25564, 'B0000803', '中国移动', 1, '预付费', 13100005563);
insert into T_TERMINALINFO (TERMINAL_ID,TTYPE_ID,SIM_ID,TERMINAL_CODE,ORG_CODE,IS_VIDEO_TERMINAL,SP_SERVER_NAME,PROTOCOL_TYPE,CHANNELS,YT_PROTOCOL_TYPE) values(241564, 4, 25564, '1005563', 'B0000803',1,'1076测试服务器','4',8,'0');
insert into V_VEHICLEINFO (ORG_CODE,VEHICLE_ID,ID_NUMBER,TYPE_ID,TERMINAL_ID,DELETE_FLAG,COLOR_ID_NUMBER_ID,AUTHORIZED_PAY_MASS) values ('B0000803','2401564', '测B05563', 4, 241564, 0, '2',15);

insert into T_SIMINFO (SIM_ID, ORG_CODE, DEPTCODE, STATE,PAY_MODLE, SIM_NUM) values(25565, 'B0000803', '中国移动', 1, '预付费', 13100005564);
insert into T_TERMINALINFO (TERMINAL_ID,TTYPE_ID,SIM_ID,TERMINAL_CODE,ORG_CODE,IS_VIDEO_TERMINAL,SP_SERVER_NAME,PROTOCOL_TYPE,CHANNELS,YT_PROTOCOL_TYPE) values(241565, 4, 25565, '1005564', 'B0000803',1,'1076测试服务器','4',8,'0');
insert into V_VEHICLEINFO (ORG_CODE,VEHICLE_ID,ID_NUMBER,TYPE_ID,TERMINAL_ID,DELETE_FLAG,COLOR_ID_NUMBER_ID,AUTHORIZED_PAY_MASS) values ('B0000803','2401565', '测B05564', 4, 241565, 0, '2',15);

insert into T_SIMINFO (SIM_ID, ORG_CODE, DEPTCODE, STATE,PAY_MODLE, SIM_NUM) values(25566, 'B0000803', '中国移动', 1, '预付费', 13100005565);
insert into T_TERMINALINFO (TERMINAL_ID,TTYPE_ID,SIM_ID,TERMINAL_CODE,ORG_CODE,IS_VIDEO_TERMINAL,SP_SERVER_NAME,PROTOCOL_TYPE,CHANNELS,YT_PROTOCOL_TYPE) values(241566, 4, 25566, '1005565', 'B0000803',1,'1076测试服务器','4',8,'0');
insert into V_VEHICLEINFO (ORG_CODE,VEHICLE_ID,ID_NUMBER,TYPE_ID,TERMINAL_ID,DELETE_FLAG,COLOR_ID_NUMBER_ID,AUTHORIZED_PAY_MASS) values ('B0000803','2401566', '测B05565', 4, 241566, 0, '2',15);

insert into T_SIMINFO (SIM_ID, ORG_CODE, DEPTCODE, STATE,PAY_MODLE, SIM_NUM) values(25567, 'B0000803', '中国移动', 1, '预付费', 13100005566);
insert into T_TERMINALINFO (TERMINAL_ID,TTYPE_ID,SIM_ID,TERMINAL_CODE,ORG_CODE,IS_VIDEO_TERMINAL,SP_SERVER_NAME,PROTOCOL_TYPE,CHANNELS,YT_PROTOCOL_TYPE) values(241567, 4, 25567, '1005566', 'B0000803',1,'1076测试服务器','4',8,'0');
insert into V_VEHICLEINFO (ORG_CODE,VEHICLE_ID,ID_NUMBER,TYPE_ID,TERMINAL_ID,DELETE_FLAG,COLOR_ID_NUMBER_ID,AUTHORIZED_PAY_MASS) values ('B0000803','2401567', '测B05566', 4, 241567, 0, '2',15);

insert into T_SIMINFO (SIM_ID, ORG_CODE, DEPTCODE, STATE,PAY_MODLE, SIM_NUM) values(25568, 'B0000803', '中国移动', 1, '预付费', 13100005567);
insert into T_TERMINALINFO (TERMINAL_ID,TTYPE_ID,SIM_ID,TERMINAL_CODE,ORG_CODE,IS_VIDEO_TERMINAL,SP_SERVER_NAME,PROTOCOL_TYPE,CHANNELS,YT_PROTOCOL_TYPE) values(241568, 4, 25568, '1005567', 'B0000803',1,'1076测试服务器','4',8,'0');
insert into V_VEHICLEINFO (ORG_CODE,VEHICLE_ID,ID_NUMBER,TYPE_ID,TERMINAL_ID,DELETE_FLAG,COLOR_ID_NUMBER_ID,AUTHORIZED_PAY_MASS) values ('B0000803','2401568', '测B05567', 4, 241568, 0, '2',15);

insert into T_SIMINFO (SIM_ID, ORG_CODE, DEPTCODE, STATE,PAY_MODLE, SIM_NUM) values(25569, 'B0000803', '中国移动', 1, '预付费', 13100005568);
insert into T_TERMINALINFO (TERMINAL_ID,TTYPE_ID,SIM_ID,TERMINAL_CODE,ORG_CODE,IS_VIDEO_TERMINAL,SP_SERVER_NAME,PROTOCOL_TYPE,CHANNELS,YT_PROTOCOL_TYPE) values(241569, 4, 25569, '1005568', 'B0000803',1,'1076测试服务器','4',8,'0');
insert into V_VEHICLEINFO (ORG_CODE,VEHICLE_ID,ID_NUMBER,TYPE_ID,TERMINAL_ID,DELETE_FLAG,COLOR_ID_NUMBER_ID,AUTHORIZED_PAY_MASS) values ('B0000803','2401569', '测B05568', 4, 241569, 0, '2',15);

insert into T_SIMINFO (SIM_ID, ORG_CODE, DEPTCODE, STATE,PAY_MODLE, SIM_NUM) values(25570, 'B0000803', '中国移动', 1, '预付费', 13100005569);
insert into T_TERMINALINFO (TERMINAL_ID,TTYPE_ID,SIM_ID,TERMINAL_CODE,ORG_CODE,IS_VIDEO_TERMINAL,SP_SERVER_NAME,PROTOCOL_TYPE,CHANNELS,YT_PROTOCOL_TYPE) values(241570, 4, 25570, '1005569', 'B0000803',1,'1076测试服务器','4',8,'0');
insert into V_VEHICLEINFO (ORG_CODE,VEHICLE_ID,ID_NUMBER,TYPE_ID,TERMINAL_ID,DELETE_FLAG,COLOR_ID_NUMBER_ID,AUTHORIZED_PAY_MASS) values ('B0000803','2401570', '测B05569', 4, 241570, 0, '2',15);

insert into T_SIMINFO (SIM_ID, ORG_CODE, DEPTCODE, STATE,PAY_MODLE, SIM_NUM) values(25571, 'B0000803', '中国移动', 1, '预付费', 13100005570);
insert into T_TERMINALINFO (TERMINAL_ID,TTYPE_ID,SIM_ID,TERMINAL_CODE,ORG_CODE,IS_VIDEO_TERMINAL,SP_SERVER_NAME,PROTOCOL_TYPE,CHANNELS,YT_PROTOCOL_TYPE) values(241571, 4, 25571, '1005570', 'B0000803',1,'1076测试服务器','4',8,'0');
insert into V_VEHICLEINFO (ORG_CODE,VEHICLE_ID,ID_NUMBER,TYPE_ID,TERMINAL_ID,DELETE_FLAG,COLOR_ID_NUMBER_ID,AUTHORIZED_PAY_MASS) values ('B0000803','2401571', '测B05570', 4, 241571, 0, '2',15);

insert into T_SIMINFO (SIM_ID, ORG_CODE, DEPTCODE, STATE,PAY_MODLE, SIM_NUM) values(25572, 'B0000803', '中国移动', 1, '预付费', 13100005571);
insert into T_TERMINALINFO (TERMINAL_ID,TTYPE_ID,SIM_ID,TERMINAL_CODE,ORG_CODE,IS_VIDEO_TERMINAL,SP_SERVER_NAME,PROTOCOL_TYPE,CHANNELS,YT_PROTOCOL_TYPE) values(241572, 4, 25572, '1005571', 'B0000803',1,'1076测试服务器','4',8,'0');
insert into V_VEHICLEINFO (ORG_CODE,VEHICLE_ID,ID_NUMBER,TYPE_ID,TERMINAL_ID,DELETE_FLAG,COLOR_ID_NUMBER_ID,AUTHORIZED_PAY_MASS) values ('B0000803','2401572', '测B05571', 4, 241572, 0, '2',15);

insert into T_SIMINFO (SIM_ID, ORG_CODE, DEPTCODE, STATE,PAY_MODLE, SIM_NUM) values(25573, 'B0000803', '中国移动', 1, '预付费', 13100005572);
insert into T_TERMINALINFO (TERMINAL_ID,TTYPE_ID,SIM_ID,TERMINAL_CODE,ORG_CODE,IS_VIDEO_TERMINAL,SP_SERVER_NAME,PROTOCOL_TYPE,CHANNELS,YT_PROTOCOL_TYPE) values(241573, 4, 25573, '1005572', 'B0000803',1,'1076测试服务器','4',8,'0');
insert into V_VEHICLEINFO (ORG_CODE,VEHICLE_ID,ID_NUMBER,TYPE_ID,TERMINAL_ID,DELETE_FLAG,COLOR_ID_NUMBER_ID,AUTHORIZED_PAY_MASS) values ('B0000803','2401573', '测B05572', 4, 241573, 0, '2',15);

insert into T_SIMINFO (SIM_ID, ORG_CODE, DEPTCODE, STATE,PAY_MODLE, SIM_NUM) values(25574, 'B0000803', '中国移动', 1, '预付费', 13100005573);
insert into T_TERMINALINFO (TERMINAL_ID,TTYPE_ID,SIM_ID,TERMINAL_CODE,ORG_CODE,IS_VIDEO_TERMINAL,SP_SERVER_NAME,PROTOCOL_TYPE,CHANNELS,YT_PROTOCOL_TYPE) values(241574, 4, 25574, '1005573', 'B0000803',1,'1076测试服务器','4',8,'0');
insert into V_VEHICLEINFO (ORG_CODE,VEHICLE_ID,ID_NUMBER,TYPE_ID,TERMINAL_ID,DELETE_FLAG,COLOR_ID_NUMBER_ID,AUTHORIZED_PAY_MASS) values ('B0000803','2401574', '测B05573', 4, 241574, 0, '2',15);

insert into T_SIMINFO (SIM_ID, ORG_CODE, DEPTCODE, STATE,PAY_MODLE, SIM_NUM) values(25575, 'B0000803', '中国移动', 1, '预付费', 13100005574);
insert into T_TERMINALINFO (TERMINAL_ID,TTYPE_ID,SIM_ID,TERMINAL_CODE,ORG_CODE,IS_VIDEO_TERMINAL,SP_SERVER_NAME,PROTOCOL_TYPE,CHANNELS,YT_PROTOCOL_TYPE) values(241575, 4, 25575, '1005574', 'B0000803',1,'1076测试服务器','4',8,'0');
insert into V_VEHICLEINFO (ORG_CODE,VEHICLE_ID,ID_NUMBER,TYPE_ID,TERMINAL_ID,DELETE_FLAG,COLOR_ID_NUMBER_ID,AUTHORIZED_PAY_MASS) values ('B0000803','2401575', '测B05574', 4, 241575, 0, '2',15);

insert into T_SIMINFO (SIM_ID, ORG_CODE, DEPTCODE, STATE,PAY_MODLE, SIM_NUM) values(25576, 'B0000803', '中国移动', 1, '预付费', 13100005575);
insert into T_TERMINALINFO (TERMINAL_ID,TTYPE_ID,SIM_ID,TERMINAL_CODE,ORG_CODE,IS_VIDEO_TERMINAL,SP_SERVER_NAME,PROTOCOL_TYPE,CHANNELS,YT_PROTOCOL_TYPE) values(241576, 4, 25576, '1005575', 'B0000803',1,'1076测试服务器','4',8,'0');
insert into V_VEHICLEINFO (ORG_CODE,VEHICLE_ID,ID_NUMBER,TYPE_ID,TERMINAL_ID,DELETE_FLAG,COLOR_ID_NUMBER_ID,AUTHORIZED_PAY_MASS) values ('B0000803','2401576', '测B05575', 4, 241576, 0, '2',15);

insert into T_SIMINFO (SIM_ID, ORG_CODE, DEPTCODE, STATE,PAY_MODLE, SIM_NUM) values(25577, 'B0000803', '中国移动', 1, '预付费', 13100005576);
insert into T_TERMINALINFO (TERMINAL_ID,TTYPE_ID,SIM_ID,TERMINAL_CODE,ORG_CODE,IS_VIDEO_TERMINAL,SP_SERVER_NAME,PROTOCOL_TYPE,CHANNELS,YT_PROTOCOL_TYPE) values(241577, 4, 25577, '1005576', 'B0000803',1,'1076测试服务器','4',8,'0');
insert into V_VEHICLEINFO (ORG_CODE,VEHICLE_ID,ID_NUMBER,TYPE_ID,TERMINAL_ID,DELETE_FLAG,COLOR_ID_NUMBER_ID,AUTHORIZED_PAY_MASS) values ('B0000803','2401577', '测B05576', 4, 241577, 0, '2',15);

insert into T_SIMINFO (SIM_ID, ORG_CODE, DEPTCODE, STATE,PAY_MODLE, SIM_NUM) values(25578, 'B0000803', '中国移动', 1, '预付费', 13100005577);
insert into T_TERMINALINFO (TERMINAL_ID,TTYPE_ID,SIM_ID,TERMINAL_CODE,ORG_CODE,IS_VIDEO_TERMINAL,SP_SERVER_NAME,PROTOCOL_TYPE,CHANNELS,YT_PROTOCOL_TYPE) values(241578, 4, 25578, '1005577', 'B0000803',1,'1076测试服务器','4',8,'0');
insert into V_VEHICLEINFO (ORG_CODE,VEHICLE_ID,ID_NUMBER,TYPE_ID,TERMINAL_ID,DELETE_FLAG,COLOR_ID_NUMBER_ID,AUTHORIZED_PAY_MASS) values ('B0000803','2401578', '测B05577', 4, 241578, 0, '2',15);

insert into T_SIMINFO (SIM_ID, ORG_CODE, DEPTCODE, STATE,PAY_MODLE, SIM_NUM) values(25579, 'B0000803', '中国移动', 1, '预付费', 13100005578);
insert into T_TERMINALINFO (TERMINAL_ID,TTYPE_ID,SIM_ID,TERMINAL_CODE,ORG_CODE,IS_VIDEO_TERMINAL,SP_SERVER_NAME,PROTOCOL_TYPE,CHANNELS,YT_PROTOCOL_TYPE) values(241579, 4, 25579, '1005578', 'B0000803',1,'1076测试服务器','4',8,'0');
insert into V_VEHICLEINFO (ORG_CODE,VEHICLE_ID,ID_NUMBER,TYPE_ID,TERMINAL_ID,DELETE_FLAG,COLOR_ID_NUMBER_ID,AUTHORIZED_PAY_MASS) values ('B0000803','2401579', '测B05578', 4, 241579, 0, '2',15);

insert into T_SIMINFO (SIM_ID, ORG_CODE, DEPTCODE, STATE,PAY_MODLE, SIM_NUM) values(25580, 'B0000803', '中国移动', 1, '预付费', 13100005579);
insert into T_TERMINALINFO (TERMINAL_ID,TTYPE_ID,SIM_ID,TERMINAL_CODE,ORG_CODE,IS_VIDEO_TERMINAL,SP_SERVER_NAME,PROTOCOL_TYPE,CHANNELS,YT_PROTOCOL_TYPE) values(241580, 4, 25580, '1005579', 'B0000803',1,'1076测试服务器','4',8,'0');
insert into V_VEHICLEINFO (ORG_CODE,VEHICLE_ID,ID_NUMBER,TYPE_ID,TERMINAL_ID,DELETE_FLAG,COLOR_ID_NUMBER_ID,AUTHORIZED_PAY_MASS) values ('B0000803','2401580', '测B05579', 4, 241580, 0, '2',15);

insert into T_SIMINFO (SIM_ID, ORG_CODE, DEPTCODE, STATE,PAY_MODLE, SIM_NUM) values(25581, 'B0000803', '中国移动', 1, '预付费', 13100005580);
insert into T_TERMINALINFO (TERMINAL_ID,TTYPE_ID,SIM_ID,TERMINAL_CODE,ORG_CODE,IS_VIDEO_TERMINAL,SP_SERVER_NAME,PROTOCOL_TYPE,CHANNELS,YT_PROTOCOL_TYPE) values(241581, 4, 25581, '1005580', 'B0000803',1,'1076测试服务器','4',8,'0');
insert into V_VEHICLEINFO (ORG_CODE,VEHICLE_ID,ID_NUMBER,TYPE_ID,TERMINAL_ID,DELETE_FLAG,COLOR_ID_NUMBER_ID,AUTHORIZED_PAY_MASS) values ('B0000803','2401581', '测B05580', 4, 241581, 0, '2',15);

insert into T_SIMINFO (SIM_ID, ORG_CODE, DEPTCODE, STATE,PAY_MODLE, SIM_NUM) values(25582, 'B0000803', '中国移动', 1, '预付费', 13100005581);
insert into T_TERMINALINFO (TERMINAL_ID,TTYPE_ID,SIM_ID,TERMINAL_CODE,ORG_CODE,IS_VIDEO_TERMINAL,SP_SERVER_NAME,PROTOCOL_TYPE,CHANNELS,YT_PROTOCOL_TYPE) values(241582, 4, 25582, '1005581', 'B0000803',1,'1076测试服务器','4',8,'0');
insert into V_VEHICLEINFO (ORG_CODE,VEHICLE_ID,ID_NUMBER,TYPE_ID,TERMINAL_ID,DELETE_FLAG,COLOR_ID_NUMBER_ID,AUTHORIZED_PAY_MASS) values ('B0000803','2401582', '测B05581', 4, 241582, 0, '2',15);

insert into T_SIMINFO (SIM_ID, ORG_CODE, DEPTCODE, STATE,PAY_MODLE, SIM_NUM) values(25583, 'B0000803', '中国移动', 1, '预付费', 13100005582);
insert into T_TERMINALINFO (TERMINAL_ID,TTYPE_ID,SIM_ID,TERMINAL_CODE,ORG_CODE,IS_VIDEO_TERMINAL,SP_SERVER_NAME,PROTOCOL_TYPE,CHANNELS,YT_PROTOCOL_TYPE) values(241583, 4, 25583, '1005582', 'B0000803',1,'1076测试服务器','4',8,'0');
insert into V_VEHICLEINFO (ORG_CODE,VEHICLE_ID,ID_NUMBER,TYPE_ID,TERMINAL_ID,DELETE_FLAG,COLOR_ID_NUMBER_ID,AUTHORIZED_PAY_MASS) values ('B0000803','2401583', '测B05582', 4, 241583, 0, '2',15);

insert into T_SIMINFO (SIM_ID, ORG_CODE, DEPTCODE, STATE,PAY_MODLE, SIM_NUM) values(25584, 'B0000803', '中国移动', 1, '预付费', 13100005583);
insert into T_TERMINALINFO (TERMINAL_ID,TTYPE_ID,SIM_ID,TERMINAL_CODE,ORG_CODE,IS_VIDEO_TERMINAL,SP_SERVER_NAME,PROTOCOL_TYPE,CHANNELS,YT_PROTOCOL_TYPE) values(241584, 4, 25584, '1005583', 'B0000803',1,'1076测试服务器','4',8,'0');
insert into V_VEHICLEINFO (ORG_CODE,VEHICLE_ID,ID_NUMBER,TYPE_ID,TERMINAL_ID,DELETE_FLAG,COLOR_ID_NUMBER_ID,AUTHORIZED_PAY_MASS) values ('B0000803','2401584', '测B05583', 4, 241584, 0, '2',15);

insert into T_SIMINFO (SIM_ID, ORG_CODE, DEPTCODE, STATE,PAY_MODLE, SIM_NUM) values(25585, 'B0000803', '中国移动', 1, '预付费', 13100005584);
insert into T_TERMINALINFO (TERMINAL_ID,TTYPE_ID,SIM_ID,TERMINAL_CODE,ORG_CODE,IS_VIDEO_TERMINAL,SP_SERVER_NAME,PROTOCOL_TYPE,CHANNELS,YT_PROTOCOL_TYPE) values(241585, 4, 25585, '1005584', 'B0000803',1,'1076测试服务器','4',8,'0');
insert into V_VEHICLEINFO (ORG_CODE,VEHICLE_ID,ID_NUMBER,TYPE_ID,TERMINAL_ID,DELETE_FLAG,COLOR_ID_NUMBER_ID,AUTHORIZED_PAY_MASS) values ('B0000803','2401585', '测B05584', 4, 241585, 0, '2',15);

insert into T_SIMINFO (SIM_ID, ORG_CODE, DEPTCODE, STATE,PAY_MODLE, SIM_NUM) values(25586, 'B0000803', '中国移动', 1, '预付费', 13100005585);
insert into T_TERMINALINFO (TERMINAL_ID,TTYPE_ID,SIM_ID,TERMINAL_CODE,ORG_CODE,IS_VIDEO_TERMINAL,SP_SERVER_NAME,PROTOCOL_TYPE,CHANNELS,YT_PROTOCOL_TYPE) values(241586, 4, 25586, '1005585', 'B0000803',1,'1076测试服务器','4',8,'0');
insert into V_VEHICLEINFO (ORG_CODE,VEHICLE_ID,ID_NUMBER,TYPE_ID,TERMINAL_ID,DELETE_FLAG,COLOR_ID_NUMBER_ID,AUTHORIZED_PAY_MASS) values ('B0000803','2401586', '测B05585', 4, 241586, 0, '2',15);

insert into T_SIMINFO (SIM_ID, ORG_CODE, DEPTCODE, STATE,PAY_MODLE, SIM_NUM) values(25587, 'B0000803', '中国移动', 1, '预付费', 13100005586);
insert into T_TERMINALINFO (TERMINAL_ID,TTYPE_ID,SIM_ID,TERMINAL_CODE,ORG_CODE,IS_VIDEO_TERMINAL,SP_SERVER_NAME,PROTOCOL_TYPE,CHANNELS,YT_PROTOCOL_TYPE) values(241587, 4, 25587, '1005586', 'B0000803',1,'1076测试服务器','4',8,'0');
insert into V_VEHICLEINFO (ORG_CODE,VEHICLE_ID,ID_NUMBER,TYPE_ID,TERMINAL_ID,DELETE_FLAG,COLOR_ID_NUMBER_ID,AUTHORIZED_PAY_MASS) values ('B0000803','2401587', '测B05586', 4, 241587, 0, '2',15);

insert into T_SIMINFO (SIM_ID, ORG_CODE, DEPTCODE, STATE,PAY_MODLE, SIM_NUM) values(25588, 'B0000803', '中国移动', 1, '预付费', 13100005587);
insert into T_TERMINALINFO (TERMINAL_ID,TTYPE_ID,SIM_ID,TERMINAL_CODE,ORG_CODE,IS_VIDEO_TERMINAL,SP_SERVER_NAME,PROTOCOL_TYPE,CHANNELS,YT_PROTOCOL_TYPE) values(241588, 4, 25588, '1005587', 'B0000803',1,'1076测试服务器','4',8,'0');
insert into V_VEHICLEINFO (ORG_CODE,VEHICLE_ID,ID_NUMBER,TYPE_ID,TERMINAL_ID,DELETE_FLAG,COLOR_ID_NUMBER_ID,AUTHORIZED_PAY_MASS) values ('B0000803','2401588', '测B05587', 4, 241588, 0, '2',15);

insert into T_SIMINFO (SIM_ID, ORG_CODE, DEPTCODE, STATE,PAY_MODLE, SIM_NUM) values(25589, 'B0000803', '中国移动', 1, '预付费', 13100005588);
insert into T_TERMINALINFO (TERMINAL_ID,TTYPE_ID,SIM_ID,TERMINAL_CODE,ORG_CODE,IS_VIDEO_TERMINAL,SP_SERVER_NAME,PROTOCOL_TYPE,CHANNELS,YT_PROTOCOL_TYPE) values(241589, 4, 25589, '1005588', 'B0000803',1,'1076测试服务器','4',8,'0');
insert into V_VEHICLEINFO (ORG_CODE,VEHICLE_ID,ID_NUMBER,TYPE_ID,TERMINAL_ID,DELETE_FLAG,COLOR_ID_NUMBER_ID,AUTHORIZED_PAY_MASS) values ('B0000803','2401589', '测B05588', 4, 241589, 0, '2',15);

insert into T_SIMINFO (SIM_ID, ORG_CODE, DEPTCODE, STATE,PAY_MODLE, SIM_NUM) values(25590, 'B0000803', '中国移动', 1, '预付费', 13100005589);
insert into T_TERMINALINFO (TERMINAL_ID,TTYPE_ID,SIM_ID,TERMINAL_CODE,ORG_CODE,IS_VIDEO_TERMINAL,SP_SERVER_NAME,PROTOCOL_TYPE,CHANNELS,YT_PROTOCOL_TYPE) values(241590, 4, 25590, '1005589', 'B0000803',1,'1076测试服务器','4',8,'0');
insert into V_VEHICLEINFO (ORG_CODE,VEHICLE_ID,ID_NUMBER,TYPE_ID,TERMINAL_ID,DELETE_FLAG,COLOR_ID_NUMBER_ID,AUTHORIZED_PAY_MASS) values ('B0000803','2401590', '测B05589', 4, 241590, 0, '2',15);

insert into T_SIMINFO (SIM_ID, ORG_CODE, DEPTCODE, STATE,PAY_MODLE, SIM_NUM) values(25591, 'B0000803', '中国移动', 1, '预付费', 13100005590);
insert into T_TERMINALINFO (TERMINAL_ID,TTYPE_ID,SIM_ID,TERMINAL_CODE,ORG_CODE,IS_VIDEO_TERMINAL,SP_SERVER_NAME,PROTOCOL_TYPE,CHANNELS,YT_PROTOCOL_TYPE) values(241591, 4, 25591, '1005590', 'B0000803',1,'1076测试服务器','4',8,'0');
insert into V_VEHICLEINFO (ORG_CODE,VEHICLE_ID,ID_NUMBER,TYPE_ID,TERMINAL_ID,DELETE_FLAG,COLOR_ID_NUMBER_ID,AUTHORIZED_PAY_MASS) values ('B0000803','2401591', '测B05590', 4, 241591, 0, '2',15);

insert into T_SIMINFO (SIM_ID, ORG_CODE, DEPTCODE, STATE,PAY_MODLE, SIM_NUM) values(25592, 'B0000803', '中国移动', 1, '预付费', 13100005591);
insert into T_TERMINALINFO (TERMINAL_ID,TTYPE_ID,SIM_ID,TERMINAL_CODE,ORG_CODE,IS_VIDEO_TERMINAL,SP_SERVER_NAME,PROTOCOL_TYPE,CHANNELS,YT_PROTOCOL_TYPE) values(241592, 4, 25592, '1005591', 'B0000803',1,'1076测试服务器','4',8,'0');
insert into V_VEHICLEINFO (ORG_CODE,VEHICLE_ID,ID_NUMBER,TYPE_ID,TERMINAL_ID,DELETE_FLAG,COLOR_ID_NUMBER_ID,AUTHORIZED_PAY_MASS) values ('B0000803','2401592', '测B05591', 4, 241592, 0, '2',15);

insert into T_SIMINFO (SIM_ID, ORG_CODE, DEPTCODE, STATE,PAY_MODLE, SIM_NUM) values(25593, 'B0000803', '中国移动', 1, '预付费', 13100005592);
insert into T_TERMINALINFO (TERMINAL_ID,TTYPE_ID,SIM_ID,TERMINAL_CODE,ORG_CODE,IS_VIDEO_TERMINAL,SP_SERVER_NAME,PROTOCOL_TYPE,CHANNELS,YT_PROTOCOL_TYPE) values(241593, 4, 25593, '1005592', 'B0000803',1,'1076测试服务器','4',8,'0');
insert into V_VEHICLEINFO (ORG_CODE,VEHICLE_ID,ID_NUMBER,TYPE_ID,TERMINAL_ID,DELETE_FLAG,COLOR_ID_NUMBER_ID,AUTHORIZED_PAY_MASS) values ('B0000803','2401593', '测B05592', 4, 241593, 0, '2',15);

insert into T_SIMINFO (SIM_ID, ORG_CODE, DEPTCODE, STATE,PAY_MODLE, SIM_NUM) values(25594, 'B0000803', '中国移动', 1, '预付费', 13100005593);
insert into T_TERMINALINFO (TERMINAL_ID,TTYPE_ID,SIM_ID,TERMINAL_CODE,ORG_CODE,IS_VIDEO_TERMINAL,SP_SERVER_NAME,PROTOCOL_TYPE,CHANNELS,YT_PROTOCOL_TYPE) values(241594, 4, 25594, '1005593', 'B0000803',1,'1076测试服务器','4',8,'0');
insert into V_VEHICLEINFO (ORG_CODE,VEHICLE_ID,ID_NUMBER,TYPE_ID,TERMINAL_ID,DELETE_FLAG,COLOR_ID_NUMBER_ID,AUTHORIZED_PAY_MASS) values ('B0000803','2401594', '测B05593', 4, 241594, 0, '2',15);

insert into T_SIMINFO (SIM_ID, ORG_CODE, DEPTCODE, STATE,PAY_MODLE, SIM_NUM) values(25595, 'B0000803', '中国移动', 1, '预付费', 13100005594);
insert into T_TERMINALINFO (TERMINAL_ID,TTYPE_ID,SIM_ID,TERMINAL_CODE,ORG_CODE,IS_VIDEO_TERMINAL,SP_SERVER_NAME,PROTOCOL_TYPE,CHANNELS,YT_PROTOCOL_TYPE) values(241595, 4, 25595, '1005594', 'B0000803',1,'1076测试服务器','4',8,'0');
insert into V_VEHICLEINFO (ORG_CODE,VEHICLE_ID,ID_NUMBER,TYPE_ID,TERMINAL_ID,DELETE_FLAG,COLOR_ID_NUMBER_ID,AUTHORIZED_PAY_MASS) values ('B0000803','2401595', '测B05594', 4, 241595, 0, '2',15);

insert into T_SIMINFO (SIM_ID, ORG_CODE, DEPTCODE, STATE,PAY_MODLE, SIM_NUM) values(25596, 'B0000803', '中国移动', 1, '预付费', 13100005595);
insert into T_TERMINALINFO (TERMINAL_ID,TTYPE_ID,SIM_ID,TERMINAL_CODE,ORG_CODE,IS_VIDEO_TERMINAL,SP_SERVER_NAME,PROTOCOL_TYPE,CHANNELS,YT_PROTOCOL_TYPE) values(241596, 4, 25596, '1005595', 'B0000803',1,'1076测试服务器','4',8,'0');
insert into V_VEHICLEINFO (ORG_CODE,VEHICLE_ID,ID_NUMBER,TYPE_ID,TERMINAL_ID,DELETE_FLAG,COLOR_ID_NUMBER_ID,AUTHORIZED_PAY_MASS) values ('B0000803','2401596', '测B05595', 4, 241596, 0, '2',15);

insert into T_SIMINFO (SIM_ID, ORG_CODE, DEPTCODE, STATE,PAY_MODLE, SIM_NUM) values(25597, 'B0000803', '中国移动', 1, '预付费', 13100005596);
insert into T_TERMINALINFO (TERMINAL_ID,TTYPE_ID,SIM_ID,TERMINAL_CODE,ORG_CODE,IS_VIDEO_TERMINAL,SP_SERVER_NAME,PROTOCOL_TYPE,CHANNELS,YT_PROTOCOL_TYPE) values(241597, 4, 25597, '1005596', 'B0000803',1,'1076测试服务器','4',8,'0');
insert into V_VEHICLEINFO (ORG_CODE,VEHICLE_ID,ID_NUMBER,TYPE_ID,TERMINAL_ID,DELETE_FLAG,COLOR_ID_NUMBER_ID,AUTHORIZED_PAY_MASS) values ('B0000803','2401597', '测B05596', 4, 241597, 0, '2',15);

insert into T_SIMINFO (SIM_ID, ORG_CODE, DEPTCODE, STATE,PAY_MODLE, SIM_NUM) values(25598, 'B0000803', '中国移动', 1, '预付费', 13100005597);
insert into T_TERMINALINFO (TERMINAL_ID,TTYPE_ID,SIM_ID,TERMINAL_CODE,ORG_CODE,IS_VIDEO_TERMINAL,SP_SERVER_NAME,PROTOCOL_TYPE,CHANNELS,YT_PROTOCOL_TYPE) values(241598, 4, 25598, '1005597', 'B0000803',1,'1076测试服务器','4',8,'0');
insert into V_VEHICLEINFO (ORG_CODE,VEHICLE_ID,ID_NUMBER,TYPE_ID,TERMINAL_ID,DELETE_FLAG,COLOR_ID_NUMBER_ID,AUTHORIZED_PAY_MASS) values ('B0000803','2401598', '测B05597', 4, 241598, 0, '2',15);

insert into T_SIMINFO (SIM_ID, ORG_CODE, DEPTCODE, STATE,PAY_MODLE, SIM_NUM) values(25599, 'B0000803', '中国移动', 1, '预付费', 13100005598);
insert into T_TERMINALINFO (TERMINAL_ID,TTYPE_ID,SIM_ID,TERMINAL_CODE,ORG_CODE,IS_VIDEO_TERMINAL,SP_SERVER_NAME,PROTOCOL_TYPE,CHANNELS,YT_PROTOCOL_TYPE) values(241599, 4, 25599, '1005598', 'B0000803',1,'1076测试服务器','4',8,'0');
insert into V_VEHICLEINFO (ORG_CODE,VEHICLE_ID,ID_NUMBER,TYPE_ID,TERMINAL_ID,DELETE_FLAG,COLOR_ID_NUMBER_ID,AUTHORIZED_PAY_MASS) values ('B0000803','2401599', '测B05598', 4, 241599, 0, '2',15);

insert into T_SIMINFO (SIM_ID, ORG_CODE, DEPTCODE, STATE,PAY_MODLE, SIM_NUM) values(25600, 'B0000803', '中国移动', 1, '预付费', 13100005599);
insert into T_TERMINALINFO (TERMINAL_ID,TTYPE_ID,SIM_ID,TERMINAL_CODE,ORG_CODE,IS_VIDEO_TERMINAL,SP_SERVER_NAME,PROTOCOL_TYPE,CHANNELS,YT_PROTOCOL_TYPE) values(241600, 4, 25600, '1005599', 'B0000803',1,'1076测试服务器','4',8,'0');
insert into V_VEHICLEINFO (ORG_CODE,VEHICLE_ID,ID_NUMBER,TYPE_ID,TERMINAL_ID,DELETE_FLAG,COLOR_ID_NUMBER_ID,AUTHORIZED_PAY_MASS) values ('B0000803','2401600', '测B05599', 4, 241600, 0, '2',15);

insert into T_SIMINFO (SIM_ID, ORG_CODE, DEPTCODE, STATE,PAY_MODLE, SIM_NUM) values(25601, 'B0000803', '中国移动', 1, '预付费', 13100005600);
insert into T_TERMINALINFO (TERMINAL_ID,TTYPE_ID,SIM_ID,TERMINAL_CODE,ORG_CODE,IS_VIDEO_TERMINAL,SP_SERVER_NAME,PROTOCOL_TYPE,CHANNELS,YT_PROTOCOL_TYPE) values(241601, 4, 25601, '1005600', 'B0000803',1,'1076测试服务器','4',8,'0');
insert into V_VEHICLEINFO (ORG_CODE,VEHICLE_ID,ID_NUMBER,TYPE_ID,TERMINAL_ID,DELETE_FLAG,COLOR_ID_NUMBER_ID,AUTHORIZED_PAY_MASS) values ('B0000803','2401601', '测B05600', 4, 241601, 0, '2',15);

insert into T_SIMINFO (SIM_ID, ORG_CODE, DEPTCODE, STATE,PAY_MODLE, SIM_NUM) values(25602, 'B0000803', '中国移动', 1, '预付费', 13100005601);
insert into T_TERMINALINFO (TERMINAL_ID,TTYPE_ID,SIM_ID,TERMINAL_CODE,ORG_CODE,IS_VIDEO_TERMINAL,SP_SERVER_NAME,PROTOCOL_TYPE,CHANNELS,YT_PROTOCOL_TYPE) values(241602, 4, 25602, '1005601', 'B0000803',1,'1076测试服务器','4',8,'0');
insert into V_VEHICLEINFO (ORG_CODE,VEHICLE_ID,ID_NUMBER,TYPE_ID,TERMINAL_ID,DELETE_FLAG,COLOR_ID_NUMBER_ID,AUTHORIZED_PAY_MASS) values ('B0000803','2401602', '测B05601', 4, 241602, 0, '2',15);

insert into T_SIMINFO (SIM_ID, ORG_CODE, DEPTCODE, STATE,PAY_MODLE, SIM_NUM) values(25603, 'B0000803', '中国移动', 1, '预付费', 13100005602);
insert into T_TERMINALINFO (TERMINAL_ID,TTYPE_ID,SIM_ID,TERMINAL_CODE,ORG_CODE,IS_VIDEO_TERMINAL,SP_SERVER_NAME,PROTOCOL_TYPE,CHANNELS,YT_PROTOCOL_TYPE) values(241603, 4, 25603, '1005602', 'B0000803',1,'1076测试服务器','4',8,'0');
insert into V_VEHICLEINFO (ORG_CODE,VEHICLE_ID,ID_NUMBER,TYPE_ID,TERMINAL_ID,DELETE_FLAG,COLOR_ID_NUMBER_ID,AUTHORIZED_PAY_MASS) values ('B0000803','2401603', '测B05602', 4, 241603, 0, '2',15);

insert into T_SIMINFO (SIM_ID, ORG_CODE, DEPTCODE, STATE,PAY_MODLE, SIM_NUM) values(25604, 'B0000803', '中国移动', 1, '预付费', 13100005603);
insert into T_TERMINALINFO (TERMINAL_ID,TTYPE_ID,SIM_ID,TERMINAL_CODE,ORG_CODE,IS_VIDEO_TERMINAL,SP_SERVER_NAME,PROTOCOL_TYPE,CHANNELS,YT_PROTOCOL_TYPE) values(241604, 4, 25604, '1005603', 'B0000803',1,'1076测试服务器','4',8,'0');
insert into V_VEHICLEINFO (ORG_CODE,VEHICLE_ID,ID_NUMBER,TYPE_ID,TERMINAL_ID,DELETE_FLAG,COLOR_ID_NUMBER_ID,AUTHORIZED_PAY_MASS) values ('B0000803','2401604', '测B05603', 4, 241604, 0, '2',15);

insert into T_SIMINFO (SIM_ID, ORG_CODE, DEPTCODE, STATE,PAY_MODLE, SIM_NUM) values(25605, 'B0000803', '中国移动', 1, '预付费', 13100005604);
insert into T_TERMINALINFO (TERMINAL_ID,TTYPE_ID,SIM_ID,TERMINAL_CODE,ORG_CODE,IS_VIDEO_TERMINAL,SP_SERVER_NAME,PROTOCOL_TYPE,CHANNELS,YT_PROTOCOL_TYPE) values(241605, 4, 25605, '1005604', 'B0000803',1,'1076测试服务器','4',8,'0');
insert into V_VEHICLEINFO (ORG_CODE,VEHICLE_ID,ID_NUMBER,TYPE_ID,TERMINAL_ID,DELETE_FLAG,COLOR_ID_NUMBER_ID,AUTHORIZED_PAY_MASS) values ('B0000803','2401605', '测B05604', 4, 241605, 0, '2',15);

insert into T_SIMINFO (SIM_ID, ORG_CODE, DEPTCODE, STATE,PAY_MODLE, SIM_NUM) values(25606, 'B0000803', '中国移动', 1, '预付费', 13100005605);
insert into T_TERMINALINFO (TERMINAL_ID,TTYPE_ID,SIM_ID,TERMINAL_CODE,ORG_CODE,IS_VIDEO_TERMINAL,SP_SERVER_NAME,PROTOCOL_TYPE,CHANNELS,YT_PROTOCOL_TYPE) values(241606, 4, 25606, '1005605', 'B0000803',1,'1076测试服务器','4',8,'0');
insert into V_VEHICLEINFO (ORG_CODE,VEHICLE_ID,ID_NUMBER,TYPE_ID,TERMINAL_ID,DELETE_FLAG,COLOR_ID_NUMBER_ID,AUTHORIZED_PAY_MASS) values ('B0000803','2401606', '测B05605', 4, 241606, 0, '2',15);

insert into T_SIMINFO (SIM_ID, ORG_CODE, DEPTCODE, STATE,PAY_MODLE, SIM_NUM) values(25607, 'B0000803', '中国移动', 1, '预付费', 13100005606);
insert into T_TERMINALINFO (TERMINAL_ID,TTYPE_ID,SIM_ID,TERMINAL_CODE,ORG_CODE,IS_VIDEO_TERMINAL,SP_SERVER_NAME,PROTOCOL_TYPE,CHANNELS,YT_PROTOCOL_TYPE) values(241607, 4, 25607, '1005606', 'B0000803',1,'1076测试服务器','4',8,'0');
insert into V_VEHICLEINFO (ORG_CODE,VEHICLE_ID,ID_NUMBER,TYPE_ID,TERMINAL_ID,DELETE_FLAG,COLOR_ID_NUMBER_ID,AUTHORIZED_PAY_MASS) values ('B0000803','2401607', '测B05606', 4, 241607, 0, '2',15);

insert into T_SIMINFO (SIM_ID, ORG_CODE, DEPTCODE, STATE,PAY_MODLE, SIM_NUM) values(25608, 'B0000803', '中国移动', 1, '预付费', 13100005607);
insert into T_TERMINALINFO (TERMINAL_ID,TTYPE_ID,SIM_ID,TERMINAL_CODE,ORG_CODE,IS_VIDEO_TERMINAL,SP_SERVER_NAME,PROTOCOL_TYPE,CHANNELS,YT_PROTOCOL_TYPE) values(241608, 4, 25608, '1005607', 'B0000803',1,'1076测试服务器','4',8,'0');
insert into V_VEHICLEINFO (ORG_CODE,VEHICLE_ID,ID_NUMBER,TYPE_ID,TERMINAL_ID,DELETE_FLAG,COLOR_ID_NUMBER_ID,AUTHORIZED_PAY_MASS) values ('B0000803','2401608', '测B05607', 4, 241608, 0, '2',15);

insert into T_SIMINFO (SIM_ID, ORG_CODE, DEPTCODE, STATE,PAY_MODLE, SIM_NUM) values(25609, 'B0000803', '中国移动', 1, '预付费', 13100005608);
insert into T_TERMINALINFO (TERMINAL_ID,TTYPE_ID,SIM_ID,TERMINAL_CODE,ORG_CODE,IS_VIDEO_TERMINAL,SP_SERVER_NAME,PROTOCOL_TYPE,CHANNELS,YT_PROTOCOL_TYPE) values(241609, 4, 25609, '1005608', 'B0000803',1,'1076测试服务器','4',8,'0');
insert into V_VEHICLEINFO (ORG_CODE,VEHICLE_ID,ID_NUMBER,TYPE_ID,TERMINAL_ID,DELETE_FLAG,COLOR_ID_NUMBER_ID,AUTHORIZED_PAY_MASS) values ('B0000803','2401609', '测B05608', 4, 241609, 0, '2',15);

insert into T_SIMINFO (SIM_ID, ORG_CODE, DEPTCODE, STATE,PAY_MODLE, SIM_NUM) values(25610, 'B0000803', '中国移动', 1, '预付费', 13100005609);
insert into T_TERMINALINFO (TERMINAL_ID,TTYPE_ID,SIM_ID,TERMINAL_CODE,ORG_CODE,IS_VIDEO_TERMINAL,SP_SERVER_NAME,PROTOCOL_TYPE,CHANNELS,YT_PROTOCOL_TYPE) values(241610, 4, 25610, '1005609', 'B0000803',1,'1076测试服务器','4',8,'0');
insert into V_VEHICLEINFO (ORG_CODE,VEHICLE_ID,ID_NUMBER,TYPE_ID,TERMINAL_ID,DELETE_FLAG,COLOR_ID_NUMBER_ID,AUTHORIZED_PAY_MASS) values ('B0000803','2401610', '测B05609', 4, 241610, 0, '2',15);

insert into T_SIMINFO (SIM_ID, ORG_CODE, DEPTCODE, STATE,PAY_MODLE, SIM_NUM) values(25611, 'B0000803', '中国移动', 1, '预付费', 13100005610);
insert into T_TERMINALINFO (TERMINAL_ID,TTYPE_ID,SIM_ID,TERMINAL_CODE,ORG_CODE,IS_VIDEO_TERMINAL,SP_SERVER_NAME,PROTOCOL_TYPE,CHANNELS,YT_PROTOCOL_TYPE) values(241611, 4, 25611, '1005610', 'B0000803',1,'1076测试服务器','4',8,'0');
insert into V_VEHICLEINFO (ORG_CODE,VEHICLE_ID,ID_NUMBER,TYPE_ID,TERMINAL_ID,DELETE_FLAG,COLOR_ID_NUMBER_ID,AUTHORIZED_PAY_MASS) values ('B0000803','2401611', '测B05610', 4, 241611, 0, '2',15);

insert into T_SIMINFO (SIM_ID, ORG_CODE, DEPTCODE, STATE,PAY_MODLE, SIM_NUM) values(25612, 'B0000803', '中国移动', 1, '预付费', 13100005611);
insert into T_TERMINALINFO (TERMINAL_ID,TTYPE_ID,SIM_ID,TERMINAL_CODE,ORG_CODE,IS_VIDEO_TERMINAL,SP_SERVER_NAME,PROTOCOL_TYPE,CHANNELS,YT_PROTOCOL_TYPE) values(241612, 4, 25612, '1005611', 'B0000803',1,'1076测试服务器','4',8,'0');
insert into V_VEHICLEINFO (ORG_CODE,VEHICLE_ID,ID_NUMBER,TYPE_ID,TERMINAL_ID,DELETE_FLAG,COLOR_ID_NUMBER_ID,AUTHORIZED_PAY_MASS) values ('B0000803','2401612', '测B05611', 4, 241612, 0, '2',15);

insert into T_SIMINFO (SIM_ID, ORG_CODE, DEPTCODE, STATE,PAY_MODLE, SIM_NUM) values(25613, 'B0000803', '中国移动', 1, '预付费', 13100005612);
insert into T_TERMINALINFO (TERMINAL_ID,TTYPE_ID,SIM_ID,TERMINAL_CODE,ORG_CODE,IS_VIDEO_TERMINAL,SP_SERVER_NAME,PROTOCOL_TYPE,CHANNELS,YT_PROTOCOL_TYPE) values(241613, 4, 25613, '1005612', 'B0000803',1,'1076测试服务器','4',8,'0');
insert into V_VEHICLEINFO (ORG_CODE,VEHICLE_ID,ID_NUMBER,TYPE_ID,TERMINAL_ID,DELETE_FLAG,COLOR_ID_NUMBER_ID,AUTHORIZED_PAY_MASS) values ('B0000803','2401613', '测B05612', 4, 241613, 0, '2',15);

insert into T_SIMINFO (SIM_ID, ORG_CODE, DEPTCODE, STATE,PAY_MODLE, SIM_NUM) values(25614, 'B0000803', '中国移动', 1, '预付费', 13100005613);
insert into T_TERMINALINFO (TERMINAL_ID,TTYPE_ID,SIM_ID,TERMINAL_CODE,ORG_CODE,IS_VIDEO_TERMINAL,SP_SERVER_NAME,PROTOCOL_TYPE,CHANNELS,YT_PROTOCOL_TYPE) values(241614, 4, 25614, '1005613', 'B0000803',1,'1076测试服务器','4',8,'0');
insert into V_VEHICLEINFO (ORG_CODE,VEHICLE_ID,ID_NUMBER,TYPE_ID,TERMINAL_ID,DELETE_FLAG,COLOR_ID_NUMBER_ID,AUTHORIZED_PAY_MASS) values ('B0000803','2401614', '测B05613', 4, 241614, 0, '2',15);

insert into T_SIMINFO (SIM_ID, ORG_CODE, DEPTCODE, STATE,PAY_MODLE, SIM_NUM) values(25615, 'B0000803', '中国移动', 1, '预付费', 13100005614);
insert into T_TERMINALINFO (TERMINAL_ID,TTYPE_ID,SIM_ID,TERMINAL_CODE,ORG_CODE,IS_VIDEO_TERMINAL,SP_SERVER_NAME,PROTOCOL_TYPE,CHANNELS,YT_PROTOCOL_TYPE) values(241615, 4, 25615, '1005614', 'B0000803',1,'1076测试服务器','4',8,'0');
insert into V_VEHICLEINFO (ORG_CODE,VEHICLE_ID,ID_NUMBER,TYPE_ID,TERMINAL_ID,DELETE_FLAG,COLOR_ID_NUMBER_ID,AUTHORIZED_PAY_MASS) values ('B0000803','2401615', '测B05614', 4, 241615, 0, '2',15);

insert into T_SIMINFO (SIM_ID, ORG_CODE, DEPTCODE, STATE,PAY_MODLE, SIM_NUM) values(25616, 'B0000803', '中国移动', 1, '预付费', 13100005615);
insert into T_TERMINALINFO (TERMINAL_ID,TTYPE_ID,SIM_ID,TERMINAL_CODE,ORG_CODE,IS_VIDEO_TERMINAL,SP_SERVER_NAME,PROTOCOL_TYPE,CHANNELS,YT_PROTOCOL_TYPE) values(241616, 4, 25616, '1005615', 'B0000803',1,'1076测试服务器','4',8,'0');
insert into V_VEHICLEINFO (ORG_CODE,VEHICLE_ID,ID_NUMBER,TYPE_ID,TERMINAL_ID,DELETE_FLAG,COLOR_ID_NUMBER_ID,AUTHORIZED_PAY_MASS) values ('B0000803','2401616', '测B05615', 4, 241616, 0, '2',15);

insert into T_SIMINFO (SIM_ID, ORG_CODE, DEPTCODE, STATE,PAY_MODLE, SIM_NUM) values(25617, 'B0000803', '中国移动', 1, '预付费', 13100005616);
insert into T_TERMINALINFO (TERMINAL_ID,TTYPE_ID,SIM_ID,TERMINAL_CODE,ORG_CODE,IS_VIDEO_TERMINAL,SP_SERVER_NAME,PROTOCOL_TYPE,CHANNELS,YT_PROTOCOL_TYPE) values(241617, 4, 25617, '1005616', 'B0000803',1,'1076测试服务器','4',8,'0');
insert into V_VEHICLEINFO (ORG_CODE,VEHICLE_ID,ID_NUMBER,TYPE_ID,TERMINAL_ID,DELETE_FLAG,COLOR_ID_NUMBER_ID,AUTHORIZED_PAY_MASS) values ('B0000803','2401617', '测B05616', 4, 241617, 0, '2',15);

insert into T_SIMINFO (SIM_ID, ORG_CODE, DEPTCODE, STATE,PAY_MODLE, SIM_NUM) values(25618, 'B0000803', '中国移动', 1, '预付费', 13100005617);
insert into T_TERMINALINFO (TERMINAL_ID,TTYPE_ID,SIM_ID,TERMINAL_CODE,ORG_CODE,IS_VIDEO_TERMINAL,SP_SERVER_NAME,PROTOCOL_TYPE,CHANNELS,YT_PROTOCOL_TYPE) values(241618, 4, 25618, '1005617', 'B0000803',1,'1076测试服务器','4',8,'0');
insert into V_VEHICLEINFO (ORG_CODE,VEHICLE_ID,ID_NUMBER,TYPE_ID,TERMINAL_ID,DELETE_FLAG,COLOR_ID_NUMBER_ID,AUTHORIZED_PAY_MASS) values ('B0000803','2401618', '测B05617', 4, 241618, 0, '2',15);

insert into T_SIMINFO (SIM_ID, ORG_CODE, DEPTCODE, STATE,PAY_MODLE, SIM_NUM) values(25619, 'B0000803', '中国移动', 1, '预付费', 13100005618);
insert into T_TERMINALINFO (TERMINAL_ID,TTYPE_ID,SIM_ID,TERMINAL_CODE,ORG_CODE,IS_VIDEO_TERMINAL,SP_SERVER_NAME,PROTOCOL_TYPE,CHANNELS,YT_PROTOCOL_TYPE) values(241619, 4, 25619, '1005618', 'B0000803',1,'1076测试服务器','4',8,'0');
insert into V_VEHICLEINFO (ORG_CODE,VEHICLE_ID,ID_NUMBER,TYPE_ID,TERMINAL_ID,DELETE_FLAG,COLOR_ID_NUMBER_ID,AUTHORIZED_PAY_MASS) values ('B0000803','2401619', '测B05618', 4, 241619, 0, '2',15);

insert into T_SIMINFO (SIM_ID, ORG_CODE, DEPTCODE, STATE,PAY_MODLE, SIM_NUM) values(25620, 'B0000803', '中国移动', 1, '预付费', 13100005619);
insert into T_TERMINALINFO (TERMINAL_ID,TTYPE_ID,SIM_ID,TERMINAL_CODE,ORG_CODE,IS_VIDEO_TERMINAL,SP_SERVER_NAME,PROTOCOL_TYPE,CHANNELS,YT_PROTOCOL_TYPE) values(241620, 4, 25620, '1005619', 'B0000803',1,'1076测试服务器','4',8,'0');
insert into V_VEHICLEINFO (ORG_CODE,VEHICLE_ID,ID_NUMBER,TYPE_ID,TERMINAL_ID,DELETE_FLAG,COLOR_ID_NUMBER_ID,AUTHORIZED_PAY_MASS) values ('B0000803','2401620', '测B05619', 4, 241620, 0, '2',15);

insert into T_SIMINFO (SIM_ID, ORG_CODE, DEPTCODE, STATE,PAY_MODLE, SIM_NUM) values(25621, 'B0000803', '中国移动', 1, '预付费', 13100005620);
insert into T_TERMINALINFO (TERMINAL_ID,TTYPE_ID,SIM_ID,TERMINAL_CODE,ORG_CODE,IS_VIDEO_TERMINAL,SP_SERVER_NAME,PROTOCOL_TYPE,CHANNELS,YT_PROTOCOL_TYPE) values(241621, 4, 25621, '1005620', 'B0000803',1,'1076测试服务器','4',8,'0');
insert into V_VEHICLEINFO (ORG_CODE,VEHICLE_ID,ID_NUMBER,TYPE_ID,TERMINAL_ID,DELETE_FLAG,COLOR_ID_NUMBER_ID,AUTHORIZED_PAY_MASS) values ('B0000803','2401621', '测B05620', 4, 241621, 0, '2',15);

insert into T_SIMINFO (SIM_ID, ORG_CODE, DEPTCODE, STATE,PAY_MODLE, SIM_NUM) values(25622, 'B0000803', '中国移动', 1, '预付费', 13100005621);
insert into T_TERMINALINFO (TERMINAL_ID,TTYPE_ID,SIM_ID,TERMINAL_CODE,ORG_CODE,IS_VIDEO_TERMINAL,SP_SERVER_NAME,PROTOCOL_TYPE,CHANNELS,YT_PROTOCOL_TYPE) values(241622, 4, 25622, '1005621', 'B0000803',1,'1076测试服务器','4',8,'0');
insert into V_VEHICLEINFO (ORG_CODE,VEHICLE_ID,ID_NUMBER,TYPE_ID,TERMINAL_ID,DELETE_FLAG,COLOR_ID_NUMBER_ID,AUTHORIZED_PAY_MASS) values ('B0000803','2401622', '测B05621', 4, 241622, 0, '2',15);

insert into T_SIMINFO (SIM_ID, ORG_CODE, DEPTCODE, STATE,PAY_MODLE, SIM_NUM) values(25623, 'B0000803', '中国移动', 1, '预付费', 13100005622);
insert into T_TERMINALINFO (TERMINAL_ID,TTYPE_ID,SIM_ID,TERMINAL_CODE,ORG_CODE,IS_VIDEO_TERMINAL,SP_SERVER_NAME,PROTOCOL_TYPE,CHANNELS,YT_PROTOCOL_TYPE) values(241623, 4, 25623, '1005622', 'B0000803',1,'1076测试服务器','4',8,'0');
insert into V_VEHICLEINFO (ORG_CODE,VEHICLE_ID,ID_NUMBER,TYPE_ID,TERMINAL_ID,DELETE_FLAG,COLOR_ID_NUMBER_ID,AUTHORIZED_PAY_MASS) values ('B0000803','2401623', '测B05622', 4, 241623, 0, '2',15);

insert into T_SIMINFO (SIM_ID, ORG_CODE, DEPTCODE, STATE,PAY_MODLE, SIM_NUM) values(25624, 'B0000803', '中国移动', 1, '预付费', 13100005623);
insert into T_TERMINALINFO (TERMINAL_ID,TTYPE_ID,SIM_ID,TERMINAL_CODE,ORG_CODE,IS_VIDEO_TERMINAL,SP_SERVER_NAME,PROTOCOL_TYPE,CHANNELS,YT_PROTOCOL_TYPE) values(241624, 4, 25624, '1005623', 'B0000803',1,'1076测试服务器','4',8,'0');
insert into V_VEHICLEINFO (ORG_CODE,VEHICLE_ID,ID_NUMBER,TYPE_ID,TERMINAL_ID,DELETE_FLAG,COLOR_ID_NUMBER_ID,AUTHORIZED_PAY_MASS) values ('B0000803','2401624', '测B05623', 4, 241624, 0, '2',15);

insert into T_SIMINFO (SIM_ID, ORG_CODE, DEPTCODE, STATE,PAY_MODLE, SIM_NUM) values(25625, 'B0000803', '中国移动', 1, '预付费', 13100005624);
insert into T_TERMINALINFO (TERMINAL_ID,TTYPE_ID,SIM_ID,TERMINAL_CODE,ORG_CODE,IS_VIDEO_TERMINAL,SP_SERVER_NAME,PROTOCOL_TYPE,CHANNELS,YT_PROTOCOL_TYPE) values(241625, 4, 25625, '1005624', 'B0000803',1,'1076测试服务器','4',8,'0');
insert into V_VEHICLEINFO (ORG_CODE,VEHICLE_ID,ID_NUMBER,TYPE_ID,TERMINAL_ID,DELETE_FLAG,COLOR_ID_NUMBER_ID,AUTHORIZED_PAY_MASS) values ('B0000803','2401625', '测B05624', 4, 241625, 0, '2',15);

insert into T_SIMINFO (SIM_ID, ORG_CODE, DEPTCODE, STATE,PAY_MODLE, SIM_NUM) values(25626, 'B0000803', '中国移动', 1, '预付费', 13100005625);
insert into T_TERMINALINFO (TERMINAL_ID,TTYPE_ID,SIM_ID,TERMINAL_CODE,ORG_CODE,IS_VIDEO_TERMINAL,SP_SERVER_NAME,PROTOCOL_TYPE,CHANNELS,YT_PROTOCOL_TYPE) values(241626, 4, 25626, '1005625', 'B0000803',1,'1076测试服务器','4',8,'0');
insert into V_VEHICLEINFO (ORG_CODE,VEHICLE_ID,ID_NUMBER,TYPE_ID,TERMINAL_ID,DELETE_FLAG,COLOR_ID_NUMBER_ID,AUTHORIZED_PAY_MASS) values ('B0000803','2401626', '测B05625', 4, 241626, 0, '2',15);

insert into T_SIMINFO (SIM_ID, ORG_CODE, DEPTCODE, STATE,PAY_MODLE, SIM_NUM) values(25627, 'B0000803', '中国移动', 1, '预付费', 13100005626);
insert into T_TERMINALINFO (TERMINAL_ID,TTYPE_ID,SIM_ID,TERMINAL_CODE,ORG_CODE,IS_VIDEO_TERMINAL,SP_SERVER_NAME,PROTOCOL_TYPE,CHANNELS,YT_PROTOCOL_TYPE) values(241627, 4, 25627, '1005626', 'B0000803',1,'1076测试服务器','4',8,'0');
insert into V_VEHICLEINFO (ORG_CODE,VEHICLE_ID,ID_NUMBER,TYPE_ID,TERMINAL_ID,DELETE_FLAG,COLOR_ID_NUMBER_ID,AUTHORIZED_PAY_MASS) values ('B0000803','2401627', '测B05626', 4, 241627, 0, '2',15);

insert into T_SIMINFO (SIM_ID, ORG_CODE, DEPTCODE, STATE,PAY_MODLE, SIM_NUM) values(25628, 'B0000803', '中国移动', 1, '预付费', 13100005627);
insert into T_TERMINALINFO (TERMINAL_ID,TTYPE_ID,SIM_ID,TERMINAL_CODE,ORG_CODE,IS_VIDEO_TERMINAL,SP_SERVER_NAME,PROTOCOL_TYPE,CHANNELS,YT_PROTOCOL_TYPE) values(241628, 4, 25628, '1005627', 'B0000803',1,'1076测试服务器','4',8,'0');
insert into V_VEHICLEINFO (ORG_CODE,VEHICLE_ID,ID_NUMBER,TYPE_ID,TERMINAL_ID,DELETE_FLAG,COLOR_ID_NUMBER_ID,AUTHORIZED_PAY_MASS) values ('B0000803','2401628', '测B05627', 4, 241628, 0, '2',15);

insert into T_SIMINFO (SIM_ID, ORG_CODE, DEPTCODE, STATE,PAY_MODLE, SIM_NUM) values(25629, 'B0000803', '中国移动', 1, '预付费', 13100005628);
insert into T_TERMINALINFO (TERMINAL_ID,TTYPE_ID,SIM_ID,TERMINAL_CODE,ORG_CODE,IS_VIDEO_TERMINAL,SP_SERVER_NAME,PROTOCOL_TYPE,CHANNELS,YT_PROTOCOL_TYPE) values(241629, 4, 25629, '1005628', 'B0000803',1,'1076测试服务器','4',8,'0');
insert into V_VEHICLEINFO (ORG_CODE,VEHICLE_ID,ID_NUMBER,TYPE_ID,TERMINAL_ID,DELETE_FLAG,COLOR_ID_NUMBER_ID,AUTHORIZED_PAY_MASS) values ('B0000803','2401629', '测B05628', 4, 241629, 0, '2',15);

insert into T_SIMINFO (SIM_ID, ORG_CODE, DEPTCODE, STATE,PAY_MODLE, SIM_NUM) values(25630, 'B0000803', '中国移动', 1, '预付费', 13100005629);
insert into T_TERMINALINFO (TERMINAL_ID,TTYPE_ID,SIM_ID,TERMINAL_CODE,ORG_CODE,IS_VIDEO_TERMINAL,SP_SERVER_NAME,PROTOCOL_TYPE,CHANNELS,YT_PROTOCOL_TYPE) values(241630, 4, 25630, '1005629', 'B0000803',1,'1076测试服务器','4',8,'0');
insert into V_VEHICLEINFO (ORG_CODE,VEHICLE_ID,ID_NUMBER,TYPE_ID,TERMINAL_ID,DELETE_FLAG,COLOR_ID_NUMBER_ID,AUTHORIZED_PAY_MASS) values ('B0000803','2401630', '测B05629', 4, 241630, 0, '2',15);

insert into T_SIMINFO (SIM_ID, ORG_CODE, DEPTCODE, STATE,PAY_MODLE, SIM_NUM) values(25631, 'B0000803', '中国移动', 1, '预付费', 13100005630);
insert into T_TERMINALINFO (TERMINAL_ID,TTYPE_ID,SIM_ID,TERMINAL_CODE,ORG_CODE,IS_VIDEO_TERMINAL,SP_SERVER_NAME,PROTOCOL_TYPE,CHANNELS,YT_PROTOCOL_TYPE) values(241631, 4, 25631, '1005630', 'B0000803',1,'1076测试服务器','4',8,'0');
insert into V_VEHICLEINFO (ORG_CODE,VEHICLE_ID,ID_NUMBER,TYPE_ID,TERMINAL_ID,DELETE_FLAG,COLOR_ID_NUMBER_ID,AUTHORIZED_PAY_MASS) values ('B0000803','2401631', '测B05630', 4, 241631, 0, '2',15);

insert into T_SIMINFO (SIM_ID, ORG_CODE, DEPTCODE, STATE,PAY_MODLE, SIM_NUM) values(25632, 'B0000803', '中国移动', 1, '预付费', 13100005631);
insert into T_TERMINALINFO (TERMINAL_ID,TTYPE_ID,SIM_ID,TERMINAL_CODE,ORG_CODE,IS_VIDEO_TERMINAL,SP_SERVER_NAME,PROTOCOL_TYPE,CHANNELS,YT_PROTOCOL_TYPE) values(241632, 4, 25632, '1005631', 'B0000803',1,'1076测试服务器','4',8,'0');
insert into V_VEHICLEINFO (ORG_CODE,VEHICLE_ID,ID_NUMBER,TYPE_ID,TERMINAL_ID,DELETE_FLAG,COLOR_ID_NUMBER_ID,AUTHORIZED_PAY_MASS) values ('B0000803','2401632', '测B05631', 4, 241632, 0, '2',15);

insert into T_SIMINFO (SIM_ID, ORG_CODE, DEPTCODE, STATE,PAY_MODLE, SIM_NUM) values(25633, 'B0000803', '中国移动', 1, '预付费', 13100005632);
insert into T_TERMINALINFO (TERMINAL_ID,TTYPE_ID,SIM_ID,TERMINAL_CODE,ORG_CODE,IS_VIDEO_TERMINAL,SP_SERVER_NAME,PROTOCOL_TYPE,CHANNELS,YT_PROTOCOL_TYPE) values(241633, 4, 25633, '1005632', 'B0000803',1,'1076测试服务器','4',8,'0');
insert into V_VEHICLEINFO (ORG_CODE,VEHICLE_ID,ID_NUMBER,TYPE_ID,TERMINAL_ID,DELETE_FLAG,COLOR_ID_NUMBER_ID,AUTHORIZED_PAY_MASS) values ('B0000803','2401633', '测B05632', 4, 241633, 0, '2',15);

insert into T_SIMINFO (SIM_ID, ORG_CODE, DEPTCODE, STATE,PAY_MODLE, SIM_NUM) values(25634, 'B0000803', '中国移动', 1, '预付费', 13100005633);
insert into T_TERMINALINFO (TERMINAL_ID,TTYPE_ID,SIM_ID,TERMINAL_CODE,ORG_CODE,IS_VIDEO_TERMINAL,SP_SERVER_NAME,PROTOCOL_TYPE,CHANNELS,YT_PROTOCOL_TYPE) values(241634, 4, 25634, '1005633', 'B0000803',1,'1076测试服务器','4',8,'0');
insert into V_VEHICLEINFO (ORG_CODE,VEHICLE_ID,ID_NUMBER,TYPE_ID,TERMINAL_ID,DELETE_FLAG,COLOR_ID_NUMBER_ID,AUTHORIZED_PAY_MASS) values ('B0000803','2401634', '测B05633', 4, 241634, 0, '2',15);

insert into T_SIMINFO (SIM_ID, ORG_CODE, DEPTCODE, STATE,PAY_MODLE, SIM_NUM) values(25635, 'B0000803', '中国移动', 1, '预付费', 13100005634);
insert into T_TERMINALINFO (TERMINAL_ID,TTYPE_ID,SIM_ID,TERMINAL_CODE,ORG_CODE,IS_VIDEO_TERMINAL,SP_SERVER_NAME,PROTOCOL_TYPE,CHANNELS,YT_PROTOCOL_TYPE) values(241635, 4, 25635, '1005634', 'B0000803',1,'1076测试服务器','4',8,'0');
insert into V_VEHICLEINFO (ORG_CODE,VEHICLE_ID,ID_NUMBER,TYPE_ID,TERMINAL_ID,DELETE_FLAG,COLOR_ID_NUMBER_ID,AUTHORIZED_PAY_MASS) values ('B0000803','2401635', '测B05634', 4, 241635, 0, '2',15);

insert into T_SIMINFO (SIM_ID, ORG_CODE, DEPTCODE, STATE,PAY_MODLE, SIM_NUM) values(25636, 'B0000803', '中国移动', 1, '预付费', 13100005635);
insert into T_TERMINALINFO (TERMINAL_ID,TTYPE_ID,SIM_ID,TERMINAL_CODE,ORG_CODE,IS_VIDEO_TERMINAL,SP_SERVER_NAME,PROTOCOL_TYPE,CHANNELS,YT_PROTOCOL_TYPE) values(241636, 4, 25636, '1005635', 'B0000803',1,'1076测试服务器','4',8,'0');
insert into V_VEHICLEINFO (ORG_CODE,VEHICLE_ID,ID_NUMBER,TYPE_ID,TERMINAL_ID,DELETE_FLAG,COLOR_ID_NUMBER_ID,AUTHORIZED_PAY_MASS) values ('B0000803','2401636', '测B05635', 4, 241636, 0, '2',15);

insert into T_SIMINFO (SIM_ID, ORG_CODE, DEPTCODE, STATE,PAY_MODLE, SIM_NUM) values(25637, 'B0000803', '中国移动', 1, '预付费', 13100005636);
insert into T_TERMINALINFO (TERMINAL_ID,TTYPE_ID,SIM_ID,TERMINAL_CODE,ORG_CODE,IS_VIDEO_TERMINAL,SP_SERVER_NAME,PROTOCOL_TYPE,CHANNELS,YT_PROTOCOL_TYPE) values(241637, 4, 25637, '1005636', 'B0000803',1,'1076测试服务器','4',8,'0');
insert into V_VEHICLEINFO (ORG_CODE,VEHICLE_ID,ID_NUMBER,TYPE_ID,TERMINAL_ID,DELETE_FLAG,COLOR_ID_NUMBER_ID,AUTHORIZED_PAY_MASS) values ('B0000803','2401637', '测B05636', 4, 241637, 0, '2',15);

insert into T_SIMINFO (SIM_ID, ORG_CODE, DEPTCODE, STATE,PAY_MODLE, SIM_NUM) values(25638, 'B0000803', '中国移动', 1, '预付费', 13100005637);
insert into T_TERMINALINFO (TERMINAL_ID,TTYPE_ID,SIM_ID,TERMINAL_CODE,ORG_CODE,IS_VIDEO_TERMINAL,SP_SERVER_NAME,PROTOCOL_TYPE,CHANNELS,YT_PROTOCOL_TYPE) values(241638, 4, 25638, '1005637', 'B0000803',1,'1076测试服务器','4',8,'0');
insert into V_VEHICLEINFO (ORG_CODE,VEHICLE_ID,ID_NUMBER,TYPE_ID,TERMINAL_ID,DELETE_FLAG,COLOR_ID_NUMBER_ID,AUTHORIZED_PAY_MASS) values ('B0000803','2401638', '测B05637', 4, 241638, 0, '2',15);

insert into T_SIMINFO (SIM_ID, ORG_CODE, DEPTCODE, STATE,PAY_MODLE, SIM_NUM) values(25639, 'B0000803', '中国移动', 1, '预付费', 13100005638);
insert into T_TERMINALINFO (TERMINAL_ID,TTYPE_ID,SIM_ID,TERMINAL_CODE,ORG_CODE,IS_VIDEO_TERMINAL,SP_SERVER_NAME,PROTOCOL_TYPE,CHANNELS,YT_PROTOCOL_TYPE) values(241639, 4, 25639, '1005638', 'B0000803',1,'1076测试服务器','4',8,'0');
insert into V_VEHICLEINFO (ORG_CODE,VEHICLE_ID,ID_NUMBER,TYPE_ID,TERMINAL_ID,DELETE_FLAG,COLOR_ID_NUMBER_ID,AUTHORIZED_PAY_MASS) values ('B0000803','2401639', '测B05638', 4, 241639, 0, '2',15);

insert into T_SIMINFO (SIM_ID, ORG_CODE, DEPTCODE, STATE,PAY_MODLE, SIM_NUM) values(25640, 'B0000803', '中国移动', 1, '预付费', 13100005639);
insert into T_TERMINALINFO (TERMINAL_ID,TTYPE_ID,SIM_ID,TERMINAL_CODE,ORG_CODE,IS_VIDEO_TERMINAL,SP_SERVER_NAME,PROTOCOL_TYPE,CHANNELS,YT_PROTOCOL_TYPE) values(241640, 4, 25640, '1005639', 'B0000803',1,'1076测试服务器','4',8,'0');
insert into V_VEHICLEINFO (ORG_CODE,VEHICLE_ID,ID_NUMBER,TYPE_ID,TERMINAL_ID,DELETE_FLAG,COLOR_ID_NUMBER_ID,AUTHORIZED_PAY_MASS) values ('B0000803','2401640', '测B05639', 4, 241640, 0, '2',15);

insert into T_SIMINFO (SIM_ID, ORG_CODE, DEPTCODE, STATE,PAY_MODLE, SIM_NUM) values(25641, 'B0000803', '中国移动', 1, '预付费', 13100005640);
insert into T_TERMINALINFO (TERMINAL_ID,TTYPE_ID,SIM_ID,TERMINAL_CODE,ORG_CODE,IS_VIDEO_TERMINAL,SP_SERVER_NAME,PROTOCOL_TYPE,CHANNELS,YT_PROTOCOL_TYPE) values(241641, 4, 25641, '1005640', 'B0000803',1,'1076测试服务器','4',8,'0');
insert into V_VEHICLEINFO (ORG_CODE,VEHICLE_ID,ID_NUMBER,TYPE_ID,TERMINAL_ID,DELETE_FLAG,COLOR_ID_NUMBER_ID,AUTHORIZED_PAY_MASS) values ('B0000803','2401641', '测B05640', 4, 241641, 0, '2',15);

insert into T_SIMINFO (SIM_ID, ORG_CODE, DEPTCODE, STATE,PAY_MODLE, SIM_NUM) values(25642, 'B0000803', '中国移动', 1, '预付费', 13100005641);
insert into T_TERMINALINFO (TERMINAL_ID,TTYPE_ID,SIM_ID,TERMINAL_CODE,ORG_CODE,IS_VIDEO_TERMINAL,SP_SERVER_NAME,PROTOCOL_TYPE,CHANNELS,YT_PROTOCOL_TYPE) values(241642, 4, 25642, '1005641', 'B0000803',1,'1076测试服务器','4',8,'0');
insert into V_VEHICLEINFO (ORG_CODE,VEHICLE_ID,ID_NUMBER,TYPE_ID,TERMINAL_ID,DELETE_FLAG,COLOR_ID_NUMBER_ID,AUTHORIZED_PAY_MASS) values ('B0000803','2401642', '测B05641', 4, 241642, 0, '2',15);

insert into T_SIMINFO (SIM_ID, ORG_CODE, DEPTCODE, STATE,PAY_MODLE, SIM_NUM) values(25643, 'B0000803', '中国移动', 1, '预付费', 13100005642);
insert into T_TERMINALINFO (TERMINAL_ID,TTYPE_ID,SIM_ID,TERMINAL_CODE,ORG_CODE,IS_VIDEO_TERMINAL,SP_SERVER_NAME,PROTOCOL_TYPE,CHANNELS,YT_PROTOCOL_TYPE) values(241643, 4, 25643, '1005642', 'B0000803',1,'1076测试服务器','4',8,'0');
insert into V_VEHICLEINFO (ORG_CODE,VEHICLE_ID,ID_NUMBER,TYPE_ID,TERMINAL_ID,DELETE_FLAG,COLOR_ID_NUMBER_ID,AUTHORIZED_PAY_MASS) values ('B0000803','2401643', '测B05642', 4, 241643, 0, '2',15);

insert into T_SIMINFO (SIM_ID, ORG_CODE, DEPTCODE, STATE,PAY_MODLE, SIM_NUM) values(25644, 'B0000803', '中国移动', 1, '预付费', 13100005643);
insert into T_TERMINALINFO (TERMINAL_ID,TTYPE_ID,SIM_ID,TERMINAL_CODE,ORG_CODE,IS_VIDEO_TERMINAL,SP_SERVER_NAME,PROTOCOL_TYPE,CHANNELS,YT_PROTOCOL_TYPE) values(241644, 4, 25644, '1005643', 'B0000803',1,'1076测试服务器','4',8,'0');
insert into V_VEHICLEINFO (ORG_CODE,VEHICLE_ID,ID_NUMBER,TYPE_ID,TERMINAL_ID,DELETE_FLAG,COLOR_ID_NUMBER_ID,AUTHORIZED_PAY_MASS) values ('B0000803','2401644', '测B05643', 4, 241644, 0, '2',15);

insert into T_SIMINFO (SIM_ID, ORG_CODE, DEPTCODE, STATE,PAY_MODLE, SIM_NUM) values(25645, 'B0000803', '中国移动', 1, '预付费', 13100005644);
insert into T_TERMINALINFO (TERMINAL_ID,TTYPE_ID,SIM_ID,TERMINAL_CODE,ORG_CODE,IS_VIDEO_TERMINAL,SP_SERVER_NAME,PROTOCOL_TYPE,CHANNELS,YT_PROTOCOL_TYPE) values(241645, 4, 25645, '1005644', 'B0000803',1,'1076测试服务器','4',8,'0');
insert into V_VEHICLEINFO (ORG_CODE,VEHICLE_ID,ID_NUMBER,TYPE_ID,TERMINAL_ID,DELETE_FLAG,COLOR_ID_NUMBER_ID,AUTHORIZED_PAY_MASS) values ('B0000803','2401645', '测B05644', 4, 241645, 0, '2',15);

insert into T_SIMINFO (SIM_ID, ORG_CODE, DEPTCODE, STATE,PAY_MODLE, SIM_NUM) values(25646, 'B0000803', '中国移动', 1, '预付费', 13100005645);
insert into T_TERMINALINFO (TERMINAL_ID,TTYPE_ID,SIM_ID,TERMINAL_CODE,ORG_CODE,IS_VIDEO_TERMINAL,SP_SERVER_NAME,PROTOCOL_TYPE,CHANNELS,YT_PROTOCOL_TYPE) values(241646, 4, 25646, '1005645', 'B0000803',1,'1076测试服务器','4',8,'0');
insert into V_VEHICLEINFO (ORG_CODE,VEHICLE_ID,ID_NUMBER,TYPE_ID,TERMINAL_ID,DELETE_FLAG,COLOR_ID_NUMBER_ID,AUTHORIZED_PAY_MASS) values ('B0000803','2401646', '测B05645', 4, 241646, 0, '2',15);

insert into T_SIMINFO (SIM_ID, ORG_CODE, DEPTCODE, STATE,PAY_MODLE, SIM_NUM) values(25647, 'B0000803', '中国移动', 1, '预付费', 13100005646);
insert into T_TERMINALINFO (TERMINAL_ID,TTYPE_ID,SIM_ID,TERMINAL_CODE,ORG_CODE,IS_VIDEO_TERMINAL,SP_SERVER_NAME,PROTOCOL_TYPE,CHANNELS,YT_PROTOCOL_TYPE) values(241647, 4, 25647, '1005646', 'B0000803',1,'1076测试服务器','4',8,'0');
insert into V_VEHICLEINFO (ORG_CODE,VEHICLE_ID,ID_NUMBER,TYPE_ID,TERMINAL_ID,DELETE_FLAG,COLOR_ID_NUMBER_ID,AUTHORIZED_PAY_MASS) values ('B0000803','2401647', '测B05646', 4, 241647, 0, '2',15);

insert into T_SIMINFO (SIM_ID, ORG_CODE, DEPTCODE, STATE,PAY_MODLE, SIM_NUM) values(25648, 'B0000803', '中国移动', 1, '预付费', 13100005647);
insert into T_TERMINALINFO (TERMINAL_ID,TTYPE_ID,SIM_ID,TERMINAL_CODE,ORG_CODE,IS_VIDEO_TERMINAL,SP_SERVER_NAME,PROTOCOL_TYPE,CHANNELS,YT_PROTOCOL_TYPE) values(241648, 4, 25648, '1005647', 'B0000803',1,'1076测试服务器','4',8,'0');
insert into V_VEHICLEINFO (ORG_CODE,VEHICLE_ID,ID_NUMBER,TYPE_ID,TERMINAL_ID,DELETE_FLAG,COLOR_ID_NUMBER_ID,AUTHORIZED_PAY_MASS) values ('B0000803','2401648', '测B05647', 4, 241648, 0, '2',15);

insert into T_SIMINFO (SIM_ID, ORG_CODE, DEPTCODE, STATE,PAY_MODLE, SIM_NUM) values(25649, 'B0000803', '中国移动', 1, '预付费', 13100005648);
insert into T_TERMINALINFO (TERMINAL_ID,TTYPE_ID,SIM_ID,TERMINAL_CODE,ORG_CODE,IS_VIDEO_TERMINAL,SP_SERVER_NAME,PROTOCOL_TYPE,CHANNELS,YT_PROTOCOL_TYPE) values(241649, 4, 25649, '1005648', 'B0000803',1,'1076测试服务器','4',8,'0');
insert into V_VEHICLEINFO (ORG_CODE,VEHICLE_ID,ID_NUMBER,TYPE_ID,TERMINAL_ID,DELETE_FLAG,COLOR_ID_NUMBER_ID,AUTHORIZED_PAY_MASS) values ('B0000803','2401649', '测B05648', 4, 241649, 0, '2',15);

insert into T_SIMINFO (SIM_ID, ORG_CODE, DEPTCODE, STATE,PAY_MODLE, SIM_NUM) values(25650, 'B0000803', '中国移动', 1, '预付费', 13100005649);
insert into T_TERMINALINFO (TERMINAL_ID,TTYPE_ID,SIM_ID,TERMINAL_CODE,ORG_CODE,IS_VIDEO_TERMINAL,SP_SERVER_NAME,PROTOCOL_TYPE,CHANNELS,YT_PROTOCOL_TYPE) values(241650, 4, 25650, '1005649', 'B0000803',1,'1076测试服务器','4',8,'0');
insert into V_VEHICLEINFO (ORG_CODE,VEHICLE_ID,ID_NUMBER,TYPE_ID,TERMINAL_ID,DELETE_FLAG,COLOR_ID_NUMBER_ID,AUTHORIZED_PAY_MASS) values ('B0000803','2401650', '测B05649', 4, 241650, 0, '2',15);

insert into T_SIMINFO (SIM_ID, ORG_CODE, DEPTCODE, STATE,PAY_MODLE, SIM_NUM) values(25651, 'B0000803', '中国移动', 1, '预付费', 13100005650);
insert into T_TERMINALINFO (TERMINAL_ID,TTYPE_ID,SIM_ID,TERMINAL_CODE,ORG_CODE,IS_VIDEO_TERMINAL,SP_SERVER_NAME,PROTOCOL_TYPE,CHANNELS,YT_PROTOCOL_TYPE) values(241651, 4, 25651, '1005650', 'B0000803',1,'1076测试服务器','4',8,'0');
insert into V_VEHICLEINFO (ORG_CODE,VEHICLE_ID,ID_NUMBER,TYPE_ID,TERMINAL_ID,DELETE_FLAG,COLOR_ID_NUMBER_ID,AUTHORIZED_PAY_MASS) values ('B0000803','2401651', '测B05650', 4, 241651, 0, '2',15);

insert into T_SIMINFO (SIM_ID, ORG_CODE, DEPTCODE, STATE,PAY_MODLE, SIM_NUM) values(25652, 'B0000803', '中国移动', 1, '预付费', 13100005651);
insert into T_TERMINALINFO (TERMINAL_ID,TTYPE_ID,SIM_ID,TERMINAL_CODE,ORG_CODE,IS_VIDEO_TERMINAL,SP_SERVER_NAME,PROTOCOL_TYPE,CHANNELS,YT_PROTOCOL_TYPE) values(241652, 4, 25652, '1005651', 'B0000803',1,'1076测试服务器','4',8,'0');
insert into V_VEHICLEINFO (ORG_CODE,VEHICLE_ID,ID_NUMBER,TYPE_ID,TERMINAL_ID,DELETE_FLAG,COLOR_ID_NUMBER_ID,AUTHORIZED_PAY_MASS) values ('B0000803','2401652', '测B05651', 4, 241652, 0, '2',15);

insert into T_SIMINFO (SIM_ID, ORG_CODE, DEPTCODE, STATE,PAY_MODLE, SIM_NUM) values(25653, 'B0000803', '中国移动', 1, '预付费', 13100005652);
insert into T_TERMINALINFO (TERMINAL_ID,TTYPE_ID,SIM_ID,TERMINAL_CODE,ORG_CODE,IS_VIDEO_TERMINAL,SP_SERVER_NAME,PROTOCOL_TYPE,CHANNELS,YT_PROTOCOL_TYPE) values(241653, 4, 25653, '1005652', 'B0000803',1,'1076测试服务器','4',8,'0');
insert into V_VEHICLEINFO (ORG_CODE,VEHICLE_ID,ID_NUMBER,TYPE_ID,TERMINAL_ID,DELETE_FLAG,COLOR_ID_NUMBER_ID,AUTHORIZED_PAY_MASS) values ('B0000803','2401653', '测B05652', 4, 241653, 0, '2',15);

insert into T_SIMINFO (SIM_ID, ORG_CODE, DEPTCODE, STATE,PAY_MODLE, SIM_NUM) values(25654, 'B0000803', '中国移动', 1, '预付费', 13100005653);
insert into T_TERMINALINFO (TERMINAL_ID,TTYPE_ID,SIM_ID,TERMINAL_CODE,ORG_CODE,IS_VIDEO_TERMINAL,SP_SERVER_NAME,PROTOCOL_TYPE,CHANNELS,YT_PROTOCOL_TYPE) values(241654, 4, 25654, '1005653', 'B0000803',1,'1076测试服务器','4',8,'0');
insert into V_VEHICLEINFO (ORG_CODE,VEHICLE_ID,ID_NUMBER,TYPE_ID,TERMINAL_ID,DELETE_FLAG,COLOR_ID_NUMBER_ID,AUTHORIZED_PAY_MASS) values ('B0000803','2401654', '测B05653', 4, 241654, 0, '2',15);

insert into T_SIMINFO (SIM_ID, ORG_CODE, DEPTCODE, STATE,PAY_MODLE, SIM_NUM) values(25655, 'B0000803', '中国移动', 1, '预付费', 13100005654);
insert into T_TERMINALINFO (TERMINAL_ID,TTYPE_ID,SIM_ID,TERMINAL_CODE,ORG_CODE,IS_VIDEO_TERMINAL,SP_SERVER_NAME,PROTOCOL_TYPE,CHANNELS,YT_PROTOCOL_TYPE) values(241655, 4, 25655, '1005654', 'B0000803',1,'1076测试服务器','4',8,'0');
insert into V_VEHICLEINFO (ORG_CODE,VEHICLE_ID,ID_NUMBER,TYPE_ID,TERMINAL_ID,DELETE_FLAG,COLOR_ID_NUMBER_ID,AUTHORIZED_PAY_MASS) values ('B0000803','2401655', '测B05654', 4, 241655, 0, '2',15);

insert into T_SIMINFO (SIM_ID, ORG_CODE, DEPTCODE, STATE,PAY_MODLE, SIM_NUM) values(25656, 'B0000803', '中国移动', 1, '预付费', 13100005655);
insert into T_TERMINALINFO (TERMINAL_ID,TTYPE_ID,SIM_ID,TERMINAL_CODE,ORG_CODE,IS_VIDEO_TERMINAL,SP_SERVER_NAME,PROTOCOL_TYPE,CHANNELS,YT_PROTOCOL_TYPE) values(241656, 4, 25656, '1005655', 'B0000803',1,'1076测试服务器','4',8,'0');
insert into V_VEHICLEINFO (ORG_CODE,VEHICLE_ID,ID_NUMBER,TYPE_ID,TERMINAL_ID,DELETE_FLAG,COLOR_ID_NUMBER_ID,AUTHORIZED_PAY_MASS) values ('B0000803','2401656', '测B05655', 4, 241656, 0, '2',15);

insert into T_SIMINFO (SIM_ID, ORG_CODE, DEPTCODE, STATE,PAY_MODLE, SIM_NUM) values(25657, 'B0000803', '中国移动', 1, '预付费', 13100005656);
insert into T_TERMINALINFO (TERMINAL_ID,TTYPE_ID,SIM_ID,TERMINAL_CODE,ORG_CODE,IS_VIDEO_TERMINAL,SP_SERVER_NAME,PROTOCOL_TYPE,CHANNELS,YT_PROTOCOL_TYPE) values(241657, 4, 25657, '1005656', 'B0000803',1,'1076测试服务器','4',8,'0');
insert into V_VEHICLEINFO (ORG_CODE,VEHICLE_ID,ID_NUMBER,TYPE_ID,TERMINAL_ID,DELETE_FLAG,COLOR_ID_NUMBER_ID,AUTHORIZED_PAY_MASS) values ('B0000803','2401657', '测B05656', 4, 241657, 0, '2',15);

insert into T_SIMINFO (SIM_ID, ORG_CODE, DEPTCODE, STATE,PAY_MODLE, SIM_NUM) values(25658, 'B0000803', '中国移动', 1, '预付费', 13100005657);
insert into T_TERMINALINFO (TERMINAL_ID,TTYPE_ID,SIM_ID,TERMINAL_CODE,ORG_CODE,IS_VIDEO_TERMINAL,SP_SERVER_NAME,PROTOCOL_TYPE,CHANNELS,YT_PROTOCOL_TYPE) values(241658, 4, 25658, '1005657', 'B0000803',1,'1076测试服务器','4',8,'0');
insert into V_VEHICLEINFO (ORG_CODE,VEHICLE_ID,ID_NUMBER,TYPE_ID,TERMINAL_ID,DELETE_FLAG,COLOR_ID_NUMBER_ID,AUTHORIZED_PAY_MASS) values ('B0000803','2401658', '测B05657', 4, 241658, 0, '2',15);

insert into T_SIMINFO (SIM_ID, ORG_CODE, DEPTCODE, STATE,PAY_MODLE, SIM_NUM) values(25659, 'B0000803', '中国移动', 1, '预付费', 13100005658);
insert into T_TERMINALINFO (TERMINAL_ID,TTYPE_ID,SIM_ID,TERMINAL_CODE,ORG_CODE,IS_VIDEO_TERMINAL,SP_SERVER_NAME,PROTOCOL_TYPE,CHANNELS,YT_PROTOCOL_TYPE) values(241659, 4, 25659, '1005658', 'B0000803',1,'1076测试服务器','4',8,'0');
insert into V_VEHICLEINFO (ORG_CODE,VEHICLE_ID,ID_NUMBER,TYPE_ID,TERMINAL_ID,DELETE_FLAG,COLOR_ID_NUMBER_ID,AUTHORIZED_PAY_MASS) values ('B0000803','2401659', '测B05658', 4, 241659, 0, '2',15);

insert into T_SIMINFO (SIM_ID, ORG_CODE, DEPTCODE, STATE,PAY_MODLE, SIM_NUM) values(25660, 'B0000803', '中国移动', 1, '预付费', 13100005659);
insert into T_TERMINALINFO (TERMINAL_ID,TTYPE_ID,SIM_ID,TERMINAL_CODE,ORG_CODE,IS_VIDEO_TERMINAL,SP_SERVER_NAME,PROTOCOL_TYPE,CHANNELS,YT_PROTOCOL_TYPE) values(241660, 4, 25660, '1005659', 'B0000803',1,'1076测试服务器','4',8,'0');
insert into V_VEHICLEINFO (ORG_CODE,VEHICLE_ID,ID_NUMBER,TYPE_ID,TERMINAL_ID,DELETE_FLAG,COLOR_ID_NUMBER_ID,AUTHORIZED_PAY_MASS) values ('B0000803','2401660', '测B05659', 4, 241660, 0, '2',15);

insert into T_SIMINFO (SIM_ID, ORG_CODE, DEPTCODE, STATE,PAY_MODLE, SIM_NUM) values(25661, 'B0000803', '中国移动', 1, '预付费', 13100005660);
insert into T_TERMINALINFO (TERMINAL_ID,TTYPE_ID,SIM_ID,TERMINAL_CODE,ORG_CODE,IS_VIDEO_TERMINAL,SP_SERVER_NAME,PROTOCOL_TYPE,CHANNELS,YT_PROTOCOL_TYPE) values(241661, 4, 25661, '1005660', 'B0000803',1,'1076测试服务器','4',8,'0');
insert into V_VEHICLEINFO (ORG_CODE,VEHICLE_ID,ID_NUMBER,TYPE_ID,TERMINAL_ID,DELETE_FLAG,COLOR_ID_NUMBER_ID,AUTHORIZED_PAY_MASS) values ('B0000803','2401661', '测B05660', 4, 241661, 0, '2',15);

insert into T_SIMINFO (SIM_ID, ORG_CODE, DEPTCODE, STATE,PAY_MODLE, SIM_NUM) values(25662, 'B0000803', '中国移动', 1, '预付费', 13100005661);
insert into T_TERMINALINFO (TERMINAL_ID,TTYPE_ID,SIM_ID,TERMINAL_CODE,ORG_CODE,IS_VIDEO_TERMINAL,SP_SERVER_NAME,PROTOCOL_TYPE,CHANNELS,YT_PROTOCOL_TYPE) values(241662, 4, 25662, '1005661', 'B0000803',1,'1076测试服务器','4',8,'0');
insert into V_VEHICLEINFO (ORG_CODE,VEHICLE_ID,ID_NUMBER,TYPE_ID,TERMINAL_ID,DELETE_FLAG,COLOR_ID_NUMBER_ID,AUTHORIZED_PAY_MASS) values ('B0000803','2401662', '测B05661', 4, 241662, 0, '2',15);

insert into T_SIMINFO (SIM_ID, ORG_CODE, DEPTCODE, STATE,PAY_MODLE, SIM_NUM) values(25663, 'B0000803', '中国移动', 1, '预付费', 13100005662);
insert into T_TERMINALINFO (TERMINAL_ID,TTYPE_ID,SIM_ID,TERMINAL_CODE,ORG_CODE,IS_VIDEO_TERMINAL,SP_SERVER_NAME,PROTOCOL_TYPE,CHANNELS,YT_PROTOCOL_TYPE) values(241663, 4, 25663, '1005662', 'B0000803',1,'1076测试服务器','4',8,'0');
insert into V_VEHICLEINFO (ORG_CODE,VEHICLE_ID,ID_NUMBER,TYPE_ID,TERMINAL_ID,DELETE_FLAG,COLOR_ID_NUMBER_ID,AUTHORIZED_PAY_MASS) values ('B0000803','2401663', '测B05662', 4, 241663, 0, '2',15);

insert into T_SIMINFO (SIM_ID, ORG_CODE, DEPTCODE, STATE,PAY_MODLE, SIM_NUM) values(25664, 'B0000803', '中国移动', 1, '预付费', 13100005663);
insert into T_TERMINALINFO (TERMINAL_ID,TTYPE_ID,SIM_ID,TERMINAL_CODE,ORG_CODE,IS_VIDEO_TERMINAL,SP_SERVER_NAME,PROTOCOL_TYPE,CHANNELS,YT_PROTOCOL_TYPE) values(241664, 4, 25664, '1005663', 'B0000803',1,'1076测试服务器','4',8,'0');
insert into V_VEHICLEINFO (ORG_CODE,VEHICLE_ID,ID_NUMBER,TYPE_ID,TERMINAL_ID,DELETE_FLAG,COLOR_ID_NUMBER_ID,AUTHORIZED_PAY_MASS) values ('B0000803','2401664', '测B05663', 4, 241664, 0, '2',15);

insert into T_SIMINFO (SIM_ID, ORG_CODE, DEPTCODE, STATE,PAY_MODLE, SIM_NUM) values(25665, 'B0000803', '中国移动', 1, '预付费', 13100005664);
insert into T_TERMINALINFO (TERMINAL_ID,TTYPE_ID,SIM_ID,TERMINAL_CODE,ORG_CODE,IS_VIDEO_TERMINAL,SP_SERVER_NAME,PROTOCOL_TYPE,CHANNELS,YT_PROTOCOL_TYPE) values(241665, 4, 25665, '1005664', 'B0000803',1,'1076测试服务器','4',8,'0');
insert into V_VEHICLEINFO (ORG_CODE,VEHICLE_ID,ID_NUMBER,TYPE_ID,TERMINAL_ID,DELETE_FLAG,COLOR_ID_NUMBER_ID,AUTHORIZED_PAY_MASS) values ('B0000803','2401665', '测B05664', 4, 241665, 0, '2',15);

insert into T_SIMINFO (SIM_ID, ORG_CODE, DEPTCODE, STATE,PAY_MODLE, SIM_NUM) values(25666, 'B0000803', '中国移动', 1, '预付费', 13100005665);
insert into T_TERMINALINFO (TERMINAL_ID,TTYPE_ID,SIM_ID,TERMINAL_CODE,ORG_CODE,IS_VIDEO_TERMINAL,SP_SERVER_NAME,PROTOCOL_TYPE,CHANNELS,YT_PROTOCOL_TYPE) values(241666, 4, 25666, '1005665', 'B0000803',1,'1076测试服务器','4',8,'0');
insert into V_VEHICLEINFO (ORG_CODE,VEHICLE_ID,ID_NUMBER,TYPE_ID,TERMINAL_ID,DELETE_FLAG,COLOR_ID_NUMBER_ID,AUTHORIZED_PAY_MASS) values ('B0000803','2401666', '测B05665', 4, 241666, 0, '2',15);

insert into T_SIMINFO (SIM_ID, ORG_CODE, DEPTCODE, STATE,PAY_MODLE, SIM_NUM) values(25667, 'B0000803', '中国移动', 1, '预付费', 13100005666);
insert into T_TERMINALINFO (TERMINAL_ID,TTYPE_ID,SIM_ID,TERMINAL_CODE,ORG_CODE,IS_VIDEO_TERMINAL,SP_SERVER_NAME,PROTOCOL_TYPE,CHANNELS,YT_PROTOCOL_TYPE) values(241667, 4, 25667, '1005666', 'B0000803',1,'1076测试服务器','4',8,'0');
insert into V_VEHICLEINFO (ORG_CODE,VEHICLE_ID,ID_NUMBER,TYPE_ID,TERMINAL_ID,DELETE_FLAG,COLOR_ID_NUMBER_ID,AUTHORIZED_PAY_MASS) values ('B0000803','2401667', '测B05666', 4, 241667, 0, '2',15);

insert into T_SIMINFO (SIM_ID, ORG_CODE, DEPTCODE, STATE,PAY_MODLE, SIM_NUM) values(25668, 'B0000803', '中国移动', 1, '预付费', 13100005667);
insert into T_TERMINALINFO (TERMINAL_ID,TTYPE_ID,SIM_ID,TERMINAL_CODE,ORG_CODE,IS_VIDEO_TERMINAL,SP_SERVER_NAME,PROTOCOL_TYPE,CHANNELS,YT_PROTOCOL_TYPE) values(241668, 4, 25668, '1005667', 'B0000803',1,'1076测试服务器','4',8,'0');
insert into V_VEHICLEINFO (ORG_CODE,VEHICLE_ID,ID_NUMBER,TYPE_ID,TERMINAL_ID,DELETE_FLAG,COLOR_ID_NUMBER_ID,AUTHORIZED_PAY_MASS) values ('B0000803','2401668', '测B05667', 4, 241668, 0, '2',15);

insert into T_SIMINFO (SIM_ID, ORG_CODE, DEPTCODE, STATE,PAY_MODLE, SIM_NUM) values(25669, 'B0000803', '中国移动', 1, '预付费', 13100005668);
insert into T_TERMINALINFO (TERMINAL_ID,TTYPE_ID,SIM_ID,TERMINAL_CODE,ORG_CODE,IS_VIDEO_TERMINAL,SP_SERVER_NAME,PROTOCOL_TYPE,CHANNELS,YT_PROTOCOL_TYPE) values(241669, 4, 25669, '1005668', 'B0000803',1,'1076测试服务器','4',8,'0');
insert into V_VEHICLEINFO (ORG_CODE,VEHICLE_ID,ID_NUMBER,TYPE_ID,TERMINAL_ID,DELETE_FLAG,COLOR_ID_NUMBER_ID,AUTHORIZED_PAY_MASS) values ('B0000803','2401669', '测B05668', 4, 241669, 0, '2',15);

insert into T_SIMINFO (SIM_ID, ORG_CODE, DEPTCODE, STATE,PAY_MODLE, SIM_NUM) values(25670, 'B0000803', '中国移动', 1, '预付费', 13100005669);
insert into T_TERMINALINFO (TERMINAL_ID,TTYPE_ID,SIM_ID,TERMINAL_CODE,ORG_CODE,IS_VIDEO_TERMINAL,SP_SERVER_NAME,PROTOCOL_TYPE,CHANNELS,YT_PROTOCOL_TYPE) values(241670, 4, 25670, '1005669', 'B0000803',1,'1076测试服务器','4',8,'0');
insert into V_VEHICLEINFO (ORG_CODE,VEHICLE_ID,ID_NUMBER,TYPE_ID,TERMINAL_ID,DELETE_FLAG,COLOR_ID_NUMBER_ID,AUTHORIZED_PAY_MASS) values ('B0000803','2401670', '测B05669', 4, 241670, 0, '2',15);

insert into T_SIMINFO (SIM_ID, ORG_CODE, DEPTCODE, STATE,PAY_MODLE, SIM_NUM) values(25671, 'B0000803', '中国移动', 1, '预付费', 13100005670);
insert into T_TERMINALINFO (TERMINAL_ID,TTYPE_ID,SIM_ID,TERMINAL_CODE,ORG_CODE,IS_VIDEO_TERMINAL,SP_SERVER_NAME,PROTOCOL_TYPE,CHANNELS,YT_PROTOCOL_TYPE) values(241671, 4, 25671, '1005670', 'B0000803',1,'1076测试服务器','4',8,'0');
insert into V_VEHICLEINFO (ORG_CODE,VEHICLE_ID,ID_NUMBER,TYPE_ID,TERMINAL_ID,DELETE_FLAG,COLOR_ID_NUMBER_ID,AUTHORIZED_PAY_MASS) values ('B0000803','2401671', '测B05670', 4, 241671, 0, '2',15);

insert into T_SIMINFO (SIM_ID, ORG_CODE, DEPTCODE, STATE,PAY_MODLE, SIM_NUM) values(25672, 'B0000803', '中国移动', 1, '预付费', 13100005671);
insert into T_TERMINALINFO (TERMINAL_ID,TTYPE_ID,SIM_ID,TERMINAL_CODE,ORG_CODE,IS_VIDEO_TERMINAL,SP_SERVER_NAME,PROTOCOL_TYPE,CHANNELS,YT_PROTOCOL_TYPE) values(241672, 4, 25672, '1005671', 'B0000803',1,'1076测试服务器','4',8,'0');
insert into V_VEHICLEINFO (ORG_CODE,VEHICLE_ID,ID_NUMBER,TYPE_ID,TERMINAL_ID,DELETE_FLAG,COLOR_ID_NUMBER_ID,AUTHORIZED_PAY_MASS) values ('B0000803','2401672', '测B05671', 4, 241672, 0, '2',15);

insert into T_SIMINFO (SIM_ID, ORG_CODE, DEPTCODE, STATE,PAY_MODLE, SIM_NUM) values(25673, 'B0000803', '中国移动', 1, '预付费', 13100005672);
insert into T_TERMINALINFO (TERMINAL_ID,TTYPE_ID,SIM_ID,TERMINAL_CODE,ORG_CODE,IS_VIDEO_TERMINAL,SP_SERVER_NAME,PROTOCOL_TYPE,CHANNELS,YT_PROTOCOL_TYPE) values(241673, 4, 25673, '1005672', 'B0000803',1,'1076测试服务器','4',8,'0');
insert into V_VEHICLEINFO (ORG_CODE,VEHICLE_ID,ID_NUMBER,TYPE_ID,TERMINAL_ID,DELETE_FLAG,COLOR_ID_NUMBER_ID,AUTHORIZED_PAY_MASS) values ('B0000803','2401673', '测B05672', 4, 241673, 0, '2',15);

insert into T_SIMINFO (SIM_ID, ORG_CODE, DEPTCODE, STATE,PAY_MODLE, SIM_NUM) values(25674, 'B0000803', '中国移动', 1, '预付费', 13100005673);
insert into T_TERMINALINFO (TERMINAL_ID,TTYPE_ID,SIM_ID,TERMINAL_CODE,ORG_CODE,IS_VIDEO_TERMINAL,SP_SERVER_NAME,PROTOCOL_TYPE,CHANNELS,YT_PROTOCOL_TYPE) values(241674, 4, 25674, '1005673', 'B0000803',1,'1076测试服务器','4',8,'0');
insert into V_VEHICLEINFO (ORG_CODE,VEHICLE_ID,ID_NUMBER,TYPE_ID,TERMINAL_ID,DELETE_FLAG,COLOR_ID_NUMBER_ID,AUTHORIZED_PAY_MASS) values ('B0000803','2401674', '测B05673', 4, 241674, 0, '2',15);

insert into T_SIMINFO (SIM_ID, ORG_CODE, DEPTCODE, STATE,PAY_MODLE, SIM_NUM) values(25675, 'B0000803', '中国移动', 1, '预付费', 13100005674);
insert into T_TERMINALINFO (TERMINAL_ID,TTYPE_ID,SIM_ID,TERMINAL_CODE,ORG_CODE,IS_VIDEO_TERMINAL,SP_SERVER_NAME,PROTOCOL_TYPE,CHANNELS,YT_PROTOCOL_TYPE) values(241675, 4, 25675, '1005674', 'B0000803',1,'1076测试服务器','4',8,'0');
insert into V_VEHICLEINFO (ORG_CODE,VEHICLE_ID,ID_NUMBER,TYPE_ID,TERMINAL_ID,DELETE_FLAG,COLOR_ID_NUMBER_ID,AUTHORIZED_PAY_MASS) values ('B0000803','2401675', '测B05674', 4, 241675, 0, '2',15);

insert into T_SIMINFO (SIM_ID, ORG_CODE, DEPTCODE, STATE,PAY_MODLE, SIM_NUM) values(25676, 'B0000803', '中国移动', 1, '预付费', 13100005675);
insert into T_TERMINALINFO (TERMINAL_ID,TTYPE_ID,SIM_ID,TERMINAL_CODE,ORG_CODE,IS_VIDEO_TERMINAL,SP_SERVER_NAME,PROTOCOL_TYPE,CHANNELS,YT_PROTOCOL_TYPE) values(241676, 4, 25676, '1005675', 'B0000803',1,'1076测试服务器','4',8,'0');
insert into V_VEHICLEINFO (ORG_CODE,VEHICLE_ID,ID_NUMBER,TYPE_ID,TERMINAL_ID,DELETE_FLAG,COLOR_ID_NUMBER_ID,AUTHORIZED_PAY_MASS) values ('B0000803','2401676', '测B05675', 4, 241676, 0, '2',15);

insert into T_SIMINFO (SIM_ID, ORG_CODE, DEPTCODE, STATE,PAY_MODLE, SIM_NUM) values(25677, 'B0000803', '中国移动', 1, '预付费', 13100005676);
insert into T_TERMINALINFO (TERMINAL_ID,TTYPE_ID,SIM_ID,TERMINAL_CODE,ORG_CODE,IS_VIDEO_TERMINAL,SP_SERVER_NAME,PROTOCOL_TYPE,CHANNELS,YT_PROTOCOL_TYPE) values(241677, 4, 25677, '1005676', 'B0000803',1,'1076测试服务器','4',8,'0');
insert into V_VEHICLEINFO (ORG_CODE,VEHICLE_ID,ID_NUMBER,TYPE_ID,TERMINAL_ID,DELETE_FLAG,COLOR_ID_NUMBER_ID,AUTHORIZED_PAY_MASS) values ('B0000803','2401677', '测B05676', 4, 241677, 0, '2',15);

insert into T_SIMINFO (SIM_ID, ORG_CODE, DEPTCODE, STATE,PAY_MODLE, SIM_NUM) values(25678, 'B0000803', '中国移动', 1, '预付费', 13100005677);
insert into T_TERMINALINFO (TERMINAL_ID,TTYPE_ID,SIM_ID,TERMINAL_CODE,ORG_CODE,IS_VIDEO_TERMINAL,SP_SERVER_NAME,PROTOCOL_TYPE,CHANNELS,YT_PROTOCOL_TYPE) values(241678, 4, 25678, '1005677', 'B0000803',1,'1076测试服务器','4',8,'0');
insert into V_VEHICLEINFO (ORG_CODE,VEHICLE_ID,ID_NUMBER,TYPE_ID,TERMINAL_ID,DELETE_FLAG,COLOR_ID_NUMBER_ID,AUTHORIZED_PAY_MASS) values ('B0000803','2401678', '测B05677', 4, 241678, 0, '2',15);

insert into T_SIMINFO (SIM_ID, ORG_CODE, DEPTCODE, STATE,PAY_MODLE, SIM_NUM) values(25679, 'B0000803', '中国移动', 1, '预付费', 13100005678);
insert into T_TERMINALINFO (TERMINAL_ID,TTYPE_ID,SIM_ID,TERMINAL_CODE,ORG_CODE,IS_VIDEO_TERMINAL,SP_SERVER_NAME,PROTOCOL_TYPE,CHANNELS,YT_PROTOCOL_TYPE) values(241679, 4, 25679, '1005678', 'B0000803',1,'1076测试服务器','4',8,'0');
insert into V_VEHICLEINFO (ORG_CODE,VEHICLE_ID,ID_NUMBER,TYPE_ID,TERMINAL_ID,DELETE_FLAG,COLOR_ID_NUMBER_ID,AUTHORIZED_PAY_MASS) values ('B0000803','2401679', '测B05678', 4, 241679, 0, '2',15);

insert into T_SIMINFO (SIM_ID, ORG_CODE, DEPTCODE, STATE,PAY_MODLE, SIM_NUM) values(25680, 'B0000803', '中国移动', 1, '预付费', 13100005679);
insert into T_TERMINALINFO (TERMINAL_ID,TTYPE_ID,SIM_ID,TERMINAL_CODE,ORG_CODE,IS_VIDEO_TERMINAL,SP_SERVER_NAME,PROTOCOL_TYPE,CHANNELS,YT_PROTOCOL_TYPE) values(241680, 4, 25680, '1005679', 'B0000803',1,'1076测试服务器','4',8,'0');
insert into V_VEHICLEINFO (ORG_CODE,VEHICLE_ID,ID_NUMBER,TYPE_ID,TERMINAL_ID,DELETE_FLAG,COLOR_ID_NUMBER_ID,AUTHORIZED_PAY_MASS) values ('B0000803','2401680', '测B05679', 4, 241680, 0, '2',15);

insert into T_SIMINFO (SIM_ID, ORG_CODE, DEPTCODE, STATE,PAY_MODLE, SIM_NUM) values(25681, 'B0000803', '中国移动', 1, '预付费', 13100005680);
insert into T_TERMINALINFO (TERMINAL_ID,TTYPE_ID,SIM_ID,TERMINAL_CODE,ORG_CODE,IS_VIDEO_TERMINAL,SP_SERVER_NAME,PROTOCOL_TYPE,CHANNELS,YT_PROTOCOL_TYPE) values(241681, 4, 25681, '1005680', 'B0000803',1,'1076测试服务器','4',8,'0');
insert into V_VEHICLEINFO (ORG_CODE,VEHICLE_ID,ID_NUMBER,TYPE_ID,TERMINAL_ID,DELETE_FLAG,COLOR_ID_NUMBER_ID,AUTHORIZED_PAY_MASS) values ('B0000803','2401681', '测B05680', 4, 241681, 0, '2',15);

insert into T_SIMINFO (SIM_ID, ORG_CODE, DEPTCODE, STATE,PAY_MODLE, SIM_NUM) values(25682, 'B0000803', '中国移动', 1, '预付费', 13100005681);
insert into T_TERMINALINFO (TERMINAL_ID,TTYPE_ID,SIM_ID,TERMINAL_CODE,ORG_CODE,IS_VIDEO_TERMINAL,SP_SERVER_NAME,PROTOCOL_TYPE,CHANNELS,YT_PROTOCOL_TYPE) values(241682, 4, 25682, '1005681', 'B0000803',1,'1076测试服务器','4',8,'0');
insert into V_VEHICLEINFO (ORG_CODE,VEHICLE_ID,ID_NUMBER,TYPE_ID,TERMINAL_ID,DELETE_FLAG,COLOR_ID_NUMBER_ID,AUTHORIZED_PAY_MASS) values ('B0000803','2401682', '测B05681', 4, 241682, 0, '2',15);

insert into T_SIMINFO (SIM_ID, ORG_CODE, DEPTCODE, STATE,PAY_MODLE, SIM_NUM) values(25683, 'B0000803', '中国移动', 1, '预付费', 13100005682);
insert into T_TERMINALINFO (TERMINAL_ID,TTYPE_ID,SIM_ID,TERMINAL_CODE,ORG_CODE,IS_VIDEO_TERMINAL,SP_SERVER_NAME,PROTOCOL_TYPE,CHANNELS,YT_PROTOCOL_TYPE) values(241683, 4, 25683, '1005682', 'B0000803',1,'1076测试服务器','4',8,'0');
insert into V_VEHICLEINFO (ORG_CODE,VEHICLE_ID,ID_NUMBER,TYPE_ID,TERMINAL_ID,DELETE_FLAG,COLOR_ID_NUMBER_ID,AUTHORIZED_PAY_MASS) values ('B0000803','2401683', '测B05682', 4, 241683, 0, '2',15);

insert into T_SIMINFO (SIM_ID, ORG_CODE, DEPTCODE, STATE,PAY_MODLE, SIM_NUM) values(25684, 'B0000803', '中国移动', 1, '预付费', 13100005683);
insert into T_TERMINALINFO (TERMINAL_ID,TTYPE_ID,SIM_ID,TERMINAL_CODE,ORG_CODE,IS_VIDEO_TERMINAL,SP_SERVER_NAME,PROTOCOL_TYPE,CHANNELS,YT_PROTOCOL_TYPE) values(241684, 4, 25684, '1005683', 'B0000803',1,'1076测试服务器','4',8,'0');
insert into V_VEHICLEINFO (ORG_CODE,VEHICLE_ID,ID_NUMBER,TYPE_ID,TERMINAL_ID,DELETE_FLAG,COLOR_ID_NUMBER_ID,AUTHORIZED_PAY_MASS) values ('B0000803','2401684', '测B05683', 4, 241684, 0, '2',15);

insert into T_SIMINFO (SIM_ID, ORG_CODE, DEPTCODE, STATE,PAY_MODLE, SIM_NUM) values(25685, 'B0000803', '中国移动', 1, '预付费', 13100005684);
insert into T_TERMINALINFO (TERMINAL_ID,TTYPE_ID,SIM_ID,TERMINAL_CODE,ORG_CODE,IS_VIDEO_TERMINAL,SP_SERVER_NAME,PROTOCOL_TYPE,CHANNELS,YT_PROTOCOL_TYPE) values(241685, 4, 25685, '1005684', 'B0000803',1,'1076测试服务器','4',8,'0');
insert into V_VEHICLEINFO (ORG_CODE,VEHICLE_ID,ID_NUMBER,TYPE_ID,TERMINAL_ID,DELETE_FLAG,COLOR_ID_NUMBER_ID,AUTHORIZED_PAY_MASS) values ('B0000803','2401685', '测B05684', 4, 241685, 0, '2',15);

insert into T_SIMINFO (SIM_ID, ORG_CODE, DEPTCODE, STATE,PAY_MODLE, SIM_NUM) values(25686, 'B0000803', '中国移动', 1, '预付费', 13100005685);
insert into T_TERMINALINFO (TERMINAL_ID,TTYPE_ID,SIM_ID,TERMINAL_CODE,ORG_CODE,IS_VIDEO_TERMINAL,SP_SERVER_NAME,PROTOCOL_TYPE,CHANNELS,YT_PROTOCOL_TYPE) values(241686, 4, 25686, '1005685', 'B0000803',1,'1076测试服务器','4',8,'0');
insert into V_VEHICLEINFO (ORG_CODE,VEHICLE_ID,ID_NUMBER,TYPE_ID,TERMINAL_ID,DELETE_FLAG,COLOR_ID_NUMBER_ID,AUTHORIZED_PAY_MASS) values ('B0000803','2401686', '测B05685', 4, 241686, 0, '2',15);

insert into T_SIMINFO (SIM_ID, ORG_CODE, DEPTCODE, STATE,PAY_MODLE, SIM_NUM) values(25687, 'B0000803', '中国移动', 1, '预付费', 13100005686);
insert into T_TERMINALINFO (TERMINAL_ID,TTYPE_ID,SIM_ID,TERMINAL_CODE,ORG_CODE,IS_VIDEO_TERMINAL,SP_SERVER_NAME,PROTOCOL_TYPE,CHANNELS,YT_PROTOCOL_TYPE) values(241687, 4, 25687, '1005686', 'B0000803',1,'1076测试服务器','4',8,'0');
insert into V_VEHICLEINFO (ORG_CODE,VEHICLE_ID,ID_NUMBER,TYPE_ID,TERMINAL_ID,DELETE_FLAG,COLOR_ID_NUMBER_ID,AUTHORIZED_PAY_MASS) values ('B0000803','2401687', '测B05686', 4, 241687, 0, '2',15);

insert into T_SIMINFO (SIM_ID, ORG_CODE, DEPTCODE, STATE,PAY_MODLE, SIM_NUM) values(25688, 'B0000803', '中国移动', 1, '预付费', 13100005687);
insert into T_TERMINALINFO (TERMINAL_ID,TTYPE_ID,SIM_ID,TERMINAL_CODE,ORG_CODE,IS_VIDEO_TERMINAL,SP_SERVER_NAME,PROTOCOL_TYPE,CHANNELS,YT_PROTOCOL_TYPE) values(241688, 4, 25688, '1005687', 'B0000803',1,'1076测试服务器','4',8,'0');
insert into V_VEHICLEINFO (ORG_CODE,VEHICLE_ID,ID_NUMBER,TYPE_ID,TERMINAL_ID,DELETE_FLAG,COLOR_ID_NUMBER_ID,AUTHORIZED_PAY_MASS) values ('B0000803','2401688', '测B05687', 4, 241688, 0, '2',15);

insert into T_SIMINFO (SIM_ID, ORG_CODE, DEPTCODE, STATE,PAY_MODLE, SIM_NUM) values(25689, 'B0000803', '中国移动', 1, '预付费', 13100005688);
insert into T_TERMINALINFO (TERMINAL_ID,TTYPE_ID,SIM_ID,TERMINAL_CODE,ORG_CODE,IS_VIDEO_TERMINAL,SP_SERVER_NAME,PROTOCOL_TYPE,CHANNELS,YT_PROTOCOL_TYPE) values(241689, 4, 25689, '1005688', 'B0000803',1,'1076测试服务器','4',8,'0');
insert into V_VEHICLEINFO (ORG_CODE,VEHICLE_ID,ID_NUMBER,TYPE_ID,TERMINAL_ID,DELETE_FLAG,COLOR_ID_NUMBER_ID,AUTHORIZED_PAY_MASS) values ('B0000803','2401689', '测B05688', 4, 241689, 0, '2',15);

insert into T_SIMINFO (SIM_ID, ORG_CODE, DEPTCODE, STATE,PAY_MODLE, SIM_NUM) values(25690, 'B0000803', '中国移动', 1, '预付费', 13100005689);
insert into T_TERMINALINFO (TERMINAL_ID,TTYPE_ID,SIM_ID,TERMINAL_CODE,ORG_CODE,IS_VIDEO_TERMINAL,SP_SERVER_NAME,PROTOCOL_TYPE,CHANNELS,YT_PROTOCOL_TYPE) values(241690, 4, 25690, '1005689', 'B0000803',1,'1076测试服务器','4',8,'0');
insert into V_VEHICLEINFO (ORG_CODE,VEHICLE_ID,ID_NUMBER,TYPE_ID,TERMINAL_ID,DELETE_FLAG,COLOR_ID_NUMBER_ID,AUTHORIZED_PAY_MASS) values ('B0000803','2401690', '测B05689', 4, 241690, 0, '2',15);

insert into T_SIMINFO (SIM_ID, ORG_CODE, DEPTCODE, STATE,PAY_MODLE, SIM_NUM) values(25691, 'B0000803', '中国移动', 1, '预付费', 13100005690);
insert into T_TERMINALINFO (TERMINAL_ID,TTYPE_ID,SIM_ID,TERMINAL_CODE,ORG_CODE,IS_VIDEO_TERMINAL,SP_SERVER_NAME,PROTOCOL_TYPE,CHANNELS,YT_PROTOCOL_TYPE) values(241691, 4, 25691, '1005690', 'B0000803',1,'1076测试服务器','4',8,'0');
insert into V_VEHICLEINFO (ORG_CODE,VEHICLE_ID,ID_NUMBER,TYPE_ID,TERMINAL_ID,DELETE_FLAG,COLOR_ID_NUMBER_ID,AUTHORIZED_PAY_MASS) values ('B0000803','2401691', '测B05690', 4, 241691, 0, '2',15);

insert into T_SIMINFO (SIM_ID, ORG_CODE, DEPTCODE, STATE,PAY_MODLE, SIM_NUM) values(25692, 'B0000803', '中国移动', 1, '预付费', 13100005691);
insert into T_TERMINALINFO (TERMINAL_ID,TTYPE_ID,SIM_ID,TERMINAL_CODE,ORG_CODE,IS_VIDEO_TERMINAL,SP_SERVER_NAME,PROTOCOL_TYPE,CHANNELS,YT_PROTOCOL_TYPE) values(241692, 4, 25692, '1005691', 'B0000803',1,'1076测试服务器','4',8,'0');
insert into V_VEHICLEINFO (ORG_CODE,VEHICLE_ID,ID_NUMBER,TYPE_ID,TERMINAL_ID,DELETE_FLAG,COLOR_ID_NUMBER_ID,AUTHORIZED_PAY_MASS) values ('B0000803','2401692', '测B05691', 4, 241692, 0, '2',15);

insert into T_SIMINFO (SIM_ID, ORG_CODE, DEPTCODE, STATE,PAY_MODLE, SIM_NUM) values(25693, 'B0000803', '中国移动', 1, '预付费', 13100005692);
insert into T_TERMINALINFO (TERMINAL_ID,TTYPE_ID,SIM_ID,TERMINAL_CODE,ORG_CODE,IS_VIDEO_TERMINAL,SP_SERVER_NAME,PROTOCOL_TYPE,CHANNELS,YT_PROTOCOL_TYPE) values(241693, 4, 25693, '1005692', 'B0000803',1,'1076测试服务器','4',8,'0');
insert into V_VEHICLEINFO (ORG_CODE,VEHICLE_ID,ID_NUMBER,TYPE_ID,TERMINAL_ID,DELETE_FLAG,COLOR_ID_NUMBER_ID,AUTHORIZED_PAY_MASS) values ('B0000803','2401693', '测B05692', 4, 241693, 0, '2',15);

insert into T_SIMINFO (SIM_ID, ORG_CODE, DEPTCODE, STATE,PAY_MODLE, SIM_NUM) values(25694, 'B0000803', '中国移动', 1, '预付费', 13100005693);
insert into T_TERMINALINFO (TERMINAL_ID,TTYPE_ID,SIM_ID,TERMINAL_CODE,ORG_CODE,IS_VIDEO_TERMINAL,SP_SERVER_NAME,PROTOCOL_TYPE,CHANNELS,YT_PROTOCOL_TYPE) values(241694, 4, 25694, '1005693', 'B0000803',1,'1076测试服务器','4',8,'0');
insert into V_VEHICLEINFO (ORG_CODE,VEHICLE_ID,ID_NUMBER,TYPE_ID,TERMINAL_ID,DELETE_FLAG,COLOR_ID_NUMBER_ID,AUTHORIZED_PAY_MASS) values ('B0000803','2401694', '测B05693', 4, 241694, 0, '2',15);

insert into T_SIMINFO (SIM_ID, ORG_CODE, DEPTCODE, STATE,PAY_MODLE, SIM_NUM) values(25695, 'B0000803', '中国移动', 1, '预付费', 13100005694);
insert into T_TERMINALINFO (TERMINAL_ID,TTYPE_ID,SIM_ID,TERMINAL_CODE,ORG_CODE,IS_VIDEO_TERMINAL,SP_SERVER_NAME,PROTOCOL_TYPE,CHANNELS,YT_PROTOCOL_TYPE) values(241695, 4, 25695, '1005694', 'B0000803',1,'1076测试服务器','4',8,'0');
insert into V_VEHICLEINFO (ORG_CODE,VEHICLE_ID,ID_NUMBER,TYPE_ID,TERMINAL_ID,DELETE_FLAG,COLOR_ID_NUMBER_ID,AUTHORIZED_PAY_MASS) values ('B0000803','2401695', '测B05694', 4, 241695, 0, '2',15);

insert into T_SIMINFO (SIM_ID, ORG_CODE, DEPTCODE, STATE,PAY_MODLE, SIM_NUM) values(25696, 'B0000803', '中国移动', 1, '预付费', 13100005695);
insert into T_TERMINALINFO (TERMINAL_ID,TTYPE_ID,SIM_ID,TERMINAL_CODE,ORG_CODE,IS_VIDEO_TERMINAL,SP_SERVER_NAME,PROTOCOL_TYPE,CHANNELS,YT_PROTOCOL_TYPE) values(241696, 4, 25696, '1005695', 'B0000803',1,'1076测试服务器','4',8,'0');
insert into V_VEHICLEINFO (ORG_CODE,VEHICLE_ID,ID_NUMBER,TYPE_ID,TERMINAL_ID,DELETE_FLAG,COLOR_ID_NUMBER_ID,AUTHORIZED_PAY_MASS) values ('B0000803','2401696', '测B05695', 4, 241696, 0, '2',15);

insert into T_SIMINFO (SIM_ID, ORG_CODE, DEPTCODE, STATE,PAY_MODLE, SIM_NUM) values(25697, 'B0000803', '中国移动', 1, '预付费', 13100005696);
insert into T_TERMINALINFO (TERMINAL_ID,TTYPE_ID,SIM_ID,TERMINAL_CODE,ORG_CODE,IS_VIDEO_TERMINAL,SP_SERVER_NAME,PROTOCOL_TYPE,CHANNELS,YT_PROTOCOL_TYPE) values(241697, 4, 25697, '1005696', 'B0000803',1,'1076测试服务器','4',8,'0');
insert into V_VEHICLEINFO (ORG_CODE,VEHICLE_ID,ID_NUMBER,TYPE_ID,TERMINAL_ID,DELETE_FLAG,COLOR_ID_NUMBER_ID,AUTHORIZED_PAY_MASS) values ('B0000803','2401697', '测B05696', 4, 241697, 0, '2',15);

insert into T_SIMINFO (SIM_ID, ORG_CODE, DEPTCODE, STATE,PAY_MODLE, SIM_NUM) values(25698, 'B0000803', '中国移动', 1, '预付费', 13100005697);
insert into T_TERMINALINFO (TERMINAL_ID,TTYPE_ID,SIM_ID,TERMINAL_CODE,ORG_CODE,IS_VIDEO_TERMINAL,SP_SERVER_NAME,PROTOCOL_TYPE,CHANNELS,YT_PROTOCOL_TYPE) values(241698, 4, 25698, '1005697', 'B0000803',1,'1076测试服务器','4',8,'0');
insert into V_VEHICLEINFO (ORG_CODE,VEHICLE_ID,ID_NUMBER,TYPE_ID,TERMINAL_ID,DELETE_FLAG,COLOR_ID_NUMBER_ID,AUTHORIZED_PAY_MASS) values ('B0000803','2401698', '测B05697', 4, 241698, 0, '2',15);

insert into T_SIMINFO (SIM_ID, ORG_CODE, DEPTCODE, STATE,PAY_MODLE, SIM_NUM) values(25699, 'B0000803', '中国移动', 1, '预付费', 13100005698);
insert into T_TERMINALINFO (TERMINAL_ID,TTYPE_ID,SIM_ID,TERMINAL_CODE,ORG_CODE,IS_VIDEO_TERMINAL,SP_SERVER_NAME,PROTOCOL_TYPE,CHANNELS,YT_PROTOCOL_TYPE) values(241699, 4, 25699, '1005698', 'B0000803',1,'1076测试服务器','4',8,'0');
insert into V_VEHICLEINFO (ORG_CODE,VEHICLE_ID,ID_NUMBER,TYPE_ID,TERMINAL_ID,DELETE_FLAG,COLOR_ID_NUMBER_ID,AUTHORIZED_PAY_MASS) values ('B0000803','2401699', '测B05698', 4, 241699, 0, '2',15);

insert into T_SIMINFO (SIM_ID, ORG_CODE, DEPTCODE, STATE,PAY_MODLE, SIM_NUM) values(25700, 'B0000803', '中国移动', 1, '预付费', 13100005699);
insert into T_TERMINALINFO (TERMINAL_ID,TTYPE_ID,SIM_ID,TERMINAL_CODE,ORG_CODE,IS_VIDEO_TERMINAL,SP_SERVER_NAME,PROTOCOL_TYPE,CHANNELS,YT_PROTOCOL_TYPE) values(241700, 4, 25700, '1005699', 'B0000803',1,'1076测试服务器','4',8,'0');
insert into V_VEHICLEINFO (ORG_CODE,VEHICLE_ID,ID_NUMBER,TYPE_ID,TERMINAL_ID,DELETE_FLAG,COLOR_ID_NUMBER_ID,AUTHORIZED_PAY_MASS) values ('B0000803','2401700', '测B05699', 4, 241700, 0, '2',15);

insert into T_SIMINFO (SIM_ID, ORG_CODE, DEPTCODE, STATE,PAY_MODLE, SIM_NUM) values(25701, 'B0000803', '中国移动', 1, '预付费', 13100005700);
insert into T_TERMINALINFO (TERMINAL_ID,TTYPE_ID,SIM_ID,TERMINAL_CODE,ORG_CODE,IS_VIDEO_TERMINAL,SP_SERVER_NAME,PROTOCOL_TYPE,CHANNELS,YT_PROTOCOL_TYPE) values(241701, 4, 25701, '1005700', 'B0000803',1,'1076测试服务器','4',8,'0');
insert into V_VEHICLEINFO (ORG_CODE,VEHICLE_ID,ID_NUMBER,TYPE_ID,TERMINAL_ID,DELETE_FLAG,COLOR_ID_NUMBER_ID,AUTHORIZED_PAY_MASS) values ('B0000803','2401701', '测B05700', 4, 241701, 0, '2',15);

insert into T_SIMINFO (SIM_ID, ORG_CODE, DEPTCODE, STATE,PAY_MODLE, SIM_NUM) values(25702, 'B0000803', '中国移动', 1, '预付费', 13100005701);
insert into T_TERMINALINFO (TERMINAL_ID,TTYPE_ID,SIM_ID,TERMINAL_CODE,ORG_CODE,IS_VIDEO_TERMINAL,SP_SERVER_NAME,PROTOCOL_TYPE,CHANNELS,YT_PROTOCOL_TYPE) values(241702, 4, 25702, '1005701', 'B0000803',1,'1076测试服务器','4',8,'0');
insert into V_VEHICLEINFO (ORG_CODE,VEHICLE_ID,ID_NUMBER,TYPE_ID,TERMINAL_ID,DELETE_FLAG,COLOR_ID_NUMBER_ID,AUTHORIZED_PAY_MASS) values ('B0000803','2401702', '测B05701', 4, 241702, 0, '2',15);

insert into T_SIMINFO (SIM_ID, ORG_CODE, DEPTCODE, STATE,PAY_MODLE, SIM_NUM) values(25703, 'B0000803', '中国移动', 1, '预付费', 13100005702);
insert into T_TERMINALINFO (TERMINAL_ID,TTYPE_ID,SIM_ID,TERMINAL_CODE,ORG_CODE,IS_VIDEO_TERMINAL,SP_SERVER_NAME,PROTOCOL_TYPE,CHANNELS,YT_PROTOCOL_TYPE) values(241703, 4, 25703, '1005702', 'B0000803',1,'1076测试服务器','4',8,'0');
insert into V_VEHICLEINFO (ORG_CODE,VEHICLE_ID,ID_NUMBER,TYPE_ID,TERMINAL_ID,DELETE_FLAG,COLOR_ID_NUMBER_ID,AUTHORIZED_PAY_MASS) values ('B0000803','2401703', '测B05702', 4, 241703, 0, '2',15);

insert into T_SIMINFO (SIM_ID, ORG_CODE, DEPTCODE, STATE,PAY_MODLE, SIM_NUM) values(25704, 'B0000803', '中国移动', 1, '预付费', 13100005703);
insert into T_TERMINALINFO (TERMINAL_ID,TTYPE_ID,SIM_ID,TERMINAL_CODE,ORG_CODE,IS_VIDEO_TERMINAL,SP_SERVER_NAME,PROTOCOL_TYPE,CHANNELS,YT_PROTOCOL_TYPE) values(241704, 4, 25704, '1005703', 'B0000803',1,'1076测试服务器','4',8,'0');
insert into V_VEHICLEINFO (ORG_CODE,VEHICLE_ID,ID_NUMBER,TYPE_ID,TERMINAL_ID,DELETE_FLAG,COLOR_ID_NUMBER_ID,AUTHORIZED_PAY_MASS) values ('B0000803','2401704', '测B05703', 4, 241704, 0, '2',15);

insert into T_SIMINFO (SIM_ID, ORG_CODE, DEPTCODE, STATE,PAY_MODLE, SIM_NUM) values(25705, 'B0000803', '中国移动', 1, '预付费', 13100005704);
insert into T_TERMINALINFO (TERMINAL_ID,TTYPE_ID,SIM_ID,TERMINAL_CODE,ORG_CODE,IS_VIDEO_TERMINAL,SP_SERVER_NAME,PROTOCOL_TYPE,CHANNELS,YT_PROTOCOL_TYPE) values(241705, 4, 25705, '1005704', 'B0000803',1,'1076测试服务器','4',8,'0');
insert into V_VEHICLEINFO (ORG_CODE,VEHICLE_ID,ID_NUMBER,TYPE_ID,TERMINAL_ID,DELETE_FLAG,COLOR_ID_NUMBER_ID,AUTHORIZED_PAY_MASS) values ('B0000803','2401705', '测B05704', 4, 241705, 0, '2',15);

insert into T_SIMINFO (SIM_ID, ORG_CODE, DEPTCODE, STATE,PAY_MODLE, SIM_NUM) values(25706, 'B0000803', '中国移动', 1, '预付费', 13100005705);
insert into T_TERMINALINFO (TERMINAL_ID,TTYPE_ID,SIM_ID,TERMINAL_CODE,ORG_CODE,IS_VIDEO_TERMINAL,SP_SERVER_NAME,PROTOCOL_TYPE,CHANNELS,YT_PROTOCOL_TYPE) values(241706, 4, 25706, '1005705', 'B0000803',1,'1076测试服务器','4',8,'0');
insert into V_VEHICLEINFO (ORG_CODE,VEHICLE_ID,ID_NUMBER,TYPE_ID,TERMINAL_ID,DELETE_FLAG,COLOR_ID_NUMBER_ID,AUTHORIZED_PAY_MASS) values ('B0000803','2401706', '测B05705', 4, 241706, 0, '2',15);

insert into T_SIMINFO (SIM_ID, ORG_CODE, DEPTCODE, STATE,PAY_MODLE, SIM_NUM) values(25707, 'B0000803', '中国移动', 1, '预付费', 13100005706);
insert into T_TERMINALINFO (TERMINAL_ID,TTYPE_ID,SIM_ID,TERMINAL_CODE,ORG_CODE,IS_VIDEO_TERMINAL,SP_SERVER_NAME,PROTOCOL_TYPE,CHANNELS,YT_PROTOCOL_TYPE) values(241707, 4, 25707, '1005706', 'B0000803',1,'1076测试服务器','4',8,'0');
insert into V_VEHICLEINFO (ORG_CODE,VEHICLE_ID,ID_NUMBER,TYPE_ID,TERMINAL_ID,DELETE_FLAG,COLOR_ID_NUMBER_ID,AUTHORIZED_PAY_MASS) values ('B0000803','2401707', '测B05706', 4, 241707, 0, '2',15);

insert into T_SIMINFO (SIM_ID, ORG_CODE, DEPTCODE, STATE,PAY_MODLE, SIM_NUM) values(25708, 'B0000803', '中国移动', 1, '预付费', 13100005707);
insert into T_TERMINALINFO (TERMINAL_ID,TTYPE_ID,SIM_ID,TERMINAL_CODE,ORG_CODE,IS_VIDEO_TERMINAL,SP_SERVER_NAME,PROTOCOL_TYPE,CHANNELS,YT_PROTOCOL_TYPE) values(241708, 4, 25708, '1005707', 'B0000803',1,'1076测试服务器','4',8,'0');
insert into V_VEHICLEINFO (ORG_CODE,VEHICLE_ID,ID_NUMBER,TYPE_ID,TERMINAL_ID,DELETE_FLAG,COLOR_ID_NUMBER_ID,AUTHORIZED_PAY_MASS) values ('B0000803','2401708', '测B05707', 4, 241708, 0, '2',15);

insert into T_SIMINFO (SIM_ID, ORG_CODE, DEPTCODE, STATE,PAY_MODLE, SIM_NUM) values(25709, 'B0000803', '中国移动', 1, '预付费', 13100005708);
insert into T_TERMINALINFO (TERMINAL_ID,TTYPE_ID,SIM_ID,TERMINAL_CODE,ORG_CODE,IS_VIDEO_TERMINAL,SP_SERVER_NAME,PROTOCOL_TYPE,CHANNELS,YT_PROTOCOL_TYPE) values(241709, 4, 25709, '1005708', 'B0000803',1,'1076测试服务器','4',8,'0');
insert into V_VEHICLEINFO (ORG_CODE,VEHICLE_ID,ID_NUMBER,TYPE_ID,TERMINAL_ID,DELETE_FLAG,COLOR_ID_NUMBER_ID,AUTHORIZED_PAY_MASS) values ('B0000803','2401709', '测B05708', 4, 241709, 0, '2',15);

insert into T_SIMINFO (SIM_ID, ORG_CODE, DEPTCODE, STATE,PAY_MODLE, SIM_NUM) values(25710, 'B0000803', '中国移动', 1, '预付费', 13100005709);
insert into T_TERMINALINFO (TERMINAL_ID,TTYPE_ID,SIM_ID,TERMINAL_CODE,ORG_CODE,IS_VIDEO_TERMINAL,SP_SERVER_NAME,PROTOCOL_TYPE,CHANNELS,YT_PROTOCOL_TYPE) values(241710, 4, 25710, '1005709', 'B0000803',1,'1076测试服务器','4',8,'0');
insert into V_VEHICLEINFO (ORG_CODE,VEHICLE_ID,ID_NUMBER,TYPE_ID,TERMINAL_ID,DELETE_FLAG,COLOR_ID_NUMBER_ID,AUTHORIZED_PAY_MASS) values ('B0000803','2401710', '测B05709', 4, 241710, 0, '2',15);

insert into T_SIMINFO (SIM_ID, ORG_CODE, DEPTCODE, STATE,PAY_MODLE, SIM_NUM) values(25711, 'B0000803', '中国移动', 1, '预付费', 13100005710);
insert into T_TERMINALINFO (TERMINAL_ID,TTYPE_ID,SIM_ID,TERMINAL_CODE,ORG_CODE,IS_VIDEO_TERMINAL,SP_SERVER_NAME,PROTOCOL_TYPE,CHANNELS,YT_PROTOCOL_TYPE) values(241711, 4, 25711, '1005710', 'B0000803',1,'1076测试服务器','4',8,'0');
insert into V_VEHICLEINFO (ORG_CODE,VEHICLE_ID,ID_NUMBER,TYPE_ID,TERMINAL_ID,DELETE_FLAG,COLOR_ID_NUMBER_ID,AUTHORIZED_PAY_MASS) values ('B0000803','2401711', '测B05710', 4, 241711, 0, '2',15);

insert into T_SIMINFO (SIM_ID, ORG_CODE, DEPTCODE, STATE,PAY_MODLE, SIM_NUM) values(25712, 'B0000803', '中国移动', 1, '预付费', 13100005711);
insert into T_TERMINALINFO (TERMINAL_ID,TTYPE_ID,SIM_ID,TERMINAL_CODE,ORG_CODE,IS_VIDEO_TERMINAL,SP_SERVER_NAME,PROTOCOL_TYPE,CHANNELS,YT_PROTOCOL_TYPE) values(241712, 4, 25712, '1005711', 'B0000803',1,'1076测试服务器','4',8,'0');
insert into V_VEHICLEINFO (ORG_CODE,VEHICLE_ID,ID_NUMBER,TYPE_ID,TERMINAL_ID,DELETE_FLAG,COLOR_ID_NUMBER_ID,AUTHORIZED_PAY_MASS) values ('B0000803','2401712', '测B05711', 4, 241712, 0, '2',15);

insert into T_SIMINFO (SIM_ID, ORG_CODE, DEPTCODE, STATE,PAY_MODLE, SIM_NUM) values(25713, 'B0000803', '中国移动', 1, '预付费', 13100005712);
insert into T_TERMINALINFO (TERMINAL_ID,TTYPE_ID,SIM_ID,TERMINAL_CODE,ORG_CODE,IS_VIDEO_TERMINAL,SP_SERVER_NAME,PROTOCOL_TYPE,CHANNELS,YT_PROTOCOL_TYPE) values(241713, 4, 25713, '1005712', 'B0000803',1,'1076测试服务器','4',8,'0');
insert into V_VEHICLEINFO (ORG_CODE,VEHICLE_ID,ID_NUMBER,TYPE_ID,TERMINAL_ID,DELETE_FLAG,COLOR_ID_NUMBER_ID,AUTHORIZED_PAY_MASS) values ('B0000803','2401713', '测B05712', 4, 241713, 0, '2',15);

insert into T_SIMINFO (SIM_ID, ORG_CODE, DEPTCODE, STATE,PAY_MODLE, SIM_NUM) values(25714, 'B0000803', '中国移动', 1, '预付费', 13100005713);
insert into T_TERMINALINFO (TERMINAL_ID,TTYPE_ID,SIM_ID,TERMINAL_CODE,ORG_CODE,IS_VIDEO_TERMINAL,SP_SERVER_NAME,PROTOCOL_TYPE,CHANNELS,YT_PROTOCOL_TYPE) values(241714, 4, 25714, '1005713', 'B0000803',1,'1076测试服务器','4',8,'0');
insert into V_VEHICLEINFO (ORG_CODE,VEHICLE_ID,ID_NUMBER,TYPE_ID,TERMINAL_ID,DELETE_FLAG,COLOR_ID_NUMBER_ID,AUTHORIZED_PAY_MASS) values ('B0000803','2401714', '测B05713', 4, 241714, 0, '2',15);

insert into T_SIMINFO (SIM_ID, ORG_CODE, DEPTCODE, STATE,PAY_MODLE, SIM_NUM) values(25715, 'B0000803', '中国移动', 1, '预付费', 13100005714);
insert into T_TERMINALINFO (TERMINAL_ID,TTYPE_ID,SIM_ID,TERMINAL_CODE,ORG_CODE,IS_VIDEO_TERMINAL,SP_SERVER_NAME,PROTOCOL_TYPE,CHANNELS,YT_PROTOCOL_TYPE) values(241715, 4, 25715, '1005714', 'B0000803',1,'1076测试服务器','4',8,'0');
insert into V_VEHICLEINFO (ORG_CODE,VEHICLE_ID,ID_NUMBER,TYPE_ID,TERMINAL_ID,DELETE_FLAG,COLOR_ID_NUMBER_ID,AUTHORIZED_PAY_MASS) values ('B0000803','2401715', '测B05714', 4, 241715, 0, '2',15);

insert into T_SIMINFO (SIM_ID, ORG_CODE, DEPTCODE, STATE,PAY_MODLE, SIM_NUM) values(25716, 'B0000803', '中国移动', 1, '预付费', 13100005715);
insert into T_TERMINALINFO (TERMINAL_ID,TTYPE_ID,SIM_ID,TERMINAL_CODE,ORG_CODE,IS_VIDEO_TERMINAL,SP_SERVER_NAME,PROTOCOL_TYPE,CHANNELS,YT_PROTOCOL_TYPE) values(241716, 4, 25716, '1005715', 'B0000803',1,'1076测试服务器','4',8,'0');
insert into V_VEHICLEINFO (ORG_CODE,VEHICLE_ID,ID_NUMBER,TYPE_ID,TERMINAL_ID,DELETE_FLAG,COLOR_ID_NUMBER_ID,AUTHORIZED_PAY_MASS) values ('B0000803','2401716', '测B05715', 4, 241716, 0, '2',15);

insert into T_SIMINFO (SIM_ID, ORG_CODE, DEPTCODE, STATE,PAY_MODLE, SIM_NUM) values(25717, 'B0000803', '中国移动', 1, '预付费', 13100005716);
insert into T_TERMINALINFO (TERMINAL_ID,TTYPE_ID,SIM_ID,TERMINAL_CODE,ORG_CODE,IS_VIDEO_TERMINAL,SP_SERVER_NAME,PROTOCOL_TYPE,CHANNELS,YT_PROTOCOL_TYPE) values(241717, 4, 25717, '1005716', 'B0000803',1,'1076测试服务器','4',8,'0');
insert into V_VEHICLEINFO (ORG_CODE,VEHICLE_ID,ID_NUMBER,TYPE_ID,TERMINAL_ID,DELETE_FLAG,COLOR_ID_NUMBER_ID,AUTHORIZED_PAY_MASS) values ('B0000803','2401717', '测B05716', 4, 241717, 0, '2',15);

insert into T_SIMINFO (SIM_ID, ORG_CODE, DEPTCODE, STATE,PAY_MODLE, SIM_NUM) values(25718, 'B0000803', '中国移动', 1, '预付费', 13100005717);
insert into T_TERMINALINFO (TERMINAL_ID,TTYPE_ID,SIM_ID,TERMINAL_CODE,ORG_CODE,IS_VIDEO_TERMINAL,SP_SERVER_NAME,PROTOCOL_TYPE,CHANNELS,YT_PROTOCOL_TYPE) values(241718, 4, 25718, '1005717', 'B0000803',1,'1076测试服务器','4',8,'0');
insert into V_VEHICLEINFO (ORG_CODE,VEHICLE_ID,ID_NUMBER,TYPE_ID,TERMINAL_ID,DELETE_FLAG,COLOR_ID_NUMBER_ID,AUTHORIZED_PAY_MASS) values ('B0000803','2401718', '测B05717', 4, 241718, 0, '2',15);

insert into T_SIMINFO (SIM_ID, ORG_CODE, DEPTCODE, STATE,PAY_MODLE, SIM_NUM) values(25719, 'B0000803', '中国移动', 1, '预付费', 13100005718);
insert into T_TERMINALINFO (TERMINAL_ID,TTYPE_ID,SIM_ID,TERMINAL_CODE,ORG_CODE,IS_VIDEO_TERMINAL,SP_SERVER_NAME,PROTOCOL_TYPE,CHANNELS,YT_PROTOCOL_TYPE) values(241719, 4, 25719, '1005718', 'B0000803',1,'1076测试服务器','4',8,'0');
insert into V_VEHICLEINFO (ORG_CODE,VEHICLE_ID,ID_NUMBER,TYPE_ID,TERMINAL_ID,DELETE_FLAG,COLOR_ID_NUMBER_ID,AUTHORIZED_PAY_MASS) values ('B0000803','2401719', '测B05718', 4, 241719, 0, '2',15);

insert into T_SIMINFO (SIM_ID, ORG_CODE, DEPTCODE, STATE,PAY_MODLE, SIM_NUM) values(25720, 'B0000803', '中国移动', 1, '预付费', 13100005719);
insert into T_TERMINALINFO (TERMINAL_ID,TTYPE_ID,SIM_ID,TERMINAL_CODE,ORG_CODE,IS_VIDEO_TERMINAL,SP_SERVER_NAME,PROTOCOL_TYPE,CHANNELS,YT_PROTOCOL_TYPE) values(241720, 4, 25720, '1005719', 'B0000803',1,'1076测试服务器','4',8,'0');
insert into V_VEHICLEINFO (ORG_CODE,VEHICLE_ID,ID_NUMBER,TYPE_ID,TERMINAL_ID,DELETE_FLAG,COLOR_ID_NUMBER_ID,AUTHORIZED_PAY_MASS) values ('B0000803','2401720', '测B05719', 4, 241720, 0, '2',15);

insert into T_SIMINFO (SIM_ID, ORG_CODE, DEPTCODE, STATE,PAY_MODLE, SIM_NUM) values(25721, 'B0000803', '中国移动', 1, '预付费', 13100005720);
insert into T_TERMINALINFO (TERMINAL_ID,TTYPE_ID,SIM_ID,TERMINAL_CODE,ORG_CODE,IS_VIDEO_TERMINAL,SP_SERVER_NAME,PROTOCOL_TYPE,CHANNELS,YT_PROTOCOL_TYPE) values(241721, 4, 25721, '1005720', 'B0000803',1,'1076测试服务器','4',8,'0');
insert into V_VEHICLEINFO (ORG_CODE,VEHICLE_ID,ID_NUMBER,TYPE_ID,TERMINAL_ID,DELETE_FLAG,COLOR_ID_NUMBER_ID,AUTHORIZED_PAY_MASS) values ('B0000803','2401721', '测B05720', 4, 241721, 0, '2',15);

insert into T_SIMINFO (SIM_ID, ORG_CODE, DEPTCODE, STATE,PAY_MODLE, SIM_NUM) values(25722, 'B0000803', '中国移动', 1, '预付费', 13100005721);
insert into T_TERMINALINFO (TERMINAL_ID,TTYPE_ID,SIM_ID,TERMINAL_CODE,ORG_CODE,IS_VIDEO_TERMINAL,SP_SERVER_NAME,PROTOCOL_TYPE,CHANNELS,YT_PROTOCOL_TYPE) values(241722, 4, 25722, '1005721', 'B0000803',1,'1076测试服务器','4',8,'0');
insert into V_VEHICLEINFO (ORG_CODE,VEHICLE_ID,ID_NUMBER,TYPE_ID,TERMINAL_ID,DELETE_FLAG,COLOR_ID_NUMBER_ID,AUTHORIZED_PAY_MASS) values ('B0000803','2401722', '测B05721', 4, 241722, 0, '2',15);

insert into T_SIMINFO (SIM_ID, ORG_CODE, DEPTCODE, STATE,PAY_MODLE, SIM_NUM) values(25723, 'B0000803', '中国移动', 1, '预付费', 13100005722);
insert into T_TERMINALINFO (TERMINAL_ID,TTYPE_ID,SIM_ID,TERMINAL_CODE,ORG_CODE,IS_VIDEO_TERMINAL,SP_SERVER_NAME,PROTOCOL_TYPE,CHANNELS,YT_PROTOCOL_TYPE) values(241723, 4, 25723, '1005722', 'B0000803',1,'1076测试服务器','4',8,'0');
insert into V_VEHICLEINFO (ORG_CODE,VEHICLE_ID,ID_NUMBER,TYPE_ID,TERMINAL_ID,DELETE_FLAG,COLOR_ID_NUMBER_ID,AUTHORIZED_PAY_MASS) values ('B0000803','2401723', '测B05722', 4, 241723, 0, '2',15);

insert into T_SIMINFO (SIM_ID, ORG_CODE, DEPTCODE, STATE,PAY_MODLE, SIM_NUM) values(25724, 'B0000803', '中国移动', 1, '预付费', 13100005723);
insert into T_TERMINALINFO (TERMINAL_ID,TTYPE_ID,SIM_ID,TERMINAL_CODE,ORG_CODE,IS_VIDEO_TERMINAL,SP_SERVER_NAME,PROTOCOL_TYPE,CHANNELS,YT_PROTOCOL_TYPE) values(241724, 4, 25724, '1005723', 'B0000803',1,'1076测试服务器','4',8,'0');
insert into V_VEHICLEINFO (ORG_CODE,VEHICLE_ID,ID_NUMBER,TYPE_ID,TERMINAL_ID,DELETE_FLAG,COLOR_ID_NUMBER_ID,AUTHORIZED_PAY_MASS) values ('B0000803','2401724', '测B05723', 4, 241724, 0, '2',15);

insert into T_SIMINFO (SIM_ID, ORG_CODE, DEPTCODE, STATE,PAY_MODLE, SIM_NUM) values(25725, 'B0000803', '中国移动', 1, '预付费', 13100005724);
insert into T_TERMINALINFO (TERMINAL_ID,TTYPE_ID,SIM_ID,TERMINAL_CODE,ORG_CODE,IS_VIDEO_TERMINAL,SP_SERVER_NAME,PROTOCOL_TYPE,CHANNELS,YT_PROTOCOL_TYPE) values(241725, 4, 25725, '1005724', 'B0000803',1,'1076测试服务器','4',8,'0');
insert into V_VEHICLEINFO (ORG_CODE,VEHICLE_ID,ID_NUMBER,TYPE_ID,TERMINAL_ID,DELETE_FLAG,COLOR_ID_NUMBER_ID,AUTHORIZED_PAY_MASS) values ('B0000803','2401725', '测B05724', 4, 241725, 0, '2',15);

insert into T_SIMINFO (SIM_ID, ORG_CODE, DEPTCODE, STATE,PAY_MODLE, SIM_NUM) values(25726, 'B0000803', '中国移动', 1, '预付费', 13100005725);
insert into T_TERMINALINFO (TERMINAL_ID,TTYPE_ID,SIM_ID,TERMINAL_CODE,ORG_CODE,IS_VIDEO_TERMINAL,SP_SERVER_NAME,PROTOCOL_TYPE,CHANNELS,YT_PROTOCOL_TYPE) values(241726, 4, 25726, '1005725', 'B0000803',1,'1076测试服务器','4',8,'0');
insert into V_VEHICLEINFO (ORG_CODE,VEHICLE_ID,ID_NUMBER,TYPE_ID,TERMINAL_ID,DELETE_FLAG,COLOR_ID_NUMBER_ID,AUTHORIZED_PAY_MASS) values ('B0000803','2401726', '测B05725', 4, 241726, 0, '2',15);

insert into T_SIMINFO (SIM_ID, ORG_CODE, DEPTCODE, STATE,PAY_MODLE, SIM_NUM) values(25727, 'B0000803', '中国移动', 1, '预付费', 13100005726);
insert into T_TERMINALINFO (TERMINAL_ID,TTYPE_ID,SIM_ID,TERMINAL_CODE,ORG_CODE,IS_VIDEO_TERMINAL,SP_SERVER_NAME,PROTOCOL_TYPE,CHANNELS,YT_PROTOCOL_TYPE) values(241727, 4, 25727, '1005726', 'B0000803',1,'1076测试服务器','4',8,'0');
insert into V_VEHICLEINFO (ORG_CODE,VEHICLE_ID,ID_NUMBER,TYPE_ID,TERMINAL_ID,DELETE_FLAG,COLOR_ID_NUMBER_ID,AUTHORIZED_PAY_MASS) values ('B0000803','2401727', '测B05726', 4, 241727, 0, '2',15);

insert into T_SIMINFO (SIM_ID, ORG_CODE, DEPTCODE, STATE,PAY_MODLE, SIM_NUM) values(25728, 'B0000803', '中国移动', 1, '预付费', 13100005727);
insert into T_TERMINALINFO (TERMINAL_ID,TTYPE_ID,SIM_ID,TERMINAL_CODE,ORG_CODE,IS_VIDEO_TERMINAL,SP_SERVER_NAME,PROTOCOL_TYPE,CHANNELS,YT_PROTOCOL_TYPE) values(241728, 4, 25728, '1005727', 'B0000803',1,'1076测试服务器','4',8,'0');
insert into V_VEHICLEINFO (ORG_CODE,VEHICLE_ID,ID_NUMBER,TYPE_ID,TERMINAL_ID,DELETE_FLAG,COLOR_ID_NUMBER_ID,AUTHORIZED_PAY_MASS) values ('B0000803','2401728', '测B05727', 4, 241728, 0, '2',15);

insert into T_SIMINFO (SIM_ID, ORG_CODE, DEPTCODE, STATE,PAY_MODLE, SIM_NUM) values(25729, 'B0000803', '中国移动', 1, '预付费', 13100005728);
insert into T_TERMINALINFO (TERMINAL_ID,TTYPE_ID,SIM_ID,TERMINAL_CODE,ORG_CODE,IS_VIDEO_TERMINAL,SP_SERVER_NAME,PROTOCOL_TYPE,CHANNELS,YT_PROTOCOL_TYPE) values(241729, 4, 25729, '1005728', 'B0000803',1,'1076测试服务器','4',8,'0');
insert into V_VEHICLEINFO (ORG_CODE,VEHICLE_ID,ID_NUMBER,TYPE_ID,TERMINAL_ID,DELETE_FLAG,COLOR_ID_NUMBER_ID,AUTHORIZED_PAY_MASS) values ('B0000803','2401729', '测B05728', 4, 241729, 0, '2',15);

insert into T_SIMINFO (SIM_ID, ORG_CODE, DEPTCODE, STATE,PAY_MODLE, SIM_NUM) values(25730, 'B0000803', '中国移动', 1, '预付费', 13100005729);
insert into T_TERMINALINFO (TERMINAL_ID,TTYPE_ID,SIM_ID,TERMINAL_CODE,ORG_CODE,IS_VIDEO_TERMINAL,SP_SERVER_NAME,PROTOCOL_TYPE,CHANNELS,YT_PROTOCOL_TYPE) values(241730, 4, 25730, '1005729', 'B0000803',1,'1076测试服务器','4',8,'0');
insert into V_VEHICLEINFO (ORG_CODE,VEHICLE_ID,ID_NUMBER,TYPE_ID,TERMINAL_ID,DELETE_FLAG,COLOR_ID_NUMBER_ID,AUTHORIZED_PAY_MASS) values ('B0000803','2401730', '测B05729', 4, 241730, 0, '2',15);

insert into T_SIMINFO (SIM_ID, ORG_CODE, DEPTCODE, STATE,PAY_MODLE, SIM_NUM) values(25731, 'B0000803', '中国移动', 1, '预付费', 13100005730);
insert into T_TERMINALINFO (TERMINAL_ID,TTYPE_ID,SIM_ID,TERMINAL_CODE,ORG_CODE,IS_VIDEO_TERMINAL,SP_SERVER_NAME,PROTOCOL_TYPE,CHANNELS,YT_PROTOCOL_TYPE) values(241731, 4, 25731, '1005730', 'B0000803',1,'1076测试服务器','4',8,'0');
insert into V_VEHICLEINFO (ORG_CODE,VEHICLE_ID,ID_NUMBER,TYPE_ID,TERMINAL_ID,DELETE_FLAG,COLOR_ID_NUMBER_ID,AUTHORIZED_PAY_MASS) values ('B0000803','2401731', '测B05730', 4, 241731, 0, '2',15);

insert into T_SIMINFO (SIM_ID, ORG_CODE, DEPTCODE, STATE,PAY_MODLE, SIM_NUM) values(25732, 'B0000803', '中国移动', 1, '预付费', 13100005731);
insert into T_TERMINALINFO (TERMINAL_ID,TTYPE_ID,SIM_ID,TERMINAL_CODE,ORG_CODE,IS_VIDEO_TERMINAL,SP_SERVER_NAME,PROTOCOL_TYPE,CHANNELS,YT_PROTOCOL_TYPE) values(241732, 4, 25732, '1005731', 'B0000803',1,'1076测试服务器','4',8,'0');
insert into V_VEHICLEINFO (ORG_CODE,VEHICLE_ID,ID_NUMBER,TYPE_ID,TERMINAL_ID,DELETE_FLAG,COLOR_ID_NUMBER_ID,AUTHORIZED_PAY_MASS) values ('B0000803','2401732', '测B05731', 4, 241732, 0, '2',15);

insert into T_SIMINFO (SIM_ID, ORG_CODE, DEPTCODE, STATE,PAY_MODLE, SIM_NUM) values(25733, 'B0000803', '中国移动', 1, '预付费', 13100005732);
insert into T_TERMINALINFO (TERMINAL_ID,TTYPE_ID,SIM_ID,TERMINAL_CODE,ORG_CODE,IS_VIDEO_TERMINAL,SP_SERVER_NAME,PROTOCOL_TYPE,CHANNELS,YT_PROTOCOL_TYPE) values(241733, 4, 25733, '1005732', 'B0000803',1,'1076测试服务器','4',8,'0');
insert into V_VEHICLEINFO (ORG_CODE,VEHICLE_ID,ID_NUMBER,TYPE_ID,TERMINAL_ID,DELETE_FLAG,COLOR_ID_NUMBER_ID,AUTHORIZED_PAY_MASS) values ('B0000803','2401733', '测B05732', 4, 241733, 0, '2',15);

insert into T_SIMINFO (SIM_ID, ORG_CODE, DEPTCODE, STATE,PAY_MODLE, SIM_NUM) values(25734, 'B0000803', '中国移动', 1, '预付费', 13100005733);
insert into T_TERMINALINFO (TERMINAL_ID,TTYPE_ID,SIM_ID,TERMINAL_CODE,ORG_CODE,IS_VIDEO_TERMINAL,SP_SERVER_NAME,PROTOCOL_TYPE,CHANNELS,YT_PROTOCOL_TYPE) values(241734, 4, 25734, '1005733', 'B0000803',1,'1076测试服务器','4',8,'0');
insert into V_VEHICLEINFO (ORG_CODE,VEHICLE_ID,ID_NUMBER,TYPE_ID,TERMINAL_ID,DELETE_FLAG,COLOR_ID_NUMBER_ID,AUTHORIZED_PAY_MASS) values ('B0000803','2401734', '测B05733', 4, 241734, 0, '2',15);

insert into T_SIMINFO (SIM_ID, ORG_CODE, DEPTCODE, STATE,PAY_MODLE, SIM_NUM) values(25735, 'B0000803', '中国移动', 1, '预付费', 13100005734);
insert into T_TERMINALINFO (TERMINAL_ID,TTYPE_ID,SIM_ID,TERMINAL_CODE,ORG_CODE,IS_VIDEO_TERMINAL,SP_SERVER_NAME,PROTOCOL_TYPE,CHANNELS,YT_PROTOCOL_TYPE) values(241735, 4, 25735, '1005734', 'B0000803',1,'1076测试服务器','4',8,'0');
insert into V_VEHICLEINFO (ORG_CODE,VEHICLE_ID,ID_NUMBER,TYPE_ID,TERMINAL_ID,DELETE_FLAG,COLOR_ID_NUMBER_ID,AUTHORIZED_PAY_MASS) values ('B0000803','2401735', '测B05734', 4, 241735, 0, '2',15);

insert into T_SIMINFO (SIM_ID, ORG_CODE, DEPTCODE, STATE,PAY_MODLE, SIM_NUM) values(25736, 'B0000803', '中国移动', 1, '预付费', 13100005735);
insert into T_TERMINALINFO (TERMINAL_ID,TTYPE_ID,SIM_ID,TERMINAL_CODE,ORG_CODE,IS_VIDEO_TERMINAL,SP_SERVER_NAME,PROTOCOL_TYPE,CHANNELS,YT_PROTOCOL_TYPE) values(241736, 4, 25736, '1005735', 'B0000803',1,'1076测试服务器','4',8,'0');
insert into V_VEHICLEINFO (ORG_CODE,VEHICLE_ID,ID_NUMBER,TYPE_ID,TERMINAL_ID,DELETE_FLAG,COLOR_ID_NUMBER_ID,AUTHORIZED_PAY_MASS) values ('B0000803','2401736', '测B05735', 4, 241736, 0, '2',15);

insert into T_SIMINFO (SIM_ID, ORG_CODE, DEPTCODE, STATE,PAY_MODLE, SIM_NUM) values(25737, 'B0000803', '中国移动', 1, '预付费', 13100005736);
insert into T_TERMINALINFO (TERMINAL_ID,TTYPE_ID,SIM_ID,TERMINAL_CODE,ORG_CODE,IS_VIDEO_TERMINAL,SP_SERVER_NAME,PROTOCOL_TYPE,CHANNELS,YT_PROTOCOL_TYPE) values(241737, 4, 25737, '1005736', 'B0000803',1,'1076测试服务器','4',8,'0');
insert into V_VEHICLEINFO (ORG_CODE,VEHICLE_ID,ID_NUMBER,TYPE_ID,TERMINAL_ID,DELETE_FLAG,COLOR_ID_NUMBER_ID,AUTHORIZED_PAY_MASS) values ('B0000803','2401737', '测B05736', 4, 241737, 0, '2',15);

insert into T_SIMINFO (SIM_ID, ORG_CODE, DEPTCODE, STATE,PAY_MODLE, SIM_NUM) values(25738, 'B0000803', '中国移动', 1, '预付费', 13100005737);
insert into T_TERMINALINFO (TERMINAL_ID,TTYPE_ID,SIM_ID,TERMINAL_CODE,ORG_CODE,IS_VIDEO_TERMINAL,SP_SERVER_NAME,PROTOCOL_TYPE,CHANNELS,YT_PROTOCOL_TYPE) values(241738, 4, 25738, '1005737', 'B0000803',1,'1076测试服务器','4',8,'0');
insert into V_VEHICLEINFO (ORG_CODE,VEHICLE_ID,ID_NUMBER,TYPE_ID,TERMINAL_ID,DELETE_FLAG,COLOR_ID_NUMBER_ID,AUTHORIZED_PAY_MASS) values ('B0000803','2401738', '测B05737', 4, 241738, 0, '2',15);

insert into T_SIMINFO (SIM_ID, ORG_CODE, DEPTCODE, STATE,PAY_MODLE, SIM_NUM) values(25739, 'B0000803', '中国移动', 1, '预付费', 13100005738);
insert into T_TERMINALINFO (TERMINAL_ID,TTYPE_ID,SIM_ID,TERMINAL_CODE,ORG_CODE,IS_VIDEO_TERMINAL,SP_SERVER_NAME,PROTOCOL_TYPE,CHANNELS,YT_PROTOCOL_TYPE) values(241739, 4, 25739, '1005738', 'B0000803',1,'1076测试服务器','4',8,'0');
insert into V_VEHICLEINFO (ORG_CODE,VEHICLE_ID,ID_NUMBER,TYPE_ID,TERMINAL_ID,DELETE_FLAG,COLOR_ID_NUMBER_ID,AUTHORIZED_PAY_MASS) values ('B0000803','2401739', '测B05738', 4, 241739, 0, '2',15);

insert into T_SIMINFO (SIM_ID, ORG_CODE, DEPTCODE, STATE,PAY_MODLE, SIM_NUM) values(25740, 'B0000803', '中国移动', 1, '预付费', 13100005739);
insert into T_TERMINALINFO (TERMINAL_ID,TTYPE_ID,SIM_ID,TERMINAL_CODE,ORG_CODE,IS_VIDEO_TERMINAL,SP_SERVER_NAME,PROTOCOL_TYPE,CHANNELS,YT_PROTOCOL_TYPE) values(241740, 4, 25740, '1005739', 'B0000803',1,'1076测试服务器','4',8,'0');
insert into V_VEHICLEINFO (ORG_CODE,VEHICLE_ID,ID_NUMBER,TYPE_ID,TERMINAL_ID,DELETE_FLAG,COLOR_ID_NUMBER_ID,AUTHORIZED_PAY_MASS) values ('B0000803','2401740', '测B05739', 4, 241740, 0, '2',15);

insert into T_SIMINFO (SIM_ID, ORG_CODE, DEPTCODE, STATE,PAY_MODLE, SIM_NUM) values(25741, 'B0000803', '中国移动', 1, '预付费', 13100005740);
insert into T_TERMINALINFO (TERMINAL_ID,TTYPE_ID,SIM_ID,TERMINAL_CODE,ORG_CODE,IS_VIDEO_TERMINAL,SP_SERVER_NAME,PROTOCOL_TYPE,CHANNELS,YT_PROTOCOL_TYPE) values(241741, 4, 25741, '1005740', 'B0000803',1,'1076测试服务器','4',8,'0');
insert into V_VEHICLEINFO (ORG_CODE,VEHICLE_ID,ID_NUMBER,TYPE_ID,TERMINAL_ID,DELETE_FLAG,COLOR_ID_NUMBER_ID,AUTHORIZED_PAY_MASS) values ('B0000803','2401741', '测B05740', 4, 241741, 0, '2',15);

insert into T_SIMINFO (SIM_ID, ORG_CODE, DEPTCODE, STATE,PAY_MODLE, SIM_NUM) values(25742, 'B0000803', '中国移动', 1, '预付费', 13100005741);
insert into T_TERMINALINFO (TERMINAL_ID,TTYPE_ID,SIM_ID,TERMINAL_CODE,ORG_CODE,IS_VIDEO_TERMINAL,SP_SERVER_NAME,PROTOCOL_TYPE,CHANNELS,YT_PROTOCOL_TYPE) values(241742, 4, 25742, '1005741', 'B0000803',1,'1076测试服务器','4',8,'0');
insert into V_VEHICLEINFO (ORG_CODE,VEHICLE_ID,ID_NUMBER,TYPE_ID,TERMINAL_ID,DELETE_FLAG,COLOR_ID_NUMBER_ID,AUTHORIZED_PAY_MASS) values ('B0000803','2401742', '测B05741', 4, 241742, 0, '2',15);

insert into T_SIMINFO (SIM_ID, ORG_CODE, DEPTCODE, STATE,PAY_MODLE, SIM_NUM) values(25743, 'B0000803', '中国移动', 1, '预付费', 13100005742);
insert into T_TERMINALINFO (TERMINAL_ID,TTYPE_ID,SIM_ID,TERMINAL_CODE,ORG_CODE,IS_VIDEO_TERMINAL,SP_SERVER_NAME,PROTOCOL_TYPE,CHANNELS,YT_PROTOCOL_TYPE) values(241743, 4, 25743, '1005742', 'B0000803',1,'1076测试服务器','4',8,'0');
insert into V_VEHICLEINFO (ORG_CODE,VEHICLE_ID,ID_NUMBER,TYPE_ID,TERMINAL_ID,DELETE_FLAG,COLOR_ID_NUMBER_ID,AUTHORIZED_PAY_MASS) values ('B0000803','2401743', '测B05742', 4, 241743, 0, '2',15);

insert into T_SIMINFO (SIM_ID, ORG_CODE, DEPTCODE, STATE,PAY_MODLE, SIM_NUM) values(25744, 'B0000803', '中国移动', 1, '预付费', 13100005743);
insert into T_TERMINALINFO (TERMINAL_ID,TTYPE_ID,SIM_ID,TERMINAL_CODE,ORG_CODE,IS_VIDEO_TERMINAL,SP_SERVER_NAME,PROTOCOL_TYPE,CHANNELS,YT_PROTOCOL_TYPE) values(241744, 4, 25744, '1005743', 'B0000803',1,'1076测试服务器','4',8,'0');
insert into V_VEHICLEINFO (ORG_CODE,VEHICLE_ID,ID_NUMBER,TYPE_ID,TERMINAL_ID,DELETE_FLAG,COLOR_ID_NUMBER_ID,AUTHORIZED_PAY_MASS) values ('B0000803','2401744', '测B05743', 4, 241744, 0, '2',15);

insert into T_SIMINFO (SIM_ID, ORG_CODE, DEPTCODE, STATE,PAY_MODLE, SIM_NUM) values(25745, 'B0000803', '中国移动', 1, '预付费', 13100005744);
insert into T_TERMINALINFO (TERMINAL_ID,TTYPE_ID,SIM_ID,TERMINAL_CODE,ORG_CODE,IS_VIDEO_TERMINAL,SP_SERVER_NAME,PROTOCOL_TYPE,CHANNELS,YT_PROTOCOL_TYPE) values(241745, 4, 25745, '1005744', 'B0000803',1,'1076测试服务器','4',8,'0');
insert into V_VEHICLEINFO (ORG_CODE,VEHICLE_ID,ID_NUMBER,TYPE_ID,TERMINAL_ID,DELETE_FLAG,COLOR_ID_NUMBER_ID,AUTHORIZED_PAY_MASS) values ('B0000803','2401745', '测B05744', 4, 241745, 0, '2',15);

insert into T_SIMINFO (SIM_ID, ORG_CODE, DEPTCODE, STATE,PAY_MODLE, SIM_NUM) values(25746, 'B0000803', '中国移动', 1, '预付费', 13100005745);
insert into T_TERMINALINFO (TERMINAL_ID,TTYPE_ID,SIM_ID,TERMINAL_CODE,ORG_CODE,IS_VIDEO_TERMINAL,SP_SERVER_NAME,PROTOCOL_TYPE,CHANNELS,YT_PROTOCOL_TYPE) values(241746, 4, 25746, '1005745', 'B0000803',1,'1076测试服务器','4',8,'0');
insert into V_VEHICLEINFO (ORG_CODE,VEHICLE_ID,ID_NUMBER,TYPE_ID,TERMINAL_ID,DELETE_FLAG,COLOR_ID_NUMBER_ID,AUTHORIZED_PAY_MASS) values ('B0000803','2401746', '测B05745', 4, 241746, 0, '2',15);

insert into T_SIMINFO (SIM_ID, ORG_CODE, DEPTCODE, STATE,PAY_MODLE, SIM_NUM) values(25747, 'B0000803', '中国移动', 1, '预付费', 13100005746);
insert into T_TERMINALINFO (TERMINAL_ID,TTYPE_ID,SIM_ID,TERMINAL_CODE,ORG_CODE,IS_VIDEO_TERMINAL,SP_SERVER_NAME,PROTOCOL_TYPE,CHANNELS,YT_PROTOCOL_TYPE) values(241747, 4, 25747, '1005746', 'B0000803',1,'1076测试服务器','4',8,'0');
insert into V_VEHICLEINFO (ORG_CODE,VEHICLE_ID,ID_NUMBER,TYPE_ID,TERMINAL_ID,DELETE_FLAG,COLOR_ID_NUMBER_ID,AUTHORIZED_PAY_MASS) values ('B0000803','2401747', '测B05746', 4, 241747, 0, '2',15);

insert into T_SIMINFO (SIM_ID, ORG_CODE, DEPTCODE, STATE,PAY_MODLE, SIM_NUM) values(25748, 'B0000803', '中国移动', 1, '预付费', 13100005747);
insert into T_TERMINALINFO (TERMINAL_ID,TTYPE_ID,SIM_ID,TERMINAL_CODE,ORG_CODE,IS_VIDEO_TERMINAL,SP_SERVER_NAME,PROTOCOL_TYPE,CHANNELS,YT_PROTOCOL_TYPE) values(241748, 4, 25748, '1005747', 'B0000803',1,'1076测试服务器','4',8,'0');
insert into V_VEHICLEINFO (ORG_CODE,VEHICLE_ID,ID_NUMBER,TYPE_ID,TERMINAL_ID,DELETE_FLAG,COLOR_ID_NUMBER_ID,AUTHORIZED_PAY_MASS) values ('B0000803','2401748', '测B05747', 4, 241748, 0, '2',15);

insert into T_SIMINFO (SIM_ID, ORG_CODE, DEPTCODE, STATE,PAY_MODLE, SIM_NUM) values(25749, 'B0000803', '中国移动', 1, '预付费', 13100005748);
insert into T_TERMINALINFO (TERMINAL_ID,TTYPE_ID,SIM_ID,TERMINAL_CODE,ORG_CODE,IS_VIDEO_TERMINAL,SP_SERVER_NAME,PROTOCOL_TYPE,CHANNELS,YT_PROTOCOL_TYPE) values(241749, 4, 25749, '1005748', 'B0000803',1,'1076测试服务器','4',8,'0');
insert into V_VEHICLEINFO (ORG_CODE,VEHICLE_ID,ID_NUMBER,TYPE_ID,TERMINAL_ID,DELETE_FLAG,COLOR_ID_NUMBER_ID,AUTHORIZED_PAY_MASS) values ('B0000803','2401749', '测B05748', 4, 241749, 0, '2',15);

insert into T_SIMINFO (SIM_ID, ORG_CODE, DEPTCODE, STATE,PAY_MODLE, SIM_NUM) values(25750, 'B0000803', '中国移动', 1, '预付费', 13100005749);
insert into T_TERMINALINFO (TERMINAL_ID,TTYPE_ID,SIM_ID,TERMINAL_CODE,ORG_CODE,IS_VIDEO_TERMINAL,SP_SERVER_NAME,PROTOCOL_TYPE,CHANNELS,YT_PROTOCOL_TYPE) values(241750, 4, 25750, '1005749', 'B0000803',1,'1076测试服务器','4',8,'0');
insert into V_VEHICLEINFO (ORG_CODE,VEHICLE_ID,ID_NUMBER,TYPE_ID,TERMINAL_ID,DELETE_FLAG,COLOR_ID_NUMBER_ID,AUTHORIZED_PAY_MASS) values ('B0000803','2401750', '测B05749', 4, 241750, 0, '2',15);

insert into T_SIMINFO (SIM_ID, ORG_CODE, DEPTCODE, STATE,PAY_MODLE, SIM_NUM) values(25751, 'B0000803', '中国移动', 1, '预付费', 13100005750);
insert into T_TERMINALINFO (TERMINAL_ID,TTYPE_ID,SIM_ID,TERMINAL_CODE,ORG_CODE,IS_VIDEO_TERMINAL,SP_SERVER_NAME,PROTOCOL_TYPE,CHANNELS,YT_PROTOCOL_TYPE) values(241751, 4, 25751, '1005750', 'B0000803',1,'1076测试服务器','4',8,'0');
insert into V_VEHICLEINFO (ORG_CODE,VEHICLE_ID,ID_NUMBER,TYPE_ID,TERMINAL_ID,DELETE_FLAG,COLOR_ID_NUMBER_ID,AUTHORIZED_PAY_MASS) values ('B0000803','2401751', '测B05750', 4, 241751, 0, '2',15);

insert into T_SIMINFO (SIM_ID, ORG_CODE, DEPTCODE, STATE,PAY_MODLE, SIM_NUM) values(25752, 'B0000803', '中国移动', 1, '预付费', 13100005751);
insert into T_TERMINALINFO (TERMINAL_ID,TTYPE_ID,SIM_ID,TERMINAL_CODE,ORG_CODE,IS_VIDEO_TERMINAL,SP_SERVER_NAME,PROTOCOL_TYPE,CHANNELS,YT_PROTOCOL_TYPE) values(241752, 4, 25752, '1005751', 'B0000803',1,'1076测试服务器','4',8,'0');
insert into V_VEHICLEINFO (ORG_CODE,VEHICLE_ID,ID_NUMBER,TYPE_ID,TERMINAL_ID,DELETE_FLAG,COLOR_ID_NUMBER_ID,AUTHORIZED_PAY_MASS) values ('B0000803','2401752', '测B05751', 4, 241752, 0, '2',15);

insert into T_SIMINFO (SIM_ID, ORG_CODE, DEPTCODE, STATE,PAY_MODLE, SIM_NUM) values(25753, 'B0000803', '中国移动', 1, '预付费', 13100005752);
insert into T_TERMINALINFO (TERMINAL_ID,TTYPE_ID,SIM_ID,TERMINAL_CODE,ORG_CODE,IS_VIDEO_TERMINAL,SP_SERVER_NAME,PROTOCOL_TYPE,CHANNELS,YT_PROTOCOL_TYPE) values(241753, 4, 25753, '1005752', 'B0000803',1,'1076测试服务器','4',8,'0');
insert into V_VEHICLEINFO (ORG_CODE,VEHICLE_ID,ID_NUMBER,TYPE_ID,TERMINAL_ID,DELETE_FLAG,COLOR_ID_NUMBER_ID,AUTHORIZED_PAY_MASS) values ('B0000803','2401753', '测B05752', 4, 241753, 0, '2',15);

insert into T_SIMINFO (SIM_ID, ORG_CODE, DEPTCODE, STATE,PAY_MODLE, SIM_NUM) values(25754, 'B0000803', '中国移动', 1, '预付费', 13100005753);
insert into T_TERMINALINFO (TERMINAL_ID,TTYPE_ID,SIM_ID,TERMINAL_CODE,ORG_CODE,IS_VIDEO_TERMINAL,SP_SERVER_NAME,PROTOCOL_TYPE,CHANNELS,YT_PROTOCOL_TYPE) values(241754, 4, 25754, '1005753', 'B0000803',1,'1076测试服务器','4',8,'0');
insert into V_VEHICLEINFO (ORG_CODE,VEHICLE_ID,ID_NUMBER,TYPE_ID,TERMINAL_ID,DELETE_FLAG,COLOR_ID_NUMBER_ID,AUTHORIZED_PAY_MASS) values ('B0000803','2401754', '测B05753', 4, 241754, 0, '2',15);

insert into T_SIMINFO (SIM_ID, ORG_CODE, DEPTCODE, STATE,PAY_MODLE, SIM_NUM) values(25755, 'B0000803', '中国移动', 1, '预付费', 13100005754);
insert into T_TERMINALINFO (TERMINAL_ID,TTYPE_ID,SIM_ID,TERMINAL_CODE,ORG_CODE,IS_VIDEO_TERMINAL,SP_SERVER_NAME,PROTOCOL_TYPE,CHANNELS,YT_PROTOCOL_TYPE) values(241755, 4, 25755, '1005754', 'B0000803',1,'1076测试服务器','4',8,'0');
insert into V_VEHICLEINFO (ORG_CODE,VEHICLE_ID,ID_NUMBER,TYPE_ID,TERMINAL_ID,DELETE_FLAG,COLOR_ID_NUMBER_ID,AUTHORIZED_PAY_MASS) values ('B0000803','2401755', '测B05754', 4, 241755, 0, '2',15);

insert into T_SIMINFO (SIM_ID, ORG_CODE, DEPTCODE, STATE,PAY_MODLE, SIM_NUM) values(25756, 'B0000803', '中国移动', 1, '预付费', 13100005755);
insert into T_TERMINALINFO (TERMINAL_ID,TTYPE_ID,SIM_ID,TERMINAL_CODE,ORG_CODE,IS_VIDEO_TERMINAL,SP_SERVER_NAME,PROTOCOL_TYPE,CHANNELS,YT_PROTOCOL_TYPE) values(241756, 4, 25756, '1005755', 'B0000803',1,'1076测试服务器','4',8,'0');
insert into V_VEHICLEINFO (ORG_CODE,VEHICLE_ID,ID_NUMBER,TYPE_ID,TERMINAL_ID,DELETE_FLAG,COLOR_ID_NUMBER_ID,AUTHORIZED_PAY_MASS) values ('B0000803','2401756', '测B05755', 4, 241756, 0, '2',15);

insert into T_SIMINFO (SIM_ID, ORG_CODE, DEPTCODE, STATE,PAY_MODLE, SIM_NUM) values(25757, 'B0000803', '中国移动', 1, '预付费', 13100005756);
insert into T_TERMINALINFO (TERMINAL_ID,TTYPE_ID,SIM_ID,TERMINAL_CODE,ORG_CODE,IS_VIDEO_TERMINAL,SP_SERVER_NAME,PROTOCOL_TYPE,CHANNELS,YT_PROTOCOL_TYPE) values(241757, 4, 25757, '1005756', 'B0000803',1,'1076测试服务器','4',8,'0');
insert into V_VEHICLEINFO (ORG_CODE,VEHICLE_ID,ID_NUMBER,TYPE_ID,TERMINAL_ID,DELETE_FLAG,COLOR_ID_NUMBER_ID,AUTHORIZED_PAY_MASS) values ('B0000803','2401757', '测B05756', 4, 241757, 0, '2',15);

insert into T_SIMINFO (SIM_ID, ORG_CODE, DEPTCODE, STATE,PAY_MODLE, SIM_NUM) values(25758, 'B0000803', '中国移动', 1, '预付费', 13100005757);
insert into T_TERMINALINFO (TERMINAL_ID,TTYPE_ID,SIM_ID,TERMINAL_CODE,ORG_CODE,IS_VIDEO_TERMINAL,SP_SERVER_NAME,PROTOCOL_TYPE,CHANNELS,YT_PROTOCOL_TYPE) values(241758, 4, 25758, '1005757', 'B0000803',1,'1076测试服务器','4',8,'0');
insert into V_VEHICLEINFO (ORG_CODE,VEHICLE_ID,ID_NUMBER,TYPE_ID,TERMINAL_ID,DELETE_FLAG,COLOR_ID_NUMBER_ID,AUTHORIZED_PAY_MASS) values ('B0000803','2401758', '测B05757', 4, 241758, 0, '2',15);

insert into T_SIMINFO (SIM_ID, ORG_CODE, DEPTCODE, STATE,PAY_MODLE, SIM_NUM) values(25759, 'B0000803', '中国移动', 1, '预付费', 13100005758);
insert into T_TERMINALINFO (TERMINAL_ID,TTYPE_ID,SIM_ID,TERMINAL_CODE,ORG_CODE,IS_VIDEO_TERMINAL,SP_SERVER_NAME,PROTOCOL_TYPE,CHANNELS,YT_PROTOCOL_TYPE) values(241759, 4, 25759, '1005758', 'B0000803',1,'1076测试服务器','4',8,'0');
insert into V_VEHICLEINFO (ORG_CODE,VEHICLE_ID,ID_NUMBER,TYPE_ID,TERMINAL_ID,DELETE_FLAG,COLOR_ID_NUMBER_ID,AUTHORIZED_PAY_MASS) values ('B0000803','2401759', '测B05758', 4, 241759, 0, '2',15);

insert into T_SIMINFO (SIM_ID, ORG_CODE, DEPTCODE, STATE,PAY_MODLE, SIM_NUM) values(25760, 'B0000803', '中国移动', 1, '预付费', 13100005759);
insert into T_TERMINALINFO (TERMINAL_ID,TTYPE_ID,SIM_ID,TERMINAL_CODE,ORG_CODE,IS_VIDEO_TERMINAL,SP_SERVER_NAME,PROTOCOL_TYPE,CHANNELS,YT_PROTOCOL_TYPE) values(241760, 4, 25760, '1005759', 'B0000803',1,'1076测试服务器','4',8,'0');
insert into V_VEHICLEINFO (ORG_CODE,VEHICLE_ID,ID_NUMBER,TYPE_ID,TERMINAL_ID,DELETE_FLAG,COLOR_ID_NUMBER_ID,AUTHORIZED_PAY_MASS) values ('B0000803','2401760', '测B05759', 4, 241760, 0, '2',15);

insert into T_SIMINFO (SIM_ID, ORG_CODE, DEPTCODE, STATE,PAY_MODLE, SIM_NUM) values(25761, 'B0000803', '中国移动', 1, '预付费', 13100005760);
insert into T_TERMINALINFO (TERMINAL_ID,TTYPE_ID,SIM_ID,TERMINAL_CODE,ORG_CODE,IS_VIDEO_TERMINAL,SP_SERVER_NAME,PROTOCOL_TYPE,CHANNELS,YT_PROTOCOL_TYPE) values(241761, 4, 25761, '1005760', 'B0000803',1,'1076测试服务器','4',8,'0');
insert into V_VEHICLEINFO (ORG_CODE,VEHICLE_ID,ID_NUMBER,TYPE_ID,TERMINAL_ID,DELETE_FLAG,COLOR_ID_NUMBER_ID,AUTHORIZED_PAY_MASS) values ('B0000803','2401761', '测B05760', 4, 241761, 0, '2',15);

insert into T_SIMINFO (SIM_ID, ORG_CODE, DEPTCODE, STATE,PAY_MODLE, SIM_NUM) values(25762, 'B0000803', '中国移动', 1, '预付费', 13100005761);
insert into T_TERMINALINFO (TERMINAL_ID,TTYPE_ID,SIM_ID,TERMINAL_CODE,ORG_CODE,IS_VIDEO_TERMINAL,SP_SERVER_NAME,PROTOCOL_TYPE,CHANNELS,YT_PROTOCOL_TYPE) values(241762, 4, 25762, '1005761', 'B0000803',1,'1076测试服务器','4',8,'0');
insert into V_VEHICLEINFO (ORG_CODE,VEHICLE_ID,ID_NUMBER,TYPE_ID,TERMINAL_ID,DELETE_FLAG,COLOR_ID_NUMBER_ID,AUTHORIZED_PAY_MASS) values ('B0000803','2401762', '测B05761', 4, 241762, 0, '2',15);

insert into T_SIMINFO (SIM_ID, ORG_CODE, DEPTCODE, STATE,PAY_MODLE, SIM_NUM) values(25763, 'B0000803', '中国移动', 1, '预付费', 13100005762);
insert into T_TERMINALINFO (TERMINAL_ID,TTYPE_ID,SIM_ID,TERMINAL_CODE,ORG_CODE,IS_VIDEO_TERMINAL,SP_SERVER_NAME,PROTOCOL_TYPE,CHANNELS,YT_PROTOCOL_TYPE) values(241763, 4, 25763, '1005762', 'B0000803',1,'1076测试服务器','4',8,'0');
insert into V_VEHICLEINFO (ORG_CODE,VEHICLE_ID,ID_NUMBER,TYPE_ID,TERMINAL_ID,DELETE_FLAG,COLOR_ID_NUMBER_ID,AUTHORIZED_PAY_MASS) values ('B0000803','2401763', '测B05762', 4, 241763, 0, '2',15);

insert into T_SIMINFO (SIM_ID, ORG_CODE, DEPTCODE, STATE,PAY_MODLE, SIM_NUM) values(25764, 'B0000803', '中国移动', 1, '预付费', 13100005763);
insert into T_TERMINALINFO (TERMINAL_ID,TTYPE_ID,SIM_ID,TERMINAL_CODE,ORG_CODE,IS_VIDEO_TERMINAL,SP_SERVER_NAME,PROTOCOL_TYPE,CHANNELS,YT_PROTOCOL_TYPE) values(241764, 4, 25764, '1005763', 'B0000803',1,'1076测试服务器','4',8,'0');
insert into V_VEHICLEINFO (ORG_CODE,VEHICLE_ID,ID_NUMBER,TYPE_ID,TERMINAL_ID,DELETE_FLAG,COLOR_ID_NUMBER_ID,AUTHORIZED_PAY_MASS) values ('B0000803','2401764', '测B05763', 4, 241764, 0, '2',15);

insert into T_SIMINFO (SIM_ID, ORG_CODE, DEPTCODE, STATE,PAY_MODLE, SIM_NUM) values(25765, 'B0000803', '中国移动', 1, '预付费', 13100005764);
insert into T_TERMINALINFO (TERMINAL_ID,TTYPE_ID,SIM_ID,TERMINAL_CODE,ORG_CODE,IS_VIDEO_TERMINAL,SP_SERVER_NAME,PROTOCOL_TYPE,CHANNELS,YT_PROTOCOL_TYPE) values(241765, 4, 25765, '1005764', 'B0000803',1,'1076测试服务器','4',8,'0');
insert into V_VEHICLEINFO (ORG_CODE,VEHICLE_ID,ID_NUMBER,TYPE_ID,TERMINAL_ID,DELETE_FLAG,COLOR_ID_NUMBER_ID,AUTHORIZED_PAY_MASS) values ('B0000803','2401765', '测B05764', 4, 241765, 0, '2',15);

insert into T_SIMINFO (SIM_ID, ORG_CODE, DEPTCODE, STATE,PAY_MODLE, SIM_NUM) values(25766, 'B0000803', '中国移动', 1, '预付费', 13100005765);
insert into T_TERMINALINFO (TERMINAL_ID,TTYPE_ID,SIM_ID,TERMINAL_CODE,ORG_CODE,IS_VIDEO_TERMINAL,SP_SERVER_NAME,PROTOCOL_TYPE,CHANNELS,YT_PROTOCOL_TYPE) values(241766, 4, 25766, '1005765', 'B0000803',1,'1076测试服务器','4',8,'0');
insert into V_VEHICLEINFO (ORG_CODE,VEHICLE_ID,ID_NUMBER,TYPE_ID,TERMINAL_ID,DELETE_FLAG,COLOR_ID_NUMBER_ID,AUTHORIZED_PAY_MASS) values ('B0000803','2401766', '测B05765', 4, 241766, 0, '2',15);

insert into T_SIMINFO (SIM_ID, ORG_CODE, DEPTCODE, STATE,PAY_MODLE, SIM_NUM) values(25767, 'B0000803', '中国移动', 1, '预付费', 13100005766);
insert into T_TERMINALINFO (TERMINAL_ID,TTYPE_ID,SIM_ID,TERMINAL_CODE,ORG_CODE,IS_VIDEO_TERMINAL,SP_SERVER_NAME,PROTOCOL_TYPE,CHANNELS,YT_PROTOCOL_TYPE) values(241767, 4, 25767, '1005766', 'B0000803',1,'1076测试服务器','4',8,'0');
insert into V_VEHICLEINFO (ORG_CODE,VEHICLE_ID,ID_NUMBER,TYPE_ID,TERMINAL_ID,DELETE_FLAG,COLOR_ID_NUMBER_ID,AUTHORIZED_PAY_MASS) values ('B0000803','2401767', '测B05766', 4, 241767, 0, '2',15);

insert into T_SIMINFO (SIM_ID, ORG_CODE, DEPTCODE, STATE,PAY_MODLE, SIM_NUM) values(25768, 'B0000803', '中国移动', 1, '预付费', 13100005767);
insert into T_TERMINALINFO (TERMINAL_ID,TTYPE_ID,SIM_ID,TERMINAL_CODE,ORG_CODE,IS_VIDEO_TERMINAL,SP_SERVER_NAME,PROTOCOL_TYPE,CHANNELS,YT_PROTOCOL_TYPE) values(241768, 4, 25768, '1005767', 'B0000803',1,'1076测试服务器','4',8,'0');
insert into V_VEHICLEINFO (ORG_CODE,VEHICLE_ID,ID_NUMBER,TYPE_ID,TERMINAL_ID,DELETE_FLAG,COLOR_ID_NUMBER_ID,AUTHORIZED_PAY_MASS) values ('B0000803','2401768', '测B05767', 4, 241768, 0, '2',15);

insert into T_SIMINFO (SIM_ID, ORG_CODE, DEPTCODE, STATE,PAY_MODLE, SIM_NUM) values(25769, 'B0000803', '中国移动', 1, '预付费', 13100005768);
insert into T_TERMINALINFO (TERMINAL_ID,TTYPE_ID,SIM_ID,TERMINAL_CODE,ORG_CODE,IS_VIDEO_TERMINAL,SP_SERVER_NAME,PROTOCOL_TYPE,CHANNELS,YT_PROTOCOL_TYPE) values(241769, 4, 25769, '1005768', 'B0000803',1,'1076测试服务器','4',8,'0');
insert into V_VEHICLEINFO (ORG_CODE,VEHICLE_ID,ID_NUMBER,TYPE_ID,TERMINAL_ID,DELETE_FLAG,COLOR_ID_NUMBER_ID,AUTHORIZED_PAY_MASS) values ('B0000803','2401769', '测B05768', 4, 241769, 0, '2',15);

insert into T_SIMINFO (SIM_ID, ORG_CODE, DEPTCODE, STATE,PAY_MODLE, SIM_NUM) values(25770, 'B0000803', '中国移动', 1, '预付费', 13100005769);
insert into T_TERMINALINFO (TERMINAL_ID,TTYPE_ID,SIM_ID,TERMINAL_CODE,ORG_CODE,IS_VIDEO_TERMINAL,SP_SERVER_NAME,PROTOCOL_TYPE,CHANNELS,YT_PROTOCOL_TYPE) values(241770, 4, 25770, '1005769', 'B0000803',1,'1076测试服务器','4',8,'0');
insert into V_VEHICLEINFO (ORG_CODE,VEHICLE_ID,ID_NUMBER,TYPE_ID,TERMINAL_ID,DELETE_FLAG,COLOR_ID_NUMBER_ID,AUTHORIZED_PAY_MASS) values ('B0000803','2401770', '测B05769', 4, 241770, 0, '2',15);

insert into T_SIMINFO (SIM_ID, ORG_CODE, DEPTCODE, STATE,PAY_MODLE, SIM_NUM) values(25771, 'B0000803', '中国移动', 1, '预付费', 13100005770);
insert into T_TERMINALINFO (TERMINAL_ID,TTYPE_ID,SIM_ID,TERMINAL_CODE,ORG_CODE,IS_VIDEO_TERMINAL,SP_SERVER_NAME,PROTOCOL_TYPE,CHANNELS,YT_PROTOCOL_TYPE) values(241771, 4, 25771, '1005770', 'B0000803',1,'1076测试服务器','4',8,'0');
insert into V_VEHICLEINFO (ORG_CODE,VEHICLE_ID,ID_NUMBER,TYPE_ID,TERMINAL_ID,DELETE_FLAG,COLOR_ID_NUMBER_ID,AUTHORIZED_PAY_MASS) values ('B0000803','2401771', '测B05770', 4, 241771, 0, '2',15);

insert into T_SIMINFO (SIM_ID, ORG_CODE, DEPTCODE, STATE,PAY_MODLE, SIM_NUM) values(25772, 'B0000803', '中国移动', 1, '预付费', 13100005771);
insert into T_TERMINALINFO (TERMINAL_ID,TTYPE_ID,SIM_ID,TERMINAL_CODE,ORG_CODE,IS_VIDEO_TERMINAL,SP_SERVER_NAME,PROTOCOL_TYPE,CHANNELS,YT_PROTOCOL_TYPE) values(241772, 4, 25772, '1005771', 'B0000803',1,'1076测试服务器','4',8,'0');
insert into V_VEHICLEINFO (ORG_CODE,VEHICLE_ID,ID_NUMBER,TYPE_ID,TERMINAL_ID,DELETE_FLAG,COLOR_ID_NUMBER_ID,AUTHORIZED_PAY_MASS) values ('B0000803','2401772', '测B05771', 4, 241772, 0, '2',15);

insert into T_SIMINFO (SIM_ID, ORG_CODE, DEPTCODE, STATE,PAY_MODLE, SIM_NUM) values(25773, 'B0000803', '中国移动', 1, '预付费', 13100005772);
insert into T_TERMINALINFO (TERMINAL_ID,TTYPE_ID,SIM_ID,TERMINAL_CODE,ORG_CODE,IS_VIDEO_TERMINAL,SP_SERVER_NAME,PROTOCOL_TYPE,CHANNELS,YT_PROTOCOL_TYPE) values(241773, 4, 25773, '1005772', 'B0000803',1,'1076测试服务器','4',8,'0');
insert into V_VEHICLEINFO (ORG_CODE,VEHICLE_ID,ID_NUMBER,TYPE_ID,TERMINAL_ID,DELETE_FLAG,COLOR_ID_NUMBER_ID,AUTHORIZED_PAY_MASS) values ('B0000803','2401773', '测B05772', 4, 241773, 0, '2',15);

insert into T_SIMINFO (SIM_ID, ORG_CODE, DEPTCODE, STATE,PAY_MODLE, SIM_NUM) values(25774, 'B0000803', '中国移动', 1, '预付费', 13100005773);
insert into T_TERMINALINFO (TERMINAL_ID,TTYPE_ID,SIM_ID,TERMINAL_CODE,ORG_CODE,IS_VIDEO_TERMINAL,SP_SERVER_NAME,PROTOCOL_TYPE,CHANNELS,YT_PROTOCOL_TYPE) values(241774, 4, 25774, '1005773', 'B0000803',1,'1076测试服务器','4',8,'0');
insert into V_VEHICLEINFO (ORG_CODE,VEHICLE_ID,ID_NUMBER,TYPE_ID,TERMINAL_ID,DELETE_FLAG,COLOR_ID_NUMBER_ID,AUTHORIZED_PAY_MASS) values ('B0000803','2401774', '测B05773', 4, 241774, 0, '2',15);

insert into T_SIMINFO (SIM_ID, ORG_CODE, DEPTCODE, STATE,PAY_MODLE, SIM_NUM) values(25775, 'B0000803', '中国移动', 1, '预付费', 13100005774);
insert into T_TERMINALINFO (TERMINAL_ID,TTYPE_ID,SIM_ID,TERMINAL_CODE,ORG_CODE,IS_VIDEO_TERMINAL,SP_SERVER_NAME,PROTOCOL_TYPE,CHANNELS,YT_PROTOCOL_TYPE) values(241775, 4, 25775, '1005774', 'B0000803',1,'1076测试服务器','4',8,'0');
insert into V_VEHICLEINFO (ORG_CODE,VEHICLE_ID,ID_NUMBER,TYPE_ID,TERMINAL_ID,DELETE_FLAG,COLOR_ID_NUMBER_ID,AUTHORIZED_PAY_MASS) values ('B0000803','2401775', '测B05774', 4, 241775, 0, '2',15);

insert into T_SIMINFO (SIM_ID, ORG_CODE, DEPTCODE, STATE,PAY_MODLE, SIM_NUM) values(25776, 'B0000803', '中国移动', 1, '预付费', 13100005775);
insert into T_TERMINALINFO (TERMINAL_ID,TTYPE_ID,SIM_ID,TERMINAL_CODE,ORG_CODE,IS_VIDEO_TERMINAL,SP_SERVER_NAME,PROTOCOL_TYPE,CHANNELS,YT_PROTOCOL_TYPE) values(241776, 4, 25776, '1005775', 'B0000803',1,'1076测试服务器','4',8,'0');
insert into V_VEHICLEINFO (ORG_CODE,VEHICLE_ID,ID_NUMBER,TYPE_ID,TERMINAL_ID,DELETE_FLAG,COLOR_ID_NUMBER_ID,AUTHORIZED_PAY_MASS) values ('B0000803','2401776', '测B05775', 4, 241776, 0, '2',15);

insert into T_SIMINFO (SIM_ID, ORG_CODE, DEPTCODE, STATE,PAY_MODLE, SIM_NUM) values(25777, 'B0000803', '中国移动', 1, '预付费', 13100005776);
insert into T_TERMINALINFO (TERMINAL_ID,TTYPE_ID,SIM_ID,TERMINAL_CODE,ORG_CODE,IS_VIDEO_TERMINAL,SP_SERVER_NAME,PROTOCOL_TYPE,CHANNELS,YT_PROTOCOL_TYPE) values(241777, 4, 25777, '1005776', 'B0000803',1,'1076测试服务器','4',8,'0');
insert into V_VEHICLEINFO (ORG_CODE,VEHICLE_ID,ID_NUMBER,TYPE_ID,TERMINAL_ID,DELETE_FLAG,COLOR_ID_NUMBER_ID,AUTHORIZED_PAY_MASS) values ('B0000803','2401777', '测B05776', 4, 241777, 0, '2',15);

insert into T_SIMINFO (SIM_ID, ORG_CODE, DEPTCODE, STATE,PAY_MODLE, SIM_NUM) values(25778, 'B0000803', '中国移动', 1, '预付费', 13100005777);
insert into T_TERMINALINFO (TERMINAL_ID,TTYPE_ID,SIM_ID,TERMINAL_CODE,ORG_CODE,IS_VIDEO_TERMINAL,SP_SERVER_NAME,PROTOCOL_TYPE,CHANNELS,YT_PROTOCOL_TYPE) values(241778, 4, 25778, '1005777', 'B0000803',1,'1076测试服务器','4',8,'0');
insert into V_VEHICLEINFO (ORG_CODE,VEHICLE_ID,ID_NUMBER,TYPE_ID,TERMINAL_ID,DELETE_FLAG,COLOR_ID_NUMBER_ID,AUTHORIZED_PAY_MASS) values ('B0000803','2401778', '测B05777', 4, 241778, 0, '2',15);

insert into T_SIMINFO (SIM_ID, ORG_CODE, DEPTCODE, STATE,PAY_MODLE, SIM_NUM) values(25779, 'B0000803', '中国移动', 1, '预付费', 13100005778);
insert into T_TERMINALINFO (TERMINAL_ID,TTYPE_ID,SIM_ID,TERMINAL_CODE,ORG_CODE,IS_VIDEO_TERMINAL,SP_SERVER_NAME,PROTOCOL_TYPE,CHANNELS,YT_PROTOCOL_TYPE) values(241779, 4, 25779, '1005778', 'B0000803',1,'1076测试服务器','4',8,'0');
insert into V_VEHICLEINFO (ORG_CODE,VEHICLE_ID,ID_NUMBER,TYPE_ID,TERMINAL_ID,DELETE_FLAG,COLOR_ID_NUMBER_ID,AUTHORIZED_PAY_MASS) values ('B0000803','2401779', '测B05778', 4, 241779, 0, '2',15);

insert into T_SIMINFO (SIM_ID, ORG_CODE, DEPTCODE, STATE,PAY_MODLE, SIM_NUM) values(25780, 'B0000803', '中国移动', 1, '预付费', 13100005779);
insert into T_TERMINALINFO (TERMINAL_ID,TTYPE_ID,SIM_ID,TERMINAL_CODE,ORG_CODE,IS_VIDEO_TERMINAL,SP_SERVER_NAME,PROTOCOL_TYPE,CHANNELS,YT_PROTOCOL_TYPE) values(241780, 4, 25780, '1005779', 'B0000803',1,'1076测试服务器','4',8,'0');
insert into V_VEHICLEINFO (ORG_CODE,VEHICLE_ID,ID_NUMBER,TYPE_ID,TERMINAL_ID,DELETE_FLAG,COLOR_ID_NUMBER_ID,AUTHORIZED_PAY_MASS) values ('B0000803','2401780', '测B05779', 4, 241780, 0, '2',15);

insert into T_SIMINFO (SIM_ID, ORG_CODE, DEPTCODE, STATE,PAY_MODLE, SIM_NUM) values(25781, 'B0000803', '中国移动', 1, '预付费', 13100005780);
insert into T_TERMINALINFO (TERMINAL_ID,TTYPE_ID,SIM_ID,TERMINAL_CODE,ORG_CODE,IS_VIDEO_TERMINAL,SP_SERVER_NAME,PROTOCOL_TYPE,CHANNELS,YT_PROTOCOL_TYPE) values(241781, 4, 25781, '1005780', 'B0000803',1,'1076测试服务器','4',8,'0');
insert into V_VEHICLEINFO (ORG_CODE,VEHICLE_ID,ID_NUMBER,TYPE_ID,TERMINAL_ID,DELETE_FLAG,COLOR_ID_NUMBER_ID,AUTHORIZED_PAY_MASS) values ('B0000803','2401781', '测B05780', 4, 241781, 0, '2',15);

insert into T_SIMINFO (SIM_ID, ORG_CODE, DEPTCODE, STATE,PAY_MODLE, SIM_NUM) values(25782, 'B0000803', '中国移动', 1, '预付费', 13100005781);
insert into T_TERMINALINFO (TERMINAL_ID,TTYPE_ID,SIM_ID,TERMINAL_CODE,ORG_CODE,IS_VIDEO_TERMINAL,SP_SERVER_NAME,PROTOCOL_TYPE,CHANNELS,YT_PROTOCOL_TYPE) values(241782, 4, 25782, '1005781', 'B0000803',1,'1076测试服务器','4',8,'0');
insert into V_VEHICLEINFO (ORG_CODE,VEHICLE_ID,ID_NUMBER,TYPE_ID,TERMINAL_ID,DELETE_FLAG,COLOR_ID_NUMBER_ID,AUTHORIZED_PAY_MASS) values ('B0000803','2401782', '测B05781', 4, 241782, 0, '2',15);

insert into T_SIMINFO (SIM_ID, ORG_CODE, DEPTCODE, STATE,PAY_MODLE, SIM_NUM) values(25783, 'B0000803', '中国移动', 1, '预付费', 13100005782);
insert into T_TERMINALINFO (TERMINAL_ID,TTYPE_ID,SIM_ID,TERMINAL_CODE,ORG_CODE,IS_VIDEO_TERMINAL,SP_SERVER_NAME,PROTOCOL_TYPE,CHANNELS,YT_PROTOCOL_TYPE) values(241783, 4, 25783, '1005782', 'B0000803',1,'1076测试服务器','4',8,'0');
insert into V_VEHICLEINFO (ORG_CODE,VEHICLE_ID,ID_NUMBER,TYPE_ID,TERMINAL_ID,DELETE_FLAG,COLOR_ID_NUMBER_ID,AUTHORIZED_PAY_MASS) values ('B0000803','2401783', '测B05782', 4, 241783, 0, '2',15);

insert into T_SIMINFO (SIM_ID, ORG_CODE, DEPTCODE, STATE,PAY_MODLE, SIM_NUM) values(25784, 'B0000803', '中国移动', 1, '预付费', 13100005783);
insert into T_TERMINALINFO (TERMINAL_ID,TTYPE_ID,SIM_ID,TERMINAL_CODE,ORG_CODE,IS_VIDEO_TERMINAL,SP_SERVER_NAME,PROTOCOL_TYPE,CHANNELS,YT_PROTOCOL_TYPE) values(241784, 4, 25784, '1005783', 'B0000803',1,'1076测试服务器','4',8,'0');
insert into V_VEHICLEINFO (ORG_CODE,VEHICLE_ID,ID_NUMBER,TYPE_ID,TERMINAL_ID,DELETE_FLAG,COLOR_ID_NUMBER_ID,AUTHORIZED_PAY_MASS) values ('B0000803','2401784', '测B05783', 4, 241784, 0, '2',15);

insert into T_SIMINFO (SIM_ID, ORG_CODE, DEPTCODE, STATE,PAY_MODLE, SIM_NUM) values(25785, 'B0000803', '中国移动', 1, '预付费', 13100005784);
insert into T_TERMINALINFO (TERMINAL_ID,TTYPE_ID,SIM_ID,TERMINAL_CODE,ORG_CODE,IS_VIDEO_TERMINAL,SP_SERVER_NAME,PROTOCOL_TYPE,CHANNELS,YT_PROTOCOL_TYPE) values(241785, 4, 25785, '1005784', 'B0000803',1,'1076测试服务器','4',8,'0');
insert into V_VEHICLEINFO (ORG_CODE,VEHICLE_ID,ID_NUMBER,TYPE_ID,TERMINAL_ID,DELETE_FLAG,COLOR_ID_NUMBER_ID,AUTHORIZED_PAY_MASS) values ('B0000803','2401785', '测B05784', 4, 241785, 0, '2',15);

insert into T_SIMINFO (SIM_ID, ORG_CODE, DEPTCODE, STATE,PAY_MODLE, SIM_NUM) values(25786, 'B0000803', '中国移动', 1, '预付费', 13100005785);
insert into T_TERMINALINFO (TERMINAL_ID,TTYPE_ID,SIM_ID,TERMINAL_CODE,ORG_CODE,IS_VIDEO_TERMINAL,SP_SERVER_NAME,PROTOCOL_TYPE,CHANNELS,YT_PROTOCOL_TYPE) values(241786, 4, 25786, '1005785', 'B0000803',1,'1076测试服务器','4',8,'0');
insert into V_VEHICLEINFO (ORG_CODE,VEHICLE_ID,ID_NUMBER,TYPE_ID,TERMINAL_ID,DELETE_FLAG,COLOR_ID_NUMBER_ID,AUTHORIZED_PAY_MASS) values ('B0000803','2401786', '测B05785', 4, 241786, 0, '2',15);

insert into T_SIMINFO (SIM_ID, ORG_CODE, DEPTCODE, STATE,PAY_MODLE, SIM_NUM) values(25787, 'B0000803', '中国移动', 1, '预付费', 13100005786);
insert into T_TERMINALINFO (TERMINAL_ID,TTYPE_ID,SIM_ID,TERMINAL_CODE,ORG_CODE,IS_VIDEO_TERMINAL,SP_SERVER_NAME,PROTOCOL_TYPE,CHANNELS,YT_PROTOCOL_TYPE) values(241787, 4, 25787, '1005786', 'B0000803',1,'1076测试服务器','4',8,'0');
insert into V_VEHICLEINFO (ORG_CODE,VEHICLE_ID,ID_NUMBER,TYPE_ID,TERMINAL_ID,DELETE_FLAG,COLOR_ID_NUMBER_ID,AUTHORIZED_PAY_MASS) values ('B0000803','2401787', '测B05786', 4, 241787, 0, '2',15);

insert into T_SIMINFO (SIM_ID, ORG_CODE, DEPTCODE, STATE,PAY_MODLE, SIM_NUM) values(25788, 'B0000803', '中国移动', 1, '预付费', 13100005787);
insert into T_TERMINALINFO (TERMINAL_ID,TTYPE_ID,SIM_ID,TERMINAL_CODE,ORG_CODE,IS_VIDEO_TERMINAL,SP_SERVER_NAME,PROTOCOL_TYPE,CHANNELS,YT_PROTOCOL_TYPE) values(241788, 4, 25788, '1005787', 'B0000803',1,'1076测试服务器','4',8,'0');
insert into V_VEHICLEINFO (ORG_CODE,VEHICLE_ID,ID_NUMBER,TYPE_ID,TERMINAL_ID,DELETE_FLAG,COLOR_ID_NUMBER_ID,AUTHORIZED_PAY_MASS) values ('B0000803','2401788', '测B05787', 4, 241788, 0, '2',15);

insert into T_SIMINFO (SIM_ID, ORG_CODE, DEPTCODE, STATE,PAY_MODLE, SIM_NUM) values(25789, 'B0000803', '中国移动', 1, '预付费', 13100005788);
insert into T_TERMINALINFO (TERMINAL_ID,TTYPE_ID,SIM_ID,TERMINAL_CODE,ORG_CODE,IS_VIDEO_TERMINAL,SP_SERVER_NAME,PROTOCOL_TYPE,CHANNELS,YT_PROTOCOL_TYPE) values(241789, 4, 25789, '1005788', 'B0000803',1,'1076测试服务器','4',8,'0');
insert into V_VEHICLEINFO (ORG_CODE,VEHICLE_ID,ID_NUMBER,TYPE_ID,TERMINAL_ID,DELETE_FLAG,COLOR_ID_NUMBER_ID,AUTHORIZED_PAY_MASS) values ('B0000803','2401789', '测B05788', 4, 241789, 0, '2',15);

insert into T_SIMINFO (SIM_ID, ORG_CODE, DEPTCODE, STATE,PAY_MODLE, SIM_NUM) values(25790, 'B0000803', '中国移动', 1, '预付费', 13100005789);
insert into T_TERMINALINFO (TERMINAL_ID,TTYPE_ID,SIM_ID,TERMINAL_CODE,ORG_CODE,IS_VIDEO_TERMINAL,SP_SERVER_NAME,PROTOCOL_TYPE,CHANNELS,YT_PROTOCOL_TYPE) values(241790, 4, 25790, '1005789', 'B0000803',1,'1076测试服务器','4',8,'0');
insert into V_VEHICLEINFO (ORG_CODE,VEHICLE_ID,ID_NUMBER,TYPE_ID,TERMINAL_ID,DELETE_FLAG,COLOR_ID_NUMBER_ID,AUTHORIZED_PAY_MASS) values ('B0000803','2401790', '测B05789', 4, 241790, 0, '2',15);

insert into T_SIMINFO (SIM_ID, ORG_CODE, DEPTCODE, STATE,PAY_MODLE, SIM_NUM) values(25791, 'B0000803', '中国移动', 1, '预付费', 13100005790);
insert into T_TERMINALINFO (TERMINAL_ID,TTYPE_ID,SIM_ID,TERMINAL_CODE,ORG_CODE,IS_VIDEO_TERMINAL,SP_SERVER_NAME,PROTOCOL_TYPE,CHANNELS,YT_PROTOCOL_TYPE) values(241791, 4, 25791, '1005790', 'B0000803',1,'1076测试服务器','4',8,'0');
insert into V_VEHICLEINFO (ORG_CODE,VEHICLE_ID,ID_NUMBER,TYPE_ID,TERMINAL_ID,DELETE_FLAG,COLOR_ID_NUMBER_ID,AUTHORIZED_PAY_MASS) values ('B0000803','2401791', '测B05790', 4, 241791, 0, '2',15);

insert into T_SIMINFO (SIM_ID, ORG_CODE, DEPTCODE, STATE,PAY_MODLE, SIM_NUM) values(25792, 'B0000803', '中国移动', 1, '预付费', 13100005791);
insert into T_TERMINALINFO (TERMINAL_ID,TTYPE_ID,SIM_ID,TERMINAL_CODE,ORG_CODE,IS_VIDEO_TERMINAL,SP_SERVER_NAME,PROTOCOL_TYPE,CHANNELS,YT_PROTOCOL_TYPE) values(241792, 4, 25792, '1005791', 'B0000803',1,'1076测试服务器','4',8,'0');
insert into V_VEHICLEINFO (ORG_CODE,VEHICLE_ID,ID_NUMBER,TYPE_ID,TERMINAL_ID,DELETE_FLAG,COLOR_ID_NUMBER_ID,AUTHORIZED_PAY_MASS) values ('B0000803','2401792', '测B05791', 4, 241792, 0, '2',15);

insert into T_SIMINFO (SIM_ID, ORG_CODE, DEPTCODE, STATE,PAY_MODLE, SIM_NUM) values(25793, 'B0000803', '中国移动', 1, '预付费', 13100005792);
insert into T_TERMINALINFO (TERMINAL_ID,TTYPE_ID,SIM_ID,TERMINAL_CODE,ORG_CODE,IS_VIDEO_TERMINAL,SP_SERVER_NAME,PROTOCOL_TYPE,CHANNELS,YT_PROTOCOL_TYPE) values(241793, 4, 25793, '1005792', 'B0000803',1,'1076测试服务器','4',8,'0');
insert into V_VEHICLEINFO (ORG_CODE,VEHICLE_ID,ID_NUMBER,TYPE_ID,TERMINAL_ID,DELETE_FLAG,COLOR_ID_NUMBER_ID,AUTHORIZED_PAY_MASS) values ('B0000803','2401793', '测B05792', 4, 241793, 0, '2',15);

insert into T_SIMINFO (SIM_ID, ORG_CODE, DEPTCODE, STATE,PAY_MODLE, SIM_NUM) values(25794, 'B0000803', '中国移动', 1, '预付费', 13100005793);
insert into T_TERMINALINFO (TERMINAL_ID,TTYPE_ID,SIM_ID,TERMINAL_CODE,ORG_CODE,IS_VIDEO_TERMINAL,SP_SERVER_NAME,PROTOCOL_TYPE,CHANNELS,YT_PROTOCOL_TYPE) values(241794, 4, 25794, '1005793', 'B0000803',1,'1076测试服务器','4',8,'0');
insert into V_VEHICLEINFO (ORG_CODE,VEHICLE_ID,ID_NUMBER,TYPE_ID,TERMINAL_ID,DELETE_FLAG,COLOR_ID_NUMBER_ID,AUTHORIZED_PAY_MASS) values ('B0000803','2401794', '测B05793', 4, 241794, 0, '2',15);

insert into T_SIMINFO (SIM_ID, ORG_CODE, DEPTCODE, STATE,PAY_MODLE, SIM_NUM) values(25795, 'B0000803', '中国移动', 1, '预付费', 13100005794);
insert into T_TERMINALINFO (TERMINAL_ID,TTYPE_ID,SIM_ID,TERMINAL_CODE,ORG_CODE,IS_VIDEO_TERMINAL,SP_SERVER_NAME,PROTOCOL_TYPE,CHANNELS,YT_PROTOCOL_TYPE) values(241795, 4, 25795, '1005794', 'B0000803',1,'1076测试服务器','4',8,'0');
insert into V_VEHICLEINFO (ORG_CODE,VEHICLE_ID,ID_NUMBER,TYPE_ID,TERMINAL_ID,DELETE_FLAG,COLOR_ID_NUMBER_ID,AUTHORIZED_PAY_MASS) values ('B0000803','2401795', '测B05794', 4, 241795, 0, '2',15);

insert into T_SIMINFO (SIM_ID, ORG_CODE, DEPTCODE, STATE,PAY_MODLE, SIM_NUM) values(25796, 'B0000803', '中国移动', 1, '预付费', 13100005795);
insert into T_TERMINALINFO (TERMINAL_ID,TTYPE_ID,SIM_ID,TERMINAL_CODE,ORG_CODE,IS_VIDEO_TERMINAL,SP_SERVER_NAME,PROTOCOL_TYPE,CHANNELS,YT_PROTOCOL_TYPE) values(241796, 4, 25796, '1005795', 'B0000803',1,'1076测试服务器','4',8,'0');
insert into V_VEHICLEINFO (ORG_CODE,VEHICLE_ID,ID_NUMBER,TYPE_ID,TERMINAL_ID,DELETE_FLAG,COLOR_ID_NUMBER_ID,AUTHORIZED_PAY_MASS) values ('B0000803','2401796', '测B05795', 4, 241796, 0, '2',15);

insert into T_SIMINFO (SIM_ID, ORG_CODE, DEPTCODE, STATE,PAY_MODLE, SIM_NUM) values(25797, 'B0000803', '中国移动', 1, '预付费', 13100005796);
insert into T_TERMINALINFO (TERMINAL_ID,TTYPE_ID,SIM_ID,TERMINAL_CODE,ORG_CODE,IS_VIDEO_TERMINAL,SP_SERVER_NAME,PROTOCOL_TYPE,CHANNELS,YT_PROTOCOL_TYPE) values(241797, 4, 25797, '1005796', 'B0000803',1,'1076测试服务器','4',8,'0');
insert into V_VEHICLEINFO (ORG_CODE,VEHICLE_ID,ID_NUMBER,TYPE_ID,TERMINAL_ID,DELETE_FLAG,COLOR_ID_NUMBER_ID,AUTHORIZED_PAY_MASS) values ('B0000803','2401797', '测B05796', 4, 241797, 0, '2',15);

insert into T_SIMINFO (SIM_ID, ORG_CODE, DEPTCODE, STATE,PAY_MODLE, SIM_NUM) values(25798, 'B0000803', '中国移动', 1, '预付费', 13100005797);
insert into T_TERMINALINFO (TERMINAL_ID,TTYPE_ID,SIM_ID,TERMINAL_CODE,ORG_CODE,IS_VIDEO_TERMINAL,SP_SERVER_NAME,PROTOCOL_TYPE,CHANNELS,YT_PROTOCOL_TYPE) values(241798, 4, 25798, '1005797', 'B0000803',1,'1076测试服务器','4',8,'0');
insert into V_VEHICLEINFO (ORG_CODE,VEHICLE_ID,ID_NUMBER,TYPE_ID,TERMINAL_ID,DELETE_FLAG,COLOR_ID_NUMBER_ID,AUTHORIZED_PAY_MASS) values ('B0000803','2401798', '测B05797', 4, 241798, 0, '2',15);

insert into T_SIMINFO (SIM_ID, ORG_CODE, DEPTCODE, STATE,PAY_MODLE, SIM_NUM) values(25799, 'B0000803', '中国移动', 1, '预付费', 13100005798);
insert into T_TERMINALINFO (TERMINAL_ID,TTYPE_ID,SIM_ID,TERMINAL_CODE,ORG_CODE,IS_VIDEO_TERMINAL,SP_SERVER_NAME,PROTOCOL_TYPE,CHANNELS,YT_PROTOCOL_TYPE) values(241799, 4, 25799, '1005798', 'B0000803',1,'1076测试服务器','4',8,'0');
insert into V_VEHICLEINFO (ORG_CODE,VEHICLE_ID,ID_NUMBER,TYPE_ID,TERMINAL_ID,DELETE_FLAG,COLOR_ID_NUMBER_ID,AUTHORIZED_PAY_MASS) values ('B0000803','2401799', '测B05798', 4, 241799, 0, '2',15);

insert into T_SIMINFO (SIM_ID, ORG_CODE, DEPTCODE, STATE,PAY_MODLE, SIM_NUM) values(25800, 'B0000803', '中国移动', 1, '预付费', 13100005799);
insert into T_TERMINALINFO (TERMINAL_ID,TTYPE_ID,SIM_ID,TERMINAL_CODE,ORG_CODE,IS_VIDEO_TERMINAL,SP_SERVER_NAME,PROTOCOL_TYPE,CHANNELS,YT_PROTOCOL_TYPE) values(241800, 4, 25800, '1005799', 'B0000803',1,'1076测试服务器','4',8,'0');
insert into V_VEHICLEINFO (ORG_CODE,VEHICLE_ID,ID_NUMBER,TYPE_ID,TERMINAL_ID,DELETE_FLAG,COLOR_ID_NUMBER_ID,AUTHORIZED_PAY_MASS) values ('B0000803','2401800', '测B05799', 4, 241800, 0, '2',15);

insert into T_SIMINFO (SIM_ID, ORG_CODE, DEPTCODE, STATE,PAY_MODLE, SIM_NUM) values(25801, 'B0000803', '中国移动', 1, '预付费', 13100005800);
insert into T_TERMINALINFO (TERMINAL_ID,TTYPE_ID,SIM_ID,TERMINAL_CODE,ORG_CODE,IS_VIDEO_TERMINAL,SP_SERVER_NAME,PROTOCOL_TYPE,CHANNELS,YT_PROTOCOL_TYPE) values(241801, 4, 25801, '1005800', 'B0000803',1,'1076测试服务器','4',8,'0');
insert into V_VEHICLEINFO (ORG_CODE,VEHICLE_ID,ID_NUMBER,TYPE_ID,TERMINAL_ID,DELETE_FLAG,COLOR_ID_NUMBER_ID,AUTHORIZED_PAY_MASS) values ('B0000803','2401801', '测B05800', 4, 241801, 0, '2',15);

insert into T_SIMINFO (SIM_ID, ORG_CODE, DEPTCODE, STATE,PAY_MODLE, SIM_NUM) values(25802, 'B0000803', '中国移动', 1, '预付费', 13100005801);
insert into T_TERMINALINFO (TERMINAL_ID,TTYPE_ID,SIM_ID,TERMINAL_CODE,ORG_CODE,IS_VIDEO_TERMINAL,SP_SERVER_NAME,PROTOCOL_TYPE,CHANNELS,YT_PROTOCOL_TYPE) values(241802, 4, 25802, '1005801', 'B0000803',1,'1076测试服务器','4',8,'0');
insert into V_VEHICLEINFO (ORG_CODE,VEHICLE_ID,ID_NUMBER,TYPE_ID,TERMINAL_ID,DELETE_FLAG,COLOR_ID_NUMBER_ID,AUTHORIZED_PAY_MASS) values ('B0000803','2401802', '测B05801', 4, 241802, 0, '2',15);

insert into T_SIMINFO (SIM_ID, ORG_CODE, DEPTCODE, STATE,PAY_MODLE, SIM_NUM) values(25803, 'B0000803', '中国移动', 1, '预付费', 13100005802);
insert into T_TERMINALINFO (TERMINAL_ID,TTYPE_ID,SIM_ID,TERMINAL_CODE,ORG_CODE,IS_VIDEO_TERMINAL,SP_SERVER_NAME,PROTOCOL_TYPE,CHANNELS,YT_PROTOCOL_TYPE) values(241803, 4, 25803, '1005802', 'B0000803',1,'1076测试服务器','4',8,'0');
insert into V_VEHICLEINFO (ORG_CODE,VEHICLE_ID,ID_NUMBER,TYPE_ID,TERMINAL_ID,DELETE_FLAG,COLOR_ID_NUMBER_ID,AUTHORIZED_PAY_MASS) values ('B0000803','2401803', '测B05802', 4, 241803, 0, '2',15);

insert into T_SIMINFO (SIM_ID, ORG_CODE, DEPTCODE, STATE,PAY_MODLE, SIM_NUM) values(25804, 'B0000803', '中国移动', 1, '预付费', 13100005803);
insert into T_TERMINALINFO (TERMINAL_ID,TTYPE_ID,SIM_ID,TERMINAL_CODE,ORG_CODE,IS_VIDEO_TERMINAL,SP_SERVER_NAME,PROTOCOL_TYPE,CHANNELS,YT_PROTOCOL_TYPE) values(241804, 4, 25804, '1005803', 'B0000803',1,'1076测试服务器','4',8,'0');
insert into V_VEHICLEINFO (ORG_CODE,VEHICLE_ID,ID_NUMBER,TYPE_ID,TERMINAL_ID,DELETE_FLAG,COLOR_ID_NUMBER_ID,AUTHORIZED_PAY_MASS) values ('B0000803','2401804', '测B05803', 4, 241804, 0, '2',15);

insert into T_SIMINFO (SIM_ID, ORG_CODE, DEPTCODE, STATE,PAY_MODLE, SIM_NUM) values(25805, 'B0000803', '中国移动', 1, '预付费', 13100005804);
insert into T_TERMINALINFO (TERMINAL_ID,TTYPE_ID,SIM_ID,TERMINAL_CODE,ORG_CODE,IS_VIDEO_TERMINAL,SP_SERVER_NAME,PROTOCOL_TYPE,CHANNELS,YT_PROTOCOL_TYPE) values(241805, 4, 25805, '1005804', 'B0000803',1,'1076测试服务器','4',8,'0');
insert into V_VEHICLEINFO (ORG_CODE,VEHICLE_ID,ID_NUMBER,TYPE_ID,TERMINAL_ID,DELETE_FLAG,COLOR_ID_NUMBER_ID,AUTHORIZED_PAY_MASS) values ('B0000803','2401805', '测B05804', 4, 241805, 0, '2',15);

insert into T_SIMINFO (SIM_ID, ORG_CODE, DEPTCODE, STATE,PAY_MODLE, SIM_NUM) values(25806, 'B0000803', '中国移动', 1, '预付费', 13100005805);
insert into T_TERMINALINFO (TERMINAL_ID,TTYPE_ID,SIM_ID,TERMINAL_CODE,ORG_CODE,IS_VIDEO_TERMINAL,SP_SERVER_NAME,PROTOCOL_TYPE,CHANNELS,YT_PROTOCOL_TYPE) values(241806, 4, 25806, '1005805', 'B0000803',1,'1076测试服务器','4',8,'0');
insert into V_VEHICLEINFO (ORG_CODE,VEHICLE_ID,ID_NUMBER,TYPE_ID,TERMINAL_ID,DELETE_FLAG,COLOR_ID_NUMBER_ID,AUTHORIZED_PAY_MASS) values ('B0000803','2401806', '测B05805', 4, 241806, 0, '2',15);

insert into T_SIMINFO (SIM_ID, ORG_CODE, DEPTCODE, STATE,PAY_MODLE, SIM_NUM) values(25807, 'B0000803', '中国移动', 1, '预付费', 13100005806);
insert into T_TERMINALINFO (TERMINAL_ID,TTYPE_ID,SIM_ID,TERMINAL_CODE,ORG_CODE,IS_VIDEO_TERMINAL,SP_SERVER_NAME,PROTOCOL_TYPE,CHANNELS,YT_PROTOCOL_TYPE) values(241807, 4, 25807, '1005806', 'B0000803',1,'1076测试服务器','4',8,'0');
insert into V_VEHICLEINFO (ORG_CODE,VEHICLE_ID,ID_NUMBER,TYPE_ID,TERMINAL_ID,DELETE_FLAG,COLOR_ID_NUMBER_ID,AUTHORIZED_PAY_MASS) values ('B0000803','2401807', '测B05806', 4, 241807, 0, '2',15);

insert into T_SIMINFO (SIM_ID, ORG_CODE, DEPTCODE, STATE,PAY_MODLE, SIM_NUM) values(25808, 'B0000803', '中国移动', 1, '预付费', 13100005807);
insert into T_TERMINALINFO (TERMINAL_ID,TTYPE_ID,SIM_ID,TERMINAL_CODE,ORG_CODE,IS_VIDEO_TERMINAL,SP_SERVER_NAME,PROTOCOL_TYPE,CHANNELS,YT_PROTOCOL_TYPE) values(241808, 4, 25808, '1005807', 'B0000803',1,'1076测试服务器','4',8,'0');
insert into V_VEHICLEINFO (ORG_CODE,VEHICLE_ID,ID_NUMBER,TYPE_ID,TERMINAL_ID,DELETE_FLAG,COLOR_ID_NUMBER_ID,AUTHORIZED_PAY_MASS) values ('B0000803','2401808', '测B05807', 4, 241808, 0, '2',15);

insert into T_SIMINFO (SIM_ID, ORG_CODE, DEPTCODE, STATE,PAY_MODLE, SIM_NUM) values(25809, 'B0000803', '中国移动', 1, '预付费', 13100005808);
insert into T_TERMINALINFO (TERMINAL_ID,TTYPE_ID,SIM_ID,TERMINAL_CODE,ORG_CODE,IS_VIDEO_TERMINAL,SP_SERVER_NAME,PROTOCOL_TYPE,CHANNELS,YT_PROTOCOL_TYPE) values(241809, 4, 25809, '1005808', 'B0000803',1,'1076测试服务器','4',8,'0');
insert into V_VEHICLEINFO (ORG_CODE,VEHICLE_ID,ID_NUMBER,TYPE_ID,TERMINAL_ID,DELETE_FLAG,COLOR_ID_NUMBER_ID,AUTHORIZED_PAY_MASS) values ('B0000803','2401809', '测B05808', 4, 241809, 0, '2',15);

insert into T_SIMINFO (SIM_ID, ORG_CODE, DEPTCODE, STATE,PAY_MODLE, SIM_NUM) values(25810, 'B0000803', '中国移动', 1, '预付费', 13100005809);
insert into T_TERMINALINFO (TERMINAL_ID,TTYPE_ID,SIM_ID,TERMINAL_CODE,ORG_CODE,IS_VIDEO_TERMINAL,SP_SERVER_NAME,PROTOCOL_TYPE,CHANNELS,YT_PROTOCOL_TYPE) values(241810, 4, 25810, '1005809', 'B0000803',1,'1076测试服务器','4',8,'0');
insert into V_VEHICLEINFO (ORG_CODE,VEHICLE_ID,ID_NUMBER,TYPE_ID,TERMINAL_ID,DELETE_FLAG,COLOR_ID_NUMBER_ID,AUTHORIZED_PAY_MASS) values ('B0000803','2401810', '测B05809', 4, 241810, 0, '2',15);

insert into T_SIMINFO (SIM_ID, ORG_CODE, DEPTCODE, STATE,PAY_MODLE, SIM_NUM) values(25811, 'B0000803', '中国移动', 1, '预付费', 13100005810);
insert into T_TERMINALINFO (TERMINAL_ID,TTYPE_ID,SIM_ID,TERMINAL_CODE,ORG_CODE,IS_VIDEO_TERMINAL,SP_SERVER_NAME,PROTOCOL_TYPE,CHANNELS,YT_PROTOCOL_TYPE) values(241811, 4, 25811, '1005810', 'B0000803',1,'1076测试服务器','4',8,'0');
insert into V_VEHICLEINFO (ORG_CODE,VEHICLE_ID,ID_NUMBER,TYPE_ID,TERMINAL_ID,DELETE_FLAG,COLOR_ID_NUMBER_ID,AUTHORIZED_PAY_MASS) values ('B0000803','2401811', '测B05810', 4, 241811, 0, '2',15);

insert into T_SIMINFO (SIM_ID, ORG_CODE, DEPTCODE, STATE,PAY_MODLE, SIM_NUM) values(25812, 'B0000803', '中国移动', 1, '预付费', 13100005811);
insert into T_TERMINALINFO (TERMINAL_ID,TTYPE_ID,SIM_ID,TERMINAL_CODE,ORG_CODE,IS_VIDEO_TERMINAL,SP_SERVER_NAME,PROTOCOL_TYPE,CHANNELS,YT_PROTOCOL_TYPE) values(241812, 4, 25812, '1005811', 'B0000803',1,'1076测试服务器','4',8,'0');
insert into V_VEHICLEINFO (ORG_CODE,VEHICLE_ID,ID_NUMBER,TYPE_ID,TERMINAL_ID,DELETE_FLAG,COLOR_ID_NUMBER_ID,AUTHORIZED_PAY_MASS) values ('B0000803','2401812', '测B05811', 4, 241812, 0, '2',15);

insert into T_SIMINFO (SIM_ID, ORG_CODE, DEPTCODE, STATE,PAY_MODLE, SIM_NUM) values(25813, 'B0000803', '中国移动', 1, '预付费', 13100005812);
insert into T_TERMINALINFO (TERMINAL_ID,TTYPE_ID,SIM_ID,TERMINAL_CODE,ORG_CODE,IS_VIDEO_TERMINAL,SP_SERVER_NAME,PROTOCOL_TYPE,CHANNELS,YT_PROTOCOL_TYPE) values(241813, 4, 25813, '1005812', 'B0000803',1,'1076测试服务器','4',8,'0');
insert into V_VEHICLEINFO (ORG_CODE,VEHICLE_ID,ID_NUMBER,TYPE_ID,TERMINAL_ID,DELETE_FLAG,COLOR_ID_NUMBER_ID,AUTHORIZED_PAY_MASS) values ('B0000803','2401813', '测B05812', 4, 241813, 0, '2',15);

insert into T_SIMINFO (SIM_ID, ORG_CODE, DEPTCODE, STATE,PAY_MODLE, SIM_NUM) values(25814, 'B0000803', '中国移动', 1, '预付费', 13100005813);
insert into T_TERMINALINFO (TERMINAL_ID,TTYPE_ID,SIM_ID,TERMINAL_CODE,ORG_CODE,IS_VIDEO_TERMINAL,SP_SERVER_NAME,PROTOCOL_TYPE,CHANNELS,YT_PROTOCOL_TYPE) values(241814, 4, 25814, '1005813', 'B0000803',1,'1076测试服务器','4',8,'0');
insert into V_VEHICLEINFO (ORG_CODE,VEHICLE_ID,ID_NUMBER,TYPE_ID,TERMINAL_ID,DELETE_FLAG,COLOR_ID_NUMBER_ID,AUTHORIZED_PAY_MASS) values ('B0000803','2401814', '测B05813', 4, 241814, 0, '2',15);

insert into T_SIMINFO (SIM_ID, ORG_CODE, DEPTCODE, STATE,PAY_MODLE, SIM_NUM) values(25815, 'B0000803', '中国移动', 1, '预付费', 13100005814);
insert into T_TERMINALINFO (TERMINAL_ID,TTYPE_ID,SIM_ID,TERMINAL_CODE,ORG_CODE,IS_VIDEO_TERMINAL,SP_SERVER_NAME,PROTOCOL_TYPE,CHANNELS,YT_PROTOCOL_TYPE) values(241815, 4, 25815, '1005814', 'B0000803',1,'1076测试服务器','4',8,'0');
insert into V_VEHICLEINFO (ORG_CODE,VEHICLE_ID,ID_NUMBER,TYPE_ID,TERMINAL_ID,DELETE_FLAG,COLOR_ID_NUMBER_ID,AUTHORIZED_PAY_MASS) values ('B0000803','2401815', '测B05814', 4, 241815, 0, '2',15);

insert into T_SIMINFO (SIM_ID, ORG_CODE, DEPTCODE, STATE,PAY_MODLE, SIM_NUM) values(25816, 'B0000803', '中国移动', 1, '预付费', 13100005815);
insert into T_TERMINALINFO (TERMINAL_ID,TTYPE_ID,SIM_ID,TERMINAL_CODE,ORG_CODE,IS_VIDEO_TERMINAL,SP_SERVER_NAME,PROTOCOL_TYPE,CHANNELS,YT_PROTOCOL_TYPE) values(241816, 4, 25816, '1005815', 'B0000803',1,'1076测试服务器','4',8,'0');
insert into V_VEHICLEINFO (ORG_CODE,VEHICLE_ID,ID_NUMBER,TYPE_ID,TERMINAL_ID,DELETE_FLAG,COLOR_ID_NUMBER_ID,AUTHORIZED_PAY_MASS) values ('B0000803','2401816', '测B05815', 4, 241816, 0, '2',15);

insert into T_SIMINFO (SIM_ID, ORG_CODE, DEPTCODE, STATE,PAY_MODLE, SIM_NUM) values(25817, 'B0000803', '中国移动', 1, '预付费', 13100005816);
insert into T_TERMINALINFO (TERMINAL_ID,TTYPE_ID,SIM_ID,TERMINAL_CODE,ORG_CODE,IS_VIDEO_TERMINAL,SP_SERVER_NAME,PROTOCOL_TYPE,CHANNELS,YT_PROTOCOL_TYPE) values(241817, 4, 25817, '1005816', 'B0000803',1,'1076测试服务器','4',8,'0');
insert into V_VEHICLEINFO (ORG_CODE,VEHICLE_ID,ID_NUMBER,TYPE_ID,TERMINAL_ID,DELETE_FLAG,COLOR_ID_NUMBER_ID,AUTHORIZED_PAY_MASS) values ('B0000803','2401817', '测B05816', 4, 241817, 0, '2',15);

insert into T_SIMINFO (SIM_ID, ORG_CODE, DEPTCODE, STATE,PAY_MODLE, SIM_NUM) values(25818, 'B0000803', '中国移动', 1, '预付费', 13100005817);
insert into T_TERMINALINFO (TERMINAL_ID,TTYPE_ID,SIM_ID,TERMINAL_CODE,ORG_CODE,IS_VIDEO_TERMINAL,SP_SERVER_NAME,PROTOCOL_TYPE,CHANNELS,YT_PROTOCOL_TYPE) values(241818, 4, 25818, '1005817', 'B0000803',1,'1076测试服务器','4',8,'0');
insert into V_VEHICLEINFO (ORG_CODE,VEHICLE_ID,ID_NUMBER,TYPE_ID,TERMINAL_ID,DELETE_FLAG,COLOR_ID_NUMBER_ID,AUTHORIZED_PAY_MASS) values ('B0000803','2401818', '测B05817', 4, 241818, 0, '2',15);

insert into T_SIMINFO (SIM_ID, ORG_CODE, DEPTCODE, STATE,PAY_MODLE, SIM_NUM) values(25819, 'B0000803', '中国移动', 1, '预付费', 13100005818);
insert into T_TERMINALINFO (TERMINAL_ID,TTYPE_ID,SIM_ID,TERMINAL_CODE,ORG_CODE,IS_VIDEO_TERMINAL,SP_SERVER_NAME,PROTOCOL_TYPE,CHANNELS,YT_PROTOCOL_TYPE) values(241819, 4, 25819, '1005818', 'B0000803',1,'1076测试服务器','4',8,'0');
insert into V_VEHICLEINFO (ORG_CODE,VEHICLE_ID,ID_NUMBER,TYPE_ID,TERMINAL_ID,DELETE_FLAG,COLOR_ID_NUMBER_ID,AUTHORIZED_PAY_MASS) values ('B0000803','2401819', '测B05818', 4, 241819, 0, '2',15);

insert into T_SIMINFO (SIM_ID, ORG_CODE, DEPTCODE, STATE,PAY_MODLE, SIM_NUM) values(25820, 'B0000803', '中国移动', 1, '预付费', 13100005819);
insert into T_TERMINALINFO (TERMINAL_ID,TTYPE_ID,SIM_ID,TERMINAL_CODE,ORG_CODE,IS_VIDEO_TERMINAL,SP_SERVER_NAME,PROTOCOL_TYPE,CHANNELS,YT_PROTOCOL_TYPE) values(241820, 4, 25820, '1005819', 'B0000803',1,'1076测试服务器','4',8,'0');
insert into V_VEHICLEINFO (ORG_CODE,VEHICLE_ID,ID_NUMBER,TYPE_ID,TERMINAL_ID,DELETE_FLAG,COLOR_ID_NUMBER_ID,AUTHORIZED_PAY_MASS) values ('B0000803','2401820', '测B05819', 4, 241820, 0, '2',15);

insert into T_SIMINFO (SIM_ID, ORG_CODE, DEPTCODE, STATE,PAY_MODLE, SIM_NUM) values(25821, 'B0000803', '中国移动', 1, '预付费', 13100005820);
insert into T_TERMINALINFO (TERMINAL_ID,TTYPE_ID,SIM_ID,TERMINAL_CODE,ORG_CODE,IS_VIDEO_TERMINAL,SP_SERVER_NAME,PROTOCOL_TYPE,CHANNELS,YT_PROTOCOL_TYPE) values(241821, 4, 25821, '1005820', 'B0000803',1,'1076测试服务器','4',8,'0');
insert into V_VEHICLEINFO (ORG_CODE,VEHICLE_ID,ID_NUMBER,TYPE_ID,TERMINAL_ID,DELETE_FLAG,COLOR_ID_NUMBER_ID,AUTHORIZED_PAY_MASS) values ('B0000803','2401821', '测B05820', 4, 241821, 0, '2',15);

insert into T_SIMINFO (SIM_ID, ORG_CODE, DEPTCODE, STATE,PAY_MODLE, SIM_NUM) values(25822, 'B0000803', '中国移动', 1, '预付费', 13100005821);
insert into T_TERMINALINFO (TERMINAL_ID,TTYPE_ID,SIM_ID,TERMINAL_CODE,ORG_CODE,IS_VIDEO_TERMINAL,SP_SERVER_NAME,PROTOCOL_TYPE,CHANNELS,YT_PROTOCOL_TYPE) values(241822, 4, 25822, '1005821', 'B0000803',1,'1076测试服务器','4',8,'0');
insert into V_VEHICLEINFO (ORG_CODE,VEHICLE_ID,ID_NUMBER,TYPE_ID,TERMINAL_ID,DELETE_FLAG,COLOR_ID_NUMBER_ID,AUTHORIZED_PAY_MASS) values ('B0000803','2401822', '测B05821', 4, 241822, 0, '2',15);

insert into T_SIMINFO (SIM_ID, ORG_CODE, DEPTCODE, STATE,PAY_MODLE, SIM_NUM) values(25823, 'B0000803', '中国移动', 1, '预付费', 13100005822);
insert into T_TERMINALINFO (TERMINAL_ID,TTYPE_ID,SIM_ID,TERMINAL_CODE,ORG_CODE,IS_VIDEO_TERMINAL,SP_SERVER_NAME,PROTOCOL_TYPE,CHANNELS,YT_PROTOCOL_TYPE) values(241823, 4, 25823, '1005822', 'B0000803',1,'1076测试服务器','4',8,'0');
insert into V_VEHICLEINFO (ORG_CODE,VEHICLE_ID,ID_NUMBER,TYPE_ID,TERMINAL_ID,DELETE_FLAG,COLOR_ID_NUMBER_ID,AUTHORIZED_PAY_MASS) values ('B0000803','2401823', '测B05822', 4, 241823, 0, '2',15);

insert into T_SIMINFO (SIM_ID, ORG_CODE, DEPTCODE, STATE,PAY_MODLE, SIM_NUM) values(25824, 'B0000803', '中国移动', 1, '预付费', 13100005823);
insert into T_TERMINALINFO (TERMINAL_ID,TTYPE_ID,SIM_ID,TERMINAL_CODE,ORG_CODE,IS_VIDEO_TERMINAL,SP_SERVER_NAME,PROTOCOL_TYPE,CHANNELS,YT_PROTOCOL_TYPE) values(241824, 4, 25824, '1005823', 'B0000803',1,'1076测试服务器','4',8,'0');
insert into V_VEHICLEINFO (ORG_CODE,VEHICLE_ID,ID_NUMBER,TYPE_ID,TERMINAL_ID,DELETE_FLAG,COLOR_ID_NUMBER_ID,AUTHORIZED_PAY_MASS) values ('B0000803','2401824', '测B05823', 4, 241824, 0, '2',15);

insert into T_SIMINFO (SIM_ID, ORG_CODE, DEPTCODE, STATE,PAY_MODLE, SIM_NUM) values(25825, 'B0000803', '中国移动', 1, '预付费', 13100005824);
insert into T_TERMINALINFO (TERMINAL_ID,TTYPE_ID,SIM_ID,TERMINAL_CODE,ORG_CODE,IS_VIDEO_TERMINAL,SP_SERVER_NAME,PROTOCOL_TYPE,CHANNELS,YT_PROTOCOL_TYPE) values(241825, 4, 25825, '1005824', 'B0000803',1,'1076测试服务器','4',8,'0');
insert into V_VEHICLEINFO (ORG_CODE,VEHICLE_ID,ID_NUMBER,TYPE_ID,TERMINAL_ID,DELETE_FLAG,COLOR_ID_NUMBER_ID,AUTHORIZED_PAY_MASS) values ('B0000803','2401825', '测B05824', 4, 241825, 0, '2',15);

insert into T_SIMINFO (SIM_ID, ORG_CODE, DEPTCODE, STATE,PAY_MODLE, SIM_NUM) values(25826, 'B0000803', '中国移动', 1, '预付费', 13100005825);
insert into T_TERMINALINFO (TERMINAL_ID,TTYPE_ID,SIM_ID,TERMINAL_CODE,ORG_CODE,IS_VIDEO_TERMINAL,SP_SERVER_NAME,PROTOCOL_TYPE,CHANNELS,YT_PROTOCOL_TYPE) values(241826, 4, 25826, '1005825', 'B0000803',1,'1076测试服务器','4',8,'0');
insert into V_VEHICLEINFO (ORG_CODE,VEHICLE_ID,ID_NUMBER,TYPE_ID,TERMINAL_ID,DELETE_FLAG,COLOR_ID_NUMBER_ID,AUTHORIZED_PAY_MASS) values ('B0000803','2401826', '测B05825', 4, 241826, 0, '2',15);

insert into T_SIMINFO (SIM_ID, ORG_CODE, DEPTCODE, STATE,PAY_MODLE, SIM_NUM) values(25827, 'B0000803', '中国移动', 1, '预付费', 13100005826);
insert into T_TERMINALINFO (TERMINAL_ID,TTYPE_ID,SIM_ID,TERMINAL_CODE,ORG_CODE,IS_VIDEO_TERMINAL,SP_SERVER_NAME,PROTOCOL_TYPE,CHANNELS,YT_PROTOCOL_TYPE) values(241827, 4, 25827, '1005826', 'B0000803',1,'1076测试服务器','4',8,'0');
insert into V_VEHICLEINFO (ORG_CODE,VEHICLE_ID,ID_NUMBER,TYPE_ID,TERMINAL_ID,DELETE_FLAG,COLOR_ID_NUMBER_ID,AUTHORIZED_PAY_MASS) values ('B0000803','2401827', '测B05826', 4, 241827, 0, '2',15);

insert into T_SIMINFO (SIM_ID, ORG_CODE, DEPTCODE, STATE,PAY_MODLE, SIM_NUM) values(25828, 'B0000803', '中国移动', 1, '预付费', 13100005827);
insert into T_TERMINALINFO (TERMINAL_ID,TTYPE_ID,SIM_ID,TERMINAL_CODE,ORG_CODE,IS_VIDEO_TERMINAL,SP_SERVER_NAME,PROTOCOL_TYPE,CHANNELS,YT_PROTOCOL_TYPE) values(241828, 4, 25828, '1005827', 'B0000803',1,'1076测试服务器','4',8,'0');
insert into V_VEHICLEINFO (ORG_CODE,VEHICLE_ID,ID_NUMBER,TYPE_ID,TERMINAL_ID,DELETE_FLAG,COLOR_ID_NUMBER_ID,AUTHORIZED_PAY_MASS) values ('B0000803','2401828', '测B05827', 4, 241828, 0, '2',15);

insert into T_SIMINFO (SIM_ID, ORG_CODE, DEPTCODE, STATE,PAY_MODLE, SIM_NUM) values(25829, 'B0000803', '中国移动', 1, '预付费', 13100005828);
insert into T_TERMINALINFO (TERMINAL_ID,TTYPE_ID,SIM_ID,TERMINAL_CODE,ORG_CODE,IS_VIDEO_TERMINAL,SP_SERVER_NAME,PROTOCOL_TYPE,CHANNELS,YT_PROTOCOL_TYPE) values(241829, 4, 25829, '1005828', 'B0000803',1,'1076测试服务器','4',8,'0');
insert into V_VEHICLEINFO (ORG_CODE,VEHICLE_ID,ID_NUMBER,TYPE_ID,TERMINAL_ID,DELETE_FLAG,COLOR_ID_NUMBER_ID,AUTHORIZED_PAY_MASS) values ('B0000803','2401829', '测B05828', 4, 241829, 0, '2',15);

insert into T_SIMINFO (SIM_ID, ORG_CODE, DEPTCODE, STATE,PAY_MODLE, SIM_NUM) values(25830, 'B0000803', '中国移动', 1, '预付费', 13100005829);
insert into T_TERMINALINFO (TERMINAL_ID,TTYPE_ID,SIM_ID,TERMINAL_CODE,ORG_CODE,IS_VIDEO_TERMINAL,SP_SERVER_NAME,PROTOCOL_TYPE,CHANNELS,YT_PROTOCOL_TYPE) values(241830, 4, 25830, '1005829', 'B0000803',1,'1076测试服务器','4',8,'0');
insert into V_VEHICLEINFO (ORG_CODE,VEHICLE_ID,ID_NUMBER,TYPE_ID,TERMINAL_ID,DELETE_FLAG,COLOR_ID_NUMBER_ID,AUTHORIZED_PAY_MASS) values ('B0000803','2401830', '测B05829', 4, 241830, 0, '2',15);

insert into T_SIMINFO (SIM_ID, ORG_CODE, DEPTCODE, STATE,PAY_MODLE, SIM_NUM) values(25831, 'B0000803', '中国移动', 1, '预付费', 13100005830);
insert into T_TERMINALINFO (TERMINAL_ID,TTYPE_ID,SIM_ID,TERMINAL_CODE,ORG_CODE,IS_VIDEO_TERMINAL,SP_SERVER_NAME,PROTOCOL_TYPE,CHANNELS,YT_PROTOCOL_TYPE) values(241831, 4, 25831, '1005830', 'B0000803',1,'1076测试服务器','4',8,'0');
insert into V_VEHICLEINFO (ORG_CODE,VEHICLE_ID,ID_NUMBER,TYPE_ID,TERMINAL_ID,DELETE_FLAG,COLOR_ID_NUMBER_ID,AUTHORIZED_PAY_MASS) values ('B0000803','2401831', '测B05830', 4, 241831, 0, '2',15);

insert into T_SIMINFO (SIM_ID, ORG_CODE, DEPTCODE, STATE,PAY_MODLE, SIM_NUM) values(25832, 'B0000803', '中国移动', 1, '预付费', 13100005831);
insert into T_TERMINALINFO (TERMINAL_ID,TTYPE_ID,SIM_ID,TERMINAL_CODE,ORG_CODE,IS_VIDEO_TERMINAL,SP_SERVER_NAME,PROTOCOL_TYPE,CHANNELS,YT_PROTOCOL_TYPE) values(241832, 4, 25832, '1005831', 'B0000803',1,'1076测试服务器','4',8,'0');
insert into V_VEHICLEINFO (ORG_CODE,VEHICLE_ID,ID_NUMBER,TYPE_ID,TERMINAL_ID,DELETE_FLAG,COLOR_ID_NUMBER_ID,AUTHORIZED_PAY_MASS) values ('B0000803','2401832', '测B05831', 4, 241832, 0, '2',15);

insert into T_SIMINFO (SIM_ID, ORG_CODE, DEPTCODE, STATE,PAY_MODLE, SIM_NUM) values(25833, 'B0000803', '中国移动', 1, '预付费', 13100005832);
insert into T_TERMINALINFO (TERMINAL_ID,TTYPE_ID,SIM_ID,TERMINAL_CODE,ORG_CODE,IS_VIDEO_TERMINAL,SP_SERVER_NAME,PROTOCOL_TYPE,CHANNELS,YT_PROTOCOL_TYPE) values(241833, 4, 25833, '1005832', 'B0000803',1,'1076测试服务器','4',8,'0');
insert into V_VEHICLEINFO (ORG_CODE,VEHICLE_ID,ID_NUMBER,TYPE_ID,TERMINAL_ID,DELETE_FLAG,COLOR_ID_NUMBER_ID,AUTHORIZED_PAY_MASS) values ('B0000803','2401833', '测B05832', 4, 241833, 0, '2',15);

insert into T_SIMINFO (SIM_ID, ORG_CODE, DEPTCODE, STATE,PAY_MODLE, SIM_NUM) values(25834, 'B0000803', '中国移动', 1, '预付费', 13100005833);
insert into T_TERMINALINFO (TERMINAL_ID,TTYPE_ID,SIM_ID,TERMINAL_CODE,ORG_CODE,IS_VIDEO_TERMINAL,SP_SERVER_NAME,PROTOCOL_TYPE,CHANNELS,YT_PROTOCOL_TYPE) values(241834, 4, 25834, '1005833', 'B0000803',1,'1076测试服务器','4',8,'0');
insert into V_VEHICLEINFO (ORG_CODE,VEHICLE_ID,ID_NUMBER,TYPE_ID,TERMINAL_ID,DELETE_FLAG,COLOR_ID_NUMBER_ID,AUTHORIZED_PAY_MASS) values ('B0000803','2401834', '测B05833', 4, 241834, 0, '2',15);

insert into T_SIMINFO (SIM_ID, ORG_CODE, DEPTCODE, STATE,PAY_MODLE, SIM_NUM) values(25835, 'B0000803', '中国移动', 1, '预付费', 13100005834);
insert into T_TERMINALINFO (TERMINAL_ID,TTYPE_ID,SIM_ID,TERMINAL_CODE,ORG_CODE,IS_VIDEO_TERMINAL,SP_SERVER_NAME,PROTOCOL_TYPE,CHANNELS,YT_PROTOCOL_TYPE) values(241835, 4, 25835, '1005834', 'B0000803',1,'1076测试服务器','4',8,'0');
insert into V_VEHICLEINFO (ORG_CODE,VEHICLE_ID,ID_NUMBER,TYPE_ID,TERMINAL_ID,DELETE_FLAG,COLOR_ID_NUMBER_ID,AUTHORIZED_PAY_MASS) values ('B0000803','2401835', '测B05834', 4, 241835, 0, '2',15);

insert into T_SIMINFO (SIM_ID, ORG_CODE, DEPTCODE, STATE,PAY_MODLE, SIM_NUM) values(25836, 'B0000803', '中国移动', 1, '预付费', 13100005835);
insert into T_TERMINALINFO (TERMINAL_ID,TTYPE_ID,SIM_ID,TERMINAL_CODE,ORG_CODE,IS_VIDEO_TERMINAL,SP_SERVER_NAME,PROTOCOL_TYPE,CHANNELS,YT_PROTOCOL_TYPE) values(241836, 4, 25836, '1005835', 'B0000803',1,'1076测试服务器','4',8,'0');
insert into V_VEHICLEINFO (ORG_CODE,VEHICLE_ID,ID_NUMBER,TYPE_ID,TERMINAL_ID,DELETE_FLAG,COLOR_ID_NUMBER_ID,AUTHORIZED_PAY_MASS) values ('B0000803','2401836', '测B05835', 4, 241836, 0, '2',15);

insert into T_SIMINFO (SIM_ID, ORG_CODE, DEPTCODE, STATE,PAY_MODLE, SIM_NUM) values(25837, 'B0000803', '中国移动', 1, '预付费', 13100005836);
insert into T_TERMINALINFO (TERMINAL_ID,TTYPE_ID,SIM_ID,TERMINAL_CODE,ORG_CODE,IS_VIDEO_TERMINAL,SP_SERVER_NAME,PROTOCOL_TYPE,CHANNELS,YT_PROTOCOL_TYPE) values(241837, 4, 25837, '1005836', 'B0000803',1,'1076测试服务器','4',8,'0');
insert into V_VEHICLEINFO (ORG_CODE,VEHICLE_ID,ID_NUMBER,TYPE_ID,TERMINAL_ID,DELETE_FLAG,COLOR_ID_NUMBER_ID,AUTHORIZED_PAY_MASS) values ('B0000803','2401837', '测B05836', 4, 241837, 0, '2',15);

insert into T_SIMINFO (SIM_ID, ORG_CODE, DEPTCODE, STATE,PAY_MODLE, SIM_NUM) values(25838, 'B0000803', '中国移动', 1, '预付费', 13100005837);
insert into T_TERMINALINFO (TERMINAL_ID,TTYPE_ID,SIM_ID,TERMINAL_CODE,ORG_CODE,IS_VIDEO_TERMINAL,SP_SERVER_NAME,PROTOCOL_TYPE,CHANNELS,YT_PROTOCOL_TYPE) values(241838, 4, 25838, '1005837', 'B0000803',1,'1076测试服务器','4',8,'0');
insert into V_VEHICLEINFO (ORG_CODE,VEHICLE_ID,ID_NUMBER,TYPE_ID,TERMINAL_ID,DELETE_FLAG,COLOR_ID_NUMBER_ID,AUTHORIZED_PAY_MASS) values ('B0000803','2401838', '测B05837', 4, 241838, 0, '2',15);

insert into T_SIMINFO (SIM_ID, ORG_CODE, DEPTCODE, STATE,PAY_MODLE, SIM_NUM) values(25839, 'B0000803', '中国移动', 1, '预付费', 13100005838);
insert into T_TERMINALINFO (TERMINAL_ID,TTYPE_ID,SIM_ID,TERMINAL_CODE,ORG_CODE,IS_VIDEO_TERMINAL,SP_SERVER_NAME,PROTOCOL_TYPE,CHANNELS,YT_PROTOCOL_TYPE) values(241839, 4, 25839, '1005838', 'B0000803',1,'1076测试服务器','4',8,'0');
insert into V_VEHICLEINFO (ORG_CODE,VEHICLE_ID,ID_NUMBER,TYPE_ID,TERMINAL_ID,DELETE_FLAG,COLOR_ID_NUMBER_ID,AUTHORIZED_PAY_MASS) values ('B0000803','2401839', '测B05838', 4, 241839, 0, '2',15);

insert into T_SIMINFO (SIM_ID, ORG_CODE, DEPTCODE, STATE,PAY_MODLE, SIM_NUM) values(25840, 'B0000803', '中国移动', 1, '预付费', 13100005839);
insert into T_TERMINALINFO (TERMINAL_ID,TTYPE_ID,SIM_ID,TERMINAL_CODE,ORG_CODE,IS_VIDEO_TERMINAL,SP_SERVER_NAME,PROTOCOL_TYPE,CHANNELS,YT_PROTOCOL_TYPE) values(241840, 4, 25840, '1005839', 'B0000803',1,'1076测试服务器','4',8,'0');
insert into V_VEHICLEINFO (ORG_CODE,VEHICLE_ID,ID_NUMBER,TYPE_ID,TERMINAL_ID,DELETE_FLAG,COLOR_ID_NUMBER_ID,AUTHORIZED_PAY_MASS) values ('B0000803','2401840', '测B05839', 4, 241840, 0, '2',15);

insert into T_SIMINFO (SIM_ID, ORG_CODE, DEPTCODE, STATE,PAY_MODLE, SIM_NUM) values(25841, 'B0000803', '中国移动', 1, '预付费', 13100005840);
insert into T_TERMINALINFO (TERMINAL_ID,TTYPE_ID,SIM_ID,TERMINAL_CODE,ORG_CODE,IS_VIDEO_TERMINAL,SP_SERVER_NAME,PROTOCOL_TYPE,CHANNELS,YT_PROTOCOL_TYPE) values(241841, 4, 25841, '1005840', 'B0000803',1,'1076测试服务器','4',8,'0');
insert into V_VEHICLEINFO (ORG_CODE,VEHICLE_ID,ID_NUMBER,TYPE_ID,TERMINAL_ID,DELETE_FLAG,COLOR_ID_NUMBER_ID,AUTHORIZED_PAY_MASS) values ('B0000803','2401841', '测B05840', 4, 241841, 0, '2',15);

insert into T_SIMINFO (SIM_ID, ORG_CODE, DEPTCODE, STATE,PAY_MODLE, SIM_NUM) values(25842, 'B0000803', '中国移动', 1, '预付费', 13100005841);
insert into T_TERMINALINFO (TERMINAL_ID,TTYPE_ID,SIM_ID,TERMINAL_CODE,ORG_CODE,IS_VIDEO_TERMINAL,SP_SERVER_NAME,PROTOCOL_TYPE,CHANNELS,YT_PROTOCOL_TYPE) values(241842, 4, 25842, '1005841', 'B0000803',1,'1076测试服务器','4',8,'0');
insert into V_VEHICLEINFO (ORG_CODE,VEHICLE_ID,ID_NUMBER,TYPE_ID,TERMINAL_ID,DELETE_FLAG,COLOR_ID_NUMBER_ID,AUTHORIZED_PAY_MASS) values ('B0000803','2401842', '测B05841', 4, 241842, 0, '2',15);

insert into T_SIMINFO (SIM_ID, ORG_CODE, DEPTCODE, STATE,PAY_MODLE, SIM_NUM) values(25843, 'B0000803', '中国移动', 1, '预付费', 13100005842);
insert into T_TERMINALINFO (TERMINAL_ID,TTYPE_ID,SIM_ID,TERMINAL_CODE,ORG_CODE,IS_VIDEO_TERMINAL,SP_SERVER_NAME,PROTOCOL_TYPE,CHANNELS,YT_PROTOCOL_TYPE) values(241843, 4, 25843, '1005842', 'B0000803',1,'1076测试服务器','4',8,'0');
insert into V_VEHICLEINFO (ORG_CODE,VEHICLE_ID,ID_NUMBER,TYPE_ID,TERMINAL_ID,DELETE_FLAG,COLOR_ID_NUMBER_ID,AUTHORIZED_PAY_MASS) values ('B0000803','2401843', '测B05842', 4, 241843, 0, '2',15);

insert into T_SIMINFO (SIM_ID, ORG_CODE, DEPTCODE, STATE,PAY_MODLE, SIM_NUM) values(25844, 'B0000803', '中国移动', 1, '预付费', 13100005843);
insert into T_TERMINALINFO (TERMINAL_ID,TTYPE_ID,SIM_ID,TERMINAL_CODE,ORG_CODE,IS_VIDEO_TERMINAL,SP_SERVER_NAME,PROTOCOL_TYPE,CHANNELS,YT_PROTOCOL_TYPE) values(241844, 4, 25844, '1005843', 'B0000803',1,'1076测试服务器','4',8,'0');
insert into V_VEHICLEINFO (ORG_CODE,VEHICLE_ID,ID_NUMBER,TYPE_ID,TERMINAL_ID,DELETE_FLAG,COLOR_ID_NUMBER_ID,AUTHORIZED_PAY_MASS) values ('B0000803','2401844', '测B05843', 4, 241844, 0, '2',15);

insert into T_SIMINFO (SIM_ID, ORG_CODE, DEPTCODE, STATE,PAY_MODLE, SIM_NUM) values(25845, 'B0000803', '中国移动', 1, '预付费', 13100005844);
insert into T_TERMINALINFO (TERMINAL_ID,TTYPE_ID,SIM_ID,TERMINAL_CODE,ORG_CODE,IS_VIDEO_TERMINAL,SP_SERVER_NAME,PROTOCOL_TYPE,CHANNELS,YT_PROTOCOL_TYPE) values(241845, 4, 25845, '1005844', 'B0000803',1,'1076测试服务器','4',8,'0');
insert into V_VEHICLEINFO (ORG_CODE,VEHICLE_ID,ID_NUMBER,TYPE_ID,TERMINAL_ID,DELETE_FLAG,COLOR_ID_NUMBER_ID,AUTHORIZED_PAY_MASS) values ('B0000803','2401845', '测B05844', 4, 241845, 0, '2',15);

insert into T_SIMINFO (SIM_ID, ORG_CODE, DEPTCODE, STATE,PAY_MODLE, SIM_NUM) values(25846, 'B0000803', '中国移动', 1, '预付费', 13100005845);
insert into T_TERMINALINFO (TERMINAL_ID,TTYPE_ID,SIM_ID,TERMINAL_CODE,ORG_CODE,IS_VIDEO_TERMINAL,SP_SERVER_NAME,PROTOCOL_TYPE,CHANNELS,YT_PROTOCOL_TYPE) values(241846, 4, 25846, '1005845', 'B0000803',1,'1076测试服务器','4',8,'0');
insert into V_VEHICLEINFO (ORG_CODE,VEHICLE_ID,ID_NUMBER,TYPE_ID,TERMINAL_ID,DELETE_FLAG,COLOR_ID_NUMBER_ID,AUTHORIZED_PAY_MASS) values ('B0000803','2401846', '测B05845', 4, 241846, 0, '2',15);

insert into T_SIMINFO (SIM_ID, ORG_CODE, DEPTCODE, STATE,PAY_MODLE, SIM_NUM) values(25847, 'B0000803', '中国移动', 1, '预付费', 13100005846);
insert into T_TERMINALINFO (TERMINAL_ID,TTYPE_ID,SIM_ID,TERMINAL_CODE,ORG_CODE,IS_VIDEO_TERMINAL,SP_SERVER_NAME,PROTOCOL_TYPE,CHANNELS,YT_PROTOCOL_TYPE) values(241847, 4, 25847, '1005846', 'B0000803',1,'1076测试服务器','4',8,'0');
insert into V_VEHICLEINFO (ORG_CODE,VEHICLE_ID,ID_NUMBER,TYPE_ID,TERMINAL_ID,DELETE_FLAG,COLOR_ID_NUMBER_ID,AUTHORIZED_PAY_MASS) values ('B0000803','2401847', '测B05846', 4, 241847, 0, '2',15);

insert into T_SIMINFO (SIM_ID, ORG_CODE, DEPTCODE, STATE,PAY_MODLE, SIM_NUM) values(25848, 'B0000803', '中国移动', 1, '预付费', 13100005847);
insert into T_TERMINALINFO (TERMINAL_ID,TTYPE_ID,SIM_ID,TERMINAL_CODE,ORG_CODE,IS_VIDEO_TERMINAL,SP_SERVER_NAME,PROTOCOL_TYPE,CHANNELS,YT_PROTOCOL_TYPE) values(241848, 4, 25848, '1005847', 'B0000803',1,'1076测试服务器','4',8,'0');
insert into V_VEHICLEINFO (ORG_CODE,VEHICLE_ID,ID_NUMBER,TYPE_ID,TERMINAL_ID,DELETE_FLAG,COLOR_ID_NUMBER_ID,AUTHORIZED_PAY_MASS) values ('B0000803','2401848', '测B05847', 4, 241848, 0, '2',15);

insert into T_SIMINFO (SIM_ID, ORG_CODE, DEPTCODE, STATE,PAY_MODLE, SIM_NUM) values(25849, 'B0000803', '中国移动', 1, '预付费', 13100005848);
insert into T_TERMINALINFO (TERMINAL_ID,TTYPE_ID,SIM_ID,TERMINAL_CODE,ORG_CODE,IS_VIDEO_TERMINAL,SP_SERVER_NAME,PROTOCOL_TYPE,CHANNELS,YT_PROTOCOL_TYPE) values(241849, 4, 25849, '1005848', 'B0000803',1,'1076测试服务器','4',8,'0');
insert into V_VEHICLEINFO (ORG_CODE,VEHICLE_ID,ID_NUMBER,TYPE_ID,TERMINAL_ID,DELETE_FLAG,COLOR_ID_NUMBER_ID,AUTHORIZED_PAY_MASS) values ('B0000803','2401849', '测B05848', 4, 241849, 0, '2',15);

insert into T_SIMINFO (SIM_ID, ORG_CODE, DEPTCODE, STATE,PAY_MODLE, SIM_NUM) values(25850, 'B0000803', '中国移动', 1, '预付费', 13100005849);
insert into T_TERMINALINFO (TERMINAL_ID,TTYPE_ID,SIM_ID,TERMINAL_CODE,ORG_CODE,IS_VIDEO_TERMINAL,SP_SERVER_NAME,PROTOCOL_TYPE,CHANNELS,YT_PROTOCOL_TYPE) values(241850, 4, 25850, '1005849', 'B0000803',1,'1076测试服务器','4',8,'0');
insert into V_VEHICLEINFO (ORG_CODE,VEHICLE_ID,ID_NUMBER,TYPE_ID,TERMINAL_ID,DELETE_FLAG,COLOR_ID_NUMBER_ID,AUTHORIZED_PAY_MASS) values ('B0000803','2401850', '测B05849', 4, 241850, 0, '2',15);

insert into T_SIMINFO (SIM_ID, ORG_CODE, DEPTCODE, STATE,PAY_MODLE, SIM_NUM) values(25851, 'B0000803', '中国移动', 1, '预付费', 13100005850);
insert into T_TERMINALINFO (TERMINAL_ID,TTYPE_ID,SIM_ID,TERMINAL_CODE,ORG_CODE,IS_VIDEO_TERMINAL,SP_SERVER_NAME,PROTOCOL_TYPE,CHANNELS,YT_PROTOCOL_TYPE) values(241851, 4, 25851, '1005850', 'B0000803',1,'1076测试服务器','4',8,'0');
insert into V_VEHICLEINFO (ORG_CODE,VEHICLE_ID,ID_NUMBER,TYPE_ID,TERMINAL_ID,DELETE_FLAG,COLOR_ID_NUMBER_ID,AUTHORIZED_PAY_MASS) values ('B0000803','2401851', '测B05850', 4, 241851, 0, '2',15);

insert into T_SIMINFO (SIM_ID, ORG_CODE, DEPTCODE, STATE,PAY_MODLE, SIM_NUM) values(25852, 'B0000803', '中国移动', 1, '预付费', 13100005851);
insert into T_TERMINALINFO (TERMINAL_ID,TTYPE_ID,SIM_ID,TERMINAL_CODE,ORG_CODE,IS_VIDEO_TERMINAL,SP_SERVER_NAME,PROTOCOL_TYPE,CHANNELS,YT_PROTOCOL_TYPE) values(241852, 4, 25852, '1005851', 'B0000803',1,'1076测试服务器','4',8,'0');
insert into V_VEHICLEINFO (ORG_CODE,VEHICLE_ID,ID_NUMBER,TYPE_ID,TERMINAL_ID,DELETE_FLAG,COLOR_ID_NUMBER_ID,AUTHORIZED_PAY_MASS) values ('B0000803','2401852', '测B05851', 4, 241852, 0, '2',15);

insert into T_SIMINFO (SIM_ID, ORG_CODE, DEPTCODE, STATE,PAY_MODLE, SIM_NUM) values(25853, 'B0000803', '中国移动', 1, '预付费', 13100005852);
insert into T_TERMINALINFO (TERMINAL_ID,TTYPE_ID,SIM_ID,TERMINAL_CODE,ORG_CODE,IS_VIDEO_TERMINAL,SP_SERVER_NAME,PROTOCOL_TYPE,CHANNELS,YT_PROTOCOL_TYPE) values(241853, 4, 25853, '1005852', 'B0000803',1,'1076测试服务器','4',8,'0');
insert into V_VEHICLEINFO (ORG_CODE,VEHICLE_ID,ID_NUMBER,TYPE_ID,TERMINAL_ID,DELETE_FLAG,COLOR_ID_NUMBER_ID,AUTHORIZED_PAY_MASS) values ('B0000803','2401853', '测B05852', 4, 241853, 0, '2',15);

insert into T_SIMINFO (SIM_ID, ORG_CODE, DEPTCODE, STATE,PAY_MODLE, SIM_NUM) values(25854, 'B0000803', '中国移动', 1, '预付费', 13100005853);
insert into T_TERMINALINFO (TERMINAL_ID,TTYPE_ID,SIM_ID,TERMINAL_CODE,ORG_CODE,IS_VIDEO_TERMINAL,SP_SERVER_NAME,PROTOCOL_TYPE,CHANNELS,YT_PROTOCOL_TYPE) values(241854, 4, 25854, '1005853', 'B0000803',1,'1076测试服务器','4',8,'0');
insert into V_VEHICLEINFO (ORG_CODE,VEHICLE_ID,ID_NUMBER,TYPE_ID,TERMINAL_ID,DELETE_FLAG,COLOR_ID_NUMBER_ID,AUTHORIZED_PAY_MASS) values ('B0000803','2401854', '测B05853', 4, 241854, 0, '2',15);

insert into T_SIMINFO (SIM_ID, ORG_CODE, DEPTCODE, STATE,PAY_MODLE, SIM_NUM) values(25855, 'B0000803', '中国移动', 1, '预付费', 13100005854);
insert into T_TERMINALINFO (TERMINAL_ID,TTYPE_ID,SIM_ID,TERMINAL_CODE,ORG_CODE,IS_VIDEO_TERMINAL,SP_SERVER_NAME,PROTOCOL_TYPE,CHANNELS,YT_PROTOCOL_TYPE) values(241855, 4, 25855, '1005854', 'B0000803',1,'1076测试服务器','4',8,'0');
insert into V_VEHICLEINFO (ORG_CODE,VEHICLE_ID,ID_NUMBER,TYPE_ID,TERMINAL_ID,DELETE_FLAG,COLOR_ID_NUMBER_ID,AUTHORIZED_PAY_MASS) values ('B0000803','2401855', '测B05854', 4, 241855, 0, '2',15);

insert into T_SIMINFO (SIM_ID, ORG_CODE, DEPTCODE, STATE,PAY_MODLE, SIM_NUM) values(25856, 'B0000803', '中国移动', 1, '预付费', 13100005855);
insert into T_TERMINALINFO (TERMINAL_ID,TTYPE_ID,SIM_ID,TERMINAL_CODE,ORG_CODE,IS_VIDEO_TERMINAL,SP_SERVER_NAME,PROTOCOL_TYPE,CHANNELS,YT_PROTOCOL_TYPE) values(241856, 4, 25856, '1005855', 'B0000803',1,'1076测试服务器','4',8,'0');
insert into V_VEHICLEINFO (ORG_CODE,VEHICLE_ID,ID_NUMBER,TYPE_ID,TERMINAL_ID,DELETE_FLAG,COLOR_ID_NUMBER_ID,AUTHORIZED_PAY_MASS) values ('B0000803','2401856', '测B05855', 4, 241856, 0, '2',15);

insert into T_SIMINFO (SIM_ID, ORG_CODE, DEPTCODE, STATE,PAY_MODLE, SIM_NUM) values(25857, 'B0000803', '中国移动', 1, '预付费', 13100005856);
insert into T_TERMINALINFO (TERMINAL_ID,TTYPE_ID,SIM_ID,TERMINAL_CODE,ORG_CODE,IS_VIDEO_TERMINAL,SP_SERVER_NAME,PROTOCOL_TYPE,CHANNELS,YT_PROTOCOL_TYPE) values(241857, 4, 25857, '1005856', 'B0000803',1,'1076测试服务器','4',8,'0');
insert into V_VEHICLEINFO (ORG_CODE,VEHICLE_ID,ID_NUMBER,TYPE_ID,TERMINAL_ID,DELETE_FLAG,COLOR_ID_NUMBER_ID,AUTHORIZED_PAY_MASS) values ('B0000803','2401857', '测B05856', 4, 241857, 0, '2',15);

insert into T_SIMINFO (SIM_ID, ORG_CODE, DEPTCODE, STATE,PAY_MODLE, SIM_NUM) values(25858, 'B0000803', '中国移动', 1, '预付费', 13100005857);
insert into T_TERMINALINFO (TERMINAL_ID,TTYPE_ID,SIM_ID,TERMINAL_CODE,ORG_CODE,IS_VIDEO_TERMINAL,SP_SERVER_NAME,PROTOCOL_TYPE,CHANNELS,YT_PROTOCOL_TYPE) values(241858, 4, 25858, '1005857', 'B0000803',1,'1076测试服务器','4',8,'0');
insert into V_VEHICLEINFO (ORG_CODE,VEHICLE_ID,ID_NUMBER,TYPE_ID,TERMINAL_ID,DELETE_FLAG,COLOR_ID_NUMBER_ID,AUTHORIZED_PAY_MASS) values ('B0000803','2401858', '测B05857', 4, 241858, 0, '2',15);

insert into T_SIMINFO (SIM_ID, ORG_CODE, DEPTCODE, STATE,PAY_MODLE, SIM_NUM) values(25859, 'B0000803', '中国移动', 1, '预付费', 13100005858);
insert into T_TERMINALINFO (TERMINAL_ID,TTYPE_ID,SIM_ID,TERMINAL_CODE,ORG_CODE,IS_VIDEO_TERMINAL,SP_SERVER_NAME,PROTOCOL_TYPE,CHANNELS,YT_PROTOCOL_TYPE) values(241859, 4, 25859, '1005858', 'B0000803',1,'1076测试服务器','4',8,'0');
insert into V_VEHICLEINFO (ORG_CODE,VEHICLE_ID,ID_NUMBER,TYPE_ID,TERMINAL_ID,DELETE_FLAG,COLOR_ID_NUMBER_ID,AUTHORIZED_PAY_MASS) values ('B0000803','2401859', '测B05858', 4, 241859, 0, '2',15);

insert into T_SIMINFO (SIM_ID, ORG_CODE, DEPTCODE, STATE,PAY_MODLE, SIM_NUM) values(25860, 'B0000803', '中国移动', 1, '预付费', 13100005859);
insert into T_TERMINALINFO (TERMINAL_ID,TTYPE_ID,SIM_ID,TERMINAL_CODE,ORG_CODE,IS_VIDEO_TERMINAL,SP_SERVER_NAME,PROTOCOL_TYPE,CHANNELS,YT_PROTOCOL_TYPE) values(241860, 4, 25860, '1005859', 'B0000803',1,'1076测试服务器','4',8,'0');
insert into V_VEHICLEINFO (ORG_CODE,VEHICLE_ID,ID_NUMBER,TYPE_ID,TERMINAL_ID,DELETE_FLAG,COLOR_ID_NUMBER_ID,AUTHORIZED_PAY_MASS) values ('B0000803','2401860', '测B05859', 4, 241860, 0, '2',15);

insert into T_SIMINFO (SIM_ID, ORG_CODE, DEPTCODE, STATE,PAY_MODLE, SIM_NUM) values(25861, 'B0000803', '中国移动', 1, '预付费', 13100005860);
insert into T_TERMINALINFO (TERMINAL_ID,TTYPE_ID,SIM_ID,TERMINAL_CODE,ORG_CODE,IS_VIDEO_TERMINAL,SP_SERVER_NAME,PROTOCOL_TYPE,CHANNELS,YT_PROTOCOL_TYPE) values(241861, 4, 25861, '1005860', 'B0000803',1,'1076测试服务器','4',8,'0');
insert into V_VEHICLEINFO (ORG_CODE,VEHICLE_ID,ID_NUMBER,TYPE_ID,TERMINAL_ID,DELETE_FLAG,COLOR_ID_NUMBER_ID,AUTHORIZED_PAY_MASS) values ('B0000803','2401861', '测B05860', 4, 241861, 0, '2',15);

insert into T_SIMINFO (SIM_ID, ORG_CODE, DEPTCODE, STATE,PAY_MODLE, SIM_NUM) values(25862, 'B0000803', '中国移动', 1, '预付费', 13100005861);
insert into T_TERMINALINFO (TERMINAL_ID,TTYPE_ID,SIM_ID,TERMINAL_CODE,ORG_CODE,IS_VIDEO_TERMINAL,SP_SERVER_NAME,PROTOCOL_TYPE,CHANNELS,YT_PROTOCOL_TYPE) values(241862, 4, 25862, '1005861', 'B0000803',1,'1076测试服务器','4',8,'0');
insert into V_VEHICLEINFO (ORG_CODE,VEHICLE_ID,ID_NUMBER,TYPE_ID,TERMINAL_ID,DELETE_FLAG,COLOR_ID_NUMBER_ID,AUTHORIZED_PAY_MASS) values ('B0000803','2401862', '测B05861', 4, 241862, 0, '2',15);

insert into T_SIMINFO (SIM_ID, ORG_CODE, DEPTCODE, STATE,PAY_MODLE, SIM_NUM) values(25863, 'B0000803', '中国移动', 1, '预付费', 13100005862);
insert into T_TERMINALINFO (TERMINAL_ID,TTYPE_ID,SIM_ID,TERMINAL_CODE,ORG_CODE,IS_VIDEO_TERMINAL,SP_SERVER_NAME,PROTOCOL_TYPE,CHANNELS,YT_PROTOCOL_TYPE) values(241863, 4, 25863, '1005862', 'B0000803',1,'1076测试服务器','4',8,'0');
insert into V_VEHICLEINFO (ORG_CODE,VEHICLE_ID,ID_NUMBER,TYPE_ID,TERMINAL_ID,DELETE_FLAG,COLOR_ID_NUMBER_ID,AUTHORIZED_PAY_MASS) values ('B0000803','2401863', '测B05862', 4, 241863, 0, '2',15);

insert into T_SIMINFO (SIM_ID, ORG_CODE, DEPTCODE, STATE,PAY_MODLE, SIM_NUM) values(25864, 'B0000803', '中国移动', 1, '预付费', 13100005863);
insert into T_TERMINALINFO (TERMINAL_ID,TTYPE_ID,SIM_ID,TERMINAL_CODE,ORG_CODE,IS_VIDEO_TERMINAL,SP_SERVER_NAME,PROTOCOL_TYPE,CHANNELS,YT_PROTOCOL_TYPE) values(241864, 4, 25864, '1005863', 'B0000803',1,'1076测试服务器','4',8,'0');
insert into V_VEHICLEINFO (ORG_CODE,VEHICLE_ID,ID_NUMBER,TYPE_ID,TERMINAL_ID,DELETE_FLAG,COLOR_ID_NUMBER_ID,AUTHORIZED_PAY_MASS) values ('B0000803','2401864', '测B05863', 4, 241864, 0, '2',15);

insert into T_SIMINFO (SIM_ID, ORG_CODE, DEPTCODE, STATE,PAY_MODLE, SIM_NUM) values(25865, 'B0000803', '中国移动', 1, '预付费', 13100005864);
insert into T_TERMINALINFO (TERMINAL_ID,TTYPE_ID,SIM_ID,TERMINAL_CODE,ORG_CODE,IS_VIDEO_TERMINAL,SP_SERVER_NAME,PROTOCOL_TYPE,CHANNELS,YT_PROTOCOL_TYPE) values(241865, 4, 25865, '1005864', 'B0000803',1,'1076测试服务器','4',8,'0');
insert into V_VEHICLEINFO (ORG_CODE,VEHICLE_ID,ID_NUMBER,TYPE_ID,TERMINAL_ID,DELETE_FLAG,COLOR_ID_NUMBER_ID,AUTHORIZED_PAY_MASS) values ('B0000803','2401865', '测B05864', 4, 241865, 0, '2',15);

insert into T_SIMINFO (SIM_ID, ORG_CODE, DEPTCODE, STATE,PAY_MODLE, SIM_NUM) values(25866, 'B0000803', '中国移动', 1, '预付费', 13100005865);
insert into T_TERMINALINFO (TERMINAL_ID,TTYPE_ID,SIM_ID,TERMINAL_CODE,ORG_CODE,IS_VIDEO_TERMINAL,SP_SERVER_NAME,PROTOCOL_TYPE,CHANNELS,YT_PROTOCOL_TYPE) values(241866, 4, 25866, '1005865', 'B0000803',1,'1076测试服务器','4',8,'0');
insert into V_VEHICLEINFO (ORG_CODE,VEHICLE_ID,ID_NUMBER,TYPE_ID,TERMINAL_ID,DELETE_FLAG,COLOR_ID_NUMBER_ID,AUTHORIZED_PAY_MASS) values ('B0000803','2401866', '测B05865', 4, 241866, 0, '2',15);

insert into T_SIMINFO (SIM_ID, ORG_CODE, DEPTCODE, STATE,PAY_MODLE, SIM_NUM) values(25867, 'B0000803', '中国移动', 1, '预付费', 13100005866);
insert into T_TERMINALINFO (TERMINAL_ID,TTYPE_ID,SIM_ID,TERMINAL_CODE,ORG_CODE,IS_VIDEO_TERMINAL,SP_SERVER_NAME,PROTOCOL_TYPE,CHANNELS,YT_PROTOCOL_TYPE) values(241867, 4, 25867, '1005866', 'B0000803',1,'1076测试服务器','4',8,'0');
insert into V_VEHICLEINFO (ORG_CODE,VEHICLE_ID,ID_NUMBER,TYPE_ID,TERMINAL_ID,DELETE_FLAG,COLOR_ID_NUMBER_ID,AUTHORIZED_PAY_MASS) values ('B0000803','2401867', '测B05866', 4, 241867, 0, '2',15);

insert into T_SIMINFO (SIM_ID, ORG_CODE, DEPTCODE, STATE,PAY_MODLE, SIM_NUM) values(25868, 'B0000803', '中国移动', 1, '预付费', 13100005867);
insert into T_TERMINALINFO (TERMINAL_ID,TTYPE_ID,SIM_ID,TERMINAL_CODE,ORG_CODE,IS_VIDEO_TERMINAL,SP_SERVER_NAME,PROTOCOL_TYPE,CHANNELS,YT_PROTOCOL_TYPE) values(241868, 4, 25868, '1005867', 'B0000803',1,'1076测试服务器','4',8,'0');
insert into V_VEHICLEINFO (ORG_CODE,VEHICLE_ID,ID_NUMBER,TYPE_ID,TERMINAL_ID,DELETE_FLAG,COLOR_ID_NUMBER_ID,AUTHORIZED_PAY_MASS) values ('B0000803','2401868', '测B05867', 4, 241868, 0, '2',15);

insert into T_SIMINFO (SIM_ID, ORG_CODE, DEPTCODE, STATE,PAY_MODLE, SIM_NUM) values(25869, 'B0000803', '中国移动', 1, '预付费', 13100005868);
insert into T_TERMINALINFO (TERMINAL_ID,TTYPE_ID,SIM_ID,TERMINAL_CODE,ORG_CODE,IS_VIDEO_TERMINAL,SP_SERVER_NAME,PROTOCOL_TYPE,CHANNELS,YT_PROTOCOL_TYPE) values(241869, 4, 25869, '1005868', 'B0000803',1,'1076测试服务器','4',8,'0');
insert into V_VEHICLEINFO (ORG_CODE,VEHICLE_ID,ID_NUMBER,TYPE_ID,TERMINAL_ID,DELETE_FLAG,COLOR_ID_NUMBER_ID,AUTHORIZED_PAY_MASS) values ('B0000803','2401869', '测B05868', 4, 241869, 0, '2',15);

insert into T_SIMINFO (SIM_ID, ORG_CODE, DEPTCODE, STATE,PAY_MODLE, SIM_NUM) values(25870, 'B0000803', '中国移动', 1, '预付费', 13100005869);
insert into T_TERMINALINFO (TERMINAL_ID,TTYPE_ID,SIM_ID,TERMINAL_CODE,ORG_CODE,IS_VIDEO_TERMINAL,SP_SERVER_NAME,PROTOCOL_TYPE,CHANNELS,YT_PROTOCOL_TYPE) values(241870, 4, 25870, '1005869', 'B0000803',1,'1076测试服务器','4',8,'0');
insert into V_VEHICLEINFO (ORG_CODE,VEHICLE_ID,ID_NUMBER,TYPE_ID,TERMINAL_ID,DELETE_FLAG,COLOR_ID_NUMBER_ID,AUTHORIZED_PAY_MASS) values ('B0000803','2401870', '测B05869', 4, 241870, 0, '2',15);

insert into T_SIMINFO (SIM_ID, ORG_CODE, DEPTCODE, STATE,PAY_MODLE, SIM_NUM) values(25871, 'B0000803', '中国移动', 1, '预付费', 13100005870);
insert into T_TERMINALINFO (TERMINAL_ID,TTYPE_ID,SIM_ID,TERMINAL_CODE,ORG_CODE,IS_VIDEO_TERMINAL,SP_SERVER_NAME,PROTOCOL_TYPE,CHANNELS,YT_PROTOCOL_TYPE) values(241871, 4, 25871, '1005870', 'B0000803',1,'1076测试服务器','4',8,'0');
insert into V_VEHICLEINFO (ORG_CODE,VEHICLE_ID,ID_NUMBER,TYPE_ID,TERMINAL_ID,DELETE_FLAG,COLOR_ID_NUMBER_ID,AUTHORIZED_PAY_MASS) values ('B0000803','2401871', '测B05870', 4, 241871, 0, '2',15);

insert into T_SIMINFO (SIM_ID, ORG_CODE, DEPTCODE, STATE,PAY_MODLE, SIM_NUM) values(25872, 'B0000803', '中国移动', 1, '预付费', 13100005871);
insert into T_TERMINALINFO (TERMINAL_ID,TTYPE_ID,SIM_ID,TERMINAL_CODE,ORG_CODE,IS_VIDEO_TERMINAL,SP_SERVER_NAME,PROTOCOL_TYPE,CHANNELS,YT_PROTOCOL_TYPE) values(241872, 4, 25872, '1005871', 'B0000803',1,'1076测试服务器','4',8,'0');
insert into V_VEHICLEINFO (ORG_CODE,VEHICLE_ID,ID_NUMBER,TYPE_ID,TERMINAL_ID,DELETE_FLAG,COLOR_ID_NUMBER_ID,AUTHORIZED_PAY_MASS) values ('B0000803','2401872', '测B05871', 4, 241872, 0, '2',15);

insert into T_SIMINFO (SIM_ID, ORG_CODE, DEPTCODE, STATE,PAY_MODLE, SIM_NUM) values(25873, 'B0000803', '中国移动', 1, '预付费', 13100005872);
insert into T_TERMINALINFO (TERMINAL_ID,TTYPE_ID,SIM_ID,TERMINAL_CODE,ORG_CODE,IS_VIDEO_TERMINAL,SP_SERVER_NAME,PROTOCOL_TYPE,CHANNELS,YT_PROTOCOL_TYPE) values(241873, 4, 25873, '1005872', 'B0000803',1,'1076测试服务器','4',8,'0');
insert into V_VEHICLEINFO (ORG_CODE,VEHICLE_ID,ID_NUMBER,TYPE_ID,TERMINAL_ID,DELETE_FLAG,COLOR_ID_NUMBER_ID,AUTHORIZED_PAY_MASS) values ('B0000803','2401873', '测B05872', 4, 241873, 0, '2',15);

insert into T_SIMINFO (SIM_ID, ORG_CODE, DEPTCODE, STATE,PAY_MODLE, SIM_NUM) values(25874, 'B0000803', '中国移动', 1, '预付费', 13100005873);
insert into T_TERMINALINFO (TERMINAL_ID,TTYPE_ID,SIM_ID,TERMINAL_CODE,ORG_CODE,IS_VIDEO_TERMINAL,SP_SERVER_NAME,PROTOCOL_TYPE,CHANNELS,YT_PROTOCOL_TYPE) values(241874, 4, 25874, '1005873', 'B0000803',1,'1076测试服务器','4',8,'0');
insert into V_VEHICLEINFO (ORG_CODE,VEHICLE_ID,ID_NUMBER,TYPE_ID,TERMINAL_ID,DELETE_FLAG,COLOR_ID_NUMBER_ID,AUTHORIZED_PAY_MASS) values ('B0000803','2401874', '测B05873', 4, 241874, 0, '2',15);

insert into T_SIMINFO (SIM_ID, ORG_CODE, DEPTCODE, STATE,PAY_MODLE, SIM_NUM) values(25875, 'B0000803', '中国移动', 1, '预付费', 13100005874);
insert into T_TERMINALINFO (TERMINAL_ID,TTYPE_ID,SIM_ID,TERMINAL_CODE,ORG_CODE,IS_VIDEO_TERMINAL,SP_SERVER_NAME,PROTOCOL_TYPE,CHANNELS,YT_PROTOCOL_TYPE) values(241875, 4, 25875, '1005874', 'B0000803',1,'1076测试服务器','4',8,'0');
insert into V_VEHICLEINFO (ORG_CODE,VEHICLE_ID,ID_NUMBER,TYPE_ID,TERMINAL_ID,DELETE_FLAG,COLOR_ID_NUMBER_ID,AUTHORIZED_PAY_MASS) values ('B0000803','2401875', '测B05874', 4, 241875, 0, '2',15);

insert into T_SIMINFO (SIM_ID, ORG_CODE, DEPTCODE, STATE,PAY_MODLE, SIM_NUM) values(25876, 'B0000803', '中国移动', 1, '预付费', 13100005875);
insert into T_TERMINALINFO (TERMINAL_ID,TTYPE_ID,SIM_ID,TERMINAL_CODE,ORG_CODE,IS_VIDEO_TERMINAL,SP_SERVER_NAME,PROTOCOL_TYPE,CHANNELS,YT_PROTOCOL_TYPE) values(241876, 4, 25876, '1005875', 'B0000803',1,'1076测试服务器','4',8,'0');
insert into V_VEHICLEINFO (ORG_CODE,VEHICLE_ID,ID_NUMBER,TYPE_ID,TERMINAL_ID,DELETE_FLAG,COLOR_ID_NUMBER_ID,AUTHORIZED_PAY_MASS) values ('B0000803','2401876', '测B05875', 4, 241876, 0, '2',15);

insert into T_SIMINFO (SIM_ID, ORG_CODE, DEPTCODE, STATE,PAY_MODLE, SIM_NUM) values(25877, 'B0000803', '中国移动', 1, '预付费', 13100005876);
insert into T_TERMINALINFO (TERMINAL_ID,TTYPE_ID,SIM_ID,TERMINAL_CODE,ORG_CODE,IS_VIDEO_TERMINAL,SP_SERVER_NAME,PROTOCOL_TYPE,CHANNELS,YT_PROTOCOL_TYPE) values(241877, 4, 25877, '1005876', 'B0000803',1,'1076测试服务器','4',8,'0');
insert into V_VEHICLEINFO (ORG_CODE,VEHICLE_ID,ID_NUMBER,TYPE_ID,TERMINAL_ID,DELETE_FLAG,COLOR_ID_NUMBER_ID,AUTHORIZED_PAY_MASS) values ('B0000803','2401877', '测B05876', 4, 241877, 0, '2',15);

insert into T_SIMINFO (SIM_ID, ORG_CODE, DEPTCODE, STATE,PAY_MODLE, SIM_NUM) values(25878, 'B0000803', '中国移动', 1, '预付费', 13100005877);
insert into T_TERMINALINFO (TERMINAL_ID,TTYPE_ID,SIM_ID,TERMINAL_CODE,ORG_CODE,IS_VIDEO_TERMINAL,SP_SERVER_NAME,PROTOCOL_TYPE,CHANNELS,YT_PROTOCOL_TYPE) values(241878, 4, 25878, '1005877', 'B0000803',1,'1076测试服务器','4',8,'0');
insert into V_VEHICLEINFO (ORG_CODE,VEHICLE_ID,ID_NUMBER,TYPE_ID,TERMINAL_ID,DELETE_FLAG,COLOR_ID_NUMBER_ID,AUTHORIZED_PAY_MASS) values ('B0000803','2401878', '测B05877', 4, 241878, 0, '2',15);

insert into T_SIMINFO (SIM_ID, ORG_CODE, DEPTCODE, STATE,PAY_MODLE, SIM_NUM) values(25879, 'B0000803', '中国移动', 1, '预付费', 13100005878);
insert into T_TERMINALINFO (TERMINAL_ID,TTYPE_ID,SIM_ID,TERMINAL_CODE,ORG_CODE,IS_VIDEO_TERMINAL,SP_SERVER_NAME,PROTOCOL_TYPE,CHANNELS,YT_PROTOCOL_TYPE) values(241879, 4, 25879, '1005878', 'B0000803',1,'1076测试服务器','4',8,'0');
insert into V_VEHICLEINFO (ORG_CODE,VEHICLE_ID,ID_NUMBER,TYPE_ID,TERMINAL_ID,DELETE_FLAG,COLOR_ID_NUMBER_ID,AUTHORIZED_PAY_MASS) values ('B0000803','2401879', '测B05878', 4, 241879, 0, '2',15);

insert into T_SIMINFO (SIM_ID, ORG_CODE, DEPTCODE, STATE,PAY_MODLE, SIM_NUM) values(25880, 'B0000803', '中国移动', 1, '预付费', 13100005879);
insert into T_TERMINALINFO (TERMINAL_ID,TTYPE_ID,SIM_ID,TERMINAL_CODE,ORG_CODE,IS_VIDEO_TERMINAL,SP_SERVER_NAME,PROTOCOL_TYPE,CHANNELS,YT_PROTOCOL_TYPE) values(241880, 4, 25880, '1005879', 'B0000803',1,'1076测试服务器','4',8,'0');
insert into V_VEHICLEINFO (ORG_CODE,VEHICLE_ID,ID_NUMBER,TYPE_ID,TERMINAL_ID,DELETE_FLAG,COLOR_ID_NUMBER_ID,AUTHORIZED_PAY_MASS) values ('B0000803','2401880', '测B05879', 4, 241880, 0, '2',15);

insert into T_SIMINFO (SIM_ID, ORG_CODE, DEPTCODE, STATE,PAY_MODLE, SIM_NUM) values(25881, 'B0000803', '中国移动', 1, '预付费', 13100005880);
insert into T_TERMINALINFO (TERMINAL_ID,TTYPE_ID,SIM_ID,TERMINAL_CODE,ORG_CODE,IS_VIDEO_TERMINAL,SP_SERVER_NAME,PROTOCOL_TYPE,CHANNELS,YT_PROTOCOL_TYPE) values(241881, 4, 25881, '1005880', 'B0000803',1,'1076测试服务器','4',8,'0');
insert into V_VEHICLEINFO (ORG_CODE,VEHICLE_ID,ID_NUMBER,TYPE_ID,TERMINAL_ID,DELETE_FLAG,COLOR_ID_NUMBER_ID,AUTHORIZED_PAY_MASS) values ('B0000803','2401881', '测B05880', 4, 241881, 0, '2',15);

insert into T_SIMINFO (SIM_ID, ORG_CODE, DEPTCODE, STATE,PAY_MODLE, SIM_NUM) values(25882, 'B0000803', '中国移动', 1, '预付费', 13100005881);
insert into T_TERMINALINFO (TERMINAL_ID,TTYPE_ID,SIM_ID,TERMINAL_CODE,ORG_CODE,IS_VIDEO_TERMINAL,SP_SERVER_NAME,PROTOCOL_TYPE,CHANNELS,YT_PROTOCOL_TYPE) values(241882, 4, 25882, '1005881', 'B0000803',1,'1076测试服务器','4',8,'0');
insert into V_VEHICLEINFO (ORG_CODE,VEHICLE_ID,ID_NUMBER,TYPE_ID,TERMINAL_ID,DELETE_FLAG,COLOR_ID_NUMBER_ID,AUTHORIZED_PAY_MASS) values ('B0000803','2401882', '测B05881', 4, 241882, 0, '2',15);

insert into T_SIMINFO (SIM_ID, ORG_CODE, DEPTCODE, STATE,PAY_MODLE, SIM_NUM) values(25883, 'B0000803', '中国移动', 1, '预付费', 13100005882);
insert into T_TERMINALINFO (TERMINAL_ID,TTYPE_ID,SIM_ID,TERMINAL_CODE,ORG_CODE,IS_VIDEO_TERMINAL,SP_SERVER_NAME,PROTOCOL_TYPE,CHANNELS,YT_PROTOCOL_TYPE) values(241883, 4, 25883, '1005882', 'B0000803',1,'1076测试服务器','4',8,'0');
insert into V_VEHICLEINFO (ORG_CODE,VEHICLE_ID,ID_NUMBER,TYPE_ID,TERMINAL_ID,DELETE_FLAG,COLOR_ID_NUMBER_ID,AUTHORIZED_PAY_MASS) values ('B0000803','2401883', '测B05882', 4, 241883, 0, '2',15);

insert into T_SIMINFO (SIM_ID, ORG_CODE, DEPTCODE, STATE,PAY_MODLE, SIM_NUM) values(25884, 'B0000803', '中国移动', 1, '预付费', 13100005883);
insert into T_TERMINALINFO (TERMINAL_ID,TTYPE_ID,SIM_ID,TERMINAL_CODE,ORG_CODE,IS_VIDEO_TERMINAL,SP_SERVER_NAME,PROTOCOL_TYPE,CHANNELS,YT_PROTOCOL_TYPE) values(241884, 4, 25884, '1005883', 'B0000803',1,'1076测试服务器','4',8,'0');
insert into V_VEHICLEINFO (ORG_CODE,VEHICLE_ID,ID_NUMBER,TYPE_ID,TERMINAL_ID,DELETE_FLAG,COLOR_ID_NUMBER_ID,AUTHORIZED_PAY_MASS) values ('B0000803','2401884', '测B05883', 4, 241884, 0, '2',15);

insert into T_SIMINFO (SIM_ID, ORG_CODE, DEPTCODE, STATE,PAY_MODLE, SIM_NUM) values(25885, 'B0000803', '中国移动', 1, '预付费', 13100005884);
insert into T_TERMINALINFO (TERMINAL_ID,TTYPE_ID,SIM_ID,TERMINAL_CODE,ORG_CODE,IS_VIDEO_TERMINAL,SP_SERVER_NAME,PROTOCOL_TYPE,CHANNELS,YT_PROTOCOL_TYPE) values(241885, 4, 25885, '1005884', 'B0000803',1,'1076测试服务器','4',8,'0');
insert into V_VEHICLEINFO (ORG_CODE,VEHICLE_ID,ID_NUMBER,TYPE_ID,TERMINAL_ID,DELETE_FLAG,COLOR_ID_NUMBER_ID,AUTHORIZED_PAY_MASS) values ('B0000803','2401885', '测B05884', 4, 241885, 0, '2',15);

insert into T_SIMINFO (SIM_ID, ORG_CODE, DEPTCODE, STATE,PAY_MODLE, SIM_NUM) values(25886, 'B0000803', '中国移动', 1, '预付费', 13100005885);
insert into T_TERMINALINFO (TERMINAL_ID,TTYPE_ID,SIM_ID,TERMINAL_CODE,ORG_CODE,IS_VIDEO_TERMINAL,SP_SERVER_NAME,PROTOCOL_TYPE,CHANNELS,YT_PROTOCOL_TYPE) values(241886, 4, 25886, '1005885', 'B0000803',1,'1076测试服务器','4',8,'0');
insert into V_VEHICLEINFO (ORG_CODE,VEHICLE_ID,ID_NUMBER,TYPE_ID,TERMINAL_ID,DELETE_FLAG,COLOR_ID_NUMBER_ID,AUTHORIZED_PAY_MASS) values ('B0000803','2401886', '测B05885', 4, 241886, 0, '2',15);

insert into T_SIMINFO (SIM_ID, ORG_CODE, DEPTCODE, STATE,PAY_MODLE, SIM_NUM) values(25887, 'B0000803', '中国移动', 1, '预付费', 13100005886);
insert into T_TERMINALINFO (TERMINAL_ID,TTYPE_ID,SIM_ID,TERMINAL_CODE,ORG_CODE,IS_VIDEO_TERMINAL,SP_SERVER_NAME,PROTOCOL_TYPE,CHANNELS,YT_PROTOCOL_TYPE) values(241887, 4, 25887, '1005886', 'B0000803',1,'1076测试服务器','4',8,'0');
insert into V_VEHICLEINFO (ORG_CODE,VEHICLE_ID,ID_NUMBER,TYPE_ID,TERMINAL_ID,DELETE_FLAG,COLOR_ID_NUMBER_ID,AUTHORIZED_PAY_MASS) values ('B0000803','2401887', '测B05886', 4, 241887, 0, '2',15);

insert into T_SIMINFO (SIM_ID, ORG_CODE, DEPTCODE, STATE,PAY_MODLE, SIM_NUM) values(25888, 'B0000803', '中国移动', 1, '预付费', 13100005887);
insert into T_TERMINALINFO (TERMINAL_ID,TTYPE_ID,SIM_ID,TERMINAL_CODE,ORG_CODE,IS_VIDEO_TERMINAL,SP_SERVER_NAME,PROTOCOL_TYPE,CHANNELS,YT_PROTOCOL_TYPE) values(241888, 4, 25888, '1005887', 'B0000803',1,'1076测试服务器','4',8,'0');
insert into V_VEHICLEINFO (ORG_CODE,VEHICLE_ID,ID_NUMBER,TYPE_ID,TERMINAL_ID,DELETE_FLAG,COLOR_ID_NUMBER_ID,AUTHORIZED_PAY_MASS) values ('B0000803','2401888', '测B05887', 4, 241888, 0, '2',15);

insert into T_SIMINFO (SIM_ID, ORG_CODE, DEPTCODE, STATE,PAY_MODLE, SIM_NUM) values(25889, 'B0000803', '中国移动', 1, '预付费', 13100005888);
insert into T_TERMINALINFO (TERMINAL_ID,TTYPE_ID,SIM_ID,TERMINAL_CODE,ORG_CODE,IS_VIDEO_TERMINAL,SP_SERVER_NAME,PROTOCOL_TYPE,CHANNELS,YT_PROTOCOL_TYPE) values(241889, 4, 25889, '1005888', 'B0000803',1,'1076测试服务器','4',8,'0');
insert into V_VEHICLEINFO (ORG_CODE,VEHICLE_ID,ID_NUMBER,TYPE_ID,TERMINAL_ID,DELETE_FLAG,COLOR_ID_NUMBER_ID,AUTHORIZED_PAY_MASS) values ('B0000803','2401889', '测B05888', 4, 241889, 0, '2',15);

insert into T_SIMINFO (SIM_ID, ORG_CODE, DEPTCODE, STATE,PAY_MODLE, SIM_NUM) values(25890, 'B0000803', '中国移动', 1, '预付费', 13100005889);
insert into T_TERMINALINFO (TERMINAL_ID,TTYPE_ID,SIM_ID,TERMINAL_CODE,ORG_CODE,IS_VIDEO_TERMINAL,SP_SERVER_NAME,PROTOCOL_TYPE,CHANNELS,YT_PROTOCOL_TYPE) values(241890, 4, 25890, '1005889', 'B0000803',1,'1076测试服务器','4',8,'0');
insert into V_VEHICLEINFO (ORG_CODE,VEHICLE_ID,ID_NUMBER,TYPE_ID,TERMINAL_ID,DELETE_FLAG,COLOR_ID_NUMBER_ID,AUTHORIZED_PAY_MASS) values ('B0000803','2401890', '测B05889', 4, 241890, 0, '2',15);

insert into T_SIMINFO (SIM_ID, ORG_CODE, DEPTCODE, STATE,PAY_MODLE, SIM_NUM) values(25891, 'B0000803', '中国移动', 1, '预付费', 13100005890);
insert into T_TERMINALINFO (TERMINAL_ID,TTYPE_ID,SIM_ID,TERMINAL_CODE,ORG_CODE,IS_VIDEO_TERMINAL,SP_SERVER_NAME,PROTOCOL_TYPE,CHANNELS,YT_PROTOCOL_TYPE) values(241891, 4, 25891, '1005890', 'B0000803',1,'1076测试服务器','4',8,'0');
insert into V_VEHICLEINFO (ORG_CODE,VEHICLE_ID,ID_NUMBER,TYPE_ID,TERMINAL_ID,DELETE_FLAG,COLOR_ID_NUMBER_ID,AUTHORIZED_PAY_MASS) values ('B0000803','2401891', '测B05890', 4, 241891, 0, '2',15);

insert into T_SIMINFO (SIM_ID, ORG_CODE, DEPTCODE, STATE,PAY_MODLE, SIM_NUM) values(25892, 'B0000803', '中国移动', 1, '预付费', 13100005891);
insert into T_TERMINALINFO (TERMINAL_ID,TTYPE_ID,SIM_ID,TERMINAL_CODE,ORG_CODE,IS_VIDEO_TERMINAL,SP_SERVER_NAME,PROTOCOL_TYPE,CHANNELS,YT_PROTOCOL_TYPE) values(241892, 4, 25892, '1005891', 'B0000803',1,'1076测试服务器','4',8,'0');
insert into V_VEHICLEINFO (ORG_CODE,VEHICLE_ID,ID_NUMBER,TYPE_ID,TERMINAL_ID,DELETE_FLAG,COLOR_ID_NUMBER_ID,AUTHORIZED_PAY_MASS) values ('B0000803','2401892', '测B05891', 4, 241892, 0, '2',15);

insert into T_SIMINFO (SIM_ID, ORG_CODE, DEPTCODE, STATE,PAY_MODLE, SIM_NUM) values(25893, 'B0000803', '中国移动', 1, '预付费', 13100005892);
insert into T_TERMINALINFO (TERMINAL_ID,TTYPE_ID,SIM_ID,TERMINAL_CODE,ORG_CODE,IS_VIDEO_TERMINAL,SP_SERVER_NAME,PROTOCOL_TYPE,CHANNELS,YT_PROTOCOL_TYPE) values(241893, 4, 25893, '1005892', 'B0000803',1,'1076测试服务器','4',8,'0');
insert into V_VEHICLEINFO (ORG_CODE,VEHICLE_ID,ID_NUMBER,TYPE_ID,TERMINAL_ID,DELETE_FLAG,COLOR_ID_NUMBER_ID,AUTHORIZED_PAY_MASS) values ('B0000803','2401893', '测B05892', 4, 241893, 0, '2',15);

insert into T_SIMINFO (SIM_ID, ORG_CODE, DEPTCODE, STATE,PAY_MODLE, SIM_NUM) values(25894, 'B0000803', '中国移动', 1, '预付费', 13100005893);
insert into T_TERMINALINFO (TERMINAL_ID,TTYPE_ID,SIM_ID,TERMINAL_CODE,ORG_CODE,IS_VIDEO_TERMINAL,SP_SERVER_NAME,PROTOCOL_TYPE,CHANNELS,YT_PROTOCOL_TYPE) values(241894, 4, 25894, '1005893', 'B0000803',1,'1076测试服务器','4',8,'0');
insert into V_VEHICLEINFO (ORG_CODE,VEHICLE_ID,ID_NUMBER,TYPE_ID,TERMINAL_ID,DELETE_FLAG,COLOR_ID_NUMBER_ID,AUTHORIZED_PAY_MASS) values ('B0000803','2401894', '测B05893', 4, 241894, 0, '2',15);

insert into T_SIMINFO (SIM_ID, ORG_CODE, DEPTCODE, STATE,PAY_MODLE, SIM_NUM) values(25895, 'B0000803', '中国移动', 1, '预付费', 13100005894);
insert into T_TERMINALINFO (TERMINAL_ID,TTYPE_ID,SIM_ID,TERMINAL_CODE,ORG_CODE,IS_VIDEO_TERMINAL,SP_SERVER_NAME,PROTOCOL_TYPE,CHANNELS,YT_PROTOCOL_TYPE) values(241895, 4, 25895, '1005894', 'B0000803',1,'1076测试服务器','4',8,'0');
insert into V_VEHICLEINFO (ORG_CODE,VEHICLE_ID,ID_NUMBER,TYPE_ID,TERMINAL_ID,DELETE_FLAG,COLOR_ID_NUMBER_ID,AUTHORIZED_PAY_MASS) values ('B0000803','2401895', '测B05894', 4, 241895, 0, '2',15);

insert into T_SIMINFO (SIM_ID, ORG_CODE, DEPTCODE, STATE,PAY_MODLE, SIM_NUM) values(25896, 'B0000803', '中国移动', 1, '预付费', 13100005895);
insert into T_TERMINALINFO (TERMINAL_ID,TTYPE_ID,SIM_ID,TERMINAL_CODE,ORG_CODE,IS_VIDEO_TERMINAL,SP_SERVER_NAME,PROTOCOL_TYPE,CHANNELS,YT_PROTOCOL_TYPE) values(241896, 4, 25896, '1005895', 'B0000803',1,'1076测试服务器','4',8,'0');
insert into V_VEHICLEINFO (ORG_CODE,VEHICLE_ID,ID_NUMBER,TYPE_ID,TERMINAL_ID,DELETE_FLAG,COLOR_ID_NUMBER_ID,AUTHORIZED_PAY_MASS) values ('B0000803','2401896', '测B05895', 4, 241896, 0, '2',15);

insert into T_SIMINFO (SIM_ID, ORG_CODE, DEPTCODE, STATE,PAY_MODLE, SIM_NUM) values(25897, 'B0000803', '中国移动', 1, '预付费', 13100005896);
insert into T_TERMINALINFO (TERMINAL_ID,TTYPE_ID,SIM_ID,TERMINAL_CODE,ORG_CODE,IS_VIDEO_TERMINAL,SP_SERVER_NAME,PROTOCOL_TYPE,CHANNELS,YT_PROTOCOL_TYPE) values(241897, 4, 25897, '1005896', 'B0000803',1,'1076测试服务器','4',8,'0');
insert into V_VEHICLEINFO (ORG_CODE,VEHICLE_ID,ID_NUMBER,TYPE_ID,TERMINAL_ID,DELETE_FLAG,COLOR_ID_NUMBER_ID,AUTHORIZED_PAY_MASS) values ('B0000803','2401897', '测B05896', 4, 241897, 0, '2',15);

insert into T_SIMINFO (SIM_ID, ORG_CODE, DEPTCODE, STATE,PAY_MODLE, SIM_NUM) values(25898, 'B0000803', '中国移动', 1, '预付费', 13100005897);
insert into T_TERMINALINFO (TERMINAL_ID,TTYPE_ID,SIM_ID,TERMINAL_CODE,ORG_CODE,IS_VIDEO_TERMINAL,SP_SERVER_NAME,PROTOCOL_TYPE,CHANNELS,YT_PROTOCOL_TYPE) values(241898, 4, 25898, '1005897', 'B0000803',1,'1076测试服务器','4',8,'0');
insert into V_VEHICLEINFO (ORG_CODE,VEHICLE_ID,ID_NUMBER,TYPE_ID,TERMINAL_ID,DELETE_FLAG,COLOR_ID_NUMBER_ID,AUTHORIZED_PAY_MASS) values ('B0000803','2401898', '测B05897', 4, 241898, 0, '2',15);

insert into T_SIMINFO (SIM_ID, ORG_CODE, DEPTCODE, STATE,PAY_MODLE, SIM_NUM) values(25899, 'B0000803', '中国移动', 1, '预付费', 13100005898);
insert into T_TERMINALINFO (TERMINAL_ID,TTYPE_ID,SIM_ID,TERMINAL_CODE,ORG_CODE,IS_VIDEO_TERMINAL,SP_SERVER_NAME,PROTOCOL_TYPE,CHANNELS,YT_PROTOCOL_TYPE) values(241899, 4, 25899, '1005898', 'B0000803',1,'1076测试服务器','4',8,'0');
insert into V_VEHICLEINFO (ORG_CODE,VEHICLE_ID,ID_NUMBER,TYPE_ID,TERMINAL_ID,DELETE_FLAG,COLOR_ID_NUMBER_ID,AUTHORIZED_PAY_MASS) values ('B0000803','2401899', '测B05898', 4, 241899, 0, '2',15);

insert into T_SIMINFO (SIM_ID, ORG_CODE, DEPTCODE, STATE,PAY_MODLE, SIM_NUM) values(25900, 'B0000803', '中国移动', 1, '预付费', 13100005899);
insert into T_TERMINALINFO (TERMINAL_ID,TTYPE_ID,SIM_ID,TERMINAL_CODE,ORG_CODE,IS_VIDEO_TERMINAL,SP_SERVER_NAME,PROTOCOL_TYPE,CHANNELS,YT_PROTOCOL_TYPE) values(241900, 4, 25900, '1005899', 'B0000803',1,'1076测试服务器','4',8,'0');
insert into V_VEHICLEINFO (ORG_CODE,VEHICLE_ID,ID_NUMBER,TYPE_ID,TERMINAL_ID,DELETE_FLAG,COLOR_ID_NUMBER_ID,AUTHORIZED_PAY_MASS) values ('B0000803','2401900', '测B05899', 4, 241900, 0, '2',15);

insert into T_SIMINFO (SIM_ID, ORG_CODE, DEPTCODE, STATE,PAY_MODLE, SIM_NUM) values(25901, 'B0000803', '中国移动', 1, '预付费', 13100005900);
insert into T_TERMINALINFO (TERMINAL_ID,TTYPE_ID,SIM_ID,TERMINAL_CODE,ORG_CODE,IS_VIDEO_TERMINAL,SP_SERVER_NAME,PROTOCOL_TYPE,CHANNELS,YT_PROTOCOL_TYPE) values(241901, 4, 25901, '1005900', 'B0000803',1,'1076测试服务器','4',8,'0');
insert into V_VEHICLEINFO (ORG_CODE,VEHICLE_ID,ID_NUMBER,TYPE_ID,TERMINAL_ID,DELETE_FLAG,COLOR_ID_NUMBER_ID,AUTHORIZED_PAY_MASS) values ('B0000803','2401901', '测B05900', 4, 241901, 0, '2',15);

insert into T_SIMINFO (SIM_ID, ORG_CODE, DEPTCODE, STATE,PAY_MODLE, SIM_NUM) values(25902, 'B0000803', '中国移动', 1, '预付费', 13100005901);
insert into T_TERMINALINFO (TERMINAL_ID,TTYPE_ID,SIM_ID,TERMINAL_CODE,ORG_CODE,IS_VIDEO_TERMINAL,SP_SERVER_NAME,PROTOCOL_TYPE,CHANNELS,YT_PROTOCOL_TYPE) values(241902, 4, 25902, '1005901', 'B0000803',1,'1076测试服务器','4',8,'0');
insert into V_VEHICLEINFO (ORG_CODE,VEHICLE_ID,ID_NUMBER,TYPE_ID,TERMINAL_ID,DELETE_FLAG,COLOR_ID_NUMBER_ID,AUTHORIZED_PAY_MASS) values ('B0000803','2401902', '测B05901', 4, 241902, 0, '2',15);

insert into T_SIMINFO (SIM_ID, ORG_CODE, DEPTCODE, STATE,PAY_MODLE, SIM_NUM) values(25903, 'B0000803', '中国移动', 1, '预付费', 13100005902);
insert into T_TERMINALINFO (TERMINAL_ID,TTYPE_ID,SIM_ID,TERMINAL_CODE,ORG_CODE,IS_VIDEO_TERMINAL,SP_SERVER_NAME,PROTOCOL_TYPE,CHANNELS,YT_PROTOCOL_TYPE) values(241903, 4, 25903, '1005902', 'B0000803',1,'1076测试服务器','4',8,'0');
insert into V_VEHICLEINFO (ORG_CODE,VEHICLE_ID,ID_NUMBER,TYPE_ID,TERMINAL_ID,DELETE_FLAG,COLOR_ID_NUMBER_ID,AUTHORIZED_PAY_MASS) values ('B0000803','2401903', '测B05902', 4, 241903, 0, '2',15);

insert into T_SIMINFO (SIM_ID, ORG_CODE, DEPTCODE, STATE,PAY_MODLE, SIM_NUM) values(25904, 'B0000803', '中国移动', 1, '预付费', 13100005903);
insert into T_TERMINALINFO (TERMINAL_ID,TTYPE_ID,SIM_ID,TERMINAL_CODE,ORG_CODE,IS_VIDEO_TERMINAL,SP_SERVER_NAME,PROTOCOL_TYPE,CHANNELS,YT_PROTOCOL_TYPE) values(241904, 4, 25904, '1005903', 'B0000803',1,'1076测试服务器','4',8,'0');
insert into V_VEHICLEINFO (ORG_CODE,VEHICLE_ID,ID_NUMBER,TYPE_ID,TERMINAL_ID,DELETE_FLAG,COLOR_ID_NUMBER_ID,AUTHORIZED_PAY_MASS) values ('B0000803','2401904', '测B05903', 4, 241904, 0, '2',15);

insert into T_SIMINFO (SIM_ID, ORG_CODE, DEPTCODE, STATE,PAY_MODLE, SIM_NUM) values(25905, 'B0000803', '中国移动', 1, '预付费', 13100005904);
insert into T_TERMINALINFO (TERMINAL_ID,TTYPE_ID,SIM_ID,TERMINAL_CODE,ORG_CODE,IS_VIDEO_TERMINAL,SP_SERVER_NAME,PROTOCOL_TYPE,CHANNELS,YT_PROTOCOL_TYPE) values(241905, 4, 25905, '1005904', 'B0000803',1,'1076测试服务器','4',8,'0');
insert into V_VEHICLEINFO (ORG_CODE,VEHICLE_ID,ID_NUMBER,TYPE_ID,TERMINAL_ID,DELETE_FLAG,COLOR_ID_NUMBER_ID,AUTHORIZED_PAY_MASS) values ('B0000803','2401905', '测B05904', 4, 241905, 0, '2',15);

insert into T_SIMINFO (SIM_ID, ORG_CODE, DEPTCODE, STATE,PAY_MODLE, SIM_NUM) values(25906, 'B0000803', '中国移动', 1, '预付费', 13100005905);
insert into T_TERMINALINFO (TERMINAL_ID,TTYPE_ID,SIM_ID,TERMINAL_CODE,ORG_CODE,IS_VIDEO_TERMINAL,SP_SERVER_NAME,PROTOCOL_TYPE,CHANNELS,YT_PROTOCOL_TYPE) values(241906, 4, 25906, '1005905', 'B0000803',1,'1076测试服务器','4',8,'0');
insert into V_VEHICLEINFO (ORG_CODE,VEHICLE_ID,ID_NUMBER,TYPE_ID,TERMINAL_ID,DELETE_FLAG,COLOR_ID_NUMBER_ID,AUTHORIZED_PAY_MASS) values ('B0000803','2401906', '测B05905', 4, 241906, 0, '2',15);

insert into T_SIMINFO (SIM_ID, ORG_CODE, DEPTCODE, STATE,PAY_MODLE, SIM_NUM) values(25907, 'B0000803', '中国移动', 1, '预付费', 13100005906);
insert into T_TERMINALINFO (TERMINAL_ID,TTYPE_ID,SIM_ID,TERMINAL_CODE,ORG_CODE,IS_VIDEO_TERMINAL,SP_SERVER_NAME,PROTOCOL_TYPE,CHANNELS,YT_PROTOCOL_TYPE) values(241907, 4, 25907, '1005906', 'B0000803',1,'1076测试服务器','4',8,'0');
insert into V_VEHICLEINFO (ORG_CODE,VEHICLE_ID,ID_NUMBER,TYPE_ID,TERMINAL_ID,DELETE_FLAG,COLOR_ID_NUMBER_ID,AUTHORIZED_PAY_MASS) values ('B0000803','2401907', '测B05906', 4, 241907, 0, '2',15);

insert into T_SIMINFO (SIM_ID, ORG_CODE, DEPTCODE, STATE,PAY_MODLE, SIM_NUM) values(25908, 'B0000803', '中国移动', 1, '预付费', 13100005907);
insert into T_TERMINALINFO (TERMINAL_ID,TTYPE_ID,SIM_ID,TERMINAL_CODE,ORG_CODE,IS_VIDEO_TERMINAL,SP_SERVER_NAME,PROTOCOL_TYPE,CHANNELS,YT_PROTOCOL_TYPE) values(241908, 4, 25908, '1005907', 'B0000803',1,'1076测试服务器','4',8,'0');
insert into V_VEHICLEINFO (ORG_CODE,VEHICLE_ID,ID_NUMBER,TYPE_ID,TERMINAL_ID,DELETE_FLAG,COLOR_ID_NUMBER_ID,AUTHORIZED_PAY_MASS) values ('B0000803','2401908', '测B05907', 4, 241908, 0, '2',15);

insert into T_SIMINFO (SIM_ID, ORG_CODE, DEPTCODE, STATE,PAY_MODLE, SIM_NUM) values(25909, 'B0000803', '中国移动', 1, '预付费', 13100005908);
insert into T_TERMINALINFO (TERMINAL_ID,TTYPE_ID,SIM_ID,TERMINAL_CODE,ORG_CODE,IS_VIDEO_TERMINAL,SP_SERVER_NAME,PROTOCOL_TYPE,CHANNELS,YT_PROTOCOL_TYPE) values(241909, 4, 25909, '1005908', 'B0000803',1,'1076测试服务器','4',8,'0');
insert into V_VEHICLEINFO (ORG_CODE,VEHICLE_ID,ID_NUMBER,TYPE_ID,TERMINAL_ID,DELETE_FLAG,COLOR_ID_NUMBER_ID,AUTHORIZED_PAY_MASS) values ('B0000803','2401909', '测B05908', 4, 241909, 0, '2',15);

insert into T_SIMINFO (SIM_ID, ORG_CODE, DEPTCODE, STATE,PAY_MODLE, SIM_NUM) values(25910, 'B0000803', '中国移动', 1, '预付费', 13100005909);
insert into T_TERMINALINFO (TERMINAL_ID,TTYPE_ID,SIM_ID,TERMINAL_CODE,ORG_CODE,IS_VIDEO_TERMINAL,SP_SERVER_NAME,PROTOCOL_TYPE,CHANNELS,YT_PROTOCOL_TYPE) values(241910, 4, 25910, '1005909', 'B0000803',1,'1076测试服务器','4',8,'0');
insert into V_VEHICLEINFO (ORG_CODE,VEHICLE_ID,ID_NUMBER,TYPE_ID,TERMINAL_ID,DELETE_FLAG,COLOR_ID_NUMBER_ID,AUTHORIZED_PAY_MASS) values ('B0000803','2401910', '测B05909', 4, 241910, 0, '2',15);

insert into T_SIMINFO (SIM_ID, ORG_CODE, DEPTCODE, STATE,PAY_MODLE, SIM_NUM) values(25911, 'B0000803', '中国移动', 1, '预付费', 13100005910);
insert into T_TERMINALINFO (TERMINAL_ID,TTYPE_ID,SIM_ID,TERMINAL_CODE,ORG_CODE,IS_VIDEO_TERMINAL,SP_SERVER_NAME,PROTOCOL_TYPE,CHANNELS,YT_PROTOCOL_TYPE) values(241911, 4, 25911, '1005910', 'B0000803',1,'1076测试服务器','4',8,'0');
insert into V_VEHICLEINFO (ORG_CODE,VEHICLE_ID,ID_NUMBER,TYPE_ID,TERMINAL_ID,DELETE_FLAG,COLOR_ID_NUMBER_ID,AUTHORIZED_PAY_MASS) values ('B0000803','2401911', '测B05910', 4, 241911, 0, '2',15);

insert into T_SIMINFO (SIM_ID, ORG_CODE, DEPTCODE, STATE,PAY_MODLE, SIM_NUM) values(25912, 'B0000803', '中国移动', 1, '预付费', 13100005911);
insert into T_TERMINALINFO (TERMINAL_ID,TTYPE_ID,SIM_ID,TERMINAL_CODE,ORG_CODE,IS_VIDEO_TERMINAL,SP_SERVER_NAME,PROTOCOL_TYPE,CHANNELS,YT_PROTOCOL_TYPE) values(241912, 4, 25912, '1005911', 'B0000803',1,'1076测试服务器','4',8,'0');
insert into V_VEHICLEINFO (ORG_CODE,VEHICLE_ID,ID_NUMBER,TYPE_ID,TERMINAL_ID,DELETE_FLAG,COLOR_ID_NUMBER_ID,AUTHORIZED_PAY_MASS) values ('B0000803','2401912', '测B05911', 4, 241912, 0, '2',15);

insert into T_SIMINFO (SIM_ID, ORG_CODE, DEPTCODE, STATE,PAY_MODLE, SIM_NUM) values(25913, 'B0000803', '中国移动', 1, '预付费', 13100005912);
insert into T_TERMINALINFO (TERMINAL_ID,TTYPE_ID,SIM_ID,TERMINAL_CODE,ORG_CODE,IS_VIDEO_TERMINAL,SP_SERVER_NAME,PROTOCOL_TYPE,CHANNELS,YT_PROTOCOL_TYPE) values(241913, 4, 25913, '1005912', 'B0000803',1,'1076测试服务器','4',8,'0');
insert into V_VEHICLEINFO (ORG_CODE,VEHICLE_ID,ID_NUMBER,TYPE_ID,TERMINAL_ID,DELETE_FLAG,COLOR_ID_NUMBER_ID,AUTHORIZED_PAY_MASS) values ('B0000803','2401913', '测B05912', 4, 241913, 0, '2',15);

insert into T_SIMINFO (SIM_ID, ORG_CODE, DEPTCODE, STATE,PAY_MODLE, SIM_NUM) values(25914, 'B0000803', '中国移动', 1, '预付费', 13100005913);
insert into T_TERMINALINFO (TERMINAL_ID,TTYPE_ID,SIM_ID,TERMINAL_CODE,ORG_CODE,IS_VIDEO_TERMINAL,SP_SERVER_NAME,PROTOCOL_TYPE,CHANNELS,YT_PROTOCOL_TYPE) values(241914, 4, 25914, '1005913', 'B0000803',1,'1076测试服务器','4',8,'0');
insert into V_VEHICLEINFO (ORG_CODE,VEHICLE_ID,ID_NUMBER,TYPE_ID,TERMINAL_ID,DELETE_FLAG,COLOR_ID_NUMBER_ID,AUTHORIZED_PAY_MASS) values ('B0000803','2401914', '测B05913', 4, 241914, 0, '2',15);

insert into T_SIMINFO (SIM_ID, ORG_CODE, DEPTCODE, STATE,PAY_MODLE, SIM_NUM) values(25915, 'B0000803', '中国移动', 1, '预付费', 13100005914);
insert into T_TERMINALINFO (TERMINAL_ID,TTYPE_ID,SIM_ID,TERMINAL_CODE,ORG_CODE,IS_VIDEO_TERMINAL,SP_SERVER_NAME,PROTOCOL_TYPE,CHANNELS,YT_PROTOCOL_TYPE) values(241915, 4, 25915, '1005914', 'B0000803',1,'1076测试服务器','4',8,'0');
insert into V_VEHICLEINFO (ORG_CODE,VEHICLE_ID,ID_NUMBER,TYPE_ID,TERMINAL_ID,DELETE_FLAG,COLOR_ID_NUMBER_ID,AUTHORIZED_PAY_MASS) values ('B0000803','2401915', '测B05914', 4, 241915, 0, '2',15);

insert into T_SIMINFO (SIM_ID, ORG_CODE, DEPTCODE, STATE,PAY_MODLE, SIM_NUM) values(25916, 'B0000803', '中国移动', 1, '预付费', 13100005915);
insert into T_TERMINALINFO (TERMINAL_ID,TTYPE_ID,SIM_ID,TERMINAL_CODE,ORG_CODE,IS_VIDEO_TERMINAL,SP_SERVER_NAME,PROTOCOL_TYPE,CHANNELS,YT_PROTOCOL_TYPE) values(241916, 4, 25916, '1005915', 'B0000803',1,'1076测试服务器','4',8,'0');
insert into V_VEHICLEINFO (ORG_CODE,VEHICLE_ID,ID_NUMBER,TYPE_ID,TERMINAL_ID,DELETE_FLAG,COLOR_ID_NUMBER_ID,AUTHORIZED_PAY_MASS) values ('B0000803','2401916', '测B05915', 4, 241916, 0, '2',15);

insert into T_SIMINFO (SIM_ID, ORG_CODE, DEPTCODE, STATE,PAY_MODLE, SIM_NUM) values(25917, 'B0000803', '中国移动', 1, '预付费', 13100005916);
insert into T_TERMINALINFO (TERMINAL_ID,TTYPE_ID,SIM_ID,TERMINAL_CODE,ORG_CODE,IS_VIDEO_TERMINAL,SP_SERVER_NAME,PROTOCOL_TYPE,CHANNELS,YT_PROTOCOL_TYPE) values(241917, 4, 25917, '1005916', 'B0000803',1,'1076测试服务器','4',8,'0');
insert into V_VEHICLEINFO (ORG_CODE,VEHICLE_ID,ID_NUMBER,TYPE_ID,TERMINAL_ID,DELETE_FLAG,COLOR_ID_NUMBER_ID,AUTHORIZED_PAY_MASS) values ('B0000803','2401917', '测B05916', 4, 241917, 0, '2',15);

insert into T_SIMINFO (SIM_ID, ORG_CODE, DEPTCODE, STATE,PAY_MODLE, SIM_NUM) values(25918, 'B0000803', '中国移动', 1, '预付费', 13100005917);
insert into T_TERMINALINFO (TERMINAL_ID,TTYPE_ID,SIM_ID,TERMINAL_CODE,ORG_CODE,IS_VIDEO_TERMINAL,SP_SERVER_NAME,PROTOCOL_TYPE,CHANNELS,YT_PROTOCOL_TYPE) values(241918, 4, 25918, '1005917', 'B0000803',1,'1076测试服务器','4',8,'0');
insert into V_VEHICLEINFO (ORG_CODE,VEHICLE_ID,ID_NUMBER,TYPE_ID,TERMINAL_ID,DELETE_FLAG,COLOR_ID_NUMBER_ID,AUTHORIZED_PAY_MASS) values ('B0000803','2401918', '测B05917', 4, 241918, 0, '2',15);

insert into T_SIMINFO (SIM_ID, ORG_CODE, DEPTCODE, STATE,PAY_MODLE, SIM_NUM) values(25919, 'B0000803', '中国移动', 1, '预付费', 13100005918);
insert into T_TERMINALINFO (TERMINAL_ID,TTYPE_ID,SIM_ID,TERMINAL_CODE,ORG_CODE,IS_VIDEO_TERMINAL,SP_SERVER_NAME,PROTOCOL_TYPE,CHANNELS,YT_PROTOCOL_TYPE) values(241919, 4, 25919, '1005918', 'B0000803',1,'1076测试服务器','4',8,'0');
insert into V_VEHICLEINFO (ORG_CODE,VEHICLE_ID,ID_NUMBER,TYPE_ID,TERMINAL_ID,DELETE_FLAG,COLOR_ID_NUMBER_ID,AUTHORIZED_PAY_MASS) values ('B0000803','2401919', '测B05918', 4, 241919, 0, '2',15);

insert into T_SIMINFO (SIM_ID, ORG_CODE, DEPTCODE, STATE,PAY_MODLE, SIM_NUM) values(25920, 'B0000803', '中国移动', 1, '预付费', 13100005919);
insert into T_TERMINALINFO (TERMINAL_ID,TTYPE_ID,SIM_ID,TERMINAL_CODE,ORG_CODE,IS_VIDEO_TERMINAL,SP_SERVER_NAME,PROTOCOL_TYPE,CHANNELS,YT_PROTOCOL_TYPE) values(241920, 4, 25920, '1005919', 'B0000803',1,'1076测试服务器','4',8,'0');
insert into V_VEHICLEINFO (ORG_CODE,VEHICLE_ID,ID_NUMBER,TYPE_ID,TERMINAL_ID,DELETE_FLAG,COLOR_ID_NUMBER_ID,AUTHORIZED_PAY_MASS) values ('B0000803','2401920', '测B05919', 4, 241920, 0, '2',15);

insert into T_SIMINFO (SIM_ID, ORG_CODE, DEPTCODE, STATE,PAY_MODLE, SIM_NUM) values(25921, 'B0000803', '中国移动', 1, '预付费', 13100005920);
insert into T_TERMINALINFO (TERMINAL_ID,TTYPE_ID,SIM_ID,TERMINAL_CODE,ORG_CODE,IS_VIDEO_TERMINAL,SP_SERVER_NAME,PROTOCOL_TYPE,CHANNELS,YT_PROTOCOL_TYPE) values(241921, 4, 25921, '1005920', 'B0000803',1,'1076测试服务器','4',8,'0');
insert into V_VEHICLEINFO (ORG_CODE,VEHICLE_ID,ID_NUMBER,TYPE_ID,TERMINAL_ID,DELETE_FLAG,COLOR_ID_NUMBER_ID,AUTHORIZED_PAY_MASS) values ('B0000803','2401921', '测B05920', 4, 241921, 0, '2',15);

insert into T_SIMINFO (SIM_ID, ORG_CODE, DEPTCODE, STATE,PAY_MODLE, SIM_NUM) values(25922, 'B0000803', '中国移动', 1, '预付费', 13100005921);
insert into T_TERMINALINFO (TERMINAL_ID,TTYPE_ID,SIM_ID,TERMINAL_CODE,ORG_CODE,IS_VIDEO_TERMINAL,SP_SERVER_NAME,PROTOCOL_TYPE,CHANNELS,YT_PROTOCOL_TYPE) values(241922, 4, 25922, '1005921', 'B0000803',1,'1076测试服务器','4',8,'0');
insert into V_VEHICLEINFO (ORG_CODE,VEHICLE_ID,ID_NUMBER,TYPE_ID,TERMINAL_ID,DELETE_FLAG,COLOR_ID_NUMBER_ID,AUTHORIZED_PAY_MASS) values ('B0000803','2401922', '测B05921', 4, 241922, 0, '2',15);

insert into T_SIMINFO (SIM_ID, ORG_CODE, DEPTCODE, STATE,PAY_MODLE, SIM_NUM) values(25923, 'B0000803', '中国移动', 1, '预付费', 13100005922);
insert into T_TERMINALINFO (TERMINAL_ID,TTYPE_ID,SIM_ID,TERMINAL_CODE,ORG_CODE,IS_VIDEO_TERMINAL,SP_SERVER_NAME,PROTOCOL_TYPE,CHANNELS,YT_PROTOCOL_TYPE) values(241923, 4, 25923, '1005922', 'B0000803',1,'1076测试服务器','4',8,'0');
insert into V_VEHICLEINFO (ORG_CODE,VEHICLE_ID,ID_NUMBER,TYPE_ID,TERMINAL_ID,DELETE_FLAG,COLOR_ID_NUMBER_ID,AUTHORIZED_PAY_MASS) values ('B0000803','2401923', '测B05922', 4, 241923, 0, '2',15);

insert into T_SIMINFO (SIM_ID, ORG_CODE, DEPTCODE, STATE,PAY_MODLE, SIM_NUM) values(25924, 'B0000803', '中国移动', 1, '预付费', 13100005923);
insert into T_TERMINALINFO (TERMINAL_ID,TTYPE_ID,SIM_ID,TERMINAL_CODE,ORG_CODE,IS_VIDEO_TERMINAL,SP_SERVER_NAME,PROTOCOL_TYPE,CHANNELS,YT_PROTOCOL_TYPE) values(241924, 4, 25924, '1005923', 'B0000803',1,'1076测试服务器','4',8,'0');
insert into V_VEHICLEINFO (ORG_CODE,VEHICLE_ID,ID_NUMBER,TYPE_ID,TERMINAL_ID,DELETE_FLAG,COLOR_ID_NUMBER_ID,AUTHORIZED_PAY_MASS) values ('B0000803','2401924', '测B05923', 4, 241924, 0, '2',15);

insert into T_SIMINFO (SIM_ID, ORG_CODE, DEPTCODE, STATE,PAY_MODLE, SIM_NUM) values(25925, 'B0000803', '中国移动', 1, '预付费', 13100005924);
insert into T_TERMINALINFO (TERMINAL_ID,TTYPE_ID,SIM_ID,TERMINAL_CODE,ORG_CODE,IS_VIDEO_TERMINAL,SP_SERVER_NAME,PROTOCOL_TYPE,CHANNELS,YT_PROTOCOL_TYPE) values(241925, 4, 25925, '1005924', 'B0000803',1,'1076测试服务器','4',8,'0');
insert into V_VEHICLEINFO (ORG_CODE,VEHICLE_ID,ID_NUMBER,TYPE_ID,TERMINAL_ID,DELETE_FLAG,COLOR_ID_NUMBER_ID,AUTHORIZED_PAY_MASS) values ('B0000803','2401925', '测B05924', 4, 241925, 0, '2',15);

insert into T_SIMINFO (SIM_ID, ORG_CODE, DEPTCODE, STATE,PAY_MODLE, SIM_NUM) values(25926, 'B0000803', '中国移动', 1, '预付费', 13100005925);
insert into T_TERMINALINFO (TERMINAL_ID,TTYPE_ID,SIM_ID,TERMINAL_CODE,ORG_CODE,IS_VIDEO_TERMINAL,SP_SERVER_NAME,PROTOCOL_TYPE,CHANNELS,YT_PROTOCOL_TYPE) values(241926, 4, 25926, '1005925', 'B0000803',1,'1076测试服务器','4',8,'0');
insert into V_VEHICLEINFO (ORG_CODE,VEHICLE_ID,ID_NUMBER,TYPE_ID,TERMINAL_ID,DELETE_FLAG,COLOR_ID_NUMBER_ID,AUTHORIZED_PAY_MASS) values ('B0000803','2401926', '测B05925', 4, 241926, 0, '2',15);

insert into T_SIMINFO (SIM_ID, ORG_CODE, DEPTCODE, STATE,PAY_MODLE, SIM_NUM) values(25927, 'B0000803', '中国移动', 1, '预付费', 13100005926);
insert into T_TERMINALINFO (TERMINAL_ID,TTYPE_ID,SIM_ID,TERMINAL_CODE,ORG_CODE,IS_VIDEO_TERMINAL,SP_SERVER_NAME,PROTOCOL_TYPE,CHANNELS,YT_PROTOCOL_TYPE) values(241927, 4, 25927, '1005926', 'B0000803',1,'1076测试服务器','4',8,'0');
insert into V_VEHICLEINFO (ORG_CODE,VEHICLE_ID,ID_NUMBER,TYPE_ID,TERMINAL_ID,DELETE_FLAG,COLOR_ID_NUMBER_ID,AUTHORIZED_PAY_MASS) values ('B0000803','2401927', '测B05926', 4, 241927, 0, '2',15);

insert into T_SIMINFO (SIM_ID, ORG_CODE, DEPTCODE, STATE,PAY_MODLE, SIM_NUM) values(25928, 'B0000803', '中国移动', 1, '预付费', 13100005927);
insert into T_TERMINALINFO (TERMINAL_ID,TTYPE_ID,SIM_ID,TERMINAL_CODE,ORG_CODE,IS_VIDEO_TERMINAL,SP_SERVER_NAME,PROTOCOL_TYPE,CHANNELS,YT_PROTOCOL_TYPE) values(241928, 4, 25928, '1005927', 'B0000803',1,'1076测试服务器','4',8,'0');
insert into V_VEHICLEINFO (ORG_CODE,VEHICLE_ID,ID_NUMBER,TYPE_ID,TERMINAL_ID,DELETE_FLAG,COLOR_ID_NUMBER_ID,AUTHORIZED_PAY_MASS) values ('B0000803','2401928', '测B05927', 4, 241928, 0, '2',15);

insert into T_SIMINFO (SIM_ID, ORG_CODE, DEPTCODE, STATE,PAY_MODLE, SIM_NUM) values(25929, 'B0000803', '中国移动', 1, '预付费', 13100005928);
insert into T_TERMINALINFO (TERMINAL_ID,TTYPE_ID,SIM_ID,TERMINAL_CODE,ORG_CODE,IS_VIDEO_TERMINAL,SP_SERVER_NAME,PROTOCOL_TYPE,CHANNELS,YT_PROTOCOL_TYPE) values(241929, 4, 25929, '1005928', 'B0000803',1,'1076测试服务器','4',8,'0');
insert into V_VEHICLEINFO (ORG_CODE,VEHICLE_ID,ID_NUMBER,TYPE_ID,TERMINAL_ID,DELETE_FLAG,COLOR_ID_NUMBER_ID,AUTHORIZED_PAY_MASS) values ('B0000803','2401929', '测B05928', 4, 241929, 0, '2',15);

insert into T_SIMINFO (SIM_ID, ORG_CODE, DEPTCODE, STATE,PAY_MODLE, SIM_NUM) values(25930, 'B0000803', '中国移动', 1, '预付费', 13100005929);
insert into T_TERMINALINFO (TERMINAL_ID,TTYPE_ID,SIM_ID,TERMINAL_CODE,ORG_CODE,IS_VIDEO_TERMINAL,SP_SERVER_NAME,PROTOCOL_TYPE,CHANNELS,YT_PROTOCOL_TYPE) values(241930, 4, 25930, '1005929', 'B0000803',1,'1076测试服务器','4',8,'0');
insert into V_VEHICLEINFO (ORG_CODE,VEHICLE_ID,ID_NUMBER,TYPE_ID,TERMINAL_ID,DELETE_FLAG,COLOR_ID_NUMBER_ID,AUTHORIZED_PAY_MASS) values ('B0000803','2401930', '测B05929', 4, 241930, 0, '2',15);

insert into T_SIMINFO (SIM_ID, ORG_CODE, DEPTCODE, STATE,PAY_MODLE, SIM_NUM) values(25931, 'B0000803', '中国移动', 1, '预付费', 13100005930);
insert into T_TERMINALINFO (TERMINAL_ID,TTYPE_ID,SIM_ID,TERMINAL_CODE,ORG_CODE,IS_VIDEO_TERMINAL,SP_SERVER_NAME,PROTOCOL_TYPE,CHANNELS,YT_PROTOCOL_TYPE) values(241931, 4, 25931, '1005930', 'B0000803',1,'1076测试服务器','4',8,'0');
insert into V_VEHICLEINFO (ORG_CODE,VEHICLE_ID,ID_NUMBER,TYPE_ID,TERMINAL_ID,DELETE_FLAG,COLOR_ID_NUMBER_ID,AUTHORIZED_PAY_MASS) values ('B0000803','2401931', '测B05930', 4, 241931, 0, '2',15);

insert into T_SIMINFO (SIM_ID, ORG_CODE, DEPTCODE, STATE,PAY_MODLE, SIM_NUM) values(25932, 'B0000803', '中国移动', 1, '预付费', 13100005931);
insert into T_TERMINALINFO (TERMINAL_ID,TTYPE_ID,SIM_ID,TERMINAL_CODE,ORG_CODE,IS_VIDEO_TERMINAL,SP_SERVER_NAME,PROTOCOL_TYPE,CHANNELS,YT_PROTOCOL_TYPE) values(241932, 4, 25932, '1005931', 'B0000803',1,'1076测试服务器','4',8,'0');
insert into V_VEHICLEINFO (ORG_CODE,VEHICLE_ID,ID_NUMBER,TYPE_ID,TERMINAL_ID,DELETE_FLAG,COLOR_ID_NUMBER_ID,AUTHORIZED_PAY_MASS) values ('B0000803','2401932', '测B05931', 4, 241932, 0, '2',15);

insert into T_SIMINFO (SIM_ID, ORG_CODE, DEPTCODE, STATE,PAY_MODLE, SIM_NUM) values(25933, 'B0000803', '中国移动', 1, '预付费', 13100005932);
insert into T_TERMINALINFO (TERMINAL_ID,TTYPE_ID,SIM_ID,TERMINAL_CODE,ORG_CODE,IS_VIDEO_TERMINAL,SP_SERVER_NAME,PROTOCOL_TYPE,CHANNELS,YT_PROTOCOL_TYPE) values(241933, 4, 25933, '1005932', 'B0000803',1,'1076测试服务器','4',8,'0');
insert into V_VEHICLEINFO (ORG_CODE,VEHICLE_ID,ID_NUMBER,TYPE_ID,TERMINAL_ID,DELETE_FLAG,COLOR_ID_NUMBER_ID,AUTHORIZED_PAY_MASS) values ('B0000803','2401933', '测B05932', 4, 241933, 0, '2',15);

insert into T_SIMINFO (SIM_ID, ORG_CODE, DEPTCODE, STATE,PAY_MODLE, SIM_NUM) values(25934, 'B0000803', '中国移动', 1, '预付费', 13100005933);
insert into T_TERMINALINFO (TERMINAL_ID,TTYPE_ID,SIM_ID,TERMINAL_CODE,ORG_CODE,IS_VIDEO_TERMINAL,SP_SERVER_NAME,PROTOCOL_TYPE,CHANNELS,YT_PROTOCOL_TYPE) values(241934, 4, 25934, '1005933', 'B0000803',1,'1076测试服务器','4',8,'0');
insert into V_VEHICLEINFO (ORG_CODE,VEHICLE_ID,ID_NUMBER,TYPE_ID,TERMINAL_ID,DELETE_FLAG,COLOR_ID_NUMBER_ID,AUTHORIZED_PAY_MASS) values ('B0000803','2401934', '测B05933', 4, 241934, 0, '2',15);

insert into T_SIMINFO (SIM_ID, ORG_CODE, DEPTCODE, STATE,PAY_MODLE, SIM_NUM) values(25935, 'B0000803', '中国移动', 1, '预付费', 13100005934);
insert into T_TERMINALINFO (TERMINAL_ID,TTYPE_ID,SIM_ID,TERMINAL_CODE,ORG_CODE,IS_VIDEO_TERMINAL,SP_SERVER_NAME,PROTOCOL_TYPE,CHANNELS,YT_PROTOCOL_TYPE) values(241935, 4, 25935, '1005934', 'B0000803',1,'1076测试服务器','4',8,'0');
insert into V_VEHICLEINFO (ORG_CODE,VEHICLE_ID,ID_NUMBER,TYPE_ID,TERMINAL_ID,DELETE_FLAG,COLOR_ID_NUMBER_ID,AUTHORIZED_PAY_MASS) values ('B0000803','2401935', '测B05934', 4, 241935, 0, '2',15);

insert into T_SIMINFO (SIM_ID, ORG_CODE, DEPTCODE, STATE,PAY_MODLE, SIM_NUM) values(25936, 'B0000803', '中国移动', 1, '预付费', 13100005935);
insert into T_TERMINALINFO (TERMINAL_ID,TTYPE_ID,SIM_ID,TERMINAL_CODE,ORG_CODE,IS_VIDEO_TERMINAL,SP_SERVER_NAME,PROTOCOL_TYPE,CHANNELS,YT_PROTOCOL_TYPE) values(241936, 4, 25936, '1005935', 'B0000803',1,'1076测试服务器','4',8,'0');
insert into V_VEHICLEINFO (ORG_CODE,VEHICLE_ID,ID_NUMBER,TYPE_ID,TERMINAL_ID,DELETE_FLAG,COLOR_ID_NUMBER_ID,AUTHORIZED_PAY_MASS) values ('B0000803','2401936', '测B05935', 4, 241936, 0, '2',15);

insert into T_SIMINFO (SIM_ID, ORG_CODE, DEPTCODE, STATE,PAY_MODLE, SIM_NUM) values(25937, 'B0000803', '中国移动', 1, '预付费', 13100005936);
insert into T_TERMINALINFO (TERMINAL_ID,TTYPE_ID,SIM_ID,TERMINAL_CODE,ORG_CODE,IS_VIDEO_TERMINAL,SP_SERVER_NAME,PROTOCOL_TYPE,CHANNELS,YT_PROTOCOL_TYPE) values(241937, 4, 25937, '1005936', 'B0000803',1,'1076测试服务器','4',8,'0');
insert into V_VEHICLEINFO (ORG_CODE,VEHICLE_ID,ID_NUMBER,TYPE_ID,TERMINAL_ID,DELETE_FLAG,COLOR_ID_NUMBER_ID,AUTHORIZED_PAY_MASS) values ('B0000803','2401937', '测B05936', 4, 241937, 0, '2',15);

insert into T_SIMINFO (SIM_ID, ORG_CODE, DEPTCODE, STATE,PAY_MODLE, SIM_NUM) values(25938, 'B0000803', '中国移动', 1, '预付费', 13100005937);
insert into T_TERMINALINFO (TERMINAL_ID,TTYPE_ID,SIM_ID,TERMINAL_CODE,ORG_CODE,IS_VIDEO_TERMINAL,SP_SERVER_NAME,PROTOCOL_TYPE,CHANNELS,YT_PROTOCOL_TYPE) values(241938, 4, 25938, '1005937', 'B0000803',1,'1076测试服务器','4',8,'0');
insert into V_VEHICLEINFO (ORG_CODE,VEHICLE_ID,ID_NUMBER,TYPE_ID,TERMINAL_ID,DELETE_FLAG,COLOR_ID_NUMBER_ID,AUTHORIZED_PAY_MASS) values ('B0000803','2401938', '测B05937', 4, 241938, 0, '2',15);

insert into T_SIMINFO (SIM_ID, ORG_CODE, DEPTCODE, STATE,PAY_MODLE, SIM_NUM) values(25939, 'B0000803', '中国移动', 1, '预付费', 13100005938);
insert into T_TERMINALINFO (TERMINAL_ID,TTYPE_ID,SIM_ID,TERMINAL_CODE,ORG_CODE,IS_VIDEO_TERMINAL,SP_SERVER_NAME,PROTOCOL_TYPE,CHANNELS,YT_PROTOCOL_TYPE) values(241939, 4, 25939, '1005938', 'B0000803',1,'1076测试服务器','4',8,'0');
insert into V_VEHICLEINFO (ORG_CODE,VEHICLE_ID,ID_NUMBER,TYPE_ID,TERMINAL_ID,DELETE_FLAG,COLOR_ID_NUMBER_ID,AUTHORIZED_PAY_MASS) values ('B0000803','2401939', '测B05938', 4, 241939, 0, '2',15);

insert into T_SIMINFO (SIM_ID, ORG_CODE, DEPTCODE, STATE,PAY_MODLE, SIM_NUM) values(25940, 'B0000803', '中国移动', 1, '预付费', 13100005939);
insert into T_TERMINALINFO (TERMINAL_ID,TTYPE_ID,SIM_ID,TERMINAL_CODE,ORG_CODE,IS_VIDEO_TERMINAL,SP_SERVER_NAME,PROTOCOL_TYPE,CHANNELS,YT_PROTOCOL_TYPE) values(241940, 4, 25940, '1005939', 'B0000803',1,'1076测试服务器','4',8,'0');
insert into V_VEHICLEINFO (ORG_CODE,VEHICLE_ID,ID_NUMBER,TYPE_ID,TERMINAL_ID,DELETE_FLAG,COLOR_ID_NUMBER_ID,AUTHORIZED_PAY_MASS) values ('B0000803','2401940', '测B05939', 4, 241940, 0, '2',15);

insert into T_SIMINFO (SIM_ID, ORG_CODE, DEPTCODE, STATE,PAY_MODLE, SIM_NUM) values(25941, 'B0000803', '中国移动', 1, '预付费', 13100005940);
insert into T_TERMINALINFO (TERMINAL_ID,TTYPE_ID,SIM_ID,TERMINAL_CODE,ORG_CODE,IS_VIDEO_TERMINAL,SP_SERVER_NAME,PROTOCOL_TYPE,CHANNELS,YT_PROTOCOL_TYPE) values(241941, 4, 25941, '1005940', 'B0000803',1,'1076测试服务器','4',8,'0');
insert into V_VEHICLEINFO (ORG_CODE,VEHICLE_ID,ID_NUMBER,TYPE_ID,TERMINAL_ID,DELETE_FLAG,COLOR_ID_NUMBER_ID,AUTHORIZED_PAY_MASS) values ('B0000803','2401941', '测B05940', 4, 241941, 0, '2',15);

insert into T_SIMINFO (SIM_ID, ORG_CODE, DEPTCODE, STATE,PAY_MODLE, SIM_NUM) values(25942, 'B0000803', '中国移动', 1, '预付费', 13100005941);
insert into T_TERMINALINFO (TERMINAL_ID,TTYPE_ID,SIM_ID,TERMINAL_CODE,ORG_CODE,IS_VIDEO_TERMINAL,SP_SERVER_NAME,PROTOCOL_TYPE,CHANNELS,YT_PROTOCOL_TYPE) values(241942, 4, 25942, '1005941', 'B0000803',1,'1076测试服务器','4',8,'0');
insert into V_VEHICLEINFO (ORG_CODE,VEHICLE_ID,ID_NUMBER,TYPE_ID,TERMINAL_ID,DELETE_FLAG,COLOR_ID_NUMBER_ID,AUTHORIZED_PAY_MASS) values ('B0000803','2401942', '测B05941', 4, 241942, 0, '2',15);

insert into T_SIMINFO (SIM_ID, ORG_CODE, DEPTCODE, STATE,PAY_MODLE, SIM_NUM) values(25943, 'B0000803', '中国移动', 1, '预付费', 13100005942);
insert into T_TERMINALINFO (TERMINAL_ID,TTYPE_ID,SIM_ID,TERMINAL_CODE,ORG_CODE,IS_VIDEO_TERMINAL,SP_SERVER_NAME,PROTOCOL_TYPE,CHANNELS,YT_PROTOCOL_TYPE) values(241943, 4, 25943, '1005942', 'B0000803',1,'1076测试服务器','4',8,'0');
insert into V_VEHICLEINFO (ORG_CODE,VEHICLE_ID,ID_NUMBER,TYPE_ID,TERMINAL_ID,DELETE_FLAG,COLOR_ID_NUMBER_ID,AUTHORIZED_PAY_MASS) values ('B0000803','2401943', '测B05942', 4, 241943, 0, '2',15);

insert into T_SIMINFO (SIM_ID, ORG_CODE, DEPTCODE, STATE,PAY_MODLE, SIM_NUM) values(25944, 'B0000803', '中国移动', 1, '预付费', 13100005943);
insert into T_TERMINALINFO (TERMINAL_ID,TTYPE_ID,SIM_ID,TERMINAL_CODE,ORG_CODE,IS_VIDEO_TERMINAL,SP_SERVER_NAME,PROTOCOL_TYPE,CHANNELS,YT_PROTOCOL_TYPE) values(241944, 4, 25944, '1005943', 'B0000803',1,'1076测试服务器','4',8,'0');
insert into V_VEHICLEINFO (ORG_CODE,VEHICLE_ID,ID_NUMBER,TYPE_ID,TERMINAL_ID,DELETE_FLAG,COLOR_ID_NUMBER_ID,AUTHORIZED_PAY_MASS) values ('B0000803','2401944', '测B05943', 4, 241944, 0, '2',15);

insert into T_SIMINFO (SIM_ID, ORG_CODE, DEPTCODE, STATE,PAY_MODLE, SIM_NUM) values(25945, 'B0000803', '中国移动', 1, '预付费', 13100005944);
insert into T_TERMINALINFO (TERMINAL_ID,TTYPE_ID,SIM_ID,TERMINAL_CODE,ORG_CODE,IS_VIDEO_TERMINAL,SP_SERVER_NAME,PROTOCOL_TYPE,CHANNELS,YT_PROTOCOL_TYPE) values(241945, 4, 25945, '1005944', 'B0000803',1,'1076测试服务器','4',8,'0');
insert into V_VEHICLEINFO (ORG_CODE,VEHICLE_ID,ID_NUMBER,TYPE_ID,TERMINAL_ID,DELETE_FLAG,COLOR_ID_NUMBER_ID,AUTHORIZED_PAY_MASS) values ('B0000803','2401945', '测B05944', 4, 241945, 0, '2',15);

insert into T_SIMINFO (SIM_ID, ORG_CODE, DEPTCODE, STATE,PAY_MODLE, SIM_NUM) values(25946, 'B0000803', '中国移动', 1, '预付费', 13100005945);
insert into T_TERMINALINFO (TERMINAL_ID,TTYPE_ID,SIM_ID,TERMINAL_CODE,ORG_CODE,IS_VIDEO_TERMINAL,SP_SERVER_NAME,PROTOCOL_TYPE,CHANNELS,YT_PROTOCOL_TYPE) values(241946, 4, 25946, '1005945', 'B0000803',1,'1076测试服务器','4',8,'0');
insert into V_VEHICLEINFO (ORG_CODE,VEHICLE_ID,ID_NUMBER,TYPE_ID,TERMINAL_ID,DELETE_FLAG,COLOR_ID_NUMBER_ID,AUTHORIZED_PAY_MASS) values ('B0000803','2401946', '测B05945', 4, 241946, 0, '2',15);

insert into T_SIMINFO (SIM_ID, ORG_CODE, DEPTCODE, STATE,PAY_MODLE, SIM_NUM) values(25947, 'B0000803', '中国移动', 1, '预付费', 13100005946);
insert into T_TERMINALINFO (TERMINAL_ID,TTYPE_ID,SIM_ID,TERMINAL_CODE,ORG_CODE,IS_VIDEO_TERMINAL,SP_SERVER_NAME,PROTOCOL_TYPE,CHANNELS,YT_PROTOCOL_TYPE) values(241947, 4, 25947, '1005946', 'B0000803',1,'1076测试服务器','4',8,'0');
insert into V_VEHICLEINFO (ORG_CODE,VEHICLE_ID,ID_NUMBER,TYPE_ID,TERMINAL_ID,DELETE_FLAG,COLOR_ID_NUMBER_ID,AUTHORIZED_PAY_MASS) values ('B0000803','2401947', '测B05946', 4, 241947, 0, '2',15);

insert into T_SIMINFO (SIM_ID, ORG_CODE, DEPTCODE, STATE,PAY_MODLE, SIM_NUM) values(25948, 'B0000803', '中国移动', 1, '预付费', 13100005947);
insert into T_TERMINALINFO (TERMINAL_ID,TTYPE_ID,SIM_ID,TERMINAL_CODE,ORG_CODE,IS_VIDEO_TERMINAL,SP_SERVER_NAME,PROTOCOL_TYPE,CHANNELS,YT_PROTOCOL_TYPE) values(241948, 4, 25948, '1005947', 'B0000803',1,'1076测试服务器','4',8,'0');
insert into V_VEHICLEINFO (ORG_CODE,VEHICLE_ID,ID_NUMBER,TYPE_ID,TERMINAL_ID,DELETE_FLAG,COLOR_ID_NUMBER_ID,AUTHORIZED_PAY_MASS) values ('B0000803','2401948', '测B05947', 4, 241948, 0, '2',15);

insert into T_SIMINFO (SIM_ID, ORG_CODE, DEPTCODE, STATE,PAY_MODLE, SIM_NUM) values(25949, 'B0000803', '中国移动', 1, '预付费', 13100005948);
insert into T_TERMINALINFO (TERMINAL_ID,TTYPE_ID,SIM_ID,TERMINAL_CODE,ORG_CODE,IS_VIDEO_TERMINAL,SP_SERVER_NAME,PROTOCOL_TYPE,CHANNELS,YT_PROTOCOL_TYPE) values(241949, 4, 25949, '1005948', 'B0000803',1,'1076测试服务器','4',8,'0');
insert into V_VEHICLEINFO (ORG_CODE,VEHICLE_ID,ID_NUMBER,TYPE_ID,TERMINAL_ID,DELETE_FLAG,COLOR_ID_NUMBER_ID,AUTHORIZED_PAY_MASS) values ('B0000803','2401949', '测B05948', 4, 241949, 0, '2',15);

insert into T_SIMINFO (SIM_ID, ORG_CODE, DEPTCODE, STATE,PAY_MODLE, SIM_NUM) values(25950, 'B0000803', '中国移动', 1, '预付费', 13100005949);
insert into T_TERMINALINFO (TERMINAL_ID,TTYPE_ID,SIM_ID,TERMINAL_CODE,ORG_CODE,IS_VIDEO_TERMINAL,SP_SERVER_NAME,PROTOCOL_TYPE,CHANNELS,YT_PROTOCOL_TYPE) values(241950, 4, 25950, '1005949', 'B0000803',1,'1076测试服务器','4',8,'0');
insert into V_VEHICLEINFO (ORG_CODE,VEHICLE_ID,ID_NUMBER,TYPE_ID,TERMINAL_ID,DELETE_FLAG,COLOR_ID_NUMBER_ID,AUTHORIZED_PAY_MASS) values ('B0000803','2401950', '测B05949', 4, 241950, 0, '2',15);

insert into T_SIMINFO (SIM_ID, ORG_CODE, DEPTCODE, STATE,PAY_MODLE, SIM_NUM) values(25951, 'B0000803', '中国移动', 1, '预付费', 13100005950);
insert into T_TERMINALINFO (TERMINAL_ID,TTYPE_ID,SIM_ID,TERMINAL_CODE,ORG_CODE,IS_VIDEO_TERMINAL,SP_SERVER_NAME,PROTOCOL_TYPE,CHANNELS,YT_PROTOCOL_TYPE) values(241951, 4, 25951, '1005950', 'B0000803',1,'1076测试服务器','4',8,'0');
insert into V_VEHICLEINFO (ORG_CODE,VEHICLE_ID,ID_NUMBER,TYPE_ID,TERMINAL_ID,DELETE_FLAG,COLOR_ID_NUMBER_ID,AUTHORIZED_PAY_MASS) values ('B0000803','2401951', '测B05950', 4, 241951, 0, '2',15);

insert into T_SIMINFO (SIM_ID, ORG_CODE, DEPTCODE, STATE,PAY_MODLE, SIM_NUM) values(25952, 'B0000803', '中国移动', 1, '预付费', 13100005951);
insert into T_TERMINALINFO (TERMINAL_ID,TTYPE_ID,SIM_ID,TERMINAL_CODE,ORG_CODE,IS_VIDEO_TERMINAL,SP_SERVER_NAME,PROTOCOL_TYPE,CHANNELS,YT_PROTOCOL_TYPE) values(241952, 4, 25952, '1005951', 'B0000803',1,'1076测试服务器','4',8,'0');
insert into V_VEHICLEINFO (ORG_CODE,VEHICLE_ID,ID_NUMBER,TYPE_ID,TERMINAL_ID,DELETE_FLAG,COLOR_ID_NUMBER_ID,AUTHORIZED_PAY_MASS) values ('B0000803','2401952', '测B05951', 4, 241952, 0, '2',15);

insert into T_SIMINFO (SIM_ID, ORG_CODE, DEPTCODE, STATE,PAY_MODLE, SIM_NUM) values(25953, 'B0000803', '中国移动', 1, '预付费', 13100005952);
insert into T_TERMINALINFO (TERMINAL_ID,TTYPE_ID,SIM_ID,TERMINAL_CODE,ORG_CODE,IS_VIDEO_TERMINAL,SP_SERVER_NAME,PROTOCOL_TYPE,CHANNELS,YT_PROTOCOL_TYPE) values(241953, 4, 25953, '1005952', 'B0000803',1,'1076测试服务器','4',8,'0');
insert into V_VEHICLEINFO (ORG_CODE,VEHICLE_ID,ID_NUMBER,TYPE_ID,TERMINAL_ID,DELETE_FLAG,COLOR_ID_NUMBER_ID,AUTHORIZED_PAY_MASS) values ('B0000803','2401953', '测B05952', 4, 241953, 0, '2',15);

insert into T_SIMINFO (SIM_ID, ORG_CODE, DEPTCODE, STATE,PAY_MODLE, SIM_NUM) values(25954, 'B0000803', '中国移动', 1, '预付费', 13100005953);
insert into T_TERMINALINFO (TERMINAL_ID,TTYPE_ID,SIM_ID,TERMINAL_CODE,ORG_CODE,IS_VIDEO_TERMINAL,SP_SERVER_NAME,PROTOCOL_TYPE,CHANNELS,YT_PROTOCOL_TYPE) values(241954, 4, 25954, '1005953', 'B0000803',1,'1076测试服务器','4',8,'0');
insert into V_VEHICLEINFO (ORG_CODE,VEHICLE_ID,ID_NUMBER,TYPE_ID,TERMINAL_ID,DELETE_FLAG,COLOR_ID_NUMBER_ID,AUTHORIZED_PAY_MASS) values ('B0000803','2401954', '测B05953', 4, 241954, 0, '2',15);

insert into T_SIMINFO (SIM_ID, ORG_CODE, DEPTCODE, STATE,PAY_MODLE, SIM_NUM) values(25955, 'B0000803', '中国移动', 1, '预付费', 13100005954);
insert into T_TERMINALINFO (TERMINAL_ID,TTYPE_ID,SIM_ID,TERMINAL_CODE,ORG_CODE,IS_VIDEO_TERMINAL,SP_SERVER_NAME,PROTOCOL_TYPE,CHANNELS,YT_PROTOCOL_TYPE) values(241955, 4, 25955, '1005954', 'B0000803',1,'1076测试服务器','4',8,'0');
insert into V_VEHICLEINFO (ORG_CODE,VEHICLE_ID,ID_NUMBER,TYPE_ID,TERMINAL_ID,DELETE_FLAG,COLOR_ID_NUMBER_ID,AUTHORIZED_PAY_MASS) values ('B0000803','2401955', '测B05954', 4, 241955, 0, '2',15);

insert into T_SIMINFO (SIM_ID, ORG_CODE, DEPTCODE, STATE,PAY_MODLE, SIM_NUM) values(25956, 'B0000803', '中国移动', 1, '预付费', 13100005955);
insert into T_TERMINALINFO (TERMINAL_ID,TTYPE_ID,SIM_ID,TERMINAL_CODE,ORG_CODE,IS_VIDEO_TERMINAL,SP_SERVER_NAME,PROTOCOL_TYPE,CHANNELS,YT_PROTOCOL_TYPE) values(241956, 4, 25956, '1005955', 'B0000803',1,'1076测试服务器','4',8,'0');
insert into V_VEHICLEINFO (ORG_CODE,VEHICLE_ID,ID_NUMBER,TYPE_ID,TERMINAL_ID,DELETE_FLAG,COLOR_ID_NUMBER_ID,AUTHORIZED_PAY_MASS) values ('B0000803','2401956', '测B05955', 4, 241956, 0, '2',15);

insert into T_SIMINFO (SIM_ID, ORG_CODE, DEPTCODE, STATE,PAY_MODLE, SIM_NUM) values(25957, 'B0000803', '中国移动', 1, '预付费', 13100005956);
insert into T_TERMINALINFO (TERMINAL_ID,TTYPE_ID,SIM_ID,TERMINAL_CODE,ORG_CODE,IS_VIDEO_TERMINAL,SP_SERVER_NAME,PROTOCOL_TYPE,CHANNELS,YT_PROTOCOL_TYPE) values(241957, 4, 25957, '1005956', 'B0000803',1,'1076测试服务器','4',8,'0');
insert into V_VEHICLEINFO (ORG_CODE,VEHICLE_ID,ID_NUMBER,TYPE_ID,TERMINAL_ID,DELETE_FLAG,COLOR_ID_NUMBER_ID,AUTHORIZED_PAY_MASS) values ('B0000803','2401957', '测B05956', 4, 241957, 0, '2',15);

insert into T_SIMINFO (SIM_ID, ORG_CODE, DEPTCODE, STATE,PAY_MODLE, SIM_NUM) values(25958, 'B0000803', '中国移动', 1, '预付费', 13100005957);
insert into T_TERMINALINFO (TERMINAL_ID,TTYPE_ID,SIM_ID,TERMINAL_CODE,ORG_CODE,IS_VIDEO_TERMINAL,SP_SERVER_NAME,PROTOCOL_TYPE,CHANNELS,YT_PROTOCOL_TYPE) values(241958, 4, 25958, '1005957', 'B0000803',1,'1076测试服务器','4',8,'0');
insert into V_VEHICLEINFO (ORG_CODE,VEHICLE_ID,ID_NUMBER,TYPE_ID,TERMINAL_ID,DELETE_FLAG,COLOR_ID_NUMBER_ID,AUTHORIZED_PAY_MASS) values ('B0000803','2401958', '测B05957', 4, 241958, 0, '2',15);

insert into T_SIMINFO (SIM_ID, ORG_CODE, DEPTCODE, STATE,PAY_MODLE, SIM_NUM) values(25959, 'B0000803', '中国移动', 1, '预付费', 13100005958);
insert into T_TERMINALINFO (TERMINAL_ID,TTYPE_ID,SIM_ID,TERMINAL_CODE,ORG_CODE,IS_VIDEO_TERMINAL,SP_SERVER_NAME,PROTOCOL_TYPE,CHANNELS,YT_PROTOCOL_TYPE) values(241959, 4, 25959, '1005958', 'B0000803',1,'1076测试服务器','4',8,'0');
insert into V_VEHICLEINFO (ORG_CODE,VEHICLE_ID,ID_NUMBER,TYPE_ID,TERMINAL_ID,DELETE_FLAG,COLOR_ID_NUMBER_ID,AUTHORIZED_PAY_MASS) values ('B0000803','2401959', '测B05958', 4, 241959, 0, '2',15);

insert into T_SIMINFO (SIM_ID, ORG_CODE, DEPTCODE, STATE,PAY_MODLE, SIM_NUM) values(25960, 'B0000803', '中国移动', 1, '预付费', 13100005959);
insert into T_TERMINALINFO (TERMINAL_ID,TTYPE_ID,SIM_ID,TERMINAL_CODE,ORG_CODE,IS_VIDEO_TERMINAL,SP_SERVER_NAME,PROTOCOL_TYPE,CHANNELS,YT_PROTOCOL_TYPE) values(241960, 4, 25960, '1005959', 'B0000803',1,'1076测试服务器','4',8,'0');
insert into V_VEHICLEINFO (ORG_CODE,VEHICLE_ID,ID_NUMBER,TYPE_ID,TERMINAL_ID,DELETE_FLAG,COLOR_ID_NUMBER_ID,AUTHORIZED_PAY_MASS) values ('B0000803','2401960', '测B05959', 4, 241960, 0, '2',15);

insert into T_SIMINFO (SIM_ID, ORG_CODE, DEPTCODE, STATE,PAY_MODLE, SIM_NUM) values(25961, 'B0000803', '中国移动', 1, '预付费', 13100005960);
insert into T_TERMINALINFO (TERMINAL_ID,TTYPE_ID,SIM_ID,TERMINAL_CODE,ORG_CODE,IS_VIDEO_TERMINAL,SP_SERVER_NAME,PROTOCOL_TYPE,CHANNELS,YT_PROTOCOL_TYPE) values(241961, 4, 25961, '1005960', 'B0000803',1,'1076测试服务器','4',8,'0');
insert into V_VEHICLEINFO (ORG_CODE,VEHICLE_ID,ID_NUMBER,TYPE_ID,TERMINAL_ID,DELETE_FLAG,COLOR_ID_NUMBER_ID,AUTHORIZED_PAY_MASS) values ('B0000803','2401961', '测B05960', 4, 241961, 0, '2',15);

insert into T_SIMINFO (SIM_ID, ORG_CODE, DEPTCODE, STATE,PAY_MODLE, SIM_NUM) values(25962, 'B0000803', '中国移动', 1, '预付费', 13100005961);
insert into T_TERMINALINFO (TERMINAL_ID,TTYPE_ID,SIM_ID,TERMINAL_CODE,ORG_CODE,IS_VIDEO_TERMINAL,SP_SERVER_NAME,PROTOCOL_TYPE,CHANNELS,YT_PROTOCOL_TYPE) values(241962, 4, 25962, '1005961', 'B0000803',1,'1076测试服务器','4',8,'0');
insert into V_VEHICLEINFO (ORG_CODE,VEHICLE_ID,ID_NUMBER,TYPE_ID,TERMINAL_ID,DELETE_FLAG,COLOR_ID_NUMBER_ID,AUTHORIZED_PAY_MASS) values ('B0000803','2401962', '测B05961', 4, 241962, 0, '2',15);

insert into T_SIMINFO (SIM_ID, ORG_CODE, DEPTCODE, STATE,PAY_MODLE, SIM_NUM) values(25963, 'B0000803', '中国移动', 1, '预付费', 13100005962);
insert into T_TERMINALINFO (TERMINAL_ID,TTYPE_ID,SIM_ID,TERMINAL_CODE,ORG_CODE,IS_VIDEO_TERMINAL,SP_SERVER_NAME,PROTOCOL_TYPE,CHANNELS,YT_PROTOCOL_TYPE) values(241963, 4, 25963, '1005962', 'B0000803',1,'1076测试服务器','4',8,'0');
insert into V_VEHICLEINFO (ORG_CODE,VEHICLE_ID,ID_NUMBER,TYPE_ID,TERMINAL_ID,DELETE_FLAG,COLOR_ID_NUMBER_ID,AUTHORIZED_PAY_MASS) values ('B0000803','2401963', '测B05962', 4, 241963, 0, '2',15);

insert into T_SIMINFO (SIM_ID, ORG_CODE, DEPTCODE, STATE,PAY_MODLE, SIM_NUM) values(25964, 'B0000803', '中国移动', 1, '预付费', 13100005963);
insert into T_TERMINALINFO (TERMINAL_ID,TTYPE_ID,SIM_ID,TERMINAL_CODE,ORG_CODE,IS_VIDEO_TERMINAL,SP_SERVER_NAME,PROTOCOL_TYPE,CHANNELS,YT_PROTOCOL_TYPE) values(241964, 4, 25964, '1005963', 'B0000803',1,'1076测试服务器','4',8,'0');
insert into V_VEHICLEINFO (ORG_CODE,VEHICLE_ID,ID_NUMBER,TYPE_ID,TERMINAL_ID,DELETE_FLAG,COLOR_ID_NUMBER_ID,AUTHORIZED_PAY_MASS) values ('B0000803','2401964', '测B05963', 4, 241964, 0, '2',15);

insert into T_SIMINFO (SIM_ID, ORG_CODE, DEPTCODE, STATE,PAY_MODLE, SIM_NUM) values(25965, 'B0000803', '中国移动', 1, '预付费', 13100005964);
insert into T_TERMINALINFO (TERMINAL_ID,TTYPE_ID,SIM_ID,TERMINAL_CODE,ORG_CODE,IS_VIDEO_TERMINAL,SP_SERVER_NAME,PROTOCOL_TYPE,CHANNELS,YT_PROTOCOL_TYPE) values(241965, 4, 25965, '1005964', 'B0000803',1,'1076测试服务器','4',8,'0');
insert into V_VEHICLEINFO (ORG_CODE,VEHICLE_ID,ID_NUMBER,TYPE_ID,TERMINAL_ID,DELETE_FLAG,COLOR_ID_NUMBER_ID,AUTHORIZED_PAY_MASS) values ('B0000803','2401965', '测B05964', 4, 241965, 0, '2',15);

insert into T_SIMINFO (SIM_ID, ORG_CODE, DEPTCODE, STATE,PAY_MODLE, SIM_NUM) values(25966, 'B0000803', '中国移动', 1, '预付费', 13100005965);
insert into T_TERMINALINFO (TERMINAL_ID,TTYPE_ID,SIM_ID,TERMINAL_CODE,ORG_CODE,IS_VIDEO_TERMINAL,SP_SERVER_NAME,PROTOCOL_TYPE,CHANNELS,YT_PROTOCOL_TYPE) values(241966, 4, 25966, '1005965', 'B0000803',1,'1076测试服务器','4',8,'0');
insert into V_VEHICLEINFO (ORG_CODE,VEHICLE_ID,ID_NUMBER,TYPE_ID,TERMINAL_ID,DELETE_FLAG,COLOR_ID_NUMBER_ID,AUTHORIZED_PAY_MASS) values ('B0000803','2401966', '测B05965', 4, 241966, 0, '2',15);

insert into T_SIMINFO (SIM_ID, ORG_CODE, DEPTCODE, STATE,PAY_MODLE, SIM_NUM) values(25967, 'B0000803', '中国移动', 1, '预付费', 13100005966);
insert into T_TERMINALINFO (TERMINAL_ID,TTYPE_ID,SIM_ID,TERMINAL_CODE,ORG_CODE,IS_VIDEO_TERMINAL,SP_SERVER_NAME,PROTOCOL_TYPE,CHANNELS,YT_PROTOCOL_TYPE) values(241967, 4, 25967, '1005966', 'B0000803',1,'1076测试服务器','4',8,'0');
insert into V_VEHICLEINFO (ORG_CODE,VEHICLE_ID,ID_NUMBER,TYPE_ID,TERMINAL_ID,DELETE_FLAG,COLOR_ID_NUMBER_ID,AUTHORIZED_PAY_MASS) values ('B0000803','2401967', '测B05966', 4, 241967, 0, '2',15);

insert into T_SIMINFO (SIM_ID, ORG_CODE, DEPTCODE, STATE,PAY_MODLE, SIM_NUM) values(25968, 'B0000803', '中国移动', 1, '预付费', 13100005967);
insert into T_TERMINALINFO (TERMINAL_ID,TTYPE_ID,SIM_ID,TERMINAL_CODE,ORG_CODE,IS_VIDEO_TERMINAL,SP_SERVER_NAME,PROTOCOL_TYPE,CHANNELS,YT_PROTOCOL_TYPE) values(241968, 4, 25968, '1005967', 'B0000803',1,'1076测试服务器','4',8,'0');
insert into V_VEHICLEINFO (ORG_CODE,VEHICLE_ID,ID_NUMBER,TYPE_ID,TERMINAL_ID,DELETE_FLAG,COLOR_ID_NUMBER_ID,AUTHORIZED_PAY_MASS) values ('B0000803','2401968', '测B05967', 4, 241968, 0, '2',15);

insert into T_SIMINFO (SIM_ID, ORG_CODE, DEPTCODE, STATE,PAY_MODLE, SIM_NUM) values(25969, 'B0000803', '中国移动', 1, '预付费', 13100005968);
insert into T_TERMINALINFO (TERMINAL_ID,TTYPE_ID,SIM_ID,TERMINAL_CODE,ORG_CODE,IS_VIDEO_TERMINAL,SP_SERVER_NAME,PROTOCOL_TYPE,CHANNELS,YT_PROTOCOL_TYPE) values(241969, 4, 25969, '1005968', 'B0000803',1,'1076测试服务器','4',8,'0');
insert into V_VEHICLEINFO (ORG_CODE,VEHICLE_ID,ID_NUMBER,TYPE_ID,TERMINAL_ID,DELETE_FLAG,COLOR_ID_NUMBER_ID,AUTHORIZED_PAY_MASS) values ('B0000803','2401969', '测B05968', 4, 241969, 0, '2',15);

insert into T_SIMINFO (SIM_ID, ORG_CODE, DEPTCODE, STATE,PAY_MODLE, SIM_NUM) values(25970, 'B0000803', '中国移动', 1, '预付费', 13100005969);
insert into T_TERMINALINFO (TERMINAL_ID,TTYPE_ID,SIM_ID,TERMINAL_CODE,ORG_CODE,IS_VIDEO_TERMINAL,SP_SERVER_NAME,PROTOCOL_TYPE,CHANNELS,YT_PROTOCOL_TYPE) values(241970, 4, 25970, '1005969', 'B0000803',1,'1076测试服务器','4',8,'0');
insert into V_VEHICLEINFO (ORG_CODE,VEHICLE_ID,ID_NUMBER,TYPE_ID,TERMINAL_ID,DELETE_FLAG,COLOR_ID_NUMBER_ID,AUTHORIZED_PAY_MASS) values ('B0000803','2401970', '测B05969', 4, 241970, 0, '2',15);

insert into T_SIMINFO (SIM_ID, ORG_CODE, DEPTCODE, STATE,PAY_MODLE, SIM_NUM) values(25971, 'B0000803', '中国移动', 1, '预付费', 13100005970);
insert into T_TERMINALINFO (TERMINAL_ID,TTYPE_ID,SIM_ID,TERMINAL_CODE,ORG_CODE,IS_VIDEO_TERMINAL,SP_SERVER_NAME,PROTOCOL_TYPE,CHANNELS,YT_PROTOCOL_TYPE) values(241971, 4, 25971, '1005970', 'B0000803',1,'1076测试服务器','4',8,'0');
insert into V_VEHICLEINFO (ORG_CODE,VEHICLE_ID,ID_NUMBER,TYPE_ID,TERMINAL_ID,DELETE_FLAG,COLOR_ID_NUMBER_ID,AUTHORIZED_PAY_MASS) values ('B0000803','2401971', '测B05970', 4, 241971, 0, '2',15);

insert into T_SIMINFO (SIM_ID, ORG_CODE, DEPTCODE, STATE,PAY_MODLE, SIM_NUM) values(25972, 'B0000803', '中国移动', 1, '预付费', 13100005971);
insert into T_TERMINALINFO (TERMINAL_ID,TTYPE_ID,SIM_ID,TERMINAL_CODE,ORG_CODE,IS_VIDEO_TERMINAL,SP_SERVER_NAME,PROTOCOL_TYPE,CHANNELS,YT_PROTOCOL_TYPE) values(241972, 4, 25972, '1005971', 'B0000803',1,'1076测试服务器','4',8,'0');
insert into V_VEHICLEINFO (ORG_CODE,VEHICLE_ID,ID_NUMBER,TYPE_ID,TERMINAL_ID,DELETE_FLAG,COLOR_ID_NUMBER_ID,AUTHORIZED_PAY_MASS) values ('B0000803','2401972', '测B05971', 4, 241972, 0, '2',15);

insert into T_SIMINFO (SIM_ID, ORG_CODE, DEPTCODE, STATE,PAY_MODLE, SIM_NUM) values(25973, 'B0000803', '中国移动', 1, '预付费', 13100005972);
insert into T_TERMINALINFO (TERMINAL_ID,TTYPE_ID,SIM_ID,TERMINAL_CODE,ORG_CODE,IS_VIDEO_TERMINAL,SP_SERVER_NAME,PROTOCOL_TYPE,CHANNELS,YT_PROTOCOL_TYPE) values(241973, 4, 25973, '1005972', 'B0000803',1,'1076测试服务器','4',8,'0');
insert into V_VEHICLEINFO (ORG_CODE,VEHICLE_ID,ID_NUMBER,TYPE_ID,TERMINAL_ID,DELETE_FLAG,COLOR_ID_NUMBER_ID,AUTHORIZED_PAY_MASS) values ('B0000803','2401973', '测B05972', 4, 241973, 0, '2',15);

insert into T_SIMINFO (SIM_ID, ORG_CODE, DEPTCODE, STATE,PAY_MODLE, SIM_NUM) values(25974, 'B0000803', '中国移动', 1, '预付费', 13100005973);
insert into T_TERMINALINFO (TERMINAL_ID,TTYPE_ID,SIM_ID,TERMINAL_CODE,ORG_CODE,IS_VIDEO_TERMINAL,SP_SERVER_NAME,PROTOCOL_TYPE,CHANNELS,YT_PROTOCOL_TYPE) values(241974, 4, 25974, '1005973', 'B0000803',1,'1076测试服务器','4',8,'0');
insert into V_VEHICLEINFO (ORG_CODE,VEHICLE_ID,ID_NUMBER,TYPE_ID,TERMINAL_ID,DELETE_FLAG,COLOR_ID_NUMBER_ID,AUTHORIZED_PAY_MASS) values ('B0000803','2401974', '测B05973', 4, 241974, 0, '2',15);

insert into T_SIMINFO (SIM_ID, ORG_CODE, DEPTCODE, STATE,PAY_MODLE, SIM_NUM) values(25975, 'B0000803', '中国移动', 1, '预付费', 13100005974);
insert into T_TERMINALINFO (TERMINAL_ID,TTYPE_ID,SIM_ID,TERMINAL_CODE,ORG_CODE,IS_VIDEO_TERMINAL,SP_SERVER_NAME,PROTOCOL_TYPE,CHANNELS,YT_PROTOCOL_TYPE) values(241975, 4, 25975, '1005974', 'B0000803',1,'1076测试服务器','4',8,'0');
insert into V_VEHICLEINFO (ORG_CODE,VEHICLE_ID,ID_NUMBER,TYPE_ID,TERMINAL_ID,DELETE_FLAG,COLOR_ID_NUMBER_ID,AUTHORIZED_PAY_MASS) values ('B0000803','2401975', '测B05974', 4, 241975, 0, '2',15);

insert into T_SIMINFO (SIM_ID, ORG_CODE, DEPTCODE, STATE,PAY_MODLE, SIM_NUM) values(25976, 'B0000803', '中国移动', 1, '预付费', 13100005975);
insert into T_TERMINALINFO (TERMINAL_ID,TTYPE_ID,SIM_ID,TERMINAL_CODE,ORG_CODE,IS_VIDEO_TERMINAL,SP_SERVER_NAME,PROTOCOL_TYPE,CHANNELS,YT_PROTOCOL_TYPE) values(241976, 4, 25976, '1005975', 'B0000803',1,'1076测试服务器','4',8,'0');
insert into V_VEHICLEINFO (ORG_CODE,VEHICLE_ID,ID_NUMBER,TYPE_ID,TERMINAL_ID,DELETE_FLAG,COLOR_ID_NUMBER_ID,AUTHORIZED_PAY_MASS) values ('B0000803','2401976', '测B05975', 4, 241976, 0, '2',15);

insert into T_SIMINFO (SIM_ID, ORG_CODE, DEPTCODE, STATE,PAY_MODLE, SIM_NUM) values(25977, 'B0000803', '中国移动', 1, '预付费', 13100005976);
insert into T_TERMINALINFO (TERMINAL_ID,TTYPE_ID,SIM_ID,TERMINAL_CODE,ORG_CODE,IS_VIDEO_TERMINAL,SP_SERVER_NAME,PROTOCOL_TYPE,CHANNELS,YT_PROTOCOL_TYPE) values(241977, 4, 25977, '1005976', 'B0000803',1,'1076测试服务器','4',8,'0');
insert into V_VEHICLEINFO (ORG_CODE,VEHICLE_ID,ID_NUMBER,TYPE_ID,TERMINAL_ID,DELETE_FLAG,COLOR_ID_NUMBER_ID,AUTHORIZED_PAY_MASS) values ('B0000803','2401977', '测B05976', 4, 241977, 0, '2',15);

insert into T_SIMINFO (SIM_ID, ORG_CODE, DEPTCODE, STATE,PAY_MODLE, SIM_NUM) values(25978, 'B0000803', '中国移动', 1, '预付费', 13100005977);
insert into T_TERMINALINFO (TERMINAL_ID,TTYPE_ID,SIM_ID,TERMINAL_CODE,ORG_CODE,IS_VIDEO_TERMINAL,SP_SERVER_NAME,PROTOCOL_TYPE,CHANNELS,YT_PROTOCOL_TYPE) values(241978, 4, 25978, '1005977', 'B0000803',1,'1076测试服务器','4',8,'0');
insert into V_VEHICLEINFO (ORG_CODE,VEHICLE_ID,ID_NUMBER,TYPE_ID,TERMINAL_ID,DELETE_FLAG,COLOR_ID_NUMBER_ID,AUTHORIZED_PAY_MASS) values ('B0000803','2401978', '测B05977', 4, 241978, 0, '2',15);

insert into T_SIMINFO (SIM_ID, ORG_CODE, DEPTCODE, STATE,PAY_MODLE, SIM_NUM) values(25979, 'B0000803', '中国移动', 1, '预付费', 13100005978);
insert into T_TERMINALINFO (TERMINAL_ID,TTYPE_ID,SIM_ID,TERMINAL_CODE,ORG_CODE,IS_VIDEO_TERMINAL,SP_SERVER_NAME,PROTOCOL_TYPE,CHANNELS,YT_PROTOCOL_TYPE) values(241979, 4, 25979, '1005978', 'B0000803',1,'1076测试服务器','4',8,'0');
insert into V_VEHICLEINFO (ORG_CODE,VEHICLE_ID,ID_NUMBER,TYPE_ID,TERMINAL_ID,DELETE_FLAG,COLOR_ID_NUMBER_ID,AUTHORIZED_PAY_MASS) values ('B0000803','2401979', '测B05978', 4, 241979, 0, '2',15);

insert into T_SIMINFO (SIM_ID, ORG_CODE, DEPTCODE, STATE,PAY_MODLE, SIM_NUM) values(25980, 'B0000803', '中国移动', 1, '预付费', 13100005979);
insert into T_TERMINALINFO (TERMINAL_ID,TTYPE_ID,SIM_ID,TERMINAL_CODE,ORG_CODE,IS_VIDEO_TERMINAL,SP_SERVER_NAME,PROTOCOL_TYPE,CHANNELS,YT_PROTOCOL_TYPE) values(241980, 4, 25980, '1005979', 'B0000803',1,'1076测试服务器','4',8,'0');
insert into V_VEHICLEINFO (ORG_CODE,VEHICLE_ID,ID_NUMBER,TYPE_ID,TERMINAL_ID,DELETE_FLAG,COLOR_ID_NUMBER_ID,AUTHORIZED_PAY_MASS) values ('B0000803','2401980', '测B05979', 4, 241980, 0, '2',15);

insert into T_SIMINFO (SIM_ID, ORG_CODE, DEPTCODE, STATE,PAY_MODLE, SIM_NUM) values(25981, 'B0000803', '中国移动', 1, '预付费', 13100005980);
insert into T_TERMINALINFO (TERMINAL_ID,TTYPE_ID,SIM_ID,TERMINAL_CODE,ORG_CODE,IS_VIDEO_TERMINAL,SP_SERVER_NAME,PROTOCOL_TYPE,CHANNELS,YT_PROTOCOL_TYPE) values(241981, 4, 25981, '1005980', 'B0000803',1,'1076测试服务器','4',8,'0');
insert into V_VEHICLEINFO (ORG_CODE,VEHICLE_ID,ID_NUMBER,TYPE_ID,TERMINAL_ID,DELETE_FLAG,COLOR_ID_NUMBER_ID,AUTHORIZED_PAY_MASS) values ('B0000803','2401981', '测B05980', 4, 241981, 0, '2',15);

insert into T_SIMINFO (SIM_ID, ORG_CODE, DEPTCODE, STATE,PAY_MODLE, SIM_NUM) values(25982, 'B0000803', '中国移动', 1, '预付费', 13100005981);
insert into T_TERMINALINFO (TERMINAL_ID,TTYPE_ID,SIM_ID,TERMINAL_CODE,ORG_CODE,IS_VIDEO_TERMINAL,SP_SERVER_NAME,PROTOCOL_TYPE,CHANNELS,YT_PROTOCOL_TYPE) values(241982, 4, 25982, '1005981', 'B0000803',1,'1076测试服务器','4',8,'0');
insert into V_VEHICLEINFO (ORG_CODE,VEHICLE_ID,ID_NUMBER,TYPE_ID,TERMINAL_ID,DELETE_FLAG,COLOR_ID_NUMBER_ID,AUTHORIZED_PAY_MASS) values ('B0000803','2401982', '测B05981', 4, 241982, 0, '2',15);

insert into T_SIMINFO (SIM_ID, ORG_CODE, DEPTCODE, STATE,PAY_MODLE, SIM_NUM) values(25983, 'B0000803', '中国移动', 1, '预付费', 13100005982);
insert into T_TERMINALINFO (TERMINAL_ID,TTYPE_ID,SIM_ID,TERMINAL_CODE,ORG_CODE,IS_VIDEO_TERMINAL,SP_SERVER_NAME,PROTOCOL_TYPE,CHANNELS,YT_PROTOCOL_TYPE) values(241983, 4, 25983, '1005982', 'B0000803',1,'1076测试服务器','4',8,'0');
insert into V_VEHICLEINFO (ORG_CODE,VEHICLE_ID,ID_NUMBER,TYPE_ID,TERMINAL_ID,DELETE_FLAG,COLOR_ID_NUMBER_ID,AUTHORIZED_PAY_MASS) values ('B0000803','2401983', '测B05982', 4, 241983, 0, '2',15);

insert into T_SIMINFO (SIM_ID, ORG_CODE, DEPTCODE, STATE,PAY_MODLE, SIM_NUM) values(25984, 'B0000803', '中国移动', 1, '预付费', 13100005983);
insert into T_TERMINALINFO (TERMINAL_ID,TTYPE_ID,SIM_ID,TERMINAL_CODE,ORG_CODE,IS_VIDEO_TERMINAL,SP_SERVER_NAME,PROTOCOL_TYPE,CHANNELS,YT_PROTOCOL_TYPE) values(241984, 4, 25984, '1005983', 'B0000803',1,'1076测试服务器','4',8,'0');
insert into V_VEHICLEINFO (ORG_CODE,VEHICLE_ID,ID_NUMBER,TYPE_ID,TERMINAL_ID,DELETE_FLAG,COLOR_ID_NUMBER_ID,AUTHORIZED_PAY_MASS) values ('B0000803','2401984', '测B05983', 4, 241984, 0, '2',15);

insert into T_SIMINFO (SIM_ID, ORG_CODE, DEPTCODE, STATE,PAY_MODLE, SIM_NUM) values(25985, 'B0000803', '中国移动', 1, '预付费', 13100005984);
insert into T_TERMINALINFO (TERMINAL_ID,TTYPE_ID,SIM_ID,TERMINAL_CODE,ORG_CODE,IS_VIDEO_TERMINAL,SP_SERVER_NAME,PROTOCOL_TYPE,CHANNELS,YT_PROTOCOL_TYPE) values(241985, 4, 25985, '1005984', 'B0000803',1,'1076测试服务器','4',8,'0');
insert into V_VEHICLEINFO (ORG_CODE,VEHICLE_ID,ID_NUMBER,TYPE_ID,TERMINAL_ID,DELETE_FLAG,COLOR_ID_NUMBER_ID,AUTHORIZED_PAY_MASS) values ('B0000803','2401985', '测B05984', 4, 241985, 0, '2',15);

insert into T_SIMINFO (SIM_ID, ORG_CODE, DEPTCODE, STATE,PAY_MODLE, SIM_NUM) values(25986, 'B0000803', '中国移动', 1, '预付费', 13100005985);
insert into T_TERMINALINFO (TERMINAL_ID,TTYPE_ID,SIM_ID,TERMINAL_CODE,ORG_CODE,IS_VIDEO_TERMINAL,SP_SERVER_NAME,PROTOCOL_TYPE,CHANNELS,YT_PROTOCOL_TYPE) values(241986, 4, 25986, '1005985', 'B0000803',1,'1076测试服务器','4',8,'0');
insert into V_VEHICLEINFO (ORG_CODE,VEHICLE_ID,ID_NUMBER,TYPE_ID,TERMINAL_ID,DELETE_FLAG,COLOR_ID_NUMBER_ID,AUTHORIZED_PAY_MASS) values ('B0000803','2401986', '测B05985', 4, 241986, 0, '2',15);

insert into T_SIMINFO (SIM_ID, ORG_CODE, DEPTCODE, STATE,PAY_MODLE, SIM_NUM) values(25987, 'B0000803', '中国移动', 1, '预付费', 13100005986);
insert into T_TERMINALINFO (TERMINAL_ID,TTYPE_ID,SIM_ID,TERMINAL_CODE,ORG_CODE,IS_VIDEO_TERMINAL,SP_SERVER_NAME,PROTOCOL_TYPE,CHANNELS,YT_PROTOCOL_TYPE) values(241987, 4, 25987, '1005986', 'B0000803',1,'1076测试服务器','4',8,'0');
insert into V_VEHICLEINFO (ORG_CODE,VEHICLE_ID,ID_NUMBER,TYPE_ID,TERMINAL_ID,DELETE_FLAG,COLOR_ID_NUMBER_ID,AUTHORIZED_PAY_MASS) values ('B0000803','2401987', '测B05986', 4, 241987, 0, '2',15);

insert into T_SIMINFO (SIM_ID, ORG_CODE, DEPTCODE, STATE,PAY_MODLE, SIM_NUM) values(25988, 'B0000803', '中国移动', 1, '预付费', 13100005987);
insert into T_TERMINALINFO (TERMINAL_ID,TTYPE_ID,SIM_ID,TERMINAL_CODE,ORG_CODE,IS_VIDEO_TERMINAL,SP_SERVER_NAME,PROTOCOL_TYPE,CHANNELS,YT_PROTOCOL_TYPE) values(241988, 4, 25988, '1005987', 'B0000803',1,'1076测试服务器','4',8,'0');
insert into V_VEHICLEINFO (ORG_CODE,VEHICLE_ID,ID_NUMBER,TYPE_ID,TERMINAL_ID,DELETE_FLAG,COLOR_ID_NUMBER_ID,AUTHORIZED_PAY_MASS) values ('B0000803','2401988', '测B05987', 4, 241988, 0, '2',15);

insert into T_SIMINFO (SIM_ID, ORG_CODE, DEPTCODE, STATE,PAY_MODLE, SIM_NUM) values(25989, 'B0000803', '中国移动', 1, '预付费', 13100005988);
insert into T_TERMINALINFO (TERMINAL_ID,TTYPE_ID,SIM_ID,TERMINAL_CODE,ORG_CODE,IS_VIDEO_TERMINAL,SP_SERVER_NAME,PROTOCOL_TYPE,CHANNELS,YT_PROTOCOL_TYPE) values(241989, 4, 25989, '1005988', 'B0000803',1,'1076测试服务器','4',8,'0');
insert into V_VEHICLEINFO (ORG_CODE,VEHICLE_ID,ID_NUMBER,TYPE_ID,TERMINAL_ID,DELETE_FLAG,COLOR_ID_NUMBER_ID,AUTHORIZED_PAY_MASS) values ('B0000803','2401989', '测B05988', 4, 241989, 0, '2',15);

insert into T_SIMINFO (SIM_ID, ORG_CODE, DEPTCODE, STATE,PAY_MODLE, SIM_NUM) values(25990, 'B0000803', '中国移动', 1, '预付费', 13100005989);
insert into T_TERMINALINFO (TERMINAL_ID,TTYPE_ID,SIM_ID,TERMINAL_CODE,ORG_CODE,IS_VIDEO_TERMINAL,SP_SERVER_NAME,PROTOCOL_TYPE,CHANNELS,YT_PROTOCOL_TYPE) values(241990, 4, 25990, '1005989', 'B0000803',1,'1076测试服务器','4',8,'0');
insert into V_VEHICLEINFO (ORG_CODE,VEHICLE_ID,ID_NUMBER,TYPE_ID,TERMINAL_ID,DELETE_FLAG,COLOR_ID_NUMBER_ID,AUTHORIZED_PAY_MASS) values ('B0000803','2401990', '测B05989', 4, 241990, 0, '2',15);

insert into T_SIMINFO (SIM_ID, ORG_CODE, DEPTCODE, STATE,PAY_MODLE, SIM_NUM) values(25991, 'B0000803', '中国移动', 1, '预付费', 13100005990);
insert into T_TERMINALINFO (TERMINAL_ID,TTYPE_ID,SIM_ID,TERMINAL_CODE,ORG_CODE,IS_VIDEO_TERMINAL,SP_SERVER_NAME,PROTOCOL_TYPE,CHANNELS,YT_PROTOCOL_TYPE) values(241991, 4, 25991, '1005990', 'B0000803',1,'1076测试服务器','4',8,'0');
insert into V_VEHICLEINFO (ORG_CODE,VEHICLE_ID,ID_NUMBER,TYPE_ID,TERMINAL_ID,DELETE_FLAG,COLOR_ID_NUMBER_ID,AUTHORIZED_PAY_MASS) values ('B0000803','2401991', '测B05990', 4, 241991, 0, '2',15);

insert into T_SIMINFO (SIM_ID, ORG_CODE, DEPTCODE, STATE,PAY_MODLE, SIM_NUM) values(25992, 'B0000803', '中国移动', 1, '预付费', 13100005991);
insert into T_TERMINALINFO (TERMINAL_ID,TTYPE_ID,SIM_ID,TERMINAL_CODE,ORG_CODE,IS_VIDEO_TERMINAL,SP_SERVER_NAME,PROTOCOL_TYPE,CHANNELS,YT_PROTOCOL_TYPE) values(241992, 4, 25992, '1005991', 'B0000803',1,'1076测试服务器','4',8,'0');
insert into V_VEHICLEINFO (ORG_CODE,VEHICLE_ID,ID_NUMBER,TYPE_ID,TERMINAL_ID,DELETE_FLAG,COLOR_ID_NUMBER_ID,AUTHORIZED_PAY_MASS) values ('B0000803','2401992', '测B05991', 4, 241992, 0, '2',15);

insert into T_SIMINFO (SIM_ID, ORG_CODE, DEPTCODE, STATE,PAY_MODLE, SIM_NUM) values(25993, 'B0000803', '中国移动', 1, '预付费', 13100005992);
insert into T_TERMINALINFO (TERMINAL_ID,TTYPE_ID,SIM_ID,TERMINAL_CODE,ORG_CODE,IS_VIDEO_TERMINAL,SP_SERVER_NAME,PROTOCOL_TYPE,CHANNELS,YT_PROTOCOL_TYPE) values(241993, 4, 25993, '1005992', 'B0000803',1,'1076测试服务器','4',8,'0');
insert into V_VEHICLEINFO (ORG_CODE,VEHICLE_ID,ID_NUMBER,TYPE_ID,TERMINAL_ID,DELETE_FLAG,COLOR_ID_NUMBER_ID,AUTHORIZED_PAY_MASS) values ('B0000803','2401993', '测B05992', 4, 241993, 0, '2',15);

insert into T_SIMINFO (SIM_ID, ORG_CODE, DEPTCODE, STATE,PAY_MODLE, SIM_NUM) values(25994, 'B0000803', '中国移动', 1, '预付费', 13100005993);
insert into T_TERMINALINFO (TERMINAL_ID,TTYPE_ID,SIM_ID,TERMINAL_CODE,ORG_CODE,IS_VIDEO_TERMINAL,SP_SERVER_NAME,PROTOCOL_TYPE,CHANNELS,YT_PROTOCOL_TYPE) values(241994, 4, 25994, '1005993', 'B0000803',1,'1076测试服务器','4',8,'0');
insert into V_VEHICLEINFO (ORG_CODE,VEHICLE_ID,ID_NUMBER,TYPE_ID,TERMINAL_ID,DELETE_FLAG,COLOR_ID_NUMBER_ID,AUTHORIZED_PAY_MASS) values ('B0000803','2401994', '测B05993', 4, 241994, 0, '2',15);

insert into T_SIMINFO (SIM_ID, ORG_CODE, DEPTCODE, STATE,PAY_MODLE, SIM_NUM) values(25995, 'B0000803', '中国移动', 1, '预付费', 13100005994);
insert into T_TERMINALINFO (TERMINAL_ID,TTYPE_ID,SIM_ID,TERMINAL_CODE,ORG_CODE,IS_VIDEO_TERMINAL,SP_SERVER_NAME,PROTOCOL_TYPE,CHANNELS,YT_PROTOCOL_TYPE) values(241995, 4, 25995, '1005994', 'B0000803',1,'1076测试服务器','4',8,'0');
insert into V_VEHICLEINFO (ORG_CODE,VEHICLE_ID,ID_NUMBER,TYPE_ID,TERMINAL_ID,DELETE_FLAG,COLOR_ID_NUMBER_ID,AUTHORIZED_PAY_MASS) values ('B0000803','2401995', '测B05994', 4, 241995, 0, '2',15);

insert into T_SIMINFO (SIM_ID, ORG_CODE, DEPTCODE, STATE,PAY_MODLE, SIM_NUM) values(25996, 'B0000803', '中国移动', 1, '预付费', 13100005995);
insert into T_TERMINALINFO (TERMINAL_ID,TTYPE_ID,SIM_ID,TERMINAL_CODE,ORG_CODE,IS_VIDEO_TERMINAL,SP_SERVER_NAME,PROTOCOL_TYPE,CHANNELS,YT_PROTOCOL_TYPE) values(241996, 4, 25996, '1005995', 'B0000803',1,'1076测试服务器','4',8,'0');
insert into V_VEHICLEINFO (ORG_CODE,VEHICLE_ID,ID_NUMBER,TYPE_ID,TERMINAL_ID,DELETE_FLAG,COLOR_ID_NUMBER_ID,AUTHORIZED_PAY_MASS) values ('B0000803','2401996', '测B05995', 4, 241996, 0, '2',15);

insert into T_SIMINFO (SIM_ID, ORG_CODE, DEPTCODE, STATE,PAY_MODLE, SIM_NUM) values(25997, 'B0000803', '中国移动', 1, '预付费', 13100005996);
insert into T_TERMINALINFO (TERMINAL_ID,TTYPE_ID,SIM_ID,TERMINAL_CODE,ORG_CODE,IS_VIDEO_TERMINAL,SP_SERVER_NAME,PROTOCOL_TYPE,CHANNELS,YT_PROTOCOL_TYPE) values(241997, 4, 25997, '1005996', 'B0000803',1,'1076测试服务器','4',8,'0');
insert into V_VEHICLEINFO (ORG_CODE,VEHICLE_ID,ID_NUMBER,TYPE_ID,TERMINAL_ID,DELETE_FLAG,COLOR_ID_NUMBER_ID,AUTHORIZED_PAY_MASS) values ('B0000803','2401997', '测B05996', 4, 241997, 0, '2',15);

insert into T_SIMINFO (SIM_ID, ORG_CODE, DEPTCODE, STATE,PAY_MODLE, SIM_NUM) values(25998, 'B0000803', '中国移动', 1, '预付费', 13100005997);
insert into T_TERMINALINFO (TERMINAL_ID,TTYPE_ID,SIM_ID,TERMINAL_CODE,ORG_CODE,IS_VIDEO_TERMINAL,SP_SERVER_NAME,PROTOCOL_TYPE,CHANNELS,YT_PROTOCOL_TYPE) values(241998, 4, 25998, '1005997', 'B0000803',1,'1076测试服务器','4',8,'0');
insert into V_VEHICLEINFO (ORG_CODE,VEHICLE_ID,ID_NUMBER,TYPE_ID,TERMINAL_ID,DELETE_FLAG,COLOR_ID_NUMBER_ID,AUTHORIZED_PAY_MASS) values ('B0000803','2401998', '测B05997', 4, 241998, 0, '2',15);

insert into T_SIMINFO (SIM_ID, ORG_CODE, DEPTCODE, STATE,PAY_MODLE, SIM_NUM) values(25999, 'B0000803', '中国移动', 1, '预付费', 13100005998);
insert into T_TERMINALINFO (TERMINAL_ID,TTYPE_ID,SIM_ID,TERMINAL_CODE,ORG_CODE,IS_VIDEO_TERMINAL,SP_SERVER_NAME,PROTOCOL_TYPE,CHANNELS,YT_PROTOCOL_TYPE) values(241999, 4, 25999, '1005998', 'B0000803',1,'1076测试服务器','4',8,'0');
insert into V_VEHICLEINFO (ORG_CODE,VEHICLE_ID,ID_NUMBER,TYPE_ID,TERMINAL_ID,DELETE_FLAG,COLOR_ID_NUMBER_ID,AUTHORIZED_PAY_MASS) values ('B0000803','2401999', '测B05998', 4, 241999, 0, '2',15);

insert into T_SIMINFO (SIM_ID, ORG_CODE, DEPTCODE, STATE,PAY_MODLE, SIM_NUM) values(26000, 'B0000803', '中国移动', 1, '预付费', 13100005999);
insert into T_TERMINALINFO (TERMINAL_ID,TTYPE_ID,SIM_ID,TERMINAL_CODE,ORG_CODE,IS_VIDEO_TERMINAL,SP_SERVER_NAME,PROTOCOL_TYPE,CHANNELS,YT_PROTOCOL_TYPE) values(242000, 4, 26000, '1005999', 'B0000803',1,'1076测试服务器','4',8,'0');
insert into V_VEHICLEINFO (ORG_CODE,VEHICLE_ID,ID_NUMBER,TYPE_ID,TERMINAL_ID,DELETE_FLAG,COLOR_ID_NUMBER_ID,AUTHORIZED_PAY_MASS) values ('B0000803','2402000', '测B05999', 4, 242000, 0, '2',15);

